tracker_name,dataset_name,stage,run_id,conf,iou,HOTA (%),MOTA (%),IDF1 (%),ID Switches,MostlyTracked,MostlyLost,FPS,Latency mean (ms),Latency 95 (ms),Peak VRAM (MB),det_thresh,max_age,min_hits,iou_threshold,Latency p95 (ms)
ocsort,avenue,1,"conf:0.2,iou:0.5",0.2,0.5,51.38,76.11,61.33,18.0,44.0,11.0,62.4,16.03,17.75,157.3,,,,,
ocsort,avenue,1,"conf:0.2,iou:0.6",0.2,0.6,51.38,76.11,61.33,18.0,44.0,11.0,67.7,14.77,18.3,234.4,,,,,
ocsort,avenue,1,"conf:0.2,iou:0.7",0.2,0.7,53.76,76.12,65.16,17.0,44.0,11.0,72.5,13.8,18.32,286.8,,,,,
ocsort,avenue,1,"conf:0.3,iou:0.5",0.3,0.5,51.38,76.11,61.33,18.0,44.0,11.0,87.0,11.49,17.75,364.7,,,,,
ocsort,avenue,1,"conf:0.3,iou:0.6",0.3,0.6,51.38,76.11,61.33,18.0,44.0,11.0,92.3,10.83,17.9,433.8,,,,,
ocsort,avenue,1,"conf:0.3,iou:0.7",0.3,0.7,53.76,76.12,65.16,17.0,44.0,11.0,90.0,11.11,17.76,473.3,,,,,
ocsort,avenue,1,"conf:0.4,iou:0.5",0.4,0.5,51.38,76.11,61.33,18.0,44.0,11.0,89.8,11.14,18.12,158.7,,,,,
ocsort,avenue,1,"conf:0.4,iou:0.6",0.4,0.6,51.38,76.11,61.33,18.0,44.0,11.0,85.7,11.67,18.02,237.1,,,,,
ocsort,avenue,1,"conf:0.4,iou:0.7",0.4,0.7,53.76,76.12,65.16,17.0,44.0,11.0,90.4,11.06,17.81,292.4,,,,,
ocsort,UCSD,1,"conf:0.2,iou:0.5",0.2,0.5,37.878,36.138,51.45,4.0,6.167,18.833,83.2,12.09,18.62,630.4,,,,,
ocsort,UCSD,1,"conf:0.2,iou:0.6",0.2,0.6,37.878,36.138,51.45,4.0,6.167,18.833,73.8,13.8,19.16,542.6,,,,,
ocsort,UCSD,1,"conf:0.2,iou:0.7",0.2,0.7,37.878,36.138,51.45,4.0,6.167,18.833,76.9,13.19,18.8,694.8,,,,,
ocsort,UCSD,1,"conf:0.3,iou:0.5",0.3,0.5,37.878,36.138,51.45,4.0,6.167,18.833,68.2,14.91,19.05,715.7,,,,,
ocsort,UCSD,1,"conf:0.3,iou:0.6",0.3,0.6,37.878,36.138,51.45,4.0,6.167,18.833,78.7,12.94,18.97,512.5,,,,,
ocsort,UCSD,1,"conf:0.3,iou:0.7",0.3,0.7,37.878,36.138,51.45,4.0,6.167,18.833,72.2,14.12,19.16,736.2,,,,,
ocsort,UCSD,1,"conf:0.4,iou:0.5",0.4,0.5,37.878,36.138,51.45,4.0,6.167,18.833,66.1,15.14,19.5,697.7,,,,,
ocsort,UCSD,1,"conf:0.4,iou:0.6",0.4,0.6,37.878,36.138,51.45,4.0,6.167,18.833,64.9,15.45,19.77,472.5,,,,,
ocsort,UCSD,1,"conf:0.4,iou:0.7",0.4,0.7,37.878,36.138,51.45,4.0,6.167,18.833,68.4,14.64,19.74,715.6,,,,,
ocsort,shanghai,1,"conf:0.2,iou:0.5",0.2,0.5,56.97,65.927,78.02,3.333,6.333,6.0,66.4,15.08,18.94,459.9,,,,,
ocsort,shanghai,1,"conf:0.2,iou:0.6",0.2,0.6,56.967,65.917,78.013,3.333,6.333,6.0,65.4,15.33,18.53,592.9,,,,,
ocsort,shanghai,1,"conf:0.2,iou:0.7",0.2,0.7,56.97,65.963,78.043,3.333,6.333,6.0,79.5,12.78,18.22,662.1,,,,,
ocsort,shanghai,1,"conf:0.3,iou:0.5",0.3,0.5,56.97,65.927,78.02,3.333,6.333,6.0,78.7,12.96,18.09,468.3,,,,,
ocsort,shanghai,1,"conf:0.3,iou:0.6",0.3,0.6,56.967,65.917,78.013,3.333,6.333,6.0,80.8,12.79,17.67,636.8,,,,,
ocsort,shanghai,1,"conf:0.3,iou:0.7",0.3,0.7,56.97,65.963,78.043,3.333,6.333,6.0,89.2,11.58,17.19,312.6,,,,,
ocsort,shanghai,1,"conf:0.4,iou:0.5",0.4,0.5,56.97,65.927,78.02,3.333,6.333,6.0,76.4,13.23,17.77,481.2,,,,,
ocsort,shanghai,1,"conf:0.4,iou:0.6",0.4,0.6,56.967,65.917,78.013,3.333,6.333,6.0,77.9,12.9,18.12,704.2,,,,,
ocsort,shanghai,1,"conf:0.4,iou:0.7",0.4,0.7,56.97,65.963,78.043,3.333,6.333,6.0,83.8,12.29,17.95,312.8,,,,,
ocsort,gmot,1,"conf:0.2,iou:0.5",0.2,0.5,14.294,14.98,18.715,19.875,3.0,35.75,70.3,14.91,19.42,673.9,,,,,
ocsort,gmot,1,"conf:0.2,iou:0.6",0.2,0.6,14.235,15.046,18.704,19.875,3.25,35.75,71.5,14.25,19.01,639.2,,,,,
ocsort,gmot,1,"conf:0.2,iou:0.7",0.2,0.7,14.079,14.864,18.407,22.0,3.25,35.75,68.1,15.15,19.56,648.0,,,,,
ocsort,gmot,1,"conf:0.3,iou:0.5",0.3,0.5,14.294,14.98,18.715,19.875,3.0,35.75,66.9,15.09,19.49,616.2,,,,,
ocsort,gmot,1,"conf:0.3,iou:0.6",0.3,0.6,14.235,15.046,18.704,19.875,3.25,35.75,65.7,15.65,19.87,690.8,,,,,
ocsort,gmot,1,"conf:0.3,iou:0.7",0.3,0.7,14.079,14.864,18.407,22.0,3.25,35.75,63.3,16.06,19.7,679.5,,,,,
ocsort,gmot,1,"conf:0.4,iou:0.5",0.4,0.5,14.294,14.98,18.715,19.875,3.0,35.75,63.8,16.03,19.47,591.7,,,,,
ocsort,gmot,1,"conf:0.4,iou:0.6",0.4,0.6,14.235,15.046,18.704,19.875,3.25,35.75,64.5,15.69,19.1,628.6,,,,,
ocsort,gmot,1,"conf:0.4,iou:0.7",0.4,0.7,14.079,14.864,18.407,22.0,3.25,35.75,65.7,15.55,19.22,741.2,,,,,
ocsort,avenue,2,det_thresh0.3_max_age20_min_hits1_iou_threshold0.2,0.2,0.7,49.48,76.29,60.46,43.0,55.0,7.0,69.2,14.44,,439.6,0.3,20.0,1.0,0.2,17.49
ocsort,avenue,2,det_thresh0.3_max_age20_min_hits1_iou_threshold0.3,0.2,0.7,50.84,76.34,63.48,37.0,54.0,7.0,68.8,14.53,,487.5,0.3,20.0,1.0,0.3,17.59
ocsort,avenue,2,det_thresh0.3_max_age20_min_hits1_iou_threshold0.4,0.2,0.7,52.02,76.22,65.36,44.0,54.0,7.0,68.9,14.5,,564.7,0.3,20.0,1.0,0.4,17.62
ocsort,avenue,2,det_thresh0.3_max_age20_min_hits1_iou_threshold0.5,0.2,0.7,51.99,76.4,64.93,34.0,54.0,7.0,70.7,14.15,,158.6,0.3,20.0,1.0,0.5,17.49
ocsort,avenue,2,det_thresh0.3_max_age20_min_hits1_iou_threshold0.6,0.2,0.7,58.47,76.43,74.65,27.0,54.0,7.0,70.1,14.27,,236.4,0.3,20.0,1.0,0.6,17.52
ocsort,avenue,2,det_thresh0.3_max_age20_min_hits1_iou_threshold0.7,0.2,0.7,60.59,76.23,78.83,30.0,54.0,7.0,70.5,14.18,,275.4,0.3,20.0,1.0,0.7,17.58
ocsort,avenue,2,det_thresh0.3_max_age20_min_hits3_iou_threshold0.2,0.2,0.7,49.18,75.18,60.24,26.0,48.0,7.0,73.1,13.68,,351.2,0.3,20.0,3.0,0.2,17.7
ocsort,avenue,2,det_thresh0.3_max_age20_min_hits3_iou_threshold0.3,0.2,0.7,50.47,75.3,63.13,26.0,48.0,7.0,92.8,10.78,,399.8,0.3,20.0,3.0,0.3,17.14
ocsort,avenue,2,det_thresh0.3_max_age20_min_hits3_iou_threshold0.4,0.2,0.7,51.55,75.13,64.87,24.0,48.0,7.0,93.0,10.76,,476.7,0.3,20.0,3.0,0.4,17.28
ocsort,avenue,2,det_thresh0.3_max_age20_min_hits3_iou_threshold0.5,0.2,0.7,51.5,75.46,64.44,13.0,47.0,7.0,83.0,12.04,,533.1,0.3,20.0,3.0,0.5,17.53
ocsort,avenue,2,det_thresh0.3_max_age20_min_hits3_iou_threshold0.6,0.2,0.7,58.0,75.63,74.25,11.0,46.0,7.0,83.4,11.99,,158.6,0.3,20.0,3.0,0.6,16.96
ocsort,avenue,2,det_thresh0.3_max_age20_min_hits3_iou_threshold0.7,0.2,0.7,60.01,75.24,78.6,20.0,42.0,7.0,84.3,11.87,,236.4,0.3,20.0,3.0,0.7,17.61
ocsort,avenue,2,det_thresh0.3_max_age30_min_hits1_iou_threshold0.2,0.2,0.7,48.33,76.01,59.29,61.0,54.0,7.0,87.5,11.43,,305.2,0.3,30.0,1.0,0.2,17.15
ocsort,avenue,2,det_thresh0.3_max_age30_min_hits1_iou_threshold0.3,0.2,0.7,50.38,75.95,62.42,64.0,53.0,7.0,79.7,12.55,,345.4,0.3,30.0,1.0,0.3,17.62
ocsort,avenue,2,det_thresh0.3_max_age30_min_hits1_iou_threshold0.4,0.2,0.7,49.67,75.85,60.59,71.0,53.0,7.0,87.3,11.46,,421.7,0.3,30.0,1.0,0.4,16.74
ocsort,avenue,2,det_thresh0.3_max_age30_min_hits1_iou_threshold0.5,0.2,0.7,50.76,76.3,62.69,39.0,55.0,7.0,83.5,11.98,,158.6,0.3,30.0,1.0,0.5,17.16
ocsort,avenue,2,det_thresh0.3_max_age30_min_hits1_iou_threshold0.6,0.2,0.7,53.78,75.94,68.04,49.0,53.0,7.0,90.4,11.06,,236.4,0.3,30.0,1.0,0.6,16.89
ocsort,avenue,2,det_thresh0.3_max_age30_min_hits1_iou_threshold0.7,0.2,0.7,58.02,75.41,73.4,46.0,51.0,7.0,77.5,12.9,,284.3,0.3,30.0,1.0,0.7,17.85
ocsort,avenue,2,det_thresh0.3_max_age30_min_hits3_iou_threshold0.2,0.2,0.7,48.04,74.77,59.1,31.0,48.0,7.0,87.8,11.39,,361.4,0.3,30.0,3.0,0.2,16.92
ocsort,avenue,2,det_thresh0.3_max_age30_min_hits3_iou_threshold0.3,0.2,0.7,50.01,74.67,62.2,33.0,47.0,7.0,74.5,13.42,,416.9,0.3,30.0,3.0,0.3,17.48
ocsort,avenue,2,det_thresh0.3_max_age30_min_hits3_iou_threshold0.4,0.2,0.7,49.15,74.38,60.09,35.0,48.0,7.0,91.4,10.94,,494.7,0.3,30.0,3.0,0.4,17.03
ocsort,avenue,2,det_thresh0.3_max_age30_min_hits3_iou_threshold0.5,0.2,0.7,50.42,75.37,62.38,17.0,47.0,7.0,75.9,13.18,,568.0,0.3,30.0,3.0,0.5,17.28
ocsort,avenue,2,det_thresh0.3_max_age30_min_hits3_iou_threshold0.6,0.2,0.7,53.2,74.88,67.64,18.0,46.0,7.0,88.2,11.33,,158.6,0.3,30.0,3.0,0.6,16.96
ocsort,avenue,2,det_thresh0.3_max_age30_min_hits3_iou_threshold0.7,0.2,0.7,57.36,74.17,73.01,27.0,39.0,9.0,77.0,12.98,,230.4,0.3,30.0,3.0,0.7,17.24
ocsort,avenue,2,det_thresh0.3_max_age40_min_hits1_iou_threshold0.2,0.2,0.7,48.51,75.95,57.97,63.0,54.0,7.0,85.9,11.64,,306.3,0.3,40.0,1.0,0.2,17.29
ocsort,avenue,2,det_thresh0.3_max_age40_min_hits1_iou_threshold0.3,0.2,0.7,49.21,75.76,60.22,76.0,55.0,7.0,78.4,12.75,,358.6,0.3,40.0,1.0,0.3,17.32
ocsort,avenue,2,det_thresh0.3_max_age40_min_hits1_iou_threshold0.4,0.2,0.7,50.01,75.85,60.94,69.0,53.0,7.0,88.9,11.25,,435.8,0.3,40.0,1.0,0.4,17.21
ocsort,avenue,2,det_thresh0.3_max_age40_min_hits1_iou_threshold0.5,0.2,0.7,50.55,76.26,62.3,39.0,55.0,7.0,77.6,12.89,,504.9,0.3,40.0,1.0,0.5,17.16
ocsort,avenue,2,det_thresh0.3_max_age40_min_hits1_iou_threshold0.6,0.2,0.7,53.03,75.77,67.29,58.0,54.0,7.0,82.7,12.09,,158.6,0.3,40.0,1.0,0.6,17.68
ocsort,avenue,2,det_thresh0.3_max_age40_min_hits1_iou_threshold0.7,0.2,0.7,53.93,75.1,67.26,50.0,51.0,7.0,80.5,12.42,,235.6,0.3,40.0,1.0,0.7,17.56
ocsort,avenue,2,det_thresh0.3_max_age40_min_hits3_iou_threshold0.2,0.2,0.7,48.24,74.65,58.02,35.0,48.0,7.0,78.4,12.75,,312.0,0.3,40.0,3.0,0.2,17.51
ocsort,avenue,2,det_thresh0.3_max_age40_min_hits3_iou_threshold0.3,0.2,0.7,48.89,74.28,59.95,38.0,47.0,7.0,84.1,11.89,,385.5,0.3,40.0,3.0,0.3,17.18
ocsort,avenue,2,det_thresh0.3_max_age40_min_hits3_iou_threshold0.4,0.2,0.7,49.49,74.4,60.51,34.0,48.0,7.0,76.6,13.05,,430.6,0.3,40.0,3.0,0.4,17.34
ocsort,avenue,2,det_thresh0.3_max_age40_min_hits3_iou_threshold0.5,0.2,0.7,50.19,75.32,62.04,16.0,47.0,7.0,79.3,12.62,,507.2,0.3,40.0,3.0,0.5,17.3
ocsort,avenue,2,det_thresh0.3_max_age40_min_hits3_iou_threshold0.6,0.2,0.7,52.48,74.7,66.86,19.0,46.0,7.0,86.7,11.53,,158.6,0.3,40.0,3.0,0.6,17.06
ocsort,avenue,2,det_thresh0.3_max_age40_min_hits3_iou_threshold0.7,0.2,0.7,53.32,73.86,66.82,28.0,38.0,10.0,77.1,12.97,,236.4,0.3,40.0,3.0,0.7,17.48
ocsort,avenue,2,det_thresh0.3_max_age50_min_hits1_iou_threshold0.2,0.2,0.7,47.03,75.7,57.32,78.0,54.0,7.0,80.8,12.38,,291.0,0.3,50.0,1.0,0.2,17.44
ocsort,avenue,2,det_thresh0.3_max_age50_min_hits1_iou_threshold0.3,0.2,0.7,48.53,75.72,59.03,76.0,55.0,7.0,79.5,12.58,,368.3,0.3,50.0,1.0,0.3,17.52
ocsort,avenue,2,det_thresh0.3_max_age50_min_hits1_iou_threshold0.4,0.2,0.7,49.16,75.99,59.65,60.0,56.0,7.0,78.0,12.83,,441.5,0.3,50.0,1.0,0.4,17.25
ocsort,avenue,2,det_thresh0.3_max_age50_min_hits1_iou_threshold0.5,0.2,0.7,49.87,75.63,60.27,77.0,54.0,7.0,79.1,12.64,,485.7,0.3,50.0,1.0,0.5,17.69
ocsort,avenue,2,det_thresh0.3_max_age50_min_hits1_iou_threshold0.6,0.2,0.7,51.64,75.37,64.52,64.0,54.0,7.0,82.5,12.13,,562.1,0.3,50.0,1.0,0.6,17.14
ocsort,avenue,2,det_thresh0.3_max_age50_min_hits1_iou_threshold0.7,0.2,0.7,53.63,75.02,66.69,52.0,51.0,8.0,74.6,13.41,,158.6,0.3,50.0,1.0,0.7,17.59
ocsort,avenue,2,det_thresh0.3_max_age50_min_hits3_iou_threshold0.2,0.2,0.7,46.68,74.21,57.4,42.0,48.0,7.0,80.9,12.35,,235.6,0.3,50.0,3.0,0.2,17.21
ocsort,avenue,2,det_thresh0.3_max_age50_min_hits3_iou_threshold0.3,0.2,0.7,48.22,74.35,58.92,39.0,46.0,7.0,81.4,12.29,,312.0,0.3,50.0,3.0,0.3,17.22
ocsort,avenue,2,det_thresh0.3_max_age50_min_hits3_iou_threshold0.4,0.2,0.7,48.78,74.71,59.36,32.0,48.0,7.0,78.1,12.8,,385.5,0.3,50.0,3.0,0.4,17.47
ocsort,avenue,2,det_thresh0.3_max_age50_min_hits3_iou_threshold0.5,0.2,0.7,49.48,74.36,59.94,25.0,47.0,7.0,85.6,11.68,,430.6,0.3,50.0,3.0,0.5,17.06
ocsort,avenue,2,det_thresh0.3_max_age50_min_hits3_iou_threshold0.6,0.2,0.7,51.15,74.14,64.33,29.0,45.0,8.0,79.0,12.66,,507.2,0.3,50.0,3.0,0.6,17.58
ocsort,avenue,2,det_thresh0.3_max_age50_min_hits3_iou_threshold0.7,0.2,0.7,53.08,73.93,66.35,28.0,38.0,9.0,80.3,12.45,,158.6,0.3,50.0,3.0,0.7,17.41
ocsort,avenue,2,det_thresh0.3_max_age70_min_hits1_iou_threshold0.2,0.2,0.7,45.65,75.13,55.14,113.0,56.0,7.0,79.6,12.56,,236.4,0.3,70.0,1.0,0.2,17.78
ocsort,avenue,2,det_thresh0.3_max_age70_min_hits1_iou_threshold0.3,0.2,0.7,42.52,74.96,48.13,128.0,55.0,7.0,79.4,12.6,,291.0,0.3,70.0,1.0,0.3,17.26
ocsort,avenue,2,det_thresh0.3_max_age70_min_hits1_iou_threshold0.4,0.2,0.7,44.09,75.35,51.2,102.0,56.0,7.0,73.4,13.63,,368.3,0.3,70.0,1.0,0.4,18.14
ocsort,avenue,2,det_thresh0.3_max_age70_min_hits1_iou_threshold0.5,0.2,0.7,48.16,75.92,59.49,55.0,54.0,7.0,83.7,11.94,,441.5,0.3,70.0,1.0,0.5,17.64
ocsort,avenue,2,det_thresh0.3_max_age70_min_hits1_iou_threshold0.6,0.2,0.7,50.67,75.37,63.3,68.0,55.0,7.0,80.3,12.45,,485.7,0.3,70.0,1.0,0.6,17.73
ocsort,avenue,2,det_thresh0.3_max_age70_min_hits1_iou_threshold0.7,0.2,0.7,52.89,74.96,65.16,51.0,51.0,8.0,76.8,13.02,,562.1,0.3,70.0,1.0,0.7,18.0
ocsort,avenue,2,det_thresh0.3_max_age70_min_hits3_iou_threshold0.2,0.2,0.7,45.33,73.33,55.32,52.0,48.0,7.0,82.6,12.11,,158.6,0.3,70.0,3.0,0.2,17.56
ocsort,avenue,2,det_thresh0.3_max_age70_min_hits3_iou_threshold0.3,0.2,0.7,42.06,73.04,47.5,51.0,47.0,7.0,80.3,12.45,,235.6,0.3,70.0,3.0,0.3,17.28
ocsort,avenue,2,det_thresh0.3_max_age70_min_hits3_iou_threshold0.4,0.2,0.7,43.5,73.62,50.86,42.0,48.0,7.0,77.2,12.96,,312.0,0.3,70.0,3.0,0.4,17.65
ocsort,avenue,2,det_thresh0.3_max_age70_min_hits3_iou_threshold0.5,0.2,0.7,47.79,74.81,59.22,24.0,47.0,7.0,78.9,12.68,,385.5,0.3,70.0,3.0,0.5,17.7
ocsort,avenue,2,det_thresh0.3_max_age70_min_hits3_iou_threshold0.6,0.2,0.7,50.24,74.11,63.17,31.0,44.0,8.0,79.6,12.56,,430.6,0.3,70.0,3.0,0.6,17.26
ocsort,avenue,2,det_thresh0.3_max_age70_min_hits3_iou_threshold0.7,0.2,0.7,52.42,74.01,64.93,28.0,39.0,9.0,77.4,12.92,,507.2,0.3,70.0,3.0,0.7,17.32
ocsort,avenue,2,det_thresh0.3_max_age100_min_hits1_iou_threshold0.2,0.2,0.7,43.87,74.15,52.84,177.0,57.0,7.0,78.6,12.72,,158.6,0.3,100.0,1.0,0.2,17.63
ocsort,avenue,2,det_thresh0.3_max_age100_min_hits1_iou_threshold0.3,0.2,0.7,41.41,73.83,49.5,204.0,55.0,7.0,74.5,13.43,,236.4,0.3,100.0,1.0,0.3,18.33
ocsort,avenue,2,det_thresh0.3_max_age100_min_hits1_iou_threshold0.4,0.2,0.7,44.0,75.39,50.58,95.0,55.0,7.0,85.2,11.73,,291.0,0.3,100.0,1.0,0.4,17.48
ocsort,avenue,2,det_thresh0.3_max_age100_min_hits1_iou_threshold0.5,0.2,0.7,48.89,75.9,59.58,53.0,55.0,7.0,78.3,12.77,,368.3,0.3,100.0,1.0,0.5,17.5
ocsort,avenue,2,det_thresh0.3_max_age100_min_hits1_iou_threshold0.6,0.2,0.7,50.41,75.1,62.79,76.0,55.0,7.0,75.1,13.31,,441.5,0.3,100.0,1.0,0.6,17.88
ocsort,avenue,2,det_thresh0.3_max_age100_min_hits1_iou_threshold0.7,0.2,0.7,52.69,74.93,64.89,50.0,53.0,8.0,83.0,12.04,,485.7,0.3,100.0,1.0,0.7,17.45
ocsort,avenue,2,det_thresh0.3_max_age100_min_hits3_iou_threshold0.2,0.2,0.7,43.0,71.79,52.56,72.0,47.0,7.0,77.3,12.94,,562.1,0.3,100.0,3.0,0.2,17.52
ocsort,avenue,2,det_thresh0.3_max_age100_min_hits3_iou_threshold0.3,0.2,0.7,40.73,71.21,49.3,64.0,45.0,7.0,77.3,12.94,,158.6,0.3,100.0,3.0,0.3,18.1
ocsort,avenue,2,det_thresh0.3_max_age100_min_hits3_iou_threshold0.4,0.2,0.7,43.57,73.66,50.42,42.0,47.0,7.0,83.7,11.95,,235.6,0.3,100.0,3.0,0.4,17.34
ocsort,avenue,2,det_thresh0.3_max_age100_min_hits3_iou_threshold0.5,0.2,0.7,48.62,74.85,59.46,26.0,47.0,7.0,77.6,12.89,,312.0,0.3,100.0,3.0,0.5,17.22
ocsort,avenue,2,det_thresh0.3_max_age100_min_hits3_iou_threshold0.6,0.2,0.7,49.95,73.75,62.67,34.0,44.0,8.0,78.4,12.75,,385.5,0.3,100.0,3.0,0.6,18.05
ocsort,avenue,2,det_thresh0.3_max_age100_min_hits3_iou_threshold0.7,0.2,0.7,52.22,74.05,64.63,28.0,39.0,9.0,86.0,11.63,,430.6,0.3,100.0,3.0,0.7,17.45
ocsort,avenue,2,det_thresh0.4_max_age20_min_hits1_iou_threshold0.2,0.2,0.7,51.71,77.66,64.0,50.0,52.0,7.0,77.2,12.95,,507.2,0.4,20.0,1.0,0.2,16.98
ocsort,avenue,2,det_thresh0.4_max_age20_min_hits1_iou_threshold0.3,0.2,0.7,52.07,77.77,64.76,43.0,52.0,7.0,82.1,12.18,,158.6,0.4,20.0,1.0,0.3,16.99
ocsort,avenue,2,det_thresh0.4_max_age20_min_hits1_iou_threshold0.4,0.2,0.7,52.89,77.78,65.9,38.0,51.0,7.0,82.7,12.1,,236.4,0.4,20.0,1.0,0.4,16.82
ocsort,avenue,2,det_thresh0.4_max_age20_min_hits1_iou_threshold0.5,0.2,0.7,54.23,77.88,68.69,32.0,51.0,7.0,73.0,13.7,,291.0,0.4,20.0,1.0,0.5,17.22
ocsort,avenue,2,det_thresh0.4_max_age20_min_hits1_iou_threshold0.6,0.2,0.7,60.09,77.64,78.41,30.0,52.0,7.0,86.9,11.51,,368.3,0.4,20.0,1.0,0.6,16.72
ocsort,avenue,2,det_thresh0.4_max_age20_min_hits1_iou_threshold0.7,0.2,0.7,60.03,77.46,77.77,35.0,51.0,7.0,77.1,12.97,,441.5,0.4,20.0,1.0,0.7,16.85
ocsort,avenue,2,det_thresh0.4_max_age20_min_hits3_iou_threshold0.2,0.2,0.7,51.01,75.91,63.35,22.0,48.0,9.0,76.7,13.05,,485.7,0.4,20.0,3.0,0.2,17.17
ocsort,avenue,2,det_thresh0.4_max_age20_min_hits3_iou_threshold0.3,0.2,0.7,51.38,76.05,64.11,21.0,48.0,9.0,86.9,11.51,,562.1,0.4,20.0,3.0,0.3,17.07
ocsort,avenue,2,det_thresh0.4_max_age20_min_hits3_iou_threshold0.4,0.2,0.7,52.18,76.06,65.18,20.0,46.0,9.0,75.7,13.21,,158.6,0.4,20.0,3.0,0.4,17.26
ocsort,avenue,2,det_thresh0.4_max_age20_min_hits3_iou_threshold0.5,0.2,0.7,53.54,76.39,67.98,9.0,47.0,9.0,82.7,12.09,,235.6,0.4,20.0,3.0,0.5,17.05
ocsort,avenue,2,det_thresh0.4_max_age20_min_hits3_iou_threshold0.6,0.2,0.7,59.47,76.44,77.95,7.0,45.0,9.0,80.1,12.49,,312.0,0.4,20.0,3.0,0.6,17.18
ocsort,avenue,2,det_thresh0.4_max_age20_min_hits3_iou_threshold0.7,0.2,0.7,59.24,76.06,77.24,17.0,42.0,9.0,79.3,12.61,,385.5,0.4,20.0,3.0,0.7,16.96
ocsort,avenue,2,det_thresh0.4_max_age30_min_hits1_iou_threshold0.2,0.2,0.7,50.17,77.53,62.15,58.0,52.0,7.0,85.1,11.75,,430.6,0.4,30.0,1.0,0.2,16.84
ocsort,avenue,2,det_thresh0.4_max_age30_min_hits1_iou_threshold0.3,0.2,0.7,51.09,77.81,63.23,43.0,52.0,7.0,74.6,13.4,,507.2,0.4,30.0,1.0,0.3,17.16
ocsort,avenue,2,det_thresh0.4_max_age30_min_hits1_iou_threshold0.4,0.2,0.7,50.77,77.43,61.73,66.0,52.0,7.0,79.7,12.54,,158.6,0.4,30.0,1.0,0.4,17.51
ocsort,avenue,2,det_thresh0.4_max_age30_min_hits1_iou_threshold0.5,0.2,0.7,52.69,77.75,66.12,41.0,52.0,7.0,84.2,11.87,,236.4,0.4,30.0,1.0,0.5,17.19
ocsort,avenue,2,det_thresh0.4_max_age30_min_hits1_iou_threshold0.6,0.2,0.7,55.27,77.17,71.26,54.0,51.0,7.0,78.6,12.72,,291.0,0.4,30.0,1.0,0.6,17.12
ocsort,avenue,2,det_thresh0.4_max_age30_min_hits1_iou_threshold0.7,0.2,0.7,59.47,76.97,76.97,44.0,50.0,8.0,85.8,11.65,,368.3,0.4,30.0,1.0,0.7,16.94
ocsort,avenue,2,det_thresh0.4_max_age30_min_hits3_iou_threshold0.2,0.2,0.7,49.54,75.59,61.59,26.0,48.0,9.0,79.6,12.56,,441.5,0.4,30.0,3.0,0.2,17.0
ocsort,avenue,2,det_thresh0.4_max_age30_min_hits3_iou_threshold0.3,0.2,0.7,50.52,75.91,62.68,23.0,48.0,9.0,82.2,12.17,,485.7,0.4,30.0,3.0,0.3,17.15
ocsort,avenue,2,det_thresh0.4_max_age30_min_hits3_iou_threshold0.4,0.2,0.7,50.05,75.35,61.02,30.0,47.0,9.0,80.6,12.4,,562.1,0.4,30.0,3.0,0.4,17.21
ocsort,avenue,2,det_thresh0.4_max_age30_min_hits3_iou_threshold0.5,0.2,0.7,52.04,76.11,65.5,14.0,47.0,9.0,72.7,13.75,,158.6,0.4,30.0,3.0,0.5,17.25
ocsort,avenue,2,det_thresh0.4_max_age30_min_hits3_iou_threshold0.6,0.2,0.7,54.46,75.56,70.6,15.0,44.0,9.0,85.0,11.77,,235.6,0.4,30.0,3.0,0.6,16.88
ocsort,avenue,2,det_thresh0.4_max_age30_min_hits3_iou_threshold0.7,0.2,0.7,58.63,75.31,76.49,23.0,40.0,10.0,78.6,12.73,,312.0,0.4,30.0,3.0,0.7,16.91
ocsort,avenue,2,det_thresh0.4_max_age40_min_hits1_iou_threshold0.2,0.2,0.7,49.37,77.57,59.09,54.0,52.0,7.0,77.5,12.91,,385.5,0.4,40.0,1.0,0.2,17.38
ocsort,avenue,2,det_thresh0.4_max_age40_min_hits1_iou_threshold0.3,0.2,0.7,50.33,77.57,59.92,54.0,52.0,7.0,84.4,11.85,,430.6,0.4,40.0,1.0,0.3,17.02
ocsort,avenue,2,det_thresh0.4_max_age40_min_hits1_iou_threshold0.4,0.2,0.7,50.67,77.4,61.17,64.0,52.0,7.0,75.3,13.27,,507.2,0.4,40.0,1.0,0.4,17.29
ocsort,avenue,2,det_thresh0.4_max_age40_min_hits1_iou_threshold0.5,0.2,0.7,52.76,77.71,66.19,40.0,52.0,7.0,81.6,12.26,,158.6,0.4,40.0,1.0,0.5,17.2
ocsort,avenue,2,det_thresh0.4_max_age40_min_hits1_iou_threshold0.6,0.2,0.7,54.1,76.97,69.14,59.0,51.0,7.0,86.9,11.51,,236.4,0.4,40.0,1.0,0.6,17.04
ocsort,avenue,2,det_thresh0.4_max_age40_min_hits1_iou_threshold0.7,0.2,0.7,55.52,76.26,70.82,47.0,50.0,9.0,74.1,13.5,,291.0,0.4,40.0,1.0,0.7,17.7
ocsort,avenue,2,det_thresh0.4_max_age40_min_hits3_iou_threshold0.2,0.2,0.7,49.04,75.92,58.83,25.0,47.0,9.0,80.3,12.46,,368.3,0.4,40.0,3.0,0.2,17.3
ocsort,avenue,2,det_thresh0.4_max_age40_min_hits3_iou_threshold0.3,0.2,0.7,49.93,75.87,59.67,23.0,47.0,9.0,83.3,12.0,,441.5,0.4,40.0,3.0,0.3,16.8
ocsort,avenue,2,det_thresh0.4_max_age40_min_hits3_iou_threshold0.4,0.2,0.7,50.01,75.39,60.61,29.0,47.0,9.0,71.7,13.94,,485.7,0.4,40.0,3.0,0.4,17.59
ocsort,avenue,2,det_thresh0.4_max_age40_min_hits3_iou_threshold0.5,0.2,0.7,52.15,76.13,65.68,13.0,47.0,9.0,81.7,12.23,,562.1,0.4,40.0,3.0,0.5,17.08
ocsort,avenue,2,det_thresh0.4_max_age40_min_hits3_iou_threshold0.6,0.2,0.7,53.44,75.32,68.72,16.0,44.0,9.0,80.5,12.43,,158.6,0.4,40.0,3.0,0.6,16.95
ocsort,avenue,2,det_thresh0.4_max_age40_min_hits3_iou_threshold0.7,0.2,0.7,54.79,74.65,70.4,25.0,40.0,12.0,78.8,12.7,,235.6,0.4,40.0,3.0,0.7,17.24
ocsort,avenue,2,det_thresh0.4_max_age50_min_hits1_iou_threshold0.2,0.2,0.7,47.38,77.49,56.23,55.0,52.0,7.0,81.5,12.27,,312.0,0.4,50.0,1.0,0.2,17.61
ocsort,avenue,2,det_thresh0.4_max_age50_min_hits1_iou_threshold0.3,0.2,0.7,48.73,77.49,57.2,55.0,52.0,7.0,81.8,12.23,,385.5,0.4,50.0,1.0,0.3,17.04
ocsort,avenue,2,det_thresh0.4_max_age50_min_hits1_iou_threshold0.4,0.2,0.7,49.21,77.4,58.45,61.0,52.0,7.0,81.8,12.23,,430.6,0.4,50.0,1.0,0.4,17.25
ocsort,avenue,2,det_thresh0.4_max_age50_min_hits1_iou_threshold0.5,0.2,0.7,52.33,77.61,65.34,43.0,52.0,7.0,85.1,11.76,,507.2,0.4,50.0,1.0,0.5,16.88
ocsort,avenue,2,det_thresh0.4_max_age50_min_hits1_iou_threshold0.6,0.2,0.7,53.34,76.78,68.06,55.0,51.0,7.0,80.7,12.38,,158.6,0.4,50.0,1.0,0.6,17.17
ocsort,avenue,2,det_thresh0.4_max_age50_min_hits1_iou_threshold0.7,0.2,0.7,54.71,75.49,68.9,74.0,50.0,9.0,82.3,12.15,,236.4,0.4,50.0,1.0,0.7,17.68
ocsort,avenue,2,det_thresh0.4_max_age50_min_hits3_iou_threshold0.2,0.2,0.7,47.0,75.87,55.99,26.0,47.0,9.0,85.0,11.76,,291.0,0.4,50.0,3.0,0.2,16.81
ocsort,avenue,2,det_thresh0.4_max_age50_min_hits3_iou_threshold0.3,0.2,0.7,48.39,75.94,56.99,23.0,47.0,9.0,79.2,12.63,,368.3,0.4,50.0,3.0,0.3,17.48
ocsort,avenue,2,det_thresh0.4_max_age50_min_hits3_iou_threshold0.4,0.2,0.7,48.71,75.62,58.13,29.0,47.0,9.0,84.6,11.82,,441.5,0.4,50.0,3.0,0.4,17.34
ocsort,avenue,2,det_thresh0.4_max_age50_min_hits3_iou_threshold0.5,0.2,0.7,51.77,76.09,64.87,13.0,47.0,9.0,80.5,12.43,,485.7,0.4,50.0,3.0,0.5,17.02
ocsort,avenue,2,det_thresh0.4_max_age50_min_hits3_iou_threshold0.6,0.2,0.7,52.78,75.27,67.66,16.0,45.0,10.0,83.2,12.02,,562.1,0.4,50.0,3.0,0.6,17.17
ocsort,avenue,2,det_thresh0.4_max_age50_min_hits3_iou_threshold0.7,0.2,0.7,54.02,73.57,68.63,37.0,40.0,12.0,84.2,11.87,,158.6,0.4,50.0,3.0,0.7,17.71
ocsort,avenue,2,det_thresh0.4_max_age70_min_hits1_iou_threshold0.2,0.2,0.7,43.18,76.9,50.26,94.0,53.0,7.0,78.5,12.74,,235.6,0.4,70.0,1.0,0.2,17.22
ocsort,avenue,2,det_thresh0.4_max_age70_min_hits1_iou_threshold0.3,0.2,0.7,48.05,77.01,57.4,88.0,52.0,7.0,83.7,11.95,,312.0,0.4,70.0,1.0,0.3,17.18
ocsort,avenue,2,det_thresh0.4_max_age70_min_hits1_iou_threshold0.4,0.2,0.7,48.18,76.85,59.6,95.0,52.0,7.0,88.5,11.3,,385.5,0.4,70.0,1.0,0.4,17.31
ocsort,avenue,2,det_thresh0.4_max_age70_min_hits1_iou_threshold0.5,0.2,0.7,50.96,77.6,62.83,42.0,52.0,7.0,79.4,12.59,,430.6,0.4,70.0,1.0,0.5,17.67
ocsort,avenue,2,det_thresh0.4_max_age70_min_hits1_iou_threshold0.6,0.2,0.7,52.7,76.72,67.04,61.0,51.0,7.0,86.5,11.56,,507.2,0.4,70.0,1.0,0.6,17.46
ocsort,avenue,2,det_thresh0.4_max_age70_min_hits1_iou_threshold0.7,0.2,0.7,52.87,75.37,64.18,69.0,50.0,10.0,81.3,12.31,,158.6,0.4,70.0,1.0,0.7,17.43
ocsort,avenue,2,det_thresh0.4_max_age70_min_hits3_iou_threshold0.2,0.2,0.7,42.64,74.86,50.08,40.0,47.0,9.0,77.4,12.91,,236.4,0.4,70.0,3.0,0.2,17.57
ocsort,avenue,2,det_thresh0.4_max_age70_min_hits3_iou_threshold0.3,0.2,0.7,47.52,74.77,57.23,42.0,46.0,9.0,87.7,11.4,,291.0,0.4,70.0,3.0,0.3,17.04
ocsort,avenue,2,det_thresh0.4_max_age70_min_hits3_iou_threshold0.4,0.2,0.7,47.49,74.61,59.01,36.0,46.0,9.0,81.5,12.27,,368.3,0.4,70.0,3.0,0.4,17.38
ocsort,avenue,2,det_thresh0.4_max_age70_min_hits3_iou_threshold0.5,0.2,0.7,50.48,76.12,62.42,14.0,47.0,9.0,85.5,11.69,,441.5,0.4,70.0,3.0,0.5,17.04
ocsort,avenue,2,det_thresh0.4_max_age70_min_hits3_iou_threshold0.6,0.2,0.7,52.24,75.18,66.8,19.0,44.0,10.0,84.4,11.85,,485.7,0.4,70.0,3.0,0.6,16.88
ocsort,avenue,2,det_thresh0.4_max_age70_min_hits3_iou_threshold0.7,0.2,0.7,52.23,73.64,63.7,34.0,41.0,13.0,74.8,13.37,,562.1,0.4,70.0,3.0,0.7,17.71
ocsort,avenue,2,det_thresh0.4_max_age100_min_hits1_iou_threshold0.2,0.2,0.7,41.45,75.88,47.3,164.0,54.0,7.0,86.3,11.59,,158.6,0.4,100.0,1.0,0.2,17.63
ocsort,avenue,2,det_thresh0.4_max_age100_min_hits1_iou_threshold0.3,0.2,0.7,45.81,76.4,52.17,127.0,54.0,7.0,82.1,12.19,,235.6,0.4,100.0,1.0,0.3,17.12
ocsort,avenue,2,det_thresh0.4_max_age100_min_hits1_iou_threshold0.4,0.2,0.7,49.66,77.31,61.04,61.0,53.0,7.0,76.7,13.03,,312.0,0.4,100.0,1.0,0.4,17.64
ocsort,avenue,2,det_thresh0.4_max_age100_min_hits1_iou_threshold0.5,0.2,0.7,50.36,77.39,60.81,53.0,52.0,7.0,88.8,11.27,,385.5,0.4,100.0,1.0,0.5,17.32
ocsort,avenue,2,det_thresh0.4_max_age100_min_hits1_iou_threshold0.6,0.2,0.7,51.37,76.57,63.22,59.0,51.0,7.0,77.6,12.89,,430.6,0.4,100.0,1.0,0.6,17.93
ocsort,avenue,2,det_thresh0.4_max_age100_min_hits1_iou_threshold0.7,0.2,0.7,54.53,75.12,68.94,63.0,49.0,10.0,78.4,12.76,,507.2,0.4,100.0,1.0,0.7,18.53
ocsort,avenue,2,det_thresh0.4_max_age100_min_hits3_iou_threshold0.2,0.2,0.7,40.45,73.13,46.82,63.0,47.0,9.0,88.7,11.27,,158.6,0.4,100.0,3.0,0.2,17.31
ocsort,avenue,2,det_thresh0.4_max_age100_min_hits3_iou_threshold0.3,0.2,0.7,45.47,74.03,52.19,42.0,44.0,9.0,80.6,12.41,,234.6,0.4,100.0,3.0,0.3,17.28
ocsort,avenue,2,det_thresh0.4_max_age100_min_hits3_iou_threshold0.4,0.2,0.7,49.2,75.48,60.79,24.0,47.0,9.0,82.9,12.07,,311.0,0.4,100.0,3.0,0.4,17.44
ocsort,avenue,2,det_thresh0.4_max_age100_min_hits3_iou_threshold0.5,0.2,0.7,49.99,75.84,60.55,22.0,47.0,9.0,89.4,11.18,,381.5,0.4,100.0,3.0,0.5,17.02
ocsort,avenue,2,det_thresh0.4_max_age100_min_hits3_iou_threshold0.6,0.2,0.7,50.94,75.14,62.97,19.0,43.0,10.0,75.4,13.26,,421.7,0.4,100.0,3.0,0.6,17.9
ocsort,avenue,2,det_thresh0.4_max_age100_min_hits3_iou_threshold0.7,0.2,0.7,54.0,73.69,68.72,32.0,41.0,13.0,82.3,12.15,,496.9,0.4,100.0,3.0,0.7,19.03
ocsort,avenue,2,det_thresh0.5_max_age20_min_hits1_iou_threshold0.2,0.2,0.7,55.01,78.06,67.44,38.0,51.0,7.0,83.0,12.04,,158.6,0.5,20.0,1.0,0.2,16.94
ocsort,avenue,2,det_thresh0.5_max_age20_min_hits1_iou_threshold0.3,0.2,0.7,55.45,78.12,67.91,35.0,51.0,7.0,81.0,12.34,,236.4,0.5,20.0,1.0,0.3,17.18
ocsort,avenue,2,det_thresh0.5_max_age20_min_hits1_iou_threshold0.4,0.2,0.7,54.91,78.07,68.5,38.0,51.0,7.0,86.3,11.59,,275.4,0.5,20.0,1.0,0.4,17.14
ocsort,avenue,2,det_thresh0.5_max_age20_min_hits1_iou_threshold0.5,0.2,0.7,56.46,78.23,70.58,22.0,51.0,7.0,86.9,11.5,,351.2,0.5,20.0,1.0,0.5,16.81
ocsort,avenue,2,det_thresh0.5_max_age20_min_hits1_iou_threshold0.6,0.2,0.7,59.66,78.05,77.7,24.0,51.0,7.0,82.3,12.15,,399.8,0.5,20.0,1.0,0.6,17.05
ocsort,avenue,2,det_thresh0.5_max_age20_min_hits1_iou_threshold0.7,0.2,0.7,59.23,77.81,76.5,31.0,51.0,7.0,93.8,10.66,,476.7,0.5,20.0,1.0,0.7,16.85
ocsort,avenue,2,det_thresh0.5_max_age20_min_hits3_iou_threshold0.2,0.2,0.7,54.24,76.18,66.86,16.0,43.0,11.0,80.0,12.5,,533.1,0.5,20.0,3.0,0.2,16.97
ocsort,avenue,2,det_thresh0.5_max_age20_min_hits3_iou_threshold0.3,0.2,0.7,54.7,76.26,67.37,17.0,44.0,11.0,84.9,11.77,,158.6,0.5,20.0,3.0,0.3,16.88
ocsort,avenue,2,det_thresh0.5_max_age20_min_hits3_iou_threshold0.4,0.2,0.7,54.05,76.06,67.86,20.0,44.0,11.0,81.7,12.24,,213.4,0.5,20.0,3.0,0.4,16.92
ocsort,avenue,2,det_thresh0.5_max_age20_min_hits3_iou_threshold0.5,0.2,0.7,55.7,76.45,70.01,11.0,45.0,11.0,80.0,12.5,,288.7,0.5,20.0,3.0,0.5,16.96
ocsort,avenue,2,det_thresh0.5_max_age20_min_hits3_iou_threshold0.6,0.2,0.7,58.9,76.5,77.09,9.0,44.0,11.0,90.9,11.0,,335.8,0.5,20.0,3.0,0.6,16.62
ocsort,avenue,2,det_thresh0.5_max_age20_min_hits3_iou_threshold0.7,0.2,0.7,58.27,76.02,75.75,18.0,41.0,12.0,79.1,12.64,,412.7,0.5,20.0,3.0,0.7,17.1
ocsort,avenue,2,det_thresh0.5_max_age30_min_hits1_iou_threshold0.2,0.2,0.7,52.52,77.79,63.41,61.0,51.0,7.0,82.8,12.08,,468.9,0.5,30.0,1.0,0.2,18.0
ocsort,avenue,2,det_thresh0.5_max_age30_min_hits1_iou_threshold0.3,0.2,0.7,54.44,78.05,65.68,42.0,51.0,7.0,89.9,11.12,,158.6,0.5,30.0,1.0,0.3,12.65
ocsort,avenue,2,det_thresh0.5_max_age30_min_hits1_iou_threshold0.4,0.2,0.7,54.08,77.98,65.68,44.0,51.0,7.0,91.8,10.9,,213.4,0.5,30.0,1.0,0.4,12.28
ocsort,avenue,2,det_thresh0.5_max_age30_min_hits1_iou_threshold0.5,0.2,0.7,54.94,78.1,67.65,32.0,52.0,7.0,79.7,12.54,,288.7,0.5,30.0,1.0,0.5,17.19
ocsort,avenue,2,det_thresh0.5_max_age30_min_hits1_iou_threshold0.6,0.2,0.7,56.86,77.68,73.14,37.0,50.0,7.0,80.8,12.37,,335.8,0.5,30.0,1.0,0.6,17.05
ocsort,avenue,2,det_thresh0.5_max_age30_min_hits1_iou_threshold0.7,0.2,0.7,58.52,77.32,75.28,33.0,51.0,9.0,79.4,12.6,,412.7,0.5,30.0,1.0,0.7,17.33
ocsort,avenue,2,det_thresh0.5_max_age30_min_hits3_iou_threshold0.2,0.2,0.7,51.78,75.7,62.9,20.0,44.0,11.0,89.6,11.16,,468.9,0.5,30.0,3.0,0.2,16.74
ocsort,avenue,2,det_thresh0.5_max_age30_min_hits3_iou_threshold0.3,0.2,0.7,53.76,76.12,65.16,17.0,44.0,11.0,77.8,12.85,,158.6,0.5,30.0,3.0,0.3,17.1
ocsort,avenue,2,det_thresh0.5_max_age30_min_hits3_iou_threshold0.4,0.2,0.7,53.31,75.95,65.11,19.0,44.0,11.0,83.1,12.03,,213.4,0.5,30.0,3.0,0.4,16.98
ocsort,avenue,2,det_thresh0.5_max_age30_min_hits3_iou_threshold0.5,0.2,0.7,54.24,76.2,67.19,17.0,44.0,10.0,83.6,11.96,,288.7,0.5,30.0,3.0,0.5,17.06
ocsort,avenue,2,det_thresh0.5_max_age30_min_hits3_iou_threshold0.6,0.2,0.7,56.08,75.95,72.49,15.0,43.0,11.0,78.1,12.8,,335.8,0.5,30.0,3.0,0.6,17.26
ocsort,avenue,2,det_thresh0.5_max_age30_min_hits3_iou_threshold0.7,0.2,0.7,57.65,75.62,74.63,24.0,41.0,14.0,85.0,11.76,,412.7,0.5,30.0,3.0,0.7,17.31
ocsort,avenue,2,det_thresh0.5_max_age40_min_hits1_iou_threshold0.2,0.2,0.7,50.51,78.07,60.7,39.0,51.0,7.0,83.8,11.94,,468.9,0.5,40.0,1.0,0.2,16.99
ocsort,avenue,2,det_thresh0.5_max_age40_min_hits1_iou_threshold0.3,0.2,0.7,50.98,78.09,61.05,39.0,51.0,7.0,76.5,13.07,,158.6,0.5,40.0,1.0,0.3,17.27
ocsort,avenue,2,det_thresh0.5_max_age40_min_hits1_iou_threshold0.4,0.2,0.7,50.8,77.96,60.68,44.0,51.0,7.0,86.9,11.51,,213.4,0.5,40.0,1.0,0.4,17.02
ocsort,avenue,2,det_thresh0.5_max_age40_min_hits1_iou_threshold0.5,0.2,0.7,52.02,77.98,63.35,32.0,52.0,7.0,76.2,13.12,,288.7,0.5,40.0,1.0,0.5,17.52
ocsort,avenue,2,det_thresh0.5_max_age40_min_hits1_iou_threshold0.6,0.2,0.7,52.81,77.4,65.74,48.0,50.0,7.0,82.0,12.19,,335.8,0.5,40.0,1.0,0.6,17.2
ocsort,avenue,2,det_thresh0.5_max_age40_min_hits1_iou_threshold0.7,0.2,0.7,56.09,77.25,71.84,35.0,51.0,9.0,85.4,11.71,,412.7,0.5,40.0,1.0,0.7,16.92
ocsort,avenue,2,det_thresh0.5_max_age40_min_hits3_iou_threshold0.2,0.2,0.7,49.93,76.12,60.21,22.0,43.0,11.0,74.1,13.5,,468.9,0.5,40.0,3.0,0.2,17.64
ocsort,avenue,2,det_thresh0.5_max_age40_min_hits3_iou_threshold0.3,0.2,0.7,50.34,76.02,60.51,22.0,44.0,11.0,81.6,12.25,,158.6,0.5,40.0,3.0,0.3,17.27
ocsort,avenue,2,det_thresh0.5_max_age40_min_hits3_iou_threshold0.4,0.2,0.7,50.09,75.88,60.2,22.0,45.0,11.0,86.1,11.61,,213.4,0.5,40.0,3.0,0.4,17.05
ocsort,avenue,2,det_thresh0.5_max_age40_min_hits3_iou_threshold0.5,0.2,0.7,51.35,76.15,62.97,16.0,45.0,10.0,77.1,12.98,,288.7,0.5,40.0,3.0,0.5,17.22
ocsort,avenue,2,det_thresh0.5_max_age40_min_hits3_iou_threshold0.6,0.2,0.7,52.1,75.53,65.26,21.0,44.0,12.0,87.7,11.41,,335.8,0.5,40.0,3.0,0.6,16.88
ocsort,avenue,2,det_thresh0.5_max_age40_min_hits3_iou_threshold0.7,0.2,0.7,55.25,75.59,71.18,24.0,40.0,13.0,83.6,11.96,,412.7,0.5,40.0,3.0,0.7,17.13
ocsort,avenue,2,det_thresh0.5_max_age50_min_hits1_iou_threshold0.2,0.2,0.7,47.34,78.0,54.92,42.0,51.0,7.0,80.8,12.37,,468.9,0.5,50.0,1.0,0.2,18.44
ocsort,avenue,2,det_thresh0.5_max_age50_min_hits1_iou_threshold0.3,0.2,0.7,49.47,78.05,58.08,40.0,51.0,7.0,81.6,12.26,,158.6,0.5,50.0,1.0,0.3,16.97
ocsort,avenue,2,det_thresh0.5_max_age50_min_hits1_iou_threshold0.4,0.2,0.7,49.19,77.93,58.18,45.0,51.0,7.0,76.5,13.07,,213.4,0.5,50.0,1.0,0.4,17.19
ocsort,avenue,2,det_thresh0.5_max_age50_min_hits1_iou_threshold0.5,0.2,0.7,50.94,77.67,62.68,39.0,52.0,8.0,80.9,12.37,,288.7,0.5,50.0,1.0,0.5,17.7
ocsort,avenue,2,det_thresh0.5_max_age50_min_hits1_iou_threshold0.6,0.2,0.7,51.09,77.01,62.72,50.0,50.0,8.0,82.8,12.07,,335.8,0.5,50.0,1.0,0.6,17.08
ocsort,avenue,2,det_thresh0.5_max_age50_min_hits1_iou_threshold0.7,0.2,0.7,56.09,76.48,71.6,51.0,50.0,10.0,77.8,12.85,,412.7,0.5,50.0,1.0,0.7,18.29
ocsort,avenue,2,det_thresh0.5_max_age50_min_hits3_iou_threshold0.2,0.2,0.7,46.71,76.05,54.63,23.0,44.0,11.0,84.5,11.83,,468.9,0.5,50.0,3.0,0.2,16.97
ocsort,avenue,2,det_thresh0.5_max_age50_min_hits3_iou_threshold0.3,0.2,0.7,48.89,76.06,57.84,23.0,44.0,11.0,86.3,11.59,,158.6,0.5,50.0,3.0,0.3,16.88
ocsort,avenue,2,det_thresh0.5_max_age50_min_hits3_iou_threshold0.4,0.2,0.7,48.51,75.95,57.78,22.0,45.0,11.0,76.4,13.09,,213.4,0.5,50.0,3.0,0.4,17.36
ocsort,avenue,2,det_thresh0.5_max_age50_min_hits3_iou_threshold0.5,0.2,0.7,50.31,75.84,62.19,17.0,44.0,11.0,80.1,12.48,,288.7,0.5,50.0,3.0,0.5,17.32
ocsort,avenue,2,det_thresh0.5_max_age50_min_hits3_iou_threshold0.6,0.2,0.7,50.39,75.2,62.18,19.0,44.0,12.0,81.8,12.22,,335.8,0.5,50.0,3.0,0.6,17.24
ocsort,avenue,2,det_thresh0.5_max_age50_min_hits3_iou_threshold0.7,0.2,0.7,55.24,74.6,71.01,30.0,40.0,13.0,78.1,12.8,,412.7,0.5,50.0,3.0,0.7,17.99
ocsort,avenue,2,det_thresh0.5_max_age70_min_hits1_iou_threshold0.2,0.2,0.7,46.5,77.18,57.66,98.0,52.0,7.0,89.3,11.2,,468.9,0.5,70.0,1.0,0.2,17.44
ocsort,avenue,2,det_thresh0.5_max_age70_min_hits1_iou_threshold0.3,0.2,0.7,48.45,77.63,56.47,69.0,51.0,7.0,84.1,11.9,,158.6,0.5,70.0,1.0,0.3,17.07
ocsort,avenue,2,det_thresh0.5_max_age70_min_hits1_iou_threshold0.4,0.2,0.7,48.3,77.89,56.59,47.0,51.0,7.0,78.9,12.68,,213.4,0.5,70.0,1.0,0.4,17.39
ocsort,avenue,2,det_thresh0.5_max_age70_min_hits1_iou_threshold0.5,0.2,0.7,50.42,77.64,61.75,39.0,52.0,8.0,87.8,11.39,,288.7,0.5,70.0,1.0,0.5,17.29
ocsort,avenue,2,det_thresh0.5_max_age70_min_hits1_iou_threshold0.6,0.2,0.7,50.73,76.83,62.18,49.0,49.0,8.0,78.7,12.71,,335.8,0.5,70.0,1.0,0.6,17.76
ocsort,avenue,2,det_thresh0.5_max_age70_min_hits1_iou_threshold0.7,0.2,0.7,55.27,76.29,70.23,50.0,49.0,10.0,80.1,12.48,,412.7,0.5,70.0,1.0,0.7,18.02
ocsort,avenue,2,det_thresh0.5_max_age70_min_hits3_iou_threshold0.2,0.2,0.7,45.61,74.64,57.19,42.0,44.0,11.0,89.8,11.13,,468.9,0.5,70.0,3.0,0.2,17.06
ocsort,avenue,2,det_thresh0.5_max_age70_min_hits3_iou_threshold0.3,0.2,0.7,47.78,75.23,56.25,31.0,43.0,11.0,80.4,12.43,,158.6,0.5,70.0,3.0,0.3,17.08
ocsort,avenue,2,det_thresh0.5_max_age70_min_hits3_iou_threshold0.4,0.2,0.7,47.67,75.98,56.23,22.0,45.0,11.0,79.0,12.66,,213.4,0.5,70.0,3.0,0.4,17.37
ocsort,avenue,2,det_thresh0.5_max_age70_min_hits3_iou_threshold0.5,0.2,0.7,49.86,75.84,61.35,18.0,44.0,11.0,90.1,11.09,,288.7,0.5,70.0,3.0,0.5,16.95
ocsort,avenue,2,det_thresh0.5_max_age70_min_hits3_iou_threshold0.6,0.2,0.7,50.11,75.12,61.71,21.0,43.0,12.0,75.7,13.21,,335.8,0.5,70.0,3.0,0.6,17.53
ocsort,avenue,2,det_thresh0.5_max_age70_min_hits3_iou_threshold0.7,0.2,0.7,54.52,74.49,69.66,31.0,39.0,13.0,83.0,12.04,,412.7,0.5,70.0,3.0,0.7,17.42
ocsort,avenue,2,det_thresh0.5_max_age100_min_hits1_iou_threshold0.2,0.2,0.7,45.77,76.76,55.18,126.0,53.0,7.0,85.1,11.75,,468.9,0.5,100.0,1.0,0.2,17.14
ocsort,avenue,2,det_thresh0.5_max_age100_min_hits1_iou_threshold0.3,0.2,0.7,46.6,77.43,54.17,83.0,52.0,7.0,77.3,12.94,,158.6,0.5,100.0,1.0,0.3,17.47
ocsort,avenue,2,det_thresh0.5_max_age100_min_hits1_iou_threshold0.4,0.2,0.7,48.28,77.75,57.29,52.0,52.0,7.0,85.1,11.75,,213.4,0.5,100.0,1.0,0.4,17.19
ocsort,avenue,2,det_thresh0.5_max_age100_min_hits1_iou_threshold0.5,0.2,0.7,50.22,77.75,61.28,36.0,52.0,8.0,76.0,13.15,,288.7,0.5,100.0,1.0,0.5,17.29
ocsort,avenue,2,det_thresh0.5_max_age100_min_hits1_iou_threshold0.6,0.2,0.7,50.56,76.79,61.92,49.0,50.0,8.0,78.4,12.76,,335.8,0.5,100.0,1.0,0.6,17.72
ocsort,avenue,2,det_thresh0.5_max_age100_min_hits1_iou_threshold0.7,0.2,0.7,55.23,76.15,70.38,52.0,49.0,10.0,74.2,13.47,,412.7,0.5,100.0,1.0,0.7,19.1
ocsort,avenue,2,det_thresh0.5_max_age100_min_hits3_iou_threshold0.2,0.2,0.7,44.75,73.86,54.66,52.0,44.0,11.0,82.6,12.1,,468.9,0.5,100.0,3.0,0.2,17.16
ocsort,avenue,2,det_thresh0.5_max_age100_min_hits3_iou_threshold0.3,0.2,0.7,45.91,74.79,53.71,44.0,44.0,11.0,77.1,12.97,,158.6,0.5,100.0,3.0,0.3,17.65
ocsort,avenue,2,det_thresh0.5_max_age100_min_hits3_iou_threshold0.4,0.2,0.7,47.72,75.73,56.9,26.0,45.0,11.0,83.0,12.05,,213.4,0.5,100.0,3.0,0.4,17.13
ocsort,avenue,2,det_thresh0.5_max_age100_min_hits3_iou_threshold0.5,0.2,0.7,49.7,75.88,60.9,25.0,45.0,11.0,78.5,12.75,,288.7,0.5,100.0,3.0,0.5,17.09
ocsort,avenue,2,det_thresh0.5_max_age100_min_hits3_iou_threshold0.6,0.2,0.7,49.97,75.07,61.47,21.0,43.0,12.0,77.9,12.84,,335.8,0.5,100.0,3.0,0.6,18.0
ocsort,avenue,2,det_thresh0.5_max_age100_min_hits3_iou_threshold0.7,0.2,0.7,54.51,74.38,69.88,31.0,39.0,13.0,79.6,12.56,,412.7,0.5,100.0,3.0,0.7,17.36
ocsort,avenue,2,det_thresh0.6_max_age20_min_hits1_iou_threshold0.2,0.2,0.7,50.66,77.81,59.74,29.0,50.0,8.0,77.7,12.88,,468.9,0.6,20.0,1.0,0.2,17.26
ocsort,avenue,2,det_thresh0.6_max_age20_min_hits1_iou_threshold0.3,0.2,0.7,51.36,77.66,62.32,36.0,50.0,8.0,74.8,13.37,,158.6,0.6,20.0,1.0,0.3,17.24
ocsort,avenue,2,det_thresh0.6_max_age20_min_hits1_iou_threshold0.4,0.2,0.7,52.64,77.7,65.2,35.0,50.0,8.0,82.8,12.08,,213.4,0.6,20.0,1.0,0.4,16.85
ocsort,avenue,2,det_thresh0.6_max_age20_min_hits1_iou_threshold0.5,0.2,0.7,53.49,77.71,66.21,26.0,50.0,8.0,83.6,11.96,,288.7,0.6,20.0,1.0,0.5,16.77
ocsort,avenue,2,det_thresh0.6_max_age20_min_hits1_iou_threshold0.6,0.2,0.7,55.67,77.57,71.64,17.0,50.0,8.0,76.2,13.12,,335.8,0.6,20.0,1.0,0.6,16.72
ocsort,avenue,2,det_thresh0.6_max_age20_min_hits1_iou_threshold0.7,0.2,0.7,58.05,77.25,74.62,34.0,50.0,9.0,86.6,11.55,,412.7,0.6,20.0,1.0,0.7,16.59
ocsort,avenue,2,det_thresh0.6_max_age20_min_hits3_iou_threshold0.2,0.2,0.7,50.03,75.59,59.26,13.0,41.0,13.0,77.6,12.89,,468.9,0.6,20.0,3.0,0.2,17.62
ocsort,avenue,2,det_thresh0.6_max_age20_min_hits3_iou_threshold0.3,0.2,0.7,50.61,75.39,61.75,16.0,40.0,13.0,75.0,13.34,,158.6,0.6,20.0,3.0,0.3,16.9
ocsort,avenue,2,det_thresh0.6_max_age20_min_hits3_iou_threshold0.4,0.2,0.7,51.82,75.37,64.52,17.0,40.0,13.0,90.3,11.07,,213.4,0.6,20.0,3.0,0.4,16.83
ocsort,avenue,2,det_thresh0.6_max_age20_min_hits3_iou_threshold0.5,0.2,0.7,52.69,75.49,65.53,12.0,40.0,13.0,83.6,11.97,,288.7,0.6,20.0,3.0,0.5,17.34
ocsort,avenue,2,det_thresh0.6_max_age20_min_hits3_iou_threshold0.6,0.2,0.7,54.79,75.58,70.85,7.0,39.0,13.0,73.7,13.57,,335.8,0.6,20.0,3.0,0.6,17.21
ocsort,avenue,2,det_thresh0.6_max_age20_min_hits3_iou_threshold0.7,0.2,0.7,56.99,75.09,73.73,17.0,37.0,13.0,84.2,11.88,,412.7,0.6,20.0,3.0,0.7,16.94
ocsort,avenue,2,det_thresh0.6_max_age30_min_hits1_iou_threshold0.2,0.2,0.7,49.04,77.45,57.26,54.0,50.0,8.0,82.6,12.11,,468.9,0.6,30.0,1.0,0.2,17.24
ocsort,avenue,2,det_thresh0.6_max_age30_min_hits1_iou_threshold0.3,0.2,0.7,50.49,77.54,60.0,44.0,50.0,8.0,73.3,13.64,,158.6,0.6,30.0,1.0,0.3,17.15
ocsort,avenue,2,det_thresh0.6_max_age30_min_hits1_iou_threshold0.4,0.2,0.7,50.98,77.54,61.44,42.0,50.0,8.0,82.4,12.13,,213.4,0.6,30.0,1.0,0.4,17.13
ocsort,avenue,2,det_thresh0.6_max_age30_min_hits1_iou_threshold0.5,0.2,0.7,51.67,77.49,62.66,37.0,50.0,8.0,77.4,12.92,,288.7,0.6,30.0,1.0,0.5,17.03
ocsort,avenue,2,det_thresh0.6_max_age30_min_hits1_iou_threshold0.6,0.2,0.7,54.28,76.86,69.9,41.0,49.0,8.0,80.3,12.45,,335.8,0.6,30.0,1.0,0.6,17.14
ocsort,avenue,2,det_thresh0.6_max_age30_min_hits1_iou_threshold0.7,0.2,0.7,56.95,76.85,72.94,41.0,50.0,11.0,85.2,11.74,,412.7,0.6,30.0,1.0,0.7,16.9
ocsort,avenue,2,det_thresh0.6_max_age30_min_hits3_iou_threshold0.2,0.2,0.7,48.32,74.93,56.73,18.0,41.0,13.0,80.7,12.39,,468.9,0.6,30.0,3.0,0.2,17.42
ocsort,avenue,2,det_thresh0.6_max_age30_min_hits3_iou_threshold0.3,0.2,0.7,49.85,75.23,59.58,18.0,40.0,13.0,76.3,13.11,,158.6,0.6,30.0,3.0,0.3,16.83
ocsort,avenue,2,det_thresh0.6_max_age30_min_hits3_iou_threshold0.4,0.2,0.7,50.29,75.2,60.83,20.0,40.0,13.0,78.4,12.75,,213.4,0.6,30.0,3.0,0.4,16.97
ocsort,avenue,2,det_thresh0.6_max_age30_min_hits3_iou_threshold0.5,0.2,0.7,50.98,75.23,62.02,18.0,40.0,13.0,82.9,12.07,,288.7,0.6,30.0,3.0,0.5,17.05
ocsort,avenue,2,det_thresh0.6_max_age30_min_hits3_iou_threshold0.6,0.2,0.7,53.4,74.6,69.2,16.0,38.0,13.0,77.3,12.94,,335.8,0.6,30.0,3.0,0.6,17.1
ocsort,avenue,2,det_thresh0.6_max_age30_min_hits3_iou_threshold0.7,0.2,0.7,55.94,74.71,72.07,22.0,37.0,16.0,80.7,12.39,,412.7,0.6,30.0,3.0,0.7,17.4
ocsort,avenue,2,det_thresh0.6_max_age40_min_hits1_iou_threshold0.2,0.2,0.7,48.82,77.66,56.43,40.0,50.0,8.0,83.8,11.94,,468.9,0.6,40.0,1.0,0.2,17.0
ocsort,avenue,2,det_thresh0.6_max_age40_min_hits1_iou_threshold0.3,0.2,0.7,49.06,77.54,56.88,47.0,50.0,8.0,77.6,12.88,,158.6,0.6,40.0,1.0,0.3,17.21
ocsort,avenue,2,det_thresh0.6_max_age40_min_hits1_iou_threshold0.4,0.2,0.7,50.55,77.57,60.71,41.0,50.0,8.0,86.2,11.6,,213.4,0.6,40.0,1.0,0.4,16.91
ocsort,avenue,2,det_thresh0.6_max_age40_min_hits1_iou_threshold0.5,0.2,0.7,51.4,77.5,62.0,34.0,50.0,8.0,79.7,12.55,,288.7,0.6,40.0,1.0,0.5,17.28
ocsort,avenue,2,det_thresh0.6_max_age40_min_hits1_iou_threshold0.6,0.2,0.7,53.23,76.32,66.7,57.0,49.0,8.0,77.3,12.93,,335.8,0.6,40.0,1.0,0.6,17.09
ocsort,avenue,2,det_thresh0.6_max_age40_min_hits1_iou_threshold0.7,0.2,0.7,54.41,76.8,69.23,41.0,50.0,12.0,84.2,11.87,,412.7,0.6,40.0,1.0,0.7,16.8
ocsort,avenue,2,det_thresh0.6_max_age40_min_hits3_iou_threshold0.2,0.2,0.7,48.34,75.24,56.0,18.0,42.0,13.0,76.3,13.1,,468.9,0.6,40.0,3.0,0.2,17.19
ocsort,avenue,2,det_thresh0.6_max_age40_min_hits3_iou_threshold0.3,0.2,0.7,48.53,75.12,56.42,24.0,40.0,13.0,83.6,11.96,,158.6,0.6,40.0,3.0,0.3,16.98
ocsort,avenue,2,det_thresh0.6_max_age40_min_hits3_iou_threshold0.4,0.2,0.7,49.86,75.2,60.09,21.0,40.0,13.0,83.5,11.97,,213.4,0.6,40.0,3.0,0.4,16.84
ocsort,avenue,2,det_thresh0.6_max_age40_min_hits3_iou_threshold0.5,0.2,0.7,50.71,75.28,61.33,16.0,40.0,13.0,78.3,12.77,,288.7,0.6,40.0,3.0,0.5,17.13
ocsort,avenue,2,det_thresh0.6_max_age40_min_hits3_iou_threshold0.6,0.2,0.7,52.34,73.91,65.76,19.0,39.0,14.0,87.0,11.49,,335.8,0.6,40.0,3.0,0.6,16.84
ocsort,avenue,2,det_thresh0.6_max_age40_min_hits3_iou_threshold0.7,0.2,0.7,53.42,74.71,68.33,21.0,36.0,16.0,75.6,13.23,,412.7,0.6,40.0,3.0,0.7,17.17
ocsort,avenue,2,det_thresh0.6_max_age50_min_hits1_iou_threshold0.2,0.2,0.7,47.68,77.29,55.81,65.0,50.0,8.0,82.2,12.16,,468.9,0.6,50.0,1.0,0.2,17.21
ocsort,avenue,2,det_thresh0.6_max_age50_min_hits1_iou_threshold0.3,0.2,0.7,47.79,77.38,54.95,56.0,50.0,8.0,82.1,12.18,,158.6,0.6,50.0,1.0,0.3,16.88
ocsort,avenue,2,det_thresh0.6_max_age50_min_hits1_iou_threshold0.4,0.2,0.7,48.1,77.21,58.12,65.0,50.0,8.0,77.2,12.96,,213.4,0.6,50.0,1.0,0.4,17.32
ocsort,avenue,2,det_thresh0.6_max_age50_min_hits1_iou_threshold0.5,0.2,0.7,49.26,77.18,59.96,52.0,51.0,8.0,78.2,12.78,,288.7,0.6,50.0,1.0,0.5,17.36
ocsort,avenue,2,det_thresh0.6_max_age50_min_hits1_iou_threshold0.6,0.2,0.7,51.38,75.92,65.75,73.0,48.0,8.0,74.8,13.36,,335.8,0.6,50.0,1.0,0.6,16.84
ocsort,avenue,2,det_thresh0.6_max_age50_min_hits1_iou_threshold0.7,0.2,0.7,53.98,76.72,68.28,46.0,50.0,12.0,75.1,13.31,,412.7,0.6,50.0,1.0,0.7,17.02
ocsort,avenue,2,det_thresh0.6_max_age50_min_hits3_iou_threshold0.2,0.2,0.7,47.24,74.7,55.71,30.0,42.0,13.0,74.4,13.44,,468.9,0.6,50.0,3.0,0.2,16.86
ocsort,avenue,2,det_thresh0.6_max_age50_min_hits3_iou_threshold0.3,0.2,0.7,47.27,74.91,54.58,28.0,40.0,13.0,75.5,13.25,,158.6,0.6,50.0,3.0,0.3,16.51
ocsort,avenue,2,det_thresh0.6_max_age50_min_hits3_iou_threshold0.4,0.2,0.7,47.52,74.63,57.74,28.0,40.0,13.0,73.0,13.69,,213.4,0.6,50.0,3.0,0.4,17.37
ocsort,avenue,2,det_thresh0.6_max_age50_min_hits3_iou_threshold0.5,0.2,0.7,48.7,74.85,59.53,21.0,40.0,13.0,81.8,12.22,,288.7,0.6,50.0,3.0,0.5,17.1
ocsort,avenue,2,det_thresh0.6_max_age50_min_hits3_iou_threshold0.6,0.2,0.7,50.52,73.51,65.02,24.0,39.0,14.0,83.4,11.99,,335.8,0.6,50.0,3.0,0.6,17.07
ocsort,avenue,2,det_thresh0.6_max_age50_min_hits3_iou_threshold0.7,0.2,0.7,53.0,74.63,67.39,23.0,36.0,16.0,76.6,13.06,,412.7,0.6,50.0,3.0,0.7,17.24
ocsort,avenue,2,det_thresh0.6_max_age70_min_hits1_iou_threshold0.2,0.2,0.7,41.2,76.19,46.86,143.0,51.0,8.0,85.1,11.75,,468.9,0.6,70.0,1.0,0.2,17.43
ocsort,avenue,2,det_thresh0.6_max_age70_min_hits1_iou_threshold0.3,0.2,0.7,43.05,76.99,47.18,83.0,50.0,8.0,78.3,12.78,,158.6,0.6,70.0,1.0,0.3,17.27
ocsort,avenue,2,det_thresh0.6_max_age70_min_hits1_iou_threshold0.4,0.2,0.7,47.22,77.18,56.74,66.0,50.0,8.0,77.9,12.83,,213.4,0.6,70.0,1.0,0.4,17.28
ocsort,avenue,2,det_thresh0.6_max_age70_min_hits1_iou_threshold0.5,0.2,0.7,48.72,76.68,58.75,86.0,51.0,8.0,85.6,11.68,,288.7,0.6,70.0,1.0,0.5,16.85
ocsort,avenue,2,det_thresh0.6_max_age70_min_hits1_iou_threshold0.6,0.2,0.7,50.19,75.38,62.71,100.0,48.0,8.0,77.2,12.96,,335.8,0.6,70.0,1.0,0.6,17.54
ocsort,avenue,2,det_thresh0.6_max_age70_min_hits1_iou_threshold0.7,0.2,0.7,53.15,76.22,65.74,51.0,48.0,13.0,78.9,12.67,,412.7,0.6,70.0,1.0,0.7,17.35
ocsort,avenue,2,det_thresh0.6_max_age70_min_hits3_iou_threshold0.2,0.2,0.7,40.02,72.64,46.09,48.0,41.0,13.0,83.8,11.93,,468.9,0.6,70.0,3.0,0.2,17.29
ocsort,avenue,2,det_thresh0.6_max_age70_min_hits3_iou_threshold0.3,0.2,0.7,42.44,74.29,46.63,35.0,39.0,13.0,73.3,13.64,,158.6,0.6,70.0,3.0,0.3,17.5
ocsort,avenue,2,det_thresh0.6_max_age70_min_hits3_iou_threshold0.4,0.2,0.7,46.69,74.63,56.41,29.0,40.0,13.0,78.9,12.68,,213.4,0.6,70.0,3.0,0.4,17.32
ocsort,avenue,2,det_thresh0.6_max_age70_min_hits3_iou_threshold0.5,0.2,0.7,48.05,74.03,58.25,34.0,39.0,13.0,86.4,11.57,,288.7,0.6,70.0,3.0,0.5,17.06
ocsort,avenue,2,det_thresh0.6_max_age70_min_hits3_iou_threshold0.6,0.2,0.7,49.49,72.74,62.25,32.0,38.0,14.0,73.0,13.7,,335.8,0.6,70.0,3.0,0.6,17.67
ocsort,avenue,2,det_thresh0.6_max_age70_min_hits3_iou_threshold0.7,0.2,0.7,52.24,74.1,64.94,24.0,36.0,16.0,81.9,12.21,,412.7,0.6,70.0,3.0,0.7,17.19
ocsort,avenue,2,det_thresh0.6_max_age100_min_hits1_iou_threshold0.2,0.2,0.7,41.03,75.85,46.98,165.0,52.0,8.0,79.2,12.63,,468.9,0.6,100.0,1.0,0.2,17.28
ocsort,avenue,2,det_thresh0.6_max_age100_min_hits1_iou_threshold0.3,0.2,0.7,45.57,77.18,52.51,66.0,50.0,8.0,79.6,12.56,,158.6,0.6,100.0,1.0,0.3,17.38
ocsort,avenue,2,det_thresh0.6_max_age100_min_hits1_iou_threshold0.4,0.2,0.7,41.04,76.08,47.02,141.0,50.0,8.0,85.1,11.75,,213.4,0.6,100.0,1.0,0.4,17.79
ocsort,avenue,2,det_thresh0.6_max_age100_min_hits1_iou_threshold0.5,0.2,0.7,48.97,76.9,59.12,70.0,51.0,8.0,76.9,13.01,,288.7,0.6,100.0,1.0,0.5,17.43
ocsort,avenue,2,det_thresh0.6_max_age100_min_hits1_iou_threshold0.6,0.2,0.7,49.66,76.43,60.68,53.0,48.0,8.0,76.0,13.16,,335.8,0.6,100.0,1.0,0.6,17.78
ocsort,avenue,2,det_thresh0.6_max_age100_min_hits1_iou_threshold0.7,0.2,0.7,53.02,76.16,65.62,50.0,48.0,13.0,84.9,11.79,,412.7,0.6,100.0,1.0,0.7,17.46
ocsort,avenue,2,det_thresh0.6_max_age100_min_hits3_iou_threshold0.2,0.2,0.7,39.84,72.1,46.4,53.0,41.0,13.0,75.5,13.25,,468.9,0.6,100.0,3.0,0.2,17.5
ocsort,avenue,2,det_thresh0.6_max_age100_min_hits3_iou_threshold0.3,0.2,0.7,45.15,74.56,52.3,35.0,39.0,13.0,75.3,13.28,,158.6,0.6,100.0,3.0,0.3,17.77
ocsort,avenue,2,det_thresh0.6_max_age100_min_hits3_iou_threshold0.4,0.2,0.7,40.1,72.48,46.33,60.0,39.0,13.0,82.1,12.18,,213.4,0.6,100.0,3.0,0.4,17.55
ocsort,avenue,2,det_thresh0.6_max_age100_min_hits3_iou_threshold0.5,0.2,0.7,48.25,74.46,58.52,30.0,39.0,13.0,80.1,12.48,,288.7,0.6,100.0,3.0,0.5,17.55
ocsort,avenue,2,det_thresh0.6_max_age100_min_hits3_iou_threshold0.6,0.2,0.7,48.88,74.28,59.96,22.0,39.0,14.0,74.7,13.39,,335.8,0.6,100.0,3.0,0.6,18.39
ocsort,avenue,2,det_thresh0.6_max_age100_min_hits3_iou_threshold0.7,0.2,0.7,52.13,74.08,64.79,25.0,36.0,16.0,82.4,12.13,,412.7,0.6,100.0,3.0,0.7,17.5
ocsort,avenue,2,det_thresh0.7_max_age20_min_hits1_iou_threshold0.2,0.2,0.7,48.97,75.85,58.47,34.0,47.0,12.0,80.1,12.48,,468.9,0.7,20.0,1.0,0.2,16.92
ocsort,avenue,2,det_thresh0.7_max_age20_min_hits1_iou_threshold0.3,0.2,0.7,49.51,75.81,59.36,34.0,47.0,12.0,80.5,12.43,,158.6,0.7,20.0,1.0,0.3,16.82
ocsort,avenue,2,det_thresh0.7_max_age20_min_hits1_iou_threshold0.4,0.2,0.7,50.81,75.81,61.98,34.0,47.0,12.0,80.7,12.4,,213.4,0.7,20.0,1.0,0.4,16.85
ocsort,avenue,2,det_thresh0.7_max_age20_min_hits1_iou_threshold0.5,0.2,0.7,51.09,75.72,62.74,32.0,47.0,12.0,74.1,13.49,,288.7,0.7,20.0,1.0,0.5,16.81
ocsort,avenue,2,det_thresh0.7_max_age20_min_hits1_iou_threshold0.6,0.2,0.7,53.52,75.58,68.52,24.0,46.0,12.0,83.8,11.94,,335.8,0.7,20.0,1.0,0.6,16.75
ocsort,avenue,2,det_thresh0.7_max_age20_min_hits1_iou_threshold0.7,0.2,0.7,57.08,75.45,74.03,29.0,46.0,12.0,80.6,12.4,,412.7,0.7,20.0,1.0,0.7,16.66
ocsort,avenue,2,det_thresh0.7_max_age20_min_hits3_iou_threshold0.2,0.2,0.7,48.15,73.27,57.91,19.0,35.0,13.0,81.8,12.22,,468.9,0.7,20.0,3.0,0.2,16.92
ocsort,avenue,2,det_thresh0.7_max_age20_min_hits3_iou_threshold0.3,0.2,0.7,48.61,73.24,58.62,19.0,34.0,13.0,85.7,11.66,,158.6,0.7,20.0,3.0,0.3,16.71
ocsort,avenue,2,det_thresh0.7_max_age20_min_hits3_iou_threshold0.4,0.2,0.7,49.82,73.2,61.23,18.0,34.0,14.0,76.6,13.06,,213.4,0.7,20.0,3.0,0.4,16.9
ocsort,avenue,2,det_thresh0.7_max_age20_min_hits3_iou_threshold0.5,0.2,0.7,50.13,73.24,61.9,13.0,33.0,14.0,91.4,10.94,,288.7,0.7,20.0,3.0,0.5,16.81
ocsort,avenue,2,det_thresh0.7_max_age20_min_hits3_iou_threshold0.6,0.2,0.7,52.44,73.16,67.53,10.0,33.0,15.0,82.0,12.2,,335.8,0.7,20.0,3.0,0.6,16.63
ocsort,avenue,2,det_thresh0.7_max_age20_min_hits3_iou_threshold0.7,0.2,0.7,55.9,73.12,72.9,17.0,33.0,15.0,85.1,11.76,,412.7,0.7,20.0,3.0,0.7,16.68
ocsort,avenue,2,det_thresh0.7_max_age30_min_hits1_iou_threshold0.2,0.2,0.7,49.55,75.88,59.25,35.0,47.0,12.0,85.5,11.69,,468.9,0.7,30.0,1.0,0.2,16.87
ocsort,avenue,2,det_thresh0.7_max_age30_min_hits1_iou_threshold0.3,0.2,0.7,49.78,75.74,60.46,44.0,47.0,12.0,77.4,12.91,,158.6,0.7,30.0,1.0,0.3,17.15
ocsort,avenue,2,det_thresh0.7_max_age30_min_hits1_iou_threshold0.4,0.2,0.7,49.32,75.74,59.47,42.0,47.0,12.0,89.7,11.15,,213.4,0.7,30.0,1.0,0.4,16.55
ocsort,avenue,2,det_thresh0.7_max_age30_min_hits1_iou_threshold0.5,0.2,0.7,51.08,75.59,63.55,42.0,47.0,12.0,76.2,13.12,,288.7,0.7,30.0,1.0,0.5,16.9
ocsort,avenue,2,det_thresh0.7_max_age30_min_hits1_iou_threshold0.6,0.2,0.7,53.99,75.12,69.87,43.0,46.0,12.0,86.2,11.6,,335.8,0.7,30.0,1.0,0.6,16.98
ocsort,avenue,2,det_thresh0.7_max_age30_min_hits1_iou_threshold0.7,0.2,0.7,56.95,74.77,75.04,41.0,45.0,14.0,84.6,11.82,,412.7,0.7,30.0,1.0,0.7,16.81
ocsort,avenue,2,det_thresh0.7_max_age30_min_hits3_iou_threshold0.2,0.2,0.7,48.84,73.3,58.87,18.0,36.0,13.0,79.1,12.65,,468.9,0.7,30.0,3.0,0.2,16.96
ocsort,avenue,2,det_thresh0.7_max_age30_min_hits3_iou_threshold0.3,0.2,0.7,48.93,73.01,59.84,22.0,35.0,13.0,89.7,11.15,,158.6,0.7,30.0,3.0,0.3,16.58
ocsort,avenue,2,det_thresh0.7_max_age30_min_hits3_iou_threshold0.4,0.2,0.7,48.46,73.12,58.89,20.0,35.0,14.0,79.0,12.66,,213.4,0.7,30.0,3.0,0.4,16.76
ocsort,avenue,2,det_thresh0.7_max_age30_min_hits3_iou_threshold0.5,0.2,0.7,50.23,73.09,62.87,17.0,35.0,14.0,84.7,11.81,,288.7,0.7,30.0,3.0,0.5,16.94
ocsort,avenue,2,det_thresh0.7_max_age30_min_hits3_iou_threshold0.6,0.2,0.7,53.0,72.48,69.09,15.0,35.0,15.0,82.9,12.06,,335.8,0.7,30.0,3.0,0.6,17.38
ocsort,avenue,2,det_thresh0.7_max_age30_min_hits3_iou_threshold0.7,0.2,0.7,55.84,72.32,74.03,20.0,33.0,17.0,80.1,12.49,,412.7,0.7,30.0,3.0,0.7,17.35
ocsort,avenue,2,det_thresh0.7_max_age40_min_hits1_iou_threshold0.2,0.2,0.7,48.93,75.88,57.87,36.0,47.0,11.0,93.1,10.74,,468.9,0.7,40.0,1.0,0.2,16.92
ocsort,avenue,2,det_thresh0.7_max_age40_min_hits1_iou_threshold0.3,0.2,0.7,47.33,75.66,55.37,51.0,47.0,12.0,83.6,11.96,,158.6,0.7,40.0,1.0,0.3,16.66
ocsort,avenue,2,det_thresh0.7_max_age40_min_hits1_iou_threshold0.4,0.2,0.7,48.88,75.74,58.74,40.0,47.0,12.0,79.7,12.54,,213.4,0.7,40.0,1.0,0.4,16.95
ocsort,avenue,2,det_thresh0.7_max_age40_min_hits1_iou_threshold0.5,0.2,0.7,50.76,75.6,62.78,40.0,47.0,12.0,89.8,11.14,,288.7,0.7,40.0,1.0,0.5,16.83
ocsort,avenue,2,det_thresh0.7_max_age40_min_hits1_iou_threshold0.6,0.2,0.7,52.67,75.14,67.62,32.0,46.0,12.0,79.5,12.58,,335.8,0.7,40.0,1.0,0.6,17.05
ocsort,avenue,2,det_thresh0.7_max_age40_min_hits1_iou_threshold0.7,0.2,0.7,57.02,75.0,75.12,39.0,46.0,13.0,83.2,12.02,,412.7,0.7,40.0,1.0,0.7,16.88
ocsort,avenue,2,det_thresh0.7_max_age40_min_hits3_iou_threshold0.2,0.2,0.7,48.25,73.3,57.5,19.0,37.0,13.0,82.5,12.12,,468.9,0.7,40.0,3.0,0.2,17.21
ocsort,avenue,2,det_thresh0.7_max_age40_min_hits3_iou_threshold0.3,0.2,0.7,46.37,72.84,54.54,25.0,36.0,13.0,79.9,12.52,,158.6,0.7,40.0,3.0,0.3,16.97
ocsort,avenue,2,det_thresh0.7_max_age40_min_hits3_iou_threshold0.4,0.2,0.7,48.03,73.12,58.08,20.0,36.0,14.0,89.4,11.19,,213.4,0.7,40.0,3.0,0.4,16.88
ocsort,avenue,2,det_thresh0.7_max_age40_min_hits3_iou_threshold0.5,0.2,0.7,49.89,73.05,62.08,17.0,36.0,14.0,76.3,13.11,,288.7,0.7,40.0,3.0,0.5,17.27
ocsort,avenue,2,det_thresh0.7_max_age40_min_hits3_iou_threshold0.6,0.2,0.7,51.71,72.69,66.7,10.0,36.0,15.0,82.2,12.17,,335.8,0.7,40.0,3.0,0.6,17.02
ocsort,avenue,2,det_thresh0.7_max_age40_min_hits3_iou_threshold0.7,0.2,0.7,55.93,72.55,74.11,20.0,34.0,16.0,87.4,11.44,,412.7,0.7,40.0,3.0,0.7,16.65
ocsort,avenue,2,det_thresh0.7_max_age50_min_hits1_iou_threshold0.2,0.2,0.7,44.94,75.06,51.84,94.0,47.0,11.0,77.3,12.94,,468.9,0.7,50.0,1.0,0.2,17.06
ocsort,avenue,2,det_thresh0.7_max_age50_min_hits1_iou_threshold0.3,0.2,0.7,46.12,75.28,54.25,76.0,47.0,12.0,84.8,11.8,,158.6,0.7,50.0,1.0,0.3,17.38
ocsort,avenue,2,det_thresh0.7_max_age50_min_hits1_iou_threshold0.4,0.2,0.7,45.84,75.49,53.58,56.0,47.0,12.0,84.7,11.81,,213.4,0.7,50.0,1.0,0.4,16.82
ocsort,avenue,2,det_thresh0.7_max_age50_min_hits1_iou_threshold0.5,0.2,0.7,47.99,75.58,57.34,43.0,47.0,12.0,77.8,12.85,,288.7,0.7,50.0,1.0,0.5,17.19
ocsort,avenue,2,det_thresh0.7_max_age50_min_hits1_iou_threshold0.6,0.2,0.7,50.32,74.68,63.44,48.0,45.0,12.0,87.0,11.5,,335.8,0.7,50.0,1.0,0.6,16.98
ocsort,avenue,2,det_thresh0.7_max_age50_min_hits1_iou_threshold0.7,0.2,0.7,54.17,74.95,70.17,44.0,46.0,13.0,81.1,12.33,,412.7,0.7,50.0,1.0,0.7,17.16
ocsort,avenue,2,det_thresh0.7_max_age50_min_hits3_iou_threshold0.2,0.2,0.7,43.91,71.71,51.37,38.0,36.0,13.0,79.9,12.52,,468.9,0.7,50.0,3.0,0.2,17.49
ocsort,avenue,2,det_thresh0.7_max_age50_min_hits3_iou_threshold0.3,0.2,0.7,44.97,72.24,53.41,29.0,36.0,13.0,91.3,10.95,,158.6,0.7,50.0,3.0,0.3,16.88
ocsort,avenue,2,det_thresh0.7_max_age50_min_hits3_iou_threshold0.4,0.2,0.7,44.9,72.69,52.88,26.0,36.0,14.0,79.9,12.51,,213.4,0.7,50.0,3.0,0.4,17.51
ocsort,avenue,2,det_thresh0.7_max_age50_min_hits3_iou_threshold0.5,0.2,0.7,47.19,73.04,56.63,17.0,36.0,14.0,86.9,11.5,,288.7,0.7,50.0,3.0,0.5,16.79
ocsort,avenue,2,det_thresh0.7_max_age50_min_hits3_iou_threshold0.6,0.2,0.7,49.44,72.13,62.54,19.0,36.0,15.0,80.1,12.48,,335.8,0.7,50.0,3.0,0.6,17.1
ocsort,avenue,2,det_thresh0.7_max_age50_min_hits3_iou_threshold0.7,0.2,0.7,53.08,72.46,69.17,22.0,34.0,16.0,80.1,12.49,,412.7,0.7,50.0,3.0,0.7,17.08
ocsort,avenue,2,det_thresh0.7_max_age70_min_hits1_iou_threshold0.2,0.2,0.7,40.37,74.52,45.63,138.0,49.0,11.0,86.9,11.51,,468.9,0.7,70.0,1.0,0.2,17.35
ocsort,avenue,2,det_thresh0.7_max_age70_min_hits1_iou_threshold0.3,0.2,0.7,42.35,74.58,48.5,131.0,47.0,12.0,78.5,12.74,,158.6,0.7,70.0,1.0,0.3,17.14
ocsort,avenue,2,det_thresh0.7_max_age70_min_hits1_iou_threshold0.4,0.2,0.7,43.38,75.23,50.37,79.0,47.0,12.0,84.9,11.78,,213.4,0.7,70.0,1.0,0.4,17.38
ocsort,avenue,2,det_thresh0.7_max_age70_min_hits1_iou_threshold0.5,0.2,0.7,47.93,75.65,56.51,42.0,47.0,12.0,83.2,12.01,,288.7,0.7,70.0,1.0,0.5,16.77
ocsort,avenue,2,det_thresh0.7_max_age70_min_hits1_iou_threshold0.6,0.2,0.7,50.16,74.82,62.19,48.0,45.0,12.0,77.0,12.98,,335.8,0.7,70.0,1.0,0.6,17.94
ocsort,avenue,2,det_thresh0.7_max_age70_min_hits1_iou_threshold0.7,0.2,0.7,53.12,74.56,68.5,54.0,44.0,13.0,87.0,11.49,,412.7,0.7,70.0,1.0,0.7,17.15
ocsort,avenue,2,det_thresh0.7_max_age70_min_hits3_iou_threshold0.2,0.2,0.7,39.13,70.69,44.86,46.0,36.0,13.0,72.1,13.88,,468.9,0.7,70.0,3.0,0.2,17.68
ocsort,avenue,2,det_thresh0.7_max_age70_min_hits3_iou_threshold0.3,0.2,0.7,41.39,70.8,47.93,50.0,35.0,13.0,76.6,13.06,,158.6,0.7,70.0,3.0,0.3,17.35
ocsort,avenue,2,det_thresh0.7_max_age70_min_hits3_iou_threshold0.4,0.2,0.7,42.35,72.04,49.52,37.0,36.0,14.0,85.3,11.72,,213.4,0.7,70.0,3.0,0.4,17.16
ocsort,avenue,2,det_thresh0.7_max_age70_min_hits3_iou_threshold0.5,0.2,0.7,47.23,73.06,55.9,18.0,36.0,14.0,81.5,12.26,,288.7,0.7,70.0,3.0,0.5,17.02
ocsort,avenue,2,det_thresh0.7_max_age70_min_hits3_iou_threshold0.6,0.2,0.7,49.29,72.21,61.29,21.0,36.0,16.0,79.7,12.55,,335.8,0.7,70.0,3.0,0.6,17.46
ocsort,avenue,2,det_thresh0.7_max_age70_min_hits3_iou_threshold0.7,0.2,0.7,51.95,71.84,67.4,28.0,34.0,16.0,85.7,11.67,,412.7,0.7,70.0,3.0,0.7,16.88
ocsort,avenue,2,det_thresh0.7_max_age100_min_hits1_iou_threshold0.2,0.2,0.7,40.36,74.4,46.07,146.0,49.0,11.0,78.6,12.72,,468.9,0.7,100.0,1.0,0.2,17.08
ocsort,avenue,2,det_thresh0.7_max_age100_min_hits1_iou_threshold0.3,0.2,0.7,42.31,75.0,47.98,97.0,47.0,12.0,80.6,12.41,,158.6,0.7,100.0,1.0,0.3,17.43
ocsort,avenue,2,det_thresh0.7_max_age100_min_hits1_iou_threshold0.4,0.2,0.7,42.05,74.84,48.06,107.0,47.0,12.0,83.4,11.99,,213.4,0.7,100.0,1.0,0.4,16.9
ocsort,avenue,2,det_thresh0.7_max_age100_min_hits1_iou_threshold0.5,0.2,0.7,46.02,75.23,55.76,72.0,47.0,12.0,77.1,12.98,,288.7,0.7,100.0,1.0,0.5,17.18
ocsort,avenue,2,det_thresh0.7_max_age100_min_hits1_iou_threshold0.6,0.2,0.7,49.89,74.75,62.14,45.0,45.0,12.0,85.3,11.73,,335.8,0.7,100.0,1.0,0.6,17.29
ocsort,avenue,2,det_thresh0.7_max_age100_min_hits1_iou_threshold0.7,0.2,0.7,53.61,74.45,69.43,51.0,44.0,13.0,83.9,11.92,,412.7,0.7,100.0,1.0,0.7,17.49
ocsort,avenue,2,det_thresh0.7_max_age100_min_hits3_iou_threshold0.2,0.2,0.7,39.05,70.48,45.09,52.0,36.0,13.0,79.0,12.66,,468.9,0.7,100.0,3.0,0.2,17.48
ocsort,avenue,2,det_thresh0.7_max_age100_min_hits3_iou_threshold0.3,0.2,0.7,41.44,71.75,47.2,39.0,36.0,13.0,89.0,11.24,,158.6,0.7,100.0,3.0,0.3,17.28
ocsort,avenue,2,det_thresh0.7_max_age100_min_hits3_iou_threshold0.4,0.2,0.7,40.99,71.37,47.18,44.0,36.0,14.0,81.3,12.29,,213.4,0.7,100.0,3.0,0.4,17.3
ocsort,avenue,2,det_thresh0.7_max_age100_min_hits3_iou_threshold0.5,0.2,0.7,45.04,72.24,54.95,30.0,36.0,14.0,81.0,12.34,,288.7,0.7,100.0,3.0,0.5,17.41
ocsort,avenue,2,det_thresh0.7_max_age100_min_hits3_iou_threshold0.6,0.2,0.7,49.07,72.17,61.24,20.0,36.0,16.0,88.4,11.31,,335.8,0.7,100.0,3.0,0.6,17.22
ocsort,avenue,2,det_thresh0.7_max_age100_min_hits3_iou_threshold0.7,0.2,0.7,52.46,71.82,68.32,25.0,34.0,16.0,78.5,12.74,,412.7,0.7,100.0,3.0,0.7,17.7
ocsort,UCSD,2,det_thresh0.3_max_age20_min_hits1_iou_threshold0.2,0.2,0.5,43.292,44.448,60.378,8.5,10.167,15.5,77.9,13.18,,550.0,0.3,20.0,1.0,0.2,18.38
ocsort,UCSD,2,det_thresh0.3_max_age20_min_hits1_iou_threshold0.3,0.2,0.5,43.3,44.432,60.383,9.167,10.167,15.5,78.1,13.1,,652.0,0.3,20.0,1.0,0.3,17.13
ocsort,UCSD,2,det_thresh0.3_max_age20_min_hits1_iou_threshold0.4,0.2,0.5,43.442,44.437,60.315,9.0,10.167,15.5,81.3,12.58,,573.0,0.3,20.0,1.0,0.4,18.31
ocsort,UCSD,2,det_thresh0.3_max_age20_min_hits1_iou_threshold0.5,0.2,0.5,43.077,44.203,59.527,12.167,10.0,15.667,75.1,13.44,,672.1,0.3,20.0,1.0,0.5,18.54
ocsort,UCSD,2,det_thresh0.3_max_age20_min_hits1_iou_threshold0.6,0.2,0.5,41.895,43.722,56.487,20.167,10.0,15.833,77.5,13.2,,789.3,0.3,20.0,1.0,0.6,18.05
ocsort,UCSD,2,det_thresh0.3_max_age20_min_hits1_iou_threshold0.7,0.2,0.5,40.445,43.052,53.653,30.5,9.0,15.833,74.4,13.89,,514.0,0.3,20.0,1.0,0.7,18.14
ocsort,UCSD,2,det_thresh0.3_max_age20_min_hits3_iou_threshold0.2,0.2,0.5,41.303,41.153,57.32,6.333,7.667,17.167,84.5,12.3,,591.1,0.3,20.0,3.0,0.2,16.9
ocsort,UCSD,2,det_thresh0.3_max_age20_min_hits3_iou_threshold0.3,0.2,0.5,41.313,41.135,57.358,7.0,7.667,17.167,77.0,13.25,,719.3,0.3,20.0,3.0,0.3,18.11
ocsort,UCSD,2,det_thresh0.3_max_age20_min_hits3_iou_threshold0.4,0.2,0.5,41.437,41.173,57.353,6.5,7.667,17.167,80.2,12.92,,510.2,0.3,20.0,3.0,0.4,17.79
ocsort,UCSD,2,det_thresh0.3_max_age20_min_hits3_iou_threshold0.5,0.2,0.5,41.133,40.978,56.707,8.667,7.5,17.167,78.3,13.16,,700.2,0.3,20.0,3.0,0.5,17.32
ocsort,UCSD,2,det_thresh0.3_max_age20_min_hits3_iou_threshold0.6,0.2,0.5,40.042,40.47,53.995,14.0,7.333,17.5,78.9,13.09,,670.2,0.3,20.0,3.0,0.6,17.61
ocsort,UCSD,2,det_thresh0.3_max_age20_min_hits3_iou_threshold0.7,0.2,0.5,38.808,39.845,51.675,19.167,6.5,17.5,84.8,12.14,,722.8,0.3,20.0,3.0,0.7,16.86
ocsort,UCSD,2,det_thresh0.3_max_age30_min_hits1_iou_threshold0.2,0.2,0.5,43.127,44.487,59.813,8.0,10.167,15.5,70.0,14.54,,672.4,0.3,30.0,1.0,0.2,18.89
ocsort,UCSD,2,det_thresh0.3_max_age30_min_hits1_iou_threshold0.3,0.2,0.5,43.297,44.462,60.198,8.5,10.167,15.5,79.3,12.8,,573.2,0.3,30.0,1.0,0.3,18.3
ocsort,UCSD,2,det_thresh0.3_max_age30_min_hits1_iou_threshold0.4,0.2,0.5,43.435,44.447,60.113,8.667,10.167,15.667,70.2,14.3,,763.3,0.3,30.0,1.0,0.4,18.67
ocsort,UCSD,2,det_thresh0.3_max_age30_min_hits1_iou_threshold0.5,0.2,0.5,43.133,44.22,59.592,11.5,10.0,15.667,87.2,11.89,,670.2,0.3,30.0,1.0,0.5,16.93
ocsort,UCSD,2,det_thresh0.3_max_age30_min_hits1_iou_threshold0.6,0.2,0.5,41.592,43.68,56.06,19.667,10.0,16.0,73.6,13.98,,722.8,0.3,30.0,1.0,0.6,18.34
ocsort,UCSD,2,det_thresh0.3_max_age30_min_hits1_iou_threshold0.7,0.2,0.5,40.408,43.042,53.663,31.833,9.0,15.833,79.3,12.88,,672.4,0.3,30.0,1.0,0.7,18.42
ocsort,UCSD,2,det_thresh0.3_max_age30_min_hits3_iou_threshold0.2,0.2,0.5,41.11,41.147,56.78,6.0,7.667,17.167,74.4,13.73,,573.2,0.3,30.0,3.0,0.2,18.73
ocsort,UCSD,2,det_thresh0.3_max_age30_min_hits3_iou_threshold0.3,0.2,0.5,41.272,41.158,57.142,6.333,7.667,17.167,78.6,12.92,,763.3,0.3,30.0,3.0,0.3,18.09
ocsort,UCSD,2,det_thresh0.3_max_age30_min_hits3_iou_threshold0.4,0.2,0.5,41.393,41.193,57.135,5.833,7.667,17.167,79.2,13.06,,670.2,0.3,30.0,3.0,0.4,17.94
ocsort,UCSD,2,det_thresh0.3_max_age30_min_hits3_iou_threshold0.5,0.2,0.5,41.162,40.993,56.743,7.833,7.5,17.167,76.2,13.46,,722.8,0.3,30.0,3.0,0.5,18.27
ocsort,UCSD,2,det_thresh0.3_max_age30_min_hits3_iou_threshold0.6,0.2,0.5,39.773,40.445,53.562,13.333,7.167,17.5,81.5,12.68,,672.4,0.3,30.0,3.0,0.6,17.57
ocsort,UCSD,2,det_thresh0.3_max_age30_min_hits3_iou_threshold0.7,0.2,0.5,38.728,39.78,51.607,19.333,6.5,17.5,71.9,14.06,,573.2,0.3,30.0,3.0,0.7,18.48
ocsort,UCSD,2,det_thresh0.3_max_age40_min_hits1_iou_threshold0.2,0.2,0.5,42.995,44.513,59.507,8.0,10.167,15.5,84.2,12.25,,763.3,0.3,40.0,1.0,0.2,17.55
ocsort,UCSD,2,det_thresh0.3_max_age40_min_hits1_iou_threshold0.3,0.2,0.5,43.173,44.487,59.882,8.5,10.167,15.5,76.4,13.63,,670.2,0.3,40.0,1.0,0.3,17.76
ocsort,UCSD,2,det_thresh0.3_max_age40_min_hits1_iou_threshold0.4,0.2,0.5,43.358,44.46,59.988,8.667,10.167,15.667,82.3,12.42,,722.8,0.3,40.0,1.0,0.4,17.44
ocsort,UCSD,2,det_thresh0.3_max_age40_min_hits1_iou_threshold0.5,0.2,0.5,43.137,44.223,59.65,11.5,10.0,15.667,76.3,13.37,,672.4,0.3,40.0,1.0,0.5,18.13
ocsort,UCSD,2,det_thresh0.3_max_age40_min_hits1_iou_threshold0.6,0.2,0.5,41.607,43.705,56.137,19.5,10.0,16.0,78.8,13.12,,573.2,0.3,40.0,1.0,0.6,17.71
ocsort,UCSD,2,det_thresh0.3_max_age40_min_hits1_iou_threshold0.7,0.2,0.5,40.353,43.01,53.555,33.333,9.0,16.0,81.2,12.87,,724.1,0.3,40.0,1.0,0.7,18.21
ocsort,UCSD,2,det_thresh0.3_max_age40_min_hits3_iou_threshold0.2,0.2,0.5,41.038,41.162,56.567,5.667,7.667,17.167,73.3,13.95,,721.6,0.3,40.0,3.0,0.2,18.13
ocsort,UCSD,2,det_thresh0.3_max_age40_min_hits3_iou_threshold0.3,0.2,0.5,41.202,41.173,56.922,6.0,7.667,17.167,83.4,12.32,,491.1,0.3,40.0,3.0,0.3,17.14
ocsort,UCSD,2,det_thresh0.3_max_age40_min_hits3_iou_threshold0.4,0.2,0.5,41.355,41.203,57.073,5.5,7.667,17.167,74.8,13.74,,684.7,0.3,40.0,3.0,0.4,17.85
ocsort,UCSD,2,det_thresh0.3_max_age40_min_hits3_iou_threshold0.5,0.2,0.5,41.162,40.997,56.767,7.667,7.5,17.167,86.7,11.96,,646.3,0.3,40.0,3.0,0.5,17.76
ocsort,UCSD,2,det_thresh0.3_max_age40_min_hits3_iou_threshold0.6,0.2,0.5,39.78,40.463,53.59,13.5,7.167,17.5,77.2,13.21,,723.6,0.3,40.0,3.0,0.6,18.39
ocsort,UCSD,2,det_thresh0.3_max_age40_min_hits3_iou_threshold0.7,0.2,0.5,38.713,39.77,51.557,19.5,6.5,17.5,74.8,13.68,,683.1,0.3,40.0,3.0,0.7,18.6
ocsort,UCSD,2,det_thresh0.3_max_age50_min_hits1_iou_threshold0.2,0.2,0.5,42.905,44.512,59.257,8.167,10.167,15.5,79.9,12.92,,641.5,0.3,50.0,1.0,0.2,18.21
ocsort,UCSD,2,det_thresh0.3_max_age50_min_hits1_iou_threshold0.3,0.2,0.5,43.193,44.485,59.9,8.833,10.167,15.5,80.7,12.87,,514.3,0.3,50.0,1.0,0.3,17.78
ocsort,UCSD,2,det_thresh0.3_max_age50_min_hits1_iou_threshold0.4,0.2,0.5,43.298,44.448,59.858,9.333,10.167,15.667,81.4,12.63,,715.0,0.3,50.0,1.0,0.4,17.87
ocsort,UCSD,2,det_thresh0.3_max_age50_min_hits1_iou_threshold0.5,0.2,0.5,43.148,44.218,59.668,12.167,10.0,15.667,73.8,13.81,,714.3,0.3,50.0,1.0,0.5,18.71
ocsort,UCSD,2,det_thresh0.3_max_age50_min_hits1_iou_threshold0.6,0.2,0.5,41.797,43.645,56.553,20.833,10.0,16.0,83.9,12.2,,514.3,0.3,50.0,1.0,0.6,17.84
ocsort,UCSD,2,det_thresh0.3_max_age50_min_hits1_iou_threshold0.7,0.2,0.5,40.327,42.95,53.465,34.333,9.0,16.0,72.1,14.3,,715.0,0.3,50.0,1.0,0.7,18.96
ocsort,UCSD,2,det_thresh0.3_max_age50_min_hits3_iou_threshold0.2,0.2,0.5,40.947,41.157,56.325,5.333,7.667,17.167,82.1,12.65,,692.0,0.3,50.0,3.0,0.2,17.92
ocsort,UCSD,2,det_thresh0.3_max_age50_min_hits3_iou_threshold0.3,0.2,0.5,41.205,41.163,56.928,5.833,7.667,17.167,75.0,13.69,,495.5,0.3,50.0,3.0,0.3,18.73
ocsort,UCSD,2,det_thresh0.3_max_age50_min_hits3_iou_threshold0.4,0.2,0.5,41.295,41.182,56.935,5.333,7.667,17.167,74.5,13.65,,692.8,0.3,50.0,3.0,0.4,18.58
ocsort,UCSD,2,det_thresh0.3_max_age50_min_hits3_iou_threshold0.5,0.2,0.5,41.162,40.985,56.77,7.5,7.5,17.167,75.8,13.4,,692.0,0.3,50.0,3.0,0.5,18.52
ocsort,UCSD,2,det_thresh0.3_max_age50_min_hits3_iou_threshold0.6,0.2,0.5,39.972,40.412,54.013,13.333,7.167,17.5,76.9,13.35,,495.5,0.3,50.0,3.0,0.6,18.4
ocsort,UCSD,2,det_thresh0.3_max_age50_min_hits3_iou_threshold0.7,0.2,0.5,38.693,39.72,51.498,19.833,6.5,17.833,69.8,14.69,,741.0,0.3,50.0,3.0,0.7,19.62
ocsort,UCSD,2,det_thresh0.3_max_age70_min_hits1_iou_threshold0.2,0.2,0.5,42.967,44.535,59.38,8.0,10.167,15.5,75.7,13.3,,658.9,0.3,70.0,1.0,0.2,18.38
ocsort,UCSD,2,det_thresh0.3_max_age70_min_hits1_iou_threshold0.3,0.2,0.5,43.193,44.498,59.935,9.167,10.167,15.5,72.7,14.28,,482.1,0.3,70.0,1.0,0.3,18.58
ocsort,UCSD,2,det_thresh0.3_max_age70_min_hits1_iou_threshold0.4,0.2,0.5,43.313,44.455,59.9,9.333,10.167,15.667,83.3,12.35,,722.3,0.3,70.0,1.0,0.4,18.49
ocsort,UCSD,2,det_thresh0.3_max_age70_min_hits1_iou_threshold0.5,0.2,0.5,43.15,44.22,59.673,12.333,10.0,15.667,70.3,14.45,,609.4,0.3,70.0,1.0,0.5,18.86
ocsort,UCSD,2,det_thresh0.3_max_age70_min_hits1_iou_threshold0.6,0.2,0.5,41.785,43.632,56.58,21.0,10.0,16.0,78.6,13.15,,686.3,0.3,70.0,1.0,0.6,18.05
ocsort,UCSD,2,det_thresh0.3_max_age70_min_hits1_iou_threshold0.7,0.2,0.5,40.315,42.882,53.452,34.0,9.0,16.0,71.7,14.31,,715.4,0.3,70.0,1.0,0.7,19.11
ocsort,UCSD,2,det_thresh0.3_max_age70_min_hits3_iou_threshold0.2,0.2,0.5,40.982,41.172,56.41,5.0,7.667,17.167,82.5,12.52,,573.0,0.3,70.0,3.0,0.2,18.4
ocsort,UCSD,2,det_thresh0.3_max_age70_min_hits3_iou_threshold0.3,0.2,0.5,41.207,41.168,56.95,5.667,7.667,17.167,74.6,13.7,,616.7,0.3,70.0,3.0,0.3,18.88
ocsort,UCSD,2,det_thresh0.3_max_age70_min_hits3_iou_threshold0.4,0.2,0.5,41.305,41.188,56.965,5.167,7.667,17.167,79.3,12.86,,692.9,0.3,70.0,3.0,0.4,18.22
ocsort,UCSD,2,det_thresh0.3_max_age70_min_hits3_iou_threshold0.5,0.2,0.5,41.167,40.99,56.773,7.5,7.5,17.167,73.8,13.94,,648.1,0.3,70.0,3.0,0.5,18.39
ocsort,UCSD,2,det_thresh0.3_max_age70_min_hits3_iou_threshold0.6,0.2,0.5,39.97,40.413,54.035,13.333,7.167,17.5,78.5,13.01,,693.1,0.3,70.0,3.0,0.6,18.23
ocsort,UCSD,2,det_thresh0.3_max_age70_min_hits3_iou_threshold0.7,0.2,0.5,38.697,39.693,51.495,19.667,6.5,17.833,69.0,14.69,,737.5,0.3,70.0,3.0,0.7,19.47
ocsort,UCSD,2,det_thresh0.3_max_age100_min_hits1_iou_threshold0.2,0.2,0.5,42.97,44.542,59.377,7.833,10.167,15.5,76.1,13.45,,553.8,0.3,100.0,1.0,0.2,17.94
ocsort,UCSD,2,det_thresh0.3_max_age100_min_hits1_iou_threshold0.3,0.2,0.5,43.205,44.508,59.978,9.0,10.167,15.5,73.1,13.95,,670.3,0.3,100.0,1.0,0.3,18.4
ocsort,UCSD,2,det_thresh0.3_max_age100_min_hits1_iou_threshold0.4,0.2,0.5,43.31,44.465,59.928,9.167,10.167,15.667,77.8,13.1,,735.0,0.3,100.0,1.0,0.4,18.42
ocsort,UCSD,2,det_thresh0.3_max_age100_min_hits1_iou_threshold0.5,0.2,0.5,43.115,44.212,59.605,12.833,10.0,15.667,72.9,13.98,,545.6,0.3,100.0,1.0,0.5,18.42
ocsort,UCSD,2,det_thresh0.3_max_age100_min_hits1_iou_threshold0.6,0.2,0.5,41.758,43.62,56.473,21.833,10.0,16.0,75.1,13.51,,697.7,0.3,100.0,1.0,0.6,19.38
ocsort,UCSD,2,det_thresh0.3_max_age100_min_hits1_iou_threshold0.7,0.2,0.5,40.302,42.882,53.473,34.667,9.0,16.0,68.4,14.76,,749.0,0.3,100.0,1.0,0.7,19.28
ocsort,UCSD,2,det_thresh0.3_max_age100_min_hits3_iou_threshold0.2,0.2,0.5,40.987,41.175,56.428,4.833,7.667,17.167,82.1,12.52,,472.5,0.3,100.0,3.0,0.2,18.19
ocsort,UCSD,2,det_thresh0.3_max_age100_min_hits3_iou_threshold0.3,0.2,0.5,41.217,41.177,56.982,5.5,7.667,17.167,69.9,14.49,,715.6,0.3,100.0,3.0,0.3,19.23
ocsort,UCSD,2,det_thresh0.3_max_age100_min_hits3_iou_threshold0.4,0.2,0.5,41.303,41.198,56.982,5.0,7.667,17.167,80.2,12.83,,631.1,0.3,100.0,3.0,0.4,18.21
ocsort,UCSD,2,det_thresh0.3_max_age100_min_hits3_iou_threshold0.5,0.2,0.5,41.133,40.982,56.702,7.667,7.5,17.167,71.6,14.44,,718.9,0.3,100.0,3.0,0.5,18.22
ocsort,UCSD,2,det_thresh0.3_max_age100_min_hits3_iou_threshold0.6,0.2,0.5,39.955,40.405,53.963,13.667,7.167,17.5,77.4,13.27,,673.0,0.3,100.0,3.0,0.6,18.84
ocsort,UCSD,2,det_thresh0.3_max_age100_min_hits3_iou_threshold0.7,0.2,0.5,38.693,39.715,51.533,20.0,6.5,17.667,69.5,14.85,,554.9,0.3,100.0,3.0,0.7,19.36
ocsort,UCSD,2,det_thresh0.4_max_age20_min_hits1_iou_threshold0.2,0.2,0.5,41.727,41.987,57.493,7.5,8.833,17.0,85.6,12.06,,729.7,0.4,20.0,1.0,0.2,17.81
ocsort,UCSD,2,det_thresh0.4_max_age20_min_hits1_iou_threshold0.3,0.2,0.5,41.702,41.958,57.553,8.5,9.0,17.0,77.0,13.29,,641.9,0.4,20.0,1.0,0.3,17.89
ocsort,UCSD,2,det_thresh0.4_max_age20_min_hits1_iou_threshold0.4,0.2,0.5,41.717,41.935,57.335,9.333,9.0,17.0,79.9,12.89,,560.1,0.4,20.0,1.0,0.4,18.09
ocsort,UCSD,2,det_thresh0.4_max_age20_min_hits1_iou_threshold0.5,0.2,0.5,41.212,41.765,56.543,10.833,8.833,17.0,82.8,12.59,,720.2,0.4,20.0,1.0,0.5,17.38
ocsort,UCSD,2,det_thresh0.4_max_age20_min_hits1_iou_threshold0.6,0.2,0.5,40.43,41.245,54.483,17.5,9.0,17.167,73.5,13.95,,650.3,0.4,20.0,1.0,0.6,17.88
ocsort,UCSD,2,det_thresh0.4_max_age20_min_hits1_iou_threshold0.7,0.2,0.5,38.962,40.548,51.607,27.167,8.0,17.5,80.9,12.7,,496.3,0.4,20.0,1.0,0.7,17.55
ocsort,UCSD,2,det_thresh0.4_max_age20_min_hits3_iou_threshold0.2,0.2,0.5,39.538,38.617,54.283,4.333,6.667,18.0,76.7,13.44,,671.9,0.4,20.0,3.0,0.2,18.34
ocsort,UCSD,2,det_thresh0.4_max_age20_min_hits3_iou_threshold0.3,0.2,0.5,39.493,38.552,54.36,5.167,6.833,18.0,83.1,12.44,,646.3,0.4,20.0,3.0,0.3,17.95
ocsort,UCSD,2,det_thresh0.4_max_age20_min_hits3_iou_threshold0.4,0.2,0.5,39.545,38.54,54.188,6.167,6.333,18.0,74.6,13.62,,762.8,0.4,20.0,3.0,0.4,18.34
ocsort,UCSD,2,det_thresh0.4_max_age20_min_hits3_iou_threshold0.5,0.2,0.5,39.15,38.417,53.602,7.667,6.5,18.0,79.6,12.88,,735.0,0.4,20.0,3.0,0.5,18.27
ocsort,UCSD,2,det_thresh0.4_max_age20_min_hits3_iou_threshold0.6,0.2,0.5,38.44,37.977,51.87,11.833,6.167,18.0,78.6,13.12,,545.6,0.4,20.0,3.0,0.6,17.96
ocsort,UCSD,2,det_thresh0.4_max_age20_min_hits3_iou_threshold0.7,0.2,0.5,37.075,37.248,49.275,18.833,5.5,18.0,77.4,13.4,,697.7,0.4,20.0,3.0,0.7,18.1
ocsort,UCSD,2,det_thresh0.4_max_age30_min_hits1_iou_threshold0.2,0.2,0.5,41.882,42.06,57.688,6.167,8.833,17.0,80.1,12.93,,715.7,0.4,30.0,1.0,0.2,18.25
ocsort,UCSD,2,det_thresh0.4_max_age30_min_hits1_iou_threshold0.3,0.2,0.5,41.668,42.01,57.2,7.667,9.0,17.0,74.1,13.68,,512.5,0.4,30.0,1.0,0.3,18.57
ocsort,UCSD,2,det_thresh0.4_max_age30_min_hits1_iou_threshold0.4,0.2,0.5,41.652,41.948,57.25,9.0,9.0,17.0,82.3,12.53,,736.2,0.4,30.0,1.0,0.4,18.15
ocsort,UCSD,2,det_thresh0.4_max_age30_min_hits1_iou_threshold0.5,0.2,0.5,41.26,41.783,56.633,10.333,8.833,17.0,71.9,14.23,,697.7,0.4,30.0,1.0,0.5,18.22
ocsort,UCSD,2,det_thresh0.4_max_age30_min_hits1_iou_threshold0.6,0.2,0.5,40.318,41.285,54.432,17.5,9.0,17.167,78.9,12.95,,472.5,0.4,30.0,1.0,0.6,18.05
ocsort,UCSD,2,det_thresh0.4_max_age30_min_hits1_iou_threshold0.7,0.2,0.5,38.972,40.553,51.632,27.167,8.0,17.5,72.3,14.13,,715.6,0.4,30.0,1.0,0.7,18.49
ocsort,UCSD,2,det_thresh0.4_max_age30_min_hits3_iou_threshold0.2,0.2,0.5,39.658,38.667,54.417,4.0,6.667,18.0,78.2,13.28,,631.1,0.4,30.0,3.0,0.2,17.57
ocsort,UCSD,2,det_thresh0.4_max_age30_min_hits3_iou_threshold0.3,0.2,0.5,39.44,38.612,53.965,4.833,6.833,18.0,76.0,13.59,,718.9,0.4,30.0,3.0,0.3,18.47
ocsort,UCSD,2,det_thresh0.4_max_age30_min_hits3_iou_threshold0.4,0.2,0.5,39.49,38.562,54.083,6.167,6.333,18.0,71.2,14.26,,673.0,0.4,30.0,3.0,0.4,18.29
ocsort,UCSD,2,det_thresh0.4_max_age30_min_hits3_iou_threshold0.5,0.2,0.5,39.173,38.418,53.62,7.333,6.5,18.0,85.9,12.12,,521.2,0.4,30.0,3.0,0.5,17.62
ocsort,UCSD,2,det_thresh0.4_max_age30_min_hits3_iou_threshold0.6,0.2,0.5,38.353,37.985,51.808,12.0,6.167,18.0,76.1,13.63,,762.5,0.4,30.0,3.0,0.6,18.57
ocsort,UCSD,2,det_thresh0.4_max_age30_min_hits3_iou_threshold0.7,0.2,0.5,37.073,37.238,49.277,18.667,5.5,18.0,77.5,13.14,,631.1,0.4,30.0,3.0,0.7,18.44
ocsort,UCSD,2,det_thresh0.4_max_age40_min_hits1_iou_threshold0.2,0.2,0.5,41.83,42.075,57.343,6.333,8.833,17.0,77.8,13.26,,718.9,0.4,40.0,1.0,0.2,18.18
ocsort,UCSD,2,det_thresh0.4_max_age40_min_hits1_iou_threshold0.3,0.2,0.5,41.64,42.025,56.912,7.5,9.0,17.0,78.1,13.25,,673.0,0.4,40.0,1.0,0.3,17.99
ocsort,UCSD,2,det_thresh0.4_max_age40_min_hits1_iou_threshold0.4,0.2,0.5,41.665,41.958,57.162,8.833,9.0,17.0,76.9,13.4,,521.2,0.4,40.0,1.0,0.4,18.18
ocsort,UCSD,2,det_thresh0.4_max_age40_min_hits1_iou_threshold0.5,0.2,0.5,41.278,41.775,56.647,10.167,8.833,17.0,73.9,13.76,,762.5,0.4,40.0,1.0,0.5,18.42
ocsort,UCSD,2,det_thresh0.4_max_age40_min_hits1_iou_threshold0.6,0.2,0.5,40.348,41.323,54.512,17.167,9.0,17.167,81.8,12.58,,631.1,0.4,40.0,1.0,0.6,18.16
ocsort,UCSD,2,det_thresh0.4_max_age40_min_hits1_iou_threshold0.7,0.2,0.5,38.93,40.488,51.572,27.833,8.0,17.5,73.5,14.1,,718.9,0.4,40.0,1.0,0.7,18.42
ocsort,UCSD,2,det_thresh0.4_max_age40_min_hits3_iou_threshold0.2,0.2,0.5,39.628,38.69,54.165,3.833,6.667,18.0,81.6,12.56,,714.8,0.4,40.0,3.0,0.2,18.23
ocsort,UCSD,2,det_thresh0.4_max_age40_min_hits3_iou_threshold0.3,0.2,0.5,39.418,38.63,53.743,4.667,6.833,18.0,71.3,14.22,,560.1,0.4,40.0,3.0,0.3,18.41
ocsort,UCSD,2,det_thresh0.4_max_age40_min_hits3_iou_threshold0.4,0.2,0.5,39.5,38.577,54.033,6.0,6.333,18.0,79.6,12.83,,720.2,0.4,40.0,3.0,0.4,17.98
ocsort,UCSD,2,det_thresh0.4_max_age40_min_hits3_iou_threshold0.5,0.2,0.5,39.182,38.422,53.628,7.167,6.5,18.0,77.8,13.3,,650.3,0.4,40.0,3.0,0.5,18.28
ocsort,UCSD,2,det_thresh0.4_max_age40_min_hits3_iou_threshold0.6,0.2,0.5,38.368,38.023,51.852,11.667,6.167,18.0,74.8,13.75,,496.3,0.4,40.0,3.0,0.6,18.19
ocsort,UCSD,2,det_thresh0.4_max_age40_min_hits3_iou_threshold0.7,0.2,0.5,37.052,37.212,49.232,18.667,5.5,18.167,76.6,13.52,,671.9,0.4,40.0,3.0,0.7,18.23
ocsort,UCSD,2,det_thresh0.4_max_age50_min_hits1_iou_threshold0.2,0.2,0.5,41.812,42.093,57.265,6.333,9.0,17.0,70.7,14.26,,672.7,0.4,50.0,1.0,0.2,18.93
ocsort,UCSD,2,det_thresh0.4_max_age50_min_hits1_iou_threshold0.3,0.2,0.5,41.683,42.043,57.038,7.0,9.0,17.0,84.1,12.16,,516.0,0.4,50.0,1.0,0.3,18.32
ocsort,UCSD,2,det_thresh0.4_max_age50_min_hits1_iou_threshold0.4,0.2,0.5,41.71,41.977,57.285,8.5,9.0,17.0,73.4,14.06,,788.0,0.4,50.0,1.0,0.4,18.75
ocsort,UCSD,2,det_thresh0.4_max_age50_min_hits1_iou_threshold0.5,0.2,0.5,41.323,41.792,56.772,9.833,8.833,17.0,69.6,14.4,,598.1,0.4,50.0,1.0,0.5,19.15
ocsort,UCSD,2,det_thresh0.4_max_age50_min_hits1_iou_threshold0.6,0.2,0.5,40.347,41.315,54.508,17.333,9.0,17.167,71.8,14.19,,649.2,0.4,50.0,1.0,0.6,19.98
ocsort,UCSD,2,det_thresh0.4_max_age50_min_hits1_iou_threshold0.7,0.2,0.5,38.898,40.452,51.532,28.0,7.833,17.5,72.8,14.06,,658.2,0.4,50.0,1.0,0.7,18.58
ocsort,UCSD,2,det_thresh0.4_max_age50_min_hits3_iou_threshold0.2,0.2,0.5,39.602,38.69,54.06,3.667,6.667,18.0,78.4,13.1,,641.9,0.4,50.0,3.0,0.2,18.34
ocsort,UCSD,2,det_thresh0.4_max_age50_min_hits3_iou_threshold0.3,0.2,0.5,39.433,38.64,53.782,4.167,6.833,18.0,74.5,13.62,,560.1,0.4,50.0,3.0,0.3,18.53
ocsort,UCSD,2,det_thresh0.4_max_age50_min_hits3_iou_threshold0.4,0.2,0.5,39.515,38.592,54.077,5.5,6.333,18.0,73.6,13.75,,720.2,0.4,50.0,3.0,0.4,18.29
ocsort,UCSD,2,det_thresh0.4_max_age50_min_hits3_iou_threshold0.5,0.2,0.5,39.197,38.438,53.672,6.667,6.5,18.0,73.7,13.6,,650.3,0.4,50.0,3.0,0.5,18.38
ocsort,UCSD,2,det_thresh0.4_max_age50_min_hits3_iou_threshold0.6,0.2,0.5,38.368,38.023,51.852,11.667,6.167,18.0,68.7,14.61,,496.3,0.4,50.0,3.0,0.6,18.65
ocsort,UCSD,2,det_thresh0.4_max_age50_min_hits3_iou_threshold0.7,0.2,0.5,37.02,37.172,49.193,18.833,5.333,18.167,67.0,14.94,,671.9,0.4,50.0,3.0,0.7,18.26
ocsort,UCSD,2,det_thresh0.4_max_age70_min_hits1_iou_threshold0.2,0.2,0.5,41.843,42.087,57.357,6.167,9.0,17.0,68.2,14.67,,672.7,0.4,70.0,1.0,0.2,17.26
ocsort,UCSD,2,det_thresh0.4_max_age70_min_hits1_iou_threshold0.3,0.2,0.5,41.648,42.047,56.86,7.0,9.0,17.0,67.6,14.79,,516.0,0.4,70.0,1.0,0.3,17.92
ocsort,UCSD,2,det_thresh0.4_max_age70_min_hits1_iou_threshold0.4,0.2,0.5,41.678,41.953,57.265,8.833,9.0,17.0,67.8,14.75,,788.0,0.4,70.0,1.0,0.4,17.72
ocsort,UCSD,2,det_thresh0.4_max_age70_min_hits1_iou_threshold0.5,0.2,0.5,41.317,41.783,56.757,10.0,8.833,17.0,73.2,13.97,,598.1,0.4,70.0,1.0,0.5,17.74
ocsort,UCSD,2,det_thresh0.4_max_age70_min_hits1_iou_threshold0.6,0.2,0.5,40.337,41.307,54.502,17.333,9.0,17.167,81.2,12.62,,649.2,0.4,70.0,1.0,0.6,18.15
ocsort,UCSD,2,det_thresh0.4_max_age70_min_hits1_iou_threshold0.7,0.2,0.5,38.938,40.493,51.52,28.0,8.0,17.333,71.6,14.21,,658.2,0.4,70.0,1.0,0.7,19.11
ocsort,UCSD,2,det_thresh0.4_max_age70_min_hits3_iou_threshold0.2,0.2,0.5,39.632,38.695,54.11,3.5,6.667,18.0,79.0,12.96,,641.9,0.4,70.0,3.0,0.2,17.98
ocsort,UCSD,2,det_thresh0.4_max_age70_min_hits3_iou_threshold0.3,0.2,0.5,39.408,38.645,53.618,4.167,6.833,18.0,80.8,12.77,,560.1,0.4,70.0,3.0,0.3,17.55
ocsort,UCSD,2,det_thresh0.4_max_age70_min_hits3_iou_threshold0.4,0.2,0.5,39.502,38.578,54.067,5.5,6.333,18.0,76.1,13.49,,720.2,0.4,70.0,3.0,0.4,18.32
ocsort,UCSD,2,det_thresh0.4_max_age70_min_hits3_iou_threshold0.5,0.2,0.5,39.195,38.432,53.668,6.667,6.5,18.0,80.4,12.87,,650.3,0.4,70.0,3.0,0.5,17.98
ocsort,UCSD,2,det_thresh0.4_max_age70_min_hits3_iou_threshold0.6,0.2,0.5,38.365,38.02,51.852,11.667,6.167,18.0,72.4,14.1,,496.3,0.4,70.0,3.0,0.6,18.34
ocsort,UCSD,2,det_thresh0.4_max_age70_min_hits3_iou_threshold0.7,0.2,0.5,37.068,37.228,49.198,18.833,5.5,18.167,75.2,13.66,,671.9,0.4,70.0,3.0,0.7,19.13
ocsort,UCSD,2,det_thresh0.4_max_age100_min_hits1_iou_threshold0.2,0.2,0.5,41.84,42.103,57.433,5.833,9.0,17.0,74.0,13.8,,672.7,0.4,100.0,1.0,0.2,18.57
ocsort,UCSD,2,det_thresh0.4_max_age100_min_hits1_iou_threshold0.3,0.2,0.5,41.655,42.068,56.917,6.667,9.0,17.0,84.1,12.32,,516.0,0.4,100.0,1.0,0.3,17.68
ocsort,UCSD,2,det_thresh0.4_max_age100_min_hits1_iou_threshold0.4,0.2,0.5,41.547,41.957,57.168,9.5,9.0,17.0,74.9,13.74,,788.0,0.4,100.0,1.0,0.4,18.49
ocsort,UCSD,2,det_thresh0.4_max_age100_min_hits1_iou_threshold0.5,0.2,0.5,41.283,41.772,56.663,10.5,8.833,17.0,80.9,12.65,,598.1,0.4,100.0,1.0,0.5,18.26
ocsort,UCSD,2,det_thresh0.4_max_age100_min_hits1_iou_threshold0.6,0.2,0.5,40.323,41.292,54.435,17.833,9.0,17.167,72.5,14.08,,649.2,0.4,100.0,1.0,0.6,18.32
ocsort,UCSD,2,det_thresh0.4_max_age100_min_hits1_iou_threshold0.7,0.2,0.5,38.917,40.488,51.5,28.167,8.0,17.333,75.4,13.5,,658.2,0.4,100.0,1.0,0.7,18.96
ocsort,UCSD,2,det_thresh0.4_max_age100_min_hits3_iou_threshold0.2,0.2,0.5,39.632,38.717,54.15,3.167,6.667,18.0,76.3,13.47,,650.3,0.4,100.0,3.0,0.2,18.52
ocsort,UCSD,2,det_thresh0.4_max_age100_min_hits3_iou_threshold0.3,0.2,0.5,39.407,38.655,53.642,3.833,6.833,18.0,76.5,13.39,,496.3,0.4,100.0,3.0,0.3,18.71
ocsort,UCSD,2,det_thresh0.4_max_age100_min_hits3_iou_threshold0.4,0.2,0.5,39.348,38.568,53.937,5.5,6.333,18.0,76.7,13.59,,671.9,0.4,100.0,3.0,0.4,18.09
ocsort,UCSD,2,det_thresh0.4_max_age100_min_hits3_iou_threshold0.5,0.2,0.5,39.173,38.415,53.6,7.0,6.5,18.0,75.8,13.56,,646.3,0.4,100.0,3.0,0.5,18.4
ocsort,UCSD,2,det_thresh0.4_max_age100_min_hits3_iou_threshold0.6,0.2,0.5,38.348,38.007,51.79,12.0,6.167,18.0,80.0,12.86,,762.8,0.4,100.0,3.0,0.6,18.38
ocsort,UCSD,2,det_thresh0.4_max_age100_min_hits3_iou_threshold0.7,0.2,0.5,37.058,37.237,49.185,19.0,5.5,18.167,68.2,14.91,,772.9,0.4,100.0,3.0,0.7,19.23
ocsort,UCSD,2,det_thresh0.5_max_age20_min_hits1_iou_threshold0.2,0.2,0.5,39.985,39.472,54.295,7.5,7.833,18.0,78.9,12.9,,491.1,0.5,20.0,1.0,0.2,17.84
ocsort,UCSD,2,det_thresh0.5_max_age20_min_hits1_iou_threshold0.3,0.2,0.5,39.998,39.44,54.477,7.833,7.833,18.0,73.0,14.11,,684.7,0.5,20.0,1.0,0.3,18.05
ocsort,UCSD,2,det_thresh0.5_max_age20_min_hits1_iou_threshold0.4,0.2,0.5,40.138,39.427,54.717,7.833,7.667,18.0,82.8,12.42,,649.3,0.5,20.0,1.0,0.4,17.77
ocsort,UCSD,2,det_thresh0.5_max_age20_min_hits1_iou_threshold0.5,0.2,0.5,39.283,39.168,53.365,11.833,7.5,18.0,80.1,12.92,,512.5,0.5,20.0,1.0,0.5,17.74
ocsort,UCSD,2,det_thresh0.5_max_age20_min_hits1_iou_threshold0.6,0.2,0.5,38.477,38.853,51.392,16.167,7.5,18.0,79.5,13.09,,659.1,0.5,20.0,1.0,0.6,17.76
ocsort,UCSD,2,det_thresh0.5_max_age20_min_hits1_iou_threshold0.7,0.2,0.5,36.962,38.142,48.483,25.0,6.833,18.0,75.6,13.57,,721.6,0.5,20.0,1.0,0.7,17.96
ocsort,UCSD,2,det_thresh0.5_max_age20_min_hits3_iou_threshold0.2,0.2,0.5,37.757,36.17,51.068,4.167,6.0,18.833,78.1,13.13,,491.1,0.5,20.0,3.0,0.2,17.99
ocsort,UCSD,2,det_thresh0.5_max_age20_min_hits3_iou_threshold0.3,0.2,0.5,37.747,36.115,51.172,4.833,6.167,18.833,80.6,12.68,,684.7,0.5,20.0,3.0,0.3,18.2
ocsort,UCSD,2,det_thresh0.5_max_age20_min_hits3_iou_threshold0.4,0.2,0.5,37.867,36.107,51.403,5.0,6.167,19.0,71.0,14.33,,646.3,0.5,20.0,3.0,0.4,18.2
ocsort,UCSD,2,det_thresh0.5_max_age20_min_hits3_iou_threshold0.5,0.2,0.5,37.172,35.91,50.348,7.833,6.0,19.0,79.5,12.76,,723.6,0.5,20.0,3.0,0.5,18.08
ocsort,UCSD,2,det_thresh0.5_max_age20_min_hits3_iou_threshold0.6,0.2,0.5,36.47,35.603,48.733,11.333,5.667,19.0,75.5,13.53,,684.3,0.5,20.0,3.0,0.6,18.7
ocsort,UCSD,2,det_thresh0.5_max_age20_min_hits3_iou_threshold0.7,0.2,0.5,35.142,34.868,46.125,17.5,4.833,19.0,76.9,13.28,,573.2,0.5,20.0,3.0,0.7,19.12
ocsort,UCSD,2,det_thresh0.5_max_age30_min_hits1_iou_threshold0.2,0.2,0.5,39.902,39.498,54.125,7.833,8.0,18.0,71.0,14.28,,724.1,0.5,30.0,1.0,0.2,19.28
ocsort,UCSD,2,det_thresh0.5_max_age30_min_hits1_iou_threshold0.3,0.2,0.5,40.185,39.498,54.852,7.667,7.833,18.0,78.1,13.17,,723.0,0.5,30.0,1.0,0.3,17.61
ocsort,UCSD,2,det_thresh0.5_max_age30_min_hits1_iou_threshold0.4,0.2,0.5,39.937,39.458,54.358,8.0,7.833,18.0,76.4,13.31,,472.5,0.5,30.0,1.0,0.4,19.12
ocsort,UCSD,2,det_thresh0.5_max_age30_min_hits1_iou_threshold0.5,0.2,0.5,39.408,39.232,53.61,10.667,7.667,18.0,81.3,12.65,,715.6,0.5,30.0,1.0,0.5,18.47
ocsort,UCSD,2,det_thresh0.5_max_age30_min_hits1_iou_threshold0.6,0.2,0.5,38.73,38.872,51.977,16.167,7.5,18.0,77.5,13.13,,631.1,0.5,30.0,1.0,0.6,18.81
ocsort,UCSD,2,det_thresh0.5_max_age30_min_hits1_iou_threshold0.7,0.2,0.5,37.133,38.15,48.833,25.5,6.833,18.0,77.0,13.2,,718.9,0.5,30.0,1.0,0.7,18.45
ocsort,UCSD,2,det_thresh0.5_max_age30_min_hits3_iou_threshold0.2,0.2,0.5,37.653,36.173,50.893,4.0,6.0,18.833,79.2,12.97,,673.0,0.5,30.0,3.0,0.2,18.38
ocsort,UCSD,2,det_thresh0.5_max_age30_min_hits3_iou_threshold0.3,0.2,0.5,37.878,36.138,51.45,4.0,6.167,18.833,82.6,12.3,,521.2,0.5,30.0,3.0,0.3,18.22
ocsort,UCSD,2,det_thresh0.5_max_age30_min_hits3_iou_threshold0.4,0.2,0.5,37.643,36.117,51.017,4.833,6.167,19.0,74.3,13.57,,762.5,0.5,30.0,3.0,0.4,18.9
ocsort,UCSD,2,det_thresh0.5_max_age30_min_hits3_iou_threshold0.5,0.2,0.5,37.278,35.945,50.515,7.167,6.0,19.0,82.1,12.45,,631.1,0.5,30.0,3.0,0.5,17.86
ocsort,UCSD,2,det_thresh0.5_max_age30_min_hits3_iou_threshold0.6,0.2,0.5,36.717,35.607,49.245,10.667,5.667,19.0,72.1,14.04,,718.9,0.5,30.0,3.0,0.6,18.98
ocsort,UCSD,2,det_thresh0.5_max_age30_min_hits3_iou_threshold0.7,0.2,0.5,35.293,34.857,46.417,17.167,4.833,19.0,81.7,12.44,,673.0,0.5,30.0,3.0,0.7,18.82
ocsort,UCSD,2,det_thresh0.5_max_age40_min_hits1_iou_threshold0.2,0.2,0.5,39.99,39.513,54.345,7.667,8.0,18.0,71.8,14.14,,521.2,0.5,40.0,1.0,0.2,19.02
ocsort,UCSD,2,det_thresh0.5_max_age40_min_hits1_iou_threshold0.3,0.2,0.5,40.27,39.522,55.087,7.333,7.833,18.0,85.9,11.92,,762.5,0.5,40.0,1.0,0.3,18.29
ocsort,UCSD,2,det_thresh0.5_max_age40_min_hits1_iou_threshold0.4,0.2,0.5,40.103,39.475,54.648,7.667,7.833,18.0,70.6,14.3,,631.1,0.5,40.0,1.0,0.4,19.56
ocsort,UCSD,2,det_thresh0.5_max_age40_min_hits1_iou_threshold0.5,0.2,0.5,39.462,39.248,53.665,10.167,7.667,18.0,77.3,13.14,,718.9,0.5,40.0,1.0,0.5,18.97
ocsort,UCSD,2,det_thresh0.5_max_age40_min_hits1_iou_threshold0.6,0.2,0.5,38.69,38.887,51.89,16.333,7.5,18.0,75.4,13.77,,673.0,0.5,40.0,1.0,0.6,18.42
ocsort,UCSD,2,det_thresh0.5_max_age40_min_hits1_iou_threshold0.7,0.2,0.5,37.098,37.938,48.865,25.667,6.833,18.0,80.9,12.62,,556.0,0.5,40.0,1.0,0.7,18.24
ocsort,UCSD,2,det_thresh0.5_max_age40_min_hits3_iou_threshold0.2,0.2,0.5,37.742,36.18,51.105,4.167,6.0,18.833,70.0,14.38,,748.8,0.5,40.0,3.0,0.2,19.88
ocsort,UCSD,2,det_thresh0.5_max_age40_min_hits3_iou_threshold0.3,0.2,0.5,37.965,36.143,51.663,4.167,6.167,18.833,83.8,12.31,,649.3,0.5,40.0,3.0,0.3,17.97
ocsort,UCSD,2,det_thresh0.5_max_age40_min_hits3_iou_threshold0.4,0.2,0.5,37.785,36.13,51.282,4.667,6.167,19.0,76.8,13.28,,512.5,0.5,40.0,3.0,0.4,19.02
ocsort,UCSD,2,det_thresh0.5_max_age40_min_hits3_iou_threshold0.5,0.2,0.5,37.307,35.972,50.535,6.833,6.0,19.0,76.3,13.53,,659.1,0.5,40.0,3.0,0.5,18.64
ocsort,UCSD,2,det_thresh0.5_max_age40_min_hits3_iou_threshold0.6,0.2,0.5,36.692,35.637,49.173,10.833,5.667,19.0,70.5,14.31,,721.6,0.5,40.0,3.0,0.6,19.27
ocsort,UCSD,2,det_thresh0.5_max_age40_min_hits3_iou_threshold0.7,0.2,0.5,35.257,34.68,46.443,16.833,4.833,19.167,78.4,12.89,,475.1,0.5,40.0,3.0,0.7,18.92
ocsort,UCSD,2,det_thresh0.5_max_age50_min_hits1_iou_threshold0.2,0.2,0.5,40.035,39.547,54.323,7.0,8.0,18.0,73.0,13.89,,726.0,0.5,50.0,1.0,0.2,19.26
ocsort,UCSD,2,det_thresh0.5_max_age50_min_hits1_iou_threshold0.3,0.2,0.5,40.238,39.53,54.905,7.167,7.833,18.0,75.4,13.54,,618.5,0.5,50.0,1.0,0.3,19.24
ocsort,UCSD,2,det_thresh0.5_max_age50_min_hits1_iou_threshold0.4,0.2,0.5,40.107,39.478,54.652,7.667,7.833,18.0,76.0,13.46,,695.1,0.5,50.0,1.0,0.4,18.88
ocsort,UCSD,2,det_thresh0.5_max_age50_min_hits1_iou_threshold0.5,0.2,0.5,39.463,39.252,53.667,10.333,7.667,18.0,80.6,12.81,,694.1,0.5,50.0,1.0,0.5,17.72
ocsort,UCSD,2,det_thresh0.5_max_age50_min_hits1_iou_threshold0.6,0.2,0.5,38.685,38.868,51.872,16.5,7.5,18.167,74.0,13.74,,618.5,0.5,50.0,1.0,0.6,18.94
ocsort,UCSD,2,det_thresh0.5_max_age50_min_hits1_iou_threshold0.7,0.2,0.5,37.072,37.913,48.835,25.833,6.667,18.0,76.7,13.39,,695.1,0.5,50.0,1.0,0.7,18.86
ocsort,UCSD,2,det_thresh0.5_max_age50_min_hits3_iou_threshold0.2,0.2,0.5,37.768,36.207,51.053,3.833,6.0,18.833,76.4,13.47,,712.2,0.5,50.0,3.0,0.2,18.36
ocsort,UCSD,2,det_thresh0.5_max_age50_min_hits3_iou_threshold0.3,0.2,0.5,37.932,36.153,51.5,4.167,6.167,18.833,74.4,13.61,,553.8,0.5,50.0,3.0,0.3,19.31
ocsort,UCSD,2,det_thresh0.5_max_age50_min_hits3_iou_threshold0.4,0.2,0.5,37.782,36.13,51.282,4.667,6.167,19.0,77.7,13.19,,717.9,0.5,50.0,3.0,0.4,18.01
ocsort,UCSD,2,det_thresh0.5_max_age50_min_hits3_iou_threshold0.5,0.2,0.5,37.307,35.972,50.535,6.833,6.0,19.0,81.4,12.62,,672.7,0.5,50.0,3.0,0.5,17.93
ocsort,UCSD,2,det_thresh0.5_max_age50_min_hits3_iou_threshold0.6,0.2,0.5,36.69,35.625,49.17,10.833,5.667,19.0,73.3,13.81,,516.0,0.5,50.0,3.0,0.6,18.53
ocsort,UCSD,2,det_thresh0.5_max_age50_min_hits3_iou_threshold0.7,0.2,0.5,35.228,34.658,46.42,16.833,4.667,19.167,77.3,13.23,,711.4,0.5,50.0,3.0,0.7,18.65
ocsort,UCSD,2,det_thresh0.5_max_age70_min_hits1_iou_threshold0.2,0.2,0.5,39.975,39.56,54.333,6.667,8.0,18.0,74.5,13.89,,646.3,0.5,70.0,1.0,0.2,18.58
ocsort,UCSD,2,det_thresh0.5_max_age70_min_hits1_iou_threshold0.3,0.2,0.5,40.257,39.5,54.887,7.667,7.833,18.0,83.4,12.42,,762.8,0.5,70.0,1.0,0.3,17.38
ocsort,UCSD,2,det_thresh0.5_max_age70_min_hits1_iou_threshold0.4,0.2,0.5,40.028,39.467,54.497,7.667,7.833,18.0,68.5,14.73,,735.0,0.5,70.0,1.0,0.4,19.56
ocsort,UCSD,2,det_thresh0.5_max_age70_min_hits1_iou_threshold0.5,0.2,0.5,39.378,39.23,53.5,10.333,7.667,18.0,83.3,12.31,,545.6,0.5,70.0,1.0,0.5,18.06
ocsort,UCSD,2,det_thresh0.5_max_age70_min_hits1_iou_threshold0.6,0.2,0.5,38.69,38.865,51.875,16.5,7.5,18.167,74.4,13.61,,697.7,0.5,70.0,1.0,0.6,18.91
ocsort,UCSD,2,det_thresh0.5_max_age70_min_hits1_iou_threshold0.7,0.2,0.5,37.108,37.895,48.857,26.0,6.833,18.167,76.2,13.33,,750.1,0.5,70.0,1.0,0.7,18.48
ocsort,UCSD,2,det_thresh0.5_max_age70_min_hits3_iou_threshold0.2,0.2,0.5,37.715,36.21,51.09,3.667,6.0,18.833,72.3,14.01,,489.8,0.5,70.0,3.0,0.2,19.35
ocsort,UCSD,2,det_thresh0.5_max_age70_min_hits3_iou_threshold0.3,0.2,0.5,37.948,36.138,51.66,4.333,6.167,19.0,79.3,12.85,,697.6,0.5,70.0,3.0,0.3,18.61
ocsort,UCSD,2,det_thresh0.5_max_age70_min_hits3_iou_threshold0.4,0.2,0.5,37.722,36.11,51.147,4.667,6.167,19.0,72.6,13.96,,694.5,0.5,70.0,3.0,0.4,19.61
ocsort,UCSD,2,det_thresh0.5_max_age70_min_hits3_iou_threshold0.5,0.2,0.5,37.235,35.943,50.417,7.0,6.0,19.0,77.5,13.07,,472.5,0.5,70.0,3.0,0.5,19.07
ocsort,UCSD,2,det_thresh0.5_max_age70_min_hits3_iou_threshold0.6,0.2,0.5,36.695,35.627,49.177,10.833,5.667,19.0,69.9,14.47,,715.6,0.5,70.0,3.0,0.6,19.49
ocsort,UCSD,2,det_thresh0.5_max_age70_min_hits3_iou_threshold0.7,0.2,0.5,35.277,34.692,46.482,16.833,4.833,19.167,75.8,13.51,,662.3,0.5,70.0,3.0,0.7,18.73
ocsort,UCSD,2,det_thresh0.5_max_age100_min_hits1_iou_threshold0.2,0.2,0.5,39.975,39.563,54.335,6.667,8.0,18.0,73.7,13.72,,739.4,0.5,100.0,1.0,0.2,18.97
ocsort,UCSD,2,det_thresh0.5_max_age100_min_hits1_iou_threshold0.3,0.2,0.5,40.257,39.5,54.887,7.667,7.833,18.0,80.1,12.69,,697.3,0.5,100.0,1.0,0.3,18.96
ocsort,UCSD,2,det_thresh0.5_max_age100_min_hits1_iou_threshold0.4,0.2,0.5,40.027,39.463,54.497,7.667,7.833,18.0,68.6,14.65,,618.5,0.5,100.0,1.0,0.4,20.11
ocsort,UCSD,2,det_thresh0.5_max_age100_min_hits1_iou_threshold0.5,0.2,0.5,39.373,39.225,53.493,10.5,7.667,18.0,71.8,14.02,,695.1,0.5,100.0,1.0,0.5,19.85
ocsort,UCSD,2,det_thresh0.5_max_age100_min_hits1_iou_threshold0.6,0.2,0.5,38.638,38.858,51.845,16.333,7.5,18.167,74.0,13.68,,694.1,0.5,100.0,1.0,0.6,19.98
ocsort,UCSD,2,det_thresh0.5_max_age100_min_hits1_iou_threshold0.7,0.2,0.5,37.095,37.818,48.785,25.833,6.833,18.167,68.3,14.73,,605.8,0.5,100.0,1.0,0.7,20.26
ocsort,UCSD,2,det_thresh0.5_max_age100_min_hits3_iou_threshold0.2,0.2,0.5,37.715,36.213,51.092,3.667,6.0,18.833,78.8,13.01,,682.3,0.5,100.0,3.0,0.2,17.92
ocsort,UCSD,2,det_thresh0.5_max_age100_min_hits3_iou_threshold0.3,0.2,0.5,37.948,36.138,51.66,4.333,6.167,19.0,75.6,13.56,,719.3,0.5,100.0,3.0,0.3,18.49
ocsort,UCSD,2,det_thresh0.5_max_age100_min_hits3_iou_threshold0.4,0.2,0.5,37.718,36.107,51.145,4.667,6.167,19.0,80.7,12.66,,510.2,0.5,100.0,3.0,0.4,18.55
ocsort,UCSD,2,det_thresh0.5_max_age100_min_hits3_iou_threshold0.5,0.2,0.5,37.232,35.94,50.415,7.0,6.0,19.0,72.1,14.22,,700.2,0.5,100.0,3.0,0.5,18.62
ocsort,UCSD,2,det_thresh0.5_max_age100_min_hits3_iou_threshold0.6,0.2,0.5,36.663,35.618,49.162,11.0,5.667,19.0,79.7,12.78,,670.2,0.5,100.0,3.0,0.6,18.82
ocsort,UCSD,2,det_thresh0.5_max_age100_min_hits3_iou_threshold0.7,0.2,0.5,35.275,34.652,46.438,16.5,4.833,19.167,69.3,14.58,,722.8,0.5,100.0,3.0,0.7,20.01
ocsort,UCSD,2,det_thresh0.6_max_age20_min_hits1_iou_threshold0.2,0.2,0.5,38.35,36.808,51.77,5.667,6.667,19.0,80.2,12.64,,683.8,0.6,20.0,1.0,0.2,17.99
ocsort,UCSD,2,det_thresh0.6_max_age20_min_hits1_iou_threshold0.3,0.2,0.5,38.518,36.788,52.172,5.667,6.667,19.0,75.0,13.46,,666.5,0.6,20.0,1.0,0.3,18.79
ocsort,UCSD,2,det_thresh0.6_max_age20_min_hits1_iou_threshold0.4,0.2,0.5,38.485,36.723,52.018,6.833,6.5,19.167,84.1,12.09,,714.4,0.6,20.0,1.0,0.4,18.53
ocsort,UCSD,2,det_thresh0.6_max_age20_min_hits1_iou_threshold0.5,0.2,0.5,37.888,36.54,51.15,9.5,6.667,19.167,74.6,13.65,,715.3,0.6,20.0,1.0,0.5,18.83
ocsort,UCSD,2,det_thresh0.6_max_age20_min_hits1_iou_threshold0.6,0.2,0.5,36.873,36.122,49.06,15.0,6.5,19.167,79.0,12.92,,666.5,0.6,20.0,1.0,0.6,18.11
ocsort,UCSD,2,det_thresh0.6_max_age20_min_hits1_iou_threshold0.7,0.2,0.5,35.257,35.473,45.717,25.167,6.0,19.167,74.0,13.84,,714.4,0.6,20.0,1.0,0.7,18.32
ocsort,UCSD,2,det_thresh0.6_max_age20_min_hits3_iou_threshold0.2,0.2,0.5,35.913,33.278,48.287,3.0,4.5,20.167,77.9,12.99,,715.3,0.6,20.0,3.0,0.2,18.57
ocsort,UCSD,2,det_thresh0.6_max_age20_min_hits3_iou_threshold0.3,0.2,0.5,36.023,33.262,48.597,3.0,4.5,20.167,76.1,13.51,,666.5,0.6,20.0,3.0,0.3,18.61
ocsort,UCSD,2,det_thresh0.6_max_age20_min_hits3_iou_threshold0.4,0.2,0.5,36.057,33.212,48.562,3.833,4.5,20.167,79.4,12.87,,714.4,0.6,20.0,3.0,0.4,18.78
ocsort,UCSD,2,det_thresh0.6_max_age20_min_hits3_iou_threshold0.5,0.2,0.5,35.643,33.088,47.95,6.0,4.5,20.167,74.1,13.56,,715.3,0.6,20.0,3.0,0.5,19.04
ocsort,UCSD,2,det_thresh0.6_max_age20_min_hits3_iou_threshold0.6,0.2,0.5,34.855,32.787,46.235,9.5,4.5,20.167,78.4,13.11,,666.5,0.6,20.0,3.0,0.6,17.4
ocsort,UCSD,2,det_thresh0.6_max_age20_min_hits3_iou_threshold0.7,0.2,0.5,33.445,32.19,43.26,15.667,4.0,20.167,74.1,13.77,,714.4,0.6,20.0,3.0,0.7,18.25
ocsort,UCSD,2,det_thresh0.6_max_age30_min_hits1_iou_threshold0.2,0.2,0.5,38.382,36.852,51.927,5.667,6.667,19.0,79.9,12.77,,715.3,0.6,30.0,1.0,0.2,18.26
ocsort,UCSD,2,det_thresh0.6_max_age30_min_hits1_iou_threshold0.3,0.2,0.5,38.827,36.82,52.912,5.833,6.667,19.0,78.6,13.11,,666.5,0.6,30.0,1.0,0.3,18.5
ocsort,UCSD,2,det_thresh0.6_max_age30_min_hits1_iou_threshold0.4,0.2,0.5,38.345,36.77,51.895,6.167,6.5,19.167,75.8,13.49,,714.4,0.6,30.0,1.0,0.4,18.71
ocsort,UCSD,2,det_thresh0.6_max_age30_min_hits1_iou_threshold0.5,0.2,0.5,38.165,36.572,51.807,9.0,6.667,19.167,80.6,12.82,,715.3,0.6,30.0,1.0,0.5,18.33
ocsort,UCSD,2,det_thresh0.6_max_age30_min_hits1_iou_threshold0.6,0.2,0.5,37.072,36.123,49.433,14.333,6.5,19.167,74.6,13.55,,666.5,0.6,30.0,1.0,0.6,19.22
ocsort,UCSD,2,det_thresh0.6_max_age30_min_hits1_iou_threshold0.7,0.2,0.5,35.51,35.435,46.318,25.667,6.0,19.167,78.9,13.11,,714.4,0.6,30.0,1.0,0.7,18.47
ocsort,UCSD,2,det_thresh0.6_max_age30_min_hits3_iou_threshold0.2,0.2,0.5,35.87,33.307,48.343,2.5,4.5,20.167,77.6,13.15,,715.3,0.6,30.0,3.0,0.2,17.71
ocsort,UCSD,2,det_thresh0.6_max_age30_min_hits3_iou_threshold0.3,0.2,0.5,36.242,33.302,49.195,2.167,4.5,20.167,80.3,12.67,,666.5,0.6,30.0,3.0,0.3,18.18
ocsort,UCSD,2,det_thresh0.6_max_age30_min_hits3_iou_threshold0.4,0.2,0.5,35.868,33.252,48.337,3.333,4.5,20.167,74.8,13.59,,714.4,0.6,30.0,3.0,0.4,18.78
ocsort,UCSD,2,det_thresh0.6_max_age30_min_hits3_iou_threshold0.5,0.2,0.5,35.877,33.11,48.508,5.5,4.5,20.167,83.8,12.15,,715.3,0.6,30.0,3.0,0.5,18.31
ocsort,UCSD,2,det_thresh0.6_max_age30_min_hits3_iou_threshold0.6,0.2,0.5,35.035,32.783,46.563,9.167,4.5,20.167,73.6,13.8,,666.5,0.6,30.0,3.0,0.6,18.63
ocsort,UCSD,2,det_thresh0.6_max_age30_min_hits3_iou_threshold0.7,0.2,0.5,33.687,32.125,43.842,15.667,4.0,20.167,77.1,13.08,,714.4,0.6,30.0,3.0,0.7,18.66
ocsort,UCSD,2,det_thresh0.6_max_age40_min_hits1_iou_threshold0.2,0.2,0.5,38.45,36.867,52.142,6.0,6.667,19.0,72.7,13.94,,715.3,0.6,40.0,1.0,0.2,19.0
ocsort,UCSD,2,det_thresh0.6_max_age40_min_hits1_iou_threshold0.3,0.2,0.5,38.942,36.832,53.182,5.667,6.667,19.0,78.5,12.98,,666.5,0.6,40.0,1.0,0.3,18.38
ocsort,UCSD,2,det_thresh0.6_max_age40_min_hits1_iou_threshold0.4,0.2,0.5,38.477,36.777,52.185,6.0,6.5,19.167,72.6,14.06,,714.4,0.6,40.0,1.0,0.4,18.35
ocsort,UCSD,2,det_thresh0.6_max_age40_min_hits1_iou_threshold0.5,0.2,0.5,38.205,36.58,51.865,8.667,6.667,19.167,81.8,12.59,,715.3,0.6,40.0,1.0,0.5,18.56
ocsort,UCSD,2,det_thresh0.6_max_age40_min_hits1_iou_threshold0.6,0.2,0.5,37.06,36.157,49.413,14.5,6.5,19.167,69.7,14.42,,666.5,0.6,40.0,1.0,0.6,19.62
ocsort,UCSD,2,det_thresh0.6_max_age40_min_hits1_iou_threshold0.7,0.2,0.5,35.505,35.415,46.298,26.0,6.0,19.167,75.3,13.58,,714.4,0.6,40.0,1.0,0.7,18.97
ocsort,UCSD,2,det_thresh0.6_max_age40_min_hits3_iou_threshold0.2,0.2,0.5,35.948,33.315,48.573,2.667,4.5,20.167,72.6,14.01,,715.3,0.6,40.0,3.0,0.2,19.06
ocsort,UCSD,2,det_thresh0.6_max_age40_min_hits3_iou_threshold0.3,0.2,0.5,36.345,33.31,49.452,2.167,4.5,20.167,77.8,13.19,,666.5,0.6,40.0,3.0,0.3,18.27
ocsort,UCSD,2,det_thresh0.6_max_age40_min_hits3_iou_threshold0.4,0.2,0.5,35.988,33.252,48.62,3.333,4.5,20.167,77.1,13.19,,714.4,0.6,40.0,3.0,0.4,18.82
ocsort,UCSD,2,det_thresh0.6_max_age40_min_hits3_iou_threshold0.5,0.2,0.5,35.9,33.12,48.543,5.333,4.5,20.167,75.2,13.49,,715.3,0.6,40.0,3.0,0.5,19.5
ocsort,UCSD,2,det_thresh0.6_max_age40_min_hits3_iou_threshold0.6,0.2,0.5,35.023,32.812,46.53,9.167,4.5,20.167,70.7,14.23,,666.5,0.6,40.0,3.0,0.6,19.14
ocsort,UCSD,2,det_thresh0.6_max_age40_min_hits3_iou_threshold0.7,0.2,0.5,33.683,32.117,43.838,15.667,4.0,20.167,74.2,13.63,,714.4,0.6,40.0,3.0,0.7,18.92
ocsort,UCSD,2,det_thresh0.6_max_age50_min_hits1_iou_threshold0.2,0.2,0.5,38.23,36.845,51.855,6.5,6.667,19.0,78.4,12.93,,715.3,0.6,50.0,1.0,0.2,19.1
ocsort,UCSD,2,det_thresh0.6_max_age50_min_hits1_iou_threshold0.3,0.2,0.5,38.903,36.825,53.168,5.667,6.667,19.0,70.8,14.16,,666.5,0.6,50.0,1.0,0.3,19.94
ocsort,UCSD,2,det_thresh0.6_max_age50_min_hits1_iou_threshold0.4,0.2,0.5,38.428,36.768,52.137,6.167,6.5,19.167,73.4,13.86,,714.4,0.6,50.0,1.0,0.4,19.17
ocsort,UCSD,2,det_thresh0.6_max_age50_min_hits1_iou_threshold0.5,0.2,0.5,38.193,36.577,51.85,8.833,6.667,19.167,70.9,14.26,,715.3,0.6,50.0,1.0,0.5,19.29
ocsort,UCSD,2,det_thresh0.6_max_age50_min_hits1_iou_threshold0.6,0.2,0.5,37.045,36.142,49.38,14.333,6.5,19.167,79.1,12.97,,666.5,0.6,50.0,1.0,0.6,18.26
ocsort,UCSD,2,det_thresh0.6_max_age50_min_hits1_iou_threshold0.7,0.2,0.5,35.502,35.395,46.288,26.833,6.0,19.167,76.2,13.38,,714.4,0.6,50.0,1.0,0.7,18.78
ocsort,UCSD,2,det_thresh0.6_max_age50_min_hits3_iou_threshold0.2,0.2,0.5,35.772,33.32,48.342,3.0,4.5,20.167,74.0,13.63,,693.6,0.6,50.0,3.0,0.2,19.14
ocsort,UCSD,2,det_thresh0.6_max_age50_min_hits3_iou_threshold0.3,0.2,0.5,36.322,33.312,49.45,2.167,4.5,20.167,78.0,13.1,,648.1,0.6,50.0,3.0,0.3,17.92
ocsort,UCSD,2,det_thresh0.6_max_age50_min_hits3_iou_threshold0.4,0.2,0.5,35.952,33.248,48.562,3.5,4.5,20.167,77.9,13.0,,693.1,0.6,50.0,3.0,0.4,18.77
ocsort,UCSD,2,det_thresh0.6_max_age50_min_hits3_iou_threshold0.5,0.2,0.5,35.882,33.108,48.52,5.5,4.5,20.167,78.9,12.89,,692.9,0.6,50.0,3.0,0.5,17.99
ocsort,UCSD,2,det_thresh0.6_max_age50_min_hits3_iou_threshold0.6,0.2,0.5,35.01,32.787,46.518,9.333,4.5,20.167,73.8,13.67,,648.1,0.6,50.0,3.0,0.6,18.96
ocsort,UCSD,2,det_thresh0.6_max_age50_min_hits3_iou_threshold0.7,0.2,0.5,33.665,32.088,43.813,15.667,4.0,20.167,82.0,12.53,,693.1,0.6,50.0,3.0,0.7,18.25
ocsort,UCSD,2,det_thresh0.6_max_age70_min_hits1_iou_threshold0.2,0.2,0.5,38.188,36.838,51.915,6.667,6.667,18.833,74.9,13.67,,725.8,0.6,70.0,1.0,0.2,18.53
ocsort,UCSD,2,det_thresh0.6_max_age70_min_hits1_iou_threshold0.3,0.2,0.5,38.963,36.807,53.378,6.333,6.667,18.833,77.3,13.05,,573.0,0.6,70.0,1.0,0.3,19.19
ocsort,UCSD,2,det_thresh0.6_max_age70_min_hits1_iou_threshold0.4,0.2,0.5,38.492,36.745,52.347,6.833,6.5,19.0,70.7,14.3,,672.1,0.6,70.0,1.0,0.4,19.11
ocsort,UCSD,2,det_thresh0.6_max_age70_min_hits1_iou_threshold0.5,0.2,0.5,38.255,36.57,52.097,9.0,6.667,19.167,83.2,12.32,,789.3,0.6,70.0,1.0,0.5,18.76
ocsort,UCSD,2,det_thresh0.6_max_age70_min_hits1_iou_threshold0.6,0.2,0.5,36.952,36.12,49.152,14.333,6.5,19.167,70.5,14.43,,514.0,0.6,70.0,1.0,0.6,19.32
ocsort,UCSD,2,det_thresh0.6_max_age70_min_hits1_iou_threshold0.7,0.2,0.5,35.462,35.345,46.243,27.167,5.833,19.167,75.0,13.52,,591.1,0.6,70.0,1.0,0.7,19.03
ocsort,UCSD,2,det_thresh0.6_max_age70_min_hits3_iou_threshold0.2,0.2,0.5,35.737,33.325,48.403,2.833,4.5,20.167,73.4,13.8,,642.1,0.6,70.0,3.0,0.2,18.67
ocsort,UCSD,2,det_thresh0.6_max_age70_min_hits3_iou_threshold0.3,0.2,0.5,36.377,33.315,49.678,2.5,4.5,20.167,81.6,12.48,,714.3,0.6,70.0,3.0,0.3,19.07
ocsort,UCSD,2,det_thresh0.6_max_age70_min_hits3_iou_threshold0.4,0.2,0.5,36.007,33.252,48.797,3.833,4.5,20.167,72.5,14.04,,514.3,0.6,70.0,3.0,0.4,18.9
ocsort,UCSD,2,det_thresh0.6_max_age70_min_hits3_iou_threshold0.5,0.2,0.5,35.93,33.123,48.765,5.333,4.5,20.167,75.4,13.44,,715.0,0.6,70.0,3.0,0.5,19.45
ocsort,UCSD,2,det_thresh0.6_max_age70_min_hits3_iou_threshold0.6,0.2,0.5,34.923,32.763,46.298,9.5,4.333,20.167,73.1,13.88,,714.3,0.6,70.0,3.0,0.6,18.92
ocsort,UCSD,2,det_thresh0.6_max_age70_min_hits3_iou_threshold0.7,0.2,0.5,33.633,32.053,43.783,15.667,3.833,20.167,79.4,12.93,,497.6,0.6,70.0,3.0,0.7,18.36
ocsort,UCSD,2,det_thresh0.6_max_age100_min_hits1_iou_threshold0.2,0.2,0.5,38.163,36.853,51.747,6.667,6.667,18.833,71.5,14.17,,694.9,0.6,100.0,1.0,0.2,19.22
ocsort,UCSD,2,det_thresh0.6_max_age100_min_hits1_iou_threshold0.3,0.2,0.5,38.963,36.807,53.378,6.333,6.667,18.833,78.0,12.99,,692.0,0.6,100.0,1.0,0.3,18.96
ocsort,UCSD,2,det_thresh0.6_max_age100_min_hits1_iou_threshold0.4,0.2,0.5,38.492,36.745,52.347,6.833,6.5,19.0,72.2,14.08,,495.5,0.6,100.0,1.0,0.4,18.82
ocsort,UCSD,2,det_thresh0.6_max_age100_min_hits1_iou_threshold0.5,0.2,0.5,38.253,36.563,52.093,9.0,6.667,19.167,75.9,13.32,,692.8,0.6,100.0,1.0,0.5,19.13
ocsort,UCSD,2,det_thresh0.6_max_age100_min_hits1_iou_threshold0.6,0.2,0.5,36.952,36.115,49.133,14.333,6.5,19.167,71.2,14.22,,692.0,0.6,100.0,1.0,0.6,19.05
ocsort,UCSD,2,det_thresh0.6_max_age100_min_hits1_iou_threshold0.7,0.2,0.5,35.495,35.273,46.34,26.833,5.833,19.167,76.0,13.6,,485.3,0.6,100.0,1.0,0.7,19.17
ocsort,UCSD,2,det_thresh0.6_max_age100_min_hits3_iou_threshold0.2,0.2,0.5,35.713,33.325,48.248,2.833,4.5,20.167,74.7,13.57,,724.2,0.6,100.0,3.0,0.2,19.37
ocsort,UCSD,2,det_thresh0.6_max_age100_min_hits3_iou_threshold0.3,0.2,0.5,36.377,33.315,49.678,2.5,4.5,20.167,71.8,14.09,,615.8,0.6,100.0,3.0,0.3,19.24
ocsort,UCSD,2,det_thresh0.6_max_age100_min_hits3_iou_threshold0.4,0.2,0.5,36.007,33.252,48.797,3.833,4.5,20.167,78.6,13.0,,672.4,0.6,100.0,3.0,0.4,18.75
ocsort,UCSD,2,det_thresh0.6_max_age100_min_hits3_iou_threshold0.5,0.2,0.5,35.93,33.12,48.763,5.333,4.5,20.167,74.4,13.81,,788.9,0.6,100.0,3.0,0.5,18.64
ocsort,UCSD,2,det_thresh0.6_max_age100_min_hits3_iou_threshold0.6,0.2,0.5,34.923,32.763,46.298,9.667,4.333,20.167,75.7,13.46,,573.0,0.6,100.0,3.0,0.6,19.0
ocsort,UCSD,2,det_thresh0.6_max_age100_min_hits3_iou_threshold0.7,0.2,0.5,33.658,31.993,43.86,15.667,3.833,20.167,73.1,13.95,,616.7,0.6,100.0,3.0,0.7,19.32
ocsort,UCSD,2,det_thresh0.7_max_age20_min_hits1_iou_threshold0.2,0.2,0.5,35.748,33.245,47.832,6.5,5.167,20.333,77.9,13.25,,725.8,0.7,20.0,1.0,0.2,18.34
ocsort,UCSD,2,det_thresh0.7_max_age20_min_hits1_iou_threshold0.3,0.2,0.5,35.927,33.243,48.307,6.5,5.167,20.333,73.5,13.79,,573.0,0.7,20.0,1.0,0.3,19.02
ocsort,UCSD,2,det_thresh0.7_max_age20_min_hits1_iou_threshold0.4,0.2,0.5,36.082,33.163,48.453,7.0,5.167,20.333,76.3,13.33,,672.1,0.7,20.0,1.0,0.4,18.78
ocsort,UCSD,2,det_thresh0.7_max_age20_min_hits1_iou_threshold0.5,0.2,0.5,35.603,32.98,47.507,10.333,5.167,20.333,75.2,13.5,,789.3,0.7,20.0,1.0,0.5,18.88
ocsort,UCSD,2,det_thresh0.7_max_age20_min_hits1_iou_threshold0.6,0.2,0.5,34.982,32.727,46.187,13.667,5.167,20.333,80.4,12.73,,514.0,0.7,20.0,1.0,0.6,18.07
ocsort,UCSD,2,det_thresh0.7_max_age20_min_hits1_iou_threshold0.7,0.2,0.5,33.073,31.87,42.535,24.833,4.667,20.333,82.7,12.4,,591.1,0.7,20.0,1.0,0.7,17.61
ocsort,UCSD,2,det_thresh0.7_max_age20_min_hits3_iou_threshold0.2,0.2,0.5,33.173,29.737,44.288,3.833,4.167,21.667,73.5,13.79,,719.3,0.7,20.0,3.0,0.2,18.52
ocsort,UCSD,2,det_thresh0.7_max_age20_min_hits3_iou_threshold0.3,0.2,0.5,33.297,29.717,44.657,4.167,4.167,21.5,83.8,12.35,,510.2,0.7,20.0,3.0,0.3,17.71
ocsort,UCSD,2,det_thresh0.7_max_age20_min_hits3_iou_threshold0.4,0.2,0.5,33.508,29.662,44.94,5.167,4.167,21.5,74.9,13.53,,700.2,0.7,20.0,3.0,0.4,18.07
ocsort,UCSD,2,det_thresh0.7_max_age20_min_hits3_iou_threshold0.5,0.2,0.5,33.172,29.54,44.213,6.667,4.0,21.667,80.3,12.72,,670.2,0.7,20.0,3.0,0.5,17.49
ocsort,UCSD,2,det_thresh0.7_max_age20_min_hits3_iou_threshold0.6,0.2,0.5,32.68,29.35,43.058,9.0,3.833,21.667,76.3,13.26,,722.8,0.7,20.0,3.0,0.6,18.32
ocsort,UCSD,2,det_thresh0.7_max_age20_min_hits3_iou_threshold0.7,0.2,0.5,31.158,28.623,40.045,16.167,3.167,21.833,77.0,13.09,,672.4,0.7,20.0,3.0,0.7,18.61
ocsort,UCSD,2,det_thresh0.7_max_age30_min_hits1_iou_threshold0.2,0.2,0.5,35.625,33.328,47.56,5.167,5.167,20.333,77.5,13.11,,573.2,0.7,30.0,1.0,0.2,18.53
ocsort,UCSD,2,det_thresh0.7_max_age30_min_hits1_iou_threshold0.3,0.2,0.5,36.018,33.295,48.695,5.5,5.167,20.333,80.2,12.8,,763.3,0.7,30.0,1.0,0.3,18.84
ocsort,UCSD,2,det_thresh0.7_max_age30_min_hits1_iou_threshold0.4,0.2,0.5,35.91,33.218,48.352,6.5,5.167,20.333,74.9,13.67,,670.2,0.7,30.0,1.0,0.4,17.93
ocsort,UCSD,2,det_thresh0.7_max_age30_min_hits1_iou_threshold0.5,0.2,0.5,35.683,33.05,47.845,9.0,5.167,20.333,80.1,12.94,,722.8,0.7,30.0,1.0,0.5,17.56
ocsort,UCSD,2,det_thresh0.7_max_age30_min_hits1_iou_threshold0.6,0.2,0.5,34.92,32.74,46.223,13.667,5.167,20.333,84.7,12.16,,672.4,0.7,30.0,1.0,0.6,17.61
ocsort,UCSD,2,det_thresh0.7_max_age30_min_hits1_iou_threshold0.7,0.2,0.5,33.072,31.823,42.548,24.833,4.667,20.333,76.5,13.56,,573.2,0.7,30.0,1.0,0.7,17.69
ocsort,UCSD,2,det_thresh0.7_max_age30_min_hits3_iou_threshold0.2,0.2,0.5,33.027,29.778,43.943,3.333,4.167,21.667,85.2,12.04,,763.3,0.7,30.0,3.0,0.2,17.52
ocsort,UCSD,2,det_thresh0.7_max_age30_min_hits3_iou_threshold0.3,0.2,0.5,33.342,29.742,44.902,3.5,4.167,21.5,77.6,13.19,,670.2,0.7,30.0,3.0,0.3,17.65
ocsort,UCSD,2,det_thresh0.7_max_age30_min_hits3_iou_threshold0.4,0.2,0.5,33.308,29.682,44.725,4.833,4.167,21.5,81.4,12.77,,722.8,0.7,30.0,3.0,0.4,17.46
ocsort,UCSD,2,det_thresh0.7_max_age30_min_hits3_iou_threshold0.5,0.2,0.5,33.215,29.572,44.445,6.167,4.0,21.667,84.0,12.23,,672.4,0.7,30.0,3.0,0.5,17.59
ocsort,UCSD,2,det_thresh0.7_max_age30_min_hits3_iou_threshold0.6,0.2,0.5,32.653,29.355,43.063,9.0,3.833,21.667,75.8,13.79,,573.2,0.7,30.0,3.0,0.6,17.53
ocsort,UCSD,2,det_thresh0.7_max_age30_min_hits3_iou_threshold0.7,0.2,0.5,31.157,28.592,40.055,16.0,3.167,21.833,81.1,12.66,,763.3,0.7,30.0,3.0,0.7,17.74
ocsort,UCSD,2,det_thresh0.7_max_age40_min_hits1_iou_threshold0.2,0.2,0.5,35.92,33.37,48.162,4.833,5.167,20.333,76.5,13.28,,670.2,0.7,40.0,1.0,0.2,17.98
ocsort,UCSD,2,det_thresh0.7_max_age40_min_hits1_iou_threshold0.3,0.2,0.5,36.257,33.322,49.138,5.333,5.167,20.333,80.7,12.88,,722.8,0.7,40.0,1.0,0.3,17.68
ocsort,UCSD,2,det_thresh0.7_max_age40_min_hits1_iou_threshold0.4,0.2,0.5,36.18,33.235,48.905,6.5,5.167,20.333,78.6,12.92,,672.4,0.7,40.0,1.0,0.4,17.97
ocsort,UCSD,2,det_thresh0.7_max_age40_min_hits1_iou_threshold0.5,0.2,0.5,35.787,33.055,48.09,9.167,5.167,20.333,73.5,13.68,,573.2,0.7,40.0,1.0,0.5,18.19
ocsort,UCSD,2,det_thresh0.7_max_age40_min_hits1_iou_threshold0.6,0.2,0.5,35.083,32.757,46.59,13.5,5.167,20.333,84.5,12.19,,763.3,0.7,40.0,1.0,0.6,17.84
ocsort,UCSD,2,det_thresh0.7_max_age40_min_hits1_iou_threshold0.7,0.2,0.5,33.065,31.82,42.542,25.167,4.667,20.333,76.9,13.46,,670.2,0.7,40.0,1.0,0.7,17.72
ocsort,UCSD,2,det_thresh0.7_max_age40_min_hits3_iou_threshold0.2,0.2,0.5,33.275,29.798,44.44,2.667,4.167,21.5,77.7,13.12,,722.8,0.7,40.0,3.0,0.2,17.88
ocsort,UCSD,2,det_thresh0.7_max_age40_min_hits3_iou_threshold0.3,0.2,0.5,33.548,29.762,45.285,2.833,4.167,21.5,79.7,12.88,,672.4,0.7,40.0,3.0,0.3,17.92
ocsort,UCSD,2,det_thresh0.7_max_age40_min_hits3_iou_threshold0.4,0.2,0.5,33.548,29.692,45.208,4.333,4.167,21.5,82.7,12.63,,573.2,0.7,40.0,3.0,0.4,17.51
ocsort,UCSD,2,det_thresh0.7_max_age40_min_hits3_iou_threshold0.5,0.2,0.5,33.293,29.568,44.635,5.833,4.0,21.667,82.0,12.44,,763.3,0.7,40.0,3.0,0.5,17.69
ocsort,UCSD,2,det_thresh0.7_max_age40_min_hits3_iou_threshold0.6,0.2,0.5,32.765,29.362,43.322,8.333,3.833,21.667,75.2,13.79,,670.2,0.7,40.0,3.0,0.6,17.8
ocsort,UCSD,2,det_thresh0.7_max_age40_min_hits3_iou_threshold0.7,0.2,0.5,31.135,28.578,40.043,15.833,3.167,21.833,77.2,13.2,,722.8,0.7,40.0,3.0,0.7,17.75
ocsort,UCSD,2,det_thresh0.7_max_age50_min_hits1_iou_threshold0.2,0.2,0.5,35.915,33.383,48.167,4.5,5.167,20.333,75.8,13.45,,672.4,0.7,50.0,1.0,0.2,18.05
ocsort,UCSD,2,det_thresh0.7_max_age50_min_hits1_iou_threshold0.3,0.2,0.5,36.255,33.333,49.137,5.167,5.167,20.333,80.4,12.84,,573.2,0.7,50.0,1.0,0.3,17.92
ocsort,UCSD,2,det_thresh0.7_max_age50_min_hits1_iou_threshold0.4,0.2,0.5,36.175,33.242,48.903,6.333,5.167,20.333,80.9,12.66,,763.3,0.7,50.0,1.0,0.4,17.87
ocsort,UCSD,2,det_thresh0.7_max_age50_min_hits1_iou_threshold0.5,0.2,0.5,35.787,33.062,48.088,9.0,5.167,20.333,74.3,13.78,,670.2,0.7,50.0,1.0,0.5,18.02
ocsort,UCSD,2,det_thresh0.7_max_age50_min_hits1_iou_threshold0.6,0.2,0.5,35.103,32.745,46.683,13.833,5.167,20.333,82.3,12.51,,722.8,0.7,50.0,1.0,0.6,17.82
ocsort,UCSD,2,det_thresh0.7_max_age50_min_hits1_iou_threshold0.7,0.2,0.5,33.033,31.813,42.485,25.667,4.667,20.333,73.7,14.08,,672.4,0.7,50.0,1.0,0.7,18.1
ocsort,UCSD,2,det_thresh0.7_max_age50_min_hits3_iou_threshold0.2,0.2,0.5,33.275,29.803,44.438,2.667,4.167,21.5,81.1,12.63,,573.2,0.7,50.0,3.0,0.2,17.78
ocsort,UCSD,2,det_thresh0.7_max_age50_min_hits3_iou_threshold0.3,0.2,0.5,33.55,29.767,45.285,2.833,4.167,21.5,81.0,12.84,,763.3,0.7,50.0,3.0,0.3,17.72
ocsort,UCSD,2,det_thresh0.7_max_age50_min_hits3_iou_threshold0.4,0.2,0.5,33.548,29.692,45.208,4.333,4.167,21.5,78.9,13.03,,670.2,0.7,50.0,3.0,0.4,17.96
ocsort,UCSD,2,det_thresh0.7_max_age50_min_hits3_iou_threshold0.5,0.2,0.5,33.293,29.568,44.635,5.833,4.0,21.667,84.3,12.12,,722.8,0.7,50.0,3.0,0.5,17.65
ocsort,UCSD,2,det_thresh0.7_max_age50_min_hits3_iou_threshold0.6,0.2,0.5,32.787,29.353,43.412,8.0,3.667,21.667,73.5,13.99,,672.4,0.7,50.0,3.0,0.6,18.34
ocsort,UCSD,2,det_thresh0.7_max_age50_min_hits3_iou_threshold0.7,0.2,0.5,31.122,28.563,40.002,15.833,3.167,21.833,80.4,12.79,,573.2,0.7,50.0,3.0,0.7,18.35
ocsort,UCSD,2,det_thresh0.7_max_age70_min_hits1_iou_threshold0.2,0.2,0.5,35.94,33.393,48.362,5.0,5.167,20.333,75.4,13.51,,763.3,0.7,70.0,1.0,0.2,18.24
ocsort,UCSD,2,det_thresh0.7_max_age70_min_hits1_iou_threshold0.3,0.2,0.5,36.283,33.345,49.328,5.167,5.167,20.333,74.5,13.73,,670.2,0.7,70.0,1.0,0.3,18.13
ocsort,UCSD,2,det_thresh0.7_max_age70_min_hits1_iou_threshold0.4,0.2,0.5,36.343,33.255,49.293,6.333,5.167,20.333,78.9,13.19,,722.8,0.7,70.0,1.0,0.4,17.85
ocsort,UCSD,2,det_thresh0.7_max_age70_min_hits1_iou_threshold0.5,0.2,0.5,35.725,33.012,48.032,9.5,5.167,20.333,75.1,13.64,,672.4,0.7,70.0,1.0,0.5,17.94
ocsort,UCSD,2,det_thresh0.7_max_age70_min_hits1_iou_threshold0.6,0.2,0.5,35.127,32.768,46.908,13.667,5.167,20.333,84.4,12.29,,573.2,0.7,70.0,1.0,0.6,17.83
ocsort,UCSD,2,det_thresh0.7_max_age70_min_hits1_iou_threshold0.7,0.2,0.5,33.022,31.758,42.713,25.667,4.667,20.333,75.4,13.75,,763.3,0.7,70.0,1.0,0.7,18.36
ocsort,UCSD,2,det_thresh0.7_max_age70_min_hits3_iou_threshold0.2,0.2,0.5,33.302,29.805,44.632,2.667,4.167,21.5,81.9,12.52,,670.2,0.7,70.0,3.0,0.2,17.71
ocsort,UCSD,2,det_thresh0.7_max_age70_min_hits3_iou_threshold0.3,0.2,0.5,33.58,29.772,45.48,2.667,4.167,21.5,77.8,13.18,,722.8,0.7,70.0,3.0,0.3,17.75
ocsort,UCSD,2,det_thresh0.7_max_age70_min_hits3_iou_threshold0.4,0.2,0.5,33.727,29.703,45.583,4.333,4.167,21.5,80.1,13.01,,672.4,0.7,70.0,3.0,0.4,17.26
ocsort,UCSD,2,det_thresh0.7_max_age70_min_hits3_iou_threshold0.5,0.2,0.5,33.248,29.562,44.625,5.833,4.0,21.667,77.4,13.12,,573.2,0.7,70.0,3.0,0.5,18.11
ocsort,UCSD,2,det_thresh0.7_max_age70_min_hits3_iou_threshold0.6,0.2,0.5,32.803,29.39,43.632,7.833,3.667,21.667,75.2,13.6,,763.3,0.7,70.0,3.0,0.6,17.95
ocsort,UCSD,2,det_thresh0.7_max_age70_min_hits3_iou_threshold0.7,0.2,0.5,31.108,28.563,40.223,15.667,3.167,21.833,84.7,12.17,,670.2,0.7,70.0,3.0,0.7,17.87
ocsort,UCSD,2,det_thresh0.7_max_age100_min_hits1_iou_threshold0.2,0.2,0.5,35.858,33.402,48.273,4.833,5.167,20.333,77.0,13.3,,722.8,0.7,100.0,1.0,0.2,17.8
ocsort,UCSD,2,det_thresh0.7_max_age100_min_hits1_iou_threshold0.3,0.2,0.5,36.202,33.34,49.235,5.0,5.167,20.333,78.8,12.98,,672.4,0.7,100.0,1.0,0.3,18.02
ocsort,UCSD,2,det_thresh0.7_max_age100_min_hits1_iou_threshold0.4,0.2,0.5,36.265,33.243,49.207,6.5,5.167,20.333,76.6,13.37,,573.2,0.7,100.0,1.0,0.4,18.72
ocsort,UCSD,2,det_thresh0.7_max_age100_min_hits1_iou_threshold0.5,0.2,0.5,35.727,33.012,48.03,9.667,5.167,20.333,81.4,12.74,,763.3,0.7,100.0,1.0,0.5,17.69
ocsort,UCSD,2,det_thresh0.7_max_age100_min_hits1_iou_threshold0.6,0.2,0.5,35.04,32.755,46.825,13.833,5.167,20.333,76.7,13.29,,670.2,0.7,100.0,1.0,0.6,17.95
ocsort,UCSD,2,det_thresh0.7_max_age100_min_hits1_iou_threshold0.7,0.2,0.5,33.012,31.742,42.707,25.833,4.667,20.333,74.9,13.63,,722.8,0.7,100.0,1.0,0.7,18.21
ocsort,UCSD,2,det_thresh0.7_max_age100_min_hits3_iou_threshold0.2,0.2,0.5,33.255,29.813,44.582,2.833,4.167,21.5,85.6,11.92,,723.2,0.7,100.0,3.0,0.2,17.39
ocsort,UCSD,2,det_thresh0.7_max_age100_min_hits3_iou_threshold0.3,0.2,0.5,33.53,29.777,45.427,2.833,4.167,21.5,76.2,13.47,,573.0,0.7,100.0,3.0,0.3,17.89
ocsort,UCSD,2,det_thresh0.7_max_age100_min_hits3_iou_threshold0.4,0.2,0.5,33.675,29.697,45.533,4.5,4.167,21.5,85.9,12.09,,672.1,0.7,100.0,3.0,0.4,17.17
ocsort,UCSD,2,det_thresh0.7_max_age100_min_hits3_iou_threshold0.5,0.2,0.5,33.248,29.562,44.625,5.833,4.0,21.667,78.2,13.07,,692.5,0.7,100.0,3.0,0.5,18.01
ocsort,UCSD,2,det_thresh0.7_max_age100_min_hits3_iou_threshold0.6,0.2,0.5,32.748,29.387,43.582,8.0,3.667,21.667,78.1,13.18,,542.6,0.7,100.0,3.0,0.6,17.64
ocsort,UCSD,2,det_thresh0.7_max_age100_min_hits3_iou_threshold0.7,0.2,0.5,31.105,28.555,40.222,15.667,3.167,21.833,76.2,13.54,,694.8,0.7,100.0,3.0,0.7,17.73
ocsort,shanghai,2,det_thresh0.3_max_age20_min_hits1_iou_threshold0.2,0.2,0.5,57.337,64.7,77.39,3.667,7.333,4.667,82.1,12.28,,540.8,0.3,20.0,1.0,0.2,17.32
ocsort,shanghai,2,det_thresh0.3_max_age20_min_hits1_iou_threshold0.3,0.2,0.5,57.31,64.69,77.357,4.0,7.333,4.667,80.3,12.91,,674.3,0.3,20.0,1.0,0.3,17.22
ocsort,shanghai,2,det_thresh0.3_max_age20_min_hits1_iou_threshold0.4,0.2,0.5,57.31,64.64,77.38,4.667,7.333,4.667,86.5,11.83,,253.9,0.3,20.0,1.0,0.4,17.32
ocsort,shanghai,2,det_thresh0.3_max_age20_min_hits1_iou_threshold0.5,0.2,0.5,57.317,64.633,77.487,4.667,7.333,4.667,82.8,12.18,,440.0,0.3,20.0,1.0,0.5,17.13
ocsort,shanghai,2,det_thresh0.3_max_age20_min_hits1_iou_threshold0.6,0.2,0.5,57.13,64.61,77.067,6.667,7.333,4.667,80.0,12.84,,593.7,0.3,20.0,1.0,0.6,17.07
ocsort,shanghai,2,det_thresh0.3_max_age20_min_hits1_iou_threshold0.7,0.2,0.5,53.313,63.88,69.847,18.0,7.333,5.0,89.2,11.44,,388.6,0.3,20.0,1.0,0.7,17.4
ocsort,shanghai,2,det_thresh0.3_max_age20_min_hits3_iou_threshold0.2,0.2,0.5,57.2,64.567,77.4,2.667,7.333,5.0,82.9,12.09,,556.8,0.3,20.0,3.0,0.2,17.35
ocsort,shanghai,2,det_thresh0.3_max_age20_min_hits3_iou_threshold0.3,0.2,0.5,57.167,64.53,77.363,3.0,7.333,5.0,80.4,12.78,,612.0,0.3,20.0,3.0,0.3,17.15
ocsort,shanghai,2,det_thresh0.3_max_age20_min_hits3_iou_threshold0.4,0.2,0.5,57.163,64.48,77.363,3.333,7.333,5.0,92.0,11.16,,467.5,0.3,20.0,3.0,0.4,17.37
ocsort,shanghai,2,det_thresh0.3_max_age20_min_hits3_iou_threshold0.5,0.2,0.5,57.173,64.47,77.417,3.667,7.333,5.0,80.4,12.46,,601.7,0.3,20.0,3.0,0.5,17.25
ocsort,shanghai,2,det_thresh0.3_max_age20_min_hits3_iou_threshold0.6,0.2,0.5,56.927,64.31,77.02,5.333,7.333,5.0,81.3,12.65,,656.1,0.3,20.0,3.0,0.6,17.28
ocsort,shanghai,2,det_thresh0.3_max_age20_min_hits3_iou_threshold0.7,0.2,0.5,52.967,63.207,69.777,14.0,7.0,5.0,90.8,11.29,,467.5,0.3,20.0,3.0,0.7,17.36
ocsort,shanghai,2,det_thresh0.3_max_age30_min_hits1_iou_threshold0.2,0.2,0.5,57.057,64.687,77.223,4.333,7.333,4.667,79.6,12.59,,601.7,0.3,30.0,1.0,0.2,17.6
ocsort,shanghai,2,det_thresh0.3_max_age30_min_hits1_iou_threshold0.3,0.2,0.5,57.023,64.667,77.183,4.667,7.333,4.667,75.6,13.38,,656.1,0.3,30.0,1.0,0.3,17.71
ocsort,shanghai,2,det_thresh0.3_max_age30_min_hits1_iou_threshold0.4,0.2,0.5,57.03,64.64,77.217,5.333,7.333,4.667,91.6,11.02,,467.5,0.3,30.0,1.0,0.4,17.5
ocsort,shanghai,2,det_thresh0.3_max_age30_min_hits1_iou_threshold0.5,0.2,0.5,57.177,64.607,77.3,5.667,7.333,4.667,81.3,12.34,,601.7,0.3,30.0,1.0,0.5,17.27
ocsort,shanghai,2,det_thresh0.3_max_age30_min_hits1_iou_threshold0.6,0.2,0.5,56.997,64.597,76.893,7.333,7.333,4.667,79.1,12.86,,656.1,0.3,30.0,1.0,0.6,17.33
ocsort,shanghai,2,det_thresh0.3_max_age30_min_hits1_iou_threshold0.7,0.2,0.5,53.29,63.727,69.873,18.0,7.333,5.0,88.5,11.54,,467.5,0.3,30.0,1.0,0.7,17.36
ocsort,shanghai,2,det_thresh0.3_max_age30_min_hits3_iou_threshold0.2,0.2,0.5,56.957,64.47,77.23,3.333,7.0,5.0,79.6,12.59,,601.7,0.3,30.0,3.0,0.2,17.58
ocsort,shanghai,2,det_thresh0.3_max_age30_min_hits3_iou_threshold0.3,0.2,0.5,56.917,64.42,77.187,3.667,7.0,5.0,80.3,12.92,,656.1,0.3,30.0,3.0,0.3,17.25
ocsort,shanghai,2,det_thresh0.3_max_age30_min_hits3_iou_threshold0.4,0.2,0.5,56.917,64.38,77.19,4.0,7.0,5.0,89.3,11.51,,467.5,0.3,30.0,3.0,0.4,17.35
ocsort,shanghai,2,det_thresh0.3_max_age30_min_hits3_iou_threshold0.5,0.2,0.5,57.03,64.38,77.24,4.333,7.0,5.0,79.3,12.63,,601.7,0.3,30.0,3.0,0.5,17.98
ocsort,shanghai,2,det_thresh0.3_max_age30_min_hits3_iou_threshold0.6,0.2,0.5,56.773,64.21,76.843,6.0,7.0,5.0,77.9,13.34,,656.1,0.3,30.0,3.0,0.6,17.41
ocsort,shanghai,2,det_thresh0.3_max_age30_min_hits3_iou_threshold0.7,0.2,0.5,52.923,63.117,69.753,12.667,7.0,5.0,81.0,12.47,,467.5,0.3,30.0,3.0,0.7,17.59
ocsort,shanghai,2,det_thresh0.3_max_age40_min_hits1_iou_threshold0.2,0.2,0.5,57.54,64.7,78.08,4.0,7.333,4.667,82.6,12.33,,601.7,0.3,40.0,1.0,0.2,17.3
ocsort,shanghai,2,det_thresh0.3_max_age40_min_hits1_iou_threshold0.3,0.2,0.5,57.507,64.683,78.043,4.333,7.333,4.667,78.2,12.96,,656.1,0.3,40.0,1.0,0.3,17.47
ocsort,shanghai,2,det_thresh0.3_max_age40_min_hits1_iou_threshold0.4,0.2,0.5,57.513,64.657,78.077,5.0,7.333,4.667,80.1,12.53,,467.5,0.3,40.0,1.0,0.4,17.55
ocsort,shanghai,2,det_thresh0.3_max_age40_min_hits1_iou_threshold0.5,0.2,0.5,57.66,64.62,78.157,5.333,7.333,4.667,87.7,11.78,,601.7,0.3,40.0,1.0,0.5,17.02
ocsort,shanghai,2,det_thresh0.3_max_age40_min_hits1_iou_threshold0.6,0.2,0.5,57.47,64.623,77.757,7.0,7.333,4.667,78.3,12.88,,656.1,0.3,40.0,1.0,0.6,17.37
ocsort,shanghai,2,det_thresh0.3_max_age40_min_hits1_iou_threshold0.7,0.2,0.5,53.29,63.727,69.873,18.0,7.333,5.0,82.3,12.22,,467.5,0.3,40.0,1.0,0.7,17.3
ocsort,shanghai,2,det_thresh0.3_max_age40_min_hits3_iou_threshold0.2,0.2,0.5,57.423,64.497,78.053,3.0,7.0,5.0,89.2,11.47,,601.7,0.3,40.0,3.0,0.2,16.99
ocsort,shanghai,2,det_thresh0.3_max_age40_min_hits3_iou_threshold0.3,0.2,0.5,57.383,64.447,78.01,3.333,7.0,5.0,80.3,12.94,,656.1,0.3,40.0,3.0,0.3,17.21
ocsort,shanghai,2,det_thresh0.3_max_age40_min_hits3_iou_threshold0.4,0.2,0.5,57.383,64.407,78.013,3.667,7.0,5.0,86.0,11.67,,467.5,0.3,40.0,3.0,0.4,17.43
ocsort,shanghai,2,det_thresh0.3_max_age40_min_hits3_iou_threshold0.5,0.2,0.5,57.493,64.407,78.063,4.0,7.0,5.0,86.2,11.75,,601.7,0.3,40.0,3.0,0.5,17.2
ocsort,shanghai,2,det_thresh0.3_max_age40_min_hits3_iou_threshold0.6,0.2,0.5,57.227,64.237,77.667,5.667,7.0,5.0,80.7,12.87,,656.1,0.3,40.0,3.0,0.6,17.26
ocsort,shanghai,2,det_thresh0.3_max_age40_min_hits3_iou_threshold0.7,0.2,0.5,52.93,63.143,69.763,12.667,7.0,5.0,86.0,11.81,,467.5,0.3,40.0,3.0,0.7,17.29
ocsort,shanghai,2,det_thresh0.3_max_age50_min_hits1_iou_threshold0.2,0.2,0.5,57.54,64.7,78.08,4.0,7.333,4.667,87.5,11.49,,601.7,0.3,50.0,1.0,0.2,17.66
ocsort,shanghai,2,det_thresh0.3_max_age50_min_hits1_iou_threshold0.3,0.2,0.5,57.507,64.683,78.043,4.333,7.333,4.667,79.6,12.85,,656.1,0.3,50.0,1.0,0.3,17.95
ocsort,shanghai,2,det_thresh0.3_max_age50_min_hits1_iou_threshold0.4,0.2,0.5,57.513,64.657,78.077,5.0,7.333,4.667,79.6,12.61,,467.5,0.3,50.0,1.0,0.4,17.87
ocsort,shanghai,2,det_thresh0.3_max_age50_min_hits1_iou_threshold0.5,0.2,0.5,57.66,64.62,78.157,5.333,7.333,4.667,82.6,12.27,,601.7,0.3,50.0,1.0,0.5,17.33
ocsort,shanghai,2,det_thresh0.3_max_age50_min_hits1_iou_threshold0.6,0.2,0.5,57.47,64.61,77.75,7.0,7.333,4.667,79.2,12.69,,656.1,0.3,50.0,1.0,0.6,17.41
ocsort,shanghai,2,det_thresh0.3_max_age50_min_hits1_iou_threshold0.7,0.2,0.5,53.29,63.713,69.867,18.0,7.333,5.0,81.2,12.47,,467.5,0.3,50.0,1.0,0.7,17.8
ocsort,shanghai,2,det_thresh0.3_max_age50_min_hits3_iou_threshold0.2,0.2,0.5,57.423,64.497,78.053,3.0,7.0,5.0,88.5,11.61,,601.7,0.3,50.0,3.0,0.2,17.13
ocsort,shanghai,2,det_thresh0.3_max_age50_min_hits3_iou_threshold0.3,0.2,0.5,57.387,64.46,78.017,3.333,7.0,5.0,76.6,13.12,,656.1,0.3,50.0,3.0,0.3,17.34
ocsort,shanghai,2,det_thresh0.3_max_age50_min_hits3_iou_threshold0.4,0.2,0.5,57.383,64.407,78.013,3.667,7.0,5.0,82.3,12.31,,467.5,0.3,50.0,3.0,0.4,17.34
ocsort,shanghai,2,det_thresh0.3_max_age50_min_hits3_iou_threshold0.5,0.2,0.5,57.493,64.407,78.063,4.0,7.0,5.0,88.0,11.8,,601.7,0.3,50.0,3.0,0.5,16.96
ocsort,shanghai,2,det_thresh0.3_max_age50_min_hits3_iou_threshold0.6,0.2,0.5,57.227,64.237,77.667,5.667,7.0,5.0,80.4,12.68,,656.1,0.3,50.0,3.0,0.6,17.36
ocsort,shanghai,2,det_thresh0.3_max_age50_min_hits3_iou_threshold0.7,0.2,0.5,52.93,63.143,69.763,12.667,7.0,5.0,81.5,12.4,,467.5,0.3,50.0,3.0,0.7,17.54
ocsort,shanghai,2,det_thresh0.3_max_age70_min_hits1_iou_threshold0.2,0.2,0.5,57.41,64.663,77.843,4.0,7.333,4.667,86.7,11.83,,601.7,0.3,70.0,1.0,0.2,17.29
ocsort,shanghai,2,det_thresh0.3_max_age70_min_hits1_iou_threshold0.3,0.2,0.5,57.07,64.64,77.327,4.333,7.333,4.667,80.2,12.65,,656.1,0.3,70.0,1.0,0.3,17.34
ocsort,shanghai,2,det_thresh0.3_max_age70_min_hits1_iou_threshold0.4,0.2,0.5,57.08,64.613,77.36,5.0,7.333,4.667,84.6,11.88,,467.5,0.3,70.0,1.0,0.4,17.43
ocsort,shanghai,2,det_thresh0.3_max_age70_min_hits1_iou_threshold0.5,0.2,0.5,57.23,64.583,77.453,5.333,7.333,4.667,84.9,12.02,,601.7,0.3,70.0,1.0,0.5,17.55
ocsort,shanghai,2,det_thresh0.3_max_age70_min_hits1_iou_threshold0.6,0.2,0.5,57.027,64.597,77.037,7.0,7.333,4.667,79.4,12.74,,656.1,0.3,70.0,1.0,0.6,17.33
ocsort,shanghai,2,det_thresh0.3_max_age70_min_hits1_iou_threshold0.7,0.2,0.5,52.863,63.707,69.15,18.0,7.333,5.0,76.1,13.24,,467.5,0.3,70.0,1.0,0.7,17.5
ocsort,shanghai,2,det_thresh0.3_max_age70_min_hits3_iou_threshold0.2,0.2,0.5,57.323,64.47,77.86,3.0,7.0,5.0,81.4,12.51,,601.7,0.3,70.0,3.0,0.2,17.48
ocsort,shanghai,2,det_thresh0.3_max_age70_min_hits3_iou_threshold0.3,0.2,0.5,56.97,64.433,77.32,3.333,7.0,5.0,81.2,12.33,,656.1,0.3,70.0,3.0,0.3,17.39
ocsort,shanghai,2,det_thresh0.3_max_age70_min_hits3_iou_threshold0.4,0.2,0.5,56.967,64.38,77.313,3.667,7.0,5.0,81.0,12.49,,467.5,0.3,70.0,3.0,0.4,17.27
ocsort,shanghai,2,det_thresh0.3_max_age70_min_hits3_iou_threshold0.5,0.2,0.5,57.083,64.38,77.38,4.0,7.0,5.0,91.3,11.31,,601.7,0.3,70.0,3.0,0.5,17.29
ocsort,shanghai,2,det_thresh0.3_max_age70_min_hits3_iou_threshold0.6,0.2,0.5,56.803,64.213,76.96,6.0,7.0,5.0,78.2,12.87,,656.1,0.3,70.0,3.0,0.6,17.67
ocsort,shanghai,2,det_thresh0.3_max_age70_min_hits3_iou_threshold0.7,0.2,0.5,52.52,63.13,69.067,13.0,7.0,5.0,80.0,12.72,,467.5,0.3,70.0,3.0,0.7,17.45
ocsort,shanghai,2,det_thresh0.3_max_age100_min_hits1_iou_threshold0.2,0.2,0.5,57.11,64.68,77.44,4.333,7.333,4.667,87.9,11.65,,601.7,0.3,100.0,1.0,0.2,17.19
ocsort,shanghai,2,det_thresh0.3_max_age100_min_hits1_iou_threshold0.3,0.2,0.5,56.77,64.627,76.913,4.667,7.333,4.667,79.0,12.71,,656.1,0.3,100.0,1.0,0.3,17.5
ocsort,shanghai,2,det_thresh0.3_max_age100_min_hits1_iou_threshold0.4,0.2,0.5,57.08,64.6,77.353,5.0,7.333,4.667,81.2,12.57,,467.5,0.3,100.0,1.0,0.4,17.47
ocsort,shanghai,2,det_thresh0.3_max_age100_min_hits1_iou_threshold0.5,0.2,0.5,57.013,64.57,77.177,5.333,7.333,4.667,88.1,11.62,,601.7,0.3,100.0,1.0,0.5,17.2
ocsort,shanghai,2,det_thresh0.3_max_age100_min_hits1_iou_threshold0.6,0.2,0.5,57.027,64.597,77.037,7.0,7.333,4.667,78.7,12.72,,656.1,0.3,100.0,1.0,0.6,17.58
ocsort,shanghai,2,det_thresh0.3_max_age100_min_hits1_iou_threshold0.7,0.2,0.5,53.19,63.75,69.777,18.667,7.333,5.0,78.7,12.96,,467.5,0.3,100.0,1.0,0.7,17.7
ocsort,shanghai,2,det_thresh0.3_max_age100_min_hits3_iou_threshold0.2,0.2,0.5,57.01,64.47,77.467,3.333,7.0,5.0,85.5,11.94,,601.7,0.3,100.0,3.0,0.2,17.33
ocsort,shanghai,2,det_thresh0.3_max_age100_min_hits3_iou_threshold0.3,0.2,0.5,56.687,64.45,76.933,3.667,7.0,5.0,79.1,12.66,,656.1,0.3,100.0,3.0,0.3,17.67
ocsort,shanghai,2,det_thresh0.3_max_age100_min_hits3_iou_threshold0.4,0.2,0.5,56.98,64.37,77.31,3.667,7.0,5.0,77.4,13.2,,467.5,0.3,100.0,3.0,0.4,17.53
ocsort,shanghai,2,det_thresh0.3_max_age100_min_hits3_iou_threshold0.5,0.2,0.5,56.883,64.38,77.127,4.0,7.0,5.0,81.0,12.66,,601.7,0.3,100.0,3.0,0.5,17.54
ocsort,shanghai,2,det_thresh0.3_max_age100_min_hits3_iou_threshold0.6,0.2,0.5,56.803,64.213,76.96,6.0,7.0,5.0,80.6,12.42,,656.1,0.3,100.0,3.0,0.6,17.49
ocsort,shanghai,2,det_thresh0.3_max_age100_min_hits3_iou_threshold0.7,0.2,0.5,52.88,63.187,69.713,13.667,7.0,5.0,72.7,13.85,,467.5,0.3,100.0,3.0,0.7,17.97
ocsort,shanghai,2,det_thresh0.4_max_age20_min_hits1_iou_threshold0.2,0.2,0.5,57.76,66.217,78.247,3.0,7.333,5.0,85.7,11.74,,601.7,0.4,20.0,1.0,0.2,17.16
ocsort,shanghai,2,det_thresh0.4_max_age20_min_hits1_iou_threshold0.3,0.2,0.5,57.727,66.183,78.203,3.333,7.333,5.0,82.4,12.21,,656.1,0.4,20.0,1.0,0.3,17.26
ocsort,shanghai,2,det_thresh0.4_max_age20_min_hits1_iou_threshold0.4,0.2,0.5,57.727,66.2,78.227,3.667,7.333,5.0,81.2,12.8,,467.5,0.4,20.0,1.0,0.4,17.08
ocsort,shanghai,2,det_thresh0.4_max_age20_min_hits1_iou_threshold0.5,0.2,0.5,57.7,66.09,78.273,4.333,7.333,5.0,87.0,11.67,,601.7,0.4,20.0,1.0,0.5,17.14
ocsort,shanghai,2,det_thresh0.4_max_age20_min_hits1_iou_threshold0.6,0.2,0.5,57.133,66.007,77.297,6.667,7.333,5.0,78.5,12.74,,656.1,0.4,20.0,1.0,0.6,17.29
ocsort,shanghai,2,det_thresh0.4_max_age20_min_hits1_iou_threshold0.7,0.2,0.5,53.133,65.407,70.19,17.0,7.333,5.0,75.1,13.35,,467.5,0.4,20.0,1.0,0.7,17.63
ocsort,shanghai,2,det_thresh0.4_max_age20_min_hits3_iou_threshold0.2,0.2,0.5,57.503,65.837,78.083,2.333,7.0,6.0,84.3,11.98,,601.7,0.4,20.0,3.0,0.2,17.21
ocsort,shanghai,2,det_thresh0.4_max_age20_min_hits3_iou_threshold0.3,0.2,0.5,57.47,65.8,78.04,2.667,7.0,6.0,82.6,12.12,,656.1,0.4,20.0,3.0,0.3,17.19
ocsort,shanghai,2,det_thresh0.4_max_age20_min_hits3_iou_threshold0.4,0.2,0.5,57.467,65.783,78.053,3.0,7.0,6.0,76.8,13.05,,467.5,0.4,20.0,3.0,0.4,17.4
ocsort,shanghai,2,det_thresh0.4_max_age20_min_hits3_iou_threshold0.5,0.2,0.5,57.443,65.72,78.06,3.667,7.0,6.0,83.6,12.02,,601.7,0.4,20.0,3.0,0.5,17.4
ocsort,shanghai,2,det_thresh0.4_max_age20_min_hits3_iou_threshold0.6,0.2,0.5,56.783,65.58,76.963,4.667,7.0,6.0,83.7,12.13,,656.1,0.4,20.0,3.0,0.6,17.2
ocsort,shanghai,2,det_thresh0.4_max_age20_min_hits3_iou_threshold0.7,0.2,0.5,52.723,64.54,70.02,14.0,7.0,6.0,71.3,14.11,,467.5,0.4,20.0,3.0,0.7,17.65
ocsort,shanghai,2,det_thresh0.4_max_age30_min_hits1_iou_threshold0.2,0.2,0.5,56.89,66.167,76.77,4.0,7.333,5.0,75.1,13.39,,601.7,0.4,30.0,1.0,0.2,17.79
ocsort,shanghai,2,det_thresh0.4_max_age30_min_hits1_iou_threshold0.3,0.2,0.5,56.857,66.133,76.727,4.333,7.333,5.0,79.3,12.9,,656.1,0.4,30.0,1.0,0.3,17.4
ocsort,shanghai,2,det_thresh0.4_max_age30_min_hits1_iou_threshold0.4,0.2,0.5,57.597,66.183,78.063,4.333,7.333,5.0,74.2,13.49,,467.5,0.4,30.0,1.0,0.4,17.92
ocsort,shanghai,2,det_thresh0.4_max_age30_min_hits1_iou_threshold0.5,0.2,0.5,57.567,66.077,78.113,5.0,7.333,5.0,78.4,12.78,,601.7,0.4,30.0,1.0,0.5,17.33
ocsort,shanghai,2,det_thresh0.4_max_age30_min_hits1_iou_threshold0.6,0.2,0.5,57.07,66.02,77.213,6.667,7.333,5.0,79.6,12.57,,656.1,0.4,30.0,1.0,0.6,17.14
ocsort,shanghai,2,det_thresh0.4_max_age30_min_hits1_iou_threshold0.7,0.2,0.5,53.117,65.253,70.217,17.0,7.333,5.0,75.0,13.39,,467.5,0.4,30.0,1.0,0.7,17.54
ocsort,shanghai,2,det_thresh0.4_max_age30_min_hits3_iou_threshold0.2,0.2,0.5,56.663,65.697,76.67,3.333,7.0,5.667,82.1,12.34,,601.7,0.4,30.0,3.0,0.2,17.22
ocsort,shanghai,2,det_thresh0.4_max_age30_min_hits3_iou_threshold0.3,0.2,0.5,56.63,65.663,76.627,3.667,7.0,5.667,73.4,13.74,,656.1,0.4,30.0,3.0,0.3,17.35
ocsort,shanghai,2,det_thresh0.4_max_age30_min_hits3_iou_threshold0.4,0.2,0.5,57.313,65.673,77.883,3.667,7.0,5.667,79.0,12.71,,467.5,0.4,30.0,3.0,0.4,17.46
ocsort,shanghai,2,det_thresh0.4_max_age30_min_hits3_iou_threshold0.5,0.2,0.5,57.287,65.607,77.89,4.333,7.0,5.667,81.1,12.53,,601.7,0.4,30.0,3.0,0.5,17.35
ocsort,shanghai,2,det_thresh0.4_max_age30_min_hits3_iou_threshold0.6,0.2,0.5,56.74,65.607,76.913,4.667,7.0,5.667,77.8,13.13,,656.1,0.4,30.0,3.0,0.6,17.48
ocsort,shanghai,2,det_thresh0.4_max_age30_min_hits3_iou_threshold0.7,0.2,0.5,52.7,64.453,70.023,12.667,7.0,5.667,75.8,13.24,,467.5,0.4,30.0,3.0,0.7,17.32
ocsort,shanghai,2,det_thresh0.4_max_age40_min_hits1_iou_threshold0.2,0.2,0.5,57.183,66.22,77.53,3.667,7.333,5.0,80.8,12.49,,601.7,0.4,40.0,1.0,0.2,17.25
ocsort,shanghai,2,det_thresh0.4_max_age40_min_hits1_iou_threshold0.3,0.2,0.5,57.247,66.173,77.547,4.0,7.333,5.0,76.4,13.34,,656.1,0.4,40.0,1.0,0.3,17.54
ocsort,shanghai,2,det_thresh0.4_max_age40_min_hits1_iou_threshold0.4,0.2,0.5,57.987,66.227,78.883,4.0,7.333,5.0,78.6,12.82,,467.5,0.4,40.0,1.0,0.4,17.4
ocsort,shanghai,2,det_thresh0.4_max_age40_min_hits1_iou_threshold0.5,0.2,0.5,58.033,66.133,78.883,4.667,7.333,5.0,81.4,12.53,,601.7,0.4,40.0,1.0,0.5,17.35
ocsort,shanghai,2,det_thresh0.4_max_age40_min_hits1_iou_threshold0.6,0.2,0.5,57.477,66.063,77.927,6.333,7.333,5.0,74.1,13.73,,656.1,0.4,40.0,1.0,0.6,17.26
ocsort,shanghai,2,det_thresh0.4_max_age40_min_hits1_iou_threshold0.7,0.2,0.5,53.117,65.253,70.217,17.0,7.333,5.0,81.1,12.41,,467.5,0.4,40.0,1.0,0.7,17.3
ocsort,shanghai,2,det_thresh0.4_max_age40_min_hits3_iou_threshold0.2,0.2,0.5,56.97,65.727,77.373,3.0,7.0,5.667,81.2,12.44,,601.7,0.4,40.0,3.0,0.2,17.69
ocsort,shanghai,2,det_thresh0.4_max_age40_min_hits3_iou_threshold0.3,0.2,0.5,57.043,65.703,77.407,3.333,7.0,5.667,73.2,13.86,,656.1,0.4,40.0,3.0,0.3,17.39
ocsort,shanghai,2,det_thresh0.4_max_age40_min_hits3_iou_threshold0.4,0.2,0.5,57.723,65.713,78.66,3.333,7.0,5.667,79.2,12.64,,467.5,0.4,40.0,3.0,0.4,17.36
ocsort,shanghai,2,det_thresh0.4_max_age40_min_hits3_iou_threshold0.5,0.2,0.5,57.727,65.647,78.653,4.0,7.0,5.667,77.8,12.89,,601.7,0.4,40.0,3.0,0.5,17.34
ocsort,shanghai,2,det_thresh0.4_max_age40_min_hits3_iou_threshold0.6,0.2,0.5,57.14,65.653,77.61,4.333,7.0,6.0,73.7,13.81,,656.1,0.4,40.0,3.0,0.6,17.44
ocsort,shanghai,2,det_thresh0.4_max_age40_min_hits3_iou_threshold0.7,0.2,0.5,52.707,64.48,70.033,12.667,7.0,5.667,79.2,12.65,,467.5,0.4,40.0,3.0,0.7,17.49
ocsort,shanghai,2,det_thresh0.4_max_age50_min_hits1_iou_threshold0.2,0.2,0.5,57.183,66.22,77.53,3.667,7.333,5.0,80.7,12.56,,601.7,0.4,50.0,1.0,0.2,17.5
ocsort,shanghai,2,det_thresh0.4_max_age50_min_hits1_iou_threshold0.3,0.2,0.5,57.257,66.173,77.547,4.0,7.333,5.0,75.2,13.36,,656.1,0.4,50.0,1.0,0.3,17.68
ocsort,shanghai,2,det_thresh0.4_max_age50_min_hits1_iou_threshold0.4,0.2,0.5,57.987,66.227,78.883,4.0,7.333,5.0,76.6,13.11,,467.5,0.4,50.0,1.0,0.4,17.53
ocsort,shanghai,2,det_thresh0.4_max_age50_min_hits1_iou_threshold0.5,0.2,0.5,58.033,66.133,78.883,4.667,7.333,5.0,85.4,12.0,,601.7,0.4,50.0,1.0,0.5,17.25
ocsort,shanghai,2,det_thresh0.4_max_age50_min_hits1_iou_threshold0.6,0.2,0.5,57.477,66.063,77.927,6.333,7.333,5.0,75.5,13.32,,656.1,0.4,50.0,1.0,0.6,17.39
ocsort,shanghai,2,det_thresh0.4_max_age50_min_hits1_iou_threshold0.7,0.2,0.5,53.117,65.253,70.217,17.0,7.333,5.0,74.3,13.62,,467.5,0.4,50.0,1.0,0.7,17.69
ocsort,shanghai,2,det_thresh0.4_max_age50_min_hits3_iou_threshold0.2,0.2,0.5,56.97,65.727,77.373,3.0,7.0,5.667,83.8,12.2,,601.7,0.4,50.0,3.0,0.2,17.26
ocsort,shanghai,2,det_thresh0.4_max_age50_min_hits3_iou_threshold0.3,0.2,0.5,57.05,65.713,77.413,3.333,7.0,5.667,75.6,13.26,,656.1,0.4,50.0,3.0,0.3,17.55
ocsort,shanghai,2,det_thresh0.4_max_age50_min_hits3_iou_threshold0.4,0.2,0.5,57.723,65.713,78.66,3.333,7.0,5.667,76.7,13.15,,467.5,0.4,50.0,3.0,0.4,17.55
ocsort,shanghai,2,det_thresh0.4_max_age50_min_hits3_iou_threshold0.5,0.2,0.5,57.727,65.647,78.653,4.0,7.0,5.667,82.3,12.35,,601.7,0.4,50.0,3.0,0.5,17.31
ocsort,shanghai,2,det_thresh0.4_max_age50_min_hits3_iou_threshold0.6,0.2,0.5,57.14,65.653,77.61,4.333,7.0,6.0,76.4,13.13,,656.1,0.4,50.0,3.0,0.6,17.49
ocsort,shanghai,2,det_thresh0.4_max_age50_min_hits3_iou_threshold0.7,0.2,0.5,52.707,64.48,70.033,12.667,7.0,5.667,75.6,13.31,,467.5,0.4,50.0,3.0,0.7,17.47
ocsort,shanghai,2,det_thresh0.4_max_age70_min_hits1_iou_threshold0.2,0.2,0.5,56.7,66.193,76.723,3.667,7.333,5.0,81.1,12.52,,601.7,0.4,70.0,1.0,0.2,17.31
ocsort,shanghai,2,det_thresh0.4_max_age70_min_hits1_iou_threshold0.3,0.2,0.5,56.813,66.147,76.807,4.0,7.333,5.0,75.2,13.33,,656.1,0.4,70.0,1.0,0.3,17.35
ocsort,shanghai,2,det_thresh0.4_max_age70_min_hits1_iou_threshold0.4,0.2,0.5,57.547,66.197,78.143,4.0,7.333,5.0,75.9,13.27,,467.5,0.4,70.0,1.0,0.4,17.33
ocsort,shanghai,2,det_thresh0.4_max_age70_min_hits1_iou_threshold0.5,0.2,0.5,57.593,66.123,78.15,4.667,7.333,5.0,84.3,12.12,,601.7,0.4,70.0,1.0,0.5,17.38
ocsort,shanghai,2,det_thresh0.4_max_age70_min_hits1_iou_threshold0.6,0.2,0.5,57.037,66.063,77.183,6.333,7.333,5.0,74.1,13.54,,656.1,0.4,70.0,1.0,0.6,17.67
ocsort,shanghai,2,det_thresh0.4_max_age70_min_hits1_iou_threshold0.7,0.2,0.5,52.677,65.257,69.473,17.0,7.333,5.0,77.3,13.09,,467.5,0.4,70.0,1.0,0.7,17.54
ocsort,shanghai,2,det_thresh0.4_max_age70_min_hits3_iou_threshold0.2,0.2,0.5,56.503,65.713,76.587,3.0,7.0,5.667,83.5,12.26,,601.7,0.4,70.0,3.0,0.2,17.45
ocsort,shanghai,2,det_thresh0.4_max_age70_min_hits3_iou_threshold0.3,0.2,0.5,56.623,65.703,76.693,3.333,7.0,5.667,78.1,12.89,,656.1,0.4,70.0,3.0,0.3,17.53
ocsort,shanghai,2,det_thresh0.4_max_age70_min_hits3_iou_threshold0.4,0.2,0.5,57.297,65.703,77.94,3.333,7.0,5.667,77.4,13.13,,467.5,0.4,70.0,3.0,0.4,17.31
ocsort,shanghai,2,det_thresh0.4_max_age70_min_hits3_iou_threshold0.5,0.2,0.5,57.307,65.647,77.94,4.0,7.0,5.667,85.1,12.02,,601.7,0.4,70.0,3.0,0.5,17.24
ocsort,shanghai,2,det_thresh0.4_max_age70_min_hits3_iou_threshold0.6,0.2,0.5,56.72,65.653,76.897,4.333,7.0,6.0,75.1,13.32,,656.1,0.4,70.0,3.0,0.6,17.59
ocsort,shanghai,2,det_thresh0.4_max_age70_min_hits3_iou_threshold0.7,0.2,0.5,52.287,64.48,69.317,12.667,7.0,5.667,75.1,13.64,,467.5,0.4,70.0,3.0,0.7,17.6
ocsort,shanghai,2,det_thresh0.4_max_age100_min_hits1_iou_threshold0.2,0.2,0.5,56.51,66.153,76.36,4.667,7.333,5.0,78.0,12.9,,601.7,0.4,100.0,1.0,0.2,17.65
ocsort,shanghai,2,det_thresh0.4_max_age100_min_hits1_iou_threshold0.3,0.2,0.5,56.687,66.103,76.577,5.0,7.333,5.0,79.2,12.72,,656.1,0.4,100.0,1.0,0.3,17.45
ocsort,shanghai,2,det_thresh0.4_max_age100_min_hits1_iou_threshold0.4,0.2,0.5,57.187,66.187,77.667,4.0,7.333,5.0,75.9,13.35,,467.5,0.4,100.0,1.0,0.4,17.73
ocsort,shanghai,2,det_thresh0.4_max_age100_min_hits1_iou_threshold0.5,0.2,0.5,57.633,66.11,78.32,4.667,7.333,5.0,79.5,12.65,,601.7,0.4,100.0,1.0,0.5,17.46
ocsort,shanghai,2,det_thresh0.4_max_age100_min_hits1_iou_threshold0.6,0.2,0.5,57.037,66.063,77.183,6.333,7.333,5.0,79.2,12.71,,656.1,0.4,100.0,1.0,0.6,17.68
ocsort,shanghai,2,det_thresh0.4_max_age100_min_hits1_iou_threshold0.7,0.2,0.5,53.047,65.257,70.207,16.333,7.333,5.0,74.1,13.71,,467.5,0.4,100.0,1.0,0.7,17.84
ocsort,shanghai,2,det_thresh0.4_max_age100_min_hits3_iou_threshold0.2,0.2,0.5,56.347,65.703,76.267,3.333,7.0,5.667,78.3,12.8,,601.7,0.4,100.0,3.0,0.2,17.84
ocsort,shanghai,2,det_thresh0.4_max_age100_min_hits3_iou_threshold0.3,0.2,0.5,56.54,65.69,76.51,3.667,7.0,5.667,83.3,12.28,,656.1,0.4,100.0,3.0,0.3,17.26
ocsort,shanghai,2,det_thresh0.4_max_age100_min_hits3_iou_threshold0.4,0.2,0.5,56.937,65.69,77.457,3.333,7.0,5.667,75.5,13.45,,467.5,0.4,100.0,3.0,0.4,17.47
ocsort,shanghai,2,det_thresh0.4_max_age100_min_hits3_iou_threshold0.5,0.2,0.5,57.35,65.647,78.117,4.0,7.0,5.667,78.6,12.81,,601.7,0.4,100.0,3.0,0.5,17.52
ocsort,shanghai,2,det_thresh0.4_max_age100_min_hits3_iou_threshold0.6,0.2,0.5,56.72,65.653,76.897,4.333,7.0,6.0,83.6,12.22,,656.1,0.4,100.0,3.0,0.6,17.37
ocsort,shanghai,2,det_thresh0.4_max_age100_min_hits3_iou_threshold0.7,0.2,0.5,52.673,64.48,70.033,12.667,7.0,5.667,76.5,13.1,,467.5,0.4,100.0,3.0,0.7,17.76
ocsort,shanghai,2,det_thresh0.5_max_age20_min_hits1_iou_threshold0.2,0.2,0.5,57.627,66.607,78.777,2.667,6.667,5.667,77.7,13.0,,601.7,0.5,20.0,1.0,0.2,17.25
ocsort,shanghai,2,det_thresh0.5_max_age20_min_hits1_iou_threshold0.3,0.2,0.5,57.55,66.583,78.49,3.0,6.667,5.667,81.3,12.57,,656.1,0.5,20.0,1.0,0.3,17.31
ocsort,shanghai,2,det_thresh0.5_max_age20_min_hits1_iou_threshold0.4,0.2,0.5,57.553,66.57,78.497,3.0,6.667,5.667,77.4,13.0,,467.5,0.5,20.0,1.0,0.4,17.22
ocsort,shanghai,2,det_thresh0.5_max_age20_min_hits1_iou_threshold0.5,0.2,0.5,57.183,66.54,77.773,3.667,6.667,5.667,77.1,13.07,,601.7,0.5,20.0,1.0,0.5,17.67
ocsort,shanghai,2,det_thresh0.5_max_age20_min_hits1_iou_threshold0.6,0.2,0.5,57.023,66.5,77.497,4.667,6.667,5.667,79.7,12.79,,656.1,0.5,20.0,1.0,0.6,17.37
ocsort,shanghai,2,det_thresh0.5_max_age20_min_hits1_iou_threshold0.7,0.2,0.5,52.947,65.763,70.187,15.667,6.667,5.667,76.6,13.09,,467.5,0.5,20.0,1.0,0.7,17.84
ocsort,shanghai,2,det_thresh0.5_max_age20_min_hits3_iou_threshold0.2,0.2,0.5,57.167,66.05,78.423,2.667,6.333,6.0,75.1,13.46,,601.7,0.5,20.0,3.0,0.2,17.73
ocsort,shanghai,2,det_thresh0.5_max_age20_min_hits3_iou_threshold0.3,0.2,0.5,57.107,66.037,78.17,3.0,6.333,6.0,85.0,12.09,,671.4,0.5,20.0,3.0,0.3,17.17
ocsort,shanghai,2,det_thresh0.5_max_age20_min_hits3_iou_threshold0.4,0.2,0.5,57.107,66.037,78.17,3.0,6.333,6.0,75.0,13.42,,452.4,0.5,20.0,3.0,0.4,17.5
ocsort,shanghai,2,det_thresh0.5_max_age20_min_hits3_iou_threshold0.5,0.2,0.5,56.743,65.987,77.423,3.667,6.333,6.0,78.2,13.06,,585.8,0.5,20.0,3.0,0.5,17.38
ocsort,shanghai,2,det_thresh0.5_max_age20_min_hits3_iou_threshold0.6,0.2,0.5,56.527,65.94,77.127,4.333,6.333,6.0,86.4,11.9,,656.0,0.5,20.0,3.0,0.6,17.26
ocsort,shanghai,2,det_thresh0.5_max_age20_min_hits3_iou_threshold0.7,0.2,0.5,52.38,64.69,70.017,12.0,6.0,6.0,76.5,13.09,,452.4,0.5,20.0,3.0,0.7,17.39
ocsort,shanghai,2,det_thresh0.5_max_age30_min_hits1_iou_threshold0.2,0.2,0.5,57.517,66.57,78.627,3.667,6.667,5.667,74.9,13.5,,585.8,0.5,30.0,1.0,0.2,17.6
ocsort,shanghai,2,det_thresh0.5_max_age30_min_hits1_iou_threshold0.3,0.2,0.5,57.443,66.557,78.347,4.0,6.667,5.667,87.1,11.69,,641.7,0.5,30.0,1.0,0.3,17.08
ocsort,shanghai,2,det_thresh0.5_max_age30_min_hits1_iou_threshold0.4,0.2,0.5,57.447,66.543,78.353,4.0,6.667,5.667,77.2,13.02,,414.3,0.5,30.0,1.0,0.4,17.34
ocsort,shanghai,2,det_thresh0.5_max_age30_min_hits1_iou_threshold0.5,0.2,0.5,57.063,66.487,77.637,5.0,6.667,5.667,78.6,12.85,,644.1,0.5,30.0,1.0,0.5,17.38
ocsort,shanghai,2,det_thresh0.5_max_age30_min_hits1_iou_threshold0.6,0.2,0.5,56.913,66.457,77.367,6.0,6.667,5.667,87.2,11.7,,312.8,0.5,30.0,1.0,0.6,17.28
ocsort,shanghai,2,det_thresh0.5_max_age30_min_hits1_iou_threshold0.7,0.2,0.5,53.0,65.777,70.207,16.0,6.667,5.667,79.7,12.56,,446.1,0.5,30.0,1.0,0.7,17.44
ocsort,shanghai,2,det_thresh0.5_max_age30_min_hits3_iou_threshold0.2,0.2,0.5,57.03,65.94,78.273,3.0,6.333,6.0,77.5,13.03,,648.7,0.5,30.0,3.0,0.2,17.51
ocsort,shanghai,2,det_thresh0.5_max_age30_min_hits3_iou_threshold0.3,0.2,0.5,56.97,65.927,78.02,3.333,6.333,6.0,81.3,12.53,,304.7,0.5,30.0,3.0,0.3,17.13
ocsort,shanghai,2,det_thresh0.5_max_age30_min_hits3_iou_threshold0.4,0.2,0.5,56.97,65.927,78.02,3.333,6.333,6.0,80.5,12.42,,536.3,0.5,30.0,3.0,0.4,17.56
ocsort,shanghai,2,det_thresh0.5_max_age30_min_hits3_iou_threshold0.5,0.2,0.5,56.6,65.847,77.277,4.333,6.333,6.0,75.8,13.41,,584.1,0.5,30.0,3.0,0.5,17.46
ocsort,shanghai,2,det_thresh0.5_max_age30_min_hits3_iou_threshold0.6,0.2,0.5,56.39,65.813,76.987,5.0,6.333,6.0,86.8,11.78,,414.3,0.5,30.0,3.0,0.6,17.18
ocsort,shanghai,2,det_thresh0.5_max_age30_min_hits3_iou_threshold0.7,0.2,0.5,52.423,64.727,70.027,11.667,6.0,6.0,80.4,12.45,,644.9,0.5,30.0,3.0,0.7,17.59
ocsort,shanghai,2,det_thresh0.5_max_age40_min_hits1_iou_threshold0.2,0.2,0.5,57.763,66.633,79.207,3.333,6.667,5.667,74.8,13.59,,269.0,0.5,40.0,1.0,0.2,17.5
ocsort,shanghai,2,det_thresh0.5_max_age40_min_hits1_iou_threshold0.3,0.2,0.5,57.687,66.623,78.927,3.667,6.667,5.667,83.8,12.14,,453.3,0.5,40.0,1.0,0.3,17.33
ocsort,shanghai,2,det_thresh0.5_max_age40_min_hits1_iou_threshold0.4,0.2,0.5,57.69,66.61,78.933,3.667,6.667,5.667,74.7,13.45,,686.4,0.5,40.0,1.0,0.4,17.33
ocsort,shanghai,2,det_thresh0.5_max_age40_min_hits1_iou_threshold0.5,0.2,0.5,57.45,66.527,78.273,4.667,6.667,5.667,74.5,13.56,,312.8,0.5,40.0,1.0,0.5,17.36
ocsort,shanghai,2,det_thresh0.5_max_age40_min_hits1_iou_threshold0.6,0.2,0.5,57.293,66.497,78.003,5.667,6.667,5.667,78.5,12.75,,446.1,0.5,40.0,1.0,0.6,17.26
ocsort,shanghai,2,det_thresh0.5_max_age40_min_hits1_iou_threshold0.7,0.2,0.5,53.0,65.777,70.207,16.0,6.667,5.667,81.5,12.36,,573.3,0.5,40.0,1.0,0.7,17.28
ocsort,shanghai,2,det_thresh0.5_max_age40_min_hits3_iou_threshold0.2,0.2,0.5,57.237,65.98,78.76,2.667,6.333,6.0,74.0,13.76,,390.2,0.5,40.0,3.0,0.2,17.61
ocsort,shanghai,2,det_thresh0.5_max_age40_min_hits3_iou_threshold0.3,0.2,0.5,57.177,65.97,78.507,3.0,6.333,6.0,81.2,12.36,,558.9,0.5,40.0,3.0,0.3,17.25
ocsort,shanghai,2,det_thresh0.5_max_age40_min_hits3_iou_threshold0.4,0.2,0.5,57.177,65.97,78.507,3.0,6.333,6.0,86.0,11.78,,633.9,0.5,40.0,3.0,0.4,17.22
ocsort,shanghai,2,det_thresh0.5_max_age40_min_hits3_iou_threshold0.5,0.2,0.5,56.917,65.887,77.833,4.0,6.333,6.0,83.2,12.51,,369.1,0.5,40.0,3.0,0.5,17.07
ocsort,shanghai,2,det_thresh0.5_max_age40_min_hits3_iou_threshold0.6,0.2,0.5,56.703,65.857,77.547,4.667,6.333,6.0,82.7,12.1,,590.3,0.5,40.0,3.0,0.6,17.4
ocsort,shanghai,2,det_thresh0.5_max_age40_min_hits3_iou_threshold0.7,0.2,0.5,52.423,64.727,70.027,11.667,6.0,6.0,85.2,11.9,,676.1,0.5,40.0,3.0,0.7,17.17
ocsort,shanghai,2,det_thresh0.5_max_age50_min_hits1_iou_threshold0.2,0.2,0.5,57.783,66.633,79.24,3.333,6.667,5.667,82.5,12.59,,332.6,0.5,50.0,1.0,0.2,17.06
ocsort,shanghai,2,det_thresh0.5_max_age50_min_hits1_iou_threshold0.3,0.2,0.5,57.707,66.623,78.96,3.667,6.667,5.667,83.9,12.07,,555.6,0.5,50.0,1.0,0.3,17.16
ocsort,shanghai,2,det_thresh0.5_max_age50_min_hits1_iou_threshold0.4,0.2,0.5,57.66,66.623,78.863,3.667,6.667,5.667,85.9,11.74,,675.4,0.5,50.0,1.0,0.4,17.29
ocsort,shanghai,2,det_thresh0.5_max_age50_min_hits1_iou_threshold0.5,0.2,0.5,57.42,66.54,78.203,4.667,6.667,5.667,80.2,12.71,,329.4,0.5,50.0,1.0,0.5,17.99
ocsort,shanghai,2,det_thresh0.5_max_age50_min_hits1_iou_threshold0.6,0.2,0.5,57.263,66.51,77.933,5.667,6.667,5.667,85.9,11.79,,552.4,0.5,50.0,1.0,0.6,17.07
ocsort,shanghai,2,det_thresh0.5_max_age50_min_hits1_iou_threshold0.7,0.2,0.5,53.0,65.777,70.207,16.0,6.667,5.667,81.7,12.27,,672.2,0.5,50.0,1.0,0.7,17.28
ocsort,shanghai,2,det_thresh0.5_max_age50_min_hits3_iou_threshold0.2,0.2,0.5,57.257,66.023,78.787,2.0,6.333,6.0,80.3,12.82,,329.4,0.5,50.0,3.0,0.2,17.1
ocsort,shanghai,2,det_thresh0.5_max_age50_min_hits3_iou_threshold0.3,0.2,0.5,57.197,66.013,78.533,2.333,6.333,6.0,90.5,11.27,,556.4,0.5,50.0,3.0,0.3,16.82
ocsort,shanghai,2,det_thresh0.5_max_age50_min_hits3_iou_threshold0.4,0.2,0.5,57.163,66.027,78.46,2.333,6.333,6.333,79.1,12.66,,689.0,0.5,50.0,3.0,0.4,17.21
ocsort,shanghai,2,det_thresh0.5_max_age50_min_hits3_iou_threshold0.5,0.2,0.5,56.907,65.943,77.787,3.333,6.333,6.333,80.4,12.72,,269.0,0.5,50.0,3.0,0.5,17.1
ocsort,shanghai,2,det_thresh0.5_max_age50_min_hits3_iou_threshold0.6,0.2,0.5,56.693,65.91,77.5,4.0,6.333,6.333,91.8,11.21,,471.2,0.5,50.0,3.0,0.6,16.79
ocsort,shanghai,2,det_thresh0.5_max_age50_min_hits3_iou_threshold0.7,0.2,0.5,52.423,64.727,70.027,11.667,6.0,6.0,76.4,13.13,,639.4,0.5,50.0,3.0,0.7,17.45
ocsort,shanghai,2,det_thresh0.5_max_age70_min_hits1_iou_threshold0.2,0.2,0.5,57.337,66.623,78.49,3.333,6.667,5.667,82.5,12.17,,269.0,0.5,70.0,1.0,0.2,17.53
ocsort,shanghai,2,det_thresh0.5_max_age70_min_hits1_iou_threshold0.3,0.2,0.5,57.26,66.61,78.21,3.667,6.667,5.667,83.5,12.24,,453.3,0.5,70.0,1.0,0.3,17.09
ocsort,shanghai,2,det_thresh0.5_max_age70_min_hits1_iou_threshold0.4,0.2,0.5,57.213,66.61,78.113,3.667,6.667,5.667,79.5,12.65,,607.3,0.5,70.0,1.0,0.4,17.05
ocsort,shanghai,2,det_thresh0.5_max_age70_min_hits1_iou_threshold0.5,0.2,0.5,56.973,66.527,77.45,4.667,6.667,5.667,78.5,12.81,,388.6,0.5,70.0,1.0,0.5,17.84
ocsort,shanghai,2,det_thresh0.5_max_age70_min_hits1_iou_threshold0.6,0.2,0.5,56.817,66.513,77.17,5.667,6.667,5.667,90.3,11.79,,556.8,0.5,70.0,1.0,0.6,15.72
ocsort,shanghai,2,det_thresh0.5_max_age70_min_hits1_iou_threshold0.7,0.2,0.5,52.55,65.78,69.447,16.0,6.667,5.667,73.7,14.11,,612.0,0.5,70.0,1.0,0.7,17.44
ocsort,shanghai,2,det_thresh0.5_max_age70_min_hits3_iou_threshold0.2,0.2,0.5,56.82,66.013,78.05,2.0,6.333,6.0,89.8,11.46,,467.5,0.5,70.0,3.0,0.2,17.12
ocsort,shanghai,2,det_thresh0.5_max_age70_min_hits3_iou_threshold0.3,0.2,0.5,56.76,66.0,77.797,2.333,6.333,6.0,78.1,12.97,,614.2,0.5,70.0,3.0,0.3,17.22
ocsort,shanghai,2,det_thresh0.5_max_age70_min_hits3_iou_threshold0.4,0.2,0.5,56.727,66.013,77.723,2.333,6.333,6.333,83.4,12.07,,688.7,0.5,70.0,3.0,0.4,17.18
ocsort,shanghai,2,det_thresh0.5_max_age70_min_hits3_iou_threshold0.5,0.2,0.5,56.48,65.943,77.057,3.333,6.333,6.333,79.0,12.66,,460.2,0.5,70.0,3.0,0.5,17.14
ocsort,shanghai,2,det_thresh0.5_max_age70_min_hits3_iou_threshold0.6,0.2,0.5,56.267,65.91,76.77,4.0,6.333,6.333,81.2,12.34,,593.1,0.5,70.0,3.0,0.6,17.15
ocsort,shanghai,2,det_thresh0.5_max_age70_min_hits3_iou_threshold0.7,0.2,0.5,51.997,64.727,69.293,11.667,6.0,6.0,85.1,11.94,,305.4,0.5,70.0,3.0,0.7,17.14
ocsort,shanghai,2,det_thresh0.5_max_age100_min_hits1_iou_threshold0.2,0.2,0.5,57.237,66.61,78.263,3.333,6.667,5.667,78.1,13.27,,537.0,0.5,100.0,1.0,0.2,17.28
ocsort,shanghai,2,det_thresh0.5_max_age100_min_hits1_iou_threshold0.3,0.2,0.5,57.16,66.597,77.983,3.667,6.667,5.667,92.4,11.47,,629.5,0.5,100.0,1.0,0.3,14.5
ocsort,shanghai,2,det_thresh0.5_max_age100_min_hits1_iou_threshold0.4,0.2,0.5,57.113,66.597,77.887,3.667,6.667,5.667,80.1,13.39,,332.6,0.5,100.0,1.0,0.4,14.89
ocsort,shanghai,2,det_thresh0.5_max_age100_min_hits1_iou_threshold0.5,0.2,0.5,57.017,66.517,77.623,4.667,6.667,5.667,97.1,10.97,,555.6,0.5,100.0,1.0,0.5,12.32
ocsort,shanghai,2,det_thresh0.5_max_age100_min_hits1_iou_threshold0.6,0.2,0.5,56.817,66.513,77.17,5.667,6.667,5.667,74.6,13.71,,675.4,0.5,100.0,1.0,0.6,17.53
ocsort,shanghai,2,det_thresh0.5_max_age100_min_hits1_iou_threshold0.7,0.2,0.5,52.927,65.753,70.193,16.333,6.667,5.667,82.8,12.17,,329.4,0.5,100.0,1.0,0.7,17.4
ocsort,shanghai,2,det_thresh0.5_max_age100_min_hits3_iou_threshold0.2,0.2,0.5,56.743,66.0,77.85,2.0,6.333,6.0,78.7,12.73,,552.4,0.5,100.0,3.0,0.2,17.28
ocsort,shanghai,2,det_thresh0.5_max_age100_min_hits3_iou_threshold0.3,0.2,0.5,56.683,65.99,77.597,2.333,6.333,6.0,81.6,12.27,,685.0,0.5,100.0,3.0,0.3,17.35
ocsort,shanghai,2,det_thresh0.5_max_age100_min_hits3_iou_threshold0.4,0.2,0.5,56.65,66.003,77.523,2.333,6.333,6.333,83.0,12.16,,269.0,0.5,100.0,3.0,0.4,17.33
ocsort,shanghai,2,det_thresh0.5_max_age100_min_hits3_iou_threshold0.5,0.2,0.5,56.523,65.943,77.24,3.333,6.333,6.333,78.0,13.18,,471.2,0.5,100.0,3.0,0.5,17.14
ocsort,shanghai,2,det_thresh0.5_max_age100_min_hits3_iou_threshold0.6,0.2,0.5,56.267,65.91,76.77,4.0,6.333,6.333,91.1,11.48,,639.4,0.5,100.0,3.0,0.6,14.79
ocsort,shanghai,2,det_thresh0.5_max_age100_min_hits3_iou_threshold0.7,0.2,0.5,52.39,64.697,70.04,11.667,6.0,6.0,80.4,13.35,,269.0,0.5,100.0,3.0,0.7,14.7
ocsort,shanghai,2,det_thresh0.6_max_age20_min_hits1_iou_threshold0.2,0.2,0.5,55.093,64.923,75.583,3.333,6.333,6.0,94.5,11.29,,471.2,0.6,20.0,1.0,0.2,15.49
ocsort,shanghai,2,det_thresh0.6_max_age20_min_hits1_iou_threshold0.3,0.2,0.5,55.093,64.923,75.583,3.333,6.333,6.0,76.3,13.82,,639.4,0.6,20.0,1.0,0.3,17.27
ocsort,shanghai,2,det_thresh0.6_max_age20_min_hits1_iou_threshold0.4,0.2,0.5,55.113,64.893,75.61,4.0,6.333,6.0,93.1,11.2,,269.0,0.6,20.0,1.0,0.4,16.71
ocsort,shanghai,2,det_thresh0.6_max_age20_min_hits1_iou_threshold0.5,0.2,0.5,55.16,64.85,75.623,4.667,6.333,6.0,78.5,13.06,,471.2,0.6,20.0,1.0,0.5,17.39
ocsort,shanghai,2,det_thresh0.6_max_age20_min_hits1_iou_threshold0.6,0.2,0.5,54.75,64.77,74.937,5.667,6.333,6.0,88.0,11.56,,639.4,0.6,20.0,1.0,0.6,16.93
ocsort,shanghai,2,det_thresh0.6_max_age20_min_hits1_iou_threshold0.7,0.2,0.5,52.19,64.157,70.027,13.667,6.333,6.333,77.3,12.99,,269.0,0.6,20.0,1.0,0.7,17.04
ocsort,shanghai,2,det_thresh0.6_max_age20_min_hits3_iou_threshold0.2,0.2,0.5,53.94,63.21,74.68,3.333,5.667,6.667,83.3,12.02,,471.2,0.6,20.0,3.0,0.2,17.12
ocsort,shanghai,2,det_thresh0.6_max_age20_min_hits3_iou_threshold0.3,0.2,0.5,53.94,63.21,74.68,3.333,5.667,6.667,80.9,12.36,,639.4,0.6,20.0,3.0,0.3,17.15
ocsort,shanghai,2,det_thresh0.6_max_age20_min_hits3_iou_threshold0.4,0.2,0.5,53.96,63.2,74.697,4.0,5.667,6.667,79.1,12.74,,269.0,0.6,20.0,3.0,0.4,17.12
ocsort,shanghai,2,det_thresh0.6_max_age20_min_hits3_iou_threshold0.5,0.2,0.5,53.99,63.147,74.687,4.333,5.667,6.667,84.4,12.01,,471.2,0.6,20.0,3.0,0.5,17.03
ocsort,shanghai,2,det_thresh0.6_max_age20_min_hits3_iou_threshold0.6,0.2,0.5,53.58,63.033,74.037,5.333,5.667,6.667,79.7,12.85,,639.4,0.6,20.0,3.0,0.6,17.01
ocsort,shanghai,2,det_thresh0.6_max_age20_min_hits3_iou_threshold0.7,0.2,0.5,50.87,61.923,69.17,11.333,5.667,6.667,92.8,11.29,,269.0,0.6,20.0,3.0,0.7,14.53
ocsort,shanghai,2,det_thresh0.6_max_age30_min_hits1_iou_threshold0.2,0.2,0.5,56.217,64.95,77.65,3.0,6.333,6.0,79.4,13.37,,471.2,0.6,30.0,1.0,0.2,16.99
ocsort,shanghai,2,det_thresh0.6_max_age30_min_hits1_iou_threshold0.3,0.2,0.5,56.217,64.95,77.65,3.0,6.333,6.0,93.6,11.44,,639.4,0.6,30.0,1.0,0.3,14.68
ocsort,shanghai,2,det_thresh0.6_max_age30_min_hits1_iou_threshold0.4,0.2,0.5,55.947,64.883,76.96,4.0,6.333,6.0,67.7,14.9,,269.0,0.6,30.0,1.0,0.4,17.37
ocsort,shanghai,2,det_thresh0.6_max_age30_min_hits1_iou_threshold0.5,0.2,0.5,55.93,64.81,76.85,5.0,6.333,6.0,78.8,12.99,,471.2,0.6,30.0,1.0,0.5,17.31
ocsort,shanghai,2,det_thresh0.6_max_age30_min_hits1_iou_threshold0.6,0.2,0.5,54.963,64.783,75.56,6.0,6.333,6.0,78.0,12.98,,639.4,0.6,30.0,1.0,0.6,17.11
ocsort,shanghai,2,det_thresh0.6_max_age30_min_hits1_iou_threshold0.7,0.2,0.5,52.19,64.157,70.027,13.667,6.333,6.333,86.4,11.61,,269.0,0.6,30.0,1.0,0.7,16.91
ocsort,shanghai,2,det_thresh0.6_max_age30_min_hits3_iou_threshold0.2,0.2,0.5,54.98,63.25,76.613,2.667,5.667,6.667,77.7,12.89,,471.2,0.6,30.0,3.0,0.2,17.23
ocsort,shanghai,2,det_thresh0.6_max_age30_min_hits3_iou_threshold0.3,0.2,0.5,54.98,63.25,76.613,2.667,5.667,6.667,80.4,12.45,,639.4,0.6,30.0,3.0,0.3,17.16
ocsort,shanghai,2,det_thresh0.6_max_age30_min_hits3_iou_threshold0.4,0.2,0.5,54.737,63.213,75.943,3.333,5.667,6.667,83.0,12.11,,269.0,0.6,30.0,3.0,0.4,17.05
ocsort,shanghai,2,det_thresh0.6_max_age30_min_hits3_iou_threshold0.5,0.2,0.5,54.743,63.13,75.887,4.0,5.667,6.667,81.1,12.55,,471.2,0.6,30.0,3.0,0.5,17.3
ocsort,shanghai,2,det_thresh0.6_max_age30_min_hits3_iou_threshold0.6,0.2,0.5,53.757,63.05,74.573,5.0,5.667,6.667,87.8,11.69,,639.4,0.6,30.0,3.0,0.6,17.03
ocsort,shanghai,2,det_thresh0.6_max_age30_min_hits3_iou_threshold0.7,0.2,0.5,50.87,61.923,69.17,11.333,5.667,6.667,79.9,13.08,,269.0,0.6,30.0,3.0,0.7,17.23
ocsort,shanghai,2,det_thresh0.6_max_age40_min_hits1_iou_threshold0.2,0.2,0.5,56.193,64.94,77.65,3.0,6.333,6.0,93.3,11.38,,471.2,0.6,40.0,1.0,0.2,14.59
ocsort,shanghai,2,det_thresh0.6_max_age40_min_hits1_iou_threshold0.3,0.2,0.5,56.193,64.94,77.65,3.0,6.333,6.0,81.0,13.35,,639.4,0.6,40.0,1.0,0.3,14.75
ocsort,shanghai,2,det_thresh0.6_max_age40_min_hits1_iou_threshold0.4,0.2,0.5,55.927,64.887,76.967,4.0,6.333,6.0,96.2,11.17,,269.0,0.6,40.0,1.0,0.4,12.34
ocsort,shanghai,2,det_thresh0.6_max_age40_min_hits1_iou_threshold0.5,0.2,0.5,55.927,64.8,76.847,5.0,6.333,6.0,78.2,13.58,,471.2,0.6,40.0,1.0,0.5,17.1
ocsort,shanghai,2,det_thresh0.6_max_age40_min_hits1_iou_threshold0.6,0.2,0.5,54.96,64.77,75.553,6.0,6.333,6.0,91.1,11.23,,639.4,0.6,40.0,1.0,0.6,17.32
ocsort,shanghai,2,det_thresh0.6_max_age40_min_hits1_iou_threshold0.7,0.2,0.5,52.187,64.143,70.023,13.667,6.333,6.333,78.1,12.87,,269.0,0.6,40.0,1.0,0.7,17.6
ocsort,shanghai,2,det_thresh0.6_max_age40_min_hits3_iou_threshold0.2,0.2,0.5,54.97,63.237,76.61,2.667,5.667,6.667,83.0,12.05,,471.2,0.6,40.0,3.0,0.2,17.36
ocsort,shanghai,2,det_thresh0.6_max_age40_min_hits3_iou_threshold0.3,0.2,0.5,54.97,63.237,76.61,2.667,5.667,6.667,81.5,12.29,,639.4,0.6,40.0,3.0,0.3,17.3
ocsort,shanghai,2,det_thresh0.6_max_age40_min_hits3_iou_threshold0.4,0.2,0.5,54.73,63.213,75.943,3.333,5.667,6.667,80.7,12.5,,269.0,0.6,40.0,3.0,0.4,17.21
ocsort,shanghai,2,det_thresh0.6_max_age40_min_hits3_iou_threshold0.5,0.2,0.5,54.743,63.13,75.887,4.0,5.667,6.667,86.2,11.81,,471.2,0.6,40.0,3.0,0.5,17.05
ocsort,shanghai,2,det_thresh0.6_max_age40_min_hits3_iou_threshold0.6,0.2,0.5,53.757,63.05,74.573,5.0,5.667,6.667,76.6,13.45,,639.4,0.6,40.0,3.0,0.6,17.46
ocsort,shanghai,2,det_thresh0.6_max_age40_min_hits3_iou_threshold0.7,0.2,0.5,50.87,61.923,69.17,11.333,5.667,6.667,93.9,11.26,,269.0,0.6,40.0,3.0,0.7,14.41
ocsort,shanghai,2,det_thresh0.6_max_age50_min_hits1_iou_threshold0.2,0.2,0.5,56.163,64.953,77.58,3.0,6.333,6.333,81.7,13.21,,471.2,0.6,50.0,1.0,0.2,14.88
ocsort,shanghai,2,det_thresh0.6_max_age50_min_hits1_iou_threshold0.3,0.2,0.5,56.163,64.953,77.58,3.0,6.333,6.333,96.8,11.1,,639.4,0.6,50.0,1.0,0.3,12.29
ocsort,shanghai,2,det_thresh0.6_max_age50_min_hits1_iou_threshold0.4,0.2,0.5,55.893,64.9,76.893,4.0,6.333,6.333,76.9,13.62,,269.0,0.6,50.0,1.0,0.4,17.45
ocsort,shanghai,2,det_thresh0.6_max_age50_min_hits1_iou_threshold0.5,0.2,0.5,55.927,64.8,76.847,5.0,6.333,6.0,89.9,11.32,,471.2,0.6,50.0,1.0,0.5,17.24
ocsort,shanghai,2,det_thresh0.6_max_age50_min_hits1_iou_threshold0.6,0.2,0.5,54.96,64.77,75.553,6.0,6.333,6.0,80.7,12.49,,639.4,0.6,50.0,1.0,0.6,17.66
ocsort,shanghai,2,det_thresh0.6_max_age50_min_hits1_iou_threshold0.7,0.2,0.5,52.187,64.143,70.023,13.667,6.333,6.333,81.3,12.34,,269.0,0.6,50.0,1.0,0.7,17.38
ocsort,shanghai,2,det_thresh0.6_max_age50_min_hits3_iou_threshold0.2,0.2,0.5,54.963,63.237,76.593,2.667,5.667,6.667,81.9,12.34,,471.2,0.6,50.0,3.0,0.2,17.27
ocsort,shanghai,2,det_thresh0.6_max_age50_min_hits3_iou_threshold0.3,0.2,0.5,54.963,63.237,76.593,2.667,5.667,6.667,80.3,12.72,,639.4,0.6,50.0,3.0,0.3,17.87
ocsort,shanghai,2,det_thresh0.6_max_age50_min_hits3_iou_threshold0.4,0.2,0.5,54.723,63.213,75.927,3.333,5.667,6.667,93.4,11.29,,269.0,0.6,50.0,3.0,0.4,14.49
ocsort,shanghai,2,det_thresh0.6_max_age50_min_hits3_iou_threshold0.5,0.2,0.5,54.743,63.13,75.887,4.0,5.667,6.667,79.7,13.39,,471.2,0.6,50.0,3.0,0.5,15.07
ocsort,shanghai,2,det_thresh0.6_max_age50_min_hits3_iou_threshold0.6,0.2,0.5,53.757,63.05,74.573,5.0,5.667,6.667,96.3,11.09,,639.4,0.6,50.0,3.0,0.6,12.32
ocsort,shanghai,2,det_thresh0.6_max_age50_min_hits3_iou_threshold0.7,0.2,0.5,50.87,61.923,69.17,11.333,5.667,6.667,78.4,13.31,,269.0,0.6,50.0,3.0,0.7,17.32
ocsort,shanghai,2,det_thresh0.6_max_age70_min_hits1_iou_threshold0.2,0.2,0.5,55.913,64.97,77.077,2.667,6.333,6.333,88.8,11.48,,471.2,0.6,70.0,1.0,0.2,17.26
ocsort,shanghai,2,det_thresh0.6_max_age70_min_hits1_iou_threshold0.3,0.2,0.5,55.913,64.97,77.077,2.667,6.333,6.333,76.7,13.16,,639.4,0.6,70.0,1.0,0.3,17.4
ocsort,shanghai,2,det_thresh0.6_max_age70_min_hits1_iou_threshold0.4,0.2,0.5,55.64,64.913,76.39,3.667,6.333,6.333,83.1,12.04,,269.0,0.6,70.0,1.0,0.4,17.25
ocsort,shanghai,2,det_thresh0.6_max_age70_min_hits1_iou_threshold0.5,0.2,0.5,55.47,64.787,76.05,5.0,6.333,6.0,81.7,12.27,,471.2,0.6,70.0,1.0,0.5,17.08
ocsort,shanghai,2,det_thresh0.6_max_age70_min_hits1_iou_threshold0.6,0.2,0.5,54.507,64.76,74.757,6.0,6.333,6.0,80.1,12.58,,639.4,0.6,70.0,1.0,0.6,17.13
ocsort,shanghai,2,det_thresh0.6_max_age70_min_hits1_iou_threshold0.7,0.2,0.5,52.187,64.13,70.03,13.667,6.333,6.333,86.2,11.91,,269.0,0.6,70.0,1.0,0.7,17.02
ocsort,shanghai,2,det_thresh0.6_max_age70_min_hits3_iou_threshold0.2,0.2,0.5,54.663,63.267,75.987,2.333,5.667,6.667,80.5,13.02,,471.2,0.6,70.0,3.0,0.2,17.32
ocsort,shanghai,2,det_thresh0.6_max_age70_min_hits3_iou_threshold0.3,0.2,0.5,54.663,63.267,75.987,2.333,5.667,6.667,92.8,11.41,,639.4,0.6,70.0,3.0,0.3,14.6
ocsort,shanghai,2,det_thresh0.6_max_age70_min_hits3_iou_threshold0.4,0.2,0.5,54.433,63.257,75.333,3.0,5.667,6.667,80.6,13.35,,269.0,0.6,70.0,3.0,0.4,14.87
ocsort,shanghai,2,det_thresh0.6_max_age70_min_hits3_iou_threshold0.5,0.2,0.5,54.33,63.143,75.137,4.0,5.667,6.667,95.3,11.12,,471.2,0.6,70.0,3.0,0.5,14.1
ocsort,shanghai,2,det_thresh0.6_max_age70_min_hits3_iou_threshold0.6,0.2,0.5,53.347,63.06,73.823,5.0,5.667,6.667,78.1,13.3,,639.4,0.6,70.0,3.0,0.6,17.11
ocsort,shanghai,2,det_thresh0.6_max_age70_min_hits3_iou_threshold0.7,0.2,0.5,50.873,61.923,69.177,11.0,5.667,6.667,89.6,11.35,,269.0,0.6,70.0,3.0,0.7,16.99
ocsort,shanghai,2,det_thresh0.6_max_age100_min_hits1_iou_threshold0.2,0.2,0.5,55.673,64.93,76.77,3.333,6.333,6.333,77.6,12.94,,471.2,0.6,100.0,1.0,0.2,17.24
ocsort,shanghai,2,det_thresh0.6_max_age100_min_hits1_iou_threshold0.3,0.2,0.5,55.673,64.93,76.77,3.333,6.333,6.333,83.1,12.04,,639.4,0.6,100.0,1.0,0.3,17.09
ocsort,shanghai,2,det_thresh0.6_max_age100_min_hits1_iou_threshold0.4,0.2,0.5,55.4,64.877,76.087,4.333,6.333,6.333,82.2,12.18,,269.0,0.6,100.0,1.0,0.4,17.39
ocsort,shanghai,2,det_thresh0.6_max_age100_min_hits1_iou_threshold0.5,0.2,0.5,55.5,64.733,76.35,6.333,6.333,6.0,80.8,12.54,,471.2,0.6,100.0,1.0,0.5,16.98
ocsort,shanghai,2,det_thresh0.6_max_age100_min_hits1_iou_threshold0.6,0.2,0.5,54.67,64.707,75.28,7.333,6.333,6.0,84.6,12.02,,639.4,0.6,100.0,1.0,0.6,17.17
ocsort,shanghai,2,det_thresh0.6_max_age100_min_hits1_iou_threshold0.7,0.2,0.5,52.117,64.09,70.023,15.0,6.333,6.333,77.8,13.4,,269.0,0.6,100.0,1.0,0.7,17.15
ocsort,shanghai,2,det_thresh0.6_max_age100_min_hits3_iou_threshold0.2,0.2,0.5,54.427,63.203,75.707,2.333,5.667,6.667,94.1,11.36,,471.2,0.6,100.0,3.0,0.2,14.36
ocsort,shanghai,2,det_thresh0.6_max_age100_min_hits3_iou_threshold0.3,0.2,0.5,54.427,63.203,75.707,2.333,5.667,6.667,80.8,13.38,,639.4,0.6,100.0,3.0,0.3,14.78
ocsort,shanghai,2,det_thresh0.6_max_age100_min_hits3_iou_threshold0.4,0.2,0.5,54.2,63.2,75.06,3.0,5.667,6.667,96.5,11.06,,269.0,0.6,100.0,3.0,0.4,14.13
ocsort,shanghai,2,det_thresh0.6_max_age100_min_hits3_iou_threshold0.5,0.2,0.5,54.35,63.063,75.453,4.667,5.667,6.667,76.7,13.56,,471.2,0.6,100.0,3.0,0.5,17.24
ocsort,shanghai,2,det_thresh0.6_max_age100_min_hits3_iou_threshold0.6,0.2,0.5,53.513,62.98,74.38,5.667,5.667,6.667,89.1,11.44,,639.4,0.6,100.0,3.0,0.6,16.97
ocsort,shanghai,2,det_thresh0.6_max_age100_min_hits3_iou_threshold0.7,0.2,0.5,50.81,61.853,69.197,11.667,5.667,6.667,78.1,12.85,,269.0,0.6,100.0,3.0,0.7,17.35
ocsort,shanghai,2,det_thresh0.7_max_age20_min_hits1_iou_threshold0.2,0.2,0.5,52.243,61.113,72.75,4.333,5.0,6.667,83.6,11.96,,471.2,0.7,20.0,1.0,0.2,16.92
ocsort,shanghai,2,det_thresh0.7_max_age20_min_hits1_iou_threshold0.3,0.2,0.5,52.233,61.07,72.767,5.0,5.0,6.667,81.0,12.37,,639.4,0.7,20.0,1.0,0.3,17.07
ocsort,shanghai,2,det_thresh0.7_max_age20_min_hits1_iou_threshold0.4,0.2,0.5,52.23,61.08,72.77,4.333,5.0,6.667,83.1,12.14,,269.0,0.7,20.0,1.0,0.4,17.27
ocsort,shanghai,2,det_thresh0.7_max_age20_min_hits1_iou_threshold0.5,0.2,0.5,51.86,61.03,72.053,5.0,5.0,6.667,85.7,11.79,,471.2,0.7,20.0,1.0,0.5,17.05
ocsort,shanghai,2,det_thresh0.7_max_age20_min_hits1_iou_threshold0.6,0.2,0.5,51.61,60.937,71.633,6.0,5.0,6.667,79.0,12.9,,639.4,0.7,20.0,1.0,0.6,17.01
ocsort,shanghai,2,det_thresh0.7_max_age20_min_hits1_iou_threshold0.7,0.2,0.5,49.03,60.277,66.893,13.333,5.0,6.667,91.5,11.39,,269.0,0.7,20.0,1.0,0.7,16.82
ocsort,shanghai,2,det_thresh0.7_max_age20_min_hits3_iou_threshold0.2,0.2,0.5,50.437,58.59,71.08,3.667,4.333,7.0,79.8,13.19,,471.2,0.7,20.0,3.0,0.2,17.11
ocsort,shanghai,2,det_thresh0.7_max_age20_min_hits3_iou_threshold0.3,0.2,0.5,50.43,58.55,71.093,4.0,4.333,7.0,95.4,11.22,,639.4,0.7,20.0,3.0,0.3,14.32
ocsort,shanghai,2,det_thresh0.7_max_age20_min_hits3_iou_threshold0.4,0.2,0.5,50.467,58.587,71.123,4.0,4.333,7.0,80.1,13.46,,269.0,0.7,20.0,3.0,0.4,14.83
ocsort,shanghai,2,det_thresh0.7_max_age20_min_hits3_iou_threshold0.5,0.2,0.5,50.25,58.557,70.613,5.0,4.333,7.0,96.6,11.05,,471.2,0.7,20.0,3.0,0.5,12.28
ocsort,shanghai,2,det_thresh0.7_max_age20_min_hits3_iou_threshold0.6,0.2,0.5,49.99,58.41,70.207,6.0,4.333,7.0,78.8,13.38,,639.4,0.7,20.0,3.0,0.6,17.0
ocsort,shanghai,2,det_thresh0.7_max_age20_min_hits3_iou_threshold0.7,0.2,0.5,47.33,57.393,65.517,11.667,4.333,7.0,86.5,11.71,,269.0,0.7,20.0,3.0,0.7,17.15
ocsort,shanghai,2,det_thresh0.7_max_age30_min_hits1_iou_threshold0.2,0.2,0.5,52.147,61.127,72.703,4.667,5.0,6.667,77.4,12.93,,471.2,0.7,30.0,1.0,0.2,17.29
ocsort,shanghai,2,det_thresh0.7_max_age30_min_hits1_iou_threshold0.3,0.2,0.5,52.137,61.1,72.727,5.333,5.0,6.667,76.9,13.34,,639.4,0.7,30.0,1.0,0.3,17.39
ocsort,shanghai,2,det_thresh0.7_max_age30_min_hits1_iou_threshold0.4,0.2,0.5,52.783,61.097,73.86,4.667,5.0,6.667,84.3,12.01,,269.0,0.7,30.0,1.0,0.4,17.5
ocsort,shanghai,2,det_thresh0.7_max_age30_min_hits1_iou_threshold0.5,0.2,0.5,52.42,61.043,73.147,5.333,5.0,6.667,79.7,12.55,,471.2,0.7,30.0,1.0,0.5,17.79
ocsort,shanghai,2,det_thresh0.7_max_age30_min_hits1_iou_threshold0.6,0.2,0.5,52.317,61.033,72.993,5.333,5.0,6.667,74.6,13.5,,639.4,0.7,30.0,1.0,0.6,17.71
ocsort,shanghai,2,det_thresh0.7_max_age30_min_hits1_iou_threshold0.7,0.2,0.5,49.19,60.317,67.193,12.667,5.0,6.667,83.4,12.05,,269.0,0.7,30.0,1.0,0.7,17.52
ocsort,shanghai,2,det_thresh0.7_max_age30_min_hits3_iou_threshold0.2,0.2,0.5,50.377,58.547,70.92,3.667,4.333,7.0,82.2,12.27,,471.2,0.7,30.0,3.0,0.2,17.47
ocsort,shanghai,2,det_thresh0.7_max_age30_min_hits3_iou_threshold0.3,0.2,0.5,50.37,58.507,70.933,4.0,4.333,7.0,76.3,13.49,,639.4,0.7,30.0,3.0,0.3,17.55
ocsort,shanghai,2,det_thresh0.7_max_age30_min_hits3_iou_threshold0.4,0.2,0.5,50.93,58.53,72.02,4.0,4.333,7.0,77.3,13.04,,269.0,0.7,30.0,3.0,0.4,17.85
ocsort,shanghai,2,det_thresh0.7_max_age30_min_hits3_iou_threshold0.5,0.2,0.5,50.717,58.503,71.51,5.0,4.333,7.0,84.2,12.16,,471.2,0.7,30.0,3.0,0.5,17.18
ocsort,shanghai,2,det_thresh0.7_max_age30_min_hits3_iou_threshold0.6,0.2,0.5,50.6,58.507,71.423,5.333,4.333,7.0,76.4,13.52,,639.4,0.7,30.0,3.0,0.6,17.33
ocsort,shanghai,2,det_thresh0.7_max_age30_min_hits3_iou_threshold0.7,0.2,0.5,47.46,57.447,65.767,11.0,4.333,7.0,80.1,12.55,,269.0,0.7,30.0,3.0,0.7,17.3
ocsort,shanghai,2,det_thresh0.7_max_age40_min_hits1_iou_threshold0.2,0.2,0.5,52.143,61.113,72.697,4.667,5.0,6.667,83.2,12.22,,471.2,0.7,40.0,1.0,0.2,17.07
ocsort,shanghai,2,det_thresh0.7_max_age40_min_hits1_iou_threshold0.3,0.2,0.5,52.133,61.083,72.723,5.333,5.0,6.667,77.4,13.35,,639.4,0.7,40.0,1.0,0.3,17.53
ocsort,shanghai,2,det_thresh0.7_max_age40_min_hits1_iou_threshold0.4,0.2,0.5,52.783,61.097,73.86,4.667,5.0,6.667,82.8,12.2,,269.0,0.7,40.0,1.0,0.4,17.12
ocsort,shanghai,2,det_thresh0.7_max_age40_min_hits1_iou_threshold0.5,0.2,0.5,52.42,61.043,73.147,5.333,5.0,6.667,75.1,13.31,,471.2,0.7,40.0,1.0,0.5,17.3
ocsort,shanghai,2,det_thresh0.7_max_age40_min_hits1_iou_threshold0.6,0.2,0.5,52.317,61.033,72.993,5.333,5.0,6.667,76.4,13.52,,639.4,0.7,40.0,1.0,0.6,17.32
ocsort,shanghai,2,det_thresh0.7_max_age40_min_hits1_iou_threshold0.7,0.2,0.5,49.19,60.317,67.193,12.667,5.0,6.667,84.3,12.09,,269.0,0.7,40.0,1.0,0.7,17.11
ocsort,shanghai,2,det_thresh0.7_max_age40_min_hits3_iou_threshold0.2,0.2,0.5,50.377,58.547,70.92,3.667,4.333,7.0,76.0,13.19,,471.2,0.7,40.0,3.0,0.2,17.34
ocsort,shanghai,2,det_thresh0.7_max_age40_min_hits3_iou_threshold0.3,0.2,0.5,50.37,58.507,70.933,4.0,4.333,7.0,73.4,13.82,,639.4,0.7,40.0,3.0,0.3,17.65
ocsort,shanghai,2,det_thresh0.7_max_age40_min_hits3_iou_threshold0.4,0.2,0.5,50.93,58.53,72.02,4.0,4.333,7.0,82.4,12.17,,269.0,0.7,40.0,3.0,0.4,17.28
ocsort,shanghai,2,det_thresh0.7_max_age40_min_hits3_iou_threshold0.5,0.2,0.5,50.717,58.503,71.51,5.0,4.333,7.0,79.8,12.59,,471.2,0.7,40.0,3.0,0.5,17.28
ocsort,shanghai,2,det_thresh0.7_max_age40_min_hits3_iou_threshold0.6,0.2,0.5,50.6,58.507,71.423,5.333,4.333,7.0,76.6,13.32,,639.4,0.7,40.0,3.0,0.6,17.39
ocsort,shanghai,2,det_thresh0.7_max_age40_min_hits3_iou_threshold0.7,0.2,0.5,47.46,57.447,65.767,11.0,4.333,7.0,77.9,12.84,,269.0,0.7,40.0,3.0,0.7,17.17
ocsort,shanghai,2,det_thresh0.7_max_age50_min_hits1_iou_threshold0.2,0.2,0.5,52.233,61.153,72.88,4.333,5.0,6.667,80.8,12.47,,471.2,0.7,50.0,1.0,0.2,17.14
ocsort,shanghai,2,det_thresh0.7_max_age50_min_hits1_iou_threshold0.3,0.2,0.5,52.227,61.127,72.907,5.0,5.0,6.667,76.5,13.36,,639.4,0.7,50.0,1.0,0.3,17.65
ocsort,shanghai,2,det_thresh0.7_max_age50_min_hits1_iou_threshold0.4,0.2,0.5,52.853,61.137,74.013,4.333,5.0,6.667,83.8,12.01,,269.0,0.7,50.0,1.0,0.4,17.29
ocsort,shanghai,2,det_thresh0.7_max_age50_min_hits1_iou_threshold0.5,0.2,0.5,52.51,61.073,73.353,5.0,5.0,6.667,82.9,12.14,,471.2,0.7,50.0,1.0,0.5,17.04
ocsort,shanghai,2,det_thresh0.7_max_age50_min_hits1_iou_threshold0.6,0.2,0.5,52.407,61.06,73.203,5.0,5.0,6.667,76.5,13.39,,639.4,0.7,50.0,1.0,0.6,17.24
ocsort,shanghai,2,det_thresh0.7_max_age50_min_hits1_iou_threshold0.7,0.2,0.5,49.283,60.347,67.4,12.333,5.0,6.667,83.1,12.26,,269.0,0.7,50.0,1.0,0.7,17.25
ocsort,shanghai,2,det_thresh0.7_max_age50_min_hits3_iou_threshold0.2,0.2,0.5,50.453,58.573,71.097,3.333,4.333,7.0,75.8,13.25,,471.2,0.7,50.0,3.0,0.2,17.21
ocsort,shanghai,2,det_thresh0.7_max_age50_min_hits3_iou_threshold0.3,0.2,0.5,50.447,58.533,71.11,3.667,4.333,7.0,76.1,13.43,,639.4,0.7,50.0,3.0,0.3,17.24
ocsort,shanghai,2,det_thresh0.7_max_age50_min_hits3_iou_threshold0.4,0.2,0.5,51.007,58.557,72.197,3.667,4.333,7.0,85.5,12.01,,269.0,0.7,50.0,3.0,0.4,16.93
ocsort,shanghai,2,det_thresh0.7_max_age50_min_hits3_iou_threshold0.5,0.2,0.5,50.793,58.53,71.687,4.667,4.333,7.0,80.6,12.51,,471.2,0.7,50.0,3.0,0.5,17.27
ocsort,shanghai,2,det_thresh0.7_max_age50_min_hits3_iou_threshold0.6,0.2,0.5,50.677,58.533,71.603,5.0,4.333,7.0,77.3,13.09,,639.4,0.7,50.0,3.0,0.6,17.26
ocsort,shanghai,2,det_thresh0.7_max_age50_min_hits3_iou_threshold0.7,0.2,0.5,47.54,57.473,65.947,10.667,4.333,7.0,82.4,12.46,,269.0,0.7,50.0,3.0,0.7,17.37
ocsort,shanghai,2,det_thresh0.7_max_age70_min_hits1_iou_threshold0.2,0.2,0.5,52.203,61.167,72.893,4.333,5.0,6.667,75.7,13.31,,471.2,0.7,70.0,1.0,0.2,17.43
ocsort,shanghai,2,det_thresh0.7_max_age70_min_hits1_iou_threshold0.3,0.2,0.5,52.227,61.127,72.907,5.0,5.0,6.667,73.9,13.59,,639.4,0.7,70.0,1.0,0.3,17.38
ocsort,shanghai,2,det_thresh0.7_max_age70_min_hits1_iou_threshold0.4,0.2,0.5,52.853,61.137,74.013,4.333,5.0,6.667,85.7,11.94,,269.0,0.7,70.0,1.0,0.4,17.15
ocsort,shanghai,2,det_thresh0.7_max_age70_min_hits1_iou_threshold0.5,0.2,0.5,52.51,61.073,73.353,5.0,5.0,6.667,73.1,13.79,,471.2,0.7,70.0,1.0,0.5,17.34
ocsort,shanghai,2,det_thresh0.7_max_age70_min_hits1_iou_threshold0.6,0.2,0.5,52.407,61.06,73.203,5.0,5.0,6.667,79.8,12.55,,639.4,0.7,70.0,1.0,0.6,17.56
ocsort,shanghai,2,det_thresh0.7_max_age70_min_hits1_iou_threshold0.7,0.2,0.5,49.283,60.347,67.4,12.333,5.0,6.667,80.6,12.6,,269.0,0.7,70.0,1.0,0.7,17.35
ocsort,shanghai,2,det_thresh0.7_max_age70_min_hits3_iou_threshold0.2,0.2,0.5,50.43,58.587,71.11,3.333,4.333,7.0,73.6,13.79,,471.2,0.7,70.0,3.0,0.2,17.31
ocsort,shanghai,2,det_thresh0.7_max_age70_min_hits3_iou_threshold0.3,0.2,0.5,50.447,58.533,71.11,3.667,4.333,7.0,80.4,12.45,,639.4,0.7,70.0,3.0,0.3,17.44
ocsort,shanghai,2,det_thresh0.7_max_age70_min_hits3_iou_threshold0.4,0.2,0.5,51.007,58.557,72.197,3.667,4.333,7.0,76.8,13.03,,269.0,0.7,70.0,3.0,0.4,17.33
ocsort,shanghai,2,det_thresh0.7_max_age70_min_hits3_iou_threshold0.5,0.2,0.5,50.793,58.53,71.687,4.667,4.333,7.0,75.9,13.57,,471.2,0.7,70.0,3.0,0.5,17.16
ocsort,shanghai,2,det_thresh0.7_max_age70_min_hits3_iou_threshold0.6,0.2,0.5,50.677,58.533,71.603,5.0,4.333,7.0,81.0,12.38,,639.4,0.7,70.0,3.0,0.6,17.26
ocsort,shanghai,2,det_thresh0.7_max_age70_min_hits3_iou_threshold0.7,0.2,0.5,47.54,57.473,65.947,10.667,4.333,7.0,79.0,12.68,,269.0,0.7,70.0,3.0,0.7,17.61
ocsort,shanghai,2,det_thresh0.7_max_age100_min_hits1_iou_threshold0.2,0.2,0.5,51.753,61.177,72.09,4.333,5.0,6.667,76.4,13.45,,471.2,0.7,100.0,1.0,0.2,17.27
ocsort,shanghai,2,det_thresh0.7_max_age100_min_hits1_iou_threshold0.3,0.2,0.5,51.777,61.137,72.103,5.0,5.0,6.667,79.5,12.61,,639.4,0.7,100.0,1.0,0.3,17.36
ocsort,shanghai,2,det_thresh0.7_max_age100_min_hits1_iou_threshold0.4,0.2,0.5,52.403,61.15,73.21,4.333,5.0,6.667,80.3,12.54,,269.0,0.7,100.0,1.0,0.4,17.36
ocsort,shanghai,2,det_thresh0.7_max_age100_min_hits1_iou_threshold0.5,0.2,0.5,52.06,61.083,72.55,5.0,5.0,6.667,76.8,13.32,,471.2,0.7,100.0,1.0,0.5,17.4
ocsort,shanghai,2,det_thresh0.7_max_age100_min_hits1_iou_threshold0.6,0.2,0.5,51.957,61.07,72.4,5.0,5.0,6.667,80.1,12.55,,639.4,0.7,100.0,1.0,0.6,17.05
ocsort,shanghai,2,det_thresh0.7_max_age100_min_hits1_iou_threshold0.7,0.2,0.5,48.817,60.373,66.59,12.333,5.0,6.667,79.2,12.85,,269.0,0.7,100.0,1.0,0.7,17.52
ocsort,shanghai,2,det_thresh0.7_max_age100_min_hits3_iou_threshold0.2,0.2,0.5,50.0,58.597,70.317,3.333,4.333,7.0,74.2,13.68,,471.2,0.7,100.0,3.0,0.2,17.5
ocsort,shanghai,2,det_thresh0.7_max_age100_min_hits3_iou_threshold0.3,0.2,0.5,50.017,58.543,70.317,3.667,4.333,7.0,80.1,12.51,,639.4,0.7,100.0,3.0,0.3,17.43
ocsort,shanghai,2,det_thresh0.7_max_age100_min_hits3_iou_threshold0.4,0.2,0.5,50.577,58.57,71.403,3.667,4.333,7.0,84.7,12.07,,269.0,0.7,100.0,3.0,0.4,16.91
ocsort,shanghai,2,det_thresh0.7_max_age100_min_hits3_iou_threshold0.5,0.2,0.5,50.363,58.543,70.893,4.667,4.333,7.0,76.2,13.5,,471.2,0.7,100.0,3.0,0.5,17.24
ocsort,shanghai,2,det_thresh0.7_max_age100_min_hits3_iou_threshold0.6,0.2,0.5,50.247,58.543,70.81,5.0,4.333,7.0,78.0,12.92,,639.4,0.7,100.0,3.0,0.6,17.21
ocsort,shanghai,2,det_thresh0.7_max_age100_min_hits3_iou_threshold0.7,0.2,0.5,47.087,57.5,65.143,10.667,4.333,7.0,82.3,12.41,,269.0,0.7,100.0,3.0,0.7,17.18
ocsort,gmot,2,det_thresh0.3_max_age20_min_hits1_iou_threshold0.2,0.2,0.5,19.032,20.03,25.38,51.875,5.0,31.25,73.2,14.06,,595.4,0.3,20.0,1.0,0.2,18.95
ocsort,gmot,2,det_thresh0.3_max_age20_min_hits1_iou_threshold0.3,0.2,0.5,18.529,19.924,24.314,57.125,4.875,31.375,76.1,13.6,,694.7,0.3,20.0,1.0,0.3,18.88
ocsort,gmot,2,det_thresh0.3_max_age20_min_hits1_iou_threshold0.4,0.2,0.5,18.039,19.768,23.504,62.5,5.0,31.375,75.5,13.67,,665.1,0.3,20.0,1.0,0.4,19.18
ocsort,gmot,2,det_thresh0.3_max_age20_min_hits1_iou_threshold0.5,0.2,0.5,17.942,19.545,23.368,69.375,4.875,31.375,77.3,13.28,,650.1,0.3,20.0,1.0,0.5,18.88
ocsort,gmot,2,det_thresh0.3_max_age20_min_hits1_iou_threshold0.6,0.2,0.5,17.332,19.021,22.19,78.875,4.625,32.125,74.7,13.84,,628.4,0.3,20.0,1.0,0.6,19.04
ocsort,gmot,2,det_thresh0.3_max_age20_min_hits1_iou_threshold0.7,0.2,0.5,15.736,17.111,19.679,87.375,3.5,32.625,73.3,13.86,,716.9,0.3,20.0,1.0,0.7,19.47
ocsort,gmot,2,det_thresh0.3_max_age20_min_hits3_iou_threshold0.2,0.2,0.5,17.076,17.182,22.919,28.25,3.875,33.5,71.5,14.02,,589.4,0.3,20.0,3.0,0.2,18.6
ocsort,gmot,2,det_thresh0.3_max_age20_min_hits3_iou_threshold0.3,0.2,0.5,16.684,17.003,22.058,31.0,3.75,33.625,72.6,13.93,,700.9,0.3,20.0,3.0,0.3,18.62
ocsort,gmot,2,det_thresh0.3_max_age20_min_hits3_iou_threshold0.4,0.2,0.5,16.359,16.96,21.514,32.875,3.625,33.625,74.6,13.67,,740.1,0.3,20.0,3.0,0.4,19.06
ocsort,gmot,2,det_thresh0.3_max_age20_min_hits3_iou_threshold0.5,0.2,0.5,16.349,16.731,21.534,35.25,3.5,33.625,74.0,13.91,,589.4,0.3,20.0,3.0,0.5,19.07
ocsort,gmot,2,det_thresh0.3_max_age20_min_hits3_iou_threshold0.6,0.2,0.5,15.939,16.406,20.767,37.875,3.75,33.875,77.1,13.56,,640.7,0.3,20.0,3.0,0.6,18.96
ocsort,gmot,2,det_thresh0.3_max_age20_min_hits3_iou_threshold0.7,0.2,0.5,14.453,14.831,18.317,41.125,2.75,34.5,74.4,14.4,,734.0,0.3,20.0,3.0,0.7,19.55
ocsort,gmot,2,det_thresh0.3_max_age30_min_hits1_iou_threshold0.2,0.2,0.5,18.929,20.088,25.378,51.625,5.0,31.0,74.4,14.17,,671.1,0.3,30.0,1.0,0.2,19.64
ocsort,gmot,2,det_thresh0.3_max_age30_min_hits1_iou_threshold0.3,0.2,0.5,18.32,20.021,24.128,56.125,4.875,31.375,73.6,14.08,,678.8,0.3,30.0,1.0,0.3,19.55
ocsort,gmot,2,det_thresh0.3_max_age30_min_hits1_iou_threshold0.4,0.2,0.5,17.927,19.801,23.373,61.875,5.0,31.375,73.2,14.13,,654.5,0.3,30.0,1.0,0.4,19.62
ocsort,gmot,2,det_thresh0.3_max_age30_min_hits1_iou_threshold0.5,0.2,0.5,17.871,19.473,23.224,70.5,4.875,31.375,73.2,14.22,,722.4,0.3,30.0,1.0,0.5,18.77
ocsort,gmot,2,det_thresh0.3_max_age30_min_hits1_iou_threshold0.6,0.2,0.5,17.356,18.944,22.256,79.5,4.375,32.125,74.2,13.79,,568.5,0.3,30.0,1.0,0.6,19.13
ocsort,gmot,2,det_thresh0.3_max_age30_min_hits1_iou_threshold0.7,0.2,0.5,15.695,17.055,19.606,88.25,3.5,32.625,67.0,15.21,,723.9,0.3,30.0,1.0,0.7,20.54
ocsort,gmot,2,det_thresh0.3_max_age30_min_hits3_iou_threshold0.2,0.2,0.5,16.954,17.197,22.924,27.75,3.75,33.5,73.1,13.95,,628.2,0.3,30.0,3.0,0.2,19.3
ocsort,gmot,2,det_thresh0.3_max_age30_min_hits3_iou_threshold0.3,0.2,0.5,16.465,17.057,21.779,30.75,3.625,33.625,76.0,13.5,,664.5,0.3,30.0,3.0,0.3,18.62
ocsort,gmot,2,det_thresh0.3_max_age30_min_hits3_iou_threshold0.4,0.2,0.5,16.207,16.971,21.32,32.5,3.625,33.625,72.7,14.39,,637.0,0.3,30.0,3.0,0.4,19.45
ocsort,gmot,2,det_thresh0.3_max_age30_min_hits3_iou_threshold0.5,0.2,0.5,16.284,16.678,21.439,35.125,3.375,33.625,75.4,13.83,,603.4,0.3,30.0,3.0,0.5,19.34
ocsort,gmot,2,det_thresh0.3_max_age30_min_hits3_iou_threshold0.6,0.2,0.5,15.938,16.35,20.819,37.5,3.5,33.875,75.4,13.99,,726.6,0.3,30.0,3.0,0.6,19.48
ocsort,gmot,2,det_thresh0.3_max_age30_min_hits3_iou_threshold0.7,0.2,0.5,14.411,14.79,18.253,41.375,2.75,34.5,74.8,14.18,,621.8,0.3,30.0,3.0,0.7,20.24
ocsort,gmot,2,det_thresh0.3_max_age40_min_hits1_iou_threshold0.2,0.2,0.5,18.939,20.141,25.377,52.875,5.0,30.75,73.4,14.13,,662.0,0.3,40.0,1.0,0.2,19.4
ocsort,gmot,2,det_thresh0.3_max_age40_min_hits1_iou_threshold0.3,0.2,0.5,18.311,20.035,24.07,56.625,4.875,30.875,73.7,14.08,,741.2,0.3,40.0,1.0,0.3,19.49
ocsort,gmot,2,det_thresh0.3_max_age40_min_hits1_iou_threshold0.4,0.2,0.5,17.99,19.794,23.602,62.0,5.0,31.375,74.3,13.97,,633.8,0.3,40.0,1.0,0.4,19.54
ocsort,gmot,2,det_thresh0.3_max_age40_min_hits1_iou_threshold0.5,0.2,0.5,18.005,19.483,23.538,70.625,4.875,31.5,72.6,14.07,,727.1,0.3,40.0,1.0,0.5,19.47
ocsort,gmot,2,det_thresh0.3_max_age40_min_hits1_iou_threshold0.6,0.2,0.5,17.361,18.866,22.294,80.75,4.25,32.125,68.7,15.01,,650.6,0.3,40.0,1.0,0.6,20.13
ocsort,gmot,2,det_thresh0.3_max_age40_min_hits1_iou_threshold0.7,0.2,0.5,15.696,17.02,19.619,89.25,3.5,32.75,69.8,15.3,,723.7,0.3,40.0,1.0,0.7,21.77
ocsort,gmot,2,det_thresh0.3_max_age40_min_hits3_iou_threshold0.2,0.2,0.5,16.956,17.22,22.933,27.375,3.75,33.5,73.6,14.01,,644.2,0.3,40.0,3.0,0.2,19.51
ocsort,gmot,2,det_thresh0.3_max_age40_min_hits3_iou_threshold0.3,0.2,0.5,16.46,17.057,21.766,30.875,3.625,33.625,72.8,14.15,,627.9,0.3,40.0,3.0,0.3,19.91
ocsort,gmot,2,det_thresh0.3_max_age40_min_hits3_iou_threshold0.4,0.2,0.5,16.27,17.003,21.544,32.0,3.625,33.625,71.7,14.14,,760.0,0.3,40.0,3.0,0.4,19.65
ocsort,gmot,2,det_thresh0.3_max_age40_min_hits3_iou_threshold0.5,0.2,0.5,16.381,16.698,21.699,34.875,3.375,33.625,72.7,14.2,,681.9,0.3,40.0,3.0,0.5,19.14
ocsort,gmot,2,det_thresh0.3_max_age40_min_hits3_iou_threshold0.6,0.2,0.5,15.934,16.301,20.839,37.5,3.5,33.875,74.4,14.3,,723.0,0.3,40.0,3.0,0.6,20.04
ocsort,gmot,2,det_thresh0.3_max_age40_min_hits3_iou_threshold0.7,0.2,0.5,14.418,14.785,18.274,41.625,2.75,34.5,68.2,15.51,,671.7,0.3,40.0,3.0,0.7,21.84
ocsort,gmot,2,det_thresh0.3_max_age50_min_hits1_iou_threshold0.2,0.2,0.5,18.941,20.114,25.419,53.625,5.0,30.75,67.5,14.97,,671.1,0.3,50.0,1.0,0.2,20.01
ocsort,gmot,2,det_thresh0.3_max_age50_min_hits1_iou_threshold0.3,0.2,0.5,18.332,20.03,24.122,57.375,4.875,30.875,72.1,14.48,,722.4,0.3,50.0,1.0,0.3,19.96
ocsort,gmot,2,det_thresh0.3_max_age50_min_hits1_iou_threshold0.4,0.2,0.5,18.014,19.814,23.675,62.125,5.0,31.375,71.0,14.71,,586.7,0.3,50.0,1.0,0.4,19.65
ocsort,gmot,2,det_thresh0.3_max_age50_min_hits1_iou_threshold0.5,0.2,0.5,18.025,19.49,23.606,70.625,4.875,31.375,68.5,15.09,,658.0,0.3,50.0,1.0,0.5,20.23
ocsort,gmot,2,det_thresh0.3_max_age50_min_hits1_iou_threshold0.6,0.2,0.5,17.351,18.824,22.306,81.5,4.25,32.0,68.4,15.07,,640.5,0.3,50.0,1.0,0.6,20.74
ocsort,gmot,2,det_thresh0.3_max_age50_min_hits1_iou_threshold0.7,0.2,0.5,15.699,17.017,19.626,90.25,3.5,32.75,65.4,16.05,,628.0,0.3,50.0,1.0,0.7,21.92
ocsort,gmot,2,det_thresh0.3_max_age50_min_hits3_iou_threshold0.2,0.2,0.5,16.929,17.155,22.899,28.25,3.75,33.5,72.1,14.67,,752.7,0.3,50.0,3.0,0.2,19.98
ocsort,gmot,2,det_thresh0.3_max_age50_min_hits3_iou_threshold0.3,0.2,0.5,16.464,17.036,21.773,31.125,3.625,33.625,71.6,14.66,,614.6,0.3,50.0,3.0,0.3,19.67
ocsort,gmot,2,det_thresh0.3_max_age50_min_hits3_iou_threshold0.4,0.2,0.5,16.277,17.004,21.564,32.25,3.75,33.625,70.1,14.84,,662.1,0.3,50.0,3.0,0.4,20.16
ocsort,gmot,2,det_thresh0.3_max_age50_min_hits3_iou_threshold0.5,0.2,0.5,16.398,16.712,21.746,35.125,3.375,33.625,67.3,15.37,,662.1,0.3,50.0,3.0,0.5,20.22
ocsort,gmot,2,det_thresh0.3_max_age50_min_hits3_iou_threshold0.6,0.2,0.5,15.929,16.273,20.845,37.625,3.5,33.875,68.6,15.07,,659.5,0.3,50.0,3.0,0.6,20.43
ocsort,gmot,2,det_thresh0.3_max_age50_min_hits3_iou_threshold0.7,0.2,0.5,14.416,14.781,18.275,41.75,2.75,34.5,62.6,16.51,,699.6,0.3,50.0,3.0,0.7,22.38
ocsort,gmot,2,det_thresh0.3_max_age70_min_hits1_iou_threshold0.2,0.2,0.5,18.738,20.058,25.011,55.25,5.0,30.75,70.9,14.74,,690.7,0.3,70.0,1.0,0.2,20.22
ocsort,gmot,2,det_thresh0.3_max_age70_min_hits1_iou_threshold0.3,0.2,0.5,18.254,20.011,23.975,57.75,4.875,31.125,71.8,14.73,,698.0,0.3,70.0,1.0,0.3,20.36
ocsort,gmot,2,det_thresh0.3_max_age70_min_hits1_iou_threshold0.4,0.2,0.5,17.946,19.797,23.545,63.75,5.0,31.375,65.6,15.78,,648.5,0.3,70.0,1.0,0.4,20.65
ocsort,gmot,2,det_thresh0.3_max_age70_min_hits1_iou_threshold0.5,0.2,0.5,18.017,19.435,23.632,71.125,4.875,31.5,67.0,15.29,,699.6,0.3,70.0,1.0,0.5,20.41
ocsort,gmot,2,det_thresh0.3_max_age70_min_hits1_iou_threshold0.6,0.2,0.5,17.32,18.767,22.314,82.625,4.25,32.0,66.4,15.9,,724.4,0.3,70.0,1.0,0.6,21.98
ocsort,gmot,2,det_thresh0.3_max_age70_min_hits1_iou_threshold0.7,0.2,0.5,15.685,17.001,19.591,90.625,3.5,32.75,68.0,16.68,,668.9,0.3,70.0,1.0,0.7,24.45
ocsort,gmot,2,det_thresh0.3_max_age70_min_hits3_iou_threshold0.2,0.2,0.5,16.744,17.127,22.464,29.0,3.75,33.5,70.8,14.56,,642.5,0.3,70.0,3.0,0.2,20.14
ocsort,gmot,2,det_thresh0.3_max_age70_min_hits3_iou_threshold0.3,0.2,0.5,16.396,17.067,21.62,31.375,3.75,33.625,68.9,14.83,,674.4,0.3,70.0,3.0,0.3,20.31
ocsort,gmot,2,det_thresh0.3_max_age70_min_hits3_iou_threshold0.4,0.2,0.5,16.224,17.024,21.428,32.5,3.75,33.625,69.0,14.95,,654.3,0.3,70.0,3.0,0.4,20.14
ocsort,gmot,2,det_thresh0.3_max_age70_min_hits3_iou_threshold0.5,0.2,0.5,16.396,16.701,21.756,35.125,3.375,33.75,69.9,15.05,,685.1,0.3,70.0,3.0,0.5,20.23
ocsort,gmot,2,det_thresh0.3_max_age70_min_hits3_iou_threshold0.6,0.2,0.5,15.89,16.237,20.836,37.25,3.5,34.0,70.6,15.35,,731.8,0.3,70.0,3.0,0.6,21.98
ocsort,gmot,2,det_thresh0.3_max_age70_min_hits3_iou_threshold0.7,0.2,0.5,14.406,14.781,18.249,41.875,2.75,34.5,62.8,17.44,,671.9,0.3,70.0,3.0,0.7,25.14
ocsort,gmot,2,det_thresh0.3_max_age100_min_hits1_iou_threshold0.2,0.2,0.5,18.739,20.098,25.009,54.875,5.0,30.75,70.5,14.62,,632.3,0.3,100.0,1.0,0.2,20.04
ocsort,gmot,2,det_thresh0.3_max_age100_min_hits1_iou_threshold0.3,0.2,0.5,18.227,19.904,23.957,60.125,4.875,31.0,72.9,14.51,,672.5,0.3,100.0,1.0,0.3,20.77
ocsort,gmot,2,det_thresh0.3_max_age100_min_hits1_iou_threshold0.4,0.2,0.5,17.935,19.784,23.512,64.375,5.0,31.25,71.0,15.0,,699.1,0.3,100.0,1.0,0.4,21.31
ocsort,gmot,2,det_thresh0.3_max_age100_min_hits1_iou_threshold0.5,0.2,0.5,18.025,19.43,23.69,71.875,4.875,31.25,68.0,15.25,,658.7,0.3,100.0,1.0,0.5,21.52
ocsort,gmot,2,det_thresh0.3_max_age100_min_hits1_iou_threshold0.6,0.2,0.5,17.31,18.754,22.293,83.375,4.25,32.0,66.2,16.08,,669.5,0.3,100.0,1.0,0.6,22.42
ocsort,gmot,2,det_thresh0.3_max_age100_min_hits1_iou_threshold0.7,0.2,0.5,15.679,16.983,19.591,91.125,3.5,32.75,68.5,17.27,,634.6,0.3,100.0,1.0,0.7,28.64
ocsort,gmot,2,det_thresh0.3_max_age100_min_hits3_iou_threshold0.2,0.2,0.5,16.749,17.141,22.469,29.25,3.75,33.5,67.7,15.05,,668.9,0.3,100.0,3.0,0.2,20.83
ocsort,gmot,2,det_thresh0.3_max_age100_min_hits3_iou_threshold0.3,0.2,0.5,16.376,17.015,21.616,31.125,3.75,33.625,70.6,14.74,,652.8,0.3,100.0,3.0,0.3,20.15
ocsort,gmot,2,det_thresh0.3_max_age100_min_hits3_iou_threshold0.4,0.2,0.5,16.214,17.011,21.415,32.75,3.75,33.625,71.6,14.68,,714.0,0.3,100.0,3.0,0.4,20.92
ocsort,gmot,2,det_thresh0.3_max_age100_min_hits3_iou_threshold0.5,0.2,0.5,16.386,16.69,21.774,35.375,3.375,33.75,70.1,15.09,,567.3,0.3,100.0,3.0,0.5,21.23
ocsort,gmot,2,det_thresh0.3_max_age100_min_hits3_iou_threshold0.6,0.2,0.5,15.87,16.225,20.81,37.5,3.5,34.0,64.9,16.1,,591.2,0.3,100.0,3.0,0.6,22.23
ocsort,gmot,2,det_thresh0.3_max_age100_min_hits3_iou_threshold0.7,0.2,0.5,14.4,14.764,18.246,41.375,2.75,34.5,66.8,17.41,,739.7,0.3,100.0,3.0,0.7,27.61
ocsort,gmot,2,det_thresh0.4_max_age20_min_hits1_iou_threshold0.2,0.2,0.5,17.061,17.946,22.779,44.0,4.25,33.375,74.9,13.6,,604.3,0.4,20.0,1.0,0.2,19.28
ocsort,gmot,2,det_thresh0.4_max_age20_min_hits1_iou_threshold0.3,0.2,0.5,16.572,17.839,21.774,46.75,4.25,33.625,75.9,13.38,,660.7,0.4,20.0,1.0,0.3,18.49
ocsort,gmot,2,det_thresh0.4_max_age20_min_hits1_iou_threshold0.4,0.2,0.5,16.379,17.706,21.459,49.0,4.25,33.75,76.6,13.47,,635.3,0.4,20.0,1.0,0.4,18.63
ocsort,gmot,2,det_thresh0.4_max_age20_min_hits1_iou_threshold0.5,0.2,0.5,16.35,17.603,21.309,47.625,4.375,33.75,76.8,13.25,,664.2,0.4,20.0,1.0,0.5,18.26
ocsort,gmot,2,det_thresh0.4_max_age20_min_hits1_iou_threshold0.6,0.2,0.5,15.855,17.241,20.464,56.0,4.125,34.0,77.2,13.18,,688.1,0.4,20.0,1.0,0.6,18.7
ocsort,gmot,2,det_thresh0.4_max_age20_min_hits1_iou_threshold0.7,0.2,0.5,14.408,15.69,18.053,63.125,3.25,34.375,75.8,13.59,,677.7,0.4,20.0,1.0,0.7,19.07
ocsort,gmot,2,det_thresh0.4_max_age20_min_hits3_iou_threshold0.2,0.2,0.5,15.676,15.743,20.996,21.0,3.5,34.5,77.6,13.23,,616.2,0.4,20.0,3.0,0.2,18.49
ocsort,gmot,2,det_thresh0.4_max_age20_min_hits3_iou_threshold0.3,0.2,0.5,15.324,15.641,20.179,23.875,3.25,34.75,75.5,13.67,,690.8,0.4,20.0,3.0,0.3,18.37
ocsort,gmot,2,det_thresh0.4_max_age20_min_hits3_iou_threshold0.4,0.2,0.5,15.241,15.66,20.096,25.125,3.25,34.75,76.1,13.6,,679.5,0.4,20.0,3.0,0.4,18.72
ocsort,gmot,2,det_thresh0.4_max_age20_min_hits3_iou_threshold0.5,0.2,0.5,15.245,15.579,20.0,24.125,3.25,34.75,70.4,14.66,,591.7,0.4,20.0,3.0,0.5,19.23
ocsort,gmot,2,det_thresh0.4_max_age20_min_hits3_iou_threshold0.6,0.2,0.5,14.883,15.261,19.387,26.375,3.125,34.75,68.4,14.8,,628.6,0.4,20.0,3.0,0.6,18.76
ocsort,gmot,2,det_thresh0.4_max_age20_min_hits3_iou_threshold0.7,0.2,0.5,13.473,13.897,16.954,30.25,2.75,35.5,75.7,14.01,,661.9,0.4,20.0,3.0,0.7,18.0
ocsort,gmot,2,det_thresh0.4_max_age30_min_hits1_iou_threshold0.2,0.2,0.5,17.032,17.962,22.716,44.125,4.25,33.375,82.0,12.69,,671.2,0.4,30.0,1.0,0.2,16.7
ocsort,gmot,2,det_thresh0.4_max_age30_min_hits1_iou_threshold0.3,0.2,0.5,16.534,17.834,21.672,48.375,4.25,33.625,78.3,13.08,,656.7,0.4,30.0,1.0,0.3,17.41
ocsort,gmot,2,det_thresh0.4_max_age30_min_hits1_iou_threshold0.4,0.2,0.5,16.306,17.711,21.33,49.75,4.25,33.75,73.1,14.3,,685.0,0.4,30.0,1.0,0.4,18.0
ocsort,gmot,2,det_thresh0.4_max_age30_min_hits1_iou_threshold0.5,0.2,0.5,16.341,17.6,21.312,47.875,4.375,33.75,75.7,13.93,,689.5,0.4,30.0,1.0,0.5,18.41
ocsort,gmot,2,det_thresh0.4_max_age30_min_hits1_iou_threshold0.6,0.2,0.5,15.808,17.164,20.391,57.0,4.0,34.125,80.3,13.17,,664.0,0.4,30.0,1.0,0.6,17.78
ocsort,gmot,2,det_thresh0.4_max_age30_min_hits1_iou_threshold0.7,0.2,0.5,14.4,15.636,18.09,64.125,3.25,34.5,74.8,13.71,,633.2,0.4,30.0,1.0,0.7,18.03
ocsort,gmot,2,det_thresh0.4_max_age30_min_hits3_iou_threshold0.2,0.2,0.5,15.616,15.749,20.915,21.125,3.5,34.5,78.0,13.49,,712.6,0.4,30.0,3.0,0.2,17.55
ocsort,gmot,2,det_thresh0.4_max_age30_min_hits3_iou_threshold0.3,0.2,0.5,15.244,15.639,20.017,23.625,3.25,34.75,75.7,14.0,,569.7,0.4,30.0,3.0,0.3,18.48
ocsort,gmot,2,det_thresh0.4_max_age30_min_hits3_iou_threshold0.4,0.2,0.5,15.154,15.655,19.938,25.625,3.25,34.75,78.3,13.53,,752.8,0.4,30.0,3.0,0.4,16.19
ocsort,gmot,2,det_thresh0.4_max_age30_min_hits3_iou_threshold0.5,0.2,0.5,15.235,15.558,20.0,24.625,3.25,34.75,79.2,12.95,,611.9,0.4,30.0,3.0,0.5,16.89
ocsort,gmot,2,det_thresh0.4_max_age30_min_hits3_iou_threshold0.6,0.2,0.5,14.839,15.22,19.322,26.75,3.125,34.75,76.3,13.8,,668.4,0.4,30.0,3.0,0.6,18.45
ocsort,gmot,2,det_thresh0.4_max_age30_min_hits3_iou_threshold0.7,0.2,0.5,13.457,13.863,16.969,30.125,2.75,35.5,73.9,14.29,,659.3,0.4,30.0,3.0,0.7,18.99
ocsort,gmot,2,det_thresh0.4_max_age40_min_hits1_iou_threshold0.2,0.2,0.5,17.116,17.965,22.875,44.5,4.25,33.375,76.4,13.86,,614.2,0.4,40.0,1.0,0.2,18.54
ocsort,gmot,2,det_thresh0.4_max_age40_min_hits1_iou_threshold0.3,0.2,0.5,16.633,17.852,21.899,48.125,4.25,33.625,80.5,12.88,,735.3,0.4,40.0,1.0,0.3,18.23
ocsort,gmot,2,det_thresh0.4_max_age40_min_hits1_iou_threshold0.4,0.2,0.5,16.395,17.707,21.534,49.375,4.25,33.75,75.7,13.52,,631.6,0.4,40.0,1.0,0.4,17.66
ocsort,gmot,2,det_thresh0.4_max_age40_min_hits1_iou_threshold0.5,0.2,0.5,16.348,17.586,21.329,48.25,4.375,33.75,73.5,14.11,,631.6,0.4,40.0,1.0,0.5,19.05
ocsort,gmot,2,det_thresh0.4_max_age40_min_hits1_iou_threshold0.6,0.2,0.5,15.814,17.106,20.426,58.375,4.0,34.0,74.2,14.0,,588.7,0.4,40.0,1.0,0.6,19.16
ocsort,gmot,2,det_thresh0.4_max_age40_min_hits1_iou_threshold0.7,0.2,0.5,14.411,15.616,18.115,64.625,3.25,34.5,70.5,14.71,,666.8,0.4,40.0,1.0,0.7,20.23
ocsort,gmot,2,det_thresh0.4_max_age40_min_hits3_iou_threshold0.2,0.2,0.5,15.703,15.756,21.076,21.0,3.5,34.5,77.0,13.46,,687.7,0.4,40.0,3.0,0.2,17.79
ocsort,gmot,2,det_thresh0.4_max_age40_min_hits3_iou_threshold0.3,0.2,0.5,15.33,15.651,20.216,23.0,3.25,34.75,72.8,14.23,,726.2,0.4,40.0,3.0,0.3,19.32
ocsort,gmot,2,det_thresh0.4_max_age40_min_hits3_iou_threshold0.4,0.2,0.5,15.231,15.649,20.133,25.625,3.25,34.75,73.9,14.03,,616.2,0.4,40.0,3.0,0.4,18.79
ocsort,gmot,2,det_thresh0.4_max_age40_min_hits3_iou_threshold0.5,0.2,0.5,15.238,15.559,19.999,24.375,3.25,34.75,75.8,13.76,,690.8,0.4,40.0,3.0,0.5,18.95
ocsort,gmot,2,det_thresh0.4_max_age40_min_hits3_iou_threshold0.6,0.2,0.5,14.841,15.174,19.349,27.0,3.125,34.75,72.0,14.45,,581.1,0.4,40.0,3.0,0.6,19.3
ocsort,gmot,2,det_thresh0.4_max_age40_min_hits3_iou_threshold0.7,0.2,0.5,13.465,13.849,16.991,30.0,2.75,35.5,71.4,14.8,,674.8,0.4,40.0,3.0,0.7,19.98
ocsort,gmot,2,det_thresh0.4_max_age50_min_hits1_iou_threshold0.2,0.2,0.5,17.12,17.988,22.922,43.875,4.25,33.375,74.6,13.62,,685.0,0.4,50.0,1.0,0.2,19.44
ocsort,gmot,2,det_thresh0.4_max_age50_min_hits1_iou_threshold0.3,0.2,0.5,16.61,17.865,21.821,48.375,4.25,33.625,71.7,14.21,,693.7,0.4,50.0,1.0,0.3,19.44
ocsort,gmot,2,det_thresh0.4_max_age50_min_hits1_iou_threshold0.4,0.2,0.5,16.367,17.699,21.481,50.5,4.25,33.75,74.9,13.61,,712.5,0.4,50.0,1.0,0.4,19.1
ocsort,gmot,2,det_thresh0.4_max_age50_min_hits1_iou_threshold0.5,0.2,0.5,16.356,17.576,21.381,48.625,4.375,33.75,75.3,13.81,,709.8,0.4,50.0,1.0,0.5,19.33
ocsort,gmot,2,det_thresh0.4_max_age50_min_hits1_iou_threshold0.6,0.2,0.5,15.815,17.114,20.429,58.875,4.0,34.0,76.1,13.82,,708.5,0.4,50.0,1.0,0.6,19.74
ocsort,gmot,2,det_thresh0.4_max_age50_min_hits1_iou_threshold0.7,0.2,0.5,14.409,15.61,18.109,65.125,3.25,34.5,67.8,15.44,,649.7,0.4,50.0,1.0,0.7,20.98
ocsort,gmot,2,det_thresh0.4_max_age50_min_hits3_iou_threshold0.2,0.2,0.5,15.696,15.742,21.084,21.0,3.5,34.5,69.4,14.63,,688.0,0.4,50.0,3.0,0.2,19.27
ocsort,gmot,2,det_thresh0.4_max_age50_min_hits3_iou_threshold0.3,0.2,0.5,15.311,15.635,20.162,23.375,3.25,34.75,75.4,13.6,,710.4,0.4,50.0,3.0,0.3,18.91
ocsort,gmot,2,det_thresh0.4_max_age50_min_hits3_iou_threshold0.4,0.2,0.5,15.224,15.654,20.133,25.625,3.25,34.75,73.2,14.21,,651.5,0.4,50.0,3.0,0.4,19.75
ocsort,gmot,2,det_thresh0.4_max_age50_min_hits3_iou_threshold0.5,0.2,0.5,15.236,15.55,20.02,24.375,3.25,34.75,74.5,14.09,,696.4,0.4,50.0,3.0,0.5,19.2
ocsort,gmot,2,det_thresh0.4_max_age50_min_hits3_iou_threshold0.6,0.2,0.5,14.843,15.178,19.351,26.875,3.125,34.75,73.2,14.42,,648.1,0.4,50.0,3.0,0.6,19.68
ocsort,gmot,2,det_thresh0.4_max_age50_min_hits3_iou_threshold0.7,0.2,0.5,13.465,13.851,16.985,30.25,2.75,35.5,72.7,14.95,,694.2,0.4,50.0,3.0,0.7,20.98
ocsort,gmot,2,det_thresh0.4_max_age70_min_hits1_iou_threshold0.2,0.2,0.5,17.074,17.976,22.831,46.125,4.25,33.375,72.8,14.33,,700.4,0.4,70.0,1.0,0.2,19.44
ocsort,gmot,2,det_thresh0.4_max_age70_min_hits1_iou_threshold0.3,0.2,0.5,16.505,17.847,21.588,50.0,4.25,33.625,73.3,14.28,,740.1,0.4,70.0,1.0,0.3,19.39
ocsort,gmot,2,det_thresh0.4_max_age70_min_hits1_iou_threshold0.4,0.2,0.5,16.318,17.659,21.416,51.5,4.25,33.75,71.7,14.5,,588.6,0.4,70.0,1.0,0.4,19.96
ocsort,gmot,2,det_thresh0.4_max_age70_min_hits1_iou_threshold0.5,0.2,0.5,16.296,17.561,21.301,50.0,4.375,33.75,72.4,14.46,,660.4,0.4,70.0,1.0,0.5,19.52
ocsort,gmot,2,det_thresh0.4_max_age70_min_hits1_iou_threshold0.6,0.2,0.5,15.78,17.091,20.405,60.0,4.0,34.0,69.9,15.01,,694.8,0.4,70.0,1.0,0.6,20.42
ocsort,gmot,2,det_thresh0.4_max_age70_min_hits1_iou_threshold0.7,0.2,0.5,14.395,15.6,18.075,65.5,3.25,34.5,67.2,15.79,,724.5,0.4,70.0,1.0,0.7,22.69
ocsort,gmot,2,det_thresh0.4_max_age70_min_hits3_iou_threshold0.2,0.2,0.5,15.656,15.735,20.983,21.25,3.5,34.5,73.4,13.92,,583.6,0.4,70.0,3.0,0.2,19.34
ocsort,gmot,2,det_thresh0.4_max_age70_min_hits3_iou_threshold0.3,0.2,0.5,15.226,15.609,19.938,24.125,3.25,34.75,72.8,14.16,,640.6,0.4,70.0,3.0,0.3,19.51
ocsort,gmot,2,det_thresh0.4_max_age70_min_hits3_iou_threshold0.4,0.2,0.5,15.176,15.629,20.07,25.875,3.25,34.75,71.6,14.33,,726.6,0.4,70.0,3.0,0.4,19.51
ocsort,gmot,2,det_thresh0.4_max_age70_min_hits3_iou_threshold0.5,0.2,0.5,15.189,15.512,19.975,25.125,3.25,34.75,71.7,14.49,,685.6,0.4,70.0,3.0,0.5,20.12
ocsort,gmot,2,det_thresh0.4_max_age70_min_hits3_iou_threshold0.6,0.2,0.5,14.801,15.155,19.334,27.0,3.125,34.75,74.1,14.53,,706.1,0.4,70.0,3.0,0.6,20.6
ocsort,gmot,2,det_thresh0.4_max_age70_min_hits3_iou_threshold0.7,0.2,0.5,13.455,13.849,16.958,30.375,2.75,35.5,70.5,15.7,,573.2,0.4,70.0,3.0,0.7,22.74
ocsort,gmot,2,det_thresh0.4_max_age100_min_hits1_iou_threshold0.2,0.2,0.5,17.096,17.981,22.88,45.25,4.25,33.375,71.0,14.56,,725.2,0.4,100.0,1.0,0.2,19.34
ocsort,gmot,2,det_thresh0.4_max_age100_min_hits1_iou_threshold0.3,0.2,0.5,16.515,17.841,21.591,51.25,4.25,33.625,70.6,14.6,,639.9,0.4,100.0,1.0,0.3,19.87
ocsort,gmot,2,det_thresh0.4_max_age100_min_hits1_iou_threshold0.4,0.2,0.5,16.244,17.639,21.19,52.375,4.25,33.75,68.5,14.97,,639.9,0.4,100.0,1.0,0.4,20.13
ocsort,gmot,2,det_thresh0.4_max_age100_min_hits1_iou_threshold0.5,0.2,0.5,16.286,17.566,21.284,50.375,4.375,33.75,68.7,14.91,,581.5,0.4,100.0,1.0,0.5,20.45
ocsort,gmot,2,det_thresh0.4_max_age100_min_hits1_iou_threshold0.6,0.2,0.5,15.745,17.094,20.316,61.125,4.0,34.0,67.4,15.57,,734.9,0.4,100.0,1.0,0.6,21.59
ocsort,gmot,2,det_thresh0.4_max_age100_min_hits1_iou_threshold0.7,0.2,0.5,14.394,15.601,18.075,66.25,3.25,34.5,71.5,16.0,,622.9,0.4,100.0,1.0,0.7,24.53
ocsort,gmot,2,det_thresh0.4_max_age100_min_hits3_iou_threshold0.2,0.2,0.5,15.66,15.729,20.991,21.0,3.5,34.5,71.6,14.46,,686.9,0.4,100.0,3.0,0.2,19.12
ocsort,gmot,2,det_thresh0.4_max_age100_min_hits3_iou_threshold0.3,0.2,0.5,15.231,15.614,19.946,23.875,3.25,34.75,70.9,14.53,,683.0,0.4,100.0,3.0,0.3,19.79
ocsort,gmot,2,det_thresh0.4_max_age100_min_hits3_iou_threshold0.4,0.2,0.5,15.126,15.641,19.855,25.875,3.25,34.75,69.4,14.89,,652.0,0.4,100.0,3.0,0.4,19.8
ocsort,gmot,2,det_thresh0.4_max_age100_min_hits3_iou_threshold0.5,0.2,0.5,15.185,15.514,19.969,25.375,3.25,34.75,67.0,15.37,,706.2,0.4,100.0,3.0,0.5,20.68
ocsort,gmot,2,det_thresh0.4_max_age100_min_hits3_iou_threshold0.6,0.2,0.5,14.768,15.152,19.26,27.375,3.125,34.75,63.1,16.61,,673.9,0.4,100.0,3.0,0.6,22.85
ocsort,gmot,2,det_thresh0.4_max_age100_min_hits3_iou_threshold0.7,0.2,0.5,13.455,13.85,16.958,30.25,2.75,35.5,64.7,16.63,,631.5,0.4,100.0,3.0,0.7,24.44
ocsort,gmot,2,det_thresh0.5_max_age20_min_hits1_iou_threshold0.2,0.2,0.5,15.495,16.697,20.427,34.5,4.0,34.375,70.9,14.28,,684.2,0.5,20.0,1.0,0.2,19.1
ocsort,gmot,2,det_thresh0.5_max_age20_min_hits1_iou_threshold0.3,0.2,0.5,15.28,16.621,20.006,36.5,4.0,34.375,74.4,13.63,,687.9,0.5,20.0,1.0,0.3,18.45
ocsort,gmot,2,det_thresh0.5_max_age20_min_hits1_iou_threshold0.4,0.2,0.5,15.183,16.525,19.968,39.625,4.0,34.625,75.5,13.62,,591.8,0.5,20.0,1.0,0.4,18.42
ocsort,gmot,2,det_thresh0.5_max_age20_min_hits1_iou_threshold0.5,0.2,0.5,15.474,16.496,20.299,36.25,4.125,34.75,73.7,13.88,,654.1,0.5,20.0,1.0,0.5,18.84
ocsort,gmot,2,det_thresh0.5_max_age20_min_hits1_iou_threshold0.6,0.2,0.5,14.953,16.205,19.367,42.5,3.875,35.0,68.1,14.86,,647.1,0.5,20.0,1.0,0.6,18.64
ocsort,gmot,2,det_thresh0.5_max_age20_min_hits1_iou_threshold0.7,0.2,0.5,13.65,14.947,17.232,44.5,3.125,35.375,75.2,13.86,,703.0,0.5,20.0,1.0,0.7,18.57
ocsort,gmot,2,det_thresh0.5_max_age20_min_hits3_iou_threshold0.2,0.2,0.5,14.525,15.084,19.159,18.875,3.25,35.375,80.6,13.11,,645.3,0.5,20.0,3.0,0.2,16.68
ocsort,gmot,2,det_thresh0.5_max_age20_min_hits3_iou_threshold0.3,0.2,0.5,14.305,14.976,18.737,19.75,3.0,35.75,80.8,12.68,,749.5,0.5,20.0,3.0,0.3,17.24
ocsort,gmot,2,det_thresh0.5_max_age20_min_hits3_iou_threshold0.4,0.2,0.5,14.261,15.016,18.761,19.75,3.0,35.625,74.5,14.03,,578.9,0.5,20.0,3.0,0.4,17.59
ocsort,gmot,2,det_thresh0.5_max_age20_min_hits3_iou_threshold0.5,0.2,0.5,14.595,15.037,19.176,18.875,3.0,35.625,79.5,13.21,,710.4,0.5,20.0,3.0,0.5,17.09
ocsort,gmot,2,det_thresh0.5_max_age20_min_hits3_iou_threshold0.6,0.2,0.5,14.169,14.66,18.445,21.0,2.75,35.75,79.8,12.91,,651.5,0.5,20.0,3.0,0.6,18.15
ocsort,gmot,2,det_thresh0.5_max_age20_min_hits3_iou_threshold0.7,0.2,0.5,12.887,13.541,16.302,24.5,2.5,36.5,79.0,13.44,,666.3,0.5,20.0,3.0,0.7,17.11
ocsort,gmot,2,det_thresh0.5_max_age30_min_hits1_iou_threshold0.2,0.2,0.5,15.475,16.695,20.415,35.25,4.0,34.375,75.8,14.0,,589.4,0.5,30.0,1.0,0.2,17.32
ocsort,gmot,2,det_thresh0.5_max_age30_min_hits1_iou_threshold0.3,0.2,0.5,15.28,16.606,20.008,38.125,4.0,34.375,83.0,12.59,,714.2,0.5,30.0,1.0,0.3,16.6
ocsort,gmot,2,det_thresh0.5_max_age30_min_hits1_iou_threshold0.4,0.2,0.5,15.189,16.525,20.0,39.5,4.0,34.625,79.2,13.07,,654.1,0.5,30.0,1.0,0.4,17.04
ocsort,gmot,2,det_thresh0.5_max_age30_min_hits1_iou_threshold0.5,0.2,0.5,15.461,16.48,20.269,36.25,4.0,34.75,75.0,13.92,,647.1,0.5,30.0,1.0,0.5,17.69
ocsort,gmot,2,det_thresh0.5_max_age30_min_hits1_iou_threshold0.6,0.2,0.5,14.916,16.17,19.355,43.375,3.75,35.0,78.1,13.6,,703.0,0.5,30.0,1.0,0.6,17.08
ocsort,gmot,2,det_thresh0.5_max_age30_min_hits1_iou_threshold0.7,0.2,0.5,13.591,14.852,17.185,45.375,3.125,35.375,79.8,13.13,,706.1,0.5,30.0,1.0,0.7,17.43
ocsort,gmot,2,det_thresh0.5_max_age30_min_hits3_iou_threshold0.2,0.2,0.5,14.497,15.07,19.129,18.875,3.25,35.375,78.4,13.16,,648.0,0.5,30.0,3.0,0.2,17.37
ocsort,gmot,2,det_thresh0.5_max_age30_min_hits3_iou_threshold0.3,0.2,0.5,14.294,14.98,18.715,19.875,3.0,35.75,74.7,14.05,,616.2,0.5,30.0,3.0,0.3,17.57
ocsort,gmot,2,det_thresh0.5_max_age30_min_hits3_iou_threshold0.4,0.2,0.5,14.262,15.04,18.761,19.625,3.0,35.625,80.4,13.15,,690.8,0.5,30.0,3.0,0.4,15.61
ocsort,gmot,2,det_thresh0.5_max_age30_min_hits3_iou_threshold0.5,0.2,0.5,14.589,15.025,19.18,19.0,3.0,35.625,79.2,13.01,,679.5,0.5,30.0,3.0,0.5,18.09
ocsort,gmot,2,det_thresh0.5_max_age30_min_hits3_iou_threshold0.6,0.2,0.5,14.139,14.642,18.429,21.5,2.75,35.75,78.5,12.95,,591.7,0.5,30.0,3.0,0.6,17.96
ocsort,gmot,2,det_thresh0.5_max_age30_min_hits3_iou_threshold0.7,0.2,0.5,12.834,13.475,16.26,24.375,2.5,36.625,76.7,13.32,,618.4,0.5,30.0,3.0,0.7,18.79
ocsort,gmot,2,det_thresh0.5_max_age40_min_hits1_iou_threshold0.2,0.2,0.5,15.541,16.695,20.575,35.875,4.0,34.375,78.6,12.9,,693.2,0.5,40.0,1.0,0.2,18.52
ocsort,gmot,2,det_thresh0.5_max_age40_min_hits1_iou_threshold0.3,0.2,0.5,15.27,16.605,20.001,37.625,4.0,34.375,76.2,13.26,,680.3,0.5,40.0,1.0,0.3,18.41
ocsort,gmot,2,det_thresh0.5_max_age40_min_hits1_iou_threshold0.4,0.2,0.5,15.179,16.521,19.99,40.0,4.0,34.625,76.2,13.46,,693.2,0.5,40.0,1.0,0.4,18.65
ocsort,gmot,2,det_thresh0.5_max_age40_min_hits1_iou_threshold0.5,0.2,0.5,15.455,16.47,20.256,36.25,4.0,34.875,76.5,13.48,,666.7,0.5,40.0,1.0,0.5,18.77
ocsort,gmot,2,det_thresh0.5_max_age40_min_hits1_iou_threshold0.6,0.2,0.5,14.929,16.165,19.378,43.125,3.75,35.0,76.2,13.59,,670.8,0.5,40.0,1.0,0.6,18.44
ocsort,gmot,2,det_thresh0.5_max_age40_min_hits1_iou_threshold0.7,0.2,0.5,13.636,14.841,17.226,45.875,3.125,35.375,75.2,13.81,,655.5,0.5,40.0,1.0,0.7,19.25
ocsort,gmot,2,det_thresh0.5_max_age40_min_hits3_iou_threshold0.2,0.2,0.5,14.541,15.073,19.245,19.0,3.25,35.375,77.9,13.16,,611.9,0.5,40.0,3.0,0.2,18.4
ocsort,gmot,2,det_thresh0.5_max_age40_min_hits3_iou_threshold0.3,0.2,0.5,14.284,14.986,18.705,19.5,3.0,35.75,76.3,13.59,,668.4,0.5,40.0,3.0,0.3,18.5
ocsort,gmot,2,det_thresh0.5_max_age40_min_hits3_iou_threshold0.4,0.2,0.5,14.259,15.019,18.77,19.75,3.0,35.625,76.2,13.63,,664.2,0.5,40.0,3.0,0.4,18.36
ocsort,gmot,2,det_thresh0.5_max_age40_min_hits3_iou_threshold0.5,0.2,0.5,14.584,15.012,19.154,19.0,3.0,35.625,74.6,13.79,,654.1,0.5,40.0,3.0,0.5,18.56
ocsort,gmot,2,det_thresh0.5_max_age40_min_hits3_iou_threshold0.6,0.2,0.5,14.155,14.654,18.453,21.375,2.75,35.75,76.6,13.6,,647.1,0.5,40.0,3.0,0.6,18.59
ocsort,gmot,2,det_thresh0.5_max_age40_min_hits3_iou_threshold0.7,0.2,0.5,12.876,13.464,16.3,24.625,2.5,36.5,74.4,14.14,,704.7,0.5,40.0,3.0,0.7,19.17
ocsort,gmot,2,det_thresh0.5_max_age50_min_hits1_iou_threshold0.2,0.2,0.5,15.486,16.655,20.509,37.25,4.0,34.375,76.7,13.45,,623.6,0.5,50.0,1.0,0.2,18.37
ocsort,gmot,2,det_thresh0.5_max_age50_min_hits1_iou_threshold0.3,0.2,0.5,15.269,16.604,19.995,38.0,4.0,34.375,75.6,13.64,,752.8,0.5,50.0,1.0,0.3,18.7
ocsort,gmot,2,det_thresh0.5_max_age50_min_hits1_iou_threshold0.4,0.2,0.5,15.211,16.551,19.871,38.625,4.125,34.625,78.1,13.3,,611.9,0.5,50.0,1.0,0.4,18.66
ocsort,gmot,2,det_thresh0.5_max_age50_min_hits1_iou_threshold0.5,0.2,0.5,15.455,16.466,20.252,37.0,4.0,34.875,77.2,13.57,,668.4,0.5,50.0,1.0,0.5,18.88
ocsort,gmot,2,det_thresh0.5_max_age50_min_hits1_iou_threshold0.6,0.2,0.5,14.921,16.151,19.349,43.5,3.75,35.0,77.9,13.58,,662.1,0.5,50.0,1.0,0.6,18.94
ocsort,gmot,2,det_thresh0.5_max_age50_min_hits1_iou_threshold0.7,0.2,0.5,13.633,14.829,17.205,46.125,3.125,35.375,74.1,14.36,,653.2,0.5,50.0,1.0,0.7,20.36
ocsort,gmot,2,det_thresh0.5_max_age50_min_hits3_iou_threshold0.2,0.2,0.5,14.499,15.052,19.18,19.375,3.25,35.375,76.7,13.54,,701.2,0.5,50.0,3.0,0.2,18.33
ocsort,gmot,2,det_thresh0.5_max_age50_min_hits3_iou_threshold0.3,0.2,0.5,14.284,14.981,18.705,19.625,3.0,35.75,73.6,14.04,,648.8,0.5,50.0,3.0,0.3,18.79
ocsort,gmot,2,det_thresh0.5_max_age50_min_hits3_iou_threshold0.4,0.2,0.5,14.322,15.036,18.712,19.625,3.0,35.625,74.5,13.89,,677.5,0.5,50.0,3.0,0.4,18.84
ocsort,gmot,2,det_thresh0.5_max_age50_min_hits3_iou_threshold0.5,0.2,0.5,14.58,15.009,19.15,19.0,3.0,35.625,74.2,14.03,,635.8,0.5,50.0,3.0,0.5,18.86
ocsort,gmot,2,det_thresh0.5_max_age50_min_hits3_iou_threshold0.6,0.2,0.5,14.149,14.636,18.436,21.5,2.75,35.75,68.2,14.99,,730.1,0.5,50.0,3.0,0.6,19.31
ocsort,gmot,2,det_thresh0.5_max_age50_min_hits3_iou_threshold0.7,0.2,0.5,12.874,13.45,16.277,25.0,2.5,36.5,68.7,15.53,,628.2,0.5,50.0,3.0,0.7,20.81
ocsort,gmot,2,det_thresh0.5_max_age70_min_hits1_iou_threshold0.2,0.2,0.5,15.473,16.67,20.447,36.25,4.125,34.375,73.9,14.2,,746.5,0.5,70.0,1.0,0.2,19.48
ocsort,gmot,2,det_thresh0.5_max_age70_min_hits1_iou_threshold0.3,0.2,0.5,15.226,16.599,19.852,38.0,4.125,34.375,74.6,14.0,,575.7,0.5,70.0,1.0,0.3,19.21
ocsort,gmot,2,det_thresh0.5_max_age70_min_hits1_iou_threshold0.4,0.2,0.5,15.24,16.539,19.983,38.625,4.125,34.625,73.0,14.39,,736.3,0.5,70.0,1.0,0.4,19.36
ocsort,gmot,2,det_thresh0.5_max_age70_min_hits1_iou_threshold0.5,0.2,0.5,15.442,16.45,20.256,37.375,4.0,34.875,74.2,14.37,,575.7,0.5,70.0,1.0,0.5,19.67
ocsort,gmot,2,det_thresh0.5_max_age70_min_hits1_iou_threshold0.6,0.2,0.5,14.89,16.125,19.357,44.625,3.75,35.0,72.4,14.61,,643.5,0.5,70.0,1.0,0.6,19.85
ocsort,gmot,2,det_thresh0.5_max_age70_min_hits1_iou_threshold0.7,0.2,0.5,13.6,14.799,17.152,46.0,3.125,35.375,70.9,15.18,,628.9,0.5,70.0,1.0,0.7,21.38
ocsort,gmot,2,det_thresh0.5_max_age70_min_hits3_iou_threshold0.2,0.2,0.5,14.484,15.054,19.119,19.625,3.25,35.375,74.2,13.98,,684.9,0.5,70.0,3.0,0.2,19.0
ocsort,gmot,2,det_thresh0.5_max_age70_min_hits3_iou_threshold0.3,0.2,0.5,14.259,14.969,18.584,19.5,3.0,35.75,73.8,14.06,,695.1,0.5,70.0,3.0,0.3,18.93
ocsort,gmot,2,det_thresh0.5_max_age70_min_hits3_iou_threshold0.4,0.2,0.5,14.327,15.033,18.782,19.75,3.0,35.625,73.6,14.2,,643.1,0.5,70.0,3.0,0.4,19.07
ocsort,gmot,2,det_thresh0.5_max_age70_min_hits3_iou_threshold0.5,0.2,0.5,14.566,14.973,19.146,18.875,3.0,35.625,73.5,14.29,,694.9,0.5,70.0,3.0,0.5,19.25
ocsort,gmot,2,det_thresh0.5_max_age70_min_hits3_iou_threshold0.6,0.2,0.5,14.107,14.615,18.431,21.5,2.75,35.75,74.2,14.33,,704.9,0.5,70.0,3.0,0.6,19.87
ocsort,gmot,2,det_thresh0.5_max_age70_min_hits3_iou_threshold0.7,0.2,0.5,12.843,13.426,16.229,25.125,2.5,36.5,68.2,15.72,,651.6,0.5,70.0,3.0,0.7,21.33
ocsort,gmot,2,det_thresh0.5_max_age100_min_hits1_iou_threshold0.2,0.2,0.5,15.506,16.678,20.505,37.375,4.125,34.375,71.7,14.48,,678.2,0.5,100.0,1.0,0.2,18.89
ocsort,gmot,2,det_thresh0.5_max_age100_min_hits1_iou_threshold0.3,0.2,0.5,15.279,16.609,20.009,38.375,4.125,34.375,71.5,14.49,,693.2,0.5,100.0,1.0,0.3,19.0
ocsort,gmot,2,det_thresh0.5_max_age100_min_hits1_iou_threshold0.4,0.2,0.5,15.239,16.526,19.981,39.125,4.125,34.625,70.9,14.55,,634.5,0.5,100.0,1.0,0.4,19.23
ocsort,gmot,2,det_thresh0.5_max_age100_min_hits1_iou_threshold0.5,0.2,0.5,15.431,16.459,20.251,38.0,4.0,34.875,72.1,14.47,,687.7,0.5,100.0,1.0,0.5,19.53
ocsort,gmot,2,det_thresh0.5_max_age100_min_hits1_iou_threshold0.6,0.2,0.5,14.89,16.13,19.359,45.125,3.75,35.0,68.7,15.04,,647.9,0.5,100.0,1.0,0.6,19.98
ocsort,gmot,2,det_thresh0.5_max_age100_min_hits1_iou_threshold0.7,0.2,0.5,13.599,14.794,17.151,46.5,3.125,35.375,67.4,15.7,,727.4,0.5,100.0,1.0,0.7,22.12
ocsort,gmot,2,det_thresh0.5_max_age100_min_hits3_iou_threshold0.2,0.2,0.5,14.511,15.024,19.166,19.75,3.125,35.375,73.8,13.8,,617.6,0.5,100.0,3.0,0.2,18.63
ocsort,gmot,2,det_thresh0.5_max_age100_min_hits3_iou_threshold0.3,0.2,0.5,14.305,14.969,18.719,19.5,3.0,35.75,72.5,14.11,,695.1,0.5,100.0,3.0,0.3,19.3
ocsort,gmot,2,det_thresh0.5_max_age100_min_hits3_iou_threshold0.4,0.2,0.5,14.321,15.005,18.775,19.75,3.0,35.625,70.9,14.23,,632.1,0.5,100.0,3.0,0.4,19.25
ocsort,gmot,2,det_thresh0.5_max_age100_min_hits3_iou_threshold0.5,0.2,0.5,14.562,14.98,19.145,18.875,3.0,35.625,71.3,14.37,,697.3,0.5,100.0,3.0,0.5,19.52
ocsort,gmot,2,det_thresh0.5_max_age100_min_hits3_iou_threshold0.6,0.2,0.5,14.109,14.626,18.438,21.625,2.75,35.75,71.6,14.49,,629.1,0.5,100.0,3.0,0.6,20.15
ocsort,gmot,2,det_thresh0.5_max_age100_min_hits3_iou_threshold0.7,0.2,0.5,12.843,13.424,16.229,25.0,2.5,36.5,71.1,15.44,,658.7,0.5,100.0,3.0,0.7,22.11
ocsort,gmot,2,det_thresh0.6_max_age20_min_hits1_iou_threshold0.2,0.2,0.5,15.356,15.904,20.431,24.625,3.625,35.125,76.5,13.55,,632.1,0.6,20.0,1.0,0.2,18.3
ocsort,gmot,2,det_thresh0.6_max_age20_min_hits1_iou_threshold0.3,0.2,0.5,15.157,15.863,20.021,25.25,3.75,35.125,80.7,12.84,,685.2,0.6,20.0,1.0,0.3,17.89
ocsort,gmot,2,det_thresh0.6_max_age20_min_hits1_iou_threshold0.4,0.2,0.5,14.983,15.724,19.575,28.375,3.5,35.25,78.1,13.09,,712.6,0.6,20.0,1.0,0.4,18.04
ocsort,gmot,2,det_thresh0.6_max_age20_min_hits1_iou_threshold0.5,0.2,0.5,14.871,15.697,19.398,26.75,3.5,35.25,75.6,13.38,,648.0,0.6,20.0,1.0,0.5,18.17
ocsort,gmot,2,det_thresh0.6_max_age20_min_hits1_iou_threshold0.6,0.2,0.5,14.346,15.504,18.511,30.375,3.5,35.5,78.4,13.02,,616.2,0.6,20.0,1.0,0.6,18.09
ocsort,gmot,2,det_thresh0.6_max_age20_min_hits1_iou_threshold0.7,0.2,0.5,12.941,14.4,16.009,33.5,2.875,36.0,76.9,13.37,,690.8,0.6,20.0,1.0,0.7,18.04
ocsort,gmot,2,det_thresh0.6_max_age20_min_hits3_iou_threshold0.2,0.2,0.5,14.39,14.499,19.076,13.25,2.75,36.5,74.1,13.79,,653.3,0.6,20.0,3.0,0.2,18.09
ocsort,gmot,2,det_thresh0.6_max_age20_min_hits3_iou_threshold0.3,0.2,0.5,14.234,14.484,18.753,13.5,3.0,36.625,76.7,13.48,,607.0,0.6,20.0,3.0,0.3,18.14
ocsort,gmot,2,det_thresh0.6_max_age20_min_hits3_iou_threshold0.4,0.2,0.5,14.135,14.446,18.545,13.625,2.75,36.625,73.8,14.08,,666.3,0.6,20.0,3.0,0.4,18.33
ocsort,gmot,2,det_thresh0.6_max_age20_min_hits3_iou_threshold0.5,0.2,0.5,14.066,14.365,18.398,14.125,2.75,36.625,76.7,13.44,,652.0,0.6,20.0,3.0,0.5,18.32
ocsort,gmot,2,det_thresh0.6_max_age20_min_hits3_iou_threshold0.6,0.2,0.5,13.623,14.135,17.7,15.75,2.75,36.625,79.7,12.92,,731.7,0.6,20.0,3.0,0.6,18.34
ocsort,gmot,2,det_thresh0.6_max_age20_min_hits3_iou_threshold0.7,0.2,0.5,12.266,13.193,15.362,20.0,2.375,37.125,75.0,13.67,,608.7,0.6,20.0,3.0,0.7,18.78
ocsort,gmot,2,det_thresh0.6_max_age30_min_hits1_iou_threshold0.2,0.2,0.5,15.32,15.939,20.4,25.125,3.625,35.0,79.5,12.74,,688.0,0.6,30.0,1.0,0.2,17.97
ocsort,gmot,2,det_thresh0.6_max_age30_min_hits1_iou_threshold0.3,0.2,0.5,15.2,15.901,20.239,25.625,3.75,35.0,79.7,12.68,,764.4,0.6,30.0,1.0,0.3,17.78
ocsort,gmot,2,det_thresh0.6_max_age30_min_hits1_iou_threshold0.4,0.2,0.5,15.02,15.744,19.785,28.625,3.5,35.25,78.4,13.19,,601.6,0.6,30.0,1.0,0.4,18.2
ocsort,gmot,2,det_thresh0.6_max_age30_min_hits1_iou_threshold0.5,0.2,0.5,14.865,15.689,19.45,26.75,3.375,35.25,80.0,13.05,,655.7,0.6,30.0,1.0,0.5,17.9
ocsort,gmot,2,det_thresh0.6_max_age30_min_hits1_iou_threshold0.6,0.2,0.5,14.315,15.464,18.502,29.875,3.5,35.5,77.7,13.25,,591.7,0.6,30.0,1.0,0.6,18.32
ocsort,gmot,2,det_thresh0.6_max_age30_min_hits1_iou_threshold0.7,0.2,0.5,12.924,14.375,15.985,33.375,2.875,36.0,78.1,13.35,,618.4,0.6,30.0,1.0,0.7,18.8
ocsort,gmot,2,det_thresh0.6_max_age30_min_hits3_iou_threshold0.2,0.2,0.5,14.374,14.48,19.072,13.75,2.875,36.5,76.2,13.57,,654.1,0.6,30.0,3.0,0.2,18.59
ocsort,gmot,2,det_thresh0.6_max_age30_min_hits3_iou_threshold0.3,0.2,0.5,14.26,14.503,18.941,13.375,3.0,36.625,80.0,13.06,,750.4,0.6,30.0,3.0,0.3,18.12
ocsort,gmot,2,det_thresh0.6_max_age30_min_hits3_iou_threshold0.4,0.2,0.5,14.159,14.455,18.729,13.625,2.875,36.625,81.8,12.72,,606.7,0.6,30.0,3.0,0.4,17.85
ocsort,gmot,2,det_thresh0.6_max_age30_min_hits3_iou_threshold0.5,0.2,0.5,14.065,14.379,18.447,14.0,2.875,36.625,77.9,13.09,,672.6,0.6,30.0,3.0,0.5,17.8
ocsort,gmot,2,det_thresh0.6_max_age30_min_hits3_iou_threshold0.6,0.2,0.5,13.61,14.136,17.719,15.875,2.75,36.625,81.4,12.52,,748.0,0.6,30.0,3.0,0.6,17.95
ocsort,gmot,2,det_thresh0.6_max_age30_min_hits3_iou_threshold0.7,0.2,0.5,12.251,13.171,15.33,20.125,2.375,37.25,75.2,13.5,,632.9,0.6,30.0,3.0,0.7,18.53
ocsort,gmot,2,det_thresh0.6_max_age40_min_hits1_iou_threshold0.2,0.2,0.5,15.29,15.933,20.328,24.625,3.625,35.0,80.4,12.96,,658.8,0.6,40.0,1.0,0.2,18.17
ocsort,gmot,2,det_thresh0.6_max_age40_min_hits1_iou_threshold0.3,0.2,0.5,15.128,15.877,20.06,25.625,3.75,35.0,76.5,13.48,,602.4,0.6,40.0,1.0,0.3,18.54
ocsort,gmot,2,det_thresh0.6_max_age40_min_hits1_iou_threshold0.4,0.2,0.5,15.015,15.741,19.788,29.125,3.5,35.25,78.4,13.23,,610.9,0.6,40.0,1.0,0.4,18.3
ocsort,gmot,2,det_thresh0.6_max_age40_min_hits1_iou_threshold0.5,0.2,0.5,14.803,15.655,19.351,26.125,3.375,35.25,78.8,13.28,,686.2,0.6,40.0,1.0,0.5,18.15
ocsort,gmot,2,det_thresh0.6_max_age40_min_hits1_iou_threshold0.6,0.2,0.5,14.326,15.451,18.521,30.375,3.5,35.5,80.0,13.09,,686.6,0.6,40.0,1.0,0.6,18.59
ocsort,gmot,2,det_thresh0.6_max_age40_min_hits1_iou_threshold0.7,0.2,0.5,12.886,14.32,15.884,34.125,2.875,36.0,79.1,13.44,,674.8,0.6,40.0,1.0,0.7,19.39
ocsort,gmot,2,det_thresh0.6_max_age40_min_hits3_iou_threshold0.2,0.2,0.5,14.331,14.465,18.975,14.125,2.875,36.5,81.6,12.7,,634.3,0.6,40.0,3.0,0.2,18.07
ocsort,gmot,2,det_thresh0.6_max_age40_min_hits3_iou_threshold0.3,0.2,0.5,14.199,14.473,18.789,14.25,3.0,36.625,76.9,13.26,,753.1,0.6,40.0,3.0,0.3,18.06
ocsort,gmot,2,det_thresh0.6_max_age40_min_hits3_iou_threshold0.4,0.2,0.5,14.152,14.46,18.72,13.75,2.875,36.625,80.6,12.57,,572.1,0.6,40.0,3.0,0.4,17.83
ocsort,gmot,2,det_thresh0.6_max_age40_min_hits3_iou_threshold0.5,0.2,0.5,13.999,14.341,18.344,13.875,2.875,36.625,78.2,13.07,,721.7,0.6,40.0,3.0,0.5,18.26
ocsort,gmot,2,det_thresh0.6_max_age40_min_hits3_iou_threshold0.6,0.2,0.5,13.62,14.131,17.739,15.875,2.75,36.625,76.5,13.65,,618.5,0.6,40.0,3.0,0.6,18.32
ocsort,gmot,2,det_thresh0.6_max_age40_min_hits3_iou_threshold0.7,0.2,0.5,12.215,13.115,15.241,20.25,2.375,37.25,74.4,13.87,,671.8,0.6,40.0,3.0,0.7,18.89
ocsort,gmot,2,det_thresh0.6_max_age50_min_hits1_iou_threshold0.2,0.2,0.5,15.244,15.91,20.284,25.0,3.625,35.0,78.3,13.36,,682.1,0.6,50.0,1.0,0.2,18.43
ocsort,gmot,2,det_thresh0.6_max_age50_min_hits1_iou_threshold0.3,0.2,0.5,15.084,15.851,20.033,25.875,3.625,35.0,76.8,13.59,,656.2,0.6,50.0,1.0,0.3,18.95
ocsort,gmot,2,det_thresh0.6_max_age50_min_hits1_iou_threshold0.4,0.2,0.5,15.004,15.751,19.797,29.375,3.5,35.25,80.3,13.13,,660.3,0.6,50.0,1.0,0.4,18.29
ocsort,gmot,2,det_thresh0.6_max_age50_min_hits1_iou_threshold0.5,0.2,0.5,14.805,15.659,19.357,26.0,3.375,35.25,77.3,13.6,,680.3,0.6,50.0,1.0,0.5,18.98
ocsort,gmot,2,det_thresh0.6_max_age50_min_hits1_iou_threshold0.6,0.2,0.5,14.326,15.441,18.531,30.625,3.5,35.5,75.2,13.69,,695.9,0.6,50.0,1.0,0.6,18.78
ocsort,gmot,2,det_thresh0.6_max_age50_min_hits1_iou_threshold0.7,0.2,0.5,12.883,14.312,15.877,34.5,2.875,36.0,79.1,13.56,,730.9,0.6,50.0,1.0,0.7,18.46
ocsort,gmot,2,det_thresh0.6_max_age50_min_hits3_iou_threshold0.2,0.2,0.5,14.28,14.434,18.938,14.5,2.875,36.5,80.5,12.83,,698.6,0.6,50.0,3.0,0.2,18.22
ocsort,gmot,2,det_thresh0.6_max_age50_min_hits3_iou_threshold0.3,0.2,0.5,14.15,14.445,18.765,14.375,3.0,36.625,78.3,13.09,,586.2,0.6,50.0,3.0,0.3,18.04
ocsort,gmot,2,det_thresh0.6_max_age50_min_hits3_iou_threshold0.4,0.2,0.5,14.138,14.451,18.723,13.75,2.875,36.625,79.5,12.83,,683.8,0.6,50.0,3.0,0.4,18.12
ocsort,gmot,2,det_thresh0.6_max_age50_min_hits3_iou_threshold0.5,0.2,0.5,14.0,14.335,18.341,13.75,2.875,36.625,75.8,13.39,,652.0,0.6,50.0,3.0,0.5,17.98
ocsort,gmot,2,det_thresh0.6_max_age50_min_hits3_iou_threshold0.6,0.2,0.5,13.619,14.099,17.739,15.75,2.75,36.625,77.2,13.5,,704.9,0.6,50.0,3.0,0.6,18.54
ocsort,gmot,2,det_thresh0.6_max_age50_min_hits3_iou_threshold0.7,0.2,0.5,12.224,13.146,15.249,20.5,2.375,37.25,74.2,14.16,,689.6,0.6,50.0,3.0,0.7,19.41
ocsort,gmot,2,det_thresh0.6_max_age70_min_hits1_iou_threshold0.2,0.2,0.5,15.219,15.916,20.172,25.375,3.75,35.0,72.0,14.17,,583.5,0.6,70.0,1.0,0.2,19.0
ocsort,gmot,2,det_thresh0.6_max_age70_min_hits1_iou_threshold0.3,0.2,0.5,15.016,15.846,19.85,26.25,3.75,35.0,74.0,14.13,,640.5,0.6,70.0,1.0,0.3,18.75
ocsort,gmot,2,det_thresh0.6_max_age70_min_hits1_iou_threshold0.4,0.2,0.5,15.003,15.755,19.791,29.75,3.625,35.25,83.0,12.63,,664.2,0.6,70.0,1.0,0.4,17.18
ocsort,gmot,2,det_thresh0.6_max_age70_min_hits1_iou_threshold0.5,0.2,0.5,14.809,15.663,19.364,26.375,3.5,35.25,78.4,13.28,,669.8,0.6,70.0,1.0,0.5,17.16
ocsort,gmot,2,det_thresh0.6_max_age70_min_hits1_iou_threshold0.6,0.2,0.5,14.291,15.435,18.523,30.875,3.5,35.5,73.9,14.24,,634.3,0.6,70.0,1.0,0.6,18.63
ocsort,gmot,2,det_thresh0.6_max_age70_min_hits1_iou_threshold0.7,0.2,0.5,12.873,14.328,15.845,34.625,2.875,36.0,75.9,14.46,,643.3,0.6,70.0,1.0,0.7,20.05
ocsort,gmot,2,det_thresh0.6_max_age70_min_hits3_iou_threshold0.2,0.2,0.5,14.262,14.429,18.849,14.25,2.875,36.5,80.8,12.88,,716.6,0.6,70.0,3.0,0.2,18.24
ocsort,gmot,2,det_thresh0.6_max_age70_min_hits3_iou_threshold0.3,0.2,0.5,14.101,14.441,18.579,14.625,3.0,36.625,78.4,13.34,,627.0,0.6,70.0,3.0,0.3,17.47
ocsort,gmot,2,det_thresh0.6_max_age70_min_hits3_iou_threshold0.4,0.2,0.5,14.134,14.445,18.709,13.75,2.875,36.5,74.1,14.15,,709.6,0.6,70.0,3.0,0.4,18.35
ocsort,gmot,2,det_thresh0.6_max_age70_min_hits3_iou_threshold0.5,0.2,0.5,14.001,14.341,18.345,13.75,2.875,36.5,81.3,13.05,,631.4,0.6,70.0,3.0,0.5,16.21
ocsort,gmot,2,det_thresh0.6_max_age70_min_hits3_iou_threshold0.6,0.2,0.5,13.571,14.093,17.721,15.875,2.75,36.625,79.9,13.0,,612.1,0.6,70.0,3.0,0.6,17.29
ocsort,gmot,2,det_thresh0.6_max_age70_min_hits3_iou_threshold0.7,0.2,0.5,12.216,13.161,15.23,20.625,2.375,37.25,74.4,14.41,,636.2,0.6,70.0,3.0,0.7,19.53
ocsort,gmot,2,det_thresh0.6_max_age100_min_hits1_iou_threshold0.2,0.2,0.5,15.22,15.915,20.171,25.25,3.75,35.0,76.3,13.82,,737.9,0.6,100.0,1.0,0.2,18.26
ocsort,gmot,2,det_thresh0.6_max_age100_min_hits1_iou_threshold0.3,0.2,0.5,15.004,15.829,19.814,26.5,3.75,35.0,82.0,12.69,,617.5,0.6,100.0,1.0,0.3,17.18
ocsort,gmot,2,det_thresh0.6_max_age100_min_hits1_iou_threshold0.4,0.2,0.5,14.999,15.746,19.788,30.125,3.625,35.25,78.8,13.23,,662.5,0.6,100.0,1.0,0.4,17.57
ocsort,gmot,2,det_thresh0.6_max_age100_min_hits1_iou_threshold0.5,0.2,0.5,14.807,15.663,19.364,26.875,3.5,35.25,74.9,14.06,,662.1,0.6,100.0,1.0,0.5,18.67
ocsort,gmot,2,det_thresh0.6_max_age100_min_hits1_iou_threshold0.6,0.2,0.5,14.29,15.429,18.523,31.125,3.5,35.5,79.4,13.5,,748.6,0.6,100.0,1.0,0.6,18.5
ocsort,gmot,2,det_thresh0.6_max_age100_min_hits1_iou_threshold0.7,0.2,0.5,12.873,14.32,15.85,35.0,2.875,36.0,77.0,13.83,,627.6,0.6,100.0,1.0,0.7,20.04
ocsort,gmot,2,det_thresh0.6_max_age100_min_hits3_iou_threshold0.2,0.2,0.5,14.261,14.426,18.848,14.25,2.875,36.5,79.5,12.92,,556.4,0.6,100.0,3.0,0.2,18.09
ocsort,gmot,2,det_thresh0.6_max_age100_min_hits3_iou_threshold0.3,0.2,0.5,14.1,14.449,18.58,14.625,3.0,36.5,75.5,13.91,,698.3,0.6,100.0,3.0,0.3,17.88
ocsort,gmot,2,det_thresh0.6_max_age100_min_hits3_iou_threshold0.4,0.2,0.5,14.133,14.451,18.707,13.625,2.875,36.5,79.7,13.25,,707.6,0.6,100.0,3.0,0.4,16.94
ocsort,gmot,2,det_thresh0.6_max_age100_min_hits3_iou_threshold0.5,0.2,0.5,14.001,14.342,18.345,13.75,2.875,36.5,80.2,12.8,,629.1,0.6,100.0,3.0,0.5,16.92
ocsort,gmot,2,det_thresh0.6_max_age100_min_hits3_iou_threshold0.6,0.2,0.5,13.571,14.093,17.721,15.875,2.75,36.625,74.0,14.29,,691.8,0.6,100.0,3.0,0.6,18.34
ocsort,gmot,2,det_thresh0.6_max_age100_min_hits3_iou_threshold0.7,0.2,0.5,12.216,13.161,15.232,20.5,2.375,37.25,74.6,14.77,,701.4,0.6,100.0,3.0,0.7,20.29
ocsort,gmot,2,det_thresh0.7_max_age20_min_hits1_iou_threshold0.2,0.2,0.5,14.111,14.369,18.479,15.125,2.5,36.0,84.6,12.38,,642.9,0.7,20.0,1.0,0.2,15.18
ocsort,gmot,2,det_thresh0.7_max_age20_min_hits1_iou_threshold0.3,0.2,0.5,14.145,14.297,18.417,15.25,2.5,36.0,80.2,13.0,,642.9,0.7,20.0,1.0,0.3,17.4
ocsort,gmot,2,det_thresh0.7_max_age20_min_hits1_iou_threshold0.4,0.2,0.5,13.922,14.26,18.054,15.375,2.5,36.125,78.6,13.31,,642.9,0.7,20.0,1.0,0.4,17.09
ocsort,gmot,2,det_thresh0.7_max_age20_min_hits1_iou_threshold0.5,0.2,0.5,13.76,14.239,17.818,15.875,2.5,36.125,83.0,12.5,,642.9,0.7,20.0,1.0,0.5,16.68
ocsort,gmot,2,det_thresh0.7_max_age20_min_hits1_iou_threshold0.6,0.2,0.5,13.127,14.04,16.669,19.5,2.5,36.625,78.2,13.58,,642.2,0.7,20.0,1.0,0.6,17.35
ocsort,gmot,2,det_thresh0.7_max_age20_min_hits1_iou_threshold0.7,0.2,0.5,12.206,13.094,15.241,23.875,2.5,37.125,80.2,13.01,,634.8,0.7,20.0,1.0,0.7,17.57
ocsort,gmot,2,det_thresh0.7_max_age20_min_hits3_iou_threshold0.2,0.2,0.5,13.134,12.979,17.235,9.0,2.125,37.75,83.4,12.32,,710.4,0.7,20.0,3.0,0.2,16.35
ocsort,gmot,2,det_thresh0.7_max_age20_min_hits3_iou_threshold0.3,0.2,0.5,13.156,12.956,17.199,8.625,2.125,37.75,76.9,13.61,,614.2,0.7,20.0,3.0,0.3,17.22
ocsort,gmot,2,det_thresh0.7_max_age20_min_hits3_iou_threshold0.4,0.2,0.5,12.99,12.94,16.924,9.0,2.125,37.75,81.6,12.86,,662.1,0.7,20.0,3.0,0.4,17.07
ocsort,gmot,2,det_thresh0.7_max_age20_min_hits3_iou_threshold0.5,0.2,0.5,12.864,12.862,16.727,9.625,2.125,37.75,81.0,12.62,,682.9,0.7,20.0,3.0,0.5,17.19
ocsort,gmot,2,det_thresh0.7_max_age20_min_hits3_iou_threshold0.6,0.2,0.5,12.361,12.671,15.844,12.125,2.125,37.75,75.0,13.91,,666.3,0.7,20.0,3.0,0.6,17.63
ocsort,gmot,2,det_thresh0.7_max_age20_min_hits3_iou_threshold0.7,0.2,0.5,11.544,11.823,14.513,15.75,2.0,38.625,81.1,12.97,,707.9,0.7,20.0,3.0,0.7,16.87
ocsort,gmot,2,det_thresh0.7_max_age30_min_hits1_iou_threshold0.2,0.2,0.5,14.225,14.402,18.769,15.25,2.5,36.0,80.0,12.92,,630.0,0.7,30.0,1.0,0.2,16.92
ocsort,gmot,2,det_thresh0.7_max_age30_min_hits1_iou_threshold0.3,0.2,0.5,14.206,14.339,18.642,15.125,2.5,36.0,76.0,13.76,,666.7,0.7,30.0,1.0,0.3,17.93
ocsort,gmot,2,det_thresh0.7_max_age30_min_hits1_iou_threshold0.4,0.2,0.5,13.946,14.279,18.251,16.0,2.5,36.125,84.5,12.32,,672.9,0.7,30.0,1.0,0.4,15.9
ocsort,gmot,2,det_thresh0.7_max_age30_min_hits1_iou_threshold0.5,0.2,0.5,13.738,14.24,17.855,16.375,2.5,36.125,81.2,13.11,,652.1,0.7,30.0,1.0,0.5,16.71
ocsort,gmot,2,det_thresh0.7_max_age30_min_hits1_iou_threshold0.6,0.2,0.5,13.155,14.035,16.77,20.0,2.5,36.625,77.3,13.46,,650.0,0.7,30.0,1.0,0.6,18.06
ocsort,gmot,2,det_thresh0.7_max_age30_min_hits1_iou_threshold0.7,0.2,0.5,12.202,13.075,15.235,24.25,2.375,37.125,82.5,12.53,,727.7,0.7,30.0,1.0,0.7,15.86
ocsort,gmot,2,det_thresh0.7_max_age30_min_hits3_iou_threshold0.2,0.2,0.5,13.195,12.977,17.434,8.875,2.125,37.75,77.7,13.54,,569.3,0.7,30.0,3.0,0.2,17.0
ocsort,gmot,2,det_thresh0.7_max_age30_min_hits3_iou_threshold0.3,0.2,0.5,13.182,12.971,17.389,8.5,2.125,37.75,83.1,12.55,,661.7,0.7,30.0,3.0,0.3,16.31
ocsort,gmot,2,det_thresh0.7_max_age30_min_hits3_iou_threshold0.4,0.2,0.5,12.997,12.928,17.094,9.375,2.125,37.75,69.7,14.46,,677.9,0.7,30.0,3.0,0.4,18.47
ocsort,gmot,2,det_thresh0.7_max_age30_min_hits3_iou_threshold0.5,0.2,0.5,12.841,12.855,16.775,10.0,2.125,37.75,76.2,13.74,,699.1,0.7,30.0,3.0,0.5,17.05
ocsort,gmot,2,det_thresh0.7_max_age30_min_hits3_iou_threshold0.6,0.2,0.5,12.383,12.666,15.926,12.25,2.125,37.75,82.0,12.88,,603.1,0.7,30.0,3.0,0.6,15.58
ocsort,gmot,2,det_thresh0.7_max_age30_min_hits3_iou_threshold0.7,0.2,0.5,11.544,11.825,14.516,15.625,2.0,38.625,80.2,12.82,,731.9,0.7,30.0,3.0,0.7,17.01
ocsort,gmot,2,det_thresh0.7_max_age40_min_hits1_iou_threshold0.2,0.2,0.5,14.147,14.42,18.53,15.75,2.5,36.0,74.9,14.0,,605.5,0.7,40.0,1.0,0.2,17.44
ocsort,gmot,2,det_thresh0.7_max_age40_min_hits1_iou_threshold0.3,0.2,0.5,14.101,14.331,18.372,15.75,2.5,36.0,82.2,12.75,,629.1,0.7,40.0,1.0,0.3,16.43
ocsort,gmot,2,det_thresh0.7_max_age40_min_hits1_iou_threshold0.4,0.2,0.5,13.883,14.279,18.036,16.125,2.5,36.125,80.1,13.07,,721.7,0.7,40.0,1.0,0.4,17.13
ocsort,gmot,2,det_thresh0.7_max_age40_min_hits1_iou_threshold0.5,0.2,0.5,13.74,14.236,17.861,16.25,2.5,36.125,77.7,13.59,,607.9,0.7,40.0,1.0,0.5,17.1
ocsort,gmot,2,det_thresh0.7_max_age40_min_hits1_iou_threshold0.6,0.2,0.5,13.164,14.034,16.786,19.875,2.5,36.625,85.3,12.23,,660.2,0.7,40.0,1.0,0.6,16.29
ocsort,gmot,2,det_thresh0.7_max_age40_min_hits1_iou_threshold0.7,0.2,0.5,12.179,13.04,15.166,24.5,2.375,37.125,78.9,13.45,,660.0,0.7,40.0,1.0,0.7,18.08
ocsort,gmot,2,det_thresh0.7_max_age40_min_hits3_iou_threshold0.2,0.2,0.5,13.116,12.984,17.199,8.75,2.125,37.75,76.8,13.6,,698.0,0.7,40.0,3.0,0.2,18.14
ocsort,gmot,2,det_thresh0.7_max_age40_min_hits3_iou_threshold0.3,0.2,0.5,13.085,12.969,17.15,8.625,2.125,37.75,83.2,12.4,,589.4,0.7,40.0,3.0,0.3,16.83
ocsort,gmot,2,det_thresh0.7_max_age40_min_hits3_iou_threshold0.4,0.2,0.5,12.929,12.929,16.884,9.125,2.125,37.75,77.8,13.6,,643.1,0.7,40.0,3.0,0.4,17.2
ocsort,gmot,2,det_thresh0.7_max_age40_min_hits3_iou_threshold0.5,0.2,0.5,12.839,12.853,16.789,9.75,2.125,37.75,81.1,12.97,,698.3,0.7,40.0,3.0,0.5,17.22
ocsort,gmot,2,det_thresh0.7_max_age40_min_hits3_iou_threshold0.6,0.2,0.5,12.385,12.669,15.931,12.125,2.125,37.75,81.7,12.57,,707.0,0.7,40.0,3.0,0.6,17.43
ocsort,gmot,2,det_thresh0.7_max_age40_min_hits3_iou_threshold0.7,0.2,0.5,11.517,11.785,14.442,15.875,2.0,38.625,74.2,14.19,,633.1,0.7,40.0,3.0,0.7,17.82
ocsort,gmot,2,det_thresh0.7_max_age50_min_hits1_iou_threshold0.2,0.2,0.5,14.117,14.411,18.495,15.875,2.5,36.0,81.3,12.97,,721.7,0.7,50.0,1.0,0.2,16.03
ocsort,gmot,2,det_thresh0.7_max_age50_min_hits1_iou_threshold0.3,0.2,0.5,14.064,14.311,18.344,16.125,2.5,36.0,80.7,12.72,,607.9,0.7,50.0,1.0,0.3,17.0
ocsort,gmot,2,det_thresh0.7_max_age50_min_hits1_iou_threshold0.4,0.2,0.5,13.883,14.281,18.039,16.25,2.5,36.125,77.2,13.67,,660.2,0.7,50.0,1.0,0.4,17.32
ocsort,gmot,2,det_thresh0.7_max_age50_min_hits1_iou_threshold0.5,0.2,0.5,13.741,14.24,17.866,16.375,2.5,36.125,84.3,12.38,,728.5,0.7,50.0,1.0,0.5,16.6
ocsort,gmot,2,det_thresh0.7_max_age50_min_hits1_iou_threshold0.6,0.2,0.5,13.162,14.025,16.784,19.5,2.5,36.625,79.2,13.26,,699.1,0.7,50.0,1.0,0.6,16.94
ocsort,gmot,2,det_thresh0.7_max_age50_min_hits1_iou_threshold0.7,0.2,0.5,12.179,13.037,15.166,24.625,2.375,37.125,76.3,13.99,,711.2,0.7,50.0,1.0,0.7,17.9
ocsort,gmot,2,det_thresh0.7_max_age50_min_hits3_iou_threshold0.2,0.2,0.5,13.106,12.98,17.18,8.875,2.125,37.75,85.1,12.29,,629.1,0.7,50.0,3.0,0.2,16.28
ocsort,gmot,2,det_thresh0.7_max_age50_min_hits3_iou_threshold0.3,0.2,0.5,13.074,12.954,17.144,8.875,2.125,37.75,80.7,13.29,,721.7,0.7,50.0,3.0,0.3,16.9
ocsort,gmot,2,det_thresh0.7_max_age50_min_hits3_iou_threshold0.4,0.2,0.5,12.929,12.931,16.888,9.125,2.125,37.75,78.6,13.25,,607.9,0.7,50.0,3.0,0.4,17.13
ocsort,gmot,2,det_thresh0.7_max_age50_min_hits3_iou_threshold0.5,0.2,0.5,12.84,12.856,16.791,9.75,2.125,37.75,83.5,12.32,,660.2,0.7,50.0,3.0,0.5,17.08
ocsort,gmot,2,det_thresh0.7_max_age50_min_hits3_iou_threshold0.6,0.2,0.5,12.384,12.672,15.931,12.125,2.125,37.75,76.3,13.8,,728.5,0.7,50.0,3.0,0.6,17.92
ocsort,gmot,2,det_thresh0.7_max_age50_min_hits3_iou_threshold0.7,0.2,0.5,11.517,11.785,14.442,15.875,2.0,38.625,79.2,13.48,,661.7,0.7,50.0,3.0,0.7,17.53
ocsort,gmot,2,det_thresh0.7_max_age70_min_hits1_iou_threshold0.2,0.2,0.5,14.117,14.411,18.505,15.5,2.5,36.0,81.5,12.57,,673.3,0.7,70.0,1.0,0.2,16.69
ocsort,gmot,2,det_thresh0.7_max_age70_min_hits1_iou_threshold0.3,0.2,0.5,14.061,14.306,18.34,15.875,2.5,36.0,79.0,13.41,,721.7,0.7,70.0,1.0,0.3,18.22
ocsort,gmot,2,det_thresh0.7_max_age70_min_hits1_iou_threshold0.4,0.2,0.5,13.886,14.275,18.044,16.5,2.5,36.125,78.5,13.27,,607.9,0.7,70.0,1.0,0.4,18.86
ocsort,gmot,2,det_thresh0.7_max_age70_min_hits1_iou_threshold0.5,0.2,0.5,13.742,14.245,17.875,16.375,2.5,36.125,78.7,13.21,,660.2,0.7,70.0,1.0,0.5,18.45
ocsort,gmot,2,det_thresh0.7_max_age70_min_hits1_iou_threshold0.6,0.2,0.5,13.116,14.017,16.711,20.0,2.5,36.625,76.5,13.55,,709.6,0.7,70.0,1.0,0.6,18.9
ocsort,gmot,2,det_thresh0.7_max_age70_min_hits1_iou_threshold0.7,0.2,0.5,12.18,13.037,15.164,24.625,2.375,37.125,82.0,12.89,,692.3,0.7,70.0,1.0,0.7,19.45
ocsort,gmot,2,det_thresh0.7_max_age70_min_hits3_iou_threshold0.2,0.2,0.5,13.109,12.981,17.18,8.75,2.125,37.75,80.8,12.63,,636.6,0.7,70.0,3.0,0.2,17.75
ocsort,gmot,2,det_thresh0.7_max_age70_min_hits3_iou_threshold0.3,0.2,0.5,13.072,12.951,17.14,8.75,2.125,37.75,80.8,12.69,,605.5,0.7,70.0,3.0,0.3,17.16
ocsort,gmot,2,det_thresh0.7_max_age70_min_hits3_iou_threshold0.4,0.2,0.5,12.93,12.928,16.89,9.125,2.125,37.625,78.7,13.01,,629.1,0.7,70.0,3.0,0.4,17.94
ocsort,gmot,2,det_thresh0.7_max_age70_min_hits3_iou_threshold0.5,0.2,0.5,12.843,12.855,16.795,9.75,2.125,37.625,79.1,12.91,,748.0,0.7,70.0,3.0,0.5,18.13
ocsort,gmot,2,det_thresh0.7_max_age70_min_hits3_iou_threshold0.6,0.2,0.5,12.365,12.654,15.885,12.75,2.125,37.75,74.6,13.93,,569.5,0.7,70.0,3.0,0.6,19.47
ocsort,gmot,2,det_thresh0.7_max_age70_min_hits3_iou_threshold0.7,0.2,0.5,11.519,11.793,14.445,15.875,2.0,38.5,76.6,13.6,,701.2,0.7,70.0,3.0,0.7,18.46
ocsort,gmot,2,det_thresh0.7_max_age100_min_hits1_iou_threshold0.2,0.2,0.5,14.091,14.418,18.448,15.625,2.5,36.0,73.7,13.66,,716.3,0.7,100.0,1.0,0.2,18.39
ocsort,gmot,2,det_thresh0.7_max_age100_min_hits1_iou_threshold0.3,0.2,0.5,14.04,14.305,18.293,16.0,2.5,36.0,73.4,13.71,,625.6,0.7,100.0,1.0,0.3,18.58
ocsort,gmot,2,det_thresh0.7_max_age100_min_hits1_iou_threshold0.4,0.2,0.5,13.884,14.275,18.046,16.5,2.5,36.125,74.3,13.58,,702.6,0.7,100.0,1.0,0.4,18.39
ocsort,gmot,2,det_thresh0.7_max_age100_min_hits1_iou_threshold0.5,0.2,0.5,13.745,14.245,17.878,16.5,2.5,36.125,73.7,13.93,,689.8,0.7,100.0,1.0,0.5,18.83
ocsort,gmot,2,det_thresh0.7_max_age100_min_hits1_iou_threshold0.6,0.2,0.5,13.12,14.023,16.712,20.125,2.5,36.625,74.4,13.85,,659.5,0.7,100.0,1.0,0.6,18.86
ocsort,gmot,2,det_thresh0.7_max_age100_min_hits1_iou_threshold0.7,0.2,0.5,12.18,13.034,15.165,24.625,2.375,37.125,71.9,14.47,,665.1,0.7,100.0,1.0,0.7,20.1
ocsort,gmot,2,det_thresh0.7_max_age100_min_hits3_iou_threshold0.2,0.2,0.5,13.091,12.976,17.14,8.875,2.125,37.625,76.7,13.5,,726.5,0.7,100.0,3.0,0.2,18.44
ocsort,gmot,2,det_thresh0.7_max_age100_min_hits3_iou_threshold0.3,0.2,0.5,13.055,12.944,17.1,8.75,2.125,37.625,79.3,13.07,,626.1,0.7,100.0,3.0,0.3,18.52
ocsort,gmot,2,det_thresh0.7_max_age100_min_hits3_iou_threshold0.4,0.2,0.5,12.929,12.926,16.89,9.125,2.125,37.625,74.5,13.68,,699.1,0.7,100.0,3.0,0.4,18.94
ocsort,gmot,2,det_thresh0.7_max_age100_min_hits3_iou_threshold0.5,0.2,0.5,12.849,12.875,16.803,9.75,2.125,37.625,75.2,13.7,,615.2,0.7,100.0,3.0,0.5,18.59
ocsort,gmot,2,det_thresh0.7_max_age100_min_hits3_iou_threshold0.6,0.2,0.5,12.365,12.654,15.885,12.75,2.125,37.75,75.5,13.53,,705.3,0.7,100.0,3.0,0.6,18.74
ocsort,gmot,2,det_thresh0.7_max_age100_min_hits3_iou_threshold0.7,0.2,0.5,11.519,11.793,14.445,15.875,2.0,38.5,71.8,14.27,,671.6,0.7,100.0,3.0,0.7,19.5
