0,315,595.29,125.23,36.38,106.61,0.9045,-1,-1,-1
0,316,31.12,169.19,38.22,101.72,0.8746,-1,-1,-1
0,317,625.40,138.99,37.96,106.20,0.8638,-1,-1,-1
0,318,57.94,140.44,41.49,109.43,0.8611,-1,-1,-1
1,315,596.89,124.82,36.02,105.51,0.8989,-1,-1,-1
1,316,33.92,169.95,38.15,101.43,0.8765,-1,-1,-1
1,317,626.40,138.95,37.57,104.99,0.8666,-1,-1,-1
1,318,60.36,139.86,41.46,109.34,0.8944,-1,-1,-1
2,315,598.30,124.75,35.59,104.14,0.8834,-1,-1,-1
2,316,37.45,169.94,38.09,101.07,0.8772,-1,-1,-1
2,317,627.74,140.53,36.82,102.48,0.8482,-1,-1,-1
2,318,64.61,139.88,41.06,108.02,0.8486,-1,-1,-1
3,315,599.94,124.62,35.34,103.09,0.8530,-1,-1,-1
3,316,42.09,168.90,38.63,101.78,0.8789,-1,-1,-1
3,317,628.63,141.29,36.27,100.31,0.8675,-1,-1,-1
3,318,69.60,139.69,41.32,107.87,0.8510,-1,-1,-1
4,315,601.12,125.84,35.01,101.57,0.8463,-1,-1,-1
4,316,46.43,169.05,38.81,101.14,0.8864,-1,-1,-1
4,317,629.54,140.66,36.67,100.34,0.8815,-1,-1,-1
4,318,74.96,139.76,41.36,106.26,0.8414,-1,-1,-1
5,315,602.44,128.34,34.59,99.34,0.8503,-1,-1,-1
5,316,49.59,169.27,38.94,100.27,0.8806,-1,-1,-1
5,317,630.43,140.29,37.01,99.81,0.8628,-1,-1,-1
5,318,79.34,139.51,42.45,106.57,0.7647,-1,-1,-1
6,315,603.57,129.18,34.93,99.03,0.8298,-1,-1,-1
6,316,51.95,169.71,39.13,99.63,0.8597,-1,-1,-1
6,317,631.57,139.29,37.43,99.15,0.8679,-1,-1,-1
6,318,83.35,139.27,43.06,105.44,0.6739,-1,-1,-1
7,315,604.43,131.13,34.94,97.32,0.8242,-1,-1,-1
7,316,53.98,169.69,39.59,100.00,0.8847,-1,-1,-1
7,317,632.82,140.63,37.59,97.50,0.8841,-1,-1,-1
7,318,87.04,139.06,43.47,103.85,0.7658,-1,-1,-1
8,315,605.72,131.87,35.12,95.79,0.8445,-1,-1,-1
8,316,55.44,169.63,39.64,99.83,0.8781,-1,-1,-1
8,317,634.04,142.82,37.97,96.01,0.8836,-1,-1,-1
8,318,89.34,138.69,43.99,102.87,0.8154,-1,-1,-1
9,315,607.91,133.75,34.35,91.44,0.7660,-1,-1,-1
9,316,56.94,169.61,39.63,99.79,0.8729,-1,-1,-1
9,317,634.96,135.81,40.86,101.48,0.8741,-1,-1,-1
9,318,91.12,137.55,44.81,103.22,0.7280,-1,-1,-1
10,315,610.52,134.23,33.43,87.11,0.7606,-1,-1,-1
10,316,58.82,168.63,39.83,100.76,0.8772,-1,-1,-1
10,317,636.48,132.11,41.91,102.22,0.8328,-1,-1,-1
10,318,93.03,137.09,45.41,103.62,0.6285,-1,-1,-1
11,315,613.69,134.84,32.70,83.33,0.8006,-1,-1,-1
11,316,61.18,167.78,39.92,101.21,0.8747,-1,-1,-1
11,317,638.72,129.67,42.56,102.59,0.8284,-1,-1,-1
11,318,94.95,135.97,46.14,104.65,0.6934,-1,-1,-1
12,315,616.37,135.11,32.27,80.77,0.8411,-1,-1,-1
12,316,63.90,167.30,40.00,101.53,0.8619,-1,-1,-1
12,317,642.08,128.25,42.95,102.55,0.8461,-1,-1,-1
12,318,96.00,134.50,46.92,106.55,0.6409,-1,-1,-1
13,315,618.67,134.80,32.08,79.82,0.8367,-1,-1,-1
13,316,66.84,166.66,40.21,102.27,0.8584,-1,-1,-1
13,317,645.63,127.41,42.68,101.85,0.8509,-1,-1,-1
13,318,96.63,133.26,46.94,107.44,0.7467,-1,-1,-1
14,315,620.41,132.82,32.77,81.47,0.7992,-1,-1,-1
14,316,70.04,166.42,40.47,102.54,0.8556,-1,-1,-1
14,317,648.68,126.07,42.52,102.14,0.8704,-1,-1,-1
14,318,97.55,132.27,46.64,107.90,0.8108,-1,-1,-1
15,315,622.43,132.53,33.22,82.55,0.7788,-1,-1,-1
15,316,73.55,166.52,40.67,102.14,0.9005,-1,-1,-1
15,317,651.34,124.81,42.46,103.42,0.8505,-1,-1,-1
15,318,98.29,131.53,46.65,109.54,0.8629,-1,-1,-1
16,315,624.05,132.83,33.20,82.33,0.7287,-1,-1,-1
16,316,77.42,166.44,40.85,101.38,0.9115,-1,-1,-1
16,317,653.84,124.43,42.07,103.90,0.8444,-1,-1,-1
16,318,98.84,131.02,46.16,110.81,0.8726,-1,-1,-1
17,315,624.99,132.84,33.16,82.16,0.6667,-1,-1,-1
17,316,80.90,166.35,41.26,100.96,0.9008,-1,-1,-1
17,317,655.33,123.20,41.87,104.63,0.8331,-1,-1,-1
17,318,101.39,130.54,46.24,113.01,0.8827,-1,-1,-1
18,315,625.66,131.84,33.35,82.77,0.6022,-1,-1,-1
18,316,84.08,166.33,41.87,101.00,0.8857,-1,-1,-1
18,317,656.84,122.80,41.76,104.80,0.8663,-1,-1,-1
18,318,104.55,130.88,46.22,114.50,0.8917,-1,-1,-1
19,315,626.29,129.82,34.16,84.71,0.4647,-1,-1,-1
19,316,86.48,166.34,41.95,100.39,0.8655,-1,-1,-1
19,317,658.12,122.58,41.46,104.35,0.8365,-1,-1,-1
19,318,108.86,131.37,45.36,112.86,0.8992,-1,-1,-1
20,315,627.01,131.38,33.69,83.39,0.4163,-1,-1,-1
20,316,88.54,165.39,41.98,100.21,0.8689,-1,-1,-1
20,317,659.27,122.02,41.48,104.49,0.8494,-1,-1,-1
20,318,113.57,131.87,45.56,112.50,0.9009,-1,-1,-1
21,315,627.62,130.93,33.69,83.22,0.3880,-1,-1,-1
21,316,89.85,164.66,41.69,100.33,0.8768,-1,-1,-1
21,317,660.64,121.18,41.46,104.68,0.8434,-1,-1,-1
21,318,118.72,132.29,46.07,111.56,0.8938,-1,-1,-1
22,315,629.93,132.93,32.55,79.74,0.2639,-1,-1,-1
22,316,91.76,164.33,41.11,100.03,0.8911,-1,-1,-1
22,317,662.11,120.12,41.27,104.58,0.8297,-1,-1,-1
22,318,123.23,132.83,46.24,109.22,0.9118,-1,-1,-1
23,315,631.76,131.76,32.04,78.81,0.2834,-1,-1,-1
23,316,93.70,163.65,40.51,100.09,0.8851,-1,-1,-1
23,317,663.93,119.52,40.72,103.83,0.8265,-1,-1,-1
23,318,127.05,133.67,46.69,107.39,0.9110,-1,-1,-1
24,315,633.85,129.41,31.24,76.96,0.2899,-1,-1,-1
24,316,96.23,162.82,40.40,101.18,0.8565,-1,-1,-1
24,317,666.39,119.04,40.07,102.90,0.8184,-1,-1,-1
24,318,129.52,134.12,47.38,106.46,0.9081,-1,-1,-1
25,315,635.98,130.48,30.04,74.02,0.3072,-1,-1,-1
25,316,99.51,162.36,40.80,103.01,0.8399,-1,-1,-1
25,317,668.56,117.33,39.56,102.30,0.8247,-1,-1,-1
25,318,131.22,133.96,48.55,107.18,0.9010,-1,-1,-1
26,315,637.63,128.56,29.73,73.43,0.3421,-1,-1,-1
26,316,102.26,161.74,40.86,103.98,0.8643,-1,-1,-1
26,317,670.50,116.17,38.61,100.54,0.8101,-1,-1,-1
26,318,132.80,133.81,49.36,107.86,0.8898,-1,-1,-1
27,315,639.09,128.18,29.30,72.30,0.2688,-1,-1,-1
27,316,106.15,161.36,40.73,103.79,0.8588,-1,-1,-1
27,317,671.64,115.51,37.37,97.94,0.8574,-1,-1,-1
27,318,134.24,134.01,49.77,108.26,0.8947,-1,-1,-1
28,315,640.40,124.07,30.14,74.43,0.3028,-1,-1,-1
28,316,110.27,161.42,40.88,103.68,0.8789,-1,-1,-1
28,317,672.76,115.13,36.61,95.99,0.8716,-1,-1,-1
28,318,135.33,133.78,49.94,108.60,0.8751,-1,-1,-1
29,315,641.88,116.40,32.82,80.62,0.1850,-1,-1,-1
29,316,114.79,161.64,41.04,102.44,0.8916,-1,-1,-1
29,317,673.84,115.10,36.16,94.49,0.8755,-1,-1,-1
29,318,136.58,133.23,49.77,108.90,0.8568,-1,-1,-1
30,315,641.22,109.42,35.17,86.79,0.1994,-1,-1,-1
30,316,118.57,161.96,41.44,101.91,0.9015,-1,-1,-1
30,317,674.70,114.82,36.02,93.43,0.8801,-1,-1,-1
30,318,138.01,132.69,49.44,109.40,0.8652,-1,-1,-1
31,315,641.23,101.54,38.19,94.48,0.5384,-1,-1,-1
31,316,121.34,162.40,41.51,100.97,0.8932,-1,-1,-1
31,317,675.48,114.38,35.99,92.60,0.8657,-1,-1,-1
31,318,139.69,132.37,48.85,109.75,0.8465,-1,-1,-1
32,315,642.04,99.18,39.05,96.33,0.6457,-1,-1,-1
32,316,123.20,162.26,41.55,100.78,0.8778,-1,-1,-1
32,317,675.92,114.10,36.65,93.18,0.8496,-1,-1,-1
32,318,141.24,131.97,47.96,109.80,0.8169,-1,-1,-1
33,315,642.57,97.92,39.82,97.90,0.6950,-1,-1,-1
33,316,124.71,162.11,41.43,100.76,0.8684,-1,-1,-1
33,317,676.81,114.30,36.85,92.46,0.8183,-1,-1,-1
33,318,143.76,131.19,47.46,110.97,0.8590,-1,-1,-1
34,315,643.52,97.43,40.29,98.28,0.6335,-1,-1,-1
34,316,127.03,162.30,41.13,100.83,0.8613,-1,-1,-1
34,317,677.97,114.64,36.92,91.14,0.7648,-1,-1,-1
34,318,147.57,130.85,46.33,110.04,0.8885,-1,-1,-1
35,315,644.63,96.98,40.65,97.91,0.7624,-1,-1,-1
35,316,129.14,161.17,41.16,101.88,0.8747,-1,-1,-1
35,317,678.91,114.10,37.73,91.51,0.7331,-1,-1,-1
35,318,151.93,131.14,45.46,108.74,0.8523,-1,-1,-1
36,315,645.69,96.53,40.54,96.91,0.7662,-1,-1,-1
36,316,131.18,160.27,40.75,102.03,0.8223,-1,-1,-1
36,317,680.76,112.88,38.41,91.44,0.6694,-1,-1,-1
36,318,156.58,131.20,45.17,107.53,0.8454,-1,-1,-1
37,315,647.54,96.16,40.20,95.31,0.7705,-1,-1,-1
37,316,135.76,159.21,41.35,102.75,0.8167,-1,-1,-1
37,317,682.15,111.75,39.10,91.39,0.7419,-1,-1,-1
37,318,161.72,131.28,44.88,104.78,0.8140,-1,-1,-1
38,315,649.85,96.65,39.06,92.23,0.7497,-1,-1,-1
38,316,137.48,158.23,41.51,103.79,0.8246,-1,-1,-1
38,317,684.12,112.86,38.57,88.57,0.7641,-1,-1,-1
38,318,166.69,131.35,45.18,102.99,0.8520,-1,-1,-1
39,315,652.34,96.92,37.94,89.80,0.8152,-1,-1,-1
39,316,140.41,158.04,41.41,103.85,0.8421,-1,-1,-1
39,317,686.51,112.65,38.44,87.30,0.7301,-1,-1,-1
39,318,170.06,131.28,45.63,101.78,0.7939,-1,-1,-1
40,315,654.31,96.46,37.37,89.10,0.7942,-1,-1,-1
40,316,143.94,157.43,41.51,104.02,0.8498,-1,-1,-1
40,317,689.45,112.42,38.01,86.12,0.5606,-1,-1,-1
40,318,172.58,130.91,46.68,102.20,0.8468,-1,-1,-1
41,315,656.46,95.44,37.17,89.62,0.6139,-1,-1,-1
41,316,148.37,157.11,42.04,104.07,0.8532,-1,-1,-1
41,317,693.11,112.73,37.36,85.20,0.6670,-1,-1,-1
41,318,174.67,130.63,47.24,102.44,0.8583,-1,-1,-1
42,315,658.53,96.60,36.05,88.51,0.5198,-1,-1,-1
42,316,152.44,157.56,42.19,103.08,0.8633,-1,-1,-1
42,317,695.52,111.52,37.13,85.67,0.6558,-1,-1,-1
42,318,176.49,129.74,47.81,103.60,0.8683,-1,-1,-1
43,315,661.01,101.60,33.68,83.36,0.5892,-1,-1,-1
43,316,155.65,157.92,42.51,102.47,0.8888,-1,-1,-1
43,317,697.40,111.74,36.68,85.67,0.7328,-1,-1,-1
43,318,178.22,128.83,48.00,104.50,0.7989,-1,-1,-1
44,315,663.00,103.41,33.12,82.20,0.4761,-1,-1,-1
44,316,158.70,158.08,42.83,102.17,0.8697,-1,-1,-1
44,317,698.86,112.33,36.00,84.87,0.5394,-1,-1,-1
44,318,180.09,127.74,47.84,105.31,0.7594,-1,-1,-1
45,315,664.06,106.21,32.05,79.64,0.4357,-1,-1,-1
45,316,160.59,158.15,42.57,101.42,0.8710,-1,-1,-1
45,317,700.40,112.30,35.20,83.63,0.5503,-1,-1,-1
45,318,181.43,126.39,47.60,106.64,0.7441,-1,-1,-1
46,315,665.01,107.60,31.63,78.37,0.3897,-1,-1,-1
46,316,162.45,158.00,42.05,100.87,0.8411,-1,-1,-1
46,317,701.67,111.76,34.66,83.01,0.4965,-1,-1,-1
46,318,182.69,125.59,46.96,107.47,0.7220,-1,-1,-1
47,315,665.77,107.34,31.91,78.80,0.3040,-1,-1,-1
47,316,164.15,156.57,41.68,101.42,0.8373,-1,-1,-1
47,317,702.34,111.48,34.03,81.77,0.3267,-1,-1,-1
47,318,184.07,124.62,46.21,108.62,0.6580,-1,-1,-1
48,315,667.36,109.14,30.54,75.10,0.2173,-1,-1,-1
48,316,168.15,155.49,40.94,101.41,0.7732,-1,-1,-1
48,317,704.01,111.02,32.24,77.32,0.3105,-1,-1,-1
48,318,187.80,124.20,45.58,109.74,0.8465,-1,-1,-1
49,315,669.61,108.47,29.73,73.70,0.1372,-1,-1,-1
49,316,171.47,154.53,40.93,103.14,0.7891,-1,-1,-1
49,317,705.27,110.17,31.43,75.42,0.2268,-1,-1,-1
49,318,191.15,123.89,46.17,113.54,0.8426,-1,-1,-1
50,315,672.11,107.16,28.40,71.20,0.1370,-1,-1,-1
50,316,174.47,154.35,40.84,104.70,0.8101,-1,-1,-1
50,317,705.91,110.60,32.31,78.27,0.1140,-1,-1,-1
50,318,195.22,123.95,46.15,115.02,0.8669,-1,-1,-1
51,315,674.00,106.73,27.55,69.74,0.3253,-1,-1,-1
51,316,178.39,154.22,40.12,104.07,0.8642,-1,-1,-1
51,317,707.97,109.59,30.79,74.50,0.1989,-1,-1,-1
51,318,199.30,123.93,45.68,114.64,0.8918,-1,-1,-1
52,315,675.31,103.55,27.34,69.86,0.1316,-1,-1,-1
52,316,182.77,153.75,39.96,103.92,0.8379,-1,-1,-1
52,318,204.40,124.73,45.45,113.39,0.8755,-1,-1,-1
53,315,678.16,106.47,24.26,61.35,0.2654,-1,-1,-1
53,316,187.11,154.18,39.78,103.02,0.8717,-1,-1,-1
53,318,209.40,125.01,45.70,111.98,0.8491,-1,-1,-1
54,315,679.75,107.97,23.27,58.40,0.2028,-1,-1,-1
54,316,192.12,154.39,40.37,102.78,0.8487,-1,-1,-1
54,318,213.78,125.21,45.99,110.19,0.8137,-1,-1,-1
55,315,680.66,107.89,23.46,58.31,0.1379,-1,-1,-1
55,316,194.68,154.77,40.51,102.00,0.8531,-1,-1,-1
55,318,217.13,126.03,46.23,108.32,0.8329,-1,-1,-1
56,315,681.28,106.95,24.31,59.67,0.1279,-1,-1,-1
56,316,196.01,154.69,40.57,101.75,0.8517,-1,-1,-1
56,318,219.46,126.46,46.49,107.46,0.8232,-1,-1,-1
56,317,711.03,108.54,29.36,70.23,0.5341,-1,-1,-1
57,315,682.15,106.96,23.94,57.90,0.2893,-1,-1,-1
57,316,197.46,154.57,40.31,101.98,0.8661,-1,-1,-1
57,318,221.40,126.60,47.12,107.92,0.8457,-1,-1,-1
57,317,710.83,105.37,30.36,72.23,0.5138,-1,-1,-1
58,315,682.90,107.35,23.59,56.01,0.4695,-1,-1,-1
58,316,199.37,154.45,39.83,102.13,0.8384,-1,-1,-1
58,318,223.05,126.37,47.29,108.04,0.8314,-1,-1,-1
58,317,711.04,103.36,30.76,72.71,0.5891,-1,-1,-1
59,315,680.95,91.80,29.64,71.16,0.2064,-1,-1,-1
59,316,201.96,154.94,38.89,101.29,0.7993,-1,-1,-1
59,318,225.04,126.46,47.02,107.96,0.8250,-1,-1,-1
59,317,711.07,100.58,31.68,74.40,0.5861,-1,-1,-1
60,315,682.13,92.13,29.23,70.03,0.1862,-1,-1,-1
60,316,204.31,153.49,38.81,102.79,0.8177,-1,-1,-1
60,318,226.53,126.42,46.51,107.94,0.7933,-1,-1,-1
60,317,711.33,97.98,32.50,75.77,0.6044,-1,-1,-1
61,316,207.25,152.71,38.64,103.74,0.8201,-1,-1,-1
61,318,227.94,125.92,45.92,108.33,0.7379,-1,-1,-1
61,317,711.91,96.13,33.37,77.58,0.5897,-1,-1,-1
62,316,210.10,152.10,38.42,104.59,0.8577,-1,-1,-1
62,318,229.10,125.27,45.31,109.16,0.7557,-1,-1,-1
62,317,711.73,90.00,35.41,82.41,0.6779,-1,-1,-1
63,316,213.88,151.42,38.15,104.64,0.7717,-1,-1,-1
63,318,230.28,124.46,44.58,110.47,0.7412,-1,-1,-1
63,317,712.44,86.29,36.69,85.48,0.5895,-1,-1,-1
64,316,217.25,151.00,37.96,104.59,0.8231,-1,-1,-1
64,318,233.09,123.83,43.67,110.75,0.7306,-1,-1,-1
64,317,712.86,84.34,37.76,88.40,0.7225,-1,-1,-1
65,316,222.09,151.56,38.04,103.71,0.8534,-1,-1,-1
65,318,236.66,123.55,42.22,109.07,0.7341,-1,-1,-1
65,317,714.11,82.96,37.82,89.08,0.7292,-1,-1,-1
66,316,226.37,151.77,38.59,103.38,0.8380,-1,-1,-1
66,318,240.21,123.78,40.87,107.12,0.6609,-1,-1,-1
66,317,716.00,81.78,37.60,89.14,0.7245,-1,-1,-1
67,316,229.47,151.39,39.60,103.66,0.8600,-1,-1,-1
67,318,244.70,123.35,40.66,106.65,0.6402,-1,-1,-1
67,317,717.68,80.77,37.43,89.50,0.6371,-1,-1,-1
68,316,231.10,151.45,40.26,103.67,0.8456,-1,-1,-1
68,318,250.40,123.48,41.16,105.56,0.6230,-1,-1,-1
68,317,719.01,79.82,37.35,90.29,0.5432,-1,-1,-1
69,316,233.16,151.44,40.54,103.19,0.7195,-1,-1,-1
69,318,254.78,123.38,42.11,105.05,0.2114,-1,-1,-1
69,317,720.24,79.30,37.04,90.67,0.5530,-1,-1,-1
69,315,693.42,71.49,37.29,89.42,0.5938,-1,-1,-1
70,316,235.50,151.06,40.53,103.07,0.6729,-1,-1,-1
70,318,257.76,123.39,43.21,105.11,0.2506,-1,-1,-1
70,317,721.66,79.15,36.52,90.45,0.4743,-1,-1,-1
70,315,694.02,70.44,37.81,90.75,0.6470,-1,-1,-1
71,316,237.43,150.38,40.17,102.84,0.6885,-1,-1,-1
71,318,260.18,123.22,44.24,105.47,0.5579,-1,-1,-1
71,317,722.69,79.03,35.84,89.78,0.3826,-1,-1,-1
71,315,694.05,69.94,38.07,91.48,0.6894,-1,-1,-1
72,316,241.67,149.12,39.34,103.04,0.2992,-1,-1,-1
72,318,256.29,122.56,51.01,120.24,0.2125,-1,-1,-1
72,317,723.74,78.43,35.38,89.53,0.4340,-1,-1,-1
72,315,694.23,69.44,38.15,92.00,0.6372,-1,-1,-1
73,316,245.86,148.58,38.65,102.75,0.2869,-1,-1,-1
73,318,254.03,122.84,54.14,126.43,0.1492,-1,-1,-1
73,317,724.59,77.62,35.10,89.82,0.4302,-1,-1,-1
73,315,694.65,68.91,37.92,92.03,0.5164,-1,-1,-1
74,316,249.30,148.17,38.78,104.42,0.6144,-1,-1,-1
74,318,262.52,121.43,48.66,115.09,0.4264,-1,-1,-1
74,317,725.49,77.12,34.53,89.17,0.3831,-1,-1,-1
74,315,695.50,68.19,37.70,92.04,0.4709,-1,-1,-1
75,316,252.35,147.72,38.54,104.95,0.7313,-1,-1,-1
75,318,266.53,120.19,45.97,110.77,0.7335,-1,-1,-1
75,317,726.16,76.26,34.25,89.48,0.3613,-1,-1,-1
75,315,696.80,67.11,37.03,91.27,0.5026,-1,-1,-1
76,316,257.47,148.59,38.67,104.63,0.7939,-1,-1,-1
76,318,269.16,119.05,44.51,110.17,0.4873,-1,-1,-1
76,317,726.89,75.22,33.94,89.65,0.5209,-1,-1,-1
76,315,697.86,66.11,36.70,91.32,0.4677,-1,-1,-1
76,319,2.36,107.79,12.05,95.56,0.6581,-1,-1,-1
77,316,260.99,148.78,39.04,104.32,0.8744,-1,-1,-1
77,318,271.54,118.20,43.22,109.81,0.2627,-1,-1,-1
77,317,728.23,73.72,32.92,87.84,0.4725,-1,-1,-1
77,315,699.02,64.97,36.16,90.71,0.3403,-1,-1,-1
77,319,4.96,111.72,11.93,92.78,0.6806,-1,-1,-1
78,316,263.85,148.95,39.71,104.01,0.8944,-1,-1,-1
78,317,728.91,72.49,32.30,86.79,0.5608,-1,-1,-1
78,315,700.30,64.03,35.24,89.16,0.2623,-1,-1,-1
78,319,6.15,102.51,13.52,102.38,0.6119,-1,-1,-1
79,316,266.23,149.33,40.26,103.00,0.8736,-1,-1,-1
79,317,729.35,71.30,31.95,86.24,0.5548,-1,-1,-1
79,315,701.26,62.99,34.72,88.15,0.1361,-1,-1,-1
79,319,7.44,102.26,14.15,102.71,0.5774,-1,-1,-1
80,316,268.41,149.54,40.98,102.87,0.8684,-1,-1,-1
80,317,729.76,70.48,31.62,85.58,0.5354,-1,-1,-1
80,315,702.15,62.42,34.22,87.32,0.1219,-1,-1,-1
80,319,8.55,107.49,14.16,96.64,0.6281,-1,-1,-1
81,316,270.28,149.48,41.71,102.95,0.8304,-1,-1,-1
81,317,729.95,69.70,31.42,85.27,0.5543,-1,-1,-1
81,319,8.61,107.95,14.97,95.92,0.6713,-1,-1,-1
82,316,272.64,148.92,42.13,103.24,0.7299,-1,-1,-1
82,317,730.54,68.97,31.08,84.52,0.5927,-1,-1,-1
82,319,7.59,97.90,17.34,105.95,0.7589,-1,-1,-1
83,316,274.26,148.62,41.52,103.13,0.5623,-1,-1,-1
83,317,730.78,68.55,30.87,83.84,0.6111,-1,-1,-1
83,319,7.27,100.23,17.94,103.69,0.8564,-1,-1,-1
84,316,276.23,148.49,40.63,103.17,0.6042,-1,-1,-1
84,317,731.41,69.26,30.14,81.61,0.5497,-1,-1,-1
84,319,6.78,101.50,18.54,101.60,0.8879,-1,-1,-1
85,316,279.22,148.31,39.32,102.42,0.5410,-1,-1,-1
85,317,732.36,69.31,29.58,79.88,0.5384,-1,-1,-1
85,319,6.14,101.28,19.44,101.51,0.8960,-1,-1,-1
86,316,282.91,147.84,38.61,102.72,0.5615,-1,-1,-1
86,317,733.84,69.10,29.25,78.77,0.6055,-1,-1,-1
86,319,5.43,101.32,20.48,102.59,0.8851,-1,-1,-1
87,316,286.36,147.47,38.07,103.39,0.5162,-1,-1,-1
87,317,735.88,68.79,28.45,76.67,0.5597,-1,-1,-1
87,319,5.04,101.73,21.50,103.53,0.9022,-1,-1,-1
88,316,290.24,147.38,37.83,103.94,0.6914,-1,-1,-1
88,317,738.05,68.20,27.09,72.97,0.4660,-1,-1,-1
88,319,5.58,102.14,22.57,103.52,0.8979,-1,-1,-1
89,316,294.38,147.88,37.71,103.51,0.7954,-1,-1,-1
89,317,739.84,67.24,26.14,70.21,0.4407,-1,-1,-1
89,319,7.74,102.70,24.25,103.57,0.8896,-1,-1,-1
90,316,297.33,148.09,37.84,103.37,0.7926,-1,-1,-1
90,317,740.95,66.22,26.16,69.93,0.4521,-1,-1,-1
90,319,10.10,103.26,25.95,102.37,0.8730,-1,-1,-1
91,316,300.46,148.12,38.49,103.52,0.8193,-1,-1,-1
91,317,741.99,65.79,25.97,69.04,0.4606,-1,-1,-1
91,319,13.19,103.90,27.66,101.48,0.8887,-1,-1,-1
91,320,2.84,129.56,16.29,94.68,0.5707,-1,-1,-1
92,316,302.63,148.14,39.32,103.49,0.8720,-1,-1,-1
92,317,742.36,64.86,26.46,70.17,0.4694,-1,-1,-1
92,319,15.00,104.16,29.14,100.58,0.8956,-1,-1,-1
92,320,5.39,122.81,17.61,101.07,0.5696,-1,-1,-1
93,316,304.04,148.12,40.03,103.20,0.8293,-1,-1,-1
93,317,742.93,64.14,26.39,69.86,0.3789,-1,-1,-1
93,319,16.67,104.15,31.19,101.92,0.9196,-1,-1,-1
93,320,7.36,120.10,18.27,102.51,0.4259,-1,-1,-1
94,316,306.16,147.62,40.47,102.94,0.8215,-1,-1,-1
94,317,743.06,63.50,26.24,69.51,0.2653,-1,-1,-1
94,319,17.99,104.39,32.63,102.10,0.9071,-1,-1,-1
94,320,7.59,123.02,18.35,99.78,0.4882,-1,-1,-1
95,316,309.45,145.71,41.41,104.65,0.7914,-1,-1,-1
95,317,743.30,63.76,25.87,68.58,0.2449,-1,-1,-1
95,319,18.83,104.51,33.82,102.28,0.9157,-1,-1,-1
95,320,7.87,125.86,18.88,98.73,0.6594,-1,-1,-1
96,316,317.58,146.32,41.08,103.03,0.7428,-1,-1,-1
96,319,20.90,103.90,34.79,103.38,0.9115,-1,-1,-1
96,320,7.87,124.83,19.80,99.15,0.8019,-1,-1,-1
97,319,22.45,103.20,35.35,104.06,0.9171,-1,-1,-1
97,320,7.41,124.15,20.81,99.90,0.8123,-1,-1,-1
97,318,320.89,118.38,49.29,129.60,0.8221,-1,-1,-1
98,319,24.32,102.71,35.70,104.52,0.9146,-1,-1,-1
98,320,7.36,124.82,21.58,98.92,0.8496,-1,-1,-1
98,318,324.25,118.46,48.35,130.21,0.5818,-1,-1,-1
99,319,26.75,102.14,36.10,104.79,0.9093,-1,-1,-1
99,320,6.74,125.04,22.51,98.95,0.8701,-1,-1,-1
99,316,330.07,145.10,42.02,104.99,0.5525,-1,-1,-1
100,319,29.42,102.04,36.71,105.10,0.8949,-1,-1,-1
100,320,6.37,124.94,23.75,100.20,0.8959,-1,-1,-1
100,316,335.54,143.09,43.65,106.09,0.4885,-1,-1,-1
101,319,33.26,102.10,37.46,104.93,0.9031,-1,-1,-1
101,320,6.71,125.49,24.97,101.01,0.8981,-1,-1,-1
101,316,333.25,144.61,42.24,104.41,0.1926,-1,-1,-1
101,318,335.67,120.41,49.85,129.49,0.6012,-1,-1,-1
102,319,38.27,102.18,38.71,104.61,0.9035,-1,-1,-1
102,320,9.47,125.53,26.39,101.68,0.9188,-1,-1,-1
102,316,335.32,145.42,42.74,104.40,0.7040,-1,-1,-1
102,318,338.18,119.72,51.67,130.38,0.2390,-1,-1,-1
103,319,42.09,102.63,39.75,103.46,0.9278,-1,-1,-1
103,320,13.55,125.59,28.09,102.01,0.8747,-1,-1,-1
103,316,339.33,145.89,44.09,104.18,0.6476,-1,-1,-1
104,319,44.96,103.08,40.69,102.49,0.9165,-1,-1,-1
104,320,16.95,125.87,29.72,101.57,0.8952,-1,-1,-1
104,316,341.45,146.20,45.25,103.57,0.7501,-1,-1,-1
105,319,47.27,103.07,41.87,102.63,0.9154,-1,-1,-1
105,320,20.39,125.99,31.57,101.47,0.8783,-1,-1,-1
105,316,343.11,146.34,46.14,103.17,0.8580,-1,-1,-1
105,317,743.67,54.90,27.55,72.84,0.5323,-1,-1,-1
106,319,49.16,103.37,42.34,101.96,0.9123,-1,-1,-1
106,320,22.94,126.45,32.99,100.75,0.8880,-1,-1,-1
106,316,344.38,146.31,46.63,103.01,0.8409,-1,-1,-1
106,317,743.64,54.12,28.03,73.79,0.5758,-1,-1,-1
107,319,50.56,103.32,42.32,100.96,0.9019,-1,-1,-1
107,320,24.64,126.66,34.32,100.56,0.8901,-1,-1,-1
107,316,346.30,145.13,47.26,104.28,0.8156,-1,-1,-1
107,317,743.67,53.28,28.42,74.46,0.5512,-1,-1,-1
108,319,51.98,103.07,42.50,101.11,0.9076,-1,-1,-1
108,320,26.49,127.00,35.34,100.38,0.8954,-1,-1,-1
108,316,349.34,144.94,46.85,104.32,0.8415,-1,-1,-1
108,317,743.72,52.30,28.68,74.95,0.7305,-1,-1,-1
108,322,1.34,156.17,30.47,110.06,0.7974,-1,-1,-1
109,319,53.01,102.85,42.45,101.32,0.9134,-1,-1,-1
109,320,27.59,127.42,36.08,100.29,0.9169,-1,-1,-1
109,316,353.41,144.90,46.17,104.42,0.8157,-1,-1,-1
109,317,743.93,52.15,28.32,73.84,0.7487,-1,-1,-1
109,322,1.74,155.93,30.76,110.87,0.8582,-1,-1,-1
110,319,54.15,102.49,42.27,101.92,0.9110,-1,-1,-1
110,320,28.66,126.75,36.71,100.85,0.9023,-1,-1,-1
110,316,357.36,144.54,45.12,104.45,0.8361,-1,-1,-1
110,317,744.06,52.25,27.94,72.75,0.7187,-1,-1,-1
110,322,2.04,156.53,30.68,110.13,0.8659,-1,-1,-1
111,319,55.22,102.47,42.17,103.01,0.8941,-1,-1,-1
111,320,29.42,125.74,37.26,102.30,0.8824,-1,-1,-1
111,316,360.54,144.17,44.23,105.16,0.8472,-1,-1,-1
111,317,743.94,52.21,27.69,72.11,0.7078,-1,-1,-1
111,322,2.15,157.09,30.72,109.72,0.8721,-1,-1,-1
112,319,57.19,102.61,41.85,103.65,0.9025,-1,-1,-1
112,320,31.10,124.89,37.29,102.64,0.9001,-1,-1,-1
112,316,363.82,144.24,43.00,105.13,0.8848,-1,-1,-1
112,317,744.14,52.15,27.55,71.78,0.7592,-1,-1,-1
112,322,2.46,160.90,29.86,105.80,0.8680,-1,-1,-1
113,319,60.11,102.55,41.62,103.90,0.9142,-1,-1,-1
113,320,33.50,124.19,37.52,103.34,0.8927,-1,-1,-1
113,316,366.68,144.19,42.35,105.43,0.8579,-1,-1,-1
113,317,744.43,51.87,27.69,72.00,0.7543,-1,-1,-1
113,322,1.94,159.25,30.39,107.05,0.8764,-1,-1,-1
114,319,64.63,102.89,41.85,103.92,0.8899,-1,-1,-1
114,320,36.18,123.89,37.64,103.64,0.9013,-1,-1,-1
114,316,369.56,143.71,42.25,105.80,0.8527,-1,-1,-1
114,317,744.52,51.32,27.98,72.91,0.7482,-1,-1,-1
114,322,1.83,157.57,31.11,108.82,0.9222,-1,-1,-1
115,319,69.35,103.36,42.51,103.96,0.8973,-1,-1,-1
115,320,39.31,123.81,37.73,103.44,0.8989,-1,-1,-1
115,316,371.86,143.83,42.33,105.82,0.8497,-1,-1,-1
115,317,744.71,50.43,28.18,73.73,0.7373,-1,-1,-1
115,322,3.13,157.02,31.81,109.50,0.9158,-1,-1,-1
116,319,73.00,103.79,42.87,103.21,0.9174,-1,-1,-1
116,320,42.92,124.00,37.98,102.99,0.8954,-1,-1,-1
116,316,374.45,144.98,42.44,104.57,0.8693,-1,-1,-1
116,317,744.77,49.62,28.29,74.25,0.7732,-1,-1,-1
116,322,5.78,156.34,33.06,110.24,0.9183,-1,-1,-1
117,319,76.28,103.98,43.81,103.78,0.9099,-1,-1,-1
117,320,47.92,124.02,39.00,103.02,0.8778,-1,-1,-1
117,316,376.78,144.56,43.14,104.62,0.8372,-1,-1,-1
117,317,745.02,48.54,28.44,74.85,0.7973,-1,-1,-1
117,322,9.04,156.97,34.58,109.69,0.9347,-1,-1,-1
118,319,79.13,104.17,44.62,104.37,0.9210,-1,-1,-1
118,320,52.43,124.78,40.13,102.71,0.8646,-1,-1,-1
118,316,382.53,144.95,44.22,103.93,0.7405,-1,-1,-1
118,317,745.61,47.49,28.38,74.97,0.7781,-1,-1,-1
118,322,11.98,157.73,36.48,108.92,0.9209,-1,-1,-1
119,319,81.18,104.16,44.93,104.42,0.9219,-1,-1,-1
119,320,55.97,125.24,41.26,102.74,0.8817,-1,-1,-1
119,316,387.67,145.20,45.34,103.53,0.6951,-1,-1,-1
119,317,746.08,45.96,28.48,75.68,0.7745,-1,-1,-1
119,322,15.19,158.92,38.05,107.54,0.9180,-1,-1,-1
120,319,83.95,104.13,44.55,104.15,0.8888,-1,-1,-1
120,320,59.38,125.68,41.93,102.20,0.9178,-1,-1,-1
120,316,395.29,144.47,45.61,103.83,0.5239,-1,-1,-1
120,317,746.38,44.44,28.38,75.92,0.7817,-1,-1,-1
120,322,19.89,159.72,39.90,107.61,0.9218,-1,-1,-1
121,319,85.93,103.25,44.23,104.65,0.8884,-1,-1,-1
121,320,61.51,125.34,42.46,102.22,0.8587,-1,-1,-1
121,316,399.28,144.38,45.30,103.85,0.4430,-1,-1,-1
121,317,746.45,44.02,28.21,75.75,0.8026,-1,-1,-1
121,322,22.56,160.29,41.34,107.47,0.9173,-1,-1,-1
122,319,87.66,102.37,43.86,105.50,0.8964,-1,-1,-1
122,320,63.34,124.89,42.65,102.49,0.8545,-1,-1,-1
122,316,397.18,144.63,45.42,103.75,0.5332,-1,-1,-1
122,317,746.41,43.58,28.18,75.66,0.8220,-1,-1,-1
122,322,24.48,160.61,42.55,107.43,0.9139,-1,-1,-1
123,319,89.88,101.83,43.60,106.57,0.9180,-1,-1,-1
123,320,65.16,124.38,42.62,102.91,0.8971,-1,-1,-1
123,316,398.97,144.74,45.16,104.08,0.7178,-1,-1,-1
123,317,746.20,43.16,28.20,75.56,0.8288,-1,-1,-1
123,322,25.82,160.40,43.52,107.94,0.9034,-1,-1,-1
124,319,93.11,101.24,43.22,107.02,0.9132,-1,-1,-1
124,320,66.97,124.05,42.15,103.16,0.8973,-1,-1,-1
124,316,401.03,144.63,44.80,104.17,0.8338,-1,-1,-1
124,317,746.09,42.68,28.10,75.55,0.7909,-1,-1,-1
124,322,26.74,160.11,44.21,108.52,0.9045,-1,-1,-1
125,319,97.36,100.97,43.06,107.12,0.9068,-1,-1,-1
125,320,68.93,124.16,41.60,103.29,0.9035,-1,-1,-1
125,316,404.95,145.24,45.24,105.08,0.8445,-1,-1,-1
125,317,746.18,42.36,27.69,74.60,0.8391,-1,-1,-1
125,322,27.48,159.27,44.77,109.54,0.8927,-1,-1,-1
126,319,102.88,101.14,43.44,106.79,0.9031,-1,-1,-1
126,320,71.28,123.95,41.28,104.18,0.9028,-1,-1,-1
126,316,408.47,143.66,46.59,107.29,0.8273,-1,-1,-1
126,317,746.09,41.87,27.91,75.62,0.8357,-1,-1,-1
126,322,28.42,158.80,45.47,111.54,0.9104,-1,-1,-1
127,319,107.72,101.25,44.25,106.90,0.9127,-1,-1,-1
127,320,74.27,124.20,41.05,105.06,0.8977,-1,-1,-1
127,316,411.09,144.67,46.55,106.08,0.8758,-1,-1,-1
127,317,745.68,41.01,28.14,76.73,0.8196,-1,-1,-1
127,322,29.88,158.62,45.94,113.52,0.9081,-1,-1,-1
127,323,719.21,37.26,24.07,54.84,0.6677,-1,-1,-1
128,319,111.45,101.00,45.11,107.06,0.9047,-1,-1,-1
128,320,78.84,124.60,41.22,105.73,0.8954,-1,-1,-1
128,316,412.70,144.80,46.50,105.73,0.8591,-1,-1,-1
128,317,745.41,40.30,28.14,77.23,0.8285,-1,-1,-1
128,322,32.43,158.90,46.36,115.08,0.9188,-1,-1,-1
128,323,718.94,36.57,24.13,55.01,0.6966,-1,-1,-1
129,319,114.24,101.45,45.63,107.03,0.9125,-1,-1,-1
129,320,84.45,124.71,41.77,105.78,0.8622,-1,-1,-1
129,316,415.26,144.81,46.50,105.85,0.8842,-1,-1,-1
129,317,745.53,39.83,27.70,76.13,0.8420,-1,-1,-1
129,322,36.59,159.52,46.86,116.03,0.9115,-1,-1,-1
129,323,718.57,35.42,24.20,55.24,0.7201,-1,-1,-1
130,319,116.81,101.64,45.99,107.08,0.9181,-1,-1,-1
130,320,89.34,125.09,42.08,104.44,0.8660,-1,-1,-1
130,316,419.07,145.14,46.18,105.33,0.8846,-1,-1,-1
130,317,745.70,39.55,27.19,74.78,0.8396,-1,-1,-1
130,322,41.36,160.36,48.01,116.99,0.9262,-1,-1,-1
130,323,718.20,34.47,24.17,55.30,0.6818,-1,-1,-1
131,319,118.99,101.49,45.86,106.64,0.9203,-1,-1,-1
131,320,93.12,125.83,42.45,103.05,0.8822,-1,-1,-1
131,316,424.59,144.88,46.06,105.74,0.8167,-1,-1,-1
131,317,745.75,38.64,26.76,73.77,0.7914,-1,-1,-1
131,322,45.75,161.69,48.57,115.74,0.9060,-1,-1,-1
131,323,717.82,33.45,24.35,55.93,0.6678,-1,-1,-1
132,319,121.00,101.67,45.53,106.42,0.9119,-1,-1,-1
132,320,96.22,126.54,43.51,103.47,0.9001,-1,-1,-1
132,316,429.73,144.30,46.28,106.53,0.8415,-1,-1,-1
132,317,745.54,37.72,26.60,73.44,0.7898,-1,-1,-1
132,322,49.40,162.84,49.28,114.90,0.9098,-1,-1,-1
132,323,717.84,32.56,24.35,56.09,0.6407,-1,-1,-1
133,319,122.50,101.51,45.00,106.37,0.8848,-1,-1,-1
133,320,97.99,127.08,43.85,103.01,0.8934,-1,-1,-1
133,316,432.89,143.75,46.51,106.58,0.8127,-1,-1,-1
133,317,745.33,36.74,26.55,73.40,0.7496,-1,-1,-1
133,322,52.64,164.05,50.24,114.78,0.9124,-1,-1,-1
133,323,717.59,31.93,24.46,56.57,0.6536,-1,-1,-1
134,319,124.03,101.18,44.57,107.28,0.8744,-1,-1,-1
134,320,100.65,127.57,44.09,102.33,0.8800,-1,-1,-1
134,316,434.00,143.53,47.10,106.90,0.8277,-1,-1,-1
134,317,745.10,35.78,26.56,73.60,0.7389,-1,-1,-1
134,322,55.12,164.94,51.01,114.47,0.9242,-1,-1,-1
134,323,717.29,31.64,24.35,56.49,0.6479,-1,-1,-1
135,319,125.26,100.40,44.13,108.70,0.8946,-1,-1,-1
135,320,102.72,127.28,44.03,102.62,0.8816,-1,-1,-1
135,316,435.82,143.48,47.67,107.15,0.7681,-1,-1,-1
135,317,744.98,35.36,26.46,73.46,0.7301,-1,-1,-1
135,322,57.06,165.42,51.40,114.23,0.9277,-1,-1,-1
135,323,717.03,31.29,24.49,56.95,0.6983,-1,-1,-1
136,319,127.98,100.32,43.14,108.69,0.9006,-1,-1,-1
136,320,104.36,126.75,43.79,103.33,0.8701,-1,-1,-1
136,316,439.79,142.92,47.49,107.40,0.7629,-1,-1,-1
136,317,744.84,35.07,26.20,73.09,0.7449,-1,-1,-1
136,322,58.86,165.79,51.44,113.91,0.9217,-1,-1,-1
136,323,716.85,31.15,24.43,56.93,0.6720,-1,-1,-1
137,319,131.88,101.82,42.05,107.43,0.9024,-1,-1,-1
137,320,106.40,125.78,43.59,104.59,0.8896,-1,-1,-1
137,316,443.27,142.75,47.16,107.27,0.8265,-1,-1,-1
137,317,744.79,35.42,25.79,72.14,0.7467,-1,-1,-1
137,322,60.41,165.62,51.36,114.03,0.9188,-1,-1,-1
137,323,716.75,31.10,24.27,56.70,0.6665,-1,-1,-1
138,319,136.90,101.98,42.36,108.34,0.8788,-1,-1,-1
138,320,109.25,124.81,43.11,105.21,0.8922,-1,-1,-1
138,316,445.68,142.99,46.72,106.37,0.8513,-1,-1,-1
138,317,744.49,35.11,25.61,71.89,0.7346,-1,-1,-1
138,322,61.97,165.24,51.01,114.28,0.8990,-1,-1,-1
138,323,716.67,30.83,24.01,56.15,0.7116,-1,-1,-1
139,319,142.61,101.97,43.19,108.85,0.9014,-1,-1,-1
139,320,112.50,124.48,42.57,105.56,0.9081,-1,-1,-1
139,316,447.04,142.86,46.90,106.49,0.8414,-1,-1,-1
139,317,744.53,35.02,25.13,70.53,0.7566,-1,-1,-1
139,322,63.53,164.46,50.52,114.76,0.8900,-1,-1,-1
139,323,716.48,30.29,24.13,56.55,0.7319,-1,-1,-1
140,319,147.11,101.90,44.02,109.06,0.8924,-1,-1,-1
140,320,115.84,123.70,42.11,106.19,0.8983,-1,-1,-1
140,316,448.38,142.82,47.12,106.39,0.8624,-1,-1,-1
140,317,744.06,34.44,25.33,71.16,0.7373,-1,-1,-1
140,322,66.07,164.07,50.04,115.33,0.9039,-1,-1,-1
140,323,716.34,29.57,24.32,57.13,0.7381,-1,-1,-1
141,319,150.86,102.51,44.68,109.03,0.8473,-1,-1,-1
141,320,119.48,123.98,41.50,105.70,0.8889,-1,-1,-1
141,316,450.15,143.08,46.75,105.47,0.7663,-1,-1,-1
141,317,743.67,33.36,25.85,72.69,0.7452,-1,-1,-1
141,322,70.52,164.00,49.82,115.64,0.9188,-1,-1,-1
141,323,716.03,28.87,24.59,58.00,0.7534,-1,-1,-1
142,319,154.72,102.68,45.03,108.10,0.8681,-1,-1,-1
142,320,125.58,124.71,41.83,105.23,0.8264,-1,-1,-1
142,316,453.30,143.25,45.99,104.69,0.7572,-1,-1,-1
142,317,743.33,32.47,25.94,73.12,0.8047,-1,-1,-1
142,322,75.89,164.69,50.05,115.44,0.9235,-1,-1,-1
142,323,715.59,28.04,24.90,59.00,0.7350,-1,-1,-1
143,319,156.94,102.67,45.10,107.39,0.8925,-1,-1,-1
143,320,132.25,124.92,42.90,104.95,0.9025,-1,-1,-1
143,316,458.03,143.93,44.12,102.54,0.8192,-1,-1,-1
143,317,743.22,31.92,25.59,72.04,0.8252,-1,-1,-1
143,322,81.98,165.39,50.95,115.46,0.9299,-1,-1,-1
143,323,715.12,26.88,25.23,60.09,0.7724,-1,-1,-1
144,319,159.91,102.09,44.92,107.89,0.9016,-1,-1,-1
144,320,137.06,125.98,44.15,104.35,0.8998,-1,-1,-1
144,316,466.36,143.77,42.45,102.06,0.8397,-1,-1,-1
144,317,742.49,30.64,25.31,71.01,0.8355,-1,-1,-1
144,322,89.47,166.84,51.68,115.11,0.9138,-1,-1,-1
144,323,714.39,25.63,25.71,61.48,0.8325,-1,-1,-1
145,319,161.89,101.67,44.42,108.25,0.8997,-1,-1,-1
145,320,138.64,125.96,45.50,104.56,0.8913,-1,-1,-1
145,316,471.59,143.37,41.33,102.26,0.8159,-1,-1,-1
145,317,741.80,29.73,25.42,70.86,0.8364,-1,-1,-1
145,322,93.31,167.58,52.25,115.10,0.9152,-1,-1,-1
145,323,713.71,24.89,25.98,62.30,0.8451,-1,-1,-1
146,319,163.77,100.97,43.80,108.98,0.8874,-1,-1,-1
146,320,140.60,125.21,46.31,104.87,0.8743,-1,-1,-1
146,316,475.70,142.38,40.79,103.20,0.8282,-1,-1,-1
146,317,740.88,29.79,25.43,70.23,0.8540,-1,-1,-1
146,322,96.37,167.78,52.71,115.04,0.9191,-1,-1,-1
146,323,713.03,24.47,25.96,62.45,0.8528,-1,-1,-1
147,319,166.82,99.88,43.58,110.68,0.8907,-1,-1,-1
147,320,142.88,124.56,46.43,105.24,0.8375,-1,-1,-1
147,316,479.18,142.64,40.08,102.45,0.8588,-1,-1,-1
147,317,739.86,28.84,25.70,70.45,0.8700,-1,-1,-1
147,322,98.71,167.69,53.24,115.05,0.9263,-1,-1,-1
147,323,712.38,24.16,25.98,62.48,0.8631,-1,-1,-1
148,319,170.21,98.96,43.05,111.42,0.9027,-1,-1,-1
148,320,145.74,123.98,45.80,104.87,0.8725,-1,-1,-1
148,316,482.87,142.46,40.98,103.57,0.8420,-1,-1,-1
148,317,738.58,28.58,26.01,70.14,0.8606,-1,-1,-1
148,322,100.91,167.46,53.29,115.29,0.9052,-1,-1,-1
148,323,711.66,23.94,26.02,62.65,0.8732,-1,-1,-1
149,319,174.82,99.14,41.99,109.86,0.8972,-1,-1,-1
149,320,148.76,123.75,45.11,104.86,0.8838,-1,-1,-1
149,316,485.31,143.04,41.40,102.76,0.8737,-1,-1,-1
149,317,737.32,28.50,26.12,69.29,0.8453,-1,-1,-1
149,322,103.42,167.18,52.98,115.64,0.8974,-1,-1,-1
149,323,711.21,23.89,25.84,62.16,0.8869,-1,-1,-1
150,319,180.05,98.91,41.96,109.55,0.9043,-1,-1,-1
150,320,151.20,123.63,44.38,105.45,0.9051,-1,-1,-1
150,316,487.06,143.34,41.95,101.58,0.9012,-1,-1,-1
150,317,736.09,27.71,26.58,69.64,0.8322,-1,-1,-1
150,322,105.49,166.78,52.44,116.32,0.8775,-1,-1,-1
150,323,710.84,23.87,25.72,61.83,0.8879,-1,-1,-1
151,319,186.40,98.68,42.74,109.25,0.9028,-1,-1,-1
151,320,154.11,123.53,43.67,105.97,0.8889,-1,-1,-1
151,316,488.36,143.54,42.87,101.06,0.8781,-1,-1,-1
151,317,735.15,27.33,27.01,69.93,0.8268,-1,-1,-1
151,322,107.00,166.13,52.03,117.86,0.8746,-1,-1,-1
151,323,710.75,23.84,25.53,61.59,0.8894,-1,-1,-1
152,319,191.50,99.06,43.53,108.31,0.8951,-1,-1,-1
152,320,157.23,122.98,43.63,108.09,0.8809,-1,-1,-1
152,316,489.29,143.33,43.89,101.18,0.8266,-1,-1,-1
152,317,734.45,26.97,27.23,69.82,0.8237,-1,-1,-1
152,322,109.81,165.65,51.81,120.15,0.9024,-1,-1,-1
152,323,710.44,23.28,25.53,62.00,0.8741,-1,-1,-1
153,319,195.57,99.45,43.81,106.25,0.8946,-1,-1,-1
153,320,161.80,123.66,43.43,108.46,0.8865,-1,-1,-1
153,316,490.34,143.57,44.29,100.89,0.7642,-1,-1,-1
153,317,733.65,26.29,27.41,69.95,0.7868,-1,-1,-1
153,322,113.51,165.82,51.61,122.09,0.9047,-1,-1,-1
153,323,710.04,22.56,25.70,62.96,0.8574,-1,-1,-1
154,319,198.61,99.90,44.44,105.70,0.8932,-1,-1,-1
154,320,167.43,124.28,44.02,109.12,0.8918,-1,-1,-1
154,316,491.98,143.26,44.70,101.24,0.7080,-1,-1,-1
154,317,733.05,26.06,27.47,69.74,0.7878,-1,-1,-1
154,322,118.99,166.06,51.75,123.31,0.9087,-1,-1,-1
154,323,709.62,21.65,25.65,63.50,0.8733,-1,-1,-1
155,319,201.43,99.95,44.75,105.13,0.8974,-1,-1,-1
155,320,172.63,124.71,44.59,108.55,0.9012,-1,-1,-1
155,316,496.98,142.94,44.25,101.32,0.6406,-1,-1,-1
155,317,732.28,25.73,27.43,69.46,0.8004,-1,-1,-1
155,322,125.06,167.01,51.47,121.96,0.9107,-1,-1,-1
155,323,709.21,20.50,25.70,64.46,0.8775,-1,-1,-1
156,319,203.50,99.57,44.77,105.27,0.8834,-1,-1,-1
156,320,176.46,125.42,45.24,107.58,0.9001,-1,-1,-1
156,316,501.97,142.52,43.67,101.80,0.6759,-1,-1,-1
156,317,731.69,25.33,27.13,68.56,0.7859,-1,-1,-1
156,322,129.89,167.55,51.28,120.50,0.9103,-1,-1,-1
156,323,708.89,19.50,25.71,65.40,0.8368,-1,-1,-1
157,319,204.76,98.86,44.43,105.63,0.8941,-1,-1,-1
157,320,179.17,126.14,46.12,107.49,0.8947,-1,-1,-1
157,316,507.24,142.49,42.53,101.81,0.7661,-1,-1,-1
157,317,731.62,24.86,26.79,67.74,0.7544,-1,-1,-1
157,322,135.10,168.16,51.43,119.16,0.9085,-1,-1,-1
157,323,708.68,18.32,25.67,66.23,0.8266,-1,-1,-1
158,319,206.46,98.56,43.61,105.63,0.8777,-1,-1,-1
158,320,180.55,126.65,46.69,107.10,0.9010,-1,-1,-1
158,316,510.14,142.22,41.72,102.12,0.8161,-1,-1,-1
158,317,731.49,24.55,26.48,66.94,0.6690,-1,-1,-1
158,322,139.58,169.22,52.12,118.39,0.9157,-1,-1,-1
158,323,708.60,17.42,25.23,65.96,0.8390,-1,-1,-1
159,319,208.41,97.60,43.12,107.03,0.9028,-1,-1,-1
159,320,182.86,126.53,46.84,107.00,0.8924,-1,-1,-1
159,316,515.14,142.26,40.33,101.38,0.7432,-1,-1,-1
159,317,731.47,24.23,26.03,65.79,0.5872,-1,-1,-1
159,322,142.95,170.16,52.98,117.81,0.9293,-1,-1,-1
159,323,708.70,16.58,24.72,65.40,0.7749,-1,-1,-1
160,319,210.86,96.83,42.99,109.38,0.8877,-1,-1,-1
160,320,185.92,126.01,46.59,107.57,0.8651,-1,-1,-1
160,316,518.22,141.34,39.73,101.71,0.8717,-1,-1,-1
160,317,731.40,24.14,25.71,65.02,0.4638,-1,-1,-1
160,322,145.19,170.54,54.04,118.07,0.9362,-1,-1,-1
160,323,708.56,15.94,24.51,65.55,0.7732,-1,-1,-1
161,319,214.46,96.70,42.36,110.17,0.8998,-1,-1,-1
161,320,188.87,125.93,45.53,107.40,0.8499,-1,-1,-1
161,316,520.66,140.99,39.47,101.61,0.8524,-1,-1,-1
161,317,731.14,23.35,25.63,65.16,0.4178,-1,-1,-1
161,322,148.14,170.57,54.53,118.38,0.9213,-1,-1,-1
161,323,708.33,15.60,24.24,65.49,0.7860,-1,-1,-1
162,319,219.14,96.86,41.81,110.19,0.9177,-1,-1,-1
162,320,191.84,125.14,44.66,108.15,0.8973,-1,-1,-1
162,316,523.96,140.93,39.53,101.08,0.8559,-1,-1,-1
162,317,730.74,22.59,25.41,64.93,0.4354,-1,-1,-1
162,322,151.80,170.41,54.20,118.58,0.8978,-1,-1,-1
162,323,708.13,15.48,23.94,65.30,0.7813,-1,-1,-1
163,319,225.23,97.50,42.21,110.36,0.9023,-1,-1,-1
163,320,195.36,124.36,43.86,109.05,0.8808,-1,-1,-1
163,316,526.65,140.76,40.08,100.75,0.8889,-1,-1,-1
163,317,730.39,22.16,25.26,64.94,0.4797,-1,-1,-1
163,322,154.87,169.90,53.40,118.95,0.8892,-1,-1,-1
163,323,707.95,15.44,23.85,65.68,0.8047,-1,-1,-1
164,319,230.99,98.05,42.77,109.95,0.9065,-1,-1,-1
164,320,199.29,123.73,42.76,109.23,0.8667,-1,-1,-1
164,316,528.99,140.31,41.12,101.49,0.8753,-1,-1,-1
164,317,730.17,21.74,25.07,64.95,0.4592,-1,-1,-1
164,322,157.57,169.21,52.18,119.14,0.8843,-1,-1,-1
164,323,707.83,15.51,23.63,65.52,0.8170,-1,-1,-1
165,319,236.16,98.78,43.29,108.95,0.8905,-1,-1,-1
165,320,203.45,123.63,41.88,109.41,0.8980,-1,-1,-1
165,316,530.62,139.68,42.12,101.92,0.7871,-1,-1,-1
165,317,730.07,21.26,24.77,64.64,0.4350,-1,-1,-1
165,322,161.19,168.58,51.39,120.29,0.8894,-1,-1,-1
165,323,707.58,15.45,23.56,65.77,0.7977,-1,-1,-1
166,319,239.54,99.25,43.66,108.32,0.8896,-1,-1,-1
166,320,207.87,124.02,41.12,109.07,0.8828,-1,-1,-1
166,316,532.54,140.47,42.22,99.78,0.5079,-1,-1,-1
166,317,729.70,20.32,24.74,64.92,0.5442,-1,-1,-1
166,322,166.22,168.26,50.73,120.59,0.8795,-1,-1,-1
166,323,707.32,14.90,23.46,65.94,0.7688,-1,-1,-1
167,319,243.02,99.79,44.23,108.45,0.8959,-1,-1,-1
167,320,214.05,124.29,41.12,107.90,0.8197,-1,-1,-1
167,316,534.52,139.89,42.74,99.49,0.3939,-1,-1,-1
167,317,729.28,19.65,24.79,65.31,0.5861,-1,-1,-1
167,322,173.72,168.29,50.71,120.31,0.9018,-1,-1,-1
167,323,707.00,14.64,23.55,66.51,0.7964,-1,-1,-1
168,319,246.90,99.56,44.25,109.14,0.9001,-1,-1,-1
168,320,221.71,124.86,42.54,106.68,0.8592,-1,-1,-1
168,316,534.86,138.43,44.65,101.66,0.6661,-1,-1,-1
168,317,728.23,18.12,25.19,66.70,0.7015,-1,-1,-1
168,322,183.95,169.00,51.95,120.17,0.9095,-1,-1,-1
168,323,706.53,13.28,23.40,66.25,0.8487,-1,-1,-1
169,319,249.39,99.41,43.62,109.40,0.8840,-1,-1,-1
169,320,225.28,124.42,44.14,106.34,0.8806,-1,-1,-1
169,316,545.68,138.21,42.96,101.04,0.4857,-1,-1,-1
169,317,727.82,17.01,25.01,66.41,0.7526,-1,-1,-1
169,322,188.73,169.55,53.52,119.84,0.8993,-1,-1,-1
169,323,706.24,12.45,23.26,65.91,0.8489,-1,-1,-1
170,319,251.59,99.20,42.62,109.64,0.8487,-1,-1,-1
170,320,228.69,124.81,44.47,104.48,0.8448,-1,-1,-1
170,316,550.70,137.51,42.26,102.08,0.4492,-1,-1,-1
170,317,727.66,15.83,24.76,65.87,0.7740,-1,-1,-1
170,322,190.65,170.31,54.77,119.05,0.9050,-1,-1,-1
170,323,705.86,11.48,23.28,66.08,0.8437,-1,-1,-1
171,319,254.13,97.86,42.07,111.24,0.8513,-1,-1,-1
171,320,231.72,123.96,44.86,104.94,0.8032,-1,-1,-1
171,316,553.82,137.04,41.55,102.07,0.8186,-1,-1,-1
171,317,727.21,14.89,24.74,66.05,0.8238,-1,-1,-1
171,322,193.05,170.77,55.91,118.56,0.9098,-1,-1,-1
171,323,705.37,10.73,23.19,66.05,0.8561,-1,-1,-1
172,319,257.76,97.16,41.38,111.95,0.8688,-1,-1,-1
172,320,236.07,123.57,44.13,104.73,0.8271,-1,-1,-1
172,316,555.72,136.71,41.23,101.83,0.8607,-1,-1,-1
172,317,726.48,14.19,24.86,66.47,0.8236,-1,-1,-1
172,322,195.23,170.91,56.76,118.36,0.8952,-1,-1,-1
172,323,704.81,10.02,23.44,67.03,0.8536,-1,-1,-1
173,319,261.84,96.58,40.50,111.89,0.9199,-1,-1,-1
173,320,239.06,122.20,43.73,105.89,0.8585,-1,-1,-1
173,316,558.39,137.18,41.50,102.00,0.8832,-1,-1,-1
173,317,725.62,13.76,24.98,66.67,0.8069,-1,-1,-1
173,322,198.51,170.53,56.86,118.40,0.8893,-1,-1,-1
173,323,704.16,9.81,23.57,67.38,0.8511,-1,-1,-1
174,319,266.58,96.24,39.88,111.52,0.8906,-1,-1,-1
174,320,241.25,120.89,43.34,107.71,0.8688,-1,-1,-1
174,316,560.75,138.02,41.56,101.15,0.8499,-1,-1,-1
174,317,724.59,13.41,25.13,66.75,0.7774,-1,-1,-1
174,322,202.22,170.04,56.39,118.82,0.8695,-1,-1,-1
174,323,703.52,9.75,23.37,66.42,0.8565,-1,-1,-1
175,319,273.29,96.51,40.23,110.84,0.8921,-1,-1,-1
175,320,244.62,120.88,41.98,107.41,0.6811,-1,-1,-1
175,316,562.45,138.29,42.12,101.10,0.8349,-1,-1,-1
175,317,723.82,13.17,25.17,66.51,0.7317,-1,-1,-1
175,322,206.51,169.53,55.29,119.54,0.8416,-1,-1,-1
175,323,703.13,9.84,23.13,65.36,0.8432,-1,-1,-1
176,319,279.31,96.94,40.84,110.09,0.8567,-1,-1,-1
176,320,248.66,120.21,41.32,108.45,0.8530,-1,-1,-1
176,316,563.26,138.71,42.38,100.77,0.8281,-1,-1,-1
176,317,723.01,13.17,25.14,66.20,0.6940,-1,-1,-1
176,322,209.47,169.02,54.22,121.22,0.8366,-1,-1,-1
176,323,702.65,9.85,23.05,64.76,0.8418,-1,-1,-1
177,319,283.65,97.41,41.21,108.29,0.8704,-1,-1,-1
177,320,252.73,120.18,40.89,109.68,0.8831,-1,-1,-1
177,316,564.95,138.96,42.63,100.45,0.8480,-1,-1,-1
177,317,722.30,13.33,25.02,65.53,0.7084,-1,-1,-1
177,322,213.47,168.78,53.38,123.10,0.8625,-1,-1,-1
177,323,702.51,9.71,23.04,64.62,0.8452,-1,-1,-1
178,319,286.78,97.71,41.76,108.15,0.8817,-1,-1,-1
178,320,257.64,120.93,40.57,109.87,0.8654,-1,-1,-1
178,316,567.24,138.14,42.95,100.99,0.7782,-1,-1,-1
178,317,721.69,12.87,24.94,65.09,0.6787,-1,-1,-1
178,322,218.72,169.12,52.61,124.46,0.8879,-1,-1,-1
178,323,702.11,8.98,23.22,65.11,0.8254,-1,-1,-1
179,319,289.76,97.94,42.05,108.16,0.8464,-1,-1,-1
179,320,263.46,120.79,41.20,110.50,0.8815,-1,-1,-1
179,316,569.57,133.53,44.53,105.34,0.5002,-1,-1,-1
179,317,721.48,12.33,24.89,65.10,0.6968,-1,-1,-1
179,322,225.03,169.32,53.08,126.87,0.8787,-1,-1,-1
179,323,701.70,8.39,23.29,65.51,0.8364,-1,-1,-1
180,319,291.70,97.28,42.09,108.93,0.8795,-1,-1,-1
180,320,269.12,121.11,41.97,109.73,0.8790,-1,-1,-1
180,316,566.96,119.99,49.81,117.88,0.5094,-1,-1,-1
180,317,720.68,11.82,24.97,65.48,0.6914,-1,-1,-1
180,322,232.06,170.08,53.54,126.77,0.9120,-1,-1,-1
180,323,701.42,7.70,23.25,65.75,0.8353,-1,-1,-1
181,319,293.53,96.97,41.47,109.37,0.8612,-1,-1,-1
181,320,273.45,121.49,42.67,108.51,0.8796,-1,-1,-1
181,316,566.93,114.76,51.91,121.92,0.5401,-1,-1,-1
181,317,720.07,10.86,25.04,65.82,0.6903,-1,-1,-1
181,322,237.55,171.57,53.55,124.84,0.8896,-1,-1,-1
181,323,701.24,6.77,23.07,65.72,0.8415,-1,-1,-1
182,319,295.82,96.38,40.69,109.98,0.8489,-1,-1,-1
182,320,277.21,121.85,43.22,107.73,0.8652,-1,-1,-1
182,316,568.14,112.87,52.90,123.08,0.8318,-1,-1,-1
182,317,719.59,9.73,24.93,65.58,0.7155,-1,-1,-1
182,322,241.93,173.22,53.77,122.42,0.8844,-1,-1,-1
182,323,700.78,5.55,23.04,66.37,0.8550,-1,-1,-1
183,319,297.77,95.82,40.04,111.62,0.7016,-1,-1,-1
183,320,280.19,122.48,43.34,106.87,0.8366,-1,-1,-1
183,316,570.45,112.12,53.77,124.40,0.8629,-1,-1,-1
183,317,719.33,8.83,24.59,64.93,0.7604,-1,-1,-1
183,322,244.53,174.74,54.67,121.33,0.8977,-1,-1,-1
183,323,700.67,5.06,22.71,65.99,0.8721,-1,-1,-1
184,319,301.41,95.13,39.40,112.85,0.7629,-1,-1,-1
184,320,282.86,122.68,43.17,106.92,0.8562,-1,-1,-1
184,316,573.19,111.92,53.72,124.03,0.7594,-1,-1,-1
184,317,718.97,8.16,24.43,64.48,0.7929,-1,-1,-1
184,322,247.02,174.77,56.80,123.10,0.9151,-1,-1,-1
184,323,700.47,4.54,22.46,65.91,0.8599,-1,-1,-1
185,319,305.63,95.03,38.56,113.02,0.8048,-1,-1,-1
185,320,285.73,123.25,42.19,106.40,0.7746,-1,-1,-1
185,316,577.70,112.48,53.19,123.78,0.5173,-1,-1,-1
185,317,718.52,7.74,24.30,64.18,0.7890,-1,-1,-1
185,322,248.81,175.52,57.98,123.34,0.9164,-1,-1,-1
185,323,700.30,4.12,22.30,66.05,0.8501,-1,-1,-1
186,319,310.10,94.68,38.03,113.33,0.8576,-1,-1,-1
186,320,288.64,122.06,41.65,107.73,0.7667,-1,-1,-1
186,316,583.64,114.18,51.67,122.46,0.7890,-1,-1,-1
186,317,718.45,7.41,24.07,63.59,0.7831,-1,-1,-1
186,322,252.22,175.83,58.26,123.38,0.9037,-1,-1,-1
186,323,700.09,3.83,22.12,65.98,0.8557,-1,-1,-1
187,319,316.19,95.04,38.16,113.21,0.8668,-1,-1,-1
187,320,291.56,120.67,40.59,108.30,0.7494,-1,-1,-1
187,316,589.29,119.88,48.72,116.80,0.8660,-1,-1,-1
187,317,718.18,6.96,24.06,63.80,0.7958,-1,-1,-1
187,322,256.24,175.59,57.87,123.65,0.8855,-1,-1,-1
187,323,699.88,3.69,21.98,66.03,0.8334,-1,-1,-1
188,319,322.60,95.81,38.59,112.41,0.8452,-1,-1,-1
188,320,295.20,119.64,39.30,108.07,0.7197,-1,-1,-1
188,316,593.82,127.47,45.41,109.34,0.8613,-1,-1,-1
188,317,717.89,6.96,23.99,63.83,0.7971,-1,-1,-1
188,322,260.33,175.05,56.95,124.44,0.8736,-1,-1,-1
188,323,699.68,3.81,21.81,65.91,0.8262,-1,-1,-1
189,319,328.11,96.23,39.03,110.86,0.8637,-1,-1,-1
189,320,299.70,118.68,38.88,109.36,0.8208,-1,-1,-1
189,316,597.63,131.22,43.76,105.42,0.8224,-1,-1,-1
189,317,717.52,7.04,23.76,63.54,0.8000,-1,-1,-1
189,322,265.00,174.53,55.12,124.64,0.8228,-1,-1,-1
189,323,699.63,3.89,21.60,65.66,0.8320,-1,-1,-1
190,319,332.31,96.39,39.48,110.11,0.8659,-1,-1,-1
190,320,303.91,118.03,38.72,111.05,0.8515,-1,-1,-1
190,316,602.43,133.83,42.02,101.22,0.8101,-1,-1,-1
190,317,717.07,7.09,23.59,63.34,0.7850,-1,-1,-1
190,322,269.97,173.93,53.49,125.27,0.8390,-1,-1,-1
190,323,699.36,3.74,21.42,65.32,0.8325,-1,-1,-1
191,319,335.82,96.66,40.31,110.63,0.8670,-1,-1,-1
191,320,308.64,118.14,38.36,110.97,0.8017,-1,-1,-1
191,316,607.99,134.97,40.72,97.97,0.8184,-1,-1,-1
191,317,716.75,6.88,23.51,63.35,0.7687,-1,-1,-1
191,322,275.44,173.80,51.98,125.27,0.8718,-1,-1,-1
191,323,699.06,3.51,21.29,64.95,0.8344,-1,-1,-1
192,319,339.19,96.83,39.87,110.83,0.8221,-1,-1,-1
192,320,318.17,119.09,39.11,109.25,0.8357,-1,-1,-1
192,316,613.27,137.27,40.12,94.92,0.7307,-1,-1,-1
192,317,716.80,5.77,23.51,63.77,0.7267,-1,-1,-1
192,322,286.77,174.77,52.54,125.15,0.8734,-1,-1,-1
192,323,698.70,2.46,21.38,65.14,0.8451,-1,-1,-1
193,319,341.71,96.33,39.50,111.69,0.7915,-1,-1,-1
193,320,325.46,118.72,40.05,108.12,0.8074,-1,-1,-1
193,316,615.68,137.29,41.23,95.32,0.5945,-1,-1,-1
193,317,717.02,4.97,23.30,63.48,0.7657,-1,-1,-1
193,322,292.19,176.08,53.31,124.54,0.8802,-1,-1,-1
193,323,698.46,1.74,21.25,64.44,0.8412,-1,-1,-1
194,319,343.73,95.54,38.82,111.96,0.7501,-1,-1,-1
194,320,330.14,119.34,41.00,108.15,0.8209,-1,-1,-1
194,316,617.56,137.82,41.06,91.66,0.3631,-1,-1,-1
194,317,717.17,4.31,23.10,63.00,0.8175,-1,-1,-1
194,322,296.20,177.27,54.84,124.32,0.9110,-1,-1,-1
194,323,698.05,1.12,21.13,63.84,0.8416,-1,-1,-1
195,319,345.99,94.70,38.07,112.91,0.5139,-1,-1,-1
195,320,333.91,119.46,41.24,107.85,0.7919,-1,-1,-1
195,316,620.67,139.74,41.64,90.65,0.5788,-1,-1,-1
195,317,717.26,3.64,22.90,62.35,0.8292,-1,-1,-1
195,322,298.00,178.17,56.26,124.27,0.9209,-1,-1,-1
195,323,697.68,0.45,20.93,62.76,0.8446,-1,-1,-1
196,319,348.89,93.79,38.31,116.77,0.1885,-1,-1,-1
196,320,337.55,119.82,41.19,107.25,0.6151,-1,-1,-1
196,316,625.58,141.93,41.53,90.02,0.7179,-1,-1,-1
196,317,717.11,3.05,22.79,62.11,0.8510,-1,-1,-1
196,322,299.50,178.22,57.39,124.31,0.9064,-1,-1,-1
196,323,697.33,0.19,20.85,61.97,0.8500,-1,-1,-1
197,319,353.10,93.24,36.85,114.80,0.4137,-1,-1,-1
197,320,339.36,118.79,40.97,108.01,0.7675,-1,-1,-1
197,316,627.63,143.22,41.62,89.34,0.7781,-1,-1,-1
197,317,716.81,2.53,22.77,62.13,0.8474,-1,-1,-1
197,322,301.07,177.91,58.30,124.75,0.9068,-1,-1,-1
197,323,696.96,0.15,20.82,61.45,0.8394,-1,-1,-1
198,319,357.64,92.95,35.77,113.02,0.5578,-1,-1,-1
198,320,341.40,118.11,40.43,108.60,0.7739,-1,-1,-1
198,316,628.86,143.29,42.06,89.37,0.8304,-1,-1,-1
198,317,716.49,2.30,22.69,62.08,0.8363,-1,-1,-1
198,322,303.82,177.59,58.32,125.19,0.8684,-1,-1,-1
198,323,696.44,0.09,20.91,61.30,0.8432,-1,-1,-1
199,319,364.41,92.67,35.68,111.72,0.4975,-1,-1,-1
199,320,343.77,117.96,39.41,108.22,0.5206,-1,-1,-1
199,316,629.59,141.80,43.09,90.84,0.8486,-1,-1,-1
199,317,716.08,1.98,22.62,62.00,0.8218,-1,-1,-1
199,322,308.30,176.77,57.96,126.42,0.8778,-1,-1,-1
199,323,695.83,0.04,21.08,61.16,0.8421,-1,-1,-1
200,319,369.34,92.56,35.95,110.65,0.3703,-1,-1,-1
200,320,346.73,117.20,38.80,108.97,0.4339,-1,-1,-1
200,316,630.69,143.18,43.03,89.51,0.9006,-1,-1,-1
200,317,715.43,1.61,22.69,62.06,0.8134,-1,-1,-1
200,322,313.53,176.21,56.80,127.53,0.8119,-1,-1,-1
200,323,694.90,-0.10,21.33,60.97,0.8465,-1,-1,-1
201,319,374.46,93.25,36.08,108.46,0.5300,-1,-1,-1
201,320,351.16,117.23,37.38,106.77,0.2689,-1,-1,-1
201,316,631.68,140.98,44.22,91.81,0.8907,-1,-1,-1
201,317,714.59,1.29,22.78,61.93,0.8149,-1,-1,-1
201,322,319.75,175.57,55.73,130.00,0.6990,-1,-1,-1
201,323,694.09,-0.14,21.51,60.59,0.8608,-1,-1,-1
202,319,377.79,93.25,36.87,109.66,0.1490,-1,-1,-1
202,320,355.63,117.12,37.52,108.63,0.5009,-1,-1,-1
202,316,632.72,139.19,44.85,93.48,0.8579,-1,-1,-1
202,317,713.99,1.10,22.65,61.18,0.8137,-1,-1,-1
202,322,326.36,174.89,54.87,132.94,0.6827,-1,-1,-1
202,323,693.70,-0.14,21.52,59.99,0.8428,-1,-1,-1
203,319,381.77,93.38,36.85,108.36,0.3438,-1,-1,-1
203,320,360.75,117.37,37.92,110.43,0.4498,-1,-1,-1
203,316,634.65,137.63,45.41,94.98,0.8459,-1,-1,-1
203,317,713.14,0.84,22.78,60.99,0.8275,-1,-1,-1
203,322,332.58,174.79,53.85,133.87,0.8526,-1,-1,-1
203,323,693.15,-0.13,21.60,59.81,0.8646,-1,-1,-1
204,319,383.28,93.41,36.37,108.08,0.2456,-1,-1,-1
204,320,366.53,117.44,38.79,111.78,0.7588,-1,-1,-1
204,316,638.13,136.28,45.69,96.33,0.7657,-1,-1,-1
204,317,712.72,0.61,22.64,60.27,0.8349,-1,-1,-1
204,322,339.55,175.37,53.98,133.95,0.9029,-1,-1,-1
204,323,692.79,-0.12,21.59,59.53,0.8632,-1,-1,-1
205,319,385.72,92.59,36.27,109.18,0.2286,-1,-1,-1
205,320,372.47,117.55,39.68,112.23,0.7741,-1,-1,-1
205,316,642.65,134.85,45.76,97.76,0.7794,-1,-1,-1
205,317,712.23,0.32,22.67,60.25,0.8405,-1,-1,-1
205,322,345.19,175.69,54.63,132.71,0.8745,-1,-1,-1
205,323,692.48,-0.10,21.45,58.94,0.8519,-1,-1,-1
206,319,387.16,91.96,36.01,110.11,0.1333,-1,-1,-1
206,320,377.04,117.91,40.12,111.15,0.6981,-1,-1,-1
206,316,645.02,129.68,47.16,101.94,0.7687,-1,-1,-1
206,317,711.86,0.12,22.66,60.16,0.8315,-1,-1,-1
206,322,349.22,176.94,55.03,129.33,0.8855,-1,-1,-1
206,323,692.13,-0.09,21.37,58.92,0.8506,-1,-1,-1
207,320,380.22,118.15,40.44,110.78,0.7305,-1,-1,-1
207,316,646.88,127.67,47.65,103.37,0.7830,-1,-1,-1
207,317,711.59,0.04,22.64,60.16,0.8404,-1,-1,-1
207,322,351.72,177.75,56.09,127.14,0.9029,-1,-1,-1
207,323,691.89,-0.08,21.13,58.33,0.8590,-1,-1,-1
208,320,383.82,120.24,39.95,108.67,0.5403,-1,-1,-1
208,316,646.32,117.39,52.03,114.18,0.7946,-1,-1,-1
208,317,711.34,0.05,22.49,59.77,0.8635,-1,-1,-1
208,322,354.79,178.48,57.96,126.01,0.9125,-1,-1,-1
208,323,691.64,-0.07,20.86,57.53,0.8706,-1,-1,-1
209,320,386.91,119.56,40.27,109.45,0.3857,-1,-1,-1
209,316,647.86,117.99,51.89,114.07,0.7399,-1,-1,-1
209,317,711.13,0.08,22.17,58.93,0.8431,-1,-1,-1
209,322,356.87,178.86,59.53,125.13,0.9146,-1,-1,-1
209,323,691.44,-0.06,20.53,56.67,0.8714,-1,-1,-1
210,320,392.19,120.44,40.16,108.83,0.4906,-1,-1,-1
210,316,651.01,127.87,48.29,104.44,0.7221,-1,-1,-1
210,317,710.91,0.02,21.98,58.50,0.8330,-1,-1,-1
210,322,359.10,178.95,60.88,124.94,0.9176,-1,-1,-1
210,323,691.20,0.00,20.24,55.92,0.8544,-1,-1,-1
210,324,0.62,72.93,10.76,79.44,0.6998,-1,-1,-1
211,320,398.15,100.91,41.43,113.70,0.2852,-1,-1,-1
211,316,653.13,131.90,47.49,100.82,0.7736,-1,-1,-1
211,317,710.70,-0.07,21.68,57.65,0.8196,-1,-1,-1
211,322,361.86,177.86,61.66,125.55,0.8793,-1,-1,-1
211,323,690.82,0.28,20.00,55.20,0.8394,-1,-1,-1
211,324,1.93,71.31,11.14,81.55,0.7814,-1,-1,-1
212,320,403.99,93.96,41.85,113.06,0.7978,-1,-1,-1
212,316,654.68,132.91,47.79,99.77,0.6630,-1,-1,-1
212,317,710.48,-0.09,21.41,56.83,0.8243,-1,-1,-1
212,322,365.88,176.31,61.80,126.83,0.7972,-1,-1,-1
212,323,690.37,0.46,19.73,54.55,0.8465,-1,-1,-1
212,324,2.87,72.50,11.29,81.36,0.8279,-1,-1,-1
213,320,409.52,91.63,41.95,110.42,0.8325,-1,-1,-1
213,316,656.98,134.62,47.78,97.94,0.6838,-1,-1,-1
213,317,710.20,-0.09,21.29,56.41,0.8159,-1,-1,-1
213,322,371.30,175.59,60.80,127.64,0.7612,-1,-1,-1
213,323,690.10,0.55,19.49,53.94,0.8339,-1,-1,-1
213,324,3.50,71.46,11.81,83.16,0.8266,-1,-1,-1
214,320,413.88,91.35,42.80,108.87,0.7575,-1,-1,-1
214,316,658.27,133.51,49.16,99.32,0.6931,-1,-1,-1
214,317,710.02,-0.09,21.12,55.89,0.7843,-1,-1,-1
214,322,379.27,179.64,56.93,123.23,0.3633,-1,-1,-1
214,323,689.88,0.52,19.34,53.59,0.8214,-1,-1,-1
214,324,3.98,70.64,12.42,84.80,0.8292,-1,-1,-1
215,320,417.80,92.04,43.14,107.47,0.5988,-1,-1,-1
215,316,665.06,134.98,47.79,96.84,0.5947,-1,-1,-1
215,317,709.89,-0.08,21.04,55.74,0.7990,-1,-1,-1
215,322,385.36,176.13,56.87,126.71,0.7469,-1,-1,-1
215,323,689.68,0.45,19.23,53.23,0.8178,-1,-1,-1
215,324,3.93,69.51,13.09,86.68,0.8294,-1,-1,-1
216,320,422.78,91.91,43.13,107.63,0.4810,-1,-1,-1
216,316,673.52,134.85,47.43,96.42,0.3192,-1,-1,-1
216,317,709.29,-0.07,20.73,54.93,0.8103,-1,-1,-1
216,322,392.68,172.35,58.17,130.55,0.7661,-1,-1,-1
216,323,689.09,0.40,19.13,53.02,0.7746,-1,-1,-1
216,324,4.00,71.36,13.51,86.25,0.8472,-1,-1,-1
217,316,679.41,134.24,46.74,96.56,0.3614,-1,-1,-1
217,317,708.92,-0.06,20.51,54.37,0.8034,-1,-1,-1
217,322,397.54,171.25,58.79,131.75,0.8421,-1,-1,-1
217,323,688.76,0.35,19.06,52.80,0.7584,-1,-1,-1
217,324,3.85,72.25,13.98,86.03,0.8504,-1,-1,-1
218,316,682.34,133.68,46.82,98.03,0.2074,-1,-1,-1
218,317,708.47,-0.05,20.50,54.38,0.7897,-1,-1,-1
218,322,400.95,171.29,59.11,131.83,0.8814,-1,-1,-1
218,323,688.56,0.46,18.99,52.46,0.7278,-1,-1,-1
218,324,3.56,72.48,14.54,86.46,0.8327,-1,-1,-1
219,316,686.41,133.73,44.98,95.76,0.1446,-1,-1,-1
219,317,708.15,-0.05,20.54,54.33,0.7762,-1,-1,-1
219,322,404.28,170.67,59.83,132.46,0.8978,-1,-1,-1
219,323,688.37,0.24,19.06,52.38,0.7332,-1,-1,-1
219,324,3.36,73.52,14.95,85.88,0.8223,-1,-1,-1
220,316,690.03,133.92,44.56,96.35,0.7572,-1,-1,-1
220,317,707.84,-0.04,20.49,53.83,0.7991,-1,-1,-1
220,322,407.13,169.93,60.31,132.51,0.9005,-1,-1,-1
220,323,688.01,0.14,18.80,51.32,0.7430,-1,-1,-1
220,324,3.16,74.06,15.34,85.24,0.8588,-1,-1,-1
221,316,691.77,132.99,45.14,98.67,0.7960,-1,-1,-1
221,317,707.52,0.00,20.13,52.38,0.7638,-1,-1,-1
221,322,410.45,168.52,60.54,132.49,0.8982,-1,-1,-1
221,323,687.78,0.23,18.47,49.90,0.7302,-1,-1,-1
221,324,2.80,73.49,15.84,85.51,0.8657,-1,-1,-1
221,319,438.22,109.32,36.99,115.18,0.5940,-1,-1,-1
222,316,693.42,132.66,45.23,99.21,0.8286,-1,-1,-1
222,317,707.48,0.11,19.77,50.82,0.7391,-1,-1,-1
222,322,414.38,167.13,60.37,131.95,0.9103,-1,-1,-1
222,323,687.66,0.28,18.36,48.86,0.7481,-1,-1,-1
222,324,2.43,73.24,16.46,86.74,0.8651,-1,-1,-1
222,319,442.17,109.78,36.61,115.23,0.4225,-1,-1,-1
223,316,695.04,129.33,46.76,103.10,0.7993,-1,-1,-1
223,317,707.23,0.15,19.72,50.04,0.7678,-1,-1,-1
223,322,418.96,165.88,59.18,130.21,0.8954,-1,-1,-1
223,323,687.23,0.53,18.15,47.61,0.7596,-1,-1,-1
223,324,1.94,72.92,17.17,88.89,0.8687,-1,-1,-1
223,319,448.46,110.04,32.85,99.86,0.6798,-1,-1,-1
224,316,697.78,132.47,45.30,99.23,0.8301,-1,-1,-1
224,317,706.83,0.13,19.78,49.54,0.7459,-1,-1,-1
224,322,423.99,164.29,57.84,129.31,0.8929,-1,-1,-1
224,323,686.57,0.54,18.19,47.26,0.7705,-1,-1,-1
224,324,1.56,73.22,17.77,90.70,0.8647,-1,-1,-1
224,319,453.46,102.91,33.27,98.26,0.6454,-1,-1,-1
225,316,699.50,132.90,45.23,98.36,0.8210,-1,-1,-1
225,317,706.24,0.10,19.96,49.36,0.7898,-1,-1,-1
225,322,427.50,162.27,56.72,129.47,0.8977,-1,-1,-1
225,323,686.10,0.42,18.32,47.13,0.7912,-1,-1,-1
225,324,1.51,74.95,18.06,90.67,0.8708,-1,-1,-1
225,319,459.40,100.01,34.77,97.78,0.7062,-1,-1,-1
226,316,701.37,133.65,45.32,97.46,0.8141,-1,-1,-1
226,317,705.48,0.09,20.24,49.30,0.8024,-1,-1,-1
226,322,430.71,160.30,55.34,128.92,0.8906,-1,-1,-1
226,323,685.75,0.39,18.28,46.51,0.7618,-1,-1,-1
226,324,1.87,75.94,18.41,90.37,0.8915,-1,-1,-1
226,319,462.96,100.59,35.87,96.22,0.7591,-1,-1,-1
227,316,704.22,134.87,45.13,95.87,0.7925,-1,-1,-1
227,317,704.75,0.10,20.53,49.09,0.7787,-1,-1,-1
227,322,433.87,158.39,54.51,129.24,0.9036,-1,-1,-1
227,323,685.23,0.40,18.40,46.13,0.7497,-1,-1,-1
227,324,2.37,77.69,18.68,89.01,0.9030,-1,-1,-1
227,319,464.67,95.29,38.31,100.70,0.6213,-1,-1,-1
228,316,706.54,134.05,45.94,96.83,0.6707,-1,-1,-1
228,317,704.22,0.10,20.78,48.92,0.7631,-1,-1,-1
228,322,436.73,156.78,53.80,129.58,0.8994,-1,-1,-1
228,323,684.80,0.39,18.55,45.72,0.7373,-1,-1,-1
228,324,2.71,78.65,19.20,88.71,0.9002,-1,-1,-1
228,319,462.63,94.53,45.18,121.57,0.5534,-1,-1,-1
229,316,708.90,134.58,45.87,95.96,0.4926,-1,-1,-1
229,317,703.60,0.07,20.86,48.39,0.7750,-1,-1,-1
229,322,440.28,155.99,53.65,130.01,0.8987,-1,-1,-1
229,323,684.47,0.40,18.55,45.17,0.7309,-1,-1,-1
229,324,2.90,79.29,19.84,88.84,0.8994,-1,-1,-1
229,319,465.66,101.80,44.43,122.16,0.6020,-1,-1,-1
230,316,713.73,133.20,45.75,96.83,0.1899,-1,-1,-1
230,317,702.95,0.03,20.95,48.07,0.7505,-1,-1,-1
230,322,442.55,155.05,53.85,130.51,0.8987,-1,-1,-1
230,323,684.10,0.36,18.64,45.01,0.6890,-1,-1,-1
230,324,2.87,79.97,20.37,88.55,0.9041,-1,-1,-1
230,319,470.06,107.54,42.56,118.44,0.6282,-1,-1,-1
231,317,702.38,0.00,20.94,47.56,0.7282,-1,-1,-1
231,322,444.32,154.53,53.98,131.19,0.8906,-1,-1,-1
231,323,683.60,0.30,18.67,44.77,0.6259,-1,-1,-1
231,324,2.80,80.25,20.94,88.58,0.9030,-1,-1,-1
231,319,476.12,110.74,41.73,116.09,0.6653,-1,-1,-1
232,317,702.14,0.15,20.80,46.71,0.6628,-1,-1,-1
232,322,445.92,154.45,53.71,130.72,0.8975,-1,-1,-1
232,323,683.22,0.36,18.65,44.46,0.5421,-1,-1,-1
232,324,2.76,80.40,21.48,88.49,0.9085,-1,-1,-1
232,319,479.53,109.82,41.91,117.21,0.6248,-1,-1,-1
233,317,701.73,0.19,20.96,46.78,0.6851,-1,-1,-1
233,322,446.91,153.78,53.35,130.46,0.8795,-1,-1,-1
233,323,682.93,0.62,18.24,43.38,0.6407,-1,-1,-1
233,324,2.85,80.06,22.16,88.78,0.9043,-1,-1,-1
233,319,482.70,110.16,41.34,117.08,0.6790,-1,-1,-1
234,317,701.52,0.19,20.94,46.56,0.5251,-1,-1,-1
234,322,449.15,152.45,52.66,130.25,0.8884,-1,-1,-1
234,323,682.92,0.84,17.99,42.60,0.5433,-1,-1,-1
234,324,3.01,79.61,22.92,89.24,0.9095,-1,-1,-1
234,319,486.80,111.36,40.27,115.88,0.7161,-1,-1,-1
235,317,701.39,0.26,20.59,45.48,0.5901,-1,-1,-1
235,322,451.53,150.72,51.79,129.86,0.8954,-1,-1,-1
235,323,682.76,0.61,18.06,42.51,0.5707,-1,-1,-1
235,324,3.93,79.90,23.73,88.75,0.9049,-1,-1,-1
235,319,491.16,110.84,39.63,115.77,0.6779,-1,-1,-1
236,317,701.25,0.34,20.41,44.77,0.6088,-1,-1,-1
236,322,453.72,148.54,50.60,128.48,0.8887,-1,-1,-1
236,323,682.75,0.65,17.81,41.78,0.6404,-1,-1,-1
236,324,5.27,79.93,24.87,88.29,0.9307,-1,-1,-1
236,319,495.95,110.71,39.19,115.35,0.8269,-1,-1,-1
237,317,701.02,0.35,20.30,44.30,0.6190,-1,-1,-1
237,322,456.11,146.89,48.55,124.66,0.9110,-1,-1,-1
237,323,682.53,0.46,17.70,41.41,0.6584,-1,-1,-1
237,324,6.49,80.06,26.39,88.36,0.9275,-1,-1,-1
237,319,502.16,109.41,39.64,115.00,0.5693,-1,-1,-1
238,317,700.98,0.40,20.12,43.61,0.4160,-1,-1,-1
238,322,457.61,145.22,47.06,122.09,0.9270,-1,-1,-1
238,323,682.45,0.46,17.64,40.99,0.5244,-1,-1,-1
238,324,7.40,81.08,27.94,87.98,0.9247,-1,-1,-1
238,319,505.48,108.28,41.02,116.23,0.5151,-1,-1,-1
239,317,700.84,0.50,20.01,43.02,0.4009,-1,-1,-1
239,322,458.70,143.12,46.58,121.17,0.9256,-1,-1,-1
239,323,682.06,0.46,17.66,40.85,0.4942,-1,-1,-1
239,324,7.99,81.87,29.64,87.98,0.9341,-1,-1,-1
239,319,507.01,105.62,42.79,118.78,0.6336,-1,-1,-1
240,317,700.34,0.50,20.01,42.93,0.2726,-1,-1,-1
240,322,458.66,139.78,47.41,123.28,0.9189,-1,-1,-1
240,323,681.63,0.61,17.58,40.81,0.4120,-1,-1,-1
240,324,10.02,83.07,30.94,87.76,0.9393,-1,-1,-1
240,319,508.54,108.33,42.40,116.48,0.7621,-1,-1,-1
241,317,700.15,0.54,19.89,42.56,0.2810,-1,-1,-1
241,322,458.78,137.90,48.15,124.87,0.9212,-1,-1,-1
241,323,681.32,0.65,17.51,40.79,0.4223,-1,-1,-1
241,324,10.96,84.08,32.06,87.69,0.9287,-1,-1,-1
241,319,510.23,112.53,41.73,112.43,0.7946,-1,-1,-1
242,317,699.89,0.45,19.79,42.33,0.3519,-1,-1,-1
242,322,458.54,136.85,48.52,125.72,0.9255,-1,-1,-1
242,323,681.03,0.67,17.40,40.74,0.4113,-1,-1,-1
242,324,11.53,84.17,33.14,88.24,0.9240,-1,-1,-1
242,319,512.58,113.49,42.68,111.32,0.8977,-1,-1,-1
243,317,699.81,0.36,19.79,42.31,0.3009,-1,-1,-1
243,322,458.35,136.14,48.69,126.53,0.9331,-1,-1,-1
243,323,681.07,0.37,17.60,41.15,0.3148,-1,-1,-1
243,324,12.15,84.55,33.79,88.18,0.9173,-1,-1,-1
243,319,514.99,114.77,43.94,109.70,0.8980,-1,-1,-1
243,326,157.90,0.34,21.40,34.92,0.6681,-1,-1,-1
244,317,699.69,0.35,19.73,42.16,0.3629,-1,-1,-1
244,322,458.76,135.47,48.33,126.31,0.9260,-1,-1,-1
244,323,681.07,0.55,17.32,40.48,0.4288,-1,-1,-1
244,324,12.77,85.31,34.09,87.55,0.9159,-1,-1,-1
244,319,517.05,116.84,45.16,107.14,0.8618,-1,-1,-1
244,326,157.12,0.40,21.60,35.27,0.7077,-1,-1,-1
245,317,699.62,0.38,19.76,42.15,0.2675,-1,-1,-1
245,322,459.22,134.43,47.67,125.37,0.9233,-1,-1,-1
245,323,681.05,0.29,17.22,40.21,0.2987,-1,-1,-1
245,324,13.17,85.60,34.37,87.28,0.9170,-1,-1,-1
245,319,518.24,114.75,47.54,108.61,0.9005,-1,-1,-1
245,326,156.09,0.44,21.85,35.76,0.7239,-1,-1,-1
246,317,699.74,0.41,19.65,41.61,0.2275,-1,-1,-1
246,322,459.34,132.83,47.28,125.30,0.9261,-1,-1,-1
246,323,681.07,0.28,17.00,39.65,0.2493,-1,-1,-1
246,324,13.73,85.77,34.61,87.18,0.9183,-1,-1,-1
246,319,521.15,111.99,49.26,109.57,0.8359,-1,-1,-1
246,326,154.95,0.48,22.16,36.45,0.6864,-1,-1,-1
247,317,699.90,0.44,19.33,40.53,0.2543,-1,-1,-1
247,322,459.69,131.38,46.38,123.76,0.9212,-1,-1,-1
247,323,681.15,0.29,16.62,38.56,0.1812,-1,-1,-1
247,324,13.97,85.80,35.03,87.83,0.9182,-1,-1,-1
247,319,525.56,108.48,50.25,111.07,0.7915,-1,-1,-1
247,326,153.63,0.52,22.18,36.83,0.3995,-1,-1,-1
248,317,700.14,0.54,19.01,39.36,0.2405,-1,-1,-1
248,322,459.81,129.67,45.20,121.26,0.9186,-1,-1,-1
248,323,681.10,0.35,16.37,37.79,0.1918,-1,-1,-1
248,324,13.97,85.64,35.70,89.53,0.9293,-1,-1,-1
248,319,529.31,107.84,49.80,110.49,0.7358,-1,-1,-1
248,326,152.30,0.32,22.26,37.47,0.1387,-1,-1,-1
249,317,700.15,0.56,19.01,38.94,0.3933,-1,-1,-1
249,322,460.07,127.89,43.67,117.29,0.9129,-1,-1,-1
249,323,681.09,0.31,16.15,37.03,0.3126,-1,-1,-1
249,324,14.27,85.74,36.32,91.45,0.9371,-1,-1,-1
249,319,534.31,107.14,49.26,110.59,0.7192,-1,-1,-1
249,326,151.67,0.26,22.26,38.01,0.1215,-1,-1,-1
250,317,700.02,0.52,18.76,37.88,0.4904,-1,-1,-1
250,322,459.69,125.72,42.54,113.94,0.9178,-1,-1,-1
250,323,680.98,0.57,15.80,35.90,0.3437,-1,-1,-1
250,324,14.67,86.28,36.63,92.90,0.9349,-1,-1,-1
250,319,537.00,95.96,53.07,121.13,0.8655,-1,-1,-1
250,326,150.10,0.17,22.37,38.82,0.2393,-1,-1,-1
251,317,699.60,0.43,18.93,37.77,0.5575,-1,-1,-1
251,322,458.65,124.00,42.14,112.40,0.9101,-1,-1,-1
251,323,680.69,0.60,15.63,35.35,0.4506,-1,-1,-1
251,324,15.36,86.56,36.74,93.78,0.9268,-1,-1,-1
251,319,540.12,93.84,53.16,123.00,0.7538,-1,-1,-1
251,326,149.63,0.12,22.06,38.95,0.3481,-1,-1,-1
252,317,699.22,0.38,19.13,37.62,0.5503,-1,-1,-1
252,322,457.52,122.69,41.87,111.30,0.9022,-1,-1,-1
252,323,680.38,0.61,15.53,34.82,0.3439,-1,-1,-1
252,324,16.71,86.99,36.52,93.57,0.9182,-1,-1,-1
252,319,544.00,96.63,51.87,120.88,0.7200,-1,-1,-1
252,326,149.25,0.10,22.09,39.77,0.3933,-1,-1,-1
253,317,698.69,0.39,19.16,37.10,0.5024,-1,-1,-1
253,322,455.91,121.33,42.20,112.02,0.9001,-1,-1,-1
253,323,680.15,0.70,15.52,34.44,0.2684,-1,-1,-1
253,324,18.06,87.71,36.31,93.17,0.9028,-1,-1,-1
253,319,546.02,92.74,53.41,125.69,0.8783,-1,-1,-1
253,326,148.86,0.15,22.06,40.59,0.3853,-1,-1,-1
254,317,698.31,0.41,19.32,36.77,0.4839,-1,-1,-1
254,322,453.96,120.15,43.01,113.55,0.9040,-1,-1,-1
254,323,679.93,0.75,15.61,34.30,0.1963,-1,-1,-1
254,324,19.34,88.72,36.28,93.02,0.8976,-1,-1,-1
254,319,549.12,91.49,53.87,127.44,0.8958,-1,-1,-1
254,326,148.36,0.13,21.99,41.22,0.3802,-1,-1,-1
255,317,698.06,0.41,19.40,36.34,0.4910,-1,-1,-1
255,322,452.13,119.48,43.60,114.38,0.8939,-1,-1,-1
255,323,679.79,0.75,15.68,34.20,0.2401,-1,-1,-1
255,324,20.36,89.46,36.75,94.10,0.9041,-1,-1,-1
255,319,552.62,90.55,54.34,127.94,0.9129,-1,-1,-1
255,326,147.88,0.21,21.81,41.52,0.3969,-1,-1,-1
256,317,697.84,0.45,19.49,36.05,0.5287,-1,-1,-1
256,322,450.64,118.70,44.25,115.53,0.8793,-1,-1,-1
256,323,679.63,0.75,15.69,34.06,0.2930,-1,-1,-1
256,324,21.42,90.72,36.64,93.71,0.9083,-1,-1,-1
256,319,555.69,93.59,53.68,124.67,0.9069,-1,-1,-1
256,326,147.40,0.25,21.35,40.98,0.5002,-1,-1,-1
257,317,697.61,0.52,19.39,35.51,0.5026,-1,-1,-1
257,322,448.54,117.92,44.75,116.30,0.8889,-1,-1,-1
257,323,679.54,0.71,15.60,33.81,0.2735,-1,-1,-1
257,324,22.27,91.53,36.58,93.48,0.9139,-1,-1,-1
257,319,557.51,95.56,53.50,122.44,0.8700,-1,-1,-1
257,326,146.80,0.31,21.53,41.66,0.3454,-1,-1,-1
258,317,697.49,0.47,19.58,35.60,0.4494,-1,-1,-1
258,322,447.08,116.96,44.89,116.61,0.8754,-1,-1,-1
258,323,679.33,0.71,15.49,33.59,0.2255,-1,-1,-1
258,324,22.98,91.99,36.53,93.44,0.9161,-1,-1,-1
258,319,559.64,95.86,53.79,122.13,0.8235,-1,-1,-1
258,326,146.39,0.34,21.18,41.26,0.2558,-1,-1,-1
259,317,697.30,0.43,19.57,35.41,0.3443,-1,-1,-1
259,322,444.91,115.44,44.86,116.35,0.8896,-1,-1,-1
259,323,679.18,0.70,15.43,33.49,0.1474,-1,-1,-1
259,324,23.64,92.10,36.44,93.55,0.9189,-1,-1,-1
259,319,562.72,99.06,52.69,118.66,0.8057,-1,-1,-1
259,326,145.69,0.24,21.24,41.78,0.2645,-1,-1,-1
260,317,696.97,0.42,19.66,35.43,0.3496,-1,-1,-1
260,322,442.14,113.63,44.94,116.20,0.9053,-1,-1,-1
260,323,679.15,0.69,15.24,33.11,0.1712,-1,-1,-1
260,324,24.48,92.12,36.38,93.69,0.9148,-1,-1,-1
260,319,566.95,100.69,51.52,116.50,0.8102,-1,-1,-1
260,326,144.89,0.22,21.21,42.03,0.4830,-1,-1,-1
261,317,696.68,0.45,19.61,35.32,0.3741,-1,-1,-1
261,322,440.51,112.07,43.50,112.34,0.8964,-1,-1,-1
261,323,679.12,0.62,14.99,32.62,0.1325,-1,-1,-1
261,324,26.11,91.91,36.47,93.51,0.9163,-1,-1,-1
261,319,570.49,97.01,52.03,119.75,0.7575,-1,-1,-1
261,326,143.94,0.13,21.34,42.42,0.4802,-1,-1,-1
262,317,696.60,0.41,19.41,34.95,0.5548,-1,-1,-1
262,322,439.41,110.36,41.66,107.57,0.8679,-1,-1,-1
262,323,679.21,0.63,14.59,31.79,0.2807,-1,-1,-1
262,324,27.86,91.88,36.68,93.16,0.9325,-1,-1,-1
262,319,576.35,100.96,48.95,114.23,0.7765,-1,-1,-1
262,326,143.11,0.13,21.40,42.56,0.5177,-1,-1,-1
263,317,696.57,0.42,19.15,34.48,0.5318,-1,-1,-1
263,322,437.29,108.92,40.18,104.71,0.8198,-1,-1,-1
263,323,679.17,0.52,14.42,31.46,0.3069,-1,-1,-1
263,324,29.79,92.10,37.27,93.09,0.9316,-1,-1,-1
263,319,580.98,104.28,47.41,110.98,0.7882,-1,-1,-1
263,326,142.45,0.05,21.87,43.54,0.6470,-1,-1,-1
264,317,696.57,0.56,18.58,33.30,0.2724,-1,-1,-1
264,322,433.89,106.67,39.39,104.66,0.8577,-1,-1,-1
264,323,679.43,0.60,14.14,30.76,0.1645,-1,-1,-1
264,324,32.44,93.74,38.10,92.89,0.9245,-1,-1,-1
264,319,586.06,106.31,47.45,110.11,0.7004,-1,-1,-1
264,326,141.53,0.21,21.29,41.95,0.4744,-1,-1,-1
265,317,696.67,0.71,18.28,32.61,0.2135,-1,-1,-1
265,322,431.47,105.48,39.21,105.16,0.8649,-1,-1,-1
265,323,679.50,0.62,14.05,30.43,0.1189,-1,-1,-1
265,324,34.08,95.37,38.69,92.38,0.9255,-1,-1,-1
265,319,593.35,112.68,45.32,104.10,0.6855,-1,-1,-1
265,326,140.66,0.24,21.36,41.74,0.3935,-1,-1,-1
266,317,696.69,0.40,18.22,32.36,0.1551,-1,-1,-1
266,322,429.77,104.96,38.87,104.32,0.8833,-1,-1,-1
266,323,679.46,0.61,14.01,30.17,0.1284,-1,-1,-1
266,324,34.95,96.31,39.48,93.03,0.9184,-1,-1,-1
266,319,596.35,114.94,45.41,102.13,0.7378,-1,-1,-1
266,326,139.75,0.26,21.58,41.82,0.3661,-1,-1,-1
267,317,696.77,0.44,17.89,31.76,0.1773,-1,-1,-1
267,322,427.63,105.14,38.96,103.69,0.8702,-1,-1,-1
267,323,679.41,0.50,13.97,29.98,0.1810,-1,-1,-1
267,324,35.56,97.26,40.10,93.47,0.9346,-1,-1,-1
267,319,601.14,117.25,45.86,99.59,0.6221,-1,-1,-1
267,326,139.00,0.26,22.07,42.49,0.3185,-1,-1,-1
268,317,696.68,0.24,18.09,32.04,0.1456,-1,-1,-1
268,322,422.83,105.49,40.10,103.12,0.9338,-1,-1,-1
268,323,679.32,0.45,14.08,30.06,0.1251,-1,-1,-1
268,324,36.31,97.81,40.72,94.48,0.9352,-1,-1,-1
268,319,604.74,119.32,46.56,97.33,0.3497,-1,-1,-1
268,326,138.50,0.29,22.14,42.30,0.2538,-1,-1,-1
269,317,696.69,0.17,18.13,32.07,0.1181,-1,-1,-1
269,322,419.97,105.74,41.29,102.42,0.8938,-1,-1,-1
269,324,37.13,98.13,40.85,94.70,0.9342,-1,-1,-1
269,319,607.59,124.33,45.72,92.10,0.1324,-1,-1,-1
269,326,137.86,0.27,22.42,42.59,0.1785,-1,-1,-1
270,317,696.76,0.15,18.07,31.90,0.1298,-1,-1,-1
270,322,416.93,105.96,42.85,101.75,0.9042,-1,-1,-1
270,324,37.94,98.41,40.81,94.72,0.9255,-1,-1,-1
270,319,611.32,132.07,44.07,84.36,0.2972,-1,-1,-1
270,326,136.79,0.14,22.73,42.92,0.1576,-1,-1,-1
271,322,414.35,106.09,44.19,100.80,0.9005,-1,-1,-1
271,324,38.69,99.03,40.63,94.44,0.9158,-1,-1,-1
271,319,614.83,132.97,44.81,83.37,0.1145,-1,-1,-1
271,327,819.72,140.81,36.32,86.73,0.7433,-1,-1,-1
272,322,412.34,105.94,45.44,100.00,0.8788,-1,-1,-1
272,324,39.25,99.22,40.45,94.37,0.9075,-1,-1,-1
272,327,820.55,142.63,35.32,84.36,0.7380,-1,-1,-1
273,322,410.07,105.94,46.05,98.54,0.8492,-1,-1,-1
273,324,39.49,98.94,40.48,94.96,0.9084,-1,-1,-1
273,327,820.63,142.42,35.27,84.22,0.5264,-1,-1,-1
274,322,406.39,105.90,46.31,97.67,0.7591,-1,-1,-1
274,324,39.77,99.01,40.60,95.94,0.9149,-1,-1,-1
274,327,821.48,145.54,34.04,81.17,0.6673,-1,-1,-1
275,322,402.34,105.23,46.27,97.90,0.7445,-1,-1,-1
275,324,39.86,99.14,41.06,98.11,0.9160,-1,-1,-1
275,327,821.19,144.10,34.76,82.94,0.7697,-1,-1,-1
276,322,398.78,105.01,45.35,97.24,0.8216,-1,-1,-1
276,324,40.14,99.83,41.28,100.11,0.9149,-1,-1,-1
276,327,822.18,145.63,33.97,81.10,0.7290,-1,-1,-1
277,322,393.84,104.60,43.88,96.89,0.7650,-1,-1,-1
277,324,40.56,100.86,41.33,101.70,0.9138,-1,-1,-1
277,327,823.05,146.37,33.57,80.40,0.6950,-1,-1,-1
278,322,388.69,104.20,42.59,97.72,0.8130,-1,-1,-1
278,324,41.33,102.59,40.95,102.04,0.9091,-1,-1,-1
278,327,824.11,143.34,34.52,83.80,0.3952,-1,-1,-1
279,322,385.52,104.12,41.57,97.77,0.8503,-1,-1,-1
279,324,42.40,103.98,40.48,101.72,0.9124,-1,-1,-1
279,327,826.00,142.28,34.11,84.53,0.3538,-1,-1,-1
280,322,381.37,104.21,41.47,97.91,0.9033,-1,-1,-1
280,324,43.80,105.43,40.08,101.26,0.9171,-1,-1,-1
280,327,827.86,137.46,34.57,88.54,0.3571,-1,-1,-1
280,319,641.64,120.38,55.54,101.49,0.7593,-1,-1,-1
281,322,375.66,104.89,42.46,98.08,0.9021,-1,-1,-1
281,324,45.00,106.75,39.97,101.55,0.9254,-1,-1,-1
281,319,643.22,118.56,57.48,103.39,0.7901,-1,-1,-1
282,322,372.12,105.89,43.47,97.69,0.8960,-1,-1,-1
282,324,45.99,107.43,39.91,102.11,0.9202,-1,-1,-1
282,319,644.18,114.66,59.75,107.61,0.5919,-1,-1,-1
283,322,369.31,106.67,44.53,97.13,0.8848,-1,-1,-1
283,324,46.78,108.12,39.59,102.07,0.9272,-1,-1,-1
283,319,645.78,111.93,60.53,110.27,0.6895,-1,-1,-1
284,322,365.33,107.47,46.48,97.52,0.9055,-1,-1,-1
284,324,47.57,108.60,39.18,101.80,0.9294,-1,-1,-1
284,319,648.33,109.10,61.27,113.13,0.4360,-1,-1,-1
285,322,361.30,107.92,48.90,98.95,0.9108,-1,-1,-1
285,324,48.50,108.86,38.94,101.78,0.9388,-1,-1,-1
285,319,653.07,108.46,60.08,113.24,0.5197,-1,-1,-1
286,322,358.03,108.09,50.25,99.45,0.8552,-1,-1,-1
286,324,49.73,108.78,38.93,102.14,0.9355,-1,-1,-1
287,322,354.75,108.19,50.06,98.98,0.7403,-1,-1,-1
287,324,51.54,108.69,39.00,102.01,0.9301,-1,-1,-1
287,319,661.02,112.22,57.07,109.70,0.5367,-1,-1,-1
288,322,345.71,107.91,49.26,99.73,0.5632,-1,-1,-1
288,324,55.53,110.20,39.17,100.39,0.9424,-1,-1,-1
288,328,99.00,1.00,24.90,61.80,0.7181,-1,-1,-1
288,319,665.14,113.24,56.82,108.99,0.3538,-1,-1,-1
289,322,341.64,107.88,47.98,99.93,0.8056,-1,-1,-1
289,324,58.18,111.44,39.91,99.83,0.9266,-1,-1,-1
289,328,98.06,1.39,25.42,63.13,0.7193,-1,-1,-1
289,319,676.14,114.46,55.03,107.88,0.3085,-1,-1,-1
290,322,337.27,107.74,46.93,100.00,0.8860,-1,-1,-1
290,324,59.95,112.51,41.06,100.32,0.9230,-1,-1,-1
290,328,96.64,1.54,26.28,65.34,0.7358,-1,-1,-1
290,319,682.45,115.61,53.69,106.62,0.6682,-1,-1,-1
291,322,333.11,108.29,47.58,102.63,0.9116,-1,-1,-1
291,324,61.02,113.56,42.08,100.91,0.9229,-1,-1,-1
291,328,95.51,1.56,26.67,66.31,0.7274,-1,-1,-1
291,319,685.81,116.13,53.12,106.11,0.7843,-1,-1,-1
292,322,328.74,109.59,48.91,105.66,0.9209,-1,-1,-1
292,324,61.91,114.76,42.89,101.31,0.9204,-1,-1,-1
292,328,94.71,1.24,26.85,66.54,0.7257,-1,-1,-1
292,319,688.19,115.14,53.95,107.51,0.8381,-1,-1,-1
293,322,324.55,111.36,50.90,109.62,0.9141,-1,-1,-1
293,324,62.38,115.55,43.61,102.18,0.9116,-1,-1,-1
293,328,94.73,2.09,26.82,66.02,0.6399,-1,-1,-1
293,319,689.47,113.31,55.11,109.50,0.8061,-1,-1,-1
294,322,320.60,113.26,52.12,110.72,0.9310,-1,-1,-1
294,324,62.98,116.22,44.11,102.82,0.9054,-1,-1,-1
294,328,93.66,2.16,26.88,65.77,0.5139,-1,-1,-1
294,319,691.80,113.01,55.97,109.96,0.7945,-1,-1,-1
295,322,317.51,115.41,52.74,110.13,0.9297,-1,-1,-1
295,324,63.80,117.18,44.13,102.62,0.9101,-1,-1,-1
295,328,92.22,2.38,26.86,65.29,0.6177,-1,-1,-1
295,319,694.41,113.81,56.15,109.05,0.6612,-1,-1,-1
296,322,314.24,117.30,53.69,110.17,0.9257,-1,-1,-1
296,324,64.57,118.09,43.93,102.03,0.9289,-1,-1,-1
296,328,90.32,2.05,27.00,65.38,0.7425,-1,-1,-1
296,319,697.89,112.55,56.06,108.76,0.1395,-1,-1,-1
297,322,310.70,119.05,54.60,110.50,0.9152,-1,-1,-1
297,324,65.08,118.47,43.80,101.83,0.9330,-1,-1,-1
297,328,88.49,2.05,27.06,65.66,0.6908,-1,-1,-1
298,322,307.51,120.08,55.25,111.03,0.9159,-1,-1,-1
298,324,65.60,118.41,43.64,101.88,0.9260,-1,-1,-1
298,328,86.91,1.98,27.02,65.89,0.7563,-1,-1,-1
298,326,104.40,1.88,30.81,62.46,0.7459,-1,-1,-1
299,322,304.46,121.10,55.14,111.03,0.9194,-1,-1,-1
299,324,66.01,118.34,43.51,102.15,0.9276,-1,-1,-1
299,328,85.59,2.19,27.10,66.49,0.6101,-1,-1,-1
299,326,103.75,1.78,29.77,63.73,0.6583,-1,-1,-1
300,322,301.56,122.10,54.40,110.67,0.9161,-1,-1,-1
300,324,66.41,118.37,43.54,102.93,0.9220,-1,-1,-1
300,328,84.52,2.32,27.61,68.37,0.6714,-1,-1,-1
300,326,103.00,1.73,29.06,64.73,0.5792,-1,-1,-1
301,322,299.47,122.48,53.20,110.26,0.9004,-1,-1,-1
301,324,66.33,118.65,44.14,105.23,0.9223,-1,-1,-1
301,328,83.32,2.42,27.95,69.92,0.6768,-1,-1,-1
301,326,102.17,1.87,28.39,65.46,0.5762,-1,-1,-1
302,322,298.22,123.50,51.46,109.08,0.9049,-1,-1,-1
302,324,66.00,118.96,45.05,108.84,0.9187,-1,-1,-1
302,328,82.65,3.02,27.80,70.08,0.6848,-1,-1,-1
302,326,102.12,2.49,27.03,64.55,0.4531,-1,-1,-1
303,322,297.50,123.72,50.08,108.77,0.9145,-1,-1,-1
303,324,65.80,119.80,45.47,111.44,0.9087,-1,-1,-1
303,328,82.44,3.85,27.56,69.78,0.7096,-1,-1,-1
303,326,101.67,3.54,26.18,64.28,0.4511,-1,-1,-1
304,322,296.82,124.64,48.68,108.39,0.9209,-1,-1,-1
304,324,66.14,121.89,45.14,112.06,0.8980,-1,-1,-1
304,328,82.21,4.75,27.32,69.25,0.7245,-1,-1,-1
304,326,101.09,3.40,25.80,64.64,0.5729,-1,-1,-1
305,322,295.46,126.19,48.02,109.44,0.9051,-1,-1,-1
305,324,66.70,123.51,44.66,112.03,0.9111,-1,-1,-1
305,328,81.41,5.64,27.13,68.81,0.6528,-1,-1,-1
305,326,100.01,3.18,25.96,66.20,0.5981,-1,-1,-1
305,319,729.47,101.09,50.00,98.60,0.5516,-1,-1,-1
306,322,293.69,127.82,47.12,109.29,0.9132,-1,-1,-1
306,324,67.52,124.92,44.18,111.86,0.9065,-1,-1,-1
306,328,80.56,6.17,26.93,68.35,0.5282,-1,-1,-1
306,326,98.97,3.14,25.89,66.83,0.6090,-1,-1,-1
306,319,733.40,100.74,48.64,98.68,0.7581,-1,-1,-1
307,322,291.36,129.61,47.19,111.06,0.8898,-1,-1,-1
307,324,68.47,126.66,44.00,112.45,0.8973,-1,-1,-1
307,328,79.06,7.00,27.00,69.07,0.5965,-1,-1,-1
307,326,98.55,3.47,25.47,66.34,0.5915,-1,-1,-1
307,319,737.61,101.47,46.45,97.62,0.3924,-1,-1,-1
308,322,288.78,131.96,48.18,115.46,0.9005,-1,-1,-1
308,324,69.20,127.76,43.75,112.82,0.8994,-1,-1,-1
308,328,77.49,6.99,26.65,69.02,0.5776,-1,-1,-1
308,326,97.56,3.97,26.00,68.16,0.6923,-1,-1,-1
308,319,740.76,101.60,44.91,98.50,0.1568,-1,-1,-1
309,322,287.30,134.21,48.21,117.95,0.8996,-1,-1,-1
309,324,69.90,128.67,43.35,112.63,0.9097,-1,-1,-1
309,328,76.59,6.63,26.05,68.09,0.5089,-1,-1,-1
309,326,96.83,4.53,26.28,69.21,0.7275,-1,-1,-1
310,322,286.59,136.01,48.17,120.46,0.8783,-1,-1,-1
310,324,70.80,129.16,42.97,112.42,0.9274,-1,-1,-1
310,328,75.89,6.78,25.68,67.77,0.5248,-1,-1,-1
310,326,96.22,5.08,26.37,69.60,0.7767,-1,-1,-1
311,322,285.58,137.50,47.76,121.84,0.8880,-1,-1,-1
311,324,71.78,129.41,42.64,112.33,0.9282,-1,-1,-1
311,328,75.04,7.85,25.87,68.89,0.6161,-1,-1,-1
311,326,95.46,5.81,26.20,69.35,0.6965,-1,-1,-1
312,322,283.34,139.48,46.67,121.23,0.8812,-1,-1,-1
312,324,74.64,130.18,42.29,110.86,0.9278,-1,-1,-1
312,328,74.03,8.60,26.27,70.29,0.7379,-1,-1,-1
312,326,94.10,6.22,25.98,69.32,0.7839,-1,-1,-1
313,322,281.69,140.57,45.75,120.33,0.8891,-1,-1,-1
313,324,76.70,130.93,42.49,109.84,0.9290,-1,-1,-1
313,328,72.91,9.71,26.27,70.53,0.6051,-1,-1,-1
313,326,93.21,6.81,25.91,69.18,0.7683,-1,-1,-1
314,322,280.44,141.42,45.03,119.20,0.8961,-1,-1,-1
314,324,78.41,131.80,42.96,108.93,0.9309,-1,-1,-1
314,328,72.00,11.03,26.10,70.18,0.6173,-1,-1,-1
314,326,92.61,7.94,25.57,68.07,0.7565,-1,-1,-1
315,322,279.64,142.42,44.83,118.49,0.9057,-1,-1,-1
315,324,79.69,132.21,43.79,108.98,0.9318,-1,-1,-1
315,328,71.76,12.13,25.89,69.38,0.5742,-1,-1,-1
315,326,91.70,8.87,25.86,68.59,0.7836,-1,-1,-1
316,322,279.07,143.48,45.25,118.36,0.9174,-1,-1,-1
316,324,80.63,133.01,45.06,110.17,0.9332,-1,-1,-1
316,328,72.56,13.82,26.14,69.08,0.6515,-1,-1,-1
316,326,90.70,9.52,25.89,68.42,0.7458,-1,-1,-1
317,322,278.46,144.59,46.23,119.26,0.9262,-1,-1,-1
317,324,81.56,134.66,46.11,110.81,0.9324,-1,-1,-1
317,328,71.16,14.28,26.95,70.74,0.6188,-1,-1,-1
317,326,89.83,10.32,26.17,68.94,0.7361,-1,-1,-1
318,322,278.22,146.32,48.09,122.30,0.9324,-1,-1,-1
318,324,82.23,135.70,47.11,111.57,0.9310,-1,-1,-1
318,328,70.09,15.39,27.15,70.44,0.6409,-1,-1,-1
318,326,88.77,11.09,26.47,69.12,0.6994,-1,-1,-1
319,322,278.01,148.53,49.95,125.55,0.9338,-1,-1,-1
319,324,82.54,136.51,47.82,112.22,0.9271,-1,-1,-1
319,328,68.48,16.65,27.19,70.39,0.5010,-1,-1,-1
319,326,87.42,12.37,26.51,68.42,0.6659,-1,-1,-1
320,322,277.75,150.97,51.38,128.11,0.9362,-1,-1,-1
320,324,83.41,137.75,48.33,112.77,0.9204,-1,-1,-1
320,328,67.89,16.91,27.85,71.24,0.6379,-1,-1,-1
320,326,86.44,13.04,26.29,66.97,0.7057,-1,-1,-1
321,322,278.10,153.42,51.62,127.99,0.9308,-1,-1,-1
321,324,84.64,139.10,48.33,112.63,0.9110,-1,-1,-1
321,328,66.01,16.28,28.25,72.21,0.6446,-1,-1,-1
321,326,85.73,13.63,26.58,66.58,0.8103,-1,-1,-1
322,322,278.29,155.79,51.96,128.60,0.9236,-1,-1,-1
322,324,85.67,140.00,48.11,112.24,0.9087,-1,-1,-1
322,328,64.59,15.97,28.55,72.64,0.6570,-1,-1,-1
322,326,84.51,14.18,26.88,66.37,0.7737,-1,-1,-1
323,322,278.66,158.06,51.94,129.45,0.9156,-1,-1,-1
323,324,86.54,140.68,47.87,111.93,0.9119,-1,-1,-1
323,328,64.39,16.37,28.99,72.33,0.7205,-1,-1,-1
323,326,82.94,14.45,27.15,66.32,0.7500,-1,-1,-1
324,322,279.12,159.93,51.47,129.75,0.9199,-1,-1,-1
324,324,87.37,141.18,47.53,111.57,0.9048,-1,-1,-1
324,328,62.76,17.17,28.77,71.33,0.6948,-1,-1,-1
324,326,81.05,14.55,28.00,68.21,0.6978,-1,-1,-1
325,322,279.79,161.39,50.82,130.06,0.9106,-1,-1,-1
325,324,87.91,141.44,47.29,111.46,0.9044,-1,-1,-1
325,328,60.83,17.82,28.70,71.31,0.6482,-1,-1,-1
325,326,79.73,15.07,28.44,69.44,0.7296,-1,-1,-1
326,322,281.12,162.90,49.77,129.32,0.9137,-1,-1,-1
326,324,88.22,141.81,47.12,111.59,0.9025,-1,-1,-1
326,328,58.65,18.16,28.87,72.58,0.6630,-1,-1,-1
326,326,78.25,15.32,28.77,70.82,0.7536,-1,-1,-1
327,322,282.54,163.95,48.73,128.34,0.9212,-1,-1,-1
327,324,88.40,142.15,47.39,113.06,0.8993,-1,-1,-1
327,328,57.35,18.53,29.09,74.06,0.6745,-1,-1,-1
327,326,76.86,15.02,29.19,72.58,0.7487,-1,-1,-1
328,322,283.87,164.73,48.01,127.26,0.9277,-1,-1,-1
328,324,88.30,143.46,47.79,115.08,0.9036,-1,-1,-1
328,328,56.61,19.30,28.94,74.22,0.6500,-1,-1,-1
328,326,76.02,15.42,29.27,73.39,0.7139,-1,-1,-1
329,322,286.69,165.25,47.39,126.13,0.9317,-1,-1,-1
329,324,87.79,144.47,48.63,118.48,0.9053,-1,-1,-1
329,328,55.95,20.16,29.09,75.25,0.7522,-1,-1,-1
329,326,74.98,15.96,29.35,74.16,0.7513,-1,-1,-1
330,322,289.09,166.09,47.49,127.03,0.9242,-1,-1,-1
330,324,87.64,145.93,48.95,120.72,0.9107,-1,-1,-1
330,328,55.19,20.94,29.35,76.65,0.7758,-1,-1,-1
330,326,74.43,16.98,28.95,73.59,0.7344,-1,-1,-1
331,322,291.26,167.45,48.54,130.37,0.9178,-1,-1,-1
331,324,87.98,147.60,48.63,121.27,0.9046,-1,-1,-1
331,328,54.77,21.95,28.93,75.98,0.7954,-1,-1,-1
331,326,74.17,18.19,27.85,71.24,0.7365,-1,-1,-1
332,322,293.52,169.11,49.74,133.86,0.9236,-1,-1,-1
332,324,88.90,149.30,48.24,121.42,0.9125,-1,-1,-1
332,328,54.17,22.61,28.57,75.44,0.8179,-1,-1,-1
332,326,74.33,19.33,27.59,70.71,0.7969,-1,-1,-1
333,322,295.43,171.54,50.47,135.59,0.9279,-1,-1,-1
333,324,89.98,151.16,47.91,121.65,0.9198,-1,-1,-1
333,328,53.42,23.15,28.24,74.88,0.8191,-1,-1,-1
333,326,74.55,20.44,27.71,70.93,0.7986,-1,-1,-1
334,322,298.03,174.46,50.56,134.80,0.9305,-1,-1,-1
334,324,91.12,152.72,47.71,122.25,0.9252,-1,-1,-1
334,328,52.43,23.44,28.18,75.22,0.7787,-1,-1,-1
334,326,73.98,21.11,28.04,72.04,0.7911,-1,-1,-1
335,322,300.23,177.09,51.07,134.90,0.9321,-1,-1,-1
335,324,92.18,154.00,47.24,122.20,0.9260,-1,-1,-1
335,328,51.63,23.66,28.19,75.68,0.7749,-1,-1,-1
335,326,73.40,21.49,28.67,74.01,0.7900,-1,-1,-1
336,322,304.18,180.81,51.76,134.88,0.9172,-1,-1,-1
336,324,93.96,155.21,46.45,121.13,0.9308,-1,-1,-1
336,328,50.10,24.24,28.12,75.64,0.8514,-1,-1,-1
336,326,72.40,21.94,28.87,75.17,0.8656,-1,-1,-1
337,322,308.12,183.07,52.32,134.84,0.9201,-1,-1,-1
337,324,95.44,155.77,46.01,120.56,0.9396,-1,-1,-1
337,328,48.90,24.81,28.10,75.69,0.8616,-1,-1,-1
337,326,71.45,22.19,28.76,75.36,0.8660,-1,-1,-1
338,322,312.56,184.33,52.21,134.26,0.9295,-1,-1,-1
338,324,97.13,156.16,45.69,119.73,0.9305,-1,-1,-1
338,328,48.08,25.34,28.13,75.79,0.8518,-1,-1,-1
338,326,70.61,22.15,28.51,74.97,0.8774,-1,-1,-1
339,322,316.41,184.99,51.63,133.54,0.9157,-1,-1,-1
339,324,99.28,156.29,45.77,119.41,0.9216,-1,-1,-1
339,328,47.32,26.50,28.16,75.87,0.8590,-1,-1,-1
339,326,69.55,22.19,28.78,76.02,0.8977,-1,-1,-1
340,322,320.39,185.19,50.77,133.49,0.9121,-1,-1,-1
340,324,101.45,156.70,45.96,118.71,0.9231,-1,-1,-1
340,328,46.82,27.66,28.03,75.11,0.8091,-1,-1,-1
340,326,68.69,22.67,28.90,76.71,0.8963,-1,-1,-1
341,322,323.69,184.73,49.67,133.75,0.8930,-1,-1,-1
341,324,103.90,157.57,46.39,118.02,0.9299,-1,-1,-1
341,328,46.19,28.97,28.57,75.75,0.8217,-1,-1,-1
341,326,68.12,23.43,28.91,77.07,0.8759,-1,-1,-1
342,322,327.91,184.69,48.35,133.25,0.9058,-1,-1,-1
342,324,105.88,158.86,47.50,118.46,0.9361,-1,-1,-1
342,328,45.57,30.18,29.17,76.41,0.8295,-1,-1,-1
342,326,67.68,24.24,28.79,76.99,0.8644,-1,-1,-1
343,322,332.69,185.53,47.46,132.75,0.9071,-1,-1,-1
343,324,107.41,160.30,48.84,119.69,0.9420,-1,-1,-1
343,328,45.25,31.22,30.15,77.33,0.8032,-1,-1,-1
343,326,67.42,25.58,28.43,76.13,0.8281,-1,-1,-1
344,322,338.84,186.59,47.92,132.76,0.9050,-1,-1,-1
344,324,108.43,162.20,49.80,119.80,0.9382,-1,-1,-1
344,328,43.22,32.39,30.88,78.18,0.8291,-1,-1,-1
344,326,66.96,27.02,28.25,75.62,0.8313,-1,-1,-1
345,322,344.16,188.33,49.38,132.68,0.9134,-1,-1,-1
345,324,109.36,163.77,50.81,120.57,0.9291,-1,-1,-1
345,328,41.87,33.24,30.86,77.02,0.8084,-1,-1,-1
345,326,66.57,28.29,28.10,75.02,0.8415,-1,-1,-1
346,322,347.00,189.90,50.72,131.26,0.9142,-1,-1,-1
346,324,110.28,165.41,51.63,121.53,0.9255,-1,-1,-1
346,328,40.69,33.88,31.16,76.55,0.8256,-1,-1,-1
346,326,66.06,29.11,27.79,73.73,0.8491,-1,-1,-1
347,322,349.12,191.59,52.81,130.55,0.9182,-1,-1,-1
347,324,111.08,166.73,52.44,122.95,0.9232,-1,-1,-1
347,328,38.84,34.42,31.44,76.24,0.8330,-1,-1,-1
347,326,65.55,29.83,27.78,72.97,0.8619,-1,-1,-1
348,322,350.71,193.21,55.07,130.24,0.9232,-1,-1,-1
348,324,111.89,167.70,52.59,123.19,0.9227,-1,-1,-1
348,328,36.97,34.60,32.05,76.99,0.8304,-1,-1,-1
348,326,64.71,30.15,28.21,73.62,0.8751,-1,-1,-1
349,322,352.42,194.43,57.81,131.44,0.9270,-1,-1,-1
349,324,113.00,168.43,52.47,123.13,0.9212,-1,-1,-1
349,328,35.02,34.62,31.99,76.41,0.8486,-1,-1,-1
349,326,63.83,30.31,28.65,74.48,0.8881,-1,-1,-1
350,322,353.95,195.03,59.90,132.48,0.9237,-1,-1,-1
350,324,114.11,168.77,52.27,123.27,0.9232,-1,-1,-1
350,328,33.37,34.52,32.09,76.55,0.8679,-1,-1,-1
350,326,63.31,30.39,28.96,75.25,0.8890,-1,-1,-1
351,322,356.46,195.31,61.16,133.17,0.9104,-1,-1,-1
351,324,115.00,168.85,51.86,123.10,0.9298,-1,-1,-1
351,328,31.58,34.57,32.41,77.45,0.8821,-1,-1,-1
351,326,62.42,30.41,29.43,76.72,0.8818,-1,-1,-1
352,322,360.32,195.10,61.77,134.17,0.9048,-1,-1,-1
352,324,115.81,168.91,51.38,122.85,0.9395,-1,-1,-1
352,328,29.59,34.77,32.54,78.35,0.8663,-1,-1,-1
352,326,61.72,30.50,29.84,77.98,0.8880,-1,-1,-1
353,322,365.47,194.85,61.13,134.71,0.8871,-1,-1,-1
353,324,116.53,169.08,51.03,122.97,0.9313,-1,-1,-1
353,328,28.09,35.58,32.86,79.80,0.8744,-1,-1,-1
353,326,60.93,30.63,30.19,79.22,0.8660,-1,-1,-1
354,322,371.44,194.67,59.93,135.63,0.8747,-1,-1,-1
354,324,116.88,169.68,51.15,124.37,0.9263,-1,-1,-1
354,328,27.05,36.54,33.08,81.20,0.8812,-1,-1,-1
354,326,60.32,31.30,30.45,80.27,0.8588,-1,-1,-1
355,322,380.38,194.52,58.74,137.24,0.8815,-1,-1,-1
355,324,116.31,170.63,51.86,127.59,0.9238,-1,-1,-1
355,328,26.73,37.76,32.52,80.36,0.8735,-1,-1,-1
355,326,59.51,32.18,30.56,81.01,0.8607,-1,-1,-1
356,322,389.53,194.91,58.58,140.47,0.8989,-1,-1,-1
356,324,116.08,171.85,52.57,130.98,0.9238,-1,-1,-1
356,328,26.41,39.21,31.89,79.11,0.8626,-1,-1,-1
356,326,59.12,33.30,30.24,80.71,0.8531,-1,-1,-1
357,322,396.40,195.33,58.37,141.71,0.9196,-1,-1,-1
357,324,117.39,173.71,52.87,132.79,0.9322,-1,-1,-1
357,328,25.82,40.61,31.48,78.24,0.8545,-1,-1,-1
357,326,58.72,34.45,30.18,81.27,0.8451,-1,-1,-1
358,322,401.64,196.99,58.32,140.91,0.9453,-1,-1,-1
358,324,119.34,175.94,52.80,132.77,0.9296,-1,-1,-1
358,328,24.82,41.72,31.77,79.48,0.8613,-1,-1,-1
358,326,58.51,35.65,30.14,81.69,0.8741,-1,-1,-1
359,322,406.26,199.02,58.39,137.96,0.9208,-1,-1,-1
359,324,121.75,177.97,52.70,132.18,0.9257,-1,-1,-1
359,328,23.74,42.40,31.81,80.25,0.8746,-1,-1,-1
359,326,58.44,36.45,29.99,81.96,0.8751,-1,-1,-1
360,322,412.56,202.46,59.05,133.74,0.9556,-1,-1,-1
360,324,124.61,180.85,52.79,132.66,0.9214,-1,-1,-1
360,328,22.20,43.42,31.40,80.06,0.8947,-1,-1,-1
360,326,58.13,37.25,29.76,82.06,0.8729,-1,-1,-1
361,322,416.98,204.37,61.37,132.73,0.9408,-1,-1,-1
361,324,126.84,182.59,52.39,132.31,0.9186,-1,-1,-1
361,328,20.99,43.62,31.16,80.31,0.8857,-1,-1,-1
361,326,57.92,37.55,29.53,81.88,0.8754,-1,-1,-1
362,322,420.07,205.04,63.69,132.87,0.9390,-1,-1,-1
362,324,128.78,183.81,51.82,131.81,0.9160,-1,-1,-1
362,328,20.10,43.63,30.71,79.74,0.8692,-1,-1,-1
362,326,57.77,37.66,29.23,81.35,0.8852,-1,-1,-1
363,322,422.78,205.28,65.18,132.43,0.9405,-1,-1,-1
363,324,130.80,184.43,51.21,131.57,0.9232,-1,-1,-1
363,328,19.09,43.49,30.95,80.92,0.8668,-1,-1,-1
363,326,57.46,37.87,29.19,81.51,0.8786,-1,-1,-1
364,322,426.84,205.08,65.84,132.60,0.9319,-1,-1,-1
364,324,132.68,184.73,50.74,131.40,0.9332,-1,-1,-1
364,328,18.21,43.84,30.95,81.23,0.8837,-1,-1,-1
364,326,57.31,38.14,29.32,81.97,0.8883,-1,-1,-1
365,322,431.75,204.26,65.57,133.03,0.9213,-1,-1,-1
365,324,135.00,184.80,50.54,131.22,0.9344,-1,-1,-1
365,328,17.34,44.60,31.38,82.59,0.8961,-1,-1,-1
365,326,57.12,38.56,29.59,82.66,0.8924,-1,-1,-1
366,322,437.41,203.20,64.47,133.92,0.8979,-1,-1,-1
366,324,138.13,185.16,50.40,130.57,0.9371,-1,-1,-1
366,328,16.45,45.56,31.75,83.87,0.9032,-1,-1,-1
366,326,56.71,39.39,29.99,83.85,0.8917,-1,-1,-1
367,322,444.70,201.93,62.51,134.79,0.8565,-1,-1,-1
367,324,142.20,186.21,50.46,128.97,0.9355,-1,-1,-1
367,328,15.99,47.33,31.41,82.92,0.8962,-1,-1,-1
367,326,56.38,40.32,30.18,84.46,0.8916,-1,-1,-1
368,322,454.94,200.97,60.74,136.20,0.8815,-1,-1,-1
368,324,146.40,187.60,51.22,127.84,0.9479,-1,-1,-1
368,328,15.18,49.31,31.83,84.14,0.8944,-1,-1,-1
368,326,56.13,41.71,30.24,84.47,0.8808,-1,-1,-1
369,322,462.29,200.83,59.56,136.34,0.8992,-1,-1,-1
369,324,150.18,189.27,52.72,128.03,0.9368,-1,-1,-1
369,328,14.62,51.15,31.80,84.22,0.8933,-1,-1,-1
369,326,55.57,43.25,30.29,84.39,0.8756,-1,-1,-1
370,322,468.69,201.46,59.25,135.82,0.9307,-1,-1,-1
370,324,153.40,190.83,54.14,128.14,0.9324,-1,-1,-1
370,328,13.90,52.58,31.82,84.31,0.8548,-1,-1,-1
370,326,54.80,44.57,30.49,84.86,0.8839,-1,-1,-1
371,322,473.64,202.23,59.81,135.15,0.9338,-1,-1,-1
371,324,155.73,192.62,55.37,128.09,0.9305,-1,-1,-1
371,328,13.10,53.71,31.80,84.17,0.8520,-1,-1,-1
371,326,53.99,45.41,30.73,85.33,0.8884,-1,-1,-1
372,322,478.07,203.26,61.17,134.32,0.9441,-1,-1,-1
372,324,157.28,194.36,56.59,128.68,0.9285,-1,-1,-1
372,328,12.37,54.70,31.83,83.81,0.8303,-1,-1,-1
372,326,53.52,45.81,30.65,84.44,0.8793,-1,-1,-1
373,322,480.82,203.78,63.15,134.05,0.9392,-1,-1,-1
373,324,158.32,195.64,57.94,130.57,0.9278,-1,-1,-1
373,328,11.51,55.42,31.81,83.05,0.8517,-1,-1,-1
373,326,52.97,46.06,30.73,83.74,0.8833,-1,-1,-1
374,322,483.46,203.97,65.02,133.52,0.9396,-1,-1,-1
374,324,159.75,196.44,58.52,131.42,0.9362,-1,-1,-1
374,328,10.93,55.41,32.07,82.65,0.8672,-1,-1,-1
374,326,52.12,46.55,31.10,83.83,0.8925,-1,-1,-1
375,322,486.22,203.72,66.58,132.98,0.9439,-1,-1,-1
375,324,161.32,197.05,58.57,131.40,0.9414,-1,-1,-1
375,328,10.17,54.71,32.83,83.53,0.8467,-1,-1,-1
375,326,50.97,46.72,31.59,84.41,0.8986,-1,-1,-1
376,322,489.46,202.65,68.45,133.79,0.9431,-1,-1,-1
376,324,162.91,197.69,58.17,130.96,0.9351,-1,-1,-1
376,328,8.95,54.36,33.13,83.57,0.8494,-1,-1,-1
376,326,49.70,46.93,31.90,84.70,0.9044,-1,-1,-1
377,322,495.30,201.24,67.87,131.34,0.9314,-1,-1,-1
377,324,164.23,198.31,57.57,130.35,0.9269,-1,-1,-1
377,328,7.76,53.96,33.72,84.55,0.8559,-1,-1,-1
377,326,48.79,47.42,32.04,84.72,0.9080,-1,-1,-1
378,322,501.62,199.96,67.17,130.79,0.9313,-1,-1,-1
378,324,165.24,198.87,57.00,129.93,0.9231,-1,-1,-1
378,328,6.49,54.31,34.19,85.24,0.8902,-1,-1,-1
378,326,48.06,47.88,32.15,84.82,0.9093,-1,-1,-1
379,322,507.87,198.74,66.19,131.42,0.9016,-1,-1,-1
379,324,166.25,199.20,56.51,129.91,0.9172,-1,-1,-1
379,328,4.94,54.76,34.72,86.61,0.8782,-1,-1,-1
379,326,47.25,48.65,32.36,85.40,0.9051,-1,-1,-1
380,322,514.93,197.34,65.42,134.88,0.8968,-1,-1,-1
380,324,166.69,199.80,56.79,132.10,0.9144,-1,-1,-1
380,328,3.53,55.44,35.17,88.24,0.8622,-1,-1,-1
380,326,46.43,49.46,32.57,86.36,0.8967,-1,-1,-1
381,322,521.11,196.36,64.00,137.47,0.8889,-1,-1,-1
381,324,166.40,200.81,57.62,136.34,0.9167,-1,-1,-1
381,328,2.79,57.11,35.37,89.33,0.8553,-1,-1,-1
381,326,45.81,51.14,32.45,86.59,0.8882,-1,-1,-1
382,322,526.26,195.96,61.68,136.37,0.8993,-1,-1,-1
382,324,166.81,202.39,58.16,139.92,0.9195,-1,-1,-1
382,328,2.27,58.85,35.10,89.82,0.8620,-1,-1,-1
382,326,45.19,52.27,32.14,86.53,0.8795,-1,-1,-1
383,322,531.85,196.28,59.73,133.53,0.9150,-1,-1,-1
383,324,168.90,204.27,59.00,143.29,0.9246,-1,-1,-1
383,328,2.07,60.67,34.57,89.34,0.8640,-1,-1,-1
383,326,44.77,53.24,31.88,86.58,0.8869,-1,-1,-1
384,322,538.47,197.55,59.81,131.11,0.9277,-1,-1,-1
384,324,173.56,207.98,59.04,142.42,0.9226,-1,-1,-1
384,328,1.44,62.78,34.29,89.49,0.8863,-1,-1,-1
384,326,43.83,54.61,31.99,87.98,0.8801,-1,-1,-1
385,322,544.22,198.74,60.45,128.62,0.9356,-1,-1,-1
385,324,176.83,210.11,59.43,142.56,0.9318,-1,-1,-1
385,328,0.61,63.83,33.97,89.27,0.8735,-1,-1,-1
385,326,43.49,55.38,31.67,87.92,0.8813,-1,-1,-1
386,322,546.79,199.03,61.85,127.58,0.9270,-1,-1,-1
386,324,179.23,212.14,59.61,142.69,0.9360,-1,-1,-1
386,328,0.25,64.40,33.74,89.04,0.8734,-1,-1,-1
386,326,43.27,56.06,31.44,87.81,0.8961,-1,-1,-1
387,322,548.97,199.15,63.38,127.50,0.9325,-1,-1,-1
387,324,181.54,213.57,59.27,142.25,0.9412,-1,-1,-1
387,328,-0.00,64.49,33.59,89.01,0.8760,-1,-1,-1
387,326,43.18,56.45,31.21,87.63,0.8916,-1,-1,-1
388,322,551.56,198.60,64.54,127.46,0.9269,-1,-1,-1
388,324,184.05,215.05,58.45,141.20,0.9327,-1,-1,-1
388,328,-0.11,64.35,33.67,89.55,0.8825,-1,-1,-1
388,326,43.30,56.90,30.81,86.67,0.8899,-1,-1,-1
389,322,556.03,197.86,64.20,125.85,0.9210,-1,-1,-1
389,324,186.69,216.17,57.47,140.58,0.9175,-1,-1,-1
389,328,-0.12,64.29,33.73,89.76,0.8897,-1,-1,-1
389,326,43.12,57.28,30.66,86.30,0.9017,-1,-1,-1
390,322,561.74,196.54,63.29,124.49,0.9001,-1,-1,-1
390,324,189.21,216.90,56.49,140.09,0.9177,-1,-1,-1
390,328,0.08,64.45,33.85,89.97,0.9044,-1,-1,-1
390,326,43.12,57.99,30.72,86.31,0.9124,-1,-1,-1
391,322,568.22,195.06,62.54,124.47,0.9109,-1,-1,-1
391,324,192.12,217.50,55.66,139.52,0.9301,-1,-1,-1
391,328,-0.13,64.81,34.06,90.58,0.9133,-1,-1,-1
391,326,42.89,58.64,31.23,87.70,0.9139,-1,-1,-1
392,322,576.19,193.48,61.66,125.38,0.9005,-1,-1,-1
392,324,194.92,217.89,55.42,139.55,0.9330,-1,-1,-1
392,328,-0.59,66.01,34.46,92.05,0.9062,-1,-1,-1
392,326,42.41,59.52,32.03,90.07,0.9145,-1,-1,-1
393,322,584.88,192.35,60.61,126.19,0.9039,-1,-1,-1
393,324,198.53,218.67,55.33,138.33,0.9221,-1,-1,-1
393,328,-1.16,67.40,34.81,93.69,0.9173,-1,-1,-1
393,326,41.70,60.52,32.47,91.55,0.9156,-1,-1,-1
394,322,591.76,191.36,60.00,126.72,0.9159,-1,-1,-1
394,324,203.29,219.63,55.79,137.16,0.9317,-1,-1,-1
394,328,-1.11,69.18,34.55,93.47,0.9139,-1,-1,-1
394,326,41.24,61.33,32.72,92.37,0.9092,-1,-1,-1
395,322,596.68,191.10,59.89,126.58,0.9323,-1,-1,-1
395,324,208.36,221.02,56.98,136.79,0.9398,-1,-1,-1
395,328,-1.08,70.80,34.35,93.41,0.9093,-1,-1,-1
395,326,40.86,63.21,32.49,91.49,0.8864,-1,-1,-1
396,322,600.17,190.98,60.72,127.00,0.9300,-1,-1,-1
396,324,212.85,222.96,58.72,137.68,0.9367,-1,-1,-1
396,328,-1.13,72.86,34.20,93.59,0.8790,-1,-1,-1
396,326,40.52,64.73,32.39,90.88,0.8871,-1,-1,-1
397,322,602.94,191.16,62.00,127.20,0.9393,-1,-1,-1
397,324,216.58,224.89,60.26,138.50,0.9381,-1,-1,-1
397,328,-1.28,74.38,34.29,94.60,0.8634,-1,-1,-1
397,326,40.07,65.64,32.41,90.51,0.8857,-1,-1,-1
398,322,605.52,191.37,63.14,126.71,0.9430,-1,-1,-1
398,324,219.38,226.58,61.55,139.13,0.9355,-1,-1,-1
398,328,-1.45,75.21,34.28,95.40,0.8778,-1,-1,-1
398,326,39.58,66.43,32.48,90.38,0.8754,-1,-1,-1
399,322,607.93,191.17,64.59,126.83,0.9382,-1,-1,-1
399,324,221.51,228.49,62.80,140.58,0.9363,-1,-1,-1
399,328,-1.34,75.63,33.95,95.15,0.8773,-1,-1,-1
399,326,39.43,66.81,32.59,90.20,0.8737,-1,-1,-1
400,322,610.89,190.39,65.91,127.04,0.9356,-1,-1,-1
400,324,223.23,229.73,63.51,141.47,0.9357,-1,-1,-1
400,328,-1.72,76.15,33.53,95.05,0.8736,-1,-1,-1
400,326,38.68,67.60,32.69,89.89,0.8758,-1,-1,-1
401,322,614.19,189.87,65.74,124.90,0.9229,-1,-1,-1
401,324,224.84,230.81,63.51,141.42,0.9438,-1,-1,-1
401,328,-2.23,75.74,33.03,95.11,0.8627,-1,-1,-1
401,326,38.20,67.84,32.90,89.89,0.8868,-1,-1,-1
402,322,620.50,188.89,64.47,122.72,0.9053,-1,-1,-1
402,324,226.49,231.75,63.07,141.00,0.9365,-1,-1,-1
402,328,-2.52,75.85,32.61,95.46,0.8763,-1,-1,-1
402,326,37.69,68.08,33.50,91.11,0.8992,-1,-1,-1
403,322,627.73,187.94,61.88,119.48,0.9075,-1,-1,-1
403,324,227.92,232.47,62.45,140.38,0.9299,-1,-1,-1
403,328,-2.74,75.48,32.09,95.68,0.8867,-1,-1,-1
403,326,37.33,68.31,33.83,91.75,0.8974,-1,-1,-1
404,322,633.36,186.45,60.33,118.73,0.8767,-1,-1,-1
404,324,229.33,233.17,61.66,139.75,0.9238,-1,-1,-1
404,328,-2.81,75.50,31.57,95.88,0.8870,-1,-1,-1
404,326,37.03,68.51,34.04,92.06,0.8942,-1,-1,-1
405,322,639.79,185.42,59.13,119.60,0.8649,-1,-1,-1
405,324,230.93,234.00,60.67,139.05,0.9165,-1,-1,-1
405,328,-3.46,75.54,31.32,97.52,0.8804,-1,-1,-1
405,326,36.63,69.20,34.38,92.79,0.8998,-1,-1,-1
406,322,643.82,184.75,58.73,121.21,0.8899,-1,-1,-1
406,324,232.06,234.54,60.48,140.57,0.9155,-1,-1,-1
406,328,-3.99,75.68,31.06,99.46,0.8546,-1,-1,-1
406,326,36.48,69.98,34.87,93.72,0.8900,-1,-1,-1
407,322,646.51,184.25,58.69,122.62,0.8976,-1,-1,-1
407,324,232.73,235.44,61.24,145.35,0.9138,-1,-1,-1
407,328,-4.18,77.53,30.33,99.99,0.8479,-1,-1,-1
407,326,36.08,70.81,35.29,94.38,0.8984,-1,-1,-1
408,322,652.43,185.85,58.74,120.72,0.9122,-1,-1,-1
408,324,234.57,238.67,63.34,152.43,0.9256,-1,-1,-1
408,328,-4.33,80.71,29.58,100.54,0.8162,-1,-1,-1
408,326,35.93,72.89,35.42,94.64,0.9033,-1,-1,-1
409,322,657.11,187.07,59.74,119.34,0.8971,-1,-1,-1
409,324,237.49,241.71,64.31,155.11,0.9249,-1,-1,-1
409,328,-4.11,82.14,28.98,101.33,0.8077,-1,-1,-1
409,326,35.99,74.39,35.40,94.73,0.8998,-1,-1,-1
410,322,660.14,188.12,61.15,117.96,0.8117,-1,-1,-1
410,324,240.77,244.53,64.61,155.02,0.9343,-1,-1,-1
410,328,-4.11,83.96,28.42,102.33,0.8034,-1,-1,-1
410,326,36.17,75.38,35.58,95.20,0.8875,-1,-1,-1
411,322,663.31,189.34,62.72,116.39,0.8291,-1,-1,-1
411,324,243.94,247.06,64.84,154.51,0.9422,-1,-1,-1
411,328,-4.50,83.81,28.06,104.57,0.7955,-1,-1,-1
411,326,36.36,76.19,35.73,95.68,0.8890,-1,-1,-1
412,322,665.90,190.38,63.82,114.64,0.8542,-1,-1,-1
412,324,246.41,249.40,65.18,154.40,0.9330,-1,-1,-1
412,328,-4.50,85.58,26.98,104.09,0.7807,-1,-1,-1
412,326,36.48,76.56,35.61,95.50,0.8972,-1,-1,-1
413,322,669.79,191.54,64.62,112.34,0.7619,-1,-1,-1
413,324,248.74,251.35,64.98,153.76,0.9287,-1,-1,-1
413,328,-4.74,85.71,26.05,104.45,0.7658,-1,-1,-1
413,326,36.71,76.87,35.59,95.54,0.8985,-1,-1,-1
414,322,676.31,191.24,66.46,112.37,0.3269,-1,-1,-1
414,324,251.79,252.99,64.26,152.87,0.9295,-1,-1,-1
414,328,-4.91,85.41,25.17,105.14,0.7163,-1,-1,-1
414,326,36.79,77.13,35.58,95.66,0.9050,-1,-1,-1
415,322,680.66,191.59,66.61,111.81,0.1965,-1,-1,-1
415,324,254.61,254.23,63.18,151.96,0.9205,-1,-1,-1
415,328,-4.39,86.21,24.02,104.01,0.7881,-1,-1,-1
415,326,36.74,77.40,35.68,96.13,0.9095,-1,-1,-1
416,324,257.95,255.42,61.82,151.14,0.9272,-1,-1,-1
416,328,-3.94,87.23,22.87,102.41,0.7477,-1,-1,-1
416,326,36.76,78.07,35.81,96.78,0.9126,-1,-1,-1
417,324,261.90,255.90,60.54,150.20,0.9378,-1,-1,-1
417,328,-3.35,88.19,21.90,100.93,0.7801,-1,-1,-1
417,326,36.61,79.28,36.09,97.92,0.9063,-1,-1,-1
418,324,265.71,256.22,59.69,149.68,0.9341,-1,-1,-1
418,328,-2.58,89.03,21.39,100.65,0.8132,-1,-1,-1
418,326,36.54,80.35,36.23,98.72,0.8992,-1,-1,-1
419,324,269.73,257.20,58.95,148.49,0.9331,-1,-1,-1
419,328,-1.83,89.05,21.67,103.35,0.8024,-1,-1,-1
419,326,36.72,81.33,36.43,99.91,0.8888,-1,-1,-1
420,324,275.29,258.62,58.71,146.61,0.9292,-1,-1,-1
420,328,-1.34,88.96,21.79,105.01,0.7959,-1,-1,-1
420,326,36.98,82.37,36.25,100.02,0.8962,-1,-1,-1
421,324,281.35,260.57,59.44,145.75,0.9374,-1,-1,-1
421,328,-0.84,89.02,22.17,107.45,0.7465,-1,-1,-1
421,326,37.30,84.08,36.13,100.20,0.8984,-1,-1,-1
422,324,286.66,262.52,61.47,147.55,0.9253,-1,-1,-1
422,328,-0.08,89.14,22.02,106.37,0.6817,-1,-1,-1
422,326,37.69,85.86,35.65,99.37,0.8860,-1,-1,-1
423,324,291.74,264.99,63.25,148.32,0.9343,-1,-1,-1
423,328,-0.38,94.28,21.62,105.11,0.5323,-1,-1,-1
423,326,37.92,86.84,35.78,100.36,0.8813,-1,-1,-1
424,324,295.21,267.19,64.84,149.23,0.9380,-1,-1,-1
424,328,-1.75,103.70,20.75,103.58,0.4468,-1,-1,-1
424,326,38.34,87.76,35.45,99.80,0.8873,-1,-1,-1
425,324,297.81,269.29,66.00,150.13,0.9382,-1,-1,-1
425,328,-0.92,99.13,21.37,107.15,0.5708,-1,-1,-1
425,326,38.71,88.30,35.26,99.48,0.8987,-1,-1,-1
426,324,299.45,270.90,67.21,152.09,0.9336,-1,-1,-1
426,328,-1.33,97.51,21.47,109.35,0.5113,-1,-1,-1
426,326,38.93,88.33,35.42,99.76,0.9039,-1,-1,-1
427,324,300.49,272.26,67.62,152.31,0.9343,-1,-1,-1
427,328,-1.59,101.56,19.60,101.83,0.5400,-1,-1,-1
427,326,39.61,88.63,35.41,99.18,0.9292,-1,-1,-1
428,324,301.63,273.40,67.54,151.88,0.9289,-1,-1,-1
428,328,-2.33,105.52,19.33,103.48,0.4906,-1,-1,-1
428,326,40.08,88.80,35.48,98.82,0.9294,-1,-1,-1
429,324,303.55,274.18,66.97,151.27,0.9272,-1,-1,-1
429,328,-2.80,111.39,18.53,102.69,0.4661,-1,-1,-1
429,326,40.64,89.22,35.53,98.22,0.9243,-1,-1,-1
430,324,306.37,274.40,66.12,151.00,0.9455,-1,-1,-1
430,328,-2.48,110.83,16.10,92.10,0.5539,-1,-1,-1
430,326,40.89,89.70,36.18,99.27,0.9162,-1,-1,-1
431,324,309.43,275.17,64.67,150.06,0.9318,-1,-1,-1
431,328,-2.81,112.08,15.37,91.56,0.5754,-1,-1,-1
431,326,41.52,90.56,36.87,100.07,0.9243,-1,-1,-1
432,324,312.10,276.73,64.85,153.62,0.9292,-1,-1,-1
432,328,-2.36,119.23,14.73,90.36,0.6468,-1,-1,-1
432,326,42.71,92.78,37.38,100.17,0.9096,-1,-1,-1
433,324,313.54,278.77,66.24,159.84,0.9423,-1,-1,-1
433,328,-2.07,122.95,14.49,91.31,0.7182,-1,-1,-1
433,326,43.76,95.28,37.39,98.86,0.9150,-1,-1,-1
434,324,314.82,281.50,67.71,165.36,0.9407,-1,-1,-1
434,328,-1.97,122.75,14.65,94.83,0.7255,-1,-1,-1
434,326,44.29,96.89,38.16,99.93,0.9119,-1,-1,-1
435,324,317.39,284.01,68.78,168.07,0.9332,-1,-1,-1
435,328,-1.87,124.17,14.54,96.57,0.7177,-1,-1,-1
435,326,44.72,97.69,38.61,100.65,0.8999,-1,-1,-1
436,324,320.44,286.63,69.62,168.65,0.9397,-1,-1,-1
436,328,-1.68,123.11,14.70,99.79,0.7087,-1,-1,-1
436,326,45.42,98.54,38.71,100.61,0.9051,-1,-1,-1
437,324,323.16,289.43,70.33,168.49,0.9384,-1,-1,-1
437,328,-1.35,125.17,14.39,99.36,0.7120,-1,-1,-1
437,326,46.07,99.34,38.49,99.75,0.9069,-1,-1,-1
438,324,325.92,292.18,70.68,167.90,0.9332,-1,-1,-1
438,328,-0.84,128.74,13.90,96.81,0.7289,-1,-1,-1
438,326,46.52,99.89,38.66,99.99,0.9078,-1,-1,-1
439,324,328.79,294.20,70.71,167.49,0.9481,-1,-1,-1
439,328,-0.39,130.89,13.61,95.03,0.7101,-1,-1,-1
439,326,46.85,100.16,38.98,100.72,0.9092,-1,-1,-1
440,324,332.42,295.93,70.10,166.50,0.9470,-1,-1,-1
440,328,-0.30,130.73,13.58,95.23,0.7268,-1,-1,-1
440,326,46.72,100.40,39.41,101.94,0.9162,-1,-1,-1
440,322,793.67,193.11,66.82,117.37,0.7349,-1,-1,-1
441,324,336.95,297.88,68.92,164.89,0.9402,-1,-1,-1
441,328,-0.36,127.38,13.96,98.49,0.7461,-1,-1,-1
441,326,46.81,101.02,39.46,102.29,0.9192,-1,-1,-1
441,322,800.62,193.50,62.85,117.66,0.8492,-1,-1,-1
442,324,342.41,299.32,67.66,163.70,0.9340,-1,-1,-1
442,328,0.07,126.42,14.17,99.51,0.7927,-1,-1,-1
442,326,46.81,101.70,39.86,103.62,0.9157,-1,-1,-1
442,322,808.21,195.18,57.99,117.24,0.7843,-1,-1,-1
443,324,348.20,300.39,66.22,162.74,0.9357,-1,-1,-1
443,328,1.20,130.18,14.03,95.72,0.8423,-1,-1,-1
443,326,46.88,102.72,40.28,105.33,0.8958,-1,-1,-1
443,322,812.68,194.74,54.33,117.60,0.7519,-1,-1,-1
444,324,353.80,301.14,64.96,162.00,0.9407,-1,-1,-1
444,328,1.63,132.34,14.30,94.92,0.8354,-1,-1,-1
444,326,46.59,103.64,41.06,108.12,0.8980,-1,-1,-1
444,322,815.09,193.27,51.53,118.14,0.7733,-1,-1,-1
445,324,359.29,302.18,63.58,160.75,0.9384,-1,-1,-1
445,328,2.06,133.08,14.95,96.10,0.8086,-1,-1,-1
445,326,47.24,105.26,40.56,107.43,0.8987,-1,-1,-1
445,322,816.55,193.73,48.96,117.65,0.5863,-1,-1,-1
446,324,364.02,303.61,62.26,159.25,0.9273,-1,-1,-1
446,328,1.82,132.19,16.08,101.24,0.7909,-1,-1,-1
446,326,47.91,106.93,40.33,107.53,0.8930,-1,-1,-1
446,322,816.46,190.09,49.18,123.95,0.6337,-1,-1,-1
447,324,370.18,305.28,61.40,157.34,0.9355,-1,-1,-1
447,328,1.96,133.83,16.92,103.90,0.7766,-1,-1,-1
447,326,48.43,108.35,40.47,108.70,0.9075,-1,-1,-1
447,322,816.40,187.24,49.56,130.93,0.6249,-1,-1,-1
448,324,377.66,306.95,61.80,156.03,0.9316,-1,-1,-1
448,328,1.70,136.23,17.29,104.24,0.7711,-1,-1,-1
448,326,49.15,110.10,40.06,108.17,0.8986,-1,-1,-1
448,322,818.80,191.63,46.26,127.44,0.6042,-1,-1,-1
449,324,385.04,309.54,62.95,154.86,0.9425,-1,-1,-1
449,328,1.86,139.45,17.35,102.10,0.8117,-1,-1,-1
449,326,49.55,111.46,40.13,108.89,0.9006,-1,-1,-1
449,322,820.92,190.64,44.93,130.25,0.5070,-1,-1,-1