0,420,274.79,92.97,72.88,172.43,0.9252,-1,-1,-1
0,421,189.20,133.22,71.83,204.99,0.9086,-1,-1,-1
0,422,93.74,75.15,42.19,158.11,0.8928,-1,-1,-1
0,423,714.12,57.84,31.71,71.41,0.8461,-1,-1,-1
0,424,153.79,129.57,64.27,193.76,0.6807,-1,-1,-1
0,425,201.13,79.75,49.69,93.61,0.5338,-1,-1,-1
1,420,276.75,92.91,72.54,171.58,0.9266,-1,-1,-1
1,421,193.84,133.09,71.86,205.08,0.8983,-1,-1,-1
1,422,90.90,76.00,42.06,157.66,0.8704,-1,-1,-1
1,423,713.62,57.50,31.85,71.82,0.8613,-1,-1,-1
1,424,155.67,129.58,63.75,192.22,0.6952,-1,-1,-1
1,425,200.56,80.03,47.68,89.95,0.6609,-1,-1,-1
2,420,279.09,92.00,72.06,170.36,0.9061,-1,-1,-1
2,421,201.48,133.67,70.05,199.49,0.8605,-1,-1,-1
2,422,89.02,76.74,41.45,155.54,0.8233,-1,-1,-1
2,423,712.89,57.52,31.90,72.23,0.8348,-1,-1,-1
2,424,159.29,129.57,62.77,189.62,0.7949,-1,-1,-1
2,425,199.09,80.05,46.70,88.40,0.7222,-1,-1,-1
2,426,128.81,110.51,46.79,167.84,0.7199,-1,-1,-1
3,420,283.95,90.96,71.32,169.10,0.9179,-1,-1,-1
3,421,213.15,133.91,71.55,202.17,0.8883,-1,-1,-1
3,422,86.35,77.95,41.33,154.98,0.8479,-1,-1,-1
3,423,711.37,57.25,32.01,72.86,0.8284,-1,-1,-1
3,424,166.13,129.83,61.52,186.60,0.6467,-1,-1,-1
3,425,195.63,80.03,47.22,89.91,0.4880,-1,-1,-1
3,426,128.11,91.61,52.15,186.56,0.8207,-1,-1,-1
4,420,288.89,89.43,70.28,167.85,0.9321,-1,-1,-1
4,421,221.24,134.20,72.09,201.50,0.9152,-1,-1,-1
4,422,83.29,78.32,41.92,156.26,0.8136,-1,-1,-1
4,423,710.04,56.70,32.06,73.45,0.8609,-1,-1,-1
4,424,168.77,92.33,72.37,222.39,0.7764,-1,-1,-1
4,426,126.13,82.59,54.53,194.73,0.8785,-1,-1,-1
5,420,294.01,88.00,68.08,163.89,0.9219,-1,-1,-1
5,421,224.97,133.27,72.74,200.95,0.9130,-1,-1,-1
5,422,78.09,78.72,42.93,157.41,0.8341,-1,-1,-1
5,423,708.95,56.12,31.96,73.87,0.8560,-1,-1,-1
5,424,174.00,80.42,73.90,232.21,0.6296,-1,-1,-1
5,426,122.74,78.51,55.82,198.97,0.8668,-1,-1,-1
6,420,297.01,85.76,66.98,163.36,0.9215,-1,-1,-1
6,421,226.42,134.43,72.24,196.77,0.9058,-1,-1,-1
6,422,73.40,79.51,44.00,157.54,0.8175,-1,-1,-1
6,423,707.73,55.78,31.74,74.11,0.8393,-1,-1,-1
6,424,182.93,106.59,63.20,200.98,0.7567,-1,-1,-1
6,426,119.79,77.27,56.35,200.34,0.8769,-1,-1,-1
7,420,300.27,84.36,65.74,162.74,0.9239,-1,-1,-1
7,421,227.94,132.76,72.58,195.41,0.9031,-1,-1,-1
7,422,69.61,79.46,45.17,158.19,0.7936,-1,-1,-1
7,423,706.43,55.47,31.43,74.16,0.8253,-1,-1,-1
7,424,187.22,118.28,57.82,184.43,0.5845,-1,-1,-1
7,426,114.67,77.76,56.33,200.50,0.6566,-1,-1,-1
8,420,304.04,83.60,63.96,160.83,0.9362,-1,-1,-1
8,421,229.02,130.50,71.80,192.70,0.8678,-1,-1,-1
8,422,66.50,79.62,46.41,159.27,0.8075,-1,-1,-1
8,423,705.03,55.37,31.08,74.01,0.8013,-1,-1,-1
8,424,195.36,121.56,55.55,180.40,0.7996,-1,-1,-1
8,426,110.44,79.98,56.37,201.14,0.8680,-1,-1,-1
8,425,158.37,79.72,85.02,169.31,0.8873,-1,-1,-1
9,420,307.58,83.84,62.84,159.86,0.9245,-1,-1,-1
9,421,233.58,129.93,70.00,188.28,0.8908,-1,-1,-1
9,422,63.33,79.63,47.94,161.70,0.8545,-1,-1,-1
9,423,703.20,55.36,30.99,74.30,0.8520,-1,-1,-1
9,424,198.80,122.51,54.72,178.81,0.8332,-1,-1,-1
9,426,107.30,83.10,56.12,201.01,0.7783,-1,-1,-1
9,425,155.33,79.93,84.77,176.14,0.8810,-1,-1,-1
10,420,312.57,83.81,62.86,159.58,0.9295,-1,-1,-1
10,421,237.84,128.47,68.63,186.49,0.9121,-1,-1,-1
10,422,60.98,79.86,48.98,162.87,0.8405,-1,-1,-1
10,423,701.68,55.56,30.49,73.56,0.8676,-1,-1,-1
10,424,204.67,122.64,53.73,178.34,0.8580,-1,-1,-1
10,426,102.31,84.19,56.58,202.21,0.8064,-1,-1,-1
10,425,153.71,80.80,82.43,178.08,0.8913,-1,-1,-1
11,420,316.77,83.94,62.97,159.11,0.9219,-1,-1,-1
11,421,243.56,126.90,67.51,185.04,0.9268,-1,-1,-1
11,422,58.23,79.88,49.36,163.14,0.8430,-1,-1,-1
11,423,699.60,55.54,30.33,73.23,0.8509,-1,-1,-1
11,424,212.48,123.30,52.52,177.80,0.8271,-1,-1,-1
11,426,95.87,84.95,57.56,203.59,0.8375,-1,-1,-1
11,425,152.72,81.47,79.87,178.35,0.9094,-1,-1,-1
12,420,318.68,84.36,63.04,158.39,0.9225,-1,-1,-1
12,421,248.99,125.04,66.62,184.20,0.9279,-1,-1,-1
12,422,54.74,80.23,48.86,162.13,0.8756,-1,-1,-1
12,423,696.43,55.42,30.57,72.93,0.8685,-1,-1,-1
12,424,216.74,123.21,51.46,177.37,0.8435,-1,-1,-1
12,426,91.44,106.65,53.20,182.72,0.8794,-1,-1,-1
12,425,149.29,82.14,78.48,178.68,0.9133,-1,-1,-1
13,420,319.03,84.14,63.24,158.38,0.9284,-1,-1,-1
13,421,253.72,123.22,66.36,185.50,0.9153,-1,-1,-1
13,422,52.84,80.54,48.57,161.52,0.8787,-1,-1,-1
13,423,693.84,54.48,31.22,73.81,0.8756,-1,-1,-1
13,424,220.64,123.27,51.09,177.36,0.8068,-1,-1,-1
13,426,87.75,115.50,52.82,175.14,0.8970,-1,-1,-1
13,425,144.85,82.37,78.19,179.34,0.9172,-1,-1,-1
14,420,320.07,84.25,62.87,157.11,0.9258,-1,-1,-1
14,421,258.30,121.88,66.02,187.41,0.9160,-1,-1,-1
14,422,49.25,80.34,48.22,162.02,0.8932,-1,-1,-1
14,423,691.99,54.29,31.64,74.18,0.8707,-1,-1,-1
14,424,226.73,122.85,51.91,177.22,0.7976,-1,-1,-1
14,426,84.60,117.89,54.58,173.97,0.8737,-1,-1,-1
14,425,143.12,83.33,77.60,178.84,0.9189,-1,-1,-1
15,420,321.65,83.49,62.43,156.06,0.9266,-1,-1,-1
15,421,263.40,121.58,65.27,187.67,0.9306,-1,-1,-1
15,422,46.22,80.22,47.94,162.42,0.8512,-1,-1,-1
15,423,690.63,54.53,31.67,74.03,0.8675,-1,-1,-1
15,424,231.32,123.50,52.34,175.74,0.8178,-1,-1,-1
15,426,80.80,98.80,62.15,194.06,0.8796,-1,-1,-1
15,425,142.57,83.81,77.21,178.74,0.9101,-1,-1,-1
16,420,324.61,82.52,61.46,154.12,0.9251,-1,-1,-1
16,421,270.49,122.51,64.70,186.47,0.9152,-1,-1,-1
16,422,42.37,80.70,47.38,161.59,0.8456,-1,-1,-1
16,423,690.16,54.60,31.44,73.90,0.8660,-1,-1,-1
16,424,234.95,122.97,52.28,173.80,0.8404,-1,-1,-1
16,426,77.73,92.71,66.06,202.21,0.8781,-1,-1,-1
16,425,141.59,84.98,76.91,178.16,0.9151,-1,-1,-1
17,420,329.62,82.01,60.38,151.86,0.9286,-1,-1,-1
17,421,275.88,122.79,64.77,186.30,0.9214,-1,-1,-1
17,422,38.45,80.92,47.55,162.06,0.8906,-1,-1,-1
17,423,689.37,55.11,30.89,73.18,0.8766,-1,-1,-1
17,424,239.82,120.61,52.04,173.22,0.8197,-1,-1,-1
17,426,76.00,90.38,68.64,206.35,0.8848,-1,-1,-1
17,425,139.38,85.27,77.05,178.10,0.9136,-1,-1,-1
18,420,335.27,80.51,59.67,150.73,0.9244,-1,-1,-1
18,421,278.64,121.04,65.57,188.25,0.9242,-1,-1,-1
18,422,33.38,81.24,48.82,165.44,0.9047,-1,-1,-1
18,423,688.78,55.08,30.53,73.04,0.8771,-1,-1,-1
18,424,246.68,119.04,50.83,170.52,0.8456,-1,-1,-1
18,426,74.87,89.87,70.06,207.50,0.8850,-1,-1,-1
18,425,136.73,85.39,77.20,177.88,0.9033,-1,-1,-1
19,420,341.34,79.09,59.30,150.91,0.9229,-1,-1,-1
19,421,281.69,120.59,65.96,188.59,0.9253,-1,-1,-1
19,422,28.00,82.61,50.23,167.77,0.8910,-1,-1,-1
19,423,688.10,55.18,30.00,72.66,0.8755,-1,-1,-1
19,424,253.53,116.67,49.68,169.65,0.8595,-1,-1,-1
19,426,73.94,90.66,70.77,207.03,0.8559,-1,-1,-1
19,425,134.09,86.12,76.86,176.80,0.9000,-1,-1,-1
20,420,347.20,78.57,58.90,150.96,0.9159,-1,-1,-1
20,421,284.00,119.12,66.19,189.14,0.9114,-1,-1,-1
20,422,23.07,83.90,51.57,170.04,0.9027,-1,-1,-1
20,423,687.00,54.87,29.52,72.71,0.8618,-1,-1,-1
20,424,259.19,114.80,48.51,168.49,0.8766,-1,-1,-1
20,426,72.92,90.85,71.49,206.97,0.7350,-1,-1,-1
20,425,132.28,86.82,75.88,176.08,0.9177,-1,-1,-1
21,420,351.49,77.97,58.82,151.38,0.9196,-1,-1,-1
21,421,287.48,117.00,64.68,186.59,0.8770,-1,-1,-1
21,422,17.74,84.87,52.99,171.31,0.8884,-1,-1,-1
21,423,685.51,54.58,29.30,73.26,0.8629,-1,-1,-1
21,424,263.16,113.72,48.14,170.10,0.8674,-1,-1,-1
21,426,68.61,90.70,71.40,206.30,0.7148,-1,-1,-1
21,425,129.05,87.65,74.95,176.07,0.8910,-1,-1,-1
22,420,355.13,77.14,59.05,152.08,0.9381,-1,-1,-1
22,421,293.71,115.97,60.28,176.66,0.8735,-1,-1,-1
22,422,14.61,87.49,53.33,169.51,0.8645,-1,-1,-1
22,423,683.85,54.45,28.65,72.52,0.8596,-1,-1,-1
22,424,266.74,113.11,47.48,170.04,0.8997,-1,-1,-1
22,426,63.12,90.82,71.06,205.93,0.6891,-1,-1,-1
22,425,124.79,87.38,74.40,177.84,0.8908,-1,-1,-1
23,420,357.46,77.10,59.00,151.70,0.9416,-1,-1,-1
23,421,301.93,114.67,52.46,154.11,0.8686,-1,-1,-1
23,422,11.69,88.92,53.82,168.87,0.8363,-1,-1,-1
23,423,681.41,54.24,28.69,73.05,0.8413,-1,-1,-1
23,424,270.27,113.09,47.62,170.63,0.8710,-1,-1,-1
23,426,62.59,90.57,72.06,206.53,0.8560,-1,-1,-1
23,425,120.70,86.67,73.34,179.28,0.9021,-1,-1,-1
24,420,360.00,76.78,59.01,151.80,0.9441,-1,-1,-1
24,421,308.04,112.82,48.73,143.45,0.9040,-1,-1,-1
24,422,9.95,89.84,54.17,169.03,0.8359,-1,-1,-1
24,423,679.49,54.37,28.59,73.00,0.8245,-1,-1,-1
24,424,273.27,113.35,48.87,171.32,0.8845,-1,-1,-1
24,426,59.03,90.62,72.65,207.10,0.8187,-1,-1,-1
24,425,116.40,86.23,71.60,179.94,0.9126,-1,-1,-1
25,420,361.79,77.08,58.90,151.34,0.9322,-1,-1,-1
25,421,308.83,111.80,55.45,166.28,0.8951,-1,-1,-1
25,422,8.30,89.48,54.14,169.65,0.8312,-1,-1,-1
25,423,678.12,54.27,28.52,73.15,0.8366,-1,-1,-1
25,424,274.46,113.34,50.35,171.98,0.8942,-1,-1,-1
25,426,51.81,90.79,71.91,206.93,0.7926,-1,-1,-1
25,425,112.03,86.90,69.86,180.88,0.9032,-1,-1,-1
26,420,363.76,77.05,58.66,150.56,0.9183,-1,-1,-1
26,421,312.92,110.77,56.87,172.97,0.8889,-1,-1,-1
26,422,5.28,88.58,54.31,171.20,0.8609,-1,-1,-1
26,423,677.11,54.00,28.32,73.35,0.8072,-1,-1,-1
26,424,275.34,113.29,51.36,171.59,0.9046,-1,-1,-1
26,426,45.22,90.89,71.01,207.54,0.7201,-1,-1,-1
26,425,107.99,87.48,68.81,183.41,0.9184,-1,-1,-1
27,420,365.85,77.07,58.33,149.59,0.9152,-1,-1,-1
27,421,317.33,110.54,57.09,175.16,0.8940,-1,-1,-1
27,422,3.47,88.95,53.36,170.59,0.8879,-1,-1,-1
27,423,674.08,53.68,28.56,73.44,0.8078,-1,-1,-1
27,424,277.06,113.18,51.82,170.51,0.9102,-1,-1,-1
27,426,40.22,91.31,71.03,208.41,0.8694,-1,-1,-1
27,425,104.66,88.30,68.20,186.19,0.9136,-1,-1,-1
28,420,368.27,77.23,57.50,147.88,0.9158,-1,-1,-1
28,421,322.62,110.15,57.19,175.36,0.8685,-1,-1,-1
28,422,1.79,88.88,52.74,170.75,0.8713,-1,-1,-1
28,423,672.35,53.25,28.58,73.26,0.8498,-1,-1,-1
28,424,280.12,112.79,51.85,168.93,0.9002,-1,-1,-1
28,426,33.68,92.21,71.44,209.05,0.9006,-1,-1,-1
28,425,102.28,88.93,67.88,189.38,0.9191,-1,-1,-1
29,420,371.14,76.64,56.29,146.20,0.9212,-1,-1,-1
29,421,330.52,109.76,58.53,175.56,0.9158,-1,-1,-1
29,422,-1.43,88.07,52.18,171.52,0.8436,-1,-1,-1
29,423,670.19,52.61,28.97,74.03,0.8487,-1,-1,-1
29,424,283.52,111.57,51.76,167.98,0.9013,-1,-1,-1
29,426,27.56,93.81,72.66,210.22,0.8951,-1,-1,-1
29,425,100.19,89.66,67.43,191.01,0.9118,-1,-1,-1
30,420,373.76,75.99,54.74,144.17,0.9118,-1,-1,-1
30,421,335.33,110.34,59.95,174.81,0.9111,-1,-1,-1
30,422,-4.54,87.52,51.63,173.03,0.8547,-1,-1,-1
30,423,668.22,52.57,29.24,74.46,0.8683,-1,-1,-1
30,424,288.99,110.08,50.98,165.27,0.8939,-1,-1,-1
30,426,22.04,96.53,73.52,209.21,0.8600,-1,-1,-1
30,425,97.52,90.58,67.34,191.76,0.9261,-1,-1,-1
31,420,376.56,74.45,53.51,143.35,0.9119,-1,-1,-1
31,421,336.81,109.68,61.89,175.88,0.9173,-1,-1,-1
31,422,-6.22,87.82,50.49,173.29,0.8703,-1,-1,-1
31,423,667.17,52.33,29.06,74.49,0.8636,-1,-1,-1
31,424,295.41,107.98,50.15,163.56,0.8928,-1,-1,-1
31,426,20.35,114.18,70.03,193.21,0.8613,-1,-1,-1
31,425,95.23,91.47,67.45,191.94,0.9314,-1,-1,-1
32,420,379.44,73.06,52.53,143.05,0.9050,-1,-1,-1
32,421,338.11,109.28,63.27,175.16,0.9105,-1,-1,-1
32,422,-7.06,88.11,48.92,172.46,0.8563,-1,-1,-1
32,423,666.01,51.57,28.85,74.90,0.8631,-1,-1,-1
32,424,302.46,105.48,48.87,161.52,0.9024,-1,-1,-1
32,426,17.07,103.44,75.53,205.25,0.8613,-1,-1,-1
32,425,93.18,92.49,67.81,192.16,0.9219,-1,-1,-1
33,420,382.34,72.13,51.37,142.02,0.9023,-1,-1,-1
33,421,338.97,108.49,64.20,174.35,0.9046,-1,-1,-1
33,422,-7.74,86.95,46.96,170.77,0.8266,-1,-1,-1
33,423,665.20,50.91,28.41,74.76,0.8353,-1,-1,-1
33,424,308.50,103.83,47.42,158.70,0.9231,-1,-1,-1
33,426,15.22,100.13,78.52,210.91,0.9084,-1,-1,-1
33,425,90.21,93.57,68.52,192.22,0.9306,-1,-1,-1
34,420,385.64,71.83,50.46,140.73,0.9004,-1,-1,-1
34,421,339.53,108.15,62.92,170.90,0.8963,-1,-1,-1
34,422,-8.74,86.31,44.85,169.56,0.8199,-1,-1,-1
34,423,663.98,50.40,28.08,74.86,0.8435,-1,-1,-1
34,424,311.88,102.38,46.86,158.28,0.9216,-1,-1,-1
34,426,13.41,101.11,79.58,211.86,0.7681,-1,-1,-1
34,425,88.95,93.89,68.84,192.15,0.9281,-1,-1,-1
35,420,390.66,71.58,49.97,139.36,0.9122,-1,-1,-1
35,421,342.78,107.90,61.93,168.43,0.8895,-1,-1,-1
35,422,-9.26,88.42,42.37,167.19,0.8145,-1,-1,-1
35,423,662.29,50.07,27.88,74.94,0.8480,-1,-1,-1
35,424,315.97,101.54,46.04,157.82,0.9116,-1,-1,-1
35,426,12.05,100.28,80.68,213.17,0.6956,-1,-1,-1
35,425,87.54,94.38,68.89,192.09,0.9145,-1,-1,-1
36,420,395.06,71.75,49.13,136.25,0.8994,-1,-1,-1
36,421,347.79,106.93,60.79,166.70,0.9016,-1,-1,-1
36,422,-9.32,91.33,38.15,157.92,0.7930,-1,-1,-1
36,423,660.28,49.90,27.93,75.38,0.8294,-1,-1,-1
36,424,319.84,101.17,45.48,158.04,0.8789,-1,-1,-1
36,426,21.38,100.30,72.45,189.53,0.5790,-1,-1,-1
36,425,84.69,94.76,68.49,191.70,0.8899,-1,-1,-1
37,420,398.70,71.99,48.04,133.03,0.8930,-1,-1,-1
37,421,352.52,105.25,60.14,166.25,0.9168,-1,-1,-1
37,422,-9.14,92.86,34.05,148.55,0.7390,-1,-1,-1
37,423,658.68,50.17,27.83,75.14,0.8237,-1,-1,-1
37,424,324.49,101.03,45.53,158.42,0.8684,-1,-1,-1
37,426,22.26,99.90,70.42,183.70,0.5569,-1,-1,-1
37,425,80.76,94.97,68.12,191.84,0.8800,-1,-1,-1
38,420,401.29,72.46,47.01,130.74,0.8919,-1,-1,-1
38,421,357.39,104.10,59.56,166.13,0.9031,-1,-1,-1
38,423,657.40,50.76,27.52,74.06,0.7976,-1,-1,-1
38,424,327.99,101.51,45.97,158.70,0.8818,-1,-1,-1
38,426,20.21,99.30,70.48,184.14,0.5809,-1,-1,-1
38,425,76.42,95.55,67.39,191.72,0.9002,-1,-1,-1
38,428,1.54,135.89,69.25,177.63,0.6770,-1,-1,-1
39,420,403.33,72.34,46.17,129.76,0.9013,-1,-1,-1
39,421,361.57,103.23,58.97,165.24,0.8987,-1,-1,-1
39,423,654.50,51.07,27.75,73.64,0.7893,-1,-1,-1
39,424,330.51,102.02,46.25,157.81,0.8794,-1,-1,-1
39,426,14.32,99.65,72.31,190.00,0.5355,-1,-1,-1
39,425,72.85,96.03,66.22,191.26,0.9211,-1,-1,-1
39,428,-3.63,136.08,69.17,177.98,0.7536,-1,-1,-1
40,420,405.50,72.85,45.55,129.08,0.9098,-1,-1,-1
40,421,364.87,103.35,59.09,165.78,0.8981,-1,-1,-1
40,423,652.67,50.56,28.01,73.84,0.8158,-1,-1,-1
40,424,331.24,101.83,46.50,157.12,0.8602,-1,-1,-1
40,426,10.25,99.98,70.71,187.39,0.6658,-1,-1,-1
40,425,68.52,96.09,65.00,191.14,0.9075,-1,-1,-1
40,428,-8.40,133.66,69.63,180.58,0.7971,-1,-1,-1
41,420,408.65,72.14,45.30,129.69,0.8891,-1,-1,-1
41,421,368.94,104.03,58.54,164.85,0.9034,-1,-1,-1
41,423,651.74,49.61,28.12,74.39,0.8575,-1,-1,-1
41,424,332.71,100.77,46.91,156.89,0.8819,-1,-1,-1
41,426,6.40,100.09,68.41,183.87,0.7964,-1,-1,-1
41,425,64.37,96.46,63.45,190.39,0.9123,-1,-1,-1
41,428,-13.35,134.86,69.01,181.79,0.7730,-1,-1,-1
42,420,411.73,71.78,45.03,129.87,0.8989,-1,-1,-1
42,421,372.41,104.98,58.34,163.95,0.9023,-1,-1,-1
42,423,650.61,49.19,28.15,74.92,0.8489,-1,-1,-1
42,424,335.27,99.75,46.64,154.71,0.8303,-1,-1,-1
42,426,3.29,100.66,66.53,182.31,0.8743,-1,-1,-1
42,425,61.75,96.55,62.39,190.13,0.9078,-1,-1,-1
42,428,-15.13,135.34,68.48,184.00,0.8426,-1,-1,-1
43,420,414.53,71.29,44.84,130.23,0.9083,-1,-1,-1
43,421,375.85,105.07,58.32,163.93,0.9087,-1,-1,-1
43,423,649.87,48.64,28.08,75.44,0.8531,-1,-1,-1
43,424,339.55,99.00,45.52,150.71,0.8324,-1,-1,-1
43,426,-0.05,101.23,64.87,181.95,0.8734,-1,-1,-1
43,425,60.18,97.25,61.60,189.46,0.9203,-1,-1,-1
43,428,-15.80,136.35,67.35,185.37,0.8015,-1,-1,-1
44,420,417.11,70.68,44.89,131.00,0.8911,-1,-1,-1
44,421,379.23,103.59,58.72,165.61,0.9096,-1,-1,-1
44,423,648.80,48.43,27.75,74.92,0.8606,-1,-1,-1
44,424,343.23,97.98,45.05,148.74,0.8763,-1,-1,-1
44,426,-2.96,101.53,63.64,181.15,0.8794,-1,-1,-1
44,425,57.55,98.00,61.56,189.13,0.9326,-1,-1,-1
44,428,-14.47,137.57,65.34,184.23,0.7551,-1,-1,-1
45,420,419.14,69.09,45.33,132.40,0.8858,-1,-1,-1
45,421,381.58,102.65,58.93,166.43,0.9227,-1,-1,-1
45,423,647.84,48.56,27.44,74.23,0.8638,-1,-1,-1
45,424,347.80,96.75,44.01,146.10,0.8986,-1,-1,-1
45,426,-3.92,102.73,62.51,179.84,0.8248,-1,-1,-1
45,425,53.39,99.40,62.28,188.39,0.9378,-1,-1,-1
46,420,420.19,67.09,45.98,134.04,0.8666,-1,-1,-1
46,421,384.31,102.38,58.51,165.79,0.9122,-1,-1,-1
46,423,646.48,48.51,27.39,74.00,0.8368,-1,-1,-1
46,424,352.31,95.42,43.37,145.49,0.9150,-1,-1,-1
46,426,-8.29,103.52,68.11,201.40,0.7797,-1,-1,-1
46,425,48.94,100.40,63.83,188.34,0.9211,-1,-1,-1
47,420,422.15,66.29,46.22,134.66,0.8154,-1,-1,-1
47,421,387.62,100.51,58.23,165.68,0.9033,-1,-1,-1
47,423,644.92,48.50,27.10,72.97,0.8029,-1,-1,-1
47,424,355.21,94.37,43.29,146.12,0.9207,-1,-1,-1
47,426,-8.34,104.75,68.36,206.50,0.8510,-1,-1,-1
47,425,45.19,101.32,65.66,188.20,0.9175,-1,-1,-1
48,420,428.62,65.52,44.12,128.82,0.8924,-1,-1,-1
48,421,394.39,97.63,54.67,156.23,0.8845,-1,-1,-1
48,423,642.27,48.55,27.44,73.61,0.7845,-1,-1,-1
48,424,357.09,93.62,43.92,147.11,0.9138,-1,-1,-1
48,426,-9.12,107.05,66.64,206.73,0.8617,-1,-1,-1
48,425,40.76,103.17,67.95,188.82,0.9236,-1,-1,-1
49,420,433.28,66.02,42.91,126.18,0.8536,-1,-1,-1
49,421,398.02,95.53,55.04,158.55,0.8793,-1,-1,-1
49,423,640.60,48.40,27.69,74.15,0.8319,-1,-1,-1
49,424,358.17,93.57,44.41,146.59,0.9010,-1,-1,-1
49,426,-9.94,105.90,65.64,209.81,0.8279,-1,-1,-1
49,425,37.72,103.69,70.28,190.18,0.9241,-1,-1,-1
49,430,104.36,40.13,47.13,95.72,0.6222,-1,-1,-1
50,420,435.67,66.81,41.94,123.46,0.8432,-1,-1,-1
50,421,401.87,94.84,54.05,156.61,0.8733,-1,-1,-1
50,423,638.75,48.17,27.88,74.14,0.8564,-1,-1,-1
50,424,359.19,93.71,45.52,147.05,0.9163,-1,-1,-1
50,426,-10.04,107.28,63.42,208.96,0.7467,-1,-1,-1
50,425,35.46,103.96,72.04,190.27,0.9306,-1,-1,-1
50,430,106.55,39.70,46.79,95.36,0.1991,-1,-1,-1
50,431,220.10,33.16,36.15,88.84,0.6474,-1,-1,-1
51,420,438.45,66.90,41.62,123.28,0.7409,-1,-1,-1
51,421,404.88,94.34,53.24,154.96,0.8753,-1,-1,-1
51,423,637.21,48.24,28.06,74.20,0.8687,-1,-1,-1
51,424,360.56,93.83,46.68,147.49,0.9196,-1,-1,-1
51,426,-7.88,110.20,61.18,205.62,0.5557,-1,-1,-1
51,425,32.56,104.20,73.49,189.98,0.9195,-1,-1,-1
51,431,221.41,33.70,36.58,89.86,0.5448,-1,-1,-1
52,420,441.92,66.80,41.14,123.51,0.7304,-1,-1,-1
52,421,407.57,94.11,52.92,154.80,0.8720,-1,-1,-1
52,423,636.07,48.10,28.30,74.62,0.8709,-1,-1,-1
52,424,362.26,93.32,47.68,147.71,0.9140,-1,-1,-1
52,426,-9.12,112.29,58.84,204.32,0.6303,-1,-1,-1
52,425,28.47,104.16,74.97,190.89,0.9380,-1,-1,-1
52,431,221.97,34.26,36.53,89.72,0.6462,-1,-1,-1
53,420,444.30,66.99,40.31,121.66,0.4529,-1,-1,-1
53,421,411.09,94.02,52.53,153.83,0.8932,-1,-1,-1
53,423,635.14,48.08,28.39,74.71,0.8627,-1,-1,-1
53,424,364.34,92.18,48.59,147.71,0.9085,-1,-1,-1
53,426,-6.09,116.88,55.80,196.50,0.4842,-1,-1,-1
53,425,23.10,104.22,75.80,190.94,0.9165,-1,-1,-1
53,431,223.98,34.42,36.64,89.99,0.6705,-1,-1,-1
54,421,416.24,92.83,53.06,154.17,0.8758,-1,-1,-1
54,423,634.17,47.57,28.53,75.07,0.8647,-1,-1,-1
54,424,367.15,91.68,48.54,145.76,0.9004,-1,-1,-1
54,426,-5.52,122.41,50.12,180.17,0.5626,-1,-1,-1
54,425,17.65,104.23,76.21,191.36,0.9182,-1,-1,-1
54,431,226.41,34.15,35.71,87.82,0.6369,-1,-1,-1
55,421,421.52,91.86,53.65,153.30,0.8956,-1,-1,-1
55,423,633.39,46.51,28.74,75.92,0.8689,-1,-1,-1
55,424,371.72,90.62,48.07,142.26,0.8752,-1,-1,-1
55,426,-6.51,120.69,48.05,177.81,0.1217,-1,-1,-1
55,425,11.44,104.15,76.53,192.26,0.9066,-1,-1,-1
55,431,229.77,33.68,34.98,86.71,0.7993,-1,-1,-1
56,421,424.77,91.60,54.99,154.35,0.9067,-1,-1,-1
56,423,632.77,45.58,28.91,76.81,0.8513,-1,-1,-1
56,424,376.22,89.12,47.74,140.70,0.8910,-1,-1,-1
56,426,-9.54,120.31,47.98,185.73,0.5204,-1,-1,-1
56,425,6.54,104.49,75.89,192.04,0.9180,-1,-1,-1
56,431,233.46,32.73,34.37,86.20,0.7824,-1,-1,-1
57,421,425.70,90.58,56.28,155.92,0.9220,-1,-1,-1
57,423,632.47,45.24,28.70,76.85,0.8440,-1,-1,-1
57,424,380.47,87.98,46.99,139.18,0.8863,-1,-1,-1
57,425,-0.22,105.07,74.94,191.96,0.9269,-1,-1,-1
57,431,236.13,32.05,33.62,85.66,0.7120,-1,-1,-1
58,421,427.22,91.84,56.31,154.26,0.9224,-1,-1,-1
58,423,632.19,45.13,28.45,76.88,0.8541,-1,-1,-1
58,424,384.20,86.61,46.39,138.96,0.8844,-1,-1,-1
58,425,-5.83,105.55,74.39,194.45,0.9186,-1,-1,-1
58,431,237.77,31.62,34.55,89.84,0.5904,-1,-1,-1
59,421,428.71,86.91,57.78,157.24,0.8689,-1,-1,-1
59,423,631.89,45.17,28.06,76.44,0.8623,-1,-1,-1
59,424,387.95,85.68,45.62,138.33,0.8965,-1,-1,-1
59,425,-8.44,106.11,73.82,197.38,0.9275,-1,-1,-1
60,421,431.47,83.73,58.13,157.76,0.8475,-1,-1,-1
60,423,631.52,45.04,27.67,75.95,0.8639,-1,-1,-1
60,424,391.36,85.07,44.98,138.40,0.9060,-1,-1,-1
60,425,-9.34,106.95,73.30,200.48,0.9220,-1,-1,-1
61,421,436.29,85.93,56.42,152.77,0.8683,-1,-1,-1
61,423,631.13,44.86,27.43,75.85,0.8516,-1,-1,-1
61,424,394.32,84.79,44.23,137.84,0.8884,-1,-1,-1
61,425,-9.22,107.85,72.66,202.99,0.9321,-1,-1,-1
62,421,441.40,87.14,55.44,149.56,0.9157,-1,-1,-1
62,423,630.70,44.64,27.28,75.89,0.8510,-1,-1,-1
62,424,397.82,84.93,44.13,137.04,0.8825,-1,-1,-1
62,425,-8.57,109.18,71.60,204.01,0.9320,-1,-1,-1
63,421,444.56,85.79,55.25,149.55,0.8911,-1,-1,-1
63,423,630.30,44.60,27.11,75.85,0.8569,-1,-1,-1
63,424,400.02,84.90,44.81,137.43,0.8872,-1,-1,-1
63,425,-7.69,110.79,70.15,203.47,0.9202,-1,-1,-1
64,421,448.12,89.95,53.48,144.68,0.8906,-1,-1,-1
64,423,629.90,45.01,26.78,75.14,0.8635,-1,-1,-1
64,424,401.82,85.42,45.24,136.29,0.8732,-1,-1,-1
64,425,-6.65,112.77,68.60,202.10,0.9107,-1,-1,-1
65,421,450.99,91.35,52.86,142.77,0.8695,-1,-1,-1
65,423,629.39,45.23,26.63,74.98,0.8752,-1,-1,-1
65,424,402.45,85.40,46.07,136.39,0.8718,-1,-1,-1
65,425,-6.02,113.36,67.32,201.23,0.8757,-1,-1,-1
66,421,453.62,91.04,53.09,143.20,0.8659,-1,-1,-1
66,423,629.03,45.33,26.50,74.86,0.8756,-1,-1,-1
66,424,403.44,85.25,46.77,135.91,0.8815,-1,-1,-1
66,425,-5.61,111.23,66.51,201.65,0.8419,-1,-1,-1
67,421,456.00,90.27,53.57,144.44,0.8712,-1,-1,-1
67,423,628.69,45.37,26.31,74.75,0.8771,-1,-1,-1
67,424,405.18,84.88,47.20,135.17,0.8875,-1,-1,-1
67,425,-4.88,116.64,63.27,194.27,0.7983,-1,-1,-1
68,421,458.20,88.21,54.13,146.00,0.8955,-1,-1,-1
68,423,628.55,45.53,26.12,74.61,0.8781,-1,-1,-1
68,424,407.47,83.48,47.39,134.70,0.8439,-1,-1,-1
68,425,-6.16,112.87,61.65,193.33,0.6958,-1,-1,-1
69,421,460.14,87.32,54.17,146.20,0.8888,-1,-1,-1
69,423,628.22,45.61,25.98,74.47,0.8756,-1,-1,-1
69,424,410.65,82.45,46.69,132.73,0.8721,-1,-1,-1
69,425,-4.73,141.41,52.38,166.66,0.5714,-1,-1,-1
70,421,461.35,86.17,54.47,147.66,0.9009,-1,-1,-1
70,423,627.95,45.63,25.89,74.42,0.8787,-1,-1,-1
70,424,413.98,81.37,46.14,131.92,0.8999,-1,-1,-1
71,421,462.77,87.02,53.76,146.52,0.8922,-1,-1,-1
71,423,627.63,45.57,25.81,74.25,0.8757,-1,-1,-1
71,424,419.53,80.12,45.77,131.82,0.8960,-1,-1,-1
72,421,465.83,85.44,52.45,143.84,0.8716,-1,-1,-1
72,423,626.58,45.84,25.83,73.88,0.8546,-1,-1,-1
72,424,424.85,78.72,45.43,132.59,0.8872,-1,-1,-1
73,421,468.62,86.29,51.03,140.88,0.8362,-1,-1,-1
73,423,625.57,45.87,26.12,74.11,0.8654,-1,-1,-1
73,424,427.92,78.17,45.01,132.60,0.8785,-1,-1,-1
74,421,473.05,85.76,44.96,122.01,0.7610,-1,-1,-1
74,423,624.74,45.90,26.52,74.53,0.8646,-1,-1,-1
74,424,429.74,78.36,44.52,131.23,0.8915,-1,-1,-1
75,421,473.41,85.18,47.60,129.59,0.8146,-1,-1,-1
75,423,624.22,46.02,26.82,74.69,0.8471,-1,-1,-1
75,424,430.44,78.74,44.10,130.00,0.8950,-1,-1,-1
75,434,785.87,22.04,28.08,35.66,0.4451,-1,-1,-1
76,421,473.88,84.25,48.91,133.85,0.8845,-1,-1,-1
76,423,623.01,46.18,27.20,74.59,0.8593,-1,-1,-1
76,424,431.70,79.17,44.15,129.62,0.8948,-1,-1,-1
76,434,785.80,21.93,28.22,35.84,0.4560,-1,-1,-1
77,421,475.21,82.55,49.29,135.73,0.8848,-1,-1,-1
77,423,622.03,45.86,27.63,74.91,0.8196,-1,-1,-1
77,424,432.82,79.83,44.38,129.15,0.8978,-1,-1,-1
77,434,785.85,22.14,28.11,35.68,0.4301,-1,-1,-1
78,421,477.05,82.69,49.08,135.62,0.9092,-1,-1,-1
78,423,620.84,45.74,28.09,74.96,0.8269,-1,-1,-1
78,424,434.65,79.66,44.69,129.05,0.9036,-1,-1,-1
78,434,785.83,22.24,28.07,35.60,0.5033,-1,-1,-1
78,435,185.15,37.34,25.24,86.92,0.4812,-1,-1,-1
79,421,479.47,82.44,49.01,135.41,0.9027,-1,-1,-1
79,423,620.30,46.12,28.28,74.57,0.8379,-1,-1,-1
79,424,436.87,79.48,44.99,128.90,0.9157,-1,-1,-1
79,434,785.78,22.20,28.14,35.67,0.4745,-1,-1,-1
79,435,186.53,38.42,25.09,86.33,0.6125,-1,-1,-1
80,421,482.61,81.54,49.03,135.27,0.8878,-1,-1,-1
80,423,620.06,46.33,28.47,74.37,0.8249,-1,-1,-1
80,424,439.72,78.83,44.92,128.31,0.9197,-1,-1,-1
80,434,785.87,22.33,28.03,35.49,0.4614,-1,-1,-1
80,435,187.53,38.33,25.34,87.11,0.5230,-1,-1,-1
81,421,485.74,79.92,49.48,136.15,0.8825,-1,-1,-1
81,423,619.66,46.45,28.58,74.23,0.8453,-1,-1,-1
81,424,442.70,78.59,44.26,126.15,0.9147,-1,-1,-1
81,434,786.03,22.47,27.87,35.26,0.4528,-1,-1,-1
81,435,189.81,37.45,25.48,87.34,0.3896,-1,-1,-1
82,421,487.37,77.37,50.67,139.54,0.8879,-1,-1,-1
82,423,619.34,46.53,28.82,74.34,0.8632,-1,-1,-1
82,424,446.49,77.86,43.42,124.10,0.8880,-1,-1,-1
82,434,785.91,22.16,28.10,35.55,0.4201,-1,-1,-1
82,435,191.11,37.37,25.21,86.10,0.2400,-1,-1,-1
83,421,488.72,77.09,50.68,139.59,0.8772,-1,-1,-1
83,423,619.08,46.55,29.06,74.46,0.8613,-1,-1,-1
83,424,450.19,76.50,42.15,122.25,0.8705,-1,-1,-1
83,434,785.95,22.13,28.13,35.57,0.4673,-1,-1,-1
84,421,491.06,80.44,48.89,134.16,0.8798,-1,-1,-1
84,423,618.86,46.53,29.28,74.62,0.8724,-1,-1,-1
84,424,453.12,75.47,41.51,122.73,0.8805,-1,-1,-1
84,434,785.91,21.94,28.27,35.76,0.4798,-1,-1,-1
85,421,493.07,80.80,48.26,131.75,0.8708,-1,-1,-1
85,423,618.55,46.16,29.54,75.01,0.8762,-1,-1,-1
85,424,456.23,74.65,40.35,122.05,0.8713,-1,-1,-1
85,434,785.93,22.14,28.12,35.53,0.4592,-1,-1,-1
86,421,496.06,80.74,47.54,129.50,0.9085,-1,-1,-1
86,423,618.40,46.00,29.68,75.18,0.8766,-1,-1,-1
86,424,458.21,74.33,39.55,121.83,0.8823,-1,-1,-1
86,434,785.83,22.02,28.26,35.69,0.4831,-1,-1,-1
87,421,499.33,80.04,47.04,128.34,0.9229,-1,-1,-1
87,423,618.04,45.67,29.84,75.39,0.8762,-1,-1,-1
87,424,459.88,73.99,38.91,121.54,0.8413,-1,-1,-1
87,434,786.00,22.33,27.99,35.31,0.4565,-1,-1,-1
88,421,502.64,78.32,46.97,128.68,0.9205,-1,-1,-1
88,423,617.86,45.38,29.99,75.73,0.8786,-1,-1,-1
88,424,462.25,74.21,38.83,121.20,0.8548,-1,-1,-1
88,434,785.97,22.42,27.93,35.17,0.4312,-1,-1,-1
89,421,505.67,78.20,46.55,128.01,0.9132,-1,-1,-1
89,423,617.62,45.28,30.05,75.85,0.8820,-1,-1,-1
89,424,464.06,74.71,38.99,120.66,0.8805,-1,-1,-1
89,434,785.94,22.51,27.87,35.04,0.3848,-1,-1,-1
90,421,509.04,79.10,45.71,126.25,0.8933,-1,-1,-1
90,423,617.47,45.26,30.08,75.93,0.8812,-1,-1,-1
90,424,465.01,74.81,39.29,120.61,0.8854,-1,-1,-1
90,434,785.97,22.81,27.69,34.70,0.4238,-1,-1,-1
90,437,233.01,37.04,32.44,80.18,0.6959,-1,-1,-1
91,421,511.68,79.05,45.58,126.40,0.8942,-1,-1,-1
91,423,617.44,45.45,29.93,75.64,0.8791,-1,-1,-1
91,424,465.52,72.76,40.03,122.21,0.8867,-1,-1,-1
91,434,786.04,22.95,27.68,34.58,0.4335,-1,-1,-1
91,437,235.56,36.48,32.49,80.68,0.4163,-1,-1,-1
92,421,513.79,78.27,45.66,127.22,0.8937,-1,-1,-1
92,423,617.33,45.36,29.85,75.64,0.8722,-1,-1,-1
92,424,466.13,70.81,40.43,122.88,0.8693,-1,-1,-1
92,434,785.94,22.85,27.89,34.77,0.4263,-1,-1,-1
92,437,238.04,36.47,31.72,79.38,0.4911,-1,-1,-1
93,421,515.84,77.74,45.61,127.53,0.8895,-1,-1,-1
93,423,617.19,45.42,29.70,75.52,0.8779,-1,-1,-1
93,424,467.57,70.44,40.47,122.67,0.8275,-1,-1,-1
93,434,785.92,22.70,28.03,34.91,0.4047,-1,-1,-1
93,437,239.83,35.35,31.22,79.04,0.1351,-1,-1,-1
94,421,517.46,77.66,45.72,127.76,0.8900,-1,-1,-1
94,423,617.08,45.61,29.49,75.33,0.8802,-1,-1,-1
94,424,469.98,68.46,40.68,123.05,0.7924,-1,-1,-1
94,434,785.87,22.55,28.18,35.07,0.4118,-1,-1,-1
95,421,518.50,78.25,45.62,127.36,0.8822,-1,-1,-1
95,423,616.91,45.85,29.25,75.10,0.8797,-1,-1,-1
95,424,473.56,70.05,39.44,119.51,0.8352,-1,-1,-1
95,434,785.88,22.74,28.08,34.89,0.4261,-1,-1,-1
96,421,520.88,77.85,44.93,125.98,0.8043,-1,-1,-1
96,423,616.92,45.67,29.14,75.08,0.8842,-1,-1,-1
96,424,479.90,69.92,38.33,117.63,0.8408,-1,-1,-1
96,434,785.81,22.76,28.16,34.94,0.3977,-1,-1,-1
96,437,229.62,30.57,34.29,86.16,0.6761,-1,-1,-1
97,421,522.65,76.00,44.58,126.01,0.7965,-1,-1,-1
97,423,616.95,45.74,28.98,74.97,0.8822,-1,-1,-1
97,424,484.37,69.44,37.77,117.33,0.8465,-1,-1,-1
97,434,785.81,22.81,28.14,34.87,0.3886,-1,-1,-1
98,421,523.42,74.77,44.24,125.51,0.7748,-1,-1,-1
98,423,617.03,45.66,28.90,74.98,0.8872,-1,-1,-1
98,424,487.15,68.17,37.77,118.95,0.8329,-1,-1,-1
98,434,785.83,22.92,28.09,34.73,0.3821,-1,-1,-1
99,421,523.88,73.80,43.83,124.23,0.8269,-1,-1,-1
99,423,617.19,45.73,28.82,74.91,0.8869,-1,-1,-1
99,424,488.34,67.98,37.33,118.21,0.8418,-1,-1,-1
99,434,785.83,22.86,28.14,34.75,0.3769,-1,-1,-1
100,421,525.19,72.79,43.17,122.55,0.8087,-1,-1,-1
100,423,617.33,46.01,28.67,74.63,0.8854,-1,-1,-1
100,424,487.99,69.92,37.01,116.09,0.8515,-1,-1,-1
100,434,785.86,22.97,28.10,34.65,0.3750,-1,-1,-1
101,421,525.99,70.47,43.71,124.19,0.8740,-1,-1,-1
101,423,617.33,46.29,28.51,74.39,0.8834,-1,-1,-1
101,424,487.91,70.67,37.30,115.48,0.8044,-1,-1,-1
101,434,785.94,23.21,27.97,34.43,0.4003,-1,-1,-1
102,421,527.31,69.34,43.74,124.36,0.8683,-1,-1,-1
102,423,617.36,46.26,28.46,74.42,0.8883,-1,-1,-1
102,424,488.07,69.21,38.23,116.77,0.8196,-1,-1,-1
102,434,785.91,23.32,27.95,34.32,0.4007,-1,-1,-1
103,421,529.68,69.44,43.28,123.20,0.8462,-1,-1,-1
103,423,617.35,46.26,28.38,74.35,0.8880,-1,-1,-1
103,424,489.10,68.12,38.96,117.52,0.8670,-1,-1,-1
103,434,785.82,23.28,28.09,34.44,0.3838,-1,-1,-1
104,421,532.14,68.72,43.48,123.34,0.8433,-1,-1,-1
104,423,617.46,46.46,28.26,74.14,0.8849,-1,-1,-1
104,424,490.24,66.57,39.78,118.68,0.8777,-1,-1,-1
104,434,785.75,23.18,28.26,34.60,0.3591,-1,-1,-1
105,421,534.81,68.42,43.68,123.44,0.8461,-1,-1,-1
105,423,617.45,46.57,28.20,74.02,0.8850,-1,-1,-1
105,424,492.13,66.72,39.82,117.46,0.8516,-1,-1,-1
105,434,785.76,23.19,28.30,34.62,0.3733,-1,-1,-1
106,421,537.02,69.53,43.49,121.85,0.8457,-1,-1,-1
106,423,617.31,46.52,28.21,74.13,0.8844,-1,-1,-1
106,424,495.31,65.74,39.47,115.22,0.8505,-1,-1,-1
106,434,785.77,23.21,28.28,34.56,0.4168,-1,-1,-1
107,421,538.83,72.52,42.76,118.96,0.8448,-1,-1,-1
107,423,617.32,46.40,28.23,74.24,0.8813,-1,-1,-1
107,424,498.77,65.13,39.58,114.42,0.8411,-1,-1,-1
107,434,785.65,23.10,28.43,34.70,0.4014,-1,-1,-1
108,421,539.49,72.41,42.65,118.42,0.8338,-1,-1,-1
108,423,617.31,46.18,28.23,74.40,0.8853,-1,-1,-1
108,424,502.33,65.24,38.68,112.41,0.8736,-1,-1,-1
108,434,785.70,23.06,28.43,34.68,0.3963,-1,-1,-1
109,421,541.83,72.99,41.78,115.98,0.8652,-1,-1,-1
109,423,617.27,46.19,28.17,74.37,0.8836,-1,-1,-1
109,424,505.34,64.70,37.95,111.58,0.8810,-1,-1,-1
109,434,785.79,23.18,28.32,34.52,0.4023,-1,-1,-1
110,421,543.75,73.20,41.35,114.22,0.8477,-1,-1,-1
110,423,617.29,46.31,28.08,74.21,0.8852,-1,-1,-1
110,424,507.73,63.90,37.52,112.27,0.8630,-1,-1,-1
110,434,785.79,23.20,28.34,34.53,0.4037,-1,-1,-1
111,421,546.42,72.74,41.25,113.42,0.8758,-1,-1,-1
111,423,617.29,46.13,28.10,74.38,0.8905,-1,-1,-1
111,424,509.39,63.63,36.75,111.77,0.8630,-1,-1,-1
111,434,785.79,23.06,28.40,34.61,0.4252,-1,-1,-1
112,421,548.95,71.16,41.68,113.82,0.8791,-1,-1,-1
112,423,617.33,46.22,28.04,74.33,0.8887,-1,-1,-1
112,424,511.09,63.63,36.10,111.29,0.8676,-1,-1,-1
112,434,785.78,23.03,28.42,34.62,0.4226,-1,-1,-1
113,421,551.46,69.02,42.25,114.76,0.8554,-1,-1,-1
113,423,617.40,46.21,28.00,74.33,0.8909,-1,-1,-1
113,424,512.55,63.65,35.54,110.45,0.8785,-1,-1,-1
113,434,785.80,23.02,28.40,34.58,0.4330,-1,-1,-1
114,421,554.43,68.80,42.32,114.65,0.8567,-1,-1,-1
114,423,617.41,46.13,28.00,74.42,0.8894,-1,-1,-1
114,424,513.67,63.59,35.27,109.87,0.8672,-1,-1,-1
114,434,785.78,22.99,28.43,34.60,0.4244,-1,-1,-1
115,421,557.08,68.52,42.21,114.19,0.8594,-1,-1,-1
115,423,617.48,46.34,27.90,74.21,0.8890,-1,-1,-1
115,424,514.83,64.37,34.88,108.76,0.8480,-1,-1,-1
115,434,785.77,23.02,28.40,34.54,0.4470,-1,-1,-1
116,421,558.36,67.53,42.97,115.91,0.8614,-1,-1,-1
116,423,617.56,46.69,27.75,73.85,0.8853,-1,-1,-1
116,424,515.48,64.69,34.92,108.62,0.8567,-1,-1,-1
116,434,785.75,23.03,28.40,34.53,0.4274,-1,-1,-1
117,421,558.99,67.73,43.32,115.88,0.8921,-1,-1,-1
117,423,617.53,46.69,27.76,73.86,0.8832,-1,-1,-1
117,424,516.16,64.83,34.63,107.26,0.8653,-1,-1,-1
117,434,785.84,23.31,28.23,34.28,0.3982,-1,-1,-1
118,421,560.21,68.48,42.98,113.97,0.8899,-1,-1,-1
118,423,617.52,46.76,27.74,73.78,0.8831,-1,-1,-1
118,424,516.92,64.53,34.78,107.07,0.8512,-1,-1,-1
118,434,785.79,23.38,28.23,34.23,0.3977,-1,-1,-1
119,421,561.73,69.65,42.55,112.17,0.8965,-1,-1,-1
119,423,617.57,46.77,27.72,73.75,0.8809,-1,-1,-1
119,424,518.42,64.22,34.88,106.58,0.8678,-1,-1,-1
119,434,785.67,23.25,28.41,34.45,0.3470,-1,-1,-1
120,421,563.99,69.71,42.66,112.92,0.8836,-1,-1,-1
120,423,617.59,46.42,27.87,74.13,0.8833,-1,-1,-1
120,424,522.31,62.58,34.89,106.73,0.8739,-1,-1,-1
120,434,785.62,23.18,28.51,34.57,0.3485,-1,-1,-1
121,421,565.05,68.74,42.67,113.50,0.8810,-1,-1,-1
121,423,617.65,46.26,27.87,74.22,0.8814,-1,-1,-1
121,424,525.31,61.52,34.82,106.97,0.8815,-1,-1,-1
121,434,785.61,23.17,28.54,34.61,0.3512,-1,-1,-1
122,421,565.56,67.50,42.67,113.86,0.8922,-1,-1,-1
122,423,617.68,46.24,27.84,74.22,0.8819,-1,-1,-1
122,424,528.04,60.85,34.68,107.01,0.8729,-1,-1,-1
122,434,785.63,23.18,28.52,34.58,0.3403,-1,-1,-1
123,421,566.69,66.25,42.43,113.59,0.8806,-1,-1,-1
123,423,617.64,46.15,27.85,74.37,0.8823,-1,-1,-1
123,424,530.64,60.70,34.45,106.91,0.8623,-1,-1,-1
123,434,785.66,23.25,28.47,34.49,0.3694,-1,-1,-1
124,421,567.49,65.17,42.03,112.80,0.8630,-1,-1,-1
124,423,617.67,46.15,27.81,74.39,0.8810,-1,-1,-1
124,424,532.34,60.35,34.11,106.94,0.8575,-1,-1,-1
124,434,785.65,23.30,28.44,34.44,0.3949,-1,-1,-1
125,421,568.21,63.48,41.66,111.88,0.8390,-1,-1,-1
125,423,617.69,46.17,27.76,74.35,0.8825,-1,-1,-1
125,424,533.84,60.22,33.70,106.74,0.8680,-1,-1,-1
125,434,785.65,23.22,28.51,34.53,0.3831,-1,-1,-1
126,421,570.94,63.44,40.98,111.46,0.8821,-1,-1,-1
126,423,617.80,46.19,27.72,74.38,0.8814,-1,-1,-1
126,424,535.33,60.78,33.06,105.47,0.8740,-1,-1,-1
126,434,785.69,23.20,28.48,34.50,0.3851,-1,-1,-1
127,421,572.62,63.49,40.32,110.83,0.9027,-1,-1,-1
127,423,617.87,46.25,27.68,74.37,0.8796,-1,-1,-1
127,424,536.92,61.25,32.54,104.13,0.8786,-1,-1,-1
127,434,785.69,23.21,28.46,34.46,0.3654,-1,-1,-1
128,421,573.87,63.12,39.79,110.46,0.8949,-1,-1,-1
128,423,617.90,46.28,27.64,74.33,0.8816,-1,-1,-1
128,424,537.95,61.43,32.33,103.78,0.8695,-1,-1,-1
128,434,785.71,23.15,28.48,34.50,0.3854,-1,-1,-1
128,438,793.97,121.41,60.29,128.09,0.4548,-1,-1,-1
129,421,575.39,64.17,38.69,107.89,0.9005,-1,-1,-1
129,423,618.04,46.32,27.61,74.32,0.8802,-1,-1,-1
129,424,538.63,61.45,32.08,103.28,0.8708,-1,-1,-1
129,434,785.70,23.09,28.53,34.56,0.3943,-1,-1,-1
129,438,791.64,119.22,60.78,128.78,0.4030,-1,-1,-1
130,421,576.60,64.50,38.25,106.77,0.8967,-1,-1,-1
130,423,618.10,46.35,27.58,74.29,0.8819,-1,-1,-1
130,424,539.27,61.38,32.01,103.27,0.8639,-1,-1,-1
130,434,785.73,23.03,28.53,34.56,0.4045,-1,-1,-1
130,438,789.42,119.90,61.16,128.86,0.4607,-1,-1,-1
131,421,577.79,64.76,38.13,106.12,0.9018,-1,-1,-1
131,423,618.23,46.53,27.47,74.10,0.8705,-1,-1,-1
131,424,540.40,60.79,32.08,103.98,0.8393,-1,-1,-1
131,434,785.73,23.00,28.54,34.60,0.3874,-1,-1,-1
131,438,787.21,118.55,61.40,128.54,0.4542,-1,-1,-1
132,421,578.63,64.75,38.28,106.35,0.8944,-1,-1,-1
132,423,618.41,46.52,27.39,74.01,0.8626,-1,-1,-1
132,424,541.60,60.28,31.76,103.14,0.8246,-1,-1,-1
132,434,785.73,22.99,28.53,34.61,0.3826,-1,-1,-1
132,438,784.23,120.13,60.76,126.11,0.3142,-1,-1,-1
133,421,579.50,64.64,38.34,106.61,0.8902,-1,-1,-1
133,423,618.64,46.63,27.32,73.97,0.8556,-1,-1,-1
133,424,542.90,59.71,31.64,103.03,0.8197,-1,-1,-1
133,434,785.71,22.93,28.57,34.66,0.3880,-1,-1,-1
133,438,780.36,116.46,62.80,129.15,0.3597,-1,-1,-1
134,421,581.05,63.93,38.43,106.40,0.8959,-1,-1,-1
134,423,619.29,46.66,27.13,74.02,0.8586,-1,-1,-1
134,424,544.57,59.34,31.10,101.33,0.8128,-1,-1,-1
134,434,785.69,22.93,28.59,34.70,0.3776,-1,-1,-1
134,438,776.95,113.66,63.97,130.20,0.3909,-1,-1,-1
135,421,582.67,62.80,38.50,106.02,0.8992,-1,-1,-1
135,423,620.09,46.70,26.79,73.90,0.8423,-1,-1,-1
135,424,546.09,58.94,30.76,100.17,0.8143,-1,-1,-1
135,434,785.71,22.90,28.56,34.67,0.3709,-1,-1,-1
135,438,773.55,111.12,65.18,131.30,0.2924,-1,-1,-1
135,440,6.90,129.13,37.55,203.64,0.5309,-1,-1,-1
136,421,584.30,62.14,38.44,105.34,0.9015,-1,-1,-1
136,423,620.81,46.65,26.40,73.80,0.8208,-1,-1,-1
136,424,547.98,58.47,31.18,100.70,0.8619,-1,-1,-1
136,434,785.73,22.90,28.57,34.70,0.3852,-1,-1,-1
136,438,770.56,110.14,65.86,131.03,0.5259,-1,-1,-1
136,440,10.13,129.40,37.29,199.83,0.3652,-1,-1,-1
137,421,585.68,61.90,38.20,103.97,0.8728,-1,-1,-1
137,423,621.10,46.44,26.11,73.90,0.7439,-1,-1,-1
137,424,549.40,57.65,31.38,100.50,0.8779,-1,-1,-1
137,434,785.78,23.00,28.51,34.62,0.4018,-1,-1,-1
137,438,768.75,108.96,66.36,129.73,0.3466,-1,-1,-1
137,440,11.90,137.49,36.23,190.33,0.5217,-1,-1,-1
138,421,586.64,61.09,38.53,104.28,0.8816,-1,-1,-1
138,423,621.24,46.23,26.02,74.64,0.6949,-1,-1,-1
138,424,550.08,57.21,31.67,100.42,0.8860,-1,-1,-1
138,434,785.78,23.00,28.52,34.65,0.3932,-1,-1,-1
138,438,765.90,110.65,65.03,125.78,0.1971,-1,-1,-1
138,440,12.66,145.40,35.63,182.11,0.6642,-1,-1,-1
138,441,846.64,94.73,9.53,92.95,0.4186,-1,-1,-1
139,421,587.69,61.42,38.56,103.72,0.8970,-1,-1,-1
139,423,621.56,46.04,25.74,74.90,0.6494,-1,-1,-1
139,424,550.54,57.56,31.75,99.75,0.8722,-1,-1,-1
139,434,785.83,23.15,28.41,34.48,0.3809,-1,-1,-1
139,438,762.37,109.98,64.27,123.97,0.1693,-1,-1,-1
139,440,12.50,149.87,35.82,177.27,0.7277,-1,-1,-1
139,441,846.47,91.58,9.94,97.18,0.4774,-1,-1,-1
140,421,589.01,61.00,38.66,103.50,0.8832,-1,-1,-1
140,423,622.09,46.42,25.19,74.50,0.5188,-1,-1,-1
140,424,550.95,58.69,31.66,98.16,0.8578,-1,-1,-1
140,434,785.84,23.09,28.48,34.58,0.3935,-1,-1,-1
140,438,760.57,109.83,62.32,119.74,0.1145,-1,-1,-1
140,440,11.79,150.46,36.95,176.78,0.8747,-1,-1,-1
140,441,846.09,91.92,10.01,97.79,0.5247,-1,-1,-1
141,421,590.90,61.81,38.52,102.84,0.8742,-1,-1,-1
141,423,623.05,46.69,24.55,74.26,0.3502,-1,-1,-1
141,424,551.39,58.86,32.16,98.26,0.8488,-1,-1,-1
141,434,785.82,23.06,28.52,34.63,0.3852,-1,-1,-1
141,440,10.85,149.91,38.40,177.74,0.8386,-1,-1,-1
141,441,844.83,93.91,9.99,96.40,0.5987,-1,-1,-1
142,421,593.08,62.85,38.04,101.60,0.8825,-1,-1,-1
142,423,624.33,46.73,23.87,74.24,0.3802,-1,-1,-1
142,424,552.15,59.99,32.23,96.82,0.8594,-1,-1,-1
142,434,785.79,23.07,28.55,34.65,0.3729,-1,-1,-1
142,440,9.82,147.79,40.13,179.94,0.8917,-1,-1,-1
142,441,843.52,94.05,10.19,95.96,0.6857,-1,-1,-1
143,421,595.13,63.23,37.70,100.93,0.8802,-1,-1,-1
143,423,624.99,46.17,23.44,74.83,0.2192,-1,-1,-1
143,424,552.73,60.03,32.67,96.67,0.8583,-1,-1,-1
143,434,785.80,23.13,28.49,34.54,0.4054,-1,-1,-1
143,440,8.79,145.82,41.62,181.11,0.8883,-1,-1,-1
143,441,842.66,95.21,10.41,94.83,0.7186,-1,-1,-1
144,421,596.49,62.99,37.57,101.37,0.8591,-1,-1,-1
144,424,555.47,60.19,32.50,95.06,0.7995,-1,-1,-1
144,434,785.83,23.18,28.43,34.43,0.4185,-1,-1,-1
144,440,11.98,143.85,43.17,183.20,0.9116,-1,-1,-1
144,441,841.86,95.66,10.76,94.13,0.7585,-1,-1,-1
145,421,597.35,62.01,37.50,102.09,0.8544,-1,-1,-1
145,424,557.11,60.64,32.41,93.62,0.7581,-1,-1,-1
145,434,785.85,23.22,28.42,34.39,0.4112,-1,-1,-1
145,440,14.46,142.32,45.48,184.90,0.9280,-1,-1,-1
145,441,841.32,95.69,11.20,94.02,0.7901,-1,-1,-1
145,438,751.99,126.56,50.54,94.81,0.4240,-1,-1,-1
146,421,598.33,62.24,36.63,100.66,0.8391,-1,-1,-1
146,424,559.24,59.86,32.27,92.95,0.7725,-1,-1,-1
146,434,785.84,23.29,28.39,34.32,0.4199,-1,-1,-1
146,440,18.89,141.42,48.74,186.04,0.9165,-1,-1,-1
146,441,841.20,96.03,11.59,93.72,0.8215,-1,-1,-1
146,438,749.93,127.48,50.35,92.70,0.1773,-1,-1,-1
147,421,598.68,61.16,36.32,100.78,0.8514,-1,-1,-1
147,424,561.26,58.35,32.44,93.78,0.8460,-1,-1,-1
147,434,785.79,23.36,28.43,34.33,0.4086,-1,-1,-1
147,440,22.86,140.84,52.47,186.81,0.8900,-1,-1,-1
147,441,840.65,96.13,12.15,94.28,0.8406,-1,-1,-1
147,438,748.86,127.60,50.11,91.24,0.1743,-1,-1,-1
148,421,599.21,59.14,36.23,101.47,0.8082,-1,-1,-1
148,424,563.23,56.85,32.61,94.89,0.8590,-1,-1,-1
148,434,785.75,23.30,28.53,34.42,0.4236,-1,-1,-1
148,440,25.81,140.49,56.35,187.04,0.8984,-1,-1,-1
148,441,839.80,96.47,12.71,94.01,0.8648,-1,-1,-1
148,438,746.92,126.92,50.67,91.29,0.1283,-1,-1,-1
149,421,600.39,59.50,35.12,99.01,0.8313,-1,-1,-1
149,424,565.39,56.30,32.34,95.03,0.8635,-1,-1,-1
149,434,785.73,23.20,28.61,34.51,0.4340,-1,-1,-1
149,440,27.97,140.48,59.93,187.04,0.9304,-1,-1,-1
149,441,838.63,96.79,13.48,94.57,0.8747,-1,-1,-1
149,438,745.46,125.46,50.67,90.76,0.1125,-1,-1,-1
149,423,623.47,47.21,23.49,74.82,0.4833,-1,-1,-1
150,421,600.88,59.26,34.60,97.99,0.8187,-1,-1,-1
150,424,567.26,55.92,32.53,96.06,0.8595,-1,-1,-1
150,434,785.70,23.18,28.65,34.54,0.4415,-1,-1,-1
150,440,30.10,139.40,63.03,187.46,0.9360,-1,-1,-1
150,441,837.50,96.53,14.31,95.00,0.8642,-1,-1,-1
150,438,744.58,124.11,50.52,90.28,0.1332,-1,-1,-1
150,423,623.62,47.19,23.62,74.99,0.4761,-1,-1,-1
151,421,601.22,59.28,34.12,97.08,0.8274,-1,-1,-1
151,424,568.74,55.80,32.44,95.88,0.8856,-1,-1,-1
151,434,785.75,23.25,28.60,34.45,0.4319,-1,-1,-1
151,440,32.39,138.67,65.33,187.65,0.9211,-1,-1,-1
151,441,836.26,96.20,15.21,95.33,0.8785,-1,-1,-1
151,423,623.97,47.01,23.98,75.89,0.4753,-1,-1,-1
152,421,601.83,59.90,33.45,95.56,0.7802,-1,-1,-1
152,424,570.07,56.08,31.98,94.47,0.8879,-1,-1,-1
152,434,785.77,23.27,28.62,34.46,0.4168,-1,-1,-1
152,440,35.28,137.21,66.55,187.30,0.9235,-1,-1,-1
152,441,834.97,95.92,16.22,95.95,0.8834,-1,-1,-1
152,423,624.00,47.08,24.56,77.76,0.4578,-1,-1,-1
153,421,602.42,60.28,33.12,95.09,0.7808,-1,-1,-1
153,424,571.26,56.41,31.81,93.71,0.8873,-1,-1,-1
153,434,785.77,23.33,28.60,34.41,0.4071,-1,-1,-1
153,440,39.02,135.87,66.83,186.96,0.9082,-1,-1,-1
153,441,832.85,95.89,17.49,96.49,0.8840,-1,-1,-1
153,423,624.16,46.77,24.75,78.79,0.4864,-1,-1,-1
154,421,603.53,59.85,32.94,94.71,0.7748,-1,-1,-1
154,424,571.98,56.70,31.76,93.13,0.8814,-1,-1,-1
154,434,785.75,23.34,28.61,34.40,0.4185,-1,-1,-1
154,440,45.33,134.87,65.41,184.14,0.9126,-1,-1,-1
154,441,830.42,96.29,18.93,96.71,0.8831,-1,-1,-1
154,423,624.47,45.76,24.86,79.93,0.2692,-1,-1,-1
155,421,604.66,59.78,32.69,93.99,0.8049,-1,-1,-1
155,424,572.96,56.73,31.79,92.79,0.8859,-1,-1,-1
155,434,785.76,23.33,28.61,34.38,0.4295,-1,-1,-1
155,440,52.49,133.73,63.73,181.96,0.9189,-1,-1,-1
155,441,827.95,96.47,20.56,97.01,0.8939,-1,-1,-1
155,423,623.72,44.91,27.35,90.19,0.2800,-1,-1,-1
155,442,4.99,144.09,21.90,175.13,0.7349,-1,-1,-1
156,421,605.60,60.30,32.39,93.09,0.8098,-1,-1,-1
156,424,574.48,56.79,31.38,91.34,0.8754,-1,-1,-1
156,434,785.76,23.26,28.67,34.43,0.4491,-1,-1,-1
156,440,58.83,132.93,62.53,179.96,0.9105,-1,-1,-1
156,441,826.07,96.67,22.11,96.76,0.8708,-1,-1,-1
156,423,623.57,43.89,27.94,94.14,0.3362,-1,-1,-1
156,442,8.61,147.69,21.46,168.56,0.6909,-1,-1,-1
157,421,606.42,60.10,32.35,93.11,0.8577,-1,-1,-1
157,424,575.78,56.43,31.38,91.44,0.8794,-1,-1,-1
157,434,785.77,23.28,28.65,34.38,0.4630,-1,-1,-1
157,440,64.90,132.22,61.79,178.08,0.9067,-1,-1,-1
157,441,824.53,96.76,23.71,96.99,0.8804,-1,-1,-1
157,423,624.96,44.10,27.21,93.73,0.5161,-1,-1,-1
157,442,10.15,153.54,21.12,161.16,0.7010,-1,-1,-1
158,421,607.57,60.35,32.08,92.41,0.8631,-1,-1,-1
158,424,577.47,55.87,31.29,91.49,0.8943,-1,-1,-1
158,434,785.77,23.28,28.68,34.39,0.4306,-1,-1,-1
158,440,71.22,131.59,61.80,176.74,0.9189,-1,-1,-1
158,441,823.14,96.75,25.24,97.42,0.8730,-1,-1,-1
158,423,626.86,44.51,26.12,92.00,0.6247,-1,-1,-1
158,442,10.34,152.28,22.06,162.50,0.7946,-1,-1,-1
159,421,608.65,58.89,32.24,93.20,0.8412,-1,-1,-1
159,424,579.47,55.08,31.07,91.18,0.8923,-1,-1,-1
159,434,785.77,23.32,28.63,34.31,0.4280,-1,-1,-1
159,440,79.23,130.93,63.11,176.49,0.8977,-1,-1,-1
159,441,822.36,96.52,26.66,98.06,0.8754,-1,-1,-1
159,423,628.63,45.06,25.01,89.88,0.6349,-1,-1,-1
159,442,9.23,141.37,24.24,172.81,0.7866,-1,-1,-1
160,421,609.50,57.99,32.17,92.65,0.8261,-1,-1,-1
160,424,581.06,53.94,30.78,90.98,0.9019,-1,-1,-1
160,434,785.72,23.27,28.70,34.37,0.4218,-1,-1,-1
160,440,85.54,130.45,64.97,176.77,0.7840,-1,-1,-1
160,441,821.74,96.38,27.76,98.22,0.8830,-1,-1,-1
160,423,630.17,45.78,24.04,87.64,0.6267,-1,-1,-1
160,442,8.48,136.80,25.81,177.83,0.8509,-1,-1,-1
160,438,735.23,113.17,52.40,98.85,0.4476,-1,-1,-1
161,421,610.34,56.65,32.34,92.77,0.7900,-1,-1,-1
161,424,582.48,53.15,30.63,91.22,0.8861,-1,-1,-1
161,434,785.70,23.26,28.73,34.39,0.4327,-1,-1,-1
161,440,89.69,129.78,66.90,177.45,0.8586,-1,-1,-1
161,441,820.91,96.31,28.69,98.33,0.8910,-1,-1,-1
161,423,631.56,46.13,23.42,86.69,0.6848,-1,-1,-1
161,442,7.83,134.41,27.13,180.62,0.8771,-1,-1,-1
161,438,735.60,112.38,50.63,100.27,0.2898,-1,-1,-1
162,421,611.74,53.12,33.26,95.97,0.8117,-1,-1,-1
162,424,583.49,52.55,30.67,91.81,0.8827,-1,-1,-1
162,434,785.67,23.20,28.81,34.47,0.4169,-1,-1,-1
162,440,91.69,129.71,68.29,177.55,0.8425,-1,-1,-1
162,441,819.76,96.04,29.34,98.42,0.9005,-1,-1,-1
162,423,632.71,45.44,23.24,87.45,0.5988,-1,-1,-1
162,442,7.64,134.08,28.25,181.09,0.9009,-1,-1,-1
162,438,735.87,111.41,49.02,101.28,0.2240,-1,-1,-1
163,421,613.09,50.97,33.93,98.23,0.8235,-1,-1,-1
163,424,584.91,52.17,30.69,92.07,0.8921,-1,-1,-1
163,434,785.66,23.17,28.86,34.53,0.4075,-1,-1,-1
163,440,91.43,129.37,68.65,177.10,0.8336,-1,-1,-1
163,441,819.06,95.84,29.85,98.72,0.9079,-1,-1,-1
163,423,634.22,45.93,23.03,87.54,0.5745,-1,-1,-1
163,442,9.07,132.69,29.81,181.64,0.9280,-1,-1,-1
163,438,735.83,110.64,47.04,100.59,0.1078,-1,-1,-1
164,421,614.21,50.37,34.00,98.93,0.8394,-1,-1,-1
164,424,585.98,52.16,30.54,91.92,0.8903,-1,-1,-1
164,434,785.68,23.21,28.87,34.55,0.4186,-1,-1,-1
164,440,92.98,128.60,68.91,176.60,0.8785,-1,-1,-1
164,441,818.50,95.70,30.22,99.00,0.9038,-1,-1,-1
164,423,636.06,46.31,22.76,86.75,0.7023,-1,-1,-1
164,442,11.24,131.50,31.73,181.48,0.9292,-1,-1,-1
164,438,735.44,109.93,45.43,99.95,0.1396,-1,-1,-1
165,421,614.89,48.88,34.37,100.47,0.8709,-1,-1,-1
165,424,586.63,52.43,30.39,91.63,0.8844,-1,-1,-1
165,434,785.68,23.17,28.91,34.59,0.4058,-1,-1,-1
165,440,95.76,127.84,68.79,175.09,0.8895,-1,-1,-1
165,441,817.91,95.86,30.44,99.18,0.8999,-1,-1,-1
165,423,637.76,46.32,22.84,86.71,0.7619,-1,-1,-1
165,442,13.08,130.62,34.14,181.78,0.9225,-1,-1,-1
165,438,735.09,109.81,43.62,98.49,0.1059,-1,-1,-1
166,421,616.08,47.66,34.20,100.44,0.8697,-1,-1,-1
166,424,587.33,53.02,30.14,90.57,0.8870,-1,-1,-1
166,434,785.69,23.14,28.91,34.60,0.4347,-1,-1,-1
166,440,98.55,126.77,68.12,173.00,0.9013,-1,-1,-1
166,441,816.83,95.34,30.82,100.25,0.8883,-1,-1,-1
166,423,639.05,45.71,23.20,87.01,0.7925,-1,-1,-1
166,442,13.73,129.75,36.56,181.85,0.9180,-1,-1,-1
166,438,734.61,108.35,42.71,98.92,0.1592,-1,-1,-1
167,421,617.09,46.89,34.06,100.38,0.8574,-1,-1,-1
167,424,588.31,54.56,29.77,88.70,0.8746,-1,-1,-1
167,434,785.66,23.12,28.93,34.62,0.4258,-1,-1,-1
167,440,100.42,125.36,67.19,170.60,0.8983,-1,-1,-1
167,441,815.95,95.32,31.03,100.69,0.8764,-1,-1,-1
167,423,640.14,44.73,23.80,88.01,0.8183,-1,-1,-1
167,442,14.23,128.79,39.19,182.38,0.9190,-1,-1,-1
167,438,733.62,106.76,40.88,95.79,0.1078,-1,-1,-1
168,421,618.58,48.76,34.06,100.83,0.7945,-1,-1,-1
168,424,589.70,54.42,30.08,88.42,0.8629,-1,-1,-1
168,434,785.68,23.22,28.84,34.50,0.4125,-1,-1,-1
168,440,105.29,123.06,66.68,170.57,0.9065,-1,-1,-1
168,441,812.45,95.77,31.61,101.87,0.8697,-1,-1,-1
168,423,641.05,44.25,24.48,88.34,0.7948,-1,-1,-1
168,442,18.01,127.62,41.89,183.47,0.9412,-1,-1,-1
168,438,732.59,104.09,40.25,95.79,0.2320,-1,-1,-1
169,421,619.66,49.76,33.82,100.51,0.6910,-1,-1,-1
169,424,591.55,54.47,30.31,87.88,0.8546,-1,-1,-1
169,434,785.68,23.25,28.83,34.48,0.4129,-1,-1,-1
169,440,110.19,121.89,65.86,170.84,0.9174,-1,-1,-1
169,441,809.51,96.24,32.08,102.22,0.8717,-1,-1,-1
169,423,641.47,43.87,25.31,88.93,0.7330,-1,-1,-1
169,442,21.11,127.03,43.95,182.94,0.9354,-1,-1,-1
169,438,730.89,103.29,40.16,96.51,0.2837,-1,-1,-1
170,421,620.98,49.95,33.06,98.53,0.6990,-1,-1,-1
170,424,593.17,54.27,30.43,87.17,0.8226,-1,-1,-1
170,434,785.70,23.27,28.79,34.44,0.4078,-1,-1,-1
170,440,113.64,120.61,65.31,171.40,0.9340,-1,-1,-1
170,441,807.27,96.39,32.38,101.93,0.8955,-1,-1,-1
170,423,641.94,43.78,25.99,89.30,0.7278,-1,-1,-1
170,442,23.52,125.86,45.57,182.34,0.9391,-1,-1,-1
170,438,729.85,102.36,39.71,95.97,0.3228,-1,-1,-1
171,421,624.29,51.47,29.75,88.24,0.7680,-1,-1,-1
171,424,594.61,53.40,30.83,87.51,0.8184,-1,-1,-1
171,434,785.64,23.03,28.98,34.70,0.3924,-1,-1,-1
171,440,115.81,119.86,65.62,172.70,0.9412,-1,-1,-1
171,441,805.72,96.47,32.80,102.12,0.8936,-1,-1,-1
171,423,643.31,44.06,26.11,88.32,0.7577,-1,-1,-1
171,442,25.68,124.13,46.96,181.28,0.9275,-1,-1,-1
171,438,729.47,101.75,39.32,95.23,0.3330,-1,-1,-1
172,421,625.93,52.82,28.33,83.51,0.7730,-1,-1,-1
172,424,595.88,51.87,31.07,88.17,0.8267,-1,-1,-1
172,434,785.61,22.88,29.07,34.83,0.3842,-1,-1,-1
172,440,117.69,119.94,65.71,173.16,0.9463,-1,-1,-1
172,441,804.63,96.33,33.17,102.61,0.8925,-1,-1,-1
172,423,644.01,44.24,26.31,87.80,0.6391,-1,-1,-1
172,442,29.01,122.39,48.09,179.40,0.9178,-1,-1,-1
172,438,729.09,100.83,39.04,94.94,0.4592,-1,-1,-1
173,421,626.56,52.96,28.28,83.02,0.7965,-1,-1,-1
173,424,597.26,51.05,31.11,88.78,0.8518,-1,-1,-1
173,434,785.60,22.83,29.08,34.89,0.3805,-1,-1,-1
173,440,120.31,120.36,65.87,173.28,0.9372,-1,-1,-1
173,441,803.98,96.43,33.07,101.76,0.8975,-1,-1,-1
173,423,644.43,44.84,26.28,86.78,0.6612,-1,-1,-1
173,442,33.17,120.57,48.70,175.80,0.9212,-1,-1,-1
173,438,728.87,100.11,38.81,94.76,0.6637,-1,-1,-1
174,421,626.65,52.44,29.11,85.23,0.8314,-1,-1,-1
174,424,598.87,50.36,30.93,89.08,0.8653,-1,-1,-1
174,434,785.59,22.80,29.09,34.94,0.3768,-1,-1,-1
174,440,124.55,119.98,66.66,173.53,0.9105,-1,-1,-1
174,441,802.82,95.74,33.27,102.37,0.9015,-1,-1,-1
174,423,644.97,45.07,26.23,86.07,0.5814,-1,-1,-1
174,442,37.38,119.48,49.18,171.44,0.9376,-1,-1,-1
174,438,729.16,99.75,37.87,92.83,0.7916,-1,-1,-1
175,421,626.90,51.87,29.53,86.29,0.7393,-1,-1,-1
175,424,600.70,48.83,31.24,90.48,0.7908,-1,-1,-1
175,434,785.68,23.10,28.87,34.66,0.4076,-1,-1,-1
175,440,128.85,119.73,67.80,173.70,0.9103,-1,-1,-1
175,441,800.90,95.36,33.62,103.23,0.8989,-1,-1,-1
175,423,644.97,44.87,26.54,86.42,0.6810,-1,-1,-1
175,442,40.35,118.18,50.13,169.62,0.9444,-1,-1,-1
175,438,729.62,99.31,37.26,91.81,0.8232,-1,-1,-1
176,421,627.06,50.91,30.33,88.66,0.6697,-1,-1,-1
176,424,602.38,46.96,31.95,92.83,0.7603,-1,-1,-1
176,434,785.66,23.11,28.88,34.68,0.3666,-1,-1,-1
176,440,131.33,118.85,68.53,174.28,0.9126,-1,-1,-1
176,441,798.90,94.89,34.09,104.51,0.9082,-1,-1,-1
176,423,645.47,45.10,26.55,86.42,0.6678,-1,-1,-1
176,442,42.76,117.25,51.22,169.14,0.9435,-1,-1,-1
176,438,729.89,99.05,36.72,90.93,0.8352,-1,-1,-1
177,421,628.28,50.87,30.65,90.32,0.7764,-1,-1,-1
177,424,603.47,46.18,32.20,93.52,0.8244,-1,-1,-1
177,434,785.67,23.17,28.85,34.65,0.3706,-1,-1,-1
177,440,134.33,117.78,68.69,174.63,0.9324,-1,-1,-1
177,441,796.74,94.75,34.25,104.61,0.9031,-1,-1,-1
177,423,646.63,45.04,26.41,86.83,0.5358,-1,-1,-1
177,442,45.48,116.63,52.49,168.94,0.9320,-1,-1,-1
177,438,729.98,98.80,36.01,89.57,0.8367,-1,-1,-1
178,421,629.26,51.43,30.33,89.60,0.7854,-1,-1,-1
178,424,604.25,45.59,32.24,93.73,0.8572,-1,-1,-1
178,434,785.68,23.20,28.84,34.65,0.3633,-1,-1,-1
178,440,138.70,116.66,68.14,173.92,0.9403,-1,-1,-1
178,441,794.38,94.78,34.32,103.89,0.9200,-1,-1,-1
178,423,647.97,44.77,26.06,87.02,0.5092,-1,-1,-1
178,442,50.71,116.44,54.12,168.33,0.9295,-1,-1,-1
178,438,729.79,98.55,35.59,88.69,0.8422,-1,-1,-1
179,421,629.99,52.59,30.04,88.27,0.8069,-1,-1,-1
179,424,604.94,45.47,32.03,93.39,0.8766,-1,-1,-1
179,434,785.62,23.50,28.37,34.04,0.3748,-1,-1,-1
179,440,144.01,115.62,66.66,171.48,0.9271,-1,-1,-1
179,441,791.83,95.26,34.59,103.29,0.9128,-1,-1,-1
179,423,649.34,44.47,25.35,86.03,0.4321,-1,-1,-1
179,442,56.37,116.04,56.17,168.14,0.9188,-1,-1,-1
179,438,729.85,97.37,35.42,88.45,0.8368,-1,-1,-1
180,421,630.79,54.05,29.71,86.71,0.7787,-1,-1,-1
180,424,605.53,45.44,31.74,93.02,0.8860,-1,-1,-1
180,434,785.51,23.50,28.32,33.97,0.3490,-1,-1,-1
180,440,151.52,114.15,64.42,168.26,0.9193,-1,-1,-1
180,441,787.41,95.67,35.54,103.34,0.9162,-1,-1,-1
180,423,650.48,43.73,24.88,85.38,0.6510,-1,-1,-1
180,442,60.01,116.08,57.89,168.21,0.9360,-1,-1,-1
180,438,730.01,95.84,35.39,88.47,0.8614,-1,-1,-1
181,421,632.91,54.60,29.10,84.78,0.6866,-1,-1,-1
181,424,605.95,45.03,31.51,92.90,0.8852,-1,-1,-1
181,434,785.44,23.36,28.38,34.07,0.3537,-1,-1,-1
181,440,159.19,112.75,61.94,165.42,0.9010,-1,-1,-1
181,441,782.76,95.97,36.70,103.39,0.9173,-1,-1,-1
181,423,651.28,42.89,24.63,85.51,0.6884,-1,-1,-1
181,442,62.02,115.32,59.21,168.28,0.9316,-1,-1,-1
181,438,730.61,94.51,35.14,88.01,0.8610,-1,-1,-1
182,421,635.26,52.59,29.38,86.06,0.7084,-1,-1,-1
182,424,606.61,44.59,31.18,92.74,0.8957,-1,-1,-1
182,434,785.50,23.09,28.85,34.67,0.3760,-1,-1,-1
182,440,165.10,112.19,60.11,164.09,0.9014,-1,-1,-1
182,441,779.29,96.26,37.77,103.41,0.8949,-1,-1,-1
182,423,652.45,42.70,24.28,85.48,0.5838,-1,-1,-1
182,442,63.73,114.56,60.03,167.74,0.9230,-1,-1,-1
182,438,731.46,93.87,34.29,85.78,0.8554,-1,-1,-1
183,421,637.01,53.22,29.04,85.30,0.7177,-1,-1,-1
183,424,607.37,44.37,30.94,92.97,0.9006,-1,-1,-1
183,434,785.52,22.96,29.04,34.93,0.3634,-1,-1,-1
183,440,170.14,111.33,58.74,162.90,0.9229,-1,-1,-1
183,441,776.69,96.57,38.50,103.44,0.9049,-1,-1,-1
183,423,653.55,42.66,23.63,84.39,0.5100,-1,-1,-1
183,442,65.52,113.33,60.32,166.99,0.9301,-1,-1,-1
183,438,732.51,93.71,33.67,84.06,0.8562,-1,-1,-1
184,421,637.20,52.50,29.80,86.38,0.7494,-1,-1,-1
184,424,608.06,44.24,30.33,92.01,0.8904,-1,-1,-1
184,434,785.53,22.93,29.08,35.01,0.3446,-1,-1,-1
184,440,175.47,110.85,58.24,162.55,0.9010,-1,-1,-1
184,441,774.70,96.48,38.98,103.67,0.8914,-1,-1,-1
184,423,655.01,42.85,22.86,83.21,0.5378,-1,-1,-1
184,442,68.21,112.15,60.02,165.78,0.9263,-1,-1,-1
184,438,733.74,93.42,33.01,82.04,0.8490,-1,-1,-1
185,421,638.54,52.42,30.05,86.21,0.7758,-1,-1,-1
185,424,608.86,44.18,29.60,90.55,0.8862,-1,-1,-1
185,434,785.39,23.00,28.73,34.60,0.3300,-1,-1,-1
185,440,180.36,110.97,58.15,161.97,0.8813,-1,-1,-1
185,441,773.45,96.10,39.40,104.24,0.8947,-1,-1,-1
185,423,656.50,43.00,22.27,82.67,0.4057,-1,-1,-1
185,442,72.32,110.94,59.10,163.35,0.9370,-1,-1,-1
185,438,734.13,93.01,33.50,83.30,0.8411,-1,-1,-1
186,421,639.85,51.43,30.51,86.71,0.7843,-1,-1,-1
186,424,609.63,43.84,29.02,89.43,0.8885,-1,-1,-1
186,434,785.35,23.01,28.60,34.45,0.3355,-1,-1,-1
186,440,181.77,111.17,57.61,161.83,0.8047,-1,-1,-1
186,441,772.37,95.75,39.64,104.75,0.8889,-1,-1,-1
186,423,657.74,43.47,21.70,81.95,0.2934,-1,-1,-1
186,442,77.30,109.66,58.50,162.03,0.9351,-1,-1,-1
186,438,735.87,92.80,31.56,77.78,0.8251,-1,-1,-1
187,421,641.16,51.73,30.52,86.18,0.8203,-1,-1,-1
187,424,610.37,43.62,28.71,88.89,0.8907,-1,-1,-1
187,434,785.35,22.98,28.57,34.42,0.3329,-1,-1,-1
187,440,184.41,110.97,57.54,162.27,0.8517,-1,-1,-1
187,441,770.97,95.55,39.78,105.33,0.8866,-1,-1,-1
187,423,658.98,43.50,21.20,81.10,0.2822,-1,-1,-1
187,442,81.73,108.34,58.31,161.46,0.9358,-1,-1,-1
187,438,736.89,92.27,30.78,75.18,0.8368,-1,-1,-1
188,421,643.11,51.13,30.74,86.90,0.8191,-1,-1,-1
188,424,610.84,43.40,28.73,89.12,0.8874,-1,-1,-1
188,434,785.34,22.96,28.59,34.44,0.3299,-1,-1,-1
188,440,187.83,110.35,57.93,162.16,0.8857,-1,-1,-1
188,441,769.89,95.13,39.94,106.18,0.9030,-1,-1,-1
188,423,660.23,44.29,20.67,80.13,0.1489,-1,-1,-1
188,442,85.50,107.79,58.35,161.16,0.9267,-1,-1,-1
188,438,737.12,91.77,31.33,75.93,0.8313,-1,-1,-1
189,421,644.65,50.06,31.15,88.33,0.7928,-1,-1,-1
189,424,611.05,43.34,28.90,89.55,0.9048,-1,-1,-1
189,434,785.39,23.03,28.53,34.36,0.3221,-1,-1,-1
189,440,189.52,109.46,58.43,162.56,0.9078,-1,-1,-1
189,441,769.36,94.70,39.90,106.74,0.9182,-1,-1,-1
189,423,661.56,44.37,20.58,80.17,0.1967,-1,-1,-1
189,442,88.91,106.99,58.60,161.62,0.9196,-1,-1,-1
189,438,737.55,91.40,32.03,77.27,0.8031,-1,-1,-1
190,421,645.97,49.35,30.96,87.97,0.7836,-1,-1,-1
190,424,611.27,43.36,29.01,89.52,0.9040,-1,-1,-1
190,434,785.49,22.88,28.91,34.85,0.3397,-1,-1,-1
190,440,190.70,108.62,58.82,162.87,0.9197,-1,-1,-1
190,441,767.96,94.73,39.92,107.22,0.8893,-1,-1,-1
190,423,662.47,44.68,20.64,80.16,0.1650,-1,-1,-1
190,442,93.12,106.13,58.87,162.10,0.9192,-1,-1,-1
190,438,737.65,91.24,33.25,80.13,0.7370,-1,-1,-1
191,421,647.48,49.71,30.06,85.26,0.8036,-1,-1,-1
191,424,611.93,43.47,29.05,88.96,0.9049,-1,-1,-1
191,434,785.55,22.84,29.00,34.98,0.3531,-1,-1,-1
191,440,192.77,107.54,58.83,162.22,0.9233,-1,-1,-1
191,441,766.50,94.45,39.83,107.57,0.8796,-1,-1,-1
191,423,663.54,44.19,20.98,80.88,0.1192,-1,-1,-1
191,442,97.00,105.81,59.17,162.49,0.9405,-1,-1,-1
191,438,738.56,90.79,32.10,77.10,0.6521,-1,-1,-1
192,421,648.66,51.26,29.82,84.25,0.8413,-1,-1,-1
192,424,612.90,44.01,29.19,88.02,0.8797,-1,-1,-1
192,434,785.55,22.83,29.04,35.03,0.3532,-1,-1,-1
192,440,197.78,105.91,57.18,157.04,0.9101,-1,-1,-1
192,441,763.37,95.11,39.47,106.63,0.8707,-1,-1,-1
192,442,102.49,105.35,59.42,162.75,0.9448,-1,-1,-1
192,438,739.99,90.24,30.46,74.19,0.6397,-1,-1,-1
193,421,649.82,51.83,29.71,83.58,0.8468,-1,-1,-1
193,424,613.88,44.30,29.49,87.33,0.8662,-1,-1,-1
193,434,785.43,22.75,29.15,35.17,0.3414,-1,-1,-1
193,440,201.95,104.56,56.59,155.18,0.9200,-1,-1,-1
193,441,759.59,95.65,40.03,107.72,0.8705,-1,-1,-1
193,442,106.53,105.17,59.51,162.34,0.9268,-1,-1,-1
193,438,739.90,89.69,31.24,77.54,0.6465,-1,-1,-1
194,421,650.52,52.16,29.76,83.44,0.8473,-1,-1,-1
194,424,615.22,44.90,29.66,86.42,0.8201,-1,-1,-1
194,434,785.43,22.76,29.12,35.14,0.3567,-1,-1,-1
194,440,206.22,103.37,56.22,154.94,0.9105,-1,-1,-1
194,441,756.52,95.61,40.27,108.08,0.8505,-1,-1,-1
194,442,109.69,104.76,59.17,161.41,0.9286,-1,-1,-1
194,438,740.73,90.12,30.75,77.48,0.3232,-1,-1,-1
195,421,651.09,51.76,29.88,83.67,0.8590,-1,-1,-1
195,424,618.95,45.80,29.16,84.70,0.7207,-1,-1,-1
195,434,785.42,22.77,29.13,35.15,0.3507,-1,-1,-1
195,440,210.03,102.77,56.02,155.40,0.9213,-1,-1,-1
195,441,753.96,95.52,40.59,108.43,0.8023,-1,-1,-1
195,442,113.39,103.22,58.81,159.97,0.9258,-1,-1,-1
195,438,741.83,90.40,29.81,75.89,0.1601,-1,-1,-1
196,421,652.13,51.36,29.65,83.13,0.8447,-1,-1,-1
196,424,622.47,47.03,28.16,82.70,0.7445,-1,-1,-1
196,434,785.40,22.76,29.14,35.16,0.3335,-1,-1,-1
196,440,211.95,102.50,56.19,155.81,0.9393,-1,-1,-1
196,441,751.93,95.39,40.83,108.70,0.7956,-1,-1,-1
196,442,116.95,102.00,58.42,159.03,0.9365,-1,-1,-1
197,421,653.09,51.23,29.69,83.65,0.8391,-1,-1,-1
197,424,623.85,47.37,27.74,81.97,0.6974,-1,-1,-1
197,434,785.42,22.80,29.08,35.08,0.3304,-1,-1,-1
197,440,213.30,102.15,56.64,156.39,0.9417,-1,-1,-1
197,441,748.94,94.21,41.72,110.36,0.7787,-1,-1,-1
197,442,120.21,100.90,57.64,156.90,0.9303,-1,-1,-1
198,421,654.05,50.46,29.62,83.75,0.8474,-1,-1,-1
198,424,624.77,47.20,27.59,81.77,0.7501,-1,-1,-1
198,434,785.52,22.81,28.95,34.92,0.3409,-1,-1,-1
198,440,214.77,101.86,57.15,156.82,0.9315,-1,-1,-1
198,441,745.71,85.07,45.17,119.98,0.7840,-1,-1,-1
198,442,122.79,99.57,57.33,156.15,0.9284,-1,-1,-1
199,421,654.51,48.46,30.12,85.68,0.8249,-1,-1,-1
199,424,626.29,46.68,27.44,82.00,0.7923,-1,-1,-1
199,434,785.60,22.85,28.83,34.75,0.3558,-1,-1,-1
199,440,216.67,102.08,57.56,156.66,0.9198,-1,-1,-1
199,441,745.46,87.89,43.70,116.40,0.7653,-1,-1,-1
199,442,125.13,98.71,57.03,155.31,0.9292,-1,-1,-1
200,421,655.14,46.77,30.61,87.44,0.8419,-1,-1,-1
200,424,627.84,46.18,27.23,82.27,0.7749,-1,-1,-1
200,434,785.63,22.90,28.73,34.60,0.3094,-1,-1,-1
200,440,218.96,101.94,58.21,156.83,0.9220,-1,-1,-1
200,441,744.50,88.89,43.05,115.53,0.8454,-1,-1,-1
200,442,127.78,98.57,56.43,153.47,0.9276,-1,-1,-1
200,444,611.18,43.74,23.57,78.45,0.5670,-1,-1,-1
201,421,655.58,46.19,30.65,87.94,0.8558,-1,-1,-1
201,424,629.28,46.03,26.85,81.98,0.7857,-1,-1,-1
201,434,785.69,23.04,28.60,34.41,0.3303,-1,-1,-1
201,440,221.28,101.57,58.70,156.94,0.9292,-1,-1,-1
201,441,743.02,87.87,42.94,116.17,0.8204,-1,-1,-1
201,442,131.13,97.74,56.39,153.19,0.9171,-1,-1,-1
201,444,611.54,43.77,23.62,78.48,0.5756,-1,-1,-1
202,421,656.12,45.77,30.56,87.82,0.8597,-1,-1,-1
202,424,630.41,46.48,26.53,81.45,0.8159,-1,-1,-1
202,434,785.70,23.10,28.56,34.33,0.3082,-1,-1,-1
202,440,224.12,101.30,58.85,156.33,0.9323,-1,-1,-1
202,441,742.07,86.18,43.89,118.73,0.8172,-1,-1,-1
202,442,136.26,97.13,57.31,153.70,0.9098,-1,-1,-1
202,444,612.07,43.87,22.89,75.82,0.5616,-1,-1,-1
203,421,657.15,47.71,29.70,85.37,0.8618,-1,-1,-1
203,424,631.40,46.64,26.38,81.27,0.8286,-1,-1,-1
203,434,785.75,23.24,28.41,34.10,0.3060,-1,-1,-1
203,440,227.89,100.63,58.79,155.35,0.9392,-1,-1,-1
203,441,738.76,86.49,44.33,118.96,0.7726,-1,-1,-1
203,442,141.52,96.91,58.25,153.76,0.9232,-1,-1,-1
203,444,611.78,44.02,22.76,74.94,0.5667,-1,-1,-1
204,421,658.00,48.99,29.18,83.62,0.8598,-1,-1,-1
204,424,632.23,47.11,26.15,80.79,0.8653,-1,-1,-1
204,434,785.75,23.28,28.36,34.00,0.3509,-1,-1,-1
204,440,232.27,99.92,58.26,153.36,0.9403,-1,-1,-1
204,441,734.07,88.56,44.50,116.93,0.8350,-1,-1,-1
204,442,145.71,96.61,59.06,153.76,0.9213,-1,-1,-1
204,444,611.10,43.32,22.76,74.23,0.7012,-1,-1,-1
205,421,658.88,48.42,29.29,83.76,0.8579,-1,-1,-1
205,424,632.79,47.36,26.00,80.52,0.8780,-1,-1,-1
205,434,785.71,23.34,28.38,33.98,0.3387,-1,-1,-1
205,440,237.43,98.04,57.35,151.27,0.9251,-1,-1,-1
205,441,728.54,92.45,43.93,112.81,0.8842,-1,-1,-1
205,442,148.30,96.58,59.47,153.40,0.9281,-1,-1,-1
205,444,610.31,43.07,22.92,74.01,0.6279,-1,-1,-1
206,421,659.56,48.23,29.41,83.66,0.8709,-1,-1,-1
206,424,633.28,47.33,25.97,80.57,0.8629,-1,-1,-1
206,434,785.67,23.29,28.40,33.99,0.3346,-1,-1,-1
206,440,242.74,96.22,56.30,149.64,0.9193,-1,-1,-1
206,441,724.61,94.18,44.18,111.10,0.8847,-1,-1,-1
206,442,150.05,96.30,59.65,153.02,0.9328,-1,-1,-1
206,444,609.66,42.96,23.25,74.11,0.6377,-1,-1,-1
207,421,659.95,46.71,30.03,85.01,0.8690,-1,-1,-1
207,424,634.27,47.20,25.77,80.12,0.8358,-1,-1,-1
207,434,785.60,23.23,28.44,34.05,0.2858,-1,-1,-1
207,440,247.46,95.04,55.59,148.85,0.9139,-1,-1,-1
207,441,722.17,94.68,44.66,110.88,0.9011,-1,-1,-1
207,442,151.90,96.13,59.23,151.84,0.9271,-1,-1,-1
207,444,608.81,42.79,23.37,73.43,0.5602,-1,-1,-1
208,421,660.25,46.07,30.44,85.58,0.8609,-1,-1,-1
208,424,635.21,47.24,25.74,80.25,0.8538,-1,-1,-1
208,434,785.60,23.25,28.42,34.02,0.2903,-1,-1,-1
208,440,251.15,94.64,54.58,147.34,0.9152,-1,-1,-1
208,441,720.20,94.67,45.17,111.24,0.9051,-1,-1,-1
208,442,154.15,95.44,58.28,150.11,0.9263,-1,-1,-1
208,444,608.10,42.71,23.68,73.48,0.6331,-1,-1,-1
209,421,661.43,46.55,30.30,84.99,0.8728,-1,-1,-1
209,424,636.33,47.05,25.29,79.12,0.8765,-1,-1,-1
209,434,785.59,23.21,28.45,34.06,0.2296,-1,-1,-1
209,440,254.41,94.44,54.12,146.63,0.9131,-1,-1,-1
209,441,719.18,94.46,45.47,111.40,0.9056,-1,-1,-1
209,442,157.93,94.22,57.36,149.00,0.9340,-1,-1,-1
209,444,607.55,42.63,24.09,73.88,0.7106,-1,-1,-1
210,421,662.48,47.03,30.11,83.88,0.8624,-1,-1,-1
210,424,637.66,46.73,24.84,78.19,0.8731,-1,-1,-1
210,434,785.47,23.14,28.56,34.20,0.2161,-1,-1,-1
210,440,258.54,94.24,54.30,146.57,0.8988,-1,-1,-1
210,441,716.98,93.95,45.58,112.16,0.8934,-1,-1,-1
210,442,162.78,93.24,56.52,148.12,0.9286,-1,-1,-1
210,444,607.20,42.63,24.39,73.95,0.7717,-1,-1,-1
211,421,663.52,46.19,30.39,84.16,0.8862,-1,-1,-1
211,424,638.67,46.01,24.78,78.48,0.8667,-1,-1,-1
211,434,785.47,23.14,28.55,34.17,0.1927,-1,-1,-1
211,440,263.32,94.60,54.67,146.20,0.8700,-1,-1,-1
211,441,714.97,93.45,45.23,112.51,0.8765,-1,-1,-1
211,442,166.91,92.13,56.01,147.74,0.9250,-1,-1,-1
211,444,606.76,42.59,24.62,73.93,0.7174,-1,-1,-1
211,446,96.93,54.94,30.49,85.06,0.4312,-1,-1,-1
211,438,762.45,81.17,29.76,75.25,0.5633,-1,-1,-1
212,421,664.63,46.13,30.40,83.84,0.8850,-1,-1,-1
212,424,639.69,45.49,24.83,79.31,0.8593,-1,-1,-1
212,434,785.40,23.16,28.61,34.22,0.2630,-1,-1,-1
212,440,266.23,94.54,55.18,146.12,0.8828,-1,-1,-1
212,441,714.19,92.61,44.81,113.35,0.8523,-1,-1,-1
212,442,170.63,90.97,55.91,148.30,0.9265,-1,-1,-1
212,444,606.63,42.54,24.90,73.99,0.7951,-1,-1,-1
212,446,98.92,53.29,30.87,86.19,0.3897,-1,-1,-1
212,438,763.56,81.57,29.16,74.05,0.4938,-1,-1,-1
213,421,665.76,46.38,30.40,83.54,0.8847,-1,-1,-1
213,424,640.58,45.04,24.71,79.38,0.8745,-1,-1,-1
213,434,785.47,23.13,28.61,34.21,0.3201,-1,-1,-1
213,440,267.64,94.10,55.82,146.41,0.9083,-1,-1,-1
213,441,713.87,92.41,44.30,113.94,0.8601,-1,-1,-1
213,442,174.13,90.22,56.11,148.90,0.9223,-1,-1,-1
213,444,606.20,42.33,25.19,74.27,0.8239,-1,-1,-1
213,446,101.33,51.70,31.07,86.94,0.1762,-1,-1,-1
213,438,764.63,82.00,28.24,72.62,0.4432,-1,-1,-1
214,421,666.92,45.65,30.88,84.51,0.8963,-1,-1,-1
214,424,640.99,45.11,24.63,79.17,0.8752,-1,-1,-1
214,434,785.52,23.06,28.69,34.28,0.2926,-1,-1,-1
214,440,267.74,93.64,56.27,146.56,0.9149,-1,-1,-1
214,441,711.75,92.38,44.02,114.50,0.8598,-1,-1,-1
214,442,178.18,89.68,56.24,149.13,0.9152,-1,-1,-1
214,444,605.94,42.40,25.37,74.18,0.8236,-1,-1,-1
214,438,765.81,82.04,27.77,72.01,0.5984,-1,-1,-1
215,421,667.83,44.83,31.18,85.19,0.9151,-1,-1,-1
215,424,641.44,45.32,24.59,79.01,0.8841,-1,-1,-1
215,434,785.65,23.04,28.62,34.18,0.3029,-1,-1,-1
215,440,268.53,93.08,56.66,146.70,0.9292,-1,-1,-1
215,441,709.22,92.24,43.85,114.73,0.8790,-1,-1,-1
215,442,182.40,89.46,56.13,148.60,0.9267,-1,-1,-1
215,444,605.52,42.45,25.63,74.39,0.8181,-1,-1,-1
215,438,767.18,81.78,27.41,71.35,0.5910,-1,-1,-1
216,421,669.28,45.51,30.60,83.20,0.8986,-1,-1,-1
216,424,642.81,46.03,24.26,77.50,0.8782,-1,-1,-1
216,434,785.62,23.08,28.64,34.17,0.3234,-1,-1,-1
216,440,272.24,91.53,55.79,143.82,0.9214,-1,-1,-1
216,441,703.45,92.56,44.38,115.87,0.8929,-1,-1,-1
216,442,187.36,89.34,56.37,148.20,0.9309,-1,-1,-1
216,444,604.97,42.55,25.69,74.38,0.6993,-1,-1,-1
216,438,769.66,81.45,26.56,69.35,0.4852,-1,-1,-1
217,421,670.49,46.92,29.48,79.62,0.8768,-1,-1,-1
217,424,643.81,46.73,24.09,76.35,0.8699,-1,-1,-1
217,434,785.62,23.11,28.59,34.07,0.3099,-1,-1,-1
217,440,275.72,90.25,55.14,141.38,0.9284,-1,-1,-1
217,441,699.31,92.95,44.56,115.84,0.9043,-1,-1,-1
217,442,190.52,88.55,56.75,148.32,0.9263,-1,-1,-1
217,444,604.48,42.72,25.65,74.12,0.7369,-1,-1,-1
217,438,772.69,81.01,25.16,64.86,0.3133,-1,-1,-1
218,421,671.20,47.71,28.70,76.99,0.8793,-1,-1,-1
218,424,644.28,47.07,24.24,75.91,0.8692,-1,-1,-1
218,434,785.60,23.03,28.64,34.11,0.2889,-1,-1,-1
218,440,278.55,88.76,55.28,141.34,0.9239,-1,-1,-1
218,441,696.14,93.23,44.79,115.82,0.9104,-1,-1,-1
218,442,193.53,88.13,56.87,147.65,0.9184,-1,-1,-1
218,444,604.03,42.87,25.74,74.15,0.7411,-1,-1,-1
218,438,773.78,80.35,26.03,66.51,0.5161,-1,-1,-1
219,421,671.56,47.17,28.55,76.09,0.8721,-1,-1,-1
219,424,644.89,46.87,24.48,76.05,0.8588,-1,-1,-1
219,434,785.58,22.98,28.66,34.10,0.2791,-1,-1,-1
219,440,282.15,87.84,55.08,141.24,0.9241,-1,-1,-1
219,441,693.68,93.17,44.89,115.97,0.9126,-1,-1,-1
219,442,196.57,87.59,56.80,146.63,0.9011,-1,-1,-1
219,444,603.93,42.81,25.81,74.32,0.7037,-1,-1,-1
219,438,775.61,79.99,25.32,64.15,0.5637,-1,-1,-1
220,421,671.77,46.90,28.81,76.73,0.8640,-1,-1,-1
220,424,646.37,47.04,24.54,75.85,0.8262,-1,-1,-1
220,434,785.61,22.96,28.58,33.95,0.3025,-1,-1,-1
220,440,285.64,87.48,54.85,141.43,0.9356,-1,-1,-1
220,441,692.14,93.23,44.74,116.04,0.9045,-1,-1,-1
220,442,199.43,86.26,56.46,145.46,0.9044,-1,-1,-1
220,444,603.97,42.48,25.96,74.90,0.7383,-1,-1,-1
220,438,776.08,79.45,26.13,65.86,0.6995,-1,-1,-1
221,421,672.14,45.60,28.81,76.76,0.8628,-1,-1,-1
221,424,647.24,46.49,24.78,76.03,0.8443,-1,-1,-1
221,434,785.66,22.96,28.55,33.87,0.3141,-1,-1,-1
221,440,287.62,87.17,54.95,141.76,0.9237,-1,-1,-1
221,441,690.99,92.95,44.36,116.10,0.8849,-1,-1,-1
221,442,202.54,85.62,55.86,144.08,0.9129,-1,-1,-1
221,444,603.98,42.34,25.94,74.97,0.6951,-1,-1,-1
221,438,777.31,79.09,25.64,64.34,0.5914,-1,-1,-1
222,421,672.03,44.25,29.68,79.59,0.8750,-1,-1,-1
222,424,648.08,45.74,25.18,76.58,0.8516,-1,-1,-1
222,434,785.67,22.94,28.53,33.82,0.3412,-1,-1,-1
222,440,289.44,87.06,55.03,141.69,0.9293,-1,-1,-1
222,441,689.88,92.20,44.09,116.87,0.8867,-1,-1,-1
222,442,204.88,85.28,55.50,143.22,0.9120,-1,-1,-1
222,444,603.96,42.34,25.79,74.57,0.6552,-1,-1,-1
222,438,778.63,78.79,25.31,63.31,0.7302,-1,-1,-1
223,421,672.21,43.15,29.78,80.27,0.8739,-1,-1,-1
223,424,649.02,45.09,25.43,76.99,0.8482,-1,-1,-1
223,434,785.62,22.92,28.61,33.88,0.3137,-1,-1,-1
223,440,291.41,87.08,55.27,142.12,0.9313,-1,-1,-1
223,441,687.92,91.63,43.68,117.06,0.8820,-1,-1,-1
223,442,206.64,84.54,55.16,142.24,0.9240,-1,-1,-1
223,444,603.98,42.52,25.69,74.31,0.6142,-1,-1,-1
223,438,779.56,78.66,25.61,63.90,0.7430,-1,-1,-1
224,421,672.75,43.17,29.47,79.78,0.8599,-1,-1,-1
224,424,650.14,44.63,25.35,76.76,0.8407,-1,-1,-1
224,434,785.62,22.94,28.62,33.89,0.3095,-1,-1,-1
224,440,293.61,87.18,55.37,142.04,0.9333,-1,-1,-1
224,441,685.49,91.49,43.44,117.56,0.8741,-1,-1,-1
224,442,208.64,83.80,54.83,141.51,0.9236,-1,-1,-1
224,444,603.83,42.60,25.71,74.43,0.7084,-1,-1,-1
224,438,780.21,78.28,25.95,64.51,0.6771,-1,-1,-1
225,421,673.17,42.99,29.34,79.80,0.8427,-1,-1,-1
225,424,651.40,44.58,25.16,76.66,0.8540,-1,-1,-1
225,434,785.66,22.89,28.59,33.88,0.3101,-1,-1,-1
225,440,295.66,87.35,55.41,141.69,0.9326,-1,-1,-1
225,441,682.88,91.34,43.15,117.64,0.8769,-1,-1,-1
225,442,210.48,83.80,54.48,140.72,0.9196,-1,-1,-1
225,444,603.83,42.63,25.71,74.54,0.6932,-1,-1,-1
225,438,782.19,77.60,25.85,64.00,0.5339,-1,-1,-1
226,421,674.03,42.74,28.70,78.16,0.8330,-1,-1,-1
226,424,652.64,44.68,24.98,76.42,0.8575,-1,-1,-1
226,434,785.65,22.79,28.67,34.00,0.3218,-1,-1,-1
226,440,297.56,87.33,55.54,141.62,0.9356,-1,-1,-1
226,441,678.81,90.94,43.33,117.89,0.8993,-1,-1,-1
226,442,212.72,83.57,54.55,140.64,0.9211,-1,-1,-1
226,444,603.85,42.60,25.69,74.56,0.7361,-1,-1,-1
226,438,783.22,77.69,25.70,63.59,0.4516,-1,-1,-1
227,421,674.16,42.67,28.81,78.54,0.8418,-1,-1,-1
227,424,653.77,44.56,24.90,76.44,0.8618,-1,-1,-1
227,434,785.58,22.69,28.78,34.20,0.3117,-1,-1,-1
227,440,299.73,86.79,55.78,141.97,0.9347,-1,-1,-1
227,441,673.56,91.66,43.74,117.52,0.9086,-1,-1,-1
227,442,216.91,83.50,54.76,140.25,0.9142,-1,-1,-1
227,444,603.90,42.72,25.58,74.33,0.6855,-1,-1,-1
227,438,784.45,77.89,25.79,63.47,0.4902,-1,-1,-1
228,421,674.78,42.77,28.04,76.34,0.7989,-1,-1,-1
228,424,655.02,44.45,24.81,76.01,0.8608,-1,-1,-1
228,434,785.54,22.64,28.79,34.27,0.2707,-1,-1,-1
228,440,302.17,85.54,55.88,142.08,0.9219,-1,-1,-1
228,441,668.23,91.95,44.66,117.43,0.9084,-1,-1,-1
228,442,220.27,83.61,55.02,139.85,0.9227,-1,-1,-1
228,444,603.84,42.57,25.54,74.36,0.7189,-1,-1,-1
228,438,785.15,77.31,26.14,64.10,0.5635,-1,-1,-1
229,421,675.31,43.21,27.69,75.05,0.7514,-1,-1,-1
229,424,656.24,44.44,24.83,75.71,0.8312,-1,-1,-1
229,434,785.51,22.66,28.69,34.27,0.2311,-1,-1,-1
229,440,304.42,84.88,55.49,140.75,0.9179,-1,-1,-1
229,441,663.33,92.39,45.48,117.03,0.9053,-1,-1,-1
229,442,222.62,83.73,54.91,139.16,0.9302,-1,-1,-1
229,444,603.86,42.43,25.57,74.53,0.7561,-1,-1,-1
229,438,786.29,76.84,26.15,64.27,0.6092,-1,-1,-1
230,421,676.14,44.63,27.06,72.61,0.5181,-1,-1,-1
230,424,657.24,44.51,24.92,75.36,0.8160,-1,-1,-1
230,434,785.47,22.66,28.72,34.39,0.2390,-1,-1,-1
230,440,308.77,84.20,54.08,137.16,0.9196,-1,-1,-1
230,441,659.86,92.90,46.14,116.95,0.8991,-1,-1,-1
230,442,224.06,83.07,54.87,138.80,0.9421,-1,-1,-1
230,444,603.89,42.49,25.55,74.52,0.6912,-1,-1,-1
230,438,787.51,76.22,26.07,64.21,0.5276,-1,-1,-1
231,421,676.09,44.81,29.17,78.55,0.3425,-1,-1,-1
231,424,657.79,44.58,25.14,75.47,0.7619,-1,-1,-1
231,434,785.34,22.62,28.79,34.57,0.2193,-1,-1,-1
231,440,314.88,83.14,52.65,134.98,0.9011,-1,-1,-1
231,441,658.20,95.48,45.65,114.40,0.8927,-1,-1,-1
231,442,226.24,82.57,54.70,138.25,0.9367,-1,-1,-1
231,444,604.04,42.38,25.60,74.73,0.7525,-1,-1,-1
231,438,788.63,75.70,25.64,63.27,0.4945,-1,-1,-1
232,421,677.39,44.81,28.60,77.26,0.2624,-1,-1,-1
232,424,658.36,43.59,25.58,76.41,0.7094,-1,-1,-1
232,434,785.24,22.59,28.89,34.77,0.2440,-1,-1,-1
232,440,320.06,82.54,51.54,134.60,0.9042,-1,-1,-1
232,441,656.67,95.62,45.91,114.53,0.8905,-1,-1,-1
232,442,229.89,82.04,54.46,137.53,0.9342,-1,-1,-1
232,444,604.01,42.35,25.63,74.86,0.7365,-1,-1,-1
232,438,788.98,75.40,26.32,65.07,0.5852,-1,-1,-1
233,421,677.28,45.01,29.52,80.15,0.3559,-1,-1,-1
233,424,659.30,43.17,25.61,75.87,0.6594,-1,-1,-1
233,434,785.51,22.86,28.32,34.08,0.2779,-1,-1,-1
233,440,324.77,82.11,50.42,134.14,0.9267,-1,-1,-1
233,441,655.09,96.15,45.65,114.25,0.8532,-1,-1,-1
233,442,233.76,80.93,54.23,136.79,0.9318,-1,-1,-1
233,444,603.95,42.41,25.62,74.73,0.7488,-1,-1,-1
233,438,789.52,74.74,26.62,66.05,0.7584,-1,-1,-1
234,421,678.23,45.67,29.61,80.86,0.5621,-1,-1,-1
234,424,660.53,43.17,25.18,74.07,0.6878,-1,-1,-1
234,434,785.60,22.98,28.01,33.65,0.3180,-1,-1,-1
234,440,328.27,81.82,49.39,133.70,0.9373,-1,-1,-1
234,441,654.18,101.56,43.25,108.95,0.8429,-1,-1,-1
234,442,238.35,79.85,54.20,136.64,0.9154,-1,-1,-1
234,444,603.86,42.42,25.63,74.63,0.7735,-1,-1,-1
234,438,790.11,74.10,27.01,67.33,0.7873,-1,-1,-1
235,421,680.33,45.93,27.87,76.08,0.8034,-1,-1,-1
235,424,662.04,43.15,23.38,67.80,0.6665,-1,-1,-1
235,434,785.68,23.04,27.94,33.53,0.3349,-1,-1,-1
235,440,330.51,81.67,48.72,133.56,0.9327,-1,-1,-1
235,441,652.65,97.51,44.28,113.16,0.8532,-1,-1,-1
235,442,242.18,79.48,53.91,135.39,0.9162,-1,-1,-1
235,444,603.77,42.44,25.62,74.56,0.7631,-1,-1,-1
235,438,790.98,73.85,27.03,67.28,0.7814,-1,-1,-1
236,421,681.10,45.94,27.99,76.64,0.8041,-1,-1,-1
236,424,662.55,43.02,22.53,64.99,0.5578,-1,-1,-1
236,434,785.68,23.16,27.91,33.47,0.3213,-1,-1,-1
236,440,332.96,81.57,48.43,133.55,0.9083,-1,-1,-1
236,441,650.42,98.72,43.26,112.80,0.8446,-1,-1,-1
236,442,245.81,79.06,54.12,135.32,0.9178,-1,-1,-1
236,444,603.70,42.44,25.64,74.52,0.7432,-1,-1,-1
236,438,791.88,73.96,26.85,66.89,0.7323,-1,-1,-1
237,421,682.01,45.78,27.78,75.95,0.8418,-1,-1,-1
237,424,663.58,42.66,21.97,62.97,0.5073,-1,-1,-1
237,434,785.61,23.14,27.96,33.51,0.3447,-1,-1,-1
237,440,335.05,81.68,48.12,133.14,0.9030,-1,-1,-1
237,441,648.44,95.03,43.95,116.47,0.8533,-1,-1,-1
237,442,248.33,78.19,54.64,136.25,0.9274,-1,-1,-1
237,444,603.50,42.48,25.60,74.41,0.6963,-1,-1,-1
237,438,793.46,73.93,26.37,65.84,0.6815,-1,-1,-1
238,421,682.83,45.24,27.50,74.63,0.8505,-1,-1,-1
238,424,664.94,42.32,21.93,62.66,0.4228,-1,-1,-1
238,434,785.56,23.24,27.96,33.50,0.3238,-1,-1,-1
238,440,336.22,81.68,48.13,133.25,0.9072,-1,-1,-1
238,441,646.35,93.48,44.22,118.72,0.8594,-1,-1,-1
238,442,250.59,77.74,54.98,136.85,0.9291,-1,-1,-1
238,444,603.47,42.25,25.72,74.57,0.7402,-1,-1,-1
238,438,794.87,73.65,26.22,65.43,0.6646,-1,-1,-1
239,421,683.14,44.63,27.76,74.84,0.8540,-1,-1,-1
239,424,665.49,42.29,22.87,65.27,0.4440,-1,-1,-1
239,434,785.54,23.18,28.06,33.64,0.3026,-1,-1,-1
239,440,337.17,81.41,48.10,133.13,0.9135,-1,-1,-1
239,441,644.12,92.56,44.06,119.60,0.8732,-1,-1,-1
239,442,253.34,77.55,54.86,136.08,0.9281,-1,-1,-1
239,444,603.34,42.21,25.78,74.58,0.7241,-1,-1,-1
239,438,796.80,73.30,25.61,63.97,0.7677,-1,-1,-1
240,421,683.87,44.66,27.57,73.52,0.8408,-1,-1,-1
240,424,666.19,42.61,23.36,67.16,0.5379,-1,-1,-1
240,434,785.57,23.18,28.09,33.71,0.3052,-1,-1,-1
240,440,339.22,80.40,48.22,132.77,0.9136,-1,-1,-1
240,441,637.86,92.98,44.37,120.55,0.8924,-1,-1,-1
240,442,257.55,77.41,54.95,135.17,0.9173,-1,-1,-1
240,444,603.16,42.57,25.67,74.21,0.7410,-1,-1,-1
240,438,797.28,72.56,25.33,63.64,0.8008,-1,-1,-1
241,421,684.44,44.49,27.36,72.18,0.8153,-1,-1,-1
241,424,666.92,42.87,23.61,68.53,0.5287,-1,-1,-1
241,434,785.52,23.09,28.16,33.85,0.3185,-1,-1,-1
241,440,341.28,79.94,47.82,130.55,0.9115,-1,-1,-1
241,441,633.24,93.11,44.87,121.53,0.9026,-1,-1,-1
241,442,260.06,76.72,55.24,134.92,0.9141,-1,-1,-1
241,444,603.16,42.73,25.64,74.06,0.7419,-1,-1,-1
241,438,797.67,72.41,25.07,63.09,0.7879,-1,-1,-1
242,421,685.08,44.68,27.49,72.05,0.7864,-1,-1,-1
242,424,667.55,43.19,23.62,69.19,0.5573,-1,-1,-1
242,434,785.47,23.00,28.22,33.96,0.3226,-1,-1,-1
242,440,343.28,79.00,47.61,128.88,0.9042,-1,-1,-1
242,441,630.25,93.32,44.98,121.62,0.9174,-1,-1,-1
242,442,261.90,76.05,55.46,134.43,0.9111,-1,-1,-1
242,444,603.19,42.67,25.74,74.31,0.7771,-1,-1,-1
242,438,798.33,72.25,25.33,63.19,0.8091,-1,-1,-1
243,421,685.70,44.97,27.66,72.12,0.8019,-1,-1,-1
243,424,668.66,43.75,23.39,69.20,0.5517,-1,-1,-1
243,434,785.40,22.94,28.27,34.09,0.3036,-1,-1,-1
243,440,346.49,78.12,47.35,127.76,0.8934,-1,-1,-1
243,441,628.15,92.93,45.17,122.35,0.9142,-1,-1,-1
243,442,263.80,75.39,55.22,133.37,0.9128,-1,-1,-1
243,444,603.31,42.69,25.70,74.27,0.7872,-1,-1,-1
243,438,799.87,72.17,25.02,62.21,0.7868,-1,-1,-1
244,421,686.42,45.18,27.91,72.50,0.8179,-1,-1,-1
244,424,669.31,43.58,23.25,69.38,0.5397,-1,-1,-1
244,434,785.40,22.97,28.23,34.08,0.3067,-1,-1,-1
244,440,349.96,77.23,46.63,125.85,0.9105,-1,-1,-1
244,441,626.96,93.34,44.84,122.10,0.8944,-1,-1,-1
244,442,266.32,74.67,54.68,132.24,0.9126,-1,-1,-1
244,444,603.33,42.73,25.67,74.22,0.7858,-1,-1,-1
244,438,800.29,71.81,25.29,63.02,0.7958,-1,-1,-1
245,421,686.96,45.20,28.33,73.46,0.8368,-1,-1,-1
245,424,669.77,42.08,23.94,71.63,0.6171,-1,-1,-1
245,434,785.44,22.98,28.20,34.07,0.3059,-1,-1,-1
245,440,351.99,76.89,47.03,127.25,0.9300,-1,-1,-1
245,441,625.55,93.29,44.31,121.85,0.8920,-1,-1,-1
245,442,268.99,74.07,53.75,130.55,0.9123,-1,-1,-1
245,444,603.30,42.72,25.66,74.18,0.7629,-1,-1,-1
245,438,801.17,71.66,25.08,62.62,0.7587,-1,-1,-1
246,421,687.40,44.72,28.48,74.02,0.8577,-1,-1,-1
246,424,669.94,40.95,24.55,73.42,0.5993,-1,-1,-1
246,434,785.49,22.85,28.20,34.11,0.3353,-1,-1,-1
246,440,353.28,76.58,47.11,127.12,0.9187,-1,-1,-1
246,441,623.66,92.84,43.99,122.20,0.8902,-1,-1,-1
246,442,271.62,73.56,53.22,130.31,0.9163,-1,-1,-1
246,444,603.29,42.71,25.57,73.83,0.7539,-1,-1,-1
246,438,802.41,71.57,24.85,61.82,0.7722,-1,-1,-1
247,421,688.45,44.21,28.41,74.33,0.8500,-1,-1,-1
247,424,670.39,39.81,24.93,74.44,0.6578,-1,-1,-1
247,434,785.56,22.87,28.08,33.98,0.3312,-1,-1,-1
247,440,354.51,76.45,47.71,128.39,0.9176,-1,-1,-1
247,441,621.36,92.66,43.84,122.88,0.8791,-1,-1,-1
247,442,274.11,73.15,52.48,129.62,0.9146,-1,-1,-1
247,444,603.31,42.63,25.57,73.73,0.7367,-1,-1,-1
247,438,803.33,71.25,24.71,61.14,0.7611,-1,-1,-1
248,421,689.19,43.43,28.20,74.29,0.8253,-1,-1,-1
248,424,671.14,39.06,25.05,74.53,0.7244,-1,-1,-1
248,434,785.62,22.91,27.95,33.84,0.3328,-1,-1,-1
248,440,355.49,76.25,48.11,128.58,0.9127,-1,-1,-1
248,441,618.68,92.19,43.72,123.46,0.8848,-1,-1,-1
248,442,276.58,72.81,51.73,129.23,0.9149,-1,-1,-1
248,444,603.30,42.52,25.55,73.50,0.7092,-1,-1,-1
248,438,804.41,71.01,24.74,60.98,0.7005,-1,-1,-1
249,421,689.70,42.84,28.07,74.38,0.8234,-1,-1,-1
249,424,672.09,37.60,25.48,75.49,0.7758,-1,-1,-1
249,434,785.63,22.88,28.01,33.91,0.3110,-1,-1,-1
249,440,357.19,76.36,48.51,129.01,0.9205,-1,-1,-1
249,441,615.87,92.23,43.36,123.12,0.8978,-1,-1,-1
249,442,278.38,72.50,51.26,129.30,0.9125,-1,-1,-1
249,444,603.18,42.79,25.59,73.49,0.7010,-1,-1,-1
249,438,805.09,70.49,25.16,61.69,0.7040,-1,-1,-1
250,421,690.48,42.17,27.89,74.58,0.8292,-1,-1,-1
250,424,673.34,36.41,26.05,76.96,0.8171,-1,-1,-1
250,434,785.64,22.88,28.20,34.18,0.3481,-1,-1,-1
250,440,358.95,76.45,48.78,129.04,0.9295,-1,-1,-1
250,441,611.95,92.42,43.63,123.42,0.9094,-1,-1,-1
250,442,280.83,72.07,51.15,129.79,0.9208,-1,-1,-1
250,444,603.07,42.58,25.57,73.29,0.6075,-1,-1,-1
250,438,806.92,69.92,25.03,61.21,0.6813,-1,-1,-1
251,421,690.95,42.05,27.69,74.52,0.8180,-1,-1,-1
251,424,673.97,36.19,26.15,77.10,0.8390,-1,-1,-1
251,434,785.65,22.89,28.26,34.29,0.3393,-1,-1,-1
251,440,360.66,76.25,49.05,129.01,0.9265,-1,-1,-1
251,441,605.96,92.68,44.38,123.22,0.9176,-1,-1,-1
251,442,282.62,71.99,51.19,129.20,0.9193,-1,-1,-1
251,444,603.04,42.11,25.66,73.32,0.4404,-1,-1,-1
251,438,807.09,69.37,25.28,61.51,0.7427,-1,-1,-1
252,421,691.02,41.84,27.71,74.87,0.8472,-1,-1,-1
252,424,674.20,35.86,26.23,77.18,0.8377,-1,-1,-1
252,434,785.68,22.91,28.22,34.28,0.3258,-1,-1,-1
252,440,362.32,75.77,49.33,128.90,0.9222,-1,-1,-1
252,441,599.75,92.59,45.63,123.49,0.9261,-1,-1,-1
252,442,284.88,72.15,51.04,128.54,0.9189,-1,-1,-1
252,444,602.79,42.45,25.95,74.12,0.2553,-1,-1,-1
252,438,807.91,69.13,25.31,61.37,0.7471,-1,-1,-1
253,421,691.73,42.02,27.36,74.34,0.8513,-1,-1,-1
253,424,674.17,35.28,26.63,78.03,0.8665,-1,-1,-1
253,434,785.73,22.97,28.12,34.18,0.3076,-1,-1,-1
253,440,363.91,75.15,49.53,128.72,0.9132,-1,-1,-1
253,441,595.07,92.11,46.92,124.10,0.9174,-1,-1,-1
253,442,286.38,72.20,50.97,128.29,0.9240,-1,-1,-1
253,444,603.12,42.25,25.66,72.92,0.1708,-1,-1,-1
253,438,808.55,68.87,25.41,61.34,0.7459,-1,-1,-1
254,421,692.44,42.36,26.94,73.47,0.8580,-1,-1,-1
254,424,674.30,34.61,27.03,78.77,0.8715,-1,-1,-1
254,434,785.74,22.98,28.11,34.20,0.3073,-1,-1,-1
254,440,366.08,74.17,49.54,127.96,0.9054,-1,-1,-1
254,441,591.89,90.96,48.22,125.50,0.9157,-1,-1,-1
254,442,288.54,71.70,50.76,127.86,0.9345,-1,-1,-1
254,438,809.69,68.61,25.56,61.36,0.7695,-1,-1,-1
255,421,692.97,42.46,26.69,73.01,0.8520,-1,-1,-1
255,424,674.39,34.22,27.31,79.25,0.8734,-1,-1,-1
255,434,785.75,22.95,28.16,34.29,0.3085,-1,-1,-1
255,440,369.41,73.35,48.74,125.67,0.9111,-1,-1,-1
255,441,590.53,91.63,48.59,125.09,0.9107,-1,-1,-1
255,442,291.40,71.21,50.53,127.12,0.9225,-1,-1,-1
255,438,810.89,68.34,25.61,61.30,0.7950,-1,-1,-1
256,421,693.61,42.76,26.26,71.91,0.8386,-1,-1,-1
256,424,674.62,33.79,27.51,79.41,0.8786,-1,-1,-1
256,434,785.79,22.96,28.14,34.28,0.3328,-1,-1,-1
256,440,373.73,72.35,47.69,123.77,0.9076,-1,-1,-1
256,441,588.76,90.64,49.21,126.20,0.9005,-1,-1,-1
256,442,294.48,70.53,50.34,126.37,0.9232,-1,-1,-1
256,438,811.85,68.19,25.59,61.06,0.8160,-1,-1,-1
257,421,694.55,42.96,25.96,71.35,0.8141,-1,-1,-1
257,424,675.05,33.88,27.60,79.15,0.8861,-1,-1,-1
257,434,785.74,23.32,27.65,33.67,0.2944,-1,-1,-1
257,440,377.64,71.65,46.84,122.81,0.9018,-1,-1,-1
257,441,587.26,89.87,49.34,127.14,0.8958,-1,-1,-1
257,442,297.99,69.85,50.14,125.90,0.9083,-1,-1,-1
257,438,812.34,67.89,25.58,60.97,0.8169,-1,-1,-1
258,421,695.47,42.99,25.97,71.59,0.8241,-1,-1,-1
258,424,675.86,33.52,27.60,79.06,0.8797,-1,-1,-1
258,434,785.82,23.22,27.86,33.93,0.3166,-1,-1,-1
258,440,380.38,71.55,46.23,122.13,0.9047,-1,-1,-1
258,441,585.15,86.25,50.03,131.01,0.8883,-1,-1,-1
258,442,302.04,69.08,49.74,125.46,0.9168,-1,-1,-1
258,438,812.95,68.10,25.39,60.38,0.7745,-1,-1,-1
259,421,696.89,42.84,25.66,71.10,0.8310,-1,-1,-1
259,424,677.06,33.87,27.27,77.98,0.8815,-1,-1,-1
259,434,785.72,23.46,27.53,33.55,0.2785,-1,-1,-1
259,440,382.34,71.41,45.99,122.43,0.9079,-1,-1,-1
259,441,583.65,87.02,48.79,130.14,0.8640,-1,-1,-1
259,442,305.19,68.70,49.53,125.33,0.9214,-1,-1,-1
259,438,814.64,67.93,25.07,59.71,0.7520,-1,-1,-1
260,421,698.08,42.41,25.47,71.05,0.8521,-1,-1,-1
260,424,678.32,33.31,27.04,77.29,0.8916,-1,-1,-1
260,434,785.81,23.14,27.85,33.96,0.3239,-1,-1,-1
260,440,383.92,71.25,45.83,122.57,0.9158,-1,-1,-1
260,441,581.51,84.72,48.83,133.11,0.8719,-1,-1,-1
260,442,308.64,68.18,49.55,125.14,0.9217,-1,-1,-1
260,438,815.69,67.69,24.97,59.41,0.7014,-1,-1,-1
261,421,698.75,42.03,25.43,71.21,0.8561,-1,-1,-1
261,424,679.63,33.99,26.35,75.24,0.8749,-1,-1,-1
261,434,785.72,23.30,27.67,33.75,0.3197,-1,-1,-1
261,440,385.62,71.47,45.54,121.83,0.8948,-1,-1,-1
261,441,579.83,85.71,47.78,132.79,0.8743,-1,-1,-1
261,442,310.93,67.75,49.72,125.33,0.9249,-1,-1,-1
261,438,816.40,66.76,25.50,60.55,0.7400,-1,-1,-1
262,421,699.17,41.88,25.37,70.84,0.8434,-1,-1,-1
262,424,680.64,34.47,26.13,74.56,0.8586,-1,-1,-1
262,434,785.72,23.38,27.60,33.66,0.3267,-1,-1,-1
262,440,387.20,71.49,45.54,121.61,0.8940,-1,-1,-1
262,441,577.96,87.06,46.79,132.32,0.8252,-1,-1,-1
262,442,312.61,67.67,49.90,125.33,0.9180,-1,-1,-1
262,438,817.51,66.76,25.18,59.90,0.7743,-1,-1,-1
263,421,700.11,41.74,25.29,70.26,0.8190,-1,-1,-1
263,424,681.39,34.45,26.08,74.38,0.8563,-1,-1,-1
263,434,785.70,23.36,27.63,33.70,0.3430,-1,-1,-1
263,440,388.42,71.57,45.50,121.45,0.8905,-1,-1,-1
263,441,576.10,88.04,44.74,128.28,0.8298,-1,-1,-1
263,442,314.30,67.59,50.04,124.97,0.9199,-1,-1,-1
263,438,818.35,67.14,24.75,58.99,0.8133,-1,-1,-1
264,421,701.63,41.83,25.29,70.18,0.8355,-1,-1,-1
264,424,682.48,34.31,26.05,74.47,0.8662,-1,-1,-1
264,434,785.71,23.02,28.09,34.30,0.3416,-1,-1,-1
264,440,390.45,71.15,45.35,120.89,0.9100,-1,-1,-1
264,441,567.51,90.92,45.50,129.55,0.8979,-1,-1,-1
264,442,317.77,67.63,49.58,124.05,0.9126,-1,-1,-1
264,438,819.93,66.99,24.21,57.92,0.7605,-1,-1,-1
265,421,702.92,41.61,25.16,70.02,0.8257,-1,-1,-1
265,424,682.81,34.37,25.99,74.26,0.8647,-1,-1,-1
265,434,785.75,22.91,28.19,34.45,0.3581,-1,-1,-1
265,440,391.87,70.52,45.43,120.78,0.9168,-1,-1,-1
265,441,562.39,92.33,45.90,129.64,0.8994,-1,-1,-1
265,442,320.30,67.47,48.96,122.78,0.9015,-1,-1,-1
265,438,821.05,66.86,23.82,57.21,0.7852,-1,-1,-1
265,444,603.00,42.31,25.40,72.89,0.6116,-1,-1,-1
266,421,703.80,41.79,24.73,68.89,0.8062,-1,-1,-1
266,424,683.52,34.26,25.89,73.84,0.8513,-1,-1,-1
266,434,785.77,22.88,28.20,34.48,0.3592,-1,-1,-1
266,440,393.07,70.36,45.41,120.18,0.9163,-1,-1,-1
266,441,559.47,92.91,46.04,129.73,0.8877,-1,-1,-1
266,442,322.27,67.23,48.55,122.11,0.9104,-1,-1,-1
266,438,822.30,67.09,23.41,56.32,0.7887,-1,-1,-1
266,444,602.57,42.39,25.43,72.96,0.6759,-1,-1,-1
267,421,704.10,42.05,24.68,68.58,0.8008,-1,-1,-1
267,424,684.19,34.28,25.82,73.36,0.8518,-1,-1,-1
267,434,785.80,22.82,28.24,34.54,0.3753,-1,-1,-1
267,440,394.65,69.54,45.15,118.70,0.9009,-1,-1,-1
267,441,557.43,93.34,45.89,129.29,0.8884,-1,-1,-1
267,442,323.82,66.60,48.67,122.68,0.9168,-1,-1,-1
267,438,823.17,66.94,23.55,56.50,0.7614,-1,-1,-1
267,444,602.44,42.40,25.48,73.27,0.6717,-1,-1,-1
268,421,704.73,42.46,24.54,68.25,0.8243,-1,-1,-1
268,424,684.70,34.24,25.88,73.22,0.8406,-1,-1,-1
268,434,785.79,22.79,28.27,34.58,0.3829,-1,-1,-1
268,440,397.42,69.06,44.82,117.52,0.9113,-1,-1,-1
268,441,555.74,93.50,45.79,129.46,0.8814,-1,-1,-1
268,442,325.60,65.70,48.53,122.68,0.9240,-1,-1,-1
268,438,824.16,66.75,23.72,56.75,0.7815,-1,-1,-1
268,444,602.48,42.37,25.48,73.57,0.6910,-1,-1,-1
269,421,705.00,42.73,24.42,67.79,0.8264,-1,-1,-1
269,424,685.48,33.91,25.85,72.87,0.8510,-1,-1,-1
269,434,785.77,22.77,28.29,34.61,0.3758,-1,-1,-1
269,440,399.76,68.21,44.59,116.87,0.8889,-1,-1,-1
269,441,554.06,93.59,45.55,129.83,0.8745,-1,-1,-1
269,442,327.02,64.82,48.08,121.66,0.9244,-1,-1,-1
269,438,825.20,66.68,23.24,55.66,0.7228,-1,-1,-1
269,444,602.51,42.31,25.52,73.94,0.7038,-1,-1,-1
270,421,705.22,42.33,24.53,68.18,0.8452,-1,-1,-1
270,424,685.81,33.84,25.92,72.78,0.8477,-1,-1,-1
270,434,785.77,22.73,28.33,34.68,0.3824,-1,-1,-1
270,440,401.95,67.55,44.28,116.33,0.8796,-1,-1,-1
270,441,552.42,93.16,44.98,130.00,0.8605,-1,-1,-1
270,442,328.58,64.37,47.69,120.78,0.9270,-1,-1,-1
270,438,825.68,65.71,23.38,56.36,0.7265,-1,-1,-1
270,444,602.59,42.21,25.65,74.32,0.7299,-1,-1,-1
271,421,705.65,42.00,24.56,68.62,0.8487,-1,-1,-1
271,424,686.03,33.86,25.91,72.63,0.8356,-1,-1,-1
271,434,785.79,22.74,28.31,34.66,0.3827,-1,-1,-1
271,440,403.14,66.94,44.73,117.68,0.8905,-1,-1,-1
271,441,550.39,92.73,44.31,129.55,0.8811,-1,-1,-1
271,442,330.59,63.76,47.55,120.79,0.9276,-1,-1,-1
271,438,826.35,65.21,23.50,56.74,0.7108,-1,-1,-1
271,444,602.63,42.15,25.66,74.36,0.7499,-1,-1,-1
272,421,706.06,41.55,24.45,68.76,0.8224,-1,-1,-1
272,424,686.39,33.68,26.04,72.69,0.8374,-1,-1,-1
272,434,785.76,22.74,28.29,34.65,0.3758,-1,-1,-1
272,440,404.39,65.72,45.32,119.23,0.8877,-1,-1,-1
272,441,547.91,92.74,43.80,129.17,0.9064,-1,-1,-1
272,442,332.76,63.70,47.00,119.92,0.9225,-1,-1,-1
272,438,827.62,65.79,22.89,55.52,0.6997,-1,-1,-1
272,444,602.55,42.45,25.44,73.76,0.7537,-1,-1,-1
273,421,706.90,41.33,24.03,68.11,0.8184,-1,-1,-1
273,424,687.07,33.92,25.84,71.82,0.8611,-1,-1,-1
273,434,785.73,22.74,28.34,34.72,0.3620,-1,-1,-1
273,440,405.71,64.90,45.63,119.83,0.8829,-1,-1,-1
273,441,544.95,92.79,43.65,129.79,0.9020,-1,-1,-1
273,442,335.03,63.45,46.37,118.84,0.9164,-1,-1,-1
273,438,828.68,65.22,22.97,55.89,0.7451,-1,-1,-1
273,444,602.52,42.51,25.37,73.58,0.7582,-1,-1,-1
274,421,707.45,40.85,23.84,68.17,0.7988,-1,-1,-1
274,424,688.03,34.29,25.58,71.04,0.8615,-1,-1,-1
274,434,785.78,22.82,28.27,34.64,0.3734,-1,-1,-1
274,440,407.25,65.27,45.55,119.26,0.8886,-1,-1,-1
274,441,541.42,93.07,43.58,129.91,0.9127,-1,-1,-1
274,442,336.78,63.41,46.06,118.25,0.9170,-1,-1,-1
274,438,829.39,63.86,23.31,56.89,0.7321,-1,-1,-1
274,444,602.51,42.32,25.44,73.76,0.7738,-1,-1,-1
275,421,708.01,40.35,23.81,68.56,0.7826,-1,-1,-1
275,424,688.66,34.33,25.47,71.12,0.8479,-1,-1,-1
275,434,785.78,22.81,28.30,34.67,0.3771,-1,-1,-1
275,440,408.56,66.12,45.34,118.13,0.8933,-1,-1,-1
275,441,535.69,93.18,44.39,130.70,0.8917,-1,-1,-1
275,442,338.50,63.35,45.89,117.79,0.9074,-1,-1,-1
275,438,830.15,63.31,23.47,57.46,0.6900,-1,-1,-1
275,444,602.45,42.26,25.46,73.76,0.7652,-1,-1,-1
276,421,708.48,40.14,23.82,68.87,0.7850,-1,-1,-1
276,424,689.55,34.70,25.27,70.85,0.8456,-1,-1,-1
276,434,785.79,22.86,28.28,34.65,0.3624,-1,-1,-1
276,440,409.76,66.50,45.39,117.87,0.8885,-1,-1,-1
276,441,529.52,93.42,45.46,131.09,0.9200,-1,-1,-1
276,442,339.86,63.52,45.78,117.45,0.9012,-1,-1,-1
276,438,830.68,60.76,24.14,59.51,0.6999,-1,-1,-1
276,444,602.39,42.06,25.57,73.97,0.7798,-1,-1,-1
277,421,708.81,39.95,23.78,69.00,0.8104,-1,-1,-1
277,424,690.00,34.59,24.98,70.17,0.8528,-1,-1,-1
277,434,785.77,22.87,28.30,34.67,0.3537,-1,-1,-1
277,440,411.29,66.78,45.47,117.53,0.8954,-1,-1,-1
277,441,524.13,93.68,46.58,131.45,0.9065,-1,-1,-1
277,442,341.23,63.45,45.78,117.08,0.9000,-1,-1,-1
277,438,831.26,59.56,24.29,60.40,0.7218,-1,-1,-1
277,444,602.27,42.03,25.67,74.08,0.7771,-1,-1,-1
278,421,709.18,40.06,23.62,68.72,0.8397,-1,-1,-1
278,424,689.87,34.09,25.15,70.65,0.8532,-1,-1,-1
278,434,785.75,22.89,28.30,34.66,0.3526,-1,-1,-1
278,440,412.82,66.39,45.59,117.34,0.9022,-1,-1,-1
278,441,519.82,93.81,47.64,131.87,0.9174,-1,-1,-1
278,442,343.14,63.47,45.76,116.58,0.9006,-1,-1,-1
278,438,832.60,60.07,23.82,59.72,0.7860,-1,-1,-1
278,444,602.23,42.12,25.68,73.91,0.7777,-1,-1,-1
279,421,709.61,40.50,23.35,68.01,0.8388,-1,-1,-1
279,424,689.61,34.43,25.38,70.78,0.8618,-1,-1,-1
279,434,785.73,23.20,28.00,34.28,0.3568,-1,-1,-1
279,440,414.49,65.86,45.66,117.19,0.9084,-1,-1,-1
279,441,517.33,94.13,48.54,132.52,0.9197,-1,-1,-1
279,442,345.09,63.13,45.97,116.71,0.9040,-1,-1,-1
279,438,833.75,60.39,23.37,59.20,0.8118,-1,-1,-1
279,444,602.37,42.10,25.76,74.20,0.7748,-1,-1,-1
280,421,709.89,40.77,23.19,67.29,0.8432,-1,-1,-1
280,424,689.73,34.26,25.67,70.98,0.8805,-1,-1,-1
280,434,785.79,23.09,28.13,34.44,0.3562,-1,-1,-1
280,440,416.84,64.88,45.48,116.53,0.9053,-1,-1,-1
280,441,515.83,94.08,48.94,132.55,0.9205,-1,-1,-1
280,442,347.83,62.54,46.12,116.62,0.9180,-1,-1,-1
280,438,834.67,60.59,22.94,58.89,0.7872,-1,-1,-1
280,444,602.34,42.22,25.77,74.25,0.7701,-1,-1,-1
281,421,710.21,41.17,23.18,66.84,0.8243,-1,-1,-1
281,424,690.31,33.97,25.92,71.35,0.8647,-1,-1,-1
281,434,785.80,23.01,28.21,34.53,0.3740,-1,-1,-1
281,440,419.63,64.10,44.88,115.01,0.8956,-1,-1,-1
281,441,513.55,93.62,49.43,133.20,0.9002,-1,-1,-1
281,442,350.54,61.84,46.05,116.09,0.9198,-1,-1,-1
281,438,835.44,60.31,22.66,59.25,0.7936,-1,-1,-1
281,444,602.36,42.18,25.82,74.52,0.7745,-1,-1,-1
282,421,710.75,41.50,23.26,66.32,0.8025,-1,-1,-1
282,424,691.15,33.57,26.21,71.79,0.8566,-1,-1,-1
282,434,785.82,23.01,28.24,34.57,0.3806,-1,-1,-1
282,440,422.92,63.56,43.20,110.45,0.9000,-1,-1,-1
282,441,510.22,93.88,49.57,133.46,0.9053,-1,-1,-1
282,442,353.44,61.68,45.76,115.06,0.9217,-1,-1,-1
282,438,836.25,60.92,21.97,58.54,0.8277,-1,-1,-1
282,444,602.31,42.29,25.77,74.55,0.7870,-1,-1,-1
283,421,711.57,41.57,23.35,65.91,0.7995,-1,-1,-1
283,424,692.22,33.63,26.24,71.68,0.8463,-1,-1,-1
283,434,785.82,22.98,28.26,34.60,0.3884,-1,-1,-1
283,440,424.95,63.33,43.35,111.74,0.9120,-1,-1,-1
283,441,506.56,93.70,49.71,134.14,0.9047,-1,-1,-1
283,442,355.50,60.92,45.76,115.01,0.9210,-1,-1,-1
283,438,837.38,61.12,21.21,57.91,0.7729,-1,-1,-1
283,444,602.18,42.45,25.66,74.42,0.7798,-1,-1,-1
284,421,712.47,41.40,23.48,65.77,0.7928,-1,-1,-1
284,424,693.20,33.67,26.20,71.32,0.8479,-1,-1,-1
284,434,785.82,22.99,28.25,34.59,0.3812,-1,-1,-1
284,440,427.27,63.44,43.04,112.30,0.9087,-1,-1,-1
284,441,503.55,93.04,49.76,134.89,0.8995,-1,-1,-1
284,442,357.68,60.41,45.81,115.53,0.9054,-1,-1,-1
284,438,838.10,61.74,20.37,56.86,0.7925,-1,-1,-1
284,444,602.14,42.49,25.53,74.33,0.7642,-1,-1,-1
285,421,714.05,41.21,23.44,65.63,0.8075,-1,-1,-1
285,424,694.11,33.33,26.14,70.90,0.8709,-1,-1,-1
285,434,785.82,22.98,28.26,34.59,0.3746,-1,-1,-1
285,440,429.59,63.57,42.40,111.45,0.9140,-1,-1,-1
285,441,500.36,93.03,49.99,135.85,0.8923,-1,-1,-1
285,442,359.53,60.07,45.85,115.92,0.9026,-1,-1,-1
285,438,838.90,61.13,19.92,57.24,0.7780,-1,-1,-1
285,444,602.09,42.48,25.45,74.40,0.7760,-1,-1,-1
286,421,714.89,40.89,23.53,65.79,0.8138,-1,-1,-1
286,424,695.13,34.15,25.67,69.38,0.8449,-1,-1,-1
286,434,785.82,22.96,28.27,34.60,0.3554,-1,-1,-1
286,440,431.32,63.67,41.95,110.90,0.9196,-1,-1,-1
286,441,497.03,93.41,50.34,137.05,0.8902,-1,-1,-1
286,442,360.77,59.72,45.84,116.35,0.8954,-1,-1,-1
286,438,839.79,60.65,19.28,57.20,0.7670,-1,-1,-1
286,444,602.02,42.90,25.20,74.01,0.7728,-1,-1,-1
287,421,715.55,40.49,23.69,66.11,0.8241,-1,-1,-1
287,424,695.74,34.87,25.44,68.54,0.8311,-1,-1,-1
287,434,785.79,22.98,28.28,34.60,0.3548,-1,-1,-1
287,440,432.76,63.63,41.74,110.71,0.9166,-1,-1,-1
287,441,493.93,94.69,50.50,137.23,0.8655,-1,-1,-1
287,442,363.03,60.01,45.41,115.48,0.9014,-1,-1,-1
287,438,840.71,61.06,18.34,56.22,0.7776,-1,-1,-1
287,444,601.96,42.91,25.08,74.01,0.7625,-1,-1,-1
288,421,716.91,40.05,23.79,66.17,0.8197,-1,-1,-1
288,424,697.03,35.36,25.07,67.58,0.7759,-1,-1,-1
288,434,785.79,23.00,28.24,34.55,0.2942,-1,-1,-1
288,440,435.02,63.33,41.77,110.71,0.8877,-1,-1,-1
288,441,487.94,95.67,51.40,139.82,0.9012,-1,-1,-1
288,442,365.76,60.51,44.80,113.56,0.8984,-1,-1,-1
288,438,841.58,60.60,17.60,55.92,0.7764,-1,-1,-1
288,444,602.01,42.69,24.97,73.88,0.7548,-1,-1,-1
289,421,717.79,39.88,23.96,66.51,0.8345,-1,-1,-1
289,424,697.72,35.32,24.99,67.51,0.7608,-1,-1,-1
289,434,785.73,22.99,28.28,34.58,0.2932,-1,-1,-1
289,440,436.44,63.31,41.67,110.18,0.9031,-1,-1,-1
289,441,483.41,96.73,51.59,140.30,0.9156,-1,-1,-1
289,442,367.34,60.32,45.01,113.96,0.9000,-1,-1,-1
289,438,842.41,60.53,16.84,55.63,0.7789,-1,-1,-1
289,444,602.08,42.66,24.90,73.80,0.7556,-1,-1,-1
290,421,718.25,40.15,23.91,65.91,0.8073,-1,-1,-1
290,424,698.50,35.53,24.62,66.97,0.6750,-1,-1,-1
290,434,785.76,22.98,28.27,34.54,0.3131,-1,-1,-1
290,440,437.76,62.36,41.95,110.75,0.8996,-1,-1,-1
290,441,480.46,97.80,51.15,139.67,0.9158,-1,-1,-1
290,442,368.95,60.38,44.96,113.59,0.9066,-1,-1,-1
290,438,842.80,60.29,16.28,55.73,0.7859,-1,-1,-1
290,444,602.14,42.69,24.88,73.75,0.7742,-1,-1,-1
291,421,718.85,40.39,23.67,64.88,0.7523,-1,-1,-1
291,424,699.48,35.81,24.20,66.12,0.6174,-1,-1,-1
291,434,785.70,22.85,28.37,34.65,0.3173,-1,-1,-1
291,440,439.35,61.91,41.86,110.42,0.8938,-1,-1,-1
291,441,478.56,98.37,50.66,139.17,0.9234,-1,-1,-1
291,442,370.81,60.21,44.70,112.88,0.9149,-1,-1,-1
291,438,843.33,60.29,15.60,55.38,0.7946,-1,-1,-1
291,444,602.14,42.85,24.91,73.83,0.7763,-1,-1,-1
292,421,719.26,40.51,23.69,64.62,0.7993,-1,-1,-1
292,424,700.76,35.51,24.13,65.71,0.6789,-1,-1,-1
292,434,785.67,22.74,28.45,34.74,0.3047,-1,-1,-1
292,440,441.13,61.56,41.54,109.23,0.8361,-1,-1,-1
292,441,476.80,98.46,50.12,139.10,0.8962,-1,-1,-1
292,442,372.73,59.61,44.34,112.07,0.9111,-1,-1,-1
292,438,844.01,60.93,14.75,54.31,0.7722,-1,-1,-1
292,444,602.05,42.99,24.90,73.86,0.7781,-1,-1,-1
293,421,719.94,40.64,23.45,63.90,0.7190,-1,-1,-1
293,424,702.26,34.21,24.69,67.27,0.6160,-1,-1,-1
293,434,785.67,22.67,28.48,34.78,0.3198,-1,-1,-1
293,440,442.81,60.69,41.39,108.55,0.8149,-1,-1,-1
293,441,472.87,98.66,49.86,139.09,0.8711,-1,-1,-1
293,442,374.58,58.73,44.17,111.88,0.9129,-1,-1,-1
293,438,844.65,59.70,14.34,55.13,0.6988,-1,-1,-1
293,444,602.13,42.85,24.94,73.92,0.7810,-1,-1,-1
294,421,720.22,40.72,23.38,63.50,0.6913,-1,-1,-1
294,424,703.52,32.94,25.06,68.61,0.6283,-1,-1,-1
294,434,785.68,22.49,28.55,34.89,0.3095,-1,-1,-1
294,440,444.89,59.76,41.05,107.48,0.7801,-1,-1,-1
294,441,469.33,98.56,49.45,138.77,0.8550,-1,-1,-1
294,442,376.13,57.95,44.21,112.17,0.9126,-1,-1,-1
294,438,845.07,56.31,14.33,57.90,0.6258,-1,-1,-1
294,444,602.26,42.65,25.04,74.13,0.7741,-1,-1,-1
295,421,720.43,40.47,23.75,64.34,0.7011,-1,-1,-1
295,424,704.56,33.49,24.62,67.78,0.6865,-1,-1,-1
295,434,785.58,22.58,28.50,34.88,0.2916,-1,-1,-1
295,440,446.55,59.09,40.66,106.29,0.7618,-1,-1,-1
295,441,467.70,98.14,48.88,139.02,0.8513,-1,-1,-1
295,442,377.59,57.11,44.37,112.92,0.9094,-1,-1,-1
295,438,845.31,53.90,14.25,60.56,0.5802,-1,-1,-1
295,444,602.30,42.58,25.10,74.22,0.7757,-1,-1,-1
296,421,720.93,40.48,23.82,64.56,0.7123,-1,-1,-1
296,424,705.01,33.67,24.61,68.26,0.6184,-1,-1,-1
296,434,785.75,22.40,28.46,34.88,0.2924,-1,-1,-1
296,440,447.39,58.91,40.93,106.86,0.4972,-1,-1,-1
296,441,464.07,97.46,48.82,139.93,0.8573,-1,-1,-1
296,442,379.21,57.39,43.97,112.09,0.9104,-1,-1,-1
296,438,845.67,51.42,14.00,62.72,0.5642,-1,-1,-1
296,444,602.33,42.50,25.12,74.30,0.7690,-1,-1,-1
297,421,721.93,40.49,23.64,64.20,0.7355,-1,-1,-1
297,424,704.98,33.57,24.68,68.47,0.7021,-1,-1,-1
297,434,785.73,22.10,28.58,35.10,0.2774,-1,-1,-1
297,440,449.14,59.01,37.53,95.78,0.3153,-1,-1,-1
297,441,460.46,97.33,48.63,140.29,0.8844,-1,-1,-1
297,442,381.21,57.73,43.54,111.35,0.8950,-1,-1,-1
297,444,602.39,42.22,25.22,74.57,0.7835,-1,-1,-1
298,421,722.97,40.33,23.25,63.38,0.7725,-1,-1,-1
298,424,705.84,33.67,24.47,67.95,0.7158,-1,-1,-1
298,434,785.95,22.32,28.31,34.79,0.2474,-1,-1,-1
298,440,451.82,58.89,33.74,82.59,0.1711,-1,-1,-1
298,441,456.51,97.50,48.55,140.26,0.8976,-1,-1,-1
298,442,382.70,57.00,43.31,110.97,0.9237,-1,-1,-1
298,444,602.33,42.14,25.23,74.45,0.7875,-1,-1,-1
298,438,846.04,47.12,13.82,65.79,0.5462,-1,-1,-1
299,421,724.15,39.42,23.05,63.18,0.7259,-1,-1,-1
299,424,706.67,34.13,24.17,67.20,0.7446,-1,-1,-1
299,434,786.10,22.47,28.15,34.62,0.3024,-1,-1,-1
299,441,450.81,98.61,49.07,140.02,0.8993,-1,-1,-1
299,442,384.28,57.12,43.08,110.30,0.9134,-1,-1,-1
299,444,602.37,42.34,25.18,74.24,0.7881,-1,-1,-1
299,438,846.48,46.46,13.08,65.96,0.4725,-1,-1,-1
300,421,724.58,39.09,23.14,63.74,0.7708,-1,-1,-1
300,424,707.72,34.52,23.72,66.54,0.7777,-1,-1,-1
300,434,786.24,22.63,27.96,34.41,0.3275,-1,-1,-1
300,441,443.83,99.31,50.31,139.99,0.9184,-1,-1,-1
300,442,385.98,57.68,42.81,109.20,0.9207,-1,-1,-1
300,444,602.38,42.23,25.25,74.30,0.7903,-1,-1,-1
301,421,725.15,38.85,22.98,63.66,0.7356,-1,-1,-1
301,424,708.60,34.43,23.33,66.04,0.7690,-1,-1,-1
301,434,786.21,22.61,27.99,34.47,0.3037,-1,-1,-1
301,441,438.60,100.26,51.69,139.30,0.9024,-1,-1,-1
301,442,387.42,57.78,42.75,108.74,0.9244,-1,-1,-1
301,444,602.68,42.31,25.34,74.38,0.7901,-1,-1,-1
302,421,725.45,38.75,23.06,64.13,0.7797,-1,-1,-1
302,424,709.43,34.18,23.08,66.07,0.7960,-1,-1,-1
302,434,786.14,22.54,28.07,34.60,0.2839,-1,-1,-1
302,441,435.35,100.70,53.46,139.93,0.9064,-1,-1,-1
302,442,388.44,57.88,42.97,108.86,0.8912,-1,-1,-1
302,444,602.87,42.39,25.42,74.43,0.8212,-1,-1,-1
303,421,725.71,38.61,23.07,64.26,0.8024,-1,-1,-1
303,424,710.08,33.98,22.80,65.99,0.7782,-1,-1,-1
303,434,786.13,22.48,28.10,34.66,0.2880,-1,-1,-1
303,441,433.27,101.17,54.81,140.13,0.9119,-1,-1,-1
303,442,389.93,57.95,43.15,108.58,0.8776,-1,-1,-1
303,444,602.93,42.23,25.45,74.41,0.8122,-1,-1,-1
303,440,462.27,57.91,35.86,86.81,0.5375,-1,-1,-1
304,421,726.28,38.76,22.85,63.54,0.8058,-1,-1,-1
304,424,710.53,34.17,22.55,65.83,0.7623,-1,-1,-1
304,434,786.02,22.13,28.33,35.00,0.2856,-1,-1,-1
304,441,431.04,101.47,55.44,139.75,0.9063,-1,-1,-1
304,442,391.65,57.69,43.41,108.71,0.9000,-1,-1,-1
304,444,603.01,42.16,25.55,74.68,0.8059,-1,-1,-1
304,440,462.75,57.52,38.01,92.50,0.7252,-1,-1,-1
305,421,727.00,39.73,22.59,62.47,0.8085,-1,-1,-1
305,424,711.02,34.84,22.28,65.46,0.7724,-1,-1,-1
305,434,786.36,21.82,28.45,35.38,0.1867,-1,-1,-1
305,441,426.76,100.84,56.00,140.21,0.9075,-1,-1,-1
305,442,393.79,57.51,43.57,108.22,0.8882,-1,-1,-1
305,444,603.19,42.16,25.61,74.84,0.8145,-1,-1,-1
305,440,463.50,56.51,39.50,96.91,0.6956,-1,-1,-1
306,421,727.26,40.11,22.70,62.29,0.7781,-1,-1,-1
306,424,711.42,35.87,21.98,64.77,0.7176,-1,-1,-1
306,434,786.63,21.49,28.55,35.83,0.1759,-1,-1,-1
306,441,422.32,100.41,56.44,141.30,0.8769,-1,-1,-1
306,442,397.24,56.40,43.56,108.12,0.8295,-1,-1,-1
306,444,603.27,42.42,25.54,74.61,0.8061,-1,-1,-1
306,440,463.85,55.50,41.13,102.36,0.7480,-1,-1,-1
307,421,728.38,39.95,22.60,61.73,0.6572,-1,-1,-1
307,424,712.29,35.47,22.19,65.35,0.7931,-1,-1,-1
307,434,786.77,21.51,28.36,35.85,0.1724,-1,-1,-1
307,441,419.03,100.25,55.66,141.58,0.8344,-1,-1,-1
307,442,400.98,55.68,42.45,105.93,0.6223,-1,-1,-1
307,444,603.34,42.64,25.49,74.45,0.8183,-1,-1,-1
307,440,464.56,53.02,41.91,105.83,0.7242,-1,-1,-1
308,421,728.90,40.24,22.68,61.47,0.7125,-1,-1,-1
308,424,713.10,35.34,22.22,65.31,0.7801,-1,-1,-1
308,434,786.60,21.37,28.35,36.03,0.1186,-1,-1,-1
308,441,411.92,99.44,55.81,142.59,0.8191,-1,-1,-1
308,442,405.05,55.22,37.36,92.72,0.7249,-1,-1,-1
308,444,603.30,42.69,25.49,74.38,0.8113,-1,-1,-1
308,440,465.38,50.67,42.87,109.74,0.8122,-1,-1,-1
309,421,729.86,40.20,22.91,61.69,0.7853,-1,-1,-1
309,424,713.93,35.02,22.53,65.90,0.8046,-1,-1,-1
309,434,786.29,21.12,28.62,36.56,0.1197,-1,-1,-1
309,441,407.38,99.44,56.01,144.00,0.8713,-1,-1,-1
309,442,407.51,54.37,35.58,88.00,0.6668,-1,-1,-1
309,444,603.40,42.73,25.43,74.10,0.8189,-1,-1,-1
309,440,466.76,48.15,43.25,112.35,0.8422,-1,-1,-1
310,421,731.00,40.39,22.83,61.20,0.8066,-1,-1,-1
310,424,714.70,33.67,22.92,66.87,0.7845,-1,-1,-1
310,441,406.70,99.87,55.55,145.67,0.8673,-1,-1,-1
310,442,409.41,53.96,34.54,84.67,0.2219,-1,-1,-1
310,444,603.60,42.51,25.64,74.56,0.8199,-1,-1,-1
310,440,468.76,48.06,42.58,112.16,0.8161,-1,-1,-1
311,421,732.08,40.25,22.73,60.76,0.7567,-1,-1,-1
311,424,715.57,34.19,22.61,65.62,0.7380,-1,-1,-1
311,441,404.68,100.54,54.40,145.03,0.8647,-1,-1,-1
311,444,603.62,42.53,25.68,74.46,0.8193,-1,-1,-1
311,440,470.86,49.37,41.45,110.41,0.8637,-1,-1,-1
312,421,733.45,39.55,22.94,61.31,0.6124,-1,-1,-1
312,424,716.43,34.29,22.62,65.08,0.5980,-1,-1,-1
312,441,395.69,101.84,55.41,147.67,0.9197,-1,-1,-1
312,444,603.84,42.57,25.72,74.46,0.8379,-1,-1,-1
312,440,473.55,53.38,39.58,105.34,0.8535,-1,-1,-1
313,421,734.27,38.93,23.09,61.44,0.6887,-1,-1,-1
313,424,716.90,34.72,22.53,64.16,0.6520,-1,-1,-1
313,441,389.08,102.75,55.95,148.08,0.9274,-1,-1,-1
313,444,604.17,42.70,25.71,74.39,0.8330,-1,-1,-1
313,440,474.76,54.48,39.10,103.99,0.8713,-1,-1,-1
314,421,734.82,38.83,23.12,61.13,0.7358,-1,-1,-1
314,424,716.84,35.25,22.33,63.31,0.5919,-1,-1,-1
314,441,385.85,103.31,55.97,147.93,0.9303,-1,-1,-1
314,444,604.47,42.77,25.55,74.02,0.8293,-1,-1,-1
314,440,475.61,54.67,39.03,103.45,0.8817,-1,-1,-1
314,442,419.93,53.73,32.37,77.38,0.4957,-1,-1,-1
315,421,735.78,38.79,23.12,60.89,0.7715,-1,-1,-1
315,424,717.82,34.90,22.56,63.30,0.6853,-1,-1,-1
315,441,380.81,103.51,56.45,147.95,0.9293,-1,-1,-1
315,444,604.42,42.85,25.58,74.03,0.8441,-1,-1,-1
315,440,476.35,53.13,39.63,105.05,0.8758,-1,-1,-1
315,442,420.53,53.53,33.70,79.69,0.7038,-1,-1,-1
316,421,736.38,39.03,22.87,59.92,0.7860,-1,-1,-1
316,424,718.42,34.47,22.85,63.46,0.6869,-1,-1,-1
316,441,376.07,103.70,56.75,148.19,0.9047,-1,-1,-1
316,444,604.31,42.78,25.67,74.09,0.8237,-1,-1,-1
316,440,477.66,52.63,39.35,104.37,0.8626,-1,-1,-1
316,442,418.85,52.96,38.65,92.47,0.8188,-1,-1,-1
317,421,737.00,39.36,22.42,58.21,0.7656,-1,-1,-1
317,424,719.46,35.02,22.70,62.10,0.6437,-1,-1,-1
317,441,374.78,102.89,56.55,148.91,0.8209,-1,-1,-1
317,444,604.41,42.67,25.66,74.00,0.8152,-1,-1,-1
317,440,479.40,52.23,38.90,103.31,0.8877,-1,-1,-1
317,442,418.75,52.72,40.60,98.44,0.7685,-1,-1,-1
318,421,737.32,39.62,22.62,58.44,0.7576,-1,-1,-1
318,424,720.72,35.33,22.43,61.12,0.6219,-1,-1,-1
318,441,371.92,102.13,56.66,149.54,0.8090,-1,-1,-1
318,444,604.50,42.67,25.73,74.10,0.8092,-1,-1,-1
318,440,481.28,52.89,38.11,101.27,0.8916,-1,-1,-1
318,442,419.23,52.55,41.00,100.12,0.7151,-1,-1,-1
319,421,737.33,39.64,22.97,59.19,0.7429,-1,-1,-1
319,424,721.36,35.54,22.38,60.97,0.5784,-1,-1,-1
319,441,364.82,102.16,56.79,149.78,0.8831,-1,-1,-1
319,444,604.53,42.74,25.78,74.16,0.8123,-1,-1,-1
319,440,483.14,53.34,37.36,99.27,0.8956,-1,-1,-1
319,442,419.61,52.14,41.62,102.20,0.6529,-1,-1,-1
320,421,737.77,39.63,23.16,59.59,0.7602,-1,-1,-1
320,424,722.41,35.54,22.37,60.85,0.6116,-1,-1,-1
320,441,359.90,102.14,56.91,149.88,0.9232,-1,-1,-1
320,444,604.61,42.77,25.81,74.16,0.8330,-1,-1,-1
320,440,484.39,53.27,36.94,98.05,0.8956,-1,-1,-1
320,442,419.51,50.80,42.73,105.40,0.8273,-1,-1,-1
321,421,738.07,39.49,23.41,60.36,0.7997,-1,-1,-1
321,424,723.24,35.28,22.35,60.97,0.6181,-1,-1,-1
321,441,355.80,102.02,57.35,150.32,0.9054,-1,-1,-1
321,444,604.91,42.84,25.85,74.21,0.8255,-1,-1,-1
321,440,484.98,53.17,36.97,98.01,0.8947,-1,-1,-1
321,442,420.26,50.13,43.12,106.75,0.8959,-1,-1,-1
322,421,738.26,39.13,23.52,61.00,0.7642,-1,-1,-1
322,424,723.27,34.96,22.45,61.29,0.5678,-1,-1,-1
322,441,351.77,102.73,57.71,150.22,0.8994,-1,-1,-1
322,444,605.19,42.80,25.80,74.32,0.8432,-1,-1,-1
322,440,485.43,52.85,37.73,100.07,0.8856,-1,-1,-1
322,442,422.12,50.13,42.84,106.43,0.9005,-1,-1,-1
323,421,739.21,39.13,23.38,60.77,0.7319,-1,-1,-1
323,424,722.71,33.82,23.10,62.98,0.6101,-1,-1,-1
323,441,347.90,103.62,58.32,150.81,0.9177,-1,-1,-1
323,444,605.10,42.63,25.76,74.38,0.8302,-1,-1,-1
323,440,486.09,52.06,38.36,101.79,0.8961,-1,-1,-1
323,442,424.24,50.83,42.18,105.15,0.9184,-1,-1,-1
324,421,740.01,38.83,23.22,60.57,0.7686,-1,-1,-1
324,424,723.07,33.32,23.21,63.55,0.6863,-1,-1,-1
324,441,344.17,104.97,59.04,151.12,0.9209,-1,-1,-1
324,444,605.22,42.66,25.68,74.38,0.8194,-1,-1,-1
324,440,487.05,51.27,38.67,103.02,0.8861,-1,-1,-1
324,442,425.98,51.27,41.50,103.65,0.9232,-1,-1,-1
325,421,740.54,38.82,23.01,60.31,0.7627,-1,-1,-1
325,424,724.00,33.40,22.98,63.70,0.7538,-1,-1,-1
325,441,340.87,105.79,60.34,152.61,0.9298,-1,-1,-1
325,444,605.27,42.74,25.59,74.27,0.8118,-1,-1,-1
325,440,487.79,51.08,38.61,103.27,0.8742,-1,-1,-1
325,442,427.67,51.80,40.74,101.88,0.9035,-1,-1,-1
326,421,740.64,38.67,22.96,60.42,0.7116,-1,-1,-1
326,424,724.93,33.49,22.62,63.35,0.7279,-1,-1,-1
326,441,338.26,105.90,61.39,153.33,0.9230,-1,-1,-1
326,444,605.33,42.64,25.60,74.33,0.8263,-1,-1,-1
326,440,488.57,50.96,38.41,103.10,0.8579,-1,-1,-1
326,442,429.56,52.01,40.37,100.77,0.8826,-1,-1,-1
327,421,741.15,38.67,22.77,60.07,0.6310,-1,-1,-1
327,424,725.72,33.66,22.24,62.97,0.7258,-1,-1,-1
327,441,334.53,106.07,62.17,153.59,0.9195,-1,-1,-1
327,444,605.34,42.55,25.61,74.45,0.8271,-1,-1,-1
327,440,488.83,50.44,38.44,103.43,0.8554,-1,-1,-1
327,442,430.83,52.12,40.76,101.40,0.9128,-1,-1,-1
328,421,741.18,38.61,22.89,60.40,0.5982,-1,-1,-1
328,424,726.42,33.43,22.05,63.08,0.6545,-1,-1,-1
328,441,331.29,106.26,62.45,153.22,0.9137,-1,-1,-1
328,444,605.55,42.41,25.77,74.70,0.8352,-1,-1,-1
328,440,489.07,49.89,38.54,103.78,0.8558,-1,-1,-1
328,442,432.29,51.29,41.19,102.05,0.9121,-1,-1,-1
329,421,741.22,38.76,22.87,60.27,0.7112,-1,-1,-1
329,424,726.87,33.58,21.77,62.83,0.6962,-1,-1,-1
329,441,327.46,105.53,62.67,154.08,0.9071,-1,-1,-1
329,444,605.61,42.32,25.85,74.70,0.8352,-1,-1,-1
329,440,489.51,49.64,38.33,102.90,0.8544,-1,-1,-1
329,442,434.21,50.90,41.26,101.93,0.8690,-1,-1,-1
330,421,741.51,38.98,22.74,59.82,0.7529,-1,-1,-1
330,424,727.17,33.47,21.53,62.73,0.7254,-1,-1,-1
330,441,323.08,105.35,62.22,154.31,0.9038,-1,-1,-1
330,444,605.76,42.54,25.79,74.45,0.8392,-1,-1,-1
330,440,489.64,48.24,38.33,102.34,0.8539,-1,-1,-1
330,442,435.61,50.04,41.31,101.86,0.8785,-1,-1,-1
331,421,742.47,38.97,22.60,59.52,0.7246,-1,-1,-1
331,424,727.79,33.16,21.58,63.09,0.7050,-1,-1,-1
331,441,318.60,104.81,61.63,154.79,0.9186,-1,-1,-1
331,444,605.86,42.43,25.85,74.57,0.8437,-1,-1,-1
331,440,489.81,46.28,38.65,102.53,0.8490,-1,-1,-1
331,442,437.59,49.23,41.23,101.73,0.8882,-1,-1,-1
332,421,743.50,39.06,22.41,58.91,0.7325,-1,-1,-1
332,424,728.72,32.53,21.78,63.68,0.7741,-1,-1,-1
332,441,314.77,104.90,61.45,156.00,0.9248,-1,-1,-1
332,444,605.73,42.55,25.85,74.43,0.8380,-1,-1,-1
332,440,490.19,46.49,38.30,100.89,0.8581,-1,-1,-1
332,442,439.20,49.32,41.10,101.28,0.8986,-1,-1,-1
333,421,744.02,39.21,22.39,58.66,0.6885,-1,-1,-1
333,424,729.30,32.12,21.86,63.90,0.7494,-1,-1,-1
333,441,310.86,105.37,61.73,158.47,0.9261,-1,-1,-1
333,444,605.69,42.27,25.92,74.62,0.8342,-1,-1,-1
333,440,490.55,45.33,38.31,100.31,0.8788,-1,-1,-1
333,442,440.49,48.96,41.16,101.40,0.8806,-1,-1,-1
333,450,843.03,28.94,12.83,36.80,0.4529,-1,-1,-1
334,421,745.13,39.28,22.22,58.20,0.6625,-1,-1,-1
334,424,730.09,32.12,21.91,63.87,0.7630,-1,-1,-1
334,441,309.33,105.75,60.77,158.36,0.9121,-1,-1,-1
334,444,605.80,42.22,25.92,74.64,0.8402,-1,-1,-1
334,440,491.06,45.30,38.40,100.29,0.8963,-1,-1,-1
334,442,442.11,48.50,41.03,101.48,0.8762,-1,-1,-1
334,450,842.75,28.28,13.17,37.79,0.3163,-1,-1,-1
334,451,796.05,26.25,18.65,45.09,0.5259,-1,-1,-1
335,421,745.89,39.37,22.03,57.83,0.6347,-1,-1,-1
335,424,730.56,31.54,22.23,64.57,0.7348,-1,-1,-1
335,441,306.87,106.71,60.34,160.22,0.9044,-1,-1,-1
335,444,605.83,42.22,25.88,74.63,0.8247,-1,-1,-1
335,440,491.73,45.74,38.22,99.63,0.8902,-1,-1,-1
335,442,443.47,48.00,41.05,102.12,0.8900,-1,-1,-1
335,450,842.98,29.67,12.49,35.74,0.4043,-1,-1,-1
335,451,796.44,26.36,18.72,45.31,0.4616,-1,-1,-1
336,421,747.19,38.72,21.90,57.55,0.6108,-1,-1,-1
336,424,731.54,31.98,21.88,63.21,0.6910,-1,-1,-1
336,441,300.04,108.36,61.08,162.20,0.9358,-1,-1,-1
336,444,605.92,42.61,25.78,74.30,0.8318,-1,-1,-1
336,440,492.68,46.53,37.68,98.20,0.8665,-1,-1,-1
336,442,444.66,47.58,40.80,102.15,0.8959,-1,-1,-1
336,450,842.67,30.85,12.00,34.04,0.5278,-1,-1,-1
336,451,797.43,26.91,18.77,45.38,0.7500,-1,-1,-1
337,421,747.90,38.18,21.91,57.63,0.6526,-1,-1,-1
337,424,731.72,31.60,21.95,63.01,0.7028,-1,-1,-1
337,441,296.34,109.59,61.24,162.28,0.9154,-1,-1,-1
337,444,605.96,42.73,25.75,74.23,0.8381,-1,-1,-1
337,440,493.59,48.58,36.86,95.86,0.8763,-1,-1,-1
337,442,445.32,47.83,40.62,102.15,0.9007,-1,-1,-1
337,450,842.32,30.79,12.03,33.80,0.4213,-1,-1,-1
337,451,797.90,27.03,18.91,45.69,0.7080,-1,-1,-1
338,421,748.49,37.88,21.77,57.11,0.7338,-1,-1,-1
338,424,731.95,32.26,21.72,61.79,0.6463,-1,-1,-1
338,441,293.90,110.36,60.61,161.49,0.9153,-1,-1,-1
338,444,605.93,42.71,25.81,74.31,0.8338,-1,-1,-1
338,440,494.42,49.24,36.47,94.63,0.8624,-1,-1,-1
338,442,446.19,48.00,40.04,101.00,0.9006,-1,-1,-1
338,450,841.79,30.52,12.38,34.33,0.5450,-1,-1,-1
338,451,798.12,27.27,18.94,45.75,0.7337,-1,-1,-1
339,421,748.84,37.50,21.84,57.02,0.7745,-1,-1,-1
339,424,732.07,33.36,21.43,60.51,0.6727,-1,-1,-1
339,441,290.39,110.17,60.20,162.01,0.9034,-1,-1,-1
339,444,605.96,42.81,25.78,74.19,0.8231,-1,-1,-1
339,440,495.51,49.94,35.98,93.52,0.8422,-1,-1,-1
339,442,447.53,48.63,39.10,98.93,0.8877,-1,-1,-1
339,450,841.29,31.64,12.23,33.42,0.5594,-1,-1,-1
339,451,798.62,27.46,19.03,45.86,0.7881,-1,-1,-1
340,421,748.96,37.24,22.08,57.28,0.7498,-1,-1,-1
340,424,732.11,34.10,21.20,59.59,0.5231,-1,-1,-1
340,441,286.31,110.53,59.14,161.91,0.9072,-1,-1,-1
340,444,605.93,42.79,25.78,74.19,0.8148,-1,-1,-1
340,440,496.31,50.80,35.56,92.76,0.8371,-1,-1,-1
340,442,448.89,48.95,38.78,98.92,0.8678,-1,-1,-1
340,450,840.92,31.38,12.46,33.59,0.4648,-1,-1,-1
340,451,799.15,27.63,19.13,45.98,0.7485,-1,-1,-1
341,421,749.23,37.36,22.07,56.98,0.7519,-1,-1,-1
341,424,732.52,35.04,20.91,58.41,0.4759,-1,-1,-1
341,441,281.52,110.48,57.61,161.03,0.9050,-1,-1,-1
341,444,605.89,42.81,25.76,74.13,0.8169,-1,-1,-1
341,440,497.21,51.13,35.12,92.07,0.8584,-1,-1,-1
341,442,450.05,49.05,38.25,98.22,0.8685,-1,-1,-1
341,450,840.52,31.21,12.71,33.90,0.3888,-1,-1,-1
341,451,799.61,27.51,19.30,46.16,0.7398,-1,-1,-1
342,421,749.35,37.57,22.04,56.45,0.7403,-1,-1,-1
342,424,733.35,35.39,20.93,58.19,0.5121,-1,-1,-1
342,441,276.45,110.22,56.21,160.62,0.9031,-1,-1,-1
342,444,605.95,42.86,25.75,74.11,0.8237,-1,-1,-1
342,440,497.78,50.77,34.76,91.48,0.8657,-1,-1,-1
342,442,451.21,48.74,38.04,98.44,0.8358,-1,-1,-1
342,450,839.90,30.85,13.08,34.39,0.2910,-1,-1,-1
342,451,800.13,27.80,19.38,46.10,0.7404,-1,-1,-1
342,453,46.60,52.06,33.53,98.06,0.7662,-1,-1,-1
343,421,749.99,38.37,21.59,54.88,0.6686,-1,-1,-1
343,424,734.12,35.10,21.08,58.25,0.4422,-1,-1,-1
343,441,271.96,110.20,55.18,160.99,0.9120,-1,-1,-1
343,444,605.94,42.71,25.81,74.28,0.8215,-1,-1,-1
343,440,498.23,49.31,34.49,90.99,0.8606,-1,-1,-1
343,442,452.48,47.44,37.94,99.16,0.8447,-1,-1,-1
343,450,839.21,30.70,13.39,34.56,0.2715,-1,-1,-1
343,451,800.51,27.76,19.51,46.06,0.6481,-1,-1,-1
343,453,43.32,52.15,33.44,98.14,0.6948,-1,-1,-1
344,421,750.29,38.80,21.51,54.32,0.6278,-1,-1,-1
344,424,735.35,34.22,21.28,58.54,0.3507,-1,-1,-1
344,441,267.83,110.00,54.35,160.64,0.9179,-1,-1,-1
344,444,605.97,42.67,25.84,74.41,0.8165,-1,-1,-1
344,440,498.47,47.57,34.56,91.44,0.8372,-1,-1,-1
344,442,453.31,46.53,37.87,99.30,0.8478,-1,-1,-1
344,450,838.49,31.07,13.56,34.45,0.3575,-1,-1,-1
344,451,801.32,28.13,19.49,45.66,0.5520,-1,-1,-1
344,453,40.32,52.71,33.31,98.34,0.6708,-1,-1,-1
345,421,750.62,38.79,21.59,54.38,0.6155,-1,-1,-1
345,424,736.05,32.59,21.85,60.19,0.4298,-1,-1,-1
345,441,263.68,110.36,54.14,160.93,0.9296,-1,-1,-1
345,444,605.96,42.69,25.83,74.34,0.8156,-1,-1,-1
345,440,498.44,47.44,34.45,91.23,0.8567,-1,-1,-1
345,442,454.31,46.64,37.44,98.31,0.8430,-1,-1,-1
345,450,837.64,32.08,13.52,33.72,0.4297,-1,-1,-1
345,451,803.11,27.79,19.49,45.51,0.3277,-1,-1,-1
345,453,38.48,53.83,33.16,98.47,0.8262,-1,-1,-1
346,421,750.57,38.58,22.16,55.95,0.6728,-1,-1,-1
346,424,736.28,32.50,21.93,60.45,0.2914,-1,-1,-1
346,441,257.65,110.71,55.03,160.88,0.9368,-1,-1,-1
346,444,605.94,42.62,25.82,74.33,0.8068,-1,-1,-1
346,440,498.25,46.78,34.77,92.39,0.8537,-1,-1,-1
346,442,455.55,48.29,36.65,96.14,0.8059,-1,-1,-1
346,450,837.27,32.66,13.51,33.35,0.3804,-1,-1,-1
346,451,804.47,28.06,19.47,45.29,0.2717,-1,-1,-1
346,453,37.24,54.08,33.05,98.65,0.8072,-1,-1,-1
347,421,750.65,38.28,22.23,56.30,0.6233,-1,-1,-1
347,424,736.40,32.54,21.87,60.40,0.3178,-1,-1,-1
347,441,251.37,111.19,56.72,160.72,0.9336,-1,-1,-1
347,444,605.88,42.62,25.81,74.30,0.8078,-1,-1,-1
347,440,498.42,46.93,34.63,92.45,0.8408,-1,-1,-1
347,442,456.67,49.59,36.18,94.56,0.8010,-1,-1,-1
347,450,836.76,32.92,13.56,33.33,0.2368,-1,-1,-1
347,451,807.55,29.16,18.71,44.23,0.2526,-1,-1,-1
347,453,36.52,55.03,33.03,98.62,0.8541,-1,-1,-1
348,421,750.54,38.00,22.29,56.23,0.5842,-1,-1,-1
348,424,736.61,32.54,21.75,60.13,0.2938,-1,-1,-1
348,441,245.43,112.30,58.93,159.95,0.9376,-1,-1,-1
348,444,605.92,42.73,25.81,74.24,0.8132,-1,-1,-1
348,440,498.71,47.06,34.40,92.32,0.8190,-1,-1,-1
348,442,458.06,50.07,35.98,93.44,0.8371,-1,-1,-1
348,450,836.25,32.40,13.72,33.83,0.1526,-1,-1,-1
348,451,808.87,29.39,18.48,44.45,0.3849,-1,-1,-1
348,453,35.61,55.66,32.88,97.92,0.8244,-1,-1,-1
349,421,750.66,37.74,22.49,56.69,0.5217,-1,-1,-1
349,424,737.28,32.64,21.68,60.11,0.3465,-1,-1,-1
349,441,241.58,113.27,61.12,159.91,0.9434,-1,-1,-1
349,444,605.96,42.71,25.83,74.24,0.8202,-1,-1,-1
349,440,499.21,46.59,34.36,92.74,0.7949,-1,-1,-1
349,442,459.12,48.99,36.44,94.12,0.8875,-1,-1,-1
349,451,809.44,30.22,18.18,44.36,0.4656,-1,-1,-1
349,453,34.56,56.26,32.93,97.50,0.6659,-1,-1,-1
350,421,751.84,37.49,22.30,56.64,0.4247,-1,-1,-1
350,424,737.78,32.65,21.68,60.35,0.5772,-1,-1,-1
350,441,238.82,113.58,63.14,160.47,0.9389,-1,-1,-1
350,444,605.90,42.51,25.95,74.57,0.8105,-1,-1,-1
350,440,499.15,45.41,34.52,93.88,0.7938,-1,-1,-1
350,442,460.14,48.05,36.70,94.25,0.8837,-1,-1,-1
350,451,809.97,30.75,17.98,44.35,0.5331,-1,-1,-1
350,453,33.19,56.49,33.24,97.68,0.5631,-1,-1,-1
351,421,752.38,37.08,22.32,56.91,0.5311,-1,-1,-1
351,424,738.30,32.40,21.59,60.41,0.6390,-1,-1,-1
351,441,236.31,114.16,64.52,160.62,0.9177,-1,-1,-1
351,444,605.94,42.63,25.95,74.46,0.8210,-1,-1,-1
351,440,498.82,44.20,34.59,94.97,0.7690,-1,-1,-1
351,442,461.31,47.89,36.56,93.37,0.8615,-1,-1,-1
351,451,810.75,31.56,17.80,44.11,0.4430,-1,-1,-1
351,453,30.89,56.92,33.44,97.46,0.7637,-1,-1,-1
352,421,753.02,37.06,22.05,56.45,0.5152,-1,-1,-1
352,424,739.22,32.23,21.32,60.14,0.6621,-1,-1,-1
352,441,232.17,114.15,65.74,161.13,0.9017,-1,-1,-1
352,444,606.01,42.74,25.91,74.33,0.8058,-1,-1,-1
352,440,498.43,43.57,34.42,95.25,0.6707,-1,-1,-1
352,442,462.70,48.51,36.58,92.93,0.8445,-1,-1,-1
352,451,810.35,31.24,18.17,45.05,0.1728,-1,-1,-1
352,453,28.11,56.80,33.73,97.86,0.7293,-1,-1,-1
353,421,753.52,37.33,21.96,56.43,0.6612,-1,-1,-1
353,424,739.91,32.02,21.12,60.06,0.7072,-1,-1,-1
353,441,226.69,113.32,66.45,162.38,0.9059,-1,-1,-1
353,444,606.00,42.67,25.94,74.41,0.8088,-1,-1,-1
353,440,497.59,43.61,34.08,94.80,0.5524,-1,-1,-1
353,442,463.76,48.36,36.95,93.21,0.8285,-1,-1,-1
353,451,807.26,30.01,18.85,45.79,0.3635,-1,-1,-1
353,453,25.47,56.87,33.74,97.74,0.7744,-1,-1,-1
354,421,754.04,37.31,21.92,56.63,0.6342,-1,-1,-1
354,424,740.64,31.86,21.10,60.23,0.7326,-1,-1,-1
354,441,221.72,113.29,65.56,162.45,0.9029,-1,-1,-1
354,444,605.98,42.77,25.90,74.26,0.8103,-1,-1,-1
354,440,496.96,43.45,33.87,94.79,0.7072,-1,-1,-1
354,442,464.50,47.70,37.52,93.87,0.8456,-1,-1,-1
354,451,806.24,30.26,18.87,45.25,0.2971,-1,-1,-1
354,453,23.25,56.96,33.55,97.13,0.7600,-1,-1,-1
355,421,754.10,37.24,21.93,56.76,0.6853,-1,-1,-1
355,424,741.17,31.90,20.78,59.47,0.6979,-1,-1,-1
355,441,215.31,112.72,64.45,163.31,0.8862,-1,-1,-1
355,444,605.90,42.64,25.94,74.38,0.8030,-1,-1,-1
355,440,496.46,42.81,33.91,95.31,0.6947,-1,-1,-1
355,442,465.53,46.83,37.80,94.34,0.8604,-1,-1,-1
355,451,805.69,30.15,19.12,45.84,0.4276,-1,-1,-1
355,453,20.95,57.27,33.31,96.76,0.6378,-1,-1,-1
356,421,754.55,37.46,21.74,56.46,0.4825,-1,-1,-1
356,424,741.71,31.75,20.83,59.43,0.6727,-1,-1,-1
356,441,208.74,112.48,62.74,163.54,0.8624,-1,-1,-1
356,444,605.92,42.52,25.93,74.41,0.8006,-1,-1,-1
356,440,496.94,42.30,33.37,94.39,0.6382,-1,-1,-1
356,442,466.43,46.41,37.71,94.10,0.8182,-1,-1,-1
356,451,805.44,30.36,19.03,45.81,0.4142,-1,-1,-1
356,453,17.94,57.77,33.03,96.88,0.3356,-1,-1,-1
357,421,755.24,37.63,21.50,56.07,0.5377,-1,-1,-1
357,424,741.78,31.92,20.73,59.00,0.6742,-1,-1,-1
357,441,201.96,112.58,62.49,166.49,0.9028,-1,-1,-1
357,444,605.93,42.46,25.92,74.39,0.7987,-1,-1,-1
357,440,497.62,41.51,32.62,92.99,0.5940,-1,-1,-1
357,442,467.76,46.14,37.40,93.47,0.7940,-1,-1,-1
357,451,805.13,30.94,18.75,45.29,0.5813,-1,-1,-1
357,453,16.06,58.05,32.85,96.77,0.8036,-1,-1,-1
358,421,756.12,37.63,21.49,56.22,0.6454,-1,-1,-1
358,424,742.12,32.21,20.87,59.06,0.7256,-1,-1,-1
358,441,197.90,112.83,61.98,168.40,0.9023,-1,-1,-1
358,444,605.94,42.42,25.91,74.38,0.8092,-1,-1,-1
358,440,498.16,41.40,31.67,90.81,0.5383,-1,-1,-1
358,442,468.96,46.14,37.31,93.71,0.7696,-1,-1,-1
358,451,805.23,31.16,18.45,45.11,0.6129,-1,-1,-1
358,453,14.88,57.65,33.23,97.97,0.8413,-1,-1,-1
359,421,756.92,37.73,21.47,56.25,0.7118,-1,-1,-1
359,424,742.32,32.30,20.91,58.89,0.7506,-1,-1,-1
359,441,195.56,113.94,61.38,169.21,0.9208,-1,-1,-1
359,444,605.94,42.41,25.89,74.37,0.8048,-1,-1,-1
359,440,498.22,40.71,30.92,89.42,0.3011,-1,-1,-1
359,442,470.72,46.90,36.45,92.28,0.6830,-1,-1,-1
359,451,805.78,31.40,18.02,44.75,0.4920,-1,-1,-1
359,453,14.24,58.70,33.01,97.20,0.8140,-1,-1,-1
360,421,758.87,37.91,21.12,55.62,0.6635,-1,-1,-1
360,424,742.64,32.48,20.79,58.22,0.6635,-1,-1,-1
360,441,187.74,115.98,62.29,169.01,0.9260,-1,-1,-1
360,444,605.99,42.52,25.86,74.24,0.8059,-1,-1,-1
360,442,472.71,48.26,35.11,90.08,0.5438,-1,-1,-1
360,451,807.08,32.40,17.42,43.84,0.2346,-1,-1,-1
360,453,12.99,59.82,32.96,96.18,0.4732,-1,-1,-1