0,393,82.93,89.15,76.38,195.26,0.9256,-1,-1,-1
0,394,582.19,33.54,25.89,86.32,0.8540,-1,-1,-1
0,395,518.78,33.57,27.58,86.91,0.4817,-1,-1,-1
0,396,785.13,22.55,29.25,35.17,0.4421,-1,-1,-1
1,393,88.39,89.26,76.31,195.16,0.9223,-1,-1,-1
1,394,582.46,33.82,25.85,86.17,0.8670,-1,-1,-1
1,395,519.86,33.12,27.88,87.93,0.6278,-1,-1,-1
1,396,785.13,22.55,29.26,35.18,0.4449,-1,-1,-1
2,393,95.33,89.20,76.64,195.81,0.9268,-1,-1,-1
2,394,582.72,33.99,25.82,85.98,0.8668,-1,-1,-1
2,395,520.46,32.48,28.38,89.51,0.7822,-1,-1,-1
2,396,785.13,22.56,29.26,35.17,0.4466,-1,-1,-1
3,393,100.56,88.77,76.84,195.66,0.9323,-1,-1,-1
3,394,582.92,34.03,25.88,86.04,0.8695,-1,-1,-1
3,395,521.69,33.10,28.56,89.73,0.8234,-1,-1,-1
3,396,785.14,22.56,29.23,35.14,0.4485,-1,-1,-1
4,393,104.29,88.70,77.10,195.73,0.9439,-1,-1,-1
4,394,583.41,34.13,25.93,85.92,0.8727,-1,-1,-1
4,395,522.64,32.65,28.92,90.04,0.8374,-1,-1,-1
4,396,785.15,22.57,29.22,35.13,0.4543,-1,-1,-1
5,393,107.90,88.43,76.80,194.33,0.9378,-1,-1,-1
5,394,583.78,34.10,26.07,85.96,0.8786,-1,-1,-1
5,395,524.06,33.94,28.86,88.33,0.8331,-1,-1,-1
5,396,785.16,22.57,29.22,35.12,0.4565,-1,-1,-1
6,393,112.70,87.48,75.92,191.79,0.9276,-1,-1,-1
6,394,583.91,34.17,26.17,85.86,0.8783,-1,-1,-1
6,395,524.76,33.84,29.46,88.11,0.8716,-1,-1,-1
6,396,785.16,22.56,29.23,35.13,0.4573,-1,-1,-1
7,393,117.65,87.05,74.33,188.30,0.9082,-1,-1,-1
7,394,583.95,34.20,26.28,85.79,0.8783,-1,-1,-1
7,395,525.69,34.47,29.91,87.21,0.8079,-1,-1,-1
7,396,785.15,22.55,29.25,35.15,0.4545,-1,-1,-1
8,393,121.65,84.50,73.65,188.88,0.9041,-1,-1,-1
8,394,584.22,34.18,26.43,85.69,0.8806,-1,-1,-1
8,395,526.69,35.86,30.15,85.53,0.6637,-1,-1,-1
8,396,785.14,22.55,29.26,35.17,0.4543,-1,-1,-1
9,393,125.20,82.42,72.31,188.89,0.9102,-1,-1,-1
9,394,584.41,33.85,26.58,85.78,0.8784,-1,-1,-1
9,395,526.99,35.70,31.00,85.59,0.5506,-1,-1,-1
9,396,785.13,22.53,29.28,35.19,0.4642,-1,-1,-1
10,393,129.93,80.98,70.51,187.93,0.9037,-1,-1,-1
10,394,584.56,33.90,26.72,85.81,0.8789,-1,-1,-1
10,395,530.74,34.75,31.63,86.58,0.2485,-1,-1,-1
10,396,785.11,22.53,29.30,35.23,0.4565,-1,-1,-1
11,393,135.99,79.60,69.01,187.28,0.9147,-1,-1,-1
11,394,584.81,34.02,26.86,85.81,0.8832,-1,-1,-1
11,395,535.63,33.80,31.68,87.43,0.4350,-1,-1,-1
11,396,785.09,22.53,29.30,35.23,0.4492,-1,-1,-1
12,393,142.26,79.43,67.45,185.67,0.9108,-1,-1,-1
12,394,585.23,34.08,27.19,86.29,0.8948,-1,-1,-1
12,395,539.07,33.99,31.37,87.01,0.5783,-1,-1,-1
12,396,785.07,22.46,29.34,35.29,0.4593,-1,-1,-1
13,393,149.83,79.25,66.99,184.98,0.9121,-1,-1,-1
13,394,585.80,34.14,27.23,86.17,0.8986,-1,-1,-1
13,395,540.80,34.51,31.06,86.43,0.7917,-1,-1,-1
13,396,785.13,22.45,29.36,35.32,0.4825,-1,-1,-1
13,398,18.26,47.51,34.17,111.12,0.6729,-1,-1,-1
14,393,158.56,79.41,67.08,183.95,0.9183,-1,-1,-1
14,394,586.11,34.14,27.33,86.16,0.9045,-1,-1,-1
14,395,541.88,35.86,30.74,85.27,0.8668,-1,-1,-1
14,396,785.16,22.38,29.41,35.41,0.4713,-1,-1,-1
14,398,20.81,47.66,33.93,110.12,0.6941,-1,-1,-1
15,393,164.06,79.52,67.68,182.89,0.9251,-1,-1,-1
15,394,586.47,33.96,27.50,86.22,0.9061,-1,-1,-1
15,395,543.26,35.58,30.85,85.08,0.8589,-1,-1,-1
15,396,785.14,22.43,29.36,35.37,0.4764,-1,-1,-1
15,398,24.35,47.65,33.86,109.19,0.8274,-1,-1,-1
16,393,167.90,80.14,69.27,183.07,0.9415,-1,-1,-1
16,394,587.01,34.16,27.63,86.02,0.9048,-1,-1,-1
16,395,544.61,34.41,31.41,86.12,0.8044,-1,-1,-1
16,396,785.15,22.47,29.33,35.32,0.4487,-1,-1,-1
16,398,28.43,47.98,34.50,110.13,0.8006,-1,-1,-1
17,393,169.53,80.38,70.50,182.36,0.9408,-1,-1,-1
17,394,587.48,34.13,27.78,85.94,0.8999,-1,-1,-1
17,395,546.53,33.43,31.97,86.85,0.8078,-1,-1,-1
17,396,785.21,22.57,29.25,35.23,0.4314,-1,-1,-1
17,398,31.18,47.98,34.89,110.21,0.7929,-1,-1,-1
18,393,170.21,80.17,71.67,181.74,0.9399,-1,-1,-1
18,394,587.98,34.28,28.01,85.86,0.8983,-1,-1,-1
18,395,547.85,32.87,32.62,87.74,0.8126,-1,-1,-1
18,396,785.25,22.64,29.19,35.14,0.4243,-1,-1,-1
18,398,33.79,47.89,35.25,110.60,0.8225,-1,-1,-1
19,393,171.14,79.72,72.43,181.16,0.9324,-1,-1,-1
19,394,589.15,34.60,28.18,85.47,0.8967,-1,-1,-1
19,395,548.58,33.24,32.66,87.46,0.8383,-1,-1,-1
19,396,785.27,22.69,29.14,35.07,0.4378,-1,-1,-1
19,398,36.58,47.22,35.08,109.75,0.7960,-1,-1,-1
20,393,173.42,79.34,72.26,179.46,0.9204,-1,-1,-1
20,394,590.30,34.72,28.50,85.37,0.8837,-1,-1,-1
20,395,549.26,33.40,32.60,87.01,0.8655,-1,-1,-1
20,396,785.27,22.71,29.14,35.06,0.4394,-1,-1,-1
20,398,39.56,46.98,34.50,108.08,0.7339,-1,-1,-1
21,393,177.51,77.80,71.55,178.31,0.9216,-1,-1,-1
21,394,591.25,34.81,28.86,85.24,0.8798,-1,-1,-1
21,395,549.82,34.04,32.41,85.97,0.8560,-1,-1,-1
21,396,785.27,22.71,29.14,35.07,0.4527,-1,-1,-1
21,398,41.88,45.62,34.24,108.00,0.7887,-1,-1,-1
22,393,181.72,76.55,70.11,177.30,0.9081,-1,-1,-1
22,394,591.70,35.02,29.30,85.18,0.8780,-1,-1,-1
22,395,550.58,34.55,32.34,85.15,0.8432,-1,-1,-1
22,396,785.28,22.73,29.14,35.06,0.4510,-1,-1,-1
22,398,45.55,44.40,34.11,108.22,0.7475,-1,-1,-1
23,393,187.58,75.51,67.98,176.75,0.9024,-1,-1,-1
23,394,591.91,35.02,29.81,85.17,0.8785,-1,-1,-1
23,395,551.21,34.54,32.55,84.86,0.8381,-1,-1,-1
23,396,785.25,22.60,29.23,35.18,0.4691,-1,-1,-1
23,398,49.98,43.29,34.21,108.39,0.3526,-1,-1,-1
24,393,193.68,74.55,65.80,176.22,0.9182,-1,-1,-1
24,394,592.53,35.22,30.19,85.01,0.8788,-1,-1,-1
24,395,552.15,34.35,32.60,84.64,0.8234,-1,-1,-1
24,396,785.22,22.56,29.27,35.24,0.4733,-1,-1,-1
24,398,53.93,42.45,34.01,108.01,0.4140,-1,-1,-1
25,393,200.03,73.63,65.07,177.31,0.9209,-1,-1,-1
25,394,593.40,35.18,30.50,84.96,0.8767,-1,-1,-1
25,395,553.18,34.22,32.59,84.51,0.8035,-1,-1,-1
25,396,785.15,22.45,29.40,35.41,0.4547,-1,-1,-1
25,398,58.03,41.91,35.48,111.71,0.4126,-1,-1,-1
26,393,206.68,73.11,64.97,178.00,0.9302,-1,-1,-1
26,394,594.00,35.54,30.64,84.46,0.8792,-1,-1,-1
26,395,553.84,33.31,32.98,85.66,0.8063,-1,-1,-1
26,396,785.13,22.32,29.45,35.49,0.4419,-1,-1,-1
26,398,61.39,41.64,36.68,114.36,0.5222,-1,-1,-1
27,393,212.60,73.01,65.03,178.11,0.9205,-1,-1,-1
27,394,594.56,35.44,31.08,84.74,0.8814,-1,-1,-1
27,395,554.96,32.54,33.04,86.40,0.8061,-1,-1,-1
27,396,785.16,22.33,29.41,35.47,0.4563,-1,-1,-1
27,398,64.88,41.46,36.81,113.34,0.6732,-1,-1,-1
28,393,218.53,73.10,65.27,178.06,0.9264,-1,-1,-1
28,394,595.02,35.19,31.47,84.97,0.8899,-1,-1,-1
28,395,556.24,32.18,32.87,86.74,0.8358,-1,-1,-1
28,396,785.22,22.50,29.30,35.37,0.4519,-1,-1,-1
28,398,67.98,41.25,37.03,112.63,0.5191,-1,-1,-1
29,393,223.58,73.29,65.49,177.60,0.9283,-1,-1,-1
29,394,595.55,34.96,31.87,85.31,0.8967,-1,-1,-1
29,395,557.50,32.21,32.35,86.13,0.8494,-1,-1,-1
29,396,785.22,22.73,29.12,35.17,0.4587,-1,-1,-1
29,398,71.25,41.09,37.27,111.57,0.3881,-1,-1,-1
30,393,227.24,73.24,66.11,177.16,0.9273,-1,-1,-1
30,394,596.15,34.90,32.19,85.50,0.8979,-1,-1,-1
30,395,558.07,32.10,32.14,86.48,0.8973,-1,-1,-1
30,396,785.29,22.70,29.05,35.11,0.4733,-1,-1,-1
30,398,74.20,41.25,37.87,111.67,0.5241,-1,-1,-1
31,393,230.11,73.04,66.82,176.47,0.9228,-1,-1,-1
31,394,597.14,34.90,32.18,85.12,0.8987,-1,-1,-1
31,395,558.36,32.02,31.79,86.55,0.8890,-1,-1,-1
31,396,785.32,22.75,28.96,35.03,0.4978,-1,-1,-1
31,398,76.07,41.47,39.22,113.77,0.7442,-1,-1,-1
32,393,232.66,72.33,67.58,176.02,0.9326,-1,-1,-1
32,394,598.09,34.82,32.31,85.14,0.9001,-1,-1,-1
32,395,558.86,31.95,31.45,86.65,0.8944,-1,-1,-1
32,396,785.30,22.65,29.01,35.12,0.5014,-1,-1,-1
32,398,82.54,41.56,37.37,109.13,0.4330,-1,-1,-1
33,393,235.65,71.30,67.88,175.38,0.9261,-1,-1,-1
33,394,598.95,34.81,32.14,84.57,0.8925,-1,-1,-1
33,395,559.59,32.07,30.82,86.03,0.8833,-1,-1,-1
33,396,785.27,22.61,29.03,35.16,0.4869,-1,-1,-1
33,398,88.06,41.82,35.19,103.66,0.4709,-1,-1,-1
34,393,240.15,70.55,66.75,172.43,0.9279,-1,-1,-1
34,394,599.44,34.60,32.33,84.88,0.8885,-1,-1,-1
34,395,560.18,32.07,30.24,85.44,0.8885,-1,-1,-1
34,396,785.29,22.65,29.02,35.17,0.5002,-1,-1,-1
34,398,92.03,41.50,33.95,101.31,0.4463,-1,-1,-1
35,393,243.63,69.24,65.40,169.92,0.9280,-1,-1,-1
35,394,599.57,34.80,32.39,84.80,0.8886,-1,-1,-1
35,395,560.69,32.33,29.69,84.58,0.8966,-1,-1,-1
35,396,785.43,22.72,28.85,34.97,0.5187,-1,-1,-1
35,398,94.72,41.05,33.08,100.72,0.5774,-1,-1,-1
36,393,246.25,67.96,63.76,167.76,0.9163,-1,-1,-1
36,394,599.74,34.87,32.48,84.96,0.9002,-1,-1,-1
36,395,561.36,32.47,29.35,84.13,0.8878,-1,-1,-1
36,396,785.53,22.92,28.67,34.74,0.4996,-1,-1,-1
36,398,96.83,39.76,32.38,100.92,0.5085,-1,-1,-1
37,393,249.05,66.90,62.71,168.18,0.9171,-1,-1,-1
37,394,600.02,34.74,32.53,85.08,0.8897,-1,-1,-1
37,395,562.21,32.77,29.01,83.40,0.8790,-1,-1,-1
37,396,785.57,22.99,28.62,34.66,0.4918,-1,-1,-1
37,398,99.28,38.41,31.64,100.59,0.3595,-1,-1,-1
38,393,252.70,65.89,61.59,168.81,0.9122,-1,-1,-1
38,394,600.21,34.80,32.49,84.92,0.8871,-1,-1,-1
38,395,562.78,32.74,28.97,83.32,0.8677,-1,-1,-1
38,396,785.47,22.92,28.74,34.81,0.4692,-1,-1,-1
38,398,102.20,37.79,31.15,100.74,0.4767,-1,-1,-1
39,393,257.31,65.37,60.31,168.34,0.9216,-1,-1,-1
39,394,600.64,34.87,32.37,84.76,0.8926,-1,-1,-1
39,395,563.34,32.83,29.01,83.21,0.8551,-1,-1,-1
39,396,785.46,22.87,28.74,34.81,0.4678,-1,-1,-1
39,398,105.18,36.81,30.96,101.59,0.4033,-1,-1,-1
40,393,263.88,65.64,59.53,166.79,0.8992,-1,-1,-1
40,394,601.19,35.02,32.25,84.72,0.9028,-1,-1,-1
40,395,564.27,33.35,28.79,82.32,0.7935,-1,-1,-1
40,396,785.43,22.78,28.78,34.86,0.4838,-1,-1,-1
40,398,107.90,37.60,30.72,101.56,0.5287,-1,-1,-1
41,393,270.16,65.32,59.84,166.09,0.9191,-1,-1,-1
41,394,601.56,35.18,32.04,84.33,0.9093,-1,-1,-1
41,395,564.86,33.39,28.99,82.23,0.7529,-1,-1,-1
41,396,785.37,22.74,28.88,35.00,0.4756,-1,-1,-1
41,398,110.09,37.46,30.64,101.77,0.6314,-1,-1,-1
42,393,274.29,65.74,60.89,166.09,0.9017,-1,-1,-1
42,394,602.07,35.20,31.88,84.06,0.9135,-1,-1,-1
42,395,565.87,33.07,29.39,82.56,0.7687,-1,-1,-1
42,396,785.37,22.72,28.89,35.02,0.4942,-1,-1,-1
42,398,112.89,37.80,31.26,103.64,0.5133,-1,-1,-1
43,393,276.62,66.98,61.86,164.55,0.9143,-1,-1,-1
43,394,602.55,35.21,31.78,83.94,0.9156,-1,-1,-1
43,395,566.88,32.99,29.43,81.81,0.7473,-1,-1,-1
43,396,785.41,22.72,28.84,34.96,0.4929,-1,-1,-1
43,398,115.71,38.20,33.52,110.20,0.5236,-1,-1,-1
44,393,277.73,67.16,63.03,163.84,0.9253,-1,-1,-1
44,394,603.11,35.18,31.69,83.78,0.9121,-1,-1,-1
44,395,568.29,32.61,29.63,81.41,0.7607,-1,-1,-1
44,396,785.47,22.75,28.79,34.89,0.5167,-1,-1,-1
44,398,117.78,38.27,33.78,110.08,0.6922,-1,-1,-1
45,393,278.10,66.82,63.93,163.18,0.9263,-1,-1,-1
45,394,603.62,34.73,31.87,84.32,0.9068,-1,-1,-1
45,395,570.78,32.12,30.04,81.10,0.7475,-1,-1,-1
45,396,785.45,22.62,28.87,34.99,0.5091,-1,-1,-1
45,398,119.81,37.40,33.39,108.71,0.5541,-1,-1,-1
46,393,279.13,66.46,64.48,162.63,0.9281,-1,-1,-1
46,394,604.17,34.71,31.83,84.37,0.9050,-1,-1,-1
46,395,572.59,32.09,30.39,80.60,0.7841,-1,-1,-1
46,396,785.38,22.48,29.00,35.16,0.5090,-1,-1,-1
46,398,123.10,37.86,32.74,106.43,0.2965,-1,-1,-1
47,393,281.48,65.50,64.37,161.94,0.9048,-1,-1,-1
47,394,604.50,34.31,32.01,84.82,0.9049,-1,-1,-1
47,395,573.43,31.84,30.65,80.32,0.7720,-1,-1,-1
47,396,785.38,22.42,29.05,35.23,0.5047,-1,-1,-1
47,398,126.93,35.64,33.44,107.66,0.1356,-1,-1,-1
48,393,288.15,63.78,62.50,160.18,0.8921,-1,-1,-1
48,394,605.88,34.03,31.80,84.25,0.8821,-1,-1,-1
48,395,574.02,31.09,31.14,81.22,0.8237,-1,-1,-1
48,396,785.40,22.37,29.08,35.29,0.5084,-1,-1,-1
49,393,294.44,62.24,60.62,160.16,0.8896,-1,-1,-1
49,394,607.45,33.90,31.33,83.19,0.8972,-1,-1,-1
49,395,575.11,30.86,31.17,81.00,0.7692,-1,-1,-1
49,396,785.42,22.32,29.08,35.31,0.5111,-1,-1,-1
50,393,302.19,61.69,58.09,158.19,0.9278,-1,-1,-1
50,394,608.80,33.38,31.22,83.14,0.8888,-1,-1,-1
50,395,576.14,31.08,31.24,80.85,0.8629,-1,-1,-1
50,396,785.41,22.31,29.06,35.30,0.5079,-1,-1,-1
51,393,308.29,61.21,57.24,159.20,0.9164,-1,-1,-1
51,394,609.97,33.23,30.87,82.64,0.8683,-1,-1,-1
51,395,577.02,31.20,31.26,80.58,0.8649,-1,-1,-1
51,396,785.38,22.35,29.06,35.30,0.5224,-1,-1,-1
52,393,313.90,60.83,56.90,159.94,0.9204,-1,-1,-1
52,394,610.92,33.31,30.64,82.42,0.8721,-1,-1,-1
52,395,577.62,31.43,31.31,80.34,0.8685,-1,-1,-1
52,396,785.39,22.54,28.92,35.10,0.5102,-1,-1,-1
53,393,319.45,60.99,56.72,159.64,0.9217,-1,-1,-1
53,394,611.78,33.89,30.61,82.69,0.8884,-1,-1,-1
53,395,578.24,31.54,31.18,79.65,0.8641,-1,-1,-1
53,396,785.37,22.57,28.90,35.06,0.5035,-1,-1,-1
54,393,324.32,61.19,56.99,159.86,0.9154,-1,-1,-1
54,394,612.72,34.24,30.51,82.79,0.8887,-1,-1,-1
54,395,578.84,31.79,31.24,79.32,0.8724,-1,-1,-1
54,396,785.35,22.53,28.92,35.09,0.5076,-1,-1,-1
55,393,328.59,61.52,57.43,159.47,0.9211,-1,-1,-1
55,394,613.70,34.63,30.29,82.11,0.8861,-1,-1,-1
55,395,580.41,31.87,30.80,78.48,0.8671,-1,-1,-1
55,396,785.42,22.52,28.93,35.11,0.5005,-1,-1,-1
56,393,331.46,61.66,58.03,158.96,0.9286,-1,-1,-1
56,394,614.34,35.08,30.38,81.77,0.8932,-1,-1,-1
56,395,581.58,31.71,30.78,79.05,0.8593,-1,-1,-1
56,396,785.41,22.47,28.93,35.13,0.5071,-1,-1,-1
56,398,158.85,32.74,32.06,100.52,0.6729,-1,-1,-1
57,393,333.76,61.40,58.66,158.11,0.9361,-1,-1,-1
57,394,615.09,35.51,30.63,81.25,0.8968,-1,-1,-1
57,395,582.24,31.29,30.94,80.13,0.8644,-1,-1,-1
57,396,785.45,22.54,28.85,35.03,0.5096,-1,-1,-1
57,398,161.40,32.95,32.31,99.12,0.7547,-1,-1,-1
58,393,335.59,60.94,59.33,157.75,0.9335,-1,-1,-1
58,394,615.52,35.80,31.12,80.95,0.8983,-1,-1,-1
58,395,582.97,30.97,30.78,80.48,0.8511,-1,-1,-1
58,396,785.44,22.59,28.82,34.98,0.5001,-1,-1,-1
58,398,163.97,32.33,32.67,98.93,0.3852,-1,-1,-1
59,393,339.51,59.88,58.35,154.06,0.9178,-1,-1,-1
59,394,616.15,36.77,31.49,80.07,0.9029,-1,-1,-1
59,395,584.26,30.39,30.58,80.65,0.8629,-1,-1,-1
59,396,785.42,22.59,28.81,34.97,0.5064,-1,-1,-1
59,398,167.22,32.47,32.31,97.37,0.4529,-1,-1,-1
60,393,342.13,58.88,58.13,153.37,0.9159,-1,-1,-1
60,394,616.99,36.92,32.21,79.91,0.8816,-1,-1,-1
60,395,585.99,30.06,29.88,79.40,0.7910,-1,-1,-1
60,396,785.40,22.57,28.85,35.01,0.5036,-1,-1,-1
60,398,171.02,32.48,31.57,96.23,0.4271,-1,-1,-1
61,393,343.90,57.89,57.80,153.09,0.9183,-1,-1,-1
61,394,618.41,37.01,32.84,79.77,0.8667,-1,-1,-1
61,395,587.29,29.60,29.81,80.02,0.7770,-1,-1,-1
61,396,785.47,22.61,28.79,34.95,0.5079,-1,-1,-1
61,398,173.67,32.18,31.12,96.53,0.1601,-1,-1,-1
62,393,345.55,56.55,57.30,153.36,0.9191,-1,-1,-1
62,394,620.71,36.90,33.20,79.77,0.8450,-1,-1,-1
62,395,588.33,29.51,29.89,80.92,0.8309,-1,-1,-1
62,396,785.48,22.59,28.77,34.93,0.5234,-1,-1,-1
62,398,175.87,31.27,30.85,97.56,0.2816,-1,-1,-1
63,393,347.41,55.87,56.07,152.37,0.9262,-1,-1,-1
63,394,621.30,36.64,33.95,80.19,0.8717,-1,-1,-1
63,395,589.61,29.76,29.51,80.54,0.8362,-1,-1,-1
63,396,785.46,22.57,28.79,34.95,0.5129,-1,-1,-1
63,398,178.36,30.57,30.38,97.82,0.5351,-1,-1,-1
64,393,349.50,55.81,54.83,151.60,0.9280,-1,-1,-1
64,394,622.96,36.50,34.33,80.55,0.8860,-1,-1,-1
64,395,591.12,29.93,28.75,78.92,0.8522,-1,-1,-1
64,396,785.47,22.51,28.80,34.98,0.4973,-1,-1,-1
64,398,181.25,30.45,29.66,96.83,0.5608,-1,-1,-1
65,393,352.01,55.85,53.49,150.81,0.9212,-1,-1,-1
65,394,625.31,36.21,34.50,80.99,0.8595,-1,-1,-1
65,395,591.75,30.31,28.58,78.81,0.8413,-1,-1,-1
65,396,785.53,22.58,28.71,34.90,0.4715,-1,-1,-1
65,398,183.94,31.32,28.97,95.46,0.1236,-1,-1,-1
66,393,355.92,55.50,52.83,150.64,0.9147,-1,-1,-1
66,394,628.14,36.10,34.33,81.25,0.8953,-1,-1,-1
66,395,592.84,30.84,28.34,77.86,0.8424,-1,-1,-1
66,396,785.56,22.59,28.65,34.86,0.4688,-1,-1,-1
67,393,360.12,55.22,52.72,150.27,0.9091,-1,-1,-1
67,394,630.21,35.99,34.17,81.48,0.8927,-1,-1,-1
67,395,592.86,31.49,28.55,77.50,0.8572,-1,-1,-1
67,396,785.49,22.56,28.68,34.92,0.4717,-1,-1,-1
68,393,362.94,56.09,52.73,148.98,0.9064,-1,-1,-1
68,394,631.60,36.08,33.81,81.33,0.9034,-1,-1,-1
68,395,593.78,32.19,28.42,76.39,0.8485,-1,-1,-1
68,396,785.49,22.54,28.68,34.93,0.4906,-1,-1,-1
69,393,364.67,56.46,53.22,148.48,0.9056,-1,-1,-1
69,394,632.78,36.24,33.37,81.16,0.9059,-1,-1,-1
69,395,595.29,32.27,28.45,76.17,0.8150,-1,-1,-1
69,396,785.50,22.53,28.68,34.94,0.4946,-1,-1,-1
70,393,364.92,56.42,53.28,147.39,0.9134,-1,-1,-1
70,394,633.90,36.46,32.90,80.92,0.9042,-1,-1,-1
70,395,596.50,32.09,28.73,76.29,0.7955,-1,-1,-1
70,396,785.54,22.55,28.60,34.85,0.5067,-1,-1,-1
71,393,365.31,56.79,53.11,146.33,0.9077,-1,-1,-1
71,394,634.80,36.64,32.42,80.53,0.9016,-1,-1,-1
71,395,598.67,32.16,28.60,76.05,0.7560,-1,-1,-1
71,396,785.53,22.55,28.59,34.84,0.5030,-1,-1,-1
72,393,369.63,55.94,52.12,144.19,0.9101,-1,-1,-1
72,394,636.14,36.76,31.86,79.82,0.9030,-1,-1,-1
72,395,600.99,31.72,28.71,76.22,0.8179,-1,-1,-1
72,396,785.57,22.65,28.56,34.78,0.4965,-1,-1,-1
73,393,374.15,54.83,51.15,142.93,0.9165,-1,-1,-1
73,394,636.75,36.72,31.55,79.73,0.9004,-1,-1,-1
73,395,602.83,31.08,28.65,76.22,0.8065,-1,-1,-1
73,396,785.55,22.63,28.62,34.86,0.4960,-1,-1,-1
74,393,377.94,53.90,50.48,142.74,0.9025,-1,-1,-1
74,394,637.22,36.30,31.29,79.83,0.8939,-1,-1,-1
74,395,604.07,30.30,28.95,76.93,0.7839,-1,-1,-1
74,396,785.56,22.62,28.63,34.87,0.4978,-1,-1,-1
75,393,382.35,52.90,49.79,143.02,0.8949,-1,-1,-1
75,394,637.85,36.02,30.92,79.78,0.8953,-1,-1,-1
75,395,605.49,29.53,29.25,77.61,0.7296,-1,-1,-1
75,396,785.58,22.63,28.63,34.87,0.5041,-1,-1,-1
76,393,386.33,51.60,49.30,143.81,0.9052,-1,-1,-1
76,394,638.64,35.77,30.52,79.62,0.8942,-1,-1,-1
76,395,606.16,29.08,29.64,78.08,0.7792,-1,-1,-1
76,396,785.56,22.61,28.68,34.92,0.5004,-1,-1,-1
77,393,390.14,50.83,49.01,144.13,0.9210,-1,-1,-1
77,394,639.50,35.48,30.08,79.43,0.8956,-1,-1,-1
77,395,606.37,29.00,29.92,78.40,0.7947,-1,-1,-1
77,396,785.54,22.55,28.76,35.02,0.4839,-1,-1,-1
77,398,224.12,31.01,26.93,88.68,0.5054,-1,-1,-1
78,393,393.89,50.29,49.04,144.64,0.9207,-1,-1,-1
78,394,640.58,35.41,29.35,78.36,0.8938,-1,-1,-1
78,395,607.16,28.95,29.94,78.21,0.8276,-1,-1,-1
78,396,785.47,22.44,28.87,35.19,0.4596,-1,-1,-1
78,398,226.67,29.53,27.39,89.79,0.4007,-1,-1,-1
79,393,397.51,50.60,49.05,144.05,0.9160,-1,-1,-1
79,394,641.45,35.20,28.75,77.55,0.8975,-1,-1,-1
79,395,607.70,28.90,29.84,77.53,0.8424,-1,-1,-1
79,396,785.42,22.38,28.90,35.25,0.4205,-1,-1,-1
79,398,229.07,31.51,27.70,88.53,0.4085,-1,-1,-1
80,393,401.56,51.18,49.05,143.00,0.9214,-1,-1,-1
80,394,642.02,34.79,28.51,77.82,0.9055,-1,-1,-1
80,395,608.11,28.85,29.97,77.36,0.8513,-1,-1,-1
80,396,785.40,22.35,28.88,35.26,0.4031,-1,-1,-1
80,398,230.46,29.96,29.46,92.89,0.6066,-1,-1,-1
81,393,404.87,52.03,49.35,142.31,0.9245,-1,-1,-1
81,394,642.69,34.51,28.26,78.12,0.9085,-1,-1,-1
81,395,608.63,28.90,30.19,77.54,0.8581,-1,-1,-1
81,396,785.46,22.42,28.80,35.17,0.3808,-1,-1,-1
81,398,231.71,29.56,31.37,97.41,0.5278,-1,-1,-1
82,393,407.81,52.22,49.88,142.04,0.9237,-1,-1,-1
82,394,643.46,34.35,28.05,78.51,0.9039,-1,-1,-1
82,395,609.28,28.91,30.28,77.40,0.8216,-1,-1,-1
82,396,785.45,22.43,28.78,35.17,0.3580,-1,-1,-1
82,398,232.38,27.72,32.71,100.59,0.7003,-1,-1,-1
83,393,409.96,52.04,50.28,140.82,0.9112,-1,-1,-1
83,394,644.23,34.57,27.69,78.08,0.9033,-1,-1,-1
83,395,610.43,28.86,30.32,77.24,0.8170,-1,-1,-1
83,396,785.49,22.49,28.73,35.11,0.3606,-1,-1,-1
83,398,233.19,27.39,33.10,101.58,0.6200,-1,-1,-1
84,393,411.67,51.26,50.98,140.74,0.9029,-1,-1,-1
84,394,645.04,34.87,27.40,77.55,0.8987,-1,-1,-1
84,395,611.38,28.83,30.30,77.21,0.8106,-1,-1,-1
84,396,785.52,22.49,28.67,35.04,0.3390,-1,-1,-1
84,398,234.94,26.50,32.72,100.92,0.5794,-1,-1,-1
85,393,413.68,50.15,51.28,140.10,0.9055,-1,-1,-1
85,394,645.49,35.28,27.27,77.11,0.8936,-1,-1,-1
85,395,612.97,29.05,30.52,77.68,0.7472,-1,-1,-1
85,396,785.53,22.47,28.67,35.05,0.3585,-1,-1,-1
85,398,237.51,25.96,31.23,97.18,0.5507,-1,-1,-1
86,393,416.30,49.83,50.56,137.51,0.9102,-1,-1,-1
86,394,646.04,35.81,27.25,76.60,0.8911,-1,-1,-1
86,395,614.47,28.96,30.59,78.16,0.7078,-1,-1,-1
86,396,785.53,22.40,28.71,35.11,0.3712,-1,-1,-1
86,398,240.56,26.52,29.23,92.80,0.3154,-1,-1,-1
87,393,418.19,48.88,50.05,136.41,0.9059,-1,-1,-1
87,394,646.68,36.32,27.31,76.16,0.8875,-1,-1,-1
87,395,615.65,29.01,30.21,77.54,0.7350,-1,-1,-1
87,396,785.51,22.56,28.41,34.71,0.3652,-1,-1,-1
88,393,419.75,48.41,49.21,135.11,0.9140,-1,-1,-1
88,394,646.98,36.44,27.57,75.90,0.8920,-1,-1,-1
88,395,616.69,29.16,29.71,76.63,0.6879,-1,-1,-1
88,396,785.49,22.58,28.39,34.68,0.3607,-1,-1,-1
89,393,420.99,47.93,48.70,135.40,0.9034,-1,-1,-1
89,394,647.36,36.24,28.01,76.02,0.8970,-1,-1,-1
89,395,617.84,29.07,29.32,76.18,0.6629,-1,-1,-1
89,396,785.46,22.60,28.35,34.64,0.3650,-1,-1,-1
90,393,422.33,47.68,48.18,135.93,0.9159,-1,-1,-1
90,394,647.97,35.91,28.56,76.53,0.8863,-1,-1,-1
90,395,618.59,28.54,29.31,76.96,0.7698,-1,-1,-1
90,396,785.43,22.44,28.72,35.14,0.2930,-1,-1,-1
91,393,423.73,47.49,47.52,136.05,0.8946,-1,-1,-1
91,394,648.85,35.60,28.97,76.68,0.8872,-1,-1,-1
91,395,619.36,28.07,29.29,77.29,0.8239,-1,-1,-1
91,396,785.48,22.38,28.76,35.26,0.2961,-1,-1,-1
91,401,840.01,38.82,15.47,46.82,0.7571,-1,-1,-1
92,393,425.48,47.63,46.72,135.16,0.9004,-1,-1,-1
92,394,649.90,35.41,29.14,76.32,0.8864,-1,-1,-1
92,395,620.22,28.18,28.75,76.12,0.8412,-1,-1,-1
92,396,785.49,22.72,28.36,34.71,0.2463,-1,-1,-1
92,401,839.71,39.86,15.30,46.15,0.7946,-1,-1,-1
93,393,428.39,48.07,46.50,134.10,0.8899,-1,-1,-1
93,394,651.57,35.34,29.31,76.32,0.9026,-1,-1,-1
93,395,620.87,28.23,28.53,75.73,0.8547,-1,-1,-1
93,396,785.47,22.86,28.23,34.52,0.2004,-1,-1,-1
93,401,839.09,40.48,15.35,46.01,0.8347,-1,-1,-1
94,393,430.97,48.55,46.62,132.59,0.9002,-1,-1,-1
94,394,653.63,35.04,29.35,76.47,0.8932,-1,-1,-1
94,395,621.37,28.58,28.42,74.99,0.8134,-1,-1,-1
94,396,785.45,22.90,28.19,34.44,0.2367,-1,-1,-1
94,401,838.57,40.95,15.38,45.66,0.8283,-1,-1,-1
95,393,432.35,48.58,47.26,132.01,0.9019,-1,-1,-1
95,394,655.34,34.64,29.37,76.74,0.8920,-1,-1,-1
95,395,622.51,29.23,28.19,73.85,0.8593,-1,-1,-1
95,396,785.55,22.86,28.16,34.37,0.2622,-1,-1,-1
95,401,837.62,41.18,15.76,46.15,0.8293,-1,-1,-1
96,393,433.71,50.54,47.34,129.70,0.9138,-1,-1,-1
96,394,656.94,34.45,29.12,76.51,0.8955,-1,-1,-1
96,395,623.52,30.42,28.35,73.08,0.8629,-1,-1,-1
96,396,785.46,22.50,28.56,34.96,0.2306,-1,-1,-1
96,401,836.12,41.39,16.18,46.67,0.7986,-1,-1,-1
97,393,435.19,51.86,47.23,127.73,0.8999,-1,-1,-1
97,394,658.24,34.54,28.90,76.24,0.8989,-1,-1,-1
97,395,624.07,31.21,28.47,72.13,0.8530,-1,-1,-1
97,396,785.48,22.40,28.66,35.17,0.2327,-1,-1,-1
97,401,834.83,41.56,16.66,47.35,0.8201,-1,-1,-1
98,393,437.95,52.71,46.76,125.69,0.8907,-1,-1,-1
98,394,659.40,34.92,28.54,75.70,0.9031,-1,-1,-1
98,395,625.15,31.47,28.78,71.85,0.8106,-1,-1,-1
98,396,785.51,22.33,28.66,35.25,0.2470,-1,-1,-1
98,401,833.67,41.77,17.01,47.64,0.8115,-1,-1,-1
99,393,441.45,54.16,45.81,122.84,0.8834,-1,-1,-1
99,394,660.23,35.21,28.18,75.08,0.9069,-1,-1,-1
99,395,627.66,31.66,28.66,71.18,0.6989,-1,-1,-1
99,396,785.50,22.24,28.72,35.40,0.1704,-1,-1,-1
99,401,832.55,41.93,17.40,48.18,0.8277,-1,-1,-1
100,393,444.87,51.65,46.13,124.31,0.8832,-1,-1,-1
100,394,660.81,35.50,27.86,74.55,0.9088,-1,-1,-1
100,395,630.61,31.44,28.53,71.16,0.7580,-1,-1,-1
100,396,785.49,22.24,28.71,35.45,0.1612,-1,-1,-1
100,401,831.63,41.98,17.88,49.04,0.8356,-1,-1,-1
101,393,449.34,51.19,45.68,124.06,0.8554,-1,-1,-1
101,394,661.38,35.58,27.69,74.45,0.9012,-1,-1,-1
101,395,633.22,31.20,28.00,70.44,0.7636,-1,-1,-1
101,396,785.47,22.16,28.73,35.54,0.1932,-1,-1,-1
101,401,830.61,41.83,18.30,49.72,0.8433,-1,-1,-1
102,393,454.15,51.06,45.47,124.52,0.8744,-1,-1,-1
102,394,661.95,35.46,27.61,74.61,0.9010,-1,-1,-1
102,395,633.13,30.75,28.21,70.67,0.7551,-1,-1,-1
102,396,785.54,22.21,28.67,35.48,0.2254,-1,-1,-1
102,401,829.51,41.62,18.70,50.62,0.8205,-1,-1,-1
103,393,458.61,49.79,45.42,125.54,0.8959,-1,-1,-1
103,394,662.68,35.22,27.44,74.53,0.8910,-1,-1,-1
103,395,633.44,29.94,28.74,71.50,0.8434,-1,-1,-1
103,396,785.59,22.26,28.60,35.43,0.2497,-1,-1,-1
103,401,828.32,41.39,19.02,51.30,0.8093,-1,-1,-1
104,393,461.85,49.52,45.65,126.29,0.8977,-1,-1,-1
104,394,663.22,34.75,27.43,74.73,0.8996,-1,-1,-1
104,395,634.24,29.38,29.04,71.90,0.8470,-1,-1,-1
104,396,785.59,22.29,28.56,35.40,0.2462,-1,-1,-1
104,401,827.11,41.54,19.36,51.95,0.8263,-1,-1,-1
105,393,464.77,50.91,44.99,123.52,0.9000,-1,-1,-1
105,394,664.02,34.33,27.20,74.57,0.9094,-1,-1,-1
105,395,635.59,29.10,29.28,72.58,0.8765,-1,-1,-1
105,396,785.63,22.30,28.54,35.39,0.2540,-1,-1,-1
105,401,826.27,42.13,19.25,51.18,0.7971,-1,-1,-1
106,393,466.88,50.61,45.32,123.39,0.8955,-1,-1,-1
106,394,665.06,34.25,26.74,73.85,0.8995,-1,-1,-1
106,395,636.73,29.15,29.18,72.49,0.8347,-1,-1,-1
106,396,785.67,22.38,28.45,35.28,0.2472,-1,-1,-1
106,401,825.27,42.80,19.41,51.02,0.8216,-1,-1,-1
107,393,470.03,54.17,44.17,118.94,0.8650,-1,-1,-1
107,394,665.98,33.74,26.45,73.81,0.8988,-1,-1,-1
107,395,637.42,29.30,29.06,72.33,0.8372,-1,-1,-1
107,396,785.56,22.37,28.47,35.30,0.2519,-1,-1,-1
107,401,824.14,43.09,19.44,50.64,0.7628,-1,-1,-1
108,393,471.19,54.44,44.63,118.43,0.8716,-1,-1,-1
108,394,666.64,33.38,26.25,74.21,0.8801,-1,-1,-1
108,395,638.44,29.67,28.63,71.23,0.8541,-1,-1,-1
108,396,785.53,22.34,28.48,35.35,0.2318,-1,-1,-1
108,401,823.08,43.34,19.54,50.35,0.7535,-1,-1,-1
108,403,4.50,169.40,28.69,163.95,0.7780,-1,-1,-1
109,393,472.37,54.68,45.27,118.42,0.8945,-1,-1,-1
109,394,667.33,33.47,26.03,74.24,0.8886,-1,-1,-1
109,395,638.94,30.19,28.39,70.57,0.8650,-1,-1,-1
109,396,785.47,22.46,28.45,35.35,0.2127,-1,-1,-1
109,401,821.57,43.46,20.38,52.19,0.8057,-1,-1,-1
109,403,8.61,157.30,30.55,172.39,0.6783,-1,-1,-1
110,393,472.97,53.59,46.22,119.56,0.8976,-1,-1,-1
110,394,668.02,33.54,25.97,74.53,0.8848,-1,-1,-1
110,395,639.08,30.40,28.42,70.43,0.8718,-1,-1,-1
110,396,785.40,22.40,28.50,35.46,0.2331,-1,-1,-1
110,401,820.21,43.53,20.88,53.11,0.7449,-1,-1,-1
110,403,11.47,139.28,33.87,187.29,0.9055,-1,-1,-1
111,393,474.27,53.98,46.12,118.26,0.8644,-1,-1,-1
111,394,669.00,33.74,25.48,73.47,0.8781,-1,-1,-1
111,395,639.70,30.56,28.64,70.71,0.8634,-1,-1,-1
111,396,785.34,22.31,28.52,35.54,0.1979,-1,-1,-1
111,401,819.07,43.64,21.16,53.68,0.7477,-1,-1,-1
111,403,12.52,132.20,35.85,193.04,0.8948,-1,-1,-1
112,393,475.30,50.30,46.97,120.83,0.8736,-1,-1,-1
112,394,669.67,33.96,25.19,72.66,0.8778,-1,-1,-1
112,395,640.75,30.53,28.49,70.22,0.8486,-1,-1,-1
112,396,785.46,22.29,28.43,35.49,0.1946,-1,-1,-1
112,401,818.12,43.89,21.26,53.80,0.6732,-1,-1,-1
112,403,12.10,130.10,37.70,197.29,0.8866,-1,-1,-1
113,393,476.40,47.73,47.07,122.04,0.8784,-1,-1,-1
113,394,670.25,34.42,24.90,71.65,0.8773,-1,-1,-1
113,395,641.73,30.50,28.55,70.43,0.8389,-1,-1,-1
113,396,785.50,22.40,28.28,35.36,0.1817,-1,-1,-1
113,401,816.91,44.32,21.48,54.20,0.6643,-1,-1,-1
113,403,11.39,129.53,38.81,196.92,0.9037,-1,-1,-1
114,393,477.90,47.49,46.03,120.43,0.8815,-1,-1,-1
114,394,670.76,34.36,25.04,71.77,0.8796,-1,-1,-1
114,395,643.26,30.17,28.81,71.04,0.8227,-1,-1,-1
114,396,785.49,22.14,28.20,35.33,0.2034,-1,-1,-1
114,401,815.70,44.27,21.79,54.91,0.7232,-1,-1,-1
114,403,10.19,128.20,40.25,198.38,0.8958,-1,-1,-1
115,393,479.87,48.06,44.86,119.10,0.8836,-1,-1,-1
115,394,671.06,34.37,25.31,72.02,0.8875,-1,-1,-1
115,395,644.19,29.77,29.25,71.93,0.8150,-1,-1,-1
115,396,785.42,22.08,28.11,35.29,0.1602,-1,-1,-1
115,401,814.52,44.60,22.02,55.36,0.7770,-1,-1,-1
115,403,8.16,126.31,42.72,205.91,0.9138,-1,-1,-1
116,393,481.34,49.84,43.59,117.57,0.8851,-1,-1,-1
116,394,671.58,34.45,25.54,71.83,0.8847,-1,-1,-1
116,395,645.17,29.55,29.37,72.22,0.8460,-1,-1,-1
116,396,785.82,22.39,27.70,34.65,0.1378,-1,-1,-1
116,401,813.38,44.97,22.19,55.70,0.7262,-1,-1,-1
116,403,7.96,124.93,43.93,206.66,0.9198,-1,-1,-1
117,393,482.40,49.09,43.06,118.08,0.8902,-1,-1,-1
117,394,672.32,34.72,25.82,71.56,0.8666,-1,-1,-1
117,395,646.25,29.20,29.45,72.46,0.8642,-1,-1,-1
117,396,785.92,22.50,27.60,34.45,0.1328,-1,-1,-1
117,401,812.27,45.45,22.32,55.88,0.7530,-1,-1,-1
117,403,12.21,123.71,44.56,204.97,0.9267,-1,-1,-1
118,393,483.37,48.08,42.50,117.91,0.8980,-1,-1,-1
118,394,673.06,34.82,26.12,71.26,0.8701,-1,-1,-1
118,395,646.95,28.69,29.73,73.13,0.8949,-1,-1,-1
118,401,811.07,45.62,22.54,56.47,0.7608,-1,-1,-1
118,403,16.95,122.75,45.36,203.33,0.9379,-1,-1,-1
119,393,484.98,48.10,41.88,117.10,0.8751,-1,-1,-1
119,394,674.34,34.55,26.32,70.98,0.8612,-1,-1,-1
119,395,647.63,28.62,29.74,73.43,0.8755,-1,-1,-1
119,401,810.04,45.81,22.86,57.47,0.7880,-1,-1,-1
119,403,23.53,122.33,46.58,202.33,0.9216,-1,-1,-1
120,393,488.10,47.50,41.82,117.14,0.8811,-1,-1,-1
120,394,677.34,34.31,26.15,70.46,0.8661,-1,-1,-1
120,395,649.34,28.58,28.73,71.67,0.8646,-1,-1,-1
120,401,807.83,45.98,23.17,58.43,0.7718,-1,-1,-1
120,403,38.46,122.09,49.51,201.69,0.9333,-1,-1,-1
121,393,489.51,46.83,41.93,117.86,0.8874,-1,-1,-1
121,394,679.03,33.98,26.26,70.61,0.8778,-1,-1,-1
121,395,650.55,28.73,28.12,70.52,0.8641,-1,-1,-1
121,401,806.18,46.68,23.32,59.12,0.6920,-1,-1,-1
121,403,46.90,122.30,52.83,200.85,0.9419,-1,-1,-1
122,393,490.29,46.19,41.89,118.14,0.8900,-1,-1,-1
122,394,680.07,33.82,26.34,70.82,0.8794,-1,-1,-1
122,395,651.60,29.00,27.93,70.01,0.8744,-1,-1,-1
122,401,804.35,46.99,23.37,59.46,0.6749,-1,-1,-1
122,403,50.48,122.46,56.14,200.35,0.9407,-1,-1,-1
123,393,491.67,45.48,41.70,117.88,0.8861,-1,-1,-1
123,394,681.02,33.79,26.32,70.87,0.8846,-1,-1,-1
123,395,652.02,29.38,27.81,69.47,0.8744,-1,-1,-1
123,401,802.36,47.34,23.69,60.25,0.6658,-1,-1,-1
123,403,51.17,122.90,59.05,199.76,0.9396,-1,-1,-1
124,393,493.52,44.89,41.50,117.59,0.8895,-1,-1,-1
124,394,681.99,34.17,26.10,70.43,0.8867,-1,-1,-1
124,395,652.44,29.91,27.77,68.93,0.8761,-1,-1,-1
124,401,800.61,47.73,24.32,61.60,0.6532,-1,-1,-1
124,403,50.93,123.11,61.74,199.23,0.9441,-1,-1,-1
125,393,496.25,46.01,40.41,114.81,0.8706,-1,-1,-1
125,394,682.76,34.28,26.11,70.72,0.8816,-1,-1,-1
125,395,652.56,30.33,28.06,69.03,0.8778,-1,-1,-1
125,401,798.81,47.98,24.57,61.86,0.5505,-1,-1,-1
125,403,52.17,121.92,62.93,195.54,0.9367,-1,-1,-1
126,393,498.79,47.38,39.53,112.51,0.8696,-1,-1,-1
126,394,683.33,34.52,26.02,70.81,0.8796,-1,-1,-1
126,395,652.68,30.76,28.48,68.98,0.8652,-1,-1,-1
126,401,796.89,47.99,25.12,63.13,0.7384,-1,-1,-1
126,403,54.30,119.90,63.69,193.35,0.9149,-1,-1,-1
127,393,500.36,45.65,39.82,113.71,0.8829,-1,-1,-1
127,394,683.95,35.07,25.74,70.20,0.8772,-1,-1,-1
127,395,653.04,31.04,28.95,68.82,0.8627,-1,-1,-1
127,401,795.20,48.46,25.27,63.06,0.7570,-1,-1,-1
127,403,57.65,117.53,63.87,192.10,0.9217,-1,-1,-1
128,393,501.87,47.76,39.23,111.34,0.8829,-1,-1,-1
128,394,684.45,35.00,25.67,70.21,0.8704,-1,-1,-1
128,395,653.93,31.25,29.36,68.57,0.8592,-1,-1,-1
128,401,793.47,47.68,26.05,64.76,0.8106,-1,-1,-1
128,403,63.07,115.43,63.62,192.12,0.9204,-1,-1,-1
129,393,503.00,48.43,39.32,110.17,0.8904,-1,-1,-1
129,394,684.81,35.04,25.50,69.94,0.8622,-1,-1,-1
129,395,655.22,31.16,29.59,68.21,0.8639,-1,-1,-1
129,401,792.15,47.63,26.27,64.95,0.8249,-1,-1,-1
129,403,69.18,115.23,63.58,191.13,0.9402,-1,-1,-1
130,393,504.41,52.06,38.84,106.27,0.8978,-1,-1,-1
130,394,685.20,34.55,25.59,70.46,0.8693,-1,-1,-1
130,395,656.69,30.64,29.86,68.45,0.8726,-1,-1,-1
130,401,789.98,47.63,26.98,66.52,0.8064,-1,-1,-1
130,403,73.34,114.62,64.45,191.07,0.9425,-1,-1,-1
131,393,505.18,52.25,39.76,106.06,0.8898,-1,-1,-1
131,394,685.54,34.15,25.66,71.00,0.8740,-1,-1,-1
131,395,658.04,30.18,30.03,68.72,0.8668,-1,-1,-1
131,401,788.08,48.27,27.00,66.15,0.8039,-1,-1,-1
131,403,76.16,114.27,65.92,191.59,0.9449,-1,-1,-1
132,393,505.33,49.96,41.62,108.56,0.8983,-1,-1,-1
132,394,686.29,33.92,25.53,71.00,0.8930,-1,-1,-1
132,395,659.50,29.61,30.00,68.88,0.8595,-1,-1,-1
132,401,786.55,48.81,27.32,66.44,0.7733,-1,-1,-1
132,403,78.80,114.19,67.70,191.74,0.9439,-1,-1,-1
133,393,504.88,45.94,43.96,112.87,0.9071,-1,-1,-1
133,394,686.97,33.60,25.27,70.73,0.8959,-1,-1,-1
133,395,660.44,29.32,29.83,68.75,0.8577,-1,-1,-1
133,401,784.60,48.42,28.20,68.35,0.7941,-1,-1,-1
133,403,81.42,113.97,69.55,192.00,0.9561,-1,-1,-1
134,393,505.52,46.98,44.39,111.75,0.8966,-1,-1,-1
134,394,687.67,33.35,24.89,70.14,0.8894,-1,-1,-1
134,395,661.38,28.95,29.66,68.68,0.8639,-1,-1,-1
134,401,783.34,50.18,27.99,67.41,0.7529,-1,-1,-1
134,403,83.79,113.76,71.30,192.53,0.9607,-1,-1,-1
135,393,505.52,45.47,45.51,113.09,0.8983,-1,-1,-1
135,394,688.20,32.86,24.65,70.09,0.8834,-1,-1,-1
135,395,662.20,28.93,29.45,68.57,0.8659,-1,-1,-1
135,401,781.31,51.45,28.35,67.99,0.8387,-1,-1,-1
135,403,88.06,113.48,72.91,192.65,0.9551,-1,-1,-1
136,393,505.54,42.20,46.69,115.36,0.8954,-1,-1,-1
136,394,688.76,32.41,24.50,70.28,0.8730,-1,-1,-1
136,395,662.90,28.88,29.16,68.22,0.8552,-1,-1,-1
136,401,779.30,52.05,28.87,68.96,0.8472,-1,-1,-1
136,403,92.61,113.03,74.43,193.17,0.9543,-1,-1,-1
137,393,506.31,43.30,45.86,112.72,0.8844,-1,-1,-1
137,394,689.25,32.13,24.36,70.36,0.8662,-1,-1,-1
137,395,663.31,29.01,28.95,67.97,0.8636,-1,-1,-1
137,401,776.90,51.94,29.69,70.90,0.8484,-1,-1,-1
137,403,96.65,112.11,75.12,193.27,0.9466,-1,-1,-1
138,393,507.29,45.55,44.45,108.91,0.8790,-1,-1,-1
138,394,689.77,32.19,24.13,70.10,0.8715,-1,-1,-1
138,395,664.47,29.44,28.61,67.30,0.8588,-1,-1,-1
138,401,774.79,51.92,30.06,71.85,0.8260,-1,-1,-1
138,403,100.23,111.54,74.77,191.80,0.9390,-1,-1,-1
139,393,508.28,46.20,43.13,106.13,0.8755,-1,-1,-1
139,394,690.39,32.40,23.86,69.62,0.8652,-1,-1,-1
139,395,665.60,29.85,28.63,67.62,0.8561,-1,-1,-1
139,401,773.06,52.49,30.29,72.44,0.8111,-1,-1,-1
139,403,105.58,110.77,73.52,189.73,0.9316,-1,-1,-1
140,393,509.13,45.77,42.08,104.58,0.8755,-1,-1,-1
140,394,691.34,32.94,23.50,68.66,0.8600,-1,-1,-1
140,395,666.62,30.36,28.49,67.55,0.8567,-1,-1,-1
140,401,771.34,53.79,30.05,71.64,0.6993,-1,-1,-1
140,403,111.78,109.69,71.99,187.02,0.9432,-1,-1,-1
141,393,509.75,45.09,41.50,104.79,0.8933,-1,-1,-1
141,394,692.09,33.14,23.38,68.19,0.8544,-1,-1,-1
141,395,667.57,31.01,28.25,67.36,0.8586,-1,-1,-1
141,401,769.30,54.61,30.30,72.09,0.8010,-1,-1,-1
141,403,117.69,107.30,71.00,185.46,0.9396,-1,-1,-1
142,393,510.66,45.54,40.47,103.97,0.8848,-1,-1,-1
142,394,693.19,33.77,23.18,67.42,0.8463,-1,-1,-1
142,395,668.34,31.19,28.28,67.71,0.8737,-1,-1,-1
142,401,767.26,55.34,30.36,71.82,0.8065,-1,-1,-1
142,403,123.81,105.07,69.86,182.80,0.9317,-1,-1,-1
143,393,510.93,45.28,39.75,103.76,0.8858,-1,-1,-1
143,394,693.93,34.25,23.18,67.10,0.8516,-1,-1,-1
143,395,669.54,31.25,28.25,68.02,0.8718,-1,-1,-1
143,401,764.87,56.14,30.70,72.31,0.8144,-1,-1,-1
143,403,129.23,103.67,69.46,181.35,0.9337,-1,-1,-1
144,393,511.28,44.62,39.05,103.56,0.8464,-1,-1,-1
144,394,695.09,33.83,23.35,67.24,0.8402,-1,-1,-1
144,395,670.92,30.60,28.30,68.58,0.8681,-1,-1,-1
144,401,761.55,57.99,30.65,71.75,0.6005,-1,-1,-1
144,403,137.61,102.36,69.19,179.76,0.9342,-1,-1,-1
145,393,512.08,44.67,38.08,102.56,0.8563,-1,-1,-1
145,394,695.97,33.52,23.55,67.49,0.8265,-1,-1,-1
145,395,672.09,30.17,28.05,68.29,0.8489,-1,-1,-1
145,401,758.46,58.55,31.69,73.77,0.4840,-1,-1,-1
145,403,143.68,101.54,69.09,179.07,0.9371,-1,-1,-1
146,393,512.33,44.15,37.68,102.92,0.8442,-1,-1,-1
146,394,696.95,33.22,23.74,67.61,0.8462,-1,-1,-1
146,395,673.25,29.53,28.09,68.91,0.8451,-1,-1,-1
146,401,755.29,58.87,32.75,75.86,0.7061,-1,-1,-1
146,403,149.46,101.13,69.52,179.03,0.9420,-1,-1,-1
147,393,512.70,43.14,37.33,103.30,0.8502,-1,-1,-1
147,394,697.93,32.84,23.79,67.60,0.8498,-1,-1,-1
147,395,674.23,28.91,27.93,68.97,0.8596,-1,-1,-1
147,401,752.49,59.48,33.48,77.39,0.5921,-1,-1,-1
147,403,154.16,100.98,70.27,179.58,0.9385,-1,-1,-1
148,393,513.12,44.13,36.48,101.91,0.8481,-1,-1,-1
148,394,698.69,32.61,23.81,67.58,0.8599,-1,-1,-1
148,395,675.00,28.59,27.68,68.88,0.8771,-1,-1,-1
148,401,750.40,60.06,33.24,76.80,0.6096,-1,-1,-1
148,403,157.24,101.03,70.85,179.12,0.9259,-1,-1,-1
149,393,513.78,44.06,35.78,100.77,0.8430,-1,-1,-1
149,394,699.29,32.69,23.87,67.59,0.8554,-1,-1,-1
149,395,675.91,28.56,27.09,67.87,0.8656,-1,-1,-1
149,401,747.96,60.59,33.77,77.83,0.6597,-1,-1,-1
149,403,158.27,100.93,71.42,178.83,0.9329,-1,-1,-1
150,393,514.19,43.72,35.10,99.29,0.8583,-1,-1,-1
150,394,699.88,32.35,23.99,67.84,0.8457,-1,-1,-1
150,395,676.94,28.58,26.86,67.85,0.8467,-1,-1,-1
150,401,744.75,61.37,34.64,79.86,0.8145,-1,-1,-1
150,403,158.50,100.71,71.82,178.60,0.9301,-1,-1,-1
150,404,14.50,57.88,33.46,100.86,0.6710,-1,-1,-1
151,393,514.48,42.71,34.92,98.99,0.8577,-1,-1,-1
151,394,700.54,32.20,23.98,67.80,0.8560,-1,-1,-1
151,395,677.64,28.60,26.80,68.18,0.8555,-1,-1,-1
151,401,741.97,62.34,35.43,81.72,0.8656,-1,-1,-1
151,403,158.96,100.13,72.01,178.58,0.9249,-1,-1,-1
151,404,16.49,57.55,33.30,100.51,0.6894,-1,-1,-1
152,393,513.98,41.95,35.29,99.88,0.8736,-1,-1,-1
152,394,701.28,32.76,23.78,67.30,0.8463,-1,-1,-1
152,395,678.37,29.36,26.43,67.32,0.8699,-1,-1,-1
152,401,739.16,63.39,35.85,82.62,0.8728,-1,-1,-1
152,403,160.84,99.31,70.81,175.58,0.9255,-1,-1,-1
152,404,18.64,57.05,33.35,101.06,0.7126,-1,-1,-1
153,393,513.46,39.97,35.51,100.10,0.8854,-1,-1,-1
153,394,701.94,32.95,23.60,66.98,0.8240,-1,-1,-1
153,395,679.05,29.77,26.17,66.63,0.8566,-1,-1,-1
153,401,736.06,63.86,36.64,84.70,0.8646,-1,-1,-1
153,403,164.55,97.38,69.80,174.21,0.9389,-1,-1,-1
153,404,20.67,56.27,32.86,100.29,0.7846,-1,-1,-1
154,393,513.26,39.03,35.53,99.61,0.8675,-1,-1,-1
154,394,702.52,33.04,23.47,66.76,0.8014,-1,-1,-1
154,395,679.36,30.14,26.23,66.48,0.8555,-1,-1,-1
154,401,733.35,64.25,37.43,87.06,0.8359,-1,-1,-1
154,403,170.25,96.37,68.38,172.63,0.9167,-1,-1,-1
154,404,23.44,54.94,32.63,100.34,0.8151,-1,-1,-1
155,393,512.57,37.23,36.24,101.22,0.8842,-1,-1,-1
155,394,703.04,33.51,23.30,66.14,0.8095,-1,-1,-1
155,395,679.57,30.50,26.24,66.06,0.8655,-1,-1,-1
155,401,730.28,65.27,37.79,88.09,0.8629,-1,-1,-1
155,403,176.64,95.53,67.08,171.84,0.9396,-1,-1,-1
155,404,26.23,54.06,32.65,101.12,0.8173,-1,-1,-1
156,393,512.32,37.10,36.52,101.57,0.8988,-1,-1,-1
156,394,703.39,34.05,23.25,65.79,0.8138,-1,-1,-1
156,395,679.85,30.61,26.47,66.03,0.8582,-1,-1,-1
156,401,727.25,66.14,38.07,88.89,0.8401,-1,-1,-1
156,403,181.97,94.71,66.26,171.60,0.9419,-1,-1,-1
156,404,29.41,53.57,32.25,100.39,0.5886,-1,-1,-1
157,393,511.66,36.15,36.95,102.50,0.8985,-1,-1,-1
157,394,703.63,34.05,23.33,65.86,0.7956,-1,-1,-1
157,395,680.51,30.69,26.42,65.56,0.8588,-1,-1,-1
157,401,723.77,66.90,38.41,89.48,0.7895,-1,-1,-1
157,403,186.52,93.98,66.19,172.10,0.9360,-1,-1,-1
157,404,32.65,53.15,32.35,101.01,0.6013,-1,-1,-1
158,393,511.10,36.61,36.79,101.78,0.8879,-1,-1,-1
158,394,704.03,33.21,23.60,66.63,0.7710,-1,-1,-1
158,395,681.35,30.68,26.43,65.36,0.8519,-1,-1,-1
158,401,720.58,67.51,38.51,89.21,0.8099,-1,-1,-1
158,403,189.89,93.22,66.65,173.07,0.9274,-1,-1,-1
158,404,35.73,52.82,33.28,104.21,0.5948,-1,-1,-1
159,393,510.40,37.01,36.63,100.95,0.8738,-1,-1,-1
159,394,704.52,32.77,23.69,66.95,0.7769,-1,-1,-1
159,395,682.26,30.18,26.31,64.87,0.8506,-1,-1,-1
159,401,717.42,68.69,38.48,88.40,0.7933,-1,-1,-1
159,403,193.52,92.83,67.20,173.28,0.9339,-1,-1,-1
159,404,38.75,52.59,32.91,102.80,0.6235,-1,-1,-1
160,393,509.25,34.77,37.32,102.96,0.8614,-1,-1,-1
160,394,705.18,32.30,23.71,67.21,0.7772,-1,-1,-1
160,395,683.35,29.62,26.21,64.56,0.8384,-1,-1,-1
160,401,714.90,69.81,37.38,84.68,0.6491,-1,-1,-1
160,403,197.33,92.81,67.72,173.36,0.9375,-1,-1,-1
160,404,41.41,52.56,32.92,102.22,0.7296,-1,-1,-1
161,393,508.55,33.66,37.43,103.83,0.8598,-1,-1,-1
161,394,706.10,32.22,23.18,65.75,0.7322,-1,-1,-1
161,395,684.77,29.18,26.06,64.40,0.8410,-1,-1,-1
161,401,711.26,70.75,37.50,83.59,0.3730,-1,-1,-1
161,403,200.91,92.61,68.28,173.49,0.9391,-1,-1,-1
161,404,43.96,51.98,34.49,106.01,0.5010,-1,-1,-1
162,393,508.13,33.38,36.98,103.33,0.8668,-1,-1,-1
162,394,706.23,32.15,22.75,63.99,0.5155,-1,-1,-1
162,395,686.15,29.04,25.88,64.39,0.8243,-1,-1,-1
162,401,707.26,71.27,38.92,85.42,0.4307,-1,-1,-1
162,403,204.33,92.42,68.73,173.40,0.9481,-1,-1,-1
162,404,46.94,51.80,35.38,107.18,0.3905,-1,-1,-1
163,393,507.70,33.45,36.20,101.88,0.8641,-1,-1,-1
163,394,706.53,31.78,22.27,61.94,0.3396,-1,-1,-1
163,395,686.98,28.84,25.82,64.87,0.8160,-1,-1,-1
163,401,702.11,72.27,41.47,90.26,0.4522,-1,-1,-1
163,403,207.68,91.73,69.10,173.93,0.9398,-1,-1,-1
163,404,48.75,51.59,36.43,109.06,0.5162,-1,-1,-1
164,393,506.95,32.72,36.00,102.31,0.8606,-1,-1,-1
164,394,709.47,31.36,19.75,54.54,0.3408,-1,-1,-1
164,395,687.85,28.85,25.66,65.07,0.8316,-1,-1,-1
164,401,697.70,73.13,42.38,91.42,0.2794,-1,-1,-1
164,403,210.78,90.89,69.13,174.17,0.9357,-1,-1,-1
164,404,49.66,51.76,37.16,110.54,0.4031,-1,-1,-1
165,393,506.36,31.55,35.67,102.29,0.8663,-1,-1,-1
165,394,711.40,31.44,18.51,50.39,0.3728,-1,-1,-1
165,395,688.84,28.54,25.34,64.87,0.8060,-1,-1,-1
165,401,694.26,74.55,41.85,88.56,0.4216,-1,-1,-1
165,403,214.01,90.25,68.42,173.19,0.9225,-1,-1,-1
165,404,51.69,51.48,36.73,108.76,0.1997,-1,-1,-1
166,393,505.56,30.97,35.12,101.79,0.8810,-1,-1,-1
166,394,712.34,31.80,18.20,48.95,0.4272,-1,-1,-1
166,395,689.88,28.53,24.74,63.91,0.7371,-1,-1,-1
166,401,689.84,75.87,43.17,90.17,0.6945,-1,-1,-1
166,403,217.84,89.26,67.05,171.62,0.9215,-1,-1,-1
166,404,55.95,51.21,36.19,106.18,0.2117,-1,-1,-1
167,393,505.11,31.18,34.64,101.35,0.8853,-1,-1,-1
167,394,712.22,32.51,19.96,53.79,0.5357,-1,-1,-1
167,395,690.80,28.94,24.12,62.59,0.7537,-1,-1,-1
167,401,685.07,76.58,44.13,90.90,0.6789,-1,-1,-1
167,403,221.94,88.11,65.14,169.84,0.9209,-1,-1,-1
167,404,59.67,51.36,35.44,102.90,0.2359,-1,-1,-1
168,393,504.18,31.20,34.00,100.62,0.8349,-1,-1,-1
168,394,712.83,33.29,21.76,59.36,0.7988,-1,-1,-1
168,395,692.81,29.46,23.28,60.44,0.7684,-1,-1,-1
168,401,676.73,79.58,47.32,96.80,0.7929,-1,-1,-1
168,403,228.20,85.75,62.55,167.12,0.9158,-1,-1,-1
169,393,503.88,33.31,32.90,98.14,0.7797,-1,-1,-1
169,394,713.67,33.83,22.28,61.16,0.7970,-1,-1,-1
169,395,693.87,29.83,22.93,59.60,0.7667,-1,-1,-1
169,401,670.14,81.99,50.02,102.09,0.8821,-1,-1,-1
169,403,233.17,84.08,60.65,165.66,0.9254,-1,-1,-1
170,393,503.87,34.74,32.18,96.87,0.7422,-1,-1,-1
170,394,714.49,34.43,22.55,62.25,0.7831,-1,-1,-1
170,395,693.98,29.87,24.42,63.69,0.7932,-1,-1,-1
170,401,664.43,83.90,52.13,106.07,0.8907,-1,-1,-1
170,403,237.35,83.64,58.96,164.61,0.9304,-1,-1,-1
171,393,503.31,35.81,31.67,95.80,0.7215,-1,-1,-1
171,394,714.62,34.76,22.78,62.70,0.7781,-1,-1,-1
171,395,694.32,29.88,24.89,65.24,0.8439,-1,-1,-1
171,401,658.71,85.90,54.38,110.88,0.8783,-1,-1,-1
171,403,242.29,83.44,57.60,163.24,0.9106,-1,-1,-1
172,393,502.40,34.02,32.02,97.62,0.7725,-1,-1,-1
172,394,714.60,34.17,23.30,63.58,0.7640,-1,-1,-1
172,395,694.50,29.94,24.89,65.75,0.8691,-1,-1,-1
172,401,654.13,87.07,55.40,113.08,0.8408,-1,-1,-1
172,403,248.53,83.52,57.41,162.53,0.9238,-1,-1,-1
173,393,501.84,33.94,31.77,97.29,0.7841,-1,-1,-1
173,394,715.04,33.84,23.66,63.79,0.7932,-1,-1,-1
173,395,694.97,29.72,24.35,64.69,0.8732,-1,-1,-1
173,401,648.46,88.20,56.63,115.76,0.8482,-1,-1,-1
173,403,253.71,83.49,58.02,162.36,0.9236,-1,-1,-1
174,393,500.61,32.18,31.99,98.69,0.8016,-1,-1,-1
174,394,716.32,33.47,23.84,64.04,0.8165,-1,-1,-1
174,395,695.21,29.60,24.11,64.32,0.8793,-1,-1,-1
174,401,642.75,89.75,56.97,116.04,0.8558,-1,-1,-1
174,403,256.45,83.40,58.92,162.33,0.9260,-1,-1,-1
174,404,85.58,48.60,32.16,94.52,0.5552,-1,-1,-1
175,393,499.72,30.55,32.00,99.29,0.8179,-1,-1,-1
175,394,717.51,33.05,24.00,64.19,0.8385,-1,-1,-1
175,395,695.50,29.58,23.95,64.03,0.8672,-1,-1,-1
175,401,637.89,92.09,56.95,115.46,0.8783,-1,-1,-1
175,403,257.75,83.52,59.68,162.10,0.9227,-1,-1,-1
175,404,88.61,48.41,31.73,94.53,0.7502,-1,-1,-1
176,393,499.07,29.05,31.93,99.67,0.8284,-1,-1,-1
176,394,718.46,32.88,24.19,64.53,0.8472,-1,-1,-1
176,395,695.66,29.27,23.87,63.99,0.8486,-1,-1,-1
176,401,631.93,94.65,57.58,115.94,0.8545,-1,-1,-1
176,403,257.85,83.55,60.10,161.65,0.9190,-1,-1,-1
176,404,91.40,47.98,31.32,94.66,0.7396,-1,-1,-1
177,393,498.35,27.52,31.67,99.26,0.8570,-1,-1,-1
177,394,719.29,32.91,24.23,64.64,0.8540,-1,-1,-1
177,395,695.87,28.98,23.73,63.72,0.8361,-1,-1,-1
177,401,626.63,97.35,56.84,113.15,0.6731,-1,-1,-1
177,403,258.02,83.32,60.46,161.84,0.9243,-1,-1,-1
177,404,94.30,47.51,30.87,94.81,0.6698,-1,-1,-1
178,393,497.29,26.30,31.67,99.59,0.8457,-1,-1,-1
178,394,720.13,32.83,24.12,64.51,0.8708,-1,-1,-1
178,395,696.29,28.82,23.68,63.51,0.8459,-1,-1,-1
178,401,620.21,100.01,57.06,112.04,0.8416,-1,-1,-1
178,403,259.57,82.69,59.76,159.73,0.9197,-1,-1,-1
178,404,97.09,46.35,30.47,95.25,0.6047,-1,-1,-1
179,393,496.11,25.92,31.36,98.21,0.8462,-1,-1,-1
179,394,720.94,32.56,24.03,64.44,0.8604,-1,-1,-1
179,395,696.85,28.78,23.60,63.15,0.8594,-1,-1,-1
179,401,613.51,102.29,57.64,111.13,0.7431,-1,-1,-1
179,403,262.22,81.84,59.04,158.28,0.9110,-1,-1,-1
179,404,100.04,45.14,30.32,96.09,0.6118,-1,-1,-1
180,393,495.22,25.12,31.37,97.62,0.8313,-1,-1,-1
180,394,721.51,32.53,23.89,64.34,0.8389,-1,-1,-1
180,395,697.68,28.75,23.56,62.88,0.8544,-1,-1,-1
180,401,608.43,104.42,55.10,103.04,0.4574,-1,-1,-1
180,403,266.37,80.81,58.12,156.65,0.9334,-1,-1,-1
180,404,102.38,44.86,29.82,96.06,0.7220,-1,-1,-1
181,393,494.52,24.27,31.50,97.56,0.8307,-1,-1,-1
181,394,721.94,32.77,23.68,63.96,0.8441,-1,-1,-1
181,395,698.44,29.04,23.48,62.38,0.8475,-1,-1,-1
181,401,598.64,107.19,60.98,112.69,0.4877,-1,-1,-1
181,403,271.98,80.16,57.50,155.85,0.9300,-1,-1,-1
181,404,105.33,44.83,29.30,95.03,0.6400,-1,-1,-1
182,393,493.74,23.38,31.79,98.40,0.8233,-1,-1,-1
182,394,722.27,33.04,23.53,63.66,0.8367,-1,-1,-1
182,395,698.88,29.54,23.43,61.99,0.8496,-1,-1,-1
182,401,590.63,110.18,63.65,116.14,0.7739,-1,-1,-1
182,403,278.57,79.70,57.19,155.76,0.9262,-1,-1,-1
182,404,108.43,44.40,29.11,94.27,0.6841,-1,-1,-1
183,393,493.31,24.08,31.56,97.91,0.8567,-1,-1,-1
183,394,722.75,33.09,23.41,63.57,0.8485,-1,-1,-1
183,395,699.27,29.80,23.50,61.86,0.8143,-1,-1,-1
183,401,582.24,113.34,66.66,120.33,0.6791,-1,-1,-1
183,403,283.24,78.99,57.13,155.57,0.9243,-1,-1,-1
183,404,111.12,44.47,29.17,94.14,0.6699,-1,-1,-1
183,405,825.31,22.43,15.82,32.47,0.4170,-1,-1,-1
184,393,492.94,24.13,31.27,97.50,0.8350,-1,-1,-1
184,394,723.13,33.06,23.28,63.45,0.8532,-1,-1,-1
184,395,699.56,29.99,23.63,61.84,0.8280,-1,-1,-1
184,401,572.46,116.44,71.31,128.06,0.8860,-1,-1,-1
184,403,286.70,79.21,57.50,155.40,0.9297,-1,-1,-1
184,405,825.09,23.32,15.31,31.43,0.2942,-1,-1,-1
185,393,492.35,23.63,31.28,97.89,0.7694,-1,-1,-1
185,394,723.39,32.49,23.39,63.94,0.8520,-1,-1,-1
185,395,699.99,30.17,23.69,61.50,0.8366,-1,-1,-1
185,401,562.40,119.85,76.06,136.78,0.9072,-1,-1,-1
185,403,290.02,79.44,57.91,154.82,0.9356,-1,-1,-1
185,405,824.41,23.31,15.19,31.27,0.2190,-1,-1,-1
186,393,489.33,23.01,31.99,98.55,0.7624,-1,-1,-1
186,394,724.01,32.12,23.32,64.07,0.8603,-1,-1,-1
186,395,700.52,30.09,23.87,61.48,0.8537,-1,-1,-1
186,401,552.64,123.44,79.25,142.55,0.9004,-1,-1,-1
186,403,292.08,79.36,58.63,155.10,0.9375,-1,-1,-1
187,393,486.41,22.38,32.79,99.14,0.7800,-1,-1,-1
187,394,724.51,31.92,23.01,63.45,0.8507,-1,-1,-1
187,395,701.11,29.70,24.14,61.73,0.8542,-1,-1,-1
187,401,541.37,127.06,85.00,153.68,0.9076,-1,-1,-1
187,403,294.56,79.44,59.28,155.15,0.9308,-1,-1,-1
188,393,484.68,22.69,32.97,98.67,0.7835,-1,-1,-1
188,394,725.09,31.68,22.73,62.90,0.8474,-1,-1,-1
188,395,701.97,29.63,24.20,61.43,0.8515,-1,-1,-1
188,401,530.15,130.67,89.64,163.25,0.9186,-1,-1,-1
188,403,296.91,79.35,59.88,155.44,0.9308,-1,-1,-1
189,393,484.18,23.24,32.92,98.11,0.7203,-1,-1,-1
189,394,725.54,31.47,22.58,62.76,0.8358,-1,-1,-1
189,395,702.50,29.53,24.64,62.17,0.8745,-1,-1,-1
189,401,519.31,134.18,92.86,170.22,0.9250,-1,-1,-1
189,403,299.27,78.61,60.52,156.17,0.9282,-1,-1,-1
190,393,482.85,23.17,32.94,97.64,0.7843,-1,-1,-1
190,394,725.97,31.16,22.66,63.36,0.8212,-1,-1,-1
190,395,703.26,29.51,24.66,62.06,0.8791,-1,-1,-1
190,401,507.95,137.90,95.23,175.49,0.9166,-1,-1,-1
190,403,301.77,78.18,60.71,156.01,0.9211,-1,-1,-1
191,393,482.14,22.16,33.14,97.81,0.7641,-1,-1,-1
191,394,726.43,31.00,22.71,63.91,0.8351,-1,-1,-1
191,395,704.10,29.30,24.59,62.06,0.8726,-1,-1,-1
191,401,496.69,142.01,96.88,178.96,0.9164,-1,-1,-1
191,403,303.82,77.48,60.60,155.74,0.9215,-1,-1,-1
192,393,481.21,21.67,31.60,93.12,0.7354,-1,-1,-1
192,394,727.20,31.31,22.40,63.24,0.8321,-1,-1,-1
192,395,705.60,28.81,24.56,62.38,0.8484,-1,-1,-1
192,401,476.66,150.53,97.94,180.18,0.7141,-1,-1,-1
192,403,308.95,75.92,58.95,153.99,0.9146,-1,-1,-1
193,393,479.84,20.69,30.91,90.93,0.7249,-1,-1,-1
193,394,727.69,31.58,22.22,62.66,0.8348,-1,-1,-1
193,395,706.66,28.73,24.40,62.34,0.8530,-1,-1,-1
193,401,462.43,158.22,95.41,172.86,0.6714,-1,-1,-1
193,403,312.92,74.68,57.06,152.33,0.9133,-1,-1,-1
194,393,478.41,20.09,30.66,90.57,0.6432,-1,-1,-1
194,394,728.32,32.15,21.86,61.44,0.8240,-1,-1,-1
194,395,707.49,28.16,24.21,62.18,0.8339,-1,-1,-1
194,401,443.92,165.94,97.89,175.67,0.7549,-1,-1,-1
194,403,316.18,73.48,55.33,150.93,0.9110,-1,-1,-1
195,393,477.16,19.47,30.42,90.43,0.7702,-1,-1,-1
195,394,728.78,32.95,21.75,60.60,0.8230,-1,-1,-1
195,395,708.14,27.92,23.93,61.70,0.8111,-1,-1,-1
195,401,428.79,173.41,99.55,175.49,0.8279,-1,-1,-1
195,403,319.78,72.87,53.77,150.01,0.9100,-1,-1,-1
196,393,476.20,19.26,30.29,90.69,0.7428,-1,-1,-1
196,394,729.14,33.19,21.78,60.11,0.8133,-1,-1,-1
196,395,708.45,28.05,23.82,61.53,0.8271,-1,-1,-1
196,401,413.30,181.20,96.52,164.42,0.5620,-1,-1,-1
196,403,323.30,72.88,52.19,148.70,0.9044,-1,-1,-1
197,393,475.29,19.78,30.24,91.17,0.6635,-1,-1,-1
197,394,729.93,33.53,21.93,59.86,0.7677,-1,-1,-1
197,395,708.73,27.98,23.80,61.62,0.8243,-1,-1,-1
197,401,390.10,189.47,105.39,176.62,0.8015,-1,-1,-1
197,403,327.01,72.42,50.97,148.09,0.9313,-1,-1,-1
198,393,474.95,19.91,30.10,91.55,0.5871,-1,-1,-1
198,394,730.61,32.87,22.38,60.42,0.7793,-1,-1,-1
198,395,708.96,28.06,23.79,61.83,0.8171,-1,-1,-1
198,401,367.12,198.45,112.13,185.21,0.9053,-1,-1,-1
198,403,330.78,72.68,49.93,146.92,0.9168,-1,-1,-1
199,393,474.64,20.30,29.94,92.11,0.5889,-1,-1,-1
199,394,730.98,32.58,22.78,60.86,0.6705,-1,-1,-1
199,395,709.33,28.29,23.69,61.76,0.7879,-1,-1,-1
199,401,342.99,208.53,118.57,192.54,0.8360,-1,-1,-1
199,403,335.12,73.26,49.82,145.95,0.9074,-1,-1,-1
200,393,474.46,21.20,29.10,90.59,0.5467,-1,-1,-1
200,394,732.03,32.34,22.88,60.93,0.6860,-1,-1,-1
200,395,709.67,28.23,23.75,62.08,0.8327,-1,-1,-1
200,401,316.71,219.50,128.85,206.27,0.8861,-1,-1,-1
200,403,338.47,73.27,50.47,145.88,0.9209,-1,-1,-1
201,393,474.02,21.25,29.26,92.17,0.4917,-1,-1,-1
201,394,733.01,31.92,23.09,61.23,0.7909,-1,-1,-1
201,395,710.19,28.21,23.37,61.15,0.8170,-1,-1,-1
201,401,284.90,231.19,140.87,223.99,0.9096,-1,-1,-1
201,403,339.84,73.36,51.12,145.51,0.9133,-1,-1,-1
202,393,473.82,21.29,29.02,92.47,0.2415,-1,-1,-1
202,394,733.82,31.76,23.15,61.31,0.8265,-1,-1,-1
202,395,710.67,28.11,23.22,61.04,0.7724,-1,-1,-1
202,401,256.23,244.82,145.33,227.79,0.9234,-1,-1,-1
202,403,340.25,73.13,51.77,145.59,0.9069,-1,-1,-1
202,404,159.24,44.09,28.22,89.48,0.4963,-1,-1,-1
203,393,473.25,21.44,28.82,92.46,0.2548,-1,-1,-1
203,394,734.70,31.54,23.22,61.55,0.8226,-1,-1,-1
203,395,711.02,27.68,23.13,61.18,0.7952,-1,-1,-1
203,401,229.07,259.20,142.16,216.06,0.8822,-1,-1,-1
203,403,340.42,73.06,52.27,145.59,0.9117,-1,-1,-1
203,404,161.72,43.48,28.03,89.74,0.4475,-1,-1,-1
204,393,472.50,21.06,28.79,93.19,0.4558,-1,-1,-1
204,394,735.42,31.58,23.08,61.18,0.8229,-1,-1,-1
204,395,711.30,27.33,22.98,61.15,0.7884,-1,-1,-1
204,401,198.44,274.68,140.58,205.07,0.9126,-1,-1,-1
204,403,341.59,73.20,52.26,144.26,0.9186,-1,-1,-1
204,404,164.43,43.94,27.27,87.94,0.5756,-1,-1,-1
205,393,472.09,21.71,28.44,92.47,0.3512,-1,-1,-1
205,394,735.88,31.67,23.12,61.24,0.8352,-1,-1,-1
205,395,711.32,27.00,23.03,61.50,0.8407,-1,-1,-1
205,401,165.86,291.12,138.42,191.98,0.9279,-1,-1,-1
205,403,344.14,73.03,51.70,142.34,0.9073,-1,-1,-1
205,404,167.33,43.43,26.84,86.88,0.6646,-1,-1,-1
206,393,471.07,22.73,27.92,90.68,0.2236,-1,-1,-1
206,394,736.38,31.86,22.99,61.02,0.8361,-1,-1,-1
206,395,711.95,26.97,22.82,61.39,0.8399,-1,-1,-1
206,401,131.60,307.87,135.60,176.17,0.8892,-1,-1,-1
206,403,347.63,72.25,51.26,141.20,0.9038,-1,-1,-1
206,404,170.12,42.68,27.11,87.69,0.4042,-1,-1,-1
207,393,469.85,22.23,28.05,90.85,0.2461,-1,-1,-1
207,394,737.08,31.95,22.83,60.60,0.8366,-1,-1,-1
207,395,712.67,27.29,22.49,60.95,0.8407,-1,-1,-1
207,401,102.52,326.34,129.97,157.80,0.8901,-1,-1,-1
207,403,351.98,71.08,50.83,141.02,0.9230,-1,-1,-1
207,404,172.12,42.13,27.26,89.08,0.4462,-1,-1,-1
207,406,843.83,25.21,11.11,32.18,0.5171,-1,-1,-1
208,393,469.40,21.28,28.18,91.02,0.2495,-1,-1,-1
208,394,737.64,32.16,22.74,60.46,0.8359,-1,-1,-1
208,395,713.38,28.17,21.93,59.78,0.8391,-1,-1,-1
208,401,73.94,347.37,122.35,136.21,0.8828,-1,-1,-1
208,403,356.88,70.27,50.58,141.32,0.9155,-1,-1,-1
208,404,174.65,41.65,26.57,86.93,0.2875,-1,-1,-1
208,406,842.92,25.31,11.19,32.14,0.5891,-1,-1,-1
209,393,469.32,21.52,28.02,90.07,0.1850,-1,-1,-1
209,394,738.10,32.35,22.65,60.46,0.8372,-1,-1,-1
209,395,714.40,29.01,21.47,58.79,0.8176,-1,-1,-1
209,401,43.34,369.76,110.71,112.84,0.7862,-1,-1,-1
209,403,361.57,70.11,50.47,141.18,0.9195,-1,-1,-1
209,404,177.16,42.41,26.08,84.93,0.4305,-1,-1,-1
209,406,842.31,25.17,11.34,32.19,0.5704,-1,-1,-1
210,393,469.41,21.28,27.70,88.64,0.1723,-1,-1,-1
210,394,738.46,32.35,22.58,60.54,0.8404,-1,-1,-1
210,395,715.07,29.58,21.17,58.07,0.8463,-1,-1,-1
210,403,364.87,69.75,50.83,141.64,0.9295,-1,-1,-1
210,404,179.77,42.08,26.44,85.08,0.5352,-1,-1,-1
210,406,841.84,24.63,11.69,32.71,0.3549,-1,-1,-1
211,393,469.15,21.39,27.71,88.34,0.2702,-1,-1,-1
211,394,738.75,32.41,22.43,60.37,0.8476,-1,-1,-1
211,395,715.86,29.91,21.09,57.69,0.8599,-1,-1,-1
211,403,367.87,70.09,51.27,141.12,0.9122,-1,-1,-1
211,404,182.24,44.20,26.14,82.62,0.5093,-1,-1,-1
211,406,841.24,24.41,11.97,32.80,0.3431,-1,-1,-1
212,393,468.98,21.56,27.76,88.34,0.1735,-1,-1,-1
212,394,738.93,32.19,22.42,60.58,0.8461,-1,-1,-1
212,395,716.07,29.83,21.39,58.02,0.8660,-1,-1,-1
212,403,370.42,70.02,51.87,140.86,0.9083,-1,-1,-1
212,404,183.34,44.01,26.84,84.13,0.2053,-1,-1,-1
212,406,840.49,24.75,12.11,32.39,0.3547,-1,-1,-1
213,394,739.26,31.96,22.31,60.60,0.8490,-1,-1,-1
213,395,716.43,29.71,21.64,58.12,0.8499,-1,-1,-1
213,403,372.63,70.29,52.49,140.30,0.9107,-1,-1,-1
213,404,184.68,44.41,27.10,84.54,0.3540,-1,-1,-1
213,406,840.02,24.95,12.21,31.83,0.2891,-1,-1,-1
214,394,739.70,31.96,22.18,60.62,0.8520,-1,-1,-1
214,395,716.97,29.68,21.91,58.12,0.8491,-1,-1,-1
214,403,374.90,70.54,53.06,139.75,0.9158,-1,-1,-1
214,404,185.78,45.32,26.78,83.29,0.2576,-1,-1,-1
214,406,839.50,25.29,12.33,31.36,0.3165,-1,-1,-1
215,394,740.16,31.86,21.78,59.71,0.8439,-1,-1,-1
215,395,717.10,29.45,22.10,57.91,0.8248,-1,-1,-1
215,403,376.87,70.35,53.67,139.70,0.9320,-1,-1,-1
215,404,188.37,43.92,27.87,84.93,0.2193,-1,-1,-1
215,406,838.69,25.07,12.63,31.47,0.3641,-1,-1,-1
216,394,740.80,31.83,21.52,59.19,0.8396,-1,-1,-1
216,395,717.74,28.71,22.32,57.92,0.8020,-1,-1,-1
216,403,379.74,69.75,53.97,139.55,0.9233,-1,-1,-1
216,406,837.55,23.72,13.30,32.70,0.3107,-1,-1,-1
217,394,741.22,31.64,21.43,59.27,0.8264,-1,-1,-1
217,395,718.31,27.89,22.65,58.28,0.7691,-1,-1,-1
217,403,382.00,69.04,53.60,138.56,0.9203,-1,-1,-1
217,406,836.43,23.04,13.74,33.42,0.3657,-1,-1,-1
218,394,741.69,31.43,21.32,59.06,0.8083,-1,-1,-1
218,395,718.80,27.32,23.02,58.82,0.7204,-1,-1,-1
218,403,384.71,68.36,52.44,136.89,0.9072,-1,-1,-1
218,406,835.18,23.84,13.54,32.59,0.3697,-1,-1,-1
219,394,742.11,31.63,21.21,58.92,0.7965,-1,-1,-1
219,395,719.50,26.98,23.14,58.96,0.6608,-1,-1,-1
219,403,387.26,67.58,51.13,135.79,0.9136,-1,-1,-1
219,406,834.45,23.83,13.78,32.57,0.2406,-1,-1,-1
220,394,742.70,31.84,21.15,58.78,0.8275,-1,-1,-1
220,395,720.36,27.00,23.20,59.07,0.6371,-1,-1,-1
220,403,389.99,66.56,49.92,135.51,0.9170,-1,-1,-1
220,406,832.83,23.36,14.22,33.05,0.3873,-1,-1,-1
221,394,743.09,31.78,21.11,58.61,0.8279,-1,-1,-1
221,395,721.09,26.94,23.30,59.47,0.5911,-1,-1,-1
221,403,393.55,66.07,48.69,135.21,0.9124,-1,-1,-1
221,406,831.48,22.86,14.62,33.39,0.3859,-1,-1,-1
222,394,743.50,32.01,21.10,58.32,0.8413,-1,-1,-1
222,395,721.62,27.24,22.91,58.77,0.6348,-1,-1,-1
222,403,396.27,66.16,47.51,134.53,0.9096,-1,-1,-1
222,406,830.62,22.72,14.92,33.37,0.3760,-1,-1,-1
223,394,743.94,32.18,21.13,58.22,0.8327,-1,-1,-1
223,395,722.43,27.59,22.50,58.02,0.6667,-1,-1,-1
223,403,398.49,65.91,46.75,134.15,0.9117,-1,-1,-1
223,406,830.00,22.93,15.13,33.12,0.4456,-1,-1,-1
224,394,744.33,32.18,21.26,58.27,0.8283,-1,-1,-1
224,395,722.78,27.82,22.27,57.62,0.5766,-1,-1,-1
224,403,401.19,65.56,45.99,133.28,0.8967,-1,-1,-1
224,406,829.14,22.63,15.48,33.31,0.4114,-1,-1,-1
224,404,214.02,35.04,28.08,84.18,0.4811,-1,-1,-1
225,394,744.60,31.93,21.52,58.64,0.8264,-1,-1,-1
225,395,723.39,27.78,22.25,57.64,0.7182,-1,-1,-1
225,403,404.44,65.36,45.88,132.80,0.8848,-1,-1,-1
225,406,828.11,22.60,15.58,32.93,0.3568,-1,-1,-1
225,404,214.89,35.13,28.45,84.43,0.5005,-1,-1,-1
226,394,745.04,31.81,21.66,58.70,0.7903,-1,-1,-1
226,395,723.91,27.97,22.04,57.23,0.7256,-1,-1,-1
226,403,407.85,65.83,46.22,131.83,0.8967,-1,-1,-1
226,406,827.22,22.48,15.62,32.59,0.4307,-1,-1,-1
226,404,216.58,35.34,28.44,84.27,0.7232,-1,-1,-1
227,394,745.12,31.38,22.00,59.12,0.8069,-1,-1,-1
227,395,723.98,27.82,22.30,57.95,0.7502,-1,-1,-1
227,403,410.03,66.41,46.71,130.56,0.9147,-1,-1,-1
227,406,826.49,22.25,15.66,32.56,0.1993,-1,-1,-1
227,404,218.80,35.55,28.20,83.88,0.7071,-1,-1,-1
228,394,745.48,31.15,22.17,59.09,0.8156,-1,-1,-1
228,395,724.44,27.53,22.30,58.40,0.7684,-1,-1,-1
228,403,410.54,66.53,47.38,130.33,0.9122,-1,-1,-1
228,406,826.04,22.72,15.42,31.83,0.1872,-1,-1,-1
228,404,221.09,35.73,27.92,84.23,0.8037,-1,-1,-1
229,394,746.05,31.02,22.18,58.97,0.7763,-1,-1,-1
229,395,725.09,27.62,22.19,58.34,0.8053,-1,-1,-1
229,403,411.31,66.56,47.92,130.03,0.9169,-1,-1,-1
229,406,825.59,22.66,15.39,31.57,0.2686,-1,-1,-1
229,404,223.58,35.75,27.54,83.85,0.8027,-1,-1,-1
230,394,746.46,30.96,22.21,59.03,0.7772,-1,-1,-1
230,395,725.86,27.59,21.98,58.21,0.8259,-1,-1,-1
230,403,412.75,66.13,48.66,130.34,0.9068,-1,-1,-1
230,406,824.84,22.36,15.63,31.97,0.5003,-1,-1,-1
230,404,225.78,35.39,27.46,84.18,0.7985,-1,-1,-1
231,394,747.13,30.96,22.03,58.50,0.7666,-1,-1,-1
231,395,726.26,27.32,21.87,58.36,0.7970,-1,-1,-1
231,403,415.08,65.53,48.72,129.54,0.8989,-1,-1,-1
231,406,823.95,21.81,15.87,32.50,0.2811,-1,-1,-1
231,404,228.04,35.11,27.29,84.02,0.7905,-1,-1,-1
232,394,747.86,30.97,21.90,58.16,0.7661,-1,-1,-1
232,395,726.74,26.90,21.81,58.65,0.8119,-1,-1,-1
232,403,418.80,65.19,48.26,128.39,0.9191,-1,-1,-1
232,406,823.17,21.60,15.98,32.67,0.3594,-1,-1,-1
232,404,230.31,34.22,27.35,84.47,0.8045,-1,-1,-1
233,394,748.64,31.07,21.82,57.96,0.8181,-1,-1,-1
233,395,726.97,26.51,21.83,59.02,0.8130,-1,-1,-1
233,403,422.44,64.73,48.14,128.19,0.9127,-1,-1,-1
233,406,822.26,21.51,16.07,32.80,0.3836,-1,-1,-1
233,404,232.02,33.38,27.41,85.25,0.8350,-1,-1,-1
234,394,749.36,31.12,21.73,57.72,0.8276,-1,-1,-1
234,395,727.46,26.68,21.63,58.46,0.8384,-1,-1,-1
234,403,427.28,64.13,48.01,128.53,0.8912,-1,-1,-1
234,406,821.56,21.42,16.23,32.91,0.2029,-1,-1,-1
234,404,234.22,32.90,26.84,83.82,0.8215,-1,-1,-1
235,394,749.93,31.39,21.65,57.42,0.8464,-1,-1,-1
235,395,727.79,26.74,21.55,58.18,0.8576,-1,-1,-1
235,403,432.58,63.90,47.78,128.52,0.9130,-1,-1,-1
235,404,236.43,33.03,26.73,83.48,0.8052,-1,-1,-1
236,394,750.43,31.54,21.69,57.60,0.8369,-1,-1,-1
236,395,728.39,26.78,21.42,57.76,0.8422,-1,-1,-1
236,403,436.45,64.25,47.54,128.12,0.9306,-1,-1,-1
236,404,238.17,33.07,26.90,84.08,0.6940,-1,-1,-1
237,394,750.82,31.73,21.59,57.45,0.8535,-1,-1,-1
237,395,729.03,27.03,21.19,57.10,0.8408,-1,-1,-1
237,403,439.18,64.60,47.57,127.65,0.9260,-1,-1,-1
237,404,239.13,33.05,27.65,87.14,0.5320,-1,-1,-1
238,394,751.11,31.82,21.51,57.29,0.8550,-1,-1,-1
238,395,729.33,27.22,21.09,56.70,0.8273,-1,-1,-1
238,403,441.39,65.27,47.52,126.69,0.9153,-1,-1,-1
238,404,240.43,33.10,27.15,86.25,0.3847,-1,-1,-1
239,394,751.48,31.75,21.42,57.09,0.8539,-1,-1,-1
239,395,729.72,27.08,21.28,56.99,0.8141,-1,-1,-1
239,403,443.56,66.56,47.21,124.85,0.9061,-1,-1,-1
239,404,241.83,33.25,26.68,85.46,0.4515,-1,-1,-1
240,394,751.69,31.43,21.58,57.66,0.8583,-1,-1,-1
240,395,729.84,27.78,21.35,56.85,0.7672,-1,-1,-1
240,403,445.84,67.78,47.12,123.26,0.9190,-1,-1,-1
240,404,243.25,34.15,25.91,83.84,0.1193,-1,-1,-1
241,394,751.94,31.14,21.61,57.84,0.8368,-1,-1,-1
241,395,730.11,28.08,21.43,56.65,0.7767,-1,-1,-1
241,403,447.28,67.50,47.58,123.13,0.9214,-1,-1,-1
242,394,752.49,30.98,21.41,57.41,0.8026,-1,-1,-1
242,395,730.44,28.07,21.62,56.66,0.7428,-1,-1,-1
242,403,449.42,68.29,47.57,121.93,0.9141,-1,-1,-1
242,407,845.70,23.05,10.07,33.43,0.6147,-1,-1,-1
243,394,752.86,31.03,21.20,56.96,0.7699,-1,-1,-1
243,395,731.01,28.57,21.67,56.03,0.7640,-1,-1,-1
243,403,451.99,66.94,47.88,121.93,0.9008,-1,-1,-1
243,407,845.65,24.27,9.78,32.40,0.6684,-1,-1,-1
244,394,753.43,31.07,21.17,56.98,0.7853,-1,-1,-1
244,395,731.64,28.80,21.58,55.23,0.7486,-1,-1,-1
244,403,455.11,67.12,47.30,119.85,0.9129,-1,-1,-1
244,407,845.41,24.63,9.78,32.24,0.6276,-1,-1,-1
245,394,753.71,31.40,21.16,56.94,0.7646,-1,-1,-1
245,395,731.96,28.60,21.69,55.15,0.7235,-1,-1,-1
245,403,458.13,65.66,47.22,119.54,0.9136,-1,-1,-1
245,407,845.06,24.75,9.78,31.98,0.6356,-1,-1,-1
246,394,754.14,31.42,21.26,57.18,0.7600,-1,-1,-1
246,395,732.62,28.48,21.65,54.82,0.7366,-1,-1,-1
246,403,459.79,64.71,46.33,118.47,0.8898,-1,-1,-1
246,407,844.95,25.08,9.80,31.73,0.5970,-1,-1,-1
247,394,754.70,31.55,21.17,56.89,0.8258,-1,-1,-1
247,395,732.92,28.15,21.84,55.08,0.7306,-1,-1,-1
247,403,461.40,63.47,46.42,119.99,0.8851,-1,-1,-1
247,407,844.35,25.08,9.77,31.22,0.5631,-1,-1,-1
248,394,755.31,31.88,20.88,56.04,0.8155,-1,-1,-1
248,395,733.30,27.15,22.15,56.01,0.6037,-1,-1,-1
248,403,464.10,62.54,46.57,120.78,0.9007,-1,-1,-1
248,407,843.78,25.21,9.78,30.74,0.5142,-1,-1,-1
249,394,755.85,32.46,20.59,55.11,0.8333,-1,-1,-1
249,395,733.84,27.22,22.07,56.07,0.5144,-1,-1,-1
249,403,466.08,62.23,46.37,120.63,0.8933,-1,-1,-1
249,407,843.25,24.93,10.07,31.15,0.4832,-1,-1,-1
249,408,810.85,186.11,42.50,213.24,0.8402,-1,-1,-1
250,394,756.75,32.87,20.39,54.50,0.8210,-1,-1,-1
250,395,735.42,27.58,21.64,55.28,0.5486,-1,-1,-1
250,403,468.55,62.69,45.81,119.24,0.8835,-1,-1,-1
250,407,842.39,24.96,10.24,31.32,0.3500,-1,-1,-1
250,408,807.91,183.98,40.88,203.33,0.8472,-1,-1,-1
251,394,756.83,32.71,20.61,54.61,0.7803,-1,-1,-1
251,395,736.24,27.86,21.30,54.70,0.5177,-1,-1,-1
251,403,470.32,62.75,45.62,118.72,0.8748,-1,-1,-1
251,407,841.55,24.25,10.63,32.11,0.2137,-1,-1,-1
251,408,803.75,179.42,40.12,195.71,0.9101,-1,-1,-1
252,394,757.16,32.72,20.91,54.56,0.7431,-1,-1,-1
252,395,736.45,27.68,21.12,54.55,0.5255,-1,-1,-1
252,403,471.16,62.32,45.52,118.70,0.8814,-1,-1,-1
252,407,840.55,24.66,10.62,31.38,0.2296,-1,-1,-1
252,408,799.71,176.45,40.08,189.26,0.9067,-1,-1,-1
253,394,757.55,32.71,21.25,54.56,0.7815,-1,-1,-1
253,395,736.74,27.22,21.22,55.13,0.3863,-1,-1,-1
253,403,472.34,62.25,45.62,118.56,0.8982,-1,-1,-1
253,407,839.67,24.41,10.91,31.34,0.1288,-1,-1,-1
253,408,794.81,173.64,41.09,184.93,0.9284,-1,-1,-1
254,394,758.19,32.53,21.65,54.80,0.8046,-1,-1,-1
254,395,737.15,27.37,21.08,55.16,0.4145,-1,-1,-1
254,403,473.51,63.00,45.69,117.76,0.9075,-1,-1,-1
254,408,790.71,170.43,42.83,181.77,0.9335,-1,-1,-1
254,409,49.67,31.18,26.29,62.49,0.4248,-1,-1,-1
255,394,758.97,32.16,21.98,55.12,0.8368,-1,-1,-1
255,395,737.33,27.13,21.02,55.27,0.4437,-1,-1,-1
255,403,473.74,62.47,45.99,117.94,0.9105,-1,-1,-1
255,408,785.39,167.33,45.09,177.86,0.9488,-1,-1,-1
255,409,52.06,32.52,26.01,61.76,0.3177,-1,-1,-1
256,394,760.22,31.92,22.07,55.19,0.8356,-1,-1,-1
256,395,737.44,26.92,21.00,55.54,0.4305,-1,-1,-1
256,403,474.05,62.46,46.15,117.99,0.9005,-1,-1,-1
256,408,778.71,163.66,47.55,174.51,0.9480,-1,-1,-1
256,409,55.03,33.66,25.35,60.29,0.3207,-1,-1,-1
257,394,761.26,31.89,22.02,55.21,0.8412,-1,-1,-1
257,395,737.87,26.79,20.95,56.01,0.4867,-1,-1,-1
257,403,475.51,61.85,46.08,117.71,0.9073,-1,-1,-1
257,408,771.11,160.06,49.71,170.19,0.9325,-1,-1,-1
257,409,58.33,34.89,24.50,58.53,0.1824,-1,-1,-1
258,394,762.11,31.92,21.91,55.24,0.8214,-1,-1,-1
258,395,738.26,26.64,20.80,56.29,0.5060,-1,-1,-1
258,403,477.93,61.27,45.68,116.99,0.9060,-1,-1,-1
258,408,763.12,156.28,51.96,166.98,0.9401,-1,-1,-1
258,409,61.06,38.36,23.05,55.49,0.1111,-1,-1,-1
259,394,762.93,32.23,21.67,54.94,0.7772,-1,-1,-1
259,395,738.77,26.58,20.52,56.00,0.5314,-1,-1,-1
259,403,480.40,60.36,45.20,116.49,0.9159,-1,-1,-1
259,408,756.24,153.24,53.51,161.94,0.9436,-1,-1,-1
260,394,763.70,32.29,21.55,55.04,0.7744,-1,-1,-1
260,395,739.63,26.55,20.58,56.17,0.6327,-1,-1,-1
260,403,483.35,59.54,44.76,116.55,0.9182,-1,-1,-1
260,408,750.04,150.27,54.84,157.41,0.9376,-1,-1,-1
260,410,845.78,25.69,9.52,31.71,0.4294,-1,-1,-1
261,394,764.34,32.42,21.35,54.81,0.7823,-1,-1,-1
261,395,740.57,26.70,20.44,55.81,0.5881,-1,-1,-1
261,403,486.06,59.05,44.10,116.18,0.8939,-1,-1,-1
261,408,744.01,146.98,55.80,152.70,0.9305,-1,-1,-1
261,410,845.39,25.45,9.53,31.58,0.3362,-1,-1,-1
262,394,764.93,32.75,21.12,54.44,0.7507,-1,-1,-1
262,395,741.46,26.94,20.36,55.49,0.6674,-1,-1,-1
262,403,488.07,58.73,43.71,116.41,0.9119,-1,-1,-1
262,408,738.38,144.02,56.60,148.50,0.9089,-1,-1,-1
262,410,843.96,25.66,9.41,30.84,0.3181,-1,-1,-1
262,411,836.30,123.58,18.07,155.82,0.4500,-1,-1,-1
263,394,765.41,33.08,20.97,54.26,0.7737,-1,-1,-1
263,395,741.83,27.71,20.27,54.91,0.6234,-1,-1,-1
263,403,489.55,58.61,43.30,116.40,0.9083,-1,-1,-1
263,408,733.38,140.54,56.49,142.02,0.9266,-1,-1,-1
263,410,842.77,25.79,9.46,30.62,0.3562,-1,-1,-1
263,411,835.28,121.42,18.28,156.72,0.5852,-1,-1,-1
264,394,766.24,33.05,20.82,54.19,0.7688,-1,-1,-1
264,395,742.17,28.32,19.94,53.73,0.5915,-1,-1,-1
264,403,491.89,58.70,42.93,115.70,0.9075,-1,-1,-1
264,408,726.00,135.03,56.64,137.83,0.9131,-1,-1,-1
264,410,841.66,26.01,9.41,30.14,0.1831,-1,-1,-1
264,411,832.18,121.99,19.15,161.49,0.4575,-1,-1,-1
265,394,766.64,32.83,20.70,54.15,0.7960,-1,-1,-1
265,395,742.77,28.00,20.05,53.70,0.6429,-1,-1,-1
265,403,493.51,58.58,42.74,115.24,0.9083,-1,-1,-1
265,408,721.44,131.34,56.53,133.57,0.9108,-1,-1,-1
265,410,840.69,25.26,9.70,30.64,0.1904,-1,-1,-1
266,394,766.99,32.37,20.69,54.33,0.7787,-1,-1,-1
266,395,743.49,27.68,20.16,53.72,0.6607,-1,-1,-1
266,403,494.99,58.73,42.60,114.85,0.8918,-1,-1,-1
266,408,718.47,128.14,56.53,130.09,0.8635,-1,-1,-1
266,411,829.44,118.71,15.90,124.32,0.6217,-1,-1,-1
267,394,767.18,32.18,20.65,54.47,0.7682,-1,-1,-1
267,395,744.00,27.53,20.33,53.90,0.6324,-1,-1,-1
267,403,496.13,58.06,42.99,116.28,0.8991,-1,-1,-1
267,408,716.26,124.96,55.77,125.30,0.8740,-1,-1,-1
267,411,828.42,123.17,15.37,109.30,0.7096,-1,-1,-1
268,394,767.32,32.17,20.54,54.32,0.7744,-1,-1,-1
268,395,744.08,27.48,20.59,54.21,0.6621,-1,-1,-1
268,403,498.00,57.75,42.34,114.63,0.8982,-1,-1,-1
268,408,713.15,122.48,56.39,124.52,0.8627,-1,-1,-1
268,411,826.19,123.59,16.27,103.75,0.8132,-1,-1,-1
269,394,767.41,32.03,20.36,53.94,0.7761,-1,-1,-1
269,395,744.31,27.61,20.72,54.11,0.6878,-1,-1,-1
269,403,499.61,57.07,42.01,114.09,0.9105,-1,-1,-1
269,408,710.63,120.07,56.17,121.86,0.8667,-1,-1,-1
269,411,823.86,122.18,18.20,104.51,0.7176,-1,-1,-1
270,394,767.45,31.71,20.36,54.00,0.7219,-1,-1,-1
270,395,744.67,27.69,20.85,53.94,0.6850,-1,-1,-1
270,403,501.08,56.24,42.01,114.90,0.9134,-1,-1,-1
270,408,707.23,117.58,58.59,126.19,0.8062,-1,-1,-1
270,411,821.57,120.61,20.53,106.78,0.8544,-1,-1,-1
271,394,767.66,31.41,20.43,54.28,0.7679,-1,-1,-1
271,395,745.09,27.71,21.02,53.85,0.6807,-1,-1,-1
271,403,503.09,55.59,41.72,115.00,0.9044,-1,-1,-1
271,408,706.83,115.05,56.74,121.08,0.8308,-1,-1,-1
271,411,819.28,118.84,22.96,108.71,0.8742,-1,-1,-1
272,394,767.92,31.34,20.47,54.56,0.7863,-1,-1,-1
272,395,745.53,27.59,21.18,53.90,0.6801,-1,-1,-1
272,403,505.36,55.12,40.92,113.99,0.8981,-1,-1,-1
272,408,704.94,112.94,57.15,121.50,0.8601,-1,-1,-1
272,411,817.08,117.01,25.33,109.68,0.8897,-1,-1,-1
272,413,6.80,156.54,22.15,171.67,0.7360,-1,-1,-1
273,394,768.32,31.41,20.45,54.59,0.7795,-1,-1,-1
273,395,746.14,27.13,21.47,54.22,0.6797,-1,-1,-1
273,403,506.98,54.22,40.56,114.75,0.9005,-1,-1,-1
273,408,703.50,110.94,56.89,120.78,0.8934,-1,-1,-1
273,411,814.58,115.26,28.09,112.07,0.8980,-1,-1,-1
273,413,12.24,145.46,23.73,179.69,0.8662,-1,-1,-1
274,394,768.59,31.57,20.29,54.24,0.7502,-1,-1,-1
274,395,746.62,26.84,21.63,54.34,0.6579,-1,-1,-1
274,403,508.76,53.61,40.01,114.71,0.9123,-1,-1,-1
274,408,702.07,108.69,56.69,120.52,0.9108,-1,-1,-1
274,411,812.55,113.39,30.43,112.39,0.9075,-1,-1,-1
274,413,17.32,142.37,25.25,183.01,0.8720,-1,-1,-1
275,394,769.05,31.80,20.12,53.63,0.7152,-1,-1,-1
275,395,747.28,26.70,21.61,54.17,0.6689,-1,-1,-1
275,403,510.36,53.40,39.20,113.76,0.9202,-1,-1,-1
275,408,700.30,106.44,57.42,122.63,0.9028,-1,-1,-1
275,411,810.45,112.01,32.97,113.55,0.9027,-1,-1,-1
275,413,20.20,141.93,26.84,183.13,0.9003,-1,-1,-1
276,394,769.60,31.88,20.03,53.37,0.6142,-1,-1,-1
276,395,748.00,26.49,21.60,54.17,0.5596,-1,-1,-1
276,403,511.61,52.82,38.72,113.64,0.9199,-1,-1,-1
276,408,698.61,104.36,58.24,125.41,0.9001,-1,-1,-1
276,411,808.51,110.38,35.06,112.83,0.9040,-1,-1,-1
276,413,20.78,141.69,28.52,181.68,0.9231,-1,-1,-1
277,394,769.82,31.94,20.03,53.28,0.6672,-1,-1,-1
277,395,748.71,26.47,21.46,53.94,0.6328,-1,-1,-1
277,403,512.94,52.81,38.12,112.60,0.9212,-1,-1,-1
277,408,697.36,102.83,57.78,125.53,0.8898,-1,-1,-1
277,411,806.36,108.99,37.24,112.68,0.8951,-1,-1,-1
277,413,20.25,140.82,30.50,180.74,0.9282,-1,-1,-1
278,394,770.34,32.05,20.04,53.21,0.6672,-1,-1,-1
278,395,749.52,26.41,21.38,53.83,0.6579,-1,-1,-1
278,403,514.65,53.22,37.68,111.43,0.9036,-1,-1,-1
278,408,696.06,101.12,58.22,127.94,0.8972,-1,-1,-1
278,411,802.75,107.60,39.91,114.54,0.8660,-1,-1,-1
278,413,18.72,139.47,33.58,186.41,0.9211,-1,-1,-1
279,394,770.76,32.11,20.18,53.27,0.6298,-1,-1,-1
279,395,750.04,26.31,21.33,53.93,0.5699,-1,-1,-1
279,403,515.72,53.74,37.45,110.36,0.8944,-1,-1,-1
279,408,695.44,99.58,57.13,126.55,0.8999,-1,-1,-1
279,411,800.23,106.49,41.22,112.73,0.8759,-1,-1,-1
279,413,16.77,137.02,36.59,191.54,0.9118,-1,-1,-1
280,394,771.29,32.17,20.33,53.20,0.6975,-1,-1,-1
280,395,750.59,26.53,20.99,53.15,0.6565,-1,-1,-1
280,403,516.43,54.14,37.51,109.82,0.8931,-1,-1,-1
280,408,695.18,98.31,55.26,123.05,0.9034,-1,-1,-1
280,411,798.34,105.27,42.47,111.37,0.8962,-1,-1,-1
280,413,17.16,134.67,38.83,193.99,0.9222,-1,-1,-1
281,394,771.58,32.21,20.60,53.36,0.7155,-1,-1,-1
281,395,750.92,27.26,20.67,52.49,0.6657,-1,-1,-1
281,403,517.23,54.05,37.93,109.95,0.9149,-1,-1,-1
281,408,695.11,97.05,53.57,119.72,0.9014,-1,-1,-1
281,411,796.51,103.90,43.81,110.84,0.8994,-1,-1,-1
281,413,21.32,132.38,40.62,193.67,0.9401,-1,-1,-1
282,394,772.38,32.30,20.65,53.20,0.6118,-1,-1,-1
282,395,751.17,27.03,20.88,53.28,0.6300,-1,-1,-1
282,403,517.96,53.94,38.38,110.01,0.9075,-1,-1,-1
282,408,694.60,95.55,52.55,117.65,0.9063,-1,-1,-1
282,411,795.43,102.79,44.89,110.10,0.9114,-1,-1,-1
282,413,27.13,130.29,42.69,194.00,0.9308,-1,-1,-1
283,394,773.23,32.29,20.67,53.10,0.5653,-1,-1,-1
283,395,751.55,27.12,20.89,53.58,0.6232,-1,-1,-1
283,403,518.59,54.08,38.78,110.32,0.8951,-1,-1,-1
283,408,694.24,94.11,52.05,116.87,0.9102,-1,-1,-1
283,411,794.21,101.57,46.03,110.06,0.9082,-1,-1,-1
283,413,34.84,128.88,44.68,192.84,0.9359,-1,-1,-1
284,394,774.59,32.37,20.53,52.53,0.4526,-1,-1,-1
284,395,752.16,27.29,20.66,53.25,0.6481,-1,-1,-1
284,403,519.71,53.22,38.93,110.19,0.8912,-1,-1,-1
284,408,693.54,92.79,51.86,116.75,0.9087,-1,-1,-1
284,411,793.25,100.75,46.81,109.37,0.8955,-1,-1,-1
284,413,44.99,128.61,47.72,191.53,0.9426,-1,-1,-1
285,394,775.70,32.08,20.60,52.79,0.3593,-1,-1,-1
285,395,752.87,27.28,20.49,53.23,0.5714,-1,-1,-1
285,403,521.86,52.76,38.80,109.46,0.8947,-1,-1,-1
285,408,692.72,91.74,51.90,117.11,0.9038,-1,-1,-1
285,411,792.58,99.58,47.47,108.82,0.8871,-1,-1,-1
285,413,54.19,128.77,51.39,190.35,0.9346,-1,-1,-1
286,394,776.44,31.79,20.63,53.05,0.3417,-1,-1,-1
286,395,753.39,26.92,20.46,53.60,0.5976,-1,-1,-1
286,403,523.80,52.34,38.74,108.95,0.8817,-1,-1,-1
286,408,692.14,90.43,51.86,117.18,0.8948,-1,-1,-1
286,411,792.08,98.97,47.85,107.80,0.8738,-1,-1,-1
286,413,60.35,129.32,55.26,189.12,0.9278,-1,-1,-1
287,394,777.07,31.78,20.37,52.81,0.4350,-1,-1,-1
287,395,754.09,26.92,20.15,53.13,0.6748,-1,-1,-1
287,403,525.95,51.97,38.63,108.60,0.8823,-1,-1,-1
287,408,692.36,89.15,51.08,115.60,0.9009,-1,-1,-1
287,411,791.24,98.31,48.62,107.90,0.8790,-1,-1,-1
287,413,64.22,130.01,59.11,187.33,0.9347,-1,-1,-1
288,394,778.07,32.21,19.98,52.14,0.6289,-1,-1,-1
288,395,754.86,26.70,20.17,53.32,0.6368,-1,-1,-1
288,403,530.24,51.53,38.52,108.78,0.9170,-1,-1,-1
288,408,691.86,87.37,51.04,115.61,0.8961,-1,-1,-1
288,411,791.12,96.79,48.69,106.75,0.8606,-1,-1,-1
288,413,66.95,129.32,62.47,186.11,0.9385,-1,-1,-1
289,394,778.68,32.43,19.65,51.66,0.6886,-1,-1,-1
289,395,755.30,26.63,20.08,53.13,0.7805,-1,-1,-1
289,403,532.87,51.36,38.53,108.84,0.9238,-1,-1,-1
289,408,691.93,86.20,50.39,114.05,0.8927,-1,-1,-1
289,411,791.20,95.70,48.93,106.16,0.8479,-1,-1,-1
289,413,70.35,128.33,64.45,183.49,0.9232,-1,-1,-1
290,394,779.10,32.53,19.35,51.20,0.6931,-1,-1,-1
290,395,755.61,26.61,20.08,53.08,0.7975,-1,-1,-1
290,403,534.72,51.98,38.41,107.82,0.9242,-1,-1,-1
290,408,692.12,84.96,49.95,113.04,0.8722,-1,-1,-1
290,411,792.18,95.02,48.41,104.05,0.7915,-1,-1,-1
290,413,76.77,127.29,64.74,180.28,0.9298,-1,-1,-1
291,394,779.56,32.49,19.24,51.21,0.7166,-1,-1,-1
291,395,755.93,26.76,20.01,52.79,0.8010,-1,-1,-1
291,403,535.99,52.11,38.54,107.22,0.9164,-1,-1,-1
291,408,692.44,84.08,49.50,111.84,0.8814,-1,-1,-1
291,411,793.17,94.05,48.26,102.87,0.8389,-1,-1,-1
291,413,80.55,125.09,65.50,180.50,0.9281,-1,-1,-1
292,394,779.78,32.29,19.27,51.38,0.7936,-1,-1,-1
292,395,756.18,26.98,20.06,52.61,0.8210,-1,-1,-1
292,403,536.97,52.17,38.87,107.03,0.9068,-1,-1,-1
292,408,692.87,83.57,49.01,110.41,0.8615,-1,-1,-1
292,411,795.14,93.08,46.89,99.19,0.8444,-1,-1,-1
292,413,83.41,122.51,66.16,182.07,0.9302,-1,-1,-1
293,394,780.18,32.11,19.29,51.56,0.8064,-1,-1,-1
293,395,756.50,27.26,20.03,52.22,0.7658,-1,-1,-1
293,403,537.91,52.24,39.21,106.89,0.9085,-1,-1,-1
293,408,693.27,82.53,48.66,109.11,0.8660,-1,-1,-1
293,411,796.38,91.96,46.72,98.49,0.8662,-1,-1,-1
293,413,87.70,120.38,66.89,183.29,0.9384,-1,-1,-1
294,394,780.50,31.98,19.27,51.64,0.8088,-1,-1,-1
294,395,756.88,27.54,20.02,51.92,0.7462,-1,-1,-1
294,403,538.58,52.40,39.69,107.10,0.9190,-1,-1,-1
294,408,693.84,81.68,47.97,106.88,0.8635,-1,-1,-1
294,411,796.81,91.01,46.85,98.36,0.8630,-1,-1,-1
294,413,93.33,118.81,68.35,185.36,0.9476,-1,-1,-1
295,394,780.81,31.81,19.05,51.20,0.8213,-1,-1,-1
295,395,757.46,27.87,20.14,51.80,0.7867,-1,-1,-1
295,403,539.52,52.15,39.66,106.17,0.9158,-1,-1,-1
295,408,694.38,80.77,47.26,104.50,0.8726,-1,-1,-1
295,411,797.55,90.00,47.05,98.76,0.8704,-1,-1,-1
295,413,99.60,117.90,69.78,186.55,0.9471,-1,-1,-1
296,394,781.20,31.48,19.08,51.31,0.8484,-1,-1,-1
296,395,757.83,28.08,20.22,51.52,0.7722,-1,-1,-1
296,403,540.39,51.48,39.86,106.12,0.9208,-1,-1,-1
296,408,695.67,80.15,45.78,100.09,0.8643,-1,-1,-1
296,411,797.86,89.18,47.96,100.82,0.8461,-1,-1,-1
296,413,106.01,118.08,71.05,186.87,0.9578,-1,-1,-1
297,394,781.52,31.04,19.18,51.62,0.8613,-1,-1,-1
297,395,758.26,28.19,20.48,51.49,0.7624,-1,-1,-1
297,403,541.71,50.65,39.58,105.29,0.9086,-1,-1,-1
297,408,696.65,79.43,45.07,97.45,0.8612,-1,-1,-1
297,411,799.48,88.37,47.33,99.63,0.8628,-1,-1,-1
297,413,112.26,118.57,72.23,186.59,0.9507,-1,-1,-1
298,394,781.86,30.65,19.34,52.12,0.8598,-1,-1,-1
298,395,758.35,28.06,20.76,51.62,0.7714,-1,-1,-1
298,403,542.95,50.34,39.23,104.57,0.9104,-1,-1,-1
298,408,697.84,78.52,44.48,95.18,0.8498,-1,-1,-1
298,411,801.95,87.72,46.13,97.57,0.8873,-1,-1,-1
298,413,118.62,118.71,73.64,186.97,0.9522,-1,-1,-1
299,394,782.14,30.55,19.42,52.47,0.8577,-1,-1,-1
299,395,758.65,28.00,20.96,51.63,0.7642,-1,-1,-1
299,403,544.07,50.20,38.86,103.95,0.9062,-1,-1,-1
299,408,698.83,77.92,44.27,93.93,0.8487,-1,-1,-1
299,411,803.30,87.10,45.84,97.56,0.8825,-1,-1,-1
299,413,123.89,118.76,75.07,187.60,0.9597,-1,-1,-1
300,394,782.35,30.83,19.34,52.41,0.8498,-1,-1,-1
300,395,759.23,27.93,21.11,51.54,0.7802,-1,-1,-1
300,403,545.04,50.14,38.37,103.29,0.9155,-1,-1,-1
300,408,699.21,77.47,44.50,93.72,0.8455,-1,-1,-1
300,411,804.43,86.14,45.73,98.16,0.8564,-1,-1,-1
300,413,127.29,118.46,76.23,187.58,0.9545,-1,-1,-1
301,394,782.62,31.47,19.10,51.81,0.8253,-1,-1,-1
301,395,759.89,27.95,21.02,51.04,0.7498,-1,-1,-1
301,403,546.08,50.52,37.71,102.47,0.9150,-1,-1,-1
301,408,699.87,76.91,45.05,94.39,0.8404,-1,-1,-1
301,411,805.87,85.37,45.64,98.99,0.8622,-1,-1,-1
301,413,130.94,117.82,76.45,186.59,0.9490,-1,-1,-1
302,394,783.18,32.14,18.80,50.95,0.8008,-1,-1,-1
302,395,760.58,27.89,20.97,50.80,0.6848,-1,-1,-1
302,403,547.56,50.43,37.13,102.31,0.9042,-1,-1,-1
302,408,700.43,75.89,46.16,96.73,0.8335,-1,-1,-1
302,411,806.41,84.30,45.77,99.98,0.8716,-1,-1,-1
302,413,135.99,116.86,75.27,183.28,0.9338,-1,-1,-1
303,394,783.97,32.69,18.73,50.43,0.7892,-1,-1,-1
303,395,761.04,27.87,20.92,50.68,0.6918,-1,-1,-1
303,403,548.75,50.05,36.61,102.01,0.8912,-1,-1,-1
303,408,701.52,75.08,46.59,97.55,0.8432,-1,-1,-1
303,411,807.35,83.63,45.76,100.89,0.8634,-1,-1,-1
303,413,141.86,115.57,72.24,176.77,0.9382,-1,-1,-1
304,394,784.43,33.48,18.67,49.83,0.7447,-1,-1,-1
304,395,761.65,27.84,20.84,50.52,0.6569,-1,-1,-1
304,403,550.24,50.02,36.07,101.30,0.8753,-1,-1,-1
304,408,703.48,73.96,45.67,95.48,0.8551,-1,-1,-1
304,411,809.59,82.75,44.55,99.20,0.8757,-1,-1,-1
304,413,146.10,113.62,70.49,174.60,0.9202,-1,-1,-1
305,394,784.88,34.05,18.63,49.10,0.7387,-1,-1,-1
305,395,762.19,27.93,20.72,50.53,0.6424,-1,-1,-1
305,403,551.18,50.79,35.66,99.94,0.8832,-1,-1,-1
305,408,704.27,72.50,46.28,97.13,0.8812,-1,-1,-1
305,411,811.28,82.30,43.69,98.22,0.8580,-1,-1,-1
305,413,150.64,111.84,68.90,173.46,0.9298,-1,-1,-1
306,394,785.45,34.81,18.58,48.10,0.7067,-1,-1,-1
306,395,762.96,27.96,20.43,50.37,0.6534,-1,-1,-1
306,403,551.56,50.34,35.86,100.27,0.8770,-1,-1,-1
306,408,706.16,71.70,45.73,96.39,0.8802,-1,-1,-1
306,411,812.72,81.96,43.15,97.55,0.8296,-1,-1,-1
306,413,155.89,109.79,68.96,176.43,0.9366,-1,-1,-1
307,394,785.96,35.07,18.86,47.63,0.7249,-1,-1,-1
307,395,763.42,27.86,20.24,50.49,0.5769,-1,-1,-1
307,403,552.06,50.62,35.91,99.72,0.8821,-1,-1,-1
307,408,708.56,71.37,44.99,95.46,0.8796,-1,-1,-1
307,411,813.38,81.41,42.98,97.50,0.8684,-1,-1,-1
307,413,162.32,108.67,68.52,176.91,0.9410,-1,-1,-1
308,394,786.42,35.48,19.06,47.18,0.7149,-1,-1,-1
308,395,763.80,28.00,19.86,50.09,0.5038,-1,-1,-1
308,403,553.22,51.05,36.10,99.37,0.8647,-1,-1,-1
308,408,710.73,70.43,44.64,95.33,0.8782,-1,-1,-1
308,411,814.67,80.98,42.48,97.05,0.8534,-1,-1,-1
308,413,168.85,108.10,67.94,175.83,0.9234,-1,-1,-1
309,394,786.97,35.39,19.44,47.26,0.7269,-1,-1,-1
309,395,764.25,28.09,19.59,49.88,0.5281,-1,-1,-1
309,403,554.10,50.57,36.65,99.89,0.8657,-1,-1,-1
309,408,713.01,69.73,44.03,94.71,0.8791,-1,-1,-1
309,411,815.96,80.61,41.88,96.65,0.8311,-1,-1,-1
309,413,177.23,107.72,68.33,175.08,0.9318,-1,-1,-1
309,415,5.27,57.46,32.61,101.74,0.6864,-1,-1,-1
310,394,787.32,35.02,19.79,47.48,0.6937,-1,-1,-1
310,395,764.69,28.29,19.44,50.03,0.5237,-1,-1,-1
310,403,555.82,49.56,37.35,100.44,0.8340,-1,-1,-1
310,408,715.22,68.87,43.90,95.03,0.8763,-1,-1,-1
310,411,816.63,80.34,41.31,96.38,0.8476,-1,-1,-1
310,413,185.81,108.06,69.01,173.39,0.9400,-1,-1,-1
310,415,11.13,57.58,32.60,101.57,0.6326,-1,-1,-1
311,394,787.80,34.65,20.03,47.46,0.6317,-1,-1,-1
311,395,764.96,28.54,19.23,49.97,0.4229,-1,-1,-1
311,403,558.55,48.62,37.69,100.68,0.8163,-1,-1,-1
311,408,717.82,68.74,43.47,94.81,0.8943,-1,-1,-1
311,411,817.40,79.96,40.68,95.89,0.8575,-1,-1,-1
311,413,191.22,108.62,70.50,172.80,0.9303,-1,-1,-1
311,415,16.55,57.85,32.76,101.41,0.7734,-1,-1,-1
312,394,788.48,33.83,20.46,47.94,0.6478,-1,-1,-1
312,395,766.03,28.36,19.16,50.00,0.5525,-1,-1,-1
312,403,563.99,48.26,38.00,100.43,0.9026,-1,-1,-1
312,408,721.69,67.50,43.27,95.11,0.8955,-1,-1,-1
312,411,819.27,79.47,39.21,93.66,0.8248,-1,-1,-1
312,413,194.33,108.63,71.67,171.22,0.9379,-1,-1,-1
312,415,22.25,58.29,32.66,100.37,0.8061,-1,-1,-1
313,394,788.86,33.13,20.99,48.63,0.5924,-1,-1,-1
313,395,766.63,28.29,19.16,50.16,0.5314,-1,-1,-1
313,403,567.27,48.23,37.86,99.83,0.9206,-1,-1,-1
313,408,724.83,66.77,42.30,93.66,0.8737,-1,-1,-1
313,411,820.27,78.73,37.89,91.37,0.7957,-1,-1,-1
313,413,195.44,108.31,72.38,170.10,0.9319,-1,-1,-1
313,415,25.41,58.33,32.48,99.60,0.8375,-1,-1,-1
314,394,789.07,32.48,21.43,49.06,0.5517,-1,-1,-1
314,395,767.02,28.22,19.04,50.02,0.5298,-1,-1,-1
314,403,569.48,48.08,37.80,100.23,0.9050,-1,-1,-1
314,408,727.50,66.69,41.39,91.92,0.8350,-1,-1,-1
314,411,821.69,78.22,36.45,88.90,0.7326,-1,-1,-1
314,413,199.39,107.91,71.88,167.69,0.9037,-1,-1,-1
314,415,28.18,57.68,32.02,98.15,0.7997,-1,-1,-1
315,394,789.13,32.37,21.76,49.28,0.5780,-1,-1,-1
315,395,767.48,28.20,18.94,49.93,0.5263,-1,-1,-1
315,403,570.76,48.11,37.62,100.17,0.8989,-1,-1,-1
315,408,729.96,66.27,40.53,89.97,0.8405,-1,-1,-1
315,411,823.79,77.61,34.52,85.36,0.7635,-1,-1,-1
315,413,204.38,106.94,71.11,165.97,0.9198,-1,-1,-1
315,415,31.60,57.08,31.62,97.10,0.7750,-1,-1,-1
316,394,788.88,31.48,22.35,50.11,0.5423,-1,-1,-1
316,395,767.80,27.33,19.32,51.03,0.2073,-1,-1,-1
316,403,571.73,48.25,37.42,99.60,0.9017,-1,-1,-1
316,408,733.13,66.30,39.45,87.65,0.8414,-1,-1,-1
316,411,825.31,76.97,33.19,83.37,0.7812,-1,-1,-1
316,413,211.71,104.91,70.48,165.14,0.9237,-1,-1,-1
316,415,34.23,56.21,31.20,96.70,0.8235,-1,-1,-1
317,394,788.88,31.57,22.51,50.12,0.5782,-1,-1,-1
317,395,768.05,26.83,19.46,51.58,0.1805,-1,-1,-1
317,403,572.94,48.53,37.14,98.49,0.9063,-1,-1,-1
317,408,735.61,66.09,38.92,86.48,0.8473,-1,-1,-1
317,411,826.26,76.81,32.43,82.89,0.7324,-1,-1,-1
317,413,219.97,103.34,69.55,164.33,0.9392,-1,-1,-1
317,415,36.78,54.85,31.67,99.22,0.8425,-1,-1,-1
318,394,788.75,31.27,22.79,50.49,0.6271,-1,-1,-1
318,395,768.22,26.52,19.49,51.85,0.1411,-1,-1,-1
318,403,573.80,48.55,37.28,98.09,0.9151,-1,-1,-1
318,408,738.18,65.49,38.33,85.11,0.8383,-1,-1,-1
318,411,825.77,76.04,33.22,86.47,0.7621,-1,-1,-1
318,413,226.89,101.70,68.89,164.95,0.9393,-1,-1,-1
318,415,40.73,53.52,31.36,98.95,0.8008,-1,-1,-1
319,394,788.92,31.00,22.93,50.78,0.6607,-1,-1,-1
319,395,768.52,26.36,19.50,52.03,0.1034,-1,-1,-1
319,403,574.59,48.72,37.67,98.19,0.9226,-1,-1,-1
319,408,740.50,65.20,37.59,83.31,0.7961,-1,-1,-1
319,411,825.51,75.75,33.41,88.44,0.7748,-1,-1,-1
319,413,231.44,99.92,68.42,166.06,0.9235,-1,-1,-1
319,415,44.20,52.27,31.77,100.73,0.8475,-1,-1,-1
320,394,789.52,31.38,22.58,50.04,0.7038,-1,-1,-1
320,403,575.44,48.62,38.18,98.60,0.9219,-1,-1,-1
320,408,742.63,65.23,36.91,81.57,0.8053,-1,-1,-1
320,411,825.67,76.04,33.19,89.36,0.8156,-1,-1,-1
320,413,236.06,99.15,68.14,166.93,0.9202,-1,-1,-1
320,415,47.05,51.67,32.22,102.76,0.8349,-1,-1,-1
321,394,789.91,31.52,22.18,49.12,0.6923,-1,-1,-1
321,403,576.02,48.19,38.66,99.07,0.9123,-1,-1,-1
321,408,744.86,65.10,36.44,80.21,0.7721,-1,-1,-1
321,411,826.49,76.08,32.29,88.46,0.7352,-1,-1,-1
321,413,240.68,98.98,67.58,166.70,0.9311,-1,-1,-1
321,415,50.48,51.64,31.90,101.84,0.6890,-1,-1,-1
322,394,789.81,31.22,22.30,49.38,0.6787,-1,-1,-1
322,403,577.58,47.85,38.57,98.36,0.9024,-1,-1,-1
322,408,747.04,65.46,35.96,78.55,0.7655,-1,-1,-1
322,411,826.84,75.27,32.11,89.65,0.7516,-1,-1,-1
322,413,245.09,98.86,67.64,167.79,0.9431,-1,-1,-1
322,415,53.43,51.67,32.99,104.46,0.6197,-1,-1,-1
323,394,790.11,30.96,22.34,49.67,0.7137,-1,-1,-1
323,403,579.45,47.67,38.45,98.47,0.8925,-1,-1,-1
323,408,749.30,66.98,35.40,76.82,0.6412,-1,-1,-1
323,411,827.61,74.68,31.44,89.55,0.7931,-1,-1,-1
323,413,248.95,99.16,67.48,167.88,0.9425,-1,-1,-1
323,415,57.66,51.82,33.44,102.52,0.7086,-1,-1,-1
324,394,790.40,30.70,22.45,50.21,0.7241,-1,-1,-1
324,403,581.58,47.16,38.06,98.09,0.8939,-1,-1,-1
324,408,751.95,66.09,34.13,73.09,0.6807,-1,-1,-1
324,411,828.26,74.43,30.75,89.33,0.7917,-1,-1,-1
324,413,252.40,99.64,67.34,167.39,0.9342,-1,-1,-1
324,415,59.92,52.10,34.74,103.20,0.5720,-1,-1,-1
325,394,790.87,30.32,22.52,50.80,0.7640,-1,-1,-1
325,403,583.85,46.94,37.41,97.32,0.9002,-1,-1,-1
325,408,753.73,66.27,33.70,71.28,0.5405,-1,-1,-1
325,411,829.29,75.67,29.58,87.63,0.6883,-1,-1,-1
325,413,255.19,99.34,67.44,167.15,0.9329,-1,-1,-1
325,415,62.12,51.65,35.47,101.79,0.1428,-1,-1,-1
326,394,791.31,30.08,22.40,50.90,0.7899,-1,-1,-1
326,403,586.05,47.01,36.93,96.85,0.8971,-1,-1,-1
326,408,753.86,63.94,36.34,76.78,0.6140,-1,-1,-1
326,411,831.02,81.79,26.94,80.72,0.7000,-1,-1,-1
326,413,259.44,99.20,66.86,165.50,0.9321,-1,-1,-1
326,415,63.06,51.99,37.02,102.42,0.2432,-1,-1,-1
327,394,791.92,29.95,22.16,50.70,0.7573,-1,-1,-1
327,403,587.35,47.57,36.48,96.42,0.8960,-1,-1,-1
327,408,756.35,64.50,35.79,74.99,0.5871,-1,-1,-1
327,411,833.16,86.29,24.45,74.21,0.5753,-1,-1,-1
327,413,264.84,98.73,65.47,162.16,0.9368,-1,-1,-1
327,415,65.30,52.06,37.43,100.01,0.2522,-1,-1,-1
328,394,792.53,30.13,21.79,50.27,0.7722,-1,-1,-1
328,403,588.46,48.07,36.03,96.05,0.8930,-1,-1,-1
328,408,757.82,62.25,37.60,78.97,0.6294,-1,-1,-1
328,411,833.89,87.07,23.73,73.07,0.6798,-1,-1,-1
328,413,271.32,97.51,62.86,155.72,0.9399,-1,-1,-1
328,415,69.16,51.34,37.50,97.97,0.1213,-1,-1,-1
329,394,793.07,30.80,21.34,49.56,0.7186,-1,-1,-1
329,403,589.80,48.83,35.49,94.78,0.8961,-1,-1,-1
329,408,760.35,61.73,36.52,76.31,0.5766,-1,-1,-1
329,411,834.88,86.18,23.23,73.04,0.6553,-1,-1,-1
329,413,276.40,95.87,61.56,153.14,0.9309,-1,-1,-1
329,415,77.09,50.52,36.03,95.77,0.3547,-1,-1,-1
330,394,793.53,31.36,21.02,49.23,0.6569,-1,-1,-1
330,403,590.95,49.04,35.27,94.01,0.8910,-1,-1,-1
330,408,761.33,61.11,37.57,78.59,0.6534,-1,-1,-1
330,411,835.84,85.10,23.00,74.37,0.6348,-1,-1,-1
330,413,280.70,93.68,61.83,155.33,0.9217,-1,-1,-1
330,415,83.05,49.63,34.09,93.14,0.3939,-1,-1,-1
331,394,794.40,31.78,20.56,48.56,0.6682,-1,-1,-1
331,403,591.73,49.14,35.30,93.55,0.8980,-1,-1,-1
331,408,762.72,61.36,37.24,77.85,0.6220,-1,-1,-1
331,411,836.87,85.73,21.92,72.74,0.5596,-1,-1,-1
331,413,285.22,91.90,61.82,157.13,0.9338,-1,-1,-1
331,415,87.02,48.69,32.81,92.12,0.4706,-1,-1,-1
332,394,795.11,32.41,20.19,47.98,0.6732,-1,-1,-1
332,403,592.48,49.12,35.56,93.45,0.9053,-1,-1,-1
332,408,763.96,61.26,37.48,78.53,0.6363,-1,-1,-1
332,411,838.31,86.07,21.00,72.15,0.4353,-1,-1,-1
332,413,289.98,90.86,60.90,156.76,0.9342,-1,-1,-1
332,415,90.90,47.57,31.79,91.46,0.6493,-1,-1,-1
333,394,796.08,32.65,19.88,47.72,0.6956,-1,-1,-1
333,403,593.67,48.74,36.10,93.88,0.8902,-1,-1,-1
333,408,765.19,60.99,38.21,80.65,0.5895,-1,-1,-1
333,411,839.21,84.68,20.43,72.88,0.3965,-1,-1,-1
333,413,294.31,90.42,59.77,155.36,0.9315,-1,-1,-1
333,415,94.15,47.20,31.82,93.66,0.7127,-1,-1,-1
334,394,797.00,32.73,19.63,47.50,0.6578,-1,-1,-1
334,403,594.38,49.06,36.41,93.48,0.9026,-1,-1,-1
334,408,766.80,60.71,37.90,80.47,0.5185,-1,-1,-1
334,411,839.83,83.30,19.94,73.93,0.3463,-1,-1,-1
334,413,298.65,90.18,59.31,154.98,0.9321,-1,-1,-1
334,415,97.79,47.30,31.20,93.28,0.7971,-1,-1,-1
335,394,797.43,32.45,19.80,48.37,0.5658,-1,-1,-1
335,403,595.15,48.98,37.02,93.59,0.9086,-1,-1,-1
335,408,767.89,60.59,37.66,80.55,0.4670,-1,-1,-1
335,411,840.41,82.46,19.41,74.92,0.2862,-1,-1,-1
335,413,302.87,90.40,59.71,154.57,0.9271,-1,-1,-1
335,415,101.30,47.46,31.19,93.52,0.8678,-1,-1,-1
336,394,798.21,32.11,19.50,47.96,0.5495,-1,-1,-1
336,403,599.41,48.45,37.28,93.60,0.8855,-1,-1,-1
336,408,771.22,60.02,36.32,78.06,0.6336,-1,-1,-1
336,413,305.82,91.02,59.89,152.74,0.9265,-1,-1,-1
336,415,105.40,47.51,31.27,92.81,0.7967,-1,-1,-1
337,394,798.75,32.12,19.30,47.86,0.5018,-1,-1,-1
337,403,602.41,48.07,37.56,94.02,0.8781,-1,-1,-1
337,408,773.58,60.02,35.08,75.79,0.6360,-1,-1,-1
337,413,307.36,91.34,60.36,151.73,0.9256,-1,-1,-1
337,415,108.06,47.67,31.01,91.76,0.8524,-1,-1,-1
338,394,799.36,31.69,18.76,46.65,0.3977,-1,-1,-1
338,403,605.63,48.13,37.38,93.75,0.8813,-1,-1,-1
338,408,776.19,60.83,33.88,73.53,0.5446,-1,-1,-1
338,413,310.48,91.16,60.26,149.28,0.9240,-1,-1,-1
338,415,110.63,47.56,30.83,91.19,0.7962,-1,-1,-1
339,394,800.06,31.56,17.71,43.74,0.3836,-1,-1,-1
339,403,609.24,48.18,36.85,93.32,0.9004,-1,-1,-1
339,408,778.14,61.93,33.33,72.24,0.5989,-1,-1,-1
339,413,314.72,90.73,59.93,146.85,0.9173,-1,-1,-1
339,415,113.22,47.53,30.64,90.78,0.5745,-1,-1,-1
340,394,800.65,31.44,16.95,41.41,0.2306,-1,-1,-1
340,403,612.19,48.49,36.45,93.20,0.9110,-1,-1,-1
340,408,779.41,60.76,33.79,73.64,0.6178,-1,-1,-1
340,413,320.58,89.50,59.17,144.32,0.9018,-1,-1,-1
340,415,115.87,46.56,30.49,90.91,0.5920,-1,-1,-1
341,394,801.14,31.48,16.29,39.19,0.1522,-1,-1,-1
341,403,614.10,48.75,36.12,92.76,0.8925,-1,-1,-1
341,408,780.78,58.99,34.39,75.38,0.6134,-1,-1,-1
341,413,325.86,88.29,58.87,143.79,0.9083,-1,-1,-1
341,415,118.56,45.81,30.31,91.78,0.3488,-1,-1,-1
342,403,615.68,49.03,36.03,92.34,0.8947,-1,-1,-1
342,408,782.68,58.04,34.38,75.56,0.7097,-1,-1,-1
342,413,331.38,86.08,58.79,144.78,0.9226,-1,-1,-1
342,415,122.63,45.01,30.21,92.53,0.3095,-1,-1,-1
343,403,616.95,49.79,35.95,91.43,0.9057,-1,-1,-1
343,408,784.31,57.68,34.22,75.45,0.7293,-1,-1,-1
343,413,335.26,84.25,58.80,145.70,0.9384,-1,-1,-1
343,415,128.23,43.28,30.60,93.02,0.1395,-1,-1,-1
344,403,618.10,50.11,36.14,90.85,0.9111,-1,-1,-1
344,408,786.46,57.85,33.26,73.38,0.6730,-1,-1,-1
344,413,338.16,82.95,59.23,147.37,0.9417,-1,-1,-1
344,415,132.02,43.30,31.18,94.03,0.2491,-1,-1,-1
345,403,619.39,49.99,36.53,90.78,0.9099,-1,-1,-1
345,408,787.45,58.54,33.63,74.38,0.6070,-1,-1,-1
345,413,340.60,82.32,59.57,148.11,0.9346,-1,-1,-1
346,403,620.23,49.67,37.22,91.31,0.9077,-1,-1,-1
346,408,788.58,58.58,33.72,74.75,0.5680,-1,-1,-1
346,413,342.60,82.19,59.91,148.37,0.9280,-1,-1,-1
347,403,621.88,49.53,37.60,90.77,0.9042,-1,-1,-1
347,408,788.59,49.29,36.95,83.31,0.5598,-1,-1,-1
347,413,344.73,82.44,60.20,148.03,0.9269,-1,-1,-1
348,403,623.92,49.16,37.78,90.55,0.8990,-1,-1,-1
348,408,791.33,52.33,34.84,79.06,0.5110,-1,-1,-1
348,413,346.54,82.69,60.73,147.99,0.9158,-1,-1,-1
349,403,625.81,48.85,37.81,90.67,0.8880,-1,-1,-1
349,408,792.68,51.99,35.05,80.30,0.6738,-1,-1,-1
349,413,349.33,83.10,60.96,147.57,0.9255,-1,-1,-1
350,403,628.29,48.96,37.19,89.71,0.8857,-1,-1,-1
350,408,794.44,52.32,34.71,80.21,0.7432,-1,-1,-1
350,413,352.46,83.25,60.65,146.12,0.9334,-1,-1,-1
351,403,630.89,48.77,36.31,89.06,0.8865,-1,-1,-1
351,408,796.76,54.99,33.09,76.71,0.7017,-1,-1,-1
351,413,356.57,82.62,60.20,144.88,0.9442,-1,-1,-1
352,403,632.80,48.60,35.54,89.01,0.8745,-1,-1,-1
352,408,798.51,55.61,32.10,74.28,0.7117,-1,-1,-1
352,413,361.95,82.24,57.68,138.19,0.9313,-1,-1,-1
353,403,634.60,48.35,35.15,90.28,0.8861,-1,-1,-1
353,408,799.60,55.81,31.64,73.08,0.7631,-1,-1,-1
353,413,366.65,80.88,56.80,136.43,0.9153,-1,-1,-1
353,415,161.11,43.23,28.23,86.00,0.4835,-1,-1,-1
354,403,635.86,48.28,34.72,90.90,0.8854,-1,-1,-1
354,408,801.53,55.83,30.98,71.49,0.6967,-1,-1,-1
354,413,371.52,79.44,56.13,136.19,0.9282,-1,-1,-1
354,417,780.39,29.29,21.18,45.40,0.4257,-1,-1,-1
354,415,162.13,43.62,28.53,87.79,0.4376,-1,-1,-1
355,403,637.14,48.86,34.14,90.46,0.8811,-1,-1,-1
355,408,803.12,55.97,30.33,69.80,0.6426,-1,-1,-1
355,413,376.37,78.34,55.49,136.81,0.9212,-1,-1,-1
355,417,780.60,29.45,21.25,45.53,0.5747,-1,-1,-1
355,415,165.75,43.99,28.02,87.21,0.5736,-1,-1,-1
356,403,638.53,49.20,33.88,90.07,0.8796,-1,-1,-1
356,408,804.68,55.99,30.25,69.52,0.7086,-1,-1,-1
356,413,380.23,77.48,54.89,137.61,0.9187,-1,-1,-1
356,417,780.75,29.53,21.24,45.50,0.5049,-1,-1,-1
356,415,169.21,44.47,27.24,86.59,0.5916,-1,-1,-1
356,418,802.24,31.20,17.23,44.38,0.4895,-1,-1,-1
357,403,639.97,49.42,33.95,89.83,0.8805,-1,-1,-1
357,408,805.63,56.02,30.67,70.47,0.7683,-1,-1,-1
357,413,383.65,76.85,54.06,137.81,0.9134,-1,-1,-1
357,417,781.50,29.41,21.14,45.36,0.5368,-1,-1,-1
357,415,172.50,43.48,26.50,85.46,0.5939,-1,-1,-1
357,418,802.49,31.27,17.43,44.94,0.4805,-1,-1,-1
358,403,640.67,48.98,34.31,90.12,0.8771,-1,-1,-1
358,408,806.92,56.06,30.49,70.17,0.7563,-1,-1,-1
358,413,386.64,76.57,53.13,137.14,0.9238,-1,-1,-1
358,417,781.90,29.31,21.13,45.45,0.5071,-1,-1,-1
358,415,174.99,43.41,26.48,86.15,0.5162,-1,-1,-1
358,418,802.71,31.18,17.59,45.38,0.5175,-1,-1,-1
359,403,641.36,49.93,34.25,89.06,0.8699,-1,-1,-1
359,408,808.28,55.99,30.40,70.00,0.7923,-1,-1,-1
359,413,389.28,76.36,52.68,137.20,0.9344,-1,-1,-1
359,417,782.35,29.36,21.01,45.36,0.4958,-1,-1,-1
359,415,177.56,42.73,26.72,86.92,0.5503,-1,-1,-1
359,418,803.24,31.30,17.40,44.77,0.6057,-1,-1,-1
360,403,643.72,51.08,34.26,87.54,0.8452,-1,-1,-1
360,408,810.53,55.88,30.09,69.33,0.8027,-1,-1,-1
360,413,392.32,77.14,52.43,136.20,0.9065,-1,-1,-1
360,417,783.94,29.11,20.85,45.19,0.5529,-1,-1,-1
360,415,181.01,43.70,27.95,88.94,0.5187,-1,-1,-1
360,418,803.21,30.58,17.93,46.02,0.7361,-1,-1,-1
361,403,646.08,51.26,34.56,87.11,0.7650,-1,-1,-1
361,408,812.29,55.75,29.76,68.79,0.7756,-1,-1,-1
361,413,394.24,77.42,52.42,135.44,0.9096,-1,-1,-1
361,417,784.85,29.25,20.66,45.02,0.5935,-1,-1,-1
361,415,182.71,46.71,28.12,86.86,0.5830,-1,-1,-1
361,418,803.46,30.50,18.03,46.17,0.7286,-1,-1,-1
362,403,651.82,51.27,34.05,87.20,0.7821,-1,-1,-1
362,408,814.01,55.68,29.56,68.26,0.7741,-1,-1,-1
362,413,396.33,77.49,52.62,134.34,0.9149,-1,-1,-1
362,417,785.28,29.36,20.42,44.77,0.5791,-1,-1,-1
362,415,184.67,45.72,28.29,86.09,0.3559,-1,-1,-1
362,418,803.83,30.12,18.02,46.11,0.7237,-1,-1,-1
363,403,652.55,50.99,34.23,87.50,0.8604,-1,-1,-1
363,408,815.18,55.58,29.23,67.48,0.7916,-1,-1,-1
363,413,399.18,77.31,52.39,131.91,0.9139,-1,-1,-1
363,417,785.24,29.36,20.31,44.88,0.6821,-1,-1,-1
363,415,187.75,43.73,29.45,87.17,0.2353,-1,-1,-1
363,418,804.05,29.85,18.25,46.65,0.7573,-1,-1,-1
364,403,654.66,51.18,34.07,87.37,0.8897,-1,-1,-1
364,408,816.60,55.31,29.57,68.22,0.8037,-1,-1,-1
364,413,402.35,76.99,52.26,130.17,0.8997,-1,-1,-1
364,417,785.33,29.20,20.14,44.88,0.6606,-1,-1,-1
364,418,804.27,29.72,18.27,46.66,0.7572,-1,-1,-1
365,403,656.80,51.13,33.91,87.15,0.8977,-1,-1,-1
365,408,817.87,55.24,29.40,67.82,0.8264,-1,-1,-1
365,413,405.49,74.80,52.82,130.83,0.9150,-1,-1,-1
365,417,785.37,29.12,19.94,44.82,0.6373,-1,-1,-1
365,418,804.57,29.69,18.26,46.58,0.7920,-1,-1,-1
366,403,659.61,51.57,33.65,86.73,0.8980,-1,-1,-1
366,408,818.75,55.31,29.23,67.64,0.8076,-1,-1,-1
366,413,410.19,73.22,52.71,130.63,0.8962,-1,-1,-1
366,417,785.51,29.14,19.66,44.64,0.6231,-1,-1,-1
366,418,804.89,29.85,18.15,46.29,0.7919,-1,-1,-1
367,403,661.93,51.82,33.49,86.13,0.9038,-1,-1,-1
367,408,819.59,55.06,29.14,67.71,0.8176,-1,-1,-1
367,413,414.22,71.57,52.55,131.32,0.9113,-1,-1,-1
367,417,785.61,28.72,19.68,45.14,0.5597,-1,-1,-1
367,418,805.11,30.31,17.95,45.69,0.7787,-1,-1,-1
368,403,663.64,52.05,33.66,86.03,0.9092,-1,-1,-1
368,408,820.40,54.91,29.17,67.95,0.8128,-1,-1,-1
368,413,417.62,70.69,51.98,131.02,0.9228,-1,-1,-1
368,417,785.74,28.92,19.64,45.56,0.5663,-1,-1,-1
368,418,805.44,30.76,17.82,45.38,0.7605,-1,-1,-1
369,403,664.91,52.35,33.89,85.73,0.9202,-1,-1,-1
369,408,821.56,54.79,28.89,67.54,0.8179,-1,-1,-1
369,413,419.13,70.19,52.12,131.75,0.9279,-1,-1,-1
369,417,786.26,29.10,19.34,45.35,0.5689,-1,-1,-1
369,418,805.75,30.90,17.67,45.12,0.7334,-1,-1,-1
370,403,665.88,52.68,34.17,85.25,0.9191,-1,-1,-1
370,408,822.48,54.87,28.48,66.80,0.7842,-1,-1,-1
370,413,420.05,69.95,52.47,132.09,0.9332,-1,-1,-1
370,417,786.64,29.05,19.21,45.42,0.5686,-1,-1,-1
370,418,805.80,31.01,17.65,45.16,0.7324,-1,-1,-1
371,403,666.78,52.78,34.53,84.96,0.9117,-1,-1,-1
371,408,823.23,54.77,28.32,66.67,0.7912,-1,-1,-1
371,413,420.55,70.02,52.90,131.86,0.9343,-1,-1,-1
371,417,786.92,29.50,18.90,45.01,0.4991,-1,-1,-1
371,418,806.00,31.14,17.54,44.97,0.7395,-1,-1,-1
372,403,668.07,52.74,35.03,84.98,0.9058,-1,-1,-1
372,408,824.08,54.28,28.02,66.24,0.8245,-1,-1,-1
372,413,421.57,70.14,53.30,131.08,0.9383,-1,-1,-1
372,417,787.35,29.75,18.62,44.70,0.3946,-1,-1,-1
372,418,806.08,31.00,17.54,45.15,0.7506,-1,-1,-1
372,415,217.20,37.45,28.06,81.40,0.4769,-1,-1,-1
373,403,668.99,52.72,35.40,84.87,0.9005,-1,-1,-1
373,408,824.94,54.07,27.69,65.70,0.7846,-1,-1,-1
373,413,422.85,70.72,53.85,130.90,0.9394,-1,-1,-1
373,417,787.87,30.53,18.10,43.67,0.3266,-1,-1,-1
373,418,806.37,30.92,17.45,44.98,0.7531,-1,-1,-1
373,415,219.61,36.76,28.81,81.86,0.5136,-1,-1,-1
374,403,669.98,52.70,35.50,84.36,0.8961,-1,-1,-1
374,408,825.52,53.70,27.77,66.00,0.8209,-1,-1,-1
374,413,424.60,71.36,53.92,129.87,0.9417,-1,-1,-1
374,417,788.28,31.48,17.59,42.57,0.3323,-1,-1,-1
374,418,806.60,30.80,17.34,44.77,0.7509,-1,-1,-1
374,415,221.81,36.67,29.39,81.82,0.5556,-1,-1,-1
375,403,671.69,52.68,35.27,83.97,0.9002,-1,-1,-1
375,408,826.90,53.48,27.15,64.37,0.8033,-1,-1,-1
375,413,427.01,71.42,53.82,128.60,0.9391,-1,-1,-1
375,417,788.79,32.10,17.29,41.94,0.2253,-1,-1,-1
375,418,806.87,30.81,17.19,44.43,0.7590,-1,-1,-1
375,415,224.73,36.83,30.35,82.75,0.6173,-1,-1,-1
376,403,672.88,52.12,34.76,83.72,0.9051,-1,-1,-1
376,408,827.62,53.29,27.35,64.69,0.8353,-1,-1,-1
376,413,430.75,71.41,52.42,124.69,0.9201,-1,-1,-1
376,417,789.39,31.97,17.18,41.79,0.1857,-1,-1,-1
376,418,807.06,30.68,17.20,44.65,0.7555,-1,-1,-1
376,415,226.82,37.12,30.42,81.96,0.8320,-1,-1,-1
377,403,674.57,52.06,34.07,83.60,0.8987,-1,-1,-1
377,408,828.66,53.05,26.91,63.60,0.8171,-1,-1,-1
377,413,434.60,70.62,51.60,122.81,0.9161,-1,-1,-1
377,417,789.81,32.20,16.98,41.32,0.2000,-1,-1,-1
377,418,807.21,30.58,17.29,45.06,0.7700,-1,-1,-1
377,415,230.04,36.84,30.11,81.98,0.7136,-1,-1,-1
378,403,676.02,51.54,33.64,84.26,0.8993,-1,-1,-1
378,408,829.07,52.90,26.99,63.82,0.8290,-1,-1,-1
378,413,437.98,69.21,51.20,122.66,0.9073,-1,-1,-1
378,417,790.31,32.41,16.76,40.52,0.2224,-1,-1,-1
378,418,807.42,30.64,17.26,45.16,0.7594,-1,-1,-1
378,415,231.54,36.21,30.32,83.34,0.4696,-1,-1,-1
379,403,677.64,51.98,32.88,83.97,0.8850,-1,-1,-1
379,408,829.43,52.68,26.94,63.87,0.8416,-1,-1,-1
379,413,441.91,68.27,50.63,122.78,0.8982,-1,-1,-1
379,417,790.60,33.01,16.58,39.80,0.1823,-1,-1,-1
379,418,807.57,30.68,17.14,45.00,0.7469,-1,-1,-1
379,415,234.14,35.33,30.02,83.85,0.6795,-1,-1,-1
380,403,679.24,51.96,32.20,83.79,0.8824,-1,-1,-1
380,408,830.14,52.31,26.77,63.94,0.8397,-1,-1,-1
380,413,444.48,67.35,50.40,123.56,0.8944,-1,-1,-1
380,417,790.97,32.73,16.71,39.99,0.2575,-1,-1,-1
380,418,807.83,30.86,16.92,44.59,0.7421,-1,-1,-1
380,415,237.79,34.18,29.27,83.82,0.6315,-1,-1,-1
381,403,680.74,52.31,31.50,83.03,0.8760,-1,-1,-1
381,408,830.69,51.94,26.71,64.44,0.8360,-1,-1,-1
381,413,447.76,66.84,49.83,124.02,0.8923,-1,-1,-1
381,417,791.26,31.81,17.20,41.07,0.3196,-1,-1,-1
381,418,808.24,31.23,16.64,43.89,0.7337,-1,-1,-1
381,415,241.03,33.70,28.53,83.59,0.3389,-1,-1,-1
382,403,681.97,52.38,31.10,82.61,0.8901,-1,-1,-1
382,408,831.24,51.65,26.39,64.43,0.8332,-1,-1,-1
382,413,450.64,66.81,48.86,123.06,0.9040,-1,-1,-1
382,417,791.65,31.53,17.34,41.39,0.3526,-1,-1,-1
382,418,808.61,31.35,16.51,43.53,0.7456,-1,-1,-1
382,415,242.38,32.77,29.38,89.06,0.1267,-1,-1,-1
383,403,683.18,52.96,30.65,81.51,0.8949,-1,-1,-1
383,408,831.90,51.38,25.96,64.24,0.8284,-1,-1,-1
383,413,452.60,67.18,48.16,122.24,0.9185,-1,-1,-1
383,417,792.09,31.46,17.27,41.30,0.4398,-1,-1,-1
383,418,809.02,31.82,16.32,42.91,0.7749,-1,-1,-1
384,403,684.73,53.22,30.80,81.26,0.8949,-1,-1,-1
384,408,833.29,51.39,25.16,63.60,0.8273,-1,-1,-1
384,413,455.11,67.74,47.65,120.91,0.9305,-1,-1,-1
384,417,792.46,29.87,17.78,42.68,0.4720,-1,-1,-1
384,418,809.57,31.88,16.50,43.08,0.7898,-1,-1,-1
385,403,685.42,53.04,31.22,81.51,0.8994,-1,-1,-1
385,408,834.31,51.01,24.58,63.71,0.8133,-1,-1,-1
385,413,456.69,66.88,48.08,121.55,0.9088,-1,-1,-1
385,417,792.73,28.61,18.16,43.84,0.6013,-1,-1,-1
385,418,809.95,31.52,16.76,43.41,0.8095,-1,-1,-1
386,403,686.09,52.99,31.76,81.73,0.8914,-1,-1,-1
386,408,834.94,49.90,24.21,64.42,0.7947,-1,-1,-1
386,413,458.41,67.77,47.82,119.66,0.9037,-1,-1,-1
386,417,793.02,27.51,18.36,44.43,0.6294,-1,-1,-1
386,418,810.34,31.34,16.92,43.39,0.8254,-1,-1,-1
387,403,687.48,53.44,31.92,81.16,0.8823,-1,-1,-1
387,408,835.55,49.12,23.68,64.77,0.7980,-1,-1,-1
387,413,460.35,67.86,47.92,118.58,0.9056,-1,-1,-1
387,417,793.12,26.91,18.48,44.83,0.6331,-1,-1,-1
387,418,810.68,30.92,17.18,43.77,0.8308,-1,-1,-1
388,403,688.99,53.40,32.14,80.99,0.8832,-1,-1,-1
388,408,836.31,48.63,23.05,64.91,0.8073,-1,-1,-1
388,413,462.58,67.74,48.08,117.69,0.9255,-1,-1,-1
388,417,793.52,26.51,18.42,44.86,0.5900,-1,-1,-1
388,418,811.08,30.54,17.36,44.00,0.8241,-1,-1,-1
389,403,690.96,53.41,32.19,80.55,0.8839,-1,-1,-1
389,408,837.18,47.95,22.34,64.98,0.7907,-1,-1,-1
389,413,465.60,66.98,47.89,116.05,0.9185,-1,-1,-1
389,417,794.05,26.27,18.42,45.05,0.6131,-1,-1,-1
389,418,811.56,30.26,17.48,44.20,0.8280,-1,-1,-1
390,403,693.55,53.72,32.03,80.01,0.9058,-1,-1,-1
390,408,837.97,47.12,21.69,65.27,0.7635,-1,-1,-1
390,413,468.80,66.61,47.63,114.99,0.8895,-1,-1,-1
390,417,794.44,26.31,18.34,45.10,0.6304,-1,-1,-1
390,418,811.91,29.87,17.62,44.50,0.8190,-1,-1,-1
391,403,695.84,53.58,32.12,80.39,0.9022,-1,-1,-1
391,408,838.65,47.11,20.91,65.09,0.7649,-1,-1,-1
391,413,472.37,65.40,47.64,115.57,0.8968,-1,-1,-1
391,417,795.00,26.60,18.12,44.97,0.5303,-1,-1,-1
391,418,812.41,29.43,17.64,44.75,0.7964,-1,-1,-1
392,403,697.66,52.91,32.41,81.29,0.9116,-1,-1,-1
392,408,839.23,47.80,19.98,64.10,0.7797,-1,-1,-1
392,413,475.75,63.64,47.63,116.43,0.9228,-1,-1,-1
392,417,795.42,26.81,17.95,44.95,0.6106,-1,-1,-1
392,418,812.92,29.61,17.50,44.51,0.7886,-1,-1,-1
393,403,699.22,53.17,32.30,80.77,0.9158,-1,-1,-1
393,408,840.12,46.51,19.32,64.34,0.7208,-1,-1,-1
393,413,477.92,62.83,47.58,116.97,0.9288,-1,-1,-1
393,417,795.71,26.96,17.76,44.79,0.6589,-1,-1,-1
393,418,813.20,29.76,17.35,44.30,0.8004,-1,-1,-1
394,403,700.47,53.87,32.16,79.93,0.9114,-1,-1,-1
394,408,840.99,46.46,18.38,63.49,0.7060,-1,-1,-1
394,413,479.02,61.70,48.13,118.37,0.9352,-1,-1,-1
394,417,795.93,27.16,17.56,44.55,0.5440,-1,-1,-1
394,418,813.49,30.05,17.14,43.85,0.7985,-1,-1,-1
395,403,701.60,54.20,32.22,79.40,0.9093,-1,-1,-1
395,408,841.23,45.32,18.18,65.24,0.7084,-1,-1,-1
395,413,479.70,60.91,48.61,119.09,0.9177,-1,-1,-1
395,417,796.07,27.30,17.38,44.35,0.6018,-1,-1,-1
395,418,813.69,30.30,16.99,43.59,0.7790,-1,-1,-1
396,403,702.41,54.93,32.14,78.63,0.9021,-1,-1,-1
396,408,841.58,44.22,17.79,66.28,0.6641,-1,-1,-1
396,413,480.69,61.06,48.71,118.72,0.9110,-1,-1,-1
396,417,796.21,27.03,17.32,44.56,0.4669,-1,-1,-1
396,418,813.76,30.31,16.96,43.62,0.7491,-1,-1,-1
397,403,703.81,55.69,32.17,77.84,0.8927,-1,-1,-1
397,408,842.15,42.51,17.20,66.67,0.6252,-1,-1,-1
397,413,481.81,61.11,48.77,118.14,0.9295,-1,-1,-1
397,417,796.28,27.29,17.05,44.43,0.4094,-1,-1,-1
397,418,813.85,30.25,17.00,43.82,0.7291,-1,-1,-1
398,403,705.01,56.19,32.24,77.19,0.9066,-1,-1,-1
398,408,842.44,42.43,16.88,68.07,0.6482,-1,-1,-1
398,413,483.57,61.39,48.60,117.00,0.9198,-1,-1,-1
398,417,796.52,26.87,17.01,44.65,0.4952,-1,-1,-1
398,418,813.97,30.24,17.02,44.03,0.7294,-1,-1,-1
399,403,705.55,55.97,32.53,77.64,0.8973,-1,-1,-1
399,408,843.33,43.68,15.91,66.84,0.6215,-1,-1,-1
399,413,485.48,60.85,48.41,116.23,0.9241,-1,-1,-1
399,417,796.66,27.37,16.69,44.20,0.4818,-1,-1,-1
399,418,814.12,30.32,16.94,43.98,0.7444,-1,-1,-1
400,403,706.44,55.56,32.47,77.66,0.8994,-1,-1,-1
400,408,844.20,44.34,14.91,65.36,0.6295,-1,-1,-1
400,413,488.22,60.86,47.45,113.41,0.9086,-1,-1,-1
400,417,796.88,27.62,16.35,43.71,0.6047,-1,-1,-1
400,418,814.36,30.25,16.79,43.76,0.7507,-1,-1,-1
401,403,707.86,54.71,32.21,77.88,0.9028,-1,-1,-1
401,408,844.87,43.74,14.27,65.47,0.5741,-1,-1,-1
401,413,490.99,61.35,46.58,111.04,0.8987,-1,-1,-1
401,417,797.10,27.68,16.08,43.44,0.6800,-1,-1,-1
401,418,814.46,30.11,16.73,43.76,0.7559,-1,-1,-1
402,403,709.21,53.73,32.02,78.45,0.9029,-1,-1,-1
402,408,845.30,39.77,14.17,68.46,0.4365,-1,-1,-1
402,413,493.88,60.39,46.49,111.50,0.8950,-1,-1,-1
402,417,797.29,27.61,15.97,43.55,0.6914,-1,-1,-1
402,418,814.53,30.07,16.75,43.95,0.7713,-1,-1,-1
403,403,710.61,53.09,31.63,78.66,0.9049,-1,-1,-1
403,413,496.97,59.93,45.68,110.37,0.9173,-1,-1,-1
403,417,797.56,27.56,15.83,43.44,0.7102,-1,-1,-1
403,418,814.77,30.08,16.69,44.00,0.7830,-1,-1,-1
404,403,712.23,53.08,30.89,78.15,0.8912,-1,-1,-1
404,413,499.51,59.59,45.34,110.77,0.9113,-1,-1,-1
404,417,797.72,27.64,15.71,43.36,0.7135,-1,-1,-1
404,418,814.93,29.98,16.69,44.24,0.7857,-1,-1,-1
405,403,713.90,53.05,30.38,78.18,0.8868,-1,-1,-1
405,413,501.79,58.82,45.13,111.44,0.9145,-1,-1,-1
405,417,797.88,27.79,15.60,43.29,0.6570,-1,-1,-1
405,418,815.12,30.03,16.57,44.09,0.7664,-1,-1,-1
406,403,715.34,53.63,29.66,77.29,0.8829,-1,-1,-1
406,413,504.27,58.48,44.47,110.89,0.9147,-1,-1,-1
406,417,798.02,27.86,15.53,43.21,0.7049,-1,-1,-1
406,418,815.40,30.23,16.38,43.66,0.7692,-1,-1,-1
407,403,716.49,53.76,29.15,76.86,0.8872,-1,-1,-1
407,413,506.09,57.99,43.91,110.23,0.9261,-1,-1,-1
407,417,798.22,28.15,15.38,42.83,0.7150,-1,-1,-1
407,418,815.80,30.63,16.17,43.07,0.7650,-1,-1,-1
408,403,718.15,54.37,28.63,75.71,0.8908,-1,-1,-1
408,413,508.18,58.70,43.06,107.77,0.9042,-1,-1,-1
408,417,798.42,28.32,15.18,42.23,0.7845,-1,-1,-1
408,418,816.37,31.24,15.84,42.15,0.7844,-1,-1,-1
409,403,719.21,54.29,28.56,75.42,0.8913,-1,-1,-1
409,413,509.50,59.15,43.36,107.93,0.8998,-1,-1,-1
409,417,798.53,28.55,15.11,41.92,0.7643,-1,-1,-1
409,418,816.57,31.56,15.86,41.98,0.7785,-1,-1,-1
410,403,719.96,54.37,28.61,75.07,0.8876,-1,-1,-1
410,413,510.69,59.45,43.52,107.43,0.9014,-1,-1,-1
410,417,798.69,28.35,15.23,42.11,0.7761,-1,-1,-1
410,418,816.81,31.82,15.93,41.84,0.7785,-1,-1,-1
411,403,720.41,53.88,29.12,75.71,0.8852,-1,-1,-1
411,413,511.68,59.70,43.77,106.65,0.9094,-1,-1,-1
411,417,798.92,28.09,15.35,42.34,0.7078,-1,-1,-1
411,418,817.13,31.67,16.12,41.82,0.7617,-1,-1,-1
412,403,721.11,54.12,29.38,75.53,0.8817,-1,-1,-1
412,413,513.36,59.82,43.98,105.91,0.9009,-1,-1,-1
412,417,799.31,27.75,15.47,42.59,0.7158,-1,-1,-1
412,418,817.59,31.08,16.34,42.08,0.6968,-1,-1,-1
413,403,721.77,53.90,29.89,75.95,0.8842,-1,-1,-1
413,413,514.94,59.16,44.27,105.44,0.9114,-1,-1,-1
413,417,799.52,27.46,15.61,42.80,0.6574,-1,-1,-1
413,418,818.05,30.48,16.54,42.38,0.6987,-1,-1,-1
414,403,723.31,54.34,30.01,75.54,0.8716,-1,-1,-1
414,413,517.38,58.25,44.28,104.66,0.9019,-1,-1,-1
414,417,799.45,26.51,15.89,43.49,0.6269,-1,-1,-1
414,418,818.41,29.97,16.72,42.76,0.6947,-1,-1,-1
415,403,725.12,54.42,30.01,75.16,0.8756,-1,-1,-1
415,413,519.90,57.11,44.40,104.60,0.9115,-1,-1,-1
415,417,799.57,25.95,16.14,44.06,0.5326,-1,-1,-1
415,418,818.64,29.07,17.15,43.78,0.6258,-1,-1,-1
416,403,727.00,54.52,29.98,75.05,0.8835,-1,-1,-1
416,413,522.14,56.16,44.57,104.96,0.9138,-1,-1,-1
416,417,799.73,25.71,16.29,44.35,0.4698,-1,-1,-1
416,418,818.89,28.40,17.44,44.47,0.5783,-1,-1,-1
417,403,729.05,54.51,29.89,75.01,0.8864,-1,-1,-1
417,413,524.50,55.43,44.65,105.31,0.9069,-1,-1,-1
417,417,799.97,25.57,16.35,44.46,0.4400,-1,-1,-1
417,418,819.38,28.26,17.41,44.38,0.5440,-1,-1,-1
418,403,730.79,54.60,29.92,75.16,0.8912,-1,-1,-1
418,413,525.91,55.01,44.89,105.76,0.9091,-1,-1,-1
418,417,800.17,25.46,16.38,44.53,0.4904,-1,-1,-1
418,418,819.77,28.83,17.17,43.75,0.5992,-1,-1,-1
419,403,732.23,54.79,29.78,74.89,0.8959,-1,-1,-1
419,413,526.33,54.95,45.27,105.90,0.9132,-1,-1,-1
419,417,800.49,25.63,16.25,44.21,0.4807,-1,-1,-1
419,418,820.17,29.64,16.89,43.08,0.5918,-1,-1,-1
420,403,733.41,54.93,29.77,74.54,0.8901,-1,-1,-1
420,413,527.19,55.00,45.46,105.55,0.9127,-1,-1,-1
420,417,800.70,25.97,16.12,43.91,0.5615,-1,-1,-1
420,418,820.43,30.34,16.54,42.24,0.6231,-1,-1,-1
421,403,734.37,55.04,29.97,74.41,0.8885,-1,-1,-1
421,413,528.38,55.34,45.26,104.06,0.9052,-1,-1,-1
421,417,800.85,26.11,16.08,43.90,0.5624,-1,-1,-1
421,418,820.49,30.58,16.45,42.06,0.6600,-1,-1,-1
422,403,734.80,55.28,30.09,74.06,0.8870,-1,-1,-1
422,413,529.47,55.69,45.28,103.09,0.8971,-1,-1,-1
422,417,800.95,26.36,15.94,43.54,0.5884,-1,-1,-1
422,418,820.59,30.56,16.43,42.13,0.6631,-1,-1,-1
423,403,735.50,55.47,30.28,73.81,0.8844,-1,-1,-1
423,413,531.14,56.15,45.00,101.41,0.8984,-1,-1,-1
423,417,801.11,26.43,15.86,43.42,0.6258,-1,-1,-1
423,418,820.57,30.33,16.45,42.37,0.6358,-1,-1,-1
424,403,736.26,55.97,30.26,73.23,0.8856,-1,-1,-1
424,413,532.47,55.93,45.29,101.24,0.8966,-1,-1,-1
424,417,801.21,26.44,15.81,43.44,0.6605,-1,-1,-1
424,418,820.58,30.15,16.44,42.56,0.6661,-1,-1,-1
425,403,737.27,55.99,30.49,73.27,0.8795,-1,-1,-1
425,413,534.30,55.75,45.36,101.07,0.9153,-1,-1,-1
425,417,801.38,26.43,15.73,43.36,0.5848,-1,-1,-1
425,418,820.55,30.00,16.35,42.46,0.6665,-1,-1,-1
426,403,738.05,55.68,30.56,73.35,0.8795,-1,-1,-1
426,413,536.42,55.49,44.83,99.86,0.9276,-1,-1,-1
426,417,801.65,26.53,15.45,42.73,0.5847,-1,-1,-1
426,418,820.64,30.04,16.11,41.91,0.6618,-1,-1,-1
427,403,738.89,55.51,30.43,73.26,0.8794,-1,-1,-1
427,413,538.74,55.21,44.53,99.59,0.9051,-1,-1,-1
427,417,801.72,26.69,15.27,42.40,0.4779,-1,-1,-1
427,418,820.81,29.71,16.11,41.95,0.6082,-1,-1,-1
428,403,739.98,54.97,30.17,73.40,0.8806,-1,-1,-1
428,413,541.32,54.77,44.01,99.29,0.9088,-1,-1,-1
428,417,801.88,26.78,15.10,42.07,0.5047,-1,-1,-1
428,418,820.79,29.24,16.28,42.39,0.5485,-1,-1,-1
429,403,741.11,53.67,30.12,74.55,0.8846,-1,-1,-1
429,413,543.77,53.99,43.44,98.99,0.8938,-1,-1,-1
429,417,802.28,26.52,15.15,42.30,0.6283,-1,-1,-1
429,418,821.02,29.12,16.31,42.50,0.6048,-1,-1,-1
430,403,742.30,53.03,29.79,74.93,0.8999,-1,-1,-1
430,413,545.32,52.71,43.52,100.14,0.9013,-1,-1,-1
430,417,802.43,26.32,15.25,42.57,0.6279,-1,-1,-1
430,418,821.30,29.38,16.17,42.09,0.6068,-1,-1,-1
431,403,743.52,52.90,29.38,75.12,0.8904,-1,-1,-1
431,413,547.29,52.27,43.11,100.01,0.8975,-1,-1,-1
431,417,802.73,26.39,15.20,42.37,0.6887,-1,-1,-1
431,418,821.47,29.51,16.17,42.11,0.6441,-1,-1,-1
432,403,745.22,52.02,29.21,75.87,0.8659,-1,-1,-1
432,413,549.69,52.65,42.32,98.21,0.9072,-1,-1,-1
432,417,803.01,26.90,14.95,41.64,0.7070,-1,-1,-1
432,418,821.86,30.65,15.80,41.04,0.7031,-1,-1,-1
433,403,746.75,51.48,28.70,75.55,0.8637,-1,-1,-1
433,413,551.20,52.86,42.08,97.56,0.9083,-1,-1,-1
433,417,803.01,27.11,14.92,41.29,0.7272,-1,-1,-1
433,418,822.20,31.41,15.58,40.30,0.7247,-1,-1,-1
434,403,748.22,52.22,27.89,74.03,0.8492,-1,-1,-1
434,413,552.31,53.74,41.88,96.59,0.8955,-1,-1,-1
434,417,803.09,27.01,14.99,41.22,0.7031,-1,-1,-1
434,418,822.39,31.49,15.65,40.32,0.6817,-1,-1,-1
435,403,748.79,52.70,27.63,73.26,0.8718,-1,-1,-1
435,413,553.22,53.66,42.18,96.57,0.8816,-1,-1,-1
435,417,802.90,26.54,15.29,41.67,0.7140,-1,-1,-1
435,418,822.73,31.48,15.57,39.87,0.6646,-1,-1,-1
436,403,749.43,53.26,27.54,72.64,0.8501,-1,-1,-1
436,413,554.74,53.67,42.53,96.21,0.8750,-1,-1,-1
436,417,802.85,26.34,15.54,41.96,0.7036,-1,-1,-1
436,418,822.62,29.86,16.34,41.81,0.6909,-1,-1,-1
437,403,750.02,52.89,27.94,73.25,0.8724,-1,-1,-1
437,413,556.76,53.70,42.95,95.64,0.8785,-1,-1,-1
437,417,803.04,26.29,15.61,41.86,0.6734,-1,-1,-1
437,418,822.92,30.40,16.09,40.92,0.6849,-1,-1,-1
438,403,750.74,52.69,28.22,73.37,0.8740,-1,-1,-1
438,413,558.40,52.97,43.62,95.96,0.8958,-1,-1,-1
438,417,803.26,26.29,15.64,41.67,0.6653,-1,-1,-1
438,418,823.10,30.08,16.17,40.93,0.6485,-1,-1,-1
439,403,751.34,52.70,28.54,73.53,0.8780,-1,-1,-1
439,413,560.24,52.04,43.80,95.61,0.8921,-1,-1,-1
439,417,803.56,26.33,15.57,41.28,0.6215,-1,-1,-1
439,418,823.21,30.02,16.23,40.85,0.6474,-1,-1,-1
440,403,752.42,52.51,28.81,73.52,0.8798,-1,-1,-1
440,413,562.51,51.26,43.69,95.48,0.8935,-1,-1,-1
440,417,803.76,26.11,15.65,41.29,0.6059,-1,-1,-1
440,418,822.88,28.01,17.03,42.92,0.6345,-1,-1,-1
441,403,753.75,51.95,29.07,73.90,0.8656,-1,-1,-1
441,413,564.88,50.90,43.54,95.54,0.8927,-1,-1,-1
441,417,803.78,25.87,15.79,41.47,0.5432,-1,-1,-1
441,418,823.22,28.05,16.89,42.61,0.6286,-1,-1,-1
442,403,755.44,51.82,29.03,73.61,0.8741,-1,-1,-1
442,413,567.29,50.29,43.24,95.67,0.8939,-1,-1,-1
442,417,804.07,26.25,15.71,41.22,0.5383,-1,-1,-1
442,418,823.39,27.73,16.89,42.71,0.6366,-1,-1,-1
443,403,757.30,52.25,28.91,73.13,0.8735,-1,-1,-1
443,413,568.89,49.63,43.32,96.42,0.9036,-1,-1,-1
443,417,803.94,25.35,16.09,41.91,0.5153,-1,-1,-1
443,418,823.44,27.19,17.01,43.16,0.6413,-1,-1,-1
444,403,759.19,52.60,28.81,72.88,0.8747,-1,-1,-1
444,413,569.80,49.38,43.45,96.77,0.9149,-1,-1,-1
444,417,803.87,24.84,16.32,42.22,0.5263,-1,-1,-1
444,418,823.40,26.72,17.11,43.58,0.6418,-1,-1,-1
445,403,761.24,52.23,28.70,73.02,0.8693,-1,-1,-1
445,413,571.02,49.62,43.11,95.73,0.9136,-1,-1,-1
445,417,803.85,24.73,16.44,42.28,0.5352,-1,-1,-1
445,418,823.50,26.90,16.92,43.20,0.6648,-1,-1,-1
446,403,763.11,51.61,28.66,73.44,0.8651,-1,-1,-1
446,413,572.15,49.97,42.92,94.76,0.9064,-1,-1,-1
446,417,803.86,25.02,16.42,42.00,0.5652,-1,-1,-1
446,418,823.66,27.46,16.59,42.42,0.6949,-1,-1,-1
447,403,764.21,51.51,28.52,73.44,0.8763,-1,-1,-1
447,413,573.63,50.36,42.70,93.84,0.9105,-1,-1,-1
447,417,804.05,25.43,16.30,41.55,0.5950,-1,-1,-1
447,418,823.54,27.08,16.67,42.73,0.7181,-1,-1,-1
448,403,765.17,52.12,28.23,72.73,0.8775,-1,-1,-1
448,413,574.69,50.76,42.66,93.25,0.9027,-1,-1,-1
448,417,804.06,25.47,16.35,41.50,0.5740,-1,-1,-1
448,418,823.63,27.42,16.47,42.31,0.6916,-1,-1,-1
449,403,765.81,52.27,28.13,72.47,0.8878,-1,-1,-1
449,413,576.49,50.97,42.26,91.94,0.9139,-1,-1,-1
449,417,803.76,25.46,16.41,41.59,0.5159,-1,-1,-1
449,418,823.57,27.47,16.46,42.37,0.6607,-1,-1,-1