0,6,201.13,79.75,49.69,93.61,0.5338,-1,-1,-1
0,5,153.79,129.57,64.27,193.76,0.6807,-1,-1,-1
0,4,714.13,57.84,31.71,71.41,0.8461,-1,-1,-1
0,3,93.74,75.15,42.19,158.11,0.8928,-1,-1,-1
0,2,189.20,133.22,71.83,204.99,0.9086,-1,-1,-1
0,1,274.79,92.97,72.88,172.43,0.9252,-1,-1,-1
1,6,201.99,80.07,44.35,89.39,0.5338,-1,-1,-1
1,5,156.11,129.58,63.36,191.99,0.6807,-1,-1,-1
1,4,714.66,57.45,29.64,71.88,0.8461,-1,-1,-1
1,3,90.64,76.13,41.70,157.59,0.8928,-1,-1,-1
1,2,194.74,133.08,71.48,205.09,0.9086,-1,-1,-1
1,1,276.54,92.90,73.49,171.45,0.9252,-1,-1,-1
2,7,125.33,109.94,54.31,168.52,0.5061,-1,-1,-1
2,6,201.54,80.04,40.98,88.23,0.5338,-1,-1,-1
2,5,162.22,129.57,58.44,188.99,0.6807,-1,-1,-1
2,4,714.86,57.54,27.63,72.32,0.8461,-1,-1,-1
2,3,89.44,76.89,39.76,154.97,0.8928,-1,-1,-1
2,2,200.84,133.84,74.51,197.90,0.9086,-1,-1,-1
2,1,279.04,91.75,73.09,170.08,0.9252,-1,-1,-1
3,7,124.38,85.86,60.81,192.26,0.5061,-1,-1,-1
3,6,198.40,80.01,40.41,90.68,0.5338,-1,-1,-1
3,5,170.86,129.91,54.86,186.09,0.6807,-1,-1,-1
3,4,713.21,57.18,27.63,72.99,0.8461,-1,-1,-1
3,3,85.57,78.18,42.05,155.09,0.8928,-1,-1,-1
3,2,208.15,133.91,86.81,203.62,0.9086,-1,-1,-1
3,1,287.67,90.76,65.92,168.90,0.9252,-1,-1,-1
4,7,123.90,82.47,57.76,194.57,0.5061,-1,-1,-1
4,5,178.90,79.56,55.41,235.18,0.6807,-1,-1,-1
4,4,711.98,56.54,27.77,73.52,0.8461,-1,-1,-1
4,3,80.18,78.20,47.48,156.98,0.8928,-1,-1,-1
4,2,213.69,134.23,88.43,201.45,0.9086,-1,-1,-1
4,1,295.01,89.11,59.52,167.71,0.9252,-1,-1,-1
5,7,120.40,80.39,58.11,197.31,0.5061,-1,-1,-1
5,5,189.84,79.77,43.69,232.71,0.6807,-1,-1,-1
5,4,711.48,55.98,26.71,73.87,0.8461,-1,-1,-1
5,3,70.62,78.64,55.80,157.95,0.8928,-1,-1,-1
5,2,216.11,132.80,88.06,200.96,0.9086,-1,-1,-1
5,1,299.60,87.78,57.77,162.72,0.9252,-1,-1,-1
6,7,117.73,79.97,58.61,197.79,0.5061,-1,-1,-1
6,5,190.94,125.38,45.88,180.55,0.6807,-1,-1,-1
6,4,710.18,55.77,26.49,74.02,0.8461,-1,-1,-1
6,3,64.47,79.61,60.59,157.56,0.8928,-1,-1,-1
6,2,216.44,134.93,87.82,195.24,0.9086,-1,-1,-1
6,1,303.68,85.26,53.06,163.82,0.9252,-1,-1,-1
7,7,113.79,80.79,54.33,197.84,0.5061,-1,-1,-1
7,5,188.46,125.03,52.86,176.68,0.6807,-1,-1,-1
7,4,708.65,55.47,26.62,74.01,0.8461,-1,-1,-1
7,3,62.29,79.17,59.61,158.44,0.8928,-1,-1,-1
7,2,220.24,131.95,84.78,195.38,0.9086,-1,-1,-1
7,1,307.26,84.29,51.44,163.10,0.9252,-1,-1,-1
8,7,110.66,83.35,53.64,199.11,0.5061,-1,-1,-1
8,5,203.48,123.81,41.67,178.98,0.6807,-1,-1,-1
8,4,706.77,55.48,27.14,73.78,0.8461,-1,-1,-1
8,3,60.40,79.47,59.09,159.69,0.8928,-1,-1,-1
8,2,225.76,129.52,74.64,192.06,0.9086,-1,-1,-1
8,1,310.83,83.84,50.32,160.55,0.9252,-1,-1,-1
9,9,176.09,80.17,43.18,172.69,0.8873,-1,-1,-1
9,7,108.60,86.45,52.46,198.89,0.5061,-1,-1,-1
9,5,200.25,123.49,50.39,178.62,0.6807,-1,-1,-1
9,4,704.25,55.49,28.20,74.32,0.8461,-1,-1,-1
9,3,58.18,79.42,58.74,162.72,0.8928,-1,-1,-1
9,2,234.62,129.89,67.54,186.95,0.9086,-1,-1,-1
9,1,312.24,84.50,53.56,160.05,0.9252,-1,-1,-1
10,9,172.30,81.41,45.66,172.28,0.8873,-1,-1,-1
10,7,100.45,86.07,57.89,201.04,0.5061,-1,-1,-1
10,5,210.17,123.12,43.64,178.69,0.6807,-1,-1,-1
10,4,702.65,55.78,28.08,73.07,0.8461,-1,-1,-1
10,3,57.31,79.79,57.34,163.14,0.8928,-1,-1,-1
10,2,241.86,128.01,60.19,186.57,0.9086,-1,-1,-1
10,1,312.66,84.26,64.61,160.08,0.9252,-1,-1,-1
11,9,168.28,81.89,49.77,172.20,0.8873,-1,-1,-1
11,7,90.59,86.44,64.83,202.65,0.5061,-1,-1,-1
11,5,219.71,123.96,40.58,178.07,0.6807,-1,-1,-1
11,4,699.36,55.62,30.00,73.00,0.8461,-1,-1,-1
11,3,56.60,79.70,52.78,162.92,0.8928,-1,-1,-1
11,2,247.48,126.45,60.82,185.27,0.9086,-1,-1,-1
11,1,315.48,84.41,66.54,159.45,0.9252,-1,-1,-1
12,9,157.57,82.51,60.63,173.11,0.8873,-1,-1,-1
12,7,82.77,118.66,66.94,170.54,0.5061,-1,-1,-1
12,5,221.33,123.43,41.13,177.66,0.6807,-1,-1,-1
12,4,693.66,55.45,34.52,72.74,0.8461,-1,-1,-1
12,3,55.39,80.25,46.52,161.29,0.8928,-1,-1,-1
12,2,252.54,124.52,60.36,184.69,0.9086,-1,-1,-1
12,1,315.95,84.91,67.10,158.56,0.9252,-1,-1,-1
13,9,147.92,82.46,70.33,174.44,0.8873,-1,-1,-1
13,7,77.79,118.93,72.44,171.77,0.5061,-1,-1,-1
13,5,222.06,123.52,47.24,177.82,0.6807,-1,-1,-1
13,4,691.94,54.09,34.39,74.24,0.8461,-1,-1,-1
13,3,53.90,80.53,47.23,160.99,0.8928,-1,-1,-1
13,2,257.63,122.77,58.90,186.97,0.9086,-1,-1,-1
13,1,316.48,84.31,65.66,158.88,0.9252,-1,-1,-1
14,9,146.78,83.83,71.68,173.72,0.8873,-1,-1,-1
14,7,73.50,118.00,77.96,173.89,0.5061,-1,-1,-1
14,5,223.04,122.85,61.15,177.55,0.6807,-1,-1,-1
14,4,690.60,54.33,34.51,74.31,0.8461,-1,-1,-1
14,3,51.35,80.07,42.97,162.11,0.8928,-1,-1,-1
14,2,263.53,121.73,55.68,189.03,0.9086,-1,-1,-1
14,1,318.42,84.57,64.20,156.93,0.9252,-1,-1,-1
15,9,146.51,83.98,72.02,174.35,0.8873,-1,-1,-1
15,7,73.55,88.63,79.89,204.14,0.5061,-1,-1,-1
15,5,226.88,124.02,61.16,175.37,0.6807,-1,-1,-1
15,4,690.37,54.77,32.55,73.88,0.8461,-1,-1,-1
15,3,48.14,80.03,43.79,162.45,0.8928,-1,-1,-1
15,2,267.88,121.97,56.78,188.27,0.9086,-1,-1,-1
15,1,321.13,83.34,62.25,156.01,0.9252,-1,-1,-1
16,9,143.73,85.52,74.62,173.93,0.8873,-1,-1,-1
16,7,71.20,89.73,81.14,205.70,0.5061,-1,-1,-1
16,5,231.80,122.84,57.32,173.24,0.6807,-1,-1,-1
16,4,691.63,54.73,29.59,73.78,0.8461,-1,-1,-1
16,3,43.44,80.84,43.96,160.99,0.8928,-1,-1,-1
16,2,272.57,123.47,62.99,186.26,0.9086,-1,-1,-1
16,1,325.71,82.28,59.29,153.64,0.9252,-1,-1,-1
17,9,139.69,85.27,77.10,174.62,0.8873,-1,-1,-1
17,7,70.72,89.87,81.68,207.17,0.5061,-1,-1,-1
17,5,240.16,119.59,51.41,173.41,0.6807,-1,-1,-1
17,4,690.90,55.45,28.33,72.76,0.8461,-1,-1,-1
17,3,37.82,80.90,48.00,162.18,0.8928,-1,-1,-1
17,2,275.57,123.32,66.20,186.64,0.9086,-1,-1,-1
17,1,331.67,82.02,58.28,151.28,0.9252,-1,-1,-1
18,9,136.32,85.31,78.14,174.66,0.8873,-1,-1,-1
18,7,70.89,90.40,80.22,206.61,0.5061,-1,-1,-1
18,5,249.51,118.53,46.72,169.63,0.6807,-1,-1,-1
18,4,690.64,55.11,27.55,72.96,0.8461,-1,-1,-1
18,3,31.08,81.28,52.08,167.04,0.8928,-1,-1,-1
18,2,276.98,120.47,67.33,189.61,0.9086,-1,-1,-1
18,1,337.84,80.03,57.11,150.78,0.9252,-1,-1,-1
19,9,134.12,86.38,76.66,173.47,0.8873,-1,-1,-1
19,7,70.78,91.82,78.89,205.38,0.5061,-1,-1,-1
19,5,258.61,115.83,40.87,169.78,0.6807,-1,-1,-1
19,4,690.22,55.28,26.24,72.48,0.8461,-1,-1,-1
19,3,23.52,83.20,57.71,168.68,0.8928,-1,-1,-1
19,2,279.63,120.76,68.76,189.00,0.9086,-1,-1,-1
19,1,344.82,78.72,55.17,151.59,0.9252,-1,-1,-1
20,9,136.24,87.02,68.38,173.31,0.8873,-1,-1,-1
20,7,70.19,91.56,78.45,205.72,0.5061,-1,-1,-1
20,5,263.32,114.30,40.28,168.47,0.6807,-1,-1,-1
20,4,689.48,54.74,24.57,72.76,0.8461,-1,-1,-1
20,3,19.27,84.38,58.29,170.83,0.8928,-1,-1,-1
20,2,282.72,118.73,66.73,189.61,0.9086,-1,-1,-1
20,1,350.33,78.68,54.97,151.51,0.9252,-1,-1,-1
21,9,133.40,87.90,65.15,173.99,0.8873,-1,-1,-1
21,7,66.89,91.16,72.30,204.87,0.5061,-1,-1,-1
21,5,266.41,113.68,40.37,171.46,0.6807,-1,-1,-1
21,4,687.48,54.47,25.11,73.56,0.8461,-1,-1,-1
21,3,12.09,85.13,63.12,171.47,0.8928,-1,-1,-1
21,2,289.92,116.32,58.30,185.42,0.9086,-1,-1,-1
21,1,352.84,78.03,56.74,152.05,0.9252,-1,-1,-1
22,9,130.24,87.03,61.64,176.92,0.8873,-1,-1,-1
22,7,62.55,91.37,68.59,204.80,0.5061,-1,-1,-1
22,5,268.99,113.31,41.29,170.41,0.6807,-1,-1,-1
22,4,685.31,54.43,25.11,72.13,0.8461,-1,-1,-1
22,3,10.85,88.59,61.55,168.05,0.8928,-1,-1,-1
22,2,299.07,115.93,49.56,171.91,0.9086,-1,-1,-1
22,1,355.22,77.08,58.92,152.83,0.9252,-1,-1,-1
23,9,127.99,86.11,56.99,178.28,0.8873,-1,-1,-1
23,7,60.14,90.86,79.57,206.04,0.5061,-1,-1,-1
23,5,269.69,113.56,47.64,171.28,0.6807,-1,-1,-1
23,4,681.68,54.20,27.15,73.35,0.8461,-1,-1,-1
23,3,8.95,89.28,60.23,168.18,0.8928,-1,-1,-1
23,2,304.33,114.51,47.95,144.12,0.9086,-1,-1,-1
23,1,356.24,77.44,60.00,151.80,0.9252,-1,-1,-1
24,9,125.12,85.88,51.99,178.64,0.8873,-1,-1,-1
24,7,56.70,91.05,76.28,206.63,0.5061,-1,-1,-1
24,5,267.58,113.93,59.28,171.95,0.6807,-1,-1,-1
24,4,679.68,54.49,27.80,72.97,0.8461,-1,-1,-1
24,3,9.50,89.90,57.02,168.83,0.8928,-1,-1,-1
24,2,309.08,112.47,46.79,140.72,0.9086,-1,-1,-1
24,1,359.58,76.94,58.84,152.14,0.9252,-1,-1,-1
25,9,121.29,87.17,49.33,179.86,0.8873,-1,-1,-1
25,7,52.50,91.23,65.11,206.13,0.5061,-1,-1,-1
25,5,266.85,113.71,62.96,172.53,0.6807,-1,-1,-1
25,4,678.82,54.27,27.34,73.22,0.8461,-1,-1,-1
25,3,10.26,88.86,51.87,169.71,0.8928,-1,-1,-1
25,2,312.18,111.84,48.82,178.01,0.9086,-1,-1,-1
25,1,360.57,77.54,59.61,151.36,0.9252,-1,-1,-1
26,9,117.14,87.67,49.45,183.35,0.8873,-1,-1,-1
26,7,48.54,91.24,60.13,207.25,0.5061,-1,-1,-1
26,5,268.50,113.59,62.17,171.55,0.6807,-1,-1,-1
26,4,678.69,53.91,25.63,73.44,0.8461,-1,-1,-1
26,3,6.85,87.75,51.35,171.74,0.8928,-1,-1,-1
26,2,316.65,110.81,50.18,177.14,0.9086,-1,-1,-1
26,1,362.81,77.29,59.13,150.42,0.9252,-1,-1,-1
27,9,112.58,88.61,52.36,186.26,0.8873,-1,-1,-1
27,7,40.74,91.80,68.34,208.28,0.5061,-1,-1,-1
27,5,272.42,113.42,59.12,170.12,0.6807,-1,-1,-1
27,4,672.39,53.57,30.51,73.47,0.8461,-1,-1,-1
27,3,7.56,88.87,46.01,169.94,0.8928,-1,-1,-1
27,2,319.74,111.01,52.63,176.26,0.9086,-1,-1,-1
27,1,365.06,77.32,58.74,149.36,0.9252,-1,-1,-1
28,9,109.90,89.10,53.83,189.67,0.8873,-1,-1,-1
28,7,31.34,92.89,73.26,208.81,0.5061,-1,-1,-1
28,5,277.47,112.86,56.53,168.33,0.6807,-1,-1,-1
28,4,671.89,53.11,29.45,73.14,0.8461,-1,-1,-1
28,3,5.57,88.58,46.19,170.58,0.8928,-1,-1,-1
28,2,323.03,110.46,57.55,175.27,0.9086,-1,-1,-1
28,1,368.65,77.50,55.78,147.30,0.9252,-1,-1,-1
29,9,105.88,89.87,57.37,190.43,0.8873,-1,-1,-1
29,7,22.79,94.78,80.49,210.28,0.5061,-1,-1,-1
29,5,282.43,111.21,53.69,167.76,0.6807,-1,-1,-1
29,4,669.54,52.37,30.00,74.42,0.8461,-1,-1,-1
29,3,2.01,87.43,44.65,171.69,0.8928,-1,-1,-1
29,2,326.64,110.04,70.70,175.48,0.9086,-1,-1,-1
29,1,373.60,76.52,50.78,145.71,0.9252,-1,-1,-1
30,9,99.76,90.86,63.59,190.77,0.8873,-1,-1,-1
30,7,15.92,97.98,84.66,208.13,0.5061,-1,-1,-1
30,5,289.69,109.63,51.10,164.19,0.6807,-1,-1,-1
30,4,667.66,52.66,30.22,74.64,0.8461,-1,-1,-1
30,3,0.00,87.07,42.09,173.55,0.8928,-1,-1,-1
30,2,327.87,111.09,75.61,174.25,0.9086,-1,-1,-1
30,1,377.11,75.84,47.12,143.57,0.9252,-1,-1,-1
31,9,95.79,91.71,67.52,190.76,0.8873,-1,-1,-1
31,7,12.57,123.16,86.36,184.53,0.5061,-1,-1,-1
31,5,298.02,107.27,47.20,163.12,0.6807,-1,-1,-1
31,4,668.39,52.31,27.24,74.44,0.8461,-1,-1,-1
31,3,0.00,87.86,38.84,173.11,0.8928,-1,-1,-1
31,2,327.94,109.71,77.14,176.32,0.9086,-1,-1,-1
31,1,380.68,73.89,44.76,143.42,0.9252,-1,-1,-1
32,9,92.75,92.77,70.09,191.12,0.8873,-1,-1,-1
32,7,12.04,97.42,88.93,211.36,0.5061,-1,-1,-1
32,5,306.87,104.66,42.46,160.96,0.6807,-1,-1,-1
32,4,667.96,51.28,25.36,75.05,0.8461,-1,-1,-1
32,3,0.00,88.14,36.15,171.74,0.8928,-1,-1,-1
32,2,329.12,109.44,78.54,174.63,0.9086,-1,-1,-1
32,1,383.38,72.63,44.45,143.36,0.9252,-1,-1,-1
33,9,87.37,93.85,74.70,191.21,0.8873,-1,-1,-1
33,7,12.08,98.03,88.35,213.64,0.5061,-1,-1,-1
33,5,312.00,103.52,41.44,157.82,0.6807,-1,-1,-1
33,4,667.39,50.71,24.64,74.61,0.8461,-1,-1,-1
33,3,0.00,86.24,32.61,169.68,0.8928,-1,-1,-1
33,2,331.72,108.43,75.62,173.84,0.9086,-1,-1,-1
33,1,385.96,71.98,43.86,141.94,0.9252,-1,-1,-1
34,11,32.08,99.06,69.32,169.93,0.3908,-1,-1,-1
34,9,88.50,93.74,71.77,191.19,0.8873,-1,-1,-1
34,7,11.15,101.54,86.24,211.76,0.5061,-1,-1,-1
34,5,313.24,102.21,42.87,158.70,0.6807,-1,-1,-1
34,4,665.81,50.30,24.61,74.85,0.8461,-1,-1,-1
34,3,0.11,85.93,27.74,168.85,0.8928,-1,-1,-1
34,2,337.80,108.33,62.21,169.09,0.9086,-1,-1,-1
34,1,387.95,72.01,46.11,140.52,0.9252,-1,-1,-1
35,9,88.13,94.35,69.22,191.23,0.8873,-1,-1,-1
35,7,10.30,99.72,86.58,213.28,0.5061,-1,-1,-1
35,5,318.89,101.71,39.63,158.17,0.6807,-1,-1,-1
35,4,663.25,50.07,25.70,74.91,0.8461,-1,-1,-1
35,3,0.07,89.50,24.55,165.96,0.8928,-1,-1,-1
35,2,342.99,108.10,60.72,167.34,0.9086,-1,-1,-1
35,1,391.75,71.77,49.97,139.14,0.9252,-1,-1,-1
36,11,24.89,100.23,73.84,176.55,0.3908,-1,-1,-1
36,9,85.86,94.66,65.76,190.76,0.8873,-1,-1,-1
36,7,10.62,108.42,75.63,204.65,0.5061,-1,-1,-1
36,5,322.44,101.54,39.69,158.68,0.6807,-1,-1,-1
36,4,660.59,49.98,26.89,75.54,0.8461,-1,-1,-1
36,3,0.06,92.68,19.73,153.38,0.8928,-1,-1,-1
36,2,350.76,106.76,55.82,166.10,0.9086,-1,-1,-1
36,1,394.55,72.12,51.29,135.19,0.9252,-1,-1,-1
37,11,22.54,99.66,71.51,181.75,0.3908,-1,-1,-1
37,9,82.15,94.81,63.89,191.28,0.8873,-1,-1,-1
37,7,6.67,132.40,70.33,180.35,0.5061,-1,-1,-1
37,5,324.97,101.47,45.11,159.08,0.6807,-1,-1,-1
37,4,658.73,50.48,27.69,74.94,0.8461,-1,-1,-1
37,3,0.07,93.33,16.21,144.71,0.8928,-1,-1,-1
37,2,355.21,104.72,55.61,166.36,0.9086,-1,-1,-1
37,1,398.56,72.35,48.42,132.05,0.9252,-1,-1,-1
38,11,20.38,98.99,69.90,185.30,0.3908,-1,-1,-1
38,9,78.84,95.58,60.65,191.09,0.8873,-1,-1,-1
38,7,1.48,136.76,66.52,176.95,0.5061,-1,-1,-1
38,5,325.94,102.23,49.63,159.24,0.6807,-1,-1,-1
38,4,657.21,51.20,28.08,73.44,0.8461,-1,-1,-1
38,3,0.00,94.60,12.36,144.45,0.8928,-1,-1,-1
38,2,360.39,103.91,54.48,166.40,0.9086,-1,-1,-1
38,1,401.91,72.88,44.87,130.34,0.9252,-1,-1,-1
39,11,14.06,99.84,69.70,193.71,0.3908,-1,-1,-1
39,9,77.18,96.01,56.43,190.52,0.8873,-1,-1,-1
39,7,0.18,136.13,58.53,178.08,0.5061,-1,-1,-1
39,5,327.22,102.67,51.32,157.68,0.6807,-1,-1,-1
39,4,652.07,51.30,31.42,73.44,0.8461,-1,-1,-1
39,2,362.92,103.20,56.38,165.08,0.9086,-1,-1,-1
39,1,405.00,72.43,41.62,130.05,0.9252,-1,-1,-1
40,11,11.94,100.13,64.56,186.43,0.3908,-1,-1,-1
40,9,73.29,95.86,53.68,190.67,0.8873,-1,-1,-1
40,7,0.22,132.95,51.22,181.28,0.5061,-1,-1,-1
40,5,327.56,102.04,50.74,157.12,0.6807,-1,-1,-1
40,4,651.80,50.36,29.78,73.97,0.8461,-1,-1,-1
40,2,364.94,103.82,58.53,166.38,0.9086,-1,-1,-1
40,1,406.82,73.23,42.06,129.48,0.9252,-1,-1,-1
41,12,0.05,135.57,40.85,181.81,0.3423,-1,-1,-1
41,11,9.95,100.12,58.83,182.59,0.3908,-1,-1,-1
41,9,69.84,96.41,50.90,189.63,0.8873,-1,-1,-1
41,5,329.42,100.53,51.54,157.11,0.6807,-1,-1,-1
41,4,652.62,49.20,27.25,74.70,0.8461,-1,-1,-1
41,2,370.04,104.74,56.40,164.63,0.9086,-1,-1,-1
41,1,410.90,71.88,41.20,130.68,0.9252,-1,-1,-1
42,12,0.00,135.62,39.66,184.42,0.3423,-1,-1,-1
42,11,8.91,100.91,54.08,182.16,0.3908,-1,-1,-1
42,9,66.61,96.37,53.10,189.71,0.8873,-1,-1,-1
42,5,333.09,99.55,50.00,153.92,0.6807,-1,-1,-1
42,4,651.61,49.10,26.69,75.17,0.8461,-1,-1,-1
42,2,371.67,105.74,59.43,163.77,0.9086,-1,-1,-1
42,1,413.31,71.72,42.14,130.54,0.9252,-1,-1,-1
43,12,0.04,136.82,37.56,185.35,0.3423,-1,-1,-1
43,11,6.57,101.45,50.45,182.42,0.3908,-1,-1,-1
43,9,63.79,97.39,55.95,188.89,0.8873,-1,-1,-1
43,5,339.59,98.96,45.90,149.12,0.6807,-1,-1,-1
43,4,651.51,48.49,25.63,75.67,0.8461,-1,-1,-1
43,2,375.71,105.30,58.31,164.21,0.9086,-1,-1,-1
43,1,415.94,71.17,42.00,130.90,0.9252,-1,-1,-1
44,12,0.00,138.07,39.41,183.08,0.3423,-1,-1,-1
44,11,1.27,101.59,54.77,181.34,0.3908,-1,-1,-1
44,9,57.64,98.16,62.08,188.78,0.8873,-1,-1,-1
44,5,342.75,97.82,46.10,148.34,0.6807,-1,-1,-1
44,4,649.64,48.47,26.34,74.58,0.8461,-1,-1,-1
44,2,379.95,103.01,57.17,166.73,0.9086,-1,-1,-1
44,1,417.91,70.51,43.19,131.81,0.9252,-1,-1,-1
45,12,0.00,135.63,39.64,183.17,0.3423,-1,-1,-1
45,11,0.11,103.23,56.08,179.75,0.3908,-1,-1,-1
45,9,48.66,99.88,71.19,187.89,0.8873,-1,-1,-1
45,5,349.38,96.50,41.57,145.43,0.6807,-1,-1,-1
45,4,648.35,48.77,26.77,73.85,0.8461,-1,-1,-1
45,2,381.24,102.41,58.37,166.98,0.9086,-1,-1,-1
45,1,418.96,68.44,45.23,133.44,0.9252,-1,-1,-1
46,14,100.07,42.94,37.42,93.96,0.3175,-1,-1,-1
46,11,0.00,103.76,52.91,212.75,0.3908,-1,-1,-1
46,9,41.31,100.61,78.73,188.24,0.8873,-1,-1,-1
46,5,354.82,95.14,39.09,145.89,0.6807,-1,-1,-1
46,4,646.37,48.61,27.64,73.88,0.8461,-1,-1,-1
46,2,384.71,102.51,56.67,165.54,0.9086,-1,-1,-1
46,1,418.93,66.30,47.20,135.10,0.9252,-1,-1,-1
47,14,96.38,42.53,43.97,93.85,0.3175,-1,-1,-1
47,11,0.04,105.25,54.88,208.58,0.3908,-1,-1,-1
47,9,36.52,101.47,83.54,188.06,0.8873,-1,-1,-1
47,5,355.99,94.27,41.06,147.09,0.6807,-1,-1,-1
47,4,644.40,48.60,27.84,72.47,0.8461,-1,-1,-1
47,2,388.67,99.81,55.89,165.73,0.9086,-1,-1,-1
47,1,421.69,66.21,46.69,135.08,0.9252,-1,-1,-1
48,14,102.20,41.38,46.80,95.05,0.3175,-1,-1,-1
48,11,0.03,108.06,49.27,205.84,0.3908,-1,-1,-1
48,9,30.88,103.78,87.70,189.09,0.8873,-1,-1,-1
48,5,354.72,93.68,47.39,148.15,0.6807,-1,-1,-1
48,4,641.20,48.68,28.52,74.01,0.8461,-1,-1,-1
48,2,397.14,96.48,50.78,151.49,0.9086,-1,-1,-1
48,1,431.14,65.46,42.15,125.85,0.9252,-1,-1,-1
49,14,105.16,39.81,46.70,95.89,0.3175,-1,-1,-1
49,11,0.00,104.95,46.95,210.54,0.3908,-1,-1,-1
49,9,29.55,103.55,88.10,190.80,0.8873,-1,-1,-1
49,5,354.08,93.98,50.61,146.76,0.6807,-1,-1,-1
49,4,640.31,48.41,28.30,74.46,0.8461,-1,-1,-1
49,2,399.98,94.95,51.38,160.24,0.9086,-1,-1,-1
49,1,435.47,66.59,39.78,125.24,0.9252,-1,-1,-1
50,16,817.73,19.49,17.21,34.54,0.3209,-1,-1,-1
50,15,219.90,33.12,37.64,88.83,0.4289,-1,-1,-1
50,11,0.00,107.78,44.52,207.52,0.3908,-1,-1,-1
50,9,28.17,103.70,88.43,190.17,0.8873,-1,-1,-1
50,5,353.67,94.16,55.06,147.69,0.6807,-1,-1,-1
50,4,637.75,48.14,29.68,74.13,0.8461,-1,-1,-1
50,2,403.35,95.02,50.85,156.04,0.9086,-1,-1,-1
50,1,435.57,67.46,41.15,122.58,0.9252,-1,-1,-1
51,16,817.08,19.84,16.29,33.90,0.3209,-1,-1,-1
51,15,221.17,33.86,37.97,90.16,0.4289,-1,-1,-1
51,11,0.00,111.44,48.84,203.03,0.3908,-1,-1,-1
51,9,25.63,103.96,88.14,189.70,0.8873,-1,-1,-1
51,5,355.15,94.22,56.55,148.05,0.6807,-1,-1,-1
51,4,636.53,48.36,29.57,74.24,0.8461,-1,-1,-1
51,2,405.60,94.58,50.84,154.60,0.9086,-1,-1,-1
51,1,439.53,67.14,39.28,123.76,0.9252,-1,-1,-1
52,15,221.94,34.35,36.47,89.54,0.4289,-1,-1,-1
52,11,0.00,112.97,40.07,203.09,0.3908,-1,-1,-1
52,9,22.77,103.81,85.88,191.25,0.8873,-1,-1,-1
52,5,357.45,93.36,56.72,148.10,0.6807,-1,-1,-1
52,4,635.90,48.10,29.20,74.83,0.8461,-1,-1,-1
52,2,408.28,94.45,50.58,155.22,0.9086,-1,-1,-1
52,1,444.65,66.91,36.12,124.13,0.9252,-1,-1,-1
53,15,224.47,34.36,36.63,90.00,0.4289,-1,-1,-1
53,11,0.00,118.78,47.18,192.03,0.3908,-1,-1,-1
53,9,18.20,103.95,83.48,190.81,0.8873,-1,-1,-1
53,5,359.86,91.89,57.35,147.94,0.6807,-1,-1,-1
53,4,635.21,48.15,28.91,74.73,0.8461,-1,-1,-1
53,2,411.37,94.40,51.93,153.81,0.9086,-1,-1,-1
53,1,444.97,67.24,38.10,121.18,0.9252,-1,-1,-1
54,15,227.37,33.92,34.45,86.89,0.4289,-1,-1,-1
54,11,0.00,124.49,38.38,172.15,0.3908,-1,-1,-1
54,9,15.42,103.97,78.50,191.45,0.8873,-1,-1,-1
54,5,364.54,91.75,53.85,144.97,0.6807,-1,-1,-1
54,4,634.41,47.37,28.60,75.23,0.8461,-1,-1,-1
54,2,415.16,92.62,57.30,154.80,0.9086,-1,-1,-1
55,15,233.09,33.42,29.72,86.40,0.4289,-1,-1,-1
55,9,10.15,103.86,76.36,192.57,0.8873,-1,-1,-1
55,5,369.53,90.39,54.06,140.79,0.6807,-1,-1,-1
55,4,634.22,46.05,27.80,76.30,0.8461,-1,-1,-1
55,2,418.36,91.77,61.98,153.26,0.9086,-1,-1,-1
56,15,237.43,32.31,27.94,86.20,0.4289,-1,-1,-1
56,11,0.00,119.48,27.57,190.47,0.3908,-1,-1,-1
56,9,8.40,104.46,70.56,191.75,0.8873,-1,-1,-1
56,5,376.04,88.71,49.50,140.37,0.6807,-1,-1,-1
56,4,633.90,45.24,27.43,77.19,0.8461,-1,-1,-1
56,2,419.98,91.89,64.66,155.27,0.9086,-1,-1,-1
57,15,240.18,31.81,25.80,85.64,0.4289,-1,-1,-1
57,11,0.00,124.72,19.01,180.92,0.3908,-1,-1,-1
57,9,2.44,105.16,66.10,191.78,0.8873,-1,-1,-1
57,5,382.01,87.79,44.73,138.91,0.6807,-1,-1,-1
57,4,633.97,45.24,26.54,76.73,0.8461,-1,-1,-1
57,2,420.85,90.45,63.67,157.02,0.9086,-1,-1,-1
58,15,242.29,31.54,25.59,92.01,0.4289,-1,-1,-1
58,9,0.36,105.58,60.28,195.60,0.8873,-1,-1,-1
58,5,386.77,86.33,41.52,139.37,0.6807,-1,-1,-1
58,4,633.82,45.25,25.95,76.78,0.8461,-1,-1,-1
58,2,423.33,92.90,61.98,153.58,0.9086,-1,-1,-1
59,9,0.18,106.18,58.13,198.65,0.8873,-1,-1,-1
59,5,390.68,85.65,40.34,138.49,0.6807,-1,-1,-1
59,4,633.30,45.35,25.83,76.10,0.8461,-1,-1,-1
59,2,425.94,84.71,62.19,158.99,0.9086,-1,-1,-1
60,9,0.07,107.16,57.73,201.72,0.8873,-1,-1,-1
60,5,394.39,85.20,38.77,138.89,0.6807,-1,-1,-1
60,4,632.80,45.12,25.55,75.63,0.8461,-1,-1,-1
60,2,430.54,82.62,59.69,158.07,0.9086,-1,-1,-1
61,9,0.05,108.07,58.02,203.79,0.8873,-1,-1,-1
61,5,396.67,85.09,38.93,137.96,0.6807,-1,-1,-1
61,4,632.37,44.90,25.42,75.77,0.8461,-1,-1,-1
61,2,436.53,87.74,56.73,150.20,0.9086,-1,-1,-1
62,9,0.14,109.61,58.04,203.94,0.8873,-1,-1,-1
62,5,397.24,85.40,45.62,137.02,0.6807,-1,-1,-1
62,4,631.69,44.66,25.72,75.88,0.8461,-1,-1,-1
62,2,441.39,88.19,56.81,148.25,0.9086,-1,-1,-1
63,9,0.16,111.31,57.91,202.58,0.8873,-1,-1,-1
63,5,397.01,85.22,50.21,138.01,0.6807,-1,-1,-1
63,4,631.21,44.71,25.67,75.80,0.8461,-1,-1,-1
63,2,445.14,85.45,53.73,149.97,0.9086,-1,-1,-1
64,9,0.24,113.44,58.01,200.88,0.8873,-1,-1,-1
64,5,397.51,85.99,52.74,136.04,0.6807,-1,-1,-1
64,4,630.49,45.34,25.84,74.76,0.8461,-1,-1,-1
64,2,448.01,92.42,53.00,142.61,0.9086,-1,-1,-1
65,9,0.04,113.22,57.75,200.41,0.8873,-1,-1,-1
65,5,397.63,85.63,53.79,136.79,0.6807,-1,-1,-1
65,4,629.93,45.41,25.74,74.92,0.8461,-1,-1,-1
65,2,450.31,92.12,53.51,142.44,0.9086,-1,-1,-1
66,9,0.05,109.71,57.48,201.58,0.8873,-1,-1,-1
66,5,398.58,85.39,55.05,135.98,0.6807,-1,-1,-1
66,4,629.62,45.45,25.68,74.83,0.8461,-1,-1,-1
66,2,452.92,90.89,54.03,144.06,0.9086,-1,-1,-1
67,9,0.11,119.18,54.41,190.18,0.8873,-1,-1,-1
67,5,401.62,84.89,53.66,135.10,0.6807,-1,-1,-1
67,4,629.55,45.43,24.90,74.73,0.8461,-1,-1,-1
67,2,455.42,89.89,54.19,145.62,0.9086,-1,-1,-1
68,9,0.00,110.50,49.11,193.02,0.8873,-1,-1,-1
68,5,405.71,82.97,50.79,134.77,0.6807,-1,-1,-1
68,4,629.44,45.66,24.79,74.57,0.8461,-1,-1,-1
68,2,457.73,87.23,54.45,147.20,0.9086,-1,-1,-1
69,9,0.04,155.54,41.52,153.43,0.8873,-1,-1,-1
69,5,410.97,82.18,46.39,132.03,0.6807,-1,-1,-1
69,4,628.81,45.68,25.05,74.44,0.8461,-1,-1,-1
69,2,459.72,87.04,53.93,146.59,0.9086,-1,-1,-1
70,19,785.59,22.58,28.15,34.67,0.3273,-1,-1,-1
70,5,415.51,81.12,43.60,131.89,0.6807,-1,-1,-1
70,4,628.43,45.66,25.24,74.43,0.8461,-1,-1,-1
70,2,461.53,85.78,52.54,148.64,0.9086,-1,-1,-1
71,5,422.45,79.81,42.71,132.15,0.6807,-1,-1,-1
71,4,627.84,45.55,25.63,74.20,0.8461,-1,-1,-1
71,2,463.37,87.72,50.84,146.06,0.9086,-1,-1,-1
72,19,785.76,21.36,28.36,36.38,0.3273,-1,-1,-1
72,5,428.76,78.36,39.86,133.32,0.6807,-1,-1,-1
72,4,625.66,46.00,27.18,73.74,0.8461,-1,-1,-1
72,2,467.48,84.81,49.01,142.65,0.9086,-1,-1,-1
73,19,785.72,21.00,28.33,36.75,0.3273,-1,-1,-1
73,5,429.76,78.28,41.02,132.86,0.6807,-1,-1,-1
73,4,624.44,45.88,28.11,74.29,0.8461,-1,-1,-1
73,2,470.21,86.96,47.39,139.71,0.9086,-1,-1,-1
74,19,785.75,21.68,28.37,36.04,0.3273,-1,-1,-1
74,5,429.12,78.84,44.19,130.76,0.6807,-1,-1,-1
74,4,623.48,45.91,29.06,74.79,0.8461,-1,-1,-1
74,2,470.77,85.67,48.44,113.11,0.9086,-1,-1,-1
75,19,785.78,22.13,28.24,35.56,0.3273,-1,-1,-1
75,5,429.27,79.26,43.95,129.66,0.6807,-1,-1,-1
75,4,623.18,46.08,29.19,74.78,0.8461,-1,-1,-1
75,2,473.09,85.08,47.68,133.98,0.9086,-1,-1,-1
76,19,785.71,21.90,28.40,35.89,0.3273,-1,-1,-1
76,5,430.14,79.65,45.87,129.74,0.6807,-1,-1,-1
76,4,620.84,46.26,31.12,74.55,0.8461,-1,-1,-1
76,2,473.99,83.97,47.52,136.80,0.9086,-1,-1,-1
77,19,785.61,22.22,28.59,35.61,0.3273,-1,-1,-1
77,5,430.32,80.37,48.10,129.22,0.6807,-1,-1,-1
77,4,620.44,45.68,30.69,75.08,0.8461,-1,-1,-1
77,2,476.15,81.91,46.80,137.12,0.9086,-1,-1,-1
78,20,185.48,37.61,25.25,86.67,0.4259,-1,-1,-1
78,19,785.56,22.25,28.60,35.58,0.3273,-1,-1,-1
78,5,432.77,79.72,48.03,129.30,0.6807,-1,-1,-1
78,4,618.60,45.67,32.26,74.98,0.8461,-1,-1,-1
78,2,477.65,83.07,47.54,135.82,0.9086,-1,-1,-1
79,20,186.43,38.74,26.05,86.16,0.4259,-1,-1,-1
79,19,785.61,22.16,28.49,35.71,0.3273,-1,-1,-1
79,5,435.17,79.53,48.44,129.09,0.6807,-1,-1,-1
79,4,618.87,46.32,31.41,74.36,0.8461,-1,-1,-1
79,2,479.61,82.57,49.11,135.52,0.9086,-1,-1,-1
80,20,187.17,38.17,26.34,87.40,0.4259,-1,-1,-1
80,19,785.67,22.37,28.49,35.42,0.3273,-1,-1,-1
80,5,439.31,78.64,46.24,128.26,0.6807,-1,-1,-1
80,4,619.09,46.43,30.92,74.27,0.8461,-1,-1,-1
80,2,482.81,81.34,49.75,135.42,0.9086,-1,-1,-1
81,20,189.37,37.07,27.39,87.37,0.4259,-1,-1,-1
81,19,785.90,22.51,28.19,35.17,0.3273,-1,-1,-1
81,5,442.54,78.63,44.85,125.31,0.6807,-1,-1,-1
81,4,619.03,46.49,30.13,74.17,0.8461,-1,-1,-1
81,2,485.60,79.36,50.93,136.79,0.9086,-1,-1,-1
82,19,785.80,21.98,28.33,35.72,0.3273,-1,-1,-1
82,5,447.65,77.65,42.06,123.42,0.6807,-1,-1,-1
82,4,618.59,46.54,30.69,74.43,0.8461,-1,-1,-1
82,2,487.15,76.40,51.04,141.40,0.9086,-1,-1,-1
83,19,785.91,22.11,28.24,35.59,0.3273,-1,-1,-1
83,5,453.52,76.00,36.03,121.75,0.6807,-1,-1,-1
83,4,618.34,46.53,30.97,74.54,0.8461,-1,-1,-1
83,2,488.27,77.40,50.58,139.53,0.9086,-1,-1,-1
84,19,785.93,21.85,28.24,35.87,0.3273,-1,-1,-1
84,5,456.87,75.20,34.00,123.45,0.6807,-1,-1,-1
84,4,618.29,46.49,30.82,74.71,0.8461,-1,-1,-1
84,2,490.37,82.59,49.48,131.26,0.9086,-1,-1,-1
85,19,785.78,22.25,28.36,35.40,0.3273,-1,-1,-1
85,5,460.57,74.51,31.61,122.10,0.6807,-1,-1,-1
85,4,618.14,45.95,30.65,75.21,0.8461,-1,-1,-1
85,2,491.87,81.15,50.26,130.78,0.9086,-1,-1,-1
86,19,785.71,21.96,28.46,35.78,0.3273,-1,-1,-1
86,5,461.15,74.45,32.67,122.11,0.6807,-1,-1,-1
86,4,618.19,45.91,30.45,75.24,0.8461,-1,-1,-1
86,2,496.01,80.84,48.20,128.72,0.9086,-1,-1,-1
87,19,785.88,22.49,28.28,35.11,0.3273,-1,-1,-1
87,5,461.86,74.10,33.81,121.76,0.6807,-1,-1,-1
87,4,617.74,45.51,30.55,75.47,0.8461,-1,-1,-1
87,2,500.16,79.82,46.25,128.19,0.9086,-1,-1,-1
88,21,231.60,36.69,28.67,80.66,0.4412,-1,-1,-1
88,19,785.73,22.45,28.34,35.12,0.3273,-1,-1,-1
88,5,462.07,74.57,39.17,121.36,0.6807,-1,-1,-1
88,4,617.89,45.26,30.22,75.87,0.8461,-1,-1,-1
88,2,503.92,77.62,45.43,129.28,0.9086,-1,-1,-1
89,21,230.74,37.09,32.88,81.20,0.4412,-1,-1,-1
89,19,785.68,22.53,28.35,35.00,0.3273,-1,-1,-1
89,5,462.25,75.18,42.15,120.70,0.6807,-1,-1,-1
89,4,617.62,45.27,30.20,75.86,0.8461,-1,-1,-1
89,2,506.77,78.38,44.81,128.04,0.9086,-1,-1,-1
90,21,234.65,37.02,30.17,79.92,0.4412,-1,-1,-1
90,19,785.55,22.94,28.48,34.56,0.3273,-1,-1,-1
90,5,462.86,75.03,42.41,120.90,0.6807,-1,-1,-1
90,4,617.59,45.29,30.03,75.92,0.8461,-1,-1,-1
90,2,510.34,79.76,43.65,125.74,0.9086,-1,-1,-1
91,21,240.15,36.32,24.81,80.82,0.4412,-1,-1,-1
91,19,785.65,22.99,28.53,34.57,0.3273,-1,-1,-1
91,5,463.64,71.85,42.51,123.29,0.6807,-1,-1,-1
91,4,617.77,45.59,29.47,75.43,0.8461,-1,-1,-1
91,2,512.54,79.17,43.96,126.89,0.9086,-1,-1,-1
92,21,242.70,36.54,22.91,78.94,0.4412,-1,-1,-1
92,19,785.57,22.76,28.63,34.91,0.3273,-1,-1,-1
92,5,464.58,70.06,42.30,123.39,0.6807,-1,-1,-1
92,4,617.75,45.33,29.16,75.60,0.8461,-1,-1,-1
92,2,514.51,78.01,43.88,128.00,0.9086,-1,-1,-1
93,19,785.79,22.60,28.34,35.02,0.3273,-1,-1,-1
93,5,466.83,70.58,41.51,122.66,0.6807,-1,-1,-1
93,4,617.75,45.48,28.66,75.43,0.8461,-1,-1,-1
93,2,516.29,77.63,44.27,127.97,0.9086,-1,-1,-1
94,19,785.72,22.46,28.50,35.17,0.3273,-1,-1,-1
94,5,469.88,67.76,41.58,123.34,0.6807,-1,-1,-1
94,4,617.76,45.73,28.16,75.22,0.8461,-1,-1,-1
94,2,516.90,77.79,46.11,128.11,0.9086,-1,-1,-1
95,19,785.68,22.82,28.45,34.81,0.3273,-1,-1,-1
95,5,474.74,71.27,38.16,117.76,0.6807,-1,-1,-1
95,4,617.63,45.98,27.77,74.98,0.8461,-1,-1,-1
95,2,517.61,78.71,46.07,127.35,0.9086,-1,-1,-1
96,19,785.60,22.75,28.54,34.99,0.3273,-1,-1,-1
96,5,484.18,70.10,33.50,116.95,0.6807,-1,-1,-1
96,4,617.56,45.57,28.10,75.08,0.8461,-1,-1,-1
96,2,521.84,77.76,42.85,125.47,0.9086,-1,-1,-1
97,19,785.57,22.82,28.60,34.84,0.3273,-1,-1,-1
97,5,487.40,69.44,33.45,117.52,0.6807,-1,-1,-1
97,4,617.61,45.79,27.85,74.92,0.8461,-1,-1,-1
97,2,524.05,75.18,41.20,126.28,0.9086,-1,-1,-1
98,19,785.61,22.95,28.53,34.68,0.3273,-1,-1,-1
98,5,489.55,67.77,33.12,120.08,0.6807,-1,-1,-1
98,4,617.54,45.61,28.13,75.00,0.8461,-1,-1,-1
98,2,523.43,74.36,42.74,125.47,0.9086,-1,-1,-1
99,19,785.64,22.81,28.53,34.78,0.3273,-1,-1,-1
99,5,488.47,68.17,35.31,118.01,0.6807,-1,-1,-1
99,4,617.58,45.78,28.37,74.89,0.8461,-1,-1,-1
99,2,522.90,73.56,44.10,123.80,0.9086,-1,-1,-1
100,19,785.70,23.01,28.44,34.62,0.3273,-1,-1,-1
100,5,484.98,71.16,39.99,115.22,0.6807,-1,-1,-1
100,4,617.66,46.15,28.23,74.49,0.8461,-1,-1,-1
100,2,525.24,72.57,42.30,121.97,0.9086,-1,-1,-1
101,19,785.71,23.32,28.46,34.34,0.3273,-1,-1,-1
101,5,484.58,71.16,41.90,115.47,0.6807,-1,-1,-1
101,4,617.70,46.42,27.81,74.30,0.8461,-1,-1,-1
101,2,525.68,69.62,43.75,125.34,0.9086,-1,-1,-1
102,19,785.59,23.34,28.55,34.30,0.3273,-1,-1,-1
102,5,484.81,68.55,43.49,117.72,0.6807,-1,-1,-1
102,4,617.70,46.22,27.92,74.47,0.8461,-1,-1,-1
102,2,527.29,69.17,43.54,124.66,0.9086,-1,-1,-1
103,19,785.54,23.22,28.62,34.53,0.3273,-1,-1,-1
103,5,486.52,67.70,43.76,118.11,0.6807,-1,-1,-1
103,4,617.65,46.23,27.84,74.34,0.8461,-1,-1,-1
103,2,530.27,69.92,42.69,122.78,0.9086,-1,-1,-1
104,19,785.59,23.09,28.61,34.71,0.3273,-1,-1,-1
104,5,487.93,65.96,44.23,119.40,0.6807,-1,-1,-1
104,4,617.73,46.54,27.88,74.06,0.8461,-1,-1,-1
104,2,531.89,68.72,44.92,123.63,0.9086,-1,-1,-1
105,19,785.59,23.18,28.67,34.64,0.3273,-1,-1,-1
105,5,490.24,67.06,43.84,116.89,0.6807,-1,-1,-1
105,4,617.58,46.60,28.00,74.00,0.8461,-1,-1,-1
105,2,534.49,68.65,45.38,123.68,0.9086,-1,-1,-1
106,19,785.65,23.20,28.53,34.54,0.3273,-1,-1,-1
106,5,494.23,65.46,42.94,114.19,0.6807,-1,-1,-1
106,4,617.39,46.46,27.97,74.24,0.8461,-1,-1,-1
106,2,535.50,70.45,46.82,121.19,0.9086,-1,-1,-1
107,19,785.44,23.02,28.80,34.78,0.3273,-1,-1,-1
107,5,497.80,65.08,43.16,114.23,0.6807,-1,-1,-1
107,4,617.49,46.31,27.99,74.33,0.8461,-1,-1,-1
107,2,537.42,74.27,45.17,117.74,0.9086,-1,-1,-1
108,19,785.65,23.03,28.58,34.68,0.3273,-1,-1,-1
108,5,503.97,65.55,36.48,111.64,0.6807,-1,-1,-1
108,4,617.59,46.05,27.74,74.50,0.8461,-1,-1,-1
108,2,538.50,72.40,43.42,118.51,0.9086,-1,-1,-1
109,19,785.75,23.24,28.44,34.45,0.3273,-1,-1,-1
109,5,507.69,64.64,33.73,111.50,0.6807,-1,-1,-1
109,4,617.47,46.19,27.77,74.36,0.8461,-1,-1,-1
109,2,542.06,73.33,41.54,115.12,0.9086,-1,-1,-1
110,19,785.73,23.20,28.47,34.54,0.3273,-1,-1,-1
110,5,510.75,63.73,31.43,112.96,0.6807,-1,-1,-1
110,4,617.46,46.37,27.78,74.14,0.8461,-1,-1,-1
110,2,542.85,73.32,43.15,113.81,0.9086,-1,-1,-1
111,19,785.79,22.97,28.42,34.66,0.3273,-1,-1,-1
111,5,511.80,63.75,30.96,111.77,0.6807,-1,-1,-1
111,4,617.55,46.03,27.68,74.50,0.8461,-1,-1,-1
111,2,545.95,72.50,43.07,113.52,0.9086,-1,-1,-1
112,19,785.72,23.02,28.52,34.63,0.3273,-1,-1,-1
112,5,513.03,63.85,31.47,111.30,0.6807,-1,-1,-1
112,4,617.58,46.27,27.61,74.31,0.8461,-1,-1,-1
112,2,547.90,70.40,44.71,114.50,0.9086,-1,-1,-1
113,19,785.75,23.01,28.53,34.57,0.3273,-1,-1,-1
113,5,513.53,63.86,32.75,110.29,0.6807,-1,-1,-1
113,4,617.62,46.20,27.67,74.35,0.8461,-1,-1,-1
113,2,550.69,68.06,44.66,115.65,0.9086,-1,-1,-1
114,19,785.70,22.98,28.58,34.61,0.3273,-1,-1,-1
114,5,513.59,63.74,34.48,109.86,0.6807,-1,-1,-1
114,4,617.59,46.09,27.67,74.47,0.8461,-1,-1,-1
114,2,554.31,68.91,43.56,114.90,0.9086,-1,-1,-1
115,19,785.69,23.03,28.51,34.51,0.3273,-1,-1,-1
115,5,514.60,64.93,34.48,108.48,0.6807,-1,-1,-1
115,4,617.63,46.45,27.65,74.11,0.8461,-1,-1,-1
115,2,557.04,68.60,42.76,114.25,0.9086,-1,-1,-1
116,19,785.69,23.03,28.52,34.53,0.3273,-1,-1,-1
116,5,514.54,64.94,35.75,108.85,0.6807,-1,-1,-1
116,4,617.65,46.86,27.60,73.68,0.8461,-1,-1,-1
116,2,557.27,67.24,44.61,117.06,0.9086,-1,-1,-1
117,19,785.71,23.46,28.49,34.16,0.3273,-1,-1,-1
117,5,514.97,64.97,35.94,106.86,0.6807,-1,-1,-1
117,4,617.52,46.66,27.77,73.90,0.8461,-1,-1,-1
117,2,556.56,68.08,46.81,116.01,0.9086,-1,-1,-1
118,19,785.61,23.40,28.55,34.23,0.3273,-1,-1,-1
118,5,515.58,64.43,36.83,107.30,0.6807,-1,-1,-1
118,4,617.49,46.76,27.80,73.77,0.8461,-1,-1,-1
118,2,558.12,69.06,46.21,113.12,0.9086,-1,-1,-1
119,19,785.59,23.16,28.52,34.58,0.3273,-1,-1,-1
119,5,517.26,64.14,37.35,106.63,0.6807,-1,-1,-1
119,4,617.62,46.76,27.68,73.76,0.8461,-1,-1,-1
119,2,560.43,70.38,44.55,111.49,0.9086,-1,-1,-1
120,19,785.62,23.14,28.53,34.64,0.3273,-1,-1,-1
120,5,523.67,61.83,34.64,107.11,0.6807,-1,-1,-1
120,4,617.58,46.22,27.98,74.36,0.8461,-1,-1,-1
120,2,564.91,69.80,41.31,113.59,0.9086,-1,-1,-1
121,19,785.59,23.16,28.59,34.62,0.3273,-1,-1,-1
121,5,526.59,61.14,33.53,107.34,0.6807,-1,-1,-1
121,4,617.81,46.17,27.63,74.27,0.8461,-1,-1,-1
121,2,565.58,68.29,40.80,114.02,0.9086,-1,-1,-1
122,19,785.62,23.17,28.55,34.56,0.3273,-1,-1,-1
122,5,529.13,60.71,33.32,107.24,0.6807,-1,-1,-1
122,4,617.84,46.24,27.51,74.22,0.8461,-1,-1,-1
122,2,565.47,66.96,41.57,114.21,0.9086,-1,-1,-1
123,19,785.59,23.29,28.60,34.44,0.3273,-1,-1,-1
123,5,531.85,60.85,32.60,107.05,0.6807,-1,-1,-1
123,4,617.82,46.11,27.43,74.44,0.8461,-1,-1,-1
123,2,567.03,65.77,41.08,113.57,0.9086,-1,-1,-1
124,19,785.56,23.31,28.62,34.42,0.3273,-1,-1,-1
124,5,533.72,60.37,30.85,107.13,0.6807,-1,-1,-1
124,4,617.88,46.16,27.42,74.38,0.8461,-1,-1,-1
124,2,567.56,64.83,40.89,112.53,0.9086,-1,-1,-1
125,23,805.03,121.81,50.97,129.51,0.3145,-1,-1,-1
125,19,785.68,23.17,28.49,34.58,0.3273,-1,-1,-1
125,5,535.17,60.36,30.39,106.79,0.6807,-1,-1,-1
125,4,617.86,46.19,27.41,74.32,0.8461,-1,-1,-1
125,2,567.89,62.87,41.37,111.57,0.9086,-1,-1,-1
126,19,785.74,23.18,28.41,34.48,0.3273,-1,-1,-1
126,5,536.17,61.25,30.65,104.96,0.6807,-1,-1,-1
126,4,618.08,46.21,27.26,74.39,0.8461,-1,-1,-1
126,2,573.95,63.73,36.00,111.44,0.9086,-1,-1,-1
127,23,795.04,119.34,60.96,129.60,0.3145,-1,-1,-1
127,19,785.66,23.21,28.51,34.45,0.3273,-1,-1,-1
127,5,537.24,61.63,31.44,103.66,0.6807,-1,-1,-1
127,4,618.07,46.29,27.32,74.35,0.8461,-1,-1,-1
127,2,574.66,63.79,36.12,110.71,0.9086,-1,-1,-1
128,23,791.54,121.93,64.46,127.71,0.3145,-1,-1,-1
128,19,785.72,23.12,28.49,34.52,0.3273,-1,-1,-1
128,5,538.00,61.61,31.39,103.85,0.6807,-1,-1,-1
128,4,618.04,46.29,27.34,74.30,0.8461,-1,-1,-1
128,2,575.50,63.18,36.06,110.48,0.9086,-1,-1,-1
129,23,786.96,118.58,68.91,128.98,0.3145,-1,-1,-1
129,19,785.70,23.06,28.53,34.59,0.3273,-1,-1,-1
129,5,538.50,61.53,31.24,103.27,0.6807,-1,-1,-1
129,4,618.21,46.34,27.39,74.31,0.8461,-1,-1,-1
129,2,576.16,64.94,36.69,106.79,0.9086,-1,-1,-1
130,23,783.39,120.39,72.61,128.80,0.3145,-1,-1,-1
130,19,785.78,23.00,28.45,34.56,0.3273,-1,-1,-1
130,5,539.09,61.41,31.45,103.51,0.6807,-1,-1,-1
130,4,618.21,46.37,27.38,74.27,0.8461,-1,-1,-1
130,2,576.64,64.81,37.80,106.53,0.9086,-1,-1,-1
131,23,781.85,118.22,71.67,128.35,0.3145,-1,-1,-1
131,19,785.81,22.99,28.40,34.61,0.3273,-1,-1,-1
131,5,540.94,60.56,30.75,104.56,0.6807,-1,-1,-1
131,4,618.43,46.62,27.11,74.00,0.8461,-1,-1,-1
131,2,577.16,65.00,39.21,106.14,0.9086,-1,-1,-1
132,23,778.38,120.97,71.17,125.16,0.3145,-1,-1,-1
132,19,785.80,22.99,28.38,34.61,0.3273,-1,-1,-1
132,5,541.74,60.10,31.11,102.86,0.6807,-1,-1,-1
132,4,618.73,46.51,26.86,73.98,0.8461,-1,-1,-1
132,2,578.02,64.83,39.13,106.81,0.9086,-1,-1,-1
133,23,774.40,115.02,74.06,130.60,0.3145,-1,-1,-1
133,19,785.75,22.91,28.48,34.69,0.3273,-1,-1,-1
133,5,543.22,59.53,30.89,103.16,0.6807,-1,-1,-1
133,4,618.96,46.68,26.83,73.96,0.8461,-1,-1,-1
133,2,579.44,64.67,38.11,107.04,0.9086,-1,-1,-1
134,23,771.23,112.78,74.84,130.58,0.3145,-1,-1,-1
134,19,785.70,22.93,28.53,34.70,0.3273,-1,-1,-1
134,5,544.81,59.29,30.68,100.64,0.6807,-1,-1,-1
134,4,620.54,46.66,25.14,74.06,0.8461,-1,-1,-1
134,2,580.42,63.64,40.08,106.54,0.9086,-1,-1,-1
135,26,0.01,135.00,53.53,196.47,0.5992,-1,-1,-1
135,19,785.74,22.89,28.50,34.64,0.3273,-1,-1,-1
135,5,546.04,58.86,30.88,99.83,0.6807,-1,-1,-1
135,4,621.76,46.70,23.97,73.85,0.8461,-1,-1,-1
135,2,581.87,62.33,40.51,106.07,0.9086,-1,-1,-1
136,26,0.02,129.47,59.02,198.90,0.5992,-1,-1,-1
136,23,765.11,110.35,76.49,130.67,0.3145,-1,-1,-1
136,19,785.81,22.91,28.45,34.71,0.3273,-1,-1,-1
136,5,547.07,58.37,33.75,101.24,0.6807,-1,-1,-1
136,4,622.66,46.60,23.06,73.76,0.8461,-1,-1,-1
136,2,583.57,61.97,40.20,105.22,0.9086,-1,-1,-1
137,27,847.03,99.45,8.97,87.43,0.3743,-1,-1,-1
137,26,0.00,139.47,59.87,188.44,0.5992,-1,-1,-1
137,23,762.10,109.05,80.50,128.92,0.3145,-1,-1,-1
137,19,785.81,23.06,28.47,34.58,0.3273,-1,-1,-1
137,5,548.16,57.39,33.95,100.62,0.6807,-1,-1,-1
137,4,622.59,46.32,23.08,73.97,0.8461,-1,-1,-1
137,2,584.53,61.95,40.42,103.52,0.9086,-1,-1,-1
138,27,846.74,93.55,9.26,94.33,0.3743,-1,-1,-1
138,26,0.07,146.62,60.28,181.26,0.5992,-1,-1,-1
138,19,785.81,23.01,28.46,34.66,0.3273,-1,-1,-1
138,5,548.24,57.17,34.72,100.59,0.6807,-1,-1,-1
138,4,622.81,46.12,22.77,75.03,0.8461,-1,-1,-1
138,2,585.45,60.86,40.72,104.72,0.9086,-1,-1,-1
139,27,846.90,90.56,9.10,98.55,0.3743,-1,-1,-1
139,26,0.03,149.68,60.02,177.72,0.5992,-1,-1,-1
139,19,785.76,23.23,28.52,34.39,0.3273,-1,-1,-1
139,5,548.72,57.92,34.52,99.59,0.6807,-1,-1,-1
139,4,623.29,45.96,22.25,75.01,0.8461,-1,-1,-1
139,2,586.42,61.79,40.86,103.69,0.9086,-1,-1,-1
140,27,845.95,92.49,10.05,97.38,0.3743,-1,-1,-1
140,26,0.00,148.90,59.88,178.72,0.5992,-1,-1,-1
140,19,785.84,23.06,28.53,34.63,0.3273,-1,-1,-1
140,5,548.65,59.40,35.33,97.57,0.6807,-1,-1,-1
140,4,624.13,46.63,21.19,74.25,0.8461,-1,-1,-1
140,2,588.20,60.94,40.39,103.64,0.9086,-1,-1,-1
141,27,842.84,94.89,13.16,95.39,0.3743,-1,-1,-1
141,26,0.11,148.12,59.26,179.98,0.5992,-1,-1,-1
141,19,785.81,23.03,28.54,34.66,0.3273,-1,-1,-1
141,5,548.86,59.00,36.76,98.58,0.6807,-1,-1,-1
141,4,625.94,46.84,19.24,74.13,0.8461,-1,-1,-1
141,2,590.69,62.38,39.47,102.74,0.9086,-1,-1,-1
142,27,840.64,94.10,15.36,95.55,0.3743,-1,-1,-1
142,26,0.01,145.56,59.27,182.41,0.5992,-1,-1,-1
142,19,785.74,23.08,28.62,34.66,0.3273,-1,-1,-1
142,5,549.54,60.61,37.13,96.32,0.6807,-1,-1,-1
142,4,627.89,46.73,17.46,74.22,0.8461,-1,-1,-1
142,2,593.49,63.48,37.81,101.22,0.9086,-1,-1,-1
143,27,839.64,95.68,16.36,94.21,0.3743,-1,-1,-1
143,26,0.01,143.96,58.63,182.78,0.5992,-1,-1,-1
143,19,785.67,23.16,28.71,34.48,0.3273,-1,-1,-1
143,5,550.20,60.03,37.47,96.89,0.6807,-1,-1,-1
143,2,595.79,63.45,36.85,100.88,0.9086,-1,-1,-1
144,27,838.49,95.74,17.51,93.79,0.3743,-1,-1,-1
144,26,6.67,142.25,57.40,185.07,0.5992,-1,-1,-1
144,19,785.72,23.21,28.67,34.38,0.3273,-1,-1,-1
144,5,554.64,60.24,35.78,94.51,0.6807,-1,-1,-1
144,2,597.71,62.86,34.95,101.88,0.9086,-1,-1,-1
145,27,838.15,95.56,17.85,94.01,0.3743,-1,-1,-1
145,26,4.20,141.11,68.82,186.36,0.5992,-1,-1,-1
145,19,785.74,23.23,28.65,34.38,0.3273,-1,-1,-1
145,5,555.45,60.83,36.10,93.24,0.6807,-1,-1,-1
145,2,598.56,61.53,34.44,102.69,0.9086,-1,-1,-1
146,27,838.62,96.07,17.38,93.61,0.3743,-1,-1,-1
146,26,3.93,140.68,83.56,187.04,0.5992,-1,-1,-1
146,19,785.68,23.32,28.69,34.29,0.3273,-1,-1,-1
146,5,559.19,59.43,33.14,92.99,0.6807,-1,-1,-1
146,2,599.62,62.43,33.21,100.09,0.9086,-1,-1,-1
147,27,837.67,96.04,18.33,94.60,0.3743,-1,-1,-1
147,26,5.12,140.35,92.03,187.51,0.5992,-1,-1,-1
147,19,785.61,23.38,28.75,34.34,0.3273,-1,-1,-1
147,5,562.05,57.60,31.60,94.55,0.6807,-1,-1,-1
147,4,621.62,46.43,23.85,74.77,0.8461,-1,-1,-1
147,2,599.79,60.66,33.00,101.06,0.9086,-1,-1,-1
148,27,836.19,96.51,19.81,93.89,0.3743,-1,-1,-1
148,26,6.46,140.16,97.71,187.39,0.5992,-1,-1,-1
148,19,785.62,23.25,28.80,34.49,0.3273,-1,-1,-1
148,5,564.43,56.18,30.81,95.74,0.6807,-1,-1,-1
148,4,622.27,46.98,23.71,75.07,0.8461,-1,-1,-1
148,2,600.38,58.22,33.19,102.01,0.9086,-1,-1,-1
149,27,834.45,96.82,21.55,94.87,0.3743,-1,-1,-1
149,26,9.67,140.37,97.94,187.22,0.5992,-1,-1,-1
149,19,785.68,23.14,28.73,34.56,0.3273,-1,-1,-1
149,5,567.11,56.19,29.41,95.29,0.6807,-1,-1,-1
149,4,623.00,47.29,23.89,74.82,0.8461,-1,-1,-1
149,2,601.46,59.90,32.53,97.89,0.9086,-1,-1,-1
150,27,833.09,96.27,22.91,95.21,0.3743,-1,-1,-1
150,26,15.12,138.76,93.96,187.85,0.5992,-1,-1,-1
150,19,785.63,23.17,28.79,34.56,0.3273,-1,-1,-1
150,5,568.11,55.90,31.20,96.74,0.6807,-1,-1,-1
150,4,623.43,47.14,24.16,75.07,0.8461,-1,-1,-1
150,2,601.27,59.30,33.02,97.74,0.9086,-1,-1,-1
151,27,831.53,95.93,24.41,95.45,0.3743,-1,-1,-1
151,26,21.25,138.28,88.23,187.86,0.5992,-1,-1,-1
151,19,785.65,23.29,28.81,34.40,0.3273,-1,-1,-1
151,5,568.78,55.93,32.17,95.87,0.6807,-1,-1,-1
151,4,623.84,46.87,24.70,76.35,0.8461,-1,-1,-1
151,2,601.57,59.45,32.59,96.91,0.9086,-1,-1,-1
152,27,829.98,95.71,25.97,96.21,0.3743,-1,-1,-1
152,26,28.86,136.49,80.02,187.23,0.5992,-1,-1,-1
152,19,785.72,23.28,28.76,34.46,0.3273,-1,-1,-1
152,5,569.83,56.38,31.97,93.83,0.6807,-1,-1,-1
152,4,624.01,47.09,24.77,78.67,0.8461,-1,-1,-1
152,2,602.29,60.35,31.97,95.10,0.9086,-1,-1,-1
153,27,826.29,95.82,29.71,96.68,0.3743,-1,-1,-1
153,26,37.50,135.29,70.81,186.89,0.5992,-1,-1,-1
153,19,785.69,23.35,28.74,34.38,0.3273,-1,-1,-1
153,5,570.66,56.71,32.55,93.47,0.6807,-1,-1,-1
153,4,624.72,46.58,23.78,79.19,0.8461,-1,-1,-1
153,2,603.01,60.56,31.59,95.21,0.9086,-1,-1,-1
154,27,822.74,96.46,33.26,96.72,0.3743,-1,-1,-1
154,26,48.90,134.53,60.86,182.82,0.5992,-1,-1,-1
154,24,0.07,144.20,22.39,180.12,0.6667,-1,-1,-1
154,19,785.67,23.33,28.77,34.40,0.3273,-1,-1,-1
154,5,570.89,56.95,33.15,93.01,0.6807,-1,-1,-1
154,2,603.85,59.69,32.58,94.86,0.9086,-1,-1,-1
155,27,819.60,96.50,36.40,97.05,0.3743,-1,-1,-1
155,26,58.54,133.36,54.60,181.13,0.5992,-1,-1,-1
155,24,0.00,144.06,34.22,173.89,0.6667,-1,-1,-1
155,19,785.66,23.31,28.82,34.37,0.3273,-1,-1,-1
155,5,572.11,56.81,33.08,92.81,0.6807,-1,-1,-1
155,2,604.81,59.82,32.61,93.96,0.9086,-1,-1,-1
156,27,818.03,96.71,37.97,96.52,0.3743,-1,-1,-1
156,26,62.39,132.78,57.47,179.31,0.5992,-1,-1,-1
156,24,0.01,148.72,40.62,166.68,0.6667,-1,-1,-1
156,19,785.70,23.22,28.80,34.47,0.3273,-1,-1,-1
156,5,574.11,56.89,32.08,90.79,0.6807,-1,-1,-1
156,4,625.97,43.38,23.08,95.62,0.8461,-1,-1,-1
156,2,605.52,60.63,32.55,92.96,0.9086,-1,-1,-1
157,27,816.97,96.75,39.03,97.01,0.3743,-1,-1,-1
157,26,66.30,132.12,60.76,177.57,0.5992,-1,-1,-1
157,24,0.00,154.60,41.29,160.06,0.6667,-1,-1,-1
157,19,785.68,23.29,28.83,34.36,0.3273,-1,-1,-1
157,5,575.90,56.30,31.07,91.74,0.6807,-1,-1,-1
157,4,628.26,44.36,21.54,92.52,0.8461,-1,-1,-1
157,2,606.58,60.04,32.03,93.46,0.9086,-1,-1,-1
158,27,816.29,96.68,39.24,97.55,0.3743,-1,-1,-1
158,26,70.02,131.55,66.38,176.55,0.5992,-1,-1,-1
158,24,0.00,150.93,42.25,164.30,0.6667,-1,-1,-1
158,19,785.67,23.27,28.88,34.41,0.3273,-1,-1,-1
158,5,578.08,55.66,30.35,91.73,0.6807,-1,-1,-1
158,4,630.28,44.86,20.49,90.22,0.8461,-1,-1,-1
158,2,607.83,60.52,31.78,92.36,0.9086,-1,-1,-1
159,27,816.59,96.34,39.03,98.28,0.3743,-1,-1,-1
159,26,74.58,130.88,76.67,176.87,0.5992,-1,-1,-1
159,24,0.00,136.72,41.79,177.60,0.6667,-1,-1,-1
159,19,785.65,23.34,28.84,34.27,0.3273,-1,-1,-1
159,5,580.23,54.77,30.08,91.21,0.6807,-1,-1,-1
159,4,631.57,45.43,20.04,88.10,0.8461,-1,-1,-1
159,2,609.25,58.18,31.37,93.90,0.9086,-1,-1,-1
160,29,742.70,113.03,38.13,99.13,0.3061,-1,-1,-1
160,27,816.99,96.27,37.99,98.18,0.3743,-1,-1,-1
160,26,78.10,130.49,82.22,177.38,0.5992,-1,-1,-1
160,24,0.00,135.42,41.99,179.80,0.6667,-1,-1,-1
160,19,785.62,23.25,28.89,34.41,0.3273,-1,-1,-1
160,5,582.14,53.49,28.62,91.07,0.6807,-1,-1,-1
160,4,632.26,46.19,20.48,86.00,0.8461,-1,-1,-1
160,2,608.89,57.64,33.37,92.60,0.9086,-1,-1,-1
161,27,816.75,96.24,37.35,98.27,0.3743,-1,-1,-1
161,26,81.43,129.73,83.40,178.19,0.5992,-1,-1,-1
161,24,0.03,134.29,42.07,181.21,0.6667,-1,-1,-1
161,19,785.62,23.25,28.89,34.41,0.3273,-1,-1,-1
161,5,583.45,52.93,28.60,91.51,0.6807,-1,-1,-1
161,4,633.56,46.32,20.01,85.89,0.8461,-1,-1,-1
161,2,609.72,56.12,33.64,93.07,0.9086,-1,-1,-1
162,27,816.69,95.88,35.32,98.35,0.3743,-1,-1,-1
162,26,83.86,129.96,81.42,177.92,0.5992,-1,-1,-1
162,24,0.00,134.97,43.31,180.48,0.6667,-1,-1,-1
162,19,785.63,23.17,28.88,34.52,0.3273,-1,-1,-1
162,5,583.98,52.45,29.29,92.25,0.6807,-1,-1,-1
162,4,634.74,45.06,19.70,87.62,0.8461,-1,-1,-1
162,2,612.86,51.54,32.05,97.80,0.9086,-1,-1,-1
163,27,817.15,95.74,33.91,98.76,0.3743,-1,-1,-1
163,26,86.35,129.47,73.77,177.14,0.5992,-1,-1,-1
163,24,0.00,132.93,49.55,181.14,0.6667,-1,-1,-1
163,19,785.63,23.16,28.93,34.55,0.3273,-1,-1,-1
163,5,585.19,52.19,30.17,92.29,0.6807,-1,-1,-1
163,4,635.72,46.22,20.85,87.34,0.8461,-1,-1,-1
163,2,613.83,50.23,33.19,99.42,0.9086,-1,-1,-1
164,27,817.24,95.63,33.04,99.03,0.3743,-1,-1,-1
164,26,89.50,128.45,73.19,176.61,0.5992,-1,-1,-1
164,24,0.19,131.82,56.17,180.70,0.6667,-1,-1,-1
164,19,785.70,23.23,28.87,34.56,0.3273,-1,-1,-1
164,5,586.27,52.37,29.55,91.91,0.6807,-1,-1,-1
164,4,636.93,46.49,22.06,86.11,0.8461,-1,-1,-1
164,2,615.05,50.53,32.42,99.17,0.9086,-1,-1,-1
165,27,817.22,95.96,31.98,99.15,0.3743,-1,-1,-1
165,26,92.97,127.73,73.03,174.60,0.5992,-1,-1,-1
165,24,0.00,131.05,62.25,181.32,0.6667,-1,-1,-1
165,19,785.68,23.15,28.91,34.60,0.3273,-1,-1,-1
165,5,586.51,52.76,29.86,91.56,0.6807,-1,-1,-1
165,4,637.85,46.30,23.59,86.55,0.8461,-1,-1,-1
165,2,615.43,48.55,33.08,101.12,0.9086,-1,-1,-1
166,27,816.37,95.07,31.47,100.70,0.3743,-1,-1,-1
166,26,97.23,126.50,69.35,172.26,0.5992,-1,-1,-1
166,24,0.20,130.13,64.14,181.33,0.6667,-1,-1,-1
166,19,785.72,23.13,28.86,34.59,0.3273,-1,-1,-1
166,5,586.58,53.48,30.94,90.10,0.6807,-1,-1,-1
166,4,638.01,45.36,25.86,87.03,0.8461,-1,-1,-1
166,2,616.89,47.51,32.63,100.21,0.9086,-1,-1,-1
167,27,815.52,95.35,31.75,100.75,0.3743,-1,-1,-1
167,26,99.35,124.96,67.01,169.80,0.5992,-1,-1,-1
167,24,0.46,129.09,67.14,182.17,0.6667,-1,-1,-1
167,19,785.65,23.11,28.92,34.63,0.3273,-1,-1,-1
167,5,587.08,55.43,31.84,87.89,0.6807,-1,-1,-1
167,4,638.72,44.25,27.08,88.39,0.8461,-1,-1,-1
167,2,617.64,47.00,32.84,100.15,0.9086,-1,-1,-1
168,27,810.02,96.03,33.80,102.31,0.3743,-1,-1,-1
168,26,108.19,122.26,62.04,171.05,0.5992,-1,-1,-1
168,24,6.56,127.77,68.55,183.56,0.6667,-1,-1,-1
168,19,785.64,23.28,28.88,34.43,0.3273,-1,-1,-1
168,5,587.96,54.35,33.96,88.49,0.6807,-1,-1,-1
168,4,638.39,44.06,30.02,88.32,0.8461,-1,-1,-1
168,2,619.51,50.23,32.66,100.89,0.9086,-1,-1,-1
169,27,806.85,96.50,35.55,102.19,0.3743,-1,-1,-1
169,26,114.93,121.74,57.29,171.42,0.5992,-1,-1,-1
169,24,10.90,127.47,66.70,182.18,0.6667,-1,-1,-1
169,19,785.67,23.26,28.84,34.47,0.3273,-1,-1,-1
169,5,590.01,54.51,34.15,87.83,0.6807,-1,-1,-1
169,4,638.18,43.76,31.67,89.07,0.8461,-1,-1,-1
169,2,620.30,50.62,32.41,100.17,0.9086,-1,-1,-1
170,27,804.98,96.45,35.95,101.56,0.3743,-1,-1,-1
170,26,116.91,120.44,58.26,172.05,0.5992,-1,-1,-1
170,24,15.05,125.95,63.62,181.64,0.6667,-1,-1,-1
170,19,785.70,23.27,28.80,34.42,0.3273,-1,-1,-1
170,5,591.62,54.18,33.94,87.02,0.6807,-1,-1,-1
170,4,639.10,43.83,31.46,89.29,0.8461,-1,-1,-1
170,2,621.54,50.29,31.81,97.35,0.9086,-1,-1,-1
171,30,730.26,102.01,38.42,94.86,0.3228,-1,-1,-1
171,27,803.95,96.48,36.22,102.04,0.3743,-1,-1,-1
171,26,115.88,119.97,64.14,173.67,0.5992,-1,-1,-1
171,24,17.68,123.93,63.56,180.43,0.6667,-1,-1,-1
171,19,785.73,22.90,28.85,34.83,0.3273,-1,-1,-1
171,5,593.38,52.98,33.61,87.92,0.6807,-1,-1,-1
171,4,641.76,44.30,29.65,87.62,0.8461,-1,-1,-1
171,2,624.82,52.45,29.31,83.02,0.9086,-1,-1,-1
172,30,730.16,100.91,37.55,94.84,0.3228,-1,-1,-1
172,27,803.79,96.23,35.19,102.70,0.3743,-1,-1,-1
172,26,117.22,120.47,65.05,173.59,0.5992,-1,-1,-1
172,24,21.89,122.19,63.91,178.23,0.6667,-1,-1,-1
172,19,785.73,22.82,28.82,34.89,0.3273,-1,-1,-1
172,5,595.78,51.16,31.28,88.68,0.6807,-1,-1,-1
172,4,642.26,44.39,29.54,87.42,0.8461,-1,-1,-1
172,2,625.32,53.51,29.35,81.89,0.9086,-1,-1,-1
173,30,729.96,100.27,37.39,94.73,0.3228,-1,-1,-1
173,27,803.50,96.47,34.53,101.13,0.3743,-1,-1,-1
173,26,119.40,120.99,67.06,173.49,0.5992,-1,-1,-1
173,24,26.66,120.36,63.72,173.90,0.6667,-1,-1,-1
173,19,785.74,22.81,28.79,34.89,0.3273,-1,-1,-1
173,5,598.01,50.78,29.66,89.22,0.6807,-1,-1,-1
173,4,642.90,45.20,28.71,86.18,0.8461,-1,-1,-1
173,2,625.69,53.03,29.56,83.50,0.9086,-1,-1,-1
174,30,730.42,100.09,36.19,91.91,0.3228,-1,-1,-1
174,27,802.81,95.36,33.38,102.57,0.3743,-1,-1,-1
174,26,121.90,120.14,73.38,173.77,0.5992,-1,-1,-1
174,24,30.28,119.66,65.10,169.40,0.6667,-1,-1,-1
174,19,785.74,22.80,28.79,34.95,0.3273,-1,-1,-1
174,5,600.29,50.18,28.24,89.32,0.6807,-1,-1,-1
174,4,644.03,45.20,27.67,85.70,0.8461,-1,-1,-1
174,2,625.74,52.19,30.43,86.94,0.9086,-1,-1,-1
175,30,731.12,99.56,35.33,91.46,0.3228,-1,-1,-1
175,27,800.22,95.18,34.34,103.55,0.3743,-1,-1,-1
175,26,124.44,119.93,78.15,173.88,0.5992,-1,-1,-1
175,24,33.49,118.23,64.32,169.09,0.6667,-1,-1,-1
175,19,785.68,23.28,28.84,34.50,0.3273,-1,-1,-1
175,5,601.72,48.24,29.82,91.25,0.6807,-1,-1,-1
175,4,643.56,44.76,28.62,86.63,0.8461,-1,-1,-1
175,2,626.18,51.62,30.44,87.28,0.9086,-1,-1,-1
176,30,731.19,99.35,34.92,90.69,0.3228,-1,-1,-1
176,27,798.28,94.68,34.74,105.00,0.3743,-1,-1,-1
176,26,128.52,118.70,73.43,174.65,0.5992,-1,-1,-1
176,24,36.66,117.49,63.41,169.33,0.6667,-1,-1,-1
176,19,785.69,23.12,28.82,34.69,0.3273,-1,-1,-1
176,5,602.95,46.26,31.42,94.03,0.6807,-1,-1,-1
176,4,645.26,45.22,26.63,86.43,0.8461,-1,-1,-1
176,2,626.70,50.49,30.70,90.20,0.9086,-1,-1,-1
177,30,731.02,99.08,34.34,89.12,0.3228,-1,-1,-1
177,27,795.73,94.74,35.43,104.44,0.3743,-1,-1,-1
177,26,133.99,117.56,68.95,174.85,0.5992,-1,-1,-1
177,24,39.15,116.99,65.50,169.25,0.6667,-1,-1,-1
177,19,785.71,23.20,28.77,34.63,0.3273,-1,-1,-1
177,5,603.25,46.12,32.31,93.72,0.6807,-1,-1,-1
177,4,648.04,45.00,23.91,87.05,0.8461,-1,-1,-1
177,2,629.52,50.96,28.72,91.33,0.9086,-1,-1,-1
178,30,730.25,98.79,34.89,88.53,0.3228,-1,-1,-1
178,27,792.53,94.85,36.98,103.32,0.3743,-1,-1,-1
178,26,140.37,116.43,65.47,173.57,0.5992,-1,-1,-1
178,24,43.39,116.97,71.80,168.40,0.6667,-1,-1,-1
178,19,785.71,23.21,28.77,34.65,0.3273,-1,-1,-1
178,5,604.06,45.63,31.91,93.66,0.6807,-1,-1,-1
178,4,650.08,44.64,22.21,87.10,0.8461,-1,-1,-1
178,2,629.66,51.83,29.43,89.27,0.9086,-1,-1,-1
179,30,730.44,97.12,34.84,88.63,0.3228,-1,-1,-1
179,27,789.16,95.56,38.95,102.83,0.3743,-1,-1,-1
179,26,147.28,115.47,61.20,170.28,0.5992,-1,-1,-1
179,24,47.83,116.41,76.56,168.42,0.6667,-1,-1,-1
179,19,785.42,23.66,28.48,33.72,0.3273,-1,-1,-1
179,5,605.01,45.75,31.01,93.04,0.6807,-1,-1,-1
179,4,651.42,44.32,21.34,85.50,0.8461,-1,-1,-1
179,2,629.15,53.25,31.38,87.67,0.9086,-1,-1,-1
180,30,730.50,95.44,35.09,88.77,0.3228,-1,-1,-1
180,27,781.77,95.90,44.36,103.27,0.3743,-1,-1,-1
180,26,157.82,113.79,54.60,166.82,0.5992,-1,-1,-1
180,24,52.12,116.63,74.41,168.58,0.6667,-1,-1,-1
180,19,785.43,23.48,28.37,33.96,0.3273,-1,-1,-1
180,5,605.87,45.74,30.16,92.69,0.6807,-1,-1,-1
180,4,651.88,43.39,22.11,85.09,0.8461,-1,-1,-1
180,2,629.83,54.78,31.41,86.07,0.9086,-1,-1,-1
181,30,731.41,94.26,34.50,88.03,0.3228,-1,-1,-1
181,27,776.16,96.11,47.57,103.34,0.3743,-1,-1,-1
181,26,167.21,112.47,48.40,164.34,0.5992,-1,-1,-1
181,24,55.12,115.41,71.83,168.60,0.6667,-1,-1,-1
181,19,785.48,23.27,28.30,34.15,0.3273,-1,-1,-1
181,5,606.40,45.10,29.67,92.74,0.6807,-1,-1,-1
181,4,652.48,42.53,22.05,85.64,0.8461,-1,-1,-1
181,2,633.32,54.78,29.26,84.03,0.9086,-1,-1,-1
182,30,731.84,94.00,34.33,84.90,0.3228,-1,-1,-1
182,27,773.80,96.40,47.87,103.34,0.3743,-1,-1,-1
182,26,171.87,112.36,47.33,163.88,0.5992,-1,-1,-1
182,24,58.11,114.62,69.64,167.73,0.6667,-1,-1,-1
182,19,785.68,22.94,28.84,35.00,0.3273,-1,-1,-1
182,5,607.64,44.65,28.46,92.58,0.6807,-1,-1,-1
182,4,654.14,42.71,21.05,85.52,0.8461,-1,-1,-1
182,2,636.59,51.49,28.21,86.98,0.9086,-1,-1,-1
183,30,732.74,94.06,34.19,83.55,0.3228,-1,-1,-1
183,27,773.27,96.69,45.25,103.39,0.3743,-1,-1,-1
183,26,174.60,111.33,49.86,162.79,0.5992,-1,-1,-1
183,24,62.06,113.16,65.62,166.86,0.6667,-1,-1,-1
183,19,785.67,22.90,28.86,35.05,0.3273,-1,-1,-1
183,5,608.62,44.53,27.99,93.02,0.6807,-1,-1,-1
183,4,655.19,42.75,20.27,83.88,0.8461,-1,-1,-1
183,2,637.67,53.56,28.19,85.11,0.9086,-1,-1,-1
184,30,733.66,93.65,34.18,81.45,0.3228,-1,-1,-1
184,27,773.02,96.39,42.79,103.71,0.3743,-1,-1,-1
184,26,177.59,111.05,54.77,162.87,0.5992,-1,-1,-1
184,24,67.21,112.02,61.20,165.44,0.6667,-1,-1,-1
184,19,785.66,22.93,28.84,35.03,0.3273,-1,-1,-1
184,5,609.23,44.43,27.33,91.44,0.6807,-1,-1,-1
184,4,657.26,43.03,18.59,82.72,0.8461,-1,-1,-1
184,2,634.89,52.12,33.81,87.12,0.9086,-1,-1,-1
185,30,734.34,93.16,33.73,84.37,0.3228,-1,-1,-1
185,27,773.02,95.86,41.38,104.46,0.3743,-1,-1,-1
185,26,180.00,111.44,59.30,162.14,0.5992,-1,-1,-1
185,24,72.85,110.81,58.43,162.44,0.6667,-1,-1,-1
185,19,785.37,23.06,28.44,34.36,0.3273,-1,-1,-1
185,5,609.89,44.38,27.03,89.80,0.6807,-1,-1,-1
185,4,658.78,43.16,18.01,82.56,0.8461,-1,-1,-1
185,2,637.22,52.40,33.06,86.25,0.9086,-1,-1,-1
186,30,735.45,93.05,33.13,75.34,0.3228,-1,-1,-1
186,27,772.62,95.56,40.22,104.92,0.3743,-1,-1,-1
186,26,182.38,111.63,53.06,162.20,0.5992,-1,-1,-1
186,24,78.63,109.51,57.22,161.77,0.6667,-1,-1,-1
186,19,785.37,23.02,28.48,34.37,0.3273,-1,-1,-1
186,5,610.53,43.87,26.81,88.94,0.6807,-1,-1,-1
186,2,638.66,50.96,33.28,87.09,0.9086,-1,-1,-1
187,30,735.96,92.31,33.09,74.56,0.3228,-1,-1,-1
187,27,771.60,95.44,39.10,105.51,0.3743,-1,-1,-1
187,26,184.65,111.17,55.56,162.90,0.5992,-1,-1,-1
187,24,82.06,108.18,58.51,161.61,0.6667,-1,-1,-1
187,19,785.37,22.97,28.55,34.41,0.3273,-1,-1,-1
187,5,610.90,43.71,27.37,88.75,0.6807,-1,-1,-1
187,2,640.30,51.96,32.36,85.98,0.9086,-1,-1,-1
188,30,735.88,91.83,34.08,76.95,0.3228,-1,-1,-1
188,27,771.04,94.93,38.52,106.48,0.3743,-1,-1,-1
188,26,185.55,110.32,62.20,162.44,0.5992,-1,-1,-1
188,24,84.86,108.04,59.86,161.43,0.6667,-1,-1,-1
188,19,785.35,22.96,28.60,34.45,0.3273,-1,-1,-1
188,5,610.87,43.49,28.33,89.38,0.6807,-1,-1,-1
188,2,643.62,50.87,30.57,87.37,0.9086,-1,-1,-1
189,30,736.82,91.51,34.01,78.48,0.3228,-1,-1,-1
189,27,771.18,94.52,37.48,106.86,0.3743,-1,-1,-1
189,26,186.77,109.30,61.97,163.06,0.5992,-1,-1,-1
189,24,88.36,107.09,59.64,162.25,0.6667,-1,-1,-1
189,19,785.39,23.07,28.56,34.32,0.3273,-1,-1,-1
189,5,610.61,43.49,29.31,89.88,0.6807,-1,-1,-1
189,2,645.20,49.59,30.53,89.12,0.9086,-1,-1,-1
190,30,737.30,91.45,34.35,81.99,0.3228,-1,-1,-1
190,27,768.83,94.80,38.41,107.29,0.3743,-1,-1,-1
190,26,188.15,108.50,61.60,163.28,0.5992,-1,-1,-1
190,24,92.98,106.19,59.91,162.67,0.6667,-1,-1,-1
190,19,785.67,22.80,28.88,35.12,0.3273,-1,-1,-1
190,5,610.45,43.54,30.18,89.58,0.6807,-1,-1,-1
190,2,646.24,49.12,30.29,87.75,0.9086,-1,-1,-1
191,30,738.34,90.83,32.51,75.71,0.3228,-1,-1,-1
191,27,767.61,94.36,37.70,107.57,0.3743,-1,-1,-1
191,26,190.93,107.30,61.13,162.08,0.5992,-1,-1,-1
191,24,96.33,106.14,60.88,162.95,0.6667,-1,-1,-1
191,19,785.64,22.84,28.90,35.02,0.3273,-1,-1,-1
191,5,610.93,43.67,31.04,88.74,0.6807,-1,-1,-1
191,2,647.36,50.05,30.01,83.84,0.9086,-1,-1,-1
192,30,742.35,90.22,25.99,73.11,0.3228,-1,-1,-1
192,27,762.63,95.51,39.16,105.94,0.3743,-1,-1,-1
192,26,197.61,105.43,58.48,154.62,0.5992,-1,-1,-1
192,24,102.67,105.56,61.00,163.09,0.6667,-1,-1,-1
192,19,785.58,22.84,28.98,35.04,0.3273,-1,-1,-1
192,5,611.03,44.41,33.32,87.64,0.6807,-1,-1,-1
192,2,648.05,52.14,30.78,83.89,0.9086,-1,-1,-1
193,30,742.34,89.67,26.28,79.59,0.3228,-1,-1,-1
193,27,757.89,95.95,41.63,108.17,0.3743,-1,-1,-1
193,26,201.90,104.28,57.17,154.73,0.5992,-1,-1,-1
193,24,105.48,105.51,61.77,162.30,0.6667,-1,-1,-1
193,19,785.42,22.72,29.08,35.22,0.3273,-1,-1,-1
193,5,611.64,44.53,34.39,87.12,0.6807,-1,-1,-1
193,2,649.15,52.14,30.88,83.42,0.9086,-1,-1,-1
194,30,743.03,90.62,26.37,77.68,0.3228,-1,-1,-1
194,27,755.47,95.58,41.33,108.10,0.3743,-1,-1,-1
194,26,207.81,103.20,53.71,155.35,0.5992,-1,-1,-1
194,24,109.24,104.95,59.09,161.10,0.6667,-1,-1,-1
194,19,785.43,22.78,29.09,35.09,0.3273,-1,-1,-1
194,5,613.32,45.26,34.11,86.13,0.6807,-1,-1,-1
194,2,649.75,52.31,30.79,83.57,0.9086,-1,-1,-1
195,27,752.91,95.46,42.33,108.45,0.3743,-1,-1,-1
195,26,211.74,102.91,52.80,156.11,0.5992,-1,-1,-1
195,24,112.53,102.81,60.23,159.46,0.6667,-1,-1,-1
195,19,785.41,22.79,29.13,35.13,0.3273,-1,-1,-1
195,5,619.95,46.26,29.80,84.03,0.6807,-1,-1,-1
195,2,650.55,51.53,30.37,83.96,0.9086,-1,-1,-1
196,27,751.33,95.31,42.23,108.67,0.3743,-1,-1,-1
196,26,210.97,102.80,56.63,156.41,0.5992,-1,-1,-1
196,24,116.97,101.80,57.94,158.81,0.6667,-1,-1,-1
196,19,785.41,22.77,29.09,35.14,0.3273,-1,-1,-1
196,5,625.01,47.60,24.93,81.98,0.6807,-1,-1,-1
196,2,652.23,51.15,29.23,83.00,0.9086,-1,-1,-1
197,32,610.63,44.49,23.59,81.46,0.4773,-1,-1,-1
197,27,747.31,93.60,44.50,111.06,0.3743,-1,-1,-1
197,26,211.12,102.38,59.19,157.01,0.5992,-1,-1,-1
197,24,119.94,100.79,57.30,156.12,0.6667,-1,-1,-1
197,19,785.41,22.83,29.09,35.02,0.3273,-1,-1,-1
197,5,624.55,47.42,26.17,81.96,0.6807,-1,-1,-1
197,2,653.67,51.18,28.41,84.07,0.9086,-1,-1,-1
198,32,610.99,44.25,23.67,80.78,0.4773,-1,-1,-1
198,27,746.05,80.33,45.14,124.80,0.3743,-1,-1,-1
198,26,212.30,102.08,60.64,157.30,0.5992,-1,-1,-1
198,24,122.32,99.35,57.05,156.15,0.6667,-1,-1,-1
198,19,785.54,22.82,28.93,34.82,0.3273,-1,-1,-1
198,5,624.91,47.01,26.82,82.02,0.6807,-1,-1,-1
198,2,654.43,50.08,28.66,83.92,0.9086,-1,-1,-1
199,32,611.16,44.15,23.67,78.80,0.4773,-1,-1,-1
199,27,747.17,90.12,41.51,113.54,0.3743,-1,-1,-1
199,26,213.99,102.55,62.03,156.79,0.5992,-1,-1,-1
199,24,124.42,98.75,57.12,155.26,0.6667,-1,-1,-1
199,19,785.54,22.88,28.97,34.66,0.3273,-1,-1,-1
199,5,627.38,46.33,25.43,82.44,0.6807,-1,-1,-1
199,2,654.98,47.51,28.82,86.77,0.9086,-1,-1,-1
200,32,610.61,43.64,24.71,78.36,0.4773,-1,-1,-1
200,27,746.57,89.78,39.61,114.58,0.3743,-1,-1,-1
200,26,215.95,102.17,63.93,157.11,0.5992,-1,-1,-1
200,24,127.02,98.97,56.95,152.93,0.6667,-1,-1,-1
200,19,785.55,22.93,28.86,34.53,0.3273,-1,-1,-1
200,5,629.27,45.87,24.50,82.68,0.6807,-1,-1,-1
200,2,655.52,46.05,29.69,88.33,0.9086,-1,-1,-1
201,32,610.84,43.77,25.24,78.49,0.4773,-1,-1,-1
201,27,744.87,87.62,39.60,116.11,0.3743,-1,-1,-1
201,26,218.95,101.65,63.07,157.15,0.5992,-1,-1,-1
201,24,130.82,97.75,57.09,153.49,0.6667,-1,-1,-1
201,19,785.57,23.10,28.81,34.32,0.3273,-1,-1,-1
201,5,630.59,45.94,24.15,82.07,0.6807,-1,-1,-1
201,2,655.92,46.14,29.39,88.09,0.9086,-1,-1,-1
202,32,610.93,43.89,25.15,75.06,0.4773,-1,-1,-1
202,27,742.59,85.60,44.31,119.67,0.3743,-1,-1,-1
202,26,222.38,101.43,62.43,156.15,0.5992,-1,-1,-1
202,24,133.81,97.24,64.55,154.36,0.6667,-1,-1,-1
202,19,785.56,23.12,28.83,34.31,0.3273,-1,-1,-1
202,5,630.93,46.70,25.14,81.40,0.6807,-1,-1,-1
202,2,656.12,45.81,30.07,87.62,0.9086,-1,-1,-1
203,32,609.78,44.05,26.44,74.98,0.4773,-1,-1,-1
203,27,736.43,87.03,47.53,118.58,0.3743,-1,-1,-1
203,26,226.94,100.53,61.60,155.00,0.5992,-1,-1,-1
203,24,138.19,97.21,67.15,154.13,0.6667,-1,-1,-1
203,19,785.60,23.31,28.70,34.01,0.3273,-1,-1,-1
203,5,631.65,46.69,25.51,81.41,0.6807,-1,-1,-1
203,2,657.27,48.97,29.15,83.97,0.9086,-1,-1,-1
204,33,42.42,66.69,26.55,89.17,0.4371,-1,-1,-1
204,32,608.62,43.03,27.21,74.33,0.4773,-1,-1,-1
204,27,728.58,89.96,52.59,115.41,0.3743,-1,-1,-1
204,26,231.99,99.82,60.01,152.55,0.5992,-1,-1,-1
204,24,142.25,96.84,66.81,154.06,0.6667,-1,-1,-1
204,19,785.58,23.28,28.67,33.98,0.3273,-1,-1,-1
204,5,632.30,47.31,25.49,80.75,0.6807,-1,-1,-1
204,2,657.59,49.75,29.71,82.77,0.9086,-1,-1,-1
205,32,607.94,43.01,27.21,74.29,0.4773,-1,-1,-1
205,27,722.47,94.62,52.28,110.40,0.3743,-1,-1,-1
205,26,238.95,97.36,55.97,150.49,0.5992,-1,-1,-1
205,24,145.11,96.92,64.77,153.48,0.6667,-1,-1,-1
205,19,785.55,23.35,28.68,34.01,0.3273,-1,-1,-1
205,5,632.72,47.43,25.44,80.60,0.6807,-1,-1,-1
205,2,658.61,48.17,29.93,83.95,0.9086,-1,-1,-1
206,32,607.12,42.98,28.15,74.48,0.4773,-1,-1,-1
206,27,719.84,94.97,52.47,110.22,0.3743,-1,-1,-1
206,26,245.64,95.66,52.03,149.20,0.5992,-1,-1,-1
206,24,147.53,96.46,62.77,153.07,0.6667,-1,-1,-1
206,19,785.57,23.24,28.59,34.03,0.3273,-1,-1,-1
206,5,633.17,47.25,25.57,80.81,0.6807,-1,-1,-1
206,2,658.75,48.19,30.92,83.71,0.9086,-1,-1,-1
207,33,51.54,66.29,28.59,86.76,0.4371,-1,-1,-1
207,32,606.15,42.78,28.27,73.39,0.4773,-1,-1,-1
207,27,719.71,94.78,50.05,110.83,0.3743,-1,-1,-1
207,26,249.91,94.86,51.63,148.88,0.5992,-1,-1,-1
207,24,150.82,96.33,59.46,151.49,0.6667,-1,-1,-1
207,5,634.47,47.07,25.25,80.07,0.6807,-1,-1,-1
207,2,659.04,46.01,31.68,85.80,0.9086,-1,-1,-1
208,32,605.98,42.74,27.79,73.79,0.4773,-1,-1,-1
208,27,718.88,94.51,48.73,111.50,0.3743,-1,-1,-1
208,26,253.15,94.87,50.22,147.00,0.5992,-1,-1,-1
208,24,154.80,95.37,55.40,149.51,0.6667,-1,-1,-1
208,5,635.47,47.22,25.13,80.50,0.6807,-1,-1,-1
208,2,659.05,45.89,32.48,85.88,0.9086,-1,-1,-1
209,32,605.75,42.65,27.78,74.31,0.4773,-1,-1,-1
209,27,718.87,94.20,47.78,111.52,0.3743,-1,-1,-1
209,26,255.06,94.73,52.36,146.73,0.5992,-1,-1,-1
209,24,160.36,93.88,52.68,148.80,0.6667,-1,-1,-1
209,5,636.75,46.90,24.36,78.70,0.6807,-1,-1,-1
209,2,661.30,46.96,30.90,84.65,0.9086,-1,-1,-1
210,32,605.60,42.69,27.79,74.18,0.4773,-1,-1,-1
210,27,717.97,93.58,43.80,112.57,0.3743,-1,-1,-1
210,26,257.91,94.50,56.35,146.98,0.5992,-1,-1,-1
210,24,165.83,93.06,51.68,148.04,0.6667,-1,-1,-1
210,5,638.46,46.55,23.34,77.92,0.6807,-1,-1,-1
210,2,661.66,47.39,31.88,83.32,0.9086,-1,-1,-1
211,36,762.22,81.17,30.57,75.25,0.3847,-1,-1,-1
211,35,97.41,54.82,30.36,84.90,0.4202,-1,-1,-1
211,32,605.36,42.63,27.47,74.07,0.4773,-1,-1,-1
211,27,717.36,93.12,40.59,112.67,0.3743,-1,-1,-1
211,26,261.59,95.12,59.60,146.41,0.5992,-1,-1,-1
211,24,168.89,91.91,52.60,147.94,0.6667,-1,-1,-1
211,5,639.36,45.65,23.40,78.86,0.6807,-1,-1,-1
211,2,662.80,45.85,32.18,84.37,0.9086,-1,-1,-1
212,36,763.78,82.01,28.38,73.52,0.3847,-1,-1,-1
212,35,100.09,52.80,29.83,86.52,0.4202,-1,-1,-1
212,32,605.39,42.56,27.76,74.17,0.4773,-1,-1,-1
212,27,718.38,92.14,37.76,113.74,0.3743,-1,-1,-1
212,26,263.36,94.79,60.38,146.45,0.5992,-1,-1,-1
212,24,172.15,90.75,53.17,148.94,0.6667,-1,-1,-1
212,5,640.62,45.26,23.00,79.92,0.6807,-1,-1,-1
212,2,664.19,46.21,31.55,83.72,0.9086,-1,-1,-1
213,36,765.44,82.46,26.07,71.97,0.3847,-1,-1,-1
213,32,605.09,42.28,27.48,74.52,0.4773,-1,-1,-1
213,27,718.19,92.33,37.29,114.16,0.3743,-1,-1,-1
213,26,264.05,94.13,61.05,146.90,0.5992,-1,-1,-1
213,24,174.24,90.24,56.08,149.49,0.6667,-1,-1,-1
213,19,785.44,23.11,28.75,34.20,0.3273,-1,-1,-1
213,5,641.16,44.88,23.39,79.54,0.6807,-1,-1,-1
213,2,665.37,46.62,31.41,83.44,0.9086,-1,-1,-1
214,36,766.46,82.25,26.33,71.85,0.3847,-1,-1,-1
214,32,604.94,42.49,27.52,74.23,0.4773,-1,-1,-1
214,27,713.96,92.39,39.32,114.69,0.3743,-1,-1,-1
214,26,264.21,93.66,60.18,146.92,0.5992,-1,-1,-1
214,24,178.25,89.79,56.80,149.47,0.6667,-1,-1,-1
214,5,640.75,45.22,24.49,79.16,0.6807,-1,-1,-1
214,2,666.47,45.36,32.24,85.07,0.9086,-1,-1,-1
215,36,767.61,81.82,26.65,71.18,0.3847,-1,-1,-1
215,32,604.47,42.51,27.73,74.57,0.4773,-1,-1,-1
215,27,710.13,92.18,41.38,114.72,0.3743,-1,-1,-1
215,26,265.82,93.05,59.93,147.02,0.5992,-1,-1,-1
215,24,182.32,89.73,56.96,148.52,0.6667,-1,-1,-1
215,19,785.64,23.04,28.74,34.13,0.3273,-1,-1,-1
215,5,641.14,45.50,24.71,79.03,0.6807,-1,-1,-1
215,2,667.54,44.52,31.83,85.55,0.9086,-1,-1,-1
216,36,770.57,81.46,25.68,68.53,0.3847,-1,-1,-1
216,32,604.54,42.64,26.33,74.43,0.4773,-1,-1,-1
216,27,701.13,92.76,45.48,116.34,0.3743,-1,-1,-1
216,26,271.56,91.00,57.60,142.56,0.5992,-1,-1,-1
216,24,186.26,89.63,60.09,148.18,0.6667,-1,-1,-1
216,19,785.48,23.11,28.86,34.17,0.3273,-1,-1,-1
216,5,642.45,46.44,25.32,76.84,0.6807,-1,-1,-1
216,2,668.86,46.01,31.60,82.14,0.9086,-1,-1,-1
217,36,772.44,80.96,26.73,62.97,0.3847,-1,-1,-1
217,32,604.16,42.83,26.12,74.04,0.4773,-1,-1,-1
217,27,697.58,93.16,46.32,115.65,0.3743,-1,-1,-1
217,26,274.61,89.91,57.63,140.50,0.5992,-1,-1,-1
217,24,188.70,88.47,59.97,148.57,0.6667,-1,-1,-1
217,19,785.48,23.13,28.83,34.03,0.3273,-1,-1,-1
217,5,642.97,47.09,25.79,75.95,0.6807,-1,-1,-1
217,2,669.73,47.72,30.63,77.90,0.9086,-1,-1,-1
218,36,772.71,80.21,28.31,67.74,0.3847,-1,-1,-1
218,32,603.61,42.96,26.49,74.24,0.4773,-1,-1,-1
218,27,694.85,93.35,46.91,115.65,0.3743,-1,-1,-1
218,26,277.73,88.36,56.89,141.76,0.5992,-1,-1,-1
218,24,191.43,88.24,60.43,147.47,0.6667,-1,-1,-1
218,5,642.73,47.19,27.00,75.91,0.6807,-1,-1,-1
218,2,670.15,48.09,30.18,75.99,0.9086,-1,-1,-1
219,36,774.96,80.00,26.73,63.33,0.3847,-1,-1,-1
219,32,603.96,42.78,26.05,74.46,0.4773,-1,-1,-1
219,27,693.59,93.11,45.33,115.90,0.3743,-1,-1,-1
219,26,283.12,87.77,53.75,141.58,0.5992,-1,-1,-1
219,24,194.79,87.63,59.72,146.30,0.6667,-1,-1,-1
219,5,643.88,46.72,26.36,76.34,0.6807,-1,-1,-1
219,2,670.39,46.87,30.31,76.03,0.9086,-1,-1,-1
220,36,775.02,79.38,27.77,67.09,0.3847,-1,-1,-1
220,32,604.38,42.31,25.58,75.24,0.4773,-1,-1,-1
220,27,693.55,93.23,42.97,115.94,0.3743,-1,-1,-1
220,26,287.23,87.71,52.05,141.88,0.5992,-1,-1,-1
220,24,198.54,85.90,57.35,145.09,0.6667,-1,-1,-1
220,19,785.43,22.95,28.93,33.89,0.3273,-1,-1,-1
220,5,646.08,47.09,25.79,75.94,0.6807,-1,-1,-1
220,2,671.33,46.77,29.23,77.43,0.9086,-1,-1,-1
221,36,776.76,79.11,26.40,63.86,0.3847,-1,-1,-1
221,32,604.37,42.29,25.46,75.00,0.4773,-1,-1,-1
221,27,693.54,92.79,40.47,116.02,0.3743,-1,-1,-1
221,26,287.14,87.39,54.91,142.24,0.5992,-1,-1,-1
221,24,202.59,85.64,55.11,143.64,0.6667,-1,-1,-1
221,19,785.53,22.96,28.82,33.85,0.3273,-1,-1,-1
221,5,646.35,46.17,26.62,76.30,0.6807,-1,-1,-1
221,2,671.94,44.96,28.81,77.09,0.9086,-1,-1,-1
222,36,778.24,78.84,25.98,63.14,0.3847,-1,-1,-1
222,32,604.09,42.36,25.68,74.36,0.4773,-1,-1,-1
222,27,693.11,91.80,38.82,117.16,0.3743,-1,-1,-1
222,26,288.36,87.36,56.12,141.90,0.5992,-1,-1,-1
222,24,204.40,85.46,55.23,143.09,0.6667,-1,-1,-1
222,19,785.52,22.94,28.84,33.81,0.3273,-1,-1,-1
222,5,647.04,45.36,27.37,77.01,0.6807,-1,-1,-1
222,2,672.46,43.66,28.41,81.28,0.9086,-1,-1,-1
223,36,779.08,78.78,26.37,64.54,0.3847,-1,-1,-1
223,32,604.14,42.65,25.56,74.20,0.4773,-1,-1,-1
223,27,690.25,91.38,39.12,117.01,0.3743,-1,-1,-1
223,26,290.63,87.41,56.09,142.58,0.5992,-1,-1,-1
223,24,205.66,84.49,55.43,142.07,0.6667,-1,-1,-1
223,19,785.49,22.92,28.83,33.93,0.3273,-1,-1,-1
223,5,648.45,44.79,26.68,77.29,0.6807,-1,-1,-1
223,2,672.63,42.73,28.47,80.71,0.9086,-1,-1,-1
224,36,779.42,78.26,27.10,65.10,0.3847,-1,-1,-1
224,32,603.99,42.66,25.45,74.53,0.4773,-1,-1,-1
224,27,687.33,91.47,39.46,117.68,0.3743,-1,-1,-1
224,26,292.71,87.52,56.71,142.17,0.5992,-1,-1,-1
224,24,208.26,83.76,54.37,141.49,0.6667,-1,-1,-1
224,19,785.59,22.95,28.66,33.91,0.3273,-1,-1,-1
224,5,650.23,44.47,25.31,76.71,0.6807,-1,-1,-1
224,2,673.26,43.40,28.22,79.56,0.9086,-1,-1,-1
225,36,782.10,77.44,26.78,63.96,0.3847,-1,-1,-1
225,32,604.10,42.66,25.39,74.62,0.4773,-1,-1,-1
225,27,684.19,91.34,40.05,117.54,0.3743,-1,-1,-1
225,26,294.54,87.69,57.03,141.68,0.5992,-1,-1,-1
225,24,210.06,84.14,54.05,140.66,0.6667,-1,-1,-1
225,19,785.73,22.87,28.49,33.88,0.3273,-1,-1,-1
225,5,652.23,44.65,23.69,76.69,0.6807,-1,-1,-1
225,2,673.68,43.08,28.08,79.86,0.9086,-1,-1,-1
226,36,783.01,77.93,25.80,63.60,0.3847,-1,-1,-1
226,32,604.07,42.58,25.44,74.58,0.4773,-1,-1,-1
226,27,677.57,90.79,44.12,117.87,0.3743,-1,-1,-1
226,26,296.46,87.52,57.10,141.74,0.5992,-1,-1,-1
226,24,211.95,83.75,55.58,140.96,0.6667,-1,-1,-1
226,19,785.78,22.75,28.45,34.08,0.3273,-1,-1,-1
226,5,653.23,44.82,23.96,76.36,0.6807,-1,-1,-1
226,2,674.33,42.78,28.06,77.36,0.9086,-1,-1,-1
227,36,783.80,78.16,27.14,63.63,0.3847,-1,-1,-1
227,32,604.13,42.79,25.27,74.23,0.4773,-1,-1,-1
227,27,669.71,92.12,48.82,117.19,0.3743,-1,-1,-1
227,26,299.03,86.70,56.95,142.30,0.5992,-1,-1,-1
227,24,215.98,83.74,58.23,140.37,0.6667,-1,-1,-1
227,19,785.76,22.65,28.41,34.30,0.3273,-1,-1,-1
227,5,654.22,44.56,24.08,76.52,0.6807,-1,-1,-1
227,2,674.08,42.80,28.58,78.86,0.9086,-1,-1,-1
228,36,784.40,77.15,27.26,64.61,0.3847,-1,-1,-1
228,32,604.11,42.49,25.06,74.39,0.4773,-1,-1,-1
228,27,662.66,92.14,53.68,117.29,0.3743,-1,-1,-1
228,26,301.88,85.09,56.45,142.26,0.5992,-1,-1,-1
228,24,218.54,83.92,59.09,139.95,0.6667,-1,-1,-1
228,5,654.90,44.46,25.24,75.85,0.6807,-1,-1,-1
228,2,674.62,42.97,28.07,75.31,0.9086,-1,-1,-1
229,36,786.47,76.77,25.74,64.50,0.3847,-1,-1,-1
229,32,604.07,42.36,25.31,74.64,0.4773,-1,-1,-1
229,27,658.02,92.62,54.59,116.74,0.3743,-1,-1,-1
229,26,303.68,84.79,56.52,140.16,0.5992,-1,-1,-1
229,24,221.54,84.01,56.39,139.10,0.6667,-1,-1,-1
229,5,655.79,44.50,25.93,75.64,0.6807,-1,-1,-1
229,2,674.75,43.55,28.69,74.62,0.9086,-1,-1,-1
230,36,787.75,76.08,25.57,64.31,0.3847,-1,-1,-1
230,32,604.04,42.54,25.38,74.52,0.4773,-1,-1,-1
230,27,656.63,93.15,52.62,116.86,0.3743,-1,-1,-1
230,26,309.69,84.11,53.44,135.50,0.5992,-1,-1,-1
230,24,222.84,82.91,55.82,138.92,0.6667,-1,-1,-1
230,5,656.25,44.61,26.91,75.27,0.6807,-1,-1,-1
230,2,675.08,45.42,29.22,71.66,0.9086,-1,-1,-1
231,36,788.79,75.61,25.02,62.90,0.3847,-1,-1,-1
231,32,604.25,42.33,25.49,74.85,0.4773,-1,-1,-1
231,27,656.68,96.77,50.01,113.05,0.3743,-1,-1,-1
231,26,319.12,82.87,46.95,134.24,0.5992,-1,-1,-1
231,24,225.70,82.52,55.15,138.25,0.6667,-1,-1,-1
231,5,656.71,44.66,26.90,75.63,0.6807,-1,-1,-1
231,2,676.27,44.89,29.31,81.76,0.9086,-1,-1,-1
232,36,788.78,75.45,26.26,66.11,0.3847,-1,-1,-1
232,32,604.10,42.35,25.50,74.92,0.4773,-1,-1,-1
232,27,656.48,95.51,47.93,114.70,0.3743,-1,-1,-1
232,26,325.40,82.53,42.55,134.83,0.5992,-1,-1,-1
232,24,230.10,81.98,54.95,137.44,0.6667,-1,-1,-1
232,5,657.54,43.13,27.00,76.98,0.6807,-1,-1,-1
233,36,789.67,74.59,25.87,66.60,0.3847,-1,-1,-1
233,32,603.80,42.46,25.93,74.66,0.4773,-1,-1,-1
233,27,656.39,96.26,44.21,114.20,0.3743,-1,-1,-1
233,26,329.78,82.19,41.46,134.31,0.5992,-1,-1,-1
233,24,234.02,80.58,54.73,136.71,0.6667,-1,-1,-1
233,5,658.34,43.04,27.48,75.60,0.6807,-1,-1,-1
233,2,677.60,45.10,28.64,81.66,0.9086,-1,-1,-1
234,36,790.42,73.98,26.11,67.97,0.3847,-1,-1,-1
234,32,603.64,42.43,26.05,74.57,0.4773,-1,-1,-1
234,27,656.30,104.13,39.64,106.34,0.3743,-1,-1,-1
234,26,332.24,81.96,41.21,133.86,0.5992,-1,-1,-1
234,24,239.02,79.55,54.59,136.86,0.6667,-1,-1,-1
234,19,785.49,23.03,28.17,33.45,0.3273,-1,-1,-1
234,5,659.85,43.27,26.58,73.21,0.6807,-1,-1,-1
234,2,679.21,45.99,28.10,81.11,0.9086,-1,-1,-1
235,36,790.73,73.95,27.34,67.16,0.3847,-1,-1,-1
235,32,603.70,42.46,25.71,74.52,0.4773,-1,-1,-1
235,27,656.13,95.12,38.91,115.55,0.3743,-1,-1,-1
235,26,332.74,81.86,42.96,133.85,0.5992,-1,-1,-1
235,24,241.58,79.57,55.74,135.03,0.6667,-1,-1,-1
235,19,785.58,23.06,28.22,33.49,0.3273,-1,-1,-1
235,5,660.89,43.23,25.29,64.82,0.6807,-1,-1,-1
235,2,681.11,46.00,26.97,73.40,0.9086,-1,-1,-1
236,36,791.91,74.23,26.58,66.59,0.3847,-1,-1,-1
236,32,603.56,42.44,25.92,74.52,0.4773,-1,-1,-1
236,27,654.44,99.18,34.94,112.70,0.3743,-1,-1,-1
236,26,333.90,81.77,45.81,133.88,0.5992,-1,-1,-1
236,24,244.93,79.13,56.49,135.60,0.6667,-1,-1,-1
236,19,785.56,23.21,28.14,33.47,0.3273,-1,-1,-1
236,5,661.73,43.03,23.39,64.15,0.6807,-1,-1,-1
236,2,681.52,45.89,27.31,77.02,0.9086,-1,-1,-1
237,36,794.05,74.10,25.55,65.25,0.3847,-1,-1,-1
237,32,603.42,42.52,25.60,74.37,0.4773,-1,-1,-1
237,27,652.00,92.92,37.72,118.45,0.3743,-1,-1,-1
237,26,335.28,81.96,46.61,133.22,0.5992,-1,-1,-1
237,24,247.27,78.02,56.33,137.00,0.6667,-1,-1,-1
237,19,785.51,23.12,28.13,33.56,0.3273,-1,-1,-1
237,5,662.97,42.58,23.10,62.59,0.6807,-1,-1,-1
237,2,681.91,45.64,28.10,75.68,0.9086,-1,-1,-1
238,36,795.02,73.68,26.23,65.23,0.3847,-1,-1,-1
238,32,603.17,42.13,26.43,74.66,0.4773,-1,-1,-1
238,27,649.17,92.67,39.02,119.78,0.3743,-1,-1,-1
238,26,335.47,81.87,47.93,133.59,0.5992,-1,-1,-1
238,24,249.65,77.81,56.13,137.37,0.6667,-1,-1,-1
238,19,785.53,23.27,27.99,33.53,0.3273,-1,-1,-1
238,5,664.76,42.25,22.79,63.12,0.6807,-1,-1,-1
238,2,681.98,44.93,29.18,74.06,0.9086,-1,-1,-1
239,36,797.34,73.28,25.11,63.26,0.3847,-1,-1,-1
239,32,603.07,42.20,26.29,74.60,0.4773,-1,-1,-1
239,27,646.43,92.18,39.48,119.82,0.3743,-1,-1,-1
239,26,336.18,81.45,48.34,133.32,0.5992,-1,-1,-1
239,24,252.29,77.74,56.59,135.83,0.6667,-1,-1,-1
239,19,785.60,23.13,27.99,33.74,0.3273,-1,-1,-1
239,5,665.10,42.37,23.76,67.07,0.6807,-1,-1,-1
239,2,682.07,44.32,29.64,75.12,0.9086,-1,-1,-1
240,36,797.58,72.35,23.95,63.59,0.3847,-1,-1,-1
240,32,603.02,42.77,25.77,74.02,0.4773,-1,-1,-1
240,27,636.01,93.35,44.12,120.79,0.3743,-1,-1,-1
240,26,337.87,80.05,50.57,132.81,0.5992,-1,-1,-1
240,24,256.11,77.59,59.06,134.88,0.6667,-1,-1,-1
240,19,785.72,23.17,27.85,33.76,0.3273,-1,-1,-1
240,5,666.80,42.87,22.18,68.47,0.6807,-1,-1,-1
240,2,682.56,44.71,30.14,72.98,0.9086,-1,-1,-1
241,36,797.53,72.52,24.57,62.93,0.3847,-1,-1,-1
241,32,603.10,42.80,25.86,74.01,0.4773,-1,-1,-1
241,27,631.68,93.28,46.28,121.76,0.3743,-1,-1,-1
241,26,339.23,79.92,51.35,129.64,0.5992,-1,-1,-1
241,24,257.91,76.61,59.04,135.00,0.6667,-1,-1,-1
241,19,785.65,23.04,27.90,33.93,0.3273,-1,-1,-1
241,5,667.84,43.06,21.71,69.42,0.6807,-1,-1,-1
241,2,683.06,44.43,29.92,71.72,0.9086,-1,-1,-1
242,36,797.15,72.35,27.51,63.37,0.3847,-1,-1,-1
242,32,603.21,42.63,25.85,74.47,0.4773,-1,-1,-1
242,27,629.92,93.52,45.62,121.35,0.3743,-1,-1,-1
242,26,341.26,78.74,51.18,128.36,0.5992,-1,-1,-1
242,24,259.33,75.96,59.40,134.38,0.6667,-1,-1,-1
242,19,785.62,22.95,27.93,34.02,0.3273,-1,-1,-1
242,5,668.39,43.39,21.63,69.62,0.6807,-1,-1,-1
242,2,684.24,44.80,29.23,72.24,0.9086,-1,-1,-1
243,36,799.78,72.30,25.67,61.82,0.3847,-1,-1,-1
243,32,603.51,42.69,25.48,74.26,0.4773,-1,-1,-1
243,27,629.01,92.80,44.39,122.45,0.3743,-1,-1,-1
243,26,346.14,77.92,48.83,127.58,0.5992,-1,-1,-1
243,24,262.34,75.31,56.94,133.03,0.6667,-1,-1,-1
243,19,785.62,22.90,27.78,34.15,0.3273,-1,-1,-1
243,5,669.79,44.06,21.26,69.23,0.6807,-1,-1,-1
243,2,684.95,45.13,29.21,72.38,0.9086,-1,-1,-1
244,36,800.22,71.78,24.99,63.58,0.3847,-1,-1,-1
244,32,603.43,42.74,25.53,74.20,0.4773,-1,-1,-1
244,27,628.90,93.63,42.49,121.67,0.3743,-1,-1,-1
244,26,350.49,77.04,46.30,125.30,0.5992,-1,-1,-1
244,24,266.40,74.57,53.91,131.90,0.6667,-1,-1,-1
244,19,785.58,22.99,27.87,34.06,0.3273,-1,-1,-1
244,5,670.09,43.47,21.38,69.50,0.6807,-1,-1,-1
244,2,685.98,45.28,28.97,72.90,0.9086,-1,-1,-1
245,36,801.35,71.74,24.55,62.51,0.3847,-1,-1,-1
245,32,603.28,42.70,25.71,74.18,0.4773,-1,-1,-1
245,27,628.23,93.32,39.97,121.48,0.3743,-1,-1,-1
245,26,352.26,77.01,46.24,128.40,0.5992,-1,-1,-1
245,24,269.96,74.05,51.24,129.98,0.6667,-1,-1,-1
245,19,785.58,22.99,27.95,34.06,0.3273,-1,-1,-1
245,5,669.85,41.30,23.72,72.81,0.6807,-1,-1,-1
245,2,686.62,45.20,29.10,74.11,0.9086,-1,-1,-1
246,36,802.12,71.67,25.64,61.52,0.3847,-1,-1,-1
246,32,603.15,42.70,25.84,73.66,0.4773,-1,-1,-1
246,27,626.03,92.65,39.76,122.18,0.3743,-1,-1,-1
246,26,352.02,76.70,48.49,127.38,0.5992,-1,-1,-1
246,24,273.46,73.58,49.20,130.53,0.6667,-1,-1,-1
246,19,785.69,22.79,27.87,34.13,0.3273,-1,-1,-1
246,5,669.59,40.42,24.86,74.26,0.6807,-1,-1,-1
246,2,687.54,44.46,28.03,74.38,0.9086,-1,-1,-1
247,36,802.69,71.22,25.92,60.93,0.3847,-1,-1,-1
247,32,603.17,42.58,25.90,73.71,0.4773,-1,-1,-1
247,27,623.30,92.63,40.09,123.03,0.3743,-1,-1,-1
247,26,353.33,76.64,49.26,129.34,0.5992,-1,-1,-1
247,24,275.99,73.23,48.16,129.59,0.6667,-1,-1,-1
247,19,785.66,22.89,27.89,33.91,0.3273,-1,-1,-1
247,5,670.04,39.34,25.46,74.78,0.6807,-1,-1,-1
247,2,689.49,43.96,26.68,74.54,0.9086,-1,-1,-1
248,36,804.04,71.02,25.65,61.06,0.3847,-1,-1,-1
248,32,603.05,42.47,26.08,73.41,0.4773,-1,-1,-1
248,27,620.08,92.02,40.66,123.54,0.3743,-1,-1,-1
248,26,353.32,76.39,51.38,128.88,0.5992,-1,-1,-1
248,24,279.11,72.91,46.18,129.35,0.6667,-1,-1,-1
248,19,785.70,22.93,27.78,33.77,0.3273,-1,-1,-1
248,5,670.75,38.84,25.85,74.34,0.6807,-1,-1,-1
248,2,690.08,43.06,26.34,74.30,0.9086,-1,-1,-1
249,36,804.34,70.36,26.61,62.20,0.3847,-1,-1,-1
249,32,602.95,42.93,26.00,73.54,0.4773,-1,-1,-1
249,27,616.81,92.34,40.97,122.72,0.3743,-1,-1,-1
249,26,355.88,76.64,50.92,129.39,0.5992,-1,-1,-1
249,24,280.21,72.61,46.61,129.65,0.6667,-1,-1,-1
249,19,785.60,22.87,28.14,33.95,0.3273,-1,-1,-1
249,5,671.73,37.03,26.58,75.79,0.6807,-1,-1,-1
249,2,690.36,42.62,26.49,74.45,0.9086,-1,-1,-1
250,36,807.08,69.78,25.56,61.06,0.3847,-1,-1,-1
250,32,602.83,42.46,25.98,73.23,0.4773,-1,-1,-1
250,27,610.57,92.59,45.12,123.38,0.3743,-1,-1,-1
250,26,357.62,76.69,51.23,129.18,0.5992,-1,-1,-1
250,24,282.17,72.09,48.44,130.31,0.6667,-1,-1,-1
250,19,785.80,22.89,27.96,34.32,0.3273,-1,-1,-1
250,5,673.29,36.04,26.90,77.49,0.6807,-1,-1,-1
250,2,691.65,41.93,25.57,74.69,0.9086,-1,-1,-1
251,36,806.08,69.26,26.56,61.78,0.3847,-1,-1,-1
251,32,602.65,41.87,26.50,73.38,0.4773,-1,-1,-1
251,27,600.61,92.88,52.07,122.94,0.3743,-1,-1,-1
251,26,359.18,76.31,51.77,129.10,0.5992,-1,-1,-1
251,24,281.03,72.19,53.74,129.11,0.6667,-1,-1,-1
251,19,785.80,22.90,27.97,34.34,0.3273,-1,-1,-1
251,5,673.62,36.37,26.62,76.87,0.6807,-1,-1,-1
251,2,691.67,42.12,25.94,74.49,0.9086,-1,-1,-1
252,36,807.41,69.18,26.21,61.37,0.3847,-1,-1,-1
252,27,592.95,92.58,56.55,123.48,0.3743,-1,-1,-1
252,26,360.66,75.69,52.39,128.94,0.5992,-1,-1,-1
252,24,284.28,72.45,52.04,128.42,0.6667,-1,-1,-1
252,19,785.83,22.92,27.93,34.25,0.3273,-1,-1,-1
252,5,673.69,35.96,26.60,76.95,0.6807,-1,-1,-1
252,2,691.22,41.86,26.71,75.05,0.9086,-1,-1,-1
253,36,807.85,68.91,26.57,61.40,0.3847,-1,-1,-1
253,27,589.58,91.91,57.16,124.27,0.3743,-1,-1,-1
253,26,362.42,75.00,52.17,128.71,0.5992,-1,-1,-1
253,24,285.78,72.42,51.29,128.40,0.6667,-1,-1,-1
253,19,785.84,23.00,27.87,34.11,0.3273,-1,-1,-1
253,5,673.24,35.24,27.82,78.22,0.6807,-1,-1,-1
253,2,692.47,42.23,25.85,74.05,0.9086,-1,-1,-1
254,36,809.18,68.65,26.91,61.45,0.3847,-1,-1,-1
254,27,588.57,90.43,55.73,126.06,0.3743,-1,-1,-1
254,26,364.83,73.85,52.23,127.66,0.5992,-1,-1,-1
254,24,288.63,71.61,50.40,127.85,0.6667,-1,-1,-1
254,19,785.85,22.99,27.89,34.21,0.3273,-1,-1,-1
254,5,673.36,34.54,28.47,78.89,0.6807,-1,-1,-1
254,2,692.95,42.64,25.87,73.03,0.9086,-1,-1,-1
255,36,810.66,68.36,26.35,61.33,0.3847,-1,-1,-1
255,27,589.22,92.10,53.41,124.64,0.3743,-1,-1,-1
255,26,369.66,73.15,49.19,124.63,0.5992,-1,-1,-1
255,24,291.38,71.14,51.10,126.97,0.6667,-1,-1,-1
255,19,785.86,22.93,27.97,34.33,0.3273,-1,-1,-1
255,5,673.60,34.29,28.38,79.22,0.6807,-1,-1,-1
255,2,693.30,42.58,25.86,72.84,0.9086,-1,-1,-1
256,36,811.48,68.27,26.30,61.01,0.3847,-1,-1,-1
256,27,588.61,90.20,51.15,126.59,0.3743,-1,-1,-1
256,26,376.20,72.08,44.45,123.05,0.5992,-1,-1,-1
256,24,294.38,70.37,51.26,126.22,0.6667,-1,-1,-1
256,19,785.88,22.97,27.99,34.26,0.3273,-1,-1,-1
256,5,673.81,33.85,28.76,79.21,0.6807,-1,-1,-1
256,2,693.80,42.96,25.74,71.43,0.9086,-1,-1,-1
257,36,811.94,67.89,25.88,60.99,0.3847,-1,-1,-1
257,27,589.07,89.58,47.25,127.40,0.3743,-1,-1,-1
257,26,380.57,71.57,42.15,122.65,0.5992,-1,-1,-1
257,24,298.57,69.71,50.05,125.92,0.6667,-1,-1,-1
257,5,674.18,34.19,29.20,78.75,0.6807,-1,-1,-1
257,2,695.13,43.10,25.07,71.20,0.9086,-1,-1,-1
258,36,812.52,68.35,25.86,60.14,0.3847,-1,-1,-1
258,27,589.22,84.50,42.88,132.78,0.3743,-1,-1,-1
258,26,382.02,71.77,42.95,122.13,0.5992,-1,-1,-1
258,24,303.84,68.90,47.54,125.49,0.6667,-1,-1,-1
258,19,785.89,23.15,27.93,34.09,0.3273,-1,-1,-1
258,5,675.86,33.56,27.80,78.79,0.6807,-1,-1,-1
258,2,695.97,43.02,25.31,71.86,0.9086,-1,-1,-1
259,36,815.25,67.97,24.52,59.47,0.3847,-1,-1,-1
259,27,588.37,87.77,39.88,129.22,0.3743,-1,-1,-1
259,26,383.66,71.60,42.74,122.91,0.5992,-1,-1,-1
259,24,306.11,68.75,48.09,125.51,0.6667,-1,-1,-1
259,5,677.19,34.28,27.43,77.24,0.6807,-1,-1,-1
259,2,697.90,42.78,24.32,70.97,0.9086,-1,-1,-1
260,36,815.60,67.68,25.19,59.38,0.3847,-1,-1,-1
260,27,586.68,83.78,38.95,134.32,0.3743,-1,-1,-1
260,26,384.42,71.39,43.96,122.92,0.5992,-1,-1,-1
260,24,308.54,68.15,50.56,125.28,0.6667,-1,-1,-1
260,19,785.93,22.95,27.88,34.19,0.3273,-1,-1,-1
260,5,678.60,33.21,26.96,76.83,0.6807,-1,-1,-1
260,2,699.08,42.22,23.89,71.16,0.9086,-1,-1,-1
261,36,816.00,66.41,26.33,61.24,0.3847,-1,-1,-1
261,27,584.55,86.61,38.69,132.13,0.3743,-1,-1,-1
261,26,385.35,71.80,45.34,121.69,0.5992,-1,-1,-1
261,24,310.22,67.77,50.75,125.63,0.6667,-1,-1,-1
261,19,785.69,23.38,27.53,33.64,0.3273,-1,-1,-1
261,5,679.82,34.53,26.24,74.14,0.6807,-1,-1,-1
261,2,699.12,41.87,24.62,71.41,0.9086,-1,-1,-1
262,36,817.78,66.92,24.63,59.60,0.3847,-1,-1,-1
262,27,582.04,88.04,38.77,131.67,0.3743,-1,-1,-1
262,26,386.48,71.68,46.35,121.76,0.5992,-1,-1,-1
262,24,311.22,67.87,51.71,125.50,0.6667,-1,-1,-1
262,19,785.73,23.40,27.56,33.63,0.3273,-1,-1,-1
262,5,680.65,34.83,26.24,74.29,0.6807,-1,-1,-1
262,2,698.67,41.86,26.02,70.76,0.9086,-1,-1,-1
263,36,818.48,67.48,24.17,58.61,0.3847,-1,-1,-1
263,27,579.19,88.71,38.15,125.84,0.3743,-1,-1,-1
263,26,387.81,71.77,45.82,121.61,0.5992,-1,-1,-1
263,24,312.55,67.76,52.66,124.95,0.6667,-1,-1,-1
263,19,785.70,23.33,27.65,33.74,0.3273,-1,-1,-1
263,5,681.33,34.52,26.15,74.39,0.6807,-1,-1,-1
263,2,699.63,41.74,26.48,70.07,0.9086,-1,-1,-1
264,36,820.66,67.02,23.14,57.50,0.3847,-1,-1,-1
264,32,603.89,42.16,24.23,73.58,0.4773,-1,-1,-1
264,27,563.06,92.45,48.70,130.11,0.3743,-1,-1,-1
264,26,390.15,71.07,45.89,120.83,0.5992,-1,-1,-1
264,24,318.62,67.84,48.59,123.74,0.6667,-1,-1,-1
264,19,785.86,22.83,28.04,34.61,0.3273,-1,-1,-1
264,5,682.89,34.31,25.56,74.61,0.6807,-1,-1,-1
264,2,701.90,41.94,25.58,70.28,0.9086,-1,-1,-1
265,36,821.50,66.90,22.88,57.02,0.3847,-1,-1,-1
265,32,603.57,42.33,24.26,72.89,0.4773,-1,-1,-1
265,27,559.77,92.98,49.32,129.55,0.3743,-1,-1,-1
265,26,390.98,70.34,46.65,120.96,0.5992,-1,-1,-1
265,24,320.75,67.56,47.67,122.34,0.6667,-1,-1,-1
265,19,785.86,22.86,28.06,34.50,0.3273,-1,-1,-1
265,5,682.51,34.49,26.07,74.23,0.6807,-1,-1,-1
265,2,703.49,41.55,24.45,70.05,0.9086,-1,-1,-1
266,36,822.60,67.30,22.90,56.06,0.3847,-1,-1,-1
266,32,602.40,42.43,25.44,72.99,0.4773,-1,-1,-1
266,27,559.20,93.05,47.10,129.64,0.3743,-1,-1,-1
266,26,391.76,70.45,47.26,120.09,0.5992,-1,-1,-1
266,24,322.55,67.27,47.17,122.02,0.6667,-1,-1,-1
266,19,785.84,22.88,28.07,34.46,0.3273,-1,-1,-1
266,5,683.28,34.26,26.30,73.71,0.6807,-1,-1,-1
266,2,703.91,41.94,24.32,68.43,0.9086,-1,-1,-1
267,36,822.74,66.93,24.38,56.79,0.3847,-1,-1,-1
267,32,602.56,42.42,25.17,73.42,0.4773,-1,-1,-1
267,27,558.06,93.40,45.84,128.94,0.3743,-1,-1,-1
267,26,393.10,69.28,47.82,118.16,0.5992,-1,-1,-1
267,24,323.81,66.44,47.83,123.23,0.6667,-1,-1,-1
267,19,785.86,22.81,28.14,34.54,0.3273,-1,-1,-1
267,5,683.71,34.35,26.66,73.22,0.6807,-1,-1,-1
267,2,703.53,42.22,25.25,68.58,0.9086,-1,-1,-1
268,36,823.87,66.72,24.39,57.06,0.3847,-1,-1,-1
268,32,602.83,42.35,24.87,73.70,0.4773,-1,-1,-1
268,27,557.25,93.41,44.23,129.47,0.3743,-1,-1,-1
268,26,397.31,69.01,45.85,117.20,0.5992,-1,-1,-1
268,24,325.88,65.41,47.29,122.88,0.6667,-1,-1,-1
268,19,785.82,22.79,28.22,34.58,0.3273,-1,-1,-1
268,5,684.06,34.28,26.99,73.25,0.6807,-1,-1,-1
268,2,704.71,42.69,24.38,68.26,0.9086,-1,-1,-1
269,36,825.30,66.73,22.88,55.26,0.3847,-1,-1,-1
269,32,602.84,42.29,24.98,74.10,0.4773,-1,-1,-1
269,27,556.40,93.47,42.11,129.94,0.3743,-1,-1,-1
269,26,399.87,67.98,44.69,116.86,0.5992,-1,-1,-1
269,24,326.72,64.58,47.55,121.31,0.6667,-1,-1,-1
269,19,785.79,22.77,28.22,34.60,0.3273,-1,-1,-1
269,5,685.08,33.79,26.69,72.81,0.6807,-1,-1,-1
269,2,704.53,42.86,24.81,67.72,0.9086,-1,-1,-1
270,36,826.12,65.30,22.09,56.90,0.3847,-1,-1,-1
270,32,602.69,42.17,25.63,74.46,0.4773,-1,-1,-1
270,27,555.92,92.79,38.95,129.99,0.3743,-1,-1,-1
270,26,402.48,67.44,43.33,116.38,0.5992,-1,-1,-1
270,24,328.45,64.38,47.13,120.55,0.6667,-1,-1,-1
270,19,785.83,22.72,28.20,34.69,0.3273,-1,-1,-1
270,5,685.15,33.88,26.87,72.84,0.6807,-1,-1,-1
270,2,705.10,42.10,24.36,68.55,0.9086,-1,-1,-1
271,36,826.35,65.08,23.30,57.06,0.3847,-1,-1,-1
271,32,602.69,42.14,25.62,74.31,0.4773,-1,-1,-1
271,27,553.10,92.40,39.32,129.22,0.3743,-1,-1,-1
271,26,403.01,66.86,44.44,118.67,0.5992,-1,-1,-1
271,24,331.14,63.68,46.30,121.03,0.6667,-1,-1,-1
271,19,785.82,22.76,28.24,34.62,0.3273,-1,-1,-1
271,5,685.59,33.94,26.35,72.66,0.6807,-1,-1,-1
271,2,706.12,41.84,23.43,68.98,0.9086,-1,-1,-1
272,36,828.23,66.22,21.74,54.98,0.3847,-1,-1,-1
272,32,602.57,42.61,25.21,73.38,0.4773,-1,-1,-1
272,27,549.73,92.67,40.15,128.92,0.3743,-1,-1,-1
272,26,404.00,65.34,45.75,120.22,0.5992,-1,-1,-1
272,24,333.72,63.91,44.91,119.68,0.6667,-1,-1,-1
272,19,785.79,22.75,28.18,34.62,0.3273,-1,-1,-1
272,5,685.76,33.64,27.09,72.83,0.6807,-1,-1,-1
272,2,706.64,41.35,23.04,68.92,0.9086,-1,-1,-1
273,36,829.09,65.03,22.35,56.22,0.3847,-1,-1,-1
273,32,602.54,42.54,25.30,73.47,0.4773,-1,-1,-1
273,27,546.48,92.75,40.29,130.08,0.3743,-1,-1,-1
273,26,405.07,64.76,46.53,120.23,0.5992,-1,-1,-1
273,24,336.03,63.54,44.28,118.53,0.6667,-1,-1,-1
273,19,785.77,22.75,28.24,34.73,0.3273,-1,-1,-1
273,5,686.58,34.10,26.82,71.46,0.6807,-1,-1,-1
273,2,707.88,41.27,22.11,67.84,0.9086,-1,-1,-1
274,36,829.59,63.28,22.86,57.51,0.3847,-1,-1,-1
274,32,602.50,42.22,25.51,73.84,0.4773,-1,-1,-1
274,27,541.51,93.15,42.55,129.91,0.3743,-1,-1,-1
274,26,406.48,65.76,46.78,119.01,0.5992,-1,-1,-1
274,24,336.95,63.59,45.28,118.22,0.6667,-1,-1,-1
274,19,785.80,22.88,28.24,34.57,0.3273,-1,-1,-1
274,5,688.10,34.51,25.68,70.78,0.6807,-1,-1,-1
274,2,708.34,40.66,21.95,68.31,0.9086,-1,-1,-1
275,36,830.36,63.20,22.95,57.81,0.3847,-1,-1,-1
275,32,602.36,42.24,25.64,73.74,0.4773,-1,-1,-1
275,27,531.76,93.17,49.69,131.04,0.3743,-1,-1,-1
275,26,407.32,66.80,47.24,117.62,0.5992,-1,-1,-1
275,24,338.28,63.50,45.97,117.84,0.6667,-1,-1,-1
275,19,785.79,22.80,28.30,34.67,0.3273,-1,-1,-1
275,5,689.29,34.36,24.16,71.32,0.6807,-1,-1,-1
275,2,708.74,40.17,22.31,68.85,0.9086,-1,-1,-1
276,36,831.27,59.62,22.91,60.58,0.3847,-1,-1,-1
276,32,602.21,41.95,25.96,74.06,0.4773,-1,-1,-1
276,27,523.73,93.48,54.43,131.19,0.3743,-1,-1,-1
276,26,408.80,66.87,46.82,117.87,0.5992,-1,-1,-1
276,24,339.38,63.77,46.09,117.55,0.6667,-1,-1,-1
276,19,785.78,22.89,28.29,34.62,0.3273,-1,-1,-1
276,5,690.14,34.89,24.28,70.86,0.6807,-1,-1,-1
276,2,708.89,40.13,22.91,69.09,0.9086,-1,-1,-1
277,36,832.03,59.24,22.47,60.76,0.3847,-1,-1,-1
277,32,601.97,42.03,26.22,74.11,0.4773,-1,-1,-1
277,27,518.68,93.74,56.00,131.53,0.3743,-1,-1,-1
277,26,410.26,67.06,47.41,117.48,0.5992,-1,-1,-1
277,24,340.30,63.56,47.14,117.14,0.6667,-1,-1,-1
277,19,785.77,22.88,28.28,34.66,0.3273,-1,-1,-1
277,5,690.10,34.52,24.42,69.96,0.6807,-1,-1,-1
277,2,709.07,39.95,22.99,69.10,0.9086,-1,-1,-1
278,36,833.77,60.70,21.74,59.20,0.3847,-1,-1,-1
278,32,601.95,42.19,26.23,73.80,0.4773,-1,-1,-1
278,27,515.33,93.80,56.39,131.96,0.3743,-1,-1,-1
278,26,411.84,66.30,47.49,117.38,0.5992,-1,-1,-1
278,24,342.33,63.60,47.44,116.58,0.6667,-1,-1,-1
278,19,785.71,22.91,28.33,34.65,0.3273,-1,-1,-1
278,5,689.46,33.84,25.33,71.05,0.6807,-1,-1,-1
278,2,709.35,40.22,23.04,68.60,0.9086,-1,-1,-1
279,36,834.97,60.83,20.93,58.84,0.3847,-1,-1,-1
279,32,602.52,42.09,25.69,74.32,0.4773,-1,-1,-1
279,27,514.90,94.21,54.99,132.72,0.3743,-1,-1,-1
279,26,413.91,65.71,46.89,117.24,0.5992,-1,-1,-1
279,24,344.40,63.07,47.60,117.03,0.6667,-1,-1,-1
279,19,785.64,23.36,27.98,34.07,0.3273,-1,-1,-1
279,5,688.37,34.62,27.17,70.96,0.6807,-1,-1,-1
279,2,709.68,40.81,23.00,67.68,0.9086,-1,-1,-1
280,36,836.06,60.93,19.94,58.67,0.3847,-1,-1,-1
280,32,602.38,42.29,25.68,74.25,0.4773,-1,-1,-1
280,27,515.14,93.97,52.50,132.41,0.3743,-1,-1,-1
280,26,416.82,64.50,46.15,116.32,0.5992,-1,-1,-1
280,24,347.42,62.35,47.92,116.78,0.6667,-1,-1,-1
280,19,785.82,23.02,28.22,34.54,0.3273,-1,-1,-1
280,5,688.56,34.17,27.83,71.17,0.6807,-1,-1,-1
280,2,709.39,40.96,23.89,67.00,0.9086,-1,-1,-1
281,36,837.29,60.37,18.71,59.41,0.3847,-1,-1,-1
281,32,602.59,42.16,25.39,74.63,0.4773,-1,-1,-1
281,27,512.93,93.31,51.86,133.41,0.3743,-1,-1,-1
281,26,420.20,63.87,44.53,114.38,0.5992,-1,-1,-1
281,24,350.23,61.63,47.39,116.02,0.6667,-1,-1,-1
281,19,785.81,22.96,28.25,34.59,0.3273,-1,-1,-1
281,5,689.84,33.84,27.16,71.61,0.6807,-1,-1,-1
281,2,709.48,41.40,24.49,66.71,0.9086,-1,-1,-1
282,36,838.07,61.42,17.93,58.11,0.3847,-1,-1,-1
282,32,602.55,42.36,25.21,74.52,0.4773,-1,-1,-1
282,27,509.91,93.97,49.99,133.43,0.3743,-1,-1,-1
282,26,423.19,63.48,43.32,108.37,0.5992,-1,-1,-1
282,24,353.29,61.77,46.79,114.74,0.6667,-1,-1,-1
282,19,785.83,23.00,28.24,34.58,0.3273,-1,-1,-1
282,5,690.75,33.38,27.55,72.06,0.6807,-1,-1,-1
282,2,709.60,41.67,25.72,66.18,0.9086,-1,-1,-1
283,36,839.89,61.37,16.11,57.59,0.3847,-1,-1,-1
283,32,602.43,42.53,24.99,74.31,0.4773,-1,-1,-1
283,27,506.80,93.56,48.70,134.33,0.3743,-1,-1,-1
283,26,426.55,63.41,40.39,112.80,0.5992,-1,-1,-1
283,24,355.37,60.68,45.98,115.23,0.6667,-1,-1,-1
283,19,785.83,22.96,28.26,34.61,0.3273,-1,-1,-1
283,5,692.23,33.71,26.79,71.64,0.6807,-1,-1,-1
283,2,710.67,41.59,25.56,65.83,0.9086,-1,-1,-1
284,36,840.05,62.16,15.95,56.36,0.3847,-1,-1,-1
284,32,602.58,42.50,24.58,74.26,0.4773,-1,-1,-1
284,27,504.67,92.65,47.67,135.11,0.3743,-1,-1,-1
284,26,429.84,63.69,38.15,112.90,0.5992,-1,-1,-1
284,24,358.36,60.34,44.53,116.00,0.6667,-1,-1,-1
284,19,785.80,23.00,28.26,34.57,0.3273,-1,-1,-1
284,5,692.97,33.73,27.07,71.15,0.6807,-1,-1,-1
284,2,711.85,41.29,25.20,65.84,0.9086,-1,-1,-1
285,36,841.57,60.89,14.43,57.52,0.3847,-1,-1,-1
285,32,602.53,42.46,24.52,74.42,0.4773,-1,-1,-1
285,27,500.89,93.03,48.97,136.15,0.3743,-1,-1,-1
285,26,431.12,63.80,39.39,111.27,0.5992,-1,-1,-1
285,24,359.91,60.09,44.85,116.29,0.6667,-1,-1,-1
285,19,785.79,22.97,28.31,34.59,0.3273,-1,-1,-1
285,5,693.85,33.18,26.92,70.72,0.6807,-1,-1,-1
285,2,714.52,41.11,23.52,65.70,0.9086,-1,-1,-1
286,36,842.69,60.49,13.31,57.24,0.3847,-1,-1,-1
286,32,602.55,43.11,23.97,73.79,0.4773,-1,-1,-1
286,27,497.39,93.61,49.57,137.44,0.3743,-1,-1,-1
286,26,432.24,63.86,39.67,110.89,0.5992,-1,-1,-1
286,24,361.08,59.73,44.32,116.68,0.6667,-1,-1,-1
286,19,785.81,22.95,28.30,34.61,0.3273,-1,-1,-1
286,5,694.91,34.61,26.22,68.66,0.6807,-1,-1,-1
286,2,714.79,40.73,23.96,65.99,0.9086,-1,-1,-1
287,36,843.51,61.38,12.49,55.77,0.3847,-1,-1,-1
287,32,602.47,42.88,24.03,74.01,0.4773,-1,-1,-1
287,27,493.59,95.35,51.30,137.05,0.3743,-1,-1,-1
287,26,433.13,63.73,40.43,110.89,0.5992,-1,-1,-1
287,24,363.56,60.34,44.41,115.12,0.6667,-1,-1,-1
287,19,785.74,22.99,28.36,34.60,0.3273,-1,-1,-1
287,5,695.33,35.23,26.11,68.26,0.6807,-1,-1,-1
287,2,715.32,40.31,24.19,66.38,0.9086,-1,-1,-1
288,36,844.56,60.44,11.44,55.86,0.3847,-1,-1,-1
288,32,602.38,42.54,24.29,73.82,0.4773,-1,-1,-1
288,27,486.70,96.10,51.33,140.91,0.3743,-1,-1,-1
288,26,435.05,63.27,42.16,110.97,0.5992,-1,-1,-1
288,24,365.46,60.92,45.82,112.71,0.6667,-1,-1,-1
288,5,697.40,35.56,24.77,67.27,0.6807,-1,-1,-1
288,2,716.87,39.86,24.61,66.27,0.9086,-1,-1,-1
289,36,845.45,60.58,10.55,55.59,0.3847,-1,-1,-1
289,32,602.34,42.63,24.46,73.77,0.4773,-1,-1,-1
289,27,482.79,97.16,51.69,140.17,0.3743,-1,-1,-1
289,26,435.73,63.42,42.57,110.14,0.5992,-1,-1,-1
289,24,366.85,60.33,45.62,114.37,0.6667,-1,-1,-1
289,5,697.89,35.23,24.59,67.67,0.6807,-1,-1,-1
289,2,717.61,39.86,24.49,66.75,0.9086,-1,-1,-1
290,36,845.35,60.26,10.65,55.90,0.3847,-1,-1,-1
290,32,602.21,42.70,24.83,73.73,0.4773,-1,-1,-1
290,27,481.73,98.19,48.94,138.98,0.3743,-1,-1,-1
290,26,437.16,61.98,42.78,111.27,0.5992,-1,-1,-1
290,24,368.29,60.51,45.85,113.57,0.6667,-1,-1,-1
290,19,785.70,22.98,28.42,34.52,0.3273,-1,-1,-1
290,5,699.27,35.57,22.99,66.89,0.6807,-1,-1,-1
290,2,717.33,40.35,25.39,65.64,0.9086,-1,-1,-1
291,36,845.88,60.38,10.12,55.30,0.3847,-1,-1,-1
291,32,602.12,42.93,24.99,73.89,0.4773,-1,-1,-1
291,27,480.78,98.45,47.56,138.62,0.3743,-1,-1,-1
291,26,439.05,61.82,42.24,110.42,0.5992,-1,-1,-1
291,24,370.62,60.22,44.85,112.69,0.6667,-1,-1,-1
291,19,785.62,22.77,28.53,34.71,0.3273,-1,-1,-1
291,5,700.10,35.88,23.03,65.89,0.6807,-1,-1,-1
291,2,718.18,40.56,24.75,64.42,0.9086,-1,-1,-1
292,36,846.49,61.34,9.51,53.86,0.3847,-1,-1,-1
292,32,602.11,43.04,24.73,73.89,0.4773,-1,-1,-1
292,27,479.97,98.29,45.08,138.84,0.3743,-1,-1,-1
292,26,440.54,61.54,42.59,108.80,0.5992,-1,-1,-1
292,24,372.85,59.40,43.89,111.85,0.6667,-1,-1,-1
292,19,785.64,22.69,28.52,34.78,0.3273,-1,-1,-1
292,5,700.67,35.30,24.86,65.73,0.6807,-1,-1,-1
292,2,718.60,40.60,24.71,64.61,0.9086,-1,-1,-1
293,36,847.58,59.11,8.42,55.69,0.3847,-1,-1,-1
293,32,602.12,42.75,25.09,73.96,0.4773,-1,-1,-1
293,27,473.67,98.56,47.32,138.89,0.3743,-1,-1,-1
293,26,442.22,60.41,42.43,108.42,0.5992,-1,-1,-1
293,24,374.91,58.40,43.36,111.99,0.6667,-1,-1,-1
293,19,785.65,22.64,28.53,34.79,0.3273,-1,-1,-1
293,5,702.62,33.52,25.00,68.26,0.6807,-1,-1,-1
293,2,719.78,40.71,23.64,63.66,0.9086,-1,-1,-1
294,36,848.41,54.68,7.59,59.41,0.3847,-1,-1,-1
294,32,602.18,42.53,25.42,74.24,0.4773,-1,-1,-1
294,27,470.51,98.31,46.62,138.42,0.3743,-1,-1,-1
294,26,444.72,59.48,41.57,107.17,0.5992,-1,-1,-1
294,24,376.29,57.70,43.56,112.53,0.6667,-1,-1,-1
294,19,785.80,22.41,28.34,34.94,0.3273,-1,-1,-1
294,5,704.26,32.32,24.19,69.41,0.6807,-1,-1,-1
294,2,719.66,40.77,24.06,63.44,0.9086,-1,-1,-1
295,36,848.57,52.90,7.43,61.91,0.3847,-1,-1,-1
295,32,602.20,42.55,25.38,74.26,0.4773,-1,-1,-1
295,27,471.55,97.75,42.61,139.01,0.3743,-1,-1,-1
295,26,446.16,58.96,41.16,105.95,0.5992,-1,-1,-1
295,24,377.95,56.87,43.31,113.47,0.6667,-1,-1,-1
295,5,705.26,33.88,23.10,67.36,0.6807,-1,-1,-1
295,2,719.89,40.35,24.60,64.91,0.9086,-1,-1,-1
296,36,849.10,50.47,6.90,63.67,0.3847,-1,-1,-1
296,32,602.38,42.46,25.08,74.32,0.4773,-1,-1,-1
296,27,465.60,96.99,45.25,140.26,0.3743,-1,-1,-1
296,26,446.70,59.05,41.55,107.45,0.5992,-1,-1,-1
296,24,379.41,57.74,43.17,111.76,0.6667,-1,-1,-1
296,5,705.58,33.82,23.00,68.57,0.6807,-1,-1,-1
296,2,720.91,40.50,23.79,64.76,0.9086,-1,-1,-1
297,36,849.75,47.45,6.25,65.46,0.3847,-1,-1,-1
297,32,602.39,42.08,25.31,74.69,0.4773,-1,-1,-1
297,27,461.67,97.18,45.72,140.30,0.3743,-1,-1,-1
297,26,445.61,59.27,43.00,90.39,0.5992,-1,-1,-1
297,24,381.94,58.07,42.08,111.12,0.6667,-1,-1,-1
297,5,704.54,33.56,24.63,68.60,0.6807,-1,-1,-1
297,2,722.35,40.50,23.11,64.09,0.9086,-1,-1,-1
298,36,849.54,46.28,6.46,66.54,0.3847,-1,-1,-1
298,32,602.08,42.13,25.65,74.36,0.4773,-1,-1,-1
298,27,456.53,97.53,47.74,140.07,0.3743,-1,-1,-1
298,24,382.89,56.76,42.51,110.93,0.6667,-1,-1,-1
298,5,705.99,33.77,24.16,67.70,0.6807,-1,-1,-1
298,2,723.56,40.27,22.31,63.04,0.9086,-1,-1,-1
299,36,849.75,46.57,6.25,65.94,0.3847,-1,-1,-1
299,32,602.26,42.46,25.39,74.11,0.4773,-1,-1,-1
299,27,446.93,99.12,54.68,139.74,0.3743,-1,-1,-1
299,24,383.99,57.33,43.39,110.12,0.6667,-1,-1,-1
299,19,786.25,22.57,27.90,34.54,0.3273,-1,-1,-1
299,5,706.81,34.40,23.80,66.86,0.6807,-1,-1,-1
299,2,724.97,38.98,21.83,63.19,0.9086,-1,-1,-1
300,36,849.97,44.02,6.03,67.35,0.3847,-1,-1,-1
300,32,602.17,42.19,25.73,74.33,0.4773,-1,-1,-1
300,27,436.47,99.56,62.18,139.85,0.3743,-1,-1,-1
300,24,385.26,58.10,44.10,108.84,0.6667,-1,-1,-1
300,19,786.37,22.73,27.74,34.30,0.3273,-1,-1,-1
300,5,708.80,34.73,21.59,66.27,0.6807,-1,-1,-1
300,2,724.93,38.99,22.21,64.14,0.9086,-1,-1,-1
301,32,602.55,42.37,25.96,74.42,0.4773,-1,-1,-1
301,27,430.64,100.60,66.94,138.83,0.3743,-1,-1,-1
301,24,386.71,57.91,43.90,108.74,0.6667,-1,-1,-1
301,19,786.28,22.59,27.81,34.52,0.3273,-1,-1,-1
301,5,709.57,34.37,21.32,65.89,0.6807,-1,-1,-1
301,2,725.69,38.81,21.71,63.68,0.9086,-1,-1,-1
302,32,602.69,42.45,25.96,74.45,0.4773,-1,-1,-1
302,27,428.83,100.75,68.11,140.20,0.3743,-1,-1,-1
302,24,387.31,58.00,44.70,109.15,0.6667,-1,-1,-1
302,5,710.66,34.05,20.57,66.21,0.6807,-1,-1,-1
302,2,725.62,38.78,22.39,64.43,0.9086,-1,-1,-1
303,32,602.75,42.14,25.80,74.39,0.4773,-1,-1,-1
303,27,428.43,101.23,66.95,140.14,0.3743,-1,-1,-1
303,26,461.15,58.41,38.76,87.34,0.5992,-1,-1,-1
303,24,388.53,58.04,45.94,108.63,0.6667,-1,-1,-1
303,5,711.11,33.88,20.51,66.06,0.6807,-1,-1,-1
303,2,725.69,38.62,22.73,64.36,0.9086,-1,-1,-1
304,32,602.99,42.14,25.66,74.81,0.4773,-1,-1,-1
304,27,428.22,101.42,62.74,139.46,0.3743,-1,-1,-1
304,26,462.83,57.89,37.55,94.87,0.5992,-1,-1,-1
304,24,390.73,57.60,45.51,108.97,0.6667,-1,-1,-1
304,5,711.26,34.28,20.68,65.85,0.6807,-1,-1,-1
304,2,726.12,38.91,23.05,63.19,0.9086,-1,-1,-1
305,32,603.20,42.18,25.70,74.89,0.4773,-1,-1,-1
305,27,424.64,100.33,59.54,140.40,0.3743,-1,-1,-1
305,26,464.25,56.53,37.60,98.61,0.5992,-1,-1,-1
305,24,392.44,57.47,46.88,108.13,0.6667,-1,-1,-1
305,5,711.54,35.18,20.91,65.37,0.6807,-1,-1,-1
305,2,726.52,40.28,23.57,61.99,0.9086,-1,-1,-1
306,32,603.21,42.56,25.61,74.46,0.4773,-1,-1,-1
306,27,421.77,100.06,56.73,141.78,0.3743,-1,-1,-1
306,26,465.47,55.52,37.16,104.48,0.5992,-1,-1,-1
306,24,397.93,55.90,43.97,108.25,0.6667,-1,-1,-1
306,5,711.59,36.36,21.25,64.53,0.6807,-1,-1,-1
306,2,726.29,40.30,24.40,62.31,0.9086,-1,-1,-1
307,32,603.33,42.75,25.47,74.36,0.4773,-1,-1,-1
307,27,423.17,100.07,47.20,141.60,0.3743,-1,-1,-1
307,26,466.57,52.20,37.14,106.65,0.5992,-1,-1,-1
307,24,402.94,55.43,39.85,104.97,0.6667,-1,-1,-1
307,5,712.36,35.18,22.44,65.78,0.6807,-1,-1,-1
307,2,728.19,39.85,23.51,61.56,0.9086,-1,-1,-1
308,32,603.11,42.71,25.75,74.34,0.4773,-1,-1,-1
308,27,411.25,98.95,53.52,142.98,0.3743,-1,-1,-1
308,26,467.47,50.01,38.27,110.73,0.5992,-1,-1,-1
308,24,405.14,55.13,36.68,86.41,0.6667,-1,-1,-1
308,5,712.97,35.22,22.66,65.38,0.6807,-1,-1,-1
308,2,728.05,40.38,24.35,61.47,0.9086,-1,-1,-1
309,32,603.27,42.73,25.68,73.96,0.4773,-1,-1,-1
309,27,408.63,99.42,52.95,144.55,0.3743,-1,-1,-1
309,26,469.45,47.44,37.79,112.52,0.5992,-1,-1,-1
309,24,407.00,54.14,36.25,86.83,0.6667,-1,-1,-1
309,5,713.52,34.81,23.67,66.27,0.6807,-1,-1,-1
309,2,729.34,40.16,24.44,61.93,0.9086,-1,-1,-1
310,32,603.43,42.38,26.23,74.81,0.4773,-1,-1,-1
310,27,413.49,100.08,45.15,146.30,0.3743,-1,-1,-1
310,26,471.63,48.80,36.88,110.73,0.5992,-1,-1,-1
310,5,714.45,32.96,23.68,67.41,0.6807,-1,-1,-1
310,2,730.76,40.47,23.78,61.05,0.9086,-1,-1,-1
311,32,603.24,42.53,26.37,74.39,0.4773,-1,-1,-1
311,27,409.62,100.85,45.62,144.40,0.3743,-1,-1,-1
311,26,473.24,50.79,36.54,108.30,0.5992,-1,-1,-1
311,5,715.12,34.52,23.49,64.94,0.6807,-1,-1,-1
311,2,731.97,40.16,23.26,60.66,0.9086,-1,-1,-1
312,37,113.01,44.31,32.30,92.48,0.3897,-1,-1,-1
312,32,603.73,42.58,26.09,74.45,0.4773,-1,-1,-1
312,27,392.83,102.44,56.02,148.80,0.3743,-1,-1,-1
312,26,474.15,56.07,38.51,101.70,0.5992,-1,-1,-1
312,5,715.62,34.36,24.39,64.85,0.6807,-1,-1,-1
312,2,733.75,39.18,23.07,61.72,0.9086,-1,-1,-1
313,32,604.24,42.76,25.79,74.35,0.4773,-1,-1,-1
313,27,386.05,103.09,59.58,147.93,0.3743,-1,-1,-1
313,26,474.51,55.32,38.91,102.75,0.5992,-1,-1,-1
313,5,715.71,34.95,24.57,63.77,0.6807,-1,-1,-1
313,2,733.75,38.63,24.20,61.59,0.9086,-1,-1,-1
314,32,604.71,42.80,25.17,73.83,0.4773,-1,-1,-1
314,27,386.17,103.43,56.46,147.51,0.3743,-1,-1,-1
314,26,474.74,54.96,39.97,102.73,0.5992,-1,-1,-1
314,24,417.32,54.27,38.02,76.87,0.6667,-1,-1,-1
314,5,716.01,35.51,23.10,63.00,0.6807,-1,-1,-1
314,2,734.04,38.84,24.41,61.04,0.9086,-1,-1,-1
315,32,604.18,42.88,25.88,74.06,0.4773,-1,-1,-1
315,27,378.27,103.43,60.90,147.66,0.3743,-1,-1,-1
315,26,476.06,52.50,39.77,105.52,0.5992,-1,-1,-1
315,24,418.53,53.87,37.06,80.85,0.6667,-1,-1,-1
315,5,716.92,34.68,24.85,63.44,0.6807,-1,-1,-1
315,2,735.43,38.83,23.96,60.85,0.9086,-1,-1,-1
316,32,603.88,42.72,26.33,74.14,0.4773,-1,-1,-1
316,27,374.98,103.62,58.57,148.05,0.3743,-1,-1,-1
316,26,477.79,52.61,38.80,103.60,0.5992,-1,-1,-1
316,24,418.83,53.14,37.52,98.92,0.6667,-1,-1,-1
316,5,717.32,34.24,25.13,63.67,0.6807,-1,-1,-1
316,2,735.74,39.20,23.80,59.51,0.9086,-1,-1,-1
317,32,604.29,42.61,25.91,73.96,0.4773,-1,-1,-1
317,27,378.51,102.30,52.08,149.03,0.3743,-1,-1,-1
317,26,479.83,52.26,38.15,102.44,0.5992,-1,-1,-1
317,24,419.99,53.11,36.97,101.12,0.6667,-1,-1,-1
317,5,718.10,35.32,25.74,61.52,0.6807,-1,-1,-1
317,2,735.98,39.56,24.06,57.48,0.9086,-1,-1,-1
318,32,604.35,42.66,26.07,74.17,0.4773,-1,-1,-1
318,27,373.12,101.63,55.47,149.60,0.3743,-1,-1,-1
318,26,481.63,53.46,37.48,99.99,0.5992,-1,-1,-1
318,24,419.91,52.92,38.44,99.98,0.6667,-1,-1,-1
318,5,720.58,35.47,23.14,60.81,0.6807,-1,-1,-1
318,2,736.57,39.76,23.83,58.76,0.9086,-1,-1,-1
319,32,604.37,42.77,26.05,74.20,0.4773,-1,-1,-1
319,27,363.02,102.13,57.06,149.63,0.3743,-1,-1,-1
319,26,483.37,53.73,36.94,98.18,0.5992,-1,-1,-1
319,24,420.05,52.34,39.69,102.29,0.6667,-1,-1,-1
319,5,721.24,35.60,22.49,61.10,0.6807,-1,-1,-1
319,2,736.70,39.64,23.71,59.74,0.9086,-1,-1,-1
320,32,604.46,42.78,26.11,74.16,0.4773,-1,-1,-1
320,27,359.18,102.08,57.66,149.67,0.3743,-1,-1,-1
320,26,484.15,53.36,37.03,97.48,0.5992,-1,-1,-1
320,24,419.62,50.45,41.31,106.12,0.6667,-1,-1,-1
320,5,722.38,35.50,22.73,60.98,0.6807,-1,-1,-1
320,2,737.47,39.62,23.64,59.90,0.9086,-1,-1,-1
321,32,604.92,42.87,26.03,74.24,0.4773,-1,-1,-1
321,27,354.72,101.93,59.91,150.31,0.3743,-1,-1,-1
321,26,484.33,53.23,37.49,98.10,0.5992,-1,-1,-1
321,24,420.75,50.20,41.58,106.37,0.6667,-1,-1,-1
321,5,723.55,35.10,21.77,61.21,0.6807,-1,-1,-1
321,2,738.12,39.41,23.12,60.83,0.9086,-1,-1,-1
322,32,605.67,42.76,24.98,74.37,0.4773,-1,-1,-1
322,27,350.14,103.06,61.36,149.93,0.3743,-1,-1,-1
322,26,485.06,52.79,38.00,101.20,0.5992,-1,-1,-1
322,24,423.25,50.56,40.94,105.16,0.6667,-1,-1,-1
322,5,722.92,34.77,22.44,61.61,0.6807,-1,-1,-1
322,2,738.70,38.95,22.26,61.36,0.9086,-1,-1,-1
323,32,605.23,42.54,25.26,74.41,0.4773,-1,-1,-1
323,27,346.40,104.01,61.94,150.92,0.3743,-1,-1,-1
323,26,485.91,51.76,38.44,102.64,0.5992,-1,-1,-1
323,24,425.41,51.58,40.23,103.51,0.6667,-1,-1,-1
323,5,721.91,33.25,23.75,63.96,0.6807,-1,-1,-1
323,2,739.62,39.15,22.87,60.64,0.9086,-1,-1,-1
324,32,605.60,42.68,24.87,74.37,0.4773,-1,-1,-1
324,27,341.73,105.57,64.71,151.07,0.3743,-1,-1,-1
324,26,487.59,51.00,37.48,103.53,0.5992,-1,-1,-1
324,24,426.62,51.81,40.16,102.07,0.6667,-1,-1,-1
324,5,723.37,33.13,22.41,63.85,0.6807,-1,-1,-1
324,2,740.47,38.69,22.44,60.46,0.9086,-1,-1,-1
325,32,605.45,42.78,25.13,74.20,0.4773,-1,-1,-1
325,27,338.02,106.04,67.48,153.18,0.3743,-1,-1,-1
325,26,488.28,51.16,37.13,103.21,0.5992,-1,-1,-1
325,24,428.14,52.32,39.65,100.35,0.6667,-1,-1,-1
325,5,725.48,33.52,20.27,63.75,0.6807,-1,-1,-1
325,2,740.99,38.85,21.92,60.18,0.9086,-1,-1,-1
326,32,605.41,42.59,25.41,74.36,0.4773,-1,-1,-1
326,27,335.57,105.75,68.64,153.43,0.3743,-1,-1,-1
326,26,489.02,51.07,37.01,102.83,0.5992,-1,-1,-1
326,24,429.57,52.30,40.63,99.75,0.6667,-1,-1,-1
326,5,726.18,33.61,20.27,63.14,0.6807,-1,-1,-1
326,2,740.80,38.63,22.11,60.50,0.9086,-1,-1,-1
327,32,605.44,42.50,25.34,74.51,0.4773,-1,-1,-1
327,27,331.52,105.98,68.57,153.45,0.3743,-1,-1,-1
327,26,488.85,50.32,37.54,103.44,0.5992,-1,-1,-1
327,24,430.19,52.33,42.05,101.38,0.6667,-1,-1,-1
327,5,726.90,33.82,19.87,62.76,0.6807,-1,-1,-1
327,2,741.41,38.70,22.14,59.90,0.9086,-1,-1,-1
328,39,843.88,25.35,12.12,39.82,0.3343,-1,-1,-1
328,32,605.26,42.34,26.56,74.82,0.4773,-1,-1,-1
328,27,329.64,106.18,66.32,152.77,0.3743,-1,-1,-1
328,26,488.81,49.78,38.31,103.80,0.5992,-1,-1,-1
328,24,431.63,50.99,42.73,102.05,0.6667,-1,-1,-1
328,5,727.47,33.35,19.94,63.14,0.6807,-1,-1,-1
328,2,740.94,38.61,22.92,60.60,0.9086,-1,-1,-1
329,39,843.36,27.42,12.64,37.67,0.3343,-1,-1,-1
329,32,605.25,42.29,26.56,74.67,0.4773,-1,-1,-1
329,27,327.99,104.99,61.49,154.31,0.3743,-1,-1,-1
329,26,488.78,49.70,39.17,102.28,0.5992,-1,-1,-1
329,24,433.98,50.87,42.18,101.52,0.6667,-1,-1,-1
329,5,727.69,33.71,19.80,62.72,0.6807,-1,-1,-1
329,2,740.85,38.87,23.15,60.22,0.9086,-1,-1,-1
330,39,843.21,27.26,12.79,37.57,0.3343,-1,-1,-1
330,32,605.67,42.68,25.98,74.30,0.4773,-1,-1,-1
330,27,325.19,105.15,56.97,154.19,0.3743,-1,-1,-1
330,26,488.34,47.69,40.16,101.97,0.5992,-1,-1,-1
330,24,435.22,49.76,41.99,101.53,0.6667,-1,-1,-1
330,5,727.92,33.45,19.64,62.70,0.6807,-1,-1,-1
330,2,741.25,39.11,23.06,59.60,0.9086,-1,-1,-1
331,39,843.46,28.45,12.54,36.57,0.3343,-1,-1,-1
331,32,605.76,42.38,26.06,74.63,0.4773,-1,-1,-1
331,27,321.77,104.45,54.20,154.81,0.3743,-1,-1,-1
331,26,488.39,45.51,41.04,102.57,0.5992,-1,-1,-1
331,24,438.04,49.01,40.76,101.41,0.6667,-1,-1,-1
331,5,728.15,33.04,20.95,63.29,0.6807,-1,-1,-1
331,2,742.87,38.98,22.28,59.41,0.9086,-1,-1,-1
332,39,842.86,28.48,13.10,37.60,0.3343,-1,-1,-1
332,32,605.38,42.62,26.32,74.35,0.4773,-1,-1,-1
332,27,317.78,104.90,55.32,156.39,0.3743,-1,-1,-1
332,26,488.81,46.92,40.50,99.99,0.5992,-1,-1,-1
332,24,439.02,49.59,41.43,100.82,0.6667,-1,-1,-1
332,5,728.92,32.26,21.89,63.98,0.6807,-1,-1,-1
332,2,743.59,39.11,22.70,58.65,0.9086,-1,-1,-1
333,40,795.68,26.32,18.43,44.52,0.3158,-1,-1,-1
333,39,842.91,29.06,13.08,36.60,0.3343,-1,-1,-1
333,32,605.63,42.13,25.93,74.72,0.4773,-1,-1,-1
333,27,314.02,105.56,55.51,159.48,0.3743,-1,-1,-1
333,26,489.37,45.01,40.36,100.05,0.5992,-1,-1,-1
333,24,440.34,48.96,41.17,101.29,0.6667,-1,-1,-1
333,5,729.29,31.99,21.89,63.98,0.6807,-1,-1,-1
333,2,743.69,39.29,23.05,58.62,0.9086,-1,-1,-1
334,40,796.68,26.23,17.65,45.23,0.3158,-1,-1,-1
334,39,842.66,28.09,13.29,38.08,0.3343,-1,-1,-1
334,32,605.83,42.21,25.91,74.64,0.4773,-1,-1,-1
334,27,314.73,105.88,51.87,157.92,0.3743,-1,-1,-1
334,26,490.54,45.60,39.36,100.35,0.5992,-1,-1,-1
334,24,442.89,48.46,39.50,101.37,0.6667,-1,-1,-1
334,5,729.93,32.22,22.44,63.81,0.6807,-1,-1,-1
334,2,745.40,39.30,22.19,58.05,0.9086,-1,-1,-1
335,40,797.10,26.39,17.67,45.37,0.3158,-1,-1,-1
335,39,842.54,30.18,13.34,34.98,0.3343,-1,-1,-1
335,32,605.97,42.24,25.55,74.62,0.4773,-1,-1,-1
335,27,312.69,107.13,49.72,160.85,0.3743,-1,-1,-1
335,26,491.45,46.24,38.74,99.36,0.5992,-1,-1,-1
335,24,444.50,47.94,38.80,102.31,0.6667,-1,-1,-1
335,5,730.13,31.32,23.09,64.90,0.6807,-1,-1,-1
335,2,746.17,39.41,21.59,57.75,0.9086,-1,-1,-1
336,40,797.33,27.05,19.45,45.38,0.3158,-1,-1,-1
336,39,841.34,31.10,14.38,33.69,0.3343,-1,-1,-1
336,32,605.89,42.83,25.79,74.12,0.4773,-1,-1,-1
336,27,298.43,109.11,61.22,162.84,0.3743,-1,-1,-1
336,26,492.74,47.15,37.59,97.57,0.5992,-1,-1,-1
336,24,445.65,47.57,38.34,101.99,0.6667,-1,-1,-1
336,5,731.20,32.33,22.77,62.43,0.6807,-1,-1,-1
336,2,747.65,38.37,21.62,57.51,0.9086,-1,-1,-1
337,40,797.75,26.99,19.24,45.77,0.3158,-1,-1,-1
337,39,840.95,30.56,14.70,34.02,0.3343,-1,-1,-1
337,32,605.95,42.79,25.73,74.21,0.4773,-1,-1,-1
337,27,295.95,110.04,62.24,161.85,0.3743,-1,-1,-1
337,26,493.34,49.75,37.23,94.85,0.5992,-1,-1,-1
337,24,445.77,48.16,38.80,102.00,0.6667,-1,-1,-1
337,5,730.85,31.48,23.26,62.91,0.6807,-1,-1,-1
337,2,747.99,37.94,21.81,57.79,0.9086,-1,-1,-1
338,40,797.94,27.29,19.08,45.71,0.3158,-1,-1,-1
338,39,840.22,30.25,15.43,34.82,0.3343,-1,-1,-1
338,32,605.75,42.68,26.10,74.37,0.4773,-1,-1,-1
338,27,296.15,110.51,57.24,160.65,0.3743,-1,-1,-1
338,26,494.16,49.58,37.02,94.30,0.5992,-1,-1,-1
338,24,446.50,48.26,38.57,100.27,0.6667,-1,-1,-1
338,5,730.92,32.68,23.26,61.19,0.6807,-1,-1,-1
338,2,748.16,37.77,22.29,56.94,0.9086,-1,-1,-1
339,40,798.28,27.45,19.79,45.85,0.3158,-1,-1,-1
339,39,839.76,32.00,15.04,33.22,0.3343,-1,-1,-1
339,32,605.90,42.86,25.86,74.13,0.4773,-1,-1,-1
339,27,293.27,109.80,54.42,161.95,0.3743,-1,-1,-1
339,26,495.91,50.26,35.40,93.28,0.5992,-1,-1,-1
339,24,448.08,49.09,37.58,97.82,0.6667,-1,-1,-1
339,5,731.12,33.95,22.76,59.95,0.6807,-1,-1,-1
339,2,748.21,37.38,22.85,57.09,0.9086,-1,-1,-1
340,40,798.80,27.61,19.94,45.98,0.3158,-1,-1,-1
340,39,839.66,31.08,15.05,33.88,0.3343,-1,-1,-1
340,32,605.87,42.76,25.81,74.20,0.4773,-1,-1,-1
340,27,290.76,110.49,49.32,161.52,0.3743,-1,-1,-1
340,26,496.90,51.16,34.33,92.73,0.5992,-1,-1,-1
340,24,450.36,49.20,35.81,98.98,0.6667,-1,-1,-1
340,5,731.43,34.43,22.00,59.29,0.6807,-1,-1,-1
340,2,748.10,37.19,23.41,57.53,0.9086,-1,-1,-1
341,40,798.98,27.36,20.59,46.19,0.3158,-1,-1,-1
341,39,839.59,30.98,14.61,34.23,0.3343,-1,-1,-1
341,32,605.83,42.80,25.77,74.11,0.4773,-1,-1,-1
341,27,286.49,110.24,45.85,160.29,0.3743,-1,-1,-1
341,26,498.08,51.18,33.42,92.07,0.5992,-1,-1,-1
341,24,451.15,49.17,35.67,97.92,0.6667,-1,-1,-1
341,5,731.92,35.44,21.98,58.01,0.6807,-1,-1,-1
341,2,748.57,37.50,23.08,56.90,0.9086,-1,-1,-1
342,42,47.49,52.07,30.67,97.78,0.5327,-1,-1,-1
342,40,799.41,27.87,20.87,46.00,0.3158,-1,-1,-1
342,32,605.96,42.87,25.78,74.11,0.4773,-1,-1,-1
342,27,281.55,109.90,44.18,160.21,0.3743,-1,-1,-1
342,26,498.28,50.47,33.50,91.53,0.5992,-1,-1,-1
342,24,452.50,48.63,35.34,98.65,0.6667,-1,-1,-1
342,5,733.07,35.44,21.94,58.31,0.6807,-1,-1,-1
342,2,748.31,37.75,23.69,56.27,0.9086,-1,-1,-1
343,42,45.28,52.18,27.56,98.16,0.5327,-1,-1,-1
343,40,799.62,27.65,21.22,45.99,0.3158,-1,-1,-1
343,32,605.95,42.62,25.77,74.38,0.4773,-1,-1,-1
343,27,277.02,110.04,44.22,161.01,0.3743,-1,-1,-1
343,26,498.49,48.50,33.69,91.08,0.5992,-1,-1,-1
343,24,454.22,46.83,34.49,99.60,0.6667,-1,-1,-1
343,5,733.67,34.84,22.38,58.50,0.6807,-1,-1,-1
343,2,749.34,38.82,22.83,54.20,0.9086,-1,-1,-1
344,42,43.22,52.85,26.65,98.38,0.5327,-1,-1,-1
344,40,800.60,28.25,21.24,45.41,0.3158,-1,-1,-1
344,39,837.10,31.20,16.06,34.47,0.3343,-1,-1,-1
344,32,606.01,42.65,25.76,74.48,0.4773,-1,-1,-1
344,27,271.11,109.76,47.51,160.29,0.3743,-1,-1,-1
344,26,498.69,46.71,33.81,92.00,0.5992,-1,-1,-1
344,24,453.70,46.19,36.70,99.40,0.6667,-1,-1,-1
344,5,735.26,33.69,22.27,58.87,0.6807,-1,-1,-1
344,2,749.58,39.01,22.72,54.22,0.9086,-1,-1,-1
345,42,41.06,54.12,28.15,98.47,0.5327,-1,-1,-1
345,40,803.39,27.53,20.14,45.42,0.3158,-1,-1,-1
345,39,836.07,32.51,16.18,33.41,0.3343,-1,-1,-1
345,32,605.89,42.70,25.93,74.31,0.4773,-1,-1,-1
345,27,265.19,110.43,51.19,160.96,0.3743,-1,-1,-1
345,26,498.23,47.48,34.23,91.39,0.5992,-1,-1,-1
345,24,454.44,46.86,36.80,97.81,0.6667,-1,-1,-1
345,5,736.23,31.73,21.89,61.19,0.6807,-1,-1,-1
345,2,750.28,38.76,22.19,54.61,0.9086,-1,-1,-1
346,42,39.30,53.97,29.54,98.68,0.5327,-1,-1,-1
346,39,836.61,32.82,14.91,33.27,0.3343,-1,-1,-1
346,32,605.93,42.59,25.76,74.32,0.4773,-1,-1,-1
346,27,252.69,110.77,63.65,160.72,0.3743,-1,-1,-1
346,26,498.42,46.57,33.93,93.22,0.5992,-1,-1,-1
346,24,455.45,49.27,36.60,95.10,0.6667,-1,-1,-1
346,2,750.51,38.45,22.06,56.90,0.9086,-1,-1,-1
347,42,37.09,55.24,32.85,98.55,0.5327,-1,-1,-1
347,32,605.86,42.63,25.78,74.28,0.4773,-1,-1,-1
347,27,242.64,111.30,73.15,160.53,0.3743,-1,-1,-1
347,26,498.99,47.14,33.16,92.64,0.5992,-1,-1,-1
347,24,456.05,50.27,37.22,93.96,0.6667,-1,-1,-1
347,5,736.33,32.62,21.48,60.39,0.6807,-1,-1,-1
347,2,750.76,38.11,21.69,56.54,0.9086,-1,-1,-1
348,42,35.31,55.70,34.08,97.57,0.5327,-1,-1,-1
348,40,810.62,29.38,15.17,44.63,0.3158,-1,-1,-1
348,32,605.81,42.78,26.04,74.21,0.4773,-1,-1,-1
348,27,233.62,112.73,82.25,159.46,0.3743,-1,-1,-1
348,26,499.46,47.24,32.71,92.38,0.5992,-1,-1,-1
348,24,457.19,50.26,37.96,93.13,0.6667,-1,-1,-1
348,2,749.91,37.87,23.07,56.23,0.9086,-1,-1,-1
349,42,33.48,56.28,35.55,97.33,0.5327,-1,-1,-1
349,40,810.51,30.52,15.41,44.37,0.3158,-1,-1,-1
349,32,605.90,42.70,25.98,74.25,0.4773,-1,-1,-1
349,27,232.05,113.57,82.06,159.86,0.3743,-1,-1,-1
349,26,500.15,46.44,32.61,93.08,0.5992,-1,-1,-1
349,24,458.15,48.39,38.58,94.74,0.6667,-1,-1,-1
349,5,737.65,32.75,21.08,60.14,0.6807,-1,-1,-1
349,2,750.44,37.62,22.81,56.97,0.9086,-1,-1,-1
350,42,31.55,56.32,36.76,97.81,0.5327,-1,-1,-1
350,40,810.70,30.85,15.98,44.40,0.3158,-1,-1,-1
350,32,605.81,42.40,26.12,74.74,0.4773,-1,-1,-1
350,27,231.54,113.52,80.38,160.73,0.3743,-1,-1,-1
350,26,500.08,44.91,32.30,94.56,0.5992,-1,-1,-1
350,24,459.08,47.57,38.85,94.53,0.6667,-1,-1,-1
350,5,738.13,32.70,20.97,60.50,0.6807,-1,-1,-1
350,2,753.04,37.39,20.69,56.61,0.9086,-1,-1,-1
351,42,28.82,56.88,36.82,97.39,0.5327,-1,-1,-1
351,40,811.06,31.80,16.96,44.04,0.3158,-1,-1,-1
351,32,605.80,42.70,26.26,74.39,0.4773,-1,-1,-1
351,27,231.21,114.25,77.04,160.64,0.3743,-1,-1,-1
351,26,499.96,43.74,31.64,95.55,0.5992,-1,-1,-1
351,24,460.40,47.86,38.37,93.11,0.6667,-1,-1,-1
351,5,738.83,32.31,20.49,60.45,0.6807,-1,-1,-1
351,2,752.84,36.91,21.54,57.05,0.9086,-1,-1,-1
352,42,26.59,56.49,35.69,98.09,0.5327,-1,-1,-1
352,32,606.03,42.80,25.89,74.25,0.4773,-1,-1,-1
352,27,227.45,113.93,75.49,161.33,0.3743,-1,-1,-1
352,26,499.36,43.46,31.79,95.36,0.5992,-1,-1,-1
352,24,461.95,48.88,38.38,92.91,0.6667,-1,-1,-1
352,5,740.20,32.18,19.64,60.01,0.6807,-1,-1,-1
352,2,753.56,37.11,21.04,56.20,0.9086,-1,-1,-1
353,42,24.70,56.69,34.33,97.69,0.5327,-1,-1,-1
353,32,605.95,42.62,26.02,74.46,0.4773,-1,-1,-1
353,27,224.93,112.69,68.60,162.93,0.3743,-1,-1,-1
353,26,497.85,43.86,32.32,94.51,0.5992,-1,-1,-1
353,24,462.51,48.30,39.54,93.56,0.6667,-1,-1,-1
353,5,740.73,31.96,19.53,60.04,0.6807,-1,-1,-1
353,2,753.90,37.52,21.24,56.43,0.9086,-1,-1,-1
354,42,22.93,56.82,33.68,96.84,0.5327,-1,-1,-1
354,32,605.89,42.83,26.03,74.18,0.4773,-1,-1,-1
354,27,225.35,113.14,56.79,162.34,0.3743,-1,-1,-1
354,26,497.50,43.57,31.98,94.75,0.5992,-1,-1,-1
354,24,462.83,47.40,40.73,94.37,0.6667,-1,-1,-1
354,5,741.12,31.83,20.33,60.34,0.6807,-1,-1,-1
354,2,754.64,37.34,20.79,56.75,0.9086,-1,-1,-1
355,43,805.25,30.02,19.35,46.13,0.3635,-1,-1,-1
355,42,21.32,57.26,32.02,96.63,0.5327,-1,-1,-1
355,32,605.90,42.56,25.85,74.44,0.4773,-1,-1,-1
355,27,220.72,112.31,50.68,163.62,0.3743,-1,-1,-1
355,26,496.89,42.66,32.59,95.55,0.5992,-1,-1,-1
355,24,465.06,46.45,38.77,94.70,0.6667,-1,-1,-1
355,5,741.37,31.98,20.18,59.09,0.6807,-1,-1,-1
355,2,754.07,37.24,21.60,56.84,0.9086,-1,-1,-1
356,43,805.59,30.40,18.29,45.75,0.3635,-1,-1,-1
356,42,19.00,57.84,29.69,97.01,0.5327,-1,-1,-1
356,32,605.99,42.46,25.82,74.43,0.4773,-1,-1,-1
356,27,215.76,112.29,45.58,163.49,0.3743,-1,-1,-1
356,26,498.21,42.25,31.11,93.87,0.5992,-1,-1,-1
356,24,466.27,46.30,37.73,94.05,0.6667,-1,-1,-1
356,5,741.42,31.73,21.42,59.46,0.6807,-1,-1,-1
356,2,754.89,37.61,21.00,56.29,0.9086,-1,-1,-1
357,43,805.26,31.18,17.92,44.98,0.3635,-1,-1,-1
357,42,16.83,58.01,31.39,96.76,0.5327,-1,-1,-1
357,32,605.98,42.43,25.82,74.37,0.4773,-1,-1,-1
357,27,207.20,112.59,49.77,167.85,0.3743,-1,-1,-1
357,26,499.11,41.30,30.01,92.29,0.5992,-1,-1,-1
357,24,468.10,46.11,36.78,93.23,0.6667,-1,-1,-1
357,5,741.30,32.05,21.15,58.83,0.6807,-1,-1,-1
357,2,755.83,37.73,20.51,55.89,0.9086,-1,-1,-1
358,43,806.27,31.17,16.30,45.01,0.3635,-1,-1,-1
358,42,15.47,57.27,33.14,98.63,0.5327,-1,-1,-1
358,40,818.97,32.50,13.82,41.66,0.3158,-1,-1,-1
358,32,605.98,42.41,25.82,74.38,0.4773,-1,-1,-1
358,27,203.97,112.90,50.54,169.08,0.3743,-1,-1,-1
358,26,499.23,41.57,29.58,89.78,0.5992,-1,-1,-1
358,24,469.83,46.26,35.59,93.93,0.6667,-1,-1,-1
358,5,741.52,32.39,21.99,59.16,0.6807,-1,-1,-1
358,2,756.62,37.64,20.96,56.32,0.9086,-1,-1,-1
359,43,807.35,31.42,15.18,44.58,0.3635,-1,-1,-1
359,42,14.72,59.10,33.28,96.79,0.5327,-1,-1,-1
359,40,819.36,32.50,13.37,41.54,0.3158,-1,-1,-1
359,32,605.98,42.42,25.82,74.36,0.4773,-1,-1,-1
359,27,201.03,114.47,52.85,169.25,0.3743,-1,-1,-1
359,26,499.40,40.57,28.25,88.93,0.5992,-1,-1,-1
359,24,472.32,47.40,33.46,91.63,0.6667,-1,-1,-1
359,5,741.70,32.37,21.92,58.86,0.6807,-1,-1,-1
359,2,757.26,37.79,21.13,56.29,0.9086,-1,-1,-1
360,42,11.88,60.20,35.70,95.68,0.5327,-1,-1,-1
360,40,820.01,34.32,13.97,42.17,0.3158,-1,-1,-1
360,32,605.96,42.59,25.95,74.17,0.4773,-1,-1,-1
360,27,181.77,116.94,71.41,168.51,0.3743,-1,-1,-1
360,24,475.19,48.98,30.31,89.12,0.6667,-1,-1,-1
360,5,742.05,32.58,21.78,57.95,0.6807,-1,-1,-1
360,2,760.11,38.01,19.96,55.32,0.9086,-1,-1,-1