2,1,279.09,92.00,72.06,170.36,0.9061,-1,-1,-1
2,2,201.48,133.67,70.05,199.49,0.8605,-1,-1,-1
2,3,89.02,76.74,41.45,155.54,0.8233,-1,-1,-1
2,4,712.89,57.52,31.90,72.23,0.8348,-1,-1,-1
2,5,159.29,129.57,62.77,189.62,0.7949,-1,-1,-1
2,6,199.09,80.05,46.70,88.40,0.7222,-1,-1,-1
3,1,283.95,90.96,71.32,169.10,0.9179,-1,-1,-1
3,2,213.15,133.91,71.55,202.17,0.8883,-1,-1,-1
3,3,86.35,77.95,41.33,154.98,0.8479,-1,-1,-1
3,4,711.37,57.25,32.01,72.86,0.8284,-1,-1,-1
3,5,166.13,129.83,61.52,186.60,0.6467,-1,-1,-1
3,6,195.63,80.03,47.22,89.91,0.4880,-1,-1,-1
3,7,128.09,91.26,52.40,186.94,0.8207,-1,-1,-1
4,1,288.89,89.43,70.28,167.85,0.9321,-1,-1,-1
4,2,221.24,134.20,72.09,201.50,0.9152,-1,-1,-1
4,3,83.29,78.32,41.92,156.26,0.8136,-1,-1,-1
4,4,710.04,56.70,32.06,73.45,0.8609,-1,-1,-1
4,5,168.77,92.33,72.37,222.39,0.7764,-1,-1,-1
4,6,193.85,80.05,47.12,89.72,1.0000,-1,-1,-1
4,7,126.13,82.65,54.70,194.71,0.8785,-1,-1,-1
5,1,294.01,88.00,68.08,163.89,0.9219,-1,-1,-1
5,2,224.97,133.27,72.74,200.95,0.9130,-1,-1,-1
5,3,78.09,78.72,42.93,157.41,0.8341,-1,-1,-1
5,4,708.95,56.12,31.96,73.87,0.8560,-1,-1,-1
5,5,174.00,80.42,73.90,232.21,0.6296,-1,-1,-1
5,6,192.07,80.08,47.02,89.53,1.0000,-1,-1,-1
5,7,122.77,78.61,56.00,198.91,0.8668,-1,-1,-1
6,1,297.01,85.76,66.98,163.36,0.9215,-1,-1,-1
6,2,226.42,134.43,72.24,196.77,0.9058,-1,-1,-1
6,3,73.40,79.51,44.00,157.54,0.8175,-1,-1,-1
6,4,707.73,55.78,31.74,74.11,0.8393,-1,-1,-1
6,5,182.93,106.59,63.20,200.98,0.7567,-1,-1,-1
6,6,190.30,80.10,46.92,89.34,1.0000,-1,-1,-1
6,7,119.80,77.31,56.55,200.33,0.8769,-1,-1,-1
7,1,300.27,84.36,65.74,162.74,0.9239,-1,-1,-1
7,2,227.94,132.76,72.58,195.41,0.9031,-1,-1,-1
7,3,69.61,79.46,45.17,158.19,0.7936,-1,-1,-1
7,4,706.43,55.47,31.43,74.16,0.8253,-1,-1,-1
7,5,187.22,118.28,57.82,184.43,0.5845,-1,-1,-1
7,6,188.52,80.13,46.81,89.14,1.0000,-1,-1,-1
7,7,114.70,77.75,56.52,200.53,0.6566,-1,-1,-1
8,1,304.04,83.60,63.96,160.83,0.9362,-1,-1,-1
8,2,229.02,130.50,71.80,192.70,0.8678,-1,-1,-1
8,3,66.50,79.62,46.41,159.27,0.8075,-1,-1,-1
8,4,705.03,55.37,31.08,74.01,0.8013,-1,-1,-1
8,5,195.36,121.56,55.55,180.40,0.7996,-1,-1,-1
8,6,186.74,80.15,46.71,88.95,1.0000,-1,-1,-1
8,7,110.48,79.93,56.54,201.18,0.8680,-1,-1,-1
9,1,307.58,83.84,62.84,159.86,0.9245,-1,-1,-1
9,2,233.58,129.93,70.00,188.28,0.8908,-1,-1,-1
9,3,63.33,79.63,47.94,161.70,0.8545,-1,-1,-1
9,4,703.20,55.36,30.99,74.30,0.8520,-1,-1,-1
9,5,198.80,122.51,54.72,178.81,0.8332,-1,-1,-1
9,6,184.97,80.17,46.61,88.76,1.0000,-1,-1,-1
9,7,107.34,83.03,56.27,201.06,0.7783,-1,-1,-1
10,1,312.57,83.81,62.86,159.58,0.9295,-1,-1,-1
10,2,237.84,128.47,68.63,186.49,0.9121,-1,-1,-1
10,3,60.98,79.86,48.98,162.87,0.8405,-1,-1,-1
10,4,701.68,55.56,30.49,73.56,0.8676,-1,-1,-1
10,5,204.67,122.64,53.73,178.34,0.8580,-1,-1,-1
10,6,183.19,80.20,46.51,88.57,1.0000,-1,-1,-1
10,7,102.33,84.12,56.72,202.26,0.8064,-1,-1,-1
10,9,175.00,81.15,41.29,172.36,0.8913,-1,-1,-1
11,1,316.77,83.94,62.97,159.11,0.9219,-1,-1,-1
11,2,243.56,126.90,67.51,185.04,0.9268,-1,-1,-1
11,3,58.23,79.88,49.36,163.14,0.8430,-1,-1,-1
11,4,699.60,55.54,30.33,73.23,0.8509,-1,-1,-1
11,5,212.48,123.30,52.52,177.80,0.8271,-1,-1,-1
11,6,181.41,80.22,46.41,88.37,1.0000,-1,-1,-1
11,7,95.88,84.88,57.73,203.64,0.8375,-1,-1,-1
11,9,172.65,81.83,41.57,172.20,0.9094,-1,-1,-1
12,1,318.68,84.36,63.04,158.39,0.9225,-1,-1,-1
12,2,248.99,125.04,66.62,184.20,0.9279,-1,-1,-1
12,3,54.74,80.23,48.86,162.13,0.8756,-1,-1,-1
12,4,696.43,55.42,30.57,72.93,0.8685,-1,-1,-1
12,5,216.74,123.21,51.46,177.37,0.8435,-1,-1,-1
12,6,179.64,80.25,46.31,88.18,1.0000,-1,-1,-1
12,7,91.42,106.55,53.41,182.80,0.8794,-1,-1,-1
12,9,167.63,82.47,42.57,172.83,0.9133,-1,-1,-1
13,1,319.03,84.14,63.24,158.38,0.9284,-1,-1,-1
13,2,253.72,123.22,66.36,185.50,0.9153,-1,-1,-1
13,3,52.84,80.54,48.57,161.52,0.8787,-1,-1,-1
13,4,693.84,54.48,31.22,73.81,0.8756,-1,-1,-1
13,5,220.64,123.27,51.09,177.36,0.8068,-1,-1,-1
13,6,177.86,80.27,46.21,87.99,1.0000,-1,-1,-1
13,7,87.70,115.41,53.07,175.22,0.8970,-1,-1,-1
13,9,161.91,82.63,44.29,174.00,0.9172,-1,-1,-1
14,1,320.07,84.25,62.87,157.11,0.9258,-1,-1,-1
14,2,258.30,121.88,66.02,187.41,0.9160,-1,-1,-1
14,3,49.25,80.34,48.22,162.02,0.8932,-1,-1,-1
14,4,691.99,54.29,31.64,74.18,0.8707,-1,-1,-1
14,5,226.73,122.85,51.91,177.22,0.7976,-1,-1,-1
14,6,176.08,80.29,46.11,87.80,1.0000,-1,-1,-1
14,7,84.51,117.82,54.86,174.04,0.8737,-1,-1,-1
14,9,159.21,83.61,45.87,173.90,0.9189,-1,-1,-1
15,1,321.65,83.49,62.43,156.06,0.9266,-1,-1,-1
15,2,263.40,121.58,65.27,187.67,0.9306,-1,-1,-1
15,3,46.22,80.22,47.94,162.42,0.8512,-1,-1,-1
15,4,690.63,54.53,31.67,74.03,0.8675,-1,-1,-1
15,5,231.32,123.50,52.34,175.74,0.8178,-1,-1,-1
15,6,174.31,80.32,46.01,87.61,1.0000,-1,-1,-1
15,7,80.70,98.76,62.46,194.09,0.8796,-1,-1,-1
15,9,157.71,84.05,47.65,174.28,0.9101,-1,-1,-1
16,1,324.61,82.52,61.46,154.12,0.9251,-1,-1,-1
16,2,270.49,122.51,64.70,186.47,0.9152,-1,-1,-1
16,3,42.37,80.70,47.38,161.59,0.8456,-1,-1,-1
16,4,690.16,54.60,31.44,73.90,0.8660,-1,-1,-1
16,5,234.95,122.97,52.28,173.80,0.8404,-1,-1,-1
16,6,172.53,80.34,45.91,87.41,1.0000,-1,-1,-1
16,7,77.62,92.67,66.37,202.24,0.8781,-1,-1,-1
16,9,155.69,85.23,49.48,174.13,0.9151,-1,-1,-1
17,1,329.62,82.01,60.38,151.86,0.9286,-1,-1,-1
17,2,275.88,122.79,64.77,186.30,0.9214,-1,-1,-1
17,3,38.45,80.92,47.55,162.06,0.8906,-1,-1,-1
17,4,689.37,55.11,30.89,73.18,0.8766,-1,-1,-1
17,5,239.82,120.61,52.04,173.22,0.8197,-1,-1,-1
17,6,170.76,80.37,45.81,87.22,1.0000,-1,-1,-1
17,7,75.88,90.35,68.95,206.37,0.8848,-1,-1,-1
17,9,152.44,85.47,51.60,174.52,0.9136,-1,-1,-1
18,1,335.27,80.51,59.67,150.73,0.9244,-1,-1,-1
18,2,278.64,121.04,65.57,188.25,0.9242,-1,-1,-1
18,3,33.38,81.24,48.82,165.44,0.9047,-1,-1,-1
18,4,688.78,55.08,30.53,73.04,0.8771,-1,-1,-1
18,5,246.68,119.04,50.83,170.52,0.8456,-1,-1,-1
18,6,168.98,80.39,45.70,87.03,1.0000,-1,-1,-1
18,7,74.76,89.84,70.35,207.53,0.8850,-1,-1,-1
18,9,148.76,85.56,53.69,174.68,0.9033,-1,-1,-1
19,1,341.34,79.09,59.30,150.91,0.9229,-1,-1,-1
19,2,281.69,120.59,65.96,188.59,0.9253,-1,-1,-1
19,3,28.00,82.61,50.23,167.77,0.8910,-1,-1,-1
19,4,688.10,55.18,30.00,72.66,0.8755,-1,-1,-1
19,5,253.53,116.67,49.68,169.65,0.8595,-1,-1,-1
19,6,167.20,80.41,45.60,86.84,1.0000,-1,-1,-1
19,7,73.83,90.63,71.04,207.05,0.8559,-1,-1,-1
19,9,145.08,86.28,55.33,173.94,0.9000,-1,-1,-1
20,1,347.20,78.57,58.90,150.96,0.9159,-1,-1,-1
20,2,284.00,119.12,66.19,189.14,0.9114,-1,-1,-1
20,3,23.07,83.90,51.57,170.04,0.9027,-1,-1,-1
20,4,687.00,54.87,29.52,72.71,0.8618,-1,-1,-1
20,5,259.19,114.80,48.51,168.49,0.8766,-1,-1,-1
20,6,165.43,80.44,45.50,86.65,1.0000,-1,-1,-1
20,7,72.82,90.82,71.74,206.99,0.7350,-1,-1,-1
20,9,142.27,86.95,56.30,173.55,0.9177,-1,-1,-1
21,1,351.49,77.97,58.82,151.38,0.9196,-1,-1,-1
21,2,287.48,117.00,64.68,186.59,0.8770,-1,-1,-1
21,3,17.74,84.87,52.99,171.31,0.8884,-1,-1,-1
21,4,685.51,54.58,29.30,73.26,0.8629,-1,-1,-1
21,5,263.16,113.72,48.14,170.10,0.8674,-1,-1,-1
21,6,163.65,80.46,45.40,86.45,1.0000,-1,-1,-1
21,7,68.51,90.67,71.63,206.32,0.7148,-1,-1,-1
21,9,138.11,87.77,57.14,173.85,0.8910,-1,-1,-1
22,1,355.13,77.14,59.05,152.08,0.9381,-1,-1,-1
22,2,293.71,115.97,60.28,176.66,0.8735,-1,-1,-1
22,3,14.61,87.49,53.33,169.51,0.8645,-1,-1,-1
22,4,683.85,54.45,28.65,72.52,0.8596,-1,-1,-1
22,5,266.74,113.11,47.48,170.04,0.8997,-1,-1,-1
22,6,161.87,80.48,45.30,86.26,1.0000,-1,-1,-1
22,7,63.04,90.80,71.27,205.94,0.6891,-1,-1,-1
22,9,133.05,87.48,58.11,175.91,0.8908,-1,-1,-1
23,1,357.46,77.10,59.00,151.70,0.9416,-1,-1,-1
23,2,301.93,114.67,52.46,154.11,0.8686,-1,-1,-1
23,3,11.69,88.92,53.82,168.87,0.8363,-1,-1,-1
23,4,681.41,54.24,28.69,73.05,0.8413,-1,-1,-1
23,5,270.27,113.09,47.62,170.63,0.8710,-1,-1,-1
23,6,160.10,80.51,45.20,86.07,1.0000,-1,-1,-1
23,7,62.51,90.55,72.25,206.55,0.8560,-1,-1,-1
23,9,128.21,86.74,58.50,177.58,0.9021,-1,-1,-1
24,1,360.00,76.78,59.01,151.80,0.9441,-1,-1,-1
24,2,308.04,112.82,48.73,143.45,0.9040,-1,-1,-1
24,3,9.95,89.84,54.17,169.03,0.8359,-1,-1,-1
24,4,679.49,54.37,28.59,73.00,0.8245,-1,-1,-1
24,5,273.27,113.35,48.87,171.32,0.8845,-1,-1,-1
24,6,158.32,80.53,45.10,85.88,1.0000,-1,-1,-1
24,7,58.95,90.61,72.82,207.11,0.8187,-1,-1,-1
24,9,123.18,86.29,58.17,178.43,0.9126,-1,-1,-1
25,1,361.79,77.08,58.90,151.34,0.9322,-1,-1,-1
25,2,308.83,111.80,55.45,166.28,0.8951,-1,-1,-1
25,3,8.30,89.48,54.14,169.65,0.8312,-1,-1,-1
25,4,678.12,54.27,28.52,73.15,0.8366,-1,-1,-1
25,5,274.46,113.34,50.35,171.98,0.8942,-1,-1,-1
25,6,156.54,80.56,45.00,85.68,1.0000,-1,-1,-1
25,7,51.74,90.78,72.07,206.94,0.7926,-1,-1,-1
25,9,118.16,86.96,57.69,179.55,0.9032,-1,-1,-1
26,1,363.76,77.05,58.66,150.56,0.9183,-1,-1,-1
26,2,312.92,110.77,56.87,172.97,0.8889,-1,-1,-1
26,3,5.28,88.58,54.31,171.20,0.8609,-1,-1,-1
26,4,677.11,54.00,28.32,73.35,0.8072,-1,-1,-1
26,5,275.34,113.29,51.36,171.59,0.9046,-1,-1,-1
26,6,154.77,80.58,44.90,85.49,1.0000,-1,-1,-1
26,7,45.16,90.88,71.15,207.55,0.7201,-1,-1,-1
26,9,113.59,87.53,57.70,182.25,0.9184,-1,-1,-1
27,1,365.85,77.07,58.33,149.59,0.9152,-1,-1,-1
27,2,317.33,110.54,57.09,175.16,0.8940,-1,-1,-1
27,3,3.47,88.95,53.36,170.59,0.8879,-1,-1,-1
27,4,674.08,53.68,28.56,73.44,0.8078,-1,-1,-1
27,5,277.06,113.18,51.82,170.51,0.9102,-1,-1,-1
27,6,152.99,80.60,44.80,85.30,1.0000,-1,-1,-1
27,7,40.17,91.30,71.15,208.42,0.8694,-1,-1,-1
27,9,109.79,88.36,58.02,185.16,0.9136,-1,-1,-1
28,1,368.27,77.23,57.50,147.88,0.9158,-1,-1,-1
28,2,322.62,110.15,57.19,175.36,0.8685,-1,-1,-1
28,3,1.79,88.88,52.74,170.75,0.8713,-1,-1,-1
28,4,672.35,53.25,28.58,73.26,0.8498,-1,-1,-1
28,5,280.12,112.79,51.85,168.93,0.9002,-1,-1,-1
28,6,151.21,80.63,44.70,85.11,1.0000,-1,-1,-1
28,7,33.64,92.20,71.56,209.06,0.9006,-1,-1,-1
28,9,106.99,88.98,58.54,188.46,0.9191,-1,-1,-1
29,1,371.14,76.64,56.29,146.20,0.9212,-1,-1,-1
29,2,330.52,109.76,58.53,175.56,0.9158,-1,-1,-1
29,3,-1.43,88.07,52.18,171.52,0.8436,-1,-1,-1
29,4,670.19,52.61,28.97,74.03,0.8487,-1,-1,-1
29,5,283.52,111.57,51.76,167.98,0.9013,-1,-1,-1
29,6,149.44,80.65,44.59,84.92,1.0000,-1,-1,-1
29,7,27.52,93.80,72.76,210.23,0.8951,-1,-1,-1
29,9,104.49,89.70,58.91,190.19,0.9118,-1,-1,-1
30,1,373.76,75.99,54.74,144.17,0.9118,-1,-1,-1
30,2,335.33,110.34,59.95,174.81,0.9111,-1,-1,-1
30,3,-4.54,87.52,51.63,173.03,0.8547,-1,-1,-1
30,4,668.22,52.57,29.24,74.46,0.8683,-1,-1,-1
30,5,288.99,110.08,50.98,165.27,0.8939,-1,-1,-1
30,6,147.66,80.68,44.49,84.72,1.0000,-1,-1,-1
30,7,22.00,96.52,73.62,209.22,0.8600,-1,-1,-1
30,9,101.43,90.62,59.59,191.02,0.9261,-1,-1,-1
31,1,376.56,74.45,53.51,143.35,0.9119,-1,-1,-1
31,2,336.81,109.68,61.89,175.88,0.9173,-1,-1,-1
31,3,-6.22,87.82,50.49,173.29,0.8703,-1,-1,-1
31,4,667.17,52.33,29.06,74.49,0.8636,-1,-1,-1
31,5,295.41,107.98,50.15,163.56,0.8928,-1,-1,-1
31,6,145.89,80.70,44.39,84.53,1.0000,-1,-1,-1
31,7,20.32,114.17,70.11,193.22,0.8613,-1,-1,-1
31,9,98.78,91.50,60.43,191.29,0.9314,-1,-1,-1
32,1,379.44,73.06,52.53,143.05,0.9050,-1,-1,-1
32,2,338.11,109.28,63.27,175.16,0.9105,-1,-1,-1
32,3,-7.06,88.11,48.92,172.46,0.8563,-1,-1,-1
32,4,666.01,51.57,28.85,74.90,0.8631,-1,-1,-1
32,5,302.46,105.48,48.87,161.52,0.9024,-1,-1,-1
32,6,144.11,80.72,44.29,84.34,1.0000,-1,-1,-1
32,7,17.04,103.44,75.61,205.26,0.8613,-1,-1,-1
32,9,96.40,92.52,61.43,191.58,0.9219,-1,-1,-1
33,1,382.34,72.13,51.37,142.02,0.9023,-1,-1,-1
33,2,338.97,108.49,64.20,174.35,0.9046,-1,-1,-1
33,3,-7.74,86.95,46.96,170.77,0.8266,-1,-1,-1
33,4,665.20,50.91,28.41,74.76,0.8353,-1,-1,-1
33,5,308.50,103.83,47.42,158.70,0.9231,-1,-1,-1
33,6,142.33,80.75,44.19,84.15,1.0000,-1,-1,-1
33,7,15.19,100.12,78.60,210.92,0.9084,-1,-1,-1
33,9,93.13,93.60,62.74,191.71,0.9306,-1,-1,-1
34,1,385.64,71.83,50.46,140.73,0.9004,-1,-1,-1
34,2,339.53,108.15,62.92,170.90,0.8963,-1,-1,-1
34,3,-8.74,86.31,44.85,169.56,0.8199,-1,-1,-1
34,4,663.98,50.40,28.08,74.86,0.8435,-1,-1,-1
34,5,311.88,102.38,46.86,158.28,0.9216,-1,-1,-1
34,7,13.38,101.10,79.65,211.86,0.7681,-1,-1,-1
34,9,91.59,93.91,63.61,191.70,0.9281,-1,-1,-1
35,1,390.66,71.58,49.97,139.36,0.9122,-1,-1,-1
35,2,342.78,107.90,61.93,168.43,0.8895,-1,-1,-1
35,3,-9.26,88.42,42.37,167.19,0.8145,-1,-1,-1
35,4,662.29,50.07,27.88,74.94,0.8480,-1,-1,-1
35,5,315.97,101.54,46.04,157.82,0.9116,-1,-1,-1
35,7,12.03,100.28,80.75,213.17,0.6956,-1,-1,-1
35,9,89.93,94.40,64.15,191.69,0.9145,-1,-1,-1
36,1,395.06,71.75,49.13,136.25,0.8994,-1,-1,-1
36,2,347.79,106.93,60.79,166.70,0.9016,-1,-1,-1
36,3,-9.32,91.33,38.15,157.92,0.7930,-1,-1,-1
36,4,660.28,49.90,27.93,75.38,0.8294,-1,-1,-1
36,5,319.84,101.17,45.48,158.04,0.8789,-1,-1,-1
36,7,21.35,100.29,72.50,189.54,0.5790,-1,-1,-1
36,9,86.84,94.77,64.22,191.34,0.8899,-1,-1,-1
37,1,398.70,71.99,48.04,133.03,0.8930,-1,-1,-1
37,2,352.52,105.25,60.14,166.25,0.9168,-1,-1,-1
37,3,-9.14,92.86,34.05,148.55,0.7390,-1,-1,-1
37,4,658.68,50.17,27.83,75.14,0.8237,-1,-1,-1
37,5,324.49,101.03,45.53,158.42,0.8684,-1,-1,-1
37,7,22.24,99.89,70.46,183.70,0.5569,-1,-1,-1
37,9,82.71,94.99,64.25,191.53,0.8800,-1,-1,-1
38,1,401.29,72.46,47.01,130.74,0.8919,-1,-1,-1
38,2,357.39,104.10,59.56,166.13,0.9031,-1,-1,-1
38,3,-9.67,94.26,31.27,145.04,0.4699,-1,-1,-1
38,4,657.40,50.76,27.52,74.06,0.7976,-1,-1,-1
38,5,327.99,101.51,45.97,158.70,0.8818,-1,-1,-1
38,7,20.19,99.30,70.52,184.15,0.5809,-1,-1,-1
38,9,78.18,95.56,63.89,191.44,0.9002,-1,-1,-1
38,12,15.00,135.74,43.05,177.74,0.6770,-1,-1,-1
39,1,403.33,72.34,46.17,129.76,0.9013,-1,-1,-1
39,2,361.57,103.23,58.97,165.24,0.8987,-1,-1,-1
39,3,-11.74,95.01,30.75,142.64,1.0000,-1,-1,-1
39,4,654.50,51.07,27.75,73.64,0.7893,-1,-1,-1
39,5,330.51,102.02,46.25,157.81,0.8794,-1,-1,-1
39,7,14.30,99.65,72.35,190.00,0.5355,-1,-1,-1
39,9,74.44,96.04,63.07,191.02,0.9211,-1,-1,-1
39,12,9.24,136.25,43.64,177.83,0.7536,-1,-1,-1
40,1,405.50,72.85,45.55,129.08,0.9098,-1,-1,-1
40,2,364.87,103.35,59.09,165.78,0.8981,-1,-1,-1
40,3,-13.81,95.77,30.23,140.25,1.0000,-1,-1,-1
40,4,652.67,50.56,28.01,73.84,0.8158,-1,-1,-1
40,5,331.24,101.83,46.50,157.12,0.8602,-1,-1,-1
40,7,10.23,99.97,70.74,187.39,0.6658,-1,-1,-1
40,9,69.95,96.10,62.16,190.93,0.9075,-1,-1,-1
40,12,4.40,134.02,44.54,180.26,0.7971,-1,-1,-1
41,1,408.65,72.14,45.30,129.69,0.8891,-1,-1,-1
41,2,368.94,104.03,58.54,164.85,0.9034,-1,-1,-1
41,3,-15.88,96.52,29.72,137.85,1.0000,-1,-1,-1
41,4,651.74,49.61,28.12,74.39,0.8575,-1,-1,-1
41,5,332.71,100.77,46.91,156.89,0.8819,-1,-1,-1
41,7,6.38,100.09,68.44,183.87,0.7964,-1,-1,-1
41,9,65.65,96.47,60.89,190.20,0.9123,-1,-1,-1
41,12,-0.82,135.10,44.63,181.46,0.7730,-1,-1,-1
42,1,411.73,71.78,45.03,129.87,0.8989,-1,-1,-1
42,2,372.41,104.98,58.34,163.95,0.9023,-1,-1,-1
42,3,-17.95,97.27,29.20,135.46,1.0000,-1,-1,-1
42,4,650.61,49.19,28.15,74.92,0.8489,-1,-1,-1
42,5,335.27,99.75,46.64,154.71,0.8303,-1,-1,-1
42,7,3.28,100.66,66.56,182.31,0.8743,-1,-1,-1
42,9,62.92,96.56,60.09,189.96,0.9078,-1,-1,-1
42,12,-3.07,135.52,44.84,183.69,0.8426,-1,-1,-1
43,1,414.53,71.29,44.84,130.23,0.9083,-1,-1,-1
43,2,375.85,105.07,58.32,163.93,0.9087,-1,-1,-1
43,3,-20.02,98.03,28.68,133.07,1.0000,-1,-1,-1
43,4,649.87,48.64,28.08,75.44,0.8531,-1,-1,-1
43,5,339.55,99.00,45.52,150.71,0.8324,-1,-1,-1
43,7,-0.06,101.23,64.89,181.95,0.8734,-1,-1,-1
43,9,61.23,97.25,59.52,189.32,0.9203,-1,-1,-1
43,12,-4.32,136.48,44.69,185.10,0.8015,-1,-1,-1
44,1,417.11,70.68,44.89,131.00,0.8911,-1,-1,-1
44,2,379.23,103.59,58.72,165.61,0.9096,-1,-1,-1
44,3,-22.09,98.78,28.17,130.67,1.0000,-1,-1,-1
44,4,648.80,48.43,27.75,74.92,0.8606,-1,-1,-1
44,5,343.23,97.98,45.05,148.74,0.8763,-1,-1,-1
44,7,-2.97,101.53,63.67,181.15,0.8794,-1,-1,-1
44,9,58.50,98.01,59.68,189.00,0.9326,-1,-1,-1
44,12,-3.77,137.67,44.10,184.04,0.7551,-1,-1,-1
45,1,419.14,69.09,45.33,132.40,0.8858,-1,-1,-1
45,2,381.58,102.65,58.93,166.43,0.9227,-1,-1,-1
45,3,-24.16,99.54,27.65,128.28,1.0000,-1,-1,-1
45,4,647.84,48.56,27.44,74.23,0.8638,-1,-1,-1
45,5,347.80,96.75,44.01,146.10,0.8986,-1,-1,-1
45,7,-3.92,102.73,62.53,179.84,0.8248,-1,-1,-1
45,9,54.24,99.41,60.58,188.28,0.9378,-1,-1,-1
45,12,-6.14,138.15,44.26,184.70,1.0000,-1,-1,-1
46,1,420.19,67.09,45.98,134.04,0.8666,-1,-1,-1
46,2,384.31,102.38,58.51,165.79,0.9122,-1,-1,-1
46,3,-26.23,100.29,27.13,125.88,1.0000,-1,-1,-1
46,4,646.48,48.51,27.39,74.00,0.8368,-1,-1,-1
46,5,352.31,95.42,43.37,145.49,0.9150,-1,-1,-1
46,7,-8.30,103.52,68.13,201.40,0.7797,-1,-1,-1
46,9,49.71,100.40,62.30,188.25,0.9211,-1,-1,-1
46,12,-8.50,138.63,44.42,185.35,1.0000,-1,-1,-1
47,1,422.15,66.29,46.22,134.66,0.8154,-1,-1,-1
47,2,387.62,100.51,58.23,165.68,0.9033,-1,-1,-1
47,3,-28.30,101.04,26.62,123.49,1.0000,-1,-1,-1
47,4,644.92,48.50,27.10,72.97,0.8029,-1,-1,-1
47,5,355.21,94.37,43.29,146.12,0.9207,-1,-1,-1
47,7,-8.35,104.75,68.38,206.50,0.8510,-1,-1,-1
47,9,45.89,101.32,64.28,188.11,0.9175,-1,-1,-1
47,12,-10.86,139.11,44.58,186.01,1.0000,-1,-1,-1
47,14,102.76,42.58,31.39,93.90,0.3418,-1,-1,-1
48,1,428.62,65.52,44.12,128.82,0.8924,-1,-1,-1
48,2,394.39,97.63,54.67,156.23,0.8845,-1,-1,-1
48,3,-30.37,101.80,26.10,121.10,1.0000,-1,-1,-1
48,4,642.27,48.55,27.44,73.61,0.7845,-1,-1,-1
48,5,357.09,93.62,43.92,147.11,0.9138,-1,-1,-1
48,7,-9.13,107.05,66.65,206.73,0.8617,-1,-1,-1
48,9,41.39,103.17,66.69,188.74,0.9236,-1,-1,-1
48,12,-13.23,139.59,44.73,186.66,1.0000,-1,-1,-1
48,14,107.73,41.52,32.26,94.84,0.5383,-1,-1,-1
49,1,433.28,66.02,42.91,126.18,0.8536,-1,-1,-1
49,2,398.02,95.53,55.04,158.55,0.8793,-1,-1,-1
49,3,-32.44,102.55,25.59,118.70,1.0000,-1,-1,-1
49,4,640.60,48.40,27.69,74.15,0.8319,-1,-1,-1
49,5,358.17,93.57,44.41,146.59,0.9010,-1,-1,-1
49,7,-9.95,105.90,65.66,209.81,0.8279,-1,-1,-1
49,9,38.30,103.69,69.13,190.11,0.9241,-1,-1,-1
49,12,-15.59,140.08,44.89,187.32,1.0000,-1,-1,-1
49,14,111.14,40.06,33.20,95.74,0.6222,-1,-1,-1
50,1,435.67,66.81,41.94,123.46,0.8432,-1,-1,-1
50,2,401.87,94.84,54.05,156.61,0.8733,-1,-1,-1
50,3,-34.51,103.30,25.07,116.31,1.0000,-1,-1,-1
50,4,638.75,48.17,27.88,74.14,0.8564,-1,-1,-1
50,5,359.19,93.71,45.52,147.05,0.9163,-1,-1,-1
50,7,-10.05,107.28,63.44,208.96,0.7467,-1,-1,-1
50,9,35.98,103.96,71.00,190.21,0.9306,-1,-1,-1
50,12,-17.95,140.56,45.05,187.98,1.0000,-1,-1,-1
50,14,113.39,39.10,33.41,96.34,1.0000,-1,-1,-1
51,1,438.45,66.90,41.62,123.28,0.7409,-1,-1,-1
51,2,404.88,94.34,53.24,154.96,0.8753,-1,-1,-1
51,3,-36.58,104.06,24.55,113.91,1.0000,-1,-1,-1
51,4,637.21,48.24,28.06,74.20,0.8687,-1,-1,-1
51,5,360.56,93.83,46.68,147.49,0.9196,-1,-1,-1
51,7,-7.89,110.20,61.19,205.62,0.5557,-1,-1,-1
51,9,33.03,104.20,72.55,189.93,0.9195,-1,-1,-1
51,12,-20.32,141.04,45.20,188.63,1.0000,-1,-1,-1
51,14,115.64,38.13,33.62,96.95,1.0000,-1,-1,-1
51,15,221.58,33.70,36.61,89.87,0.5448,-1,-1,-1
51,16,817.30,19.76,16.32,34.05,0.3459,-1,-1,-1
52,1,441.92,66.80,41.14,123.51,0.7304,-1,-1,-1
52,2,407.57,94.11,52.92,154.80,0.8720,-1,-1,-1
52,3,-38.65,104.81,24.04,111.52,1.0000,-1,-1,-1
52,4,636.07,48.10,28.30,74.62,0.8709,-1,-1,-1
52,5,362.26,93.32,47.68,147.71,0.9140,-1,-1,-1
52,7,-9.12,112.29,58.85,204.32,0.6303,-1,-1,-1
52,9,28.90,104.17,74.12,190.85,0.9380,-1,-1,-1
52,12,-22.68,141.52,45.36,189.29,1.0000,-1,-1,-1
52,14,117.89,37.17,33.83,97.55,1.0000,-1,-1,-1
52,15,222.06,34.24,36.55,89.72,0.6462,-1,-1,-1
52,16,816.83,19.78,16.26,33.93,1.0000,-1,-1,-1
53,1,444.30,66.99,40.31,121.66,0.4529,-1,-1,-1
53,2,411.09,94.02,52.53,153.83,0.8932,-1,-1,-1
53,3,-40.72,105.56,23.52,109.12,1.0000,-1,-1,-1
53,4,635.14,48.08,28.39,74.71,0.8627,-1,-1,-1
53,5,364.34,92.18,48.59,147.71,0.9085,-1,-1,-1
53,7,-6.09,116.88,55.81,196.50,0.4842,-1,-1,-1
53,9,23.48,104.22,75.03,190.90,0.9165,-1,-1,-1
53,12,-25.04,142.00,45.52,189.94,1.0000,-1,-1,-1
53,14,120.14,36.20,34.04,98.16,1.0000,-1,-1,-1
53,15,224.02,34.41,36.66,89.99,0.6705,-1,-1,-1
53,16,816.35,19.81,16.20,33.80,1.0000,-1,-1,-1
54,1,447.20,66.75,39.98,120.67,1.0000,-1,-1,-1
54,2,416.24,92.83,53.06,154.17,0.8758,-1,-1,-1
54,3,-42.79,106.32,23.00,106.73,1.0000,-1,-1,-1
54,4,634.17,47.57,28.53,75.07,0.8647,-1,-1,-1
54,5,367.15,91.68,48.54,145.76,0.9004,-1,-1,-1
54,7,-5.52,122.41,50.12,180.18,0.5626,-1,-1,-1
54,9,18.00,104.23,75.51,191.33,0.9182,-1,-1,-1
54,12,-27.41,142.48,45.68,190.60,1.0000,-1,-1,-1
54,14,122.39,35.24,34.25,98.76,1.0000,-1,-1,-1
54,15,226.41,34.14,35.74,87.84,0.6369,-1,-1,-1
54,16,815.87,19.84,16.14,33.68,1.0000,-1,-1,-1
55,1,450.09,66.51,39.65,119.67,1.0000,-1,-1,-1
55,2,421.52,91.86,53.65,153.30,0.8956,-1,-1,-1
55,3,-44.86,107.07,22.49,104.34,1.0000,-1,-1,-1
55,4,633.39,46.51,28.74,75.92,0.8689,-1,-1,-1
55,5,371.72,90.62,48.07,142.26,0.8752,-1,-1,-1
55,7,-6.91,124.19,49.59,178.27,1.0000,-1,-1,-1
55,9,11.76,104.15,75.90,192.22,0.9066,-1,-1,-1
55,12,-29.77,142.96,45.83,191.25,1.0000,-1,-1,-1
55,14,124.64,34.27,34.46,99.37,1.0000,-1,-1,-1
55,15,229.77,33.68,34.97,86.73,0.7993,-1,-1,-1
55,16,815.40,19.87,16.07,33.55,1.0000,-1,-1,-1
56,1,452.99,66.27,39.32,118.68,1.0000,-1,-1,-1
56,2,424.77,91.60,54.99,154.35,0.9067,-1,-1,-1
56,3,-46.93,107.83,21.97,101.94,1.0000,-1,-1,-1
56,4,632.77,45.58,28.91,76.81,0.8513,-1,-1,-1
56,5,376.22,89.12,47.74,140.70,0.8910,-1,-1,-1
56,7,-8.29,125.98,49.06,176.37,1.0000,-1,-1,-1
56,9,6.83,104.49,75.32,192.01,0.9180,-1,-1,-1
56,12,-32.13,143.44,45.99,191.91,1.0000,-1,-1,-1
56,14,126.89,33.31,34.67,99.97,1.0000,-1,-1,-1
56,15,233.47,32.74,34.32,86.22,0.7824,-1,-1,-1
56,16,814.92,19.90,16.01,33.42,1.0000,-1,-1,-1
57,1,455.89,66.03,38.99,117.69,1.0000,-1,-1,-1
57,2,425.70,90.58,56.28,155.92,0.9220,-1,-1,-1
57,3,-49.00,108.58,21.46,99.55,1.0000,-1,-1,-1
57,4,632.47,45.24,28.70,76.85,0.8440,-1,-1,-1
57,5,380.47,87.98,46.99,139.18,0.8863,-1,-1,-1
57,7,-9.67,127.76,48.53,174.47,1.0000,-1,-1,-1
57,9,0.04,105.07,74.42,191.94,0.9269,-1,-1,-1
57,12,-34.50,143.92,46.15,192.56,1.0000,-1,-1,-1
57,14,129.15,32.34,34.88,100.58,1.0000,-1,-1,-1
57,15,236.16,32.05,33.53,85.68,0.7120,-1,-1,-1
57,16,814.44,19.93,15.95,33.30,1.0000,-1,-1,-1
58,1,458.78,65.79,38.66,116.69,1.0000,-1,-1,-1
58,2,427.22,91.84,56.31,154.26,0.9224,-1,-1,-1
58,3,-51.07,109.33,20.94,97.15,1.0000,-1,-1,-1
58,4,632.19,45.13,28.45,76.88,0.8541,-1,-1,-1
58,5,384.20,86.61,46.39,138.96,0.8844,-1,-1,-1
58,7,-11.06,129.54,48.01,172.57,1.0000,-1,-1,-1
58,9,-5.59,105.55,73.92,194.43,0.9186,-1,-1,-1
58,12,-36.86,144.41,46.30,193.22,1.0000,-1,-1,-1
58,14,131.40,31.38,35.09,101.18,1.0000,-1,-1,-1
58,15,237.83,31.63,34.42,89.84,0.5904,-1,-1,-1
58,16,813.97,19.96,15.89,33.17,1.0000,-1,-1,-1
59,1,461.68,65.55,38.33,115.70,1.0000,-1,-1,-1
59,2,428.71,86.91,57.78,157.24,0.8689,-1,-1,-1
59,3,-53.14,110.09,20.42,94.76,1.0000,-1,-1,-1
59,4,631.89,45.17,28.06,76.44,0.8623,-1,-1,-1
59,5,387.95,85.68,45.62,138.33,0.8965,-1,-1,-1
59,7,-12.44,131.33,47.48,170.67,1.0000,-1,-1,-1
59,9,-8.22,106.11,73.39,197.36,0.9275,-1,-1,-1
59,12,-39.22,144.89,46.46,193.87,1.0000,-1,-1,-1
59,14,133.65,30.41,35.30,101.79,1.0000,-1,-1,-1
59,15,239.81,31.37,34.50,90.05,1.0000,-1,-1,-1
59,16,813.49,19.99,15.83,33.05,1.0000,-1,-1,-1
60,1,464.58,65.31,38.00,114.70,1.0000,-1,-1,-1
60,2,431.47,83.73,58.13,157.76,0.8475,-1,-1,-1
60,3,-55.21,110.84,19.91,92.36,1.0000,-1,-1,-1
60,4,631.52,45.04,27.67,75.95,0.8639,-1,-1,-1
60,5,391.36,85.07,44.98,138.40,0.9060,-1,-1,-1
60,7,-13.83,133.11,46.95,168.76,1.0000,-1,-1,-1
60,9,-9.14,106.95,72.91,200.46,0.9220,-1,-1,-1
60,12,-41.59,145.37,46.62,194.53,1.0000,-1,-1,-1
60,14,135.90,29.45,35.51,102.39,1.0000,-1,-1,-1
60,15,241.79,31.12,34.58,90.27,1.0000,-1,-1,-1
60,16,813.01,20.02,15.77,32.92,1.0000,-1,-1,-1
61,1,467.47,65.07,37.68,113.71,1.0000,-1,-1,-1
61,2,436.29,85.93,56.42,152.77,0.8683,-1,-1,-1
61,3,-57.28,111.59,19.39,89.97,1.0000,-1,-1,-1
61,4,631.13,44.86,27.43,75.85,0.8516,-1,-1,-1
61,5,394.32,84.79,44.23,137.84,0.8884,-1,-1,-1
61,7,-15.21,134.89,46.42,166.86,1.0000,-1,-1,-1
61,9,-9.04,107.85,72.30,202.98,0.9321,-1,-1,-1
61,12,-43.95,145.85,46.77,195.18,1.0000,-1,-1,-1
61,14,138.15,28.49,35.72,103.00,1.0000,-1,-1,-1
61,15,243.76,30.86,34.66,90.48,1.0000,-1,-1,-1
61,16,812.54,20.05,15.71,32.80,1.0000,-1,-1,-1
62,1,470.37,64.83,37.35,112.71,1.0000,-1,-1,-1
62,2,441.40,87.14,55.44,149.56,0.9157,-1,-1,-1
62,3,-59.35,112.35,18.87,87.58,1.0000,-1,-1,-1
62,4,630.70,44.64,27.28,75.89,0.8510,-1,-1,-1
62,5,397.82,84.93,44.13,137.04,0.8825,-1,-1,-1
62,7,-16.59,136.68,45.89,164.96,1.0000,-1,-1,-1
62,9,-8.41,109.18,71.27,204.00,0.9320,-1,-1,-1
62,12,-46.31,146.33,46.93,195.84,1.0000,-1,-1,-1
62,14,140.40,27.52,35.93,103.60,1.0000,-1,-1,-1
62,15,245.74,30.60,34.74,90.70,1.0000,-1,-1,-1
62,16,812.06,20.08,15.65,32.67,1.0000,-1,-1,-1
63,1,473.27,64.59,37.02,111.72,1.0000,-1,-1,-1
63,2,444.56,85.79,55.25,149.55,0.8911,-1,-1,-1
63,3,-61.42,113.10,18.36,85.18,1.0000,-1,-1,-1
63,4,630.30,44.60,27.11,75.85,0.8569,-1,-1,-1
63,5,400.02,84.90,44.81,137.43,0.8872,-1,-1,-1
63,7,-17.98,138.46,45.36,163.06,1.0000,-1,-1,-1
63,9,-7.54,110.79,69.85,203.46,0.9202,-1,-1,-1
63,12,-48.68,146.81,47.09,196.49,1.0000,-1,-1,-1
63,14,142.65,26.56,36.14,104.21,1.0000,-1,-1,-1
63,15,247.72,30.34,34.83,90.91,1.0000,-1,-1,-1
63,16,811.58,20.11,15.59,32.54,1.0000,-1,-1,-1
64,1,476.16,64.35,36.69,110.73,1.0000,-1,-1,-1
64,2,448.12,89.95,53.48,144.68,0.8906,-1,-1,-1
64,3,-63.49,113.85,17.84,82.79,1.0000,-1,-1,-1
64,4,629.90,45.01,26.78,75.14,0.8635,-1,-1,-1
64,5,401.82,85.42,45.24,136.29,0.8732,-1,-1,-1
64,7,-19.36,140.25,44.83,161.16,1.0000,-1,-1,-1
64,9,-6.52,112.77,68.33,202.09,0.9107,-1,-1,-1
64,12,-51.04,147.29,47.25,197.15,1.0000,-1,-1,-1
64,14,144.90,25.59,36.35,104.81,1.0000,-1,-1,-1
64,15,249.70,30.09,34.91,91.13,1.0000,-1,-1,-1
64,16,811.11,20.14,15.53,32.42,1.0000,-1,-1,-1
65,1,479.06,64.11,36.36,109.73,1.0000,-1,-1,-1
65,2,450.99,91.35,52.86,142.77,0.8695,-1,-1,-1
65,3,-65.56,114.61,17.33,80.39,1.0000,-1,-1,-1
65,4,629.39,45.23,26.63,74.98,0.8752,-1,-1,-1
65,5,402.45,85.40,46.07,136.39,0.8718,-1,-1,-1
65,7,-20.75,142.03,44.30,159.25,1.0000,-1,-1,-1
65,9,-5.90,113.36,67.08,201.22,0.8757,-1,-1,-1
65,12,-53.40,147.77,47.40,197.80,1.0000,-1,-1,-1
65,14,147.15,24.63,36.56,105.42,1.0000,-1,-1,-1
65,15,251.68,29.83,34.99,91.34,1.0000,-1,-1,-1
65,16,810.63,20.17,15.47,32.29,1.0000,-1,-1,-1
66,1,481.95,63.88,36.03,108.74,1.0000,-1,-1,-1
66,2,453.62,91.04,53.09,143.20,0.8659,-1,-1,-1
66,3,-67.63,115.36,16.81,78.00,1.0000,-1,-1,-1
66,4,629.03,45.33,26.50,74.86,0.8756,-1,-1,-1
66,5,403.44,85.25,46.77,135.91,0.8815,-1,-1,-1
66,7,-22.13,143.81,43.77,157.35,1.0000,-1,-1,-1
66,9,-5.50,111.23,66.30,201.64,0.8419,-1,-1,-1
66,12,-55.77,148.26,47.56,198.46,1.0000,-1,-1,-1
66,14,149.40,23.66,36.77,106.02,1.0000,-1,-1,-1
66,15,253.66,29.57,35.07,91.56,1.0000,-1,-1,-1
66,16,810.15,20.20,15.41,32.17,1.0000,-1,-1,-1
67,1,484.85,63.64,35.70,107.74,1.0000,-1,-1,-1
67,2,456.00,90.27,53.57,144.44,0.8712,-1,-1,-1
67,3,-69.70,116.11,16.29,75.61,1.0000,-1,-1,-1
67,4,628.69,45.37,26.31,74.75,0.8771,-1,-1,-1
67,5,405.18,84.88,47.20,135.17,0.8875,-1,-1,-1
67,7,-23.51,145.60,43.24,155.45,1.0000,-1,-1,-1
67,9,-4.78,116.64,63.08,194.27,0.7983,-1,-1,-1
67,12,-58.13,148.74,47.72,199.11,1.0000,-1,-1,-1
67,14,151.65,22.70,36.98,106.63,1.0000,-1,-1,-1
67,15,255.63,29.32,35.16,91.77,1.0000,-1,-1,-1
67,16,809.68,20.23,15.35,32.04,1.0000,-1,-1,-1
68,1,487.75,63.40,35.37,106.75,1.0000,-1,-1,-1
68,2,458.20,88.21,54.13,146.00,0.8955,-1,-1,-1
68,3,-71.77,116.87,15.78,73.21,1.0000,-1,-1,-1
68,4,628.55,45.53,26.12,74.61,0.8781,-1,-1,-1
68,5,407.47,83.48,47.39,134.70,0.8439,-1,-1,-1
68,7,-24.90,147.38,42.71,153.55,1.0000,-1,-1,-1
68,9,-6.07,112.87,61.48,193.32,0.6958,-1,-1,-1
68,12,-60.49,149.22,47.87,199.77,1.0000,-1,-1,-1
68,14,153.90,21.73,37.19,107.23,1.0000,-1,-1,-1
68,15,257.61,29.06,35.24,91.98,1.0000,-1,-1,-1
68,16,809.20,20.26,15.29,31.92,1.0000,-1,-1,-1
69,1,490.64,63.16,35.04,105.76,1.0000,-1,-1,-1
69,2,460.14,87.32,54.17,146.20,0.8888,-1,-1,-1
69,4,628.22,45.61,25.98,74.47,0.8756,-1,-1,-1
69,5,410.65,82.45,46.69,132.73,0.8721,-1,-1,-1
69,7,-26.28,149.16,42.18,151.65,1.0000,-1,-1,-1
69,9,-4.66,141.41,52.25,166.66,0.5714,-1,-1,-1
69,12,-62.86,149.70,48.03,200.42,1.0000,-1,-1,-1
69,14,156.15,20.77,37.40,107.84,1.0000,-1,-1,-1
69,15,259.59,28.80,35.32,92.20,1.0000,-1,-1,-1
69,16,808.72,20.29,15.23,31.79,1.0000,-1,-1,-1
70,1,493.54,62.92,34.71,104.76,1.0000,-1,-1,-1
70,2,461.35,86.17,54.47,147.66,0.9009,-1,-1,-1
70,4,627.95,45.63,25.89,74.42,0.8787,-1,-1,-1
70,5,413.98,81.37,46.14,131.92,0.8999,-1,-1,-1
70,7,-27.67,150.95,41.65,149.75,1.0000,-1,-1,-1
70,9,-6.16,145.13,51.18,163.24,1.0000,-1,-1,-1
70,12,-65.22,150.18,48.19,201.08,1.0000,-1,-1,-1
70,14,158.40,19.81,37.61,108.44,1.0000,-1,-1,-1
70,15,261.57,28.55,35.40,92.41,1.0000,-1,-1,-1
70,16,808.25,20.32,15.17,31.67,1.0000,-1,-1,-1
71,1,496.44,62.68,34.38,103.77,1.0000,-1,-1,-1
71,2,462.77,87.02,53.76,146.52,0.8922,-1,-1,-1
71,4,627.63,45.57,25.81,74.25,0.8757,-1,-1,-1
71,5,419.53,80.12,45.77,131.82,0.8960,-1,-1,-1
71,7,-29.05,152.73,41.12,147.84,1.0000,-1,-1,-1
71,9,-7.66,148.84,50.11,159.83,1.0000,-1,-1,-1
71,12,-67.58,150.66,48.34,201.74,1.0000,-1,-1,-1
71,14,160.66,18.84,37.82,109.05,1.0000,-1,-1,-1
71,15,263.55,28.29,35.48,92.63,1.0000,-1,-1,-1
71,16,807.77,20.35,15.11,31.54,1.0000,-1,-1,-1
72,1,499.33,62.44,34.05,102.77,1.0000,-1,-1,-1
72,2,465.83,85.44,52.45,143.84,0.8716,-1,-1,-1
72,4,626.58,45.84,25.83,73.88,0.8546,-1,-1,-1
72,5,424.85,78.72,45.43,132.59,0.8872,-1,-1,-1
72,7,-30.43,154.52,40.59,145.94,1.0000,-1,-1,-1
72,9,-9.15,152.55,49.04,156.41,1.0000,-1,-1,-1
72,12,-69.95,151.14,48.50,202.39,1.0000,-1,-1,-1
72,14,162.91,17.88,38.03,109.65,1.0000,-1,-1,-1
72,15,265.53,28.03,35.57,92.84,1.0000,-1,-1,-1
72,16,807.29,20.37,15.05,31.41,1.0000,-1,-1,-1
73,1,502.23,62.20,33.72,101.78,1.0000,-1,-1,-1
73,2,468.62,86.29,51.03,140.88,0.8362,-1,-1,-1
73,4,625.57,45.87,26.12,74.11,0.8654,-1,-1,-1
73,5,427.92,78.17,45.01,132.60,0.8785,-1,-1,-1
73,7,-31.82,156.30,40.06,144.04,1.0000,-1,-1,-1
73,9,-10.65,156.26,47.97,153.00,1.0000,-1,-1,-1
73,12,-72.31,151.62,48.66,203.05,1.0000,-1,-1,-1
73,14,165.16,16.91,38.24,110.26,1.0000,-1,-1,-1
73,15,267.51,27.77,35.65,93.06,1.0000,-1,-1,-1
73,16,806.82,20.40,14.99,31.29,1.0000,-1,-1,-1
74,1,505.13,61.96,33.39,100.79,1.0000,-1,-1,-1
74,2,473.05,85.76,44.96,122.01,0.7610,-1,-1,-1
74,4,624.74,45.90,26.52,74.53,0.8646,-1,-1,-1
74,5,429.74,78.36,44.52,131.23,0.8915,-1,-1,-1
74,7,-33.20,158.08,39.53,142.14,1.0000,-1,-1,-1
74,9,-12.15,159.97,46.90,149.58,1.0000,-1,-1,-1
74,12,-74.67,152.11,48.82,203.70,1.0000,-1,-1,-1
74,14,167.41,15.95,38.45,110.86,1.0000,-1,-1,-1
74,15,269.48,27.52,35.73,93.27,1.0000,-1,-1,-1
74,16,806.34,20.43,14.93,31.16,1.0000,-1,-1,-1
74,19,785.81,21.52,28.23,36.20,0.4256,-1,-1,-1
75,1,508.02,61.72,33.06,99.79,1.0000,-1,-1,-1
75,2,473.41,85.18,47.60,129.59,0.8146,-1,-1,-1
75,4,624.22,46.02,26.82,74.69,0.8471,-1,-1,-1
75,5,430.44,78.74,44.10,130.00,0.8950,-1,-1,-1
75,7,-34.59,159.87,39.01,140.24,1.0000,-1,-1,-1
75,9,-13.65,163.68,45.83,146.16,1.0000,-1,-1,-1
75,14,169.66,14.98,38.66,111.47,1.0000,-1,-1,-1
75,15,271.46,27.26,35.81,93.49,1.0000,-1,-1,-1
75,16,805.86,20.46,14.87,31.04,1.0000,-1,-1,-1
75,19,785.99,22.02,27.83,35.67,0.4451,-1,-1,-1
76,1,510.92,61.48,32.73,98.80,1.0000,-1,-1,-1
76,2,473.88,84.25,48.91,133.85,0.8845,-1,-1,-1
76,4,623.01,46.18,27.20,74.59,0.8593,-1,-1,-1
76,5,431.70,79.17,44.15,129.62,0.8948,-1,-1,-1
76,7,-35.97,161.65,38.48,138.33,1.0000,-1,-1,-1
76,9,-15.15,167.39,44.75,142.75,1.0000,-1,-1,-1
76,14,171.91,14.02,38.87,112.07,1.0000,-1,-1,-1
76,15,273.44,27.00,35.90,93.70,1.0000,-1,-1,-1
76,16,805.39,20.49,14.81,30.91,1.0000,-1,-1,-1
76,19,785.95,22.00,27.92,35.76,0.4560,-1,-1,-1
77,1,513.81,61.24,32.40,97.80,1.0000,-1,-1,-1
77,2,475.21,82.55,49.29,135.73,0.8848,-1,-1,-1
77,4,622.03,45.86,27.63,74.91,0.8196,-1,-1,-1
77,5,432.82,79.83,44.38,129.15,0.8978,-1,-1,-1
77,7,-37.35,163.43,37.95,136.43,1.0000,-1,-1,-1
77,9,-16.64,171.10,43.68,139.33,1.0000,-1,-1,-1
77,14,174.16,13.05,39.08,112.68,1.0000,-1,-1,-1
77,15,275.42,26.75,35.98,93.92,1.0000,-1,-1,-1
77,16,804.91,20.52,14.75,30.79,1.0000,-1,-1,-1
77,19,785.99,22.21,27.84,35.60,0.4301,-1,-1,-1
78,1,516.71,61.00,32.07,96.81,1.0000,-1,-1,-1
78,2,477.05,82.69,49.08,135.62,0.9092,-1,-1,-1
78,4,620.84,45.74,28.09,74.96,0.8269,-1,-1,-1
78,5,434.65,79.66,44.69,129.05,0.9036,-1,-1,-1
78,7,-38.74,165.22,37.42,134.53,1.0000,-1,-1,-1
78,9,-18.14,174.81,42.61,135.92,1.0000,-1,-1,-1
78,14,176.41,12.09,39.29,113.28,1.0000,-1,-1,-1
78,15,277.40,26.49,36.06,94.13,1.0000,-1,-1,-1
78,16,804.43,20.55,14.69,30.66,1.0000,-1,-1,-1
78,19,785.96,22.30,27.83,35.54,0.5033,-1,-1,-1
79,1,519.61,60.76,31.74,95.81,1.0000,-1,-1,-1
79,2,479.47,82.44,49.01,135.41,0.9027,-1,-1,-1
79,4,620.30,46.12,28.28,74.57,0.8379,-1,-1,-1
79,5,436.87,79.48,44.99,128.90,0.9157,-1,-1,-1
79,7,-40.12,167.00,36.89,132.63,1.0000,-1,-1,-1
79,9,-19.64,178.53,41.54,132.50,1.0000,-1,-1,-1
79,14,178.66,11.13,39.50,113.89,1.0000,-1,-1,-1
79,15,279.38,26.23,36.14,94.34,1.0000,-1,-1,-1
79,16,803.96,20.58,14.63,30.54,1.0000,-1,-1,-1
79,19,785.90,22.25,27.92,35.61,0.4745,-1,-1,-1
79,20,186.65,38.52,25.07,86.25,0.6125,-1,-1,-1
80,1,522.50,60.52,31.41,94.82,1.0000,-1,-1,-1
80,2,482.61,81.54,49.03,135.27,0.8878,-1,-1,-1
80,4,620.06,46.33,28.47,74.37,0.8249,-1,-1,-1
80,5,439.72,78.83,44.92,128.31,0.9197,-1,-1,-1
80,7,-41.51,168.79,36.36,130.73,1.0000,-1,-1,-1
80,9,-21.14,182.24,40.47,129.09,1.0000,-1,-1,-1
80,15,281.35,25.98,36.22,94.56,1.0000,-1,-1,-1
80,16,803.48,20.61,14.57,30.41,1.0000,-1,-1,-1
80,19,785.97,22.38,27.84,35.44,0.4614,-1,-1,-1
80,20,187.58,38.39,25.34,87.04,0.5230,-1,-1,-1
81,1,525.40,60.28,31.08,93.83,1.0000,-1,-1,-1
81,2,485.74,79.92,49.48,136.15,0.8825,-1,-1,-1
81,4,619.66,46.45,28.58,74.23,0.8453,-1,-1,-1
81,5,442.70,78.59,44.26,126.15,0.9147,-1,-1,-1
81,7,-42.89,170.57,35.83,128.83,1.0000,-1,-1,-1
81,9,-22.63,185.95,39.40,125.67,1.0000,-1,-1,-1
81,15,283.33,25.72,36.31,94.77,1.0000,-1,-1,-1
81,16,803.00,20.64,14.51,30.28,1.0000,-1,-1,-1
81,19,786.10,22.51,27.71,35.22,0.4528,-1,-1,-1
81,20,189.80,37.51,25.50,87.29,0.3896,-1,-1,-1
82,1,528.30,60.04,30.75,92.83,1.0000,-1,-1,-1
82,2,487.37,77.37,50.67,139.54,0.8879,-1,-1,-1
82,4,619.34,46.53,28.82,74.34,0.8632,-1,-1,-1
82,5,446.49,77.86,43.42,124.10,0.8880,-1,-1,-1
82,7,-44.27,172.35,35.30,126.92,1.0000,-1,-1,-1
82,9,-24.13,189.66,38.33,122.26,1.0000,-1,-1,-1
82,15,285.31,25.46,36.39,94.99,1.0000,-1,-1,-1
82,19,785.99,22.19,27.95,35.51,0.4201,-1,-1,-1
82,20,191.05,37.52,25.53,87.38,1.0000,-1,-1,-1
83,1,531.19,59.80,30.43,91.84,1.0000,-1,-1,-1
83,2,488.72,77.09,50.68,139.59,0.8772,-1,-1,-1
83,4,619.08,46.55,29.06,74.46,0.8613,-1,-1,-1
83,5,450.19,76.50,42.15,122.25,0.8705,-1,-1,-1
83,7,-45.66,174.14,34.77,125.02,1.0000,-1,-1,-1
83,9,-25.63,193.37,37.26,118.84,1.0000,-1,-1,-1
83,15,287.29,25.20,36.47,95.20,1.0000,-1,-1,-1
83,19,786.02,22.16,27.99,35.54,0.4673,-1,-1,-1
83,20,192.30,37.52,25.55,87.47,1.0000,-1,-1,-1
84,2,491.05,80.44,48.89,134.16,0.8798,-1,-1,-1
84,4,618.86,46.53,29.28,74.62,0.8724,-1,-1,-1
84,5,453.12,75.47,41.51,122.73,0.8805,-1,-1,-1
84,7,-47.04,175.92,34.24,123.12,1.0000,-1,-1,-1
84,9,-27.13,197.08,36.19,115.42,1.0000,-1,-1,-1
84,15,289.27,24.95,36.55,95.42,1.0000,-1,-1,-1
84,19,785.97,21.97,28.15,35.73,0.4798,-1,-1,-1
84,20,193.54,37.53,25.58,87.56,1.0000,-1,-1,-1
85,2,493.07,80.80,48.26,131.75,0.8708,-1,-1,-1
85,4,618.55,46.16,29.54,75.01,0.8762,-1,-1,-1
85,5,456.23,74.65,40.35,122.05,0.8713,-1,-1,-1
85,9,-28.63,200.79,35.12,112.01,1.0000,-1,-1,-1
85,15,291.25,24.69,36.64,95.63,1.0000,-1,-1,-1
85,19,785.99,22.16,28.01,35.50,0.4592,-1,-1,-1
85,20,194.79,37.54,25.60,87.65,1.0000,-1,-1,-1
86,2,496.06,80.74,47.54,129.50,0.9085,-1,-1,-1
86,4,618.40,46.00,29.68,75.18,0.8766,-1,-1,-1
86,5,458.21,74.33,39.55,121.83,0.8823,-1,-1,-1
86,9,-30.12,204.50,34.05,108.59,1.0000,-1,-1,-1
86,15,293.23,24.43,36.72,95.85,1.0000,-1,-1,-1
86,19,785.88,22.04,28.16,35.67,0.4831,-1,-1,-1
86,20,196.04,37.55,25.63,87.74,1.0000,-1,-1,-1
87,2,499.33,80.04,47.04,128.34,0.9229,-1,-1,-1
87,4,618.04,45.67,29.84,75.39,0.8762,-1,-1,-1
87,5,459.88,73.99,38.91,121.54,0.8413,-1,-1,-1
87,9,-31.62,208.21,32.97,105.18,1.0000,-1,-1,-1
87,15,295.20,24.18,36.80,96.06,1.0000,-1,-1,-1
87,19,786.05,22.35,27.91,35.29,0.4565,-1,-1,-1
87,20,197.28,37.55,25.65,87.82,1.0000,-1,-1,-1
88,2,502.64,78.32,46.98,128.68,0.9205,-1,-1,-1
88,4,617.86,45.38,29.99,75.73,0.8786,-1,-1,-1
88,5,462.25,74.21,38.83,121.20,0.8548,-1,-1,-1
88,9,-33.12,211.93,31.90,101.76,1.0000,-1,-1,-1
88,15,297.18,23.92,36.88,96.28,1.0000,-1,-1,-1
88,19,786.01,22.44,27.85,35.15,0.4312,-1,-1,-1
88,20,198.53,37.56,25.68,87.91,1.0000,-1,-1,-1
89,2,505.67,78.20,46.55,128.01,0.9132,-1,-1,-1
89,4,617.62,45.28,30.05,75.85,0.8820,-1,-1,-1
89,5,464.06,74.71,38.99,120.66,0.8805,-1,-1,-1
89,9,-34.62,215.64,30.83,98.35,1.0000,-1,-1,-1
89,19,785.98,22.52,27.80,35.03,0.3848,-1,-1,-1
89,20,199.78,37.57,25.71,88.00,1.0000,-1,-1,-1
89,21,232.78,37.02,28.36,81.07,0.5489,-1,-1,-1
90,2,509.04,79.10,45.71,126.25,0.8933,-1,-1,-1
90,4,617.47,45.26,30.08,75.93,0.8812,-1,-1,-1
90,5,465.01,74.81,39.29,120.61,0.8854,-1,-1,-1
90,9,-36.12,219.35,29.76,94.93,1.0000,-1,-1,-1
90,19,786.00,22.82,27.63,34.69,0.4238,-1,-1,-1
90,20,201.03,37.57,25.73,88.09,1.0000,-1,-1,-1
90,21,235.26,37.09,28.14,80.20,0.6959,-1,-1,-1
91,2,511.68,79.05,45.58,126.40,0.8942,-1,-1,-1
91,4,617.44,45.45,29.93,75.64,0.8791,-1,-1,-1
91,5,465.52,72.76,40.03,122.21,0.8867,-1,-1,-1
91,9,-37.61,223.06,28.69,91.51,1.0000,-1,-1,-1
91,19,786.06,22.96,27.63,34.57,0.4335,-1,-1,-1
91,20,202.27,37.58,25.76,88.18,1.0000,-1,-1,-1
91,21,238.06,36.57,28.12,80.59,0.4163,-1,-1,-1
92,2,513.79,78.27,45.66,127.22,0.8937,-1,-1,-1
92,4,617.33,45.36,29.85,75.64,0.8722,-1,-1,-1
92,5,466.13,70.81,40.43,122.88,0.8693,-1,-1,-1
92,9,-39.11,226.77,27.62,88.10,1.0000,-1,-1,-1
92,19,785.96,22.86,27.85,34.76,0.4263,-1,-1,-1
92,20,203.52,37.59,25.78,88.27,1.0000,-1,-1,-1
92,21,240.38,36.55,27.46,79.39,0.4911,-1,-1,-1
93,2,515.84,77.74,45.61,127.53,0.8895,-1,-1,-1
93,4,617.19,45.42,29.70,75.52,0.8779,-1,-1,-1
93,5,467.57,70.44,40.47,122.67,0.8275,-1,-1,-1
93,9,-40.61,230.48,26.55,84.68,1.0000,-1,-1,-1
93,19,785.94,22.71,27.99,34.90,0.4047,-1,-1,-1
93,20,204.77,37.60,25.81,88.35,1.0000,-1,-1,-1
93,21,242.33,36.54,27.34,79.04,1.0000,-1,-1,-1
94,2,517.46,77.66,45.72,127.76,0.8900,-1,-1,-1
94,4,617.08,45.61,29.49,75.33,0.8802,-1,-1,-1
94,5,469.98,68.46,40.68,123.05,0.7924,-1,-1,-1
94,9,-42.11,234.19,25.48,81.27,1.0000,-1,-1,-1
94,19,785.89,22.56,28.14,35.06,0.4118,-1,-1,-1
94,20,206.01,37.60,25.84,88.44,1.0000,-1,-1,-1
94,21,244.29,36.53,27.22,78.70,1.0000,-1,-1,-1
95,2,518.50,78.25,45.62,127.36,0.8822,-1,-1,-1
95,4,616.91,45.85,29.25,75.10,0.8797,-1,-1,-1
95,5,473.56,70.05,39.44,119.51,0.8352,-1,-1,-1
95,9,-43.61,237.90,24.41,77.85,1.0000,-1,-1,-1
95,19,785.90,22.74,28.05,34.89,0.4261,-1,-1,-1
95,20,207.26,37.61,25.86,88.53,1.0000,-1,-1,-1
95,21,246.24,36.52,27.10,78.35,1.0000,-1,-1,-1
96,2,520.88,77.85,44.93,125.98,0.8043,-1,-1,-1
96,4,616.92,45.67,29.14,75.08,0.8842,-1,-1,-1
96,5,479.90,69.92,38.33,117.63,0.8408,-1,-1,-1
96,9,-45.10,241.61,23.34,74.44,1.0000,-1,-1,-1
96,19,785.82,22.76,28.13,34.94,0.3977,-1,-1,-1
96,20,208.51,37.62,25.89,88.62,1.0000,-1,-1,-1
96,21,248.20,36.52,26.98,78.00,1.0000,-1,-1,-1
97,2,522.65,76.00,44.58,126.01,0.7965,-1,-1,-1
97,4,616.95,45.74,28.98,74.97,0.8822,-1,-1,-1
97,5,484.37,69.44,37.77,117.33,0.8465,-1,-1,-1
97,9,-46.60,245.32,22.27,71.02,1.0000,-1,-1,-1
97,19,785.82,22.82,28.12,34.86,0.3886,-1,-1,-1
97,20,209.76,37.62,25.91,88.71,1.0000,-1,-1,-1
97,21,250.15,36.51,26.86,77.66,1.0000,-1,-1,-1
98,2,523.42,74.77,44.24,125.51,0.7748,-1,-1,-1
98,4,617.03,45.66,28.90,74.98,0.8872,-1,-1,-1
98,5,487.15,68.17,37.77,118.95,0.8329,-1,-1,-1
98,9,-48.10,249.04,21.19,67.61,1.0000,-1,-1,-1
98,19,785.84,22.92,28.07,34.73,0.3821,-1,-1,-1
98,20,211.00,37.63,25.94,88.80,1.0000,-1,-1,-1
98,21,252.11,36.50,26.74,77.31,1.0000,-1,-1,-1
99,2,523.88,73.80,43.83,124.23,0.8269,-1,-1,-1
99,4,617.19,45.73,28.82,74.91,0.8869,-1,-1,-1
99,5,488.34,67.98,37.33,118.21,0.8418,-1,-1,-1
99,9,-49.60,252.75,20.12,64.19,1.0000,-1,-1,-1
99,19,785.84,22.86,28.12,34.75,0.3769,-1,-1,-1
99,20,212.25,37.64,25.96,88.88,1.0000,-1,-1,-1
99,21,254.07,36.49,26.62,76.96,1.0000,-1,-1,-1
100,2,525.19,72.79,43.17,122.55,0.8087,-1,-1,-1
100,4,617.33,46.01,28.67,74.63,0.8854,-1,-1,-1
100,5,487.99,69.92,37.01,116.09,0.8515,-1,-1,-1
100,19,785.87,22.97,28.08,34.65,0.3750,-1,-1,-1
100,20,213.50,37.64,25.99,88.97,1.0000,-1,-1,-1
100,21,256.02,36.48,26.50,76.62,1.0000,-1,-1,-1
101,2,525.99,70.47,43.71,124.19,0.8740,-1,-1,-1
101,4,617.33,46.29,28.51,74.39,0.8834,-1,-1,-1
101,5,487.91,70.67,37.30,115.48,0.8044,-1,-1,-1
101,19,785.95,23.22,27.96,34.43,0.4003,-1,-1,-1
101,20,214.74,37.65,26.02,89.06,1.0000,-1,-1,-1
101,21,257.98,36.48,26.38,76.27,1.0000,-1,-1,-1
102,2,527.31,69.34,43.74,124.36,0.8683,-1,-1,-1
102,4,617.36,46.26,28.46,74.42,0.8883,-1,-1,-1
102,5,488.07,69.21,38.23,116.77,0.8196,-1,-1,-1
102,19,785.92,23.32,27.94,34.32,0.4007,-1,-1,-1
102,20,215.99,37.66,26.04,89.15,1.0000,-1,-1,-1
102,21,259.93,36.47,26.26,75.92,1.0000,-1,-1,-1
103,2,529.68,69.44,43.28,123.20,0.8462,-1,-1,-1
103,4,617.35,46.26,28.38,74.35,0.8880,-1,-1,-1
103,5,489.10,68.12,38.96,117.52,0.8670,-1,-1,-1
103,19,785.82,23.28,28.08,34.43,0.3838,-1,-1,-1
103,20,217.24,37.67,26.07,89.24,1.0000,-1,-1,-1
103,21,261.89,36.46,26.14,75.58,1.0000,-1,-1,-1
104,2,532.14,68.72,43.48,123.34,0.8433,-1,-1,-1
104,4,617.46,46.46,28.26,74.14,0.8849,-1,-1,-1
104,5,490.24,66.57,39.78,118.68,0.8777,-1,-1,-1
104,19,785.76,23.18,28.25,34.60,0.3591,-1,-1,-1
104,20,218.49,37.67,26.09,89.33,1.0000,-1,-1,-1
104,21,263.84,36.45,26.02,75.23,1.0000,-1,-1,-1
105,2,534.81,68.42,43.68,123.44,0.8461,-1,-1,-1
105,4,617.45,46.57,28.20,74.02,0.8850,-1,-1,-1
105,5,492.13,66.72,39.82,117.46,0.8516,-1,-1,-1
105,19,785.76,23.19,28.29,34.62,0.3733,-1,-1,-1
105,20,219.73,37.68,26.12,89.41,1.0000,-1,-1,-1
105,21,265.80,36.45,25.90,74.89,1.0000,-1,-1,-1
106,2,537.02,69.53,43.49,121.85,0.8457,-1,-1,-1
106,4,617.31,46.52,28.21,74.13,0.8844,-1,-1,-1
106,5,495.31,65.74,39.47,115.22,0.8505,-1,-1,-1
106,19,785.77,23.21,28.28,34.56,0.4168,-1,-1,-1
106,20,220.98,37.69,26.15,89.50,1.0000,-1,-1,-1
106,21,267.76,36.44,25.78,74.54,1.0000,-1,-1,-1
107,2,538.83,72.52,42.76,118.96,0.8448,-1,-1,-1
107,4,617.32,46.40,28.23,74.24,0.8813,-1,-1,-1
107,5,498.77,65.13,39.58,114.42,0.8411,-1,-1,-1
107,19,785.65,23.10,28.42,34.69,0.4014,-1,-1,-1
107,20,222.23,37.69,26.17,89.59,1.0000,-1,-1,-1
107,21,269.71,36.43,25.66,74.19,1.0000,-1,-1,-1
108,2,539.49,72.41,42.65,118.42,0.8338,-1,-1,-1
108,4,617.31,46.18,28.23,74.40,0.8853,-1,-1,-1
108,5,502.33,65.24,38.68,112.41,0.8736,-1,-1,-1
108,19,785.70,23.06,28.42,34.68,0.3963,-1,-1,-1
108,20,223.48,37.70,26.20,89.68,1.0000,-1,-1,-1
108,21,271.67,36.42,25.54,73.85,1.0000,-1,-1,-1
109,2,541.83,72.99,41.78,115.98,0.8652,-1,-1,-1
109,4,617.27,46.19,28.17,74.37,0.8836,-1,-1,-1
109,5,505.34,64.70,37.95,111.58,0.8810,-1,-1,-1
109,19,785.80,23.18,28.32,34.52,0.4023,-1,-1,-1
109,20,224.72,37.71,26.22,89.77,1.0000,-1,-1,-1
109,21,273.62,36.41,25.42,73.50,1.0000,-1,-1,-1
110,2,543.75,73.20,41.35,114.22,0.8477,-1,-1,-1
110,4,617.29,46.31,28.08,74.21,0.8852,-1,-1,-1
110,5,507.73,63.90,37.52,112.27,0.8630,-1,-1,-1
110,19,785.80,23.20,28.33,34.52,0.4037,-1,-1,-1
110,20,225.97,37.72,26.25,89.86,1.0000,-1,-1,-1
110,21,275.58,36.41,25.30,73.15,1.0000,-1,-1,-1
111,2,546.42,72.74,41.25,113.42,0.8758,-1,-1,-1
111,4,617.29,46.13,28.10,74.38,0.8905,-1,-1,-1
111,5,509.39,63.63,36.75,111.77,0.8630,-1,-1,-1
111,19,785.79,23.06,28.40,34.61,0.4252,-1,-1,-1
111,20,227.22,37.72,26.27,89.94,1.0000,-1,-1,-1
111,21,277.53,36.40,25.18,72.81,1.0000,-1,-1,-1
112,2,548.95,71.16,41.68,113.82,0.8791,-1,-1,-1
112,4,617.33,46.22,28.04,74.33,0.8887,-1,-1,-1
112,5,511.09,63.63,36.10,111.29,0.8676,-1,-1,-1
112,19,785.78,23.03,28.42,34.62,0.4226,-1,-1,-1
112,21,279.49,36.39,25.06,72.46,1.0000,-1,-1,-1
113,2,551.46,69.02,42.25,114.76,0.8554,-1,-1,-1
113,4,617.40,46.21,28.00,74.33,0.8909,-1,-1,-1
113,5,512.55,63.65,35.54,110.45,0.8785,-1,-1,-1
113,19,785.81,23.02,28.40,34.58,0.4330,-1,-1,-1
113,21,281.45,36.38,24.94,72.11,1.0000,-1,-1,-1
114,2,554.43,68.80,42.32,114.65,0.8567,-1,-1,-1
114,4,617.41,46.13,28.00,74.42,0.8894,-1,-1,-1
114,5,513.67,63.59,35.27,109.87,0.8672,-1,-1,-1
114,19,785.78,22.99,28.43,34.60,0.4244,-1,-1,-1
114,21,283.40,36.38,24.82,71.77,1.0000,-1,-1,-1
115,2,557.08,68.52,42.21,114.19,0.8594,-1,-1,-1
115,4,617.48,46.34,27.90,74.21,0.8890,-1,-1,-1
115,5,514.83,64.37,34.88,108.76,0.8480,-1,-1,-1
115,19,785.77,23.02,28.39,34.54,0.4470,-1,-1,-1
115,21,285.36,36.37,24.70,71.42,1.0000,-1,-1,-1
116,2,558.36,67.53,42.97,115.91,0.8614,-1,-1,-1
116,4,617.56,46.69,27.75,73.85,0.8853,-1,-1,-1
116,5,515.48,64.69,34.92,108.62,0.8567,-1,-1,-1
116,19,785.76,23.03,28.40,34.53,0.4274,-1,-1,-1
116,21,287.31,36.36,24.58,71.08,1.0000,-1,-1,-1
117,2,558.99,67.73,43.32,115.88,0.8921,-1,-1,-1
117,4,617.53,46.69,27.76,73.86,0.8832,-1,-1,-1
117,5,516.16,64.83,34.63,107.26,0.8653,-1,-1,-1
117,19,785.84,23.31,28.23,34.28,0.3982,-1,-1,-1
117,21,289.27,36.35,24.46,70.73,1.0000,-1,-1,-1
118,2,560.21,68.48,42.98,113.97,0.8899,-1,-1,-1
118,4,617.52,46.76,27.74,73.78,0.8831,-1,-1,-1
118,5,516.92,64.53,34.78,107.07,0.8512,-1,-1,-1
118,19,785.79,23.38,28.22,34.23,0.3977,-1,-1,-1
118,21,291.22,36.35,24.34,70.38,1.0000,-1,-1,-1
119,2,561.73,69.65,42.55,112.17,0.8965,-1,-1,-1
119,4,617.57,46.77,27.72,73.75,0.8809,-1,-1,-1
119,5,518.42,64.22,34.88,106.58,0.8678,-1,-1,-1
119,19,785.67,23.25,28.41,34.45,0.3470,-1,-1,-1
119,21,293.18,36.34,24.22,70.04,1.0000,-1,-1,-1
120,2,563.99,69.71,42.66,112.92,0.8836,-1,-1,-1
120,4,617.59,46.42,27.87,74.13,0.8833,-1,-1,-1
120,5,522.31,62.58,34.89,106.73,0.8739,-1,-1,-1
120,19,785.62,23.18,28.51,34.57,0.3485,-1,-1,-1
120,21,295.14,36.33,24.10,69.69,1.0000,-1,-1,-1
121,2,565.05,68.74,42.67,113.50,0.8810,-1,-1,-1
121,4,617.65,46.26,27.87,74.22,0.8814,-1,-1,-1
121,5,525.31,61.52,34.82,106.97,0.8815,-1,-1,-1
121,19,785.61,23.17,28.54,34.61,0.3512,-1,-1,-1
121,21,297.09,36.32,23.98,69.34,1.0000,-1,-1,-1
122,2,565.56,67.50,42.67,113.86,0.8922,-1,-1,-1
122,4,617.68,46.24,27.84,74.22,0.8819,-1,-1,-1
122,5,528.04,60.85,34.68,107.01,0.8729,-1,-1,-1
122,19,785.63,23.18,28.52,34.58,0.3403,-1,-1,-1
122,21,299.05,36.31,23.86,69.00,1.0000,-1,-1,-1
123,2,566.69,66.25,42.43,113.59,0.8806,-1,-1,-1
123,4,617.64,46.15,27.85,74.37,0.8823,-1,-1,-1
123,5,530.65,60.70,34.45,106.91,0.8623,-1,-1,-1
123,19,785.66,23.25,28.46,34.49,0.3694,-1,-1,-1
124,2,567.49,65.17,42.03,112.80,0.8630,-1,-1,-1
124,4,617.67,46.15,27.81,74.39,0.8810,-1,-1,-1
124,5,532.34,60.35,34.11,106.94,0.8575,-1,-1,-1
124,19,785.65,23.30,28.44,34.44,0.3949,-1,-1,-1
125,2,568.21,63.48,41.66,111.88,0.8390,-1,-1,-1
125,4,617.69,46.17,27.76,74.35,0.8825,-1,-1,-1
125,5,533.84,60.22,33.70,106.74,0.8680,-1,-1,-1
125,19,785.65,23.22,28.51,34.53,0.3831,-1,-1,-1
126,2,570.94,63.44,40.98,111.46,0.8821,-1,-1,-1
126,4,617.80,46.19,27.72,74.38,0.8814,-1,-1,-1
126,5,535.33,60.78,33.06,105.47,0.8740,-1,-1,-1
126,19,785.69,23.20,28.48,34.50,0.3851,-1,-1,-1
127,2,572.62,63.49,40.32,110.83,0.9027,-1,-1,-1
127,4,617.87,46.25,27.68,74.37,0.8796,-1,-1,-1
127,5,536.92,61.25,32.54,104.13,0.8786,-1,-1,-1
127,19,785.69,23.21,28.46,34.46,0.3654,-1,-1,-1
128,2,573.87,63.12,39.79,110.46,0.8949,-1,-1,-1
128,4,617.90,46.28,27.64,74.33,0.8816,-1,-1,-1
128,5,537.95,61.43,32.33,103.78,0.8695,-1,-1,-1
128,19,785.71,23.15,28.48,34.50,0.3854,-1,-1,-1
129,2,575.39,64.17,38.69,107.89,0.9005,-1,-1,-1
129,4,618.04,46.32,27.61,74.32,0.8802,-1,-1,-1
129,5,538.63,61.45,32.08,103.28,0.8708,-1,-1,-1
129,19,785.70,23.09,28.53,34.56,0.3943,-1,-1,-1
129,25,791.48,119.35,60.85,128.67,0.4030,-1,-1,-1
130,2,576.60,64.50,38.25,106.77,0.8967,-1,-1,-1
130,4,618.10,46.35,27.58,74.29,0.8819,-1,-1,-1
130,5,539.27,61.38,32.01,103.27,0.8639,-1,-1,-1
130,19,785.73,23.03,28.53,34.56,0.4045,-1,-1,-1
130,25,789.29,120.00,61.33,128.78,0.4607,-1,-1,-1
131,2,577.79,64.76,38.13,106.12,0.9018,-1,-1,-1
131,4,618.23,46.53,27.47,74.10,0.8705,-1,-1,-1
131,5,540.40,60.79,32.08,103.98,0.8393,-1,-1,-1
131,19,785.73,23.00,28.54,34.60,0.3874,-1,-1,-1
131,25,787.08,118.64,61.67,128.49,0.4542,-1,-1,-1
132,2,578.63,64.75,38.28,106.35,0.8944,-1,-1,-1
132,4,618.41,46.52,27.39,74.01,0.8626,-1,-1,-1
132,5,541.60,60.28,31.76,103.14,0.8246,-1,-1,-1
132,19,785.73,22.99,28.53,34.61,0.3826,-1,-1,-1
132,25,784.08,120.17,61.11,126.10,0.3142,-1,-1,-1
133,2,579.50,64.64,38.34,106.61,0.8902,-1,-1,-1
133,4,618.64,46.63,27.32,73.97,0.8556,-1,-1,-1
133,5,542.90,59.71,31.64,103.03,0.8197,-1,-1,-1
133,19,785.71,22.93,28.57,34.66,0.3880,-1,-1,-1
133,25,780.20,116.52,63.19,129.12,0.3597,-1,-1,-1
134,2,581.05,63.93,38.43,106.40,0.8959,-1,-1,-1
134,4,619.29,46.66,27.13,74.02,0.8586,-1,-1,-1
134,5,544.57,59.34,31.10,101.33,0.8128,-1,-1,-1
134,19,785.69,22.93,28.59,34.70,0.3776,-1,-1,-1
134,25,776.76,113.72,64.41,130.17,0.3909,-1,-1,-1
135,2,582.67,62.80,38.50,106.02,0.8992,-1,-1,-1
135,4,620.09,46.70,26.79,73.90,0.8423,-1,-1,-1
135,5,546.09,58.94,30.76,100.17,0.8143,-1,-1,-1
135,19,785.71,22.90,28.56,34.67,0.3709,-1,-1,-1
135,25,774.43,112.61,64.56,130.47,1.0000,-1,-1,-1
135,26,11.00,125.04,28.72,208.28,0.5309,-1,-1,-1
136,2,584.30,62.14,38.44,105.34,0.9015,-1,-1,-1
136,4,620.81,46.65,26.40,73.80,0.8208,-1,-1,-1
136,5,547.98,58.47,31.18,100.70,0.8619,-1,-1,-1
136,19,785.73,22.90,28.57,34.70,0.3852,-1,-1,-1
136,25,770.79,110.58,65.59,130.69,0.5259,-1,-1,-1
136,26,14.80,127.64,28.96,201.38,0.3652,-1,-1,-1
137,2,585.68,61.90,38.20,103.97,0.8728,-1,-1,-1
137,4,621.10,46.44,26.11,73.90,0.7439,-1,-1,-1
137,5,549.40,57.65,31.38,100.50,0.8779,-1,-1,-1
137,19,785.78,23.00,28.51,34.62,0.4018,-1,-1,-1
137,25,768.84,109.14,66.30,129.57,0.3466,-1,-1,-1
137,26,16.13,136.03,29.04,191.42,0.5217,-1,-1,-1
138,2,586.64,61.09,38.53,104.28,0.8816,-1,-1,-1
138,4,621.24,46.23,26.02,74.64,0.6949,-1,-1,-1
138,5,550.08,57.21,31.67,100.42,0.8860,-1,-1,-1
138,19,785.78,23.00,28.52,34.65,0.3932,-1,-1,-1
138,25,766.54,107.88,66.36,129.67,1.0000,-1,-1,-1
138,26,16.34,144.09,29.49,182.99,0.6642,-1,-1,-1
138,27,846.23,94.85,10.36,92.76,0.4186,-1,-1,-1
139,2,587.69,61.42,38.56,103.72,0.8970,-1,-1,-1
139,4,621.56,46.04,25.74,74.90,0.6494,-1,-1,-1
139,5,550.54,57.56,31.75,99.75,0.8722,-1,-1,-1
139,19,785.83,23.15,28.40,34.48,0.3809,-1,-1,-1
139,25,764.24,106.61,66.41,129.78,1.0000,-1,-1,-1
139,26,15.71,148.90,30.50,177.85,0.7277,-1,-1,-1
139,27,845.99,90.76,10.87,97.98,0.4774,-1,-1,-1
140,2,589.01,61.00,38.66,103.50,0.8832,-1,-1,-1
140,4,622.09,46.42,25.19,74.50,0.5188,-1,-1,-1
140,5,550.95,58.69,31.66,98.16,0.8578,-1,-1,-1
140,19,785.84,23.09,28.48,34.58,0.3935,-1,-1,-1
140,25,761.94,105.35,66.47,129.89,1.0000,-1,-1,-1
140,26,14.64,149.82,32.23,177.06,0.8747,-1,-1,-1
140,27,845.63,90.85,10.93,98.82,0.5247,-1,-1,-1
141,2,590.90,61.81,38.52,102.84,0.8742,-1,-1,-1
141,4,623.05,46.69,24.55,74.26,0.3502,-1,-1,-1
141,5,551.39,58.86,32.16,98.26,0.8488,-1,-1,-1
141,19,785.82,23.06,28.52,34.63,0.3852,-1,-1,-1
141,25,759.64,104.09,66.52,129.99,1.0000,-1,-1,-1
141,26,13.38,149.47,34.18,177.86,0.8386,-1,-1,-1
141,27,844.44,92.77,10.92,97.50,0.5987,-1,-1,-1
142,2,593.08,62.85,38.04,101.60,0.8825,-1,-1,-1
142,4,624.33,46.73,23.87,74.24,0.3802,-1,-1,-1
142,5,552.15,59.99,32.23,96.82,0.8594,-1,-1,-1
142,19,785.79,23.07,28.55,34.65,0.3729,-1,-1,-1
142,25,757.34,102.82,66.57,130.10,1.0000,-1,-1,-1
142,26,12.09,147.49,36.34,179.96,0.8917,-1,-1,-1
142,27,843.15,93.09,11.14,96.94,0.6857,-1,-1,-1
143,2,595.13,63.23,37.70,100.93,0.8802,-1,-1,-1
143,4,624.65,46.76,23.87,74.23,1.0000,-1,-1,-1
143,5,552.73,60.03,32.67,96.67,0.8583,-1,-1,-1
143,19,785.80,23.13,28.49,34.54,0.4054,-1,-1,-1
143,25,755.04,101.56,66.63,130.20,1.0000,-1,-1,-1
143,26,10.81,145.60,38.22,181.10,0.8883,-1,-1,-1
143,27,842.28,94.37,11.36,95.70,0.7186,-1,-1,-1
144,2,596.49,62.99,37.57,101.37,0.8591,-1,-1,-1
144,4,624.98,46.80,23.87,74.23,1.0000,-1,-1,-1
144,5,555.47,60.19,32.50,95.06,0.7995,-1,-1,-1
144,19,785.83,23.18,28.43,34.43,0.4185,-1,-1,-1
144,25,752.74,100.29,66.68,130.31,1.0000,-1,-1,-1
144,26,13.77,143.69,40.11,183.15,0.9116,-1,-1,-1
144,27,841.46,94.95,11.70,94.87,0.7585,-1,-1,-1
145,2,597.35,62.01,37.50,102.09,0.8544,-1,-1,-1
145,4,625.30,46.83,23.87,74.23,1.0000,-1,-1,-1
145,5,557.11,60.64,32.41,93.62,0.7581,-1,-1,-1
145,19,785.85,23.22,28.42,34.39,0.4112,-1,-1,-1
145,25,750.44,99.03,66.74,130.41,1.0000,-1,-1,-1
145,26,16.02,142.19,42.77,184.85,0.9280,-1,-1,-1
145,27,840.91,95.10,12.14,94.65,0.7901,-1,-1,-1
146,2,598.33,62.24,36.63,100.66,0.8391,-1,-1,-1
146,4,625.63,46.86,23.87,74.23,1.0000,-1,-1,-1
146,5,559.24,59.86,32.27,92.95,0.7725,-1,-1,-1
146,19,785.84,23.29,28.39,34.32,0.4199,-1,-1,-1
146,25,748.14,97.77,66.79,130.52,1.0000,-1,-1,-1
146,26,20.21,141.32,46.43,185.98,0.9165,-1,-1,-1
146,27,840.78,95.52,12.50,94.26,0.8215,-1,-1,-1
147,2,598.68,61.16,36.32,100.78,0.8514,-1,-1,-1
147,4,625.95,46.89,23.86,74.23,1.0000,-1,-1,-1
147,5,561.26,58.35,32.44,93.78,0.8460,-1,-1,-1
147,19,785.79,23.36,28.43,34.33,0.4086,-1,-1,-1
147,25,745.84,96.50,66.84,130.63,1.0000,-1,-1,-1
147,26,23.96,140.75,50.51,186.76,0.8900,-1,-1,-1
147,27,840.24,95.69,13.03,94.73,0.8406,-1,-1,-1
148,2,599.21,59.14,36.23,101.47,0.8082,-1,-1,-1
148,4,626.27,46.93,23.86,74.22,1.0000,-1,-1,-1
148,5,563.23,56.85,32.61,94.89,0.8590,-1,-1,-1
148,19,785.75,23.30,28.53,34.42,0.4236,-1,-1,-1
148,25,743.54,95.24,66.90,130.73,1.0000,-1,-1,-1
148,26,26.73,140.41,54.71,187.00,0.8984,-1,-1,-1
148,27,839.40,96.09,13.56,94.41,0.8648,-1,-1,-1
149,2,600.39,59.50,35.12,99.01,0.8313,-1,-1,-1
149,4,626.60,46.96,23.86,74.22,1.0000,-1,-1,-1
149,5,565.39,56.30,32.34,95.03,0.8635,-1,-1,-1
149,19,785.73,23.20,28.61,34.51,0.4340,-1,-1,-1
149,25,741.24,93.98,66.95,130.84,1.0000,-1,-1,-1
149,26,28.74,140.41,58.56,186.99,0.9304,-1,-1,-1
149,27,838.25,96.46,14.30,94.91,0.8747,-1,-1,-1
149,29,622.84,47.23,23.88,74.88,0.4833,-1,-1,-1
150,2,600.88,59.26,34.60,97.99,0.8187,-1,-1,-1
150,4,626.92,46.99,23.86,74.22,1.0000,-1,-1,-1
150,5,567.26,55.92,32.53,96.06,0.8595,-1,-1,-1
150,19,785.70,23.18,28.65,34.54,0.4415,-1,-1,-1
150,25,738.94,92.71,67.01,130.94,1.0000,-1,-1,-1
150,26,30.76,139.35,61.86,187.43,0.9360,-1,-1,-1
150,27,837.12,96.25,15.10,95.30,0.8642,-1,-1,-1
150,29,623.46,47.21,23.93,75.02,0.4761,-1,-1,-1
151,2,601.22,59.28,34.12,97.08,0.8274,-1,-1,-1
151,4,627.24,47.03,23.86,74.22,1.0000,-1,-1,-1
151,5,568.74,55.80,32.44,95.88,0.8856,-1,-1,-1
151,19,785.75,23.25,28.60,34.45,0.4319,-1,-1,-1
151,25,736.64,91.45,67.06,131.05,1.0000,-1,-1,-1
151,26,32.97,138.62,64.31,187.61,0.9211,-1,-1,-1
151,27,835.90,95.95,15.96,95.58,0.8785,-1,-1,-1
151,29,623.99,47.00,24.26,76.01,0.4753,-1,-1,-1
152,2,601.83,59.90,33.45,95.56,0.7802,-1,-1,-1
152,4,627.57,47.06,23.86,74.22,1.0000,-1,-1,-1
152,5,570.08,56.08,31.98,94.47,0.8879,-1,-1,-1
152,19,785.77,23.27,28.62,34.46,0.4168,-1,-1,-1
152,25,734.34,90.19,67.12,131.15,1.0000,-1,-1,-1
152,26,35.79,137.17,65.65,187.27,0.9235,-1,-1,-1
152,27,834.62,95.70,16.95,96.17,0.8834,-1,-1,-1
152,29,624.03,47.07,24.87,77.99,0.4578,-1,-1,-1
153,2,602.42,60.28,33.12,95.09,0.7808,-1,-1,-1
153,4,627.89,47.09,23.86,74.21,1.0000,-1,-1,-1
153,5,571.26,56.41,31.81,93.71,0.8873,-1,-1,-1
153,19,785.77,23.33,28.60,34.41,0.4071,-1,-1,-1
153,25,732.04,88.92,67.17,131.26,1.0000,-1,-1,-1
153,26,39.48,135.83,66.02,186.93,0.9082,-1,-1,-1
153,27,832.53,95.70,18.18,96.68,0.8840,-1,-1,-1
153,29,624.16,46.74,25.12,79.02,0.4864,-1,-1,-1
154,2,603.53,59.85,32.94,94.71,0.7748,-1,-1,-1
154,4,628.21,47.12,23.86,74.21,1.0000,-1,-1,-1
154,5,571.98,56.70,31.76,93.13,0.8814,-1,-1,-1
154,19,785.75,23.34,28.61,34.40,0.4185,-1,-1,-1
154,25,729.74,87.66,67.22,131.37,1.0000,-1,-1,-1
154,26,45.74,134.84,64.68,184.12,0.9126,-1,-1,-1
154,27,830.11,96.12,19.60,96.89,0.8831,-1,-1,-1
154,29,624.48,46.71,25.36,79.77,1.0000,-1,-1,-1
155,2,604.66,59.78,32.69,93.99,0.8049,-1,-1,-1
155,4,628.54,47.16,23.85,74.21,1.0000,-1,-1,-1
155,5,572.96,56.73,31.79,92.79,0.8859,-1,-1,-1
155,19,785.76,23.33,28.61,34.38,0.4295,-1,-1,-1
155,25,727.44,86.39,67.28,131.47,1.0000,-1,-1,-1
155,26,52.86,133.70,63.07,181.94,0.9189,-1,-1,-1
155,27,827.65,96.32,21.19,97.16,0.8939,-1,-1,-1
155,29,624.81,46.68,25.59,80.52,1.0000,-1,-1,-1
156,2,605.60,60.30,32.39,93.09,0.8098,-1,-1,-1
156,4,628.86,47.19,23.85,74.21,1.0000,-1,-1,-1
156,5,574.48,56.79,31.38,91.34,0.8754,-1,-1,-1
156,19,785.76,23.26,28.67,34.43,0.4491,-1,-1,-1
156,25,725.14,85.13,67.33,131.58,1.0000,-1,-1,-1
156,26,59.16,132.91,61.93,179.94,0.9105,-1,-1,-1
156,27,825.78,96.53,22.71,96.90,0.8708,-1,-1,-1
156,29,623.00,43.83,29.18,93.64,0.3362,-1,-1,-1
156,30,8.88,147.74,21.71,168.10,0.6909,-1,-1,-1
157,2,606.42,60.10,32.35,93.11,0.8577,-1,-1,-1
157,4,629.18,47.22,23.85,74.21,1.0000,-1,-1,-1
157,5,575.78,56.43,31.38,91.44,0.8794,-1,-1,-1
157,19,785.77,23.28,28.65,34.38,0.4630,-1,-1,-1
157,25,722.84,83.87,67.39,131.68,1.0000,-1,-1,-1
157,26,65.19,132.19,61.25,178.07,0.9067,-1,-1,-1
157,27,824.26,96.65,24.27,97.11,0.8804,-1,-1,-1
157,29,624.36,44.04,28.59,93.74,0.5161,-1,-1,-1
157,30,10.13,153.44,21.57,161.04,0.7010,-1,-1,-1
158,2,607.57,60.35,32.08,92.41,0.8631,-1,-1,-1
158,4,629.51,47.26,23.85,74.20,1.0000,-1,-1,-1
158,5,577.47,55.87,31.29,91.49,0.8943,-1,-1,-1
158,19,785.77,23.28,28.68,34.39,0.4306,-1,-1,-1
158,25,720.54,82.60,67.44,131.79,1.0000,-1,-1,-1
158,26,71.48,131.57,61.33,176.72,0.9189,-1,-1,-1
158,27,822.89,96.65,25.76,97.53,0.8730,-1,-1,-1
158,29,626.28,44.46,27.50,92.18,0.6247,-1,-1,-1
158,30,10.17,152.25,22.65,162.38,0.7946,-1,-1,-1
159,2,608.65,58.89,32.24,93.20,0.8412,-1,-1,-1
159,4,629.83,47.29,23.85,74.20,1.0000,-1,-1,-1
159,5,579.47,55.08,31.07,91.18,0.8923,-1,-1,-1
159,19,785.77,23.32,28.63,34.31,0.4280,-1,-1,-1
159,25,718.24,81.34,67.49,131.89,1.0000,-1,-1,-1
159,26,79.46,130.92,62.68,176.48,0.8977,-1,-1,-1
159,27,822.13,96.43,27.15,98.15,0.8754,-1,-1,-1
159,29,628.08,45.01,26.32,90.09,0.6349,-1,-1,-1
159,30,8.98,141.47,24.94,172.60,0.7866,-1,-1,-1
160,2,609.50,57.99,32.17,92.65,0.8261,-1,-1,-1
160,4,630.15,47.32,23.85,74.20,1.0000,-1,-1,-1
160,5,581.06,53.94,30.78,90.98,0.9019,-1,-1,-1
160,19,785.72,23.27,28.70,34.37,0.4218,-1,-1,-1
160,25,715.94,80.08,67.55,132.00,1.0000,-1,-1,-1
160,26,85.75,130.43,64.59,176.76,0.7840,-1,-1,-1
160,27,821.52,96.30,28.21,98.31,0.8830,-1,-1,-1
160,29,629.67,45.74,25.24,87.84,0.6267,-1,-1,-1
160,30,8.17,136.90,26.60,177.63,0.8509,-1,-1,-1
161,2,610.34,56.65,32.34,92.77,0.7900,-1,-1,-1
161,4,630.48,47.35,23.85,74.20,1.0000,-1,-1,-1
161,5,582.48,53.15,30.63,91.22,0.8861,-1,-1,-1
161,19,785.70,23.26,28.73,34.39,0.4327,-1,-1,-1
161,25,713.64,78.81,67.60,132.11,1.0000,-1,-1,-1
161,26,89.88,129.77,66.56,177.44,0.8586,-1,-1,-1
161,27,820.70,96.24,29.10,98.41,0.8910,-1,-1,-1
161,29,631.09,46.10,24.54,86.86,0.6848,-1,-1,-1
161,30,7.49,134.51,27.97,180.44,0.8771,-1,-1,-1
162,2,611.74,53.12,33.26,95.97,0.8117,-1,-1,-1
162,4,630.80,47.39,23.85,74.19,1.0000,-1,-1,-1
162,5,583.49,52.55,30.67,91.81,0.8827,-1,-1,-1
162,19,785.67,23.20,28.81,34.47,0.4169,-1,-1,-1
162,25,711.34,77.55,67.66,132.21,1.0000,-1,-1,-1
162,26,91.85,129.70,67.99,177.54,0.8425,-1,-1,-1
162,27,819.58,95.98,29.72,98.48,0.9005,-1,-1,-1
162,29,632.27,45.41,24.29,87.61,0.5988,-1,-1,-1
162,30,7.27,134.16,29.11,180.95,0.9009,-1,-1,-1
163,2,613.09,50.97,33.93,98.23,0.8235,-1,-1,-1
163,4,631.12,47.42,23.85,74.19,1.0000,-1,-1,-1
163,5,584.91,52.17,30.69,92.07,0.8921,-1,-1,-1
163,19,785.66,23.17,28.86,34.53,0.4075,-1,-1,-1
163,25,709.04,76.28,67.71,132.32,1.0000,-1,-1,-1
163,26,91.58,129.36,68.38,177.09,0.8336,-1,-1,-1
163,27,818.89,95.79,30.19,98.78,0.9079,-1,-1,-1
163,29,633.81,45.91,24.00,87.68,0.5745,-1,-1,-1
163,30,8.67,132.75,30.70,181.51,0.9280,-1,-1,-1
164,2,614.21,50.37,34.00,98.93,0.8394,-1,-1,-1
164,4,631.45,47.45,23.84,74.19,1.0000,-1,-1,-1
164,5,585.98,52.16,30.54,91.92,0.8903,-1,-1,-1
164,19,785.68,23.21,28.87,34.55,0.4186,-1,-1,-1
164,25,706.73,75.02,67.76,132.42,1.0000,-1,-1,-1
164,26,93.12,128.59,68.66,176.59,0.8785,-1,-1,-1
164,27,818.35,95.65,30.54,99.05,0.9038,-1,-1,-1
164,29,635.69,46.28,23.64,86.87,0.7023,-1,-1,-1
164,30,10.82,131.55,32.66,181.38,0.9292,-1,-1,-1
165,2,614.89,48.88,34.37,100.47,0.8709,-1,-1,-1
165,4,631.77,47.49,23.84,74.19,1.0000,-1,-1,-1
165,5,586.63,52.43,30.39,91.63,0.8844,-1,-1,-1
165,19,785.68,23.17,28.91,34.59,0.4058,-1,-1,-1
165,25,704.43,73.76,67.82,132.53,1.0000,-1,-1,-1
165,26,95.88,127.84,68.57,175.09,0.8895,-1,-1,-1
165,27,817.77,95.82,30.73,99.22,0.8999,-1,-1,-1
165,29,637.42,46.30,23.63,86.82,0.7619,-1,-1,-1
165,30,12.64,130.66,35.08,181.69,0.9225,-1,-1,-1
166,2,616.08,47.66,34.20,100.44,0.8697,-1,-1,-1
166,4,632.09,47.52,23.84,74.19,1.0000,-1,-1,-1
166,5,587.33,53.02,30.14,90.57,0.8870,-1,-1,-1
166,19,785.69,23.14,28.91,34.60,0.4347,-1,-1,-1
166,25,702.13,72.49,67.87,132.63,1.0000,-1,-1,-1
166,26,98.66,126.76,67.93,172.99,0.9013,-1,-1,-1
166,27,816.70,95.30,31.08,100.29,0.8883,-1,-1,-1
166,29,638.75,45.69,23.91,87.10,0.7925,-1,-1,-1
166,30,13.28,129.78,37.51,181.77,0.9180,-1,-1,-1
167,2,617.09,46.89,34.06,100.38,0.8574,-1,-1,-1
167,4,632.42,47.55,23.84,74.18,1.0000,-1,-1,-1
167,5,588.31,54.56,29.77,88.70,0.8746,-1,-1,-1
167,19,785.66,23.12,28.93,34.62,0.4258,-1,-1,-1
167,25,699.83,71.23,67.93,132.74,1.0000,-1,-1,-1
167,26,100.52,125.35,67.02,170.60,0.8983,-1,-1,-1
167,27,815.84,95.29,31.27,100.72,0.8764,-1,-1,-1
167,29,639.87,44.72,24.44,88.09,0.8183,-1,-1,-1
167,30,13.78,128.82,40.13,182.32,0.9190,-1,-1,-1
168,2,618.58,48.76,34.06,100.83,0.7945,-1,-1,-1
168,4,632.74,47.58,23.84,74.18,1.0000,-1,-1,-1
168,5,589.70,54.42,30.08,88.42,0.8629,-1,-1,-1
168,19,785.68,23.22,28.84,34.50,0.4125,-1,-1,-1
168,26,105.38,123.05,66.52,170.57,0.9065,-1,-1,-1
168,27,812.34,95.74,31.83,101.90,0.8697,-1,-1,-1
168,29,640.81,44.23,25.05,88.41,0.7948,-1,-1,-1
168,30,17.57,127.65,42.80,183.42,0.9412,-1,-1,-1
169,2,619.66,49.76,33.82,100.51,0.6910,-1,-1,-1
169,4,633.06,47.62,23.84,74.18,1.0000,-1,-1,-1
169,5,591.55,54.47,30.31,87.88,0.8546,-1,-1,-1
169,19,785.68,23.25,28.83,34.48,0.4129,-1,-1,-1
169,26,110.26,121.88,65.72,170.84,0.9174,-1,-1,-1
169,27,809.41,96.22,32.28,102.25,0.8717,-1,-1,-1
169,29,641.25,43.85,25.82,89.00,0.7330,-1,-1,-1
169,30,20.69,127.06,44.82,182.89,0.9354,-1,-1,-1
170,2,620.98,49.95,33.06,98.53,0.6990,-1,-1,-1
170,4,633.39,47.65,23.84,74.18,1.0000,-1,-1,-1
170,5,593.17,54.27,30.43,87.17,0.8226,-1,-1,-1
170,19,785.70,23.27,28.79,34.44,0.4078,-1,-1,-1
170,26,113.71,120.61,65.18,171.40,0.9340,-1,-1,-1
170,27,807.19,96.37,32.56,101.95,0.8955,-1,-1,-1
170,29,641.75,43.77,26.45,89.35,0.7278,-1,-1,-1
170,30,23.13,125.88,46.38,182.30,0.9391,-1,-1,-1
171,2,624.29,51.47,29.75,88.24,0.7680,-1,-1,-1
171,4,633.71,47.68,23.84,74.18,1.0000,-1,-1,-1
171,5,594.61,53.40,30.83,87.51,0.8184,-1,-1,-1
171,19,785.64,23.03,28.98,34.70,0.3924,-1,-1,-1
171,26,115.88,119.86,65.50,172.70,0.9412,-1,-1,-1
171,27,805.64,96.45,32.96,102.14,0.8936,-1,-1,-1
171,29,643.14,44.05,26.51,88.37,0.7577,-1,-1,-1
171,30,25.31,124.15,47.72,181.25,0.9275,-1,-1,-1
172,2,625.93,52.82,28.33,83.51,0.7730,-1,-1,-1
172,4,634.03,47.71,23.83,74.17,1.0000,-1,-1,-1
172,5,595.88,51.87,31.07,88.17,0.8267,-1,-1,-1
172,19,785.61,22.88,29.07,34.83,0.3842,-1,-1,-1
172,26,117.75,119.94,65.60,173.16,0.9463,-1,-1,-1
172,27,804.56,96.32,33.32,102.63,0.8925,-1,-1,-1
172,29,643.86,44.23,26.67,87.84,0.6391,-1,-1,-1
172,30,28.67,122.40,48.78,179.37,0.9178,-1,-1,-1
172,32,730.38,101.14,37.33,94.83,0.4592,-1,-1,-1
173,2,626.56,52.96,28.28,83.02,0.7965,-1,-1,-1
173,5,597.26,51.05,31.11,88.78,0.8518,-1,-1,-1
173,19,785.60,22.83,29.08,34.89,0.3805,-1,-1,-1
173,26,120.36,120.35,65.77,173.28,0.9372,-1,-1,-1
173,27,803.91,96.42,33.20,101.77,0.8975,-1,-1,-1
173,29,644.29,44.84,26.60,86.82,0.6612,-1,-1,-1
173,30,32.86,120.58,49.33,175.77,0.9212,-1,-1,-1
173,32,730.05,100.38,37.29,94.71,0.6637,-1,-1,-1
174,2,626.65,52.44,29.11,85.23,0.8314,-1,-1,-1
174,5,598.87,50.36,30.93,89.08,0.8653,-1,-1,-1
174,19,785.59,22.80,29.09,34.94,0.3768,-1,-1,-1
174,26,124.59,119.98,66.57,173.52,0.9105,-1,-1,-1
174,27,802.76,95.72,33.39,102.38,0.9015,-1,-1,-1
174,29,644.85,45.07,26.51,86.10,0.5814,-1,-1,-1
174,30,37.11,119.49,49.75,171.42,0.9376,-1,-1,-1
174,32,730.26,100.02,36.46,92.60,0.7916,-1,-1,-1
175,2,626.90,51.87,29.53,86.29,0.7393,-1,-1,-1
175,5,600.70,48.83,31.24,90.48,0.7908,-1,-1,-1
175,19,785.68,23.10,28.87,34.66,0.4076,-1,-1,-1
175,26,128.89,119.73,67.72,173.69,0.9103,-1,-1,-1
175,27,800.84,95.34,33.73,103.25,0.8989,-1,-1,-1
175,29,644.86,44.86,26.80,86.45,0.6810,-1,-1,-1
175,30,40.09,118.19,50.64,169.60,0.9444,-1,-1,-1
175,32,730.62,99.55,36.03,91.58,0.8232,-1,-1,-1
176,2,627.06,50.91,30.33,88.66,0.6697,-1,-1,-1
176,5,602.38,46.96,31.95,92.83,0.7603,-1,-1,-1
176,19,785.66,23.11,28.88,34.68,0.3666,-1,-1,-1
176,26,131.37,118.84,68.46,174.28,0.9126,-1,-1,-1
176,27,798.85,94.88,34.19,104.52,0.9082,-1,-1,-1
176,29,645.37,45.09,26.79,86.44,0.6678,-1,-1,-1
176,30,42.53,117.26,51.70,169.12,0.9435,-1,-1,-1
176,32,730.78,99.27,35.64,90.73,0.8352,-1,-1,-1
177,2,628.28,50.87,30.65,90.32,0.7764,-1,-1,-1
177,5,603.47,46.18,32.20,93.52,0.8244,-1,-1,-1
177,19,785.67,23.17,28.85,34.65,0.3706,-1,-1,-1
177,26,134.36,117.78,68.62,174.63,0.9324,-1,-1,-1
177,27,796.70,94.74,34.34,104.62,0.9031,-1,-1,-1
177,29,646.54,45.03,26.62,86.85,0.5358,-1,-1,-1
177,30,45.26,116.64,52.92,168.92,0.9320,-1,-1,-1
177,32,730.74,99.00,35.07,89.37,0.8367,-1,-1,-1
178,2,629.26,51.43,30.33,89.60,0.7854,-1,-1,-1
178,5,604.25,45.59,32.24,93.73,0.8572,-1,-1,-1
178,19,785.68,23.20,28.84,34.65,0.3633,-1,-1,-1
178,26,138.73,116.66,68.08,173.92,0.9403,-1,-1,-1
178,27,794.34,94.77,34.40,103.90,0.9200,-1,-1,-1
178,29,647.89,44.77,26.25,87.03,0.5092,-1,-1,-1
178,30,50.51,116.45,54.52,168.31,0.9295,-1,-1,-1
178,32,730.46,98.73,34.74,88.51,0.8422,-1,-1,-1
179,2,629.99,52.59,30.04,88.27,0.8069,-1,-1,-1
179,5,604.94,45.47,32.03,93.39,0.8766,-1,-1,-1
179,19,785.62,23.50,28.37,34.04,0.3748,-1,-1,-1
179,26,144.04,115.62,66.60,171.48,0.9271,-1,-1,-1
179,27,791.79,95.25,34.67,103.29,0.9128,-1,-1,-1
179,29,649.26,44.46,25.53,86.05,0.4321,-1,-1,-1
179,30,56.19,116.05,56.53,168.13,0.9188,-1,-1,-1
179,32,730.45,97.50,34.67,88.31,0.8368,-1,-1,-1
180,2,630.79,54.05,29.71,86.71,0.7787,-1,-1,-1
180,5,605.53,45.44,31.74,93.02,0.8860,-1,-1,-1
180,19,785.51,23.50,28.32,33.97,0.3490,-1,-1,-1
180,26,151.54,114.15,64.38,168.26,0.9193,-1,-1,-1
180,27,787.38,95.66,35.61,103.34,0.9162,-1,-1,-1
180,29,650.41,43.73,25.04,85.40,0.6510,-1,-1,-1
180,30,59.84,116.08,58.22,168.20,0.9360,-1,-1,-1
180,32,730.55,95.94,34.71,88.37,0.8614,-1,-1,-1
181,2,632.91,54.60,29.10,84.78,0.6866,-1,-1,-1
181,5,605.95,45.03,31.51,92.90,0.8852,-1,-1,-1
181,19,785.44,23.36,28.38,34.07,0.3537,-1,-1,-1
181,26,159.21,112.75,61.90,165.42,0.9010,-1,-1,-1
181,27,782.73,95.96,36.76,103.40,0.9173,-1,-1,-1
181,29,651.22,42.89,24.78,85.52,0.6884,-1,-1,-1
181,30,61.87,115.33,59.51,168.27,0.9316,-1,-1,-1
181,32,731.10,94.59,34.53,87.93,0.8610,-1,-1,-1
182,2,635.26,52.59,29.38,86.06,0.7084,-1,-1,-1
182,5,606.61,44.59,31.18,92.74,0.8957,-1,-1,-1
182,19,785.50,23.09,28.85,34.67,0.3760,-1,-1,-1
182,26,165.12,112.19,60.07,164.09,0.9014,-1,-1,-1
182,27,779.26,96.26,37.83,103.41,0.8949,-1,-1,-1
182,29,652.39,42.70,24.42,85.49,0.5838,-1,-1,-1
182,30,63.60,114.56,60.30,167.73,0.9230,-1,-1,-1
182,32,731.91,93.94,33.73,85.69,0.8554,-1,-1,-1
183,2,637.01,53.22,29.04,85.30,0.7177,-1,-1,-1
183,5,607.37,44.37,30.94,92.97,0.9006,-1,-1,-1
183,19,785.52,22.96,29.04,34.93,0.3634,-1,-1,-1
183,26,170.16,111.33,58.71,162.90,0.9229,-1,-1,-1
183,27,776.66,96.56,38.55,103.45,0.9049,-1,-1,-1
183,29,653.50,42.66,23.75,84.40,0.5100,-1,-1,-1
183,30,65.40,113.34,60.56,166.98,0.9301,-1,-1,-1
183,32,732.91,93.78,33.17,83.97,0.8562,-1,-1,-1
184,2,637.20,52.50,29.80,86.38,0.7494,-1,-1,-1
184,5,608.06,44.24,30.33,92.01,0.8904,-1,-1,-1
184,19,785.53,22.93,29.08,35.01,0.3446,-1,-1,-1
184,26,175.49,110.85,58.21,162.55,0.9010,-1,-1,-1
184,27,774.68,96.48,39.03,103.67,0.8914,-1,-1,-1
184,29,654.96,42.84,22.97,83.22,0.5378,-1,-1,-1
184,30,68.10,112.15,60.24,165.77,0.9263,-1,-1,-1
184,32,734.10,93.48,32.55,81.96,0.8490,-1,-1,-1
185,2,638.54,52.42,30.05,86.21,0.7758,-1,-1,-1
185,5,608.86,44.18,29.60,90.55,0.8862,-1,-1,-1
185,19,785.39,23.00,28.73,34.60,0.3300,-1,-1,-1
185,26,180.38,110.97,58.12,161.97,0.8813,-1,-1,-1
185,27,773.43,96.10,39.44,104.24,0.8947,-1,-1,-1
185,29,656.45,43.00,22.37,82.68,0.4057,-1,-1,-1
185,30,72.22,110.94,59.30,163.35,0.9370,-1,-1,-1
185,32,734.46,93.06,33.07,83.24,0.8411,-1,-1,-1
186,2,639.85,51.43,30.51,86.71,0.7843,-1,-1,-1
186,5,609.63,43.84,29.02,89.43,0.8885,-1,-1,-1
186,19,785.35,23.01,28.60,34.45,0.3355,-1,-1,-1
186,26,181.78,111.17,57.58,161.83,0.8047,-1,-1,-1
186,27,772.35,95.75,39.68,104.75,0.8889,-1,-1,-1
186,29,657.43,42.88,22.28,82.35,1.0000,-1,-1,-1
186,30,77.22,109.66,58.68,162.02,0.9351,-1,-1,-1
186,32,736.17,92.85,31.17,77.71,0.8251,-1,-1,-1
187,2,641.16,51.73,30.52,86.18,0.8203,-1,-1,-1
187,5,610.37,43.62,28.71,88.89,0.8907,-1,-1,-1
187,19,785.35,22.98,28.57,34.42,0.3329,-1,-1,-1
187,26,184.42,110.97,57.51,162.27,0.8517,-1,-1,-1
187,27,770.95,95.54,39.82,105.33,0.8866,-1,-1,-1
187,29,658.40,42.77,22.19,82.03,1.0000,-1,-1,-1
187,30,81.65,108.34,58.47,161.45,0.9358,-1,-1,-1
187,32,737.16,92.31,30.42,75.12,0.8368,-1,-1,-1
188,2,643.11,51.13,30.74,86.90,0.8191,-1,-1,-1
188,5,610.84,43.40,28.73,89.12,0.8874,-1,-1,-1
188,19,785.34,22.96,28.59,34.44,0.3299,-1,-1,-1
188,26,187.84,110.35,57.91,162.16,0.8857,-1,-1,-1
188,27,769.88,95.13,39.97,106.18,0.9030,-1,-1,-1
188,29,659.37,42.65,22.10,81.70,1.0000,-1,-1,-1
188,30,85.43,107.79,58.50,161.16,0.9267,-1,-1,-1
188,32,737.36,91.81,30.99,75.89,0.8313,-1,-1,-1
189,2,644.65,50.06,31.15,88.33,0.7928,-1,-1,-1
189,5,611.05,43.34,28.90,89.55,0.9048,-1,-1,-1
189,19,785.39,23.03,28.53,34.36,0.3221,-1,-1,-1
189,26,189.53,109.46,58.41,162.56,0.9078,-1,-1,-1
189,27,769.34,94.70,39.92,106.74,0.9182,-1,-1,-1
189,29,660.34,42.54,22.01,81.37,1.0000,-1,-1,-1
189,30,88.84,106.99,58.73,161.62,0.9196,-1,-1,-1
189,32,737.77,91.43,31.72,77.23,0.8031,-1,-1,-1
190,2,645.97,49.35,30.96,87.97,0.7836,-1,-1,-1
190,5,611.27,43.36,29.01,89.52,0.9040,-1,-1,-1
190,19,785.49,22.88,28.91,34.85,0.3397,-1,-1,-1
190,26,190.71,108.62,58.80,162.87,0.9197,-1,-1,-1
190,27,767.95,94.72,39.94,107.22,0.8893,-1,-1,-1
190,29,661.31,42.42,21.93,81.04,1.0000,-1,-1,-1
190,30,93.06,106.14,58.99,162.10,0.9192,-1,-1,-1
190,32,737.85,91.27,32.96,80.10,0.7370,-1,-1,-1
191,2,647.48,49.71,30.06,85.26,0.8036,-1,-1,-1
191,5,611.93,43.47,29.05,88.96,0.9049,-1,-1,-1
191,19,785.55,22.84,29.00,34.98,0.3531,-1,-1,-1
191,26,192.77,107.54,58.81,162.22,0.9233,-1,-1,-1
191,27,766.49,94.45,39.85,107.58,0.8796,-1,-1,-1
191,29,662.28,42.30,21.84,80.71,1.0000,-1,-1,-1
191,30,96.95,105.82,59.28,162.49,0.9405,-1,-1,-1
191,32,738.74,90.82,31.84,77.07,0.6521,-1,-1,-1
192,2,648.66,51.26,29.82,84.25,0.8413,-1,-1,-1
192,5,612.90,44.01,29.19,88.02,0.8797,-1,-1,-1
192,19,785.55,22.83,29.04,35.03,0.3532,-1,-1,-1
192,26,197.79,105.91,57.17,157.04,0.9101,-1,-1,-1
192,27,763.36,95.11,39.49,106.63,0.8707,-1,-1,-1
192,29,663.26,42.19,21.75,80.38,1.0000,-1,-1,-1
192,30,102.44,105.35,59.52,162.75,0.9448,-1,-1,-1
192,32,740.14,90.26,30.24,74.17,0.6397,-1,-1,-1
193,2,649.82,51.83,29.71,83.58,0.8468,-1,-1,-1
193,5,613.88,44.30,29.49,87.33,0.8662,-1,-1,-1
193,19,785.43,22.75,29.15,35.17,0.3414,-1,-1,-1
193,26,201.95,104.56,56.57,155.18,0.9200,-1,-1,-1
193,27,759.58,95.65,40.04,107.72,0.8705,-1,-1,-1
193,29,664.23,42.07,21.66,80.06,1.0000,-1,-1,-1
193,30,106.49,105.17,59.60,162.34,0.9268,-1,-1,-1
193,32,740.04,89.71,31.05,77.52,0.6465,-1,-1,-1
194,2,650.52,52.16,29.76,83.44,0.8473,-1,-1,-1
194,5,615.22,44.90,29.66,86.42,0.8201,-1,-1,-1
194,19,785.43,22.76,29.12,35.14,0.3567,-1,-1,-1
194,26,206.23,103.37,56.21,154.94,0.9105,-1,-1,-1
194,27,756.51,95.61,40.29,108.08,0.8505,-1,-1,-1
194,29,665.20,41.96,21.57,79.73,1.0000,-1,-1,-1
194,30,109.65,104.76,59.25,161.40,0.9286,-1,-1,-1
194,32,740.85,90.14,30.58,77.46,0.3232,-1,-1,-1
195,2,651.09,51.76,29.88,83.67,0.8590,-1,-1,-1
195,5,618.95,45.80,29.16,84.70,0.7207,-1,-1,-1
195,19,785.42,22.77,29.13,35.15,0.3507,-1,-1,-1
195,26,210.03,102.77,56.01,155.40,0.9213,-1,-1,-1
195,27,753.95,95.52,40.60,108.44,0.8023,-1,-1,-1
195,29,666.17,41.84,21.48,79.40,1.0000,-1,-1,-1
195,30,113.35,103.22,58.89,159.97,0.9258,-1,-1,-1
195,32,741.39,89.75,30.42,77.05,1.0000,-1,-1,-1
196,2,652.13,51.36,29.65,83.13,0.8447,-1,-1,-1
196,5,622.47,47.03,28.16,82.70,0.7445,-1,-1,-1
196,19,785.40,22.76,29.14,35.16,0.3335,-1,-1,-1
196,26,211.96,102.50,56.18,155.81,0.9393,-1,-1,-1
196,27,751.92,95.38,40.85,108.70,0.7956,-1,-1,-1
196,29,667.14,41.72,21.39,79.07,1.0000,-1,-1,-1
196,30,116.91,102.00,58.49,159.02,0.9365,-1,-1,-1
196,32,741.93,89.37,30.26,76.64,1.0000,-1,-1,-1
197,2,653.09,51.23,29.69,83.65,0.8391,-1,-1,-1
197,5,623.85,47.37,27.74,81.97,0.6974,-1,-1,-1
197,19,785.42,22.80,29.08,35.08,0.3304,-1,-1,-1
197,26,213.30,102.15,56.64,156.39,0.9417,-1,-1,-1
197,27,748.93,94.21,41.73,110.36,0.7787,-1,-1,-1
197,29,668.11,41.61,21.30,78.74,1.0000,-1,-1,-1
197,30,120.18,100.90,57.70,156.90,0.9303,-1,-1,-1
197,32,742.47,88.98,30.09,76.23,1.0000,-1,-1,-1
198,2,654.05,50.46,29.62,83.75,0.8474,-1,-1,-1
198,5,624.77,47.20,27.59,81.77,0.7501,-1,-1,-1
198,19,785.52,22.81,28.95,34.92,0.3409,-1,-1,-1
198,26,214.77,101.86,57.14,156.82,0.9315,-1,-1,-1
198,27,745.70,85.07,45.18,119.98,0.7840,-1,-1,-1
198,29,669.09,41.49,21.21,78.42,1.0000,-1,-1,-1
198,30,122.77,99.57,57.38,156.15,0.9284,-1,-1,-1
198,32,743.01,88.60,29.93,75.81,1.0000,-1,-1,-1
198,34,610.81,44.31,23.90,80.89,0.3910,-1,-1,-1
199,2,654.51,48.46,30.12,85.68,0.8249,-1,-1,-1
199,5,626.29,46.68,27.44,82.00,0.7923,-1,-1,-1
199,19,785.60,22.85,28.83,34.75,0.3558,-1,-1,-1
199,26,216.68,102.08,57.55,156.66,0.9198,-1,-1,-1
199,27,745.45,87.89,43.72,116.40,0.7653,-1,-1,-1
199,29,670.06,41.37,21.13,78.09,1.0000,-1,-1,-1
199,30,125.11,98.71,57.08,155.30,0.9292,-1,-1,-1
199,32,743.55,88.21,29.77,75.40,1.0000,-1,-1,-1
199,34,611.32,44.20,23.40,79.14,0.5670,-1,-1,-1
200,2,655.14,46.77,30.61,87.44,0.8419,-1,-1,-1
200,5,627.84,46.18,27.23,82.27,0.7749,-1,-1,-1
200,19,785.63,22.90,28.73,34.60,0.3094,-1,-1,-1
200,26,218.96,101.94,58.20,156.83,0.9220,-1,-1,-1
200,27,744.50,88.89,43.06,115.53,0.8454,-1,-1,-1
200,29,671.03,41.26,21.04,77.76,1.0000,-1,-1,-1
200,30,127.76,98.57,56.48,153.47,0.9276,-1,-1,-1
200,32,744.09,87.83,29.60,74.99,1.0000,-1,-1,-1
200,34,611.45,43.78,23.22,78.31,0.5670,-1,-1,-1
201,2,655.58,46.19,30.65,87.94,0.8558,-1,-1,-1
201,5,629.28,46.03,26.85,81.98,0.7857,-1,-1,-1
201,19,785.69,23.04,28.60,34.41,0.3303,-1,-1,-1
201,26,221.29,101.57,58.69,156.94,0.9292,-1,-1,-1
201,27,743.02,87.87,42.95,116.17,0.8204,-1,-1,-1
201,29,672.00,41.14,20.95,77.43,1.0000,-1,-1,-1
201,30,131.11,97.74,56.43,153.19,0.9171,-1,-1,-1
201,32,744.63,87.44,29.44,74.58,1.0000,-1,-1,-1
201,34,611.77,43.74,23.28,78.18,0.5756,-1,-1,-1
202,2,656.12,45.77,30.56,87.82,0.8597,-1,-1,-1
202,5,630.41,46.48,26.53,81.45,0.8159,-1,-1,-1
202,19,785.70,23.10,28.56,34.33,0.3082,-1,-1,-1
202,26,224.12,101.30,58.85,156.33,0.9323,-1,-1,-1
202,27,742.07,86.18,43.90,118.73,0.8172,-1,-1,-1
202,29,672.97,41.03,20.86,77.10,1.0000,-1,-1,-1
202,30,136.24,97.13,57.35,153.70,0.9098,-1,-1,-1
202,32,745.16,87.06,29.28,74.16,1.0000,-1,-1,-1
202,34,612.19,43.82,22.73,75.75,0.5616,-1,-1,-1
203,2,657.15,47.71,29.70,85.37,0.8618,-1,-1,-1
203,5,631.40,46.64,26.38,81.27,0.8286,-1,-1,-1
203,19,785.75,23.24,28.41,34.10,0.3060,-1,-1,-1
203,26,227.89,100.63,58.79,155.35,0.9392,-1,-1,-1
203,27,738.76,86.49,44.34,118.96,0.7726,-1,-1,-1
203,29,673.94,40.91,20.77,76.77,1.0000,-1,-1,-1
203,30,141.50,96.91,58.29,153.76,0.9232,-1,-1,-1
203,32,745.70,86.67,29.12,73.75,1.0000,-1,-1,-1
203,34,611.88,43.96,22.72,74.89,0.5667,-1,-1,-1
204,2,658.00,48.99,29.18,83.62,0.8598,-1,-1,-1
204,5,632.23,47.11,26.15,80.79,0.8653,-1,-1,-1
204,19,785.75,23.28,28.36,34.00,0.3509,-1,-1,-1
204,26,232.27,99.92,58.26,153.36,0.9403,-1,-1,-1
204,27,734.07,88.56,44.51,116.93,0.8350,-1,-1,-1
204,29,674.92,40.79,20.68,76.45,1.0000,-1,-1,-1
204,30,145.70,96.61,59.09,153.76,0.9213,-1,-1,-1
204,32,746.24,86.29,28.95,73.34,1.0000,-1,-1,-1
204,34,611.17,43.31,22.82,74.18,0.7012,-1,-1,-1
205,2,658.88,48.42,29.29,83.76,0.8579,-1,-1,-1
205,5,632.79,47.36,26.00,80.52,0.8780,-1,-1,-1
205,19,785.71,23.34,28.38,33.98,0.3387,-1,-1,-1
205,26,237.43,98.04,57.35,151.27,0.9251,-1,-1,-1
205,27,728.53,92.45,43.94,112.81,0.8842,-1,-1,-1
205,29,675.89,40.68,20.59,76.12,1.0000,-1,-1,-1
205,30,148.29,96.58,59.50,153.40,0.9281,-1,-1,-1
205,32,746.78,85.90,28.79,72.93,1.0000,-1,-1,-1
205,34,610.34,43.07,23.07,73.94,0.6279,-1,-1,-1
206,2,659.56,48.23,29.41,83.66,0.8709,-1,-1,-1
206,5,633.28,47.33,25.97,80.57,0.8629,-1,-1,-1
206,19,785.67,23.29,28.40,33.99,0.3346,-1,-1,-1
206,26,242.74,96.22,56.30,149.64,0.9193,-1,-1,-1
206,27,724.61,94.18,44.19,111.10,0.8847,-1,-1,-1
206,29,676.86,40.56,20.50,75.79,1.0000,-1,-1,-1
206,30,150.04,96.30,59.67,153.02,0.9328,-1,-1,-1
206,32,747.32,85.52,28.63,72.51,1.0000,-1,-1,-1
206,34,609.64,42.96,23.47,74.03,0.6377,-1,-1,-1
207,2,659.95,46.71,30.03,85.01,0.8690,-1,-1,-1
207,5,634.27,47.20,25.77,80.12,0.8358,-1,-1,-1
207,19,785.69,23.31,28.35,33.93,1.0000,-1,-1,-1
207,26,247.46,95.04,55.59,148.85,0.9139,-1,-1,-1
207,27,722.17,94.68,44.67,110.88,0.9011,-1,-1,-1
207,29,677.83,40.44,20.41,75.46,1.0000,-1,-1,-1
207,30,151.89,96.13,59.25,151.84,0.9271,-1,-1,-1
207,32,747.86,85.13,28.46,72.10,1.0000,-1,-1,-1
207,34,608.75,42.79,23.66,73.36,0.5602,-1,-1,-1
208,2,660.25,46.07,30.44,85.58,0.8609,-1,-1,-1
208,5,635.21,47.24,25.74,80.25,0.8538,-1,-1,-1
208,19,785.70,23.34,28.30,33.87,1.0000,-1,-1,-1
208,26,251.15,94.64,54.58,147.34,0.9152,-1,-1,-1
208,27,720.20,94.67,45.18,111.24,0.9051,-1,-1,-1
208,29,678.80,40.33,20.33,75.13,1.0000,-1,-1,-1
208,30,154.14,95.44,58.29,150.11,0.9263,-1,-1,-1
208,32,748.40,84.75,28.30,71.69,1.0000,-1,-1,-1
208,34,608.02,42.71,24.01,73.42,0.6331,-1,-1,-1
209,2,661.43,46.55,30.30,84.99,0.8728,-1,-1,-1
209,5,636.33,47.05,25.29,79.12,0.8765,-1,-1,-1
209,19,785.72,23.37,28.25,33.82,1.0000,-1,-1,-1
209,26,254.41,94.44,54.12,146.63,0.9131,-1,-1,-1
209,27,719.18,94.46,45.48,111.40,0.9056,-1,-1,-1
209,29,679.78,40.21,20.24,74.81,1.0000,-1,-1,-1
209,30,157.92,94.22,57.38,149.00,0.9340,-1,-1,-1
209,32,748.94,84.36,28.14,71.27,1.0000,-1,-1,-1
209,34,607.46,42.63,24.43,73.81,0.7106,-1,-1,-1
210,2,662.48,47.03,30.11,83.88,0.8624,-1,-1,-1
210,5,637.66,46.73,24.84,78.19,0.8731,-1,-1,-1
210,19,785.73,23.40,28.21,33.76,1.0000,-1,-1,-1
210,26,258.54,94.23,54.30,146.57,0.8988,-1,-1,-1
210,27,716.98,93.95,45.58,112.16,0.8934,-1,-1,-1
210,29,680.75,40.10,20.15,74.48,1.0000,-1,-1,-1
210,30,162.77,93.24,56.53,148.12,0.9286,-1,-1,-1
210,32,762.77,81.20,29.72,74.11,0.3847,-1,-1,-1
210,34,607.09,42.62,24.73,73.89,0.7717,-1,-1,-1
211,2,663.52,46.19,30.39,84.16,0.8862,-1,-1,-1
211,5,638.67,46.01,24.78,78.48,0.8667,-1,-1,-1
211,19,785.75,23.43,28.16,33.70,1.0000,-1,-1,-1
211,26,263.32,94.60,54.67,146.20,0.8700,-1,-1,-1
211,27,714.97,93.45,45.23,112.51,0.8765,-1,-1,-1
211,29,681.72,39.98,20.06,74.15,1.0000,-1,-1,-1
211,30,166.90,92.13,56.02,147.74,0.9250,-1,-1,-1
211,32,762.91,81.01,30.07,74.82,0.5633,-1,-1,-1
211,34,606.64,42.59,24.96,73.87,0.7174,-1,-1,-1
212,2,664.63,46.13,30.40,83.84,0.8850,-1,-1,-1
212,5,639.69,45.49,24.83,79.31,0.8593,-1,-1,-1
212,19,785.77,23.45,28.11,33.64,1.0000,-1,-1,-1
212,26,266.23,94.54,55.18,146.12,0.8828,-1,-1,-1
212,27,714.19,92.61,44.82,113.35,0.8523,-1,-1,-1
212,29,682.69,39.86,19.97,73.82,1.0000,-1,-1,-1
212,30,170.62,90.97,55.92,148.30,0.9265,-1,-1,-1
212,32,763.59,81.50,29.52,73.91,0.4938,-1,-1,-1
212,34,606.51,42.53,25.23,73.94,0.7951,-1,-1,-1
212,38,99.09,53.23,30.85,86.15,0.3897,-1,-1,-1
213,2,665.76,46.38,30.40,83.54,0.8847,-1,-1,-1
213,5,640.58,45.04,24.71,79.38,0.8745,-1,-1,-1
213,19,785.53,23.13,28.57,34.17,0.3201,-1,-1,-1
213,26,267.64,94.10,55.82,146.41,0.9083,-1,-1,-1
213,27,713.87,92.41,44.30,113.94,0.8601,-1,-1,-1
213,29,683.66,39.75,19.88,73.49,1.0000,-1,-1,-1
213,30,174.12,90.22,56.12,148.90,0.9223,-1,-1,-1
213,32,764.50,82.00,28.59,72.55,0.4432,-1,-1,-1
213,34,606.09,42.33,25.51,74.22,0.8239,-1,-1,-1
213,38,100.18,52.46,30.99,86.54,1.0000,-1,-1,-1
214,2,666.92,45.65,30.88,84.51,0.8963,-1,-1,-1
214,5,640.99,45.11,24.63,79.17,0.8752,-1,-1,-1
214,19,785.52,23.13,28.57,34.16,1.0000,-1,-1,-1
214,26,267.74,93.64,56.27,146.56,0.9149,-1,-1,-1
214,27,711.75,92.38,44.02,114.50,0.8598,-1,-1,-1
214,29,684.63,39.63,19.79,73.16,1.0000,-1,-1,-1
214,30,178.18,89.68,56.25,149.13,0.9152,-1,-1,-1
214,32,765.63,82.07,28.10,71.96,0.5984,-1,-1,-1
214,34,605.83,42.40,25.66,74.14,0.8236,-1,-1,-1
214,38,101.27,51.69,31.12,86.92,1.0000,-1,-1,-1
215,2,667.83,44.83,31.18,85.19,0.9151,-1,-1,-1
215,5,641.44,45.32,24.59,79.01,0.8841,-1,-1,-1
215,19,785.68,23.06,28.57,34.13,0.3029,-1,-1,-1
215,26,268.53,93.08,56.66,146.70,0.9292,-1,-1,-1
215,27,709.22,92.24,43.85,114.73,0.8790,-1,-1,-1
215,29,685.61,39.51,19.70,72.84,1.0000,-1,-1,-1
215,30,182.39,89.46,56.14,148.60,0.9267,-1,-1,-1
215,32,767.00,81.82,27.70,71.31,0.5910,-1,-1,-1
215,34,605.41,42.44,25.91,74.35,0.8181,-1,-1,-1
215,38,102.36,50.93,31.26,87.30,1.0000,-1,-1,-1
216,2,669.28,45.51,30.60,83.20,0.8986,-1,-1,-1
216,5,642.81,46.03,24.26,77.50,0.8782,-1,-1,-1
216,19,785.62,23.09,28.63,34.16,0.3234,-1,-1,-1
216,26,272.24,91.53,55.79,143.82,0.9214,-1,-1,-1
216,27,703.45,92.56,44.38,115.87,0.8929,-1,-1,-1
216,30,187.35,89.34,56.38,148.20,0.9309,-1,-1,-1
216,32,769.49,81.49,26.81,69.31,0.4852,-1,-1,-1
216,34,604.87,42.55,25.94,74.34,0.6993,-1,-1,-1
216,38,103.46,50.16,31.40,87.69,1.0000,-1,-1,-1
217,2,670.49,46.92,29.48,79.62,0.8768,-1,-1,-1
217,5,643.81,46.73,24.09,76.35,0.8699,-1,-1,-1
217,19,785.62,23.12,28.59,34.07,0.3099,-1,-1,-1
217,26,275.72,90.25,55.14,141.38,0.9284,-1,-1,-1
217,27,699.30,92.95,44.57,115.84,0.9043,-1,-1,-1
217,30,190.51,88.55,56.75,148.32,0.9263,-1,-1,-1
217,32,772.55,81.05,25.36,64.84,0.3133,-1,-1,-1
217,34,604.39,42.72,25.88,74.09,0.7369,-1,-1,-1
217,38,104.55,49.39,31.54,88.07,1.0000,-1,-1,-1
218,2,671.20,47.71,28.70,76.99,0.8793,-1,-1,-1
218,5,644.28,47.07,24.24,75.91,0.8692,-1,-1,-1
218,19,785.62,23.11,28.58,34.05,1.0000,-1,-1,-1
218,26,278.55,88.76,55.28,141.34,0.9239,-1,-1,-1
218,27,696.14,93.23,44.79,115.82,0.9104,-1,-1,-1
218,30,193.53,88.13,56.88,147.65,0.9184,-1,-1,-1
218,32,773.65,80.39,26.20,66.49,0.5161,-1,-1,-1
218,34,603.94,42.87,25.95,74.13,0.7411,-1,-1,-1
218,38,105.64,48.62,31.67,88.45,1.0000,-1,-1,-1
219,2,671.56,47.17,28.55,76.09,0.8721,-1,-1,-1
219,5,644.89,46.87,24.48,76.05,0.8588,-1,-1,-1
219,19,785.63,23.11,28.56,34.04,1.0000,-1,-1,-1
219,26,282.15,87.84,55.08,141.24,0.9241,-1,-1,-1
219,27,693.68,93.17,44.89,115.97,0.9126,-1,-1,-1
219,30,196.57,87.59,56.81,146.63,0.9011,-1,-1,-1
219,32,775.51,80.02,25.47,64.14,0.5637,-1,-1,-1
219,34,603.85,42.81,26.00,74.30,0.7037,-1,-1,-1
219,38,106.73,47.86,31.81,88.84,1.0000,-1,-1,-1
220,2,671.77,46.90,28.81,76.73,0.8640,-1,-1,-1
220,5,646.37,47.04,24.54,75.85,0.8262,-1,-1,-1
220,19,785.64,22.98,28.52,33.91,0.3025,-1,-1,-1
220,26,285.64,87.48,54.85,141.43,0.9356,-1,-1,-1
220,27,692.14,93.23,44.74,116.04,0.9045,-1,-1,-1
220,30,199.43,86.26,56.46,145.46,0.9044,-1,-1,-1
220,32,775.99,79.48,26.26,65.84,0.6995,-1,-1,-1
220,34,603.89,42.48,26.14,74.88,0.7383,-1,-1,-1
220,38,107.83,47.09,31.95,89.22,1.0000,-1,-1,-1
221,2,672.14,45.60,28.81,76.76,0.8628,-1,-1,-1
221,5,647.24,46.49,24.78,76.03,0.8443,-1,-1,-1
221,19,785.67,22.96,28.52,33.86,0.3141,-1,-1,-1
221,26,287.62,87.17,54.95,141.76,0.9237,-1,-1,-1
221,27,690.99,92.95,44.36,116.10,0.8849,-1,-1,-1
221,30,202.54,85.62,55.87,144.08,0.9129,-1,-1,-1
221,32,777.23,79.11,25.75,64.33,0.5914,-1,-1,-1
221,34,603.92,42.34,26.09,74.95,0.6951,-1,-1,-1
221,38,108.92,46.32,32.08,89.60,1.0000,-1,-1,-1
222,2,672.03,44.25,29.68,79.59,0.8750,-1,-1,-1
222,5,648.08,45.74,25.18,76.58,0.8516,-1,-1,-1
222,19,785.67,22.94,28.53,33.82,0.3412,-1,-1,-1
222,26,289.44,87.06,55.03,141.69,0.9293,-1,-1,-1
222,27,689.88,92.20,44.09,116.87,0.8867,-1,-1,-1
222,30,204.88,85.28,55.51,143.22,0.9120,-1,-1,-1
222,32,778.56,78.81,25.41,63.30,0.7302,-1,-1,-1
222,34,603.90,42.33,25.94,74.55,0.6552,-1,-1,-1
222,38,110.01,45.55,32.22,89.99,1.0000,-1,-1,-1
223,2,672.21,43.15,29.78,80.27,0.8739,-1,-1,-1
223,5,649.02,45.09,25.43,76.99,0.8482,-1,-1,-1
223,19,785.61,22.92,28.61,33.88,0.3137,-1,-1,-1
223,26,291.41,87.08,55.27,142.12,0.9313,-1,-1,-1
223,27,687.92,91.63,43.68,117.06,0.8820,-1,-1,-1
223,30,206.64,84.54,55.16,142.24,0.9240,-1,-1,-1
223,32,779.49,78.67,25.70,63.89,0.7430,-1,-1,-1
223,34,603.92,42.52,25.82,74.29,0.6142,-1,-1,-1
223,38,111.11,44.78,32.36,90.37,1.0000,-1,-1,-1
224,2,672.75,43.17,29.47,79.78,0.8599,-1,-1,-1
224,5,650.14,44.63,25.35,76.76,0.8407,-1,-1,-1
224,19,785.61,22.93,28.62,33.89,0.3095,-1,-1,-1
224,26,293.61,87.18,55.37,142.04,0.9333,-1,-1,-1
224,27,685.49,91.49,43.45,117.56,0.8741,-1,-1,-1
224,30,208.64,83.80,54.84,141.51,0.9236,-1,-1,-1
224,32,780.15,78.29,26.03,64.50,0.6771,-1,-1,-1
224,34,603.78,42.60,25.82,74.42,0.7084,-1,-1,-1
224,38,112.20,44.02,32.50,90.75,1.0000,-1,-1,-1
225,2,673.17,42.99,29.34,79.80,0.8427,-1,-1,-1
225,5,651.40,44.58,25.16,76.66,0.8540,-1,-1,-1
225,19,785.66,22.89,28.60,33.88,0.3101,-1,-1,-1
225,26,295.66,87.35,55.41,141.69,0.9326,-1,-1,-1
225,27,682.88,91.34,43.16,117.65,0.8769,-1,-1,-1
225,30,210.48,83.80,54.48,140.72,0.9196,-1,-1,-1
225,32,782.14,77.61,25.92,63.99,0.5339,-1,-1,-1
225,34,603.79,42.63,25.81,74.53,0.6932,-1,-1,-1
225,38,113.29,43.25,32.63,91.13,1.0000,-1,-1,-1
226,2,674.03,42.74,28.70,78.16,0.8330,-1,-1,-1
226,5,652.64,44.68,24.98,76.42,0.8575,-1,-1,-1
226,19,785.65,22.79,28.67,34.00,0.3218,-1,-1,-1
226,26,297.56,87.33,55.54,141.62,0.9356,-1,-1,-1
226,27,678.81,90.94,43.33,117.89,0.8993,-1,-1,-1
226,30,212.72,83.57,54.55,140.64,0.9211,-1,-1,-1
226,32,783.18,77.70,25.76,63.58,0.4516,-1,-1,-1
226,34,603.81,42.60,25.78,74.55,0.7361,-1,-1,-1
226,38,114.38,42.48,32.77,91.52,1.0000,-1,-1,-1
227,2,674.16,42.67,28.81,78.54,0.8418,-1,-1,-1
227,5,653.77,44.56,24.90,76.44,0.8618,-1,-1,-1
227,19,785.59,22.69,28.78,34.20,0.3117,-1,-1,-1
227,26,299.73,86.79,55.78,141.97,0.9347,-1,-1,-1
227,27,673.56,91.66,43.74,117.52,0.9086,-1,-1,-1
227,30,216.91,83.50,54.76,140.25,0.9142,-1,-1,-1
227,32,784.42,77.90,25.84,63.46,0.4902,-1,-1,-1
227,34,603.86,42.72,25.67,74.33,0.6855,-1,-1,-1
227,38,115.48,41.71,32.91,91.90,1.0000,-1,-1,-1
228,2,674.78,42.77,28.04,76.34,0.7989,-1,-1,-1
228,5,655.02,44.45,24.81,76.01,0.8608,-1,-1,-1
228,19,785.58,22.66,28.80,34.22,1.0000,-1,-1,-1
228,26,302.17,85.54,55.88,142.08,0.9219,-1,-1,-1
228,27,668.23,91.95,44.67,117.43,0.9084,-1,-1,-1
228,30,220.27,83.61,55.03,139.85,0.9227,-1,-1,-1
228,32,785.12,77.32,26.19,64.09,0.5635,-1,-1,-1
228,34,603.81,42.57,25.62,74.35,0.7189,-1,-1,-1
228,38,116.57,40.95,33.04,92.28,1.0000,-1,-1,-1
229,2,675.31,43.21,27.69,75.05,0.7514,-1,-1,-1
229,5,656.24,44.44,24.83,75.71,0.8312,-1,-1,-1
229,19,785.58,22.63,28.82,34.24,1.0000,-1,-1,-1
229,26,304.42,84.88,55.49,140.75,0.9179,-1,-1,-1
229,27,663.33,92.39,45.49,117.03,0.9053,-1,-1,-1
229,30,222.62,83.73,54.91,139.16,0.9302,-1,-1,-1
229,32,786.26,76.85,26.20,64.26,0.6092,-1,-1,-1
229,34,603.83,42.43,25.64,74.53,0.7561,-1,-1,-1
229,38,117.66,40.18,33.18,92.67,1.0000,-1,-1,-1
230,2,676.14,44.63,27.06,72.61,0.5181,-1,-1,-1
230,5,657.24,44.51,24.92,75.36,0.8160,-1,-1,-1
230,19,785.58,22.59,28.83,34.26,1.0000,-1,-1,-1
230,26,308.77,84.20,54.08,137.16,0.9196,-1,-1,-1
230,27,659.86,92.90,46.14,116.95,0.8991,-1,-1,-1
230,30,224.06,83.07,54.87,138.80,0.9421,-1,-1,-1
230,32,787.48,76.23,26.12,64.21,0.5276,-1,-1,-1
230,34,603.86,42.49,25.61,74.52,0.6912,-1,-1,-1
230,38,118.75,39.41,33.32,93.05,1.0000,-1,-1,-1
231,2,676.09,44.81,29.17,78.55,0.3425,-1,-1,-1
231,5,657.79,44.58,25.14,75.47,0.7619,-1,-1,-1
231,19,785.57,22.56,28.85,34.28,1.0000,-1,-1,-1
231,26,314.88,83.14,52.65,134.98,0.9011,-1,-1,-1
231,27,658.20,95.48,45.66,114.40,0.8927,-1,-1,-1
231,30,226.24,82.57,54.70,138.25,0.9367,-1,-1,-1
231,32,788.60,75.70,25.68,63.27,0.4945,-1,-1,-1
231,34,604.02,42.38,25.66,74.73,0.7525,-1,-1,-1
231,38,119.85,38.64,33.46,93.43,1.0000,-1,-1,-1
232,2,676.62,44.84,29.19,78.62,1.0000,-1,-1,-1
232,5,658.36,43.59,25.58,76.41,0.7094,-1,-1,-1
232,19,785.57,22.52,28.87,34.30,1.0000,-1,-1,-1
232,26,320.05,82.54,51.54,134.60,0.9042,-1,-1,-1
232,27,656.67,95.62,45.91,114.53,0.8905,-1,-1,-1
232,30,229.89,82.04,54.47,137.53,0.9342,-1,-1,-1
232,32,788.96,75.41,26.35,65.06,0.5852,-1,-1,-1
232,34,603.99,42.35,25.68,74.86,0.7365,-1,-1,-1
232,38,120.94,37.87,33.59,93.82,1.0000,-1,-1,-1
233,2,676.93,45.05,29.90,80.99,0.3559,-1,-1,-1
233,5,659.30,43.17,25.61,75.87,0.6594,-1,-1,-1
233,19,785.57,22.49,28.88,34.32,1.0000,-1,-1,-1
233,26,324.77,82.11,50.42,134.14,0.9267,-1,-1,-1
233,27,655.09,96.15,45.65,114.25,0.8532,-1,-1,-1
233,30,233.76,80.93,54.23,136.79,0.9318,-1,-1,-1
233,32,789.50,74.75,26.65,66.05,0.7584,-1,-1,-1
233,34,603.93,42.41,25.67,74.73,0.7488,-1,-1,-1
233,38,122.03,37.11,33.73,94.20,1.0000,-1,-1,-1
234,2,678.09,45.69,29.78,81.17,0.5621,-1,-1,-1
234,5,660.53,43.17,25.18,74.07,0.6878,-1,-1,-1
234,19,785.50,23.00,28.19,33.50,0.3180,-1,-1,-1
234,26,328.27,81.82,49.39,133.70,0.9373,-1,-1,-1
234,27,654.18,101.56,43.26,108.95,0.8429,-1,-1,-1
234,30,238.35,79.85,54.20,136.64,0.9154,-1,-1,-1
234,32,790.09,74.11,27.04,67.32,0.7873,-1,-1,-1
234,34,603.84,42.42,25.68,74.63,0.7735,-1,-1,-1
234,38,123.12,36.34,33.87,94.58,1.0000,-1,-1,-1
235,2,680.28,45.94,27.95,76.16,0.8034,-1,-1,-1
235,5,662.04,43.15,23.38,67.80,0.6665,-1,-1,-1
235,19,785.56,23.05,28.18,33.48,0.3349,-1,-1,-1
235,26,330.51,81.67,48.72,133.56,0.9327,-1,-1,-1
235,27,652.65,97.51,44.28,113.16,0.8532,-1,-1,-1
235,30,242.18,79.48,53.91,135.39,0.9162,-1,-1,-1
235,32,790.96,73.86,27.06,67.28,0.7814,-1,-1,-1
235,34,603.75,42.44,25.66,74.55,0.7631,-1,-1,-1
235,38,124.22,35.57,34.01,94.97,1.0000,-1,-1,-1
236,2,681.08,45.94,28.04,76.66,0.8041,-1,-1,-1
236,5,662.55,43.02,22.53,64.99,0.5578,-1,-1,-1
236,19,785.55,23.16,28.16,33.46,0.3213,-1,-1,-1
236,26,332.96,81.57,48.43,133.55,0.9083,-1,-1,-1
236,27,650.42,98.72,43.26,112.80,0.8446,-1,-1,-1
236,30,245.81,79.06,54.12,135.32,0.9178,-1,-1,-1
236,32,791.87,73.96,26.88,66.88,0.7323,-1,-1,-1
236,34,603.68,42.44,25.67,74.52,0.7432,-1,-1,-1
236,38,125.31,34.80,34.14,95.35,1.0000,-1,-1,-1
237,2,681.99,45.78,27.82,75.95,0.8418,-1,-1,-1
237,5,663.58,42.66,21.97,62.97,0.5073,-1,-1,-1
237,19,785.49,23.14,28.19,33.51,0.3447,-1,-1,-1
237,26,335.05,81.68,48.12,133.14,0.9030,-1,-1,-1
237,27,648.44,95.03,43.95,116.47,0.8533,-1,-1,-1
237,30,248.33,78.19,54.64,136.25,0.9274,-1,-1,-1
237,32,793.45,73.93,26.39,65.84,0.6815,-1,-1,-1
237,34,603.48,42.48,25.63,74.41,0.6963,-1,-1,-1
237,38,126.40,34.04,34.28,95.73,1.0000,-1,-1,-1
238,2,682.81,45.24,27.53,74.62,0.8505,-1,-1,-1
238,5,664.94,42.32,21.93,62.66,0.4228,-1,-1,-1
238,19,785.45,23.24,28.17,33.51,0.3238,-1,-1,-1
238,26,336.22,81.68,48.13,133.25,0.9072,-1,-1,-1
238,27,646.35,93.48,44.22,118.72,0.8594,-1,-1,-1
238,30,250.59,77.74,54.98,136.85,0.9291,-1,-1,-1
238,32,794.86,73.66,26.24,65.43,0.6646,-1,-1,-1
238,34,603.45,42.25,25.75,74.57,0.7402,-1,-1,-1
238,38,127.49,33.27,34.42,96.12,1.0000,-1,-1,-1
239,2,683.12,44.63,27.80,74.83,0.8540,-1,-1,-1
239,5,665.49,42.29,22.87,65.27,0.4440,-1,-1,-1
239,19,785.45,23.18,28.24,33.65,0.3026,-1,-1,-1
239,26,337.17,81.41,48.10,133.13,0.9135,-1,-1,-1
239,27,644.12,92.56,44.06,119.60,0.8732,-1,-1,-1
239,30,253.34,77.55,54.87,136.08,0.9281,-1,-1,-1
239,32,796.79,73.30,25.63,63.97,0.7677,-1,-1,-1
239,34,603.33,42.21,25.81,74.58,0.7241,-1,-1,-1
239,38,128.59,32.50,34.55,96.50,1.0000,-1,-1,-1
240,2,683.85,44.66,27.60,73.51,0.8408,-1,-1,-1
240,5,666.19,42.61,23.36,67.16,0.5379,-1,-1,-1
240,19,785.49,23.18,28.25,33.72,0.3052,-1,-1,-1
240,26,339.22,80.40,48.22,132.77,0.9136,-1,-1,-1
240,27,637.86,92.98,44.37,120.55,0.8924,-1,-1,-1
240,30,257.55,77.41,54.95,135.17,0.9173,-1,-1,-1
240,32,797.27,72.56,25.35,63.64,0.8008,-1,-1,-1
240,34,603.15,42.57,25.70,74.21,0.7410,-1,-1,-1
240,38,129.68,31.73,34.69,96.88,1.0000,-1,-1,-1
241,2,684.42,44.49,27.40,72.17,0.8153,-1,-1,-1
241,5,666.92,42.87,23.61,68.53,0.5287,-1,-1,-1
241,19,785.45,23.09,28.31,33.86,0.3185,-1,-1,-1
241,26,341.28,79.94,47.82,130.55,0.9115,-1,-1,-1
241,27,633.24,93.11,44.87,121.53,0.9026,-1,-1,-1
241,30,260.06,76.72,55.24,134.92,0.9141,-1,-1,-1
241,32,797.66,72.41,25.08,63.09,0.7879,-1,-1,-1
241,34,603.15,42.73,25.67,74.06,0.7419,-1,-1,-1
241,38,130.77,30.97,34.83,97.27,1.0000,-1,-1,-1
242,2,685.07,44.68,27.52,72.05,0.7864,-1,-1,-1
242,5,667.55,43.19,23.62,69.19,0.5573,-1,-1,-1
242,19,785.41,23.00,28.35,33.97,0.3226,-1,-1,-1
242,26,343.28,79.00,47.61,128.88,0.9042,-1,-1,-1
242,27,630.25,93.32,44.98,121.62,0.9174,-1,-1,-1
242,30,261.90,76.05,55.46,134.43,0.9111,-1,-1,-1
242,32,798.32,72.25,25.34,63.19,0.8091,-1,-1,-1
242,34,603.18,42.67,25.76,74.31,0.7771,-1,-1,-1
242,38,131.86,30.20,34.97,97.65,1.0000,-1,-1,-1
243,2,685.68,44.97,27.70,72.11,0.8019,-1,-1,-1
243,5,668.66,43.75,23.39,69.20,0.5517,-1,-1,-1
243,19,785.34,22.93,28.38,34.10,0.3036,-1,-1,-1
243,26,346.49,78.12,47.36,127.76,0.8934,-1,-1,-1
243,27,628.15,92.93,45.17,122.35,0.9142,-1,-1,-1
243,30,263.80,75.39,55.22,133.37,0.9128,-1,-1,-1
243,32,799.86,72.18,25.03,62.21,0.7868,-1,-1,-1
243,34,603.30,42.69,25.72,74.27,0.7872,-1,-1,-1
244,2,686.41,45.17,27.94,72.50,0.8179,-1,-1,-1
244,5,669.31,43.58,23.25,69.38,0.5397,-1,-1,-1
244,19,785.35,22.96,28.32,34.09,0.3067,-1,-1,-1
244,26,349.96,77.23,46.63,125.85,0.9105,-1,-1,-1
244,27,626.96,93.34,44.84,122.10,0.8944,-1,-1,-1
244,30,266.32,74.67,54.68,132.24,0.9126,-1,-1,-1
244,32,800.28,71.81,25.30,63.02,0.7958,-1,-1,-1
244,34,603.33,42.73,25.68,74.21,0.7858,-1,-1,-1
245,2,686.95,45.20,28.36,73.46,0.8368,-1,-1,-1
245,5,669.77,42.08,23.94,71.63,0.6171,-1,-1,-1
245,19,785.40,22.98,28.28,34.08,0.3059,-1,-1,-1
245,26,351.99,76.89,47.03,127.25,0.9300,-1,-1,-1
245,27,625.55,93.29,44.31,121.85,0.8920,-1,-1,-1
245,30,268.99,74.07,53.75,130.55,0.9123,-1,-1,-1
245,32,801.16,71.67,25.09,62.62,0.7587,-1,-1,-1
245,34,603.30,42.72,25.67,74.18,0.7629,-1,-1,-1
246,2,687.39,44.72,28.51,74.01,0.8577,-1,-1,-1
246,5,669.94,40.95,24.55,73.42,0.5993,-1,-1,-1
246,19,785.45,22.85,28.27,34.12,0.3353,-1,-1,-1
246,26,353.28,76.58,47.11,127.12,0.9187,-1,-1,-1
246,27,623.66,92.84,43.99,122.20,0.8902,-1,-1,-1
246,30,271.62,73.56,53.22,130.31,0.9163,-1,-1,-1
246,32,802.40,71.57,24.86,61.82,0.7722,-1,-1,-1
246,34,603.28,42.71,25.58,73.83,0.7539,-1,-1,-1
247,2,688.44,44.21,28.44,74.33,0.8500,-1,-1,-1
247,5,670.39,39.81,24.93,74.44,0.6578,-1,-1,-1
247,19,785.53,22.87,28.14,33.99,0.3312,-1,-1,-1
247,26,354.51,76.45,47.71,128.39,0.9176,-1,-1,-1
247,27,621.36,92.66,43.84,122.88,0.8791,-1,-1,-1
247,30,274.11,73.15,52.48,129.62,0.9146,-1,-1,-1
247,32,803.33,71.25,24.72,61.14,0.7611,-1,-1,-1
247,34,603.30,42.63,25.59,73.73,0.7367,-1,-1,-1
248,2,689.18,43.42,28.23,74.29,0.8253,-1,-1,-1
248,5,671.14,39.06,25.05,74.53,0.7244,-1,-1,-1
248,19,785.58,22.91,28.01,33.85,0.3328,-1,-1,-1
248,26,355.49,76.25,48.11,128.58,0.9127,-1,-1,-1
248,27,618.68,92.19,43.72,123.46,0.8848,-1,-1,-1
248,30,276.58,72.81,51.73,129.23,0.9149,-1,-1,-1
248,32,804.40,71.01,24.75,60.98,0.7005,-1,-1,-1
248,34,603.30,42.52,25.56,73.50,0.7092,-1,-1,-1
249,2,689.69,42.84,28.09,74.38,0.8234,-1,-1,-1
249,5,672.09,37.60,25.48,75.49,0.7758,-1,-1,-1
249,19,785.60,22.88,28.07,33.91,0.3110,-1,-1,-1
249,26,357.19,76.36,48.51,129.01,0.9205,-1,-1,-1
249,27,615.87,92.23,43.36,123.12,0.8978,-1,-1,-1
249,30,278.38,72.50,51.26,129.30,0.9125,-1,-1,-1
249,32,805.09,70.49,25.17,61.69,0.7040,-1,-1,-1
249,34,603.18,42.79,25.60,73.49,0.7010,-1,-1,-1
250,2,690.47,42.17,27.91,74.58,0.8292,-1,-1,-1
250,5,673.34,36.41,26.05,76.96,0.8171,-1,-1,-1
250,19,785.61,22.88,28.25,34.18,0.3481,-1,-1,-1
250,26,358.95,76.45,48.78,129.04,0.9295,-1,-1,-1
250,27,611.95,92.42,43.63,123.42,0.9094,-1,-1,-1
250,30,280.83,72.07,51.15,129.79,0.9208,-1,-1,-1
250,32,806.92,69.92,25.03,61.21,0.6813,-1,-1,-1
250,34,603.07,42.58,25.58,73.29,0.6075,-1,-1,-1
251,2,690.94,42.05,27.70,74.52,0.8180,-1,-1,-1
251,5,673.97,36.19,26.15,77.10,0.8390,-1,-1,-1
251,19,785.62,22.89,28.30,34.30,0.3393,-1,-1,-1
251,26,360.66,76.25,49.05,129.01,0.9265,-1,-1,-1
251,27,605.96,92.68,44.38,123.22,0.9176,-1,-1,-1
251,30,282.62,71.99,51.19,129.20,0.9193,-1,-1,-1
251,32,807.09,69.37,25.28,61.51,0.7427,-1,-1,-1
251,34,603.03,42.11,25.67,73.32,0.4404,-1,-1,-1
252,2,691.01,41.84,27.72,74.87,0.8472,-1,-1,-1
252,5,674.20,35.86,26.23,77.18,0.8377,-1,-1,-1
252,19,785.66,22.91,28.26,34.28,0.3258,-1,-1,-1
252,26,362.32,75.77,49.33,128.90,0.9222,-1,-1,-1
252,27,599.75,92.59,45.63,123.49,0.9261,-1,-1,-1
252,30,284.88,72.15,51.04,128.54,0.9189,-1,-1,-1
252,32,807.91,69.13,25.31,61.37,0.7471,-1,-1,-1
252,34,603.01,42.05,25.64,73.24,1.0000,-1,-1,-1
253,2,691.72,42.02,27.38,74.34,0.8513,-1,-1,-1
253,5,674.17,35.28,26.63,78.03,0.8665,-1,-1,-1
253,19,785.71,22.97,28.15,34.18,0.3076,-1,-1,-1
253,26,363.91,75.15,49.53,128.72,0.9132,-1,-1,-1
253,27,595.07,92.11,46.92,124.10,0.9174,-1,-1,-1
253,30,286.38,72.20,50.97,128.29,0.9240,-1,-1,-1
253,32,808.55,68.87,25.42,61.34,0.7459,-1,-1,-1
253,34,602.98,42.00,25.61,73.16,1.0000,-1,-1,-1
254,2,692.44,42.36,26.95,73.46,0.8580,-1,-1,-1
254,5,674.30,34.61,27.03,78.77,0.8715,-1,-1,-1
254,19,785.73,22.98,28.14,34.21,0.3073,-1,-1,-1
254,26,366.08,74.17,49.54,127.96,0.9054,-1,-1,-1
254,27,591.89,90.96,48.22,125.50,0.9157,-1,-1,-1
254,30,288.54,71.70,50.76,127.86,0.9345,-1,-1,-1
254,32,809.69,68.61,25.57,61.36,0.7695,-1,-1,-1
254,34,602.95,41.94,25.59,73.08,1.0000,-1,-1,-1
255,2,692.96,42.46,26.70,73.01,0.8520,-1,-1,-1
255,5,674.39,34.22,27.31,79.25,0.8734,-1,-1,-1
255,19,785.74,22.95,28.19,34.29,0.3085,-1,-1,-1
255,26,369.41,73.35,48.74,125.67,0.9111,-1,-1,-1
255,27,590.53,91.63,48.59,125.09,0.9107,-1,-1,-1
255,30,291.40,71.21,50.53,127.12,0.9225,-1,-1,-1
255,32,810.88,68.34,25.62,61.30,0.7950,-1,-1,-1
255,34,602.92,41.89,25.56,73.00,1.0000,-1,-1,-1
256,2,693.60,42.76,26.26,71.91,0.8386,-1,-1,-1
256,5,674.62,33.79,27.51,79.41,0.8786,-1,-1,-1
256,19,785.78,22.96,28.16,34.28,0.3328,-1,-1,-1
256,26,373.73,72.35,47.69,123.77,0.9076,-1,-1,-1
256,27,588.76,90.64,49.21,126.20,0.9005,-1,-1,-1
256,30,294.48,70.53,50.34,126.37,0.9232,-1,-1,-1
256,32,811.85,68.19,25.60,61.06,0.8160,-1,-1,-1
256,34,602.89,41.83,25.53,72.92,1.0000,-1,-1,-1
257,2,694.54,42.96,25.97,71.35,0.8141,-1,-1,-1
257,5,675.05,33.88,27.60,79.15,0.8861,-1,-1,-1
257,19,785.79,22.97,28.18,34.30,1.0000,-1,-1,-1
257,26,377.64,71.65,46.84,122.81,0.9018,-1,-1,-1
257,27,587.26,89.87,49.34,127.14,0.8958,-1,-1,-1
257,30,297.99,69.85,50.14,125.90,0.9083,-1,-1,-1
257,32,812.34,67.89,25.59,60.97,0.8169,-1,-1,-1
257,34,602.86,41.78,25.50,72.85,1.0000,-1,-1,-1
258,2,695.46,42.99,25.98,71.59,0.8241,-1,-1,-1
258,5,675.86,33.52,27.60,79.06,0.8797,-1,-1,-1
258,19,785.84,23.11,28.04,34.14,0.3166,-1,-1,-1
258,26,380.38,71.55,46.23,122.13,0.9047,-1,-1,-1
258,27,585.15,86.25,50.03,131.01,0.8883,-1,-1,-1
258,30,302.04,69.08,49.74,125.46,0.9168,-1,-1,-1
258,32,812.95,68.10,25.40,60.38,0.7745,-1,-1,-1
258,34,602.83,41.72,25.48,72.77,1.0000,-1,-1,-1
259,2,696.89,42.84,25.66,71.10,0.8310,-1,-1,-1
259,5,677.06,33.87,27.27,77.98,0.8815,-1,-1,-1
259,19,785.85,23.13,28.05,34.15,1.0000,-1,-1,-1
259,26,382.33,71.41,45.99,122.43,0.9079,-1,-1,-1
259,27,583.65,87.02,48.79,130.14,0.8640,-1,-1,-1
259,30,305.19,68.70,49.53,125.33,0.9214,-1,-1,-1
259,32,814.64,67.93,25.07,59.71,0.7520,-1,-1,-1
259,34,602.80,41.67,25.45,72.69,1.0000,-1,-1,-1
260,2,698.08,42.41,25.47,71.05,0.8521,-1,-1,-1
260,5,678.32,33.31,27.04,77.29,0.8916,-1,-1,-1
260,19,785.85,22.99,28.05,34.18,0.3239,-1,-1,-1
260,26,383.92,71.25,45.83,122.57,0.9158,-1,-1,-1
260,27,581.51,84.72,48.83,133.11,0.8719,-1,-1,-1
260,30,308.64,68.18,49.55,125.14,0.9217,-1,-1,-1
260,32,815.69,67.69,24.97,59.41,0.7014,-1,-1,-1
260,34,602.78,41.61,25.42,72.61,1.0000,-1,-1,-1
261,2,698.75,42.03,25.44,71.21,0.8561,-1,-1,-1
261,5,679.63,33.99,26.35,75.24,0.8749,-1,-1,-1
261,19,785.72,23.26,27.74,33.82,0.3197,-1,-1,-1
261,26,385.62,71.47,45.54,121.83,0.8948,-1,-1,-1
261,27,579.83,85.71,47.78,132.79,0.8743,-1,-1,-1
261,30,310.93,67.75,49.72,125.33,0.9249,-1,-1,-1
261,32,816.40,66.76,25.50,60.55,0.7400,-1,-1,-1
261,34,602.75,41.56,25.39,72.53,1.0000,-1,-1,-1
262,2,699.16,41.88,25.38,70.84,0.8434,-1,-1,-1
262,5,680.64,34.47,26.13,74.56,0.8586,-1,-1,-1
262,19,785.72,23.36,27.63,33.68,0.3267,-1,-1,-1
262,26,387.20,71.49,45.54,121.61,0.8940,-1,-1,-1
262,27,577.96,87.06,46.79,132.32,0.8252,-1,-1,-1
262,30,312.61,67.67,49.90,125.33,0.9180,-1,-1,-1
262,32,817.50,66.76,25.18,59.90,0.7743,-1,-1,-1
262,34,602.72,41.50,25.37,72.45,1.0000,-1,-1,-1
263,2,700.11,41.74,25.30,70.25,0.8190,-1,-1,-1
263,5,681.39,34.45,26.08,74.38,0.8563,-1,-1,-1
263,19,785.70,23.36,27.65,33.70,0.3430,-1,-1,-1
263,26,388.42,71.57,45.50,121.45,0.8905,-1,-1,-1
263,27,576.10,88.04,44.74,128.28,0.8298,-1,-1,-1
263,30,314.30,67.59,50.04,124.97,0.9199,-1,-1,-1
263,32,818.35,67.14,24.76,58.99,0.8133,-1,-1,-1
263,34,602.69,41.44,25.34,72.38,1.0000,-1,-1,-1
264,2,701.63,41.83,25.30,70.18,0.8355,-1,-1,-1
264,5,682.48,34.31,26.05,74.47,0.8662,-1,-1,-1
264,19,785.70,23.02,28.09,34.29,0.3416,-1,-1,-1
264,26,390.45,71.15,45.35,120.89,0.9100,-1,-1,-1
264,27,567.51,90.92,45.50,129.55,0.8979,-1,-1,-1
264,30,317.77,67.63,49.58,124.05,0.9126,-1,-1,-1
264,32,819.93,66.99,24.21,57.92,0.7605,-1,-1,-1
264,34,603.25,42.15,25.47,73.56,0.3150,-1,-1,-1
265,2,702.92,41.61,25.16,70.02,0.8257,-1,-1,-1
265,5,682.81,34.37,25.99,74.26,0.8647,-1,-1,-1
265,19,785.75,22.91,28.19,34.44,0.3581,-1,-1,-1
265,26,391.86,70.52,45.43,120.78,0.9168,-1,-1,-1
265,27,562.39,92.33,45.90,129.64,0.8994,-1,-1,-1
265,30,320.30,67.47,48.96,122.78,0.9015,-1,-1,-1
265,32,821.05,66.86,23.83,57.21,0.7852,-1,-1,-1
265,34,603.22,42.27,25.15,73.10,0.6116,-1,-1,-1
266,2,703.80,41.79,24.73,68.89,0.8062,-1,-1,-1
266,5,683.52,34.26,25.89,73.84,0.8513,-1,-1,-1
266,19,785.77,22.88,28.20,34.47,0.3592,-1,-1,-1
266,26,393.07,70.36,45.41,120.18,0.9163,-1,-1,-1
266,27,559.47,92.91,46.04,129.73,0.8877,-1,-1,-1
266,30,322.27,67.23,48.55,122.11,0.9104,-1,-1,-1
266,32,822.30,67.09,23.41,56.32,0.7887,-1,-1,-1
266,34,602.75,42.38,25.17,73.01,0.6759,-1,-1,-1
267,2,704.09,42.05,24.68,68.57,0.8008,-1,-1,-1
267,5,684.19,34.28,25.82,73.36,0.8518,-1,-1,-1
267,19,785.79,22.83,28.24,34.53,0.3753,-1,-1,-1
267,26,394.65,69.54,45.15,118.70,0.9009,-1,-1,-1
267,27,557.43,93.34,45.89,129.29,0.8884,-1,-1,-1
267,30,323.82,66.60,48.67,122.68,0.9168,-1,-1,-1
267,32,823.17,66.94,23.56,56.50,0.7614,-1,-1,-1
267,34,602.57,42.41,25.24,73.27,0.6717,-1,-1,-1
268,2,704.73,42.46,24.55,68.25,0.8243,-1,-1,-1
268,5,684.70,34.24,25.88,73.22,0.8406,-1,-1,-1
268,19,785.79,22.79,28.27,34.58,0.3829,-1,-1,-1
268,26,397.42,69.06,44.82,117.52,0.9113,-1,-1,-1
268,27,555.74,93.50,45.79,129.46,0.8814,-1,-1,-1
268,30,325.60,65.70,48.53,122.68,0.9240,-1,-1,-1
268,32,824.16,66.75,23.72,56.75,0.7815,-1,-1,-1
268,34,602.58,42.38,25.27,73.55,0.6910,-1,-1,-1
269,2,704.99,42.73,24.42,67.79,0.8264,-1,-1,-1
269,5,685.48,33.91,25.85,72.87,0.8510,-1,-1,-1
269,19,785.77,22.77,28.29,34.61,0.3758,-1,-1,-1
269,26,399.76,68.21,44.59,116.87,0.8889,-1,-1,-1
269,27,554.06,93.59,45.56,129.83,0.8745,-1,-1,-1
269,30,327.02,64.82,48.08,121.66,0.9244,-1,-1,-1
269,32,825.20,66.68,23.25,55.66,0.7228,-1,-1,-1
269,34,602.60,42.32,25.34,73.92,0.7038,-1,-1,-1
270,2,705.22,42.33,24.53,68.18,0.8452,-1,-1,-1
270,5,685.81,33.84,25.92,72.78,0.8477,-1,-1,-1
270,19,785.77,22.73,28.33,34.68,0.3824,-1,-1,-1
270,26,401.95,67.55,44.28,116.33,0.8796,-1,-1,-1
270,27,552.42,93.16,44.98,130.00,0.8605,-1,-1,-1
270,30,328.58,64.37,47.69,120.78,0.9270,-1,-1,-1
270,32,825.68,65.71,23.38,56.36,0.7265,-1,-1,-1
270,34,602.67,42.22,25.48,74.30,0.7299,-1,-1,-1
271,2,705.65,42.00,24.56,68.62,0.8487,-1,-1,-1
271,5,686.03,33.86,25.91,72.63,0.8356,-1,-1,-1
271,19,785.79,22.74,28.31,34.65,0.3827,-1,-1,-1
271,26,403.14,66.94,44.73,117.68,0.8905,-1,-1,-1
271,27,550.39,92.73,44.31,129.55,0.8811,-1,-1,-1
271,30,330.59,63.76,47.55,120.79,0.9276,-1,-1,-1
271,32,826.35,65.21,23.50,56.74,0.7108,-1,-1,-1
271,34,602.70,42.16,25.51,74.34,0.7499,-1,-1,-1
272,2,706.06,41.55,24.45,68.76,0.8224,-1,-1,-1
272,5,686.39,33.68,26.04,72.69,0.8374,-1,-1,-1
272,19,785.76,22.74,28.29,34.65,0.3758,-1,-1,-1
272,26,404.39,65.72,45.32,119.23,0.8877,-1,-1,-1
272,27,547.91,92.74,43.80,129.17,0.9064,-1,-1,-1
272,30,332.76,63.70,47.00,119.92,0.9225,-1,-1,-1
272,32,827.62,65.79,22.90,55.52,0.6997,-1,-1,-1
272,34,602.61,42.46,25.31,73.74,0.7537,-1,-1,-1
273,2,706.90,41.33,24.03,68.10,0.8184,-1,-1,-1
273,5,687.07,33.92,25.84,71.82,0.8611,-1,-1,-1
273,19,785.73,22.74,28.34,34.72,0.3620,-1,-1,-1
273,26,405.71,64.90,45.63,119.83,0.8829,-1,-1,-1
273,27,544.95,92.79,43.65,129.79,0.9020,-1,-1,-1
273,30,335.03,63.45,46.37,118.84,0.9164,-1,-1,-1
273,32,828.68,65.22,22.97,55.89,0.7451,-1,-1,-1
273,34,602.57,42.52,25.26,73.56,0.7582,-1,-1,-1
274,2,707.45,40.85,23.85,68.17,0.7988,-1,-1,-1
274,5,688.03,34.29,25.58,71.04,0.8615,-1,-1,-1
274,19,785.78,22.83,28.27,34.63,0.3734,-1,-1,-1
274,26,407.25,65.27,45.55,119.26,0.8886,-1,-1,-1
274,27,541.42,93.07,43.58,129.91,0.9127,-1,-1,-1
274,30,336.78,63.41,46.06,118.25,0.9170,-1,-1,-1
274,32,829.39,63.86,23.31,56.89,0.7321,-1,-1,-1
274,34,602.55,42.33,25.34,73.75,0.7738,-1,-1,-1
275,2,708.00,40.35,23.81,68.56,0.7826,-1,-1,-1
275,5,688.66,34.33,25.47,71.12,0.8479,-1,-1,-1
275,19,785.78,22.81,28.30,34.66,0.3771,-1,-1,-1
275,26,408.56,66.12,45.34,118.13,0.8933,-1,-1,-1
275,27,535.69,93.18,44.39,130.70,0.8917,-1,-1,-1
275,30,338.50,63.35,45.89,117.79,0.9074,-1,-1,-1
275,32,830.14,63.31,23.48,57.46,0.6900,-1,-1,-1
275,34,602.50,42.27,25.37,73.75,0.7652,-1,-1,-1
276,2,708.48,40.14,23.82,68.87,0.7850,-1,-1,-1
276,5,689.55,34.70,25.27,70.85,0.8456,-1,-1,-1
276,19,785.79,22.86,28.28,34.65,0.3624,-1,-1,-1
276,26,409.76,66.50,45.39,117.87,0.8885,-1,-1,-1
276,27,529.52,93.42,45.46,131.09,0.9200,-1,-1,-1
276,30,339.86,63.52,45.78,117.45,0.9012,-1,-1,-1
276,32,830.68,60.76,24.14,59.51,0.6999,-1,-1,-1
276,34,602.43,42.06,25.49,73.96,0.7798,-1,-1,-1
277,2,708.81,39.95,23.78,69.00,0.8104,-1,-1,-1
277,5,690.00,34.59,24.98,70.17,0.8528,-1,-1,-1
277,19,785.77,22.87,28.30,34.67,0.3537,-1,-1,-1
277,26,411.29,66.78,45.47,117.53,0.8954,-1,-1,-1
277,27,524.13,93.68,46.58,131.45,0.9065,-1,-1,-1
277,30,341.23,63.45,45.78,117.08,0.9000,-1,-1,-1
277,32,831.25,59.56,24.29,60.40,0.7218,-1,-1,-1
277,34,602.31,42.03,25.60,74.07,0.7771,-1,-1,-1
278,2,709.18,40.06,23.62,68.72,0.8397,-1,-1,-1
278,5,689.87,34.09,25.15,70.65,0.8532,-1,-1,-1
278,19,785.75,22.89,28.30,34.66,0.3526,-1,-1,-1
278,26,412.82,66.39,45.59,117.34,0.9022,-1,-1,-1
278,27,519.82,93.81,47.64,131.87,0.9174,-1,-1,-1
278,30,343.14,63.47,45.76,116.58,0.9006,-1,-1,-1
278,32,832.60,60.07,23.82,59.72,0.7860,-1,-1,-1
278,34,602.26,42.13,25.61,73.90,0.7777,-1,-1,-1
279,2,709.61,40.50,23.35,68.01,0.8388,-1,-1,-1
279,5,689.61,34.43,25.38,70.78,0.8618,-1,-1,-1
279,19,785.73,23.20,28.00,34.28,0.3568,-1,-1,-1
279,26,414.49,65.86,45.66,117.19,0.9084,-1,-1,-1
279,27,517.33,94.13,48.55,132.52,0.9197,-1,-1,-1
279,30,345.09,63.13,45.97,116.71,0.9040,-1,-1,-1
279,32,833.75,60.39,23.37,59.20,0.8118,-1,-1,-1
279,34,602.40,42.10,25.70,74.19,0.7748,-1,-1,-1
280,2,709.89,40.77,23.19,67.29,0.8432,-1,-1,-1
280,5,689.73,34.26,25.67,70.98,0.8805,-1,-1,-1
280,19,785.79,23.09,28.13,34.44,0.3562,-1,-1,-1
280,26,416.84,64.88,45.49,116.53,0.9053,-1,-1,-1
280,27,515.83,94.08,48.94,132.55,0.9205,-1,-1,-1
280,30,347.83,62.54,46.12,116.62,0.9180,-1,-1,-1
280,32,834.66,60.59,22.94,58.89,0.7872,-1,-1,-1
280,34,602.37,42.22,25.72,74.24,0.7701,-1,-1,-1
281,2,710.21,41.17,23.18,66.84,0.8243,-1,-1,-1
281,5,690.31,33.97,25.92,71.35,0.8647,-1,-1,-1
281,19,785.80,23.01,28.21,34.53,0.3740,-1,-1,-1
281,26,419.63,64.10,44.88,115.01,0.8956,-1,-1,-1
281,27,513.55,93.62,49.43,133.20,0.9002,-1,-1,-1
281,30,350.54,61.84,46.05,116.09,0.9198,-1,-1,-1
281,32,835.44,60.31,22.66,59.25,0.7936,-1,-1,-1
281,34,602.38,42.18,25.77,74.51,0.7745,-1,-1,-1
282,2,710.75,41.50,23.26,66.32,0.8025,-1,-1,-1
282,5,691.15,33.57,26.21,71.79,0.8566,-1,-1,-1
282,19,785.82,23.01,28.24,34.57,0.3806,-1,-1,-1
282,26,422.92,63.56,43.20,110.45,0.9000,-1,-1,-1
282,27,510.22,93.88,49.57,133.46,0.9053,-1,-1,-1
282,30,353.44,61.68,45.76,115.06,0.9217,-1,-1,-1
282,32,836.25,60.92,21.98,58.54,0.8277,-1,-1,-1
282,34,602.33,42.30,25.72,74.55,0.7870,-1,-1,-1
283,2,711.57,41.57,23.35,65.91,0.7995,-1,-1,-1
283,5,692.22,33.63,26.24,71.68,0.8463,-1,-1,-1
283,19,785.82,22.98,28.26,34.60,0.3884,-1,-1,-1
283,26,424.95,63.33,43.35,111.74,0.9120,-1,-1,-1
283,27,506.56,93.70,49.71,134.14,0.9047,-1,-1,-1
283,30,355.50,60.92,45.76,115.01,0.9210,-1,-1,-1
283,32,837.37,61.12,21.21,57.91,0.7729,-1,-1,-1
283,34,602.20,42.45,25.62,74.42,0.7798,-1,-1,-1
284,2,712.47,41.40,23.48,65.77,0.7928,-1,-1,-1
284,5,693.20,33.67,26.20,71.32,0.8479,-1,-1,-1
284,19,785.82,22.99,28.25,34.58,0.3812,-1,-1,-1
284,26,427.27,63.44,43.04,112.30,0.9087,-1,-1,-1
284,27,503.54,93.04,49.76,134.89,0.8995,-1,-1,-1
284,30,357.68,60.41,45.81,115.53,0.9054,-1,-1,-1
284,32,838.09,61.74,20.38,56.86,0.7925,-1,-1,-1
284,34,602.16,42.49,25.49,74.33,0.7642,-1,-1,-1
285,2,714.05,41.21,23.44,65.63,0.8075,-1,-1,-1
285,5,694.11,33.33,26.14,70.90,0.8709,-1,-1,-1
285,19,785.82,22.98,28.26,34.59,0.3746,-1,-1,-1
285,26,429.59,63.57,42.40,111.45,0.9140,-1,-1,-1
285,27,500.36,93.03,49.99,135.85,0.8923,-1,-1,-1
285,30,359.53,60.07,45.85,115.92,0.9026,-1,-1,-1
285,32,838.90,61.13,19.93,57.24,0.7780,-1,-1,-1
285,34,602.10,42.48,25.42,74.40,0.7760,-1,-1,-1
286,2,714.89,40.89,23.53,65.79,0.8138,-1,-1,-1
286,5,695.13,34.15,25.67,69.38,0.8449,-1,-1,-1
286,19,785.82,22.96,28.27,34.60,0.3554,-1,-1,-1
286,26,431.32,63.67,41.95,110.90,0.9196,-1,-1,-1
286,27,497.03,93.41,50.34,137.05,0.8902,-1,-1,-1
286,30,360.77,59.72,45.84,116.35,0.8954,-1,-1,-1
286,32,839.79,60.65,19.28,57.20,0.7670,-1,-1,-1
286,34,602.03,42.91,25.17,74.01,0.7728,-1,-1,-1
287,2,715.55,40.49,23.69,66.11,0.8241,-1,-1,-1
287,5,695.74,34.87,25.44,68.54,0.8311,-1,-1,-1
287,19,785.79,22.98,28.28,34.60,0.3548,-1,-1,-1
287,26,432.76,63.63,41.74,110.71,0.9166,-1,-1,-1
287,27,493.93,94.69,50.50,137.23,0.8655,-1,-1,-1
287,30,363.03,60.01,45.41,115.48,0.9014,-1,-1,-1
287,32,840.71,61.06,18.35,56.22,0.7776,-1,-1,-1
287,34,601.98,42.91,25.06,74.00,0.7625,-1,-1,-1
288,2,716.91,40.05,23.79,66.17,0.8197,-1,-1,-1
288,5,697.03,35.36,25.07,67.58,0.7759,-1,-1,-1
288,19,785.79,22.98,28.29,34.61,1.0000,-1,-1,-1
288,26,435.02,63.33,41.77,110.71,0.8877,-1,-1,-1
288,27,487.94,95.68,51.40,139.82,0.9012,-1,-1,-1
288,30,365.76,60.51,44.80,113.56,0.8984,-1,-1,-1
288,32,841.58,60.60,17.60,55.92,0.7764,-1,-1,-1
288,34,602.02,42.69,24.95,73.88,0.7548,-1,-1,-1
289,2,717.79,39.88,23.96,66.51,0.8345,-1,-1,-1
289,5,697.72,35.32,24.99,67.51,0.7608,-1,-1,-1
289,19,785.79,22.98,28.30,34.62,1.0000,-1,-1,-1
289,26,436.44,63.31,41.67,110.18,0.9031,-1,-1,-1
289,27,483.41,96.73,51.59,140.30,0.9156,-1,-1,-1
289,30,367.34,60.32,45.01,113.96,0.9000,-1,-1,-1
289,32,842.40,60.53,16.85,55.63,0.7789,-1,-1,-1
289,34,602.09,42.66,24.88,73.80,0.7556,-1,-1,-1
290,2,718.25,40.15,23.91,65.91,0.8073,-1,-1,-1
290,5,698.50,35.53,24.62,66.97,0.6750,-1,-1,-1
290,19,785.79,22.98,28.25,34.54,0.3131,-1,-1,-1
290,26,437.76,62.36,41.95,110.75,0.8996,-1,-1,-1
290,27,480.46,97.80,51.15,139.67,0.9158,-1,-1,-1
290,30,368.95,60.38,44.96,113.59,0.9066,-1,-1,-1
290,32,842.80,60.29,16.28,55.73,0.7859,-1,-1,-1
290,34,602.15,42.69,24.86,73.74,0.7742,-1,-1,-1
291,2,718.85,40.39,23.67,64.88,0.7523,-1,-1,-1
291,5,699.48,35.81,24.20,66.12,0.6174,-1,-1,-1
291,19,785.71,22.84,28.36,34.65,0.3173,-1,-1,-1
291,26,439.35,61.91,41.86,110.42,0.8938,-1,-1,-1
291,27,478.56,98.37,50.66,139.17,0.9234,-1,-1,-1
291,30,370.81,60.21,44.70,112.88,0.9149,-1,-1,-1
291,32,843.33,60.29,15.60,55.38,0.7946,-1,-1,-1
291,34,602.14,42.86,24.89,73.83,0.7763,-1,-1,-1
292,2,719.26,40.51,23.69,64.62,0.7993,-1,-1,-1
292,5,700.76,35.51,24.13,65.71,0.6789,-1,-1,-1
292,19,785.68,22.74,28.44,34.74,0.3047,-1,-1,-1
292,26,441.13,61.56,41.54,109.23,0.8361,-1,-1,-1
292,27,476.80,98.46,50.12,139.10,0.8962,-1,-1,-1
292,30,372.73,59.61,44.34,112.07,0.9111,-1,-1,-1
292,32,844.01,60.93,14.76,54.31,0.7722,-1,-1,-1
292,34,602.06,42.99,24.89,73.86,0.7781,-1,-1,-1
293,2,719.94,40.64,23.45,63.90,0.7190,-1,-1,-1
293,5,702.26,34.21,24.69,67.27,0.6160,-1,-1,-1
293,19,785.67,22.67,28.47,34.78,0.3198,-1,-1,-1
293,26,442.81,60.69,41.39,108.55,0.8149,-1,-1,-1
293,27,472.87,98.66,49.86,139.09,0.8711,-1,-1,-1
293,30,374.58,58.73,44.17,111.88,0.9129,-1,-1,-1
293,32,844.65,59.70,14.35,55.13,0.6988,-1,-1,-1
293,34,602.14,42.85,24.92,73.92,0.7810,-1,-1,-1
294,2,720.22,40.72,23.38,63.50,0.6913,-1,-1,-1
294,5,703.52,32.94,25.06,68.61,0.6283,-1,-1,-1
294,19,785.68,22.49,28.54,34.89,0.3095,-1,-1,-1
294,26,444.89,59.76,41.05,107.48,0.7801,-1,-1,-1
294,27,469.33,98.56,49.45,138.77,0.8550,-1,-1,-1
294,30,376.13,57.95,44.21,112.17,0.9126,-1,-1,-1
294,32,845.07,56.31,14.34,57.90,0.6258,-1,-1,-1
294,34,602.27,42.65,25.03,74.13,0.7741,-1,-1,-1
295,2,720.43,40.47,23.75,64.34,0.7011,-1,-1,-1
295,5,704.56,33.49,24.62,67.78,0.6865,-1,-1,-1
295,19,785.67,22.44,28.57,34.93,1.0000,-1,-1,-1
295,26,446.55,59.09,40.66,106.29,0.7618,-1,-1,-1
295,27,467.70,98.14,48.88,139.02,0.8513,-1,-1,-1
295,30,377.59,57.11,44.37,112.92,0.9094,-1,-1,-1
295,32,845.31,53.90,14.26,60.56,0.5802,-1,-1,-1
295,34,602.31,42.58,25.09,74.22,0.7757,-1,-1,-1
296,2,720.93,40.48,23.82,64.56,0.7123,-1,-1,-1
296,5,705.01,33.67,24.61,68.26,0.6184,-1,-1,-1
296,19,785.67,22.40,28.59,34.96,1.0000,-1,-1,-1
296,26,447.39,58.91,40.93,106.86,0.4972,-1,-1,-1
296,27,464.07,97.46,48.82,139.93,0.8573,-1,-1,-1
296,30,379.21,57.39,43.97,112.09,0.9104,-1,-1,-1
296,32,845.67,51.42,14.01,62.72,0.5642,-1,-1,-1
296,34,602.34,42.50,25.11,74.30,0.7690,-1,-1,-1
297,2,721.93,40.49,23.64,64.20,0.7355,-1,-1,-1
297,5,704.98,33.57,24.68,68.47,0.7021,-1,-1,-1
297,19,785.66,22.35,28.62,34.99,1.0000,-1,-1,-1
297,26,449.14,59.01,37.53,95.78,0.3153,-1,-1,-1
297,27,460.46,97.33,48.63,140.29,0.8844,-1,-1,-1
297,30,381.21,57.73,43.54,111.35,0.8950,-1,-1,-1
297,32,846.13,48.53,13.66,64.70,0.4550,-1,-1,-1
297,34,602.40,42.22,25.21,74.57,0.7835,-1,-1,-1
298,2,722.97,40.33,23.25,63.38,0.7725,-1,-1,-1
298,5,705.84,33.67,24.47,67.95,0.7158,-1,-1,-1
298,19,785.65,22.31,28.65,35.02,1.0000,-1,-1,-1
298,26,450.92,58.64,36.87,94.10,1.0000,-1,-1,-1
298,27,456.51,97.50,48.55,140.26,0.8976,-1,-1,-1
298,30,382.70,57.00,43.31,110.97,0.9237,-1,-1,-1
298,32,846.36,46.68,13.25,66.15,0.5462,-1,-1,-1
298,34,602.33,42.14,25.22,74.45,0.7875,-1,-1,-1
299,2,724.15,39.42,23.05,63.18,0.7259,-1,-1,-1
299,5,706.67,34.13,24.17,67.20,0.7446,-1,-1,-1
299,19,786.06,22.55,28.24,34.58,0.3024,-1,-1,-1
299,26,452.69,58.27,36.21,92.42,1.0000,-1,-1,-1
299,27,450.81,98.61,49.07,140.02,0.8993,-1,-1,-1
299,30,384.28,57.12,43.08,110.30,0.9134,-1,-1,-1
299,32,846.74,46.19,12.61,66.30,0.4725,-1,-1,-1
299,34,602.37,42.34,25.17,74.24,0.7881,-1,-1,-1
300,2,724.58,39.09,23.14,63.74,0.7708,-1,-1,-1
300,5,707.72,34.52,23.72,66.54,0.7777,-1,-1,-1
300,19,786.20,22.66,28.05,34.39,0.3275,-1,-1,-1
300,26,454.47,57.90,35.55,90.74,1.0000,-1,-1,-1
300,27,443.83,99.31,50.31,139.99,0.9184,-1,-1,-1
300,30,385.98,57.68,42.81,109.20,0.9207,-1,-1,-1
300,32,847.06,44.39,12.14,67.24,0.3066,-1,-1,-1
300,34,602.39,42.23,25.25,74.30,0.7903,-1,-1,-1
301,2,725.15,38.85,22.98,63.66,0.7356,-1,-1,-1
301,5,708.60,34.43,23.33,66.04,0.7690,-1,-1,-1
301,19,786.17,22.61,28.07,34.46,0.3037,-1,-1,-1
301,26,456.25,57.53,34.90,89.06,1.0000,-1,-1,-1
301,27,438.60,100.26,51.69,139.30,0.9024,-1,-1,-1
301,30,387.42,57.78,42.75,108.74,0.9244,-1,-1,-1
301,32,847.32,43.20,12.28,68.00,1.0000,-1,-1,-1
301,34,602.69,42.31,25.34,74.38,0.7901,-1,-1,-1
302,2,725.45,38.75,23.06,64.13,0.7797,-1,-1,-1
302,5,709.43,34.18,23.08,66.07,0.7960,-1,-1,-1
302,19,786.20,22.60,28.05,34.45,1.0000,-1,-1,-1
302,26,458.02,57.17,34.24,87.37,1.0000,-1,-1,-1
302,27,435.35,100.70,53.46,139.93,0.9064,-1,-1,-1
302,30,388.44,57.88,42.97,108.86,0.8912,-1,-1,-1
302,32,847.57,42.01,12.41,68.76,1.0000,-1,-1,-1
302,34,602.88,42.39,25.41,74.43,0.8212,-1,-1,-1
303,2,725.71,38.61,23.07,64.26,0.8024,-1,-1,-1
303,5,710.08,33.98,22.80,65.99,0.7782,-1,-1,-1
303,19,786.23,22.59,28.04,34.43,1.0000,-1,-1,-1
303,26,459.80,56.80,33.58,85.69,1.0000,-1,-1,-1
303,27,433.27,101.17,54.81,140.13,0.9119,-1,-1,-1
303,30,389.93,57.95,43.15,108.58,0.8776,-1,-1,-1
303,32,847.83,40.82,12.55,69.52,1.0000,-1,-1,-1
303,34,602.93,42.23,25.44,74.41,0.8122,-1,-1,-1
304,2,726.28,38.76,22.85,63.54,0.8058,-1,-1,-1
304,5,710.53,34.17,22.55,65.83,0.7623,-1,-1,-1
304,19,786.25,22.58,28.03,34.41,1.0000,-1,-1,-1
304,26,461.58,56.43,32.92,84.01,1.0000,-1,-1,-1
304,27,431.04,101.47,55.44,139.75,0.9063,-1,-1,-1
304,30,391.65,57.69,43.41,108.71,0.9000,-1,-1,-1
304,32,848.09,39.63,12.69,70.29,1.0000,-1,-1,-1
304,34,603.01,42.16,25.54,74.68,0.8059,-1,-1,-1
305,2,727.00,39.73,22.59,62.47,0.8085,-1,-1,-1
305,5,711.02,34.84,22.28,65.46,0.7724,-1,-1,-1
305,19,786.28,22.57,28.01,34.39,1.0000,-1,-1,-1
305,26,463.35,56.06,32.26,82.33,1.0000,-1,-1,-1
305,27,426.76,100.84,56.00,140.21,0.9075,-1,-1,-1
305,30,393.79,57.51,43.57,108.22,0.8882,-1,-1,-1
305,32,848.35,38.44,12.82,71.05,1.0000,-1,-1,-1
305,34,603.19,42.16,25.60,74.83,0.8145,-1,-1,-1
305,39,461.14,56.85,43.15,97.83,0.6956,-1,-1,-1
306,2,727.26,40.11,22.70,62.29,0.7781,-1,-1,-1
306,5,711.42,35.87,21.98,64.77,0.7176,-1,-1,-1
306,19,786.31,22.56,28.00,34.38,1.0000,-1,-1,-1
306,26,465.13,55.69,31.60,80.65,1.0000,-1,-1,-1
306,27,422.32,100.41,56.44,141.30,0.8769,-1,-1,-1
306,30,397.24,56.40,43.57,108.12,0.8295,-1,-1,-1
306,32,848.61,37.25,12.96,71.81,1.0000,-1,-1,-1
306,34,603.27,42.42,25.54,74.61,0.8061,-1,-1,-1
306,39,461.22,55.74,45.28,103.40,0.7480,-1,-1,-1
307,2,728.38,39.95,22.60,61.73,0.6572,-1,-1,-1
307,5,712.29,35.47,22.19,65.35,0.7931,-1,-1,-1
307,19,786.34,22.55,27.98,34.36,1.0000,-1,-1,-1
307,26,466.91,55.32,30.94,78.96,1.0000,-1,-1,-1
307,27,419.03,100.25,55.66,141.58,0.8344,-1,-1,-1
307,30,400.98,55.68,42.45,105.93,0.6223,-1,-1,-1
307,32,848.87,36.06,13.09,72.57,1.0000,-1,-1,-1
307,34,603.34,42.64,25.49,74.45,0.8183,-1,-1,-1
307,39,461.85,53.04,46.30,106.72,0.7242,-1,-1,-1
308,2,728.90,40.24,22.68,61.47,0.7125,-1,-1,-1
308,5,713.10,35.34,22.22,65.31,0.7801,-1,-1,-1
308,19,786.37,22.54,27.97,34.34,1.0000,-1,-1,-1
308,26,468.68,54.96,30.28,77.28,1.0000,-1,-1,-1
308,27,411.92,99.44,55.81,142.59,0.8191,-1,-1,-1
308,30,405.05,55.22,37.36,92.72,0.7249,-1,-1,-1
308,32,849.12,34.87,13.23,73.33,1.0000,-1,-1,-1
308,34,603.30,42.69,25.49,74.38,0.8113,-1,-1,-1
308,39,462.65,50.58,47.45,110.56,0.8122,-1,-1,-1
309,2,729.86,40.20,22.91,61.69,0.7853,-1,-1,-1
309,5,713.93,35.02,22.53,65.90,0.8046,-1,-1,-1
309,19,786.39,22.53,27.95,34.32,1.0000,-1,-1,-1
309,26,470.46,54.59,29.63,75.60,1.0000,-1,-1,-1
309,27,407.38,99.44,56.01,144.00,0.8713,-1,-1,-1
309,30,407.51,54.37,35.58,88.00,0.6668,-1,-1,-1
309,32,849.38,33.68,13.36,74.09,1.0000,-1,-1,-1
309,34,603.40,42.73,25.43,74.10,0.8189,-1,-1,-1
309,39,464.07,48.00,47.90,113.03,0.8422,-1,-1,-1
310,2,731.00,40.39,22.83,61.20,0.8066,-1,-1,-1
310,5,714.70,33.67,22.92,66.87,0.7845,-1,-1,-1
310,19,786.42,22.52,27.94,34.31,1.0000,-1,-1,-1
310,26,472.24,54.22,28.97,73.92,1.0000,-1,-1,-1
310,27,406.70,99.87,55.55,145.67,0.8673,-1,-1,-1
310,30,409.90,54.00,34.64,85.67,1.0000,-1,-1,-1
310,32,849.64,32.49,13.50,74.86,1.0000,-1,-1,-1
310,34,603.60,42.51,25.64,74.56,0.8199,-1,-1,-1
310,39,466.21,47.98,47.07,112.62,0.8161,-1,-1,-1
311,2,732.08,40.25,22.73,60.76,0.7567,-1,-1,-1
311,5,715.57,34.19,22.61,65.62,0.7380,-1,-1,-1
311,19,786.45,22.51,27.93,34.29,1.0000,-1,-1,-1
311,26,474.01,53.85,28.31,72.24,1.0000,-1,-1,-1
311,27,404.68,100.54,54.40,145.03,0.8647,-1,-1,-1
311,30,412.29,53.62,33.70,83.34,1.0000,-1,-1,-1
311,32,849.90,31.30,13.63,75.62,1.0000,-1,-1,-1
311,34,603.62,42.53,25.68,74.46,0.8193,-1,-1,-1
311,39,468.50,49.39,45.64,110.67,0.8637,-1,-1,-1
312,2,733.45,39.55,22.94,61.31,0.6124,-1,-1,-1
312,5,716.43,34.29,22.62,65.08,0.5980,-1,-1,-1
312,19,786.48,22.50,27.91,34.27,1.0000,-1,-1,-1
312,26,475.79,53.48,27.65,70.55,1.0000,-1,-1,-1
312,27,395.69,101.84,55.41,147.67,0.9197,-1,-1,-1
312,30,414.69,53.25,32.76,81.01,1.0000,-1,-1,-1
312,32,850.16,30.12,13.77,76.38,1.0000,-1,-1,-1
312,34,603.84,42.57,25.72,74.46,0.8379,-1,-1,-1
312,39,471.53,53.52,43.20,105.38,0.8535,-1,-1,-1
313,2,734.27,38.93,23.09,61.44,0.6887,-1,-1,-1
313,5,716.90,34.72,22.53,64.16,0.6520,-1,-1,-1
313,19,786.50,22.49,27.90,34.25,1.0000,-1,-1,-1
313,26,477.57,53.12,26.99,68.87,1.0000,-1,-1,-1
313,27,389.08,102.75,55.95,148.08,0.9274,-1,-1,-1
313,30,417.08,52.88,31.82,78.68,1.0000,-1,-1,-1
313,32,850.41,28.93,13.91,77.14,1.0000,-1,-1,-1
313,34,604.17,42.70,25.71,74.39,0.8330,-1,-1,-1
313,39,472.93,54.63,42.37,103.97,0.8713,-1,-1,-1
314,2,734.82,38.83,23.12,61.13,0.7358,-1,-1,-1
314,5,716.84,35.25,22.33,63.31,0.5919,-1,-1,-1
314,19,786.53,22.48,27.88,34.24,1.0000,-1,-1,-1
314,26,479.35,52.75,26.33,67.19,1.0000,-1,-1,-1
314,27,385.85,103.31,55.97,147.93,0.9303,-1,-1,-1
314,30,419.47,52.50,30.88,76.35,1.0000,-1,-1,-1
314,32,850.67,27.74,14.04,77.90,1.0000,-1,-1,-1
314,34,604.47,42.77,25.55,74.02,0.8293,-1,-1,-1
314,39,473.95,54.80,41.99,103.41,0.8817,-1,-1,-1
315,2,735.78,38.79,23.12,60.89,0.7715,-1,-1,-1
315,5,717.82,34.90,22.56,63.30,0.6853,-1,-1,-1
315,19,786.56,22.47,27.87,34.22,1.0000,-1,-1,-1
315,26,481.12,52.38,25.67,65.51,1.0000,-1,-1,-1
315,27,380.81,103.51,56.45,147.95,0.9293,-1,-1,-1
315,30,421.87,52.13,29.94,74.03,1.0000,-1,-1,-1
315,32,850.93,26.55,14.18,78.66,1.0000,-1,-1,-1
315,34,604.42,42.85,25.58,74.03,0.8441,-1,-1,-1
315,39,474.81,53.23,42.39,105.03,0.8758,-1,-1,-1
316,2,736.38,39.03,22.87,59.92,0.7860,-1,-1,-1
316,5,718.42,34.47,22.85,63.46,0.6869,-1,-1,-1
316,19,786.59,22.46,27.85,34.20,1.0000,-1,-1,-1
316,26,482.90,52.01,25.01,63.83,1.0000,-1,-1,-1
316,27,376.07,103.70,56.75,148.19,0.9047,-1,-1,-1
316,30,417.99,53.09,39.29,98.02,0.8188,-1,-1,-1
316,32,851.19,25.36,14.31,79.43,1.0000,-1,-1,-1
316,34,604.31,42.78,25.67,74.09,0.8237,-1,-1,-1
316,39,476.26,52.72,41.86,104.34,0.8626,-1,-1,-1
317,2,737.00,39.36,22.42,58.21,0.7656,-1,-1,-1
317,5,719.46,35.02,22.70,62.10,0.6437,-1,-1,-1
317,19,786.62,22.45,27.84,34.18,1.0000,-1,-1,-1
317,26,484.68,51.64,24.35,62.14,1.0000,-1,-1,-1
317,27,374.78,102.89,56.55,148.91,0.8209,-1,-1,-1
317,30,419.02,53.01,39.63,100.03,0.7685,-1,-1,-1
317,32,851.45,24.17,14.45,80.19,1.0000,-1,-1,-1
317,34,604.42,42.67,25.66,74.00,0.8152,-1,-1,-1
317,39,478.14,52.30,41.17,103.27,0.8877,-1,-1,-1
318,2,737.32,39.62,22.62,58.44,0.7576,-1,-1,-1
318,5,720.72,35.33,22.43,61.12,0.6219,-1,-1,-1
318,19,786.64,22.44,27.82,34.17,1.0000,-1,-1,-1
318,26,486.45,51.28,23.70,60.46,1.0000,-1,-1,-1
318,27,371.92,102.13,56.66,149.54,0.8090,-1,-1,-1
318,30,419.89,52.87,39.52,100.11,0.7151,-1,-1,-1
318,32,851.71,22.98,14.58,80.95,1.0000,-1,-1,-1
318,34,604.50,42.67,25.73,74.10,0.8092,-1,-1,-1
318,39,480.17,52.96,40.14,101.22,0.8916,-1,-1,-1
319,2,737.33,39.64,22.97,59.19,0.7429,-1,-1,-1
319,5,721.36,35.54,22.38,60.97,0.5784,-1,-1,-1
319,19,786.67,22.43,27.81,34.15,1.0000,-1,-1,-1
319,26,488.23,50.91,23.04,58.78,1.0000,-1,-1,-1
319,27,364.82,102.16,56.79,149.78,0.8831,-1,-1,-1
319,30,420.38,52.44,40.04,101.63,0.6529,-1,-1,-1
319,32,851.96,21.79,14.72,81.71,1.0000,-1,-1,-1
319,34,604.53,42.74,25.78,74.16,0.8123,-1,-1,-1
319,39,482.15,53.40,39.17,99.22,0.8956,-1,-1,-1
320,2,737.77,39.63,23.16,59.59,0.7602,-1,-1,-1
320,5,722.41,35.54,22.37,60.85,0.6116,-1,-1,-1
320,19,786.70,22.42,27.80,34.13,1.0000,-1,-1,-1
320,26,490.01,50.54,22.38,57.10,1.0000,-1,-1,-1
320,27,359.90,102.14,56.91,149.88,0.9232,-1,-1,-1
320,30,420.28,51.07,41.19,104.69,0.8273,-1,-1,-1
320,32,852.22,20.60,14.85,82.47,1.0000,-1,-1,-1
320,34,604.61,42.77,25.81,74.16,0.8330,-1,-1,-1
320,39,483.50,53.33,38.55,98.00,0.8956,-1,-1,-1
321,2,738.07,39.49,23.41,60.36,0.7997,-1,-1,-1
321,5,723.24,35.28,22.35,60.97,0.6181,-1,-1,-1
321,19,786.73,22.41,27.78,34.11,1.0000,-1,-1,-1
321,26,491.78,50.17,21.72,55.42,1.0000,-1,-1,-1
321,27,355.80,102.02,57.35,150.32,0.9054,-1,-1,-1
321,30,421.00,50.38,41.67,106.00,0.8959,-1,-1,-1
321,32,852.48,19.41,14.99,83.23,1.0000,-1,-1,-1
321,34,604.91,42.84,25.85,74.21,0.8255,-1,-1,-1
321,39,484.18,53.22,38.44,97.97,0.8947,-1,-1,-1
322,2,738.26,39.13,23.52,61.00,0.7642,-1,-1,-1
322,5,723.27,34.96,22.45,61.29,0.5678,-1,-1,-1
322,19,786.75,22.40,27.77,34.10,1.0000,-1,-1,-1
322,26,493.56,49.80,21.06,53.74,1.0000,-1,-1,-1
322,27,351.77,102.73,57.71,150.22,0.8994,-1,-1,-1
322,30,422.81,50.36,41.52,105.71,0.9005,-1,-1,-1
322,32,852.74,18.22,15.12,84.00,1.0000,-1,-1,-1
322,34,605.19,42.80,25.80,74.32,0.8432,-1,-1,-1
322,39,484.68,52.89,39.10,100.04,0.8856,-1,-1,-1
323,2,739.21,39.13,23.38,60.77,0.7319,-1,-1,-1
323,5,722.71,33.82,23.10,62.98,0.6101,-1,-1,-1
323,19,786.78,22.39,27.75,34.08,1.0000,-1,-1,-1
323,26,495.34,49.44,20.40,52.05,1.0000,-1,-1,-1
323,27,347.90,103.62,58.32,150.81,0.9177,-1,-1,-1
323,30,424.86,51.04,40.99,104.48,0.9184,-1,-1,-1
323,32,853.00,17.03,15.26,84.76,1.0000,-1,-1,-1
323,34,605.10,42.63,25.76,74.38,0.8302,-1,-1,-1
323,39,485.40,52.10,39.62,101.76,0.8961,-1,-1,-1
324,2,740.01,38.83,23.22,60.57,0.7686,-1,-1,-1
324,5,723.07,33.32,23.21,63.55,0.6863,-1,-1,-1
324,19,786.81,22.38,27.74,34.06,1.0000,-1,-1,-1
324,26,497.11,49.07,19.74,50.37,1.0000,-1,-1,-1
324,27,344.17,104.97,59.04,151.12,0.9209,-1,-1,-1
324,30,426.53,51.46,40.44,103.05,0.9232,-1,-1,-1
324,32,853.26,15.84,15.39,85.52,1.0000,-1,-1,-1
324,34,605.22,42.66,25.68,74.38,0.8194,-1,-1,-1
324,39,486.41,51.30,39.84,103.00,0.8861,-1,-1,-1
325,2,740.54,38.82,23.01,60.31,0.7627,-1,-1,-1
325,5,724.00,33.40,22.98,63.70,0.7538,-1,-1,-1
325,19,786.84,22.37,27.72,34.04,1.0000,-1,-1,-1
325,26,498.89,48.70,19.08,48.69,1.0000,-1,-1,-1
325,27,340.87,105.79,60.34,152.61,0.9298,-1,-1,-1
325,30,428.15,51.97,39.80,101.35,0.9035,-1,-1,-1
325,32,853.51,14.65,15.53,86.28,1.0000,-1,-1,-1
325,34,605.27,42.74,25.59,74.27,0.8118,-1,-1,-1
325,39,487.22,51.11,39.68,103.25,0.8742,-1,-1,-1
326,2,740.64,38.67,22.96,60.42,0.7116,-1,-1,-1
326,5,724.93,33.49,22.62,63.35,0.7279,-1,-1,-1
326,19,786.87,22.36,27.71,34.03,1.0000,-1,-1,-1
326,26,500.67,48.33,18.42,47.01,1.0000,-1,-1,-1
326,27,338.26,105.90,61.39,153.33,0.9230,-1,-1,-1
326,30,429.99,52.15,39.54,100.31,0.8826,-1,-1,-1
326,32,853.77,13.46,15.66,87.04,1.0000,-1,-1,-1
326,34,605.33,42.64,25.60,74.33,0.8263,-1,-1,-1
326,39,488.04,50.99,39.38,103.09,0.8579,-1,-1,-1
327,2,741.15,38.67,22.77,60.07,0.6310,-1,-1,-1
327,5,725.72,33.66,22.24,62.97,0.7258,-1,-1,-1
327,19,786.89,22.35,27.70,34.01,1.0000,-1,-1,-1
327,26,502.44,47.96,17.77,45.33,1.0000,-1,-1,-1
327,27,334.53,106.07,62.17,153.59,0.9195,-1,-1,-1
327,30,431.22,52.25,40.02,101.00,0.9128,-1,-1,-1
327,32,854.03,12.28,15.80,87.80,1.0000,-1,-1,-1
327,34,605.34,42.55,25.61,74.45,0.8271,-1,-1,-1
327,39,488.35,50.46,39.32,103.42,0.8554,-1,-1,-1
328,2,741.18,38.61,22.89,60.40,0.5982,-1,-1,-1
328,5,726.42,33.43,22.05,63.08,0.6545,-1,-1,-1
328,19,786.92,22.34,27.68,33.99,1.0000,-1,-1,-1
328,27,331.29,106.26,62.45,153.22,0.9137,-1,-1,-1
328,30,432.64,51.40,40.52,101.70,0.9121,-1,-1,-1
328,32,854.29,11.09,15.93,88.57,1.0000,-1,-1,-1
328,34,605.55,42.41,25.77,74.70,0.8352,-1,-1,-1
328,39,488.63,49.91,39.34,103.76,0.8558,-1,-1,-1
329,2,741.22,38.76,22.87,60.27,0.7112,-1,-1,-1
329,5,726.87,33.58,21.77,62.83,0.6962,-1,-1,-1
329,19,786.95,22.33,27.67,33.97,1.0000,-1,-1,-1
329,27,327.46,105.53,62.67,154.08,0.9071,-1,-1,-1
329,30,434.52,51.00,40.66,101.61,0.8690,-1,-1,-1
329,32,854.55,9.90,16.07,89.33,1.0000,-1,-1,-1
329,34,605.61,42.32,25.85,74.70,0.8352,-1,-1,-1
329,39,489.12,49.66,39.05,102.89,0.8544,-1,-1,-1
329,43,844.75,27.05,9.94,38.06,0.3865,-1,-1,-1
330,2,741.51,38.98,22.74,59.82,0.7529,-1,-1,-1
330,5,727.17,33.47,21.53,62.73,0.7254,-1,-1,-1
330,19,786.98,22.32,27.65,33.95,1.0000,-1,-1,-1
330,27,323.08,105.35,62.22,154.31,0.9038,-1,-1,-1
330,30,435.89,50.12,40.78,101.58,0.8785,-1,-1,-1
330,32,854.81,8.71,16.20,90.09,1.0000,-1,-1,-1
330,34,605.76,42.54,25.79,74.45,0.8392,-1,-1,-1
330,39,489.29,48.25,38.98,102.33,0.8539,-1,-1,-1
330,43,844.65,27.47,9.89,37.42,0.4029,-1,-1,-1
331,2,742.47,38.97,22.60,59.52,0.7246,-1,-1,-1
331,5,727.79,33.16,21.58,63.09,0.7050,-1,-1,-1
331,19,787.00,22.31,27.64,33.94,1.0000,-1,-1,-1
331,27,318.60,104.81,61.63,154.79,0.9186,-1,-1,-1
331,30,437.84,49.30,40.75,101.49,0.8882,-1,-1,-1
331,34,605.86,42.43,25.85,74.57,0.8437,-1,-1,-1
331,39,489.50,46.29,39.23,102.52,0.8490,-1,-1,-1
331,43,844.76,28.43,9.78,36.53,0.3983,-1,-1,-1
332,2,743.50,39.06,22.41,58.91,0.7325,-1,-1,-1
332,5,728.72,32.53,21.78,63.68,0.7741,-1,-1,-1
332,27,314.77,104.90,61.45,156.00,0.9248,-1,-1,-1
332,30,439.43,49.39,40.67,101.06,0.8986,-1,-1,-1
332,34,605.73,42.55,25.85,74.43,0.8380,-1,-1,-1
332,39,489.91,46.50,38.82,100.88,0.8581,-1,-1,-1
332,43,844.41,28.71,10.08,37.07,0.4660,-1,-1,-1
333,2,744.02,39.21,22.39,58.66,0.6885,-1,-1,-1
333,5,729.30,32.12,21.86,63.90,0.7494,-1,-1,-1
333,27,310.86,105.37,61.73,158.47,0.9261,-1,-1,-1
333,30,440.69,49.02,40.77,101.21,0.8806,-1,-1,-1
333,34,605.69,42.27,25.92,74.62,0.8342,-1,-1,-1
333,39,490.30,45.34,38.77,100.30,0.8788,-1,-1,-1
333,43,844.35,29.19,10.13,36.56,0.4529,-1,-1,-1
334,2,745.13,39.28,22.22,58.20,0.6625,-1,-1,-1
334,5,730.09,32.12,21.91,63.87,0.7630,-1,-1,-1
334,27,309.33,105.75,60.77,158.36,0.9121,-1,-1,-1
334,30,442.29,48.55,40.68,101.32,0.8762,-1,-1,-1
334,34,605.80,42.22,25.92,74.64,0.8402,-1,-1,-1
334,39,490.84,45.31,38.82,100.28,0.8963,-1,-1,-1
334,43,844.03,28.63,10.55,37.45,0.3163,-1,-1,-1
335,2,745.89,39.37,22.03,57.83,0.6347,-1,-1,-1
335,5,730.56,31.54,22.23,64.57,0.7348,-1,-1,-1
335,27,306.87,106.71,60.34,160.22,0.9044,-1,-1,-1
335,30,443.63,48.05,40.73,101.98,0.8900,-1,-1,-1
335,34,605.83,42.22,25.88,74.63,0.8247,-1,-1,-1
335,39,491.53,45.75,38.59,99.63,0.8902,-1,-1,-1
335,43,844.06,29.84,10.29,35.67,0.4043,-1,-1,-1
335,45,796.49,26.35,18.72,45.35,0.4616,-1,-1,-1
336,2,747.19,38.72,21.90,57.55,0.6108,-1,-1,-1
336,5,731.54,31.98,21.88,63.21,0.6910,-1,-1,-1
336,27,300.04,108.36,61.08,162.20,0.9358,-1,-1,-1
336,30,444.80,47.62,40.52,102.02,0.8959,-1,-1,-1
336,34,605.92,42.61,25.78,74.30,0.8318,-1,-1,-1
336,39,492.50,46.54,38.02,98.20,0.8665,-1,-1,-1
336,43,843.61,30.90,10.19,34.13,0.5278,-1,-1,-1
336,45,797.43,26.89,18.77,45.41,0.7500,-1,-1,-1
337,2,747.90,38.18,21.91,57.63,0.6526,-1,-1,-1
337,5,731.72,31.60,21.95,63.01,0.7028,-1,-1,-1
337,27,296.34,109.59,61.24,162.28,0.9154,-1,-1,-1
337,30,445.46,47.87,40.36,102.03,0.9007,-1,-1,-1
337,34,605.96,42.73,25.75,74.23,0.8381,-1,-1,-1
337,39,493.43,48.59,37.16,95.85,0.8763,-1,-1,-1
337,43,843.15,30.86,10.45,33.84,0.4213,-1,-1,-1
337,45,797.90,27.02,18.91,45.71,0.7080,-1,-1,-1
338,2,748.49,37.88,21.77,57.11,0.7338,-1,-1,-1
338,5,731.95,32.26,21.72,61.79,0.6463,-1,-1,-1
338,27,293.90,110.36,60.62,161.49,0.9153,-1,-1,-1
338,30,446.30,48.03,39.81,100.90,0.9006,-1,-1,-1
338,34,605.93,42.71,25.81,74.31,0.8338,-1,-1,-1
338,39,494.28,49.25,36.73,94.63,0.8624,-1,-1,-1
338,43,842.53,30.62,10.97,34.31,0.5450,-1,-1,-1
338,45,798.12,27.26,18.94,45.76,0.7337,-1,-1,-1
339,2,748.84,37.50,21.84,57.02,0.7745,-1,-1,-1
339,5,732.07,33.36,21.43,60.51,0.6727,-1,-1,-1
339,27,290.39,110.17,60.20,162.01,0.9034,-1,-1,-1
339,30,447.64,48.66,38.89,98.84,0.8877,-1,-1,-1
339,34,605.96,42.81,25.78,74.19,0.8231,-1,-1,-1
339,39,495.38,49.95,36.22,93.51,0.8422,-1,-1,-1
339,43,841.92,31.70,11.05,33.42,0.5594,-1,-1,-1
339,45,798.62,27.46,19.03,45.87,0.7881,-1,-1,-1
340,2,748.96,37.24,22.08,57.28,0.7498,-1,-1,-1
340,5,732.11,34.10,21.20,59.59,0.5231,-1,-1,-1
340,27,286.31,110.53,59.14,161.91,0.9072,-1,-1,-1
340,30,448.99,48.98,38.60,98.84,0.8678,-1,-1,-1
340,34,605.93,42.79,25.78,74.19,0.8148,-1,-1,-1
340,39,496.20,50.81,35.78,92.76,0.8371,-1,-1,-1
340,43,841.47,31.45,11.42,33.57,0.4648,-1,-1,-1
340,45,799.15,27.62,19.14,45.99,0.7485,-1,-1,-1
341,2,749.23,37.36,22.07,56.98,0.7519,-1,-1,-1
341,5,732.52,35.04,20.91,58.41,0.4759,-1,-1,-1
341,27,281.52,110.48,57.61,161.03,0.9050,-1,-1,-1
341,30,450.13,49.08,38.08,98.15,0.8685,-1,-1,-1
341,34,605.89,42.81,25.76,74.13,0.8169,-1,-1,-1
341,39,497.11,51.13,35.31,92.06,0.8584,-1,-1,-1
341,43,841.01,31.28,11.78,33.87,0.3888,-1,-1,-1
341,45,799.60,27.50,19.31,46.17,0.7398,-1,-1,-1
342,2,749.35,37.57,22.04,56.45,0.7403,-1,-1,-1
342,5,733.35,35.39,20.93,58.19,0.5121,-1,-1,-1
342,27,276.45,110.22,56.21,160.62,0.9031,-1,-1,-1
342,30,451.29,48.76,37.89,98.38,0.8358,-1,-1,-1
342,34,605.95,42.86,25.75,74.11,0.8237,-1,-1,-1
342,39,497.69,50.77,34.93,91.47,0.8657,-1,-1,-1
342,43,840.81,31.62,11.66,33.52,1.0000,-1,-1,-1
342,45,800.12,27.80,19.40,46.10,0.7404,-1,-1,-1
343,2,749.99,38.37,21.59,54.88,0.6686,-1,-1,-1
343,5,734.12,35.10,21.08,58.25,0.4422,-1,-1,-1
343,27,271.96,110.20,55.18,160.99,0.9120,-1,-1,-1
343,30,452.55,47.45,37.80,99.11,0.8447,-1,-1,-1
343,34,605.94,42.71,25.81,74.28,0.8215,-1,-1,-1
343,39,498.15,49.31,34.64,90.98,0.8606,-1,-1,-1
343,43,840.60,31.97,11.54,33.18,1.0000,-1,-1,-1
343,45,800.49,27.76,19.53,46.07,0.6481,-1,-1,-1
343,47,43.17,52.16,33.33,98.06,0.6948,-1,-1,-1
344,2,750.29,38.80,21.51,54.32,0.6278,-1,-1,-1
344,5,735.35,34.22,21.28,58.54,0.3507,-1,-1,-1
344,27,267.83,110.00,54.35,160.64,0.9179,-1,-1,-1
344,30,453.37,46.54,37.75,99.26,0.8478,-1,-1,-1
344,34,605.97,42.67,25.84,74.41,0.8165,-1,-1,-1
344,39,498.40,47.57,34.70,91.44,0.8372,-1,-1,-1
344,43,839.11,31.36,12.33,34.23,0.3575,-1,-1,-1
344,45,801.31,28.13,19.52,45.66,0.5520,-1,-1,-1
344,47,40.34,52.70,33.15,98.28,0.6708,-1,-1,-1
345,2,750.62,38.79,21.59,54.38,0.6155,-1,-1,-1
345,5,736.05,32.59,21.85,60.19,0.4298,-1,-1,-1
345,27,263.68,110.36,54.14,160.93,0.9296,-1,-1,-1
345,30,454.36,46.65,37.33,98.27,0.8430,-1,-1,-1
345,34,605.96,42.69,25.83,74.34,0.8156,-1,-1,-1
345,39,498.37,47.44,34.58,91.23,0.8567,-1,-1,-1
345,43,838.13,32.22,12.53,33.61,0.4297,-1,-1,-1
345,45,803.09,27.79,19.51,45.51,0.3277,-1,-1,-1
345,47,38.56,53.81,32.97,98.42,0.8262,-1,-1,-1
346,2,750.57,38.58,22.16,55.95,0.6728,-1,-1,-1
346,5,736.71,32.45,21.82,60.12,1.0000,-1,-1,-1
346,27,257.65,110.71,55.03,160.88,0.9368,-1,-1,-1
346,30,455.60,48.30,36.55,96.10,0.8059,-1,-1,-1
346,34,605.94,42.62,25.82,74.33,0.8068,-1,-1,-1
346,39,498.19,46.79,34.88,92.39,0.8537,-1,-1,-1
346,43,837.70,32.72,12.67,33.31,0.3804,-1,-1,-1
346,45,803.78,27.89,19.52,45.52,1.0000,-1,-1,-1
346,47,37.33,54.06,32.85,98.62,0.8072,-1,-1,-1
347,2,750.65,38.28,22.23,56.30,0.6233,-1,-1,-1
347,5,736.41,32.55,21.85,60.31,0.3178,-1,-1,-1
347,27,251.37,111.19,56.72,160.72,0.9336,-1,-1,-1
347,30,456.71,49.60,36.10,94.53,0.8010,-1,-1,-1
347,34,605.88,42.62,25.81,74.30,0.8078,-1,-1,-1
347,39,498.36,46.93,34.73,92.45,0.8408,-1,-1,-1
347,43,837.34,33.06,12.58,33.06,1.0000,-1,-1,-1
347,45,804.47,27.99,19.52,45.53,1.0000,-1,-1,-1
347,47,36.60,55.01,32.84,98.59,0.8541,-1,-1,-1
348,2,750.54,38.00,22.29,56.23,0.5842,-1,-1,-1
348,5,736.96,32.44,21.83,60.27,1.0000,-1,-1,-1
348,27,245.43,112.30,58.93,159.95,0.9376,-1,-1,-1
348,30,458.10,50.08,35.90,93.41,0.8371,-1,-1,-1
348,34,605.92,42.73,25.81,74.24,0.8132,-1,-1,-1
348,39,498.66,47.06,34.49,92.32,0.8190,-1,-1,-1
348,43,836.98,33.39,12.48,32.81,1.0000,-1,-1,-1
348,45,805.16,28.10,19.52,45.54,1.0000,-1,-1,-1
348,47,35.69,55.65,32.72,97.91,0.8244,-1,-1,-1
349,2,750.66,37.74,22.49,56.69,0.5217,-1,-1,-1
349,5,737.38,32.66,21.71,60.16,0.3465,-1,-1,-1
349,27,241.58,113.27,61.12,159.91,0.9434,-1,-1,-1
349,30,459.15,49.00,36.37,94.10,0.8875,-1,-1,-1
349,34,605.96,42.71,25.83,74.24,0.8202,-1,-1,-1
349,39,499.17,46.59,34.44,92.73,0.7949,-1,-1,-1
349,43,836.62,33.72,12.39,32.57,1.0000,-1,-1,-1
349,45,805.85,28.20,19.53,45.54,1.0000,-1,-1,-1
349,47,34.62,56.25,32.79,97.49,0.6659,-1,-1,-1
350,2,751.84,37.49,22.30,56.64,0.4247,-1,-1,-1
350,5,737.82,32.66,21.70,60.37,0.5772,-1,-1,-1
350,27,238.82,113.58,63.14,160.47,0.9389,-1,-1,-1
350,30,460.17,48.05,36.64,94.23,0.8837,-1,-1,-1
350,34,605.90,42.51,25.95,74.57,0.8105,-1,-1,-1
350,39,499.11,45.41,34.60,93.88,0.7938,-1,-1,-1
350,43,836.26,34.06,12.30,32.32,1.0000,-1,-1,-1
350,45,806.54,28.30,19.53,45.55,1.0000,-1,-1,-1
350,47,33.24,56.48,33.13,97.66,0.5631,-1,-1,-1
350,48,811.02,30.80,15.12,44.39,0.5331,-1,-1,-1
351,2,752.38,37.08,22.32,56.91,0.5311,-1,-1,-1
351,5,738.32,32.40,21.59,60.42,0.6390,-1,-1,-1
351,27,236.31,114.16,64.52,160.62,0.9177,-1,-1,-1
351,30,461.33,47.89,36.51,93.35,0.8615,-1,-1,-1
351,34,605.94,42.63,25.95,74.46,0.8210,-1,-1,-1
351,39,498.78,44.20,34.67,94.97,0.7690,-1,-1,-1
351,43,835.90,34.39,12.20,32.07,1.0000,-1,-1,-1
351,45,807.23,28.41,19.53,45.56,1.0000,-1,-1,-1
351,47,30.93,56.91,33.35,97.45,0.7637,-1,-1,-1
351,48,811.80,31.64,15.10,44.11,0.4430,-1,-1,-1
352,2,753.02,37.06,22.05,56.45,0.5152,-1,-1,-1
352,5,739.23,32.23,21.30,60.14,0.6621,-1,-1,-1
352,27,232.17,114.15,65.74,161.13,0.9017,-1,-1,-1
352,30,462.73,48.51,36.53,92.91,0.8445,-1,-1,-1
352,34,606.01,42.74,25.91,74.33,0.8058,-1,-1,-1
352,39,498.39,43.57,34.48,95.25,0.6707,-1,-1,-1
352,43,835.53,34.72,12.11,31.83,1.0000,-1,-1,-1
352,45,807.92,28.51,19.54,45.57,1.0000,-1,-1,-1
352,47,28.14,56.79,33.65,97.85,0.7293,-1,-1,-1
352,48,812.19,32.14,15.06,43.99,1.0000,-1,-1,-1
353,2,753.52,37.33,21.96,56.43,0.6612,-1,-1,-1
353,5,739.92,32.02,21.10,60.06,0.7072,-1,-1,-1
353,27,226.69,113.32,66.45,162.38,0.9059,-1,-1,-1
353,30,463.78,48.36,36.90,93.20,0.8285,-1,-1,-1
353,34,606.00,42.67,25.94,74.41,0.8088,-1,-1,-1
353,39,497.56,43.61,34.14,94.80,0.5524,-1,-1,-1
353,43,835.17,35.06,12.01,31.58,1.0000,-1,-1,-1
353,45,808.61,28.62,19.54,45.58,1.0000,-1,-1,-1
353,47,25.50,56.86,33.67,97.73,0.7744,-1,-1,-1
353,48,812.58,32.64,15.02,43.87,1.0000,-1,-1,-1
354,2,754.04,37.31,21.92,56.63,0.6342,-1,-1,-1
354,5,740.66,31.86,21.07,60.23,0.7326,-1,-1,-1
354,27,221.72,113.29,65.57,162.45,0.9029,-1,-1,-1
354,30,464.52,47.71,37.48,93.85,0.8456,-1,-1,-1
354,34,605.98,42.77,25.90,74.26,0.8103,-1,-1,-1
354,39,496.93,43.45,33.93,94.79,0.7072,-1,-1,-1
354,43,834.81,35.39,11.92,31.33,1.0000,-1,-1,-1
354,45,809.30,28.72,19.54,45.58,1.0000,-1,-1,-1
354,47,23.28,56.96,33.49,97.12,0.7600,-1,-1,-1
354,48,812.97,33.14,14.98,43.75,1.0000,-1,-1,-1
355,2,754.10,37.24,21.93,56.76,0.6853,-1,-1,-1
355,5,741.18,31.90,20.75,59.47,0.6979,-1,-1,-1
355,27,215.31,112.72,64.45,163.31,0.8862,-1,-1,-1
355,30,465.55,46.84,37.76,94.33,0.8604,-1,-1,-1
355,34,605.90,42.64,25.94,74.38,0.8030,-1,-1,-1
355,39,496.44,42.81,33.96,95.31,0.6947,-1,-1,-1
355,43,834.45,35.72,11.83,31.08,1.0000,-1,-1,-1
355,45,809.99,28.82,19.55,45.59,1.0000,-1,-1,-1
355,47,20.98,57.27,33.25,96.75,0.6378,-1,-1,-1
355,48,813.36,33.64,14.94,43.63,1.0000,-1,-1,-1
356,2,754.55,37.46,21.74,56.46,0.4825,-1,-1,-1
356,5,741.72,31.75,20.81,59.42,0.6727,-1,-1,-1
356,27,208.74,112.48,62.74,163.54,0.8624,-1,-1,-1
356,30,466.45,46.42,37.68,94.09,0.8182,-1,-1,-1
356,34,605.92,42.52,25.93,74.41,0.8006,-1,-1,-1
356,39,496.91,42.30,33.41,94.39,0.6382,-1,-1,-1
356,43,834.09,36.06,11.73,30.84,1.0000,-1,-1,-1
356,45,810.68,28.93,19.55,45.60,1.0000,-1,-1,-1
356,47,17.97,57.76,32.97,96.88,0.3356,-1,-1,-1
356,48,813.75,34.14,14.90,43.51,1.0000,-1,-1,-1
357,2,755.24,37.63,21.50,56.07,0.5377,-1,-1,-1
357,5,741.79,31.92,20.71,59.00,0.6742,-1,-1,-1
357,27,201.96,112.58,62.49,166.49,0.9028,-1,-1,-1
357,30,467.78,46.14,37.37,93.46,0.7940,-1,-1,-1
357,34,605.93,42.46,25.92,74.39,0.7987,-1,-1,-1
357,39,497.60,41.51,32.66,92.99,0.5940,-1,-1,-1
357,43,833.73,36.39,11.64,30.59,1.0000,-1,-1,-1
357,45,811.37,29.03,19.55,45.61,1.0000,-1,-1,-1
357,47,16.08,58.05,32.80,96.76,0.8036,-1,-1,-1
357,48,814.14,34.64,14.86,43.39,1.0000,-1,-1,-1
357,50,804.88,31.02,18.89,45.14,0.5813,-1,-1,-1
358,2,756.12,37.63,21.49,56.22,0.6454,-1,-1,-1
358,5,742.13,32.21,20.85,59.06,0.7256,-1,-1,-1
358,27,197.90,112.83,61.98,168.40,0.9023,-1,-1,-1
358,30,468.97,46.14,37.28,93.70,0.7696,-1,-1,-1
358,34,605.94,42.42,25.91,74.38,0.8092,-1,-1,-1
358,39,498.14,41.40,31.71,90.80,0.5383,-1,-1,-1
358,43,833.37,36.72,11.54,30.34,1.0000,-1,-1,-1
358,45,812.06,29.13,19.56,45.62,1.0000,-1,-1,-1
358,47,14.91,57.65,33.18,97.96,0.8413,-1,-1,-1
358,48,814.53,35.14,14.81,43.27,1.0000,-1,-1,-1
358,50,804.99,31.21,18.73,44.97,0.6129,-1,-1,-1
359,2,756.92,37.73,21.47,56.25,0.7118,-1,-1,-1
359,5,742.33,32.30,20.90,58.89,0.7506,-1,-1,-1
359,27,195.56,113.94,61.38,169.21,0.9208,-1,-1,-1
359,30,470.73,46.91,36.43,92.27,0.6830,-1,-1,-1
359,34,605.94,42.41,25.89,74.37,0.8048,-1,-1,-1
359,39,498.20,40.71,30.95,89.42,0.3011,-1,-1,-1
359,43,833.01,37.05,11.45,30.10,1.0000,-1,-1,-1
359,45,812.75,29.24,19.56,45.62,1.0000,-1,-1,-1
359,47,14.26,58.70,32.96,97.20,0.8140,-1,-1,-1
359,48,814.92,35.64,14.77,43.15,1.0000,-1,-1,-1
359,50,805.54,31.44,18.42,44.61,0.4920,-1,-1,-1
360,2,758.87,37.91,21.12,55.62,0.6635,-1,-1,-1
360,5,742.64,32.48,20.79,58.22,0.6635,-1,-1,-1
360,27,187.74,115.98,62.29,169.01,0.9260,-1,-1,-1
360,30,472.72,48.26,35.09,90.07,0.5438,-1,-1,-1
360,34,605.99,42.52,25.86,74.24,0.8059,-1,-1,-1
360,39,498.26,40.27,30.78,88.92,1.0000,-1,-1,-1
360,43,832.65,37.39,11.36,29.85,1.0000,-1,-1,-1
360,45,813.43,29.34,19.56,45.63,1.0000,-1,-1,-1
360,47,13.01,59.81,32.92,96.18,0.4732,-1,-1,-1
360,48,815.31,36.14,14.73,43.03,1.0000,-1,-1,-1
360,50,805.63,31.71,18.30,44.32,1.0000,-1,-1,-1
360,51,819.82,33.92,13.94,42.03,0.3083,-1,-1,-1