4,1,104.29,88.70,77.09,195.73,0.9439,-1,-1,-1
4,2,583.41,34.14,25.93,85.91,0.8728,-1,-1,-1
5,1,107.90,88.43,76.80,194.33,0.9378,-1,-1,-1
5,2,583.78,34.10,26.07,85.96,0.8787,-1,-1,-1
5,3,524.60,34.02,27.73,88.15,0.8330,-1,-1,-1
6,1,112.70,87.48,75.92,191.78,0.9276,-1,-1,-1
6,2,583.91,34.17,26.17,85.86,0.8781,-1,-1,-1
6,3,525.31,33.91,28.32,87.96,0.8717,-1,-1,-1
7,1,117.65,87.05,74.33,188.31,0.9082,-1,-1,-1
7,2,583.95,34.20,26.29,85.79,0.8781,-1,-1,-1
7,3,526.24,34.53,28.78,87.07,0.8077,-1,-1,-1
8,1,121.65,84.50,73.65,188.88,0.9041,-1,-1,-1
8,2,584.22,34.17,26.43,85.69,0.8806,-1,-1,-1
8,3,527.23,35.93,29.06,85.40,0.6634,-1,-1,-1
9,1,125.20,82.42,72.31,188.89,0.9102,-1,-1,-1
9,2,584.41,33.84,26.58,85.78,0.8786,-1,-1,-1
9,3,527.51,35.74,29.94,85.48,0.5506,-1,-1,-1
10,1,129.94,80.98,70.51,187.94,0.9036,-1,-1,-1
10,2,584.56,33.90,26.72,85.81,0.8788,-1,-1,-1
10,3,528.58,36.14,29.76,84.97,1.0000,-1,-1,-1
11,1,135.99,79.60,69.01,187.28,0.9145,-1,-1,-1
11,2,584.81,34.02,26.85,85.81,0.8833,-1,-1,-1
11,3,529.65,36.53,29.58,84.46,1.0000,-1,-1,-1
12,1,142.26,79.43,67.45,185.67,0.9109,-1,-1,-1
12,2,585.23,34.08,27.19,86.29,0.8948,-1,-1,-1
12,3,539.01,34.47,30.19,86.43,0.5786,-1,-1,-1
13,1,149.83,79.25,66.99,184.98,0.9121,-1,-1,-1
13,2,585.80,34.14,27.23,86.17,0.8986,-1,-1,-1
13,3,541.06,34.69,30.09,86.19,0.7918,-1,-1,-1
14,1,158.56,79.41,67.08,183.96,0.9183,-1,-1,-1
14,2,586.11,34.14,27.33,86.16,0.9045,-1,-1,-1
14,3,542.23,35.93,29.91,85.17,0.8668,-1,-1,-1
15,1,164.06,79.52,67.68,182.89,0.9252,-1,-1,-1
15,2,586.47,33.96,27.50,86.22,0.9060,-1,-1,-1
15,3,543.62,35.61,30.13,85.02,0.8590,-1,-1,-1
16,1,167.90,80.14,69.27,183.07,0.9415,-1,-1,-1
16,2,587.01,34.16,27.62,86.02,0.9048,-1,-1,-1
16,3,544.96,34.42,30.75,86.08,0.8044,-1,-1,-1
17,1,169.53,80.38,70.50,182.36,0.9408,-1,-1,-1
17,2,587.48,34.14,27.77,85.94,0.8999,-1,-1,-1
17,3,546.85,33.43,31.39,86.83,0.8079,-1,-1,-1
17,5,30.37,47.97,36.39,110.25,0.7928,-1,-1,-1
18,1,170.21,80.17,71.67,181.74,0.9399,-1,-1,-1
18,2,587.98,34.28,28.01,85.85,0.8983,-1,-1,-1
18,3,548.14,32.87,32.09,87.72,0.8127,-1,-1,-1
18,5,33.02,47.88,36.69,110.64,0.8227,-1,-1,-1
19,1,171.14,79.72,72.43,181.16,0.9325,-1,-1,-1
19,2,589.15,34.60,28.17,85.46,0.8967,-1,-1,-1
19,3,548.84,33.24,32.19,87.44,0.8383,-1,-1,-1
19,5,35.86,47.21,36.41,109.78,0.7957,-1,-1,-1
20,1,173.42,79.34,72.26,179.46,0.9205,-1,-1,-1
20,2,590.30,34.72,28.50,85.37,0.8837,-1,-1,-1
20,3,549.49,33.40,32.18,87.01,0.8653,-1,-1,-1
20,5,38.91,46.96,35.72,108.09,0.7341,-1,-1,-1
21,1,177.51,77.79,71.55,178.32,0.9217,-1,-1,-1
21,2,591.25,34.80,28.86,85.25,0.8798,-1,-1,-1
21,3,550.03,34.04,32.03,85.97,0.8559,-1,-1,-1
21,5,41.28,45.59,35.38,108.01,0.7887,-1,-1,-1
22,1,181.72,76.54,70.11,177.30,0.9081,-1,-1,-1
22,2,591.70,35.02,29.30,85.18,0.8779,-1,-1,-1
22,3,550.76,34.55,32.00,85.14,0.8433,-1,-1,-1
22,5,44.99,44.38,35.17,108.23,0.7474,-1,-1,-1
23,1,187.58,75.51,67.98,176.75,0.9024,-1,-1,-1
23,2,591.91,35.03,29.82,85.17,0.8786,-1,-1,-1
23,3,551.37,34.54,32.25,84.85,0.8380,-1,-1,-1
23,5,47.80,43.92,35.09,107.98,1.0000,-1,-1,-1
24,1,193.68,74.55,65.80,176.22,0.9182,-1,-1,-1
24,2,592.53,35.22,30.19,85.01,0.8789,-1,-1,-1
24,3,552.30,34.35,32.34,84.64,0.8233,-1,-1,-1
24,5,50.61,43.47,35.01,107.72,1.0000,-1,-1,-1
25,1,200.03,73.63,65.07,177.31,0.9209,-1,-1,-1
25,2,593.40,35.18,30.50,84.96,0.8766,-1,-1,-1
25,3,553.31,34.22,32.35,84.50,0.8034,-1,-1,-1
25,5,53.42,43.01,34.92,107.47,1.0000,-1,-1,-1
26,1,206.68,73.11,64.97,178.00,0.9302,-1,-1,-1
26,2,594.00,35.54,30.64,84.46,0.8792,-1,-1,-1
26,3,553.96,33.30,32.76,85.66,0.8063,-1,-1,-1
26,5,60.57,41.86,37.63,114.75,0.5221,-1,-1,-1
27,1,212.60,73.01,65.03,178.11,0.9205,-1,-1,-1
27,2,594.56,35.44,31.07,84.74,0.8812,-1,-1,-1
27,3,555.07,32.54,32.84,86.39,0.8059,-1,-1,-1
27,5,64.34,41.55,37.66,113.43,0.6732,-1,-1,-1
28,1,218.53,73.10,65.27,178.06,0.9263,-1,-1,-1
28,2,595.02,35.19,31.47,84.97,0.8900,-1,-1,-1
28,3,556.34,32.18,32.69,86.74,0.8357,-1,-1,-1
28,5,67.54,41.27,37.83,112.65,0.5187,-1,-1,-1
29,1,223.58,73.30,65.49,177.60,0.9282,-1,-1,-1
29,2,595.55,34.96,31.87,85.31,0.8966,-1,-1,-1
29,3,557.59,32.20,32.19,86.13,0.8494,-1,-1,-1
29,5,70.92,40.78,37.90,112.89,1.0000,-1,-1,-1
30,1,227.24,73.24,66.11,177.15,0.9273,-1,-1,-1
30,2,596.15,34.90,32.19,85.50,0.8977,-1,-1,-1
30,3,558.15,32.10,31.98,86.47,0.8973,-1,-1,-1
30,5,73.97,41.27,38.25,111.99,0.5231,-1,-1,-1
31,1,230.11,73.03,66.82,176.47,0.9227,-1,-1,-1
31,2,597.14,34.90,32.18,85.12,0.8987,-1,-1,-1
31,3,558.43,32.01,31.65,86.55,0.8891,-1,-1,-1
31,5,75.84,41.48,39.62,113.93,0.7440,-1,-1,-1
32,1,232.66,72.33,67.58,176.02,0.9325,-1,-1,-1
32,2,598.09,34.82,32.31,85.14,0.9001,-1,-1,-1
32,3,558.93,31.95,31.32,86.64,0.8944,-1,-1,-1
32,5,79.09,41.17,39.73,114.25,1.0000,-1,-1,-1
33,1,235.65,71.29,67.88,175.38,0.9261,-1,-1,-1
33,2,598.95,34.81,32.14,84.58,0.8925,-1,-1,-1
33,3,559.65,32.07,30.71,86.03,0.8831,-1,-1,-1
33,5,82.34,40.85,39.84,114.57,1.0000,-1,-1,-1
34,1,240.15,70.55,66.75,172.43,0.9279,-1,-1,-1
34,2,599.44,34.60,32.33,84.88,0.8886,-1,-1,-1
34,3,560.24,32.07,30.14,85.44,0.8885,-1,-1,-1
34,5,85.58,40.54,39.95,114.88,1.0000,-1,-1,-1
35,1,243.63,69.24,65.40,169.92,0.9280,-1,-1,-1
35,2,599.57,34.80,32.39,84.80,0.8887,-1,-1,-1
35,3,560.74,32.33,29.60,84.58,0.8966,-1,-1,-1
35,5,93.12,40.85,34.58,102.59,0.5777,-1,-1,-1
36,1,246.25,67.96,63.76,167.76,0.9162,-1,-1,-1
36,2,599.74,34.87,32.48,84.96,0.9002,-1,-1,-1
36,3,561.41,32.47,29.27,84.13,0.8877,-1,-1,-1
36,5,96.09,39.63,33.15,101.55,0.5084,-1,-1,-1
37,1,249.05,66.90,62.71,168.18,0.9171,-1,-1,-1
37,2,600.02,34.74,32.53,85.08,0.8896,-1,-1,-1
37,3,562.25,32.77,28.93,83.40,0.8790,-1,-1,-1
37,5,99.55,39.26,32.86,100.66,1.0000,-1,-1,-1
38,1,252.69,65.88,61.60,168.82,0.9122,-1,-1,-1
38,2,600.21,34.80,32.49,84.92,0.8871,-1,-1,-1
38,3,562.82,32.74,28.90,83.32,0.8677,-1,-1,-1
38,5,103.01,38.90,32.57,99.78,1.0000,-1,-1,-1
39,1,257.31,65.38,60.31,168.34,0.9217,-1,-1,-1
39,2,600.64,34.87,32.37,84.76,0.8926,-1,-1,-1
39,3,563.38,32.83,28.94,83.21,0.8550,-1,-1,-1
39,5,106.47,38.53,32.28,98.89,1.0000,-1,-1,-1
40,1,263.88,65.64,59.53,166.79,0.8991,-1,-1,-1
40,2,601.19,35.02,32.25,84.71,0.9028,-1,-1,-1
40,3,564.30,33.36,28.73,82.32,0.7932,-1,-1,-1
40,5,107.10,38.28,32.46,101.40,0.5288,-1,-1,-1
41,1,270.16,65.32,59.84,166.09,0.9190,-1,-1,-1
41,2,601.56,35.18,32.04,84.33,0.9094,-1,-1,-1
41,3,564.89,33.39,28.94,82.23,0.7528,-1,-1,-1
41,5,109.36,37.70,32.14,101.71,0.6313,-1,-1,-1
42,1,274.29,65.74,60.89,166.09,0.9016,-1,-1,-1
42,2,602.07,35.20,31.88,84.06,0.9135,-1,-1,-1
42,3,565.89,33.07,29.34,82.56,0.7687,-1,-1,-1
42,5,112.23,37.88,32.62,103.60,0.5129,-1,-1,-1
43,1,276.62,66.98,61.86,164.55,0.9142,-1,-1,-1
43,2,602.55,35.21,31.78,83.95,0.9157,-1,-1,-1
43,3,566.90,32.99,29.39,81.81,0.7473,-1,-1,-1
43,5,115.06,38.22,34.86,110.17,0.5237,-1,-1,-1
44,1,277.73,67.16,63.03,163.84,0.9253,-1,-1,-1
44,2,603.11,35.17,31.69,83.78,0.9120,-1,-1,-1
44,3,568.30,32.61,29.60,81.41,0.7606,-1,-1,-1
44,5,117.19,38.27,35.02,110.05,0.6921,-1,-1,-1
45,1,278.09,66.82,63.93,163.18,0.9262,-1,-1,-1
45,2,603.61,34.73,31.87,84.32,0.9068,-1,-1,-1
45,3,570.80,32.12,30.01,81.10,0.7474,-1,-1,-1
45,5,119.28,37.39,34.49,108.68,0.5538,-1,-1,-1
46,1,279.12,66.46,64.48,162.64,0.9281,-1,-1,-1
46,2,604.17,34.71,31.84,84.38,0.9048,-1,-1,-1
46,3,572.60,32.09,30.36,80.60,0.7840,-1,-1,-1
46,5,122.10,37.11,34.59,109.00,1.0000,-1,-1,-1
47,1,281.48,65.50,64.37,161.94,0.9048,-1,-1,-1
47,2,604.50,34.31,32.01,84.83,0.9049,-1,-1,-1
47,3,573.44,31.84,30.63,80.33,0.7720,-1,-1,-1
47,5,124.91,36.84,34.69,109.31,1.0000,-1,-1,-1
48,1,288.14,63.78,62.50,160.18,0.8921,-1,-1,-1
48,2,605.88,34.03,31.80,84.25,0.8821,-1,-1,-1
48,3,574.03,31.09,31.12,81.21,0.8239,-1,-1,-1
48,5,127.72,36.56,34.79,109.63,1.0000,-1,-1,-1
48,8,785.33,22.35,29.23,35.32,0.5085,-1,-1,-1
49,1,294.44,62.24,60.62,160.16,0.8896,-1,-1,-1
49,2,607.45,33.90,31.33,83.19,0.8971,-1,-1,-1
49,3,575.12,30.85,31.15,81.00,0.7693,-1,-1,-1
49,5,130.53,36.28,34.89,109.94,1.0000,-1,-1,-1
49,8,785.35,22.30,29.22,35.33,0.5112,-1,-1,-1
50,1,302.19,61.69,58.08,158.19,0.9278,-1,-1,-1
50,2,608.80,33.38,31.22,83.14,0.8888,-1,-1,-1
50,3,576.15,31.08,31.22,80.85,0.8630,-1,-1,-1
50,5,133.34,36.00,34.99,110.25,1.0000,-1,-1,-1
50,8,785.35,22.30,29.19,35.31,0.5076,-1,-1,-1
51,1,308.29,61.21,57.24,159.19,0.9164,-1,-1,-1
51,2,609.98,33.23,30.87,82.64,0.8683,-1,-1,-1
51,3,577.04,31.20,31.24,80.58,0.8648,-1,-1,-1
51,5,136.16,35.72,35.09,110.57,1.0000,-1,-1,-1
51,8,785.32,22.35,29.17,35.30,0.5222,-1,-1,-1
52,1,313.90,60.84,56.90,159.94,0.9204,-1,-1,-1
52,2,610.93,33.31,30.64,82.42,0.8721,-1,-1,-1
52,3,577.63,31.43,31.30,80.34,0.8685,-1,-1,-1
52,5,138.97,35.44,35.19,110.88,1.0000,-1,-1,-1
52,8,785.34,22.54,29.01,35.10,0.5097,-1,-1,-1
53,1,319.45,60.99,56.71,159.64,0.9216,-1,-1,-1
53,2,611.78,33.89,30.61,82.69,0.8883,-1,-1,-1
53,3,578.25,31.54,31.17,79.65,0.8639,-1,-1,-1
53,5,141.78,35.16,35.29,111.20,1.0000,-1,-1,-1
53,8,785.33,22.58,28.98,35.06,0.5036,-1,-1,-1
54,1,324.32,61.19,56.99,159.86,0.9155,-1,-1,-1
54,2,612.72,34.24,30.51,82.78,0.8887,-1,-1,-1
54,3,578.85,31.79,31.23,79.32,0.8723,-1,-1,-1
54,5,144.59,34.88,35.39,111.51,1.0000,-1,-1,-1
54,8,785.31,22.54,29.00,35.09,0.5076,-1,-1,-1
55,1,328.59,61.52,57.43,159.47,0.9211,-1,-1,-1
55,2,613.70,34.63,30.29,82.12,0.8860,-1,-1,-1
55,3,580.41,31.87,30.79,78.48,0.8671,-1,-1,-1
55,5,147.40,34.60,35.49,111.82,1.0000,-1,-1,-1
55,8,785.38,22.52,29.00,35.12,0.5005,-1,-1,-1
56,1,331.46,61.66,58.03,158.96,0.9287,-1,-1,-1
56,2,614.34,35.08,30.38,81.77,0.8933,-1,-1,-1
56,3,581.59,31.71,30.77,79.05,0.8593,-1,-1,-1
56,5,158.47,32.78,32.76,100.57,0.6725,-1,-1,-1
56,8,785.38,22.47,29.00,35.12,0.5071,-1,-1,-1
57,1,333.76,61.40,58.66,158.11,0.9361,-1,-1,-1
57,2,615.09,35.51,30.63,81.25,0.8969,-1,-1,-1
57,3,582.25,31.29,30.93,80.13,0.8641,-1,-1,-1
57,5,161.07,32.94,32.97,99.15,0.7544,-1,-1,-1
57,8,785.42,22.54,28.91,35.03,0.5094,-1,-1,-1
58,1,335.59,60.95,59.33,157.75,0.9335,-1,-1,-1
58,2,615.52,35.80,31.12,80.95,0.8984,-1,-1,-1
58,3,582.98,30.97,30.77,80.48,0.8510,-1,-1,-1
58,5,164.42,32.62,32.78,98.58,1.0000,-1,-1,-1
58,8,785.41,22.60,28.87,34.98,0.5004,-1,-1,-1
59,1,339.51,59.88,58.35,154.05,0.9178,-1,-1,-1
59,2,616.15,36.76,31.49,80.07,0.9029,-1,-1,-1
59,3,584.26,30.39,30.57,80.66,0.8630,-1,-1,-1
59,5,167.77,32.29,32.60,98.02,1.0000,-1,-1,-1
59,8,785.40,22.60,28.87,34.97,0.5063,-1,-1,-1
60,1,342.13,58.88,58.12,153.37,0.9159,-1,-1,-1
60,2,616.99,36.92,32.21,79.92,0.8816,-1,-1,-1
60,3,585.99,30.06,29.87,79.40,0.7910,-1,-1,-1
60,5,171.13,31.96,32.41,97.45,1.0000,-1,-1,-1
60,8,785.37,22.58,28.90,35.01,0.5032,-1,-1,-1
61,1,343.90,57.88,57.80,153.09,0.9182,-1,-1,-1
61,2,618.41,37.01,32.84,79.77,0.8668,-1,-1,-1
61,3,587.30,29.60,29.80,80.02,0.7768,-1,-1,-1
61,5,174.48,31.63,32.22,96.89,1.0000,-1,-1,-1
61,8,785.45,22.61,28.83,34.95,0.5076,-1,-1,-1
62,1,345.55,56.54,57.30,153.37,0.9191,-1,-1,-1
62,2,620.71,36.89,33.20,79.77,0.8449,-1,-1,-1
62,3,588.33,29.51,29.88,80.93,0.8308,-1,-1,-1
62,5,177.84,31.30,32.03,96.32,1.0000,-1,-1,-1
62,8,785.45,22.59,28.81,34.93,0.5236,-1,-1,-1
63,1,347.41,55.86,56.07,152.37,0.9261,-1,-1,-1
63,2,621.30,36.64,33.95,80.20,0.8718,-1,-1,-1
63,3,589.61,29.76,29.50,80.54,0.8363,-1,-1,-1
63,5,177.72,30.40,31.39,98.03,0.5352,-1,-1,-1
63,8,785.45,22.57,28.82,34.95,0.5128,-1,-1,-1
64,1,349.51,55.82,54.83,151.60,0.9280,-1,-1,-1
64,2,622.96,36.50,34.33,80.55,0.8860,-1,-1,-1
64,3,591.13,29.93,28.75,78.92,0.8522,-1,-1,-1
64,5,180.91,30.40,30.25,96.86,0.5610,-1,-1,-1
64,8,785.45,22.58,28.81,34.94,1.0000,-1,-1,-1
65,1,352.01,55.85,53.48,150.80,0.9213,-1,-1,-1
65,2,625.31,36.21,34.50,80.99,0.8596,-1,-1,-1
65,3,591.75,30.31,28.58,78.81,0.8413,-1,-1,-1
65,5,183.86,30.06,30.11,96.42,1.0000,-1,-1,-1
65,8,785.45,22.58,28.80,34.93,1.0000,-1,-1,-1
66,1,355.92,55.50,52.83,150.64,0.9146,-1,-1,-1
66,2,628.14,36.10,34.33,81.24,0.8953,-1,-1,-1
66,3,592.84,30.84,28.34,77.86,0.8424,-1,-1,-1
66,5,186.81,29.72,29.97,95.98,1.0000,-1,-1,-1
66,8,785.46,22.58,28.80,34.92,1.0000,-1,-1,-1
67,1,360.12,55.22,52.72,150.28,0.9091,-1,-1,-1
67,2,630.21,35.99,34.16,81.47,0.8927,-1,-1,-1
67,3,592.87,31.49,28.55,77.50,0.8573,-1,-1,-1
67,5,189.77,29.38,29.83,95.54,1.0000,-1,-1,-1
67,8,785.46,22.58,28.79,34.91,1.0000,-1,-1,-1
68,1,362.94,56.09,52.73,148.98,0.9063,-1,-1,-1
68,2,631.60,36.07,33.81,81.33,0.9033,-1,-1,-1
68,3,593.79,32.19,28.42,76.39,0.8486,-1,-1,-1
68,5,192.72,29.04,29.70,95.10,1.0000,-1,-1,-1
68,8,785.46,22.59,28.78,34.90,1.0000,-1,-1,-1
69,1,364.67,56.46,53.22,148.49,0.9056,-1,-1,-1
69,2,632.78,36.23,33.37,81.16,0.9058,-1,-1,-1
69,3,595.30,32.27,28.45,76.16,0.8151,-1,-1,-1
69,5,195.67,28.70,29.56,94.66,1.0000,-1,-1,-1
69,8,785.47,22.59,28.77,34.89,1.0000,-1,-1,-1
70,1,364.92,56.42,53.28,147.40,0.9134,-1,-1,-1
70,2,633.90,36.46,32.90,80.92,0.9042,-1,-1,-1
70,3,596.50,32.09,28.72,76.29,0.7954,-1,-1,-1
70,5,198.62,28.36,29.42,94.23,1.0000,-1,-1,-1
70,8,785.50,22.57,28.69,34.80,0.5068,-1,-1,-1
71,1,365.31,56.79,53.11,146.33,0.9077,-1,-1,-1
71,2,634.80,36.64,32.42,80.53,0.9016,-1,-1,-1
71,3,598.67,32.16,28.60,76.06,0.7560,-1,-1,-1
71,5,201.57,28.02,29.29,93.79,1.0000,-1,-1,-1
71,8,785.48,22.55,28.69,34.83,0.5026,-1,-1,-1
72,1,369.64,55.95,52.11,144.19,0.9100,-1,-1,-1
72,2,636.14,36.76,31.86,79.82,0.9029,-1,-1,-1
72,3,601.00,31.71,28.71,76.22,0.8178,-1,-1,-1
72,5,204.52,27.68,29.15,93.35,1.0000,-1,-1,-1
72,8,785.49,22.55,28.68,34.82,1.0000,-1,-1,-1
73,1,374.15,54.83,51.15,142.93,0.9165,-1,-1,-1
73,2,636.75,36.72,31.55,79.72,0.9003,-1,-1,-1
73,3,602.83,31.08,28.65,76.22,0.8065,-1,-1,-1
73,5,207.47,27.33,29.01,92.91,1.0000,-1,-1,-1
73,8,785.49,22.55,28.67,34.81,1.0000,-1,-1,-1
74,1,377.94,53.90,50.48,142.74,0.9023,-1,-1,-1
74,2,637.22,36.30,31.29,79.83,0.8941,-1,-1,-1
74,3,604.07,30.30,28.95,76.93,0.7839,-1,-1,-1
74,5,210.43,26.99,28.87,92.47,1.0000,-1,-1,-1
74,8,785.49,22.55,28.66,34.80,1.0000,-1,-1,-1
75,1,382.35,52.90,49.79,143.02,0.8949,-1,-1,-1
75,2,637.85,36.02,30.92,79.77,0.8952,-1,-1,-1
75,3,605.49,29.53,29.25,77.61,0.7294,-1,-1,-1
75,5,213.38,26.65,28.74,92.03,1.0000,-1,-1,-1
75,8,785.54,22.62,28.71,34.86,0.5035,-1,-1,-1
76,1,386.33,51.60,49.31,143.81,0.9051,-1,-1,-1
76,2,638.64,35.77,30.52,79.62,0.8942,-1,-1,-1
76,3,606.16,29.08,29.64,78.08,0.7790,-1,-1,-1
76,5,216.33,26.31,28.60,91.59,1.0000,-1,-1,-1
76,8,785.55,22.63,28.70,34.86,1.0000,-1,-1,-1
77,1,390.14,50.83,49.01,144.13,0.9210,-1,-1,-1
77,2,639.50,35.48,30.08,79.42,0.8956,-1,-1,-1
77,3,606.37,29.00,29.92,78.40,0.7945,-1,-1,-1
77,5,223.88,31.03,27.51,88.59,0.5056,-1,-1,-1
77,8,785.55,22.63,28.70,34.85,1.0000,-1,-1,-1
78,1,393.90,50.29,49.04,144.64,0.9207,-1,-1,-1
78,2,640.58,35.42,29.35,78.35,0.8938,-1,-1,-1
78,3,607.16,28.95,29.94,78.21,0.8279,-1,-1,-1
78,5,227.12,31.02,27.32,87.98,1.0000,-1,-1,-1
78,8,785.56,22.64,28.70,34.85,1.0000,-1,-1,-1
79,1,397.51,50.60,49.05,144.05,0.9160,-1,-1,-1
79,2,641.45,35.20,28.75,77.54,0.8975,-1,-1,-1
79,3,607.70,28.90,29.84,77.53,0.8423,-1,-1,-1
79,5,230.36,31.00,27.14,87.38,1.0000,-1,-1,-1
79,8,785.56,22.65,28.69,34.84,1.0000,-1,-1,-1
80,1,401.56,51.18,49.05,143.00,0.9214,-1,-1,-1
80,2,642.02,34.79,28.52,77.82,0.9055,-1,-1,-1
80,3,608.11,28.85,29.97,77.36,0.8512,-1,-1,-1
80,5,230.19,29.44,29.85,94.06,0.6062,-1,-1,-1
80,8,785.57,22.65,28.69,34.84,1.0000,-1,-1,-1
81,1,404.87,52.03,49.35,142.31,0.9245,-1,-1,-1
81,2,642.69,34.51,28.26,78.11,0.9085,-1,-1,-1
81,3,608.63,28.90,30.19,77.54,0.8581,-1,-1,-1
81,5,231.48,29.40,31.72,97.88,0.5264,-1,-1,-1
81,8,785.58,22.66,28.68,34.83,1.0000,-1,-1,-1
82,1,407.82,52.23,49.88,142.03,0.9237,-1,-1,-1
82,2,643.46,34.35,28.05,78.51,0.9039,-1,-1,-1
82,3,609.28,28.91,30.28,77.41,0.8218,-1,-1,-1
82,5,232.20,27.67,33.02,100.71,0.7000,-1,-1,-1
82,8,785.58,22.66,28.68,34.83,1.0000,-1,-1,-1
83,1,409.95,52.04,50.28,140.82,0.9112,-1,-1,-1
83,2,644.23,34.57,27.69,78.09,0.9032,-1,-1,-1
83,3,610.43,28.86,30.32,77.24,0.8170,-1,-1,-1
83,5,233.06,27.39,33.34,101.56,0.6198,-1,-1,-1
83,8,785.59,22.67,28.68,34.82,1.0000,-1,-1,-1
84,1,411.67,51.25,50.98,140.75,0.9029,-1,-1,-1
84,2,645.04,34.87,27.40,77.55,0.8986,-1,-1,-1
84,3,611.38,28.82,30.30,77.21,0.8105,-1,-1,-1
84,5,234.86,26.52,32.88,100.85,0.5794,-1,-1,-1
84,8,785.60,22.68,28.67,34.82,1.0000,-1,-1,-1
85,1,413.68,50.15,51.28,140.10,0.9054,-1,-1,-1
85,2,645.49,35.28,27.27,77.11,0.8936,-1,-1,-1
85,3,612.97,29.05,30.52,77.68,0.7469,-1,-1,-1
85,5,237.47,25.99,31.32,97.09,0.5504,-1,-1,-1
85,8,785.60,22.68,28.67,34.82,1.0000,-1,-1,-1
86,1,416.30,49.84,50.56,137.51,0.9104,-1,-1,-1
86,2,646.04,35.81,27.25,76.60,0.8911,-1,-1,-1
86,3,614.47,28.95,30.59,78.17,0.7078,-1,-1,-1
86,5,239.82,25.60,31.38,97.27,1.0000,-1,-1,-1
86,8,785.61,22.69,28.67,34.81,1.0000,-1,-1,-1
87,1,418.19,48.88,50.05,136.41,0.9059,-1,-1,-1
87,2,646.68,36.32,27.31,76.16,0.8875,-1,-1,-1
87,3,615.65,29.01,30.21,77.54,0.7353,-1,-1,-1
87,5,242.16,25.21,31.44,97.46,1.0000,-1,-1,-1
87,8,785.61,22.69,28.66,34.81,1.0000,-1,-1,-1
88,1,419.75,48.41,49.21,135.11,0.9140,-1,-1,-1
88,2,646.98,36.44,27.57,75.90,0.8920,-1,-1,-1
88,3,616.69,29.16,29.71,76.63,0.6877,-1,-1,-1
88,5,244.51,24.81,31.50,97.65,1.0000,-1,-1,-1
88,8,785.62,22.70,28.66,34.80,1.0000,-1,-1,-1
89,1,420.99,47.93,48.70,135.40,0.9034,-1,-1,-1
89,2,647.36,36.24,28.01,76.02,0.8969,-1,-1,-1
89,3,617.85,29.07,29.32,76.18,0.6627,-1,-1,-1
89,5,246.86,24.42,31.56,97.83,1.0000,-1,-1,-1
89,8,785.63,22.71,28.65,34.80,1.0000,-1,-1,-1
90,1,422.33,47.68,48.18,135.93,0.9159,-1,-1,-1
90,2,647.97,35.91,28.56,76.53,0.8863,-1,-1,-1
90,3,618.60,28.54,29.31,76.96,0.7698,-1,-1,-1
90,5,249.20,24.03,31.62,98.02,1.0000,-1,-1,-1
90,8,785.63,22.71,28.65,34.79,1.0000,-1,-1,-1
91,1,423.73,47.49,47.52,136.05,0.8947,-1,-1,-1
91,2,648.85,35.60,28.97,76.67,0.8872,-1,-1,-1
91,3,619.36,28.07,29.29,77.29,0.8239,-1,-1,-1
91,5,251.55,23.64,31.68,98.21,1.0000,-1,-1,-1
91,8,785.64,22.72,28.65,34.79,1.0000,-1,-1,-1
92,1,425.48,47.63,46.72,135.16,0.9003,-1,-1,-1
92,2,649.90,35.41,29.14,76.32,0.8865,-1,-1,-1
92,3,620.22,28.18,28.75,76.12,0.8412,-1,-1,-1
92,5,253.90,23.24,31.74,98.40,1.0000,-1,-1,-1
92,8,785.65,22.72,28.64,34.78,1.0000,-1,-1,-1
93,1,428.39,48.07,46.50,134.10,0.8900,-1,-1,-1
93,2,651.57,35.33,29.31,76.32,0.9027,-1,-1,-1
93,3,620.87,28.23,28.52,75.73,0.8548,-1,-1,-1
93,5,256.24,22.85,31.80,98.58,1.0000,-1,-1,-1
93,8,785.65,22.73,28.64,34.78,1.0000,-1,-1,-1
94,1,430.97,48.55,46.62,132.59,0.9003,-1,-1,-1
94,2,653.63,35.04,29.35,76.47,0.8932,-1,-1,-1
94,3,621.38,28.58,28.42,74.99,0.8131,-1,-1,-1
94,5,258.59,22.46,31.86,98.77,1.0000,-1,-1,-1
94,8,785.66,22.74,28.64,34.78,1.0000,-1,-1,-1
94,9,838.53,40.95,15.47,45.66,0.8284,-1,-1,-1
95,1,432.35,48.58,47.26,132.01,0.9020,-1,-1,-1
95,2,655.34,34.64,29.37,76.74,0.8921,-1,-1,-1
95,3,622.51,29.23,28.19,73.85,0.8594,-1,-1,-1
95,5,260.94,22.06,31.92,98.96,1.0000,-1,-1,-1
95,8,785.67,22.74,28.63,34.77,1.0000,-1,-1,-1
95,9,837.57,41.19,15.88,46.14,0.8293,-1,-1,-1
96,1,433.71,50.53,47.35,129.71,0.9138,-1,-1,-1
96,2,656.94,34.45,29.12,76.51,0.8954,-1,-1,-1
96,3,623.53,30.42,28.35,73.08,0.8628,-1,-1,-1
96,5,263.28,21.67,31.98,99.14,1.0000,-1,-1,-1
96,8,785.67,22.75,28.63,34.77,1.0000,-1,-1,-1
96,9,836.07,41.40,16.32,46.65,0.7986,-1,-1,-1
97,1,435.17,51.66,47.32,127.99,0.8999,-1,-1,-1
97,2,658.24,34.54,28.90,76.25,0.8989,-1,-1,-1
97,3,624.07,31.21,28.47,72.13,0.8530,-1,-1,-1
97,5,265.63,21.28,32.04,99.33,1.0000,-1,-1,-1
97,8,785.68,22.75,28.62,34.76,1.0000,-1,-1,-1
97,9,834.76,41.57,16.81,47.34,0.8203,-1,-1,-1
98,1,437.95,52.64,46.78,125.77,0.8906,-1,-1,-1
98,2,659.41,34.92,28.54,75.70,0.9032,-1,-1,-1
98,3,625.16,31.48,28.78,71.85,0.8104,-1,-1,-1
98,5,267.98,20.89,32.10,99.52,1.0000,-1,-1,-1
98,8,785.68,22.76,28.62,34.76,1.0000,-1,-1,-1
98,9,833.60,41.78,17.18,47.63,0.8114,-1,-1,-1
99,1,441.46,54.17,45.81,122.85,0.8833,-1,-1,-1
99,2,660.24,35.21,28.18,75.07,0.9068,-1,-1,-1
99,3,627.66,31.66,28.66,71.18,0.6988,-1,-1,-1
99,5,270.32,20.49,32.16,99.71,1.0000,-1,-1,-1
99,8,785.69,22.77,28.62,34.75,1.0000,-1,-1,-1
99,9,832.48,41.93,17.57,48.17,0.8278,-1,-1,-1
100,1,444.87,51.65,46.13,124.31,0.8831,-1,-1,-1
100,2,660.81,35.50,27.86,74.55,0.9089,-1,-1,-1
100,3,630.61,31.44,28.53,71.16,0.7578,-1,-1,-1
100,5,272.67,20.10,32.22,99.89,1.0000,-1,-1,-1
100,8,785.70,22.77,28.61,34.75,1.0000,-1,-1,-1
100,9,831.55,41.98,18.05,49.03,0.8356,-1,-1,-1
101,1,449.34,51.19,45.68,124.06,0.8552,-1,-1,-1
101,2,661.38,35.58,27.69,74.45,0.9012,-1,-1,-1
101,3,633.22,31.20,28.00,70.44,0.7636,-1,-1,-1
101,5,275.02,19.71,32.28,100.08,1.0000,-1,-1,-1
101,8,785.70,22.78,28.61,34.74,1.0000,-1,-1,-1
101,9,830.54,41.83,18.45,49.71,0.8432,-1,-1,-1
102,1,454.15,51.06,45.47,124.52,0.8745,-1,-1,-1
102,2,661.95,35.46,27.61,74.61,0.9010,-1,-1,-1
102,3,633.13,30.75,28.21,70.67,0.7551,-1,-1,-1
102,5,277.37,19.32,32.34,100.27,1.0000,-1,-1,-1
102,8,785.71,22.78,28.61,34.74,1.0000,-1,-1,-1
102,9,829.45,41.62,18.85,50.61,0.8206,-1,-1,-1
103,1,458.61,49.79,45.42,125.53,0.8959,-1,-1,-1
103,2,662.68,35.22,27.44,74.53,0.8908,-1,-1,-1
103,3,633.44,29.94,28.74,71.50,0.8432,-1,-1,-1
103,5,279.71,18.92,32.40,100.45,1.0000,-1,-1,-1
103,8,785.72,22.79,28.60,34.73,1.0000,-1,-1,-1
103,9,828.26,41.40,19.16,51.29,0.8094,-1,-1,-1
104,1,461.86,49.53,45.65,126.29,0.8975,-1,-1,-1
104,2,663.22,34.75,27.43,74.73,0.8996,-1,-1,-1
104,3,634.24,29.38,29.04,71.90,0.8469,-1,-1,-1
104,5,282.06,18.53,32.46,100.64,1.0000,-1,-1,-1
104,8,785.72,22.79,28.60,34.73,1.0000,-1,-1,-1
104,9,827.05,41.54,19.49,51.94,0.8264,-1,-1,-1
105,1,464.77,50.91,44.99,123.52,0.9000,-1,-1,-1
105,2,664.02,34.33,27.20,74.56,0.9093,-1,-1,-1
105,3,635.59,29.10,29.28,72.58,0.8765,-1,-1,-1
105,5,284.41,18.14,32.52,100.83,1.0000,-1,-1,-1
105,8,785.73,22.80,28.59,34.73,1.0000,-1,-1,-1
105,9,826.21,42.13,19.38,51.17,0.7971,-1,-1,-1
106,1,466.88,50.61,45.32,123.39,0.8955,-1,-1,-1
106,2,665.06,34.25,26.74,73.85,0.8994,-1,-1,-1
106,3,636.73,29.14,29.18,72.49,0.8347,-1,-1,-1
106,5,286.75,17.74,32.58,101.02,1.0000,-1,-1,-1
106,8,785.73,22.81,28.59,34.72,1.0000,-1,-1,-1
106,9,825.22,42.80,19.53,51.02,0.8218,-1,-1,-1
107,1,470.03,54.17,44.17,118.93,0.8651,-1,-1,-1
107,2,665.98,33.74,26.45,73.81,0.8987,-1,-1,-1
107,3,637.42,29.30,29.06,72.33,0.8372,-1,-1,-1
107,5,289.10,17.35,32.64,101.20,1.0000,-1,-1,-1
107,8,785.74,22.81,28.59,34.72,1.0000,-1,-1,-1
107,9,824.09,43.09,19.55,50.63,0.7632,-1,-1,-1
108,1,471.19,54.44,44.63,118.43,0.8716,-1,-1,-1
108,2,666.64,33.38,26.26,74.21,0.8802,-1,-1,-1
108,3,638.44,29.67,28.63,71.23,0.8542,-1,-1,-1
108,5,291.45,16.96,32.70,101.39,1.0000,-1,-1,-1
108,8,785.75,22.82,28.58,34.71,1.0000,-1,-1,-1
108,9,823.04,43.34,19.64,50.35,0.7534,-1,-1,-1
109,1,472.37,54.68,45.27,118.42,0.8944,-1,-1,-1
109,2,667.33,33.47,26.03,74.24,0.8887,-1,-1,-1
109,3,638.94,30.19,28.39,70.57,0.8650,-1,-1,-1
109,5,293.79,16.57,32.77,101.58,1.0000,-1,-1,-1
109,8,785.75,22.82,28.58,34.71,1.0000,-1,-1,-1
109,9,821.53,43.46,20.48,52.18,0.8057,-1,-1,-1
110,1,472.97,53.59,46.22,119.56,0.8975,-1,-1,-1
110,2,668.02,33.54,25.97,74.53,0.8848,-1,-1,-1
110,3,639.08,30.40,28.42,70.42,0.8718,-1,-1,-1
110,5,296.14,16.17,32.83,101.76,1.0000,-1,-1,-1
110,8,785.76,22.83,28.58,34.70,1.0000,-1,-1,-1
110,9,820.17,43.53,20.96,53.11,0.7452,-1,-1,-1
111,1,474.27,53.99,46.11,118.25,0.8643,-1,-1,-1
111,2,669.00,33.74,25.48,73.47,0.8782,-1,-1,-1
111,3,639.70,30.56,28.64,70.70,0.8633,-1,-1,-1
111,5,298.49,15.78,32.89,101.95,1.0000,-1,-1,-1
111,8,785.77,22.84,28.57,34.70,1.0000,-1,-1,-1
111,9,819.03,43.64,21.24,53.67,0.7474,-1,-1,-1
111,10,12.28,132.94,36.40,192.22,0.8948,-1,-1,-1
112,1,475.30,50.30,46.97,120.82,0.8735,-1,-1,-1
112,2,669.67,33.96,25.19,72.66,0.8778,-1,-1,-1
112,3,640.75,30.53,28.49,70.22,0.8487,-1,-1,-1
112,5,300.83,15.39,32.95,102.14,1.0000,-1,-1,-1
112,8,785.77,22.84,28.57,34.69,1.0000,-1,-1,-1
112,9,818.09,43.89,21.33,53.79,0.6730,-1,-1,-1
112,10,11.77,130.64,38.44,196.66,0.8867,-1,-1,-1
113,1,476.40,47.73,47.07,122.04,0.8783,-1,-1,-1
113,2,670.25,34.42,24.90,71.65,0.8773,-1,-1,-1
113,3,641.73,30.50,28.55,70.43,0.8389,-1,-1,-1
113,5,303.18,15.00,33.01,102.33,1.0000,-1,-1,-1
113,8,785.78,22.85,28.56,34.69,1.0000,-1,-1,-1
113,9,816.88,44.32,21.55,54.20,0.6641,-1,-1,-1
113,10,11.01,129.93,39.67,196.45,0.9037,-1,-1,-1
114,1,477.90,47.49,46.03,120.43,0.8816,-1,-1,-1
114,2,670.76,34.35,25.04,71.78,0.8795,-1,-1,-1
114,3,643.26,30.17,28.81,71.04,0.8228,-1,-1,-1
114,5,305.53,14.60,33.07,102.51,1.0000,-1,-1,-1
114,8,785.78,22.85,28.56,34.68,1.0000,-1,-1,-1
114,9,815.67,44.27,21.85,54.91,0.7229,-1,-1,-1
114,10,9.77,128.49,41.18,198.02,0.8958,-1,-1,-1
115,1,479.88,48.06,44.86,119.10,0.8836,-1,-1,-1
115,2,671.06,34.37,25.31,72.03,0.8876,-1,-1,-1
115,3,644.19,29.77,29.25,71.92,0.8152,-1,-1,-1
115,5,307.87,14.21,33.13,102.70,1.0000,-1,-1,-1
115,8,785.79,22.86,28.56,34.68,1.0000,-1,-1,-1
115,9,814.49,44.60,22.07,55.36,0.7769,-1,-1,-1
115,10,7.71,126.54,43.70,205.61,0.9137,-1,-1,-1
116,1,481.34,49.84,43.59,117.57,0.8851,-1,-1,-1
116,2,671.58,34.45,25.54,71.84,0.8846,-1,-1,-1
116,3,645.17,29.55,29.38,72.22,0.8460,-1,-1,-1
116,5,310.22,13.82,33.19,102.89,1.0000,-1,-1,-1
116,8,785.80,22.87,28.55,34.68,1.0000,-1,-1,-1
116,9,813.36,44.97,22.24,55.70,0.7260,-1,-1,-1
116,10,7.52,125.12,44.92,206.41,0.9198,-1,-1,-1
117,1,482.40,49.10,43.06,118.07,0.8902,-1,-1,-1
117,2,672.32,34.71,25.82,71.57,0.8667,-1,-1,-1
117,3,646.25,29.20,29.45,72.46,0.8642,-1,-1,-1
117,5,312.57,13.42,33.25,103.07,1.0000,-1,-1,-1
117,8,785.80,22.87,28.55,34.67,1.0000,-1,-1,-1
117,9,812.25,45.45,22.37,55.88,0.7530,-1,-1,-1
117,10,11.77,123.86,45.52,204.76,0.9266,-1,-1,-1
118,1,483.37,48.07,42.50,117.91,0.8981,-1,-1,-1
118,2,673.06,34.82,26.12,71.26,0.8701,-1,-1,-1
118,3,646.95,28.69,29.73,73.12,0.8950,-1,-1,-1
118,5,314.91,13.03,33.31,103.26,1.0000,-1,-1,-1
118,8,785.81,22.88,28.55,34.67,1.0000,-1,-1,-1
118,9,811.05,45.62,22.58,56.46,0.7606,-1,-1,-1
118,10,16.51,122.87,46.28,203.17,0.9378,-1,-1,-1
119,1,484.98,48.11,41.88,117.09,0.8752,-1,-1,-1
119,2,674.35,34.55,26.32,70.98,0.8612,-1,-1,-1
119,3,647.63,28.62,29.74,73.42,0.8754,-1,-1,-1
119,5,317.26,12.64,33.37,103.45,1.0000,-1,-1,-1
119,8,785.82,22.88,28.54,34.66,1.0000,-1,-1,-1
119,9,810.03,45.81,22.90,57.47,0.7880,-1,-1,-1
119,10,23.10,122.43,47.46,202.19,0.9216,-1,-1,-1
120,1,488.10,47.50,41.82,117.13,0.8812,-1,-1,-1
120,2,677.34,34.31,26.15,70.46,0.8661,-1,-1,-1
120,3,649.34,28.58,28.73,71.67,0.8647,-1,-1,-1
120,5,319.61,12.25,33.43,103.63,1.0000,-1,-1,-1
120,8,785.82,22.89,28.54,34.66,1.0000,-1,-1,-1
120,9,807.81,45.98,23.21,58.43,0.7716,-1,-1,-1
120,10,38.02,122.17,50.40,201.57,0.9334,-1,-1,-1
121,1,489.51,46.83,41.93,117.85,0.8874,-1,-1,-1
121,2,679.03,33.98,26.26,70.61,0.8776,-1,-1,-1
121,3,650.55,28.74,28.12,70.52,0.8640,-1,-1,-1
121,5,321.95,11.85,33.49,103.82,1.0000,-1,-1,-1
121,8,785.83,22.90,28.53,34.65,1.0000,-1,-1,-1
121,9,806.16,46.68,23.35,59.12,0.6919,-1,-1,-1
121,10,46.45,122.38,53.72,200.75,0.9419,-1,-1,-1
122,1,490.29,46.19,41.88,118.14,0.8899,-1,-1,-1
122,2,680.08,33.82,26.34,70.82,0.8794,-1,-1,-1
122,3,651.60,29.00,27.93,70.01,0.8743,-1,-1,-1
122,5,324.30,11.46,33.55,104.01,1.0000,-1,-1,-1
122,8,785.83,22.90,28.53,34.65,1.0000,-1,-1,-1
122,9,804.34,46.99,23.40,59.46,0.6747,-1,-1,-1
122,10,50.04,122.52,57.01,200.26,0.9406,-1,-1,-1
123,1,491.67,45.48,41.70,117.88,0.8861,-1,-1,-1
123,2,681.02,33.79,26.32,70.87,0.8847,-1,-1,-1
123,3,652.02,29.38,27.81,69.47,0.8744,-1,-1,-1
123,5,326.65,11.07,33.61,104.20,1.0000,-1,-1,-1
123,8,785.84,22.91,28.53,34.64,1.0000,-1,-1,-1
123,9,802.35,47.34,23.71,60.25,0.6659,-1,-1,-1
123,10,50.75,122.95,59.88,199.69,0.9396,-1,-1,-1
124,1,493.52,44.90,41.50,117.59,0.8894,-1,-1,-1
124,2,681.99,34.17,26.10,70.43,0.8866,-1,-1,-1
124,3,652.45,29.91,27.77,68.93,0.8761,-1,-1,-1
124,5,328.99,10.68,33.67,104.38,1.0000,-1,-1,-1
124,8,785.85,22.91,28.52,34.64,1.0000,-1,-1,-1
124,9,800.60,47.73,24.34,61.60,0.6537,-1,-1,-1
124,10,50.54,123.15,62.53,199.17,0.9442,-1,-1,-1
125,1,496.25,46.01,40.41,114.81,0.8706,-1,-1,-1
125,2,682.76,34.28,26.11,70.72,0.8816,-1,-1,-1
125,3,652.56,30.33,28.06,69.03,0.8778,-1,-1,-1
125,5,331.34,10.28,33.73,104.57,1.0000,-1,-1,-1
125,8,785.85,22.92,28.52,34.63,1.0000,-1,-1,-1
125,9,798.80,47.98,24.59,61.86,0.5507,-1,-1,-1
125,10,51.80,121.96,63.66,195.48,0.9367,-1,-1,-1
126,1,498.80,47.38,39.53,112.50,0.8695,-1,-1,-1
126,2,683.33,34.52,26.02,70.81,0.8796,-1,-1,-1
126,3,652.68,30.75,28.48,68.98,0.8651,-1,-1,-1
126,5,333.69,9.89,33.79,104.76,1.0000,-1,-1,-1
126,8,785.86,22.93,28.52,34.63,1.0000,-1,-1,-1
126,9,796.88,47.99,25.14,63.13,0.7385,-1,-1,-1
126,10,53.97,119.93,64.35,193.31,0.9149,-1,-1,-1
127,1,500.36,45.65,39.81,113.71,0.8829,-1,-1,-1
127,2,683.96,35.07,25.74,70.19,0.8771,-1,-1,-1
127,3,653.04,31.04,28.95,68.82,0.8626,-1,-1,-1
127,5,336.03,9.50,33.85,104.94,1.0000,-1,-1,-1
127,8,785.87,22.93,28.51,34.63,1.0000,-1,-1,-1
127,9,795.19,48.46,25.29,63.06,0.7570,-1,-1,-1
127,10,57.34,117.56,64.48,192.06,0.9217,-1,-1,-1
128,1,501.87,47.76,39.23,111.34,0.8829,-1,-1,-1
128,2,684.45,35.00,25.67,70.20,0.8705,-1,-1,-1
128,3,653.93,31.25,29.36,68.57,0.8591,-1,-1,-1
128,5,338.38,9.10,33.91,105.13,1.0000,-1,-1,-1
128,8,785.87,22.94,28.51,34.62,1.0000,-1,-1,-1
128,9,793.46,47.68,26.07,64.76,0.8106,-1,-1,-1
128,10,62.79,115.46,64.17,192.08,0.9203,-1,-1,-1
129,1,503.00,48.43,39.32,110.17,0.8904,-1,-1,-1
129,2,684.81,35.04,25.50,69.94,0.8622,-1,-1,-1
129,3,655.22,31.16,29.60,68.21,0.8639,-1,-1,-1
129,5,340.73,8.71,33.97,105.32,1.0000,-1,-1,-1
129,8,785.88,22.94,28.50,34.62,1.0000,-1,-1,-1
129,9,792.15,47.63,26.28,64.95,0.8250,-1,-1,-1
129,10,68.93,115.26,64.07,191.10,0.9403,-1,-1,-1
130,1,504.40,52.06,38.84,106.27,0.8978,-1,-1,-1
130,2,685.20,34.55,25.59,70.46,0.8692,-1,-1,-1
130,3,656.69,30.64,29.86,68.45,0.8727,-1,-1,-1
130,5,343.07,8.32,34.03,105.51,1.0000,-1,-1,-1
130,8,785.88,22.95,28.50,34.61,1.0000,-1,-1,-1
130,9,789.98,47.63,26.99,66.52,0.8066,-1,-1,-1
130,10,73.11,114.64,64.90,191.04,0.9425,-1,-1,-1
131,1,505.18,52.25,39.77,106.06,0.8899,-1,-1,-1
131,2,685.54,34.15,25.66,71.00,0.8741,-1,-1,-1
131,3,658.04,30.18,30.03,68.72,0.8669,-1,-1,-1
131,5,345.42,7.93,34.09,105.69,1.0000,-1,-1,-1
131,8,785.89,22.96,28.50,34.61,1.0000,-1,-1,-1
131,9,788.07,48.27,27.01,66.15,0.8039,-1,-1,-1
131,10,75.95,114.29,66.33,191.57,0.9449,-1,-1,-1
132,1,505.33,49.96,41.62,108.56,0.8982,-1,-1,-1
132,2,686.29,33.91,25.53,71.00,0.8930,-1,-1,-1
132,3,659.50,29.61,30.00,68.88,0.8594,-1,-1,-1
132,5,347.77,7.53,34.15,105.88,1.0000,-1,-1,-1
132,8,785.90,22.96,28.49,34.60,1.0000,-1,-1,-1
132,9,786.55,48.82,27.34,66.44,0.7735,-1,-1,-1
132,10,78.60,114.20,68.08,191.72,0.9439,-1,-1,-1
133,1,504.88,45.94,43.96,112.87,0.9071,-1,-1,-1
133,2,686.97,33.60,25.27,70.73,0.8960,-1,-1,-1
133,3,660.44,29.32,29.83,68.75,0.8577,-1,-1,-1
133,5,350.12,7.14,34.21,106.07,1.0000,-1,-1,-1
133,8,785.90,22.97,28.49,34.60,1.0000,-1,-1,-1
133,9,784.60,48.43,28.21,68.34,0.7939,-1,-1,-1
133,10,81.24,113.98,69.90,191.98,0.9561,-1,-1,-1
134,1,505.52,46.97,44.39,111.75,0.8966,-1,-1,-1
134,2,687.67,33.36,24.89,70.13,0.8893,-1,-1,-1
134,3,661.38,28.94,29.67,68.68,0.8637,-1,-1,-1
134,5,352.46,6.75,34.27,106.25,1.0000,-1,-1,-1
134,8,785.91,22.97,28.49,34.59,1.0000,-1,-1,-1
134,9,783.33,50.18,28.00,67.40,0.7527,-1,-1,-1
134,10,83.63,113.77,71.62,192.52,0.9607,-1,-1,-1
135,1,505.52,45.48,45.51,113.09,0.8983,-1,-1,-1
135,2,688.20,32.86,24.65,70.09,0.8834,-1,-1,-1
135,3,662.20,28.93,29.45,68.58,0.8659,-1,-1,-1
135,5,354.81,6.36,34.33,106.44,1.0000,-1,-1,-1
135,8,785.92,22.98,28.48,34.59,1.0000,-1,-1,-1
135,9,781.30,51.45,28.36,67.99,0.8388,-1,-1,-1
135,10,87.91,113.49,73.21,192.64,0.9552,-1,-1,-1
136,1,505.54,42.20,46.69,115.36,0.8954,-1,-1,-1
136,2,688.76,32.41,24.50,70.28,0.8729,-1,-1,-1
136,3,662.90,28.88,29.16,68.22,0.8553,-1,-1,-1
136,5,357.16,5.96,34.39,106.63,1.0000,-1,-1,-1
136,8,785.92,22.98,28.48,34.58,1.0000,-1,-1,-1
136,9,779.29,52.05,28.88,68.95,0.8473,-1,-1,-1
136,10,92.47,113.04,74.69,193.16,0.9543,-1,-1,-1
137,1,506.31,43.30,45.86,112.72,0.8844,-1,-1,-1
137,2,689.25,32.13,24.36,70.36,0.8663,-1,-1,-1
137,3,663.31,29.01,28.95,67.97,0.8636,-1,-1,-1
137,5,359.50,5.57,34.46,106.82,1.0000,-1,-1,-1
137,8,785.93,22.99,28.48,34.58,1.0000,-1,-1,-1
137,9,776.90,51.94,29.69,70.90,0.8482,-1,-1,-1
137,10,96.53,112.12,75.36,193.26,0.9466,-1,-1,-1
138,1,507.29,45.56,44.45,108.90,0.8789,-1,-1,-1
138,2,689.77,32.19,24.13,70.10,0.8716,-1,-1,-1
138,3,664.47,29.44,28.61,67.30,0.8586,-1,-1,-1
138,5,361.85,5.18,34.52,107.00,1.0000,-1,-1,-1
138,8,785.93,23.00,28.47,34.58,1.0000,-1,-1,-1
138,9,774.78,51.93,30.07,71.85,0.8258,-1,-1,-1
138,10,100.12,111.54,74.99,191.79,0.9390,-1,-1,-1
139,1,508.28,46.20,43.13,106.13,0.8755,-1,-1,-1
139,2,690.39,32.40,23.86,69.61,0.8652,-1,-1,-1
139,3,665.60,29.85,28.63,67.62,0.8559,-1,-1,-1
139,5,364.20,4.78,34.58,107.19,1.0000,-1,-1,-1
139,8,785.94,23.00,28.47,34.57,1.0000,-1,-1,-1
139,9,773.05,52.48,30.30,72.44,0.8112,-1,-1,-1
139,10,105.48,110.78,73.72,189.72,0.9316,-1,-1,-1
140,1,509.13,45.77,42.08,104.58,0.8756,-1,-1,-1
140,2,691.34,32.94,23.50,68.65,0.8599,-1,-1,-1
140,3,666.62,30.36,28.49,67.55,0.8568,-1,-1,-1
140,5,366.54,4.39,34.64,107.38,1.0000,-1,-1,-1
140,8,785.95,23.01,28.46,34.57,1.0000,-1,-1,-1
140,9,771.34,53.79,30.05,71.63,0.6993,-1,-1,-1
140,10,111.69,109.70,72.16,187.01,0.9433,-1,-1,-1
141,1,509.75,45.09,41.50,104.78,0.8935,-1,-1,-1
141,2,692.09,33.14,23.38,68.18,0.8544,-1,-1,-1
141,3,667.57,31.01,28.25,67.36,0.8585,-1,-1,-1
141,5,368.89,4.00,34.70,107.56,1.0000,-1,-1,-1
141,8,785.95,23.01,28.46,34.56,1.0000,-1,-1,-1
141,9,769.54,54.69,29.90,70.95,0.8010,-1,-1,-1
141,10,117.61,107.30,71.15,185.45,0.9395,-1,-1,-1
142,1,510.66,45.53,40.47,103.97,0.8849,-1,-1,-1
142,2,693.19,33.77,23.19,67.42,0.8464,-1,-1,-1
142,3,668.34,31.19,28.28,67.71,0.8738,-1,-1,-1
142,5,371.24,3.61,34.76,107.75,1.0000,-1,-1,-1
142,8,785.96,23.02,28.46,34.56,1.0000,-1,-1,-1
142,9,767.33,55.36,30.25,71.39,0.8063,-1,-1,-1
142,10,123.74,105.08,70.00,182.79,0.9317,-1,-1,-1
143,1,510.93,45.28,39.75,103.76,0.8860,-1,-1,-1
143,2,693.93,34.25,23.18,67.09,0.8517,-1,-1,-1
143,3,669.54,31.26,28.25,68.02,0.8715,-1,-1,-1
143,5,373.58,3.21,34.82,107.94,1.0000,-1,-1,-1
143,8,785.97,23.03,28.45,34.55,1.0000,-1,-1,-1
143,9,764.87,56.15,30.70,72.15,0.8143,-1,-1,-1
143,10,129.17,103.67,69.59,181.34,0.9337,-1,-1,-1
144,1,511.28,44.62,39.05,103.56,0.8465,-1,-1,-1
144,2,695.09,33.83,23.35,67.24,0.8401,-1,-1,-1
144,3,670.93,30.59,28.29,68.58,0.8681,-1,-1,-1
144,5,375.93,2.82,34.88,108.13,1.0000,-1,-1,-1
144,8,785.97,23.03,28.45,34.55,1.0000,-1,-1,-1
144,9,761.53,57.99,30.69,71.69,0.6005,-1,-1,-1
144,10,137.55,102.36,69.30,179.76,0.9342,-1,-1,-1
145,1,512.08,44.68,38.08,102.56,0.8562,-1,-1,-1
145,2,695.97,33.52,23.55,67.49,0.8267,-1,-1,-1
145,3,672.09,30.17,28.05,68.29,0.8488,-1,-1,-1
145,5,378.28,2.43,34.94,108.31,1.0000,-1,-1,-1
145,8,785.98,23.04,28.45,34.54,1.0000,-1,-1,-1
145,9,759.53,58.68,30.86,72.08,1.0000,-1,-1,-1
145,10,143.63,101.54,69.19,179.07,0.9371,-1,-1,-1
146,1,512.34,44.15,37.68,102.91,0.8442,-1,-1,-1
146,2,696.95,33.22,23.74,67.61,0.8462,-1,-1,-1
146,3,673.25,29.53,28.09,68.91,0.8450,-1,-1,-1
146,5,380.62,2.04,35.00,108.50,1.0000,-1,-1,-1
146,8,785.98,23.04,28.44,34.54,1.0000,-1,-1,-1
146,9,755.40,58.83,32.61,75.74,0.7060,-1,-1,-1
146,10,149.42,101.13,69.61,179.03,0.9421,-1,-1,-1
147,1,512.70,43.14,37.33,103.29,0.8503,-1,-1,-1
147,2,697.93,32.84,23.79,67.60,0.8499,-1,-1,-1
147,3,674.23,28.91,27.93,68.97,0.8595,-1,-1,-1
147,5,382.97,1.64,35.06,108.69,1.0000,-1,-1,-1
147,8,785.99,23.05,28.44,34.54,1.0000,-1,-1,-1
147,9,752.54,59.46,33.40,77.37,0.5919,-1,-1,-1
147,10,154.12,100.99,70.36,179.58,0.9385,-1,-1,-1
148,1,513.12,44.13,36.48,101.91,0.8482,-1,-1,-1
148,2,698.69,32.61,23.81,67.58,0.8599,-1,-1,-1
148,3,675.00,28.59,27.68,68.88,0.8772,-1,-1,-1
148,5,385.32,1.25,35.12,108.87,1.0000,-1,-1,-1
148,8,786.00,23.06,28.43,34.53,1.0000,-1,-1,-1
148,9,750.43,60.05,33.17,76.79,0.6091,-1,-1,-1
148,10,157.20,101.03,70.93,179.12,0.9259,-1,-1,-1
149,1,513.78,44.06,35.78,100.77,0.8430,-1,-1,-1
149,2,699.29,32.69,23.87,67.59,0.8555,-1,-1,-1
149,3,675.91,28.56,27.09,67.86,0.8656,-1,-1,-1
149,5,13.36,58.20,32.44,99.32,0.5188,-1,-1,-1
149,8,786.00,23.06,28.43,34.53,1.0000,-1,-1,-1
149,9,747.99,60.59,33.72,77.84,0.6602,-1,-1,-1
149,10,158.23,100.93,71.48,178.83,0.9329,-1,-1,-1
150,1,514.19,43.71,35.10,99.30,0.8582,-1,-1,-1
150,2,699.88,32.35,23.99,67.83,0.8456,-1,-1,-1
150,3,676.94,28.57,26.86,67.85,0.8466,-1,-1,-1
150,5,13.11,58.13,33.00,100.71,0.6710,-1,-1,-1
150,8,786.01,23.07,28.43,34.52,1.0000,-1,-1,-1
150,9,744.77,61.37,34.59,79.86,0.8147,-1,-1,-1
150,10,158.47,100.72,71.88,178.59,0.9302,-1,-1,-1
151,1,514.48,42.71,34.92,98.99,0.8577,-1,-1,-1
151,2,700.54,32.20,23.98,67.80,0.8560,-1,-1,-1
151,3,677.64,28.60,26.80,68.18,0.8555,-1,-1,-1
151,5,14.73,57.87,32.54,100.55,0.6891,-1,-1,-1
151,8,786.02,23.07,28.42,34.52,1.0000,-1,-1,-1
151,9,741.99,62.34,35.38,81.73,0.8656,-1,-1,-1
151,10,158.93,100.13,72.07,178.58,0.9249,-1,-1,-1
152,1,513.98,41.94,35.29,99.88,0.8736,-1,-1,-1
152,2,701.28,32.76,23.78,67.30,0.8461,-1,-1,-1
152,3,678.37,29.36,26.43,67.32,0.8701,-1,-1,-1
152,5,17.18,57.39,31.95,101.08,0.7125,-1,-1,-1
152,8,786.02,23.08,28.42,34.51,1.0000,-1,-1,-1
152,9,739.18,63.39,35.81,82.62,0.8726,-1,-1,-1
152,10,160.82,99.32,70.86,175.58,0.9255,-1,-1,-1
153,1,513.46,39.97,35.51,100.10,0.8854,-1,-1,-1
153,2,701.94,32.95,23.60,66.98,0.8240,-1,-1,-1
153,3,679.05,29.77,26.17,66.63,0.8566,-1,-1,-1
153,5,19.75,56.61,30.86,100.40,0.7846,-1,-1,-1
153,8,786.03,23.09,28.42,34.51,1.0000,-1,-1,-1
153,9,736.08,63.86,36.60,84.71,0.8646,-1,-1,-1
153,10,164.53,97.39,69.84,174.20,0.9389,-1,-1,-1
154,1,513.26,39.03,35.53,99.61,0.8676,-1,-1,-1
154,2,702.52,33.04,23.47,66.76,0.8013,-1,-1,-1
154,3,679.36,30.14,26.23,66.48,0.8555,-1,-1,-1
154,5,22.89,55.28,30.34,100.43,0.8150,-1,-1,-1
154,8,786.03,23.09,28.41,34.50,1.0000,-1,-1,-1
154,9,733.37,64.25,37.39,87.06,0.8358,-1,-1,-1
154,10,170.23,96.37,68.42,172.63,0.9167,-1,-1,-1
155,1,512.57,37.24,36.24,101.21,0.8841,-1,-1,-1
155,2,703.04,33.51,23.30,66.14,0.8092,-1,-1,-1
155,3,679.57,30.50,26.24,66.06,0.8654,-1,-1,-1
155,5,25.94,54.36,30.25,101.16,0.8171,-1,-1,-1
155,8,786.04,23.10,28.41,34.50,1.0000,-1,-1,-1
155,9,730.30,65.27,37.75,88.10,0.8628,-1,-1,-1
155,10,176.62,95.53,67.12,171.84,0.9396,-1,-1,-1
156,1,512.32,37.10,36.52,101.58,0.8987,-1,-1,-1
156,2,703.39,34.05,23.25,65.79,0.8138,-1,-1,-1
156,3,679.85,30.61,26.47,66.03,0.8581,-1,-1,-1
156,5,29.23,53.83,29.98,100.45,0.5892,-1,-1,-1
156,8,786.05,23.10,28.40,34.49,1.0000,-1,-1,-1
156,9,727.27,66.13,38.04,88.90,0.8403,-1,-1,-1
156,10,181.95,94.70,66.30,171.61,0.9420,-1,-1,-1
157,1,511.66,36.15,36.95,102.50,0.8986,-1,-1,-1
157,2,703.63,34.05,23.33,65.86,0.7956,-1,-1,-1
157,3,680.51,30.69,26.42,65.56,0.8586,-1,-1,-1
157,5,32.56,53.37,30.25,101.05,0.6016,-1,-1,-1
157,8,786.05,23.11,28.40,34.49,1.0000,-1,-1,-1
157,9,723.79,66.90,38.38,89.48,0.7895,-1,-1,-1
157,10,186.51,93.98,66.22,172.10,0.9360,-1,-1,-1
158,1,511.10,36.62,36.79,101.77,0.8878,-1,-1,-1
158,2,704.02,33.21,23.60,66.63,0.7708,-1,-1,-1
158,3,681.34,30.68,26.43,65.36,0.8517,-1,-1,-1
158,5,35.71,53.00,31.29,104.19,0.5945,-1,-1,-1
158,8,786.06,23.12,28.40,34.49,1.0000,-1,-1,-1
158,9,720.59,67.50,38.49,89.22,0.8099,-1,-1,-1
158,10,189.88,93.22,66.68,173.07,0.9273,-1,-1,-1
159,1,510.39,37.01,36.63,100.94,0.8739,-1,-1,-1
159,2,704.52,32.77,23.69,66.95,0.7766,-1,-1,-1
159,3,682.26,30.18,26.31,64.87,0.8507,-1,-1,-1
159,5,38.69,52.75,31.22,102.80,0.6238,-1,-1,-1
159,8,786.07,23.12,28.39,34.48,1.0000,-1,-1,-1
159,9,717.44,68.69,38.46,88.40,0.7932,-1,-1,-1
159,10,193.51,92.83,67.22,173.28,0.9339,-1,-1,-1
160,1,509.25,34.78,37.32,102.96,0.8614,-1,-1,-1
160,2,705.18,32.30,23.71,67.21,0.7771,-1,-1,-1
160,3,683.35,29.62,26.21,64.56,0.8382,-1,-1,-1
160,5,41.34,52.69,31.52,102.23,0.7296,-1,-1,-1
160,8,786.07,23.13,28.39,34.48,1.0000,-1,-1,-1
160,9,714.91,69.80,37.36,84.68,0.6493,-1,-1,-1
160,10,197.32,92.81,67.75,173.36,0.9375,-1,-1,-1
161,1,508.55,33.66,37.43,103.84,0.8598,-1,-1,-1
161,2,706.10,32.22,23.18,65.75,0.7320,-1,-1,-1
161,3,684.77,29.18,26.06,64.40,0.8410,-1,-1,-1
161,5,43.87,52.10,33.31,106.00,0.5008,-1,-1,-1
161,8,786.08,23.13,28.39,34.47,1.0000,-1,-1,-1
161,9,712.18,70.59,37.49,84.98,1.0000,-1,-1,-1
161,10,200.90,92.61,68.30,173.49,0.9391,-1,-1,-1
162,1,508.13,33.38,36.98,103.34,0.8669,-1,-1,-1
162,2,706.23,32.15,22.75,63.99,0.5156,-1,-1,-1
162,3,686.15,29.04,25.89,64.39,0.8242,-1,-1,-1
162,5,45.37,51.79,33.49,106.58,1.0000,-1,-1,-1
162,8,786.09,23.14,28.38,34.47,1.0000,-1,-1,-1
162,9,709.45,71.38,37.63,85.29,1.0000,-1,-1,-1
162,10,204.32,92.42,68.75,173.40,0.9482,-1,-1,-1
163,1,507.70,33.45,36.20,101.88,0.8642,-1,-1,-1
163,2,706.81,32.06,22.63,63.65,1.0000,-1,-1,-1
163,3,686.98,28.84,25.82,64.87,0.8160,-1,-1,-1
163,5,48.53,51.66,35.05,109.12,0.5158,-1,-1,-1
163,8,786.09,23.14,28.38,34.46,1.0000,-1,-1,-1
163,9,706.73,72.17,37.76,85.59,1.0000,-1,-1,-1
163,10,207.67,91.73,69.12,173.93,0.9398,-1,-1,-1
164,1,506.95,32.72,36.00,102.31,0.8605,-1,-1,-1
164,2,707.40,31.96,22.51,63.31,1.0000,-1,-1,-1
164,3,687.85,28.85,25.67,65.08,0.8314,-1,-1,-1
164,5,50.23,51.38,35.30,109.91,1.0000,-1,-1,-1
164,8,786.10,23.15,28.37,34.46,1.0000,-1,-1,-1
164,9,704.00,72.96,37.90,85.90,1.0000,-1,-1,-1
164,10,210.78,90.89,69.15,174.17,0.9358,-1,-1,-1
165,1,506.36,31.55,35.68,102.29,0.8663,-1,-1,-1
165,2,707.98,31.87,22.39,62.97,1.0000,-1,-1,-1
165,3,688.84,28.54,25.34,64.87,0.8061,-1,-1,-1
165,5,51.94,51.10,35.55,110.69,1.0000,-1,-1,-1
165,8,786.10,23.16,28.37,34.45,1.0000,-1,-1,-1
165,9,701.27,73.74,38.03,86.20,1.0000,-1,-1,-1
165,10,214.00,90.25,68.43,173.19,0.9225,-1,-1,-1
166,1,505.56,30.97,35.12,101.79,0.8810,-1,-1,-1
166,2,708.56,31.77,22.27,62.63,1.0000,-1,-1,-1
166,3,689.88,28.53,24.74,63.91,0.7373,-1,-1,-1
166,5,53.64,50.81,35.81,111.48,1.0000,-1,-1,-1
166,8,786.11,23.16,28.37,34.45,1.0000,-1,-1,-1
166,9,691.01,75.98,41.09,90.45,0.6947,-1,-1,-1
166,10,217.84,89.26,67.07,171.61,0.9215,-1,-1,-1
167,1,505.10,31.18,34.65,101.34,0.8853,-1,-1,-1
167,2,711.87,32.76,20.38,57.12,0.5356,-1,-1,-1
167,3,690.80,28.94,24.12,62.59,0.7536,-1,-1,-1
167,5,55.35,50.53,36.06,112.27,1.0000,-1,-1,-1
167,8,786.12,23.17,28.36,34.44,1.0000,-1,-1,-1
167,9,685.91,76.60,42.44,91.01,0.6788,-1,-1,-1
167,10,221.94,88.11,65.15,169.84,0.9209,-1,-1,-1
168,1,504.18,31.20,34.00,100.62,0.8349,-1,-1,-1
168,2,713.00,33.41,21.47,60.85,0.7989,-1,-1,-1
168,3,692.81,29.46,23.28,60.44,0.7684,-1,-1,-1
168,5,57.05,50.24,36.31,113.05,1.0000,-1,-1,-1
168,8,786.12,23.17,28.36,34.44,1.0000,-1,-1,-1
168,9,677.49,79.60,45.79,96.85,0.7930,-1,-1,-1
168,10,228.19,85.75,62.56,167.11,0.9158,-1,-1,-1
169,1,503.88,33.31,32.90,98.14,0.7796,-1,-1,-1
169,2,713.99,33.85,21.64,61.57,0.7973,-1,-1,-1
169,3,693.87,29.83,22.93,59.59,0.7668,-1,-1,-1
169,5,58.75,49.96,36.56,113.84,1.0000,-1,-1,-1
169,8,786.13,23.18,28.36,34.44,1.0000,-1,-1,-1
169,9,670.85,81.99,48.59,102.10,0.8824,-1,-1,-1
169,10,233.17,84.08,60.66,165.66,0.9255,-1,-1,-1
170,1,503.87,34.74,32.18,96.87,0.7421,-1,-1,-1
170,2,714.85,34.42,21.82,62.24,0.7830,-1,-1,-1
170,3,693.98,29.87,24.42,63.68,0.7931,-1,-1,-1
170,5,60.46,49.68,36.82,114.63,1.0000,-1,-1,-1
170,8,786.14,23.19,28.35,34.43,1.0000,-1,-1,-1
170,9,665.08,83.89,50.84,106.06,0.8907,-1,-1,-1
170,10,237.34,83.64,58.97,164.61,0.9303,-1,-1,-1
171,1,503.31,35.81,31.67,95.80,0.7215,-1,-1,-1
171,2,714.96,34.73,22.08,62.54,0.7781,-1,-1,-1
171,3,694.32,29.88,24.89,65.23,0.8439,-1,-1,-1
171,5,62.16,49.39,37.07,115.41,1.0000,-1,-1,-1
171,8,786.14,23.19,28.35,34.43,1.0000,-1,-1,-1
171,9,659.33,85.90,53.15,110.85,0.8783,-1,-1,-1
171,10,242.29,83.44,57.60,163.24,0.9106,-1,-1,-1
172,1,502.40,34.01,32.03,97.63,0.7725,-1,-1,-1
172,2,714.89,34.13,22.67,63.38,0.7641,-1,-1,-1
172,3,694.50,29.94,24.89,65.75,0.8691,-1,-1,-1
172,5,63.87,49.11,37.32,116.20,1.0000,-1,-1,-1
172,8,786.15,23.20,28.34,34.42,1.0000,-1,-1,-1
172,9,654.71,87.06,54.27,113.06,0.8409,-1,-1,-1
172,10,248.53,83.52,57.42,162.54,0.9239,-1,-1,-1
173,1,501.84,33.94,31.77,97.30,0.7840,-1,-1,-1
173,2,715.30,33.80,23.11,63.58,0.7932,-1,-1,-1
173,3,694.97,29.72,24.35,64.69,0.8731,-1,-1,-1
173,5,65.57,48.82,37.57,116.99,1.0000,-1,-1,-1
173,8,786.15,23.20,28.34,34.42,1.0000,-1,-1,-1
173,9,648.99,88.19,55.59,115.74,0.8484,-1,-1,-1
173,10,253.71,83.49,58.03,162.36,0.9237,-1,-1,-1
174,1,500.60,32.18,32.00,98.69,0.8015,-1,-1,-1
174,2,716.55,33.43,23.35,63.85,0.8165,-1,-1,-1
174,3,695.21,29.60,24.11,64.32,0.8794,-1,-1,-1
174,5,86.30,48.58,30.33,94.80,0.5545,-1,-1,-1
174,8,786.16,23.21,28.34,34.41,1.0000,-1,-1,-1
174,9,643.22,89.74,56.04,116.02,0.8559,-1,-1,-1
174,10,256.45,83.40,58.92,162.33,0.9260,-1,-1,-1
175,1,499.71,30.54,32.00,99.29,0.8180,-1,-1,-1
175,2,717.72,33.02,23.56,64.02,0.8385,-1,-1,-1
175,3,695.50,29.58,23.95,64.04,0.8672,-1,-1,-1
175,5,89.31,48.44,30.04,94.62,0.7500,-1,-1,-1
175,8,786.17,23.22,28.33,34.41,1.0000,-1,-1,-1
175,9,638.31,92.08,56.14,115.45,0.8785,-1,-1,-1
175,10,257.75,83.52,59.68,162.10,0.9227,-1,-1,-1
176,1,499.07,29.04,31.93,99.67,0.8284,-1,-1,-1
176,2,718.65,32.85,23.80,64.37,0.8472,-1,-1,-1
176,3,695.66,29.27,23.87,63.99,0.8486,-1,-1,-1
176,5,92.04,48.02,29.77,94.67,0.7396,-1,-1,-1
176,9,632.30,94.65,56.86,115.93,0.8543,-1,-1,-1
176,10,257.85,83.55,60.10,161.64,0.9190,-1,-1,-1
177,1,498.35,27.51,31.67,99.26,0.8571,-1,-1,-1
177,2,719.46,32.88,23.87,64.50,0.8540,-1,-1,-1
177,3,695.86,28.99,23.73,63.71,0.8361,-1,-1,-1
177,5,94.88,47.54,29.44,94.80,0.6698,-1,-1,-1
177,9,626.93,97.35,56.24,113.14,0.6737,-1,-1,-1
177,10,258.02,83.32,60.46,161.84,0.9243,-1,-1,-1
178,1,497.29,26.30,31.67,99.58,0.8456,-1,-1,-1
178,2,720.28,32.81,23.80,64.38,0.8708,-1,-1,-1
178,3,696.29,28.82,23.68,63.51,0.8458,-1,-1,-1
178,5,97.64,46.37,29.15,95.24,0.6048,-1,-1,-1
178,9,620.47,100.01,56.55,112.03,0.8415,-1,-1,-1
178,10,259.56,82.69,59.77,159.73,0.9197,-1,-1,-1
179,1,496.11,25.92,31.37,98.21,0.8462,-1,-1,-1
179,2,721.08,32.54,23.74,64.33,0.8603,-1,-1,-1
179,3,696.85,28.78,23.60,63.14,0.8594,-1,-1,-1
179,5,100.55,45.16,29.10,96.09,0.6112,-1,-1,-1
179,9,613.73,102.29,57.21,111.13,0.7430,-1,-1,-1
179,10,262.22,81.84,59.04,158.28,0.9110,-1,-1,-1
180,1,495.22,25.12,31.37,97.62,0.8312,-1,-1,-1
180,2,721.64,32.51,23.63,64.24,0.8390,-1,-1,-1
180,3,697.68,28.75,23.56,62.88,0.8543,-1,-1,-1
180,5,102.84,44.88,28.70,96.06,0.7222,-1,-1,-1
180,9,608.67,104.10,57.59,111.88,1.0000,-1,-1,-1
180,10,266.37,80.81,58.12,156.65,0.9334,-1,-1,-1
181,1,494.52,24.27,31.50,97.55,0.8308,-1,-1,-1
181,2,722.06,32.76,23.44,63.87,0.8441,-1,-1,-1
181,3,698.44,29.04,23.48,62.39,0.8475,-1,-1,-1
181,5,105.75,44.84,28.31,95.02,0.6402,-1,-1,-1
181,9,603.61,105.90,57.98,112.62,1.0000,-1,-1,-1
181,10,271.98,80.16,57.50,155.85,0.9299,-1,-1,-1
182,1,493.74,23.38,31.79,98.40,0.8234,-1,-1,-1
182,2,722.37,33.03,23.31,63.59,0.8367,-1,-1,-1
182,3,698.88,29.54,23.43,61.99,0.8496,-1,-1,-1
182,5,108.81,44.41,28.23,94.27,0.6844,-1,-1,-1
182,9,591.89,110.27,61.47,116.88,0.7742,-1,-1,-1
182,10,278.57,79.70,57.19,155.76,0.9262,-1,-1,-1
183,1,493.31,24.09,31.56,97.91,0.8566,-1,-1,-1
183,2,722.84,33.08,23.21,63.50,0.8484,-1,-1,-1
183,3,699.27,29.80,23.50,61.86,0.8143,-1,-1,-1
183,5,111.45,44.49,28.39,94.13,0.6702,-1,-1,-1
183,9,583.30,113.40,64.57,120.63,0.6792,-1,-1,-1
183,10,283.24,78.99,57.13,155.57,0.9243,-1,-1,-1
184,1,492.94,24.14,31.27,97.50,0.8349,-1,-1,-1
184,2,723.21,33.05,23.11,63.39,0.8532,-1,-1,-1
184,3,699.56,29.99,23.63,61.84,0.8278,-1,-1,-1
184,5,114.23,44.11,28.29,93.82,1.0000,-1,-1,-1
184,9,573.48,116.47,69.26,128.14,0.8860,-1,-1,-1
184,10,286.70,79.21,57.50,155.40,0.9297,-1,-1,-1
185,1,492.35,23.63,31.28,97.89,0.7694,-1,-1,-1
185,2,723.47,32.48,23.23,63.89,0.8520,-1,-1,-1
185,3,699.99,30.17,23.69,61.50,0.8363,-1,-1,-1
185,5,117.02,43.73,28.20,93.50,1.0000,-1,-1,-1
185,9,563.42,119.85,74.04,136.75,0.9072,-1,-1,-1
185,10,290.01,79.43,57.91,154.82,0.9356,-1,-1,-1
186,1,489.33,23.00,31.99,98.55,0.7625,-1,-1,-1
186,2,724.08,32.11,23.18,64.02,0.8602,-1,-1,-1
186,3,700.52,30.09,23.87,61.48,0.8538,-1,-1,-1
186,5,119.80,43.35,28.10,93.18,1.0000,-1,-1,-1
186,9,553.60,123.43,77.33,142.49,0.9005,-1,-1,-1
186,10,292.08,79.36,58.64,155.10,0.9375,-1,-1,-1
187,1,486.41,22.38,32.79,99.14,0.7799,-1,-1,-1
187,2,724.57,31.91,22.88,63.41,0.8505,-1,-1,-1
187,3,701.11,29.70,24.13,61.73,0.8541,-1,-1,-1
187,5,122.59,42.97,28.01,92.86,1.0000,-1,-1,-1
187,9,542.32,127.06,83.11,153.62,0.9076,-1,-1,-1
187,10,294.56,79.44,59.28,155.15,0.9309,-1,-1,-1
188,1,484.68,22.70,32.97,98.67,0.7835,-1,-1,-1
188,2,725.15,31.67,22.62,62.87,0.8475,-1,-1,-1
188,3,701.97,29.63,24.20,61.43,0.8514,-1,-1,-1
188,5,125.37,42.58,27.91,92.55,1.0000,-1,-1,-1
188,9,531.07,130.66,87.79,163.17,0.9187,-1,-1,-1
188,10,296.91,79.35,59.89,155.44,0.9308,-1,-1,-1
189,1,484.18,23.24,32.92,98.11,0.7203,-1,-1,-1
189,2,725.59,31.46,22.47,62.73,0.8356,-1,-1,-1
189,3,702.50,29.53,24.64,62.17,0.8745,-1,-1,-1
189,5,128.16,42.20,27.81,92.23,1.0000,-1,-1,-1
189,9,520.19,134.17,91.10,170.16,0.9250,-1,-1,-1
189,10,299.27,78.61,60.52,156.17,0.9282,-1,-1,-1
190,1,482.85,23.17,32.94,97.64,0.7841,-1,-1,-1
190,2,726.02,31.15,22.56,63.33,0.8211,-1,-1,-1
190,3,703.26,29.51,24.66,62.06,0.8792,-1,-1,-1
190,5,130.94,41.82,27.72,91.91,1.0000,-1,-1,-1
190,9,508.78,137.89,93.58,175.43,0.9166,-1,-1,-1
190,10,301.77,78.17,60.71,156.02,0.9210,-1,-1,-1
191,1,482.14,22.16,33.14,97.81,0.7641,-1,-1,-1
191,2,726.47,30.99,22.62,63.89,0.8351,-1,-1,-1
191,3,704.10,29.30,24.59,62.05,0.8726,-1,-1,-1
191,5,133.73,41.44,27.62,91.60,1.0000,-1,-1,-1
191,9,497.45,142.01,95.35,178.90,0.9164,-1,-1,-1
191,10,303.82,77.48,60.61,155.74,0.9216,-1,-1,-1
192,1,481.21,21.67,31.60,93.11,0.7356,-1,-1,-1
192,2,727.24,31.31,22.32,63.22,0.8319,-1,-1,-1
192,3,705.60,28.81,24.56,62.38,0.8483,-1,-1,-1
192,5,136.51,41.06,27.53,91.28,1.0000,-1,-1,-1
192,9,477.34,150.52,96.56,180.13,0.7139,-1,-1,-1
192,10,308.95,75.92,58.95,153.99,0.9145,-1,-1,-1
193,1,479.84,20.69,30.91,90.93,0.7250,-1,-1,-1
193,2,727.72,31.58,22.15,62.64,0.8347,-1,-1,-1
193,3,706.66,28.73,24.40,62.34,0.8530,-1,-1,-1
193,5,139.30,40.68,27.43,90.96,1.0000,-1,-1,-1
193,9,463.00,158.22,94.24,172.82,0.6714,-1,-1,-1
193,10,312.92,74.68,57.06,152.33,0.9133,-1,-1,-1
194,1,478.41,20.09,30.67,90.56,0.6438,-1,-1,-1
194,2,728.35,32.15,21.79,61.42,0.8238,-1,-1,-1
194,3,707.49,28.16,24.21,62.18,0.8340,-1,-1,-1
194,5,142.08,40.30,27.33,90.64,1.0000,-1,-1,-1
194,9,444.44,165.94,96.84,175.63,0.7547,-1,-1,-1
194,10,316.18,73.48,55.33,150.93,0.9110,-1,-1,-1
195,1,477.16,19.47,30.42,90.42,0.7703,-1,-1,-1
195,2,728.80,32.95,21.69,60.58,0.8230,-1,-1,-1
195,3,708.14,27.93,23.93,61.70,0.8112,-1,-1,-1
195,5,144.87,39.92,27.24,90.33,1.0000,-1,-1,-1
195,9,429.25,173.41,98.62,175.45,0.8281,-1,-1,-1
195,10,319.78,72.87,53.77,150.00,0.9101,-1,-1,-1
196,1,476.20,19.27,30.29,90.68,0.7427,-1,-1,-1
196,2,729.17,33.19,21.73,60.10,0.8134,-1,-1,-1
196,3,708.45,28.05,23.82,61.54,0.8271,-1,-1,-1
196,5,147.65,39.54,27.14,90.01,1.0000,-1,-1,-1
196,9,413.67,181.20,95.77,164.42,0.5627,-1,-1,-1
196,10,323.30,72.88,52.19,148.70,0.9044,-1,-1,-1
197,1,475.29,19.78,30.24,91.16,0.6632,-1,-1,-1
197,2,729.95,33.52,21.88,59.85,0.7676,-1,-1,-1
197,3,708.73,27.98,23.80,61.62,0.8245,-1,-1,-1
197,5,150.44,39.16,27.05,89.69,1.0000,-1,-1,-1
197,9,390.45,189.47,104.68,176.60,0.8014,-1,-1,-1
197,10,327.01,72.42,50.97,148.10,0.9313,-1,-1,-1
198,1,474.95,19.91,30.10,91.54,0.5867,-1,-1,-1
198,2,730.63,32.86,22.35,60.41,0.7793,-1,-1,-1
198,3,708.96,28.06,23.79,61.83,0.8173,-1,-1,-1
198,5,153.22,38.78,26.95,89.38,1.0000,-1,-1,-1
198,9,367.45,198.45,111.46,185.19,0.9053,-1,-1,-1
198,10,330.78,72.68,49.93,146.91,0.9168,-1,-1,-1
199,1,474.64,20.30,29.94,92.11,0.5888,-1,-1,-1
199,2,731.00,32.58,22.74,60.85,0.6705,-1,-1,-1
199,3,709.33,28.30,23.69,61.75,0.7881,-1,-1,-1
199,5,156.01,38.40,26.86,89.06,1.0000,-1,-1,-1
199,9,343.30,208.53,117.94,192.51,0.8359,-1,-1,-1
199,10,335.12,73.26,49.82,145.95,0.9074,-1,-1,-1
200,1,474.46,21.20,29.10,90.59,0.5465,-1,-1,-1
200,2,732.05,32.34,22.85,60.92,0.6860,-1,-1,-1
200,3,709.67,28.23,23.75,62.08,0.8327,-1,-1,-1
200,5,158.79,38.02,26.76,88.74,1.0000,-1,-1,-1
200,9,317.01,219.50,128.25,206.25,0.8860,-1,-1,-1
200,10,338.47,73.28,50.47,145.88,0.9208,-1,-1,-1
201,1,473.54,21.11,28.98,90.22,1.0000,-1,-1,-1
201,2,733.03,31.92,23.06,61.22,0.7910,-1,-1,-1
201,3,710.19,28.21,23.37,61.15,0.8170,-1,-1,-1
201,5,161.58,37.64,26.66,88.43,1.0000,-1,-1,-1
201,9,285.18,231.19,140.29,223.97,0.9097,-1,-1,-1
201,10,339.84,73.35,51.12,145.52,0.9133,-1,-1,-1
202,1,472.62,21.02,28.86,89.84,1.0000,-1,-1,-1
202,2,733.83,31.76,23.13,61.30,0.8267,-1,-1,-1
202,3,710.67,28.11,23.22,61.04,0.7726,-1,-1,-1
202,5,164.36,37.26,26.57,88.11,1.0000,-1,-1,-1
202,9,256.49,244.83,144.81,227.77,0.9234,-1,-1,-1
202,10,340.25,73.13,51.78,145.59,0.9069,-1,-1,-1
203,1,471.71,20.93,28.74,89.47,1.0000,-1,-1,-1
203,2,734.72,31.54,23.19,61.54,0.8224,-1,-1,-1
203,3,711.02,27.68,23.13,61.18,0.7950,-1,-1,-1
203,5,167.15,36.87,26.47,87.79,1.0000,-1,-1,-1
203,9,229.28,259.20,141.73,216.05,0.8822,-1,-1,-1
203,10,340.42,73.06,52.27,145.59,0.9117,-1,-1,-1
204,1,470.79,20.84,28.62,89.09,1.0000,-1,-1,-1
204,2,735.43,31.58,23.06,61.17,0.8229,-1,-1,-1
204,3,711.29,27.33,22.98,61.15,0.7883,-1,-1,-1
204,5,164.89,44.18,26.22,87.14,0.5752,-1,-1,-1
204,9,198.62,274.69,140.21,205.05,0.9125,-1,-1,-1
204,10,341.59,73.20,52.26,144.27,0.9186,-1,-1,-1
205,1,469.87,20.75,28.50,88.72,1.0000,-1,-1,-1
205,2,735.89,31.68,23.10,61.24,0.8351,-1,-1,-1
205,3,711.32,27.01,23.03,61.49,0.8408,-1,-1,-1
205,5,167.70,43.49,26.09,86.62,0.6643,-1,-1,-1
205,9,166.01,291.12,138.12,191.96,0.9279,-1,-1,-1
205,10,344.14,73.04,51.70,142.34,0.9073,-1,-1,-1
206,1,468.95,20.65,28.38,88.35,1.0000,-1,-1,-1
206,2,736.39,31.86,22.98,61.02,0.8361,-1,-1,-1
206,3,711.95,26.97,22.82,61.39,0.8401,-1,-1,-1
206,5,170.27,43.41,25.99,86.27,1.0000,-1,-1,-1
206,9,131.72,307.87,135.36,176.16,0.8892,-1,-1,-1
206,10,347.63,72.26,51.26,141.20,0.9039,-1,-1,-1
207,1,468.03,20.56,28.26,87.97,1.0000,-1,-1,-1
207,2,737.09,31.95,22.81,60.60,0.8366,-1,-1,-1
207,3,712.67,27.29,22.49,60.94,0.8407,-1,-1,-1
207,5,172.84,43.33,25.88,85.92,1.0000,-1,-1,-1
207,9,102.61,326.34,129.78,157.79,0.8901,-1,-1,-1
207,10,351.98,71.08,50.83,141.02,0.9230,-1,-1,-1
208,1,467.12,20.47,28.14,87.60,1.0000,-1,-1,-1
208,2,737.65,32.16,22.72,60.46,0.8357,-1,-1,-1
208,3,713.38,28.17,21.93,59.78,0.8390,-1,-1,-1
208,5,175.41,43.25,25.77,85.57,1.0000,-1,-1,-1
208,9,74.00,347.37,122.21,136.20,0.8829,-1,-1,-1
208,10,356.88,70.27,50.58,141.32,0.9154,-1,-1,-1
209,1,466.20,20.38,28.02,87.22,1.0000,-1,-1,-1
209,2,738.11,32.35,22.63,60.45,0.8372,-1,-1,-1
209,3,714.40,29.01,21.47,58.79,0.8173,-1,-1,-1
209,5,177.98,43.17,25.67,85.22,1.0000,-1,-1,-1
209,9,43.38,369.76,110.62,112.83,0.7861,-1,-1,-1
209,10,361.57,70.11,50.47,141.18,0.9195,-1,-1,-1
210,1,465.28,20.29,27.89,86.85,1.0000,-1,-1,-1
210,2,738.47,32.35,22.57,60.54,0.8405,-1,-1,-1
210,3,715.07,29.58,21.17,58.07,0.8464,-1,-1,-1
210,5,179.99,42.07,26.36,85.37,0.5354,-1,-1,-1
210,9,21.26,384.08,102.22,104.26,1.0000,-1,-1,-1
210,10,364.87,69.75,50.83,141.64,0.9296,-1,-1,-1
211,1,464.36,20.20,27.77,86.47,1.0000,-1,-1,-1
211,2,738.75,32.41,22.42,60.37,0.8477,-1,-1,-1
211,3,715.86,29.91,21.09,57.69,0.8600,-1,-1,-1
211,5,182.21,44.28,26.31,82.68,0.5089,-1,-1,-1
211,9,-0.86,398.41,93.81,95.68,1.0000,-1,-1,-1
211,10,367.87,70.09,51.27,141.12,0.9122,-1,-1,-1
212,1,463.44,20.11,27.65,86.10,1.0000,-1,-1,-1
212,2,738.94,32.19,22.41,60.58,0.8458,-1,-1,-1
212,3,716.07,29.83,21.39,58.02,0.8660,-1,-1,-1
212,5,184.77,44.36,26.13,82.11,1.0000,-1,-1,-1
212,9,-22.97,412.73,85.41,87.10,1.0000,-1,-1,-1
212,10,370.42,70.02,51.87,140.86,0.9084,-1,-1,-1
213,1,462.53,20.02,27.53,85.73,1.0000,-1,-1,-1
213,2,739.27,31.96,22.30,60.60,0.8489,-1,-1,-1
213,3,716.43,29.71,21.64,58.12,0.8497,-1,-1,-1
213,5,187.32,44.45,25.95,81.54,1.0000,-1,-1,-1
213,9,-45.09,427.05,77.00,78.53,1.0000,-1,-1,-1
213,10,372.63,70.29,52.49,140.30,0.9107,-1,-1,-1
214,1,461.61,19.93,27.41,85.35,1.0000,-1,-1,-1
214,2,739.70,31.96,22.17,60.61,0.8521,-1,-1,-1
214,3,716.97,29.68,21.91,58.12,0.8490,-1,-1,-1
214,5,189.88,44.53,25.77,80.98,1.0000,-1,-1,-1
214,9,-67.21,441.38,68.60,69.95,1.0000,-1,-1,-1
214,10,374.90,70.54,53.05,139.75,0.9158,-1,-1,-1
215,1,460.69,19.84,27.29,84.98,1.0000,-1,-1,-1
215,2,740.17,31.86,21.77,59.72,0.8438,-1,-1,-1
215,3,717.10,29.45,22.10,57.91,0.8249,-1,-1,-1
215,5,192.44,44.61,25.59,80.41,1.0000,-1,-1,-1
215,9,-89.33,455.70,60.19,61.37,1.0000,-1,-1,-1
215,10,376.87,70.35,53.67,139.70,0.9320,-1,-1,-1
216,1,459.77,19.75,27.17,84.60,1.0000,-1,-1,-1
216,2,740.81,31.83,21.51,59.18,0.8396,-1,-1,-1
216,3,717.74,28.72,22.32,57.92,0.8018,-1,-1,-1
216,5,195.00,44.69,25.41,79.85,1.0000,-1,-1,-1
216,9,-111.45,470.03,51.78,52.80,1.0000,-1,-1,-1
216,10,379.74,69.75,53.97,139.55,0.9233,-1,-1,-1
217,1,458.85,19.66,27.05,84.23,1.0000,-1,-1,-1
217,2,741.22,31.64,21.43,59.27,0.8265,-1,-1,-1
217,3,718.31,27.89,22.65,58.28,0.7689,-1,-1,-1
217,5,197.55,44.78,25.23,79.28,1.0000,-1,-1,-1
217,9,-133.56,484.35,43.37,44.22,1.0000,-1,-1,-1
217,10,382.00,69.04,53.60,138.56,0.9203,-1,-1,-1
218,1,457.94,19.57,26.93,83.86,1.0000,-1,-1,-1
218,2,741.70,31.43,21.31,59.06,0.8083,-1,-1,-1
218,3,718.80,27.32,23.02,58.82,0.7202,-1,-1,-1
218,5,200.11,44.86,25.05,78.71,1.0000,-1,-1,-1
218,9,-155.68,498.67,34.96,35.64,1.0000,-1,-1,-1
218,10,384.72,68.36,52.43,136.89,0.9071,-1,-1,-1
219,1,457.02,19.48,26.81,83.48,1.0000,-1,-1,-1
219,2,742.11,31.63,21.21,58.92,0.7967,-1,-1,-1
219,3,719.50,26.98,23.14,58.96,0.6608,-1,-1,-1
219,5,202.67,44.94,24.87,78.15,1.0000,-1,-1,-1
219,9,-177.79,513.00,26.55,27.06,1.0000,-1,-1,-1
219,10,387.26,67.58,51.13,135.79,0.9137,-1,-1,-1
220,1,456.10,19.39,26.69,83.11,1.0000,-1,-1,-1
220,2,742.71,31.84,21.15,58.78,0.8275,-1,-1,-1
220,3,720.36,27.00,23.20,59.07,0.6368,-1,-1,-1
220,5,205.22,45.03,24.69,77.58,1.0000,-1,-1,-1
220,9,-199.91,527.32,18.14,18.49,1.0000,-1,-1,-1
220,10,389.99,66.56,49.92,135.51,0.9171,-1,-1,-1
221,1,455.18,19.30,26.57,82.73,1.0000,-1,-1,-1
221,2,743.09,31.78,21.10,58.61,0.8278,-1,-1,-1
221,3,721.09,26.94,23.30,59.47,0.5908,-1,-1,-1
221,5,207.78,45.11,24.51,77.02,1.0000,-1,-1,-1
221,9,-222.02,541.65,9.72,9.91,1.0000,-1,-1,-1
221,10,393.55,66.07,48.69,135.20,0.9124,-1,-1,-1
222,1,454.26,19.21,26.45,82.36,1.0000,-1,-1,-1
222,2,743.50,32.01,21.09,58.32,0.8414,-1,-1,-1
222,3,721.62,27.24,22.92,58.78,0.6344,-1,-1,-1
222,5,210.34,45.19,24.33,76.45,1.0000,-1,-1,-1
222,9,-244.14,555.97,1.31,1.33,1.0000,-1,-1,-1
222,10,396.27,66.16,47.51,134.52,0.9095,-1,-1,-1
223,1,453.35,19.12,26.32,81.98,1.0000,-1,-1,-1
223,2,743.94,32.19,21.12,58.21,0.8326,-1,-1,-1
223,3,722.43,27.58,22.50,58.03,0.6669,-1,-1,-1
223,5,212.90,45.27,24.15,75.88,1.0000,-1,-1,-1
223,9,-266.25,570.29,-7.11,-7.24,1.0000,-1,-1,-1
223,10,398.49,65.91,46.75,134.15,0.9117,-1,-1,-1
224,1,452.43,19.03,26.20,81.61,1.0000,-1,-1,-1
224,2,744.33,32.18,21.26,58.27,0.8284,-1,-1,-1
224,3,722.78,27.82,22.27,57.62,0.5765,-1,-1,-1
224,5,215.45,45.36,23.97,75.32,1.0000,-1,-1,-1
224,9,-288.37,584.62,-15.52,-15.82,1.0000,-1,-1,-1
224,10,401.19,65.56,45.99,133.27,0.8967,-1,-1,-1
225,1,451.51,18.94,26.08,81.24,1.0000,-1,-1,-1
225,2,744.60,31.93,21.52,58.64,0.8264,-1,-1,-1
225,3,723.39,27.78,22.25,57.65,0.7180,-1,-1,-1
225,5,214.61,35.61,27.65,84.43,0.5001,-1,-1,-1
225,9,-310.48,598.94,-23.94,-24.40,1.0000,-1,-1,-1
225,10,404.44,65.36,45.88,132.79,0.8848,-1,-1,-1
226,1,450.59,18.85,25.96,80.86,1.0000,-1,-1,-1
226,2,745.04,31.81,21.66,58.70,0.7903,-1,-1,-1
226,3,723.91,27.97,22.04,57.23,0.7258,-1,-1,-1
226,5,216.63,35.54,27.81,84.28,0.7230,-1,-1,-1
226,9,-332.59,613.26,-32.36,-32.97,1.0000,-1,-1,-1
226,10,407.85,65.83,46.22,131.83,0.8966,-1,-1,-1
227,1,449.67,18.76,25.84,80.49,1.0000,-1,-1,-1
227,2,745.12,31.38,22.00,59.12,0.8070,-1,-1,-1
227,3,723.98,27.82,22.30,57.95,0.7505,-1,-1,-1
227,5,218.96,35.63,27.65,83.91,0.7066,-1,-1,-1
227,9,-354.70,627.59,-40.78,-41.55,1.0000,-1,-1,-1
227,10,410.03,66.42,46.71,130.56,0.9147,-1,-1,-1
228,1,448.76,18.67,25.72,80.11,1.0000,-1,-1,-1
228,2,745.48,31.15,22.17,59.09,0.8155,-1,-1,-1
228,3,724.45,27.53,22.30,58.40,0.7681,-1,-1,-1
228,5,221.33,35.76,27.35,84.25,0.8037,-1,-1,-1
228,9,-376.81,641.91,-49.20,-50.13,1.0000,-1,-1,-1
228,10,410.54,66.53,47.38,130.33,0.9123,-1,-1,-1
229,1,447.84,18.58,25.60,79.74,1.0000,-1,-1,-1
229,2,746.05,31.02,22.17,58.97,0.7760,-1,-1,-1
229,3,725.09,27.62,22.19,58.33,0.8051,-1,-1,-1
229,5,223.83,35.76,26.99,83.87,0.8027,-1,-1,-1
229,9,-398.93,656.24,-57.62,-58.70,1.0000,-1,-1,-1
229,10,411.31,66.56,47.92,130.03,0.9170,-1,-1,-1
230,1,446.92,18.49,25.48,79.37,1.0000,-1,-1,-1
230,2,746.46,30.96,22.21,59.03,0.7769,-1,-1,-1
230,3,725.86,27.59,21.98,58.20,0.8258,-1,-1,-1
230,5,226.03,35.40,26.94,84.20,0.7986,-1,-1,-1
230,9,-421.04,670.56,-66.04,-67.28,1.0000,-1,-1,-1
230,10,412.75,66.13,48.66,130.34,0.9069,-1,-1,-1
231,1,446.00,18.40,25.36,78.99,1.0000,-1,-1,-1
231,2,747.13,30.96,22.02,58.50,0.7666,-1,-1,-1
231,3,726.26,27.32,21.88,58.37,0.7968,-1,-1,-1
231,5,228.26,35.11,26.82,84.04,0.7905,-1,-1,-1
231,9,-443.15,684.88,-74.46,-75.86,1.0000,-1,-1,-1
231,10,415.08,65.53,48.72,129.54,0.8988,-1,-1,-1
232,1,445.08,18.30,25.24,78.62,1.0000,-1,-1,-1
232,2,747.86,30.97,21.90,58.16,0.7661,-1,-1,-1
232,3,726.74,26.90,21.81,58.65,0.8119,-1,-1,-1
232,5,230.52,34.22,26.92,84.48,0.8043,-1,-1,-1
232,9,-465.25,699.21,-82.88,-84.43,1.0000,-1,-1,-1
232,10,418.80,65.19,48.26,128.39,0.9191,-1,-1,-1
233,1,444.17,18.21,25.12,78.24,1.0000,-1,-1,-1
233,2,748.64,31.07,21.82,57.96,0.8180,-1,-1,-1
233,3,726.97,26.51,21.83,59.02,0.8130,-1,-1,-1
233,5,232.19,33.44,26.90,84.92,0.8349,-1,-1,-1
233,9,-487.36,713.53,-91.31,-93.01,1.0000,-1,-1,-1
233,10,422.44,64.74,48.14,128.19,0.9127,-1,-1,-1
234,1,443.25,18.12,25.00,77.87,1.0000,-1,-1,-1
234,2,749.36,31.12,21.73,57.72,0.8276,-1,-1,-1
234,3,727.46,26.67,21.63,58.46,0.8384,-1,-1,-1
234,5,234.39,32.92,26.44,83.70,0.8216,-1,-1,-1
234,9,-509.47,727.86,-99.73,-101.59,1.0000,-1,-1,-1
234,10,427.28,64.13,48.01,128.53,0.8913,-1,-1,-1
235,1,442.33,18.03,24.88,77.50,1.0000,-1,-1,-1
235,2,749.93,31.39,21.65,57.42,0.8464,-1,-1,-1
235,3,727.79,26.74,21.55,58.18,0.8576,-1,-1,-1
235,5,236.59,33.04,26.40,83.44,0.8050,-1,-1,-1
235,9,-531.58,742.18,-108.16,-110.16,1.0000,-1,-1,-1
235,10,432.58,63.90,47.78,128.52,0.9131,-1,-1,-1
236,1,441.41,17.94,24.76,77.12,1.0000,-1,-1,-1
236,2,750.43,31.54,21.69,57.60,0.8369,-1,-1,-1
236,3,728.39,26.78,21.42,57.76,0.8421,-1,-1,-1
236,5,238.31,33.07,26.60,84.08,0.6938,-1,-1,-1
236,9,-553.69,756.50,-116.59,-118.74,1.0000,-1,-1,-1
236,10,436.45,64.25,47.54,128.12,0.9305,-1,-1,-1
237,1,440.49,17.85,24.63,76.75,1.0000,-1,-1,-1
237,2,750.82,31.72,21.60,57.46,0.8536,-1,-1,-1
237,3,729.03,27.02,21.19,57.10,0.8410,-1,-1,-1
237,5,239.27,33.05,27.37,87.14,0.5316,-1,-1,-1
237,9,-575.80,770.83,-125.02,-127.32,1.0000,-1,-1,-1
237,10,439.18,64.60,47.57,127.65,0.9260,-1,-1,-1
238,1,439.58,17.76,24.51,76.37,1.0000,-1,-1,-1
238,2,751.11,31.82,21.51,57.29,0.8550,-1,-1,-1
238,3,729.33,27.22,21.09,56.70,0.8273,-1,-1,-1
238,5,241.28,32.76,27.48,87.47,1.0000,-1,-1,-1
238,9,-597.90,785.15,-133.45,-135.89,1.0000,-1,-1,-1
238,10,441.39,65.27,47.52,126.69,0.9153,-1,-1,-1
239,1,438.66,17.67,24.39,76.00,1.0000,-1,-1,-1
239,2,751.48,31.75,21.42,57.09,0.8540,-1,-1,-1
239,3,729.72,27.08,21.28,56.99,0.8140,-1,-1,-1
239,5,243.29,32.46,27.59,87.81,1.0000,-1,-1,-1
239,9,-620.01,799.48,-141.88,-144.47,1.0000,-1,-1,-1
239,10,443.56,66.56,47.21,124.85,0.9061,-1,-1,-1
240,1,437.74,17.58,24.27,75.62,1.0000,-1,-1,-1
240,2,751.69,31.43,21.58,57.66,0.8582,-1,-1,-1
240,3,729.84,27.78,21.35,56.85,0.7671,-1,-1,-1
240,5,245.31,32.16,27.69,88.15,1.0000,-1,-1,-1
240,9,-642.11,813.80,-150.31,-153.05,1.0000,-1,-1,-1
240,10,445.84,67.79,47.12,123.25,0.9189,-1,-1,-1
241,1,436.82,17.49,24.15,75.25,1.0000,-1,-1,-1
241,2,751.94,31.14,21.61,57.84,0.8369,-1,-1,-1
241,3,730.11,28.08,21.43,56.66,0.7768,-1,-1,-1
241,5,247.32,31.86,27.80,88.49,1.0000,-1,-1,-1
241,9,-664.22,828.12,-158.74,-161.62,1.0000,-1,-1,-1
241,10,447.28,67.51,47.58,123.13,0.9213,-1,-1,-1
242,1,435.90,17.40,24.03,74.88,1.0000,-1,-1,-1
242,2,752.49,30.98,21.41,57.41,0.8023,-1,-1,-1
242,3,730.44,28.07,21.62,56.66,0.7429,-1,-1,-1
242,5,249.33,31.57,27.91,88.83,1.0000,-1,-1,-1
242,9,-686.32,842.45,-167.17,-170.20,1.0000,-1,-1,-1
242,10,449.42,68.29,47.57,121.93,0.9140,-1,-1,-1
243,1,434.98,17.31,23.91,74.50,1.0000,-1,-1,-1
243,2,752.86,31.03,21.20,56.96,0.7699,-1,-1,-1
243,3,731.01,28.56,21.67,56.04,0.7642,-1,-1,-1
243,5,251.34,31.27,28.01,89.17,1.0000,-1,-1,-1
243,9,-708.43,856.77,-175.61,-178.78,1.0000,-1,-1,-1
243,10,452.00,66.95,47.88,121.92,0.9009,-1,-1,-1
244,1,434.07,17.22,23.79,74.13,1.0000,-1,-1,-1
244,2,753.43,31.07,21.17,56.98,0.7852,-1,-1,-1
244,3,731.64,28.81,21.57,55.23,0.7484,-1,-1,-1
244,5,253.35,30.97,28.12,89.51,1.0000,-1,-1,-1
244,9,-730.53,871.10,-184.04,-187.35,1.0000,-1,-1,-1
244,10,455.11,67.13,47.30,119.84,0.9130,-1,-1,-1
245,1,433.15,17.13,23.67,73.75,1.0000,-1,-1,-1
245,2,753.71,31.40,21.16,56.94,0.7643,-1,-1,-1
245,3,731.96,28.60,21.69,55.15,0.7235,-1,-1,-1
245,5,255.37,30.67,28.23,89.84,1.0000,-1,-1,-1
245,9,-752.64,885.42,-192.48,-195.93,1.0000,-1,-1,-1
245,10,458.13,65.66,47.22,119.54,0.9136,-1,-1,-1
246,1,432.23,17.04,23.55,73.38,1.0000,-1,-1,-1
246,2,754.14,31.42,21.26,57.18,0.7599,-1,-1,-1
246,3,732.62,28.48,21.65,54.82,0.7365,-1,-1,-1
246,5,257.38,30.37,28.33,90.18,1.0000,-1,-1,-1
246,9,-774.74,899.74,-200.92,-204.51,1.0000,-1,-1,-1
246,10,459.78,64.71,46.33,118.46,0.8898,-1,-1,-1
246,12,844.73,25.00,10.26,31.81,0.5970,-1,-1,-1
247,1,431.31,16.95,23.43,73.01,1.0000,-1,-1,-1
247,2,754.70,31.55,21.17,56.89,0.8258,-1,-1,-1
247,3,732.91,28.15,21.84,55.08,0.7307,-1,-1,-1
247,5,259.39,30.08,28.44,90.52,1.0000,-1,-1,-1
247,9,-796.84,914.07,-209.35,-213.08,1.0000,-1,-1,-1
247,10,461.39,63.47,46.42,119.99,0.8851,-1,-1,-1
247,12,844.14,25.01,10.20,31.28,0.5628,-1,-1,-1
248,1,430.39,16.86,23.31,72.63,1.0000,-1,-1,-1
248,2,755.32,31.87,20.88,56.04,0.8156,-1,-1,-1
248,3,733.30,27.15,22.14,56.00,0.6034,-1,-1,-1
248,5,261.40,29.78,28.54,90.86,1.0000,-1,-1,-1
248,9,-818.94,928.39,-217.79,-221.66,1.0000,-1,-1,-1
248,10,464.09,62.54,46.57,120.78,0.9007,-1,-1,-1
248,12,843.59,25.15,10.17,30.79,0.5143,-1,-1,-1
249,1,429.48,16.77,23.19,72.26,1.0000,-1,-1,-1
249,2,755.85,32.46,20.59,55.10,0.8333,-1,-1,-1
249,3,733.84,27.22,22.07,56.07,0.5143,-1,-1,-1
249,5,263.42,29.48,28.65,91.20,1.0000,-1,-1,-1
249,9,-841.04,942.71,-226.23,-230.24,1.0000,-1,-1,-1
249,10,466.08,62.23,46.36,120.63,0.8934,-1,-1,-1
249,12,843.30,25.30,10.07,30.49,1.0000,-1,-1,-1
250,1,428.56,16.68,23.07,71.88,1.0000,-1,-1,-1
250,2,756.75,32.87,20.39,54.50,0.8210,-1,-1,-1
250,3,735.42,27.58,21.64,55.29,0.5484,-1,-1,-1
250,5,265.43,29.18,28.76,91.54,1.0000,-1,-1,-1
250,9,-863.14,957.04,-234.67,-238.81,1.0000,-1,-1,-1
250,10,468.55,62.69,45.81,119.24,0.8835,-1,-1,-1
250,12,843.01,25.45,9.97,30.20,1.0000,-1,-1,-1
251,1,427.64,16.59,22.95,71.51,1.0000,-1,-1,-1
251,2,756.83,32.71,20.61,54.61,0.7802,-1,-1,-1
251,3,736.25,27.86,21.30,54.70,0.5175,-1,-1,-1
251,5,267.44,28.89,28.86,91.88,1.0000,-1,-1,-1
251,9,-885.25,971.36,-243.11,-247.39,1.0000,-1,-1,-1
251,10,470.32,62.76,45.62,118.72,0.8747,-1,-1,-1
251,12,842.73,25.60,9.88,29.90,1.0000,-1,-1,-1
252,1,426.72,16.50,22.82,71.13,1.0000,-1,-1,-1
252,2,757.16,32.72,20.91,54.56,0.7431,-1,-1,-1
252,3,736.45,27.68,21.12,54.55,0.5254,-1,-1,-1
252,5,269.45,28.59,28.97,92.21,1.0000,-1,-1,-1
252,9,-907.35,985.69,-251.56,-255.97,1.0000,-1,-1,-1
252,10,471.16,62.32,45.51,118.69,0.8814,-1,-1,-1
252,12,842.44,25.76,9.78,29.60,1.0000,-1,-1,-1
252,13,799.26,176.15,40.92,189.98,0.9066,-1,-1,-1
253,1,48.28,30.82,22.39,62.29,0.5069,-1,-1,-1
253,2,757.55,32.71,21.25,54.56,0.7817,-1,-1,-1
253,3,737.01,27.67,21.06,54.38,1.0000,-1,-1,-1
253,5,271.47,28.29,29.08,92.55,1.0000,-1,-1,-1
253,9,-929.44,1000.01,-260.00,-264.54,1.0000,-1,-1,-1
253,10,472.34,62.25,45.62,118.56,0.8982,-1,-1,-1
253,12,842.15,25.91,9.68,29.30,1.0000,-1,-1,-1
253,13,794.29,173.44,42.15,185.45,0.9284,-1,-1,-1
254,1,38.64,31.07,22.18,61.72,1.0000,-1,-1,-1
254,2,758.19,32.53,21.65,54.79,0.8046,-1,-1,-1
254,3,737.57,27.66,20.99,54.20,1.0000,-1,-1,-1
254,5,273.48,27.99,29.18,92.89,1.0000,-1,-1,-1
254,9,-951.54,1014.33,-268.45,-273.12,1.0000,-1,-1,-1
254,10,473.51,63.00,45.69,117.76,0.9074,-1,-1,-1
254,12,841.87,26.06,9.58,29.01,1.0000,-1,-1,-1
254,13,790.09,170.29,44.09,182.15,0.9335,-1,-1,-1
255,1,28.99,31.31,21.98,61.15,1.0000,-1,-1,-1
255,2,758.97,32.16,21.98,55.11,0.8371,-1,-1,-1
255,3,738.12,27.64,20.92,54.03,1.0000,-1,-1,-1
255,5,275.49,27.69,29.29,93.23,1.0000,-1,-1,-1
255,9,-973.64,1028.66,-276.89,-281.70,1.0000,-1,-1,-1
255,10,473.74,62.47,45.98,117.93,0.9105,-1,-1,-1
255,12,841.58,26.21,9.48,28.71,1.0000,-1,-1,-1
255,13,784.67,167.23,46.55,178.15,0.9488,-1,-1,-1
256,1,19.34,31.55,21.77,60.58,1.0000,-1,-1,-1
256,2,760.22,31.92,22.07,55.19,0.8359,-1,-1,-1
256,3,738.68,27.63,20.86,53.86,1.0000,-1,-1,-1
256,5,277.50,27.40,29.39,93.57,1.0000,-1,-1,-1
256,9,-995.74,1042.98,-285.34,-290.28,1.0000,-1,-1,-1
256,10,474.05,62.46,46.15,117.99,0.9005,-1,-1,-1
256,12,841.29,26.36,9.38,28.41,1.0000,-1,-1,-1
256,13,777.94,163.58,49.13,174.75,0.9480,-1,-1,-1
257,1,9.69,31.80,21.57,60.01,1.0000,-1,-1,-1
257,2,761.26,31.89,22.02,55.21,0.8410,-1,-1,-1
257,3,739.24,27.62,20.79,53.69,1.0000,-1,-1,-1
257,5,279.52,27.10,29.50,93.91,1.0000,-1,-1,-1
257,9,-1017.84,1057.31,-293.78,-298.85,1.0000,-1,-1,-1
257,10,475.51,61.85,46.08,117.71,0.9074,-1,-1,-1
257,12,841.01,26.51,9.29,28.12,1.0000,-1,-1,-1
257,13,770.32,159.99,51.34,170.39,0.9325,-1,-1,-1
258,1,0.05,32.04,21.36,59.44,1.0000,-1,-1,-1
258,2,762.11,31.92,21.91,55.24,0.8212,-1,-1,-1
258,3,738.05,26.67,21.31,56.23,0.5055,-1,-1,-1
258,5,281.53,26.80,29.61,94.25,1.0000,-1,-1,-1
258,9,-1039.94,1071.63,-302.23,-307.43,1.0000,-1,-1,-1
258,10,477.93,61.27,45.68,116.99,0.9060,-1,-1,-1
258,12,840.72,26.67,9.19,27.82,1.0000,-1,-1,-1
258,13,762.32,156.22,53.59,167.15,0.9400,-1,-1,-1
259,1,-9.60,32.29,21.16,58.87,1.0000,-1,-1,-1
259,2,762.93,32.23,21.67,54.94,0.7773,-1,-1,-1
259,3,738.59,26.59,20.92,55.97,0.5315,-1,-1,-1
259,5,283.54,26.50,29.71,94.58,1.0000,-1,-1,-1
259,9,-1062.03,1085.95,-310.68,-316.01,1.0000,-1,-1,-1
259,10,480.40,60.36,45.20,116.49,0.9159,-1,-1,-1
259,12,840.43,26.82,9.09,27.52,1.0000,-1,-1,-1
259,13,755.46,153.20,55.09,162.08,0.9437,-1,-1,-1
260,1,-19.25,32.53,20.95,58.29,1.0000,-1,-1,-1
260,2,763.70,32.28,21.55,55.04,0.7741,-1,-1,-1
260,3,739.46,26.55,20.93,56.16,0.6328,-1,-1,-1
260,5,285.55,26.20,29.82,94.92,1.0000,-1,-1,-1
260,9,-1084.13,1100.28,-319.13,-324.58,1.0000,-1,-1,-1
260,10,483.36,59.54,44.76,116.55,0.9182,-1,-1,-1
260,12,840.15,26.97,8.99,27.22,1.0000,-1,-1,-1
260,13,749.31,150.23,56.34,157.52,0.9376,-1,-1,-1
261,1,-28.90,32.78,20.75,57.72,1.0000,-1,-1,-1
261,2,764.34,32.42,21.35,54.80,0.7821,-1,-1,-1
261,3,740.41,26.69,20.76,55.81,0.5879,-1,-1,-1
261,5,287.57,25.91,29.93,95.26,1.0000,-1,-1,-1
261,9,-1106.22,1114.60,-327.58,-333.16,1.0000,-1,-1,-1
261,10,486.06,59.04,44.10,116.18,0.8939,-1,-1,-1
261,12,839.86,27.12,8.89,26.93,1.0000,-1,-1,-1
261,13,743.33,146.95,57.20,152.79,0.9306,-1,-1,-1
262,1,-38.54,33.02,20.54,57.15,1.0000,-1,-1,-1
262,2,764.93,32.75,21.11,54.44,0.7506,-1,-1,-1
262,3,741.31,26.93,20.65,55.50,0.6671,-1,-1,-1
262,5,289.58,25.61,30.03,95.60,1.0000,-1,-1,-1
262,9,-1128.32,1128.93,-336.04,-341.74,1.0000,-1,-1,-1
262,10,488.07,58.73,43.71,116.41,0.9120,-1,-1,-1
262,12,839.57,27.27,8.80,26.63,1.0000,-1,-1,-1
262,13,737.75,143.99,57.90,148.58,0.9089,-1,-1,-1
263,1,-48.19,33.27,20.34,56.58,1.0000,-1,-1,-1
263,2,765.41,33.08,20.97,54.26,0.7737,-1,-1,-1
263,3,741.70,27.71,20.54,54.92,0.6232,-1,-1,-1
263,5,291.59,25.31,30.14,95.94,1.0000,-1,-1,-1
263,9,-1150.41,1143.25,-344.49,-350.31,1.0000,-1,-1,-1
263,10,489.55,58.61,43.30,116.40,0.9085,-1,-1,-1
263,12,839.29,27.42,8.70,26.33,1.0000,-1,-1,-1
263,13,732.80,140.52,57.66,142.09,0.9266,-1,-1,-1
264,1,-57.84,33.51,20.13,56.01,1.0000,-1,-1,-1
264,2,766.24,33.05,20.82,54.19,0.7689,-1,-1,-1
264,3,742.04,28.31,20.18,53.74,0.5920,-1,-1,-1
264,5,293.60,25.01,30.25,96.28,1.0000,-1,-1,-1
264,9,-1172.51,1157.57,-352.94,-358.89,1.0000,-1,-1,-1
264,10,491.89,58.70,42.93,115.70,0.9074,-1,-1,-1
264,12,839.00,27.57,8.60,26.03,1.0000,-1,-1,-1
264,13,725.48,135.02,57.70,137.89,0.9131,-1,-1,-1
265,1,-67.49,33.75,19.93,55.44,1.0000,-1,-1,-1
265,2,766.64,32.83,20.70,54.15,0.7957,-1,-1,-1
265,3,742.65,28.00,20.28,53.70,0.6426,-1,-1,-1
265,5,295.62,24.72,30.35,96.62,1.0000,-1,-1,-1
265,9,-1194.60,1171.90,-361.40,-367.47,1.0000,-1,-1,-1
265,10,493.51,58.58,42.73,115.24,0.9083,-1,-1,-1
265,12,838.71,27.73,8.50,25.74,1.0000,-1,-1,-1
265,13,720.97,131.32,57.49,133.63,0.9107,-1,-1,-1
266,1,-77.13,34.00,19.72,54.87,1.0000,-1,-1,-1
266,2,766.99,32.37,20.69,54.33,0.7786,-1,-1,-1
266,3,743.38,27.68,20.38,53.73,0.6604,-1,-1,-1
266,5,297.63,24.42,30.46,96.95,1.0000,-1,-1,-1
266,9,-1216.70,1186.22,-369.85,-376.04,1.0000,-1,-1,-1
266,10,494.99,58.73,42.60,114.85,0.8919,-1,-1,-1
266,12,838.43,27.88,8.40,25.44,1.0000,-1,-1,-1
266,13,718.05,128.13,57.39,130.14,0.8635,-1,-1,-1
267,1,-86.78,34.24,19.52,54.30,1.0000,-1,-1,-1
267,2,767.18,32.18,20.65,54.47,0.7680,-1,-1,-1
267,3,743.90,27.53,20.53,53.90,0.6323,-1,-1,-1
267,5,299.64,24.12,30.56,97.29,1.0000,-1,-1,-1
267,9,-1238.79,1200.54,-378.31,-384.62,1.0000,-1,-1,-1
267,10,496.13,58.07,42.99,116.27,0.8990,-1,-1,-1
267,12,838.14,28.03,8.30,25.14,1.0000,-1,-1,-1
267,13,715.89,124.95,56.53,125.32,0.8741,-1,-1,-1
268,1,-96.43,34.49,19.31,53.73,1.0000,-1,-1,-1
268,2,767.32,32.17,20.54,54.32,0.7743,-1,-1,-1
268,3,743.98,27.47,20.78,54.21,0.6625,-1,-1,-1
268,5,301.65,23.82,30.67,97.63,1.0000,-1,-1,-1
268,9,-1260.88,1214.87,-386.77,-393.20,1.0000,-1,-1,-1
268,10,498.00,57.75,42.34,114.62,0.8982,-1,-1,-1
268,12,837.85,28.18,8.21,24.84,1.0000,-1,-1,-1
268,13,712.81,122.47,57.08,124.54,0.8628,-1,-1,-1
269,1,-106.08,34.73,19.11,53.16,1.0000,-1,-1,-1
269,2,767.41,32.03,20.36,53.94,0.7762,-1,-1,-1
269,3,744.22,27.61,20.90,54.11,0.6879,-1,-1,-1
269,5,303.67,23.52,30.78,97.97,1.0000,-1,-1,-1
269,9,-1282.97,1229.19,-395.23,-401.77,1.0000,-1,-1,-1
269,10,499.61,57.07,42.01,114.09,0.9105,-1,-1,-1
269,12,837.57,28.33,8.11,24.55,1.0000,-1,-1,-1
269,13,710.32,120.07,56.78,121.87,0.8667,-1,-1,-1
270,1,-115.72,34.98,18.90,52.59,1.0000,-1,-1,-1
270,2,767.45,31.71,20.36,54.00,0.7220,-1,-1,-1
270,3,744.59,27.70,21.02,53.94,0.6847,-1,-1,-1
270,5,305.68,23.23,30.88,98.31,1.0000,-1,-1,-1
270,9,-1305.06,1243.52,-403.69,-410.35,1.0000,-1,-1,-1
270,10,501.08,56.24,42.01,114.90,0.9134,-1,-1,-1
270,12,837.28,28.48,8.01,24.25,1.0000,-1,-1,-1
270,13,706.94,117.57,59.17,126.21,0.8064,-1,-1,-1
270,16,813.92,120.42,36.28,109.16,0.8544,-1,-1,-1
271,1,-125.37,35.22,18.70,52.02,1.0000,-1,-1,-1
271,2,767.66,31.41,20.43,54.28,0.7681,-1,-1,-1
271,3,745.02,27.71,21.17,53.85,0.6807,-1,-1,-1
271,5,307.69,22.93,30.99,98.65,1.0000,-1,-1,-1
271,9,-1327.15,1257.84,-412.15,-418.93,1.0000,-1,-1,-1
271,10,503.09,55.59,41.72,115.00,0.9044,-1,-1,-1
271,12,836.99,28.64,7.91,23.95,1.0000,-1,-1,-1
271,13,706.58,115.04,57.25,121.10,0.8309,-1,-1,-1
271,16,812.18,118.62,37.54,110.93,0.8742,-1,-1,-1
272,1,-135.02,35.47,18.49,51.44,1.0000,-1,-1,-1
272,2,767.92,31.34,20.47,54.56,0.7862,-1,-1,-1
272,3,745.46,27.59,21.32,53.90,0.6802,-1,-1,-1
272,5,309.70,22.63,31.10,98.99,1.0000,-1,-1,-1
272,9,-1349.24,1272.16,-420.61,-427.50,1.0000,-1,-1,-1
272,10,505.36,55.12,40.92,114.00,0.8981,-1,-1,-1
272,12,836.71,28.79,7.81,23.65,1.0000,-1,-1,-1
272,13,704.71,112.94,57.61,121.51,0.8601,-1,-1,-1
272,16,810.60,116.80,38.62,111.64,0.8897,-1,-1,-1
273,1,-144.66,35.71,18.29,50.87,1.0000,-1,-1,-1
273,2,768.32,31.41,20.45,54.59,0.7794,-1,-1,-1
273,3,746.07,27.13,21.60,54.23,0.6797,-1,-1,-1
273,5,311.72,22.33,31.20,99.32,1.0000,-1,-1,-1
273,9,-1371.33,1286.49,-429.07,-436.08,1.0000,-1,-1,-1
273,10,506.98,54.22,40.56,114.75,0.9004,-1,-1,-1
273,12,836.42,28.94,7.72,23.36,1.0000,-1,-1,-1
273,13,703.30,110.94,57.31,120.80,0.8934,-1,-1,-1
273,16,808.61,115.06,40.31,113.78,0.8979,-1,-1,-1
274,1,-154.31,35.95,18.08,50.30,1.0000,-1,-1,-1
274,2,768.59,31.57,20.29,54.24,0.7502,-1,-1,-1
274,3,746.56,26.84,21.75,54.34,0.6575,-1,-1,-1
274,5,313.73,22.04,31.31,99.66,1.0000,-1,-1,-1
274,9,-1393.42,1300.81,-437.54,-444.66,1.0000,-1,-1,-1
274,10,508.76,53.61,40.01,114.71,0.9122,-1,-1,-1
274,12,836.13,29.09,7.62,23.06,1.0000,-1,-1,-1
274,13,701.88,108.69,57.07,120.54,0.9108,-1,-1,-1
274,16,807.16,113.20,41.44,113.90,0.9075,-1,-1,-1
275,1,-163.96,36.20,17.88,49.73,1.0000,-1,-1,-1
275,2,769.05,31.80,20.12,53.63,0.7153,-1,-1,-1
275,3,747.22,26.70,21.72,54.17,0.6687,-1,-1,-1
275,5,315.74,21.74,31.41,100.00,1.0000,-1,-1,-1
275,9,-1415.51,1315.14,-446.00,-453.23,1.0000,-1,-1,-1
275,10,510.36,53.39,39.20,113.75,0.9202,-1,-1,-1
275,12,835.85,29.24,7.52,22.76,1.0000,-1,-1,-1
275,13,700.13,106.44,57.77,122.64,0.9027,-1,-1,-1
275,16,805.57,111.84,42.95,114.86,0.9028,-1,-1,-1
275,17,19.83,141.61,27.91,183.30,0.9003,-1,-1,-1
276,1,-173.61,36.44,17.67,49.16,1.0000,-1,-1,-1
276,2,769.60,31.88,20.03,53.37,0.6142,-1,-1,-1
276,3,747.95,26.48,21.70,54.18,0.5598,-1,-1,-1
276,5,317.75,21.44,31.52,100.34,1.0000,-1,-1,-1
276,9,-1437.60,1329.46,-454.47,-461.81,1.0000,-1,-1,-1
276,10,511.61,52.82,38.72,113.64,0.9200,-1,-1,-1
276,12,835.56,29.39,7.42,22.47,1.0000,-1,-1,-1
276,13,698.45,104.36,58.56,125.42,0.9001,-1,-1,-1
276,16,804.16,110.23,43.95,113.98,0.9040,-1,-1,-1
276,17,20.26,141.43,29.84,181.83,0.9230,-1,-1,-1
277,1,-183.25,36.69,17.47,48.59,1.0000,-1,-1,-1
277,2,769.82,31.94,20.03,53.28,0.6674,-1,-1,-1
277,3,748.66,26.47,21.55,53.95,0.6327,-1,-1,-1
277,5,319.76,21.14,31.63,100.68,1.0000,-1,-1,-1
277,9,-1459.69,1343.78,-462.93,-470.39,1.0000,-1,-1,-1
277,10,512.94,52.80,38.12,112.61,0.9213,-1,-1,-1
277,12,835.27,29.55,7.32,22.17,1.0000,-1,-1,-1
277,13,697.21,102.83,58.07,125.54,0.8898,-1,-1,-1
277,16,802.47,108.86,45.19,113.67,0.8951,-1,-1,-1
277,17,19.63,140.61,31.99,180.89,0.9281,-1,-1,-1
278,1,-192.90,36.93,17.26,48.02,1.0000,-1,-1,-1
278,2,770.34,32.05,20.04,53.21,0.6670,-1,-1,-1
278,3,749.48,26.41,21.46,53.83,0.6579,-1,-1,-1
278,5,321.78,20.84,31.73,101.02,1.0000,-1,-1,-1
278,9,-1481.78,1358.11,-471.40,-478.96,1.0000,-1,-1,-1
278,10,514.65,53.22,37.68,111.43,0.9035,-1,-1,-1
278,12,834.99,29.70,7.22,21.87,1.0000,-1,-1,-1
278,13,695.92,101.11,58.48,127.95,0.8972,-1,-1,-1
278,16,799.20,107.48,47.15,115.41,0.8660,-1,-1,-1
278,17,18.01,139.30,35.22,186.50,0.9211,-1,-1,-1
279,1,-202.55,37.18,17.06,47.45,1.0000,-1,-1,-1
279,2,770.76,32.11,20.18,53.27,0.6296,-1,-1,-1
279,3,750.01,26.30,21.40,53.94,0.5699,-1,-1,-1
279,5,323.79,20.55,31.84,101.36,1.0000,-1,-1,-1
279,9,-1503.86,1372.43,-479.87,-487.54,1.0000,-1,-1,-1
279,10,515.73,53.74,37.45,110.36,0.8945,-1,-1,-1
279,12,834.70,29.85,7.13,21.57,1.0000,-1,-1,-1
279,13,695.32,99.57,57.37,126.56,0.8999,-1,-1,-1
279,16,797.10,106.38,47.63,113.51,0.8760,-1,-1,-1
279,17,16.01,136.88,38.31,191.60,0.9118,-1,-1,-1
280,1,-212.20,37.42,16.85,46.88,1.0000,-1,-1,-1
280,2,771.29,32.17,20.33,53.20,0.6978,-1,-1,-1
280,3,750.56,26.53,21.05,53.15,0.6568,-1,-1,-1
280,5,325.80,20.25,31.95,101.69,1.0000,-1,-1,-1
280,9,-1525.95,1386.76,-488.34,-496.12,1.0000,-1,-1,-1
280,10,516.43,54.14,37.51,109.82,0.8931,-1,-1,-1
280,12,834.41,30.00,7.03,21.28,1.0000,-1,-1,-1
280,13,695.08,98.31,55.47,123.06,0.9034,-1,-1,-1
280,16,795.56,105.18,48.15,112.04,0.8963,-1,-1,-1
280,17,16.39,134.54,40.56,194.04,0.9222,-1,-1,-1
281,1,-221.84,37.67,16.65,46.31,1.0000,-1,-1,-1
281,2,771.58,32.21,20.60,53.36,0.7154,-1,-1,-1
281,3,750.89,27.26,20.73,52.49,0.6657,-1,-1,-1
281,5,327.81,19.95,32.05,102.03,1.0000,-1,-1,-1
281,9,-1548.04,1401.08,-496.81,-504.69,1.0000,-1,-1,-1
281,10,517.23,54.05,37.93,109.95,0.9149,-1,-1,-1
281,12,834.13,30.15,6.93,20.98,1.0000,-1,-1,-1
281,13,695.02,97.05,53.76,119.71,0.9015,-1,-1,-1
281,16,794.02,103.82,48.89,111.42,0.8993,-1,-1,-1
281,17,20.55,132.27,42.30,193.73,0.9401,-1,-1,-1
282,1,-231.49,37.91,16.44,45.74,1.0000,-1,-1,-1
282,2,772.38,32.30,20.65,53.20,0.6117,-1,-1,-1
282,3,751.14,27.03,20.93,53.28,0.6291,-1,-1,-1
282,5,329.83,19.65,32.16,102.37,1.0000,-1,-1,-1
282,9,-1570.12,1415.40,-505.28,-513.27,1.0000,-1,-1,-1
282,10,517.96,53.94,38.38,110.01,0.9076,-1,-1,-1
282,12,833.84,30.30,6.83,20.68,1.0000,-1,-1,-1
282,13,694.52,95.55,52.71,117.66,0.9064,-1,-1,-1
282,16,793.20,102.72,49.44,110.61,0.9114,-1,-1,-1
282,17,26.37,130.20,44.32,194.04,0.9308,-1,-1,-1
283,1,-241.14,38.15,16.23,45.16,1.0000,-1,-1,-1
283,2,773.23,32.28,20.67,53.10,0.5652,-1,-1,-1
283,3,751.52,27.12,20.94,53.59,0.6233,-1,-1,-1
283,5,331.84,19.36,32.27,102.71,1.0000,-1,-1,-1
283,9,-1592.21,1429.73,-513.75,-521.85,1.0000,-1,-1,-1
283,10,518.59,54.08,38.78,110.32,0.8951,-1,-1,-1
283,12,833.55,30.46,6.73,20.38,1.0000,-1,-1,-1
283,13,694.17,94.11,52.19,116.88,0.9101,-1,-1,-1
283,16,792.19,101.51,50.13,110.51,0.9081,-1,-1,-1
283,17,34.09,128.80,46.24,192.88,0.9359,-1,-1,-1
284,1,-250.79,38.40,16.03,44.59,1.0000,-1,-1,-1
284,2,773.74,32.31,20.65,53.03,1.0000,-1,-1,-1
284,3,752.14,27.29,20.70,53.25,0.6482,-1,-1,-1
284,5,333.85,19.06,32.37,103.05,1.0000,-1,-1,-1
284,9,-1614.29,1444.05,-522.23,-530.42,1.0000,-1,-1,-1
284,10,519.71,53.22,38.93,110.19,0.8913,-1,-1,-1
284,12,833.26,30.61,6.63,20.09,1.0000,-1,-1,-1
284,13,693.48,92.79,51.99,116.75,0.9086,-1,-1,-1
284,16,791.44,100.69,50.48,109.76,0.8955,-1,-1,-1
284,17,44.26,128.55,49.23,191.57,0.9426,-1,-1,-1
285,1,-260.43,38.64,15.82,44.02,1.0000,-1,-1,-1
285,2,774.26,32.34,20.62,52.95,1.0000,-1,-1,-1
285,3,752.85,27.28,20.53,53.23,0.5719,-1,-1,-1
285,5,335.86,18.76,32.48,103.39,1.0000,-1,-1,-1
285,9,-1636.38,1458.38,-530.70,-539.00,1.0000,-1,-1,-1
285,10,521.86,52.76,38.80,109.45,0.8948,-1,-1,-1
285,12,832.98,30.76,6.54,19.79,1.0000,-1,-1,-1
285,13,692.66,91.74,52.02,117.11,0.9038,-1,-1,-1
285,16,790.96,99.53,50.77,109.16,0.8871,-1,-1,-1
285,17,53.48,128.70,52.84,190.39,0.9345,-1,-1,-1
286,1,-270.08,38.89,15.62,43.45,1.0000,-1,-1,-1
286,2,774.77,32.37,20.59,52.88,1.0000,-1,-1,-1
286,3,753.37,26.92,20.49,53.59,0.5976,-1,-1,-1
286,5,337.88,18.46,32.58,103.73,1.0000,-1,-1,-1
286,9,-1658.46,1472.70,-539.18,-547.58,1.0000,-1,-1,-1
286,10,523.80,52.34,38.74,108.95,0.8816,-1,-1,-1
286,12,832.69,30.91,6.44,19.49,1.0000,-1,-1,-1
286,13,692.08,90.43,51.96,117.18,0.8948,-1,-1,-1
286,16,790.63,98.93,50.79,108.09,0.8739,-1,-1,-1
286,17,59.67,129.27,56.66,189.16,0.9278,-1,-1,-1
287,1,-279.73,39.13,15.41,42.88,1.0000,-1,-1,-1
287,2,775.29,32.39,20.56,52.80,1.0000,-1,-1,-1
287,3,754.08,26.92,20.18,53.12,0.6747,-1,-1,-1
287,5,339.89,18.16,32.69,104.06,1.0000,-1,-1,-1
287,9,-1680.54,1487.02,-547.65,-556.15,1.0000,-1,-1,-1
287,10,525.95,51.97,38.63,108.60,0.8823,-1,-1,-1
287,12,832.40,31.06,6.34,19.19,1.0000,-1,-1,-1
287,13,692.31,89.15,51.18,115.61,0.9009,-1,-1,-1
287,16,789.93,98.28,51.28,108.17,0.8790,-1,-1,-1
287,17,63.58,129.97,60.43,187.35,0.9347,-1,-1,-1
288,1,-289.38,39.38,15.21,42.31,1.0000,-1,-1,-1
288,2,777.95,32.44,20.01,51.91,0.6291,-1,-1,-1
288,3,754.84,26.70,20.20,53.32,0.6366,-1,-1,-1
288,5,341.90,17.87,32.80,104.40,1.0000,-1,-1,-1
288,9,-1702.63,1501.35,-556.13,-564.73,1.0000,-1,-1,-1
288,10,530.24,51.54,38.52,108.78,0.9169,-1,-1,-1
288,12,832.12,31.21,6.24,18.90,1.0000,-1,-1,-1
288,13,691.82,87.37,51.13,115.61,0.8961,-1,-1,-1
288,16,789.95,96.76,51.08,106.98,0.8608,-1,-1,-1
288,17,66.34,129.27,63.71,186.14,0.9384,-1,-1,-1
289,1,-299.02,39.62,15.00,41.74,1.0000,-1,-1,-1
289,2,778.62,32.51,19.68,51.58,0.6882,-1,-1,-1
289,3,755.29,26.63,20.10,53.13,0.7803,-1,-1,-1
289,5,343.91,17.57,32.90,104.74,1.0000,-1,-1,-1
289,9,-1724.71,1515.67,-564.61,-573.31,1.0000,-1,-1,-1
289,10,532.87,51.36,38.53,108.84,0.9238,-1,-1,-1
289,12,831.83,31.37,6.14,18.60,1.0000,-1,-1,-1
289,13,691.90,86.20,50.46,114.04,0.8926,-1,-1,-1
289,16,790.15,95.67,51.06,106.35,0.8480,-1,-1,-1
289,17,69.80,128.29,65.59,183.50,0.9231,-1,-1,-1
290,1,-308.67,39.86,14.80,41.17,1.0000,-1,-1,-1
290,2,779.08,32.56,19.37,51.17,0.6934,-1,-1,-1
290,3,755.59,26.61,20.10,53.07,0.7979,-1,-1,-1
290,5,345.93,17.27,33.01,105.08,1.0000,-1,-1,-1
290,9,-1746.79,1529.99,-573.09,-581.88,1.0000,-1,-1,-1
290,10,534.72,51.98,38.41,107.83,0.9243,-1,-1,-1
290,12,831.54,31.52,6.05,18.30,1.0000,-1,-1,-1
290,13,692.09,84.96,50.02,113.04,0.8723,-1,-1,-1
290,16,791.25,95.00,50.31,104.23,0.7915,-1,-1,-1
290,17,76.27,127.25,65.77,180.30,0.9298,-1,-1,-1
291,1,-318.32,40.11,14.59,40.60,1.0000,-1,-1,-1
291,2,779.56,32.49,19.24,51.20,0.7166,-1,-1,-1
291,3,755.92,26.76,20.03,52.79,0.8010,-1,-1,-1
291,5,347.94,16.97,33.12,105.42,1.0000,-1,-1,-1
291,9,-1768.87,1544.32,-581.57,-590.46,1.0000,-1,-1,-1
291,10,535.99,52.10,38.54,107.23,0.9165,-1,-1,-1
291,12,831.26,31.67,5.95,18.01,1.0000,-1,-1,-1
291,13,692.40,84.08,49.56,111.84,0.8815,-1,-1,-1
291,16,792.33,94.03,49.95,103.03,0.8390,-1,-1,-1
291,17,80.09,125.07,66.43,180.51,0.9281,-1,-1,-1
292,1,-327.97,40.35,14.39,40.03,1.0000,-1,-1,-1
292,2,779.79,32.28,19.27,51.38,0.7936,-1,-1,-1
292,3,756.17,26.98,20.08,52.61,0.8209,-1,-1,-1
292,5,349.95,16.68,33.22,105.76,1.0000,-1,-1,-1
292,9,-1790.95,1558.64,-590.05,-599.04,1.0000,-1,-1,-1
292,10,536.97,52.17,38.87,107.03,0.9068,-1,-1,-1
292,12,830.97,31.82,5.85,17.71,1.0000,-1,-1,-1
292,13,692.85,83.57,49.07,110.41,0.8614,-1,-1,-1
292,16,794.41,93.06,48.37,99.33,0.8444,-1,-1,-1
292,17,82.99,122.49,67.01,182.08,0.9302,-1,-1,-1
293,1,-337.61,40.60,14.18,39.46,1.0000,-1,-1,-1
293,2,780.19,32.10,19.29,51.57,0.8064,-1,-1,-1
293,3,756.49,27.26,20.05,52.22,0.7656,-1,-1,-1
293,5,351.96,16.38,33.33,106.10,1.0000,-1,-1,-1
293,9,-1813.03,1572.97,-598.53,-607.62,1.0000,-1,-1,-1
293,10,537.91,52.25,39.21,106.89,0.9086,-1,-1,-1
293,12,830.68,31.97,5.75,17.41,1.0000,-1,-1,-1
293,13,693.24,82.53,48.72,109.12,0.8659,-1,-1,-1
293,16,795.72,91.95,48.05,98.60,0.8662,-1,-1,-1
293,17,87.32,120.36,67.67,183.30,0.9383,-1,-1,-1
294,1,-347.26,40.84,13.98,38.89,1.0000,-1,-1,-1
294,2,780.51,31.97,19.27,51.65,0.8086,-1,-1,-1
294,3,756.87,27.54,20.04,51.92,0.7457,-1,-1,-1
294,5,353.98,16.08,33.43,106.44,1.0000,-1,-1,-1
294,9,-1835.11,1587.29,-607.01,-616.19,1.0000,-1,-1,-1
294,10,538.58,52.40,39.69,107.10,0.9190,-1,-1,-1
294,12,830.40,32.12,5.65,17.11,1.0000,-1,-1,-1
294,13,693.82,81.68,48.02,106.89,0.8635,-1,-1,-1
294,16,796.23,91.00,48.04,98.46,0.8628,-1,-1,-1
294,17,92.98,118.79,69.07,185.37,0.9475,-1,-1,-1
295,1,-356.91,41.09,13.77,38.31,1.0000,-1,-1,-1
295,2,780.83,31.81,19.04,51.21,0.8212,-1,-1,-1
295,3,757.45,27.87,20.15,51.80,0.7869,-1,-1,-1
295,5,355.99,15.78,33.54,106.77,1.0000,-1,-1,-1
295,9,-1857.19,1601.61,-615.49,-624.77,1.0000,-1,-1,-1
295,10,539.52,52.15,39.66,106.17,0.9158,-1,-1,-1
295,12,830.11,32.28,5.55,16.82,1.0000,-1,-1,-1
295,13,694.36,80.77,47.30,104.50,0.8725,-1,-1,-1
295,16,797.02,89.98,48.13,98.85,0.8704,-1,-1,-1
295,17,99.28,117.88,70.44,186.56,0.9471,-1,-1,-1
296,1,-366.56,41.33,13.57,37.74,1.0000,-1,-1,-1
296,2,781.21,31.47,19.07,51.32,0.8482,-1,-1,-1
296,3,757.82,28.08,20.23,51.52,0.7717,-1,-1,-1
296,5,358.00,15.48,33.65,107.11,1.0000,-1,-1,-1
296,9,-1879.27,1615.94,-623.98,-633.35,1.0000,-1,-1,-1
296,10,540.39,51.48,39.86,106.12,0.9208,-1,-1,-1
296,12,829.82,32.43,5.46,16.52,1.0000,-1,-1,-1
296,13,695.65,80.15,45.81,100.09,0.8642,-1,-1,-1
296,16,797.37,89.16,48.96,100.89,0.8463,-1,-1,-1
296,17,105.71,118.07,71.65,186.87,0.9578,-1,-1,-1
297,1,-376.20,41.58,13.36,37.17,1.0000,-1,-1,-1
297,2,781.53,31.04,19.17,51.62,0.8613,-1,-1,-1
297,3,758.26,28.19,20.49,51.49,0.7623,-1,-1,-1
297,5,360.01,15.19,33.75,107.45,1.0000,-1,-1,-1
297,9,-1901.35,1630.26,-632.46,-641.92,1.0000,-1,-1,-1
297,10,541.71,50.65,39.58,105.29,0.9085,-1,-1,-1
297,12,829.54,32.58,5.36,16.22,1.0000,-1,-1,-1
297,13,696.64,79.43,45.10,97.44,0.8612,-1,-1,-1
297,16,799.04,88.35,48.22,99.70,0.8628,-1,-1,-1
297,17,111.99,118.56,72.78,186.60,0.9506,-1,-1,-1
298,1,-385.85,41.82,13.16,36.60,1.0000,-1,-1,-1
298,2,781.87,30.65,19.33,52.13,0.8598,-1,-1,-1
298,3,758.35,28.06,20.77,51.62,0.7713,-1,-1,-1
298,5,362.03,14.89,33.86,107.79,1.0000,-1,-1,-1
298,9,-1923.43,1644.59,-640.95,-650.50,1.0000,-1,-1,-1
298,10,542.95,50.34,39.23,104.57,0.9105,-1,-1,-1
298,12,829.25,32.73,5.26,15.92,1.0000,-1,-1,-1
298,13,697.83,78.52,44.51,95.18,0.8498,-1,-1,-1
298,16,801.56,87.71,46.92,97.62,0.8871,-1,-1,-1
298,17,118.37,118.70,74.14,186.97,0.9521,-1,-1,-1
299,1,-395.50,42.06,12.95,36.03,1.0000,-1,-1,-1
299,2,782.15,30.55,19.41,52.47,0.8577,-1,-1,-1
299,3,758.65,28.00,20.97,51.63,0.7641,-1,-1,-1
299,5,364.04,14.59,33.97,108.13,1.0000,-1,-1,-1
299,9,-1945.51,1658.91,-649.44,-659.08,1.0000,-1,-1,-1
299,10,544.07,50.20,38.86,103.95,0.9062,-1,-1,-1
299,12,828.96,32.88,5.16,15.63,1.0000,-1,-1,-1
299,13,698.82,77.92,44.30,93.93,0.8487,-1,-1,-1
299,16,802.95,87.09,46.56,97.61,0.8825,-1,-1,-1
299,17,123.67,118.75,75.52,187.60,0.9597,-1,-1,-1
300,1,-405.15,42.31,12.75,35.46,1.0000,-1,-1,-1
300,2,782.36,30.82,19.33,52.41,0.8499,-1,-1,-1
300,3,759.23,27.93,21.12,51.54,0.7804,-1,-1,-1
300,5,366.05,14.29,34.07,108.47,1.0000,-1,-1,-1
300,9,-1967.58,1673.23,-657.93,-667.65,1.0000,-1,-1,-1
300,10,545.04,50.14,38.37,103.29,0.9155,-1,-1,-1
300,12,828.68,33.03,5.06,15.33,1.0000,-1,-1,-1
300,13,699.19,77.47,44.52,93.72,0.8453,-1,-1,-1
300,16,804.12,86.13,46.38,98.20,0.8565,-1,-1,-1
300,17,127.09,118.45,76.64,187.59,0.9545,-1,-1,-1
301,1,-414.79,42.55,12.54,34.89,1.0000,-1,-1,-1
301,2,782.62,31.46,19.09,51.81,0.8256,-1,-1,-1
301,3,759.88,27.94,21.03,51.04,0.7497,-1,-1,-1
301,5,368.06,14.00,34.18,108.81,1.0000,-1,-1,-1
301,9,-1989.66,1687.56,-666.42,-676.23,1.0000,-1,-1,-1
301,10,546.09,50.52,37.71,102.47,0.9150,-1,-1,-1
301,12,828.39,33.19,4.96,15.03,1.0000,-1,-1,-1
301,13,699.86,76.91,45.07,94.39,0.8404,-1,-1,-1
301,16,805.58,85.37,46.24,99.03,0.8619,-1,-1,-1
301,17,130.75,117.81,76.82,186.59,0.9490,-1,-1,-1
302,1,-424.44,42.80,12.34,34.32,1.0000,-1,-1,-1
302,2,783.19,32.13,18.79,50.95,0.8008,-1,-1,-1
302,3,760.58,27.89,20.97,50.80,0.6850,-1,-1,-1
302,5,370.08,13.70,34.29,109.14,1.0000,-1,-1,-1
302,9,-2011.74,1701.88,-674.91,-684.81,1.0000,-1,-1,-1
302,10,547.56,50.43,37.13,102.30,0.9042,-1,-1,-1
302,12,828.10,33.34,4.87,14.73,1.0000,-1,-1,-1
302,13,700.42,75.89,46.18,96.72,0.8335,-1,-1,-1
302,16,806.14,84.30,46.31,100.01,0.8714,-1,-1,-1
302,17,135.83,116.85,75.60,183.29,0.9338,-1,-1,-1
303,1,-434.09,43.04,12.13,33.75,1.0000,-1,-1,-1
303,2,783.97,32.69,18.72,50.43,0.7895,-1,-1,-1
303,3,761.04,27.87,20.92,50.68,0.6919,-1,-1,-1
303,5,372.09,13.40,34.39,109.48,1.0000,-1,-1,-1
303,9,-2033.81,1716.21,-683.40,-693.38,1.0000,-1,-1,-1
303,10,548.75,50.05,36.61,102.01,0.8912,-1,-1,-1
303,12,827.82,33.49,4.77,14.44,1.0000,-1,-1,-1
303,13,701.51,75.08,46.61,97.55,0.8432,-1,-1,-1
303,16,807.10,83.63,46.25,100.92,0.8634,-1,-1,-1
303,17,141.72,115.56,72.53,176.77,0.9382,-1,-1,-1
304,1,-443.74,43.29,11.93,33.18,1.0000,-1,-1,-1
304,2,784.44,33.47,18.67,49.83,0.7449,-1,-1,-1
304,3,761.65,27.84,20.85,50.53,0.6570,-1,-1,-1
304,5,374.10,13.10,34.50,109.82,1.0000,-1,-1,-1
304,9,-2055.89,1730.53,-691.89,-701.96,1.0000,-1,-1,-1
304,10,550.24,50.02,36.07,101.31,0.8753,-1,-1,-1
304,12,827.53,33.64,4.67,14.14,1.0000,-1,-1,-1
304,13,703.47,73.95,45.68,95.48,0.8553,-1,-1,-1
304,16,809.37,82.74,44.99,99.23,0.8758,-1,-1,-1
304,17,145.97,113.62,70.75,174.60,0.9202,-1,-1,-1
305,1,-453.38,43.53,11.72,32.61,1.0000,-1,-1,-1
305,2,784.88,34.05,18.63,49.10,0.7388,-1,-1,-1
305,3,762.18,27.93,20.72,50.53,0.6427,-1,-1,-1
305,5,376.11,12.80,34.60,110.16,1.0000,-1,-1,-1
305,9,-2077.96,1744.85,-700.38,-710.54,1.0000,-1,-1,-1
305,10,551.18,50.78,35.66,99.94,0.8832,-1,-1,-1
305,12,827.24,33.79,4.57,13.84,1.0000,-1,-1,-1
305,13,704.27,72.50,46.29,97.13,0.8813,-1,-1,-1
305,16,811.09,82.29,44.08,98.25,0.8581,-1,-1,-1
305,17,150.53,111.83,69.13,173.46,0.9299,-1,-1,-1
306,1,-463.03,43.78,11.52,32.04,1.0000,-1,-1,-1
306,2,785.45,34.81,18.58,48.10,0.7064,-1,-1,-1
306,3,762.96,27.96,20.44,50.37,0.6531,-1,-1,-1
306,5,378.13,12.51,34.71,110.50,1.0000,-1,-1,-1
306,9,-2100.04,1759.18,-708.88,-719.11,1.0000,-1,-1,-1
306,10,551.56,50.34,35.86,100.27,0.8771,-1,-1,-1
306,12,826.96,33.94,4.47,13.54,1.0000,-1,-1,-1
306,13,706.16,71.70,45.74,96.39,0.8800,-1,-1,-1
306,16,812.54,81.96,43.50,97.57,0.8296,-1,-1,-1
306,17,155.78,109.79,69.18,176.44,0.9366,-1,-1,-1
307,1,-472.68,44.02,11.31,31.46,1.0000,-1,-1,-1
307,2,785.95,35.07,18.86,47.63,0.7250,-1,-1,-1
307,3,763.42,27.86,20.24,50.49,0.5767,-1,-1,-1
307,5,380.14,12.21,34.82,110.84,1.0000,-1,-1,-1
307,9,-2122.11,1773.50,-717.37,-727.69,1.0000,-1,-1,-1
307,10,552.06,50.62,35.91,99.72,0.8821,-1,-1,-1
307,12,826.67,34.10,4.38,13.25,1.0000,-1,-1,-1
307,13,708.55,71.37,45.01,95.47,0.8795,-1,-1,-1
307,16,813.22,81.41,43.30,97.52,0.8684,-1,-1,-1
307,17,162.23,108.67,68.71,176.92,0.9410,-1,-1,-1
308,1,-482.33,44.26,11.11,30.89,1.0000,-1,-1,-1
308,2,786.42,35.47,19.06,47.18,0.7147,-1,-1,-1
308,3,763.79,28.00,19.86,50.09,0.5034,-1,-1,-1
308,5,382.15,11.91,34.92,111.18,1.0000,-1,-1,-1
308,9,-2144.18,1787.82,-725.87,-736.27,1.0000,-1,-1,-1
308,10,553.22,51.05,36.10,99.37,0.8645,-1,-1,-1
308,12,826.38,34.25,4.28,12.95,1.0000,-1,-1,-1
308,13,710.72,70.43,44.65,95.33,0.8782,-1,-1,-1
308,16,814.52,80.98,42.76,97.06,0.8533,-1,-1,-1
308,17,168.77,108.09,68.12,175.84,0.9234,-1,-1,-1
309,1,-491.97,44.51,10.90,30.32,1.0000,-1,-1,-1
309,2,786.97,35.39,19.44,47.26,0.7270,-1,-1,-1
309,3,764.25,28.09,19.59,49.88,0.5279,-1,-1,-1
309,5,6.08,57.33,33.14,100.80,0.6861,-1,-1,-1
309,9,-2166.26,1802.15,-734.37,-744.84,1.0000,-1,-1,-1
309,10,554.10,50.57,36.65,99.89,0.8657,-1,-1,-1
309,12,826.10,34.40,4.18,12.65,1.0000,-1,-1,-1
309,13,713.01,69.73,44.04,94.70,0.8791,-1,-1,-1
309,16,815.83,80.61,42.14,96.67,0.8313,-1,-1,-1
309,17,177.15,107.71,68.48,175.08,0.9318,-1,-1,-1
310,1,-501.62,44.75,10.70,29.75,1.0000,-1,-1,-1
310,2,787.32,35.02,19.80,47.48,0.6938,-1,-1,-1
310,3,764.69,28.28,19.45,50.03,0.5239,-1,-1,-1
310,5,9.00,57.70,33.71,101.35,0.6322,-1,-1,-1
310,10,555.82,49.57,37.35,100.44,0.8340,-1,-1,-1
310,12,825.81,34.55,4.08,12.36,1.0000,-1,-1,-1
310,13,715.22,68.87,43.91,95.03,0.8760,-1,-1,-1
310,16,816.52,80.33,41.55,96.39,0.8476,-1,-1,-1
310,17,185.74,108.06,69.15,173.39,0.9399,-1,-1,-1
311,1,-511.27,45.00,10.49,29.18,1.0000,-1,-1,-1
311,2,787.79,34.65,20.04,47.46,0.6316,-1,-1,-1
311,3,765.14,28.34,19.40,49.92,1.0000,-1,-1,-1
311,5,12.40,58.01,35.31,101.44,0.7735,-1,-1,-1
311,10,558.64,48.78,37.67,100.67,0.8163,-1,-1,-1
311,12,825.52,34.70,3.98,12.06,1.0000,-1,-1,-1
311,13,717.82,68.75,43.48,94.81,0.8942,-1,-1,-1
311,16,817.30,79.96,40.89,95.90,0.8574,-1,-1,-1
311,17,191.16,108.62,70.63,172.80,0.9304,-1,-1,-1
312,1,-520.92,45.24,10.28,28.61,1.0000,-1,-1,-1
312,2,788.47,33.82,20.47,47.95,0.6477,-1,-1,-1
312,3,766.12,28.26,19.34,50.01,0.5525,-1,-1,-1
312,5,17.74,58.43,35.75,100.54,0.8060,-1,-1,-1
312,10,564.03,48.32,37.98,100.42,0.9026,-1,-1,-1
312,12,825.24,34.85,3.88,11.76,1.0000,-1,-1,-1
312,13,721.68,67.50,43.28,95.11,0.8957,-1,-1,-1
312,16,819.18,79.46,39.39,93.66,0.8246,-1,-1,-1
312,17,194.28,108.63,71.78,171.21,0.9379,-1,-1,-1
313,1,-530.56,45.49,10.08,28.04,1.0000,-1,-1,-1
313,2,788.86,33.13,20.99,48.63,0.5925,-1,-1,-1
313,3,766.62,28.26,19.31,50.16,0.5308,-1,-1,-1
313,5,21.54,58.46,35.23,99.79,0.8376,-1,-1,-1
313,10,567.29,48.25,37.84,99.84,0.9206,-1,-1,-1
313,12,824.95,35.01,3.79,11.46,1.0000,-1,-1,-1
313,13,724.82,66.77,42.31,93.66,0.8738,-1,-1,-1
313,16,820.18,78.73,38.05,91.37,0.7954,-1,-1,-1
313,17,195.39,108.31,72.48,170.10,0.9319,-1,-1,-1
314,1,-540.21,45.73,9.87,27.47,1.0000,-1,-1,-1
314,2,789.07,32.47,21.44,49.06,0.5517,-1,-1,-1
314,3,766.97,28.21,19.17,50.02,0.5295,-1,-1,-1
314,5,24.96,57.82,34.36,98.35,0.7997,-1,-1,-1
314,10,569.49,48.08,37.79,100.24,0.9050,-1,-1,-1
314,12,824.66,35.16,3.69,11.17,1.0000,-1,-1,-1
314,13,727.50,66.69,41.40,91.91,0.8350,-1,-1,-1
314,16,821.62,78.22,36.60,88.91,0.7326,-1,-1,-1
314,17,199.34,107.91,71.97,167.69,0.9037,-1,-1,-1
315,1,-549.86,45.97,9.67,26.90,1.0000,-1,-1,-1
315,2,789.13,32.37,21.77,49.28,0.5782,-1,-1,-1
315,3,767.43,28.20,19.05,49.93,0.5259,-1,-1,-1
315,5,28.95,57.21,33.53,97.29,0.7754,-1,-1,-1
315,10,570.77,48.11,37.60,100.18,0.8989,-1,-1,-1
315,12,824.38,35.31,3.59,10.87,1.0000,-1,-1,-1
315,13,729.95,66.27,40.53,89.97,0.8404,-1,-1,-1
315,16,823.72,77.61,34.64,85.37,0.7634,-1,-1,-1
315,17,204.34,106.94,71.19,165.97,0.9198,-1,-1,-1
316,1,-559.51,46.22,9.46,26.33,1.0000,-1,-1,-1
316,2,788.87,31.49,22.35,50.11,0.5421,-1,-1,-1
316,3,767.91,28.23,19.03,49.85,1.0000,-1,-1,-1
316,5,32.15,56.33,32.52,96.84,0.8235,-1,-1,-1
316,10,571.74,48.25,37.41,99.60,0.9018,-1,-1,-1
316,12,824.09,35.46,3.49,10.57,1.0000,-1,-1,-1
316,13,733.12,66.30,39.46,87.65,0.8415,-1,-1,-1
316,16,825.26,76.96,33.30,83.38,0.7810,-1,-1,-1
316,17,211.68,104.91,70.55,165.14,0.9238,-1,-1,-1
317,1,-569.15,46.46,9.26,25.76,1.0000,-1,-1,-1
317,2,788.87,31.58,22.51,50.12,0.5781,-1,-1,-1
317,3,768.38,28.25,19.00,49.77,1.0000,-1,-1,-1
317,5,35.13,54.97,32.56,99.30,0.8424,-1,-1,-1
317,10,572.95,48.52,37.13,98.49,0.9063,-1,-1,-1
317,12,823.80,35.61,3.39,10.27,1.0000,-1,-1,-1
317,13,735.61,66.09,38.92,86.48,0.8473,-1,-1,-1
317,16,826.21,76.81,32.53,82.90,0.7322,-1,-1,-1
317,17,219.93,103.34,69.62,164.33,0.9392,-1,-1,-1
318,1,-578.80,46.71,9.05,25.18,1.0000,-1,-1,-1
318,2,788.75,31.28,22.80,50.49,0.6269,-1,-1,-1
318,3,768.85,28.27,18.97,49.70,1.0000,-1,-1,-1
318,5,39.34,53.63,32.00,99.02,0.8007,-1,-1,-1
318,10,573.81,48.55,37.27,98.09,0.9151,-1,-1,-1
318,12,823.52,35.76,3.30,9.98,1.0000,-1,-1,-1
318,13,738.18,65.49,38.33,85.11,0.8383,-1,-1,-1
318,16,825.72,76.04,33.31,86.47,0.7621,-1,-1,-1
318,17,226.86,101.70,68.95,164.95,0.9392,-1,-1,-1
319,1,-588.45,46.95,8.85,24.61,1.0000,-1,-1,-1
319,2,788.91,31.00,22.94,50.78,0.6607,-1,-1,-1
319,3,769.33,28.29,18.94,49.62,1.0000,-1,-1,-1
319,5,43.03,52.37,32.26,100.78,0.8474,-1,-1,-1
319,10,574.60,48.72,37.66,98.19,0.9226,-1,-1,-1
319,12,823.23,35.92,3.20,9.68,1.0000,-1,-1,-1
319,13,740.49,65.20,37.59,83.32,0.7961,-1,-1,-1
319,16,825.47,75.75,33.49,88.45,0.7746,-1,-1,-1
319,17,231.42,99.92,68.48,166.07,0.9235,-1,-1,-1
320,1,-598.10,47.20,8.64,24.04,1.0000,-1,-1,-1
320,2,789.52,31.39,22.58,50.04,0.7034,-1,-1,-1
320,3,769.80,28.32,18.91,49.55,1.0000,-1,-1,-1
320,5,46.05,51.76,32.60,102.79,0.8348,-1,-1,-1
320,10,575.44,48.62,38.17,98.60,0.9219,-1,-1,-1
320,12,822.94,36.07,3.10,9.38,1.0000,-1,-1,-1
320,13,742.63,65.23,36.91,81.57,0.8053,-1,-1,-1
320,16,825.63,76.04,33.27,89.36,0.8155,-1,-1,-1
320,17,236.03,99.15,68.19,166.94,0.9202,-1,-1,-1
321,1,-607.74,47.44,8.44,23.47,1.0000,-1,-1,-1
321,2,789.91,31.52,22.18,49.11,0.6926,-1,-1,-1
321,3,770.27,28.34,18.88,49.47,1.0000,-1,-1,-1
321,5,49.60,51.72,32.23,101.88,0.6893,-1,-1,-1
321,10,576.02,48.18,38.65,99.06,0.9123,-1,-1,-1
321,12,822.66,36.22,3.00,9.08,1.0000,-1,-1,-1
321,13,744.86,65.11,36.45,80.21,0.7721,-1,-1,-1
321,16,826.45,76.09,32.36,88.46,0.7350,-1,-1,-1
321,17,240.66,98.98,67.63,166.70,0.9310,-1,-1,-1
322,1,-617.39,47.69,8.23,22.90,1.0000,-1,-1,-1
322,2,789.81,31.22,22.31,49.38,0.6786,-1,-1,-1
322,3,770.75,28.36,18.85,49.39,1.0000,-1,-1,-1
322,5,52.62,51.73,33.36,104.48,0.6199,-1,-1,-1
322,10,577.58,47.85,38.56,98.35,0.9023,-1,-1,-1
322,12,822.37,36.37,2.90,8.79,1.0000,-1,-1,-1
322,13,747.03,65.46,35.96,78.55,0.7657,-1,-1,-1
322,16,826.81,75.27,32.18,89.66,0.7520,-1,-1,-1
322,17,245.07,98.86,67.68,167.78,0.9431,-1,-1,-1
323,1,-627.04,47.93,8.03,22.33,1.0000,-1,-1,-1
323,2,790.11,30.96,22.34,49.67,0.7138,-1,-1,-1
323,3,771.22,28.38,18.82,49.32,1.0000,-1,-1,-1
323,5,56.83,51.87,33.97,102.55,0.7087,-1,-1,-1
323,10,579.46,47.67,38.45,98.47,0.8925,-1,-1,-1
323,12,822.08,36.52,2.80,8.49,1.0000,-1,-1,-1
323,13,749.30,66.98,35.40,76.81,0.6412,-1,-1,-1
323,16,827.59,74.68,31.49,89.55,0.7927,-1,-1,-1
323,17,248.93,99.16,67.52,167.88,0.9425,-1,-1,-1
324,1,-636.69,48.17,7.82,21.76,1.0000,-1,-1,-1
324,2,790.39,30.71,22.45,50.21,0.7244,-1,-1,-1
324,3,771.69,28.41,18.79,49.24,1.0000,-1,-1,-1
324,5,59.11,52.15,35.39,103.22,0.5721,-1,-1,-1
324,10,581.58,47.16,38.06,98.09,0.8939,-1,-1,-1
324,12,821.80,36.67,2.71,8.19,1.0000,-1,-1,-1
324,13,751.95,66.09,34.13,73.09,0.6815,-1,-1,-1
324,16,828.24,74.42,30.80,89.34,0.7917,-1,-1,-1
324,17,252.39,99.63,67.38,167.40,0.9342,-1,-1,-1
325,1,-646.33,48.42,7.62,21.19,1.0000,-1,-1,-1
325,2,790.87,30.32,22.52,50.80,0.7640,-1,-1,-1
325,3,772.17,28.43,18.76,49.17,1.0000,-1,-1,-1
325,5,61.74,51.89,35.49,103.49,1.0000,-1,-1,-1
325,10,583.85,46.94,37.41,97.32,0.9002,-1,-1,-1
325,12,821.51,36.83,2.61,7.89,1.0000,-1,-1,-1
325,13,753.73,66.27,33.71,71.28,0.5402,-1,-1,-1
325,16,829.27,75.67,29.63,87.63,0.6883,-1,-1,-1
325,17,255.18,99.34,67.47,167.15,0.9329,-1,-1,-1
326,1,-655.98,48.66,7.41,20.62,1.0000,-1,-1,-1
326,2,791.31,30.08,22.41,50.90,0.7897,-1,-1,-1
326,3,772.64,28.45,18.73,49.09,1.0000,-1,-1,-1
326,5,64.37,51.63,35.58,103.76,1.0000,-1,-1,-1
326,10,586.05,47.01,36.92,96.85,0.8972,-1,-1,-1
326,12,821.22,36.98,2.51,7.60,1.0000,-1,-1,-1
326,13,753.86,63.94,36.34,76.78,0.6142,-1,-1,-1
326,16,831.00,81.79,26.98,80.71,0.6998,-1,-1,-1
326,17,259.43,99.19,66.89,165.50,0.9320,-1,-1,-1
327,1,-665.63,48.91,7.21,20.05,1.0000,-1,-1,-1
327,2,791.92,29.95,22.16,50.70,0.7572,-1,-1,-1
327,3,773.11,28.47,18.71,49.01,1.0000,-1,-1,-1
327,5,66.99,51.37,35.67,104.03,1.0000,-1,-1,-1
327,10,587.36,47.58,36.47,96.42,0.8960,-1,-1,-1
327,12,820.94,37.13,2.41,7.30,1.0000,-1,-1,-1
327,13,756.35,64.49,35.79,74.99,0.5872,-1,-1,-1
327,16,833.14,86.29,24.49,74.21,0.5754,-1,-1,-1
327,17,264.58,98.76,65.65,162.48,0.9369,-1,-1,-1
328,1,-675.28,49.15,7.00,19.48,1.0000,-1,-1,-1
328,2,792.53,30.13,21.79,50.27,0.7721,-1,-1,-1
328,3,773.59,28.50,18.68,48.94,1.0000,-1,-1,-1
328,5,69.62,51.11,35.76,104.30,1.0000,-1,-1,-1
328,10,588.46,48.07,36.03,96.05,0.8930,-1,-1,-1
328,12,820.65,37.28,2.31,7.00,1.0000,-1,-1,-1
328,13,757.82,62.24,37.61,78.97,0.6293,-1,-1,-1
328,16,833.87,87.07,23.76,73.07,0.6797,-1,-1,-1
328,17,271.21,97.52,62.95,155.84,0.9399,-1,-1,-1
329,1,-684.92,49.40,6.80,18.91,1.0000,-1,-1,-1
329,2,793.07,30.80,21.34,49.56,0.7186,-1,-1,-1
329,3,774.06,28.52,18.65,48.86,1.0000,-1,-1,-1
329,5,72.25,50.85,35.86,104.57,1.0000,-1,-1,-1
329,10,589.80,48.83,35.49,94.78,0.8960,-1,-1,-1
329,12,820.36,37.43,2.21,6.71,1.0000,-1,-1,-1
329,13,760.35,61.72,36.52,76.32,0.5766,-1,-1,-1
329,16,834.87,86.18,23.26,73.03,0.6554,-1,-1,-1
329,17,276.35,95.88,61.61,153.18,0.9309,-1,-1,-1
330,1,-694.57,49.64,6.59,18.33,1.0000,-1,-1,-1
330,2,793.53,31.35,21.02,49.23,0.6565,-1,-1,-1
330,3,774.54,28.54,18.62,48.79,1.0000,-1,-1,-1
330,5,74.87,50.59,35.95,104.83,1.0000,-1,-1,-1
330,10,590.95,49.04,35.27,94.01,0.8909,-1,-1,-1
330,12,820.08,37.58,2.12,6.41,1.0000,-1,-1,-1
330,13,761.33,61.11,37.58,78.60,0.6535,-1,-1,-1
330,16,835.83,85.10,23.02,74.36,0.6350,-1,-1,-1
330,17,280.67,93.68,61.87,155.35,0.9218,-1,-1,-1
331,1,-704.22,49.89,6.39,17.76,1.0000,-1,-1,-1
331,2,794.40,31.78,20.56,48.56,0.6680,-1,-1,-1
331,3,775.01,28.56,18.59,48.71,1.0000,-1,-1,-1
331,5,77.50,50.32,36.04,105.10,1.0000,-1,-1,-1
331,10,591.73,49.14,35.30,93.55,0.8979,-1,-1,-1
331,12,819.79,37.74,2.02,6.11,1.0000,-1,-1,-1
331,13,762.72,61.36,37.24,77.85,0.6221,-1,-1,-1
331,16,836.86,85.73,21.94,72.74,0.5595,-1,-1,-1
331,17,285.20,91.90,61.86,157.13,0.9338,-1,-1,-1
332,1,-713.87,50.13,6.18,17.19,1.0000,-1,-1,-1
332,2,795.11,32.41,20.19,47.98,0.6734,-1,-1,-1
332,3,775.48,28.59,18.56,48.63,1.0000,-1,-1,-1
332,5,90.96,47.39,30.52,92.21,0.6495,-1,-1,-1
332,10,592.48,49.12,35.56,93.44,0.9052,-1,-1,-1
332,12,819.50,37.89,1.92,5.81,1.0000,-1,-1,-1
332,13,763.96,61.27,37.48,78.53,0.6362,-1,-1,-1
332,16,837.58,86.20,21.61,71.63,1.0000,-1,-1,-1
332,17,289.97,90.86,60.92,156.75,0.9342,-1,-1,-1
333,1,-723.51,50.37,5.98,16.62,1.0000,-1,-1,-1
333,2,796.07,32.65,19.88,47.72,0.6955,-1,-1,-1
333,3,775.96,28.61,18.53,48.56,1.0000,-1,-1,-1
333,5,94.63,47.20,30.27,94.14,0.7127,-1,-1,-1
333,10,593.67,48.75,36.10,93.88,0.8902,-1,-1,-1
333,12,819.22,38.04,1.82,5.52,1.0000,-1,-1,-1
333,13,765.19,60.99,38.21,80.64,0.5896,-1,-1,-1
333,16,838.31,86.67,21.27,70.51,1.0000,-1,-1,-1
333,17,294.37,90.30,59.86,155.56,0.9315,-1,-1,-1
334,1,-733.16,50.62,5.77,16.05,1.0000,-1,-1,-1
334,2,797.00,32.73,19.63,47.50,0.6573,-1,-1,-1
334,3,776.43,28.63,18.50,48.48,1.0000,-1,-1,-1
334,5,98.39,47.33,29.58,93.44,0.7969,-1,-1,-1
334,10,594.38,49.06,36.41,93.48,0.9025,-1,-1,-1
334,12,818.93,38.19,1.72,5.22,1.0000,-1,-1,-1
334,13,766.80,60.71,37.90,80.47,0.5186,-1,-1,-1
334,16,839.03,87.13,20.93,69.40,1.0000,-1,-1,-1
334,17,298.66,90.14,59.36,155.05,0.9321,-1,-1,-1
335,1,-742.81,50.86,5.57,15.48,1.0000,-1,-1,-1
335,2,797.43,32.44,19.80,48.37,0.5666,-1,-1,-1
335,3,776.90,28.65,18.47,48.40,1.0000,-1,-1,-1
335,5,101.88,47.51,29.71,93.56,0.8679,-1,-1,-1
335,10,595.15,48.98,37.02,93.59,0.9086,-1,-1,-1
335,12,818.64,38.34,1.63,4.92,1.0000,-1,-1,-1
335,13,768.52,60.32,37.92,80.52,1.0000,-1,-1,-1
335,16,839.75,87.60,20.60,68.29,1.0000,-1,-1,-1
335,17,302.87,90.38,59.73,154.60,0.9271,-1,-1,-1
336,1,-752.46,51.11,5.36,14.91,1.0000,-1,-1,-1
336,2,798.21,32.11,19.50,47.96,0.5490,-1,-1,-1
336,3,777.38,28.68,18.44,48.33,1.0000,-1,-1,-1
336,5,105.88,47.55,30.04,92.81,0.7966,-1,-1,-1
336,10,599.41,48.45,37.28,93.60,0.8855,-1,-1,-1
336,12,818.36,38.49,1.53,4.62,1.0000,-1,-1,-1
336,13,771.59,59.92,36.33,77.59,0.6337,-1,-1,-1
336,16,840.47,88.07,20.26,67.17,1.0000,-1,-1,-1
336,17,305.82,91.02,59.91,152.74,0.9265,-1,-1,-1
337,1,-762.10,51.35,5.15,14.34,1.0000,-1,-1,-1
337,2,798.75,32.12,19.31,47.86,0.5013,-1,-1,-1
337,3,777.85,28.70,18.41,48.25,1.0000,-1,-1,-1
337,5,108.48,47.72,29.94,91.74,0.8524,-1,-1,-1
337,10,602.42,48.07,37.56,94.02,0.8782,-1,-1,-1
337,12,818.07,38.65,1.43,4.33,1.0000,-1,-1,-1
337,13,773.66,59.99,35.17,75.58,0.6358,-1,-1,-1
337,16,841.19,88.53,19.92,66.06,1.0000,-1,-1,-1
337,17,307.36,91.33,60.37,151.74,0.9255,-1,-1,-1
338,1,-771.75,51.60,4.95,13.77,1.0000,-1,-1,-1
338,2,799.27,32.16,19.26,47.75,1.0000,-1,-1,-1
338,3,778.32,28.72,18.39,48.18,1.0000,-1,-1,-1
338,5,110.99,47.60,29.89,91.16,0.7963,-1,-1,-1
338,10,605.63,48.13,37.38,93.75,0.8812,-1,-1,-1
338,12,817.78,38.80,1.33,4.03,1.0000,-1,-1,-1
338,13,776.17,60.82,34.00,73.46,0.5447,-1,-1,-1
338,16,841.92,89.00,19.59,64.95,1.0000,-1,-1,-1
338,17,310.48,91.16,60.27,149.27,0.9241,-1,-1,-1
339,1,-781.40,51.84,4.74,13.20,1.0000,-1,-1,-1
339,2,799.80,32.19,19.21,47.63,1.0000,-1,-1,-1
339,3,778.80,28.74,18.36,48.10,1.0000,-1,-1,-1
339,5,113.54,47.56,29.80,90.76,0.5741,-1,-1,-1
339,10,609.23,48.18,36.85,93.33,0.9004,-1,-1,-1
339,12,817.50,38.95,1.23,3.73,1.0000,-1,-1,-1
339,13,778.08,61.93,33.46,72.23,0.5994,-1,-1,-1
339,16,842.64,89.47,19.25,63.84,1.0000,-1,-1,-1
339,17,314.72,90.73,59.94,146.84,0.9173,-1,-1,-1
340,1,-791.04,52.09,4.54,12.63,1.0000,-1,-1,-1
340,2,800.32,32.22,19.17,47.52,1.0000,-1,-1,-1
340,3,779.27,28.77,18.33,48.02,1.0000,-1,-1,-1
340,5,116.17,46.59,29.72,90.90,0.5917,-1,-1,-1
340,10,612.19,48.49,36.45,93.20,0.9110,-1,-1,-1
340,12,817.21,39.10,1.13,3.43,1.0000,-1,-1,-1
340,13,779.35,60.77,33.91,73.65,0.6181,-1,-1,-1
340,16,843.36,89.94,18.92,62.72,1.0000,-1,-1,-1
340,17,320.58,89.50,59.18,144.31,0.9018,-1,-1,-1
341,1,-800.69,52.33,4.33,12.06,1.0000,-1,-1,-1
341,2,800.84,32.26,19.12,47.40,1.0000,-1,-1,-1
341,3,779.74,28.79,18.30,47.95,1.0000,-1,-1,-1
341,5,119.33,46.32,29.57,90.45,1.0000,-1,-1,-1
341,10,614.10,48.75,36.12,92.76,0.8924,-1,-1,-1
341,12,816.92,39.25,1.04,3.14,1.0000,-1,-1,-1
341,13,780.72,58.99,34.50,75.39,0.6132,-1,-1,-1
341,16,844.08,90.40,18.58,61.61,1.0000,-1,-1,-1
341,17,325.86,88.29,58.87,143.78,0.9082,-1,-1,-1
342,1,-810.34,52.57,4.13,11.48,1.0000,-1,-1,-1
342,2,801.37,32.29,19.08,47.29,1.0000,-1,-1,-1
342,3,780.22,28.81,18.27,47.87,1.0000,-1,-1,-1
342,5,122.49,46.05,29.43,90.01,1.0000,-1,-1,-1
342,10,615.68,49.03,36.03,92.34,0.8946,-1,-1,-1
342,12,816.64,39.40,0.94,2.84,1.0000,-1,-1,-1
342,13,782.63,58.05,34.47,75.57,0.7098,-1,-1,-1
342,16,844.80,90.87,18.24,60.50,1.0000,-1,-1,-1
342,17,331.38,86.08,58.80,144.78,0.9225,-1,-1,-1
343,1,-819.99,52.82,3.92,10.91,1.0000,-1,-1,-1
343,2,801.89,32.33,19.03,47.17,1.0000,-1,-1,-1
343,3,780.69,28.83,18.24,47.80,1.0000,-1,-1,-1
343,5,125.65,45.77,29.28,89.57,1.0000,-1,-1,-1
343,10,616.95,49.79,35.95,91.42,0.9056,-1,-1,-1
343,12,816.35,39.56,0.84,2.54,1.0000,-1,-1,-1
343,13,784.26,57.68,34.30,75.45,0.7292,-1,-1,-1
343,16,845.53,91.34,17.91,59.38,1.0000,-1,-1,-1
343,17,335.26,84.25,58.80,145.70,0.9384,-1,-1,-1
344,1,-829.63,53.06,3.72,10.34,1.0000,-1,-1,-1
344,2,802.41,32.36,18.98,47.06,1.0000,-1,-1,-1
344,3,781.16,28.86,18.21,47.72,1.0000,-1,-1,-1
344,5,128.81,45.50,29.14,89.12,1.0000,-1,-1,-1
344,10,618.10,50.11,36.14,90.85,0.9111,-1,-1,-1
344,12,816.06,39.71,0.74,2.24,1.0000,-1,-1,-1
344,13,786.42,57.85,33.34,73.39,0.6733,-1,-1,-1
344,16,846.25,91.80,17.57,58.27,1.0000,-1,-1,-1
344,17,338.16,82.95,59.23,147.37,0.9417,-1,-1,-1
345,1,-839.28,53.31,3.51,9.77,1.0000,-1,-1,-1
345,2,802.94,32.39,18.94,46.94,1.0000,-1,-1,-1
345,3,781.64,28.88,18.18,47.64,1.0000,-1,-1,-1
345,5,131.97,45.23,29.00,88.68,1.0000,-1,-1,-1
345,10,619.39,49.98,36.53,90.78,0.9099,-1,-1,-1
345,12,815.78,39.86,0.64,1.95,1.0000,-1,-1,-1
345,13,787.41,58.54,33.70,74.39,0.6070,-1,-1,-1
345,16,846.97,92.27,17.24,57.16,1.0000,-1,-1,-1
345,17,340.59,82.32,59.58,148.10,0.9345,-1,-1,-1
346,1,-848.93,53.55,3.31,9.20,1.0000,-1,-1,-1
346,2,803.46,32.43,18.89,46.83,1.0000,-1,-1,-1
346,3,782.11,28.90,18.15,47.57,1.0000,-1,-1,-1
346,5,135.13,44.96,28.85,88.24,1.0000,-1,-1,-1
346,10,620.24,49.68,37.21,91.30,0.9076,-1,-1,-1
346,12,815.49,40.01,0.55,1.65,1.0000,-1,-1,-1
346,13,788.54,58.58,33.78,74.75,0.5679,-1,-1,-1
346,16,847.69,92.74,16.90,56.05,1.0000,-1,-1,-1
346,17,342.59,82.19,59.92,148.36,0.9279,-1,-1,-1
347,1,-858.58,53.80,3.10,8.63,1.0000,-1,-1,-1
347,2,803.98,32.46,18.85,46.72,1.0000,-1,-1,-1
347,3,782.59,28.92,18.12,47.49,1.0000,-1,-1,-1
347,5,138.30,44.69,28.71,87.79,1.0000,-1,-1,-1
347,10,621.88,49.53,37.60,90.76,0.9041,-1,-1,-1
347,12,815.20,40.16,0.45,1.35,1.0000,-1,-1,-1
347,13,788.57,49.30,37.00,83.30,0.5592,-1,-1,-1
347,16,848.42,93.20,16.56,54.93,1.0000,-1,-1,-1
347,17,344.73,82.44,60.20,148.03,0.9269,-1,-1,-1
348,1,-868.22,54.04,2.90,8.06,1.0000,-1,-1,-1
348,2,804.51,32.49,18.80,46.60,1.0000,-1,-1,-1
348,3,783.06,28.95,18.09,47.42,1.0000,-1,-1,-1
348,5,141.46,44.41,28.56,87.35,1.0000,-1,-1,-1
348,10,623.92,49.16,37.78,90.55,0.8991,-1,-1,-1
348,12,814.92,40.31,0.35,1.06,1.0000,-1,-1,-1
348,13,791.30,52.33,34.89,79.06,0.5112,-1,-1,-1
348,16,849.14,93.67,16.23,53.82,1.0000,-1,-1,-1
348,17,346.54,82.69,60.73,147.99,0.9157,-1,-1,-1
349,1,-877.87,54.28,2.69,7.49,1.0000,-1,-1,-1
349,2,805.03,32.53,18.75,46.49,1.0000,-1,-1,-1
349,3,783.53,28.97,18.07,47.34,1.0000,-1,-1,-1
349,5,144.62,44.14,28.42,86.91,1.0000,-1,-1,-1
349,10,625.81,48.85,37.81,90.67,0.8882,-1,-1,-1
349,13,792.66,52.00,35.08,80.30,0.6739,-1,-1,-1
349,16,849.86,94.14,15.89,52.71,1.0000,-1,-1,-1
349,17,349.33,83.10,60.97,147.57,0.9256,-1,-1,-1
350,1,-887.52,54.53,2.49,6.92,1.0000,-1,-1,-1
350,2,805.55,32.56,18.71,46.37,1.0000,-1,-1,-1
350,3,784.01,28.99,18.04,47.26,1.0000,-1,-1,-1
350,5,147.78,43.87,28.27,86.47,1.0000,-1,-1,-1
350,10,628.29,48.96,37.19,89.71,0.8856,-1,-1,-1
350,13,794.42,52.34,34.73,80.20,0.7431,-1,-1,-1
350,16,850.58,94.60,15.56,51.59,1.0000,-1,-1,-1
350,17,352.46,83.25,60.65,146.12,0.9334,-1,-1,-1
351,1,-897.17,54.77,2.28,6.35,1.0000,-1,-1,-1
351,2,806.08,32.60,18.66,46.26,1.0000,-1,-1,-1
351,3,784.48,29.01,18.01,47.19,1.0000,-1,-1,-1
351,5,150.94,43.60,28.13,86.02,1.0000,-1,-1,-1
351,10,630.90,48.78,36.31,89.05,0.8866,-1,-1,-1
351,13,796.74,54.99,33.12,76.71,0.7015,-1,-1,-1
351,16,851.30,95.07,15.22,50.48,1.0000,-1,-1,-1
351,17,356.56,82.62,60.21,144.88,0.9441,-1,-1,-1
352,1,-906.81,55.02,2.08,5.78,1.0000,-1,-1,-1
352,2,806.60,32.63,18.62,46.14,1.0000,-1,-1,-1
352,3,784.95,29.04,17.98,47.11,1.0000,-1,-1,-1
352,5,154.10,43.33,27.98,85.58,1.0000,-1,-1,-1
352,10,632.80,48.60,35.54,89.01,0.8745,-1,-1,-1
352,13,798.50,55.61,32.12,74.28,0.7118,-1,-1,-1
352,16,852.03,95.54,14.89,49.37,1.0000,-1,-1,-1
352,17,361.95,82.24,57.68,138.19,0.9313,-1,-1,-1
353,1,-916.46,55.26,1.87,5.21,1.0000,-1,-1,-1
353,2,807.12,32.66,18.57,46.03,1.0000,-1,-1,-1
353,3,785.43,29.06,17.95,47.04,1.0000,-1,-1,-1
353,5,157.26,43.06,27.84,85.14,1.0000,-1,-1,-1
353,10,634.60,48.35,35.15,90.28,0.8860,-1,-1,-1
353,13,799.59,55.81,31.67,73.09,0.7630,-1,-1,-1
353,16,852.75,96.00,14.55,48.26,1.0000,-1,-1,-1
353,17,366.65,80.88,56.80,136.42,0.9153,-1,-1,-1
354,2,807.65,32.70,18.52,45.91,1.0000,-1,-1,-1
354,3,785.90,29.08,17.92,46.96,1.0000,-1,-1,-1
354,5,160.42,42.78,27.69,84.69,1.0000,-1,-1,-1
354,10,635.86,48.28,34.72,90.90,0.8854,-1,-1,-1
354,13,801.51,55.83,31.00,71.49,0.6965,-1,-1,-1
354,16,853.47,96.47,14.21,47.14,1.0000,-1,-1,-1
354,17,371.52,79.44,56.13,136.19,0.9282,-1,-1,-1
355,2,781.97,29.53,19.16,45.57,0.5746,-1,-1,-1
355,3,786.37,29.10,17.89,46.88,1.0000,-1,-1,-1
355,5,165.93,44.22,27.92,87.05,0.5733,-1,-1,-1
355,10,637.14,48.86,34.14,90.46,0.8811,-1,-1,-1
355,13,803.11,55.97,30.35,69.80,0.6424,-1,-1,-1
355,16,854.19,96.94,13.88,46.03,1.0000,-1,-1,-1
355,17,376.37,78.34,55.49,136.80,0.9212,-1,-1,-1
356,2,781.41,29.49,19.51,45.46,0.5047,-1,-1,-1
356,3,786.85,29.13,17.86,46.81,1.0000,-1,-1,-1
356,5,169.45,44.52,26.96,86.56,0.5911,-1,-1,-1
356,10,638.53,49.20,33.88,90.07,0.8796,-1,-1,-1
356,13,804.67,55.99,30.26,69.52,0.7084,-1,-1,-1
356,16,854.91,97.40,13.54,44.92,1.0000,-1,-1,-1
356,17,380.23,77.48,54.89,137.61,0.9188,-1,-1,-1
357,2,781.83,29.35,19.60,45.32,0.5362,-1,-1,-1
357,3,787.32,29.15,17.83,46.73,1.0000,-1,-1,-1
357,5,172.76,43.46,26.15,85.48,0.5939,-1,-1,-1
357,10,639.97,49.42,33.95,89.83,0.8805,-1,-1,-1
357,13,805.62,56.02,30.69,70.47,0.7681,-1,-1,-1
357,16,855.64,97.87,13.21,43.80,1.0000,-1,-1,-1
357,17,383.64,76.85,54.07,137.81,0.9133,-1,-1,-1
358,2,782.16,29.25,19.66,45.39,0.5070,-1,-1,-1
358,3,787.79,29.17,17.80,46.66,1.0000,-1,-1,-1
358,5,175.24,43.36,26.13,86.19,0.5155,-1,-1,-1
358,10,640.67,48.98,34.31,90.13,0.8768,-1,-1,-1
358,13,806.91,56.06,30.50,70.18,0.7562,-1,-1,-1
358,16,804.30,31.24,14.65,45.43,0.5174,-1,-1,-1
358,17,386.64,76.58,53.13,137.14,0.9239,-1,-1,-1
359,2,781.64,29.13,19.62,45.29,1.0000,-1,-1,-1
359,3,788.27,29.19,17.77,46.58,1.0000,-1,-1,-1
359,5,177.78,42.67,26.41,86.96,0.5504,-1,-1,-1
359,10,641.36,49.93,34.25,89.07,0.8699,-1,-1,-1
359,13,808.28,55.99,30.41,70.00,0.7925,-1,-1,-1
359,16,803.84,30.66,15.23,44.44,0.6058,-1,-1,-1
359,17,389.28,76.36,52.68,137.20,0.9344,-1,-1,-1
360,2,784.26,29.00,19.56,45.14,0.5529,-1,-1,-1
360,3,788.74,29.22,17.75,46.50,1.0000,-1,-1,-1
360,5,181.15,43.65,27.78,88.98,0.5169,-1,-1,-1
360,10,643.72,51.08,34.26,87.54,0.8450,-1,-1,-1
360,13,810.53,55.88,30.10,69.33,0.8028,-1,-1,-1
360,16,803.47,29.81,16.14,45.53,0.7362,-1,-1,-1
360,17,392.32,77.14,52.43,136.20,0.9064,-1,-1,-1
361,2,785.12,29.19,19.44,44.98,0.5933,-1,-1,-1
361,3,789.21,29.24,17.72,46.43,1.0000,-1,-1,-1
361,5,182.78,46.66,28.09,86.90,0.5823,-1,-1,-1
361,10,646.07,51.25,34.56,87.11,0.7651,-1,-1,-1
361,13,812.29,55.75,29.77,68.79,0.7753,-1,-1,-1
361,16,803.55,29.73,16.59,45.69,0.7289,-1,-1,-1
361,17,394.24,77.42,52.42,135.43,0.9096,-1,-1,-1
362,2,785.54,29.31,19.25,44.75,0.5795,-1,-1,-1
362,3,789.69,29.26,17.69,46.35,1.0000,-1,-1,-1
362,5,185.81,46.88,28.05,86.77,1.0000,-1,-1,-1
362,10,651.82,51.27,34.05,87.20,0.7819,-1,-1,-1
362,13,814.01,55.68,29.57,68.26,0.7740,-1,-1,-1
362,16,803.86,29.43,16.83,45.69,0.7236,-1,-1,-1
362,17,396.33,77.49,52.62,134.34,0.9149,-1,-1,-1
363,2,785.52,29.32,19.17,44.86,0.6816,-1,-1,-1
363,3,790.16,29.28,17.66,46.28,1.0000,-1,-1,-1
363,5,188.84,47.11,28.00,86.64,1.0000,-1,-1,-1
363,10,652.55,50.99,34.23,87.51,0.8603,-1,-1,-1
363,13,815.18,55.58,29.24,67.48,0.7916,-1,-1,-1
363,16,804.08,29.26,17.21,46.28,0.7571,-1,-1,-1
363,17,399.18,77.31,52.39,131.91,0.9139,-1,-1,-1
364,2,785.62,29.17,19.05,44.86,0.6604,-1,-1,-1
364,3,790.63,29.31,17.63,46.20,1.0000,-1,-1,-1
364,5,191.87,47.33,27.96,86.51,1.0000,-1,-1,-1
364,10,654.66,51.18,34.07,87.37,0.8897,-1,-1,-1
364,13,816.60,55.31,29.58,68.22,0.8038,-1,-1,-1
364,16,804.28,29.20,17.39,46.34,0.7573,-1,-1,-1
364,17,402.35,76.99,52.26,130.18,0.8997,-1,-1,-1
365,2,785.67,29.10,18.91,44.80,0.6369,-1,-1,-1
365,3,791.11,29.33,17.60,46.12,1.0000,-1,-1,-1
365,5,194.90,47.56,27.92,86.38,1.0000,-1,-1,-1
365,10,656.80,51.13,33.91,87.15,0.8977,-1,-1,-1
365,13,817.87,55.24,29.41,67.82,0.8264,-1,-1,-1
365,16,804.58,29.23,17.49,46.31,0.7922,-1,-1,-1
365,17,405.48,74.79,52.82,130.83,0.9150,-1,-1,-1
366,2,785.81,29.12,18.68,44.62,0.6232,-1,-1,-1
366,3,791.58,29.35,17.57,46.05,1.0000,-1,-1,-1
366,5,197.94,47.78,27.88,86.25,1.0000,-1,-1,-1
366,10,659.61,51.57,33.65,86.73,0.8980,-1,-1,-1
366,13,818.74,55.31,29.24,67.64,0.8077,-1,-1,-1
366,16,804.90,29.46,17.48,46.05,0.7918,-1,-1,-1
366,17,410.19,73.21,52.71,130.64,0.8963,-1,-1,-1
367,2,785.91,28.70,18.74,45.13,0.5597,-1,-1,-1
367,3,792.06,29.38,17.54,45.97,1.0000,-1,-1,-1
367,5,200.97,48.00,27.84,86.12,1.0000,-1,-1,-1
367,10,661.93,51.82,33.49,86.14,0.9039,-1,-1,-1
367,13,819.59,55.06,29.15,67.71,0.8174,-1,-1,-1
367,16,805.11,29.97,17.38,45.49,0.7788,-1,-1,-1
367,17,414.22,71.57,52.55,131.33,0.9112,-1,-1,-1
368,2,786.04,28.90,18.75,45.54,0.5667,-1,-1,-1
368,3,792.53,29.40,17.51,45.90,1.0000,-1,-1,-1
368,5,204.00,48.23,27.79,85.99,1.0000,-1,-1,-1
368,10,663.64,52.05,33.66,86.03,0.9091,-1,-1,-1
368,13,820.40,54.90,29.17,67.95,0.8130,-1,-1,-1
368,16,805.45,30.46,17.31,45.20,0.7604,-1,-1,-1
368,17,417.62,70.69,51.98,131.02,0.9228,-1,-1,-1
369,2,786.55,29.08,18.52,45.34,0.5688,-1,-1,-1
369,3,793.00,29.42,17.48,45.82,1.0000,-1,-1,-1
369,5,207.03,48.45,27.75,85.86,1.0000,-1,-1,-1
369,10,664.90,52.35,33.89,85.74,0.9202,-1,-1,-1
369,13,821.55,54.79,28.90,67.54,0.8178,-1,-1,-1
369,16,805.77,30.64,17.21,44.97,0.7335,-1,-1,-1
369,17,419.13,70.19,52.12,131.75,0.9280,-1,-1,-1
370,2,786.91,29.04,18.44,45.40,0.5682,-1,-1,-1
370,3,793.48,29.44,17.46,45.74,1.0000,-1,-1,-1
370,5,210.06,48.68,27.71,85.73,1.0000,-1,-1,-1
370,10,665.88,52.68,34.17,85.26,0.9191,-1,-1,-1
370,13,822.48,54.87,28.49,66.80,0.7842,-1,-1,-1
370,16,805.82,30.78,17.24,45.03,0.7324,-1,-1,-1
370,17,420.05,69.95,52.47,132.10,0.9331,-1,-1,-1
371,2,787.00,29.00,18.44,45.41,1.0000,-1,-1,-1
371,3,793.95,29.47,17.43,45.67,1.0000,-1,-1,-1
371,5,213.09,48.90,27.67,85.60,1.0000,-1,-1,-1
371,10,666.78,52.78,34.53,84.96,0.9117,-1,-1,-1
371,13,823.23,54.78,28.33,66.67,0.7911,-1,-1,-1
371,16,806.02,30.94,17.16,44.86,0.7397,-1,-1,-1
371,17,420.55,70.02,52.90,131.86,0.9343,-1,-1,-1
372,2,787.08,28.96,18.45,45.41,1.0000,-1,-1,-1
372,3,794.42,29.49,17.40,45.59,1.0000,-1,-1,-1
372,5,216.13,49.12,27.63,85.47,1.0000,-1,-1,-1
372,10,668.07,52.74,35.03,84.98,0.9058,-1,-1,-1
372,13,824.08,54.28,28.02,66.24,0.8243,-1,-1,-1
372,16,806.11,30.82,17.19,45.05,0.7504,-1,-1,-1
372,17,421.57,70.13,53.30,131.08,0.9383,-1,-1,-1
373,2,787.17,28.92,18.45,45.42,1.0000,-1,-1,-1
373,3,794.90,29.51,17.37,45.52,1.0000,-1,-1,-1
373,5,220.00,36.96,27.74,82.29,0.5133,-1,-1,-1
373,10,668.99,52.72,35.40,84.86,0.9005,-1,-1,-1
373,13,824.94,54.07,27.69,65.70,0.7847,-1,-1,-1
373,16,806.40,30.76,17.13,44.89,0.7530,-1,-1,-1
373,17,422.85,70.72,53.84,130.89,0.9394,-1,-1,-1
374,2,787.26,28.89,18.45,45.42,1.0000,-1,-1,-1
374,3,795.37,29.53,17.34,45.44,1.0000,-1,-1,-1
374,5,222.14,36.74,28.59,81.97,0.5558,-1,-1,-1
374,10,669.98,52.70,35.50,84.36,0.8962,-1,-1,-1
374,13,825.52,53.70,27.77,66.00,0.8208,-1,-1,-1
374,16,806.63,30.66,17.06,44.69,0.7508,-1,-1,-1
374,17,424.60,71.36,53.92,129.87,0.9417,-1,-1,-1
375,2,787.35,28.85,18.45,45.43,1.0000,-1,-1,-1
375,3,795.84,29.56,17.31,45.36,1.0000,-1,-1,-1
375,5,225.00,36.83,29.76,82.80,0.6171,-1,-1,-1
375,10,671.69,52.68,35.27,83.97,0.9002,-1,-1,-1
375,13,826.90,53.48,27.16,64.37,0.8033,-1,-1,-1
375,16,806.90,30.69,16.93,44.37,0.7588,-1,-1,-1
375,17,427.01,71.42,53.82,128.60,0.9391,-1,-1,-1
376,2,787.43,28.81,18.46,45.43,1.0000,-1,-1,-1
376,3,796.32,29.58,17.28,45.29,1.0000,-1,-1,-1
376,5,227.04,37.10,29.96,81.96,0.8320,-1,-1,-1
376,10,672.88,52.12,34.76,83.73,0.9051,-1,-1,-1
376,13,827.62,53.29,27.35,64.70,0.8354,-1,-1,-1
376,16,807.09,30.58,16.97,44.59,0.7556,-1,-1,-1
376,17,430.75,71.41,52.42,124.69,0.9202,-1,-1,-1
377,2,787.52,28.77,18.46,45.44,1.0000,-1,-1,-1
377,3,796.79,29.60,17.25,45.21,1.0000,-1,-1,-1
377,5,230.27,36.81,29.66,81.96,0.7136,-1,-1,-1
377,10,674.57,52.05,34.07,83.60,0.8988,-1,-1,-1
377,13,828.66,53.05,26.91,63.60,0.8170,-1,-1,-1
377,16,807.25,30.49,17.08,45.01,0.7700,-1,-1,-1
377,17,434.60,70.63,51.60,122.81,0.9161,-1,-1,-1
378,2,787.61,28.73,18.46,45.44,1.0000,-1,-1,-1
378,3,797.26,29.62,17.22,45.14,1.0000,-1,-1,-1
378,5,233.29,36.43,29.57,81.72,1.0000,-1,-1,-1
378,10,676.02,51.53,33.64,84.26,0.8992,-1,-1,-1
378,13,829.07,52.90,26.99,63.82,0.8293,-1,-1,-1
378,16,807.45,30.56,17.06,45.11,0.7594,-1,-1,-1
378,17,437.98,69.22,51.20,122.66,0.9073,-1,-1,-1
379,2,787.70,28.69,18.46,45.45,1.0000,-1,-1,-1
379,3,797.74,29.65,17.19,45.06,1.0000,-1,-1,-1
379,5,234.57,35.27,29.68,83.56,0.6795,-1,-1,-1
379,10,677.64,51.98,32.88,83.98,0.8850,-1,-1,-1
379,13,829.43,52.68,26.94,63.87,0.8415,-1,-1,-1
379,16,807.60,30.60,16.96,44.96,0.7469,-1,-1,-1
379,17,441.91,68.27,50.63,122.79,0.8982,-1,-1,-1
380,2,787.78,28.66,18.47,45.45,1.0000,-1,-1,-1
380,3,798.21,29.67,17.16,44.98,1.0000,-1,-1,-1
380,5,238.08,34.13,28.91,83.70,0.6313,-1,-1,-1
380,10,679.24,51.96,32.20,83.79,0.8824,-1,-1,-1
380,13,830.13,52.31,26.78,63.94,0.8397,-1,-1,-1
380,16,807.86,30.79,16.76,44.55,0.7422,-1,-1,-1
380,17,444.48,67.36,50.40,123.56,0.8944,-1,-1,-1
381,2,787.87,28.62,18.47,45.46,1.0000,-1,-1,-1
381,3,798.68,29.69,17.14,44.91,1.0000,-1,-1,-1
381,5,240.90,33.58,28.91,83.71,1.0000,-1,-1,-1
381,10,680.74,52.32,31.50,83.03,0.8760,-1,-1,-1
381,13,830.68,51.94,26.71,64.45,0.8360,-1,-1,-1
381,16,808.27,31.17,16.49,43.86,0.7334,-1,-1,-1
381,17,447.76,66.84,49.83,124.02,0.8924,-1,-1,-1
382,2,787.96,28.58,18.47,45.46,1.0000,-1,-1,-1
382,3,799.16,29.71,17.11,44.83,1.0000,-1,-1,-1
382,5,243.73,33.04,28.91,83.73,1.0000,-1,-1,-1
382,10,681.97,52.39,31.10,82.60,0.8901,-1,-1,-1
382,13,831.24,51.65,26.40,64.44,0.8331,-1,-1,-1
382,16,808.63,31.30,16.38,43.50,0.7455,-1,-1,-1
382,17,450.64,66.81,48.86,123.06,0.9038,-1,-1,-1
383,2,788.05,28.54,18.47,45.47,1.0000,-1,-1,-1
383,3,799.63,29.74,17.08,44.76,1.0000,-1,-1,-1
383,5,246.55,32.50,28.92,83.74,1.0000,-1,-1,-1
383,10,683.18,52.96,30.65,81.51,0.8948,-1,-1,-1
383,13,831.90,51.38,25.96,64.24,0.8283,-1,-1,-1
383,16,809.05,31.78,16.21,42.88,0.7749,-1,-1,-1
383,17,452.60,67.18,48.15,122.24,0.9184,-1,-1,-1
384,2,788.14,28.50,18.47,45.47,1.0000,-1,-1,-1
384,3,800.11,29.76,17.05,44.68,1.0000,-1,-1,-1
384,5,249.38,31.96,28.92,83.75,1.0000,-1,-1,-1
384,10,684.73,53.22,30.80,81.26,0.8949,-1,-1,-1
384,13,833.29,51.39,25.16,63.60,0.8272,-1,-1,-1
384,16,809.59,31.85,16.40,43.06,0.7899,-1,-1,-1
384,17,455.11,67.74,47.64,120.91,0.9305,-1,-1,-1
385,2,792.82,28.04,17.93,44.45,0.6015,-1,-1,-1
385,3,800.58,29.78,17.02,44.60,1.0000,-1,-1,-1
385,5,252.20,31.41,28.93,83.76,1.0000,-1,-1,-1
385,10,685.42,53.05,31.21,81.51,0.8994,-1,-1,-1
385,13,834.31,51.01,24.58,63.70,0.8135,-1,-1,-1
385,16,809.97,31.49,16.67,43.39,0.8095,-1,-1,-1
385,17,456.69,66.88,48.08,121.55,0.9087,-1,-1,-1
386,2,793.19,27.34,17.98,44.57,0.6288,-1,-1,-1
386,3,801.05,29.80,16.99,44.53,1.0000,-1,-1,-1
386,5,255.03,30.87,28.93,83.77,1.0000,-1,-1,-1
386,10,686.09,52.99,31.75,81.73,0.8913,-1,-1,-1
386,13,834.94,49.90,24.21,64.42,0.7945,-1,-1,-1
386,16,810.36,31.31,16.84,43.38,0.8257,-1,-1,-1
386,17,458.41,67.77,47.82,119.66,0.9036,-1,-1,-1
387,2,793.30,26.92,18.06,44.80,0.6333,-1,-1,-1
387,3,801.53,29.83,16.96,44.45,1.0000,-1,-1,-1
387,5,257.85,30.33,28.94,83.78,1.0000,-1,-1,-1
387,10,687.48,53.44,31.92,81.16,0.8823,-1,-1,-1
387,13,835.55,49.12,23.68,64.77,0.7981,-1,-1,-1
387,16,810.70,30.90,17.10,43.76,0.8309,-1,-1,-1
387,17,460.35,67.87,47.91,118.58,0.9057,-1,-1,-1
388,2,793.71,26.59,18.00,44.76,0.5898,-1,-1,-1
388,3,802.00,29.85,16.93,44.38,1.0000,-1,-1,-1
388,5,260.68,29.79,28.94,83.79,1.0000,-1,-1,-1
388,10,688.99,53.40,32.14,80.99,0.8833,-1,-1,-1
388,13,836.31,48.63,23.05,64.91,0.8073,-1,-1,-1
388,16,811.10,30.52,17.30,43.98,0.8240,-1,-1,-1
388,17,462.58,67.74,48.07,117.68,0.9255,-1,-1,-1
389,2,794.24,26.37,18.01,44.94,0.6126,-1,-1,-1
389,3,802.47,29.87,16.90,44.30,1.0000,-1,-1,-1
389,5,263.50,29.24,28.95,83.80,1.0000,-1,-1,-1
389,10,690.96,53.41,32.19,80.55,0.8838,-1,-1,-1
389,13,837.18,47.95,22.34,64.98,0.7908,-1,-1,-1
389,16,811.58,30.24,17.42,44.19,0.8278,-1,-1,-1
389,17,465.61,66.99,47.88,116.04,0.9185,-1,-1,-1
390,2,794.62,26.42,17.95,44.99,0.6302,-1,-1,-1
390,3,802.95,29.89,16.87,44.22,1.0000,-1,-1,-1
390,5,266.32,28.70,28.95,83.81,1.0000,-1,-1,-1
390,10,693.55,53.71,32.03,80.01,0.9058,-1,-1,-1
390,13,837.97,47.12,21.69,65.28,0.7637,-1,-1,-1
390,16,811.92,29.85,17.56,44.49,0.8189,-1,-1,-1
390,17,468.80,66.61,47.63,115.00,0.8895,-1,-1,-1
391,2,795.18,26.69,17.73,44.87,0.5295,-1,-1,-1
391,3,803.42,29.92,16.84,44.15,1.0000,-1,-1,-1
391,5,269.15,28.16,28.95,83.82,1.0000,-1,-1,-1
391,10,695.84,53.58,32.11,80.39,0.9022,-1,-1,-1
391,13,838.65,47.11,20.91,65.09,0.7650,-1,-1,-1
391,16,812.33,29.60,17.58,44.62,0.7964,-1,-1,-1
391,17,472.37,65.40,47.64,115.57,0.8967,-1,-1,-1
392,2,795.59,26.89,17.58,44.87,0.6102,-1,-1,-1
392,3,803.89,29.94,16.82,44.07,1.0000,-1,-1,-1
392,5,271.97,27.62,28.96,83.83,1.0000,-1,-1,-1
392,10,697.65,52.91,32.41,81.30,0.9116,-1,-1,-1
392,13,839.23,47.80,19.98,64.10,0.7799,-1,-1,-1
392,16,812.88,29.67,17.47,44.46,0.7887,-1,-1,-1
392,17,475.75,63.64,47.63,116.43,0.9228,-1,-1,-1
393,2,795.88,27.04,17.41,44.71,0.6586,-1,-1,-1
393,3,804.37,29.96,16.79,43.99,1.0000,-1,-1,-1
393,5,274.80,27.08,28.96,83.84,1.0000,-1,-1,-1
393,10,699.22,53.17,32.30,80.78,0.9158,-1,-1,-1
393,13,840.12,46.51,19.32,64.34,0.7206,-1,-1,-1
393,16,813.19,29.78,17.33,44.28,0.8006,-1,-1,-1
393,17,477.92,62.83,47.57,116.97,0.9288,-1,-1,-1
394,2,796.08,27.23,17.23,44.48,0.5446,-1,-1,-1
394,3,804.84,29.98,16.76,43.92,1.0000,-1,-1,-1
394,5,277.62,26.53,28.97,83.86,1.0000,-1,-1,-1
394,10,700.47,53.86,32.16,79.93,0.9114,-1,-1,-1
394,13,840.99,46.47,18.38,63.49,0.7059,-1,-1,-1
394,16,813.48,30.05,17.12,43.84,0.7984,-1,-1,-1
394,17,479.02,61.70,48.13,118.37,0.9352,-1,-1,-1
395,2,796.20,27.36,17.08,44.29,0.6022,-1,-1,-1
395,3,805.31,30.01,16.73,43.84,1.0000,-1,-1,-1
395,5,280.45,25.99,28.97,83.87,1.0000,-1,-1,-1
395,10,701.60,54.20,32.22,79.40,0.9092,-1,-1,-1
395,13,841.23,45.32,18.18,65.24,0.7083,-1,-1,-1
395,16,813.69,30.29,16.98,43.58,0.7792,-1,-1,-1
395,17,479.70,60.91,48.61,119.09,0.9177,-1,-1,-1
396,2,796.50,27.36,17.06,44.23,1.0000,-1,-1,-1
396,3,805.79,30.03,16.70,43.77,1.0000,-1,-1,-1
396,5,283.27,25.45,28.98,83.88,1.0000,-1,-1,-1
396,10,702.41,54.93,32.14,78.63,0.9020,-1,-1,-1
396,13,841.58,44.23,17.79,66.27,0.6639,-1,-1,-1
396,16,813.76,30.31,16.95,43.61,0.7492,-1,-1,-1
396,17,480.69,61.06,48.71,118.72,0.9110,-1,-1,-1
397,2,796.80,27.35,17.03,44.17,1.0000,-1,-1,-1
397,3,806.26,30.05,16.67,43.69,1.0000,-1,-1,-1
397,5,286.10,24.91,28.98,83.89,1.0000,-1,-1,-1
397,10,703.81,55.69,32.17,77.84,0.8926,-1,-1,-1
397,13,842.15,42.51,17.20,66.67,0.6251,-1,-1,-1
397,16,813.84,30.24,16.99,43.81,0.7291,-1,-1,-1
397,17,481.81,61.11,48.77,118.13,0.9295,-1,-1,-1
398,2,797.10,27.35,17.01,44.12,1.0000,-1,-1,-1
398,3,806.73,30.07,16.64,43.61,1.0000,-1,-1,-1
398,5,288.92,24.36,28.99,83.90,1.0000,-1,-1,-1
398,10,705.01,56.19,32.23,77.19,0.9066,-1,-1,-1
398,13,842.44,42.44,16.88,68.07,0.6484,-1,-1,-1
398,16,813.97,30.23,17.01,44.03,0.7294,-1,-1,-1
398,17,483.57,61.39,48.59,116.98,0.9198,-1,-1,-1
399,2,797.40,27.35,16.99,44.06,1.0000,-1,-1,-1
399,3,807.21,30.10,16.61,43.54,1.0000,-1,-1,-1
399,5,291.75,23.82,28.99,83.91,1.0000,-1,-1,-1
399,10,705.55,55.97,32.53,77.64,0.8973,-1,-1,-1
399,13,843.33,43.68,15.91,66.84,0.6214,-1,-1,-1
399,16,814.12,30.32,16.93,43.97,0.7444,-1,-1,-1
399,17,485.49,60.86,48.41,116.23,0.9241,-1,-1,-1
400,2,796.82,27.73,16.51,43.51,0.6045,-1,-1,-1
400,3,807.68,30.12,16.58,43.46,1.0000,-1,-1,-1
400,5,294.57,23.28,28.99,83.92,1.0000,-1,-1,-1
400,10,706.44,55.56,32.47,77.66,0.8993,-1,-1,-1
400,13,844.20,44.34,14.91,65.37,0.6292,-1,-1,-1
400,16,814.36,30.24,16.78,43.76,0.7505,-1,-1,-1
400,17,488.22,60.86,47.44,113.41,0.9086,-1,-1,-1
401,2,797.04,27.73,16.20,43.35,0.6794,-1,-1,-1
401,3,808.15,30.14,16.55,43.39,1.0000,-1,-1,-1
401,5,297.40,22.74,29.00,83.93,1.0000,-1,-1,-1
401,10,707.86,54.71,32.21,77.87,0.9028,-1,-1,-1
401,13,844.87,43.74,14.27,65.47,0.5743,-1,-1,-1
401,16,814.46,30.10,16.73,43.76,0.7558,-1,-1,-1
401,17,490.99,61.35,46.58,111.04,0.8986,-1,-1,-1
402,2,797.24,27.64,16.06,43.52,0.6914,-1,-1,-1
402,3,808.63,30.16,16.52,43.31,1.0000,-1,-1,-1
402,5,300.22,22.19,29.00,83.94,1.0000,-1,-1,-1
402,10,709.21,53.73,32.02,78.45,0.9029,-1,-1,-1
402,13,845.26,43.42,14.27,65.47,1.0000,-1,-1,-1
402,16,814.53,30.07,16.74,43.95,0.7713,-1,-1,-1
402,17,493.88,60.39,46.49,111.50,0.8950,-1,-1,-1
403,2,797.52,27.58,15.89,43.42,0.7099,-1,-1,-1
403,3,809.10,30.19,16.50,43.23,1.0000,-1,-1,-1
403,5,303.04,21.65,29.01,83.95,1.0000,-1,-1,-1
403,10,710.61,53.09,31.63,78.66,0.9048,-1,-1,-1
403,13,845.64,43.10,14.27,65.47,1.0000,-1,-1,-1
403,16,814.77,30.07,16.69,44.00,0.7827,-1,-1,-1
403,17,496.97,59.94,45.68,110.36,0.9173,-1,-1,-1
404,2,797.70,27.66,15.74,43.34,0.7137,-1,-1,-1
404,3,809.58,30.21,16.47,43.16,1.0000,-1,-1,-1
404,5,305.87,21.11,29.01,83.96,1.0000,-1,-1,-1
404,10,712.23,53.08,30.89,78.15,0.8911,-1,-1,-1
404,13,846.03,42.78,14.27,65.47,1.0000,-1,-1,-1
404,16,814.93,29.98,16.69,44.24,0.7854,-1,-1,-1
404,17,499.51,59.60,45.34,110.77,0.9112,-1,-1,-1
405,2,797.86,27.80,15.63,43.28,0.6569,-1,-1,-1
405,3,810.05,30.23,16.44,43.08,1.0000,-1,-1,-1
405,5,308.69,20.57,29.02,83.97,1.0000,-1,-1,-1
405,10,713.91,53.05,30.38,78.18,0.8869,-1,-1,-1
405,13,846.41,42.45,14.26,65.46,1.0000,-1,-1,-1
405,16,815.12,30.03,16.57,44.09,0.7666,-1,-1,-1
405,17,501.79,58.82,45.14,111.44,0.9146,-1,-1,-1
406,2,798.01,27.87,15.55,43.21,0.7045,-1,-1,-1
406,3,810.52,30.25,16.41,43.01,1.0000,-1,-1,-1
406,5,311.52,20.02,29.02,83.99,1.0000,-1,-1,-1
406,10,715.34,53.64,29.66,77.29,0.8828,-1,-1,-1
406,13,846.79,42.13,14.26,65.46,1.0000,-1,-1,-1
406,16,815.40,30.23,16.38,43.65,0.7693,-1,-1,-1
406,17,504.27,58.48,44.48,110.90,0.9146,-1,-1,-1
407,2,798.21,28.17,15.39,42.82,0.7149,-1,-1,-1
407,3,811.00,30.28,16.38,42.93,1.0000,-1,-1,-1
407,5,314.34,19.48,29.03,84.00,1.0000,-1,-1,-1
407,10,716.49,53.77,29.15,76.86,0.8871,-1,-1,-1
407,13,847.18,41.81,14.26,65.46,1.0000,-1,-1,-1
407,16,815.80,30.63,16.16,43.07,0.7649,-1,-1,-1
407,17,506.09,57.99,43.91,110.23,0.9261,-1,-1,-1
408,2,798.41,28.33,15.18,42.22,0.7846,-1,-1,-1
408,3,811.47,30.30,16.35,42.85,1.0000,-1,-1,-1
408,5,317.17,18.94,29.03,84.01,1.0000,-1,-1,-1
408,10,718.15,54.37,28.63,75.71,0.8908,-1,-1,-1
408,13,847.56,41.49,14.26,65.46,1.0000,-1,-1,-1
408,16,816.37,31.24,15.84,42.14,0.7843,-1,-1,-1
408,17,508.18,58.70,43.06,107.77,0.9041,-1,-1,-1
409,2,798.52,28.56,15.12,41.92,0.7642,-1,-1,-1
409,3,811.94,30.32,16.32,42.78,1.0000,-1,-1,-1
409,5,319.99,18.40,29.03,84.02,1.0000,-1,-1,-1
409,10,719.21,54.29,28.56,75.42,0.8912,-1,-1,-1
409,13,847.95,41.17,14.26,65.46,1.0000,-1,-1,-1
409,16,816.57,31.55,15.86,41.98,0.7785,-1,-1,-1
409,17,509.50,59.15,43.36,107.94,0.8998,-1,-1,-1
410,2,798.68,28.36,15.24,42.10,0.7759,-1,-1,-1
410,3,812.42,30.34,16.29,42.70,1.0000,-1,-1,-1
410,5,322.82,17.85,29.04,84.03,1.0000,-1,-1,-1
410,10,719.96,54.37,28.61,75.07,0.8875,-1,-1,-1
410,13,848.33,40.85,14.25,65.46,1.0000,-1,-1,-1
410,16,816.81,31.82,15.93,41.84,0.7783,-1,-1,-1
410,17,510.70,59.45,43.52,107.43,0.9013,-1,-1,-1
411,2,798.91,28.10,15.36,42.33,0.7081,-1,-1,-1
411,3,812.89,30.37,16.26,42.63,1.0000,-1,-1,-1
411,5,325.64,17.31,29.04,84.04,1.0000,-1,-1,-1
411,10,720.41,53.89,29.12,75.71,0.8853,-1,-1,-1
411,13,848.72,40.53,14.25,65.46,1.0000,-1,-1,-1
411,16,817.13,31.66,16.11,41.82,0.7617,-1,-1,-1
411,17,511.68,59.70,43.77,106.65,0.9094,-1,-1,-1
412,2,799.30,27.76,15.49,42.59,0.7157,-1,-1,-1
412,3,813.36,30.39,16.23,42.55,1.0000,-1,-1,-1
412,5,328.47,16.77,29.05,84.05,1.0000,-1,-1,-1
412,10,721.11,54.12,29.38,75.53,0.8818,-1,-1,-1
412,13,849.10,40.21,14.25,65.46,1.0000,-1,-1,-1
412,16,817.59,31.08,16.34,42.08,0.6970,-1,-1,-1
412,17,513.36,59.82,43.97,105.91,0.9009,-1,-1,-1
413,2,799.51,27.46,15.62,42.80,0.6572,-1,-1,-1
413,3,813.84,30.41,16.20,42.47,1.0000,-1,-1,-1
413,5,331.29,16.23,29.05,84.06,1.0000,-1,-1,-1
413,10,721.77,53.90,29.89,75.95,0.8842,-1,-1,-1
413,13,849.49,39.88,14.25,65.46,1.0000,-1,-1,-1
413,16,818.05,30.48,16.54,42.38,0.6985,-1,-1,-1
413,17,514.94,59.16,44.27,105.44,0.9113,-1,-1,-1
414,2,799.45,26.51,15.91,43.49,0.6268,-1,-1,-1
414,3,814.31,30.43,16.18,42.40,1.0000,-1,-1,-1
414,5,334.12,15.68,29.06,84.07,1.0000,-1,-1,-1
414,10,723.31,54.34,30.01,75.54,0.8716,-1,-1,-1
414,13,849.87,39.56,14.25,65.46,1.0000,-1,-1,-1
414,16,818.41,29.97,16.72,42.75,0.6946,-1,-1,-1
414,17,517.38,58.25,44.28,104.66,0.9019,-1,-1,-1
415,2,799.56,25.96,16.15,44.06,0.5324,-1,-1,-1
415,3,814.78,30.46,16.15,42.32,1.0000,-1,-1,-1
415,5,336.94,15.14,29.06,84.08,1.0000,-1,-1,-1
415,10,725.12,54.42,30.01,75.17,0.8757,-1,-1,-1
415,13,850.26,39.24,14.24,65.46,1.0000,-1,-1,-1
415,16,818.64,29.07,17.15,43.78,0.6260,-1,-1,-1
415,17,519.90,57.10,44.40,104.60,0.9115,-1,-1,-1
416,2,799.74,25.77,16.19,44.17,1.0000,-1,-1,-1
416,5,339.76,14.60,29.07,84.09,1.0000,-1,-1,-1
416,10,727.00,54.52,29.98,75.06,0.8835,-1,-1,-1
416,13,850.64,38.92,14.24,65.46,1.0000,-1,-1,-1
416,16,818.89,28.40,17.44,44.47,0.5780,-1,-1,-1
416,17,522.14,56.16,44.56,104.95,0.9138,-1,-1,-1
417,2,799.91,25.57,16.23,44.27,1.0000,-1,-1,-1
417,5,342.59,14.06,29.07,84.10,1.0000,-1,-1,-1
417,10,729.05,54.51,29.88,75.01,0.8863,-1,-1,-1
417,13,851.03,38.60,14.24,65.46,1.0000,-1,-1,-1
417,16,819.38,28.26,17.41,44.38,0.5439,-1,-1,-1
417,17,524.51,55.43,44.65,105.31,0.9069,-1,-1,-1
418,2,800.09,25.38,16.27,44.38,1.0000,-1,-1,-1
418,5,345.41,13.51,29.07,84.12,1.0000,-1,-1,-1
418,10,730.79,54.60,29.92,75.16,0.8912,-1,-1,-1
418,13,851.41,38.28,14.24,65.46,1.0000,-1,-1,-1
418,16,819.77,28.83,17.17,43.75,0.5988,-1,-1,-1
418,17,525.91,55.00,44.89,105.76,0.9092,-1,-1,-1
419,2,800.26,25.19,16.31,44.48,1.0000,-1,-1,-1
419,5,348.24,12.97,29.08,84.13,1.0000,-1,-1,-1
419,10,732.23,54.79,29.78,74.89,0.8959,-1,-1,-1
419,13,851.79,37.96,14.24,65.45,1.0000,-1,-1,-1
419,16,820.17,29.64,16.89,43.08,0.5918,-1,-1,-1
419,17,526.33,54.95,45.27,105.89,0.9131,-1,-1,-1
420,2,800.70,26.11,16.03,43.80,0.5613,-1,-1,-1
420,5,351.06,12.43,29.08,84.14,1.0000,-1,-1,-1
420,10,733.41,54.92,29.77,74.54,0.8900,-1,-1,-1
420,13,852.18,37.64,14.23,65.45,1.0000,-1,-1,-1
420,16,820.43,30.34,16.54,42.24,0.6233,-1,-1,-1
420,17,527.19,55.00,45.46,105.55,0.9127,-1,-1,-1
421,2,800.86,26.16,16.02,43.86,0.5627,-1,-1,-1
421,5,353.89,11.89,29.09,84.15,1.0000,-1,-1,-1
421,10,734.37,55.04,29.97,74.41,0.8884,-1,-1,-1
421,13,852.56,37.31,14.23,65.45,1.0000,-1,-1,-1
421,16,820.49,30.58,16.45,42.06,0.6602,-1,-1,-1
421,17,528.38,55.34,45.26,104.06,0.9053,-1,-1,-1
422,2,800.97,26.37,15.89,43.53,0.5877,-1,-1,-1
422,5,356.71,11.34,29.09,84.16,1.0000,-1,-1,-1
422,10,734.80,55.28,30.09,74.06,0.8869,-1,-1,-1
422,13,852.95,36.99,14.23,65.45,1.0000,-1,-1,-1
422,16,820.59,30.55,16.43,42.13,0.6629,-1,-1,-1
422,17,529.47,55.69,45.29,103.09,0.8972,-1,-1,-1
423,2,801.13,26.43,15.82,43.42,0.6258,-1,-1,-1
423,5,359.54,10.80,29.10,84.17,1.0000,-1,-1,-1
423,10,735.50,55.47,30.28,73.81,0.8844,-1,-1,-1
423,13,853.33,36.67,14.23,65.45,1.0000,-1,-1,-1
423,16,820.57,30.33,16.45,42.37,0.6358,-1,-1,-1
423,17,531.14,56.15,45.00,101.41,0.8983,-1,-1,-1
424,2,801.23,26.44,15.77,43.44,0.6599,-1,-1,-1
424,5,362.36,10.26,29.10,84.18,1.0000,-1,-1,-1
424,10,736.26,55.97,30.26,73.23,0.8854,-1,-1,-1
424,13,853.72,36.35,14.23,65.45,1.0000,-1,-1,-1
424,16,820.58,30.15,16.44,42.56,0.6659,-1,-1,-1
424,17,532.47,55.93,45.28,101.24,0.8964,-1,-1,-1
425,2,801.40,26.43,15.68,43.37,0.5847,-1,-1,-1
425,5,365.19,9.72,29.11,84.19,1.0000,-1,-1,-1
425,10,737.27,55.99,30.49,73.27,0.8797,-1,-1,-1
425,13,854.10,36.03,14.22,65.45,1.0000,-1,-1,-1
425,16,820.55,30.00,16.35,42.46,0.6664,-1,-1,-1
425,17,534.30,55.75,45.35,101.06,0.9153,-1,-1,-1
426,2,801.68,26.52,15.40,42.74,0.5847,-1,-1,-1
426,5,368.01,9.17,29.11,84.20,1.0000,-1,-1,-1
426,10,738.05,55.68,30.56,73.35,0.8794,-1,-1,-1
426,13,854.49,35.71,14.22,65.45,1.0000,-1,-1,-1
426,16,820.64,30.04,16.11,41.91,0.6620,-1,-1,-1
426,17,536.42,55.49,44.83,99.86,0.9277,-1,-1,-1
427,2,801.85,26.51,15.37,42.65,1.0000,-1,-1,-1
427,5,370.83,8.63,29.11,84.21,1.0000,-1,-1,-1
427,10,738.89,55.51,30.43,73.26,0.8794,-1,-1,-1
427,13,854.87,35.39,14.22,65.45,1.0000,-1,-1,-1
427,16,820.81,29.71,16.11,41.95,0.6082,-1,-1,-1
427,17,538.74,55.21,44.53,99.59,0.9050,-1,-1,-1
428,2,801.91,26.75,15.12,42.10,0.5050,-1,-1,-1
428,5,373.66,8.09,29.12,84.22,1.0000,-1,-1,-1
428,10,739.98,54.97,30.17,73.40,0.8805,-1,-1,-1
428,13,855.26,35.07,14.22,65.45,1.0000,-1,-1,-1
428,16,820.79,29.24,16.28,42.39,0.5483,-1,-1,-1
428,17,541.32,54.77,44.01,99.29,0.9088,-1,-1,-1
429,2,802.29,26.50,15.16,42.32,0.6280,-1,-1,-1
429,5,376.48,7.55,29.12,84.24,1.0000,-1,-1,-1
429,10,741.11,53.67,30.12,74.55,0.8846,-1,-1,-1
429,13,855.64,34.74,14.22,65.45,1.0000,-1,-1,-1
429,16,821.02,29.12,16.31,42.49,0.6048,-1,-1,-1
429,17,543.77,53.99,43.44,98.99,0.8937,-1,-1,-1
430,2,802.44,26.31,15.25,42.58,0.6274,-1,-1,-1
430,5,379.31,7.01,29.13,84.25,1.0000,-1,-1,-1
430,10,742.30,53.03,29.79,74.93,0.8998,-1,-1,-1
430,13,856.03,34.42,14.21,65.45,1.0000,-1,-1,-1
430,16,821.30,29.38,16.17,42.09,0.6070,-1,-1,-1
430,17,545.32,52.71,43.52,100.14,0.9015,-1,-1,-1
431,2,802.73,26.38,15.20,42.38,0.6890,-1,-1,-1
431,5,382.13,6.46,29.13,84.26,1.0000,-1,-1,-1
431,10,743.52,52.90,29.38,75.12,0.8904,-1,-1,-1
431,13,856.41,34.10,14.21,65.45,1.0000,-1,-1,-1
431,16,821.47,29.51,16.17,42.11,0.6445,-1,-1,-1
431,17,547.29,52.27,43.11,100.01,0.8975,-1,-1,-1
432,2,803.01,26.89,14.96,41.64,0.7069,-1,-1,-1
432,5,384.96,5.92,29.14,84.27,1.0000,-1,-1,-1
432,10,745.22,52.02,29.21,75.87,0.8660,-1,-1,-1
432,13,856.80,33.78,14.21,65.45,1.0000,-1,-1,-1
432,16,821.86,30.65,15.80,41.04,0.7030,-1,-1,-1
432,17,549.69,52.65,42.32,98.21,0.9072,-1,-1,-1
433,2,803.01,27.11,14.92,41.29,0.7273,-1,-1,-1
433,5,387.78,5.38,29.14,84.28,1.0000,-1,-1,-1
433,10,746.75,51.48,28.70,75.55,0.8639,-1,-1,-1
433,13,857.18,33.46,14.21,65.45,1.0000,-1,-1,-1
433,16,822.21,31.42,15.58,40.30,0.7248,-1,-1,-1
433,17,551.20,52.86,42.08,97.56,0.9083,-1,-1,-1
434,2,803.09,27.01,15.00,41.22,0.7029,-1,-1,-1
434,5,390.61,4.84,29.15,84.29,1.0000,-1,-1,-1
434,10,748.22,52.22,27.89,74.03,0.8492,-1,-1,-1
434,13,857.56,33.14,14.21,65.44,1.0000,-1,-1,-1
434,16,822.40,31.49,15.65,40.31,0.6817,-1,-1,-1
434,17,552.31,53.74,41.88,96.59,0.8955,-1,-1,-1
435,2,802.89,26.54,15.31,41.67,0.7139,-1,-1,-1
435,5,393.43,4.29,29.15,84.30,1.0000,-1,-1,-1
435,10,748.79,52.70,27.63,73.26,0.8718,-1,-1,-1
435,13,857.95,32.82,14.20,65.44,1.0000,-1,-1,-1
435,16,822.73,31.48,15.57,39.87,0.6643,-1,-1,-1
435,17,553.22,53.65,42.18,96.57,0.8817,-1,-1,-1
436,2,802.84,26.34,15.56,41.96,0.7033,-1,-1,-1
436,5,396.26,3.75,29.15,84.31,1.0000,-1,-1,-1
436,10,749.43,53.26,27.54,72.64,0.8501,-1,-1,-1
436,13,858.33,32.50,14.20,65.44,1.0000,-1,-1,-1
436,16,822.62,29.87,16.34,41.81,0.6910,-1,-1,-1
436,17,554.74,53.67,42.53,96.21,0.8750,-1,-1,-1
437,2,803.03,26.29,15.63,41.86,0.6734,-1,-1,-1
437,5,399.08,3.21,29.16,84.32,1.0000,-1,-1,-1
437,10,750.02,52.89,27.94,73.24,0.8725,-1,-1,-1
437,13,858.72,32.18,14.20,65.44,1.0000,-1,-1,-1
437,16,822.92,30.40,16.09,40.92,0.6848,-1,-1,-1
437,17,556.76,53.70,42.95,95.64,0.8785,-1,-1,-1
438,2,803.25,26.29,15.66,41.67,0.6655,-1,-1,-1
438,5,401.91,2.67,29.16,84.33,1.0000,-1,-1,-1
438,10,750.74,52.70,28.22,73.37,0.8739,-1,-1,-1
438,13,859.10,31.85,14.20,65.44,1.0000,-1,-1,-1
438,16,823.10,30.08,16.17,40.93,0.6481,-1,-1,-1
438,17,558.40,52.97,43.62,95.96,0.8958,-1,-1,-1
439,2,803.56,26.33,15.59,41.28,0.6212,-1,-1,-1
439,5,404.73,2.12,29.17,84.34,1.0000,-1,-1,-1
439,10,751.34,52.70,28.54,73.53,0.8781,-1,-1,-1
439,13,859.49,31.53,14.19,65.44,1.0000,-1,-1,-1
439,16,823.21,30.02,16.23,40.85,0.6470,-1,-1,-1
439,17,560.24,52.04,43.80,95.61,0.8921,-1,-1,-1
440,2,803.75,26.11,15.67,41.29,0.6057,-1,-1,-1
440,5,407.55,1.58,29.17,84.35,1.0000,-1,-1,-1
440,10,752.42,52.51,28.81,73.52,0.8798,-1,-1,-1
440,13,859.87,31.21,14.19,65.44,1.0000,-1,-1,-1
440,16,822.88,28.02,17.03,42.92,0.6346,-1,-1,-1
440,17,562.52,51.26,43.69,95.48,0.8936,-1,-1,-1
441,2,803.77,25.87,15.81,41.47,0.5431,-1,-1,-1
441,5,410.38,1.04,29.18,84.37,1.0000,-1,-1,-1
441,10,753.75,51.95,29.07,73.90,0.8657,-1,-1,-1
441,13,860.26,30.89,14.19,65.44,1.0000,-1,-1,-1
441,16,823.22,28.05,16.89,42.61,0.6287,-1,-1,-1
441,17,564.88,50.90,43.54,95.54,0.8926,-1,-1,-1
442,2,804.06,26.25,15.73,41.22,0.5383,-1,-1,-1
442,5,413.20,0.50,29.18,84.38,1.0000,-1,-1,-1
442,10,755.44,51.82,29.03,73.61,0.8743,-1,-1,-1
442,13,860.64,30.57,14.19,65.44,1.0000,-1,-1,-1
442,16,823.39,27.73,16.89,42.71,0.6366,-1,-1,-1
442,17,567.29,50.29,43.24,95.66,0.8937,-1,-1,-1
443,2,803.94,25.35,16.10,41.91,0.5151,-1,-1,-1
443,5,416.03,-0.05,29.19,84.39,1.0000,-1,-1,-1
443,10,757.30,52.25,28.91,73.13,0.8735,-1,-1,-1
443,13,861.03,30.25,14.19,65.44,1.0000,-1,-1,-1
443,16,823.44,27.19,17.01,43.16,0.6416,-1,-1,-1
443,17,568.89,49.63,43.32,96.42,0.9035,-1,-1,-1
444,2,803.86,24.84,16.33,42.22,0.5263,-1,-1,-1
444,5,418.85,-0.59,29.19,84.40,1.0000,-1,-1,-1
444,10,759.19,52.60,28.81,72.88,0.8747,-1,-1,-1
444,13,861.41,29.93,14.18,65.44,1.0000,-1,-1,-1
444,16,823.40,26.72,17.12,43.58,0.6416,-1,-1,-1
444,17,569.80,49.38,43.45,96.78,0.9148,-1,-1,-1
445,2,803.84,24.73,16.45,42.28,0.5351,-1,-1,-1
445,5,421.68,-1.13,29.19,84.41,1.0000,-1,-1,-1
445,10,761.24,52.23,28.70,73.02,0.8692,-1,-1,-1
445,13,861.80,29.61,14.18,65.44,1.0000,-1,-1,-1
445,16,823.50,26.90,16.92,43.20,0.6650,-1,-1,-1
445,17,571.02,49.62,43.11,95.73,0.9137,-1,-1,-1
446,2,803.85,25.02,16.44,42.00,0.5650,-1,-1,-1
446,5,424.50,-1.67,29.20,84.42,1.0000,-1,-1,-1
446,10,763.10,51.61,28.66,73.44,0.8652,-1,-1,-1
446,13,862.18,29.28,14.18,65.44,1.0000,-1,-1,-1
446,16,823.66,27.46,16.59,42.43,0.6948,-1,-1,-1
446,17,572.15,49.97,42.92,94.75,0.9065,-1,-1,-1
447,2,804.04,25.43,16.31,41.55,0.5951,-1,-1,-1
447,5,427.33,-2.22,29.20,84.43,1.0000,-1,-1,-1
447,10,764.21,51.51,28.53,73.44,0.8763,-1,-1,-1
447,13,862.56,28.96,14.18,65.44,1.0000,-1,-1,-1
447,16,823.54,27.08,16.67,42.73,0.7182,-1,-1,-1
447,17,573.63,50.36,42.70,93.84,0.9104,-1,-1,-1
448,2,804.06,25.47,16.36,41.50,0.5741,-1,-1,-1
448,5,430.15,-2.76,29.21,84.44,1.0000,-1,-1,-1
448,10,765.17,52.12,28.23,72.74,0.8776,-1,-1,-1
448,13,862.95,28.64,14.18,65.44,1.0000,-1,-1,-1
448,16,823.63,27.41,16.47,42.31,0.6914,-1,-1,-1
448,17,574.69,50.76,42.66,93.25,0.9026,-1,-1,-1
449,2,803.75,25.46,16.42,41.58,0.5164,-1,-1,-1
449,5,432.98,-3.30,29.21,84.45,1.0000,-1,-1,-1
449,10,765.82,52.27,28.13,72.47,0.8879,-1,-1,-1
449,13,863.33,28.32,14.17,65.43,1.0000,-1,-1,-1
449,16,823.57,27.47,16.46,42.37,0.6609,-1,-1,-1
449,17,576.49,50.97,42.26,91.94,0.9140,-1,-1,-1