4,1,601.12,125.84,35.01,101.57,0.8464,-1,-1,-1
4,2,46.43,169.05,38.81,101.14,0.8863,-1,-1,-1
4,3,629.54,140.66,36.68,100.34,0.8815,-1,-1,-1
4,4,74.96,139.76,41.36,106.26,0.8413,-1,-1,-1
5,1,602.44,128.34,34.59,99.35,0.8502,-1,-1,-1
5,2,49.59,169.27,38.94,100.27,0.8806,-1,-1,-1
5,3,630.43,140.29,37.01,99.81,0.8628,-1,-1,-1
5,4,79.34,139.51,42.46,106.57,0.7648,-1,-1,-1
6,1,603.57,129.18,34.93,99.03,0.8299,-1,-1,-1
6,2,51.95,169.71,39.13,99.64,0.8597,-1,-1,-1
6,3,631.57,139.29,37.43,99.14,0.8679,-1,-1,-1
6,4,83.35,139.27,43.06,105.45,0.6739,-1,-1,-1
7,1,604.43,131.13,34.94,97.31,0.8241,-1,-1,-1
7,2,53.98,169.69,39.59,100.00,0.8847,-1,-1,-1
7,3,632.82,140.64,37.59,97.50,0.8840,-1,-1,-1
7,4,87.04,139.06,43.47,103.85,0.7657,-1,-1,-1
8,1,605.72,131.87,35.12,95.79,0.8445,-1,-1,-1
8,2,55.44,169.63,39.64,99.83,0.8781,-1,-1,-1
8,3,634.04,142.82,37.97,96.01,0.8835,-1,-1,-1
8,4,89.34,138.69,43.99,102.87,0.8157,-1,-1,-1
9,1,607.91,133.75,34.35,91.44,0.7660,-1,-1,-1
9,2,56.94,169.60,39.63,99.80,0.8730,-1,-1,-1
9,3,634.95,135.81,40.86,101.48,0.8741,-1,-1,-1
9,4,91.12,137.55,44.81,103.22,0.7282,-1,-1,-1
10,1,610.52,134.24,33.43,87.10,0.7608,-1,-1,-1
10,2,58.82,168.64,39.83,100.76,0.8772,-1,-1,-1
10,3,636.48,132.11,41.91,102.23,0.8329,-1,-1,-1
10,4,93.03,137.08,45.41,103.63,0.6288,-1,-1,-1
11,1,613.69,134.85,32.70,83.32,0.8008,-1,-1,-1
11,2,61.18,167.79,39.92,101.20,0.8748,-1,-1,-1
11,3,638.72,129.67,42.56,102.59,0.8284,-1,-1,-1
11,4,94.95,135.97,46.14,104.65,0.6927,-1,-1,-1
12,1,616.37,135.12,32.27,80.77,0.8411,-1,-1,-1
12,2,63.90,167.30,40.01,101.53,0.8619,-1,-1,-1
12,3,642.08,128.25,42.96,102.55,0.8461,-1,-1,-1
12,4,96.00,134.50,46.92,106.55,0.6408,-1,-1,-1
13,1,618.67,134.80,32.09,79.82,0.8366,-1,-1,-1
13,2,66.84,166.66,40.21,102.27,0.8584,-1,-1,-1
13,3,645.62,127.41,42.68,101.85,0.8508,-1,-1,-1
13,4,96.63,133.26,46.94,107.44,0.7469,-1,-1,-1
14,1,620.41,132.82,32.77,81.47,0.7991,-1,-1,-1
14,2,70.04,166.42,40.47,102.54,0.8557,-1,-1,-1
14,3,648.68,126.07,42.52,102.14,0.8704,-1,-1,-1
14,4,97.55,132.27,46.65,107.90,0.8109,-1,-1,-1
15,1,622.43,132.52,33.22,82.55,0.7789,-1,-1,-1
15,2,73.55,166.52,40.67,102.14,0.9005,-1,-1,-1
15,3,651.34,124.81,42.46,103.42,0.8505,-1,-1,-1
15,4,98.29,131.53,46.65,109.54,0.8629,-1,-1,-1
16,1,624.05,132.83,33.20,82.33,0.7288,-1,-1,-1
16,2,77.42,166.44,40.85,101.38,0.9115,-1,-1,-1
16,3,653.84,124.43,42.07,103.91,0.8444,-1,-1,-1
16,4,98.84,131.02,46.16,110.81,0.8726,-1,-1,-1
17,1,624.99,132.84,33.16,82.16,0.6669,-1,-1,-1
17,2,80.90,166.35,41.26,100.96,0.9007,-1,-1,-1
17,3,655.33,123.20,41.87,104.62,0.8330,-1,-1,-1
17,4,101.39,130.54,46.24,113.01,0.8829,-1,-1,-1
18,1,625.65,131.84,33.35,82.77,0.6021,-1,-1,-1
18,2,84.08,166.33,41.87,101.00,0.8857,-1,-1,-1
18,3,656.83,122.80,41.76,104.80,0.8664,-1,-1,-1
18,4,104.55,130.89,46.22,114.50,0.8917,-1,-1,-1
19,1,627.44,131.90,33.02,81.95,1.0000,-1,-1,-1
19,2,86.48,166.34,41.95,100.39,0.8656,-1,-1,-1
19,3,658.11,122.58,41.46,104.35,0.8364,-1,-1,-1
19,4,108.86,131.37,45.36,112.86,0.8992,-1,-1,-1
20,1,629.22,131.95,32.69,81.12,1.0000,-1,-1,-1
20,2,88.54,165.39,41.98,100.22,0.8689,-1,-1,-1
20,3,659.27,122.02,41.48,104.49,0.8494,-1,-1,-1
20,4,113.57,131.87,45.56,112.50,0.9009,-1,-1,-1
21,1,631.00,132.01,32.36,80.30,1.0000,-1,-1,-1
21,2,89.85,164.66,41.69,100.34,0.8768,-1,-1,-1
21,3,660.64,121.18,41.46,104.68,0.8435,-1,-1,-1
21,4,118.73,132.29,46.07,111.56,0.8938,-1,-1,-1
22,1,632.79,132.06,32.02,79.47,1.0000,-1,-1,-1
22,2,91.76,164.33,41.11,100.03,0.8913,-1,-1,-1
22,3,662.11,120.12,41.27,104.59,0.8298,-1,-1,-1
22,4,123.23,132.83,46.24,109.22,0.9119,-1,-1,-1
23,1,634.57,132.12,31.69,78.64,1.0000,-1,-1,-1
23,2,93.70,163.65,40.51,100.08,0.8854,-1,-1,-1
23,3,663.93,119.52,40.72,103.83,0.8265,-1,-1,-1
23,4,127.05,133.67,46.69,107.39,0.9110,-1,-1,-1
24,1,636.35,132.18,31.36,77.82,1.0000,-1,-1,-1
24,2,96.23,162.82,40.40,101.18,0.8565,-1,-1,-1
24,3,666.39,119.04,40.07,102.91,0.8184,-1,-1,-1
24,4,129.51,134.12,47.39,106.47,0.9081,-1,-1,-1
25,1,638.13,132.23,31.03,76.99,1.0000,-1,-1,-1
25,2,99.51,162.36,40.80,103.01,0.8398,-1,-1,-1
25,3,668.56,117.33,39.56,102.30,0.8247,-1,-1,-1
25,4,131.22,133.96,48.55,107.18,0.9010,-1,-1,-1
26,1,639.92,132.29,30.69,76.17,1.0000,-1,-1,-1
26,2,102.27,161.74,40.86,103.98,0.8643,-1,-1,-1
26,3,670.50,116.17,38.61,100.54,0.8100,-1,-1,-1
26,4,132.80,133.81,49.37,107.86,0.8897,-1,-1,-1
27,1,641.70,132.34,30.36,75.34,1.0000,-1,-1,-1
27,2,106.15,161.36,40.74,103.79,0.8588,-1,-1,-1
27,3,671.64,115.51,37.37,97.94,0.8575,-1,-1,-1
27,4,134.24,134.01,49.77,108.26,0.8947,-1,-1,-1
28,1,643.48,132.40,30.03,74.52,1.0000,-1,-1,-1
28,2,110.27,161.42,40.88,103.68,0.8788,-1,-1,-1
28,3,672.77,115.12,36.61,95.99,0.8715,-1,-1,-1
28,4,135.34,133.78,49.94,108.60,0.8751,-1,-1,-1
29,1,645.26,132.46,29.70,73.69,1.0000,-1,-1,-1
29,2,114.79,161.64,41.04,102.44,0.8916,-1,-1,-1
29,3,673.84,115.10,36.16,94.49,0.8755,-1,-1,-1
29,4,136.58,133.23,49.77,108.90,0.8567,-1,-1,-1
30,1,647.05,132.51,29.36,72.87,1.0000,-1,-1,-1
30,2,118.57,161.96,41.44,101.91,0.9014,-1,-1,-1
30,3,674.70,114.82,36.02,93.43,0.8800,-1,-1,-1
30,4,138.01,132.69,49.44,109.40,0.8651,-1,-1,-1
31,1,640.71,98.82,39.34,98.05,0.5382,-1,-1,-1
31,2,121.34,162.40,41.51,100.97,0.8932,-1,-1,-1
31,3,675.48,114.38,35.99,92.60,0.8658,-1,-1,-1
31,4,139.69,132.37,48.85,109.76,0.8466,-1,-1,-1
32,1,641.88,98.39,39.35,97.46,0.6457,-1,-1,-1
32,2,123.20,162.26,41.55,100.78,0.8778,-1,-1,-1
32,3,675.92,114.10,36.65,93.18,0.8497,-1,-1,-1
32,4,141.24,131.97,47.96,109.80,0.8169,-1,-1,-1
33,1,642.54,97.90,39.82,98.05,0.6947,-1,-1,-1
33,2,124.71,162.11,41.43,100.76,0.8684,-1,-1,-1
33,3,676.81,114.30,36.85,92.46,0.8182,-1,-1,-1
33,4,143.76,131.20,47.46,110.97,0.8590,-1,-1,-1
34,1,643.48,97.70,40.29,98.07,0.6334,-1,-1,-1
34,2,127.03,162.30,41.13,100.83,0.8612,-1,-1,-1
34,3,677.97,114.64,36.91,91.14,0.7650,-1,-1,-1
34,4,147.57,130.86,46.33,110.04,0.8886,-1,-1,-1
35,1,644.54,97.32,40.75,97.58,0.7623,-1,-1,-1
35,2,129.14,161.17,41.16,101.87,0.8746,-1,-1,-1
35,3,678.91,114.10,37.73,91.52,0.7334,-1,-1,-1
35,4,151.93,131.14,45.46,108.74,0.8522,-1,-1,-1
36,1,645.58,96.87,40.69,96.56,0.7660,-1,-1,-1
36,2,131.18,160.27,40.75,102.03,0.8224,-1,-1,-1
36,3,680.76,112.88,38.41,91.44,0.6695,-1,-1,-1
36,4,156.58,131.20,45.17,107.53,0.8455,-1,-1,-1
37,1,647.42,96.49,40.38,94.98,0.7706,-1,-1,-1
37,2,135.76,159.21,41.35,102.74,0.8166,-1,-1,-1
37,3,682.15,111.75,39.10,91.39,0.7418,-1,-1,-1
37,4,161.72,131.28,44.88,104.79,0.8141,-1,-1,-1
38,1,649.74,96.94,39.23,91.92,0.7496,-1,-1,-1
38,2,137.49,158.23,41.51,103.79,0.8245,-1,-1,-1
38,3,684.12,112.86,38.57,88.57,0.7641,-1,-1,-1
38,4,166.69,131.35,45.18,103.00,0.8520,-1,-1,-1
39,1,652.25,97.18,38.07,89.53,0.8150,-1,-1,-1
39,2,140.41,158.04,41.41,103.85,0.8421,-1,-1,-1
39,3,686.51,112.65,38.44,87.31,0.7300,-1,-1,-1
39,4,170.06,131.28,45.63,101.78,0.7942,-1,-1,-1
40,1,654.25,96.69,37.46,88.86,0.7940,-1,-1,-1
40,2,143.94,157.43,41.51,104.02,0.8498,-1,-1,-1
40,3,689.45,112.42,38.00,86.12,0.5602,-1,-1,-1
40,4,172.58,130.91,46.68,102.21,0.8468,-1,-1,-1
41,1,656.42,95.64,37.22,89.42,0.6138,-1,-1,-1
41,2,148.37,157.11,42.04,104.07,0.8532,-1,-1,-1
41,3,693.12,112.73,37.36,85.20,0.6671,-1,-1,-1
41,4,174.67,130.63,47.24,102.44,0.8583,-1,-1,-1
42,1,658.52,96.78,36.05,88.33,0.5198,-1,-1,-1
42,2,152.44,157.56,42.20,103.08,0.8633,-1,-1,-1
42,3,695.52,111.51,37.14,85.68,0.6558,-1,-1,-1
42,4,176.49,129.74,47.81,103.60,0.8681,-1,-1,-1
43,1,661.01,101.77,33.66,83.19,0.5896,-1,-1,-1
43,2,155.65,157.91,42.51,102.47,0.8888,-1,-1,-1
43,3,697.40,111.74,36.68,85.67,0.7331,-1,-1,-1
43,4,178.22,128.82,48.00,104.50,0.7991,-1,-1,-1
44,1,662.71,101.70,33.27,82.24,1.0000,-1,-1,-1
44,2,158.70,158.09,42.83,102.16,0.8695,-1,-1,-1
44,3,698.86,112.33,35.99,84.87,0.5395,-1,-1,-1
44,4,180.09,127.73,47.84,105.31,0.7595,-1,-1,-1
45,1,664.41,101.63,32.89,81.30,1.0000,-1,-1,-1
45,2,160.59,158.15,42.57,101.42,0.8709,-1,-1,-1
45,3,700.40,112.30,35.20,83.63,0.5503,-1,-1,-1
45,4,181.43,126.39,47.61,106.64,0.7443,-1,-1,-1
46,1,666.12,101.57,32.51,80.36,1.0000,-1,-1,-1
46,2,162.45,158.00,42.05,100.87,0.8410,-1,-1,-1
46,3,702.27,112.10,34.90,82.92,1.0000,-1,-1,-1
46,4,182.69,125.59,46.96,107.46,0.7221,-1,-1,-1
47,1,667.82,101.50,32.13,79.41,1.0000,-1,-1,-1
47,2,164.15,156.57,41.68,101.42,0.8374,-1,-1,-1
47,3,704.14,111.91,34.60,82.20,1.0000,-1,-1,-1
47,4,184.07,124.62,46.21,108.62,0.6581,-1,-1,-1
48,1,669.52,101.43,31.74,78.47,1.0000,-1,-1,-1
48,2,168.15,155.49,40.94,101.41,0.7729,-1,-1,-1
48,3,706.00,111.71,34.30,81.48,1.0000,-1,-1,-1
48,4,187.80,124.20,45.58,109.73,0.8464,-1,-1,-1
49,1,671.23,101.37,31.36,77.52,1.0000,-1,-1,-1
49,2,171.47,154.53,40.93,103.14,0.7890,-1,-1,-1
49,3,707.87,111.52,33.99,80.76,1.0000,-1,-1,-1
49,4,191.15,123.89,46.17,113.54,0.8426,-1,-1,-1
50,1,672.93,101.30,30.98,76.58,1.0000,-1,-1,-1
50,2,174.47,154.35,40.84,104.70,0.8103,-1,-1,-1
50,3,709.74,111.32,33.69,80.05,1.0000,-1,-1,-1
50,4,195.22,123.95,46.15,115.02,0.8669,-1,-1,-1
51,1,674.64,101.24,30.60,75.63,1.0000,-1,-1,-1
51,2,178.39,154.22,40.12,104.07,0.8643,-1,-1,-1
51,3,711.61,111.13,33.39,79.33,1.0000,-1,-1,-1
51,4,199.30,123.93,45.68,114.64,0.8918,-1,-1,-1
52,1,676.34,101.17,30.22,74.69,1.0000,-1,-1,-1
52,2,182.77,153.75,39.96,103.92,0.8378,-1,-1,-1
52,3,713.48,110.93,33.09,78.61,1.0000,-1,-1,-1
52,4,204.40,124.72,45.45,113.39,0.8755,-1,-1,-1
53,1,678.04,101.10,29.83,73.74,1.0000,-1,-1,-1
53,2,187.10,154.18,39.78,103.02,0.8718,-1,-1,-1
53,3,715.35,110.74,32.79,77.89,1.0000,-1,-1,-1
53,4,209.40,125.01,45.70,111.98,0.8490,-1,-1,-1
54,1,679.75,101.04,29.45,72.80,1.0000,-1,-1,-1
54,2,192.12,154.40,40.37,102.77,0.8488,-1,-1,-1
54,3,717.21,110.54,32.48,77.18,1.0000,-1,-1,-1
54,4,213.78,125.21,45.99,110.19,0.8137,-1,-1,-1
55,1,681.45,100.97,29.07,71.85,1.0000,-1,-1,-1
55,2,194.68,154.77,40.51,102.01,0.8530,-1,-1,-1
55,3,719.08,110.35,32.18,76.46,1.0000,-1,-1,-1
55,4,217.13,126.03,46.23,108.32,0.8327,-1,-1,-1
56,1,683.15,100.90,28.69,70.91,1.0000,-1,-1,-1
56,2,196.01,154.69,40.57,101.76,0.8516,-1,-1,-1
56,3,710.67,108.82,29.85,70.07,0.5339,-1,-1,-1
56,4,219.46,126.46,46.49,107.46,0.8232,-1,-1,-1
57,1,684.86,100.84,28.31,69.96,1.0000,-1,-1,-1
57,2,197.46,154.57,40.31,101.98,0.8661,-1,-1,-1
57,3,710.57,105.48,30.80,72.02,0.5137,-1,-1,-1
57,4,221.40,126.60,47.12,107.92,0.8456,-1,-1,-1
58,1,686.56,100.77,27.92,69.02,1.0000,-1,-1,-1
58,2,199.37,154.45,39.83,102.13,0.8384,-1,-1,-1
58,3,710.85,103.50,31.12,72.39,0.5887,-1,-1,-1
58,4,223.05,126.37,47.30,108.04,0.8315,-1,-1,-1
59,1,688.26,100.70,27.54,68.08,1.0000,-1,-1,-1
59,2,201.96,154.94,38.89,101.29,0.7993,-1,-1,-1
59,3,710.91,100.70,32.03,74.09,0.5861,-1,-1,-1
59,4,225.04,126.46,47.02,107.96,0.8249,-1,-1,-1
60,1,689.97,100.64,27.16,67.13,1.0000,-1,-1,-1
60,2,204.31,153.49,38.82,102.79,0.8176,-1,-1,-1
60,3,711.17,98.08,32.84,75.48,0.6045,-1,-1,-1
60,4,226.53,126.42,46.51,107.94,0.7934,-1,-1,-1
61,1,691.67,100.57,26.78,66.19,1.0000,-1,-1,-1
61,2,207.25,152.71,38.64,103.74,0.8203,-1,-1,-1
61,3,711.76,96.21,33.69,77.34,0.5898,-1,-1,-1
61,4,227.94,125.92,45.92,108.32,0.7381,-1,-1,-1
62,1,693.37,100.51,26.39,65.24,1.0000,-1,-1,-1
62,2,210.10,152.10,38.42,104.59,0.8578,-1,-1,-1
62,3,711.58,90.05,35.72,82.21,0.6780,-1,-1,-1
62,4,229.10,125.26,45.31,109.16,0.7555,-1,-1,-1
63,1,695.08,100.44,26.01,64.30,1.0000,-1,-1,-1
63,2,213.88,151.42,38.15,104.64,0.7716,-1,-1,-1
63,3,712.30,86.32,36.98,85.30,0.5888,-1,-1,-1
63,4,230.28,124.46,44.58,110.47,0.7412,-1,-1,-1
64,1,696.78,100.37,25.63,63.35,1.0000,-1,-1,-1
64,2,217.25,151.00,37.96,104.60,0.8230,-1,-1,-1
64,3,712.75,84.38,38.03,88.25,0.7229,-1,-1,-1
64,4,233.09,123.84,43.67,110.75,0.7304,-1,-1,-1
65,1,698.48,100.31,25.25,62.41,1.0000,-1,-1,-1
65,2,222.09,151.56,38.04,103.71,0.8533,-1,-1,-1
65,3,714.01,83.00,38.04,88.94,0.7291,-1,-1,-1
65,4,236.66,123.55,42.22,109.06,0.7341,-1,-1,-1
66,1,700.19,100.24,24.87,61.46,1.0000,-1,-1,-1
66,2,226.37,151.77,38.59,103.38,0.8380,-1,-1,-1
66,3,715.92,81.81,37.79,89.02,0.7245,-1,-1,-1
66,4,240.21,123.78,40.88,107.12,0.6604,-1,-1,-1
67,1,701.89,100.17,24.48,60.52,1.0000,-1,-1,-1
67,2,229.47,151.39,39.60,103.66,0.8600,-1,-1,-1
67,3,717.61,80.80,37.60,89.38,0.6366,-1,-1,-1
67,4,244.70,123.35,40.66,106.64,0.6407,-1,-1,-1
68,1,703.59,100.11,24.10,59.57,1.0000,-1,-1,-1
68,2,231.10,151.45,40.26,103.67,0.8456,-1,-1,-1
68,3,718.95,79.85,37.49,90.19,0.5435,-1,-1,-1
68,4,250.40,123.48,41.16,105.56,0.6237,-1,-1,-1
69,1,693.96,71.26,36.72,90.17,0.5936,-1,-1,-1
69,2,233.16,151.44,40.54,103.19,0.7196,-1,-1,-1
69,3,720.19,79.32,37.16,90.58,0.5525,-1,-1,-1
69,4,253.41,123.29,41.03,105.22,1.0000,-1,-1,-1
70,1,694.46,70.60,37.07,90.65,0.6468,-1,-1,-1
70,2,235.50,151.06,40.53,103.07,0.6730,-1,-1,-1
70,3,721.09,77.72,37.50,91.42,1.0000,-1,-1,-1
70,4,256.41,123.10,40.90,104.88,1.0000,-1,-1,-1
71,1,694.39,70.27,37.31,91.09,0.6888,-1,-1,-1
71,2,237.43,150.38,40.17,102.84,0.6891,-1,-1,-1
71,3,721.98,76.11,37.84,92.25,1.0000,-1,-1,-1
71,4,260.58,123.16,42.47,105.62,0.5581,-1,-1,-1
72,1,694.51,69.81,37.41,91.53,0.6366,-1,-1,-1
72,2,240.26,150.12,40.15,102.80,1.0000,-1,-1,-1
72,3,722.88,74.51,38.18,93.09,1.0000,-1,-1,-1
72,4,263.77,123.00,42.38,105.39,1.0000,-1,-1,-1
73,1,694.91,69.27,37.20,91.55,0.5161,-1,-1,-1
73,2,243.09,149.86,40.14,102.75,1.0000,-1,-1,-1
73,3,723.77,72.90,38.53,93.92,1.0000,-1,-1,-1
73,4,266.96,122.83,42.29,105.16,1.0000,-1,-1,-1
74,1,695.84,68.27,37.34,91.88,1.0000,-1,-1,-1
74,2,248.36,148.38,40.23,104.90,0.6149,-1,-1,-1
74,3,724.67,71.30,38.87,94.76,1.0000,-1,-1,-1
74,4,270.15,122.67,42.19,104.93,1.0000,-1,-1,-1
75,1,697.07,67.32,36.45,90.74,0.5017,-1,-1,-1
75,2,251.71,147.79,39.68,105.13,0.7316,-1,-1,-1
75,3,725.57,69.69,39.21,95.60,1.0000,-1,-1,-1
75,4,268.76,120.02,42.52,107.91,0.7338,-1,-1,-1
76,1,698.01,66.32,36.53,90.93,1.0000,-1,-1,-1
76,2,256.96,148.61,39.67,104.68,0.7938,-1,-1,-1
76,3,725.87,74.80,35.97,89.96,0.5209,-1,-1,-1
76,4,271.48,119.62,42.55,107.98,1.0000,-1,-1,-1
77,1,698.95,65.32,36.60,91.12,1.0000,-1,-1,-1
77,2,260.53,148.78,39.97,104.33,0.8743,-1,-1,-1
77,3,726.68,73.72,36.10,90.29,1.0000,-1,-1,-1
77,4,274.19,119.22,42.58,108.06,1.0000,-1,-1,-1
78,1,699.89,64.32,36.68,91.31,1.0000,-1,-1,-1
78,2,263.42,148.95,40.58,104.00,0.8944,-1,-1,-1
78,3,727.89,72.49,34.17,87.07,0.5608,-1,-1,-1
78,4,276.91,118.82,42.61,108.13,1.0000,-1,-1,-1
79,1,700.83,63.32,36.76,91.50,1.0000,-1,-1,-1
79,2,265.82,149.33,41.09,102.99,0.8736,-1,-1,-1
79,3,728.57,71.31,33.43,86.30,0.5549,-1,-1,-1
79,4,279.62,118.41,42.64,108.21,1.0000,-1,-1,-1
79,5,7.30,102.29,14.54,102.68,0.5774,-1,-1,-1
80,1,701.77,62.32,36.83,91.69,1.0000,-1,-1,-1
80,2,268.02,149.54,41.77,102.86,0.8684,-1,-1,-1
80,3,729.13,70.51,32.85,85.57,0.5348,-1,-1,-1
80,4,282.34,118.01,42.67,108.28,1.0000,-1,-1,-1
80,5,8.34,107.43,14.65,96.70,0.6281,-1,-1,-1
81,1,702.71,61.32,36.91,91.88,1.0000,-1,-1,-1
81,2,269.92,149.47,42.44,102.94,0.8307,-1,-1,-1
81,3,729.42,69.73,32.49,85.24,0.5546,-1,-1,-1
81,4,285.05,117.61,42.70,108.36,1.0000,-1,-1,-1
81,5,8.36,107.89,15.54,95.98,0.6713,-1,-1,-1
82,1,703.65,60.32,36.99,92.07,1.0000,-1,-1,-1
82,2,272.30,148.92,42.81,103.23,0.7302,-1,-1,-1
82,3,730.09,68.99,32.00,84.50,0.5927,-1,-1,-1
82,4,287.77,117.21,42.73,108.43,1.0000,-1,-1,-1
82,5,7.29,97.91,18.00,105.94,0.7592,-1,-1,-1
83,1,704.59,59.31,37.06,92.26,1.0000,-1,-1,-1
83,2,273.96,148.61,42.12,103.12,0.5620,-1,-1,-1
83,3,730.38,68.57,31.69,83.81,0.6106,-1,-1,-1
83,4,290.49,116.81,42.75,108.50,1.0000,-1,-1,-1
83,5,6.96,100.23,18.62,103.69,0.8564,-1,-1,-1
84,1,705.53,58.31,37.14,92.45,1.0000,-1,-1,-1
84,2,275.97,148.49,41.15,103.16,0.6034,-1,-1,-1
84,3,731.05,69.29,30.86,81.57,0.5492,-1,-1,-1
84,4,293.20,116.41,42.78,108.58,1.0000,-1,-1,-1
84,5,6.47,101.49,19.22,101.61,0.8880,-1,-1,-1
85,1,706.47,57.31,37.22,92.64,1.0000,-1,-1,-1
85,2,279.00,148.30,39.77,102.42,0.5406,-1,-1,-1
85,3,732.05,69.34,30.21,79.84,0.5382,-1,-1,-1
85,4,295.92,116.01,42.81,108.65,1.0000,-1,-1,-1
85,5,5.83,101.28,20.11,101.52,0.8960,-1,-1,-1
86,1,707.40,56.31,37.29,92.83,1.0000,-1,-1,-1
86,2,282.72,147.83,39.00,102.73,0.5610,-1,-1,-1
86,3,733.57,69.11,29.82,78.74,0.6053,-1,-1,-1
86,4,298.63,115.61,42.84,108.73,1.0000,-1,-1,-1
86,5,5.13,101.31,21.14,102.60,0.8852,-1,-1,-1
87,1,708.34,55.31,37.37,93.02,1.0000,-1,-1,-1
87,2,286.18,147.47,38.42,103.39,0.5164,-1,-1,-1
87,3,735.64,68.81,28.94,76.64,0.5597,-1,-1,-1
87,4,301.35,115.21,42.87,108.80,1.0000,-1,-1,-1
87,5,4.74,101.72,22.14,103.54,0.9021,-1,-1,-1
88,1,709.28,54.31,37.44,93.21,1.0000,-1,-1,-1
88,2,290.09,147.38,38.14,103.94,0.6916,-1,-1,-1
88,3,736.56,68.25,28.60,75.74,1.0000,-1,-1,-1
88,4,304.07,114.81,42.90,108.88,1.0000,-1,-1,-1
88,5,5.29,102.13,23.19,103.53,0.8980,-1,-1,-1
89,1,710.22,53.31,37.52,93.40,1.0000,-1,-1,-1
89,2,294.24,147.87,38.00,103.51,0.7951,-1,-1,-1
89,3,737.49,67.70,28.26,74.84,1.0000,-1,-1,-1
89,4,306.78,114.41,42.93,108.95,1.0000,-1,-1,-1
89,5,7.46,102.69,24.84,103.58,0.8896,-1,-1,-1
90,1,711.16,52.31,37.60,93.59,1.0000,-1,-1,-1
90,2,297.20,148.08,38.10,103.37,0.7928,-1,-1,-1
90,3,738.41,67.14,27.92,73.94,1.0000,-1,-1,-1
90,4,309.50,114.01,42.96,109.03,1.0000,-1,-1,-1
90,5,9.82,103.25,26.52,102.38,0.8730,-1,-1,-1
91,1,712.10,51.30,37.67,93.78,1.0000,-1,-1,-1
91,2,300.36,147.85,38.81,103.72,0.8195,-1,-1,-1
91,3,739.34,66.59,27.58,73.04,1.0000,-1,-1,-1
91,4,312.21,113.61,42.99,109.10,1.0000,-1,-1,-1
91,5,12.93,103.89,28.21,101.49,0.8888,-1,-1,-1
92,1,713.04,50.30,37.75,93.97,1.0000,-1,-1,-1
92,2,302.52,148.04,39.58,103.56,0.8719,-1,-1,-1
92,3,740.26,66.03,27.24,72.13,1.0000,-1,-1,-1
92,4,314.93,113.21,43.02,109.18,1.0000,-1,-1,-1
92,5,14.75,104.16,29.65,100.59,0.8956,-1,-1,-1
93,1,713.98,49.30,37.83,94.16,1.0000,-1,-1,-1
93,2,303.93,148.08,40.25,103.23,0.8293,-1,-1,-1
93,3,741.19,65.48,26.90,71.23,1.0000,-1,-1,-1
93,4,317.65,112.81,43.05,109.25,1.0000,-1,-1,-1
93,5,16.43,104.14,31.68,101.92,0.9196,-1,-1,-1
94,1,714.92,48.30,37.90,94.35,1.0000,-1,-1,-1
94,2,306.07,147.61,40.67,102.94,0.8214,-1,-1,-1
94,3,742.11,64.92,26.56,70.33,1.0000,-1,-1,-1
94,4,320.36,112.41,43.08,109.33,1.0000,-1,-1,-1
94,5,17.77,104.38,33.08,102.10,0.9071,-1,-1,-1
95,1,715.86,47.30,37.98,94.54,1.0000,-1,-1,-1
95,2,309.36,145.71,41.59,104.65,0.7912,-1,-1,-1
95,3,743.03,64.37,26.22,69.43,1.0000,-1,-1,-1
95,4,323.08,112.01,43.11,109.40,1.0000,-1,-1,-1
95,5,18.62,104.51,34.24,102.28,0.9156,-1,-1,-1
96,1,716.80,46.30,38.06,94.73,1.0000,-1,-1,-1
96,2,317.50,146.32,41.24,103.02,0.7432,-1,-1,-1
96,3,743.96,63.82,25.88,68.52,1.0000,-1,-1,-1
96,4,325.79,111.61,43.14,109.48,1.0000,-1,-1,-1
96,5,20.71,103.90,35.17,103.38,0.9115,-1,-1,-1
97,1,717.74,45.30,38.13,94.92,1.0000,-1,-1,-1
97,2,320.98,146.12,41.22,102.98,1.0000,-1,-1,-1
97,3,744.88,63.26,25.53,67.62,1.0000,-1,-1,-1
97,4,321.04,118.40,49.10,129.61,0.8222,-1,-1,-1
97,5,22.27,103.20,35.70,104.06,0.9171,-1,-1,-1
98,1,718.68,44.30,38.21,95.12,1.0000,-1,-1,-1
98,2,324.46,145.92,41.20,102.93,1.0000,-1,-1,-1
98,3,745.81,62.71,25.19,66.72,1.0000,-1,-1,-1
98,4,324.38,118.44,48.07,130.23,0.5821,-1,-1,-1
98,5,24.16,102.71,36.03,104.51,0.9146,-1,-1,-1
99,1,719.62,43.30,38.28,95.31,1.0000,-1,-1,-1
99,2,327.93,145.72,41.18,102.88,1.0000,-1,-1,-1
99,3,746.73,62.15,24.85,65.82,1.0000,-1,-1,-1
99,4,329.78,135.70,43.12,114.39,0.5529,-1,-1,-1
99,5,26.61,102.14,36.40,104.79,0.9093,-1,-1,-1
99,7,0.49,125.12,34.36,98.81,0.8703,-1,-1,-1
100,1,720.56,42.29,38.36,95.50,1.0000,-1,-1,-1
100,2,331.41,145.52,41.16,102.83,1.0000,-1,-1,-1
100,3,747.66,61.60,24.51,64.91,1.0000,-1,-1,-1
100,4,332.48,137.30,42.88,113.75,1.0000,-1,-1,-1
100,5,29.29,102.03,36.98,105.11,0.8949,-1,-1,-1
100,7,0.53,125.01,34.88,100.16,0.8958,-1,-1,-1
101,1,721.50,41.29,38.44,95.69,1.0000,-1,-1,-1
101,2,334.89,145.31,41.14,102.78,1.0000,-1,-1,-1
101,3,748.58,61.04,24.17,64.01,1.0000,-1,-1,-1
101,4,335.96,124.29,48.95,125.93,0.6011,-1,-1,-1
101,5,33.14,102.10,37.71,104.94,0.9031,-1,-1,-1
101,7,1.34,125.58,35.30,101.00,0.8982,-1,-1,-1
102,1,722.44,40.29,38.51,95.88,1.0000,-1,-1,-1
102,2,338.36,145.11,41.12,102.73,1.0000,-1,-1,-1
102,3,749.51,60.49,23.83,63.11,1.0000,-1,-1,-1
102,4,336.41,138.47,44.62,112.08,0.7040,-1,-1,-1
102,5,38.16,102.18,38.93,104.61,0.9035,-1,-1,-1
102,7,4.65,125.61,35.87,101.68,0.9189,-1,-1,-1
103,1,723.38,39.29,38.59,96.07,1.0000,-1,-1,-1
103,2,341.84,144.91,41.10,102.69,1.0000,-1,-1,-1
103,3,750.43,59.93,23.49,62.21,1.0000,-1,-1,-1
103,4,339.63,144.26,44.49,106.30,0.6472,-1,-1,-1
103,5,41.99,102.63,39.95,103.46,0.9278,-1,-1,-1
103,7,9.27,125.65,36.69,102.01,0.8747,-1,-1,-1
104,1,724.32,38.29,38.67,96.26,1.0000,-1,-1,-1
104,2,345.32,144.71,41.08,102.64,1.0000,-1,-1,-1
104,3,751.36,59.38,23.15,61.30,1.0000,-1,-1,-1
104,4,341.32,146.34,45.32,103.78,0.7504,-1,-1,-1
104,5,44.87,103.08,40.87,102.50,0.9166,-1,-1,-1
104,7,13.18,125.94,37.41,101.55,0.8951,-1,-1,-1
105,1,725.26,37.29,38.74,96.45,1.0000,-1,-1,-1
105,2,348.80,144.51,41.06,102.59,1.0000,-1,-1,-1
105,3,743.51,54.94,27.63,72.91,0.5328,-1,-1,-1
105,4,342.80,147.04,46.17,102.75,0.8579,-1,-1,-1
105,5,47.19,103.07,42.04,102.63,0.9154,-1,-1,-1
105,7,17.04,126.04,38.45,101.45,0.8782,-1,-1,-1
106,1,726.20,36.29,38.82,96.64,1.0000,-1,-1,-1
106,2,352.27,144.31,41.04,102.54,1.0000,-1,-1,-1
106,3,743.65,54.19,28.03,73.59,0.5759,-1,-1,-1
106,4,344.02,147.13,46.67,102.43,0.8410,-1,-1,-1
106,5,49.08,103.37,42.49,101.96,0.9123,-1,-1,-1
106,7,19.97,126.50,39.13,100.72,0.8880,-1,-1,-1
107,1,727.14,35.29,38.90,96.83,1.0000,-1,-1,-1
107,2,355.75,144.10,41.02,102.49,1.0000,-1,-1,-1
107,3,743.73,53.36,28.41,74.19,0.5507,-1,-1,-1
107,4,345.96,145.90,47.28,103.71,0.8161,-1,-1,-1
107,5,50.49,103.32,42.46,100.96,0.9018,-1,-1,-1
107,7,21.96,126.70,39.83,100.54,0.8901,-1,-1,-1
108,1,728.08,34.28,38.97,97.02,1.0000,-1,-1,-1
108,2,359.23,143.90,41.01,102.44,1.0000,-1,-1,-1
108,3,743.79,52.37,28.66,74.68,0.7306,-1,-1,-1
108,4,349.07,145.66,46.80,103.78,0.8413,-1,-1,-1
108,5,51.92,103.06,42.62,101.11,0.9077,-1,-1,-1
108,7,24.08,127.04,40.31,100.36,0.8955,-1,-1,-1
109,1,729.02,33.28,39.05,97.21,1.0000,-1,-1,-1
109,2,362.70,143.70,40.99,102.40,1.0000,-1,-1,-1
109,3,744.00,52.22,28.31,73.58,0.7486,-1,-1,-1
109,4,353.21,145.54,46.06,103.94,0.8161,-1,-1,-1
109,5,52.96,102.85,42.56,101.33,0.9133,-1,-1,-1
109,7,25.40,127.46,40.58,100.26,0.9170,-1,-1,-1
110,1,729.96,32.28,39.12,97.40,1.0000,-1,-1,-1
110,2,366.18,143.50,40.97,102.35,1.0000,-1,-1,-1
110,3,744.12,52.32,27.93,72.52,0.7188,-1,-1,-1
110,4,357.23,145.10,44.95,104.03,0.8361,-1,-1,-1
110,5,54.10,102.50,42.37,101.92,0.9110,-1,-1,-1
110,7,26.65,126.78,40.81,100.84,0.9023,-1,-1,-1
111,1,730.90,31.28,39.20,97.59,1.0000,-1,-1,-1
111,2,369.66,143.30,40.95,102.30,1.0000,-1,-1,-1
111,3,743.99,52.27,27.68,71.90,0.7078,-1,-1,-1
111,4,360.46,144.67,44.01,104.79,0.8473,-1,-1,-1
111,5,55.18,102.47,42.26,103.01,0.8941,-1,-1,-1
111,7,27.56,125.76,41.05,102.29,0.8823,-1,-1,-1
111,9,2.12,157.11,30.86,109.73,0.8721,-1,-1,-1
112,1,731.84,30.28,39.28,97.78,1.0000,-1,-1,-1
112,2,373.13,143.10,40.93,102.25,1.0000,-1,-1,-1
112,3,744.19,52.20,27.54,71.60,0.7595,-1,-1,-1
112,4,363.78,144.68,42.74,104.80,0.8848,-1,-1,-1
112,5,57.15,102.61,41.94,103.65,0.9026,-1,-1,-1
112,7,29.40,124.90,40.76,102.62,0.9000,-1,-1,-1
112,9,2.41,160.88,30.03,105.84,0.8680,-1,-1,-1
113,1,732.77,29.28,39.35,97.97,1.0000,-1,-1,-1
113,2,376.61,142.89,40.91,102.20,1.0000,-1,-1,-1
113,3,744.48,51.92,27.68,71.84,0.7544,-1,-1,-1
113,4,366.66,144.58,42.09,105.14,0.8581,-1,-1,-1
113,5,60.07,102.55,41.69,103.90,0.9140,-1,-1,-1
113,7,31.95,124.21,40.69,103.33,0.8926,-1,-1,-1
113,9,1.89,159.25,30.56,107.06,0.8765,-1,-1,-1
114,1,733.71,28.28,39.43,98.16,1.0000,-1,-1,-1
114,2,380.09,142.69,40.89,102.16,1.0000,-1,-1,-1
114,3,744.56,51.36,27.97,72.77,0.7484,-1,-1,-1
114,4,369.54,144.04,42.01,105.55,0.8526,-1,-1,-1
114,5,64.60,102.90,41.91,103.92,0.8900,-1,-1,-1
114,7,34.76,123.90,40.53,103.63,0.9013,-1,-1,-1
114,9,1.76,157.59,31.29,108.82,0.9222,-1,-1,-1
115,1,734.65,27.28,39.51,98.35,1.0000,-1,-1,-1
115,2,383.56,142.49,40.87,102.11,1.0000,-1,-1,-1
115,3,744.74,50.47,28.17,73.61,0.7375,-1,-1,-1
115,4,371.84,144.13,42.12,105.60,0.8497,-1,-1,-1
115,5,69.32,103.36,42.57,103.95,0.8972,-1,-1,-1
115,7,38.03,123.82,40.35,103.43,0.8989,-1,-1,-1
115,9,3.03,157.04,32.02,109.49,0.9158,-1,-1,-1
116,1,735.59,26.27,39.58,98.54,1.0000,-1,-1,-1
116,2,387.04,142.29,40.85,102.06,1.0000,-1,-1,-1
116,3,744.81,49.65,28.28,74.14,0.7732,-1,-1,-1
116,4,374.43,145.25,42.26,104.37,0.8694,-1,-1,-1
116,5,72.97,103.79,42.92,103.21,0.9175,-1,-1,-1
116,7,41.76,124.01,40.33,102.98,0.8956,-1,-1,-1
116,9,5.66,156.35,33.31,110.24,0.9183,-1,-1,-1
117,1,736.53,25.27,39.66,98.73,1.0000,-1,-1,-1
117,2,390.52,142.09,40.83,102.01,1.0000,-1,-1,-1
117,3,745.05,48.57,28.43,74.75,0.7975,-1,-1,-1
117,4,376.76,144.80,43.00,104.45,0.8373,-1,-1,-1
117,5,76.26,103.98,43.86,103.78,0.9098,-1,-1,-1
117,7,46.88,124.03,41.13,103.02,0.8777,-1,-1,-1
117,9,8.88,156.98,34.90,109.69,0.9348,-1,-1,-1
118,1,737.47,24.27,39.74,98.92,1.0000,-1,-1,-1
118,2,393.99,141.89,40.81,101.96,1.0000,-1,-1,-1
118,3,745.63,47.51,28.37,74.89,0.7781,-1,-1,-1
118,4,382.51,145.16,44.11,103.77,0.7406,-1,-1,-1
118,5,79.11,104.17,44.67,104.37,0.9210,-1,-1,-1
118,7,51.50,124.79,42.04,102.70,0.8646,-1,-1,-1
118,9,11.78,157.74,36.87,108.91,0.9209,-1,-1,-1
119,1,738.41,23.27,39.81,99.11,1.0000,-1,-1,-1
119,2,397.47,141.68,40.79,101.91,1.0000,-1,-1,-1
119,3,746.10,45.98,28.47,75.61,0.7746,-1,-1,-1
119,4,387.65,145.38,45.26,103.39,0.6953,-1,-1,-1
119,5,81.16,104.16,44.98,104.41,0.9219,-1,-1,-1
119,7,55.12,125.25,42.98,102.73,0.8817,-1,-1,-1
119,9,14.97,158.93,38.46,107.54,0.9180,-1,-1,-1
120,1,739.35,22.27,39.89,99.30,1.0000,-1,-1,-1
120,2,400.95,141.48,40.77,101.87,1.0000,-1,-1,-1
120,3,746.40,44.46,28.37,75.86,0.7817,-1,-1,-1
120,4,395.27,144.63,45.53,103.72,0.5237,-1,-1,-1
120,5,83.93,104.14,44.59,104.15,0.8888,-1,-1,-1
120,7,58.62,125.69,43.48,102.20,0.9177,-1,-1,-1
120,9,19.67,159.72,40.32,107.61,0.9218,-1,-1,-1
121,1,740.29,21.27,39.96,99.49,1.0000,-1,-1,-1
121,2,404.42,141.28,40.76,101.82,1.0000,-1,-1,-1
121,3,746.46,44.04,28.19,75.70,0.8027,-1,-1,-1
121,4,399.18,144.83,45.42,103.46,1.0000,-1,-1,-1
121,5,85.91,103.25,44.26,104.64,0.8885,-1,-1,-1
121,7,60.83,125.34,43.86,102.22,0.8586,-1,-1,-1
121,9,22.34,160.29,41.76,107.47,0.9173,-1,-1,-1
122,1,741.23,20.27,40.04,99.68,1.0000,-1,-1,-1
122,2,407.90,141.08,40.74,101.77,1.0000,-1,-1,-1
122,3,746.42,43.59,28.17,75.61,0.8220,-1,-1,-1
122,4,395.96,144.84,45.63,103.61,0.5330,-1,-1,-1
122,5,87.64,102.38,43.90,105.50,0.8964,-1,-1,-1
122,7,62.71,124.90,43.92,102.49,0.8545,-1,-1,-1
122,9,24.27,160.62,42.95,107.43,0.9139,-1,-1,-1
123,1,742.17,19.27,40.12,99.87,1.0000,-1,-1,-1
123,2,411.38,140.88,40.72,101.72,1.0000,-1,-1,-1
123,3,746.21,43.18,28.19,75.52,0.8287,-1,-1,-1
123,4,398.43,144.88,45.34,104.00,0.7175,-1,-1,-1
123,5,89.87,101.84,43.63,106.56,0.9180,-1,-1,-1
123,7,64.60,124.39,43.77,102.90,0.8972,-1,-1,-1
123,9,25.62,160.40,43.90,107.94,0.9034,-1,-1,-1
124,1,743.11,18.26,40.19,100.06,1.0000,-1,-1,-1
124,2,414.85,140.68,40.70,101.67,1.0000,-1,-1,-1
124,3,746.10,42.70,28.09,75.51,0.7909,-1,-1,-1
124,4,400.79,144.74,44.94,104.10,0.8336,-1,-1,-1
124,5,93.10,101.24,43.24,107.01,0.9132,-1,-1,-1
124,7,66.45,124.06,43.20,103.16,0.8973,-1,-1,-1
124,9,26.56,160.11,44.56,108.53,0.9045,-1,-1,-1
125,1,744.05,17.26,40.27,100.25,1.0000,-1,-1,-1
125,2,418.33,140.47,40.68,101.62,1.0000,-1,-1,-1
125,3,746.20,42.37,27.69,74.56,0.8390,-1,-1,-1
125,4,404.81,145.33,45.37,105.02,0.8446,-1,-1,-1
125,5,97.35,100.97,43.08,107.11,0.9069,-1,-1,-1
125,7,68.46,124.17,42.55,103.28,0.9035,-1,-1,-1
125,9,27.31,159.28,45.10,109.54,0.8928,-1,-1,-1
126,1,720.02,38.01,22.85,54.86,0.5423,-1,-1,-1
126,2,421.81,140.27,40.66,101.58,1.0000,-1,-1,-1
126,3,746.10,41.88,27.90,75.59,0.8358,-1,-1,-1
126,4,408.38,143.73,46.72,107.23,0.8271,-1,-1,-1
126,5,102.86,101.15,43.46,106.79,0.9030,-1,-1,-1
126,7,70.85,123.96,42.15,104.17,0.9028,-1,-1,-1
126,9,28.27,158.80,45.77,111.54,0.9104,-1,-1,-1
127,1,719.75,37.15,23.02,54.71,0.6673,-1,-1,-1
127,2,425.28,140.07,40.64,101.53,1.0000,-1,-1,-1
127,3,745.69,41.02,28.13,76.70,0.8194,-1,-1,-1
127,4,411.01,144.74,46.68,106.03,0.8758,-1,-1,-1
127,5,107.71,101.25,44.27,106.90,0.9128,-1,-1,-1
127,7,73.88,124.20,41.85,105.06,0.8977,-1,-1,-1
127,9,29.74,158.63,46.21,113.51,0.9080,-1,-1,-1
128,1,719.47,36.43,23.14,54.76,0.6963,-1,-1,-1
128,2,428.76,139.87,40.62,101.48,1.0000,-1,-1,-1
128,3,745.42,40.31,28.14,77.21,0.8285,-1,-1,-1
128,4,412.63,144.86,46.63,105.68,0.8592,-1,-1,-1
128,5,111.44,101.01,45.12,107.05,0.9047,-1,-1,-1
128,7,78.49,124.60,41.95,105.73,0.8953,-1,-1,-1
128,9,32.30,158.89,46.62,115.08,0.9189,-1,-1,-1
129,1,719.13,35.36,23.19,55.00,0.7197,-1,-1,-1
129,2,432.24,139.67,40.60,101.43,1.0000,-1,-1,-1
129,3,745.54,39.84,27.69,76.11,0.8420,-1,-1,-1
129,4,415.20,144.86,46.61,105.81,0.8843,-1,-1,-1
129,5,114.23,101.45,45.65,107.03,0.9125,-1,-1,-1
129,7,84.12,124.72,42.43,105.78,0.8621,-1,-1,-1
129,9,36.48,159.51,47.09,116.03,0.9114,-1,-1,-1
130,1,718.76,34.44,23.13,55.10,0.6814,-1,-1,-1
130,2,435.71,139.46,40.58,101.38,1.0000,-1,-1,-1
130,3,745.70,39.56,27.19,74.76,0.8394,-1,-1,-1
130,4,419.02,145.18,46.29,105.30,0.8846,-1,-1,-1
130,5,116.80,101.64,46.00,107.08,0.9182,-1,-1,-1
130,7,89.05,125.09,42.66,104.44,0.8660,-1,-1,-1
130,9,41.25,160.36,48.23,116.99,0.9262,-1,-1,-1
131,1,718.42,33.44,23.24,55.75,0.6678,-1,-1,-1
131,2,439.19,139.26,40.56,101.34,1.0000,-1,-1,-1
131,3,745.75,38.65,26.76,73.75,0.7912,-1,-1,-1
131,4,424.54,144.91,46.14,105.71,0.8168,-1,-1,-1
131,5,118.98,101.50,45.87,106.64,0.9203,-1,-1,-1
131,7,92.86,125.84,42.98,103.05,0.8823,-1,-1,-1
131,9,45.65,161.69,48.76,115.75,0.9060,-1,-1,-1
132,1,718.41,32.55,23.26,55.95,0.6403,-1,-1,-1
132,2,442.67,139.06,40.54,101.29,1.0000,-1,-1,-1
132,3,745.55,37.73,26.60,73.43,0.7898,-1,-1,-1
132,4,429.69,144.33,46.36,106.50,0.8413,-1,-1,-1
132,5,120.99,101.67,45.54,106.42,0.9118,-1,-1,-1
132,7,95.98,126.54,43.98,103.47,0.9001,-1,-1,-1
132,9,49.31,162.84,49.46,114.91,0.9098,-1,-1,-1
133,1,718.14,31.93,23.40,56.45,0.6535,-1,-1,-1
133,2,446.14,138.86,40.52,101.24,1.0000,-1,-1,-1
133,3,745.33,36.75,26.54,73.38,0.7495,-1,-1,-1
133,4,432.86,143.78,46.58,106.56,0.8128,-1,-1,-1
133,5,122.49,101.51,45.01,106.37,0.8849,-1,-1,-1
133,7,97.78,127.08,44.27,103.01,0.8935,-1,-1,-1
133,9,52.55,164.04,50.40,114.78,0.9123,-1,-1,-1
134,1,717.80,31.63,23.36,56.39,0.6478,-1,-1,-1
134,2,449.62,138.66,40.50,101.19,1.0000,-1,-1,-1
134,3,745.10,35.78,26.56,73.59,0.7390,-1,-1,-1
134,4,433.97,143.56,47.17,106.89,0.8278,-1,-1,-1
134,5,124.02,101.18,44.59,107.28,0.8743,-1,-1,-1
134,7,100.47,127.57,44.47,102.33,0.8800,-1,-1,-1
134,9,55.05,164.93,51.15,114.47,0.9243,-1,-1,-1
135,1,717.51,31.28,23.57,56.86,0.6982,-1,-1,-1
135,2,453.10,138.46,40.49,101.14,1.0000,-1,-1,-1
135,3,744.99,35.36,26.46,73.45,0.7301,-1,-1,-1
135,4,435.79,143.51,47.73,107.14,0.7681,-1,-1,-1
135,5,125.26,100.40,44.14,108.70,0.8946,-1,-1,-1
135,7,102.55,127.28,44.37,102.62,0.8816,-1,-1,-1
135,9,56.99,165.42,51.53,114.23,0.9276,-1,-1,-1
136,1,717.29,31.14,23.58,56.86,0.6717,-1,-1,-1
136,2,456.57,138.25,40.47,101.09,1.0000,-1,-1,-1
136,3,744.86,35.37,26.09,72.65,0.7449,-1,-1,-1
136,4,439.76,142.94,47.54,107.39,0.7632,-1,-1,-1
136,5,127.97,100.32,43.15,108.70,0.9005,-1,-1,-1
136,7,104.21,126.75,44.11,103.33,0.8701,-1,-1,-1
136,9,58.80,165.79,51.57,113.91,0.9217,-1,-1,-1
137,1,717.16,31.09,23.49,56.64,0.6663,-1,-1,-1
137,2,460.05,138.05,40.45,101.05,1.0000,-1,-1,-1
137,3,744.78,35.53,25.76,71.97,0.7466,-1,-1,-1
137,4,443.24,142.77,47.21,107.25,0.8263,-1,-1,-1
137,5,131.88,101.82,42.05,107.43,0.9024,-1,-1,-1
137,7,106.26,125.78,43.88,104.60,0.8896,-1,-1,-1
137,9,60.36,165.62,51.46,114.03,0.9188,-1,-1,-1
138,1,717.03,30.82,23.31,56.09,0.7113,-1,-1,-1
138,2,463.53,137.85,40.43,101.00,1.0000,-1,-1,-1
138,3,744.48,35.15,25.62,71.82,0.7346,-1,-1,-1
138,4,445.66,143.00,46.77,106.36,0.8512,-1,-1,-1
138,5,136.89,101.98,42.37,108.34,0.8787,-1,-1,-1
138,7,109.12,124.81,43.38,105.21,0.8923,-1,-1,-1
138,9,61.92,165.24,51.11,114.27,0.8990,-1,-1,-1
139,1,716.81,30.28,23.49,56.51,0.7322,-1,-1,-1
139,2,467.00,137.65,40.41,100.95,1.0000,-1,-1,-1
139,3,744.52,35.04,25.15,70.50,0.7565,-1,-1,-1
139,4,447.02,142.87,46.94,106.48,0.8412,-1,-1,-1
139,5,142.61,101.97,43.19,108.85,0.9013,-1,-1,-1
139,7,112.38,124.48,42.81,105.56,0.9081,-1,-1,-1
139,9,63.48,164.46,50.61,114.76,0.8900,-1,-1,-1
140,1,716.65,29.56,23.72,57.09,0.7381,-1,-1,-1
140,2,470.48,137.45,40.39,100.90,1.0000,-1,-1,-1
140,3,744.05,34.44,25.35,71.16,0.7371,-1,-1,-1
140,4,448.36,142.84,47.16,106.38,0.8624,-1,-1,-1
140,5,147.10,101.90,44.03,109.06,0.8924,-1,-1,-1
140,7,115.73,123.70,42.33,106.19,0.8983,-1,-1,-1
140,9,66.03,164.07,50.12,115.32,0.9039,-1,-1,-1
141,1,716.31,28.86,24.03,57.96,0.7534,-1,-1,-1
141,2,473.96,137.25,40.37,100.85,1.0000,-1,-1,-1
141,3,743.66,33.37,25.88,72.69,0.7453,-1,-1,-1
141,4,450.13,143.09,46.78,105.46,0.7663,-1,-1,-1
141,5,150.86,102.51,44.69,109.03,0.8475,-1,-1,-1
141,7,119.38,123.98,41.70,105.70,0.8888,-1,-1,-1
141,9,70.48,164.00,49.90,115.64,0.9189,-1,-1,-1
142,1,715.86,28.03,24.37,58.96,0.7350,-1,-1,-1
142,2,477.43,137.04,40.35,100.81,1.0000,-1,-1,-1
142,3,743.32,32.47,25.96,73.12,0.8048,-1,-1,-1
142,4,453.28,143.25,46.02,104.68,0.7573,-1,-1,-1
142,5,154.72,102.68,45.03,108.10,0.8681,-1,-1,-1
142,7,125.50,124.71,42.01,105.23,0.8265,-1,-1,-1
142,9,75.85,164.69,50.11,115.45,0.9236,-1,-1,-1
143,1,715.37,26.88,24.73,60.06,0.7722,-1,-1,-1
143,2,480.91,136.84,40.33,100.76,1.0000,-1,-1,-1
143,3,743.21,31.92,25.60,72.04,0.8249,-1,-1,-1
143,4,458.02,143.94,44.15,102.54,0.8192,-1,-1,-1
143,5,156.94,102.67,45.11,107.39,0.8925,-1,-1,-1
143,7,132.17,124.92,43.06,104.95,0.9024,-1,-1,-1
143,9,81.95,165.39,51.01,115.46,0.9300,-1,-1,-1
144,1,714.63,25.62,25.24,61.45,0.8325,-1,-1,-1
144,2,484.39,136.64,40.31,100.71,1.0000,-1,-1,-1
144,3,742.48,30.63,25.33,71.00,0.8355,-1,-1,-1
144,4,466.35,143.78,42.47,102.05,0.8398,-1,-1,-1
144,5,159.91,102.10,44.92,107.89,0.9016,-1,-1,-1
144,7,136.99,125.98,44.29,104.35,0.8999,-1,-1,-1
144,9,89.44,166.84,51.74,115.11,0.9137,-1,-1,-1
145,1,713.93,24.89,25.55,62.28,0.8452,-1,-1,-1
145,2,487.86,136.44,40.29,100.66,1.0000,-1,-1,-1
145,3,741.79,29.73,25.43,70.85,0.8363,-1,-1,-1
145,4,471.58,143.38,41.34,102.25,0.8159,-1,-1,-1
145,5,161.89,101.68,44.43,108.25,0.8997,-1,-1,-1
145,7,138.57,125.96,45.63,104.56,0.8913,-1,-1,-1
145,9,93.29,167.58,52.30,115.10,0.9152,-1,-1,-1
146,1,713.23,24.47,25.57,62.43,0.8528,-1,-1,-1
146,2,491.34,136.24,40.27,100.61,1.0000,-1,-1,-1
146,3,740.88,29.79,25.44,70.22,0.8539,-1,-1,-1
146,4,475.69,142.39,40.81,103.19,0.8282,-1,-1,-1
146,5,163.77,100.98,43.80,108.98,0.8874,-1,-1,-1
146,7,140.54,125.21,46.43,104.87,0.8742,-1,-1,-1
146,9,96.34,167.78,52.75,115.04,0.9191,-1,-1,-1
147,1,712.57,24.16,25.62,62.46,0.8631,-1,-1,-1
147,2,494.82,136.04,40.25,100.56,1.0000,-1,-1,-1
147,3,739.85,28.84,25.72,70.45,0.8700,-1,-1,-1
147,4,479.17,142.65,40.09,102.44,0.8589,-1,-1,-1
147,5,166.82,99.88,43.58,110.68,0.8908,-1,-1,-1
147,7,142.83,124.56,46.54,105.24,0.8375,-1,-1,-1
147,9,98.69,167.69,53.28,115.05,0.9263,-1,-1,-1
148,1,711.83,23.94,25.70,62.63,0.8732,-1,-1,-1
148,2,498.29,135.83,40.24,100.52,1.0000,-1,-1,-1
148,3,738.58,28.58,26.02,70.14,0.8608,-1,-1,-1
148,4,482.86,142.46,40.99,103.57,0.8420,-1,-1,-1
148,5,170.21,98.96,43.05,111.42,0.9027,-1,-1,-1
148,7,145.69,123.98,45.89,104.87,0.8724,-1,-1,-1
148,9,100.89,167.46,53.33,115.29,0.9052,-1,-1,-1
149,1,711.36,23.89,25.55,62.15,0.8869,-1,-1,-1
149,2,501.77,135.63,40.22,100.47,1.0000,-1,-1,-1
149,3,737.32,28.50,26.13,69.29,0.8453,-1,-1,-1
149,4,485.31,143.04,41.42,102.76,0.8735,-1,-1,-1
149,5,174.82,99.14,42.00,109.87,0.8972,-1,-1,-1
149,7,148.72,123.75,45.19,104.86,0.8838,-1,-1,-1
149,9,103.40,167.18,53.01,115.64,0.8974,-1,-1,-1
150,1,710.97,23.87,25.46,61.82,0.8879,-1,-1,-1
150,2,505.25,135.43,40.20,100.42,1.0000,-1,-1,-1
150,3,736.09,27.71,26.59,69.64,0.8321,-1,-1,-1
150,4,487.05,143.34,41.96,101.58,0.9011,-1,-1,-1
150,5,180.05,98.91,41.96,109.54,0.9042,-1,-1,-1
150,7,151.16,123.63,44.46,105.45,0.9051,-1,-1,-1
150,9,105.47,166.78,52.46,116.32,0.8776,-1,-1,-1
151,1,710.87,23.84,25.29,61.58,0.8892,-1,-1,-1
151,2,508.72,135.23,40.18,100.37,1.0000,-1,-1,-1
151,3,735.15,27.33,27.02,69.93,0.8268,-1,-1,-1
151,4,488.36,143.54,42.88,101.07,0.8781,-1,-1,-1
151,5,186.40,98.68,42.74,109.24,0.9029,-1,-1,-1
151,7,154.07,123.53,43.74,105.97,0.8888,-1,-1,-1
151,9,106.99,166.13,52.06,117.86,0.8745,-1,-1,-1
152,1,710.55,23.28,25.31,61.99,0.8743,-1,-1,-1
152,2,512.20,135.03,40.16,100.32,1.0000,-1,-1,-1
152,3,734.45,26.97,27.24,69.82,0.8236,-1,-1,-1
152,4,489.29,143.33,43.90,101.18,0.8267,-1,-1,-1
152,5,191.50,99.06,43.53,108.31,0.8950,-1,-1,-1
152,7,157.20,122.97,43.70,108.09,0.8810,-1,-1,-1
152,9,109.80,165.65,51.83,120.15,0.9024,-1,-1,-1
153,1,710.14,22.56,25.50,62.95,0.8575,-1,-1,-1
153,2,515.68,134.83,40.14,100.27,1.0000,-1,-1,-1
153,3,733.65,26.29,27.41,69.95,0.7870,-1,-1,-1
153,4,490.34,143.57,44.29,100.89,0.7640,-1,-1,-1
153,5,195.57,99.46,43.81,106.25,0.8946,-1,-1,-1
153,7,161.77,123.66,43.49,108.46,0.8865,-1,-1,-1
153,9,113.50,165.82,51.63,122.08,0.9047,-1,-1,-1
154,1,709.71,21.64,25.46,63.49,0.8732,-1,-1,-1
154,2,519.15,134.62,40.12,100.23,1.0000,-1,-1,-1
154,3,733.05,26.06,27.47,69.74,0.7878,-1,-1,-1
154,4,491.98,143.26,44.71,101.23,0.7082,-1,-1,-1
154,5,198.61,99.91,44.44,105.70,0.8932,-1,-1,-1
154,7,167.41,124.28,44.07,109.12,0.8917,-1,-1,-1
154,9,118.98,166.06,51.77,123.31,0.9087,-1,-1,-1
155,1,709.30,20.50,25.53,64.46,0.8775,-1,-1,-1
155,2,522.63,134.42,40.10,100.18,1.0000,-1,-1,-1
155,3,732.28,25.73,27.44,69.46,0.8004,-1,-1,-1
155,4,496.98,142.94,44.25,101.32,0.6407,-1,-1,-1
155,5,201.43,99.96,44.75,105.12,0.8974,-1,-1,-1
155,7,172.61,124.71,44.64,108.55,0.9013,-1,-1,-1
155,9,125.05,167.01,51.49,121.96,0.9107,-1,-1,-1
156,1,708.97,19.49,25.54,65.39,0.8368,-1,-1,-1
156,2,526.11,134.22,40.08,100.13,1.0000,-1,-1,-1
156,3,731.68,25.33,27.13,68.56,0.7859,-1,-1,-1
156,4,501.97,142.52,43.68,101.81,0.6763,-1,-1,-1
156,5,203.50,99.57,44.77,105.27,0.8833,-1,-1,-1
156,7,176.44,125.42,45.28,107.58,0.9001,-1,-1,-1
156,9,129.88,167.55,51.30,120.49,0.9104,-1,-1,-1
157,1,708.76,18.32,25.51,66.23,0.8266,-1,-1,-1
157,2,529.58,134.02,40.06,100.08,1.0000,-1,-1,-1
157,3,731.62,24.86,26.79,67.74,0.7546,-1,-1,-1
157,4,507.24,142.49,42.53,101.81,0.7660,-1,-1,-1
157,5,204.76,98.86,44.43,105.63,0.8941,-1,-1,-1
157,7,179.15,126.14,46.16,107.49,0.8947,-1,-1,-1
157,9,135.09,168.16,51.45,119.17,0.9085,-1,-1,-1
158,1,708.67,17.41,25.09,65.95,0.8385,-1,-1,-1
158,2,533.06,133.82,40.04,100.03,1.0000,-1,-1,-1
158,3,731.49,24.55,26.48,66.94,0.6686,-1,-1,-1
158,4,510.15,142.22,41.72,102.11,0.8160,-1,-1,-1
158,5,206.46,98.57,43.61,105.63,0.8777,-1,-1,-1
158,7,180.53,126.65,46.73,107.10,0.9010,-1,-1,-1
158,9,139.57,169.22,52.14,118.40,0.9158,-1,-1,-1
159,1,708.76,16.58,24.59,65.39,0.7752,-1,-1,-1
159,2,536.54,133.62,40.02,99.99,1.0000,-1,-1,-1
159,3,731.47,24.23,26.03,65.79,0.5872,-1,-1,-1
159,4,515.14,142.26,40.33,101.38,0.7434,-1,-1,-1
159,5,208.41,97.60,43.12,107.03,0.9028,-1,-1,-1
159,7,182.84,126.53,46.87,107.00,0.8923,-1,-1,-1
159,9,142.95,170.16,53.00,117.82,0.9293,-1,-1,-1
160,1,708.62,15.94,24.39,65.54,0.7736,-1,-1,-1
160,2,540.01,133.41,40.00,99.94,1.0000,-1,-1,-1
160,3,731.01,23.78,25.86,65.35,1.0000,-1,-1,-1
160,4,518.22,141.34,39.73,101.71,0.8717,-1,-1,-1
160,5,210.86,96.83,42.99,109.37,0.8878,-1,-1,-1
160,7,185.91,126.01,46.61,107.57,0.8651,-1,-1,-1
160,9,145.18,170.54,54.06,118.07,0.9363,-1,-1,-1
161,1,708.39,15.59,24.14,65.49,0.7859,-1,-1,-1
161,2,543.49,133.21,39.99,99.89,1.0000,-1,-1,-1
161,3,730.56,23.34,25.68,64.90,1.0000,-1,-1,-1
161,4,520.66,140.99,39.47,101.60,0.8524,-1,-1,-1
161,5,214.46,96.70,42.36,110.17,0.8999,-1,-1,-1
161,7,188.86,125.93,45.56,107.40,0.8499,-1,-1,-1
161,9,148.14,170.57,54.54,118.38,0.9213,-1,-1,-1
162,1,708.18,15.48,23.85,65.30,0.7815,-1,-1,-1
162,2,546.97,133.01,39.97,99.84,1.0000,-1,-1,-1
162,3,730.10,22.89,25.51,64.45,1.0000,-1,-1,-1
162,4,523.96,140.93,39.53,101.08,0.8559,-1,-1,-1
162,5,219.14,96.86,41.81,110.19,0.9177,-1,-1,-1
162,7,191.83,125.14,44.69,108.15,0.8972,-1,-1,-1
162,9,151.79,170.41,54.21,118.59,0.8979,-1,-1,-1
163,1,707.99,15.44,23.76,65.68,0.8046,-1,-1,-1
163,2,550.44,132.81,39.95,99.79,1.0000,-1,-1,-1
163,3,729.65,22.45,25.33,64.01,1.0000,-1,-1,-1
163,4,526.65,140.76,40.08,100.75,0.8887,-1,-1,-1
163,5,225.23,97.50,42.21,110.36,0.9023,-1,-1,-1
163,7,195.35,124.36,43.88,109.05,0.8807,-1,-1,-1
163,9,154.86,169.90,53.40,118.95,0.8894,-1,-1,-1
164,1,707.87,15.51,23.54,65.53,0.8169,-1,-1,-1
164,2,553.92,132.61,39.93,99.74,1.0000,-1,-1,-1
164,3,729.19,22.01,25.15,63.56,1.0000,-1,-1,-1
164,4,528.99,140.31,41.12,101.48,0.8753,-1,-1,-1
164,5,230.99,98.05,42.77,109.95,0.9065,-1,-1,-1
164,7,199.28,123.73,42.78,109.23,0.8665,-1,-1,-1
164,9,157.56,169.21,52.19,119.15,0.8843,-1,-1,-1
165,1,707.62,15.45,23.48,65.77,0.7976,-1,-1,-1
165,2,557.40,132.40,39.91,99.70,1.0000,-1,-1,-1
165,3,728.74,21.56,24.98,63.12,1.0000,-1,-1,-1
165,4,530.62,139.67,42.12,101.92,0.7871,-1,-1,-1
165,5,236.16,98.78,43.29,108.95,0.8905,-1,-1,-1
165,7,203.44,123.63,41.90,109.42,0.8980,-1,-1,-1
165,9,161.19,168.58,51.40,120.29,0.8894,-1,-1,-1
166,1,707.35,14.89,23.39,65.94,0.7685,-1,-1,-1
166,2,560.87,132.20,39.89,99.65,1.0000,-1,-1,-1
166,3,729.31,20.14,25.44,65.09,0.5439,-1,-1,-1
166,4,532.54,140.47,42.22,99.78,0.5079,-1,-1,-1
166,5,239.54,99.25,43.66,108.32,0.8896,-1,-1,-1
166,7,207.86,124.02,41.13,109.07,0.8828,-1,-1,-1
166,9,166.22,168.26,50.73,120.59,0.8795,-1,-1,-1
167,1,707.03,14.64,23.48,66.51,0.7963,-1,-1,-1
167,2,564.35,132.00,39.87,99.60,1.0000,-1,-1,-1
167,3,729.00,19.58,25.34,65.38,0.5857,-1,-1,-1
167,4,535.48,140.33,42.13,99.55,1.0000,-1,-1,-1
167,5,243.02,99.79,44.23,108.44,0.8960,-1,-1,-1
167,7,214.04,124.29,41.14,107.90,0.8196,-1,-1,-1
167,9,173.71,168.29,50.71,120.31,0.9018,-1,-1,-1
168,1,706.56,13.28,23.34,66.24,0.8484,-1,-1,-1
168,2,567.83,131.80,39.85,99.55,1.0000,-1,-1,-1
168,3,728.01,18.09,25.63,66.73,0.7017,-1,-1,-1
168,4,534.90,138.30,44.35,102.11,0.6661,-1,-1,-1
168,5,246.89,99.56,44.25,109.14,0.9001,-1,-1,-1
168,7,221.71,124.85,42.55,106.68,0.8591,-1,-1,-1
168,9,183.95,169.00,51.95,120.17,0.9095,-1,-1,-1
169,1,706.26,12.45,23.21,65.91,0.8490,-1,-1,-1
169,2,571.30,131.60,39.83,99.50,1.0000,-1,-1,-1
169,3,727.64,17.01,25.37,66.41,0.7527,-1,-1,-1
169,4,537.52,137.96,44.38,102.18,1.0000,-1,-1,-1
169,5,249.39,99.41,43.62,109.40,0.8840,-1,-1,-1
169,7,225.28,124.41,44.15,106.34,0.8806,-1,-1,-1
169,9,188.73,169.55,53.53,119.84,0.8994,-1,-1,-1
170,1,705.89,11.48,23.23,66.08,0.8437,-1,-1,-1
170,2,574.78,131.40,39.81,99.45,1.0000,-1,-1,-1
170,3,727.51,15.84,25.06,65.86,0.7741,-1,-1,-1
170,4,540.14,137.62,44.41,102.25,1.0000,-1,-1,-1
170,5,251.59,99.20,42.62,109.64,0.8488,-1,-1,-1
170,7,228.68,124.82,44.48,104.48,0.8448,-1,-1,-1
170,9,190.65,170.31,54.78,119.05,0.9050,-1,-1,-1
171,1,705.39,10.73,23.15,66.06,0.8562,-1,-1,-1
171,2,578.26,131.19,39.79,99.41,1.0000,-1,-1,-1
171,3,727.09,14.90,24.99,66.04,0.8238,-1,-1,-1
171,4,551.16,137.02,43.21,102.07,0.8185,-1,-1,-1
171,5,254.13,97.86,42.07,111.23,0.8513,-1,-1,-1
171,7,231.71,123.96,44.87,104.94,0.8033,-1,-1,-1
171,9,193.05,170.77,55.91,118.56,0.9098,-1,-1,-1
172,1,704.83,10.02,23.40,67.03,0.8536,-1,-1,-1
172,2,581.73,130.99,39.77,99.36,1.0000,-1,-1,-1
172,3,726.37,14.20,25.09,66.46,0.8237,-1,-1,-1
172,4,554.34,136.71,42.65,101.82,0.8607,-1,-1,-1
172,5,257.76,97.17,41.38,111.94,0.8690,-1,-1,-1
172,7,236.07,123.58,44.14,104.72,0.8274,-1,-1,-1
172,9,195.23,170.91,56.77,118.36,0.8953,-1,-1,-1
173,1,704.18,9.81,23.53,67.38,0.8512,-1,-1,-1
173,2,585.21,130.79,39.75,99.31,1.0000,-1,-1,-1
173,3,725.53,13.77,25.18,66.67,0.8069,-1,-1,-1
173,4,557.52,137.18,42.80,101.98,0.8832,-1,-1,-1
173,5,261.84,96.58,40.50,111.88,0.9198,-1,-1,-1
173,7,239.05,122.20,43.73,105.89,0.8584,-1,-1,-1
173,9,198.50,170.53,56.86,118.40,0.8893,-1,-1,-1
174,1,703.54,9.75,23.33,66.42,0.8566,-1,-1,-1
174,2,588.69,130.59,39.73,99.26,1.0000,-1,-1,-1
174,3,724.49,13.41,25.32,66.74,0.7775,-1,-1,-1
174,4,560.11,138.02,42.77,101.14,0.8499,-1,-1,-1
174,5,266.58,96.24,39.88,111.52,0.8907,-1,-1,-1
174,7,241.25,120.89,43.34,107.71,0.8689,-1,-1,-1
174,9,202.21,170.04,56.39,118.82,0.8695,-1,-1,-1
175,1,703.14,9.83,23.10,65.36,0.8431,-1,-1,-1
175,2,592.16,130.39,39.72,99.21,1.0000,-1,-1,-1
175,3,723.73,13.18,25.35,66.50,0.7314,-1,-1,-1
175,4,561.90,138.29,43.25,101.09,0.8350,-1,-1,-1
175,5,273.29,96.51,40.23,110.83,0.8921,-1,-1,-1
175,7,244.61,120.88,41.99,107.41,0.6817,-1,-1,-1
175,9,206.50,169.53,55.29,119.54,0.8416,-1,-1,-1
176,1,702.66,9.85,23.02,64.76,0.8419,-1,-1,-1
176,2,595.64,130.19,39.70,99.17,1.0000,-1,-1,-1
176,3,722.93,13.17,25.31,66.19,0.6942,-1,-1,-1
176,4,562.78,138.72,43.42,100.76,0.8281,-1,-1,-1
176,5,279.31,96.94,40.84,110.09,0.8568,-1,-1,-1
176,7,248.65,120.21,41.32,108.45,0.8530,-1,-1,-1
176,9,209.47,169.02,54.23,121.22,0.8365,-1,-1,-1
177,1,702.52,9.71,23.01,64.62,0.8451,-1,-1,-1
177,2,599.12,129.98,39.68,99.12,1.0000,-1,-1,-1
177,3,722.22,13.34,25.17,65.53,0.7084,-1,-1,-1
177,4,564.51,138.97,43.59,100.45,0.8479,-1,-1,-1
177,5,283.65,97.41,41.21,108.28,0.8705,-1,-1,-1
177,7,252.73,120.18,40.89,109.68,0.8830,-1,-1,-1
177,9,213.47,168.78,53.38,123.10,0.8625,-1,-1,-1
178,1,702.12,8.98,23.20,65.11,0.8255,-1,-1,-1
178,2,602.59,129.78,39.66,99.07,1.0000,-1,-1,-1
178,3,721.62,12.88,25.08,65.09,0.6789,-1,-1,-1
178,4,566.84,138.14,43.82,100.98,0.7782,-1,-1,-1
178,5,286.78,97.71,41.76,108.15,0.8817,-1,-1,-1
178,7,257.64,120.93,40.57,109.87,0.8655,-1,-1,-1
178,9,218.72,169.12,52.61,124.46,0.8879,-1,-1,-1
179,1,701.71,8.39,23.27,65.51,0.8366,-1,-1,-1
179,2,606.07,129.58,39.64,99.02,1.0000,-1,-1,-1
179,3,721.42,12.33,25.02,65.09,0.6968,-1,-1,-1
179,4,569.20,133.53,45.34,105.34,0.5005,-1,-1,-1
179,5,289.76,97.94,42.05,108.17,0.8465,-1,-1,-1
179,7,263.46,120.79,41.20,110.50,0.8816,-1,-1,-1
179,9,225.03,169.32,53.08,126.87,0.8786,-1,-1,-1
180,1,701.43,7.70,23.22,65.75,0.8353,-1,-1,-1
180,2,609.55,129.38,39.62,98.97,1.0000,-1,-1,-1
180,3,720.63,11.83,25.09,65.47,0.6914,-1,-1,-1
180,4,566.59,119.98,50.62,117.88,0.5099,-1,-1,-1
180,5,291.70,97.28,42.09,108.92,0.8796,-1,-1,-1
180,7,269.12,121.11,41.97,109.73,0.8791,-1,-1,-1
180,9,232.05,170.08,53.55,126.77,0.9119,-1,-1,-1
181,1,701.25,6.77,23.05,65.72,0.8416,-1,-1,-1
181,2,613.02,129.18,39.60,98.92,1.0000,-1,-1,-1
181,3,720.02,10.86,25.14,65.82,0.6903,-1,-1,-1
181,4,566.57,114.76,52.68,121.92,0.5400,-1,-1,-1
181,5,293.53,96.97,41.47,109.37,0.8613,-1,-1,-1
181,7,273.45,121.50,42.67,108.51,0.8797,-1,-1,-1
181,9,237.54,171.57,53.55,124.85,0.8896,-1,-1,-1
182,1,700.79,5.55,23.03,66.37,0.8549,-1,-1,-1
182,2,616.50,128.98,39.58,98.88,1.0000,-1,-1,-1
182,3,719.54,9.73,25.02,65.58,0.7153,-1,-1,-1
182,4,567.81,112.87,53.62,123.08,0.8319,-1,-1,-1
182,5,295.83,96.38,40.69,109.98,0.8488,-1,-1,-1
182,7,277.21,121.85,43.22,107.73,0.8651,-1,-1,-1
182,9,241.88,173.45,53.73,122.34,0.8844,-1,-1,-1
183,1,700.68,5.06,22.69,65.99,0.8720,-1,-1,-1
183,2,619.98,128.77,39.56,98.83,1.0000,-1,-1,-1
183,3,719.29,8.84,24.67,64.93,0.7603,-1,-1,-1
183,4,570.14,112.12,54.43,124.40,0.8628,-1,-1,-1
183,5,297.77,95.82,40.05,111.62,0.7015,-1,-1,-1
183,7,280.19,122.48,43.34,106.87,0.8366,-1,-1,-1
183,9,244.51,174.83,54.65,121.29,0.8977,-1,-1,-1
184,1,700.48,4.54,22.44,65.91,0.8600,-1,-1,-1
184,2,623.45,128.57,39.54,98.78,1.0000,-1,-1,-1
184,3,718.93,8.16,24.50,64.48,0.7925,-1,-1,-1
184,4,572.92,111.92,54.31,124.03,0.7590,-1,-1,-1
184,5,301.41,95.13,39.40,112.85,0.7631,-1,-1,-1
184,7,282.86,122.67,43.17,106.92,0.8562,-1,-1,-1
184,9,247.01,174.81,56.79,123.09,0.9151,-1,-1,-1
185,1,700.31,4.12,22.29,66.05,0.8500,-1,-1,-1
185,2,626.93,128.37,39.52,98.73,1.0000,-1,-1,-1
185,3,718.49,7.75,24.37,64.18,0.7889,-1,-1,-1
185,4,577.46,112.49,53.72,123.77,0.5169,-1,-1,-1
185,5,305.63,95.03,38.56,113.02,0.8046,-1,-1,-1
185,7,285.72,123.24,42.20,106.41,0.7744,-1,-1,-1
185,9,248.81,175.53,57.98,123.33,0.9163,-1,-1,-1
186,1,700.10,3.83,22.11,65.97,0.8557,-1,-1,-1
186,2,630.41,128.17,39.50,98.68,1.0000,-1,-1,-1
186,3,718.42,7.41,24.13,63.60,0.7831,-1,-1,-1
186,4,583.44,114.19,52.13,122.45,0.7890,-1,-1,-1
186,5,310.10,94.68,38.03,113.33,0.8575,-1,-1,-1
186,7,288.64,122.06,41.65,107.73,0.7669,-1,-1,-1
186,9,252.22,175.84,58.26,123.37,0.9036,-1,-1,-1
187,1,699.88,3.69,21.96,66.03,0.8334,-1,-1,-1
187,2,633.88,127.97,39.48,98.63,1.0000,-1,-1,-1
187,3,718.15,6.96,24.11,63.80,0.7958,-1,-1,-1
187,4,589.11,119.89,49.10,116.79,0.8659,-1,-1,-1
187,5,316.19,95.04,38.16,113.21,0.8669,-1,-1,-1
187,7,291.56,120.67,40.59,108.30,0.7492,-1,-1,-1
187,9,256.24,175.60,57.86,123.64,0.8854,-1,-1,-1
188,1,699.69,3.81,21.79,65.91,0.8261,-1,-1,-1
188,2,637.36,127.77,39.47,98.59,1.0000,-1,-1,-1
188,3,717.87,6.96,24.04,63.83,0.7971,-1,-1,-1
188,4,593.67,127.47,45.74,109.33,0.8615,-1,-1,-1
188,5,322.60,95.80,38.59,112.41,0.8453,-1,-1,-1
188,7,295.20,119.64,39.31,108.09,0.7199,-1,-1,-1
188,9,260.33,175.05,56.95,124.44,0.8737,-1,-1,-1
189,1,699.64,3.89,21.59,65.66,0.8319,-1,-1,-1
189,2,640.84,127.56,39.45,98.54,1.0000,-1,-1,-1
189,3,717.50,7.04,23.80,63.53,0.8001,-1,-1,-1
189,4,597.50,131.21,44.05,105.42,0.8225,-1,-1,-1
189,5,328.11,96.23,39.03,110.86,0.8639,-1,-1,-1
189,7,299.70,118.68,38.88,109.36,0.8206,-1,-1,-1
189,9,265.00,174.53,55.12,124.64,0.8228,-1,-1,-1
190,1,699.36,3.74,21.41,65.33,0.8323,-1,-1,-1
190,2,644.31,127.36,39.43,98.49,1.0000,-1,-1,-1
190,3,717.05,7.09,23.63,63.34,0.7847,-1,-1,-1
190,4,602.31,133.83,42.27,101.22,0.8101,-1,-1,-1
190,5,332.31,96.39,39.48,110.11,0.8659,-1,-1,-1
190,7,303.91,118.03,38.72,111.06,0.8516,-1,-1,-1
190,9,269.97,173.93,53.49,125.27,0.8392,-1,-1,-1
191,1,699.07,3.51,21.28,64.95,0.8342,-1,-1,-1
191,2,647.79,127.16,39.41,98.44,1.0000,-1,-1,-1
191,3,716.73,6.88,23.54,63.35,0.7689,-1,-1,-1
191,4,607.88,134.97,40.94,97.97,0.8184,-1,-1,-1
191,5,335.82,96.66,40.31,110.63,0.8671,-1,-1,-1
191,7,308.64,118.14,38.36,110.97,0.8020,-1,-1,-1
191,9,275.44,173.79,51.98,125.27,0.8718,-1,-1,-1
192,1,698.70,2.46,21.37,65.13,0.8452,-1,-1,-1
192,2,651.27,126.96,39.39,98.39,1.0000,-1,-1,-1
192,3,716.79,5.77,23.54,63.77,0.7269,-1,-1,-1
192,4,613.18,137.27,40.32,94.92,0.7307,-1,-1,-1
192,5,339.19,96.83,39.87,110.83,0.8222,-1,-1,-1
192,7,318.17,119.09,39.11,109.25,0.8358,-1,-1,-1
192,9,286.77,174.76,52.54,125.15,0.8735,-1,-1,-1
193,1,698.46,1.74,21.24,64.44,0.8411,-1,-1,-1
193,2,654.74,126.76,39.37,98.35,1.0000,-1,-1,-1
193,3,717.01,4.97,23.33,63.48,0.7655,-1,-1,-1
193,4,615.59,137.30,41.41,95.32,0.5947,-1,-1,-1
193,5,341.71,96.33,39.50,111.69,0.7915,-1,-1,-1
193,7,325.46,118.72,40.05,108.11,0.8076,-1,-1,-1
193,9,292.19,176.08,53.31,124.54,0.8800,-1,-1,-1
194,1,698.05,1.12,21.12,63.84,0.8418,-1,-1,-1
194,2,658.22,126.55,39.35,98.30,1.0000,-1,-1,-1
194,3,717.15,4.31,23.13,63.00,0.8176,-1,-1,-1
194,4,619.35,138.27,40.79,93.90,1.0000,-1,-1,-1
194,5,343.73,95.54,38.82,111.96,0.7501,-1,-1,-1
194,7,330.14,119.34,41.00,108.15,0.8210,-1,-1,-1
194,9,296.20,177.27,54.84,124.32,0.9111,-1,-1,-1
195,1,697.68,0.45,20.92,62.76,0.8445,-1,-1,-1
195,2,661.70,126.35,39.33,98.25,1.0000,-1,-1,-1
195,3,717.25,3.64,22.93,62.35,0.8292,-1,-1,-1
195,4,621.45,140.01,40.91,91.28,0.5786,-1,-1,-1
195,5,345.99,94.70,38.07,112.91,0.5142,-1,-1,-1
195,7,333.91,119.46,41.24,107.86,0.7920,-1,-1,-1
195,9,298.00,178.17,56.26,124.27,0.9209,-1,-1,-1
196,1,697.34,0.19,20.84,61.97,0.8500,-1,-1,-1
196,2,665.17,126.15,39.31,98.20,1.0000,-1,-1,-1
196,3,717.10,3.05,22.81,62.11,0.8510,-1,-1,-1
196,4,626.15,142.04,40.74,90.25,0.7180,-1,-1,-1
196,5,349.38,94.52,38.14,113.11,1.0000,-1,-1,-1
196,7,337.38,119.30,41.24,107.53,0.6152,-1,-1,-1
196,9,299.50,178.22,57.39,124.31,0.9064,-1,-1,-1
197,1,696.96,0.15,20.82,61.45,0.8394,-1,-1,-1
197,3,716.81,2.53,22.79,62.13,0.8474,-1,-1,-1
197,4,628.05,143.26,40.88,89.41,0.7780,-1,-1,-1
197,5,352.76,94.34,38.21,113.31,1.0000,-1,-1,-1
197,7,339.32,118.60,40.95,108.12,0.7674,-1,-1,-1
197,9,301.07,177.91,58.30,124.75,0.9068,-1,-1,-1
198,1,696.44,0.09,20.90,61.30,0.8432,-1,-1,-1
198,3,716.49,2.30,22.71,62.08,0.8364,-1,-1,-1
198,4,629.20,143.30,41.39,89.39,0.8304,-1,-1,-1
198,5,357.24,93.15,37.04,112.18,0.5576,-1,-1,-1
198,7,341.40,118.03,40.39,108.64,0.7738,-1,-1,-1
198,9,303.82,177.58,58.32,125.19,0.8683,-1,-1,-1
199,1,695.83,0.04,21.07,61.16,0.8422,-1,-1,-1
199,3,716.08,1.98,22.63,62.00,0.8218,-1,-1,-1
199,4,629.89,141.79,42.48,90.83,0.8484,-1,-1,-1
199,5,360.69,92.87,37.06,112.25,1.0000,-1,-1,-1
199,7,343.79,117.94,39.37,108.23,0.5208,-1,-1,-1
199,9,308.30,176.76,57.96,126.42,0.8778,-1,-1,-1
200,1,694.91,-0.10,21.32,60.97,0.8465,-1,-1,-1
200,3,715.42,1.61,22.70,62.06,0.8134,-1,-1,-1
200,4,630.95,143.18,42.50,89.49,0.9006,-1,-1,-1
200,5,364.14,92.58,37.08,112.32,1.0000,-1,-1,-1
200,7,347.53,117.73,39.37,108.22,1.0000,-1,-1,-1
200,9,313.53,176.21,56.80,127.53,0.8119,-1,-1,-1
201,1,694.09,-0.14,21.51,60.60,0.8608,-1,-1,-1
201,3,714.59,1.29,22.79,61.93,0.8151,-1,-1,-1
201,4,631.91,140.97,43.74,91.80,0.8908,-1,-1,-1
201,5,367.59,92.30,37.10,112.40,1.0000,-1,-1,-1
201,7,368.44,98.97,39.62,107.61,0.5302,-1,-1,-1
201,9,319.75,175.56,55.73,130.00,0.6989,-1,-1,-1
202,1,693.70,-0.14,21.51,59.99,0.8429,-1,-1,-1
202,3,713.98,1.10,22.66,61.18,0.8139,-1,-1,-1
202,4,632.94,139.19,44.40,93.47,0.8579,-1,-1,-1
202,5,358.55,114.39,35.88,109.96,0.5011,-1,-1,-1
202,7,374.01,96.81,39.59,107.54,1.0000,-1,-1,-1
202,9,326.36,174.88,54.87,132.94,0.6830,-1,-1,-1
203,1,693.16,-0.13,21.60,59.81,0.8645,-1,-1,-1
203,3,713.14,0.84,22.78,60.99,0.8274,-1,-1,-1
203,4,634.85,137.63,45.00,94.97,0.8459,-1,-1,-1
203,5,360.81,116.19,35.83,109.80,1.0000,-1,-1,-1
203,7,379.58,94.65,39.56,107.46,1.0000,-1,-1,-1
203,9,332.58,174.79,53.85,133.87,0.8525,-1,-1,-1
204,1,692.79,-0.12,21.59,59.53,0.8632,-1,-1,-1
204,3,712.72,0.61,22.64,60.27,0.8350,-1,-1,-1
204,4,638.32,136.28,45.31,96.32,0.7658,-1,-1,-1
204,5,367.23,117.65,37.30,111.80,0.7587,-1,-1,-1
204,7,385.15,92.49,39.54,107.39,1.0000,-1,-1,-1
204,9,339.55,175.37,53.98,133.95,0.9030,-1,-1,-1
205,1,692.48,-0.10,21.45,58.94,0.8520,-1,-1,-1
205,3,712.23,0.31,22.68,60.25,0.8404,-1,-1,-1
205,4,642.82,134.85,45.40,97.75,0.7798,-1,-1,-1
205,5,372.62,118.24,38.55,112.14,0.7742,-1,-1,-1
205,7,390.73,90.33,39.51,107.32,1.0000,-1,-1,-1
205,9,345.19,175.68,54.63,132.72,0.8745,-1,-1,-1
206,1,692.13,-0.09,21.36,58.92,0.8507,-1,-1,-1
206,3,711.86,0.12,22.66,60.15,0.8317,-1,-1,-1
206,4,645.18,129.67,46.81,101.94,0.7689,-1,-1,-1
206,5,376.87,118.75,39.31,111.02,0.6984,-1,-1,-1
206,7,396.30,88.17,39.48,107.24,1.0000,-1,-1,-1
206,9,349.22,176.94,55.04,129.34,0.8854,-1,-1,-1
207,1,691.89,-0.08,21.13,58.33,0.8591,-1,-1,-1
207,3,711.59,0.04,22.64,60.17,0.8404,-1,-1,-1
207,4,647.03,127.65,47.34,103.38,0.7826,-1,-1,-1
207,5,379.94,118.96,39.82,110.65,0.7297,-1,-1,-1
207,7,401.87,86.01,39.45,107.17,1.0000,-1,-1,-1
207,9,351.72,177.75,56.09,127.14,0.9032,-1,-1,-1
208,1,691.64,-0.07,20.85,57.53,0.8705,-1,-1,-1
208,3,711.33,0.06,22.49,59.77,0.8636,-1,-1,-1
208,4,646.48,117.38,51.71,114.18,0.7947,-1,-1,-1
208,5,383.52,120.99,39.44,108.54,0.5403,-1,-1,-1
208,7,407.44,83.86,39.43,107.10,1.0000,-1,-1,-1
208,9,354.79,178.48,57.96,126.01,0.9125,-1,-1,-1
209,1,691.44,-0.06,20.52,56.67,0.8714,-1,-1,-1
209,3,711.13,0.08,22.18,58.93,0.8433,-1,-1,-1
209,4,647.99,117.94,51.62,114.11,0.7403,-1,-1,-1
209,5,386.86,122.44,39.33,108.24,1.0000,-1,-1,-1
209,7,413.01,81.70,39.40,107.02,1.0000,-1,-1,-1
209,9,356.87,178.86,59.53,125.14,0.9146,-1,-1,-1
210,1,691.20,0.00,20.24,55.92,0.8543,-1,-1,-1
210,3,710.91,0.02,21.98,58.50,0.8327,-1,-1,-1
210,4,651.12,127.84,48.05,104.45,0.7221,-1,-1,-1
210,5,390.20,123.89,39.22,107.93,1.0000,-1,-1,-1
210,7,418.59,79.54,39.37,106.95,1.0000,-1,-1,-1
210,9,359.10,178.95,60.88,124.94,0.9176,-1,-1,-1
211,1,690.82,0.28,19.99,55.20,0.8394,-1,-1,-1
211,3,710.70,-0.07,21.68,57.65,0.8198,-1,-1,-1
211,4,653.23,131.89,47.28,100.83,0.7731,-1,-1,-1
211,5,393.54,125.33,39.11,107.63,1.0000,-1,-1,-1
211,7,424.16,77.38,39.34,106.87,1.0000,-1,-1,-1
211,9,361.86,177.86,61.66,125.54,0.8794,-1,-1,-1
212,1,690.38,0.45,19.72,54.54,0.8464,-1,-1,-1
212,3,710.48,-0.09,21.41,56.83,0.8241,-1,-1,-1
212,4,654.77,132.91,47.60,99.77,0.6634,-1,-1,-1
212,5,403.93,95.21,41.56,111.88,0.7978,-1,-1,-1
212,7,429.73,75.22,39.32,106.80,1.0000,-1,-1,-1
212,9,365.88,176.31,61.79,126.82,0.7973,-1,-1,-1
213,1,690.10,0.55,19.48,53.94,0.8340,-1,-1,-1
213,3,710.19,-0.09,21.30,56.41,0.8156,-1,-1,-1
213,4,657.06,134.61,47.62,97.94,0.6837,-1,-1,-1
213,5,409.18,92.33,42.20,109.88,0.8325,-1,-1,-1
213,7,435.30,73.06,39.29,106.73,1.0000,-1,-1,-1
213,9,371.30,175.59,60.80,127.64,0.7611,-1,-1,-1
213,10,3.42,71.31,11.99,83.23,0.8268,-1,-1,-1
214,1,689.88,0.52,19.34,53.59,0.8214,-1,-1,-1
214,3,710.02,-0.09,21.13,55.89,0.7841,-1,-1,-1
214,4,658.34,133.50,49.01,99.33,0.6929,-1,-1,-1
214,5,413.32,91.84,43.44,108.64,0.7578,-1,-1,-1
214,7,440.87,70.90,39.26,106.65,1.0000,-1,-1,-1
214,9,375.47,175.44,60.84,127.72,1.0000,-1,-1,-1
214,10,3.87,70.54,12.64,84.84,0.8291,-1,-1,-1
215,1,689.68,0.45,19.23,53.23,0.8177,-1,-1,-1
215,3,709.88,-0.08,21.05,55.74,0.7989,-1,-1,-1
215,4,665.12,134.97,47.67,96.84,0.5945,-1,-1,-1
215,5,417.19,92.42,43.91,107.37,0.5987,-1,-1,-1
215,7,446.45,68.75,39.24,106.58,1.0000,-1,-1,-1
215,9,384.04,174.47,59.16,128.44,0.7471,-1,-1,-1
215,10,3.80,69.44,13.36,86.70,0.8296,-1,-1,-1
216,1,689.09,0.40,19.13,53.01,0.7745,-1,-1,-1
216,3,709.29,-0.07,20.73,54.93,0.8103,-1,-1,-1
216,4,667.86,135.19,47.51,96.51,1.0000,-1,-1,-1
216,5,421.54,91.03,43.78,107.05,1.0000,-1,-1,-1
216,7,452.02,66.59,39.21,106.51,1.0000,-1,-1,-1
216,9,391.87,171.68,59.84,131.26,0.7658,-1,-1,-1
216,10,3.86,71.29,13.81,86.27,0.8473,-1,-1,-1
217,1,688.77,0.34,19.06,52.80,0.7585,-1,-1,-1
217,3,708.91,-0.06,20.51,54.37,0.8035,-1,-1,-1
217,4,670.61,135.40,47.35,96.19,1.0000,-1,-1,-1
217,5,425.89,89.65,43.65,106.73,1.0000,-1,-1,-1
217,7,457.59,64.43,39.18,106.43,1.0000,-1,-1,-1
217,9,396.87,171.02,60.13,131.99,0.8421,-1,-1,-1
217,10,3.70,72.19,14.29,86.05,0.8504,-1,-1,-1
218,1,688.56,0.46,18.99,52.46,0.7280,-1,-1,-1
218,3,708.47,-0.05,20.50,54.38,0.7898,-1,-1,-1
218,4,673.35,135.62,47.19,95.86,1.0000,-1,-1,-1
218,5,430.23,88.27,43.52,106.40,1.0000,-1,-1,-1
218,7,463.16,62.27,39.15,106.36,1.0000,-1,-1,-1
218,9,400.37,171.24,60.25,131.88,0.8814,-1,-1,-1
218,10,3.41,72.43,14.86,86.48,0.8327,-1,-1,-1
219,1,688.37,0.24,19.05,52.38,0.7329,-1,-1,-1
219,3,708.15,-0.05,20.54,54.33,0.7763,-1,-1,-1
219,4,676.09,135.83,47.03,95.54,1.0000,-1,-1,-1
219,5,434.58,86.88,43.38,106.08,1.0000,-1,-1,-1
219,7,468.73,60.11,39.13,106.29,1.0000,-1,-1,-1
219,9,403.76,170.68,60.85,132.45,0.8978,-1,-1,-1
219,10,3.20,73.47,15.27,85.90,0.8223,-1,-1,-1
220,1,688.01,0.14,18.79,51.32,0.7434,-1,-1,-1
220,3,707.84,-0.04,20.49,53.83,0.7992,-1,-1,-1
220,4,688.27,134.18,46.38,96.66,0.7573,-1,-1,-1
220,5,438.93,85.50,43.25,105.76,1.0000,-1,-1,-1
220,7,474.30,57.95,39.10,106.21,1.0000,-1,-1,-1
220,9,406.66,169.96,61.24,132.48,0.9004,-1,-1,-1
220,10,3.01,74.01,15.66,85.26,0.8587,-1,-1,-1
221,1,687.79,0.24,18.46,49.90,0.7303,-1,-1,-1
221,3,707.52,0.00,20.13,52.38,0.7636,-1,-1,-1
221,4,690.74,133.04,46.60,98.86,0.7956,-1,-1,-1
221,5,434.78,107.95,44.98,114.62,0.5941,-1,-1,-1
221,7,479.88,55.79,39.07,106.14,1.0000,-1,-1,-1
221,9,410.02,168.55,61.38,132.45,0.8983,-1,-1,-1
221,10,2.66,73.46,16.14,85.52,0.8657,-1,-1,-1
222,1,687.67,0.28,18.36,48.86,0.7479,-1,-1,-1
222,3,707.48,0.11,19.77,50.82,0.7389,-1,-1,-1
222,4,692.74,132.66,46.44,99.29,0.8285,-1,-1,-1
222,5,438.30,108.66,45.17,115.10,1.0000,-1,-1,-1
222,7,485.45,53.63,39.04,106.06,1.0000,-1,-1,-1
222,9,414.00,167.16,61.12,131.91,0.9103,-1,-1,-1
222,10,2.29,73.21,16.75,86.75,0.8652,-1,-1,-1
223,1,687.23,0.53,18.15,47.61,0.7598,-1,-1,-1
223,3,707.23,0.15,19.72,50.04,0.7677,-1,-1,-1
223,4,694.53,129.30,47.83,103.14,0.7993,-1,-1,-1
223,5,446.16,109.62,38.07,97.06,0.6799,-1,-1,-1
223,7,491.02,51.48,39.02,105.99,1.0000,-1,-1,-1
223,9,418.62,165.91,59.84,130.17,0.8953,-1,-1,-1
223,10,1.81,72.90,17.45,88.90,0.8686,-1,-1,-1
224,1,686.57,0.54,18.19,47.26,0.7702,-1,-1,-1
224,3,706.83,0.13,19.78,49.54,0.7458,-1,-1,-1
224,4,697.37,132.46,46.24,99.24,0.8301,-1,-1,-1
224,5,451.10,102.52,38.31,97.52,0.6461,-1,-1,-1
224,7,496.59,49.32,38.99,105.92,1.0000,-1,-1,-1
224,9,423.69,164.32,58.43,129.28,0.8930,-1,-1,-1
224,10,1.43,73.20,18.03,90.72,0.8647,-1,-1,-1
225,1,686.10,0.42,18.32,47.13,0.7913,-1,-1,-1
225,3,706.24,0.10,19.96,49.36,0.7901,-1,-1,-1
225,4,699.13,132.89,46.10,98.35,0.8210,-1,-1,-1
225,5,457.19,99.88,39.29,97.66,0.7062,-1,-1,-1
225,7,502.16,47.16,38.96,105.84,1.0000,-1,-1,-1
225,9,427.24,162.30,57.24,129.44,0.8977,-1,-1,-1
225,10,1.40,74.92,18.30,90.68,0.8708,-1,-1,-1
226,1,685.75,0.39,18.28,46.51,0.7618,-1,-1,-1
226,3,705.48,0.09,20.24,49.30,0.8022,-1,-1,-1
226,4,701.02,133.64,46.13,97.44,0.8141,-1,-1,-1
226,5,461.01,100.54,39.82,96.32,0.7589,-1,-1,-1
226,7,507.74,45.00,38.93,105.77,1.0000,-1,-1,-1
226,9,430.48,160.32,55.80,128.89,0.8906,-1,-1,-1
226,10,1.76,75.93,18.64,90.37,0.8914,-1,-1,-1
227,1,685.23,0.40,18.40,46.13,0.7497,-1,-1,-1
227,3,704.75,0.10,20.53,49.09,0.7786,-1,-1,-1
227,4,703.90,134.87,45.88,95.86,0.7925,-1,-1,-1
227,5,462.87,95.32,41.96,100.81,0.6214,-1,-1,-1
227,7,513.31,42.84,38.91,105.70,1.0000,-1,-1,-1
227,9,433.66,158.41,54.91,129.22,0.9036,-1,-1,-1
227,10,2.27,77.67,18.88,89.01,0.9032,-1,-1,-1
228,1,684.80,0.39,18.55,45.72,0.7374,-1,-1,-1
228,3,704.22,0.10,20.78,48.92,0.7630,-1,-1,-1
228,4,706.24,134.05,46.65,96.82,0.6706,-1,-1,-1
228,5,466.94,94.37,41.84,100.53,1.0000,-1,-1,-1
228,7,460.90,94.44,46.41,132.52,0.5532,-1,-1,-1
228,9,436.54,156.79,54.17,129.55,0.8994,-1,-1,-1
228,10,2.61,78.63,19.40,88.71,0.9002,-1,-1,-1
229,1,684.47,0.40,18.55,45.17,0.7306,-1,-1,-1
229,3,703.60,0.07,20.86,48.39,0.7748,-1,-1,-1
229,4,709.06,134.12,46.57,96.66,1.0000,-1,-1,-1
229,5,471.02,93.42,41.73,100.26,1.0000,-1,-1,-1
229,7,466.03,102.45,42.61,125.66,0.6022,-1,-1,-1
229,9,440.11,156.00,53.98,130.00,0.8988,-1,-1,-1
229,10,2.81,79.28,20.02,88.84,0.8993,-1,-1,-1
230,1,684.10,0.36,18.64,45.00,0.6888,-1,-1,-1
230,3,702.94,0.03,20.96,48.08,0.7507,-1,-1,-1
230,4,711.89,134.19,46.49,96.49,1.0000,-1,-1,-1
230,5,475.09,92.47,41.62,99.98,1.0000,-1,-1,-1
230,7,471.11,108.24,39.95,118.92,0.6282,-1,-1,-1
230,9,442.40,155.06,54.15,130.49,0.8987,-1,-1,-1
230,10,2.79,79.96,20.53,88.56,0.9042,-1,-1,-1
231,1,683.60,0.30,18.67,44.77,0.6258,-1,-1,-1
231,3,702.38,0.00,20.94,47.56,0.7284,-1,-1,-1
231,4,714.72,134.26,46.41,96.33,1.0000,-1,-1,-1
231,5,479.17,91.52,41.50,99.71,1.0000,-1,-1,-1
231,7,477.25,111.32,39.29,115.57,0.6649,-1,-1,-1
231,9,444.17,154.54,54.25,131.17,0.8907,-1,-1,-1
231,10,2.73,80.24,21.09,88.59,0.9032,-1,-1,-1
232,1,683.22,0.36,18.65,44.45,0.5425,-1,-1,-1
232,3,702.14,0.15,20.80,46.71,0.6629,-1,-1,-1
232,4,717.55,134.33,46.34,96.16,1.0000,-1,-1,-1
232,5,483.24,90.57,41.39,99.43,1.0000,-1,-1,-1
232,7,480.62,110.23,39.62,116.46,0.6247,-1,-1,-1
232,9,445.79,154.46,53.95,130.71,0.8976,-1,-1,-1
232,10,2.70,80.39,21.62,88.49,0.9085,-1,-1,-1
233,1,682.93,0.62,18.24,43.38,0.6411,-1,-1,-1
233,3,701.73,0.19,20.96,46.78,0.6850,-1,-1,-1
233,4,720.38,134.41,46.26,96.00,1.0000,-1,-1,-1
233,5,487.31,89.62,41.27,99.16,1.0000,-1,-1,-1
233,7,483.74,110.52,39.13,116.28,0.6793,-1,-1,-1
233,9,446.79,153.79,53.58,130.46,0.8795,-1,-1,-1
233,10,2.79,80.05,22.28,88.78,0.9043,-1,-1,-1
234,1,682.92,0.84,17.99,42.60,0.5438,-1,-1,-1
234,3,701.52,0.19,20.94,46.56,0.5256,-1,-1,-1
234,4,723.21,134.48,46.18,95.83,1.0000,-1,-1,-1
234,5,491.39,88.67,41.16,98.88,1.0000,-1,-1,-1
234,7,487.81,111.67,38.16,115.12,0.7160,-1,-1,-1
234,9,449.05,152.45,52.86,130.24,0.8883,-1,-1,-1
234,10,2.96,79.61,23.04,89.24,0.9095,-1,-1,-1
235,1,682.76,0.61,18.06,42.51,0.5704,-1,-1,-1
235,3,701.39,0.26,20.59,45.48,0.5901,-1,-1,-1
235,4,726.04,134.55,46.10,95.67,1.0000,-1,-1,-1
235,5,495.46,87.72,41.05,98.61,1.0000,-1,-1,-1
235,7,492.11,111.08,37.65,115.10,0.6778,-1,-1,-1
235,9,451.44,150.73,51.97,129.85,0.8954,-1,-1,-1
235,10,3.87,79.89,23.83,88.75,0.9048,-1,-1,-1
236,1,682.75,0.65,17.81,41.78,0.6409,-1,-1,-1
236,3,701.25,0.34,20.41,44.76,0.6091,-1,-1,-1
236,4,728.86,134.62,46.02,95.50,1.0000,-1,-1,-1
236,5,499.54,86.77,40.93,98.33,1.0000,-1,-1,-1
236,7,496.83,110.93,37.38,114.74,0.8270,-1,-1,-1
236,9,453.63,148.55,50.76,128.48,0.8887,-1,-1,-1
236,10,5.22,79.93,24.97,88.29,0.9307,-1,-1,-1
237,1,682.52,0.46,17.70,41.41,0.6583,-1,-1,-1
237,3,701.03,0.36,20.30,44.30,0.6191,-1,-1,-1
237,4,731.69,134.69,45.94,95.34,1.0000,-1,-1,-1
237,5,503.61,85.82,40.82,98.06,1.0000,-1,-1,-1
237,7,502.92,109.59,38.12,114.46,0.5695,-1,-1,-1
237,9,456.04,146.89,48.69,124.65,0.9109,-1,-1,-1
237,10,6.44,80.06,26.49,88.36,0.9276,-1,-1,-1
238,1,682.45,0.46,17.64,40.98,0.5240,-1,-1,-1
238,3,700.77,0.37,20.07,43.80,1.0000,-1,-1,-1
238,4,734.52,134.76,45.86,95.17,1.0000,-1,-1,-1
238,5,507.68,84.87,40.71,97.79,1.0000,-1,-1,-1
238,7,506.10,108.43,39.76,115.76,0.5150,-1,-1,-1
238,9,457.55,145.23,47.19,122.09,0.9270,-1,-1,-1
238,10,7.36,81.08,28.02,87.98,0.9247,-1,-1,-1
239,1,682.26,0.45,17.43,40.48,1.0000,-1,-1,-1
239,3,700.51,0.39,19.84,43.29,1.0000,-1,-1,-1
239,4,737.35,134.83,45.79,95.00,1.0000,-1,-1,-1
239,5,511.76,83.92,40.59,97.51,1.0000,-1,-1,-1
239,7,507.53,105.75,41.73,118.36,0.6338,-1,-1,-1
239,9,458.65,143.12,46.69,121.16,0.9256,-1,-1,-1
239,10,7.95,81.87,29.72,87.98,0.9341,-1,-1,-1
240,1,682.08,0.45,17.21,39.99,1.0000,-1,-1,-1
240,3,700.26,0.41,19.61,42.79,1.0000,-1,-1,-1
240,4,740.18,134.91,45.71,94.84,1.0000,-1,-1,-1
240,5,515.83,82.97,40.48,97.24,1.0000,-1,-1,-1
240,7,508.97,108.47,41.49,116.09,0.7619,-1,-1,-1
240,9,458.61,139.79,47.51,123.27,0.9188,-1,-1,-1
240,10,9.99,83.06,31.01,87.77,0.9393,-1,-1,-1
241,1,681.90,0.44,17.00,39.49,1.0000,-1,-1,-1
241,3,700.00,0.43,19.38,42.29,1.0000,-1,-1,-1
241,4,730.42,108.22,47.78,100.11,0.5320,-1,-1,-1
241,5,519.91,82.02,40.36,96.96,1.0000,-1,-1,-1
241,7,510.58,112.65,40.98,112.09,0.7948,-1,-1,-1
241,9,458.73,137.90,48.25,124.86,0.9211,-1,-1,-1
241,10,10.92,84.08,32.13,87.69,0.9286,-1,-1,-1
242,1,681.71,0.44,16.78,38.99,1.0000,-1,-1,-1
242,3,699.74,0.45,19.15,41.78,1.0000,-1,-1,-1
242,4,732.44,106.59,47.87,100.29,1.0000,-1,-1,-1
242,5,523.98,81.07,40.25,96.69,1.0000,-1,-1,-1
242,7,512.86,113.60,42.09,111.03,0.8976,-1,-1,-1
242,9,458.49,136.86,48.60,125.71,0.9254,-1,-1,-1
242,10,11.50,84.17,33.20,88.24,0.9242,-1,-1,-1
243,1,681.53,0.43,16.57,38.49,1.0000,-1,-1,-1
243,3,699.49,0.47,18.92,41.28,1.0000,-1,-1,-1
243,4,734.45,104.97,47.96,100.47,1.0000,-1,-1,-1
243,5,528.05,80.12,40.14,96.41,1.0000,-1,-1,-1
243,7,515.20,114.86,43.49,109.45,0.8980,-1,-1,-1
243,9,458.31,136.15,48.76,126.52,0.9331,-1,-1,-1
243,10,12.12,84.55,33.85,88.18,0.9173,-1,-1,-1
244,1,681.34,0.42,16.35,37.99,1.0000,-1,-1,-1
244,3,699.23,0.48,18.69,40.78,1.0000,-1,-1,-1
244,4,736.47,103.34,48.04,100.65,1.0000,-1,-1,-1
244,5,532.13,79.17,40.02,96.14,1.0000,-1,-1,-1
244,7,517.20,116.93,44.83,106.91,0.8618,-1,-1,-1
244,9,458.72,135.47,48.40,126.30,0.9261,-1,-1,-1
244,10,12.75,85.30,34.14,87.56,0.9159,-1,-1,-1
245,1,681.16,0.42,16.14,37.49,1.0000,-1,-1,-1
245,3,698.98,0.50,18.46,40.28,1.0000,-1,-1,-1
245,4,738.48,101.71,48.13,100.82,1.0000,-1,-1,-1
245,5,536.20,78.21,39.91,95.86,1.0000,-1,-1,-1
245,7,518.35,114.81,47.29,108.42,0.9005,-1,-1,-1
245,9,459.18,134.44,47.73,125.36,0.9233,-1,-1,-1
245,10,13.14,85.60,34.41,87.28,0.9170,-1,-1,-1
246,1,680.98,0.41,15.92,36.99,1.0000,-1,-1,-1
246,3,698.72,0.52,18.23,39.77,1.0000,-1,-1,-1
246,4,740.50,100.09,48.22,101.00,1.0000,-1,-1,-1
246,5,540.28,77.26,39.80,95.59,1.0000,-1,-1,-1
246,7,521.24,112.04,49.06,109.41,0.8358,-1,-1,-1
246,9,459.31,132.83,47.34,125.30,0.9261,-1,-1,-1
246,10,13.71,85.77,34.65,87.19,0.9183,-1,-1,-1
246,11,154.98,0.47,22.11,36.45,0.6864,-1,-1,-1
247,1,680.79,0.41,15.71,36.49,1.0000,-1,-1,-1
247,3,698.46,0.54,18.00,39.27,1.0000,-1,-1,-1
247,4,742.51,98.46,48.30,101.18,1.0000,-1,-1,-1
247,5,544.35,76.31,39.68,95.31,1.0000,-1,-1,-1
247,7,525.64,108.54,50.08,110.91,0.7917,-1,-1,-1
247,9,459.67,131.38,46.43,123.75,0.9211,-1,-1,-1
247,10,13.95,85.80,35.07,87.83,0.9182,-1,-1,-1
247,11,154.22,0.49,22.36,36.86,1.0000,-1,-1,-1
248,1,680.61,0.40,15.49,35.99,1.0000,-1,-1,-1
248,3,698.21,0.56,17.77,38.77,1.0000,-1,-1,-1
248,4,744.53,96.84,48.39,101.36,1.0000,-1,-1,-1
248,5,548.42,75.36,39.57,95.04,1.0000,-1,-1,-1
248,7,529.39,107.89,49.64,110.36,0.7358,-1,-1,-1
248,9,459.79,129.67,45.24,121.26,0.9185,-1,-1,-1
248,10,13.95,85.63,35.73,89.53,0.9293,-1,-1,-1
248,11,153.45,0.51,22.61,37.26,1.0000,-1,-1,-1
249,1,680.42,0.40,15.28,35.49,1.0000,-1,-1,-1
249,3,697.95,0.58,17.54,38.26,1.0000,-1,-1,-1
249,4,746.55,95.21,48.48,101.54,1.0000,-1,-1,-1
249,5,552.50,74.41,39.45,94.76,1.0000,-1,-1,-1
249,7,534.38,107.18,49.11,110.48,0.7189,-1,-1,-1
249,9,460.06,127.89,43.71,117.29,0.9129,-1,-1,-1
249,10,14.26,85.74,36.35,91.46,0.9370,-1,-1,-1
249,11,152.69,0.53,22.85,37.67,1.0000,-1,-1,-1
250,1,680.24,0.39,15.06,34.99,1.0000,-1,-1,-1
250,3,697.70,0.59,17.31,37.76,1.0000,-1,-1,-1
250,4,748.56,93.58,48.56,101.72,1.0000,-1,-1,-1
250,5,556.57,73.46,39.34,94.49,1.0000,-1,-1,-1
250,7,537.07,95.98,52.93,121.04,0.8654,-1,-1,-1
250,9,459.67,125.72,42.58,113.94,0.9178,-1,-1,-1
250,10,14.65,86.28,36.66,92.90,0.9349,-1,-1,-1
250,11,151.92,0.55,23.10,38.07,1.0000,-1,-1,-1
251,1,700.06,0.38,17.23,37.94,0.5577,-1,-1,-1
251,3,697.44,0.61,17.08,37.26,1.0000,-1,-1,-1
251,4,750.58,91.96,48.65,101.90,1.0000,-1,-1,-1
251,5,560.65,72.51,39.23,94.21,1.0000,-1,-1,-1
251,7,540.19,93.87,53.02,122.90,0.7535,-1,-1,-1
251,9,458.64,124.00,42.18,112.40,0.9101,-1,-1,-1
251,10,15.34,86.56,36.76,93.78,0.9268,-1,-1,-1
251,11,151.16,0.57,23.35,38.48,1.0000,-1,-1,-1
252,1,700.12,0.36,17.89,37.76,0.5497,-1,-1,-1
252,3,697.18,0.63,16.85,36.76,1.0000,-1,-1,-1
252,4,752.59,90.33,48.74,102.08,1.0000,-1,-1,-1
252,5,564.72,71.56,39.11,93.94,1.0000,-1,-1,-1
252,7,544.06,96.66,51.74,120.79,0.7201,-1,-1,-1
252,9,457.51,122.70,41.89,111.30,0.9022,-1,-1,-1
252,10,16.69,86.99,36.54,93.57,0.9182,-1,-1,-1
252,11,150.39,0.59,23.59,38.88,1.0000,-1,-1,-1
253,1,699.63,0.38,18.29,37.22,0.5028,-1,-1,-1
253,3,696.93,0.65,16.62,36.25,1.0000,-1,-1,-1
253,4,754.61,88.70,48.82,102.26,1.0000,-1,-1,-1
253,5,568.79,70.61,39.00,93.67,1.0000,-1,-1,-1
253,7,546.08,92.76,53.28,125.62,0.8784,-1,-1,-1
253,9,455.89,121.33,42.23,112.02,0.9001,-1,-1,-1
253,10,18.05,87.71,36.34,93.18,0.9028,-1,-1,-1
253,11,149.63,0.60,23.84,39.29,1.0000,-1,-1,-1
254,1,700.57,0.38,18.14,36.92,1.0000,-1,-1,-1
254,3,696.67,0.67,16.39,35.75,1.0000,-1,-1,-1
254,4,756.62,87.08,48.91,102.44,1.0000,-1,-1,-1
254,5,572.87,69.66,38.89,93.39,1.0000,-1,-1,-1
254,7,549.18,91.51,53.75,127.37,0.8958,-1,-1,-1
254,9,453.95,120.15,43.03,113.55,0.9040,-1,-1,-1
254,10,19.33,88.72,36.30,93.02,0.8975,-1,-1,-1
254,11,148.87,0.62,24.08,39.70,1.0000,-1,-1,-1
255,1,701.51,0.37,18.00,36.62,1.0000,-1,-1,-1
255,3,696.41,0.69,16.16,35.25,1.0000,-1,-1,-1
255,4,758.64,85.45,49.00,102.62,1.0000,-1,-1,-1
255,5,576.94,68.71,38.77,93.12,1.0000,-1,-1,-1
255,7,552.67,90.57,54.24,127.88,0.9128,-1,-1,-1
255,9,452.12,119.48,43.62,114.38,0.8939,-1,-1,-1
255,10,20.35,89.46,36.77,94.11,0.9041,-1,-1,-1
255,11,148.10,0.64,24.33,40.10,1.0000,-1,-1,-1
256,1,698.98,0.45,18.39,36.16,0.5289,-1,-1,-1
256,3,696.16,0.70,15.93,34.74,1.0000,-1,-1,-1
256,4,760.65,83.82,49.08,102.80,1.0000,-1,-1,-1
256,5,581.02,67.76,38.66,92.84,1.0000,-1,-1,-1
256,7,555.74,93.61,53.58,124.62,0.9068,-1,-1,-1
256,9,450.63,118.70,44.27,115.53,0.8793,-1,-1,-1
256,10,21.41,90.72,36.66,93.71,0.9081,-1,-1,-1
256,11,146.20,0.28,23.85,40.42,0.5003,-1,-1,-1
257,1,698.45,0.52,18.53,35.57,0.5026,-1,-1,-1
257,3,695.90,0.72,15.70,34.24,1.0000,-1,-1,-1
257,4,762.67,82.20,49.17,102.98,1.0000,-1,-1,-1
257,5,585.09,66.81,38.54,92.57,1.0000,-1,-1,-1
257,7,557.54,95.57,53.42,122.40,0.8700,-1,-1,-1
257,9,448.53,117.92,44.77,116.30,0.8890,-1,-1,-1
257,10,22.26,91.53,36.60,93.49,0.9140,-1,-1,-1
257,11,145.32,0.27,24.08,40.82,1.0000,-1,-1,-1
258,1,698.96,0.54,18.35,35.23,1.0000,-1,-1,-1
258,3,695.65,0.74,15.47,33.74,1.0000,-1,-1,-1
258,4,764.69,80.57,49.26,103.16,1.0000,-1,-1,-1
258,5,589.16,65.86,38.43,92.29,1.0000,-1,-1,-1
258,7,559.67,95.87,53.72,122.09,0.8236,-1,-1,-1
258,9,447.07,116.97,44.91,116.61,0.8754,-1,-1,-1
258,10,22.97,91.99,36.54,93.44,0.9162,-1,-1,-1
258,11,144.44,0.26,24.32,41.22,1.0000,-1,-1,-1
259,1,699.47,0.55,18.17,34.88,1.0000,-1,-1,-1
259,3,695.39,0.76,15.24,33.24,1.0000,-1,-1,-1
259,4,766.70,78.95,49.34,103.34,1.0000,-1,-1,-1
259,5,593.24,64.91,38.32,92.02,1.0000,-1,-1,-1
259,7,562.75,99.07,52.63,118.62,0.8055,-1,-1,-1
259,9,444.90,115.44,44.88,116.35,0.8896,-1,-1,-1
259,10,23.63,92.10,36.45,93.55,0.9189,-1,-1,-1
259,11,143.56,0.24,24.55,41.62,1.0000,-1,-1,-1
260,1,699.98,0.56,17.99,34.54,1.0000,-1,-1,-1
260,3,695.13,0.78,15.01,32.73,1.0000,-1,-1,-1
260,4,768.72,77.32,49.43,103.52,1.0000,-1,-1,-1
260,5,597.31,63.96,38.20,91.74,1.0000,-1,-1,-1
260,7,566.98,100.70,51.46,116.47,0.8099,-1,-1,-1
260,9,442.14,113.63,44.95,116.21,0.9052,-1,-1,-1
260,10,24.48,92.12,36.40,93.70,0.9148,-1,-1,-1
260,11,142.68,0.23,24.79,42.01,1.0000,-1,-1,-1
261,1,700.49,0.57,17.82,34.19,1.0000,-1,-1,-1
261,3,694.88,0.80,14.78,32.23,1.0000,-1,-1,-1
261,4,770.73,75.69,49.52,103.70,1.0000,-1,-1,-1
261,5,601.39,63.01,38.09,91.47,1.0000,-1,-1,-1
261,7,570.51,97.02,51.98,119.72,0.7573,-1,-1,-1
261,9,440.50,112.06,43.52,112.34,0.8964,-1,-1,-1
261,10,26.11,91.91,36.48,93.51,0.9163,-1,-1,-1
261,11,141.80,0.22,25.02,42.41,1.0000,-1,-1,-1
262,1,697.43,0.40,18.35,34.82,0.5549,-1,-1,-1
262,3,694.62,0.81,14.55,31.73,1.0000,-1,-1,-1
262,4,772.75,74.07,49.60,103.88,1.0000,-1,-1,-1
262,5,605.46,62.06,37.98,91.19,1.0000,-1,-1,-1
262,7,576.37,100.97,48.90,114.21,0.7762,-1,-1,-1
262,9,439.40,110.36,41.68,107.58,0.8678,-1,-1,-1
262,10,27.86,91.88,36.69,93.16,0.9324,-1,-1,-1
262,11,141.53,0.15,24.46,42.47,0.5175,-1,-1,-1
263,1,697.20,0.42,18.28,34.46,0.5320,-1,-1,-1
263,3,694.37,0.83,14.32,31.23,1.0000,-1,-1,-1
263,4,774.76,72.44,49.69,104.05,1.0000,-1,-1,-1
263,5,609.53,61.11,37.86,90.92,1.0000,-1,-1,-1
263,7,580.99,104.29,47.37,110.95,0.7882,-1,-1,-1
263,9,437.28,108.92,40.19,104.72,0.8198,-1,-1,-1
263,10,29.78,92.10,37.27,93.08,0.9316,-1,-1,-1
263,11,141.08,0.05,24.59,43.55,0.6468,-1,-1,-1
264,1,697.34,0.41,18.14,34.19,1.0000,-1,-1,-1
264,3,694.11,0.85,14.09,30.72,1.0000,-1,-1,-1
264,4,776.78,70.81,49.78,104.23,1.0000,-1,-1,-1
264,5,613.61,60.15,37.75,90.64,1.0000,-1,-1,-1
264,7,586.07,106.32,47.41,110.08,0.7006,-1,-1,-1
264,9,433.88,106.67,39.40,104.66,0.8576,-1,-1,-1
264,10,32.43,93.75,38.10,92.89,0.9245,-1,-1,-1
264,11,140.25,0.03,24.83,43.99,1.0000,-1,-1,-1
265,1,697.49,0.41,18.01,33.93,1.0000,-1,-1,-1
265,3,693.85,0.87,13.86,30.22,1.0000,-1,-1,-1
265,4,778.79,69.19,49.86,104.41,1.0000,-1,-1,-1
265,5,617.68,59.20,37.63,90.37,1.0000,-1,-1,-1
265,7,593.36,112.68,45.29,104.08,0.6856,-1,-1,-1
265,9,431.46,105.48,39.22,105.16,0.8648,-1,-1,-1
265,10,34.08,95.37,38.70,92.38,0.9256,-1,-1,-1
265,11,139.42,0.01,25.08,44.43,1.0000,-1,-1,-1
266,1,697.63,0.41,17.87,33.66,1.0000,-1,-1,-1
266,3,693.60,0.89,13.63,29.72,1.0000,-1,-1,-1
266,4,780.81,67.56,49.95,104.59,1.0000,-1,-1,-1
266,5,621.76,58.25,37.52,90.10,1.0000,-1,-1,-1
266,7,596.09,114.90,45.36,102.06,0.7380,-1,-1,-1
266,9,429.77,104.96,38.88,104.32,0.8833,-1,-1,-1
266,10,34.95,96.31,39.49,93.03,0.9183,-1,-1,-1
266,11,138.58,-0.02,25.33,44.87,1.0000,-1,-1,-1
267,1,697.77,0.40,17.73,33.40,1.0000,-1,-1,-1
267,3,693.34,0.91,13.40,29.21,1.0000,-1,-1,-1
267,4,782.83,65.93,50.04,104.77,1.0000,-1,-1,-1
267,5,625.83,57.30,37.41,89.82,1.0000,-1,-1,-1
267,7,601.06,117.23,45.83,99.56,0.6228,-1,-1,-1
267,9,427.63,105.14,38.96,103.69,0.8701,-1,-1,-1
267,10,35.55,97.27,40.11,93.47,0.9346,-1,-1,-1
267,11,137.75,-0.04,25.58,45.31,1.0000,-1,-1,-1
268,1,697.91,0.40,17.59,33.13,1.0000,-1,-1,-1
268,3,693.09,0.93,13.17,28.71,1.0000,-1,-1,-1
268,4,784.84,64.31,50.12,104.95,1.0000,-1,-1,-1
268,5,629.90,56.35,37.29,89.55,1.0000,-1,-1,-1
268,7,605.40,118.82,45.06,97.89,1.0000,-1,-1,-1
268,9,422.82,105.49,40.11,103.12,0.9338,-1,-1,-1
268,10,36.31,97.81,40.72,94.47,0.9352,-1,-1,-1
268,11,136.91,-0.06,25.83,45.75,1.0000,-1,-1,-1
269,1,698.06,0.40,17.45,32.87,1.0000,-1,-1,-1
269,3,692.83,0.94,12.94,28.21,1.0000,-1,-1,-1
269,4,786.86,62.68,50.21,105.13,1.0000,-1,-1,-1
269,5,633.98,55.40,37.18,89.27,1.0000,-1,-1,-1
269,7,609.75,120.41,44.29,96.21,1.0000,-1,-1,-1
269,9,419.96,105.74,41.30,102.42,0.8938,-1,-1,-1
269,10,37.12,98.13,40.85,94.70,0.9342,-1,-1,-1
269,11,136.08,-0.09,26.07,46.19,1.0000,-1,-1,-1
270,1,698.20,0.39,17.31,32.61,1.0000,-1,-1,-1
270,3,692.57,0.96,12.71,27.71,1.0000,-1,-1,-1
270,4,817.82,140.44,39.63,86.44,0.5242,-1,-1,-1
270,5,638.05,54.45,37.07,89.00,1.0000,-1,-1,-1
270,7,614.10,121.99,43.52,94.53,1.0000,-1,-1,-1
270,9,416.93,105.96,42.86,101.75,0.9042,-1,-1,-1
270,10,37.93,98.41,40.82,94.72,0.9255,-1,-1,-1
270,11,135.25,-0.11,26.32,46.63,1.0000,-1,-1,-1
271,1,698.34,0.39,17.17,32.34,1.0000,-1,-1,-1
271,3,692.32,0.98,12.48,27.20,1.0000,-1,-1,-1
271,4,819.25,141.09,38.72,86.59,0.7434,-1,-1,-1
271,5,642.13,53.50,36.95,88.72,1.0000,-1,-1,-1
271,7,618.45,123.58,42.75,92.86,1.0000,-1,-1,-1
271,9,414.35,106.09,44.20,100.80,0.9005,-1,-1,-1
271,10,38.69,99.03,40.64,94.44,0.9159,-1,-1,-1
271,11,134.41,-0.14,26.57,47.07,1.0000,-1,-1,-1
272,1,698.48,0.39,17.03,32.08,1.0000,-1,-1,-1
272,3,692.06,1.00,12.25,26.70,1.0000,-1,-1,-1
272,4,820.63,142.94,37.27,84.43,0.7378,-1,-1,-1
272,5,646.20,52.55,36.84,88.45,1.0000,-1,-1,-1
272,7,622.79,125.17,41.98,91.18,1.0000,-1,-1,-1
272,9,412.34,105.94,45.44,100.01,0.8789,-1,-1,-1
272,10,39.25,99.22,40.46,94.37,0.9076,-1,-1,-1
272,11,133.58,-0.16,26.82,47.50,1.0000,-1,-1,-1
273,1,698.63,0.38,16.89,31.81,1.0000,-1,-1,-1
273,3,691.81,1.02,12.02,26.20,1.0000,-1,-1,-1
273,4,820.87,142.83,36.87,84.23,0.5261,-1,-1,-1
273,5,650.27,51.60,36.72,88.17,1.0000,-1,-1,-1
273,7,627.14,126.76,41.21,89.51,1.0000,-1,-1,-1
273,9,410.07,105.93,46.05,98.55,0.8493,-1,-1,-1
273,10,39.49,98.94,40.48,94.96,0.9084,-1,-1,-1
273,11,132.75,-0.18,27.06,47.94,1.0000,-1,-1,-1
274,1,698.77,0.38,16.75,31.55,1.0000,-1,-1,-1
274,3,691.55,1.04,11.79,25.69,1.0000,-1,-1,-1
274,4,821.62,145.65,35.59,81.41,0.6675,-1,-1,-1
274,5,654.35,50.65,36.61,87.90,1.0000,-1,-1,-1
274,7,631.49,128.35,40.43,87.83,1.0000,-1,-1,-1
274,9,406.39,105.90,46.31,97.68,0.7590,-1,-1,-1
274,10,39.77,99.01,40.60,95.94,0.9149,-1,-1,-1
274,11,131.91,-0.21,27.31,48.38,1.0000,-1,-1,-1
275,1,698.91,0.38,16.61,31.28,1.0000,-1,-1,-1
275,3,691.29,1.05,11.56,25.19,1.0000,-1,-1,-1
275,4,821.35,144.38,35.99,82.93,0.7697,-1,-1,-1
275,5,658.42,49.70,36.50,87.62,1.0000,-1,-1,-1
275,7,635.84,129.94,39.66,86.15,1.0000,-1,-1,-1
275,9,402.34,105.23,46.27,97.90,0.7447,-1,-1,-1
275,10,39.86,99.14,41.06,98.11,0.9161,-1,-1,-1
275,11,131.08,-0.23,27.56,48.82,1.0000,-1,-1,-1
276,1,699.06,0.37,16.47,31.02,1.0000,-1,-1,-1
276,3,691.04,1.07,11.33,24.69,1.0000,-1,-1,-1
276,4,822.33,145.82,34.99,81.15,0.7286,-1,-1,-1
276,5,662.50,48.75,36.38,87.35,1.0000,-1,-1,-1
276,7,640.19,131.53,38.89,84.48,1.0000,-1,-1,-1
276,9,398.78,105.01,45.36,97.24,0.8218,-1,-1,-1
276,10,40.14,99.83,41.29,100.11,0.9150,-1,-1,-1
276,11,130.24,-0.26,27.81,49.26,1.0000,-1,-1,-1
277,1,699.20,0.37,16.33,30.76,1.0000,-1,-1,-1
277,3,690.78,1.09,11.10,24.19,1.0000,-1,-1,-1
277,4,823.21,146.54,34.34,80.44,0.6950,-1,-1,-1
277,5,666.57,47.80,36.27,87.07,1.0000,-1,-1,-1
277,7,644.53,133.12,38.12,82.80,1.0000,-1,-1,-1
277,9,393.84,104.60,43.89,96.89,0.7651,-1,-1,-1
277,10,40.56,100.86,41.33,101.71,0.9138,-1,-1,-1
277,11,129.41,-0.28,28.06,49.70,1.0000,-1,-1,-1
278,1,699.34,0.37,16.19,30.49,1.0000,-1,-1,-1
278,3,690.53,1.11,10.87,23.68,1.0000,-1,-1,-1
278,4,824.57,147.57,34.01,79.68,1.0000,-1,-1,-1
278,5,670.64,46.85,36.15,86.80,1.0000,-1,-1,-1
278,7,648.88,134.71,37.35,81.13,1.0000,-1,-1,-1
278,9,388.69,104.20,42.59,97.72,0.8130,-1,-1,-1
278,10,41.33,102.58,40.95,102.04,0.9092,-1,-1,-1
278,11,128.58,-0.30,28.30,50.14,1.0000,-1,-1,-1
279,1,699.48,0.36,16.06,30.23,1.0000,-1,-1,-1
279,3,690.27,1.13,10.64,23.18,1.0000,-1,-1,-1
279,4,825.93,148.60,33.69,78.91,1.0000,-1,-1,-1
279,5,674.72,45.90,36.04,86.53,1.0000,-1,-1,-1
279,7,653.23,136.30,36.58,79.45,1.0000,-1,-1,-1
279,9,385.52,104.12,41.57,97.77,0.8504,-1,-1,-1
279,10,42.39,103.98,40.49,101.72,0.9124,-1,-1,-1
279,11,127.74,-0.33,28.55,50.58,1.0000,-1,-1,-1
280,1,699.63,0.36,15.92,29.96,1.0000,-1,-1,-1
280,3,690.01,1.15,10.41,22.68,1.0000,-1,-1,-1
280,4,827.29,149.63,33.36,78.15,1.0000,-1,-1,-1
280,5,678.79,44.95,35.93,86.25,1.0000,-1,-1,-1
280,7,644.70,119.81,49.49,101.86,0.7592,-1,-1,-1
280,9,381.37,104.21,41.47,97.91,0.9033,-1,-1,-1
280,10,43.80,105.43,40.08,101.26,0.9172,-1,-1,-1
280,11,126.91,-0.35,28.80,51.02,1.0000,-1,-1,-1
281,1,699.77,0.36,15.78,29.70,1.0000,-1,-1,-1
281,3,689.76,1.16,10.18,22.17,1.0000,-1,-1,-1
281,4,828.65,150.66,33.03,77.38,1.0000,-1,-1,-1
281,5,682.87,44.00,35.81,85.98,1.0000,-1,-1,-1
281,7,645.93,118.78,52.04,102.88,0.7904,-1,-1,-1
281,9,375.66,104.89,42.46,98.08,0.9022,-1,-1,-1
281,10,45.00,106.75,39.98,101.55,0.9254,-1,-1,-1
281,11,126.07,-0.38,29.05,51.46,1.0000,-1,-1,-1
282,1,699.91,0.35,15.64,29.43,1.0000,-1,-1,-1
282,3,689.50,1.18,9.95,21.67,1.0000,-1,-1,-1
282,4,830.01,151.69,32.70,76.61,1.0000,-1,-1,-1
282,5,686.94,43.04,35.70,85.70,1.0000,-1,-1,-1
282,7,646.64,115.09,54.76,106.88,0.5916,-1,-1,-1
282,9,372.12,105.89,43.47,97.69,0.8959,-1,-1,-1
282,10,45.99,107.43,39.91,102.11,0.9203,-1,-1,-1
282,11,125.24,-0.40,29.29,51.89,1.0000,-1,-1,-1
283,1,700.06,0.35,15.50,29.17,1.0000,-1,-1,-1
283,3,689.25,1.20,9.72,21.17,1.0000,-1,-1,-1
283,4,831.37,152.72,32.38,75.85,1.0000,-1,-1,-1
283,5,691.01,42.09,35.59,85.43,1.0000,-1,-1,-1
283,7,648.01,112.43,55.97,109.47,0.6892,-1,-1,-1
283,9,369.31,106.67,44.53,97.13,0.8848,-1,-1,-1
283,10,46.78,108.12,39.59,102.07,0.9271,-1,-1,-1
283,11,124.41,-0.42,29.54,52.33,1.0000,-1,-1,-1
284,1,700.20,0.35,15.36,28.90,1.0000,-1,-1,-1
284,3,688.99,1.22,9.49,20.67,1.0000,-1,-1,-1
284,4,832.73,153.75,32.05,75.08,1.0000,-1,-1,-1
284,5,695.09,41.14,35.47,85.15,1.0000,-1,-1,-1
284,7,651.08,112.11,56.27,110.05,1.0000,-1,-1,-1
284,9,365.33,107.47,46.48,97.52,0.9055,-1,-1,-1
284,10,47.57,108.61,39.18,101.79,0.9294,-1,-1,-1
284,11,123.57,-0.45,29.79,52.77,1.0000,-1,-1,-1
285,1,700.34,0.34,15.22,28.64,1.0000,-1,-1,-1
285,3,688.74,1.24,9.26,20.16,1.0000,-1,-1,-1
285,4,834.09,154.78,31.72,74.31,1.0000,-1,-1,-1
285,5,699.16,40.19,35.36,84.88,1.0000,-1,-1,-1
285,7,655.26,109.57,56.16,111.79,0.5202,-1,-1,-1
285,9,361.30,107.92,48.91,98.95,0.9109,-1,-1,-1
285,10,48.50,108.86,38.94,101.78,0.9389,-1,-1,-1
285,11,122.74,-0.47,30.04,53.21,1.0000,-1,-1,-1
286,1,700.48,0.34,15.08,28.38,1.0000,-1,-1,-1
286,3,688.48,1.26,9.03,19.66,1.0000,-1,-1,-1
286,4,835.45,155.81,31.40,73.55,1.0000,-1,-1,-1
286,5,703.24,39.24,35.24,84.60,1.0000,-1,-1,-1
286,7,658.39,109.04,56.51,112.47,1.0000,-1,-1,-1
286,9,358.04,108.09,50.25,99.45,0.8552,-1,-1,-1
286,10,49.73,108.78,38.93,102.14,0.9355,-1,-1,-1
286,11,121.90,-0.49,30.29,53.65,1.0000,-1,-1,-1
287,1,700.63,0.34,14.94,28.11,1.0000,-1,-1,-1
287,3,688.22,1.27,8.79,19.16,1.0000,-1,-1,-1
287,4,836.81,156.84,31.07,72.78,1.0000,-1,-1,-1
287,5,707.31,38.29,35.13,84.33,1.0000,-1,-1,-1
287,7,662.60,112.68,53.99,109.20,0.5376,-1,-1,-1
287,9,354.76,108.19,50.06,98.98,0.7404,-1,-1,-1
287,10,51.54,108.69,39.00,102.01,0.9301,-1,-1,-1
287,11,97.97,1.78,30.58,58.84,0.5227,-1,-1,-1
288,1,700.77,0.33,14.80,27.85,1.0000,-1,-1,-1
288,3,687.97,1.29,8.56,18.65,1.0000,-1,-1,-1
288,4,838.17,157.88,30.74,72.02,1.0000,-1,-1,-1
288,5,711.38,37.34,35.02,84.05,1.0000,-1,-1,-1
288,7,665.79,112.54,54.15,109.52,1.0000,-1,-1,-1
288,9,345.71,107.90,49.26,99.73,0.5637,-1,-1,-1
288,10,55.53,110.20,39.17,100.39,0.9424,-1,-1,-1
288,11,96.18,1.15,30.05,61.52,0.7180,-1,-1,-1
289,1,700.91,0.33,14.66,27.58,1.0000,-1,-1,-1
289,3,687.71,1.31,8.33,18.15,1.0000,-1,-1,-1
289,4,839.53,158.91,30.41,71.25,1.0000,-1,-1,-1
289,5,715.46,36.39,34.90,83.78,1.0000,-1,-1,-1
289,7,668.97,112.40,54.31,109.84,1.0000,-1,-1,-1
289,9,341.65,107.88,47.98,99.93,0.8056,-1,-1,-1
289,10,58.18,111.44,39.91,99.83,0.9266,-1,-1,-1
289,11,95.33,1.39,29.67,63.12,0.7193,-1,-1,-1
290,1,701.06,0.33,14.52,27.32,1.0000,-1,-1,-1
290,3,687.46,1.33,8.10,17.65,1.0000,-1,-1,-1
290,4,840.90,159.94,30.09,70.48,1.0000,-1,-1,-1
290,5,719.53,35.44,34.79,83.50,1.0000,-1,-1,-1
290,7,682.37,115.47,52.16,106.86,0.6687,-1,-1,-1
290,9,337.27,107.74,46.93,100.00,0.8859,-1,-1,-1
290,10,59.95,112.51,41.07,100.32,0.9229,-1,-1,-1
290,11,94.31,1.50,29.73,65.19,0.7355,-1,-1,-1
291,1,701.20,0.32,14.38,27.05,1.0000,-1,-1,-1
291,3,687.20,1.35,7.87,17.15,1.0000,-1,-1,-1
291,4,842.26,160.97,29.76,69.72,1.0000,-1,-1,-1
291,5,723.61,34.49,34.67,83.23,1.0000,-1,-1,-1
291,7,686.15,116.02,51.75,106.39,0.7845,-1,-1,-1
291,9,333.11,108.29,47.58,102.63,0.9116,-1,-1,-1
291,10,61.02,113.56,42.09,100.91,0.9229,-1,-1,-1
291,11,93.46,1.52,29.67,66.21,0.7275,-1,-1,-1
292,1,701.34,0.32,14.24,26.79,1.0000,-1,-1,-1
292,3,686.94,1.37,7.64,16.64,1.0000,-1,-1,-1
292,4,843.62,162.00,29.43,68.95,1.0000,-1,-1,-1
292,5,727.68,33.54,34.56,82.96,1.0000,-1,-1,-1
292,7,688.64,115.03,52.79,107.80,0.8381,-1,-1,-1
292,9,328.74,109.59,48.91,105.66,0.9209,-1,-1,-1
292,10,61.91,114.76,42.90,101.31,0.9204,-1,-1,-1
292,11,92.81,1.24,29.64,66.54,0.7258,-1,-1,-1
293,1,701.48,0.32,14.10,26.53,1.0000,-1,-1,-1
293,3,686.69,1.38,7.41,16.14,1.0000,-1,-1,-1
293,4,844.98,163.03,29.10,68.18,1.0000,-1,-1,-1
293,5,731.75,32.59,34.45,82.68,1.0000,-1,-1,-1
293,7,689.93,113.21,54.09,109.77,0.8061,-1,-1,-1
293,9,324.55,111.36,50.90,109.61,0.9142,-1,-1,-1
293,10,62.38,115.54,43.61,102.18,0.9117,-1,-1,-1
293,11,92.87,2.03,29.55,66.11,0.6396,-1,-1,-1
294,1,701.63,0.32,13.96,26.26,1.0000,-1,-1,-1
294,3,686.43,1.40,7.18,15.64,1.0000,-1,-1,-1
294,4,846.34,164.06,28.78,67.42,1.0000,-1,-1,-1
294,5,735.83,31.64,34.33,82.41,1.0000,-1,-1,-1
294,7,692.19,112.92,55.15,110.21,0.7944,-1,-1,-1
294,9,320.60,113.25,52.12,110.72,0.9309,-1,-1,-1
294,10,62.98,116.22,44.11,102.83,0.9054,-1,-1,-1
294,11,91.96,2.12,29.45,65.91,0.5142,-1,-1,-1
295,1,701.77,0.31,13.82,26.00,1.0000,-1,-1,-1
295,3,686.18,1.42,6.95,15.14,1.0000,-1,-1,-1
295,4,847.70,165.09,28.45,66.65,1.0000,-1,-1,-1
295,5,739.90,30.69,34.22,82.13,1.0000,-1,-1,-1
295,7,694.74,113.74,55.49,109.27,0.6609,-1,-1,-1
295,9,317.51,115.41,52.74,110.13,0.9297,-1,-1,-1
295,10,63.80,117.18,44.13,102.62,0.9102,-1,-1,-1
295,11,90.67,2.34,29.28,65.45,0.6177,-1,-1,-1
296,1,701.91,0.31,13.68,25.73,1.0000,-1,-1,-1
296,3,685.92,1.44,6.72,14.63,1.0000,-1,-1,-1
296,4,849.06,166.12,28.12,65.88,1.0000,-1,-1,-1
296,5,743.98,29.74,34.10,81.86,1.0000,-1,-1,-1
296,7,698.22,113.69,55.59,109.46,1.0000,-1,-1,-1
296,9,314.24,117.30,53.69,110.17,0.9257,-1,-1,-1
296,10,64.57,118.09,43.93,102.03,0.9289,-1,-1,-1
296,11,88.95,2.03,29.22,65.52,0.7424,-1,-1,-1
297,1,702.06,0.31,13.54,25.47,1.0000,-1,-1,-1
297,3,685.67,1.46,6.49,14.13,1.0000,-1,-1,-1
297,4,850.42,167.15,27.80,65.12,1.0000,-1,-1,-1
297,5,108.51,4.67,24.26,59.92,0.5911,-1,-1,-1
297,7,701.69,113.64,55.70,109.66,1.0000,-1,-1,-1
297,9,310.70,119.05,54.59,110.50,0.9152,-1,-1,-1
297,10,65.08,118.47,43.80,101.83,0.9329,-1,-1,-1
297,11,87.29,2.03,29.02,65.78,0.6907,-1,-1,-1
298,1,702.20,0.30,13.40,25.20,1.0000,-1,-1,-1
298,3,685.41,1.48,6.26,13.63,1.0000,-1,-1,-1
298,4,851.78,168.18,27.47,64.35,1.0000,-1,-1,-1
298,5,105.87,2.17,24.88,61.84,0.7459,-1,-1,-1
298,7,705.17,113.59,55.80,109.86,1.0000,-1,-1,-1
298,9,307.51,120.08,55.25,111.03,0.9158,-1,-1,-1
298,10,65.60,118.41,43.64,101.88,0.9259,-1,-1,-1
298,11,85.87,1.97,28.73,66.00,0.7566,-1,-1,-1
299,1,702.34,0.30,13.26,24.94,1.0000,-1,-1,-1
299,3,685.15,1.49,6.03,13.12,1.0000,-1,-1,-1
299,4,853.14,169.21,27.14,63.59,1.0000,-1,-1,-1
299,5,104.09,1.37,25.07,63.39,0.6582,-1,-1,-1
299,7,708.64,113.54,55.90,110.06,1.0000,-1,-1,-1
299,9,304.46,121.11,55.14,111.03,0.9194,-1,-1,-1
299,10,66.01,118.34,43.51,102.15,0.9276,-1,-1,-1
299,11,84.69,2.17,28.58,66.58,0.6104,-1,-1,-1
300,1,702.49,0.30,13.12,24.68,1.0000,-1,-1,-1
300,3,684.90,1.51,5.80,12.62,1.0000,-1,-1,-1
300,4,854.50,170.24,26.81,62.82,1.0000,-1,-1,-1
300,5,103.12,1.18,25.18,64.52,0.5787,-1,-1,-1
300,7,712.12,113.49,56.00,110.26,1.0000,-1,-1,-1
300,9,301.56,122.10,54.40,110.68,0.9161,-1,-1,-1
300,10,66.41,118.37,43.54,102.93,0.9220,-1,-1,-1
300,11,83.72,2.31,28.91,68.44,0.6714,-1,-1,-1
301,1,702.63,0.29,12.98,24.41,1.0000,-1,-1,-1
301,3,684.64,1.53,5.57,12.12,1.0000,-1,-1,-1
301,4,855.86,171.28,26.49,62.05,1.0000,-1,-1,-1
301,5,102.14,1.02,25.12,65.22,0.5761,-1,-1,-1
301,7,715.59,113.44,56.11,110.46,1.0000,-1,-1,-1
301,9,299.47,122.48,53.20,110.26,0.9004,-1,-1,-1
301,10,66.33,118.65,44.14,105.23,0.9224,-1,-1,-1
301,11,82.62,2.40,29.09,69.98,0.6765,-1,-1,-1
302,1,702.77,0.29,12.84,24.15,1.0000,-1,-1,-1
302,3,684.39,1.55,5.33,11.62,1.0000,-1,-1,-1
302,4,857.22,172.31,26.16,61.29,1.0000,-1,-1,-1
302,5,98.47,0.11,25.34,65.77,1.0000,-1,-1,-1
302,7,719.07,113.38,56.21,110.65,1.0000,-1,-1,-1
302,9,298.22,123.50,51.46,109.08,0.9048,-1,-1,-1
302,10,66.00,118.96,45.05,108.85,0.9187,-1,-1,-1
302,11,82.03,3.00,28.79,70.13,0.6850,-1,-1,-1
303,1,702.91,0.29,12.70,23.88,1.0000,-1,-1,-1
303,3,684.13,1.57,5.10,11.11,1.0000,-1,-1,-1
303,4,858.58,173.34,25.83,60.52,1.0000,-1,-1,-1
303,5,94.80,-0.80,25.55,66.33,1.0000,-1,-1,-1
303,7,722.55,113.33,56.31,110.85,1.0000,-1,-1,-1
303,9,297.50,123.72,50.08,108.77,0.9145,-1,-1,-1
303,10,65.80,119.80,45.47,111.44,0.9088,-1,-1,-1
303,11,81.89,3.83,28.44,69.83,0.7099,-1,-1,-1
304,1,703.06,0.28,12.56,23.62,1.0000,-1,-1,-1
304,3,683.88,1.59,4.87,10.61,1.0000,-1,-1,-1
304,4,859.94,174.37,25.51,59.75,1.0000,-1,-1,-1
304,5,100.54,2.59,24.51,64.84,0.5728,-1,-1,-1
304,7,726.02,113.28,56.42,111.05,1.0000,-1,-1,-1
304,9,296.82,124.64,48.68,108.40,0.9209,-1,-1,-1
304,10,66.14,121.89,45.14,112.06,0.8980,-1,-1,-1
304,11,81.71,4.73,28.10,69.31,0.7244,-1,-1,-1
305,1,703.20,0.28,12.42,23.35,1.0000,-1,-1,-1
305,3,683.62,1.60,4.64,10.11,1.0000,-1,-1,-1
305,4,861.31,175.40,25.18,58.99,1.0000,-1,-1,-1
305,5,99.89,2.77,24.68,66.25,0.5980,-1,-1,-1
305,7,729.81,101.10,49.31,98.64,0.5518,-1,-1,-1
305,9,295.46,126.18,48.02,109.44,0.9051,-1,-1,-1
305,10,66.70,123.51,44.66,112.03,0.9111,-1,-1,-1
305,11,80.97,5.63,27.83,68.85,0.6529,-1,-1,-1
306,1,703.34,0.28,12.28,23.09,1.0000,-1,-1,-1
306,3,683.36,1.62,4.41,9.60,1.0000,-1,-1,-1
306,4,862.67,176.43,24.85,58.22,1.0000,-1,-1,-1
306,5,98.95,2.87,24.67,66.77,0.6089,-1,-1,-1
306,7,733.74,100.75,47.96,98.70,0.7580,-1,-1,-1
306,9,293.69,127.82,47.12,109.29,0.9131,-1,-1,-1
306,10,67.52,124.92,44.18,111.86,0.9065,-1,-1,-1
306,11,80.17,6.16,27.56,68.39,0.5277,-1,-1,-1
307,1,703.49,0.27,12.15,22.83,1.0000,-1,-1,-1
307,3,683.11,1.64,4.18,9.10,1.0000,-1,-1,-1
307,4,864.03,177.46,24.52,57.45,1.0000,-1,-1,-1
307,5,98.58,3.28,24.36,66.22,0.5919,-1,-1,-1
307,7,737.18,99.90,47.66,98.09,1.0000,-1,-1,-1
307,9,291.37,129.61,47.19,111.06,0.8898,-1,-1,-1
307,10,68.47,126.66,44.00,112.45,0.8973,-1,-1,-1
307,11,78.72,6.99,27.55,69.10,0.5961,-1,-1,-1
308,1,703.63,0.27,12.01,22.56,1.0000,-1,-1,-1
308,3,682.85,1.66,3.95,8.60,1.0000,-1,-1,-1
308,4,865.39,178.49,24.20,56.69,1.0000,-1,-1,-1
308,5,97.63,3.82,24.98,68.07,0.6923,-1,-1,-1
308,7,740.62,99.04,47.36,97.47,1.0000,-1,-1,-1
308,9,288.78,131.96,48.17,115.46,0.9004,-1,-1,-1
308,10,69.20,127.76,43.75,112.82,0.8994,-1,-1,-1
308,11,77.19,6.98,27.14,69.05,0.5777,-1,-1,-1
309,1,703.77,0.27,11.87,22.30,1.0000,-1,-1,-1
309,3,682.60,1.68,3.72,8.10,1.0000,-1,-1,-1
309,4,866.75,179.52,23.87,55.92,1.0000,-1,-1,-1
309,5,96.90,4.41,25.36,69.12,0.7278,-1,-1,-1
309,7,744.06,98.19,47.07,96.85,1.0000,-1,-1,-1
309,9,287.30,134.21,48.21,117.94,0.8995,-1,-1,-1
309,10,69.90,128.67,43.35,112.63,0.9096,-1,-1,-1
309,11,76.32,6.62,26.47,68.12,0.5088,-1,-1,-1
310,1,703.92,0.26,11.73,22.03,1.0000,-1,-1,-1
310,3,682.34,1.70,3.49,7.59,1.0000,-1,-1,-1
310,4,868.11,180.55,23.54,55.16,1.0000,-1,-1,-1
310,5,96.29,4.98,25.54,69.52,0.7767,-1,-1,-1
310,7,747.49,97.34,46.77,96.24,1.0000,-1,-1,-1
310,9,286.59,136.00,48.17,120.46,0.8783,-1,-1,-1
310,10,70.80,129.16,42.97,112.43,0.9274,-1,-1,-1
310,11,75.66,6.78,26.05,67.79,0.5249,-1,-1,-1
311,1,704.06,0.26,11.59,21.77,1.0000,-1,-1,-1
311,3,682.09,1.72,3.26,7.09,1.0000,-1,-1,-1
311,4,869.47,181.58,23.21,54.39,1.0000,-1,-1,-1
311,5,95.53,5.72,25.46,69.27,0.6962,-1,-1,-1
311,7,750.93,96.49,46.47,95.62,1.0000,-1,-1,-1
311,9,285.58,137.50,47.76,121.84,0.8880,-1,-1,-1
311,10,71.77,129.40,42.64,112.34,0.9283,-1,-1,-1
311,11,74.84,7.85,26.21,68.91,0.6158,-1,-1,-1
312,1,704.20,0.26,11.45,21.50,1.0000,-1,-1,-1
312,3,681.83,1.73,3.03,6.59,1.0000,-1,-1,-1
312,4,870.83,182.61,22.89,53.62,1.0000,-1,-1,-1
312,5,94.17,6.15,25.30,69.25,0.7842,-1,-1,-1
312,7,754.37,95.63,46.17,95.00,1.0000,-1,-1,-1
312,9,283.34,139.48,46.66,121.22,0.8812,-1,-1,-1
312,10,74.63,130.18,42.30,110.87,0.9277,-1,-1,-1
312,11,73.84,8.60,26.57,70.31,0.7382,-1,-1,-1
313,1,704.35,0.25,11.31,21.24,1.0000,-1,-1,-1
313,3,681.57,1.75,2.80,6.08,1.0000,-1,-1,-1
313,4,872.19,183.64,22.56,52.86,1.0000,-1,-1,-1
313,5,93.28,6.75,25.30,69.12,0.7684,-1,-1,-1
313,7,757.81,94.78,45.87,94.39,1.0000,-1,-1,-1
313,9,281.69,140.57,45.75,120.33,0.8890,-1,-1,-1
313,10,76.70,130.93,42.49,109.85,0.9290,-1,-1,-1
313,11,72.74,9.70,26.55,70.55,0.6050,-1,-1,-1
314,1,704.49,0.25,11.17,20.98,1.0000,-1,-1,-1
314,3,681.32,1.77,2.56,5.58,1.0000,-1,-1,-1
314,4,873.55,184.68,22.23,52.09,1.0000,-1,-1,-1
314,5,92.67,7.88,25.03,68.01,0.7565,-1,-1,-1
314,7,761.25,93.93,45.57,93.77,1.0000,-1,-1,-1
314,9,280.44,141.42,45.03,119.20,0.8961,-1,-1,-1
314,10,78.41,131.80,42.97,108.93,0.9309,-1,-1,-1
314,11,71.85,11.02,26.35,70.20,0.6172,-1,-1,-1
315,1,704.63,0.25,11.03,20.71,1.0000,-1,-1,-1
315,3,681.06,1.79,2.33,5.08,1.0000,-1,-1,-1
315,4,874.91,185.71,21.91,51.32,1.0000,-1,-1,-1
315,5,91.76,8.82,25.38,68.54,0.7836,-1,-1,-1
315,7,764.69,93.07,45.28,93.15,1.0000,-1,-1,-1
315,9,279.64,142.42,44.83,118.49,0.9057,-1,-1,-1
315,10,79.69,132.21,43.79,108.99,0.9318,-1,-1,-1
315,11,71.63,12.12,26.12,69.40,0.5737,-1,-1,-1
316,1,704.77,0.24,10.89,20.45,1.0000,-1,-1,-1
316,3,680.81,1.81,2.10,4.58,1.0000,-1,-1,-1
316,4,876.27,186.74,21.58,50.56,1.0000,-1,-1,-1
316,5,90.75,9.48,25.47,68.37,0.7456,-1,-1,-1
316,7,768.13,92.22,44.98,92.53,1.0000,-1,-1,-1
316,9,279.07,143.48,45.25,118.36,0.9173,-1,-1,-1
316,10,80.63,133.01,45.06,110.16,0.9332,-1,-1,-1
316,11,72.43,13.81,26.35,69.10,0.6513,-1,-1,-1
317,1,704.92,0.24,10.75,20.18,1.0000,-1,-1,-1
317,3,680.55,1.83,1.87,4.07,1.0000,-1,-1,-1
317,4,877.63,187.77,21.25,49.79,1.0000,-1,-1,-1
317,5,89.88,10.29,25.79,68.90,0.7362,-1,-1,-1
317,7,771.57,91.37,44.68,91.92,1.0000,-1,-1,-1
317,9,278.46,144.59,46.23,119.26,0.9262,-1,-1,-1
317,10,81.56,134.66,46.11,110.81,0.9324,-1,-1,-1
317,11,71.04,14.28,27.14,70.75,0.6186,-1,-1,-1
318,1,705.06,0.24,10.61,19.92,1.0000,-1,-1,-1
318,3,680.30,1.84,1.64,3.57,1.0000,-1,-1,-1
318,4,878.99,188.80,20.92,49.02,1.0000,-1,-1,-1
318,5,88.82,11.05,26.13,69.09,0.6992,-1,-1,-1
318,7,775.01,90.52,44.38,91.30,1.0000,-1,-1,-1
318,9,278.22,146.32,48.09,122.30,0.9325,-1,-1,-1
318,10,82.23,135.70,47.11,111.57,0.9309,-1,-1,-1
318,11,69.99,15.38,27.32,70.45,0.6410,-1,-1,-1
319,1,705.20,0.23,10.47,19.65,1.0000,-1,-1,-1
319,3,680.04,1.86,1.41,3.07,1.0000,-1,-1,-1
319,4,880.35,189.83,20.60,48.26,1.0000,-1,-1,-1
319,5,87.46,12.34,26.21,68.38,0.6661,-1,-1,-1
319,7,778.44,89.66,44.08,90.68,1.0000,-1,-1,-1
319,9,278.01,148.53,49.95,125.55,0.9338,-1,-1,-1
319,10,82.54,136.50,47.82,112.22,0.9271,-1,-1,-1
319,11,68.39,16.65,27.35,70.40,0.5004,-1,-1,-1
320,1,705.35,0.23,10.32,19.39,1.0000,-1,-1,-1
320,3,679.79,1.88,1.18,2.57,1.0000,-1,-1,-1
320,4,881.72,190.86,20.27,47.49,1.0000,-1,-1,-1
320,5,86.47,13.02,26.02,66.93,0.7057,-1,-1,-1
320,7,781.88,88.81,43.78,90.07,1.0000,-1,-1,-1
320,9,277.75,150.97,51.38,128.11,0.9362,-1,-1,-1
320,10,83.41,137.75,48.33,112.77,0.9203,-1,-1,-1
320,11,67.80,16.91,28.00,71.25,0.6382,-1,-1,-1
321,1,705.49,0.23,10.18,19.13,1.0000,-1,-1,-1
321,3,679.53,1.90,0.95,2.06,1.0000,-1,-1,-1
321,4,883.08,191.89,19.94,46.73,1.0000,-1,-1,-1
321,5,85.77,13.61,26.35,66.55,0.8104,-1,-1,-1
321,7,785.32,87.96,43.48,89.45,1.0000,-1,-1,-1
321,9,278.10,153.42,51.62,127.99,0.9308,-1,-1,-1
321,10,84.64,139.10,48.33,112.63,0.9110,-1,-1,-1
321,11,65.93,16.27,28.39,72.21,0.6445,-1,-1,-1
322,1,705.63,0.22,10.04,18.86,1.0000,-1,-1,-1
322,3,679.27,1.92,0.72,1.56,1.0000,-1,-1,-1
322,4,884.44,192.92,19.62,45.96,1.0000,-1,-1,-1
322,5,84.54,14.16,26.68,66.34,0.7736,-1,-1,-1
322,7,788.76,87.10,43.19,88.83,1.0000,-1,-1,-1
322,9,278.29,155.79,51.96,128.60,0.9235,-1,-1,-1
322,10,85.67,140.00,48.11,112.24,0.9087,-1,-1,-1
322,11,64.52,15.97,28.67,72.65,0.6566,-1,-1,-1
323,1,705.78,0.22,9.90,18.60,1.0000,-1,-1,-1
323,3,679.02,1.94,0.49,1.06,1.0000,-1,-1,-1
323,4,885.80,193.95,19.29,45.19,1.0000,-1,-1,-1
323,5,82.97,14.44,26.97,66.29,0.7502,-1,-1,-1
323,7,792.20,86.25,42.89,88.22,1.0000,-1,-1,-1
323,9,278.66,158.06,51.94,129.45,0.9156,-1,-1,-1
323,10,86.54,140.67,47.87,111.93,0.9119,-1,-1,-1
323,11,64.32,16.37,29.10,72.34,0.7205,-1,-1,-1
324,1,705.92,0.22,9.76,18.33,1.0000,-1,-1,-1
324,3,678.76,1.95,0.25,0.55,1.0000,-1,-1,-1
324,4,887.16,194.98,18.96,44.43,1.0000,-1,-1,-1
324,5,81.08,14.54,27.83,68.19,0.6979,-1,-1,-1
324,7,795.64,85.40,42.59,87.60,1.0000,-1,-1,-1
324,9,279.12,159.93,51.47,129.75,0.9199,-1,-1,-1
324,10,87.37,141.18,47.54,111.58,0.9048,-1,-1,-1
324,11,62.71,17.18,28.87,71.33,0.6946,-1,-1,-1
325,1,706.06,0.22,9.62,18.07,1.0000,-1,-1,-1
325,3,678.51,1.97,0.02,0.05,1.0000,-1,-1,-1
325,4,888.52,196.01,18.63,43.66,1.0000,-1,-1,-1
325,5,79.76,15.06,28.29,69.42,0.7298,-1,-1,-1
325,7,799.08,84.55,42.29,86.98,1.0000,-1,-1,-1
325,9,279.79,161.39,50.82,130.06,0.9106,-1,-1,-1
325,10,87.91,141.44,47.29,111.47,0.9044,-1,-1,-1
325,11,60.77,17.82,28.79,71.31,0.6482,-1,-1,-1
326,1,706.21,0.21,9.48,17.80,1.0000,-1,-1,-1
326,3,678.25,1.99,-0.21,-0.45,1.0000,-1,-1,-1
326,4,889.88,197.04,18.31,42.89,1.0000,-1,-1,-1
326,5,78.28,15.30,28.63,70.80,0.7533,-1,-1,-1
326,7,802.52,83.69,41.99,86.37,1.0000,-1,-1,-1
326,9,281.12,162.90,49.77,129.33,0.9138,-1,-1,-1
326,10,88.22,141.81,47.12,111.59,0.9025,-1,-1,-1
326,11,58.60,18.16,28.95,72.58,0.6631,-1,-1,-1
327,1,706.35,0.21,9.34,17.54,1.0000,-1,-1,-1
327,3,678.00,2.01,-0.44,-0.95,1.0000,-1,-1,-1
327,4,891.24,198.08,17.98,42.13,1.0000,-1,-1,-1
327,5,76.89,15.01,29.06,72.57,0.7486,-1,-1,-1
327,7,805.96,82.84,41.69,85.75,1.0000,-1,-1,-1
327,9,282.54,163.95,48.73,128.33,0.9213,-1,-1,-1
327,10,88.40,142.15,47.38,113.05,0.8993,-1,-1,-1
327,11,57.31,18.53,29.17,74.06,0.6745,-1,-1,-1
328,1,706.49,0.21,9.20,17.28,1.0000,-1,-1,-1
328,3,677.74,2.03,-0.67,-1.46,1.0000,-1,-1,-1
328,4,892.60,199.11,17.65,41.36,1.0000,-1,-1,-1
328,5,76.04,15.41,29.15,73.38,0.7140,-1,-1,-1
328,7,809.39,81.99,41.39,85.13,1.0000,-1,-1,-1
328,9,283.87,164.73,48.01,127.27,0.9277,-1,-1,-1
328,10,88.30,143.46,47.79,115.08,0.9036,-1,-1,-1
328,11,56.57,19.30,29.01,74.23,0.6500,-1,-1,-1
329,1,706.64,0.20,9.06,17.01,1.0000,-1,-1,-1
329,3,677.49,2.05,-0.90,-1.96,1.0000,-1,-1,-1
329,4,893.96,200.14,17.33,40.60,1.0000,-1,-1,-1
329,5,75.00,15.95,29.24,74.15,0.7514,-1,-1,-1
329,7,812.83,81.13,41.10,84.52,1.0000,-1,-1,-1
329,9,286.69,165.25,47.39,126.14,0.9317,-1,-1,-1
329,10,87.79,144.47,48.63,118.48,0.9054,-1,-1,-1
329,11,55.91,20.16,29.15,75.25,0.7521,-1,-1,-1
330,1,706.78,0.20,8.92,16.75,1.0000,-1,-1,-1
330,3,677.23,2.06,-1.13,-2.46,1.0000,-1,-1,-1
330,4,895.32,201.17,17.00,39.83,1.0000,-1,-1,-1
330,5,74.45,16.97,28.85,73.58,0.7343,-1,-1,-1
330,7,816.27,80.28,40.80,83.90,1.0000,-1,-1,-1
330,9,289.09,166.09,47.49,127.03,0.9242,-1,-1,-1
330,10,87.64,145.92,48.95,120.72,0.9106,-1,-1,-1
330,11,55.16,20.93,29.41,76.65,0.7756,-1,-1,-1
331,1,706.92,0.20,8.78,16.48,1.0000,-1,-1,-1
331,3,676.97,2.08,-1.36,-2.97,1.0000,-1,-1,-1
331,4,896.68,202.20,16.67,39.06,1.0000,-1,-1,-1
331,5,74.19,18.18,27.76,71.22,0.7363,-1,-1,-1
331,7,819.71,79.43,40.50,83.28,1.0000,-1,-1,-1
331,9,291.26,167.45,48.54,130.37,0.9177,-1,-1,-1
331,10,87.98,147.59,48.63,121.28,0.9046,-1,-1,-1
331,11,54.74,21.95,28.98,75.98,0.7953,-1,-1,-1
332,1,707.07,0.19,8.64,16.22,1.0000,-1,-1,-1
332,3,676.72,2.10,-1.59,-3.47,1.0000,-1,-1,-1
332,4,898.04,203.23,16.34,38.30,1.0000,-1,-1,-1
332,5,74.35,19.32,27.52,70.71,0.7970,-1,-1,-1
332,7,823.15,78.57,40.20,82.67,1.0000,-1,-1,-1
332,9,293.52,169.11,49.74,133.86,0.9236,-1,-1,-1
332,10,88.90,149.30,48.24,121.43,0.9124,-1,-1,-1
332,11,54.14,22.61,28.62,75.44,0.8177,-1,-1,-1
333,1,707.21,0.19,8.50,15.95,1.0000,-1,-1,-1
333,3,676.46,2.12,-1.83,-3.97,1.0000,-1,-1,-1
333,4,899.40,204.26,16.02,37.53,1.0000,-1,-1,-1
333,5,74.57,20.44,27.65,70.93,0.7988,-1,-1,-1
333,7,826.59,77.72,39.90,82.05,1.0000,-1,-1,-1
333,9,295.43,171.54,50.47,135.59,0.9279,-1,-1,-1
333,10,89.99,151.15,47.91,121.65,0.9198,-1,-1,-1
333,11,53.40,23.15,28.28,74.88,0.8193,-1,-1,-1
334,1,707.35,0.19,8.36,15.69,1.0000,-1,-1,-1
334,3,676.21,2.14,-2.06,-4.47,1.0000,-1,-1,-1
334,4,900.76,205.29,15.69,36.76,1.0000,-1,-1,-1
334,5,73.99,21.10,27.98,72.04,0.7913,-1,-1,-1
334,7,830.03,76.87,39.60,81.43,1.0000,-1,-1,-1
334,9,298.03,174.46,50.56,134.80,0.9305,-1,-1,-1
334,10,91.13,152.72,47.71,122.25,0.9251,-1,-1,-1
334,11,52.41,23.44,28.21,75.23,0.7786,-1,-1,-1
335,1,707.50,0.18,8.22,15.43,1.0000,-1,-1,-1
335,3,675.95,2.16,-2.29,-4.98,1.0000,-1,-1,-1
335,4,902.12,206.32,15.36,36.00,1.0000,-1,-1,-1
335,5,73.42,21.48,28.61,74.01,0.7900,-1,-1,-1
335,7,833.47,76.02,39.30,80.81,1.0000,-1,-1,-1
335,9,300.23,177.09,51.07,134.90,0.9320,-1,-1,-1
335,10,92.18,154.00,47.24,122.20,0.9261,-1,-1,-1
335,11,51.61,23.66,28.22,75.68,0.7752,-1,-1,-1
336,1,707.64,0.18,8.08,15.16,1.0000,-1,-1,-1
336,3,675.70,2.17,-2.52,-5.48,1.0000,-1,-1,-1
336,4,903.48,207.35,15.04,35.23,1.0000,-1,-1,-1
336,5,72.41,21.94,28.82,75.16,0.8658,-1,-1,-1
336,7,836.91,75.16,39.00,80.20,1.0000,-1,-1,-1
336,9,304.18,180.81,51.76,134.89,0.9172,-1,-1,-1
336,10,93.96,155.21,46.45,121.13,0.9308,-1,-1,-1
336,11,50.08,24.24,28.14,75.64,0.8514,-1,-1,-1
337,1,707.78,0.18,7.94,14.90,1.0000,-1,-1,-1
337,3,675.44,2.19,-2.75,-5.98,1.0000,-1,-1,-1
337,4,904.85,208.38,14.71,34.46,1.0000,-1,-1,-1
337,5,71.46,22.18,28.71,75.36,0.8660,-1,-1,-1
337,7,840.35,74.31,38.70,79.58,1.0000,-1,-1,-1
337,9,308.12,183.06,52.32,134.84,0.9201,-1,-1,-1
337,10,95.44,155.77,46.01,120.56,0.9396,-1,-1,-1
337,11,48.89,24.81,28.13,75.69,0.8617,-1,-1,-1
338,1,707.93,0.17,7.80,14.63,1.0000,-1,-1,-1
338,4,906.21,209.41,14.38,33.70,1.0000,-1,-1,-1
338,5,70.62,22.15,28.47,74.97,0.8774,-1,-1,-1
338,7,843.79,73.46,38.41,78.96,1.0000,-1,-1,-1
338,9,312.56,184.33,52.21,134.27,0.9295,-1,-1,-1
338,10,97.13,156.17,45.69,119.73,0.9305,-1,-1,-1
338,11,48.07,25.34,28.15,75.79,0.8518,-1,-1,-1
339,1,708.07,0.17,7.66,14.37,1.0000,-1,-1,-1
339,4,907.57,210.44,14.05,32.93,1.0000,-1,-1,-1
339,5,69.56,22.18,28.74,76.02,0.8976,-1,-1,-1
339,7,847.22,72.60,38.11,78.35,1.0000,-1,-1,-1
339,9,316.41,184.99,51.63,133.53,0.9157,-1,-1,-1
339,10,99.28,156.30,45.76,119.41,0.9216,-1,-1,-1
339,11,47.31,26.50,28.18,75.87,0.8590,-1,-1,-1
340,1,708.21,0.17,7.52,14.10,1.0000,-1,-1,-1
340,4,908.93,211.48,13.73,32.17,1.0000,-1,-1,-1
340,5,68.70,22.67,28.86,76.71,0.8962,-1,-1,-1
340,7,850.66,71.75,37.81,77.73,1.0000,-1,-1,-1
340,9,320.39,185.19,50.77,133.49,0.9121,-1,-1,-1
340,10,101.45,156.70,45.96,118.71,0.9231,-1,-1,-1
340,11,46.81,27.66,28.04,75.10,0.8091,-1,-1,-1
341,1,708.36,0.16,7.38,13.84,1.0000,-1,-1,-1
341,4,910.29,212.51,13.40,31.40,1.0000,-1,-1,-1
341,5,68.13,23.43,28.88,77.07,0.8759,-1,-1,-1
341,7,854.10,70.90,37.51,77.11,1.0000,-1,-1,-1
341,9,323.69,184.73,49.67,133.75,0.8930,-1,-1,-1
341,10,103.90,157.57,46.39,118.02,0.9299,-1,-1,-1
341,11,46.19,28.97,28.58,75.74,0.8218,-1,-1,-1
342,1,708.50,0.16,7.24,13.57,1.0000,-1,-1,-1
342,4,911.65,213.54,13.07,30.63,1.0000,-1,-1,-1
342,5,67.69,24.23,28.76,76.99,0.8644,-1,-1,-1
342,7,857.54,70.05,37.21,76.50,1.0000,-1,-1,-1
342,9,327.91,184.69,48.35,133.25,0.9057,-1,-1,-1
342,10,105.88,158.86,47.50,118.46,0.9361,-1,-1,-1
342,11,45.56,30.18,29.18,76.41,0.8295,-1,-1,-1
343,1,708.64,0.16,7.10,13.31,1.0000,-1,-1,-1
343,4,913.01,214.57,12.75,29.87,1.0000,-1,-1,-1
343,5,67.43,25.58,28.40,76.14,0.8280,-1,-1,-1
343,7,860.98,69.19,36.91,75.88,1.0000,-1,-1,-1
343,9,332.70,185.52,47.46,132.75,0.9071,-1,-1,-1
343,10,107.41,160.30,48.84,119.69,0.9420,-1,-1,-1
343,11,45.25,31.22,30.16,77.33,0.8031,-1,-1,-1
344,1,708.79,0.15,6.96,13.05,1.0000,-1,-1,-1
344,4,914.37,215.60,12.42,29.10,1.0000,-1,-1,-1
344,5,66.97,27.02,28.23,75.62,0.8315,-1,-1,-1
344,7,864.42,68.34,36.61,75.26,1.0000,-1,-1,-1
344,9,338.84,186.59,47.92,132.76,0.9050,-1,-1,-1
344,10,108.43,162.20,49.80,119.80,0.9382,-1,-1,-1
344,11,43.21,32.39,30.89,78.18,0.8292,-1,-1,-1
345,1,708.93,0.15,6.82,12.78,1.0000,-1,-1,-1
345,4,915.73,216.63,12.09,28.33,1.0000,-1,-1,-1
345,5,66.58,28.29,28.08,75.01,0.8416,-1,-1,-1
345,7,867.86,67.49,36.31,74.65,1.0000,-1,-1,-1
345,9,344.16,188.33,49.38,132.68,0.9134,-1,-1,-1
345,10,109.36,163.76,50.81,120.57,0.9292,-1,-1,-1
345,11,41.86,33.23,30.87,77.02,0.8083,-1,-1,-1
346,1,709.07,0.15,6.68,12.52,1.0000,-1,-1,-1
346,4,917.09,217.66,11.76,27.57,1.0000,-1,-1,-1
346,5,66.06,29.11,27.78,73.73,0.8493,-1,-1,-1
346,7,871.30,66.63,36.01,74.03,1.0000,-1,-1,-1
346,9,347.00,189.90,50.72,131.26,0.9141,-1,-1,-1
346,10,110.28,165.41,51.63,121.53,0.9254,-1,-1,-1
346,11,40.69,33.88,31.17,76.55,0.8254,-1,-1,-1
347,1,709.22,0.14,6.54,12.25,1.0000,-1,-1,-1
347,4,918.45,218.69,11.44,26.80,1.0000,-1,-1,-1
347,5,65.56,29.83,27.76,72.97,0.8619,-1,-1,-1
347,7,874.74,65.78,35.72,73.41,1.0000,-1,-1,-1
347,9,349.12,191.59,52.81,130.55,0.9181,-1,-1,-1
347,10,111.08,166.73,52.44,122.95,0.9233,-1,-1,-1
347,11,38.83,34.42,31.45,76.24,0.8330,-1,-1,-1
348,1,709.36,0.14,6.40,11.99,1.0000,-1,-1,-1
348,4,919.81,219.72,11.11,26.03,1.0000,-1,-1,-1
348,5,64.72,30.15,28.20,73.62,0.8754,-1,-1,-1
348,7,878.18,64.93,35.42,72.80,1.0000,-1,-1,-1
348,9,350.71,193.21,55.07,130.24,0.9231,-1,-1,-1
348,10,111.89,167.71,52.59,123.19,0.9226,-1,-1,-1
348,11,36.96,34.60,32.05,76.99,0.8304,-1,-1,-1
349,1,709.50,0.14,6.25,11.72,1.0000,-1,-1,-1
349,4,921.17,220.75,10.78,25.27,1.0000,-1,-1,-1
349,5,63.84,30.31,28.64,74.47,0.8882,-1,-1,-1
349,7,881.62,64.08,35.12,72.18,1.0000,-1,-1,-1
349,9,352.42,194.43,57.82,131.44,0.9270,-1,-1,-1
349,10,113.01,168.43,52.47,123.13,0.9212,-1,-1,-1
349,11,35.02,34.62,31.99,76.41,0.8486,-1,-1,-1
350,1,709.65,0.13,6.11,11.46,1.0000,-1,-1,-1
350,4,922.53,221.78,10.46,24.50,1.0000,-1,-1,-1
350,5,63.32,30.39,28.95,75.25,0.8890,-1,-1,-1
350,7,885.06,63.22,34.82,71.56,1.0000,-1,-1,-1
350,9,353.95,195.03,59.90,132.48,0.9236,-1,-1,-1
350,10,114.11,168.77,52.27,123.27,0.9233,-1,-1,-1
350,11,33.37,34.52,32.10,76.55,0.8680,-1,-1,-1
351,1,709.79,0.13,5.97,11.20,1.0000,-1,-1,-1
351,4,923.89,222.81,10.13,23.74,1.0000,-1,-1,-1
351,5,62.42,30.41,29.43,76.72,0.8818,-1,-1,-1
351,7,888.49,62.37,34.52,70.95,1.0000,-1,-1,-1
351,9,356.46,195.31,61.16,133.18,0.9104,-1,-1,-1
351,10,115.00,168.85,51.86,123.10,0.9298,-1,-1,-1
351,11,31.58,34.57,32.41,77.45,0.8820,-1,-1,-1
352,1,709.93,0.13,5.83,10.93,1.0000,-1,-1,-1
352,4,925.25,223.84,9.80,22.97,1.0000,-1,-1,-1
352,5,61.72,30.50,29.83,77.98,0.8881,-1,-1,-1
352,7,891.93,61.52,34.22,70.33,1.0000,-1,-1,-1
352,9,360.32,195.10,61.77,134.17,0.9047,-1,-1,-1
352,10,115.81,168.91,51.38,122.85,0.9395,-1,-1,-1
352,11,29.59,34.77,32.54,78.35,0.8663,-1,-1,-1
353,1,710.08,0.12,5.69,10.67,1.0000,-1,-1,-1
353,4,926.62,224.88,9.48,22.20,1.0000,-1,-1,-1
353,5,60.93,30.63,30.18,79.22,0.8659,-1,-1,-1
353,7,895.37,60.66,33.92,69.71,1.0000,-1,-1,-1
353,9,365.47,194.85,61.13,134.71,0.8871,-1,-1,-1
353,10,116.53,169.07,51.03,122.97,0.9313,-1,-1,-1
353,11,28.09,35.58,32.86,79.81,0.8745,-1,-1,-1
354,1,710.22,0.12,5.55,10.40,1.0000,-1,-1,-1
354,4,927.98,225.91,9.15,21.44,1.0000,-1,-1,-1
354,5,60.32,31.30,30.44,80.27,0.8588,-1,-1,-1
354,7,898.81,59.81,33.62,69.10,1.0000,-1,-1,-1
354,9,371.44,194.67,59.93,135.63,0.8747,-1,-1,-1
354,10,116.88,169.68,51.15,124.37,0.9263,-1,-1,-1
354,11,27.05,36.54,33.08,81.20,0.8812,-1,-1,-1
355,1,710.36,0.12,5.41,10.14,1.0000,-1,-1,-1
355,4,929.34,226.94,8.82,20.67,1.0000,-1,-1,-1
355,5,59.51,32.19,30.55,81.01,0.8605,-1,-1,-1
355,7,902.25,58.96,33.32,68.48,1.0000,-1,-1,-1
355,9,380.38,194.52,58.74,137.24,0.8814,-1,-1,-1
355,10,116.31,170.63,51.86,127.59,0.9238,-1,-1,-1
355,11,26.73,37.76,32.52,80.36,0.8734,-1,-1,-1
356,1,710.51,0.11,5.27,9.87,1.0000,-1,-1,-1
356,4,930.70,227.97,8.49,19.90,1.0000,-1,-1,-1
356,5,59.12,33.29,30.24,80.71,0.8530,-1,-1,-1
356,7,905.69,58.10,33.02,67.86,1.0000,-1,-1,-1
356,9,389.53,194.91,58.58,140.47,0.8989,-1,-1,-1
356,10,116.08,171.85,52.57,130.98,0.9237,-1,-1,-1
356,11,26.41,39.21,31.89,79.11,0.8626,-1,-1,-1
357,1,710.65,0.11,5.13,9.61,1.0000,-1,-1,-1
357,4,932.06,229.00,8.17,19.14,1.0000,-1,-1,-1
357,5,58.72,34.45,30.17,81.26,0.8451,-1,-1,-1
357,7,909.13,57.25,32.72,67.24,1.0000,-1,-1,-1
357,9,396.40,195.34,58.37,141.70,0.9196,-1,-1,-1
357,10,117.39,173.71,52.87,132.80,0.9322,-1,-1,-1
357,11,25.82,40.61,31.48,78.24,0.8545,-1,-1,-1
358,1,710.79,0.11,4.99,9.35,1.0000,-1,-1,-1
358,4,933.42,230.03,7.84,18.37,1.0000,-1,-1,-1
358,5,58.51,35.65,30.14,81.69,0.8742,-1,-1,-1
358,7,912.57,56.40,32.42,66.63,1.0000,-1,-1,-1
358,9,401.64,196.99,58.32,140.91,0.9453,-1,-1,-1
358,10,119.34,175.94,52.80,132.77,0.9296,-1,-1,-1
358,11,24.82,41.72,31.77,79.48,0.8613,-1,-1,-1
359,1,710.94,0.11,4.85,9.08,1.0000,-1,-1,-1
359,4,934.78,231.06,7.51,17.61,1.0000,-1,-1,-1
359,5,58.44,36.44,29.98,81.95,0.8751,-1,-1,-1
359,7,916.01,55.55,32.13,66.01,1.0000,-1,-1,-1
359,9,406.26,199.02,58.39,137.96,0.9208,-1,-1,-1
359,10,121.76,177.97,52.70,132.18,0.9257,-1,-1,-1
359,11,23.74,42.40,31.81,80.25,0.8747,-1,-1,-1
360,1,711.08,0.10,4.71,8.82,1.0000,-1,-1,-1
360,4,936.14,232.09,7.19,16.84,1.0000,-1,-1,-1
360,5,58.13,37.25,29.76,82.06,0.8731,-1,-1,-1
360,7,919.45,54.69,31.83,65.39,1.0000,-1,-1,-1
360,9,412.56,202.46,59.05,133.74,0.9556,-1,-1,-1
360,10,124.61,180.85,52.79,132.66,0.9214,-1,-1,-1
360,11,22.20,43.42,31.40,80.07,0.8947,-1,-1,-1
361,1,711.22,0.10,4.57,8.55,1.0000,-1,-1,-1
361,4,937.50,233.12,6.86,16.07,1.0000,-1,-1,-1
361,5,57.92,37.55,29.53,81.88,0.8754,-1,-1,-1
361,7,922.89,53.84,31.53,64.78,1.0000,-1,-1,-1
361,9,416.98,204.37,61.37,132.73,0.9409,-1,-1,-1
361,10,126.84,182.59,52.39,132.31,0.9185,-1,-1,-1
361,11,20.99,43.63,31.16,80.31,0.8857,-1,-1,-1
362,1,711.37,0.10,4.43,8.29,1.0000,-1,-1,-1
362,4,938.86,234.15,6.53,15.31,1.0000,-1,-1,-1
362,5,57.77,37.66,29.23,81.35,0.8854,-1,-1,-1
362,7,926.33,52.99,31.23,64.16,1.0000,-1,-1,-1
362,9,420.07,205.04,63.69,132.87,0.9390,-1,-1,-1
362,10,128.78,183.80,51.82,131.81,0.9160,-1,-1,-1
362,11,20.10,43.63,30.71,79.74,0.8692,-1,-1,-1
363,1,711.51,0.09,4.28,8.02,1.0000,-1,-1,-1
363,4,940.22,235.18,6.20,14.54,1.0000,-1,-1,-1
363,5,57.46,37.87,29.19,81.51,0.8786,-1,-1,-1
363,7,929.77,52.13,30.93,63.54,1.0000,-1,-1,-1
363,9,422.78,205.28,65.18,132.43,0.9406,-1,-1,-1
363,10,130.80,184.44,51.20,131.57,0.9232,-1,-1,-1
363,11,19.09,43.50,30.95,80.92,0.8666,-1,-1,-1
364,4,941.58,236.21,5.88,13.77,1.0000,-1,-1,-1
364,5,57.31,38.14,29.32,81.97,0.8884,-1,-1,-1
364,7,933.20,51.28,30.63,62.93,1.0000,-1,-1,-1
364,9,426.84,205.09,65.84,132.60,0.9318,-1,-1,-1
364,10,132.68,184.73,50.74,131.40,0.9332,-1,-1,-1
364,11,18.21,43.84,30.94,81.23,0.8838,-1,-1,-1
365,4,942.94,237.24,5.55,13.01,1.0000,-1,-1,-1
365,5,57.12,38.56,29.59,82.66,0.8923,-1,-1,-1
365,7,936.64,50.43,30.33,62.31,1.0000,-1,-1,-1
365,9,431.75,204.27,65.57,133.03,0.9213,-1,-1,-1
365,10,135.00,184.80,50.54,131.22,0.9344,-1,-1,-1
365,11,17.34,44.60,31.37,82.59,0.8960,-1,-1,-1
366,4,944.30,238.28,5.22,12.24,1.0000,-1,-1,-1
366,5,56.71,39.39,29.99,83.85,0.8919,-1,-1,-1
366,7,940.08,49.58,30.03,61.69,1.0000,-1,-1,-1
366,9,437.41,203.20,64.47,133.92,0.8979,-1,-1,-1
366,10,138.13,185.16,50.40,130.57,0.9370,-1,-1,-1
366,11,16.46,45.56,31.75,83.87,0.9032,-1,-1,-1
367,4,945.66,239.31,4.90,11.47,1.0000,-1,-1,-1
367,5,56.38,40.32,30.18,84.46,0.8916,-1,-1,-1
367,7,943.52,48.72,29.73,61.08,1.0000,-1,-1,-1
367,9,444.70,201.94,62.51,134.78,0.8563,-1,-1,-1
367,10,142.20,186.21,50.46,128.97,0.9355,-1,-1,-1
367,11,15.99,47.33,31.41,82.93,0.8962,-1,-1,-1
368,4,947.02,240.34,4.57,10.71,1.0000,-1,-1,-1
368,5,56.13,41.71,30.24,84.47,0.8808,-1,-1,-1
368,7,946.96,47.87,29.43,60.46,1.0000,-1,-1,-1
368,9,454.94,200.97,60.74,136.20,0.8816,-1,-1,-1
368,10,146.40,187.60,51.22,127.84,0.9479,-1,-1,-1
368,11,15.19,49.31,31.82,84.14,0.8944,-1,-1,-1
369,4,948.38,241.37,4.24,9.94,1.0000,-1,-1,-1
369,5,55.57,43.25,30.29,84.39,0.8757,-1,-1,-1
369,7,950.40,47.02,29.13,59.84,1.0000,-1,-1,-1
369,9,462.29,200.82,59.56,136.35,0.8992,-1,-1,-1
369,10,150.18,189.27,52.72,128.03,0.9369,-1,-1,-1
369,11,14.62,51.15,31.80,84.22,0.8932,-1,-1,-1
370,4,949.74,242.40,3.92,9.18,1.0000,-1,-1,-1
370,5,54.80,44.57,30.49,84.87,0.8839,-1,-1,-1
370,7,953.84,46.16,28.83,59.23,1.0000,-1,-1,-1
370,9,468.69,201.46,59.26,135.82,0.9307,-1,-1,-1
370,10,153.41,190.83,54.14,128.14,0.9323,-1,-1,-1
370,11,13.90,52.58,31.81,84.31,0.8547,-1,-1,-1
371,4,951.11,243.43,3.59,8.41,1.0000,-1,-1,-1
371,5,53.98,45.41,30.73,85.33,0.8884,-1,-1,-1
371,7,957.28,45.31,28.53,58.61,1.0000,-1,-1,-1
371,9,473.64,202.23,59.82,135.15,0.9338,-1,-1,-1
371,10,155.73,192.62,55.37,128.09,0.9304,-1,-1,-1
371,11,13.10,53.71,31.80,84.17,0.8520,-1,-1,-1
372,4,952.47,244.46,3.26,7.64,1.0000,-1,-1,-1
372,5,53.52,45.81,30.65,84.44,0.8793,-1,-1,-1
372,7,960.72,44.46,28.23,57.99,1.0000,-1,-1,-1
372,9,478.07,203.26,61.17,134.32,0.9441,-1,-1,-1
372,10,157.28,194.36,56.59,128.68,0.9285,-1,-1,-1
372,11,12.38,54.70,31.83,83.81,0.8301,-1,-1,-1
373,4,953.83,245.49,2.93,6.88,1.0000,-1,-1,-1
373,5,52.97,46.06,30.74,83.74,0.8834,-1,-1,-1
373,7,964.16,43.61,27.93,57.38,1.0000,-1,-1,-1
373,9,480.82,203.78,63.15,134.05,0.9392,-1,-1,-1
373,10,158.32,195.64,57.94,130.57,0.9279,-1,-1,-1
373,11,11.52,55.41,31.81,83.05,0.8517,-1,-1,-1
374,4,955.19,246.52,2.61,6.11,1.0000,-1,-1,-1
374,5,52.12,46.54,31.11,83.83,0.8925,-1,-1,-1
374,7,967.60,42.75,27.63,56.76,1.0000,-1,-1,-1
374,9,483.46,203.97,65.02,133.52,0.9396,-1,-1,-1
374,10,159.75,196.44,58.52,131.42,0.9362,-1,-1,-1
374,11,10.93,55.41,32.07,82.65,0.8671,-1,-1,-1
375,4,956.55,247.55,2.28,5.34,1.0000,-1,-1,-1
375,5,50.96,46.72,31.60,84.41,0.8985,-1,-1,-1
375,7,971.04,41.90,27.34,56.14,1.0000,-1,-1,-1
375,9,486.22,203.72,66.58,132.98,0.9439,-1,-1,-1
375,10,161.32,197.05,58.57,131.40,0.9414,-1,-1,-1
375,11,10.17,54.70,32.83,83.53,0.8470,-1,-1,-1
376,4,957.91,248.58,1.95,4.58,1.0000,-1,-1,-1
376,5,49.70,46.93,31.90,84.70,0.9046,-1,-1,-1
376,7,974.48,41.05,27.04,55.52,1.0000,-1,-1,-1
376,9,489.46,202.65,68.45,133.79,0.9432,-1,-1,-1
376,10,162.91,197.69,58.17,130.96,0.9351,-1,-1,-1
376,11,8.95,54.36,33.13,83.57,0.8494,-1,-1,-1
377,4,959.27,249.61,1.63,3.81,1.0000,-1,-1,-1
377,5,48.79,47.42,32.05,84.72,0.9079,-1,-1,-1
377,7,977.92,40.19,26.74,54.91,1.0000,-1,-1,-1
377,9,495.30,201.24,67.87,131.34,0.9314,-1,-1,-1
377,10,164.23,198.31,57.57,130.35,0.9269,-1,-1,-1
377,11,7.76,53.96,33.72,84.55,0.8560,-1,-1,-1
378,5,48.06,47.88,32.16,84.82,0.9092,-1,-1,-1
378,7,981.36,39.34,26.44,54.29,1.0000,-1,-1,-1
378,9,501.62,199.96,67.17,130.79,0.9313,-1,-1,-1
378,10,165.24,198.87,57.00,129.93,0.9231,-1,-1,-1
378,11,6.49,54.31,34.19,85.24,0.8902,-1,-1,-1
379,5,47.24,48.65,32.36,85.40,0.9052,-1,-1,-1
379,7,984.80,38.49,26.14,53.67,1.0000,-1,-1,-1
379,9,507.87,198.74,66.19,131.41,0.9015,-1,-1,-1
379,10,166.25,199.20,56.51,129.91,0.9172,-1,-1,-1
379,11,4.94,54.76,34.71,86.61,0.8781,-1,-1,-1
380,5,46.43,49.46,32.58,86.36,0.8968,-1,-1,-1
380,7,988.24,37.64,25.84,53.06,1.0000,-1,-1,-1
380,9,514.93,197.34,65.42,134.88,0.8967,-1,-1,-1
380,10,166.69,199.80,56.79,132.10,0.9144,-1,-1,-1
380,11,3.53,55.44,35.17,88.24,0.8622,-1,-1,-1
381,5,45.81,51.14,32.45,86.59,0.8884,-1,-1,-1
381,7,991.67,36.78,25.54,52.44,1.0000,-1,-1,-1
381,9,521.12,196.35,64.00,137.48,0.8889,-1,-1,-1
381,10,166.40,200.81,57.62,136.35,0.9166,-1,-1,-1
381,11,2.80,57.11,35.36,89.33,0.8553,-1,-1,-1
382,5,45.19,52.27,32.14,86.52,0.8797,-1,-1,-1
382,7,995.11,35.93,25.24,51.82,1.0000,-1,-1,-1
382,9,526.26,195.96,61.68,136.37,0.8994,-1,-1,-1
382,10,166.81,202.38,58.16,139.93,0.9195,-1,-1,-1
382,11,2.27,58.85,35.10,89.81,0.8620,-1,-1,-1
383,5,44.77,53.24,31.89,86.59,0.8869,-1,-1,-1
383,7,998.55,35.08,24.94,51.21,1.0000,-1,-1,-1
383,9,531.85,196.28,59.74,133.53,0.9150,-1,-1,-1
383,10,168.90,204.27,59.00,143.29,0.9246,-1,-1,-1
383,11,2.08,60.67,34.56,89.34,0.8640,-1,-1,-1
384,5,43.83,54.61,31.99,87.98,0.8800,-1,-1,-1
384,7,1001.99,34.22,24.64,50.59,1.0000,-1,-1,-1
384,9,538.48,197.55,59.80,131.10,0.9277,-1,-1,-1
384,10,173.56,207.97,59.04,142.42,0.9226,-1,-1,-1
384,11,1.44,62.79,34.28,89.49,0.8863,-1,-1,-1
385,5,43.49,55.38,31.68,87.93,0.8814,-1,-1,-1
385,7,1005.43,33.37,24.34,49.97,1.0000,-1,-1,-1
385,9,544.22,198.75,60.44,128.62,0.9356,-1,-1,-1
385,10,176.83,210.11,59.43,142.56,0.9317,-1,-1,-1
385,11,0.62,63.83,33.97,89.27,0.8734,-1,-1,-1
386,5,43.27,56.06,31.45,87.81,0.8960,-1,-1,-1
386,7,1008.87,32.52,24.04,49.36,1.0000,-1,-1,-1
386,9,546.79,199.03,61.85,127.58,0.9269,-1,-1,-1
386,10,179.23,212.13,59.61,142.69,0.9361,-1,-1,-1
386,11,0.25,64.40,33.73,89.04,0.8734,-1,-1,-1
387,5,43.18,56.45,31.22,87.63,0.8916,-1,-1,-1
387,7,1012.31,31.66,23.74,48.74,1.0000,-1,-1,-1
387,9,548.97,199.15,63.38,127.50,0.9325,-1,-1,-1
387,10,181.54,213.57,59.27,142.25,0.9412,-1,-1,-1
387,11,0.00,64.49,33.59,89.01,0.8761,-1,-1,-1
388,5,43.30,56.90,30.81,86.68,0.8899,-1,-1,-1
388,7,1015.75,30.81,23.44,48.12,1.0000,-1,-1,-1
388,9,551.56,198.60,64.54,127.46,0.9269,-1,-1,-1
388,10,184.05,215.05,58.45,141.20,0.9327,-1,-1,-1
388,11,-0.11,64.35,33.67,89.55,0.8825,-1,-1,-1
389,5,43.12,57.28,30.66,86.30,0.9016,-1,-1,-1
389,7,1019.19,29.96,23.14,47.51,1.0000,-1,-1,-1
389,9,556.03,197.86,64.20,125.85,0.9210,-1,-1,-1
389,10,186.69,216.17,57.47,140.58,0.9175,-1,-1,-1
389,11,-0.12,64.29,33.73,89.76,0.8897,-1,-1,-1
390,5,43.12,57.99,30.73,86.31,0.9125,-1,-1,-1
390,7,1022.63,29.11,22.84,46.89,1.0000,-1,-1,-1
390,9,561.74,196.54,63.29,124.49,0.9001,-1,-1,-1
390,10,189.21,216.90,56.49,140.09,0.9177,-1,-1,-1
390,11,0.08,64.45,33.85,89.97,0.9044,-1,-1,-1
391,5,42.89,58.64,31.24,87.70,0.9140,-1,-1,-1
391,7,1026.07,28.25,22.54,46.27,1.0000,-1,-1,-1
391,9,568.22,195.06,62.54,124.47,0.9108,-1,-1,-1
391,10,192.12,217.50,55.67,139.52,0.9302,-1,-1,-1
391,11,-0.12,64.81,34.05,90.59,0.9134,-1,-1,-1
392,5,42.41,59.52,32.03,90.07,0.9144,-1,-1,-1
392,7,1029.51,27.40,22.24,45.66,1.0000,-1,-1,-1
392,9,576.19,193.48,61.66,125.38,0.9005,-1,-1,-1
392,10,194.92,217.89,55.42,139.55,0.9330,-1,-1,-1
392,11,-0.58,66.01,34.45,92.05,0.9062,-1,-1,-1
393,5,41.70,60.52,32.47,91.55,0.9156,-1,-1,-1
393,7,1032.95,26.55,21.94,45.04,1.0000,-1,-1,-1
393,9,584.88,192.35,60.61,126.19,0.9039,-1,-1,-1
393,10,198.53,218.68,55.32,138.32,0.9221,-1,-1,-1
393,11,-1.16,67.40,34.80,93.69,0.9172,-1,-1,-1
394,5,41.24,61.34,32.72,92.37,0.9091,-1,-1,-1
394,7,1036.39,25.69,21.64,44.42,1.0000,-1,-1,-1
394,9,591.76,191.36,60.00,126.72,0.9159,-1,-1,-1
394,10,203.29,219.63,55.79,137.16,0.9317,-1,-1,-1
394,11,-1.11,69.18,34.54,93.47,0.9140,-1,-1,-1
395,5,40.86,63.21,32.49,91.49,0.8863,-1,-1,-1
395,7,1039.83,24.84,21.34,43.80,1.0000,-1,-1,-1
395,9,596.68,191.10,59.90,126.58,0.9322,-1,-1,-1
395,10,208.36,221.02,56.98,136.79,0.9397,-1,-1,-1
395,11,-1.07,70.80,34.34,93.41,0.9091,-1,-1,-1
396,5,40.52,64.73,32.39,90.88,0.8871,-1,-1,-1
396,7,1043.27,23.99,21.04,43.19,1.0000,-1,-1,-1
396,9,600.17,190.98,60.73,127.01,0.9300,-1,-1,-1
396,10,212.85,222.96,58.72,137.68,0.9367,-1,-1,-1
396,11,-1.13,72.86,34.19,93.59,0.8790,-1,-1,-1
397,5,40.07,65.64,32.41,90.52,0.8857,-1,-1,-1
397,7,1046.71,23.14,20.74,42.57,1.0000,-1,-1,-1
397,9,602.94,191.16,61.99,127.20,0.9393,-1,-1,-1
397,10,216.58,224.89,60.26,138.50,0.9381,-1,-1,-1
397,11,-1.27,74.38,34.28,94.60,0.8632,-1,-1,-1
398,5,39.58,66.44,32.48,90.38,0.8753,-1,-1,-1
398,7,1050.15,22.28,20.44,41.95,1.0000,-1,-1,-1
398,9,605.52,191.37,63.14,126.71,0.9430,-1,-1,-1
398,10,219.38,226.58,61.55,139.13,0.9355,-1,-1,-1
398,11,-1.45,75.21,34.27,95.40,0.8778,-1,-1,-1
399,5,39.43,66.81,32.59,90.20,0.8737,-1,-1,-1
399,7,1053.59,21.43,20.14,41.34,1.0000,-1,-1,-1
399,9,607.93,191.17,64.59,126.83,0.9382,-1,-1,-1
399,10,221.51,228.49,62.80,140.59,0.9363,-1,-1,-1
399,11,-1.33,75.63,33.94,95.15,0.8773,-1,-1,-1
400,5,38.68,67.60,32.69,89.89,0.8759,-1,-1,-1
400,7,1057.03,20.58,19.84,40.72,1.0000,-1,-1,-1
400,9,610.90,190.39,65.91,127.03,0.9355,-1,-1,-1
400,10,223.23,229.73,63.51,141.47,0.9357,-1,-1,-1
400,11,-1.71,76.15,33.52,95.04,0.8737,-1,-1,-1
401,5,38.20,67.84,32.90,89.89,0.8867,-1,-1,-1
401,7,1060.47,19.72,19.54,40.10,1.0000,-1,-1,-1
401,9,614.19,189.87,65.74,124.90,0.9230,-1,-1,-1
401,10,224.84,230.81,63.51,141.42,0.9438,-1,-1,-1
401,11,-2.23,75.74,33.02,95.10,0.8628,-1,-1,-1
402,5,37.69,68.08,33.50,91.11,0.8992,-1,-1,-1
402,7,1063.91,18.87,19.24,39.49,1.0000,-1,-1,-1
402,9,620.51,188.89,64.47,122.71,0.9053,-1,-1,-1
402,10,226.49,231.75,63.07,141.00,0.9365,-1,-1,-1
402,11,-2.51,75.85,32.60,95.47,0.8764,-1,-1,-1
403,5,37.33,68.31,33.84,91.75,0.8974,-1,-1,-1
403,7,1067.35,18.02,18.94,38.87,1.0000,-1,-1,-1
403,9,627.74,187.94,61.88,119.48,0.9075,-1,-1,-1
403,10,227.92,232.47,62.45,140.38,0.9299,-1,-1,-1
403,11,-2.74,75.48,32.09,95.68,0.8867,-1,-1,-1
404,5,37.02,68.51,34.04,92.06,0.8943,-1,-1,-1
404,7,1070.78,17.17,18.64,38.25,1.0000,-1,-1,-1
404,9,633.36,186.45,60.33,118.74,0.8767,-1,-1,-1
404,10,229.33,233.17,61.66,139.75,0.9237,-1,-1,-1
404,11,-2.81,75.50,31.57,95.88,0.8870,-1,-1,-1
405,5,36.63,69.20,34.39,92.79,0.8999,-1,-1,-1
405,7,1074.22,16.31,18.34,37.64,1.0000,-1,-1,-1
405,9,639.79,185.42,59.13,119.60,0.8648,-1,-1,-1
405,10,230.93,234.00,60.67,139.05,0.9165,-1,-1,-1
405,11,-3.46,75.54,31.32,97.52,0.8805,-1,-1,-1
406,5,36.48,69.98,34.87,93.72,0.8899,-1,-1,-1
406,7,1077.66,15.46,18.04,37.02,1.0000,-1,-1,-1
406,9,643.82,184.75,58.74,121.21,0.8899,-1,-1,-1
406,10,232.06,234.54,60.48,140.57,0.9154,-1,-1,-1
406,11,-3.99,75.68,31.06,99.47,0.8546,-1,-1,-1
407,5,36.08,70.81,35.29,94.38,0.8984,-1,-1,-1
407,9,646.51,184.25,58.69,122.62,0.8976,-1,-1,-1
407,10,232.73,235.44,61.24,145.35,0.9139,-1,-1,-1
407,11,-4.17,77.53,30.33,99.99,0.8479,-1,-1,-1
408,5,35.93,72.89,35.42,94.64,0.9033,-1,-1,-1
408,9,652.43,185.85,58.74,120.72,0.9122,-1,-1,-1
408,10,234.57,238.68,63.34,152.43,0.9256,-1,-1,-1
408,11,-4.33,80.71,29.57,100.55,0.8162,-1,-1,-1
409,5,35.99,74.39,35.40,94.73,0.8997,-1,-1,-1
409,9,657.11,187.07,59.74,119.34,0.8972,-1,-1,-1
409,10,237.49,241.71,64.31,155.12,0.9248,-1,-1,-1
409,11,-4.11,82.14,28.98,101.34,0.8077,-1,-1,-1
410,5,36.17,75.38,35.58,95.20,0.8875,-1,-1,-1
410,9,660.14,188.12,61.14,117.96,0.8115,-1,-1,-1
410,10,240.78,244.53,64.61,155.01,0.9343,-1,-1,-1
410,11,-4.10,83.96,28.41,102.33,0.8034,-1,-1,-1
411,5,36.36,76.19,35.74,95.68,0.8890,-1,-1,-1
411,9,663.31,189.34,62.72,116.39,0.8290,-1,-1,-1
411,10,243.94,247.06,64.84,154.51,0.9422,-1,-1,-1
411,11,-4.49,83.81,28.05,104.58,0.7956,-1,-1,-1
412,5,36.48,76.56,35.62,95.50,0.8972,-1,-1,-1
412,9,665.90,190.37,63.81,114.64,0.8541,-1,-1,-1
412,10,246.41,249.40,65.18,154.40,0.9329,-1,-1,-1
412,11,-4.50,85.57,26.97,104.10,0.7806,-1,-1,-1
413,5,36.71,76.87,35.59,95.54,0.8985,-1,-1,-1
413,9,669.80,191.54,64.62,112.34,0.7618,-1,-1,-1
413,10,248.74,251.35,64.98,153.75,0.9287,-1,-1,-1
413,11,-4.73,85.71,26.04,104.46,0.7659,-1,-1,-1
414,5,36.79,77.13,35.59,95.67,0.9051,-1,-1,-1
414,9,674.45,191.83,64.06,111.36,1.0000,-1,-1,-1
414,10,251.79,252.99,64.26,152.87,0.9295,-1,-1,-1
414,11,-4.90,85.40,25.15,105.14,0.7164,-1,-1,-1
415,5,36.74,77.40,35.68,96.13,0.9095,-1,-1,-1
415,9,679.11,192.12,63.50,110.38,1.0000,-1,-1,-1
415,10,254.61,254.23,63.18,151.96,0.9206,-1,-1,-1
415,11,-4.38,86.22,24.01,104.00,0.7883,-1,-1,-1
416,5,36.76,78.07,35.81,96.79,0.9125,-1,-1,-1
416,9,683.76,192.41,62.94,109.39,1.0000,-1,-1,-1
416,10,257.95,255.42,61.83,151.14,0.9272,-1,-1,-1
416,11,-3.94,87.23,22.86,102.42,0.7475,-1,-1,-1
417,5,36.61,79.28,36.09,97.92,0.9064,-1,-1,-1
417,9,688.42,192.69,62.38,108.41,1.0000,-1,-1,-1
417,10,261.90,255.90,60.54,150.21,0.9379,-1,-1,-1
417,11,-3.34,88.18,21.89,100.93,0.7800,-1,-1,-1
418,5,36.54,80.35,36.24,98.72,0.8992,-1,-1,-1
418,9,693.07,192.98,61.81,107.43,1.0000,-1,-1,-1
418,10,265.71,256.23,59.69,149.68,0.9341,-1,-1,-1
418,11,-2.57,89.03,21.38,100.66,0.8131,-1,-1,-1
419,5,36.72,81.33,36.44,99.90,0.8888,-1,-1,-1
419,9,697.73,193.27,61.25,106.45,1.0000,-1,-1,-1
419,10,269.73,257.20,58.95,148.49,0.9331,-1,-1,-1
419,11,-1.83,89.05,21.66,103.35,0.8025,-1,-1,-1
420,5,36.98,82.38,36.25,100.01,0.8963,-1,-1,-1
420,9,702.38,193.55,60.69,105.47,1.0000,-1,-1,-1
420,10,275.29,258.62,58.71,146.61,0.9292,-1,-1,-1
420,11,-1.34,88.96,21.78,105.00,0.7961,-1,-1,-1
421,5,37.30,84.08,36.13,100.20,0.8984,-1,-1,-1
421,9,707.04,193.84,60.13,104.48,1.0000,-1,-1,-1
421,10,281.35,260.57,59.44,145.76,0.9374,-1,-1,-1
421,11,-0.83,89.02,22.16,107.44,0.7464,-1,-1,-1
422,5,37.69,85.86,35.66,99.37,0.8862,-1,-1,-1
422,9,711.70,194.13,59.57,103.50,1.0000,-1,-1,-1
422,10,286.66,262.52,61.47,147.56,0.9253,-1,-1,-1
422,11,-0.07,89.14,22.00,106.37,0.6817,-1,-1,-1
423,5,37.92,86.83,35.79,100.36,0.8814,-1,-1,-1
423,9,716.35,194.41,59.01,102.52,1.0000,-1,-1,-1
423,10,291.73,264.99,63.25,148.33,0.9342,-1,-1,-1
423,11,-0.37,94.29,21.61,105.09,0.5325,-1,-1,-1
424,5,38.34,87.76,35.45,99.79,0.8873,-1,-1,-1
424,9,721.01,194.70,58.45,101.54,1.0000,-1,-1,-1
424,10,295.21,267.19,64.84,149.23,0.9381,-1,-1,-1
424,11,-0.36,95.31,21.67,105.40,1.0000,-1,-1,-1
425,5,38.71,88.29,35.26,99.48,0.8987,-1,-1,-1
425,9,725.66,194.99,57.89,100.55,1.0000,-1,-1,-1
425,10,297.81,269.29,66.00,150.13,0.9383,-1,-1,-1
425,11,-0.60,95.95,22.07,108.19,0.5706,-1,-1,-1
426,5,38.93,88.33,35.42,99.77,0.9040,-1,-1,-1
426,9,730.32,195.28,57.33,99.57,1.0000,-1,-1,-1
426,10,299.45,270.90,67.21,152.09,0.9336,-1,-1,-1
426,11,-1.35,96.30,21.98,109.77,0.5112,-1,-1,-1
427,5,39.61,88.63,35.41,99.19,0.9293,-1,-1,-1
427,9,734.98,195.56,56.76,98.59,1.0000,-1,-1,-1
427,10,300.49,272.26,67.62,152.31,0.9343,-1,-1,-1
427,11,-1.69,101.17,19.95,101.93,0.5398,-1,-1,-1
428,5,40.08,88.80,35.48,98.82,0.9295,-1,-1,-1
428,9,739.63,195.85,56.20,97.61,1.0000,-1,-1,-1
428,10,301.63,273.40,67.54,151.88,0.9289,-1,-1,-1
428,11,-1.86,102.49,19.91,101.72,1.0000,-1,-1,-1
429,5,40.64,89.22,35.53,98.21,0.9243,-1,-1,-1
429,9,744.29,196.14,55.64,96.63,1.0000,-1,-1,-1
429,10,303.55,274.18,66.97,151.27,0.9272,-1,-1,-1
429,11,-2.02,103.82,19.86,101.51,1.0000,-1,-1,-1
430,5,40.89,89.70,36.18,99.27,0.9163,-1,-1,-1
430,9,748.95,196.42,55.08,95.64,1.0000,-1,-1,-1
430,10,306.37,274.40,66.12,151.00,0.9455,-1,-1,-1
430,11,-2.68,108.88,16.63,88.90,0.5540,-1,-1,-1
431,5,41.52,90.56,36.87,100.08,0.9244,-1,-1,-1
431,9,753.60,196.71,54.52,94.66,1.0000,-1,-1,-1
431,10,309.43,275.17,64.67,150.06,0.9318,-1,-1,-1
431,11,-3.17,111.52,16.10,90.63,0.5753,-1,-1,-1
432,5,42.71,92.78,37.38,100.17,0.9096,-1,-1,-1
432,9,758.26,197.00,53.96,93.68,1.0000,-1,-1,-1
432,10,312.10,276.72,64.85,153.62,0.9292,-1,-1,-1
432,11,-2.70,119.07,15.40,90.10,0.6465,-1,-1,-1
433,5,43.75,95.28,37.40,98.87,0.9147,-1,-1,-1
433,9,762.91,197.28,53.39,92.70,1.0000,-1,-1,-1
433,10,313.54,278.77,66.24,159.84,0.9423,-1,-1,-1
433,11,-2.38,122.94,15.08,91.27,0.7181,-1,-1,-1
434,5,44.29,96.89,38.17,99.93,0.9120,-1,-1,-1
434,9,767.57,197.57,52.83,91.72,1.0000,-1,-1,-1
434,10,314.82,281.50,67.71,165.36,0.9408,-1,-1,-1
434,11,-2.24,122.82,15.18,94.86,0.7255,-1,-1,-1
435,5,44.72,97.69,38.62,100.64,0.8999,-1,-1,-1
435,9,772.23,197.86,52.27,90.73,1.0000,-1,-1,-1
435,10,317.39,284.01,68.78,168.07,0.9333,-1,-1,-1
435,11,-2.11,124.25,15.00,96.63,0.7177,-1,-1,-1
436,5,45.41,98.54,38.71,100.61,0.9051,-1,-1,-1
436,9,776.88,198.14,51.71,89.75,1.0000,-1,-1,-1
436,10,320.44,286.63,69.62,168.65,0.9397,-1,-1,-1
436,11,-1.89,123.19,15.10,99.85,0.7087,-1,-1,-1
437,5,46.06,99.34,38.49,99.76,0.9069,-1,-1,-1
437,9,781.54,198.43,51.15,88.77,1.0000,-1,-1,-1
437,10,323.16,289.43,70.33,168.49,0.9384,-1,-1,-1
437,11,-1.53,125.25,14.74,99.42,0.7117,-1,-1,-1
438,5,46.52,99.89,38.67,100.00,0.9077,-1,-1,-1
438,9,786.20,198.72,50.58,87.79,1.0000,-1,-1,-1
438,10,325.92,292.18,70.68,167.90,0.9332,-1,-1,-1
438,11,-1.00,128.81,14.20,96.86,0.7288,-1,-1,-1
439,5,46.84,100.16,38.99,100.72,0.9093,-1,-1,-1
439,9,790.85,199.01,50.02,86.81,1.0000,-1,-1,-1
439,10,328.79,294.20,70.71,167.49,0.9481,-1,-1,-1
439,11,-0.53,130.94,13.88,95.08,0.7099,-1,-1,-1
440,5,46.71,100.40,39.41,101.94,0.9162,-1,-1,-1
440,9,794.60,193.15,64.88,117.32,0.7350,-1,-1,-1
440,10,332.42,295.93,70.10,166.50,0.9470,-1,-1,-1
440,11,-0.43,130.78,13.82,95.27,0.7264,-1,-1,-1
441,5,46.81,101.02,39.47,102.29,0.9193,-1,-1,-1
441,9,801.44,193.49,61.21,117.64,0.8493,-1,-1,-1
441,10,336.95,297.88,68.92,164.89,0.9402,-1,-1,-1
441,11,-0.47,127.43,14.18,98.52,0.7459,-1,-1,-1
442,5,46.81,101.70,39.86,103.62,0.9158,-1,-1,-1
442,9,808.96,195.15,56.55,117.24,0.7843,-1,-1,-1
442,10,342.41,299.32,67.66,163.70,0.9341,-1,-1,-1
442,11,-0.03,126.45,14.37,99.56,0.7926,-1,-1,-1
443,5,46.88,102.72,40.28,105.33,0.8957,-1,-1,-1
443,9,813.39,194.72,53.05,117.60,0.7519,-1,-1,-1
443,10,348.20,300.39,66.22,162.74,0.9357,-1,-1,-1
443,11,1.10,130.20,14.21,95.76,0.8424,-1,-1,-1
444,5,46.59,103.64,41.06,108.12,0.8980,-1,-1,-1
444,9,815.76,193.28,50.38,118.13,0.7733,-1,-1,-1
444,10,353.80,301.15,64.96,162.00,0.9408,-1,-1,-1
444,11,1.54,132.36,14.46,94.95,0.8352,-1,-1,-1
445,5,47.23,105.26,40.57,107.43,0.8987,-1,-1,-1
445,9,817.18,193.72,47.95,117.66,0.5869,-1,-1,-1
445,10,359.29,302.19,63.58,160.75,0.9383,-1,-1,-1
445,11,1.98,133.11,15.11,96.13,0.8085,-1,-1,-1
446,5,47.91,106.93,40.34,107.53,0.8930,-1,-1,-1
446,9,817.08,190.12,48.22,123.92,0.6338,-1,-1,-1
446,10,364.02,303.61,62.26,159.25,0.9274,-1,-1,-1
446,11,1.74,132.22,16.23,101.27,0.7909,-1,-1,-1
447,5,48.43,108.35,40.47,108.70,0.9076,-1,-1,-1
447,9,817.00,187.26,48.63,130.87,0.6249,-1,-1,-1
447,10,370.18,305.27,61.40,157.35,0.9355,-1,-1,-1
447,11,1.89,133.84,17.06,103.94,0.7765,-1,-1,-1
448,5,49.15,110.09,40.07,108.17,0.8986,-1,-1,-1
448,9,819.34,191.65,45.44,127.39,0.6041,-1,-1,-1
448,10,377.66,306.95,61.81,156.03,0.9316,-1,-1,-1
448,11,1.63,136.24,17.42,104.27,0.7710,-1,-1,-1
449,5,49.54,111.46,40.13,108.89,0.9007,-1,-1,-1
449,9,821.41,190.66,44.18,130.20,0.5069,-1,-1,-1
449,10,385.04,309.54,62.95,154.87,0.9425,-1,-1,-1
449,11,1.80,139.46,17.46,102.12,0.8116,-1,-1,-1