2,1,654.24,608.53,283.46,465.80,0.9004,-1,-1,-1
2,2,848.67,352.93,215.64,253.92,0.0159,-1,-1,-1
2,3,1880.21,438.12,40.86,87.61,0.0615,-1,-1,-1
2,4,0.64,349.64,57.29,137.37,0.0402,-1,-1,-1
2,5,1027.34,860.51,39.10,42.07,0.0439,-1,-1,-1
2,6,1077.69,639.06,31.74,34.43,0.0635,-1,-1,-1
2,7,1038.28,859.42,36.22,41.90,0.0157,-1,-1,-1
2,8,146.31,713.92,372.78,362.27,0.0583,-1,-1,-1
2,9,2.30,484.67,83.99,75.31,0.0504,-1,-1,-1
2,10,99.06,50.82,119.80,158.49,0.0467,-1,-1,-1
2,11,1102.04,665.94,33.07,37.03,0.0233,-1,-1,-1
2,12,1.69,485.70,109.47,101.33,0.0449,-1,-1,-1
2,15,1013.38,918.99,42.96,42.93,0.0120,-1,-1,-1
2,16,1109.92,919.86,39.57,45.36,0.0248,-1,-1,-1
2,18,-11.17,374.83,134.42,209.51,0.0107,-1,-1,-1
2,19,174.31,387.13,131.94,234.31,0.0423,-1,-1,-1
3,1,659.01,615.52,278.90,458.92,0.9106,-1,-1,-1
3,2,837.51,336.07,230.95,271.19,0.0412,-1,-1,-1
3,3,1880.45,437.84,40.69,87.43,0.0513,-1,-1,-1
3,4,0.53,350.26,57.29,137.28,0.0451,-1,-1,-1
3,5,1026.31,857.45,38.93,41.92,0.0497,-1,-1,-1
3,6,1077.88,639.03,31.37,34.01,0.0745,-1,-1,-1
3,7,1036.03,856.16,37.43,43.31,0.0113,-1,-1,-1
3,8,148.20,713.42,373.28,362.68,0.0579,-1,-1,-1
3,9,2.30,485.09,85.19,76.26,0.0196,-1,-1,-1
3,10,99.24,51.07,119.28,157.80,0.0515,-1,-1,-1
3,11,1101.86,666.05,33.35,37.34,0.0282,-1,-1,-1
3,12,0.50,485.39,111.92,103.76,0.0221,-1,-1,-1
3,15,1013.89,918.25,42.84,42.81,1.0000,-1,-1,-1
3,16,1113.64,918.66,39.68,45.49,1.0000,-1,-1,-1
3,18,-14.42,353.73,149.20,234.26,0.0146,-1,-1,-1
3,19,174.13,387.08,132.33,234.90,0.0614,-1,-1,-1
4,1,655.17,612.83,280.74,461.56,0.9010,-1,-1,-1
4,2,841.10,362.04,206.78,240.17,0.0145,-1,-1,-1
4,3,1880.77,437.52,40.72,87.84,0.0684,-1,-1,-1
4,4,0.47,353.13,56.24,134.68,0.0582,-1,-1,-1
4,5,1025.75,855.49,39.09,42.09,1.0000,-1,-1,-1
4,6,1078.59,638.71,31.36,34.01,0.0327,-1,-1,-1
4,7,1029.60,854.85,36.28,41.74,0.0691,-1,-1,-1
4,8,145.86,713.64,372.61,362.23,0.0614,-1,-1,-1
4,9,1.36,483.74,84.53,75.72,0.0497,-1,-1,-1
4,10,99.87,50.74,119.08,157.52,0.0556,-1,-1,-1
4,11,1101.96,666.14,33.33,37.32,1.0000,-1,-1,-1
4,12,-0.24,483.87,113.84,105.79,0.0283,-1,-1,-1
4,15,1014.86,913.07,44.40,44.60,0.0111,-1,-1,-1
4,16,1117.37,917.47,39.78,45.61,1.0000,-1,-1,-1
4,18,-13.98,347.73,152.10,240.66,0.0150,-1,-1,-1
4,19,175.00,387.84,131.02,232.34,0.0500,-1,-1,-1
5,1,654.32,611.51,281.82,462.35,0.9037,-1,-1,-1
5,2,831.19,352.70,210.97,242.37,0.0107,-1,-1,-1
5,3,1880.61,437.13,41.00,88.83,0.0541,-1,-1,-1
5,4,0.79,352.46,55.39,132.39,0.0214,-1,-1,-1
5,5,1025.18,853.53,39.25,42.26,1.0000,-1,-1,-1
5,6,1079.04,638.33,31.38,34.03,0.0296,-1,-1,-1
5,7,1026.48,852.51,36.14,41.39,0.0488,-1,-1,-1
5,8,143.26,712.94,372.61,362.73,0.0597,-1,-1,-1
5,9,1.30,483.39,84.61,75.79,1.0000,-1,-1,-1
5,10,100.27,50.63,118.97,157.33,0.0489,-1,-1,-1
5,11,1102.07,666.23,33.31,37.29,1.0000,-1,-1,-1
5,12,-0.77,483.40,114.91,106.79,1.0000,-1,-1,-1
5,15,1015.47,911.15,44.78,44.99,1.0000,-1,-1,-1
5,16,1121.09,916.28,39.89,45.73,1.0000,-1,-1,-1
5,18,-16.89,333.86,161.23,255.11,1.0000,-1,-1,-1
5,19,176.30,389.08,130.02,230.30,0.0266,-1,-1,-1
6,1,654.11,609.68,283.07,463.15,0.9043,-1,-1,-1
6,2,828.65,354.97,206.76,237.53,1.0000,-1,-1,-1
6,3,1880.30,436.15,41.46,90.31,0.0469,-1,-1,-1
6,4,1.08,349.89,58.06,138.43,0.0283,-1,-1,-1
6,5,1024.61,851.57,39.40,42.43,1.0000,-1,-1,-1
6,6,1078.78,637.63,32.04,34.78,0.0219,-1,-1,-1
6,7,1024.88,849.19,36.09,41.11,0.0697,-1,-1,-1
6,8,148.18,712.60,373.18,362.98,0.0537,-1,-1,-1
6,9,1.24,483.04,84.69,75.86,1.0000,-1,-1,-1
6,10,100.16,50.53,119.20,157.60,0.0381,-1,-1,-1
6,11,1102.18,666.33,33.28,37.27,1.0000,-1,-1,-1
6,12,-1.29,482.92,115.99,107.79,1.0000,-1,-1,-1
6,15,1016.04,909.77,42.42,42.71,0.0144,-1,-1,-1
6,16,1124.82,915.08,40.00,45.85,1.0000,-1,-1,-1
6,18,-19.80,319.99,170.36,269.55,1.0000,-1,-1,-1
6,19,175.67,388.33,130.92,231.73,0.0144,-1,-1,-1
7,1,659.90,608.17,283.93,463.79,0.9152,-1,-1,-1
7,2,826.11,357.24,202.55,232.70,1.0000,-1,-1,-1
7,3,1880.80,436.56,40.81,89.35,0.0328,-1,-1,-1
7,4,1.13,349.91,59.82,142.28,0.0986,-1,-1,-1
7,5,1024.04,849.61,39.56,42.60,1.0000,-1,-1,-1
7,6,1078.38,636.92,32.62,35.46,0.0493,-1,-1,-1
7,7,1023.88,846.39,36.06,40.75,0.0973,-1,-1,-1
7,8,149.61,712.02,374.19,363.66,0.0728,-1,-1,-1
7,9,1.18,482.69,84.77,75.93,1.0000,-1,-1,-1
7,10,100.14,49.69,119.61,158.19,0.0437,-1,-1,-1
7,11,1102.77,665.12,32.52,36.26,0.0244,-1,-1,-1
7,12,-1.82,482.45,117.06,108.78,1.0000,-1,-1,-1
7,15,1015.86,907.15,42.66,43.01,0.0125,-1,-1,-1
7,16,1114.67,908.27,38.00,43.05,0.0112,-1,-1,-1
7,18,-22.71,306.12,179.49,284.00,1.0000,-1,-1,-1
7,19,175.51,388.11,130.89,231.51,0.0138,-1,-1,-1
7,26,1075.37,559.90,30.32,36.77,0.0128,-1,-1,-1
8,1,663.69,607.53,285.07,464.32,0.9121,-1,-1,-1
8,2,823.57,359.51,198.34,227.86,1.0000,-1,-1,-1
8,3,1880.83,434.20,40.96,90.27,0.0361,-1,-1,-1
8,4,1.29,349.59,58.62,138.93,0.0742,-1,-1,-1
8,5,1023.47,847.64,39.72,42.76,1.0000,-1,-1,-1
8,6,1077.79,635.61,33.11,36.25,0.0184,-1,-1,-1
8,7,1022.24,842.77,36.50,40.95,0.1291,-1,-1,-1
8,8,150.93,710.39,376.47,365.48,0.0850,-1,-1,-1
8,9,4.23,497.40,68.57,60.72,0.0109,-1,-1,-1
8,10,99.89,49.15,120.08,158.92,0.0414,-1,-1,-1
8,11,1102.96,665.01,32.36,36.09,1.0000,-1,-1,-1
8,12,-2.35,481.98,118.13,109.78,1.0000,-1,-1,-1
8,15,1016.49,904.76,42.70,43.09,0.0131,-1,-1,-1
8,16,1116.31,906.22,37.72,42.72,1.0000,-1,-1,-1
8,18,-25.62,292.25,188.62,298.45,1.0000,-1,-1,-1
8,19,174.55,387.23,131.96,233.42,0.0133,-1,-1,-1
8,26,1080.30,557.88,27.56,33.32,0.0163,-1,-1,-1
9,1,664.89,608.52,285.28,463.23,0.9080,-1,-1,-1
9,2,821.03,361.78,194.13,223.02,1.0000,-1,-1,-1
9,3,1880.66,433.83,40.89,90.60,0.0399,-1,-1,-1
9,4,1.84,349.56,58.10,136.92,0.1386,-1,-1,-1
9,5,1022.90,845.68,39.87,42.93,1.0000,-1,-1,-1
9,6,1077.36,635.04,33.52,36.76,0.0474,-1,-1,-1
9,7,1019.71,839.41,37.57,41.85,0.0910,-1,-1,-1
9,8,150.62,710.68,376.73,365.34,0.1028,-1,-1,-1
9,9,5.11,501.37,64.59,56.33,0.0247,-1,-1,-1
9,10,98.66,48.34,121.20,160.49,0.0519,-1,-1,-1
9,11,1102.87,664.88,32.15,35.85,0.0303,-1,-1,-1
9,12,7.97,473.06,87.59,80.21,0.0164,-1,-1,-1
9,15,1016.97,902.73,42.68,43.08,1.0000,-1,-1,-1
9,16,1116.56,902.74,38.49,43.59,0.0133,-1,-1,-1
9,18,-28.53,278.39,197.75,312.89,1.0000,-1,-1,-1
9,19,174.41,388.12,132.24,234.08,0.0286,-1,-1,-1
9,26,1079.20,556.48,26.92,32.37,0.0193,-1,-1,-1
9,30,1112.26,711.69,43.05,60.80,0.0116,-1,-1,-1
9,31,790.48,368.16,243.76,201.29,0.0286,-1,-1,-1
10,1,666.20,610.28,285.11,461.56,0.9134,-1,-1,-1
10,2,818.49,364.05,189.92,218.19,1.0000,-1,-1,-1
10,3,1880.70,433.89,40.47,90.03,0.0348,-1,-1,-1
10,4,2.21,348.98,61.12,143.12,0.0528,-1,-1,-1
10,5,1022.33,843.72,40.03,43.10,1.0000,-1,-1,-1
10,6,1077.29,634.52,33.70,37.06,0.0376,-1,-1,-1
10,7,1018.13,836.64,38.40,42.43,0.0723,-1,-1,-1
10,8,152.53,710.58,377.64,365.49,0.0852,-1,-1,-1
10,9,9.79,512.63,53.84,44.94,0.0313,-1,-1,-1
10,10,98.49,48.49,120.99,160.26,0.0481,-1,-1,-1
10,11,1103.05,664.70,32.03,35.70,0.0182,-1,-1,-1
10,12,8.87,471.55,84.58,77.45,1.0000,-1,-1,-1
10,15,1016.73,902.12,41.75,42.04,0.0159,-1,-1,-1
10,16,1116.64,900.65,38.66,43.73,0.0274,-1,-1,-1
10,18,-31.44,264.52,206.88,327.34,1.0000,-1,-1,-1
10,19,172.70,386.47,133.54,236.33,0.0182,-1,-1,-1
10,26,1077.28,556.47,26.48,31.87,0.0294,-1,-1,-1
10,30,1112.12,710.85,43.58,61.59,0.0114,-1,-1,-1
10,31,792.94,374.77,233.01,192.42,1.0000,-1,-1,-1
10,33,891.49,575.50,25.30,30.56,0.0197,-1,-1,-1
10,34,1027.09,1012.03,162.96,66.68,0.0163,-1,-1,-1
10,35,1080.61,585.63,28.38,31.37,0.0378,-1,-1,-1
10,36,1042.14,642.78,38.30,43.02,0.0658,-1,-1,-1
11,1,662.38,610.45,284.83,461.53,0.9201,-1,-1,-1
11,2,815.95,366.32,185.71,213.35,1.0000,-1,-1,-1
11,3,1880.86,434.03,40.11,89.60,0.0259,-1,-1,-1
11,4,0.95,350.17,61.04,142.88,0.0378,-1,-1,-1
11,5,1021.76,841.76,40.19,43.27,1.0000,-1,-1,-1
11,6,1077.82,635.02,32.99,36.26,0.0726,-1,-1,-1
11,7,1016.92,833.67,39.03,42.85,0.0396,-1,-1,-1
11,8,153.25,710.65,378.22,365.41,0.0858,-1,-1,-1
11,9,10.30,515.26,52.63,42.43,0.0447,-1,-1,-1
11,10,98.49,48.34,120.87,160.19,0.0479,-1,-1,-1
11,11,1102.94,664.75,31.95,35.65,0.0165,-1,-1,-1
11,12,1.11,473.09,88.60,81.20,0.0113,-1,-1,-1
11,15,1015.98,899.69,42.71,43.04,0.0234,-1,-1,-1
11,16,1116.69,898.22,37.99,42.76,0.0258,-1,-1,-1
11,18,-34.35,250.65,216.01,341.78,1.0000,-1,-1,-1
11,19,172.59,385.26,134.41,238.08,0.0112,-1,-1,-1
11,26,1074.53,554.14,29.01,35.04,0.0266,-1,-1,-1
11,30,1112.02,712.83,41.24,58.22,0.0111,-1,-1,-1
11,31,795.41,381.39,222.27,183.54,1.0000,-1,-1,-1
11,33,890.67,576.18,25.75,30.98,0.0448,-1,-1,-1
11,34,1045.88,1024.13,134.23,54.92,1.0000,-1,-1,-1
11,35,1079.67,585.82,28.30,31.22,0.0526,-1,-1,-1
11,36,1036.33,639.88,32.40,36.29,0.0344,-1,-1,-1
11,37,959.25,550.45,21.90,25.46,0.0146,-1,-1,-1
11,39,1072.21,554.29,34.23,39.00,0.0147,-1,-1,-1
11,40,1033.09,461.40,77.63,68.37,0.0494,-1,-1,-1
12,1,656.09,609.66,283.50,461.40,0.9290,-1,-1,-1
12,2,813.41,368.59,181.50,208.51,1.0000,-1,-1,-1
12,3,1880.42,434.42,39.69,88.56,0.0757,-1,-1,-1
12,4,0.72,349.68,58.44,136.53,0.0463,-1,-1,-1
12,5,1021.20,839.80,40.35,43.44,1.0000,-1,-1,-1
12,6,1077.43,635.32,32.37,35.41,0.1117,-1,-1,-1
12,7,1015.33,831.85,38.98,42.42,0.0321,-1,-1,-1
12,8,154.27,710.42,379.35,365.58,0.0613,-1,-1,-1
12,9,9.17,515.29,54.41,42.69,0.0364,-1,-1,-1
12,10,97.43,47.86,121.44,161.01,0.0336,-1,-1,-1
12,11,1102.24,664.80,31.82,35.54,0.0480,-1,-1,-1
12,12,-2.28,470.91,91.79,84.89,0.0170,-1,-1,-1
12,15,1015.54,898.00,42.38,42.72,0.0284,-1,-1,-1
12,16,1115.93,895.83,38.43,43.14,0.0210,-1,-1,-1
12,18,-37.26,236.78,225.13,356.23,1.0000,-1,-1,-1
12,19,172.32,384.90,134.99,239.41,0.0115,-1,-1,-1
12,26,1072.07,552.83,28.85,34.81,0.0567,-1,-1,-1
12,30,1111.06,713.84,40.30,56.81,0.0110,-1,-1,-1
12,31,797.88,388.00,211.52,174.67,1.0000,-1,-1,-1
12,33,889.76,577.15,26.25,31.51,0.0847,-1,-1,-1
12,34,1064.67,1036.22,105.51,43.17,1.0000,-1,-1,-1
12,35,1078.87,587.68,27.12,29.73,0.1244,-1,-1,-1
12,36,1032.44,639.63,29.99,33.42,0.0416,-1,-1,-1
12,37,962.02,552.54,26.04,30.20,0.0628,-1,-1,-1
12,39,1070.30,552.52,32.50,37.03,0.0106,-1,-1,-1
12,40,1029.17,462.77,76.30,66.92,0.0347,-1,-1,-1
12,41,936.83,501.11,102.48,64.62,0.0194,-1,-1,-1
13,1,651.30,609.28,282.41,462.77,0.9256,-1,-1,-1
13,2,810.87,370.85,177.29,203.68,1.0000,-1,-1,-1
13,3,1880.09,433.43,40.02,89.39,0.0621,-1,-1,-1
13,4,0.87,349.22,56.88,132.49,0.0684,-1,-1,-1
13,5,1020.63,837.83,40.50,43.61,1.0000,-1,-1,-1
13,6,1076.90,635.33,32.58,35.43,0.0912,-1,-1,-1
13,7,1014.33,829.68,38.93,42.01,0.0527,-1,-1,-1
13,8,158.80,710.82,380.55,364.94,0.0565,-1,-1,-1
13,9,10.86,519.39,50.81,38.18,0.0212,-1,-1,-1
13,10,97.41,48.49,121.02,160.48,0.0342,-1,-1,-1
13,11,1102.04,664.73,31.82,35.48,0.0381,-1,-1,-1
13,12,-3.22,470.30,90.21,84.09,0.0129,-1,-1,-1
13,15,1015.61,896.12,42.39,42.80,0.0471,-1,-1,-1
13,16,1115.77,893.88,38.25,42.73,0.0269,-1,-1,-1
13,18,-40.17,222.91,234.26,370.68,1.0000,-1,-1,-1
13,19,172.41,384.65,134.85,239.37,0.0167,-1,-1,-1
13,26,1069.74,551.12,26.68,32.05,0.0120,-1,-1,-1
13,30,1110.93,713.82,40.31,56.63,0.0146,-1,-1,-1
13,31,800.35,394.62,200.77,165.80,1.0000,-1,-1,-1
13,33,889.03,579.22,25.51,30.55,0.0380,-1,-1,-1
13,34,1083.46,1048.31,76.78,31.42,1.0000,-1,-1,-1
13,35,1077.51,588.57,27.15,29.51,0.1269,-1,-1,-1
13,36,1028.80,644.25,28.56,31.56,0.0360,-1,-1,-1
13,37,966.06,554.97,27.52,32.02,0.0461,-1,-1,-1
13,39,1069.30,550.80,30.82,35.20,0.0404,-1,-1,-1
13,40,1031.14,463.12,74.76,65.51,0.0556,-1,-1,-1
13,41,917.25,486.79,128.57,82.10,0.0296,-1,-1,-1
13,42,0.29,568.59,14.71,67.62,0.0364,-1,-1,-1
13,43,0.94,468.59,71.95,61.21,0.0273,-1,-1,-1
13,44,967.31,557.05,27.97,29.08,0.0115,-1,-1,-1
14,1,648.43,606.71,282.03,465.40,0.9173,-1,-1,-1
14,2,808.33,373.12,173.08,198.84,1.0000,-1,-1,-1
14,3,1880.72,432.82,39.30,87.79,0.0515,-1,-1,-1
14,4,1.50,348.18,57.22,132.45,0.0507,-1,-1,-1
14,5,1020.06,835.87,40.66,43.78,1.0000,-1,-1,-1
14,6,1077.56,635.78,32.26,34.99,0.1258,-1,-1,-1
14,7,1012.62,826.87,39.55,42.32,0.0725,-1,-1,-1
14,8,155.18,710.63,381.44,364.92,0.0500,-1,-1,-1
14,9,11.14,521.02,50.60,36.53,0.0409,-1,-1,-1
14,10,97.20,48.70,120.75,160.11,0.0396,-1,-1,-1
14,11,1102.45,664.39,31.67,35.35,0.0302,-1,-1,-1
14,12,-4.21,469.16,89.23,83.19,1.0000,-1,-1,-1
14,15,1015.88,894.27,42.66,43.04,0.0737,-1,-1,-1
14,16,1115.63,891.41,38.55,42.83,0.0788,-1,-1,-1
14,18,-43.08,209.05,243.39,385.12,1.0000,-1,-1,-1
14,19,173.07,385.61,133.51,236.94,0.0259,-1,-1,-1
14,26,1067.15,550.15,25.67,30.58,0.0106,-1,-1,-1
14,30,1111.79,714.77,39.67,55.54,0.0246,-1,-1,-1
14,31,778.97,357.40,240.78,198.87,0.0480,-1,-1,-1
14,33,888.88,581.74,24.54,29.23,0.0253,-1,-1,-1
14,34,1102.26,1060.40,48.06,19.66,1.0000,-1,-1,-1
14,35,1076.42,588.79,27.64,29.78,0.1055,-1,-1,-1
14,36,1025.22,643.60,25.83,28.55,1.0000,-1,-1,-1
14,37,973.79,559.03,26.58,30.72,0.0185,-1,-1,-1
14,39,1069.10,547.49,31.90,36.50,0.0162,-1,-1,-1
14,40,1033.60,462.19,73.83,64.64,0.0367,-1,-1,-1
14,41,907.87,480.19,139.12,90.24,0.0352,-1,-1,-1
14,42,1.30,569.45,12.90,58.67,0.0154,-1,-1,-1
14,43,1.98,469.20,74.03,62.86,0.0410,-1,-1,-1
14,44,975.78,558.57,29.04,29.56,0.0250,-1,-1,-1
14,46,1.54,488.35,16.36,46.79,0.0307,-1,-1,-1
15,1,644.43,602.70,281.87,467.63,0.8733,-1,-1,-1
15,2,805.79,375.39,168.87,194.00,1.0000,-1,-1,-1
15,3,1880.92,433.22,38.63,86.03,0.0524,-1,-1,-1
15,4,0.87,348.48,54.60,126.18,0.0597,-1,-1,-1
15,5,1019.49,833.91,40.82,43.95,1.0000,-1,-1,-1
15,6,1076.01,635.95,32.39,35.22,0.1524,-1,-1,-1
15,7,1008.37,824.82,39.15,41.65,0.0387,-1,-1,-1
15,8,160.69,711.63,383.62,364.13,0.0586,-1,-1,-1
15,9,8.67,520.54,53.93,38.01,0.0175,-1,-1,-1
15,10,97.31,49.71,119.82,158.83,0.0302,-1,-1,-1
15,11,1102.05,664.91,31.81,35.53,0.0281,-1,-1,-1
15,12,-5.21,468.02,88.26,82.28,1.0000,-1,-1,-1
15,15,1015.43,892.91,42.99,43.44,0.0531,-1,-1,-1
15,16,1114.75,889.30,39.47,43.71,0.0520,-1,-1,-1
15,18,-45.99,195.18,252.52,399.57,1.0000,-1,-1,-1
15,19,172.47,386.53,133.25,236.65,0.0123,-1,-1,-1
15,26,1063.06,549.43,27.35,32.46,0.0447,-1,-1,-1
15,30,1110.78,714.73,40.16,56.06,0.0194,-1,-1,-1
15,31,772.31,356.33,234.74,194.77,0.0362,-1,-1,-1
15,33,887.30,583.69,24.45,28.84,0.0319,-1,-1,-1
15,34,1121.05,1072.49,19.34,7.91,1.0000,-1,-1,-1
15,35,1075.03,589.89,29.19,31.24,0.1222,-1,-1,-1
15,36,1021.65,642.96,23.10,25.53,1.0000,-1,-1,-1
15,37,980.72,564.50,26.06,29.95,0.0401,-1,-1,-1
15,39,1066.87,547.09,33.13,37.91,0.0150,-1,-1,-1
15,40,1035.58,462.89,72.85,63.65,0.0446,-1,-1,-1
15,41,906.83,478.79,138.28,91.18,0.0369,-1,-1,-1
15,42,1.86,568.69,11.78,52.77,0.0201,-1,-1,-1
15,43,-0.21,467.80,77.80,66.18,0.0104,-1,-1,-1
15,44,980.76,560.31,29.45,29.97,1.0000,-1,-1,-1
15,46,2.42,492.57,16.22,45.81,0.0360,-1,-1,-1
16,1,640.18,599.34,283.52,471.70,0.8690,-1,-1,-1
16,2,803.25,377.66,164.66,189.17,1.0000,-1,-1,-1
16,3,1881.10,433.80,38.23,84.85,0.0478,-1,-1,-1
16,4,0.56,350.13,54.23,125.14,0.0691,-1,-1,-1
16,5,1018.92,831.95,40.97,44.12,1.0000,-1,-1,-1
16,6,1076.89,636.66,31.83,34.49,0.0865,-1,-1,-1
16,7,1006.28,823.23,38.28,40.47,0.0405,-1,-1,-1
16,8,163.51,712.07,385.75,363.47,0.0556,-1,-1,-1
16,9,7.64,520.95,55.70,38.39,0.0312,-1,-1,-1
16,10,97.95,50.63,118.84,157.58,0.0317,-1,-1,-1
16,11,1101.98,665.30,31.71,35.41,0.0220,-1,-1,-1
16,12,-6.20,466.88,87.29,81.37,1.0000,-1,-1,-1
16,15,1015.38,891.08,43.76,44.36,0.0659,-1,-1,-1
16,16,1114.95,886.84,39.59,43.71,0.0838,-1,-1,-1
16,18,-48.89,181.31,261.65,414.01,1.0000,-1,-1,-1
16,19,172.60,388.10,132.43,235.25,0.0104,-1,-1,-1
16,26,1061.21,547.84,29.01,34.34,0.0118,-1,-1,-1
16,30,1111.55,714.21,41.46,57.73,0.0151,-1,-1,-1
16,31,762.04,351.09,235.46,197.29,0.0217,-1,-1,-1
16,33,887.11,586.42,23.82,27.80,0.0162,-1,-1,-1
16,34,1139.84,1084.58,-9.39,-3.84,1.0000,-1,-1,-1
16,35,1073.86,590.60,29.58,31.55,0.0640,-1,-1,-1
16,36,1018.07,642.31,20.37,22.51,1.0000,-1,-1,-1
16,37,988.35,567.36,27.65,31.48,0.0132,-1,-1,-1
16,39,1065.68,545.43,33.32,38.13,1.0000,-1,-1,-1
16,40,1035.27,462.71,73.94,64.57,0.0361,-1,-1,-1
16,41,898.14,473.86,147.57,97.31,1.0000,-1,-1,-1
16,42,2.16,571.94,11.01,48.24,0.0133,-1,-1,-1
16,43,0.96,467.75,77.50,65.82,0.0157,-1,-1,-1
16,44,985.74,562.05,29.86,30.39,1.0000,-1,-1,-1
16,46,3.40,494.10,15.48,42.74,0.0505,-1,-1,-1
17,1,636.14,596.96,285.06,474.85,0.8817,-1,-1,-1
17,2,800.71,379.93,160.45,184.33,1.0000,-1,-1,-1
17,3,1880.90,433.86,38.42,85.01,0.0380,-1,-1,-1
17,4,0.10,350.77,54.38,125.56,0.0390,-1,-1,-1
17,5,1018.35,829.99,41.13,44.29,1.0000,-1,-1,-1
17,6,1077.25,636.80,31.71,34.23,0.0852,-1,-1,-1
17,7,1004.71,821.35,38.85,41.07,0.0323,-1,-1,-1
17,8,159.52,712.74,385.80,362.40,0.0620,-1,-1,-1
17,9,7.05,521.33,56.68,38.26,0.0425,-1,-1,-1
17,10,98.58,51.26,118.06,156.52,0.0284,-1,-1,-1
17,11,1101.93,665.31,31.89,35.58,0.0223,-1,-1,-1
17,12,-7.20,465.74,86.32,80.47,1.0000,-1,-1,-1
17,15,1014.79,888.56,44.98,46.05,0.0685,-1,-1,-1
17,16,1115.35,885.18,39.26,43.18,0.0567,-1,-1,-1
17,18,-51.80,167.44,270.78,428.46,1.0000,-1,-1,-1
17,19,173.80,389.46,131.47,233.57,0.0352,-1,-1,-1
17,26,1059.71,548.13,28.32,33.31,0.0299,-1,-1,-1
17,30,1111.24,712.24,43.18,60.14,0.0195,-1,-1,-1
17,31,760.09,346.62,231.11,194.95,0.0261,-1,-1,-1
17,33,886.86,588.58,24.09,27.95,0.0107,-1,-1,-1
17,34,1158.63,1096.67,-38.11,-15.59,1.0000,-1,-1,-1
17,35,1073.67,591.87,29.51,31.36,0.0892,-1,-1,-1
17,36,1014.50,641.66,17.64,19.49,1.0000,-1,-1,-1
17,37,992.44,572.30,27.65,31.70,0.0294,-1,-1,-1
17,39,1064.48,543.76,33.51,38.35,1.0000,-1,-1,-1
17,40,1038.27,463.77,71.60,62.60,0.0341,-1,-1,-1
17,41,889.45,468.93,156.86,103.43,1.0000,-1,-1,-1
17,42,2.30,572.94,10.75,45.92,0.0153,-1,-1,-1
17,43,1.11,468.37,75.01,63.64,0.0189,-1,-1,-1
17,44,990.73,563.80,30.26,30.80,1.0000,-1,-1,-1
17,46,4.90,494.54,14.52,38.46,0.0842,-1,-1,-1
17,52,925.66,993.31,235.00,83.87,0.0219,-1,-1,-1
18,1,635.76,594.80,285.98,476.98,0.8960,-1,-1,-1
18,2,798.17,382.20,156.24,179.49,1.0000,-1,-1,-1
18,3,1879.47,431.33,40.41,89.58,0.0243,-1,-1,-1
18,4,0.56,351.02,53.62,123.42,0.0457,-1,-1,-1
18,5,1017.78,828.02,41.29,44.46,1.0000,-1,-1,-1
18,6,1076.84,636.78,31.94,34.38,0.0982,-1,-1,-1
18,7,1003.84,819.37,38.46,40.72,0.0432,-1,-1,-1
18,8,151.32,714.70,383.16,360.43,0.0743,-1,-1,-1
18,9,5.22,520.69,59.69,39.85,0.0266,-1,-1,-1
18,10,101.52,52.33,117.13,155.83,0.0166,-1,-1,-1
18,11,1101.63,665.07,32.01,35.74,0.0231,-1,-1,-1
18,12,-8.19,464.60,85.34,79.56,1.0000,-1,-1,-1
18,15,1014.84,887.09,44.65,45.88,0.0740,-1,-1,-1
18,16,1115.73,884.10,38.51,42.03,0.0602,-1,-1,-1
18,18,-54.71,153.57,279.91,442.91,1.0000,-1,-1,-1
18,19,172.65,388.52,132.45,234.85,0.0183,-1,-1,-1
18,26,1058.87,548.54,27.26,31.71,0.0236,-1,-1,-1
18,30,1110.87,711.91,43.74,60.89,0.0155,-1,-1,-1
18,31,753.96,343.58,229.38,195.92,0.0174,-1,-1,-1
18,33,885.93,590.48,24.82,28.71,0.0120,-1,-1,-1
18,34,1177.43,1108.76,-66.84,-27.35,1.0000,-1,-1,-1
18,35,1071.74,592.68,28.90,30.82,0.0780,-1,-1,-1
18,36,1010.92,641.02,14.91,16.48,1.0000,-1,-1,-1
18,37,1000.82,576.40,28.08,32.12,0.0221,-1,-1,-1
18,39,1063.28,542.10,33.70,38.56,1.0000,-1,-1,-1
18,40,1039.76,464.09,70.69,61.91,0.0480,-1,-1,-1
18,41,880.76,464.01,166.15,109.56,1.0000,-1,-1,-1
18,42,2.76,573.75,9.91,42.30,1.0000,-1,-1,-1
18,43,0.62,467.99,77.38,65.66,0.0115,-1,-1,-1
18,44,995.71,565.54,30.67,31.21,1.0000,-1,-1,-1
18,46,6.20,492.73,15.13,38.00,0.0312,-1,-1,-1
18,52,905.07,982.59,263.40,94.75,0.0424,-1,-1,-1
19,1,636.04,594.12,286.28,478.46,0.9083,-1,-1,-1
19,2,795.63,384.47,152.03,174.66,1.0000,-1,-1,-1
19,3,1879.70,433.09,39.57,87.24,0.0480,-1,-1,-1
19,4,0.71,352.15,53.03,121.69,0.1536,-1,-1,-1
19,5,1017.22,826.06,41.45,44.62,1.0000,-1,-1,-1
19,6,1076.05,636.37,32.58,35.02,0.0922,-1,-1,-1
19,7,1003.41,817.90,37.94,39.95,0.0562,-1,-1,-1
19,8,149.32,714.95,382.91,360.50,0.0773,-1,-1,-1
19,9,4.94,521.16,60.48,39.87,0.0147,-1,-1,-1
19,10,102.42,52.76,117.01,156.22,0.0174,-1,-1,-1
19,11,1100.81,665.15,32.35,36.07,0.0199,-1,-1,-1
19,12,-9.19,463.46,84.37,78.66,1.0000,-1,-1,-1
19,15,1014.70,885.64,44.49,45.81,0.0578,-1,-1,-1
19,16,1115.90,882.47,38.68,42.05,0.0179,-1,-1,-1
19,18,-57.62,139.71,289.04,457.35,1.0000,-1,-1,-1
19,19,171.09,387.00,133.69,237.46,0.0133,-1,-1,-1
19,26,1057.46,547.62,27.21,31.38,0.0190,-1,-1,-1
19,30,1110.32,711.78,44.09,61.36,0.0104,-1,-1,-1
19,31,748.80,343.39,231.49,200.44,0.0226,-1,-1,-1
19,33,884.43,591.79,25.53,29.55,0.0176,-1,-1,-1
19,34,1196.22,1120.85,-95.56,-39.10,1.0000,-1,-1,-1
19,35,1070.09,592.76,29.86,32.01,0.0574,-1,-1,-1
19,36,1007.35,640.37,12.18,13.46,1.0000,-1,-1,-1
19,37,1008.32,581.07,27.51,31.54,0.0271,-1,-1,-1
19,39,1062.09,540.44,33.89,38.78,1.0000,-1,-1,-1
19,40,1039.36,465.76,68.92,60.15,0.1371,-1,-1,-1
19,41,872.07,459.08,175.45,115.69,1.0000,-1,-1,-1
19,42,3.21,574.56,9.06,38.68,1.0000,-1,-1,-1
19,43,2.25,468.21,73.61,62.08,0.0119,-1,-1,-1
19,44,1000.69,567.28,31.07,31.63,1.0000,-1,-1,-1
19,46,6.10,490.90,16.55,39.65,0.0338,-1,-1,-1
19,52,889.77,975.80,278.23,101.20,0.0117,-1,-1,-1
19,59,926.21,474.57,100.91,89.54,0.1340,-1,-1,-1
20,1,636.35,593.83,286.29,479.33,0.9111,-1,-1,-1
20,2,793.09,386.74,147.82,169.82,1.0000,-1,-1,-1
20,3,1879.82,433.79,39.14,85.78,0.0287,-1,-1,-1
20,4,0.54,352.70,51.92,118.92,0.0509,-1,-1,-1
20,5,1016.65,824.10,41.60,44.79,1.0000,-1,-1,-1
20,6,1075.42,636.69,32.60,34.88,0.0969,-1,-1,-1
20,7,1003.03,816.44,37.52,39.27,0.0428,-1,-1,-1
20,8,146.86,715.90,381.69,359.57,0.0703,-1,-1,-1
20,9,5.34,522.38,59.13,38.98,1.0000,-1,-1,-1
20,10,101.52,53.83,116.97,156.16,0.0165,-1,-1,-1
20,11,1100.49,665.43,32.22,35.87,0.0189,-1,-1,-1
20,12,-10.18,462.32,83.40,77.75,1.0000,-1,-1,-1
20,15,1014.81,884.91,43.67,44.92,0.0652,-1,-1,-1
20,16,1116.17,881.57,38.88,42.07,0.0202,-1,-1,-1
20,18,-60.53,125.84,298.17,471.80,1.0000,-1,-1,-1
20,19,169.91,385.98,134.59,239.46,0.0119,-1,-1,-1
20,26,1055.79,547.68,27.26,31.29,0.0308,-1,-1,-1
20,30,1110.16,711.68,44.26,61.59,1.0000,-1,-1,-1
20,31,747.40,344.02,224.75,197.39,0.0182,-1,-1,-1
20,33,883.18,593.48,25.87,29.81,0.0385,-1,-1,-1
20,34,1215.01,1132.94,-124.28,-50.85,1.0000,-1,-1,-1
20,35,1068.70,593.54,30.55,32.89,0.0435,-1,-1,-1
20,36,1003.77,639.73,9.45,10.44,1.0000,-1,-1,-1
20,37,1013.93,585.02,27.52,31.52,0.0492,-1,-1,-1
20,39,1060.89,538.77,34.08,39.00,1.0000,-1,-1,-1
20,40,1039.05,466.35,68.95,60.28,0.0553,-1,-1,-1
20,41,863.37,454.15,184.74,121.81,1.0000,-1,-1,-1
20,42,3.67,575.37,8.21,35.06,1.0000,-1,-1,-1
20,43,2.62,468.20,73.34,61.86,1.0000,-1,-1,-1
20,44,1005.67,569.02,31.48,32.04,1.0000,-1,-1,-1
20,46,6.37,490.40,17.30,39.25,0.0227,-1,-1,-1
20,52,880.03,971.01,287.09,105.88,0.0390,-1,-1,-1
20,59,927.27,493.15,78.05,68.49,0.0787,-1,-1,-1
20,62,828.44,557.57,24.25,29.28,0.0262,-1,-1,-1
21,1,634.87,593.97,285.93,478.75,0.8952,-1,-1,-1
21,2,790.55,389.01,143.61,164.98,1.0000,-1,-1,-1
21,3,1879.59,434.22,39.15,85.23,0.0279,-1,-1,-1
21,4,0.18,352.46,53.12,121.69,0.0823,-1,-1,-1
21,5,1016.08,822.14,41.76,44.96,1.0000,-1,-1,-1
21,6,1074.87,636.50,33.15,35.36,0.0747,-1,-1,-1
21,7,1002.96,815.24,37.33,38.87,0.0227,-1,-1,-1
21,8,152.18,715.77,382.69,359.79,0.0540,-1,-1,-1
21,9,5.73,523.59,57.79,38.10,1.0000,-1,-1,-1
21,10,101.10,54.18,117.13,156.37,0.0160,-1,-1,-1
21,11,1100.09,665.41,32.42,36.02,0.0142,-1,-1,-1
21,12,-11.17,461.18,82.43,76.84,1.0000,-1,-1,-1
21,15,1014.74,884.31,43.56,44.73,0.0687,-1,-1,-1
21,16,1116.97,879.95,39.21,42.28,0.0151,-1,-1,-1
21,18,-63.44,111.97,307.30,486.24,1.0000,-1,-1,-1
21,19,169.98,386.61,134.03,238.60,0.0293,-1,-1,-1
21,26,1053.94,547.49,27.47,31.29,0.0229,-1,-1,-1
21,30,1110.00,711.57,44.43,61.83,1.0000,-1,-1,-1
21,31,742.85,342.10,230.96,206.22,0.0368,-1,-1,-1
21,33,882.03,595.11,25.65,29.53,0.0243,-1,-1,-1
21,34,1233.80,1145.03,-153.01,-62.60,1.0000,-1,-1,-1
21,35,1067.74,594.64,30.77,33.15,0.0294,-1,-1,-1
21,36,1000.20,639.08,6.72,7.42,1.0000,-1,-1,-1
21,37,1022.03,589.25,28.03,32.17,0.0699,-1,-1,-1
21,39,1059.70,537.11,34.27,39.22,1.0000,-1,-1,-1
21,40,1039.24,465.84,69.55,60.85,0.0202,-1,-1,-1
21,41,854.68,449.23,194.03,127.94,1.0000,-1,-1,-1
21,42,4.13,576.18,7.36,31.45,1.0000,-1,-1,-1
21,43,2.99,468.20,73.07,61.63,1.0000,-1,-1,-1
21,44,1010.65,570.76,31.88,32.45,1.0000,-1,-1,-1
21,46,7.27,492.20,17.03,35.86,0.0678,-1,-1,-1
21,52,877.69,969.67,285.98,107.06,0.0187,-1,-1,-1
21,59,927.14,501.05,67.39,59.14,1.0000,-1,-1,-1
21,62,831.04,562.41,23.17,27.83,0.0305,-1,-1,-1
21,64,1020.89,465.93,74.14,61.89,0.0733,-1,-1,-1
22,1,634.11,594.70,285.53,478.26,0.9091,-1,-1,-1
22,2,788.01,391.28,139.40,160.15,1.0000,-1,-1,-1
22,3,1879.55,434.18,38.96,84.17,0.0456,-1,-1,-1
22,4,0.25,353.88,52.35,119.77,0.0472,-1,-1,-1
22,5,1015.51,820.17,41.92,45.13,1.0000,-1,-1,-1
22,6,1075.01,637.11,32.76,34.77,0.0545,-1,-1,-1
22,7,1002.88,813.80,36.90,38.27,0.0151,-1,-1,-1
22,8,155.23,715.98,383.86,359.37,0.0432,-1,-1,-1
22,9,6.13,524.81,56.45,37.21,1.0000,-1,-1,-1
22,10,102.07,53.85,116.88,156.55,0.0177,-1,-1,-1
22,11,1099.52,665.64,32.69,36.30,0.0131,-1,-1,-1
22,12,-12.17,460.04,81.46,75.94,1.0000,-1,-1,-1
22,15,1015.60,884.56,42.43,43.47,0.0671,-1,-1,-1
22,16,1118.44,878.87,39.13,42.23,0.0213,-1,-1,-1
22,18,-66.35,98.10,316.43,500.69,1.0000,-1,-1,-1
22,19,169.66,387.95,133.78,238.21,0.0114,-1,-1,-1
22,26,1052.06,547.44,27.31,30.85,0.0214,-1,-1,-1
22,30,1109.84,711.47,44.60,62.07,1.0000,-1,-1,-1
22,31,748.47,340.04,243.08,218.36,0.0419,-1,-1,-1
22,33,880.05,596.92,26.34,30.37,0.0147,-1,-1,-1
22,34,1252.60,1157.12,-181.73,-74.36,1.0000,-1,-1,-1
22,35,1062.50,595.93,30.11,32.16,0.0213,-1,-1,-1
22,36,996.62,638.43,3.99,4.41,1.0000,-1,-1,-1
22,37,1028.44,593.25,27.74,31.76,0.0478,-1,-1,-1
22,39,1058.50,535.45,34.46,39.44,1.0000,-1,-1,-1
22,40,1035.37,464.17,72.69,63.41,0.0133,-1,-1,-1
22,41,845.99,444.30,203.32,134.07,1.0000,-1,-1,-1
22,42,4.59,576.99,6.52,27.83,1.0000,-1,-1,-1
22,43,3.36,468.19,72.80,61.40,1.0000,-1,-1,-1
22,44,1015.63,572.51,32.29,32.86,1.0000,-1,-1,-1
22,46,7.86,492.48,17.75,34.60,0.0389,-1,-1,-1
22,52,883.01,971.63,277.09,105.18,0.0127,-1,-1,-1
22,59,927.01,508.95,56.74,49.79,1.0000,-1,-1,-1
22,62,833.05,567.59,22.87,27.49,0.0163,-1,-1,-1
22,64,1023.75,464.89,76.29,63.45,0.0923,-1,-1,-1
23,1,635.17,595.74,284.53,476.68,0.9144,-1,-1,-1
23,2,785.47,393.55,135.19,155.31,1.0000,-1,-1,-1
23,3,1879.46,434.28,38.99,83.59,0.0564,-1,-1,-1
23,4,0.39,354.68,51.67,118.00,0.0592,-1,-1,-1
23,5,1014.94,818.21,42.07,45.30,1.0000,-1,-1,-1
23,6,1075.23,637.63,32.49,34.29,0.0634,-1,-1,-1
23,7,1003.06,812.49,37.00,38.22,0.0118,-1,-1,-1
23,8,152.75,715.89,384.29,359.26,0.0346,-1,-1,-1
23,9,6.52,526.03,55.10,36.33,1.0000,-1,-1,-1
23,10,100.52,55.79,116.15,155.11,0.0210,-1,-1,-1
23,11,1099.63,665.89,32.37,35.92,0.0164,-1,-1,-1
23,12,-13.16,458.90,80.48,75.03,1.0000,-1,-1,-1
23,15,1016.02,884.48,42.03,42.91,0.0762,-1,-1,-1
23,16,1119.96,878.15,38.60,41.62,0.0539,-1,-1,-1
23,18,-69.26,84.24,325.56,515.13,1.0000,-1,-1,-1
23,19,169.33,388.07,133.89,238.40,1.0000,-1,-1,-1
23,26,1050.96,547.28,27.42,30.74,0.0145,-1,-1,-1
23,30,1109.68,711.37,44.77,62.30,1.0000,-1,-1,-1
23,31,751.28,337.80,249.45,225.11,0.0255,-1,-1,-1
23,33,879.35,599.34,26.27,30.32,0.0134,-1,-1,-1
23,34,1271.39,1169.21,-210.46,-86.11,1.0000,-1,-1,-1
23,35,1060.95,596.72,30.19,32.25,1.0000,-1,-1,-1
23,36,993.05,637.79,1.26,1.39,1.0000,-1,-1,-1
23,37,1035.06,596.59,28.76,32.57,0.0437,-1,-1,-1
23,39,1057.31,533.78,34.65,39.66,1.0000,-1,-1,-1
23,40,1034.87,463.73,73.45,64.04,0.0137,-1,-1,-1
23,41,837.30,439.38,212.61,140.19,1.0000,-1,-1,-1
23,42,5.05,577.80,5.67,24.21,1.0000,-1,-1,-1
23,43,3.73,468.19,72.53,61.18,1.0000,-1,-1,-1
23,44,1020.61,574.25,32.70,33.28,1.0000,-1,-1,-1
23,46,8.83,493.46,18.43,32.87,0.0726,-1,-1,-1
23,52,894.43,976.45,262.25,100.69,0.0177,-1,-1,-1
23,59,926.88,516.85,46.08,40.44,1.0000,-1,-1,-1
23,62,834.18,572.95,23.99,28.72,0.0244,-1,-1,-1
23,64,1017.79,465.26,76.31,62.83,0.0804,-1,-1,-1
24,1,637.24,596.60,283.80,476.01,0.9186,-1,-1,-1
24,2,782.93,395.82,130.98,150.47,1.0000,-1,-1,-1
24,3,1879.22,434.06,39.46,84.13,0.0214,-1,-1,-1
24,4,0.55,356.73,49.93,113.72,0.0399,-1,-1,-1
24,5,1014.37,816.25,42.23,45.47,1.0000,-1,-1,-1
24,6,1075.19,637.96,32.80,34.47,0.0738,-1,-1,-1
24,7,1003.03,810.99,36.85,38.21,0.0118,-1,-1,-1
24,8,147.66,715.81,383.19,359.19,0.0413,-1,-1,-1
24,9,6.92,527.25,53.76,35.44,1.0000,-1,-1,-1
24,10,102.50,56.29,115.56,154.88,0.0219,-1,-1,-1
24,11,1099.33,666.05,32.93,36.53,0.0180,-1,-1,-1
24,12,-14.16,457.75,79.51,74.12,1.0000,-1,-1,-1
24,15,1016.78,884.02,42.01,42.84,0.0529,-1,-1,-1
24,16,1120.82,876.67,38.12,40.90,0.0403,-1,-1,-1
24,18,-72.17,70.37,334.69,529.58,1.0000,-1,-1,-1
24,19,169.00,388.18,134.00,238.59,1.0000,-1,-1,-1
24,26,1049.40,546.34,28.57,31.80,0.0186,-1,-1,-1
24,30,1109.51,711.26,44.94,62.54,1.0000,-1,-1,-1
24,31,755.98,337.04,253.77,229.14,0.0378,-1,-1,-1
24,33,878.16,601.93,26.30,30.44,0.0119,-1,-1,-1
24,34,1290.18,1181.31,-239.18,-97.86,1.0000,-1,-1,-1
24,35,1059.41,597.52,30.27,32.34,1.0000,-1,-1,-1
24,36,989.47,637.14,-1.47,-1.63,1.0000,-1,-1,-1
24,37,1039.43,600.48,29.60,33.34,0.0341,-1,-1,-1
24,39,1056.11,532.12,34.84,39.87,1.0000,-1,-1,-1
24,40,1034.39,463.32,74.13,64.67,0.0249,-1,-1,-1
24,41,828.60,434.45,221.90,146.32,1.0000,-1,-1,-1
24,42,5.51,578.61,4.82,20.59,1.0000,-1,-1,-1
24,43,4.09,468.18,72.27,60.95,1.0000,-1,-1,-1
24,44,1025.59,575.99,33.10,33.69,1.0000,-1,-1,-1
24,46,9.06,493.61,20.73,34.23,0.0391,-1,-1,-1
24,52,907.95,982.74,243.61,94.20,0.0344,-1,-1,-1
24,59,926.75,524.75,35.42,31.09,1.0000,-1,-1,-1
24,62,835.07,578.35,24.97,29.87,0.0225,-1,-1,-1
24,64,1013.77,466.18,78.67,64.15,0.1391,-1,-1,-1
25,1,638.91,596.05,283.94,476.49,0.9217,-1,-1,-1
25,2,780.39,398.09,126.77,145.64,1.0000,-1,-1,-1
25,3,1878.41,432.69,40.76,86.74,0.0252,-1,-1,-1
25,4,0.85,357.33,49.66,112.62,0.0398,-1,-1,-1
25,5,1013.80,814.29,42.39,45.64,1.0000,-1,-1,-1
25,6,1074.90,637.11,33.76,35.36,0.0323,-1,-1,-1
25,7,1002.16,809.17,36.61,37.97,1.0000,-1,-1,-1
25,8,147.20,715.24,384.07,360.07,0.0401,-1,-1,-1
25,9,7.31,528.46,52.41,34.55,1.0000,-1,-1,-1
25,10,104.59,56.64,113.98,153.84,0.0272,-1,-1,-1
25,11,1099.52,666.23,32.76,36.28,0.0105,-1,-1,-1
25,12,-15.15,456.61,78.54,73.22,1.0000,-1,-1,-1
25,15,1017.40,883.18,42.24,43.04,0.0338,-1,-1,-1
25,16,1121.65,874.65,38.10,40.56,0.0376,-1,-1,-1
25,18,-75.08,56.50,343.82,544.03,1.0000,-1,-1,-1
25,19,168.67,388.29,134.11,238.79,1.0000,-1,-1,-1
25,26,1048.01,545.78,28.94,32.19,0.0213,-1,-1,-1
25,30,1109.35,711.16,45.11,62.77,1.0000,-1,-1,-1
25,31,782.52,377.58,218.63,193.25,0.0182,-1,-1,-1
25,33,874.17,603.57,26.05,30.19,0.0104,-1,-1,-1
25,34,1308.97,1193.40,-267.90,-109.62,1.0000,-1,-1,-1
25,35,1057.86,598.31,30.36,32.43,1.0000,-1,-1,-1
25,36,985.90,636.50,-4.20,-4.65,1.0000,-1,-1,-1
25,37,1042.14,604.71,29.46,33.02,0.0265,-1,-1,-1
25,39,1054.92,530.45,35.03,40.09,1.0000,-1,-1,-1
25,40,1034.57,463.44,73.87,64.45,1.0000,-1,-1,-1
25,41,819.91,429.52,231.19,152.45,1.0000,-1,-1,-1
25,42,5.96,579.42,3.97,16.97,1.0000,-1,-1,-1
25,43,-0.58,491.07,44.42,37.69,0.0273,-1,-1,-1
25,44,1030.58,577.73,33.51,34.10,1.0000,-1,-1,-1
25,46,10.32,493.91,20.19,33.33,1.0000,-1,-1,-1
25,52,916.47,986.94,232.56,90.46,0.0260,-1,-1,-1
25,59,926.62,532.65,24.77,21.73,1.0000,-1,-1,-1
25,62,836.71,583.18,24.92,29.62,0.0314,-1,-1,-1
25,64,1009.41,465.43,85.20,69.13,0.0655,-1,-1,-1
26,1,638.96,595.44,284.59,477.05,0.9183,-1,-1,-1
26,2,777.85,400.36,122.56,140.80,1.0000,-1,-1,-1
26,3,1878.11,431.37,41.54,88.47,0.0278,-1,-1,-1
26,4,-0.20,357.08,50.41,114.68,0.0163,-1,-1,-1
26,5,1013.24,812.33,42.54,45.81,1.0000,-1,-1,-1
26,6,1074.79,636.93,33.91,35.39,0.0332,-1,-1,-1
26,7,1004.44,808.66,35.58,37.18,0.0132,-1,-1,-1
26,8,145.48,714.83,383.75,360.71,0.0379,-1,-1,-1
26,9,7.71,529.68,51.07,33.67,1.0000,-1,-1,-1
26,10,105.08,56.25,113.29,153.60,0.0229,-1,-1,-1
26,11,1099.37,666.32,32.78,36.30,1.0000,-1,-1,-1
26,12,-16.14,455.47,77.57,72.31,1.0000,-1,-1,-1
26,15,1018.43,882.82,41.30,41.88,0.0292,-1,-1,-1
26,16,1122.39,871.94,38.24,40.38,0.0227,-1,-1,-1
26,18,-77.99,42.63,352.95,558.47,1.0000,-1,-1,-1
26,19,171.87,391.87,132.37,235.42,0.0170,-1,-1,-1
26,26,1046.89,545.41,29.25,32.37,0.0156,-1,-1,-1
26,30,1109.19,711.06,45.28,63.01,1.0000,-1,-1,-1
26,31,792.68,389.82,206.32,179.64,0.0128,-1,-1,-1
26,33,871.94,605.35,25.92,30.09,0.0112,-1,-1,-1
26,34,1327.77,1205.49,-296.63,-121.37,1.0000,-1,-1,-1
26,35,1056.31,599.10,30.44,32.52,1.0000,-1,-1,-1
26,36,982.32,635.85,-6.93,-7.66,1.0000,-1,-1,-1
26,37,1046.67,607.23,30.35,33.84,0.0187,-1,-1,-1
26,39,1053.72,528.79,35.22,40.31,1.0000,-1,-1,-1
26,40,1034.76,463.56,73.61,64.22,1.0000,-1,-1,-1
26,41,811.22,424.60,240.48,158.57,1.0000,-1,-1,-1
26,42,6.42,580.23,3.13,13.35,1.0000,-1,-1,-1
26,43,-0.73,493.30,41.50,35.21,1.0000,-1,-1,-1
26,44,1035.56,579.47,33.91,34.52,1.0000,-1,-1,-1
26,46,11.57,494.21,19.64,32.43,1.0000,-1,-1,-1
26,52,922.94,990.48,222.72,86.92,0.0136,-1,-1,-1
26,59,926.49,540.54,14.11,12.38,1.0000,-1,-1,-1
26,62,838.45,588.19,25.16,29.75,0.0239,-1,-1,-1
26,64,1009.32,466.79,81.32,65.00,0.1380,-1,-1,-1
27,1,638.77,595.40,284.75,476.56,0.9008,-1,-1,-1
27,2,775.31,402.63,118.35,135.96,1.0000,-1,-1,-1
27,3,1877.51,429.66,42.35,90.26,0.0362,-1,-1,-1
27,4,-1.36,357.81,49.80,114.25,0.0372,-1,-1,-1
27,5,1012.67,810.36,42.70,45.98,1.0000,-1,-1,-1
27,6,1074.69,636.92,33.96,35.45,1.0000,-1,-1,-1
27,7,1005.57,807.92,33.83,35.36,0.0167,-1,-1,-1
27,8,139.75,714.03,382.57,361.74,0.0529,-1,-1,-1
27,9,8.10,530.90,49.73,32.78,1.0000,-1,-1,-1
27,10,104.60,54.98,113.76,154.65,0.0149,-1,-1,-1
27,11,1099.01,665.88,32.40,36.02,0.0116,-1,-1,-1
27,12,-17.14,454.33,76.59,71.40,1.0000,-1,-1,-1
27,15,1018.39,881.94,41.38,41.75,0.0209,-1,-1,-1
27,16,1122.61,869.90,39.29,41.28,0.0763,-1,-1,-1
27,18,-80.90,28.76,362.08,572.92,1.0000,-1,-1,-1
27,19,170.31,389.52,132.77,235.97,0.0174,-1,-1,-1
27,26,1045.50,544.84,29.17,32.28,1.0000,-1,-1,-1
27,30,1109.03,710.95,45.45,63.24,1.0000,-1,-1,-1
27,31,794.85,393.51,203.03,176.78,1.0000,-1,-1,-1
27,33,870.53,607.19,25.94,30.12,1.0000,-1,-1,-1
27,34,1346.56,1217.58,-325.35,-133.12,1.0000,-1,-1,-1
27,35,1054.77,599.90,30.53,32.61,1.0000,-1,-1,-1
27,36,978.75,635.20,-9.66,-10.68,1.0000,-1,-1,-1
27,37,1052.28,610.83,30.63,34.16,1.0000,-1,-1,-1
27,39,1052.53,527.13,35.41,40.53,1.0000,-1,-1,-1
27,40,1032.24,463.49,73.90,64.03,0.0302,-1,-1,-1
27,41,879.63,491.63,118.27,77.50,0.0305,-1,-1,-1
27,42,6.88,581.04,2.28,9.73,1.0000,-1,-1,-1
27,43,1.08,490.13,41.69,35.11,0.0460,-1,-1,-1
27,44,1040.54,581.22,34.32,34.93,1.0000,-1,-1,-1
27,46,12.83,494.51,19.10,31.53,1.0000,-1,-1,-1
27,52,926.79,992.60,217.05,84.88,0.0119,-1,-1,-1
27,59,876.22,496.35,88.39,77.92,0.0183,-1,-1,-1
27,62,840.05,592.82,25.29,29.90,1.0000,-1,-1,-1
27,64,1016.22,467.14,78.62,62.56,0.0882,-1,-1,-1
28,1,637.03,593.48,285.40,477.34,0.9053,-1,-1,-1
28,2,772.77,404.90,114.14,131.13,1.0000,-1,-1,-1
28,3,1877.13,431.03,41.91,88.70,0.0411,-1,-1,-1
28,4,-1.14,354.99,51.55,118.73,0.0203,-1,-1,-1
28,5,1012.10,808.40,42.86,46.15,1.0000,-1,-1,-1
28,6,1074.59,636.90,34.02,35.50,1.0000,-1,-1,-1
28,7,1005.69,807.73,33.46,34.92,0.0130,-1,-1,-1
28,8,140.46,715.00,379.53,360.65,0.1034,-1,-1,-1
28,9,8.49,532.12,48.38,31.90,1.0000,-1,-1,-1
28,10,104.80,54.80,113.04,153.99,0.0225,-1,-1,-1
28,11,1098.83,665.92,32.39,36.00,1.0000,-1,-1,-1
28,12,-18.13,453.19,75.62,70.50,1.0000,-1,-1,-1
28,15,1018.44,882.05,40.57,40.77,0.0305,-1,-1,-1
28,16,1123.34,868.07,39.20,41.18,1.0000,-1,-1,-1
28,18,-83.81,14.90,371.21,587.36,1.0000,-1,-1,-1
28,19,170.17,389.67,132.73,235.90,1.0000,-1,-1,-1
28,26,1044.11,544.27,29.09,32.19,1.0000,-1,-1,-1
28,30,1108.87,710.85,45.62,63.48,1.0000,-1,-1,-1
28,31,797.02,397.19,199.75,173.93,1.0000,-1,-1,-1
28,33,869.12,609.04,25.97,30.15,1.0000,-1,-1,-1
28,34,1365.35,1229.67,-354.08,-144.87,1.0000,-1,-1,-1
28,35,1053.22,600.69,30.61,32.70,1.0000,-1,-1,-1
28,36,975.17,634.56,-12.39,-13.70,1.0000,-1,-1,-1
28,37,1057.89,614.44,30.92,34.48,1.0000,-1,-1,-1
28,39,1051.33,525.46,35.60,40.75,1.0000,-1,-1,-1
28,40,1026.53,465.09,73.11,62.84,0.1530,-1,-1,-1
28,41,891.82,502.73,100.86,65.13,0.0444,-1,-1,-1
28,42,7.34,581.85,1.43,6.11,1.0000,-1,-1,-1
28,43,0.60,488.43,44.55,37.49,0.0315,-1,-1,-1
28,44,1045.52,582.96,34.72,35.34,1.0000,-1,-1,-1
28,46,14.08,494.81,18.55,30.63,1.0000,-1,-1,-1
28,52,932.76,997.26,205.51,79.93,0.0420,-1,-1,-1
28,59,869.93,498.14,89.40,80.06,0.0304,-1,-1,-1
28,62,841.65,597.45,25.41,30.05,1.0000,-1,-1,-1
28,64,1019.08,466.60,78.25,62.64,0.0240,-1,-1,-1
28,70,916.55,501.51,56.79,60.52,0.0879,-1,-1,-1
29,1,636.95,591.07,286.16,479.30,0.8933,-1,-1,-1
29,2,770.23,407.17,109.93,126.29,1.0000,-1,-1,-1
29,3,1877.15,432.79,41.59,87.41,0.0311,-1,-1,-1
29,4,-1.24,355.90,51.37,118.92,0.0177,-1,-1,-1
29,5,1011.53,806.44,43.02,46.32,1.0000,-1,-1,-1
29,6,1074.49,636.89,34.07,35.56,1.0000,-1,-1,-1
29,7,1005.84,807.17,34.05,35.61,0.0115,-1,-1,-1
29,8,140.70,714.99,377.72,360.76,0.0859,-1,-1,-1
29,9,8.89,533.33,47.04,31.01,1.0000,-1,-1,-1
29,10,104.37,54.31,113.40,154.67,0.0150,-1,-1,-1
29,11,1098.64,665.95,32.37,35.99,1.0000,-1,-1,-1
29,12,-19.13,452.05,74.65,69.59,1.0000,-1,-1,-1
29,15,1019.80,881.70,40.90,41.18,0.0122,-1,-1,-1
29,16,1124.06,866.25,39.11,41.09,1.0000,-1,-1,-1
29,18,-86.72,1.03,380.34,601.81,1.0000,-1,-1,-1
29,19,170.02,389.81,132.69,235.83,1.0000,-1,-1,-1
29,26,1040.05,545.11,28.51,31.60,0.0129,-1,-1,-1
29,30,1108.71,710.74,45.79,63.72,1.0000,-1,-1,-1
29,31,788.07,399.84,211.53,184.13,0.0622,-1,-1,-1
29,33,867.72,610.89,25.99,30.18,1.0000,-1,-1,-1
29,34,1384.14,1241.76,-382.80,-156.63,1.0000,-1,-1,-1
29,35,1051.68,601.48,30.70,32.79,1.0000,-1,-1,-1
29,36,971.59,633.91,-15.12,-16.72,1.0000,-1,-1,-1
29,37,1063.50,618.04,31.21,34.80,1.0000,-1,-1,-1
29,39,1050.13,523.80,35.79,40.96,1.0000,-1,-1,-1
29,40,1027.05,464.59,75.71,64.67,0.0255,-1,-1,-1
29,41,888.20,499.23,103.76,66.13,0.0184,-1,-1,-1
29,42,7.80,582.66,0.58,2.49,1.0000,-1,-1,-1
29,43,1.60,487.92,44.25,36.84,0.0218,-1,-1,-1
29,44,1062.53,601.86,48.92,51.45,0.0171,-1,-1,-1
29,46,15.34,495.11,18.01,29.74,1.0000,-1,-1,-1
29,52,939.35,1003.53,191.91,73.66,0.0144,-1,-1,-1
29,59,863.44,499.52,89.60,80.24,1.0000,-1,-1,-1
29,62,843.25,602.08,25.54,30.19,1.0000,-1,-1,-1
29,64,1021.61,464.83,79.81,64.02,0.1001,-1,-1,-1
29,70,924.57,502.67,52.88,56.35,1.0000,-1,-1,-1
30,1,640.65,590.78,285.17,479.16,0.9077,-1,-1,-1
30,2,767.69,409.44,105.72,121.46,1.0000,-1,-1,-1
30,3,1877.48,435.13,41.05,85.64,0.0714,-1,-1,-1
30,4,-0.46,353.42,52.79,122.20,0.0385,-1,-1,-1
30,5,1010.96,804.48,43.17,46.49,1.0000,-1,-1,-1
30,6,1074.39,636.88,34.12,35.61,1.0000,-1,-1,-1
30,7,1005.61,805.88,33.74,35.28,1.0000,-1,-1,-1
30,8,140.81,715.12,376.21,360.72,0.0405,-1,-1,-1
30,9,9.28,534.55,45.70,30.12,1.0000,-1,-1,-1
30,10,103.95,53.37,113.89,155.45,0.0115,-1,-1,-1
30,11,1098.46,665.98,32.36,35.97,1.0000,-1,-1,-1
30,12,-20.12,450.91,73.68,68.69,1.0000,-1,-1,-1
30,15,1021.91,881.62,40.38,40.68,0.0356,-1,-1,-1
30,16,1126.72,864.96,38.53,40.28,0.0343,-1,-1,-1
30,18,-89.63,-12.84,389.47,616.26,1.0000,-1,-1,-1
30,19,170.22,388.31,132.88,235.85,0.0185,-1,-1,-1
30,26,1038.71,544.24,28.22,31.17,0.0220,-1,-1,-1
30,30,1108.55,710.64,45.96,63.95,1.0000,-1,-1,-1
30,31,788.93,403.41,210.02,182.82,1.0000,-1,-1,-1
30,33,866.31,612.74,26.02,30.20,1.0000,-1,-1,-1
30,34,1402.94,1253.85,-411.52,-168.38,1.0000,-1,-1,-1
30,35,1050.13,602.28,30.78,32.88,1.0000,-1,-1,-1
30,36,968.02,633.26,-17.85,-19.73,1.0000,-1,-1,-1
30,37,1069.11,621.65,31.49,35.12,1.0000,-1,-1,-1
30,39,1048.94,522.14,35.98,41.18,1.0000,-1,-1,-1
30,40,1027.92,464.93,75.86,64.79,0.1405,-1,-1,-1
30,41,864.15,492.22,134.72,86.35,0.0119,-1,-1,-1
30,42,8.26,583.47,-0.26,-1.13,1.0000,-1,-1,-1
30,43,1.93,486.39,46.35,38.19,0.0343,-1,-1,-1
30,44,1068.22,604.65,50.23,52.83,1.0000,-1,-1,-1
30,46,16.59,495.41,17.47,28.84,1.0000,-1,-1,-1
30,52,940.39,1004.70,188.82,72.47,1.0000,-1,-1,-1
30,59,856.95,500.90,89.79,80.41,1.0000,-1,-1,-1
30,62,844.86,606.71,25.66,30.34,1.0000,-1,-1,-1
30,64,1022.71,465.72,79.90,64.57,0.0260,-1,-1,-1
30,70,932.59,503.83,48.97,52.19,1.0000,-1,-1,-1
31,1,641.02,588.47,286.67,482.39,0.9046,-1,-1,-1
31,2,765.15,411.70,101.51,116.62,1.0000,-1,-1,-1
31,3,1877.31,436.00,41.27,85.57,0.0493,-1,-1,-1
31,4,0.23,351.90,53.76,124.13,0.0920,-1,-1,-1
31,5,1010.39,802.52,43.33,46.65,1.0000,-1,-1,-1
31,6,1074.29,636.87,34.17,35.67,1.0000,-1,-1,-1
31,7,1006.57,804.48,35.24,36.64,0.0149,-1,-1,-1
31,8,140.54,715.66,374.42,360.22,0.0608,-1,-1,-1
31,9,9.68,535.77,44.35,29.24,1.0000,-1,-1,-1
31,10,102.69,52.59,115.15,157.12,0.0170,-1,-1,-1
31,11,1098.28,666.02,32.35,35.96,1.0000,-1,-1,-1
31,12,-21.12,449.77,72.71,67.78,1.0000,-1,-1,-1
31,15,1022.67,881.20,40.90,41.28,0.0442,-1,-1,-1
31,16,1126.69,863.43,38.82,40.63,0.0411,-1,-1,-1
31,18,-92.54,-26.71,398.60,630.70,1.0000,-1,-1,-1
31,19,169.47,387.50,133.23,236.65,0.0177,-1,-1,-1
31,26,1037.17,544.33,27.54,30.52,0.0303,-1,-1,-1
31,30,1108.38,710.54,46.13,64.19,1.0000,-1,-1,-1
31,31,789.79,406.97,208.52,181.52,1.0000,-1,-1,-1
31,33,864.90,614.58,26.04,30.23,1.0000,-1,-1,-1
31,34,1421.73,1265.94,-440.25,-180.13,1.0000,-1,-1,-1
31,35,1048.59,603.07,30.87,32.97,1.0000,-1,-1,-1
31,36,964.44,632.62,-20.58,-22.75,1.0000,-1,-1,-1
31,37,1074.72,625.25,31.78,35.44,1.0000,-1,-1,-1
31,39,1047.74,520.47,36.18,41.40,1.0000,-1,-1,-1
31,40,1027.97,465.17,76.65,65.38,0.1433,-1,-1,-1
31,41,856.58,490.39,141.95,90.98,1.0000,-1,-1,-1
31,42,8.71,584.28,-1.11,-4.75,1.0000,-1,-1,-1
31,43,1.95,485.18,48.02,39.21,0.0523,-1,-1,-1
31,44,1073.91,607.45,51.54,54.20,1.0000,-1,-1,-1
31,46,17.85,495.71,16.92,27.94,1.0000,-1,-1,-1
31,52,941.42,1005.88,185.72,71.28,1.0000,-1,-1,-1
31,59,850.47,502.28,89.99,80.59,1.0000,-1,-1,-1
31,62,846.46,611.34,25.79,30.49,1.0000,-1,-1,-1
31,64,1022.86,465.01,80.80,65.55,0.0171,-1,-1,-1
31,70,940.61,504.98,45.06,48.02,1.0000,-1,-1,-1
32,1,639.17,586.05,288.51,485.70,0.9095,-1,-1,-1
32,2,762.61,413.97,97.30,111.78,1.0000,-1,-1,-1
32,3,1876.77,435.94,42.07,86.83,0.0293,-1,-1,-1
32,4,0.20,350.68,54.49,125.72,0.0590,-1,-1,-1
32,5,1137.11,860.30,36.40,40.27,0.0128,-1,-1,-1
32,6,1074.19,636.86,34.23,35.72,1.0000,-1,-1,-1
32,7,1006.48,803.18,35.11,36.51,1.0000,-1,-1,-1
32,8,145.65,715.48,374.63,360.27,0.0395,-1,-1,-1
32,9,10.07,536.99,43.01,28.35,1.0000,-1,-1,-1
32,10,100.66,51.53,116.86,159.10,0.0165,-1,-1,-1
32,11,1097.70,668.31,32.36,36.13,0.0158,-1,-1,-1
32,12,-22.11,448.63,71.73,66.87,1.0000,-1,-1,-1
32,15,1023.52,880.64,40.22,40.52,0.0476,-1,-1,-1
32,16,1127.11,860.68,38.67,40.79,0.0132,-1,-1,-1
32,18,-95.45,-40.58,407.73,645.15,1.0000,-1,-1,-1
32,19,168.70,386.68,133.19,236.81,0.0140,-1,-1,-1
32,26,1036.41,544.19,27.25,30.19,0.0424,-1,-1,-1
32,30,1108.22,710.43,46.30,64.42,1.0000,-1,-1,-1
32,31,790.65,410.53,207.02,180.21,1.0000,-1,-1,-1
32,33,863.49,616.43,26.06,30.26,1.0000,-1,-1,-1
32,34,1440.52,1278.03,-468.97,-191.88,1.0000,-1,-1,-1
32,35,1047.04,603.87,30.95,33.06,1.0000,-1,-1,-1
32,36,960.87,631.97,-23.31,-25.77,1.0000,-1,-1,-1
32,37,1080.33,628.86,32.07,35.76,1.0000,-1,-1,-1
32,39,1046.55,518.81,36.37,41.62,1.0000,-1,-1,-1
32,40,1028.37,465.77,75.44,64.63,0.1233,-1,-1,-1
32,41,849.01,488.57,149.18,95.62,1.0000,-1,-1,-1
32,42,9.17,585.09,-1.96,-8.37,1.0000,-1,-1,-1
32,43,1.99,484.41,49.12,39.76,0.1324,-1,-1,-1
32,44,1079.61,610.25,52.85,55.58,1.0000,-1,-1,-1
32,46,19.10,496.01,16.38,27.04,1.0000,-1,-1,-1
32,52,942.46,1007.05,182.63,70.09,1.0000,-1,-1,-1
32,59,843.98,503.66,90.19,80.77,1.0000,-1,-1,-1
32,62,848.06,615.97,25.91,30.64,1.0000,-1,-1,-1
32,64,1023.16,466.12,79.00,64.99,0.0379,-1,-1,-1
32,70,948.63,506.14,41.15,43.86,1.0000,-1,-1,-1
33,1,636.01,583.46,290.53,488.38,0.9015,-1,-1,-1
33,2,760.07,416.24,93.09,106.95,1.0000,-1,-1,-1
33,3,1876.88,436.37,42.14,86.67,0.0397,-1,-1,-1
33,4,-0.41,349.74,54.65,126.47,0.0716,-1,-1,-1
33,5,1141.13,860.50,36.34,40.21,1.0000,-1,-1,-1
33,6,1055.69,632.40,36.69,38.12,0.0235,-1,-1,-1
33,7,1006.95,801.45,36.78,38.01,0.0133,-1,-1,-1
33,8,147.28,714.63,374.89,360.96,0.0298,-1,-1,-1
33,9,10.47,538.20,41.66,27.47,1.0000,-1,-1,-1
33,10,105.24,52.40,113.65,155.46,0.0235,-1,-1,-1
33,11,1098.53,668.95,32.25,35.94,0.0262,-1,-1,-1
33,12,-23.10,447.49,70.76,65.97,1.0000,-1,-1,-1
33,15,1023.99,879.10,40.98,41.30,0.0642,-1,-1,-1
33,16,1127.87,858.83,38.59,40.70,1.0000,-1,-1,-1
33,18,-98.36,-54.44,416.86,659.59,1.0000,-1,-1,-1
33,19,168.45,386.50,133.22,236.85,1.0000,-1,-1,-1
33,26,1035.25,543.48,27.68,30.63,0.0486,-1,-1,-1
33,30,1108.06,710.33,46.47,64.66,1.0000,-1,-1,-1
33,31,791.50,414.09,205.51,178.90,1.0000,-1,-1,-1
33,33,862.08,618.28,26.09,30.29,1.0000,-1,-1,-1
33,34,1459.31,1290.12,-497.70,-203.64,1.0000,-1,-1,-1
33,35,1045.50,604.66,31.03,33.15,1.0000,-1,-1,-1
33,36,957.29,631.33,-26.04,-28.79,1.0000,-1,-1,-1
33,37,1074.32,636.13,35.72,39.37,0.0148,-1,-1,-1
33,39,1045.35,517.14,36.56,41.84,1.0000,-1,-1,-1
33,40,1029.17,463.64,76.54,65.90,0.1163,-1,-1,-1
33,41,841.44,486.75,156.41,100.25,1.0000,-1,-1,-1
33,42,9.63,585.90,-2.81,-11.99,1.0000,-1,-1,-1
33,43,3.37,483.04,50.03,39.75,0.2069,-1,-1,-1
33,44,1085.30,613.04,54.16,56.96,1.0000,-1,-1,-1
33,46,20.36,496.31,15.83,26.14,1.0000,-1,-1,-1
33,52,943.49,1008.23,179.53,68.90,1.0000,-1,-1,-1
33,59,837.50,505.03,90.39,80.94,1.0000,-1,-1,-1
33,62,849.66,620.60,26.03,30.78,1.0000,-1,-1,-1
33,64,1022.81,466.15,79.33,65.27,1.0000,-1,-1,-1
33,70,956.66,507.30,37.24,39.69,1.0000,-1,-1,-1
34,1,633.26,582.51,291.08,488.96,0.9063,-1,-1,-1
34,2,757.53,418.51,88.88,102.11,1.0000,-1,-1,-1
34,3,1876.36,437.07,42.78,87.70,0.0559,-1,-1,-1
34,4,-0.76,350.13,49.97,116.14,0.1015,-1,-1,-1
34,5,1145.15,860.70,36.28,40.14,1.0000,-1,-1,-1
34,6,1052.82,634.02,34.14,35.37,0.0812,-1,-1,-1
34,7,1006.92,800.79,36.84,37.87,0.0146,-1,-1,-1
34,8,145.26,713.53,374.76,361.91,0.0336,-1,-1,-1
34,9,10.86,539.42,40.32,26.58,1.0000,-1,-1,-1
34,10,106.24,52.52,112.89,154.97,0.0203,-1,-1,-1
34,11,1098.23,669.23,32.52,36.31,0.0541,-1,-1,-1
34,12,-24.10,446.35,69.79,65.06,1.0000,-1,-1,-1
34,15,1024.03,878.26,41.62,42.08,0.0487,-1,-1,-1
34,16,1135.91,855.50,38.14,40.46,0.0391,-1,-1,-1
34,18,-101.27,-68.31,425.99,674.04,1.0000,-1,-1,-1
34,19,169.69,386.82,132.50,236.07,0.0162,-1,-1,-1
34,26,1034.01,542.96,27.79,30.85,0.0755,-1,-1,-1
34,30,1107.90,710.23,46.64,64.90,1.0000,-1,-1,-1
34,31,774.75,369.78,212.72,184.21,0.0224,-1,-1,-1
34,33,844.64,625.01,27.21,30.87,0.0205,-1,-1,-1
34,34,1478.11,1302.21,-526.42,-215.39,1.0000,-1,-1,-1
34,35,1074.37,600.38,29.99,32.03,0.0378,-1,-1,-1
34,36,953.72,630.68,-28.77,-31.81,1.0000,-1,-1,-1
34,37,1079.18,640.66,34.56,37.80,0.0289,-1,-1,-1
34,39,1044.16,515.48,36.75,42.05,1.0000,-1,-1,-1
34,40,1029.94,463.07,76.80,66.38,0.0874,-1,-1,-1
34,41,833.87,484.92,163.64,104.89,1.0000,-1,-1,-1
34,42,10.09,586.71,-3.66,-15.61,1.0000,-1,-1,-1
34,43,4.31,481.71,51.26,39.88,0.1423,-1,-1,-1
34,44,1090.99,615.84,55.47,58.33,1.0000,-1,-1,-1
34,46,21.61,496.61,15.29,25.24,1.0000,-1,-1,-1
34,52,944.53,1009.40,176.44,67.72,1.0000,-1,-1,-1
34,59,831.01,506.41,90.58,81.12,1.0000,-1,-1,-1
34,62,851.26,625.23,26.16,30.93,1.0000,-1,-1,-1
34,64,1022.47,466.18,79.67,65.54,1.0000,-1,-1,-1
34,70,964.68,508.45,33.34,35.53,1.0000,-1,-1,-1
34,80,945.67,422.05,72.52,78.49,0.0196,-1,-1,-1
35,1,631.19,580.39,292.06,491.04,0.9089,-1,-1,-1
35,2,754.99,420.78,84.67,97.27,1.0000,-1,-1,-1
35,3,1876.63,438.34,42.52,86.86,0.0735,-1,-1,-1
35,4,-0.79,350.04,50.02,116.65,0.1045,-1,-1,-1
35,5,1149.17,860.90,36.22,40.07,1.0000,-1,-1,-1
35,6,1051.87,635.92,33.13,34.37,0.0913,-1,-1,-1
35,7,1006.91,799.51,36.85,37.89,1.0000,-1,-1,-1
35,8,146.58,712.70,375.10,362.62,0.0262,-1,-1,-1
35,9,11.26,540.64,38.98,25.69,1.0000,-1,-1,-1
35,10,103.37,50.93,113.95,155.95,0.0184,-1,-1,-1
35,11,1098.16,669.38,32.77,36.52,0.0500,-1,-1,-1
35,12,-25.09,445.21,68.82,64.15,1.0000,-1,-1,-1
35,15,1024.50,877.62,42.12,42.67,0.0332,-1,-1,-1
35,16,1138.75,852.55,37.29,39.54,0.0316,-1,-1,-1
35,19,169.58,386.69,132.47,236.03,1.0000,-1,-1,-1
35,26,1033.18,541.97,27.74,30.80,0.0706,-1,-1,-1
35,30,1103.92,714.59,42.82,59.76,0.0133,-1,-1,-1
35,31,774.00,368.82,211.93,183.53,1.0000,-1,-1,-1
35,33,842.08,628.68,27.39,30.69,0.0267,-1,-1,-1
35,34,1496.90,1314.30,-555.15,-227.14,1.0000,-1,-1,-1
35,35,1074.13,599.89,30.93,33.14,0.0504,-1,-1,-1
35,36,950.14,630.03,-31.50,-34.82,1.0000,-1,-1,-1
35,37,1082.74,643.68,33.86,36.87,0.0308,-1,-1,-1
35,39,1042.96,513.82,36.94,42.27,1.0000,-1,-1,-1
35,40,1029.22,461.72,77.79,67.82,0.0763,-1,-1,-1
35,41,826.30,483.10,170.87,109.52,1.0000,-1,-1,-1
35,42,10.55,587.52,-4.50,-19.23,1.0000,-1,-1,-1
35,43,5.15,480.47,52.70,40.06,0.1081,-1,-1,-1
35,44,1096.68,618.63,56.78,59.71,1.0000,-1,-1,-1
35,46,22.87,496.90,14.75,24.35,1.0000,-1,-1,-1
35,52,945.56,1010.58,173.34,66.53,1.0000,-1,-1,-1
35,59,824.53,507.79,90.78,81.30,1.0000,-1,-1,-1
35,62,852.86,629.86,26.28,31.08,1.0000,-1,-1,-1
35,64,1022.12,466.21,80.00,65.81,1.0000,-1,-1,-1
35,70,972.70,509.61,29.43,31.36,1.0000,-1,-1,-1
35,80,946.34,421.46,71.25,77.19,0.0108,-1,-1,-1
35,83,1033.33,679.07,35.19,36.30,0.0911,-1,-1,-1
36,1,630.17,579.37,292.07,491.94,0.9062,-1,-1,-1
36,3,1876.71,438.47,42.55,86.72,0.0469,-1,-1,-1
36,4,-0.46,350.40,47.26,110.34,0.0959,-1,-1,-1
36,5,1153.20,861.10,36.16,40.00,1.0000,-1,-1,-1
36,6,1050.55,637.56,33.33,34.72,0.1306,-1,-1,-1
36,7,1006.91,798.23,36.87,37.91,1.0000,-1,-1,-1
36,8,145.40,712.52,374.87,363.00,0.0490,-1,-1,-1
36,9,11.65,541.86,37.63,24.81,1.0000,-1,-1,-1
36,10,106.43,50.90,112.64,155.04,0.0207,-1,-1,-1
36,11,1097.46,669.35,33.37,37.09,0.0688,-1,-1,-1
36,12,-26.09,444.07,67.84,63.25,1.0000,-1,-1,-1
36,15,1025.06,877.40,42.60,43.21,0.0297,-1,-1,-1
36,16,1139.78,850.27,36.95,39.17,0.0672,-1,-1,-1
36,19,169.47,386.56,132.45,235.98,1.0000,-1,-1,-1
36,26,1031.65,541.38,26.93,29.98,0.0451,-1,-1,-1
36,30,1103.43,714.88,42.51,59.69,0.0106,-1,-1,-1
36,31,773.25,367.86,211.15,182.84,1.0000,-1,-1,-1
36,33,840.74,631.80,28.49,31.70,0.0550,-1,-1,-1
36,34,1515.69,1326.39,-583.87,-238.89,1.0000,-1,-1,-1
36,35,1073.04,599.65,30.93,33.36,0.0705,-1,-1,-1
36,36,946.57,629.39,-34.23,-37.84,1.0000,-1,-1,-1
36,37,1085.23,645.57,33.73,36.93,0.0414,-1,-1,-1
36,39,1041.77,512.15,37.13,42.49,1.0000,-1,-1,-1
36,40,1028.90,461.11,78.65,69.07,0.0804,-1,-1,-1
36,41,818.73,481.28,178.10,114.15,1.0000,-1,-1,-1
36,42,11.00,588.33,-5.35,-22.85,1.0000,-1,-1,-1
36,43,5.23,479.44,54.50,40.58,0.1369,-1,-1,-1
36,44,1102.37,621.43,58.09,61.09,1.0000,-1,-1,-1
36,46,24.12,497.20,14.20,23.45,1.0000,-1,-1,-1
36,52,946.60,1011.75,170.25,65.34,1.0000,-1,-1,-1
36,59,818.04,509.17,90.98,81.47,1.0000,-1,-1,-1
36,62,875.50,626.87,27.14,31.70,0.0194,-1,-1,-1
36,64,1021.78,466.24,80.33,66.09,1.0000,-1,-1,-1
36,70,980.72,510.77,25.52,27.20,1.0000,-1,-1,-1
36,80,945.87,421.65,70.51,76.39,1.0000,-1,-1,-1
36,83,1024.84,679.36,33.71,34.79,0.0722,-1,-1,-1
36,85,1888.48,745.39,31.42,73.27,0.0110,-1,-1,-1
37,1,630.09,579.25,291.71,492.05,0.9179,-1,-1,-1
37,3,1876.86,439.17,42.37,86.10,0.0584,-1,-1,-1
37,4,-0.40,351.06,46.54,108.83,0.1228,-1,-1,-1
37,5,1166.76,845.66,41.82,44.40,0.0264,-1,-1,-1
37,6,1049.74,638.36,33.40,35.04,0.1369,-1,-1,-1
37,7,1006.90,796.95,36.89,37.93,1.0000,-1,-1,-1
37,8,142.50,711.56,374.52,364.09,0.0355,-1,-1,-1
37,9,12.04,543.08,36.29,23.92,1.0000,-1,-1,-1
37,10,107.59,50.55,112.22,155.19,0.0188,-1,-1,-1
37,11,1097.64,669.85,33.04,36.56,0.0672,-1,-1,-1
37,12,-27.08,442.93,66.87,62.34,1.0000,-1,-1,-1
37,15,1026.46,877.24,42.25,42.91,0.0407,-1,-1,-1
37,16,1140.50,847.42,38.13,40.60,0.1359,-1,-1,-1
37,19,169.37,386.44,132.42,235.94,1.0000,-1,-1,-1
37,26,1031.17,541.14,26.38,29.35,0.0495,-1,-1,-1
37,30,1105.65,718.89,40.82,56.00,0.0178,-1,-1,-1
37,31,772.49,366.90,210.36,182.16,1.0000,-1,-1,-1
37,33,839.99,635.78,30.05,33.59,0.0737,-1,-1,-1
37,34,1534.48,1338.49,-612.59,-250.65,1.0000,-1,-1,-1
37,35,1072.28,599.17,31.03,33.73,0.0813,-1,-1,-1
37,36,942.99,628.74,-36.96,-40.86,1.0000,-1,-1,-1
37,37,1087.54,647.86,34.55,38.00,0.0573,-1,-1,-1
37,39,1040.57,510.49,37.32,42.71,1.0000,-1,-1,-1
37,40,1028.57,459.02,80.00,71.06,0.0380,-1,-1,-1
37,41,811.16,479.45,185.33,118.79,1.0000,-1,-1,-1
37,42,11.46,589.14,-6.20,-26.47,1.0000,-1,-1,-1
37,43,4.26,478.03,57.30,42.10,0.0112,-1,-1,-1
37,44,1108.07,624.22,59.40,62.46,1.0000,-1,-1,-1
37,46,25.38,497.50,13.66,22.55,1.0000,-1,-1,-1
37,52,947.64,1012.93,167.15,64.15,1.0000,-1,-1,-1
37,59,811.56,510.55,91.17,81.65,1.0000,-1,-1,-1
37,62,877.27,629.21,28.55,33.36,0.0198,-1,-1,-1
37,64,1021.43,466.28,80.67,66.36,1.0000,-1,-1,-1
37,70,988.74,511.92,21.61,23.03,1.0000,-1,-1,-1
37,80,945.40,421.84,69.78,75.60,1.0000,-1,-1,-1
37,83,1018.30,678.00,32.15,33.19,1.0000,-1,-1,-1
37,85,1888.95,746.12,31.08,72.51,0.0166,-1,-1,-1
38,1,630.89,578.60,292.01,494.43,0.9299,-1,-1,-1
38,3,1876.93,440.24,42.07,85.09,0.0549,-1,-1,-1
38,4,1.35,352.64,46.36,107.26,0.0519,-1,-1,-1
38,5,1167.03,843.48,43.38,44.84,0.0278,-1,-1,-1
38,6,1049.05,639.89,32.57,34.17,0.1660,-1,-1,-1
38,7,1006.57,798.99,37.51,38.59,0.0107,-1,-1,-1
38,8,140.82,713.13,371.73,362.61,0.0476,-1,-1,-1
38,9,12.44,544.29,34.95,23.04,1.0000,-1,-1,-1
38,10,104.77,50.46,112.95,155.62,0.0216,-1,-1,-1
38,11,1097.85,671.29,32.11,35.34,0.0931,-1,-1,-1
38,12,-28.07,441.79,65.90,61.44,1.0000,-1,-1,-1
38,15,1027.39,876.80,42.92,43.79,0.0385,-1,-1,-1
38,16,1141.05,845.28,38.61,41.36,0.1278,-1,-1,-1
38,19,169.26,386.31,132.40,235.89,1.0000,-1,-1,-1
38,26,1029.62,541.27,26.49,29.50,0.0408,-1,-1,-1
38,30,1106.05,719.98,40.94,55.52,0.0185,-1,-1,-1
38,31,771.74,365.94,209.57,181.48,1.0000,-1,-1,-1
38,33,839.58,639.56,30.54,34.26,0.0565,-1,-1,-1
38,34,1553.28,1350.58,-641.32,-262.40,1.0000,-1,-1,-1
38,35,1071.26,598.39,31.72,34.65,0.0810,-1,-1,-1
38,36,939.42,628.10,-39.69,-43.88,1.0000,-1,-1,-1
38,37,1089.91,649.17,33.22,36.65,0.0728,-1,-1,-1
38,39,1039.37,508.83,37.51,42.93,1.0000,-1,-1,-1
38,40,1026.63,456.93,81.25,73.44,0.0374,-1,-1,-1
38,41,803.59,477.63,192.56,123.42,1.0000,-1,-1,-1
38,42,11.92,589.95,-7.05,-30.09,1.0000,-1,-1,-1
38,43,4.07,478.22,58.39,42.30,0.0142,-1,-1,-1
38,44,1113.76,627.02,60.71,63.84,1.0000,-1,-1,-1
38,46,26.63,497.80,13.11,21.65,1.0000,-1,-1,-1
38,52,948.67,1014.10,164.06,62.97,1.0000,-1,-1,-1
38,59,805.07,511.93,91.37,81.83,1.0000,-1,-1,-1
38,62,877.90,631.77,29.03,33.36,0.0426,-1,-1,-1
38,64,1021.09,466.31,81.00,66.64,1.0000,-1,-1,-1
38,70,996.76,513.08,17.70,18.86,1.0000,-1,-1,-1
38,80,944.93,422.03,69.04,74.80,1.0000,-1,-1,-1
38,83,1011.77,676.64,30.60,31.58,1.0000,-1,-1,-1
38,85,1888.98,746.47,30.89,72.03,0.0153,-1,-1,-1
38,92,1090.30,665.34,35.39,39.42,0.0192,-1,-1,-1
38,93,1063.78,597.22,31.03,37.66,0.0297,-1,-1,-1
39,1,629.17,577.61,292.14,495.60,0.9085,-1,-1,-1
39,3,1876.82,440.62,42.30,85.31,0.0476,-1,-1,-1
39,4,2.19,369.77,40.86,93.16,0.1248,-1,-1,-1
39,5,1165.65,841.66,44.59,45.19,0.0169,-1,-1,-1
39,6,1047.77,642.68,33.25,34.86,0.1906,-1,-1,-1
39,7,1006.53,798.02,37.59,38.67,1.0000,-1,-1,-1
39,8,144.76,712.54,372.50,363.39,0.0478,-1,-1,-1
39,9,12.83,545.51,33.60,22.15,1.0000,-1,-1,-1
39,10,102.25,52.43,113.31,155.30,0.0228,-1,-1,-1
39,11,1098.08,672.29,31.61,34.62,0.0986,-1,-1,-1
39,12,-29.07,440.65,64.93,60.53,1.0000,-1,-1,-1
39,15,1028.55,876.85,42.33,43.28,0.0408,-1,-1,-1
39,16,1142.01,843.50,38.23,41.01,0.1138,-1,-1,-1
39,19,169.15,386.18,132.38,235.85,1.0000,-1,-1,-1
39,26,1028.34,541.15,26.41,29.29,0.0401,-1,-1,-1
39,30,1106.52,721.75,40.45,54.26,0.0247,-1,-1,-1
39,31,786.32,387.74,191.91,159.54,0.0131,-1,-1,-1
39,33,838.75,644.86,30.72,34.36,0.0645,-1,-1,-1
39,34,1572.07,1362.67,-670.04,-274.15,1.0000,-1,-1,-1
39,35,1070.65,597.37,32.56,35.82,0.0708,-1,-1,-1
39,36,935.84,627.45,-42.42,-46.89,1.0000,-1,-1,-1
39,37,1094.29,651.46,31.64,34.70,0.0537,-1,-1,-1
39,39,1038.18,507.16,37.70,43.14,1.0000,-1,-1,-1
39,40,1026.14,456.99,80.04,73.56,0.0114,-1,-1,-1
39,41,796.02,475.81,199.79,128.06,1.0000,-1,-1,-1
39,42,12.38,590.76,-7.89,-33.71,1.0000,-1,-1,-1
39,43,3.79,477.12,60.61,43.36,0.0295,-1,-1,-1
39,44,1119.45,629.82,62.02,65.22,1.0000,-1,-1,-1
39,46,27.89,498.10,12.57,20.75,1.0000,-1,-1,-1
39,52,949.71,1015.28,160.96,61.78,1.0000,-1,-1,-1
39,59,798.59,513.30,91.57,82.00,1.0000,-1,-1,-1
39,62,878.64,634.07,29.69,33.82,0.0456,-1,-1,-1
39,64,1020.74,466.34,81.33,66.91,1.0000,-1,-1,-1
39,70,1004.79,514.24,13.79,14.70,1.0000,-1,-1,-1
39,80,944.46,422.22,68.31,74.00,1.0000,-1,-1,-1
39,83,1005.24,675.28,29.04,29.97,1.0000,-1,-1,-1
39,85,1888.73,744.55,31.78,74.32,0.0164,-1,-1,-1
39,92,1090.56,667.06,34.34,38.24,0.0184,-1,-1,-1
39,93,1062.29,594.13,32.27,39.33,0.0246,-1,-1,-1
39,96,581.72,272.41,125.36,55.92,0.0108,-1,-1,-1
39,97,-2.69,376.29,58.49,114.41,0.0245,-1,-1,-1
40,1,628.71,576.10,292.36,497.01,0.9170,-1,-1,-1
40,3,1876.65,440.79,42.40,85.20,0.0499,-1,-1,-1
40,4,2.27,374.33,39.79,89.62,0.1496,-1,-1,-1
40,5,1159.89,840.08,47.12,45.63,0.0148,-1,-1,-1
40,6,1046.04,644.29,34.43,36.13,0.2116,-1,-1,-1
40,7,1006.49,797.05,37.66,38.75,1.0000,-1,-1,-1
40,8,145.83,713.49,371.41,362.31,0.0514,-1,-1,-1
40,9,13.23,546.73,32.26,21.26,1.0000,-1,-1,-1
40,10,101.65,51.06,114.63,156.45,0.0316,-1,-1,-1
40,11,1098.09,672.09,32.12,35.06,0.0565,-1,-1,-1
40,12,-30.06,439.51,63.96,59.62,1.0000,-1,-1,-1
40,15,1028.81,877.21,41.95,43.01,0.0351,-1,-1,-1
40,16,1143.15,840.96,38.98,41.72,0.0699,-1,-1,-1
40,19,169.05,386.05,132.35,235.81,1.0000,-1,-1,-1
40,26,1027.03,540.82,26.23,29.03,0.0232,-1,-1,-1
40,30,1104.48,717.86,42.49,57.41,0.0127,-1,-1,-1
40,31,792.08,395.50,190.98,151.79,0.0113,-1,-1,-1
40,33,838.20,651.55,29.52,32.61,0.1313,-1,-1,-1
40,34,1590.86,1374.76,-698.77,-285.91,1.0000,-1,-1,-1
40,35,1070.62,597.37,32.26,35.60,0.0793,-1,-1,-1
40,36,932.27,626.80,-45.15,-49.91,1.0000,-1,-1,-1
40,37,1096.82,653.85,31.22,34.16,0.0292,-1,-1,-1
40,39,1008.28,564.04,28.54,32.70,0.0276,-1,-1,-1
40,40,1025.59,456.44,80.76,74.21,1.0000,-1,-1,-1
40,41,788.44,473.98,207.02,132.69,1.0000,-1,-1,-1
40,42,12.84,591.57,-8.74,-37.33,1.0000,-1,-1,-1
40,43,5.29,475.90,62.08,43.54,0.0106,-1,-1,-1
40,44,1125.14,632.61,63.32,66.60,1.0000,-1,-1,-1
40,46,29.14,498.40,12.03,19.86,1.0000,-1,-1,-1
40,52,950.74,1016.45,157.87,60.59,1.0000,-1,-1,-1
40,59,792.10,514.68,91.77,82.18,1.0000,-1,-1,-1
40,62,879.75,637.04,29.57,33.48,0.0299,-1,-1,-1
40,64,1020.39,466.37,81.67,67.18,1.0000,-1,-1,-1
40,70,1012.81,515.39,9.88,10.53,1.0000,-1,-1,-1
40,80,943.98,422.41,67.58,73.21,1.0000,-1,-1,-1
40,83,998.71,673.92,27.48,28.37,1.0000,-1,-1,-1
40,85,1889.00,746.23,31.44,73.62,0.0157,-1,-1,-1
40,92,1090.14,667.08,34.80,38.78,0.0107,-1,-1,-1
40,93,1063.48,595.10,30.61,37.31,0.0290,-1,-1,-1
40,96,581.82,272.78,124.80,55.68,1.0000,-1,-1,-1
40,97,-3.85,371.37,64.74,127.25,0.0172,-1,-1,-1
40,104,1109.56,725.70,39.21,47.95,0.0159,-1,-1,-1
41,1,628.72,576.02,292.05,497.77,0.9271,-1,-1,-1
41,3,1876.42,440.80,42.87,85.98,0.0568,-1,-1,-1
41,4,2.92,380.35,37.78,83.54,0.1878,-1,-1,-1
41,5,1162.93,838.50,47.55,46.04,1.0000,-1,-1,-1
41,6,1045.01,646.58,35.18,37.04,0.2595,-1,-1,-1
41,7,1006.45,796.07,37.74,38.83,1.0000,-1,-1,-1
41,8,150.67,714.07,371.93,361.73,0.0451,-1,-1,-1
41,9,13.62,547.95,30.91,20.38,1.0000,-1,-1,-1
41,10,107.01,52.88,112.55,154.34,0.0268,-1,-1,-1
41,11,1096.65,669.09,35.11,38.61,0.0350,-1,-1,-1
41,12,-31.06,438.37,62.98,58.72,1.0000,-1,-1,-1
41,15,1029.40,877.71,41.67,43.02,0.0287,-1,-1,-1
41,16,1143.16,838.63,40.03,42.98,0.0547,-1,-1,-1
41,19,168.94,385.93,132.33,235.76,1.0000,-1,-1,-1
41,26,1025.72,540.46,26.05,28.83,1.0000,-1,-1,-1
41,30,1105.30,720.19,42.29,56.44,0.0167,-1,-1,-1
41,31,794.22,397.35,186.98,148.62,1.0000,-1,-1,-1
41,33,837.13,655.73,30.76,33.83,0.1881,-1,-1,-1
41,35,1070.88,597.80,31.61,34.88,0.0837,-1,-1,-1
41,36,928.69,626.16,-47.88,-52.93,1.0000,-1,-1,-1
41,37,1096.20,655.88,35.65,39.53,0.0202,-1,-1,-1
41,39,1005.87,564.84,28.34,32.47,1.0000,-1,-1,-1
41,40,1026.18,461.57,75.01,70.10,0.0137,-1,-1,-1
41,41,780.87,472.16,214.25,137.33,1.0000,-1,-1,-1
41,42,13.30,592.38,-9.59,-40.95,1.0000,-1,-1,-1
41,43,6.04,475.25,63.08,43.33,0.0334,-1,-1,-1
41,44,1130.83,635.41,64.63,67.97,1.0000,-1,-1,-1
41,46,30.40,498.70,11.48,18.96,1.0000,-1,-1,-1
41,52,951.78,1017.63,154.77,59.40,1.0000,-1,-1,-1
41,59,785.61,516.06,91.96,82.36,1.0000,-1,-1,-1
41,62,880.95,639.87,29.33,33.01,0.0326,-1,-1,-1
41,64,1020.05,466.40,82.00,67.46,1.0000,-1,-1,-1
41,70,1020.83,516.55,5.98,6.37,1.0000,-1,-1,-1
41,80,943.51,422.60,66.84,72.41,1.0000,-1,-1,-1
41,83,992.17,672.56,25.93,26.76,1.0000,-1,-1,-1
41,85,1889.30,747.48,31.02,72.72,0.0208,-1,-1,-1
41,92,1087.93,662.96,38.96,43.75,0.0129,-1,-1,-1
41,93,1064.01,595.99,29.70,36.18,0.0441,-1,-1,-1
41,96,581.92,273.16,124.25,55.43,1.0000,-1,-1,-1
41,97,-2.19,377.37,63.10,124.19,0.0258,-1,-1,-1
41,104,1111.45,731.21,39.99,48.90,1.0000,-1,-1,-1
42,1,628.15,576.67,291.23,497.46,0.9254,-1,-1,-1
42,3,1876.52,443.56,42.22,84.12,0.0652,-1,-1,-1
42,4,2.26,377.00,40.28,88.24,0.1078,-1,-1,-1
42,5,1165.98,836.92,47.97,46.45,1.0000,-1,-1,-1
42,6,1044.77,649.08,34.48,36.33,0.2091,-1,-1,-1
42,7,1006.42,795.10,37.82,38.91,1.0000,-1,-1,-1
42,8,150.35,714.19,371.85,361.47,0.0336,-1,-1,-1
42,9,14.02,549.16,29.57,19.49,1.0000,-1,-1,-1
42,10,110.60,54.41,110.56,152.46,0.0310,-1,-1,-1
42,11,1096.44,669.08,35.40,38.93,1.0000,-1,-1,-1
42,12,-32.05,437.23,62.01,57.81,1.0000,-1,-1,-1
42,15,1037.05,878.38,41.85,43.26,0.0251,-1,-1,-1
42,16,1143.53,836.74,40.67,43.67,0.0754,-1,-1,-1
42,19,174.87,391.85,130.07,231.80,0.0347,-1,-1,-1
42,26,1024.41,540.09,25.86,28.63,1.0000,-1,-1,-1
42,30,1104.19,718.49,42.84,57.36,0.0139,-1,-1,-1
42,31,796.35,399.19,182.98,145.44,1.0000,-1,-1,-1
42,33,836.97,661.21,30.30,33.21,0.1801,-1,-1,-1
42,35,1070.80,597.98,31.82,35.11,0.0677,-1,-1,-1
42,36,925.12,625.51,-50.61,-55.95,1.0000,-1,-1,-1
42,37,1099.50,658.83,36.13,40.07,1.0000,-1,-1,-1
42,39,1003.47,565.64,28.14,32.24,1.0000,-1,-1,-1
42,40,1028.47,468.15,68.41,64.70,0.0106,-1,-1,-1
42,41,773.30,470.34,221.48,141.96,1.0000,-1,-1,-1
42,42,13.75,593.19,-10.44,-44.57,1.0000,-1,-1,-1
42,43,6.50,475.14,64.19,43.18,0.0567,-1,-1,-1
42,44,1136.53,638.20,65.94,69.35,1.0000,-1,-1,-1
42,46,31.65,499.00,10.94,18.06,1.0000,-1,-1,-1
42,52,952.82,1018.80,151.68,58.21,1.0000,-1,-1,-1
42,59,779.13,517.44,92.16,82.53,1.0000,-1,-1,-1
42,62,882.13,642.29,29.50,33.07,0.0377,-1,-1,-1
42,64,1019.70,466.43,82.33,67.73,1.0000,-1,-1,-1
42,70,1028.85,517.71,2.07,2.20,1.0000,-1,-1,-1
42,80,943.04,422.79,66.11,71.62,1.0000,-1,-1,-1
42,83,985.64,671.21,24.37,25.16,1.0000,-1,-1,-1
42,85,1889.50,749.00,30.80,72.30,0.0126,-1,-1,-1
42,92,1091.60,661.52,40.98,46.49,0.0116,-1,-1,-1
42,93,1063.36,594.90,30.71,37.52,0.0156,-1,-1,-1
42,96,582.01,273.53,123.69,55.18,1.0000,-1,-1,-1
42,97,-2.75,375.59,68.09,134.01,1.0000,-1,-1,-1
42,104,1110.69,730.39,41.15,50.27,0.0224,-1,-1,-1
43,1,627.34,576.88,290.42,497.04,0.9282,-1,-1,-1
43,3,1877.82,444.90,41.64,83.02,0.0336,-1,-1,-1
43,4,1.55,362.08,47.06,102.66,0.0287,-1,-1,-1
43,5,1169.02,835.34,48.39,46.86,1.0000,-1,-1,-1
43,6,1045.61,651.32,33.86,35.69,0.2136,-1,-1,-1
43,7,1014.70,799.22,37.91,39.09,0.0187,-1,-1,-1
43,8,160.15,714.53,373.46,360.67,0.0206,-1,-1,-1
43,9,14.41,550.38,28.23,18.61,1.0000,-1,-1,-1
43,10,112.72,54.79,110.08,152.73,0.0370,-1,-1,-1
43,11,1096.23,669.07,35.69,39.25,1.0000,-1,-1,-1
43,12,-33.05,436.09,61.04,56.90,1.0000,-1,-1,-1
43,15,1040.71,879.89,41.45,42.75,0.0676,-1,-1,-1
43,16,1145.95,835.54,41.55,43.79,0.0703,-1,-1,-1
43,19,175.93,391.93,130.64,232.65,0.0219,-1,-1,-1
43,26,1026.10,541.33,24.81,27.62,0.0122,-1,-1,-1
43,30,1106.11,720.38,43.53,58.25,0.0674,-1,-1,-1
43,31,798.49,401.03,178.99,142.26,1.0000,-1,-1,-1
43,33,836.83,666.51,29.87,32.54,0.1359,-1,-1,-1
43,35,1071.41,598.89,31.36,34.73,0.0980,-1,-1,-1
43,36,921.54,624.87,-53.34,-58.96,1.0000,-1,-1,-1
43,37,1102.79,661.79,36.61,40.61,1.0000,-1,-1,-1
43,39,1001.06,566.44,27.94,32.01,1.0000,-1,-1,-1
43,40,1029.38,477.18,58.34,56.34,0.0111,-1,-1,-1
43,41,765.73,468.51,228.71,146.60,1.0000,-1,-1,-1
43,42,14.21,594.00,-11.28,-48.19,1.0000,-1,-1,-1
43,43,5.10,475.40,65.43,43.44,0.0462,-1,-1,-1
43,44,1142.22,641.00,67.25,70.73,1.0000,-1,-1,-1
43,46,32.91,499.30,10.39,17.16,1.0000,-1,-1,-1
43,52,953.85,1019.97,148.58,57.03,1.0000,-1,-1,-1
43,59,772.64,518.82,92.36,82.71,1.0000,-1,-1,-1
43,62,883.25,645.36,29.99,33.34,0.0966,-1,-1,-1
43,64,1019.36,466.46,82.66,68.01,1.0000,-1,-1,-1
43,70,1036.87,518.87,-1.84,-1.96,1.0000,-1,-1,-1
43,80,942.57,422.98,65.37,70.82,1.0000,-1,-1,-1
43,83,979.11,669.85,22.82,23.55,1.0000,-1,-1,-1
43,85,1889.58,749.53,30.76,72.21,1.0000,-1,-1,-1
43,92,1093.04,659.49,43.01,49.49,0.0134,-1,-1,-1
43,93,1064.53,597.32,29.76,36.37,0.0257,-1,-1,-1
43,96,582.11,273.91,123.13,54.93,1.0000,-1,-1,-1
43,97,-3.31,373.80,73.09,143.83,1.0000,-1,-1,-1
43,104,1111.88,734.23,42.02,51.34,1.0000,-1,-1,-1
44,1,626.88,577.04,289.90,496.75,0.9269,-1,-1,-1
44,3,1878.26,445.12,41.86,83.77,0.0279,-1,-1,-1
44,4,1.74,361.30,48.05,104.03,0.0334,-1,-1,-1
44,5,1172.06,833.76,48.82,47.27,1.0000,-1,-1,-1
44,6,1046.02,653.10,33.54,35.37,0.2090,-1,-1,-1
44,7,1016.87,799.67,37.91,39.00,0.0249,-1,-1,-1
44,8,155.21,715.11,372.14,360.05,0.0458,-1,-1,-1
44,9,14.81,551.60,26.88,17.72,1.0000,-1,-1,-1
44,10,113.83,55.80,110.03,153.04,0.0239,-1,-1,-1
44,11,1096.03,669.06,35.99,39.57,1.0000,-1,-1,-1
44,15,1043.66,880.74,40.90,42.00,0.0393,-1,-1,-1
44,16,1146.73,834.21,42.06,43.78,0.0366,-1,-1,-1
44,19,178.73,393.70,129.78,229.85,0.0324,-1,-1,-1
44,26,1026.53,541.78,25.33,28.13,0.0184,-1,-1,-1
44,30,1111.57,724.80,41.16,55.05,0.0704,-1,-1,-1
44,31,800.63,402.88,174.99,139.09,1.0000,-1,-1,-1
44,33,836.24,671.52,31.26,33.89,0.1069,-1,-1,-1
44,35,1072.67,600.11,31.51,34.73,0.1168,-1,-1,-1
44,37,1106.08,664.75,37.10,41.14,1.0000,-1,-1,-1
44,39,998.66,567.24,27.74,31.78,1.0000,-1,-1,-1
44,40,1031.37,480.19,56.05,55.13,0.0118,-1,-1,-1
44,41,758.16,466.69,235.94,151.23,1.0000,-1,-1,-1
44,42,14.67,594.81,-12.13,-51.81,1.0000,-1,-1,-1
44,43,6.24,474.65,67.44,43.90,0.0337,-1,-1,-1
44,44,1147.91,643.79,68.56,72.10,1.0000,-1,-1,-1
44,46,34.16,499.60,9.85,16.26,1.0000,-1,-1,-1
44,52,954.89,1021.15,145.49,55.84,1.0000,-1,-1,-1
44,59,766.16,520.20,92.56,82.89,1.0000,-1,-1,-1
44,62,884.89,649.43,30.31,33.49,0.0824,-1,-1,-1
44,64,1019.01,466.49,83.00,68.28,1.0000,-1,-1,-1
44,70,1044.89,520.02,-5.75,-6.13,1.0000,-1,-1,-1
44,80,942.10,423.18,64.64,70.03,1.0000,-1,-1,-1
44,83,972.57,668.49,21.26,21.94,1.0000,-1,-1,-1
44,85,1889.66,750.07,30.72,72.11,1.0000,-1,-1,-1
44,92,1094.79,659.66,42.98,49.89,0.0165,-1,-1,-1
44,93,1065.96,599.34,29.49,35.86,0.0266,-1,-1,-1
44,96,582.21,274.28,122.58,54.68,1.0000,-1,-1,-1
44,97,-3.87,372.02,78.08,153.65,1.0000,-1,-1,-1
44,104,1113.08,738.08,42.89,52.40,1.0000,-1,-1,-1
44,115,-0.87,586.18,37.86,91.99,0.1661,-1,-1,-1
45,1,625.90,578.88,288.98,494.97,0.9312,-1,-1,-1
45,3,1878.73,446.37,42.01,84.63,0.0393,-1,-1,-1
45,4,2.15,365.23,47.01,100.70,0.0532,-1,-1,-1
45,5,1175.10,832.18,49.24,47.68,1.0000,-1,-1,-1
45,6,1045.73,656.28,34.13,36.09,0.2084,-1,-1,-1
45,7,1018.18,800.26,38.33,39.51,0.0428,-1,-1,-1
45,8,157.72,717.23,370.85,358.08,0.0859,-1,-1,-1
45,9,15.20,552.82,25.54,16.84,1.0000,-1,-1,-1
45,10,115.92,57.22,108.95,152.28,0.0311,-1,-1,-1
45,11,1095.82,669.05,36.28,39.89,1.0000,-1,-1,-1
45,15,1046.18,882.78,40.61,41.61,0.0451,-1,-1,-1
45,16,1149.37,834.58,41.63,42.57,0.0545,-1,-1,-1
45,19,178.71,393.92,131.52,232.30,0.0385,-1,-1,-1
45,26,1025.64,543.32,26.07,28.94,0.0437,-1,-1,-1
45,30,1109.18,723.46,40.53,54.21,0.0885,-1,-1,-1
45,31,802.76,404.72,170.99,135.91,1.0000,-1,-1,-1
45,33,834.93,675.48,31.46,34.10,1.0000,-1,-1,-1
45,35,1073.96,602.55,30.36,33.27,0.1414,-1,-1,-1
45,37,1109.38,667.70,37.58,41.68,1.0000,-1,-1,-1
45,39,996.25,568.04,27.54,31.55,1.0000,-1,-1,-1
45,40,1031.38,482.04,54.73,53.83,1.0000,-1,-1,-1
45,41,750.59,464.87,243.18,155.86,1.0000,-1,-1,-1
45,42,15.13,595.62,-12.98,-55.43,1.0000,-1,-1,-1
45,43,6.95,474.11,67.69,44.07,1.0000,-1,-1,-1
45,44,1153.60,646.59,69.87,73.48,1.0000,-1,-1,-1
45,46,35.42,499.90,9.31,15.37,1.0000,-1,-1,-1
45,52,955.92,1022.32,142.39,54.65,1.0000,-1,-1,-1
45,59,759.67,521.57,92.75,83.06,1.0000,-1,-1,-1
45,62,886.74,654.06,30.51,33.55,0.1593,-1,-1,-1
45,64,1018.67,466.52,83.33,68.55,1.0000,-1,-1,-1
45,70,1052.91,521.18,-9.66,-10.29,1.0000,-1,-1,-1
45,80,941.63,423.37,63.90,69.23,1.0000,-1,-1,-1
45,83,966.04,667.13,19.70,20.34,1.0000,-1,-1,-1
45,85,1889.75,750.61,30.68,72.01,1.0000,-1,-1,-1
45,92,1096.18,661.43,42.23,49.32,0.0137,-1,-1,-1
45,93,1067.10,601.92,28.58,34.44,0.0223,-1,-1,-1
45,96,582.31,274.65,122.02,54.43,1.0000,-1,-1,-1
45,97,-4.43,370.23,83.07,163.48,1.0000,-1,-1,-1
45,104,1114.30,731.96,42.49,52.08,0.0915,-1,-1,-1
45,115,-2.50,584.48,42.81,104.58,0.0628,-1,-1,-1
45,116,996.46,508.76,27.23,28.05,0.0474,-1,-1,-1
45,117,1046.03,643.78,32.28,42.36,0.0119,-1,-1,-1
46,1,623.70,578.97,289.09,494.24,0.9162,-1,-1,-1
46,3,1879.23,447.53,41.91,85.07,0.0283,-1,-1,-1
46,4,1.30,360.82,49.74,106.22,0.0195,-1,-1,-1
46,5,1178.14,830.60,49.66,48.09,1.0000,-1,-1,-1
46,6,1045.69,659.05,34.11,36.10,0.2025,-1,-1,-1
46,7,1019.63,800.43,38.33,39.51,0.0365,-1,-1,-1
46,8,157.52,718.31,370.45,357.38,0.0474,-1,-1,-1
46,9,15.60,554.03,24.19,15.95,1.0000,-1,-1,-1
46,10,119.77,59.11,106.54,150.17,0.0296,-1,-1,-1
46,11,1095.61,669.04,36.57,40.21,1.0000,-1,-1,-1
46,15,1047.94,883.30,40.91,42.00,0.0305,-1,-1,-1
46,16,1146.90,832.43,43.43,44.56,0.0238,-1,-1,-1
46,19,180.38,396.01,130.80,229.43,0.0467,-1,-1,-1
46,26,1025.23,543.93,26.25,29.08,0.0304,-1,-1,-1
46,30,1113.96,727.64,40.14,53.51,0.0580,-1,-1,-1
46,31,804.90,406.56,167.00,132.73,1.0000,-1,-1,-1
46,33,833.62,679.43,31.65,34.31,1.0000,-1,-1,-1
46,35,1075.13,605.15,28.65,31.10,0.1663,-1,-1,-1
46,37,1112.67,670.66,38.06,42.21,1.0000,-1,-1,-1
46,39,993.85,568.84,27.34,31.32,1.0000,-1,-1,-1
46,40,1031.39,483.88,53.41,52.53,1.0000,-1,-1,-1
46,41,743.02,463.04,250.41,160.50,1.0000,-1,-1,-1
46,42,15.59,596.43,-13.83,-59.05,1.0000,-1,-1,-1
46,43,7.65,473.56,67.94,44.23,1.0000,-1,-1,-1
46,44,1159.29,649.39,71.18,74.86,1.0000,-1,-1,-1
46,46,36.67,500.20,8.76,14.47,1.0000,-1,-1,-1
46,52,956.96,1023.50,139.30,53.46,1.0000,-1,-1,-1
46,59,753.19,522.95,92.95,83.24,1.0000,-1,-1,-1
46,62,888.06,656.58,31.05,34.12,0.1481,-1,-1,-1
46,64,1018.32,466.55,83.66,68.83,1.0000,-1,-1,-1
46,70,1060.94,522.34,-13.57,-14.46,1.0000,-1,-1,-1
46,80,941.16,423.56,63.17,68.44,1.0000,-1,-1,-1
46,83,959.51,665.77,18.15,18.73,1.0000,-1,-1,-1
46,85,1889.83,751.15,30.64,71.92,1.0000,-1,-1,-1
46,92,1096.81,661.08,43.14,50.40,1.0000,-1,-1,-1
46,93,1067.85,604.48,27.21,32.33,0.0239,-1,-1,-1
46,96,582.41,275.03,121.46,54.18,1.0000,-1,-1,-1
46,97,-4.99,368.45,88.06,173.30,1.0000,-1,-1,-1
46,104,1115.49,734.28,43.18,52.93,1.0000,-1,-1,-1
46,115,-0.83,586.20,43.06,105.17,0.0236,-1,-1,-1
46,116,996.18,507.43,26.03,26.75,0.0316,-1,-1,-1
46,117,1047.97,644.22,32.62,42.80,1.0000,-1,-1,-1
46,120,296.12,402.56,70.19,110.97,0.0122,-1,-1,-1
47,1,621.48,577.38,290.30,495.43,0.9065,-1,-1,-1
47,3,1879.81,447.65,41.79,85.66,0.0348,-1,-1,-1
47,4,2.58,358.61,51.71,108.96,0.0304,-1,-1,-1
47,5,1181.19,829.02,50.08,48.50,1.0000,-1,-1,-1
47,6,1046.00,661.10,33.72,35.70,0.1832,-1,-1,-1
47,7,1020.79,800.36,38.20,39.38,0.0596,-1,-1,-1
47,8,158.54,718.58,370.75,357.17,0.0458,-1,-1,-1
47,9,15.99,555.25,22.85,15.06,1.0000,-1,-1,-1
47,10,121.04,58.58,106.83,151.56,0.0455,-1,-1,-1
47,11,1095.40,669.03,36.86,40.53,1.0000,-1,-1,-1
47,15,1049.77,883.91,40.49,41.51,0.0115,-1,-1,-1
47,16,1146.76,831.33,43.50,44.49,0.0181,-1,-1,-1
47,19,180.48,395.60,132.30,230.78,0.0331,-1,-1,-1
47,26,1024.92,544.25,26.28,29.09,0.0275,-1,-1,-1
47,30,1112.40,724.45,43.34,58.40,0.0712,-1,-1,-1
47,31,807.03,408.41,163.00,129.56,1.0000,-1,-1,-1
47,33,834.92,688.08,30.96,34.11,0.0308,-1,-1,-1
47,35,1075.98,606.18,27.94,29.98,0.1915,-1,-1,-1
47,37,1115.97,673.61,38.54,42.75,1.0000,-1,-1,-1
47,39,991.44,569.64,27.13,31.09,1.0000,-1,-1,-1
47,40,1031.41,485.73,52.08,51.22,1.0000,-1,-1,-1
47,41,735.45,461.22,257.64,165.13,1.0000,-1,-1,-1
47,42,16.05,597.24,-14.67,-62.67,1.0000,-1,-1,-1
47,43,8.36,473.02,68.20,44.40,1.0000,-1,-1,-1
47,44,1164.99,652.18,72.49,76.23,1.0000,-1,-1,-1
47,46,37.93,500.50,8.22,13.57,1.0000,-1,-1,-1
47,52,957.99,1024.67,136.20,52.27,1.0000,-1,-1,-1
47,59,746.70,524.33,93.15,83.42,1.0000,-1,-1,-1
47,62,892.22,658.23,32.78,36.15,0.0173,-1,-1,-1
47,64,1017.98,466.58,84.00,69.10,1.0000,-1,-1,-1
47,70,1068.96,523.49,-17.48,-18.63,1.0000,-1,-1,-1
47,80,940.69,423.75,62.44,67.64,1.0000,-1,-1,-1
47,83,952.98,664.41,16.59,17.13,1.0000,-1,-1,-1
47,85,1889.91,751.69,30.60,71.82,1.0000,-1,-1,-1
47,92,1097.45,660.72,44.06,51.47,1.0000,-1,-1,-1
47,93,1068.51,605.58,26.76,31.22,0.0247,-1,-1,-1
47,96,582.51,275.40,120.90,53.94,1.0000,-1,-1,-1
47,97,-5.55,366.66,93.05,183.12,1.0000,-1,-1,-1
47,104,1116.68,736.61,43.88,53.79,1.0000,-1,-1,-1
47,115,-1.03,585.24,43.97,107.75,0.0268,-1,-1,-1
47,116,995.31,503.68,27.27,28.10,0.0109,-1,-1,-1
47,117,1049.92,644.67,32.96,43.25,1.0000,-1,-1,-1
47,120,296.68,403.49,70.25,111.08,1.0000,-1,-1,-1
48,1,620.29,571.81,293.39,500.22,0.8739,-1,-1,-1
48,3,1880.74,447.54,41.53,86.30,0.0175,-1,-1,-1
48,4,2.40,359.96,52.02,108.62,0.0315,-1,-1,-1
48,5,1184.23,827.44,50.51,48.91,1.0000,-1,-1,-1
48,6,1046.83,662.43,33.40,35.48,0.1772,-1,-1,-1
48,7,1022.73,800.24,37.81,39.14,0.0906,-1,-1,-1
48,8,158.60,719.14,370.31,356.61,0.0611,-1,-1,-1
48,9,16.38,556.47,21.51,14.18,1.0000,-1,-1,-1
48,10,122.24,59.46,106.61,152.29,0.0298,-1,-1,-1
48,11,1095.19,669.02,37.15,40.85,1.0000,-1,-1,-1
48,15,1051.96,884.49,40.43,41.39,0.0140,-1,-1,-1
48,16,1146.61,830.35,43.47,44.72,0.0195,-1,-1,-1
48,19,180.26,393.56,134.43,233.83,0.0157,-1,-1,-1
48,26,1025.41,544.38,25.48,28.16,0.0294,-1,-1,-1
48,30,1112.99,722.95,44.18,60.19,0.1042,-1,-1,-1
48,31,775.62,391.64,214.10,172.07,0.0136,-1,-1,-1
48,33,833.84,692.48,31.11,34.29,1.0000,-1,-1,-1
48,35,1076.94,606.64,28.13,30.04,0.1887,-1,-1,-1
48,37,1119.26,676.57,39.03,43.29,1.0000,-1,-1,-1
48,39,989.04,570.44,26.93,30.86,1.0000,-1,-1,-1
48,40,1031.42,487.58,50.76,49.92,1.0000,-1,-1,-1
48,41,727.88,459.40,264.87,169.77,1.0000,-1,-1,-1
48,43,9.06,472.47,68.45,44.56,1.0000,-1,-1,-1
48,44,1170.68,654.98,73.80,77.61,1.0000,-1,-1,-1
48,46,39.18,500.80,7.68,12.67,1.0000,-1,-1,-1
48,52,959.03,1025.85,133.11,51.09,1.0000,-1,-1,-1
48,59,740.22,525.71,93.34,83.59,1.0000,-1,-1,-1
48,62,894.26,662.23,30.43,33.92,0.0226,-1,-1,-1
48,64,1017.63,466.62,84.33,69.38,1.0000,-1,-1,-1
48,70,1076.98,524.65,-21.38,-22.79,1.0000,-1,-1,-1
48,80,940.22,423.94,61.70,66.84,1.0000,-1,-1,-1
48,83,946.44,663.05,15.04,15.52,1.0000,-1,-1,-1
48,85,1889.99,752.22,30.56,71.73,1.0000,-1,-1,-1
48,92,1099.18,663.95,43.12,50.59,0.0172,-1,-1,-1
48,93,1068.57,606.61,27.15,31.07,0.0160,-1,-1,-1
48,96,582.60,275.78,120.35,53.69,1.0000,-1,-1,-1
48,97,-6.11,364.88,98.04,192.94,1.0000,-1,-1,-1
48,104,1117.88,738.93,44.57,54.64,1.0000,-1,-1,-1
48,115,-0.58,583.94,45.27,111.10,0.0105,-1,-1,-1
48,116,994.51,501.40,27.37,28.21,1.0000,-1,-1,-1
48,117,1051.86,645.11,33.30,43.70,1.0000,-1,-1,-1
48,120,297.23,404.43,70.32,111.18,1.0000,-1,-1,-1
48,122,1077.14,597.28,31.50,34.29,0.0102,-1,-1,-1
49,1,621.98,573.46,292.31,498.15,0.8140,-1,-1,-1
49,3,1881.77,446.18,41.32,87.41,0.0154,-1,-1,-1
49,4,3.06,359.65,54.32,111.92,0.0139,-1,-1,-1
49,5,1187.27,825.86,50.93,49.32,1.0000,-1,-1,-1
49,6,1047.74,663.31,33.28,35.42,0.2032,-1,-1,-1
49,7,1024.22,799.48,38.19,39.59,0.0944,-1,-1,-1
49,8,159.77,718.91,370.76,356.82,0.0469,-1,-1,-1
49,9,16.78,557.69,20.16,13.29,1.0000,-1,-1,-1
49,10,119.54,59.30,110.08,157.10,0.0316,-1,-1,-1
49,11,1094.98,669.01,37.44,41.17,1.0000,-1,-1,-1
49,15,1059.21,884.98,40.58,41.72,0.0273,-1,-1,-1
49,16,1147.10,828.25,43.79,45.37,0.0104,-1,-1,-1
49,19,180.76,393.12,135.58,235.81,0.0254,-1,-1,-1
49,26,1026.25,544.73,25.16,27.72,0.0367,-1,-1,-1
49,30,1113.61,723.32,40.86,55.05,0.0622,-1,-1,-1
49,31,774.41,391.70,213.89,174.94,0.0283,-1,-1,-1
49,33,832.76,696.89,31.27,34.46,1.0000,-1,-1,-1
49,35,1078.25,606.51,28.96,30.91,0.1660,-1,-1,-1
49,37,1122.55,679.52,39.51,43.82,1.0000,-1,-1,-1
49,39,986.64,571.24,26.73,30.62,1.0000,-1,-1,-1
49,40,1031.44,489.42,49.44,48.62,1.0000,-1,-1,-1
49,41,720.31,457.57,272.10,174.40,1.0000,-1,-1,-1
49,43,9.76,471.93,68.70,44.73,1.0000,-1,-1,-1
49,44,1176.37,657.77,75.11,78.99,1.0000,-1,-1,-1
49,46,40.44,501.10,7.13,11.77,1.0000,-1,-1,-1
49,52,960.07,1027.02,130.01,49.90,1.0000,-1,-1,-1
49,59,733.73,527.09,93.54,83.77,1.0000,-1,-1,-1
49,62,900.71,665.94,27.71,31.16,0.0136,-1,-1,-1
49,64,1017.28,466.65,84.66,69.65,1.0000,-1,-1,-1
49,70,1085.00,525.81,-25.29,-26.96,1.0000,-1,-1,-1
49,80,939.75,424.13,60.97,66.05,1.0000,-1,-1,-1
49,83,939.91,661.69,13.48,13.91,1.0000,-1,-1,-1
49,85,1890.07,752.76,30.51,71.63,1.0000,-1,-1,-1
49,92,1099.91,663.95,43.87,51.47,1.0000,-1,-1,-1
49,93,1068.23,606.76,28.42,31.93,0.0110,-1,-1,-1
49,96,582.70,276.15,119.79,53.44,1.0000,-1,-1,-1
49,97,-6.68,363.09,103.03,202.77,1.0000,-1,-1,-1
49,104,1119.05,734.83,41.50,50.83,0.0655,-1,-1,-1
49,115,-0.69,583.35,46.62,114.42,1.0000,-1,-1,-1
49,116,993.72,499.11,27.48,28.31,1.0000,-1,-1,-1
49,117,1053.80,645.55,33.64,44.14,1.0000,-1,-1,-1
49,120,297.78,405.36,70.39,111.29,1.0000,-1,-1,-1
49,122,1077.72,597.60,31.36,34.13,1.0000,-1,-1,-1
50,1,623.12,573.65,292.53,497.72,0.8080,-1,-1,-1
50,3,1882.08,446.58,41.42,87.63,1.0000,-1,-1,-1
50,4,5.63,357.59,57.84,116.10,0.0220,-1,-1,-1
50,5,1190.31,824.28,51.35,49.73,1.0000,-1,-1,-1
50,6,1049.33,663.83,33.38,35.68,0.1878,-1,-1,-1
50,7,1026.63,798.16,38.66,40.13,0.1132,-1,-1,-1
50,8,161.11,719.27,371.32,357.07,0.0635,-1,-1,-1
50,10,121.01,59.74,111.66,159.22,0.0394,-1,-1,-1
50,11,1094.78,669.00,37.73,41.49,1.0000,-1,-1,-1
50,15,1064.13,885.19,40.79,41.84,0.0481,-1,-1,-1
50,16,1147.60,823.49,46.17,48.50,0.0113,-1,-1,-1
50,19,182.54,391.67,136.36,237.10,0.0105,-1,-1,-1
50,26,1028.11,544.91,25.87,28.39,0.0403,-1,-1,-1
50,30,1119.00,724.33,36.76,48.29,0.0574,-1,-1,-1
50,31,777.92,391.00,212.27,175.38,0.0436,-1,-1,-1
50,33,831.68,701.29,31.42,34.63,1.0000,-1,-1,-1
50,35,1079.88,605.72,30.55,32.64,0.2270,-1,-1,-1
50,37,1125.85,682.48,39.99,44.36,1.0000,-1,-1,-1
50,39,984.23,572.04,26.53,30.39,1.0000,-1,-1,-1
50,40,1035.67,485.12,55.62,55.10,0.0109,-1,-1,-1
50,41,712.74,455.75,279.33,179.04,1.0000,-1,-1,-1
50,43,10.47,471.38,68.96,44.89,1.0000,-1,-1,-1
50,44,1182.06,660.57,76.42,80.36,1.0000,-1,-1,-1
50,46,41.69,501.40,6.59,10.87,1.0000,-1,-1,-1
50,52,961.10,1028.20,126.92,48.71,1.0000,-1,-1,-1
50,59,727.24,528.46,93.74,83.95,1.0000,-1,-1,-1
50,62,904.26,667.65,29.03,32.64,0.0292,-1,-1,-1
50,64,1016.94,466.68,84.99,69.92,1.0000,-1,-1,-1
50,70,1093.02,526.96,-29.20,-31.12,1.0000,-1,-1,-1
50,80,939.28,424.32,60.23,65.25,1.0000,-1,-1,-1
50,83,933.38,660.33,11.92,12.31,1.0000,-1,-1,-1
50,85,1890.15,753.30,30.47,71.53,1.0000,-1,-1,-1
50,92,1100.65,663.95,44.61,52.35,1.0000,-1,-1,-1
50,93,1068.68,607.63,28.01,31.47,1.0000,-1,-1,-1
50,96,582.80,276.53,119.23,53.19,1.0000,-1,-1,-1
50,97,-7.24,361.31,108.03,212.59,1.0000,-1,-1,-1
50,104,1122.83,739.37,38.56,46.70,0.0933,-1,-1,-1
50,115,-0.55,583.75,53.67,132.02,0.0137,-1,-1,-1
50,116,992.92,496.83,27.58,28.42,1.0000,-1,-1,-1
50,117,1055.74,645.99,33.98,44.59,1.0000,-1,-1,-1
50,120,298.33,406.29,70.46,111.40,1.0000,-1,-1,-1
50,122,1086.61,602.46,32.54,35.56,0.0251,-1,-1,-1
51,1,626.30,572.04,293.39,498.91,0.8256,-1,-1,-1
51,3,1882.39,446.99,41.52,87.85,1.0000,-1,-1,-1
51,4,6.25,357.04,58.45,117.32,1.0000,-1,-1,-1
51,5,1193.35,822.71,51.78,50.13,1.0000,-1,-1,-1
51,6,1052.33,664.47,33.54,36.33,0.0690,-1,-1,-1
51,7,1029.03,797.20,38.00,39.62,0.0693,-1,-1,-1
51,8,166.11,718.57,373.59,357.77,0.0449,-1,-1,-1
51,10,125.80,58.95,111.27,158.38,0.0483,-1,-1,-1
51,11,1094.57,668.99,38.03,41.81,1.0000,-1,-1,-1
51,15,1068.93,885.54,40.75,41.81,0.0582,-1,-1,-1
51,16,1148.27,821.48,46.72,49.08,1.0000,-1,-1,-1
51,19,187.21,393.53,134.52,233.80,0.0109,-1,-1,-1
51,26,1031.12,545.13,26.19,28.79,0.0341,-1,-1,-1
51,30,1122.32,724.40,33.72,43.32,0.0702,-1,-1,-1
51,31,781.66,391.12,207.39,173.85,0.0592,-1,-1,-1
51,33,830.60,705.70,31.58,34.80,1.0000,-1,-1,-1
51,35,1082.84,605.16,31.65,33.74,0.2529,-1,-1,-1
51,37,1129.14,685.43,40.48,44.89,1.0000,-1,-1,-1
51,39,981.83,572.84,26.33,30.16,1.0000,-1,-1,-1
51,40,1036.08,486.34,55.10,54.58,1.0000,-1,-1,-1
51,41,705.17,453.93,286.56,183.67,1.0000,-1,-1,-1
51,43,11.17,470.84,69.21,45.06,1.0000,-1,-1,-1
51,44,1187.75,663.37,77.73,81.74,1.0000,-1,-1,-1
51,46,42.95,501.69,6.04,9.98,1.0000,-1,-1,-1
51,52,962.14,1029.37,123.82,47.52,1.0000,-1,-1,-1
51,59,720.76,529.84,93.94,84.12,1.0000,-1,-1,-1
51,62,908.11,669.73,29.17,32.55,0.0195,-1,-1,-1
51,64,969.20,452.91,58.97,48.49,0.0259,-1,-1,-1
51,70,1101.04,528.12,-33.11,-35.29,1.0000,-1,-1,-1
51,80,938.81,424.51,59.50,64.46,1.0000,-1,-1,-1
51,83,926.85,658.97,10.37,10.70,1.0000,-1,-1,-1
51,85,1890.23,753.84,30.43,71.44,1.0000,-1,-1,-1
51,92,1101.38,663.95,45.36,53.22,1.0000,-1,-1,-1
51,93,1069.14,608.49,27.61,31.02,1.0000,-1,-1,-1
51,96,582.90,276.90,118.68,52.94,1.0000,-1,-1,-1
51,97,-7.80,359.53,113.02,222.41,1.0000,-1,-1,-1
51,104,1127.97,739.46,39.57,47.74,0.0511,-1,-1,-1
51,115,1.66,584.44,54.27,132.33,0.0335,-1,-1,-1
51,116,992.12,494.54,27.68,28.52,1.0000,-1,-1,-1
51,117,1057.69,646.44,34.32,45.03,1.0000,-1,-1,-1
51,120,298.88,407.23,70.52,111.51,1.0000,-1,-1,-1
51,122,1089.42,604.00,32.79,35.83,1.0000,-1,-1,-1
52,1,623.12,544.96,308.02,527.23,0.8237,-1,-1,-1
52,3,1882.70,447.40,41.62,88.06,1.0000,-1,-1,-1
52,4,9.12,354.56,62.52,120.92,0.0106,-1,-1,-1
52,5,1196.40,821.13,52.20,50.54,1.0000,-1,-1,-1
52,6,1054.95,666.67,32.90,35.94,0.0170,-1,-1,-1
52,7,1030.93,796.02,37.89,39.79,0.0689,-1,-1,-1
52,8,166.07,719.28,373.60,356.92,0.0368,-1,-1,-1
52,10,127.72,58.18,111.45,158.11,0.0858,-1,-1,-1
52,11,1094.36,668.98,38.32,42.13,1.0000,-1,-1,-1
52,15,1072.62,886.13,40.27,41.30,0.0344,-1,-1,-1
52,16,1148.93,819.46,47.27,49.66,1.0000,-1,-1,-1
52,19,188.44,393.72,134.53,233.81,1.0000,-1,-1,-1
52,26,1032.86,545.03,26.71,29.39,0.0262,-1,-1,-1
52,30,1125.50,724.68,31.54,39.50,0.0574,-1,-1,-1
52,31,781.17,391.25,208.24,174.57,1.0000,-1,-1,-1
52,33,829.52,710.10,31.74,34.97,1.0000,-1,-1,-1
52,35,1085.50,605.32,31.66,33.71,0.1298,-1,-1,-1
52,37,1132.44,688.39,40.96,45.43,1.0000,-1,-1,-1
52,39,979.42,573.64,26.13,29.93,1.0000,-1,-1,-1
52,40,1044.44,483.94,57.98,56.96,0.0134,-1,-1,-1
52,41,697.60,452.10,293.79,188.31,1.0000,-1,-1,-1
52,43,11.88,470.29,69.46,45.22,1.0000,-1,-1,-1
52,44,1193.45,666.16,79.04,83.12,1.0000,-1,-1,-1
52,46,44.20,501.99,5.50,9.08,1.0000,-1,-1,-1
52,52,963.17,1030.55,120.73,46.34,1.0000,-1,-1,-1
52,59,714.27,531.22,94.13,84.30,1.0000,-1,-1,-1
52,62,911.07,671.52,30.59,34.01,0.0116,-1,-1,-1
52,64,962.54,444.05,67.77,58.98,0.0287,-1,-1,-1
52,70,1109.07,529.28,-37.02,-39.45,1.0000,-1,-1,-1
52,80,938.34,424.70,58.76,63.66,1.0000,-1,-1,-1
52,83,920.31,657.61,8.81,9.10,1.0000,-1,-1,-1
52,85,1890.31,754.37,30.39,71.34,1.0000,-1,-1,-1
52,92,1102.12,663.95,46.11,54.10,1.0000,-1,-1,-1
52,93,1069.59,609.35,27.20,30.56,1.0000,-1,-1,-1
52,96,583.00,277.27,118.12,52.69,1.0000,-1,-1,-1
52,97,-8.36,357.74,118.01,232.24,1.0000,-1,-1,-1
52,104,1134.11,743.86,35.92,42.67,0.0465,-1,-1,-1
52,115,2.46,585.09,55.02,133.02,0.0908,-1,-1,-1
52,116,991.32,492.26,27.78,28.63,1.0000,-1,-1,-1
52,117,1059.63,646.88,34.66,45.48,1.0000,-1,-1,-1
52,120,299.44,408.16,70.59,111.61,1.0000,-1,-1,-1
52,122,1092.23,605.55,33.04,36.10,1.0000,-1,-1,-1
53,1,628.21,555.51,301.84,517.24,0.8654,-1,-1,-1
53,3,1883.01,447.81,41.73,88.28,1.0000,-1,-1,-1
53,4,10.04,353.84,63.27,122.36,1.0000,-1,-1,-1
53,5,1199.44,819.55,52.62,50.95,1.0000,-1,-1,-1
53,6,1056.62,669.99,31.69,34.75,0.0179,-1,-1,-1
53,7,1031.59,794.95,38.27,40.54,0.0668,-1,-1,-1
53,8,169.42,719.57,374.90,356.65,0.0371,-1,-1,-1
53,10,128.40,58.08,111.13,157.32,0.0573,-1,-1,-1
53,11,1094.15,668.97,38.61,42.45,1.0000,-1,-1,-1
53,15,1074.02,886.57,40.69,41.72,0.0161,-1,-1,-1
53,16,1149.59,817.44,47.83,50.24,1.0000,-1,-1,-1
53,19,193.66,397.82,131.29,228.16,0.0110,-1,-1,-1
53,26,1032.94,545.17,27.15,29.88,0.0274,-1,-1,-1
53,30,1125.77,724.82,33.78,41.85,0.0401,-1,-1,-1
53,31,780.69,391.38,209.10,175.28,1.0000,-1,-1,-1
53,33,828.44,714.51,31.89,35.15,1.0000,-1,-1,-1
53,35,1086.79,605.68,31.94,34.05,0.1348,-1,-1,-1
53,37,1135.73,691.34,41.44,45.97,1.0000,-1,-1,-1
53,39,977.02,574.44,25.93,29.70,1.0000,-1,-1,-1
53,40,1045.16,482.69,60.73,59.26,0.0167,-1,-1,-1
53,41,690.03,450.28,301.02,192.94,1.0000,-1,-1,-1
53,43,12.58,469.75,69.72,45.39,1.0000,-1,-1,-1
53,44,1199.14,668.96,80.35,84.50,1.0000,-1,-1,-1
53,46,45.46,502.29,4.96,8.18,1.0000,-1,-1,-1
53,52,964.21,1031.72,117.63,45.15,1.0000,-1,-1,-1
53,59,707.79,532.60,94.33,84.48,1.0000,-1,-1,-1
53,62,912.41,674.06,30.69,34.11,0.0152,-1,-1,-1
53,64,960.21,440.52,70.89,62.59,0.0123,-1,-1,-1
53,70,1117.09,530.44,-40.93,-43.62,1.0000,-1,-1,-1
53,80,937.87,424.89,58.03,62.87,1.0000,-1,-1,-1
53,83,913.78,656.25,7.26,7.49,1.0000,-1,-1,-1
53,85,1890.40,754.91,30.35,71.24,1.0000,-1,-1,-1
53,92,1102.85,663.95,46.86,54.98,1.0000,-1,-1,-1
53,93,1070.05,610.21,26.79,30.10,1.0000,-1,-1,-1
53,96,583.10,277.65,117.56,52.44,1.0000,-1,-1,-1
53,97,-8.92,355.96,123.00,242.06,1.0000,-1,-1,-1
53,104,1134.20,742.19,37.45,44.19,0.0322,-1,-1,-1
53,115,2.33,585.22,56.56,135.88,0.0976,-1,-1,-1
53,116,990.53,489.97,27.89,28.73,1.0000,-1,-1,-1
53,117,1061.57,647.32,35.00,45.93,1.0000,-1,-1,-1
53,120,299.99,409.09,70.66,111.72,1.0000,-1,-1,-1
53,122,1095.04,607.09,33.29,36.37,1.0000,-1,-1,-1
53,127,1830.74,748.66,89.20,94.86,0.0118,-1,-1,-1
53,128,1042.66,794.34,34.65,41.44,0.0496,-1,-1,-1
54,1,633.10,562.15,298.06,511.49,0.8942,-1,-1,-1
54,3,1883.32,448.22,41.83,88.49,1.0000,-1,-1,-1
54,4,10.97,353.12,64.01,123.80,1.0000,-1,-1,-1
54,5,1202.48,817.97,53.05,51.36,1.0000,-1,-1,-1
54,6,1057.64,672.29,31.29,34.59,0.0106,-1,-1,-1
54,7,1031.87,788.51,40.13,42.98,0.0106,-1,-1,-1
54,8,168.69,719.54,375.51,357.09,0.0354,-1,-1,-1
54,10,128.77,56.00,112.67,159.26,0.0680,-1,-1,-1
54,11,1093.94,668.96,38.90,42.77,1.0000,-1,-1,-1
54,15,1076.91,886.96,40.65,41.68,1.0000,-1,-1,-1
54,16,1150.26,815.43,48.38,50.82,1.0000,-1,-1,-1
54,19,195.30,398.41,130.96,227.58,1.0000,-1,-1,-1
54,26,1033.41,545.77,27.00,29.64,0.0341,-1,-1,-1
54,30,1127.09,725.05,32.75,40.22,0.0243,-1,-1,-1
54,31,780.20,391.51,209.95,176.00,1.0000,-1,-1,-1
54,33,827.36,718.92,32.05,35.32,1.0000,-1,-1,-1
54,35,1091.00,606.86,30.70,32.62,0.1194,-1,-1,-1
54,37,1139.02,694.30,41.93,46.50,1.0000,-1,-1,-1
54,39,974.61,575.24,25.73,29.47,1.0000,-1,-1,-1
54,40,1046.39,483.32,60.78,59.31,1.0000,-1,-1,-1
54,41,682.46,448.46,308.25,197.57,1.0000,-1,-1,-1
54,43,13.29,469.21,69.97,45.55,1.0000,-1,-1,-1
54,44,1204.83,671.75,81.65,85.87,1.0000,-1,-1,-1
54,46,46.71,502.59,4.41,7.28,1.0000,-1,-1,-1
54,52,965.25,1032.90,114.54,43.96,1.0000,-1,-1,-1
54,59,701.30,533.98,94.53,84.65,1.0000,-1,-1,-1
54,62,914.02,676.66,29.95,33.39,0.0188,-1,-1,-1
54,64,956.86,438.60,71.97,63.55,1.0000,-1,-1,-1
54,70,1125.11,531.59,-44.84,-47.78,1.0000,-1,-1,-1
54,80,937.40,425.08,57.30,62.07,1.0000,-1,-1,-1
54,83,907.25,654.89,5.70,5.88,1.0000,-1,-1,-1
54,85,1890.48,755.45,30.31,71.15,1.0000,-1,-1,-1
54,92,1103.59,663.95,47.61,55.86,1.0000,-1,-1,-1
54,93,1070.50,611.07,26.39,29.65,1.0000,-1,-1,-1
54,96,583.19,278.02,117.00,52.20,1.0000,-1,-1,-1
54,97,-9.48,354.17,127.99,251.88,1.0000,-1,-1,-1
54,104,1137.18,745.49,35.87,41.55,0.0184,-1,-1,-1
54,115,2.12,584.19,56.55,135.07,0.0838,-1,-1,-1
54,116,989.73,487.68,27.99,28.84,1.0000,-1,-1,-1
54,117,1063.51,647.77,35.34,46.37,1.0000,-1,-1,-1
54,120,300.54,410.03,70.73,111.83,1.0000,-1,-1,-1
54,122,1097.84,608.64,33.54,36.64,1.0000,-1,-1,-1
54,127,1831.82,750.48,88.48,94.12,0.0106,-1,-1,-1
54,128,1045.01,793.09,33.81,40.27,0.0459,-1,-1,-1
55,1,637.20,565.32,295.50,508.07,0.9026,-1,-1,-1
55,3,1883.63,448.63,41.93,88.71,1.0000,-1,-1,-1
55,4,11.89,352.40,64.76,125.24,1.0000,-1,-1,-1
55,5,1205.52,816.39,53.47,51.77,1.0000,-1,-1,-1
55,6,1058.25,674.01,31.19,34.48,1.0000,-1,-1,-1
55,7,1033.34,786.19,41.00,44.36,0.0101,-1,-1,-1
55,8,166.66,718.50,376.98,358.08,0.0110,-1,-1,-1
55,10,130.49,59.50,110.49,154.57,0.0592,-1,-1,-1
55,11,1093.74,668.95,39.19,43.09,1.0000,-1,-1,-1
55,15,1078.55,888.13,39.38,40.29,0.0175,-1,-1,-1
55,16,1150.92,813.41,48.94,51.40,1.0000,-1,-1,-1
55,19,196.64,397.45,131.79,229.49,0.0121,-1,-1,-1
55,26,1034.00,545.50,27.20,29.87,0.0561,-1,-1,-1
55,30,1128.43,725.53,32.57,39.83,0.0525,-1,-1,-1
55,31,779.71,391.63,210.81,176.72,1.0000,-1,-1,-1
55,33,826.28,723.32,32.20,35.49,1.0000,-1,-1,-1
55,35,1094.16,607.19,29.93,31.58,0.1152,-1,-1,-1
55,37,1129.35,724.52,48.96,55.57,0.0138,-1,-1,-1
55,39,972.21,576.04,25.52,29.24,1.0000,-1,-1,-1
55,40,1047.62,483.95,60.82,59.35,1.0000,-1,-1,-1
55,41,674.89,446.63,315.48,202.21,1.0000,-1,-1,-1
55,43,13.99,468.66,70.22,45.72,1.0000,-1,-1,-1
55,44,1210.52,674.55,82.96,87.25,1.0000,-1,-1,-1
55,52,966.28,1034.07,111.44,42.77,1.0000,-1,-1,-1
55,59,694.82,535.36,94.72,84.83,1.0000,-1,-1,-1
55,62,915.78,678.10,30.95,34.47,0.0915,-1,-1,-1
55,64,953.51,436.68,73.06,64.51,1.0000,-1,-1,-1
55,70,1133.13,532.75,-48.75,-51.95,1.0000,-1,-1,-1
55,80,936.92,425.27,56.56,61.28,1.0000,-1,-1,-1
55,83,900.71,653.53,4.14,4.28,1.0000,-1,-1,-1
55,85,1890.56,755.99,30.27,71.05,1.0000,-1,-1,-1
55,92,1104.32,663.96,48.36,56.74,1.0000,-1,-1,-1
55,93,1070.96,611.94,25.98,29.19,1.0000,-1,-1,-1
55,96,583.29,278.40,116.45,51.95,1.0000,-1,-1,-1
55,97,-10.04,352.39,132.98,261.70,1.0000,-1,-1,-1
55,104,1138.78,745.22,36.07,41.32,0.0466,-1,-1,-1
55,115,3.23,584.75,56.86,134.05,0.0933,-1,-1,-1
55,116,1000.23,473.24,31.73,32.34,0.0103,-1,-1,-1
55,117,1065.46,648.21,35.68,46.82,1.0000,-1,-1,-1
55,120,301.09,410.96,70.80,111.93,1.0000,-1,-1,-1
55,122,1100.65,610.18,33.78,36.91,1.0000,-1,-1,-1
55,127,1832.92,749.95,88.23,94.00,0.0162,-1,-1,-1
55,128,1045.40,790.76,34.76,41.23,0.0421,-1,-1,-1
56,1,638.80,565.95,294.39,506.96,0.9010,-1,-1,-1
56,3,1883.94,449.04,42.03,88.92,1.0000,-1,-1,-1
56,4,12.81,351.67,65.51,126.68,1.0000,-1,-1,-1
56,5,1208.56,814.81,53.89,52.18,1.0000,-1,-1,-1
56,6,1060.14,675.60,30.63,34.03,0.0134,-1,-1,-1
56,7,1034.53,784.85,41.46,44.86,1.0000,-1,-1,-1
56,8,167.07,717.54,378.91,359.16,0.0129,-1,-1,-1
56,10,131.25,61.51,109.93,152.24,0.0605,-1,-1,-1
56,11,1093.53,668.94,39.48,43.41,1.0000,-1,-1,-1
56,15,1079.36,888.32,39.33,40.23,0.0276,-1,-1,-1
56,16,1151.58,811.40,49.49,51.99,1.0000,-1,-1,-1
56,19,197.69,397.95,131.14,228.70,0.0240,-1,-1,-1
56,26,1034.13,545.93,27.47,30.20,0.0784,-1,-1,-1
56,30,1129.35,725.69,32.34,39.29,0.0635,-1,-1,-1
56,31,787.60,391.12,203.40,173.93,0.0763,-1,-1,-1
56,33,825.20,727.73,32.36,35.66,1.0000,-1,-1,-1
56,35,1095.45,607.37,29.63,31.13,0.1704,-1,-1,-1
56,37,1130.26,726.55,48.52,55.92,0.0169,-1,-1,-1
56,39,969.80,576.84,25.32,29.01,1.0000,-1,-1,-1
56,40,1048.85,484.58,60.87,59.40,1.0000,-1,-1,-1
56,41,667.32,444.81,322.71,206.84,1.0000,-1,-1,-1
56,43,14.70,468.12,70.48,45.88,1.0000,-1,-1,-1
56,44,1216.21,677.34,84.27,88.63,1.0000,-1,-1,-1
56,52,967.32,1035.25,108.35,41.58,1.0000,-1,-1,-1
56,59,688.33,536.73,94.92,85.01,1.0000,-1,-1,-1
56,62,919.64,679.54,31.90,35.61,0.0624,-1,-1,-1
56,64,950.16,434.76,74.15,65.47,1.0000,-1,-1,-1
56,70,1141.15,533.91,-52.65,-56.12,1.0000,-1,-1,-1
56,80,936.45,425.46,55.83,60.48,1.0000,-1,-1,-1
56,83,894.18,652.17,2.59,2.67,1.0000,-1,-1,-1
56,85,1890.64,756.53,30.23,70.96,1.0000,-1,-1,-1
56,92,1114.12,664.72,44.81,53.24,0.0111,-1,-1,-1
56,93,1071.41,612.80,25.58,28.73,1.0000,-1,-1,-1
56,96,583.39,278.77,115.89,51.70,1.0000,-1,-1,-1
56,97,-10.60,350.60,137.97,271.53,1.0000,-1,-1,-1
56,104,1139.17,746.12,35.90,40.60,0.0590,-1,-1,-1
56,115,2.49,584.27,57.86,135.59,0.0817,-1,-1,-1
56,116,1000.51,469.81,32.15,32.77,1.0000,-1,-1,-1
56,117,1068.74,672.27,30.28,39.55,0.0108,-1,-1,-1
56,120,301.65,411.89,70.86,112.04,1.0000,-1,-1,-1
56,122,1103.46,611.73,34.03,37.18,1.0000,-1,-1,-1
56,127,1833.59,750.51,87.93,93.68,1.0000,-1,-1,-1
56,128,1045.87,790.06,34.64,40.85,0.0393,-1,-1,-1
57,1,640.94,565.26,293.18,504.84,0.9113,-1,-1,-1
57,3,1884.25,449.45,42.13,89.14,1.0000,-1,-1,-1
57,4,13.73,350.95,66.25,128.13,1.0000,-1,-1,-1
57,5,1211.61,813.23,54.31,52.59,1.0000,-1,-1,-1
57,6,1061.55,677.43,29.93,33.31,0.0180,-1,-1,-1
57,7,1035.13,783.92,40.88,44.58,0.0173,-1,-1,-1
57,8,170.56,718.62,379.18,358.18,0.0229,-1,-1,-1
57,10,131.20,61.57,110.89,152.39,0.0679,-1,-1,-1
57,11,1093.32,668.93,39.78,43.73,1.0000,-1,-1,-1
57,15,1079.53,887.63,39.97,40.98,0.0282,-1,-1,-1
57,16,1157.48,818.80,43.23,45.52,0.0107,-1,-1,-1
57,19,198.44,399.32,130.61,227.94,0.0238,-1,-1,-1
57,26,1034.14,546.19,27.35,30.09,0.0927,-1,-1,-1
57,30,1129.59,726.03,31.89,38.42,0.0787,-1,-1,-1
57,31,791.47,391.52,197.01,170.15,0.0418,-1,-1,-1
57,33,824.12,732.13,32.52,35.83,1.0000,-1,-1,-1
57,35,1095.97,607.68,29.61,30.95,0.1551,-1,-1,-1
57,37,1130.87,727.53,47.47,55.15,0.0219,-1,-1,-1
57,39,967.40,577.64,25.12,28.78,1.0000,-1,-1,-1
57,40,1050.09,485.21,60.92,59.44,1.0000,-1,-1,-1
57,41,659.75,442.99,329.94,211.48,1.0000,-1,-1,-1
57,43,15.40,467.57,70.73,46.04,1.0000,-1,-1,-1
57,44,1221.91,680.14,85.58,90.00,1.0000,-1,-1,-1
57,52,968.35,1036.42,105.25,40.40,1.0000,-1,-1,-1
57,59,681.85,538.11,95.12,85.18,1.0000,-1,-1,-1
57,62,921.82,680.90,32.80,36.59,0.0764,-1,-1,-1
57,64,946.81,432.84,75.24,66.43,1.0000,-1,-1,-1
57,70,1149.17,535.06,-56.56,-60.28,1.0000,-1,-1,-1
57,80,935.98,425.66,55.09,59.68,1.0000,-1,-1,-1
57,83,887.65,650.81,1.03,1.07,1.0000,-1,-1,-1
57,85,1890.72,757.06,30.19,70.86,1.0000,-1,-1,-1
57,92,1115.51,664.78,45.28,53.79,1.0000,-1,-1,-1
57,93,1071.87,613.66,25.17,28.28,1.0000,-1,-1,-1
57,96,583.49,279.14,115.33,51.45,1.0000,-1,-1,-1
57,97,-11.16,348.82,142.97,281.35,1.0000,-1,-1,-1
57,104,1138.79,745.79,36.72,41.12,0.0655,-1,-1,-1
57,115,1.39,583.98,58.87,137.77,0.0593,-1,-1,-1
57,116,1000.79,466.38,32.57,33.19,1.0000,-1,-1,-1
57,117,1070.13,675.53,28.90,37.28,0.0175,-1,-1,-1
57,120,302.20,412.83,70.93,112.15,1.0000,-1,-1,-1
57,122,1106.27,613.27,34.28,37.45,1.0000,-1,-1,-1
57,127,1834.25,751.08,87.63,93.35,1.0000,-1,-1,-1
57,128,1046.22,788.62,34.74,40.70,0.0483,-1,-1,-1
58,1,640.39,562.90,294.93,508.64,0.8975,-1,-1,-1
58,3,1884.57,449.85,42.23,89.35,1.0000,-1,-1,-1
58,4,14.65,350.23,67.00,129.57,1.0000,-1,-1,-1
58,5,1214.65,811.65,54.74,53.00,1.0000,-1,-1,-1
58,6,1067.67,678.66,29.84,33.09,0.0176,-1,-1,-1
58,7,1036.08,782.68,40.25,44.12,0.0117,-1,-1,-1
58,8,163.59,717.91,377.94,358.56,0.0163,-1,-1,-1
58,10,131.17,60.53,112.25,153.15,0.0789,-1,-1,-1
58,11,1093.11,668.92,40.07,44.06,1.0000,-1,-1,-1
58,15,1084.92,886.16,40.18,41.28,0.0305,-1,-1,-1
58,16,1158.54,817.50,43.28,45.57,1.0000,-1,-1,-1
58,19,199.20,399.00,130.45,227.19,0.0212,-1,-1,-1
58,26,1034.58,545.98,26.96,29.59,0.0471,-1,-1,-1
58,30,1128.91,725.08,35.99,43.34,0.0333,-1,-1,-1
58,31,791.79,391.63,197.04,170.17,1.0000,-1,-1,-1
58,33,823.04,736.54,32.67,36.01,1.0000,-1,-1,-1
58,35,1097.48,607.91,28.95,30.03,0.1003,-1,-1,-1
58,37,1133.08,731.63,48.20,56.00,1.0000,-1,-1,-1
58,39,965.00,578.44,24.92,28.55,1.0000,-1,-1,-1
58,40,1051.32,485.84,60.96,59.49,1.0000,-1,-1,-1
58,41,652.18,441.16,337.17,216.11,1.0000,-1,-1,-1
58,43,16.11,467.03,70.99,46.21,1.0000,-1,-1,-1
58,44,1227.60,682.94,86.89,91.38,1.0000,-1,-1,-1
58,52,969.39,1037.60,102.16,39.21,1.0000,-1,-1,-1
58,59,675.36,539.49,95.32,85.36,1.0000,-1,-1,-1
58,62,923.74,682.71,33.06,36.69,0.1168,-1,-1,-1
58,64,943.46,430.92,76.33,67.40,1.0000,-1,-1,-1
58,70,1157.19,536.22,-60.47,-64.45,1.0000,-1,-1,-1
58,80,935.51,425.85,54.36,58.89,1.0000,-1,-1,-1
58,83,857.87,637.23,40.65,44.04,0.0135,-1,-1,-1
58,85,1890.80,757.60,30.15,70.76,1.0000,-1,-1,-1
58,92,1116.90,664.84,45.74,54.34,1.0000,-1,-1,-1
58,93,1072.32,614.52,24.76,27.82,1.0000,-1,-1,-1
58,96,583.59,279.52,114.78,51.20,1.0000,-1,-1,-1
58,97,-11.72,347.03,147.96,291.17,1.0000,-1,-1,-1
58,104,1136.82,741.02,40.49,45.42,0.0322,-1,-1,-1
58,115,0.17,583.50,57.51,134.99,0.0257,-1,-1,-1
58,116,1001.08,462.94,32.98,33.62,1.0000,-1,-1,-1
58,117,1072.14,677.99,28.58,36.87,1.0000,-1,-1,-1
58,120,302.75,413.76,71.00,112.26,1.0000,-1,-1,-1
58,122,1109.08,614.82,34.53,37.72,1.0000,-1,-1,-1
58,127,1834.95,752.22,86.60,92.50,0.0123,-1,-1,-1
58,128,1047.10,787.52,33.92,39.38,0.0309,-1,-1,-1
59,1,640.20,562.74,295.34,509.31,0.9106,-1,-1,-1
59,3,1884.88,450.26,42.34,89.57,1.0000,-1,-1,-1
59,4,15.58,349.51,67.74,131.01,1.0000,-1,-1,-1
59,5,1217.69,810.07,55.16,53.41,1.0000,-1,-1,-1
59,6,1071.02,680.50,29.52,32.38,0.0326,-1,-1,-1
59,7,1037.17,781.39,40.56,44.46,1.0000,-1,-1,-1
59,8,163.96,717.84,377.37,358.83,0.0119,-1,-1,-1
59,10,131.74,60.69,113.21,153.71,0.0535,-1,-1,-1
59,11,1092.90,668.91,40.36,44.38,1.0000,-1,-1,-1
59,15,1087.10,885.61,39.93,41.06,0.0265,-1,-1,-1
59,16,1159.01,820.02,40.33,42.62,0.0108,-1,-1,-1
59,19,200.58,399.45,130.19,226.74,1.0000,-1,-1,-1
59,26,1034.64,546.10,26.91,29.45,0.0491,-1,-1,-1
59,30,1129.06,724.87,37.20,44.78,0.0481,-1,-1,-1
59,31,792.11,391.73,197.06,170.19,1.0000,-1,-1,-1
59,33,821.96,740.95,32.83,36.18,1.0000,-1,-1,-1
59,35,1097.87,608.13,28.77,29.72,0.1272,-1,-1,-1
59,37,1135.30,735.74,48.93,56.85,1.0000,-1,-1,-1
59,39,962.59,579.24,24.72,28.32,1.0000,-1,-1,-1
59,40,1052.55,486.47,61.01,59.54,1.0000,-1,-1,-1
59,41,644.61,439.34,344.40,220.75,1.0000,-1,-1,-1
59,43,16.81,466.48,71.24,46.37,1.0000,-1,-1,-1
59,44,1233.29,685.73,88.20,92.76,1.0000,-1,-1,-1
59,52,970.43,1038.77,99.06,38.02,1.0000,-1,-1,-1
59,62,926.39,685.21,32.12,35.48,0.1138,-1,-1,-1
59,64,940.12,429.00,77.42,68.36,1.0000,-1,-1,-1
59,80,935.04,426.04,53.62,58.09,1.0000,-1,-1,-1
59,83,850.26,635.32,41.01,44.43,1.0000,-1,-1,-1
59,85,1890.88,758.14,30.10,70.67,1.0000,-1,-1,-1
59,92,1118.29,664.90,46.21,54.90,1.0000,-1,-1,-1
59,93,1072.78,615.38,24.36,27.37,1.0000,-1,-1,-1
59,96,583.68,279.89,114.22,50.95,1.0000,-1,-1,-1
59,97,-12.29,345.25,152.95,301.00,1.0000,-1,-1,-1
59,104,1136.64,739.47,42.19,47.48,0.0453,-1,-1,-1
59,115,-0.74,583.20,57.78,136.29,0.0364,-1,-1,-1
59,116,1001.36,459.51,33.40,34.04,1.0000,-1,-1,-1
59,117,1074.14,680.45,28.25,36.45,1.0000,-1,-1,-1
59,120,303.30,414.70,71.07,112.36,1.0000,-1,-1,-1
59,122,1111.89,616.36,34.78,37.99,1.0000,-1,-1,-1
59,127,1835.61,752.88,86.21,92.08,1.0000,-1,-1,-1
59,128,1048.26,786.49,33.65,38.77,0.0100,-1,-1,-1
59,131,858.56,791.90,32.36,35.22,0.0119,-1,-1,-1
60,1,640.47,562.98,295.80,509.32,0.9211,-1,-1,-1
60,3,1885.19,450.67,42.44,89.78,1.0000,-1,-1,-1
60,4,16.50,348.78,68.49,132.45,1.0000,-1,-1,-1
60,5,1220.73,808.49,55.58,53.82,1.0000,-1,-1,-1
60,6,1072.21,681.77,29.82,32.50,0.0458,-1,-1,-1
60,7,1038.26,780.10,40.87,44.79,1.0000,-1,-1,-1
60,8,163.16,718.40,374.80,358.12,0.0244,-1,-1,-1
60,10,130.72,60.85,114.26,154.34,0.0497,-1,-1,-1
60,11,1092.70,668.90,40.65,44.70,1.0000,-1,-1,-1
60,15,1087.68,884.30,40.24,41.48,0.0346,-1,-1,-1
60,16,1160.00,819.12,40.08,42.36,1.0000,-1,-1,-1
60,19,198.72,398.37,130.74,226.89,0.0112,-1,-1,-1
60,26,1034.61,546.12,26.93,29.43,0.0610,-1,-1,-1
60,30,1129.34,724.56,37.96,45.67,0.0610,-1,-1,-1
60,31,792.43,391.84,197.08,170.21,1.0000,-1,-1,-1
60,33,820.88,745.35,32.98,36.35,1.0000,-1,-1,-1
60,35,1098.10,608.13,28.85,29.59,0.1394,-1,-1,-1
60,37,1137.51,739.84,49.66,57.69,1.0000,-1,-1,-1
60,39,960.19,580.04,24.52,28.09,1.0000,-1,-1,-1
60,40,1053.78,487.11,61.06,59.58,1.0000,-1,-1,-1
60,41,637.04,437.52,351.63,225.38,1.0000,-1,-1,-1
60,43,17.52,465.94,71.49,46.54,1.0000,-1,-1,-1
60,62,928.14,687.51,31.23,34.25,0.1979,-1,-1,-1
60,64,936.77,427.08,78.51,69.32,1.0000,-1,-1,-1
60,80,934.57,426.23,52.89,57.30,1.0000,-1,-1,-1
60,83,842.65,633.41,41.36,44.82,1.0000,-1,-1,-1
60,85,1890.97,758.68,30.06,70.57,1.0000,-1,-1,-1
60,92,1119.68,664.95,46.67,55.45,1.0000,-1,-1,-1
60,93,1073.23,616.25,23.95,26.91,1.0000,-1,-1,-1
60,96,583.78,280.27,113.66,50.70,1.0000,-1,-1,-1
60,97,-12.85,343.47,157.94,310.82,1.0000,-1,-1,-1
60,104,1136.62,738.08,43.12,48.70,0.0564,-1,-1,-1
60,115,-1.31,584.74,57.42,136.29,0.0289,-1,-1,-1
60,116,1001.64,456.08,33.82,34.47,1.0000,-1,-1,-1
60,117,1076.15,682.92,27.93,36.04,1.0000,-1,-1,-1
60,120,303.85,415.63,71.13,112.47,1.0000,-1,-1,-1
60,122,1114.70,617.91,35.02,38.27,1.0000,-1,-1,-1
60,127,1836.26,753.55,85.82,91.67,1.0000,-1,-1,-1
60,128,1048.72,784.08,34.57,39.81,0.0132,-1,-1,-1
60,131,858.49,792.04,32.53,35.42,0.0283,-1,-1,-1
61,1,641.28,562.86,297.26,510.10,0.9175,-1,-1,-1
61,3,1885.50,451.08,42.54,90.00,1.0000,-1,-1,-1
61,4,17.42,348.06,69.24,133.89,1.0000,-1,-1,-1
61,5,1223.77,806.91,56.01,54.23,1.0000,-1,-1,-1
61,6,1072.33,682.39,30.10,32.57,0.0552,-1,-1,-1
61,7,1039.35,778.81,41.18,45.13,1.0000,-1,-1,-1
61,8,163.38,718.19,373.23,358.27,0.0239,-1,-1,-1
61,10,130.45,60.86,114.35,153.60,0.0607,-1,-1,-1
61,11,1092.49,668.89,40.94,45.02,1.0000,-1,-1,-1
61,15,1087.20,882.34,40.99,42.29,0.0162,-1,-1,-1
61,16,1153.04,818.47,38.52,40.96,0.0119,-1,-1,-1
61,19,196.97,397.28,132.20,228.78,0.0106,-1,-1,-1
61,26,1034.30,546.07,26.77,29.21,0.0649,-1,-1,-1
61,30,1128.87,724.44,39.24,47.31,0.0711,-1,-1,-1
61,31,792.75,391.94,197.11,170.23,1.0000,-1,-1,-1
61,33,819.80,749.76,33.14,36.52,1.0000,-1,-1,-1
61,35,1098.01,607.71,28.56,29.12,0.1388,-1,-1,-1
61,37,1139.72,743.95,50.39,58.54,1.0000,-1,-1,-1
61,39,957.78,580.84,24.32,27.86,1.0000,-1,-1,-1
61,40,1055.01,487.74,61.10,59.63,1.0000,-1,-1,-1
61,43,18.22,465.39,71.75,46.70,1.0000,-1,-1,-1
61,62,929.23,689.66,30.50,33.23,0.1836,-1,-1,-1
61,64,933.42,425.16,79.60,70.28,1.0000,-1,-1,-1
61,80,934.10,426.42,52.16,56.50,1.0000,-1,-1,-1
61,83,835.04,631.51,41.72,45.21,1.0000,-1,-1,-1
61,85,1891.05,759.21,30.02,70.47,1.0000,-1,-1,-1
61,92,1121.08,665.01,47.14,56.00,1.0000,-1,-1,-1
61,93,1073.69,617.11,23.55,26.45,1.0000,-1,-1,-1
61,96,583.88,280.64,113.10,50.46,1.0000,-1,-1,-1
61,97,-13.41,341.68,162.93,320.64,1.0000,-1,-1,-1
61,104,1134.89,734.71,45.85,52.14,0.0550,-1,-1,-1
61,115,-2.73,585.33,55.49,133.57,0.0155,-1,-1,-1
61,116,1001.92,452.64,34.24,34.89,1.0000,-1,-1,-1
61,117,1078.15,685.38,27.61,35.62,1.0000,-1,-1,-1
61,120,304.41,416.56,71.20,112.58,1.0000,-1,-1,-1
61,122,1117.51,619.45,35.27,38.54,1.0000,-1,-1,-1
61,127,1835.67,750.85,86.91,93.40,0.0152,-1,-1,-1
61,128,1048.84,782.38,34.76,40.00,0.0192,-1,-1,-1
61,131,858.54,791.86,32.24,35.08,0.0137,-1,-1,-1
61,133,0.30,648.43,37.71,73.04,0.0212,-1,-1,-1
62,1,640.22,563.85,297.94,509.41,0.9100,-1,-1,-1
62,3,1885.81,451.49,42.64,90.21,1.0000,-1,-1,-1
62,4,18.34,347.34,69.98,135.33,1.0000,-1,-1,-1
62,5,1226.82,805.33,56.43,54.64,1.0000,-1,-1,-1
62,6,1072.25,682.78,30.99,33.46,0.0509,-1,-1,-1
62,7,1040.44,777.51,41.49,45.47,1.0000,-1,-1,-1
62,8,163.13,718.79,370.90,357.47,0.0232,-1,-1,-1
62,10,130.75,60.62,114.16,152.69,0.0984,-1,-1,-1
62,11,1092.28,668.88,41.23,45.34,1.0000,-1,-1,-1
62,15,1082.80,881.00,40.79,42.45,0.0175,-1,-1,-1
62,16,1153.07,817.59,38.14,40.57,1.0000,-1,-1,-1
62,19,198.78,399.04,131.16,226.58,0.0228,-1,-1,-1
62,26,1034.06,546.01,26.77,29.19,0.0300,-1,-1,-1
62,30,1128.68,724.64,38.41,46.34,0.0575,-1,-1,-1
62,31,793.07,392.05,197.13,170.25,1.0000,-1,-1,-1
62,33,818.72,754.16,33.30,36.69,1.0000,-1,-1,-1
62,35,1097.76,607.48,28.37,28.70,0.1184,-1,-1,-1
62,37,1141.94,748.05,51.12,59.39,1.0000,-1,-1,-1
62,39,955.38,581.64,24.11,27.63,1.0000,-1,-1,-1
62,40,1056.24,488.37,61.15,59.67,1.0000,-1,-1,-1
62,43,18.93,464.85,72.00,46.87,1.0000,-1,-1,-1
62,62,929.01,690.84,32.10,35.08,0.0405,-1,-1,-1
62,64,930.07,423.24,80.69,71.24,1.0000,-1,-1,-1
62,80,933.63,426.61,51.42,55.71,1.0000,-1,-1,-1
62,83,827.43,629.60,42.08,45.60,1.0000,-1,-1,-1
62,85,1891.13,759.75,29.98,70.38,1.0000,-1,-1,-1
62,92,1122.47,665.07,47.60,56.55,1.0000,-1,-1,-1
62,93,1074.14,617.97,23.14,26.00,1.0000,-1,-1,-1
62,96,583.98,281.01,112.55,50.21,1.0000,-1,-1,-1
62,97,-13.97,339.90,167.92,330.46,1.0000,-1,-1,-1
62,104,1135.40,735.29,44.36,50.52,0.0420,-1,-1,-1
62,115,-3.11,585.33,56.11,135.04,1.0000,-1,-1,-1
62,116,1002.21,449.21,34.65,35.32,1.0000,-1,-1,-1
62,117,1080.15,687.84,27.29,35.20,1.0000,-1,-1,-1
62,120,304.96,417.50,71.27,112.68,1.0000,-1,-1,-1
62,122,1120.32,621.00,35.52,38.81,1.0000,-1,-1,-1
62,127,1836.13,751.09,86.78,93.26,1.0000,-1,-1,-1
62,128,1049.35,781.63,33.94,39.01,0.0195,-1,-1,-1
62,131,858.71,791.87,32.09,34.92,1.0000,-1,-1,-1
62,133,0.76,654.18,34.57,66.87,0.0180,-1,-1,-1
63,1,642.68,566.27,296.99,504.38,0.9459,-1,-1,-1
63,3,1886.12,451.90,42.74,90.43,1.0000,-1,-1,-1
63,4,19.26,346.62,70.73,136.78,1.0000,-1,-1,-1
63,5,1229.86,803.75,56.85,55.05,1.0000,-1,-1,-1
63,6,1072.55,684.02,31.11,33.48,0.0617,-1,-1,-1
63,7,1041.53,776.22,41.80,45.81,1.0000,-1,-1,-1
63,8,165.39,719.07,369.61,357.05,0.0255,-1,-1,-1
63,10,129.91,60.38,114.66,152.51,0.1094,-1,-1,-1
63,11,1092.07,668.87,41.53,45.66,1.0000,-1,-1,-1
63,15,1080.93,880.26,40.22,42.27,0.0162,-1,-1,-1
63,16,1153.09,816.71,37.77,40.17,1.0000,-1,-1,-1
63,19,198.49,398.22,131.92,227.90,0.0190,-1,-1,-1
63,26,1033.79,546.08,26.73,29.15,0.0391,-1,-1,-1
63,30,1129.19,725.05,36.67,44.23,0.0723,-1,-1,-1
63,31,793.39,392.15,197.15,170.27,1.0000,-1,-1,-1
63,33,817.64,758.57,33.45,36.86,1.0000,-1,-1,-1
63,35,1097.51,607.47,28.48,28.63,0.1078,-1,-1,-1
63,37,1144.15,752.16,51.85,60.24,1.0000,-1,-1,-1
63,39,952.97,582.44,23.91,27.40,1.0000,-1,-1,-1
63,40,1057.48,489.00,61.20,59.72,1.0000,-1,-1,-1
63,43,19.63,464.31,72.25,47.03,1.0000,-1,-1,-1
63,62,929.32,692.58,31.73,34.71,0.0642,-1,-1,-1
63,64,926.72,421.32,81.78,72.20,1.0000,-1,-1,-1
63,80,933.16,426.80,50.69,54.91,1.0000,-1,-1,-1
63,83,819.82,627.69,42.44,45.99,1.0000,-1,-1,-1
63,85,1891.21,760.29,29.94,70.28,1.0000,-1,-1,-1
63,92,1123.86,665.13,48.06,57.11,1.0000,-1,-1,-1
63,93,1074.60,618.83,22.73,25.54,1.0000,-1,-1,-1
63,96,584.08,281.39,111.99,49.96,1.0000,-1,-1,-1
63,97,-14.53,338.11,172.91,340.29,1.0000,-1,-1,-1
63,104,1136.67,738.14,42.12,47.90,0.0583,-1,-1,-1
63,115,-3.49,585.34,56.72,136.52,1.0000,-1,-1,-1
63,116,1002.49,445.78,35.07,35.75,1.0000,-1,-1,-1
63,117,1082.16,690.30,26.97,34.79,1.0000,-1,-1,-1
63,120,305.51,418.43,71.34,112.79,1.0000,-1,-1,-1
63,122,1123.13,622.54,35.77,39.08,1.0000,-1,-1,-1
63,127,1836.59,751.32,86.65,93.12,1.0000,-1,-1,-1
63,128,1049.89,781.18,33.41,38.25,0.0191,-1,-1,-1
63,131,858.87,791.88,31.94,34.76,1.0000,-1,-1,-1
63,133,1.07,657.78,32.59,63.05,1.0000,-1,-1,-1
64,1,642.94,569.97,297.10,501.77,0.9462,-1,-1,-1
64,3,1886.43,452.31,42.84,90.64,1.0000,-1,-1,-1
64,4,20.18,345.89,71.47,138.22,1.0000,-1,-1,-1
64,5,1232.90,802.17,57.27,55.46,1.0000,-1,-1,-1
64,6,1073.19,684.84,31.19,33.40,0.0623,-1,-1,-1
64,7,1042.63,774.93,42.10,46.15,1.0000,-1,-1,-1
64,8,168.53,718.90,370.04,357.39,0.0227,-1,-1,-1
64,10,129.60,60.05,115.04,152.45,0.1310,-1,-1,-1
64,11,1091.86,668.86,41.82,45.98,1.0000,-1,-1,-1
64,15,1080.66,879.37,39.85,42.12,0.0219,-1,-1,-1
64,16,1153.12,815.83,37.40,39.77,1.0000,-1,-1,-1
64,19,198.55,397.75,132.10,228.32,0.0264,-1,-1,-1
64,26,1033.75,546.03,26.55,28.95,0.0527,-1,-1,-1
64,30,1129.41,724.63,36.47,43.98,0.0827,-1,-1,-1
64,31,793.71,392.26,197.17,170.29,1.0000,-1,-1,-1
64,33,816.56,762.98,33.61,37.04,1.0000,-1,-1,-1
64,35,1097.65,607.31,28.45,28.46,0.1107,-1,-1,-1
64,37,1146.36,756.26,52.58,61.08,1.0000,-1,-1,-1
64,39,950.57,583.24,23.71,27.16,1.0000,-1,-1,-1
64,40,1058.71,489.63,61.24,59.76,1.0000,-1,-1,-1
64,43,20.34,463.76,72.51,47.20,1.0000,-1,-1,-1
64,62,929.41,694.06,32.29,35.35,0.0718,-1,-1,-1
64,64,923.37,419.40,82.87,73.17,1.0000,-1,-1,-1
64,80,932.69,426.99,49.95,54.12,1.0000,-1,-1,-1
64,83,812.21,625.79,42.80,46.38,1.0000,-1,-1,-1
64,85,1891.29,760.83,29.90,70.19,1.0000,-1,-1,-1
64,92,1125.25,665.19,48.53,57.66,1.0000,-1,-1,-1
64,93,1075.05,619.69,22.33,25.08,1.0000,-1,-1,-1
64,96,584.18,281.76,111.43,49.71,1.0000,-1,-1,-1
64,97,-15.09,336.33,177.90,350.11,1.0000,-1,-1,-1
64,104,1130.98,730.59,47.47,54.65,0.0703,-1,-1,-1
64,115,-3.88,585.34,57.33,137.99,1.0000,-1,-1,-1
64,116,1002.77,442.34,35.49,36.17,1.0000,-1,-1,-1
64,117,1084.16,692.77,26.64,34.37,1.0000,-1,-1,-1
64,120,306.06,419.36,71.41,112.90,1.0000,-1,-1,-1
64,122,1125.94,624.08,36.02,39.35,1.0000,-1,-1,-1
64,127,1837.05,751.55,86.52,92.98,1.0000,-1,-1,-1
64,128,1050.29,779.92,32.90,37.47,0.0209,-1,-1,-1
64,131,859.04,791.89,31.79,34.60,1.0000,-1,-1,-1
64,133,1.38,661.39,30.62,59.23,1.0000,-1,-1,-1
64,137,1012.06,479.02,31.33,27.45,0.0292,-1,-1,-1
65,1,642.98,573.58,296.72,498.45,0.9319,-1,-1,-1
65,3,1886.74,452.72,42.95,90.86,1.0000,-1,-1,-1
65,4,21.11,345.17,72.22,139.66,1.0000,-1,-1,-1
65,5,1235.94,800.59,57.70,55.87,1.0000,-1,-1,-1
65,6,1073.91,685.08,31.07,33.14,0.0709,-1,-1,-1
65,7,1043.72,773.64,42.41,46.49,1.0000,-1,-1,-1
65,8,170.00,718.73,370.59,357.66,0.0299,-1,-1,-1
65,10,128.73,59.80,115.75,152.65,0.1339,-1,-1,-1
65,11,1091.66,668.85,42.11,46.30,1.0000,-1,-1,-1
65,15,1085.34,878.24,38.73,41.19,0.0145,-1,-1,-1
65,16,1153.15,814.96,37.03,39.38,1.0000,-1,-1,-1
65,19,198.18,397.54,132.10,228.33,0.0298,-1,-1,-1
65,26,1033.80,545.15,26.80,29.24,0.0613,-1,-1,-1
65,30,1128.81,723.08,38.50,46.69,0.1053,-1,-1,-1
65,31,794.03,392.37,197.20,170.31,1.0000,-1,-1,-1
65,33,815.48,767.38,33.76,37.21,1.0000,-1,-1,-1
65,35,1097.50,606.62,28.97,28.94,0.1415,-1,-1,-1
65,37,1148.58,760.37,53.30,61.93,1.0000,-1,-1,-1
65,39,948.16,584.04,23.51,26.93,1.0000,-1,-1,-1
65,40,1059.94,490.26,61.29,59.81,1.0000,-1,-1,-1
65,43,21.04,463.22,72.76,47.36,1.0000,-1,-1,-1
65,62,930.34,695.51,32.54,35.58,0.1389,-1,-1,-1
65,64,920.02,417.48,83.96,74.13,1.0000,-1,-1,-1
65,80,932.22,427.18,49.22,53.32,1.0000,-1,-1,-1
65,83,804.60,623.88,43.16,46.77,1.0000,-1,-1,-1
65,85,1891.37,761.37,29.86,70.09,1.0000,-1,-1,-1
65,92,1126.65,665.24,48.99,58.21,1.0000,-1,-1,-1
65,93,1075.51,620.55,21.92,24.63,1.0000,-1,-1,-1
65,96,584.27,282.14,110.88,49.46,1.0000,-1,-1,-1
65,97,-15.65,334.54,182.90,359.93,1.0000,-1,-1,-1
65,104,1134.12,732.57,45.23,52.16,0.0757,-1,-1,-1
65,115,-4.26,585.34,57.94,139.47,1.0000,-1,-1,-1
65,116,1003.06,438.91,35.91,36.60,1.0000,-1,-1,-1
65,117,1086.17,695.23,26.32,33.96,1.0000,-1,-1,-1
65,120,306.62,420.30,71.47,113.01,1.0000,-1,-1,-1
65,122,1128.74,625.63,36.26,39.62,1.0000,-1,-1,-1
65,127,1837.51,751.79,86.39,92.84,1.0000,-1,-1,-1
65,128,1050.71,777.71,32.76,37.13,0.0236,-1,-1,-1
65,131,859.21,791.91,31.64,34.43,1.0000,-1,-1,-1
65,133,1.03,659.26,32.30,62.34,0.0119,-1,-1,-1
65,137,1012.30,478.83,31.64,27.72,1.0000,-1,-1,-1
66,1,643.98,576.70,295.94,494.84,0.9205,-1,-1,-1
66,3,1887.05,453.12,43.05,91.08,1.0000,-1,-1,-1
66,4,22.03,344.45,72.97,141.10,1.0000,-1,-1,-1
66,5,1238.99,799.01,58.12,56.28,1.0000,-1,-1,-1
66,6,1074.24,685.34,31.13,33.05,0.0929,-1,-1,-1
66,7,1044.81,772.34,42.72,46.83,1.0000,-1,-1,-1
66,8,168.04,718.51,371.55,358.17,0.0353,-1,-1,-1
66,10,127.64,59.30,116.32,153.05,0.1019,-1,-1,-1
66,11,1091.45,668.84,42.40,46.62,1.0000,-1,-1,-1
66,15,1086.75,876.27,38.61,41.16,0.0300,-1,-1,-1
66,16,1153.18,814.08,36.65,38.98,1.0000,-1,-1,-1
66,19,199.17,398.65,131.62,227.30,0.0282,-1,-1,-1
66,26,1033.86,545.30,26.20,28.60,0.1423,-1,-1,-1
66,30,1128.02,721.49,41.17,50.26,0.0687,-1,-1,-1
66,31,794.35,392.47,197.22,170.33,1.0000,-1,-1,-1
66,33,814.40,771.79,33.92,37.38,1.0000,-1,-1,-1
66,35,1097.49,606.24,29.21,28.99,0.1503,-1,-1,-1
66,37,1150.79,764.48,54.03,62.78,1.0000,-1,-1,-1
66,39,945.76,584.84,23.31,26.70,1.0000,-1,-1,-1
66,40,1061.17,490.89,61.34,59.86,1.0000,-1,-1,-1
66,43,21.75,462.67,73.01,47.53,1.0000,-1,-1,-1
66,62,930.81,696.37,33.36,36.52,0.1592,-1,-1,-1
66,64,916.67,415.56,85.04,75.09,1.0000,-1,-1,-1
66,83,796.99,621.97,43.52,47.16,1.0000,-1,-1,-1
66,85,1891.45,761.90,29.82,69.99,1.0000,-1,-1,-1
66,92,1128.04,665.30,49.46,58.76,1.0000,-1,-1,-1
66,93,1075.96,621.42,21.51,24.17,1.0000,-1,-1,-1
66,96,584.37,282.51,110.32,49.21,1.0000,-1,-1,-1
66,97,-16.21,332.76,187.89,369.75,1.0000,-1,-1,-1
66,104,1133.79,730.56,46.04,53.46,0.0469,-1,-1,-1
66,115,-4.64,585.34,58.56,140.94,1.0000,-1,-1,-1
66,116,1003.34,435.48,36.33,37.02,1.0000,-1,-1,-1
66,117,1088.17,697.69,26.00,33.54,1.0000,-1,-1,-1
66,120,307.17,421.23,71.54,113.11,1.0000,-1,-1,-1
66,122,1131.55,627.17,36.51,39.89,1.0000,-1,-1,-1
66,127,1837.97,752.02,86.27,92.70,1.0000,-1,-1,-1
66,128,1051.18,776.19,33.02,37.25,0.0297,-1,-1,-1
66,131,859.38,791.92,31.49,34.27,1.0000,-1,-1,-1
66,133,1.22,661.69,31.06,59.94,1.0000,-1,-1,-1
66,137,1012.55,478.63,31.94,27.99,1.0000,-1,-1,-1
67,1,647.85,579.31,294.68,492.24,0.9191,-1,-1,-1
67,3,1887.36,453.53,43.15,91.29,1.0000,-1,-1,-1
67,4,22.95,343.73,73.71,142.54,1.0000,-1,-1,-1
67,5,1242.03,797.43,58.54,56.69,1.0000,-1,-1,-1
67,6,1074.46,685.93,31.44,33.27,0.0637,-1,-1,-1
67,7,1045.90,771.05,43.03,47.17,1.0000,-1,-1,-1
67,8,165.73,719.06,370.03,357.05,0.0465,-1,-1,-1
67,10,126.93,59.06,116.62,153.18,0.1007,-1,-1,-1
67,11,1091.24,668.83,42.69,46.94,1.0000,-1,-1,-1
67,15,1086.62,875.68,38.34,40.77,0.0212,-1,-1,-1
67,16,1153.20,813.20,36.28,38.58,1.0000,-1,-1,-1
67,19,198.89,399.27,131.16,226.59,0.0223,-1,-1,-1
67,26,1033.75,545.38,26.01,28.40,0.0573,-1,-1,-1
67,30,1127.18,721.21,42.67,52.53,0.0694,-1,-1,-1
67,31,794.67,392.58,197.24,170.35,1.0000,-1,-1,-1
67,33,813.32,776.19,34.08,37.55,1.0000,-1,-1,-1
67,35,1096.89,606.31,29.12,28.88,0.1243,-1,-1,-1
67,37,1153.00,768.58,54.76,63.62,1.0000,-1,-1,-1
67,39,943.36,585.64,23.11,26.47,1.0000,-1,-1,-1
67,40,1062.40,491.52,61.38,59.90,1.0000,-1,-1,-1
67,43,22.45,462.13,73.27,47.69,1.0000,-1,-1,-1
67,62,931.19,698.12,33.21,36.35,0.1246,-1,-1,-1
67,64,913.32,413.64,86.13,76.05,1.0000,-1,-1,-1
67,83,789.38,620.07,43.88,47.55,1.0000,-1,-1,-1
67,85,1891.54,762.44,29.78,69.90,1.0000,-1,-1,-1
67,92,1129.43,665.36,49.92,59.31,1.0000,-1,-1,-1
67,93,1076.42,622.28,21.11,23.71,1.0000,-1,-1,-1
67,96,584.47,282.89,109.76,48.97,1.0000,-1,-1,-1
67,97,-16.77,330.97,192.88,379.58,1.0000,-1,-1,-1
67,104,1133.95,732.16,44.41,51.62,0.0560,-1,-1,-1
67,115,-5.02,585.34,59.17,142.42,1.0000,-1,-1,-1
67,116,1003.62,432.05,36.74,37.45,1.0000,-1,-1,-1
67,117,1090.18,700.15,25.68,33.13,1.0000,-1,-1,-1
67,120,307.72,422.16,71.61,113.22,1.0000,-1,-1,-1
67,122,1134.36,628.72,36.76,40.16,1.0000,-1,-1,-1
67,127,1838.43,752.25,86.14,92.56,1.0000,-1,-1,-1
67,128,1051.76,775.73,32.72,36.77,0.0166,-1,-1,-1
67,131,859.55,791.93,31.34,34.11,1.0000,-1,-1,-1
67,133,1.40,664.11,29.82,57.55,1.0000,-1,-1,-1
67,137,1012.79,478.44,32.25,28.26,1.0000,-1,-1,-1
68,1,651.37,580.42,294.08,491.75,0.9273,-1,-1,-1
68,3,1887.67,453.94,43.25,91.51,1.0000,-1,-1,-1
68,4,23.87,343.00,74.46,143.99,1.0000,-1,-1,-1
68,5,1245.07,795.86,58.97,57.10,1.0000,-1,-1,-1
68,6,1074.61,686.78,31.31,32.96,0.0741,-1,-1,-1
68,7,1046.99,769.76,43.34,47.50,1.0000,-1,-1,-1
68,8,165.08,719.00,369.92,356.81,0.0299,-1,-1,-1
68,10,125.12,58.99,117.63,154.23,0.0907,-1,-1,-1
68,11,1091.03,668.82,42.98,47.26,1.0000,-1,-1,-1
68,15,1085.95,874.29,38.13,40.54,0.0158,-1,-1,-1
68,16,1153.23,812.32,35.91,38.19,1.0000,-1,-1,-1
68,19,197.94,399.34,131.22,226.52,0.0230,-1,-1,-1
68,26,1033.59,545.27,26.01,28.38,0.0706,-1,-1,-1
68,30,1126.94,721.24,41.62,51.45,0.0531,-1,-1,-1
68,31,794.99,392.68,197.27,170.37,1.0000,-1,-1,-1
68,33,812.24,780.60,34.23,37.72,1.0000,-1,-1,-1
68,35,1095.65,606.16,29.33,29.15,0.0938,-1,-1,-1
68,37,1155.21,772.69,55.49,64.47,1.0000,-1,-1,-1
68,39,940.95,586.44,22.91,26.24,1.0000,-1,-1,-1
68,40,1063.63,492.15,61.43,59.95,1.0000,-1,-1,-1
68,43,23.16,461.58,73.52,47.86,1.0000,-1,-1,-1
68,62,931.76,699.74,33.04,36.17,0.1545,-1,-1,-1
68,64,909.97,411.72,87.22,77.01,1.0000,-1,-1,-1
68,83,781.77,618.16,44.24,47.94,1.0000,-1,-1,-1
68,85,1891.62,762.98,29.74,69.80,1.0000,-1,-1,-1
68,92,1130.82,665.42,50.39,59.87,1.0000,-1,-1,-1
68,93,1076.88,623.14,20.70,23.26,1.0000,-1,-1,-1
68,96,584.57,283.26,109.20,48.72,1.0000,-1,-1,-1
68,97,-17.33,329.19,197.87,389.40,1.0000,-1,-1,-1
68,104,1134.25,733.63,43.28,50.25,0.0516,-1,-1,-1
68,115,-5.40,585.34,59.78,143.89,1.0000,-1,-1,-1
68,116,1003.91,428.61,37.16,37.88,1.0000,-1,-1,-1
68,117,1092.18,702.62,25.35,32.71,1.0000,-1,-1,-1
68,120,308.27,423.10,71.68,113.33,1.0000,-1,-1,-1
68,122,1137.17,630.26,37.01,40.43,1.0000,-1,-1,-1
68,127,1838.89,752.49,86.01,92.42,1.0000,-1,-1,-1
68,128,1052.21,774.56,32.05,35.76,0.0197,-1,-1,-1
68,131,859.72,791.94,31.19,33.94,1.0000,-1,-1,-1
68,133,1.59,666.53,28.58,55.16,1.0000,-1,-1,-1
68,137,1013.03,478.25,32.56,28.52,1.0000,-1,-1,-1
69,1,656.71,581.86,292.85,490.72,0.9143,-1,-1,-1
69,3,1887.98,454.35,43.35,91.72,1.0000,-1,-1,-1
69,4,24.79,342.28,75.20,145.43,1.0000,-1,-1,-1
69,5,1248.11,794.28,59.39,57.50,1.0000,-1,-1,-1
69,6,1074.99,687.31,31.49,33.06,0.0570,-1,-1,-1
69,7,1048.08,768.47,43.65,47.84,1.0000,-1,-1,-1
69,8,165.79,718.60,370.22,357.19,0.0321,-1,-1,-1
69,10,124.60,59.21,117.72,154.10,0.0831,-1,-1,-1
69,11,1090.82,668.81,43.27,47.58,1.0000,-1,-1,-1
69,15,1086.84,873.50,38.03,40.44,1.0000,-1,-1,-1
69,16,1153.26,811.45,35.54,37.79,1.0000,-1,-1,-1
69,19,197.82,399.40,130.25,224.26,0.0286,-1,-1,-1
69,26,1033.18,545.14,26.37,28.80,0.0562,-1,-1,-1
69,30,1127.09,722.00,40.58,50.18,0.0607,-1,-1,-1
69,31,795.31,392.79,197.29,170.39,1.0000,-1,-1,-1
69,33,811.16,785.00,34.39,37.90,1.0000,-1,-1,-1
69,35,1094.99,605.74,29.90,29.84,0.0861,-1,-1,-1
69,37,1157.43,776.79,56.22,65.32,1.0000,-1,-1,-1
69,39,938.55,587.24,22.71,26.01,1.0000,-1,-1,-1
69,40,1064.87,492.78,61.48,59.99,1.0000,-1,-1,-1
69,43,23.86,461.04,73.78,48.02,1.0000,-1,-1,-1
69,62,932.56,702.25,32.77,35.73,0.2542,-1,-1,-1
69,64,906.62,409.80,88.31,77.98,1.0000,-1,-1,-1
69,83,774.16,616.25,44.60,48.33,1.0000,-1,-1,-1
69,85,1891.70,763.52,29.70,69.70,1.0000,-1,-1,-1
69,92,1132.22,665.48,50.85,60.42,1.0000,-1,-1,-1
69,93,1077.33,624.00,20.30,22.80,1.0000,-1,-1,-1
69,96,584.67,283.63,108.65,48.47,1.0000,-1,-1,-1
69,97,-17.89,327.41,202.86,399.22,1.0000,-1,-1,-1
69,104,1135.08,735.94,41.61,48.07,0.0614,-1,-1,-1
69,115,-5.78,585.34,60.40,145.37,1.0000,-1,-1,-1
69,116,1004.19,425.18,37.58,38.30,1.0000,-1,-1,-1
69,117,1094.18,705.08,25.03,32.29,1.0000,-1,-1,-1
69,120,308.82,424.03,71.75,113.44,1.0000,-1,-1,-1
69,122,1139.98,631.81,37.25,40.70,1.0000,-1,-1,-1
69,127,1839.35,752.72,85.88,92.29,1.0000,-1,-1,-1
69,128,1052.79,773.83,32.51,36.12,0.0131,-1,-1,-1
69,131,859.89,791.95,31.04,33.78,1.0000,-1,-1,-1
69,133,1.77,668.96,27.34,52.76,1.0000,-1,-1,-1
69,137,1013.27,478.06,32.86,28.79,1.0000,-1,-1,-1
70,1,664.55,582.81,291.93,490.00,0.9154,-1,-1,-1
70,3,1888.29,454.76,43.46,91.94,1.0000,-1,-1,-1
70,4,25.72,341.56,75.95,146.87,1.0000,-1,-1,-1
70,5,1251.15,792.70,59.81,57.91,1.0000,-1,-1,-1
70,6,1075.13,687.84,32.02,33.54,0.0822,-1,-1,-1
70,7,1049.18,767.18,43.96,48.18,1.0000,-1,-1,-1
70,8,163.71,718.52,370.23,357.18,0.0267,-1,-1,-1
70,10,124.39,59.05,118.03,154.35,0.0700,-1,-1,-1
70,11,1090.61,668.80,43.57,47.90,1.0000,-1,-1,-1
70,15,1087.73,872.71,37.93,40.33,1.0000,-1,-1,-1
70,16,1145.08,815.97,36.19,38.26,0.0131,-1,-1,-1
70,19,197.20,398.65,131.08,224.95,0.0126,-1,-1,-1
70,26,1033.06,545.19,26.34,28.75,0.0566,-1,-1,-1
70,30,1127.53,722.58,38.69,47.75,0.0814,-1,-1,-1
70,31,795.63,392.89,197.31,170.41,1.0000,-1,-1,-1
70,33,810.08,789.41,34.54,38.07,1.0000,-1,-1,-1
70,35,1094.69,605.63,29.93,29.93,0.1078,-1,-1,-1
70,37,1159.64,780.90,56.95,66.17,1.0000,-1,-1,-1
70,39,936.14,588.04,22.50,25.78,1.0000,-1,-1,-1
70,40,1066.10,493.41,61.52,60.04,1.0000,-1,-1,-1
70,43,24.57,460.49,74.03,48.19,1.0000,-1,-1,-1
70,62,933.57,704.24,32.69,35.55,0.3233,-1,-1,-1
70,64,903.27,407.88,89.40,78.94,1.0000,-1,-1,-1
70,83,766.55,614.35,44.96,48.72,1.0000,-1,-1,-1
70,85,1891.78,764.05,29.65,69.61,1.0000,-1,-1,-1
70,92,1130.28,721.28,47.27,56.53,0.0342,-1,-1,-1
70,93,1077.79,624.86,19.89,22.34,1.0000,-1,-1,-1
70,97,-18.46,325.62,207.85,409.05,1.0000,-1,-1,-1
70,104,1137.07,740.55,38.26,43.52,0.0826,-1,-1,-1
70,115,-6.16,585.35,61.01,146.84,1.0000,-1,-1,-1
70,116,1004.47,421.75,38.00,38.73,1.0000,-1,-1,-1
70,117,1096.19,707.54,24.71,31.88,1.0000,-1,-1,-1
70,120,309.38,424.96,71.81,113.54,1.0000,-1,-1,-1
70,122,1142.79,633.35,37.50,40.97,1.0000,-1,-1,-1
70,127,1839.81,752.95,85.75,92.15,1.0000,-1,-1,-1
70,128,1053.56,773.66,32.79,36.29,0.0118,-1,-1,-1
70,131,860.05,791.96,30.89,33.62,1.0000,-1,-1,-1
70,133,1.96,671.38,26.10,50.37,1.0000,-1,-1,-1
70,137,1013.51,477.87,33.17,29.06,1.0000,-1,-1,-1
71,1,670.88,587.27,289.30,486.22,0.8931,-1,-1,-1
71,3,1888.60,455.17,43.56,92.15,1.0000,-1,-1,-1
71,4,26.64,340.84,76.70,148.31,1.0000,-1,-1,-1
71,6,1074.90,687.95,32.87,34.43,0.0502,-1,-1,-1
71,7,1050.27,765.88,44.27,48.52,1.0000,-1,-1,-1
71,8,164.39,718.61,371.98,357.85,0.0258,-1,-1,-1
71,10,124.57,59.47,118.09,154.45,0.0798,-1,-1,-1
71,11,1090.41,668.80,43.86,48.22,1.0000,-1,-1,-1
71,15,1088.62,871.92,37.83,40.22,1.0000,-1,-1,-1
71,16,1144.47,815.52,35.88,37.94,1.0000,-1,-1,-1
71,19,196.38,397.82,132.74,226.86,0.0117,-1,-1,-1
71,26,1032.61,545.27,26.58,28.97,0.0357,-1,-1,-1
71,30,1127.26,722.51,38.15,47.14,0.0852,-1,-1,-1
71,31,795.95,393.00,197.34,170.43,1.0000,-1,-1,-1
71,33,809.00,793.82,34.70,38.24,1.0000,-1,-1,-1
71,35,1094.25,605.63,29.98,30.11,0.0843,-1,-1,-1
71,37,1161.85,785.00,57.68,67.01,1.0000,-1,-1,-1
71,40,1067.33,494.05,61.57,60.08,1.0000,-1,-1,-1
71,43,25.27,459.95,74.28,48.35,1.0000,-1,-1,-1
71,62,933.87,705.37,32.82,35.64,0.3208,-1,-1,-1
71,64,899.92,405.97,90.49,79.90,1.0000,-1,-1,-1
71,83,758.94,612.44,45.32,49.11,1.0000,-1,-1,-1
71,85,1891.86,764.59,29.61,69.51,1.0000,-1,-1,-1
71,92,1130.42,722.71,47.61,57.39,0.0395,-1,-1,-1
71,93,1078.24,625.73,19.48,21.89,1.0000,-1,-1,-1
71,97,-19.02,323.84,212.84,418.87,1.0000,-1,-1,-1
71,104,1137.57,742.66,37.53,42.16,0.0974,-1,-1,-1
71,115,-6.54,585.35,61.62,148.32,1.0000,-1,-1,-1
71,116,1004.75,418.31,38.41,39.15,1.0000,-1,-1,-1
71,117,1098.19,710.00,24.39,31.46,1.0000,-1,-1,-1
71,120,309.93,425.90,71.88,113.65,1.0000,-1,-1,-1
71,122,1145.60,634.90,37.75,41.24,1.0000,-1,-1,-1
71,127,1840.27,753.19,85.62,92.01,1.0000,-1,-1,-1
71,128,1054.22,772.62,32.57,36.05,1.0000,-1,-1,-1
71,131,860.22,791.97,30.74,33.45,1.0000,-1,-1,-1
71,133,2.14,673.80,24.86,47.98,1.0000,-1,-1,-1
71,137,1013.76,477.68,33.47,29.33,1.0000,-1,-1,-1
71,139,801.85,387.41,130.43,172.75,0.0298,-1,-1,-1
72,1,678.79,591.13,285.82,482.81,0.8849,-1,-1,-1
72,3,1888.91,455.58,43.66,92.37,1.0000,-1,-1,-1
72,4,27.56,340.11,77.44,149.75,1.0000,-1,-1,-1
72,6,1075.03,689.05,33.06,34.61,0.0581,-1,-1,-1
72,7,1051.36,764.59,44.58,48.86,1.0000,-1,-1,-1
72,8,165.05,719.14,371.87,357.35,0.0275,-1,-1,-1
72,10,124.34,59.47,117.94,154.09,0.1077,-1,-1,-1
72,15,1089.51,871.13,37.73,40.12,1.0000,-1,-1,-1
72,16,1143.19,816.57,36.27,38.15,0.0131,-1,-1,-1
72,19,195.84,398.51,132.73,226.93,0.0234,-1,-1,-1
72,26,1032.40,545.47,26.73,29.12,0.0237,-1,-1,-1
72,30,1127.67,723.20,36.69,45.14,0.0900,-1,-1,-1
72,31,796.27,393.10,197.36,170.45,1.0000,-1,-1,-1
72,33,807.92,798.22,34.86,38.41,1.0000,-1,-1,-1
72,35,1094.26,605.71,30.06,30.32,0.0909,-1,-1,-1
72,37,1164.07,789.11,58.41,67.86,1.0000,-1,-1,-1
72,40,1068.56,494.68,61.62,60.13,1.0000,-1,-1,-1
72,43,25.98,459.40,74.54,48.52,1.0000,-1,-1,-1
72,62,934.30,707.13,32.96,35.78,0.2779,-1,-1,-1
72,64,896.57,404.05,91.58,80.86,1.0000,-1,-1,-1
72,83,751.33,610.53,45.68,49.50,1.0000,-1,-1,-1
72,85,1891.94,765.13,29.57,69.42,1.0000,-1,-1,-1
72,92,1131.22,724.18,46.18,55.44,0.0362,-1,-1,-1
72,93,1078.70,626.59,19.08,21.43,1.0000,-1,-1,-1
72,104,1137.56,743.75,37.50,41.57,0.1013,-1,-1,-1
72,115,-6.93,585.35,62.23,149.79,1.0000,-1,-1,-1
72,116,1005.04,414.88,38.83,39.58,1.0000,-1,-1,-1
72,117,1100.20,712.46,24.07,31.05,1.0000,-1,-1,-1
72,120,310.48,426.83,71.95,113.76,1.0000,-1,-1,-1
72,122,1148.41,636.44,38.00,41.52,1.0000,-1,-1,-1
72,127,1833.71,749.07,87.89,95.10,0.0101,-1,-1,-1
72,128,1055.49,773.55,32.27,35.59,0.0126,-1,-1,-1
72,131,860.39,791.99,30.59,33.29,1.0000,-1,-1,-1
72,133,2.33,676.22,23.62,45.58,1.0000,-1,-1,-1
72,137,1014.00,477.49,33.78,29.59,1.0000,-1,-1,-1
72,139,802.49,390.10,128.27,169.55,0.0159,-1,-1,-1
73,1,687.31,593.00,282.04,480.73,0.8897,-1,-1,-1
73,3,1889.22,455.99,43.76,92.58,1.0000,-1,-1,-1
73,4,28.48,339.39,78.19,151.19,1.0000,-1,-1,-1
73,6,1074.57,690.63,33.52,34.97,0.0497,-1,-1,-1
73,7,1052.45,763.30,44.88,49.20,1.0000,-1,-1,-1
73,8,169.66,718.84,372.72,357.15,0.0258,-1,-1,-1
73,10,123.74,58.86,118.77,155.29,0.0690,-1,-1,-1
73,15,1090.40,870.34,37.63,40.01,1.0000,-1,-1,-1
73,16,1141.20,818.25,36.59,37.93,0.0526,-1,-1,-1
73,19,192.82,394.35,135.52,231.18,0.0191,-1,-1,-1
73,26,1032.13,546.27,26.20,28.45,0.0242,-1,-1,-1
73,30,1127.01,723.88,35.00,42.87,0.0717,-1,-1,-1
73,31,796.59,393.21,197.38,170.47,1.0000,-1,-1,-1
73,33,806.84,802.63,35.01,38.58,1.0000,-1,-1,-1
73,35,1093.66,606.22,29.78,30.12,0.0719,-1,-1,-1
73,37,1166.28,793.22,59.14,68.71,1.0000,-1,-1,-1
73,40,1069.79,495.31,61.66,60.18,1.0000,-1,-1,-1
73,43,26.68,458.86,74.79,48.68,1.0000,-1,-1,-1
73,62,934.41,709.36,32.55,35.24,0.2756,-1,-1,-1
73,64,893.22,402.13,92.67,81.82,1.0000,-1,-1,-1
73,83,743.72,608.63,46.04,49.89,1.0000,-1,-1,-1
73,92,1131.02,725.57,45.60,54.92,0.0217,-1,-1,-1
73,93,1079.15,627.45,18.67,20.98,1.0000,-1,-1,-1
73,104,1137.48,745.05,37.00,40.51,0.0889,-1,-1,-1
73,115,-7.31,585.35,62.85,151.27,1.0000,-1,-1,-1
73,116,1005.32,411.45,39.25,40.00,1.0000,-1,-1,-1
73,117,1102.20,714.93,23.74,30.63,1.0000,-1,-1,-1
73,120,311.03,427.77,72.02,113.86,1.0000,-1,-1,-1
73,122,1151.22,637.99,38.25,41.79,1.0000,-1,-1,-1
73,127,1833.65,749.00,87.97,95.18,1.0000,-1,-1,-1
73,128,1056.23,772.72,32.04,35.33,1.0000,-1,-1,-1
73,131,860.56,792.00,30.44,33.13,1.0000,-1,-1,-1
73,133,2.51,678.65,22.38,43.19,1.0000,-1,-1,-1
73,137,1014.24,477.30,34.08,29.86,1.0000,-1,-1,-1
73,139,807.53,391.79,122.19,160.42,0.0377,-1,-1,-1
74,1,697.26,596.80,276.80,476.93,0.9191,-1,-1,-1
74,3,1889.53,456.39,43.86,92.80,1.0000,-1,-1,-1
74,4,29.40,338.67,78.93,152.64,1.0000,-1,-1,-1
74,6,1074.86,691.39,33.59,34.92,0.0444,-1,-1,-1
74,7,1053.54,762.01,45.19,49.54,1.0000,-1,-1,-1
74,8,166.63,718.85,372.68,357.07,0.0210,-1,-1,-1
74,10,123.51,58.26,118.67,155.04,0.0739,-1,-1,-1
74,15,1091.29,869.55,37.53,39.90,1.0000,-1,-1,-1
74,16,1135.93,818.78,36.90,38.61,0.0384,-1,-1,-1
74,19,190.19,390.26,137.67,234.56,0.0259,-1,-1,-1
74,26,1031.59,545.56,27.13,29.43,0.0224,-1,-1,-1
74,30,1126.21,723.08,37.67,46.29,0.0584,-1,-1,-1
74,31,796.91,393.32,197.40,170.49,1.0000,-1,-1,-1
74,33,805.76,807.03,35.17,38.76,1.0000,-1,-1,-1
74,35,1093.52,605.96,29.94,30.44,0.0826,-1,-1,-1
74,37,1168.49,797.32,59.87,69.56,1.0000,-1,-1,-1
74,40,1071.02,495.94,61.71,60.22,1.0000,-1,-1,-1
74,43,27.39,458.32,75.04,48.85,1.0000,-1,-1,-1
74,62,935.51,710.48,31.89,34.42,0.3657,-1,-1,-1
74,64,889.87,400.21,93.76,82.78,1.0000,-1,-1,-1
74,83,736.11,606.72,46.39,50.27,1.0000,-1,-1,-1
74,92,1130.20,723.70,47.86,58.23,0.0257,-1,-1,-1
74,93,1079.61,628.31,18.26,20.52,1.0000,-1,-1,-1
74,104,1136.91,743.84,37.99,41.21,0.0765,-1,-1,-1
74,115,-7.69,585.35,63.46,152.74,1.0000,-1,-1,-1
74,116,1005.60,408.01,39.67,40.43,1.0000,-1,-1,-1
74,117,1104.21,717.39,23.42,30.22,1.0000,-1,-1,-1
74,120,311.59,428.70,72.08,113.97,1.0000,-1,-1,-1
74,122,1154.03,639.53,38.49,42.06,1.0000,-1,-1,-1
74,127,1833.60,748.93,88.05,95.27,1.0000,-1,-1,-1
74,128,1056.96,771.90,31.80,35.07,1.0000,-1,-1,-1
74,131,860.73,792.01,30.29,32.97,1.0000,-1,-1,-1
74,133,2.70,681.07,21.14,40.80,1.0000,-1,-1,-1
74,137,1014.48,477.11,34.39,30.13,1.0000,-1,-1,-1
74,139,807.41,391.54,125.39,163.58,0.0226,-1,-1,-1
75,1,704.47,601.57,271.44,472.41,0.8491,-1,-1,-1
75,3,1889.84,456.80,43.96,93.01,1.0000,-1,-1,-1
75,4,30.32,337.95,79.68,154.08,1.0000,-1,-1,-1
75,6,1075.06,691.79,34.00,35.25,0.0480,-1,-1,-1
75,7,1054.63,760.71,45.50,49.87,1.0000,-1,-1,-1
75,8,165.25,718.46,372.31,357.54,0.0175,-1,-1,-1
75,10,123.37,57.67,118.85,155.27,0.0662,-1,-1,-1
75,15,1092.19,868.76,37.43,39.80,1.0000,-1,-1,-1
75,16,1134.34,818.75,37.49,39.36,0.0553,-1,-1,-1
75,19,189.92,389.99,137.97,234.91,0.0373,-1,-1,-1
75,26,1031.55,545.04,27.49,29.85,0.0360,-1,-1,-1
75,30,1126.38,722.33,39.25,48.36,0.0555,-1,-1,-1
75,31,797.23,393.42,197.43,170.51,1.0000,-1,-1,-1
75,33,804.68,811.44,35.32,38.93,1.0000,-1,-1,-1
75,35,1093.85,605.87,29.32,29.93,0.0982,-1,-1,-1
75,37,1170.71,801.43,60.60,70.40,1.0000,-1,-1,-1
75,40,1072.26,496.57,61.76,60.27,1.0000,-1,-1,-1
75,62,935.97,711.11,32.04,34.57,0.3100,-1,-1,-1
75,64,886.52,398.29,94.85,83.75,1.0000,-1,-1,-1
75,83,728.50,604.81,46.75,50.66,1.0000,-1,-1,-1
75,92,1129.62,722.93,48.77,59.87,0.0274,-1,-1,-1
75,93,1080.06,629.17,17.86,20.06,1.0000,-1,-1,-1
75,104,1135.77,741.94,39.53,42.69,0.0787,-1,-1,-1
75,115,-8.07,585.35,64.07,154.22,1.0000,-1,-1,-1
75,116,1005.89,404.58,40.09,40.86,1.0000,-1,-1,-1
75,117,1106.21,719.85,23.10,29.80,1.0000,-1,-1,-1
75,120,312.14,429.63,72.15,114.08,1.0000,-1,-1,-1
75,122,1156.84,641.08,38.74,42.33,1.0000,-1,-1,-1
75,127,1834.54,749.54,86.03,93.25,0.0164,-1,-1,-1
75,128,1066.68,770.49,32.96,36.78,0.0131,-1,-1,-1
75,131,860.90,792.02,30.14,32.80,1.0000,-1,-1,-1
75,133,2.89,683.49,19.90,38.41,1.0000,-1,-1,-1
75,137,1014.72,476.92,34.69,30.40,1.0000,-1,-1,-1
75,139,806.67,390.62,141.50,183.59,0.0109,-1,-1,-1
75,144,189.10,385.88,143.29,238.05,0.0117,-1,-1,-1
76,1,708.31,604.78,267.14,469.25,0.8658,-1,-1,-1
76,3,1890.15,457.21,44.07,93.23,1.0000,-1,-1,-1
76,4,31.25,337.22,80.43,155.52,1.0000,-1,-1,-1
76,6,1075.15,691.99,34.18,35.31,0.0418,-1,-1,-1
76,7,1060.07,771.54,31.98,35.55,0.0114,-1,-1,-1
76,8,165.26,718.55,373.12,357.99,0.0219,-1,-1,-1
76,10,123.49,57.58,118.61,154.92,0.0713,-1,-1,-1
76,15,1093.08,867.98,37.33,39.69,1.0000,-1,-1,-1
76,16,1133.35,818.81,37.44,39.27,0.0524,-1,-1,-1
76,19,191.27,392.83,136.13,231.51,0.0474,-1,-1,-1
76,26,1031.48,544.62,27.85,30.25,0.0558,-1,-1,-1
76,30,1125.58,721.46,42.12,52.28,0.0383,-1,-1,-1
76,31,797.55,393.53,197.45,170.53,1.0000,-1,-1,-1
76,33,803.60,815.85,35.48,39.10,1.0000,-1,-1,-1
76,35,1093.78,604.76,29.93,30.73,0.0636,-1,-1,-1
76,37,1172.92,805.53,61.33,71.25,1.0000,-1,-1,-1
76,40,1073.49,497.20,61.80,60.31,1.0000,-1,-1,-1
76,62,936.64,711.80,31.70,34.24,0.2555,-1,-1,-1
76,64,883.17,396.37,95.94,84.71,1.0000,-1,-1,-1
76,83,720.89,602.91,47.11,51.05,1.0000,-1,-1,-1
76,92,1130.11,724.82,49.23,60.43,1.0000,-1,-1,-1
76,93,1080.52,630.04,17.45,19.61,1.0000,-1,-1,-1
76,104,1134.09,738.84,41.96,45.38,0.0548,-1,-1,-1
76,115,-8.45,585.35,64.68,155.69,1.0000,-1,-1,-1
76,116,1006.17,401.15,40.50,41.28,1.0000,-1,-1,-1
76,117,1108.22,722.31,22.78,29.38,1.0000,-1,-1,-1
76,120,312.69,430.57,72.22,114.19,1.0000,-1,-1,-1
76,122,1159.65,642.62,38.99,42.60,1.0000,-1,-1,-1
76,127,1834.57,748.81,86.04,93.53,0.0135,-1,-1,-1
76,128,1068.54,769.96,33.03,36.92,0.0189,-1,-1,-1
76,131,861.07,792.03,29.99,32.64,1.0000,-1,-1,-1
76,133,3.07,685.92,18.66,36.01,1.0000,-1,-1,-1
76,137,1014.97,476.73,35.00,30.66,1.0000,-1,-1,-1
76,139,803.81,388.42,155.86,202.01,0.0242,-1,-1,-1
76,144,189.04,385.16,143.53,238.46,1.0000,-1,-1,-1
76,145,1030.26,472.61,100.46,67.05,0.0155,-1,-1,-1
77,1,710.68,602.58,265.67,470.86,0.9017,-1,-1,-1
77,3,1890.46,457.62,44.17,93.44,1.0000,-1,-1,-1
77,4,32.17,336.50,81.17,156.96,1.0000,-1,-1,-1
77,6,1074.88,692.65,34.80,35.91,0.0572,-1,-1,-1
77,7,1061.38,770.88,31.59,35.12,1.0000,-1,-1,-1
77,8,164.02,718.70,371.90,357.45,0.0341,-1,-1,-1
77,10,123.77,57.93,118.20,154.26,0.0680,-1,-1,-1
77,15,1074.89,872.35,37.67,40.02,0.0110,-1,-1,-1
77,16,1132.71,819.69,36.97,38.68,0.0892,-1,-1,-1
77,19,191.57,392.48,136.07,231.32,0.0557,-1,-1,-1
77,26,1031.31,544.05,28.12,30.67,0.0585,-1,-1,-1
77,30,1125.71,721.04,41.44,51.69,0.0433,-1,-1,-1
77,31,797.87,393.63,197.47,170.55,1.0000,-1,-1,-1
77,33,802.52,820.25,35.64,39.27,1.0000,-1,-1,-1
77,35,1093.70,604.50,29.72,30.65,0.0610,-1,-1,-1
77,37,1175.13,809.64,62.05,72.10,1.0000,-1,-1,-1
77,40,1074.72,497.83,61.85,60.36,1.0000,-1,-1,-1
77,62,936.63,712.45,31.93,34.60,0.2028,-1,-1,-1
77,64,879.82,394.45,97.02,85.67,1.0000,-1,-1,-1
77,83,713.28,601.00,47.47,51.44,1.0000,-1,-1,-1
77,92,1130.59,726.71,49.68,60.99,1.0000,-1,-1,-1
77,93,1080.97,630.90,17.05,19.15,1.0000,-1,-1,-1
77,104,1134.46,739.89,41.14,44.29,0.0647,-1,-1,-1
77,115,-8.83,585.36,65.30,157.17,1.0000,-1,-1,-1
77,116,1006.45,397.71,40.92,41.71,1.0000,-1,-1,-1
77,117,1110.22,724.78,22.45,28.97,1.0000,-1,-1,-1
77,122,1162.45,644.17,39.24,42.87,1.0000,-1,-1,-1
77,127,1834.39,748.50,86.21,93.95,0.0131,-1,-1,-1
77,128,1069.75,769.30,33.10,36.92,0.0182,-1,-1,-1
77,131,861.24,792.04,29.84,32.48,1.0000,-1,-1,-1
77,133,3.26,688.34,17.42,33.62,1.0000,-1,-1,-1
77,137,1015.21,476.53,35.30,30.93,1.0000,-1,-1,-1
77,139,801.22,387.06,166.65,216.77,0.1518,-1,-1,-1
77,144,188.97,384.45,143.78,238.86,1.0000,-1,-1,-1
77,145,1029.92,472.21,100.37,67.00,0.0171,-1,-1,-1
78,1,712.18,594.79,267.55,478.34,0.9058,-1,-1,-1
78,3,1890.77,458.03,44.27,93.66,1.0000,-1,-1,-1
78,4,33.09,335.78,81.92,158.40,1.0000,-1,-1,-1
78,6,1074.92,693.56,35.49,36.60,0.0893,-1,-1,-1
78,7,1062.68,770.22,31.21,34.68,1.0000,-1,-1,-1
78,8,163.12,718.61,371.81,357.86,0.0387,-1,-1,-1
78,10,124.15,57.74,118.04,154.17,0.0535,-1,-1,-1
78,15,1073.94,871.97,37.97,40.41,0.0242,-1,-1,-1
78,16,1131.38,820.16,37.47,39.38,0.0791,-1,-1,-1
78,19,192.59,394.37,134.85,229.00,0.0551,-1,-1,-1
78,26,1031.62,544.12,27.67,30.25,0.0259,-1,-1,-1
78,30,1125.34,720.98,41.26,51.42,0.0502,-1,-1,-1
78,31,798.19,393.74,197.50,170.57,1.0000,-1,-1,-1
78,35,1093.50,604.48,29.36,30.38,0.0610,-1,-1,-1
78,37,1177.34,813.74,62.78,72.94,1.0000,-1,-1,-1
78,40,1075.95,498.46,61.90,60.40,1.0000,-1,-1,-1
78,62,937.02,713.75,31.48,34.27,0.1510,-1,-1,-1
78,64,876.47,392.53,98.11,86.63,1.0000,-1,-1,-1
78,83,705.67,599.09,47.83,51.83,1.0000,-1,-1,-1
78,92,1131.08,728.60,50.14,61.55,1.0000,-1,-1,-1
78,93,1081.43,631.76,16.64,18.69,1.0000,-1,-1,-1
78,104,1134.00,739.49,41.67,44.76,0.0707,-1,-1,-1
78,115,-9.21,585.36,65.91,158.64,1.0000,-1,-1,-1
78,116,1006.74,394.28,41.34,42.13,1.0000,-1,-1,-1
78,117,1116.70,662.66,38.63,49.77,0.0116,-1,-1,-1
78,122,1165.26,645.71,39.49,43.14,1.0000,-1,-1,-1
78,127,1834.68,748.48,85.61,93.35,0.0139,-1,-1,-1
78,128,1070.59,768.75,33.42,36.97,0.0509,-1,-1,-1
78,131,861.40,792.05,29.69,32.31,1.0000,-1,-1,-1
78,133,3.44,690.76,16.18,31.23,1.0000,-1,-1,-1
78,137,1015.45,476.34,35.61,31.20,1.0000,-1,-1,-1
78,139,800.07,386.64,172.30,223.96,0.1917,-1,-1,-1
78,144,188.91,383.73,144.02,239.27,1.0000,-1,-1,-1
78,145,1029.84,471.68,100.78,67.28,1.0000,-1,-1,-1
79,1,711.92,587.52,269.49,485.71,0.8923,-1,-1,-1
79,3,1891.08,458.44,44.37,93.87,1.0000,-1,-1,-1
79,4,34.01,335.06,82.66,159.84,1.0000,-1,-1,-1
79,6,1075.21,694.27,36.02,37.21,0.0862,-1,-1,-1
79,7,1063.99,769.57,30.82,34.25,1.0000,-1,-1,-1
79,8,161.17,718.43,371.33,358.05,0.0323,-1,-1,-1
79,10,123.70,57.70,118.24,154.29,0.0528,-1,-1,-1
79,15,1073.52,872.06,37.85,40.40,0.0157,-1,-1,-1
79,16,1131.01,820.86,38.40,40.48,0.1021,-1,-1,-1
79,19,192.04,392.73,135.74,230.18,0.0452,-1,-1,-1
79,26,1032.13,544.13,27.93,30.54,0.0313,-1,-1,-1
79,30,1125.89,720.93,40.51,50.53,0.0549,-1,-1,-1
79,31,798.51,393.84,197.52,170.59,1.0000,-1,-1,-1
79,35,1093.55,604.62,29.20,30.23,0.0662,-1,-1,-1
79,37,1179.56,817.85,63.51,73.79,1.0000,-1,-1,-1
79,40,1077.18,499.09,61.94,60.45,1.0000,-1,-1,-1
79,62,937.40,714.38,32.00,35.09,0.1133,-1,-1,-1
79,64,873.12,390.61,99.20,87.59,1.0000,-1,-1,-1
79,83,698.06,597.19,48.19,52.22,1.0000,-1,-1,-1
79,92,1129.23,722.29,48.97,60.70,0.0294,-1,-1,-1
79,93,1081.88,632.62,16.23,18.24,1.0000,-1,-1,-1
79,104,1134.97,741.19,40.12,42.82,0.0853,-1,-1,-1
79,115,-9.60,585.36,66.52,160.12,1.0000,-1,-1,-1
79,116,1007.02,390.85,41.76,42.56,1.0000,-1,-1,-1
79,117,1117.87,662.14,38.88,50.01,0.0105,-1,-1,-1
79,122,1168.07,647.26,39.73,43.41,1.0000,-1,-1,-1
79,127,1834.36,747.86,86.06,94.01,0.0149,-1,-1,-1
79,128,1071.75,768.36,33.44,36.75,0.0691,-1,-1,-1
79,131,861.57,792.06,29.54,32.15,1.0000,-1,-1,-1
79,133,3.63,693.19,14.94,28.83,1.0000,-1,-1,-1
79,137,1015.69,476.15,35.92,31.47,1.0000,-1,-1,-1
79,139,799.72,387.88,174.21,226.87,0.2923,-1,-1,-1
79,144,188.84,383.02,144.26,239.67,1.0000,-1,-1,-1
79,145,1029.77,471.14,101.19,67.55,1.0000,-1,-1,-1
80,1,709.14,579.96,271.26,493.20,0.8783,-1,-1,-1
80,4,34.93,334.33,83.41,161.29,1.0000,-1,-1,-1
80,6,1075.70,695.32,35.60,36.80,0.0706,-1,-1,-1
80,7,1065.30,768.91,30.43,33.82,1.0000,-1,-1,-1
80,8,160.74,717.88,371.56,358.72,0.0389,-1,-1,-1
80,10,122.66,57.44,119.22,155.29,0.0595,-1,-1,-1
80,15,1072.94,871.71,37.82,40.37,1.0000,-1,-1,-1
80,16,1131.01,822.18,38.01,39.96,0.0690,-1,-1,-1
80,19,191.47,391.94,136.98,231.93,0.0490,-1,-1,-1
80,26,1032.32,543.83,28.37,31.03,0.0485,-1,-1,-1
80,30,1125.72,721.28,39.97,49.78,0.0449,-1,-1,-1
80,31,798.83,393.95,197.54,170.61,1.0000,-1,-1,-1
80,35,1093.75,605.19,28.77,29.81,0.0705,-1,-1,-1
80,37,1181.77,821.95,64.24,74.64,1.0000,-1,-1,-1
80,40,1078.41,499.72,61.99,60.50,1.0000,-1,-1,-1
80,62,937.76,715.56,31.80,35.05,0.0512,-1,-1,-1
80,64,869.77,388.69,100.29,88.55,1.0000,-1,-1,-1
80,83,690.45,595.28,48.55,52.61,1.0000,-1,-1,-1
80,92,1129.75,722.01,47.92,59.70,0.0220,-1,-1,-1
80,104,1136.10,742.95,38.50,40.70,0.0733,-1,-1,-1
80,115,-9.98,585.36,67.14,161.59,1.0000,-1,-1,-1
80,116,1007.30,387.42,42.18,42.99,1.0000,-1,-1,-1
80,117,1118.21,662.27,38.83,49.91,0.0101,-1,-1,-1
80,122,1170.88,648.80,39.98,43.68,1.0000,-1,-1,-1
80,127,1834.68,748.46,85.90,94.04,0.0124,-1,-1,-1
80,128,1073.07,768.37,33.35,36.51,0.0735,-1,-1,-1
80,131,861.74,792.08,29.39,31.99,1.0000,-1,-1,-1
80,133,3.81,695.61,13.70,26.44,1.0000,-1,-1,-1
80,137,1015.93,475.96,36.22,31.74,1.0000,-1,-1,-1
80,139,801.50,390.54,173.65,226.75,0.3751,-1,-1,-1
80,144,188.78,382.30,144.51,240.08,1.0000,-1,-1,-1
80,145,1029.69,470.61,101.61,67.83,1.0000,-1,-1,-1
80,150,693.99,436.13,76.71,220.53,0.0203,-1,-1,-1
81,1,709.15,571.23,273.60,501.75,0.8641,-1,-1,-1
81,4,35.85,333.61,84.16,162.73,1.0000,-1,-1,-1
81,6,1076.87,696.37,35.19,36.38,0.0753,-1,-1,-1
81,7,1066.60,768.25,30.04,33.39,1.0000,-1,-1,-1
81,8,162.62,717.60,372.03,358.89,0.0299,-1,-1,-1
81,10,121.64,56.70,120.45,156.63,0.0584,-1,-1,-1
81,15,1073.24,872.51,37.99,40.68,0.0104,-1,-1,-1
81,16,1131.94,823.43,38.22,40.18,0.0268,-1,-1,-1
81,19,191.80,393.07,136.63,231.35,0.0537,-1,-1,-1
81,26,1032.88,543.69,28.30,30.95,0.0237,-1,-1,-1
81,30,1125.78,721.57,38.46,47.92,0.0487,-1,-1,-1
81,31,799.15,394.06,197.56,170.63,1.0000,-1,-1,-1
81,35,1094.25,605.82,28.03,29.04,0.0404,-1,-1,-1
81,37,1183.98,826.06,64.97,75.49,1.0000,-1,-1,-1
81,40,1079.64,500.35,62.04,60.54,1.0000,-1,-1,-1
81,62,938.39,716.88,31.82,35.07,1.0000,-1,-1,-1
81,64,866.42,386.77,101.38,89.52,1.0000,-1,-1,-1
81,83,682.84,593.37,48.91,53.00,1.0000,-1,-1,-1
81,92,1130.78,722.13,45.64,56.91,0.0232,-1,-1,-1
81,104,1137.20,744.80,36.90,38.64,0.0754,-1,-1,-1
81,115,-10.36,585.36,67.75,163.06,1.0000,-1,-1,-1
81,116,1007.58,383.98,42.59,43.41,1.0000,-1,-1,-1
81,117,1120.25,661.71,39.24,50.43,1.0000,-1,-1,-1
81,127,1834.39,748.08,86.60,95.16,0.0152,-1,-1,-1
81,128,1074.31,767.95,33.39,36.38,0.0800,-1,-1,-1
81,131,861.91,792.09,29.25,31.82,1.0000,-1,-1,-1
81,133,4.00,698.03,12.46,24.05,1.0000,-1,-1,-1
81,137,1016.17,475.77,36.53,32.00,1.0000,-1,-1,-1
81,139,803.23,389.43,167.59,218.76,0.0656,-1,-1,-1
81,144,188.71,381.59,144.75,240.48,1.0000,-1,-1,-1
81,145,1029.62,470.07,102.02,68.10,1.0000,-1,-1,-1
81,150,693.80,436.43,76.44,219.85,0.0132,-1,-1,-1
82,1,709.26,565.64,274.62,507.63,0.9092,-1,-1,-1
82,4,36.78,332.89,84.90,164.17,1.0000,-1,-1,-1
82,6,1078.16,697.27,34.90,36.17,0.1051,-1,-1,-1
82,7,1067.91,767.60,29.65,32.96,1.0000,-1,-1,-1
82,8,165.11,717.70,372.82,358.72,0.0472,-1,-1,-1
82,10,122.60,56.83,120.23,156.29,0.0670,-1,-1,-1
82,15,1073.13,872.67,38.34,41.18,0.0150,-1,-1,-1
82,16,1131.11,823.85,38.27,40.24,1.0000,-1,-1,-1
82,19,192.82,394.37,135.94,230.36,0.0252,-1,-1,-1
82,26,1033.61,543.66,28.26,30.91,0.0310,-1,-1,-1
82,30,1126.93,721.66,35.20,43.22,0.0734,-1,-1,-1
82,31,799.47,394.16,197.59,170.65,1.0000,-1,-1,-1
82,35,1095.33,606.39,27.12,28.08,0.0520,-1,-1,-1
82,37,1186.20,830.17,65.70,76.33,1.0000,-1,-1,-1
82,40,1080.88,500.99,62.08,60.59,1.0000,-1,-1,-1
82,62,940.93,717.63,32.91,36.07,0.0169,-1,-1,-1
82,64,863.07,384.85,102.47,90.48,1.0000,-1,-1,-1
82,83,675.23,591.47,49.27,53.39,1.0000,-1,-1,-1
82,92,1132.27,721.94,41.31,50.55,0.0247,-1,-1,-1
82,104,1138.06,745.64,35.70,36.82,0.0618,-1,-1,-1
82,115,-10.74,585.36,68.36,164.54,1.0000,-1,-1,-1
82,116,1007.87,380.55,43.01,43.84,1.0000,-1,-1,-1
82,117,1119.21,662.88,38.66,49.29,0.0141,-1,-1,-1
82,127,1834.43,748.35,86.77,95.70,0.0189,-1,-1,-1
82,128,1074.60,767.24,34.22,37.29,0.0463,-1,-1,-1
82,131,862.08,792.10,29.10,31.66,1.0000,-1,-1,-1
82,133,4.18,700.46,11.22,21.66,1.0000,-1,-1,-1
82,137,1016.42,475.58,36.83,32.27,1.0000,-1,-1,-1
82,139,800.78,387.05,173.89,228.96,0.1244,-1,-1,-1
82,144,188.65,380.87,144.99,240.88,1.0000,-1,-1,-1
82,145,1029.55,469.54,102.43,68.38,1.0000,-1,-1,-1
82,150,696.18,438.52,74.50,214.75,0.0135,-1,-1,-1
83,1,709.76,558.84,276.48,514.67,0.8908,-1,-1,-1
83,6,1078.62,696.88,34.54,35.78,0.0406,-1,-1,-1
83,7,1069.21,766.94,29.27,32.53,1.0000,-1,-1,-1
83,8,167.53,717.92,374.03,358.51,0.0317,-1,-1,-1
83,10,121.51,56.42,121.23,157.46,0.0632,-1,-1,-1
83,15,1072.96,872.07,38.74,41.67,0.0256,-1,-1,-1
83,16,1132.70,825.05,38.35,40.12,0.0476,-1,-1,-1
83,19,192.26,393.22,136.51,231.55,0.0277,-1,-1,-1
83,26,1034.03,543.05,28.94,31.74,0.0194,-1,-1,-1
83,30,1127.04,721.59,34.76,42.68,1.0000,-1,-1,-1
83,31,799.79,394.27,197.61,170.67,1.0000,-1,-1,-1
83,35,1095.30,605.72,27.71,28.68,0.0665,-1,-1,-1
83,37,1188.41,834.27,66.43,77.18,1.0000,-1,-1,-1
83,40,1082.11,501.62,62.13,60.63,1.0000,-1,-1,-1
83,62,941.76,718.89,33.02,36.19,1.0000,-1,-1,-1
83,64,859.72,382.93,103.56,91.44,1.0000,-1,-1,-1
83,83,667.62,589.56,49.63,53.78,1.0000,-1,-1,-1
83,92,1132.80,722.71,40.68,49.78,1.0000,-1,-1,-1
83,104,1138.53,746.20,34.96,36.05,1.0000,-1,-1,-1
83,115,-11.12,585.37,68.97,166.01,1.0000,-1,-1,-1
83,116,1008.15,377.12,43.43,44.26,1.0000,-1,-1,-1
83,117,1121.03,662.45,38.98,49.69,1.0000,-1,-1,-1
83,127,1834.25,747.72,86.94,96.20,0.0144,-1,-1,-1
83,128,1075.95,766.59,34.25,37.32,1.0000,-1,-1,-1
83,131,862.25,792.11,28.95,31.50,1.0000,-1,-1,-1
83,133,4.37,702.88,9.98,19.26,1.0000,-1,-1,-1
83,137,1016.66,475.39,37.14,32.54,1.0000,-1,-1,-1
83,139,801.25,384.45,177.06,236.39,0.1849,-1,-1,-1
83,144,188.58,380.16,145.24,241.29,1.0000,-1,-1,-1
83,145,1029.47,469.00,102.85,68.65,1.0000,-1,-1,-1
83,150,694.54,436.88,76.62,221.41,0.0106,-1,-1,-1
84,1,708.90,550.21,279.17,524.44,0.9192,-1,-1,-1
84,6,1079.12,697.58,34.58,35.82,1.0000,-1,-1,-1
84,7,1070.52,766.28,28.88,32.10,1.0000,-1,-1,-1
84,8,164.94,718.03,373.81,358.48,0.0417,-1,-1,-1
84,10,122.51,56.56,120.63,156.53,0.0948,-1,-1,-1
84,15,1072.53,871.84,38.84,41.78,1.0000,-1,-1,-1
84,16,1133.15,825.86,37.78,39.25,0.0279,-1,-1,-1
84,19,193.53,394.42,135.56,230.03,0.0290,-1,-1,-1
84,26,1034.18,542.88,29.11,31.93,1.0000,-1,-1,-1
84,30,1127.15,721.52,34.32,42.15,1.0000,-1,-1,-1
84,31,800.11,394.37,197.63,170.69,1.0000,-1,-1,-1
84,35,1095.83,604.66,28.79,29.98,0.0414,-1,-1,-1
84,37,1190.62,838.38,67.16,78.03,1.0000,-1,-1,-1
84,62,942.59,720.15,33.14,36.32,1.0000,-1,-1,-1
84,83,660.02,587.65,49.99,54.17,1.0000,-1,-1,-1
84,92,1133.32,723.48,40.05,49.00,1.0000,-1,-1,-1
84,104,1139.91,746.45,35.61,36.40,0.0673,-1,-1,-1
84,115,-11.50,585.37,69.59,167.49,1.0000,-1,-1,-1
84,116,1008.43,373.68,43.85,44.69,1.0000,-1,-1,-1
84,117,1122.84,662.02,39.29,50.10,1.0000,-1,-1,-1
84,127,1834.17,747.59,87.13,96.41,1.0000,-1,-1,-1
84,128,1075.37,764.98,34.77,37.59,0.0357,-1,-1,-1
84,131,862.42,792.12,28.80,31.34,1.0000,-1,-1,-1
84,133,4.55,705.30,8.74,16.87,1.0000,-1,-1,-1
84,137,1016.90,475.20,37.44,32.81,1.0000,-1,-1,-1
84,139,805.19,380.84,175.94,239.15,0.1269,-1,-1,-1
84,144,188.52,379.44,145.48,241.69,1.0000,-1,-1,-1
84,145,1029.40,468.46,103.26,68.93,1.0000,-1,-1,-1
84,150,694.40,436.81,76.82,221.97,1.0000,-1,-1,-1
84,152,1120.55,894.94,129.81,182.86,0.0132,-1,-1,-1
85,1,708.07,542.91,280.69,531.82,0.9159,-1,-1,-1
85,6,1079.62,698.29,34.63,35.87,1.0000,-1,-1,-1
85,7,1071.82,765.63,28.49,31.67,1.0000,-1,-1,-1
85,8,161.26,717.72,373.04,358.67,0.0472,-1,-1,-1
85,10,121.56,57.30,120.42,155.95,0.0493,-1,-1,-1
85,15,1072.10,871.62,38.94,41.89,1.0000,-1,-1,-1
85,16,1132.88,826.74,37.47,38.96,0.0326,-1,-1,-1
85,19,193.15,393.70,135.54,229.83,0.0462,-1,-1,-1
85,26,1034.33,542.71,29.29,32.12,1.0000,-1,-1,-1
85,30,1126.47,720.83,40.68,50.47,0.0660,-1,-1,-1
85,31,800.42,394.48,197.66,170.71,1.0000,-1,-1,-1
85,35,1094.16,603.76,30.03,31.45,0.0203,-1,-1,-1
85,37,1192.84,842.48,67.89,78.88,1.0000,-1,-1,-1
85,62,943.42,721.41,33.25,36.44,1.0000,-1,-1,-1
85,83,652.41,585.75,50.35,54.56,1.0000,-1,-1,-1
85,92,1135.42,735.06,39.10,47.24,0.0804,-1,-1,-1
85,104,1140.52,746.96,35.00,35.77,1.0000,-1,-1,-1
85,115,-11.88,585.37,70.20,168.96,1.0000,-1,-1,-1
85,116,1008.72,370.25,44.26,45.12,1.0000,-1,-1,-1
85,117,1124.66,661.60,39.61,50.50,1.0000,-1,-1,-1
85,127,1834.08,747.46,87.32,96.63,1.0000,-1,-1,-1
85,128,1075.52,764.32,34.25,36.79,0.0283,-1,-1,-1
85,131,862.59,792.13,28.65,31.17,1.0000,-1,-1,-1
85,133,4.74,707.72,7.50,14.48,1.0000,-1,-1,-1
85,137,1017.14,475.01,37.75,33.07,1.0000,-1,-1,-1
85,139,813.34,375.37,173.27,240.02,0.0650,-1,-1,-1
85,144,188.45,378.73,145.72,242.10,1.0000,-1,-1,-1
85,145,1029.32,467.93,103.67,69.21,1.0000,-1,-1,-1
85,150,694.25,436.74,77.01,222.54,1.0000,-1,-1,-1
85,152,1123.62,902.24,124.46,175.32,1.0000,-1,-1,-1
86,1,708.20,536.99,281.25,537.44,0.9188,-1,-1,-1
86,6,1081.86,698.05,33.06,34.29,0.0477,-1,-1,-1
86,7,1073.13,764.97,28.10,31.24,1.0000,-1,-1,-1
86,8,159.56,716.55,373.37,359.72,0.0284,-1,-1,-1
86,10,121.65,57.45,120.04,155.24,0.0474,-1,-1,-1
86,15,1071.67,871.39,39.04,42.00,1.0000,-1,-1,-1
86,16,1132.77,827.22,38.03,39.71,0.0318,-1,-1,-1
86,19,192.08,391.89,136.60,231.81,0.0338,-1,-1,-1
86,26,1034.48,542.55,29.46,32.31,1.0000,-1,-1,-1
86,30,1124.76,719.35,45.94,58.01,0.0581,-1,-1,-1
86,31,800.74,394.58,197.68,170.73,1.0000,-1,-1,-1
86,35,1093.88,603.76,29.83,31.44,0.0143,-1,-1,-1
86,37,1195.05,846.59,68.62,79.72,1.0000,-1,-1,-1
86,62,944.25,722.67,33.36,36.57,1.0000,-1,-1,-1
86,83,644.80,583.84,50.71,54.95,1.0000,-1,-1,-1
86,92,1133.74,732.36,42.00,50.80,0.0525,-1,-1,-1
86,104,1141.12,747.48,34.39,35.15,1.0000,-1,-1,-1
86,115,-12.27,585.37,70.81,170.44,1.0000,-1,-1,-1
86,117,1126.48,661.17,39.93,50.90,1.0000,-1,-1,-1
86,127,1833.99,747.34,87.51,96.84,1.0000,-1,-1,-1
86,128,1075.87,763.48,33.80,36.14,0.0277,-1,-1,-1
86,131,862.75,792.14,28.50,31.01,1.0000,-1,-1,-1
86,133,4.92,710.15,6.26,12.08,1.0000,-1,-1,-1
86,137,1017.38,474.82,38.05,33.34,1.0000,-1,-1,-1
86,139,819.88,368.83,165.19,234.25,0.2421,-1,-1,-1
86,144,191.74,389.09,140.20,233.52,0.0130,-1,-1,-1
86,145,1029.25,467.39,104.09,69.48,1.0000,-1,-1,-1
86,150,694.11,436.67,77.21,223.10,1.0000,-1,-1,-1
86,152,1126.70,909.55,119.11,167.78,1.0000,-1,-1,-1
87,1,708.88,533.48,280.04,540.04,0.9102,-1,-1,-1
87,6,1082.82,697.40,33.48,34.79,0.1037,-1,-1,-1
87,7,1074.43,764.31,27.72,30.80,1.0000,-1,-1,-1
87,8,159.81,716.63,372.16,359.42,0.0167,-1,-1,-1
87,10,121.86,56.63,120.53,155.71,0.0738,-1,-1,-1
87,15,1071.24,871.16,39.14,42.11,1.0000,-1,-1,-1
87,16,1132.85,827.65,38.10,40.09,0.0384,-1,-1,-1
87,19,191.98,387.22,138.78,235.47,0.0198,-1,-1,-1
87,26,1034.62,542.38,29.64,32.50,1.0000,-1,-1,-1
87,30,1124.88,719.33,46.27,59.11,0.1045,-1,-1,-1
87,31,801.06,394.69,197.70,170.75,1.0000,-1,-1,-1
87,35,1094.05,603.64,29.18,31.00,0.0235,-1,-1,-1
87,37,1197.26,850.69,69.35,80.57,1.0000,-1,-1,-1
87,62,945.08,723.93,33.47,36.69,1.0000,-1,-1,-1
87,83,637.19,581.93,51.07,55.34,1.0000,-1,-1,-1
87,92,1133.33,731.41,43.09,52.05,0.0850,-1,-1,-1
87,104,1141.73,748.00,33.78,34.53,1.0000,-1,-1,-1
87,115,-12.65,585.37,71.42,171.91,1.0000,-1,-1,-1
87,117,1118.31,660.44,39.34,50.76,0.0102,-1,-1,-1
87,127,1833.91,747.21,87.70,97.05,1.0000,-1,-1,-1
87,128,1076.13,762.11,33.70,36.05,0.0559,-1,-1,-1
87,131,862.92,792.16,28.35,30.85,1.0000,-1,-1,-1
87,133,5.11,712.57,5.02,9.69,1.0000,-1,-1,-1
87,137,1017.63,474.63,38.36,33.61,1.0000,-1,-1,-1
87,139,824.39,364.18,162.86,235.73,0.3678,-1,-1,-1
87,144,190.19,388.03,140.77,235.15,0.0307,-1,-1,-1
87,145,1029.18,466.86,104.50,69.76,1.0000,-1,-1,-1
87,150,693.97,436.61,77.40,223.67,1.0000,-1,-1,-1
87,152,1129.78,916.86,113.76,160.25,1.0000,-1,-1,-1
88,1,706.45,528.58,280.05,545.11,0.8783,-1,-1,-1
88,6,1083.76,697.45,33.54,34.91,0.1097,-1,-1,-1
88,7,1075.74,763.66,27.33,30.37,1.0000,-1,-1,-1
88,8,158.76,716.00,371.66,359.98,0.0140,-1,-1,-1
88,10,122.11,56.38,120.77,156.00,0.0820,-1,-1,-1
88,15,1070.81,870.94,39.24,42.22,1.0000,-1,-1,-1
88,16,1136.52,827.13,39.14,41.08,0.0413,-1,-1,-1
88,19,192.68,386.76,138.56,235.09,0.0153,-1,-1,-1
88,26,1034.77,542.21,29.81,32.69,1.0000,-1,-1,-1
88,30,1126.22,719.65,43.83,56.33,0.0750,-1,-1,-1
88,35,1094.89,603.70,27.81,29.64,0.0607,-1,-1,-1
88,62,945.92,725.19,33.59,36.81,1.0000,-1,-1,-1
88,83,629.58,580.03,51.42,55.73,1.0000,-1,-1,-1
88,92,1135.06,735.75,40.30,48.06,0.0724,-1,-1,-1
88,104,1142.33,748.51,33.17,33.91,1.0000,-1,-1,-1
88,115,-13.03,585.37,72.04,173.39,1.0000,-1,-1,-1
88,117,1118.90,662.00,38.28,49.21,0.0153,-1,-1,-1
88,127,1833.82,747.08,87.89,97.26,1.0000,-1,-1,-1
88,128,1076.22,761.31,33.91,36.25,0.0489,-1,-1,-1
88,131,863.09,792.17,28.20,30.68,1.0000,-1,-1,-1
88,133,5.29,714.99,3.78,7.30,1.0000,-1,-1,-1
88,137,1017.87,474.43,38.67,33.88,1.0000,-1,-1,-1
88,139,824.93,359.72,162.75,241.11,0.2991,-1,-1,-1
88,144,190.36,388.79,139.94,234.47,0.0209,-1,-1,-1
88,145,1029.10,466.32,104.91,70.03,1.0000,-1,-1,-1
88,150,693.83,436.54,77.60,224.23,1.0000,-1,-1,-1
88,152,1132.85,924.16,108.41,152.71,1.0000,-1,-1,-1
89,1,708.24,521.58,280.05,550.97,0.8924,-1,-1,-1
89,6,1084.74,696.41,33.84,35.36,0.1583,-1,-1,-1
89,7,1077.04,763.00,26.94,29.94,1.0000,-1,-1,-1
89,8,162.91,715.50,372.82,360.61,0.0204,-1,-1,-1
89,10,122.26,56.11,120.72,155.86,0.0820,-1,-1,-1
89,15,1070.39,870.71,39.34,42.33,1.0000,-1,-1,-1
89,16,1138.93,826.77,39.51,41.50,0.0369,-1,-1,-1
89,19,192.66,387.24,138.10,234.25,0.0113,-1,-1,-1
89,26,1034.92,542.04,29.98,32.89,1.0000,-1,-1,-1
89,30,1126.64,719.77,44.74,57.94,0.0979,-1,-1,-1
89,35,1095.32,603.23,28.04,30.01,0.0806,-1,-1,-1
89,62,946.75,726.45,33.70,36.94,1.0000,-1,-1,-1
89,92,1134.67,734.27,41.57,49.44,0.0852,-1,-1,-1
89,104,1142.94,749.03,32.56,33.28,1.0000,-1,-1,-1
89,115,-13.41,585.37,72.65,174.86,1.0000,-1,-1,-1
89,117,1119.37,662.39,37.94,48.72,0.0213,-1,-1,-1
89,127,1833.73,746.95,88.08,97.47,1.0000,-1,-1,-1
89,128,1076.22,760.73,33.87,36.07,0.0905,-1,-1,-1
89,131,863.26,792.18,28.05,30.52,1.0000,-1,-1,-1
89,133,5.48,717.42,2.54,4.91,1.0000,-1,-1,-1
89,137,1018.11,474.24,38.97,34.14,1.0000,-1,-1,-1
89,139,828.39,354.54,157.76,237.59,0.3084,-1,-1,-1
89,144,190.30,389.66,139.21,233.89,0.0267,-1,-1,-1
89,145,1029.03,465.79,105.33,70.31,1.0000,-1,-1,-1
89,150,693.69,436.47,77.79,224.80,1.0000,-1,-1,-1
89,152,1135.93,931.47,103.06,145.17,1.0000,-1,-1,-1
89,157,1069.98,637.91,33.16,33.68,0.1205,-1,-1,-1
90,1,710.14,516.23,279.67,556.30,0.9066,-1,-1,-1
90,6,1084.66,695.12,34.22,36.09,0.1368,-1,-1,-1
90,7,1078.35,762.34,26.55,29.51,1.0000,-1,-1,-1
90,8,161.05,715.49,372.19,360.59,0.0250,-1,-1,-1
90,10,121.89,55.83,121.02,156.26,0.0591,-1,-1,-1
90,15,1069.96,870.48,39.44,42.44,1.0000,-1,-1,-1
90,16,1140.48,826.28,39.54,41.64,0.0226,-1,-1,-1
90,19,192.66,386.65,138.29,234.57,1.0000,-1,-1,-1
90,26,1035.07,541.87,30.16,33.08,1.0000,-1,-1,-1
90,30,1126.20,719.52,45.65,59.51,0.0899,-1,-1,-1
90,35,1095.25,602.91,28.93,31.14,0.0569,-1,-1,-1
90,62,947.58,727.71,33.81,37.06,1.0000,-1,-1,-1
90,92,1135.10,735.42,41.29,49.11,1.0000,-1,-1,-1
90,104,1143.54,749.55,31.95,32.66,1.0000,-1,-1,-1
90,115,-13.79,585.38,73.26,176.34,1.0000,-1,-1,-1
90,117,1119.28,662.07,38.31,49.23,0.0229,-1,-1,-1
90,127,1833.65,746.83,88.27,97.68,1.0000,-1,-1,-1
90,128,1075.82,759.88,33.98,36.15,0.0455,-1,-1,-1
90,131,863.43,792.19,27.90,30.36,1.0000,-1,-1,-1
90,133,5.66,719.84,1.30,2.51,1.0000,-1,-1,-1
90,137,1018.35,474.05,39.28,34.41,1.0000,-1,-1,-1
90,139,829.18,349.31,161.25,246.79,0.5547,-1,-1,-1
90,144,190.02,388.70,139.53,234.89,0.0168,-1,-1,-1
90,145,1028.95,465.25,105.74,70.58,1.0000,-1,-1,-1
90,150,693.54,436.40,77.99,225.36,1.0000,-1,-1,-1
90,152,1139.01,938.78,97.71,137.64,1.0000,-1,-1,-1
90,157,1059.10,639.48,32.16,32.73,0.0805,-1,-1,-1
90,160,1016.02,635.59,28.15,29.07,0.0748,-1,-1,-1
91,1,712.30,512.81,278.56,559.60,0.9200,-1,-1,-1
91,6,1083.83,695.00,33.93,35.97,0.0756,-1,-1,-1
91,7,1079.65,761.69,26.16,29.08,1.0000,-1,-1,-1
91,8,162.75,715.41,372.21,360.61,0.0168,-1,-1,-1
91,10,122.22,56.00,120.67,155.76,0.0565,-1,-1,-1
91,15,1069.53,870.26,39.55,42.55,1.0000,-1,-1,-1
91,16,1141.59,826.38,39.50,41.70,0.0184,-1,-1,-1
91,19,192.66,386.06,138.48,234.89,1.0000,-1,-1,-1
91,26,1035.22,541.70,30.33,33.27,1.0000,-1,-1,-1
91,30,1125.90,719.47,46.66,61.27,0.0613,-1,-1,-1
91,35,1095.60,603.00,28.78,31.06,0.0689,-1,-1,-1
91,62,948.41,728.97,33.93,37.19,1.0000,-1,-1,-1
91,92,1135.52,736.58,41.01,48.77,1.0000,-1,-1,-1
91,104,1144.14,750.07,31.34,32.04,1.0000,-1,-1,-1
91,115,-14.17,585.38,73.88,177.81,1.0000,-1,-1,-1
91,117,1120.10,661.85,38.43,49.39,1.0000,-1,-1,-1
91,127,1833.56,746.70,88.46,97.89,1.0000,-1,-1,-1
91,128,1075.43,759.56,34.39,36.58,0.0366,-1,-1,-1
91,131,863.60,792.20,27.75,30.19,1.0000,-1,-1,-1
91,133,5.85,722.26,0.06,0.12,1.0000,-1,-1,-1
91,137,1018.59,473.86,39.58,34.68,1.0000,-1,-1,-1
91,139,826.89,343.83,165.62,258.55,0.5529,-1,-1,-1
91,144,191.44,387.75,138.42,232.85,0.0142,-1,-1,-1
91,145,1028.88,464.71,106.15,70.86,1.0000,-1,-1,-1
91,150,693.40,436.33,78.18,225.93,1.0000,-1,-1,-1
91,152,1142.08,946.08,92.36,130.10,1.0000,-1,-1,-1
91,157,1052.52,639.66,30.53,31.07,1.0000,-1,-1,-1
91,160,1012.07,636.87,26.57,27.44,1.0000,-1,-1,-1
92,1,713.57,509.75,276.56,561.07,0.9103,-1,-1,-1
92,6,1083.67,695.44,32.97,35.02,0.0403,-1,-1,-1
92,7,1080.96,761.03,25.78,28.65,1.0000,-1,-1,-1
92,8,165.00,715.26,373.56,360.87,0.0167,-1,-1,-1
92,10,121.79,52.11,123.33,160.02,0.0531,-1,-1,-1
92,15,1069.10,870.03,39.65,42.66,1.0000,-1,-1,-1
92,16,1142.64,825.40,39.46,41.76,0.0202,-1,-1,-1
92,19,192.66,385.47,138.67,235.22,1.0000,-1,-1,-1
92,26,1035.37,541.54,30.51,33.46,1.0000,-1,-1,-1
92,30,1126.70,719.92,45.59,60.17,0.0762,-1,-1,-1
92,35,1096.17,602.38,29.33,31.72,0.0433,-1,-1,-1
92,62,949.24,730.23,34.04,37.31,1.0000,-1,-1,-1
92,92,1134.29,732.36,42.99,51.10,0.0781,-1,-1,-1
92,104,1144.75,750.58,30.73,31.42,1.0000,-1,-1,-1
92,117,1120.91,661.64,38.55,49.54,1.0000,-1,-1,-1
92,127,1833.47,746.57,88.65,98.10,1.0000,-1,-1,-1
92,128,1075.31,758.86,34.21,36.41,0.0358,-1,-1,-1
92,133,6.03,724.69,-1.18,-2.27,1.0000,-1,-1,-1
92,137,1018.83,473.67,39.89,34.95,1.0000,-1,-1,-1
92,139,821.80,338.76,175.89,282.03,0.6509,-1,-1,-1
92,144,190.18,386.97,139.74,235.34,0.0197,-1,-1,-1
92,145,1028.81,464.18,106.56,71.14,1.0000,-1,-1,-1
92,150,693.26,436.26,78.38,226.49,1.0000,-1,-1,-1
92,152,1145.16,953.39,87.01,122.56,1.0000,-1,-1,-1
92,157,1045.94,639.84,28.90,29.41,1.0000,-1,-1,-1
92,160,1008.11,638.14,24.99,25.81,1.0000,-1,-1,-1
93,1,715.31,508.06,273.20,559.00,0.9078,-1,-1,-1
93,6,1082.83,695.67,33.16,35.35,0.0301,-1,-1,-1
93,7,1082.27,760.37,25.39,28.22,1.0000,-1,-1,-1
93,8,161.69,715.86,372.89,360.62,0.0296,-1,-1,-1
93,10,122.50,53.55,121.41,157.59,0.0761,-1,-1,-1
93,15,1072.74,871.06,38.96,42.07,0.0158,-1,-1,-1
93,16,1142.81,825.21,38.88,41.12,0.0360,-1,-1,-1
93,19,192.66,384.88,138.86,235.54,1.0000,-1,-1,-1
93,26,1035.51,541.37,30.68,33.65,1.0000,-1,-1,-1
93,30,1127.78,720.39,42.85,56.59,0.0715,-1,-1,-1
93,35,1096.23,603.52,28.49,30.79,0.0518,-1,-1,-1
93,62,950.07,731.50,34.15,37.43,1.0000,-1,-1,-1
93,92,1136.44,738.02,38.78,45.27,0.0882,-1,-1,-1
93,104,1145.35,751.10,30.13,30.79,1.0000,-1,-1,-1
93,117,1121.72,661.43,38.67,49.70,1.0000,-1,-1,-1
93,127,1833.39,746.44,88.84,98.31,1.0000,-1,-1,-1
93,128,1075.14,759.17,34.36,36.60,0.0578,-1,-1,-1
93,133,6.22,727.11,-2.42,-4.67,1.0000,-1,-1,-1
93,137,1019.08,473.48,40.19,35.22,1.0000,-1,-1,-1
93,139,820.78,335.33,182.17,299.56,0.6043,-1,-1,-1
93,144,190.27,387.47,139.40,235.26,0.0224,-1,-1,-1
93,145,1028.73,463.64,106.98,71.41,1.0000,-1,-1,-1
93,150,693.12,436.20,78.58,227.06,1.0000,-1,-1,-1
93,152,1148.24,960.70,81.66,115.02,1.0000,-1,-1,-1
93,157,1039.37,640.02,27.27,27.76,1.0000,-1,-1,-1
93,160,1004.16,639.42,23.41,24.18,1.0000,-1,-1,-1
94,1,718.81,509.39,270.11,555.20,0.9114,-1,-1,-1
94,6,1082.13,695.70,33.31,35.59,0.0180,-1,-1,-1
94,7,1083.57,759.72,25.00,27.79,1.0000,-1,-1,-1
94,8,160.18,716.07,372.22,360.49,0.0248,-1,-1,-1
94,10,123.16,54.81,120.16,156.04,0.0717,-1,-1,-1
94,15,1072.39,870.04,40.39,43.58,0.0120,-1,-1,-1
94,16,1142.91,824.78,38.57,40.78,0.0338,-1,-1,-1
94,19,192.66,384.28,139.05,235.86,1.0000,-1,-1,-1
94,26,1035.66,541.20,30.86,33.84,1.0000,-1,-1,-1
94,30,1127.75,720.38,41.75,55.23,0.0614,-1,-1,-1
94,35,1096.63,604.56,27.28,29.45,0.0388,-1,-1,-1
94,62,950.91,732.76,34.27,37.56,1.0000,-1,-1,-1
94,92,1137.26,740.18,37.11,42.70,0.0662,-1,-1,-1
94,104,1145.96,751.62,29.52,30.17,1.0000,-1,-1,-1
94,117,1122.54,661.22,38.80,49.86,1.0000,-1,-1,-1
94,127,1833.30,746.32,89.03,98.52,1.0000,-1,-1,-1
94,128,1074.90,759.04,34.55,36.86,0.0605,-1,-1,-1
94,133,6.40,729.53,-3.66,-7.06,1.0000,-1,-1,-1
94,137,1019.32,473.29,40.50,35.48,1.0000,-1,-1,-1
94,139,824.64,333.29,179.33,302.40,0.7041,-1,-1,-1
94,144,191.30,386.57,138.67,233.54,0.0133,-1,-1,-1
94,145,1028.66,463.11,107.39,71.69,1.0000,-1,-1,-1
94,150,692.98,436.13,78.77,227.62,1.0000,-1,-1,-1
94,152,1151.31,968.00,76.31,107.49,1.0000,-1,-1,-1
94,157,1032.79,640.20,25.64,26.10,1.0000,-1,-1,-1
94,160,1000.20,640.70,21.83,22.54,1.0000,-1,-1,-1
94,165,827.05,874.26,245.68,203.09,0.1405,-1,-1,-1
95,1,722.39,512.24,267.67,550.96,0.9083,-1,-1,-1
95,6,1082.51,695.76,32.94,35.11,0.0163,-1,-1,-1
95,7,1084.88,759.06,24.61,27.36,1.0000,-1,-1,-1
95,8,165.79,716.83,372.46,359.07,0.0168,-1,-1,-1
95,10,122.97,54.02,120.63,156.89,0.0567,-1,-1,-1
95,15,1072.22,869.82,40.57,43.78,1.0000,-1,-1,-1
95,16,1143.28,824.04,38.30,40.61,0.0254,-1,-1,-1
95,19,192.66,383.69,139.24,236.19,1.0000,-1,-1,-1
95,26,1035.81,541.03,31.03,34.03,1.0000,-1,-1,-1
95,30,1127.80,720.33,41.94,55.48,1.0000,-1,-1,-1
95,35,1097.43,603.63,27.97,30.23,0.0119,-1,-1,-1
95,62,951.74,734.02,34.38,37.68,1.0000,-1,-1,-1
95,92,1135.36,734.92,41.67,48.14,0.0619,-1,-1,-1
95,104,1146.56,752.14,28.91,29.55,1.0000,-1,-1,-1
95,117,1123.35,661.01,38.92,50.01,1.0000,-1,-1,-1
95,127,1833.22,746.19,89.22,98.73,1.0000,-1,-1,-1
95,128,1074.69,758.38,34.65,36.96,0.0420,-1,-1,-1
95,133,6.59,731.96,-4.90,-9.45,1.0000,-1,-1,-1
95,139,829.81,331.88,176.50,304.96,0.7624,-1,-1,-1
95,144,190.44,385.90,138.48,233.13,0.0107,-1,-1,-1
95,145,1038.11,469.70,97.38,67.04,0.0182,-1,-1,-1
95,150,692.83,436.06,78.97,228.19,1.0000,-1,-1,-1
95,152,1154.39,975.31,70.96,99.95,1.0000,-1,-1,-1
95,157,1026.21,640.38,24.01,24.44,1.0000,-1,-1,-1
95,160,996.24,641.97,20.25,20.91,1.0000,-1,-1,-1
95,165,824.00,841.65,283.82,236.01,0.0520,-1,-1,-1
96,1,724.70,514.24,266.49,547.87,0.9199,-1,-1,-1
96,6,1082.24,696.01,32.83,34.92,0.0137,-1,-1,-1
96,7,1086.18,758.40,24.22,26.92,1.0000,-1,-1,-1
96,8,162.52,716.10,372.89,360.04,0.0259,-1,-1,-1
96,10,122.87,54.09,120.49,156.81,0.0684,-1,-1,-1
96,15,1073.00,869.13,40.67,43.94,0.0523,-1,-1,-1
96,16,1142.85,823.75,38.14,40.48,0.0389,-1,-1,-1
96,19,192.66,383.10,139.43,236.51,1.0000,-1,-1,-1
96,26,1035.96,540.86,31.20,34.22,1.0000,-1,-1,-1
96,30,1127.68,720.62,43.88,58.20,0.0681,-1,-1,-1
96,35,1097.17,603.25,28.24,30.50,0.0165,-1,-1,-1
96,62,952.57,735.28,34.49,37.81,1.0000,-1,-1,-1
96,92,1135.30,735.92,41.21,47.43,0.0828,-1,-1,-1
96,104,1147.17,752.65,28.30,28.93,1.0000,-1,-1,-1
96,117,1124.17,660.80,39.04,50.17,1.0000,-1,-1,-1
96,127,1836.92,753.20,83.74,93.00,0.0101,-1,-1,-1
96,128,1074.62,758.19,34.37,36.49,0.0691,-1,-1,-1
96,139,838.22,334.30,170.09,299.10,0.4931,-1,-1,-1
96,144,189.80,386.94,138.65,234.41,0.0165,-1,-1,-1
96,145,1038.81,468.98,95.00,67.10,0.0432,-1,-1,-1
96,150,692.69,435.99,79.16,228.75,1.0000,-1,-1,-1
96,152,1157.47,982.62,65.61,92.41,1.0000,-1,-1,-1
96,157,1019.64,640.56,22.38,22.78,1.0000,-1,-1,-1
96,160,992.29,643.25,18.67,19.28,1.0000,-1,-1,-1
96,165,814.86,806.97,321.73,270.91,0.0729,-1,-1,-1
97,1,725.54,514.30,267.50,549.51,0.9313,-1,-1,-1
97,6,1082.67,695.41,32.98,35.10,0.0119,-1,-1,-1
97,7,1087.49,757.75,23.84,26.49,1.0000,-1,-1,-1
97,8,161.80,716.08,372.53,360.22,0.0391,-1,-1,-1
97,10,122.48,53.82,120.83,157.33,0.0696,-1,-1,-1
97,15,1074.01,868.89,39.83,42.71,0.0272,-1,-1,-1
97,16,1143.17,823.32,37.91,40.29,0.0402,-1,-1,-1
97,19,192.66,382.51,139.62,236.83,1.0000,-1,-1,-1
97,26,1036.11,540.70,31.38,34.41,1.0000,-1,-1,-1
97,30,1128.40,719.53,43.68,57.91,0.0666,-1,-1,-1
97,35,1097.34,603.14,28.27,30.54,1.0000,-1,-1,-1
97,62,953.40,736.54,34.61,37.93,1.0000,-1,-1,-1
97,92,1134.23,732.15,44.13,51.20,0.0698,-1,-1,-1
97,104,1147.77,753.17,27.69,28.30,1.0000,-1,-1,-1
97,117,1124.98,660.59,39.16,50.33,1.0000,-1,-1,-1
97,127,1837.07,753.52,83.60,92.84,1.0000,-1,-1,-1
97,128,1074.83,757.65,34.35,36.47,1.0000,-1,-1,-1
97,139,847.84,335.24,163.06,291.61,0.1229,-1,-1,-1
97,144,189.90,387.88,138.27,234.51,0.0120,-1,-1,-1
97,145,1039.21,466.19,96.54,69.73,0.0341,-1,-1,-1
97,150,692.55,435.92,79.36,229.32,1.0000,-1,-1,-1
97,152,1160.55,989.93,60.26,84.88,1.0000,-1,-1,-1
97,157,1013.06,640.74,20.75,21.12,1.0000,-1,-1,-1
97,160,988.33,644.53,17.09,17.65,1.0000,-1,-1,-1
97,165,808.72,766.83,361.21,310.13,0.1207,-1,-1,-1
98,1,725.42,513.38,268.68,551.35,0.9333,-1,-1,-1
98,6,1082.97,694.51,31.94,33.72,0.0185,-1,-1,-1
98,7,1088.79,757.09,23.45,26.06,1.0000,-1,-1,-1
98,8,162.57,717.01,371.15,358.91,0.0274,-1,-1,-1
98,10,122.56,54.07,120.62,157.18,0.0723,-1,-1,-1
98,15,1073.84,868.60,40.00,42.82,0.0508,-1,-1,-1
98,16,1143.06,823.39,37.71,40.10,0.0418,-1,-1,-1
98,19,192.66,381.92,139.81,237.15,1.0000,-1,-1,-1
98,26,1036.26,540.53,31.55,34.60,1.0000,-1,-1,-1
98,30,1128.15,716.38,42.88,56.72,0.0253,-1,-1,-1
98,35,1097.38,602.75,28.74,31.05,0.0214,-1,-1,-1
98,62,954.23,737.80,34.72,38.05,1.0000,-1,-1,-1
98,92,1130.25,727.13,47.70,56.07,0.1075,-1,-1,-1
98,104,1148.38,753.69,27.08,27.68,1.0000,-1,-1,-1
98,117,1125.79,660.38,39.28,50.49,1.0000,-1,-1,-1
98,127,1837.21,753.84,83.45,92.67,1.0000,-1,-1,-1
98,128,1075.05,757.11,34.33,36.46,1.0000,-1,-1,-1
98,139,851.46,335.01,156.76,286.35,0.0811,-1,-1,-1
98,144,190.21,386.92,137.48,232.83,0.0167,-1,-1,-1
98,145,1040.27,467.70,92.61,67.76,0.0147,-1,-1,-1
98,150,692.41,435.85,79.55,229.88,1.0000,-1,-1,-1
98,152,1163.62,997.23,54.91,77.34,1.0000,-1,-1,-1
98,157,1006.48,640.92,19.12,19.46,1.0000,-1,-1,-1
98,160,984.37,645.81,15.51,16.02,1.0000,-1,-1,-1
98,165,807.84,744.95,377.70,332.11,0.0457,-1,-1,-1
99,1,726.52,517.72,267.29,547.62,0.9204,-1,-1,-1
99,6,1083.33,694.52,31.33,32.76,0.0679,-1,-1,-1
99,7,1054.39,731.84,59.94,66.65,0.0160,-1,-1,-1
99,8,162.50,717.18,371.22,358.50,0.0192,-1,-1,-1
99,10,123.29,54.53,119.70,156.15,0.0683,-1,-1,-1
99,15,1074.10,868.93,40.24,42.78,0.0443,-1,-1,-1
99,16,1143.26,823.50,37.26,39.66,0.0332,-1,-1,-1
99,19,192.66,381.33,140.00,237.48,1.0000,-1,-1,-1
99,26,1027.13,523.29,39.01,43.09,0.0273,-1,-1,-1
99,30,1128.65,715.58,41.23,54.40,0.0349,-1,-1,-1
99,35,1097.36,602.07,29.46,31.75,0.0439,-1,-1,-1
99,62,955.06,739.06,34.83,38.18,1.0000,-1,-1,-1
99,92,1129.06,724.67,48.87,58.20,0.1533,-1,-1,-1
99,104,1148.98,754.20,26.47,27.06,1.0000,-1,-1,-1
99,117,1126.61,660.17,39.41,50.64,1.0000,-1,-1,-1
99,127,1837.35,754.16,83.30,92.51,1.0000,-1,-1,-1
99,128,1075.26,756.58,34.32,36.44,1.0000,-1,-1,-1
99,139,855.05,338.70,149.12,275.62,0.1044,-1,-1,-1
99,144,189.97,387.46,138.46,234.85,0.0137,-1,-1,-1
99,145,1042.25,468.73,89.65,65.95,0.0117,-1,-1,-1
99,150,692.26,435.79,79.75,230.45,1.0000,-1,-1,-1
99,152,1166.70,1004.54,49.55,69.80,1.0000,-1,-1,-1
99,157,999.91,641.10,17.49,17.80,1.0000,-1,-1,-1
99,160,980.42,647.08,13.93,14.39,1.0000,-1,-1,-1
99,165,811.30,746.23,366.40,331.14,0.0139,-1,-1,-1
99,168,863.80,340.38,90.17,200.89,0.0819,-1,-1,-1
100,1,727.31,517.64,267.48,548.32,0.9119,-1,-1,-1
100,6,1083.68,693.84,31.35,32.61,0.0377,-1,-1,-1
100,7,1054.13,730.10,61.17,68.03,1.0000,-1,-1,-1
100,8,160.00,716.02,371.73,359.53,0.0128,-1,-1,-1
100,10,123.13,54.16,119.94,156.58,0.0881,-1,-1,-1
100,15,1073.88,868.57,40.95,43.48,0.0537,-1,-1,-1
100,16,1143.44,823.52,37.04,39.34,0.0228,-1,-1,-1
100,19,192.66,380.74,140.19,237.80,1.0000,-1,-1,-1
100,26,1030.75,527.34,37.18,40.87,0.0172,-1,-1,-1
100,30,1129.21,715.21,41.25,54.51,0.0309,-1,-1,-1
100,35,1097.80,601.53,29.37,31.61,0.0285,-1,-1,-1
100,62,955.89,740.32,34.95,38.30,1.0000,-1,-1,-1
100,92,1129.44,723.25,48.94,59.06,0.1530,-1,-1,-1
100,104,1149.59,754.72,25.86,26.44,1.0000,-1,-1,-1
100,117,1127.42,659.95,39.53,50.80,1.0000,-1,-1,-1
100,127,1837.49,754.48,83.16,92.35,1.0000,-1,-1,-1
100,128,1075.48,756.04,34.30,36.42,1.0000,-1,-1,-1
100,139,854.06,342.51,146.95,272.60,0.0341,-1,-1,-1
100,144,189.86,387.46,138.48,234.89,1.0000,-1,-1,-1
100,145,1042.33,469.37,88.12,65.18,0.0399,-1,-1,-1
100,150,692.12,435.72,79.94,231.01,1.0000,-1,-1,-1
100,152,1169.78,1011.85,44.20,62.27,1.0000,-1,-1,-1
100,157,993.33,641.28,15.86,16.14,1.0000,-1,-1,-1
100,160,976.46,648.36,12.35,12.76,1.0000,-1,-1,-1
100,165,807.40,724.13,390.99,353.37,1.0000,-1,-1,-1
100,168,858.25,343.78,89.68,199.54,0.2203,-1,-1,-1
101,1,729.38,534.82,259.18,530.70,0.8998,-1,-1,-1
101,6,1082.71,692.83,31.90,33.01,0.0264,-1,-1,-1
101,7,1053.87,728.37,62.41,69.40,1.0000,-1,-1,-1
101,8,160.94,716.15,372.12,359.83,0.0282,-1,-1,-1
101,10,122.05,54.15,119.98,156.27,0.0575,-1,-1,-1
101,15,1073.92,868.36,41.05,43.59,1.0000,-1,-1,-1
101,16,1143.30,823.62,36.91,39.19,0.0250,-1,-1,-1
101,19,192.66,380.15,140.39,238.12,1.0000,-1,-1,-1
101,26,1030.67,526.59,37.58,41.32,1.0000,-1,-1,-1
101,30,1129.37,714.74,41.24,54.50,1.0000,-1,-1,-1
101,35,1096.78,599.71,30.56,32.94,0.0214,-1,-1,-1
101,62,956.73,741.58,35.06,38.43,1.0000,-1,-1,-1
101,92,1128.35,721.69,49.53,60.39,0.0838,-1,-1,-1
101,104,1150.19,755.24,25.25,25.81,1.0000,-1,-1,-1
101,117,1128.23,659.74,39.65,50.96,1.0000,-1,-1,-1
101,127,1837.63,754.80,83.01,92.19,1.0000,-1,-1,-1
101,128,1075.69,755.50,34.28,36.40,1.0000,-1,-1,-1
101,139,852.99,344.34,146.21,271.00,0.0310,-1,-1,-1
101,144,189.76,387.46,138.50,234.92,1.0000,-1,-1,-1
101,145,1042.47,474.34,81.15,60.44,0.0240,-1,-1,-1
101,150,691.98,435.65,80.14,231.57,1.0000,-1,-1,-1
101,152,1172.85,1019.15,38.85,54.73,1.0000,-1,-1,-1
101,157,986.75,641.47,14.23,14.48,1.0000,-1,-1,-1
101,160,972.51,649.64,10.77,11.13,1.0000,-1,-1,-1
101,165,803.49,702.04,415.59,375.60,1.0000,-1,-1,-1
101,168,852.43,345.43,90.98,202.48,0.1248,-1,-1,-1
102,1,727.11,531.93,260.44,534.60,0.8929,-1,-1,-1
102,6,1082.92,691.74,31.64,32.63,0.0438,-1,-1,-1
102,7,1058.23,730.23,53.55,61.67,0.0171,-1,-1,-1
102,8,170.71,715.57,376.88,360.59,0.0230,-1,-1,-1
102,10,122.85,53.85,119.62,155.99,0.0717,-1,-1,-1
102,15,1073.97,868.14,41.16,43.71,1.0000,-1,-1,-1
102,16,1143.26,823.60,37.37,39.72,0.0176,-1,-1,-1
102,19,192.66,379.56,140.58,238.45,1.0000,-1,-1,-1
102,26,1030.59,525.84,37.99,41.77,1.0000,-1,-1,-1
102,30,1129.54,714.26,41.23,54.49,1.0000,-1,-1,-1
102,35,1096.91,598.65,30.26,32.54,0.0257,-1,-1,-1
102,62,957.56,742.84,35.17,38.55,1.0000,-1,-1,-1
102,92,1128.01,720.58,49.49,60.88,0.0776,-1,-1,-1
102,104,1150.79,755.76,24.64,25.19,1.0000,-1,-1,-1
102,117,1129.05,659.53,39.77,51.11,1.0000,-1,-1,-1
102,127,1837.54,753.51,83.62,93.55,0.0105,-1,-1,-1
102,128,1075.91,754.96,34.27,36.39,1.0000,-1,-1,-1
102,139,851.56,346.13,142.87,265.02,0.0263,-1,-1,-1
102,144,189.66,387.47,138.52,234.96,1.0000,-1,-1,-1
102,145,1042.72,474.94,80.07,59.63,1.0000,-1,-1,-1
102,150,691.84,435.58,80.33,232.14,1.0000,-1,-1,-1
102,152,1175.93,1026.46,33.50,47.19,1.0000,-1,-1,-1
102,157,980.18,641.65,12.60,12.82,1.0000,-1,-1,-1
102,160,968.55,650.91,9.19,9.49,1.0000,-1,-1,-1
102,165,799.58,679.95,440.19,397.83,1.0000,-1,-1,-1
102,168,849.18,346.90,89.34,199.10,0.0499,-1,-1,-1
103,1,726.51,533.58,259.53,533.87,0.8970,-1,-1,-1
103,6,1082.79,690.75,31.49,32.24,0.0391,-1,-1,-1
103,7,1062.47,734.99,48.66,56.16,0.0497,-1,-1,-1
103,8,169.17,715.20,379.20,360.79,0.0261,-1,-1,-1
103,10,122.44,54.27,119.33,155.52,0.0758,-1,-1,-1
103,15,1074.01,867.92,41.27,43.82,1.0000,-1,-1,-1
103,16,1143.10,823.77,37.80,40.18,0.0268,-1,-1,-1
103,19,192.66,378.97,140.77,238.77,1.0000,-1,-1,-1
103,26,1030.51,525.10,38.40,42.21,1.0000,-1,-1,-1
103,30,1129.70,713.79,41.22,54.48,1.0000,-1,-1,-1
103,35,1096.96,597.76,30.33,32.56,0.0325,-1,-1,-1
103,62,958.39,744.10,35.29,38.67,1.0000,-1,-1,-1
103,92,1127.83,720.13,49.04,60.67,0.0699,-1,-1,-1
103,104,1151.40,756.27,24.04,24.57,1.0000,-1,-1,-1
103,117,1129.86,659.32,39.90,51.27,1.0000,-1,-1,-1
103,127,1837.63,753.69,83.60,93.52,1.0000,-1,-1,-1
103,128,1076.12,754.43,34.25,36.37,1.0000,-1,-1,-1
103,139,849.04,350.96,141.52,262.54,0.0433,-1,-1,-1
103,144,189.55,387.47,138.54,234.99,1.0000,-1,-1,-1
103,145,1042.97,475.54,78.98,58.82,1.0000,-1,-1,-1
103,150,691.70,435.51,80.53,232.70,1.0000,-1,-1,-1
103,152,1179.01,1033.77,28.15,39.66,1.0000,-1,-1,-1
103,157,973.60,641.83,10.97,11.16,1.0000,-1,-1,-1
103,160,964.59,652.19,7.61,7.86,1.0000,-1,-1,-1
103,165,795.67,657.85,464.79,420.06,1.0000,-1,-1,-1
103,168,841.29,353.43,101.05,227.94,0.0147,-1,-1,-1
103,171,1029.45,767.33,35.52,36.47,0.0346,-1,-1,-1
104,1,727.03,543.08,255.09,524.88,0.8653,-1,-1,-1
104,6,1082.39,690.03,31.75,32.34,0.0379,-1,-1,-1
104,7,1064.40,737.37,45.38,50.94,0.0135,-1,-1,-1
104,8,171.07,713.19,384.57,362.78,0.0187,-1,-1,-1
104,10,120.34,53.74,120.29,156.56,0.0645,-1,-1,-1
104,15,1074.06,867.70,41.38,43.94,1.0000,-1,-1,-1
104,16,1142.93,823.58,38.20,40.61,0.0333,-1,-1,-1
104,19,192.66,378.38,140.96,239.09,1.0000,-1,-1,-1
104,26,1039.91,538.07,28.41,30.87,0.0158,-1,-1,-1
104,30,1127.85,716.27,39.76,52.19,0.0397,-1,-1,-1
104,35,1096.26,597.51,30.84,33.22,0.0623,-1,-1,-1
104,62,959.22,745.36,35.40,38.80,1.0000,-1,-1,-1
104,92,1132.18,725.15,45.20,55.63,0.0553,-1,-1,-1
104,104,1152.00,756.79,23.43,23.95,1.0000,-1,-1,-1
104,117,1130.68,659.11,40.02,51.43,1.0000,-1,-1,-1
104,127,1837.73,753.87,83.57,93.49,1.0000,-1,-1,-1
104,128,1076.33,753.89,34.23,36.35,1.0000,-1,-1,-1
104,139,846.83,356.21,138.73,255.08,0.0134,-1,-1,-1
104,144,190.81,391.46,135.35,230.35,0.0186,-1,-1,-1
104,145,1043.23,476.14,77.89,58.01,1.0000,-1,-1,-1
104,150,691.55,435.44,80.73,233.27,1.0000,-1,-1,-1
104,152,1182.08,1041.07,22.80,32.12,1.0000,-1,-1,-1
104,157,978.93,627.00,30.70,31.57,0.0436,-1,-1,-1
104,160,960.64,653.47,6.04,6.23,1.0000,-1,-1,-1
104,165,791.76,635.76,489.39,442.29,1.0000,-1,-1,-1
104,168,836.77,356.26,102.86,232.02,1.0000,-1,-1,-1
104,171,1027.13,764.68,39.87,41.19,0.0196,-1,-1,-1
104,172,1004.37,576.88,27.96,31.32,0.0432,-1,-1,-1
105,1,727.89,547.65,253.26,521.42,0.8423,-1,-1,-1
105,6,1082.76,688.91,32.03,32.40,0.0163,-1,-1,-1
105,7,1064.77,736.47,45.47,51.05,1.0000,-1,-1,-1
105,8,168.18,714.27,384.67,361.75,0.0388,-1,-1,-1
105,10,120.57,52.82,120.76,157.37,0.0557,-1,-1,-1
105,15,1074.69,867.19,38.70,41.09,0.0119,-1,-1,-1
105,16,1143.08,823.92,37.88,40.26,0.0452,-1,-1,-1
105,19,192.66,377.79,141.15,239.42,1.0000,-1,-1,-1
105,26,1041.09,539.24,27.17,29.48,0.0224,-1,-1,-1
105,30,1127.76,715.99,44.85,59.57,0.0300,-1,-1,-1
105,35,1096.16,597.60,30.76,33.00,0.0661,-1,-1,-1
105,62,960.05,746.62,35.51,38.92,1.0000,-1,-1,-1
105,92,1135.11,726.47,43.71,53.93,0.0336,-1,-1,-1
105,104,1152.61,757.31,22.82,23.32,1.0000,-1,-1,-1
105,117,1131.49,658.90,40.14,51.58,1.0000,-1,-1,-1
105,127,1837.82,754.05,83.55,93.46,1.0000,-1,-1,-1
105,128,1076.55,753.35,34.22,36.33,1.0000,-1,-1,-1
105,139,846.15,362.11,135.88,247.81,0.0307,-1,-1,-1
105,144,192.36,392.98,134.24,229.37,0.0236,-1,-1,-1
105,145,1043.48,476.75,76.81,57.21,1.0000,-1,-1,-1
105,150,691.41,435.38,80.92,233.83,1.0000,-1,-1,-1
105,152,1185.16,1048.38,17.45,24.58,1.0000,-1,-1,-1
105,157,973.15,626.16,30.54,31.40,1.0000,-1,-1,-1
105,160,985.89,618.01,29.47,30.67,0.0838,-1,-1,-1
105,165,787.85,613.67,513.98,464.52,1.0000,-1,-1,-1
105,168,832.25,359.10,104.67,236.10,1.0000,-1,-1,-1
105,171,1026.59,766.73,40.69,42.04,1.0000,-1,-1,-1
105,172,1005.19,577.30,28.56,31.99,0.0330,-1,-1,-1
106,1,728.04,550.12,251.94,518.63,0.8764,-1,-1,-1
106,6,1081.83,689.04,36.61,37.62,0.0162,-1,-1,-1
106,7,1065.14,735.57,45.57,51.15,1.0000,-1,-1,-1
106,8,167.25,713.61,387.71,363.07,0.0298,-1,-1,-1
106,10,121.91,53.28,119.84,156.48,0.0436,-1,-1,-1
106,15,1074.39,867.02,38.51,40.93,0.0198,-1,-1,-1
106,16,1142.33,823.72,38.34,40.74,0.0618,-1,-1,-1
106,19,192.66,377.20,141.34,239.74,1.0000,-1,-1,-1
106,26,1041.16,539.52,27.37,29.60,0.0433,-1,-1,-1
106,30,1127.66,716.38,44.98,60.32,0.0383,-1,-1,-1
106,35,1096.18,597.85,30.23,32.27,0.0856,-1,-1,-1
106,62,960.88,747.88,35.63,39.05,1.0000,-1,-1,-1
106,92,1136.81,729.29,41.43,50.90,0.0424,-1,-1,-1
106,104,1153.21,757.83,22.21,22.70,1.0000,-1,-1,-1
106,117,1120.49,658.34,37.67,48.36,0.0105,-1,-1,-1
106,127,1837.91,754.22,83.52,93.43,1.0000,-1,-1,-1
106,128,1076.76,752.81,34.20,36.32,1.0000,-1,-1,-1
106,139,841.90,367.29,134.86,243.80,0.0887,-1,-1,-1
106,144,192.10,393.04,133.30,228.22,0.0361,-1,-1,-1
106,145,1043.73,477.35,75.72,56.40,1.0000,-1,-1,-1
106,150,691.27,435.31,81.12,234.40,1.0000,-1,-1,-1
106,152,1188.24,1055.69,12.10,17.05,1.0000,-1,-1,-1
106,157,967.36,625.33,30.38,31.24,1.0000,-1,-1,-1
106,160,987.48,613.75,29.94,31.14,0.0503,-1,-1,-1
106,165,783.94,591.57,538.58,486.75,1.0000,-1,-1,-1
106,168,827.73,361.94,106.48,240.18,1.0000,-1,-1,-1
106,171,1026.05,768.78,41.51,42.89,1.0000,-1,-1,-1
106,172,1003.38,578.24,33.26,37.38,0.0485,-1,-1,-1
107,1,727.14,548.25,252.50,520.58,0.8628,-1,-1,-1
107,6,1081.79,688.58,37.07,38.09,1.0000,-1,-1,-1
107,7,1065.50,734.67,45.66,51.26,1.0000,-1,-1,-1
107,8,166.30,712.66,390.33,363.74,0.0183,-1,-1,-1
107,10,121.56,52.24,119.98,156.92,0.0384,-1,-1,-1
107,15,1073.86,866.50,38.69,41.30,0.0266,-1,-1,-1
107,16,1142.01,822.81,38.51,40.96,0.0637,-1,-1,-1
107,19,192.66,376.61,141.53,240.06,1.0000,-1,-1,-1
107,26,1041.10,539.14,27.20,29.36,0.0457,-1,-1,-1
107,30,1127.83,712.27,43.70,58.43,0.0114,-1,-1,-1
107,35,1089.34,597.95,35.80,37.78,0.0408,-1,-1,-1
107,62,961.72,749.14,35.74,39.17,1.0000,-1,-1,-1
107,92,1136.29,729.35,41.44,50.56,0.0390,-1,-1,-1
107,104,1153.82,758.34,21.60,22.08,1.0000,-1,-1,-1
107,117,1120.64,658.11,37.65,48.32,1.0000,-1,-1,-1
107,127,1838.01,754.40,83.50,93.40,1.0000,-1,-1,-1
107,128,1076.98,752.28,34.18,36.30,1.0000,-1,-1,-1
107,139,834.32,367.61,135.58,242.65,0.0384,-1,-1,-1
107,144,190.89,389.67,134.43,230.05,0.0225,-1,-1,-1
107,145,1043.99,477.95,74.63,55.59,1.0000,-1,-1,-1
107,150,691.13,435.24,81.31,234.96,1.0000,-1,-1,-1
107,152,1191.31,1062.99,6.75,9.51,1.0000,-1,-1,-1
107,157,961.58,624.49,30.22,31.07,1.0000,-1,-1,-1
107,160,985.56,612.53,30.00,31.20,1.0000,-1,-1,-1
107,165,780.04,569.48,563.18,508.98,1.0000,-1,-1,-1
107,168,823.21,364.77,108.29,244.26,1.0000,-1,-1,-1
107,171,1025.51,770.83,42.33,43.74,1.0000,-1,-1,-1
107,172,1001.91,580.00,36.99,41.82,0.0150,-1,-1,-1
107,178,1079.53,600.70,32.20,38.44,0.0946,-1,-1,-1
108,1,725.59,544.06,254.10,525.49,0.8330,-1,-1,-1
108,6,1081.76,688.13,37.52,38.55,1.0000,-1,-1,-1
108,7,1065.87,733.77,45.75,51.36,1.0000,-1,-1,-1
108,8,165.67,710.65,394.23,365.55,0.0147,-1,-1,-1
108,10,120.47,52.65,119.64,156.34,0.0363,-1,-1,-1
108,15,1073.63,866.25,38.42,41.20,0.0218,-1,-1,-1
108,16,1141.49,822.21,38.61,41.12,0.0659,-1,-1,-1
108,19,192.66,376.02,141.72,240.39,1.0000,-1,-1,-1
108,26,1040.27,538.44,27.62,29.92,0.0581,-1,-1,-1
108,30,1127.79,711.75,43.98,58.81,1.0000,-1,-1,-1
108,35,1083.30,596.82,38.97,40.00,0.0346,-1,-1,-1
108,62,962.55,750.40,35.85,39.29,1.0000,-1,-1,-1
108,92,1136.66,730.43,40.52,49.02,0.0354,-1,-1,-1
108,104,1154.42,758.86,20.99,21.45,1.0000,-1,-1,-1
108,117,1120.79,657.88,37.62,48.29,1.0000,-1,-1,-1
108,127,1838.10,754.58,83.47,93.38,1.0000,-1,-1,-1
108,128,1077.19,751.74,34.17,36.28,1.0000,-1,-1,-1
108,139,829.08,367.93,133.74,237.31,0.0561,-1,-1,-1
108,144,189.53,387.06,135.35,230.91,0.0214,-1,-1,-1
108,145,1044.24,478.55,73.55,54.78,1.0000,-1,-1,-1
108,150,690.98,435.17,81.51,235.53,1.0000,-1,-1,-1
108,152,1194.39,1070.30,1.40,1.97,1.0000,-1,-1,-1
108,157,955.80,623.65,30.06,30.91,1.0000,-1,-1,-1
108,160,983.63,611.31,30.06,31.27,1.0000,-1,-1,-1
108,165,776.13,547.39,587.78,531.21,1.0000,-1,-1,-1
108,168,818.69,367.61,110.10,248.34,1.0000,-1,-1,-1
108,171,1024.97,772.88,43.15,44.59,1.0000,-1,-1,-1
108,172,1000.30,580.38,40.61,46.36,0.0435,-1,-1,-1
108,178,1076.63,602.54,32.71,39.06,1.0000,-1,-1,-1
109,1,725.22,542.20,253.56,526.55,0.9207,-1,-1,-1
109,6,1081.63,685.26,33.71,34.48,0.0662,-1,-1,-1
109,7,1066.24,732.87,45.85,51.47,1.0000,-1,-1,-1
109,8,166.30,710.15,394.78,366.06,1.0000,-1,-1,-1
109,10,119.12,52.65,119.85,156.09,0.0377,-1,-1,-1
109,15,1073.66,866.45,37.63,40.52,0.0220,-1,-1,-1
109,16,1140.75,821.90,38.82,41.37,0.0772,-1,-1,-1
109,19,192.66,375.43,141.91,240.71,1.0000,-1,-1,-1
109,26,1040.28,538.99,27.03,29.26,0.1293,-1,-1,-1
109,30,1129.25,716.55,44.54,59.66,0.0391,-1,-1,-1
109,35,1081.90,596.27,39.67,40.13,0.0427,-1,-1,-1
109,62,963.38,751.66,35.96,39.42,1.0000,-1,-1,-1
109,92,1137.82,734.33,37.99,45.21,0.0759,-1,-1,-1
109,104,1155.03,759.38,20.38,20.83,1.0000,-1,-1,-1
109,117,1120.94,657.65,37.59,48.26,1.0000,-1,-1,-1
109,127,1838.20,754.76,83.45,93.35,1.0000,-1,-1,-1
109,128,1077.41,751.20,34.15,36.26,1.0000,-1,-1,-1
109,139,825.99,369.48,129.01,230.94,0.0235,-1,-1,-1
109,144,189.39,388.38,134.75,229.75,0.0112,-1,-1,-1
109,145,1044.49,479.15,72.46,53.97,1.0000,-1,-1,-1
109,150,690.84,435.10,81.70,236.09,1.0000,-1,-1,-1
109,152,1197.47,1077.61,-3.95,-5.56,1.0000,-1,-1,-1
109,157,950.02,622.82,29.90,30.74,1.0000,-1,-1,-1
109,160,981.70,610.09,30.13,31.34,1.0000,-1,-1,-1
109,165,772.22,525.29,612.37,553.44,1.0000,-1,-1,-1
109,168,814.17,370.45,111.91,252.42,1.0000,-1,-1,-1
109,171,1024.43,774.93,43.98,45.44,1.0000,-1,-1,-1
109,172,1001.92,579.30,40.68,47.11,0.1585,-1,-1,-1
109,178,1073.73,604.39,33.23,39.67,1.0000,-1,-1,-1
109,186,971.96,473.27,31.65,31.93,0.0350,-1,-1,-1
110,1,724.61,536.60,254.17,530.75,0.9013,-1,-1,-1
110,6,1082.06,682.01,32.77,33.39,0.0936,-1,-1,-1
110,7,1066.60,731.98,45.94,51.57,1.0000,-1,-1,-1
110,8,163.72,710.58,395.21,365.54,0.0177,-1,-1,-1
110,10,118.66,52.44,119.93,155.73,0.0398,-1,-1,-1
110,15,1073.82,866.25,37.48,40.48,0.0222,-1,-1,-1
110,16,1141.25,821.53,38.36,40.98,0.0608,-1,-1,-1
110,19,192.66,374.84,142.10,241.03,1.0000,-1,-1,-1
110,26,1039.75,538.08,28.21,30.42,0.0800,-1,-1,-1
110,30,1129.38,716.72,44.83,60.00,0.0164,-1,-1,-1
110,35,1083.20,595.68,38.93,39.09,0.0510,-1,-1,-1
110,62,964.21,752.92,36.08,39.54,1.0000,-1,-1,-1
110,92,1138.52,736.06,37.02,43.27,0.0377,-1,-1,-1
110,104,1155.63,759.89,19.77,20.21,1.0000,-1,-1,-1
110,117,1121.09,657.41,37.57,48.22,1.0000,-1,-1,-1
110,127,1838.29,754.94,83.42,93.32,1.0000,-1,-1,-1
110,128,1077.62,750.66,34.13,36.24,1.0000,-1,-1,-1
110,139,821.80,373.36,123.85,222.31,0.0259,-1,-1,-1
110,144,189.50,389.13,134.02,228.33,0.0139,-1,-1,-1
110,145,1044.74,479.75,71.38,53.16,1.0000,-1,-1,-1
110,150,690.70,435.03,81.90,236.66,1.0000,-1,-1,-1
110,152,1200.54,1084.92,-9.30,-13.10,1.0000,-1,-1,-1
110,157,944.24,621.98,29.74,30.58,1.0000,-1,-1,-1
110,160,979.77,608.87,30.19,31.40,1.0000,-1,-1,-1
110,165,768.31,503.20,636.97,575.68,1.0000,-1,-1,-1
110,168,809.65,373.28,113.71,256.50,1.0000,-1,-1,-1
110,171,1023.89,776.98,44.80,46.29,1.0000,-1,-1,-1
110,172,1004.20,577.40,41.11,48.38,0.0429,-1,-1,-1
110,178,1070.83,606.23,33.74,40.29,1.0000,-1,-1,-1
110,186,963.25,478.50,29.21,29.50,0.0820,-1,-1,-1
111,1,724.05,528.77,255.24,536.86,0.9138,-1,-1,-1
111,6,1080.82,679.16,33.37,34.07,0.0892,-1,-1,-1
111,7,1066.97,731.08,46.03,51.68,1.0000,-1,-1,-1
111,8,161.96,709.77,396.50,366.15,0.0100,-1,-1,-1
111,10,119.02,48.42,122.50,159.74,0.0434,-1,-1,-1
111,15,1073.80,866.42,37.50,40.62,0.0314,-1,-1,-1
111,16,1141.41,821.61,38.23,40.90,0.0552,-1,-1,-1
111,19,192.66,374.25,142.29,241.36,1.0000,-1,-1,-1
111,26,1039.00,537.86,28.66,30.70,0.0811,-1,-1,-1
111,30,1129.29,716.69,44.41,59.43,0.0330,-1,-1,-1
111,35,1084.01,595.43,40.37,40.85,0.0702,-1,-1,-1
111,62,965.04,754.18,36.19,39.67,1.0000,-1,-1,-1
111,92,1137.18,734.66,38.86,44.95,0.0573,-1,-1,-1
111,104,1156.24,760.41,19.16,19.59,1.0000,-1,-1,-1
111,117,1121.24,657.18,37.54,48.19,1.0000,-1,-1,-1
111,127,1838.38,755.11,83.40,93.29,1.0000,-1,-1,-1
111,128,1077.84,750.13,34.12,36.23,1.0000,-1,-1,-1
111,139,818.88,376.85,121.40,216.93,0.0560,-1,-1,-1
111,144,189.82,388.95,133.36,226.72,0.0124,-1,-1,-1
111,145,1045.00,480.35,70.29,52.35,1.0000,-1,-1,-1
111,150,690.56,434.97,82.09,237.22,1.0000,-1,-1,-1
111,152,1203.62,1092.22,-14.65,-20.64,1.0000,-1,-1,-1
111,157,938.46,621.15,29.58,30.41,1.0000,-1,-1,-1
111,160,977.84,607.65,30.25,31.47,1.0000,-1,-1,-1
111,165,764.40,481.10,661.57,597.91,1.0000,-1,-1,-1
111,168,805.12,376.12,115.52,260.58,1.0000,-1,-1,-1
111,171,1023.35,779.04,45.62,47.14,1.0000,-1,-1,-1
111,172,1006.18,575.02,41.90,50.11,0.0296,-1,-1,-1
111,178,1067.93,608.08,34.26,40.90,1.0000,-1,-1,-1
111,186,956.98,483.31,27.54,27.95,0.0208,-1,-1,-1
111,190,1030.03,580.60,43.79,44.63,0.0406,-1,-1,-1
112,1,722.81,518.76,257.26,545.29,0.9087,-1,-1,-1
112,6,1080.52,676.46,34.08,34.91,0.1260,-1,-1,-1
112,7,1067.34,730.18,46.13,51.78,1.0000,-1,-1,-1
112,8,164.38,709.80,398.02,366.02,0.0117,-1,-1,-1
112,10,118.22,50.70,121.03,157.25,0.0464,-1,-1,-1
112,15,1073.95,866.30,37.46,40.73,0.0309,-1,-1,-1
112,16,1142.21,821.94,37.76,40.42,0.0375,-1,-1,-1
112,19,192.65,373.66,142.48,241.68,1.0000,-1,-1,-1
112,26,1039.18,537.89,28.66,30.58,0.0644,-1,-1,-1
112,30,1129.38,716.71,44.64,59.74,1.0000,-1,-1,-1
112,35,1083.20,595.03,41.06,41.55,1.0000,-1,-1,-1
112,62,965.87,755.44,36.30,39.79,1.0000,-1,-1,-1
112,92,1134.85,730.79,42.35,48.94,0.0382,-1,-1,-1
112,104,1156.84,760.93,18.55,18.96,1.0000,-1,-1,-1
112,117,1117.53,657.20,46.00,59.73,0.0158,-1,-1,-1
112,127,1838.48,755.29,83.37,93.26,1.0000,-1,-1,-1
112,128,1078.05,749.59,34.10,36.21,1.0000,-1,-1,-1
112,139,816.90,379.84,120.47,213.70,0.0338,-1,-1,-1
112,144,189.99,389.30,133.69,226.78,0.0136,-1,-1,-1
112,145,1045.25,480.96,69.20,51.54,1.0000,-1,-1,-1
112,150,690.42,434.90,82.29,237.79,1.0000,-1,-1,-1
112,152,1206.70,1099.53,-20.00,-28.17,1.0000,-1,-1,-1
112,157,932.67,620.31,29.42,30.25,1.0000,-1,-1,-1
112,160,975.91,606.42,30.32,31.53,1.0000,-1,-1,-1
112,165,760.49,459.01,686.17,620.14,1.0000,-1,-1,-1
112,168,800.60,378.95,117.33,264.66,1.0000,-1,-1,-1
112,171,1022.81,781.09,46.44,47.99,1.0000,-1,-1,-1
112,172,1006.31,575.00,43.73,52.30,1.0000,-1,-1,-1
112,178,1085.43,595.93,40.83,49.04,0.0152,-1,-1,-1
112,186,951.21,487.11,26.19,26.58,1.0000,-1,-1,-1
112,190,1019.86,573.21,49.23,50.15,0.0257,-1,-1,-1
113,1,722.17,509.46,258.94,552.54,0.9090,-1,-1,-1
113,6,1080.69,673.57,33.93,34.84,0.0664,-1,-1,-1
113,7,1067.70,729.28,46.22,51.89,1.0000,-1,-1,-1
113,8,159.21,710.13,397.47,365.63,0.0132,-1,-1,-1
113,10,119.89,47.35,122.75,160.57,0.0385,-1,-1,-1
113,15,1074.38,866.44,36.68,39.94,0.0163,-1,-1,-1
113,16,1143.42,822.10,36.77,39.30,0.0359,-1,-1,-1
113,19,192.65,373.07,142.68,242.00,1.0000,-1,-1,-1
113,26,1039.04,538.01,28.76,30.48,0.0445,-1,-1,-1
113,30,1130.01,716.26,42.10,56.37,0.0128,-1,-1,-1
113,35,1082.39,594.63,41.76,42.25,1.0000,-1,-1,-1
113,92,1136.32,732.65,40.61,46.62,0.0196,-1,-1,-1
113,104,1157.44,761.45,17.94,18.34,1.0000,-1,-1,-1
113,117,1117.32,656.99,46.77,60.73,1.0000,-1,-1,-1
113,127,1838.57,755.47,83.35,93.24,1.0000,-1,-1,-1
113,128,1078.27,749.05,34.08,36.19,1.0000,-1,-1,-1
113,139,817.79,382.25,118.04,208.47,0.0155,-1,-1,-1
113,144,190.65,389.78,133.72,226.48,0.0189,-1,-1,-1
113,145,1045.50,481.56,68.12,50.73,1.0000,-1,-1,-1
113,150,690.27,434.83,82.48,238.35,1.0000,-1,-1,-1
113,152,1209.78,1106.84,-25.35,-35.71,1.0000,-1,-1,-1
113,157,926.89,619.47,29.26,30.08,1.0000,-1,-1,-1
113,160,973.99,605.20,30.38,31.60,1.0000,-1,-1,-1
113,165,756.58,436.92,710.76,642.37,1.0000,-1,-1,-1
113,168,796.08,381.79,119.14,268.74,1.0000,-1,-1,-1
113,171,1022.27,783.14,47.26,48.84,1.0000,-1,-1,-1
113,172,1006.45,574.98,45.56,54.49,1.0000,-1,-1,-1
113,178,1089.25,596.14,42.19,51.34,0.0136,-1,-1,-1
113,186,945.44,490.91,24.84,25.21,1.0000,-1,-1,-1
113,190,1017.24,569.59,51.24,52.50,0.0193,-1,-1,-1
114,1,722.78,502.43,260.11,557.91,0.9327,-1,-1,-1
114,6,1081.27,669.79,34.11,35.42,0.0375,-1,-1,-1
114,7,1068.07,728.38,46.31,51.99,1.0000,-1,-1,-1
114,8,157.56,710.64,396.73,365.24,0.0177,-1,-1,-1
114,10,120.57,46.17,122.95,161.90,0.0362,-1,-1,-1
114,15,1073.85,866.25,37.06,40.42,0.0234,-1,-1,-1
114,16,1143.46,822.00,36.97,39.55,0.0548,-1,-1,-1
114,19,192.65,372.48,142.87,242.33,1.0000,-1,-1,-1
114,26,1038.21,537.94,29.21,31.04,0.0392,-1,-1,-1
114,30,1129.51,716.11,43.95,59.17,0.0160,-1,-1,-1
114,35,1081.58,594.24,42.46,42.96,1.0000,-1,-1,-1
114,92,1136.51,733.00,40.10,45.74,0.0259,-1,-1,-1
114,104,1158.05,761.96,17.34,17.72,1.0000,-1,-1,-1
114,117,1117.11,656.78,47.54,61.73,1.0000,-1,-1,-1
114,127,1838.67,755.65,83.32,93.21,1.0000,-1,-1,-1
114,128,1078.48,748.51,34.07,36.17,1.0000,-1,-1,-1
114,139,817.61,385.55,117.00,204.51,0.0205,-1,-1,-1
114,144,190.90,388.74,134.66,228.01,0.0173,-1,-1,-1
114,145,1045.76,482.16,67.03,49.92,1.0000,-1,-1,-1
114,152,1212.85,1114.14,-30.70,-43.25,1.0000,-1,-1,-1
114,157,921.11,618.64,29.10,29.92,1.0000,-1,-1,-1
114,160,972.06,603.98,30.45,31.67,1.0000,-1,-1,-1
114,165,752.68,414.82,735.36,664.60,1.0000,-1,-1,-1
114,168,791.56,384.63,120.95,272.82,1.0000,-1,-1,-1
114,171,1021.73,785.19,48.09,49.69,1.0000,-1,-1,-1
114,172,1006.58,574.96,47.39,56.68,1.0000,-1,-1,-1
114,178,1092.59,595.79,42.02,51.44,0.0125,-1,-1,-1
114,186,939.67,494.70,23.50,23.85,1.0000,-1,-1,-1
114,190,1017.31,567.55,49.41,51.29,0.0300,-1,-1,-1
115,1,723.14,496.46,261.66,562.91,0.9105,-1,-1,-1
115,6,1080.93,665.62,33.97,35.63,0.0258,-1,-1,-1
115,7,1068.44,727.48,46.41,52.10,1.0000,-1,-1,-1
115,8,150.58,710.87,393.79,365.14,0.0238,-1,-1,-1
115,10,120.16,49.56,120.70,158.47,0.0362,-1,-1,-1
115,15,1073.87,866.19,36.92,40.33,0.0181,-1,-1,-1
115,16,1143.23,822.37,36.80,39.30,0.0440,-1,-1,-1
115,19,192.65,371.89,143.06,242.65,1.0000,-1,-1,-1
115,26,1037.82,538.10,29.56,31.49,0.0471,-1,-1,-1
115,30,1129.56,716.06,44.14,59.42,1.0000,-1,-1,-1
115,35,1080.77,593.84,43.15,43.66,1.0000,-1,-1,-1
115,92,1135.29,731.14,41.49,47.31,0.0170,-1,-1,-1
115,117,1116.89,656.57,48.31,62.73,1.0000,-1,-1,-1
115,127,1838.76,755.83,83.30,93.18,1.0000,-1,-1,-1
115,128,1078.70,747.98,34.05,36.16,1.0000,-1,-1,-1
115,139,816.21,387.91,114.74,200.56,1.0000,-1,-1,-1
115,144,190.54,387.20,135.91,229.95,0.0128,-1,-1,-1
115,145,1046.01,482.76,65.94,49.12,1.0000,-1,-1,-1
115,157,915.33,617.80,28.94,29.75,1.0000,-1,-1,-1
115,160,970.13,602.76,30.51,31.73,1.0000,-1,-1,-1
115,165,748.77,392.73,759.96,686.83,1.0000,-1,-1,-1
115,168,787.04,387.46,122.76,276.90,1.0000,-1,-1,-1
115,171,1021.19,787.24,48.91,50.53,1.0000,-1,-1,-1
115,172,1006.72,574.94,49.22,58.87,1.0000,-1,-1,-1
115,178,1093.40,595.60,43.34,53.05,1.0000,-1,-1,-1
115,186,933.90,498.50,22.15,22.48,1.0000,-1,-1,-1
115,190,1021.73,575.96,40.27,42.18,0.0377,-1,-1,-1
115,192,593.37,376.65,63.07,47.56,0.0130,-1,-1,-1
116,1,722.67,490.89,262.86,567.22,0.9253,-1,-1,-1
116,6,1081.79,662.78,32.91,34.71,0.0231,-1,-1,-1
116,7,1068.80,726.58,46.50,52.20,1.0000,-1,-1,-1
116,8,150.62,710.85,392.84,365.22,0.0182,-1,-1,-1
116,10,120.72,51.90,118.80,155.49,0.0336,-1,-1,-1
116,15,1074.02,866.32,36.57,39.95,0.0212,-1,-1,-1
116,16,1143.06,822.65,36.25,38.64,0.0360,-1,-1,-1
116,19,192.65,371.30,143.25,242.97,1.0000,-1,-1,-1
116,26,1038.12,538.71,29.25,31.26,0.0307,-1,-1,-1
116,30,1129.61,716.02,44.32,59.68,1.0000,-1,-1,-1
116,35,1079.96,593.45,43.85,44.36,1.0000,-1,-1,-1
116,92,1135.20,731.57,41.12,46.70,0.0159,-1,-1,-1
116,117,1116.68,656.37,49.08,63.72,1.0000,-1,-1,-1
116,127,1838.85,756.01,83.27,93.15,1.0000,-1,-1,-1
116,128,1078.91,747.44,34.03,36.14,1.0000,-1,-1,-1
116,139,814.80,390.28,112.48,196.61,1.0000,-1,-1,-1
116,144,190.66,387.12,135.77,229.76,0.0117,-1,-1,-1
116,145,1046.26,483.36,64.86,48.31,1.0000,-1,-1,-1
116,157,909.55,616.97,28.78,29.59,1.0000,-1,-1,-1
116,160,968.20,601.54,30.57,31.80,1.0000,-1,-1,-1
116,165,744.86,370.64,784.56,709.06,1.0000,-1,-1,-1
116,168,782.52,390.30,124.57,280.98,1.0000,-1,-1,-1
116,171,1020.65,789.29,49.73,51.38,1.0000,-1,-1,-1
116,172,1022.84,580.37,38.10,46.58,0.0209,-1,-1,-1
116,178,1094.21,595.41,44.66,54.67,1.0000,-1,-1,-1
116,186,928.14,502.30,20.80,21.11,1.0000,-1,-1,-1
116,190,1018.75,572.92,40.74,42.67,1.0000,-1,-1,-1
116,192,594.01,377.84,63.03,47.52,0.0124,-1,-1,-1
117,1,722.52,486.47,264.19,571.37,0.9345,-1,-1,-1
117,6,1081.90,660.61,32.44,34.29,0.0241,-1,-1,-1
117,7,1069.17,725.69,46.59,52.31,1.0000,-1,-1,-1
117,8,155.86,710.38,394.66,365.69,0.0149,-1,-1,-1
117,10,121.19,47.90,120.91,159.17,0.0287,-1,-1,-1
117,15,1073.70,866.33,36.94,40.44,0.0318,-1,-1,-1
117,16,1141.77,823.19,36.83,39.22,0.0641,-1,-1,-1
117,19,192.65,370.71,143.44,243.29,1.0000,-1,-1,-1
117,26,1037.83,538.49,29.20,31.31,0.0237,-1,-1,-1
117,30,1129.67,715.97,44.51,59.93,1.0000,-1,-1,-1
117,35,1079.15,593.05,44.54,45.07,1.0000,-1,-1,-1
117,92,1134.85,732.65,41.20,46.57,0.0268,-1,-1,-1
117,117,1116.47,656.16,49.85,64.72,1.0000,-1,-1,-1
117,127,1838.95,756.18,83.25,93.12,1.0000,-1,-1,-1
117,128,1079.12,746.90,34.02,36.12,1.0000,-1,-1,-1
117,139,813.39,392.64,110.22,192.66,1.0000,-1,-1,-1
117,144,190.98,387.87,135.28,229.10,0.0105,-1,-1,-1
117,145,1046.52,483.96,63.77,47.50,1.0000,-1,-1,-1
117,157,903.76,616.13,28.62,29.42,1.0000,-1,-1,-1
117,160,966.27,600.31,30.64,31.87,1.0000,-1,-1,-1
117,165,740.95,348.54,809.16,731.29,1.0000,-1,-1,-1
117,168,778.00,393.13,126.38,285.06,1.0000,-1,-1,-1
117,171,1020.11,791.34,50.55,52.23,1.0000,-1,-1,-1
117,172,1025.93,583.45,35.30,42.61,0.0154,-1,-1,-1
117,178,1095.01,595.22,45.98,56.29,1.0000,-1,-1,-1
117,186,922.37,506.09,19.46,19.75,1.0000,-1,-1,-1
117,190,1015.77,569.87,41.21,43.17,1.0000,-1,-1,-1
117,192,593.76,377.37,62.74,47.31,0.0113,-1,-1,-1
117,194,769.65,159.58,73.80,66.41,0.0115,-1,-1,-1
118,1,720.47,479.22,265.69,576.65,0.9187,-1,-1,-1
118,6,1081.34,658.85,32.11,33.97,0.0479,-1,-1,-1
118,7,1069.54,724.79,46.69,52.41,1.0000,-1,-1,-1
118,8,155.51,710.19,394.87,365.89,1.0000,-1,-1,-1
118,10,120.96,51.21,118.79,155.79,0.0331,-1,-1,-1
118,15,1073.12,866.55,37.47,41.16,0.0541,-1,-1,-1
118,16,1140.33,823.63,37.57,39.95,0.0870,-1,-1,-1
118,19,192.65,370.12,143.63,243.62,1.0000,-1,-1,-1
118,26,1037.64,539.03,28.83,30.63,0.0208,-1,-1,-1
118,30,1129.72,715.93,44.70,60.18,1.0000,-1,-1,-1
118,35,1078.34,592.65,45.24,45.77,1.0000,-1,-1,-1
118,92,1133.85,733.04,41.85,47.27,0.0268,-1,-1,-1
118,117,1116.25,655.95,50.62,65.72,1.0000,-1,-1,-1
118,127,1839.04,756.36,83.22,93.10,1.0000,-1,-1,-1
118,128,1079.34,746.36,34.00,36.10,1.0000,-1,-1,-1
118,139,811.98,395.01,107.96,188.71,1.0000,-1,-1,-1
118,144,191.05,387.76,135.23,229.03,1.0000,-1,-1,-1
118,145,1046.77,484.56,62.69,46.69,1.0000,-1,-1,-1
118,157,897.98,615.29,28.46,29.26,1.0000,-1,-1,-1
118,160,964.34,599.09,30.70,31.93,1.0000,-1,-1,-1
118,165,737.04,326.45,833.75,753.52,1.0000,-1,-1,-1
118,168,773.48,395.97,128.18,289.14,1.0000,-1,-1,-1
118,171,1019.57,793.39,51.37,53.08,1.0000,-1,-1,-1
118,172,1027.48,584.12,35.76,43.17,1.0000,-1,-1,-1
118,178,1093.19,597.24,38.85,48.28,0.0332,-1,-1,-1
118,186,916.60,509.89,18.11,18.38,1.0000,-1,-1,-1
118,190,1018.40,566.68,46.24,48.70,0.0119,-1,-1,-1
118,192,592.75,378.50,61.49,46.37,0.0158,-1,-1,-1
118,194,769.56,159.66,73.35,66.01,1.0000,-1,-1,-1
119,1,719.22,470.30,267.91,584.10,0.9149,-1,-1,-1
119,6,1081.53,656.94,31.41,33.09,0.0351,-1,-1,-1
119,7,1069.90,723.89,46.78,52.52,1.0000,-1,-1,-1
119,8,155.16,710.00,395.09,366.08,1.0000,-1,-1,-1
119,10,120.60,51.89,118.65,155.22,0.0356,-1,-1,-1
119,15,1073.00,866.63,37.74,41.61,0.0532,-1,-1,-1
119,16,1139.83,823.63,38.03,40.40,0.1079,-1,-1,-1
119,19,192.65,369.53,143.82,243.94,1.0000,-1,-1,-1
119,26,1038.31,539.45,28.89,30.68,0.0546,-1,-1,-1
119,30,1128.48,718.86,42.22,57.30,0.0175,-1,-1,-1
119,35,1077.53,592.26,45.93,46.47,1.0000,-1,-1,-1
119,92,1134.66,735.44,40.21,45.10,0.0388,-1,-1,-1
119,117,1116.04,655.74,51.39,66.72,1.0000,-1,-1,-1
119,127,1839.14,756.54,83.20,93.07,1.0000,-1,-1,-1
119,128,1079.55,745.83,33.99,36.09,1.0000,-1,-1,-1
119,139,810.57,397.38,105.70,184.76,1.0000,-1,-1,-1
119,144,191.12,387.66,135.19,228.96,1.0000,-1,-1,-1
119,145,1047.02,485.17,61.60,45.88,1.0000,-1,-1,-1
119,157,892.20,614.46,28.30,29.09,1.0000,-1,-1,-1
119,160,962.42,597.87,30.76,32.00,1.0000,-1,-1,-1
119,165,733.13,304.36,858.35,775.75,1.0000,-1,-1,-1
119,168,768.96,398.81,129.99,293.22,1.0000,-1,-1,-1
119,171,1019.03,795.44,52.19,53.93,1.0000,-1,-1,-1
119,172,1038.31,579.81,31.60,38.18,0.0462,-1,-1,-1
119,178,1090.66,597.37,39.58,50.17,0.0487,-1,-1,-1
119,186,910.83,513.68,16.76,17.01,1.0000,-1,-1,-1
119,190,1014.15,565.68,38.92,41.15,0.0695,-1,-1,-1
119,192,592.66,378.59,61.16,46.16,0.0124,-1,-1,-1
119,194,769.48,159.73,72.89,65.60,1.0000,-1,-1,-1
120,1,717.32,464.99,267.55,586.25,0.9165,-1,-1,-1
120,6,1081.57,656.13,29.59,30.85,0.0529,-1,-1,-1
120,7,1070.27,722.99,46.87,52.62,1.0000,-1,-1,-1
120,8,154.81,709.80,395.30,366.28,1.0000,-1,-1,-1
120,10,121.01,47.89,120.86,158.97,0.0330,-1,-1,-1
120,15,1072.25,867.12,38.29,42.28,0.0718,-1,-1,-1
120,16,1138.89,824.28,38.64,41.00,0.0849,-1,-1,-1
120,26,1037.12,540.74,30.13,32.11,0.0393,-1,-1,-1
120,30,1128.56,719.57,39.87,54.00,0.0244,-1,-1,-1
120,35,1076.72,591.86,46.63,47.18,1.0000,-1,-1,-1
120,92,1134.05,736.39,40.36,45.15,0.0622,-1,-1,-1
120,117,1115.83,655.53,52.16,67.72,1.0000,-1,-1,-1
120,127,1839.23,756.72,83.17,93.04,1.0000,-1,-1,-1
120,128,1079.77,745.29,33.97,36.07,1.0000,-1,-1,-1
120,139,809.16,399.74,103.44,180.81,1.0000,-1,-1,-1
120,144,191.19,387.55,135.15,228.88,1.0000,-1,-1,-1
120,145,1047.27,485.77,60.51,45.07,1.0000,-1,-1,-1
120,157,886.42,613.62,28.14,28.93,1.0000,-1,-1,-1
120,160,960.49,596.65,30.83,32.06,1.0000,-1,-1,-1
120,165,729.22,282.26,882.95,797.98,1.0000,-1,-1,-1
120,168,764.44,401.64,131.80,297.30,1.0000,-1,-1,-1
120,171,1018.49,797.49,53.02,54.78,1.0000,-1,-1,-1
120,172,1042.59,581.51,28.75,34.54,0.0907,-1,-1,-1
120,178,1088.03,597.60,40.25,51.87,0.0334,-1,-1,-1
120,186,905.07,517.48,15.42,15.65,1.0000,-1,-1,-1
120,190,1010.97,562.38,33.35,35.06,0.0858,-1,-1,-1
120,192,592.39,378.78,60.90,45.97,1.0000,-1,-1,-1
120,194,769.39,159.80,72.44,65.19,1.0000,-1,-1,-1
121,1,715.13,461.68,267.55,590.36,0.8929,-1,-1,-1
121,6,1081.29,654.21,30.02,31.10,0.0236,-1,-1,-1
121,7,1070.64,722.09,46.97,52.73,1.0000,-1,-1,-1
121,8,154.45,709.61,395.52,366.48,1.0000,-1,-1,-1
121,10,121.54,46.43,121.23,160.32,0.0395,-1,-1,-1
121,15,1071.76,867.95,38.15,42.14,0.0880,-1,-1,-1
121,16,1138.39,824.91,38.59,40.87,0.1407,-1,-1,-1
121,26,1036.83,541.20,29.73,31.59,0.0343,-1,-1,-1
121,30,1128.10,720.18,40.51,55.23,0.0245,-1,-1,-1
121,35,1089.41,598.13,35.32,36.39,0.0172,-1,-1,-1
121,92,1133.71,737.38,40.11,44.83,0.0721,-1,-1,-1
121,117,1115.61,655.32,52.93,68.72,1.0000,-1,-1,-1
121,127,1839.32,756.90,83.15,93.01,1.0000,-1,-1,-1
121,128,1079.98,744.75,33.95,36.05,1.0000,-1,-1,-1
121,139,807.75,402.11,101.18,176.86,1.0000,-1,-1,-1
121,144,191.26,387.45,135.11,228.81,1.0000,-1,-1,-1
121,145,1012.79,557.89,51.55,39.63,0.0131,-1,-1,-1
121,157,880.64,612.79,27.98,28.76,1.0000,-1,-1,-1
121,160,958.56,595.43,30.89,32.13,1.0000,-1,-1,-1
121,165,725.32,260.17,907.55,820.21,1.0000,-1,-1,-1
121,168,759.92,404.48,133.61,301.38,1.0000,-1,-1,-1
121,171,1017.95,799.54,53.84,55.63,1.0000,-1,-1,-1
121,172,1046.41,583.55,26.64,31.38,0.0849,-1,-1,-1
121,178,1085.10,598.38,37.32,48.56,0.0129,-1,-1,-1
121,186,899.30,521.28,14.07,14.28,1.0000,-1,-1,-1
121,190,1006.85,560.26,30.82,32.32,0.0615,-1,-1,-1
121,192,592.12,378.98,60.64,45.78,1.0000,-1,-1,-1
121,194,769.30,159.88,71.99,64.78,1.0000,-1,-1,-1
121,197,0.00,572.22,17.51,79.41,0.0139,-1,-1,-1
122,1,714.05,466.55,262.35,583.09,0.9174,-1,-1,-1
122,6,1080.99,651.16,31.37,32.46,0.0215,-1,-1,-1
122,7,1071.00,721.19,47.06,52.83,1.0000,-1,-1,-1
122,8,154.10,709.42,395.73,366.68,1.0000,-1,-1,-1
122,10,120.31,49.49,119.92,158.04,0.0320,-1,-1,-1
122,15,1071.69,868.36,37.87,41.80,0.1004,-1,-1,-1
122,16,1138.39,824.75,38.96,41.24,0.1202,-1,-1,-1
122,26,1037.77,541.43,28.56,30.24,0.0446,-1,-1,-1
122,30,1128.54,720.47,38.91,53.06,0.0253,-1,-1,-1
122,35,1088.73,598.31,36.48,38.63,0.0160,-1,-1,-1
122,92,1134.10,738.95,38.96,43.38,0.0723,-1,-1,-1
122,117,1115.40,655.11,53.70,69.72,1.0000,-1,-1,-1
122,127,1839.42,757.07,83.12,92.98,1.0000,-1,-1,-1
122,128,1080.20,744.21,33.94,36.03,1.0000,-1,-1,-1
122,139,806.34,404.47,98.92,172.91,1.0000,-1,-1,-1
122,144,190.25,388.79,132.60,224.24,0.0107,-1,-1,-1
122,145,1011.27,562.01,50.20,38.59,1.0000,-1,-1,-1
122,157,874.85,611.95,27.82,28.60,1.0000,-1,-1,-1
122,160,956.63,594.21,30.95,32.20,1.0000,-1,-1,-1
122,165,721.41,238.07,932.14,842.44,1.0000,-1,-1,-1
122,168,755.40,407.31,135.42,305.46,1.0000,-1,-1,-1
122,171,1017.42,801.59,54.66,56.48,1.0000,-1,-1,-1
122,172,1050.09,583.64,26.86,31.15,0.0862,-1,-1,-1
122,178,1082.39,599.95,36.69,48.26,0.0170,-1,-1,-1
122,186,893.53,525.07,12.72,12.91,1.0000,-1,-1,-1
122,190,1003.73,559.72,28.68,30.06,0.0924,-1,-1,-1
122,192,591.85,379.17,60.39,45.58,1.0000,-1,-1,-1
122,194,769.21,159.95,71.53,64.37,1.0000,-1,-1,-1
122,197,1.87,608.83,10.87,48.39,0.0441,-1,-1,-1
122,199,1045.02,564.36,25.89,31.18,0.0267,-1,-1,-1
123,1,713.09,467.15,259.68,581.65,0.9225,-1,-1,-1
123,6,1080.94,649.11,31.28,32.37,1.0000,-1,-1,-1
123,7,1071.37,720.30,47.15,52.94,1.0000,-1,-1,-1
123,8,153.75,709.23,395.94,366.87,1.0000,-1,-1,-1
123,10,120.00,49.45,120.33,158.48,0.0392,-1,-1,-1
123,15,1071.61,868.31,38.25,42.27,0.0588,-1,-1,-1
123,16,1138.44,824.55,39.39,41.63,0.1107,-1,-1,-1
123,26,1038.52,541.41,28.85,30.47,0.0471,-1,-1,-1
123,30,1128.41,720.52,39.55,53.96,0.0284,-1,-1,-1
123,35,1090.30,598.36,34.07,36.31,0.0323,-1,-1,-1
123,92,1134.32,739.50,39.20,43.50,0.0823,-1,-1,-1
123,117,1115.18,654.90,54.47,70.72,1.0000,-1,-1,-1
123,127,1839.51,757.25,83.10,92.96,1.0000,-1,-1,-1
123,128,1080.41,743.68,33.92,36.02,1.0000,-1,-1,-1
123,139,804.93,406.84,96.66,168.96,1.0000,-1,-1,-1
123,144,190.16,389.90,132.65,224.34,0.0103,-1,-1,-1
123,145,1009.75,566.14,48.85,37.55,1.0000,-1,-1,-1
123,157,869.07,611.11,27.66,28.43,1.0000,-1,-1,-1
123,160,954.70,592.98,31.02,32.26,1.0000,-1,-1,-1
123,165,717.50,215.98,956.74,864.68,1.0000,-1,-1,-1
123,168,750.88,410.15,137.23,309.54,1.0000,-1,-1,-1
123,171,1016.88,803.64,55.48,57.33,1.0000,-1,-1,-1
123,172,1054.07,583.39,27.02,31.13,0.1278,-1,-1,-1
123,178,1081.93,600.84,35.49,46.66,0.0164,-1,-1,-1
123,186,887.76,528.87,11.38,11.54,1.0000,-1,-1,-1
123,190,1001.66,562.50,28.71,30.18,0.0780,-1,-1,-1
123,192,591.57,379.37,60.13,45.39,1.0000,-1,-1,-1
123,194,769.12,160.03,71.08,63.96,1.0000,-1,-1,-1
123,197,2.51,616.56,9.82,42.66,0.0427,-1,-1,-1
123,199,1046.71,563.57,26.17,31.21,0.0455,-1,-1,-1
124,1,713.69,469.05,256.96,579.07,0.9299,-1,-1,-1
124,6,1080.88,647.06,31.19,32.27,1.0000,-1,-1,-1
124,7,1071.74,719.40,47.24,53.04,1.0000,-1,-1,-1
124,8,153.40,709.03,396.16,367.07,1.0000,-1,-1,-1
124,10,120.68,46.11,122.08,161.52,0.0391,-1,-1,-1
124,15,1071.78,868.49,38.14,42.16,0.0662,-1,-1,-1
124,16,1138.73,824.31,39.53,41.73,0.1011,-1,-1,-1
124,26,1038.87,541.56,28.90,30.40,0.0587,-1,-1,-1
124,30,1128.83,720.27,38.92,52.91,0.0274,-1,-1,-1
124,35,1090.87,598.97,32.60,34.82,0.0283,-1,-1,-1
124,92,1134.42,739.66,39.38,43.52,0.0688,-1,-1,-1
124,117,1114.97,654.70,55.24,71.72,1.0000,-1,-1,-1
124,127,1839.61,757.43,83.07,92.93,1.0000,-1,-1,-1
124,128,1080.63,743.14,33.90,36.00,1.0000,-1,-1,-1
124,139,803.52,409.20,94.40,165.01,1.0000,-1,-1,-1
124,144,189.85,389.33,134.04,226.59,0.0122,-1,-1,-1
124,145,1008.23,570.26,47.50,36.52,1.0000,-1,-1,-1
124,157,863.29,610.28,27.49,28.27,1.0000,-1,-1,-1
124,160,952.78,591.76,31.08,32.33,1.0000,-1,-1,-1
124,165,713.59,193.89,981.34,886.91,1.0000,-1,-1,-1
124,168,746.36,412.99,139.04,313.62,1.0000,-1,-1,-1
124,171,1016.34,805.69,56.30,58.18,1.0000,-1,-1,-1
124,172,1057.55,582.59,27.22,31.25,0.0956,-1,-1,-1
124,178,1082.96,603.37,33.05,43.03,0.0105,-1,-1,-1
124,186,882.00,532.67,10.03,10.18,1.0000,-1,-1,-1
124,190,998.16,564.60,29.08,30.91,0.0680,-1,-1,-1
124,192,591.30,379.56,59.87,45.20,1.0000,-1,-1,-1
124,194,768.42,160.71,74.25,66.62,0.0109,-1,-1,-1
124,197,3.14,619.37,9.58,40.21,0.0866,-1,-1,-1
124,199,1047.61,562.38,26.28,30.98,0.0523,-1,-1,-1
124,202,1040.40,554.10,30.89,35.42,0.0257,-1,-1,-1
125,1,712.97,469.77,255.53,579.15,0.9323,-1,-1,-1
125,6,1080.82,645.01,31.10,32.18,1.0000,-1,-1,-1
125,7,1072.10,718.50,47.34,53.14,1.0000,-1,-1,-1
125,8,153.04,708.84,396.37,367.27,1.0000,-1,-1,-1
125,10,120.93,48.41,120.64,159.61,0.0344,-1,-1,-1
125,15,1071.84,868.87,37.95,41.97,0.0655,-1,-1,-1
125,16,1138.87,824.66,39.28,41.41,0.1115,-1,-1,-1
125,26,1038.91,541.76,29.09,30.59,0.0484,-1,-1,-1
125,30,1128.56,720.59,38.79,52.73,0.0279,-1,-1,-1
125,35,1090.81,600.04,31.95,34.03,0.0371,-1,-1,-1
125,92,1134.40,739.75,39.36,43.39,0.0753,-1,-1,-1
125,117,1114.76,654.49,56.01,72.72,1.0000,-1,-1,-1
125,127,1839.70,757.61,83.05,92.90,1.0000,-1,-1,-1
125,128,1080.84,742.60,33.89,35.98,1.0000,-1,-1,-1
125,139,802.12,411.57,92.14,161.06,1.0000,-1,-1,-1
125,144,190.52,390.90,133.73,226.58,0.0182,-1,-1,-1
125,145,1006.71,574.39,46.15,35.48,1.0000,-1,-1,-1
125,157,857.51,609.44,27.33,28.10,1.0000,-1,-1,-1
125,160,950.85,590.54,31.15,32.40,1.0000,-1,-1,-1
125,165,709.68,171.79,1005.94,909.14,1.0000,-1,-1,-1
125,168,741.84,415.82,140.85,317.70,1.0000,-1,-1,-1
125,171,1015.80,807.74,57.12,59.02,1.0000,-1,-1,-1
125,172,1060.51,580.48,28.30,32.59,0.0882,-1,-1,-1
125,178,1082.85,604.27,32.90,42.39,0.0174,-1,-1,-1
125,186,876.23,536.46,8.68,8.81,1.0000,-1,-1,-1
125,190,992.23,560.85,29.26,31.11,0.1118,-1,-1,-1
125,192,591.03,379.75,59.62,45.00,1.0000,-1,-1,-1
125,194,768.27,160.86,74.20,66.57,1.0000,-1,-1,-1
125,197,3.38,619.80,10.38,41.92,0.1076,-1,-1,-1
125,199,1047.51,560.36,26.61,30.96,0.0524,-1,-1,-1
125,202,1038.50,547.46,35.04,40.26,0.0190,-1,-1,-1
126,1,711.09,469.48,255.29,581.45,0.9329,-1,-1,-1
126,6,1080.76,642.96,31.01,32.09,1.0000,-1,-1,-1
126,7,1072.47,717.60,47.43,53.25,1.0000,-1,-1,-1
126,8,152.69,708.65,396.59,367.46,1.0000,-1,-1,-1
126,10,120.10,50.69,119.75,157.95,0.0622,-1,-1,-1
126,15,1070.64,869.81,38.19,42.15,0.0387,-1,-1,-1
126,16,1137.79,825.53,39.93,42.07,0.0966,-1,-1,-1
126,26,1038.07,542.65,29.58,31.10,0.0245,-1,-1,-1
126,30,1126.85,720.88,39.30,53.41,0.0124,-1,-1,-1
126,35,1091.43,602.04,29.69,31.58,0.0309,-1,-1,-1
126,92,1133.44,740.08,39.65,43.85,0.0384,-1,-1,-1
126,117,1114.54,654.28,56.78,73.72,1.0000,-1,-1,-1
126,127,1839.79,757.79,83.02,92.87,1.0000,-1,-1,-1
126,128,1081.06,742.06,33.87,35.96,1.0000,-1,-1,-1
126,139,800.71,413.93,89.88,157.11,1.0000,-1,-1,-1
126,144,190.53,391.13,133.67,226.47,1.0000,-1,-1,-1
126,145,1005.19,578.51,44.80,34.44,1.0000,-1,-1,-1
126,157,851.73,608.61,27.17,27.94,1.0000,-1,-1,-1
126,160,948.92,589.32,31.21,32.46,1.0000,-1,-1,-1
126,165,705.77,149.70,1030.53,931.37,1.0000,-1,-1,-1
126,168,737.31,418.66,142.65,321.78,1.0000,-1,-1,-1
126,171,1015.26,809.79,57.95,59.87,1.0000,-1,-1,-1
126,172,1063.40,580.53,28.11,32.31,0.0365,-1,-1,-1
126,178,1082.44,604.93,32.65,42.07,1.0000,-1,-1,-1
126,186,870.46,540.26,7.34,7.44,1.0000,-1,-1,-1
126,190,986.21,558.49,28.85,30.71,0.1518,-1,-1,-1
126,192,590.76,379.95,59.36,44.81,1.0000,-1,-1,-1
126,194,768.13,161.00,74.15,66.53,1.0000,-1,-1,-1
126,197,4.12,621.07,9.66,36.66,0.1237,-1,-1,-1
126,199,1046.55,559.16,27.87,32.13,0.0318,-1,-1,-1
126,202,1037.57,545.45,36.38,41.85,0.0110,-1,-1,-1
126,205,1.42,635.90,19.70,65.17,0.0465,-1,-1,-1
127,1,710.18,469.07,254.81,583.32,0.9315,-1,-1,-1
127,6,1080.70,640.91,30.92,31.99,1.0000,-1,-1,-1
127,7,1072.84,716.70,47.52,53.35,1.0000,-1,-1,-1
127,8,140.26,712.21,387.92,363.85,0.0139,-1,-1,-1
127,10,119.46,52.01,118.88,156.34,0.0477,-1,-1,-1
127,15,1070.08,871.01,38.12,42.04,0.0425,-1,-1,-1
127,16,1134.09,827.22,39.27,41.46,0.1302,-1,-1,-1
127,26,1037.23,543.40,29.16,30.68,0.0283,-1,-1,-1
127,30,1126.49,721.97,36.63,49.34,0.0130,-1,-1,-1
127,35,1091.62,603.66,28.27,29.73,0.0361,-1,-1,-1
127,92,1134.26,743.86,36.84,40.43,0.0544,-1,-1,-1
127,117,1114.33,654.07,57.55,74.71,1.0000,-1,-1,-1
127,127,1839.89,757.97,83.00,92.84,1.0000,-1,-1,-1
127,139,799.30,416.30,87.62,153.16,1.0000,-1,-1,-1
127,144,189.75,392.43,134.24,228.25,0.0138,-1,-1,-1
127,145,1003.67,582.64,43.45,33.40,1.0000,-1,-1,-1
127,157,845.95,607.77,27.01,27.77,1.0000,-1,-1,-1
127,160,946.99,588.10,31.27,32.53,1.0000,-1,-1,-1
127,165,701.87,127.61,1055.13,953.60,1.0000,-1,-1,-1
127,168,732.79,421.49,144.46,325.86,1.0000,-1,-1,-1
127,171,1014.72,811.84,58.77,60.72,1.0000,-1,-1,-1
127,172,1066.82,582.61,26.81,30.33,0.0331,-1,-1,-1
127,178,1082.04,605.59,32.40,41.74,1.0000,-1,-1,-1
127,186,864.69,544.06,5.99,6.08,1.0000,-1,-1,-1
127,190,980.89,558.17,28.02,29.65,0.1942,-1,-1,-1
127,192,590.49,380.14,59.10,44.61,1.0000,-1,-1,-1
127,194,767.98,161.15,74.11,66.49,1.0000,-1,-1,-1
127,197,4.30,620.61,9.69,34.48,0.0997,-1,-1,-1
127,199,1047.92,559.75,27.25,30.93,0.0373,-1,-1,-1
127,202,1037.03,542.81,37.86,43.56,1.0000,-1,-1,-1
127,205,1.10,635.90,19.69,64.93,0.0196,-1,-1,-1
127,206,0.03,610.56,42.93,61.24,0.0110,-1,-1,-1
128,1,710.46,470.64,253.30,582.55,0.9306,-1,-1,-1
128,6,1080.64,638.86,30.83,31.90,1.0000,-1,-1,-1
128,7,1060.87,624.06,32.44,37.69,0.0121,-1,-1,-1
128,8,144.04,713.56,384.08,362.42,0.0151,-1,-1,-1
128,10,119.20,53.13,119.33,156.61,0.0304,-1,-1,-1
128,15,1070.33,871.43,38.19,42.08,0.0297,-1,-1,-1
128,16,1133.06,828.36,39.07,41.36,0.1044,-1,-1,-1
128,26,1036.71,544.08,30.95,32.68,0.0132,-1,-1,-1
128,30,1127.34,722.60,34.57,46.05,0.0115,-1,-1,-1
128,35,1092.27,605.22,27.96,29.31,0.0278,-1,-1,-1
128,92,1135.67,746.14,35.51,38.57,0.0516,-1,-1,-1
128,117,1114.12,653.86,58.31,75.71,1.0000,-1,-1,-1
128,127,1839.98,758.14,82.97,92.82,1.0000,-1,-1,-1
128,139,797.89,418.67,85.36,149.21,1.0000,-1,-1,-1
128,144,190.85,393.00,133.63,228.02,0.0124,-1,-1,-1
128,145,1002.15,586.76,42.10,32.37,1.0000,-1,-1,-1
128,157,840.16,606.93,26.85,27.61,1.0000,-1,-1,-1
128,160,945.06,586.87,31.34,32.60,1.0000,-1,-1,-1
128,165,697.96,105.51,1079.73,975.83,1.0000,-1,-1,-1
128,168,728.27,424.33,146.27,329.94,1.0000,-1,-1,-1
128,171,1014.18,813.89,59.59,61.57,1.0000,-1,-1,-1
128,172,1069.84,583.58,25.48,28.41,0.0278,-1,-1,-1
128,178,1081.63,606.25,32.15,41.41,1.0000,-1,-1,-1
128,186,858.93,547.85,4.64,4.71,1.0000,-1,-1,-1
128,190,977.90,559.67,27.68,29.21,0.0795,-1,-1,-1
128,192,590.22,380.34,58.85,44.42,1.0000,-1,-1,-1
128,194,767.83,161.30,74.06,66.44,1.0000,-1,-1,-1
128,197,5.10,624.11,8.55,30.43,1.0000,-1,-1,-1
128,199,1048.44,558.17,28.89,32.45,0.0215,-1,-1,-1
128,202,1036.49,540.18,39.35,45.27,1.0000,-1,-1,-1
128,205,2.21,640.60,19.97,65.06,0.0624,-1,-1,-1
128,206,1.48,612.33,42.03,59.78,0.0154,-1,-1,-1
128,209,-0.56,552.71,45.04,105.21,0.0145,-1,-1,-1
129,1,711.18,471.92,251.80,582.25,0.9308,-1,-1,-1
129,6,1080.59,636.81,30.74,31.80,1.0000,-1,-1,-1
129,7,1060.66,619.13,31.94,37.10,1.0000,-1,-1,-1
129,8,143.04,713.76,383.86,362.22,1.0000,-1,-1,-1
129,10,121.01,53.45,119.23,156.55,0.0407,-1,-1,-1
129,15,1070.17,871.90,38.52,42.43,0.0479,-1,-1,-1
129,16,1132.94,829.25,39.05,41.40,0.0837,-1,-1,-1
129,26,1036.36,544.99,33.73,36.03,0.0235,-1,-1,-1
129,30,1127.76,723.59,34.05,44.76,0.0131,-1,-1,-1
129,35,1092.50,605.97,28.30,29.38,0.0252,-1,-1,-1
129,92,1135.69,746.49,35.99,38.82,0.0403,-1,-1,-1
129,117,1079.95,619.39,41.92,54.11,0.0107,-1,-1,-1
129,127,1840.08,758.32,82.95,92.79,1.0000,-1,-1,-1
129,139,796.48,421.03,83.10,145.26,1.0000,-1,-1,-1
129,144,191.59,394.47,133.14,227.61,0.0237,-1,-1,-1
129,145,1000.63,590.89,40.75,31.33,1.0000,-1,-1,-1
129,157,834.38,606.10,26.69,27.44,1.0000,-1,-1,-1
129,160,943.13,585.65,31.40,32.66,1.0000,-1,-1,-1
129,165,694.05,83.42,1104.33,998.06,1.0000,-1,-1,-1
129,168,723.75,427.17,148.08,334.02,1.0000,-1,-1,-1
129,171,1013.64,815.94,60.41,62.42,1.0000,-1,-1,-1
129,172,1074.62,583.44,25.56,28.42,0.0580,-1,-1,-1
129,178,1081.23,606.91,31.90,41.09,1.0000,-1,-1,-1
129,186,853.16,551.65,3.30,3.34,1.0000,-1,-1,-1
129,190,973.25,559.23,27.22,28.84,0.0671,-1,-1,-1
129,192,589.95,380.53,58.59,44.23,1.0000,-1,-1,-1
129,194,767.68,161.45,74.01,66.40,1.0000,-1,-1,-1
129,197,5.90,627.61,7.41,26.37,1.0000,-1,-1,-1
129,199,1047.72,553.89,32.47,36.42,0.0370,-1,-1,-1
129,202,1035.95,537.55,40.84,46.98,1.0000,-1,-1,-1
129,205,2.62,641.03,20.31,65.23,0.0362,-1,-1,-1
129,206,1.21,609.58,42.31,60.08,0.0144,-1,-1,-1
129,209,0.52,551.62,45.67,106.60,0.0228,-1,-1,-1
130,1,710.03,472.66,250.63,582.72,0.9256,-1,-1,-1
130,6,1080.53,634.76,30.65,31.71,1.0000,-1,-1,-1
130,7,1060.45,614.21,31.43,36.52,1.0000,-1,-1,-1
130,8,142.04,713.96,383.65,362.01,1.0000,-1,-1,-1
130,10,119.45,52.98,120.03,157.34,0.0611,-1,-1,-1
130,15,1069.38,872.97,38.23,41.97,0.0287,-1,-1,-1
130,16,1131.29,829.45,39.10,41.82,0.0925,-1,-1,-1
130,26,1035.56,546.14,35.60,38.45,0.0299,-1,-1,-1
130,30,1127.80,724.05,33.27,43.74,1.0000,-1,-1,-1
130,35,1091.10,606.13,28.56,29.32,0.0122,-1,-1,-1
130,92,1132.51,744.73,38.26,41.44,0.0182,-1,-1,-1
130,117,1077.92,617.35,41.76,53.90,1.0000,-1,-1,-1
130,127,1840.17,758.50,82.92,92.76,1.0000,-1,-1,-1
130,139,795.07,423.40,80.84,141.31,1.0000,-1,-1,-1
130,144,190.93,394.70,132.34,226.94,0.0171,-1,-1,-1
130,145,999.11,595.01,39.40,30.29,1.0000,-1,-1,-1
130,157,828.60,605.26,26.53,27.28,1.0000,-1,-1,-1
130,160,941.21,584.43,31.46,32.73,1.0000,-1,-1,-1
130,168,719.23,430.00,149.89,338.10,1.0000,-1,-1,-1
130,171,1013.10,817.99,61.23,63.27,1.0000,-1,-1,-1
130,172,1077.11,583.90,25.70,28.21,0.0535,-1,-1,-1
130,178,1080.82,607.57,31.64,40.76,1.0000,-1,-1,-1
130,186,847.39,555.44,1.95,1.98,1.0000,-1,-1,-1
130,190,965.90,557.61,27.31,29.11,0.0274,-1,-1,-1
130,192,589.68,380.73,58.33,44.03,1.0000,-1,-1,-1
130,194,767.53,161.59,73.96,66.36,1.0000,-1,-1,-1
130,197,6.71,631.11,6.27,22.32,1.0000,-1,-1,-1
130,199,1046.54,550.73,35.22,39.50,0.0520,-1,-1,-1
130,202,1035.41,534.92,42.33,48.70,1.0000,-1,-1,-1
130,205,3.11,644.34,18.78,58.99,0.0577,-1,-1,-1
130,206,2.72,613.24,38.60,54.33,0.0204,-1,-1,-1
130,209,2.43,562.58,41.26,95.66,0.0217,-1,-1,-1
130,214,-1.47,620.33,23.49,34.32,0.1866,-1,-1,-1
130,215,1.56,635.44,26.63,38.41,0.0227,-1,-1,-1
131,1,708.26,468.36,250.82,587.29,0.9255,-1,-1,-1
131,6,1080.47,632.71,30.55,31.61,1.0000,-1,-1,-1
131,7,1060.25,609.28,30.93,35.93,1.0000,-1,-1,-1
131,8,141.04,714.16,383.43,361.81,1.0000,-1,-1,-1
131,10,119.38,52.57,119.79,156.82,0.0690,-1,-1,-1
131,15,1068.63,873.00,38.54,42.23,0.0364,-1,-1,-1
131,16,1130.92,829.52,39.09,42.06,0.0895,-1,-1,-1
131,26,1035.04,546.56,34.70,37.75,0.0232,-1,-1,-1
131,30,1127.84,724.50,32.49,42.71,1.0000,-1,-1,-1
131,35,1091.21,606.84,28.00,28.74,1.0000,-1,-1,-1
131,92,1131.39,744.09,39.13,42.54,0.0205,-1,-1,-1
131,117,1079.32,624.85,35.73,44.71,0.0106,-1,-1,-1
131,127,1840.26,758.68,82.89,92.73,1.0000,-1,-1,-1
131,139,793.66,425.76,78.58,137.36,1.0000,-1,-1,-1
131,144,191.00,395.87,131.25,225.66,0.0242,-1,-1,-1
131,145,997.59,599.14,38.05,29.25,1.0000,-1,-1,-1
131,157,822.82,604.43,26.37,27.11,1.0000,-1,-1,-1
131,160,939.28,583.21,31.53,32.79,1.0000,-1,-1,-1
131,168,714.71,432.84,151.70,342.18,1.0000,-1,-1,-1
131,171,1012.56,820.04,62.05,64.12,1.0000,-1,-1,-1
131,172,1079.04,583.38,26.47,28.83,0.0685,-1,-1,-1
131,178,1086.27,605.78,29.59,37.36,0.0175,-1,-1,-1
131,186,841.62,559.24,0.60,0.61,1.0000,-1,-1,-1
131,190,961.33,556.01,27.18,29.07,0.0355,-1,-1,-1
131,192,589.41,380.92,58.08,43.84,1.0000,-1,-1,-1
131,194,767.39,161.74,73.91,66.31,1.0000,-1,-1,-1
131,197,7.51,634.61,5.13,18.26,1.0000,-1,-1,-1
131,199,1048.93,550.73,34.84,39.27,0.0440,-1,-1,-1
131,202,1034.87,532.28,43.81,50.41,1.0000,-1,-1,-1
131,205,2.84,641.13,19.06,58.77,0.0324,-1,-1,-1
131,206,1.45,613.70,40.20,56.45,0.0212,-1,-1,-1
131,209,0.59,557.02,43.69,101.41,0.0282,-1,-1,-1
131,214,-1.35,619.64,24.28,35.63,0.1555,-1,-1,-1
131,215,1.58,631.07,28.09,40.39,0.0199,-1,-1,-1
132,1,706.60,464.75,250.25,590.59,0.9269,-1,-1,-1
132,6,1080.41,630.66,30.46,31.52,1.0000,-1,-1,-1
132,7,1060.04,604.36,30.42,35.34,1.0000,-1,-1,-1
132,8,140.04,714.35,383.21,361.60,1.0000,-1,-1,-1
132,10,120.61,49.77,120.55,158.47,0.0686,-1,-1,-1
132,15,1068.06,873.13,38.62,42.17,0.0389,-1,-1,-1
132,16,1130.27,829.32,39.39,42.69,0.0985,-1,-1,-1
132,26,1034.45,546.39,35.36,38.68,0.0167,-1,-1,-1
132,30,1124.84,723.54,33.80,43.89,0.0102,-1,-1,-1
132,35,1091.32,607.55,27.44,28.17,1.0000,-1,-1,-1
132,92,1128.25,742.42,40.46,44.43,0.0177,-1,-1,-1
132,117,1077.79,623.95,34.70,43.42,1.0000,-1,-1,-1
132,127,1840.36,758.86,82.87,92.70,1.0000,-1,-1,-1
132,139,792.25,428.13,76.32,133.41,1.0000,-1,-1,-1
132,144,190.68,396.44,130.33,224.68,0.0218,-1,-1,-1
132,145,996.07,603.26,36.70,28.22,1.0000,-1,-1,-1
132,157,817.04,603.59,26.21,26.95,1.0000,-1,-1,-1
132,160,937.35,581.99,31.59,32.86,1.0000,-1,-1,-1
132,168,710.19,435.68,153.51,346.26,1.0000,-1,-1,-1
132,171,1012.02,822.09,62.88,64.97,1.0000,-1,-1,-1
132,172,1080.63,582.33,28.88,31.52,0.0485,-1,-1,-1
132,178,1085.41,605.36,30.07,37.40,0.0163,-1,-1,-1
132,186,835.85,563.04,-0.74,-0.76,1.0000,-1,-1,-1
132,190,957.05,553.56,27.31,29.22,0.0148,-1,-1,-1
132,192,589.14,381.11,57.82,43.64,1.0000,-1,-1,-1
132,194,767.24,161.89,73.86,66.27,1.0000,-1,-1,-1
132,197,8.31,638.11,3.99,14.21,1.0000,-1,-1,-1
132,199,1048.68,549.27,35.64,40.15,0.0352,-1,-1,-1
132,202,1034.33,529.65,45.30,52.12,1.0000,-1,-1,-1
132,205,1.80,636.53,19.42,59.35,0.0252,-1,-1,-1
132,206,1.30,613.27,41.30,57.82,0.0170,-1,-1,-1
132,209,0.77,556.36,44.77,103.73,0.0174,-1,-1,-1
132,214,-2.01,619.49,25.57,37.83,0.0781,-1,-1,-1
132,215,0.80,628.11,30.38,43.66,0.0107,-1,-1,-1
132,220,1082.21,251.35,64.76,226.36,0.0108,-1,-1,-1
133,1,703.43,462.69,248.58,592.75,0.9253,-1,-1,-1
133,6,1080.35,628.61,30.37,31.43,1.0000,-1,-1,-1
133,7,1059.83,599.44,29.92,34.76,1.0000,-1,-1,-1
133,8,143.25,717.19,376.53,358.23,0.0109,-1,-1,-1
133,10,121.27,49.29,120.34,158.92,0.0774,-1,-1,-1
133,15,1067.16,873.52,39.31,42.93,0.0427,-1,-1,-1
133,16,1133.55,829.92,39.14,42.34,0.0876,-1,-1,-1
133,26,1033.68,547.02,35.12,38.79,0.0214,-1,-1,-1
133,30,1124.38,724.35,32.35,41.35,0.0117,-1,-1,-1
133,35,1091.43,608.27,26.88,27.59,1.0000,-1,-1,-1
133,92,1126.95,742.51,40.63,45.05,0.0202,-1,-1,-1
133,117,1078.61,624.72,32.91,40.79,0.0127,-1,-1,-1
133,139,790.84,430.49,74.06,129.46,1.0000,-1,-1,-1
133,144,190.72,397.84,129.36,223.26,0.0158,-1,-1,-1
133,145,994.55,607.39,35.36,27.18,1.0000,-1,-1,-1
133,157,811.25,602.75,26.05,26.78,1.0000,-1,-1,-1
133,160,935.42,580.77,31.66,32.93,1.0000,-1,-1,-1
133,168,705.67,438.51,155.32,350.34,1.0000,-1,-1,-1
133,171,1011.48,824.14,63.70,65.82,1.0000,-1,-1,-1
133,172,1082.35,582.18,29.44,32.14,0.0552,-1,-1,-1
133,178,1085.69,605.86,28.46,34.75,0.0200,-1,-1,-1
133,186,830.09,566.83,-2.09,-2.12,1.0000,-1,-1,-1
133,190,952.66,552.35,27.00,28.88,1.0000,-1,-1,-1
133,192,588.87,381.31,57.56,43.45,1.0000,-1,-1,-1
133,194,767.09,162.03,73.81,66.23,1.0000,-1,-1,-1
133,197,9.12,641.61,2.85,10.16,1.0000,-1,-1,-1
133,199,1050.39,550.00,35.20,39.80,0.0459,-1,-1,-1
133,202,1033.79,527.02,46.79,53.83,1.0000,-1,-1,-1
133,205,0.50,636.17,20.91,64.01,0.0417,-1,-1,-1
133,206,1.67,614.05,41.04,57.15,0.0134,-1,-1,-1
133,209,1.90,561.15,43.36,99.73,0.0109,-1,-1,-1
133,214,-2.19,621.40,25.42,37.97,0.0622,-1,-1,-1
133,215,-0.49,629.34,31.48,45.44,0.0120,-1,-1,-1
133,220,1082.49,251.30,64.47,225.34,1.0000,-1,-1,-1
133,223,-2.68,611.13,34.65,46.24,0.0353,-1,-1,-1
134,1,700.47,457.63,247.80,597.74,0.9295,-1,-1,-1
134,6,1080.29,626.56,30.28,31.33,1.0000,-1,-1,-1
134,7,1059.62,594.51,29.41,34.17,1.0000,-1,-1,-1
134,8,142.50,717.64,376.00,357.74,1.0000,-1,-1,-1
134,10,121.93,49.55,119.53,158.51,0.0985,-1,-1,-1
134,15,1066.98,873.73,38.91,42.45,0.0481,-1,-1,-1
134,16,1134.49,830.24,39.34,42.44,0.1008,-1,-1,-1
134,26,1033.61,547.40,34.57,38.34,0.0155,-1,-1,-1
134,30,1123.80,725.10,32.24,40.66,0.0157,-1,-1,-1
134,35,1089.61,605.43,30.10,31.17,0.0114,-1,-1,-1
134,92,1126.43,743.12,40.03,44.77,0.0301,-1,-1,-1
134,117,1078.88,624.15,31.20,38.65,0.0192,-1,-1,-1
134,139,789.43,432.86,71.80,125.51,1.0000,-1,-1,-1
134,144,188.60,397.12,130.23,225.18,0.0209,-1,-1,-1
134,145,993.03,611.51,34.01,26.14,1.0000,-1,-1,-1
134,157,805.47,601.92,25.89,26.62,1.0000,-1,-1,-1
134,160,920.83,538.29,32.13,33.29,0.0102,-1,-1,-1
134,171,1010.94,826.19,64.52,66.67,1.0000,-1,-1,-1
134,172,1084.07,581.59,28.95,31.56,0.0503,-1,-1,-1
134,178,1085.14,606.94,27.72,33.61,0.0314,-1,-1,-1
134,186,824.32,570.63,-3.44,-3.49,1.0000,-1,-1,-1
134,190,948.27,551.15,26.68,28.54,1.0000,-1,-1,-1
134,192,588.59,381.50,57.31,43.26,1.0000,-1,-1,-1
134,194,766.94,162.18,73.77,66.18,1.0000,-1,-1,-1
134,197,9.92,645.11,1.71,6.10,1.0000,-1,-1,-1
134,199,1050.54,549.47,35.19,39.50,0.0346,-1,-1,-1
134,202,1033.25,524.39,48.28,55.54,1.0000,-1,-1,-1
134,205,-0.56,633.79,22.59,69.70,0.0560,-1,-1,-1
134,206,1.91,614.27,40.69,56.66,1.0000,-1,-1,-1
134,209,2.54,562.10,43.16,99.28,1.0000,-1,-1,-1
134,214,-2.74,624.86,26.07,39.48,0.0466,-1,-1,-1
134,215,-0.88,628.19,32.21,46.50,1.0000,-1,-1,-1
134,220,1082.76,251.25,64.17,224.31,1.0000,-1,-1,-1
134,223,-9.43,599.08,43.58,59.27,0.0303,-1,-1,-1
135,1,699.02,458.01,245.22,597.29,0.9282,-1,-1,-1
135,6,1080.24,624.51,30.19,31.24,1.0000,-1,-1,-1
135,7,1059.41,589.59,28.91,33.58,1.0000,-1,-1,-1
135,8,141.74,718.08,375.48,357.24,1.0000,-1,-1,-1
135,10,122.65,49.63,117.99,157.75,0.0947,-1,-1,-1
135,15,1065.84,873.78,39.48,42.95,0.0433,-1,-1,-1
135,16,1130.09,830.92,38.83,42.05,0.0789,-1,-1,-1
135,26,1032.34,547.85,31.74,35.50,0.0388,-1,-1,-1
135,30,1123.29,725.75,31.98,39.34,0.0105,-1,-1,-1
135,35,1089.49,605.75,29.98,31.05,1.0000,-1,-1,-1
135,92,1125.38,744.17,39.40,44.17,0.0227,-1,-1,-1
135,117,1078.07,624.03,30.74,37.70,0.0242,-1,-1,-1
135,139,788.02,435.23,69.54,121.56,1.0000,-1,-1,-1
135,144,185.81,395.29,132.26,228.62,0.0221,-1,-1,-1
135,145,991.51,615.64,32.66,25.11,1.0000,-1,-1,-1
135,160,922.48,537.91,36.31,35.44,0.0227,-1,-1,-1
135,172,1084.60,581.59,29.82,32.67,0.0452,-1,-1,-1
135,178,1085.10,606.79,26.64,32.05,0.0480,-1,-1,-1
135,186,818.55,574.43,-4.78,-4.86,1.0000,-1,-1,-1
135,190,943.88,549.94,26.37,28.20,1.0000,-1,-1,-1
135,192,588.32,381.70,57.05,43.06,1.0000,-1,-1,-1
135,194,766.79,162.33,73.72,66.14,1.0000,-1,-1,-1
135,197,10.73,648.61,0.58,2.05,1.0000,-1,-1,-1
135,199,1054.70,552.99,31.46,35.30,0.0688,-1,-1,-1
135,202,1032.71,521.75,49.76,57.25,1.0000,-1,-1,-1
135,205,-0.75,634.07,21.53,66.86,0.0316,-1,-1,-1
135,206,2.14,614.50,40.34,56.17,1.0000,-1,-1,-1
135,209,-5.52,557.01,42.19,100.03,0.0150,-1,-1,-1
135,214,-1.42,624.20,22.74,34.58,0.0628,-1,-1,-1
135,215,-1.27,627.04,32.94,47.55,1.0000,-1,-1,-1
135,220,1083.04,251.20,63.88,223.28,1.0000,-1,-1,-1
135,223,-8.80,600.90,40.13,55.57,0.0562,-1,-1,-1
135,224,1041.43,627.81,33.76,35.57,0.0169,-1,-1,-1
136,1,699.22,459.63,242.33,595.11,0.9241,-1,-1,-1
136,6,1080.18,622.46,30.10,31.14,1.0000,-1,-1,-1
136,7,1059.21,584.67,28.40,33.00,1.0000,-1,-1,-1
136,8,140.99,718.52,374.96,356.75,1.0000,-1,-1,-1
136,10,120.35,53.65,115.33,154.37,0.0478,-1,-1,-1
136,15,1065.50,873.94,39.78,43.23,0.0473,-1,-1,-1
136,16,1128.71,831.28,38.39,41.73,0.0759,-1,-1,-1
136,26,1031.75,547.72,30.50,34.38,0.0378,-1,-1,-1
136,30,1123.03,726.18,31.18,38.35,1.0000,-1,-1,-1
136,35,1089.37,606.07,29.87,30.93,1.0000,-1,-1,-1
136,92,1124.45,744.27,39.65,44.59,0.0224,-1,-1,-1
136,117,1077.91,621.96,31.34,38.51,0.0158,-1,-1,-1
136,139,786.62,437.59,67.28,117.61,1.0000,-1,-1,-1
136,144,184.16,394.65,133.20,230.72,0.0189,-1,-1,-1
136,145,989.99,619.76,31.31,24.07,1.0000,-1,-1,-1
136,160,920.93,537.42,38.92,36.90,0.0107,-1,-1,-1
136,172,1085.26,581.30,32.37,36.00,0.0421,-1,-1,-1
136,178,1084.69,605.89,27.36,32.84,0.0349,-1,-1,-1
136,186,812.78,578.22,-6.13,-6.22,1.0000,-1,-1,-1
136,190,939.49,548.73,26.05,27.86,1.0000,-1,-1,-1
136,192,588.05,381.89,56.79,42.87,1.0000,-1,-1,-1
136,194,766.65,162.47,73.67,66.09,1.0000,-1,-1,-1
136,197,11.53,652.10,-0.56,-2.01,1.0000,-1,-1,-1
136,199,1056.07,553.04,30.85,34.69,0.0779,-1,-1,-1
136,202,1032.17,519.12,51.25,58.96,1.0000,-1,-1,-1
136,205,-2.09,632.84,22.93,72.69,0.0184,-1,-1,-1
136,206,2.37,614.72,39.99,55.68,1.0000,-1,-1,-1
136,209,-6.23,557.09,42.08,99.75,1.0000,-1,-1,-1
136,214,-1.21,624.90,22.19,33.99,0.0244,-1,-1,-1
136,215,-1.65,625.89,33.67,48.61,1.0000,-1,-1,-1
136,220,1083.32,251.15,63.59,222.26,1.0000,-1,-1,-1
136,223,-8.77,598.02,41.73,59.00,0.0174,-1,-1,-1
136,224,1035.35,629.05,31.31,33.05,0.0470,-1,-1,-1
137,1,698.12,456.71,242.11,599.04,0.9316,-1,-1,-1
137,6,1080.12,620.41,30.01,31.05,1.0000,-1,-1,-1
137,7,1059.00,579.74,27.90,32.41,1.0000,-1,-1,-1
137,8,145.40,718.86,375.50,356.84,0.0232,-1,-1,-1
137,10,119.95,53.65,115.06,155.42,0.0508,-1,-1,-1
137,15,1065.13,874.56,39.78,43.22,0.0245,-1,-1,-1
137,16,1127.44,831.45,38.07,41.50,0.0359,-1,-1,-1
137,26,1031.18,547.83,29.55,33.56,0.0381,-1,-1,-1
137,30,1121.45,726.13,34.63,41.92,0.0101,-1,-1,-1
137,35,1089.26,606.40,29.75,30.81,1.0000,-1,-1,-1
137,92,1123.92,745.34,38.83,43.82,0.0425,-1,-1,-1
137,117,1076.99,616.55,34.03,42.45,0.0180,-1,-1,-1
137,139,785.21,439.96,65.02,113.66,1.0000,-1,-1,-1
137,144,181.96,393.16,134.27,233.08,0.0370,-1,-1,-1
137,145,988.47,623.88,29.96,23.03,1.0000,-1,-1,-1
137,160,919.59,535.85,40.57,38.59,0.0137,-1,-1,-1
137,172,1090.13,580.80,29.71,32.95,0.0414,-1,-1,-1
137,178,1083.01,605.24,29.47,35.43,0.0251,-1,-1,-1
137,186,807.02,582.02,-7.48,-7.59,1.0000,-1,-1,-1
137,190,935.10,547.52,25.73,27.52,1.0000,-1,-1,-1
137,192,587.78,382.08,56.54,42.68,1.0000,-1,-1,-1
137,194,766.50,162.62,73.62,66.05,1.0000,-1,-1,-1
137,197,12.33,655.60,-1.70,-6.06,1.0000,-1,-1,-1
137,199,1057.57,554.06,30.01,33.83,0.0980,-1,-1,-1
137,202,1031.63,516.49,52.74,60.67,1.0000,-1,-1,-1
137,205,-1.80,632.17,22.70,72.87,0.0663,-1,-1,-1
137,206,2.60,614.95,39.63,55.19,1.0000,-1,-1,-1
137,209,-6.93,557.18,41.96,99.47,1.0000,-1,-1,-1
137,214,-9.50,605.22,39.34,62.94,0.0208,-1,-1,-1
137,215,-2.04,624.75,34.40,49.66,1.0000,-1,-1,-1
137,220,1083.60,251.10,63.29,221.23,1.0000,-1,-1,-1
137,223,-10.64,595.09,43.92,62.09,1.0000,-1,-1,-1
137,224,1031.78,630.54,28.79,30.37,0.0268,-1,-1,-1
138,1,699.75,458.87,240.98,598.20,0.9399,-1,-1,-1
138,6,1080.06,618.36,29.92,30.96,1.0000,-1,-1,-1
138,7,1058.79,574.82,27.39,31.82,1.0000,-1,-1,-1
138,8,146.21,720.78,373.97,354.70,0.0395,-1,-1,-1
138,10,112.53,54.72,116.31,157.77,0.0385,-1,-1,-1
138,15,1064.29,876.43,39.32,42.61,0.0113,-1,-1,-1
138,16,1126.66,831.82,38.06,41.49,1.0000,-1,-1,-1
138,26,1032.73,548.78,31.19,34.46,0.0308,-1,-1,-1
138,30,1121.07,726.51,34.29,41.50,1.0000,-1,-1,-1
138,35,1089.14,606.72,29.63,30.69,1.0000,-1,-1,-1
138,92,1122.52,748.01,37.30,41.95,0.0111,-1,-1,-1
138,117,1074.88,612.60,36.55,46.12,0.0120,-1,-1,-1
138,139,783.80,442.32,62.76,109.71,1.0000,-1,-1,-1
138,144,180.31,395.09,133.54,232.28,0.0309,-1,-1,-1
138,145,986.95,628.01,28.61,21.99,1.0000,-1,-1,-1
138,160,917.79,533.51,41.16,39.15,1.0000,-1,-1,-1
138,172,1092.68,580.66,29.81,33.06,1.0000,-1,-1,-1
138,178,1082.78,605.31,29.26,35.17,1.0000,-1,-1,-1
138,186,801.25,585.82,-8.82,-8.96,1.0000,-1,-1,-1
138,190,930.71,546.31,25.42,27.19,1.0000,-1,-1,-1
138,192,587.51,382.28,56.28,42.48,1.0000,-1,-1,-1
138,194,766.35,162.77,73.57,66.01,1.0000,-1,-1,-1
138,197,13.14,659.10,-2.84,-10.12,1.0000,-1,-1,-1
138,199,1057.16,554.22,30.46,34.42,0.0665,-1,-1,-1
138,202,1031.09,513.86,54.23,62.38,1.0000,-1,-1,-1
138,205,-1.85,633.02,22.12,72.13,0.0145,-1,-1,-1
138,206,2.83,615.17,39.28,54.70,1.0000,-1,-1,-1
138,209,-3.85,569.38,39.79,96.04,0.0105,-1,-1,-1
138,214,-9.51,612.09,39.15,65.10,0.0100,-1,-1,-1
138,215,-2.43,623.60,35.13,50.72,1.0000,-1,-1,-1
138,220,1083.88,251.05,63.00,220.21,1.0000,-1,-1,-1
138,223,-12.52,592.16,46.11,65.19,1.0000,-1,-1,-1
138,224,1027.69,632.15,27.83,29.31,0.0268,-1,-1,-1
139,1,699.22,460.00,240.57,598.10,0.9361,-1,-1,-1
139,6,1080.00,616.31,29.83,30.86,1.0000,-1,-1,-1
139,7,1026.07,552.04,27.90,31.26,0.0660,-1,-1,-1
139,8,145.14,724.35,369.97,350.99,0.0342,-1,-1,-1
139,10,106.91,59.69,114.52,154.18,0.0263,-1,-1,-1
139,15,1063.82,876.93,39.35,42.64,1.0000,-1,-1,-1
139,16,1125.87,832.20,38.05,41.48,1.0000,-1,-1,-1
139,26,1032.52,549.22,31.22,34.50,1.0000,-1,-1,-1
139,30,1120.68,726.88,33.95,41.09,1.0000,-1,-1,-1
139,35,1089.02,607.04,29.52,30.57,1.0000,-1,-1,-1
139,92,1119.98,749.24,36.55,40.57,0.0170,-1,-1,-1
139,117,1072.52,611.36,37.09,47.06,0.0160,-1,-1,-1
139,139,782.39,444.69,60.50,105.76,1.0000,-1,-1,-1
139,144,176.46,394.40,134.20,233.85,0.0230,-1,-1,-1
139,145,985.43,632.13,27.26,20.96,1.0000,-1,-1,-1
139,160,915.99,531.18,41.75,39.70,1.0000,-1,-1,-1
139,172,1087.95,581.00,29.08,32.33,0.0118,-1,-1,-1
139,178,1082.56,605.37,29.05,34.92,1.0000,-1,-1,-1
139,186,795.48,589.61,-10.17,-10.32,1.0000,-1,-1,-1
139,190,926.31,545.10,25.10,26.85,1.0000,-1,-1,-1
139,192,587.24,382.47,56.02,42.29,1.0000,-1,-1,-1
139,194,766.20,162.91,73.52,65.96,1.0000,-1,-1,-1
139,197,13.94,662.60,-3.98,-14.17,1.0000,-1,-1,-1
139,199,1056.31,555.41,29.44,33.31,0.0810,-1,-1,-1
139,202,1030.55,511.22,55.71,64.09,1.0000,-1,-1,-1
139,205,-2.11,633.33,21.66,72.02,0.0255,-1,-1,-1
139,206,3.07,615.40,38.93,54.21,1.0000,-1,-1,-1
139,209,-4.16,570.88,39.53,95.40,1.0000,-1,-1,-1
139,214,-10.88,610.33,41.63,69.22,1.0000,-1,-1,-1
139,215,-2.82,622.45,35.87,51.77,1.0000,-1,-1,-1
139,220,1084.16,251.01,62.71,219.18,1.0000,-1,-1,-1
139,223,-14.39,589.22,48.30,68.28,1.0000,-1,-1,-1
139,224,1021.77,633.55,28.99,30.50,0.0126,-1,-1,-1
140,1,696.84,461.26,240.32,598.56,0.9239,-1,-1,-1
140,6,1079.94,614.26,29.74,30.77,1.0000,-1,-1,-1
140,7,1023.41,545.74,27.38,30.67,1.0000,-1,-1,-1
140,8,137.92,728.70,364.30,346.79,0.0248,-1,-1,-1
140,10,108.88,59.48,114.19,155.17,0.0406,-1,-1,-1
140,15,1063.35,877.43,39.38,42.67,1.0000,-1,-1,-1
140,16,1125.09,832.57,38.04,41.46,1.0000,-1,-1,-1
140,26,1032.31,549.65,31.25,34.53,1.0000,-1,-1,-1
140,30,1120.30,727.25,33.60,40.67,1.0000,-1,-1,-1
140,35,1088.90,607.36,29.40,30.45,1.0000,-1,-1,-1
140,92,1118.98,749.94,36.27,40.26,1.0000,-1,-1,-1
140,117,1071.37,609.58,37.34,47.38,1.0000,-1,-1,-1
140,139,780.98,447.05,58.24,101.81,1.0000,-1,-1,-1
140,144,175.15,394.48,134.55,234.46,1.0000,-1,-1,-1
140,145,983.91,636.26,25.91,19.92,1.0000,-1,-1,-1
140,160,914.19,528.85,42.33,40.26,1.0000,-1,-1,-1
140,172,1089.77,580.91,29.11,32.36,1.0000,-1,-1,-1
140,178,1082.33,605.44,28.83,34.66,1.0000,-1,-1,-1
140,186,789.71,593.41,-11.52,-11.69,1.0000,-1,-1,-1
140,190,921.92,543.89,24.78,26.51,1.0000,-1,-1,-1
140,192,586.97,382.67,55.77,42.09,1.0000,-1,-1,-1
140,194,766.05,163.06,73.47,65.92,1.0000,-1,-1,-1
140,197,14.75,666.10,-5.12,-18.23,1.0000,-1,-1,-1
140,199,1055.02,557.15,28.19,31.93,0.1088,-1,-1,-1
140,202,1023.22,553.53,27.43,31.08,0.0693,-1,-1,-1
140,205,-0.68,630.55,21.70,72.01,0.0259,-1,-1,-1
140,206,3.30,615.63,38.58,53.72,1.0000,-1,-1,-1
140,209,-4.47,572.37,39.26,94.75,1.0000,-1,-1,-1
140,214,-12.25,608.58,44.11,73.33,1.0000,-1,-1,-1
140,215,-3.20,621.30,36.60,52.83,1.0000,-1,-1,-1
140,220,1084.44,250.96,62.41,218.15,1.0000,-1,-1,-1
140,223,-16.26,586.29,50.49,71.38,1.0000,-1,-1,-1
140,224,1013.76,635.74,28.55,29.96,0.0168,-1,-1,-1
141,1,694.83,460.76,240.94,600.82,0.9288,-1,-1,-1
141,6,1073.27,584.05,33.88,34.71,0.0148,-1,-1,-1
141,7,1020.75,539.45,26.86,30.09,1.0000,-1,-1,-1
141,8,136.84,730.01,362.90,345.46,1.0000,-1,-1,-1
141,10,108.39,60.80,112.83,154.63,0.0200,-1,-1,-1
141,15,1052.07,881.57,38.84,41.88,0.0165,-1,-1,-1
141,16,1124.31,832.94,38.03,41.45,1.0000,-1,-1,-1
141,26,1032.11,550.08,31.29,34.57,1.0000,-1,-1,-1
141,30,1108.81,733.19,33.57,40.07,0.0121,-1,-1,-1
141,35,1088.78,607.69,29.29,30.33,1.0000,-1,-1,-1
141,92,1110.68,746.35,43.12,48.21,0.0204,-1,-1,-1
141,117,1066.81,609.87,37.84,47.73,0.0230,-1,-1,-1
141,139,779.57,449.42,55.98,97.86,1.0000,-1,-1,-1
141,144,173.84,394.55,134.90,235.08,1.0000,-1,-1,-1
141,145,982.39,640.38,24.56,18.88,1.0000,-1,-1,-1
141,160,912.39,526.51,42.92,40.82,1.0000,-1,-1,-1
141,172,1091.60,580.82,29.13,32.39,1.0000,-1,-1,-1
141,178,1082.11,605.51,28.62,34.41,1.0000,-1,-1,-1
141,186,783.95,597.20,-12.86,-13.06,1.0000,-1,-1,-1
141,190,917.53,542.69,24.47,26.17,1.0000,-1,-1,-1
141,192,586.70,382.86,55.51,41.90,1.0000,-1,-1,-1
141,194,765.91,163.21,73.42,65.88,1.0000,-1,-1,-1
141,197,15.55,669.60,-6.26,-22.28,1.0000,-1,-1,-1
141,199,1054.31,559.88,26.81,30.08,0.1515,-1,-1,-1
141,202,1017.36,556.41,26.65,30.20,0.0507,-1,-1,-1
141,205,-0.80,630.08,21.86,72.55,1.0000,-1,-1,-1
141,206,3.53,615.85,38.23,53.23,1.0000,-1,-1,-1
141,209,-4.78,573.87,38.99,94.11,1.0000,-1,-1,-1
141,214,-13.61,606.82,46.58,77.45,1.0000,-1,-1,-1
141,215,-3.59,620.16,37.33,53.89,1.0000,-1,-1,-1
141,220,1084.72,250.91,62.12,217.13,1.0000,-1,-1,-1
141,223,-18.14,583.36,52.68,74.48,1.0000,-1,-1,-1
141,224,1008.37,638.76,28.78,30.21,0.0549,-1,-1,-1
142,1,692.20,458.27,242.61,605.02,0.9408,-1,-1,-1
142,6,1072.56,585.72,31.23,31.41,0.0169,-1,-1,-1
142,7,1018.09,533.15,26.33,29.50,1.0000,-1,-1,-1
142,8,135.76,731.32,361.51,344.13,1.0000,-1,-1,-1
142,10,103.31,64.06,112.62,154.55,0.0248,-1,-1,-1
142,15,1049.00,885.14,38.54,41.65,0.0385,-1,-1,-1
142,16,1117.29,842.41,38.55,41.58,0.0383,-1,-1,-1
142,26,1031.90,550.51,31.32,34.61,1.0000,-1,-1,-1
142,30,1106.40,736.46,31.13,36.83,0.0454,-1,-1,-1
142,35,1088.67,608.01,29.17,30.21,1.0000,-1,-1,-1
142,92,1111.39,755.68,38.75,42.63,0.0337,-1,-1,-1
142,117,1064.17,612.24,37.61,47.51,0.0433,-1,-1,-1
142,139,778.16,451.78,53.72,93.91,1.0000,-1,-1,-1
142,144,172.52,394.63,135.26,235.69,1.0000,-1,-1,-1
142,145,980.87,644.51,23.21,17.84,1.0000,-1,-1,-1
142,160,910.59,524.18,43.51,41.38,1.0000,-1,-1,-1
142,172,1093.43,580.73,29.16,32.42,1.0000,-1,-1,-1
142,178,1081.88,605.58,28.41,34.16,1.0000,-1,-1,-1
142,190,903.23,540.69,35.18,38.23,0.0143,-1,-1,-1
142,192,586.43,383.06,55.25,41.71,1.0000,-1,-1,-1
142,194,765.76,163.35,73.38,65.83,1.0000,-1,-1,-1
142,197,16.35,673.10,-7.40,-26.34,1.0000,-1,-1,-1
142,199,1053.00,562.88,27.34,30.63,0.0949,-1,-1,-1
142,202,1014.46,558.88,26.68,30.03,0.0590,-1,-1,-1
142,205,-0.91,629.60,22.02,73.08,1.0000,-1,-1,-1
142,206,3.76,616.08,37.88,52.75,1.0000,-1,-1,-1
142,209,-5.09,575.36,38.72,93.46,1.0000,-1,-1,-1
142,214,-14.98,605.07,49.06,81.57,1.0000,-1,-1,-1
142,215,-3.98,619.01,38.06,54.94,1.0000,-1,-1,-1
142,220,1085.00,250.86,61.83,216.10,1.0000,-1,-1,-1
142,223,-20.01,580.42,54.87,77.57,1.0000,-1,-1,-1
142,224,1003.04,642.35,29.28,30.66,0.0392,-1,-1,-1
142,235,1888.39,460.67,28.97,86.78,0.0654,-1,-1,-1
143,1,689.66,459.58,242.59,605.15,0.9408,-1,-1,-1
143,6,1072.17,582.68,31.05,31.22,1.0000,-1,-1,-1
143,7,1015.43,526.85,25.81,28.92,1.0000,-1,-1,-1
143,8,134.68,732.63,360.11,342.80,1.0000,-1,-1,-1
143,10,101.35,64.91,112.84,156.43,0.0377,-1,-1,-1
143,15,1045.66,887.45,39.69,42.94,0.0238,-1,-1,-1
143,16,1109.22,843.70,39.69,43.04,0.0199,-1,-1,-1
143,26,1031.70,550.94,31.35,34.64,1.0000,-1,-1,-1
143,30,1102.88,738.56,31.24,36.34,0.0191,-1,-1,-1
143,35,1088.55,608.33,29.05,30.09,1.0000,-1,-1,-1
143,92,1109.31,760.12,37.36,41.04,0.0205,-1,-1,-1
143,117,1060.32,614.11,37.35,47.56,0.0315,-1,-1,-1
143,139,776.75,454.15,51.46,89.96,1.0000,-1,-1,-1
143,144,171.21,394.70,135.61,236.31,1.0000,-1,-1,-1
143,145,979.35,648.63,21.86,16.81,1.0000,-1,-1,-1
143,160,908.78,521.85,44.10,41.94,1.0000,-1,-1,-1
143,172,1095.26,580.64,29.19,32.45,1.0000,-1,-1,-1
143,178,1065.57,591.40,36.57,44.58,0.0123,-1,-1,-1
143,190,898.09,539.43,35.71,38.80,1.0000,-1,-1,-1
143,192,586.16,383.25,55.00,41.51,1.0000,-1,-1,-1
143,194,765.61,163.50,73.33,65.79,1.0000,-1,-1,-1
143,197,17.16,676.60,-8.54,-30.39,1.0000,-1,-1,-1
143,199,1051.63,564.22,27.46,30.76,0.0465,-1,-1,-1
143,202,1011.32,559.68,27.41,30.58,0.0458,-1,-1,-1
143,205,-1.03,629.13,22.19,73.61,1.0000,-1,-1,-1
143,206,3.99,616.30,37.53,52.26,1.0000,-1,-1,-1
143,209,-5.40,576.85,38.46,92.81,1.0000,-1,-1,-1
143,214,-16.35,603.31,51.53,85.68,1.0000,-1,-1,-1
143,215,-4.37,617.86,38.79,56.00,1.0000,-1,-1,-1
143,220,1085.28,250.81,61.53,215.08,1.0000,-1,-1,-1
143,223,-21.88,577.49,57.06,80.67,1.0000,-1,-1,-1
143,224,997.36,644.79,29.96,31.25,0.0330,-1,-1,-1
143,235,1887.55,462.93,29.17,86.60,0.0257,-1,-1,-1
143,240,-2.66,378.88,46.29,116.38,0.0563,-1,-1,-1
144,1,683.98,455.59,244.77,611.46,0.9384,-1,-1,-1
144,6,1071.78,579.64,30.87,31.04,1.0000,-1,-1,-1
144,7,1012.77,520.56,25.29,28.33,1.0000,-1,-1,-1
144,8,134.88,743.05,355.02,333.63,0.0180,-1,-1,-1
144,10,96.11,66.98,111.59,156.43,0.0608,-1,-1,-1
144,15,1039.11,891.15,40.95,43.91,0.0893,-1,-1,-1
144,16,1105.03,847.19,39.17,42.38,0.0167,-1,-1,-1
144,26,1031.49,551.37,31.38,34.68,1.0000,-1,-1,-1
144,30,1098.72,741.44,31.49,35.77,0.0824,-1,-1,-1
144,35,1088.43,608.66,28.94,29.97,1.0000,-1,-1,-1
144,92,1103.11,763.62,37.24,40.90,0.0450,-1,-1,-1
144,117,1056.12,617.03,36.78,47.16,0.0551,-1,-1,-1
144,139,775.34,456.52,49.20,86.01,1.0000,-1,-1,-1
144,144,169.90,394.78,135.96,236.92,1.0000,-1,-1,-1
144,145,980.63,650.76,39.54,33.11,0.0683,-1,-1,-1
144,160,906.98,519.51,44.68,42.50,1.0000,-1,-1,-1
144,172,1097.09,580.55,29.21,32.48,1.0000,-1,-1,-1
144,178,1063.90,590.20,37.14,45.28,1.0000,-1,-1,-1
144,190,892.95,538.16,36.24,39.38,1.0000,-1,-1,-1
144,192,585.89,383.44,54.74,41.32,1.0000,-1,-1,-1
144,194,765.46,163.65,73.28,65.74,1.0000,-1,-1,-1
144,197,17.96,680.10,-9.68,-34.45,1.0000,-1,-1,-1
144,199,1047.95,566.68,26.74,29.84,0.0289,-1,-1,-1
144,202,1008.49,562.44,26.35,29.21,0.0581,-1,-1,-1
144,205,-1.15,628.65,22.35,74.14,1.0000,-1,-1,-1
144,206,4.23,616.53,37.18,51.77,1.0000,-1,-1,-1
144,209,-5.71,578.35,38.19,92.17,1.0000,-1,-1,-1
144,214,-17.72,601.56,54.01,89.80,1.0000,-1,-1,-1
144,215,-4.75,616.71,39.52,57.05,1.0000,-1,-1,-1
144,220,1085.56,250.76,61.24,214.05,1.0000,-1,-1,-1
144,223,-23.76,574.56,59.25,83.76,1.0000,-1,-1,-1
144,224,992.40,646.81,29.79,31.06,1.0000,-1,-1,-1
144,235,1884.27,463.18,30.89,90.33,0.0354,-1,-1,-1
144,240,-3.13,384.80,45.63,114.71,1.0000,-1,-1,-1
144,242,1080.01,666.17,33.70,38.68,0.0134,-1,-1,-1
145,1,681.02,459.71,243.19,608.08,0.9309,-1,-1,-1
145,6,1071.39,576.60,30.68,30.85,1.0000,-1,-1,-1
145,7,1010.11,514.26,24.77,27.75,1.0000,-1,-1,-1
145,8,146.42,747.37,357.93,329.45,0.0145,-1,-1,-1
145,10,87.14,69.99,114.65,160.36,0.0530,-1,-1,-1
145,15,1039.49,893.86,41.32,44.14,0.0639,-1,-1,-1
145,16,1102.78,848.63,39.23,42.45,1.0000,-1,-1,-1
145,26,1031.28,551.80,31.42,34.71,1.0000,-1,-1,-1
145,30,1097.07,744.23,32.60,36.44,0.0566,-1,-1,-1
145,35,1088.31,608.98,28.82,29.85,1.0000,-1,-1,-1
145,92,1100.13,764.03,38.60,42.70,0.0419,-1,-1,-1
145,117,1054.11,617.92,36.67,47.61,0.0284,-1,-1,-1
145,144,168.58,394.85,136.32,237.54,1.0000,-1,-1,-1
145,145,973.83,653.53,46.96,42.60,0.0117,-1,-1,-1
145,160,905.18,517.18,45.27,43.06,1.0000,-1,-1,-1
145,172,1098.91,580.46,29.24,32.51,1.0000,-1,-1,-1
145,178,1062.22,589.01,37.71,45.97,1.0000,-1,-1,-1
145,190,887.81,536.89,36.77,39.95,1.0000,-1,-1,-1
145,192,585.61,383.64,54.48,41.12,1.0000,-1,-1,-1
145,194,765.31,163.79,73.23,65.70,1.0000,-1,-1,-1
145,197,18.77,683.59,-10.82,-38.50,1.0000,-1,-1,-1
145,199,1046.54,568.51,26.82,29.98,0.0323,-1,-1,-1
145,202,1006.28,564.93,26.50,29.25,0.0583,-1,-1,-1
145,205,-1.26,628.18,22.51,74.68,1.0000,-1,-1,-1
145,206,4.46,616.75,36.82,51.28,1.0000,-1,-1,-1
145,209,-6.02,579.84,37.92,91.52,1.0000,-1,-1,-1
145,214,-19.08,599.80,56.49,93.92,1.0000,-1,-1,-1
145,215,-5.14,615.56,40.25,58.11,1.0000,-1,-1,-1
145,220,1085.84,250.71,60.95,213.02,1.0000,-1,-1,-1
145,223,-25.63,571.62,61.44,86.86,1.0000,-1,-1,-1
145,224,987.45,648.82,29.61,30.88,1.0000,-1,-1,-1
145,235,1883.67,467.27,30.63,87.76,0.0544,-1,-1,-1
145,240,-3.59,390.72,44.96,113.03,1.0000,-1,-1,-1
145,242,1077.31,666.51,34.88,40.04,1.0000,-1,-1,-1
145,247,1003.69,493.18,79.15,63.38,0.0224,-1,-1,-1
146,1,678.74,465.81,240.20,603.19,0.8948,-1,-1,-1
146,6,1071.00,573.56,30.50,30.67,1.0000,-1,-1,-1
146,7,1007.45,507.96,24.24,27.16,1.0000,-1,-1,-1
146,8,147.47,749.81,355.40,327.12,1.0000,-1,-1,-1
146,10,84.12,71.66,115.16,160.88,0.0885,-1,-1,-1
146,15,1036.60,895.80,41.49,44.00,0.0631,-1,-1,-1
146,16,1100.53,850.08,39.29,42.51,1.0000,-1,-1,-1
146,26,1031.08,552.23,31.45,34.75,1.0000,-1,-1,-1
146,30,1096.36,745.65,33.34,36.81,0.0223,-1,-1,-1
146,35,1088.20,609.30,28.70,29.73,1.0000,-1,-1,-1
146,92,1098.23,762.64,39.73,44.63,0.0141,-1,-1,-1
146,117,1053.17,618.92,36.56,47.94,0.0376,-1,-1,-1
146,144,167.27,394.93,136.67,238.15,1.0000,-1,-1,-1
146,145,969.22,643.87,50.91,49.61,0.0125,-1,-1,-1
146,160,903.38,514.85,45.86,43.62,1.0000,-1,-1,-1
146,172,1100.74,580.37,29.26,32.54,1.0000,-1,-1,-1
146,178,1060.55,587.81,38.28,46.67,1.0000,-1,-1,-1
146,190,882.67,535.63,37.30,40.53,1.0000,-1,-1,-1
146,192,585.34,383.83,54.23,40.93,1.0000,-1,-1,-1
146,194,765.17,163.94,73.18,65.66,1.0000,-1,-1,-1
146,197,19.57,687.09,-11.96,-42.56,1.0000,-1,-1,-1
146,199,1046.89,569.43,26.82,30.07,0.0255,-1,-1,-1
146,202,1005.07,565.61,27.70,30.59,0.0413,-1,-1,-1
146,205,-1.38,627.70,22.67,75.21,1.0000,-1,-1,-1
146,206,4.69,616.98,36.47,50.79,1.0000,-1,-1,-1
146,209,-6.33,581.34,37.65,90.87,1.0000,-1,-1,-1
146,214,-20.45,598.05,58.96,98.04,1.0000,-1,-1,-1
146,215,-5.53,614.42,40.98,59.16,1.0000,-1,-1,-1
146,220,1086.12,250.66,60.65,212.00,1.0000,-1,-1,-1
146,223,-27.50,568.69,63.63,89.95,1.0000,-1,-1,-1
146,224,982.49,650.83,29.43,30.70,1.0000,-1,-1,-1
146,235,1883.31,469.06,31.42,88.38,0.0240,-1,-1,-1
146,240,-4.06,396.64,44.29,111.35,1.0000,-1,-1,-1
146,242,1077.39,669.22,35.23,40.56,0.0103,-1,-1,-1
146,247,1002.24,493.48,80.51,64.69,0.0185,-1,-1,-1
146,248,1084.19,701.52,39.42,51.39,0.0163,-1,-1,-1
147,1,675.34,475.34,236.38,596.90,0.9120,-1,-1,-1
147,6,1070.61,570.52,30.32,30.48,1.0000,-1,-1,-1
147,7,1004.79,501.67,23.72,26.57,1.0000,-1,-1,-1
147,8,140.02,756.58,350.63,320.32,0.0130,-1,-1,-1
147,10,79.70,72.89,117.49,164.31,0.0519,-1,-1,-1
147,15,1033.66,897.93,40.85,43.03,0.0462,-1,-1,-1
147,16,1098.28,851.53,39.35,42.58,1.0000,-1,-1,-1
147,26,1030.87,552.66,31.48,34.79,1.0000,-1,-1,-1
147,30,1094.63,747.28,32.98,36.40,1.0000,-1,-1,-1
147,35,1088.08,609.62,28.59,29.61,1.0000,-1,-1,-1
147,92,1096.34,762.84,40.44,45.99,0.0128,-1,-1,-1
147,117,1052.78,621.20,35.76,47.15,0.1062,-1,-1,-1
147,144,165.96,395.00,137.02,238.77,1.0000,-1,-1,-1
147,145,966.93,646.94,51.85,50.53,1.0000,-1,-1,-1
147,160,901.58,512.51,46.45,44.17,1.0000,-1,-1,-1
147,172,1102.57,580.29,29.29,32.56,1.0000,-1,-1,-1
147,178,1053.50,596.54,35.44,44.04,0.0283,-1,-1,-1
147,190,877.53,534.36,37.83,41.11,1.0000,-1,-1,-1
147,192,585.07,384.03,53.97,40.74,1.0000,-1,-1,-1
147,194,765.02,164.09,73.13,65.61,1.0000,-1,-1,-1
147,197,20.37,690.59,-13.10,-46.61,1.0000,-1,-1,-1
147,199,1047.20,570.59,26.56,29.66,0.0287,-1,-1,-1
147,202,1003.48,567.10,27.76,30.51,0.0893,-1,-1,-1
147,205,-1.50,627.23,22.83,75.74,1.0000,-1,-1,-1
147,206,4.92,617.20,36.12,50.30,1.0000,-1,-1,-1
147,209,-6.64,582.83,37.38,90.23,1.0000,-1,-1,-1
147,214,-21.82,596.29,61.44,102.15,1.0000,-1,-1,-1
147,215,-5.92,613.27,41.71,60.22,1.0000,-1,-1,-1
147,220,1086.40,250.61,60.36,210.97,1.0000,-1,-1,-1
147,223,-29.38,565.75,65.82,93.05,1.0000,-1,-1,-1
147,224,978.39,657.77,31.22,32.59,0.0940,-1,-1,-1
147,235,1882.42,468.01,33.44,92.80,0.0345,-1,-1,-1
147,240,-4.52,402.56,43.63,109.68,1.0000,-1,-1,-1
147,242,1075.62,668.25,35.43,40.97,0.0154,-1,-1,-1
147,247,1001.85,494.22,81.25,65.29,0.0170,-1,-1,-1
147,248,1083.98,702.25,39.32,51.26,1.0000,-1,-1,-1
148,1,673.69,489.51,231.09,585.16,0.9147,-1,-1,-1
148,6,1070.22,567.48,30.13,30.30,1.0000,-1,-1,-1
148,7,1002.13,495.37,23.20,25.99,1.0000,-1,-1,-1
148,8,136.98,759.89,347.51,317.00,0.0114,-1,-1,-1
148,10,81.30,77.14,113.03,159.22,0.0727,-1,-1,-1
148,15,1029.76,901.12,40.67,43.17,0.0440,-1,-1,-1
148,16,1096.03,852.98,39.41,42.64,1.0000,-1,-1,-1
148,26,1030.66,553.09,31.51,34.82,1.0000,-1,-1,-1
148,30,1092.89,748.91,32.61,36.00,1.0000,-1,-1,-1
148,35,1087.96,609.95,28.47,29.49,1.0000,-1,-1,-1
148,92,1094.09,763.94,40.80,46.40,1.0000,-1,-1,-1
148,117,1050.91,624.26,34.50,45.43,0.0799,-1,-1,-1
148,144,164.64,395.08,137.37,239.38,1.0000,-1,-1,-1
148,145,964.63,650.01,52.80,51.46,1.0000,-1,-1,-1
148,160,899.78,510.18,47.03,44.73,1.0000,-1,-1,-1
148,172,1104.40,580.20,29.32,32.59,1.0000,-1,-1,-1
148,178,1051.57,597.41,30.00,36.76,0.0617,-1,-1,-1
148,190,872.39,533.09,38.36,41.68,1.0000,-1,-1,-1
148,192,584.80,384.22,53.71,40.54,1.0000,-1,-1,-1
148,194,764.87,164.24,73.08,65.57,1.0000,-1,-1,-1
148,197,21.18,694.09,-14.24,-50.67,1.0000,-1,-1,-1
148,199,1045.41,571.60,27.40,30.65,0.0262,-1,-1,-1
148,202,1000.30,568.04,28.20,30.94,0.1363,-1,-1,-1
148,205,-1.61,626.76,22.99,76.28,1.0000,-1,-1,-1
148,206,5.15,617.43,35.77,49.81,1.0000,-1,-1,-1
148,209,-6.95,584.32,37.12,89.58,1.0000,-1,-1,-1
148,214,-23.19,594.54,63.92,106.27,1.0000,-1,-1,-1
148,215,-6.31,612.12,42.44,61.27,1.0000,-1,-1,-1
148,220,1041.48,261.68,67.10,234.80,0.0104,-1,-1,-1
148,223,-31.25,562.82,68.01,96.14,1.0000,-1,-1,-1
148,224,972.92,658.22,33.88,35.81,0.0303,-1,-1,-1
148,235,1881.33,471.52,34.31,93.49,0.0752,-1,-1,-1
148,240,-4.99,408.48,42.96,108.00,1.0000,-1,-1,-1
148,242,1073.65,668.80,36.29,41.96,1.0000,-1,-1,-1
148,247,999.09,495.67,81.64,65.68,0.0198,-1,-1,-1
148,248,1083.76,702.99,39.22,51.13,1.0000,-1,-1,-1