2,1,514.26,175.32,117.59,110.95,0.8744,-1,-1,-1
2,2,400.83,516.35,137.30,122.25,0.7791,-1,-1,-1
2,3,1167.54,152.26,93.97,87.69,0.8514,-1,-1,-1
2,4,469.87,659.48,186.02,160.31,0.8486,-1,-1,-1
2,5,1157.01,294.56,125.06,122.34,0.8905,-1,-1,-1
2,6,706.74,219.49,85.18,84.28,0.8669,-1,-1,-1
2,7,972.95,115.79,93.15,100.19,0.5793,-1,-1,-1
2,8,860.93,790.50,90.29,116.19,0.7910,-1,-1,-1
2,9,516.33,388.06,112.26,130.27,0.8202,-1,-1,-1
2,10,1589.20,247.04,135.56,103.91,0.8486,-1,-1,-1
2,11,368.45,667.49,102.12,120.75,0.8573,-1,-1,-1
2,12,633.98,912.17,332.62,165.88,0.7810,-1,-1,-1
2,13,911.33,446.79,61.08,71.34,0.7408,-1,-1,-1
2,14,1288.68,590.60,102.99,105.24,0.7328,-1,-1,-1
2,15,1121.34,285.07,62.02,72.09,0.7233,-1,-1,-1
2,16,357.94,427.02,123.87,124.60,0.4380,-1,-1,-1
2,17,637.85,664.81,222.40,192.46,0.5899,-1,-1,-1
2,18,739.50,564.34,111.94,100.31,0.4217,-1,-1,-1
2,19,263.98,468.32,126.24,108.04,0.4687,-1,-1,-1
2,20,1366.72,641.08,83.12,91.95,0.1389,-1,-1,-1
2,21,555.72,460.27,159.36,113.80,0.6314,-1,-1,-1
2,22,1833.02,981.90,88.43,95.14,0.2600,-1,-1,-1
2,23,1461.08,817.62,196.90,197.52,0.5130,-1,-1,-1
2,24,822.51,681.24,78.28,93.35,0.2912,-1,-1,-1
2,25,445.78,616.91,68.82,53.29,0.7667,-1,-1,-1
2,26,271.67,427.22,210.93,150.68,0.2364,-1,-1,-1
2,27,1411.08,446.63,71.87,68.30,0.6920,-1,-1,-1
2,29,960.79,364.69,179.70,219.27,0.4548,-1,-1,-1
2,30,1410.88,662.11,235.77,166.13,0.8250,-1,-1,-1
2,31,25.85,160.16,177.92,160.39,0.2545,-1,-1,-1
2,32,202.34,287.95,189.87,150.81,0.7036,-1,-1,-1
2,34,798.60,296.84,100.46,104.06,0.1885,-1,-1,-1
2,35,423.68,956.41,167.30,120.63,0.4721,-1,-1,-1
2,36,1074.52,294.01,77.67,66.39,0.0201,-1,-1,-1
2,37,628.64,447.65,75.95,93.28,0.0417,-1,-1,-1
2,39,1217.48,273.58,48.76,39.21,0.1779,-1,-1,-1
2,41,62.79,251.17,132.82,68.58,0.0141,-1,-1,-1
2,42,1285.73,721.12,65.28,123.76,0.0159,-1,-1,-1
2,43,1473.34,85.07,175.52,149.15,0.4422,-1,-1,-1
2,51,1492.25,766.37,438.87,292.55,0.0119,-1,-1,-1
3,1,512.58,176.34,119.22,112.26,0.8536,-1,-1,-1
3,2,398.50,513.88,134.68,120.04,0.6159,-1,-1,-1
3,3,1168.71,152.45,93.16,87.02,0.8522,-1,-1,-1
3,4,448.56,664.73,193.97,167.65,0.8364,-1,-1,-1
3,5,1160.32,301.44,124.79,122.00,0.8680,-1,-1,-1
3,6,704.00,223.89,85.47,84.47,0.8640,-1,-1,-1
3,7,980.04,104.22,89.90,96.46,0.7782,-1,-1,-1
3,8,865.02,776.28,91.30,117.27,0.8534,-1,-1,-1
3,9,511.26,395.95,113.25,131.15,0.8382,-1,-1,-1
3,10,1566.69,224.06,133.14,102.24,0.9133,-1,-1,-1
3,11,364.08,674.13,105.72,124.81,0.7398,-1,-1,-1
3,12,618.31,910.51,336.52,168.16,0.7249,-1,-1,-1
3,13,911.85,448.16,63.86,74.64,0.7578,-1,-1,-1
3,14,1282.96,600.78,100.23,102.19,0.8024,-1,-1,-1
3,15,1119.81,283.39,61.12,70.50,0.7474,-1,-1,-1
3,16,350.97,436.68,122.51,122.90,0.5689,-1,-1,-1
3,17,620.25,670.44,221.81,192.40,0.8947,-1,-1,-1
3,18,731.48,568.61,110.92,100.18,0.3423,-1,-1,-1
3,19,256.99,472.60,129.13,110.62,0.7101,-1,-1,-1
3,20,1364.65,638.86,66.30,73.35,1.0000,-1,-1,-1
3,21,539.49,449.25,176.81,127.42,0.7048,-1,-1,-1
3,22,1869.67,1017.24,54.85,59.54,0.0599,-1,-1,-1
3,23,1457.52,829.55,198.00,198.61,1.0000,-1,-1,-1
3,24,812.08,677.45,82.75,100.15,0.1259,-1,-1,-1
3,25,438.13,613.62,73.24,56.10,0.8246,-1,-1,-1
3,26,260.00,437.15,246.10,176.01,0.0288,-1,-1,-1
3,27,1403.51,438.30,72.16,68.33,0.6009,-1,-1,-1
3,29,976.15,311.93,168.67,204.63,0.8182,-1,-1,-1
3,30,1331.06,641.40,261.79,187.09,0.7357,-1,-1,-1
3,31,26.46,158.55,173.25,156.17,1.0000,-1,-1,-1
3,32,193.81,287.23,186.42,147.77,0.7420,-1,-1,-1
3,34,800.16,292.18,102.97,106.45,0.1782,-1,-1,-1
3,35,408.23,958.52,166.51,119.02,0.4834,-1,-1,-1
3,36,1081.60,290.95,77.60,66.33,1.0000,-1,-1,-1
3,37,616.31,447.43,79.51,97.65,1.0000,-1,-1,-1
3,39,1214.34,271.68,53.58,43.54,0.2267,-1,-1,-1
3,41,64.01,247.61,130.53,67.40,1.0000,-1,-1,-1
3,42,1279.53,719.42,68.20,129.20,0.0132,-1,-1,-1
3,43,1479.57,88.07,163.56,139.07,0.7162,-1,-1,-1
3,51,1489.38,785.03,429.51,286.31,1.0000,-1,-1,-1
3,62,1030.23,752.58,93.39,107.84,0.2289,-1,-1,-1
3,66,1138.27,801.55,102.12,101.11,0.2424,-1,-1,-1
3,68,181.38,636.63,175.17,162.86,0.6107,-1,-1,-1
3,70,927.24,564.00,148.84,126.86,0.0572,-1,-1,-1
3,71,313.10,437.59,245.42,200.56,0.2470,-1,-1,-1
3,72,833.95,658.16,134.17,122.60,0.3868,-1,-1,-1
3,73,581.83,99.40,165.51,86.39,0.0187,-1,-1,-1
3,75,511.96,625.18,78.20,47.99,0.2363,-1,-1,-1
4,1,503.17,179.61,118.59,111.76,0.8314,-1,-1,-1
4,2,393.56,508.11,136.64,122.08,0.6678,-1,-1,-1
4,3,1168.16,155.12,91.84,85.86,0.8365,-1,-1,-1
4,4,404.92,669.95,202.50,172.95,0.4852,-1,-1,-1
4,5,1162.52,310.59,124.81,122.08,0.8518,-1,-1,-1
4,6,701.17,229.44,84.55,83.33,0.8683,-1,-1,-1
4,7,982.04,92.99,90.76,97.22,0.7391,-1,-1,-1
4,8,873.07,776.88,83.00,105.32,0.8906,-1,-1,-1
4,9,497.58,404.18,125.05,145.42,0.8284,-1,-1,-1
4,10,1545.18,203.20,129.29,99.47,0.9027,-1,-1,-1
4,11,364.16,683.34,102.21,120.46,0.2391,-1,-1,-1
4,12,601.88,902.56,352.20,176.61,0.4979,-1,-1,-1
4,13,914.92,457.59,57.12,66.23,0.8084,-1,-1,-1
4,14,1280.52,604.58,99.20,101.14,1.0000,-1,-1,-1
4,15,1119.52,281.47,61.28,70.69,1.0000,-1,-1,-1
4,16,343.87,447.49,119.97,119.84,0.5406,-1,-1,-1
4,17,605.05,672.41,217.06,188.94,0.7016,-1,-1,-1
4,18,725.89,578.17,106.13,96.44,0.7974,-1,-1,-1
4,19,250.29,479.66,127.05,108.94,0.7461,-1,-1,-1
4,20,1362.59,636.64,49.48,54.74,1.0000,-1,-1,-1
4,21,547.30,463.75,155.95,113.55,0.7418,-1,-1,-1
4,22,1885.51,1032.96,40.38,43.83,1.0000,-1,-1,-1
4,23,1453.96,841.48,199.09,199.71,1.0000,-1,-1,-1
4,24,804.93,676.74,82.41,101.13,0.3836,-1,-1,-1
4,25,429.38,611.98,75.55,57.14,0.7870,-1,-1,-1
4,26,255.85,442.79,257.81,184.38,1.0000,-1,-1,-1
4,27,1392.44,429.22,75.86,71.50,0.6604,-1,-1,-1
4,29,979.31,260.76,174.66,209.92,0.4236,-1,-1,-1
4,30,1254.62,620.65,268.63,195.00,0.7000,-1,-1,-1
4,31,27.07,156.94,168.58,151.96,1.0000,-1,-1,-1
4,32,183.61,288.23,187.03,147.90,0.4422,-1,-1,-1
4,34,801.93,289.49,104.78,108.18,0.0636,-1,-1,-1
4,35,395.03,960.92,165.24,116.17,0.4073,-1,-1,-1
4,36,1088.68,287.89,77.53,66.27,1.0000,-1,-1,-1
4,37,603.98,447.21,83.07,102.02,1.0000,-1,-1,-1
4,39,1208.14,270.27,60.27,49.79,0.0286,-1,-1,-1
4,41,65.24,244.05,128.24,66.21,1.0000,-1,-1,-1
4,42,1278.27,717.21,67.51,127.88,1.0000,-1,-1,-1
4,43,1478.77,85.91,160.70,136.72,0.6645,-1,-1,-1
4,51,1486.51,803.70,420.15,280.07,1.0000,-1,-1,-1
4,62,1022.24,737.34,104.77,120.88,0.0578,-1,-1,-1
4,66,1117.39,790.94,97.25,96.26,0.7316,-1,-1,-1
4,68,163.09,635.71,176.90,164.73,0.5440,-1,-1,-1
4,70,925.50,560.36,149.82,127.69,1.0000,-1,-1,-1
4,71,323.25,448.94,227.58,187.24,0.3640,-1,-1,-1
4,72,828.94,675.16,126.07,114.80,0.2993,-1,-1,-1
4,73,581.23,96.36,169.21,88.14,0.0877,-1,-1,-1
4,75,507.21,630.25,84.43,51.81,0.3858,-1,-1,-1
4,76,593.39,596.09,82.35,72.60,0.8238,-1,-1,-1
4,77,950.00,496.15,164.25,108.45,0.3239,-1,-1,-1
4,78,1271.41,290.42,127.41,122.04,0.0607,-1,-1,-1
4,84,1220.60,740.60,69.83,92.96,0.2760,-1,-1,-1
4,85,-20.08,444.49,118.50,164.97,0.0263,-1,-1,-1
4,86,966.62,618.54,104.49,69.00,0.0215,-1,-1,-1
5,1,495.44,182.34,120.91,114.03,0.8215,-1,-1,-1
5,2,389.90,507.27,139.62,125.46,0.6721,-1,-1,-1
5,3,1167.88,156.10,92.25,86.43,0.8212,-1,-1,-1
5,4,395.51,678.34,208.79,178.38,0.6070,-1,-1,-1
5,5,1165.52,317.02,126.15,123.77,0.8386,-1,-1,-1
5,6,697.25,234.48,86.43,84.97,0.8711,-1,-1,-1
5,7,988.46,82.47,90.09,96.52,0.7976,-1,-1,-1
5,8,885.83,781.31,80.52,99.32,0.7214,-1,-1,-1
5,9,492.60,414.48,124.83,145.41,0.8029,-1,-1,-1
5,10,1531.39,185.93,126.20,96.71,0.8810,-1,-1,-1
5,11,366.76,694.30,91.86,108.00,0.0362,-1,-1,-1
5,12,588.45,894.54,366.70,184.62,0.5272,-1,-1,-1
5,13,915.84,461.76,56.32,64.90,0.7454,-1,-1,-1
5,14,1278.08,608.39,98.18,100.10,1.0000,-1,-1,-1
5,15,1119.24,279.54,61.44,70.87,1.0000,-1,-1,-1
5,16,339.87,456.75,116.89,116.08,0.4940,-1,-1,-1
5,17,583.88,679.94,215.06,187.04,0.6404,-1,-1,-1
5,18,720.92,585.86,106.01,96.84,0.6993,-1,-1,-1
5,19,244.03,488.37,125.85,108.21,0.6915,-1,-1,-1
5,20,1360.52,634.43,32.66,36.14,1.0000,-1,-1,-1
5,21,540.19,459.64,163.99,121.57,0.3765,-1,-1,-1
5,22,1901.35,1048.68,25.91,28.13,1.0000,-1,-1,-1
5,23,1450.39,853.41,200.19,200.81,1.0000,-1,-1,-1
5,24,801.01,676.07,85.28,105.77,0.2296,-1,-1,-1
5,25,422.29,611.34,78.59,58.87,0.7600,-1,-1,-1
5,26,251.70,448.44,269.52,192.76,1.0000,-1,-1,-1
5,27,1382.63,423.15,78.70,73.89,0.6697,-1,-1,-1
5,29,989.94,216.44,168.30,199.73,0.7947,-1,-1,-1
5,30,1212.66,615.19,251.31,185.10,0.8678,-1,-1,-1
5,31,27.69,155.33,163.91,147.75,1.0000,-1,-1,-1
5,32,177.67,290.33,189.53,149.55,0.1924,-1,-1,-1
5,34,804.05,287.14,107.19,110.48,0.1816,-1,-1,-1
5,35,403.79,967.12,157.43,109.79,0.4523,-1,-1,-1
5,36,1095.76,284.84,77.46,66.21,1.0000,-1,-1,-1
5,37,591.65,446.99,86.63,106.39,1.0000,-1,-1,-1
5,39,1202.83,270.55,62.90,52.62,0.0517,-1,-1,-1
5,41,66.46,240.50,125.95,65.03,1.0000,-1,-1,-1
5,42,1277.01,715.00,66.81,126.56,1.0000,-1,-1,-1
5,43,1476.84,78.46,164.26,140.03,0.6346,-1,-1,-1
5,51,1483.64,822.36,410.78,273.83,1.0000,-1,-1,-1
5,62,1031.03,729.34,84.20,94.57,0.0666,-1,-1,-1
5,66,1116.02,779.91,93.21,92.34,0.5670,-1,-1,-1
5,68,146.92,635.25,181.21,169.35,0.3896,-1,-1,-1
5,70,923.75,556.73,150.80,128.53,1.0000,-1,-1,-1
5,71,328.20,460.64,209.09,172.81,0.0428,-1,-1,-1
5,72,826.53,690.69,127.83,116.47,0.3330,-1,-1,-1
5,73,587.65,92.49,168.98,87.32,0.0649,-1,-1,-1
5,75,503.02,634.40,94.13,58.15,0.3352,-1,-1,-1
5,76,584.53,582.51,83.37,72.96,0.8505,-1,-1,-1
5,77,950.94,500.04,166.87,112.00,0.6093,-1,-1,-1
5,78,1266.61,290.24,135.27,131.17,0.0184,-1,-1,-1
5,84,1201.36,746.02,80.06,104.81,0.0107,-1,-1,-1
5,85,-24.10,442.94,122.50,170.54,1.0000,-1,-1,-1
5,86,977.54,624.30,101.03,66.98,0.0558,-1,-1,-1
5,88,435.93,658.22,64.06,47.36,0.0108,-1,-1,-1
5,93,765.54,764.61,86.12,114.18,0.5064,-1,-1,-1
5,94,929.19,499.57,148.54,178.85,0.0320,-1,-1,-1
5,95,654.23,513.86,87.58,81.87,0.5212,-1,-1,-1
5,96,412.06,627.76,102.19,68.52,0.0273,-1,-1,-1
6,1,490.32,191.73,121.04,114.66,0.8731,-1,-1,-1
6,2,387.80,516.92,142.36,128.64,0.7887,-1,-1,-1
6,3,1165.56,163.60,97.89,92.39,0.6752,-1,-1,-1
6,4,375.92,693.38,212.76,180.63,0.6631,-1,-1,-1
6,5,1169.78,333.78,124.15,122.29,0.9437,-1,-1,-1
6,6,694.93,246.05,88.46,86.53,0.8725,-1,-1,-1
6,7,993.46,77.10,91.81,98.59,0.8286,-1,-1,-1
6,8,892.86,778.00,76.90,94.85,1.0000,-1,-1,-1
6,9,490.39,430.99,120.24,139.98,0.8755,-1,-1,-1
6,10,1521.02,180.83,119.66,90.72,0.9075,-1,-1,-1
6,11,367.51,701.36,88.17,103.66,1.0000,-1,-1,-1
6,12,593.09,904.00,349.46,175.59,0.3788,-1,-1,-1
6,13,916.69,472.47,57.25,65.71,0.6638,-1,-1,-1
6,14,1275.64,612.20,97.15,99.05,1.0000,-1,-1,-1
6,15,1118.95,277.61,61.59,71.05,1.0000,-1,-1,-1
6,16,330.77,468.74,117.77,116.50,0.6076,-1,-1,-1
6,17,568.87,691.56,221.10,192.84,0.6507,-1,-1,-1
6,18,715.17,599.14,106.85,98.40,0.8301,-1,-1,-1
6,19,236.03,502.02,127.14,109.51,0.6898,-1,-1,-1
6,20,1358.46,632.21,15.85,17.53,1.0000,-1,-1,-1
6,21,544.25,473.43,151.48,114.20,0.4310,-1,-1,-1
6,22,1917.19,1064.40,11.45,12.42,1.0000,-1,-1,-1
6,23,1446.83,865.34,201.28,201.91,1.0000,-1,-1,-1
6,24,795.27,673.81,88.70,110.00,1.0000,-1,-1,-1
6,25,416.07,609.40,80.64,59.39,0.0198,-1,-1,-1
6,26,247.56,454.08,281.23,201.13,1.0000,-1,-1,-1
6,27,1375.61,423.27,81.48,76.32,0.8121,-1,-1,-1
6,29,995.66,161.31,184.88,217.75,0.5772,-1,-1,-1
6,30,1173.88,614.04,237.39,177.51,0.7559,-1,-1,-1
6,31,28.30,153.71,159.24,143.54,1.0000,-1,-1,-1
6,32,173.54,299.58,189.97,149.48,0.3769,-1,-1,-1
6,34,806.85,292.65,109.32,112.19,0.4268,-1,-1,-1
6,35,421.45,990.12,128.54,87.19,0.5005,-1,-1,-1
6,36,1102.84,281.78,77.39,66.15,1.0000,-1,-1,-1
6,37,579.32,446.77,90.18,110.76,1.0000,-1,-1,-1
6,39,1199.69,268.98,66.93,55.99,1.0000,-1,-1,-1
6,41,67.69,236.94,123.66,63.85,1.0000,-1,-1,-1
6,42,1275.74,712.79,66.11,125.24,1.0000,-1,-1,-1
6,43,1471.87,77.06,173.40,148.50,0.3179,-1,-1,-1
6,51,1480.77,841.02,401.42,267.59,1.0000,-1,-1,-1
6,62,1019.60,737.03,105.53,119.13,0.1301,-1,-1,-1
6,66,1118.58,783.24,96.18,95.12,0.7845,-1,-1,-1
6,68,130.78,641.45,183.26,171.66,0.5560,-1,-1,-1
6,70,910.76,553.12,141.74,122.38,0.0379,-1,-1,-1
6,71,337.63,469.24,196.65,162.53,1.0000,-1,-1,-1
6,72,822.52,702.29,126.39,115.15,1.0000,-1,-1,-1
6,73,588.30,95.48,168.32,86.56,0.0548,-1,-1,-1
6,75,495.42,643.53,111.57,69.96,0.4122,-1,-1,-1
6,76,577.60,577.96,81.24,70.09,0.7917,-1,-1,-1
6,77,952.98,511.68,165.89,113.59,0.5967,-1,-1,-1
6,78,1261.14,290.25,143.95,139.59,1.0000,-1,-1,-1
6,84,1217.39,766.49,66.93,86.50,0.1370,-1,-1,-1
6,85,-28.12,441.38,126.51,176.11,1.0000,-1,-1,-1
6,86,973.80,638.33,109.53,73.38,0.0387,-1,-1,-1
6,88,433.93,655.92,68.77,50.84,1.0000,-1,-1,-1
6,93,762.15,767.10,87.52,116.04,1.0000,-1,-1,-1
6,94,931.89,500.75,145.82,175.57,1.0000,-1,-1,-1
6,95,645.88,503.70,87.81,82.96,0.0972,-1,-1,-1
6,96,410.94,627.36,88.14,58.89,0.6714,-1,-1,-1
6,105,28.12,235.46,141.23,84.37,0.0146,-1,-1,-1
6,111,1012.33,399.52,145.22,101.63,0.0876,-1,-1,-1
6,112,1459.36,841.48,186.59,230.26,0.2783,-1,-1,-1
7,1,486.50,203.73,117.83,111.82,0.8933,-1,-1,-1
7,2,386.86,527.18,141.35,128.42,0.6815,-1,-1,-1
7,3,1170.10,174.80,96.01,92.23,0.4292,-1,-1,-1
7,4,357.55,705.68,226.86,193.59,0.4699,-1,-1,-1
7,5,1171.72,351.01,122.39,120.83,0.9392,-1,-1,-1
7,6,689.98,258.50,89.36,87.20,0.8733,-1,-1,-1
7,7,998.53,77.34,85.17,91.41,0.6380,-1,-1,-1
7,8,899.90,774.70,73.27,90.38,1.0000,-1,-1,-1
7,9,481.00,446.34,121.69,142.09,0.7537,-1,-1,-1
7,10,1510.15,183.12,107.83,79.93,0.7460,-1,-1,-1
7,11,368.26,708.43,84.49,99.33,1.0000,-1,-1,-1
7,12,595.00,918.12,324.16,161.31,0.2385,-1,-1,-1
7,13,913.02,481.45,60.31,69.14,0.0473,-1,-1,-1
7,14,1273.19,616.01,96.13,98.01,1.0000,-1,-1,-1
7,15,1118.67,275.68,61.75,71.23,1.0000,-1,-1,-1
7,16,316.47,480.94,123.47,121.62,0.4101,-1,-1,-1
7,17,552.88,739.24,205.70,181.10,0.0389,-1,-1,-1
7,18,709.85,605.98,106.96,98.51,1.0000,-1,-1,-1
7,19,223.21,511.38,131.18,113.21,0.4084,-1,-1,-1
7,20,1356.39,629.99,-0.97,-1.07,1.0000,-1,-1,-1
7,21,521.74,479.15,182.75,141.77,0.3688,-1,-1,-1
7,22,1933.03,1080.12,-3.02,-3.28,1.0000,-1,-1,-1
7,23,1443.27,877.27,202.38,203.01,1.0000,-1,-1,-1
7,24,789.53,671.55,92.11,114.24,1.0000,-1,-1,-1
7,25,412.59,609.43,83.07,59.66,0.0798,-1,-1,-1
7,26,243.41,459.72,292.94,209.51,1.0000,-1,-1,-1
7,27,1367.35,425.67,82.99,77.72,0.6427,-1,-1,-1
7,29,1003.21,115.68,199.59,233.86,0.3824,-1,-1,-1
7,30,1127.81,610.64,232.74,177.85,0.5608,-1,-1,-1
7,31,28.91,152.10,154.56,139.33,1.0000,-1,-1,-1
7,32,168.53,309.75,188.01,147.43,0.5320,-1,-1,-1
7,34,807.78,298.05,112.55,115.05,0.2547,-1,-1,-1
7,35,430.27,1012.00,100.96,65.00,0.4893,-1,-1,-1
7,36,1109.93,278.72,77.31,66.09,1.0000,-1,-1,-1
7,37,566.99,446.55,93.74,115.13,1.0000,-1,-1,-1
7,39,1196.54,267.42,70.96,59.37,1.0000,-1,-1,-1
7,41,68.91,233.38,121.37,62.66,1.0000,-1,-1,-1
7,42,1274.48,710.57,65.42,123.92,1.0000,-1,-1,-1
7,43,1467.86,78.82,174.40,149.56,0.3323,-1,-1,-1
7,51,1477.90,859.68,392.06,261.35,1.0000,-1,-1,-1
7,62,1013.24,739.13,111.53,125.93,0.0277,-1,-1,-1
7,66,1120.40,790.30,96.29,94.68,0.6927,-1,-1,-1
7,68,111.89,646.59,184.08,172.76,0.4817,-1,-1,-1
7,70,902.42,545.44,146.86,127.89,0.0109,-1,-1,-1
7,71,347.06,477.84,184.21,152.24,1.0000,-1,-1,-1
7,72,818.50,713.90,124.94,113.83,1.0000,-1,-1,-1
7,73,589.17,93.71,168.82,86.82,1.0000,-1,-1,-1
7,75,480.52,648.64,133.24,85.84,0.0293,-1,-1,-1
7,76,567.66,578.16,72.36,61.33,0.5929,-1,-1,-1
7,77,952.11,524.68,168.16,118.04,0.2089,-1,-1,-1
7,78,1255.67,290.26,152.64,148.01,1.0000,-1,-1,-1
7,84,1220.99,772.62,65.67,83.98,0.1909,-1,-1,-1
7,85,-32.14,439.82,130.51,181.68,1.0000,-1,-1,-1
7,86,981.12,639.13,115.83,77.60,1.0000,-1,-1,-1
7,88,431.93,653.62,73.47,54.31,1.0000,-1,-1,-1
7,93,758.77,769.59,88.92,117.89,1.0000,-1,-1,-1
7,94,934.59,501.94,143.10,172.29,1.0000,-1,-1,-1
7,95,637.69,495.36,86.77,83.25,0.1353,-1,-1,-1
7,96,400.54,626.96,92.27,61.68,0.7424,-1,-1,-1
7,105,24.47,235.88,144.09,86.09,1.0000,-1,-1,-1
7,111,1004.75,405.31,151.78,107.82,0.0844,-1,-1,-1
7,112,1454.80,844.11,187.67,232.27,0.0158,-1,-1,-1
7,116,-9.23,148.17,194.61,177.11,0.0535,-1,-1,-1
7,117,1712.63,898.82,268.58,178.12,0.0429,-1,-1,-1
7,118,731.53,893.36,83.47,51.07,0.2171,-1,-1,-1
7,119,1696.11,823.95,157.71,112.79,0.0255,-1,-1,-1
7,120,1226.93,876.99,85.03,87.28,0.4807,-1,-1,-1
8,1,478.86,211.87,116.29,110.54,0.8659,-1,-1,-1
8,2,363.64,540.46,150.48,140.64,0.0385,-1,-1,-1
8,3,1167.90,184.55,91.94,89.63,0.6457,-1,-1,-1
8,4,337.77,715.85,236.40,203.77,0.0652,-1,-1,-1
8,5,1170.32,366.41,122.07,121.12,0.9336,-1,-1,-1
8,6,683.25,267.93,88.28,85.91,0.8403,-1,-1,-1
8,7,1003.11,69.50,84.18,90.34,1.0000,-1,-1,-1
8,8,906.94,771.39,69.65,85.91,1.0000,-1,-1,-1
8,9,475.28,456.11,122.74,143.32,1.0000,-1,-1,-1
8,10,1497.09,187.47,93.32,66.86,0.2307,-1,-1,-1
8,11,369.00,715.49,80.80,95.00,1.0000,-1,-1,-1
8,12,579.50,927.10,310.39,152.73,0.2321,-1,-1,-1
8,13,910.47,492.04,59.41,67.92,0.0828,-1,-1,-1
8,14,1270.75,619.82,95.10,96.96,1.0000,-1,-1,-1
8,15,1118.38,273.76,61.91,71.42,1.0000,-1,-1,-1
8,16,297.49,490.93,133.86,131.67,0.3420,-1,-1,-1
8,17,525.59,729.10,240.12,214.94,0.1173,-1,-1,-1
8,18,704.53,612.82,107.08,98.62,1.0000,-1,-1,-1
8,19,209.21,523.57,129.10,110.95,0.5210,-1,-1,-1
8,20,1354.33,627.78,-17.79,-19.68,1.0000,-1,-1,-1
8,21,515.65,482.79,188.20,145.99,1.0000,-1,-1,-1
8,22,1948.87,1095.84,-17.49,-18.98,1.0000,-1,-1,-1
8,23,1439.70,889.20,203.47,204.10,1.0000,-1,-1,-1
8,24,783.80,669.30,95.53,118.47,1.0000,-1,-1,-1
8,25,407.85,607.77,84.09,60.39,1.0000,-1,-1,-1
8,26,239.26,465.37,304.65,217.88,1.0000,-1,-1,-1
8,27,1355.42,427.60,83.40,78.33,0.3750,-1,-1,-1
8,29,1010.73,67.50,200.05,232.22,0.7448,-1,-1,-1
8,30,1081.39,604.89,237.03,185.15,0.7265,-1,-1,-1
8,31,29.52,150.49,149.89,135.12,1.0000,-1,-1,-1
8,32,155.44,315.52,190.64,148.91,0.4930,-1,-1,-1
8,34,804.95,303.49,113.98,116.04,0.6117,-1,-1,-1
8,35,432.46,1022.08,85.35,54.96,1.0000,-1,-1,-1
8,36,1117.01,275.66,77.24,66.02,1.0000,-1,-1,-1
8,37,554.66,446.33,97.30,119.50,1.0000,-1,-1,-1
8,39,1193.40,265.85,74.99,62.74,1.0000,-1,-1,-1
8,41,70.14,229.83,119.08,61.48,1.0000,-1,-1,-1
8,42,1273.22,708.36,64.72,122.60,1.0000,-1,-1,-1
8,43,1458.92,82.45,183.21,158.08,0.3171,-1,-1,-1
8,51,1475.03,878.34,382.70,255.11,1.0000,-1,-1,-1
8,62,1004.44,741.18,112.58,126.92,0.1029,-1,-1,-1
8,66,1101.76,781.35,101.29,100.02,0.6488,-1,-1,-1
8,68,88.60,650.09,191.51,180.62,0.1599,-1,-1,-1
8,70,891.57,550.35,138.86,121.63,0.0155,-1,-1,-1
8,71,356.49,486.44,171.76,141.96,1.0000,-1,-1,-1
8,72,814.48,725.50,123.50,112.52,1.0000,-1,-1,-1
8,73,590.04,91.95,169.33,87.08,1.0000,-1,-1,-1
8,75,475.11,652.77,142.56,91.85,1.0000,-1,-1,-1
8,76,561.37,571.64,69.18,58.63,1.0000,-1,-1,-1
8,77,916.35,535.28,181.04,127.85,0.0148,-1,-1,-1
8,78,1250.20,290.26,161.32,156.43,1.0000,-1,-1,-1
8,84,1216.85,774.76,67.18,85.06,0.0253,-1,-1,-1
8,85,-36.15,438.26,134.51,187.25,1.0000,-1,-1,-1
8,86,988.44,639.93,122.14,81.83,1.0000,-1,-1,-1
8,88,429.93,651.32,78.17,57.79,1.0000,-1,-1,-1
8,93,755.39,772.08,90.31,119.75,1.0000,-1,-1,-1
8,94,937.30,503.13,140.38,169.02,1.0000,-1,-1,-1
8,95,630.72,486.00,86.77,83.25,1.0000,-1,-1,-1
8,96,381.81,623.68,102.26,69.05,0.3981,-1,-1,-1
8,105,20.82,236.31,146.95,87.80,1.0000,-1,-1,-1
8,111,999.17,415.95,150.12,108.23,0.0150,-1,-1,-1
8,112,1450.16,844.73,192.83,238.65,1.0000,-1,-1,-1
8,116,-12.86,153.04,186.36,170.55,0.1022,-1,-1,-1
8,117,1733.51,905.01,258.33,171.32,1.0000,-1,-1,-1
8,118,744.39,904.86,78.28,47.90,1.0000,-1,-1,-1
8,119,1686.89,821.10,160.30,114.89,0.0745,-1,-1,-1
8,120,1217.99,876.63,83.48,85.16,0.0171,-1,-1,-1
8,123,1286.13,653.97,99.84,111.20,0.7060,-1,-1,-1
8,126,1491.86,946.97,110.74,128.85,0.6309,-1,-1,-1
8,127,1404.70,842.00,206.99,145.23,0.7872,-1,-1,-1
9,1,463.67,216.83,118.10,112.21,0.8237,-1,-1,-1
9,2,357.73,543.57,153.14,143.14,1.0000,-1,-1,-1
9,3,1156.74,195.58,85.77,83.30,0.6912,-1,-1,-1
9,4,313.67,710.05,241.29,209.78,0.3130,-1,-1,-1
9,5,1161.69,378.54,123.10,123.37,0.9432,-1,-1,-1
9,6,672.65,275.36,90.61,87.98,0.8542,-1,-1,-1
9,7,1007.69,61.66,83.19,89.28,1.0000,-1,-1,-1
9,8,913.97,768.08,66.02,81.44,1.0000,-1,-1,-1
9,9,469.56,465.89,123.80,144.55,1.0000,-1,-1,-1
9,10,1483.42,178.52,85.12,60.98,1.0000,-1,-1,-1
9,11,369.75,722.56,77.11,90.66,1.0000,-1,-1,-1
9,12,555.01,930.72,305.85,148.57,0.4148,-1,-1,-1
9,13,902.93,502.71,57.98,65.50,0.4008,-1,-1,-1
9,14,1268.31,623.62,94.08,95.92,1.0000,-1,-1,-1
9,15,1118.09,271.83,62.07,71.60,1.0000,-1,-1,-1
9,16,288.92,500.39,134.99,132.79,1.0000,-1,-1,-1
9,17,497.91,729.07,261.20,239.26,0.5720,-1,-1,-1
9,18,699.20,619.67,107.20,98.72,1.0000,-1,-1,-1
9,19,190.99,534.11,130.30,110.74,0.6701,-1,-1,-1
9,20,1352.26,625.56,-34.61,-38.28,1.0000,-1,-1,-1
9,21,509.57,486.44,193.64,150.22,1.0000,-1,-1,-1
9,22,1964.71,1111.56,-31.96,-34.69,1.0000,-1,-1,-1
9,23,1436.14,901.13,204.57,205.20,1.0000,-1,-1,-1
9,24,778.06,667.04,98.94,122.70,1.0000,-1,-1,-1
9,25,403.11,606.11,85.11,61.12,1.0000,-1,-1,-1
9,26,235.11,471.01,316.36,226.26,1.0000,-1,-1,-1
9,27,1340.67,427.83,80.64,75.54,0.1605,-1,-1,-1
9,29,1013.28,28.45,200.43,228.85,0.7413,-1,-1,-1
9,30,1040.06,598.96,239.59,190.47,0.5741,-1,-1,-1
9,31,30.14,148.88,145.22,130.91,1.0000,-1,-1,-1
9,32,138.45,320.01,191.66,149.14,0.4749,-1,-1,-1
9,34,794.88,308.11,119.58,122.29,0.4927,-1,-1,-1
9,35,434.64,1032.16,69.75,44.91,1.0000,-1,-1,-1
9,36,1124.09,272.61,77.17,65.96,1.0000,-1,-1,-1
9,37,542.33,446.11,100.86,123.87,1.0000,-1,-1,-1
9,39,1190.25,264.29,79.02,66.11,1.0000,-1,-1,-1
9,41,71.36,226.27,116.78,60.30,1.0000,-1,-1,-1
9,42,1271.96,706.15,64.02,121.28,1.0000,-1,-1,-1
9,43,1447.69,80.41,188.60,164.24,0.3213,-1,-1,-1
9,51,1472.16,897.00,373.34,248.87,1.0000,-1,-1,-1
9,62,992.73,742.07,114.22,128.94,0.0418,-1,-1,-1
9,66,1077.25,770.81,104.22,104.51,0.3188,-1,-1,-1
9,68,72.65,651.91,194.76,183.69,1.0000,-1,-1,-1
9,70,883.67,552.57,131.05,116.24,0.0490,-1,-1,-1
9,71,365.92,495.04,159.32,131.68,1.0000,-1,-1,-1
9,72,810.46,737.10,122.05,111.20,1.0000,-1,-1,-1
9,73,590.91,90.18,169.83,87.34,1.0000,-1,-1,-1
9,75,469.71,656.89,151.89,97.85,1.0000,-1,-1,-1
9,76,555.08,565.13,65.99,55.93,1.0000,-1,-1,-1
9,77,892.46,539.32,189.25,134.22,0.0715,-1,-1,-1
9,78,1244.73,290.27,170.00,164.85,1.0000,-1,-1,-1
9,84,1204.43,773.96,69.21,87.06,0.0106,-1,-1,-1
9,85,-40.17,436.70,138.51,192.82,1.0000,-1,-1,-1
9,86,995.75,640.73,128.44,86.05,1.0000,-1,-1,-1
9,88,427.93,649.02,82.88,61.27,1.0000,-1,-1,-1
9,93,752.01,774.57,91.71,121.60,1.0000,-1,-1,-1
9,94,940.00,504.31,137.66,165.74,1.0000,-1,-1,-1
9,95,623.74,476.64,86.77,83.25,1.0000,-1,-1,-1
9,96,372.70,624.38,110.56,74.24,0.7770,-1,-1,-1
9,105,17.17,236.73,149.82,89.51,1.0000,-1,-1,-1
9,111,994.97,433.44,137.11,100.74,0.0835,-1,-1,-1
9,112,1445.51,845.35,197.99,245.04,1.0000,-1,-1,-1
9,116,-23.77,150.20,186.03,172.56,0.0130,-1,-1,-1
9,117,1754.39,911.19,248.08,164.52,1.0000,-1,-1,-1
9,118,757.24,916.36,73.08,44.72,1.0000,-1,-1,-1
9,119,1669.93,816.23,168.01,121.23,0.0662,-1,-1,-1
9,120,1219.91,871.51,82.55,84.21,1.0000,-1,-1,-1
9,123,1268.07,659.25,103.92,114.71,0.6029,-1,-1,-1
9,126,1484.96,967.44,91.90,105.90,0.4363,-1,-1,-1
9,127,1373.45,843.04,202.45,143.27,0.6940,-1,-1,-1
9,132,883.33,526.51,63.79,63.43,0.0334,-1,-1,-1
9,135,1063.60,290.51,110.02,73.50,0.5751,-1,-1,-1
9,141,882.85,764.60,95.53,119.69,0.6018,-1,-1,-1
9,143,835.63,762.83,111.36,125.37,0.0282,-1,-1,-1
9,144,1260.76,312.58,94.97,100.53,0.0194,-1,-1,-1
10,1,448.97,224.03,120.11,114.00,0.6292,-1,-1,-1
10,2,351.83,546.67,155.81,145.63,1.0000,-1,-1,-1
10,3,1146.63,199.55,85.27,83.01,0.8239,-1,-1,-1
10,4,292.67,699.27,254.44,224.49,0.2217,-1,-1,-1
10,5,1156.59,389.70,121.56,123.01,0.9269,-1,-1,-1
10,6,661.67,283.39,90.62,87.78,0.8435,-1,-1,-1
10,7,1012.27,53.82,82.20,88.22,1.0000,-1,-1,-1
10,8,921.01,764.78,62.40,76.97,1.0000,-1,-1,-1
10,9,463.85,475.66,124.85,145.78,1.0000,-1,-1,-1
10,10,1469.75,169.57,76.92,55.11,1.0000,-1,-1,-1
10,11,370.50,729.62,73.43,86.33,1.0000,-1,-1,-1
10,12,532.82,931.89,305.97,146.90,0.3529,-1,-1,-1
10,13,897.42,514.57,54.42,60.45,0.7831,-1,-1,-1
10,14,1265.87,627.43,93.05,94.87,1.0000,-1,-1,-1
10,15,1117.81,269.90,62.23,71.78,1.0000,-1,-1,-1
10,16,280.34,509.86,136.13,133.91,1.0000,-1,-1,-1
10,17,479.55,736.62,264.98,247.62,0.7256,-1,-1,-1
10,18,693.88,626.51,107.32,98.83,1.0000,-1,-1,-1
10,19,181.69,542.44,130.59,110.99,1.0000,-1,-1,-1
10,20,1350.20,623.34,-51.42,-56.89,1.0000,-1,-1,-1
10,21,503.48,490.08,199.08,154.44,1.0000,-1,-1,-1
10,22,1980.55,1127.28,-46.43,-50.39,1.0000,-1,-1,-1
10,23,1432.58,913.06,205.66,206.30,1.0000,-1,-1,-1
10,24,772.32,664.79,102.35,126.94,1.0000,-1,-1,-1
10,25,398.37,604.46,86.13,61.85,1.0000,-1,-1,-1
10,26,230.97,476.66,328.07,234.64,1.0000,-1,-1,-1
10,27,1329.38,425.03,82.13,76.93,0.1051,-1,-1,-1
10,29,1014.22,-3.64,204.78,228.70,0.7928,-1,-1,-1
10,30,1005.76,590.16,246.26,199.28,0.4870,-1,-1,-1
10,31,30.75,147.27,140.55,126.69,1.0000,-1,-1,-1
10,32,131.10,324.16,191.36,148.91,1.0000,-1,-1,-1
10,34,787.77,313.43,124.65,127.60,0.4928,-1,-1,-1
10,35,436.82,1042.25,54.14,34.86,1.0000,-1,-1,-1
10,36,1131.17,269.55,77.10,65.90,1.0000,-1,-1,-1
10,37,530.00,445.89,104.41,128.23,1.0000,-1,-1,-1
10,39,1187.11,262.72,83.05,69.48,1.0000,-1,-1,-1
10,41,72.58,222.71,114.49,59.12,1.0000,-1,-1,-1
10,42,1270.69,703.94,63.32,119.96,1.0000,-1,-1,-1
10,43,1436.50,78.20,186.95,163.68,0.2259,-1,-1,-1
10,51,1469.29,915.66,363.98,242.63,1.0000,-1,-1,-1
10,62,989.68,742.67,117.63,131.73,0.0351,-1,-1,-1
10,66,1054.53,757.26,112.24,115.55,0.0368,-1,-1,-1
10,68,56.70,653.73,198.02,186.76,1.0000,-1,-1,-1
10,70,875.84,555.56,128.32,114.90,0.0283,-1,-1,-1
10,71,375.35,503.64,146.88,121.40,1.0000,-1,-1,-1
10,72,806.45,748.70,120.61,109.88,1.0000,-1,-1,-1
10,73,591.78,88.41,170.33,87.60,1.0000,-1,-1,-1
10,75,464.31,661.01,161.21,103.86,1.0000,-1,-1,-1
10,76,548.80,558.62,62.80,53.22,1.0000,-1,-1,-1
10,77,883.48,547.81,183.72,129.96,0.4633,-1,-1,-1
10,78,1239.27,290.28,178.68,173.27,1.0000,-1,-1,-1
10,84,1195.17,772.05,70.35,87.32,0.0100,-1,-1,-1
10,85,-44.19,435.14,142.51,198.39,1.0000,-1,-1,-1
10,86,1003.07,641.54,134.75,90.28,1.0000,-1,-1,-1
10,88,425.92,646.72,87.58,64.75,1.0000,-1,-1,-1
10,93,748.63,777.06,93.11,123.45,1.0000,-1,-1,-1
10,94,942.70,505.50,134.93,162.46,1.0000,-1,-1,-1
10,95,616.77,467.28,86.77,83.25,1.0000,-1,-1,-1
10,96,337.74,586.17,168.70,115.80,0.8408,-1,-1,-1
10,105,13.52,237.16,152.68,91.22,1.0000,-1,-1,-1
10,111,990.91,447.08,126.19,94.45,0.0455,-1,-1,-1
10,112,1440.86,845.97,203.14,251.42,1.0000,-1,-1,-1
10,116,-29.44,150.60,186.26,172.77,1.0000,-1,-1,-1
10,117,1775.27,917.37,237.82,157.72,1.0000,-1,-1,-1
10,118,770.09,927.85,67.88,41.54,1.0000,-1,-1,-1
10,119,1666.88,806.26,168.30,121.56,0.0309,-1,-1,-1
10,120,1221.82,866.39,81.62,83.26,1.0000,-1,-1,-1
10,123,1255.55,668.91,102.04,111.76,0.5730,-1,-1,-1
10,126,1483.55,977.63,82.49,95.06,1.0000,-1,-1,-1
10,127,1351.36,842.10,206.67,147.61,0.7353,-1,-1,-1
10,132,879.13,523.61,63.56,63.20,1.0000,-1,-1,-1
10,135,1055.64,287.47,106.14,71.74,0.6310,-1,-1,-1
10,141,878.08,760.52,98.09,123.85,0.3564,-1,-1,-1
10,143,830.58,762.15,115.23,128.21,0.1730,-1,-1,-1
10,144,1252.76,314.23,90.86,96.18,0.0121,-1,-1,-1
10,150,966.90,549.92,96.07,119.28,0.1910,-1,-1,-1
11,1,437.51,232.12,118.96,112.98,0.8262,-1,-1,-1
11,2,345.92,549.78,158.47,148.12,1.0000,-1,-1,-1
11,3,1138.81,201.67,85.46,83.43,0.8011,-1,-1,-1
11,4,288.50,721.15,233.32,205.49,0.3466,-1,-1,-1
11,5,1153.44,399.64,118.49,120.82,0.9000,-1,-1,-1
11,6,651.08,290.98,90.41,87.03,0.8011,-1,-1,-1
11,7,1016.85,45.98,81.21,87.16,1.0000,-1,-1,-1
11,8,928.05,761.47,58.77,72.50,1.0000,-1,-1,-1
11,9,445.29,495.07,109.79,126.08,0.8798,-1,-1,-1
11,10,1456.07,160.62,68.72,49.23,1.0000,-1,-1,-1
11,11,371.24,736.68,69.74,81.99,1.0000,-1,-1,-1
11,12,518.67,939.37,294.70,139.26,0.4417,-1,-1,-1
11,13,893.01,520.00,53.22,58.24,0.8215,-1,-1,-1
11,14,1263.42,631.24,92.03,93.83,1.0000,-1,-1,-1
11,15,1117.52,267.97,62.39,71.97,1.0000,-1,-1,-1
11,16,271.77,519.32,137.27,135.03,1.0000,-1,-1,-1
11,17,466.42,747.13,250.65,235.08,0.8411,-1,-1,-1
11,18,688.56,633.35,107.44,98.94,1.0000,-1,-1,-1
11,19,172.38,550.77,130.89,111.24,1.0000,-1,-1,-1
11,20,1348.13,621.13,-68.24,-75.50,1.0000,-1,-1,-1
11,21,497.39,493.72,204.52,158.66,1.0000,-1,-1,-1
11,22,1996.39,1143.00,-60.89,-66.10,1.0000,-1,-1,-1
11,23,1429.01,924.98,206.76,207.40,1.0000,-1,-1,-1
11,24,766.58,662.53,105.77,131.17,1.0000,-1,-1,-1
11,25,393.63,602.80,87.14,62.58,1.0000,-1,-1,-1
11,26,226.82,482.30,339.79,243.01,1.0000,-1,-1,-1
11,27,1317.05,422.83,81.35,76.95,0.2514,-1,-1,-1
11,29,1027.08,-13.83,190.28,202.76,0.4594,-1,-1,-1
11,30,977.52,583.57,249.59,204.87,0.6904,-1,-1,-1
11,31,31.36,145.65,135.88,122.48,1.0000,-1,-1,-1
11,32,123.75,328.31,191.05,148.67,1.0000,-1,-1,-1
11,34,784.82,319.25,125.52,128.78,0.6576,-1,-1,-1
11,35,439.00,1052.33,38.54,24.81,1.0000,-1,-1,-1
11,36,1138.25,266.49,77.03,65.84,1.0000,-1,-1,-1
11,37,517.67,445.67,107.97,132.60,1.0000,-1,-1,-1
11,39,1183.96,261.15,87.08,72.86,1.0000,-1,-1,-1
11,41,73.81,219.16,112.20,57.93,1.0000,-1,-1,-1
11,42,1269.43,701.73,62.63,118.64,1.0000,-1,-1,-1
11,43,1426.40,71.96,187.76,164.80,0.2534,-1,-1,-1
11,51,1466.42,934.32,354.62,236.39,1.0000,-1,-1,-1
11,62,990.04,743.35,119.35,130.97,0.2127,-1,-1,-1
11,66,1046.23,760.16,103.63,109.96,0.0620,-1,-1,-1
11,68,40.74,655.54,201.27,189.83,1.0000,-1,-1,-1
11,70,870.45,557.86,122.16,110.37,0.0342,-1,-1,-1
11,71,384.78,512.24,134.44,111.12,1.0000,-1,-1,-1
11,72,802.43,760.31,119.16,108.57,1.0000,-1,-1,-1
11,73,592.66,86.65,170.84,87.86,1.0000,-1,-1,-1
11,75,458.90,665.14,170.54,109.87,1.0000,-1,-1,-1
11,76,542.51,552.10,59.61,50.52,1.0000,-1,-1,-1
11,77,873.85,552.83,190.31,134.63,1.0000,-1,-1,-1
11,78,1233.80,290.29,187.36,181.68,1.0000,-1,-1,-1
11,84,1192.02,770.46,72.21,87.85,0.1372,-1,-1,-1
11,85,-48.21,433.58,146.51,203.96,1.0000,-1,-1,-1
11,86,1010.38,642.34,141.05,94.50,1.0000,-1,-1,-1
11,88,423.92,644.42,92.28,68.22,1.0000,-1,-1,-1
11,93,745.24,779.55,94.51,125.31,1.0000,-1,-1,-1
11,94,945.40,506.68,132.21,159.19,1.0000,-1,-1,-1
11,95,609.79,457.92,86.77,83.25,1.0000,-1,-1,-1
11,96,319.72,580.45,187.65,131.36,0.7252,-1,-1,-1
11,105,9.88,237.58,155.55,92.93,1.0000,-1,-1,-1
11,111,985.64,456.82,118.74,90.77,0.0514,-1,-1,-1
11,112,1436.21,846.59,208.30,257.80,1.0000,-1,-1,-1
11,116,-35.12,151.00,186.49,172.99,1.0000,-1,-1,-1
11,117,1796.15,923.56,227.57,150.92,1.0000,-1,-1,-1
11,118,782.95,939.35,62.69,38.36,1.0000,-1,-1,-1
11,119,1660.15,797.51,161.67,117.34,0.2825,-1,-1,-1
11,120,1223.74,861.28,80.69,82.32,1.0000,-1,-1,-1
11,123,1249.89,677.69,103.44,111.78,0.5273,-1,-1,-1
11,126,1482.14,987.82,73.08,84.21,1.0000,-1,-1,-1
11,127,1334.14,838.82,212.98,153.56,0.7620,-1,-1,-1
11,132,874.94,520.71,63.33,62.97,1.0000,-1,-1,-1
11,135,1049.55,286.21,101.41,69.37,0.7318,-1,-1,-1
11,141,875.63,757.70,99.08,125.96,0.4373,-1,-1,-1
11,143,825.62,757.10,123.59,135.91,0.0639,-1,-1,-1
11,144,1246.08,315.88,90.03,95.30,1.0000,-1,-1,-1
11,150,964.80,558.04,92.09,114.17,0.5276,-1,-1,-1
11,151,709.56,895.59,94.66,71.68,0.7793,-1,-1,-1
11,152,1489.04,992.19,294.83,85.54,0.2380,-1,-1,-1
11,153,479.85,682.76,87.34,86.28,0.2031,-1,-1,-1
11,154,673.50,659.72,90.29,106.70,0.3197,-1,-1,-1
11,155,1687.24,873.97,226.92,203.66,0.1310,-1,-1,-1
11,156,1522.51,782.00,163.56,162.36,0.1040,-1,-1,-1
12,1,425.41,239.54,120.19,114.25,0.8565,-1,-1,-1
12,2,340.01,552.88,161.14,150.61,1.0000,-1,-1,-1
12,3,1131.72,205.45,84.88,83.14,0.8233,-1,-1,-1
12,4,285.55,732.18,237.40,213.19,0.3863,-1,-1,-1
12,5,1149.95,408.59,117.35,120.50,0.8726,-1,-1,-1
12,6,638.99,299.01,91.91,88.05,0.8358,-1,-1,-1
12,7,1021.43,38.14,80.22,86.10,1.0000,-1,-1,-1
12,8,935.08,758.17,55.15,68.03,1.0000,-1,-1,-1
12,9,433.34,508.22,113.19,128.68,0.8076,-1,-1,-1
12,10,1442.40,151.68,60.52,43.36,1.0000,-1,-1,-1
12,11,371.99,743.75,66.06,77.66,1.0000,-1,-1,-1
12,12,505.72,947.31,280.50,130.16,0.1854,-1,-1,-1
12,13,887.74,528.79,51.61,55.24,0.5912,-1,-1,-1
12,14,1260.98,635.05,91.00,92.78,1.0000,-1,-1,-1
12,15,1117.24,266.05,62.55,72.15,1.0000,-1,-1,-1
12,16,263.20,528.78,138.40,136.14,1.0000,-1,-1,-1
12,17,454.73,759.60,234.16,217.16,0.5339,-1,-1,-1
12,18,683.24,640.19,107.56,99.05,1.0000,-1,-1,-1
12,19,163.08,559.09,131.18,111.49,1.0000,-1,-1,-1
12,20,1346.06,618.91,-85.06,-94.10,1.0000,-1,-1,-1
12,21,491.31,497.37,209.96,162.88,1.0000,-1,-1,-1
12,22,2012.23,1158.72,-75.36,-81.80,1.0000,-1,-1,-1
12,23,1425.45,936.91,207.85,208.50,1.0000,-1,-1,-1
12,24,760.84,660.28,109.18,135.41,1.0000,-1,-1,-1
12,25,388.88,601.14,88.16,63.31,1.0000,-1,-1,-1
12,26,222.67,487.95,351.50,251.39,1.0000,-1,-1,-1
12,27,1307.05,419.08,83.13,78.83,0.1909,-1,-1,-1
12,29,1055.23,-14.79,165.05,167.30,0.7697,-1,-1,-1
12,30,949.56,573.93,257.60,214.10,0.6679,-1,-1,-1
12,31,31.97,144.04,131.20,118.27,1.0000,-1,-1,-1
12,32,116.40,332.46,190.75,148.44,1.0000,-1,-1,-1
12,34,778.16,324.57,127.48,131.34,0.2288,-1,-1,-1
12,35,441.19,1062.41,22.93,14.77,1.0000,-1,-1,-1
12,36,1145.33,263.44,76.96,65.78,1.0000,-1,-1,-1
12,37,505.34,445.45,111.53,136.97,1.0000,-1,-1,-1
12,39,1180.81,259.59,91.12,76.23,1.0000,-1,-1,-1
12,41,75.03,215.60,109.91,56.75,1.0000,-1,-1,-1
12,42,1268.17,699.52,61.93,117.31,1.0000,-1,-1,-1
12,43,1415.41,66.45,188.17,165.13,0.3562,-1,-1,-1
12,51,1463.55,952.98,345.26,230.15,1.0000,-1,-1,-1
12,62,985.25,755.25,111.26,119.81,0.0388,-1,-1,-1
12,66,1035.40,755.52,105.06,111.49,1.0000,-1,-1,-1
12,68,24.79,657.36,204.53,192.90,1.0000,-1,-1,-1
12,70,866.54,563.82,114.41,103.63,0.1024,-1,-1,-1
12,71,394.21,520.84,122.00,100.83,1.0000,-1,-1,-1
12,72,798.41,771.91,117.72,107.25,1.0000,-1,-1,-1
12,73,593.53,84.88,171.34,88.12,1.0000,-1,-1,-1
12,75,453.50,669.26,179.86,115.88,1.0000,-1,-1,-1
12,76,536.23,545.59,56.42,47.82,1.0000,-1,-1,-1
12,77,864.23,557.85,196.91,139.29,1.0000,-1,-1,-1
12,78,1228.33,290.30,196.05,190.10,1.0000,-1,-1,-1
12,84,1188.52,767.95,72.46,87.72,0.4556,-1,-1,-1
12,85,-52.23,432.02,150.52,209.53,1.0000,-1,-1,-1
12,86,1017.70,643.14,147.36,98.73,1.0000,-1,-1,-1
12,88,421.92,642.12,96.99,71.70,1.0000,-1,-1,-1
12,93,741.86,782.04,95.91,127.16,1.0000,-1,-1,-1
12,94,948.11,507.87,129.49,155.91,1.0000,-1,-1,-1
12,95,602.81,448.56,86.77,83.25,1.0000,-1,-1,-1
12,96,302.96,586.98,201.15,144.03,0.5068,-1,-1,-1
12,105,6.23,238.01,158.41,94.64,1.0000,-1,-1,-1
12,111,979.55,469.09,113.47,88.56,0.0106,-1,-1,-1
12,112,1431.56,847.21,213.46,264.19,1.0000,-1,-1,-1
12,116,-40.79,151.39,186.72,173.20,1.0000,-1,-1,-1
12,117,1817.03,929.74,217.32,144.12,1.0000,-1,-1,-1
12,118,795.80,950.84,57.49,35.18,1.0000,-1,-1,-1
12,119,1658.79,792.32,152.44,110.89,0.2218,-1,-1,-1
12,120,1225.66,856.16,79.77,81.37,1.0000,-1,-1,-1
12,123,1240.43,682.69,103.46,110.96,0.5248,-1,-1,-1
12,126,1480.73,998.01,63.66,73.36,1.0000,-1,-1,-1
12,127,1322.19,839.24,219.99,159.70,0.6705,-1,-1,-1
12,132,870.75,517.82,63.10,62.75,1.0000,-1,-1,-1
12,135,1038.47,286.92,99.43,69.02,0.7067,-1,-1,-1
12,141,874.56,757.36,96.24,123.15,0.5774,-1,-1,-1
12,143,811.86,756.03,139.81,152.91,0.0120,-1,-1,-1
12,144,1239.40,317.54,89.20,94.42,1.0000,-1,-1,-1
12,150,961.45,563.01,90.90,112.69,1.0000,-1,-1,-1
12,151,699.30,898.75,105.72,80.73,0.3270,-1,-1,-1
12,152,1473.87,987.45,306.96,89.76,0.1031,-1,-1,-1
12,153,475.52,688.12,90.06,89.61,0.0523,-1,-1,-1
12,154,666.83,671.74,93.43,109.22,0.5967,-1,-1,-1
12,155,1671.19,864.14,237.12,212.58,0.1656,-1,-1,-1
12,156,1515.19,776.97,166.49,165.35,0.0922,-1,-1,-1
12,163,524.17,531.40,105.61,130.91,0.3613,-1,-1,-1
12,164,551.49,463.29,88.51,92.14,0.4217,-1,-1,-1
13,1,409.86,248.97,120.18,114.24,0.8868,-1,-1,-1
13,2,334.11,555.99,163.81,153.10,1.0000,-1,-1,-1
13,3,1122.04,211.79,85.65,84.37,0.7705,-1,-1,-1
13,4,266.18,714.95,261.34,241.03,0.3769,-1,-1,-1
13,5,1145.94,418.72,116.23,120.58,0.8916,-1,-1,-1
13,6,627.29,307.85,93.06,88.76,0.8236,-1,-1,-1
13,7,1026.01,30.30,79.24,85.04,1.0000,-1,-1,-1
13,8,942.12,754.86,51.53,63.56,1.0000,-1,-1,-1
13,9,423.88,520.04,112.54,126.06,0.8446,-1,-1,-1
13,10,1428.73,142.73,52.32,37.48,1.0000,-1,-1,-1
13,11,372.74,750.81,62.37,73.33,1.0000,-1,-1,-1
13,12,492.66,941.92,293.15,134.41,0.2944,-1,-1,-1
13,13,882.02,536.22,50.33,52.07,0.3111,-1,-1,-1
13,14,1258.54,638.86,89.98,91.74,1.0000,-1,-1,-1
13,15,1116.95,264.12,62.70,72.33,1.0000,-1,-1,-1
13,16,254.63,538.25,139.54,137.26,1.0000,-1,-1,-1
13,17,433.30,769.48,230.53,210.81,0.6895,-1,-1,-1
13,18,677.91,647.04,107.67,99.16,1.0000,-1,-1,-1
13,19,153.77,567.42,131.47,111.74,1.0000,-1,-1,-1
13,20,1344.00,616.69,-101.88,-112.71,1.0000,-1,-1,-1
13,21,485.22,501.01,215.40,167.10,1.0000,-1,-1,-1
13,22,2028.07,1174.44,-89.83,-97.50,1.0000,-1,-1,-1
13,23,1421.88,948.84,208.94,209.59,1.0000,-1,-1,-1
13,24,755.10,658.02,112.60,139.64,1.0000,-1,-1,-1
13,25,384.14,599.49,89.18,64.04,1.0000,-1,-1,-1
13,26,218.52,493.59,363.21,259.76,1.0000,-1,-1,-1
13,27,1294.53,420.30,79.28,75.74,0.0321,-1,-1,-1
13,29,1078.99,-11.50,143.41,135.92,0.5280,-1,-1,-1
13,30,929.81,574.69,255.38,214.93,0.8828,-1,-1,-1
13,31,32.59,142.43,126.53,114.06,1.0000,-1,-1,-1
13,32,109.05,336.62,190.45,148.20,1.0000,-1,-1,-1
13,34,771.22,330.51,128.66,133.26,0.0914,-1,-1,-1
13,35,443.37,1072.49,7.33,4.72,1.0000,-1,-1,-1
13,36,1152.42,260.38,76.89,65.72,1.0000,-1,-1,-1
13,37,493.01,445.23,115.08,141.34,1.0000,-1,-1,-1
13,39,1177.67,258.02,95.15,79.60,1.0000,-1,-1,-1
13,41,76.26,212.05,107.62,55.57,1.0000,-1,-1,-1
13,42,1266.91,697.30,61.23,115.99,1.0000,-1,-1,-1
13,43,1408.60,63.32,184.60,161.68,0.1418,-1,-1,-1
13,51,1460.68,971.64,335.90,223.91,1.0000,-1,-1,-1
13,62,975.41,759.09,112.34,119.52,0.0427,-1,-1,-1
13,66,1024.58,750.88,106.50,113.01,1.0000,-1,-1,-1
13,68,8.83,659.17,207.78,195.97,1.0000,-1,-1,-1
13,70,849.87,552.74,129.19,118.67,0.2696,-1,-1,-1
13,71,403.64,529.43,109.56,90.55,1.0000,-1,-1,-1
13,72,794.40,783.51,116.27,105.93,1.0000,-1,-1,-1
13,73,594.40,83.12,171.85,88.37,1.0000,-1,-1,-1
13,75,448.10,673.38,189.18,121.88,1.0000,-1,-1,-1
13,76,529.94,539.07,53.24,45.12,1.0000,-1,-1,-1
13,77,854.60,562.86,203.51,143.96,1.0000,-1,-1,-1
13,78,1222.86,290.30,204.73,198.52,1.0000,-1,-1,-1
13,84,1185.94,767.54,70.88,85.74,0.1941,-1,-1,-1
13,85,-56.24,430.46,154.52,215.10,1.0000,-1,-1,-1
13,86,1025.02,643.95,153.66,102.95,1.0000,-1,-1,-1
13,88,419.92,639.82,101.69,75.18,1.0000,-1,-1,-1
13,93,738.48,784.53,97.31,129.02,1.0000,-1,-1,-1
13,94,950.81,509.05,126.77,152.63,1.0000,-1,-1,-1
13,95,595.84,439.20,86.77,83.25,1.0000,-1,-1,-1
13,96,300.82,598.10,188.10,136.04,0.2537,-1,-1,-1
13,105,2.58,238.43,161.28,96.35,1.0000,-1,-1,-1
13,111,972.98,474.98,115.17,89.89,1.0000,-1,-1,-1
13,112,1426.91,847.83,218.62,270.57,1.0000,-1,-1,-1
13,116,-46.46,151.79,186.95,173.41,1.0000,-1,-1,-1
13,117,1837.91,935.93,207.07,137.32,1.0000,-1,-1,-1
13,118,808.65,962.34,52.29,32.00,1.0000,-1,-1,-1
13,119,1654.94,786.69,144.38,104.75,0.5255,-1,-1,-1
13,120,1227.58,851.04,78.84,80.42,1.0000,-1,-1,-1
13,123,1232.50,690.84,100.53,106.96,0.7123,-1,-1,-1
13,126,1479.32,1008.20,54.25,62.52,1.0000,-1,-1,-1
13,127,1313.24,840.21,224.57,163.63,0.7901,-1,-1,-1
13,132,866.55,514.92,62.87,62.52,1.0000,-1,-1,-1
13,135,1033.04,288.90,92.95,65.59,0.7529,-1,-1,-1
13,141,868.93,756.70,93.74,119.83,0.1513,-1,-1,-1
13,143,811.33,756.24,142.55,155.38,0.1437,-1,-1,-1
13,144,1232.71,319.19,88.36,93.53,1.0000,-1,-1,-1
13,150,958.09,567.98,89.70,111.20,1.0000,-1,-1,-1
13,151,687.24,901.07,119.83,92.55,0.3412,-1,-1,-1
13,152,1460.99,984.73,311.64,91.98,0.1064,-1,-1,-1
13,153,475.32,686.58,91.18,90.67,0.4974,-1,-1,-1
13,154,654.01,677.46,95.39,110.49,0.6755,-1,-1,-1
13,155,1653.10,856.05,245.44,219.86,0.2726,-1,-1,-1
13,156,1506.65,774.89,166.64,166.02,0.2285,-1,-1,-1
13,163,519.20,540.95,107.84,134.22,0.1385,-1,-1,-1
13,164,537.66,463.73,90.59,94.45,0.1379,-1,-1,-1
13,168,371.71,703.50,144.45,105.35,0.0578,-1,-1,-1
13,172,982.93,44.10,75.22,95.38,0.8259,-1,-1,-1
13,173,202.45,536.49,152.52,104.94,0.6010,-1,-1,-1
13,175,1292.68,622.43,56.25,59.71,0.3428,-1,-1,-1
13,177,1165.31,963.13,112.44,113.16,0.0140,-1,-1,-1
13,178,1172.41,885.85,83.28,63.58,0.3206,-1,-1,-1
13,179,726.35,781.84,85.90,93.31,0.2280,-1,-1,-1
14,1,394.12,255.56,121.42,115.27,0.8661,-1,-1,-1
14,2,328.20,559.10,166.47,155.59,1.0000,-1,-1,-1
14,3,1111.46,213.57,87.97,87.36,0.8230,-1,-1,-1
14,4,219.35,718.51,268.81,247.63,0.0243,-1,-1,-1
14,5,1142.64,426.81,112.15,116.92,0.8003,-1,-1,-1
14,6,613.49,312.47,93.12,88.25,0.8469,-1,-1,-1
14,7,1030.59,22.46,78.25,83.98,1.0000,-1,-1,-1
14,8,949.16,751.56,47.90,59.09,1.0000,-1,-1,-1
14,9,413.78,529.17,112.93,124.30,0.8523,-1,-1,-1
14,10,1415.05,133.78,44.12,31.61,1.0000,-1,-1,-1
14,11,373.48,757.87,58.68,68.99,1.0000,-1,-1,-1
14,12,470.90,929.37,323.63,147.44,0.2560,-1,-1,-1
14,13,874.69,540.23,47.65,47.37,0.3214,-1,-1,-1
14,14,1256.09,642.66,88.95,90.69,1.0000,-1,-1,-1
14,15,1116.66,262.19,62.86,72.52,1.0000,-1,-1,-1
14,16,246.06,547.71,140.67,138.38,1.0000,-1,-1,-1
14,17,416.98,770.77,233.12,211.18,0.7579,-1,-1,-1
14,18,672.59,653.88,107.79,99.27,1.0000,-1,-1,-1
14,19,144.47,575.75,131.77,111.99,1.0000,-1,-1,-1
14,20,1341.93,614.48,-118.69,-131.31,1.0000,-1,-1,-1
14,21,479.14,504.65,220.84,171.32,1.0000,-1,-1,-1
14,22,2043.91,1190.16,-104.30,-113.21,1.0000,-1,-1,-1
14,23,1418.32,960.77,210.04,210.69,1.0000,-1,-1,-1
14,24,749.37,655.77,116.01,143.88,1.0000,-1,-1,-1
14,25,379.40,597.83,90.20,64.77,1.0000,-1,-1,-1
14,26,214.38,499.24,374.92,268.14,1.0000,-1,-1,-1
14,27,1280.36,416.43,80.43,78.24,0.0250,-1,-1,-1
14,29,1101.79,-7.22,111.97,94.46,0.1042,-1,-1,-1
14,30,908.92,568.71,258.53,220.84,0.5636,-1,-1,-1
14,31,33.20,140.82,121.86,109.85,1.0000,-1,-1,-1
14,32,101.70,340.77,190.14,147.96,1.0000,-1,-1,-1
14,34,762.79,337.16,127.91,132.04,0.1745,-1,-1,-1
14,35,445.55,1082.58,-8.28,-5.33,1.0000,-1,-1,-1
14,36,1159.50,257.32,76.81,65.66,1.0000,-1,-1,-1
14,37,480.68,445.01,118.64,145.71,1.0000,-1,-1,-1
14,39,1174.52,256.46,99.18,82.98,1.0000,-1,-1,-1
14,41,77.48,208.49,105.33,54.38,1.0000,-1,-1,-1
14,42,1265.65,695.09,60.53,114.67,1.0000,-1,-1,-1
14,43,1394.49,59.12,180.94,156.20,0.3489,-1,-1,-1
14,51,1457.81,990.30,326.54,217.67,1.0000,-1,-1,-1
14,62,968.81,760.26,112.54,118.76,0.6790,-1,-1,-1
14,66,1013.76,746.23,107.93,114.53,1.0000,-1,-1,-1
14,68,-7.12,660.99,211.04,199.04,1.0000,-1,-1,-1
14,70,837.99,551.40,132.71,122.93,0.3725,-1,-1,-1
14,71,413.07,538.03,97.12,80.27,1.0000,-1,-1,-1
14,72,790.38,795.11,114.83,104.62,1.0000,-1,-1,-1
14,73,595.27,81.35,172.35,88.63,1.0000,-1,-1,-1
14,75,442.69,677.50,198.51,127.89,1.0000,-1,-1,-1
14,76,523.65,532.56,50.05,42.42,1.0000,-1,-1,-1
14,77,844.98,567.88,210.10,148.63,1.0000,-1,-1,-1
14,78,1217.39,290.31,213.41,206.94,1.0000,-1,-1,-1
14,84,1180.59,762.39,70.97,85.16,0.2102,-1,-1,-1
14,85,-60.26,428.90,158.52,220.67,1.0000,-1,-1,-1
14,86,1032.33,644.75,159.97,107.17,1.0000,-1,-1,-1
14,88,417.92,637.52,106.40,78.65,1.0000,-1,-1,-1
14,93,735.10,787.02,98.71,130.87,1.0000,-1,-1,-1
14,94,953.51,510.24,124.05,149.36,1.0000,-1,-1,-1
14,95,588.86,429.84,86.77,83.25,1.0000,-1,-1,-1
14,96,305.40,610.03,168.54,122.23,0.0158,-1,-1,-1
14,105,-1.07,238.86,164.14,98.07,1.0000,-1,-1,-1
14,111,966.40,480.87,116.87,91.22,1.0000,-1,-1,-1
14,112,1422.26,848.45,223.78,276.96,1.0000,-1,-1,-1
14,116,-52.14,152.19,187.18,173.62,1.0000,-1,-1,-1
14,117,1858.79,942.11,196.81,130.53,1.0000,-1,-1,-1
14,118,821.51,973.84,47.10,28.82,1.0000,-1,-1,-1
14,119,1647.57,776.62,139.93,101.15,0.6335,-1,-1,-1
14,120,1229.50,845.92,77.91,79.47,1.0000,-1,-1,-1
14,123,1220.83,696.95,100.30,105.80,0.7834,-1,-1,-1
14,126,1477.91,1018.39,44.84,51.67,1.0000,-1,-1,-1
14,127,1297.03,835.64,231.36,169.38,0.8426,-1,-1,-1
14,132,862.36,512.03,62.65,62.29,1.0000,-1,-1,-1
14,135,1022.10,288.38,91.76,65.90,0.7202,-1,-1,-1
14,141,864.72,752.31,94.62,121.05,0.7031,-1,-1,-1
14,143,788.96,768.19,135.79,147.24,0.4711,-1,-1,-1
14,144,1226.03,320.85,87.53,92.65,1.0000,-1,-1,-1
14,150,954.74,572.96,88.51,109.72,1.0000,-1,-1,-1
14,151,684.72,898.73,115.11,89.48,0.1405,-1,-1,-1
14,152,1429.95,972.53,349.61,104.98,0.1283,-1,-1,-1
14,153,474.00,689.10,92.44,91.92,1.0000,-1,-1,-1
14,154,643.12,683.84,92.54,105.80,0.0876,-1,-1,-1
14,155,1627.42,848.70,253.04,227.51,0.4797,-1,-1,-1
14,156,1500.03,769.29,162.06,162.04,0.5261,-1,-1,-1
14,163,515.56,547.85,109.05,135.74,1.0000,-1,-1,-1
14,164,523.51,459.87,92.48,96.76,0.3231,-1,-1,-1
14,168,370.26,713.54,152.10,113.61,0.0706,-1,-1,-1
14,172,976.30,35.72,76.43,96.20,0.7982,-1,-1,-1
14,173,180.35,548.17,151.73,104.97,0.4283,-1,-1,-1
14,175,1282.72,607.95,58.87,62.63,0.4091,-1,-1,-1
14,177,1154.31,954.25,121.75,122.86,0.0283,-1,-1,-1
14,178,1168.95,887.86,79.24,60.50,1.0000,-1,-1,-1
14,179,725.41,785.80,84.28,91.56,1.0000,-1,-1,-1
14,181,185.44,823.52,263.33,159.00,0.0167,-1,-1,-1
14,183,1383.63,111.78,72.93,93.91,0.4803,-1,-1,-1
14,186,-56.20,114.06,369.19,401.09,0.0430,-1,-1,-1
14,194,264.07,525.01,93.37,82.76,0.3805,-1,-1,-1
15,1,378.88,255.21,124.37,118.32,0.7366,-1,-1,-1
15,2,322.29,562.20,169.14,158.09,1.0000,-1,-1,-1
15,3,1104.04,212.12,86.46,86.15,0.8131,-1,-1,-1
15,4,199.62,722.96,276.42,254.64,1.0000,-1,-1,-1
15,5,1141.62,431.39,109.25,114.44,0.4123,-1,-1,-1
15,6,601.32,312.47,95.15,89.55,0.7968,-1,-1,-1
15,7,1035.17,14.62,77.26,82.92,1.0000,-1,-1,-1
15,8,956.20,748.25,44.28,54.62,1.0000,-1,-1,-1
15,9,405.26,535.26,113.60,122.33,0.7935,-1,-1,-1
15,10,1401.38,124.83,35.92,25.73,1.0000,-1,-1,-1
15,11,374.23,764.94,55.00,64.66,1.0000,-1,-1,-1
15,12,364.24,894.51,412.09,183.59,0.0572,-1,-1,-1
15,13,871.85,542.31,42.35,40.24,0.2370,-1,-1,-1
15,14,1253.65,646.47,87.93,89.65,1.0000,-1,-1,-1
15,15,1116.38,260.26,63.02,72.70,1.0000,-1,-1,-1
15,16,237.48,557.17,141.81,139.50,1.0000,-1,-1,-1
15,17,437.44,769.16,191.53,167.81,0.4566,-1,-1,-1
15,18,667.27,660.72,107.91,99.38,1.0000,-1,-1,-1
15,19,135.16,584.08,132.06,112.24,1.0000,-1,-1,-1
15,20,1339.87,612.26,-135.51,-149.92,1.0000,-1,-1,-1
15,21,473.05,508.30,226.28,175.54,1.0000,-1,-1,-1
15,22,2059.75,1205.88,-118.76,-128.91,1.0000,-1,-1,-1
15,23,1414.76,972.70,211.13,211.79,1.0000,-1,-1,-1
15,24,743.63,653.51,119.43,148.11,1.0000,-1,-1,-1
15,25,374.66,596.17,91.21,65.50,1.0000,-1,-1,-1
15,26,210.23,504.88,386.63,276.51,1.0000,-1,-1,-1
15,27,1270.76,409.66,79.04,77.25,0.1249,-1,-1,-1
15,29,1120.30,-29.11,92.53,78.07,1.0000,-1,-1,-1
15,30,892.21,562.09,261.95,227.18,0.4022,-1,-1,-1
15,31,33.81,139.20,117.19,105.64,1.0000,-1,-1,-1
15,32,94.35,344.92,189.84,147.73,1.0000,-1,-1,-1
15,34,759.89,340.29,129.80,133.99,1.0000,-1,-1,-1
15,35,447.73,1092.66,-23.88,-15.38,1.0000,-1,-1,-1
15,36,1166.58,254.27,76.74,65.60,1.0000,-1,-1,-1
15,37,468.34,444.79,122.20,150.08,1.0000,-1,-1,-1
15,39,1171.38,254.89,103.21,86.35,1.0000,-1,-1,-1
15,41,78.71,204.93,103.04,53.20,1.0000,-1,-1,-1
15,42,1264.38,692.88,59.84,113.35,1.0000,-1,-1,-1
15,43,1405.20,48.06,174.89,152.41,0.1270,-1,-1,-1
15,51,1454.94,1008.96,317.17,211.43,1.0000,-1,-1,-1
15,62,969.74,761.89,110.84,114.62,0.2866,-1,-1,-1
15,66,1002.94,741.59,109.37,116.06,1.0000,-1,-1,-1
15,68,-23.07,662.81,214.29,202.11,1.0000,-1,-1,-1
15,70,835.13,549.87,122.78,114.04,0.1086,-1,-1,-1
15,71,422.50,546.63,84.68,69.99,1.0000,-1,-1,-1
15,72,786.36,806.72,113.38,103.30,1.0000,-1,-1,-1
15,73,596.14,79.59,172.85,88.89,1.0000,-1,-1,-1
15,75,437.29,681.63,207.83,133.90,1.0000,-1,-1,-1
15,76,517.37,526.05,46.86,39.71,1.0000,-1,-1,-1
15,77,835.35,572.90,216.70,153.29,1.0000,-1,-1,-1
15,78,1211.92,290.32,222.09,215.36,1.0000,-1,-1,-1
15,84,1172.91,752.29,72.79,87.31,0.0107,-1,-1,-1
15,85,-64.28,427.34,162.52,226.25,1.0000,-1,-1,-1
15,86,1039.65,645.55,166.27,111.40,1.0000,-1,-1,-1
15,88,415.92,635.22,111.10,82.13,1.0000,-1,-1,-1
15,93,731.71,789.51,100.11,132.73,1.0000,-1,-1,-1
15,94,956.21,511.42,121.33,146.08,1.0000,-1,-1,-1
15,95,581.89,420.48,86.77,83.25,1.0000,-1,-1,-1
15,96,294.11,608.27,177.04,128.39,1.0000,-1,-1,-1
15,105,-4.72,239.29,167.01,99.78,1.0000,-1,-1,-1
15,111,959.82,486.77,118.58,92.55,1.0000,-1,-1,-1
15,112,1417.61,849.07,228.94,283.34,1.0000,-1,-1,-1
15,116,-57.81,152.59,187.41,173.84,1.0000,-1,-1,-1
15,117,1879.67,948.30,186.56,123.73,1.0000,-1,-1,-1
15,118,834.36,985.33,41.90,25.64,1.0000,-1,-1,-1
15,119,1639.52,764.99,139.38,100.64,0.6425,-1,-1,-1
15,120,1231.41,840.80,76.98,78.52,1.0000,-1,-1,-1
15,123,1214.03,697.57,104.38,110.01,0.6721,-1,-1,-1
15,126,1476.50,1028.58,35.43,40.83,1.0000,-1,-1,-1
15,127,1283.46,827.55,230.68,169.44,0.8048,-1,-1,-1
15,132,858.17,509.13,62.42,62.07,1.0000,-1,-1,-1
15,135,1013.68,282.97,93.29,68.44,0.7682,-1,-1,-1
15,141,859.37,742.47,99.55,127.75,0.3908,-1,-1,-1
15,143,793.65,768.05,121.75,132.44,0.0519,-1,-1,-1
15,144,1219.35,322.50,86.70,91.77,1.0000,-1,-1,-1
15,150,951.38,577.93,87.31,108.24,1.0000,-1,-1,-1
15,151,677.63,899.11,121.78,94.67,1.0000,-1,-1,-1
15,152,1400.27,960.60,384.62,117.87,0.0186,-1,-1,-1
15,153,472.69,691.63,93.70,93.18,1.0000,-1,-1,-1
15,154,636.02,685.23,91.98,103.05,0.0408,-1,-1,-1
15,155,1607.41,841.71,257.72,233.15,0.2663,-1,-1,-1
15,156,1493.71,761.16,161.24,161.93,0.5746,-1,-1,-1
15,163,511.91,554.76,110.27,137.25,1.0000,-1,-1,-1
15,164,508.30,449.42,94.54,99.70,0.3095,-1,-1,-1
15,168,366.41,719.73,160.66,120.01,1.0000,-1,-1,-1
15,172,968.20,16.99,81.78,102.28,0.6836,-1,-1,-1
15,173,156.67,551.65,167.27,116.82,0.2205,-1,-1,-1
15,175,1273.12,592.34,58.10,61.56,0.1279,-1,-1,-1
15,177,1150.58,947.60,126.41,128.37,0.0311,-1,-1,-1
15,178,1165.49,889.87,75.19,57.41,1.0000,-1,-1,-1
15,179,724.46,789.76,82.67,89.80,1.0000,-1,-1,-1
15,181,207.58,838.97,211.20,126.34,0.3096,-1,-1,-1
15,183,1370.95,98.11,71.69,91.37,0.8316,-1,-1,-1
15,186,-77.86,74.73,334.40,370.44,0.0252,-1,-1,-1
15,194,250.89,523.83,92.58,81.81,0.2367,-1,-1,-1
15,197,661.77,765.48,130.37,113.83,0.0186,-1,-1,-1
15,199,1062.89,1006.23,87.86,70.65,0.2888,-1,-1,-1
15,201,430.88,503.68,86.62,50.35,0.0262,-1,-1,-1
15,203,483.42,501.46,50.04,60.21,0.1603,-1,-1,-1
15,204,1215.59,445.26,98.51,65.47,0.0103,-1,-1,-1
16,1,363.17,257.42,125.69,119.48,0.7690,-1,-1,-1
16,2,316.39,565.31,171.80,160.58,1.0000,-1,-1,-1
16,3,1096.86,211.74,87.05,87.56,0.7168,-1,-1,-1
16,4,179.88,727.42,284.02,261.64,1.0000,-1,-1,-1
16,5,1138.32,436.11,106.37,111.34,0.0302,-1,-1,-1
16,6,587.97,313.61,96.80,90.38,0.8369,-1,-1,-1
16,7,1039.75,6.78,76.27,81.86,1.0000,-1,-1,-1
16,8,963.23,744.95,40.65,50.14,1.0000,-1,-1,-1
16,9,394.20,538.45,121.43,128.16,0.5123,-1,-1,-1
16,10,1387.70,115.88,27.72,19.86,1.0000,-1,-1,-1
16,11,374.98,772.00,51.31,60.33,1.0000,-1,-1,-1
16,12,339.98,890.08,421.90,187.96,1.0000,-1,-1,-1
16,13,861.71,543.95,42.11,38.57,0.4142,-1,-1,-1
16,14,1251.21,650.28,86.90,88.60,1.0000,-1,-1,-1
16,15,1116.09,258.33,63.18,72.88,1.0000,-1,-1,-1
16,16,228.91,566.64,142.95,140.61,1.0000,-1,-1,-1
16,17,467.41,767.29,151.62,129.38,0.3367,-1,-1,-1
16,18,661.95,667.56,108.03,99.49,1.0000,-1,-1,-1
16,19,125.86,592.41,132.36,112.49,1.0000,-1,-1,-1
16,20,1337.80,610.04,-152.33,-168.52,1.0000,-1,-1,-1
16,21,466.97,511.94,231.72,179.76,1.0000,-1,-1,-1
16,22,2075.59,1221.60,-133.23,-144.62,1.0000,-1,-1,-1
16,23,1411.19,984.63,212.23,212.89,1.0000,-1,-1,-1
16,24,737.89,651.26,122.84,152.35,1.0000,-1,-1,-1
16,25,369.92,594.52,92.23,66.23,1.0000,-1,-1,-1
16,26,206.08,510.53,398.34,284.89,1.0000,-1,-1,-1
16,27,1260.65,403.65,76.01,74.34,0.2260,-1,-1,-1
16,29,1138.81,-50.99,73.10,61.67,1.0000,-1,-1,-1
16,30,875.98,559.44,261.34,230.35,0.5953,-1,-1,-1
16,31,34.42,137.59,112.52,101.43,1.0000,-1,-1,-1
16,32,87.00,349.07,189.54,147.49,1.0000,-1,-1,-1
16,34,755.04,345.10,127.95,130.80,0.0132,-1,-1,-1
16,35,449.92,1102.74,-39.49,-25.43,1.0000,-1,-1,-1
16,36,1173.66,251.21,76.67,65.54,1.0000,-1,-1,-1
16,37,456.01,444.57,125.76,154.45,1.0000,-1,-1,-1
16,39,1168.23,253.32,107.24,89.72,1.0000,-1,-1,-1
16,41,79.93,201.38,100.75,52.02,1.0000,-1,-1,-1
16,42,1263.12,690.67,59.14,112.03,1.0000,-1,-1,-1
16,43,1412.41,39.18,169.68,148.80,0.2281,-1,-1,-1
16,51,1452.07,1027.62,307.81,205.19,1.0000,-1,-1,-1
16,62,961.45,764.45,115.01,117.61,0.0764,-1,-1,-1
16,66,992.12,736.95,110.80,117.58,1.0000,-1,-1,-1
16,68,-39.03,664.62,217.55,205.18,1.0000,-1,-1,-1
16,70,825.13,552.90,117.36,108.38,0.0131,-1,-1,-1
16,71,431.93,555.23,72.24,59.71,1.0000,-1,-1,-1
16,72,782.34,818.32,111.94,101.98,1.0000,-1,-1,-1
16,73,597.02,77.82,173.36,89.15,1.0000,-1,-1,-1
16,75,431.89,685.75,217.16,139.90,1.0000,-1,-1,-1
16,76,511.08,519.53,43.67,37.01,1.0000,-1,-1,-1
16,77,825.73,577.91,223.30,157.96,1.0000,-1,-1,-1
16,78,1206.46,290.33,230.78,223.78,1.0000,-1,-1,-1
16,84,1164.90,746.48,71.71,85.60,0.3766,-1,-1,-1
16,85,-68.30,425.78,166.52,231.82,1.0000,-1,-1,-1
16,86,1046.97,646.35,172.58,115.62,1.0000,-1,-1,-1
16,88,413.92,632.92,115.80,85.61,1.0000,-1,-1,-1
16,93,728.33,792.00,101.50,134.58,1.0000,-1,-1,-1
16,94,958.91,512.61,118.61,142.80,1.0000,-1,-1,-1
16,95,574.91,411.12,86.77,83.25,1.0000,-1,-1,-1
16,96,282.83,606.51,185.54,134.56,1.0000,-1,-1,-1
16,105,-8.37,239.71,169.87,101.49,1.0000,-1,-1,-1
16,111,953.25,492.66,120.28,93.88,1.0000,-1,-1,-1
16,112,1412.97,849.69,234.10,289.73,1.0000,-1,-1,-1
16,116,-63.48,152.99,187.63,174.05,1.0000,-1,-1,-1
16,117,1900.55,954.48,176.31,116.93,1.0000,-1,-1,-1
16,118,847.21,996.83,36.70,22.46,1.0000,-1,-1,-1
16,119,1626.19,756.79,143.18,103.42,0.4661,-1,-1,-1
16,120,1233.33,835.68,76.05,77.58,1.0000,-1,-1,-1
16,123,1207.39,699.13,102.54,107.67,0.6264,-1,-1,-1
16,126,1475.09,1038.78,26.02,29.98,1.0000,-1,-1,-1
16,127,1270.93,828.50,220.49,162.43,0.7036,-1,-1,-1
16,132,853.97,506.23,62.19,61.84,1.0000,-1,-1,-1
16,135,1006.63,277.86,92.92,69.62,0.7733,-1,-1,-1
16,141,853.46,739.42,98.46,125.06,0.4859,-1,-1,-1
16,143,796.88,780.52,110.20,119.16,0.0279,-1,-1,-1
16,144,1212.67,324.15,85.86,90.89,1.0000,-1,-1,-1
16,150,948.03,582.91,86.12,106.76,1.0000,-1,-1,-1
16,151,670.55,899.49,128.46,99.86,1.0000,-1,-1,-1
16,152,1427.77,1003.37,242.06,74.68,0.0102,-1,-1,-1
16,153,471.38,694.15,94.96,94.43,1.0000,-1,-1,-1
16,154,628.43,691.75,92.20,103.30,1.0000,-1,-1,-1
16,155,1559.64,784.48,309.30,285.54,0.0350,-1,-1,-1
16,156,1482.56,754.32,162.72,164.64,0.5327,-1,-1,-1
16,163,508.26,561.66,111.49,138.77,1.0000,-1,-1,-1
16,164,499.57,451.03,87.32,92.13,0.0224,-1,-1,-1
16,168,362.57,725.93,169.22,126.40,1.0000,-1,-1,-1
16,172,964.44,8.13,79.96,98.85,0.7577,-1,-1,-1
16,173,131.89,557.39,177.88,125.48,0.4311,-1,-1,-1
16,175,1259.56,578.17,61.68,65.46,0.3615,-1,-1,-1
16,177,1144.76,945.33,128.31,130.30,1.0000,-1,-1,-1
16,178,1162.04,891.88,71.15,54.32,1.0000,-1,-1,-1
16,179,723.51,793.72,81.05,88.05,1.0000,-1,-1,-1
16,181,106.73,817.65,247.48,150.87,0.0297,-1,-1,-1
16,183,1356.09,86.47,73.18,91.77,0.8896,-1,-1,-1
16,186,-91.12,34.35,305.89,348.57,0.2353,-1,-1,-1
16,194,235.45,525.27,94.60,83.43,0.2809,-1,-1,-1
16,197,641.50,759.99,123.15,107.72,0.5905,-1,-1,-1
16,199,1059.79,1002.85,92.50,74.38,1.0000,-1,-1,-1
16,201,413.89,496.36,97.32,56.56,0.0213,-1,-1,-1
16,203,461.74,490.91,53.93,63.78,0.4549,-1,-1,-1
16,204,1232.21,445.86,74.85,49.55,0.0156,-1,-1,-1
16,208,1606.31,65.23,144.40,121.07,0.1220,-1,-1,-1
16,209,962.74,487.01,84.46,81.79,0.0673,-1,-1,-1
16,210,40.26,551.78,256.03,180.15,0.0407,-1,-1,-1
16,214,48.20,602.43,140.59,121.12,0.5652,-1,-1,-1
16,216,154.26,628.26,329.89,292.08,0.0789,-1,-1,-1
17,1,340.52,263.24,126.68,119.91,0.8261,-1,-1,-1
17,2,310.48,568.41,174.47,163.07,1.0000,-1,-1,-1
17,3,1083.77,217.91,86.83,87.77,0.7983,-1,-1,-1
17,4,160.15,731.87,291.63,268.65,1.0000,-1,-1,-1
17,5,1129.56,446.64,102.32,107.57,0.7869,-1,-1,-1
17,6,569.35,318.08,102.67,95.56,0.8089,-1,-1,-1
17,7,1044.33,-1.06,75.28,80.80,1.0000,-1,-1,-1
17,8,970.27,741.64,37.03,45.67,1.0000,-1,-1,-1
17,9,377.82,552.61,124.07,127.41,0.7084,-1,-1,-1
17,10,1374.03,106.94,19.52,13.98,1.0000,-1,-1,-1
17,11,375.72,779.07,47.63,55.99,1.0000,-1,-1,-1
17,12,315.73,885.65,431.70,192.33,1.0000,-1,-1,-1
17,13,857.66,549.34,39.10,35.81,1.0000,-1,-1,-1
17,14,1248.77,654.09,85.88,87.55,1.0000,-1,-1,-1
17,15,1115.81,256.41,63.34,73.06,1.0000,-1,-1,-1
17,16,220.34,576.10,144.08,141.73,1.0000,-1,-1,-1
17,17,482.67,770.10,121.15,101.78,0.4356,-1,-1,-1
17,18,656.62,674.40,108.15,99.59,1.0000,-1,-1,-1
17,19,116.55,600.74,132.65,112.74,1.0000,-1,-1,-1
17,20,1335.74,607.83,-169.15,-187.13,1.0000,-1,-1,-1
17,21,460.88,515.58,237.17,183.98,1.0000,-1,-1,-1
17,22,2091.43,1237.32,-147.70,-160.32,1.0000,-1,-1,-1
17,23,1407.63,996.56,213.32,213.99,1.0000,-1,-1,-1
17,24,732.15,649.00,126.26,156.58,1.0000,-1,-1,-1
17,25,365.17,592.86,93.25,66.97,1.0000,-1,-1,-1
17,26,201.93,516.17,410.05,293.26,1.0000,-1,-1,-1
17,27,1242.24,404.78,76.48,75.20,0.4484,-1,-1,-1
17,29,1157.32,-72.88,53.67,45.28,1.0000,-1,-1,-1
17,30,856.06,567.65,254.17,227.58,0.6099,-1,-1,-1
17,31,35.04,135.98,107.84,97.21,1.0000,-1,-1,-1
17,32,79.65,353.23,189.23,147.25,1.0000,-1,-1,-1
17,34,747.85,356.91,124.88,126.23,0.0224,-1,-1,-1
17,35,452.10,1112.83,-55.09,-35.47,1.0000,-1,-1,-1
17,36,1180.74,248.15,76.60,65.47,1.0000,-1,-1,-1
17,37,443.68,444.35,129.31,158.82,1.0000,-1,-1,-1
17,39,1165.09,251.76,111.27,93.09,1.0000,-1,-1,-1
17,41,81.16,197.82,98.46,50.83,1.0000,-1,-1,-1
17,42,1261.86,688.46,58.44,110.71,1.0000,-1,-1,-1
17,43,1404.54,37.71,167.63,146.84,0.0542,-1,-1,-1
17,51,1449.20,1046.28,298.45,198.95,1.0000,-1,-1,-1
17,62,954.07,772.99,109.20,109.21,0.0390,-1,-1,-1
17,66,981.30,732.30,112.24,119.10,1.0000,-1,-1,-1
17,68,-54.98,666.44,220.80,208.25,1.0000,-1,-1,-1
17,70,810.29,561.75,112.14,103.57,0.0126,-1,-1,-1
17,71,441.36,563.83,59.80,49.42,1.0000,-1,-1,-1
17,72,778.33,829.92,110.49,100.67,1.0000,-1,-1,-1
17,73,597.89,76.05,173.86,89.41,1.0000,-1,-1,-1
17,75,426.49,689.87,226.48,145.91,1.0000,-1,-1,-1
17,76,504.80,513.02,40.48,34.31,1.0000,-1,-1,-1
17,77,816.10,582.93,229.89,162.63,1.0000,-1,-1,-1
17,78,1200.99,290.33,239.46,232.20,1.0000,-1,-1,-1
17,84,1148.42,741.22,78.70,94.01,0.0273,-1,-1,-1
17,85,-72.32,424.22,170.52,237.39,1.0000,-1,-1,-1
17,86,1054.28,647.16,178.88,119.85,1.0000,-1,-1,-1
17,88,411.92,630.62,120.51,89.09,1.0000,-1,-1,-1
17,93,724.95,794.49,102.90,136.44,1.0000,-1,-1,-1
17,94,961.62,513.80,115.88,139.53,1.0000,-1,-1,-1
17,95,567.93,401.76,86.77,83.25,1.0000,-1,-1,-1
17,96,271.54,604.76,194.05,140.72,1.0000,-1,-1,-1
17,105,-12.02,240.14,172.74,103.20,1.0000,-1,-1,-1
17,111,946.67,498.55,121.98,95.21,1.0000,-1,-1,-1
17,112,1408.32,850.31,239.25,296.11,1.0000,-1,-1,-1
17,116,-69.16,153.38,187.86,174.26,1.0000,-1,-1,-1
17,117,1921.42,960.67,166.06,110.13,1.0000,-1,-1,-1
17,118,860.07,1008.32,31.51,19.28,1.0000,-1,-1,-1
17,119,1604.38,750.44,148.17,107.74,0.4643,-1,-1,-1
17,120,1235.25,830.56,75.12,76.63,1.0000,-1,-1,-1
17,123,1198.36,703.32,102.28,107.40,1.0000,-1,-1,-1
17,126,1473.69,1048.97,16.61,19.14,1.0000,-1,-1,-1
17,127,1251.04,832.25,212.40,157.27,0.7020,-1,-1,-1
17,132,849.78,503.34,61.96,61.61,1.0000,-1,-1,-1
17,135,992.51,276.00,94.79,72.64,0.6569,-1,-1,-1
17,141,847.55,741.03,92.09,114.01,0.7378,-1,-1,-1
17,143,785.41,791.32,109.58,118.43,0.1225,-1,-1,-1
17,144,1205.98,325.81,85.03,90.01,1.0000,-1,-1,-1
17,150,944.67,587.88,84.92,105.28,1.0000,-1,-1,-1
17,151,663.46,899.86,135.13,105.05,1.0000,-1,-1,-1
17,152,1375.48,953.54,394.49,125.01,0.0275,-1,-1,-1
17,153,470.06,696.68,96.22,95.68,1.0000,-1,-1,-1
17,154,620.85,698.28,92.42,103.55,1.0000,-1,-1,-1
17,155,1496.82,754.91,337.15,313.60,0.0216,-1,-1,-1
17,156,1466.41,754.12,162.01,165.40,0.5092,-1,-1,-1
17,163,504.62,568.56,112.71,140.29,1.0000,-1,-1,-1
17,164,479.44,453.29,86.22,91.20,0.0326,-1,-1,-1
17,168,358.72,732.13,177.77,132.79,1.0000,-1,-1,-1
17,172,955.93,4.05,79.17,96.73,0.8307,-1,-1,-1
17,173,99.51,567.72,184.81,131.80,0.0591,-1,-1,-1
17,175,1242.60,570.24,64.69,69.04,0.6651,-1,-1,-1
17,177,1138.94,943.06,130.22,132.24,1.0000,-1,-1,-1
17,178,1158.58,893.90,67.11,51.23,1.0000,-1,-1,-1
17,179,722.56,797.67,79.44,86.29,1.0000,-1,-1,-1
17,181,42.18,792.24,244.32,153.12,0.0623,-1,-1,-1
17,183,1336.39,84.08,72.71,89.58,0.8567,-1,-1,-1
17,186,-93.36,26.90,257.15,304.78,0.0567,-1,-1,-1
17,194,210.36,529.92,99.85,88.05,0.7636,-1,-1,-1
17,197,613.99,769.39,125.72,109.72,0.6855,-1,-1,-1
17,199,1056.69,999.48,97.14,78.11,1.0000,-1,-1,-1
17,201,394.09,487.01,116.45,68.42,0.1052,-1,-1,-1
17,203,449.38,484.52,58.46,69.13,1.0000,-1,-1,-1
17,204,1235.17,441.26,69.84,46.23,1.0000,-1,-1,-1
17,208,1602.28,66.81,142.02,119.07,1.0000,-1,-1,-1
17,209,949.19,495.73,82.59,79.89,0.0812,-1,-1,-1
17,210,14.24,565.33,251.42,176.39,0.0916,-1,-1,-1
17,214,13.22,614.66,143.06,122.81,0.0112,-1,-1,-1
17,216,168.60,631.06,322.59,285.62,1.0000,-1,-1,-1
17,219,589.68,674.68,108.45,121.88,0.0349,-1,-1,-1
17,226,859.38,808.48,92.78,98.34,0.0144,-1,-1,-1
17,232,-11.66,373.19,220.20,159.38,0.5152,-1,-1,-1
18,1,316.13,269.68,128.46,120.75,0.8621,-1,-1,-1
18,2,304.57,571.52,177.14,165.56,1.0000,-1,-1,-1
18,3,1069.55,221.32,85.43,86.72,0.8887,-1,-1,-1
18,4,140.42,736.32,299.24,275.66,1.0000,-1,-1,-1
18,5,1120.46,455.39,98.26,102.81,0.0275,-1,-1,-1
18,6,552.74,321.95,93.41,85.00,0.7374,-1,-1,-1
18,7,1048.91,-8.90,74.29,79.74,1.0000,-1,-1,-1
18,8,977.31,738.33,33.40,41.20,1.0000,-1,-1,-1
18,9,360.74,566.02,124.80,123.62,0.7211,-1,-1,-1
18,10,1360.36,97.99,11.32,8.11,1.0000,-1,-1,-1
18,11,376.47,786.13,43.94,51.66,1.0000,-1,-1,-1
18,12,291.47,881.23,441.51,196.70,1.0000,-1,-1,-1
18,13,853.60,554.73,36.09,33.05,1.0000,-1,-1,-1
18,14,1246.32,657.90,84.85,86.51,1.0000,-1,-1,-1
18,15,1115.52,254.48,63.50,73.25,1.0000,-1,-1,-1
18,16,211.77,585.56,145.22,142.85,1.0000,-1,-1,-1
18,17,481.50,775.18,106.34,89.34,1.0000,-1,-1,-1
18,18,651.30,681.25,108.26,99.70,1.0000,-1,-1,-1
18,19,107.25,609.06,132.94,112.99,1.0000,-1,-1,-1
18,20,1333.67,605.61,-185.96,-205.73,1.0000,-1,-1,-1
18,21,454.79,519.23,242.61,188.21,1.0000,-1,-1,-1
18,22,2107.27,1253.04,-162.17,-176.02,1.0000,-1,-1,-1
18,23,1404.07,1008.49,214.42,215.08,1.0000,-1,-1,-1
18,24,726.41,646.75,129.67,160.82,1.0000,-1,-1,-1
18,25,360.43,591.20,94.27,67.70,1.0000,-1,-1,-1
18,26,197.79,521.82,421.76,301.64,1.0000,-1,-1,-1
18,27,1209.61,403.21,88.20,86.40,0.0115,-1,-1,-1
18,29,1175.83,-94.77,34.23,28.88,1.0000,-1,-1,-1
18,30,834.10,568.44,256.54,233.37,0.5489,-1,-1,-1
18,31,35.65,134.37,103.17,93.00,1.0000,-1,-1,-1
18,32,72.30,357.38,188.93,147.02,1.0000,-1,-1,-1
18,34,741.30,364.69,155.46,154.66,0.0177,-1,-1,-1
18,35,454.28,1122.91,-70.70,-45.52,1.0000,-1,-1,-1
18,36,1187.82,245.09,76.53,65.41,1.0000,-1,-1,-1
18,37,431.35,444.13,132.87,163.18,1.0000,-1,-1,-1
18,39,1161.94,250.19,115.30,96.47,1.0000,-1,-1,-1
18,41,82.38,194.26,96.16,49.65,1.0000,-1,-1,-1
18,42,1260.60,686.25,57.74,109.39,1.0000,-1,-1,-1
18,43,1394.25,32.80,166.80,146.59,0.1551,-1,-1,-1
18,51,1446.33,1064.94,289.09,192.71,1.0000,-1,-1,-1
18,62,947.11,774.21,109.22,106.15,0.2413,-1,-1,-1
18,66,970.48,727.66,113.67,120.62,1.0000,-1,-1,-1
18,68,-70.94,668.25,224.06,211.32,1.0000,-1,-1,-1
18,70,797.76,568.87,109.59,100.93,0.1434,-1,-1,-1
18,71,450.80,572.43,47.36,39.14,1.0000,-1,-1,-1
18,72,774.31,841.53,109.05,99.35,1.0000,-1,-1,-1
18,73,598.76,74.29,174.37,89.67,1.0000,-1,-1,-1
18,75,421.08,694.00,235.80,151.92,1.0000,-1,-1,-1
18,76,498.51,506.51,37.30,31.61,1.0000,-1,-1,-1
18,77,806.48,587.95,236.49,167.29,1.0000,-1,-1,-1
18,78,1195.52,290.34,248.14,240.62,1.0000,-1,-1,-1
18,84,1141.44,742.47,73.34,86.34,0.6328,-1,-1,-1
18,85,-76.33,422.67,174.53,242.96,1.0000,-1,-1,-1
18,86,1061.60,647.96,185.19,124.07,1.0000,-1,-1,-1
18,88,409.92,628.32,125.21,92.56,1.0000,-1,-1,-1
18,93,721.57,796.98,104.30,138.29,1.0000,-1,-1,-1
18,94,964.32,514.98,113.16,136.25,1.0000,-1,-1,-1
18,95,560.96,392.40,86.77,83.25,1.0000,-1,-1,-1
18,96,260.26,603.00,202.55,146.89,1.0000,-1,-1,-1
18,105,-15.67,240.56,175.60,104.91,1.0000,-1,-1,-1
18,111,940.09,504.44,123.68,96.54,1.0000,-1,-1,-1
18,112,1403.67,850.93,244.41,302.49,1.0000,-1,-1,-1
18,116,-74.83,153.78,188.09,174.48,1.0000,-1,-1,-1
18,117,1942.30,966.85,155.80,103.33,1.0000,-1,-1,-1
18,118,872.92,1019.82,26.31,16.10,1.0000,-1,-1,-1
18,119,1588.72,743.79,141.34,102.51,0.6294,-1,-1,-1
18,120,1237.17,825.45,74.19,75.68,1.0000,-1,-1,-1
18,123,1189.32,707.51,102.01,107.12,1.0000,-1,-1,-1
18,126,1472.28,1059.16,7.20,8.29,1.0000,-1,-1,-1
18,127,1232.37,830.67,207.86,154.34,0.7849,-1,-1,-1
18,132,845.59,500.44,61.73,61.38,1.0000,-1,-1,-1
18,135,982.10,278.92,88.11,68.99,0.6871,-1,-1,-1
18,141,840.16,742.15,88.98,108.10,0.2376,-1,-1,-1
18,143,779.39,795.48,108.42,117.17,1.0000,-1,-1,-1
18,144,1199.30,327.46,84.20,89.12,1.0000,-1,-1,-1
18,150,941.32,592.85,83.73,103.80,1.0000,-1,-1,-1
18,151,656.38,900.24,141.81,110.24,1.0000,-1,-1,-1
18,152,1349.56,936.68,434.98,141.43,0.0671,-1,-1,-1
18,153,468.75,699.21,97.48,96.94,1.0000,-1,-1,-1
18,154,613.26,704.81,92.64,103.79,1.0000,-1,-1,-1
18,155,1469.42,738.39,338.00,317.80,0.0202,-1,-1,-1
18,156,1456.58,747.74,158.96,163.87,0.3862,-1,-1,-1
18,163,500.97,575.47,113.93,141.80,1.0000,-1,-1,-1
18,164,460.14,456.71,82.27,86.56,0.0237,-1,-1,-1
18,168,354.87,738.32,186.33,139.18,1.0000,-1,-1,-1
18,172,942.14,-0.56,79.61,95.89,0.6331,-1,-1,-1
18,173,69.96,578.77,186.69,134.11,0.5475,-1,-1,-1
18,175,1227.85,560.91,64.01,68.38,0.6352,-1,-1,-1
18,177,1133.11,940.80,132.12,134.17,1.0000,-1,-1,-1
18,178,1155.12,895.91,63.06,48.15,1.0000,-1,-1,-1
18,179,721.61,801.63,77.82,84.54,1.0000,-1,-1,-1
18,181,8.16,774.94,240.29,150.60,1.0000,-1,-1,-1
18,183,1310.87,81.42,73.06,88.08,0.8620,-1,-1,-1
18,186,-109.90,2.95,243.92,289.10,1.0000,-1,-1,-1
18,194,185.41,536.59,102.02,89.71,0.3857,-1,-1,-1
18,197,597.90,774.96,124.21,107.90,0.4501,-1,-1,-1
18,199,1053.58,996.10,101.78,81.84,1.0000,-1,-1,-1
18,201,370.24,480.00,125.04,74.54,0.7666,-1,-1,-1
18,203,437.03,478.14,62.99,74.48,1.0000,-1,-1,-1
18,204,1238.13,436.67,64.82,42.91,1.0000,-1,-1,-1
18,208,1598.26,68.40,139.63,117.08,1.0000,-1,-1,-1
18,209,937.75,502.52,77.67,74.92,0.2381,-1,-1,-1
18,210,-2.52,571.31,252.08,176.85,1.0000,-1,-1,-1
18,214,-11.04,624.44,148.14,128.21,0.5503,-1,-1,-1
18,216,182.94,633.86,315.30,279.16,1.0000,-1,-1,-1
18,219,547.19,667.82,95.25,106.12,0.4949,-1,-1,-1
18,226,882.91,837.38,68.47,72.58,1.0000,-1,-1,-1
18,232,-27.72,384.00,222.55,162.79,0.4161,-1,-1,-1
18,233,1870.90,385.76,30.65,236.91,0.8271,-1,-1,-1
18,235,347.57,520.08,97.64,61.02,0.1122,-1,-1,-1
18,238,438.73,551.54,59.44,56.11,0.3591,-1,-1,-1
18,239,467.59,577.50,121.10,131.94,0.4204,-1,-1,-1
19,1,296.14,276.49,133.85,126.07,0.8264,-1,-1,-1
19,2,298.67,574.62,179.80,168.05,1.0000,-1,-1,-1
19,3,1055.38,224.64,90.00,92.09,0.8634,-1,-1,-1
19,4,120.68,740.78,306.85,282.67,1.0000,-1,-1,-1
19,5,1115.47,462.33,97.49,101.67,0.1977,-1,-1,-1
19,6,467.28,285.09,173.47,159.07,0.0193,-1,-1,-1
19,7,1053.49,-16.74,73.31,78.68,1.0000,-1,-1,-1
19,8,984.34,735.03,29.78,36.73,1.0000,-1,-1,-1
19,9,352.22,577.16,124.14,118.12,0.6628,-1,-1,-1
19,10,1346.68,89.04,3.12,2.23,1.0000,-1,-1,-1
19,11,377.22,793.19,40.25,47.32,1.0000,-1,-1,-1
19,12,267.21,876.80,451.31,201.07,1.0000,-1,-1,-1
19,13,849.55,560.12,33.08,30.30,1.0000,-1,-1,-1
19,14,1243.88,661.70,83.82,85.46,1.0000,-1,-1,-1
19,15,1115.23,252.55,63.66,73.43,1.0000,-1,-1,-1
19,16,203.19,595.03,146.35,143.97,1.0000,-1,-1,-1
19,17,480.33,780.26,91.53,76.89,1.0000,-1,-1,-1
19,18,645.98,688.09,108.38,99.81,1.0000,-1,-1,-1
19,19,97.94,617.39,133.24,113.24,1.0000,-1,-1,-1
19,20,1331.61,603.39,-202.78,-224.34,1.0000,-1,-1,-1
19,21,448.71,522.87,248.05,192.43,1.0000,-1,-1,-1
19,22,2123.11,1268.76,-176.63,-191.73,1.0000,-1,-1,-1
19,23,1400.50,1020.42,215.51,216.18,1.0000,-1,-1,-1
19,24,720.67,644.49,133.08,165.05,1.0000,-1,-1,-1
19,25,355.69,589.55,95.28,68.43,1.0000,-1,-1,-1
19,26,193.64,527.46,433.47,310.02,1.0000,-1,-1,-1
19,27,1207.29,403.71,79.30,77.96,0.2995,-1,-1,-1
19,29,1194.33,-116.65,14.80,12.49,1.0000,-1,-1,-1
19,30,815.82,571.32,260.01,239.98,0.7306,-1,-1,-1
19,31,36.26,132.76,98.50,88.79,1.0000,-1,-1,-1
19,32,64.95,361.53,188.62,146.78,1.0000,-1,-1,-1
19,34,731.10,376.52,141.13,140.83,0.0168,-1,-1,-1
19,35,456.46,1132.99,-86.30,-55.57,1.0000,-1,-1,-1
19,36,1194.91,242.04,76.46,65.35,1.0000,-1,-1,-1
19,37,419.02,443.91,136.43,167.55,1.0000,-1,-1,-1
19,39,1158.80,248.63,119.33,99.84,1.0000,-1,-1,-1
19,41,83.61,190.71,93.87,48.47,1.0000,-1,-1,-1
19,42,1259.33,684.04,57.05,108.07,1.0000,-1,-1,-1
19,43,1390.00,30.42,162.56,143.09,0.6077,-1,-1,-1
19,51,1443.46,1083.60,279.73,186.47,1.0000,-1,-1,-1
19,62,938.97,776.84,110.23,105.38,0.0174,-1,-1,-1
19,66,959.66,723.02,115.10,122.15,1.0000,-1,-1,-1
19,68,-86.89,670.07,227.31,214.39,1.0000,-1,-1,-1
19,70,787.44,574.41,109.72,101.65,0.0907,-1,-1,-1
19,71,460.23,581.03,34.92,28.86,1.0000,-1,-1,-1
19,72,770.29,853.13,107.60,98.04,1.0000,-1,-1,-1
19,73,599.63,72.52,174.87,89.93,1.0000,-1,-1,-1
19,75,415.68,698.12,245.13,157.93,1.0000,-1,-1,-1
19,76,492.23,499.99,34.11,28.91,1.0000,-1,-1,-1
19,77,796.85,592.96,243.09,171.96,1.0000,-1,-1,-1
19,78,1190.05,290.35,256.82,249.03,1.0000,-1,-1,-1
19,84,1135.52,742.85,71.33,83.39,0.5829,-1,-1,-1
19,85,-80.35,421.11,178.53,248.53,1.0000,-1,-1,-1
19,86,1068.91,648.76,191.49,128.30,1.0000,-1,-1,-1
19,88,407.91,626.02,129.91,96.04,1.0000,-1,-1,-1
19,93,718.18,799.47,105.70,140.15,1.0000,-1,-1,-1
19,94,967.02,516.17,110.44,132.97,1.0000,-1,-1,-1
19,95,553.98,383.04,86.77,83.26,1.0000,-1,-1,-1
19,96,248.97,601.24,211.05,153.06,1.0000,-1,-1,-1
19,105,-19.32,240.99,178.47,106.62,1.0000,-1,-1,-1
19,111,933.52,510.33,125.39,97.87,1.0000,-1,-1,-1
19,112,1399.02,851.55,249.57,308.88,1.0000,-1,-1,-1
19,116,-80.51,154.18,188.32,174.69,1.0000,-1,-1,-1
19,117,1963.18,973.04,145.55,96.53,1.0000,-1,-1,-1
19,118,885.77,1031.32,21.11,12.92,1.0000,-1,-1,-1
19,119,1580.47,740.76,136.38,98.76,0.6586,-1,-1,-1
19,120,1239.08,820.33,73.26,74.73,1.0000,-1,-1,-1
19,123,1180.29,711.70,101.75,106.84,1.0000,-1,-1,-1
19,126,1470.87,1069.35,-2.22,-2.55,1.0000,-1,-1,-1
19,127,1208.63,819.69,216.80,161.53,0.6197,-1,-1,-1
19,132,841.39,497.55,61.50,61.16,1.0000,-1,-1,-1
19,135,969.90,275.30,89.37,71.57,0.6309,-1,-1,-1
19,141,848.80,760.03,76.10,91.07,0.0181,-1,-1,-1
19,143,773.38,799.65,107.26,115.92,1.0000,-1,-1,-1
19,144,1192.62,329.12,83.36,88.24,1.0000,-1,-1,-1
19,150,937.96,597.83,82.53,102.31,1.0000,-1,-1,-1
19,151,649.29,900.62,148.48,115.43,1.0000,-1,-1,-1
19,152,1343.55,932.36,436.39,145.13,0.0861,-1,-1,-1
19,153,467.43,701.73,98.74,98.19,1.0000,-1,-1,-1
19,154,605.68,711.33,92.86,104.04,1.0000,-1,-1,-1
19,155,1443.71,722.31,352.78,331.70,1.0000,-1,-1,-1
19,156,1454.43,745.22,159.15,166.11,0.3080,-1,-1,-1
19,163,497.32,582.37,115.15,143.32,1.0000,-1,-1,-1
19,164,446.33,455.79,81.68,85.95,1.0000,-1,-1,-1
19,168,351.03,744.52,194.89,145.57,1.0000,-1,-1,-1
19,172,933.85,-2.43,76.66,90.46,0.7600,-1,-1,-1
19,173,48.26,587.06,190.99,137.20,1.0000,-1,-1,-1
19,175,1216.19,552.79,62.95,66.90,0.4110,-1,-1,-1
19,177,1127.29,938.53,134.03,136.10,1.0000,-1,-1,-1
19,178,1151.67,897.92,59.02,45.06,1.0000,-1,-1,-1
19,179,720.67,805.59,76.21,82.78,1.0000,-1,-1,-1
19,181,-25.87,757.64,236.27,148.08,1.0000,-1,-1,-1
19,183,1290.89,75.30,74.44,87.32,0.9033,-1,-1,-1
19,186,-126.43,-21.01,230.69,273.42,1.0000,-1,-1,-1
19,194,170.70,545.98,102.47,89.87,0.3902,-1,-1,-1
19,197,594.88,781.07,110.91,95.71,0.6932,-1,-1,-1
19,199,1050.48,992.72,106.42,85.58,1.0000,-1,-1,-1
19,201,349.08,474.90,135.38,82.31,0.8771,-1,-1,-1
19,203,424.68,471.76,67.51,79.83,1.0000,-1,-1,-1
19,204,1241.10,432.07,59.81,39.59,1.0000,-1,-1,-1
19,208,1594.23,69.99,137.25,115.08,1.0000,-1,-1,-1
19,209,928.20,509.97,78.69,75.98,0.2965,-1,-1,-1
19,210,-16.37,592.17,256.55,181.27,0.3126,-1,-1,-1
19,214,-32.94,631.70,150.17,129.97,1.0000,-1,-1,-1
19,216,197.27,636.66,308.00,272.70,1.0000,-1,-1,-1
19,219,519.39,663.05,90.98,100.05,0.5659,-1,-1,-1
19,226,906.43,866.28,44.16,46.81,1.0000,-1,-1,-1
19,232,-38.68,398.79,228.50,169.82,0.0977,-1,-1,-1
19,233,1862.19,378.15,33.48,244.24,0.8451,-1,-1,-1
19,235,322.73,526.99,115.10,72.62,0.0478,-1,-1,-1
19,238,421.15,558.29,68.82,64.78,0.2099,-1,-1,-1
19,239,459.02,590.51,123.57,135.45,0.3605,-1,-1,-1
19,241,1758.12,860.47,275.48,211.01,0.1564,-1,-1,-1
19,243,1558.87,815.73,216.39,224.52,0.3061,-1,-1,-1
19,245,590.98,476.05,66.96,79.79,0.7355,-1,-1,-1
20,1,281.67,286.72,138.54,130.53,0.8032,-1,-1,-1
20,2,292.76,577.73,182.47,170.54,1.0000,-1,-1,-1
20,3,1048.93,234.74,88.38,90.95,0.8492,-1,-1,-1
20,4,100.95,745.23,314.46,289.68,1.0000,-1,-1,-1
20,5,1112.32,473.86,97.31,101.05,0.2604,-1,-1,-1
20,6,484.32,314.21,141.47,129.07,0.8720,-1,-1,-1
20,7,1058.07,-24.57,72.32,77.62,1.0000,-1,-1,-1
20,8,991.38,731.72,26.16,32.26,1.0000,-1,-1,-1
20,9,345.93,594.65,122.80,111.51,0.6906,-1,-1,-1
20,10,1333.01,80.09,-5.08,-3.64,1.0000,-1,-1,-1
20,11,377.96,800.26,36.57,42.99,1.0000,-1,-1,-1
20,12,242.95,872.37,461.12,205.43,1.0000,-1,-1,-1
20,13,845.50,565.52,30.06,27.54,1.0000,-1,-1,-1
20,14,1241.44,665.51,82.80,84.42,1.0000,-1,-1,-1
20,15,1114.95,250.62,63.81,73.61,1.0000,-1,-1,-1
20,16,194.62,604.49,147.49,145.08,1.0000,-1,-1,-1
20,17,479.16,785.34,76.71,64.45,1.0000,-1,-1,-1
20,18,640.66,694.93,108.50,99.92,1.0000,-1,-1,-1
20,19,88.64,625.72,133.53,113.49,1.0000,-1,-1,-1
20,20,1329.54,601.18,-219.60,-242.95,1.0000,-1,-1,-1
20,21,442.62,526.51,253.49,196.65,1.0000,-1,-1,-1
20,22,2138.95,1284.48,-191.10,-207.43,1.0000,-1,-1,-1
20,23,1396.94,1032.35,216.61,217.28,1.0000,-1,-1,-1
20,24,714.94,642.24,136.50,169.28,1.0000,-1,-1,-1
20,25,350.95,587.89,96.30,69.16,1.0000,-1,-1,-1
20,26,189.49,533.11,445.18,318.39,1.0000,-1,-1,-1
20,27,1190.71,408.34,82.32,80.86,0.0348,-1,-1,-1
20,29,1212.84,-138.54,-4.63,-3.91,1.0000,-1,-1,-1
20,30,801.30,581.49,264.13,247.55,0.6094,-1,-1,-1
20,31,36.87,131.14,93.83,84.58,1.0000,-1,-1,-1
20,32,57.60,365.68,188.32,146.55,1.0000,-1,-1,-1
20,34,722.72,393.69,135.62,135.78,0.0111,-1,-1,-1
20,35,458.65,1143.08,-101.91,-65.62,1.0000,-1,-1,-1
20,36,1201.99,238.98,76.38,65.29,1.0000,-1,-1,-1
20,37,406.69,443.69,139.98,171.92,1.0000,-1,-1,-1
20,39,1155.65,247.06,123.37,103.21,1.0000,-1,-1,-1
20,41,84.83,187.15,91.58,47.29,1.0000,-1,-1,-1
20,42,1258.07,681.82,56.35,106.75,1.0000,-1,-1,-1
20,43,1384.40,29.04,166.36,146.81,0.0505,-1,-1,-1
20,51,1440.59,1102.26,270.37,180.23,1.0000,-1,-1,-1
20,62,926.29,774.17,123.79,118.02,0.4474,-1,-1,-1
20,66,948.84,718.37,116.54,123.67,1.0000,-1,-1,-1
20,68,-102.84,671.88,230.57,217.46,1.0000,-1,-1,-1
20,70,779.75,581.65,110.98,103.26,0.0479,-1,-1,-1
20,71,469.66,589.63,22.48,18.58,1.0000,-1,-1,-1
20,72,766.28,864.73,106.16,96.72,1.0000,-1,-1,-1
20,73,600.50,70.76,175.37,90.19,1.0000,-1,-1,-1
20,75,410.28,702.24,254.45,163.93,1.0000,-1,-1,-1
20,76,485.94,493.48,30.92,26.21,1.0000,-1,-1,-1
20,77,787.23,597.98,249.68,176.63,1.0000,-1,-1,-1
20,78,1184.58,290.36,265.50,257.45,1.0000,-1,-1,-1
20,84,1123.29,735.74,79.42,91.65,0.3746,-1,-1,-1
20,85,-84.37,419.55,182.53,254.10,1.0000,-1,-1,-1
20,86,1076.23,649.56,197.80,132.52,1.0000,-1,-1,-1
20,88,405.91,623.72,134.62,99.52,1.0000,-1,-1,-1
20,93,714.80,801.96,107.10,142.00,1.0000,-1,-1,-1
20,94,969.72,517.35,107.72,129.70,1.0000,-1,-1,-1
20,95,547.01,373.68,86.78,83.26,1.0000,-1,-1,-1
20,96,237.69,599.48,219.55,159.22,1.0000,-1,-1,-1
20,105,-22.97,241.41,181.33,108.33,1.0000,-1,-1,-1
20,111,926.94,516.23,127.09,99.20,1.0000,-1,-1,-1
20,112,1394.37,852.17,254.73,315.26,1.0000,-1,-1,-1
20,116,-86.18,154.58,188.55,174.90,1.0000,-1,-1,-1
20,117,1984.06,979.22,135.30,89.73,1.0000,-1,-1,-1
20,118,898.62,1042.81,15.92,9.74,1.0000,-1,-1,-1
20,119,1570.96,738.82,131.79,95.50,0.7842,-1,-1,-1
20,120,1241.00,815.21,72.33,73.79,1.0000,-1,-1,-1
20,123,1171.25,715.89,101.49,106.57,1.0000,-1,-1,-1
20,126,1469.46,1079.54,-11.63,-13.40,1.0000,-1,-1,-1
20,127,1182.51,813.45,217.35,163.81,0.8274,-1,-1,-1
20,132,837.20,494.65,61.27,60.93,1.0000,-1,-1,-1
20,135,963.44,277.74,88.04,71.96,0.6768,-1,-1,-1
20,141,793.61,788.27,96.51,113.53,0.7703,-1,-1,-1
20,143,767.37,803.81,106.10,114.67,1.0000,-1,-1,-1
20,144,1185.93,330.77,82.53,87.36,1.0000,-1,-1,-1
20,150,934.61,602.80,81.34,100.83,1.0000,-1,-1,-1
20,151,642.21,901.00,155.16,120.62,1.0000,-1,-1,-1
20,152,1342.72,934.82,420.82,142.64,0.2185,-1,-1,-1
20,153,466.12,704.26,100.01,99.44,1.0000,-1,-1,-1
20,154,598.09,717.86,93.08,104.29,1.0000,-1,-1,-1
20,155,1418.00,706.23,367.55,345.59,1.0000,-1,-1,-1
20,156,1454.08,743.29,158.02,166.92,0.5017,-1,-1,-1
20,163,493.68,589.28,116.36,144.84,1.0000,-1,-1,-1
20,164,434.88,467.11,81.97,85.67,0.0308,-1,-1,-1
20,168,347.18,750.72,203.45,151.96,1.0000,-1,-1,-1
20,172,926.98,-2.60,77.36,89.81,0.7598,-1,-1,-1
20,173,26.56,595.35,195.28,140.28,1.0000,-1,-1,-1
20,175,1208.52,552.27,59.47,62.87,0.4331,-1,-1,-1
20,177,1121.46,936.26,135.93,138.04,1.0000,-1,-1,-1
20,178,1148.21,899.93,54.98,41.97,1.0000,-1,-1,-1
20,179,719.72,809.55,74.59,81.03,1.0000,-1,-1,-1
20,181,-59.89,740.34,232.25,145.55,1.0000,-1,-1,-1
20,183,1275.03,75.80,76.54,87.55,0.9321,-1,-1,-1
20,186,-142.97,-44.96,217.46,257.74,1.0000,-1,-1,-1
20,194,159.34,559.02,102.70,89.72,0.8169,-1,-1,-1
20,197,591.74,780.63,100.69,86.63,0.1143,-1,-1,-1
20,199,1047.38,989.35,111.06,89.31,1.0000,-1,-1,-1
20,201,333.57,475.82,138.71,86.11,0.8764,-1,-1,-1
20,203,412.32,465.38,72.04,85.18,1.0000,-1,-1,-1
20,204,1244.06,427.47,54.79,36.27,1.0000,-1,-1,-1
20,208,1590.20,71.57,134.86,113.08,1.0000,-1,-1,-1
20,209,919.33,519.25,82.16,79.42,0.6153,-1,-1,-1
20,210,-5.44,611.19,213.57,150.30,0.1605,-1,-1,-1
20,214,-54.84,638.96,152.20,131.72,1.0000,-1,-1,-1
20,216,211.61,639.46,300.70,266.24,1.0000,-1,-1,-1
20,219,504.27,667.23,82.83,89.91,0.4778,-1,-1,-1
20,226,929.96,895.18,19.86,21.05,1.0000,-1,-1,-1
20,232,-36.66,407.15,218.93,165.34,0.4468,-1,-1,-1
20,233,1854.28,374.87,37.19,251.70,0.8686,-1,-1,-1
20,235,303.05,537.36,126.19,80.80,0.2524,-1,-1,-1
20,238,412.09,567.77,73.33,68.19,0.6330,-1,-1,-1
20,239,458.14,608.91,123.16,135.52,0.6154,-1,-1,-1
20,241,1748.86,856.33,274.99,215.95,0.4789,-1,-1,-1
20,243,1560.04,814.31,204.99,212.35,0.5038,-1,-1,-1
20,245,599.28,451.39,69.59,82.09,0.8827,-1,-1,-1
20,251,1213.06,662.83,112.52,113.53,0.7780,-1,-1,-1
20,254,415.86,54.73,203.56,110.19,0.0290,-1,-1,-1
20,259,1866.01,606.74,43.46,82.20,0.0119,-1,-1,-1
20,261,1161.19,799.06,86.13,128.84,0.3020,-1,-1,-1
20,263,992.56,5.16,72.66,53.06,0.0164,-1,-1,-1
21,1,267.85,300.46,135.55,127.34,0.8069,-1,-1,-1
21,2,286.85,580.84,185.13,173.04,1.0000,-1,-1,-1
21,3,1041.22,240.12,89.16,92.75,0.8471,-1,-1,-1
21,4,81.22,749.68,322.07,296.69,1.0000,-1,-1,-1
21,5,1109.96,482.92,96.30,99.75,0.0902,-1,-1,-1
21,6,489.93,335.06,120.89,109.45,0.8144,-1,-1,-1
21,7,1062.65,-32.41,71.33,76.56,1.0000,-1,-1,-1
21,8,998.42,728.42,22.53,27.79,1.0000,-1,-1,-1
21,9,340.78,610.45,125.50,110.11,0.6341,-1,-1,-1
21,10,1319.34,71.15,-13.28,-9.52,1.0000,-1,-1,-1
21,11,378.71,807.32,32.88,38.66,1.0000,-1,-1,-1
21,12,218.69,867.95,470.93,209.80,1.0000,-1,-1,-1
21,13,841.44,570.91,27.05,24.78,1.0000,-1,-1,-1
21,14,1239.00,669.32,81.77,83.37,1.0000,-1,-1,-1
21,15,1114.66,248.70,63.97,73.80,1.0000,-1,-1,-1
21,16,186.05,613.95,148.63,146.20,1.0000,-1,-1,-1
21,17,477.99,790.42,61.90,52.01,1.0000,-1,-1,-1
21,18,635.33,701.77,108.62,100.03,1.0000,-1,-1,-1
21,19,79.33,634.05,133.83,113.74,1.0000,-1,-1,-1
21,20,1327.48,598.96,-236.42,-261.55,1.0000,-1,-1,-1
21,21,436.54,530.16,258.93,200.87,1.0000,-1,-1,-1
21,22,2154.79,1300.20,-205.57,-223.14,1.0000,-1,-1,-1
21,23,1393.38,1044.28,217.70,218.38,1.0000,-1,-1,-1
21,24,709.20,639.98,139.91,173.52,1.0000,-1,-1,-1
21,25,346.21,586.23,97.32,69.89,1.0000,-1,-1,-1
21,26,185.34,538.75,456.90,326.77,1.0000,-1,-1,-1
21,27,1177.64,406.65,83.02,81.55,1.0000,-1,-1,-1
21,29,1231.35,-160.42,-24.07,-20.30,1.0000,-1,-1,-1
21,30,785.48,590.04,269.96,256.57,0.7743,-1,-1,-1
21,31,37.49,129.53,89.16,80.37,1.0000,-1,-1,-1
21,32,50.25,369.83,188.02,146.31,1.0000,-1,-1,-1
21,34,718.91,410.62,127.25,127.12,0.5724,-1,-1,-1
21,35,460.83,1153.16,-117.51,-75.66,1.0000,-1,-1,-1
21,36,1209.07,235.92,76.31,65.23,1.0000,-1,-1,-1
21,37,394.36,443.47,143.54,176.29,1.0000,-1,-1,-1
21,39,1152.51,245.49,127.40,106.58,1.0000,-1,-1,-1
21,41,86.06,183.59,89.29,46.10,1.0000,-1,-1,-1
21,42,1256.81,679.61,55.65,105.42,1.0000,-1,-1,-1
21,43,1382.52,27.84,168.58,147.80,0.1390,-1,-1,-1
21,51,1437.73,1120.92,261.01,173.99,1.0000,-1,-1,-1
21,62,916.12,782.54,122.64,116.56,0.3608,-1,-1,-1
21,66,938.02,713.73,117.97,125.19,1.0000,-1,-1,-1
21,68,-118.80,673.70,233.82,220.53,1.0000,-1,-1,-1
21,70,775.31,588.73,109.66,102.87,0.4310,-1,-1,-1
21,71,479.09,598.23,10.04,8.30,1.0000,-1,-1,-1
21,72,762.26,876.33,104.71,95.40,1.0000,-1,-1,-1
21,73,601.38,68.99,175.88,90.45,1.0000,-1,-1,-1
21,75,404.87,706.37,263.78,169.94,1.0000,-1,-1,-1
21,76,479.65,486.96,27.73,23.50,1.0000,-1,-1,-1
21,77,777.60,603.00,256.28,181.29,1.0000,-1,-1,-1
21,78,1179.11,290.36,274.19,265.87,1.0000,-1,-1,-1
21,84,1121.71,740.92,73.94,84.45,0.6770,-1,-1,-1
21,85,-88.39,417.99,186.53,259.67,1.0000,-1,-1,-1
21,86,1083.55,650.37,204.10,136.74,1.0000,-1,-1,-1
21,88,403.91,621.41,139.32,102.99,1.0000,-1,-1,-1
21,93,711.42,804.45,108.50,143.86,1.0000,-1,-1,-1
21,94,972.42,518.54,105.00,126.42,1.0000,-1,-1,-1
21,95,540.03,364.32,86.78,83.26,1.0000,-1,-1,-1
21,96,226.40,597.72,228.05,165.39,1.0000,-1,-1,-1
21,105,-26.62,241.84,184.19,110.05,1.0000,-1,-1,-1
21,111,920.36,522.12,128.79,100.53,1.0000,-1,-1,-1
21,112,1389.72,852.79,259.89,321.65,1.0000,-1,-1,-1
21,116,-91.85,154.98,188.78,175.11,1.0000,-1,-1,-1
21,117,2004.94,985.40,125.05,82.93,1.0000,-1,-1,-1
21,118,911.48,1054.31,10.72,6.56,1.0000,-1,-1,-1
21,119,1566.69,731.75,128.61,92.60,0.5094,-1,-1,-1
21,120,1242.92,810.09,71.40,72.84,1.0000,-1,-1,-1
21,123,1162.22,720.08,101.22,106.29,1.0000,-1,-1,-1
21,126,1468.05,1089.73,-21.04,-24.25,1.0000,-1,-1,-1
21,127,1162.91,806.22,215.81,164.66,0.8218,-1,-1,-1
21,132,833.01,491.75,61.05,60.70,1.0000,-1,-1,-1
21,135,961.04,278.09,80.94,67.25,0.7601,-1,-1,-1
21,141,769.42,795.28,109.79,127.39,0.2829,-1,-1,-1
21,143,761.36,807.98,104.95,113.42,1.0000,-1,-1,-1
21,144,1179.25,332.43,81.70,86.48,1.0000,-1,-1,-1
21,150,931.25,607.78,80.14,99.35,1.0000,-1,-1,-1
21,151,635.12,901.38,161.83,125.81,1.0000,-1,-1,-1
21,152,1341.04,935.65,412.37,142.54,0.1816,-1,-1,-1
21,153,464.80,706.78,101.27,100.70,1.0000,-1,-1,-1
21,154,590.51,724.39,93.30,104.54,1.0000,-1,-1,-1
21,155,1474.21,723.73,300.96,285.68,0.0197,-1,-1,-1
21,156,1449.49,743.03,152.54,162.71,0.5528,-1,-1,-1
21,163,490.03,596.18,117.58,146.35,1.0000,-1,-1,-1
21,164,425.28,474.71,80.92,84.08,0.6971,-1,-1,-1
21,168,343.33,756.92,212.00,158.35,1.0000,-1,-1,-1
21,172,919.38,-2.25,77.89,89.18,0.7889,-1,-1,-1
21,173,4.86,603.64,199.58,143.37,1.0000,-1,-1,-1
21,175,1199.96,547.55,60.77,64.27,0.4520,-1,-1,-1
21,177,1115.64,933.99,137.84,139.97,1.0000,-1,-1,-1
21,178,1144.76,901.94,50.93,38.89,1.0000,-1,-1,-1
21,179,718.77,813.51,72.98,79.27,1.0000,-1,-1,-1
21,181,-93.91,723.04,228.23,143.03,1.0000,-1,-1,-1
21,183,1259.43,74.73,79.13,88.28,0.9336,-1,-1,-1
21,186,-159.51,-68.92,204.23,242.06,1.0000,-1,-1,-1
21,194,158.24,568.84,85.16,72.10,0.7007,-1,-1,-1
21,197,586.11,767.85,104.28,90.08,0.0183,-1,-1,-1
21,199,1044.27,985.97,115.69,93.04,1.0000,-1,-1,-1
21,201,317.62,475.51,138.63,88.01,0.8682,-1,-1,-1
21,203,399.97,459.00,76.56,90.54,1.0000,-1,-1,-1
21,204,1247.02,422.88,49.78,32.95,1.0000,-1,-1,-1
21,208,1586.17,73.16,132.48,111.08,1.0000,-1,-1,-1
21,209,913.74,530.72,81.08,78.21,0.3207,-1,-1,-1
21,210,-16.54,622.30,206.84,145.57,1.0000,-1,-1,-1
21,214,-76.74,646.21,154.22,133.48,1.0000,-1,-1,-1
21,216,225.95,642.26,293.41,259.78,1.0000,-1,-1,-1
21,219,479.97,665.15,75.86,82.34,1.0000,-1,-1,-1
21,226,953.49,924.08,-4.45,-4.72,1.0000,-1,-1,-1
21,232,-36.93,408.64,211.66,163.09,0.0559,-1,-1,-1
21,233,1847.82,369.95,41.88,261.73,0.8827,-1,-1,-1
21,235,282.23,547.55,139.82,91.08,0.1849,-1,-1,-1
21,238,401.56,576.25,75.89,69.88,0.6945,-1,-1,-1
21,239,456.53,624.00,117.22,129.09,0.8666,-1,-1,-1
21,241,1740.32,856.23,268.99,216.81,0.2356,-1,-1,-1
21,243,1562.68,808.14,191.12,197.05,0.5929,-1,-1,-1
21,245,604.20,427.89,72.38,84.48,0.7211,-1,-1,-1
21,251,1226.25,650.81,115.88,117.31,0.5855,-1,-1,-1
21,254,407.42,55.24,206.51,111.79,1.0000,-1,-1,-1
21,259,1865.68,611.80,40.02,75.69,1.0000,-1,-1,-1
21,261,1163.20,783.37,80.18,118.68,0.1386,-1,-1,-1
21,263,988.64,6.27,76.36,55.76,1.0000,-1,-1,-1
21,264,785.06,772.06,47.93,44.32,0.0374,-1,-1,-1
21,270,452.47,840.02,349.44,235.04,0.7563,-1,-1,-1
21,271,986.61,0.00,67.74,23.45,0.0141,-1,-1,-1
22,1,256.00,313.89,136.67,128.38,0.7634,-1,-1,-1
22,2,280.95,583.94,187.80,175.53,1.0000,-1,-1,-1
22,3,1035.25,244.80,88.70,92.88,0.8535,-1,-1,-1
22,4,61.48,754.14,329.67,303.70,1.0000,-1,-1,-1
22,5,1111.37,492.42,95.78,99.06,0.8139,-1,-1,-1
22,6,485.19,348.21,113.80,102.49,0.8258,-1,-1,-1
22,7,1067.23,-40.25,70.34,75.50,1.0000,-1,-1,-1
22,8,1005.46,725.11,18.91,23.32,1.0000,-1,-1,-1
22,9,337.94,626.30,132.38,114.59,0.6511,-1,-1,-1
22,10,1305.66,62.20,-21.48,-15.39,1.0000,-1,-1,-1
22,11,379.46,814.38,29.19,34.32,1.0000,-1,-1,-1
22,12,194.43,863.52,480.73,214.17,1.0000,-1,-1,-1
22,13,837.39,576.30,24.04,22.02,1.0000,-1,-1,-1
22,14,1236.55,673.13,80.75,82.33,1.0000,-1,-1,-1
22,15,1114.38,246.77,64.13,73.98,1.0000,-1,-1,-1
22,16,177.48,623.42,149.76,147.32,1.0000,-1,-1,-1
22,17,476.83,795.50,47.09,39.56,1.0000,-1,-1,-1
22,18,630.01,708.62,108.74,100.14,1.0000,-1,-1,-1
22,19,70.03,642.38,134.12,113.99,1.0000,-1,-1,-1
22,20,1325.41,596.74,-253.23,-280.16,1.0000,-1,-1,-1
22,21,430.45,533.80,264.37,205.09,1.0000,-1,-1,-1
22,22,2170.63,1315.92,-220.04,-238.84,1.0000,-1,-1,-1
22,23,1389.81,1056.21,218.80,219.48,1.0000,-1,-1,-1
22,24,703.46,637.73,143.33,177.75,1.0000,-1,-1,-1
22,25,341.46,584.58,98.34,70.62,1.0000,-1,-1,-1
22,26,181.20,544.39,468.61,335.14,1.0000,-1,-1,-1
22,27,1185.16,411.16,75.95,74.97,0.6188,-1,-1,-1
22,29,1249.86,-182.31,-43.50,-36.70,1.0000,-1,-1,-1
22,30,772.29,600.48,270.90,260.75,0.8610,-1,-1,-1
22,31,38.10,127.92,84.49,76.16,1.0000,-1,-1,-1
22,32,42.90,373.99,187.71,146.07,1.0000,-1,-1,-1
22,34,733.19,470.45,86.00,79.10,0.0119,-1,-1,-1
22,35,463.01,1163.24,-133.12,-85.71,1.0000,-1,-1,-1
22,36,1216.15,232.87,76.24,65.17,1.0000,-1,-1,-1
22,37,382.03,443.25,147.10,180.66,1.0000,-1,-1,-1
22,39,1149.36,243.93,131.43,109.96,1.0000,-1,-1,-1
22,41,87.28,180.04,87.00,44.92,1.0000,-1,-1,-1
22,42,1255.55,677.40,54.95,104.10,1.0000,-1,-1,-1
22,43,1382.40,24.69,172.30,150.12,0.2875,-1,-1,-1
22,51,1434.86,1139.58,251.65,167.75,1.0000,-1,-1,-1
22,62,912.63,789.92,117.98,112.21,0.0391,-1,-1,-1
22,66,927.20,709.09,119.41,126.71,1.0000,-1,-1,-1
22,68,-134.75,675.52,237.08,223.60,1.0000,-1,-1,-1
22,70,766.49,591.77,108.69,101.97,1.0000,-1,-1,-1
22,71,488.52,606.83,-2.40,-1.99,1.0000,-1,-1,-1
22,72,758.24,887.94,103.27,94.09,1.0000,-1,-1,-1
22,73,602.25,67.22,176.38,90.71,1.0000,-1,-1,-1
22,75,399.47,710.49,273.10,175.95,1.0000,-1,-1,-1
22,76,473.37,480.45,24.54,20.80,1.0000,-1,-1,-1
22,77,767.98,608.01,262.88,185.96,1.0000,-1,-1,-1
22,78,1173.65,290.37,282.87,274.29,1.0000,-1,-1,-1
22,84,1119.53,744.37,72.11,82.18,0.5822,-1,-1,-1
22,85,-92.41,416.43,190.53,265.24,1.0000,-1,-1,-1
22,86,1090.86,651.17,210.41,140.97,1.0000,-1,-1,-1
22,88,401.91,619.11,144.02,106.47,1.0000,-1,-1,-1
22,93,708.04,806.94,109.90,145.71,1.0000,-1,-1,-1
22,94,975.13,519.72,102.28,123.14,1.0000,-1,-1,-1
22,95,533.05,354.96,86.78,83.26,1.0000,-1,-1,-1
22,96,215.11,595.97,236.56,171.55,1.0000,-1,-1,-1
22,105,-30.27,242.26,187.06,111.76,1.0000,-1,-1,-1
22,111,913.78,528.01,130.50,101.86,1.0000,-1,-1,-1
22,112,1385.07,853.41,265.05,328.03,1.0000,-1,-1,-1
22,116,-97.53,155.37,189.01,175.33,1.0000,-1,-1,-1
22,117,2025.82,991.59,114.79,76.13,1.0000,-1,-1,-1
22,118,924.33,1065.80,5.52,3.38,1.0000,-1,-1,-1
22,119,1562.56,726.65,130.79,93.88,0.4843,-1,-1,-1
22,120,1244.84,804.97,70.48,71.89,1.0000,-1,-1,-1
22,123,1153.19,724.27,100.96,106.01,1.0000,-1,-1,-1
22,126,1466.64,1099.92,-30.45,-35.09,1.0000,-1,-1,-1
22,127,1155.78,803.56,212.24,164.38,0.8975,-1,-1,-1
22,132,828.81,488.86,60.82,60.48,1.0000,-1,-1,-1
22,135,961.94,277.53,74.84,62.93,0.7521,-1,-1,-1
22,141,756.82,800.55,111.87,129.80,1.0000,-1,-1,-1
22,143,755.34,812.14,103.79,112.17,1.0000,-1,-1,-1
22,144,1172.57,334.08,80.86,85.60,1.0000,-1,-1,-1
22,150,927.90,612.75,78.95,97.87,1.0000,-1,-1,-1
22,151,628.04,901.76,168.51,130.99,1.0000,-1,-1,-1
22,152,1351.00,938.56,395.86,139.63,0.1191,-1,-1,-1
22,153,463.49,709.31,102.53,101.95,1.0000,-1,-1,-1
22,154,582.92,730.91,93.52,104.78,1.0000,-1,-1,-1
22,155,1455.02,710.36,309.34,293.64,1.0000,-1,-1,-1
22,156,1443.95,741.99,151.66,163.19,0.2331,-1,-1,-1
22,163,486.38,603.09,118.80,147.87,1.0000,-1,-1,-1
22,164,418.52,479.47,80.30,82.43,0.4846,-1,-1,-1
22,168,339.49,763.11,220.56,164.75,1.0000,-1,-1,-1
22,172,913.77,-1.87,79.32,89.65,0.8189,-1,-1,-1
22,173,-16.84,611.93,203.88,146.46,1.0000,-1,-1,-1
22,175,1194.49,543.65,60.83,64.16,0.6640,-1,-1,-1
22,177,1109.81,931.73,139.74,141.91,1.0000,-1,-1,-1
22,178,1141.30,903.96,46.89,35.80,1.0000,-1,-1,-1
22,179,717.82,817.46,71.36,77.52,1.0000,-1,-1,-1
22,181,-127.94,705.74,224.20,140.51,1.0000,-1,-1,-1
22,183,1247.43,71.99,81.54,89.26,0.8856,-1,-1,-1
22,186,-176.05,-92.87,191.00,226.38,1.0000,-1,-1,-1
22,194,145.00,574.58,83.77,70.91,1.0000,-1,-1,-1
22,197,576.35,766.50,100.65,86.94,1.0000,-1,-1,-1
22,199,1041.17,982.59,120.33,96.77,1.0000,-1,-1,-1
22,201,304.59,476.80,143.55,93.69,0.9002,-1,-1,-1
22,203,387.61,452.62,81.09,95.89,1.0000,-1,-1,-1
22,204,1249.98,418.28,44.77,29.64,1.0000,-1,-1,-1
22,208,1582.14,74.74,130.09,109.08,1.0000,-1,-1,-1
22,209,908.03,539.54,84.48,81.97,0.1496,-1,-1,-1
22,210,-27.64,633.40,200.11,140.83,1.0000,-1,-1,-1
22,214,-98.64,653.47,156.25,135.23,1.0000,-1,-1,-1
22,216,240.29,645.06,286.11,253.32,1.0000,-1,-1,-1
22,219,455.66,663.07,68.88,74.77,1.0000,-1,-1,-1
22,226,977.02,952.98,-28.76,-30.48,1.0000,-1,-1,-1
22,232,-37.84,409.35,205.82,162.40,0.0740,-1,-1,-1
22,233,1844.01,362.32,47.63,278.05,0.8572,-1,-1,-1
22,235,269.17,556.00,144.54,95.68,0.4097,-1,-1,-1
22,238,392.52,586.24,81.23,74.82,0.6962,-1,-1,-1
22,239,458.58,635.31,114.99,126.90,0.8855,-1,-1,-1
22,241,1738.00,861.02,257.90,213.61,0.1994,-1,-1,-1
22,243,1565.42,802.06,186.23,191.04,0.4388,-1,-1,-1
22,245,608.66,408.01,74.43,85.67,0.9034,-1,-1,-1
22,251,1249.00,637.78,109.97,111.19,0.8896,-1,-1,-1
22,254,398.97,55.75,209.46,113.39,1.0000,-1,-1,-1
22,259,1865.35,616.86,36.57,69.18,1.0000,-1,-1,-1
22,261,1164.64,773.82,79.18,115.65,0.4428,-1,-1,-1
22,263,984.71,7.38,80.06,58.46,1.0000,-1,-1,-1
22,264,774.36,776.96,48.58,45.24,0.0261,-1,-1,-1
22,270,446.02,832.35,360.40,241.70,0.7878,-1,-1,-1
22,271,983.52,0.00,68.32,23.93,0.0188,-1,-1,-1
22,275,921.94,300.23,54.48,57.92,0.0662,-1,-1,-1
22,276,594.50,709.90,97.41,143.24,0.1438,-1,-1,-1
22,277,644.11,588.69,72.84,87.09,0.0306,-1,-1,-1
22,278,1009.89,765.10,56.62,99.41,0.2483,-1,-1,-1
23,1,245.13,329.39,135.00,125.71,0.7836,-1,-1,-1
23,2,275.04,587.05,190.46,178.02,1.0000,-1,-1,-1
23,3,1028.94,252.65,88.33,92.81,0.8372,-1,-1,-1
23,4,41.75,758.59,337.28,310.71,1.0000,-1,-1,-1
23,5,1108.82,503.56,96.96,100.28,0.3680,-1,-1,-1
23,6,478.03,360.74,111.67,99.28,0.8519,-1,-1,-1
23,7,1071.81,-48.09,69.35,74.44,1.0000,-1,-1,-1
23,8,1012.49,721.81,15.28,18.85,1.0000,-1,-1,-1
23,9,321.53,644.52,146.16,126.58,0.7626,-1,-1,-1
23,10,1291.99,53.25,-29.68,-21.27,1.0000,-1,-1,-1
23,11,380.20,821.45,25.51,29.99,1.0000,-1,-1,-1
23,12,170.17,859.09,490.54,218.54,1.0000,-1,-1,-1
23,13,833.34,581.69,21.03,19.26,1.0000,-1,-1,-1
23,14,1234.11,676.94,79.72,81.28,1.0000,-1,-1,-1
23,15,1114.09,244.84,64.29,74.16,1.0000,-1,-1,-1
23,16,168.91,632.88,150.90,148.44,1.0000,-1,-1,-1
23,17,475.66,800.58,32.28,27.12,1.0000,-1,-1,-1
23,18,624.69,715.46,108.85,100.25,1.0000,-1,-1,-1
23,19,60.72,650.70,134.42,114.24,1.0000,-1,-1,-1
23,20,1323.35,594.53,-270.05,-298.76,1.0000,-1,-1,-1
23,21,424.37,537.44,269.81,209.31,1.0000,-1,-1,-1
23,22,2186.47,1331.64,-234.51,-254.55,1.0000,-1,-1,-1
23,23,1386.25,1068.14,219.89,220.57,1.0000,-1,-1,-1
23,24,697.72,635.47,146.74,181.99,1.0000,-1,-1,-1
23,25,336.72,582.92,99.35,71.35,1.0000,-1,-1,-1
23,26,177.05,550.04,480.32,343.52,1.0000,-1,-1,-1
23,27,1183.07,433.00,65.54,63.00,0.0100,-1,-1,-1
23,29,1268.37,-204.19,-62.93,-53.09,1.0000,-1,-1,-1
23,30,759.24,613.45,269.04,261.32,0.4049,-1,-1,-1
23,31,38.71,126.31,79.81,71.95,1.0000,-1,-1,-1
23,32,35.55,378.14,187.41,145.84,1.0000,-1,-1,-1
23,34,731.42,484.04,80.41,73.96,1.0000,-1,-1,-1
23,35,465.19,1173.33,-148.72,-95.76,1.0000,-1,-1,-1
23,36,1223.23,229.81,76.17,65.11,1.0000,-1,-1,-1
23,37,369.70,443.03,150.66,185.03,1.0000,-1,-1,-1
23,39,1146.21,242.36,135.46,113.33,1.0000,-1,-1,-1
23,41,88.50,176.48,84.71,43.74,1.0000,-1,-1,-1
23,42,1254.28,675.19,54.26,102.78,1.0000,-1,-1,-1
23,43,1379.14,28.07,170.13,147.50,0.3373,-1,-1,-1
23,51,1431.99,1158.24,242.29,161.51,1.0000,-1,-1,-1
23,62,909.86,799.94,109.97,103.83,0.0652,-1,-1,-1
23,66,916.38,704.44,120.84,128.24,1.0000,-1,-1,-1
23,68,-150.71,677.33,240.33,226.67,1.0000,-1,-1,-1
23,70,757.66,594.82,107.72,101.06,1.0000,-1,-1,-1
23,71,497.95,615.42,-14.84,-12.27,1.0000,-1,-1,-1
23,72,754.22,899.54,101.82,92.77,1.0000,-1,-1,-1
23,73,603.12,65.46,176.89,90.97,1.0000,-1,-1,-1
23,75,394.07,714.61,282.43,181.95,1.0000,-1,-1,-1
23,76,467.08,473.94,21.36,18.10,1.0000,-1,-1,-1
23,77,758.35,613.03,269.48,190.63,1.0000,-1,-1,-1
23,78,1168.18,290.38,291.55,282.71,1.0000,-1,-1,-1
23,84,1111.03,744.33,73.59,84.57,0.3843,-1,-1,-1
23,85,-96.42,414.87,194.53,270.81,1.0000,-1,-1,-1
23,86,1098.18,651.97,216.71,145.19,1.0000,-1,-1,-1
23,88,399.91,616.81,148.73,109.95,1.0000,-1,-1,-1
23,93,704.65,809.43,111.30,147.57,1.0000,-1,-1,-1
23,94,977.83,520.91,99.55,119.87,1.0000,-1,-1,-1
23,95,526.08,345.60,86.78,83.26,1.0000,-1,-1,-1
23,96,203.83,594.21,245.06,177.72,1.0000,-1,-1,-1
23,105,-33.92,242.69,189.92,113.47,1.0000,-1,-1,-1
23,111,907.21,533.90,132.20,103.19,1.0000,-1,-1,-1
23,112,1380.42,854.03,270.21,334.42,1.0000,-1,-1,-1
23,116,-103.20,155.77,189.24,175.54,1.0000,-1,-1,-1
23,117,2046.70,997.77,104.54,69.33,1.0000,-1,-1,-1
23,118,937.18,1077.30,0.33,0.20,1.0000,-1,-1,-1
23,119,1551.46,721.52,133.83,96.10,0.6633,-1,-1,-1
23,120,1246.76,799.85,69.55,70.94,1.0000,-1,-1,-1
23,123,1144.15,728.47,100.70,105.74,1.0000,-1,-1,-1
23,126,1465.23,1110.11,-39.86,-45.94,1.0000,-1,-1,-1
23,127,1144.93,805.09,209.54,163.95,0.7919,-1,-1,-1
23,132,824.62,485.96,60.59,60.25,1.0000,-1,-1,-1
23,135,961.08,277.58,73.53,62.57,0.7356,-1,-1,-1
23,141,744.21,805.83,113.94,132.21,1.0000,-1,-1,-1
23,143,749.33,816.31,102.63,110.92,1.0000,-1,-1,-1
23,144,1165.89,335.73,80.03,84.71,1.0000,-1,-1,-1
23,150,924.54,617.72,77.75,96.39,1.0000,-1,-1,-1
23,151,620.95,902.14,175.18,136.18,1.0000,-1,-1,-1
23,152,1354.95,940.62,380.09,136.76,0.0594,-1,-1,-1
23,153,462.18,711.83,103.79,103.20,1.0000,-1,-1,-1
23,154,575.34,737.44,93.74,105.03,1.0000,-1,-1,-1
23,155,1435.82,696.98,317.72,301.59,1.0000,-1,-1,-1
23,156,1431.91,742.44,150.73,163.18,0.4015,-1,-1,-1
23,163,482.74,609.99,120.02,149.39,1.0000,-1,-1,-1
23,164,410.07,485.65,78.44,79.17,0.5915,-1,-1,-1
23,168,335.64,769.31,229.12,171.14,1.0000,-1,-1,-1
23,172,908.11,-1.54,82.09,91.89,0.7731,-1,-1,-1
23,173,-38.54,620.22,208.18,149.55,1.0000,-1,-1,-1
23,175,1190.20,541.39,59.92,63.34,0.6555,-1,-1,-1
23,177,1103.99,929.46,141.65,143.84,1.0000,-1,-1,-1
23,178,1137.84,905.97,42.84,32.71,1.0000,-1,-1,-1
23,179,716.87,821.42,69.74,75.76,1.0000,-1,-1,-1
23,181,-161.96,688.45,220.18,137.99,1.0000,-1,-1,-1
23,183,1236.30,72.35,83.93,90.81,0.8929,-1,-1,-1
23,186,-192.59,-116.82,177.78,210.71,1.0000,-1,-1,-1
23,194,131.75,580.32,82.37,69.73,1.0000,-1,-1,-1
23,197,566.60,765.15,97.01,83.80,1.0000,-1,-1,-1
23,199,1038.07,979.22,124.97,100.50,1.0000,-1,-1,-1
23,201,290.73,477.90,146.96,98.68,0.8361,-1,-1,-1
23,203,375.26,446.24,85.61,101.24,1.0000,-1,-1,-1
23,204,1252.94,413.69,39.75,26.32,1.0000,-1,-1,-1
23,208,1578.11,76.33,127.71,107.08,1.0000,-1,-1,-1
23,209,901.96,551.19,84.18,82.35,0.6029,-1,-1,-1
23,210,-38.74,644.50,193.39,136.10,1.0000,-1,-1,-1
23,214,-120.54,660.73,158.28,136.99,1.0000,-1,-1,-1
23,216,254.63,647.86,278.81,246.86,1.0000,-1,-1,-1
23,219,431.36,660.99,61.91,67.20,1.0000,-1,-1,-1
23,226,1000.55,981.88,-53.07,-56.25,1.0000,-1,-1,-1
23,232,-35.53,409.56,194.32,157.22,0.0205,-1,-1,-1
23,233,1839.01,367.86,52.58,285.15,0.8120,-1,-1,-1
23,235,253.26,567.08,148.22,100.46,0.3343,-1,-1,-1
23,238,388.35,596.16,78.01,71.26,0.2290,-1,-1,-1
23,239,457.52,651.10,114.61,126.86,0.6463,-1,-1,-1
23,241,1735.89,871.81,239.98,202.89,0.0496,-1,-1,-1
23,243,1559.60,799.94,184.32,188.17,0.6775,-1,-1,-1
23,245,609.69,389.99,77.96,89.08,0.7997,-1,-1,-1
23,251,1262.95,624.15,111.19,112.08,0.8080,-1,-1,-1
23,254,390.52,56.26,212.40,114.98,1.0000,-1,-1,-1
23,259,1865.01,621.92,33.13,62.67,1.0000,-1,-1,-1
23,261,1161.29,763.02,79.23,113.68,0.4007,-1,-1,-1
23,263,980.79,8.49,83.76,61.16,1.0000,-1,-1,-1
23,264,763.12,782.54,46.23,43.05,1.0000,-1,-1,-1
23,270,437.38,825.27,371.02,248.12,0.7125,-1,-1,-1
23,271,980.65,0.00,71.49,25.04,1.0000,-1,-1,-1
23,275,919.85,300.35,55.19,58.67,1.0000,-1,-1,-1
23,276,612.89,751.39,62.12,88.05,0.6931,-1,-1,-1
23,277,648.90,601.90,63.45,75.86,1.0000,-1,-1,-1
23,278,1005.70,768.77,59.01,102.50,0.4580,-1,-1,-1
23,285,374.29,1018.56,50.97,57.61,0.0157,-1,-1,-1
23,288,1161.58,894.34,135.41,76.63,0.1047,-1,-1,-1
23,290,580.71,712.33,69.34,72.76,0.2339,-1,-1,-1
23,291,307.63,44.19,217.86,208.27,0.0494,-1,-1,-1
23,294,983.82,0.00,40.16,21.52,0.0111,-1,-1,-1
23,295,1131.53,714.55,70.30,72.15,0.0273,-1,-1,-1
24,1,227.36,336.88,135.19,124.29,0.7549,-1,-1,-1
24,2,269.13,590.15,193.13,180.51,1.0000,-1,-1,-1
24,3,1019.24,258.66,87.03,91.19,0.8090,-1,-1,-1
24,4,22.01,763.04,344.89,317.71,1.0000,-1,-1,-1
24,5,1106.15,509.70,99.06,101.33,0.7264,-1,-1,-1
24,6,462.52,364.66,112.73,98.75,0.8363,-1,-1,-1
24,7,1076.39,-55.93,68.37,73.37,1.0000,-1,-1,-1
24,8,1019.53,718.50,11.66,14.38,1.0000,-1,-1,-1
24,9,301.58,654.41,152.88,130.07,0.8283,-1,-1,-1
24,10,1278.32,44.30,-37.88,-27.14,1.0000,-1,-1,-1
24,11,380.95,828.51,21.82,25.66,1.0000,-1,-1,-1
24,12,145.91,854.66,500.35,222.91,1.0000,-1,-1,-1
24,13,829.28,587.09,18.02,16.50,1.0000,-1,-1,-1
24,14,1231.67,680.74,78.70,80.24,1.0000,-1,-1,-1
24,15,1113.81,242.91,64.45,74.34,1.0000,-1,-1,-1
24,16,160.33,642.35,152.03,149.55,1.0000,-1,-1,-1
24,17,474.49,805.67,17.47,14.68,1.0000,-1,-1,-1
24,18,619.37,722.30,108.97,100.36,1.0000,-1,-1,-1
24,19,51.42,659.03,134.71,114.49,1.0000,-1,-1,-1
24,20,1321.28,592.31,-286.87,-317.37,1.0000,-1,-1,-1
24,21,418.28,541.09,275.25,213.53,1.0000,-1,-1,-1
24,22,2202.31,1347.36,-248.97,-270.25,1.0000,-1,-1,-1
24,23,1382.69,1080.07,220.99,221.67,1.0000,-1,-1,-1
24,24,691.98,633.22,150.16,186.22,1.0000,-1,-1,-1
24,25,331.98,581.26,100.37,72.08,1.0000,-1,-1,-1
24,26,172.90,555.68,492.03,351.89,1.0000,-1,-1,-1
24,27,1170.34,421.22,71.19,68.86,0.4729,-1,-1,-1
24,29,1286.88,-226.08,-82.37,-69.49,1.0000,-1,-1,-1
24,30,735.84,620.43,269.29,261.55,0.4158,-1,-1,-1
24,31,39.32,124.69,75.14,67.74,1.0000,-1,-1,-1
24,32,28.20,382.29,187.11,145.60,1.0000,-1,-1,-1
24,34,729.66,497.63,74.81,68.81,1.0000,-1,-1,-1
24,35,467.38,1183.41,-164.33,-105.81,1.0000,-1,-1,-1
24,36,1230.31,226.75,76.10,65.05,1.0000,-1,-1,-1
24,37,357.37,442.81,154.21,189.40,1.0000,-1,-1,-1
24,39,1143.07,240.80,139.49,116.70,1.0000,-1,-1,-1
24,41,89.73,172.92,82.42,42.55,1.0000,-1,-1,-1
24,42,1253.02,672.98,53.56,101.46,1.0000,-1,-1,-1
24,43,1375.37,25.53,169.87,147.28,1.0000,-1,-1,-1
24,51,1429.12,1176.90,232.93,155.27,1.0000,-1,-1,-1
24,62,900.65,792.97,109.08,103.77,0.0194,-1,-1,-1
24,66,905.56,699.80,122.28,129.76,1.0000,-1,-1,-1
24,68,-166.66,679.15,243.59,229.74,1.0000,-1,-1,-1
24,70,748.84,597.87,106.75,100.15,1.0000,-1,-1,-1
24,71,507.38,624.02,-27.29,-22.55,1.0000,-1,-1,-1
24,72,750.21,911.14,100.38,91.45,1.0000,-1,-1,-1
24,73,603.99,63.69,177.39,91.23,1.0000,-1,-1,-1
24,75,388.66,718.74,291.75,187.96,1.0000,-1,-1,-1
24,76,460.80,467.42,18.17,15.40,1.0000,-1,-1,-1
24,77,748.73,618.04,276.07,195.29,1.0000,-1,-1,-1
24,78,1162.71,290.39,300.23,291.13,1.0000,-1,-1,-1
24,84,1097.74,731.56,83.03,96.71,0.2750,-1,-1,-1
24,85,-100.44,413.31,198.54,276.38,1.0000,-1,-1,-1
24,86,1105.50,652.78,223.02,149.42,1.0000,-1,-1,-1
24,88,397.91,614.51,153.43,113.43,1.0000,-1,-1,-1
24,93,701.27,811.92,112.70,149.42,1.0000,-1,-1,-1
24,94,980.53,522.10,96.83,116.59,1.0000,-1,-1,-1
24,95,519.10,336.24,86.78,83.26,1.0000,-1,-1,-1
24,96,192.54,592.45,253.56,183.88,1.0000,-1,-1,-1
24,105,-37.57,243.11,192.79,115.18,1.0000,-1,-1,-1
24,111,900.63,539.79,133.90,104.52,1.0000,-1,-1,-1
24,112,1375.77,854.65,275.36,340.80,1.0000,-1,-1,-1
24,116,-108.87,156.17,189.47,175.75,1.0000,-1,-1,-1
24,117,2067.58,1003.96,94.29,62.53,1.0000,-1,-1,-1
24,118,950.04,1088.79,-4.87,-2.98,1.0000,-1,-1,-1
24,119,1531.89,712.01,137.93,99.71,0.2538,-1,-1,-1
24,120,1248.67,794.73,68.62,70.00,1.0000,-1,-1,-1
24,123,1135.12,732.66,100.43,105.46,1.0000,-1,-1,-1
24,126,1463.82,1120.30,-49.27,-56.78,1.0000,-1,-1,-1
24,127,1130.11,802.94,201.27,159.71,0.7640,-1,-1,-1
24,132,820.42,483.07,60.36,60.02,1.0000,-1,-1,-1
24,135,956.78,269.67,75.37,64.77,0.7273,-1,-1,-1
24,141,731.61,811.10,116.02,134.61,1.0000,-1,-1,-1
24,143,743.32,820.47,101.47,109.67,1.0000,-1,-1,-1
24,144,1159.20,337.39,79.20,83.83,1.0000,-1,-1,-1
24,150,921.19,622.70,76.56,94.91,1.0000,-1,-1,-1
24,151,613.86,902.52,181.86,141.37,1.0000,-1,-1,-1
24,152,1343.65,936.33,379.78,140.39,0.1151,-1,-1,-1
24,153,460.86,714.36,105.05,104.45,1.0000,-1,-1,-1
24,154,567.75,743.97,93.96,105.28,1.0000,-1,-1,-1
24,155,1416.63,683.60,326.10,309.54,1.0000,-1,-1,-1
24,156,1418.85,737.18,147.59,160.66,0.5481,-1,-1,-1
24,163,479.09,616.89,121.24,150.90,1.0000,-1,-1,-1
24,164,395.11,482.24,79.58,79.16,0.0932,-1,-1,-1
24,168,331.79,775.51,237.67,177.53,1.0000,-1,-1,-1
24,172,901.49,-1.45,81.36,89.54,0.6892,-1,-1,-1
24,173,-60.24,628.51,212.48,152.63,1.0000,-1,-1,-1
24,175,1174.03,533.72,65.61,69.82,0.0863,-1,-1,-1
24,177,1098.16,927.19,143.55,145.78,1.0000,-1,-1,-1
24,178,1134.39,907.98,38.80,29.62,1.0000,-1,-1,-1
24,179,715.93,825.38,68.13,74.01,1.0000,-1,-1,-1
24,181,-195.98,671.15,216.16,135.47,1.0000,-1,-1,-1
24,183,1224.08,71.80,85.42,91.76,0.9134,-1,-1,-1
24,186,-209.13,-140.78,164.55,195.03,1.0000,-1,-1,-1
24,194,118.50,586.06,80.97,68.55,1.0000,-1,-1,-1
24,197,556.84,763.80,93.38,80.67,1.0000,-1,-1,-1
24,199,1034.96,975.84,129.61,104.23,1.0000,-1,-1,-1
24,201,273.59,472.62,148.14,102.20,0.8590,-1,-1,-1
24,203,362.91,439.86,90.14,106.59,1.0000,-1,-1,-1
24,204,1255.90,409.09,34.74,23.00,1.0000,-1,-1,-1
24,208,1574.09,77.92,125.32,105.08,1.0000,-1,-1,-1
24,209,892.84,559.92,83.73,82.08,0.7665,-1,-1,-1
24,210,-49.85,655.60,186.66,131.37,1.0000,-1,-1,-1
24,214,-142.44,667.99,160.31,138.74,1.0000,-1,-1,-1
24,216,268.96,650.66,271.52,240.40,1.0000,-1,-1,-1
24,219,407.06,658.92,54.94,59.63,1.0000,-1,-1,-1
24,226,1024.07,1010.79,-77.37,-82.01,1.0000,-1,-1,-1
24,232,-29.20,397.78,170.94,141.64,0.3175,-1,-1,-1
24,233,1830.88,367.15,58.49,292.33,0.8384,-1,-1,-1
24,235,234.42,572.77,149.72,103.85,0.2588,-1,-1,-1
24,238,371.53,597.52,84.36,77.37,0.0185,-1,-1,-1
24,239,452.17,658.19,113.97,126.12,0.6536,-1,-1,-1
24,241,1720.83,847.30,267.72,226.34,1.0000,-1,-1,-1
24,243,1547.68,791.90,181.73,184.56,0.3615,-1,-1,-1
24,245,604.83,366.36,83.44,94.76,0.8765,-1,-1,-1
24,251,1275.09,609.02,110.55,111.07,0.8923,-1,-1,-1
24,254,382.07,56.77,215.35,116.58,1.0000,-1,-1,-1
24,259,1864.68,626.98,29.69,56.16,1.0000,-1,-1,-1
24,261,1149.80,747.92,82.18,115.89,0.5398,-1,-1,-1
24,263,976.86,9.59,87.46,63.86,1.0000,-1,-1,-1
24,264,751.89,788.12,43.88,40.87,1.0000,-1,-1,-1
24,270,413.66,808.31,395.67,264.45,0.6250,-1,-1,-1
24,271,977.77,0.00,74.65,26.15,1.0000,-1,-1,-1
24,275,917.76,300.47,55.89,59.42,1.0000,-1,-1,-1
24,276,610.94,745.73,53.98,73.09,0.6858,-1,-1,-1
24,277,653.68,615.11,54.06,64.63,1.0000,-1,-1,-1
24,278,991.20,767.78,62.96,108.17,0.5637,-1,-1,-1
24,285,379.32,1035.45,36.30,41.02,1.0000,-1,-1,-1
24,288,1141.83,885.15,139.63,79.35,0.1430,-1,-1,-1
24,290,564.17,702.44,69.24,72.27,0.1286,-1,-1,-1
24,291,266.45,5.70,205.86,196.26,0.3596,-1,-1,-1
24,294,973.29,0.54,56.89,30.70,0.0569,-1,-1,-1
24,295,1125.41,714.84,74.83,76.80,1.0000,-1,-1,-1
24,302,908.03,766.08,146.35,127.51,0.3510,-1,-1,-1
25,1,209.82,338.96,134.59,122.43,0.8697,-1,-1,-1
25,2,263.23,593.26,195.80,183.00,1.0000,-1,-1,-1
25,3,1011.25,258.05,87.05,91.22,0.8511,-1,-1,-1
25,4,2.28,767.50,352.50,324.72,1.0000,-1,-1,-1
25,5,1104.11,511.24,101.98,102.27,0.6482,-1,-1,-1
25,6,444.64,364.78,115.37,99.78,0.8153,-1,-1,-1
25,7,1080.97,-63.77,67.38,72.31,1.0000,-1,-1,-1
25,8,1026.57,715.19,8.03,9.91,1.0000,-1,-1,-1
25,9,282.37,658.83,158.60,131.91,0.8030,-1,-1,-1
25,10,1264.64,35.35,-46.08,-33.02,1.0000,-1,-1,-1
25,11,381.70,835.58,18.14,21.32,1.0000,-1,-1,-1
25,12,121.65,850.24,510.15,227.28,1.0000,-1,-1,-1
25,13,825.23,592.48,15.01,13.75,1.0000,-1,-1,-1
25,14,1229.23,684.55,77.67,79.19,1.0000,-1,-1,-1
25,15,1113.52,240.99,64.61,74.53,1.0000,-1,-1,-1
25,16,151.76,651.81,153.17,150.67,1.0000,-1,-1,-1
25,17,473.32,810.75,2.66,2.24,1.0000,-1,-1,-1
25,18,614.04,729.14,109.09,100.46,1.0000,-1,-1,-1
25,19,42.11,667.36,135.00,114.74,1.0000,-1,-1,-1
25,20,1319.22,590.09,-303.69,-335.97,1.0000,-1,-1,-1
25,21,412.19,544.73,280.70,217.75,1.0000,-1,-1,-1
25,22,2218.15,1363.08,-263.44,-285.95,1.0000,-1,-1,-1
25,23,1379.12,1092.00,222.08,222.77,1.0000,-1,-1,-1
25,24,686.25,630.96,153.57,190.46,1.0000,-1,-1,-1
25,25,327.24,579.61,101.39,72.81,1.0000,-1,-1,-1
25,26,168.75,561.33,503.74,360.27,1.0000,-1,-1,-1
25,27,1159.97,413.98,72.42,69.83,0.2350,-1,-1,-1
25,29,1305.39,-247.97,-101.80,-85.88,1.0000,-1,-1,-1
25,30,718.67,627.84,267.12,260.47,0.7057,-1,-1,-1
25,31,39.94,123.08,70.47,63.52,1.0000,-1,-1,-1
25,32,20.85,386.44,186.80,145.36,1.0000,-1,-1,-1
25,34,727.89,511.23,69.22,63.67,1.0000,-1,-1,-1
25,35,469.56,1193.49,-179.93,-115.86,1.0000,-1,-1,-1
25,36,1237.40,223.70,76.03,64.99,1.0000,-1,-1,-1
25,37,345.04,442.59,157.77,193.77,1.0000,-1,-1,-1
25,39,1139.92,239.23,143.52,120.07,1.0000,-1,-1,-1
25,41,90.95,169.37,80.13,41.37,1.0000,-1,-1,-1
25,42,1251.76,670.77,52.86,100.14,1.0000,-1,-1,-1
25,43,1371.60,23.00,169.62,147.05,1.0000,-1,-1,-1
25,51,1426.25,1195.56,223.56,149.03,1.0000,-1,-1,-1
25,62,894.30,794.71,108.77,103.48,1.0000,-1,-1,-1
25,66,894.74,695.16,123.71,131.28,1.0000,-1,-1,-1
25,68,-182.61,680.96,246.84,232.81,1.0000,-1,-1,-1
25,70,740.01,600.92,105.79,99.24,1.0000,-1,-1,-1
25,71,516.81,632.62,-39.73,-32.83,1.0000,-1,-1,-1
25,72,746.19,922.74,98.93,90.14,1.0000,-1,-1,-1
25,73,604.86,61.93,177.89,91.49,1.0000,-1,-1,-1
25,75,383.26,722.86,301.07,193.97,1.0000,-1,-1,-1
25,76,454.51,460.91,14.98,12.70,1.0000,-1,-1,-1
25,77,739.10,623.06,282.67,199.96,1.0000,-1,-1,-1
25,78,1157.24,290.39,308.91,299.55,1.0000,-1,-1,-1
25,84,1086.08,714.30,90.41,107.44,0.1363,-1,-1,-1
25,85,-104.46,411.75,202.54,281.95,1.0000,-1,-1,-1
25,86,1112.81,653.58,229.32,153.64,1.0000,-1,-1,-1
25,88,395.91,612.21,158.13,116.90,1.0000,-1,-1,-1
25,93,697.89,814.41,114.09,151.27,1.0000,-1,-1,-1
25,94,983.23,523.28,94.11,113.31,1.0000,-1,-1,-1
25,95,512.13,326.88,86.78,83.26,1.0000,-1,-1,-1
25,96,181.26,590.69,262.06,190.05,1.0000,-1,-1,-1
25,105,-41.22,243.54,195.65,116.89,1.0000,-1,-1,-1
25,111,894.05,545.69,135.61,105.85,1.0000,-1,-1,-1
25,112,1371.13,855.27,280.52,347.19,1.0000,-1,-1,-1
25,116,-114.55,156.57,189.70,175.96,1.0000,-1,-1,-1
25,117,2088.46,1010.14,84.04,55.73,1.0000,-1,-1,-1
25,118,962.89,1100.29,-10.07,-6.16,1.0000,-1,-1,-1
25,119,1516.36,702.97,139.99,102.40,0.1386,-1,-1,-1
25,120,1250.59,789.62,67.69,69.05,1.0000,-1,-1,-1
25,123,1126.08,736.85,100.17,105.18,1.0000,-1,-1,-1
25,126,1462.41,1130.49,-58.68,-67.63,1.0000,-1,-1,-1
25,127,1120.06,797.23,195.59,157.45,0.6234,-1,-1,-1
25,132,816.23,480.17,60.13,59.79,1.0000,-1,-1,-1
25,135,950.38,258.36,77.98,68.13,0.7782,-1,-1,-1
25,141,719.01,816.38,118.09,137.02,1.0000,-1,-1,-1
25,143,737.30,824.64,100.31,108.41,1.0000,-1,-1,-1
25,144,1152.52,339.04,78.36,82.95,1.0000,-1,-1,-1
25,150,917.83,627.67,75.36,93.42,1.0000,-1,-1,-1
25,151,606.78,902.89,188.53,146.56,1.0000,-1,-1,-1
25,152,1333.75,932.67,378.30,144.04,0.1199,-1,-1,-1
25,153,459.55,716.89,106.31,105.71,1.0000,-1,-1,-1
25,154,560.17,750.49,94.18,105.52,1.0000,-1,-1,-1
25,155,1397.43,670.23,334.48,317.50,1.0000,-1,-1,-1
25,156,1409.17,729.39,144.43,157.80,0.5315,-1,-1,-1
25,163,475.45,623.80,122.46,152.42,1.0000,-1,-1,-1
25,164,382.73,475.83,79.89,77.85,0.0411,-1,-1,-1
25,168,327.95,781.70,246.23,183.92,1.0000,-1,-1,-1
25,172,896.45,-0.70,78.50,84.33,0.5833,-1,-1,-1
25,173,-81.94,636.81,216.77,155.72,1.0000,-1,-1,-1
25,175,1164.14,526.77,66.36,70.62,1.0000,-1,-1,-1
25,177,1092.34,924.93,145.46,147.71,1.0000,-1,-1,-1
25,178,1130.93,909.99,34.76,26.54,1.0000,-1,-1,-1
25,179,714.98,829.34,66.51,72.25,1.0000,-1,-1,-1
25,181,-230.00,653.85,212.14,132.95,1.0000,-1,-1,-1
25,183,1212.07,65.25,86.48,92.54,0.9087,-1,-1,-1
25,186,-225.67,-164.73,151.32,179.35,1.0000,-1,-1,-1
25,194,105.25,591.80,79.58,67.37,1.0000,-1,-1,-1
25,197,547.08,762.45,89.75,77.53,1.0000,-1,-1,-1
25,199,1031.86,972.47,134.25,107.96,1.0000,-1,-1,-1
25,201,259.69,463.59,142.45,100.97,0.8623,-1,-1,-1
25,203,350.55,433.48,94.66,111.94,1.0000,-1,-1,-1
25,204,1258.87,404.49,29.73,19.68,1.0000,-1,-1,-1
25,208,1570.06,79.50,122.94,103.08,1.0000,-1,-1,-1
25,209,885.15,564.26,85.54,84.25,0.6968,-1,-1,-1
25,210,-60.95,666.71,179.93,126.63,1.0000,-1,-1,-1
25,214,-164.34,675.25,162.34,140.50,1.0000,-1,-1,-1
25,216,283.30,653.46,264.22,233.94,1.0000,-1,-1,-1
25,219,382.76,656.84,47.96,52.06,1.0000,-1,-1,-1
25,226,1047.60,1039.69,-101.68,-107.78,1.0000,-1,-1,-1
25,232,-21.22,382.67,153.06,129.21,0.7403,-1,-1,-1
25,233,1822.50,362.76,65.72,303.55,0.8993,-1,-1,-1
25,235,219.32,573.78,148.89,105.83,0.1797,-1,-1,-1
25,238,305.19,600.49,164.60,149.55,0.0827,-1,-1,-1
25,239,448.04,659.82,115.01,127.04,0.3694,-1,-1,-1
25,241,1705.77,822.78,295.45,249.79,1.0000,-1,-1,-1
25,243,1511.48,726.06,228.58,235.37,0.4329,-1,-1,-1
25,245,602.71,344.35,82.54,92.47,0.7262,-1,-1,-1
25,251,1286.88,590.59,109.76,109.69,0.8743,-1,-1,-1
25,254,373.63,57.28,218.30,118.17,1.0000,-1,-1,-1
25,259,1864.35,632.04,26.25,49.64,1.0000,-1,-1,-1
25,261,1139.28,729.41,86.69,120.54,0.4504,-1,-1,-1
25,263,972.93,10.70,91.16,66.56,1.0000,-1,-1,-1
25,264,740.65,793.70,41.54,38.68,1.0000,-1,-1,-1
25,270,397.06,792.00,417.65,280.03,0.5933,-1,-1,-1
25,271,974.90,0.00,77.81,27.26,1.0000,-1,-1,-1
25,275,915.67,300.58,56.60,60.17,1.0000,-1,-1,-1
25,276,607.89,726.48,59.57,77.57,0.6346,-1,-1,-1
25,277,658.47,628.32,44.67,53.41,1.0000,-1,-1,-1
25,278,976.69,750.84,71.72,122.79,0.0493,-1,-1,-1
25,285,384.36,1052.35,21.62,24.43,1.0000,-1,-1,-1
25,288,1125.23,878.01,149.61,85.02,1.0000,-1,-1,-1
25,290,542.79,690.59,79.15,83.04,0.0828,-1,-1,-1
25,291,262.57,-4.89,170.71,159.36,0.6952,-1,-1,-1
25,294,968.56,0.70,63.49,34.26,1.0000,-1,-1,-1
25,295,1119.29,715.14,79.37,81.46,1.0000,-1,-1,-1
25,302,895.45,740.49,162.29,142.05,0.2122,-1,-1,-1
25,308,1360.62,27.32,269.49,141.27,0.0869,-1,-1,-1
25,310,8.29,172.95,41.66,173.95,0.0665,-1,-1,-1
25,314,353.65,594.20,161.58,124.77,0.4278,-1,-1,-1
26,1,198.82,342.80,134.18,120.78,0.8847,-1,-1,-1
26,2,257.32,596.36,198.46,185.50,1.0000,-1,-1,-1
26,3,1007.57,257.96,85.07,88.79,0.8440,-1,-1,-1
26,4,-17.45,771.95,360.11,331.73,1.0000,-1,-1,-1
26,5,1099.03,514.02,103.55,102.62,0.6628,-1,-1,-1
26,6,433.24,364.13,115.43,98.81,0.8813,-1,-1,-1
26,7,1085.55,-71.61,66.39,71.25,1.0000,-1,-1,-1
26,8,1033.60,711.89,4.41,5.44,1.0000,-1,-1,-1
26,9,270.95,663.44,166.42,135.50,0.7823,-1,-1,-1
26,10,1250.97,26.41,-54.28,-38.89,1.0000,-1,-1,-1
26,11,382.44,842.64,14.45,16.99,1.0000,-1,-1,-1
26,12,97.39,845.81,519.96,231.65,1.0000,-1,-1,-1
26,13,821.18,597.87,12.00,10.99,1.0000,-1,-1,-1
26,14,1226.78,688.36,76.65,78.15,1.0000,-1,-1,-1
26,15,1113.23,239.06,64.77,74.71,1.0000,-1,-1,-1
26,16,143.19,661.27,154.31,151.79,1.0000,-1,-1,-1
26,17,472.15,815.83,-12.15,-10.21,1.0000,-1,-1,-1
26,18,608.72,735.99,109.21,100.57,1.0000,-1,-1,-1
26,19,32.81,675.69,135.30,114.99,1.0000,-1,-1,-1
26,20,1317.15,587.88,-320.50,-354.58,1.0000,-1,-1,-1
26,21,406.11,548.37,286.14,221.97,1.0000,-1,-1,-1
26,22,2233.99,1378.80,-277.91,-301.66,1.0000,-1,-1,-1
26,23,1375.56,1103.93,223.18,223.87,1.0000,-1,-1,-1
26,24,680.51,628.70,156.99,194.69,1.0000,-1,-1,-1
26,25,322.50,577.95,102.41,73.54,1.0000,-1,-1,-1
26,26,164.61,566.97,515.45,368.64,1.0000,-1,-1,-1
26,27,1153.38,412.58,71.14,68.11,0.0649,-1,-1,-1
26,29,1323.90,-269.85,-121.23,-102.28,1.0000,-1,-1,-1
26,30,702.83,632.77,267.84,261.90,0.6275,-1,-1,-1
26,31,40.55,121.47,65.80,59.31,1.0000,-1,-1,-1
26,32,13.50,390.60,186.50,145.13,1.0000,-1,-1,-1
26,34,726.12,524.82,63.62,58.52,1.0000,-1,-1,-1
26,35,471.74,1203.57,-195.54,-125.90,1.0000,-1,-1,-1
26,36,1244.48,220.64,75.96,64.92,1.0000,-1,-1,-1
26,37,332.71,442.37,161.33,198.13,1.0000,-1,-1,-1
26,39,1136.78,237.66,147.55,123.45,1.0000,-1,-1,-1
26,41,92.18,165.81,77.84,40.19,1.0000,-1,-1,-1
26,42,1250.50,668.55,52.17,98.82,1.0000,-1,-1,-1
26,43,1367.83,20.46,169.36,146.83,1.0000,-1,-1,-1
26,51,1423.38,1214.22,214.20,142.79,1.0000,-1,-1,-1
26,62,887.95,796.45,108.47,103.19,1.0000,-1,-1,-1
26,66,883.92,690.52,125.15,132.81,1.0000,-1,-1,-1
26,68,-198.57,682.78,250.10,235.88,1.0000,-1,-1,-1
26,70,731.18,603.96,104.82,98.34,1.0000,-1,-1,-1
26,71,526.24,641.22,-52.17,-43.12,1.0000,-1,-1,-1
26,72,742.17,934.35,97.49,88.82,1.0000,-1,-1,-1
26,73,605.74,60.16,178.40,91.74,1.0000,-1,-1,-1
26,75,377.86,726.98,310.40,199.98,1.0000,-1,-1,-1
26,76,448.22,454.39,11.79,9.99,1.0000,-1,-1,-1
26,77,729.48,628.08,289.27,204.63,1.0000,-1,-1,-1
26,78,1151.77,290.40,317.60,307.97,1.0000,-1,-1,-1
26,84,1073.72,700.75,99.43,121.81,0.1987,-1,-1,-1
26,85,-108.48,410.19,206.54,287.52,1.0000,-1,-1,-1
26,86,1120.13,654.38,235.63,157.87,1.0000,-1,-1,-1
26,88,393.91,609.91,162.84,120.38,1.0000,-1,-1,-1
26,93,694.51,816.90,115.49,153.13,1.0000,-1,-1,-1
26,94,985.94,524.47,91.39,110.04,1.0000,-1,-1,-1
26,95,505.15,317.52,86.78,83.26,1.0000,-1,-1,-1
26,96,169.97,588.94,270.57,196.22,1.0000,-1,-1,-1
26,105,-44.87,243.97,198.52,118.60,1.0000,-1,-1,-1
26,111,887.48,551.58,137.31,107.17,1.0000,-1,-1,-1
26,112,1366.48,855.89,285.68,353.57,1.0000,-1,-1,-1
26,116,-120.22,156.97,189.93,176.18,1.0000,-1,-1,-1
26,117,2109.34,1016.33,73.78,48.93,1.0000,-1,-1,-1
26,118,975.74,1111.79,-15.26,-9.34,1.0000,-1,-1,-1
26,119,1506.19,696.71,139.68,103.07,0.3021,-1,-1,-1
26,120,1252.51,784.50,66.76,68.10,1.0000,-1,-1,-1
26,123,1117.05,741.04,99.91,104.91,1.0000,-1,-1,-1
26,126,1461.01,1140.68,-68.10,-78.47,1.0000,-1,-1,-1
26,127,1116.96,791.22,190.73,155.43,0.7197,-1,-1,-1
26,132,812.04,477.27,59.90,59.57,1.0000,-1,-1,-1
26,135,951.23,252.73,73.88,65.06,0.8182,-1,-1,-1
26,141,706.41,821.65,120.17,139.43,1.0000,-1,-1,-1
26,143,731.29,828.80,99.16,107.16,1.0000,-1,-1,-1
26,144,1145.84,340.70,77.53,82.07,1.0000,-1,-1,-1
26,150,914.48,632.65,74.17,91.94,1.0000,-1,-1,-1
26,151,599.69,903.27,195.21,151.75,1.0000,-1,-1,-1
26,152,1325.07,929.35,374.89,147.02,0.0674,-1,-1,-1
26,153,458.23,719.41,107.57,106.96,1.0000,-1,-1,-1
26,154,552.58,757.02,94.40,105.77,1.0000,-1,-1,-1
26,155,1378.24,656.85,342.86,325.45,1.0000,-1,-1,-1
26,156,1400.49,720.79,146.68,160.23,0.3254,-1,-1,-1
26,163,471.80,630.70,123.67,153.93,1.0000,-1,-1,-1
26,164,374.48,470.65,79.44,75.39,0.3376,-1,-1,-1
26,168,324.10,787.90,254.79,190.31,1.0000,-1,-1,-1
26,172,896.47,-0.49,71.36,73.44,0.6488,-1,-1,-1
26,173,-103.64,645.10,221.07,158.81,1.0000,-1,-1,-1
26,175,1154.26,519.81,67.12,71.43,1.0000,-1,-1,-1
26,177,1086.52,922.66,147.36,149.64,1.0000,-1,-1,-1
26,178,1127.47,912.00,30.71,23.45,1.0000,-1,-1,-1
26,179,714.03,833.30,64.90,70.50,1.0000,-1,-1,-1
26,181,-264.03,636.55,208.11,130.43,1.0000,-1,-1,-1
26,183,1202.36,58.93,89.06,95.57,0.8650,-1,-1,-1
26,186,-242.21,-188.69,138.09,163.67,1.0000,-1,-1,-1
26,194,92.01,597.54,78.18,66.19,1.0000,-1,-1,-1
26,197,537.33,761.11,86.12,74.39,1.0000,-1,-1,-1
26,199,1028.76,969.09,138.89,111.69,1.0000,-1,-1,-1
26,201,249.58,453.77,136.24,98.72,0.8782,-1,-1,-1
26,203,338.20,427.10,99.19,117.29,1.0000,-1,-1,-1
26,204,1261.83,399.90,24.71,16.36,1.0000,-1,-1,-1
26,208,1566.03,81.09,120.55,101.08,1.0000,-1,-1,-1
26,209,878.85,567.92,87.49,86.60,0.0931,-1,-1,-1
26,210,-72.05,677.81,173.21,121.90,1.0000,-1,-1,-1
26,214,-186.24,682.50,164.36,142.25,1.0000,-1,-1,-1
26,216,297.64,656.27,256.92,227.48,1.0000,-1,-1,-1
26,219,358.46,654.76,40.99,44.49,1.0000,-1,-1,-1
26,226,1071.13,1068.59,-125.99,-133.54,1.0000,-1,-1,-1
26,232,-15.33,367.13,148.41,127.14,0.6171,-1,-1,-1
26,233,1817.57,365.61,70.93,303.54,0.9085,-1,-1,-1
26,235,210.58,574.57,145.97,106.30,0.1180,-1,-1,-1
26,238,288.26,606.29,176.49,160.36,1.0000,-1,-1,-1
26,239,447.12,662.71,110.88,121.41,0.7130,-1,-1,-1
26,241,1690.71,798.27,323.19,273.24,1.0000,-1,-1,-1
26,243,1497.66,702.10,238.22,248.35,0.5569,-1,-1,-1
26,245,601.76,320.07,84.51,93.06,0.9157,-1,-1,-1
26,251,1298.90,571.69,114.48,113.91,0.8382,-1,-1,-1
26,254,365.18,57.79,221.25,119.77,1.0000,-1,-1,-1
26,259,1864.02,637.10,22.80,43.13,1.0000,-1,-1,-1
26,261,1131.09,714.08,89.27,121.94,0.2170,-1,-1,-1
26,263,969.01,11.81,94.85,69.26,1.0000,-1,-1,-1
26,264,729.41,799.28,39.19,36.49,1.0000,-1,-1,-1
26,270,381.79,774.25,440.51,297.38,0.2485,-1,-1,-1
26,271,972.02,0.00,80.98,28.37,1.0000,-1,-1,-1
26,275,913.58,300.70,57.31,60.93,1.0000,-1,-1,-1
26,276,611.09,712.90,60.71,76.18,0.8473,-1,-1,-1
26,277,663.25,641.53,35.28,42.18,1.0000,-1,-1,-1
26,278,973.99,756.82,66.94,112.60,0.3702,-1,-1,-1
26,285,389.39,1069.25,6.94,7.85,1.0000,-1,-1,-1
26,288,1108.62,870.88,159.59,90.69,1.0000,-1,-1,-1
26,290,532.02,678.23,84.17,89.93,0.5564,-1,-1,-1
26,291,263.55,-4.77,141.91,127.79,0.6981,-1,-1,-1
26,294,963.84,0.86,70.08,37.82,1.0000,-1,-1,-1
26,295,1113.17,715.43,83.91,86.12,1.0000,-1,-1,-1
26,302,910.03,750.78,138.95,121.43,0.1790,-1,-1,-1
26,308,1363.97,19.88,280.51,147.28,0.0443,-1,-1,-1
26,310,12.23,139.81,50.22,205.81,0.4603,-1,-1,-1
26,314,352.79,591.98,146.51,113.58,0.7757,-1,-1,-1
26,317,693.35,470.70,128.75,120.45,0.0348,-1,-1,-1
26,319,267.84,765.35,139.62,170.07,0.1415,-1,-1,-1
26,320,895.09,284.89,65.67,63.37,0.0273,-1,-1,-1
26,322,495.38,743.77,73.73,67.44,0.0270,-1,-1,-1
27,1,187.08,344.86,136.08,121.32,0.8109,-1,-1,-1
27,2,251.41,599.47,201.13,187.99,1.0000,-1,-1,-1
27,3,1002.69,258.45,84.15,86.80,0.8647,-1,-1,-1
27,4,-37.19,776.40,367.71,338.74,1.0000,-1,-1,-1
27,5,1092.85,515.45,104.87,103.33,0.5956,-1,-1,-1
27,6,419.84,361.90,117.60,99.60,0.8827,-1,-1,-1
27,7,1090.13,-79.45,65.40,70.19,1.0000,-1,-1,-1
27,8,1040.64,708.58,0.78,0.97,1.0000,-1,-1,-1
27,9,260.94,669.13,169.04,134.42,0.4984,-1,-1,-1
27,10,1237.30,17.46,-62.48,-44.77,1.0000,-1,-1,-1
27,11,383.19,849.70,10.76,12.65,1.0000,-1,-1,-1
27,12,73.13,841.38,529.77,236.01,1.0000,-1,-1,-1
27,13,817.12,603.26,8.98,8.23,1.0000,-1,-1,-1
27,14,1224.34,692.17,75.62,77.10,1.0000,-1,-1,-1
27,15,1112.95,237.13,64.92,74.89,1.0000,-1,-1,-1
27,16,134.62,670.74,155.44,152.91,1.0000,-1,-1,-1
27,17,470.98,820.91,-26.96,-22.65,1.0000,-1,-1,-1
27,18,603.40,742.83,109.33,100.68,1.0000,-1,-1,-1
27,19,23.50,684.02,135.59,115.24,1.0000,-1,-1,-1
27,20,1315.09,585.66,-337.32,-373.18,1.0000,-1,-1,-1
27,21,400.02,552.02,291.58,226.20,1.0000,-1,-1,-1
27,22,2249.83,1394.52,-292.38,-317.36,1.0000,-1,-1,-1
27,23,1371.99,1115.86,224.27,224.97,1.0000,-1,-1,-1
27,24,674.77,626.45,160.40,198.93,1.0000,-1,-1,-1
27,25,317.75,576.29,103.42,74.27,1.0000,-1,-1,-1
27,26,160.46,572.62,527.16,377.02,1.0000,-1,-1,-1
27,27,1146.88,411.50,69.87,66.99,0.0720,-1,-1,-1
27,29,1342.40,-291.74,-140.67,-118.68,1.0000,-1,-1,-1
27,30,683.26,638.24,271.89,267.11,0.7448,-1,-1,-1
27,31,41.16,119.86,61.13,55.10,1.0000,-1,-1,-1
27,32,6.15,394.75,186.20,144.89,1.0000,-1,-1,-1
27,34,724.35,538.41,58.03,53.38,1.0000,-1,-1,-1
27,35,473.92,1213.66,-211.14,-135.95,1.0000,-1,-1,-1
27,36,1251.56,217.58,75.88,64.86,1.0000,-1,-1,-1
27,37,320.38,442.15,164.89,202.50,1.0000,-1,-1,-1
27,39,1133.63,236.10,151.58,126.82,1.0000,-1,-1,-1
27,41,93.40,162.25,75.55,39.01,1.0000,-1,-1,-1
27,42,1249.23,666.34,51.47,97.50,1.0000,-1,-1,-1
27,43,1364.06,17.93,169.10,146.60,1.0000,-1,-1,-1
27,51,1420.51,1232.88,204.84,136.55,1.0000,-1,-1,-1
27,62,881.60,798.18,108.16,102.90,1.0000,-1,-1,-1
27,66,873.10,685.87,126.58,134.33,1.0000,-1,-1,-1
27,68,-214.52,684.59,253.35,238.95,1.0000,-1,-1,-1
27,70,722.36,607.01,103.85,97.43,1.0000,-1,-1,-1
27,71,535.67,649.82,-64.61,-53.40,1.0000,-1,-1,-1
27,72,738.16,945.95,96.04,87.50,1.0000,-1,-1,-1
27,73,606.61,58.40,178.90,92.00,1.0000,-1,-1,-1
27,75,372.46,731.10,319.72,205.98,1.0000,-1,-1,-1
27,76,441.94,447.88,8.60,7.29,1.0000,-1,-1,-1
27,77,719.85,633.09,295.86,209.29,1.0000,-1,-1,-1
27,78,1146.31,290.41,326.28,316.39,1.0000,-1,-1,-1
27,84,1051.12,705.10,98.37,124.22,0.0316,-1,-1,-1
27,85,-112.50,408.63,210.54,293.09,1.0000,-1,-1,-1
27,86,1127.45,655.18,241.94,162.09,1.0000,-1,-1,-1
27,88,391.90,607.61,167.54,123.86,1.0000,-1,-1,-1
27,93,691.13,819.39,116.89,154.98,1.0000,-1,-1,-1
27,94,988.64,525.65,88.67,106.76,1.0000,-1,-1,-1
27,95,498.17,308.16,86.78,83.26,1.0000,-1,-1,-1
27,96,158.68,587.18,279.07,202.38,1.0000,-1,-1,-1
27,105,-48.52,244.39,201.38,120.31,1.0000,-1,-1,-1
27,111,880.90,557.47,139.01,108.50,1.0000,-1,-1,-1
27,112,1361.83,856.51,290.84,359.95,1.0000,-1,-1,-1
27,116,-125.89,157.36,190.16,176.39,1.0000,-1,-1,-1
27,117,2130.22,1022.51,63.53,42.13,1.0000,-1,-1,-1
27,118,988.60,1123.28,-20.46,-12.52,1.0000,-1,-1,-1
27,119,1493.54,686.45,138.94,103.84,0.6132,-1,-1,-1
27,120,1254.43,779.38,65.83,67.15,1.0000,-1,-1,-1
27,123,1108.01,745.23,99.64,104.63,1.0000,-1,-1,-1
27,126,1459.60,1150.88,-77.51,-89.32,1.0000,-1,-1,-1
27,127,1114.72,779.61,187.62,154.87,0.8307,-1,-1,-1
27,132,807.84,474.38,59.67,59.34,1.0000,-1,-1,-1
27,135,950.25,244.35,73.57,65.18,0.7754,-1,-1,-1
27,141,693.81,826.92,122.24,141.84,1.0000,-1,-1,-1
27,143,725.28,832.97,98.00,105.91,1.0000,-1,-1,-1
27,144,1139.16,342.35,76.70,81.19,1.0000,-1,-1,-1
27,150,911.12,637.62,72.97,90.46,1.0000,-1,-1,-1
27,151,592.61,903.65,201.88,156.94,1.0000,-1,-1,-1
27,152,1318.24,927.51,370.88,149.67,0.0531,-1,-1,-1
27,153,456.92,721.94,108.83,108.21,1.0000,-1,-1,-1
27,154,545.00,763.55,94.62,106.02,1.0000,-1,-1,-1
27,155,1359.04,643.47,351.23,333.41,1.0000,-1,-1,-1
27,156,1390.26,718.38,145.27,158.34,0.2149,-1,-1,-1
27,163,468.15,637.61,124.89,155.45,1.0000,-1,-1,-1
27,164,363.39,463.26,81.62,75.87,0.3597,-1,-1,-1
27,168,320.25,794.10,263.34,196.70,1.0000,-1,-1,-1
27,172,898.08,0.24,63.72,61.28,0.5238,-1,-1,-1
27,173,-125.34,653.39,225.37,161.90,1.0000,-1,-1,-1
27,175,1144.37,512.86,67.88,72.23,1.0000,-1,-1,-1
27,177,1080.69,920.39,149.27,151.58,1.0000,-1,-1,-1
27,178,1124.02,914.01,26.67,20.36,1.0000,-1,-1,-1
27,179,713.08,837.26,63.28,68.74,1.0000,-1,-1,-1
27,181,-298.05,619.25,204.09,127.91,1.0000,-1,-1,-1
27,183,1192.79,51.75,92.74,100.06,0.8422,-1,-1,-1
27,186,-258.75,-212.64,124.86,147.99,1.0000,-1,-1,-1
27,194,78.76,603.27,76.79,65.00,1.0000,-1,-1,-1
27,197,527.57,759.76,82.49,71.25,1.0000,-1,-1,-1
27,199,1025.65,965.71,143.53,115.42,1.0000,-1,-1,-1
27,201,240.88,445.66,128.32,94.50,0.8917,-1,-1,-1
27,203,325.84,420.72,103.71,122.64,1.0000,-1,-1,-1
27,204,1264.79,395.30,19.70,13.04,1.0000,-1,-1,-1
27,208,1562.00,82.68,118.17,99.08,1.0000,-1,-1,-1
27,209,872.41,572.38,88.02,87.46,0.2910,-1,-1,-1
27,210,-83.15,688.91,166.48,117.16,1.0000,-1,-1,-1
27,214,-208.14,689.76,166.39,144.01,1.0000,-1,-1,-1
27,216,311.98,659.07,249.63,221.02,1.0000,-1,-1,-1
27,219,334.16,652.68,34.01,36.92,1.0000,-1,-1,-1
27,226,1094.66,1097.49,-150.30,-159.31,1.0000,-1,-1,-1
27,232,-16.33,354.48,148.30,129.63,0.7568,-1,-1,-1
27,233,1811.36,367.64,77.47,308.71,0.8399,-1,-1,-1
27,235,205.01,578.15,137.48,102.10,0.2638,-1,-1,-1
27,238,271.34,612.09,188.38,171.16,1.0000,-1,-1,-1
27,239,450.43,659.63,115.20,123.25,0.7694,-1,-1,-1
27,241,1675.65,773.75,350.92,296.69,1.0000,-1,-1,-1
27,243,1460.15,685.02,247.13,255.09,0.0388,-1,-1,-1
27,245,600.38,295.50,87.24,94.44,0.9070,-1,-1,-1
27,251,1310.07,553.25,118.23,117.25,0.7397,-1,-1,-1
27,254,356.73,58.30,224.20,121.36,1.0000,-1,-1,-1
27,259,1863.69,642.16,19.36,36.62,1.0000,-1,-1,-1
27,261,1120.83,702.68,91.52,122.71,0.2015,-1,-1,-1
27,263,965.08,12.92,98.55,71.96,1.0000,-1,-1,-1
27,264,718.18,804.86,36.84,34.31,1.0000,-1,-1,-1
27,270,370.34,759.96,457.81,311.77,0.2615,-1,-1,-1
27,271,969.15,0.00,84.14,29.48,1.0000,-1,-1,-1
27,275,911.49,300.82,58.02,61.68,1.0000,-1,-1,-1
27,276,609.55,696.09,64.86,78.85,0.8412,-1,-1,-1
27,277,668.04,654.73,25.89,30.95,1.0000,-1,-1,-1
27,278,968.58,759.96,65.32,107.38,0.4744,-1,-1,-1
27,285,394.42,1086.15,-7.74,-8.74,1.0000,-1,-1,-1
27,288,1092.01,863.75,169.56,96.37,1.0000,-1,-1,-1
27,290,519.23,671.39,87.23,93.20,1.0000,-1,-1,-1
27,291,272.46,-3.47,114.03,96.36,0.6613,-1,-1,-1
27,294,959.12,1.03,76.68,41.38,1.0000,-1,-1,-1
27,295,1107.05,715.72,88.44,90.77,1.0000,-1,-1,-1
27,302,910.37,746.33,134.70,117.71,1.0000,-1,-1,-1
27,308,1356.04,16.23,284.60,150.35,0.4309,-1,-1,-1
27,310,17.31,113.21,50.66,200.18,0.7058,-1,-1,-1
27,314,339.31,578.65,141.54,110.23,0.7886,-1,-1,-1
27,317,688.71,479.47,129.97,121.94,0.0935,-1,-1,-1
27,319,287.18,746.92,146.29,172.39,0.2786,-1,-1,-1
27,320,891.24,279.81,62.91,60.63,0.0431,-1,-1,-1
27,322,492.59,740.99,71.17,65.10,1.0000,-1,-1,-1
27,325,62.15,446.66,98.04,196.19,0.0440,-1,-1,-1
27,329,181.41,690.31,51.05,90.38,0.8224,-1,-1,-1
27,330,-32.45,867.04,197.87,196.28,0.0578,-1,-1,-1
28,1,176.11,349.42,140.84,124.85,0.7745,-1,-1,-1
28,2,245.51,602.58,203.79,190.48,1.0000,-1,-1,-1
28,3,996.11,261.18,83.02,84.37,0.9076,-1,-1,-1
28,4,-56.92,780.86,375.32,345.75,1.0000,-1,-1,-1
28,5,1084.90,517.13,107.37,106.07,0.5601,-1,-1,-1
28,6,406.07,362.72,119.27,99.75,0.8837,-1,-1,-1
28,7,1094.71,-87.29,64.41,69.13,1.0000,-1,-1,-1
28,8,1047.68,705.28,-2.84,-3.50,1.0000,-1,-1,-1
28,9,252.29,681.20,173.12,134.39,0.0115,-1,-1,-1
28,10,1223.62,8.51,-70.68,-50.64,1.0000,-1,-1,-1
28,11,383.94,856.77,7.08,8.32,1.0000,-1,-1,-1
28,12,48.87,836.96,539.57,240.38,1.0000,-1,-1,-1
28,13,813.07,608.66,5.97,5.47,1.0000,-1,-1,-1
28,14,1221.90,695.98,74.60,76.06,1.0000,-1,-1,-1
28,15,1112.66,235.20,65.08,75.08,1.0000,-1,-1,-1
28,16,126.04,680.20,156.58,154.02,1.0000,-1,-1,-1
28,17,469.81,825.99,-41.77,-35.09,1.0000,-1,-1,-1
28,18,598.08,749.67,109.44,100.79,1.0000,-1,-1,-1
28,19,14.20,692.35,135.89,115.49,1.0000,-1,-1,-1
28,20,1313.02,583.44,-354.14,-391.79,1.0000,-1,-1,-1
28,21,393.94,555.66,297.02,230.42,1.0000,-1,-1,-1
28,22,2265.67,1410.24,-306.84,-333.07,1.0000,-1,-1,-1
28,23,1368.43,1127.79,225.36,226.07,1.0000,-1,-1,-1
28,24,669.03,624.19,163.81,203.16,1.0000,-1,-1,-1
28,25,313.01,574.64,104.44,75.00,1.0000,-1,-1,-1
28,26,156.31,578.26,538.87,385.40,1.0000,-1,-1,-1
28,27,1138.49,408.89,72.96,70.46,0.1225,-1,-1,-1
28,29,1360.91,-313.62,-160.10,-135.07,1.0000,-1,-1,-1
28,30,663.26,646.24,280.66,279.07,0.5395,-1,-1,-1
28,31,41.77,118.24,56.45,50.89,1.0000,-1,-1,-1
28,32,-1.19,398.90,185.89,144.66,1.0000,-1,-1,-1
28,34,722.59,552.01,52.44,48.23,1.0000,-1,-1,-1
28,35,476.11,1223.74,-226.75,-146.00,1.0000,-1,-1,-1
28,36,1258.64,214.52,75.81,64.80,1.0000,-1,-1,-1
28,37,308.05,441.93,168.44,206.87,1.0000,-1,-1,-1
28,39,1130.49,234.53,155.61,130.19,1.0000,-1,-1,-1
28,41,94.63,158.70,73.25,37.82,1.0000,-1,-1,-1
28,42,1247.97,664.13,50.77,96.18,1.0000,-1,-1,-1
28,43,1360.29,15.40,168.84,146.38,1.0000,-1,-1,-1
28,51,1417.64,1251.54,195.48,130.31,1.0000,-1,-1,-1
28,62,875.24,799.92,107.86,102.61,1.0000,-1,-1,-1
28,66,862.28,681.23,128.02,135.85,1.0000,-1,-1,-1
28,68,-230.48,686.41,256.60,242.02,1.0000,-1,-1,-1
28,70,713.53,610.06,102.89,96.52,1.0000,-1,-1,-1
28,71,545.10,658.42,-77.05,-63.68,1.0000,-1,-1,-1
28,72,734.14,957.55,94.60,86.19,1.0000,-1,-1,-1
28,73,607.48,56.63,179.41,92.26,1.0000,-1,-1,-1
28,75,367.05,735.23,329.05,211.99,1.0000,-1,-1,-1
28,76,435.65,441.37,5.42,4.59,1.0000,-1,-1,-1
28,77,710.23,638.11,302.46,213.96,1.0000,-1,-1,-1
28,78,1140.84,290.42,334.96,324.80,1.0000,-1,-1,-1
28,84,1043.07,703.91,89.93,116.98,0.0135,-1,-1,-1
28,85,-116.51,407.07,214.54,298.67,1.0000,-1,-1,-1
28,86,1134.76,655.99,248.24,166.31,1.0000,-1,-1,-1
28,88,389.90,605.31,172.25,127.33,1.0000,-1,-1,-1
28,93,687.74,821.88,118.29,156.84,1.0000,-1,-1,-1
28,94,991.34,526.84,85.95,103.48,1.0000,-1,-1,-1
28,95,491.20,298.80,86.78,83.26,1.0000,-1,-1,-1
28,96,147.40,585.42,287.57,208.55,1.0000,-1,-1,-1
28,105,-52.17,244.82,204.25,122.03,1.0000,-1,-1,-1
28,111,874.32,563.36,140.71,109.83,1.0000,-1,-1,-1
28,112,1357.18,857.13,296.00,366.34,1.0000,-1,-1,-1
28,116,-131.57,157.76,190.39,176.60,1.0000,-1,-1,-1
28,117,2151.10,1028.70,53.28,35.33,1.0000,-1,-1,-1
28,118,1001.45,1134.78,-25.66,-15.70,1.0000,-1,-1,-1
28,119,1483.82,676.83,138.62,105.24,0.7580,-1,-1,-1
28,120,1256.34,774.26,64.90,66.20,1.0000,-1,-1,-1
28,123,1098.98,749.42,99.38,104.35,1.0000,-1,-1,-1
28,126,1458.19,1161.07,-86.92,-100.16,1.0000,-1,-1,-1
28,127,1117.71,768.72,182.60,152.09,0.8139,-1,-1,-1
28,132,803.65,471.48,59.45,59.11,1.0000,-1,-1,-1
28,135,947.27,239.81,72.92,65.19,0.7923,-1,-1,-1
28,141,681.21,832.20,124.32,144.24,1.0000,-1,-1,-1
28,143,719.27,837.13,96.84,104.66,1.0000,-1,-1,-1
28,144,1132.47,344.00,75.86,80.30,1.0000,-1,-1,-1
28,150,907.77,642.59,71.78,88.98,1.0000,-1,-1,-1
28,151,585.52,904.03,208.56,162.13,1.0000,-1,-1,-1
28,152,1320.52,927.29,361.98,150.15,0.0798,-1,-1,-1
28,153,455.61,724.46,110.09,109.47,1.0000,-1,-1,-1
28,154,537.41,770.07,94.84,106.26,1.0000,-1,-1,-1
28,155,1339.85,630.10,359.61,341.36,1.0000,-1,-1,-1
28,156,1382.26,714.19,144.00,156.62,0.2297,-1,-1,-1
28,163,464.51,644.51,126.11,156.97,1.0000,-1,-1,-1
28,164,353.09,461.15,85.76,77.99,0.3341,-1,-1,-1
28,168,316.41,800.29,271.90,203.10,1.0000,-1,-1,-1
28,172,896.14,0.50,57.79,51.79,0.7414,-1,-1,-1
28,173,-147.03,661.68,229.67,164.98,1.0000,-1,-1,-1
28,175,1134.49,505.91,68.63,73.04,1.0000,-1,-1,-1
28,177,1074.87,918.12,151.17,153.51,1.0000,-1,-1,-1
28,178,1120.56,916.03,22.63,17.27,1.0000,-1,-1,-1
28,179,712.14,841.21,61.67,66.99,1.0000,-1,-1,-1
28,181,-332.07,601.95,200.07,125.39,1.0000,-1,-1,-1
28,183,1183.85,46.10,93.29,101.27,0.8365,-1,-1,-1
28,186,-275.28,-236.59,111.63,132.31,1.0000,-1,-1,-1
28,194,85.23,601.57,108.71,92.08,0.8313,-1,-1,-1
28,197,517.82,758.41,78.86,68.12,1.0000,-1,-1,-1
28,199,1022.55,962.34,148.17,119.15,1.0000,-1,-1,-1
28,201,231.65,444.73,120.73,89.81,0.8975,-1,-1,-1
28,203,313.49,414.34,108.24,128.00,1.0000,-1,-1,-1
28,204,1267.75,390.70,14.68,9.72,1.0000,-1,-1,-1
28,208,1557.97,84.26,115.79,97.08,1.0000,-1,-1,-1
28,209,867.14,577.97,87.54,86.94,0.0825,-1,-1,-1
28,210,-94.25,700.01,159.75,112.43,1.0000,-1,-1,-1
28,214,-230.04,697.02,168.42,145.76,1.0000,-1,-1,-1
28,216,326.32,661.87,242.33,214.56,1.0000,-1,-1,-1
28,219,309.85,650.60,27.04,29.35,1.0000,-1,-1,-1
28,226,1118.19,1126.39,-174.60,-185.07,1.0000,-1,-1,-1
28,232,-30.82,350.01,172.42,156.40,0.2179,-1,-1,-1
28,233,1805.11,363.42,85.32,319.90,0.8807,-1,-1,-1
28,235,197.70,586.77,132.70,100.21,0.3052,-1,-1,-1
28,238,254.41,617.89,200.27,181.96,1.0000,-1,-1,-1
28,239,440.43,650.60,126.45,135.15,0.6587,-1,-1,-1
28,241,1660.59,749.23,378.66,320.14,1.0000,-1,-1,-1
28,243,1466.72,672.67,247.24,258.36,0.0422,-1,-1,-1
28,245,598.55,274.66,91.03,96.53,0.9091,-1,-1,-1
28,251,1320.05,537.07,121.93,120.84,0.7469,-1,-1,-1
28,254,348.29,58.81,227.14,122.96,1.0000,-1,-1,-1
28,259,1863.35,647.23,15.92,30.11,1.0000,-1,-1,-1
28,261,1102.98,693.54,98.23,128.09,0.0875,-1,-1,-1
28,263,961.16,14.03,102.25,74.66,1.0000,-1,-1,-1
28,264,706.94,810.44,34.49,32.12,1.0000,-1,-1,-1
28,270,367.36,752.29,464.42,319.26,0.1812,-1,-1,-1
28,271,966.27,0.00,87.31,30.59,1.0000,-1,-1,-1
28,275,909.40,300.94,58.72,62.43,1.0000,-1,-1,-1
28,276,609.39,684.03,69.65,82.73,0.8140,-1,-1,-1
28,277,672.82,667.94,16.50,19.73,1.0000,-1,-1,-1
28,278,961.74,760.24,64.09,101.89,0.4500,-1,-1,-1
28,285,399.45,1103.05,-22.41,-25.33,1.0000,-1,-1,-1
28,288,1075.41,856.62,179.54,102.04,1.0000,-1,-1,-1
28,290,506.44,664.55,90.29,96.46,1.0000,-1,-1,-1
28,291,281.60,-1.69,87.43,66.64,0.3318,-1,-1,-1
28,294,954.39,1.19,83.27,44.94,1.0000,-1,-1,-1
28,295,1100.94,716.01,92.98,95.43,1.0000,-1,-1,-1
28,302,910.71,741.89,130.44,113.99,1.0000,-1,-1,-1
28,308,1345.53,13.89,274.51,146.81,0.1650,-1,-1,-1
28,310,19.29,94.84,51.98,197.11,0.6457,-1,-1,-1
28,314,325.66,569.64,139.01,108.77,0.7922,-1,-1,-1
28,317,686.42,487.29,129.10,121.13,1.0000,-1,-1,-1
28,319,302.66,733.91,154.60,182.18,1.0000,-1,-1,-1
28,320,887.44,275.66,64.04,61.72,1.0000,-1,-1,-1
28,322,489.79,738.21,68.61,62.75,1.0000,-1,-1,-1
28,325,91.59,444.77,35.94,71.92,1.0000,-1,-1,-1
28,329,180.51,687.05,55.25,96.32,0.1946,-1,-1,-1
28,330,-41.67,855.08,208.19,206.52,1.0000,-1,-1,-1
28,331,214.19,655.06,43.24,60.89,0.0798,-1,-1,-1
28,332,-8.07,118.60,186.76,683.26,0.0522,-1,-1,-1
28,337,478.73,640.45,73.21,70.01,0.0888,-1,-1,-1
28,339,810.86,288.57,51.46,49.91,0.0194,-1,-1,-1
28,340,1461.88,173.31,214.99,107.88,0.1098,-1,-1,-1
28,346,10.83,123.04,144.71,396.14,0.0118,-1,-1,-1
28,347,55.95,699.13,147.12,151.70,0.6858,-1,-1,-1
28,348,747.79,312.86,90.48,73.79,0.0456,-1,-1,-1
28,349,894.38,734.32,98.07,121.14,0.0117,-1,-1,-1
28,350,1158.33,498.95,51.19,73.36,0.6041,-1,-1,-1
28,351,-7.35,91.55,193.76,711.58,0.0252,-1,-1,-1
29,1,166.48,363.68,143.38,126.35,0.6612,-1,-1,-1
29,2,239.60,605.68,206.46,192.97,1.0000,-1,-1,-1
29,3,992.00,266.01,81.42,81.16,0.9038,-1,-1,-1
29,4,-76.65,785.31,382.93,352.76,1.0000,-1,-1,-1
29,5,1083.36,522.38,104.06,102.81,0.5981,-1,-1,-1
29,6,395.51,367.87,120.99,100.36,0.8600,-1,-1,-1
29,7,1099.29,-95.13,63.42,68.07,1.0000,-1,-1,-1
29,8,1054.71,701.97,-6.46,-7.97,1.0000,-1,-1,-1
29,9,242.75,692.03,174.29,135.30,1.0000,-1,-1,-1
29,10,1209.95,-0.44,-78.89,-56.52,1.0000,-1,-1,-1
29,11,384.68,863.83,3.39,3.99,1.0000,-1,-1,-1
29,12,24.61,832.53,549.38,244.75,1.0000,-1,-1,-1
29,13,809.02,614.05,2.96,2.71,1.0000,-1,-1,-1
29,14,1219.45,699.78,73.57,75.01,1.0000,-1,-1,-1
29,15,1112.38,233.28,65.24,75.26,1.0000,-1,-1,-1
29,16,117.47,689.66,157.72,155.14,1.0000,-1,-1,-1
29,17,468.64,831.07,-56.58,-47.54,1.0000,-1,-1,-1
29,18,592.75,756.51,109.56,100.90,1.0000,-1,-1,-1
29,19,4.89,700.67,136.18,115.74,1.0000,-1,-1,-1
29,20,1310.96,581.23,-370.96,-410.40,1.0000,-1,-1,-1
29,21,387.85,559.30,302.46,234.64,1.0000,-1,-1,-1
29,22,2281.51,1425.96,-321.31,-348.77,1.0000,-1,-1,-1
29,23,1364.87,1139.72,226.46,227.16,1.0000,-1,-1,-1
29,24,663.29,621.94,167.23,207.40,1.0000,-1,-1,-1
29,25,308.27,572.98,105.46,75.73,1.0000,-1,-1,-1
29,26,152.16,583.91,550.58,393.77,1.0000,-1,-1,-1
29,27,1134.52,407.83,72.36,69.92,0.2496,-1,-1,-1
29,29,1379.42,-335.51,-179.54,-151.47,1.0000,-1,-1,-1
29,30,655.50,656.42,279.00,281.72,0.0298,-1,-1,-1
29,31,42.39,116.63,51.78,46.68,1.0000,-1,-1,-1
29,32,-8.54,403.05,185.59,144.42,1.0000,-1,-1,-1
29,34,720.82,565.60,46.84,43.08,1.0000,-1,-1,-1
29,35,478.29,1233.82,-242.35,-156.05,1.0000,-1,-1,-1
29,36,1265.72,211.47,75.74,64.74,1.0000,-1,-1,-1
29,37,295.72,441.71,172.00,211.24,1.0000,-1,-1,-1
29,39,1127.34,232.97,159.65,133.56,1.0000,-1,-1,-1
29,41,95.85,155.14,70.96,36.64,1.0000,-1,-1,-1
29,42,1246.71,661.92,50.07,94.86,1.0000,-1,-1,-1
29,43,1356.52,12.86,168.58,146.15,1.0000,-1,-1,-1
29,51,1414.77,1270.20,186.12,124.07,1.0000,-1,-1,-1
29,62,868.89,801.66,107.55,102.31,1.0000,-1,-1,-1
29,66,851.46,676.59,129.45,137.37,1.0000,-1,-1,-1
29,68,-246.43,688.23,259.86,245.09,1.0000,-1,-1,-1
29,70,704.71,613.11,101.92,95.62,1.0000,-1,-1,-1
29,71,554.53,667.02,-89.49,-73.96,1.0000,-1,-1,-1
29,72,730.12,969.15,93.15,84.87,1.0000,-1,-1,-1
29,73,608.35,54.86,179.91,92.52,1.0000,-1,-1,-1
29,75,361.65,739.35,338.37,218.00,1.0000,-1,-1,-1
29,76,429.37,434.85,2.23,1.89,1.0000,-1,-1,-1
29,77,700.60,643.13,309.06,218.63,1.0000,-1,-1,-1
29,78,1135.37,290.43,343.64,333.22,1.0000,-1,-1,-1
29,84,1049.46,701.68,60.07,77.88,0.0120,-1,-1,-1
29,85,-120.53,405.51,218.54,304.24,1.0000,-1,-1,-1
29,86,1142.08,656.79,254.55,170.54,1.0000,-1,-1,-1
29,88,387.90,603.01,176.95,130.81,1.0000,-1,-1,-1
29,93,684.36,824.37,119.69,158.69,1.0000,-1,-1,-1
29,94,994.04,528.02,83.23,100.20,1.0000,-1,-1,-1
29,95,484.22,289.44,86.78,83.26,1.0000,-1,-1,-1
29,96,136.11,583.66,296.07,214.71,1.0000,-1,-1,-1
29,105,-55.82,245.24,207.11,123.74,1.0000,-1,-1,-1
29,111,867.74,569.25,142.42,111.16,1.0000,-1,-1,-1
29,112,1352.53,857.75,301.16,372.72,1.0000,-1,-1,-1
29,116,-137.24,158.16,190.62,176.82,1.0000,-1,-1,-1
29,117,2171.98,1034.88,43.03,28.53,1.0000,-1,-1,-1
29,118,1014.30,1146.27,-30.85,-18.88,1.0000,-1,-1,-1
29,119,1478.68,664.75,137.07,105.70,0.8227,-1,-1,-1
29,120,1258.26,769.14,63.97,65.26,1.0000,-1,-1,-1
29,123,1089.94,753.61,99.12,104.08,1.0000,-1,-1,-1
29,126,1456.78,1171.26,-96.33,-111.01,1.0000,-1,-1,-1
29,127,1131.94,754.80,179.53,148.68,0.7767,-1,-1,-1
29,132,799.46,468.59,59.22,58.88,1.0000,-1,-1,-1
29,135,943.61,234.55,75.23,67.89,0.7472,-1,-1,-1
29,141,668.61,837.47,126.39,146.65,1.0000,-1,-1,-1
29,143,713.25,841.30,95.68,103.41,1.0000,-1,-1,-1
29,144,1125.79,345.66,75.03,79.42,1.0000,-1,-1,-1
29,150,904.41,647.57,70.58,87.50,1.0000,-1,-1,-1
29,151,578.44,904.41,215.23,167.32,1.0000,-1,-1,-1
29,152,1324.83,925.03,359.31,153.45,0.1735,-1,-1,-1
29,153,454.29,726.99,111.35,110.72,1.0000,-1,-1,-1
29,154,529.83,776.60,95.06,106.51,1.0000,-1,-1,-1
29,155,1320.65,616.72,367.99,349.31,1.0000,-1,-1,-1
29,156,1376.57,702.08,150.06,163.87,0.1558,-1,-1,-1
29,163,460.86,651.42,127.33,158.48,1.0000,-1,-1,-1
29,164,349.45,462.92,87.14,77.78,0.3613,-1,-1,-1
29,168,312.56,806.49,280.46,209.49,1.0000,-1,-1,-1
29,172,893.86,0.28,55.07,45.41,0.6049,-1,-1,-1
29,173,-168.73,669.97,233.97,168.07,1.0000,-1,-1,-1
29,175,1124.60,498.96,69.39,73.84,1.0000,-1,-1,-1
29,177,1069.04,915.86,153.08,155.45,1.0000,-1,-1,-1
29,178,1117.10,918.04,18.58,14.19,1.0000,-1,-1,-1
29,179,711.19,845.17,60.05,65.23,1.0000,-1,-1,-1
29,181,-366.10,584.65,196.05,122.87,1.0000,-1,-1,-1
29,183,1177.86,39.65,89.38,97.44,0.7754,-1,-1,-1
29,186,-291.82,-260.55,98.40,116.63,1.0000,-1,-1,-1
29,194,67.22,603.76,172.95,149.26,0.0447,-1,-1,-1
29,197,508.06,757.06,75.22,64.98,1.0000,-1,-1,-1
29,199,1019.45,958.96,152.81,122.89,1.0000,-1,-1,-1
29,201,227.42,448.38,113.69,85.17,0.8392,-1,-1,-1
29,203,301.13,407.96,112.76,133.35,1.0000,-1,-1,-1
29,204,1270.71,386.11,9.67,6.40,1.0000,-1,-1,-1
29,208,1553.94,85.85,113.40,95.08,1.0000,-1,-1,-1
29,209,865.05,585.06,86.89,86.34,0.0784,-1,-1,-1
29,210,-105.36,711.12,153.03,107.70,1.0000,-1,-1,-1
29,214,-251.94,704.28,170.45,147.51,1.0000,-1,-1,-1
29,216,340.65,664.67,235.03,208.10,1.0000,-1,-1,-1
29,219,285.55,648.52,20.07,21.78,1.0000,-1,-1,-1
29,226,1141.71,1155.29,-198.91,-210.84,1.0000,-1,-1,-1
29,232,-32.90,349.56,166.03,156.48,0.3354,-1,-1,-1
29,233,1802.09,359.82,91.94,328.43,0.8555,-1,-1,-1
29,235,197.45,597.74,127.93,98.54,0.0601,-1,-1,-1
29,238,237.48,623.69,212.16,192.77,1.0000,-1,-1,-1
29,239,444.01,666.39,121.10,128.39,0.7371,-1,-1,-1
29,241,1645.53,724.72,406.39,343.59,1.0000,-1,-1,-1
29,243,1455.77,656.04,252.53,263.89,1.0000,-1,-1,-1
29,245,597.78,258.83,93.27,96.99,0.9342,-1,-1,-1
29,251,1335.97,521.12,118.69,117.10,0.7867,-1,-1,-1
29,254,339.84,59.32,230.09,124.56,1.0000,-1,-1,-1
29,259,1863.02,652.29,12.48,23.60,1.0000,-1,-1,-1
29,261,1098.13,688.16,100.38,127.95,0.3042,-1,-1,-1
29,263,957.23,15.14,105.95,77.36,1.0000,-1,-1,-1
29,264,695.71,816.01,32.14,29.93,1.0000,-1,-1,-1
29,270,371.21,747.65,467.81,324.57,0.0150,-1,-1,-1
29,271,963.40,0.00,90.47,31.70,1.0000,-1,-1,-1
29,275,907.31,301.06,59.43,63.18,1.0000,-1,-1,-1
29,276,612.94,675.67,73.98,86.43,0.8067,-1,-1,-1
29,277,677.61,681.15,7.11,8.50,1.0000,-1,-1,-1
29,278,962.45,756.57,61.92,95.97,0.6210,-1,-1,-1
29,285,404.48,1119.95,-37.09,-41.92,1.0000,-1,-1,-1
29,288,1058.80,849.49,189.52,107.71,1.0000,-1,-1,-1
29,290,493.64,657.71,93.34,99.73,1.0000,-1,-1,-1
29,291,280.73,-0.69,82.16,56.51,0.1817,-1,-1,-1
29,294,949.67,1.35,89.87,48.50,1.0000,-1,-1,-1
29,295,1094.82,716.30,97.52,100.09,1.0000,-1,-1,-1
29,302,911.04,737.45,126.18,110.27,1.0000,-1,-1,-1
29,308,1353.17,6.85,277.31,149.09,0.0550,-1,-1,-1
29,310,22.50,86.74,53.73,192.96,0.7337,-1,-1,-1
29,314,312.26,562.77,149.36,117.73,0.7964,-1,-1,-1
29,317,683.52,507.77,132.20,124.62,0.0582,-1,-1,-1
29,319,318.14,720.90,162.91,191.97,1.0000,-1,-1,-1
29,320,878.43,268.85,62.83,60.36,0.0325,-1,-1,-1
29,322,487.00,735.42,66.05,60.41,1.0000,-1,-1,-1
29,325,121.02,442.89,-26.16,-52.35,1.0000,-1,-1,-1
29,329,190.84,694.72,50.99,87.90,0.1274,-1,-1,-1
29,330,-50.89,843.11,218.52,216.76,1.0000,-1,-1,-1
29,331,225.14,672.48,41.75,58.30,0.0268,-1,-1,-1
29,332,-2.91,71.17,245.51,897.74,0.0557,-1,-1,-1
29,337,442.18,616.96,89.32,85.51,0.7140,-1,-1,-1
29,339,805.72,283.12,49.00,47.68,0.0631,-1,-1,-1
29,340,1460.75,174.24,209.50,105.12,1.0000,-1,-1,-1
29,346,5.39,92.74,155.63,425.80,0.0249,-1,-1,-1
29,347,-42.38,622.08,351.10,367.02,0.2165,-1,-1,-1
29,348,742.04,301.25,93.87,77.24,0.7419,-1,-1,-1
29,349,891.60,722.64,103.68,128.68,0.0115,-1,-1,-1
29,350,1153.59,491.22,55.29,78.73,0.5002,-1,-1,-1
29,351,1.71,90.08,243.96,894.74,0.0172,-1,-1,-1
29,353,1522.26,756.86,184.19,167.56,0.8675,-1,-1,-1
29,354,207.85,693.60,302.65,241.57,0.3496,-1,-1,-1
29,356,958.11,705.36,38.34,56.65,0.0131,-1,-1,-1
29,360,1048.43,246.38,35.04,38.57,0.1733,-1,-1,-1
30,1,164.36,376.88,144.40,126.12,0.8413,-1,-1,-1
30,2,233.70,608.79,209.13,195.46,1.0000,-1,-1,-1
30,3,988.01,268.22,82.03,80.43,0.9088,-1,-1,-1
30,4,-96.39,789.76,390.54,359.77,1.0000,-1,-1,-1
30,5,1084.32,525.07,106.70,105.32,0.2801,-1,-1,-1
30,6,389.28,373.48,121.10,99.30,0.8741,-1,-1,-1
30,7,1103.87,-102.97,62.44,67.01,1.0000,-1,-1,-1
30,8,1061.75,698.67,-10.09,-12.44,1.0000,-1,-1,-1
30,9,233.20,702.86,175.47,136.22,1.0000,-1,-1,-1
30,10,1196.27,-9.38,-87.09,-62.39,1.0000,-1,-1,-1
30,11,385.43,870.89,-0.29,-0.35,1.0000,-1,-1,-1
30,12,0.35,828.10,559.19,249.12,1.0000,-1,-1,-1
30,13,804.96,619.44,-0.05,-0.05,1.0000,-1,-1,-1
30,14,1217.01,703.59,72.55,73.97,1.0000,-1,-1,-1
30,15,1112.09,231.35,65.40,75.44,1.0000,-1,-1,-1
30,16,108.90,699.13,158.85,156.26,1.0000,-1,-1,-1
30,17,467.47,836.15,-71.39,-59.98,1.0000,-1,-1,-1
30,18,587.43,763.36,109.68,101.01,1.0000,-1,-1,-1
30,19,-4.41,709.00,136.47,115.99,1.0000,-1,-1,-1
30,20,1308.89,579.01,-387.77,-429.00,1.0000,-1,-1,-1
30,21,381.77,562.94,307.90,238.86,1.0000,-1,-1,-1
30,22,2297.35,1441.68,-335.78,-364.47,1.0000,-1,-1,-1
30,23,1361.30,1151.65,227.55,228.26,1.0000,-1,-1,-1
30,24,657.55,619.68,170.64,211.63,1.0000,-1,-1,-1
30,25,303.53,571.32,106.48,76.47,1.0000,-1,-1,-1
30,26,148.02,589.55,562.29,402.15,1.0000,-1,-1,-1
30,27,1134.75,406.03,70.40,67.47,0.2721,-1,-1,-1
30,29,1397.93,-357.40,-198.97,-167.86,1.0000,-1,-1,-1
30,30,650.71,669.24,275.57,282.57,0.0419,-1,-1,-1
30,31,43.00,115.02,47.11,42.47,1.0000,-1,-1,-1
30,32,-15.89,407.21,185.29,144.18,1.0000,-1,-1,-1
30,34,719.05,579.19,41.25,37.94,1.0000,-1,-1,-1
30,35,480.47,1243.91,-257.96,-166.10,1.0000,-1,-1,-1
30,36,1272.80,208.41,75.67,64.68,1.0000,-1,-1,-1
30,37,283.39,441.49,175.56,215.61,1.0000,-1,-1,-1
30,39,1124.20,231.40,163.68,136.94,1.0000,-1,-1,-1
30,41,97.08,151.58,68.67,35.46,1.0000,-1,-1,-1
30,42,1245.45,659.71,49.38,93.53,1.0000,-1,-1,-1
30,43,1352.75,10.33,168.32,145.93,1.0000,-1,-1,-1
30,51,1411.90,1288.86,176.76,117.83,1.0000,-1,-1,-1
30,62,862.54,803.40,107.25,102.02,1.0000,-1,-1,-1
30,66,840.64,671.94,130.89,138.90,1.0000,-1,-1,-1
30,68,-262.38,690.04,263.11,248.16,1.0000,-1,-1,-1
30,70,695.88,616.15,100.95,94.71,1.0000,-1,-1,-1
30,71,563.96,675.62,-101.93,-84.24,1.0000,-1,-1,-1
30,72,726.11,980.76,91.71,83.55,1.0000,-1,-1,-1
30,73,609.22,53.10,180.42,92.78,1.0000,-1,-1,-1
30,75,356.25,743.47,347.70,224.01,1.0000,-1,-1,-1
30,76,423.08,428.34,-0.96,-0.81,1.0000,-1,-1,-1
30,77,690.98,648.14,315.65,223.29,1.0000,-1,-1,-1
30,78,1129.90,290.43,352.32,341.64,1.0000,-1,-1,-1
30,84,1041.61,698.27,59.23,76.79,1.0000,-1,-1,-1
30,85,-124.55,403.95,222.55,309.81,1.0000,-1,-1,-1
30,86,1149.39,657.59,260.85,174.76,1.0000,-1,-1,-1
30,88,385.90,600.71,181.65,134.29,1.0000,-1,-1,-1
30,93,680.98,826.86,121.09,160.55,1.0000,-1,-1,-1
30,94,996.74,529.21,80.50,96.93,1.0000,-1,-1,-1
30,95,477.25,280.08,86.78,83.26,1.0000,-1,-1,-1
30,96,124.83,581.90,304.57,220.88,1.0000,-1,-1,-1
30,105,-59.47,245.67,209.98,125.45,1.0000,-1,-1,-1
30,111,861.17,575.15,144.12,112.49,1.0000,-1,-1,-1
30,112,1347.88,858.37,306.31,379.11,1.0000,-1,-1,-1
30,116,-142.92,158.56,190.85,177.03,1.0000,-1,-1,-1
30,117,2192.86,1041.06,32.77,21.74,1.0000,-1,-1,-1
30,118,1027.15,1157.77,-36.05,-22.06,1.0000,-1,-1,-1
30,119,1478.08,651.64,134.60,105.17,0.8647,-1,-1,-1
30,120,1260.18,764.02,63.04,64.31,1.0000,-1,-1,-1
30,123,1080.91,757.80,98.85,103.80,1.0000,-1,-1,-1
30,126,1455.37,1181.45,-105.74,-121.85,1.0000,-1,-1,-1
30,127,1148.10,740.05,175.58,144.81,0.6923,-1,-1,-1
30,132,795.26,465.69,58.99,58.66,1.0000,-1,-1,-1
30,135,945.13,228.72,72.60,65.79,0.7633,-1,-1,-1
30,141,656.01,842.75,128.47,149.06,1.0000,-1,-1,-1
30,143,707.24,845.46,94.52,102.16,1.0000,-1,-1,-1
30,144,1119.11,347.31,74.20,78.54,1.0000,-1,-1,-1
30,150,901.06,652.54,69.39,86.02,1.0000,-1,-1,-1
30,151,571.35,904.79,221.91,172.51,1.0000,-1,-1,-1
30,152,1336.00,923.16,352.91,155.42,0.4902,-1,-1,-1
30,153,452.98,729.51,112.61,111.97,1.0000,-1,-1,-1
30,154,522.24,783.13,95.28,106.76,1.0000,-1,-1,-1
30,155,1301.46,603.35,376.37,357.27,1.0000,-1,-1,-1
30,156,1376.58,688.87,159.60,175.30,0.1114,-1,-1,-1
30,163,457.21,658.32,128.55,160.00,1.0000,-1,-1,-1
30,164,349.24,464.52,87.75,77.23,0.7216,-1,-1,-1
30,168,308.71,812.69,289.01,215.88,1.0000,-1,-1,-1
30,172,891.74,0.82,50.28,37.72,0.1224,-1,-1,-1
30,173,-190.43,678.26,238.26,171.16,1.0000,-1,-1,-1
30,175,1114.71,492.00,70.14,74.65,1.0000,-1,-1,-1
30,177,1063.22,913.59,154.98,157.38,1.0000,-1,-1,-1
30,178,1113.65,920.05,14.54,11.10,1.0000,-1,-1,-1
30,179,710.24,849.13,58.44,63.48,1.0000,-1,-1,-1
30,181,-400.12,567.36,192.02,120.34,1.0000,-1,-1,-1
30,183,1171.47,32.45,90.55,99.08,0.8077,-1,-1,-1
30,186,-308.36,-284.50,85.18,100.95,1.0000,-1,-1,-1
30,194,76.10,562.36,185.92,161.66,0.7055,-1,-1,-1
30,197,498.30,755.71,71.59,61.84,1.0000,-1,-1,-1
30,199,1016.34,955.58,157.45,126.62,1.0000,-1,-1,-1
30,201,226.30,448.97,111.96,84.80,0.8262,-1,-1,-1
30,203,288.78,401.58,117.29,138.70,1.0000,-1,-1,-1
30,204,1273.67,381.51,4.66,3.08,1.0000,-1,-1,-1
30,208,1549.92,87.43,111.02,93.08,1.0000,-1,-1,-1
30,209,858.32,591.84,87.27,86.71,1.0000,-1,-1,-1
30,210,-116.46,722.22,146.30,102.96,1.0000,-1,-1,-1
30,214,-273.84,711.54,172.47,149.27,1.0000,-1,-1,-1
30,216,354.99,667.47,227.74,201.64,1.0000,-1,-1,-1
30,219,261.25,646.45,13.09,14.21,1.0000,-1,-1,-1
30,226,1165.24,1184.19,-223.22,-236.60,1.0000,-1,-1,-1
30,232,-35.57,341.21,170.16,166.87,0.3395,-1,-1,-1
30,233,1802.38,357.49,97.37,336.61,0.8088,-1,-1,-1
30,235,183.43,604.16,132.22,101.84,1.0000,-1,-1,-1
30,238,220.55,629.49,224.05,203.57,1.0000,-1,-1,-1
30,239,454.16,679.79,115.45,121.07,0.6200,-1,-1,-1
30,241,1630.47,700.20,434.13,367.03,1.0000,-1,-1,-1
30,243,1444.83,639.41,257.81,269.41,1.0000,-1,-1,-1
30,245,599.69,242.69,99.12,101.42,0.8852,-1,-1,-1
30,251,1355.53,502.32,117.75,114.93,0.8784,-1,-1,-1
30,254,331.39,59.83,233.04,126.15,1.0000,-1,-1,-1
30,259,1862.69,657.35,9.04,17.09,1.0000,-1,-1,-1
30,261,1096.01,675.68,112.81,144.05,0.5169,-1,-1,-1
30,263,953.30,16.25,109.65,80.06,1.0000,-1,-1,-1
30,264,684.47,821.59,29.80,27.75,1.0000,-1,-1,-1
30,270,377.51,744.84,467.52,327.08,0.0856,-1,-1,-1
30,271,960.52,0.00,93.64,32.80,1.0000,-1,-1,-1
30,275,905.21,301.18,60.14,63.93,1.0000,-1,-1,-1
30,276,620.07,663.58,78.27,90.37,0.8427,-1,-1,-1
30,277,682.39,694.36,-2.28,-2.73,1.0000,-1,-1,-1
30,278,955.37,755.18,62.82,96.11,0.0151,-1,-1,-1
30,285,409.51,1136.84,-51.77,-58.50,1.0000,-1,-1,-1
30,288,1042.20,842.35,199.50,113.38,1.0000,-1,-1,-1
30,290,480.85,650.87,96.40,103.00,1.0000,-1,-1,-1
30,291,288.28,0.53,70.70,43.29,0.1198,-1,-1,-1
30,294,944.94,1.52,96.46,52.05,1.0000,-1,-1,-1
30,295,1088.70,716.59,102.06,104.74,1.0000,-1,-1,-1
30,302,911.38,733.01,121.93,106.55,1.0000,-1,-1,-1
30,308,1355.09,3.14,269.61,146.02,0.1976,-1,-1,-1
30,310,26.56,82.51,59.63,200.99,0.6437,-1,-1,-1
30,314,315.78,554.29,167.86,131.41,0.7931,-1,-1,-1
30,317,681.92,521.83,136.62,129.08,0.1105,-1,-1,-1
30,319,333.63,707.89,171.22,201.77,1.0000,-1,-1,-1
30,320,876.38,261.43,64.47,61.96,0.0212,-1,-1,-1
30,322,484.21,732.64,63.48,58.07,1.0000,-1,-1,-1
30,325,150.46,441.01,-88.27,-176.62,1.0000,-1,-1,-1
30,329,187.63,693.34,50.99,87.89,1.0000,-1,-1,-1
30,330,-60.12,831.15,228.84,227.00,1.0000,-1,-1,-1
30,331,226.22,679.41,40.50,56.55,1.0000,-1,-1,-1
30,332,-6.06,19.52,270.43,988.87,1.0000,-1,-1,-1
30,337,424.28,602.28,88.59,84.81,1.0000,-1,-1,-1
30,339,804.04,277.78,50.28,49.28,0.1310,-1,-1,-1
30,340,1459.62,175.18,204.01,102.37,1.0000,-1,-1,-1
30,346,-11.61,82.04,157.78,437.01,0.0261,-1,-1,-1
30,347,-76.95,588.12,419.76,438.80,1.0000,-1,-1,-1
30,348,737.39,290.47,96.07,80.05,0.7596,-1,-1,-1
30,349,887.92,700.29,109.49,136.41,0.0134,-1,-1,-1
30,350,1152.98,479.73,58.88,83.12,0.6301,-1,-1,-1
30,351,4.14,84.86,258.27,947.22,1.0000,-1,-1,-1
30,353,1528.55,745.98,183.77,167.09,0.8021,-1,-1,-1
30,354,93.96,676.79,372.16,294.22,0.4670,-1,-1,-1
30,356,964.62,709.93,34.58,51.09,1.0000,-1,-1,-1
30,360,1043.59,240.46,44.25,48.92,0.3957,-1,-1,-1
30,364,2.27,286.47,216.11,222.03,0.1070,-1,-1,-1
30,369,100.21,280.86,47.02,141.56,0.5998,-1,-1,-1
30,370,1423.75,133.56,126.13,54.34,0.0243,-1,-1,-1
30,372,1445.37,176.62,150.78,103.00,0.0312,-1,-1,-1
30,374,1049.18,703.45,59.43,118.95,0.0116,-1,-1,-1
31,1,165.10,384.45,137.66,118.67,0.5970,-1,-1,-1
31,2,227.79,611.89,211.79,197.95,1.0000,-1,-1,-1
31,3,986.43,269.45,84.34,81.38,0.9077,-1,-1,-1
31,4,-116.12,794.22,398.15,366.78,1.0000,-1,-1,-1
31,5,1086.67,526.64,107.13,105.88,0.4072,-1,-1,-1
31,6,384.11,375.01,124.28,101.04,0.7943,-1,-1,-1
31,7,1108.45,-110.81,61.45,65.95,1.0000,-1,-1,-1
31,8,1068.79,695.36,-13.71,-16.91,1.0000,-1,-1,-1
31,9,223.66,713.69,176.65,137.13,1.0000,-1,-1,-1
31,10,1182.60,-18.33,-95.29,-68.27,1.0000,-1,-1,-1
31,11,386.18,877.96,-3.98,-4.68,1.0000,-1,-1,-1
31,12,-23.91,823.68,568.99,253.49,1.0000,-1,-1,-1
31,13,800.91,624.83,-3.06,-2.81,1.0000,-1,-1,-1
31,14,1214.57,707.40,71.52,72.92,1.0000,-1,-1,-1
31,15,1111.80,229.42,65.56,75.62,1.0000,-1,-1,-1
31,16,100.33,708.59,159.99,157.38,1.0000,-1,-1,-1
31,17,466.30,841.23,-86.20,-72.42,1.0000,-1,-1,-1
31,18,582.11,770.20,109.80,101.12,1.0000,-1,-1,-1
31,19,-13.72,717.33,136.77,116.24,1.0000,-1,-1,-1
31,20,1306.83,576.79,-404.59,-447.61,1.0000,-1,-1,-1
31,21,375.68,566.59,313.34,243.08,1.0000,-1,-1,-1
31,22,2313.19,1457.40,-350.25,-380.18,1.0000,-1,-1,-1
31,23,1357.74,1163.58,228.65,229.36,1.0000,-1,-1,-1
31,24,651.82,617.43,174.06,215.87,1.0000,-1,-1,-1
31,25,298.79,569.67,107.50,77.20,1.0000,-1,-1,-1
31,26,143.87,595.20,574.01,410.52,1.0000,-1,-1,-1
31,27,1136.65,403.40,70.74,67.46,0.1978,-1,-1,-1
31,29,1416.44,-379.28,-218.40,-184.26,1.0000,-1,-1,-1
31,30,658.84,680.59,263.57,275.59,0.1593,-1,-1,-1
31,31,43.61,113.41,42.44,38.26,1.0000,-1,-1,-1
31,32,-23.24,411.36,184.98,143.95,1.0000,-1,-1,-1
31,34,717.29,592.79,35.65,32.79,1.0000,-1,-1,-1
31,35,482.65,1253.99,-273.56,-176.14,1.0000,-1,-1,-1
31,36,1279.89,205.35,75.60,64.62,1.0000,-1,-1,-1
31,37,271.05,441.27,179.11,219.98,1.0000,-1,-1,-1
31,39,1121.05,229.83,167.71,140.31,1.0000,-1,-1,-1
31,41,98.30,148.03,66.38,34.27,1.0000,-1,-1,-1
31,42,1244.18,657.50,48.68,92.21,1.0000,-1,-1,-1
31,43,1348.98,7.80,168.06,145.70,1.0000,-1,-1,-1
31,51,1409.03,1307.52,167.40,111.59,1.0000,-1,-1,-1
31,62,856.18,805.14,106.94,101.73,1.0000,-1,-1,-1
31,66,829.82,667.30,132.32,140.42,1.0000,-1,-1,-1
31,68,-278.34,691.86,266.37,251.23,1.0000,-1,-1,-1
31,70,687.05,619.20,99.99,93.80,1.0000,-1,-1,-1
31,71,573.39,684.22,-114.37,-94.53,1.0000,-1,-1,-1
31,72,722.09,992.36,90.26,82.24,1.0000,-1,-1,-1
31,73,610.10,51.33,180.92,93.04,1.0000,-1,-1,-1
31,75,350.84,747.60,357.02,230.01,1.0000,-1,-1,-1
31,76,416.79,421.82,-4.15,-3.52,1.0000,-1,-1,-1
31,77,681.35,653.16,322.25,227.96,1.0000,-1,-1,-1
31,78,1124.43,290.44,361.01,350.06,1.0000,-1,-1,-1
31,84,1033.76,694.86,58.39,75.69,1.0000,-1,-1,-1
31,85,-128.57,402.40,226.55,315.38,1.0000,-1,-1,-1
31,86,1156.71,658.39,267.16,178.99,1.0000,-1,-1,-1
31,88,383.90,598.41,186.36,137.77,1.0000,-1,-1,-1
31,93,677.60,829.35,122.49,162.40,1.0000,-1,-1,-1
31,94,999.45,530.39,77.78,93.65,1.0000,-1,-1,-1
31,95,470.27,270.72,86.78,83.26,1.0000,-1,-1,-1
31,96,113.54,580.15,313.08,227.05,1.0000,-1,-1,-1
31,105,-63.12,246.09,212.84,127.16,1.0000,-1,-1,-1
31,111,854.59,581.04,145.82,113.82,1.0000,-1,-1,-1
31,112,1343.23,858.99,311.47,385.49,1.0000,-1,-1,-1
31,116,-148.59,158.96,191.08,177.24,1.0000,-1,-1,-1
31,117,2213.74,1047.25,22.52,14.94,1.0000,-1,-1,-1
31,118,1040.01,1169.27,-41.25,-25.24,1.0000,-1,-1,-1
31,119,1481.44,641.76,130.84,103.21,0.8811,-1,-1,-1
31,120,1262.10,758.91,62.11,63.36,1.0000,-1,-1,-1
31,123,1071.88,761.99,98.59,103.52,1.0000,-1,-1,-1
31,126,1453.96,1191.64,-115.15,-132.70,1.0000,-1,-1,-1
31,127,1162.70,724.61,174.27,143.18,0.7778,-1,-1,-1
31,132,791.07,462.79,58.76,58.43,1.0000,-1,-1,-1
31,135,946.69,220.28,73.47,66.78,0.6707,-1,-1,-1
31,141,643.41,848.02,130.54,151.46,1.0000,-1,-1,-1
31,143,701.23,849.63,93.37,100.90,1.0000,-1,-1,-1
31,144,1112.43,348.97,73.36,77.66,1.0000,-1,-1,-1
31,150,897.70,657.52,68.19,84.54,1.0000,-1,-1,-1
31,151,564.27,905.17,228.58,177.70,1.0000,-1,-1,-1
31,152,1349.45,923.59,340.87,154.70,0.4557,-1,-1,-1
31,153,451.66,732.04,113.87,113.23,1.0000,-1,-1,-1
31,154,514.65,789.65,95.50,107.00,1.0000,-1,-1,-1
31,155,1282.26,589.97,384.75,365.22,1.0000,-1,-1,-1
31,156,1380.35,691.79,154.66,168.87,0.0657,-1,-1,-1
31,163,453.57,665.22,129.77,161.52,1.0000,-1,-1,-1
31,164,349.13,460.56,92.17,80.27,0.0431,-1,-1,-1
31,168,304.87,818.89,297.57,222.27,1.0000,-1,-1,-1
31,172,894.11,0.56,47.94,32.65,0.0872,-1,-1,-1
31,173,-212.13,686.55,242.56,174.25,1.0000,-1,-1,-1
31,175,1104.83,485.05,70.90,75.45,1.0000,-1,-1,-1
31,177,1057.39,911.32,156.89,159.32,1.0000,-1,-1,-1
31,178,1110.19,922.06,10.49,8.01,1.0000,-1,-1,-1
31,179,709.29,853.09,56.82,61.72,1.0000,-1,-1,-1
31,181,-434.14,550.06,188.00,117.82,1.0000,-1,-1,-1
31,183,1168.36,23.17,93.41,102.77,0.8345,-1,-1,-1
31,186,-324.90,-308.46,71.95,85.27,1.0000,-1,-1,-1
31,194,87.54,599.94,146.77,128.09,0.7424,-1,-1,-1
31,197,488.55,754.36,67.96,58.70,1.0000,-1,-1,-1
31,199,1013.24,952.21,162.09,130.35,1.0000,-1,-1,-1
31,201,235.09,446.97,111.30,86.80,0.0172,-1,-1,-1
31,203,276.43,395.20,121.81,144.05,1.0000,-1,-1,-1
31,204,1276.64,376.91,-0.36,-0.24,1.0000,-1,-1,-1
31,208,1545.89,89.02,108.63,91.08,1.0000,-1,-1,-1
31,209,851.60,598.62,87.64,87.09,1.0000,-1,-1,-1
31,210,-127.56,733.32,139.58,98.23,1.0000,-1,-1,-1
31,214,-295.74,718.80,174.50,151.02,1.0000,-1,-1,-1
31,216,369.33,670.27,220.44,195.18,1.0000,-1,-1,-1
31,219,236.95,644.37,6.12,6.64,1.0000,-1,-1,-1
31,226,1188.77,1213.09,-247.53,-262.36,1.0000,-1,-1,-1
31,232,-26.90,346.55,158.63,159.70,0.6848,-1,-1,-1
31,233,1803.40,354.87,104.81,358.15,0.7658,-1,-1,-1
31,235,169.40,610.58,136.51,105.15,1.0000,-1,-1,-1
31,238,203.63,635.29,235.94,214.37,1.0000,-1,-1,-1
31,239,465.08,680.35,115.19,120.77,0.1166,-1,-1,-1
31,241,1615.41,675.69,461.86,390.48,1.0000,-1,-1,-1
31,243,1433.88,622.78,263.10,274.94,1.0000,-1,-1,-1
31,245,604.77,226.75,99.87,100.44,0.8503,-1,-1,-1
31,251,1371.51,483.19,119.76,116.47,0.8593,-1,-1,-1
31,254,322.95,60.34,235.99,127.75,1.0000,-1,-1,-1
31,259,1862.36,662.41,5.59,10.58,1.0000,-1,-1,-1
31,261,1094.96,667.94,119.98,153.82,0.2755,-1,-1,-1
31,263,949.38,17.35,113.35,82.76,1.0000,-1,-1,-1
31,264,673.23,827.17,27.45,25.56,1.0000,-1,-1,-1
31,270,379.17,742.10,469.28,331.27,0.1364,-1,-1,-1
31,271,957.65,0.00,96.80,33.91,1.0000,-1,-1,-1
31,275,903.12,301.30,60.85,64.69,1.0000,-1,-1,-1
31,276,629.26,648.46,78.41,89.80,0.8940,-1,-1,-1
31,277,687.18,707.57,-11.67,-13.96,1.0000,-1,-1,-1
31,278,950.56,753.55,62.34,95.37,1.0000,-1,-1,-1
31,285,414.55,1153.74,-66.44,-75.09,1.0000,-1,-1,-1
31,288,1025.59,835.22,209.48,119.05,1.0000,-1,-1,-1
31,290,468.05,644.03,99.46,106.26,1.0000,-1,-1,-1
31,291,296.75,-2.45,44.16,27.03,1.0000,-1,-1,-1
31,294,940.22,1.68,103.06,55.61,1.0000,-1,-1,-1
31,295,1082.58,716.88,106.59,109.40,1.0000,-1,-1,-1
31,302,911.72,728.57,117.67,102.83,1.0000,-1,-1,-1
31,308,1366.48,1.23,272.32,148.29,0.1527,-1,-1,-1
31,310,33.34,75.08,61.67,189.33,0.7536,-1,-1,-1
31,314,308.90,543.64,173.34,135.48,0.3195,-1,-1,-1
31,317,685.97,529.01,142.30,135.74,0.0986,-1,-1,-1
31,319,349.11,694.88,179.53,211.56,1.0000,-1,-1,-1
31,320,874.60,254.91,66.18,63.31,0.0132,-1,-1,-1
31,322,481.42,729.85,60.92,55.72,1.0000,-1,-1,-1
31,325,179.90,439.13,-150.37,-300.89,1.0000,-1,-1,-1
31,329,184.42,691.95,50.98,87.88,1.0000,-1,-1,-1
31,330,-69.34,819.19,239.16,237.24,1.0000,-1,-1,-1
31,331,227.29,686.34,39.25,54.81,1.0000,-1,-1,-1
31,332,-9.21,-32.12,295.35,1080.00,1.0000,-1,-1,-1
31,337,406.39,587.59,87.86,84.11,1.0000,-1,-1,-1
31,339,808.08,271.26,51.17,50.35,0.0475,-1,-1,-1
31,340,1458.49,176.12,198.52,99.61,1.0000,-1,-1,-1
31,346,-14.16,72.21,163.62,453.18,1.0000,-1,-1,-1
31,347,-111.52,554.16,488.42,510.57,1.0000,-1,-1,-1
31,348,738.38,285.17,88.19,74.33,0.7889,-1,-1,-1
31,349,876.33,691.03,115.82,144.44,0.0347,-1,-1,-1
31,350,1154.10,472.21,60.53,84.71,0.7343,-1,-1,-1
31,351,6.56,79.63,272.58,999.71,1.0000,-1,-1,-1
31,353,1534.81,741.54,181.76,164.88,0.8275,-1,-1,-1
31,354,55.82,587.17,465.87,372.12,0.2450,-1,-1,-1
31,356,971.14,714.50,30.81,45.52,1.0000,-1,-1,-1
31,360,1043.89,233.50,47.99,53.56,0.0948,-1,-1,-1
31,364,52.64,247.76,170.24,172.81,0.8057,-1,-1,-1
31,369,106.75,255.17,26.41,79.51,1.0000,-1,-1,-1
31,370,1429.00,126.58,117.14,50.47,1.0000,-1,-1,-1
31,372,1441.23,173.37,155.27,106.06,1.0000,-1,-1,-1
31,374,1048.70,690.82,64.73,129.57,1.0000,-1,-1,-1
31,377,1296.31,709.87,45.87,51.75,0.0806,-1,-1,-1
31,383,1031.25,1048.90,57.59,30.47,0.0650,-1,-1,-1
31,384,1443.32,683.00,101.50,55.69,0.0197,-1,-1,-1
31,386,102.84,315.53,202.26,275.13,0.4746,-1,-1,-1
32,1,162.76,351.47,154.40,133.40,0.1508,-1,-1,-1
32,2,221.88,615.00,214.46,200.45,1.0000,-1,-1,-1
32,3,987.21,270.00,85.84,81.96,0.9162,-1,-1,-1
32,4,-135.85,798.67,405.75,373.79,1.0000,-1,-1,-1
32,5,1091.20,530.30,106.14,104.92,0.4874,-1,-1,-1
32,6,383.17,375.44,125.36,101.66,0.8316,-1,-1,-1
32,7,1113.03,-118.65,60.46,64.89,1.0000,-1,-1,-1
32,8,1075.83,692.06,-17.34,-21.39,1.0000,-1,-1,-1
32,9,214.12,724.52,177.83,138.04,1.0000,-1,-1,-1
32,10,1168.93,-27.28,-103.49,-74.14,1.0000,-1,-1,-1
32,11,386.92,885.02,-7.67,-9.01,1.0000,-1,-1,-1
32,12,-48.17,819.25,578.80,257.86,1.0000,-1,-1,-1
32,13,796.86,630.22,-6.07,-5.56,1.0000,-1,-1,-1
32,14,1212.13,711.21,70.50,71.88,1.0000,-1,-1,-1
32,15,1111.52,227.49,65.72,75.81,1.0000,-1,-1,-1
32,16,91.76,718.05,161.12,158.49,1.0000,-1,-1,-1
32,17,465.13,846.32,-101.02,-84.87,1.0000,-1,-1,-1
32,18,576.79,777.04,109.92,101.23,1.0000,-1,-1,-1
32,19,-23.02,725.66,137.06,116.49,1.0000,-1,-1,-1
32,20,1304.76,574.58,-421.41,-466.21,1.0000,-1,-1,-1
32,21,369.59,570.23,318.78,247.30,1.0000,-1,-1,-1
32,22,2329.03,1473.12,-364.71,-395.88,1.0000,-1,-1,-1
32,23,1354.18,1175.51,229.74,230.46,1.0000,-1,-1,-1
32,24,646.08,615.17,177.47,220.10,1.0000,-1,-1,-1
32,25,294.04,568.01,108.51,77.93,1.0000,-1,-1,-1
32,26,139.72,600.84,585.72,418.90,1.0000,-1,-1,-1
32,27,1138.07,399.84,73.57,70.18,0.2130,-1,-1,-1
32,29,1434.95,-401.17,-237.84,-200.65,1.0000,-1,-1,-1
32,30,656.31,688.70,251.40,266.72,0.1806,-1,-1,-1
32,31,44.22,111.80,37.77,34.04,1.0000,-1,-1,-1
32,32,-30.59,415.51,184.68,143.71,1.0000,-1,-1,-1
32,34,715.52,606.38,30.06,27.65,1.0000,-1,-1,-1
32,35,484.84,1264.07,-289.17,-186.19,1.0000,-1,-1,-1
32,36,1286.97,202.30,75.53,64.56,1.0000,-1,-1,-1
32,37,258.72,441.05,182.67,224.35,1.0000,-1,-1,-1
32,39,1117.91,228.27,171.74,143.68,1.0000,-1,-1,-1
32,41,99.53,144.47,64.09,33.09,1.0000,-1,-1,-1
32,42,1242.92,655.29,47.98,90.89,1.0000,-1,-1,-1
32,43,1345.21,5.26,167.80,145.48,1.0000,-1,-1,-1
32,51,1406.16,1326.18,158.04,105.35,1.0000,-1,-1,-1
32,62,849.83,806.88,106.64,101.44,1.0000,-1,-1,-1
32,66,819.00,662.66,133.76,141.94,1.0000,-1,-1,-1
32,68,-294.29,693.67,269.62,254.30,1.0000,-1,-1,-1
32,70,678.23,622.25,99.02,92.90,1.0000,-1,-1,-1
32,71,582.82,692.82,-126.81,-104.81,1.0000,-1,-1,-1
32,72,718.07,1003.96,88.82,80.92,1.0000,-1,-1,-1
32,73,610.97,49.57,181.42,93.30,1.0000,-1,-1,-1
32,75,345.44,751.72,366.34,236.02,1.0000,-1,-1,-1
32,76,410.51,415.31,-7.34,-6.22,1.0000,-1,-1,-1
32,77,671.73,658.18,328.85,232.63,1.0000,-1,-1,-1
32,78,1118.96,290.45,369.69,358.48,1.0000,-1,-1,-1
32,84,1025.92,691.45,57.55,74.60,1.0000,-1,-1,-1
32,85,-132.59,400.84,230.55,320.95,1.0000,-1,-1,-1
32,86,1164.03,659.20,273.46,183.21,1.0000,-1,-1,-1
32,88,381.90,596.11,191.06,141.24,1.0000,-1,-1,-1
32,93,674.21,831.84,123.89,164.26,1.0000,-1,-1,-1
32,94,1002.15,531.58,75.06,90.37,1.0000,-1,-1,-1
32,95,463.29,261.36,86.78,83.27,1.0000,-1,-1,-1
32,96,102.26,578.39,321.58,233.21,1.0000,-1,-1,-1
32,105,-66.77,246.52,215.70,128.87,1.0000,-1,-1,-1
32,111,848.01,586.93,147.53,115.15,1.0000,-1,-1,-1
32,112,1338.58,859.61,316.63,391.88,1.0000,-1,-1,-1
32,116,-154.26,159.35,191.30,177.45,1.0000,-1,-1,-1
32,117,2234.61,1053.43,12.27,8.14,1.0000,-1,-1,-1
32,118,1052.86,1180.76,-46.44,-28.42,1.0000,-1,-1,-1
32,119,1484.92,635.55,126.72,100.79,0.9096,-1,-1,-1
32,120,1264.02,753.79,61.18,62.41,1.0000,-1,-1,-1
32,123,1062.84,766.18,98.33,103.25,1.0000,-1,-1,-1
32,126,1452.55,1201.83,-124.57,-143.55,1.0000,-1,-1,-1
32,127,1177.32,712.40,173.09,141.38,0.7614,-1,-1,-1
32,132,786.88,459.90,58.53,58.20,1.0000,-1,-1,-1
32,135,949.15,213.10,74.71,68.35,0.7093,-1,-1,-1
32,141,630.81,853.29,132.62,153.87,1.0000,-1,-1,-1
32,143,695.21,853.79,92.21,99.65,1.0000,-1,-1,-1
32,144,1105.74,350.62,72.53,76.78,1.0000,-1,-1,-1
32,150,894.35,662.49,67.00,83.05,1.0000,-1,-1,-1
32,151,557.18,905.55,235.26,182.89,1.0000,-1,-1,-1
32,152,1359.14,922.38,333.39,155.85,0.6047,-1,-1,-1
32,153,450.35,734.57,115.13,114.48,1.0000,-1,-1,-1
32,154,507.07,796.18,95.72,107.25,1.0000,-1,-1,-1
32,155,1263.07,576.59,393.13,373.17,1.0000,-1,-1,-1
32,156,1384.99,690.28,158.19,171.05,0.0769,-1,-1,-1
32,163,449.92,672.13,130.98,163.03,1.0000,-1,-1,-1
32,164,354.93,459.98,88.79,76.67,0.1690,-1,-1,-1
32,168,301.02,825.08,306.13,228.66,1.0000,-1,-1,-1
32,172,900.68,-0.01,45.29,28.43,0.0275,-1,-1,-1
32,173,-233.83,694.84,246.86,177.33,1.0000,-1,-1,-1
32,175,1094.94,478.10,71.66,76.26,1.0000,-1,-1,-1
32,177,1051.57,909.06,158.79,161.25,1.0000,-1,-1,-1
32,178,1106.73,924.07,6.45,4.92,1.0000,-1,-1,-1
32,179,708.34,857.05,55.21,59.97,1.0000,-1,-1,-1
32,181,-468.16,532.76,183.98,115.30,1.0000,-1,-1,-1
32,183,1170.60,16.07,91.91,101.67,0.8412,-1,-1,-1
32,186,-341.44,-332.41,58.72,69.60,1.0000,-1,-1,-1
32,194,100.79,616.09,123.23,107.20,0.7902,-1,-1,-1
32,197,478.79,753.02,64.33,55.57,1.0000,-1,-1,-1
32,199,1010.14,948.83,166.73,134.08,1.0000,-1,-1,-1
32,201,231.65,439.01,112.89,88.75,0.2846,-1,-1,-1
32,203,264.07,388.81,126.34,149.40,1.0000,-1,-1,-1
32,204,1279.60,372.32,-5.37,-3.56,1.0000,-1,-1,-1
32,208,1541.86,90.61,106.25,89.08,1.0000,-1,-1,-1
32,209,844.87,605.39,88.02,87.46,1.0000,-1,-1,-1
32,210,-138.66,744.43,132.85,93.49,1.0000,-1,-1,-1
32,214,-317.64,726.05,176.53,152.78,1.0000,-1,-1,-1
32,216,383.67,673.07,213.15,188.72,1.0000,-1,-1,-1
32,219,212.65,642.29,-0.85,-0.93,1.0000,-1,-1,-1
32,226,1212.30,1242.00,-271.83,-288.13,1.0000,-1,-1,-1
32,232,-19.28,343.86,157.04,161.05,0.2597,-1,-1,-1
32,233,1807.55,365.83,105.37,357.45,0.7372,-1,-1,-1
32,235,155.37,616.99,140.80,108.45,1.0000,-1,-1,-1
32,238,186.70,641.09,247.83,225.17,1.0000,-1,-1,-1
32,239,465.78,687.03,114.02,119.54,1.0000,-1,-1,-1
32,241,1600.35,651.17,489.60,413.93,1.0000,-1,-1,-1
32,243,1422.93,606.15,268.39,280.46,1.0000,-1,-1,-1
32,245,612.28,209.99,100.61,100.10,0.8395,-1,-1,-1
32,251,1391.34,468.52,118.68,114.78,0.8842,-1,-1,-1
32,254,314.50,60.84,238.93,129.34,1.0000,-1,-1,-1
32,259,1862.02,667.47,2.15,4.07,1.0000,-1,-1,-1
32,261,1095.64,661.35,125.06,161.56,0.2204,-1,-1,-1
32,263,945.45,18.46,117.05,85.46,1.0000,-1,-1,-1
32,264,662.00,832.75,25.10,23.37,1.0000,-1,-1,-1
32,270,380.06,740.24,470.25,334.61,0.1196,-1,-1,-1
32,271,954.78,0.00,99.97,35.02,1.0000,-1,-1,-1
32,275,901.03,301.42,61.55,65.44,1.0000,-1,-1,-1
32,276,639.20,635.44,81.36,91.93,0.8423,-1,-1,-1
32,277,691.96,720.78,-21.06,-25.18,1.0000,-1,-1,-1
32,278,945.74,751.92,61.86,94.64,1.0000,-1,-1,-1
32,285,419.58,1170.64,-81.12,-91.68,1.0000,-1,-1,-1
32,288,1008.99,828.09,219.46,124.72,1.0000,-1,-1,-1
32,290,455.26,637.19,102.52,109.53,1.0000,-1,-1,-1
32,291,305.21,-5.42,17.61,10.78,1.0000,-1,-1,-1
32,294,935.50,1.84,109.65,59.17,1.0000,-1,-1,-1
32,295,1076.46,717.18,111.13,114.06,1.0000,-1,-1,-1
32,302,912.05,724.12,113.41,99.12,1.0000,-1,-1,-1
32,308,1375.50,0.81,269.27,147.82,0.1452,-1,-1,-1
32,310,40.25,62.98,68.52,189.66,0.8890,-1,-1,-1
32,314,308.85,529.23,162.61,126.16,0.6366,-1,-1,-1
32,317,689.48,546.61,149.99,144.58,0.0137,-1,-1,-1
32,319,364.60,681.87,187.84,221.35,1.0000,-1,-1,-1
32,320,883.62,248.85,63.04,60.06,0.0646,-1,-1,-1
32,322,478.63,727.07,58.36,53.38,1.0000,-1,-1,-1
32,325,209.34,437.24,-212.47,-425.16,1.0000,-1,-1,-1
32,329,181.21,690.57,50.97,87.87,1.0000,-1,-1,-1
32,330,-78.56,807.23,249.48,247.48,1.0000,-1,-1,-1
32,331,228.37,693.27,38.00,53.06,1.0000,-1,-1,-1
32,332,-12.36,-83.77,320.27,1171.13,1.0000,-1,-1,-1
32,337,388.50,572.91,87.13,83.41,1.0000,-1,-1,-1
32,339,811.06,265.47,47.99,47.76,0.0297,-1,-1,-1
32,340,1457.36,177.06,193.02,96.86,1.0000,-1,-1,-1
32,346,-16.72,62.38,169.46,469.35,1.0000,-1,-1,-1
32,347,-146.09,520.19,557.08,582.34,1.0000,-1,-1,-1
32,348,739.00,276.97,86.00,73.27,0.7941,-1,-1,-1
32,349,869.59,676.45,122.66,152.08,0.0106,-1,-1,-1
32,350,1154.78,463.45,65.44,91.13,0.5143,-1,-1,-1
32,351,8.98,74.40,286.89,1052.19,1.0000,-1,-1,-1
32,353,1540.72,738.64,182.69,165.36,0.8217,-1,-1,-1
32,354,139.61,591.93,427.69,343.14,0.0970,-1,-1,-1
32,356,977.65,719.06,27.05,39.96,1.0000,-1,-1,-1
32,360,1045.77,226.50,56.44,63.53,0.1057,-1,-1,-1
32,364,101.51,210.51,138.01,138.34,0.8687,-1,-1,-1
32,369,113.29,229.48,5.80,17.47,1.0000,-1,-1,-1
32,370,1434.26,119.60,108.14,46.59,1.0000,-1,-1,-1
32,372,1437.09,170.11,159.77,109.13,1.0000,-1,-1,-1
32,374,1048.21,678.20,70.04,140.19,1.0000,-1,-1,-1
32,377,1299.62,706.75,43.62,49.21,1.0000,-1,-1,-1
32,383,1031.63,1053.08,50.24,26.58,1.0000,-1,-1,-1
32,384,1494.69,670.96,142.81,77.84,0.0124,-1,-1,-1
32,386,195.06,431.94,115.97,154.39,0.0573,-1,-1,-1
32,393,1427.82,168.46,210.71,111.64,0.0768,-1,-1,-1
33,1,165.72,302.33,161.70,140.41,0.2274,-1,-1,-1
33,2,215.98,618.11,217.12,202.94,1.0000,-1,-1,-1
33,3,988.77,273.80,85.88,81.24,0.9112,-1,-1,-1
33,4,-155.59,803.12,413.36,380.79,1.0000,-1,-1,-1
33,5,1096.84,537.08,104.10,102.86,0.6673,-1,-1,-1
33,6,381.29,377.11,127.28,103.16,0.8773,-1,-1,-1
33,7,1117.61,-126.49,59.47,63.83,1.0000,-1,-1,-1
33,8,1082.86,688.75,-20.96,-25.86,1.0000,-1,-1,-1
33,9,204.57,735.36,179.00,138.96,1.0000,-1,-1,-1
33,10,1155.25,-36.23,-111.69,-80.01,1.0000,-1,-1,-1
33,11,387.67,892.09,-11.35,-13.35,1.0000,-1,-1,-1
33,12,-72.43,814.82,588.60,262.23,1.0000,-1,-1,-1
33,13,792.80,635.62,-9.09,-8.32,1.0000,-1,-1,-1
33,14,1209.68,715.02,69.47,70.83,1.0000,-1,-1,-1
33,15,1111.23,225.56,65.88,75.99,1.0000,-1,-1,-1
33,16,83.18,727.52,162.26,159.61,1.0000,-1,-1,-1
33,17,463.96,851.40,-115.83,-97.31,1.0000,-1,-1,-1
33,18,571.47,783.88,110.03,101.33,1.0000,-1,-1,-1
33,19,-32.33,733.99,137.36,116.74,1.0000,-1,-1,-1
33,21,363.51,573.87,324.22,251.52,1.0000,-1,-1,-1
33,22,2344.87,1488.84,-379.18,-411.59,1.0000,-1,-1,-1
33,24,640.34,612.92,180.89,224.33,1.0000,-1,-1,-1
33,25,289.30,566.35,109.53,78.66,1.0000,-1,-1,-1
33,26,135.57,606.49,597.43,427.27,1.0000,-1,-1,-1
33,27,1132.48,398.05,73.63,70.23,1.0000,-1,-1,-1
33,29,1453.46,-423.05,-257.27,-217.05,1.0000,-1,-1,-1
33,30,658.19,696.94,247.09,266.94,0.0627,-1,-1,-1
33,32,-37.94,419.66,184.38,143.47,1.0000,-1,-1,-1
33,34,713.75,619.97,24.46,22.50,1.0000,-1,-1,-1
33,35,487.02,1274.16,-304.78,-196.24,1.0000,-1,-1,-1
33,39,1114.76,226.70,175.77,147.05,1.0000,-1,-1,-1
33,42,1241.66,653.07,47.28,89.57,1.0000,-1,-1,-1
33,43,1341.44,2.73,167.54,145.25,1.0000,-1,-1,-1
33,62,843.48,808.62,106.33,101.15,1.0000,-1,-1,-1
33,66,808.18,658.01,135.19,143.46,1.0000,-1,-1,-1
33,68,-310.25,695.49,272.88,257.37,1.0000,-1,-1,-1
33,70,669.40,625.30,98.05,91.99,1.0000,-1,-1,-1
33,71,592.25,701.41,-139.25,-115.09,1.0000,-1,-1,-1
33,72,714.05,1015.57,87.37,79.60,1.0000,-1,-1,-1
33,73,611.84,47.80,181.93,93.56,1.0000,-1,-1,-1
33,75,340.04,755.84,375.67,242.03,1.0000,-1,-1,-1
33,76,404.22,408.80,-10.53,-8.92,1.0000,-1,-1,-1
33,77,662.10,663.19,335.44,237.29,1.0000,-1,-1,-1
33,78,1113.50,290.46,378.37,366.90,1.0000,-1,-1,-1
33,84,1018.07,688.04,56.71,73.51,1.0000,-1,-1,-1
33,85,-136.60,399.28,234.55,326.52,1.0000,-1,-1,-1
33,86,1171.34,660.00,279.77,187.44,1.0000,-1,-1,-1
33,88,379.90,593.81,195.76,144.72,1.0000,-1,-1,-1
33,93,670.83,834.33,125.28,166.11,1.0000,-1,-1,-1
33,94,1004.85,532.77,72.34,87.10,1.0000,-1,-1,-1
33,95,456.32,252.00,86.79,83.27,1.0000,-1,-1,-1
33,96,90.97,576.63,330.08,239.38,1.0000,-1,-1,-1
33,105,-70.42,246.94,218.57,130.58,1.0000,-1,-1,-1
33,111,841.44,592.82,149.23,116.48,1.0000,-1,-1,-1
33,112,1333.93,860.23,321.79,398.26,1.0000,-1,-1,-1
33,116,-159.94,159.75,191.53,177.67,1.0000,-1,-1,-1
33,117,2255.49,1059.62,2.02,1.34,1.0000,-1,-1,-1
33,118,1065.71,1192.26,-51.64,-31.60,1.0000,-1,-1,-1
33,119,1487.83,631.96,123.73,98.88,0.9022,-1,-1,-1
33,120,1265.93,748.67,60.26,61.47,1.0000,-1,-1,-1
33,123,1053.81,770.37,98.06,102.97,1.0000,-1,-1,-1
33,126,1451.14,1212.02,-133.98,-154.39,1.0000,-1,-1,-1
33,127,1194.90,703.46,170.80,138.63,0.8164,-1,-1,-1
33,132,782.68,457.00,58.30,57.98,1.0000,-1,-1,-1
33,135,955.33,208.05,75.65,69.82,0.7715,-1,-1,-1
33,141,618.20,858.57,134.69,156.28,1.0000,-1,-1,-1
33,143,689.20,857.96,91.05,98.40,1.0000,-1,-1,-1
33,144,1099.06,352.28,71.70,75.89,1.0000,-1,-1,-1
33,150,890.99,667.46,65.80,81.57,1.0000,-1,-1,-1
33,151,550.10,905.93,241.93,188.07,1.0000,-1,-1,-1
33,152,1370.98,923.31,321.72,154.46,0.5061,-1,-1,-1
33,153,449.03,737.09,116.39,115.73,1.0000,-1,-1,-1
33,154,499.48,802.71,95.94,107.50,1.0000,-1,-1,-1
33,155,1243.87,563.22,401.51,381.13,1.0000,-1,-1,-1
33,156,1385.41,694.37,157.60,169.58,0.0676,-1,-1,-1
33,163,446.27,679.03,132.20,164.55,1.0000,-1,-1,-1
33,164,363.53,460.34,84.67,72.48,0.1913,-1,-1,-1
33,168,297.17,831.28,314.69,235.05,1.0000,-1,-1,-1
33,172,905.11,-0.13,43.53,25.16,0.0129,-1,-1,-1
33,173,-255.53,703.13,251.16,180.42,1.0000,-1,-1,-1
33,175,1085.05,471.15,72.41,77.06,1.0000,-1,-1,-1
33,177,1045.75,906.79,160.70,163.18,1.0000,-1,-1,-1
33,178,1103.28,926.09,2.41,1.84,1.0000,-1,-1,-1
33,179,707.40,861.00,53.59,58.21,1.0000,-1,-1,-1
33,181,-502.19,515.46,179.95,112.78,1.0000,-1,-1,-1
33,183,1174.38,12.66,88.85,98.30,0.8593,-1,-1,-1
33,186,-357.98,-356.36,45.49,53.92,1.0000,-1,-1,-1
33,194,114.66,623.62,107.19,92.72,0.4537,-1,-1,-1
33,197,469.04,751.67,60.70,52.43,1.0000,-1,-1,-1
33,199,1007.03,945.46,171.37,137.81,1.0000,-1,-1,-1
33,201,235.07,433.20,109.58,86.53,0.8673,-1,-1,-1
33,203,251.72,382.43,130.87,154.75,1.0000,-1,-1,-1
33,204,1282.56,367.72,-10.38,-6.87,1.0000,-1,-1,-1
33,208,1537.83,92.19,103.86,87.09,1.0000,-1,-1,-1
33,209,838.15,612.17,88.40,87.83,1.0000,-1,-1,-1
33,210,-149.76,755.53,126.12,88.76,1.0000,-1,-1,-1
33,214,-339.54,733.31,178.56,154.53,1.0000,-1,-1,-1
33,216,398.01,675.87,205.85,182.26,1.0000,-1,-1,-1
33,219,188.35,640.21,-7.83,-8.50,1.0000,-1,-1,-1
33,226,1235.82,1270.90,-296.14,-313.89,1.0000,-1,-1,-1
33,232,-8.85,343.26,153.28,157.66,0.6604,-1,-1,-1
33,233,1810.96,369.84,108.28,369.60,0.7553,-1,-1,-1
33,235,141.35,623.41,145.09,111.75,1.0000,-1,-1,-1
33,238,169.77,646.89,259.72,235.98,1.0000,-1,-1,-1
33,239,466.48,693.71,112.85,118.31,1.0000,-1,-1,-1
33,241,1585.29,626.65,517.33,437.38,1.0000,-1,-1,-1
33,243,1411.98,589.52,273.68,285.99,1.0000,-1,-1,-1
33,245,616.77,194.28,105.71,103.04,0.7727,-1,-1,-1
33,251,1408.22,453.12,122.59,118.19,0.9079,-1,-1,-1
33,254,306.05,61.35,241.88,130.94,1.0000,-1,-1,-1
33,259,1861.69,672.53,-1.29,-2.44,1.0000,-1,-1,-1
33,261,1098.78,657.04,123.98,159.67,0.1049,-1,-1,-1
33,263,941.52,19.57,120.74,88.16,1.0000,-1,-1,-1
33,264,650.76,838.33,22.75,21.19,1.0000,-1,-1,-1
33,270,299.50,638.08,599.98,437.91,0.1547,-1,-1,-1
33,271,951.90,0.00,103.13,36.13,1.0000,-1,-1,-1
33,275,898.94,301.54,62.26,66.19,1.0000,-1,-1,-1
33,276,647.35,628.08,78.39,87.68,0.5823,-1,-1,-1
33,277,696.75,733.99,-30.45,-36.41,1.0000,-1,-1,-1
33,278,940.93,750.30,61.38,93.91,1.0000,-1,-1,-1
33,285,424.61,1187.54,-95.80,-108.26,1.0000,-1,-1,-1
33,288,992.38,820.96,229.43,130.39,1.0000,-1,-1,-1
33,290,442.46,630.35,105.57,112.80,1.0000,-1,-1,-1
33,291,313.68,-8.40,-8.93,-5.47,1.0000,-1,-1,-1
33,294,930.77,2.00,116.25,62.73,1.0000,-1,-1,-1
33,295,1070.34,717.47,115.67,118.71,1.0000,-1,-1,-1
33,302,912.39,719.68,109.16,95.40,1.0000,-1,-1,-1
33,308,1375.48,1.65,269.31,150.28,0.0941,-1,-1,-1
33,310,45.95,56.49,74.95,185.08,0.8610,-1,-1,-1
33,314,307.79,517.66,154.13,118.91,0.7917,-1,-1,-1
33,317,700.82,569.76,145.97,142.03,0.2319,-1,-1,-1
33,319,380.08,668.86,196.15,231.15,1.0000,-1,-1,-1
33,320,891.16,243.05,61.83,59.12,0.0359,-1,-1,-1
33,322,475.83,724.28,55.80,51.04,1.0000,-1,-1,-1
33,325,238.78,435.36,-274.57,-549.43,1.0000,-1,-1,-1
33,329,178.00,689.18,50.97,87.86,1.0000,-1,-1,-1
33,330,-87.78,795.27,259.81,257.72,1.0000,-1,-1,-1
33,331,229.44,700.20,36.75,51.32,1.0000,-1,-1,-1
33,332,-15.51,-135.42,345.19,1262.25,1.0000,-1,-1,-1
33,337,370.60,558.22,86.40,82.71,1.0000,-1,-1,-1
33,339,816.38,259.81,51.63,51.86,0.0147,-1,-1,-1
33,340,1456.23,177.99,187.53,94.10,1.0000,-1,-1,-1
33,346,-19.28,52.55,175.29,485.52,1.0000,-1,-1,-1
33,347,-180.66,486.23,625.74,654.12,1.0000,-1,-1,-1
33,348,740.37,269.19,85.34,73.88,0.7952,-1,-1,-1
33,349,870.06,672.50,120.04,145.96,0.0571,-1,-1,-1
33,350,1158.74,461.01,65.43,89.93,0.6681,-1,-1,-1
33,351,11.41,69.18,301.20,1104.67,1.0000,-1,-1,-1
33,353,1546.99,739.40,182.90,165.04,0.8939,-1,-1,-1
33,354,258.92,580.63,393.38,320.19,0.1460,-1,-1,-1
33,356,984.16,723.63,23.28,34.40,1.0000,-1,-1,-1
33,360,1046.37,220.04,67.12,75.68,0.1244,-1,-1,-1
33,364,134.95,182.18,126.61,125.75,0.8259,-1,-1,-1
33,369,119.83,203.79,-14.81,-44.58,1.0000,-1,-1,-1
33,370,1439.51,112.62,99.15,42.72,1.0000,-1,-1,-1
33,372,1432.94,166.86,164.26,112.20,1.0000,-1,-1,-1
33,374,1047.73,665.57,75.34,150.81,1.0000,-1,-1,-1
33,377,1302.93,703.63,41.37,46.68,1.0000,-1,-1,-1
33,383,1032.02,1057.27,42.88,22.69,1.0000,-1,-1,-1
33,384,1514.94,667.41,157.94,86.09,1.0000,-1,-1,-1
33,386,265.15,533.89,51.80,68.96,1.0000,-1,-1,-1
33,393,1422.07,181.26,190.86,101.90,0.0124,-1,-1,-1
33,399,974.58,895.74,121.50,181.89,0.1675,-1,-1,-1
33,401,156.55,481.36,163.32,117.52,0.8395,-1,-1,-1
33,403,879.87,609.16,91.96,80.38,0.0368,-1,-1,-1
34,1,157.64,300.11,163.93,142.35,1.0000,-1,-1,-1
34,2,210.07,621.21,219.79,205.43,1.0000,-1,-1,-1
34,3,989.11,277.77,87.73,82.30,0.9314,-1,-1,-1
34,4,-175.32,807.58,420.97,387.80,1.0000,-1,-1,-1
34,5,1100.39,544.04,105.86,104.81,0.7953,-1,-1,-1
34,6,381.22,378.86,126.48,102.53,0.8597,-1,-1,-1
34,7,1122.19,-134.32,58.48,62.77,1.0000,-1,-1,-1
34,8,1089.90,685.44,-24.59,-30.33,1.0000,-1,-1,-1
34,9,195.03,746.19,180.18,139.87,1.0000,-1,-1,-1
34,10,1141.58,-45.17,-119.89,-85.89,1.0000,-1,-1,-1
34,11,388.42,899.15,-15.04,-17.68,1.0000,-1,-1,-1
34,12,-96.69,810.40,598.41,266.60,1.0000,-1,-1,-1
34,13,788.75,641.01,-12.10,-11.08,1.0000,-1,-1,-1
34,16,74.61,736.98,163.40,160.73,1.0000,-1,-1,-1
34,17,462.80,856.48,-130.64,-109.75,1.0000,-1,-1,-1
34,18,566.14,790.72,110.15,101.44,1.0000,-1,-1,-1
34,19,-41.63,742.32,137.65,116.99,1.0000,-1,-1,-1
34,21,357.42,577.52,329.67,255.74,1.0000,-1,-1,-1
34,24,634.60,610.66,184.30,228.57,1.0000,-1,-1,-1
34,25,284.56,564.70,110.55,79.39,1.0000,-1,-1,-1
34,27,1126.88,396.27,73.68,70.29,1.0000,-1,-1,-1
34,29,1471.97,-444.94,-276.71,-233.44,1.0000,-1,-1,-1
34,30,661.28,713.96,246.42,273.39,0.0249,-1,-1,-1
34,32,-45.29,423.82,184.07,143.24,1.0000,-1,-1,-1
34,34,711.99,633.56,18.87,17.36,1.0000,-1,-1,-1
34,35,489.20,1284.24,-320.38,-206.29,1.0000,-1,-1,-1
34,39,1111.61,225.14,179.80,150.43,1.0000,-1,-1,-1
34,43,1337.66,0.20,167.28,145.03,1.0000,-1,-1,-1
34,62,837.13,810.36,106.03,100.86,1.0000,-1,-1,-1
34,66,797.36,653.37,136.63,144.99,1.0000,-1,-1,-1
34,68,-326.20,697.31,276.13,260.44,1.0000,-1,-1,-1
34,70,660.58,628.34,97.09,91.08,1.0000,-1,-1,-1
34,71,601.68,710.01,-151.69,-125.37,1.0000,-1,-1,-1
34,72,710.04,1027.17,85.93,78.29,1.0000,-1,-1,-1
34,73,612.71,46.03,182.43,93.82,1.0000,-1,-1,-1
34,75,334.63,759.97,384.99,248.03,1.0000,-1,-1,-1
34,76,397.94,402.28,-13.71,-11.62,1.0000,-1,-1,-1
34,77,652.48,668.21,342.04,241.96,1.0000,-1,-1,-1
34,78,1108.03,290.46,387.05,375.32,1.0000,-1,-1,-1
34,84,1010.23,684.62,55.87,72.42,1.0000,-1,-1,-1
34,85,-140.62,397.72,238.55,332.09,1.0000,-1,-1,-1
34,86,1178.66,660.80,286.07,191.66,1.0000,-1,-1,-1
34,88,377.90,591.51,200.47,148.20,1.0000,-1,-1,-1
34,93,667.45,836.82,126.68,167.97,1.0000,-1,-1,-1
34,94,1007.55,533.95,69.62,83.82,1.0000,-1,-1,-1
34,95,449.34,242.64,86.79,83.27,1.0000,-1,-1,-1
34,96,79.68,574.87,338.58,245.54,1.0000,-1,-1,-1
34,105,-74.07,247.37,221.43,132.29,1.0000,-1,-1,-1
34,111,834.86,598.71,150.93,117.81,1.0000,-1,-1,-1
34,112,1329.29,860.85,326.95,404.64,1.0000,-1,-1,-1
34,116,-165.61,160.15,191.76,177.88,1.0000,-1,-1,-1
34,117,2276.37,1065.80,-8.24,-5.46,1.0000,-1,-1,-1
34,118,1078.57,1203.75,-56.84,-34.78,1.0000,-1,-1,-1
34,119,1490.75,629.75,121.79,97.82,0.8561,-1,-1,-1
34,120,1267.85,743.55,59.33,60.52,1.0000,-1,-1,-1
34,123,1044.77,774.56,97.80,102.69,1.0000,-1,-1,-1
34,126,1449.74,1222.21,-143.39,-165.24,1.0000,-1,-1,-1
34,127,1208.10,695.87,171.70,139.01,0.8501,-1,-1,-1
34,132,778.49,454.11,58.08,57.75,1.0000,-1,-1,-1
34,135,961.14,204.26,74.04,68.80,0.6848,-1,-1,-1
34,141,605.60,863.84,136.77,158.69,1.0000,-1,-1,-1
34,143,683.19,862.12,89.89,97.15,1.0000,-1,-1,-1
34,144,1092.38,353.93,70.86,75.01,1.0000,-1,-1,-1
34,150,887.64,672.44,64.60,80.09,1.0000,-1,-1,-1
34,151,543.01,906.30,248.61,193.26,1.0000,-1,-1,-1
34,152,1383.87,927.20,305.83,150.11,0.3004,-1,-1,-1
34,153,447.72,739.62,117.65,116.99,1.0000,-1,-1,-1
34,154,491.90,809.23,96.16,107.74,1.0000,-1,-1,-1
34,155,1224.68,549.84,409.89,389.08,1.0000,-1,-1,-1
34,156,1387.10,690.68,162.17,174.48,0.0388,-1,-1,-1
34,163,442.63,685.94,133.42,166.07,1.0000,-1,-1,-1
34,164,373.75,462.33,81.36,68.66,0.2959,-1,-1,-1
34,168,293.33,837.48,323.24,241.45,1.0000,-1,-1,-1
34,172,909.13,-0.62,35.36,20.44,1.0000,-1,-1,-1
34,173,-277.23,711.42,255.45,183.51,1.0000,-1,-1,-1
34,175,1075.17,464.20,73.17,77.87,1.0000,-1,-1,-1
34,177,1039.92,904.52,162.60,165.12,1.0000,-1,-1,-1
34,178,1099.82,928.10,-1.64,-1.25,1.0000,-1,-1,-1
34,179,706.45,864.96,51.98,56.46,1.0000,-1,-1,-1
34,181,-536.21,498.16,175.93,110.26,1.0000,-1,-1,-1
34,183,1177.17,9.11,88.35,97.82,0.8756,-1,-1,-1
34,186,-374.52,-380.32,32.26,38.24,1.0000,-1,-1,-1
34,194,123.45,627.63,100.50,86.69,0.2122,-1,-1,-1
34,197,459.28,750.32,57.06,49.29,1.0000,-1,-1,-1
34,199,1003.93,942.08,176.01,141.54,1.0000,-1,-1,-1
34,201,237.82,430.19,108.13,85.58,0.8520,-1,-1,-1
34,203,239.36,376.05,135.39,160.10,1.0000,-1,-1,-1
34,204,1285.52,363.12,-15.40,-10.19,1.0000,-1,-1,-1
34,208,1533.80,93.78,101.48,85.09,1.0000,-1,-1,-1
34,209,831.42,618.95,88.77,88.21,1.0000,-1,-1,-1
34,210,-160.86,766.63,119.40,84.03,1.0000,-1,-1,-1
34,214,-361.44,740.57,180.58,156.29,1.0000,-1,-1,-1
34,216,412.34,678.67,198.55,175.79,1.0000,-1,-1,-1
34,219,164.05,638.13,-14.80,-16.07,1.0000,-1,-1,-1
34,226,1259.35,1299.80,-320.45,-339.66,1.0000,-1,-1,-1
34,232,3.95,343.10,144.35,145.92,0.6705,-1,-1,-1
34,233,1816.65,386.65,104.43,357.99,0.8243,-1,-1,-1
34,235,127.32,629.83,149.38,115.06,1.0000,-1,-1,-1
34,238,152.85,652.68,271.61,246.78,1.0000,-1,-1,-1
34,239,467.17,700.39,111.68,117.08,1.0000,-1,-1,-1
34,241,1570.23,602.14,545.07,460.83,1.0000,-1,-1,-1
34,243,1401.04,572.89,278.97,291.52,1.0000,-1,-1,-1
34,245,622.31,180.56,108.04,103.36,0.7721,-1,-1,-1
34,251,1423.45,440.19,126.48,121.73,0.8787,-1,-1,-1
34,254,297.61,61.86,244.83,132.54,1.0000,-1,-1,-1
34,259,1861.36,677.59,-4.73,-8.95,1.0000,-1,-1,-1
34,261,1147.56,707.77,89.37,114.56,0.0155,-1,-1,-1
34,263,937.60,20.68,124.44,90.86,1.0000,-1,-1,-1
34,264,639.53,843.91,20.40,19.00,1.0000,-1,-1,-1
34,270,353.39,695.19,518.51,380.17,0.0235,-1,-1,-1
34,271,949.03,0.00,106.30,37.24,1.0000,-1,-1,-1
34,275,896.85,301.65,62.97,66.94,1.0000,-1,-1,-1
34,276,662.01,623.97,71.06,80.38,0.0711,-1,-1,-1
34,277,701.53,747.20,-39.85,-47.64,1.0000,-1,-1,-1
34,278,936.11,748.67,60.90,93.17,1.0000,-1,-1,-1
34,285,429.64,1204.44,-110.47,-124.85,1.0000,-1,-1,-1
34,288,975.78,813.83,239.41,136.06,1.0000,-1,-1,-1
34,290,429.67,623.51,108.63,116.06,1.0000,-1,-1,-1
34,291,322.14,-11.37,-35.48,-21.72,1.0000,-1,-1,-1
34,294,926.05,2.17,122.84,66.29,1.0000,-1,-1,-1
34,295,1064.22,717.76,120.20,123.37,1.0000,-1,-1,-1
34,302,912.73,715.24,104.90,91.68,1.0000,-1,-1,-1
34,308,1371.75,3.14,267.73,153.93,0.0512,-1,-1,-1
34,310,51.00,52.16,82.83,181.80,0.8448,-1,-1,-1
34,314,302.07,509.18,146.98,113.11,0.7866,-1,-1,-1
34,317,701.43,582.82,148.27,144.27,1.0000,-1,-1,-1
34,319,395.56,655.85,204.46,240.94,1.0000,-1,-1,-1
34,320,895.69,238.47,63.29,60.68,0.0378,-1,-1,-1
34,322,473.04,721.50,53.24,48.69,1.0000,-1,-1,-1
34,325,268.21,433.48,-336.67,-673.70,1.0000,-1,-1,-1
34,329,174.79,687.80,50.96,87.84,1.0000,-1,-1,-1
34,330,-97.00,783.30,270.13,267.96,1.0000,-1,-1,-1
34,331,230.52,707.13,35.50,49.57,1.0000,-1,-1,-1
34,332,-18.66,-187.06,370.12,1353.38,1.0000,-1,-1,-1
34,337,352.71,543.54,85.67,82.01,1.0000,-1,-1,-1
34,339,820.42,255.76,50.55,50.92,0.0406,-1,-1,-1
34,340,1455.10,178.93,182.04,91.34,1.0000,-1,-1,-1
34,346,-21.83,42.72,181.13,501.69,1.0000,-1,-1,-1
34,347,-215.23,452.26,694.40,725.89,1.0000,-1,-1,-1
34,348,742.87,262.98,85.13,74.78,0.7864,-1,-1,-1
34,349,871.98,670.68,116.85,139.53,0.4359,-1,-1,-1
34,350,1164.67,461.84,56.48,75.60,0.7008,-1,-1,-1
34,351,13.83,63.95,315.51,1157.16,1.0000,-1,-1,-1
34,353,1550.97,741.19,185.04,166.61,0.8717,-1,-1,-1
34,354,376.15,566.48,340.30,279.62,0.2353,-1,-1,-1
34,356,990.67,728.20,19.52,28.84,1.0000,-1,-1,-1
34,360,1047.58,216.92,71.26,80.01,0.3709,-1,-1,-1
34,364,160.16,162.69,119.36,117.33,0.1563,-1,-1,-1
34,369,126.37,178.10,-35.42,-106.62,1.0000,-1,-1,-1
34,370,1444.77,105.64,90.15,38.84,1.0000,-1,-1,-1
34,372,1428.80,163.60,168.75,115.27,1.0000,-1,-1,-1
34,374,1061.37,676.46,59.52,120.31,0.0102,-1,-1,-1
34,377,1306.24,700.50,39.12,44.14,1.0000,-1,-1,-1
34,383,1032.40,1061.46,35.53,18.80,1.0000,-1,-1,-1
34,384,1535.18,663.86,173.06,94.33,1.0000,-1,-1,-1
34,386,335.24,635.83,-12.37,-16.47,1.0000,-1,-1,-1
34,393,1426.51,188.64,183.75,99.44,0.0831,-1,-1,-1
34,399,987.41,915.72,108.38,160.71,0.0349,-1,-1,-1
34,401,164.91,488.81,163.79,118.91,0.7494,-1,-1,-1
34,403,886.61,619.11,82.28,71.64,0.5454,-1,-1,-1
34,406,156.57,658.38,106.46,93.38,0.4828,-1,-1,-1
34,407,268.42,624.95,51.56,47.84,0.0226,-1,-1,-1
34,408,164.65,168.93,158.68,208.01,0.7134,-1,-1,-1
34,411,261.97,656.20,81.46,111.77,0.8196,-1,-1,-1
34,413,1146.18,402.67,81.01,71.76,0.0893,-1,-1,-1
34,416,660.85,686.42,82.79,66.67,0.0353,-1,-1,-1
35,1,149.55,297.89,166.17,144.29,1.0000,-1,-1,-1
35,2,204.16,624.32,222.46,207.92,1.0000,-1,-1,-1
35,3,989.10,282.65,88.90,82.45,0.9295,-1,-1,-1
35,4,-195.05,812.03,428.58,394.81,1.0000,-1,-1,-1
35,5,1104.34,552.06,107.55,106.33,0.4144,-1,-1,-1
35,6,379.08,380.14,128.33,104.55,0.8523,-1,-1,-1
35,7,1126.77,-142.16,57.50,61.71,1.0000,-1,-1,-1
35,8,1096.94,682.14,-28.21,-34.80,1.0000,-1,-1,-1
35,9,185.48,757.02,181.36,140.78,1.0000,-1,-1,-1
35,10,1127.91,-54.12,-128.09,-91.76,1.0000,-1,-1,-1
35,11,389.16,906.21,-18.73,-22.02,1.0000,-1,-1,-1
35,12,-120.94,805.97,608.22,270.96,1.0000,-1,-1,-1
35,13,784.70,646.40,-15.11,-13.84,1.0000,-1,-1,-1
35,16,66.04,746.44,164.53,161.85,1.0000,-1,-1,-1
35,17,461.63,861.56,-145.45,-122.20,1.0000,-1,-1,-1
35,18,560.82,797.57,110.27,101.55,1.0000,-1,-1,-1
35,19,-50.94,750.64,137.95,117.24,1.0000,-1,-1,-1
35,21,351.34,581.16,335.11,259.96,1.0000,-1,-1,-1
35,24,628.86,608.41,187.72,232.80,1.0000,-1,-1,-1
35,25,279.82,563.04,111.57,80.12,1.0000,-1,-1,-1
35,27,1121.28,394.48,73.74,70.34,1.0000,-1,-1,-1
35,29,1490.48,-466.82,-296.14,-249.84,1.0000,-1,-1,-1
35,30,482.10,606.90,392.30,440.09,0.0118,-1,-1,-1
35,32,-52.64,427.97,183.77,143.00,1.0000,-1,-1,-1
35,34,710.22,647.16,13.28,12.21,1.0000,-1,-1,-1
35,35,491.38,1294.32,-335.99,-216.33,1.0000,-1,-1,-1
35,39,1108.47,223.57,183.83,153.80,1.0000,-1,-1,-1
35,43,1333.89,-2.34,167.03,144.81,1.0000,-1,-1,-1
35,62,830.77,812.10,105.72,100.57,1.0000,-1,-1,-1
35,66,786.54,648.73,138.06,146.51,1.0000,-1,-1,-1
35,68,-342.15,699.12,279.39,263.51,1.0000,-1,-1,-1
35,70,651.75,631.39,96.12,90.18,1.0000,-1,-1,-1
35,71,611.11,718.61,-164.13,-135.65,1.0000,-1,-1,-1
35,72,706.02,1038.77,84.48,76.97,1.0000,-1,-1,-1
35,73,613.58,44.27,182.94,94.08,1.0000,-1,-1,-1
35,75,329.23,764.09,394.32,254.04,1.0000,-1,-1,-1
35,76,391.65,395.77,-16.90,-14.32,1.0000,-1,-1,-1
35,77,642.85,673.23,348.64,246.63,1.0000,-1,-1,-1
35,78,1102.56,290.47,395.73,383.74,1.0000,-1,-1,-1
35,84,1002.38,681.21,55.02,71.33,1.0000,-1,-1,-1
35,86,1185.98,661.61,292.38,195.88,1.0000,-1,-1,-1
35,88,375.90,589.21,205.17,151.68,1.0000,-1,-1,-1
35,93,664.07,839.31,128.08,169.82,1.0000,-1,-1,-1
35,94,1010.26,535.14,66.90,80.54,1.0000,-1,-1,-1
35,95,442.37,233.29,86.79,83.27,1.0000,-1,-1,-1
35,96,68.40,573.11,347.08,251.71,1.0000,-1,-1,-1
35,105,-77.72,247.80,224.30,134.01,1.0000,-1,-1,-1
35,111,828.28,604.61,152.64,119.14,1.0000,-1,-1,-1
35,112,1324.64,861.47,332.11,411.03,1.0000,-1,-1,-1
35,116,-171.28,160.55,191.99,178.09,1.0000,-1,-1,-1
35,117,2297.25,1071.99,-18.49,-12.26,1.0000,-1,-1,-1
35,118,1091.42,1215.25,-62.03,-37.96,1.0000,-1,-1,-1
35,119,1491.19,628.40,121.88,98.26,0.8485,-1,-1,-1
35,120,1269.77,738.43,58.40,59.57,1.0000,-1,-1,-1
35,123,1035.74,778.75,97.54,102.42,1.0000,-1,-1,-1
35,126,1448.33,1232.40,-152.80,-176.08,1.0000,-1,-1,-1
35,127,1217.02,691.86,175.50,142.21,0.8331,-1,-1,-1
35,132,774.30,451.21,57.85,57.52,1.0000,-1,-1,-1
35,135,966.71,200.32,73.50,69.02,0.5779,-1,-1,-1
35,141,593.00,869.12,138.84,161.09,1.0000,-1,-1,-1
35,143,677.17,866.29,88.73,95.90,1.0000,-1,-1,-1
35,144,1085.69,355.58,70.03,74.13,1.0000,-1,-1,-1
35,150,884.28,677.41,63.41,78.61,1.0000,-1,-1,-1
35,151,535.93,906.68,255.28,198.45,1.0000,-1,-1,-1
35,152,1398.72,934.07,286.84,142.98,0.1181,-1,-1,-1
35,153,446.41,742.14,118.91,118.24,1.0000,-1,-1,-1
35,154,484.31,815.76,96.38,107.99,1.0000,-1,-1,-1
35,155,1205.48,536.47,418.26,397.03,1.0000,-1,-1,-1
35,156,1396.21,696.45,157.97,168.89,0.0561,-1,-1,-1
35,163,438.98,692.84,134.64,167.58,1.0000,-1,-1,-1
35,164,381.34,466.35,75.93,63.15,0.2588,-1,-1,-1
35,168,289.48,843.67,331.80,247.84,1.0000,-1,-1,-1
35,172,913.15,-1.11,27.20,15.72,1.0000,-1,-1,-1
35,173,-298.93,719.71,259.75,186.60,1.0000,-1,-1,-1
35,175,1065.28,457.24,73.93,78.67,1.0000,-1,-1,-1
35,177,1034.10,902.26,164.51,167.05,1.0000,-1,-1,-1
35,178,1096.36,930.11,-5.68,-4.34,1.0000,-1,-1,-1
35,179,705.50,868.92,50.36,54.71,1.0000,-1,-1,-1
35,181,-570.23,480.86,171.91,107.74,1.0000,-1,-1,-1
35,183,1180.53,8.94,87.28,96.19,0.8769,-1,-1,-1
35,186,-391.06,-404.27,19.03,22.56,1.0000,-1,-1,-1
35,194,122.70,627.54,103.80,89.85,0.3843,-1,-1,-1
35,197,449.53,748.97,53.43,46.16,1.0000,-1,-1,-1
35,199,1000.83,938.70,180.65,145.27,1.0000,-1,-1,-1
35,201,240.53,428.13,106.96,84.50,0.8445,-1,-1,-1
35,203,227.01,369.67,139.92,165.46,1.0000,-1,-1,-1
35,204,1288.48,358.53,-20.41,-13.51,1.0000,-1,-1,-1
35,208,1529.77,95.37,99.09,83.09,1.0000,-1,-1,-1
35,209,824.70,625.73,89.15,88.58,1.0000,-1,-1,-1
35,210,-171.97,777.73,112.67,79.29,1.0000,-1,-1,-1
35,214,-383.34,747.83,182.61,158.04,1.0000,-1,-1,-1
35,216,426.68,681.47,191.26,169.33,1.0000,-1,-1,-1
35,219,139.74,636.05,-21.78,-23.64,1.0000,-1,-1,-1
35,226,1282.88,1328.70,-344.76,-365.42,1.0000,-1,-1,-1
35,232,13.46,342.29,140.31,137.94,0.8091,-1,-1,-1
35,233,1817.97,396.36,105.82,366.40,0.7243,-1,-1,-1
35,235,113.30,636.24,153.67,118.36,1.0000,-1,-1,-1
35,238,135.92,658.48,283.50,257.58,1.0000,-1,-1,-1
35,239,467.87,707.07,110.50,115.86,1.0000,-1,-1,-1
35,241,1555.17,577.62,572.80,484.28,1.0000,-1,-1,-1
35,243,1390.09,556.25,284.26,297.04,1.0000,-1,-1,-1
35,245,626.43,167.18,112.07,105.40,0.8943,-1,-1,-1
35,251,1438.83,429.66,130.91,125.89,0.8816,-1,-1,-1
35,254,289.16,62.37,247.78,134.13,1.0000,-1,-1,-1
35,259,1861.03,682.65,-8.18,-15.46,1.0000,-1,-1,-1
35,261,1117.94,665.57,118.30,151.92,0.0430,-1,-1,-1
35,263,933.67,21.79,128.14,93.56,1.0000,-1,-1,-1
35,264,628.29,849.49,18.06,16.82,1.0000,-1,-1,-1
35,270,388.92,727.89,470.71,346.39,0.0589,-1,-1,-1
35,271,946.15,0.00,109.46,38.35,1.0000,-1,-1,-1
35,275,894.76,301.77,63.68,67.69,1.0000,-1,-1,-1
35,276,668.26,614.25,69.49,78.61,1.0000,-1,-1,-1
35,277,706.32,760.41,-49.24,-58.86,1.0000,-1,-1,-1
35,278,931.30,747.04,60.42,92.44,1.0000,-1,-1,-1
35,285,434.67,1221.33,-125.15,-141.44,1.0000,-1,-1,-1
35,288,959.17,806.69,249.39,141.73,1.0000,-1,-1,-1
35,290,416.87,616.67,111.69,119.33,1.0000,-1,-1,-1
35,291,330.61,-14.35,-62.02,-37.97,1.0000,-1,-1,-1
35,294,921.32,2.33,129.44,69.85,1.0000,-1,-1,-1
35,295,1058.11,718.05,124.74,128.03,1.0000,-1,-1,-1
35,302,913.06,710.80,100.65,87.96,1.0000,-1,-1,-1
35,308,1371.49,1.14,269.07,154.70,1.0000,-1,-1,-1
35,310,54.38,48.54,91.81,179.65,0.8201,-1,-1,-1
35,314,294.64,496.61,147.57,114.62,0.8090,-1,-1,-1
35,317,702.04,595.88,150.57,146.51,1.0000,-1,-1,-1
35,319,411.05,642.84,212.78,250.74,1.0000,-1,-1,-1
35,320,902.05,235.62,62.11,59.85,0.0101,-1,-1,-1
35,322,470.25,718.71,50.67,46.35,1.0000,-1,-1,-1
35,325,297.65,431.59,-398.78,-797.97,1.0000,-1,-1,-1
35,329,171.58,686.42,50.95,87.83,1.0000,-1,-1,-1
35,330,-106.22,771.34,280.45,278.20,1.0000,-1,-1,-1
35,331,231.60,714.06,34.25,47.83,1.0000,-1,-1,-1
35,332,-21.81,-238.71,395.04,1444.51,1.0000,-1,-1,-1
35,337,334.82,528.85,84.94,81.32,1.0000,-1,-1,-1
35,339,823.43,252.85,51.92,51.85,0.1111,-1,-1,-1
35,340,1453.97,179.87,176.55,88.59,1.0000,-1,-1,-1
35,346,-24.39,32.89,186.97,517.85,1.0000,-1,-1,-1
35,347,-249.81,418.30,763.06,797.67,1.0000,-1,-1,-1
35,348,746.45,258.30,80.54,71.61,0.7799,-1,-1,-1
35,349,868.97,663.45,125.51,147.80,0.0476,-1,-1,-1
35,350,1168.55,466.38,50.22,64.05,0.6306,-1,-1,-1
35,351,16.25,58.73,329.82,1209.64,1.0000,-1,-1,-1
35,353,1554.06,745.78,188.01,168.86,0.8453,-1,-1,-1
35,354,463.78,549.43,302.15,251.33,0.5948,-1,-1,-1
35,356,997.18,732.76,15.75,23.28,1.0000,-1,-1,-1
35,360,1050.48,214.55,71.63,79.61,0.2424,-1,-1,-1
35,364,76.17,82.25,230.07,221.56,0.0291,-1,-1,-1
35,369,132.91,152.41,-56.03,-168.67,1.0000,-1,-1,-1
35,370,1450.02,98.66,81.16,34.97,1.0000,-1,-1,-1
35,372,1424.66,160.35,173.24,118.33,1.0000,-1,-1,-1
35,374,1078.28,678.36,49.17,98.38,0.0427,-1,-1,-1
35,377,1309.55,697.38,36.87,41.60,1.0000,-1,-1,-1
35,383,1032.79,1065.65,28.18,14.91,1.0000,-1,-1,-1
35,384,1555.43,660.31,188.18,102.57,1.0000,-1,-1,-1
35,386,405.34,737.78,-76.54,-101.90,1.0000,-1,-1,-1
35,393,1421.30,192.04,184.66,101.12,0.2172,-1,-1,-1
35,399,993.85,915.90,109.48,160.13,0.1119,-1,-1,-1
35,401,162.89,495.07,171.27,125.96,0.6655,-1,-1,-1
35,403,889.85,624.22,79.41,69.14,1.0000,-1,-1,-1
35,406,155.81,650.51,106.92,94.17,0.2690,-1,-1,-1
35,407,279.03,628.63,38.31,35.55,1.0000,-1,-1,-1
35,408,184.03,145.00,137.38,177.34,0.7791,-1,-1,-1
35,411,264.38,635.02,83.19,111.44,0.7327,-1,-1,-1
35,413,1146.23,409.79,80.28,71.25,0.5362,-1,-1,-1
35,416,660.84,694.39,83.99,67.63,1.0000,-1,-1,-1
35,417,1185.19,727.91,34.68,61.58,0.0352,-1,-1,-1
35,420,1169.91,730.07,51.70,90.38,0.0166,-1,-1,-1
35,421,1186.23,751.92,40.29,69.12,0.0127,-1,-1,-1
35,422,729.35,496.88,92.43,90.11,0.0520,-1,-1,-1
35,423,282.30,696.01,219.84,184.80,0.6197,-1,-1,-1
35,424,122.98,639.78,129.95,112.62,0.0221,-1,-1,-1
36,1,141.47,295.67,168.40,146.23,1.0000,-1,-1,-1
36,2,198.26,627.42,225.12,210.41,1.0000,-1,-1,-1
36,3,991.35,288.49,89.69,82.55,0.7464,-1,-1,-1
36,4,-214.79,816.49,436.19,401.82,1.0000,-1,-1,-1
36,5,1108.80,564.23,107.18,105.79,0.6914,-1,-1,-1
36,6,375.92,383.97,129.90,106.52,0.8909,-1,-1,-1
36,7,1131.35,-150.00,56.51,60.65,1.0000,-1,-1,-1
36,9,175.94,767.85,182.53,141.70,1.0000,-1,-1,-1
36,10,1114.23,-63.07,-136.29,-97.64,1.0000,-1,-1,-1
36,12,-145.20,801.54,618.02,275.33,1.0000,-1,-1,-1
36,13,780.64,651.79,-18.12,-16.60,1.0000,-1,-1,-1
36,16,57.47,755.91,165.67,162.96,1.0000,-1,-1,-1
36,17,460.46,866.64,-160.26,-134.64,1.0000,-1,-1,-1
36,18,555.50,804.41,110.39,101.66,1.0000,-1,-1,-1
36,19,-60.24,758.97,138.24,117.49,1.0000,-1,-1,-1
36,21,345.25,584.80,340.55,264.19,1.0000,-1,-1,-1
36,25,275.08,561.38,112.58,80.85,1.0000,-1,-1,-1
36,27,1115.68,392.70,73.80,70.40,1.0000,-1,-1,-1
36,29,1508.99,-488.71,-315.58,-266.23,1.0000,-1,-1,-1
36,30,450.70,601.61,410.36,460.35,1.0000,-1,-1,-1
36,32,-59.99,432.12,183.46,142.77,1.0000,-1,-1,-1
36,34,708.45,660.75,7.68,7.07,1.0000,-1,-1,-1
36,35,493.57,1304.41,-351.59,-226.38,1.0000,-1,-1,-1
36,43,1330.12,-4.87,166.77,144.58,1.0000,-1,-1,-1
36,62,824.42,813.84,105.42,100.28,1.0000,-1,-1,-1
36,66,775.72,644.08,139.50,148.03,1.0000,-1,-1,-1
36,68,-358.11,700.94,282.64,266.58,1.0000,-1,-1,-1
36,70,642.92,634.44,95.15,89.27,1.0000,-1,-1,-1
36,73,614.46,42.50,183.44,94.34,1.0000,-1,-1,-1
36,75,323.83,768.21,403.64,260.05,1.0000,-1,-1,-1
36,76,385.36,389.26,-20.09,-17.03,1.0000,-1,-1,-1
36,77,633.23,678.24,355.23,251.29,1.0000,-1,-1,-1
36,84,994.53,677.80,54.18,70.24,1.0000,-1,-1,-1
36,86,1193.29,662.41,298.68,200.11,1.0000,-1,-1,-1
36,95,435.39,223.93,86.79,83.27,1.0000,-1,-1,-1
36,96,57.11,571.36,355.59,257.88,1.0000,-1,-1,-1
36,105,-81.37,248.22,227.16,135.72,1.0000,-1,-1,-1
36,111,821.71,610.50,154.34,120.47,1.0000,-1,-1,-1
36,112,1319.99,862.09,337.27,417.41,1.0000,-1,-1,-1
36,116,-176.96,160.95,192.22,178.31,1.0000,-1,-1,-1
36,117,2318.13,1078.17,-28.74,-19.06,1.0000,-1,-1,-1
36,118,1104.27,1226.75,-67.23,-41.14,1.0000,-1,-1,-1
36,119,1496.20,629.77,122.61,99.30,0.8059,-1,-1,-1
36,120,1271.69,733.31,57.47,58.62,1.0000,-1,-1,-1
36,123,1026.70,782.95,97.27,102.14,1.0000,-1,-1,-1
36,126,1446.92,1242.59,-162.21,-186.93,1.0000,-1,-1,-1
36,127,1226.21,692.91,179.60,146.11,0.8893,-1,-1,-1
36,132,770.10,448.31,57.62,57.29,1.0000,-1,-1,-1
36,135,973.99,201.28,70.94,67.09,0.2042,-1,-1,-1
36,141,580.40,874.39,140.92,163.50,1.0000,-1,-1,-1
36,143,671.16,870.45,87.58,94.65,1.0000,-1,-1,-1
36,144,1079.01,357.24,69.20,73.25,1.0000,-1,-1,-1
36,150,880.93,682.39,62.21,77.13,1.0000,-1,-1,-1
36,151,528.84,907.06,261.96,203.64,1.0000,-1,-1,-1
36,152,1410.67,941.29,269.66,135.67,0.1687,-1,-1,-1
36,153,445.09,744.67,120.17,119.49,1.0000,-1,-1,-1
36,154,476.73,822.29,96.60,108.24,1.0000,-1,-1,-1
36,155,1186.29,523.09,426.64,404.99,1.0000,-1,-1,-1
36,156,1419.47,695.67,164.62,172.83,0.1091,-1,-1,-1
36,163,435.33,699.75,135.86,169.10,1.0000,-1,-1,-1
36,164,386.84,475.63,74.89,61.75,0.1949,-1,-1,-1
36,168,285.63,849.87,340.36,254.23,1.0000,-1,-1,-1
36,172,917.16,-1.60,19.03,11.00,1.0000,-1,-1,-1
36,173,-320.63,728.00,264.05,189.68,1.0000,-1,-1,-1
36,175,1055.40,450.29,74.68,79.48,1.0000,-1,-1,-1
36,177,1028.27,899.99,166.41,168.99,1.0000,-1,-1,-1
36,178,1092.91,932.12,-9.72,-7.42,1.0000,-1,-1,-1
36,179,704.55,872.88,48.74,52.95,1.0000,-1,-1,-1
36,181,-604.26,463.56,167.89,105.22,1.0000,-1,-1,-1
36,183,1184.32,12.00,85.56,93.84,0.8803,-1,-1,-1
36,186,-407.59,-428.23,5.80,6.88,1.0000,-1,-1,-1
36,194,126.46,627.84,99.97,86.79,0.3362,-1,-1,-1
36,197,439.77,747.62,49.80,43.02,1.0000,-1,-1,-1
36,199,997.72,935.33,185.29,149.00,1.0000,-1,-1,-1
36,201,244.28,428.52,109.20,86.12,0.8729,-1,-1,-1
36,203,214.66,363.29,144.44,170.81,1.0000,-1,-1,-1
36,204,1291.44,353.93,-25.43,-16.83,1.0000,-1,-1,-1
36,208,1525.75,96.95,96.71,81.09,1.0000,-1,-1,-1
36,209,817.97,632.51,89.53,88.96,1.0000,-1,-1,-1
36,210,-183.07,788.84,105.94,74.56,1.0000,-1,-1,-1
36,214,-405.24,755.09,184.64,159.80,1.0000,-1,-1,-1
36,216,441.02,684.28,183.96,162.87,1.0000,-1,-1,-1
36,219,115.44,633.98,-28.75,-31.21,1.0000,-1,-1,-1
36,226,1306.41,1357.60,-369.06,-391.19,1.0000,-1,-1,-1
36,232,23.52,345.59,138.13,131.03,0.7929,-1,-1,-1
36,233,1823.11,421.07,101.91,356.93,0.7077,-1,-1,-1
36,235,99.27,642.66,157.96,121.67,1.0000,-1,-1,-1
36,238,118.99,664.28,295.39,268.39,1.0000,-1,-1,-1
36,239,468.57,713.75,109.33,114.63,1.0000,-1,-1,-1
36,241,1540.11,553.11,600.54,507.73,1.0000,-1,-1,-1
36,243,1379.14,539.62,289.55,302.57,1.0000,-1,-1,-1
36,245,630.29,159.76,115.72,107.02,0.8998,-1,-1,-1
36,251,1454.91,422.13,134.59,129.44,0.8949,-1,-1,-1
36,254,280.71,62.88,250.73,135.73,1.0000,-1,-1,-1
36,259,1860.69,687.71,-11.62,-21.98,1.0000,-1,-1,-1
36,261,1115.27,658.96,120.83,151.83,0.1250,-1,-1,-1
36,263,929.75,22.90,131.84,96.26,1.0000,-1,-1,-1
36,264,617.05,855.06,15.71,14.63,1.0000,-1,-1,-1
36,270,415.20,752.83,437.38,321.59,0.0100,-1,-1,-1
36,271,943.28,0.00,112.63,39.46,1.0000,-1,-1,-1
36,275,892.67,301.89,64.38,68.45,1.0000,-1,-1,-1
36,276,674.52,604.53,67.93,76.84,1.0000,-1,-1,-1
36,277,711.10,773.61,-58.63,-70.09,1.0000,-1,-1,-1
36,278,926.48,745.41,59.94,91.70,1.0000,-1,-1,-1
36,285,439.70,1238.23,-139.83,-158.03,1.0000,-1,-1,-1
36,288,942.56,799.56,259.37,147.40,1.0000,-1,-1,-1
36,290,404.08,609.83,114.74,122.60,1.0000,-1,-1,-1
36,291,339.07,-17.32,-88.57,-54.22,1.0000,-1,-1,-1
36,294,916.60,2.49,136.03,73.41,1.0000,-1,-1,-1
36,295,1051.99,718.34,129.28,132.68,1.0000,-1,-1,-1
36,302,913.40,706.35,96.39,84.24,1.0000,-1,-1,-1
36,308,1371.23,-0.87,270.40,155.47,1.0000,-1,-1,-1
36,310,61.98,51.55,100.22,176.69,0.7586,-1,-1,-1
36,314,296.84,489.21,145.65,115.19,0.8645,-1,-1,-1
36,317,702.65,608.94,152.87,148.75,1.0000,-1,-1,-1
36,319,426.53,629.83,221.09,260.53,1.0000,-1,-1,-1
36,320,902.89,230.55,62.27,60.00,1.0000,-1,-1,-1
36,322,467.46,715.93,48.11,44.01,1.0000,-1,-1,-1
36,325,327.09,429.71,-460.88,-922.24,1.0000,-1,-1,-1
36,329,168.37,685.03,50.94,87.82,1.0000,-1,-1,-1
36,330,-115.44,759.38,290.78,288.44,1.0000,-1,-1,-1
36,331,232.67,720.99,33.00,46.08,1.0000,-1,-1,-1
36,332,-24.96,-290.36,419.96,1535.64,1.0000,-1,-1,-1
36,337,316.92,514.17,84.22,80.62,1.0000,-1,-1,-1
36,339,824.50,252.57,51.64,51.59,0.0386,-1,-1,-1
36,340,1452.84,180.80,171.05,85.83,1.0000,-1,-1,-1
36,346,-26.94,23.06,192.81,534.02,1.0000,-1,-1,-1
36,347,-284.38,384.33,831.72,869.44,1.0000,-1,-1,-1
36,348,749.80,256.02,80.09,71.85,0.7953,-1,-1,-1
36,349,859.00,647.44,137.30,163.89,0.0148,-1,-1,-1
36,350,1174.56,468.73,49.71,60.58,0.6957,-1,-1,-1
36,351,18.67,53.50,344.13,1262.13,1.0000,-1,-1,-1
36,353,1561.96,753.41,192.67,173.18,0.8682,-1,-1,-1
36,354,525.69,535.21,294.25,249.28,0.6698,-1,-1,-1
36,356,1003.69,737.33,11.99,17.71,1.0000,-1,-1,-1
36,360,1054.58,214.66,73.02,80.05,0.0614,-1,-1,-1
36,364,65.34,50.02,252.74,236.15,0.1369,-1,-1,-1
36,369,139.45,126.72,-76.63,-230.71,1.0000,-1,-1,-1
36,370,1455.28,91.68,72.16,31.09,1.0000,-1,-1,-1
36,372,1420.51,157.10,177.73,121.40,1.0000,-1,-1,-1
36,374,1090.86,677.21,46.47,91.39,0.3137,-1,-1,-1
36,377,1312.86,694.26,34.62,39.06,1.0000,-1,-1,-1
36,383,1033.18,1069.84,20.82,11.02,1.0000,-1,-1,-1
36,384,1575.68,656.76,203.31,110.81,1.0000,-1,-1,-1
36,386,475.43,839.73,-140.71,-187.33,1.0000,-1,-1,-1
36,393,1425.39,197.72,183.73,102.42,0.6147,-1,-1,-1
36,399,1005.19,912.62,112.55,162.40,0.5742,-1,-1,-1
36,401,166.88,505.67,163.42,121.38,0.7900,-1,-1,-1
36,403,893.09,629.32,76.54,66.64,1.0000,-1,-1,-1
36,406,163.94,650.27,106.33,93.31,0.4883,-1,-1,-1
36,407,289.65,632.31,25.06,23.26,1.0000,-1,-1,-1
36,408,213.50,135.99,114.02,143.52,0.7181,-1,-1,-1
36,411,261.07,620.53,87.17,113.04,0.7314,-1,-1,-1
36,413,1150.40,416.61,82.60,73.34,0.7752,-1,-1,-1
36,416,660.83,702.36,85.19,68.60,1.0000,-1,-1,-1
36,417,1193.85,730.54,28.52,50.30,0.0391,-1,-1,-1
36,420,1177.98,731.73,42.23,72.89,0.0220,-1,-1,-1
36,421,1193.47,754.06,43.12,73.98,1.0000,-1,-1,-1
36,422,732.88,493.94,96.40,94.43,0.2682,-1,-1,-1
36,423,296.59,696.76,218.63,183.74,0.8257,-1,-1,-1
36,424,146.78,638.21,102.58,88.39,0.0223,-1,-1,-1
36,426,401.31,608.39,94.64,85.05,0.8536,-1,-1,-1
36,427,73.44,717.81,125.15,278.54,0.7063,-1,-1,-1
36,428,960.12,717.82,50.97,95.04,0.6900,-1,-1,-1
36,430,1107.29,632.82,70.88,47.31,0.0113,-1,-1,-1
36,433,275.96,764.73,68.90,97.68,0.0170,-1,-1,-1
37,1,133.39,293.44,170.64,148.17,1.0000,-1,-1,-1
37,2,192.35,630.53,227.79,212.91,1.0000,-1,-1,-1
37,3,1003.97,297.92,75.18,66.73,0.0212,-1,-1,-1
37,4,-234.52,820.94,443.80,408.83,1.0000,-1,-1,-1
37,5,1118.17,578.78,101.48,98.85,0.6344,-1,-1,-1
37,6,359.66,385.22,129.77,106.80,0.7854,-1,-1,-1
37,7,1135.93,-157.84,55.52,59.59,1.0000,-1,-1,-1
37,9,166.40,778.68,183.71,142.61,1.0000,-1,-1,-1
37,10,1100.56,-72.02,-144.49,-103.51,1.0000,-1,-1,-1
37,12,-169.46,797.11,627.83,279.70,1.0000,-1,-1,-1
37,13,776.59,657.19,-21.13,-19.36,1.0000,-1,-1,-1
37,16,48.89,765.37,166.80,164.08,1.0000,-1,-1,-1
37,17,459.29,871.72,-175.07,-147.08,1.0000,-1,-1,-1
37,19,-69.55,767.30,138.53,117.74,1.0000,-1,-1,-1
37,21,339.17,588.45,345.99,268.41,1.0000,-1,-1,-1
37,25,270.33,559.73,113.60,81.58,1.0000,-1,-1,-1
37,27,1110.08,390.91,73.86,70.46,1.0000,-1,-1,-1
37,29,1527.49,-510.60,-335.01,-282.63,1.0000,-1,-1,-1
37,30,419.30,596.32,428.42,480.62,1.0000,-1,-1,-1
37,32,-67.34,436.27,183.16,142.53,1.0000,-1,-1,-1
37,34,706.69,674.34,2.09,1.92,1.0000,-1,-1,-1
37,35,495.75,1314.49,-367.20,-236.43,1.0000,-1,-1,-1
37,43,1326.35,-7.40,166.51,144.36,1.0000,-1,-1,-1
37,62,818.07,815.58,105.11,99.99,1.0000,-1,-1,-1
37,66,764.90,639.44,140.93,149.56,1.0000,-1,-1,-1
37,68,-374.06,702.75,285.90,269.65,1.0000,-1,-1,-1
37,70,634.10,637.48,94.19,88.36,1.0000,-1,-1,-1
37,75,318.43,772.34,412.96,266.06,1.0000,-1,-1,-1
37,76,379.08,382.74,-23.28,-19.73,1.0000,-1,-1,-1
37,77,623.60,683.26,361.83,255.96,1.0000,-1,-1,-1
37,84,986.69,674.39,53.34,69.15,1.0000,-1,-1,-1
37,95,428.41,214.57,86.79,83.27,1.0000,-1,-1,-1
37,96,45.83,569.60,364.09,264.04,1.0000,-1,-1,-1
37,111,815.13,616.39,156.04,121.80,1.0000,-1,-1,-1
37,112,1315.34,862.71,342.42,423.80,1.0000,-1,-1,-1
37,116,-182.63,161.34,192.45,178.52,1.0000,-1,-1,-1
37,117,2339.01,1084.36,-38.99,-25.86,1.0000,-1,-1,-1
37,118,1117.13,1238.24,-72.43,-44.32,1.0000,-1,-1,-1
37,119,1501.76,631.91,122.89,99.64,0.8021,-1,-1,-1
37,120,1273.60,728.19,56.54,57.67,1.0000,-1,-1,-1
37,123,1017.67,787.14,97.01,101.86,1.0000,-1,-1,-1
37,126,1445.51,1252.78,-171.62,-197.77,1.0000,-1,-1,-1
37,127,1236.17,694.86,184.51,151.13,0.8088,-1,-1,-1
37,132,765.91,445.42,57.39,57.07,1.0000,-1,-1,-1
37,135,984.33,200.36,67.22,64.72,0.0606,-1,-1,-1
37,141,567.80,879.67,142.99,165.91,1.0000,-1,-1,-1
37,143,665.15,874.62,86.42,93.40,1.0000,-1,-1,-1
37,144,1072.33,358.89,68.36,72.37,1.0000,-1,-1,-1
37,150,877.57,687.36,61.02,75.65,1.0000,-1,-1,-1
37,151,521.75,907.44,268.63,208.83,1.0000,-1,-1,-1
37,152,1418.30,946.98,258.05,130.82,0.1135,-1,-1,-1
37,153,443.78,747.19,121.43,120.75,1.0000,-1,-1,-1
37,154,469.14,828.81,96.82,108.49,1.0000,-1,-1,-1
37,155,1167.09,509.71,435.02,412.94,1.0000,-1,-1,-1
37,156,1438.35,685.30,176.66,182.61,0.1642,-1,-1,-1
37,163,431.69,706.65,137.08,170.62,1.0000,-1,-1,-1
37,164,400.39,477.10,73.71,60.26,0.0425,-1,-1,-1
37,168,281.79,856.07,348.91,260.62,1.0000,-1,-1,-1
37,172,921.18,-2.09,10.86,6.28,1.0000,-1,-1,-1
37,173,-342.33,736.29,268.35,192.77,1.0000,-1,-1,-1
37,175,1045.51,443.34,75.44,80.28,1.0000,-1,-1,-1
37,177,1022.45,897.72,168.32,170.92,1.0000,-1,-1,-1
37,178,1089.45,934.13,-13.77,-10.51,1.0000,-1,-1,-1
37,179,703.60,876.84,47.13,51.20,1.0000,-1,-1,-1
37,181,-638.28,446.27,163.86,102.70,1.0000,-1,-1,-1
37,183,1189.26,15.25,84.92,92.29,0.8846,-1,-1,-1
37,186,-424.13,-452.18,-7.42,-8.80,1.0000,-1,-1,-1
37,194,123.38,631.60,100.45,87.20,1.0000,-1,-1,-1
37,197,430.01,746.28,46.17,39.88,1.0000,-1,-1,-1
37,199,994.62,931.95,189.93,152.73,1.0000,-1,-1,-1
37,201,250.55,430.57,112.04,88.55,0.7766,-1,-1,-1
37,203,202.30,356.91,148.97,176.16,1.0000,-1,-1,-1
37,204,1294.41,349.33,-30.44,-20.15,1.0000,-1,-1,-1
37,208,1521.72,98.54,94.32,79.09,1.0000,-1,-1,-1
37,209,811.25,639.28,89.91,89.33,1.0000,-1,-1,-1
37,210,-194.17,799.94,99.22,69.83,1.0000,-1,-1,-1
37,214,-427.14,762.35,186.67,161.55,1.0000,-1,-1,-1
37,216,455.36,687.08,176.66,156.41,1.0000,-1,-1,-1
37,219,91.14,631.90,-35.72,-38.78,1.0000,-1,-1,-1
37,226,1329.94,1386.50,-393.37,-416.95,1.0000,-1,-1,-1
37,232,38.83,349.61,137.01,125.78,0.8143,-1,-1,-1
37,233,1831.05,465.22,95.36,339.31,0.6962,-1,-1,-1
37,235,85.25,649.08,162.25,124.97,1.0000,-1,-1,-1
37,238,102.07,670.08,307.28,279.19,1.0000,-1,-1,-1
37,239,469.26,720.43,108.16,113.40,1.0000,-1,-1,-1
37,241,1525.05,528.59,628.28,531.18,1.0000,-1,-1,-1
37,243,1368.19,522.99,294.84,308.10,1.0000,-1,-1,-1
37,245,637.98,153.40,117.50,107.63,0.8244,-1,-1,-1
37,251,1472.09,415.04,138.63,133.74,0.8970,-1,-1,-1
37,254,272.26,63.39,253.67,137.32,1.0000,-1,-1,-1
37,259,1860.36,692.77,-15.06,-28.49,1.0000,-1,-1,-1
37,261,1117.23,658.10,117.09,141.43,0.0165,-1,-1,-1
37,263,925.82,24.01,135.54,98.96,1.0000,-1,-1,-1
37,264,605.82,860.64,13.36,12.44,1.0000,-1,-1,-1
37,270,433.47,773.71,410.12,300.41,0.1048,-1,-1,-1
37,271,940.40,0.00,115.79,40.56,1.0000,-1,-1,-1
37,275,890.58,302.01,65.09,69.20,1.0000,-1,-1,-1
37,276,680.77,594.81,66.36,75.07,1.0000,-1,-1,-1
37,277,715.89,786.82,-68.02,-81.32,1.0000,-1,-1,-1
37,278,921.66,743.78,59.46,90.97,1.0000,-1,-1,-1
37,285,444.74,1255.13,-154.51,-174.61,1.0000,-1,-1,-1
37,288,925.96,792.43,269.35,153.07,1.0000,-1,-1,-1
37,290,391.29,602.99,117.80,125.86,1.0000,-1,-1,-1
37,291,347.54,-20.29,-115.11,-70.47,1.0000,-1,-1,-1
37,294,911.88,2.66,142.63,76.97,1.0000,-1,-1,-1
37,295,1045.87,718.63,133.82,137.34,1.0000,-1,-1,-1
37,302,913.74,701.91,92.13,80.52,1.0000,-1,-1,-1
37,308,1370.97,-2.87,271.74,156.23,1.0000,-1,-1,-1
37,310,78.12,55.80,109.91,177.58,0.5351,-1,-1,-1
37,314,308.46,486.47,140.82,112.72,0.5707,-1,-1,-1
37,317,703.26,622.00,155.17,150.98,1.0000,-1,-1,-1
37,319,442.01,616.82,229.40,270.32,1.0000,-1,-1,-1
37,320,903.73,225.48,62.43,60.16,1.0000,-1,-1,-1
37,322,464.67,713.14,45.55,41.66,1.0000,-1,-1,-1
37,325,356.53,427.83,-522.98,-1046.51,1.0000,-1,-1,-1
37,329,165.16,683.65,50.94,87.81,1.0000,-1,-1,-1
37,330,-124.66,747.42,301.10,298.68,1.0000,-1,-1,-1
37,331,233.75,727.93,31.75,44.33,1.0000,-1,-1,-1
37,332,-28.11,-342.00,444.88,1626.76,1.0000,-1,-1,-1
37,337,299.03,499.48,83.49,79.92,1.0000,-1,-1,-1
37,339,825.52,248.56,51.99,51.94,1.0000,-1,-1,-1
37,340,1451.71,181.74,165.56,83.08,1.0000,-1,-1,-1
37,346,-29.50,13.23,198.64,550.19,1.0000,-1,-1,-1
37,347,-318.95,350.37,900.38,941.21,1.0000,-1,-1,-1
37,348,756.12,255.62,78.25,70.75,0.7696,-1,-1,-1
37,349,862.31,647.15,139.51,166.92,0.0259,-1,-1,-1
37,350,1179.07,472.24,49.17,57.15,0.7096,-1,-1,-1
37,351,21.10,48.27,358.44,1314.61,1.0000,-1,-1,-1
37,353,1569.97,763.36,198.88,179.50,0.8897,-1,-1,-1
37,354,582.31,524.81,279.76,241.95,0.7443,-1,-1,-1
37,356,1010.21,741.90,8.22,12.15,1.0000,-1,-1,-1
37,360,1059.61,215.12,73.15,78.99,0.0140,-1,-1,-1
37,364,78.73,41.34,247.89,222.06,0.5148,-1,-1,-1
37,369,145.98,101.03,-97.24,-292.76,1.0000,-1,-1,-1
37,370,1460.53,84.70,63.17,27.21,1.0000,-1,-1,-1
37,372,1416.37,153.84,182.22,124.47,1.0000,-1,-1,-1
37,374,1098.17,673.99,47.86,92.21,0.0360,-1,-1,-1
37,377,1316.17,691.14,32.37,36.52,1.0000,-1,-1,-1
37,383,1033.56,1074.03,13.47,7.13,1.0000,-1,-1,-1
37,384,1595.93,653.21,218.43,119.06,1.0000,-1,-1,-1
37,386,545.52,941.68,-204.88,-272.76,1.0000,-1,-1,-1
37,393,1426.09,203.97,182.71,103.68,0.1211,-1,-1,-1
37,399,1013.90,909.18,114.97,163.62,0.3909,-1,-1,-1
37,401,172.87,518.94,149.85,111.92,0.8342,-1,-1,-1
37,403,896.32,634.43,73.67,64.14,1.0000,-1,-1,-1
37,406,165.74,646.79,106.82,93.73,1.0000,-1,-1,-1
37,407,300.26,635.99,11.82,10.96,1.0000,-1,-1,-1
37,408,224.51,110.14,119.09,146.19,0.5450,-1,-1,-1
37,411,264.71,606.46,88.20,114.38,1.0000,-1,-1,-1
37,413,1154.28,422.47,87.37,78.11,0.7004,-1,-1,-1
37,416,660.82,710.33,86.39,69.57,1.0000,-1,-1,-1
37,417,1197.72,731.34,30.46,53.92,0.0316,-1,-1,-1
37,420,1178.01,740.75,45.20,77.81,0.0220,-1,-1,-1
37,421,1200.70,756.19,45.95,78.83,1.0000,-1,-1,-1
37,422,745.37,492.27,84.91,83.01,0.4079,-1,-1,-1
37,423,309.23,694.54,221.23,186.26,0.5532,-1,-1,-1
37,424,157.29,633.24,89.32,76.96,1.0000,-1,-1,-1
37,426,404.86,611.63,99.12,89.17,0.8678,-1,-1,-1
37,427,110.69,627.62,144.17,300.47,0.6043,-1,-1,-1
37,428,965.68,723.55,52.05,95.51,0.5675,-1,-1,-1
37,430,1102.28,640.39,68.05,45.42,1.0000,-1,-1,-1
37,433,279.56,766.70,67.38,95.53,1.0000,-1,-1,-1
37,436,958.36,300.20,147.23,133.33,0.0136,-1,-1,-1
37,441,1565.74,665.58,102.11,74.36,0.0100,-1,-1,-1
38,1,125.31,291.22,172.87,150.11,1.0000,-1,-1,-1
38,2,186.44,633.63,230.45,215.40,1.0000,-1,-1,-1
38,3,1003.52,302.10,72.98,64.78,1.0000,-1,-1,-1
38,4,-254.26,825.39,451.40,415.84,1.0000,-1,-1,-1
38,5,1121.41,585.25,105.60,101.39,0.5970,-1,-1,-1
38,6,331.83,383.93,140.04,115.90,0.5732,-1,-1,-1
38,9,156.85,789.52,184.89,143.52,1.0000,-1,-1,-1
38,10,1086.89,-80.97,-152.69,-109.39,1.0000,-1,-1,-1
38,12,-193.72,792.69,637.64,284.07,1.0000,-1,-1,-1
38,13,772.54,662.58,-24.14,-22.11,1.0000,-1,-1,-1
38,16,40.32,774.83,167.94,165.20,1.0000,-1,-1,-1
38,17,458.12,876.80,-189.88,-159.53,1.0000,-1,-1,-1
38,19,-78.85,775.63,138.83,117.99,1.0000,-1,-1,-1
38,27,1104.49,389.12,73.92,70.51,1.0000,-1,-1,-1
38,29,1546.00,-532.48,-354.45,-299.02,1.0000,-1,-1,-1
38,30,387.90,591.02,446.49,500.89,1.0000,-1,-1,-1
38,32,-74.69,440.43,182.86,142.29,1.0000,-1,-1,-1
38,34,704.92,687.94,-3.51,-3.23,1.0000,-1,-1,-1
38,43,1322.58,-9.94,166.25,144.13,1.0000,-1,-1,-1
38,62,811.72,817.32,104.81,99.70,1.0000,-1,-1,-1
38,66,754.08,634.80,142.37,151.08,1.0000,-1,-1,-1
38,68,-390.02,704.57,289.15,272.72,1.0000,-1,-1,-1
38,70,625.27,640.53,93.22,87.45,1.0000,-1,-1,-1
38,77,613.97,688.28,368.43,260.63,1.0000,-1,-1,-1
38,84,978.84,670.98,52.50,68.06,1.0000,-1,-1,-1
38,96,34.54,567.84,372.59,270.21,1.0000,-1,-1,-1
38,111,808.55,622.28,157.74,123.13,1.0000,-1,-1,-1
38,116,-188.30,161.74,192.68,178.73,1.0000,-1,-1,-1
38,119,1507.32,636.10,119.74,96.87,0.6931,-1,-1,-1
38,120,1275.52,723.08,55.61,56.73,1.0000,-1,-1,-1
38,123,1008.63,791.33,96.75,101.59,1.0000,-1,-1,-1
38,126,1444.10,1262.98,-181.03,-208.62,1.0000,-1,-1,-1
38,127,1247.01,699.81,186.79,154.42,0.7677,-1,-1,-1
38,132,761.72,442.52,57.16,56.84,1.0000,-1,-1,-1
38,135,989.08,202.03,67.20,64.77,0.4053,-1,-1,-1
38,141,555.20,884.94,145.07,168.32,1.0000,-1,-1,-1
38,143,659.14,878.78,85.26,92.14,1.0000,-1,-1,-1
38,144,1065.65,360.55,67.53,71.48,1.0000,-1,-1,-1
38,150,874.22,692.33,59.82,74.16,1.0000,-1,-1,-1
38,151,514.67,907.82,275.31,214.02,1.0000,-1,-1,-1
38,152,1426.00,954.79,242.53,123.26,0.3485,-1,-1,-1
38,153,442.46,749.72,122.69,122.00,1.0000,-1,-1,-1
38,154,461.56,835.34,97.04,108.73,1.0000,-1,-1,-1
38,155,1147.90,496.34,443.40,420.89,1.0000,-1,-1,-1
38,156,1444.79,656.20,209.20,217.51,0.3860,-1,-1,-1
38,163,428.04,713.55,138.29,172.13,1.0000,-1,-1,-1
38,164,402.25,478.55,71.59,58.52,1.0000,-1,-1,-1
38,168,277.94,862.26,357.47,267.01,1.0000,-1,-1,-1
38,172,925.20,-2.58,2.69,1.56,1.0000,-1,-1,-1
38,173,-364.03,744.59,272.65,195.86,1.0000,-1,-1,-1
38,175,1035.62,436.39,76.19,81.09,1.0000,-1,-1,-1
38,177,1016.62,895.45,170.22,172.86,1.0000,-1,-1,-1
38,178,1085.99,936.14,-17.81,-13.60,1.0000,-1,-1,-1
38,179,702.66,880.79,45.51,49.44,1.0000,-1,-1,-1
38,181,-672.30,428.97,159.84,100.18,1.0000,-1,-1,-1
38,183,1196.16,21.71,83.99,90.24,0.8896,-1,-1,-1
38,186,-440.67,-476.13,-20.65,-24.48,1.0000,-1,-1,-1
38,194,120.29,635.36,100.93,87.62,1.0000,-1,-1,-1
38,197,420.26,744.93,42.54,36.74,1.0000,-1,-1,-1
38,199,991.52,928.57,194.57,156.46,1.0000,-1,-1,-1
38,201,255.20,433.59,111.50,88.37,0.8011,-1,-1,-1
38,203,189.95,350.53,153.49,181.51,1.0000,-1,-1,-1
38,204,1297.37,344.74,-35.45,-23.47,1.0000,-1,-1,-1
38,208,1517.69,100.12,91.94,77.09,1.0000,-1,-1,-1
38,209,804.52,646.06,90.28,89.71,1.0000,-1,-1,-1
38,210,-205.27,811.04,92.49,65.09,1.0000,-1,-1,-1
38,214,-449.04,769.60,188.69,163.31,1.0000,-1,-1,-1
38,216,469.70,689.88,169.37,149.95,1.0000,-1,-1,-1
38,219,66.84,629.82,-42.70,-46.35,1.0000,-1,-1,-1
38,226,1353.46,1415.40,-417.68,-442.72,1.0000,-1,-1,-1
38,232,53.50,353.94,134.98,120.52,0.7470,-1,-1,-1
38,233,1835.76,493.35,90.65,327.28,0.7284,-1,-1,-1
38,235,71.22,655.49,166.54,128.28,1.0000,-1,-1,-1
38,238,85.14,675.88,319.17,289.99,1.0000,-1,-1,-1
38,239,469.96,727.11,106.99,112.17,1.0000,-1,-1,-1
38,241,1509.99,504.07,656.01,554.63,1.0000,-1,-1,-1
38,243,1357.24,506.36,300.12,313.62,1.0000,-1,-1,-1
38,245,644.33,148.98,120.84,110.41,0.9226,-1,-1,-1
38,251,1490.83,412.68,140.26,135.99,0.9136,-1,-1,-1
38,254,263.82,63.90,256.62,138.92,1.0000,-1,-1,-1
38,259,1860.03,697.83,-18.50,-35.00,1.0000,-1,-1,-1
38,261,1123.90,662.18,128.21,153.63,0.0221,-1,-1,-1
38,263,921.89,25.11,139.24,101.67,1.0000,-1,-1,-1
38,264,594.58,866.22,11.01,10.26,1.0000,-1,-1,-1
38,270,451.03,792.43,387.67,281.77,0.1998,-1,-1,-1
38,271,937.53,0.00,118.96,41.67,1.0000,-1,-1,-1
38,275,888.48,302.13,65.80,69.95,1.0000,-1,-1,-1
38,276,687.03,585.09,64.80,73.30,1.0000,-1,-1,-1
38,277,720.67,800.03,-77.41,-92.54,1.0000,-1,-1,-1
38,278,916.85,742.16,58.98,90.24,1.0000,-1,-1,-1
38,285,449.77,1272.03,-169.18,-191.20,1.0000,-1,-1,-1
38,288,909.35,785.30,279.33,158.74,1.0000,-1,-1,-1
38,290,378.49,596.15,120.86,129.13,1.0000,-1,-1,-1
38,291,356.00,-23.27,-141.66,-86.72,1.0000,-1,-1,-1
38,294,907.15,2.82,149.22,80.52,1.0000,-1,-1,-1
38,295,1039.75,718.92,138.35,141.99,1.0000,-1,-1,-1
38,302,914.07,697.47,87.88,76.80,1.0000,-1,-1,-1
38,308,1370.71,-4.88,273.08,157.00,1.0000,-1,-1,-1
38,310,92.47,59.32,116.96,176.26,0.8023,-1,-1,-1
38,314,320.30,487.55,133.17,107.68,0.7830,-1,-1,-1
38,317,703.88,635.06,157.47,153.22,1.0000,-1,-1,-1
38,319,457.50,603.81,237.71,280.12,1.0000,-1,-1,-1
38,320,904.57,220.41,62.59,60.31,1.0000,-1,-1,-1
38,322,461.87,710.36,42.99,39.32,1.0000,-1,-1,-1
38,325,385.97,425.95,-585.08,-1170.78,1.0000,-1,-1,-1
38,329,161.94,682.27,50.93,87.80,1.0000,-1,-1,-1
38,330,-133.89,735.45,311.42,308.92,1.0000,-1,-1,-1
38,331,234.83,734.86,30.50,42.59,1.0000,-1,-1,-1
38,332,-31.26,-393.65,469.80,1717.89,1.0000,-1,-1,-1
38,337,281.14,484.80,82.76,79.22,1.0000,-1,-1,-1
38,339,826.54,244.55,52.35,52.30,1.0000,-1,-1,-1
38,340,1450.58,182.68,160.07,80.32,1.0000,-1,-1,-1
38,346,-32.05,3.40,204.48,566.36,1.0000,-1,-1,-1
38,347,-353.52,316.40,969.04,1012.99,1.0000,-1,-1,-1
38,348,762.18,257.50,75.01,68.05,0.7906,-1,-1,-1
38,349,868.32,678.30,121.97,144.04,0.0452,-1,-1,-1
38,350,1184.34,476.55,51.41,57.30,0.5795,-1,-1,-1
38,351,23.52,43.05,372.75,1367.09,1.0000,-1,-1,-1
38,353,1576.31,774.26,203.95,185.10,0.8816,-1,-1,-1
38,354,628.59,512.97,268.95,237.71,0.7158,-1,-1,-1
38,356,1016.72,746.46,4.46,6.59,1.0000,-1,-1,-1
38,360,1065.68,216.53,75.21,80.57,0.0302,-1,-1,-1
38,364,96.96,42.86,240.31,205.90,0.2165,-1,-1,-1
38,369,152.52,75.34,-117.85,-354.80,1.0000,-1,-1,-1
38,370,1465.79,77.72,54.17,23.34,1.0000,-1,-1,-1
38,372,1412.23,150.59,186.71,127.54,1.0000,-1,-1,-1
38,374,1104.89,677.31,44.94,84.01,0.0485,-1,-1,-1
38,377,1319.48,688.02,30.12,33.99,1.0000,-1,-1,-1
38,383,1033.95,1078.22,6.11,3.23,1.0000,-1,-1,-1
38,384,1616.17,649.65,233.55,127.30,1.0000,-1,-1,-1
38,386,615.61,1043.63,-269.05,-358.18,1.0000,-1,-1,-1
38,393,1431.05,212.43,183.72,106.78,0.0556,-1,-1,-1
38,399,1019.93,907.97,117.11,164.66,0.4859,-1,-1,-1
38,401,177.51,526.89,146.28,109.26,1.0000,-1,-1,-1
38,403,899.56,639.54,70.80,61.64,1.0000,-1,-1,-1
38,406,167.53,643.31,107.30,94.16,1.0000,-1,-1,-1
38,407,310.87,639.67,-1.43,-1.33,1.0000,-1,-1,-1
38,408,237.99,82.60,133.56,162.45,0.7932,-1,-1,-1
38,411,268.34,592.39,89.23,115.72,1.0000,-1,-1,-1
38,413,1160.09,433.39,87.66,78.70,0.6102,-1,-1,-1
38,416,660.81,718.30,87.59,70.53,1.0000,-1,-1,-1
38,417,1204.53,734.68,27.36,48.44,1.0000,-1,-1,-1
38,420,1179.59,741.39,44.70,76.95,1.0000,-1,-1,-1
38,421,1207.93,758.32,48.78,83.69,1.0000,-1,-1,-1
38,422,766.84,491.82,59.59,56.75,0.0164,-1,-1,-1
38,423,316.17,695.96,220.15,185.13,0.5500,-1,-1,-1
38,424,167.80,628.26,76.06,65.53,1.0000,-1,-1,-1
38,426,411.23,615.54,100.57,90.49,0.7446,-1,-1,-1
38,427,123.12,546.00,163.63,317.51,0.7980,-1,-1,-1
38,428,972.77,730.19,50.15,89.66,0.5419,-1,-1,-1
38,430,1097.27,647.96,65.21,43.52,1.0000,-1,-1,-1
38,433,283.17,768.68,65.87,93.38,1.0000,-1,-1,-1
38,436,985.99,306.38,126.83,115.38,0.0398,-1,-1,-1
38,441,1563.55,661.62,107.60,78.36,1.0000,-1,-1,-1
38,443,677.21,1067.43,12.64,11.81,0.0136,-1,-1,-1
38,444,877.19,736.74,110.25,104.28,0.0192,-1,-1,-1
38,445,749.61,680.74,115.93,130.62,0.2148,-1,-1,-1
38,447,899.71,1.21,97.00,38.91,0.3787,-1,-1,-1
38,448,877.44,466.27,47.14,35.20,0.0162,-1,-1,-1
38,452,871.01,763.10,50.09,82.03,0.3757,-1,-1,-1
39,1,117.22,289.00,175.11,152.05,1.0000,-1,-1,-1
39,3,1003.06,306.29,70.77,62.82,1.0000,-1,-1,-1
39,4,-273.99,829.85,459.01,422.85,1.0000,-1,-1,-1
39,5,1125.57,592.17,104.84,98.77,0.6599,-1,-1,-1
39,6,357.77,415.03,110.07,89.86,0.0197,-1,-1,-1
39,9,147.31,800.35,186.07,144.44,1.0000,-1,-1,-1
39,12,-217.98,788.26,647.44,288.44,1.0000,-1,-1,-1
39,13,768.48,667.97,-27.16,-24.87,1.0000,-1,-1,-1
39,17,456.95,881.89,-204.69,-171.97,1.0000,-1,-1,-1
39,19,-88.16,783.96,139.12,118.24,1.0000,-1,-1,-1
39,27,1098.89,387.34,73.98,70.57,1.0000,-1,-1,-1
39,29,1564.51,-554.37,-373.88,-315.42,1.0000,-1,-1,-1
39,30,356.50,585.73,464.55,521.15,1.0000,-1,-1,-1
39,32,-82.04,444.58,182.55,142.06,1.0000,-1,-1,-1
39,34,703.15,701.53,-9.10,-8.37,1.0000,-1,-1,-1
39,43,1318.81,-12.47,165.99,143.91,1.0000,-1,-1,-1
39,62,805.36,819.06,104.50,99.41,1.0000,-1,-1,-1
39,66,743.26,630.15,143.80,152.60,1.0000,-1,-1,-1
39,70,616.45,643.58,92.25,86.55,1.0000,-1,-1,-1
39,77,604.35,693.29,375.02,265.29,1.0000,-1,-1,-1
39,84,971.00,667.57,51.66,66.97,1.0000,-1,-1,-1
39,96,23.25,566.08,381.09,276.37,1.0000,-1,-1,-1
39,111,801.97,628.18,159.45,124.46,1.0000,-1,-1,-1
39,116,-193.98,162.14,192.91,178.94,1.0000,-1,-1,-1
39,119,1513.10,641.37,121.86,97.47,0.3742,-1,-1,-1
39,123,999.60,795.52,96.48,101.31,1.0000,-1,-1,-1
39,126,1442.69,1273.17,-190.45,-219.46,1.0000,-1,-1,-1
39,127,1254.46,704.88,190.87,159.42,0.7760,-1,-1,-1
39,132,757.52,439.63,56.93,56.61,1.0000,-1,-1,-1
39,135,989.44,204.42,76.90,76.10,0.0409,-1,-1,-1
39,141,542.60,890.21,147.14,170.72,1.0000,-1,-1,-1
39,143,653.12,882.95,84.10,90.89,1.0000,-1,-1,-1
39,144,1058.96,362.20,66.70,70.60,1.0000,-1,-1,-1
39,150,870.86,697.31,58.63,72.68,1.0000,-1,-1,-1
39,151,507.58,908.20,281.98,219.21,1.0000,-1,-1,-1
39,152,1436.58,961.32,230.19,116.35,0.2886,-1,-1,-1
39,153,441.15,752.25,123.95,123.25,1.0000,-1,-1,-1
39,154,453.97,841.87,97.26,108.98,1.0000,-1,-1,-1
39,155,1128.71,482.96,451.78,428.85,1.0000,-1,-1,-1
39,156,1452.04,645.72,222.69,234.97,0.4873,-1,-1,-1
39,163,424.39,720.46,139.51,173.65,1.0000,-1,-1,-1
39,164,404.10,480.01,69.47,56.79,1.0000,-1,-1,-1
39,168,274.09,868.46,366.03,273.40,1.0000,-1,-1,-1
39,172,929.21,-3.07,-5.48,-3.16,1.0000,-1,-1,-1
39,173,-385.73,752.88,276.94,198.95,1.0000,-1,-1,-1
39,175,1025.74,429.44,76.95,81.89,1.0000,-1,-1,-1
39,177,1010.80,893.19,172.12,174.79,1.0000,-1,-1,-1
39,178,1082.54,938.16,-21.86,-16.69,1.0000,-1,-1,-1
39,179,701.71,884.75,43.90,47.69,1.0000,-1,-1,-1
39,181,-706.32,411.67,155.82,97.65,1.0000,-1,-1,-1
39,183,1200.31,30.92,84.25,89.31,0.8911,-1,-1,-1
39,186,-457.21,-500.09,-33.88,-40.16,1.0000,-1,-1,-1
39,194,117.20,639.12,101.40,88.03,1.0000,-1,-1,-1
39,197,410.50,743.58,38.91,33.61,1.0000,-1,-1,-1
39,199,988.41,925.20,199.21,160.20,1.0000,-1,-1,-1
39,201,257.00,399.42,141.72,112.86,0.1345,-1,-1,-1
39,203,177.59,344.15,158.02,186.86,1.0000,-1,-1,-1
39,204,1300.33,340.14,-40.47,-26.79,1.0000,-1,-1,-1
39,208,1513.66,101.71,89.56,75.09,1.0000,-1,-1,-1
39,209,797.80,652.84,90.66,90.08,1.0000,-1,-1,-1
39,210,-216.37,822.14,85.76,60.36,1.0000,-1,-1,-1
39,214,-470.94,776.86,190.72,165.06,1.0000,-1,-1,-1
39,216,484.03,692.68,162.07,143.49,1.0000,-1,-1,-1
39,219,42.54,627.74,-49.67,-53.92,1.0000,-1,-1,-1
39,226,1376.99,1444.30,-441.99,-468.48,1.0000,-1,-1,-1
39,232,66.83,358.46,136.29,119.01,0.6198,-1,-1,-1
39,233,1808.68,470.17,92.32,307.20,0.0266,-1,-1,-1
39,235,57.19,661.91,170.83,131.58,1.0000,-1,-1,-1
39,238,68.21,681.68,331.06,300.80,1.0000,-1,-1,-1
39,239,470.66,733.78,105.82,110.94,1.0000,-1,-1,-1
39,241,1494.93,479.56,683.75,578.07,1.0000,-1,-1,-1
39,243,1346.30,489.73,305.41,319.15,1.0000,-1,-1,-1
39,245,650.39,147.89,121.65,111.27,0.8959,-1,-1,-1
39,251,1507.17,411.75,141.79,137.79,0.8937,-1,-1,-1
39,254,255.37,64.41,259.57,140.51,1.0000,-1,-1,-1
39,259,1859.70,702.89,-21.95,-41.51,1.0000,-1,-1,-1
39,261,1126.12,668.42,127.74,149.06,0.0218,-1,-1,-1
39,263,917.97,26.22,142.94,104.37,1.0000,-1,-1,-1
39,264,583.35,871.80,8.66,8.07,1.0000,-1,-1,-1
39,270,472.77,813.60,364.38,261.05,0.0852,-1,-1,-1
39,271,934.65,0.00,122.12,42.78,1.0000,-1,-1,-1
39,275,886.39,302.25,66.51,70.70,1.0000,-1,-1,-1
39,276,693.29,575.37,63.23,71.53,1.0000,-1,-1,-1
39,277,725.46,813.24,-86.80,-103.77,1.0000,-1,-1,-1
39,278,912.03,740.53,58.50,89.50,1.0000,-1,-1,-1
39,285,454.80,1288.93,-183.86,-207.79,1.0000,-1,-1,-1
39,288,892.75,778.17,289.30,164.41,1.0000,-1,-1,-1
39,290,365.70,589.31,123.92,132.40,1.0000,-1,-1,-1
39,291,364.47,-26.24,-168.20,-102.97,1.0000,-1,-1,-1
39,294,902.43,2.98,155.81,84.08,1.0000,-1,-1,-1
39,295,1033.63,719.22,142.89,146.65,1.0000,-1,-1,-1
39,302,914.41,693.03,83.62,73.08,1.0000,-1,-1,-1
39,308,1370.46,-6.88,274.42,157.77,1.0000,-1,-1,-1
39,310,106.34,68.88,121.37,171.46,0.8204,-1,-1,-1
39,314,318.59,480.81,132.83,107.40,1.0000,-1,-1,-1
39,317,704.49,648.12,159.76,155.46,1.0000,-1,-1,-1
39,319,472.98,590.80,246.02,289.91,1.0000,-1,-1,-1
39,320,905.41,215.33,62.75,60.47,1.0000,-1,-1,-1
39,322,459.08,707.58,40.42,36.98,1.0000,-1,-1,-1
39,325,415.41,424.06,-647.19,-1295.05,1.0000,-1,-1,-1
39,329,158.73,680.88,50.92,87.78,1.0000,-1,-1,-1
39,330,-143.11,723.49,321.74,319.16,1.0000,-1,-1,-1
39,331,235.90,741.79,29.25,40.84,1.0000,-1,-1,-1
39,332,-34.41,-445.30,494.72,1809.02,1.0000,-1,-1,-1
39,337,263.24,470.11,82.03,78.52,1.0000,-1,-1,-1
39,339,827.56,240.54,52.70,52.65,1.0000,-1,-1,-1
39,340,1449.45,183.62,154.58,77.56,1.0000,-1,-1,-1
39,346,-34.61,-6.43,210.32,582.53,1.0000,-1,-1,-1
39,347,-388.09,282.44,1037.70,1084.76,1.0000,-1,-1,-1
39,348,767.00,260.47,73.82,67.16,0.7120,-1,-1,-1
39,349,865.94,672.71,124.25,146.74,1.0000,-1,-1,-1
39,350,1188.26,475.88,49.55,55.23,1.0000,-1,-1,-1
39,351,25.94,37.82,387.06,1419.58,1.0000,-1,-1,-1
39,353,1588.15,791.57,208.52,189.03,0.8557,-1,-1,-1
39,354,673.53,510.45,250.66,224.74,0.7897,-1,-1,-1
39,356,1023.23,751.03,0.69,1.03,1.0000,-1,-1,-1
39,360,1072.31,219.52,74.35,78.99,0.0144,-1,-1,-1
39,364,111.75,42.61,245.07,202.71,0.0975,-1,-1,-1
39,369,159.06,49.65,-138.46,-416.84,1.0000,-1,-1,-1
39,370,1471.04,70.74,45.17,19.46,1.0000,-1,-1,-1
39,372,1408.08,147.33,191.20,130.61,1.0000,-1,-1,-1
39,374,1110.00,681.57,44.35,78.92,0.0617,-1,-1,-1
39,377,1322.78,684.90,27.87,31.45,1.0000,-1,-1,-1
39,383,1034.34,1082.40,-1.24,-0.66,1.0000,-1,-1,-1
39,384,1636.42,646.10,248.67,135.54,1.0000,-1,-1,-1
39,386,685.70,1145.58,-333.21,-443.61,1.0000,-1,-1,-1
39,393,1430.28,219.72,180.27,104.77,1.0000,-1,-1,-1
39,399,1021.28,899.41,125.38,174.41,0.1056,-1,-1,-1
39,401,182.15,534.84,142.72,106.60,1.0000,-1,-1,-1
39,403,902.80,644.64,67.93,59.14,1.0000,-1,-1,-1
39,406,169.33,639.82,107.79,94.58,1.0000,-1,-1,-1
39,407,321.48,643.35,-14.68,-13.62,1.0000,-1,-1,-1
39,408,250.43,59.65,146.84,178.84,0.7238,-1,-1,-1
39,411,271.98,578.32,90.26,117.05,1.0000,-1,-1,-1
39,413,1163.14,439.09,89.15,80.04,1.0000,-1,-1,-1
39,416,660.81,726.27,88.79,71.50,1.0000,-1,-1,-1
39,417,1211.35,738.01,24.26,42.95,1.0000,-1,-1,-1
39,420,1181.17,742.04,44.20,76.09,1.0000,-1,-1,-1
39,421,1215.17,760.45,51.61,88.54,1.0000,-1,-1,-1
39,422,774.46,489.56,53.11,50.58,1.0000,-1,-1,-1
39,423,323.88,700.57,219.11,184.32,0.7469,-1,-1,-1
39,424,178.30,623.29,62.79,54.11,1.0000,-1,-1,-1
39,426,421.69,622.28,101.09,91.37,0.4392,-1,-1,-1
39,427,147.32,487.50,172.22,334.17,1.0000,-1,-1,-1
39,428,975.26,740.03,51.42,88.82,0.0873,-1,-1,-1
39,430,1092.27,655.53,62.38,41.63,1.0000,-1,-1,-1
39,433,286.77,770.65,64.35,91.23,1.0000,-1,-1,-1
39,436,999.23,313.61,115.34,104.20,0.0165,-1,-1,-1
39,441,1561.35,657.67,113.09,82.36,1.0000,-1,-1,-1
39,443,681.77,1074.56,7.94,7.41,1.0000,-1,-1,-1
39,444,862.95,745.49,111.16,105.14,1.0000,-1,-1,-1
39,445,752.25,696.14,115.70,130.35,1.0000,-1,-1,-1
39,447,893.94,0.81,116.43,46.92,0.7660,-1,-1,-1
39,448,878.71,465.27,48.51,36.22,1.0000,-1,-1,-1
39,452,877.01,760.64,45.41,74.36,1.0000,-1,-1,-1
39,472,1459.35,50.65,156.41,180.86,0.3192,-1,-1,-1
39,473,420.05,481.70,78.99,76.34,0.0274,-1,-1,-1
39,474,1173.27,456.41,75.45,87.12,0.7185,-1,-1,-1
39,475,1108.26,591.22,166.30,235.82,0.3535,-1,-1,-1
39,476,295.66,383.69,154.64,215.99,0.0545,-1,-1,-1
40,1,109.14,286.78,177.34,153.99,1.0000,-1,-1,-1
40,3,1002.61,310.48,68.57,60.86,1.0000,-1,-1,-1
40,4,-293.72,834.30,466.62,429.86,1.0000,-1,-1,-1
40,5,1129.42,596.62,105.70,98.30,0.6885,-1,-1,-1
40,6,380.64,429.64,94.36,77.18,0.6434,-1,-1,-1
40,9,137.76,811.18,187.24,145.35,1.0000,-1,-1,-1
40,12,-242.24,783.83,657.25,292.81,1.0000,-1,-1,-1
40,13,764.43,673.36,-30.17,-27.63,1.0000,-1,-1,-1
40,17,455.78,886.97,-219.50,-184.41,1.0000,-1,-1,-1
40,27,1093.29,385.55,74.04,70.63,1.0000,-1,-1,-1
40,29,1583.02,-576.25,-393.32,-331.81,1.0000,-1,-1,-1
40,30,325.10,580.44,482.61,541.42,1.0000,-1,-1,-1
40,34,701.38,715.12,-14.70,-13.52,1.0000,-1,-1,-1
40,43,1315.04,-15.00,165.73,143.68,1.0000,-1,-1,-1
40,62,799.01,820.79,104.20,99.12,1.0000,-1,-1,-1
40,66,732.44,625.51,145.24,154.12,1.0000,-1,-1,-1
40,70,607.62,646.63,91.29,85.64,1.0000,-1,-1,-1
40,77,594.72,698.31,381.62,269.96,1.0000,-1,-1,-1
40,84,963.15,664.16,50.82,65.88,1.0000,-1,-1,-1
40,96,11.97,564.33,389.59,282.54,1.0000,-1,-1,-1
40,111,795.40,634.07,161.15,125.78,1.0000,-1,-1,-1
40,119,1523.72,647.13,112.04,87.48,0.4091,-1,-1,-1
40,123,990.57,799.71,96.22,101.03,1.0000,-1,-1,-1
40,127,1264.69,709.74,189.32,159.76,0.7394,-1,-1,-1
40,135,994.07,206.59,76.08,76.05,0.3671,-1,-1,-1
40,141,530.00,895.49,149.22,173.13,1.0000,-1,-1,-1
40,143,647.11,887.11,82.94,89.64,1.0000,-1,-1,-1
40,144,1052.28,363.85,65.86,69.72,1.0000,-1,-1,-1
40,150,867.51,702.28,57.43,71.20,1.0000,-1,-1,-1
40,151,500.50,908.58,288.66,224.40,1.0000,-1,-1,-1
40,152,1447.52,962.79,228.04,114.76,0.2858,-1,-1,-1
40,153,439.84,754.77,125.21,124.51,1.0000,-1,-1,-1
40,154,446.39,848.39,97.48,109.23,1.0000,-1,-1,-1
40,155,1109.51,469.58,460.16,436.80,1.0000,-1,-1,-1
40,156,1465.84,645.14,221.06,237.30,0.4794,-1,-1,-1
40,163,420.75,727.36,140.73,175.17,1.0000,-1,-1,-1
40,164,405.96,481.46,67.35,55.05,1.0000,-1,-1,-1
40,168,270.25,874.66,374.58,279.80,1.0000,-1,-1,-1
40,172,933.23,-3.56,-13.64,-7.88,1.0000,-1,-1,-1
40,173,-407.43,761.17,281.24,202.03,1.0000,-1,-1,-1
40,175,1015.85,422.48,77.71,82.70,1.0000,-1,-1,-1
40,177,1004.98,890.92,174.03,176.72,1.0000,-1,-1,-1
40,178,1079.08,940.17,-25.90,-19.77,1.0000,-1,-1,-1
40,179,700.76,888.71,42.28,45.93,1.0000,-1,-1,-1
40,181,-740.35,394.37,151.80,95.13,1.0000,-1,-1,-1
40,183,1203.79,38.41,84.81,88.47,0.9136,-1,-1,-1
40,186,-473.75,-524.04,-47.11,-55.84,1.0000,-1,-1,-1
40,194,114.11,642.88,101.88,88.45,1.0000,-1,-1,-1
40,197,400.75,742.23,35.27,30.47,1.0000,-1,-1,-1
40,199,985.31,921.82,203.85,163.93,1.0000,-1,-1,-1
40,201,255.25,394.15,145.93,116.21,1.0000,-1,-1,-1
40,203,165.24,337.77,162.54,192.21,1.0000,-1,-1,-1
40,204,1303.29,335.55,-45.48,-30.11,1.0000,-1,-1,-1
40,208,1509.63,103.30,87.17,73.09,1.0000,-1,-1,-1
40,209,791.07,659.62,91.04,90.46,1.0000,-1,-1,-1
40,210,-227.48,833.25,79.04,55.62,1.0000,-1,-1,-1
40,214,-492.84,784.12,192.75,166.82,1.0000,-1,-1,-1
40,216,498.37,695.48,154.77,137.03,1.0000,-1,-1,-1
40,219,18.24,625.66,-56.64,-61.49,1.0000,-1,-1,-1
40,226,1400.52,1473.21,-466.29,-494.25,1.0000,-1,-1,-1
40,232,89.61,363.46,118.26,98.70,0.0767,-1,-1,-1
40,233,1806.42,476.43,91.95,305.96,1.0000,-1,-1,-1
40,235,43.17,668.33,175.12,134.88,1.0000,-1,-1,-1
40,238,51.28,687.48,342.95,311.60,1.0000,-1,-1,-1
40,239,471.36,740.46,104.65,109.72,1.0000,-1,-1,-1
40,241,1479.87,455.04,711.48,601.52,1.0000,-1,-1,-1
40,243,1476.64,638.36,339.50,356.84,0.0490,-1,-1,-1
40,245,657.48,147.36,123.50,113.19,0.8717,-1,-1,-1
40,251,1521.49,402.32,149.73,145.67,0.0172,-1,-1,-1
40,254,246.92,64.92,262.52,142.11,1.0000,-1,-1,-1
40,259,1859.36,707.95,-25.39,-48.02,1.0000,-1,-1,-1
40,261,1125.38,662.88,129.34,150.93,1.0000,-1,-1,-1
40,263,914.04,27.33,146.63,107.07,1.0000,-1,-1,-1
40,264,572.11,877.38,6.32,5.88,1.0000,-1,-1,-1
40,270,494.80,835.48,342.85,240.95,0.2827,-1,-1,-1
40,271,931.78,0.00,125.28,43.89,1.0000,-1,-1,-1
40,275,884.30,302.37,67.21,71.46,1.0000,-1,-1,-1
40,276,699.54,565.65,61.67,69.76,1.0000,-1,-1,-1
40,277,730.24,826.45,-96.19,-115.00,1.0000,-1,-1,-1
40,278,907.22,738.90,58.02,88.77,1.0000,-1,-1,-1
40,285,459.83,1305.82,-198.54,-224.37,1.0000,-1,-1,-1
40,288,876.14,771.04,299.28,170.09,1.0000,-1,-1,-1
40,290,352.90,582.47,126.97,135.66,1.0000,-1,-1,-1
40,291,372.93,-29.22,-194.75,-119.22,1.0000,-1,-1,-1
40,294,897.70,3.14,162.41,87.64,1.0000,-1,-1,-1
40,295,1027.51,719.51,147.43,151.31,1.0000,-1,-1,-1
40,302,914.75,688.59,79.36,69.36,1.0000,-1,-1,-1
40,308,1370.20,-8.89,275.75,158.54,1.0000,-1,-1,-1
40,310,121.69,79.92,125.52,168.08,0.6611,-1,-1,-1
40,314,316.87,474.08,132.48,107.12,1.0000,-1,-1,-1
40,317,705.10,661.17,162.06,157.69,1.0000,-1,-1,-1
40,319,488.47,577.79,254.33,299.70,1.0000,-1,-1,-1
40,320,906.25,210.26,62.91,60.62,1.0000,-1,-1,-1
40,322,456.29,704.79,37.86,34.63,1.0000,-1,-1,-1
40,325,444.84,422.18,-709.29,-1419.32,1.0000,-1,-1,-1
40,329,155.52,679.50,50.92,87.77,1.0000,-1,-1,-1
40,330,-152.33,711.53,332.07,329.39,1.0000,-1,-1,-1
40,331,236.98,748.72,28.00,39.10,1.0000,-1,-1,-1
40,332,-37.56,-496.94,519.64,1900.15,1.0000,-1,-1,-1
40,337,245.35,455.43,81.30,77.82,1.0000,-1,-1,-1
40,339,828.58,236.53,53.06,53.01,1.0000,-1,-1,-1
40,340,1448.32,184.55,149.08,74.81,1.0000,-1,-1,-1
40,346,-37.16,-16.26,216.16,598.70,1.0000,-1,-1,-1
40,347,-422.66,248.47,1106.36,1156.53,1.0000,-1,-1,-1
40,348,771.07,263.51,74.61,67.91,0.7648,-1,-1,-1
40,349,863.56,667.12,126.54,149.43,1.0000,-1,-1,-1
40,350,1192.17,475.20,47.69,53.15,1.0000,-1,-1,-1
40,351,28.37,32.59,401.37,1472.06,1.0000,-1,-1,-1
40,353,1602.47,809.69,207.75,187.86,0.7861,-1,-1,-1
40,354,712.05,497.94,249.00,227.66,0.6785,-1,-1,-1
40,356,1029.74,755.59,-3.07,-4.54,1.0000,-1,-1,-1
40,360,1076.81,224.40,73.84,77.29,0.0155,-1,-1,-1
40,364,120.78,32.77,263.51,213.40,0.1156,-1,-1,-1
40,369,165.60,23.96,-159.07,-478.89,1.0000,-1,-1,-1
40,370,1476.30,63.76,36.18,15.59,1.0000,-1,-1,-1
40,372,1403.94,144.08,195.70,133.67,1.0000,-1,-1,-1
40,374,1116.32,679.04,42.92,76.37,1.0000,-1,-1,-1
40,377,1326.09,681.78,25.62,28.91,1.0000,-1,-1,-1
40,383,1034.72,1086.59,-8.59,-4.55,1.0000,-1,-1,-1
40,384,1656.67,642.55,263.80,143.79,1.0000,-1,-1,-1
40,386,755.79,1247.53,-397.38,-529.04,1.0000,-1,-1,-1
40,393,1429.51,227.01,176.83,102.77,1.0000,-1,-1,-1
40,399,1027.51,894.99,127.77,176.37,0.5229,-1,-1,-1
40,401,186.78,542.79,139.16,103.93,1.0000,-1,-1,-1
40,403,906.04,649.75,65.06,56.65,1.0000,-1,-1,-1
40,406,171.12,636.34,108.27,95.01,1.0000,-1,-1,-1
40,407,332.09,647.03,-27.93,-25.91,1.0000,-1,-1,-1
40,408,261.47,42.90,159.59,195.51,0.1666,-1,-1,-1
40,411,275.62,564.26,91.29,118.39,1.0000,-1,-1,-1
40,413,1166.18,444.79,90.64,81.38,1.0000,-1,-1,-1
40,416,660.80,734.24,89.99,72.47,1.0000,-1,-1,-1
40,417,1218.16,741.34,21.17,37.47,1.0000,-1,-1,-1
40,420,1182.75,742.69,43.70,75.22,1.0000,-1,-1,-1
40,421,1222.40,762.58,54.44,93.39,1.0000,-1,-1,-1
40,422,782.08,487.30,46.64,44.42,1.0000,-1,-1,-1
40,423,335.84,704.99,217.23,182.81,0.6557,-1,-1,-1
40,424,188.81,618.31,49.53,42.68,1.0000,-1,-1,-1
40,426,431.39,630.14,98.33,89.39,0.8097,-1,-1,-1
40,427,171.53,428.99,180.80,350.83,1.0000,-1,-1,-1
40,428,980.08,746.43,55.05,92.61,0.4189,-1,-1,-1
40,430,1087.26,663.11,59.54,39.74,1.0000,-1,-1,-1
40,433,290.37,772.62,62.84,89.08,1.0000,-1,-1,-1
40,436,1019.40,313.80,114.65,103.50,0.0242,-1,-1,-1
40,441,1559.15,653.72,118.58,86.36,1.0000,-1,-1,-1
40,443,686.33,1081.68,3.23,3.01,1.0000,-1,-1,-1
40,444,848.70,754.23,112.08,106.01,1.0000,-1,-1,-1
40,445,754.90,711.53,115.46,130.09,1.0000,-1,-1,-1
40,447,887.43,0.79,138.68,56.60,0.8241,-1,-1,-1
40,448,879.99,464.26,49.88,37.25,1.0000,-1,-1,-1
40,452,883.01,758.18,40.73,66.70,1.0000,-1,-1,-1
40,472,1468.62,70.30,151.59,173.92,0.0230,-1,-1,-1
40,473,427.68,490.24,80.10,78.04,0.0161,-1,-1,-1
40,474,1182.82,462.93,70.27,80.98,0.2210,-1,-1,-1
40,475,1113.76,594.53,157.44,222.82,0.1845,-1,-1,-1
40,476,353.99,425.23,123.35,172.86,0.1698,-1,-1,-1
40,477,461.93,255.67,220.26,111.96,0.1090,-1,-1,-1
40,480,56.26,383.95,302.38,392.12,0.6853,-1,-1,-1
40,483,377.30,0.00,179.19,110.90,0.6349,-1,-1,-1
41,1,101.06,284.55,179.58,155.93,1.0000,-1,-1,-1
41,3,1002.16,314.66,66.36,58.90,1.0000,-1,-1,-1
41,4,-313.46,838.75,474.23,436.87,1.0000,-1,-1,-1
41,5,1133.49,600.78,103.84,94.81,0.7964,-1,-1,-1
41,6,392.11,430.30,91.21,75.42,0.7203,-1,-1,-1
41,9,128.22,822.01,188.42,146.26,1.0000,-1,-1,-1
41,12,-266.50,779.41,667.06,297.18,1.0000,-1,-1,-1
41,13,760.38,678.76,-33.18,-30.39,1.0000,-1,-1,-1
41,17,454.61,892.05,-234.32,-196.86,1.0000,-1,-1,-1
41,27,1087.69,383.77,74.10,70.68,1.0000,-1,-1,-1
41,29,1601.53,-598.14,-412.75,-348.21,1.0000,-1,-1,-1
41,30,293.70,575.14,500.67,561.69,1.0000,-1,-1,-1
41,34,699.62,728.71,-20.29,-18.66,1.0000,-1,-1,-1
41,43,1311.27,-17.54,165.47,143.46,1.0000,-1,-1,-1
41,62,792.66,822.53,103.89,98.83,1.0000,-1,-1,-1
41,66,721.61,620.87,146.67,155.65,1.0000,-1,-1,-1
41,70,598.79,649.67,90.32,84.73,1.0000,-1,-1,-1
41,84,955.30,660.75,49.98,64.79,1.0000,-1,-1,-1
41,96,0.68,562.57,398.10,288.71,1.0000,-1,-1,-1
41,111,788.82,639.96,162.85,127.11,1.0000,-1,-1,-1
41,119,1532.43,651.19,98.87,74.01,0.4699,-1,-1,-1
41,123,981.53,803.90,95.96,100.76,1.0000,-1,-1,-1
41,127,1277.30,712.63,184.66,157.09,0.7802,-1,-1,-1
41,135,998.05,207.28,76.27,77.35,0.1938,-1,-1,-1
41,141,517.40,900.76,151.29,175.54,1.0000,-1,-1,-1
41,143,641.10,891.28,81.79,88.39,1.0000,-1,-1,-1
41,150,864.15,707.26,56.24,69.72,1.0000,-1,-1,-1
41,151,493.41,908.96,295.33,229.59,1.0000,-1,-1,-1
41,152,1457.82,963.39,228.29,114.33,0.3697,-1,-1,-1
41,153,438.52,757.30,126.47,125.76,1.0000,-1,-1,-1
41,154,438.80,854.92,97.71,109.47,1.0000,-1,-1,-1
41,155,1090.32,456.21,468.54,444.75,1.0000,-1,-1,-1
41,156,1486.59,649.50,207.44,226.31,0.2545,-1,-1,-1
41,163,417.10,734.27,141.95,176.68,1.0000,-1,-1,-1
41,164,407.81,482.91,65.23,53.32,1.0000,-1,-1,-1
41,168,266.40,880.86,383.14,286.19,1.0000,-1,-1,-1
41,172,937.25,-4.05,-21.81,-12.60,1.0000,-1,-1,-1
41,173,-429.13,769.46,285.54,205.12,1.0000,-1,-1,-1
41,175,1005.97,415.53,78.46,83.50,1.0000,-1,-1,-1
41,177,999.15,888.65,175.93,178.66,1.0000,-1,-1,-1
41,178,1075.62,942.18,-29.94,-22.86,1.0000,-1,-1,-1
41,179,699.81,892.67,40.67,44.18,1.0000,-1,-1,-1
41,181,-774.37,377.07,147.77,92.61,1.0000,-1,-1,-1
41,183,1208.32,43.91,84.76,86.82,0.9094,-1,-1,-1
41,186,-490.29,-548.00,-60.34,-71.51,1.0000,-1,-1,-1
41,194,111.02,646.64,102.36,88.86,1.0000,-1,-1,-1
41,197,390.99,740.88,31.64,27.33,1.0000,-1,-1,-1
41,199,982.21,918.45,208.49,167.66,1.0000,-1,-1,-1
41,201,253.50,388.88,150.13,119.56,1.0000,-1,-1,-1
41,203,152.88,331.39,167.07,197.56,1.0000,-1,-1,-1
41,204,1306.25,330.95,-50.49,-33.43,1.0000,-1,-1,-1
41,208,1505.60,104.88,84.79,71.09,1.0000,-1,-1,-1
41,209,784.34,666.40,91.41,90.83,1.0000,-1,-1,-1
41,210,-238.58,844.35,72.31,50.89,1.0000,-1,-1,-1
41,214,-514.74,791.38,194.78,168.57,1.0000,-1,-1,-1
41,216,512.71,698.28,147.48,130.57,1.0000,-1,-1,-1
41,219,-6.07,623.58,-63.62,-69.06,1.0000,-1,-1,-1
41,226,1424.05,1502.11,-490.60,-520.01,1.0000,-1,-1,-1
41,232,100.14,364.52,112.14,93.59,1.0000,-1,-1,-1
41,233,1804.16,482.70,91.58,304.73,1.0000,-1,-1,-1
41,235,29.14,674.74,179.41,138.19,1.0000,-1,-1,-1
41,238,34.36,693.28,354.84,322.40,1.0000,-1,-1,-1
41,239,472.05,747.14,103.48,108.49,1.0000,-1,-1,-1
41,241,1464.81,430.53,739.22,624.97,1.0000,-1,-1,-1
41,243,1474.44,632.01,346.66,364.37,1.0000,-1,-1,-1
41,245,664.49,147.61,123.50,113.85,0.8750,-1,-1,-1
41,251,1543.40,403.38,144.00,137.89,0.8534,-1,-1,-1
41,254,238.48,65.43,265.46,143.71,1.0000,-1,-1,-1
41,259,1859.03,713.01,-28.83,-54.53,1.0000,-1,-1,-1
41,261,1124.64,657.34,130.94,152.80,1.0000,-1,-1,-1
41,263,910.12,28.44,150.33,109.77,1.0000,-1,-1,-1
41,264,560.87,882.96,3.97,3.70,1.0000,-1,-1,-1
41,270,516.58,858.36,319.62,219.31,0.4046,-1,-1,-1
41,271,928.90,0.00,128.45,45.00,1.0000,-1,-1,-1
41,275,882.21,302.49,67.92,72.21,1.0000,-1,-1,-1
41,276,705.80,555.94,60.10,67.99,1.0000,-1,-1,-1
41,277,735.03,839.66,-105.58,-126.22,1.0000,-1,-1,-1
41,278,902.40,737.27,57.54,88.03,1.0000,-1,-1,-1
41,285,464.86,1322.72,-213.21,-240.96,1.0000,-1,-1,-1
41,288,859.54,763.90,309.26,175.76,1.0000,-1,-1,-1
41,290,340.11,575.63,130.03,138.93,1.0000,-1,-1,-1
41,291,381.40,-32.19,-221.29,-135.48,1.0000,-1,-1,-1
41,294,892.98,3.31,169.00,91.20,1.0000,-1,-1,-1
41,295,1021.40,719.80,151.96,155.96,1.0000,-1,-1,-1
41,302,915.08,684.14,75.11,65.64,1.0000,-1,-1,-1
41,308,1369.94,-10.89,277.09,159.31,1.0000,-1,-1,-1
41,310,137.49,90.48,128.07,164.07,0.8423,-1,-1,-1
41,314,315.15,467.34,132.13,106.84,1.0000,-1,-1,-1
41,317,705.71,674.23,164.36,159.93,1.0000,-1,-1,-1
41,319,503.95,564.78,262.64,309.50,1.0000,-1,-1,-1
41,320,907.09,205.19,63.07,60.77,1.0000,-1,-1,-1
41,322,453.50,702.01,35.30,32.29,1.0000,-1,-1,-1
41,325,474.28,420.30,-771.39,-1543.59,1.0000,-1,-1,-1
41,329,152.31,678.12,50.91,87.76,1.0000,-1,-1,-1
41,330,-161.55,699.57,342.39,339.63,1.0000,-1,-1,-1
41,331,238.05,755.65,26.75,37.35,1.0000,-1,-1,-1
41,332,-40.71,-548.59,544.56,1991.27,1.0000,-1,-1,-1
41,337,227.46,440.74,80.57,77.13,1.0000,-1,-1,-1
41,339,829.60,232.52,53.42,53.36,1.0000,-1,-1,-1
41,340,1447.19,185.49,143.59,72.05,1.0000,-1,-1,-1
41,346,-39.72,-26.10,221.99,614.87,1.0000,-1,-1,-1
41,347,-457.23,214.51,1175.02,1228.31,1.0000,-1,-1,-1
41,348,775.58,266.30,73.01,66.12,0.7928,-1,-1,-1
41,349,861.18,661.54,128.82,152.13,1.0000,-1,-1,-1
41,350,1196.09,474.52,45.82,51.07,1.0000,-1,-1,-1
41,351,30.79,27.37,415.68,1524.54,1.0000,-1,-1,-1
41,353,1613.96,821.65,211.95,191.06,0.7468,-1,-1,-1
41,354,755.60,499.83,230.12,213.81,0.6029,-1,-1,-1
41,356,1036.25,760.16,-6.83,-10.10,1.0000,-1,-1,-1
41,360,1078.10,222.31,77.00,80.60,1.0000,-1,-1,-1
41,364,131.22,16.34,287.58,230.88,0.0151,-1,-1,-1
41,369,172.14,-1.74,-179.68,-540.93,1.0000,-1,-1,-1
41,370,1481.55,56.79,27.18,11.71,1.0000,-1,-1,-1
41,372,1399.80,140.83,200.19,136.74,1.0000,-1,-1,-1
41,374,1122.63,676.50,41.49,73.82,1.0000,-1,-1,-1
41,377,1329.40,678.66,23.38,26.37,1.0000,-1,-1,-1
41,383,1035.11,1090.78,-15.95,-8.44,1.0000,-1,-1,-1
41,384,1676.91,639.00,278.92,152.03,1.0000,-1,-1,-1
41,386,825.89,1349.48,-461.55,-614.47,1.0000,-1,-1,-1
41,393,1428.75,234.29,173.38,100.77,1.0000,-1,-1,-1
41,399,1035.11,896.73,125.98,171.53,0.7496,-1,-1,-1
41,401,191.42,550.74,135.60,101.27,1.0000,-1,-1,-1
41,403,909.28,654.86,62.19,54.15,1.0000,-1,-1,-1
41,406,172.92,632.86,108.76,95.43,1.0000,-1,-1,-1
41,407,342.70,650.72,-41.18,-38.20,1.0000,-1,-1,-1
41,408,321.62,18.95,136.43,153.53,0.0380,-1,-1,-1
41,411,279.26,550.19,92.32,119.73,1.0000,-1,-1,-1
41,413,1169.22,450.48,92.13,82.71,1.0000,-1,-1,-1
41,416,660.79,742.21,91.19,73.43,1.0000,-1,-1,-1
41,417,1224.98,744.68,18.07,31.99,1.0000,-1,-1,-1
41,420,1184.34,743.33,43.20,74.36,1.0000,-1,-1,-1
41,421,1229.64,764.71,57.27,98.25,1.0000,-1,-1,-1
41,422,789.70,485.04,40.16,38.25,1.0000,-1,-1,-1
41,423,353.07,711.58,208.23,175.78,0.7350,-1,-1,-1
41,424,199.32,613.34,36.27,31.25,1.0000,-1,-1,-1
41,426,442.68,636.42,95.94,87.68,0.8053,-1,-1,-1
41,427,195.73,370.48,189.39,367.49,1.0000,-1,-1,-1
41,428,979.21,765.57,57.40,95.19,0.0479,-1,-1,-1
41,430,1082.26,670.68,56.71,37.85,1.0000,-1,-1,-1
41,433,293.97,774.60,61.32,86.93,1.0000,-1,-1,-1
41,436,1046.37,308.58,113.32,102.75,0.4865,-1,-1,-1
41,441,1556.95,649.76,124.08,90.36,1.0000,-1,-1,-1
41,443,690.89,1088.81,-1.48,-1.38,1.0000,-1,-1,-1
41,444,834.45,762.98,112.99,106.88,1.0000,-1,-1,-1
41,445,757.55,726.92,115.23,129.83,1.0000,-1,-1,-1
41,447,883.07,0.81,154.39,64.10,0.8320,-1,-1,-1
41,448,881.26,463.25,51.25,38.27,1.0000,-1,-1,-1
41,452,889.01,755.72,36.05,59.03,1.0000,-1,-1,-1
41,472,1479.99,83.44,150.75,171.97,0.2572,-1,-1,-1
41,473,417.69,494.80,97.12,95.21,0.0148,-1,-1,-1
41,474,1182.69,466.70,71.51,81.96,0.7127,-1,-1,-1
41,475,1117.66,599.16,154.11,217.24,0.0137,-1,-1,-1
41,476,380.74,435.99,115.97,163.44,0.3223,-1,-1,-1
41,477,465.75,216.28,234.31,121.05,0.3814,-1,-1,-1
41,480,56.27,375.87,296.65,378.99,0.4993,-1,-1,-1
41,483,378.99,2.88,198.06,124.14,0.2499,-1,-1,-1
41,489,702.71,636.15,75.30,70.55,0.5692,-1,-1,-1
41,490,1083.74,632.82,86.14,109.84,0.0162,-1,-1,-1
41,491,274.17,131.41,125.68,116.24,0.7490,-1,-1,-1
41,495,280.40,32.00,154.29,119.62,0.6964,-1,-1,-1
42,1,92.98,282.33,181.81,157.87,1.0000,-1,-1,-1
42,3,1001.71,318.85,64.16,56.94,1.0000,-1,-1,-1
42,4,-333.19,843.21,481.84,443.87,1.0000,-1,-1,-1
42,5,1137.10,601.39,105.26,94.93,0.7595,-1,-1,-1
42,6,403.09,428.07,88.87,74.29,0.6257,-1,-1,-1
42,9,118.68,832.84,189.60,147.18,1.0000,-1,-1,-1
42,12,-290.76,774.98,676.86,301.54,1.0000,-1,-1,-1
42,13,756.32,684.15,-36.19,-33.15,1.0000,-1,-1,-1
42,17,453.44,897.13,-249.13,-209.30,1.0000,-1,-1,-1
42,27,1082.09,381.98,74.16,70.74,1.0000,-1,-1,-1
42,29,1620.04,-620.02,-432.19,-364.60,1.0000,-1,-1,-1
42,30,262.30,569.85,518.73,581.95,1.0000,-1,-1,-1
42,34,697.85,742.31,-25.89,-23.81,1.0000,-1,-1,-1
42,43,1307.50,-20.07,165.21,143.23,1.0000,-1,-1,-1
42,62,786.30,824.27,103.59,98.54,1.0000,-1,-1,-1
42,70,589.97,652.72,89.35,83.83,1.0000,-1,-1,-1
42,84,947.46,657.33,49.13,63.70,1.0000,-1,-1,-1
42,96,-10.60,560.81,406.60,294.87,1.0000,-1,-1,-1
42,111,782.24,645.85,164.56,128.44,1.0000,-1,-1,-1
42,119,1543.58,657.22,93.00,67.01,0.4042,-1,-1,-1
42,123,972.50,808.09,95.69,100.48,1.0000,-1,-1,-1
42,127,1289.97,715.42,181.67,155.46,0.7996,-1,-1,-1
42,135,1005.34,207.67,73.89,75.59,0.2596,-1,-1,-1
42,141,504.80,906.04,153.37,177.95,1.0000,-1,-1,-1
42,143,635.08,895.44,80.63,87.14,1.0000,-1,-1,-1
42,151,486.33,909.33,302.01,234.78,1.0000,-1,-1,-1
42,152,1467.61,960.15,233.56,116.82,0.2145,-1,-1,-1
42,153,437.21,759.82,127.73,127.01,1.0000,-1,-1,-1
42,154,431.22,861.45,97.93,109.72,1.0000,-1,-1,-1
42,155,1071.12,442.83,476.91,452.71,1.0000,-1,-1,-1
42,156,1513.76,655.22,194.09,210.79,0.2190,-1,-1,-1
42,163,413.45,741.17,143.17,178.20,1.0000,-1,-1,-1
42,164,409.67,484.36,63.11,51.59,1.0000,-1,-1,-1
42,168,262.55,887.05,391.70,292.58,1.0000,-1,-1,-1
42,172,941.26,-4.54,-29.98,-17.32,1.0000,-1,-1,-1
42,173,-450.83,777.75,289.84,208.21,1.0000,-1,-1,-1
42,175,996.08,408.58,79.22,84.31,1.0000,-1,-1,-1
42,177,993.33,886.39,177.84,180.59,1.0000,-1,-1,-1
42,178,1072.17,944.19,-33.99,-25.95,1.0000,-1,-1,-1
42,179,698.87,896.63,39.05,42.42,1.0000,-1,-1,-1
42,181,-808.39,359.77,143.75,90.09,1.0000,-1,-1,-1
42,183,1213.09,47.28,85.81,86.27,0.8847,-1,-1,-1
42,186,-506.83,-571.95,-73.57,-87.19,1.0000,-1,-1,-1
42,194,107.94,650.40,102.84,89.28,1.0000,-1,-1,-1
42,197,381.23,739.53,28.01,24.20,1.0000,-1,-1,-1
42,199,979.10,915.07,213.13,171.39,1.0000,-1,-1,-1
42,201,251.74,383.61,154.34,122.91,1.0000,-1,-1,-1
42,203,140.53,325.01,171.59,202.92,1.0000,-1,-1,-1
42,204,1309.21,326.35,-55.51,-36.75,1.0000,-1,-1,-1
42,208,1501.57,106.47,82.40,69.09,1.0000,-1,-1,-1
42,209,777.62,673.17,91.79,91.21,1.0000,-1,-1,-1
42,210,-249.68,855.45,65.58,46.16,1.0000,-1,-1,-1
42,214,-536.64,798.64,196.80,170.33,1.0000,-1,-1,-1
42,216,527.05,701.08,140.18,124.11,1.0000,-1,-1,-1
42,219,-30.37,621.50,-70.59,-76.63,1.0000,-1,-1,-1
42,226,1447.58,1531.01,-514.91,-545.78,1.0000,-1,-1,-1
42,232,110.66,365.58,106.02,88.47,1.0000,-1,-1,-1
42,233,1801.89,488.96,91.21,303.49,1.0000,-1,-1,-1
42,235,15.12,681.16,183.70,141.49,1.0000,-1,-1,-1
42,238,17.43,699.08,366.73,333.20,1.0000,-1,-1,-1
42,239,472.75,753.82,102.31,107.26,1.0000,-1,-1,-1
42,241,1449.75,406.01,766.95,648.42,1.0000,-1,-1,-1
42,243,1472.25,625.67,353.82,371.90,1.0000,-1,-1,-1
42,245,670.37,146.55,124.32,115.72,0.7798,-1,-1,-1
42,251,1568.45,400.81,140.89,132.65,0.9013,-1,-1,-1
42,254,230.03,65.94,268.41,145.30,1.0000,-1,-1,-1
42,259,1858.70,718.07,-32.27,-61.04,1.0000,-1,-1,-1
42,261,1123.90,651.80,132.54,154.67,1.0000,-1,-1,-1
42,263,906.19,29.55,154.03,112.47,1.0000,-1,-1,-1
42,264,549.64,888.54,1.62,1.51,1.0000,-1,-1,-1
42,270,540.76,881.77,293.79,195.21,0.4558,-1,-1,-1
42,271,926.03,0.00,131.61,46.11,1.0000,-1,-1,-1
42,275,880.12,302.61,68.63,72.96,1.0000,-1,-1,-1
42,276,712.05,546.22,58.54,66.22,1.0000,-1,-1,-1
42,277,739.81,852.87,-114.97,-137.45,1.0000,-1,-1,-1
42,278,897.58,735.64,57.06,87.30,1.0000,-1,-1,-1
42,285,469.90,1339.62,-227.89,-257.55,1.0000,-1,-1,-1
42,288,842.93,756.77,319.24,181.43,1.0000,-1,-1,-1
42,290,327.31,568.79,133.09,142.20,1.0000,-1,-1,-1
42,291,389.86,-35.16,-247.84,-151.73,1.0000,-1,-1,-1
42,294,888.26,3.47,175.60,94.76,1.0000,-1,-1,-1
42,295,1015.28,720.09,156.50,160.62,1.0000,-1,-1,-1
42,302,915.42,679.70,70.85,61.92,1.0000,-1,-1,-1
42,308,1369.68,-12.90,278.43,160.08,1.0000,-1,-1,-1
42,310,154.63,100.43,130.66,161.53,0.8740,-1,-1,-1
42,314,313.44,460.61,131.78,106.56,1.0000,-1,-1,-1
42,317,706.32,687.29,166.66,162.17,1.0000,-1,-1,-1
42,319,519.43,551.77,270.95,319.29,1.0000,-1,-1,-1
42,320,907.92,200.11,63.23,60.93,1.0000,-1,-1,-1
42,322,450.71,699.22,32.74,29.95,1.0000,-1,-1,-1
42,325,503.72,418.42,-833.49,-1667.86,1.0000,-1,-1,-1
42,329,149.10,676.73,50.90,87.75,1.0000,-1,-1,-1
42,330,-170.77,687.61,352.71,349.87,1.0000,-1,-1,-1
42,331,239.13,762.58,25.50,35.61,1.0000,-1,-1,-1
42,332,-43.86,-600.23,569.48,2082.40,1.0000,-1,-1,-1
42,337,209.56,426.06,79.84,76.43,1.0000,-1,-1,-1
42,339,830.61,228.51,53.77,53.72,1.0000,-1,-1,-1
42,340,1446.06,186.43,138.10,69.30,1.0000,-1,-1,-1
42,346,-42.28,-35.93,227.83,631.03,1.0000,-1,-1,-1
42,347,-491.80,180.54,1243.69,1300.08,1.0000,-1,-1,-1
42,348,777.89,266.97,72.35,65.97,0.8047,-1,-1,-1
42,349,858.80,655.95,131.10,154.82,1.0000,-1,-1,-1
42,350,1200.00,473.85,43.96,48.99,1.0000,-1,-1,-1
42,351,33.21,22.14,429.99,1577.03,1.0000,-1,-1,-1
42,353,1631.19,831.21,217.26,194.86,0.7387,-1,-1,-1
42,354,795.56,497.64,218.24,206.39,0.4094,-1,-1,-1
42,356,1042.76,764.73,-10.60,-15.66,1.0000,-1,-1,-1
42,360,1088.50,222.36,74.58,77.93,0.0326,-1,-1,-1
42,364,135.14,-10.29,302.81,243.11,1.0000,-1,-1,-1
42,369,178.68,-27.43,-200.29,-602.98,1.0000,-1,-1,-1
42,370,1486.80,49.81,18.19,7.84,1.0000,-1,-1,-1
42,372,1395.65,137.57,204.68,139.81,1.0000,-1,-1,-1
42,374,1128.94,673.97,40.05,71.28,1.0000,-1,-1,-1
42,377,1332.71,675.53,21.13,23.84,1.0000,-1,-1,-1
42,383,1035.50,1094.97,-23.30,-12.33,1.0000,-1,-1,-1
42,384,1697.16,635.45,294.04,160.27,1.0000,-1,-1,-1
42,386,895.98,1451.43,-525.72,-699.90,1.0000,-1,-1,-1
42,393,1427.98,241.58,169.94,98.77,1.0000,-1,-1,-1
42,399,1040.08,891.17,126.98,170.49,0.5585,-1,-1,-1
42,401,196.05,558.69,132.03,98.61,1.0000,-1,-1,-1
42,403,912.52,659.96,59.32,51.65,1.0000,-1,-1,-1
42,406,174.72,629.38,109.24,95.86,1.0000,-1,-1,-1
42,407,353.31,654.40,-54.42,-50.49,1.0000,-1,-1,-1
42,408,343.17,-4.30,132.37,148.96,1.0000,-1,-1,-1
42,411,282.90,536.12,93.36,121.07,1.0000,-1,-1,-1
42,413,1172.27,456.18,93.62,84.05,1.0000,-1,-1,-1
42,416,660.78,750.18,92.39,74.40,1.0000,-1,-1,-1
42,417,1231.79,748.01,14.97,26.51,1.0000,-1,-1,-1
42,420,1185.92,743.98,42.70,73.50,1.0000,-1,-1,-1
42,421,1236.87,766.84,60.09,103.10,1.0000,-1,-1,-1
42,422,797.32,482.78,33.69,32.08,1.0000,-1,-1,-1
42,423,355.95,663.00,246.33,212.76,0.3794,-1,-1,-1
42,424,209.82,608.37,23.01,19.82,1.0000,-1,-1,-1
42,426,460.55,641.27,82.16,73.53,0.2411,-1,-1,-1
42,427,219.94,311.97,197.97,384.15,1.0000,-1,-1,-1
42,428,983.21,774.42,57.21,94.87,1.0000,-1,-1,-1
42,430,1077.25,678.25,53.87,35.95,1.0000,-1,-1,-1
42,433,297.57,776.57,59.80,84.78,1.0000,-1,-1,-1
42,436,1067.05,301.32,112.76,102.46,0.0484,-1,-1,-1
42,441,1554.75,645.81,129.57,94.36,1.0000,-1,-1,-1
42,443,695.45,1095.94,-6.19,-5.78,1.0000,-1,-1,-1
42,444,820.21,771.73,113.91,107.74,1.0000,-1,-1,-1
42,445,760.20,742.32,115.00,129.56,1.0000,-1,-1,-1
42,447,880.41,0.64,166.02,70.38,0.8750,-1,-1,-1
42,448,882.53,462.24,52.61,39.29,1.0000,-1,-1,-1
42,452,895.01,753.26,31.37,51.37,1.0000,-1,-1,-1
42,472,1530.10,91.08,99.39,109.46,0.0200,-1,-1,-1
42,473,421.98,497.62,96.87,94.92,0.0144,-1,-1,-1
42,474,1186.80,471.49,63.47,72.32,0.1303,-1,-1,-1
42,475,1124.13,601.17,110.43,151.66,0.0773,-1,-1,-1
42,476,387.82,432.74,114.83,162.81,0.4348,-1,-1,-1
42,477,490.19,186.43,231.25,122.13,0.3968,-1,-1,-1
42,480,52.01,348.54,307.24,386.46,0.6413,-1,-1,-1
42,483,340.19,4.07,211.18,131.27,0.0370,-1,-1,-1
42,489,708.31,633.93,77.28,72.82,0.5147,-1,-1,-1
42,490,1094.74,621.84,85.79,109.41,0.1396,-1,-1,-1
42,491,291.99,130.82,119.95,111.00,0.8223,-1,-1,-1
42,495,293.90,12.40,156.58,121.99,0.6506,-1,-1,-1
42,497,1439.98,159.51,260.27,218.60,0.8769,-1,-1,-1
42,498,870.64,266.09,46.82,50.88,0.0109,-1,-1,-1
42,505,970.81,755.58,104.89,83.13,0.5419,-1,-1,-1
42,509,986.83,348.25,121.29,86.07,0.7479,-1,-1,-1
42,511,397.34,491.32,86.01,103.70,0.1983,-1,-1,-1
42,512,867.39,770.83,157.46,127.05,0.0189,-1,-1,-1
42,514,1721.47,1013.88,172.46,63.12,0.0154,-1,-1,-1
43,1,84.90,280.11,184.05,159.81,1.0000,-1,-1,-1
43,3,1001.25,323.04,61.95,54.99,1.0000,-1,-1,-1
43,4,-352.92,847.66,489.44,450.88,1.0000,-1,-1,-1
43,5,1140.56,602.57,110.67,99.61,0.5366,-1,-1,-1
43,6,412.39,424.54,92.01,78.09,0.7802,-1,-1,-1
43,9,109.13,843.68,190.78,148.09,1.0000,-1,-1,-1
43,12,-315.02,770.55,686.67,305.91,1.0000,-1,-1,-1
43,13,752.27,689.54,-39.20,-35.91,1.0000,-1,-1,-1
43,17,452.27,902.21,-263.94,-221.74,1.0000,-1,-1,-1
43,27,1076.50,380.19,74.21,70.79,1.0000,-1,-1,-1
43,29,1638.55,-641.91,-451.62,-381.00,1.0000,-1,-1,-1
43,30,230.90,564.56,536.79,602.22,1.0000,-1,-1,-1
43,34,696.08,755.90,-31.48,-28.95,1.0000,-1,-1,-1
43,43,1303.73,-22.60,164.95,143.01,1.0000,-1,-1,-1
43,62,779.95,826.01,103.28,98.25,1.0000,-1,-1,-1
43,70,581.14,655.77,88.39,82.92,1.0000,-1,-1,-1
43,84,939.61,653.92,48.29,62.61,1.0000,-1,-1,-1
43,96,-21.89,559.05,415.10,301.04,1.0000,-1,-1,-1
43,119,1547.06,662.16,103.54,73.87,0.4625,-1,-1,-1
43,123,963.46,812.28,95.43,100.20,1.0000,-1,-1,-1
43,127,1299.43,719.13,188.52,162.94,0.7774,-1,-1,-1
43,135,1014.67,206.58,73.70,76.46,0.4330,-1,-1,-1
43,141,492.19,911.31,155.44,180.35,1.0000,-1,-1,-1
43,143,629.07,899.61,79.47,85.89,1.0000,-1,-1,-1
43,151,479.24,909.71,308.68,239.96,1.0000,-1,-1,-1
43,152,1481.91,961.80,232.07,115.42,0.1953,-1,-1,-1
43,153,435.89,762.35,128.99,128.27,1.0000,-1,-1,-1
43,154,423.63,867.97,98.15,109.97,1.0000,-1,-1,-1
43,155,1051.93,429.46,485.29,460.66,1.0000,-1,-1,-1
43,156,1544.60,668.09,177.07,189.78,0.4128,-1,-1,-1
43,163,409.81,748.08,144.39,179.72,1.0000,-1,-1,-1
43,164,411.53,485.82,60.99,49.85,1.0000,-1,-1,-1
43,168,258.71,893.25,400.25,298.97,1.0000,-1,-1,-1
43,172,945.28,-5.03,-38.15,-22.04,1.0000,-1,-1,-1
43,173,-472.52,786.04,294.14,211.30,1.0000,-1,-1,-1
43,175,986.19,401.63,79.98,85.11,1.0000,-1,-1,-1
43,177,987.50,884.12,179.74,182.53,1.0000,-1,-1,-1
43,178,1068.71,946.20,-38.03,-29.04,1.0000,-1,-1,-1
43,179,697.92,900.59,37.44,40.67,1.0000,-1,-1,-1
43,181,-842.42,342.47,139.73,87.57,1.0000,-1,-1,-1
43,183,1216.29,49.77,88.74,88.01,0.8549,-1,-1,-1
43,186,-523.37,-595.90,-86.80,-102.87,1.0000,-1,-1,-1
43,194,104.85,654.16,103.32,89.70,1.0000,-1,-1,-1
43,197,371.48,738.19,24.38,21.06,1.0000,-1,-1,-1
43,199,976.00,911.69,217.77,175.12,1.0000,-1,-1,-1
43,201,249.99,378.34,158.54,126.26,1.0000,-1,-1,-1
43,203,128.18,318.63,176.12,208.27,1.0000,-1,-1,-1
43,204,1312.18,321.76,-60.52,-40.06,1.0000,-1,-1,-1
43,208,1497.55,108.06,80.02,67.09,1.0000,-1,-1,-1
43,209,770.89,679.95,92.17,91.58,1.0000,-1,-1,-1
43,210,-260.78,866.56,58.86,41.42,1.0000,-1,-1,-1
43,214,-558.54,805.89,198.83,172.08,1.0000,-1,-1,-1
43,216,541.39,703.88,132.88,117.65,1.0000,-1,-1,-1
43,219,-54.67,619.43,-77.57,-84.20,1.0000,-1,-1,-1
43,226,1471.10,1559.91,-539.22,-571.54,1.0000,-1,-1,-1
43,232,121.19,366.64,99.89,83.36,1.0000,-1,-1,-1
43,233,1799.63,495.22,90.84,302.25,1.0000,-1,-1,-1
43,235,1.09,687.58,187.99,144.80,1.0000,-1,-1,-1
43,238,0.50,704.88,378.62,344.01,1.0000,-1,-1,-1
43,239,473.45,760.50,101.14,106.03,1.0000,-1,-1,-1
43,241,1434.69,381.49,794.69,671.87,1.0000,-1,-1,-1
43,243,1470.05,619.32,360.98,379.43,1.0000,-1,-1,-1
43,245,677.57,146.04,124.21,117.12,0.8152,-1,-1,-1
43,251,1592.50,396.87,141.50,130.92,0.9002,-1,-1,-1
43,254,221.58,66.45,271.36,146.90,1.0000,-1,-1,-1
43,259,1858.37,723.13,-35.71,-67.55,1.0000,-1,-1,-1
43,261,1123.16,646.26,134.15,156.54,1.0000,-1,-1,-1
43,263,902.26,30.66,157.73,115.17,1.0000,-1,-1,-1
43,264,538.40,894.11,-0.73,-0.68,1.0000,-1,-1,-1
43,270,562.51,895.52,283.93,182.74,0.6290,-1,-1,-1
43,271,923.15,0.00,134.78,47.22,1.0000,-1,-1,-1
43,275,878.03,302.73,69.34,73.71,1.0000,-1,-1,-1
43,276,718.31,536.50,56.97,64.45,1.0000,-1,-1,-1
43,277,744.60,866.08,-124.36,-148.68,1.0000,-1,-1,-1
43,278,892.77,734.01,56.58,86.56,1.0000,-1,-1,-1
43,285,474.93,1356.52,-242.57,-274.14,1.0000,-1,-1,-1
43,288,826.33,749.64,329.22,187.10,1.0000,-1,-1,-1
43,290,314.52,561.95,136.15,145.46,1.0000,-1,-1,-1
43,291,398.33,-38.14,-274.38,-167.98,1.0000,-1,-1,-1
43,294,883.53,3.63,182.19,98.32,1.0000,-1,-1,-1
43,295,1009.16,720.38,161.04,165.28,1.0000,-1,-1,-1
43,302,915.76,675.26,66.60,58.20,1.0000,-1,-1,-1
43,308,1369.42,-14.90,279.77,160.85,1.0000,-1,-1,-1
43,310,166.78,113.30,133.85,159.35,0.3266,-1,-1,-1
43,314,311.72,453.87,131.44,106.27,1.0000,-1,-1,-1
43,317,706.94,700.35,168.96,164.41,1.0000,-1,-1,-1
43,319,534.92,538.76,279.26,329.09,1.0000,-1,-1,-1
43,320,908.76,195.04,63.39,61.08,1.0000,-1,-1,-1
43,322,447.91,696.44,30.18,27.60,1.0000,-1,-1,-1
43,325,533.16,416.53,-895.60,-1792.13,1.0000,-1,-1,-1
43,329,145.89,675.35,50.90,87.74,1.0000,-1,-1,-1
43,330,-179.99,675.64,363.04,360.11,1.0000,-1,-1,-1
43,331,240.21,769.51,24.25,33.86,1.0000,-1,-1,-1
43,332,-47.01,-651.88,594.40,2173.53,1.0000,-1,-1,-1
43,337,191.67,411.37,79.11,75.73,1.0000,-1,-1,-1
43,339,831.63,224.50,54.13,54.07,1.0000,-1,-1,-1
43,340,1444.93,187.36,132.61,66.54,1.0000,-1,-1,-1
43,346,-44.83,-45.76,233.67,647.20,1.0000,-1,-1,-1
43,347,-526.37,146.58,1312.35,1371.86,1.0000,-1,-1,-1
43,348,784.34,267.13,73.05,66.40,0.7891,-1,-1,-1
43,349,856.42,650.36,133.38,157.52,1.0000,-1,-1,-1
43,350,1203.92,473.17,42.09,46.92,1.0000,-1,-1,-1
43,351,35.63,16.92,444.30,1629.51,1.0000,-1,-1,-1
43,353,1657.54,840.79,217.99,193.61,0.6169,-1,-1,-1
43,354,836.10,497.72,203.19,194.50,0.6895,-1,-1,-1
43,356,1049.28,769.29,-14.36,-21.22,1.0000,-1,-1,-1
43,360,1095.08,220.96,75.54,79.10,0.0262,-1,-1,-1
43,364,139.06,-36.92,318.03,255.33,1.0000,-1,-1,-1
43,369,185.22,-53.12,-220.90,-665.02,1.0000,-1,-1,-1
43,370,1492.06,42.83,9.19,3.96,1.0000,-1,-1,-1
43,372,1391.51,134.32,209.17,142.88,1.0000,-1,-1,-1
43,374,1135.26,671.44,38.62,68.73,1.0000,-1,-1,-1
43,377,1336.02,672.41,18.88,21.30,1.0000,-1,-1,-1
43,383,1035.88,1099.16,-30.66,-16.22,1.0000,-1,-1,-1
43,384,1717.41,631.90,309.17,168.51,1.0000,-1,-1,-1
43,386,966.07,1553.37,-589.89,-785.33,1.0000,-1,-1,-1
43,393,1427.21,248.87,166.49,96.76,1.0000,-1,-1,-1
43,399,1045.67,885.85,130.78,173.50,0.4503,-1,-1,-1
43,401,200.69,566.64,128.47,95.95,1.0000,-1,-1,-1
43,403,915.76,665.07,56.45,49.15,1.0000,-1,-1,-1
43,406,176.51,625.90,109.73,96.28,1.0000,-1,-1,-1
43,407,363.92,658.08,-67.67,-62.79,1.0000,-1,-1,-1
43,408,364.72,-27.56,128.31,144.40,1.0000,-1,-1,-1
43,411,286.54,522.05,94.39,122.40,1.0000,-1,-1,-1
43,413,1175.31,461.88,95.11,85.39,1.0000,-1,-1,-1
43,416,660.77,758.15,93.59,75.37,1.0000,-1,-1,-1
43,417,1238.60,751.34,11.88,21.02,1.0000,-1,-1,-1
43,420,1187.50,744.62,42.20,72.64,1.0000,-1,-1,-1
43,421,1244.10,768.97,62.92,107.95,1.0000,-1,-1,-1
43,422,804.94,480.52,27.21,25.92,1.0000,-1,-1,-1
43,423,418.03,642.78,205.81,176.58,0.6980,-1,-1,-1
43,424,220.33,603.39,9.74,8.40,1.0000,-1,-1,-1
43,426,469.17,646.02,80.17,71.74,1.0000,-1,-1,-1
43,427,244.14,253.46,206.56,400.81,1.0000,-1,-1,-1
43,428,987.22,783.28,57.01,94.55,1.0000,-1,-1,-1
43,430,1072.25,685.83,51.03,34.06,1.0000,-1,-1,-1
43,433,301.17,778.55,58.29,82.63,1.0000,-1,-1,-1
43,436,1084.65,298.98,109.57,99.78,0.3964,-1,-1,-1
43,441,1552.55,641.86,135.06,98.36,1.0000,-1,-1,-1
43,443,700.01,1103.07,-10.90,-10.18,1.0000,-1,-1,-1
43,444,805.96,780.47,114.83,108.61,1.0000,-1,-1,-1
43,445,762.84,757.71,114.76,129.30,1.0000,-1,-1,-1
43,447,875.94,0.28,177.53,76.80,0.8901,-1,-1,-1
43,448,883.80,461.23,53.98,40.31,1.0000,-1,-1,-1
43,452,901.01,750.80,26.69,43.71,1.0000,-1,-1,-1
43,472,1514.04,99.21,145.01,159.24,0.0119,-1,-1,-1
43,473,414.56,499.43,100.83,98.88,0.3394,-1,-1,-1
43,474,1190.84,476.01,60.51,68.95,1.0000,-1,-1,-1
43,475,1136.57,600.23,119.91,163.66,0.0119,-1,-1,-1
43,476,402.15,441.48,108.57,153.93,1.0000,-1,-1,-1
43,477,510.73,155.71,231.20,125.41,0.4240,-1,-1,-1
43,480,50.11,321.81,325.07,402.05,0.7013,-1,-1,-1
43,483,376.33,22.50,204.30,129.26,0.0148,-1,-1,-1
43,489,720.13,625.59,85.15,80.50,0.4575,-1,-1,-1
43,490,1106.89,617.47,68.36,88.01,0.0114,-1,-1,-1
43,491,308.81,130.88,116.91,108.22,0.8210,-1,-1,-1
43,495,320.86,0.77,154.53,119.80,0.8100,-1,-1,-1
43,497,1397.50,96.99,244.32,206.16,0.6455,-1,-1,-1
43,498,877.83,264.10,45.27,49.22,0.0581,-1,-1,-1
43,505,984.44,758.98,103.88,83.25,0.2834,-1,-1,-1
43,509,992.73,356.20,119.03,85.11,0.9083,-1,-1,-1
43,511,400.90,490.53,85.41,102.98,1.0000,-1,-1,-1
43,512,858.34,763.07,172.52,140.62,0.0104,-1,-1,-1
43,514,1733.82,1019.04,158.21,57.90,1.0000,-1,-1,-1
43,522,748.52,503.38,109.40,132.85,0.1542,-1,-1,-1
43,525,183.27,85.76,171.12,291.84,0.0187,-1,-1,-1
43,527,424.35,292.03,141.89,122.81,0.4853,-1,-1,-1
43,529,-81.34,2.79,438.89,236.72,0.6290,-1,-1,-1
44,1,76.81,277.89,186.28,161.75,1.0000,-1,-1,-1
44,3,1000.80,327.22,59.75,53.03,1.0000,-1,-1,-1
44,4,-372.66,852.11,497.05,457.89,1.0000,-1,-1,-1
44,5,1142.96,604.95,113.85,102.47,0.8341,-1,-1,-1
44,6,419.68,422.11,94.70,81.86,0.7100,-1,-1,-1
44,9,99.59,854.51,191.95,149.00,1.0000,-1,-1,-1
44,12,-339.28,766.13,696.48,310.28,1.0000,-1,-1,-1
44,13,748.22,694.93,-42.21,-38.67,1.0000,-1,-1,-1
44,17,451.11,907.29,-278.75,-234.19,1.0000,-1,-1,-1
44,27,1070.90,378.41,74.27,70.85,1.0000,-1,-1,-1
44,29,1657.06,-663.80,-471.06,-397.39,1.0000,-1,-1,-1
44,30,199.50,559.27,554.85,622.48,1.0000,-1,-1,-1
44,34,694.32,769.49,-37.07,-34.10,1.0000,-1,-1,-1
44,43,1299.96,-25.14,164.69,142.78,1.0000,-1,-1,-1
44,62,773.60,827.75,102.98,97.96,1.0000,-1,-1,-1
44,70,572.32,658.82,87.42,82.01,1.0000,-1,-1,-1
44,84,931.76,650.51,47.45,61.51,1.0000,-1,-1,-1
44,96,-33.17,557.29,423.60,307.20,1.0000,-1,-1,-1
44,119,1545.72,667.65,109.92,79.42,0.7239,-1,-1,-1
44,123,954.43,816.47,95.16,99.93,1.0000,-1,-1,-1
44,127,1315.40,724.58,187.32,163.36,0.7086,-1,-1,-1
44,135,1024.11,207.47,70.73,73.40,0.3450,-1,-1,-1
44,141,479.59,916.58,157.52,182.76,1.0000,-1,-1,-1
44,143,623.06,903.77,78.31,84.63,1.0000,-1,-1,-1
44,151,472.16,910.09,315.36,245.15,1.0000,-1,-1,-1
44,152,1496.07,964.49,228.31,112.48,0.1653,-1,-1,-1
44,154,416.05,874.50,98.37,110.21,1.0000,-1,-1,-1
44,155,1032.73,416.08,493.67,468.61,1.0000,-1,-1,-1
44,156,1563.74,672.40,173.61,182.02,0.2998,-1,-1,-1
44,164,413.38,487.27,58.86,48.12,1.0000,-1,-1,-1
44,168,254.86,899.45,408.81,305.36,1.0000,-1,-1,-1
44,172,949.30,-5.51,-46.32,-26.76,1.0000,-1,-1,-1
44,173,-494.22,794.33,298.43,214.38,1.0000,-1,-1,-1
44,175,976.31,394.68,80.73,85.92,1.0000,-1,-1,-1
44,177,981.68,881.85,181.65,184.46,1.0000,-1,-1,-1
44,181,-876.44,325.18,135.71,85.05,1.0000,-1,-1,-1
44,183,1219.41,53.83,90.59,88.78,0.8806,-1,-1,-1
44,186,-539.91,-619.86,-100.02,-118.55,1.0000,-1,-1,-1
44,194,101.76,657.92,103.80,90.11,1.0000,-1,-1,-1
44,197,361.72,736.84,20.75,17.92,1.0000,-1,-1,-1
44,199,972.90,908.32,222.41,178.85,1.0000,-1,-1,-1
44,201,248.24,373.06,162.75,129.61,1.0000,-1,-1,-1
44,203,115.82,312.25,180.64,213.62,1.0000,-1,-1,-1
44,204,1315.14,317.16,-65.54,-43.38,1.0000,-1,-1,-1
44,208,1493.52,109.64,77.63,65.09,1.0000,-1,-1,-1
44,209,764.17,686.73,92.54,91.96,1.0000,-1,-1,-1
44,210,-271.88,877.66,52.13,36.69,1.0000,-1,-1,-1
44,214,-580.44,813.15,200.86,173.84,1.0000,-1,-1,-1
44,216,555.72,706.68,125.59,111.19,1.0000,-1,-1,-1
44,219,-78.97,617.35,-84.54,-91.77,1.0000,-1,-1,-1
44,226,1494.63,1588.81,-563.53,-597.31,1.0000,-1,-1,-1
44,232,131.71,367.69,93.77,78.25,1.0000,-1,-1,-1
44,233,1797.37,501.48,90.47,301.02,1.0000,-1,-1,-1
44,235,-12.94,693.99,192.28,148.10,1.0000,-1,-1,-1
44,238,-16.42,710.68,390.51,354.81,1.0000,-1,-1,-1
44,239,474.14,767.18,99.96,104.81,1.0000,-1,-1,-1
44,241,1419.63,356.98,822.42,695.32,1.0000,-1,-1,-1
44,243,1467.85,612.97,368.15,386.95,1.0000,-1,-1,-1
44,245,685.75,147.72,127.27,122.10,0.6847,-1,-1,-1
44,251,1613.91,395.29,141.15,128.01,0.9083,-1,-1,-1
44,254,213.14,66.95,274.31,148.49,1.0000,-1,-1,-1
44,259,1858.03,728.19,-39.16,-74.06,1.0000,-1,-1,-1
44,261,1122.42,640.72,135.75,158.41,1.0000,-1,-1,-1
44,263,898.34,31.77,161.43,117.87,1.0000,-1,-1,-1
44,264,527.17,899.69,-3.08,-2.86,1.0000,-1,-1,-1
44,270,583.89,915.91,265.78,163.72,0.5504,-1,-1,-1
44,271,920.28,0.00,137.94,48.33,1.0000,-1,-1,-1
44,275,875.94,302.84,70.04,74.46,1.0000,-1,-1,-1
44,276,724.56,526.78,55.41,62.68,1.0000,-1,-1,-1
44,277,749.39,879.29,-133.75,-159.91,1.0000,-1,-1,-1
44,278,887.95,732.39,56.10,85.83,1.0000,-1,-1,-1
44,285,479.96,1373.42,-257.24,-290.72,1.0000,-1,-1,-1
44,288,809.72,742.51,339.19,192.77,1.0000,-1,-1,-1
44,290,301.72,555.11,139.20,148.73,1.0000,-1,-1,-1
44,291,406.80,-41.11,-300.93,-184.23,1.0000,-1,-1,-1
44,294,878.81,3.80,188.79,101.88,1.0000,-1,-1,-1
44,295,1003.04,720.67,165.57,169.93,1.0000,-1,-1,-1
44,302,916.09,670.82,62.34,54.48,1.0000,-1,-1,-1
44,308,1369.16,-16.91,281.11,161.62,1.0000,-1,-1,-1
44,310,186.82,124.33,137.23,160.06,0.5624,-1,-1,-1
44,314,310.01,447.14,131.09,105.99,1.0000,-1,-1,-1
44,317,707.55,713.41,171.26,166.64,1.0000,-1,-1,-1
44,319,550.40,525.75,287.57,338.88,1.0000,-1,-1,-1
44,320,909.60,189.97,63.55,61.24,1.0000,-1,-1,-1
44,322,445.12,693.65,27.61,25.26,1.0000,-1,-1,-1
44,325,562.60,414.65,-957.70,-1916.40,1.0000,-1,-1,-1
44,329,142.68,673.97,50.89,87.72,1.0000,-1,-1,-1
44,330,-189.21,663.68,373.36,370.35,1.0000,-1,-1,-1
44,331,241.28,776.44,23.00,32.11,1.0000,-1,-1,-1
44,332,-50.16,-703.53,619.33,2264.66,1.0000,-1,-1,-1
44,337,173.78,396.69,78.38,75.03,1.0000,-1,-1,-1
44,339,832.65,220.50,54.48,54.43,1.0000,-1,-1,-1
44,340,1443.80,188.30,127.11,63.78,1.0000,-1,-1,-1
44,346,-47.39,-55.59,239.51,663.37,1.0000,-1,-1,-1
44,347,-560.94,112.61,1381.01,1443.63,1.0000,-1,-1,-1
44,348,791.61,271.84,68.09,61.57,0.6657,-1,-1,-1
44,349,854.04,644.77,135.66,160.21,1.0000,-1,-1,-1
44,350,1207.83,472.50,40.23,44.84,1.0000,-1,-1,-1
44,351,38.06,11.69,458.61,1681.99,1.0000,-1,-1,-1
44,353,1681.85,848.98,221.67,195.46,0.7732,-1,-1,-1
44,354,869.17,500.77,197.18,191.36,0.7072,-1,-1,-1
44,356,1055.79,773.86,-18.13,-26.78,1.0000,-1,-1,-1
44,360,1101.66,222.36,74.24,77.98,0.0298,-1,-1,-1
44,364,142.98,-63.56,333.26,267.56,1.0000,-1,-1,-1
44,369,191.76,-78.81,-241.51,-727.07,1.0000,-1,-1,-1
44,370,1497.31,35.85,0.20,0.08,1.0000,-1,-1,-1
44,372,1387.37,131.06,213.66,145.94,1.0000,-1,-1,-1
44,374,1141.57,668.90,37.19,66.18,1.0000,-1,-1,-1
44,377,1339.33,669.29,16.63,18.76,1.0000,-1,-1,-1
44,383,1036.27,1103.35,-38.01,-20.11,1.0000,-1,-1,-1
44,384,1737.66,628.35,324.29,176.76,1.0000,-1,-1,-1
44,386,1036.16,1655.32,-654.06,-870.76,1.0000,-1,-1,-1
44,393,1426.45,256.16,163.04,94.76,1.0000,-1,-1,-1
44,399,1050.91,878.11,134.44,177.68,0.5971,-1,-1,-1
44,401,205.33,574.59,124.91,93.29,1.0000,-1,-1,-1
44,403,919.00,670.18,53.57,46.65,1.0000,-1,-1,-1
44,406,178.31,622.42,110.21,96.71,1.0000,-1,-1,-1
44,407,374.53,661.76,-80.92,-75.08,1.0000,-1,-1,-1
44,408,386.27,-50.82,124.26,139.83,1.0000,-1,-1,-1
44,411,290.18,507.98,95.42,123.74,1.0000,-1,-1,-1
44,413,1178.35,467.58,96.60,86.72,1.0000,-1,-1,-1
44,416,660.77,766.12,94.79,76.33,1.0000,-1,-1,-1
44,417,1245.42,754.68,8.78,15.54,1.0000,-1,-1,-1
44,420,1189.09,745.27,41.70,71.78,1.0000,-1,-1,-1
44,421,1251.34,771.11,65.75,112.81,1.0000,-1,-1,-1
44,422,812.56,478.26,20.74,19.75,1.0000,-1,-1,-1
44,423,485.06,612.99,175.00,148.36,0.8707,-1,-1,-1
44,424,230.84,598.42,-3.52,-3.03,1.0000,-1,-1,-1
44,426,477.80,650.77,78.17,69.96,1.0000,-1,-1,-1
44,427,268.35,194.95,215.14,417.47,1.0000,-1,-1,-1
44,428,991.22,792.13,56.82,94.23,1.0000,-1,-1,-1
44,430,1067.24,693.40,48.20,32.17,1.0000,-1,-1,-1
44,433,304.77,780.52,56.77,80.48,1.0000,-1,-1,-1
44,436,1100.26,297.52,106.13,97.30,0.2615,-1,-1,-1
44,441,1550.35,637.90,140.55,102.36,1.0000,-1,-1,-1
44,443,704.58,1110.20,-15.61,-14.58,1.0000,-1,-1,-1
44,444,791.71,789.22,115.74,109.48,1.0000,-1,-1,-1
44,445,765.49,773.11,114.53,129.04,1.0000,-1,-1,-1
44,447,874.67,0.13,189.98,84.74,0.8620,-1,-1,-1
44,448,885.07,460.22,55.35,41.33,1.0000,-1,-1,-1
44,452,907.01,748.34,22.01,36.04,1.0000,-1,-1,-1
44,472,1517.29,108.62,158.42,173.41,0.4561,-1,-1,-1
44,473,414.86,496.42,104.75,104.47,0.3400,-1,-1,-1
44,474,1194.88,480.54,57.56,65.59,1.0000,-1,-1,-1
44,475,1143.53,601.01,111.84,152.65,1.0000,-1,-1,-1
44,476,410.32,430.45,116.61,168.86,0.0516,-1,-1,-1
44,477,558.15,138.73,231.40,126.30,0.0119,-1,-1,-1
44,480,53.89,306.76,342.30,414.74,0.5419,-1,-1,-1
44,483,406.63,47.98,185.99,119.75,0.0213,-1,-1,-1
44,489,736.19,636.26,76.58,71.85,0.0176,-1,-1,-1
44,490,1108.79,603.37,66.59,85.74,1.0000,-1,-1,-1
44,491,322.97,134.10,116.36,107.94,0.7605,-1,-1,-1
44,495,336.98,-2.22,142.10,109.76,0.6556,-1,-1,-1
44,497,1353.79,30.65,226.90,193.28,0.8701,-1,-1,-1
44,498,882.38,263.28,45.83,49.83,1.0000,-1,-1,-1
44,505,992.01,761.23,105.43,84.50,1.0000,-1,-1,-1
44,509,996.31,366.53,115.95,83.68,0.8876,-1,-1,-1
44,511,404.46,489.73,84.81,102.25,1.0000,-1,-1,-1
44,512,865.33,766.50,130.97,107.72,0.0119,-1,-1,-1
44,514,1746.17,1024.20,143.96,52.69,1.0000,-1,-1,-1
44,522,717.71,488.65,163.94,201.30,0.0405,-1,-1,-1
44,525,262.41,111.70,66.04,112.63,1.0000,-1,-1,-1
44,527,400.80,286.04,142.42,122.95,0.7490,-1,-1,-1
44,529,-124.45,2.95,537.51,295.44,0.7552,-1,-1,-1
44,532,699.73,593.52,175.23,108.08,0.0168,-1,-1,-1
44,535,865.35,667.75,149.50,122.23,0.2109,-1,-1,-1
44,536,467.87,510.70,59.27,82.32,0.0357,-1,-1,-1
44,540,1194.02,483.15,90.97,85.98,0.2938,-1,-1,-1
45,1,68.73,275.66,188.52,163.69,1.0000,-1,-1,-1
45,3,1000.35,331.41,57.54,51.07,1.0000,-1,-1,-1
45,5,1146.59,606.66,115.57,104.51,0.5554,-1,-1,-1
45,6,427.11,420.70,96.35,84.99,0.0555,-1,-1,-1
45,9,90.04,865.34,193.13,149.92,1.0000,-1,-1,-1
45,12,-363.54,761.70,706.28,314.65,1.0000,-1,-1,-1
45,13,744.16,700.33,-45.23,-41.42,1.0000,-1,-1,-1
45,17,449.94,912.37,-293.56,-246.63,1.0000,-1,-1,-1
45,27,1065.30,376.62,74.33,70.91,1.0000,-1,-1,-1
45,30,168.10,553.97,572.92,642.75,1.0000,-1,-1,-1
45,34,692.55,783.09,-42.67,-39.25,1.0000,-1,-1,-1
45,43,1296.19,-27.67,164.44,142.56,1.0000,-1,-1,-1
45,62,767.25,829.49,102.67,97.67,1.0000,-1,-1,-1
45,70,563.49,661.86,86.45,81.11,1.0000,-1,-1,-1
45,84,923.92,647.10,46.61,60.42,1.0000,-1,-1,-1
45,119,1548.34,671.99,114.83,84.33,0.8212,-1,-1,-1
45,123,945.39,820.66,94.90,99.65,1.0000,-1,-1,-1
45,127,1328.72,730.33,190.70,168.30,0.4995,-1,-1,-1
45,135,1028.19,208.22,72.61,76.01,0.3971,-1,-1,-1
45,141,466.99,921.86,159.59,185.17,1.0000,-1,-1,-1
45,143,617.05,907.94,77.15,83.38,1.0000,-1,-1,-1
45,152,1509.99,967.99,223.77,108.66,0.2440,-1,-1,-1
45,154,408.46,881.03,98.59,110.46,1.0000,-1,-1,-1
45,155,1013.54,402.70,502.05,476.57,1.0000,-1,-1,-1
45,156,1592.15,681.55,167.30,172.54,0.1672,-1,-1,-1
45,164,415.24,488.72,56.74,46.39,1.0000,-1,-1,-1
45,172,953.31,-6.00,-54.49,-31.48,1.0000,-1,-1,-1
45,173,-515.92,802.62,302.73,217.47,1.0000,-1,-1,-1
45,175,966.42,387.72,81.49,86.72,1.0000,-1,-1,-1
45,177,975.85,879.58,183.55,186.40,1.0000,-1,-1,-1
45,181,-910.46,307.88,131.68,82.53,1.0000,-1,-1,-1
45,183,1221.98,59.40,90.31,87.57,0.9201,-1,-1,-1
45,186,-556.44,-643.81,-113.25,-134.23,1.0000,-1,-1,-1
45,194,98.67,661.67,104.28,90.53,1.0000,-1,-1,-1
45,197,351.97,735.49,17.11,14.78,1.0000,-1,-1,-1
45,199,969.79,904.94,227.05,182.58,1.0000,-1,-1,-1
45,201,246.49,367.79,166.96,132.96,1.0000,-1,-1,-1
45,203,103.47,305.87,185.17,218.97,1.0000,-1,-1,-1
45,204,1318.10,312.56,-70.55,-46.70,1.0000,-1,-1,-1
45,208,1489.49,111.23,75.25,63.09,1.0000,-1,-1,-1
45,209,757.44,693.51,92.92,92.33,1.0000,-1,-1,-1
45,210,-282.98,888.76,45.41,31.96,1.0000,-1,-1,-1
45,214,-602.34,820.41,202.89,175.59,1.0000,-1,-1,-1
45,216,570.06,709.48,118.29,104.73,1.0000,-1,-1,-1
45,219,-103.27,615.27,-91.51,-99.34,1.0000,-1,-1,-1
45,226,1518.16,1617.71,-587.83,-623.07,1.0000,-1,-1,-1
45,232,142.23,368.75,87.65,73.14,1.0000,-1,-1,-1
45,233,1795.11,507.75,90.09,299.78,1.0000,-1,-1,-1
45,235,-26.96,700.41,196.57,151.40,1.0000,-1,-1,-1
45,238,-33.35,716.48,402.40,365.61,1.0000,-1,-1,-1
45,239,474.84,773.86,98.79,103.58,1.0000,-1,-1,-1
45,241,1404.57,332.46,850.16,718.77,1.0000,-1,-1,-1
45,243,1465.66,606.63,375.31,394.48,1.0000,-1,-1,-1
45,245,690.02,152.34,127.07,123.31,0.6885,-1,-1,-1
45,251,1634.15,393.24,144.47,128.45,0.8856,-1,-1,-1
45,254,204.69,67.46,277.26,150.09,1.0000,-1,-1,-1
45,259,1857.70,733.26,-42.60,-80.57,1.0000,-1,-1,-1
45,261,1121.68,635.18,137.35,160.28,1.0000,-1,-1,-1
45,263,894.41,32.87,165.13,120.57,1.0000,-1,-1,-1
45,264,515.93,905.27,-5.42,-5.05,1.0000,-1,-1,-1
45,270,600.53,926.98,257.78,152.03,0.3969,-1,-1,-1
45,271,917.40,0.00,141.11,49.43,1.0000,-1,-1,-1
45,275,873.85,302.96,70.75,75.22,1.0000,-1,-1,-1
45,276,730.82,517.06,53.84,60.91,1.0000,-1,-1,-1
45,277,754.17,892.49,-143.14,-171.13,1.0000,-1,-1,-1
45,278,883.14,730.76,55.62,85.10,1.0000,-1,-1,-1
45,285,484.99,1390.31,-271.92,-307.31,1.0000,-1,-1,-1
45,288,793.11,735.38,349.17,198.44,1.0000,-1,-1,-1
45,290,288.93,548.27,142.26,151.99,1.0000,-1,-1,-1
45,291,415.26,-44.09,-327.48,-200.48,1.0000,-1,-1,-1
45,294,874.08,3.96,195.38,105.44,1.0000,-1,-1,-1
45,295,996.92,720.96,170.11,174.59,1.0000,-1,-1,-1
45,302,916.43,666.37,58.08,50.76,1.0000,-1,-1,-1
45,308,1368.91,-18.91,282.44,162.39,1.0000,-1,-1,-1
45,310,201.67,137.75,137.54,158.06,0.8179,-1,-1,-1
45,314,308.29,440.40,130.74,105.71,1.0000,-1,-1,-1
45,317,708.16,726.47,173.56,168.88,1.0000,-1,-1,-1
45,319,565.89,512.74,295.89,348.67,1.0000,-1,-1,-1
45,320,910.44,184.90,63.71,61.39,1.0000,-1,-1,-1
45,322,442.33,690.87,25.05,22.92,1.0000,-1,-1,-1
45,325,592.04,412.77,-1019.80,-2040.67,1.0000,-1,-1,-1
45,329,139.47,672.58,50.88,87.71,1.0000,-1,-1,-1
45,330,-198.43,651.72,383.68,380.59,1.0000,-1,-1,-1
45,331,242.36,783.37,21.75,30.37,1.0000,-1,-1,-1
45,332,-53.31,-755.17,644.25,2355.78,1.0000,-1,-1,-1
45,337,155.88,382.00,77.65,74.33,1.0000,-1,-1,-1
45,339,833.67,216.49,54.84,54.79,1.0000,-1,-1,-1
45,340,1442.67,189.24,121.62,61.03,1.0000,-1,-1,-1
45,346,-49.94,-65.42,245.34,679.54,1.0000,-1,-1,-1
45,347,-595.51,78.65,1449.67,1515.40,1.0000,-1,-1,-1
45,348,795.27,275.63,67.78,61.46,0.7951,-1,-1,-1
45,349,851.66,639.18,137.94,162.91,1.0000,-1,-1,-1
45,350,1211.75,471.82,38.36,42.76,1.0000,-1,-1,-1
45,351,40.48,6.46,472.92,1734.48,1.0000,-1,-1,-1
45,353,1698.02,856.26,220.74,194.58,0.7708,-1,-1,-1
45,354,901.69,503.72,189.56,186.10,0.8448,-1,-1,-1
45,356,1062.30,778.43,-21.89,-32.35,1.0000,-1,-1,-1
45,360,1107.23,223.01,78.93,82.61,0.0185,-1,-1,-1
45,364,146.90,-90.19,348.49,279.78,1.0000,-1,-1,-1
45,369,198.30,-104.50,-262.12,-789.11,1.0000,-1,-1,-1
45,370,1502.57,28.87,-8.80,-3.79,1.0000,-1,-1,-1
45,372,1383.22,127.81,218.15,149.01,1.0000,-1,-1,-1
45,374,1147.88,666.37,35.76,63.63,1.0000,-1,-1,-1
45,377,1342.64,666.17,14.38,16.22,1.0000,-1,-1,-1
45,383,1036.66,1107.54,-45.36,-24.00,1.0000,-1,-1,-1
45,384,1757.90,624.80,339.41,185.00,1.0000,-1,-1,-1
45,386,1106.25,1757.27,-718.23,-956.19,1.0000,-1,-1,-1
45,393,1425.68,263.45,159.60,92.76,1.0000,-1,-1,-1
45,399,1046.29,849.92,153.22,204.96,0.0903,-1,-1,-1
45,401,209.96,582.54,121.34,90.63,1.0000,-1,-1,-1
45,403,922.24,675.28,50.70,44.15,1.0000,-1,-1,-1
45,406,180.10,618.94,110.70,97.14,1.0000,-1,-1,-1
45,407,385.14,665.44,-94.17,-87.37,1.0000,-1,-1,-1
45,408,407.82,-74.08,120.20,135.26,1.0000,-1,-1,-1
45,411,293.82,493.91,96.45,125.08,1.0000,-1,-1,-1
45,413,1181.40,473.27,98.09,88.06,1.0000,-1,-1,-1
45,416,660.76,774.09,95.99,77.30,1.0000,-1,-1,-1
45,417,1252.23,758.01,5.68,10.06,1.0000,-1,-1,-1
45,420,1190.67,745.92,41.20,70.91,1.0000,-1,-1,-1
45,421,1258.57,773.24,68.58,117.66,1.0000,-1,-1,-1
45,422,820.18,476.00,14.26,13.59,1.0000,-1,-1,-1
45,423,534.88,575.60,159.44,133.93,0.8598,-1,-1,-1
45,424,241.34,593.44,-16.78,-14.46,1.0000,-1,-1,-1
45,426,486.43,655.52,76.18,68.18,1.0000,-1,-1,-1
45,427,292.55,136.45,223.73,434.12,1.0000,-1,-1,-1
45,428,995.22,800.98,56.63,93.91,1.0000,-1,-1,-1
45,430,1062.24,700.97,45.36,30.28,1.0000,-1,-1,-1
45,433,308.37,782.50,55.25,78.33,1.0000,-1,-1,-1
45,436,1114.76,296.79,104.92,96.53,0.1278,-1,-1,-1
45,441,1548.16,633.95,146.05,106.36,1.0000,-1,-1,-1
45,443,709.14,1117.33,-20.32,-18.97,1.0000,-1,-1,-1
45,444,777.47,797.97,116.66,110.34,1.0000,-1,-1,-1
45,445,768.14,788.50,114.29,128.77,1.0000,-1,-1,-1
45,447,872.49,0.02,200.84,92.84,0.8782,-1,-1,-1
45,448,886.34,459.21,56.71,42.35,1.0000,-1,-1,-1
45,452,913.01,745.88,17.33,28.38,1.0000,-1,-1,-1
45,472,1527.73,124.37,160.94,174.60,0.0211,-1,-1,-1
45,473,422.90,497.39,103.96,105.97,0.1936,-1,-1,-1
45,474,1198.92,485.07,54.60,62.22,1.0000,-1,-1,-1
45,475,1150.49,601.78,103.77,141.63,1.0000,-1,-1,-1
45,476,419.86,424.45,117.68,174.63,0.1457,-1,-1,-1
45,477,576.57,115.92,241.35,131.73,1.0000,-1,-1,-1
45,480,58.69,300.13,359.81,425.75,0.5291,-1,-1,-1
45,483,421.74,67.75,175.90,115.57,0.0946,-1,-1,-1
45,489,743.32,637.38,75.35,70.36,0.0812,-1,-1,-1
45,490,1110.70,589.27,64.82,83.46,1.0000,-1,-1,-1
45,491,338.00,137.50,112.11,104.17,0.7900,-1,-1,-1
45,495,345.80,-2.61,127.80,98.25,0.7624,-1,-1,-1
45,497,1325.73,-0.28,195.51,166.51,0.9371,-1,-1,-1
45,498,886.92,262.46,46.40,50.44,1.0000,-1,-1,-1
45,505,999.58,763.48,106.99,85.75,1.0000,-1,-1,-1
45,509,999.21,376.79,114.75,83.71,0.9052,-1,-1,-1
45,511,408.01,488.94,84.20,101.53,1.0000,-1,-1,-1
45,512,863.45,764.68,127.40,104.78,1.0000,-1,-1,-1
45,514,1758.53,1029.36,129.71,47.47,1.0000,-1,-1,-1
45,522,733.97,462.64,132.34,159.16,0.0305,-1,-1,-1
45,525,341.56,137.65,-39.04,-66.59,1.0000,-1,-1,-1
45,527,377.66,285.15,145.04,124.58,0.4999,-1,-1,-1
45,529,-163.19,3.03,646.50,363.98,0.7757,-1,-1,-1
45,532,701.03,593.22,179.87,112.64,0.5593,-1,-1,-1
45,535,856.85,661.80,157.94,129.76,0.0142,-1,-1,-1
45,536,477.98,516.54,59.91,82.63,0.0255,-1,-1,-1
45,540,1203.14,494.38,83.50,79.06,0.0698,-1,-1,-1
45,543,1478.42,270.67,130.63,104.37,0.4979,-1,-1,-1
46,1,60.65,273.44,190.75,165.63,1.0000,-1,-1,-1
46,3,999.90,335.60,55.33,49.11,1.0000,-1,-1,-1
46,5,1150.17,614.02,116.59,105.67,0.4112,-1,-1,-1
46,6,442.59,423.58,88.22,80.05,0.0232,-1,-1,-1
46,9,80.50,876.17,194.31,150.83,1.0000,-1,-1,-1
46,13,740.11,705.72,-48.24,-44.18,1.0000,-1,-1,-1
46,17,448.77,917.46,-308.37,-259.07,1.0000,-1,-1,-1
46,27,1059.70,374.83,74.39,70.96,1.0000,-1,-1,-1
46,30,136.70,548.68,590.98,663.02,1.0000,-1,-1,-1
46,34,690.78,796.68,-48.26,-44.39,1.0000,-1,-1,-1
46,43,1292.42,-30.20,164.18,142.34,1.0000,-1,-1,-1
46,62,760.89,831.23,102.37,97.38,1.0000,-1,-1,-1
46,70,554.66,664.91,85.49,80.20,1.0000,-1,-1,-1
46,84,916.07,643.69,45.77,59.33,1.0000,-1,-1,-1
46,119,1551.12,680.89,121.86,92.03,0.4651,-1,-1,-1
46,123,936.36,824.85,94.64,99.37,1.0000,-1,-1,-1
46,127,1344.94,740.97,183.41,163.84,0.6662,-1,-1,-1
46,135,1034.74,211.21,70.79,74.78,0.2260,-1,-1,-1
46,141,454.39,927.13,161.67,187.58,1.0000,-1,-1,-1
46,143,611.03,912.10,76.00,82.13,1.0000,-1,-1,-1
46,152,1525.10,975.25,213.67,101.62,0.4860,-1,-1,-1
46,155,994.34,389.33,510.43,484.52,1.0000,-1,-1,-1
46,156,1617.40,685.93,168.64,170.06,0.2283,-1,-1,-1
46,164,417.09,490.17,54.62,44.65,1.0000,-1,-1,-1
46,172,957.33,-6.49,-62.65,-36.20,1.0000,-1,-1,-1
46,173,-537.62,810.91,307.03,220.56,1.0000,-1,-1,-1
46,175,956.53,380.77,82.25,87.53,1.0000,-1,-1,-1
46,181,-944.48,290.58,127.66,80.01,1.0000,-1,-1,-1
46,183,1224.99,67.84,90.05,86.71,0.9206,-1,-1,-1
46,186,-572.98,-667.77,-126.48,-149.91,1.0000,-1,-1,-1
46,194,95.59,665.43,104.75,90.94,1.0000,-1,-1,-1
46,197,342.21,734.14,13.48,11.65,1.0000,-1,-1,-1
46,201,244.74,362.52,171.16,136.31,1.0000,-1,-1,-1
46,203,91.11,299.49,189.70,224.32,1.0000,-1,-1,-1
46,204,1321.06,307.97,-75.56,-50.02,1.0000,-1,-1,-1
46,208,1485.46,112.82,72.86,61.09,1.0000,-1,-1,-1
46,209,750.72,700.29,93.30,92.70,1.0000,-1,-1,-1
46,210,-294.09,899.86,38.68,27.22,1.0000,-1,-1,-1
46,214,-624.24,827.67,204.92,177.35,1.0000,-1,-1,-1
46,216,584.40,712.28,110.99,98.27,1.0000,-1,-1,-1
46,219,-127.57,613.19,-98.49,-106.91,1.0000,-1,-1,-1
46,226,1541.69,1646.61,-612.14,-648.84,1.0000,-1,-1,-1
46,232,152.76,369.81,81.52,68.03,1.0000,-1,-1,-1
46,233,1792.84,514.01,89.72,298.54,1.0000,-1,-1,-1
46,235,-40.99,706.83,200.86,154.71,1.0000,-1,-1,-1
46,238,-50.28,722.28,414.29,376.42,1.0000,-1,-1,-1
46,239,475.54,780.54,97.62,102.35,1.0000,-1,-1,-1
46,241,1389.51,307.95,877.89,742.22,1.0000,-1,-1,-1
46,243,1463.46,600.28,382.47,402.01,1.0000,-1,-1,-1
46,245,692.17,159.06,127.76,124.86,0.7070,-1,-1,-1
46,251,1651.85,392.57,149.22,130.16,0.8924,-1,-1,-1
46,254,196.24,67.97,280.20,151.68,1.0000,-1,-1,-1
46,259,1857.37,738.32,-46.04,-87.08,1.0000,-1,-1,-1
46,261,1120.94,629.64,138.96,162.15,1.0000,-1,-1,-1
46,263,890.48,33.98,168.83,123.27,1.0000,-1,-1,-1
46,264,504.70,910.85,-7.77,-7.24,1.0000,-1,-1,-1
46,270,620.33,935.03,252.34,142.84,0.2380,-1,-1,-1
46,271,914.53,0.00,144.27,50.54,1.0000,-1,-1,-1
46,275,871.75,303.08,71.46,75.97,1.0000,-1,-1,-1
46,276,737.08,507.34,52.27,59.13,1.0000,-1,-1,-1
46,277,758.96,905.70,-152.53,-182.36,1.0000,-1,-1,-1
46,278,878.32,729.13,55.14,84.36,1.0000,-1,-1,-1
46,285,490.02,1407.21,-286.60,-323.90,1.0000,-1,-1,-1
46,288,776.51,728.24,359.15,204.11,1.0000,-1,-1,-1
46,290,276.14,541.43,145.32,155.26,1.0000,-1,-1,-1
46,291,423.73,-47.06,-354.02,-216.73,1.0000,-1,-1,-1
46,294,869.36,4.12,201.98,108.99,1.0000,-1,-1,-1
46,295,990.80,721.26,174.65,179.25,1.0000,-1,-1,-1
46,302,916.77,661.93,53.83,47.04,1.0000,-1,-1,-1
46,308,1368.65,-20.92,283.78,163.16,1.0000,-1,-1,-1
46,310,215.16,152.88,136.85,154.90,0.8332,-1,-1,-1
46,314,306.57,433.67,130.39,105.43,1.0000,-1,-1,-1
46,317,708.77,739.53,175.86,171.12,1.0000,-1,-1,-1
46,319,581.37,499.73,304.20,358.47,1.0000,-1,-1,-1
46,320,911.28,179.82,63.87,61.55,1.0000,-1,-1,-1
46,322,439.54,688.08,22.49,20.57,1.0000,-1,-1,-1
46,325,621.47,410.89,-1081.90,-2164.94,1.0000,-1,-1,-1
46,329,136.26,671.20,50.88,87.70,1.0000,-1,-1,-1
46,330,-207.66,639.76,394.00,390.83,1.0000,-1,-1,-1
46,331,243.44,790.30,20.50,28.62,1.0000,-1,-1,-1
46,332,-56.47,-806.82,669.17,2446.91,1.0000,-1,-1,-1
46,337,137.99,367.32,76.92,73.63,1.0000,-1,-1,-1
46,339,834.69,212.48,55.19,55.14,1.0000,-1,-1,-1
46,340,1441.54,190.18,116.13,58.27,1.0000,-1,-1,-1
46,346,-52.50,-75.25,251.18,695.71,1.0000,-1,-1,-1
46,347,-630.08,44.68,1518.33,1587.18,1.0000,-1,-1,-1
46,348,799.16,278.50,69.84,63.73,0.7734,-1,-1,-1
46,349,849.28,633.59,140.23,165.60,1.0000,-1,-1,-1
46,350,1215.66,471.14,36.50,40.68,1.0000,-1,-1,-1
46,351,42.90,1.24,487.23,1786.96,1.0000,-1,-1,-1
46,353,1705.80,855.50,229.53,205.39,0.2122,-1,-1,-1
46,354,932.58,509.31,183.31,182.49,0.8671,-1,-1,-1
46,356,1068.81,782.99,-25.66,-37.91,1.0000,-1,-1,-1
46,360,1110.55,221.75,81.26,85.05,1.0000,-1,-1,-1
46,364,150.82,-116.82,363.71,292.01,1.0000,-1,-1,-1
46,369,204.84,-130.19,-282.73,-851.16,1.0000,-1,-1,-1
46,370,1507.82,21.89,-17.79,-7.67,1.0000,-1,-1,-1
46,372,1379.08,124.56,222.64,152.08,1.0000,-1,-1,-1
46,374,1154.20,663.83,34.32,61.08,1.0000,-1,-1,-1
46,377,1345.95,663.05,12.13,13.68,1.0000,-1,-1,-1
46,383,1037.04,1111.72,-52.72,-27.89,1.0000,-1,-1,-1
46,384,1778.15,621.25,354.53,193.24,1.0000,-1,-1,-1
46,386,1176.35,1859.22,-782.40,-1041.61,1.0000,-1,-1,-1
46,393,1424.91,270.74,156.15,90.76,1.0000,-1,-1,-1
46,399,1051.78,843.28,156.08,211.00,0.1780,-1,-1,-1
46,401,214.60,590.49,117.78,87.97,1.0000,-1,-1,-1
46,403,925.48,680.39,47.83,41.65,1.0000,-1,-1,-1
46,406,181.90,615.46,111.18,97.56,1.0000,-1,-1,-1
46,407,395.75,669.12,-107.42,-99.66,1.0000,-1,-1,-1
46,408,429.36,-97.33,116.14,130.69,1.0000,-1,-1,-1
46,411,297.45,479.85,97.48,126.42,1.0000,-1,-1,-1
46,413,1184.44,478.97,99.58,89.40,1.0000,-1,-1,-1
46,416,660.75,782.06,97.20,78.27,1.0000,-1,-1,-1
46,417,1259.05,761.34,2.58,4.57,1.0000,-1,-1,-1
46,420,1192.25,746.56,40.70,70.05,1.0000,-1,-1,-1
46,421,1265.81,775.37,71.41,122.52,1.0000,-1,-1,-1
46,422,827.80,473.75,7.79,7.42,1.0000,-1,-1,-1
46,423,564.50,544.47,153.02,127.79,0.8195,-1,-1,-1
46,424,251.85,588.47,-30.05,-25.89,1.0000,-1,-1,-1
46,426,495.06,660.28,74.19,66.39,1.0000,-1,-1,-1
46,427,316.76,77.94,232.31,450.78,1.0000,-1,-1,-1
46,428,999.23,809.84,56.44,93.59,1.0000,-1,-1,-1
46,430,1057.23,708.54,42.53,28.38,1.0000,-1,-1,-1
46,433,311.97,784.47,53.74,76.18,1.0000,-1,-1,-1
46,436,1128.65,299.00,104.33,95.96,0.0455,-1,-1,-1
46,441,1545.96,630.00,151.54,110.36,1.0000,-1,-1,-1
46,443,713.70,1124.46,-25.03,-23.37,1.0000,-1,-1,-1
46,444,763.22,806.71,117.58,111.21,1.0000,-1,-1,-1
46,445,770.79,803.89,114.06,128.51,1.0000,-1,-1,-1
46,447,868.36,0.20,216.20,104.37,0.8804,-1,-1,-1
46,448,887.61,458.20,58.08,43.37,1.0000,-1,-1,-1
46,452,919.01,743.42,12.65,20.71,1.0000,-1,-1,-1
46,472,1535.66,140.52,166.75,178.91,0.2188,-1,-1,-1
46,473,424.35,499.96,107.78,109.86,1.0000,-1,-1,-1
46,474,1202.96,489.60,51.65,58.85,1.0000,-1,-1,-1
46,475,1157.45,602.56,95.71,130.62,1.0000,-1,-1,-1
46,476,431.82,427.32,116.10,172.29,1.0000,-1,-1,-1
46,477,595.00,93.11,251.30,137.16,1.0000,-1,-1,-1
46,480,79.09,323.89,369.91,425.70,0.5462,-1,-1,-1
46,483,429.94,85.12,174.18,117.11,0.2377,-1,-1,-1
46,489,755.72,652.31,65.14,59.91,0.1844,-1,-1,-1
46,490,1112.61,575.17,63.05,81.18,1.0000,-1,-1,-1
46,491,355.07,143.56,106.61,99.11,0.8074,-1,-1,-1
46,495,359.05,-1.96,121.57,92.03,0.7639,-1,-1,-1
46,497,1306.87,-8.65,162.73,137.12,0.8976,-1,-1,-1
46,498,891.47,261.64,46.96,51.05,1.0000,-1,-1,-1
46,505,1007.15,765.73,108.55,87.00,1.0000,-1,-1,-1
46,509,1000.82,387.73,114.23,84.36,0.9172,-1,-1,-1
46,511,411.57,488.15,83.60,100.80,1.0000,-1,-1,-1
46,512,861.57,762.85,123.84,101.85,1.0000,-1,-1,-1
46,514,1770.88,1034.52,115.45,42.25,1.0000,-1,-1,-1
46,522,723.46,458.23,148.67,178.80,1.0000,-1,-1,-1
46,525,420.70,163.59,-144.13,-245.80,1.0000,-1,-1,-1
46,527,356.94,284.63,150.60,128.87,0.1728,-1,-1,-1
46,529,-161.51,3.47,717.12,412.70,0.2760,-1,-1,-1
46,532,713.84,604.61,166.57,106.01,0.3464,-1,-1,-1
46,535,876.87,646.75,103.19,83.39,0.3799,-1,-1,-1
46,536,482.40,519.56,60.56,83.52,1.0000,-1,-1,-1
46,540,1207.08,503.88,91.36,87.29,0.4144,-1,-1,-1
46,543,1479.81,282.55,129.65,103.42,0.3906,-1,-1,-1
46,550,607.96,125.95,102.62,107.01,0.1589,-1,-1,-1
46,552,-2.94,3.35,308.78,488.64,0.5639,-1,-1,-1
47,1,52.57,271.22,192.99,167.57,1.0000,-1,-1,-1
47,3,999.44,339.79,53.13,47.16,1.0000,-1,-1,-1
47,5,1153.41,622.08,120.48,110.37,0.6624,-1,-1,-1
47,6,446.95,425.39,87.65,79.53,1.0000,-1,-1,-1
47,9,70.96,887.00,195.48,151.74,1.0000,-1,-1,-1
47,17,447.60,922.54,-323.18,-271.52,1.0000,-1,-1,-1
47,27,1054.10,373.05,74.45,71.02,1.0000,-1,-1,-1
47,30,105.30,543.39,609.04,683.28,1.0000,-1,-1,-1
47,34,689.02,810.27,-53.86,-49.54,1.0000,-1,-1,-1
47,43,1288.65,-32.74,163.92,142.11,1.0000,-1,-1,-1
47,62,754.54,832.97,102.06,97.09,1.0000,-1,-1,-1
47,70,545.84,667.96,84.52,79.29,1.0000,-1,-1,-1
47,84,908.23,640.28,44.93,58.24,1.0000,-1,-1,-1
47,119,1556.24,691.43,128.84,100.03,0.1107,-1,-1,-1
47,127,1359.03,750.74,182.16,163.85,0.4891,-1,-1,-1
47,135,1040.19,216.81,68.40,72.30,0.0587,-1,-1,-1
47,141,441.79,932.41,163.74,189.98,1.0000,-1,-1,-1
47,143,605.02,916.27,74.84,80.88,1.0000,-1,-1,-1
47,152,1541.05,982.92,203.36,94.26,0.3480,-1,-1,-1
47,155,975.15,375.95,518.81,492.48,1.0000,-1,-1,-1
47,156,1643.50,694.54,166.90,164.64,0.3822,-1,-1,-1
47,164,418.95,491.62,52.50,42.92,1.0000,-1,-1,-1
47,172,961.35,-6.98,-70.82,-40.92,1.0000,-1,-1,-1
47,173,-559.32,819.20,311.33,223.65,1.0000,-1,-1,-1
47,175,946.65,373.82,83.00,88.33,1.0000,-1,-1,-1
47,181,-978.51,273.28,123.64,77.49,1.0000,-1,-1,-1
47,183,1226.17,80.56,90.53,86.95,0.9408,-1,-1,-1
47,186,-589.52,-691.72,-139.71,-165.59,1.0000,-1,-1,-1
47,194,92.50,669.19,105.23,91.36,1.0000,-1,-1,-1
47,197,332.45,732.79,9.85,8.51,1.0000,-1,-1,-1
47,201,242.98,357.25,175.37,139.66,1.0000,-1,-1,-1
47,209,743.99,707.07,93.68,93.08,1.0000,-1,-1,-1
47,210,-305.19,910.97,31.95,22.49,1.0000,-1,-1,-1
47,214,-646.14,834.93,206.94,179.10,1.0000,-1,-1,-1
47,219,-151.88,611.11,-105.46,-114.48,1.0000,-1,-1,-1
47,226,1565.21,1675.51,-636.45,-674.60,1.0000,-1,-1,-1
47,232,163.28,370.86,75.40,62.92,1.0000,-1,-1,-1
47,233,1790.58,520.27,89.35,297.30,1.0000,-1,-1,-1
47,235,-55.01,713.25,205.15,158.01,1.0000,-1,-1,-1
47,238,-67.21,728.07,426.18,387.22,1.0000,-1,-1,-1
47,239,476.24,787.22,96.45,101.12,1.0000,-1,-1,-1
47,241,1374.45,283.43,905.63,765.66,1.0000,-1,-1,-1
47,243,1461.27,593.93,389.63,409.54,1.0000,-1,-1,-1
47,245,696.25,169.39,127.44,125.11,0.2394,-1,-1,-1
47,251,1670.88,394.65,154.21,132.17,0.9129,-1,-1,-1
47,254,187.79,68.48,283.15,153.28,1.0000,-1,-1,-1
47,259,1857.04,743.38,-49.48,-93.60,1.0000,-1,-1,-1
47,261,1120.20,624.11,140.56,164.02,1.0000,-1,-1,-1
47,263,886.56,35.09,172.52,125.97,1.0000,-1,-1,-1
47,264,493.46,916.43,-10.12,-9.42,1.0000,-1,-1,-1
47,270,634.11,940.44,251.47,137.01,0.2842,-1,-1,-1
47,271,911.65,0.00,147.44,51.65,1.0000,-1,-1,-1
47,275,869.66,303.20,72.17,76.72,1.0000,-1,-1,-1
47,276,743.33,497.63,50.71,57.36,1.0000,-1,-1,-1
47,277,763.74,918.91,-161.92,-193.59,1.0000,-1,-1,-1
47,278,873.50,727.50,54.66,83.63,1.0000,-1,-1,-1
47,285,495.05,1424.11,-301.28,-340.48,1.0000,-1,-1,-1
47,288,759.90,721.11,369.13,209.78,1.0000,-1,-1,-1
47,290,263.34,534.59,148.37,158.53,1.0000,-1,-1,-1
47,291,432.19,-50.04,-380.57,-232.98,1.0000,-1,-1,-1
47,294,864.64,4.29,208.57,112.55,1.0000,-1,-1,-1
47,295,984.68,721.55,179.19,183.90,1.0000,-1,-1,-1
47,302,917.10,657.49,49.57,43.32,1.0000,-1,-1,-1
47,308,1368.39,-22.92,285.12,163.93,1.0000,-1,-1,-1
47,310,225.40,169.07,138.17,153.93,0.8217,-1,-1,-1
47,314,304.86,426.94,130.05,105.15,1.0000,-1,-1,-1
47,317,709.38,752.59,178.16,173.36,1.0000,-1,-1,-1
47,319,596.85,486.72,312.51,368.26,1.0000,-1,-1,-1
47,320,912.12,174.75,64.03,61.70,1.0000,-1,-1,-1
47,322,436.75,685.30,19.93,18.23,1.0000,-1,-1,-1
47,325,650.91,409.00,-1144.01,-2289.21,1.0000,-1,-1,-1
47,329,133.05,669.82,50.87,87.69,1.0000,-1,-1,-1
47,330,-216.88,627.80,404.33,401.07,1.0000,-1,-1,-1
47,331,244.51,797.23,19.25,26.88,1.0000,-1,-1,-1
47,332,-59.62,-858.47,694.09,2538.04,1.0000,-1,-1,-1
47,337,120.10,352.63,76.19,72.94,1.0000,-1,-1,-1
47,339,835.71,208.47,55.55,55.50,1.0000,-1,-1,-1
47,340,1440.41,191.11,110.64,55.52,1.0000,-1,-1,-1
47,346,-55.05,-85.08,257.02,711.88,1.0000,-1,-1,-1
47,347,-664.65,10.72,1586.99,1658.95,1.0000,-1,-1,-1
47,348,804.62,287.95,68.36,62.45,0.3241,-1,-1,-1
47,349,846.90,628.00,142.51,168.29,1.0000,-1,-1,-1
47,350,1219.58,470.47,34.64,38.60,1.0000,-1,-1,-1
47,351,45.33,-3.99,501.54,1839.44,1.0000,-1,-1,-1
47,353,1709.24,849.16,243.96,224.75,0.0319,-1,-1,-1
47,354,953.98,515.57,187.66,188.86,0.3764,-1,-1,-1
47,356,1075.32,787.56,-29.42,-43.47,1.0000,-1,-1,-1
47,360,1113.87,220.49,83.59,87.48,1.0000,-1,-1,-1
47,364,154.73,-143.45,378.94,304.23,1.0000,-1,-1,-1
47,369,211.38,-155.88,-303.34,-913.20,1.0000,-1,-1,-1
47,370,1513.08,14.91,-26.79,-11.54,1.0000,-1,-1,-1
47,372,1374.94,121.30,227.13,155.15,1.0000,-1,-1,-1
47,374,1160.51,661.30,32.89,58.53,1.0000,-1,-1,-1
47,377,1349.26,659.93,9.88,11.15,1.0000,-1,-1,-1
47,383,1037.43,1115.91,-60.07,-31.78,1.0000,-1,-1,-1
47,384,1798.40,617.69,369.66,201.49,1.0000,-1,-1,-1
47,386,1246.44,1961.17,-846.56,-1127.04,1.0000,-1,-1,-1
47,393,1424.15,278.03,152.71,88.75,1.0000,-1,-1,-1
47,399,1049.66,826.22,166.90,228.12,0.1107,-1,-1,-1
47,401,219.23,598.44,114.22,85.31,1.0000,-1,-1,-1
47,403,928.72,685.50,44.96,39.15,1.0000,-1,-1,-1
47,406,183.69,611.97,111.67,97.99,1.0000,-1,-1,-1
47,407,406.36,672.80,-120.66,-111.95,1.0000,-1,-1,-1
47,408,450.91,-120.59,112.08,126.12,1.0000,-1,-1,-1
47,411,301.09,465.78,98.51,127.75,1.0000,-1,-1,-1
47,413,1187.48,484.67,101.07,90.73,1.0000,-1,-1,-1
47,416,660.74,790.03,98.40,79.23,1.0000,-1,-1,-1
47,417,1265.86,764.68,-0.51,-0.91,1.0000,-1,-1,-1
47,420,1193.83,747.21,40.19,69.19,1.0000,-1,-1,-1
47,421,1273.04,777.50,74.24,127.37,1.0000,-1,-1,-1
47,422,835.42,471.49,1.32,1.25,1.0000,-1,-1,-1
47,423,598.56,523.03,141.00,118.22,0.8603,-1,-1,-1
47,424,262.36,583.50,-43.31,-37.32,1.0000,-1,-1,-1
47,426,503.69,665.03,72.20,64.61,1.0000,-1,-1,-1
47,427,340.96,19.43,240.90,467.44,1.0000,-1,-1,-1
47,428,1003.23,818.69,56.24,93.27,1.0000,-1,-1,-1
47,430,1052.22,716.12,39.69,26.49,1.0000,-1,-1,-1
47,433,315.57,786.45,52.22,74.03,1.0000,-1,-1,-1
47,436,1141.66,302.39,102.69,94.85,0.0410,-1,-1,-1
47,441,1543.76,626.04,157.03,114.36,1.0000,-1,-1,-1
47,443,718.26,1131.59,-29.74,-27.77,1.0000,-1,-1,-1
47,444,748.97,815.46,118.49,112.08,1.0000,-1,-1,-1
47,445,773.43,819.29,113.83,128.24,1.0000,-1,-1,-1
47,447,865.56,4.36,225.19,113.84,0.8581,-1,-1,-1
47,448,888.88,457.19,59.45,44.39,1.0000,-1,-1,-1
47,452,925.02,740.96,7.97,13.05,1.0000,-1,-1,-1
47,472,1545.18,166.69,162.57,170.85,0.4379,-1,-1,-1
47,473,425.81,502.53,111.59,113.74,1.0000,-1,-1,-1
47,474,1207.00,494.12,48.69,55.49,1.0000,-1,-1,-1
47,475,1164.41,603.34,87.64,119.61,1.0000,-1,-1,-1
47,476,443.78,430.19,114.52,169.95,1.0000,-1,-1,-1
47,477,613.42,70.30,261.24,142.59,1.0000,-1,-1,-1
47,480,123.92,359.08,372.33,417.07,0.1416,-1,-1,-1
47,483,437.39,108.68,168.49,115.53,0.3321,-1,-1,-1
47,489,747.63,638.90,84.30,78.90,0.0539,-1,-1,-1
47,490,1114.51,561.08,61.28,78.90,1.0000,-1,-1,-1
47,491,369.82,152.67,102.65,95.43,0.8436,-1,-1,-1
47,495,367.99,-1.22,118.89,89.30,0.7188,-1,-1,-1
47,497,1287.26,-8.87,139.38,114.65,0.9177,-1,-1,-1
47,498,896.02,260.81,47.52,51.66,1.0000,-1,-1,-1
47,505,1014.72,767.98,110.11,88.25,1.0000,-1,-1,-1
47,509,1000.11,401.28,115.09,86.13,0.8253,-1,-1,-1
47,511,415.12,487.35,83.00,100.07,1.0000,-1,-1,-1
47,512,859.69,761.03,120.27,98.92,1.0000,-1,-1,-1
47,514,1783.23,1039.68,101.20,37.04,1.0000,-1,-1,-1
47,522,712.96,453.81,165.00,198.44,1.0000,-1,-1,-1
47,525,499.84,189.53,-249.21,-425.01,1.0000,-1,-1,-1
47,527,343.33,293.29,144.64,122.26,0.6229,-1,-1,-1
47,529,-186.47,3.68,785.14,451.85,1.0000,-1,-1,-1
47,532,725.47,615.36,160.07,103.50,0.5025,-1,-1,-1
47,535,884.73,636.82,92.62,73.89,0.5828,-1,-1,-1
47,536,486.83,522.57,61.20,84.40,1.0000,-1,-1,-1
47,540,1214.13,521.36,88.23,85.08,0.4404,-1,-1,-1
47,543,1480.25,292.79,132.99,106.03,0.0443,-1,-1,-1
47,550,624.46,126.38,96.51,100.13,0.0184,-1,-1,-1
47,552,-15.87,5.68,262.91,418.10,0.6497,-1,-1,-1
48,1,44.48,269.00,195.22,169.51,1.0000,-1,-1,-1
48,3,998.99,343.97,50.92,45.20,1.0000,-1,-1,-1
48,5,1159.36,627.17,121.87,111.70,0.7306,-1,-1,-1
48,6,451.31,427.19,87.08,79.02,1.0000,-1,-1,-1
48,9,61.41,897.84,196.66,152.66,1.0000,-1,-1,-1
48,27,1048.51,371.26,74.51,71.07,1.0000,-1,-1,-1
48,30,73.90,538.09,627.10,703.55,1.0000,-1,-1,-1
48,34,687.25,823.87,-59.45,-54.68,1.0000,-1,-1,-1
48,43,1284.88,-35.27,163.66,141.89,1.0000,-1,-1,-1
48,62,748.19,834.71,101.76,96.80,1.0000,-1,-1,-1
48,70,537.01,671.01,83.55,78.39,1.0000,-1,-1,-1
48,84,900.38,636.87,44.09,57.15,1.0000,-1,-1,-1
48,119,1559.01,694.94,130.88,101.61,1.0000,-1,-1,-1
48,127,1366.76,762.94,187.13,170.12,0.3238,-1,-1,-1
48,135,1040.87,221.26,72.26,77.04,0.0306,-1,-1,-1
48,141,429.19,937.68,165.82,192.39,1.0000,-1,-1,-1
48,152,1557.06,988.89,196.34,88.73,0.1930,-1,-1,-1
48,155,955.95,362.58,527.19,500.43,1.0000,-1,-1,-1
48,156,1662.92,699.74,170.44,164.81,0.0713,-1,-1,-1
48,164,420.80,493.08,50.38,41.18,1.0000,-1,-1,-1
48,172,965.37,-7.47,-78.99,-45.64,1.0000,-1,-1,-1
48,173,-581.02,827.49,315.63,226.73,1.0000,-1,-1,-1
48,175,936.76,366.87,83.76,89.14,1.0000,-1,-1,-1
48,183,1230.86,91.09,88.87,85.18,0.9318,-1,-1,-1
48,194,89.41,672.95,105.71,91.77,1.0000,-1,-1,-1
48,197,322.70,731.45,6.22,5.37,1.0000,-1,-1,-1
48,201,241.23,351.98,179.57,143.01,1.0000,-1,-1,-1
48,209,737.27,713.84,94.05,93.45,1.0000,-1,-1,-1
48,210,-316.29,922.07,25.23,17.75,1.0000,-1,-1,-1
48,214,-668.04,842.19,208.97,180.86,1.0000,-1,-1,-1
48,219,-176.18,609.03,-112.44,-122.05,1.0000,-1,-1,-1
48,232,173.80,371.92,69.28,57.81,1.0000,-1,-1,-1
48,233,1788.32,526.54,88.98,296.07,1.0000,-1,-1,-1
48,235,-69.04,719.66,209.44,161.32,1.0000,-1,-1,-1
48,238,-84.13,733.87,438.07,398.02,1.0000,-1,-1,-1
48,239,476.93,793.89,95.28,99.89,1.0000,-1,-1,-1
48,241,1359.39,258.91,933.36,789.11,1.0000,-1,-1,-1
48,243,1459.07,587.59,396.79,417.07,1.0000,-1,-1,-1
48,245,702.08,178.89,127.04,125.29,0.8522,-1,-1,-1
48,251,1691.41,396.45,157.60,132.54,0.8788,-1,-1,-1
48,254,179.35,68.99,286.10,154.88,1.0000,-1,-1,-1
48,259,1856.70,748.44,-52.93,-100.11,1.0000,-1,-1,-1
48,261,1119.46,618.57,142.16,165.89,1.0000,-1,-1,-1
48,263,882.63,36.20,176.22,128.67,1.0000,-1,-1,-1
48,264,482.22,922.01,-12.47,-11.61,1.0000,-1,-1,-1
48,270,655.26,946.45,248.41,130.79,0.2908,-1,-1,-1
48,271,908.78,0.00,150.60,52.76,1.0000,-1,-1,-1
48,275,867.57,303.32,72.87,77.47,1.0000,-1,-1,-1
48,276,749.59,487.91,49.14,55.59,1.0000,-1,-1,-1
48,277,768.53,932.12,-171.31,-204.81,1.0000,-1,-1,-1
48,278,868.69,725.87,54.18,82.89,1.0000,-1,-1,-1
48,285,500.09,1441.01,-315.95,-357.07,1.0000,-1,-1,-1
48,288,743.30,713.98,379.11,215.45,1.0000,-1,-1,-1
48,290,250.55,527.75,151.43,161.79,1.0000,-1,-1,-1
48,291,440.66,-53.01,-407.11,-249.23,1.0000,-1,-1,-1
48,294,859.91,4.45,215.17,116.11,1.0000,-1,-1,-1
48,295,978.57,721.84,183.72,188.56,1.0000,-1,-1,-1
48,302,917.44,653.05,45.31,39.60,1.0000,-1,-1,-1
48,308,1368.13,-24.93,286.46,164.69,1.0000,-1,-1,-1
48,310,236.21,185.55,137.32,150.73,0.7974,-1,-1,-1
48,314,303.14,420.20,129.70,104.87,1.0000,-1,-1,-1
48,317,709.99,765.65,180.46,175.59,1.0000,-1,-1,-1
48,319,612.34,473.71,320.82,378.06,1.0000,-1,-1,-1
48,320,912.96,169.68,64.19,61.85,1.0000,-1,-1,-1
48,322,433.95,682.51,17.37,15.88,1.0000,-1,-1,-1
48,325,680.35,407.12,-1206.11,-2413.48,1.0000,-1,-1,-1
48,329,129.84,668.43,50.86,87.68,1.0000,-1,-1,-1
48,330,-226.10,615.83,414.65,411.31,1.0000,-1,-1,-1
48,331,245.59,804.16,18.00,25.13,1.0000,-1,-1,-1
48,332,-62.77,-910.11,719.01,2629.17,1.0000,-1,-1,-1
48,337,102.21,337.95,75.46,72.24,1.0000,-1,-1,-1
48,339,836.73,204.46,55.90,55.85,1.0000,-1,-1,-1
48,340,1439.28,192.05,105.14,52.76,1.0000,-1,-1,-1
48,346,-57.61,-94.91,262.86,728.05,1.0000,-1,-1,-1
48,347,-699.22,-23.25,1655.65,1730.72,1.0000,-1,-1,-1
48,348,811.31,295.21,69.62,63.49,0.1082,-1,-1,-1
48,349,844.52,622.41,144.79,170.99,1.0000,-1,-1,-1
48,350,1223.49,469.79,32.77,36.53,1.0000,-1,-1,-1
48,351,47.75,-9.21,515.85,1891.93,1.0000,-1,-1,-1
48,353,1729.62,863.32,227.37,215.81,0.0326,-1,-1,-1
48,354,981.20,522.82,182.46,185.42,0.4221,-1,-1,-1
48,356,1081.83,792.12,-33.19,-49.03,1.0000,-1,-1,-1
48,360,1117.20,219.24,85.93,89.92,1.0000,-1,-1,-1
48,364,158.65,-170.09,394.17,316.45,1.0000,-1,-1,-1
48,369,217.92,-181.57,-323.95,-975.24,1.0000,-1,-1,-1
48,370,1518.33,7.93,-35.78,-15.42,1.0000,-1,-1,-1
48,372,1370.79,118.05,231.62,158.22,1.0000,-1,-1,-1
48,374,1166.83,658.77,31.46,55.98,1.0000,-1,-1,-1
48,377,1352.57,656.81,7.63,8.61,1.0000,-1,-1,-1
48,383,1037.82,1120.10,-67.42,-35.68,1.0000,-1,-1,-1
48,384,1818.65,614.14,384.78,209.73,1.0000,-1,-1,-1
48,386,1316.53,2063.12,-910.73,-1212.47,1.0000,-1,-1,-1
48,393,1423.38,285.31,149.26,86.75,1.0000,-1,-1,-1
48,399,1054.29,819.68,170.50,233.04,1.0000,-1,-1,-1
48,401,223.87,606.39,110.65,82.64,1.0000,-1,-1,-1
48,403,931.96,690.60,42.09,36.65,1.0000,-1,-1,-1
48,406,185.49,608.49,112.15,98.41,1.0000,-1,-1,-1
48,407,416.98,676.48,-133.91,-124.24,1.0000,-1,-1,-1
48,408,472.46,-143.85,108.02,121.56,1.0000,-1,-1,-1
48,411,304.73,451.71,99.54,129.09,1.0000,-1,-1,-1
48,413,1190.53,490.36,102.56,92.07,1.0000,-1,-1,-1
48,416,660.73,798.00,99.60,80.20,1.0000,-1,-1,-1
48,417,1272.67,768.01,-3.61,-6.39,1.0000,-1,-1,-1
48,420,1195.42,747.85,39.69,68.33,1.0000,-1,-1,-1
48,421,1280.28,779.63,77.07,132.22,1.0000,-1,-1,-1
48,422,843.04,469.23,-5.16,-4.91,1.0000,-1,-1,-1
48,423,631.76,507.64,129.93,109.95,0.5764,-1,-1,-1
48,424,272.86,578.52,-56.57,-48.74,1.0000,-1,-1,-1
48,426,512.31,669.78,70.20,62.83,1.0000,-1,-1,-1
48,427,365.17,-39.08,249.49,484.10,1.0000,-1,-1,-1
48,428,1007.24,827.54,56.05,92.95,1.0000,-1,-1,-1
48,430,1047.22,723.69,36.86,24.60,1.0000,-1,-1,-1
48,433,319.18,788.42,50.71,71.88,1.0000,-1,-1,-1
48,436,1158.16,301.76,100.09,92.45,1.0000,-1,-1,-1
48,441,1541.56,622.09,162.52,118.36,1.0000,-1,-1,-1
48,443,722.82,1138.72,-34.45,-32.16,1.0000,-1,-1,-1
48,444,734.73,824.21,119.41,112.95,1.0000,-1,-1,-1
48,445,776.08,834.68,113.59,127.98,1.0000,-1,-1,-1
48,447,875.60,19.44,211.86,111.79,0.8596,-1,-1,-1
48,448,890.16,456.19,60.82,45.41,1.0000,-1,-1,-1
48,452,931.02,738.50,3.29,5.38,1.0000,-1,-1,-1
48,472,1548.74,184.96,162.89,167.28,0.0223,-1,-1,-1
48,473,427.27,505.11,115.40,117.63,1.0000,-1,-1,-1
48,474,1211.04,498.65,45.74,52.12,1.0000,-1,-1,-1
48,475,1171.37,604.11,79.57,108.60,1.0000,-1,-1,-1
48,476,455.74,433.05,112.95,167.61,1.0000,-1,-1,-1
48,477,631.84,47.49,271.19,148.02,1.0000,-1,-1,-1
48,480,185.16,395.66,372.54,407.96,0.2835,-1,-1,-1
48,483,440.13,125.51,174.88,122.75,0.2015,-1,-1,-1
48,489,760.32,637.42,92.93,86.53,0.0695,-1,-1,-1
48,490,1116.42,546.98,59.52,76.63,1.0000,-1,-1,-1
48,491,383.21,161.59,98.43,91.46,0.8239,-1,-1,-1
48,495,374.69,2.21,112.11,82.91,0.7752,-1,-1,-1
48,497,1272.61,-6.85,124.29,98.81,0.8928,-1,-1,-1
48,498,900.57,259.99,48.08,52.28,1.0000,-1,-1,-1
48,505,1022.29,770.23,111.66,89.49,1.0000,-1,-1,-1
48,509,1005.99,415.13,108.29,82.16,0.8513,-1,-1,-1
48,511,418.68,486.56,82.40,99.35,1.0000,-1,-1,-1
48,512,857.80,759.21,116.71,95.99,1.0000,-1,-1,-1
48,514,1795.58,1044.84,86.95,31.82,1.0000,-1,-1,-1
48,522,702.45,449.40,181.33,218.08,1.0000,-1,-1,-1
48,525,578.98,215.47,-354.29,-604.22,1.0000,-1,-1,-1
48,527,325.18,302.60,146.35,122.24,0.5326,-1,-1,-1
48,529,-211.43,3.89,853.15,490.99,1.0000,-1,-1,-1
48,532,725.57,613.73,169.19,109.39,1.0000,-1,-1,-1
48,535,888.86,629.51,97.79,77.39,0.3130,-1,-1,-1
48,536,491.25,525.58,61.84,85.29,1.0000,-1,-1,-1
48,540,1222.23,533.10,89.58,87.30,0.0761,-1,-1,-1
48,543,1488.53,305.05,137.88,109.22,0.0590,-1,-1,-1
48,550,635.17,125.09,94.09,97.23,0.1346,-1,-1,-1
48,552,-15.76,2.98,276.57,441.91,0.3933,-1,-1,-1
48,562,1549.56,844.80,572.65,231.24,0.0188,-1,-1,-1
49,1,36.40,266.77,197.46,171.45,1.0000,-1,-1,-1
49,3,998.54,348.16,48.72,43.24,1.0000,-1,-1,-1
49,5,1165.76,637.75,121.90,112.89,0.7490,-1,-1,-1
49,6,455.67,428.99,86.51,78.50,1.0000,-1,-1,-1
49,9,51.87,908.67,197.84,153.57,1.0000,-1,-1,-1
49,27,1042.91,369.48,74.57,71.13,1.0000,-1,-1,-1
49,30,42.50,532.80,645.16,723.82,1.0000,-1,-1,-1
49,34,685.48,837.46,-65.05,-59.83,1.0000,-1,-1,-1
49,43,1281.11,-37.80,163.40,141.66,1.0000,-1,-1,-1
49,62,741.83,836.45,101.45,96.51,1.0000,-1,-1,-1
49,70,528.19,674.05,82.59,77.48,1.0000,-1,-1,-1
49,84,892.53,633.46,43.24,56.06,1.0000,-1,-1,-1
49,119,1561.78,698.45,132.92,103.20,1.0000,-1,-1,-1
49,127,1384.38,779.46,177.67,162.04,0.6019,-1,-1,-1
49,135,1049.85,229.41,69.11,73.99,0.0532,-1,-1,-1
49,141,416.59,942.95,167.89,194.80,1.0000,-1,-1,-1
49,152,1578.12,1000.23,177.41,77.34,0.1365,-1,-1,-1
49,155,936.76,349.20,535.56,508.38,1.0000,-1,-1,-1
49,156,1689.05,710.90,176.70,167.41,0.1995,-1,-1,-1
49,164,422.66,494.53,48.26,39.45,1.0000,-1,-1,-1
49,172,969.38,-7.96,-87.16,-50.36,1.0000,-1,-1,-1
49,175,926.88,359.92,84.51,89.94,1.0000,-1,-1,-1
49,183,1235.58,102.60,88.98,85.14,0.9120,-1,-1,-1
49,194,86.32,676.71,106.19,92.19,1.0000,-1,-1,-1
49,197,312.94,730.10,2.59,2.23,1.0000,-1,-1,-1
49,201,239.48,346.71,183.78,146.36,1.0000,-1,-1,-1
49,209,730.54,720.62,94.43,93.83,1.0000,-1,-1,-1
49,210,-327.39,933.17,18.50,13.02,1.0000,-1,-1,-1
49,219,-200.48,606.96,-119.41,-129.62,1.0000,-1,-1,-1
49,232,184.33,372.98,63.15,52.70,1.0000,-1,-1,-1
49,233,1786.06,532.80,88.61,294.83,1.0000,-1,-1,-1
49,235,-83.07,726.08,213.73,164.62,1.0000,-1,-1,-1
49,238,-101.06,739.67,449.96,408.83,1.0000,-1,-1,-1
49,239,477.63,800.57,94.11,98.67,1.0000,-1,-1,-1
49,241,1344.33,234.40,961.10,812.56,1.0000,-1,-1,-1
49,243,1456.87,581.24,403.96,424.59,1.0000,-1,-1,-1
49,245,711.44,193.58,124.11,122.56,0.7713,-1,-1,-1
49,251,1710.35,399.61,166.08,137.61,0.8782,-1,-1,-1
49,254,170.90,69.50,289.05,156.47,1.0000,-1,-1,-1
49,259,1856.37,753.50,-56.37,-106.62,1.0000,-1,-1,-1
49,261,1118.72,613.03,143.76,167.76,1.0000,-1,-1,-1
49,263,878.71,37.31,179.92,131.37,1.0000,-1,-1,-1
49,264,470.99,927.59,-14.81,-13.80,1.0000,-1,-1,-1
49,270,675.33,955.57,241.03,122.56,0.3640,-1,-1,-1
49,271,905.91,0.00,153.77,53.87,1.0000,-1,-1,-1
49,275,865.48,303.44,73.58,78.22,1.0000,-1,-1,-1
49,276,755.84,478.19,47.58,53.82,1.0000,-1,-1,-1
49,277,773.31,945.33,-180.71,-216.04,1.0000,-1,-1,-1
49,278,863.87,724.25,53.70,82.16,1.0000,-1,-1,-1
49,285,505.12,1457.91,-330.63,-373.66,1.0000,-1,-1,-1
49,288,726.69,706.85,389.09,221.12,1.0000,-1,-1,-1
49,290,237.75,520.91,154.49,165.06,1.0000,-1,-1,-1
49,291,449.12,-55.98,-433.66,-265.48,1.0000,-1,-1,-1
49,294,855.19,4.61,221.76,119.67,1.0000,-1,-1,-1
49,295,972.45,722.13,188.26,193.22,1.0000,-1,-1,-1
49,302,917.78,648.61,41.06,35.88,1.0000,-1,-1,-1
49,308,1367.87,-26.93,287.79,165.46,1.0000,-1,-1,-1
49,310,248.16,202.45,138.22,149.95,0.8086,-1,-1,-1
49,314,301.43,413.47,129.35,104.59,1.0000,-1,-1,-1
49,317,710.61,778.71,182.76,177.83,1.0000,-1,-1,-1
49,319,627.82,460.70,329.13,387.85,1.0000,-1,-1,-1
49,320,913.80,164.60,64.35,62.01,1.0000,-1,-1,-1
49,322,431.16,679.73,14.80,13.54,1.0000,-1,-1,-1
49,325,709.79,405.24,-1268.21,-2537.75,1.0000,-1,-1,-1
49,329,126.63,667.05,50.85,87.67,1.0000,-1,-1,-1
49,330,-235.32,603.87,424.97,421.55,1.0000,-1,-1,-1
49,331,246.66,811.09,16.75,23.39,1.0000,-1,-1,-1
49,332,-65.92,-961.76,743.93,2720.29,1.0000,-1,-1,-1
49,337,84.31,323.26,74.73,71.54,1.0000,-1,-1,-1
49,339,837.75,200.45,56.26,56.21,1.0000,-1,-1,-1
49,340,1438.15,192.99,99.65,50.00,1.0000,-1,-1,-1
49,346,-60.16,-104.74,268.69,744.21,1.0000,-1,-1,-1
49,347,-733.80,-57.21,1724.31,1802.50,1.0000,-1,-1,-1
49,348,812.68,299.38,74.02,68.50,0.1579,-1,-1,-1
49,349,842.14,616.82,147.07,173.68,1.0000,-1,-1,-1
49,350,1227.41,469.12,30.91,34.45,1.0000,-1,-1,-1
49,351,50.17,-14.44,530.16,1944.41,1.0000,-1,-1,-1
49,353,1748.65,870.35,213.88,210.99,0.0562,-1,-1,-1
49,354,1010.46,536.23,172.58,176.64,0.7053,-1,-1,-1
49,356,1088.34,796.69,-36.95,-54.60,1.0000,-1,-1,-1
49,360,1120.52,217.98,88.26,92.36,1.0000,-1,-1,-1
49,364,162.57,-196.72,409.39,328.68,1.0000,-1,-1,-1
49,369,224.46,-207.26,-344.55,-1037.29,1.0000,-1,-1,-1
49,370,1523.59,0.95,-44.78,-19.29,1.0000,-1,-1,-1
49,372,1366.65,114.79,236.12,161.28,1.0000,-1,-1,-1
49,374,1173.14,656.23,30.03,53.43,1.0000,-1,-1,-1
49,377,1355.88,653.69,5.38,6.07,1.0000,-1,-1,-1
49,383,1038.20,1124.29,-74.78,-39.57,1.0000,-1,-1,-1
49,384,1838.89,610.59,399.90,217.97,1.0000,-1,-1,-1
49,386,1386.62,2165.07,-974.90,-1297.90,1.0000,-1,-1,-1
49,393,1422.61,292.60,145.82,84.75,1.0000,-1,-1,-1
49,399,1058.92,813.13,174.10,237.97,1.0000,-1,-1,-1
49,401,228.50,614.34,107.09,79.98,1.0000,-1,-1,-1
49,403,935.20,695.71,39.22,34.15,1.0000,-1,-1,-1
49,406,187.28,605.01,112.64,98.84,1.0000,-1,-1,-1
49,407,427.59,680.16,-147.16,-136.53,1.0000,-1,-1,-1
49,408,494.01,-167.11,103.96,116.99,1.0000,-1,-1,-1
49,411,308.37,437.64,100.57,130.43,1.0000,-1,-1,-1
49,413,1193.57,496.06,104.04,93.41,1.0000,-1,-1,-1
49,416,660.73,805.97,100.80,81.17,1.0000,-1,-1,-1
49,417,1279.49,771.34,-6.71,-11.87,1.0000,-1,-1,-1
49,420,1197.00,748.50,39.19,67.46,1.0000,-1,-1,-1
49,421,1287.51,781.76,79.90,137.08,1.0000,-1,-1,-1
49,422,850.66,466.97,-11.63,-11.08,1.0000,-1,-1,-1
49,423,651.51,494.77,127.31,109.13,0.8325,-1,-1,-1
49,424,283.37,573.55,-69.83,-60.17,1.0000,-1,-1,-1
49,426,520.94,674.54,68.21,61.04,1.0000,-1,-1,-1
49,427,389.37,-97.59,258.07,500.76,1.0000,-1,-1,-1
49,428,1011.24,836.40,55.86,92.63,1.0000,-1,-1,-1
49,430,1042.21,731.26,34.02,22.71,1.0000,-1,-1,-1
49,433,322.78,790.40,49.19,69.73,1.0000,-1,-1,-1
49,436,1174.65,301.13,97.50,90.05,1.0000,-1,-1,-1
49,441,1539.36,618.14,168.01,122.36,1.0000,-1,-1,-1
49,443,727.38,1145.84,-39.16,-36.56,1.0000,-1,-1,-1
49,444,720.48,832.95,120.33,113.81,1.0000,-1,-1,-1
49,445,778.73,850.07,113.36,127.72,1.0000,-1,-1,-1
49,447,879.30,34.27,209.03,115.45,0.9249,-1,-1,-1
49,448,891.43,455.18,62.18,46.44,1.0000,-1,-1,-1
49,452,937.02,736.04,-1.39,-2.28,1.0000,-1,-1,-1
49,472,1550.14,206.22,164.23,165.26,0.0139,-1,-1,-1
49,473,428.73,507.68,119.22,121.52,1.0000,-1,-1,-1
49,474,1215.09,503.18,42.78,48.75,1.0000,-1,-1,-1
49,475,1178.34,604.89,71.50,97.58,1.0000,-1,-1,-1
49,476,467.70,435.92,111.37,165.27,1.0000,-1,-1,-1
49,477,650.27,24.67,281.13,153.44,1.0000,-1,-1,-1
49,480,258.36,422.51,384.65,415.78,0.0663,-1,-1,-1
49,483,419.39,149.94,179.75,125.75,0.0180,-1,-1,-1
49,489,772.08,642.59,99.29,91.33,0.4056,-1,-1,-1
49,490,1118.33,532.88,57.75,74.35,1.0000,-1,-1,-1
49,491,394.00,166.42,104.76,98.34,0.7024,-1,-1,-1
49,495,379.99,5.19,114.96,84.21,0.6218,-1,-1,-1
49,497,1258.49,-5.10,117.72,90.74,0.9089,-1,-1,-1
49,498,905.12,259.17,48.65,52.89,1.0000,-1,-1,-1
49,505,1029.86,772.48,113.22,90.74,1.0000,-1,-1,-1
49,509,1002.29,427.69,119.48,92.50,0.0952,-1,-1,-1
49,511,422.24,485.77,81.80,98.62,1.0000,-1,-1,-1
49,512,855.92,757.39,113.14,93.06,1.0000,-1,-1,-1
49,514,1807.93,1050.00,72.70,26.61,1.0000,-1,-1,-1
49,522,691.95,444.99,197.67,237.72,1.0000,-1,-1,-1
49,525,658.12,241.42,-459.38,-783.43,1.0000,-1,-1,-1
49,527,306.87,315.24,156.76,130.93,0.1471,-1,-1,-1
49,529,-236.39,4.11,921.17,530.14,1.0000,-1,-1,-1
49,532,725.68,612.11,178.31,115.29,1.0000,-1,-1,-1
49,535,888.79,626.15,107.31,84.99,0.7562,-1,-1,-1
49,536,495.68,528.59,62.48,86.17,1.0000,-1,-1,-1
49,540,1225.26,530.75,104.25,103.89,0.0149,-1,-1,-1
49,543,1493.00,328.89,128.02,100.74,0.0333,-1,-1,-1
49,550,647.64,127.12,93.95,96.28,0.1047,-1,-1,-1
49,552,-14.15,2.99,291.92,468.47,0.1016,-1,-1,-1
49,562,1506.73,809.27,659.93,266.49,1.0000,-1,-1,-1
49,570,774.39,379.41,117.57,102.59,0.3989,-1,-1,-1
49,573,156.63,815.09,197.47,204.64,0.0194,-1,-1,-1
49,576,1529.88,1.23,264.87,77.26,0.8915,-1,-1,-1
49,578,900.08,321.85,74.22,189.31,0.0131,-1,-1,-1
49,579,819.51,534.14,82.84,99.05,0.1755,-1,-1,-1
49,580,-7.75,459.45,94.65,123.64,0.7785,-1,-1,-1
49,584,1093.43,359.24,49.46,48.52,0.3649,-1,-1,-1
49,586,1004.29,332.08,68.44,59.28,0.0354,-1,-1,-1
50,1,28.32,264.55,199.69,173.39,1.0000,-1,-1,-1
50,3,998.09,352.35,46.51,41.28,1.0000,-1,-1,-1
50,5,1176.07,653.64,118.33,110.30,0.7909,-1,-1,-1
50,6,460.02,430.79,85.94,77.98,1.0000,-1,-1,-1
50,9,42.32,919.50,199.02,154.48,1.0000,-1,-1,-1
50,27,1037.31,367.69,74.63,71.19,1.0000,-1,-1,-1
50,30,11.10,527.51,663.22,744.08,1.0000,-1,-1,-1
50,34,683.72,851.05,-70.64,-64.97,1.0000,-1,-1,-1
50,43,1277.34,-40.34,163.14,141.44,1.0000,-1,-1,-1
50,62,735.48,838.19,101.14,96.21,1.0000,-1,-1,-1
50,70,519.36,677.10,81.62,76.57,1.0000,-1,-1,-1
50,84,884.69,630.04,42.40,54.97,1.0000,-1,-1,-1
50,119,1564.56,701.95,134.97,104.78,1.0000,-1,-1,-1
50,127,1400.92,794.00,173.14,158.48,0.7297,-1,-1,-1
50,135,1056.72,239.06,67.59,72.34,0.0542,-1,-1,-1
50,141,403.99,948.23,169.97,197.21,1.0000,-1,-1,-1
50,152,1601.02,1010.06,162.20,68.35,0.1094,-1,-1,-1
50,155,917.56,335.82,543.94,516.34,1.0000,-1,-1,-1
50,156,1708.98,718.96,189.77,177.63,0.0785,-1,-1,-1
50,164,424.52,495.98,46.14,37.72,1.0000,-1,-1,-1
50,172,973.40,-8.45,-95.33,-55.08,1.0000,-1,-1,-1
50,175,916.99,352.96,85.27,90.75,1.0000,-1,-1,-1
50,183,1240.92,118.78,88.78,84.61,0.8804,-1,-1,-1
50,194,83.23,680.47,106.67,92.60,1.0000,-1,-1,-1
50,197,303.19,728.75,-1.04,-0.90,1.0000,-1,-1,-1
50,201,237.73,341.43,187.99,149.71,1.0000,-1,-1,-1
50,209,723.82,727.40,94.81,94.20,1.0000,-1,-1,-1
50,210,-338.49,944.27,11.77,8.29,1.0000,-1,-1,-1
50,219,-224.78,604.88,-126.38,-137.19,1.0000,-1,-1,-1
50,232,194.85,374.04,57.03,47.59,1.0000,-1,-1,-1
50,233,1783.79,539.06,88.24,293.59,1.0000,-1,-1,-1
50,235,-97.09,732.50,218.02,167.92,1.0000,-1,-1,-1
50,238,-117.99,745.47,461.85,419.63,1.0000,-1,-1,-1
50,239,478.33,807.25,92.94,97.44,1.0000,-1,-1,-1
50,241,1329.27,209.88,988.83,836.01,1.0000,-1,-1,-1
50,243,1454.68,574.89,411.12,432.12,1.0000,-1,-1,-1
50,245,719.56,214.18,120.68,119.36,0.8367,-1,-1,-1
50,251,1733.30,407.98,168.07,136.93,0.8524,-1,-1,-1
50,254,162.45,70.01,291.99,158.07,1.0000,-1,-1,-1
50,259,1856.04,758.56,-59.81,-113.13,1.0000,-1,-1,-1
50,261,1117.98,607.49,145.37,169.63,1.0000,-1,-1,-1
50,263,874.78,38.42,183.62,134.07,1.0000,-1,-1,-1
50,264,459.75,933.17,-17.16,-15.98,1.0000,-1,-1,-1
50,270,693.14,967.91,226.59,109.87,0.3484,-1,-1,-1
50,271,903.03,0.00,156.93,54.98,1.0000,-1,-1,-1
50,275,863.39,303.56,74.29,78.98,1.0000,-1,-1,-1
50,276,762.10,468.47,46.01,52.05,1.0000,-1,-1,-1
50,277,778.10,958.54,-190.10,-227.27,1.0000,-1,-1,-1
50,278,859.06,722.62,53.22,81.42,1.0000,-1,-1,-1
50,285,510.15,1474.81,-345.31,-390.25,1.0000,-1,-1,-1
50,288,710.09,699.72,399.06,226.79,1.0000,-1,-1,-1
50,290,224.96,514.07,157.55,168.33,1.0000,-1,-1,-1
50,291,457.59,-58.96,-460.21,-281.73,1.0000,-1,-1,-1
50,294,850.46,4.77,228.36,123.23,1.0000,-1,-1,-1
50,295,966.33,722.42,192.80,197.87,1.0000,-1,-1,-1
50,302,918.11,644.16,36.80,32.16,1.0000,-1,-1,-1
50,308,1367.62,-28.94,289.13,166.23,1.0000,-1,-1,-1
50,310,261.92,223.38,138.15,148.98,0.7843,-1,-1,-1
50,314,299.71,406.73,129.00,104.31,1.0000,-1,-1,-1
50,317,711.22,791.77,185.06,180.07,1.0000,-1,-1,-1
50,319,643.31,447.69,337.44,397.64,1.0000,-1,-1,-1
50,320,914.63,159.53,64.51,62.16,1.0000,-1,-1,-1
50,322,428.37,676.95,12.24,11.20,1.0000,-1,-1,-1
50,325,739.23,403.35,-1330.31,-2662.02,1.0000,-1,-1,-1
50,329,123.42,665.67,50.85,87.65,1.0000,-1,-1,-1
50,330,-244.54,591.91,435.30,431.79,1.0000,-1,-1,-1
50,331,247.74,818.02,15.50,21.64,1.0000,-1,-1,-1
50,332,-69.07,-1013.41,768.85,2811.42,1.0000,-1,-1,-1
50,337,66.42,308.58,74.00,70.84,1.0000,-1,-1,-1
50,339,838.77,196.44,56.62,56.56,1.0000,-1,-1,-1
50,340,1437.02,193.92,94.16,47.25,1.0000,-1,-1,-1
50,346,-62.72,-114.57,274.53,760.38,1.0000,-1,-1,-1
50,347,-768.37,-91.17,1792.97,1874.27,1.0000,-1,-1,-1
50,348,818.44,311.73,73.73,69.68,0.2681,-1,-1,-1
50,349,839.76,611.23,149.35,176.38,1.0000,-1,-1,-1
50,350,1231.32,468.44,29.04,32.37,1.0000,-1,-1,-1
50,351,52.59,-19.67,544.47,1996.90,1.0000,-1,-1,-1
50,353,1784.71,899.45,176.73,182.42,0.2426,-1,-1,-1
50,354,1032.68,553.06,178.31,184.10,0.1069,-1,-1,-1
50,356,1094.86,801.26,-40.72,-60.16,1.0000,-1,-1,-1
50,360,1123.85,216.72,90.59,94.80,1.0000,-1,-1,-1
50,364,166.49,-223.35,424.62,340.90,1.0000,-1,-1,-1
50,369,231.00,-232.95,-365.16,-1099.33,1.0000,-1,-1,-1
50,370,1528.84,-6.03,-53.78,-23.17,1.0000,-1,-1,-1
50,372,1362.51,111.54,240.61,164.35,1.0000,-1,-1,-1
50,374,1179.45,653.70,28.60,50.89,1.0000,-1,-1,-1
50,377,1359.19,650.56,3.13,3.53,1.0000,-1,-1,-1
50,383,1038.59,1128.48,-82.13,-43.46,1.0000,-1,-1,-1
50,384,1859.14,607.04,415.03,226.21,1.0000,-1,-1,-1
50,386,1456.71,2267.02,-1039.07,-1383.33,1.0000,-1,-1,-1
50,393,1421.85,299.89,142.37,82.75,1.0000,-1,-1,-1
50,399,1063.55,806.58,177.71,242.90,1.0000,-1,-1,-1
50,401,233.14,622.29,103.53,77.32,1.0000,-1,-1,-1
50,403,938.44,700.82,36.35,31.65,1.0000,-1,-1,-1
50,406,189.08,601.53,113.12,99.26,1.0000,-1,-1,-1
50,407,438.20,683.84,-160.41,-148.83,1.0000,-1,-1,-1
50,408,515.56,-190.36,99.90,112.42,1.0000,-1,-1,-1
50,411,312.01,423.57,101.60,131.76,1.0000,-1,-1,-1
50,413,1196.61,501.76,105.53,94.74,1.0000,-1,-1,-1
50,416,660.72,813.94,102.00,82.13,1.0000,-1,-1,-1
50,417,1286.30,774.68,-9.80,-17.36,1.0000,-1,-1,-1
50,420,1198.58,749.15,38.69,66.60,1.0000,-1,-1,-1
50,421,1294.74,783.89,82.73,141.93,1.0000,-1,-1,-1
50,422,858.28,464.71,-18.11,-17.25,1.0000,-1,-1,-1
50,423,693.15,491.99,95.60,82.50,0.3127,-1,-1,-1
50,424,293.88,568.57,-83.10,-71.60,1.0000,-1,-1,-1
50,426,529.57,679.29,66.22,59.26,1.0000,-1,-1,-1
50,427,413.58,-156.10,266.66,517.42,1.0000,-1,-1,-1
50,428,1015.25,845.25,55.66,92.30,1.0000,-1,-1,-1
50,430,1037.21,738.84,31.18,20.81,1.0000,-1,-1,-1
50,433,326.38,792.37,47.67,67.59,1.0000,-1,-1,-1
50,436,1191.15,300.49,94.90,87.65,1.0000,-1,-1,-1
50,441,1537.16,614.18,173.51,126.36,1.0000,-1,-1,-1
50,443,731.94,1152.97,-43.87,-40.96,1.0000,-1,-1,-1
50,444,706.23,841.70,121.24,114.68,1.0000,-1,-1,-1
50,445,781.38,865.47,113.12,127.45,1.0000,-1,-1,-1
50,447,886.34,54.77,202.50,116.95,0.9388,-1,-1,-1
50,448,892.70,454.17,63.55,47.46,1.0000,-1,-1,-1
50,452,943.02,733.58,-6.07,-9.94,1.0000,-1,-1,-1
50,472,1541.49,224.45,174.24,170.41,0.0968,-1,-1,-1
50,473,430.19,510.26,123.03,125.41,1.0000,-1,-1,-1
50,474,1219.13,507.71,39.83,45.39,1.0000,-1,-1,-1
50,475,1185.30,605.67,63.43,86.57,1.0000,-1,-1,-1
50,476,479.66,438.78,109.79,162.93,1.0000,-1,-1,-1
50,477,668.69,1.86,291.08,158.87,1.0000,-1,-1,-1
50,480,322.41,447.38,399.53,428.11,0.0319,-1,-1,-1
50,483,451.45,175.55,163.24,116.64,0.4842,-1,-1,-1
50,489,819.10,627.35,77.67,70.18,0.0116,-1,-1,-1
50,490,1120.24,518.79,55.98,72.07,1.0000,-1,-1,-1
50,491,408.50,179.77,102.28,97.23,0.6585,-1,-1,-1
50,495,393.08,20.34,106.94,77.14,0.6329,-1,-1,-1
50,497,1240.61,-3.58,124.85,94.61,0.8666,-1,-1,-1
50,498,909.66,258.35,49.21,53.50,1.0000,-1,-1,-1
50,505,1037.43,774.73,114.78,91.99,1.0000,-1,-1,-1
50,509,1009.71,447.56,114.84,90.65,0.8891,-1,-1,-1
50,511,425.79,484.97,81.19,97.90,1.0000,-1,-1,-1
50,512,854.04,755.57,109.58,90.12,1.0000,-1,-1,-1
50,514,1820.28,1055.16,58.44,21.39,1.0000,-1,-1,-1
50,522,681.45,440.57,214.00,257.36,1.0000,-1,-1,-1
50,525,737.26,267.36,-564.46,-962.64,1.0000,-1,-1,-1
50,527,294.32,334.34,160.29,133.48,0.1174,-1,-1,-1
50,529,-261.36,4.32,989.19,569.28,1.0000,-1,-1,-1
50,532,725.79,610.48,187.43,121.19,1.0000,-1,-1,-1
50,535,890.04,626.44,114.83,91.25,0.8828,-1,-1,-1
50,536,500.10,531.61,63.12,87.06,1.0000,-1,-1,-1
50,540,1243.24,567.54,85.92,85.57,0.5267,-1,-1,-1
50,543,1491.97,344.75,129.27,102.10,0.0387,-1,-1,-1
50,550,662.46,136.63,89.94,91.65,0.5024,-1,-1,-1
50,552,40.67,3.14,217.05,332.76,0.0430,-1,-1,-1
50,562,1463.89,773.74,747.21,301.73,1.0000,-1,-1,-1
50,570,795.76,379.40,108.37,94.65,0.3466,-1,-1,-1
50,573,172.14,828.25,195.97,202.27,0.0112,-1,-1,-1
50,576,1507.72,1.03,332.45,99.02,0.8914,-1,-1,-1
50,578,904.82,324.69,73.42,187.27,1.0000,-1,-1,-1
50,579,830.85,546.74,78.67,94.18,0.4579,-1,-1,-1
50,580,-12.78,489.89,77.36,102.41,0.5909,-1,-1,-1
50,584,1095.74,361.77,50.52,49.55,1.0000,-1,-1,-1
50,586,1014.62,336.04,60.19,52.14,1.0000,-1,-1,-1
50,589,1248.37,539.26,69.87,57.63,0.4757,-1,-1,-1
50,593,583.79,408.83,142.75,93.94,0.0271,-1,-1,-1
51,1,20.24,262.33,201.93,175.33,1.0000,-1,-1,-1
51,3,997.63,356.53,44.31,39.32,1.0000,-1,-1,-1
51,5,1185.95,670.17,113.80,106.76,0.8947,-1,-1,-1
51,6,464.38,432.60,85.37,77.46,1.0000,-1,-1,-1
51,9,32.78,930.33,200.19,155.40,1.0000,-1,-1,-1
51,27,1031.71,365.90,74.69,71.24,1.0000,-1,-1,-1
51,30,-20.30,522.21,681.28,764.35,1.0000,-1,-1,-1
51,34,681.95,864.64,-76.24,-70.12,1.0000,-1,-1,-1
51,43,1273.57,-42.87,162.88,141.21,1.0000,-1,-1,-1
51,62,729.13,839.93,100.84,95.92,1.0000,-1,-1,-1
51,70,510.53,680.15,80.65,75.66,1.0000,-1,-1,-1
51,84,876.84,626.63,41.56,53.88,1.0000,-1,-1,-1
51,119,1567.33,705.46,137.01,106.37,1.0000,-1,-1,-1
51,127,1414.02,803.04,177.77,163.68,0.7442,-1,-1,-1
51,135,1067.58,249.55,66.48,71.47,0.1297,-1,-1,-1
51,141,391.39,953.50,172.04,199.61,1.0000,-1,-1,-1
51,152,1627.95,1021.05,142.34,57.50,0.2114,-1,-1,-1
51,155,898.37,322.45,552.32,524.29,1.0000,-1,-1,-1
51,156,1726.42,727.39,194.53,182.61,0.1518,-1,-1,-1
51,164,426.37,497.43,44.02,35.98,1.0000,-1,-1,-1
51,172,977.42,-8.94,-103.50,-59.80,1.0000,-1,-1,-1
51,175,907.10,346.01,86.03,91.55,1.0000,-1,-1,-1
51,183,1248.18,135.12,87.88,83.26,0.8967,-1,-1,-1
51,194,80.15,684.23,107.15,93.02,1.0000,-1,-1,-1
51,197,293.43,727.40,-4.68,-4.04,1.0000,-1,-1,-1
51,201,235.98,336.16,192.19,153.06,1.0000,-1,-1,-1
51,209,717.09,734.18,95.18,94.58,1.0000,-1,-1,-1
51,232,205.38,375.09,50.91,42.48,1.0000,-1,-1,-1
51,233,1781.53,545.32,87.87,292.36,1.0000,-1,-1,-1
51,235,-111.12,738.91,222.31,171.23,1.0000,-1,-1,-1
51,238,-134.91,751.27,473.74,430.43,1.0000,-1,-1,-1
51,239,479.02,813.93,91.77,96.21,1.0000,-1,-1,-1
51,241,1314.21,185.37,1016.57,859.46,1.0000,-1,-1,-1
51,243,1452.48,568.55,418.28,439.65,1.0000,-1,-1,-1
51,245,727.28,229.88,123.95,123.38,0.8257,-1,-1,-1
51,251,1748.17,414.15,173.69,141.79,0.8129,-1,-1,-1
51,261,1117.24,601.95,146.97,171.50,1.0000,-1,-1,-1
51,264,448.52,938.74,-19.51,-18.17,1.0000,-1,-1,-1
51,270,727.98,985.90,198.44,90.84,0.1468,-1,-1,-1
51,271,900.16,0.00,160.10,56.09,1.0000,-1,-1,-1
51,275,861.30,303.68,75.00,79.73,1.0000,-1,-1,-1
51,276,768.36,458.75,44.45,50.28,1.0000,-1,-1,-1
51,277,782.88,971.75,-199.49,-238.49,1.0000,-1,-1,-1
51,278,854.24,720.99,52.74,80.69,1.0000,-1,-1,-1
51,285,515.18,1491.70,-359.98,-406.83,1.0000,-1,-1,-1
51,288,693.48,692.58,409.04,232.46,1.0000,-1,-1,-1
51,290,212.16,507.22,160.60,171.59,1.0000,-1,-1,-1
51,291,466.06,-61.93,-486.75,-297.98,1.0000,-1,-1,-1
51,294,845.74,4.94,234.95,126.79,1.0000,-1,-1,-1
51,295,960.21,722.71,197.33,202.53,1.0000,-1,-1,-1
51,302,918.45,639.72,32.55,28.44,1.0000,-1,-1,-1
51,308,1367.36,-30.94,290.47,167.00,1.0000,-1,-1,-1
51,310,277.67,241.62,138.06,148.03,0.7115,-1,-1,-1
51,314,297.99,400.00,128.66,104.03,1.0000,-1,-1,-1
51,317,711.83,804.83,187.36,182.30,1.0000,-1,-1,-1
51,319,658.79,434.68,345.75,407.44,1.0000,-1,-1,-1
51,320,915.47,154.46,64.67,62.32,1.0000,-1,-1,-1
51,322,425.58,674.16,9.68,8.85,1.0000,-1,-1,-1
51,325,768.66,401.47,-1392.41,-2786.29,1.0000,-1,-1,-1
51,329,120.21,664.28,50.84,87.64,1.0000,-1,-1,-1
51,330,-253.76,579.95,445.62,442.03,1.0000,-1,-1,-1
51,331,248.82,824.96,14.25,19.89,1.0000,-1,-1,-1
51,332,-72.22,-1065.05,793.77,2902.55,1.0000,-1,-1,-1
51,337,48.53,293.89,73.27,70.14,1.0000,-1,-1,-1
51,339,839.79,192.43,56.97,56.92,1.0000,-1,-1,-1
51,340,1435.89,194.86,88.67,44.49,1.0000,-1,-1,-1
51,346,-65.28,-124.40,280.37,776.55,1.0000,-1,-1,-1
51,347,-802.94,-125.14,1861.63,1946.05,1.0000,-1,-1,-1
51,348,827.13,324.89,68.55,65.55,0.5456,-1,-1,-1
51,349,837.38,605.65,151.63,179.07,1.0000,-1,-1,-1
51,350,1235.24,467.76,27.18,30.29,1.0000,-1,-1,-1
51,351,55.02,-24.89,558.78,2049.38,1.0000,-1,-1,-1
51,353,1798.45,907.67,175.92,181.58,1.0000,-1,-1,-1
51,354,1061.49,568.43,168.71,174.54,0.4979,-1,-1,-1
51,356,1101.37,805.82,-44.48,-65.72,1.0000,-1,-1,-1
51,360,1127.17,215.46,92.92,97.24,1.0000,-1,-1,-1
51,364,170.41,-249.98,439.85,353.13,1.0000,-1,-1,-1
51,369,237.54,-258.64,-385.77,-1161.38,1.0000,-1,-1,-1
51,370,1534.10,-13.01,-62.77,-27.04,1.0000,-1,-1,-1
51,372,1358.36,108.29,245.10,167.42,1.0000,-1,-1,-1
51,374,1185.77,651.16,27.16,48.34,1.0000,-1,-1,-1
51,377,1362.50,647.44,0.88,1.00,1.0000,-1,-1,-1
51,383,1038.98,1132.67,-89.49,-47.35,1.0000,-1,-1,-1
51,384,1879.39,603.49,430.15,234.46,1.0000,-1,-1,-1
51,386,1526.80,2368.97,-1103.24,-1468.76,1.0000,-1,-1,-1
51,393,1421.08,307.18,138.93,80.74,1.0000,-1,-1,-1
51,399,1068.18,800.03,181.31,247.82,1.0000,-1,-1,-1
51,401,237.78,630.24,99.96,74.66,1.0000,-1,-1,-1
51,403,941.68,705.92,33.48,29.15,1.0000,-1,-1,-1
51,406,190.88,598.05,113.61,99.69,1.0000,-1,-1,-1
51,407,448.81,687.52,-173.66,-161.12,1.0000,-1,-1,-1
51,408,537.10,-213.62,95.84,107.85,1.0000,-1,-1,-1
51,411,315.65,409.50,102.64,133.10,1.0000,-1,-1,-1
51,413,1199.66,507.46,107.02,96.08,1.0000,-1,-1,-1
51,416,660.71,821.91,103.20,83.10,1.0000,-1,-1,-1
51,417,1293.12,778.01,-12.90,-22.84,1.0000,-1,-1,-1
51,420,1200.17,749.79,38.19,65.74,1.0000,-1,-1,-1
51,421,1301.98,786.02,85.56,146.78,1.0000,-1,-1,-1
51,422,865.90,462.45,-24.58,-23.41,1.0000,-1,-1,-1
51,423,722.74,477.63,84.89,73.25,1.0000,-1,-1,-1
51,424,304.39,563.60,-96.36,-83.03,1.0000,-1,-1,-1
51,426,538.20,684.04,64.22,57.48,1.0000,-1,-1,-1
51,427,437.78,-214.60,275.24,534.08,1.0000,-1,-1,-1
51,428,1019.25,854.11,55.47,91.98,1.0000,-1,-1,-1
51,430,1032.20,746.41,28.35,18.92,1.0000,-1,-1,-1
51,433,329.98,794.34,46.16,65.44,1.0000,-1,-1,-1
51,436,1207.65,299.86,92.30,85.25,1.0000,-1,-1,-1
51,441,1534.96,610.23,179.00,130.36,1.0000,-1,-1,-1
51,443,736.50,1160.10,-48.58,-45.35,1.0000,-1,-1,-1
51,444,691.99,850.45,122.16,115.55,1.0000,-1,-1,-1
51,445,784.02,880.86,112.89,127.19,1.0000,-1,-1,-1
51,447,897.44,75.42,194.14,117.06,0.8827,-1,-1,-1
51,448,893.97,453.16,64.92,48.48,1.0000,-1,-1,-1
51,452,949.02,731.12,-10.75,-17.61,1.0000,-1,-1,-1
51,472,1549.57,243.05,176.77,170.64,0.3627,-1,-1,-1
51,473,431.65,512.83,126.85,129.30,1.0000,-1,-1,-1
51,474,1223.17,512.23,36.87,42.02,1.0000,-1,-1,-1
51,475,1192.26,606.44,55.36,75.56,1.0000,-1,-1,-1
51,476,491.62,441.65,108.22,160.59,1.0000,-1,-1,-1
51,477,687.12,-20.95,301.02,164.30,1.0000,-1,-1,-1
51,480,411.76,476.79,403.47,432.75,0.3809,-1,-1,-1
51,483,449.97,194.56,161.15,113.65,0.0184,-1,-1,-1
51,489,838.61,636.53,82.51,76.43,0.0120,-1,-1,-1
51,490,1122.14,504.69,54.21,69.79,1.0000,-1,-1,-1
51,491,424.01,192.07,101.25,97.87,0.5838,-1,-1,-1
51,495,413.81,36.18,96.88,68.60,0.6490,-1,-1,-1
51,497,1231.20,-2.69,128.07,96.11,0.8822,-1,-1,-1
51,498,914.21,257.53,49.77,54.11,1.0000,-1,-1,-1
51,505,1045.01,776.98,116.34,93.24,1.0000,-1,-1,-1
51,509,1017.29,465.86,110.16,88.55,0.8898,-1,-1,-1
51,511,429.35,484.18,80.59,97.17,1.0000,-1,-1,-1
51,512,852.16,753.74,106.01,87.19,1.0000,-1,-1,-1
51,514,1832.63,1060.32,44.19,16.17,1.0000,-1,-1,-1
51,522,670.94,436.16,230.33,277.00,1.0000,-1,-1,-1
51,525,816.40,293.30,-669.54,-1141.86,1.0000,-1,-1,-1
51,527,286.31,348.04,166.05,139.01,0.1565,-1,-1,-1
51,529,-286.32,4.53,1057.20,608.42,1.0000,-1,-1,-1
51,532,725.89,608.85,196.55,127.08,1.0000,-1,-1,-1
51,535,894.67,625.20,121.40,97.42,0.8755,-1,-1,-1
51,536,504.52,534.62,63.76,87.94,1.0000,-1,-1,-1
51,540,1249.75,579.11,86.43,86.07,1.0000,-1,-1,-1
51,543,1495.91,361.38,133.54,106.05,0.1680,-1,-1,-1
51,550,676.46,142.76,90.42,91.31,0.2508,-1,-1,-1
51,552,53.22,2.86,186.22,285.49,1.0000,-1,-1,-1
51,562,1421.06,738.21,834.50,336.98,1.0000,-1,-1,-1
51,570,811.88,382.11,113.73,99.53,0.3439,-1,-1,-1
51,573,182.63,837.63,193.31,198.39,0.0339,-1,-1,-1
51,576,1487.79,0.53,400.79,122.84,0.9297,-1,-1,-1
51,578,909.55,327.53,72.62,185.23,1.0000,-1,-1,-1
51,579,843.03,561.06,75.87,90.58,0.2171,-1,-1,-1
51,580,-9.79,522.92,57.94,77.80,0.6639,-1,-1,-1
51,584,1111.27,375.92,49.91,49.03,0.0258,-1,-1,-1
51,586,1024.94,340.00,51.94,45.00,1.0000,-1,-1,-1
51,589,1253.60,551.85,78.24,64.69,0.6473,-1,-1,-1
51,593,610.66,422.98,116.05,75.40,0.0390,-1,-1,-1
51,594,243.22,477.26,117.18,106.20,0.6225,-1,-1,-1
51,595,-7.02,157.79,149.28,406.63,0.0791,-1,-1,-1
51,596,196.09,724.70,95.44,110.38,0.0320,-1,-1,-1
51,597,905.29,815.81,90.54,68.05,0.5252,-1,-1,-1
51,598,876.63,718.10,142.50,130.82,0.1983,-1,-1,-1
51,599,1568.62,766.37,129.66,108.52,0.8617,-1,-1,-1
51,601,806.06,692.08,43.58,67.24,0.0111,-1,-1,-1
51,606,933.01,818.14,137.84,112.48,0.0186,-1,-1,-1
52,1,12.16,260.11,204.16,177.28,1.0000,-1,-1,-1
52,3,997.18,360.72,42.10,37.37,1.0000,-1,-1,-1
52,5,1195.56,685.12,109.06,102.24,0.3559,-1,-1,-1
52,6,468.74,434.40,84.80,76.94,1.0000,-1,-1,-1
52,9,23.23,941.16,201.37,156.31,1.0000,-1,-1,-1
52,27,1026.11,364.12,74.74,71.30,1.0000,-1,-1,-1
52,30,-51.70,516.92,699.33,784.62,1.0000,-1,-1,-1
52,34,680.18,878.24,-81.83,-75.27,1.0000,-1,-1,-1
52,43,1269.80,-45.40,162.62,140.99,1.0000,-1,-1,-1
52,62,722.78,841.67,100.53,95.63,1.0000,-1,-1,-1
52,84,869.00,623.22,40.72,52.79,1.0000,-1,-1,-1
52,119,1570.10,708.97,139.05,107.96,1.0000,-1,-1,-1
52,127,1429.13,802.61,176.53,163.03,0.3243,-1,-1,-1
52,135,1071.06,256.35,69.31,74.74,0.6828,-1,-1,-1
52,152,1648.56,1034.15,117.55,44.20,0.0391,-1,-1,-1
52,156,1734.32,739.60,205.45,196.73,0.0659,-1,-1,-1
52,164,428.23,498.88,41.90,34.25,1.0000,-1,-1,-1
52,172,981.44,-9.43,-111.67,-64.52,1.0000,-1,-1,-1
52,175,897.22,339.06,86.78,92.35,1.0000,-1,-1,-1
52,183,1252.71,149.18,89.23,84.41,0.8956,-1,-1,-1
52,194,77.06,687.99,107.63,93.44,1.0000,-1,-1,-1
52,201,234.22,330.89,196.40,156.41,1.0000,-1,-1,-1
52,209,710.36,740.96,95.56,94.95,1.0000,-1,-1,-1
52,232,215.90,376.15,44.78,37.37,1.0000,-1,-1,-1
52,233,1779.27,551.59,87.49,291.12,1.0000,-1,-1,-1
52,235,-125.14,745.33,226.60,174.53,1.0000,-1,-1,-1
52,238,-151.84,757.07,485.63,441.23,1.0000,-1,-1,-1
52,239,479.72,820.61,90.60,94.98,1.0000,-1,-1,-1
52,241,1299.16,160.85,1044.30,882.91,1.0000,-1,-1,-1
52,243,1450.29,562.20,425.44,447.18,1.0000,-1,-1,-1
52,245,736.02,246.85,121.37,121.45,0.1690,-1,-1,-1
52,251,1760.42,419.26,176.01,146.01,0.8525,-1,-1,-1
52,261,1116.50,596.41,148.57,173.37,1.0000,-1,-1,-1
52,264,437.28,944.32,-21.86,-20.36,1.0000,-1,-1,-1
52,270,753.05,997.17,181.76,79.16,0.2549,-1,-1,-1
52,271,897.28,0.00,163.26,57.19,1.0000,-1,-1,-1
52,275,859.21,303.80,75.70,80.48,1.0000,-1,-1,-1
52,276,774.61,449.03,42.88,48.51,1.0000,-1,-1,-1
52,277,787.67,984.96,-208.88,-249.72,1.0000,-1,-1,-1
52,278,849.42,719.36,52.26,79.96,1.0000,-1,-1,-1
52,285,520.21,1508.60,-374.66,-423.42,1.0000,-1,-1,-1
52,288,676.88,685.45,419.02,238.13,1.0000,-1,-1,-1
52,290,199.37,500.38,163.66,174.86,1.0000,-1,-1,-1
52,291,474.52,-64.91,-513.30,-314.24,1.0000,-1,-1,-1
52,294,841.02,5.10,241.55,130.35,1.0000,-1,-1,-1
52,295,954.09,723.00,201.87,207.19,1.0000,-1,-1,-1
52,302,918.79,635.28,28.29,24.72,1.0000,-1,-1,-1
52,308,1367.10,-32.95,291.81,167.77,1.0000,-1,-1,-1
52,310,293.83,260.04,130.18,137.98,0.7603,-1,-1,-1
52,314,296.28,393.26,128.31,103.75,1.0000,-1,-1,-1
52,317,712.44,817.88,189.65,184.54,1.0000,-1,-1,-1
52,319,674.27,421.67,354.06,417.23,1.0000,-1,-1,-1
52,320,916.31,149.39,64.83,62.47,1.0000,-1,-1,-1
52,322,422.79,671.38,7.12,6.51,1.0000,-1,-1,-1
52,325,798.10,399.59,-1454.52,-2910.56,1.0000,-1,-1,-1
52,329,117.00,662.90,50.83,87.63,1.0000,-1,-1,-1
52,330,-262.98,567.99,455.94,452.27,1.0000,-1,-1,-1
52,331,249.89,831.89,13.00,18.15,1.0000,-1,-1,-1
52,332,-75.37,-1116.70,818.69,2993.68,1.0000,-1,-1,-1
52,337,30.63,279.21,72.54,69.45,1.0000,-1,-1,-1
52,339,840.81,188.42,57.33,57.27,1.0000,-1,-1,-1
52,340,1434.76,195.80,83.17,41.74,1.0000,-1,-1,-1
52,346,-67.83,-134.23,286.21,792.72,1.0000,-1,-1,-1
52,347,-837.51,-159.10,1930.29,2017.82,1.0000,-1,-1,-1
52,348,833.05,336.94,67.17,65.02,0.4326,-1,-1,-1
52,349,835.00,600.06,153.92,181.77,1.0000,-1,-1,-1
52,350,1239.15,467.09,25.31,28.21,1.0000,-1,-1,-1
52,351,57.44,-30.12,573.09,2101.86,1.0000,-1,-1,-1
52,353,1812.20,915.89,175.10,180.74,1.0000,-1,-1,-1
52,354,1079.58,584.02,174.98,182.95,0.5707,-1,-1,-1
52,356,1107.88,810.39,-48.24,-71.28,1.0000,-1,-1,-1
52,360,1152.42,268.13,73.55,77.09,0.0102,-1,-1,-1
52,364,174.33,-276.62,455.08,365.35,1.0000,-1,-1,-1
52,369,244.08,-284.33,-406.38,-1223.42,1.0000,-1,-1,-1
52,370,1539.35,-19.99,-71.77,-30.92,1.0000,-1,-1,-1
52,372,1354.22,105.03,249.59,170.49,1.0000,-1,-1,-1
52,374,1192.08,648.63,25.73,45.79,1.0000,-1,-1,-1
52,377,1365.80,644.32,-1.37,-1.54,1.0000,-1,-1,-1
52,383,1039.36,1136.85,-96.84,-51.24,1.0000,-1,-1,-1
52,384,1899.63,599.94,445.27,242.70,1.0000,-1,-1,-1
52,386,1596.90,2470.91,-1167.41,-1554.19,1.0000,-1,-1,-1
52,393,1420.31,314.47,135.48,78.74,1.0000,-1,-1,-1
52,399,1072.81,793.49,184.92,252.75,1.0000,-1,-1,-1
52,401,242.41,638.19,96.40,72.00,1.0000,-1,-1,-1
52,403,944.92,711.03,30.61,26.65,1.0000,-1,-1,-1
52,406,192.67,594.57,114.09,100.11,1.0000,-1,-1,-1
52,407,459.42,691.20,-186.90,-173.41,1.0000,-1,-1,-1
52,408,558.65,-236.88,91.78,103.28,1.0000,-1,-1,-1
52,411,319.29,395.44,103.67,134.44,1.0000,-1,-1,-1
52,413,1202.70,513.15,108.51,97.42,1.0000,-1,-1,-1
52,416,660.70,829.88,104.40,84.07,1.0000,-1,-1,-1
52,417,1299.93,781.34,-16.00,-28.32,1.0000,-1,-1,-1
52,420,1201.75,750.44,37.69,64.88,1.0000,-1,-1,-1
52,421,1309.21,788.15,88.39,151.64,1.0000,-1,-1,-1
52,422,873.52,460.19,-31.06,-29.58,1.0000,-1,-1,-1
52,423,752.32,463.28,74.17,64.01,1.0000,-1,-1,-1
52,424,314.89,558.62,-109.62,-94.46,1.0000,-1,-1,-1
52,426,546.83,688.80,62.23,55.69,1.0000,-1,-1,-1
52,427,461.99,-273.11,283.83,550.74,1.0000,-1,-1,-1
52,428,1023.25,862.96,55.28,91.66,1.0000,-1,-1,-1
52,430,1027.20,753.98,25.51,17.03,1.0000,-1,-1,-1
52,433,333.58,796.32,44.64,63.29,1.0000,-1,-1,-1
52,436,1224.15,299.22,89.70,82.85,1.0000,-1,-1,-1
52,441,1532.77,606.28,184.49,134.36,1.0000,-1,-1,-1
52,443,741.07,1167.23,-53.29,-49.75,1.0000,-1,-1,-1
52,444,677.74,859.19,123.08,116.41,1.0000,-1,-1,-1
52,445,786.67,896.26,112.66,126.93,1.0000,-1,-1,-1
52,447,907.81,96.15,184.85,116.15,0.5658,-1,-1,-1
52,448,895.24,452.15,66.29,49.50,1.0000,-1,-1,-1
52,452,955.02,728.66,-15.43,-25.27,1.0000,-1,-1,-1
52,472,1560.46,262.08,175.56,168.28,0.7685,-1,-1,-1
52,473,433.11,515.41,130.66,133.18,1.0000,-1,-1,-1
52,474,1227.21,516.76,33.92,38.65,1.0000,-1,-1,-1
52,475,1199.22,607.22,47.29,64.55,1.0000,-1,-1,-1
52,476,503.57,444.52,106.64,158.25,1.0000,-1,-1,-1
52,477,705.54,-43.76,310.97,169.73,1.0000,-1,-1,-1
52,480,489.91,490.94,421.38,458.28,0.3314,-1,-1,-1
52,483,454.41,210.55,162.40,114.53,1.0000,-1,-1,-1
52,489,850.61,636.42,84.12,77.92,1.0000,-1,-1,-1
52,490,1124.05,490.59,52.44,67.51,1.0000,-1,-1,-1
52,491,440.11,206.06,93.74,91.91,0.1987,-1,-1,-1
52,495,427.69,48.39,89.03,61.61,0.3866,-1,-1,-1
52,497,1219.36,-2.63,131.88,98.79,0.8905,-1,-1,-1
52,498,918.76,256.71,50.33,54.72,1.0000,-1,-1,-1
52,505,1052.58,779.23,117.89,94.49,1.0000,-1,-1,-1
52,509,1022.89,482.40,106.04,86.89,0.6280,-1,-1,-1
52,511,432.90,483.39,79.99,96.45,1.0000,-1,-1,-1
52,512,850.27,751.92,102.45,84.26,1.0000,-1,-1,-1
52,514,1844.99,1065.48,29.94,10.96,1.0000,-1,-1,-1
52,522,660.44,431.74,246.66,296.64,1.0000,-1,-1,-1
52,525,895.54,319.24,-774.62,-1321.07,1.0000,-1,-1,-1
52,527,270.74,354.27,168.17,140.79,1.0000,-1,-1,-1
52,529,-311.28,4.75,1125.22,647.57,1.0000,-1,-1,-1
52,532,726.00,607.23,205.68,132.98,1.0000,-1,-1,-1
52,535,901.08,623.26,121.43,98.44,0.8430,-1,-1,-1
52,536,508.95,537.63,64.40,88.83,1.0000,-1,-1,-1
52,540,1265.20,613.06,78.31,78.06,0.4132,-1,-1,-1
52,543,1495.10,370.29,142.69,114.82,0.2498,-1,-1,-1
52,550,686.55,150.35,87.04,87.69,0.0717,-1,-1,-1
52,552,65.77,2.59,155.39,238.23,1.0000,-1,-1,-1
52,562,1378.23,702.68,921.78,372.22,1.0000,-1,-1,-1
52,570,829.44,384.82,103.40,90.37,0.2400,-1,-1,-1
52,573,287.31,932.18,133.94,135.06,0.0853,-1,-1,-1
52,576,1472.17,3.74,455.70,144.56,0.7084,-1,-1,-1
52,578,914.28,330.37,71.82,183.19,1.0000,-1,-1,-1
52,579,861.88,573.37,67.68,81.29,0.0498,-1,-1,-1
52,580,-9.66,541.11,44.44,61.06,0.2063,-1,-1,-1
52,584,1116.92,381.40,50.56,49.67,1.0000,-1,-1,-1
52,586,1035.27,343.96,43.70,37.85,1.0000,-1,-1,-1
52,589,1259.81,566.45,78.20,64.90,0.6943,-1,-1,-1
52,593,603.12,428.86,138.87,90.22,0.0477,-1,-1,-1
52,594,258.49,493.21,111.57,100.78,0.6932,-1,-1,-1
52,595,20.31,217.11,98.09,260.39,0.0289,-1,-1,-1
52,596,231.52,735.16,59.64,68.70,0.0248,-1,-1,-1
52,597,910.50,817.89,89.97,66.83,0.1527,-1,-1,-1
52,598,932.68,710.93,77.27,70.13,0.0582,-1,-1,-1
52,599,1539.71,785.73,153.10,129.63,0.0546,-1,-1,-1
52,601,819.98,703.69,38.72,59.74,1.0000,-1,-1,-1
52,606,943.41,822.50,118.35,95.78,0.0108,-1,-1,-1
52,613,263.68,257.62,195.95,255.46,0.0679,-1,-1,-1
52,615,861.43,463.10,57.93,59.19,0.0143,-1,-1,-1
52,621,1110.44,877.66,141.06,167.47,0.6114,-1,-1,-1
52,622,1086.74,807.51,81.76,73.00,0.1640,-1,-1,-1
52,623,329.21,2.93,209.10,105.24,0.2114,-1,-1,-1
52,624,1515.80,938.28,50.71,58.29,0.1886,-1,-1,-1
52,626,467.17,463.95,116.13,90.77,0.5850,-1,-1,-1
52,630,16.75,538.69,25.98,99.69,0.0144,-1,-1,-1
52,634,265.27,681.47,137.05,100.85,0.6841,-1,-1,-1
53,1,4.07,257.88,206.40,179.22,1.0000,-1,-1,-1
53,3,996.73,364.91,39.90,35.41,1.0000,-1,-1,-1
53,5,1200.97,698.42,110.37,103.47,0.0907,-1,-1,-1
53,6,473.09,436.20,84.23,76.43,1.0000,-1,-1,-1
53,9,13.69,952.00,202.55,157.22,1.0000,-1,-1,-1
53,27,1020.52,362.33,74.80,71.36,1.0000,-1,-1,-1
53,30,-83.09,511.63,717.39,804.88,1.0000,-1,-1,-1
53,43,1266.03,-47.94,162.36,140.76,1.0000,-1,-1,-1
53,62,716.42,843.40,100.23,95.34,1.0000,-1,-1,-1
53,84,861.15,619.81,39.88,51.70,1.0000,-1,-1,-1
53,119,1572.87,712.47,141.10,109.54,1.0000,-1,-1,-1
53,127,1427.10,764.08,212.12,195.11,0.0839,-1,-1,-1
53,135,1072.47,263.87,74.09,80.92,0.4591,-1,-1,-1
53,152,1669.58,1041.99,96.93,36.44,1.0000,-1,-1,-1
53,156,1746.96,752.15,205.41,202.68,0.1582,-1,-1,-1
53,164,430.08,500.34,39.78,32.51,1.0000,-1,-1,-1
53,172,985.45,-9.92,-119.84,-69.24,1.0000,-1,-1,-1
53,175,887.33,332.11,87.54,93.16,1.0000,-1,-1,-1
53,183,1257.44,163.92,88.48,83.35,0.9140,-1,-1,-1
53,194,73.97,691.75,108.10,93.85,1.0000,-1,-1,-1
53,201,232.47,325.62,200.60,159.76,1.0000,-1,-1,-1
53,209,703.64,747.73,95.94,95.33,1.0000,-1,-1,-1
53,232,226.42,377.21,38.66,32.26,1.0000,-1,-1,-1
53,233,1777.01,557.85,87.12,289.88,1.0000,-1,-1,-1
53,235,-139.17,751.75,230.89,177.84,1.0000,-1,-1,-1
53,238,-168.77,762.87,497.52,452.04,1.0000,-1,-1,-1
53,239,480.42,827.29,89.42,93.75,1.0000,-1,-1,-1
53,241,1284.10,136.33,1072.04,906.36,1.0000,-1,-1,-1
53,243,1448.09,555.86,432.60,454.71,1.0000,-1,-1,-1
53,245,741.35,265.15,118.64,118.83,0.2087,-1,-1,-1
53,251,1769.90,423.93,179.03,152.95,0.6658,-1,-1,-1
53,261,1115.76,590.87,150.18,175.24,1.0000,-1,-1,-1
53,270,771.28,998.86,184.41,78.31,0.0387,-1,-1,-1
53,276,780.87,439.31,41.32,46.74,1.0000,-1,-1,-1
53,278,844.61,717.73,51.78,79.22,1.0000,-1,-1,-1
53,285,525.25,1525.50,-389.34,-440.01,1.0000,-1,-1,-1
53,288,660.27,678.32,429.00,243.81,1.0000,-1,-1,-1
53,290,186.57,493.54,166.72,178.13,1.0000,-1,-1,-1
53,291,482.99,-67.88,-539.84,-330.49,1.0000,-1,-1,-1
53,294,836.29,5.26,248.14,133.90,1.0000,-1,-1,-1
53,295,947.97,723.30,206.41,211.84,1.0000,-1,-1,-1
53,302,919.12,630.84,24.03,21.00,1.0000,-1,-1,-1
53,308,1366.84,-34.95,293.14,168.54,1.0000,-1,-1,-1
53,310,304.74,275.10,125.91,131.92,0.7703,-1,-1,-1
53,314,294.56,386.53,127.96,103.47,1.0000,-1,-1,-1
53,317,713.05,830.94,191.95,186.78,1.0000,-1,-1,-1
53,319,689.76,408.66,362.37,427.02,1.0000,-1,-1,-1
53,320,917.15,144.31,64.99,62.63,1.0000,-1,-1,-1
53,322,419.99,668.59,4.56,4.17,1.0000,-1,-1,-1
53,325,827.54,397.71,-1516.62,-3034.83,1.0000,-1,-1,-1
53,329,113.79,661.52,50.83,87.62,1.0000,-1,-1,-1
53,330,-272.20,556.02,466.26,462.51,1.0000,-1,-1,-1
53,331,250.97,838.82,11.75,16.40,1.0000,-1,-1,-1
53,332,-78.52,-1168.35,843.62,3084.80,1.0000,-1,-1,-1
53,337,12.74,264.52,71.82,68.75,1.0000,-1,-1,-1
53,339,841.82,184.41,57.68,57.63,1.0000,-1,-1,-1
53,340,1433.63,196.74,77.68,38.98,1.0000,-1,-1,-1
53,346,-70.39,-144.06,292.04,808.89,1.0000,-1,-1,-1
53,347,-872.08,-193.07,1998.95,2089.59,1.0000,-1,-1,-1
53,348,836.71,348.40,67.98,66.73,0.0321,-1,-1,-1
53,349,832.62,594.47,156.20,184.46,1.0000,-1,-1,-1
53,350,1243.07,466.41,23.45,26.14,1.0000,-1,-1,-1
53,351,59.86,-35.34,587.41,2154.35,1.0000,-1,-1,-1
53,353,1825.95,924.11,174.28,179.89,1.0000,-1,-1,-1
53,354,1091.88,598.49,181.45,192.41,0.6624,-1,-1,-1
53,356,1114.39,814.96,-52.01,-76.84,1.0000,-1,-1,-1
53,360,1157.37,270.90,74.27,77.85,1.0000,-1,-1,-1
53,364,178.24,-303.25,470.30,377.58,1.0000,-1,-1,-1
53,369,250.61,-310.03,-426.99,-1285.47,1.0000,-1,-1,-1
53,370,1544.61,-26.97,-80.76,-34.80,1.0000,-1,-1,-1
53,372,1350.08,101.78,254.08,173.55,1.0000,-1,-1,-1
53,374,1198.39,646.10,24.30,43.24,1.0000,-1,-1,-1
53,377,1369.11,641.20,-3.62,-4.08,1.0000,-1,-1,-1
53,383,1039.75,1141.04,-104.19,-55.13,1.0000,-1,-1,-1
53,384,1919.88,596.39,460.39,250.94,1.0000,-1,-1,-1
53,386,1666.99,2572.86,-1231.58,-1639.62,1.0000,-1,-1,-1
53,393,1419.54,321.76,132.03,76.74,1.0000,-1,-1,-1
53,399,1077.44,786.94,188.52,257.67,1.0000,-1,-1,-1
53,401,247.05,646.14,92.84,69.34,1.0000,-1,-1,-1
53,403,948.16,716.14,27.74,24.15,1.0000,-1,-1,-1
53,406,194.47,591.09,114.58,100.54,1.0000,-1,-1,-1
53,407,470.03,694.89,-200.15,-185.70,1.0000,-1,-1,-1
53,408,580.20,-260.14,87.72,98.71,1.0000,-1,-1,-1
53,411,322.93,381.37,104.70,135.78,1.0000,-1,-1,-1
53,413,1205.74,518.85,110.00,98.75,1.0000,-1,-1,-1
53,416,660.69,837.85,105.60,85.03,1.0000,-1,-1,-1
53,417,1306.74,784.67,-19.10,-33.81,1.0000,-1,-1,-1
53,420,1203.33,751.08,37.19,64.01,1.0000,-1,-1,-1
53,421,1316.45,790.29,91.22,156.49,1.0000,-1,-1,-1
53,422,881.14,457.93,-37.53,-35.75,1.0000,-1,-1,-1
53,423,781.90,448.92,63.46,54.77,1.0000,-1,-1,-1
53,424,325.40,553.65,-122.88,-105.88,1.0000,-1,-1,-1
53,426,555.45,693.55,60.24,53.91,1.0000,-1,-1,-1
53,427,486.19,-331.62,292.41,567.40,1.0000,-1,-1,-1
53,428,1027.26,871.81,55.08,91.34,1.0000,-1,-1,-1
53,430,1022.19,761.55,22.68,15.14,1.0000,-1,-1,-1
53,433,337.18,798.29,43.13,61.14,1.0000,-1,-1,-1
53,436,1240.64,298.59,87.11,80.45,1.0000,-1,-1,-1
53,441,1530.57,602.32,189.98,138.35,1.0000,-1,-1,-1
53,443,745.63,1174.36,-58.00,-54.15,1.0000,-1,-1,-1
53,444,663.49,867.94,123.99,117.28,1.0000,-1,-1,-1
53,445,789.32,911.65,112.42,126.66,1.0000,-1,-1,-1
53,447,916.71,118.05,172.98,112.92,0.8391,-1,-1,-1
53,448,896.51,451.14,67.65,50.52,1.0000,-1,-1,-1
53,452,961.02,726.20,-20.11,-32.94,1.0000,-1,-1,-1
53,472,1562.34,280.09,176.86,168.46,0.5000,-1,-1,-1
53,473,434.56,517.98,134.47,137.07,1.0000,-1,-1,-1
53,474,1231.25,521.29,30.97,35.28,1.0000,-1,-1,-1
53,475,1206.18,607.99,39.22,53.53,1.0000,-1,-1,-1
53,476,515.53,447.38,105.06,155.91,1.0000,-1,-1,-1
53,477,723.96,-66.57,320.91,175.16,1.0000,-1,-1,-1
53,480,564.15,493.40,437.70,481.10,0.0789,-1,-1,-1
53,483,458.85,226.53,163.64,115.40,1.0000,-1,-1,-1
53,489,862.61,636.30,85.72,79.40,1.0000,-1,-1,-1
53,490,1125.96,476.50,50.67,65.24,1.0000,-1,-1,-1
53,491,454.19,218.75,89.64,88.60,0.7378,-1,-1,-1
53,495,424.36,53.81,93.32,62.42,0.0708,-1,-1,-1
53,497,1205.98,-2.48,138.10,103.50,0.9025,-1,-1,-1
53,498,923.31,255.89,50.89,55.33,1.0000,-1,-1,-1
53,505,1060.15,781.48,119.45,95.74,1.0000,-1,-1,-1
53,509,1026.04,499.13,101.87,84.85,0.3271,-1,-1,-1
53,511,436.46,482.59,79.39,95.72,1.0000,-1,-1,-1
53,512,848.39,750.10,98.88,81.33,1.0000,-1,-1,-1
53,514,1857.34,1070.64,15.69,5.74,1.0000,-1,-1,-1
53,522,649.93,427.33,262.99,316.28,1.0000,-1,-1,-1
53,525,974.69,345.19,-879.71,-1500.28,1.0000,-1,-1,-1
53,527,255.16,360.50,170.30,142.58,1.0000,-1,-1,-1
53,529,-336.24,4.96,1193.24,686.71,1.0000,-1,-1,-1
53,532,726.11,605.60,214.80,138.88,1.0000,-1,-1,-1
53,535,907.98,618.22,123.70,103.20,0.0218,-1,-1,-1
53,536,513.37,540.65,65.04,89.71,1.0000,-1,-1,-1
53,540,1273.79,634.84,81.65,81.59,0.5839,-1,-1,-1
53,543,1497.60,381.43,148.32,120.40,0.5060,-1,-1,-1
53,550,695.82,159.81,86.55,86.99,0.0289,-1,-1,-1
53,552,78.32,2.32,124.56,190.96,1.0000,-1,-1,-1
53,562,1335.40,667.15,1009.06,407.47,1.0000,-1,-1,-1
53,570,847.29,388.74,101.04,88.55,0.0751,-1,-1,-1
53,573,321.47,961.60,116.50,117.48,1.0000,-1,-1,-1
53,576,1457.18,3.82,499.77,158.54,1.0000,-1,-1,-1
53,578,919.01,333.21,71.02,181.15,1.0000,-1,-1,-1
53,579,872.32,583.70,64.50,77.48,1.0000,-1,-1,-1
53,580,-11.20,564.26,30.95,42.52,1.0000,-1,-1,-1
53,584,1122.57,386.88,51.21,50.31,1.0000,-1,-1,-1
53,586,1045.59,347.92,35.45,30.71,1.0000,-1,-1,-1
53,589,1262.13,580.88,81.33,67.96,0.7463,-1,-1,-1
53,593,618.72,439.87,120.73,77.46,0.0322,-1,-1,-1
53,594,272.94,516.87,101.15,90.57,0.8845,-1,-1,-1
53,595,28.33,262.30,72.14,191.51,1.0000,-1,-1,-1
53,596,236.82,752.32,48.71,56.11,1.0000,-1,-1,-1
53,597,914.26,820.80,88.44,65.69,1.0000,-1,-1,-1
53,598,952.83,711.88,56.49,51.27,1.0000,-1,-1,-1
53,599,1525.24,799.25,165.20,139.88,1.0000,-1,-1,-1
53,601,833.89,715.30,33.86,52.24,1.0000,-1,-1,-1
53,606,946.82,826.65,114.43,92.61,1.0000,-1,-1,-1
53,613,256.03,273.30,199.58,262.09,0.1303,-1,-1,-1
53,615,863.42,462.32,61.24,62.58,1.0000,-1,-1,-1
53,621,1109.44,871.47,145.54,172.11,0.5238,-1,-1,-1
53,622,1093.23,805.90,81.18,72.47,1.0000,-1,-1,-1
53,623,342.52,11.41,208.53,105.61,0.1616,-1,-1,-1
53,624,1521.50,950.87,42.67,49.05,1.0000,-1,-1,-1
53,626,473.33,472.81,112.53,88.88,0.8434,-1,-1,-1
53,630,17.56,565.98,20.84,79.96,1.0000,-1,-1,-1
53,634,287.01,682.27,118.61,87.92,0.4531,-1,-1,-1
53,636,347.09,600.27,114.97,125.07,0.7673,-1,-1,-1
53,642,1223.64,351.79,105.58,108.75,0.0243,-1,-1,-1
53,643,130.61,993.16,124.30,78.72,0.3952,-1,-1,-1
53,644,495.10,238.58,124.34,120.65,0.0602,-1,-1,-1
53,646,1201.51,294.86,163.82,167.74,0.0269,-1,-1,-1
54,1,-4.01,255.66,208.63,181.16,1.0000,-1,-1,-1
54,3,996.28,369.09,37.69,33.45,1.0000,-1,-1,-1
54,5,1207.90,713.51,105.71,98.45,0.1948,-1,-1,-1
54,6,477.45,438.00,83.66,75.91,1.0000,-1,-1,-1
54,9,4.15,962.83,203.73,158.14,1.0000,-1,-1,-1
54,27,1014.92,360.55,74.86,71.41,1.0000,-1,-1,-1
54,30,-114.49,506.33,735.45,825.15,1.0000,-1,-1,-1
54,62,710.07,845.14,99.92,95.05,1.0000,-1,-1,-1
54,84,853.30,616.40,39.04,50.61,1.0000,-1,-1,-1
54,119,1575.65,715.98,143.14,111.13,1.0000,-1,-1,-1
54,127,1437.05,764.53,216.38,199.03,1.0000,-1,-1,-1
54,135,1074.40,272.69,74.44,81.87,0.7452,-1,-1,-1
54,152,1690.60,1049.83,76.30,28.69,1.0000,-1,-1,-1
54,156,1761.54,765.33,196.24,200.54,0.0236,-1,-1,-1
54,164,431.94,501.79,37.65,30.78,1.0000,-1,-1,-1
54,172,989.47,-10.41,-128.01,-73.96,1.0000,-1,-1,-1
54,175,877.45,325.16,88.30,93.96,1.0000,-1,-1,-1
54,183,1260.44,178.93,88.36,82.96,0.9025,-1,-1,-1
54,194,70.88,695.51,108.58,94.27,1.0000,-1,-1,-1
54,201,230.72,320.35,204.81,163.11,1.0000,-1,-1,-1
54,209,696.91,754.51,96.31,95.70,1.0000,-1,-1,-1
54,232,236.95,378.27,32.54,27.15,1.0000,-1,-1,-1
54,233,1774.74,564.11,86.75,288.64,1.0000,-1,-1,-1
54,235,-153.19,758.16,235.17,181.14,1.0000,-1,-1,-1
54,238,-185.70,768.67,509.41,462.84,1.0000,-1,-1,-1
54,239,481.12,833.97,88.25,92.53,1.0000,-1,-1,-1
54,243,1445.89,549.51,439.77,462.24,1.0000,-1,-1,-1
54,245,745.35,283.85,114.86,114.41,0.6270,-1,-1,-1
54,251,1783.24,429.68,173.18,153.63,0.6962,-1,-1,-1
54,261,1115.02,585.33,151.78,177.11,1.0000,-1,-1,-1
54,270,787.86,1000.77,182.67,76.27,0.1015,-1,-1,-1
54,276,787.12,429.60,39.75,44.97,1.0000,-1,-1,-1
54,278,839.79,716.11,51.30,78.49,1.0000,-1,-1,-1
54,288,643.66,671.19,438.98,249.48,1.0000,-1,-1,-1
54,290,173.78,486.70,169.77,181.39,1.0000,-1,-1,-1
54,291,491.45,-70.86,-566.39,-346.74,1.0000,-1,-1,-1
54,294,831.57,5.43,254.74,137.46,1.0000,-1,-1,-1
54,302,919.46,626.39,19.78,17.28,1.0000,-1,-1,-1
54,308,1366.58,-36.96,294.48,169.31,1.0000,-1,-1,-1
54,310,311.50,291.33,124.14,129.04,0.7931,-1,-1,-1
54,314,292.85,379.79,127.61,103.18,1.0000,-1,-1,-1
54,317,713.66,844.00,194.25,189.02,1.0000,-1,-1,-1
54,319,705.24,395.65,370.69,436.82,1.0000,-1,-1,-1
54,320,917.99,139.24,65.15,62.78,1.0000,-1,-1,-1
54,322,417.20,665.81,1.99,1.82,1.0000,-1,-1,-1
54,325,856.98,395.82,-1578.72,-3159.10,1.0000,-1,-1,-1
54,329,110.58,660.13,50.82,87.61,1.0000,-1,-1,-1
54,330,-281.43,544.06,476.59,472.75,1.0000,-1,-1,-1
54,331,252.04,845.75,10.50,14.66,1.0000,-1,-1,-1
54,332,-81.67,-1219.99,868.54,3175.93,1.0000,-1,-1,-1
54,337,-5.15,249.84,71.09,68.05,1.0000,-1,-1,-1
54,339,842.84,180.41,58.04,57.98,1.0000,-1,-1,-1
54,340,1432.50,197.67,72.19,36.22,1.0000,-1,-1,-1
54,346,-72.94,-153.89,297.88,825.06,1.0000,-1,-1,-1
54,347,-906.65,-227.03,2067.61,2161.37,1.0000,-1,-1,-1
54,348,840.93,354.24,68.07,66.81,1.0000,-1,-1,-1
54,349,830.24,588.88,158.48,187.16,1.0000,-1,-1,-1
54,350,1246.99,465.74,21.59,24.06,1.0000,-1,-1,-1
54,351,62.29,-40.57,601.72,2206.83,1.0000,-1,-1,-1
54,353,1839.69,932.32,173.46,179.05,1.0000,-1,-1,-1
54,354,1109.89,613.67,176.80,188.76,0.5613,-1,-1,-1
54,356,1120.90,819.52,-55.77,-82.41,1.0000,-1,-1,-1
54,360,1162.33,273.66,74.99,78.60,1.0000,-1,-1,-1
54,364,182.16,-329.88,485.53,389.80,1.0000,-1,-1,-1
54,369,257.15,-335.72,-447.60,-1347.51,1.0000,-1,-1,-1
54,370,1549.86,-33.95,-89.76,-38.67,1.0000,-1,-1,-1
54,372,1345.93,98.52,258.57,176.62,1.0000,-1,-1,-1
54,374,1204.71,643.56,22.87,40.69,1.0000,-1,-1,-1
54,377,1372.42,638.08,-5.86,-6.62,1.0000,-1,-1,-1
54,383,1040.14,1145.23,-111.55,-59.02,1.0000,-1,-1,-1
54,384,1940.13,592.84,475.52,259.19,1.0000,-1,-1,-1
54,386,1737.08,2674.81,-1295.75,-1725.05,1.0000,-1,-1,-1
54,393,1418.78,329.04,128.59,74.74,1.0000,-1,-1,-1
54,399,1082.07,780.39,192.12,262.60,1.0000,-1,-1,-1
54,401,251.68,654.09,89.27,66.68,1.0000,-1,-1,-1
54,403,951.39,721.25,24.87,21.65,1.0000,-1,-1,-1
54,406,196.26,587.61,115.06,100.97,1.0000,-1,-1,-1
54,407,480.64,698.57,-213.40,-197.99,1.0000,-1,-1,-1
54,408,601.75,-283.40,83.66,94.15,1.0000,-1,-1,-1
54,411,326.56,367.30,105.73,137.11,1.0000,-1,-1,-1
54,413,1208.79,524.55,111.49,100.09,1.0000,-1,-1,-1
54,416,660.69,845.82,106.80,86.00,1.0000,-1,-1,-1
54,417,1313.56,788.01,-22.19,-39.29,1.0000,-1,-1,-1
54,420,1204.91,751.73,36.69,63.15,1.0000,-1,-1,-1
54,421,1323.68,792.42,94.04,161.35,1.0000,-1,-1,-1
54,422,888.76,455.67,-44.01,-41.91,1.0000,-1,-1,-1
54,423,811.48,434.56,52.75,45.52,1.0000,-1,-1,-1
54,424,335.91,548.68,-136.15,-117.31,1.0000,-1,-1,-1
54,426,564.08,698.30,58.25,52.13,1.0000,-1,-1,-1
54,427,510.40,-390.13,301.00,584.06,1.0000,-1,-1,-1
54,428,1031.26,880.67,54.89,91.02,1.0000,-1,-1,-1
54,430,1017.18,769.13,19.84,13.24,1.0000,-1,-1,-1
54,433,340.78,800.27,41.61,58.99,1.0000,-1,-1,-1
54,436,1257.14,297.95,84.51,78.05,1.0000,-1,-1,-1
54,441,1528.37,598.37,195.48,142.35,1.0000,-1,-1,-1
54,443,750.19,1181.49,-62.70,-58.55,1.0000,-1,-1,-1
54,444,649.24,876.69,124.91,118.15,1.0000,-1,-1,-1
54,445,791.97,927.04,112.19,126.40,1.0000,-1,-1,-1
54,447,921.77,136.39,165.54,112.01,0.9246,-1,-1,-1
54,448,897.78,450.13,69.02,51.54,1.0000,-1,-1,-1
54,452,967.02,723.74,-24.79,-40.60,1.0000,-1,-1,-1
54,472,1565.60,296.74,174.05,165.07,0.0809,-1,-1,-1
54,473,436.02,520.55,138.29,140.96,1.0000,-1,-1,-1
54,474,1235.29,525.82,28.01,31.92,1.0000,-1,-1,-1
54,475,1213.15,608.77,31.15,42.52,1.0000,-1,-1,-1
54,476,527.49,450.25,103.49,153.57,1.0000,-1,-1,-1
54,477,742.39,-89.38,330.86,180.59,1.0000,-1,-1,-1
54,480,636.14,508.54,437.72,487.84,0.8286,-1,-1,-1
54,483,463.29,242.51,164.88,116.28,1.0000,-1,-1,-1
54,489,874.61,636.18,87.33,80.89,1.0000,-1,-1,-1
54,490,1127.86,462.40,48.90,62.96,1.0000,-1,-1,-1
54,491,465.50,230.90,86.46,85.48,0.8544,-1,-1,-1
54,495,431.48,69.93,84.41,54.32,0.0481,-1,-1,-1
54,497,1191.37,-2.18,143.11,107.52,0.9283,-1,-1,-1
54,498,927.85,255.06,51.46,55.94,1.0000,-1,-1,-1
54,505,1067.72,783.73,121.01,96.98,1.0000,-1,-1,-1
54,509,1027.10,515.22,99.38,83.80,0.8743,-1,-1,-1
54,511,440.02,481.80,78.79,94.99,1.0000,-1,-1,-1
54,512,846.51,748.28,95.32,78.40,1.0000,-1,-1,-1
54,514,1869.69,1075.80,1.43,0.52,1.0000,-1,-1,-1
54,522,639.43,422.91,279.32,335.92,1.0000,-1,-1,-1
54,525,1053.83,371.13,-984.79,-1679.49,1.0000,-1,-1,-1
54,527,239.59,366.73,172.43,144.36,1.0000,-1,-1,-1
54,529,-361.20,5.17,1261.25,725.85,1.0000,-1,-1,-1
54,532,726.21,603.97,223.92,144.78,1.0000,-1,-1,-1
54,535,911.47,613.84,125.31,104.54,1.0000,-1,-1,-1
54,536,517.80,543.66,65.69,90.59,1.0000,-1,-1,-1
54,540,1281.76,652.54,80.31,79.80,0.6464,-1,-1,-1
54,543,1497.22,394.34,150.53,123.50,0.4418,-1,-1,-1
54,550,702.44,168.31,81.98,82.02,0.1228,-1,-1,-1
54,552,90.87,2.05,93.72,143.69,1.0000,-1,-1,-1
54,562,1292.56,631.62,1096.34,442.72,1.0000,-1,-1,-1
54,570,859.27,394.98,96.74,85.01,0.2614,-1,-1,-1
54,573,355.63,991.03,99.05,99.89,1.0000,-1,-1,-1
54,576,1442.18,3.91,543.85,172.52,1.0000,-1,-1,-1
54,578,923.74,336.05,70.22,179.11,1.0000,-1,-1,-1
54,579,882.76,594.04,61.33,73.66,1.0000,-1,-1,-1
54,580,-12.74,587.41,17.46,23.99,1.0000,-1,-1,-1
54,584,1128.23,392.36,51.87,50.95,1.0000,-1,-1,-1
54,586,1055.92,351.89,27.20,23.56,1.0000,-1,-1,-1
54,589,1265.86,593.55,80.25,67.18,0.6328,-1,-1,-1
54,593,642.57,447.59,96.63,60.48,0.0132,-1,-1,-1
54,594,279.82,530.81,100.55,89.22,0.8489,-1,-1,-1
54,595,36.35,307.50,46.20,122.63,1.0000,-1,-1,-1
54,596,242.11,769.47,37.79,43.53,1.0000,-1,-1,-1
54,597,918.02,823.70,86.91,64.55,1.0000,-1,-1,-1
54,598,972.97,712.83,35.70,32.40,1.0000,-1,-1,-1
54,599,1510.77,812.76,177.31,150.13,1.0000,-1,-1,-1
54,601,847.81,726.91,29.00,44.74,1.0000,-1,-1,-1
54,606,950.23,830.81,110.51,89.44,1.0000,-1,-1,-1
54,613,246.92,288.55,204.43,270.51,0.0334,-1,-1,-1
54,615,865.42,461.54,64.55,65.96,1.0000,-1,-1,-1
54,621,1114.14,871.92,139.46,163.90,0.6528,-1,-1,-1
54,622,1099.73,804.29,80.59,71.95,1.0000,-1,-1,-1
54,623,343.44,11.37,223.33,114.69,0.0124,-1,-1,-1
54,624,1527.19,963.45,34.63,39.81,1.0000,-1,-1,-1
54,626,476.64,480.32,109.67,87.69,0.8583,-1,-1,-1
54,630,18.38,593.28,15.70,60.22,1.0000,-1,-1,-1
54,634,310.57,688.32,99.28,73.83,0.5737,-1,-1,-1
54,636,347.16,615.12,111.59,120.20,0.7847,-1,-1,-1
54,642,1236.51,366.67,98.44,101.17,0.2078,-1,-1,-1
54,643,135.80,997.60,124.11,77.46,0.3792,-1,-1,-1
54,644,495.97,255.99,121.64,118.03,0.4548,-1,-1,-1
54,646,1232.20,305.94,120.17,121.99,0.1013,-1,-1,-1
54,657,1283.05,245.77,52.85,57.59,0.2951,-1,-1,-1
54,663,481.55,582.24,90.91,88.54,0.2958,-1,-1,-1
54,668,1560.45,42.17,301.25,149.03,0.9211,-1,-1,-1
54,669,7.89,581.62,84.89,107.86,0.7223,-1,-1,-1
54,673,249.88,725.81,59.05,70.92,0.0490,-1,-1,-1
55,1,-12.09,253.44,210.87,183.10,1.0000,-1,-1,-1
55,3,995.82,373.28,35.48,31.49,1.0000,-1,-1,-1
55,5,1212.96,724.66,101.52,94.24,0.7355,-1,-1,-1
55,6,481.81,439.81,83.08,75.39,1.0000,-1,-1,-1
55,9,-5.40,973.66,204.90,159.05,1.0000,-1,-1,-1
55,27,1009.32,358.76,74.92,71.47,1.0000,-1,-1,-1
55,30,-145.89,501.04,753.51,845.41,1.0000,-1,-1,-1
55,84,845.46,612.99,38.20,49.52,1.0000,-1,-1,-1
55,119,1578.42,719.49,145.18,112.71,1.0000,-1,-1,-1
55,127,1447.01,764.99,220.63,202.95,1.0000,-1,-1,-1
55,135,1076.55,277.88,72.81,80.29,0.7306,-1,-1,-1
55,152,1711.62,1057.68,55.68,20.94,1.0000,-1,-1,-1
55,156,1777.82,771.88,198.28,202.62,1.0000,-1,-1,-1
55,164,433.79,503.24,35.53,29.05,1.0000,-1,-1,-1
55,172,993.49,-10.90,-136.18,-78.68,1.0000,-1,-1,-1
55,183,1261.78,190.15,89.65,84.09,0.8552,-1,-1,-1
55,194,67.79,699.27,109.06,94.68,1.0000,-1,-1,-1
55,201,228.97,315.08,209.02,166.46,1.0000,-1,-1,-1
55,209,690.19,761.29,96.69,96.08,1.0000,-1,-1,-1
55,232,247.47,379.32,26.41,22.04,1.0000,-1,-1,-1
55,233,1772.48,570.37,86.38,287.41,1.0000,-1,-1,-1
55,235,-167.22,764.58,239.46,184.45,1.0000,-1,-1,-1
55,238,-202.62,774.47,521.30,473.64,1.0000,-1,-1,-1
55,239,481.81,840.65,87.08,91.30,1.0000,-1,-1,-1
55,243,1443.70,543.16,446.93,469.76,1.0000,-1,-1,-1
55,245,743.22,296.71,116.54,115.46,0.8242,-1,-1,-1
55,251,1797.29,434.68,162.83,150.87,0.7788,-1,-1,-1
55,261,1114.28,579.79,153.38,178.98,1.0000,-1,-1,-1
55,270,808.50,1015.05,155.60,61.78,0.2082,-1,-1,-1
55,276,793.38,419.88,38.19,43.20,1.0000,-1,-1,-1
55,278,834.98,714.48,50.82,77.75,1.0000,-1,-1,-1
55,290,160.99,479.86,172.83,184.66,1.0000,-1,-1,-1
55,291,499.92,-73.83,-592.94,-362.99,1.0000,-1,-1,-1
55,302,919.80,621.95,15.52,13.56,1.0000,-1,-1,-1
55,308,1366.32,-38.96,295.82,170.08,1.0000,-1,-1,-1
55,310,312.37,300.33,128.72,133.56,0.7680,-1,-1,-1
55,314,291.13,373.06,127.27,102.90,1.0000,-1,-1,-1
55,317,714.28,857.06,196.55,191.25,1.0000,-1,-1,-1
55,319,720.73,382.64,379.00,446.61,1.0000,-1,-1,-1
55,320,918.83,134.17,65.31,62.94,1.0000,-1,-1,-1
55,322,414.41,663.02,-0.57,-0.52,1.0000,-1,-1,-1
55,325,886.42,393.94,-1640.82,-3283.37,1.0000,-1,-1,-1
55,329,107.37,658.75,50.81,87.59,1.0000,-1,-1,-1
55,330,-290.65,532.10,486.91,482.99,1.0000,-1,-1,-1
55,331,253.12,852.68,9.25,12.91,1.0000,-1,-1,-1
55,332,-84.82,-1271.64,893.46,3267.06,1.0000,-1,-1,-1
55,337,-23.05,235.15,70.36,67.35,1.0000,-1,-1,-1
55,339,843.86,176.40,58.39,58.34,1.0000,-1,-1,-1
55,340,1431.37,198.61,66.70,33.47,1.0000,-1,-1,-1
55,346,-75.50,-163.72,303.72,841.23,1.0000,-1,-1,-1
55,347,-941.22,-261.00,2136.27,2233.14,1.0000,-1,-1,-1
55,348,841.85,365.35,66.17,65.68,0.0638,-1,-1,-1
55,349,827.86,583.29,160.76,189.85,1.0000,-1,-1,-1
55,350,1250.90,465.06,19.72,21.98,1.0000,-1,-1,-1
55,351,64.71,-45.80,616.03,2259.31,1.0000,-1,-1,-1
55,353,1853.44,940.54,172.65,178.21,1.0000,-1,-1,-1
55,354,1123.97,624.76,169.22,180.34,0.4020,-1,-1,-1
55,356,1127.41,824.09,-59.54,-87.97,1.0000,-1,-1,-1
55,360,1167.29,276.43,75.71,79.35,1.0000,-1,-1,-1
55,364,186.08,-356.51,500.76,402.03,1.0000,-1,-1,-1
55,369,263.69,-361.41,-468.21,-1409.56,1.0000,-1,-1,-1
55,370,1555.12,-40.93,-98.75,-42.55,1.0000,-1,-1,-1
55,372,1341.79,95.27,263.06,179.69,1.0000,-1,-1,-1
55,374,1211.02,641.03,21.43,38.14,1.0000,-1,-1,-1
55,377,1375.73,634.96,-8.11,-9.15,1.0000,-1,-1,-1
55,383,1040.52,1149.42,-118.90,-62.91,1.0000,-1,-1,-1
55,384,1960.38,589.29,490.64,267.43,1.0000,-1,-1,-1
55,386,1807.17,2776.76,-1359.91,-1810.47,1.0000,-1,-1,-1
55,393,1418.01,336.33,125.14,72.73,1.0000,-1,-1,-1
55,399,1086.70,773.85,195.73,267.52,1.0000,-1,-1,-1
55,401,256.32,662.04,85.71,64.02,1.0000,-1,-1,-1
55,403,954.63,726.35,22.00,19.15,1.0000,-1,-1,-1
55,406,198.06,584.13,115.55,101.39,1.0000,-1,-1,-1
55,407,491.25,702.25,-226.65,-210.28,1.0000,-1,-1,-1
55,408,623.30,-306.65,79.60,89.58,1.0000,-1,-1,-1
55,411,330.20,353.23,106.76,138.45,1.0000,-1,-1,-1
55,413,1211.83,530.25,112.98,101.43,1.0000,-1,-1,-1
55,416,660.68,853.79,108.00,86.97,1.0000,-1,-1,-1
55,417,1320.37,791.34,-25.29,-44.77,1.0000,-1,-1,-1
55,420,1206.50,752.38,36.19,62.29,1.0000,-1,-1,-1
55,421,1330.91,794.55,96.87,166.20,1.0000,-1,-1,-1
55,422,896.38,453.41,-50.48,-48.08,1.0000,-1,-1,-1
55,423,841.06,420.21,42.04,36.28,1.0000,-1,-1,-1
55,424,346.41,543.70,-149.41,-128.74,1.0000,-1,-1,-1
55,426,572.71,703.06,56.25,50.34,1.0000,-1,-1,-1
55,427,534.60,-448.64,309.58,600.71,1.0000,-1,-1,-1
55,428,1035.27,889.52,54.70,90.70,1.0000,-1,-1,-1
55,430,1012.18,776.70,17.01,11.35,1.0000,-1,-1,-1
55,433,344.38,802.24,40.09,56.84,1.0000,-1,-1,-1
55,436,1273.64,297.32,81.91,75.65,1.0000,-1,-1,-1
55,441,1526.17,594.42,200.97,146.35,1.0000,-1,-1,-1
55,443,754.75,1188.62,-67.41,-62.94,1.0000,-1,-1,-1
55,444,635.00,885.43,125.83,119.01,1.0000,-1,-1,-1
55,445,794.61,942.44,111.95,126.13,1.0000,-1,-1,-1
55,447,926.57,150.81,155.58,108.63,0.9189,-1,-1,-1
55,448,899.06,449.12,70.39,52.56,1.0000,-1,-1,-1
55,452,973.02,721.28,-29.47,-48.27,1.0000,-1,-1,-1
55,472,1561.52,312.74,175.70,166.33,0.4455,-1,-1,-1
55,473,437.48,523.13,142.10,144.85,1.0000,-1,-1,-1
55,474,1239.33,530.34,25.06,28.55,1.0000,-1,-1,-1
55,475,1220.11,609.55,23.09,31.51,1.0000,-1,-1,-1
55,476,539.45,453.11,101.91,151.23,1.0000,-1,-1,-1
55,477,760.81,-112.19,340.81,186.02,1.0000,-1,-1,-1
55,480,711.82,534.25,428.36,483.23,0.5315,-1,-1,-1
55,483,467.73,258.49,166.12,117.15,1.0000,-1,-1,-1
55,489,886.61,636.06,88.93,82.38,1.0000,-1,-1,-1
55,490,1129.77,448.30,47.13,60.68,1.0000,-1,-1,-1
55,491,472.33,236.28,84.95,83.51,0.8137,-1,-1,-1
55,495,439.85,78.20,75.62,47.10,0.0251,-1,-1,-1
55,497,1184.35,-1.85,141.47,106.85,0.8583,-1,-1,-1
55,498,932.40,254.24,52.02,56.55,1.0000,-1,-1,-1
55,505,1075.29,785.98,122.57,98.23,1.0000,-1,-1,-1
55,509,1024.04,526.99,99.84,85.58,0.8184,-1,-1,-1
55,511,443.57,481.01,78.19,94.27,1.0000,-1,-1,-1
55,512,844.62,746.46,91.75,75.46,1.0000,-1,-1,-1
55,514,1882.04,1080.96,-12.82,-4.69,1.0000,-1,-1,-1
55,522,628.92,418.50,295.65,355.56,1.0000,-1,-1,-1
55,525,1132.97,397.07,-1089.87,-1858.70,1.0000,-1,-1,-1
55,527,224.01,372.96,174.56,146.14,1.0000,-1,-1,-1
55,529,-386.17,5.39,1329.27,765.00,1.0000,-1,-1,-1
55,532,726.32,602.35,233.04,150.67,1.0000,-1,-1,-1
55,535,914.95,609.45,126.92,105.88,1.0000,-1,-1,-1
55,536,522.22,546.67,66.33,91.48,1.0000,-1,-1,-1
55,540,1287.56,665.85,81.10,79.76,0.6060,-1,-1,-1
55,543,1497.58,406.78,152.16,125.22,0.0282,-1,-1,-1
55,550,705.80,170.73,79.98,79.88,0.1334,-1,-1,-1
55,552,103.42,1.78,62.89,96.42,1.0000,-1,-1,-1
55,562,1249.73,596.08,1183.63,477.96,1.0000,-1,-1,-1
55,570,867.42,397.18,94.95,83.70,0.2637,-1,-1,-1
55,573,389.79,1020.45,81.61,82.30,1.0000,-1,-1,-1
55,576,1427.18,3.99,587.92,186.50,1.0000,-1,-1,-1
55,578,928.47,338.90,69.42,177.07,1.0000,-1,-1,-1
55,579,893.20,604.37,58.15,69.84,1.0000,-1,-1,-1
55,580,-14.28,610.55,3.97,5.46,1.0000,-1,-1,-1
55,584,1133.88,397.84,52.52,51.59,1.0000,-1,-1,-1
55,586,1066.24,355.85,18.96,16.42,1.0000,-1,-1,-1
55,589,1266.17,600.65,77.63,65.46,0.0206,-1,-1,-1
55,593,655.50,455.61,85.69,53.63,1.0000,-1,-1,-1
55,594,283.35,538.59,99.91,87.42,0.8566,-1,-1,-1
55,595,44.36,352.69,20.25,53.75,1.0000,-1,-1,-1
55,596,247.41,786.63,26.87,30.95,1.0000,-1,-1,-1
55,597,921.78,826.61,85.38,63.42,1.0000,-1,-1,-1
55,598,993.12,713.77,14.92,13.54,1.0000,-1,-1,-1
55,599,1496.31,826.28,189.41,160.37,1.0000,-1,-1,-1
55,601,861.72,738.51,24.14,37.24,1.0000,-1,-1,-1
55,606,953.63,834.96,106.60,86.27,1.0000,-1,-1,-1
55,613,237.00,297.75,208.78,277.28,0.1106,-1,-1,-1
55,615,867.42,460.77,67.86,69.35,1.0000,-1,-1,-1
55,621,1112.30,858.10,142.94,167.18,0.7546,-1,-1,-1
55,622,1106.22,802.68,80.01,71.43,1.0000,-1,-1,-1
55,623,346.78,13.35,231.53,118.90,1.0000,-1,-1,-1
55,624,1532.89,976.04,26.59,30.57,1.0000,-1,-1,-1
55,626,477.30,483.29,106.83,86.57,0.8705,-1,-1,-1
55,630,19.20,620.57,10.55,40.49,1.0000,-1,-1,-1
55,634,323.21,692.88,88.74,65.78,0.5402,-1,-1,-1
55,636,348.21,619.04,111.62,118.56,0.8410,-1,-1,-1
55,642,1245.30,375.41,95.12,97.76,1.0000,-1,-1,-1
55,643,142.49,1001.97,121.50,74.73,0.2370,-1,-1,-1
55,644,494.99,275.71,114.89,111.24,0.5802,-1,-1,-1
55,646,1253.39,324.01,84.19,83.20,0.0182,-1,-1,-1
55,657,1279.51,253.67,53.84,57.68,0.0495,-1,-1,-1
55,663,463.33,581.71,116.10,114.00,0.7184,-1,-1,-1
55,668,1565.19,58.91,302.50,151.90,0.9109,-1,-1,-1
55,669,9.81,593.80,87.29,109.96,0.6590,-1,-1,-1
55,673,249.82,731.46,60.72,72.37,0.0476,-1,-1,-1
55,675,1283.99,761.33,136.60,172.25,0.0987,-1,-1,-1
55,678,194.34,1050.98,55.07,27.70,0.0290,-1,-1,-1
55,681,459.96,567.06,230.89,208.80,0.5772,-1,-1,-1
56,1,-20.17,251.22,213.10,185.04,1.0000,-1,-1,-1
56,3,995.37,377.47,33.28,29.54,1.0000,-1,-1,-1
56,5,1199.71,738.64,124.52,118.57,0.3267,-1,-1,-1
56,6,486.16,441.61,82.51,74.87,1.0000,-1,-1,-1
56,9,-14.94,984.49,206.08,159.96,1.0000,-1,-1,-1
56,27,1003.72,356.97,74.98,71.52,1.0000,-1,-1,-1
56,30,-177.29,495.75,771.57,865.68,1.0000,-1,-1,-1
56,84,837.61,609.58,37.35,48.43,1.0000,-1,-1,-1
56,119,1581.19,722.99,147.22,114.30,1.0000,-1,-1,-1
56,127,1456.97,765.44,224.89,206.87,1.0000,-1,-1,-1
56,135,1078.98,281.67,70.10,77.11,0.7580,-1,-1,-1
56,152,1732.64,1065.52,35.06,13.18,1.0000,-1,-1,-1
56,156,1794.10,778.44,200.32,204.70,1.0000,-1,-1,-1
56,164,435.65,504.69,33.41,27.31,1.0000,-1,-1,-1
56,172,997.51,-11.39,-144.35,-83.40,1.0000,-1,-1,-1
56,183,1263.42,199.91,88.89,83.07,0.8950,-1,-1,-1
56,194,64.71,703.03,109.54,95.10,1.0000,-1,-1,-1
56,201,227.22,309.80,213.22,169.81,1.0000,-1,-1,-1
56,209,683.46,768.07,97.07,96.45,1.0000,-1,-1,-1
56,232,257.99,380.38,20.29,16.93,1.0000,-1,-1,-1
56,233,1770.22,576.64,86.01,286.17,1.0000,-1,-1,-1
56,235,-181.25,771.00,243.75,187.75,1.0000,-1,-1,-1
56,239,482.51,847.32,85.91,90.07,1.0000,-1,-1,-1
56,243,1441.50,536.82,454.09,477.29,1.0000,-1,-1,-1
56,245,741.17,307.73,116.10,114.21,0.8423,-1,-1,-1
56,251,1808.20,437.12,153.84,149.57,0.8152,-1,-1,-1
56,261,1113.54,574.25,154.99,180.85,1.0000,-1,-1,-1
56,270,826.45,1023.95,140.72,53.64,0.4584,-1,-1,-1
56,276,799.63,410.16,36.62,41.43,1.0000,-1,-1,-1
56,278,830.16,712.85,50.34,77.02,1.0000,-1,-1,-1
56,290,148.19,473.02,175.89,187.93,1.0000,-1,-1,-1
56,291,508.39,-76.80,-619.48,-379.24,1.0000,-1,-1,-1
56,302,920.13,617.51,11.26,9.84,1.0000,-1,-1,-1
56,308,1366.07,-40.97,297.16,170.85,1.0000,-1,-1,-1
56,310,311.51,310.26,132.59,137.80,0.8089,-1,-1,-1
56,314,289.41,366.32,126.92,102.62,1.0000,-1,-1,-1
56,317,714.89,870.12,198.85,193.49,1.0000,-1,-1,-1
56,319,736.21,369.63,387.31,456.41,1.0000,-1,-1,-1
56,320,919.67,129.09,65.47,63.09,1.0000,-1,-1,-1
56,322,411.62,660.24,-3.13,-2.86,1.0000,-1,-1,-1
56,325,915.86,392.06,-1702.93,-3407.64,1.0000,-1,-1,-1
56,329,104.16,657.36,50.81,87.58,1.0000,-1,-1,-1
56,330,-299.87,520.14,497.23,493.23,1.0000,-1,-1,-1
56,331,254.20,859.61,8.00,11.17,1.0000,-1,-1,-1
56,332,-87.97,-1323.28,918.38,3358.19,1.0000,-1,-1,-1
56,337,-40.94,220.47,69.63,66.65,1.0000,-1,-1,-1
56,339,844.88,172.39,58.75,58.69,1.0000,-1,-1,-1
56,340,1430.24,199.55,61.20,30.71,1.0000,-1,-1,-1
56,346,-78.05,-173.55,309.56,857.39,1.0000,-1,-1,-1
56,347,-975.79,-294.96,2204.93,2304.92,1.0000,-1,-1,-1
56,348,844.10,373.07,62.10,61.92,0.0416,-1,-1,-1
56,349,825.48,577.70,163.04,192.55,1.0000,-1,-1,-1
56,350,1254.82,464.39,17.86,19.90,1.0000,-1,-1,-1
56,351,67.13,-51.02,630.34,2311.80,1.0000,-1,-1,-1
56,353,1867.19,948.76,171.83,177.36,1.0000,-1,-1,-1
56,354,1140.42,637.09,163.71,176.25,0.7439,-1,-1,-1
56,356,1133.93,828.65,-63.30,-93.53,1.0000,-1,-1,-1
56,360,1172.24,279.19,76.43,80.11,1.0000,-1,-1,-1
56,364,190.00,-383.15,515.98,414.25,1.0000,-1,-1,-1
56,369,270.23,-387.10,-488.82,-1471.60,1.0000,-1,-1,-1
56,370,1560.37,-47.91,-107.75,-46.42,1.0000,-1,-1,-1
56,372,1337.65,92.02,267.55,182.76,1.0000,-1,-1,-1
56,374,1217.33,638.50,20.00,35.59,1.0000,-1,-1,-1
56,377,1379.04,631.84,-10.36,-11.69,1.0000,-1,-1,-1
56,383,1040.91,1153.61,-126.26,-66.80,1.0000,-1,-1,-1
56,384,1980.62,585.73,505.76,275.67,1.0000,-1,-1,-1
56,386,1877.26,2878.71,-1424.08,-1895.90,1.0000,-1,-1,-1
56,393,1417.24,343.62,121.70,70.73,1.0000,-1,-1,-1
56,399,1091.33,767.30,199.33,272.45,1.0000,-1,-1,-1
56,401,260.96,669.99,82.15,61.35,1.0000,-1,-1,-1
56,403,957.87,731.46,19.12,16.65,1.0000,-1,-1,-1
56,406,199.85,580.64,116.03,101.82,1.0000,-1,-1,-1
56,407,501.86,705.93,-239.90,-222.57,1.0000,-1,-1,-1
56,408,644.84,-329.91,75.54,85.01,1.0000,-1,-1,-1
56,411,333.84,339.16,107.79,139.79,1.0000,-1,-1,-1
56,413,1214.87,535.94,114.47,102.77,1.0000,-1,-1,-1
56,416,660.67,861.76,109.20,87.94,1.0000,-1,-1,-1
56,417,1327.19,794.67,-28.39,-50.25,1.0000,-1,-1,-1
56,420,1208.08,753.02,35.69,61.43,1.0000,-1,-1,-1
56,421,1338.15,796.68,99.70,171.05,1.0000,-1,-1,-1
56,422,904.00,451.16,-56.96,-54.24,1.0000,-1,-1,-1
56,423,870.65,405.85,31.33,27.04,1.0000,-1,-1,-1
56,424,356.92,538.73,-162.67,-140.17,1.0000,-1,-1,-1
56,426,581.34,707.81,54.26,48.56,1.0000,-1,-1,-1
56,427,558.81,-507.14,318.17,617.37,1.0000,-1,-1,-1
56,428,1039.27,898.37,54.50,90.38,1.0000,-1,-1,-1
56,430,1007.17,784.27,14.17,9.46,1.0000,-1,-1,-1
56,433,347.98,804.22,38.58,54.69,1.0000,-1,-1,-1
56,436,1290.14,296.68,79.31,73.25,1.0000,-1,-1,-1
56,441,1523.97,590.46,206.46,150.35,1.0000,-1,-1,-1
56,443,759.31,1195.75,-72.12,-67.34,1.0000,-1,-1,-1
56,444,620.75,894.18,126.74,119.88,1.0000,-1,-1,-1
56,445,797.26,957.83,111.72,125.87,1.0000,-1,-1,-1
56,447,926.47,161.53,154.85,111.53,0.8651,-1,-1,-1
56,448,900.33,448.12,71.75,53.58,1.0000,-1,-1,-1
56,452,979.02,718.82,-34.15,-55.93,1.0000,-1,-1,-1
56,472,1555.76,326.21,174.95,164.13,0.3749,-1,-1,-1
56,473,438.94,525.70,145.92,148.74,1.0000,-1,-1,-1
56,474,1243.37,534.87,22.10,25.18,1.0000,-1,-1,-1
56,475,1227.07,610.32,15.02,20.50,1.0000,-1,-1,-1
56,476,551.41,455.98,100.33,148.89,1.0000,-1,-1,-1
56,477,779.23,-135.00,350.75,191.44,1.0000,-1,-1,-1
56,480,776.61,539.36,434.58,494.62,0.6003,-1,-1,-1
56,483,472.17,274.48,167.36,118.03,1.0000,-1,-1,-1
56,489,898.61,635.94,90.54,83.86,1.0000,-1,-1,-1
56,490,1131.68,434.20,45.36,58.40,1.0000,-1,-1,-1
56,491,477.01,240.55,83.91,82.23,0.8458,-1,-1,-1
56,495,450.34,85.31,67.39,41.97,1.0000,-1,-1,-1
56,497,1173.30,-1.55,139.27,105.98,0.8789,-1,-1,-1
56,498,936.95,253.42,52.58,57.16,1.0000,-1,-1,-1
56,505,1082.86,788.23,124.12,99.48,1.0000,-1,-1,-1
56,509,1024.63,536.71,95.99,83.31,0.0118,-1,-1,-1
56,511,447.13,480.21,77.58,93.54,1.0000,-1,-1,-1
56,512,842.74,744.63,88.19,72.53,1.0000,-1,-1,-1
56,514,1894.39,1086.12,-27.07,-9.91,1.0000,-1,-1,-1
56,522,618.42,414.08,311.98,375.20,1.0000,-1,-1,-1
56,525,1212.11,423.01,-1194.96,-2037.91,1.0000,-1,-1,-1
56,527,208.44,379.19,176.69,147.92,1.0000,-1,-1,-1
56,529,-411.13,5.60,1397.28,804.14,1.0000,-1,-1,-1
56,532,726.43,600.72,242.16,156.57,1.0000,-1,-1,-1
56,535,918.43,605.07,128.53,107.23,1.0000,-1,-1,-1
56,536,526.65,549.68,66.97,92.36,1.0000,-1,-1,-1
56,540,1286.13,675.07,88.32,86.25,0.7103,-1,-1,-1
56,543,1502.50,419.36,150.97,123.68,0.0199,-1,-1,-1
56,550,708.56,171.60,78.88,78.64,0.1168,-1,-1,-1
56,552,115.97,1.51,32.06,49.15,1.0000,-1,-1,-1
56,562,1206.90,560.55,1270.91,513.21,1.0000,-1,-1,-1
56,570,864.67,392.18,140.60,125.92,0.0118,-1,-1,-1
56,573,423.95,1049.88,64.17,64.71,1.0000,-1,-1,-1
56,576,1412.19,4.08,632.00,200.48,1.0000,-1,-1,-1
56,578,933.20,341.74,68.63,175.03,1.0000,-1,-1,-1
56,579,903.64,614.70,54.97,66.02,1.0000,-1,-1,-1
56,580,-15.82,633.70,-9.52,-13.08,1.0000,-1,-1,-1
56,584,1139.53,403.32,53.17,52.24,1.0000,-1,-1,-1
56,586,1076.57,359.81,10.71,9.28,1.0000,-1,-1,-1
56,589,1268.64,611.71,78.55,65.85,0.6244,-1,-1,-1
56,593,668.42,463.63,74.75,46.78,1.0000,-1,-1,-1
56,594,285.15,545.42,101.31,87.67,0.8202,-1,-1,-1
56,595,52.38,397.88,-5.70,-15.13,1.0000,-1,-1,-1
56,596,252.71,803.79,15.94,18.36,1.0000,-1,-1,-1
56,597,925.55,829.51,83.85,62.28,1.0000,-1,-1,-1
56,598,1013.26,714.72,-5.87,-5.32,1.0000,-1,-1,-1
56,599,1481.84,839.80,201.51,170.62,1.0000,-1,-1,-1
56,601,875.64,750.12,19.27,29.74,1.0000,-1,-1,-1
56,606,957.04,839.11,102.68,83.10,1.0000,-1,-1,-1
56,613,225.43,308.04,216.47,287.51,0.0347,-1,-1,-1
56,615,869.41,459.99,71.18,72.73,1.0000,-1,-1,-1
56,621,1125.03,852.50,139.10,163.40,0.6936,-1,-1,-1
56,622,1112.72,801.07,79.42,70.90,1.0000,-1,-1,-1
56,623,350.11,15.32,239.73,123.11,1.0000,-1,-1,-1
56,624,1538.58,988.62,18.56,21.33,1.0000,-1,-1,-1
56,626,477.34,485.26,103.88,85.27,0.8660,-1,-1,-1
56,630,20.02,647.86,5.41,20.76,1.0000,-1,-1,-1
56,634,328.64,697.50,81.71,60.06,0.6601,-1,-1,-1
56,636,346.73,619.27,117.48,122.73,0.7914,-1,-1,-1
56,642,1254.09,384.14,91.80,94.35,1.0000,-1,-1,-1
56,643,144.99,1001.54,125.17,76.08,0.0838,-1,-1,-1
56,644,487.75,286.72,117.95,114.14,0.2181,-1,-1,-1
56,646,1217.24,311.60,162.65,164.90,0.0350,-1,-1,-1
56,657,1279.36,265.87,49.51,51.01,0.0209,-1,-1,-1
56,663,467.96,589.89,115.97,113.89,0.8339,-1,-1,-1
56,668,1569.67,76.51,300.00,153.26,0.8022,-1,-1,-1
56,669,11.98,603.34,89.29,111.05,0.5944,-1,-1,-1
56,673,248.58,735.38,62.54,74.05,0.0906,-1,-1,-1
56,675,1279.47,758.50,140.96,177.35,0.4508,-1,-1,-1
56,678,193.91,1055.17,47.05,23.67,1.0000,-1,-1,-1
56,681,528.01,513.22,224.17,203.64,0.4106,-1,-1,-1
56,684,1750.32,724.87,140.20,80.22,0.2007,-1,-1,-1
56,686,734.51,467.35,61.66,33.70,0.0275,-1,-1,-1
56,687,1804.21,725.38,81.86,67.51,0.0683,-1,-1,-1
56,690,1544.54,955.73,547.91,119.27,0.0221,-1,-1,-1
56,692,952.36,17.07,108.25,129.23,0.0351,-1,-1,-1
56,693,1162.30,289.61,77.62,79.98,0.0384,-1,-1,-1
56,695,714.08,478.57,111.95,102.49,0.7345,-1,-1,-1
56,697,312.48,735.17,92.18,68.90,0.5756,-1,-1,-1
56,698,1253.70,502.41,125.73,158.63,0.7086,-1,-1,-1
57,1,-28.25,248.99,215.34,186.98,1.0000,-1,-1,-1
57,3,994.92,381.65,31.07,27.58,1.0000,-1,-1,-1
57,5,1202.66,749.08,126.72,120.66,1.0000,-1,-1,-1
57,6,490.52,443.41,81.94,74.35,1.0000,-1,-1,-1
57,9,-24.49,995.32,207.26,160.88,1.0000,-1,-1,-1
57,27,998.12,355.19,75.04,71.58,1.0000,-1,-1,-1
57,30,-208.69,490.45,789.63,885.95,1.0000,-1,-1,-1
57,84,829.76,606.16,36.51,47.33,1.0000,-1,-1,-1
57,119,1583.97,726.50,149.27,115.89,1.0000,-1,-1,-1
57,127,1466.92,765.89,229.15,210.78,1.0000,-1,-1,-1
57,135,1081.65,286.28,66.75,72.55,0.7353,-1,-1,-1
57,152,1753.66,1073.36,14.44,5.43,1.0000,-1,-1,-1
57,156,1810.37,784.99,202.36,206.79,1.0000,-1,-1,-1
57,164,437.51,506.15,31.29,25.58,1.0000,-1,-1,-1
57,172,1001.52,-11.88,-152.52,-88.12,1.0000,-1,-1,-1
57,183,1265.26,208.17,89.26,83.40,0.8965,-1,-1,-1
57,194,61.62,706.79,110.02,95.51,1.0000,-1,-1,-1
57,201,225.47,304.53,217.43,173.16,1.0000,-1,-1,-1
57,209,676.74,774.85,97.45,96.82,1.0000,-1,-1,-1
57,232,268.52,381.44,14.17,11.82,1.0000,-1,-1,-1
57,233,1767.96,582.90,85.64,284.93,1.0000,-1,-1,-1
57,235,-195.27,777.41,248.04,191.05,1.0000,-1,-1,-1
57,239,483.21,854.00,84.74,88.84,1.0000,-1,-1,-1
57,243,1439.31,530.47,461.25,484.82,1.0000,-1,-1,-1
57,245,737.62,318.83,120.31,117.92,0.7342,-1,-1,-1
57,251,1821.07,444.23,142.91,146.92,0.7417,-1,-1,-1
57,261,1112.81,568.71,156.59,182.72,1.0000,-1,-1,-1
57,270,851.57,1032.98,117.34,44.73,1.0000,-1,-1,-1
57,276,805.89,400.44,35.06,39.66,1.0000,-1,-1,-1
57,278,825.35,711.22,49.86,76.29,1.0000,-1,-1,-1
57,291,516.85,-79.78,-646.03,-395.49,1.0000,-1,-1,-1
57,308,1365.81,-42.97,298.49,171.62,1.0000,-1,-1,-1
57,310,309.38,318.87,138.05,144.01,0.7822,-1,-1,-1
57,314,287.70,359.59,126.57,102.34,1.0000,-1,-1,-1
57,317,715.50,883.18,201.15,195.73,1.0000,-1,-1,-1
57,319,751.69,356.62,395.62,466.20,1.0000,-1,-1,-1
57,320,920.51,124.02,65.63,63.24,1.0000,-1,-1,-1
57,325,945.29,390.18,-1765.03,-3531.91,1.0000,-1,-1,-1
57,329,100.95,655.98,50.80,87.57,1.0000,-1,-1,-1
57,330,-309.09,508.17,507.56,503.47,1.0000,-1,-1,-1
57,331,255.27,866.54,6.75,9.42,1.0000,-1,-1,-1
57,332,-91.12,-1374.93,943.30,3449.31,1.0000,-1,-1,-1
57,337,-58.83,205.78,68.90,65.95,1.0000,-1,-1,-1
57,339,845.90,168.38,59.11,59.05,1.0000,-1,-1,-1
57,340,1429.11,200.48,55.71,27.96,1.0000,-1,-1,-1
57,346,-80.61,-183.38,315.40,873.56,1.0000,-1,-1,-1
57,347,-1010.36,-328.93,2273.59,2376.69,1.0000,-1,-1,-1
57,348,838.73,382.22,55.11,56.79,0.0148,-1,-1,-1
57,349,823.10,572.11,165.33,195.24,1.0000,-1,-1,-1
57,350,1258.73,463.71,15.99,17.82,1.0000,-1,-1,-1
57,351,69.55,-56.25,644.65,2364.28,1.0000,-1,-1,-1
57,353,1880.93,956.98,171.01,176.52,1.0000,-1,-1,-1
57,354,1163.60,645.75,162.00,174.41,1.0000,-1,-1,-1
57,356,1140.44,833.22,-67.07,-99.09,1.0000,-1,-1,-1
57,360,1177.20,281.96,77.15,80.86,1.0000,-1,-1,-1
57,364,193.92,-409.78,531.21,426.48,1.0000,-1,-1,-1
57,369,276.77,-412.79,-509.43,-1533.64,1.0000,-1,-1,-1
57,370,1565.63,-54.89,-116.74,-50.30,1.0000,-1,-1,-1
57,372,1333.50,88.76,272.04,185.83,1.0000,-1,-1,-1
57,374,1223.65,635.96,18.57,33.05,1.0000,-1,-1,-1
57,377,1382.35,628.72,-12.61,-14.23,1.0000,-1,-1,-1
57,383,1041.30,1157.80,-133.61,-70.69,1.0000,-1,-1,-1
57,384,2000.87,582.18,520.89,283.91,1.0000,-1,-1,-1
57,386,1947.35,2980.66,-1488.25,-1981.33,1.0000,-1,-1,-1
57,393,1416.48,350.91,118.25,68.73,1.0000,-1,-1,-1
57,399,1095.96,760.75,202.94,277.38,1.0000,-1,-1,-1
57,401,265.59,677.94,78.58,58.69,1.0000,-1,-1,-1
57,403,961.11,736.57,16.25,14.15,1.0000,-1,-1,-1
57,406,201.65,577.16,116.52,102.24,1.0000,-1,-1,-1
57,407,512.47,709.61,-253.14,-234.87,1.0000,-1,-1,-1
57,408,666.39,-353.17,71.48,80.44,1.0000,-1,-1,-1
57,411,337.48,325.09,108.82,141.12,1.0000,-1,-1,-1
57,413,1217.92,541.64,115.96,104.10,1.0000,-1,-1,-1
57,416,660.66,869.73,110.40,88.90,1.0000,-1,-1,-1
57,417,1334.00,798.01,-31.49,-55.74,1.0000,-1,-1,-1
57,420,1209.66,753.67,35.19,60.56,1.0000,-1,-1,-1
57,421,1345.38,798.81,102.53,175.91,1.0000,-1,-1,-1
57,422,911.62,448.90,-63.43,-60.41,1.0000,-1,-1,-1
57,423,900.23,391.50,20.62,17.79,1.0000,-1,-1,-1
57,424,367.43,533.75,-175.94,-151.59,1.0000,-1,-1,-1
57,426,589.97,712.56,52.27,46.78,1.0000,-1,-1,-1
57,427,583.01,-565.65,326.75,634.03,1.0000,-1,-1,-1
57,428,1043.28,907.23,54.31,90.06,1.0000,-1,-1,-1
57,430,1002.17,791.85,11.33,7.56,1.0000,-1,-1,-1
57,433,351.58,806.19,37.06,52.54,1.0000,-1,-1,-1
57,436,1306.64,296.05,76.71,70.85,1.0000,-1,-1,-1
57,441,1521.77,586.51,211.95,154.35,1.0000,-1,-1,-1
57,443,763.87,1202.87,-76.83,-71.74,1.0000,-1,-1,-1
57,444,606.50,902.93,127.66,120.75,1.0000,-1,-1,-1
57,445,799.91,973.22,111.49,125.61,1.0000,-1,-1,-1
57,447,931.74,176.32,143.23,105.61,0.8364,-1,-1,-1
57,448,901.60,447.11,73.12,54.60,1.0000,-1,-1,-1
57,452,985.02,716.36,-38.83,-63.59,1.0000,-1,-1,-1
57,472,1540.44,337.15,186.91,174.28,0.1733,-1,-1,-1
57,473,440.40,528.28,149.73,152.62,1.0000,-1,-1,-1
57,474,1247.41,539.40,19.15,21.82,1.0000,-1,-1,-1
57,475,1234.03,611.10,6.95,9.48,1.0000,-1,-1,-1
57,476,563.37,458.85,98.76,146.55,1.0000,-1,-1,-1
57,477,797.66,-157.82,360.70,196.87,1.0000,-1,-1,-1
57,480,864.91,548.91,446.27,504.01,0.4862,-1,-1,-1
57,483,476.61,290.46,168.60,118.90,1.0000,-1,-1,-1
57,489,910.61,635.82,92.14,85.35,1.0000,-1,-1,-1
57,490,1133.59,420.11,43.59,56.13,1.0000,-1,-1,-1
57,491,481.71,243.97,86.08,83.83,0.7884,-1,-1,-1
57,495,460.84,92.42,59.15,36.84,1.0000,-1,-1,-1
57,497,1161.60,-0.89,137.38,105.42,0.8335,-1,-1,-1
57,498,941.50,252.60,53.14,57.78,1.0000,-1,-1,-1
57,505,1090.43,790.48,125.68,100.73,1.0000,-1,-1,-1
57,509,1025.88,549.73,95.66,83.03,1.0000,-1,-1,-1
57,511,450.69,479.42,76.98,92.82,1.0000,-1,-1,-1
57,512,840.86,742.81,84.62,69.60,1.0000,-1,-1,-1
57,514,1906.74,1091.28,-41.32,-15.12,1.0000,-1,-1,-1
57,522,607.92,409.67,328.31,394.84,1.0000,-1,-1,-1
57,525,1291.25,448.96,-1300.04,-2217.12,1.0000,-1,-1,-1
57,527,192.86,385.42,178.82,149.71,1.0000,-1,-1,-1
57,529,-436.09,5.81,1465.30,843.28,1.0000,-1,-1,-1
57,532,726.53,599.09,251.28,162.47,1.0000,-1,-1,-1
57,535,921.91,600.68,130.13,108.57,1.0000,-1,-1,-1
57,536,531.07,552.70,67.61,93.25,1.0000,-1,-1,-1
57,540,1288.26,680.46,98.16,96.14,0.1743,-1,-1,-1
57,543,1504.78,435.31,143.56,116.66,0.1007,-1,-1,-1
57,550,709.63,171.76,79.36,79.01,0.1147,-1,-1,-1
57,552,128.52,1.24,1.23,1.88,1.0000,-1,-1,-1
57,562,1164.06,525.02,1358.19,548.45,1.0000,-1,-1,-1
57,570,883.30,407.83,110.18,98.42,0.0208,-1,-1,-1
57,573,458.11,1079.30,46.73,47.12,1.0000,-1,-1,-1
57,576,1397.19,4.16,676.07,214.47,1.0000,-1,-1,-1
57,578,937.93,344.58,67.83,173.00,1.0000,-1,-1,-1
57,579,914.08,625.04,51.79,62.20,1.0000,-1,-1,-1
57,580,-17.36,656.84,-23.01,-31.61,1.0000,-1,-1,-1
57,584,1131.13,405.66,47.48,46.56,0.0256,-1,-1,-1
57,586,1086.89,363.77,2.46,2.13,1.0000,-1,-1,-1
57,589,1270.26,618.78,79.28,66.45,0.5387,-1,-1,-1
57,593,681.35,471.66,63.81,39.94,1.0000,-1,-1,-1
57,594,287.02,550.28,104.54,89.98,0.8531,-1,-1,-1
57,595,60.40,443.07,-31.65,-84.01,1.0000,-1,-1,-1
57,596,258.01,820.94,5.02,5.78,1.0000,-1,-1,-1
57,597,929.31,832.42,82.32,61.14,1.0000,-1,-1,-1
57,598,1033.41,715.67,-26.65,-24.19,1.0000,-1,-1,-1
57,599,1467.37,853.32,213.61,180.87,1.0000,-1,-1,-1
57,601,889.55,761.73,14.41,22.24,1.0000,-1,-1,-1
57,606,960.45,843.26,98.77,79.93,1.0000,-1,-1,-1
57,613,215.67,314.77,215.88,284.44,0.0609,-1,-1,-1
57,615,871.41,459.21,74.49,76.11,1.0000,-1,-1,-1
57,621,1129.19,847.53,137.85,161.95,1.0000,-1,-1,-1
57,622,1119.21,799.46,78.83,70.38,1.0000,-1,-1,-1
57,623,353.44,17.29,247.94,127.33,1.0000,-1,-1,-1
57,624,1544.28,1001.20,10.52,12.09,1.0000,-1,-1,-1
57,626,478.11,487.54,100.01,82.98,0.8571,-1,-1,-1
57,630,20.83,675.15,0.27,1.03,1.0000,-1,-1,-1
57,634,329.94,709.21,72.90,52.52,0.3542,-1,-1,-1
57,636,340.96,619.63,129.01,132.68,0.3962,-1,-1,-1
57,642,1262.87,392.87,88.48,90.94,1.0000,-1,-1,-1
57,643,155.79,1008.88,113.57,67.93,0.0267,-1,-1,-1
57,644,462.95,259.88,147.30,145.11,0.0918,-1,-1,-1
57,646,1177.99,317.22,212.43,219.15,0.0707,-1,-1,-1
57,657,1281.68,293.52,52.77,53.26,0.0189,-1,-1,-1
57,663,473.34,597.17,113.38,111.33,0.8719,-1,-1,-1
57,668,1573.66,93.92,302.06,157.36,0.7927,-1,-1,-1
57,669,13.79,613.68,91.81,112.33,0.5031,-1,-1,-1
57,673,246.79,740.83,62.98,73.76,0.7125,-1,-1,-1
57,675,1280.00,763.34,138.46,173.42,0.2087,-1,-1,-1
57,678,193.48,1059.36,39.04,19.63,1.0000,-1,-1,-1
57,681,518.45,494.99,252.13,229.04,1.0000,-1,-1,-1
57,684,1750.99,727.37,152.63,88.36,0.3342,-1,-1,-1
57,686,740.06,462.73,63.55,34.73,1.0000,-1,-1,-1
57,687,1796.16,727.01,75.94,61.71,0.2452,-1,-1,-1
57,690,1569.61,944.36,576.93,129.72,0.2169,-1,-1,-1
57,692,955.34,32.97,98.89,115.96,0.0300,-1,-1,-1
57,693,1165.59,290.71,76.91,79.11,0.0384,-1,-1,-1
57,695,663.07,441.68,164.24,150.84,0.0889,-1,-1,-1
57,697,311.57,730.40,98.87,73.97,0.4210,-1,-1,-1
57,698,1195.20,420.96,161.43,203.31,0.0111,-1,-1,-1
57,700,129.88,1020.74,74.12,55.04,0.3225,-1,-1,-1
57,703,206.51,420.33,161.77,161.28,0.0395,-1,-1,-1
57,704,1296.28,722.38,81.26,55.74,0.0104,-1,-1,-1
57,705,630.43,916.24,162.25,149.19,0.0522,-1,-1,-1
57,708,21.70,2.15,487.92,293.83,0.3047,-1,-1,-1
58,1,-36.34,246.77,217.57,188.92,1.0000,-1,-1,-1
58,3,994.47,385.84,28.87,25.62,1.0000,-1,-1,-1
58,5,1205.61,759.51,128.91,122.74,1.0000,-1,-1,-1
58,6,494.88,445.21,81.37,73.84,1.0000,-1,-1,-1
58,9,-34.03,1006.16,208.44,161.79,1.0000,-1,-1,-1
58,27,992.52,353.40,75.10,71.64,1.0000,-1,-1,-1
58,30,-240.09,485.16,807.68,906.21,1.0000,-1,-1,-1
58,84,821.92,602.75,35.67,46.24,1.0000,-1,-1,-1
58,119,1586.74,730.01,151.31,117.47,1.0000,-1,-1,-1
58,127,1476.88,766.34,233.41,214.70,1.0000,-1,-1,-1
58,135,1083.99,287.74,65.50,70.97,0.6981,-1,-1,-1
58,152,1774.68,1081.21,-6.18,-2.32,1.0000,-1,-1,-1
58,156,1826.65,791.55,204.39,208.87,1.0000,-1,-1,-1
58,164,439.36,507.60,29.17,23.84,1.0000,-1,-1,-1
58,172,1005.54,-12.37,-160.69,-92.84,1.0000,-1,-1,-1
58,183,1267.13,217.31,89.62,83.86,0.8798,-1,-1,-1
58,194,58.53,710.55,110.50,95.93,1.0000,-1,-1,-1
58,201,223.71,299.26,221.63,176.51,1.0000,-1,-1,-1
58,209,670.01,781.62,97.82,97.20,1.0000,-1,-1,-1
58,232,279.04,382.50,8.04,6.71,1.0000,-1,-1,-1
58,233,1765.69,589.16,85.26,283.70,1.0000,-1,-1,-1
58,235,-209.30,783.83,252.33,194.36,1.0000,-1,-1,-1
58,239,483.91,860.68,83.57,87.62,1.0000,-1,-1,-1
58,243,1437.11,524.12,468.42,492.35,1.0000,-1,-1,-1
58,245,693.26,331.00,179.05,179.29,0.5573,-1,-1,-1
58,251,1835.77,445.72,143.70,147.74,1.0000,-1,-1,-1
58,261,1112.07,563.18,158.19,184.59,1.0000,-1,-1,-1
58,270,876.69,1042.01,93.96,35.82,1.0000,-1,-1,-1
58,276,812.15,390.72,33.49,37.88,1.0000,-1,-1,-1
58,278,820.53,709.59,49.38,75.55,1.0000,-1,-1,-1
58,291,525.32,-82.75,-672.58,-411.74,1.0000,-1,-1,-1
58,308,1365.55,-44.98,299.83,172.39,1.0000,-1,-1,-1
58,310,310.30,327.04,137.97,144.62,0.8240,-1,-1,-1
58,314,285.98,352.85,126.22,102.06,1.0000,-1,-1,-1
58,317,716.11,896.24,203.45,197.97,1.0000,-1,-1,-1
58,320,921.34,118.95,65.79,63.40,1.0000,-1,-1,-1
58,329,97.73,654.60,50.79,87.56,1.0000,-1,-1,-1
58,331,256.35,873.47,5.50,7.67,1.0000,-1,-1,-1
58,332,-94.27,-1426.58,968.22,3540.44,1.0000,-1,-1,-1
58,337,-76.73,191.10,68.17,65.26,1.0000,-1,-1,-1
58,339,846.92,164.37,59.46,59.40,1.0000,-1,-1,-1
58,340,1427.98,201.42,50.22,25.20,1.0000,-1,-1,-1
58,346,-83.16,-193.21,321.23,889.73,1.0000,-1,-1,-1
58,347,-1044.93,-362.89,2342.25,2448.46,1.0000,-1,-1,-1
58,348,844.43,384.75,57.23,58.53,0.6308,-1,-1,-1
58,349,820.72,566.52,167.61,197.93,1.0000,-1,-1,-1
58,350,1262.65,463.03,14.13,15.75,1.0000,-1,-1,-1
58,351,71.98,-61.48,658.96,2416.76,1.0000,-1,-1,-1
58,353,1894.68,965.20,170.19,175.68,1.0000,-1,-1,-1
58,354,1186.77,654.42,160.29,172.57,1.0000,-1,-1,-1
58,356,1146.95,837.79,-70.83,-104.66,1.0000,-1,-1,-1
58,360,1182.16,284.73,77.87,81.61,1.0000,-1,-1,-1
58,364,197.84,-436.41,546.44,438.70,1.0000,-1,-1,-1
58,369,283.31,-438.48,-530.04,-1595.69,1.0000,-1,-1,-1
58,370,1570.88,-61.87,-125.74,-54.17,1.0000,-1,-1,-1
58,372,1329.36,85.51,276.54,188.89,1.0000,-1,-1,-1
58,374,1229.96,633.43,17.14,30.50,1.0000,-1,-1,-1
58,377,1385.66,625.60,-14.86,-16.77,1.0000,-1,-1,-1
58,383,1041.68,1161.99,-140.96,-74.59,1.0000,-1,-1,-1
58,384,2021.12,578.63,536.01,292.16,1.0000,-1,-1,-1
58,386,2017.45,3082.61,-1552.42,-2066.76,1.0000,-1,-1,-1
58,393,1415.71,358.20,114.81,66.73,1.0000,-1,-1,-1
58,399,1100.59,754.20,206.54,282.30,1.0000,-1,-1,-1
58,401,270.23,685.89,75.02,56.03,1.0000,-1,-1,-1
58,403,964.35,741.67,13.38,11.65,1.0000,-1,-1,-1
58,406,203.44,573.68,117.00,102.67,1.0000,-1,-1,-1
58,407,523.08,713.29,-266.39,-247.16,1.0000,-1,-1,-1
58,408,687.94,-376.43,67.42,75.87,1.0000,-1,-1,-1
58,411,341.12,311.03,109.85,142.46,1.0000,-1,-1,-1
58,413,1220.96,547.34,117.45,105.44,1.0000,-1,-1,-1
58,416,660.65,877.70,111.60,89.87,1.0000,-1,-1,-1
58,417,1340.82,801.34,-34.58,-61.22,1.0000,-1,-1,-1
58,420,1211.25,754.31,34.68,59.70,1.0000,-1,-1,-1
58,421,1352.62,800.94,105.36,180.76,1.0000,-1,-1,-1
58,422,919.24,446.64,-69.91,-66.58,1.0000,-1,-1,-1
58,423,929.81,377.14,9.91,8.55,1.0000,-1,-1,-1
58,424,377.93,528.78,-189.20,-163.02,1.0000,-1,-1,-1
58,426,598.59,717.32,50.28,44.99,1.0000,-1,-1,-1
58,427,607.22,-624.16,335.34,650.69,1.0000,-1,-1,-1
58,428,1047.28,916.08,54.12,89.74,1.0000,-1,-1,-1
58,430,997.16,799.42,8.50,5.67,1.0000,-1,-1,-1
58,433,355.19,808.17,35.55,50.39,1.0000,-1,-1,-1
58,436,1323.13,295.42,74.12,68.45,1.0000,-1,-1,-1
58,441,1519.58,582.56,217.44,158.35,1.0000,-1,-1,-1
58,443,768.43,1210.00,-81.54,-76.13,1.0000,-1,-1,-1
58,444,592.26,911.67,128.58,121.62,1.0000,-1,-1,-1
58,445,802.55,988.62,111.25,125.34,1.0000,-1,-1,-1
58,447,931.70,189.08,143.32,108.55,0.8487,-1,-1,-1
58,448,902.87,446.10,74.49,55.62,1.0000,-1,-1,-1
58,452,991.02,713.90,-43.51,-71.26,1.0000,-1,-1,-1
58,472,1541.85,352.07,184.18,171.19,0.4578,-1,-1,-1
58,473,441.86,530.85,153.55,156.51,1.0000,-1,-1,-1
58,474,1251.45,543.93,16.19,18.45,1.0000,-1,-1,-1
58,475,1240.99,611.88,-1.12,-1.53,1.0000,-1,-1,-1
58,476,575.33,461.71,97.18,144.21,1.0000,-1,-1,-1
58,477,816.08,-180.63,370.64,202.30,1.0000,-1,-1,-1
58,480,898.85,561.02,451.76,510.90,0.4138,-1,-1,-1
58,483,481.05,306.44,169.85,119.78,1.0000,-1,-1,-1
58,489,922.61,635.70,93.75,86.84,1.0000,-1,-1,-1
58,490,1135.49,406.01,41.82,53.85,1.0000,-1,-1,-1
58,491,487.10,247.44,84.71,82.41,0.8847,-1,-1,-1
58,495,471.33,99.52,50.91,31.71,1.0000,-1,-1,-1
58,497,1152.05,-0.63,136.25,105.39,0.9008,-1,-1,-1
58,498,946.05,251.78,53.70,58.39,1.0000,-1,-1,-1
58,505,1098.00,792.73,127.24,101.98,1.0000,-1,-1,-1
58,509,1027.12,562.74,95.33,82.74,1.0000,-1,-1,-1
58,511,454.24,478.63,76.38,92.09,1.0000,-1,-1,-1
58,512,838.98,740.99,81.06,66.67,1.0000,-1,-1,-1
58,514,1919.09,1096.44,-55.58,-20.34,1.0000,-1,-1,-1
58,522,597.41,405.26,344.65,414.48,1.0000,-1,-1,-1
58,525,1370.39,474.90,-1405.12,-2396.34,1.0000,-1,-1,-1
58,527,177.29,391.65,180.95,151.49,1.0000,-1,-1,-1
58,529,-461.05,6.03,1533.32,882.43,1.0000,-1,-1,-1
58,532,726.64,597.47,260.40,168.37,1.0000,-1,-1,-1
58,535,925.39,596.30,131.74,109.91,1.0000,-1,-1,-1
58,536,535.49,555.71,68.25,94.13,1.0000,-1,-1,-1
58,540,1284.67,673.61,110.15,109.43,0.0148,-1,-1,-1
58,543,1501.94,445.87,142.02,115.64,0.0387,-1,-1,-1
58,550,710.49,170.68,80.63,80.45,0.1870,-1,-1,-1
58,552,141.07,0.97,-29.60,-45.39,1.0000,-1,-1,-1
58,562,1121.23,489.49,1445.47,583.70,1.0000,-1,-1,-1
58,570,884.19,404.06,106.58,96.25,0.1882,-1,-1,-1
58,573,492.27,1108.73,29.29,29.53,1.0000,-1,-1,-1
58,576,1382.19,4.24,720.14,228.45,1.0000,-1,-1,-1
58,578,942.66,347.42,67.03,170.96,1.0000,-1,-1,-1
58,579,924.52,635.37,48.61,58.39,1.0000,-1,-1,-1
58,580,-18.91,679.99,-36.50,-50.15,1.0000,-1,-1,-1
58,584,1135.25,410.79,47.42,46.51,1.0000,-1,-1,-1
58,586,1097.22,367.73,-5.78,-5.01,1.0000,-1,-1,-1
58,589,1270.27,624.89,80.33,67.31,0.7321,-1,-1,-1
58,593,694.28,479.68,52.87,33.09,1.0000,-1,-1,-1
58,594,286.92,554.60,109.18,93.94,0.7476,-1,-1,-1
58,595,68.41,488.26,-57.59,-152.89,1.0000,-1,-1,-1
58,596,263.30,838.10,-5.91,-6.80,1.0000,-1,-1,-1
58,597,933.07,835.32,80.79,60.01,1.0000,-1,-1,-1
58,598,1053.55,716.62,-47.44,-43.05,1.0000,-1,-1,-1
58,599,1452.90,866.83,225.72,191.12,1.0000,-1,-1,-1
58,601,903.47,773.33,9.55,14.74,1.0000,-1,-1,-1
58,606,963.85,847.41,94.85,76.76,1.0000,-1,-1,-1
58,613,205.22,325.09,215.94,280.14,0.0428,-1,-1,-1
58,615,873.40,458.43,77.80,79.50,1.0000,-1,-1,-1
58,621,1133.35,842.56,136.61,160.49,1.0000,-1,-1,-1
58,622,1125.70,797.85,78.25,69.86,1.0000,-1,-1,-1
58,623,356.77,19.26,256.14,131.54,1.0000,-1,-1,-1
58,624,1549.97,1013.79,2.48,2.85,1.0000,-1,-1,-1
58,626,476.57,488.07,99.33,83.40,0.8490,-1,-1,-1
58,630,21.65,702.44,-4.88,-18.71,1.0000,-1,-1,-1
58,634,340.71,715.01,60.78,43.79,1.0000,-1,-1,-1
58,636,338.71,640.58,114.06,115.11,0.5000,-1,-1,-1
58,642,1271.66,401.61,85.16,87.53,1.0000,-1,-1,-1
58,643,159.99,1016.63,104.42,61.07,0.0762,-1,-1,-1
58,644,471.42,293.16,131.98,130.28,0.0653,-1,-1,-1
58,646,1194.81,315.14,204.61,217.77,0.0138,-1,-1,-1
58,657,1283.54,305.00,54.24,54.02,0.0161,-1,-1,-1
58,663,476.07,602.44,112.18,110.20,0.8873,-1,-1,-1
58,668,1567.54,103.70,314.08,167.78,0.8008,-1,-1,-1
58,669,13.40,620.70,97.95,117.99,0.5314,-1,-1,-1
58,673,245.73,745.23,63.47,73.17,0.5907,-1,-1,-1
58,675,1288.10,762.59,135.44,171.31,0.0154,-1,-1,-1
58,678,193.06,1063.55,31.02,15.60,1.0000,-1,-1,-1
58,681,508.89,476.77,280.10,254.44,1.0000,-1,-1,-1
58,684,1753.73,727.60,156.27,91.73,0.1591,-1,-1,-1
58,686,745.60,458.12,65.44,35.76,1.0000,-1,-1,-1
58,687,1807.07,727.24,78.81,64.95,0.0509,-1,-1,-1
58,690,1556.19,928.43,645.50,145.14,1.0000,-1,-1,-1
58,692,943.07,30.09,104.69,122.76,1.0000,-1,-1,-1
58,693,1166.63,291.81,77.24,79.83,0.0115,-1,-1,-1
58,695,689.91,477.09,117.85,105.99,0.6129,-1,-1,-1
58,697,311.71,716.98,107.01,80.27,0.5626,-1,-1,-1
58,698,1169.71,373.38,135.33,167.89,0.8050,-1,-1,-1
58,700,139.30,1023.45,71.43,53.08,0.0672,-1,-1,-1
58,703,191.25,431.88,158.43,157.41,0.3415,-1,-1,-1
58,704,1280.53,694.87,115.17,80.11,0.2645,-1,-1,-1
58,705,631.76,915.82,161.53,148.54,1.0000,-1,-1,-1
58,708,34.68,1.91,475.81,287.96,0.6046,-1,-1,-1
58,711,1826.77,727.53,52.88,44.54,0.0499,-1,-1,-1
58,712,413.49,618.32,80.99,90.35,0.3611,-1,-1,-1
58,714,8.58,139.50,58.69,38.04,0.0223,-1,-1,-1
58,715,1896.21,745.73,25.33,51.13,0.0127,-1,-1,-1
58,716,936.89,257.31,88.13,46.05,0.0113,-1,-1,-1
58,717,1874.86,952.78,19.99,119.78,0.0160,-1,-1,-1
58,719,696.29,1.44,87.73,165.67,0.0265,-1,-1,-1
58,720,1651.20,1043.81,162.03,34.74,0.0541,-1,-1,-1
58,723,1748.69,980.82,136.00,92.49,0.0627,-1,-1,-1
58,727,1901.34,708.85,17.09,55.91,0.0108,-1,-1,-1
58,730,548.29,684.35,79.44,75.30,0.2314,-1,-1,-1
59,1,-44.42,244.55,219.81,190.86,1.0000,-1,-1,-1
59,3,994.02,390.03,26.66,23.66,1.0000,-1,-1,-1
59,5,1208.56,769.95,131.10,124.83,1.0000,-1,-1,-1
59,6,499.23,447.01,80.80,73.32,1.0000,-1,-1,-1
59,27,986.93,351.62,75.16,71.69,1.0000,-1,-1,-1
59,30,-271.49,479.87,825.74,926.48,1.0000,-1,-1,-1
59,84,814.07,599.34,34.83,45.15,1.0000,-1,-1,-1
59,119,1589.51,733.52,153.35,119.06,1.0000,-1,-1,-1
59,127,1486.83,766.80,237.67,218.62,1.0000,-1,-1,-1
59,135,1086.72,289.25,64.33,69.06,0.7355,-1,-1,-1
59,152,1795.70,1089.05,-26.81,-10.08,1.0000,-1,-1,-1
59,156,1842.93,798.10,206.43,210.95,1.0000,-1,-1,-1
59,164,441.22,509.05,27.05,22.11,1.0000,-1,-1,-1
59,172,1009.56,-12.86,-168.86,-97.56,1.0000,-1,-1,-1
59,183,1269.90,224.54,88.21,82.18,0.9088,-1,-1,-1
59,194,55.44,714.30,110.98,96.34,1.0000,-1,-1,-1
59,201,221.96,293.99,225.84,179.86,1.0000,-1,-1,-1
59,209,663.29,788.40,98.20,97.57,1.0000,-1,-1,-1
59,232,289.57,383.55,1.92,1.60,1.0000,-1,-1,-1
59,233,1763.43,595.43,84.89,282.46,1.0000,-1,-1,-1
59,235,-223.32,790.25,256.62,197.66,1.0000,-1,-1,-1
59,239,484.60,867.36,82.40,86.39,1.0000,-1,-1,-1
59,243,1434.91,517.78,475.58,499.88,1.0000,-1,-1,-1
59,245,705.04,338.01,166.35,166.33,0.3802,-1,-1,-1
59,251,1850.47,447.21,144.50,148.55,1.0000,-1,-1,-1
59,261,1111.33,557.64,159.79,186.46,1.0000,-1,-1,-1
59,270,901.81,1051.05,70.57,26.90,1.0000,-1,-1,-1
59,276,818.40,381.00,31.92,36.11,1.0000,-1,-1,-1
59,278,815.71,707.97,48.90,74.82,1.0000,-1,-1,-1
59,291,533.78,-85.73,-699.12,-427.99,1.0000,-1,-1,-1
59,308,1365.29,-46.98,301.17,173.15,1.0000,-1,-1,-1
59,310,311.41,334.58,137.14,144.34,0.8335,-1,-1,-1
59,314,284.27,346.12,125.88,101.78,1.0000,-1,-1,-1
59,317,716.72,909.30,205.75,200.20,1.0000,-1,-1,-1
59,320,922.18,113.88,65.95,63.55,1.0000,-1,-1,-1
59,329,94.52,653.21,50.79,87.55,1.0000,-1,-1,-1
59,331,257.43,880.40,4.25,5.93,1.0000,-1,-1,-1
59,332,-97.42,-1478.22,993.14,3631.57,1.0000,-1,-1,-1
59,337,-94.62,176.41,67.44,64.56,1.0000,-1,-1,-1
59,339,847.94,160.36,59.82,59.76,1.0000,-1,-1,-1
59,346,-85.72,-203.05,327.07,905.90,1.0000,-1,-1,-1
59,347,-1079.50,-396.86,2410.91,2520.24,1.0000,-1,-1,-1
59,348,847.35,391.02,56.60,57.89,1.0000,-1,-1,-1
59,349,818.34,560.93,169.89,200.63,1.0000,-1,-1,-1
59,350,1266.56,462.36,12.26,13.67,1.0000,-1,-1,-1
59,351,74.40,-66.70,673.27,2469.25,1.0000,-1,-1,-1
59,353,1908.43,973.41,169.38,174.83,1.0000,-1,-1,-1
59,354,1209.95,663.08,158.59,170.73,1.0000,-1,-1,-1
59,356,1153.46,842.35,-74.60,-110.22,1.0000,-1,-1,-1
59,360,1187.12,287.49,78.58,82.37,1.0000,-1,-1,-1
59,364,201.75,-463.04,561.67,450.92,1.0000,-1,-1,-1
59,369,289.85,-464.17,-550.65,-1657.73,1.0000,-1,-1,-1
59,370,1576.13,-68.84,-134.73,-58.05,1.0000,-1,-1,-1
59,372,1325.22,82.25,281.03,191.96,1.0000,-1,-1,-1
59,374,1236.27,630.89,15.71,27.95,1.0000,-1,-1,-1
59,377,1388.97,622.47,-17.11,-19.31,1.0000,-1,-1,-1
59,383,1042.07,1166.17,-148.32,-78.48,1.0000,-1,-1,-1
59,384,2041.37,575.08,551.13,300.40,1.0000,-1,-1,-1
59,386,2087.54,3184.56,-1616.59,-2152.19,1.0000,-1,-1,-1
59,393,1414.94,365.49,111.36,64.72,1.0000,-1,-1,-1
59,399,1105.22,747.66,210.14,287.23,1.0000,-1,-1,-1
59,401,274.86,693.84,71.46,53.37,1.0000,-1,-1,-1
59,403,967.59,746.78,10.51,9.15,1.0000,-1,-1,-1
59,406,205.24,570.20,117.49,103.09,1.0000,-1,-1,-1
59,407,533.69,716.97,-279.64,-259.45,1.0000,-1,-1,-1
59,408,709.49,-399.68,63.36,71.30,1.0000,-1,-1,-1
59,411,344.76,296.96,110.88,143.80,1.0000,-1,-1,-1
59,413,1224.00,553.04,118.94,106.78,1.0000,-1,-1,-1
59,416,660.65,885.67,112.80,90.84,1.0000,-1,-1,-1
59,417,1347.63,804.67,-37.68,-66.70,1.0000,-1,-1,-1
59,420,1212.83,754.96,34.18,58.84,1.0000,-1,-1,-1
59,421,1359.85,803.07,108.19,185.61,1.0000,-1,-1,-1
59,422,926.86,444.38,-76.38,-72.74,1.0000,-1,-1,-1
59,423,959.39,362.78,-0.81,-0.69,1.0000,-1,-1,-1
59,424,388.44,523.81,-202.46,-174.45,1.0000,-1,-1,-1
59,426,607.22,722.07,48.28,43.21,1.0000,-1,-1,-1
59,427,631.42,-682.67,343.93,667.35,1.0000,-1,-1,-1
59,428,1051.28,924.94,53.92,89.42,1.0000,-1,-1,-1
59,430,992.16,806.99,5.66,3.78,1.0000,-1,-1,-1
59,433,358.79,810.14,34.03,48.24,1.0000,-1,-1,-1
59,436,1339.63,294.78,71.52,66.06,1.0000,-1,-1,-1
59,441,1517.38,578.60,222.94,162.35,1.0000,-1,-1,-1
59,443,772.99,1217.13,-86.25,-80.53,1.0000,-1,-1,-1
59,444,578.01,920.42,129.49,122.48,1.0000,-1,-1,-1
59,445,805.20,1004.01,111.02,125.08,1.0000,-1,-1,-1
59,447,934.15,200.89,143.61,112.10,0.6779,-1,-1,-1
59,448,904.14,445.09,75.86,56.65,1.0000,-1,-1,-1
59,452,997.02,711.44,-48.19,-78.92,1.0000,-1,-1,-1
59,472,1542.11,365.72,183.19,169.39,0.2096,-1,-1,-1
59,473,443.32,533.42,157.36,160.40,1.0000,-1,-1,-1
59,474,1255.49,548.46,13.24,15.08,1.0000,-1,-1,-1
59,475,1247.95,612.65,-9.19,-12.54,1.0000,-1,-1,-1
59,476,587.29,464.58,95.60,141.87,1.0000,-1,-1,-1
59,477,834.50,-203.44,380.59,207.73,1.0000,-1,-1,-1
59,480,965.12,585.21,438.28,497.19,0.4656,-1,-1,-1
59,483,485.49,322.43,171.09,120.66,1.0000,-1,-1,-1
59,489,934.60,635.58,95.36,88.32,1.0000,-1,-1,-1
59,490,1137.40,391.91,40.05,51.57,1.0000,-1,-1,-1
59,491,488.03,248.34,88.08,86.08,0.8610,-1,-1,-1
59,495,481.82,106.63,42.67,26.58,1.0000,-1,-1,-1
59,497,1142.61,-0.63,136.46,106.49,0.8025,-1,-1,-1
59,498,950.59,250.96,54.27,59.00,1.0000,-1,-1,-1
59,505,1105.57,794.98,128.79,103.22,1.0000,-1,-1,-1
59,509,1028.37,575.76,95.01,82.46,1.0000,-1,-1,-1
59,511,457.80,477.83,75.78,91.37,1.0000,-1,-1,-1
59,512,837.09,739.17,77.49,63.74,1.0000,-1,-1,-1
59,514,1931.45,1101.60,-69.83,-25.56,1.0000,-1,-1,-1
59,522,586.91,400.84,360.98,434.12,1.0000,-1,-1,-1
59,525,1449.53,500.84,-1510.21,-2575.55,1.0000,-1,-1,-1
59,527,161.71,397.88,183.08,153.27,1.0000,-1,-1,-1
59,529,-486.02,6.24,1601.33,921.57,1.0000,-1,-1,-1
59,532,726.74,595.84,269.52,174.26,1.0000,-1,-1,-1
59,535,928.87,591.92,133.35,111.25,1.0000,-1,-1,-1
59,536,539.92,558.72,68.89,95.02,1.0000,-1,-1,-1
59,540,1289.63,685.16,113.04,112.29,1.0000,-1,-1,-1
59,543,1507.30,458.48,136.88,110.02,0.0385,-1,-1,-1
59,550,710.82,168.63,82.26,82.36,0.1881,-1,-1,-1
59,552,153.62,0.69,-60.44,-92.65,1.0000,-1,-1,-1
59,562,1078.40,453.96,1532.76,618.94,1.0000,-1,-1,-1
59,570,888.26,401.89,104.63,95.60,0.0200,-1,-1,-1
59,573,526.44,1138.15,11.84,11.94,1.0000,-1,-1,-1
59,576,1367.19,4.33,764.22,242.43,1.0000,-1,-1,-1
59,578,947.39,350.26,66.23,168.92,1.0000,-1,-1,-1
59,579,934.96,645.71,45.43,54.57,1.0000,-1,-1,-1
59,580,-20.45,703.13,-49.99,-68.68,1.0000,-1,-1,-1
59,584,1139.37,415.93,47.37,46.46,1.0000,-1,-1,-1
59,586,1107.54,371.70,-14.03,-12.15,1.0000,-1,-1,-1
59,589,1273.45,629.68,79.52,67.15,0.3530,-1,-1,-1
59,593,707.21,487.70,41.93,26.24,1.0000,-1,-1,-1
59,594,287.04,557.92,112.95,97.31,0.8176,-1,-1,-1
59,595,76.43,533.45,-83.54,-221.77,1.0000,-1,-1,-1
59,596,268.60,855.26,-16.83,-19.39,1.0000,-1,-1,-1
59,597,936.83,838.22,79.26,58.87,1.0000,-1,-1,-1
59,598,1073.70,717.57,-68.22,-61.92,1.0000,-1,-1,-1
59,599,1438.43,880.35,237.82,201.37,1.0000,-1,-1,-1
59,601,917.38,784.94,4.69,7.24,1.0000,-1,-1,-1
59,606,967.26,851.57,90.93,73.59,1.0000,-1,-1,-1
59,613,197.39,335.65,218.55,283.53,1.0000,-1,-1,-1
59,615,875.40,457.65,81.11,82.88,1.0000,-1,-1,-1
59,621,1137.51,837.60,135.37,159.03,1.0000,-1,-1,-1
59,622,1132.20,796.24,77.66,69.33,1.0000,-1,-1,-1
59,623,360.11,21.23,264.34,135.75,1.0000,-1,-1,-1
59,624,1555.66,1026.37,-5.56,-6.39,1.0000,-1,-1,-1
59,626,475.62,486.81,98.77,84.03,0.8285,-1,-1,-1
59,630,22.47,729.74,-10.02,-38.44,1.0000,-1,-1,-1
59,634,351.47,720.82,48.66,35.05,1.0000,-1,-1,-1
59,636,341.15,650.75,100.34,99.21,0.7155,-1,-1,-1
59,642,1280.45,410.34,81.84,84.11,1.0000,-1,-1,-1
59,643,167.42,1040.72,67.70,37.83,0.0165,-1,-1,-1
59,644,475.66,314.67,123.71,122.27,0.0678,-1,-1,-1
59,646,1238.13,365.19,144.44,152.65,0.0948,-1,-1,-1
59,657,1282.59,316.70,55.05,54.83,1.0000,-1,-1,-1
59,663,478.45,605.47,110.88,108.97,0.8433,-1,-1,-1
59,668,1582.09,128.07,290.33,158.24,0.7157,-1,-1,-1
59,669,13.16,625.74,103.85,123.08,0.5508,-1,-1,-1
59,673,248.04,748.35,64.06,72.75,0.5912,-1,-1,-1
59,675,1288.05,763.23,135.84,171.82,1.0000,-1,-1,-1
59,678,192.63,1067.74,23.01,11.57,1.0000,-1,-1,-1
59,681,499.33,458.54,308.06,279.84,1.0000,-1,-1,-1
59,684,1754.41,728.22,157.06,93.93,0.0187,-1,-1,-1
59,686,751.15,453.50,67.33,36.80,1.0000,-1,-1,-1
59,687,1802.76,728.70,73.74,59.94,0.0955,-1,-1,-1
59,690,1542.78,912.49,714.07,160.56,1.0000,-1,-1,-1
59,692,930.80,27.21,110.49,129.57,1.0000,-1,-1,-1
59,693,1179.53,289.57,54.99,57.37,0.0321,-1,-1,-1
59,695,703.78,475.17,108.86,97.41,0.8914,-1,-1,-1
59,697,316.70,717.81,102.46,76.82,0.7527,-1,-1,-1
59,698,1147.91,330.85,122.42,151.20,0.8948,-1,-1,-1
59,700,147.39,1023.83,70.61,52.46,0.0309,-1,-1,-1
59,703,176.51,443.43,157.31,155.34,0.5605,-1,-1,-1
59,704,1276.89,686.71,126.50,87.99,1.0000,-1,-1,-1
59,705,633.09,915.40,160.82,147.88,1.0000,-1,-1,-1
59,708,52.12,1.79,456.96,277.86,0.4613,-1,-1,-1
59,711,1820.47,728.01,51.65,42.84,0.1674,-1,-1,-1
59,712,423.31,617.36,79.09,88.49,0.6650,-1,-1,-1
59,714,10.83,140.51,58.37,37.82,1.0000,-1,-1,-1
59,715,1892.72,748.13,31.93,65.25,0.0147,-1,-1,-1
59,716,936.06,261.44,83.48,43.62,1.0000,-1,-1,-1
59,717,1861.56,946.07,21.05,126.12,1.0000,-1,-1,-1
59,719,698.69,1.59,87.90,166.00,1.0000,-1,-1,-1
59,720,1656.28,1043.58,164.03,35.18,0.0322,-1,-1,-1
59,723,1759.28,982.67,133.32,89.52,0.0276,-1,-1,-1
59,727,1901.04,708.21,16.89,55.24,1.0000,-1,-1,-1
59,730,555.50,693.45,75.27,71.02,0.3778,-1,-1,-1
59,746,180.69,985.84,73.47,90.20,0.0654,-1,-1,-1
59,749,940.12,290.48,92.25,76.06,0.0132,-1,-1,-1
59,758,1276.48,306.95,64.46,96.90,0.1034,-1,-1,-1
59,762,204.18,1051.09,68.35,27.28,0.0212,-1,-1,-1
59,764,872.87,618.07,72.76,82.30,0.1514,-1,-1,-1
59,766,802.57,760.43,66.14,85.55,0.7170,-1,-1,-1
59,769,226.39,1043.23,54.28,34.82,0.0292,-1,-1,-1
59,771,686.95,1021.40,179.04,52.84,0.0359,-1,-1,-1
59,772,341.71,655.46,89.64,129.04,0.0291,-1,-1,-1
60,1,-52.50,242.33,222.04,192.80,1.0000,-1,-1,-1
60,3,993.56,394.21,24.46,21.71,1.0000,-1,-1,-1
60,5,1211.51,780.38,133.29,126.92,1.0000,-1,-1,-1
60,6,503.59,448.82,80.23,72.80,1.0000,-1,-1,-1
60,27,981.33,349.83,75.22,71.75,1.0000,-1,-1,-1
60,30,-302.88,474.57,843.80,946.75,1.0000,-1,-1,-1
60,119,1592.29,737.02,155.40,120.64,1.0000,-1,-1,-1
60,127,1496.79,767.25,241.92,222.54,1.0000,-1,-1,-1
60,135,1089.19,287.90,62.13,65.90,0.6251,-1,-1,-1
60,152,1816.72,1096.90,-47.43,-17.83,1.0000,-1,-1,-1
60,156,1859.21,804.66,208.47,213.04,1.0000,-1,-1,-1
60,164,443.07,510.50,24.93,20.38,1.0000,-1,-1,-1
60,172,1013.58,-13.34,-177.03,-102.28,1.0000,-1,-1,-1
60,183,1271.15,229.32,90.14,83.90,0.9215,-1,-1,-1
60,194,52.35,718.06,111.45,96.76,1.0000,-1,-1,-1
60,201,220.21,288.72,230.05,183.21,1.0000,-1,-1,-1
60,232,300.09,384.61,-4.20,-3.51,1.0000,-1,-1,-1
60,233,1761.17,601.69,84.52,281.22,1.0000,-1,-1,-1
60,239,485.30,874.04,81.23,85.16,1.0000,-1,-1,-1
60,243,1432.72,511.43,482.74,507.40,1.0000,-1,-1,-1
60,245,717.73,320.75,167.34,167.60,0.1506,-1,-1,-1
60,251,1865.17,448.70,145.29,149.37,1.0000,-1,-1,-1
60,261,1110.59,552.10,161.40,188.33,1.0000,-1,-1,-1
60,270,926.93,1060.08,47.19,17.99,1.0000,-1,-1,-1
60,276,824.66,371.29,30.36,34.34,1.0000,-1,-1,-1
60,278,810.90,706.34,48.42,74.08,1.0000,-1,-1,-1
60,291,542.25,-88.70,-725.67,-444.24,1.0000,-1,-1,-1
60,308,1365.03,-48.99,302.51,173.92,1.0000,-1,-1,-1
60,310,311.50,339.44,137.40,145.21,0.8468,-1,-1,-1
60,314,282.55,339.38,125.53,101.50,1.0000,-1,-1,-1
60,317,717.33,922.36,208.05,202.44,1.0000,-1,-1,-1
60,320,923.02,108.80,66.12,63.71,1.0000,-1,-1,-1
60,339,848.96,156.35,60.17,60.12,1.0000,-1,-1,-1
60,346,-88.28,-212.88,332.91,922.07,1.0000,-1,-1,-1
60,348,850.27,397.30,55.98,57.25,1.0000,-1,-1,-1
60,349,815.96,555.35,172.17,203.32,1.0000,-1,-1,-1
60,350,1270.48,461.68,10.40,11.59,1.0000,-1,-1,-1
60,353,1922.17,981.63,168.56,173.99,1.0000,-1,-1,-1
60,354,1233.12,671.75,156.88,168.89,1.0000,-1,-1,-1
60,360,1192.07,290.26,79.30,83.12,1.0000,-1,-1,-1
60,364,205.67,-489.68,576.89,463.15,1.0000,-1,-1,-1
60,369,296.39,-489.86,-571.26,-1719.78,1.0000,-1,-1,-1
60,370,1581.39,-75.82,-143.73,-61.92,1.0000,-1,-1,-1
60,372,1321.08,79.00,285.52,195.03,1.0000,-1,-1,-1
60,374,1242.59,628.36,14.27,25.40,1.0000,-1,-1,-1
60,377,1392.28,619.35,-19.36,-21.84,1.0000,-1,-1,-1
60,383,1042.46,1170.36,-155.67,-82.37,1.0000,-1,-1,-1
60,384,2061.61,571.53,566.25,308.64,1.0000,-1,-1,-1
60,386,2157.63,3286.51,-1680.76,-2237.62,1.0000,-1,-1,-1
60,393,1414.18,372.78,107.92,62.72,1.0000,-1,-1,-1
60,399,1109.85,741.11,213.75,292.15,1.0000,-1,-1,-1
60,401,279.50,701.79,67.90,50.71,1.0000,-1,-1,-1
60,403,970.83,751.89,7.64,6.65,1.0000,-1,-1,-1
60,406,207.04,566.72,117.97,103.52,1.0000,-1,-1,-1
60,407,544.31,720.65,-292.89,-271.74,1.0000,-1,-1,-1
60,408,731.04,-422.94,59.30,66.74,1.0000,-1,-1,-1
60,411,348.40,282.89,111.92,145.14,1.0000,-1,-1,-1
60,413,1227.05,558.73,120.43,108.11,1.0000,-1,-1,-1
60,416,660.64,893.64,114.00,91.80,1.0000,-1,-1,-1
60,417,1354.44,808.01,-40.78,-72.19,1.0000,-1,-1,-1
60,420,1214.41,755.61,33.68,57.98,1.0000,-1,-1,-1
60,421,1367.08,805.20,111.02,190.47,1.0000,-1,-1,-1
60,422,934.48,442.12,-82.86,-78.91,1.0000,-1,-1,-1
60,423,988.97,348.43,-11.52,-9.94,1.0000,-1,-1,-1
60,424,398.95,518.83,-215.72,-185.88,1.0000,-1,-1,-1
60,426,615.85,726.82,46.29,41.43,1.0000,-1,-1,-1
60,427,655.63,-741.18,352.51,684.01,1.0000,-1,-1,-1
60,428,1055.29,933.79,53.73,89.10,1.0000,-1,-1,-1
60,430,987.15,814.57,2.83,1.89,1.0000,-1,-1,-1
60,433,362.39,812.11,32.51,46.09,1.0000,-1,-1,-1
60,436,1356.13,294.15,68.92,63.66,1.0000,-1,-1,-1
60,441,1515.18,574.65,228.43,166.35,1.0000,-1,-1,-1
60,443,777.55,1224.26,-90.96,-84.93,1.0000,-1,-1,-1
60,444,563.76,929.17,130.41,123.35,1.0000,-1,-1,-1
60,445,807.85,1019.41,110.78,124.82,1.0000,-1,-1,-1
60,447,936.71,210.39,142.56,114.42,0.5864,-1,-1,-1
60,448,905.41,444.08,77.22,57.67,1.0000,-1,-1,-1
60,452,1003.02,708.98,-52.87,-86.59,1.0000,-1,-1,-1
60,472,1541.00,377.93,179.89,165.22,0.2207,-1,-1,-1
60,473,444.78,536.00,161.17,164.29,1.0000,-1,-1,-1
60,474,1259.54,552.98,10.28,11.72,1.0000,-1,-1,-1
60,475,1254.92,613.43,-17.26,-23.56,1.0000,-1,-1,-1
60,476,599.25,467.44,94.03,139.53,1.0000,-1,-1,-1
60,477,852.93,-226.25,390.53,213.16,1.0000,-1,-1,-1
60,480,1033.83,616.27,412.67,466.70,0.7424,-1,-1,-1
60,483,489.94,338.41,172.33,121.53,1.0000,-1,-1,-1
60,489,946.60,635.46,96.96,89.81,1.0000,-1,-1,-1
60,490,1139.31,377.82,38.29,49.29,1.0000,-1,-1,-1
60,491,490.26,249.69,89.33,87.71,0.8799,-1,-1,-1
60,495,492.32,113.73,34.44,21.45,1.0000,-1,-1,-1
60,497,1130.95,-0.12,135.74,105.38,0.8643,-1,-1,-1
60,498,955.14,250.14,54.83,59.61,1.0000,-1,-1,-1
60,505,1113.14,797.23,130.35,104.47,1.0000,-1,-1,-1
60,509,1029.62,588.77,94.68,82.17,1.0000,-1,-1,-1
60,511,461.35,477.04,75.18,90.64,1.0000,-1,-1,-1
60,512,835.21,737.34,73.93,60.80,1.0000,-1,-1,-1
60,514,1943.80,1106.76,-84.08,-30.77,1.0000,-1,-1,-1
60,522,576.40,396.43,377.31,453.76,1.0000,-1,-1,-1
60,525,1528.68,526.78,-1615.29,-2754.76,1.0000,-1,-1,-1
60,527,146.14,404.11,185.20,155.05,1.0000,-1,-1,-1
60,529,-510.98,6.45,1669.35,960.71,1.0000,-1,-1,-1
60,532,726.85,594.21,278.64,180.16,1.0000,-1,-1,-1
60,535,932.36,587.53,134.96,112.59,1.0000,-1,-1,-1
60,536,544.34,561.73,69.53,95.90,1.0000,-1,-1,-1
60,540,1294.58,696.72,115.92,115.16,1.0000,-1,-1,-1
60,543,1513.00,466.82,138.01,107.84,0.0187,-1,-1,-1
60,550,713.07,167.18,80.32,80.55,0.1058,-1,-1,-1
60,552,166.17,0.42,-91.27,-139.92,1.0000,-1,-1,-1
60,562,1035.57,418.43,1620.04,654.19,1.0000,-1,-1,-1
60,570,890.86,401.33,105.55,98.11,0.0236,-1,-1,-1
60,573,560.60,1167.58,-5.60,-5.64,1.0000,-1,-1,-1
60,576,1352.20,4.41,808.29,256.41,1.0000,-1,-1,-1
60,578,952.13,353.10,65.43,166.88,1.0000,-1,-1,-1
60,579,945.39,656.04,42.26,50.75,1.0000,-1,-1,-1
60,580,-21.99,726.28,-63.47,-87.22,1.0000,-1,-1,-1
60,584,1143.49,421.06,47.32,46.41,1.0000,-1,-1,-1
60,586,1117.87,375.66,-22.28,-19.30,1.0000,-1,-1,-1
60,589,1279.77,634.40,69.57,58.08,0.0235,-1,-1,-1
60,593,720.13,495.72,30.99,19.39,1.0000,-1,-1,-1
60,594,286.86,561.52,115.26,99.60,0.8801,-1,-1,-1
60,595,84.44,578.64,-109.49,-290.65,1.0000,-1,-1,-1
60,596,273.90,872.41,-27.75,-31.97,1.0000,-1,-1,-1
60,597,940.59,841.13,77.73,57.73,1.0000,-1,-1,-1
60,598,1093.84,718.51,-89.01,-80.78,1.0000,-1,-1,-1
60,599,1423.97,893.87,249.92,211.61,1.0000,-1,-1,-1
60,601,931.30,796.55,-0.17,-0.26,1.0000,-1,-1,-1
60,606,970.67,855.72,87.02,70.42,1.0000,-1,-1,-1
60,613,189.55,346.21,221.17,286.92,1.0000,-1,-1,-1
60,615,877.40,456.88,84.43,86.27,1.0000,-1,-1,-1
60,621,1141.67,832.63,134.13,157.57,1.0000,-1,-1,-1
60,622,1138.69,794.64,77.07,68.81,1.0000,-1,-1,-1
60,623,363.44,23.20,272.55,139.96,1.0000,-1,-1,-1
60,624,1561.36,1038.96,-13.60,-15.63,1.0000,-1,-1,-1
60,626,473.85,484.80,97.40,83.71,0.8650,-1,-1,-1
60,630,23.29,757.03,-15.16,-58.17,1.0000,-1,-1,-1
60,634,362.24,726.62,36.53,26.32,1.0000,-1,-1,-1
60,636,340.99,655.80,96.52,94.25,0.8074,-1,-1,-1
60,642,1289.23,419.07,78.52,80.70,1.0000,-1,-1,-1
60,643,175.21,1049.84,54.38,30.39,1.0000,-1,-1,-1
60,644,475.55,329.88,116.73,115.23,0.1248,-1,-1,-1
60,646,1264.04,390.35,112.46,117.75,0.2397,-1,-1,-1
60,657,1281.65,328.39,55.86,55.63,1.0000,-1,-1,-1
60,663,478.10,608.00,111.57,110.12,0.7158,-1,-1,-1
60,668,1589.94,146.79,276.52,153.69,0.8573,-1,-1,-1
60,669,15.56,639.22,103.24,119.36,0.7581,-1,-1,-1
60,673,248.56,749.94,65.48,73.43,0.6384,-1,-1,-1
60,675,1288.00,763.87,136.25,172.33,1.0000,-1,-1,-1
60,678,192.20,1071.93,15.00,7.54,1.0000,-1,-1,-1
60,681,489.78,440.31,336.02,305.25,1.0000,-1,-1,-1
60,684,1754.65,729.30,162.30,97.06,1.0000,-1,-1,-1
60,686,756.70,448.89,69.22,37.83,1.0000,-1,-1,-1
60,687,1825.87,726.70,55.95,45.85,0.0249,-1,-1,-1
60,690,1529.36,896.56,782.64,175.98,1.0000,-1,-1,-1
60,692,918.53,24.33,116.30,136.37,1.0000,-1,-1,-1
60,693,1191.99,286.50,33.67,34.69,0.0616,-1,-1,-1
60,695,705.87,468.24,107.01,95.14,0.8889,-1,-1,-1
60,697,324.25,719.63,92.32,68.37,0.7494,-1,-1,-1
60,698,1128.26,292.59,117.07,144.23,0.8998,-1,-1,-1
60,700,164.70,1011.15,91.39,66.12,0.0515,-1,-1,-1
60,703,159.12,454.15,156.54,153.01,0.5306,-1,-1,-1
60,704,1273.25,678.56,137.83,95.87,1.0000,-1,-1,-1
60,705,634.42,914.99,160.10,147.22,1.0000,-1,-1,-1
60,708,68.34,1.74,437.40,266.69,0.3861,-1,-1,-1
60,711,1820.93,726.53,58.84,48.90,0.0166,-1,-1,-1
60,712,430.37,616.10,78.60,87.79,0.5990,-1,-1,-1
60,714,13.07,141.52,58.04,37.61,1.0000,-1,-1,-1
60,715,1891.48,748.28,34.85,71.23,1.0000,-1,-1,-1
60,716,935.22,265.57,78.83,41.19,1.0000,-1,-1,-1
60,717,1848.25,939.36,22.11,132.46,1.0000,-1,-1,-1
60,719,711.30,1.35,79.15,148.12,0.0121,-1,-1,-1
60,720,1658.87,1043.63,163.04,34.97,0.0218,-1,-1,-1
60,723,1765.13,983.15,136.95,90.93,0.0123,-1,-1,-1
60,727,1900.74,707.57,16.68,54.58,1.0000,-1,-1,-1
60,730,558.77,699.09,76.28,71.77,0.4437,-1,-1,-1
60,746,199.58,1027.84,39.80,48.86,1.0000,-1,-1,-1
60,749,933.60,292.69,104.43,85.57,0.0799,-1,-1,-1
60,758,1280.29,316.18,56.48,82.76,0.2225,-1,-1,-1
60,762,207.07,1050.58,69.70,27.82,1.0000,-1,-1,-1
60,764,875.57,622.80,70.23,79.03,0.5500,-1,-1,-1
60,766,806.59,768.36,64.44,82.76,0.8033,-1,-1,-1
60,769,222.72,1041.53,56.90,36.50,1.0000,-1,-1,-1
60,771,684.33,1013.74,203.76,60.82,0.1772,-1,-1,-1
60,772,346.71,665.36,79.56,114.52,1.0000,-1,-1,-1
60,775,1010.63,573.08,103.64,83.52,0.8135,-1,-1,-1
60,780,932.06,263.18,150.43,63.64,0.0186,-1,-1,-1
61,1,-60.58,240.10,224.28,194.74,1.0000,-1,-1,-1
61,3,993.11,398.40,22.25,19.75,1.0000,-1,-1,-1
61,5,1214.46,790.81,135.48,129.00,1.0000,-1,-1,-1
61,6,507.95,450.62,79.66,72.28,1.0000,-1,-1,-1
61,27,975.73,348.04,75.27,71.80,1.0000,-1,-1,-1
61,30,-334.28,469.28,861.86,967.01,1.0000,-1,-1,-1
61,119,1595.06,740.53,157.44,122.23,1.0000,-1,-1,-1
61,127,1506.75,767.70,246.18,226.45,1.0000,-1,-1,-1
61,135,1085.90,287.57,56.75,60.30,0.4271,-1,-1,-1
61,152,1837.74,1104.74,-68.05,-25.59,1.0000,-1,-1,-1
61,156,1875.48,811.21,210.51,215.12,1.0000,-1,-1,-1
61,164,444.93,511.95,22.81,18.64,1.0000,-1,-1,-1
61,172,1017.59,-13.83,-185.20,-107.00,1.0000,-1,-1,-1
61,183,1271.52,235.85,89.23,82.58,0.9127,-1,-1,-1
61,194,49.27,721.82,111.93,97.17,1.0000,-1,-1,-1
61,201,218.46,283.45,234.25,186.56,1.0000,-1,-1,-1
61,232,310.61,385.67,-10.33,-8.62,1.0000,-1,-1,-1
61,233,1758.91,607.95,84.15,279.98,1.0000,-1,-1,-1
61,239,486.00,880.72,80.06,83.93,1.0000,-1,-1,-1
61,243,1430.52,505.08,489.90,514.93,1.0000,-1,-1,-1
61,245,730.03,296.21,155.19,152.97,0.5233,-1,-1,-1
61,251,1879.87,450.19,146.08,150.19,1.0000,-1,-1,-1
61,261,1109.85,546.56,163.00,190.20,1.0000,-1,-1,-1
61,270,952.05,1069.11,23.81,9.08,1.0000,-1,-1,-1
61,276,830.91,361.57,28.79,32.57,1.0000,-1,-1,-1
61,308,1364.78,-50.99,303.84,174.69,1.0000,-1,-1,-1
61,310,307.70,345.20,138.34,146.95,0.8211,-1,-1,-1
61,314,280.83,332.65,125.18,101.22,1.0000,-1,-1,-1
61,317,717.95,935.42,210.35,204.68,1.0000,-1,-1,-1
61,320,923.86,103.73,66.28,63.86,1.0000,-1,-1,-1
61,339,849.98,152.34,60.53,60.47,1.0000,-1,-1,-1
61,348,853.19,403.58,55.35,56.61,1.0000,-1,-1,-1
61,349,813.58,549.76,174.45,206.02,1.0000,-1,-1,-1
61,350,1274.39,461.01,8.54,9.51,1.0000,-1,-1,-1
61,353,1935.92,989.85,167.74,173.15,1.0000,-1,-1,-1
61,354,1256.29,680.41,155.17,167.05,1.0000,-1,-1,-1
61,360,1197.03,293.03,80.02,83.87,1.0000,-1,-1,-1
61,364,209.59,-516.31,592.12,475.37,1.0000,-1,-1,-1
61,374,1248.90,625.83,12.84,22.85,1.0000,-1,-1,-1
61,377,1395.59,616.23,-21.61,-24.38,1.0000,-1,-1,-1
61,383,1042.84,1174.55,-163.02,-86.26,1.0000,-1,-1,-1
61,384,2081.86,567.98,581.38,316.89,1.0000,-1,-1,-1
61,386,2227.72,3388.45,-1744.93,-2323.05,1.0000,-1,-1,-1
61,393,1413.41,380.06,104.47,60.72,1.0000,-1,-1,-1
61,399,1114.48,734.56,217.35,297.08,1.0000,-1,-1,-1
61,401,284.13,709.74,64.33,48.05,1.0000,-1,-1,-1
61,403,974.07,756.99,4.77,4.15,1.0000,-1,-1,-1
61,406,208.83,563.24,118.46,103.94,1.0000,-1,-1,-1
61,407,554.92,724.33,-306.14,-284.03,1.0000,-1,-1,-1
61,408,752.58,-446.20,55.24,62.17,1.0000,-1,-1,-1
61,411,352.04,268.82,112.95,146.47,1.0000,-1,-1,-1
61,413,1230.09,564.43,121.91,109.45,1.0000,-1,-1,-1
61,416,660.63,901.61,115.20,92.77,1.0000,-1,-1,-1
61,417,1361.26,811.34,-43.87,-77.67,1.0000,-1,-1,-1
61,420,1215.99,756.25,33.18,57.12,1.0000,-1,-1,-1
61,421,1374.32,807.34,113.85,195.32,1.0000,-1,-1,-1
61,422,942.10,439.86,-89.33,-85.08,1.0000,-1,-1,-1
61,423,1018.56,334.07,-22.23,-19.18,1.0000,-1,-1,-1
61,424,409.45,513.86,-228.99,-197.31,1.0000,-1,-1,-1
61,426,624.48,731.58,44.30,39.64,1.0000,-1,-1,-1
61,427,679.83,-799.69,361.10,700.67,1.0000,-1,-1,-1
61,428,1059.29,942.64,53.54,88.78,1.0000,-1,-1,-1
61,430,982.15,822.14,-0.01,-0.01,1.0000,-1,-1,-1
61,433,365.99,814.09,31.00,43.94,1.0000,-1,-1,-1
61,436,1372.63,293.51,66.32,61.26,1.0000,-1,-1,-1
61,441,1512.98,570.70,233.92,170.35,1.0000,-1,-1,-1
61,443,782.12,1231.39,-95.67,-89.32,1.0000,-1,-1,-1
61,444,549.52,937.91,131.33,124.22,1.0000,-1,-1,-1
61,445,810.50,1034.80,110.55,124.55,1.0000,-1,-1,-1
61,447,936.02,222.23,142.22,117.17,0.7846,-1,-1,-1
61,448,906.68,443.07,78.59,58.69,1.0000,-1,-1,-1
61,452,1009.02,706.52,-57.55,-94.25,1.0000,-1,-1,-1
61,472,1509.31,389.72,204.51,187.47,0.0502,-1,-1,-1
61,473,446.23,538.57,164.99,168.17,1.0000,-1,-1,-1
61,474,1263.58,557.51,7.33,8.35,1.0000,-1,-1,-1
61,475,1261.88,614.20,-25.33,-34.57,1.0000,-1,-1,-1
61,476,611.21,470.31,92.45,137.19,1.0000,-1,-1,-1
61,477,871.35,-249.06,400.48,218.59,1.0000,-1,-1,-1
61,480,1096.10,647.21,390.05,435.92,0.7111,-1,-1,-1
61,483,494.38,354.39,173.57,122.41,1.0000,-1,-1,-1
61,489,958.60,635.34,98.57,91.30,1.0000,-1,-1,-1
61,490,1141.21,363.72,36.52,47.01,1.0000,-1,-1,-1
61,491,491.51,252.29,87.21,85.56,0.8762,-1,-1,-1
61,495,502.81,120.84,26.20,16.32,1.0000,-1,-1,-1
61,497,1122.34,-0.23,137.24,107.02,0.9025,-1,-1,-1
61,498,959.69,249.32,55.39,60.22,1.0000,-1,-1,-1
61,505,1120.71,799.48,131.91,105.72,1.0000,-1,-1,-1
61,509,1030.87,601.79,94.35,81.89,1.0000,-1,-1,-1
61,511,464.91,476.25,74.57,89.91,1.0000,-1,-1,-1
61,512,833.33,735.52,70.36,57.87,1.0000,-1,-1,-1
61,514,1956.15,1111.92,-98.33,-35.99,1.0000,-1,-1,-1
61,522,565.90,392.01,393.64,473.40,1.0000,-1,-1,-1
61,525,1607.82,552.72,-1720.37,-2933.97,1.0000,-1,-1,-1
61,527,130.56,410.34,187.33,156.83,1.0000,-1,-1,-1
61,529,-535.94,6.67,1737.36,999.86,1.0000,-1,-1,-1
61,532,726.96,592.59,287.76,186.06,1.0000,-1,-1,-1
61,535,935.84,583.15,136.57,113.94,1.0000,-1,-1,-1
61,536,548.77,564.75,70.17,96.79,1.0000,-1,-1,-1
61,540,1299.54,708.27,118.81,118.02,1.0000,-1,-1,-1
61,543,1505.61,478.91,141.74,109.02,0.0117,-1,-1,-1
61,550,710.84,164.09,82.46,83.29,0.0784,-1,-1,-1
61,552,178.72,0.15,-122.10,-187.19,1.0000,-1,-1,-1
61,562,992.73,382.90,1707.32,689.43,1.0000,-1,-1,-1
61,570,890.57,402.96,105.46,99.93,0.0207,-1,-1,-1
61,573,594.76,1197.00,-23.04,-23.23,1.0000,-1,-1,-1
61,576,1337.20,4.50,852.37,270.39,1.0000,-1,-1,-1
61,578,956.86,355.94,64.63,164.84,1.0000,-1,-1,-1
61,579,955.83,666.37,39.08,46.93,1.0000,-1,-1,-1
61,580,-23.53,749.42,-76.96,-105.75,1.0000,-1,-1,-1
61,584,1147.61,426.20,47.27,46.36,1.0000,-1,-1,-1
61,586,1128.19,379.62,-30.52,-26.44,1.0000,-1,-1,-1
61,589,1282.93,643.02,69.17,57.75,1.0000,-1,-1,-1
61,593,733.06,503.74,20.05,12.55,1.0000,-1,-1,-1
61,594,284.28,566.08,115.72,100.16,0.6466,-1,-1,-1
61,595,92.46,623.84,-135.44,-359.53,1.0000,-1,-1,-1
61,596,279.20,889.57,-38.68,-44.55,1.0000,-1,-1,-1
61,597,944.35,844.03,76.20,56.60,1.0000,-1,-1,-1
61,598,1113.99,719.46,-109.79,-99.64,1.0000,-1,-1,-1
61,599,1409.50,907.39,262.03,221.86,1.0000,-1,-1,-1
61,601,945.21,808.15,-5.03,-7.76,1.0000,-1,-1,-1
61,606,974.07,859.87,83.10,67.25,1.0000,-1,-1,-1
61,613,181.71,356.77,223.78,290.31,1.0000,-1,-1,-1
61,615,879.39,456.10,87.74,89.65,1.0000,-1,-1,-1
61,621,1145.83,827.66,132.89,156.11,1.0000,-1,-1,-1
61,622,1145.19,793.03,76.49,68.29,1.0000,-1,-1,-1
61,623,366.77,25.17,280.75,144.18,1.0000,-1,-1,-1
61,624,1567.05,1051.54,-21.64,-24.87,1.0000,-1,-1,-1
61,626,467.27,483.26,97.37,85.08,0.8556,-1,-1,-1
61,630,24.10,784.32,-20.30,-77.90,1.0000,-1,-1,-1
61,634,373.00,732.42,24.41,17.58,1.0000,-1,-1,-1
61,636,334.48,657.07,100.48,97.08,0.7051,-1,-1,-1
61,642,1298.02,427.81,75.20,77.29,1.0000,-1,-1,-1
61,643,183.01,1058.96,41.06,22.95,1.0000,-1,-1,-1
61,644,468.80,341.89,115.19,113.36,0.1918,-1,-1,-1
61,646,1276.78,402.94,97.43,101.03,0.2014,-1,-1,-1
61,657,1280.71,340.08,56.67,56.44,1.0000,-1,-1,-1
61,663,474.00,611.96,112.77,111.66,0.7918,-1,-1,-1
61,668,1591.35,165.59,266.42,151.12,0.7914,-1,-1,-1
61,669,16.85,653.85,101.43,114.03,0.4950,-1,-1,-1
61,673,247.20,754.66,63.67,70.46,0.2844,-1,-1,-1
61,675,1287.94,764.51,136.65,172.84,1.0000,-1,-1,-1
61,678,191.77,1076.12,6.98,3.51,1.0000,-1,-1,-1
61,681,480.22,422.08,363.98,330.65,1.0000,-1,-1,-1
61,684,1754.89,730.38,167.55,100.20,1.0000,-1,-1,-1
61,686,762.24,444.27,71.11,38.86,1.0000,-1,-1,-1
61,687,1806.62,725.62,92.62,78.26,0.0268,-1,-1,-1
61,690,1515.95,880.62,851.20,191.39,1.0000,-1,-1,-1
61,692,906.26,21.44,122.10,143.18,1.0000,-1,-1,-1
61,693,1152.43,271.08,50.88,49.02,0.0547,-1,-1,-1
61,695,701.66,464.09,106.94,94.45,0.8771,-1,-1,-1
61,697,322.88,720.82,92.32,67.70,0.7115,-1,-1,-1
61,698,1101.19,262.09,109.75,132.05,0.6642,-1,-1,-1
61,700,167.49,1007.28,99.91,70.35,0.0807,-1,-1,-1
61,703,133.58,462.93,159.80,154.38,0.1314,-1,-1,-1
61,704,1269.60,670.41,149.17,103.76,1.0000,-1,-1,-1
61,705,635.75,914.57,159.39,146.57,1.0000,-1,-1,-1
61,708,81.35,1.57,428.57,261.08,0.3512,-1,-1,-1
61,711,1813.11,725.47,68.83,58.15,0.0338,-1,-1,-1
61,712,431.47,615.90,78.93,87.88,0.2922,-1,-1,-1
61,714,15.31,142.52,57.71,37.40,1.0000,-1,-1,-1
61,715,1886.97,743.90,41.41,86.58,0.0101,-1,-1,-1
61,716,934.39,269.70,74.18,38.76,1.0000,-1,-1,-1
61,717,1834.94,932.64,23.16,138.80,1.0000,-1,-1,-1
61,719,716.49,1.40,76.76,143.67,1.0000,-1,-1,-1
61,720,1662.06,1043.47,163.61,35.09,1.0000,-1,-1,-1
61,723,1775.29,984.13,135.82,90.17,1.0000,-1,-1,-1
61,727,1900.43,706.92,16.48,53.91,1.0000,-1,-1,-1
61,730,556.49,707.61,76.65,71.65,0.0864,-1,-1,-1
61,746,218.46,1069.84,6.12,7.52,1.0000,-1,-1,-1
61,749,935.98,300.42,98.43,80.15,0.0369,-1,-1,-1
61,758,1277.48,318.43,55.70,79.20,0.1366,-1,-1,-1
61,762,209.96,1050.07,71.05,28.36,1.0000,-1,-1,-1
61,764,873.39,626.07,70.59,79.19,0.2798,-1,-1,-1
61,766,804.41,776.09,65.51,83.50,0.7648,-1,-1,-1
61,769,219.04,1039.83,59.51,38.18,1.0000,-1,-1,-1
61,771,684.76,1008.27,221.70,66.85,0.0952,-1,-1,-1
61,772,351.71,675.27,69.47,100.01,1.0000,-1,-1,-1
61,775,1005.30,582.94,103.43,83.90,0.8348,-1,-1,-1
61,780,930.79,280.83,140.75,60.24,0.0121,-1,-1,-1
61,783,911.85,597.18,96.19,96.79,0.7532,-1,-1,-1
61,785,1808.27,828.48,147.20,129.67,0.0180,-1,-1,-1
62,1,-68.67,237.88,226.51,196.68,1.0000,-1,-1,-1
62,3,992.66,402.59,20.04,17.79,1.0000,-1,-1,-1
62,5,1217.41,801.25,137.67,131.09,1.0000,-1,-1,-1
62,6,512.30,452.42,79.09,71.76,1.0000,-1,-1,-1
62,27,970.13,346.26,75.33,71.86,1.0000,-1,-1,-1
62,30,-365.68,463.99,879.91,987.28,1.0000,-1,-1,-1
62,119,1597.83,744.04,159.48,123.82,1.0000,-1,-1,-1
62,127,1516.70,768.15,250.44,230.37,1.0000,-1,-1,-1
62,135,1088.51,290.29,55.36,58.82,1.0000,-1,-1,-1
62,152,1858.75,1112.58,-88.67,-33.34,1.0000,-1,-1,-1
62,156,1891.76,817.76,212.55,217.20,1.0000,-1,-1,-1
62,164,446.78,513.41,20.69,16.91,1.0000,-1,-1,-1
62,172,1021.61,-14.32,-193.37,-111.72,1.0000,-1,-1,-1
62,183,1269.66,242.27,89.97,82.95,0.8609,-1,-1,-1
62,194,46.18,725.58,112.41,97.59,1.0000,-1,-1,-1
62,201,216.71,278.17,238.46,189.91,1.0000,-1,-1,-1
62,232,321.14,386.72,-16.45,-13.73,1.0000,-1,-1,-1
62,233,1756.64,614.21,83.78,278.75,1.0000,-1,-1,-1
62,243,1428.33,498.74,497.06,522.46,1.0000,-1,-1,-1
62,245,735.33,269.72,152.72,148.00,0.3279,-1,-1,-1
62,251,1894.58,451.67,146.88,151.00,1.0000,-1,-1,-1
62,261,1109.11,541.02,164.60,192.07,1.0000,-1,-1,-1
62,270,977.17,1078.14,0.43,0.16,1.0000,-1,-1,-1
62,276,837.17,351.85,27.23,30.80,1.0000,-1,-1,-1
62,308,1364.52,-53.00,305.18,175.46,1.0000,-1,-1,-1
62,310,301.97,351.27,136.78,145.57,0.8815,-1,-1,-1
62,314,279.12,325.92,124.83,100.94,1.0000,-1,-1,-1
62,317,718.56,948.48,212.65,206.91,1.0000,-1,-1,-1
62,320,924.70,98.66,66.44,64.02,1.0000,-1,-1,-1
62,339,851.00,148.33,60.88,60.83,1.0000,-1,-1,-1
62,348,856.11,409.85,54.73,55.98,1.0000,-1,-1,-1
62,349,811.20,544.17,176.73,208.71,1.0000,-1,-1,-1
62,350,1278.31,460.33,6.67,7.44,1.0000,-1,-1,-1
62,353,1949.67,998.07,166.92,172.30,1.0000,-1,-1,-1
62,354,1279.47,689.08,153.46,165.21,1.0000,-1,-1,-1
62,360,1201.99,295.79,80.74,84.63,1.0000,-1,-1,-1
62,364,213.51,-542.94,607.35,487.60,1.0000,-1,-1,-1
62,374,1255.21,623.29,11.41,20.30,1.0000,-1,-1,-1
62,384,2102.11,564.43,596.50,325.13,1.0000,-1,-1,-1
62,386,2297.81,3490.40,-1809.10,-2408.48,1.0000,-1,-1,-1
62,393,1412.64,387.35,101.02,58.71,1.0000,-1,-1,-1
62,399,1119.11,728.01,220.95,302.00,1.0000,-1,-1,-1
62,401,288.77,717.69,60.77,45.39,1.0000,-1,-1,-1
62,403,977.31,762.10,1.90,1.65,1.0000,-1,-1,-1
62,406,210.63,559.76,118.94,104.37,1.0000,-1,-1,-1
62,407,565.53,728.01,-319.39,-296.32,1.0000,-1,-1,-1
62,408,774.13,-469.46,51.18,57.60,1.0000,-1,-1,-1
62,411,355.67,254.75,113.98,147.81,1.0000,-1,-1,-1
62,413,1233.13,570.13,123.40,110.79,1.0000,-1,-1,-1
62,416,660.62,909.58,116.40,93.74,1.0000,-1,-1,-1
62,417,1368.07,814.67,-46.97,-83.15,1.0000,-1,-1,-1
62,420,1217.58,756.90,32.68,56.25,1.0000,-1,-1,-1
62,421,1381.55,809.47,116.68,200.18,1.0000,-1,-1,-1
62,422,949.72,437.60,-95.81,-91.24,1.0000,-1,-1,-1
62,423,1048.14,319.72,-32.94,-28.42,1.0000,-1,-1,-1
62,424,419.96,508.88,-242.25,-208.73,1.0000,-1,-1,-1
62,426,633.11,736.33,42.30,37.86,1.0000,-1,-1,-1
62,427,704.04,-858.19,369.68,717.33,1.0000,-1,-1,-1
62,428,1063.30,951.50,53.34,88.46,1.0000,-1,-1,-1
62,430,977.14,829.71,-2.84,-1.90,1.0000,-1,-1,-1
62,433,369.59,816.06,29.48,41.79,1.0000,-1,-1,-1
62,436,1389.13,292.88,63.72,58.86,1.0000,-1,-1,-1
62,441,1510.78,566.74,239.41,174.35,1.0000,-1,-1,-1
62,443,786.68,1238.52,-100.38,-93.72,1.0000,-1,-1,-1
62,444,535.27,946.66,132.24,125.08,1.0000,-1,-1,-1
62,445,813.14,1050.19,110.32,124.29,1.0000,-1,-1,-1
62,447,933.03,234.64,141.00,118.56,0.6755,-1,-1,-1
62,448,907.96,442.06,79.96,59.71,1.0000,-1,-1,-1
62,452,1015.02,704.06,-62.23,-101.92,1.0000,-1,-1,-1
62,472,1493.68,394.54,213.76,196.40,0.0988,-1,-1,-1
62,473,447.69,541.15,168.80,172.06,1.0000,-1,-1,-1
62,474,1267.62,562.04,4.37,4.98,1.0000,-1,-1,-1
62,475,1268.84,614.98,-33.40,-45.58,1.0000,-1,-1,-1
62,476,623.16,473.18,90.87,134.85,1.0000,-1,-1,-1
62,477,889.77,-271.87,410.42,224.01,1.0000,-1,-1,-1
62,480,1130.07,660.18,385.62,421.37,0.0713,-1,-1,-1
62,483,498.82,370.38,174.81,123.28,1.0000,-1,-1,-1
62,489,970.60,635.22,100.17,92.78,1.0000,-1,-1,-1
62,490,1143.12,349.62,34.75,44.74,1.0000,-1,-1,-1
62,491,489.63,253.71,87.84,86.26,0.8965,-1,-1,-1
62,495,513.30,127.95,17.96,11.18,1.0000,-1,-1,-1
62,497,1114.35,-0.44,139.39,109.73,0.9127,-1,-1,-1
62,498,964.24,248.49,55.95,60.83,1.0000,-1,-1,-1
62,505,1128.28,801.73,133.47,106.97,1.0000,-1,-1,-1
62,509,1032.12,614.80,94.02,81.60,1.0000,-1,-1,-1
62,511,468.47,475.45,73.97,89.19,1.0000,-1,-1,-1
62,512,831.45,733.70,66.80,54.94,1.0000,-1,-1,-1
62,514,1968.50,1117.08,-112.59,-41.20,1.0000,-1,-1,-1
62,522,555.39,387.60,409.97,493.04,1.0000,-1,-1,-1
62,525,1686.96,578.67,-1825.46,-3113.18,1.0000,-1,-1,-1
62,527,114.99,416.57,189.46,158.62,1.0000,-1,-1,-1
62,529,-560.90,6.88,1805.38,1039.00,1.0000,-1,-1,-1
62,532,727.06,590.96,296.89,191.95,1.0000,-1,-1,-1
62,535,939.32,578.76,138.18,115.28,1.0000,-1,-1,-1
62,536,553.19,567.76,70.82,97.67,1.0000,-1,-1,-1
62,540,1304.49,719.82,121.69,120.89,1.0000,-1,-1,-1
62,543,1507.08,490.83,141.65,108.95,1.0000,-1,-1,-1
62,550,708.03,161.74,82.94,83.83,0.0316,-1,-1,-1
62,552,191.27,-0.12,-152.93,-234.46,1.0000,-1,-1,-1
62,562,949.90,347.37,1794.60,724.68,1.0000,-1,-1,-1
62,570,890.49,405.58,101.30,97.61,0.0209,-1,-1,-1
62,573,628.92,1226.43,-40.48,-40.82,1.0000,-1,-1,-1
62,576,1322.20,4.58,896.44,284.37,1.0000,-1,-1,-1
62,578,961.59,358.78,63.83,162.80,1.0000,-1,-1,-1
62,579,966.27,676.71,35.90,43.12,1.0000,-1,-1,-1
62,580,-25.07,772.57,-90.45,-124.29,1.0000,-1,-1,-1
62,584,1151.73,431.34,47.22,46.31,1.0000,-1,-1,-1
62,586,1138.52,383.58,-38.77,-33.59,1.0000,-1,-1,-1
62,589,1286.09,651.65,68.76,57.41,1.0000,-1,-1,-1
62,593,745.99,511.76,9.11,5.70,1.0000,-1,-1,-1
62,594,281.11,571.27,113.65,98.00,0.6755,-1,-1,-1
62,595,100.48,669.03,-161.38,-428.41,1.0000,-1,-1,-1
62,596,284.49,906.73,-49.60,-57.14,1.0000,-1,-1,-1
62,597,948.11,846.94,74.67,55.46,1.0000,-1,-1,-1
62,598,1134.13,720.41,-130.58,-118.51,1.0000,-1,-1,-1
62,599,1395.03,920.91,274.13,232.11,1.0000,-1,-1,-1
62,601,959.13,819.76,-9.89,-15.26,1.0000,-1,-1,-1
62,606,977.48,864.02,79.18,64.09,1.0000,-1,-1,-1
62,613,173.88,367.33,226.39,293.70,1.0000,-1,-1,-1
62,615,881.39,455.32,91.05,93.04,1.0000,-1,-1,-1
62,621,1149.98,822.69,131.65,154.65,1.0000,-1,-1,-1
62,622,1151.68,791.42,75.90,67.76,1.0000,-1,-1,-1
62,623,370.11,27.14,288.95,148.39,1.0000,-1,-1,-1
62,624,1572.75,1064.13,-29.68,-34.11,1.0000,-1,-1,-1
62,626,461.28,482.96,94.11,83.24,0.8807,-1,-1,-1
62,630,24.92,811.61,-25.45,-97.64,1.0000,-1,-1,-1
62,634,383.77,738.23,12.28,8.85,1.0000,-1,-1,-1
62,636,324.52,658.30,107.96,104.02,0.4316,-1,-1,-1
62,642,1306.81,436.54,71.88,73.88,1.0000,-1,-1,-1
62,643,190.81,1068.08,27.74,15.50,1.0000,-1,-1,-1
62,644,460.38,352.89,112.76,110.29,0.0195,-1,-1,-1
62,646,1281.19,410.70,92.22,94.56,0.2381,-1,-1,-1
62,657,1279.77,351.77,57.47,57.24,1.0000,-1,-1,-1
62,663,452.35,615.45,117.37,113.61,0.7927,-1,-1,-1
62,668,1584.59,180.16,264.06,153.04,0.8525,-1,-1,-1
62,669,15.21,664.00,104.13,114.44,0.3873,-1,-1,-1
62,673,242.83,757.79,63.92,70.39,0.0149,-1,-1,-1
62,675,1287.89,765.15,137.05,173.34,1.0000,-1,-1,-1
62,678,191.35,1080.31,-1.03,-0.52,1.0000,-1,-1,-1
62,681,470.66,403.85,391.95,356.05,1.0000,-1,-1,-1
62,684,1755.13,731.46,172.79,103.34,1.0000,-1,-1,-1
62,686,767.79,439.66,73.00,39.90,1.0000,-1,-1,-1
62,687,1805.50,725.51,98.06,82.87,1.0000,-1,-1,-1
62,690,1502.53,864.68,919.77,206.81,1.0000,-1,-1,-1
62,692,894.00,18.56,127.91,149.99,1.0000,-1,-1,-1
62,693,1144.33,265.71,48.84,47.05,1.0000,-1,-1,-1
62,695,694.87,460.92,104.98,92.07,0.7974,-1,-1,-1
62,697,320.38,725.07,87.81,63.76,0.0223,-1,-1,-1
62,698,1071.20,217.03,105.18,126.55,1.0000,-1,-1,-1
62,700,175.82,1004.92,103.72,73.03,1.0000,-1,-1,-1
62,703,106.24,472.21,160.83,152.62,0.0387,-1,-1,-1
62,704,1265.96,662.25,160.50,111.64,1.0000,-1,-1,-1
62,705,637.08,914.15,158.68,145.91,1.0000,-1,-1,-1
62,708,78.18,1.78,427.35,259.52,0.1630,-1,-1,-1
62,711,1805.63,722.66,86.63,75.64,0.0378,-1,-1,-1
62,712,431.73,615.70,84.84,93.45,0.0875,-1,-1,-1
62,714,4.13,132.06,64.72,41.64,0.0122,-1,-1,-1
62,715,1885.14,743.28,45.04,94.16,1.0000,-1,-1,-1
62,716,933.56,273.83,69.53,36.33,1.0000,-1,-1,-1
62,717,1821.64,925.93,24.22,145.13,1.0000,-1,-1,-1
62,719,689.63,0.64,83.39,153.05,0.0146,-1,-1,-1
62,720,1665.26,1043.30,164.18,35.21,1.0000,-1,-1,-1
62,723,1785.45,985.12,134.68,89.42,1.0000,-1,-1,-1
62,727,1900.13,706.28,16.28,53.24,1.0000,-1,-1,-1
62,730,558.41,713.95,76.33,71.34,1.0000,-1,-1,-1
62,746,237.35,1111.84,-27.55,-33.83,1.0000,-1,-1,-1
62,749,961.92,321.96,67.86,54.50,0.0364,-1,-1,-1
62,758,1278.64,327.55,45.72,61.21,0.0337,-1,-1,-1
62,762,212.85,1049.57,72.40,28.90,1.0000,-1,-1,-1
62,764,871.92,627.73,70.93,79.07,0.0980,-1,-1,-1
62,766,803.23,779.66,65.28,82.17,0.0706,-1,-1,-1
62,769,215.37,1038.14,62.13,39.86,1.0000,-1,-1,-1
62,771,680.38,1002.64,239.80,72.83,0.0120,-1,-1,-1
62,772,356.71,685.17,59.39,85.49,1.0000,-1,-1,-1
62,775,999.20,592.09,104.40,85.30,0.7484,-1,-1,-1
62,780,942.95,307.41,121.17,52.30,0.0653,-1,-1,-1
62,783,908.64,593.83,95.89,96.63,0.7342,-1,-1,-1
62,785,1797.82,830.59,168.02,148.01,1.0000,-1,-1,-1
62,790,1031.17,271.26,94.12,79.64,0.0737,-1,-1,-1
62,796,777.12,121.58,151.80,127.70,0.0982,-1,-1,-1
62,797,1224.36,302.67,74.17,45.29,0.0687,-1,-1,-1
62,799,704.17,380.51,171.17,107.55,0.8346,-1,-1,-1
63,1,-76.75,235.66,228.75,198.62,1.0000,-1,-1,-1
63,3,992.21,406.77,17.84,15.83,1.0000,-1,-1,-1
63,5,1220.36,811.68,139.87,133.18,1.0000,-1,-1,-1
63,6,516.66,454.22,78.52,71.25,1.0000,-1,-1,-1
63,30,-397.08,458.70,897.97,1007.55,1.0000,-1,-1,-1
63,119,1600.61,747.54,161.52,125.40,1.0000,-1,-1,-1
63,127,1526.66,768.61,254.70,234.29,1.0000,-1,-1,-1
63,135,1091.12,293.01,53.96,57.34,1.0000,-1,-1,-1
63,152,1879.77,1120.43,-109.30,-41.09,1.0000,-1,-1,-1
63,156,1908.04,824.32,214.59,219.28,1.0000,-1,-1,-1
63,164,448.64,514.86,18.56,15.17,1.0000,-1,-1,-1
63,172,1025.63,-14.81,-201.54,-116.44,1.0000,-1,-1,-1
63,183,1267.74,246.50,90.09,82.90,0.8830,-1,-1,-1
63,194,43.09,729.34,112.89,98.01,1.0000,-1,-1,-1
63,201,214.95,272.90,242.66,193.26,1.0000,-1,-1,-1
63,232,331.66,387.78,-22.57,-18.84,1.0000,-1,-1,-1
63,233,1754.38,620.48,83.41,277.51,1.0000,-1,-1,-1
63,243,1426.13,492.39,504.23,529.99,1.0000,-1,-1,-1
63,245,737.79,244.59,151.88,144.96,0.4456,-1,-1,-1
63,251,1909.28,453.16,147.67,151.82,1.0000,-1,-1,-1
63,261,1108.37,535.48,166.21,193.94,1.0000,-1,-1,-1
63,270,1002.30,1087.17,-22.95,-8.75,1.0000,-1,-1,-1
63,276,843.42,342.13,25.66,29.03,1.0000,-1,-1,-1
63,308,1364.26,-55.00,306.52,176.23,1.0000,-1,-1,-1
63,310,296.44,357.10,134.13,142.62,0.8558,-1,-1,-1
63,314,277.40,319.18,124.49,100.66,1.0000,-1,-1,-1
63,317,719.17,961.53,214.95,209.15,1.0000,-1,-1,-1
63,320,925.54,93.58,66.60,64.17,1.0000,-1,-1,-1
63,339,852.01,144.33,61.24,61.18,1.0000,-1,-1,-1
63,348,859.03,416.13,54.10,55.34,1.0000,-1,-1,-1
63,349,808.82,538.58,179.02,211.41,1.0000,-1,-1,-1
63,350,1282.22,459.65,4.81,5.36,1.0000,-1,-1,-1
63,353,1963.41,1006.29,166.11,171.46,1.0000,-1,-1,-1
63,354,1302.64,697.74,151.75,163.37,1.0000,-1,-1,-1
63,360,1161.64,284.33,76.80,79.18,0.1303,-1,-1,-1
63,364,217.43,-569.57,622.57,499.82,1.0000,-1,-1,-1
63,374,1261.53,620.76,9.98,17.75,1.0000,-1,-1,-1
63,393,1411.88,394.64,97.58,56.71,1.0000,-1,-1,-1
63,399,1123.74,721.47,224.56,306.93,1.0000,-1,-1,-1
63,401,293.41,725.64,57.21,42.73,1.0000,-1,-1,-1
63,403,980.55,767.21,-0.97,-0.85,1.0000,-1,-1,-1
63,406,212.42,556.28,119.43,104.79,1.0000,-1,-1,-1
63,407,576.14,731.69,-332.63,-308.61,1.0000,-1,-1,-1
63,408,795.68,-492.71,47.12,53.03,1.0000,-1,-1,-1
63,411,359.31,240.69,115.01,149.15,1.0000,-1,-1,-1
63,413,1236.18,575.83,124.89,112.12,1.0000,-1,-1,-1
63,416,660.61,917.55,117.61,94.70,1.0000,-1,-1,-1
63,417,1374.89,818.01,-50.07,-88.63,1.0000,-1,-1,-1
63,420,1219.16,757.54,32.18,55.39,1.0000,-1,-1,-1
63,421,1388.79,811.60,119.51,205.03,1.0000,-1,-1,-1
63,422,957.34,435.34,-102.28,-97.41,1.0000,-1,-1,-1
63,423,1077.72,305.36,-43.65,-37.67,1.0000,-1,-1,-1
63,424,430.47,503.91,-255.51,-220.16,1.0000,-1,-1,-1
63,426,641.73,741.08,40.31,36.08,1.0000,-1,-1,-1
63,427,728.24,-916.70,378.27,733.99,1.0000,-1,-1,-1
63,428,1067.30,960.35,53.15,88.14,1.0000,-1,-1,-1
63,430,972.13,837.28,-5.68,-3.79,1.0000,-1,-1,-1
63,433,373.19,818.04,27.96,39.64,1.0000,-1,-1,-1
63,436,1405.62,292.24,61.13,56.46,1.0000,-1,-1,-1
63,441,1508.58,562.79,244.91,178.35,1.0000,-1,-1,-1
63,443,791.24,1245.65,-105.09,-98.12,1.0000,-1,-1,-1
63,444,521.02,955.41,133.16,125.95,1.0000,-1,-1,-1
63,445,815.79,1065.59,110.08,124.03,1.0000,-1,-1,-1
63,447,927.15,244.54,142.25,122.48,0.8268,-1,-1,-1
63,448,909.23,441.05,81.33,60.73,1.0000,-1,-1,-1
63,452,1021.02,701.60,-66.92,-109.58,1.0000,-1,-1,-1
63,472,1488.57,395.49,215.81,199.71,0.2635,-1,-1,-1
63,473,449.15,543.72,172.62,175.95,1.0000,-1,-1,-1
63,474,1271.66,566.57,1.42,1.62,1.0000,-1,-1,-1
63,475,1275.80,615.76,-41.47,-56.59,1.0000,-1,-1,-1
63,476,635.12,476.04,89.29,132.51,1.0000,-1,-1,-1
63,477,908.20,-294.68,420.37,229.44,1.0000,-1,-1,-1
63,480,1154.95,686.19,377.17,395.12,0.0258,-1,-1,-1
63,483,503.26,386.36,176.05,124.16,1.0000,-1,-1,-1
63,489,982.60,635.10,101.78,94.27,1.0000,-1,-1,-1
63,490,1145.03,335.52,32.98,42.46,1.0000,-1,-1,-1
63,491,486.67,252.81,89.77,87.95,0.8767,-1,-1,-1
63,495,523.80,135.05,9.72,6.05,1.0000,-1,-1,-1
63,497,1108.41,-0.41,138.22,110.20,0.9162,-1,-1,-1
63,498,968.78,247.67,56.52,61.44,1.0000,-1,-1,-1
63,505,1135.86,803.98,135.02,108.22,1.0000,-1,-1,-1
63,509,1033.36,627.82,93.70,81.32,1.0000,-1,-1,-1
63,511,472.02,474.66,73.37,88.46,1.0000,-1,-1,-1
63,512,829.56,731.88,63.23,52.01,1.0000,-1,-1,-1
63,514,1980.85,1122.24,-126.84,-46.42,1.0000,-1,-1,-1
63,522,544.89,383.18,426.30,512.68,1.0000,-1,-1,-1
63,525,1766.10,604.61,-1930.54,-3292.39,1.0000,-1,-1,-1
63,527,99.41,422.80,191.59,160.40,1.0000,-1,-1,-1
63,529,-585.87,7.09,1873.40,1078.14,1.0000,-1,-1,-1
63,532,727.17,589.33,306.01,197.85,1.0000,-1,-1,-1
63,535,942.80,574.38,139.79,116.62,1.0000,-1,-1,-1
63,536,557.61,570.77,71.46,98.55,1.0000,-1,-1,-1
63,540,1309.45,731.37,124.57,123.75,1.0000,-1,-1,-1
63,543,1508.55,502.76,141.57,108.88,1.0000,-1,-1,-1
63,550,704.33,157.06,86.27,88.23,0.0578,-1,-1,-1
63,552,203.82,-0.39,-183.76,-281.73,1.0000,-1,-1,-1
63,562,907.07,311.83,1881.89,759.93,1.0000,-1,-1,-1
63,570,890.70,406.58,99.35,97.22,0.0592,-1,-1,-1
63,573,663.08,1255.85,-57.92,-58.41,1.0000,-1,-1,-1
63,576,1307.21,4.66,940.51,298.35,1.0000,-1,-1,-1
63,578,966.32,361.62,63.03,160.76,1.0000,-1,-1,-1
63,579,976.71,687.04,32.72,39.30,1.0000,-1,-1,-1
63,580,-26.61,795.72,-103.94,-142.82,1.0000,-1,-1,-1
63,584,1155.85,436.47,47.17,46.26,1.0000,-1,-1,-1
63,586,1148.84,387.55,-47.02,-40.73,1.0000,-1,-1,-1
63,589,1289.25,660.27,68.36,57.07,1.0000,-1,-1,-1
63,593,758.92,519.78,-1.83,-1.15,1.0000,-1,-1,-1
63,594,276.77,575.19,113.54,97.69,0.6971,-1,-1,-1
63,595,108.49,714.22,-187.33,-497.29,1.0000,-1,-1,-1
63,596,289.79,923.88,-60.53,-69.72,1.0000,-1,-1,-1
63,597,951.87,849.84,73.14,54.32,1.0000,-1,-1,-1
63,598,1154.28,721.36,-151.36,-137.37,1.0000,-1,-1,-1
63,599,1380.56,934.42,286.23,242.36,1.0000,-1,-1,-1
63,601,973.04,831.37,-14.75,-22.76,1.0000,-1,-1,-1
63,606,980.89,868.17,75.27,60.92,1.0000,-1,-1,-1
63,613,166.04,377.89,229.00,297.09,1.0000,-1,-1,-1
63,615,883.38,454.54,94.36,96.42,1.0000,-1,-1,-1
63,621,1154.14,817.72,130.41,153.20,1.0000,-1,-1,-1
63,622,1158.18,789.81,75.32,67.24,1.0000,-1,-1,-1
63,623,373.44,29.11,297.16,152.60,1.0000,-1,-1,-1
63,624,1578.44,1076.71,-37.72,-43.35,1.0000,-1,-1,-1
63,626,452.17,479.46,94.74,85.20,0.8660,-1,-1,-1
63,630,25.74,838.90,-30.59,-117.37,1.0000,-1,-1,-1
63,634,394.53,744.03,0.16,0.12,1.0000,-1,-1,-1
63,636,312.93,658.96,118.28,114.38,0.6083,-1,-1,-1
63,642,1315.59,445.27,68.56,70.46,1.0000,-1,-1,-1
63,643,198.60,1077.20,14.42,8.06,1.0000,-1,-1,-1
63,644,456.21,364.37,112.25,109.78,1.0000,-1,-1,-1
63,646,1281.91,414.97,90.73,91.69,0.0398,-1,-1,-1
63,657,1278.82,363.46,58.28,58.05,1.0000,-1,-1,-1
63,663,456.98,618.67,115.40,111.90,0.7179,-1,-1,-1
63,668,1576.39,197.84,258.45,151.95,0.6045,-1,-1,-1
63,669,13.79,670.54,107.36,115.57,0.4424,-1,-1,-1
63,673,237.02,759.11,65.90,72.32,0.0233,-1,-1,-1
63,675,1287.84,765.79,137.45,173.85,1.0000,-1,-1,-1
63,678,190.92,1084.50,-9.05,-4.55,1.0000,-1,-1,-1
63,681,461.10,385.62,419.91,381.45,1.0000,-1,-1,-1
63,684,1755.36,732.54,178.04,106.47,1.0000,-1,-1,-1
63,686,773.33,435.04,74.89,40.93,1.0000,-1,-1,-1
63,687,1804.37,725.41,103.51,87.47,1.0000,-1,-1,-1
63,690,1489.12,848.75,988.34,222.23,1.0000,-1,-1,-1
63,692,881.73,15.68,133.71,156.79,1.0000,-1,-1,-1
63,693,1136.23,260.33,46.80,45.08,1.0000,-1,-1,-1
63,695,684.64,457.54,100.84,88.31,0.8659,-1,-1,-1
63,697,321.51,724.60,79.83,56.54,0.0276,-1,-1,-1
63,698,1041.21,171.97,100.61,121.06,1.0000,-1,-1,-1
63,700,184.14,1002.56,107.53,75.72,1.0000,-1,-1,-1
63,703,76.45,478.20,166.46,154.90,0.0295,-1,-1,-1
63,704,1262.32,654.10,171.83,119.52,1.0000,-1,-1,-1
63,705,638.41,913.73,157.96,145.25,1.0000,-1,-1,-1
63,708,71.44,1.50,427.61,258.26,0.1273,-1,-1,-1
63,711,1787.85,721.42,114.27,103.64,0.0128,-1,-1,-1
63,712,432.41,615.62,84.98,92.13,0.0582,-1,-1,-1
63,714,-5.00,126.59,70.61,46.30,0.0624,-1,-1,-1
63,715,1883.30,742.66,48.66,101.74,1.0000,-1,-1,-1
63,716,932.73,277.96,64.87,33.90,1.0000,-1,-1,-1
63,717,1808.33,919.21,25.28,151.47,1.0000,-1,-1,-1
63,719,697.13,0.38,80.72,148.46,0.0285,-1,-1,-1
63,720,1668.45,1043.14,164.75,35.33,1.0000,-1,-1,-1
63,723,1795.61,986.11,133.54,88.66,1.0000,-1,-1,-1
63,727,1899.83,705.64,16.07,52.58,1.0000,-1,-1,-1
63,730,560.33,720.30,76.00,71.04,1.0000,-1,-1,-1
63,746,256.23,1153.84,-61.23,-75.17,1.0000,-1,-1,-1
63,749,964.56,328.35,63.83,51.26,1.0000,-1,-1,-1
63,758,1281.52,332.87,36.44,48.79,1.0000,-1,-1,-1
63,762,215.74,1049.06,73.75,29.44,1.0000,-1,-1,-1
63,764,872.60,630.21,71.21,79.39,1.0000,-1,-1,-1
63,766,818.07,774.40,65.80,82.50,0.0226,-1,-1,-1
63,769,211.70,1036.44,64.75,41.54,1.0000,-1,-1,-1
63,771,699.47,997.85,252.73,78.72,0.0188,-1,-1,-1
63,772,361.72,695.07,49.31,70.98,1.0000,-1,-1,-1
63,775,996.79,600.02,103.12,84.81,0.8404,-1,-1,-1
63,780,939.65,312.00,131.31,56.68,1.0000,-1,-1,-1
63,783,906.62,590.78,94.44,95.12,0.8885,-1,-1,-1
63,785,1787.38,832.70,188.84,166.35,1.0000,-1,-1,-1
63,790,1022.70,269.94,94.97,81.76,0.0175,-1,-1,-1
63,796,762.88,89.67,149.42,126.68,0.0828,-1,-1,-1
63,797,1212.38,302.52,76.26,46.57,1.0000,-1,-1,-1
63,799,687.02,376.98,194.42,123.90,0.7844,-1,-1,-1
63,801,836.58,395.70,54.90,57.38,0.0761,-1,-1,-1
63,803,1774.70,720.27,105.33,128.10,0.0186,-1,-1,-1
63,809,808.45,701.50,80.05,83.61,0.0776,-1,-1,-1
63,810,1041.45,231.50,191.93,121.35,0.8063,-1,-1,-1
64,3,991.75,410.96,15.63,13.87,1.0000,-1,-1,-1
64,5,1223.31,822.12,142.06,135.26,1.0000,-1,-1,-1
64,6,521.02,456.03,77.95,70.73,1.0000,-1,-1,-1
64,30,-428.47,453.40,916.02,1027.81,1.0000,-1,-1,-1
64,119,1603.38,751.05,163.57,126.99,1.0000,-1,-1,-1
64,127,1536.62,769.06,258.95,238.21,1.0000,-1,-1,-1
64,135,1093.73,295.73,52.57,55.86,1.0000,-1,-1,-1
64,152,1900.79,1128.27,-129.92,-48.85,1.0000,-1,-1,-1
64,156,1924.32,830.87,216.62,221.37,1.0000,-1,-1,-1
64,164,450.50,516.31,16.44,13.44,1.0000,-1,-1,-1
64,183,1264.83,247.60,92.79,85.58,0.8646,-1,-1,-1
64,194,40.00,733.10,113.37,98.42,1.0000,-1,-1,-1
64,201,213.20,267.63,246.87,196.61,1.0000,-1,-1,-1
64,232,342.19,388.84,-28.70,-23.95,1.0000,-1,-1,-1
64,233,1752.12,626.74,83.04,276.27,1.0000,-1,-1,-1
64,243,1423.93,486.04,511.39,537.52,1.0000,-1,-1,-1
64,245,738.04,219.51,155.10,146.29,0.0924,-1,-1,-1
64,251,1923.98,454.65,148.47,152.64,1.0000,-1,-1,-1
64,261,1107.63,529.94,167.81,195.81,1.0000,-1,-1,-1
64,270,1027.42,1096.20,-46.34,-17.66,1.0000,-1,-1,-1
64,276,849.68,332.41,24.10,27.26,1.0000,-1,-1,-1
64,308,1364.00,-57.01,307.86,177.00,1.0000,-1,-1,-1
64,310,289.32,360.24,134.38,142.80,0.8345,-1,-1,-1
64,314,275.69,312.45,124.14,100.38,1.0000,-1,-1,-1
64,320,926.38,88.51,66.76,64.33,1.0000,-1,-1,-1
64,339,853.03,140.32,61.60,61.54,1.0000,-1,-1,-1
64,348,861.95,422.40,53.48,54.70,1.0000,-1,-1,-1
64,349,806.43,532.99,181.30,214.10,1.0000,-1,-1,-1
64,350,1286.14,458.98,2.94,3.28,1.0000,-1,-1,-1
64,353,1977.16,1014.50,165.29,170.62,1.0000,-1,-1,-1
64,354,1325.81,706.41,150.04,161.53,1.0000,-1,-1,-1
64,360,1161.29,282.88,74.26,76.52,0.0330,-1,-1,-1
64,364,221.35,-596.20,637.80,512.05,1.0000,-1,-1,-1
64,374,1267.84,618.23,8.54,15.20,1.0000,-1,-1,-1
64,393,1411.11,401.93,94.13,54.71,1.0000,-1,-1,-1
64,399,1128.37,714.92,228.16,311.86,1.0000,-1,-1,-1
64,401,298.04,733.59,53.64,40.06,1.0000,-1,-1,-1
64,403,983.79,772.31,-3.84,-3.35,1.0000,-1,-1,-1
64,406,214.22,552.79,119.91,105.22,1.0000,-1,-1,-1
64,407,586.75,735.37,-345.88,-320.91,1.0000,-1,-1,-1
64,408,817.23,-515.97,43.07,48.46,1.0000,-1,-1,-1
64,411,362.95,226.62,116.04,150.48,1.0000,-1,-1,-1
64,413,1239.22,581.52,126.38,113.46,1.0000,-1,-1,-1
64,416,660.61,925.52,118.81,95.67,1.0000,-1,-1,-1
64,417,1381.70,821.34,-53.17,-94.12,1.0000,-1,-1,-1
64,420,1220.74,758.19,31.68,54.53,1.0000,-1,-1,-1
64,421,1396.02,813.73,122.34,209.88,1.0000,-1,-1,-1
64,422,964.96,433.08,-108.75,-103.58,1.0000,-1,-1,-1
64,423,1107.30,291.01,-54.36,-46.91,1.0000,-1,-1,-1
64,424,440.97,498.94,-268.78,-231.59,1.0000,-1,-1,-1
64,426,650.36,745.84,38.32,34.29,1.0000,-1,-1,-1
64,427,752.45,-975.21,386.85,750.65,1.0000,-1,-1,-1
64,428,1071.31,969.20,52.96,87.82,1.0000,-1,-1,-1
64,430,967.13,844.86,-8.52,-5.68,1.0000,-1,-1,-1
64,433,376.79,820.01,26.45,37.49,1.0000,-1,-1,-1
64,436,1422.12,291.61,58.53,54.06,1.0000,-1,-1,-1
64,441,1506.38,558.84,250.40,182.35,1.0000,-1,-1,-1
64,443,795.80,1252.78,-109.80,-102.52,1.0000,-1,-1,-1
64,444,506.78,964.15,134.08,126.82,1.0000,-1,-1,-1
64,445,818.44,1080.98,109.85,123.76,1.0000,-1,-1,-1
64,447,917.36,251.11,142.94,124.90,0.8301,-1,-1,-1
64,448,910.50,440.05,82.69,61.75,1.0000,-1,-1,-1
64,452,1027.02,699.14,-71.60,-117.24,1.0000,-1,-1,-1
64,472,1477.62,398.95,220.85,206.43,0.0211,-1,-1,-1
64,473,450.61,546.30,176.43,179.84,1.0000,-1,-1,-1
64,474,1275.70,571.09,-1.54,-1.75,1.0000,-1,-1,-1
64,475,1282.76,616.53,-49.53,-67.61,1.0000,-1,-1,-1
64,476,647.08,478.91,87.72,130.17,1.0000,-1,-1,-1
64,477,926.62,-317.50,430.32,234.87,1.0000,-1,-1,-1
64,480,1220.40,705.26,367.33,375.70,0.2445,-1,-1,-1
64,483,507.70,402.34,177.30,125.03,1.0000,-1,-1,-1
64,489,994.60,634.98,103.38,95.76,1.0000,-1,-1,-1
64,490,1146.94,321.43,31.21,40.18,1.0000,-1,-1,-1
64,491,481.84,251.80,92.29,90.37,0.8623,-1,-1,-1
64,495,534.29,142.16,1.48,0.92,1.0000,-1,-1,-1
64,497,1101.97,-0.43,137.11,109.83,0.9156,-1,-1,-1
64,498,973.33,246.85,57.08,62.05,1.0000,-1,-1,-1
64,505,1143.43,806.23,136.58,109.47,1.0000,-1,-1,-1
64,509,1034.61,640.83,93.37,81.04,1.0000,-1,-1,-1
64,511,475.58,473.87,72.77,87.74,1.0000,-1,-1,-1
64,512,827.68,730.06,59.67,49.08,1.0000,-1,-1,-1
64,514,1993.20,1127.40,-141.09,-51.64,1.0000,-1,-1,-1
64,522,534.39,378.77,442.63,532.32,1.0000,-1,-1,-1
64,525,1845.24,630.55,-2035.62,-3471.61,1.0000,-1,-1,-1
64,527,83.84,429.03,193.72,162.18,1.0000,-1,-1,-1
64,529,-610.83,7.31,1941.41,1117.29,1.0000,-1,-1,-1
64,532,727.28,587.71,315.13,203.75,1.0000,-1,-1,-1
64,535,946.28,569.99,141.39,117.96,1.0000,-1,-1,-1
64,536,562.04,573.79,72.10,99.44,1.0000,-1,-1,-1
64,540,1314.40,742.92,127.46,126.62,1.0000,-1,-1,-1
64,543,1510.02,514.68,141.48,108.82,1.0000,-1,-1,-1
64,550,699.86,150.51,90.16,93.36,0.3686,-1,-1,-1
64,552,216.37,-0.66,-214.60,-329.00,1.0000,-1,-1,-1
64,562,864.23,276.30,1969.17,795.17,1.0000,-1,-1,-1
64,570,890.42,406.59,96.69,95.92,0.0951,-1,-1,-1
64,573,697.24,1285.28,-75.37,-76.00,1.0000,-1,-1,-1
64,576,1292.21,4.75,984.59,312.34,1.0000,-1,-1,-1
64,578,971.05,364.46,62.23,158.72,1.0000,-1,-1,-1
64,579,987.15,697.37,29.54,35.48,1.0000,-1,-1,-1
64,580,-28.15,818.86,-117.43,-161.36,1.0000,-1,-1,-1
64,584,1159.96,441.61,47.12,46.21,1.0000,-1,-1,-1
64,586,1159.17,391.51,-55.26,-47.87,1.0000,-1,-1,-1
64,589,1292.40,668.90,67.95,56.73,1.0000,-1,-1,-1
64,593,771.84,527.80,-12.77,-7.99,1.0000,-1,-1,-1
64,594,273.26,578.39,112.44,96.35,0.5908,-1,-1,-1
64,595,116.51,759.41,-213.28,-566.17,1.0000,-1,-1,-1
64,596,295.09,941.04,-71.45,-82.30,1.0000,-1,-1,-1
64,597,955.63,852.75,71.61,53.19,1.0000,-1,-1,-1
64,598,1174.42,722.31,-172.15,-156.24,1.0000,-1,-1,-1
64,599,1366.10,947.94,298.34,252.60,1.0000,-1,-1,-1
64,601,986.96,842.97,-19.61,-30.26,1.0000,-1,-1,-1
64,606,984.29,872.33,71.35,57.75,1.0000,-1,-1,-1
64,613,158.20,388.44,231.61,300.48,1.0000,-1,-1,-1
64,615,885.38,453.77,97.67,99.81,1.0000,-1,-1,-1
64,621,1158.30,812.75,129.17,151.74,1.0000,-1,-1,-1
64,622,1164.67,788.20,74.73,66.72,1.0000,-1,-1,-1
64,623,376.77,31.08,305.36,156.81,1.0000,-1,-1,-1
64,624,1584.14,1089.30,-45.76,-52.60,1.0000,-1,-1,-1
64,626,444.98,476.24,94.91,86.60,0.8724,-1,-1,-1
64,630,26.56,866.20,-35.73,-137.10,1.0000,-1,-1,-1
64,634,405.30,749.83,-11.96,-8.62,1.0000,-1,-1,-1
64,636,305.89,658.44,122.38,118.49,0.6660,-1,-1,-1
64,642,1324.38,454.01,65.24,67.05,1.0000,-1,-1,-1
64,643,206.40,1086.32,1.10,0.61,1.0000,-1,-1,-1
64,644,452.05,375.86,111.73,109.28,1.0000,-1,-1,-1
64,646,1280.49,416.52,90.75,89.96,0.0128,-1,-1,-1
64,657,1277.88,375.16,59.09,58.85,1.0000,-1,-1,-1
64,663,443.21,618.73,118.91,113.20,0.7974,-1,-1,-1
64,668,1576.93,209.74,251.08,150.54,0.8509,-1,-1,-1
64,669,12.58,678.61,108.49,114.52,0.6977,-1,-1,-1
64,673,236.14,762.69,65.98,72.41,1.0000,-1,-1,-1
64,675,1287.78,766.43,137.85,174.36,1.0000,-1,-1,-1
64,678,190.49,1088.69,-17.06,-8.58,1.0000,-1,-1,-1
64,681,451.54,367.40,447.87,406.86,1.0000,-1,-1,-1
64,684,1755.60,733.62,183.28,109.61,1.0000,-1,-1,-1
64,686,778.88,430.43,76.78,41.96,1.0000,-1,-1,-1
64,687,1803.25,725.30,108.96,92.07,1.0000,-1,-1,-1
64,690,1475.70,832.81,1056.91,237.65,1.0000,-1,-1,-1
64,692,869.46,12.79,139.51,163.60,1.0000,-1,-1,-1
64,693,1128.14,254.96,44.75,43.11,1.0000,-1,-1,-1
64,695,670.96,448.62,101.84,90.20,0.7810,-1,-1,-1
64,697,322.75,723.50,77.11,54.61,1.0000,-1,-1,-1
64,698,1011.22,126.90,96.05,115.56,1.0000,-1,-1,-1
64,700,192.47,1000.20,111.34,78.40,1.0000,-1,-1,-1
64,703,41.08,483.57,178.77,163.07,0.4332,-1,-1,-1
64,704,1258.68,645.95,183.17,127.41,1.0000,-1,-1,-1
64,705,639.74,913.32,157.25,144.59,1.0000,-1,-1,-1
64,708,60.35,2.33,430.29,257.79,0.0562,-1,-1,-1
64,711,1790.51,716.79,96.67,89.32,0.0346,-1,-1,-1
64,712,430.60,615.26,77.83,83.47,0.0136,-1,-1,-1
64,714,-14.56,118.32,78.16,53.18,0.0801,-1,-1,-1
64,715,1881.46,742.03,52.29,109.32,1.0000,-1,-1,-1
64,716,931.90,282.09,60.22,31.47,1.0000,-1,-1,-1
64,717,1795.02,912.50,26.34,157.81,1.0000,-1,-1,-1
64,719,698.89,1.15,74.31,135.32,0.0540,-1,-1,-1
64,720,1671.65,1042.98,165.33,35.46,1.0000,-1,-1,-1
64,723,1805.77,987.09,132.40,87.90,1.0000,-1,-1,-1
64,727,1899.53,704.99,15.87,51.91,1.0000,-1,-1,-1
64,730,562.25,726.64,75.68,70.73,1.0000,-1,-1,-1
64,746,275.12,1195.84,-94.90,-116.51,1.0000,-1,-1,-1
64,749,967.20,334.74,59.80,48.02,1.0000,-1,-1,-1
64,758,1284.40,338.19,27.16,36.37,1.0000,-1,-1,-1
64,762,218.63,1048.55,75.09,29.98,1.0000,-1,-1,-1
64,764,873.28,632.70,71.50,79.70,1.0000,-1,-1,-1
64,766,824.46,772.75,61.81,76.84,0.0421,-1,-1,-1
64,769,208.02,1034.74,67.37,43.22,1.0000,-1,-1,-1
64,771,700.49,992.87,269.16,83.83,1.0000,-1,-1,-1
64,772,366.72,704.97,39.22,56.46,1.0000,-1,-1,-1
64,775,992.66,606.66,103.63,85.73,0.8256,-1,-1,-1
64,780,936.36,316.59,141.45,61.06,1.0000,-1,-1,-1
64,783,902.75,585.83,97.25,98.18,0.8003,-1,-1,-1
64,785,1776.93,834.81,209.66,184.69,1.0000,-1,-1,-1
64,790,1017.85,270.44,90.08,78.90,0.3140,-1,-1,-1
64,796,749.19,57.72,146.23,124.87,0.8551,-1,-1,-1
64,797,1200.40,302.36,78.35,47.84,1.0000,-1,-1,-1
64,799,677.43,380.00,206.06,133.75,0.6792,-1,-1,-1
64,801,829.24,394.80,56.83,59.13,0.5914,-1,-1,-1
64,803,1766.77,714.88,93.07,112.13,0.1406,-1,-1,-1
64,809,785.73,671.02,69.66,72.20,0.7696,-1,-1,-1
64,810,1033.52,211.11,175.66,112.07,0.7495,-1,-1,-1
64,813,1479.77,703.19,80.57,105.33,0.4762,-1,-1,-1
64,817,1246.92,654.02,121.26,73.39,0.6995,-1,-1,-1
65,3,991.30,415.15,13.43,11.92,1.0000,-1,-1,-1
65,5,1226.26,832.55,144.25,137.35,1.0000,-1,-1,-1
65,6,525.37,457.83,77.38,70.21,1.0000,-1,-1,-1
65,30,-459.87,448.11,934.08,1048.08,1.0000,-1,-1,-1
65,119,1606.15,754.56,165.61,128.58,1.0000,-1,-1,-1
65,127,1546.57,769.51,263.21,242.12,1.0000,-1,-1,-1
65,135,1096.33,298.46,51.18,54.38,1.0000,-1,-1,-1
65,152,1921.81,1136.11,-150.54,-56.60,1.0000,-1,-1,-1
65,156,1940.59,837.43,218.66,223.45,1.0000,-1,-1,-1
65,164,452.35,517.76,14.32,11.71,1.0000,-1,-1,-1
65,183,1264.60,253.21,89.98,82.54,0.8916,-1,-1,-1
65,194,36.92,736.86,113.85,98.84,1.0000,-1,-1,-1
65,201,211.45,262.36,251.07,199.96,1.0000,-1,-1,-1
65,232,352.71,389.90,-34.82,-29.06,1.0000,-1,-1,-1
65,233,1749.86,633.00,82.66,275.04,1.0000,-1,-1,-1
65,243,1421.74,479.70,518.55,545.05,1.0000,-1,-1,-1
65,245,739.52,198.43,156.57,146.15,0.6263,-1,-1,-1
65,251,1938.68,456.14,149.26,153.45,1.0000,-1,-1,-1
65,261,1106.89,524.40,169.41,197.68,1.0000,-1,-1,-1
65,270,1052.54,1105.23,-69.72,-26.58,1.0000,-1,-1,-1
65,310,280.60,363.79,135.18,143.51,0.8381,-1,-1,-1
65,314,273.97,305.71,123.79,100.09,1.0000,-1,-1,-1
65,320,927.21,83.44,66.92,64.48,1.0000,-1,-1,-1
65,339,854.05,136.31,61.95,61.89,1.0000,-1,-1,-1
65,348,864.87,428.68,52.86,54.06,1.0000,-1,-1,-1
65,349,804.05,527.40,183.58,216.80,1.0000,-1,-1,-1
65,350,1290.05,458.30,1.08,1.20,1.0000,-1,-1,-1
65,353,1990.91,1022.72,164.47,169.77,1.0000,-1,-1,-1
65,354,1348.99,715.08,148.33,159.69,1.0000,-1,-1,-1
65,360,1158.80,281.66,71.36,71.51,0.0282,-1,-1,-1
65,364,225.26,-622.84,653.03,524.27,1.0000,-1,-1,-1
65,374,1274.16,615.69,7.11,12.66,1.0000,-1,-1,-1
65,393,1410.34,409.22,90.69,52.71,1.0000,-1,-1,-1
65,399,1133.00,708.37,231.77,316.78,1.0000,-1,-1,-1
65,401,302.68,741.54,50.08,37.40,1.0000,-1,-1,-1
65,406,216.01,549.31,120.40,105.65,1.0000,-1,-1,-1
65,408,838.78,-539.23,39.01,43.89,1.0000,-1,-1,-1
65,411,366.59,212.55,117.07,151.82,1.0000,-1,-1,-1
65,413,1242.26,587.22,127.87,114.80,1.0000,-1,-1,-1
65,417,1388.51,824.67,-56.26,-99.60,1.0000,-1,-1,-1
65,420,1222.33,758.83,31.18,53.67,1.0000,-1,-1,-1
65,421,1403.25,815.86,125.17,214.74,1.0000,-1,-1,-1
65,422,972.58,430.83,-115.23,-109.74,1.0000,-1,-1,-1
65,423,1136.88,276.65,-65.07,-56.16,1.0000,-1,-1,-1
65,424,451.48,493.96,-282.04,-243.02,1.0000,-1,-1,-1
65,426,658.99,750.59,36.33,32.51,1.0000,-1,-1,-1
65,427,776.65,-1033.72,395.44,767.31,1.0000,-1,-1,-1
65,428,1075.31,978.06,52.76,87.50,1.0000,-1,-1,-1
65,430,962.12,852.43,-11.35,-7.58,1.0000,-1,-1,-1
65,433,380.39,821.99,24.93,35.35,1.0000,-1,-1,-1
65,436,1438.62,290.98,55.93,51.66,1.0000,-1,-1,-1
65,441,1504.19,554.88,255.89,186.35,1.0000,-1,-1,-1
65,443,800.36,1259.91,-114.51,-106.91,1.0000,-1,-1,-1
65,444,492.53,972.90,134.99,127.68,1.0000,-1,-1,-1
65,445,821.09,1096.37,109.61,123.50,1.0000,-1,-1,-1
65,447,907.87,258.90,143.14,127.32,0.7814,-1,-1,-1
65,448,911.77,439.04,84.06,62.77,1.0000,-1,-1,-1
65,452,1033.03,696.68,-76.28,-124.91,1.0000,-1,-1,-1
65,472,1483.49,429.85,195.35,181.10,0.4580,-1,-1,-1
65,473,452.07,548.87,180.25,183.73,1.0000,-1,-1,-1
65,474,1279.74,575.62,-4.49,-5.12,1.0000,-1,-1,-1
65,475,1289.73,617.31,-57.60,-78.62,1.0000,-1,-1,-1
65,476,659.04,481.77,86.14,127.83,1.0000,-1,-1,-1
65,477,945.04,-340.31,440.26,240.30,1.0000,-1,-1,-1
65,480,1275.41,742.58,340.96,336.90,0.3761,-1,-1,-1
65,483,512.14,418.32,178.54,125.91,1.0000,-1,-1,-1
65,489,1006.60,634.86,104.99,97.24,1.0000,-1,-1,-1
65,490,1148.84,307.33,29.44,37.90,1.0000,-1,-1,-1
65,491,478.05,250.90,94.82,92.74,0.8716,-1,-1,-1
65,495,544.78,149.26,-6.75,-4.21,1.0000,-1,-1,-1
65,497,1093.09,-0.21,139.52,112.42,0.8921,-1,-1,-1
65,498,977.88,246.03,57.64,62.67,1.0000,-1,-1,-1
65,505,1151.00,808.48,138.14,110.71,1.0000,-1,-1,-1
65,509,1035.86,653.85,93.04,80.75,1.0000,-1,-1,-1
65,511,479.13,473.08,72.17,87.01,1.0000,-1,-1,-1
65,512,825.80,728.23,56.10,46.14,1.0000,-1,-1,-1
65,514,2005.55,1132.56,-155.34,-56.85,1.0000,-1,-1,-1
65,522,523.88,374.35,458.96,551.96,1.0000,-1,-1,-1
65,525,1924.38,656.49,-2140.71,-3650.82,1.0000,-1,-1,-1
65,527,68.26,435.26,195.85,163.96,1.0000,-1,-1,-1
65,529,-635.79,7.52,2009.43,1156.43,1.0000,-1,-1,-1
65,532,727.38,586.08,324.25,209.65,1.0000,-1,-1,-1
65,535,949.76,565.61,143.00,119.30,1.0000,-1,-1,-1
65,536,566.46,576.80,72.74,100.32,1.0000,-1,-1,-1
65,540,1319.36,754.47,130.34,129.48,1.0000,-1,-1,-1
65,543,1511.49,526.61,141.39,108.75,1.0000,-1,-1,-1
65,550,694.76,145.62,93.21,97.00,0.0543,-1,-1,-1
65,552,228.92,-0.93,-245.43,-376.27,1.0000,-1,-1,-1
65,562,821.40,240.77,2056.45,830.42,1.0000,-1,-1,-1
65,570,889.07,406.98,96.06,96.43,0.2855,-1,-1,-1
65,573,731.40,1314.70,-92.81,-93.59,1.0000,-1,-1,-1
65,576,1277.21,4.83,1028.66,326.32,1.0000,-1,-1,-1
65,578,975.78,367.30,61.43,156.68,1.0000,-1,-1,-1
65,579,997.59,707.71,26.36,31.66,1.0000,-1,-1,-1
65,580,-29.69,842.01,-130.92,-179.89,1.0000,-1,-1,-1
65,584,1164.08,446.74,47.07,46.16,1.0000,-1,-1,-1
65,586,1169.49,395.47,-63.51,-55.02,1.0000,-1,-1,-1
65,589,1295.56,677.52,67.55,56.39,1.0000,-1,-1,-1
65,593,784.77,535.82,-23.71,-14.84,1.0000,-1,-1,-1
65,594,265.86,580.81,114.76,98.11,0.7303,-1,-1,-1
65,595,124.53,804.60,-239.23,-635.05,1.0000,-1,-1,-1
65,596,300.39,958.20,-82.37,-94.89,1.0000,-1,-1,-1
65,597,959.40,855.65,70.08,52.05,1.0000,-1,-1,-1
65,598,1194.56,723.25,-192.93,-175.10,1.0000,-1,-1,-1
65,599,1351.63,961.46,310.44,262.85,1.0000,-1,-1,-1
65,601,1000.87,854.58,-24.47,-37.76,1.0000,-1,-1,-1
65,606,987.70,876.48,67.43,54.58,1.0000,-1,-1,-1
65,613,150.37,399.00,234.22,303.86,1.0000,-1,-1,-1
65,615,887.38,452.99,100.99,103.19,1.0000,-1,-1,-1
65,621,1162.46,807.78,127.92,150.28,1.0000,-1,-1,-1
65,622,1171.17,786.59,74.14,66.19,1.0000,-1,-1,-1
65,623,380.10,33.05,313.56,161.03,1.0000,-1,-1,-1
65,624,1589.83,1101.88,-53.80,-61.84,1.0000,-1,-1,-1
65,626,435.32,474.10,95.61,87.99,0.6873,-1,-1,-1
65,630,27.37,893.49,-40.87,-156.83,1.0000,-1,-1,-1
65,634,416.06,755.64,-24.09,-17.35,1.0000,-1,-1,-1
65,636,303.10,657.54,119.19,114.60,0.6825,-1,-1,-1
65,642,1333.17,462.74,61.92,63.64,1.0000,-1,-1,-1
65,643,214.20,1095.45,-12.23,-6.83,1.0000,-1,-1,-1
65,644,447.88,387.34,111.22,108.78,1.0000,-1,-1,-1
65,646,1277.00,418.36,91.15,88.79,0.3832,-1,-1,-1
65,657,1276.94,386.85,59.90,59.65,1.0000,-1,-1,-1
65,663,441.28,621.51,120.86,115.31,0.8121,-1,-1,-1
65,668,1572.31,221.90,247.21,151.02,0.8571,-1,-1,-1
65,669,8.75,687.52,111.34,116.30,0.6006,-1,-1,-1
65,673,235.26,766.28,66.07,72.50,1.0000,-1,-1,-1
65,675,1287.73,767.07,138.26,174.87,1.0000,-1,-1,-1
65,678,190.07,1092.88,-25.07,-12.61,1.0000,-1,-1,-1
65,681,441.98,349.17,475.84,432.26,1.0000,-1,-1,-1
65,684,1755.84,734.70,188.53,112.75,1.0000,-1,-1,-1
65,686,784.43,425.81,78.67,42.99,1.0000,-1,-1,-1
65,687,1802.13,725.20,114.40,96.68,1.0000,-1,-1,-1
65,690,1462.29,816.88,1125.47,253.06,1.0000,-1,-1,-1
65,692,857.19,9.91,145.32,170.40,1.0000,-1,-1,-1
65,693,1120.04,249.58,42.71,41.14,1.0000,-1,-1,-1
65,695,661.29,440.31,99.95,89.61,0.5463,-1,-1,-1
65,697,324.00,722.40,74.40,52.69,1.0000,-1,-1,-1
65,698,981.23,81.84,91.48,110.07,1.0000,-1,-1,-1
65,700,200.79,997.84,115.15,81.08,1.0000,-1,-1,-1
65,703,13.18,487.21,188.67,170.58,0.0428,-1,-1,-1
65,704,1255.04,637.79,194.50,135.29,1.0000,-1,-1,-1
65,705,641.07,912.90,156.53,143.94,1.0000,-1,-1,-1
65,708,47.76,1.60,438.68,259.78,0.1235,-1,-1,-1
65,711,1786.79,715.71,103.26,95.42,1.0000,-1,-1,-1
65,712,432.91,613.45,70.01,73.66,0.0543,-1,-1,-1
65,714,-17.25,115.79,80.97,55.09,1.0000,-1,-1,-1
65,715,1879.63,741.41,55.91,116.90,1.0000,-1,-1,-1
65,716,931.06,286.22,55.57,29.04,1.0000,-1,-1,-1
65,717,1781.72,905.78,27.39,164.14,1.0000,-1,-1,-1
65,719,699.56,1.15,72.13,131.34,1.0000,-1,-1,-1
65,720,1674.84,1042.82,165.90,35.58,1.0000,-1,-1,-1
65,723,1815.93,988.08,131.26,87.15,1.0000,-1,-1,-1
65,727,1899.23,704.35,15.66,51.24,1.0000,-1,-1,-1
65,730,564.17,732.98,75.35,70.43,1.0000,-1,-1,-1
65,746,294.00,1237.85,-128.58,-157.85,1.0000,-1,-1,-1
65,749,969.84,341.13,55.77,44.79,1.0000,-1,-1,-1
65,758,1287.29,343.50,17.89,23.95,1.0000,-1,-1,-1
65,762,221.53,1048.04,76.44,30.51,1.0000,-1,-1,-1
65,764,873.96,635.18,71.78,80.02,1.0000,-1,-1,-1
65,766,819.30,775.48,65.06,80.78,0.0184,-1,-1,-1
65,769,204.35,1033.04,69.99,44.90,1.0000,-1,-1,-1
65,771,701.50,987.90,285.58,88.95,1.0000,-1,-1,-1
65,772,371.72,714.87,29.14,41.95,1.0000,-1,-1,-1
65,775,984.68,613.22,108.02,89.94,0.8852,-1,-1,-1
65,780,933.07,321.18,151.59,65.44,1.0000,-1,-1,-1
65,783,898.13,587.73,94.24,94.92,0.8710,-1,-1,-1
65,785,1766.48,836.93,230.48,203.03,1.0000,-1,-1,-1
65,790,1011.94,266.63,79.72,69.98,0.0156,-1,-1,-1
65,796,730.08,22.65,156.43,135.31,0.5344,-1,-1,-1
65,797,1188.43,302.20,80.44,49.12,1.0000,-1,-1,-1
65,799,673.37,389.23,205.70,136.26,0.8017,-1,-1,-1
65,801,825.66,397.55,55.60,57.33,0.3909,-1,-1,-1
65,803,1759.41,712.46,93.08,112.15,1.0000,-1,-1,-1
65,809,767.23,628.04,71.29,73.61,0.8318,-1,-1,-1
65,810,1023.60,191.40,167.98,108.39,0.8316,-1,-1,-1
65,813,1456.04,675.30,74.32,95.81,0.8779,-1,-1,-1
65,817,1231.36,657.69,155.47,95.23,0.4704,-1,-1,-1
65,819,1173.29,273.77,42.61,51.14,0.1317,-1,-1,-1
65,820,1634.64,1039.39,172.16,37.97,0.0663,-1,-1,-1
65,821,1062.63,740.65,56.52,59.35,0.0143,-1,-1,-1
65,822,1037.57,264.60,92.46,74.66,0.0344,-1,-1,-1
65,829,1066.97,288.07,82.40,54.57,0.8450,-1,-1,-1
65,830,946.21,783.43,106.23,121.03,0.0839,-1,-1,-1
66,3,990.85,419.34,11.22,9.96,1.0000,-1,-1,-1
66,5,1229.21,842.98,146.44,139.44,1.0000,-1,-1,-1
66,6,529.73,459.63,76.80,69.69,1.0000,-1,-1,-1
66,119,1608.92,758.06,167.65,130.16,1.0000,-1,-1,-1
66,127,1556.53,769.96,267.47,246.04,1.0000,-1,-1,-1
66,135,1098.94,301.18,49.79,52.90,1.0000,-1,-1,-1
66,152,1942.83,1143.96,-171.16,-64.35,1.0000,-1,-1,-1
66,156,1956.87,843.98,220.70,225.53,1.0000,-1,-1,-1
66,164,454.21,519.21,12.20,9.97,1.0000,-1,-1,-1
66,183,1259.36,256.56,91.23,83.57,0.9122,-1,-1,-1
66,194,33.83,740.62,114.33,99.25,1.0000,-1,-1,-1
66,201,209.70,257.09,255.28,203.31,1.0000,-1,-1,-1
66,232,363.23,390.95,-40.94,-34.17,1.0000,-1,-1,-1
66,233,1888.35,684.51,44.20,178.33,0.0184,-1,-1,-1
66,243,1419.54,473.35,525.71,552.57,1.0000,-1,-1,-1
66,245,735.55,180.30,162.17,149.93,0.1525,-1,-1,-1
66,251,1953.38,457.63,150.05,154.27,1.0000,-1,-1,-1
66,261,1106.15,518.86,171.02,199.55,1.0000,-1,-1,-1
66,270,1077.66,1114.27,-93.11,-35.49,1.0000,-1,-1,-1
66,310,271.90,368.01,136.65,144.97,0.8731,-1,-1,-1
66,314,272.26,298.98,123.44,99.81,1.0000,-1,-1,-1
66,339,855.07,132.30,62.31,62.25,1.0000,-1,-1,-1
66,348,867.80,434.96,52.23,53.42,1.0000,-1,-1,-1
66,349,801.67,521.81,185.86,219.49,1.0000,-1,-1,-1
66,350,1293.97,457.63,-0.79,-0.88,1.0000,-1,-1,-1
66,353,2004.65,1030.94,163.66,168.93,1.0000,-1,-1,-1
66,354,1372.16,723.74,146.62,157.85,1.0000,-1,-1,-1
66,360,1152.61,276.18,75.57,75.62,0.1075,-1,-1,-1
66,364,229.18,-649.47,668.26,536.50,1.0000,-1,-1,-1
66,374,1280.47,613.16,5.68,10.11,1.0000,-1,-1,-1
66,393,1409.58,416.51,87.24,50.70,1.0000,-1,-1,-1
66,399,1137.63,701.82,235.37,321.71,1.0000,-1,-1,-1
66,401,307.31,749.49,46.52,34.74,1.0000,-1,-1,-1
66,406,217.81,545.83,120.88,106.07,1.0000,-1,-1,-1
66,408,860.32,-562.49,34.95,39.33,1.0000,-1,-1,-1
66,411,370.23,198.48,118.10,153.16,1.0000,-1,-1,-1
66,413,1245.31,592.92,129.36,116.13,1.0000,-1,-1,-1
66,417,1395.33,828.01,-59.36,-105.08,1.0000,-1,-1,-1
66,420,1223.91,759.48,30.68,52.80,1.0000,-1,-1,-1
66,422,980.20,428.57,-121.70,-115.91,1.0000,-1,-1,-1
66,423,1166.47,262.29,-75.78,-65.40,1.0000,-1,-1,-1
66,424,461.99,488.99,-295.30,-254.45,1.0000,-1,-1,-1
66,426,667.62,755.34,34.33,30.73,1.0000,-1,-1,-1
66,427,800.86,-1092.23,404.02,783.96,1.0000,-1,-1,-1
66,428,1079.31,986.91,52.57,87.18,1.0000,-1,-1,-1
66,430,957.12,860.00,-14.19,-9.47,1.0000,-1,-1,-1
66,433,383.99,823.96,23.42,33.20,1.0000,-1,-1,-1
66,436,1455.12,290.34,53.33,49.26,1.0000,-1,-1,-1
66,441,1501.99,550.93,261.38,190.35,1.0000,-1,-1,-1
66,443,804.92,1267.03,-119.22,-111.31,1.0000,-1,-1,-1
66,444,478.28,981.65,135.91,128.55,1.0000,-1,-1,-1
66,445,823.73,1111.77,109.38,123.23,1.0000,-1,-1,-1
66,447,897.52,265.66,143.38,129.77,0.8430,-1,-1,-1
66,448,913.04,438.03,85.43,63.79,1.0000,-1,-1,-1
66,452,1039.03,694.22,-80.96,-132.57,1.0000,-1,-1,-1
66,472,1479.04,448.46,186.33,172.13,0.4132,-1,-1,-1
66,473,453.53,551.44,184.06,187.61,1.0000,-1,-1,-1
66,474,1283.78,580.15,-7.45,-8.48,1.0000,-1,-1,-1
66,475,1296.69,618.09,-65.67,-89.63,1.0000,-1,-1,-1
66,476,671.00,484.64,84.56,125.49,1.0000,-1,-1,-1
66,477,963.47,-363.12,450.21,245.73,1.0000,-1,-1,-1
66,480,1317.18,781.11,314.86,297.19,0.8174,-1,-1,-1
66,483,516.58,434.31,179.78,126.79,1.0000,-1,-1,-1
66,489,1018.60,634.75,106.59,98.73,1.0000,-1,-1,-1
66,490,1150.75,293.23,27.67,35.63,1.0000,-1,-1,-1
66,491,473.60,252.27,95.19,92.76,0.8757,-1,-1,-1
66,495,555.28,156.37,-14.99,-9.34,1.0000,-1,-1,-1
66,497,1082.66,-0.11,142.44,116.28,0.9055,-1,-1,-1
66,498,982.43,245.21,58.20,63.28,1.0000,-1,-1,-1
66,505,1158.57,810.73,139.70,111.96,1.0000,-1,-1,-1
66,509,1037.11,666.86,92.71,80.47,1.0000,-1,-1,-1
66,511,482.69,472.28,71.56,86.29,1.0000,-1,-1,-1
66,512,823.92,726.41,52.54,43.21,1.0000,-1,-1,-1
66,514,2017.90,1137.72,-169.60,-62.07,1.0000,-1,-1,-1
66,522,513.38,369.94,475.29,571.60,1.0000,-1,-1,-1
66,525,2003.52,682.44,-2245.79,-3830.03,1.0000,-1,-1,-1
66,527,52.69,441.49,197.98,165.75,1.0000,-1,-1,-1
66,529,-660.75,7.73,2077.44,1195.57,1.0000,-1,-1,-1
66,532,727.49,584.45,333.37,215.54,1.0000,-1,-1,-1
66,535,953.25,561.22,144.61,120.65,1.0000,-1,-1,-1
66,536,570.89,579.81,73.38,101.21,1.0000,-1,-1,-1
66,540,1324.31,766.03,133.23,132.35,1.0000,-1,-1,-1
66,543,1512.96,538.53,141.31,108.68,1.0000,-1,-1,-1
66,550,692.86,143.31,89.03,93.40,0.0605,-1,-1,-1
66,552,241.46,-1.20,-276.26,-423.54,1.0000,-1,-1,-1
66,562,778.57,205.24,2143.73,865.66,1.0000,-1,-1,-1
66,570,889.97,407.49,87.46,87.50,0.1541,-1,-1,-1
66,573,765.56,1344.13,-110.25,-111.18,1.0000,-1,-1,-1
66,576,1262.22,4.92,1072.74,340.30,1.0000,-1,-1,-1
66,578,980.51,370.14,60.63,154.65,1.0000,-1,-1,-1
66,579,1008.03,718.04,23.19,27.85,1.0000,-1,-1,-1
66,580,-31.24,865.15,-144.41,-198.42,1.0000,-1,-1,-1
66,584,1168.20,451.88,47.02,46.11,1.0000,-1,-1,-1
66,586,1179.82,399.43,-71.76,-62.16,1.0000,-1,-1,-1
66,589,1298.72,686.14,67.14,56.06,1.0000,-1,-1,-1
66,593,797.70,543.84,-34.65,-21.69,1.0000,-1,-1,-1
66,594,257.29,585.89,115.26,98.34,0.6112,-1,-1,-1
66,595,132.54,849.79,-265.17,-703.93,1.0000,-1,-1,-1
66,596,305.69,975.35,-93.30,-107.47,1.0000,-1,-1,-1
66,597,963.16,858.56,68.55,50.92,1.0000,-1,-1,-1
66,598,1214.71,724.20,-213.72,-193.96,1.0000,-1,-1,-1
66,599,1337.16,974.98,322.54,273.10,1.0000,-1,-1,-1
66,601,1014.79,866.19,-29.33,-45.26,1.0000,-1,-1,-1
66,606,991.11,880.63,63.52,51.41,1.0000,-1,-1,-1
66,613,142.53,409.56,236.84,307.25,1.0000,-1,-1,-1
66,615,889.37,452.21,104.30,106.57,1.0000,-1,-1,-1
66,621,1166.62,802.81,126.68,148.82,1.0000,-1,-1,-1
66,622,1177.66,784.98,73.56,65.67,1.0000,-1,-1,-1
66,623,383.44,35.02,321.76,165.24,1.0000,-1,-1,-1
66,624,1595.53,1114.46,-61.84,-71.08,1.0000,-1,-1,-1
66,626,425.94,473.41,95.34,87.32,0.7829,-1,-1,-1
66,630,28.19,920.78,-46.02,-176.56,1.0000,-1,-1,-1
66,634,426.83,761.44,-36.21,-26.09,1.0000,-1,-1,-1
66,636,297.32,674.77,114.22,107.23,0.7863,-1,-1,-1
66,642,1341.95,471.47,58.60,60.23,1.0000,-1,-1,-1
66,643,221.99,1104.57,-25.55,-14.28,1.0000,-1,-1,-1
66,644,443.72,398.82,110.71,108.28,1.0000,-1,-1,-1
66,646,1279.43,424.82,85.38,81.81,0.1331,-1,-1,-1
66,657,1276.00,398.54,60.70,60.46,1.0000,-1,-1,-1
66,663,439.03,627.49,118.70,113.96,0.7819,-1,-1,-1
66,668,1567.60,237.64,238.53,148.51,0.8811,-1,-1,-1
66,669,3.64,694.29,114.75,119.74,0.6037,-1,-1,-1
66,673,234.39,769.86,66.15,72.59,1.0000,-1,-1,-1
66,675,1287.68,767.72,138.66,175.38,1.0000,-1,-1,-1
66,678,189.64,1097.07,-33.09,-16.64,1.0000,-1,-1,-1
66,681,432.42,330.94,503.80,457.66,1.0000,-1,-1,-1
66,684,1756.08,735.78,193.78,115.89,1.0000,-1,-1,-1
66,686,789.97,421.20,80.56,44.03,1.0000,-1,-1,-1
66,687,1801.00,725.09,119.85,101.28,1.0000,-1,-1,-1
66,690,1448.87,800.94,1194.04,268.48,1.0000,-1,-1,-1
66,692,844.92,7.03,151.12,177.21,1.0000,-1,-1,-1
66,693,1111.94,244.21,40.66,39.17,1.0000,-1,-1,-1
66,695,646.28,431.40,102.02,93.92,0.4787,-1,-1,-1
66,697,325.24,721.30,71.68,50.76,1.0000,-1,-1,-1
66,698,951.24,36.78,86.91,104.57,1.0000,-1,-1,-1
66,700,209.12,995.48,118.96,83.77,1.0000,-1,-1,-1
66,703,-5.11,495.07,192.28,174.35,0.0899,-1,-1,-1
66,704,1251.40,629.64,205.83,143.17,1.0000,-1,-1,-1
66,705,642.40,912.48,155.82,143.28,1.0000,-1,-1,-1
66,708,38.39,1.24,443.43,259.09,0.2847,-1,-1,-1
66,711,1783.06,714.64,109.85,101.51,1.0000,-1,-1,-1
66,712,433.91,602.38,79.30,82.86,0.5972,-1,-1,-1
66,714,-19.95,113.27,83.78,57.00,1.0000,-1,-1,-1
66,715,1877.79,740.79,59.54,124.48,1.0000,-1,-1,-1
66,716,930.23,290.35,50.92,26.61,1.0000,-1,-1,-1
66,717,1768.41,899.07,28.45,170.48,1.0000,-1,-1,-1
66,719,700.23,1.16,69.94,127.36,1.0000,-1,-1,-1
66,720,1678.04,1042.65,166.47,35.70,1.0000,-1,-1,-1
66,723,1826.09,989.07,130.12,86.39,1.0000,-1,-1,-1
66,727,1898.93,703.71,15.46,50.58,1.0000,-1,-1,-1
66,730,566.09,739.33,75.02,70.12,1.0000,-1,-1,-1
66,746,312.89,1279.85,-162.25,-199.19,1.0000,-1,-1,-1
66,749,972.48,347.51,51.73,41.55,1.0000,-1,-1,-1
66,758,1290.17,348.82,8.61,11.53,1.0000,-1,-1,-1
66,762,224.42,1047.54,77.79,31.05,1.0000,-1,-1,-1
66,764,874.65,637.67,72.07,80.34,1.0000,-1,-1,-1
66,766,821.75,777.88,64.57,80.18,1.0000,-1,-1,-1
66,769,200.68,1031.35,72.61,46.58,1.0000,-1,-1,-1
66,771,702.51,982.93,302.00,94.06,1.0000,-1,-1,-1
66,772,376.73,724.77,19.06,27.43,1.0000,-1,-1,-1
66,775,976.68,620.55,106.69,89.23,0.8474,-1,-1,-1
66,780,929.78,325.77,161.74,69.81,1.0000,-1,-1,-1
66,783,890.60,585.91,92.38,92.75,0.8869,-1,-1,-1
66,785,1756.03,839.04,251.29,221.37,1.0000,-1,-1,-1
66,790,1005.61,264.80,80.37,70.55,1.0000,-1,-1,-1
66,796,711.24,0.66,156.13,135.66,0.7126,-1,-1,-1
66,797,1176.45,302.04,82.53,50.40,1.0000,-1,-1,-1
66,799,661.58,395.66,210.93,142.89,0.6770,-1,-1,-1
66,801,818.83,398.99,58.25,59.68,0.6183,-1,-1,-1
66,803,1752.06,710.04,93.10,112.17,1.0000,-1,-1,-1
66,809,749.34,603.97,73.03,74.40,0.0141,-1,-1,-1
66,810,1007.47,175.02,164.78,107.52,0.8602,-1,-1,-1
66,813,1431.54,652.37,69.97,88.81,0.9286,-1,-1,-1
66,817,1224.56,659.15,171.61,105.12,1.0000,-1,-1,-1
66,819,1171.89,271.96,43.37,52.06,1.0000,-1,-1,-1
66,820,1633.96,1039.41,171.62,37.85,1.0000,-1,-1,-1
66,821,1061.45,739.45,55.84,58.64,1.0000,-1,-1,-1
66,822,1021.53,265.52,99.20,80.10,1.0000,-1,-1,-1
66,829,1055.64,277.48,94.43,63.20,0.8232,-1,-1,-1
66,830,938.97,783.29,104.42,118.28,0.0765,-1,-1,-1
66,839,1069.91,769.64,141.78,136.63,0.6889,-1,-1,-1
66,840,1168.18,693.33,174.67,185.69,0.8464,-1,-1,-1
66,841,1848.13,196.02,47.94,272.86,0.8140,-1,-1,-1
66,846,405.37,375.68,126.95,119.48,0.3916,-1,-1,-1
67,3,990.40,423.52,9.01,8.00,1.0000,-1,-1,-1
67,5,1232.16,853.42,148.63,141.52,1.0000,-1,-1,-1
67,6,534.09,461.43,76.23,69.18,1.0000,-1,-1,-1
67,119,1611.70,761.57,169.69,131.75,1.0000,-1,-1,-1
67,127,1566.49,770.42,271.73,249.96,1.0000,-1,-1,-1
67,135,1101.55,303.90,48.40,51.42,1.0000,-1,-1,-1
67,152,1963.85,1151.80,-191.79,-72.11,1.0000,-1,-1,-1
67,156,1973.15,850.54,222.74,227.61,1.0000,-1,-1,-1
67,164,456.06,520.67,10.08,8.24,1.0000,-1,-1,-1
67,183,1255.14,262.20,92.27,84.51,0.9281,-1,-1,-1
67,201,207.95,251.82,259.49,206.66,1.0000,-1,-1,-1
67,232,373.76,392.01,-47.06,-39.28,1.0000,-1,-1,-1
67,233,1891.37,692.57,42.95,173.30,1.0000,-1,-1,-1
67,243,1417.35,467.00,532.88,560.10,1.0000,-1,-1,-1
67,245,738.40,166.21,163.75,150.70,0.0752,-1,-1,-1
67,251,1968.08,459.12,150.85,155.09,1.0000,-1,-1,-1
67,261,1105.41,513.32,172.62,201.42,1.0000,-1,-1,-1
67,270,1102.79,1123.30,-116.49,-44.40,1.0000,-1,-1,-1
67,310,264.25,372.66,137.46,145.57,0.8472,-1,-1,-1
67,314,270.54,292.24,123.10,99.53,1.0000,-1,-1,-1
67,348,870.72,441.23,51.61,52.78,1.0000,-1,-1,-1
67,349,799.29,516.22,188.14,222.19,1.0000,-1,-1,-1
67,350,1297.88,456.95,-2.65,-2.95,1.0000,-1,-1,-1
67,353,2018.40,1039.16,162.84,168.09,1.0000,-1,-1,-1
67,354,1395.34,732.41,144.92,156.02,1.0000,-1,-1,-1
67,360,1145.02,273.87,74.06,74.78,0.0918,-1,-1,-1
67,364,233.10,-676.10,683.48,548.72,1.0000,-1,-1,-1
67,374,1286.78,610.62,4.25,7.56,1.0000,-1,-1,-1
67,393,1408.81,423.79,83.80,48.70,1.0000,-1,-1,-1
67,399,1142.26,695.28,238.97,326.63,1.0000,-1,-1,-1
67,401,311.95,757.44,42.95,32.08,1.0000,-1,-1,-1
67,408,881.87,-585.74,30.89,34.76,1.0000,-1,-1,-1
67,413,1248.35,598.62,130.85,117.47,1.0000,-1,-1,-1
67,417,1402.14,831.34,-62.46,-110.57,1.0000,-1,-1,-1
67,420,1225.49,760.13,30.18,51.94,1.0000,-1,-1,-1
67,422,987.82,426.31,-128.18,-122.07,1.0000,-1,-1,-1
67,423,1196.05,247.94,-86.50,-74.64,1.0000,-1,-1,-1
67,426,676.25,760.10,32.34,28.94,1.0000,-1,-1,-1
67,427,825.06,-1150.74,412.61,800.62,1.0000,-1,-1,-1
67,428,1083.32,995.77,52.38,86.86,1.0000,-1,-1,-1
67,436,1471.61,289.71,50.74,46.86,1.0000,-1,-1,-1
67,441,1499.79,546.98,266.87,194.35,1.0000,-1,-1,-1
67,443,809.48,1274.16,-123.93,-115.71,1.0000,-1,-1,-1
67,444,464.04,990.39,136.83,129.42,1.0000,-1,-1,-1
67,445,826.38,1127.16,109.14,122.97,1.0000,-1,-1,-1
67,447,888.86,276.28,138.18,126.16,0.9196,-1,-1,-1
67,448,914.31,437.02,86.79,64.81,1.0000,-1,-1,-1
67,452,1045.03,691.76,-85.64,-140.24,1.0000,-1,-1,-1
67,472,1470.54,464.99,183.52,168.62,0.1222,-1,-1,-1
67,473,454.99,554.02,187.87,191.50,1.0000,-1,-1,-1
67,474,1287.82,584.68,-10.40,-11.85,1.0000,-1,-1,-1
67,475,1303.65,618.86,-73.74,-100.64,1.0000,-1,-1,-1
67,476,682.96,487.51,82.99,123.15,1.0000,-1,-1,-1
67,477,981.89,-385.93,460.15,251.16,1.0000,-1,-1,-1
67,480,1351.88,813.38,294.11,264.00,0.6540,-1,-1,-1
67,483,521.02,450.29,181.02,127.66,1.0000,-1,-1,-1
67,489,1030.60,634.63,108.20,100.22,1.0000,-1,-1,-1
67,490,1152.66,279.14,25.90,33.35,1.0000,-1,-1,-1
67,491,467.92,253.75,94.87,92.62,0.8733,-1,-1,-1
67,495,565.77,163.48,-23.23,-14.47,1.0000,-1,-1,-1
67,497,1072.30,0.53,148.60,123.56,0.9014,-1,-1,-1
67,498,986.98,244.39,58.76,63.89,1.0000,-1,-1,-1
67,505,1166.14,812.98,141.25,113.21,1.0000,-1,-1,-1
67,509,1038.35,679.88,92.38,80.18,1.0000,-1,-1,-1
67,511,486.25,471.49,70.96,85.56,1.0000,-1,-1,-1
67,512,822.03,724.59,48.97,40.28,1.0000,-1,-1,-1
67,514,2030.26,1142.88,-183.85,-67.29,1.0000,-1,-1,-1
67,522,502.87,365.53,491.63,591.24,1.0000,-1,-1,-1
67,525,2082.67,708.38,-2350.87,-4009.24,1.0000,-1,-1,-1
67,527,37.11,447.72,200.11,167.53,1.0000,-1,-1,-1
67,529,-685.71,7.95,2145.46,1234.72,1.0000,-1,-1,-1
67,532,727.60,582.83,342.49,221.44,1.0000,-1,-1,-1
67,535,956.73,556.84,146.22,121.99,1.0000,-1,-1,-1
67,536,575.31,582.82,74.02,102.09,1.0000,-1,-1,-1
67,540,1329.27,777.58,136.11,135.21,1.0000,-1,-1,-1
67,543,1514.43,550.46,141.22,108.62,1.0000,-1,-1,-1
67,550,692.86,140.26,78.00,80.54,0.0162,-1,-1,-1
67,552,254.01,-1.48,-307.09,-470.80,1.0000,-1,-1,-1
67,562,735.74,169.71,2231.02,900.91,1.0000,-1,-1,-1
67,570,893.50,408.40,86.89,86.93,1.0000,-1,-1,-1
67,573,799.72,1373.55,-127.69,-128.77,1.0000,-1,-1,-1
67,576,1247.22,5.00,1116.81,354.28,1.0000,-1,-1,-1
67,578,985.24,372.99,59.83,152.61,1.0000,-1,-1,-1
67,579,1018.47,728.38,20.01,24.03,1.0000,-1,-1,-1
67,580,-32.78,888.30,-157.90,-216.96,1.0000,-1,-1,-1
67,584,1172.32,457.01,46.97,46.06,1.0000,-1,-1,-1
67,586,1190.14,403.39,-80.00,-69.30,1.0000,-1,-1,-1
67,589,1301.88,694.77,66.74,55.72,1.0000,-1,-1,-1
67,593,810.63,551.86,-45.59,-28.53,1.0000,-1,-1,-1
67,594,250.52,591.17,114.61,97.48,0.7840,-1,-1,-1
67,595,140.56,894.98,-291.12,-772.82,1.0000,-1,-1,-1
67,596,310.98,992.51,-104.22,-120.06,1.0000,-1,-1,-1
67,597,966.92,861.46,67.02,49.78,1.0000,-1,-1,-1
67,598,1234.85,725.15,-234.50,-212.83,1.0000,-1,-1,-1
67,599,1322.69,988.50,334.64,283.35,1.0000,-1,-1,-1
67,601,1028.70,877.80,-34.20,-52.76,1.0000,-1,-1,-1
67,606,994.51,884.78,59.60,48.24,1.0000,-1,-1,-1
67,613,134.69,420.12,239.45,310.64,1.0000,-1,-1,-1
67,615,891.37,451.43,107.61,109.96,1.0000,-1,-1,-1
67,621,1170.78,797.84,125.44,147.36,1.0000,-1,-1,-1
67,622,1184.16,783.37,72.97,65.15,1.0000,-1,-1,-1
67,623,386.77,36.99,329.97,169.45,1.0000,-1,-1,-1
67,624,1601.22,1127.05,-69.87,-80.32,1.0000,-1,-1,-1
67,626,415.00,475.24,92.43,83.13,0.7873,-1,-1,-1
67,630,29.01,948.07,-51.16,-196.30,1.0000,-1,-1,-1
67,634,437.59,767.24,-48.33,-34.82,1.0000,-1,-1,-1
67,636,296.28,683.02,115.90,108.61,0.5801,-1,-1,-1
67,642,1350.74,480.21,55.28,56.81,1.0000,-1,-1,-1
67,643,229.79,1113.69,-38.87,-21.72,1.0000,-1,-1,-1
67,644,439.55,410.31,110.19,107.78,1.0000,-1,-1,-1
67,646,1268.59,428.82,91.84,85.95,0.2865,-1,-1,-1
67,657,1275.06,410.23,61.51,61.26,1.0000,-1,-1,-1
67,663,433.63,635.00,116.47,112.08,0.7941,-1,-1,-1
67,668,1561.29,252.61,234.15,148.75,0.8876,-1,-1,-1
67,669,0.97,704.62,114.76,119.89,0.6833,-1,-1,-1
67,673,233.51,773.45,66.23,72.69,1.0000,-1,-1,-1
67,675,1287.63,768.36,139.06,175.89,1.0000,-1,-1,-1
67,678,189.21,1101.26,-41.10,-20.67,1.0000,-1,-1,-1
67,681,422.86,312.71,531.76,483.06,1.0000,-1,-1,-1
67,684,1756.32,736.86,199.02,119.02,1.0000,-1,-1,-1
67,686,795.52,416.58,82.45,45.06,1.0000,-1,-1,-1
67,687,1799.88,724.99,125.30,105.88,1.0000,-1,-1,-1
67,690,1435.46,785.01,1262.61,283.90,1.0000,-1,-1,-1
67,692,832.65,4.15,156.93,184.02,1.0000,-1,-1,-1
67,693,1103.85,238.83,38.62,37.20,1.0000,-1,-1,-1
67,695,641.25,424.00,98.48,92.01,0.7109,-1,-1,-1
67,697,326.48,720.20,68.96,48.84,1.0000,-1,-1,-1
67,698,921.25,-8.29,82.34,99.07,1.0000,-1,-1,-1
67,700,217.45,993.13,122.77,86.45,1.0000,-1,-1,-1
67,703,-14.29,507.94,183.41,167.67,0.3274,-1,-1,-1
67,704,1247.76,621.49,217.17,151.06,1.0000,-1,-1,-1
67,705,643.73,912.06,155.10,142.62,1.0000,-1,-1,-1
67,708,32.23,1.12,456.48,263.70,0.2987,-1,-1,-1
67,711,1779.34,713.56,116.44,107.60,1.0000,-1,-1,-1
67,712,417.70,579.51,95.98,98.82,0.7599,-1,-1,-1
67,714,-22.64,110.74,86.59,58.91,1.0000,-1,-1,-1
67,715,1875.95,740.17,63.16,132.06,1.0000,-1,-1,-1
67,716,929.40,294.48,46.27,24.17,1.0000,-1,-1,-1
67,717,1755.10,892.35,29.51,176.82,1.0000,-1,-1,-1
67,719,700.90,1.17,67.75,123.38,1.0000,-1,-1,-1
67,720,1681.23,1042.49,167.05,35.83,1.0000,-1,-1,-1
67,723,1836.25,990.05,128.98,85.64,1.0000,-1,-1,-1
67,727,1898.62,703.07,15.26,49.91,1.0000,-1,-1,-1
67,730,568.00,745.67,74.70,69.82,1.0000,-1,-1,-1
67,746,331.77,1321.85,-195.93,-240.53,1.0000,-1,-1,-1
67,749,975.11,353.90,47.70,38.31,1.0000,-1,-1,-1
67,758,1293.05,354.14,-0.67,-0.90,1.0000,-1,-1,-1
67,762,227.31,1047.03,79.14,31.59,1.0000,-1,-1,-1
67,764,875.33,640.15,72.35,80.66,1.0000,-1,-1,-1
67,766,824.21,780.28,64.08,79.57,1.0000,-1,-1,-1
67,769,197.01,1029.65,75.22,48.26,1.0000,-1,-1,-1
67,771,703.52,977.95,318.42,99.18,1.0000,-1,-1,-1
67,772,381.73,734.68,8.97,12.92,1.0000,-1,-1,-1
67,775,971.48,629.81,104.11,87.04,0.8658,-1,-1,-1
67,780,926.49,330.37,171.88,74.19,1.0000,-1,-1,-1
67,783,881.68,584.42,92.30,92.11,0.7960,-1,-1,-1
67,785,1745.59,841.15,272.11,239.71,1.0000,-1,-1,-1
67,790,999.29,262.96,81.02,71.12,1.0000,-1,-1,-1
67,796,704.79,-7.85,146.23,126.67,0.7081,-1,-1,-1
67,797,1164.47,301.88,84.62,51.67,1.0000,-1,-1,-1
67,799,655.41,411.03,202.01,139.68,0.7609,-1,-1,-1
67,801,812.46,400.56,59.31,60.34,0.7652,-1,-1,-1
67,803,1744.71,707.62,93.12,112.19,1.0000,-1,-1,-1
67,809,730.87,561.56,75.61,76.06,0.8817,-1,-1,-1
67,810,997.70,165.13,161.39,106.54,0.8096,-1,-1,-1
67,813,1407.70,630.22,68.90,85.97,0.8460,-1,-1,-1
67,817,1217.76,660.62,187.74,115.00,1.0000,-1,-1,-1
67,819,1170.48,270.15,44.13,52.97,1.0000,-1,-1,-1
67,820,1633.28,1039.43,171.07,37.73,1.0000,-1,-1,-1
67,821,1060.27,738.25,55.17,57.93,1.0000,-1,-1,-1
67,822,1005.49,266.45,105.93,85.54,1.0000,-1,-1,-1
67,829,1045.86,269.89,103.53,70.33,0.8055,-1,-1,-1
67,830,929.06,782.79,105.33,118.73,0.0244,-1,-1,-1
67,839,1060.17,765.63,144.93,138.67,0.5153,-1,-1,-1
67,840,1172.56,702.18,169.91,181.64,0.8188,-1,-1,-1
67,841,1833.57,166.49,50.27,269.00,0.8530,-1,-1,-1
67,846,391.84,385.20,128.36,120.93,0.2208,-1,-1,-1
67,849,853.62,648.84,82.53,83.49,0.0381,-1,-1,-1
67,851,1260.38,652.20,86.77,77.96,0.0950,-1,-1,-1
67,852,515.22,96.94,182.79,88.49,0.1756,-1,-1,-1
67,858,270.20,678.59,92.42,95.72,0.5792,-1,-1,-1
67,859,550.94,993.84,309.97,82.90,0.0236,-1,-1,-1
68,5,1235.11,863.85,150.82,143.61,1.0000,-1,-1,-1
68,6,538.45,463.24,75.66,68.66,1.0000,-1,-1,-1
68,119,1614.47,765.08,171.74,133.33,1.0000,-1,-1,-1
68,127,1576.44,770.87,275.98,253.88,1.0000,-1,-1,-1
68,135,1104.16,306.62,47.00,49.94,1.0000,-1,-1,-1
68,152,1984.87,1159.65,-212.41,-79.86,1.0000,-1,-1,-1
68,156,1989.43,857.09,224.78,229.70,1.0000,-1,-1,-1
68,183,1251.89,269.18,92.78,85.01,0.9181,-1,-1,-1
68,201,206.20,246.55,263.69,210.01,1.0000,-1,-1,-1
68,232,384.28,393.07,-53.19,-44.39,1.0000,-1,-1,-1
68,233,1894.39,700.63,41.70,168.26,1.0000,-1,-1,-1
68,243,1415.15,460.66,540.04,567.63,1.0000,-1,-1,-1
68,245,742.38,155.87,164.88,151.25,0.0371,-1,-1,-1
68,251,1982.78,460.61,151.64,155.90,1.0000,-1,-1,-1
68,261,1104.67,507.79,174.22,203.29,1.0000,-1,-1,-1
68,270,1127.91,1132.33,-139.88,-53.32,1.0000,-1,-1,-1
68,310,256.56,379.84,139.58,147.40,0.8361,-1,-1,-1
68,314,268.82,285.51,122.75,99.25,1.0000,-1,-1,-1
68,348,873.64,447.51,50.98,52.14,1.0000,-1,-1,-1
68,349,796.91,510.63,190.42,224.88,1.0000,-1,-1,-1
68,350,1301.80,456.27,-4.51,-5.03,1.0000,-1,-1,-1
68,353,2032.14,1047.38,162.02,167.24,1.0000,-1,-1,-1
68,354,1418.51,741.07,143.21,154.18,1.0000,-1,-1,-1
68,360,1144.80,277.86,73.55,73.82,0.0480,-1,-1,-1
68,364,237.02,-702.73,698.71,560.94,1.0000,-1,-1,-1
68,374,1293.10,608.09,2.82,5.01,1.0000,-1,-1,-1
68,393,1408.04,431.08,80.35,46.70,1.0000,-1,-1,-1
68,399,1146.89,688.73,242.58,331.56,1.0000,-1,-1,-1
68,408,903.42,-609.00,26.83,30.19,1.0000,-1,-1,-1
68,413,1251.39,604.31,132.34,118.81,1.0000,-1,-1,-1
68,422,995.44,424.05,-134.65,-128.24,1.0000,-1,-1,-1
68,423,1225.63,233.58,-97.21,-83.89,1.0000,-1,-1,-1
68,426,684.87,764.85,30.35,27.16,1.0000,-1,-1,-1
68,427,849.27,-1209.24,421.19,817.28,1.0000,-1,-1,-1
68,428,1087.32,1004.62,52.18,86.54,1.0000,-1,-1,-1
68,436,1488.11,289.07,48.14,44.46,1.0000,-1,-1,-1
68,443,814.04,1281.29,-128.64,-120.10,1.0000,-1,-1,-1
68,444,449.79,999.14,137.74,130.29,1.0000,-1,-1,-1
68,445,829.03,1142.56,108.91,122.71,1.0000,-1,-1,-1
68,447,879.00,285.94,138.26,127.06,0.9076,-1,-1,-1
68,448,915.58,436.01,88.16,65.83,1.0000,-1,-1,-1
68,452,1051.03,689.30,-90.32,-147.90,1.0000,-1,-1,-1
68,472,1465.74,485.60,179.47,163.71,0.2804,-1,-1,-1
68,473,456.45,556.59,191.69,195.39,1.0000,-1,-1,-1
68,474,1291.86,589.20,-13.36,-15.22,1.0000,-1,-1,-1
68,475,1310.61,619.64,-81.81,-111.66,1.0000,-1,-1,-1
68,476,694.92,490.37,81.41,120.81,1.0000,-1,-1,-1
68,477,1000.31,-408.74,470.10,256.59,1.0000,-1,-1,-1
68,480,1383.70,846.53,272.79,231.61,0.5557,-1,-1,-1
68,483,525.46,466.27,182.26,128.54,1.0000,-1,-1,-1
68,489,1042.59,634.51,109.80,101.70,1.0000,-1,-1,-1
68,490,1154.56,265.04,24.13,31.07,1.0000,-1,-1,-1
68,491,463.57,256.76,95.55,93.47,0.8492,-1,-1,-1
68,495,576.26,170.58,-31.47,-19.60,1.0000,-1,-1,-1
68,497,1066.19,0.75,153.16,129.50,0.8410,-1,-1,-1
68,498,991.52,243.57,59.33,64.50,1.0000,-1,-1,-1
68,505,1173.71,815.23,142.81,114.46,1.0000,-1,-1,-1
68,509,1039.60,692.89,92.06,79.90,1.0000,-1,-1,-1
68,511,489.80,470.70,70.36,84.83,1.0000,-1,-1,-1
68,512,820.15,722.77,45.41,37.35,1.0000,-1,-1,-1
68,514,2042.61,1148.04,-198.10,-72.50,1.0000,-1,-1,-1
68,522,492.37,361.11,507.96,610.88,1.0000,-1,-1,-1
68,525,2161.81,734.32,-2455.96,-4188.45,1.0000,-1,-1,-1
68,527,21.54,453.95,202.24,169.31,1.0000,-1,-1,-1
68,529,-710.68,8.16,2213.47,1273.86,1.0000,-1,-1,-1
68,532,727.70,581.20,351.61,227.34,1.0000,-1,-1,-1
68,535,960.21,552.45,147.83,123.33,1.0000,-1,-1,-1
68,536,579.74,585.84,74.66,102.98,1.0000,-1,-1,-1
68,540,1334.22,789.13,139.00,138.08,1.0000,-1,-1,-1
68,543,1515.90,562.38,141.13,108.55,1.0000,-1,-1,-1
68,550,693.71,138.95,77.11,79.62,1.0000,-1,-1,-1
68,552,266.56,-1.75,-337.92,-518.07,1.0000,-1,-1,-1
68,562,692.90,134.18,2318.30,936.15,1.0000,-1,-1,-1
68,570,897.04,409.32,86.31,86.35,1.0000,-1,-1,-1
68,573,833.88,1402.98,-145.13,-146.35,1.0000,-1,-1,-1
68,576,1232.22,5.08,1160.88,368.26,1.0000,-1,-1,-1
68,578,989.97,375.83,59.03,150.57,1.0000,-1,-1,-1
68,579,1028.90,738.71,16.83,20.21,1.0000,-1,-1,-1
68,580,-34.32,911.44,-171.39,-235.49,1.0000,-1,-1,-1
68,584,1176.44,462.15,46.92,46.01,1.0000,-1,-1,-1
68,586,1200.47,407.36,-88.25,-76.45,1.0000,-1,-1,-1
68,589,1305.04,703.39,66.33,55.38,1.0000,-1,-1,-1
68,593,823.55,559.88,-56.53,-35.38,1.0000,-1,-1,-1
68,594,244.12,598.06,112.87,95.83,0.7699,-1,-1,-1
68,595,148.57,940.17,-317.07,-841.70,1.0000,-1,-1,-1
68,596,316.28,1009.67,-115.15,-132.64,1.0000,-1,-1,-1
68,597,970.68,864.36,65.49,48.64,1.0000,-1,-1,-1
68,598,1255.00,726.10,-255.29,-231.69,1.0000,-1,-1,-1
68,599,1308.22,1002.01,346.75,293.60,1.0000,-1,-1,-1
68,601,1042.62,889.40,-39.06,-60.26,1.0000,-1,-1,-1
68,606,997.92,888.93,55.68,45.07,1.0000,-1,-1,-1
68,613,126.86,430.68,242.06,314.03,1.0000,-1,-1,-1
68,615,893.37,450.65,110.92,113.34,1.0000,-1,-1,-1
68,621,1174.94,792.87,124.20,145.91,1.0000,-1,-1,-1
68,622,1190.65,781.76,72.39,64.62,1.0000,-1,-1,-1
68,623,390.10,38.96,338.17,173.66,1.0000,-1,-1,-1
68,624,1606.92,1139.63,-77.91,-89.56,1.0000,-1,-1,-1
68,626,409.80,483.39,81.70,71.43,0.4340,-1,-1,-1
68,630,29.82,975.36,-56.30,-216.03,1.0000,-1,-1,-1
68,634,448.36,773.05,-60.46,-43.56,1.0000,-1,-1,-1
68,636,283.80,684.16,117.79,108.18,0.7394,-1,-1,-1
68,642,1359.53,488.94,51.96,53.40,1.0000,-1,-1,-1
68,643,237.59,1122.81,-52.19,-29.16,1.0000,-1,-1,-1
68,644,435.39,421.79,109.68,107.28,1.0000,-1,-1,-1
68,646,1262.87,436.72,94.45,86.49,0.2204,-1,-1,-1
68,657,1274.11,421.92,62.32,62.07,1.0000,-1,-1,-1
68,663,429.47,642.50,115.85,111.41,0.7952,-1,-1,-1
68,668,1554.86,268.86,232.66,151.14,0.8881,-1,-1,-1
68,669,-1.60,715.92,112.90,118.59,0.7778,-1,-1,-1
68,673,232.63,777.04,66.31,72.78,1.0000,-1,-1,-1
68,675,1287.57,769.00,139.46,176.40,1.0000,-1,-1,-1
68,678,188.78,1105.45,-49.12,-24.70,1.0000,-1,-1,-1
68,681,413.30,294.48,559.73,508.46,1.0000,-1,-1,-1
68,684,1756.56,737.94,204.27,122.16,1.0000,-1,-1,-1
68,686,801.06,411.97,84.34,46.09,1.0000,-1,-1,-1
68,687,1798.76,724.88,130.75,110.49,1.0000,-1,-1,-1
68,690,1422.04,769.07,1331.18,299.32,1.0000,-1,-1,-1
68,692,820.38,1.26,162.73,190.82,1.0000,-1,-1,-1
68,693,1095.75,233.46,36.57,35.23,1.0000,-1,-1,-1
68,695,637.14,420.27,97.02,91.73,0.8616,-1,-1,-1
68,697,327.73,719.11,66.25,46.92,1.0000,-1,-1,-1
68,698,891.26,-53.35,77.78,93.58,1.0000,-1,-1,-1
68,700,225.77,990.77,126.59,89.13,1.0000,-1,-1,-1
68,703,-30.44,516.76,186.04,175.00,0.1664,-1,-1,-1
68,704,1244.12,613.34,228.50,158.94,1.0000,-1,-1,-1
68,705,645.06,911.65,154.39,141.97,1.0000,-1,-1,-1
68,708,23.63,1.07,475.95,272.90,0.1396,-1,-1,-1
68,711,1775.62,712.49,123.04,113.69,1.0000,-1,-1,-1
68,712,429.80,581.28,89.62,89.69,0.1219,-1,-1,-1
68,714,-25.33,108.22,89.39,60.83,1.0000,-1,-1,-1
68,715,1874.12,739.55,66.79,139.64,1.0000,-1,-1,-1
68,716,928.57,298.61,41.62,21.74,1.0000,-1,-1,-1
68,717,1741.80,885.64,30.57,183.16,1.0000,-1,-1,-1
68,719,701.57,1.18,65.57,119.39,1.0000,-1,-1,-1
68,720,1684.43,1042.33,167.62,35.95,1.0000,-1,-1,-1
68,723,1846.41,991.04,127.84,84.88,1.0000,-1,-1,-1
68,727,1898.32,702.42,15.05,49.24,1.0000,-1,-1,-1
68,730,569.92,752.01,74.37,69.51,1.0000,-1,-1,-1
68,746,350.66,1363.85,-229.60,-281.87,1.0000,-1,-1,-1
68,749,977.75,360.29,43.67,35.07,1.0000,-1,-1,-1
68,758,1295.94,359.46,-9.95,-13.32,1.0000,-1,-1,-1
68,762,230.20,1046.52,80.49,32.13,1.0000,-1,-1,-1
68,764,876.01,642.64,72.64,80.98,1.0000,-1,-1,-1
68,766,826.66,782.68,63.60,78.97,1.0000,-1,-1,-1
68,769,193.33,1027.95,77.84,49.94,1.0000,-1,-1,-1
68,771,704.53,972.98,334.85,104.29,1.0000,-1,-1,-1
68,772,386.73,744.58,-1.11,-1.60,1.0000,-1,-1,-1
68,775,965.62,642.32,104.07,87.09,0.8627,-1,-1,-1
68,780,923.20,334.96,182.02,78.57,1.0000,-1,-1,-1
68,783,875.46,583.65,91.38,90.63,0.8069,-1,-1,-1
68,785,1735.14,843.26,292.93,258.05,1.0000,-1,-1,-1
68,790,992.96,261.13,81.67,71.69,1.0000,-1,-1,-1
68,796,705.99,-9.17,133.87,114.26,0.5319,-1,-1,-1
68,797,1152.50,301.72,86.71,52.95,1.0000,-1,-1,-1
68,799,658.89,428.26,188.81,133.50,0.8354,-1,-1,-1
68,801,807.25,406.65,59.31,59.83,0.6828,-1,-1,-1
68,803,1737.35,705.20,93.13,112.21,1.0000,-1,-1,-1
68,809,721.51,544.74,71.31,70.00,0.5863,-1,-1,-1
68,810,990.87,159.38,158.92,106.11,0.8479,-1,-1,-1
68,813,1391.69,613.05,66.51,80.78,0.8952,-1,-1,-1
68,817,1210.96,662.09,203.88,124.88,1.0000,-1,-1,-1
68,819,1169.07,268.34,44.90,53.89,1.0000,-1,-1,-1
68,820,1632.60,1039.45,170.53,37.60,1.0000,-1,-1,-1
68,821,1059.09,737.06,54.49,57.22,1.0000,-1,-1,-1
68,822,989.44,267.37,112.67,90.97,1.0000,-1,-1,-1
68,829,1042.04,267.48,102.38,70.61,0.8165,-1,-1,-1
68,830,918.52,780.98,109.96,123.53,0.0137,-1,-1,-1
68,839,1050.25,761.07,144.41,137.50,0.7808,-1,-1,-1
68,840,1177.63,710.28,167.76,180.28,0.7812,-1,-1,-1
68,841,1818.20,139.74,56.08,276.75,0.9356,-1,-1,-1
68,846,371.76,396.27,138.90,131.31,0.0311,-1,-1,-1
68,849,847.76,655.15,84.27,85.44,0.1875,-1,-1,-1
68,851,1271.01,648.78,85.15,76.71,0.5251,-1,-1,-1
68,852,519.18,96.81,175.96,85.00,0.0269,-1,-1,-1
68,858,263.02,678.53,92.85,96.40,0.2546,-1,-1,-1
68,859,548.14,994.56,303.36,81.09,0.0169,-1,-1,-1
68,864,915.77,407.39,67.77,112.05,0.0424,-1,-1,-1
68,867,1044.47,236.18,67.71,34.96,0.1660,-1,-1,-1
68,876,108.75,301.01,55.88,92.19,0.0141,-1,-1,-1
69,5,1238.06,874.29,153.02,145.70,1.0000,-1,-1,-1
69,6,542.80,465.04,75.09,68.14,1.0000,-1,-1,-1
69,119,1617.24,768.58,173.78,134.92,1.0000,-1,-1,-1
69,127,1586.40,771.32,280.24,257.80,1.0000,-1,-1,-1
69,135,1106.77,309.35,45.61,48.46,1.0000,-1,-1,-1
69,152,2005.89,1167.49,-233.03,-87.61,1.0000,-1,-1,-1
69,156,2005.70,863.65,226.81,231.78,1.0000,-1,-1,-1
69,183,1249.54,277.87,93.37,85.66,0.9110,-1,-1,-1
69,201,204.44,241.27,267.90,213.36,1.0000,-1,-1,-1
69,232,394.80,394.13,-59.31,-49.50,1.0000,-1,-1,-1
69,233,1897.41,708.70,40.45,163.23,1.0000,-1,-1,-1
69,243,1412.95,454.31,547.20,575.16,1.0000,-1,-1,-1
69,245,748.70,145.35,164.56,150.74,0.4481,-1,-1,-1
69,251,1997.48,462.10,152.43,156.72,1.0000,-1,-1,-1
69,261,1103.93,502.25,175.82,205.16,1.0000,-1,-1,-1
69,270,1153.03,1141.36,-163.26,-62.23,1.0000,-1,-1,-1
69,310,246.93,390.06,139.41,147.25,0.7995,-1,-1,-1
69,348,876.56,453.79,50.36,51.50,1.0000,-1,-1,-1
69,353,2045.89,1055.59,161.20,166.40,1.0000,-1,-1,-1
69,354,1441.68,749.74,141.50,152.34,1.0000,-1,-1,-1
69,360,1135.74,278.03,81.20,81.80,0.0804,-1,-1,-1
69,364,240.94,-729.37,713.94,573.17,1.0000,-1,-1,-1
69,374,1299.41,605.56,1.38,2.46,1.0000,-1,-1,-1
69,399,1151.52,682.18,246.18,336.48,1.0000,-1,-1,-1
69,408,924.97,-632.26,22.77,25.62,1.0000,-1,-1,-1
69,423,1255.21,219.23,-107.92,-93.13,1.0000,-1,-1,-1
69,426,693.50,769.60,28.36,25.38,1.0000,-1,-1,-1
69,428,1091.33,1013.47,51.99,86.22,1.0000,-1,-1,-1
69,436,1504.61,288.44,45.54,42.06,1.0000,-1,-1,-1
69,447,869.40,298.93,137.13,126.36,0.8654,-1,-1,-1
69,472,1458.19,507.18,176.81,159.32,0.4795,-1,-1,-1
69,473,457.90,559.17,195.50,199.28,1.0000,-1,-1,-1
69,474,1295.90,593.73,-16.31,-18.58,1.0000,-1,-1,-1
69,475,1317.57,620.41,-89.88,-122.67,1.0000,-1,-1,-1
69,476,706.88,493.24,79.83,118.47,1.0000,-1,-1,-1
69,477,1018.74,-431.55,480.04,262.01,1.0000,-1,-1,-1
69,480,1413.38,888.16,240.96,190.93,0.4921,-1,-1,-1
69,483,529.90,482.26,183.50,129.41,1.0000,-1,-1,-1
69,489,1054.59,634.39,111.41,103.19,1.0000,-1,-1,-1
69,490,1156.47,250.94,22.36,28.79,1.0000,-1,-1,-1
69,491,459.64,262.56,94.73,92.32,0.8748,-1,-1,-1
69,495,586.75,177.69,-39.70,-24.73,1.0000,-1,-1,-1
69,497,1054.19,1.09,159.94,139.10,0.8872,-1,-1,-1
69,498,996.07,242.74,59.89,65.11,1.0000,-1,-1,-1
69,505,1181.28,817.48,144.37,115.71,1.0000,-1,-1,-1
69,509,1040.85,705.91,91.73,79.61,1.0000,-1,-1,-1
69,511,493.36,469.90,69.76,84.11,1.0000,-1,-1,-1
69,512,818.27,720.95,41.84,34.42,1.0000,-1,-1,-1
69,514,2054.96,1153.20,-212.36,-77.72,1.0000,-1,-1,-1
69,522,481.87,356.70,524.29,630.52,1.0000,-1,-1,-1
69,525,2240.95,760.26,-2561.04,-4367.66,1.0000,-1,-1,-1
69,527,5.96,460.17,204.36,171.09,1.0000,-1,-1,-1
69,529,-735.64,8.38,2281.49,1313.00,1.0000,-1,-1,-1
69,532,727.81,579.57,360.73,233.24,1.0000,-1,-1,-1
69,535,963.69,548.07,149.44,124.67,1.0000,-1,-1,-1
69,536,584.16,588.85,75.30,103.86,1.0000,-1,-1,-1
69,540,1339.18,800.68,141.88,140.94,1.0000,-1,-1,-1
69,543,1517.37,574.31,141.04,108.48,1.0000,-1,-1,-1
69,550,680.75,141.78,88.02,92.02,0.0221,-1,-1,-1
69,552,279.11,-2.02,-368.76,-565.34,1.0000,-1,-1,-1
69,562,650.07,98.65,2405.58,971.40,1.0000,-1,-1,-1
69,570,900.57,410.23,85.74,85.78,1.0000,-1,-1,-1
69,573,868.05,1432.40,-162.58,-163.94,1.0000,-1,-1,-1
69,576,1217.23,5.17,1204.96,382.24,1.0000,-1,-1,-1
69,578,994.70,378.67,58.23,148.53,1.0000,-1,-1,-1
69,579,1039.34,749.04,13.65,16.39,1.0000,-1,-1,-1
69,580,-35.86,934.59,-184.87,-254.03,1.0000,-1,-1,-1
69,584,1180.56,467.28,46.87,45.96,1.0000,-1,-1,-1
69,586,1210.79,411.32,-96.50,-83.59,1.0000,-1,-1,-1
69,589,1308.19,712.01,65.93,55.04,1.0000,-1,-1,-1
69,593,836.48,567.91,-67.47,-42.23,1.0000,-1,-1,-1
69,594,239.21,607.69,110.53,93.40,0.8462,-1,-1,-1
69,595,156.59,985.37,-343.02,-910.58,1.0000,-1,-1,-1
69,596,321.58,1026.82,-126.07,-145.22,1.0000,-1,-1,-1
69,597,974.44,867.27,63.96,47.51,1.0000,-1,-1,-1
69,598,1275.14,727.05,-276.07,-250.56,1.0000,-1,-1,-1
69,599,1293.76,1015.53,358.85,303.84,1.0000,-1,-1,-1
69,601,1056.53,901.01,-43.92,-67.76,1.0000,-1,-1,-1
69,606,1001.33,893.09,51.77,41.90,1.0000,-1,-1,-1
69,613,119.02,441.24,244.67,317.42,1.0000,-1,-1,-1
69,615,895.36,449.88,114.23,116.73,1.0000,-1,-1,-1
69,621,1179.10,787.91,122.96,144.45,1.0000,-1,-1,-1
69,622,1197.15,780.15,71.80,64.10,1.0000,-1,-1,-1
69,623,393.43,40.93,346.37,177.88,1.0000,-1,-1,-1
69,624,1612.61,1152.22,-85.95,-98.80,1.0000,-1,-1,-1
69,626,405.20,495.09,74.87,63.11,0.5921,-1,-1,-1
69,630,30.64,1002.66,-61.44,-235.76,1.0000,-1,-1,-1
69,634,459.12,778.85,-72.58,-52.29,1.0000,-1,-1,-1
69,636,274.22,684.39,117.93,105.62,0.8276,-1,-1,-1
69,642,1368.31,497.67,48.64,49.99,1.0000,-1,-1,-1
69,643,245.38,1131.93,-65.51,-36.61,1.0000,-1,-1,-1
69,644,431.22,433.27,109.17,106.77,1.0000,-1,-1,-1
69,646,1260.52,443.33,100.10,91.20,0.5090,-1,-1,-1
69,657,1273.17,433.62,63.13,62.87,1.0000,-1,-1,-1
69,663,424.20,651.79,115.74,111.05,0.8011,-1,-1,-1
69,668,1551.58,288.08,223.06,147.67,0.8197,-1,-1,-1
69,669,-8.80,726.18,118.78,127.37,0.6214,-1,-1,-1
69,673,231.75,780.62,66.40,72.87,1.0000,-1,-1,-1
69,675,1287.52,769.64,139.86,176.90,1.0000,-1,-1,-1
69,678,188.36,1109.64,-57.13,-28.73,1.0000,-1,-1,-1
69,681,403.75,276.26,587.69,533.87,1.0000,-1,-1,-1
69,684,1756.80,739.02,209.51,125.30,1.0000,-1,-1,-1
69,686,806.61,407.35,86.24,47.13,1.0000,-1,-1,-1
69,687,1797.63,724.77,136.19,115.09,1.0000,-1,-1,-1
69,690,1408.63,753.14,1399.74,314.73,1.0000,-1,-1,-1
69,692,808.11,-1.62,168.53,197.63,1.0000,-1,-1,-1
69,693,1087.65,228.08,34.53,33.26,1.0000,-1,-1,-1
69,695,635.00,419.45,93.83,88.43,0.7781,-1,-1,-1
69,697,328.97,718.01,63.53,44.99,1.0000,-1,-1,-1
69,698,861.27,-98.41,73.21,88.08,1.0000,-1,-1,-1
69,700,234.10,988.41,130.40,91.81,1.0000,-1,-1,-1
69,703,-41.75,529.91,182.08,178.30,0.1430,-1,-1,-1
69,704,1240.48,605.18,239.83,166.82,1.0000,-1,-1,-1
69,705,646.39,911.23,153.67,141.31,1.0000,-1,-1,-1
69,708,13.40,2.48,492.45,281.52,0.1690,-1,-1,-1
69,711,1771.89,711.42,129.63,119.78,1.0000,-1,-1,-1
69,712,425.92,586.55,85.00,83.58,0.7328,-1,-1,-1
69,714,-28.03,105.69,92.20,62.74,1.0000,-1,-1,-1
69,715,1872.28,738.92,70.42,147.23,1.0000,-1,-1,-1
69,716,927.74,302.74,36.96,19.31,1.0000,-1,-1,-1
69,717,1728.49,878.93,31.62,189.49,1.0000,-1,-1,-1
69,719,702.24,1.18,63.38,115.41,1.0000,-1,-1,-1
69,720,1687.62,1042.17,168.19,36.07,1.0000,-1,-1,-1
69,723,1856.57,992.03,126.71,84.12,1.0000,-1,-1,-1
69,727,1898.02,701.78,14.85,48.58,1.0000,-1,-1,-1
69,730,571.84,758.36,74.04,69.21,1.0000,-1,-1,-1
69,746,369.54,1405.85,-263.28,-323.22,1.0000,-1,-1,-1
69,749,980.39,366.68,39.64,31.83,1.0000,-1,-1,-1
69,758,1298.82,364.78,-19.22,-25.74,1.0000,-1,-1,-1
69,762,233.09,1046.01,81.83,32.67,1.0000,-1,-1,-1
69,764,876.70,645.12,72.92,81.29,1.0000,-1,-1,-1
69,766,829.12,785.08,63.11,78.36,1.0000,-1,-1,-1
69,769,189.66,1026.26,80.46,51.62,1.0000,-1,-1,-1
69,771,705.54,968.00,351.27,109.41,1.0000,-1,-1,-1
69,772,391.74,754.48,-11.19,-16.11,1.0000,-1,-1,-1
69,775,959.58,654.59,105.10,88.02,0.8130,-1,-1,-1
69,780,919.91,339.55,192.16,82.95,1.0000,-1,-1,-1
69,783,869.87,585.76,89.48,87.97,0.8676,-1,-1,-1
69,785,1724.69,845.37,313.75,276.39,1.0000,-1,-1,-1
69,790,986.63,259.30,82.32,72.26,1.0000,-1,-1,-1
69,796,699.37,-7.98,117.33,98.11,0.5713,-1,-1,-1
69,797,1140.52,301.56,88.80,54.22,1.0000,-1,-1,-1
69,799,654.26,445.30,192.84,139.95,0.7350,-1,-1,-1
69,801,802.76,412.87,59.93,59.87,0.8011,-1,-1,-1
69,803,1730.00,702.78,93.15,112.23,1.0000,-1,-1,-1
69,809,715.50,549.76,53.48,50.60,0.0453,-1,-1,-1
69,810,984.70,156.96,155.82,105.79,0.8418,-1,-1,-1
69,813,1371.41,597.84,65.82,78.07,0.9110,-1,-1,-1
69,817,1204.16,663.55,220.01,134.76,1.0000,-1,-1,-1
69,819,1154.82,274.63,42.50,51.28,0.1242,-1,-1,-1
69,820,1631.92,1039.47,169.98,37.48,1.0000,-1,-1,-1
69,821,1057.91,735.86,53.81,56.51,1.0000,-1,-1,-1
69,822,973.40,268.29,119.41,96.41,1.0000,-1,-1,-1
69,829,1036.75,263.98,103.85,72.91,0.7802,-1,-1,-1
69,830,912.75,783.83,110.61,123.72,0.0463,-1,-1,-1
69,839,1043.43,753.50,142.05,134.56,0.8781,-1,-1,-1
69,840,1183.48,720.40,166.02,179.15,0.7249,-1,-1,-1
69,841,1802.48,110.00,64.13,287.56,0.9434,-1,-1,-1
69,846,362.56,409.68,138.15,130.92,0.4417,-1,-1,-1
69,849,841.73,663.21,87.87,89.39,0.3827,-1,-1,-1
69,851,1275.68,644.56,87.40,78.98,0.8338,-1,-1,-1
69,852,515.56,97.95,174.19,83.73,0.0808,-1,-1,-1
69,858,249.75,684.92,89.14,93.31,0.0259,-1,-1,-1
69,859,543.80,997.21,294.15,78.54,0.0253,-1,-1,-1
69,864,931.41,410.43,55.85,86.18,0.3607,-1,-1,-1
69,867,1036.24,232.84,68.33,35.39,0.0474,-1,-1,-1
69,876,101.64,303.03,55.21,90.90,0.0171,-1,-1,-1
69,877,1271.81,236.10,52.54,43.16,0.0114,-1,-1,-1
69,879,1181.20,650.78,124.03,84.91,0.8195,-1,-1,-1
69,880,98.99,917.95,82.93,131.82,0.0102,-1,-1,-1
69,883,719.71,387.34,93.46,66.39,0.3609,-1,-1,-1
70,5,1241.01,884.72,155.21,147.78,1.0000,-1,-1,-1
70,6,547.16,466.84,74.52,67.62,1.0000,-1,-1,-1
70,119,1620.02,772.09,175.82,136.51,1.0000,-1,-1,-1
70,127,1596.36,771.77,284.50,261.71,1.0000,-1,-1,-1
70,135,1109.37,312.07,44.22,46.99,1.0000,-1,-1,-1
70,152,2026.91,1175.33,-253.66,-95.37,1.0000,-1,-1,-1
70,156,2021.98,870.20,228.85,233.86,1.0000,-1,-1,-1
70,183,1245.44,286.57,95.63,88.24,0.9147,-1,-1,-1
70,232,405.33,395.18,-65.43,-54.61,1.0000,-1,-1,-1
70,233,1900.42,716.76,39.21,158.19,1.0000,-1,-1,-1
70,243,1410.76,447.96,554.36,582.69,1.0000,-1,-1,-1
70,245,756.66,137.28,164.32,151.48,0.2393,-1,-1,-1
70,251,2012.18,463.58,153.23,157.54,1.0000,-1,-1,-1
70,270,1178.16,1150.39,-186.65,-71.14,1.0000,-1,-1,-1
70,310,240.18,403.24,135.96,142.48,0.7643,-1,-1,-1
70,348,879.48,460.06,49.73,50.87,1.0000,-1,-1,-1
70,353,2059.64,1063.81,160.39,165.56,1.0000,-1,-1,-1
70,354,1464.86,758.40,139.79,150.50,1.0000,-1,-1,-1
70,360,1132.24,278.63,82.13,82.28,0.0248,-1,-1,-1
70,364,244.85,-756.00,729.17,585.39,1.0000,-1,-1,-1
70,399,1156.15,675.64,249.79,341.41,1.0000,-1,-1,-1
70,408,946.52,-655.52,18.71,21.05,1.0000,-1,-1,-1
70,423,1284.79,204.87,-118.63,-102.37,1.0000,-1,-1,-1
70,426,702.13,774.36,26.36,23.59,1.0000,-1,-1,-1
70,428,1095.33,1022.33,51.80,85.89,1.0000,-1,-1,-1
70,436,1521.11,287.80,42.94,39.66,1.0000,-1,-1,-1
70,447,860.74,312.97,136.20,125.47,0.8949,-1,-1,-1
70,472,1450.31,527.64,179.08,159.27,0.1548,-1,-1,-1
70,473,459.36,561.74,199.32,203.17,1.0000,-1,-1,-1
70,474,1299.94,598.26,-19.26,-21.95,1.0000,-1,-1,-1
70,475,1324.53,621.19,-97.95,-133.68,1.0000,-1,-1,-1
70,476,718.84,496.10,78.26,116.13,1.0000,-1,-1,-1
70,477,1037.16,-454.36,489.99,267.44,1.0000,-1,-1,-1
70,480,1436.03,926.42,209.05,152.58,0.1696,-1,-1,-1
70,483,534.34,498.24,184.75,130.29,1.0000,-1,-1,-1
70,489,1066.59,634.27,113.01,104.68,1.0000,-1,-1,-1
70,490,1158.38,236.85,20.59,26.51,1.0000,-1,-1,-1
70,491,455.18,268.80,94.72,92.37,0.8912,-1,-1,-1
70,495,597.25,184.80,-47.94,-29.86,1.0000,-1,-1,-1
70,497,1044.19,4.28,167.62,150.46,0.8552,-1,-1,-1
70,498,1000.62,241.92,60.45,65.72,1.0000,-1,-1,-1
70,505,1188.85,819.73,145.93,116.96,1.0000,-1,-1,-1
70,509,1042.10,718.92,91.40,79.33,1.0000,-1,-1,-1
70,511,496.91,469.11,69.16,83.38,1.0000,-1,-1,-1
70,512,816.39,719.12,38.28,31.48,1.0000,-1,-1,-1
70,514,2067.31,1158.36,-226.61,-82.93,1.0000,-1,-1,-1
70,522,471.36,352.28,540.62,650.16,1.0000,-1,-1,-1
70,525,2320.09,786.21,-2666.12,-4546.88,1.0000,-1,-1,-1
70,527,-9.61,466.40,206.49,172.87,1.0000,-1,-1,-1
70,529,-760.60,8.59,2349.51,1352.15,1.0000,-1,-1,-1
70,532,727.91,577.95,369.85,239.13,1.0000,-1,-1,-1
70,535,967.17,543.69,151.05,126.01,1.0000,-1,-1,-1
70,536,588.58,591.86,75.95,104.75,1.0000,-1,-1,-1
70,540,1344.13,812.23,144.76,143.81,1.0000,-1,-1,-1
70,543,1518.84,586.23,140.96,108.41,1.0000,-1,-1,-1
70,550,671.85,144.60,94.12,99.41,0.0224,-1,-1,-1
70,552,291.66,-2.29,-399.59,-612.61,1.0000,-1,-1,-1
70,562,607.24,63.12,2492.86,1006.64,1.0000,-1,-1,-1
70,570,904.11,411.14,85.17,85.21,1.0000,-1,-1,-1
70,573,902.21,1461.83,-180.02,-181.53,1.0000,-1,-1,-1
70,576,1202.23,5.25,1249.03,396.22,1.0000,-1,-1,-1
70,578,999.44,381.51,57.43,146.49,1.0000,-1,-1,-1
70,579,1049.78,759.38,10.47,12.58,1.0000,-1,-1,-1
70,580,-37.40,957.73,-198.36,-272.56,1.0000,-1,-1,-1
70,584,1184.68,472.42,46.81,45.91,1.0000,-1,-1,-1
70,586,1221.12,415.28,-104.74,-90.74,1.0000,-1,-1,-1
70,589,1311.35,720.64,65.52,54.70,1.0000,-1,-1,-1
70,593,849.41,575.93,-78.41,-49.07,1.0000,-1,-1,-1
70,594,232.19,617.53,110.28,92.75,0.8102,-1,-1,-1
70,595,164.61,1030.56,-368.97,-979.46,1.0000,-1,-1,-1
70,596,326.88,1043.98,-136.99,-157.81,1.0000,-1,-1,-1
70,597,978.20,870.17,62.43,46.37,1.0000,-1,-1,-1
70,598,1295.29,727.99,-296.86,-269.42,1.0000,-1,-1,-1
70,599,1279.29,1029.05,370.95,314.09,1.0000,-1,-1,-1
70,601,1070.45,912.62,-48.78,-75.26,1.0000,-1,-1,-1
70,606,1004.73,897.24,47.85,38.73,1.0000,-1,-1,-1
70,613,111.18,451.80,247.28,320.81,1.0000,-1,-1,-1
70,615,897.36,449.10,117.55,120.11,1.0000,-1,-1,-1
70,621,1183.26,782.94,121.72,142.99,1.0000,-1,-1,-1
70,622,1203.64,778.54,71.21,63.58,1.0000,-1,-1,-1
70,623,396.77,42.90,354.58,182.09,1.0000,-1,-1,-1
70,624,1618.30,1164.80,-93.99,-108.04,1.0000,-1,-1,-1
70,626,395.29,508.82,65.60,51.27,0.0235,-1,-1,-1
70,630,31.46,1029.95,-66.59,-255.49,1.0000,-1,-1,-1
70,634,469.89,784.65,-84.71,-61.03,1.0000,-1,-1,-1
70,636,264.41,681.79,120.53,105.19,0.6425,-1,-1,-1
70,642,1377.10,506.41,45.32,46.58,1.0000,-1,-1,-1
70,643,253.18,1141.05,-78.83,-44.05,1.0000,-1,-1,-1
70,644,427.06,444.76,108.65,106.27,1.0000,-1,-1,-1
70,646,1260.60,450.79,103.72,94.62,0.3291,-1,-1,-1
70,657,1272.23,445.31,63.93,63.67,1.0000,-1,-1,-1
70,663,417.75,661.86,116.30,111.35,0.8421,-1,-1,-1
70,668,1545.46,306.02,217.46,146.76,0.9014,-1,-1,-1
70,669,-12.77,737.91,118.69,130.49,0.3274,-1,-1,-1
70,673,230.88,784.21,66.48,72.96,1.0000,-1,-1,-1
70,675,1287.47,770.28,140.27,177.41,1.0000,-1,-1,-1
70,678,187.93,1113.83,-65.14,-32.76,1.0000,-1,-1,-1
70,681,394.19,258.03,615.65,559.27,1.0000,-1,-1,-1
70,684,1757.03,740.09,214.76,128.44,1.0000,-1,-1,-1
70,686,812.15,402.74,88.13,48.16,1.0000,-1,-1,-1
70,687,1796.51,724.67,141.64,119.69,1.0000,-1,-1,-1
70,690,1395.21,737.20,1468.31,330.15,1.0000,-1,-1,-1
70,692,795.85,-4.50,174.34,204.44,1.0000,-1,-1,-1
70,693,1079.55,222.71,32.48,31.29,1.0000,-1,-1,-1
70,695,628.63,418.85,95.36,89.83,0.8839,-1,-1,-1
70,697,330.22,716.91,60.81,43.07,1.0000,-1,-1,-1
70,698,831.28,-143.48,68.64,82.59,1.0000,-1,-1,-1
70,700,242.42,986.05,134.21,94.50,1.0000,-1,-1,-1
70,703,-57.11,531.56,185.40,192.07,0.0559,-1,-1,-1
70,704,1236.84,597.03,251.17,174.71,1.0000,-1,-1,-1
70,705,647.73,910.81,152.96,140.65,1.0000,-1,-1,-1
70,708,1.13,2.83,515.37,295.16,0.2226,-1,-1,-1
70,711,1768.17,710.34,136.22,125.88,1.0000,-1,-1,-1
70,712,424.74,589.86,85.89,82.15,0.8192,-1,-1,-1
70,714,-30.72,103.17,95.01,64.65,1.0000,-1,-1,-1
70,715,1870.44,738.30,74.04,154.81,1.0000,-1,-1,-1
70,716,926.90,306.86,32.31,16.88,1.0000,-1,-1,-1
70,717,1715.19,872.21,32.68,195.83,1.0000,-1,-1,-1
70,719,702.91,1.19,61.19,111.43,1.0000,-1,-1,-1
70,720,1690.82,1042.00,168.77,36.19,1.0000,-1,-1,-1
70,723,1866.73,993.01,125.57,83.37,1.0000,-1,-1,-1
70,727,1897.72,701.14,14.65,47.91,1.0000,-1,-1,-1
70,730,573.76,764.70,73.72,68.90,1.0000,-1,-1,-1
70,746,388.43,1447.85,-296.95,-364.56,1.0000,-1,-1,-1
70,749,983.03,373.07,35.60,28.59,1.0000,-1,-1,-1
70,758,1301.70,370.10,-28.50,-38.16,1.0000,-1,-1,-1
70,762,235.98,1045.51,83.18,33.20,1.0000,-1,-1,-1
70,764,877.38,647.61,73.21,81.61,1.0000,-1,-1,-1
70,766,831.57,787.49,62.62,77.76,1.0000,-1,-1,-1
70,769,185.99,1024.56,83.08,53.30,1.0000,-1,-1,-1
70,771,706.55,963.03,367.69,114.52,1.0000,-1,-1,-1
70,772,396.74,764.38,-21.28,-30.62,1.0000,-1,-1,-1
70,775,953.62,665.50,103.98,87.15,0.8691,-1,-1,-1
70,780,916.62,344.14,202.30,87.32,1.0000,-1,-1,-1
70,783,863.52,588.35,89.08,87.02,0.8499,-1,-1,-1
70,785,1714.24,847.48,334.57,294.73,1.0000,-1,-1,-1
70,790,980.30,257.46,82.97,72.83,1.0000,-1,-1,-1
70,796,690.00,-6.09,105.93,86.10,0.5282,-1,-1,-1
70,797,1128.54,301.40,90.89,55.50,1.0000,-1,-1,-1
70,799,655.40,466.51,182.74,135.60,0.8003,-1,-1,-1
70,801,798.22,420.36,59.90,58.96,0.8075,-1,-1,-1
70,803,1722.64,700.36,93.17,112.25,1.0000,-1,-1,-1
70,809,703.48,530.31,48.08,45.49,1.0000,-1,-1,-1
70,810,979.75,156.04,154.12,106.65,0.8418,-1,-1,-1
70,813,1351.94,582.66,67.79,78.82,0.8438,-1,-1,-1
70,817,1197.36,665.02,236.15,144.65,1.0000,-1,-1,-1
70,819,1151.74,276.64,41.58,50.37,0.0907,-1,-1,-1
70,820,1631.24,1039.49,169.44,37.36,1.0000,-1,-1,-1
70,821,1056.74,734.66,53.14,55.80,1.0000,-1,-1,-1
70,822,957.36,269.22,126.14,101.85,1.0000,-1,-1,-1
70,829,1034.36,264.29,100.89,72.14,0.8094,-1,-1,-1
70,830,908.50,788.04,107.92,119.46,0.3802,-1,-1,-1
70,839,1037.91,747.94,138.13,130.66,0.8498,-1,-1,-1
70,840,1187.23,730.72,164.16,178.09,0.7986,-1,-1,-1
70,841,1788.64,92.10,72.12,290.20,0.9390,-1,-1,-1
70,846,349.40,422.97,141.15,134.79,0.1147,-1,-1,-1
70,849,837.65,670.64,89.30,91.08,0.4989,-1,-1,-1
70,851,1279.78,641.34,91.20,83.11,0.7943,-1,-1,-1
70,852,509.68,99.52,177.80,85.42,0.0250,-1,-1,-1
70,858,242.82,688.69,87.30,91.36,0.1886,-1,-1,-1
70,859,535.01,995.77,301.35,80.63,0.0250,-1,-1,-1
70,864,912.06,410.48,50.90,74.37,0.0151,-1,-1,-1
70,867,1034.84,233.75,67.05,34.84,0.0337,-1,-1,-1
70,876,93.60,304.41,56.34,91.45,0.0132,-1,-1,-1
70,877,1268.75,234.70,56.43,46.36,1.0000,-1,-1,-1
70,879,1173.74,641.26,131.53,90.93,0.8258,-1,-1,-1
70,880,120.67,919.53,82.99,131.92,1.0000,-1,-1,-1
70,883,713.91,388.16,100.25,72.15,0.7813,-1,-1,-1
70,887,507.35,903.38,105.43,110.60,0.6597,-1,-1,-1
70,888,961.49,887.91,69.67,70.01,0.2472,-1,-1,-1
70,889,44.06,361.72,47.32,98.73,0.0367,-1,-1,-1
70,891,804.43,999.33,129.97,76.18,0.0274,-1,-1,-1
70,892,1882.61,878.94,26.61,189.23,0.1633,-1,-1,-1
70,899,69.42,1021.41,69.31,45.55,0.0129,-1,-1,-1
71,5,1243.96,895.16,157.40,149.87,1.0000,-1,-1,-1
71,6,551.52,468.64,73.95,67.10,1.0000,-1,-1,-1
71,119,1622.79,775.60,177.87,138.09,1.0000,-1,-1,-1
71,127,1606.31,772.23,288.76,265.63,1.0000,-1,-1,-1
71,135,1111.98,314.79,42.83,45.51,1.0000,-1,-1,-1
71,152,2047.93,1183.18,-274.28,-103.12,1.0000,-1,-1,-1
71,156,2038.26,876.75,230.89,235.94,1.0000,-1,-1,-1
71,183,1241.62,297.31,96.57,89.98,0.8677,-1,-1,-1
71,233,1903.44,724.82,37.96,153.16,1.0000,-1,-1,-1
71,245,762.15,130.64,168.06,156.74,0.1626,-1,-1,-1
71,251,2026.88,465.07,154.02,158.35,1.0000,-1,-1,-1
71,270,1203.28,1159.42,-210.04,-80.05,1.0000,-1,-1,-1
71,310,231.29,414.11,136.59,142.00,0.7369,-1,-1,-1
71,348,882.40,466.34,49.11,50.23,1.0000,-1,-1,-1
71,353,2073.38,1072.03,159.57,164.71,1.0000,-1,-1,-1
71,354,1488.03,767.07,138.08,148.66,1.0000,-1,-1,-1
71,360,1128.34,283.28,81.61,81.80,0.0210,-1,-1,-1
71,364,248.77,-782.63,744.40,597.62,1.0000,-1,-1,-1
71,399,1160.78,669.09,253.39,346.34,1.0000,-1,-1,-1
71,408,968.06,-678.77,14.65,16.48,1.0000,-1,-1,-1
71,423,1314.38,190.51,-129.34,-111.62,1.0000,-1,-1,-1
71,426,710.76,779.11,24.37,21.81,1.0000,-1,-1,-1
71,428,1099.34,1031.18,51.60,85.57,1.0000,-1,-1,-1
71,436,1537.61,287.17,40.34,37.26,1.0000,-1,-1,-1
71,447,848.39,325.40,137.89,127.38,0.9200,-1,-1,-1
71,472,1442.96,549.08,179.24,158.69,0.5712,-1,-1,-1
71,473,460.82,564.32,203.13,207.05,1.0000,-1,-1,-1
71,474,1303.99,602.79,-22.22,-25.32,1.0000,-1,-1,-1
71,475,1331.50,621.97,-106.02,-144.69,1.0000,-1,-1,-1
71,476,730.80,498.97,76.68,113.79,1.0000,-1,-1,-1
71,477,1055.58,-477.17,499.93,272.87,1.0000,-1,-1,-1
71,480,1455.29,972.30,160.95,106.12,0.0139,-1,-1,-1
71,483,538.78,514.22,185.99,131.16,1.0000,-1,-1,-1
71,489,1078.59,634.15,114.62,106.16,1.0000,-1,-1,-1
71,490,1160.29,222.75,18.82,24.24,1.0000,-1,-1,-1
71,491,451.24,275.17,94.48,92.21,0.8849,-1,-1,-1
71,495,607.74,191.90,-56.18,-34.99,1.0000,-1,-1,-1
71,497,1038.60,11.24,168.01,154.88,0.6036,-1,-1,-1
71,498,1005.17,241.10,61.01,66.33,1.0000,-1,-1,-1
71,505,1196.42,821.98,147.48,118.20,1.0000,-1,-1,-1
71,509,1043.35,731.94,91.07,79.04,1.0000,-1,-1,-1
71,511,500.47,468.32,68.55,82.66,1.0000,-1,-1,-1
71,512,814.50,717.30,34.71,28.55,1.0000,-1,-1,-1
71,514,2079.66,1163.52,-240.86,-88.15,1.0000,-1,-1,-1
71,522,460.86,347.87,556.95,669.80,1.0000,-1,-1,-1
71,525,2399.23,812.15,-2771.21,-4726.09,1.0000,-1,-1,-1
71,527,-25.19,472.63,208.62,174.66,1.0000,-1,-1,-1
71,529,-785.56,8.80,2417.52,1391.29,1.0000,-1,-1,-1
71,532,728.02,576.32,378.97,245.03,1.0000,-1,-1,-1
71,535,970.66,539.30,152.65,127.36,1.0000,-1,-1,-1
71,536,593.01,594.88,76.59,105.63,1.0000,-1,-1,-1
71,540,1349.09,823.78,147.65,146.67,1.0000,-1,-1,-1
71,543,1520.31,598.16,140.87,108.35,1.0000,-1,-1,-1
71,550,669.45,148.94,95.86,102.53,0.0654,-1,-1,-1
71,552,304.21,-2.56,-430.42,-659.88,1.0000,-1,-1,-1
71,562,564.41,27.58,2580.15,1041.89,1.0000,-1,-1,-1
71,570,907.64,412.06,84.59,84.63,1.0000,-1,-1,-1
71,573,936.37,1491.25,-197.46,-199.12,1.0000,-1,-1,-1
71,576,1187.23,5.34,1293.10,410.20,1.0000,-1,-1,-1
71,578,1004.17,384.35,56.63,144.45,1.0000,-1,-1,-1
71,579,1060.22,769.71,7.29,8.76,1.0000,-1,-1,-1
71,580,-38.94,980.88,-211.85,-291.10,1.0000,-1,-1,-1
71,584,1188.79,477.55,46.76,45.86,1.0000,-1,-1,-1
71,586,1231.44,419.24,-112.99,-97.88,1.0000,-1,-1,-1
71,589,1314.51,729.26,65.12,54.37,1.0000,-1,-1,-1
71,593,862.34,583.95,-89.35,-55.92,1.0000,-1,-1,-1
71,594,218.96,623.01,110.43,92.60,0.6926,-1,-1,-1
71,595,172.62,1075.75,-394.91,-1048.34,1.0000,-1,-1,-1
71,596,332.17,1061.14,-147.92,-170.39,1.0000,-1,-1,-1
71,597,981.96,873.08,60.90,45.23,1.0000,-1,-1,-1
71,598,1315.43,728.94,-317.64,-288.28,1.0000,-1,-1,-1
71,599,1264.82,1042.57,383.06,324.34,1.0000,-1,-1,-1
71,601,1084.36,924.22,-53.64,-82.76,1.0000,-1,-1,-1
71,606,1008.14,901.39,43.93,35.56,1.0000,-1,-1,-1
71,613,103.35,462.36,249.90,324.20,1.0000,-1,-1,-1
71,615,899.35,448.32,120.86,123.50,1.0000,-1,-1,-1
71,621,1187.42,777.97,120.48,141.53,1.0000,-1,-1,-1
71,622,1210.14,776.93,70.63,63.06,1.0000,-1,-1,-1
71,623,400.10,44.87,362.78,186.30,1.0000,-1,-1,-1
71,624,1624.00,1177.39,-102.03,-117.28,1.0000,-1,-1,-1
71,626,390.18,513.05,61.13,47.77,1.0000,-1,-1,-1
71,630,32.28,1057.24,-71.73,-275.23,1.0000,-1,-1,-1
71,634,480.65,790.46,-96.83,-69.76,1.0000,-1,-1,-1
71,636,250.29,681.30,124.30,105.57,0.1715,-1,-1,-1
71,642,1385.89,515.14,42.00,43.17,1.0000,-1,-1,-1
71,643,260.98,1150.17,-92.16,-51.50,1.0000,-1,-1,-1
71,644,422.90,456.24,108.14,105.77,1.0000,-1,-1,-1
71,646,1260.11,462.85,103.56,94.82,0.7783,-1,-1,-1
71,657,1271.29,457.00,64.74,64.48,1.0000,-1,-1,-1
71,663,407.75,670.90,117.38,113.08,0.6153,-1,-1,-1
71,668,1536.73,327.12,213.56,146.72,0.8952,-1,-1,-1
71,669,-63.74,736.88,211.87,249.35,0.0451,-1,-1,-1
71,673,230.00,787.79,66.56,73.05,1.0000,-1,-1,-1
71,675,1287.42,770.92,140.67,177.92,1.0000,-1,-1,-1
71,678,187.50,1118.02,-73.16,-36.79,1.0000,-1,-1,-1
71,681,384.63,239.80,643.62,584.67,1.0000,-1,-1,-1
71,684,1757.27,741.17,220.01,131.57,1.0000,-1,-1,-1
71,686,817.70,398.12,90.02,49.19,1.0000,-1,-1,-1
71,687,1795.39,724.56,147.09,124.30,1.0000,-1,-1,-1
71,690,1381.80,721.27,1536.88,345.57,1.0000,-1,-1,-1
71,692,783.58,-7.39,180.14,211.24,1.0000,-1,-1,-1
71,693,1071.46,217.33,30.44,29.32,1.0000,-1,-1,-1
71,695,618.54,417.86,106.14,101.52,0.4874,-1,-1,-1
71,697,331.46,715.81,58.10,41.14,1.0000,-1,-1,-1
71,698,801.29,-188.54,64.07,77.09,1.0000,-1,-1,-1
71,700,250.75,983.69,138.02,97.18,1.0000,-1,-1,-1
71,703,-69.98,549.15,178.18,198.66,0.1497,-1,-1,-1
71,704,1233.20,588.88,262.50,182.59,1.0000,-1,-1,-1
71,705,649.06,910.40,152.25,140.00,1.0000,-1,-1,-1
71,708,-16.62,2.42,538.77,311.44,0.2423,-1,-1,-1
71,711,1764.44,709.27,142.81,131.97,1.0000,-1,-1,-1
71,712,421.37,589.21,92.03,85.93,0.6682,-1,-1,-1
71,714,-33.41,100.65,97.82,66.56,1.0000,-1,-1,-1
71,715,1868.61,737.68,77.67,162.39,1.0000,-1,-1,-1
71,716,926.07,310.99,27.66,14.45,1.0000,-1,-1,-1
71,717,1701.88,865.50,33.74,202.17,1.0000,-1,-1,-1
71,719,703.58,1.20,59.01,107.45,1.0000,-1,-1,-1
71,720,1694.01,1041.84,169.34,36.32,1.0000,-1,-1,-1
71,723,1876.88,994.00,124.43,82.61,1.0000,-1,-1,-1
71,727,1897.42,700.49,14.44,47.24,1.0000,-1,-1,-1
71,730,575.68,771.04,73.39,68.60,1.0000,-1,-1,-1
71,746,407.31,1489.85,-330.63,-405.90,1.0000,-1,-1,-1
71,749,985.66,379.46,31.57,25.36,1.0000,-1,-1,-1
71,758,1304.58,375.41,-37.78,-50.58,1.0000,-1,-1,-1
71,762,238.87,1045.00,84.53,33.74,1.0000,-1,-1,-1
71,764,878.06,650.09,73.49,81.93,1.0000,-1,-1,-1
71,766,834.03,789.89,62.14,77.16,1.0000,-1,-1,-1
71,769,182.31,1022.86,85.70,54.98,1.0000,-1,-1,-1
71,771,707.56,958.05,384.11,119.64,1.0000,-1,-1,-1
71,772,401.74,774.28,-31.36,-45.14,1.0000,-1,-1,-1
71,775,942.24,677.10,109.13,91.42,0.7861,-1,-1,-1
71,780,913.33,348.73,212.44,91.70,1.0000,-1,-1,-1
71,783,855.42,591.12,90.82,87.75,0.8834,-1,-1,-1
71,785,1703.80,849.59,355.39,313.07,1.0000,-1,-1,-1
71,790,973.97,255.63,83.62,73.40,1.0000,-1,-1,-1
71,796,684.05,-4.67,97.21,75.88,0.3642,-1,-1,-1
71,797,1116.57,301.25,92.98,56.78,1.0000,-1,-1,-1
71,799,651.32,484.23,179.68,136.43,0.5950,-1,-1,-1
71,801,791.53,428.06,61.05,59.04,0.6959,-1,-1,-1
71,803,1715.29,697.94,93.18,112.27,1.0000,-1,-1,-1
71,809,691.46,510.87,42.68,40.38,1.0000,-1,-1,-1
71,810,973.67,156.99,155.14,109.55,0.8141,-1,-1,-1
71,813,1331.36,570.79,69.21,79.46,0.8614,-1,-1,-1
71,817,1190.56,666.48,252.28,154.53,1.0000,-1,-1,-1
71,819,1147.74,280.59,39.71,48.44,0.0231,-1,-1,-1
71,820,1630.56,1039.52,168.89,37.24,1.0000,-1,-1,-1
71,821,1055.56,733.47,52.46,55.09,1.0000,-1,-1,-1
71,822,941.31,270.14,132.88,107.29,1.0000,-1,-1,-1
71,829,1032.76,267.80,96.80,70.52,0.7833,-1,-1,-1
71,830,903.18,791.15,107.20,117.39,0.0593,-1,-1,-1
71,839,1031.16,742.62,137.32,128.82,0.8506,-1,-1,-1
71,840,1186.22,742.95,165.45,180.41,0.6895,-1,-1,-1
71,841,1774.94,88.41,79.85,284.49,0.8716,-1,-1,-1
71,846,343.20,440.12,133.05,126.08,0.0262,-1,-1,-1
71,849,829.78,677.61,97.06,99.95,0.0358,-1,-1,-1
71,851,1283.32,641.86,92.11,84.79,0.7123,-1,-1,-1
71,852,505.54,100.46,177.83,85.06,0.1419,-1,-1,-1
71,858,241.57,691.44,89.22,92.00,0.0480,-1,-1,-1
71,859,528.29,995.12,302.95,81.06,1.0000,-1,-1,-1
71,864,913.05,411.09,39.64,57.92,1.0000,-1,-1,-1
71,867,1024.19,231.88,77.05,40.21,0.0339,-1,-1,-1
71,876,87.77,305.01,56.36,91.48,1.0000,-1,-1,-1
71,877,1265.69,233.30,60.32,49.55,1.0000,-1,-1,-1
71,879,1167.32,632.74,135.04,94.62,0.8341,-1,-1,-1
71,880,142.34,921.12,83.05,132.02,1.0000,-1,-1,-1
71,883,707.78,388.26,104.94,76.65,0.7807,-1,-1,-1
71,887,487.05,899.11,110.45,115.42,0.1005,-1,-1,-1
71,888,962.32,888.23,64.79,65.11,1.0000,-1,-1,-1
71,889,33.11,360.70,47.27,98.13,0.0228,-1,-1,-1
71,891,805.11,1001.37,127.63,74.81,1.0000,-1,-1,-1
71,892,1875.74,900.47,25.66,171.32,0.0202,-1,-1,-1
71,899,78.60,1019.91,69.86,45.91,1.0000,-1,-1,-1
71,902,54.58,941.21,190.85,124.38,0.0112,-1,-1,-1
71,905,1133.31,295.39,63.56,62.85,0.0186,-1,-1,-1
71,907,1259.67,647.80,59.94,49.80,0.0116,-1,-1,-1
71,916,534.77,427.00,103.63,103.76,0.4295,-1,-1,-1
72,5,1246.91,905.59,159.59,151.96,1.0000,-1,-1,-1
72,6,555.87,470.45,73.38,66.59,1.0000,-1,-1,-1
72,119,1625.56,779.10,179.91,139.68,1.0000,-1,-1,-1
72,127,1616.27,772.68,293.01,269.55,1.0000,-1,-1,-1
72,135,1114.59,317.51,41.43,44.03,1.0000,-1,-1,-1
72,152,2068.95,1191.02,-294.90,-110.87,1.0000,-1,-1,-1
72,156,2054.54,883.31,232.93,238.03,1.0000,-1,-1,-1
72,183,1238.94,309.56,96.40,90.57,0.8881,-1,-1,-1
72,233,1906.46,732.89,36.71,148.12,1.0000,-1,-1,-1
72,245,764.42,124.24,173.20,164.38,0.1255,-1,-1,-1
72,251,2041.58,466.56,154.82,159.17,1.0000,-1,-1,-1
72,270,1228.40,1168.46,-233.42,-88.97,1.0000,-1,-1,-1
72,310,220.15,426.12,135.33,139.69,0.8376,-1,-1,-1
72,348,885.32,472.61,48.48,49.59,1.0000,-1,-1,-1
72,353,2087.13,1080.25,158.75,163.87,1.0000,-1,-1,-1
72,354,1511.20,775.73,136.37,146.82,1.0000,-1,-1,-1
72,360,1121.48,289.92,79.69,79.24,0.0640,-1,-1,-1
72,399,1165.41,662.54,256.99,351.26,1.0000,-1,-1,-1
72,423,1343.96,176.16,-140.05,-120.86,1.0000,-1,-1,-1
72,426,719.39,783.86,22.38,20.03,1.0000,-1,-1,-1
72,436,1554.10,286.53,37.75,34.86,1.0000,-1,-1,-1
72,447,835.85,342.05,138.45,128.00,0.8483,-1,-1,-1
72,472,1427.64,569.55,188.08,166.88,0.4557,-1,-1,-1
72,473,462.28,566.89,206.94,210.94,1.0000,-1,-1,-1
72,474,1308.03,607.31,-25.17,-28.69,1.0000,-1,-1,-1
72,475,1338.46,622.74,-114.09,-155.71,1.0000,-1,-1,-1
72,476,742.76,501.84,75.10,111.45,1.0000,-1,-1,-1
72,477,1074.01,-499.99,509.88,278.30,1.0000,-1,-1,-1
72,480,1499.84,1007.18,110.93,73.13,1.0000,-1,-1,-1
72,483,543.22,530.21,187.23,132.04,1.0000,-1,-1,-1
72,489,1090.59,634.03,116.22,107.65,1.0000,-1,-1,-1
72,490,1162.19,208.65,17.06,21.96,1.0000,-1,-1,-1
72,491,447.10,283.03,93.25,90.97,0.8784,-1,-1,-1
72,495,618.23,199.01,-64.42,-40.12,1.0000,-1,-1,-1
72,497,1034.70,24.57,163.03,154.70,0.7797,-1,-1,-1
72,498,1009.72,240.28,61.58,66.94,1.0000,-1,-1,-1
72,505,1203.99,824.23,149.04,119.45,1.0000,-1,-1,-1
72,509,1044.59,744.95,90.74,78.76,1.0000,-1,-1,-1
72,511,504.03,467.52,67.95,81.93,1.0000,-1,-1,-1
72,512,812.62,715.48,31.15,25.62,1.0000,-1,-1,-1
72,514,2092.01,1168.68,-255.11,-93.37,1.0000,-1,-1,-1
72,522,450.35,343.45,573.28,689.44,1.0000,-1,-1,-1
72,525,2478.37,838.09,-2876.29,-4905.30,1.0000,-1,-1,-1
72,527,-40.76,478.86,210.75,176.44,1.0000,-1,-1,-1
72,529,-810.53,9.02,2485.54,1430.44,1.0000,-1,-1,-1
72,532,728.13,574.69,388.09,250.93,1.0000,-1,-1,-1
72,535,974.14,534.92,154.26,128.70,1.0000,-1,-1,-1
72,536,597.43,597.89,77.23,106.52,1.0000,-1,-1,-1
72,540,1354.04,835.34,150.53,149.54,1.0000,-1,-1,-1
72,543,1521.78,610.08,140.78,108.28,1.0000,-1,-1,-1
72,550,666.13,155.35,96.82,104.71,0.0806,-1,-1,-1
72,552,316.76,-2.83,-461.25,-707.15,1.0000,-1,-1,-1
72,562,521.57,-7.95,2667.43,1077.14,1.0000,-1,-1,-1
72,570,911.18,412.97,84.02,84.06,1.0000,-1,-1,-1
72,573,970.53,1520.68,-214.90,-216.71,1.0000,-1,-1,-1
72,576,1172.24,5.42,1337.18,424.19,1.0000,-1,-1,-1
72,578,1008.90,387.19,55.84,142.41,1.0000,-1,-1,-1
72,579,1070.66,780.04,4.11,4.94,1.0000,-1,-1,-1
72,580,-40.48,1004.03,-225.34,-309.63,1.0000,-1,-1,-1
72,584,1192.91,482.69,46.71,45.81,1.0000,-1,-1,-1
72,586,1241.77,423.20,-121.24,-105.02,1.0000,-1,-1,-1
72,589,1317.67,737.89,64.72,54.03,1.0000,-1,-1,-1
72,593,875.26,591.97,-100.29,-62.77,1.0000,-1,-1,-1
72,594,200.51,626.78,111.99,93.49,0.7094,-1,-1,-1
72,595,180.64,1120.94,-420.86,-1117.22,1.0000,-1,-1,-1
72,596,337.47,1078.29,-158.84,-182.97,1.0000,-1,-1,-1
72,597,985.72,875.98,59.37,44.10,1.0000,-1,-1,-1
72,598,1335.58,729.89,-338.43,-307.15,1.0000,-1,-1,-1
72,599,1250.35,1056.08,395.16,334.59,1.0000,-1,-1,-1
72,601,1098.28,935.83,-58.50,-90.26,1.0000,-1,-1,-1
72,606,1011.54,905.54,40.02,32.39,1.0000,-1,-1,-1
72,613,95.51,472.92,252.51,327.58,1.0000,-1,-1,-1
72,615,901.35,447.54,124.17,126.88,1.0000,-1,-1,-1
72,621,1191.58,773.00,119.24,140.07,1.0000,-1,-1,-1
72,622,1216.63,775.32,70.04,62.53,1.0000,-1,-1,-1
72,623,403.43,46.84,370.98,190.51,1.0000,-1,-1,-1
72,624,1629.69,1189.97,-110.07,-126.52,1.0000,-1,-1,-1
72,626,385.06,517.27,56.66,44.28,1.0000,-1,-1,-1
72,630,33.09,1084.53,-76.87,-294.96,1.0000,-1,-1,-1
72,634,491.42,796.26,-108.95,-78.49,1.0000,-1,-1,-1
72,636,263.43,685.20,114.41,101.04,0.0113,-1,-1,-1
72,642,1394.67,523.87,38.68,39.75,1.0000,-1,-1,-1
72,643,268.77,1159.29,-105.48,-58.94,1.0000,-1,-1,-1
72,644,418.73,467.72,107.63,105.27,1.0000,-1,-1,-1
72,646,1256.03,476.38,103.79,95.50,0.4581,-1,-1,-1
72,657,1270.34,468.69,65.55,65.28,1.0000,-1,-1,-1
72,663,393.19,682.18,118.87,114.76,0.8034,-1,-1,-1
72,668,1528.04,349.75,208.56,145.95,0.9170,-1,-1,-1
72,669,-66.72,747.01,237.77,294.75,0.0144,-1,-1,-1
72,673,229.12,791.38,66.65,73.14,1.0000,-1,-1,-1
72,675,1287.36,771.56,141.07,178.43,1.0000,-1,-1,-1
72,678,187.08,1122.21,-81.17,-40.83,1.0000,-1,-1,-1
72,681,375.07,221.57,671.58,610.07,1.0000,-1,-1,-1
72,684,1757.51,742.25,225.25,134.71,1.0000,-1,-1,-1
72,686,823.25,393.51,91.91,50.23,1.0000,-1,-1,-1
72,687,1794.26,724.46,152.53,128.90,1.0000,-1,-1,-1
72,690,1368.39,705.33,1605.44,360.98,1.0000,-1,-1,-1
72,692,771.31,-10.27,185.95,218.05,1.0000,-1,-1,-1
72,693,1063.36,211.96,28.39,27.35,1.0000,-1,-1,-1
72,695,621.87,424.28,90.49,86.93,0.2482,-1,-1,-1
72,697,332.71,714.71,55.38,39.22,1.0000,-1,-1,-1
72,698,771.30,-233.60,59.50,71.59,1.0000,-1,-1,-1
72,700,259.08,981.33,141.83,99.86,1.0000,-1,-1,-1
72,703,-89.48,558.08,181.23,202.05,1.0000,-1,-1,-1
72,704,1229.56,580.72,273.83,190.47,1.0000,-1,-1,-1
72,705,650.39,909.98,151.53,139.34,1.0000,-1,-1,-1
72,708,-33.57,1.05,567.94,333.08,0.0116,-1,-1,-1
72,711,1760.72,708.19,149.41,138.06,1.0000,-1,-1,-1
72,712,409.42,586.47,95.55,89.19,0.8953,-1,-1,-1
72,714,-36.10,98.12,100.63,68.47,1.0000,-1,-1,-1
72,715,1866.77,737.06,81.29,169.97,1.0000,-1,-1,-1
72,716,925.24,315.12,23.01,12.02,1.0000,-1,-1,-1
72,717,1688.57,858.78,34.80,208.50,1.0000,-1,-1,-1
72,719,704.25,1.20,56.82,103.47,1.0000,-1,-1,-1
72,720,1697.21,1041.68,169.91,36.44,1.0000,-1,-1,-1
72,723,1887.04,994.98,123.29,81.86,1.0000,-1,-1,-1
72,727,1897.12,699.85,14.24,46.58,1.0000,-1,-1,-1
72,730,577.60,777.39,73.06,68.29,1.0000,-1,-1,-1
72,746,426.20,1531.85,-364.30,-447.24,1.0000,-1,-1,-1
72,749,988.30,385.85,27.54,22.12,1.0000,-1,-1,-1
72,758,1307.47,380.73,-47.06,-63.01,1.0000,-1,-1,-1
72,762,241.76,1044.49,85.88,34.28,1.0000,-1,-1,-1
72,764,878.75,652.58,73.78,82.25,1.0000,-1,-1,-1
72,766,836.48,792.29,61.65,76.55,1.0000,-1,-1,-1
72,769,178.64,1021.16,88.31,56.66,1.0000,-1,-1,-1
72,771,708.57,953.08,400.53,124.75,1.0000,-1,-1,-1
72,772,406.74,784.18,-41.44,-59.65,1.0000,-1,-1,-1
72,775,937.08,683.96,111.88,94.42,0.8369,-1,-1,-1
72,780,910.03,353.33,222.58,96.08,1.0000,-1,-1,-1
72,783,846.23,596.54,91.52,87.63,0.8699,-1,-1,-1
72,785,1693.35,851.71,376.21,331.41,1.0000,-1,-1,-1
72,790,967.64,253.79,84.27,73.98,1.0000,-1,-1,-1
72,796,676.24,-2.83,92.15,68.45,0.5714,-1,-1,-1
72,797,1104.59,301.09,95.07,58.05,1.0000,-1,-1,-1
72,799,648.19,506.85,171.58,132.76,0.6837,-1,-1,-1
72,801,785.98,437.68,62.26,59.59,0.8147,-1,-1,-1
72,803,1707.94,695.52,93.20,112.29,1.0000,-1,-1,-1
72,809,679.45,491.43,37.28,35.27,1.0000,-1,-1,-1
72,810,969.69,160.71,149.80,108.06,0.8354,-1,-1,-1
72,813,1310.50,561.62,73.63,83.32,0.8669,-1,-1,-1
72,817,1183.76,667.95,268.42,164.41,1.0000,-1,-1,-1
72,819,1144.09,281.19,39.54,48.24,1.0000,-1,-1,-1
72,820,1629.88,1039.54,168.35,37.12,1.0000,-1,-1,-1
72,821,1054.38,732.27,51.79,54.38,1.0000,-1,-1,-1
72,822,925.27,271.07,139.62,112.73,1.0000,-1,-1,-1
72,829,1027.10,272.93,96.78,71.91,0.8070,-1,-1,-1
72,830,897.35,792.18,106.09,116.17,1.0000,-1,-1,-1
72,839,1011.40,738.17,140.23,131.83,0.8751,-1,-1,-1
72,840,1187.19,756.97,162.41,178.40,0.8037,-1,-1,-1
72,841,1753.69,24.13,104.78,345.58,0.9573,-1,-1,-1
72,846,334.79,459.65,124.77,117.87,0.1220,-1,-1,-1
72,849,825.78,692.62,89.34,92.65,0.1183,-1,-1,-1
72,851,1289.11,642.66,92.09,85.46,0.7421,-1,-1,-1
72,852,503.93,101.51,177.27,84.64,0.0738,-1,-1,-1
72,858,237.62,698.66,88.95,88.00,0.6747,-1,-1,-1
72,859,521.57,994.47,304.56,81.49,1.0000,-1,-1,-1
72,864,914.03,411.71,28.38,41.47,1.0000,-1,-1,-1
72,867,1007.99,228.51,88.40,46.34,0.0162,-1,-1,-1
72,876,81.94,305.60,56.38,91.51,1.0000,-1,-1,-1
72,877,1262.63,231.89,64.21,52.74,1.0000,-1,-1,-1
72,879,1161.10,627.06,137.19,97.47,0.8333,-1,-1,-1
72,880,164.02,922.70,83.11,132.11,1.0000,-1,-1,-1
72,883,702.63,391.66,102.72,76.28,0.8481,-1,-1,-1
72,887,469.27,895.83,114.46,119.04,0.7886,-1,-1,-1
72,888,963.15,888.55,59.92,60.21,1.0000,-1,-1,-1
72,889,20.45,359.21,48.12,99.57,0.0101,-1,-1,-1
72,891,805.79,1003.41,125.29,73.44,1.0000,-1,-1,-1
72,892,1864.24,929.46,24.98,145.29,0.0379,-1,-1,-1
72,899,87.79,1018.42,70.41,46.27,1.0000,-1,-1,-1
72,902,44.64,942.12,189.82,123.71,1.0000,-1,-1,-1
72,905,1123.15,293.99,75.91,75.08,0.0127,-1,-1,-1
72,907,1265.86,648.79,45.81,38.06,1.0000,-1,-1,-1
72,916,573.76,401.09,105.59,104.33,0.7371,-1,-1,-1
72,917,517.25,773.49,66.46,74.48,0.0220,-1,-1,-1
72,919,965.88,13.22,106.77,115.08,0.0364,-1,-1,-1
72,926,960.92,374.68,126.77,97.53,0.0241,-1,-1,-1
72,934,882.62,450.81,74.15,48.37,0.0177,-1,-1,-1
72,935,223.61,704.42,65.18,79.13,0.0374,-1,-1,-1
73,5,1249.86,916.02,161.78,154.04,1.0000,-1,-1,-1
73,6,560.23,472.25,72.81,66.07,1.0000,-1,-1,-1
73,119,1628.34,782.61,181.95,141.26,1.0000,-1,-1,-1
73,127,1626.23,773.13,297.27,273.47,1.0000,-1,-1,-1
73,135,1117.20,320.23,40.04,42.55,1.0000,-1,-1,-1
73,152,2089.97,1198.86,-315.53,-118.63,1.0000,-1,-1,-1
73,156,2070.81,889.86,234.97,240.11,1.0000,-1,-1,-1
73,183,1235.62,322.30,96.57,91.53,0.9006,-1,-1,-1
73,233,1909.48,740.95,35.46,143.09,1.0000,-1,-1,-1
73,245,768.35,119.41,176.01,170.66,0.2743,-1,-1,-1
73,251,2056.29,468.05,155.61,159.99,1.0000,-1,-1,-1
73,270,1253.53,1177.49,-256.81,-97.88,1.0000,-1,-1,-1
73,310,210.55,437.86,135.77,138.57,0.7901,-1,-1,-1
73,348,888.24,478.89,47.86,48.95,1.0000,-1,-1,-1
73,353,2100.88,1088.47,157.94,163.03,1.0000,-1,-1,-1
73,354,1534.38,784.40,134.66,144.98,1.0000,-1,-1,-1
73,360,1116.69,295.99,79.52,78.87,0.0408,-1,-1,-1
73,399,1170.04,655.99,260.60,356.19,1.0000,-1,-1,-1
73,423,1373.54,161.80,-150.76,-130.10,1.0000,-1,-1,-1
73,436,1570.60,285.90,35.15,32.46,1.0000,-1,-1,-1
73,447,823.93,363.54,139.40,128.25,0.8789,-1,-1,-1
73,472,1413.94,584.79,198.47,177.82,0.2578,-1,-1,-1
73,473,463.74,569.46,210.76,214.83,1.0000,-1,-1,-1
73,475,1345.42,623.52,-122.15,-166.72,1.0000,-1,-1,-1
73,476,754.71,504.70,73.53,109.11,1.0000,-1,-1,-1
73,477,1092.43,-522.80,519.83,283.73,1.0000,-1,-1,-1
73,480,1544.39,1042.06,60.90,40.15,1.0000,-1,-1,-1
73,483,547.66,546.19,188.47,132.92,1.0000,-1,-1,-1
73,489,1102.59,633.91,117.83,109.14,1.0000,-1,-1,-1
73,490,1164.10,194.55,15.29,19.68,1.0000,-1,-1,-1
73,491,440.47,291.89,91.85,89.27,0.8635,-1,-1,-1
73,495,628.73,206.11,-72.66,-45.25,1.0000,-1,-1,-1
73,497,1028.28,37.20,162.77,159.25,0.8121,-1,-1,-1
73,498,1014.26,239.46,62.14,67.55,1.0000,-1,-1,-1
73,505,1211.56,826.48,150.60,120.70,1.0000,-1,-1,-1
73,509,1045.84,757.97,90.42,78.47,1.0000,-1,-1,-1
73,512,810.74,713.66,27.58,22.69,1.0000,-1,-1,-1
73,522,439.85,339.04,589.61,709.08,1.0000,-1,-1,-1
73,525,2557.51,864.03,-2981.37,-5084.51,1.0000,-1,-1,-1
73,527,-56.34,485.09,212.88,178.22,1.0000,-1,-1,-1
73,529,-835.49,9.23,2553.55,1469.58,1.0000,-1,-1,-1
73,532,728.23,573.07,397.22,256.82,1.0000,-1,-1,-1
73,535,977.62,530.53,155.87,130.04,1.0000,-1,-1,-1
73,536,601.86,600.90,77.87,107.40,1.0000,-1,-1,-1
73,540,1359.00,846.89,153.42,152.40,1.0000,-1,-1,-1
73,543,1523.25,622.01,140.69,108.21,1.0000,-1,-1,-1
73,550,663.82,161.52,97.42,106.99,0.1759,-1,-1,-1
73,552,329.31,-3.10,-492.08,-754.42,1.0000,-1,-1,-1
73,562,478.74,-43.48,2754.71,1112.38,1.0000,-1,-1,-1
73,570,914.72,413.89,83.45,83.48,1.0000,-1,-1,-1
73,573,1004.69,1550.10,-232.34,-234.30,1.0000,-1,-1,-1
73,576,1157.24,5.50,1381.25,438.17,1.0000,-1,-1,-1
73,578,1013.63,390.03,55.04,140.37,1.0000,-1,-1,-1
73,579,1081.10,790.38,0.94,1.12,1.0000,-1,-1,-1
73,580,-42.02,1027.17,-238.83,-328.17,1.0000,-1,-1,-1
73,584,1197.03,487.82,46.66,45.76,1.0000,-1,-1,-1
73,586,1252.10,427.17,-129.48,-112.17,1.0000,-1,-1,-1
73,589,1320.82,746.51,64.31,53.69,1.0000,-1,-1,-1
73,593,888.19,599.99,-111.24,-69.61,1.0000,-1,-1,-1
73,594,180.24,629.45,115.55,96.19,0.4696,-1,-1,-1
73,595,188.65,1166.13,-446.81,-1186.10,1.0000,-1,-1,-1
73,596,342.77,1095.45,-169.77,-195.56,1.0000,-1,-1,-1
73,597,989.48,878.89,57.84,42.96,1.0000,-1,-1,-1
73,598,1355.72,730.84,-359.21,-326.01,1.0000,-1,-1,-1
73,599,1235.89,1069.60,407.26,344.83,1.0000,-1,-1,-1
73,601,1112.19,947.44,-63.36,-97.76,1.0000,-1,-1,-1
73,606,1014.95,909.69,36.10,29.22,1.0000,-1,-1,-1
73,613,87.67,483.48,255.12,330.97,1.0000,-1,-1,-1
73,615,903.35,446.77,127.48,130.27,1.0000,-1,-1,-1
73,621,1195.74,768.03,118.00,138.62,1.0000,-1,-1,-1
73,622,1223.13,773.71,69.45,62.01,1.0000,-1,-1,-1
73,623,406.77,48.81,379.19,194.73,1.0000,-1,-1,-1
73,624,1635.39,1202.56,-118.11,-135.76,1.0000,-1,-1,-1
73,626,379.94,521.49,52.19,40.79,1.0000,-1,-1,-1
73,630,33.91,1111.82,-82.02,-314.69,1.0000,-1,-1,-1
73,634,502.18,802.06,-121.08,-87.23,1.0000,-1,-1,-1
73,636,268.20,695.97,106.44,93.29,0.3394,-1,-1,-1
73,642,1403.46,532.61,35.36,36.34,1.0000,-1,-1,-1
73,643,276.57,1168.42,-118.80,-66.39,1.0000,-1,-1,-1
73,644,414.57,479.21,107.12,104.77,1.0000,-1,-1,-1
73,646,1252.03,491.66,101.04,93.22,0.3699,-1,-1,-1
73,657,1269.40,480.39,66.36,66.09,1.0000,-1,-1,-1
73,663,384.18,696.83,114.69,110.24,0.8762,-1,-1,-1
73,668,1519.55,373.56,205.08,145.98,0.8712,-1,-1,-1
73,669,-73.52,755.79,249.54,309.35,1.0000,-1,-1,-1
73,673,228.24,794.96,66.73,73.23,1.0000,-1,-1,-1
73,675,1287.31,772.20,141.47,178.94,1.0000,-1,-1,-1
73,678,186.65,1126.40,-89.18,-44.86,1.0000,-1,-1,-1
73,681,365.51,203.34,699.54,635.48,1.0000,-1,-1,-1
73,684,1757.75,743.33,230.50,137.85,1.0000,-1,-1,-1
73,686,828.79,388.89,93.80,51.26,1.0000,-1,-1,-1
73,687,1793.14,724.35,157.98,133.50,1.0000,-1,-1,-1
73,690,1354.97,689.40,1674.01,376.40,1.0000,-1,-1,-1
73,692,759.04,-13.15,191.75,224.85,1.0000,-1,-1,-1
73,693,1055.26,206.59,26.35,25.38,1.0000,-1,-1,-1
73,695,617.41,445.13,71.08,64.59,0.1983,-1,-1,-1
73,697,333.95,713.62,52.66,37.29,1.0000,-1,-1,-1
73,698,741.31,-278.67,54.94,66.10,1.0000,-1,-1,-1
73,700,267.40,978.98,145.64,102.55,1.0000,-1,-1,-1
73,703,-108.97,567.01,184.27,205.45,1.0000,-1,-1,-1
73,704,1225.92,572.57,285.17,198.36,1.0000,-1,-1,-1
73,705,651.72,909.56,150.82,138.68,1.0000,-1,-1,-1
73,708,-50.25,2.09,595.51,356.07,0.0315,-1,-1,-1
73,711,1757.00,707.12,156.00,144.15,1.0000,-1,-1,-1
73,712,399.80,584.04,100.88,95.08,0.9019,-1,-1,-1
73,714,-38.80,95.60,103.44,70.38,1.0000,-1,-1,-1
73,715,1864.93,736.44,84.92,177.55,1.0000,-1,-1,-1
73,716,924.41,319.25,18.36,9.59,1.0000,-1,-1,-1
73,717,1675.27,852.07,35.85,214.84,1.0000,-1,-1,-1
73,719,704.92,1.21,54.63,99.49,1.0000,-1,-1,-1
73,720,1700.40,1041.52,170.48,36.56,1.0000,-1,-1,-1
73,723,1897.20,995.97,122.15,81.10,1.0000,-1,-1,-1
73,727,1896.82,699.21,14.03,45.91,1.0000,-1,-1,-1
73,730,579.51,783.73,72.74,67.99,1.0000,-1,-1,-1
73,746,445.08,1573.85,-397.98,-488.58,1.0000,-1,-1,-1
73,749,990.94,392.23,23.51,18.88,1.0000,-1,-1,-1
73,758,1310.35,386.05,-56.34,-75.43,1.0000,-1,-1,-1
73,762,244.66,1043.98,87.23,34.82,1.0000,-1,-1,-1
73,764,879.43,655.06,74.07,82.57,1.0000,-1,-1,-1
73,766,838.93,794.69,61.16,75.95,1.0000,-1,-1,-1
73,769,174.97,1019.47,90.93,58.34,1.0000,-1,-1,-1
73,771,709.58,948.11,416.96,129.87,1.0000,-1,-1,-1
73,772,411.75,794.09,-51.53,-74.17,1.0000,-1,-1,-1
73,775,944.64,647.25,109.47,92.70,0.8245,-1,-1,-1
73,780,906.74,357.92,232.73,100.46,1.0000,-1,-1,-1
73,783,835.66,604.04,92.34,87.74,0.7316,-1,-1,-1
73,785,1682.90,853.82,397.03,349.75,1.0000,-1,-1,-1
73,790,961.31,251.96,84.92,74.55,1.0000,-1,-1,-1
73,796,663.55,-1.83,91.82,65.22,0.6286,-1,-1,-1
73,797,1092.61,300.93,97.16,59.33,1.0000,-1,-1,-1
73,799,645.24,530.64,165.87,130.72,0.7076,-1,-1,-1
73,801,777.84,445.60,65.93,62.90,0.7732,-1,-1,-1
73,803,1700.58,693.10,93.22,112.31,1.0000,-1,-1,-1
73,809,667.43,471.98,31.88,30.16,1.0000,-1,-1,-1
73,810,965.47,165.85,148.23,109.68,0.8848,-1,-1,-1
73,813,1296.71,556.34,74.96,83.71,0.8505,-1,-1,-1
73,817,1176.96,669.41,284.55,174.30,1.0000,-1,-1,-1
73,819,1140.44,281.79,39.37,48.03,1.0000,-1,-1,-1
73,820,1629.20,1039.56,167.80,37.00,1.0000,-1,-1,-1
73,821,1053.20,731.07,51.11,53.67,1.0000,-1,-1,-1
73,822,909.23,271.99,146.36,118.17,1.0000,-1,-1,-1
73,829,1023.40,279.47,92.82,69.93,0.8553,-1,-1,-1
73,830,891.53,793.21,104.97,114.95,1.0000,-1,-1,-1
73,839,997.84,736.14,137.10,129.46,0.8573,-1,-1,-1
73,840,1186.37,770.30,162.67,180.48,0.6640,-1,-1,-1
73,841,1739.79,21.79,115.85,348.01,0.9536,-1,-1,-1
73,846,325.52,474.80,123.78,116.90,0.2125,-1,-1,-1
73,849,819.40,707.45,86.15,89.39,0.1103,-1,-1,-1
73,851,1294.61,645.54,89.69,84.09,0.5633,-1,-1,-1
73,852,501.20,103.94,178.21,85.08,0.0860,-1,-1,-1
73,858,232.00,698.11,90.87,89.91,1.0000,-1,-1,-1
73,859,514.85,993.82,306.17,81.92,1.0000,-1,-1,-1
73,864,915.01,412.32,17.12,25.01,1.0000,-1,-1,-1
73,867,999.37,226.52,92.10,48.27,1.0000,-1,-1,-1
73,876,76.12,306.20,56.40,91.54,1.0000,-1,-1,-1
73,877,1259.58,230.49,68.10,55.94,1.0000,-1,-1,-1
73,879,1156.54,622.60,134.28,96.85,0.3153,-1,-1,-1
73,880,185.70,924.28,83.18,132.21,1.0000,-1,-1,-1
73,883,699.37,396.00,101.62,76.82,0.7896,-1,-1,-1
73,887,455.06,902.94,119.78,124.20,0.0468,-1,-1,-1
73,888,963.99,888.87,55.04,55.31,1.0000,-1,-1,-1
73,889,12.06,358.77,48.38,100.09,1.0000,-1,-1,-1
73,891,806.47,1005.46,122.96,72.07,1.0000,-1,-1,-1
73,892,1858.75,947.06,22.40,130.30,1.0000,-1,-1,-1
73,899,96.98,1016.93,70.95,46.63,1.0000,-1,-1,-1
73,902,34.71,943.02,188.78,123.04,1.0000,-1,-1,-1
73,905,1117.81,299.67,81.38,80.48,1.0000,-1,-1,-1
73,907,1272.05,649.78,31.68,26.32,1.0000,-1,-1,-1
73,916,584.73,378.45,114.03,112.68,0.8522,-1,-1,-1
73,917,474.16,776.28,65.32,72.70,0.0373,-1,-1,-1
73,919,965.88,18.28,111.02,118.95,0.0406,-1,-1,-1
73,926,967.86,370.90,129.06,99.30,1.0000,-1,-1,-1
73,934,889.49,464.04,59.56,38.43,0.0148,-1,-1,-1
73,935,211.18,710.61,65.65,78.53,0.4329,-1,-1,-1
73,939,1752.63,996.04,132.42,78.56,0.0159,-1,-1,-1
73,943,644.16,489.33,102.69,70.55,0.7327,-1,-1,-1
73,947,1541.37,37.57,170.31,69.67,0.0613,-1,-1,-1
74,5,1252.81,926.46,163.97,156.13,1.0000,-1,-1,-1
74,6,564.59,474.05,72.24,65.55,1.0000,-1,-1,-1
74,119,1631.11,786.12,183.99,142.85,1.0000,-1,-1,-1
74,127,1636.18,773.58,301.53,277.38,1.0000,-1,-1,-1
74,135,1119.80,322.96,38.65,41.07,1.0000,-1,-1,-1
74,152,2110.99,1206.71,-336.15,-126.38,1.0000,-1,-1,-1
74,156,2087.09,896.42,237.00,242.19,1.0000,-1,-1,-1
74,183,1231.97,337.13,95.51,91.28,0.8863,-1,-1,-1
74,233,1912.50,749.01,34.21,138.05,1.0000,-1,-1,-1
74,245,772.58,116.47,175.70,174.24,0.2048,-1,-1,-1
74,251,2070.99,469.54,156.40,160.80,1.0000,-1,-1,-1
74,270,1278.65,1186.52,-280.20,-106.79,1.0000,-1,-1,-1
74,310,199.87,451.29,132.72,133.29,0.8512,-1,-1,-1
74,348,891.16,485.17,47.23,48.31,1.0000,-1,-1,-1
74,353,2114.62,1096.68,157.12,162.18,1.0000,-1,-1,-1
74,354,1557.55,793.06,132.95,143.14,1.0000,-1,-1,-1
74,360,1113.14,302.56,78.29,77.08,0.0568,-1,-1,-1
74,399,1174.67,649.45,264.20,361.11,1.0000,-1,-1,-1
74,423,1403.12,147.45,-161.47,-139.35,1.0000,-1,-1,-1
74,436,1587.10,285.27,32.55,30.06,1.0000,-1,-1,-1
74,447,811.76,381.65,140.46,129.29,0.8652,-1,-1,-1
74,472,1405.42,611.72,196.13,176.74,0.3336,-1,-1,-1
74,473,465.20,572.04,214.57,218.72,1.0000,-1,-1,-1
74,476,766.67,507.57,71.95,106.77,1.0000,-1,-1,-1
74,477,1110.85,-545.61,529.77,289.16,1.0000,-1,-1,-1
74,480,1588.94,1076.94,10.87,7.17,1.0000,-1,-1,-1
74,483,552.10,562.17,189.71,133.79,1.0000,-1,-1,-1
74,489,1114.59,633.79,119.43,110.62,1.0000,-1,-1,-1
74,491,433.44,300.67,93.90,90.89,0.8563,-1,-1,-1
74,495,639.22,213.22,-80.89,-50.38,1.0000,-1,-1,-1
74,497,1027.99,54.04,153.71,154.05,0.7288,-1,-1,-1
74,509,1047.09,770.98,90.09,78.19,1.0000,-1,-1,-1
74,512,808.85,711.84,24.02,19.76,1.0000,-1,-1,-1
74,522,429.34,334.63,605.94,728.72,1.0000,-1,-1,-1
74,527,-71.91,491.32,215.01,180.00,1.0000,-1,-1,-1
74,529,-860.45,9.44,2621.57,1508.72,1.0000,-1,-1,-1
74,532,728.34,571.44,406.34,262.72,1.0000,-1,-1,-1
74,535,981.10,526.15,157.48,131.38,1.0000,-1,-1,-1
74,536,606.28,603.91,78.51,108.28,1.0000,-1,-1,-1
74,540,1363.95,858.44,156.30,155.27,1.0000,-1,-1,-1
74,543,1524.72,633.93,140.61,108.15,1.0000,-1,-1,-1
74,550,662.23,168.74,96.00,107.04,0.0304,-1,-1,-1
74,552,341.86,-3.37,-522.92,-801.69,1.0000,-1,-1,-1
74,562,435.91,-79.01,2841.99,1147.63,1.0000,-1,-1,-1
74,570,918.25,414.80,82.87,82.91,1.0000,-1,-1,-1
74,573,1038.85,1579.52,-249.79,-251.89,1.0000,-1,-1,-1
74,576,1142.24,5.59,1425.33,452.15,1.0000,-1,-1,-1
74,578,1018.36,392.87,54.24,138.34,1.0000,-1,-1,-1
74,579,1091.54,800.71,-2.24,-2.69,1.0000,-1,-1,-1
74,580,-43.57,1050.32,-252.32,-346.70,1.0000,-1,-1,-1
74,584,1201.15,492.96,46.61,45.71,1.0000,-1,-1,-1
74,586,1262.42,431.13,-137.73,-119.31,1.0000,-1,-1,-1
74,589,1323.98,755.13,63.91,53.35,1.0000,-1,-1,-1
74,593,901.12,608.01,-122.18,-76.46,1.0000,-1,-1,-1
74,594,159.30,632.58,118.22,98.37,0.6311,-1,-1,-1
74,595,196.67,1211.32,-472.76,-1254.98,1.0000,-1,-1,-1
74,596,348.07,1112.61,-180.69,-208.14,1.0000,-1,-1,-1
74,597,993.25,881.79,56.31,41.82,1.0000,-1,-1,-1
74,598,1375.87,731.79,-380.00,-344.88,1.0000,-1,-1,-1
74,599,1221.42,1083.12,419.37,355.08,1.0000,-1,-1,-1
74,601,1126.11,959.04,-68.22,-105.26,1.0000,-1,-1,-1
74,606,1018.36,913.85,32.18,26.05,1.0000,-1,-1,-1
74,613,79.84,494.04,257.73,334.36,1.0000,-1,-1,-1
74,615,905.34,445.99,130.80,133.65,1.0000,-1,-1,-1
74,621,1199.90,763.06,116.75,137.16,1.0000,-1,-1,-1
74,622,1229.62,772.10,68.87,61.49,1.0000,-1,-1,-1
74,623,410.10,50.78,387.39,198.94,1.0000,-1,-1,-1
74,624,1641.08,1215.14,-126.15,-145.00,1.0000,-1,-1,-1
74,626,374.82,525.71,47.72,37.29,1.0000,-1,-1,-1
74,630,34.73,1139.12,-87.16,-334.42,1.0000,-1,-1,-1
74,634,512.95,807.87,-133.20,-95.96,1.0000,-1,-1,-1
74,636,263.09,688.97,115.44,101.18,0.7707,-1,-1,-1
74,642,1412.25,541.34,32.04,32.93,1.0000,-1,-1,-1
74,643,284.37,1177.54,-132.12,-73.83,1.0000,-1,-1,-1
74,644,410.40,490.69,106.60,104.26,1.0000,-1,-1,-1
74,646,1244.50,503.53,101.50,93.61,0.3699,-1,-1,-1
74,657,1268.46,492.08,67.16,66.89,1.0000,-1,-1,-1
74,663,373.40,707.25,114.77,109.57,0.8523,-1,-1,-1
74,668,1505.25,396.33,202.35,146.82,0.9064,-1,-1,-1
74,669,-80.33,764.57,261.31,323.95,1.0000,-1,-1,-1
74,673,227.36,798.55,66.81,73.32,1.0000,-1,-1,-1
74,675,1287.26,772.84,141.87,179.45,1.0000,-1,-1,-1
74,678,186.22,1130.59,-97.20,-48.89,1.0000,-1,-1,-1
74,681,355.95,185.11,727.51,660.88,1.0000,-1,-1,-1
74,684,1757.99,744.41,235.74,140.98,1.0000,-1,-1,-1
74,686,834.34,384.28,95.69,52.29,1.0000,-1,-1,-1
74,687,1792.02,724.25,163.43,138.10,1.0000,-1,-1,-1
74,690,1341.56,673.46,1742.58,391.82,1.0000,-1,-1,-1
74,692,746.77,-16.03,197.56,231.66,1.0000,-1,-1,-1
74,693,1047.16,201.21,24.30,23.41,1.0000,-1,-1,-1
74,695,604.01,439.83,81.37,73.27,0.6574,-1,-1,-1
74,697,335.19,712.52,49.94,35.37,1.0000,-1,-1,-1
74,698,711.32,-323.73,50.37,60.60,1.0000,-1,-1,-1
74,700,275.73,976.62,149.45,105.23,1.0000,-1,-1,-1
74,703,-128.46,575.94,187.32,208.84,1.0000,-1,-1,-1
74,704,1222.28,564.42,296.50,206.24,1.0000,-1,-1,-1
74,705,653.05,909.14,150.10,138.02,1.0000,-1,-1,-1
74,708,-66.05,0.77,620.14,379.70,0.0472,-1,-1,-1
74,711,1753.27,706.05,162.59,150.24,1.0000,-1,-1,-1
74,712,391.56,579.05,106.42,102.93,0.7804,-1,-1,-1
74,714,-41.49,93.07,106.24,72.29,1.0000,-1,-1,-1
74,715,1863.10,735.82,88.54,185.13,1.0000,-1,-1,-1
74,716,923.57,323.38,13.71,7.16,1.0000,-1,-1,-1
74,717,1661.96,845.35,36.91,221.18,1.0000,-1,-1,-1
74,719,705.59,1.22,52.45,95.50,1.0000,-1,-1,-1
74,720,1703.60,1041.36,171.06,36.69,1.0000,-1,-1,-1
74,723,1907.36,996.96,121.01,80.34,1.0000,-1,-1,-1
74,727,1896.51,698.57,13.83,45.24,1.0000,-1,-1,-1
74,730,581.43,790.07,72.41,67.68,1.0000,-1,-1,-1
74,746,463.97,1615.85,-431.65,-529.92,1.0000,-1,-1,-1
74,749,993.58,398.62,19.48,15.64,1.0000,-1,-1,-1
74,758,1313.23,391.37,-65.61,-87.85,1.0000,-1,-1,-1
74,762,247.55,1043.47,88.57,35.36,1.0000,-1,-1,-1
74,764,880.11,657.55,74.35,82.88,1.0000,-1,-1,-1
74,766,841.39,797.09,60.68,75.34,1.0000,-1,-1,-1
74,769,171.30,1017.77,93.55,60.02,1.0000,-1,-1,-1
74,771,710.60,943.13,433.38,134.98,1.0000,-1,-1,-1
74,772,416.75,803.99,-61.61,-88.68,1.0000,-1,-1,-1
74,775,939.93,651.20,110.87,93.88,1.0000,-1,-1,-1
74,780,903.45,362.51,242.87,104.83,1.0000,-1,-1,-1
74,783,827.68,612.00,92.49,87.29,0.7800,-1,-1,-1
74,785,1672.45,855.93,417.85,368.09,1.0000,-1,-1,-1
74,790,954.98,250.12,85.57,75.12,1.0000,-1,-1,-1
74,796,651.98,-1.60,94.72,64.73,0.6352,-1,-1,-1
74,797,1080.63,300.77,99.25,60.61,1.0000,-1,-1,-1
74,799,641.79,552.92,161.81,129.46,0.8225,-1,-1,-1
74,801,771.87,456.49,65.34,61.70,0.5690,-1,-1,-1
74,803,1693.23,690.68,93.23,112.33,1.0000,-1,-1,-1
74,809,655.42,452.54,26.48,25.05,1.0000,-1,-1,-1
74,810,962.83,172.72,144.45,109.60,0.8614,-1,-1,-1
74,813,1283.80,557.86,73.36,79.99,0.8550,-1,-1,-1
74,817,1170.15,670.88,300.69,184.18,1.0000,-1,-1,-1
74,819,1136.80,282.39,39.20,47.82,1.0000,-1,-1,-1
74,820,1628.52,1039.58,167.25,36.88,1.0000,-1,-1,-1
74,821,1052.03,729.88,50.44,52.96,1.0000,-1,-1,-1
74,822,893.18,272.91,153.09,123.61,1.0000,-1,-1,-1
74,829,1018.66,283.93,91.83,70.12,0.8549,-1,-1,-1
74,830,885.71,794.24,103.86,113.73,1.0000,-1,-1,-1
74,839,990.69,732.96,135.05,127.84,0.9027,-1,-1,-1
74,840,1188.02,787.39,158.67,177.49,0.6349,-1,-1,-1
74,841,1730.80,56.95,118.14,314.43,0.9488,-1,-1,-1
74,846,313.91,490.52,122.58,115.60,0.4450,-1,-1,-1
74,849,812.76,721.27,88.58,92.28,0.4811,-1,-1,-1
74,851,1297.72,648.03,90.08,85.16,0.8048,-1,-1,-1
74,852,490.64,104.28,187.86,89.72,0.0719,-1,-1,-1
74,858,226.38,697.56,92.80,91.82,1.0000,-1,-1,-1
74,859,508.14,993.17,307.77,82.35,1.0000,-1,-1,-1
74,864,916.00,412.94,5.86,8.56,1.0000,-1,-1,-1
74,867,990.76,224.53,95.79,50.21,1.0000,-1,-1,-1
74,876,70.29,306.79,56.42,91.57,1.0000,-1,-1,-1
74,877,1256.52,229.09,71.98,59.13,1.0000,-1,-1,-1
74,879,1153.59,618.95,129.19,94.52,0.3577,-1,-1,-1
74,880,207.38,925.87,83.24,132.31,1.0000,-1,-1,-1
74,883,695.44,399.33,100.00,77.18,0.7565,-1,-1,-1
74,887,442.20,902.77,122.01,126.52,1.0000,-1,-1,-1
74,888,964.82,889.19,50.17,50.41,1.0000,-1,-1,-1
74,889,3.66,358.33,48.63,100.61,1.0000,-1,-1,-1
74,891,807.15,1007.50,120.62,70.70,1.0000,-1,-1,-1
74,892,1853.26,964.67,19.83,115.31,1.0000,-1,-1,-1
74,899,106.16,1015.43,71.50,46.99,1.0000,-1,-1,-1
74,902,24.77,943.93,187.75,122.36,1.0000,-1,-1,-1
74,905,1112.48,305.34,86.84,85.89,1.0000,-1,-1,-1
74,907,1278.24,650.77,17.54,14.58,1.0000,-1,-1,-1
74,916,603.38,356.71,107.54,105.87,0.7525,-1,-1,-1
74,917,443.88,778.01,64.85,72.18,1.0000,-1,-1,-1
74,919,967.77,22.85,113.35,121.45,1.0000,-1,-1,-1
74,926,974.79,367.13,131.36,101.06,1.0000,-1,-1,-1
74,934,893.35,473.05,49.14,31.71,1.0000,-1,-1,-1
74,935,188.34,713.32,78.55,92.77,0.2886,-1,-1,-1
74,939,1750.60,998.66,128.69,76.35,1.0000,-1,-1,-1
74,943,633.70,488.60,104.21,71.80,0.5826,-1,-1,-1
74,947,1542.02,46.47,172.60,70.53,0.0197,-1,-1,-1
74,956,305.00,591.29,104.97,107.39,0.7664,-1,-1,-1
74,964,760.79,1009.46,138.42,67.23,0.1454,-1,-1,-1
75,5,1255.76,936.89,166.17,158.22,1.0000,-1,-1,-1
75,6,568.94,475.85,71.67,65.03,1.0000,-1,-1,-1
75,119,1633.88,789.62,186.04,144.44,1.0000,-1,-1,-1
75,127,1646.14,774.04,305.79,281.30,1.0000,-1,-1,-1
75,135,1122.41,325.68,37.26,39.59,1.0000,-1,-1,-1
75,152,2132.01,1214.55,-356.78,-134.13,1.0000,-1,-1,-1
75,156,2103.37,902.97,239.04,244.28,1.0000,-1,-1,-1
75,183,1230.18,349.19,94.91,91.07,0.9120,-1,-1,-1
75,233,1915.52,757.07,32.97,133.02,1.0000,-1,-1,-1
75,245,777.51,116.17,174.58,177.03,0.1638,-1,-1,-1
75,251,2085.69,471.03,157.20,161.62,1.0000,-1,-1,-1
75,270,1303.78,1195.55,-303.59,-115.71,1.0000,-1,-1,-1
75,310,190.26,465.72,133.43,132.52,0.7887,-1,-1,-1
75,348,894.08,491.44,46.61,47.67,1.0000,-1,-1,-1
75,353,2128.37,1104.90,156.30,161.34,1.0000,-1,-1,-1
75,354,1580.73,801.73,131.25,141.30,1.0000,-1,-1,-1
75,360,1107.66,306.99,80.23,79.45,0.0590,-1,-1,-1
75,399,1179.30,642.90,267.81,366.04,1.0000,-1,-1,-1
75,423,1432.70,133.09,-172.19,-148.59,1.0000,-1,-1,-1
75,436,1603.60,284.63,29.95,27.66,1.0000,-1,-1,-1
75,447,797.82,401.27,140.68,129.82,0.9034,-1,-1,-1
75,472,1400.70,640.58,191.43,173.12,0.6082,-1,-1,-1
75,473,466.66,574.61,218.39,222.60,1.0000,-1,-1,-1
75,476,778.63,510.43,70.37,104.43,1.0000,-1,-1,-1
75,480,1633.49,1111.83,-39.16,-25.82,1.0000,-1,-1,-1
75,483,556.54,578.15,190.95,134.67,1.0000,-1,-1,-1
75,489,1126.59,633.67,121.04,112.11,1.0000,-1,-1,-1
75,491,427.30,311.63,92.85,89.13,0.8615,-1,-1,-1
75,495,649.71,220.33,-89.13,-55.51,1.0000,-1,-1,-1
75,497,1023.95,69.77,148.12,151.18,0.8327,-1,-1,-1
75,509,1048.34,784.00,89.76,77.91,1.0000,-1,-1,-1
75,522,418.84,330.21,622.27,748.36,1.0000,-1,-1,-1
75,527,-87.49,497.55,217.14,181.79,1.0000,-1,-1,-1
75,529,-885.41,9.66,2689.58,1547.87,1.0000,-1,-1,-1
75,532,728.45,569.81,415.46,268.62,1.0000,-1,-1,-1
75,535,984.58,521.76,159.09,132.72,1.0000,-1,-1,-1
75,536,610.70,606.93,79.15,109.17,1.0000,-1,-1,-1
75,540,1368.91,869.99,159.19,158.13,1.0000,-1,-1,-1
75,543,1526.19,645.85,140.52,108.08,1.0000,-1,-1,-1
75,550,660.27,174.88,94.50,106.71,0.1256,-1,-1,-1
75,552,354.41,-3.65,-553.75,-848.95,1.0000,-1,-1,-1
75,562,393.07,-114.54,2929.28,1182.87,1.0000,-1,-1,-1
75,570,921.79,415.72,82.30,82.34,1.0000,-1,-1,-1
75,573,1073.01,1608.95,-267.23,-269.47,1.0000,-1,-1,-1
75,576,1127.25,5.67,1469.40,466.13,1.0000,-1,-1,-1
75,578,1023.09,395.71,53.44,136.30,1.0000,-1,-1,-1
75,579,1101.98,811.05,-5.42,-6.51,1.0000,-1,-1,-1
75,580,-45.11,1073.46,-265.81,-365.23,1.0000,-1,-1,-1
75,584,1205.27,498.09,46.56,45.66,1.0000,-1,-1,-1
75,586,1272.75,435.09,-145.98,-126.45,1.0000,-1,-1,-1
75,589,1327.14,763.76,63.50,53.01,1.0000,-1,-1,-1
75,593,914.05,616.03,-133.12,-83.31,1.0000,-1,-1,-1
75,594,138.44,635.68,123.10,102.34,0.5269,-1,-1,-1
75,595,204.69,1256.51,-498.70,-1323.86,1.0000,-1,-1,-1
75,596,353.36,1129.76,-191.61,-220.72,1.0000,-1,-1,-1
75,597,997.01,884.70,54.78,40.69,1.0000,-1,-1,-1
75,598,1396.01,732.73,-400.78,-363.74,1.0000,-1,-1,-1
75,599,1206.95,1096.64,431.47,365.33,1.0000,-1,-1,-1
75,601,1140.03,970.65,-73.08,-112.76,1.0000,-1,-1,-1
75,606,1021.76,918.00,28.27,22.88,1.0000,-1,-1,-1
75,613,72.00,504.60,260.34,337.75,1.0000,-1,-1,-1
75,615,907.34,445.21,134.11,137.03,1.0000,-1,-1,-1
75,621,1204.06,758.09,115.51,135.70,1.0000,-1,-1,-1
75,622,1236.12,770.49,68.28,60.96,1.0000,-1,-1,-1
75,623,413.43,52.75,395.59,203.15,1.0000,-1,-1,-1
75,624,1646.78,1227.73,-134.19,-154.24,1.0000,-1,-1,-1
75,626,369.71,529.93,43.25,33.80,1.0000,-1,-1,-1
75,630,35.55,1166.41,-92.30,-354.16,1.0000,-1,-1,-1
75,634,523.71,813.67,-145.33,-104.70,1.0000,-1,-1,-1
75,636,257.81,686.59,121.69,106.70,0.8108,-1,-1,-1
75,642,1421.03,550.07,28.72,29.52,1.0000,-1,-1,-1
75,643,292.16,1186.66,-145.44,-81.28,1.0000,-1,-1,-1
75,644,406.24,502.17,106.09,103.76,1.0000,-1,-1,-1
75,646,1241.69,512.81,103.37,94.85,0.0193,-1,-1,-1
75,657,1267.52,503.77,67.97,67.70,1.0000,-1,-1,-1
75,663,364.94,722.44,112.75,107.02,0.9138,-1,-1,-1
75,668,1500.07,421.24,195.58,144.10,0.8748,-1,-1,-1
75,669,-87.13,773.34,273.09,338.54,1.0000,-1,-1,-1
75,673,226.49,802.14,66.90,73.41,1.0000,-1,-1,-1
75,675,1287.21,773.48,142.28,179.95,1.0000,-1,-1,-1
75,678,185.79,1134.78,-105.21,-52.92,1.0000,-1,-1,-1
75,681,346.39,166.89,755.47,686.28,1.0000,-1,-1,-1
75,684,1758.23,745.49,240.99,144.12,1.0000,-1,-1,-1
75,686,839.88,379.67,97.58,53.33,1.0000,-1,-1,-1
75,687,1790.89,724.14,168.88,142.71,1.0000,-1,-1,-1
75,690,1328.14,657.53,1811.15,407.24,1.0000,-1,-1,-1
75,692,734.50,-18.92,203.36,238.47,1.0000,-1,-1,-1
75,693,1039.07,195.84,22.26,21.45,1.0000,-1,-1,-1
75,695,589.53,434.35,91.63,82.94,0.7952,-1,-1,-1
75,697,336.44,711.42,47.23,33.45,1.0000,-1,-1,-1
75,698,681.33,-368.79,45.80,55.11,1.0000,-1,-1,-1
75,700,284.05,974.26,153.26,107.91,1.0000,-1,-1,-1
75,703,-147.95,584.87,190.36,212.23,1.0000,-1,-1,-1
75,704,1218.64,556.26,307.84,214.12,1.0000,-1,-1,-1
75,705,654.38,908.73,149.39,137.37,1.0000,-1,-1,-1
75,708,-79.88,5.42,640.68,403.03,0.0955,-1,-1,-1
75,711,1749.55,704.97,169.18,156.33,1.0000,-1,-1,-1
75,712,387.07,579.27,106.35,105.00,0.8558,-1,-1,-1
75,714,-44.18,90.55,109.05,74.20,1.0000,-1,-1,-1
75,715,1861.26,735.19,92.17,192.71,1.0000,-1,-1,-1
75,716,922.74,327.51,9.05,4.73,1.0000,-1,-1,-1
75,717,1648.65,838.64,37.97,227.51,1.0000,-1,-1,-1
75,719,706.26,1.23,50.26,91.52,1.0000,-1,-1,-1
75,720,1706.79,1041.19,171.63,36.81,1.0000,-1,-1,-1
75,723,1917.52,997.94,119.87,79.59,1.0000,-1,-1,-1
75,727,1896.21,697.92,13.63,44.58,1.0000,-1,-1,-1
75,730,583.35,796.42,72.08,67.38,1.0000,-1,-1,-1
75,746,482.85,1657.85,-465.33,-571.26,1.0000,-1,-1,-1
75,749,996.21,405.01,15.44,12.40,1.0000,-1,-1,-1
75,758,1316.12,396.69,-74.89,-100.27,1.0000,-1,-1,-1
75,762,250.44,1042.97,89.92,35.89,1.0000,-1,-1,-1
75,764,880.79,660.03,74.64,83.20,1.0000,-1,-1,-1
75,766,843.84,799.49,60.19,74.74,1.0000,-1,-1,-1
75,769,167.62,1016.07,96.17,61.70,1.0000,-1,-1,-1
75,771,711.61,938.16,449.80,140.10,1.0000,-1,-1,-1
75,772,421.75,813.89,-71.69,-103.20,1.0000,-1,-1,-1
75,775,935.22,655.14,112.27,95.06,1.0000,-1,-1,-1
75,780,900.16,367.10,253.01,109.21,1.0000,-1,-1,-1
75,783,820.51,620.94,93.13,87.75,0.8051,-1,-1,-1
75,785,1662.01,858.04,438.66,386.43,1.0000,-1,-1,-1
75,790,948.65,248.29,86.22,75.69,1.0000,-1,-1,-1
75,796,637.50,-0.45,98.48,65.02,0.0163,-1,-1,-1
75,797,1068.66,300.61,101.34,61.88,1.0000,-1,-1,-1
75,799,638.18,575.50,161.18,131.23,0.5743,-1,-1,-1
75,801,761.25,467.66,67.60,64.60,0.2545,-1,-1,-1
75,803,1685.87,688.26,93.25,112.35,1.0000,-1,-1,-1
75,809,643.40,433.10,21.08,19.94,1.0000,-1,-1,-1
75,810,957.78,178.65,143.46,112.03,0.8744,-1,-1,-1
75,813,1275.94,563.87,72.01,76.12,0.8675,-1,-1,-1
75,817,1163.35,672.34,316.82,194.06,1.0000,-1,-1,-1
75,819,1133.15,282.99,39.03,47.61,1.0000,-1,-1,-1
75,820,1627.84,1039.60,166.71,36.76,1.0000,-1,-1,-1
75,821,1050.85,728.68,49.76,52.26,1.0000,-1,-1,-1
75,822,877.14,273.84,159.83,129.05,1.0000,-1,-1,-1
75,829,1015.41,290.42,89.23,69.14,0.8128,-1,-1,-1
75,830,879.88,795.27,102.75,112.51,1.0000,-1,-1,-1
75,839,995.84,726.41,133.13,126.01,0.8486,-1,-1,-1
75,840,1170.45,802.51,163.37,180.38,0.1042,-1,-1,-1
75,841,1720.00,77.52,126.32,300.75,0.9148,-1,-1,-1
75,846,306.44,477.62,130.55,123.28,0.0322,-1,-1,-1
75,849,809.91,737.57,86.24,89.76,0.1902,-1,-1,-1
75,851,1306.42,653.82,85.84,81.67,0.1298,-1,-1,-1
75,852,486.41,104.88,189.21,90.37,1.0000,-1,-1,-1
75,858,220.77,697.01,94.73,93.73,1.0000,-1,-1,-1
75,859,501.42,992.52,309.38,82.78,1.0000,-1,-1,-1
75,864,916.98,413.55,-5.40,-7.89,1.0000,-1,-1,-1
75,867,982.14,222.53,99.49,52.15,1.0000,-1,-1,-1
75,876,64.47,307.39,56.43,91.60,1.0000,-1,-1,-1
75,877,1253.46,227.69,75.87,62.33,1.0000,-1,-1,-1
75,879,1152.97,617.62,123.25,91.21,0.6059,-1,-1,-1
75,880,229.06,927.45,83.30,132.41,1.0000,-1,-1,-1
75,883,691.87,404.60,99.21,78.33,0.6787,-1,-1,-1
75,887,429.34,902.60,124.23,128.83,1.0000,-1,-1,-1
75,888,965.66,889.51,45.29,45.51,1.0000,-1,-1,-1
75,889,-4.73,357.89,48.88,101.13,1.0000,-1,-1,-1
75,891,807.83,1009.54,118.28,69.33,1.0000,-1,-1,-1
75,892,1847.77,982.27,17.25,100.33,1.0000,-1,-1,-1
75,899,115.35,1013.94,72.05,47.35,1.0000,-1,-1,-1
75,902,14.83,944.83,186.72,121.69,1.0000,-1,-1,-1
75,905,1107.15,311.02,92.31,91.29,1.0000,-1,-1,-1
75,907,1284.42,651.76,3.41,2.83,1.0000,-1,-1,-1
75,916,619.07,343.46,106.35,104.64,0.8381,-1,-1,-1
75,917,413.60,779.75,64.39,71.66,1.0000,-1,-1,-1
75,919,969.65,27.43,115.68,123.95,1.0000,-1,-1,-1
75,926,981.73,363.35,133.66,102.83,1.0000,-1,-1,-1
75,934,897.20,482.07,38.73,24.99,1.0000,-1,-1,-1
75,935,176.46,719.98,76.69,88.77,0.7414,-1,-1,-1
75,939,1748.57,1001.29,124.96,74.14,1.0000,-1,-1,-1
75,943,619.06,485.09,108.95,75.47,0.7568,-1,-1,-1
75,947,1520.19,57.02,176.12,72.33,0.0368,-1,-1,-1
75,956,297.01,581.14,106.42,108.09,0.7872,-1,-1,-1
75,964,757.55,1011.62,134.66,65.40,1.0000,-1,-1,-1
75,969,1872.22,723.84,43.71,152.22,0.0141,-1,-1,-1
75,972,873.35,810.18,112.24,123.08,0.6011,-1,-1,-1
75,974,-144.13,748.82,511.12,323.30,0.0307,-1,-1,-1
76,5,1258.71,947.33,168.36,160.30,1.0000,-1,-1,-1
76,6,573.30,477.66,71.10,64.51,1.0000,-1,-1,-1
76,119,1636.66,793.13,188.08,146.02,1.0000,-1,-1,-1
76,127,1656.10,774.49,310.04,285.22,1.0000,-1,-1,-1
76,135,1125.02,328.40,35.87,38.11,1.0000,-1,-1,-1
76,152,2153.03,1222.39,-377.40,-141.89,1.0000,-1,-1,-1
76,156,2119.64,909.53,241.08,246.36,1.0000,-1,-1,-1
76,183,1229.35,362.66,92.41,88.99,0.9072,-1,-1,-1
76,233,1918.53,765.14,31.72,127.98,1.0000,-1,-1,-1
76,245,784.09,117.07,172.18,177.65,0.0939,-1,-1,-1
76,251,2100.39,472.52,157.99,162.44,1.0000,-1,-1,-1
76,270,1328.90,1204.58,-326.98,-124.62,1.0000,-1,-1,-1
76,310,182.47,481.90,132.39,129.65,0.6406,-1,-1,-1
76,348,897.01,497.72,45.99,47.03,1.0000,-1,-1,-1
76,353,2142.12,1113.12,155.48,160.50,1.0000,-1,-1,-1
76,354,1603.90,810.39,129.54,139.46,1.0000,-1,-1,-1
76,360,1101.78,313.06,79.23,78.69,0.0455,-1,-1,-1
76,399,1183.93,636.35,271.41,370.96,1.0000,-1,-1,-1
76,423,1462.29,118.74,-182.90,-157.83,1.0000,-1,-1,-1
76,436,1620.10,284.00,27.35,25.27,1.0000,-1,-1,-1
76,447,785.33,420.27,140.91,130.23,0.9229,-1,-1,-1
76,472,1393.16,665.95,191.46,174.04,0.4459,-1,-1,-1
76,480,1678.04,1146.71,-89.19,-58.80,1.0000,-1,-1,-1
76,483,560.99,594.14,192.20,135.54,1.0000,-1,-1,-1
76,489,1138.58,633.55,122.64,113.60,1.0000,-1,-1,-1
76,491,422.15,322.31,92.03,87.07,0.8607,-1,-1,-1
76,495,660.21,227.43,-97.37,-60.64,1.0000,-1,-1,-1
76,497,1021.72,86.29,144.45,150.51,0.8056,-1,-1,-1
76,509,1049.59,797.01,89.43,77.62,1.0000,-1,-1,-1
76,527,-103.06,503.78,219.27,183.57,1.0000,-1,-1,-1
76,529,-910.37,9.87,2757.60,1587.01,1.0000,-1,-1,-1
76,532,728.55,568.19,424.58,274.52,1.0000,-1,-1,-1
76,535,988.06,517.38,160.70,134.07,1.0000,-1,-1,-1
76,540,1373.86,881.54,162.07,161.00,1.0000,-1,-1,-1
76,543,1527.66,657.78,140.43,108.01,1.0000,-1,-1,-1
76,550,657.76,181.35,90.45,103.08,0.0318,-1,-1,-1
76,552,366.96,-3.92,-584.58,-896.22,1.0000,-1,-1,-1
76,562,350.24,-150.07,3016.56,1218.12,1.0000,-1,-1,-1
76,570,925.32,416.63,81.73,81.76,1.0000,-1,-1,-1
76,573,1107.17,1638.37,-284.67,-287.06,1.0000,-1,-1,-1
76,576,1112.25,5.76,1513.47,480.11,1.0000,-1,-1,-1
76,578,1027.82,398.55,52.64,134.26,1.0000,-1,-1,-1
76,579,1112.41,821.38,-8.60,-10.33,1.0000,-1,-1,-1
76,580,-46.65,1096.61,-279.30,-383.77,1.0000,-1,-1,-1
76,584,1209.39,503.23,46.51,45.61,1.0000,-1,-1,-1
76,586,1283.07,439.05,-154.22,-133.60,1.0000,-1,-1,-1
76,589,1330.30,772.38,63.10,52.68,1.0000,-1,-1,-1
76,593,926.97,624.05,-144.06,-90.15,1.0000,-1,-1,-1
76,594,116.31,638.15,130.82,109.57,0.6288,-1,-1,-1
76,595,212.70,1301.71,-524.65,-1392.74,1.0000,-1,-1,-1
76,596,358.66,1146.92,-202.54,-233.31,1.0000,-1,-1,-1
76,597,1000.77,887.60,53.25,39.55,1.0000,-1,-1,-1
76,598,1416.16,733.68,-421.57,-382.60,1.0000,-1,-1,-1
76,599,1192.48,1110.16,443.57,375.58,1.0000,-1,-1,-1
76,601,1153.94,982.26,-77.94,-120.26,1.0000,-1,-1,-1
76,606,1025.17,922.15,24.35,19.71,1.0000,-1,-1,-1
76,613,64.16,515.15,262.96,341.14,1.0000,-1,-1,-1
76,615,909.34,444.43,137.42,140.42,1.0000,-1,-1,-1
76,621,1208.21,753.12,114.27,134.24,1.0000,-1,-1,-1
76,622,1242.61,768.89,67.70,60.44,1.0000,-1,-1,-1
76,623,416.76,54.72,403.80,207.37,1.0000,-1,-1,-1
76,624,1652.47,1240.31,-142.23,-163.48,1.0000,-1,-1,-1
76,626,364.59,534.15,38.78,30.30,1.0000,-1,-1,-1
76,630,36.36,1193.70,-97.44,-373.89,1.0000,-1,-1,-1
76,634,534.47,819.47,-157.45,-113.43,1.0000,-1,-1,-1
76,636,255.49,689.07,122.52,107.18,0.8356,-1,-1,-1
76,642,1429.82,558.81,25.40,26.10,1.0000,-1,-1,-1
76,643,299.96,1195.78,-158.76,-88.72,1.0000,-1,-1,-1
76,644,402.07,513.66,105.58,103.26,1.0000,-1,-1,-1
76,646,1229.49,518.93,107.52,98.79,0.0580,-1,-1,-1
76,657,1266.58,515.46,68.78,68.50,1.0000,-1,-1,-1
76,663,355.36,734.45,113.35,106.68,0.9109,-1,-1,-1
76,668,1493.34,444.92,191.63,143.18,0.9195,-1,-1,-1
76,669,-93.93,782.12,284.86,353.14,1.0000,-1,-1,-1
76,673,225.61,805.72,66.98,73.50,1.0000,-1,-1,-1
76,675,1287.15,774.13,142.68,180.46,1.0000,-1,-1,-1
76,678,185.37,1138.97,-113.23,-56.95,1.0000,-1,-1,-1
76,681,336.83,148.66,783.43,711.68,1.0000,-1,-1,-1
76,684,1758.46,746.57,246.23,147.26,1.0000,-1,-1,-1
76,686,845.43,375.05,99.47,54.36,1.0000,-1,-1,-1
76,687,1789.77,724.04,174.32,147.31,1.0000,-1,-1,-1
76,690,1314.73,641.59,1879.71,422.65,1.0000,-1,-1,-1
76,692,722.23,-21.80,209.16,245.27,1.0000,-1,-1,-1
76,693,1030.97,190.46,20.22,19.48,1.0000,-1,-1,-1
76,695,580.21,433.83,102.68,93.46,0.7510,-1,-1,-1
76,697,337.68,710.32,44.51,31.52,1.0000,-1,-1,-1
76,698,651.34,-413.86,41.23,49.61,1.0000,-1,-1,-1
76,700,292.38,971.90,157.07,110.60,1.0000,-1,-1,-1
76,703,-167.44,593.80,193.40,215.63,1.0000,-1,-1,-1
76,704,1215.00,548.11,319.17,222.01,1.0000,-1,-1,-1
76,705,655.71,908.31,148.67,136.71,1.0000,-1,-1,-1
76,708,-91.92,9.65,661.19,428.44,0.0199,-1,-1,-1
76,711,1745.83,703.90,175.78,162.43,1.0000,-1,-1,-1
76,712,382.19,577.85,107.54,107.78,0.8748,-1,-1,-1
76,714,-46.88,88.02,111.86,76.11,1.0000,-1,-1,-1
76,715,1859.42,734.57,95.79,200.29,1.0000,-1,-1,-1
76,716,921.91,331.64,4.40,2.30,1.0000,-1,-1,-1
76,717,1635.35,831.93,39.03,233.85,1.0000,-1,-1,-1
76,719,706.94,1.23,48.07,87.54,1.0000,-1,-1,-1
76,720,1709.99,1041.03,172.20,36.93,1.0000,-1,-1,-1
76,723,1927.68,998.93,118.73,78.83,1.0000,-1,-1,-1
76,727,1895.91,697.28,13.42,43.91,1.0000,-1,-1,-1
76,730,585.27,802.76,71.76,67.07,1.0000,-1,-1,-1
76,746,501.74,1699.85,-499.00,-612.60,1.0000,-1,-1,-1
76,749,998.85,411.40,11.41,9.16,1.0000,-1,-1,-1
76,758,1319.00,402.01,-84.17,-112.69,1.0000,-1,-1,-1
76,762,253.33,1042.46,91.27,36.43,1.0000,-1,-1,-1
76,764,881.48,662.52,74.92,83.52,1.0000,-1,-1,-1
76,766,846.30,801.90,59.70,74.13,1.0000,-1,-1,-1
76,769,163.95,1014.37,98.79,63.38,1.0000,-1,-1,-1
76,771,712.62,933.18,466.22,145.21,1.0000,-1,-1,-1
76,772,426.76,823.79,-81.78,-117.71,1.0000,-1,-1,-1
76,775,930.51,659.09,113.66,96.24,1.0000,-1,-1,-1
76,780,896.87,371.69,263.15,113.59,1.0000,-1,-1,-1
76,783,814.68,629.00,93.81,88.24,0.8402,-1,-1,-1
76,785,1651.56,860.15,459.48,404.77,1.0000,-1,-1,-1
76,790,942.32,246.45,86.87,76.26,1.0000,-1,-1,-1
76,796,628.35,-4.15,92.74,61.23,1.0000,-1,-1,-1
76,797,1056.68,300.45,103.43,63.16,1.0000,-1,-1,-1
76,799,633.21,593.54,162.77,135.05,0.2298,-1,-1,-1
76,801,755.28,480.43,62.67,60.17,0.6124,-1,-1,-1
76,803,1678.52,685.84,93.26,112.37,1.0000,-1,-1,-1
76,809,631.39,413.66,15.68,14.83,1.0000,-1,-1,-1
76,810,953.79,184.32,140.69,113.06,0.8455,-1,-1,-1
76,813,1269.53,570.47,71.87,73.85,0.8512,-1,-1,-1
76,817,1156.55,673.81,332.96,203.95,1.0000,-1,-1,-1
76,819,1129.50,283.59,38.86,47.41,1.0000,-1,-1,-1
76,820,1627.16,1039.62,166.16,36.64,1.0000,-1,-1,-1
76,821,1049.67,727.48,49.08,51.55,1.0000,-1,-1,-1
76,822,861.10,274.76,166.57,134.49,1.0000,-1,-1,-1
76,829,1012.46,296.57,89.65,70.55,0.7156,-1,-1,-1
76,830,874.06,796.29,101.63,111.29,1.0000,-1,-1,-1
76,839,998.67,717.59,131.15,123.84,0.8908,-1,-1,-1
76,840,1181.42,817.75,162.41,181.29,0.6758,-1,-1,-1
76,841,1704.88,90.83,144.17,314.59,0.9201,-1,-1,-1
76,846,311.62,505.16,101.15,91.81,0.0827,-1,-1,-1
76,849,805.60,751.62,83.48,86.42,0.0491,-1,-1,-1
76,851,1311.57,658.60,84.76,81.11,0.8644,-1,-1,-1
76,852,482.19,105.48,190.56,91.01,1.0000,-1,-1,-1
76,858,215.15,696.46,96.66,95.63,1.0000,-1,-1,-1
76,859,494.70,991.88,310.99,83.21,1.0000,-1,-1,-1
76,864,917.97,414.17,-16.66,-24.35,1.0000,-1,-1,-1
76,867,973.53,220.54,103.19,54.09,1.0000,-1,-1,-1
76,876,58.64,307.98,56.45,91.62,1.0000,-1,-1,-1
76,877,1250.40,226.29,79.76,65.52,1.0000,-1,-1,-1
76,879,1149.04,614.15,123.71,92.85,0.3848,-1,-1,-1
76,880,250.74,929.03,83.36,132.51,1.0000,-1,-1,-1
76,883,689.05,409.79,97.16,78.14,0.7770,-1,-1,-1
76,887,416.49,902.43,126.46,131.14,1.0000,-1,-1,-1
76,888,966.49,889.83,40.42,40.61,1.0000,-1,-1,-1
76,889,-13.12,357.45,49.13,101.65,1.0000,-1,-1,-1
76,891,808.52,1011.59,115.94,67.95,1.0000,-1,-1,-1
76,892,1842.29,999.88,14.67,85.34,1.0000,-1,-1,-1
76,899,124.54,1012.44,72.60,47.71,1.0000,-1,-1,-1
76,902,4.90,945.74,185.69,121.02,1.0000,-1,-1,-1
76,905,1101.38,314.62,81.06,80.57,0.0105,-1,-1,-1
76,907,1290.61,652.75,-10.72,-8.91,1.0000,-1,-1,-1
76,916,632.74,330.89,107.43,105.49,0.8529,-1,-1,-1
76,917,383.32,781.48,63.92,71.15,1.0000,-1,-1,-1
76,919,971.54,32.00,118.01,126.45,1.0000,-1,-1,-1
76,926,988.67,359.58,135.96,104.60,1.0000,-1,-1,-1
76,934,901.05,491.09,28.31,18.27,1.0000,-1,-1,-1
76,935,167.41,727.75,70.23,78.31,0.6686,-1,-1,-1
76,939,1746.54,1003.91,121.24,71.93,1.0000,-1,-1,-1
76,943,601.87,483.27,109.96,75.95,0.7417,-1,-1,-1
76,947,1512.61,69.26,171.56,70.99,0.0418,-1,-1,-1
76,956,282.78,574.92,114.30,115.38,0.4245,-1,-1,-1
76,964,754.32,1013.78,130.91,63.58,1.0000,-1,-1,-1
76,969,1869.73,720.48,45.58,158.72,1.0000,-1,-1,-1
76,972,871.43,813.23,111.62,122.41,1.0000,-1,-1,-1
76,974,-133.03,741.05,515.66,331.09,0.1432,-1,-1,-1
76,980,978.83,474.99,112.76,107.93,0.8891,-1,-1,-1
77,5,1261.66,957.76,170.55,162.39,1.0000,-1,-1,-1
77,119,1639.43,796.64,190.12,147.61,1.0000,-1,-1,-1
77,127,1666.05,774.94,314.30,289.14,1.0000,-1,-1,-1
77,135,1127.63,331.12,34.47,36.63,1.0000,-1,-1,-1
77,152,2174.05,1230.24,-398.02,-149.64,1.0000,-1,-1,-1
77,156,2135.92,916.08,243.12,248.44,1.0000,-1,-1,-1
77,183,1227.76,373.50,92.19,89.23,0.9034,-1,-1,-1
77,233,1921.55,773.20,30.47,122.95,1.0000,-1,-1,-1
77,245,790.33,118.11,169.00,176.74,0.0641,-1,-1,-1
77,251,2115.09,474.01,158.78,163.25,1.0000,-1,-1,-1
77,270,1354.03,1213.61,-350.37,-133.53,1.0000,-1,-1,-1
77,310,172.32,495.67,134.21,129.67,0.5411,-1,-1,-1
77,348,899.93,504.00,45.36,46.40,1.0000,-1,-1,-1
77,353,2155.86,1121.34,154.67,159.65,1.0000,-1,-1,-1
77,354,1627.07,819.06,127.83,137.62,1.0000,-1,-1,-1
77,360,1098.82,317.03,78.21,78.21,0.0352,-1,-1,-1
77,399,1188.56,629.80,275.01,375.89,1.0000,-1,-1,-1
77,423,1491.87,104.38,-193.61,-167.08,1.0000,-1,-1,-1
77,436,1636.59,283.36,24.76,22.87,1.0000,-1,-1,-1
77,447,771.80,439.19,142.62,132.33,0.9040,-1,-1,-1
77,472,1382.27,681.83,198.88,182.95,0.3528,-1,-1,-1
77,480,1722.59,1181.59,-139.22,-91.79,1.0000,-1,-1,-1
77,483,565.43,610.12,193.44,136.42,1.0000,-1,-1,-1
77,489,1150.58,633.43,124.25,115.08,1.0000,-1,-1,-1
77,491,415.32,331.17,93.58,88.07,0.8651,-1,-1,-1
77,495,670.70,234.54,-105.61,-65.77,1.0000,-1,-1,-1
77,497,1018.72,103.45,140.37,149.01,0.7900,-1,-1,-1
77,509,1050.83,810.03,89.10,77.34,1.0000,-1,-1,-1
77,527,-118.64,510.01,221.40,185.35,1.0000,-1,-1,-1
77,532,728.66,566.56,433.70,280.41,1.0000,-1,-1,-1
77,535,991.55,512.99,162.31,135.41,1.0000,-1,-1,-1
77,540,1378.82,893.10,164.95,163.86,1.0000,-1,-1,-1
77,543,1529.13,669.70,140.35,107.94,1.0000,-1,-1,-1
77,550,654.13,188.97,89.89,103.14,0.1290,-1,-1,-1
77,552,379.51,-4.19,-615.41,-943.49,1.0000,-1,-1,-1
77,562,307.41,-185.60,3103.84,1253.36,1.0000,-1,-1,-1
77,570,928.86,417.54,81.15,81.19,1.0000,-1,-1,-1
77,573,1141.33,1667.80,-302.11,-304.65,1.0000,-1,-1,-1
77,576,1097.25,5.84,1557.55,494.09,1.0000,-1,-1,-1
77,578,1032.55,401.39,51.84,132.22,1.0000,-1,-1,-1
77,579,1122.85,831.71,-11.78,-14.15,1.0000,-1,-1,-1
77,580,-48.19,1119.75,-292.78,-402.30,1.0000,-1,-1,-1
77,584,1213.51,508.37,46.46,45.56,1.0000,-1,-1,-1
77,586,1293.40,443.02,-162.47,-140.74,1.0000,-1,-1,-1
77,589,1333.46,781.00,62.69,52.34,1.0000,-1,-1,-1
77,593,939.90,632.07,-155.00,-97.00,1.0000,-1,-1,-1
77,594,96.31,639.88,136.26,114.83,0.5245,-1,-1,-1
77,595,220.72,1346.90,-550.60,-1461.62,1.0000,-1,-1,-1
77,596,363.96,1164.08,-213.46,-245.89,1.0000,-1,-1,-1
77,597,1004.53,890.50,51.72,38.41,1.0000,-1,-1,-1
77,598,1436.30,734.63,-442.35,-401.47,1.0000,-1,-1,-1
77,599,1178.01,1123.67,455.67,385.83,1.0000,-1,-1,-1
77,601,1167.86,993.87,-82.80,-127.76,1.0000,-1,-1,-1
77,606,1028.58,926.30,20.43,16.54,1.0000,-1,-1,-1
77,613,56.33,525.71,265.57,344.53,1.0000,-1,-1,-1
77,615,911.33,443.65,140.73,143.80,1.0000,-1,-1,-1
77,621,1212.37,748.15,113.03,132.78,1.0000,-1,-1,-1
77,622,1249.11,767.28,67.11,59.92,1.0000,-1,-1,-1
77,623,420.10,56.69,412.00,211.58,1.0000,-1,-1,-1
77,624,1658.17,1252.89,-150.27,-172.72,1.0000,-1,-1,-1
77,626,359.47,538.37,34.30,26.81,1.0000,-1,-1,-1
77,630,37.18,1220.99,-102.59,-393.62,1.0000,-1,-1,-1
77,634,545.24,825.27,-169.57,-122.17,1.0000,-1,-1,-1
77,636,252.09,690.81,123.61,107.63,0.7504,-1,-1,-1
77,642,1438.61,567.54,22.08,22.69,1.0000,-1,-1,-1
77,643,307.75,1204.90,-172.09,-96.16,1.0000,-1,-1,-1
77,644,397.91,525.14,105.06,102.76,1.0000,-1,-1,-1
77,646,1218.75,523.27,109.42,101.00,0.3508,-1,-1,-1
77,657,1265.63,527.15,69.59,69.30,1.0000,-1,-1,-1
77,663,342.50,744.20,117.25,109.27,0.6779,-1,-1,-1
77,668,1487.41,467.20,188.19,142.42,0.8999,-1,-1,-1
77,669,-100.74,790.90,296.64,367.73,1.0000,-1,-1,-1
77,673,224.73,809.31,67.06,73.59,1.0000,-1,-1,-1
77,675,1287.10,774.77,143.08,180.97,1.0000,-1,-1,-1
77,678,184.94,1143.16,-121.24,-60.98,1.0000,-1,-1,-1
77,681,327.28,130.43,811.40,737.08,1.0000,-1,-1,-1
77,684,1758.70,747.65,251.48,150.40,1.0000,-1,-1,-1
77,686,850.98,370.44,101.36,55.39,1.0000,-1,-1,-1
77,687,1788.65,723.93,179.77,151.91,1.0000,-1,-1,-1
77,690,1301.31,625.66,1948.28,438.07,1.0000,-1,-1,-1
77,692,709.96,-24.68,214.97,252.08,1.0000,-1,-1,-1
77,693,1022.87,185.09,18.17,17.51,1.0000,-1,-1,-1
77,695,571.64,434.72,116.76,106.77,0.6569,-1,-1,-1
77,697,338.93,709.22,41.79,29.60,1.0000,-1,-1,-1
77,698,621.35,-458.92,36.67,44.12,1.0000,-1,-1,-1
77,700,300.70,969.54,160.88,113.28,1.0000,-1,-1,-1
77,703,-186.94,602.73,196.45,219.02,1.0000,-1,-1,-1
77,704,1211.36,539.96,330.50,229.89,1.0000,-1,-1,-1
77,705,657.04,907.89,147.96,136.05,1.0000,-1,-1,-1
77,708,-105.61,10.99,685.30,458.94,0.0198,-1,-1,-1
77,711,1742.10,702.82,182.37,168.52,1.0000,-1,-1,-1
77,712,377.70,576.96,108.60,111.03,0.8316,-1,-1,-1
77,714,-49.57,85.50,114.67,78.02,1.0000,-1,-1,-1
77,715,1857.58,733.95,99.42,207.87,1.0000,-1,-1,-1
77,716,921.08,335.77,-0.25,-0.13,1.0000,-1,-1,-1
77,717,1622.04,825.21,40.08,240.19,1.0000,-1,-1,-1
77,719,707.61,1.24,45.89,83.56,1.0000,-1,-1,-1
77,720,1713.18,1040.87,172.78,37.05,1.0000,-1,-1,-1
77,723,1937.84,999.92,117.60,78.08,1.0000,-1,-1,-1
77,727,1895.61,696.64,13.22,43.25,1.0000,-1,-1,-1
77,730,587.19,809.10,71.43,66.77,1.0000,-1,-1,-1
77,746,520.62,1741.85,-532.68,-653.95,1.0000,-1,-1,-1
77,749,1001.49,417.79,7.38,5.92,1.0000,-1,-1,-1
77,758,1321.88,407.32,-93.45,-125.12,1.0000,-1,-1,-1
77,762,256.22,1041.95,92.62,36.97,1.0000,-1,-1,-1
77,764,882.16,665.00,75.21,83.84,1.0000,-1,-1,-1
77,766,848.75,804.30,59.22,73.53,1.0000,-1,-1,-1
77,769,160.28,1012.68,101.41,65.05,1.0000,-1,-1,-1
77,771,713.63,928.21,482.65,150.33,1.0000,-1,-1,-1
77,772,431.76,833.69,-91.86,-132.23,1.0000,-1,-1,-1
77,775,925.81,663.04,115.06,97.43,1.0000,-1,-1,-1
77,780,893.58,376.29,273.29,117.97,1.0000,-1,-1,-1
77,783,809.50,636.90,93.23,87.63,0.8049,-1,-1,-1
77,785,1641.11,862.26,480.30,423.11,1.0000,-1,-1,-1
77,790,935.99,244.62,87.51,76.83,1.0000,-1,-1,-1
77,796,619.19,-7.86,86.99,57.43,1.0000,-1,-1,-1
77,797,1044.70,300.29,105.52,64.44,1.0000,-1,-1,-1
77,799,630.43,616.85,157.65,133.28,0.6585,-1,-1,-1
77,801,749.32,487.60,62.67,60.17,1.0000,-1,-1,-1
77,803,1671.16,683.42,93.28,112.39,1.0000,-1,-1,-1
77,809,619.37,394.21,10.28,9.72,1.0000,-1,-1,-1
77,810,951.28,190.76,137.95,113.64,0.7827,-1,-1,-1
77,813,1261.57,576.16,73.70,73.96,0.8359,-1,-1,-1
77,817,1149.75,675.27,349.09,213.83,1.0000,-1,-1,-1
77,819,1125.85,284.19,38.69,47.20,1.0000,-1,-1,-1
77,820,1626.48,1039.64,165.62,36.52,1.0000,-1,-1,-1
77,821,1048.49,726.29,48.41,50.84,1.0000,-1,-1,-1
77,822,845.06,275.69,173.30,139.93,1.0000,-1,-1,-1
77,829,1010.66,303.06,85.54,67.98,0.7664,-1,-1,-1
77,830,868.23,797.32,100.52,110.07,1.0000,-1,-1,-1
77,839,1001.58,710.97,128.47,119.96,0.9128,-1,-1,-1
77,840,1184.46,834.80,163.03,183.85,0.2994,-1,-1,-1
77,841,1696.37,98.57,151.93,301.90,0.9613,-1,-1,-1
77,846,302.67,508.14,102.86,92.63,0.6550,-1,-1,-1
77,849,800.93,765.53,81.54,83.93,0.0108,-1,-1,-1
77,851,1317.06,660.60,85.99,83.16,0.7350,-1,-1,-1
77,852,477.96,106.08,191.91,91.66,1.0000,-1,-1,-1
77,858,209.53,695.91,98.59,97.54,1.0000,-1,-1,-1
77,859,487.99,991.23,312.59,83.64,1.0000,-1,-1,-1
77,864,918.95,414.78,-27.92,-40.80,1.0000,-1,-1,-1
77,867,964.91,218.55,106.88,56.02,1.0000,-1,-1,-1
77,876,52.81,308.58,56.47,91.65,1.0000,-1,-1,-1
77,877,1247.34,224.89,83.65,68.71,1.0000,-1,-1,-1
77,879,1145.61,611.16,122.32,93.28,0.6434,-1,-1,-1
77,880,272.41,930.62,83.42,132.60,1.0000,-1,-1,-1
77,883,688.44,416.67,87.23,70.43,0.7575,-1,-1,-1
77,887,403.63,902.26,128.69,133.45,1.0000,-1,-1,-1
77,888,967.33,890.15,35.54,35.71,1.0000,-1,-1,-1
77,889,-21.51,357.00,49.38,102.17,1.0000,-1,-1,-1
77,891,809.20,1013.63,113.60,66.58,1.0000,-1,-1,-1
77,892,1836.80,1017.48,12.10,70.36,1.0000,-1,-1,-1
77,899,133.72,1010.95,73.14,48.07,1.0000,-1,-1,-1
77,902,-5.04,946.64,184.66,120.35,1.0000,-1,-1,-1
77,905,1097.44,319.47,78.07,77.87,0.0486,-1,-1,-1
77,907,1296.80,653.74,-24.85,-20.65,1.0000,-1,-1,-1
77,916,644.30,323.58,106.94,105.00,0.8368,-1,-1,-1
77,917,353.04,783.21,63.46,70.63,1.0000,-1,-1,-1
77,919,973.42,36.58,120.34,128.94,1.0000,-1,-1,-1
77,926,995.61,355.80,138.25,106.37,1.0000,-1,-1,-1
77,934,904.90,500.10,17.90,11.55,1.0000,-1,-1,-1
77,935,155.47,734.39,64.08,67.71,0.4504,-1,-1,-1
77,939,1744.52,1006.53,117.51,69.72,1.0000,-1,-1,-1
77,943,590.73,484.13,105.73,72.88,0.4699,-1,-1,-1
77,947,1507.87,79.14,169.79,70.26,1.0000,-1,-1,-1
77,956,274.96,579.76,114.79,114.62,0.1949,-1,-1,-1
77,964,751.08,1015.94,127.16,61.76,1.0000,-1,-1,-1
77,969,1867.24,717.13,47.44,165.22,1.0000,-1,-1,-1
77,972,860.38,822.72,114.27,125.93,0.0272,-1,-1,-1
77,974,-109.45,745.69,501.46,326.55,0.0860,-1,-1,-1
77,980,981.08,440.56,110.99,106.02,0.8716,-1,-1,-1
77,990,893.31,440.53,44.43,82.88,0.0178,-1,-1,-1
78,5,1264.61,968.20,172.74,164.48,1.0000,-1,-1,-1
78,127,1676.01,775.39,318.56,293.05,1.0000,-1,-1,-1
78,135,1130.24,333.85,33.08,35.15,1.0000,-1,-1,-1
78,152,2195.07,1238.08,-418.65,-157.40,1.0000,-1,-1,-1
78,156,2152.20,922.63,245.16,250.52,1.0000,-1,-1,-1
78,183,1227.29,384.55,92.22,89.44,0.9110,-1,-1,-1
78,233,1924.57,781.26,29.22,117.91,1.0000,-1,-1,-1
78,245,797.52,120.92,164.46,173.43,0.0584,-1,-1,-1
78,251,2129.79,475.49,159.58,164.07,1.0000,-1,-1,-1
78,270,1379.15,1222.65,-373.76,-142.45,1.0000,-1,-1,-1
78,310,162.37,507.52,135.95,129.02,0.5415,-1,-1,-1
78,348,902.85,510.27,44.74,45.76,1.0000,-1,-1,-1
78,353,2169.61,1129.56,153.85,158.81,1.0000,-1,-1,-1
78,354,1650.25,827.72,126.12,135.78,1.0000,-1,-1,-1
78,360,1095.38,320.21,78.31,78.31,1.0000,-1,-1,-1
78,423,1521.45,90.02,-204.32,-176.32,1.0000,-1,-1,-1
78,447,763.26,459.68,141.81,131.52,0.9391,-1,-1,-1
78,472,1376.48,699.85,203.01,189.50,0.3065,-1,-1,-1
78,480,1767.14,1216.47,-189.26,-124.77,1.0000,-1,-1,-1
78,483,569.87,626.10,194.68,137.29,1.0000,-1,-1,-1
78,489,1162.58,633.31,125.85,116.57,1.0000,-1,-1,-1
78,491,412.97,338.96,93.89,88.55,0.3887,-1,-1,-1
78,495,681.19,241.65,-113.85,-70.90,1.0000,-1,-1,-1
78,497,1017.50,118.49,136.60,147.11,0.7201,-1,-1,-1
78,509,1052.08,823.04,88.78,77.05,1.0000,-1,-1,-1
78,527,-134.21,516.24,223.52,187.13,1.0000,-1,-1,-1
78,535,995.03,508.61,163.92,136.75,1.0000,-1,-1,-1
78,540,1383.78,904.65,167.84,166.73,1.0000,-1,-1,-1
78,543,1530.60,681.63,140.26,107.88,1.0000,-1,-1,-1
78,550,654.61,197.33,86.15,99.31,0.1675,-1,-1,-1
78,552,392.06,-4.46,-646.24,-990.76,1.0000,-1,-1,-1
78,562,264.58,-221.13,3191.12,1288.61,1.0000,-1,-1,-1
78,570,932.39,418.46,80.58,80.62,1.0000,-1,-1,-1
78,573,1175.49,1697.22,-319.56,-322.24,1.0000,-1,-1,-1
78,576,1082.26,5.93,1601.62,508.07,1.0000,-1,-1,-1
78,578,1037.28,404.23,51.04,130.18,1.0000,-1,-1,-1
78,579,1133.29,842.05,-14.96,-17.96,1.0000,-1,-1,-1
78,580,-49.73,1142.90,-306.27,-420.84,1.0000,-1,-1,-1
78,584,1217.63,513.50,46.41,45.51,1.0000,-1,-1,-1
78,586,1303.72,446.98,-170.72,-147.89,1.0000,-1,-1,-1
78,589,1336.61,789.63,62.29,52.00,1.0000,-1,-1,-1
78,593,952.83,640.09,-165.94,-103.85,1.0000,-1,-1,-1
78,594,80.44,642.49,139.45,118.06,0.6700,-1,-1,-1
78,595,228.74,1392.09,-576.55,-1530.50,1.0000,-1,-1,-1
78,596,369.26,1181.23,-224.39,-258.47,1.0000,-1,-1,-1
78,597,1008.29,893.41,50.19,37.28,1.0000,-1,-1,-1
78,598,1456.45,735.58,-463.14,-420.33,1.0000,-1,-1,-1
78,599,1163.55,1137.19,467.78,396.07,1.0000,-1,-1,-1
78,601,1181.77,1005.47,-87.67,-135.26,1.0000,-1,-1,-1
78,606,1031.98,930.45,16.52,13.37,1.0000,-1,-1,-1
78,613,48.49,536.27,268.18,347.92,1.0000,-1,-1,-1
78,615,913.33,442.88,144.04,147.19,1.0000,-1,-1,-1
78,621,1216.53,743.19,111.79,131.33,1.0000,-1,-1,-1
78,622,1255.60,765.67,66.52,59.39,1.0000,-1,-1,-1
78,623,423.43,58.66,420.20,215.79,1.0000,-1,-1,-1
78,624,1663.86,1265.48,-158.30,-181.96,1.0000,-1,-1,-1
78,626,354.35,542.59,29.83,23.32,1.0000,-1,-1,-1
78,630,38.00,1248.28,-107.73,-413.35,1.0000,-1,-1,-1
78,634,556.00,831.08,-181.70,-130.90,1.0000,-1,-1,-1
78,636,247.72,692.46,125.62,109.27,0.2093,-1,-1,-1
78,642,1447.39,576.27,18.76,19.28,1.0000,-1,-1,-1
78,643,315.55,1214.02,-185.41,-103.61,1.0000,-1,-1,-1
78,644,393.74,536.62,104.55,102.26,1.0000,-1,-1,-1
78,646,1213.88,529.19,121.94,113.13,0.1519,-1,-1,-1
78,657,1264.69,538.85,70.39,70.11,1.0000,-1,-1,-1
78,663,341.23,716.12,123.03,113.12,0.3739,-1,-1,-1
78,668,1480.51,486.45,188.83,145.02,0.8404,-1,-1,-1
78,669,-107.54,799.68,308.41,382.33,1.0000,-1,-1,-1
78,673,223.85,812.89,67.14,73.69,1.0000,-1,-1,-1
78,675,1287.05,775.41,143.48,181.48,1.0000,-1,-1,-1
78,678,184.51,1147.35,-129.25,-65.01,1.0000,-1,-1,-1
78,681,317.72,112.20,839.36,762.49,1.0000,-1,-1,-1
78,684,1758.94,748.73,256.73,153.53,1.0000,-1,-1,-1
78,686,856.52,365.82,103.25,56.43,1.0000,-1,-1,-1
78,687,1787.52,723.83,185.22,156.52,1.0000,-1,-1,-1
78,690,1287.90,609.72,2016.85,453.49,1.0000,-1,-1,-1
78,692,697.70,-27.57,220.77,258.88,1.0000,-1,-1,-1
78,693,1014.77,179.71,16.13,15.54,1.0000,-1,-1,-1
78,695,565.61,437.78,122.80,113.00,0.6244,-1,-1,-1
78,697,340.17,708.13,39.08,27.67,1.0000,-1,-1,-1
78,698,591.36,-503.98,32.10,38.62,1.0000,-1,-1,-1
78,700,309.03,967.19,164.69,115.96,1.0000,-1,-1,-1
78,703,-206.43,611.66,199.49,222.42,1.0000,-1,-1,-1
78,704,1207.71,531.80,341.84,237.77,1.0000,-1,-1,-1
78,705,658.37,907.48,147.24,135.40,1.0000,-1,-1,-1
78,708,-116.49,11.62,703.68,471.25,1.0000,-1,-1,-1
78,711,1738.38,701.75,188.96,174.61,1.0000,-1,-1,-1
78,712,378.66,580.02,104.90,107.87,0.6714,-1,-1,-1
78,714,-52.26,82.97,117.48,79.93,1.0000,-1,-1,-1
78,715,1855.75,733.33,103.05,215.45,1.0000,-1,-1,-1
78,716,920.25,339.90,-4.90,-2.56,1.0000,-1,-1,-1
78,717,1608.74,818.50,41.14,246.53,1.0000,-1,-1,-1
78,719,708.28,1.25,43.70,79.58,1.0000,-1,-1,-1
78,720,1716.38,1040.71,173.35,37.18,1.0000,-1,-1,-1
78,723,1948.00,1000.90,116.46,77.32,1.0000,-1,-1,-1
78,727,1895.31,696.00,13.02,42.58,1.0000,-1,-1,-1
78,730,589.11,815.45,71.10,66.46,1.0000,-1,-1,-1
78,746,539.51,1783.85,-566.36,-695.29,1.0000,-1,-1,-1
78,749,1004.13,424.18,3.35,2.69,1.0000,-1,-1,-1
78,758,1324.76,412.64,-102.72,-137.54,1.0000,-1,-1,-1
78,762,259.11,1041.44,93.97,37.51,1.0000,-1,-1,-1
78,764,882.84,667.49,75.49,84.16,1.0000,-1,-1,-1
78,766,851.21,806.70,58.73,72.93,1.0000,-1,-1,-1
78,769,156.61,1010.98,104.02,66.73,1.0000,-1,-1,-1
78,771,714.64,923.24,499.07,155.44,1.0000,-1,-1,-1
78,772,436.76,843.59,-101.94,-146.74,1.0000,-1,-1,-1
78,775,921.10,666.98,116.46,98.61,1.0000,-1,-1,-1
78,780,890.29,380.88,283.43,122.34,1.0000,-1,-1,-1
78,783,804.53,645.57,93.28,87.57,0.8525,-1,-1,-1
78,785,1630.66,864.38,501.12,441.45,1.0000,-1,-1,-1
78,790,929.67,242.79,88.16,77.40,1.0000,-1,-1,-1
78,796,610.04,-11.57,81.24,53.64,1.0000,-1,-1,-1
78,797,1032.73,300.13,107.61,65.71,1.0000,-1,-1,-1
78,799,627.70,637.81,153.35,131.42,0.6809,-1,-1,-1
78,801,743.36,494.77,62.66,60.16,1.0000,-1,-1,-1
78,803,1663.81,681.00,93.30,112.41,1.0000,-1,-1,-1
78,809,607.36,374.77,4.88,4.62,1.0000,-1,-1,-1
78,810,950.52,199.14,132.38,111.41,0.7359,-1,-1,-1
78,813,1250.34,578.36,78.31,76.53,0.7131,-1,-1,-1
78,817,1142.95,676.74,365.23,223.71,1.0000,-1,-1,-1
78,819,1122.20,284.78,38.52,46.99,1.0000,-1,-1,-1
78,820,1625.80,1039.66,165.07,36.40,1.0000,-1,-1,-1
78,821,1047.32,725.09,47.73,50.13,1.0000,-1,-1,-1
78,822,829.01,276.61,180.04,145.37,1.0000,-1,-1,-1
78,829,1009.60,306.73,84.48,68.01,0.6715,-1,-1,-1
78,830,862.41,798.35,99.41,108.86,1.0000,-1,-1,-1
78,839,1002.94,704.88,127.54,117.69,0.9292,-1,-1,-1
78,840,1185.87,850.46,160.10,182.32,0.4338,-1,-1,-1
78,841,1687.59,104.10,161.77,295.06,0.9613,-1,-1,-1
78,846,290.35,506.61,106.13,96.02,0.4389,-1,-1,-1
78,849,796.60,775.68,80.61,82.26,0.0805,-1,-1,-1
78,851,1325.07,662.74,86.68,84.70,0.7842,-1,-1,-1
78,852,473.74,106.68,193.26,92.30,1.0000,-1,-1,-1
78,858,203.91,695.36,100.52,99.45,1.0000,-1,-1,-1
78,859,481.27,990.58,314.20,84.07,1.0000,-1,-1,-1
78,864,919.94,415.40,-39.18,-57.25,1.0000,-1,-1,-1
78,867,956.30,216.56,110.58,57.96,1.0000,-1,-1,-1
78,876,46.99,309.17,56.49,91.68,1.0000,-1,-1,-1
78,877,1244.28,223.49,87.54,71.91,1.0000,-1,-1,-1
78,879,1144.50,608.98,117.80,90.75,0.8633,-1,-1,-1
78,880,294.09,932.20,83.48,132.70,1.0000,-1,-1,-1
78,883,687.40,417.72,86.99,71.25,0.7947,-1,-1,-1
78,887,390.77,902.09,130.92,135.76,1.0000,-1,-1,-1
78,888,968.16,890.47,30.66,30.81,1.0000,-1,-1,-1
78,889,-29.91,356.56,49.63,102.69,1.0000,-1,-1,-1
78,891,809.88,1015.67,111.26,65.21,1.0000,-1,-1,-1
78,892,1831.31,1035.09,9.52,55.37,1.0000,-1,-1,-1
78,899,142.91,1009.46,73.69,48.43,1.0000,-1,-1,-1
78,902,-14.98,947.55,183.62,119.67,1.0000,-1,-1,-1
78,905,1092.21,324.81,80.63,80.42,1.0000,-1,-1,-1
78,907,1302.99,654.72,-38.98,-32.39,1.0000,-1,-1,-1
78,916,655.92,317.11,108.25,106.01,0.8443,-1,-1,-1
78,917,322.77,784.94,62.99,70.11,1.0000,-1,-1,-1
78,919,975.31,41.15,122.67,131.44,1.0000,-1,-1,-1
78,926,1002.55,352.03,140.55,108.13,1.0000,-1,-1,-1
78,934,908.75,509.12,7.48,4.83,1.0000,-1,-1,-1
78,935,143.56,737.50,67.07,68.18,0.3134,-1,-1,-1
78,939,1742.49,1009.16,113.79,67.51,1.0000,-1,-1,-1
78,943,580.88,483.40,107.49,74.21,0.5050,-1,-1,-1
78,947,1503.12,89.01,168.02,69.52,1.0000,-1,-1,-1
78,956,270.32,582.91,118.52,117.75,0.2209,-1,-1,-1
78,964,747.85,1018.10,123.40,59.93,1.0000,-1,-1,-1
78,969,1864.75,713.77,49.31,171.72,1.0000,-1,-1,-1
78,972,848.97,829.69,184.37,204.36,0.0136,-1,-1,-1
78,974,-80.73,758.58,476.95,313.89,0.3557,-1,-1,-1
78,980,976.96,419.50,107.01,101.42,0.8814,-1,-1,-1
78,990,887.71,458.88,41.82,75.22,0.1637,-1,-1,-1
78,995,959.96,53.37,105.46,89.24,0.1469,-1,-1,-1
78,996,355.22,3.23,105.70,119.44,0.0120,-1,-1,-1
78,999,474.75,121.41,175.38,79.82,0.0508,-1,-1,-1
78,1005,1786.68,206.37,170.41,368.23,0.0688,-1,-1,-1
78,1009,342.96,352.03,125.35,152.74,0.0131,-1,-1,-1
78,1013,143.93,485.92,263.04,147.20,0.0606,-1,-1,-1
79,5,1267.56,978.63,174.93,166.56,1.0000,-1,-1,-1
79,127,1685.97,775.84,322.81,296.97,1.0000,-1,-1,-1
79,135,1132.84,336.57,31.69,33.68,1.0000,-1,-1,-1
79,152,2216.09,1245.93,-439.27,-165.15,1.0000,-1,-1,-1
79,156,2168.48,929.19,247.20,252.61,1.0000,-1,-1,-1
79,183,1229.49,393.38,92.65,90.53,0.8353,-1,-1,-1
79,233,1927.59,789.33,27.97,112.88,1.0000,-1,-1,-1
79,245,803.55,121.13,162.98,172.87,0.0851,-1,-1,-1
79,251,2144.49,476.98,160.37,164.89,1.0000,-1,-1,-1
79,270,1404.28,1231.68,-397.15,-151.36,1.0000,-1,-1,-1
79,310,157.31,519.10,133.83,124.44,0.6684,-1,-1,-1
79,348,905.77,516.55,44.11,45.12,1.0000,-1,-1,-1
79,353,2183.36,1137.77,153.03,157.97,1.0000,-1,-1,-1
79,354,1673.42,836.39,124.41,133.95,1.0000,-1,-1,-1
79,360,1091.93,323.38,78.41,78.41,1.0000,-1,-1,-1
79,423,1551.03,75.67,-215.03,-185.56,1.0000,-1,-1,-1
79,447,756.22,478.11,142.47,132.06,0.9201,-1,-1,-1
79,472,1372.05,713.82,206.63,196.15,0.5913,-1,-1,-1
79,480,1811.69,1251.36,-239.29,-157.75,1.0000,-1,-1,-1
79,483,574.31,642.09,195.92,138.17,1.0000,-1,-1,-1
79,489,1174.58,633.19,127.46,118.06,1.0000,-1,-1,-1
79,491,417.31,348.63,94.52,91.54,0.6123,-1,-1,-1
79,495,691.69,248.75,-122.08,-76.03,1.0000,-1,-1,-1
79,497,1019.07,132.16,130.12,141.76,0.7993,-1,-1,-1
79,509,1053.33,836.06,88.45,76.77,1.0000,-1,-1,-1
79,527,-149.79,522.47,225.65,188.91,1.0000,-1,-1,-1
79,535,998.51,504.22,165.52,138.09,1.0000,-1,-1,-1
79,540,1388.73,916.20,170.72,169.60,1.0000,-1,-1,-1
79,543,1532.07,693.55,140.17,107.81,1.0000,-1,-1,-1
79,550,655.81,202.68,83.82,97.02,0.1468,-1,-1,-1
79,552,404.61,-4.73,-677.08,-1038.03,1.0000,-1,-1,-1
79,570,935.93,419.37,80.01,80.04,1.0000,-1,-1,-1
79,573,1209.65,1726.65,-337.00,-339.83,1.0000,-1,-1,-1
79,576,1067.26,6.01,1645.69,522.06,1.0000,-1,-1,-1
79,578,1042.02,407.08,50.24,128.14,1.0000,-1,-1,-1
79,579,1143.73,852.38,-18.13,-21.78,1.0000,-1,-1,-1
79,580,-51.27,1166.04,-319.76,-439.37,1.0000,-1,-1,-1
79,584,1221.74,518.64,46.36,45.46,1.0000,-1,-1,-1
79,586,1314.05,450.94,-178.96,-155.03,1.0000,-1,-1,-1
79,589,1339.77,798.25,61.88,51.66,1.0000,-1,-1,-1
79,593,965.76,648.11,-176.88,-110.69,1.0000,-1,-1,-1
79,594,70.78,646.26,138.06,116.94,0.7753,-1,-1,-1
79,595,236.75,1437.28,-602.49,-1599.38,1.0000,-1,-1,-1
79,596,374.56,1198.39,-235.31,-271.06,1.0000,-1,-1,-1
79,597,1012.05,896.31,48.66,36.14,1.0000,-1,-1,-1
79,598,1476.59,736.53,-483.92,-439.20,1.0000,-1,-1,-1
79,599,1149.08,1150.71,479.88,406.32,1.0000,-1,-1,-1
79,601,1195.69,1017.08,-92.53,-142.76,1.0000,-1,-1,-1
79,606,1035.39,934.61,12.60,10.20,1.0000,-1,-1,-1
79,613,40.65,546.83,270.79,351.30,1.0000,-1,-1,-1
79,615,915.32,442.10,147.36,150.57,1.0000,-1,-1,-1
79,621,1220.69,738.22,110.55,129.87,1.0000,-1,-1,-1
79,622,1262.10,764.06,65.94,58.87,1.0000,-1,-1,-1
79,623,426.76,60.63,428.41,220.00,1.0000,-1,-1,-1
79,624,1669.56,1278.06,-166.34,-191.20,1.0000,-1,-1,-1
79,626,349.23,546.81,25.36,19.82,1.0000,-1,-1,-1
79,630,38.81,1275.58,-112.87,-433.09,1.0000,-1,-1,-1
79,634,566.77,836.88,-193.82,-139.64,1.0000,-1,-1,-1
79,636,240.77,691.53,124.75,108.37,0.6832,-1,-1,-1
79,642,1456.18,585.01,15.44,15.87,1.0000,-1,-1,-1
79,643,323.35,1223.14,-198.73,-111.05,1.0000,-1,-1,-1
79,644,389.58,548.11,104.04,101.76,1.0000,-1,-1,-1
79,646,1211.36,538.54,122.81,112.91,0.0266,-1,-1,-1
79,657,1263.75,550.54,71.20,70.91,1.0000,-1,-1,-1
79,663,352.99,674.10,124.19,112.06,0.1122,-1,-1,-1
79,668,1479.17,505.77,185.61,144.41,0.8990,-1,-1,-1
79,669,-114.34,808.45,320.18,396.93,1.0000,-1,-1,-1
79,673,222.97,816.48,67.23,73.78,1.0000,-1,-1,-1
79,675,1287.00,776.05,143.88,181.99,1.0000,-1,-1,-1
79,678,184.09,1151.54,-137.27,-69.04,1.0000,-1,-1,-1
79,681,308.16,93.97,867.32,787.89,1.0000,-1,-1,-1
79,684,1759.18,749.81,261.97,156.67,1.0000,-1,-1,-1
79,686,862.07,361.21,105.14,57.46,1.0000,-1,-1,-1
79,687,1786.40,723.72,190.66,161.12,1.0000,-1,-1,-1
79,690,1274.48,593.79,2085.41,468.91,1.0000,-1,-1,-1
79,692,685.43,-30.45,226.58,265.69,1.0000,-1,-1,-1
79,693,1006.68,174.34,14.08,13.57,1.0000,-1,-1,-1
79,695,560.95,438.69,120.61,111.54,0.8771,-1,-1,-1
79,697,341.42,707.03,36.36,25.75,1.0000,-1,-1,-1
79,698,561.37,-549.05,27.53,33.12,1.0000,-1,-1,-1
79,700,317.36,964.83,168.50,118.65,1.0000,-1,-1,-1
79,703,-225.92,620.60,202.54,225.81,1.0000,-1,-1,-1
79,704,1204.07,523.65,353.17,245.66,1.0000,-1,-1,-1
79,705,659.70,907.06,146.53,134.74,1.0000,-1,-1,-1
79,708,-127.37,12.25,722.05,483.56,1.0000,-1,-1,-1
79,711,1734.65,700.67,195.55,180.70,1.0000,-1,-1,-1
79,712,386.31,583.45,88.49,88.43,0.1778,-1,-1,-1
79,714,-54.96,80.45,120.28,81.84,1.0000,-1,-1,-1
79,715,1853.91,732.71,106.67,223.03,1.0000,-1,-1,-1
79,716,919.41,344.03,-9.55,-4.99,1.0000,-1,-1,-1
79,717,1595.43,811.78,42.20,252.86,1.0000,-1,-1,-1
79,719,708.95,1.26,41.51,75.60,1.0000,-1,-1,-1
79,720,1719.57,1040.54,173.92,37.30,1.0000,-1,-1,-1
79,723,1958.16,1001.89,115.32,76.56,1.0000,-1,-1,-1
79,727,1895.01,695.35,12.81,41.91,1.0000,-1,-1,-1
79,730,591.03,821.79,70.78,66.16,1.0000,-1,-1,-1
79,746,558.39,1825.85,-600.03,-736.63,1.0000,-1,-1,-1
79,749,1006.77,430.57,-0.69,-0.55,1.0000,-1,-1,-1
79,758,1327.65,417.96,-112.00,-149.96,1.0000,-1,-1,-1
79,762,262.00,1040.94,95.31,38.05,1.0000,-1,-1,-1
79,764,883.53,669.97,75.78,84.47,1.0000,-1,-1,-1
79,766,853.66,809.10,58.24,72.32,1.0000,-1,-1,-1
79,769,152.93,1009.28,106.64,68.41,1.0000,-1,-1,-1
79,771,715.65,918.26,515.49,160.56,1.0000,-1,-1,-1
79,772,441.77,853.49,-112.03,-161.26,1.0000,-1,-1,-1
79,775,916.39,670.93,117.85,99.79,1.0000,-1,-1,-1
79,780,887.00,385.47,293.57,126.72,1.0000,-1,-1,-1
79,783,800.93,648.99,95.53,90.27,0.8379,-1,-1,-1
79,785,1620.21,866.49,521.94,459.79,1.0000,-1,-1,-1
79,790,923.34,240.95,88.81,77.97,1.0000,-1,-1,-1
79,796,600.89,-15.27,75.50,49.84,1.0000,-1,-1,-1
79,797,1020.75,299.98,109.70,66.99,1.0000,-1,-1,-1
79,799,628.61,657.74,147.53,127.58,0.8723,-1,-1,-1
79,801,737.41,501.95,62.65,60.16,1.0000,-1,-1,-1
79,803,1656.46,678.58,93.31,112.43,1.0000,-1,-1,-1
79,809,595.34,355.33,-0.52,-0.49,1.0000,-1,-1,-1
79,810,950.41,204.17,128.26,110.01,0.6909,-1,-1,-1
79,813,1239.73,580.04,81.65,76.61,0.6623,-1,-1,-1
79,817,1136.15,678.21,381.36,233.59,1.0000,-1,-1,-1
79,819,1118.56,285.38,38.35,46.79,1.0000,-1,-1,-1
79,820,1625.12,1039.68,164.53,36.28,1.0000,-1,-1,-1
79,821,1046.14,723.89,47.06,49.42,1.0000,-1,-1,-1
79,822,812.97,277.53,186.78,150.81,1.0000,-1,-1,-1
79,829,1010.62,309.79,84.12,68.19,0.6476,-1,-1,-1
79,830,856.59,799.38,98.30,107.64,1.0000,-1,-1,-1
79,839,1005.71,697.68,127.02,116.04,0.9041,-1,-1,-1
79,840,1175.07,872.40,165.58,189.34,0.1237,-1,-1,-1
79,841,1678.77,106.92,171.78,289.57,0.9478,-1,-1,-1
79,846,282.49,506.88,110.75,100.63,0.4798,-1,-1,-1
79,849,791.82,786.36,80.34,81.99,1.0000,-1,-1,-1
79,851,1332.04,663.33,87.17,85.32,0.8609,-1,-1,-1
79,852,469.51,107.28,194.62,92.95,1.0000,-1,-1,-1
79,858,198.30,694.82,102.45,101.36,1.0000,-1,-1,-1
79,859,474.55,989.93,315.81,84.50,1.0000,-1,-1,-1
79,864,920.92,416.01,-50.44,-73.71,1.0000,-1,-1,-1
79,867,947.68,214.57,114.27,59.90,1.0000,-1,-1,-1
79,876,41.16,309.77,56.51,91.71,1.0000,-1,-1,-1
79,877,1241.22,222.09,91.43,75.10,1.0000,-1,-1,-1
79,879,1143.51,604.14,119.51,93.15,0.7456,-1,-1,-1
79,880,315.77,933.78,83.55,132.80,1.0000,-1,-1,-1
79,883,686.94,415.16,92.97,77.55,0.8278,-1,-1,-1
79,887,377.92,901.92,133.15,138.07,1.0000,-1,-1,-1
79,888,969.00,890.79,25.79,25.91,1.0000,-1,-1,-1
79,889,-38.30,356.12,49.88,103.21,1.0000,-1,-1,-1
79,891,810.56,1017.72,108.92,63.84,1.0000,-1,-1,-1
79,892,1825.82,1052.69,6.94,40.39,1.0000,-1,-1,-1
79,899,152.09,1007.96,74.24,48.79,1.0000,-1,-1,-1
79,902,-24.91,948.45,182.59,119.00,1.0000,-1,-1,-1
79,905,1086.98,330.14,83.19,82.98,1.0000,-1,-1,-1
79,907,1309.17,655.71,-53.12,-44.13,1.0000,-1,-1,-1
79,916,668.19,311.08,110.39,108.26,0.8942,-1,-1,-1
79,917,292.49,786.67,62.53,69.60,1.0000,-1,-1,-1
79,919,977.20,45.72,125.00,133.94,1.0000,-1,-1,-1
79,926,1009.48,348.25,142.85,109.90,1.0000,-1,-1,-1
79,934,912.60,518.14,-2.93,-1.89,1.0000,-1,-1,-1
79,935,123.47,735.29,87.29,87.68,0.3691,-1,-1,-1
79,939,1740.46,1011.78,110.06,65.30,1.0000,-1,-1,-1
79,943,572.04,483.49,109.81,75.82,1.0000,-1,-1,-1
79,947,1498.37,98.89,166.24,68.79,1.0000,-1,-1,-1
79,956,269.42,588.05,118.81,117.60,0.2151,-1,-1,-1
79,964,744.61,1020.26,119.65,58.11,1.0000,-1,-1,-1
79,969,1862.26,710.42,51.17,178.22,1.0000,-1,-1,-1
79,972,842.92,834.95,200.40,222.13,1.0000,-1,-1,-1
79,974,-51.82,772.24,453.91,300.22,0.6119,-1,-1,-1
79,980,967.08,400.82,109.24,102.90,0.8776,-1,-1,-1
79,990,884.94,460.18,44.90,76.90,0.6058,-1,-1,-1
79,995,959.16,54.60,103.82,86.87,0.0697,-1,-1,-1
79,996,349.74,3.87,108.05,122.10,1.0000,-1,-1,-1
79,999,470.43,121.88,176.94,80.40,0.0246,-1,-1,-1
79,1005,1811.95,223.53,153.00,330.61,1.0000,-1,-1,-1
79,1009,351.66,322.10,134.25,163.58,1.0000,-1,-1,-1
79,1013,132.44,485.57,275.65,154.70,0.0521,-1,-1,-1
79,1017,1400.12,897.34,147.41,181.02,0.0215,-1,-1,-1
79,1018,583.99,0.79,150.12,82.85,0.0770,-1,-1,-1
79,1019,385.90,588.10,99.60,164.57,0.1085,-1,-1,-1
79,1020,815.05,717.28,73.97,80.10,0.1178,-1,-1,-1
79,1023,587.18,841.51,117.67,138.29,0.0232,-1,-1,-1
79,1025,948.54,546.55,37.48,62.40,0.0170,-1,-1,-1
79,1026,981.27,222.28,84.96,94.31,0.0512,-1,-1,-1
79,1027,1040.12,339.84,125.36,98.26,0.4099,-1,-1,-1
80,5,1270.51,989.06,177.12,168.65,1.0000,-1,-1,-1
80,127,1695.92,776.30,327.07,300.89,1.0000,-1,-1,-1
80,135,1135.45,339.29,30.30,32.20,1.0000,-1,-1,-1
80,152,2237.11,1253.77,-459.90,-172.90,1.0000,-1,-1,-1
80,156,2184.75,935.74,249.23,254.69,1.0000,-1,-1,-1
80,183,1231.52,401.86,92.84,90.80,0.9114,-1,-1,-1
80,233,1930.61,797.39,26.73,107.84,1.0000,-1,-1,-1
80,245,813.63,125.51,157.47,167.22,0.0187,-1,-1,-1
80,251,2159.19,478.47,161.17,165.70,1.0000,-1,-1,-1
80,270,1429.41,1240.71,-420.54,-160.27,1.0000,-1,-1,-1
80,310,154.75,541.45,121.29,108.45,0.7655,-1,-1,-1
80,348,908.69,522.82,43.49,44.48,1.0000,-1,-1,-1
80,353,2197.10,1145.99,152.21,157.12,1.0000,-1,-1,-1
80,354,1696.59,845.06,122.70,132.11,1.0000,-1,-1,-1
80,360,1088.49,326.56,78.51,78.52,1.0000,-1,-1,-1
80,423,1580.61,61.31,-225.74,-194.81,1.0000,-1,-1,-1
80,447,745.63,495.74,146.96,137.36,0.9015,-1,-1,-1
80,472,1370.07,731.10,210.18,202.70,0.1323,-1,-1,-1
80,480,1856.24,1286.24,-289.33,-190.74,1.0000,-1,-1,-1
80,483,578.75,658.07,197.16,139.05,1.0000,-1,-1,-1
80,489,1186.58,633.08,129.06,119.54,1.0000,-1,-1,-1
80,491,417.36,356.66,91.53,90.03,0.5997,-1,-1,-1
80,495,702.18,255.86,-130.32,-81.16,1.0000,-1,-1,-1
80,497,1022.90,144.81,122.50,134.27,0.7632,-1,-1,-1
80,509,1054.58,849.07,88.12,76.48,1.0000,-1,-1,-1
80,527,-165.36,528.70,227.78,190.70,1.0000,-1,-1,-1
80,535,1001.99,499.84,167.13,139.44,1.0000,-1,-1,-1
80,540,1393.69,927.75,173.61,172.46,1.0000,-1,-1,-1
80,543,1533.54,705.48,140.08,107.74,1.0000,-1,-1,-1
80,550,656.31,206.16,84.25,98.05,0.0510,-1,-1,-1
80,552,417.16,-5.00,-707.91,-1085.30,1.0000,-1,-1,-1
80,570,939.47,420.29,79.43,79.47,1.0000,-1,-1,-1
80,573,1243.82,1756.07,-354.44,-357.42,1.0000,-1,-1,-1
80,576,1052.26,6.09,1689.77,536.04,1.0000,-1,-1,-1
80,579,1154.17,862.71,-21.31,-25.60,1.0000,-1,-1,-1
80,580,-52.81,1189.19,-333.25,-457.91,1.0000,-1,-1,-1
80,584,1225.86,523.77,46.31,45.41,1.0000,-1,-1,-1
80,589,1342.93,806.87,61.48,51.32,1.0000,-1,-1,-1
80,593,978.68,656.13,-187.82,-117.54,1.0000,-1,-1,-1
80,594,60.40,649.06,138.03,116.69,0.7364,-1,-1,-1
80,595,244.77,1482.47,-628.44,-1668.26,1.0000,-1,-1,-1
80,596,379.85,1215.55,-246.23,-283.64,1.0000,-1,-1,-1
80,597,1015.81,899.22,47.13,35.01,1.0000,-1,-1,-1
80,598,1496.74,737.48,-504.71,-458.06,1.0000,-1,-1,-1
80,599,1134.61,1164.23,491.98,416.57,1.0000,-1,-1,-1
80,601,1209.60,1028.69,-97.39,-150.26,1.0000,-1,-1,-1
80,606,1038.80,938.76,8.68,7.03,1.0000,-1,-1,-1
80,613,32.82,557.39,273.40,354.69,1.0000,-1,-1,-1
80,615,917.32,441.32,150.67,153.96,1.0000,-1,-1,-1
80,621,1224.85,733.25,109.31,128.41,1.0000,-1,-1,-1
80,622,1268.59,762.45,65.35,58.35,1.0000,-1,-1,-1
80,623,430.10,62.60,436.61,224.22,1.0000,-1,-1,-1
80,624,1675.25,1290.65,-174.38,-200.44,1.0000,-1,-1,-1
80,626,344.12,551.04,20.89,16.33,1.0000,-1,-1,-1
80,630,39.63,1302.87,-118.01,-452.82,1.0000,-1,-1,-1
80,634,577.53,842.68,-205.95,-148.37,1.0000,-1,-1,-1
80,636,229.54,686.25,127.41,110.94,0.7528,-1,-1,-1
80,642,1464.97,593.74,12.12,12.45,1.0000,-1,-1,-1
80,643,331.14,1232.27,-212.05,-118.50,1.0000,-1,-1,-1
80,644,385.41,559.59,103.52,101.25,1.0000,-1,-1,-1
80,646,1206.75,537.88,118.34,107.73,0.3774,-1,-1,-1
80,657,1262.81,562.23,72.01,71.72,1.0000,-1,-1,-1
80,663,348.29,673.96,124.53,112.36,1.0000,-1,-1,-1
80,668,1479.04,525.48,181.60,142.56,0.9104,-1,-1,-1
80,669,-121.15,817.23,331.96,411.52,1.0000,-1,-1,-1
80,673,222.10,820.06,67.31,73.87,1.0000,-1,-1,-1
80,675,1286.94,776.69,144.29,182.50,1.0000,-1,-1,-1
80,678,183.66,1155.73,-145.28,-73.07,1.0000,-1,-1,-1
80,681,298.60,75.74,895.28,813.29,1.0000,-1,-1,-1
80,684,1759.42,750.89,267.22,159.81,1.0000,-1,-1,-1
80,686,867.61,356.59,107.03,58.49,1.0000,-1,-1,-1
80,687,1785.28,723.61,196.11,165.72,1.0000,-1,-1,-1
80,690,1261.07,577.85,2153.98,484.32,1.0000,-1,-1,-1
80,692,673.16,-33.33,232.38,272.50,1.0000,-1,-1,-1
80,693,998.58,168.96,12.04,11.60,1.0000,-1,-1,-1
80,695,558.32,441.12,117.97,109.55,0.8644,-1,-1,-1
80,697,342.66,705.93,33.64,23.83,1.0000,-1,-1,-1
80,698,531.38,-594.11,22.96,27.63,1.0000,-1,-1,-1
80,700,325.68,962.47,172.31,121.33,1.0000,-1,-1,-1
80,703,-245.41,629.53,205.58,229.20,1.0000,-1,-1,-1
80,704,1200.43,515.50,364.50,253.54,1.0000,-1,-1,-1
80,705,661.03,906.64,145.81,134.08,1.0000,-1,-1,-1
80,708,-138.25,12.87,740.43,495.86,1.0000,-1,-1,-1
80,711,1730.93,699.60,202.15,186.79,1.0000,-1,-1,-1
80,712,389.62,586.50,58.49,56.41,0.0192,-1,-1,-1
80,714,-57.65,77.93,123.09,83.75,1.0000,-1,-1,-1
80,715,1852.07,732.08,110.30,230.61,1.0000,-1,-1,-1
80,716,918.58,348.16,-14.20,-7.42,1.0000,-1,-1,-1
80,717,1582.12,805.07,43.26,259.20,1.0000,-1,-1,-1
80,719,709.62,1.26,39.33,71.61,1.0000,-1,-1,-1
80,720,1722.77,1040.38,174.50,37.42,1.0000,-1,-1,-1
80,723,1968.32,1002.88,114.18,75.81,1.0000,-1,-1,-1
80,727,1894.70,694.71,12.61,41.25,1.0000,-1,-1,-1
80,730,592.94,828.13,70.45,65.85,1.0000,-1,-1,-1
80,746,577.28,1867.85,-633.71,-777.97,1.0000,-1,-1,-1
80,749,1009.40,436.95,-4.72,-3.79,1.0000,-1,-1,-1
80,758,1330.53,423.28,-121.28,-162.38,1.0000,-1,-1,-1
80,762,264.89,1040.43,96.66,38.58,1.0000,-1,-1,-1
80,764,884.21,672.46,76.06,84.79,1.0000,-1,-1,-1
80,766,856.12,811.50,57.76,71.72,1.0000,-1,-1,-1
80,769,149.26,1007.58,109.26,70.09,1.0000,-1,-1,-1
80,771,716.66,913.29,531.91,165.67,1.0000,-1,-1,-1
80,772,446.77,863.40,-122.11,-175.77,1.0000,-1,-1,-1
80,775,911.68,674.88,119.25,100.97,1.0000,-1,-1,-1
80,780,883.71,390.06,303.72,131.10,1.0000,-1,-1,-1
80,783,797.72,655.78,95.73,91.10,0.8703,-1,-1,-1
80,785,1609.77,868.60,542.76,478.13,1.0000,-1,-1,-1
80,790,917.01,239.12,89.46,78.54,1.0000,-1,-1,-1
80,796,591.74,-18.98,69.75,46.05,1.0000,-1,-1,-1
80,797,1008.77,299.82,111.79,68.26,1.0000,-1,-1,-1
80,799,626.49,676.24,146.21,127.22,0.8879,-1,-1,-1
80,801,731.45,509.12,62.65,60.15,1.0000,-1,-1,-1
80,803,1649.10,676.16,93.33,112.45,1.0000,-1,-1,-1
80,809,583.33,335.89,-5.92,-5.60,1.0000,-1,-1,-1
80,810,951.32,211.57,123.99,108.19,0.5771,-1,-1,-1
80,813,1237.87,585.27,84.05,77.32,0.7375,-1,-1,-1
80,817,1129.35,679.67,397.50,243.48,1.0000,-1,-1,-1
80,819,1114.91,285.98,38.18,46.58,1.0000,-1,-1,-1
80,820,1624.44,1039.70,163.98,36.16,1.0000,-1,-1,-1
80,821,1044.96,722.70,46.38,48.71,1.0000,-1,-1,-1
80,822,796.93,278.46,193.51,156.25,1.0000,-1,-1,-1
80,829,1007.88,312.23,82.48,68.27,0.4854,-1,-1,-1
80,830,850.76,800.41,97.18,106.42,1.0000,-1,-1,-1
80,839,1005.17,692.09,129.37,117.25,0.9082,-1,-1,-1
80,840,1162.13,900.94,158.82,176.64,0.0971,-1,-1,-1
80,841,1670.42,111.72,180.72,283.95,0.9494,-1,-1,-1
80,846,271.86,500.37,121.06,111.50,0.6251,-1,-1,-1
80,849,787.03,797.04,80.08,81.73,1.0000,-1,-1,-1
80,851,1339.86,664.64,87.28,85.61,0.8610,-1,-1,-1
80,852,465.29,107.88,195.97,93.59,1.0000,-1,-1,-1
80,858,192.68,694.27,104.37,103.27,1.0000,-1,-1,-1
80,859,467.83,989.28,317.41,84.93,1.0000,-1,-1,-1
80,864,921.91,416.62,-61.70,-90.16,1.0000,-1,-1,-1
80,867,939.07,212.58,117.97,61.83,1.0000,-1,-1,-1
80,876,35.33,310.36,56.52,91.74,1.0000,-1,-1,-1
80,877,1238.16,220.69,95.31,78.30,1.0000,-1,-1,-1
80,879,1146.32,602.09,117.25,91.81,0.7549,-1,-1,-1
80,880,337.45,935.37,83.61,132.90,1.0000,-1,-1,-1
80,883,686.88,415.89,94.46,80.46,0.7426,-1,-1,-1
80,887,365.06,901.76,135.38,140.38,1.0000,-1,-1,-1
80,888,969.83,891.11,20.91,21.01,1.0000,-1,-1,-1
80,889,-46.69,355.68,50.13,103.73,1.0000,-1,-1,-1
80,891,811.24,1019.76,106.58,62.47,1.0000,-1,-1,-1
80,892,1820.34,1070.30,4.37,25.40,1.0000,-1,-1,-1
80,899,161.28,1006.47,74.79,49.15,1.0000,-1,-1,-1
80,902,-34.85,949.36,181.56,118.33,1.0000,-1,-1,-1
80,905,1081.75,335.48,85.75,85.53,1.0000,-1,-1,-1
80,907,1315.36,656.70,-67.25,-55.87,1.0000,-1,-1,-1
80,916,678.43,308.36,110.50,108.35,0.9080,-1,-1,-1
80,917,262.21,788.40,62.06,69.08,1.0000,-1,-1,-1
80,919,979.08,50.30,127.33,136.44,1.0000,-1,-1,-1
80,926,1016.42,344.48,145.15,111.67,1.0000,-1,-1,-1
80,934,916.45,527.15,-13.35,-8.61,1.0000,-1,-1,-1
80,935,113.56,735.19,90.44,89.10,0.4794,-1,-1,-1
80,939,1738.43,1014.41,106.33,63.09,1.0000,-1,-1,-1
80,943,563.19,483.59,112.14,77.42,1.0000,-1,-1,-1
80,947,1493.63,108.76,164.47,68.06,1.0000,-1,-1,-1
80,956,272.91,597.13,119.06,117.07,0.3062,-1,-1,-1
80,964,741.38,1022.42,115.89,56.29,1.0000,-1,-1,-1
80,969,1859.77,707.06,53.04,184.71,1.0000,-1,-1,-1
80,972,836.86,840.21,216.44,239.90,1.0000,-1,-1,-1
80,974,-28.19,784.78,434.23,287.55,0.6688,-1,-1,-1
80,980,958.13,382.14,115.95,109.09,0.8839,-1,-1,-1
80,990,882.10,461.64,48.61,79.21,0.5534,-1,-1,-1
80,995,950.24,51.27,103.17,86.31,0.0131,-1,-1,-1
80,996,344.26,4.51,110.41,124.77,1.0000,-1,-1,-1
80,999,471.67,121.79,195.92,88.83,0.0495,-1,-1,-1
80,1005,1837.22,240.69,135.59,292.99,1.0000,-1,-1,-1
80,1009,360.36,292.17,143.15,174.43,1.0000,-1,-1,-1
80,1013,117.29,485.22,286.36,161.85,0.0116,-1,-1,-1
80,1017,1401.80,901.42,144.19,177.07,1.0000,-1,-1,-1
80,1018,573.31,0.20,154.59,85.28,0.0583,-1,-1,-1
80,1019,383.67,587.67,101.96,163.70,0.3681,-1,-1,-1
80,1020,820.48,703.74,58.18,61.33,0.0109,-1,-1,-1
80,1023,586.92,842.16,115.00,135.15,1.0000,-1,-1,-1
80,1025,947.54,546.74,37.78,62.91,1.0000,-1,-1,-1
80,1026,985.26,266.77,48.78,54.15,1.0000,-1,-1,-1
80,1027,1052.07,319.60,129.67,101.95,0.1297,-1,-1,-1
80,1028,229.75,583.94,315.10,166.96,0.4414,-1,-1,-1
80,1029,947.72,342.47,57.71,62.12,0.0534,-1,-1,-1
80,1030,453.15,826.58,92.05,170.00,0.0422,-1,-1,-1
80,1031,1890.07,965.15,32.21,113.41,0.0128,-1,-1,-1
80,1032,962.80,53.75,107.83,45.59,0.0112,-1,-1,-1
80,1033,1095.10,891.52,275.14,185.79,0.0165,-1,-1,-1
80,1036,227.27,0.91,189.94,115.94,0.1540,-1,-1,-1
80,1039,940.20,79.27,71.31,76.20,0.0206,-1,-1,-1
81,5,1273.46,999.50,179.32,170.74,1.0000,-1,-1,-1
81,127,1705.88,776.75,331.33,304.81,1.0000,-1,-1,-1
81,135,1138.06,342.01,28.91,30.72,1.0000,-1,-1,-1
81,152,2258.13,1261.61,-480.52,-180.66,1.0000,-1,-1,-1
81,156,2201.03,942.30,251.27,256.77,1.0000,-1,-1,-1
81,183,1236.17,410.85,91.20,89.02,0.9265,-1,-1,-1
81,233,1933.62,805.45,25.48,102.81,1.0000,-1,-1,-1
81,245,821.34,131.59,153.92,162.84,0.0416,-1,-1,-1
81,251,2173.89,479.96,161.96,166.52,1.0000,-1,-1,-1
81,270,1454.53,1249.74,-443.93,-169.18,1.0000,-1,-1,-1
81,310,158.48,573.28,102.30,85.57,0.6856,-1,-1,-1
81,348,911.61,529.10,42.86,43.84,1.0000,-1,-1,-1
81,354,1719.77,853.72,120.99,130.27,1.0000,-1,-1,-1
81,360,1085.05,329.73,78.61,78.62,1.0000,-1,-1,-1
81,447,737.10,514.98,150.75,142.55,0.9112,-1,-1,-1
81,472,1364.49,742.45,217.35,214.61,0.2269,-1,-1,-1
81,480,1900.80,1321.12,-339.36,-223.72,1.0000,-1,-1,-1
81,483,583.19,674.05,198.40,139.92,1.0000,-1,-1,-1
81,489,1198.58,632.96,130.67,121.03,1.0000,-1,-1,-1
81,491,423.69,364.08,84.11,84.71,0.5366,-1,-1,-1
81,495,712.67,262.96,-138.56,-86.29,1.0000,-1,-1,-1
81,497,1020.78,155.17,122.83,135.89,0.6123,-1,-1,-1
81,509,1055.82,862.09,87.79,76.20,1.0000,-1,-1,-1
81,527,-180.94,534.93,229.91,192.48,1.0000,-1,-1,-1
81,535,1005.47,495.45,168.74,140.78,1.0000,-1,-1,-1
81,540,1398.64,939.30,176.49,175.33,1.0000,-1,-1,-1
81,543,1535.01,717.40,140.00,107.68,1.0000,-1,-1,-1
81,550,660.14,211.23,81.55,95.31,0.1067,-1,-1,-1
81,570,943.00,421.20,78.86,78.90,1.0000,-1,-1,-1
81,573,1277.98,1785.50,-371.88,-375.01,1.0000,-1,-1,-1
81,576,1037.27,6.18,1733.84,550.02,1.0000,-1,-1,-1
81,579,1164.61,873.05,-24.49,-29.42,1.0000,-1,-1,-1
81,580,-54.35,1212.34,-346.74,-476.44,1.0000,-1,-1,-1
81,584,1229.98,528.91,46.26,45.36,1.0000,-1,-1,-1
81,589,1346.09,815.50,61.07,50.99,1.0000,-1,-1,-1
81,593,991.61,664.16,-198.76,-124.39,1.0000,-1,-1,-1
81,594,52.21,651.85,137.35,115.61,0.7511,-1,-1,-1
81,595,252.78,1527.66,-654.39,-1737.14,1.0000,-1,-1,-1
81,596,385.15,1232.70,-257.16,-296.23,1.0000,-1,-1,-1
81,597,1019.57,902.12,45.60,33.87,1.0000,-1,-1,-1
81,598,1516.88,738.42,-525.49,-476.92,1.0000,-1,-1,-1
81,599,1120.14,1177.75,504.09,426.82,1.0000,-1,-1,-1
81,601,1223.52,1040.29,-102.25,-157.76,1.0000,-1,-1,-1
81,606,1042.20,942.91,4.77,3.86,1.0000,-1,-1,-1
81,613,24.98,567.95,276.02,358.08,1.0000,-1,-1,-1
81,615,919.32,440.54,153.98,157.34,1.0000,-1,-1,-1
81,621,1229.01,728.28,108.07,126.95,1.0000,-1,-1,-1
81,622,1275.08,760.84,64.76,57.82,1.0000,-1,-1,-1
81,623,433.43,64.57,444.81,228.43,1.0000,-1,-1,-1
81,624,1680.95,1303.23,-182.42,-209.68,1.0000,-1,-1,-1
81,626,339.00,555.26,16.42,12.83,1.0000,-1,-1,-1
81,630,40.45,1330.16,-123.16,-472.55,1.0000,-1,-1,-1
81,634,588.30,848.49,-218.07,-157.11,1.0000,-1,-1,-1
81,636,215.09,676.61,133.56,117.74,0.7414,-1,-1,-1
81,642,1473.75,602.47,8.80,9.04,1.0000,-1,-1,-1
81,643,338.94,1241.39,-225.37,-125.94,1.0000,-1,-1,-1
81,644,381.25,571.07,103.01,100.75,1.0000,-1,-1,-1
81,646,1200.27,531.85,115.78,104.80,0.1149,-1,-1,-1
81,657,1261.86,573.92,72.82,72.52,1.0000,-1,-1,-1
81,663,343.59,673.82,124.86,112.66,1.0000,-1,-1,-1
81,668,1477.41,546.50,179.35,142.09,0.8837,-1,-1,-1
81,669,-127.95,826.01,343.73,426.12,1.0000,-1,-1,-1
81,673,221.22,823.65,67.39,73.96,1.0000,-1,-1,-1
81,675,1286.89,777.33,144.69,183.01,1.0000,-1,-1,-1
81,678,183.23,1159.92,-153.30,-77.10,1.0000,-1,-1,-1
81,681,289.04,57.52,923.25,838.69,1.0000,-1,-1,-1
81,684,1759.66,751.97,272.46,162.95,1.0000,-1,-1,-1
81,686,873.16,351.98,108.92,59.53,1.0000,-1,-1,-1
81,687,1784.15,723.51,201.56,170.33,1.0000,-1,-1,-1
81,690,1247.65,561.92,2222.55,499.74,1.0000,-1,-1,-1
81,692,660.89,-36.21,238.18,279.30,1.0000,-1,-1,-1
81,693,990.48,163.59,9.99,9.63,1.0000,-1,-1,-1
81,695,554.65,443.26,115.93,108.55,0.9063,-1,-1,-1
81,697,343.90,704.83,30.93,21.90,1.0000,-1,-1,-1
81,698,501.39,-639.17,18.39,22.13,1.0000,-1,-1,-1
81,700,334.01,960.11,176.13,124.01,1.0000,-1,-1,-1
81,703,-264.90,638.46,208.62,232.60,1.0000,-1,-1,-1
81,704,1196.79,507.34,375.84,261.42,1.0000,-1,-1,-1
81,705,662.36,906.22,145.10,133.43,1.0000,-1,-1,-1
81,708,-149.14,13.50,758.81,508.17,1.0000,-1,-1,-1
81,711,1727.21,698.53,208.74,192.89,1.0000,-1,-1,-1
81,712,388.48,585.79,54.24,52.31,1.0000,-1,-1,-1
81,714,-60.34,75.40,125.90,85.66,1.0000,-1,-1,-1
81,715,1850.24,731.46,113.92,238.19,1.0000,-1,-1,-1
81,716,917.75,352.29,-18.85,-9.85,1.0000,-1,-1,-1
81,717,1568.82,798.35,44.32,265.54,1.0000,-1,-1,-1
81,719,710.29,1.27,37.14,67.63,1.0000,-1,-1,-1
81,720,1725.96,1040.22,175.07,37.55,1.0000,-1,-1,-1
81,723,1978.48,1003.86,113.04,75.05,1.0000,-1,-1,-1
81,727,1894.40,694.07,12.40,40.58,1.0000,-1,-1,-1
81,730,594.86,834.48,70.12,65.55,1.0000,-1,-1,-1
81,746,596.16,1909.85,-667.38,-819.31,1.0000,-1,-1,-1
81,749,1012.04,443.34,-8.75,-7.03,1.0000,-1,-1,-1
81,758,1333.41,428.60,-130.56,-174.80,1.0000,-1,-1,-1
81,762,267.79,1039.92,98.01,39.12,1.0000,-1,-1,-1
81,764,884.89,674.94,76.35,85.11,1.0000,-1,-1,-1
81,766,858.57,813.90,57.27,71.11,1.0000,-1,-1,-1
81,769,145.59,1005.89,111.88,71.77,1.0000,-1,-1,-1
81,771,717.67,908.31,548.34,170.79,1.0000,-1,-1,-1
81,772,451.77,873.30,-132.19,-190.29,1.0000,-1,-1,-1
81,775,906.97,678.82,120.64,102.15,1.0000,-1,-1,-1
81,780,880.42,394.66,313.86,135.48,1.0000,-1,-1,-1
81,783,795.05,660.66,96.91,92.96,0.8428,-1,-1,-1
81,785,1599.32,870.71,563.58,496.47,1.0000,-1,-1,-1
81,790,910.68,237.28,90.11,79.11,1.0000,-1,-1,-1
81,796,582.59,-22.68,64.00,42.26,1.0000,-1,-1,-1
81,797,996.80,299.66,113.88,69.54,1.0000,-1,-1,-1
81,799,625.05,693.06,144.34,126.41,0.9083,-1,-1,-1
81,801,725.49,516.29,62.64,60.15,1.0000,-1,-1,-1
81,803,1641.75,673.74,93.35,112.47,1.0000,-1,-1,-1
81,809,571.31,316.44,-11.32,-10.71,1.0000,-1,-1,-1
81,810,948.40,217.96,119.91,107.15,0.4504,-1,-1,-1
81,813,1234.29,592.01,83.54,74.89,0.6493,-1,-1,-1
81,817,1122.55,681.14,413.63,253.36,1.0000,-1,-1,-1
81,819,1111.26,286.58,38.01,46.37,1.0000,-1,-1,-1
81,820,1623.76,1039.72,163.44,36.04,1.0000,-1,-1,-1
81,821,1043.78,721.50,45.71,48.00,1.0000,-1,-1,-1
81,822,780.88,279.38,200.25,161.69,1.0000,-1,-1,-1
81,829,1013.40,313.09,83.07,68.64,0.6526,-1,-1,-1
81,830,844.94,801.44,96.07,105.20,1.0000,-1,-1,-1
81,839,1005.71,687.20,131.90,119.33,0.8978,-1,-1,-1
81,840,1173.38,934.57,137.52,148.12,0.2925,-1,-1,-1
81,841,1660.28,118.94,186.49,275.40,0.9340,-1,-1,-1
81,846,276.79,522.82,100.85,92.19,0.7229,-1,-1,-1
81,849,782.25,807.72,79.82,81.46,1.0000,-1,-1,-1
81,851,1348.79,666.88,86.12,85.23,0.8724,-1,-1,-1
81,852,461.06,108.48,197.32,94.24,1.0000,-1,-1,-1
81,858,187.06,693.72,106.30,105.18,1.0000,-1,-1,-1
81,859,461.12,988.63,319.02,85.36,1.0000,-1,-1,-1
81,864,922.89,417.24,-72.96,-106.62,1.0000,-1,-1,-1
81,867,930.45,210.58,121.66,63.77,1.0000,-1,-1,-1
81,876,29.51,310.96,56.54,91.77,1.0000,-1,-1,-1
81,877,1235.10,219.28,99.20,81.49,1.0000,-1,-1,-1
81,879,1144.02,601.22,117.51,92.62,0.5966,-1,-1,-1
81,880,359.13,936.95,83.67,133.00,1.0000,-1,-1,-1
81,883,688.19,418.65,92.41,80.52,0.7572,-1,-1,-1
81,887,352.20,901.59,137.61,142.70,1.0000,-1,-1,-1
81,888,970.66,891.43,16.04,16.11,1.0000,-1,-1,-1
81,889,-55.08,355.24,50.39,104.25,1.0000,-1,-1,-1
81,891,811.92,1021.80,104.24,61.10,1.0000,-1,-1,-1
81,892,1814.85,1087.90,1.79,10.41,1.0000,-1,-1,-1
81,899,170.47,1004.97,75.33,49.51,1.0000,-1,-1,-1
81,902,-44.79,950.27,180.53,117.66,1.0000,-1,-1,-1
81,905,1076.51,340.82,88.31,88.08,1.0000,-1,-1,-1
81,907,1321.55,657.69,-81.38,-67.61,1.0000,-1,-1,-1
81,916,687.01,306.99,110.80,108.83,0.9205,-1,-1,-1
81,917,231.93,790.13,61.60,68.56,1.0000,-1,-1,-1
81,919,980.97,54.87,129.67,138.93,1.0000,-1,-1,-1
81,926,1023.36,340.70,147.44,113.44,1.0000,-1,-1,-1
81,934,920.30,536.17,-23.76,-15.33,1.0000,-1,-1,-1
81,935,108.29,731.36,91.98,89.29,0.6357,-1,-1,-1
81,939,1736.40,1017.03,102.61,60.88,1.0000,-1,-1,-1
81,943,554.35,483.68,114.46,79.03,1.0000,-1,-1,-1
81,947,1488.88,118.64,162.70,67.32,1.0000,-1,-1,-1
81,956,280.41,605.99,116.54,113.28,0.1512,-1,-1,-1
81,964,738.14,1024.58,112.14,54.46,1.0000,-1,-1,-1
81,969,1857.28,703.71,54.91,191.21,1.0000,-1,-1,-1
81,972,830.80,845.48,232.47,257.68,1.0000,-1,-1,-1
81,974,11.58,795.11,421.63,279.15,0.0284,-1,-1,-1
81,980,951.13,366.70,119.07,112.70,0.8791,-1,-1,-1
81,990,880.49,463.34,51.82,80.14,0.1559,-1,-1,-1
81,995,949.20,50.37,101.00,84.49,1.0000,-1,-1,-1
81,996,338.78,5.15,112.77,127.43,1.0000,-1,-1,-1
81,999,473.97,121.25,207.74,94.15,0.0492,-1,-1,-1
81,1005,1862.49,257.84,118.18,255.36,1.0000,-1,-1,-1
81,1009,369.05,262.24,152.05,185.27,1.0000,-1,-1,-1
81,1013,103.78,483.71,299.80,169.45,1.0000,-1,-1,-1
81,1017,1403.47,905.50,140.98,173.12,1.0000,-1,-1,-1
81,1018,567.02,0.05,156.30,86.23,1.0000,-1,-1,-1
81,1019,395.11,575.78,98.85,151.33,0.7207,-1,-1,-1
81,1020,809.56,733.37,70.40,74.65,0.0436,-1,-1,-1
81,1023,586.66,842.82,112.33,132.01,1.0000,-1,-1,-1
81,1025,946.56,547.78,38.54,64.13,0.0184,-1,-1,-1
81,1026,989.24,311.26,12.60,13.99,1.0000,-1,-1,-1
81,1027,1076.41,308.96,122.07,94.72,0.3036,-1,-1,-1
81,1028,255.81,567.41,300.16,159.76,0.2746,-1,-1,-1
81,1029,947.15,344.75,55.44,59.99,0.0123,-1,-1,-1
81,1030,452.45,827.29,90.29,166.65,0.1348,-1,-1,-1
81,1031,1890.96,968.74,31.17,110.29,0.0187,-1,-1,-1
81,1032,937.40,16.41,173.20,74.30,0.0494,-1,-1,-1
81,1033,1093.87,877.84,295.39,199.46,1.0000,-1,-1,-1
81,1036,222.87,0.91,191.56,116.89,0.1479,-1,-1,-1
81,1039,960.27,83.85,72.23,75.43,0.0171,-1,-1,-1
81,1042,-32.23,39.34,524.01,587.88,0.0569,-1,-1,-1
81,1044,115.43,709.53,64.54,74.74,0.0353,-1,-1,-1
81,1045,421.98,892.67,563.68,185.38,0.0288,-1,-1,-1
81,1050,1161.98,593.85,158.60,98.72,0.4126,-1,-1,-1
82,5,1276.41,1009.93,181.51,172.82,1.0000,-1,-1,-1
82,127,1715.84,777.20,335.58,308.72,1.0000,-1,-1,-1
82,135,1140.67,344.74,27.51,29.24,1.0000,-1,-1,-1
82,152,2279.15,1269.46,-501.15,-188.41,1.0000,-1,-1,-1
82,156,2217.31,948.85,253.31,258.85,1.0000,-1,-1,-1
82,183,1241.86,416.89,90.61,88.45,0.9070,-1,-1,-1
82,233,1936.64,813.51,24.23,97.77,1.0000,-1,-1,-1
82,245,823.12,132.65,161.02,170.18,0.0283,-1,-1,-1
82,251,2188.59,481.45,162.75,167.33,1.0000,-1,-1,-1
82,270,1479.66,1258.77,-467.32,-178.10,1.0000,-1,-1,-1
82,310,154.97,588.64,95.14,79.57,1.0000,-1,-1,-1
82,348,914.53,535.38,42.24,43.20,1.0000,-1,-1,-1
82,354,1742.94,862.39,119.28,128.43,1.0000,-1,-1,-1
82,360,1081.61,332.91,78.71,78.72,1.0000,-1,-1,-1
82,447,733.30,532.54,149.89,143.16,0.9202,-1,-1,-1
82,472,1366.63,750.85,223.52,226.02,0.0671,-1,-1,-1
82,480,1945.35,1356.00,-389.40,-256.70,1.0000,-1,-1,-1
82,491,428.66,369.35,82.67,86.03,0.5223,-1,-1,-1
82,495,723.17,270.07,-146.80,-91.42,1.0000,-1,-1,-1
82,497,1015.53,163.09,128.02,142.96,0.6640,-1,-1,-1
82,509,1057.07,875.10,87.46,75.91,1.0000,-1,-1,-1
82,535,1008.96,491.07,170.35,142.12,1.0000,-1,-1,-1
82,540,1403.60,950.85,179.38,178.19,1.0000,-1,-1,-1
82,543,1536.48,729.33,139.91,107.61,1.0000,-1,-1,-1
82,550,664.34,215.51,78.55,91.82,0.3017,-1,-1,-1
82,570,946.54,422.11,78.29,78.32,1.0000,-1,-1,-1
82,573,1312.14,1814.92,-389.32,-392.60,1.0000,-1,-1,-1
82,576,1022.27,6.26,1777.91,564.00,1.0000,-1,-1,-1
82,579,1175.05,883.38,-27.67,-33.23,1.0000,-1,-1,-1
82,580,-55.90,1235.48,-360.23,-494.98,1.0000,-1,-1,-1
82,584,1234.10,534.04,46.20,45.31,1.0000,-1,-1,-1
82,589,1349.25,824.12,60.67,50.65,1.0000,-1,-1,-1
82,593,1004.54,672.18,-209.70,-131.23,1.0000,-1,-1,-1
82,594,50.39,657.43,134.09,112.34,0.7429,-1,-1,-1
82,595,260.80,1572.85,-680.34,-1806.02,1.0000,-1,-1,-1
82,596,390.45,1249.86,-268.08,-308.81,1.0000,-1,-1,-1
82,597,1023.34,905.03,44.07,32.73,1.0000,-1,-1,-1
82,598,1537.02,739.37,-546.28,-495.79,1.0000,-1,-1,-1
82,599,1105.68,1191.26,516.19,437.06,1.0000,-1,-1,-1
82,606,1045.61,947.06,0.85,0.69,1.0000,-1,-1,-1
82,613,17.14,578.51,278.63,361.47,1.0000,-1,-1,-1
82,615,921.31,439.76,157.29,160.73,1.0000,-1,-1,-1
82,621,1233.17,723.31,106.82,125.49,1.0000,-1,-1,-1
82,622,1281.58,759.23,64.18,57.30,1.0000,-1,-1,-1
82,623,436.76,66.54,453.01,232.64,1.0000,-1,-1,-1
82,624,1686.64,1315.82,-190.46,-218.92,1.0000,-1,-1,-1
82,626,333.88,559.48,11.95,9.34,1.0000,-1,-1,-1
82,630,41.27,1357.45,-128.30,-492.28,1.0000,-1,-1,-1
82,634,599.06,854.29,-230.19,-165.84,1.0000,-1,-1,-1
82,636,211.73,671.76,132.47,117.24,0.8058,-1,-1,-1
82,642,1482.54,611.21,5.48,5.63,1.0000,-1,-1,-1
82,643,346.74,1250.51,-238.69,-133.39,1.0000,-1,-1,-1
82,644,377.08,582.56,102.50,100.25,1.0000,-1,-1,-1
82,646,1196.23,517.75,122.24,111.57,0.0183,-1,-1,-1
82,657,1260.92,585.61,73.62,73.32,1.0000,-1,-1,-1
82,663,338.89,673.68,125.19,112.96,1.0000,-1,-1,-1
82,668,1479.18,561.49,180.56,144.30,0.8675,-1,-1,-1
82,669,-134.75,834.79,355.51,440.72,1.0000,-1,-1,-1
82,673,220.34,827.24,67.48,74.05,1.0000,-1,-1,-1
82,675,1286.84,777.97,145.09,183.51,1.0000,-1,-1,-1
82,678,182.80,1164.11,-161.31,-81.13,1.0000,-1,-1,-1
82,681,279.48,39.29,951.21,864.09,1.0000,-1,-1,-1
82,684,1759.89,753.05,277.71,166.08,1.0000,-1,-1,-1
82,686,878.71,347.36,110.81,60.56,1.0000,-1,-1,-1
82,687,1783.03,723.40,207.01,174.93,1.0000,-1,-1,-1
82,690,1234.24,545.98,2291.12,515.16,1.0000,-1,-1,-1
82,692,648.62,-39.10,243.99,286.11,1.0000,-1,-1,-1
82,693,982.39,158.21,7.95,7.66,1.0000,-1,-1,-1
82,695,554.92,443.63,111.42,105.40,0.8103,-1,-1,-1
82,697,345.15,703.73,28.21,19.98,1.0000,-1,-1,-1
82,698,471.40,-684.24,13.83,16.64,1.0000,-1,-1,-1
82,700,342.33,957.75,179.94,126.70,1.0000,-1,-1,-1
82,703,-284.39,647.39,211.67,235.99,1.0000,-1,-1,-1
82,704,1193.15,499.19,387.17,269.31,1.0000,-1,-1,-1
82,705,663.69,905.81,144.39,132.77,1.0000,-1,-1,-1
82,708,-160.02,14.13,777.18,520.48,1.0000,-1,-1,-1
82,711,1723.48,697.45,215.33,198.98,1.0000,-1,-1,-1
82,712,387.35,585.08,49.99,48.22,1.0000,-1,-1,-1
82,714,-63.03,72.88,128.71,87.57,1.0000,-1,-1,-1
82,715,1848.40,730.84,117.55,245.77,1.0000,-1,-1,-1
82,716,916.92,356.42,-23.51,-12.28,1.0000,-1,-1,-1
82,717,1555.51,791.64,45.37,271.87,1.0000,-1,-1,-1
82,719,710.96,1.28,34.95,63.65,1.0000,-1,-1,-1
82,720,1729.16,1040.06,175.64,37.67,1.0000,-1,-1,-1
82,723,1988.64,1004.85,111.90,74.30,1.0000,-1,-1,-1
82,727,1894.10,693.42,12.20,39.91,1.0000,-1,-1,-1
82,730,596.78,840.82,69.80,65.24,1.0000,-1,-1,-1
82,746,615.05,1951.85,-701.06,-860.65,1.0000,-1,-1,-1
82,749,1014.68,449.73,-12.78,-10.27,1.0000,-1,-1,-1
82,758,1336.30,433.92,-139.84,-187.23,1.0000,-1,-1,-1
82,762,270.68,1039.41,99.36,39.66,1.0000,-1,-1,-1
82,764,885.58,677.43,76.63,85.43,1.0000,-1,-1,-1
82,766,861.03,816.31,56.78,70.51,1.0000,-1,-1,-1
82,769,141.91,1004.19,114.50,73.45,1.0000,-1,-1,-1
82,771,718.68,903.34,564.76,175.91,1.0000,-1,-1,-1
82,772,456.78,883.20,-142.28,-204.80,1.0000,-1,-1,-1
82,775,902.26,682.77,122.04,103.34,1.0000,-1,-1,-1
82,780,877.12,399.25,324.00,139.85,1.0000,-1,-1,-1
82,783,796.81,666.08,94.56,91.32,0.8784,-1,-1,-1
82,785,1588.87,872.82,584.40,514.81,1.0000,-1,-1,-1
82,790,904.35,235.45,90.76,79.68,1.0000,-1,-1,-1
82,796,573.44,-26.39,58.26,38.46,1.0000,-1,-1,-1
82,797,984.82,299.50,115.97,70.82,1.0000,-1,-1,-1
82,799,626.25,706.74,144.28,127.13,0.9006,-1,-1,-1
82,801,719.53,523.47,62.64,60.14,1.0000,-1,-1,-1
82,803,1634.39,671.32,93.36,112.49,1.0000,-1,-1,-1
82,809,559.30,297.00,-16.72,-15.82,1.0000,-1,-1,-1
82,810,948.72,220.36,118.50,108.48,0.2954,-1,-1,-1
82,813,1221.18,586.84,95.14,83.39,0.3650,-1,-1,-1
82,817,1115.75,682.60,429.76,263.24,1.0000,-1,-1,-1
82,819,1107.61,287.18,37.84,46.16,1.0000,-1,-1,-1
82,820,1623.08,1039.74,162.89,35.92,1.0000,-1,-1,-1
82,821,1042.60,720.30,45.03,47.29,1.0000,-1,-1,-1
82,822,764.84,280.31,206.99,167.13,1.0000,-1,-1,-1
82,829,1015.17,315.55,80.27,66.96,0.6295,-1,-1,-1
82,830,839.12,802.47,94.96,103.98,1.0000,-1,-1,-1
82,839,1009.25,680.74,133.15,120.60,0.9159,-1,-1,-1
82,840,1184.89,963.17,117.56,120.26,0.2201,-1,-1,-1
82,841,1654.25,120.98,193.56,270.05,0.9393,-1,-1,-1
82,846,299.58,553.52,77.94,71.08,0.0358,-1,-1,-1
82,849,777.47,818.40,79.56,81.19,1.0000,-1,-1,-1
82,851,1360.77,667.09,84.58,84.07,0.8773,-1,-1,-1
82,852,456.84,109.08,198.67,94.88,1.0000,-1,-1,-1
82,858,181.44,693.17,108.23,107.08,1.0000,-1,-1,-1
82,859,454.40,987.98,320.63,85.79,1.0000,-1,-1,-1
82,864,923.87,417.85,-84.22,-123.07,1.0000,-1,-1,-1
82,867,921.84,208.59,125.36,65.71,1.0000,-1,-1,-1
82,876,23.68,311.55,56.56,91.80,1.0000,-1,-1,-1
82,877,1232.04,217.88,103.09,84.68,1.0000,-1,-1,-1
82,879,1142.19,596.15,119.96,95.42,0.4423,-1,-1,-1
82,880,380.81,938.53,83.73,133.09,1.0000,-1,-1,-1
82,883,692.69,418.08,92.12,81.40,0.5895,-1,-1,-1
82,887,339.35,901.42,139.84,145.01,1.0000,-1,-1,-1
82,888,971.50,891.75,11.16,11.22,1.0000,-1,-1,-1
82,889,-63.48,354.80,50.64,104.77,1.0000,-1,-1,-1
82,891,812.60,1023.85,101.90,59.73,1.0000,-1,-1,-1
82,892,1809.36,1105.51,-0.79,-4.57,1.0000,-1,-1,-1
82,899,179.65,1003.48,75.88,49.87,1.0000,-1,-1,-1
82,902,-54.72,951.17,179.50,116.98,1.0000,-1,-1,-1
82,905,1071.28,346.16,90.87,90.64,1.0000,-1,-1,-1
82,907,1327.73,658.68,-95.51,-79.35,1.0000,-1,-1,-1
82,916,696.94,304.34,112.01,110.41,0.9300,-1,-1,-1
82,917,201.65,791.87,61.14,68.04,1.0000,-1,-1,-1
82,919,982.86,59.44,132.00,141.43,1.0000,-1,-1,-1
82,926,1030.30,336.93,149.74,115.21,1.0000,-1,-1,-1
82,934,924.16,545.19,-34.18,-22.05,1.0000,-1,-1,-1
82,935,106.31,725.74,96.25,92.06,0.3952,-1,-1,-1
82,939,1734.38,1019.66,98.88,58.67,1.0000,-1,-1,-1
82,943,545.50,483.77,116.78,80.63,1.0000,-1,-1,-1
82,947,1484.14,128.52,160.93,66.59,1.0000,-1,-1,-1
82,956,287.00,609.58,118.74,114.71,0.1080,-1,-1,-1
82,964,734.91,1026.74,108.39,52.64,1.0000,-1,-1,-1
82,969,1854.79,700.36,56.77,197.71,1.0000,-1,-1,-1
82,972,824.74,850.74,248.51,275.45,1.0000,-1,-1,-1
82,974,27.67,782.24,437.64,293.16,0.3097,-1,-1,-1
82,980,950.63,351.60,117.50,112.33,0.8381,-1,-1,-1
82,990,880.90,463.28,56.16,82.72,0.0305,-1,-1,-1
82,995,948.16,49.46,98.83,82.68,1.0000,-1,-1,-1
82,996,333.29,5.78,115.12,130.09,1.0000,-1,-1,-1
82,999,473.54,122.00,200.14,90.38,0.0751,-1,-1,-1
82,1005,1887.76,275.00,100.77,217.74,1.0000,-1,-1,-1
82,1009,377.75,232.31,160.95,196.11,1.0000,-1,-1,-1
82,1013,90.28,482.21,313.25,177.04,1.0000,-1,-1,-1
82,1017,1405.14,909.59,137.77,169.18,1.0000,-1,-1,-1
82,1018,560.73,-0.11,158.01,87.17,1.0000,-1,-1,-1
82,1019,394.53,585.22,82.78,121.65,0.6529,-1,-1,-1
82,1020,808.48,742.44,73.95,78.88,0.0492,-1,-1,-1
82,1023,586.41,843.47,109.67,128.88,1.0000,-1,-1,-1
82,1025,945.57,548.21,38.96,64.83,1.0000,-1,-1,-1
82,1026,993.23,355.75,-23.58,-26.17,1.0000,-1,-1,-1
82,1027,1089.68,295.46,118.92,92.48,0.3224,-1,-1,-1
82,1028,255.03,537.86,340.93,183.49,0.0174,-1,-1,-1
82,1029,949.64,343.86,47.55,51.58,0.0295,-1,-1,-1
82,1030,460.43,826.47,86.78,159.24,0.0917,-1,-1,-1
82,1031,1893.73,956.26,33.95,123.14,0.0193,-1,-1,-1
82,1032,930.65,2.93,193.58,83.04,1.0000,-1,-1,-1
82,1033,1092.64,864.17,315.65,213.14,1.0000,-1,-1,-1
82,1036,219.26,0.69,198.28,121.17,0.2867,-1,-1,-1
82,1039,947.71,64.05,81.52,85.50,0.0336,-1,-1,-1
82,1042,-20.45,105.40,504.90,567.71,0.0465,-1,-1,-1
82,1044,116.41,720.23,48.71,53.08,0.0214,-1,-1,-1
82,1045,384.51,844.69,698.61,232.80,0.0277,-1,-1,-1
82,1050,1156.99,588.89,166.02,103.00,0.7485,-1,-1,-1
82,1051,283.00,93.66,114.03,64.96,0.5926,-1,-1,-1
82,1052,1782.03,494.92,92.49,169.57,0.8913,-1,-1,-1
82,1053,1138.76,319.44,132.09,76.36,0.0559,-1,-1,-1
82,1055,962.73,159.75,180.29,171.83,0.1609,-1,-1,-1
82,1064,1645.48,328.12,143.07,63.40,0.0284,-1,-1,-1
82,1065,1044.61,247.90,255.82,77.83,0.0494,-1,-1,-1
83,5,1279.36,1020.37,183.70,174.91,1.0000,-1,-1,-1
83,127,1725.79,777.65,339.84,312.64,1.0000,-1,-1,-1
83,135,1143.27,347.46,26.12,27.76,1.0000,-1,-1,-1
83,156,2233.59,955.41,255.35,260.94,1.0000,-1,-1,-1
83,183,1246.07,419.42,91.81,89.66,0.9204,-1,-1,-1
83,233,1939.66,821.58,22.98,92.73,1.0000,-1,-1,-1
83,245,831.10,132.19,159.97,168.07,0.0526,-1,-1,-1
83,251,2203.30,482.94,163.55,168.15,1.0000,-1,-1,-1
83,270,1504.78,1267.80,-490.71,-187.01,1.0000,-1,-1,-1
83,310,151.47,604.00,87.97,73.58,1.0000,-1,-1,-1
83,348,917.45,541.65,41.61,42.56,1.0000,-1,-1,-1
83,354,1766.11,871.05,117.58,126.59,1.0000,-1,-1,-1
83,360,1078.17,336.08,78.81,78.82,1.0000,-1,-1,-1
83,447,730.53,549.20,148.56,142.83,0.9127,-1,-1,-1
83,472,1365.80,757.10,228.40,237.59,0.1639,-1,-1,-1
83,480,1989.90,1390.89,-439.44,-289.69,1.0000,-1,-1,-1
83,491,429.55,374.57,82.97,88.82,0.1717,-1,-1,-1
83,495,733.66,277.18,-155.04,-96.55,1.0000,-1,-1,-1
83,497,1013.07,171.04,127.38,142.90,0.6935,-1,-1,-1
83,509,1058.32,888.12,87.14,75.63,1.0000,-1,-1,-1
83,535,1012.44,486.69,171.96,143.46,1.0000,-1,-1,-1
83,540,1408.55,962.41,182.26,181.06,1.0000,-1,-1,-1
83,543,1537.95,741.25,139.82,107.54,1.0000,-1,-1,-1
83,550,666.92,217.17,78.22,91.68,0.5855,-1,-1,-1
83,570,950.07,423.03,77.71,77.75,1.0000,-1,-1,-1
83,584,1238.22,539.18,46.15,45.26,1.0000,-1,-1,-1
83,589,1352.40,832.75,60.26,50.31,1.0000,-1,-1,-1
83,593,1017.47,680.20,-220.64,-138.08,1.0000,-1,-1,-1
83,594,65.11,693.80,106.35,81.18,0.3725,-1,-1,-1
83,613,9.31,589.07,281.24,364.86,1.0000,-1,-1,-1
83,621,1237.33,718.34,105.58,124.04,1.0000,-1,-1,-1
83,623,440.09,68.51,461.22,236.85,1.0000,-1,-1,-1
83,626,328.76,563.70,7.48,5.84,1.0000,-1,-1,-1
83,634,609.83,860.09,-242.32,-174.57,1.0000,-1,-1,-1
83,636,205.73,670.90,126.98,111.37,0.7841,-1,-1,-1
83,642,1491.33,619.94,2.16,2.22,1.0000,-1,-1,-1
83,643,354.53,1259.63,-252.02,-140.83,1.0000,-1,-1,-1
83,644,372.92,594.04,101.99,99.75,1.0000,-1,-1,-1
83,646,1193.86,509.28,122.86,113.16,0.0194,-1,-1,-1
83,657,1259.98,597.31,74.43,74.13,1.0000,-1,-1,-1
83,663,334.19,673.54,125.53,113.27,1.0000,-1,-1,-1
83,668,1477.28,575.30,182.51,147.22,0.8551,-1,-1,-1
83,669,-141.56,843.56,367.28,455.31,1.0000,-1,-1,-1
83,673,219.46,830.82,67.56,74.14,1.0000,-1,-1,-1
83,675,1286.78,778.61,145.49,184.02,1.0000,-1,-1,-1
83,678,182.38,1168.29,-169.32,-85.16,1.0000,-1,-1,-1
83,681,269.92,21.06,979.17,889.50,1.0000,-1,-1,-1
83,684,1760.13,754.13,282.96,169.22,1.0000,-1,-1,-1
83,686,884.25,342.75,112.70,61.59,1.0000,-1,-1,-1
83,687,1781.91,723.30,212.45,179.53,1.0000,-1,-1,-1
83,690,1220.82,530.05,2359.68,530.58,1.0000,-1,-1,-1
83,692,636.35,-41.98,249.79,292.91,1.0000,-1,-1,-1
83,693,974.29,152.84,5.90,5.69,1.0000,-1,-1,-1
83,695,555.11,442.82,107.71,103.08,0.8480,-1,-1,-1
83,697,346.39,702.63,25.49,18.05,1.0000,-1,-1,-1
83,698,441.41,-729.30,9.26,11.14,1.0000,-1,-1,-1
83,700,350.66,955.39,183.75,129.38,1.0000,-1,-1,-1
83,703,-303.89,656.32,214.71,239.39,1.0000,-1,-1,-1
83,704,1189.51,491.04,398.50,277.19,1.0000,-1,-1,-1
83,705,665.02,905.39,143.67,132.11,1.0000,-1,-1,-1
83,708,-170.90,14.75,795.56,532.79,1.0000,-1,-1,-1
83,711,1719.76,696.38,221.92,205.07,1.0000,-1,-1,-1
83,712,386.21,584.38,45.74,44.12,1.0000,-1,-1,-1
83,714,-65.73,70.35,131.52,89.49,1.0000,-1,-1,-1
83,715,1846.56,730.22,121.17,253.35,1.0000,-1,-1,-1
83,716,916.08,360.55,-28.16,-14.71,1.0000,-1,-1,-1
83,717,1542.20,784.92,46.43,278.21,1.0000,-1,-1,-1
83,719,711.63,1.28,32.77,59.67,1.0000,-1,-1,-1
83,720,1732.35,1039.89,176.21,37.79,1.0000,-1,-1,-1
83,723,1998.80,1005.84,110.76,73.54,1.0000,-1,-1,-1
83,727,1893.80,692.78,12.00,39.25,1.0000,-1,-1,-1
83,730,598.70,847.17,69.47,64.93,1.0000,-1,-1,-1
83,746,633.93,1993.85,-734.73,-901.99,1.0000,-1,-1,-1
83,749,1017.32,456.12,-16.82,-13.51,1.0000,-1,-1,-1
83,758,1339.18,439.23,-149.11,-199.65,1.0000,-1,-1,-1
83,762,273.57,1038.91,100.71,40.20,1.0000,-1,-1,-1
83,764,886.26,679.92,76.92,85.75,1.0000,-1,-1,-1
83,766,863.48,818.71,56.30,69.90,1.0000,-1,-1,-1
83,769,138.24,1002.49,117.11,75.13,1.0000,-1,-1,-1
83,771,719.70,898.36,581.18,181.02,1.0000,-1,-1,-1
83,772,461.78,893.10,-152.36,-219.31,1.0000,-1,-1,-1
83,775,897.56,686.72,123.44,104.52,1.0000,-1,-1,-1
83,780,873.83,403.84,334.14,144.23,1.0000,-1,-1,-1
83,783,798.37,674.55,89.33,85.93,0.8911,-1,-1,-1
83,785,1578.42,874.93,605.21,533.15,1.0000,-1,-1,-1
83,790,898.02,233.61,91.41,80.25,1.0000,-1,-1,-1
83,796,564.29,-30.09,52.51,34.67,1.0000,-1,-1,-1
83,797,972.84,299.34,118.06,72.09,1.0000,-1,-1,-1
83,799,633.23,718.86,133.89,117.18,0.7145,-1,-1,-1
83,801,713.57,530.64,62.63,60.13,1.0000,-1,-1,-1
83,803,1627.04,668.90,93.38,112.51,1.0000,-1,-1,-1
83,809,547.28,277.56,-22.12,-20.93,1.0000,-1,-1,-1
83,810,950.20,225.70,111.20,104.17,0.1596,-1,-1,-1
83,813,1216.81,584.41,99.45,85.84,0.0800,-1,-1,-1
83,817,1108.95,684.07,445.90,273.13,1.0000,-1,-1,-1
83,819,1103.97,287.78,37.67,45.96,1.0000,-1,-1,-1
83,820,1622.40,1039.76,162.35,35.80,1.0000,-1,-1,-1
83,821,1041.43,719.11,44.35,46.58,1.0000,-1,-1,-1
83,822,748.80,281.23,213.72,172.57,1.0000,-1,-1,-1
83,829,1018.02,315.42,76.41,64.26,0.5605,-1,-1,-1
83,830,833.29,803.50,93.84,102.76,1.0000,-1,-1,-1
83,839,1009.53,674.77,136.56,124.25,0.8728,-1,-1,-1
83,840,1189.77,981.63,103.66,100.43,0.0635,-1,-1,-1
83,841,1646.59,120.35,200.83,265.74,0.9370,-1,-1,-1
83,846,296.08,563.76,73.62,67.13,1.0000,-1,-1,-1
83,849,772.68,829.08,79.30,80.93,1.0000,-1,-1,-1
83,851,1371.78,664.02,83.81,82.99,0.8718,-1,-1,-1
83,852,452.61,109.68,200.02,95.53,1.0000,-1,-1,-1
83,858,175.83,692.62,110.16,108.99,1.0000,-1,-1,-1
83,859,447.68,987.33,322.23,86.22,1.0000,-1,-1,-1
83,864,924.86,418.47,-95.48,-139.52,1.0000,-1,-1,-1
83,867,913.22,206.60,129.06,67.65,1.0000,-1,-1,-1
83,876,17.85,312.15,56.58,91.83,1.0000,-1,-1,-1
83,877,1228.98,216.48,106.98,87.88,1.0000,-1,-1,-1
83,879,1139.45,588.44,124.13,99.69,0.0537,-1,-1,-1
83,880,402.48,940.12,83.79,133.19,1.0000,-1,-1,-1
83,883,698.04,417.86,91.42,81.45,0.5719,-1,-1,-1
83,887,326.49,901.25,142.07,147.32,1.0000,-1,-1,-1
83,888,972.33,892.07,6.28,6.32,1.0000,-1,-1,-1
83,889,-71.87,354.35,50.89,105.29,1.0000,-1,-1,-1
83,891,813.29,1025.89,99.56,58.36,1.0000,-1,-1,-1
83,892,1803.87,1123.12,-3.36,-19.56,1.0000,-1,-1,-1
83,899,188.84,1001.99,76.43,50.23,1.0000,-1,-1,-1
83,902,-64.66,952.08,178.46,116.31,1.0000,-1,-1,-1
83,905,1066.05,351.50,93.43,93.19,1.0000,-1,-1,-1
83,907,1333.92,659.67,-109.64,-91.09,1.0000,-1,-1,-1
83,916,704.07,300.22,114.70,113.36,0.9126,-1,-1,-1
83,917,171.37,793.60,60.67,67.53,1.0000,-1,-1,-1
83,919,984.74,64.02,134.33,143.93,1.0000,-1,-1,-1
83,926,1037.23,333.16,152.04,116.97,1.0000,-1,-1,-1
83,934,928.01,554.20,-44.59,-28.77,1.0000,-1,-1,-1
83,935,101.04,718.25,102.77,97.41,0.4671,-1,-1,-1
83,939,1732.35,1022.28,95.15,56.46,1.0000,-1,-1,-1
83,943,536.66,483.87,119.11,82.24,1.0000,-1,-1,-1
83,947,1479.39,138.39,159.15,65.85,1.0000,-1,-1,-1
83,956,293.50,614.01,117.05,112.43,0.7443,-1,-1,-1
83,964,731.67,1028.90,104.63,50.82,1.0000,-1,-1,-1
83,969,1852.30,697.00,58.64,204.21,1.0000,-1,-1,-1
83,972,818.69,856.00,264.54,293.22,1.0000,-1,-1,-1
83,974,16.18,759.36,472.07,316.22,1.0000,-1,-1,-1
83,980,952.87,337.76,113.68,109.52,0.8951,-1,-1,-1
83,990,877.49,466.79,57.40,84.54,1.0000,-1,-1,-1
83,995,947.12,48.56,96.66,80.86,1.0000,-1,-1,-1
83,996,327.81,6.42,117.48,132.76,1.0000,-1,-1,-1
83,999,474.27,121.01,207.25,93.59,1.0000,-1,-1,-1
83,1005,1913.03,292.16,83.36,180.12,1.0000,-1,-1,-1
83,1009,386.45,202.39,169.85,206.96,1.0000,-1,-1,-1
83,1013,76.77,480.70,326.69,184.64,1.0000,-1,-1,-1
83,1017,1406.81,913.67,134.55,165.23,1.0000,-1,-1,-1
83,1018,554.44,-0.27,159.72,88.11,1.0000,-1,-1,-1
83,1019,395.01,592.23,74.33,103.54,0.7379,-1,-1,-1
83,1020,814.11,742.79,65.24,69.47,0.1914,-1,-1,-1
83,1023,586.15,844.13,107.00,125.74,1.0000,-1,-1,-1
83,1025,950.36,546.22,38.01,63.00,0.0137,-1,-1,-1
83,1026,997.21,400.24,-59.76,-66.34,1.0000,-1,-1,-1
83,1027,1102.93,283.58,117.95,91.74,1.0000,-1,-1,-1
83,1028,260.63,516.42,353.13,190.05,1.0000,-1,-1,-1
83,1029,951.95,340.05,40.59,44.31,0.0521,-1,-1,-1
83,1030,462.81,825.43,86.34,157.14,0.0385,-1,-1,-1
83,1031,1895.63,955.89,34.14,123.82,1.0000,-1,-1,-1
83,1032,923.89,-10.55,213.96,91.78,1.0000,-1,-1,-1
83,1033,1091.41,850.49,335.90,226.82,1.0000,-1,-1,-1
83,1036,214.94,0.61,205.92,126.04,0.2226,-1,-1,-1
83,1039,948.26,61.38,83.79,87.87,1.0000,-1,-1,-1
83,1042,-31.06,124.80,534.15,604.21,0.0219,-1,-1,-1
83,1044,127.98,739.31,18.01,19.62,1.0000,-1,-1,-1
83,1045,362.91,801.34,805.73,273.49,0.2687,-1,-1,-1
83,1050,1151.63,581.97,172.44,106.71,0.8159,-1,-1,-1
83,1051,280.74,97.22,116.79,66.36,0.5317,-1,-1,-1
83,1052,1754.08,440.75,89.08,155.67,0.9238,-1,-1,-1
83,1053,1149.53,320.32,123.21,71.89,0.0105,-1,-1,-1
83,1055,963.89,167.83,170.26,161.74,0.0129,-1,-1,-1
83,1064,1645.46,330.47,133.62,59.21,1.0000,-1,-1,-1
83,1065,1114.48,258.97,196.95,61.02,0.0162,-1,-1,-1
83,1066,18.94,945.51,79.31,126.41,0.1803,-1,-1,-1
83,1068,1415.13,751.69,142.65,101.48,0.0814,-1,-1,-1
83,1070,823.97,2.60,46.93,46.84,0.0154,-1,-1,-1
84,5,1282.31,1030.80,185.89,177.00,1.0000,-1,-1,-1
84,135,1145.88,350.18,24.73,26.28,1.0000,-1,-1,-1
84,156,2249.86,961.96,257.39,263.02,1.0000,-1,-1,-1
84,183,1248.54,425.63,92.93,90.49,0.8830,-1,-1,-1
84,233,1942.68,829.64,21.73,87.70,1.0000,-1,-1,-1
84,245,831.90,134.61,162.36,168.59,0.0175,-1,-1,-1
84,251,2218.00,484.43,164.34,168.97,1.0000,-1,-1,-1
84,270,1529.91,1276.84,-514.10,-195.92,1.0000,-1,-1,-1
84,310,147.96,619.36,80.81,67.59,1.0000,-1,-1,-1
84,348,920.37,547.93,40.99,41.93,1.0000,-1,-1,-1
84,354,1789.29,879.72,115.87,124.75,1.0000,-1,-1,-1
84,360,1074.73,339.26,78.91,78.92,1.0000,-1,-1,-1
84,447,720.94,568.58,159.78,155.41,0.9011,-1,-1,-1
84,472,1367.66,767.30,229.21,244.59,0.0595,-1,-1,-1
84,480,2034.46,1425.77,-489.47,-322.67,1.0000,-1,-1,-1
84,491,422.00,380.65,84.94,92.19,0.5832,-1,-1,-1
84,495,744.15,284.28,-163.27,-101.68,1.0000,-1,-1,-1
84,497,1008.24,179.90,127.84,143.42,1.0000,-1,-1,-1
84,509,1059.57,901.14,86.81,75.34,1.0000,-1,-1,-1
84,540,1413.51,973.96,185.14,183.92,1.0000,-1,-1,-1
84,543,1539.42,753.18,139.74,107.47,1.0000,-1,-1,-1
84,550,667.08,219.45,78.26,91.91,0.2342,-1,-1,-1
84,570,953.61,423.94,77.14,77.17,1.0000,-1,-1,-1
84,584,1242.34,544.31,46.10,45.21,1.0000,-1,-1,-1
84,589,1355.56,841.37,59.86,49.97,1.0000,-1,-1,-1
84,593,1030.39,688.22,-231.58,-144.93,1.0000,-1,-1,-1
84,594,57.76,701.49,102.91,78.56,1.0000,-1,-1,-1
84,613,1.47,599.63,283.85,368.25,1.0000,-1,-1,-1
84,621,1241.49,713.37,104.34,122.58,1.0000,-1,-1,-1
84,623,443.43,70.48,469.42,241.07,1.0000,-1,-1,-1
84,626,323.65,567.92,3.01,2.35,1.0000,-1,-1,-1
84,634,620.59,865.90,-254.44,-183.31,1.0000,-1,-1,-1
84,636,210.35,690.91,104.73,88.43,0.8906,-1,-1,-1
84,642,1500.11,628.67,-1.16,-1.19,1.0000,-1,-1,-1
84,643,362.33,1268.75,-265.34,-148.28,1.0000,-1,-1,-1
84,644,368.75,605.52,101.47,99.25,1.0000,-1,-1,-1
84,646,1192.02,504.29,124.02,115.15,0.0102,-1,-1,-1
84,657,1259.04,609.00,75.24,74.93,1.0000,-1,-1,-1
84,663,329.49,673.40,125.86,113.57,1.0000,-1,-1,-1
84,668,1476.05,592.49,178.95,145.07,0.8743,-1,-1,-1
84,669,-148.36,852.34,379.05,469.91,1.0000,-1,-1,-1
84,673,218.58,834.41,67.64,74.23,1.0000,-1,-1,-1
84,675,1286.73,779.25,145.89,184.53,1.0000,-1,-1,-1
84,678,181.95,1172.48,-177.34,-89.19,1.0000,-1,-1,-1
84,681,260.36,2.83,1007.14,914.90,1.0000,-1,-1,-1
84,684,1760.37,755.21,288.20,172.36,1.0000,-1,-1,-1
84,686,889.80,338.13,114.60,62.63,1.0000,-1,-1,-1
84,687,1780.78,723.19,217.90,184.13,1.0000,-1,-1,-1
84,690,1207.41,514.11,2428.25,545.99,1.0000,-1,-1,-1
84,692,624.08,-44.86,255.60,299.72,1.0000,-1,-1,-1
84,693,966.19,147.46,3.86,3.72,1.0000,-1,-1,-1
84,695,554.76,442.37,104.87,101.18,0.7715,-1,-1,-1
84,697,347.64,701.54,22.78,16.13,1.0000,-1,-1,-1
84,698,411.43,-774.36,4.69,5.64,1.0000,-1,-1,-1
84,700,358.99,953.04,187.56,132.06,1.0000,-1,-1,-1
84,703,-323.38,665.25,217.76,242.78,1.0000,-1,-1,-1
84,704,1185.87,482.88,409.84,285.07,1.0000,-1,-1,-1
84,705,666.35,904.97,142.96,131.45,1.0000,-1,-1,-1
84,708,-181.78,15.38,813.94,545.10,1.0000,-1,-1,-1
84,711,1716.04,695.30,228.52,211.16,1.0000,-1,-1,-1
84,712,385.08,583.67,41.49,40.02,1.0000,-1,-1,-1
84,714,-68.42,67.83,134.32,91.40,1.0000,-1,-1,-1
84,715,1844.73,729.60,124.80,260.93,1.0000,-1,-1,-1
84,716,915.25,364.68,-32.81,-17.14,1.0000,-1,-1,-1
84,717,1528.90,778.21,47.49,284.55,1.0000,-1,-1,-1
84,719,712.30,1.29,30.58,55.69,1.0000,-1,-1,-1
84,720,1735.55,1039.73,176.79,37.91,1.0000,-1,-1,-1
84,723,2008.96,1006.82,109.62,72.78,1.0000,-1,-1,-1
84,727,1893.50,692.14,11.79,38.58,1.0000,-1,-1,-1
84,730,600.62,853.51,69.14,64.63,1.0000,-1,-1,-1
84,746,652.82,2035.85,-768.41,-943.33,1.0000,-1,-1,-1
84,749,1019.95,462.51,-20.85,-16.74,1.0000,-1,-1,-1
84,758,1342.06,444.55,-158.39,-212.07,1.0000,-1,-1,-1
84,762,276.46,1038.40,102.05,40.74,1.0000,-1,-1,-1
84,764,886.94,682.40,77.20,86.07,1.0000,-1,-1,-1
84,766,865.93,821.11,55.81,69.30,1.0000,-1,-1,-1
84,769,134.57,1000.80,119.73,76.81,1.0000,-1,-1,-1
84,771,720.71,893.39,597.60,186.14,1.0000,-1,-1,-1
84,772,466.78,903.00,-162.44,-233.83,1.0000,-1,-1,-1
84,775,892.85,690.67,124.83,105.70,1.0000,-1,-1,-1
84,780,870.54,408.43,344.28,148.61,1.0000,-1,-1,-1
84,783,794.41,679.75,88.83,85.45,1.0000,-1,-1,-1
84,785,1567.98,877.04,626.03,551.49,1.0000,-1,-1,-1
84,790,891.69,231.78,92.06,80.82,1.0000,-1,-1,-1
84,796,555.14,-33.80,46.76,30.87,1.0000,-1,-1,-1
84,797,960.86,299.18,120.15,73.37,1.0000,-1,-1,-1
84,799,639.53,733.61,118.50,101.64,0.6508,-1,-1,-1
84,801,707.61,537.81,62.62,60.13,1.0000,-1,-1,-1
84,803,1619.69,666.48,93.40,112.53,1.0000,-1,-1,-1
84,809,535.27,258.12,-27.52,-26.04,1.0000,-1,-1,-1
84,810,963.16,258.87,80.36,73.04,0.1037,-1,-1,-1
84,813,1218.04,586.02,98.73,85.05,0.3124,-1,-1,-1
84,817,1102.14,685.53,462.03,283.01,1.0000,-1,-1,-1
84,819,1100.32,288.38,37.50,45.75,1.0000,-1,-1,-1
84,820,1621.72,1039.78,161.80,35.68,1.0000,-1,-1,-1
84,821,1040.25,717.91,43.68,45.87,1.0000,-1,-1,-1
84,822,732.75,282.15,220.46,178.01,1.0000,-1,-1,-1
84,829,1015.22,315.48,74.78,62.52,0.5614,-1,-1,-1
84,830,827.47,804.53,92.73,101.54,1.0000,-1,-1,-1
84,839,1009.26,672.80,138.09,126.25,0.8077,-1,-1,-1
84,840,1202.64,1020.86,70.00,59.95,0.0964,-1,-1,-1
84,841,1633.95,127.37,203.84,256.33,0.9355,-1,-1,-1
84,846,292.57,574.00,69.29,63.19,1.0000,-1,-1,-1
84,849,767.90,839.76,79.04,80.66,1.0000,-1,-1,-1
84,851,1379.81,664.00,83.76,82.70,0.8536,-1,-1,-1
84,852,448.39,110.28,201.37,96.18,1.0000,-1,-1,-1
84,858,170.21,692.07,112.09,110.90,1.0000,-1,-1,-1
84,859,440.96,986.68,323.84,86.65,1.0000,-1,-1,-1
84,864,925.84,419.08,-106.74,-155.98,1.0000,-1,-1,-1
84,867,904.61,204.61,132.75,69.58,1.0000,-1,-1,-1
84,876,12.03,312.74,56.60,91.86,1.0000,-1,-1,-1
84,877,1225.92,215.08,110.87,91.07,1.0000,-1,-1,-1
84,879,1136.29,587.27,124.31,100.42,0.2513,-1,-1,-1
84,880,424.16,941.70,83.85,133.29,1.0000,-1,-1,-1
84,883,702.19,423.12,83.52,74.88,0.5016,-1,-1,-1
84,887,313.63,901.08,144.30,149.63,1.0000,-1,-1,-1
84,888,973.17,892.39,1.41,1.42,1.0000,-1,-1,-1
84,889,-80.26,353.91,51.14,105.81,1.0000,-1,-1,-1
84,891,813.97,1027.94,97.23,56.99,1.0000,-1,-1,-1
84,892,1798.39,1140.72,-5.94,-34.54,1.0000,-1,-1,-1
84,899,198.03,1000.49,76.98,50.59,1.0000,-1,-1,-1
84,902,-74.59,952.98,177.43,115.64,1.0000,-1,-1,-1
84,905,1060.82,356.84,95.99,95.75,1.0000,-1,-1,-1
84,907,1340.11,660.66,-123.77,-102.83,1.0000,-1,-1,-1
84,916,712.13,300.47,115.07,113.95,0.8629,-1,-1,-1
84,917,141.09,795.33,60.21,67.01,1.0000,-1,-1,-1
84,919,986.63,68.59,136.66,146.43,1.0000,-1,-1,-1
84,926,1044.17,329.38,154.34,118.74,1.0000,-1,-1,-1
84,934,931.86,563.22,-55.01,-35.49,1.0000,-1,-1,-1
84,935,111.39,738.19,86.21,78.47,0.3663,-1,-1,-1
84,939,1730.32,1024.91,91.43,54.24,1.0000,-1,-1,-1
84,943,527.81,483.96,121.43,83.84,1.0000,-1,-1,-1
84,947,1474.64,148.27,157.38,65.12,1.0000,-1,-1,-1
84,956,298.13,616.54,120.51,115.39,0.6053,-1,-1,-1
84,964,728.44,1031.06,100.88,48.99,1.0000,-1,-1,-1
84,969,1849.81,693.65,60.50,210.70,1.0000,-1,-1,-1
84,972,812.63,861.26,280.58,310.99,1.0000,-1,-1,-1
84,974,4.69,736.48,506.50,339.29,1.0000,-1,-1,-1
84,980,953.33,329.15,110.57,107.01,0.8571,-1,-1,-1
84,990,883.69,467.89,59.93,85.55,0.2693,-1,-1,-1
84,995,947.99,50.09,113.52,94.63,0.1631,-1,-1,-1
84,996,322.33,7.06,119.84,135.42,1.0000,-1,-1,-1
84,999,474.99,120.02,214.35,96.80,1.0000,-1,-1,-1
84,1005,1938.30,309.32,65.94,142.49,1.0000,-1,-1,-1
84,1009,395.15,172.46,178.75,217.80,1.0000,-1,-1,-1
84,1013,63.26,479.20,340.14,192.24,1.0000,-1,-1,-1
84,1017,1408.48,917.75,131.34,161.29,1.0000,-1,-1,-1
84,1018,548.15,-0.43,161.43,89.06,1.0000,-1,-1,-1
84,1019,401.50,596.86,70.62,93.91,0.8291,-1,-1,-1
84,1020,812.68,747.85,65.76,70.02,1.0000,-1,-1,-1
84,1023,585.89,844.78,104.33,122.61,1.0000,-1,-1,-1
84,1025,950.38,548.45,37.05,61.21,0.0142,-1,-1,-1
84,1026,1001.20,444.73,-95.94,-106.50,1.0000,-1,-1,-1
84,1027,1116.18,271.71,116.99,90.99,1.0000,-1,-1,-1
84,1028,266.23,494.99,365.33,196.62,1.0000,-1,-1,-1
84,1029,952.97,339.52,36.89,40.27,1.0000,-1,-1,-1
84,1030,461.00,825.90,90.30,163.66,0.0196,-1,-1,-1
84,1031,1897.53,955.52,34.33,124.50,1.0000,-1,-1,-1
84,1032,917.13,-24.03,234.34,100.52,1.0000,-1,-1,-1
84,1033,1090.19,836.81,356.16,240.49,1.0000,-1,-1,-1
84,1036,201.19,1.56,227.05,140.53,0.1032,-1,-1,-1
84,1039,946.02,74.02,74.78,78.32,0.0844,-1,-1,-1
84,1042,-36.08,147.23,547.01,618.75,1.0000,-1,-1,-1
84,1044,139.55,758.38,-12.70,-13.83,1.0000,-1,-1,-1
84,1045,337.85,752.80,921.28,320.76,0.0986,-1,-1,-1
84,1050,1145.82,581.67,172.91,106.56,0.6628,-1,-1,-1
84,1051,278.84,105.08,114.17,64.76,0.6107,-1,-1,-1
84,1052,1705.79,388.72,93.70,155.26,0.8663,-1,-1,-1
84,1053,1154.39,324.60,116.58,68.70,0.0135,-1,-1,-1
84,1055,968.27,179.71,157.30,148.85,0.6041,-1,-1,-1
84,1064,1645.44,332.82,124.17,55.03,1.0000,-1,-1,-1
84,1065,1025.83,263.02,309.40,98.96,0.1547,-1,-1,-1
84,1066,18.14,952.31,76.60,120.14,0.1275,-1,-1,-1
84,1068,1420.31,761.94,139.02,99.05,0.0821,-1,-1,-1
84,1070,827.10,2.42,43.71,43.62,1.0000,-1,-1,-1
84,1078,456.76,485.73,137.19,110.87,0.7833,-1,-1,-1
84,1080,294.05,599.27,204.04,135.85,0.1177,-1,-1,-1
84,1081,529.69,0.57,194.78,90.43,0.1842,-1,-1,-1
84,1085,1009.32,742.02,99.26,66.90,0.0290,-1,-1,-1
84,1088,211.57,61.87,212.20,105.37,0.0199,-1,-1,-1
84,1089,979.91,297.40,105.81,77.22,0.0106,-1,-1,-1
85,5,1285.26,1041.24,188.08,179.08,1.0000,-1,-1,-1
85,135,1148.49,352.90,23.34,24.80,1.0000,-1,-1,-1
85,183,1253.05,431.84,94.18,90.99,0.8508,-1,-1,-1
85,233,1945.70,837.70,20.49,82.66,1.0000,-1,-1,-1
85,245,836.42,133.55,163.03,169.29,1.0000,-1,-1,-1
85,251,2232.70,485.92,165.13,169.78,1.0000,-1,-1,-1
85,270,1555.04,1285.87,-537.50,-204.84,1.0000,-1,-1,-1
85,310,144.45,634.72,73.65,61.60,1.0000,-1,-1,-1
85,348,923.29,554.21,40.36,41.29,1.0000,-1,-1,-1
85,354,1812.46,888.38,114.16,122.91,1.0000,-1,-1,-1
85,360,1098.44,328.37,78.93,78.81,0.0276,-1,-1,-1
85,447,704.51,563.38,177.90,177.41,0.8172,-1,-1,-1
85,472,1370.78,779.94,227.18,248.26,0.0489,-1,-1,-1
85,480,2079.01,1460.65,-539.51,-355.66,1.0000,-1,-1,-1
85,491,416.98,390.31,86.29,93.46,0.4850,-1,-1,-1
85,495,754.65,291.39,-171.51,-106.81,1.0000,-1,-1,-1
85,497,1003.41,188.75,128.31,143.95,1.0000,-1,-1,-1
85,509,1060.82,914.15,86.48,75.06,1.0000,-1,-1,-1
85,540,1418.46,985.51,188.03,186.79,1.0000,-1,-1,-1
85,543,1540.89,765.10,139.65,107.41,1.0000,-1,-1,-1
85,550,671.52,228.78,73.65,86.22,0.1355,-1,-1,-1
85,570,957.15,424.86,76.57,76.60,1.0000,-1,-1,-1
85,584,1246.46,549.45,46.05,45.16,1.0000,-1,-1,-1
85,589,1358.72,849.99,59.45,49.64,1.0000,-1,-1,-1
85,594,50.41,709.17,99.47,75.93,1.0000,-1,-1,-1
85,613,-6.37,610.19,286.46,371.63,1.0000,-1,-1,-1
85,621,1245.65,708.40,103.10,121.12,1.0000,-1,-1,-1
85,626,318.53,572.14,-1.46,-1.14,1.0000,-1,-1,-1
85,634,631.36,871.70,-266.56,-192.04,1.0000,-1,-1,-1
85,636,206.18,692.48,102.19,86.29,1.0000,-1,-1,-1
85,643,370.13,1277.87,-278.66,-155.72,1.0000,-1,-1,-1
85,644,364.59,617.01,100.96,98.74,1.0000,-1,-1,-1
85,646,1187.82,506.13,125.97,116.95,1.0000,-1,-1,-1
85,657,1258.10,620.69,76.05,75.74,1.0000,-1,-1,-1
85,663,324.80,673.26,126.20,113.87,1.0000,-1,-1,-1
85,668,1475.80,611.13,177.81,144.73,0.8950,-1,-1,-1
85,669,-155.16,861.12,390.83,484.51,1.0000,-1,-1,-1
85,673,217.71,837.99,67.72,74.32,1.0000,-1,-1,-1
85,675,1286.68,779.90,146.30,185.04,1.0000,-1,-1,-1
85,678,181.52,1176.67,-185.35,-93.22,1.0000,-1,-1,-1
85,681,250.81,-15.40,1035.10,940.30,1.0000,-1,-1,-1
85,684,1760.61,756.29,293.45,175.49,1.0000,-1,-1,-1
85,686,895.34,333.52,116.49,63.66,1.0000,-1,-1,-1
85,687,1779.66,723.09,223.35,188.74,1.0000,-1,-1,-1
85,690,1194.00,498.18,2496.82,561.41,1.0000,-1,-1,-1
85,692,611.81,-47.75,261.40,306.53,1.0000,-1,-1,-1
85,693,958.09,142.09,1.81,1.75,1.0000,-1,-1,-1
85,695,555.52,444.21,108.83,106.68,0.5203,-1,-1,-1
85,697,348.88,700.44,20.06,14.21,1.0000,-1,-1,-1
85,698,381.44,-819.43,0.12,0.15,1.0000,-1,-1,-1
85,700,367.31,950.68,191.37,134.75,1.0000,-1,-1,-1
85,703,-342.87,674.18,220.80,246.18,1.0000,-1,-1,-1
85,704,1182.23,474.73,421.17,292.96,1.0000,-1,-1,-1
85,705,667.69,904.56,142.24,130.80,1.0000,-1,-1,-1
85,708,-192.67,16.01,832.31,557.40,1.0000,-1,-1,-1
85,711,1712.31,694.23,235.11,217.25,1.0000,-1,-1,-1
85,712,383.94,582.96,37.24,35.92,1.0000,-1,-1,-1
85,714,-71.11,65.30,137.13,93.31,1.0000,-1,-1,-1
85,715,1842.89,728.97,128.42,268.51,1.0000,-1,-1,-1
85,716,914.42,368.81,-37.46,-19.57,1.0000,-1,-1,-1
85,717,1515.59,771.50,48.55,290.88,1.0000,-1,-1,-1
85,719,712.97,1.30,28.39,51.70,1.0000,-1,-1,-1
85,720,1738.74,1039.57,177.36,38.04,1.0000,-1,-1,-1
85,723,2019.12,1007.81,108.48,72.03,1.0000,-1,-1,-1
85,727,1893.20,691.50,11.59,37.91,1.0000,-1,-1,-1
85,730,602.54,859.85,68.82,64.32,1.0000,-1,-1,-1
85,746,671.70,2077.85,-802.08,-984.68,1.0000,-1,-1,-1
85,749,1022.59,468.90,-24.88,-19.98,1.0000,-1,-1,-1
85,758,1344.94,449.87,-167.67,-224.49,1.0000,-1,-1,-1
85,762,279.35,1037.89,103.40,41.27,1.0000,-1,-1,-1
85,764,887.63,684.89,77.49,86.38,1.0000,-1,-1,-1
85,766,868.39,823.51,55.32,68.70,1.0000,-1,-1,-1
85,769,130.90,999.10,122.35,78.49,1.0000,-1,-1,-1
85,771,721.72,888.42,614.03,191.25,1.0000,-1,-1,-1
85,772,471.78,912.90,-172.53,-248.34,1.0000,-1,-1,-1
85,775,888.14,694.61,126.23,106.88,1.0000,-1,-1,-1
85,780,867.25,413.02,354.42,152.99,1.0000,-1,-1,-1
85,783,790.46,684.95,88.33,84.97,1.0000,-1,-1,-1
85,785,1557.53,879.16,646.85,569.83,1.0000,-1,-1,-1
85,790,885.36,229.95,92.71,81.39,1.0000,-1,-1,-1
85,796,545.98,-37.50,41.02,27.08,1.0000,-1,-1,-1
85,797,948.89,299.02,122.25,74.65,1.0000,-1,-1,-1
85,799,638.26,749.34,115.62,99.18,1.0000,-1,-1,-1
85,801,701.65,544.99,62.62,60.12,1.0000,-1,-1,-1
85,803,1612.33,664.06,93.41,112.55,1.0000,-1,-1,-1
85,809,523.25,238.67,-32.92,-31.15,1.0000,-1,-1,-1
85,810,981.29,277.87,66.16,55.35,0.0495,-1,-1,-1
85,813,1223.01,589.32,93.34,80.35,0.5504,-1,-1,-1
85,817,1095.34,687.00,478.17,292.89,1.0000,-1,-1,-1
85,819,1096.67,288.98,37.33,45.54,1.0000,-1,-1,-1
85,820,1621.04,1039.81,161.26,35.56,1.0000,-1,-1,-1
85,821,1039.07,716.71,43.00,45.16,1.0000,-1,-1,-1
85,822,716.71,283.08,227.20,183.44,1.0000,-1,-1,-1
85,829,1021.51,317.01,73.11,62.06,0.3602,-1,-1,-1
85,830,821.65,805.56,91.62,100.33,1.0000,-1,-1,-1
85,839,1007.40,672.77,143.03,132.04,0.8692,-1,-1,-1
85,840,1214.20,1046.43,45.02,33.73,0.0255,-1,-1,-1
85,841,1620.17,129.79,209.48,251.79,0.8919,-1,-1,-1
85,846,289.07,584.24,64.97,59.25,1.0000,-1,-1,-1
85,849,763.12,850.44,78.78,80.39,1.0000,-1,-1,-1
85,851,1388.64,663.52,83.32,81.93,0.8098,-1,-1,-1
85,852,444.17,110.88,202.72,96.82,1.0000,-1,-1,-1
85,858,164.59,691.52,114.02,112.81,1.0000,-1,-1,-1
85,859,434.25,986.03,325.45,87.08,1.0000,-1,-1,-1
85,864,926.83,419.70,-118.00,-172.43,1.0000,-1,-1,-1
85,867,895.99,202.62,136.45,71.52,1.0000,-1,-1,-1
85,876,6.20,313.34,56.62,91.89,1.0000,-1,-1,-1
85,877,1222.86,213.68,114.76,94.26,1.0000,-1,-1,-1
85,879,1134.73,591.13,120.97,98.36,0.5280,-1,-1,-1
85,880,445.84,943.28,83.92,133.39,1.0000,-1,-1,-1
85,883,704.47,430.15,81.48,74.10,0.6947,-1,-1,-1
85,887,300.78,900.91,146.53,151.94,1.0000,-1,-1,-1
85,888,974.00,892.71,-3.47,-3.48,1.0000,-1,-1,-1
85,889,-88.65,353.47,51.39,106.33,1.0000,-1,-1,-1
85,891,814.65,1029.98,94.89,55.62,1.0000,-1,-1,-1
85,892,1792.90,1158.33,-8.52,-49.53,1.0000,-1,-1,-1
85,899,207.21,999.00,77.52,50.95,1.0000,-1,-1,-1
85,902,-84.53,953.89,176.40,114.97,1.0000,-1,-1,-1
85,905,1055.59,362.17,98.55,98.30,1.0000,-1,-1,-1
85,907,1346.30,661.65,-137.91,-114.57,1.0000,-1,-1,-1
85,916,718.97,302.20,115.82,115.25,0.8946,-1,-1,-1
85,917,110.81,797.06,59.74,66.49,1.0000,-1,-1,-1
85,919,988.51,73.16,138.99,148.93,1.0000,-1,-1,-1
85,926,1051.11,325.61,156.63,120.51,1.0000,-1,-1,-1
85,934,935.71,572.23,-65.42,-42.21,1.0000,-1,-1,-1
85,935,104.01,740.43,86.59,78.82,1.0000,-1,-1,-1
85,939,1728.29,1027.53,87.70,52.03,1.0000,-1,-1,-1
85,943,518.97,484.06,123.76,85.44,1.0000,-1,-1,-1
85,947,1469.90,158.15,155.61,64.39,1.0000,-1,-1,-1
85,956,323.24,639.60,103.04,99.75,0.5628,-1,-1,-1
85,964,725.20,1033.22,97.12,47.17,1.0000,-1,-1,-1
85,969,1847.32,690.29,62.37,217.20,1.0000,-1,-1,-1
85,972,806.57,866.53,296.61,328.77,1.0000,-1,-1,-1
85,974,-6.80,713.60,540.93,362.35,1.0000,-1,-1,-1
85,980,955.58,321.69,106.82,103.69,0.8347,-1,-1,-1
85,990,887.25,473.44,61.43,85.32,0.0727,-1,-1,-1
85,995,941.90,49.49,117.06,98.64,0.0433,-1,-1,-1
85,996,316.84,7.70,122.19,138.08,1.0000,-1,-1,-1
85,999,476.59,122.29,210.23,94.47,0.0702,-1,-1,-1
85,1005,1963.56,326.48,48.53,104.87,1.0000,-1,-1,-1
85,1009,403.85,142.53,187.65,228.65,1.0000,-1,-1,-1
85,1013,49.76,477.70,353.58,199.84,1.0000,-1,-1,-1
85,1017,1410.15,921.83,128.13,157.34,1.0000,-1,-1,-1
85,1018,541.86,-0.58,163.14,90.00,1.0000,-1,-1,-1
85,1019,413.34,600.80,69.11,89.06,0.8377,-1,-1,-1
85,1020,811.25,752.92,66.28,70.58,1.0000,-1,-1,-1
85,1023,585.64,845.44,101.66,119.47,1.0000,-1,-1,-1
85,1025,950.46,548.80,36.99,61.10,1.0000,-1,-1,-1
85,1026,1005.18,489.22,-132.12,-146.66,1.0000,-1,-1,-1
85,1027,1129.43,259.83,116.03,90.24,1.0000,-1,-1,-1
85,1028,271.84,473.55,377.52,203.18,1.0000,-1,-1,-1
85,1029,953.99,339.00,33.19,36.23,1.0000,-1,-1,-1
85,1030,462.12,826.28,89.41,162.05,1.0000,-1,-1,-1
85,1031,1899.44,955.15,34.51,125.19,1.0000,-1,-1,-1
85,1032,910.38,-37.51,254.72,109.27,1.0000,-1,-1,-1
85,1033,1088.96,823.14,376.41,254.17,1.0000,-1,-1,-1
85,1036,194.80,2.49,268.08,167.72,0.2048,-1,-1,-1
85,1039,946.09,74.02,75.06,78.62,1.0000,-1,-1,-1
85,1042,-41.10,169.67,559.87,633.29,1.0000,-1,-1,-1
85,1044,151.12,777.46,-43.40,-47.29,1.0000,-1,-1,-1
85,1045,347.36,724.78,971.97,348.47,0.1069,-1,-1,-1
85,1050,1143.04,583.92,173.11,106.29,0.5162,-1,-1,-1
85,1051,279.25,116.62,109.75,61.99,0.7154,-1,-1,-1
85,1052,1677.87,351.10,93.25,144.08,0.9027,-1,-1,-1
85,1053,1165.66,327.56,107.53,63.37,1.0000,-1,-1,-1
85,1055,971.75,191.83,146.92,138.23,0.6706,-1,-1,-1
85,1064,1645.41,335.17,114.72,50.84,1.0000,-1,-1,-1
85,1065,1002.40,289.37,234.38,76.77,0.0446,-1,-1,-1
85,1066,12.90,959.78,73.21,113.46,0.0498,-1,-1,-1
85,1068,1412.88,777.15,145.48,103.55,0.0181,-1,-1,-1
85,1070,830.22,2.23,40.49,40.41,1.0000,-1,-1,-1
85,1078,469.97,461.02,141.31,115.27,0.1638,-1,-1,-1
85,1080,295.57,601.08,204.87,136.40,1.0000,-1,-1,-1
85,1081,502.68,0.81,212.43,98.35,0.0293,-1,-1,-1
85,1085,1009.79,738.30,104.34,70.33,1.0000,-1,-1,-1
85,1088,210.67,62.53,215.04,106.78,1.0000,-1,-1,-1
85,1089,979.16,291.97,111.77,80.86,0.0140,-1,-1,-1
85,1091,1506.50,79.69,173.28,78.24,0.0196,-1,-1,-1
85,1094,313.55,195.59,192.80,153.44,0.6754,-1,-1,-1
85,1098,1133.32,758.41,65.92,73.95,0.5465,-1,-1,-1
85,1099,970.49,248.93,122.60,81.76,0.0659,-1,-1,-1
85,1100,1575.74,1.98,382.50,114.79,0.5401,-1,-1,-1
86,5,1288.21,1051.67,190.27,181.17,1.0000,-1,-1,-1
86,135,1151.10,355.63,21.95,23.32,1.0000,-1,-1,-1
86,183,1251.98,437.40,94.28,91.10,0.9072,-1,-1,-1
86,233,1948.71,845.76,19.24,77.63,1.0000,-1,-1,-1
86,245,847.98,149.98,161.55,167.44,0.1037,-1,-1,-1
86,251,2247.40,487.41,165.93,170.60,1.0000,-1,-1,-1
86,270,1580.17,1294.90,-560.89,-213.75,1.0000,-1,-1,-1
86,310,140.95,650.08,66.48,55.60,1.0000,-1,-1,-1
86,348,926.22,560.48,39.74,40.65,1.0000,-1,-1,-1
86,354,1835.64,897.05,112.45,121.07,1.0000,-1,-1,-1
86,360,1097.67,328.85,79.10,79.72,0.0441,-1,-1,-1
86,447,715.41,602.48,144.88,142.17,0.8960,-1,-1,-1
86,472,1363.06,788.44,205.31,220.86,0.0255,-1,-1,-1
86,480,2123.56,1495.53,-589.55,-388.64,1.0000,-1,-1,-1
86,491,407.69,399.72,86.26,90.77,0.8102,-1,-1,-1
86,497,998.59,197.60,128.78,144.47,1.0000,-1,-1,-1
86,509,1062.06,927.17,86.15,74.78,1.0000,-1,-1,-1
86,540,1423.42,997.06,190.91,189.65,1.0000,-1,-1,-1
86,543,1542.36,777.03,139.56,107.34,1.0000,-1,-1,-1
86,550,672.78,237.30,71.21,82.88,0.0638,-1,-1,-1
86,570,960.68,425.77,75.99,76.03,1.0000,-1,-1,-1
86,584,1250.57,554.58,46.00,45.11,1.0000,-1,-1,-1
86,589,1361.88,858.62,59.05,49.30,1.0000,-1,-1,-1
86,594,43.06,716.85,96.02,73.30,1.0000,-1,-1,-1
86,613,-14.20,620.75,289.08,375.02,1.0000,-1,-1,-1
86,621,1249.81,703.43,101.86,119.66,1.0000,-1,-1,-1
86,626,313.41,576.36,-5.94,-4.64,1.0000,-1,-1,-1
86,634,642.12,877.50,-278.69,-200.78,1.0000,-1,-1,-1
86,636,202.01,694.04,99.66,84.15,1.0000,-1,-1,-1
86,643,377.92,1286.99,-291.98,-163.16,1.0000,-1,-1,-1
86,644,360.42,628.49,100.45,98.24,1.0000,-1,-1,-1
86,646,1183.62,507.97,127.92,118.76,1.0000,-1,-1,-1
86,657,1257.15,632.38,76.85,76.54,1.0000,-1,-1,-1
86,663,320.10,673.12,126.53,114.17,1.0000,-1,-1,-1
86,668,1471.20,627.59,181.04,148.20,0.8738,-1,-1,-1
86,669,-161.97,869.90,402.60,499.10,1.0000,-1,-1,-1
86,673,216.83,841.58,67.81,74.41,1.0000,-1,-1,-1
86,675,1286.63,780.54,146.70,185.55,1.0000,-1,-1,-1
86,681,241.25,-33.62,1063.06,965.70,1.0000,-1,-1,-1
86,684,1760.85,757.37,298.69,178.63,1.0000,-1,-1,-1
86,686,900.89,328.90,118.38,64.69,1.0000,-1,-1,-1
86,687,1778.54,722.98,228.79,193.34,1.0000,-1,-1,-1
86,690,1180.58,482.24,2565.38,576.83,1.0000,-1,-1,-1
86,692,599.55,-50.63,267.20,313.33,1.0000,-1,-1,-1
86,693,950.00,136.71,-0.23,-0.22,1.0000,-1,-1,-1
86,695,560.94,445.83,108.23,107.40,0.4800,-1,-1,-1
86,697,350.12,699.34,17.34,12.28,1.0000,-1,-1,-1
86,698,351.45,-864.49,-4.44,-5.35,1.0000,-1,-1,-1
86,700,375.64,948.32,195.18,137.43,1.0000,-1,-1,-1
86,703,-362.36,683.11,223.84,249.57,1.0000,-1,-1,-1
86,704,1178.59,466.58,432.50,300.84,1.0000,-1,-1,-1
86,705,669.02,904.14,141.53,130.14,1.0000,-1,-1,-1
86,708,-203.55,16.63,850.69,569.71,1.0000,-1,-1,-1
86,711,1708.59,693.16,241.70,223.35,1.0000,-1,-1,-1
86,712,382.81,582.25,32.99,31.82,1.0000,-1,-1,-1
86,714,-73.81,62.78,139.94,95.22,1.0000,-1,-1,-1
86,715,1841.05,728.35,132.05,276.09,1.0000,-1,-1,-1
86,716,913.59,372.94,-42.11,-22.00,1.0000,-1,-1,-1
86,717,1502.28,764.78,49.60,297.22,1.0000,-1,-1,-1
86,719,713.64,1.31,26.21,47.72,1.0000,-1,-1,-1
86,720,1741.94,1039.41,177.93,38.16,1.0000,-1,-1,-1
86,723,2029.28,1008.80,107.35,71.27,1.0000,-1,-1,-1
86,727,1892.90,690.85,11.39,37.25,1.0000,-1,-1,-1
86,730,604.45,866.20,68.49,64.02,1.0000,-1,-1,-1
86,746,690.59,2119.85,-835.76,-1026.02,1.0000,-1,-1,-1
86,749,1025.23,475.29,-28.91,-23.22,1.0000,-1,-1,-1
86,758,1347.83,455.19,-176.95,-236.91,1.0000,-1,-1,-1
86,762,282.24,1037.38,104.75,41.81,1.0000,-1,-1,-1
86,764,888.31,687.37,77.77,86.70,1.0000,-1,-1,-1
86,766,870.84,825.91,54.84,68.09,1.0000,-1,-1,-1
86,769,127.22,997.40,124.97,80.17,1.0000,-1,-1,-1
86,771,722.73,883.44,630.45,196.37,1.0000,-1,-1,-1
86,772,476.79,922.81,-182.61,-262.86,1.0000,-1,-1,-1
86,775,883.43,698.56,127.63,108.07,1.0000,-1,-1,-1
86,780,863.96,417.62,364.56,157.36,1.0000,-1,-1,-1
86,783,786.50,690.15,87.83,84.49,1.0000,-1,-1,-1
86,785,1547.08,881.27,667.67,588.17,1.0000,-1,-1,-1
86,790,879.03,228.11,93.36,81.96,1.0000,-1,-1,-1
86,796,536.83,-41.21,35.27,23.28,1.0000,-1,-1,-1
86,797,936.91,298.86,124.34,75.92,1.0000,-1,-1,-1
86,799,636.98,765.06,112.74,96.71,1.0000,-1,-1,-1
86,801,695.69,552.16,62.61,60.12,1.0000,-1,-1,-1
86,803,1604.98,661.64,93.43,112.57,1.0000,-1,-1,-1
86,809,511.23,219.23,-38.32,-36.26,1.0000,-1,-1,-1
86,810,965.50,277.02,68.20,56.88,0.0190,-1,-1,-1
86,813,1225.48,594.15,86.87,75.02,0.7409,-1,-1,-1
86,817,1088.54,688.46,494.30,302.77,1.0000,-1,-1,-1
86,819,1093.02,289.58,37.16,45.33,1.0000,-1,-1,-1
86,820,1620.36,1039.83,160.71,35.44,1.0000,-1,-1,-1
86,821,1037.89,715.52,42.33,44.45,1.0000,-1,-1,-1
86,822,700.67,284.00,233.93,188.88,1.0000,-1,-1,-1
86,829,1026.03,320.58,71.11,61.34,0.2747,-1,-1,-1
86,830,815.82,806.58,90.51,99.11,1.0000,-1,-1,-1
86,839,1012.88,672.85,135.16,125.42,0.8868,-1,-1,-1
86,840,1224.85,1070.06,20.40,15.29,1.0000,-1,-1,-1
86,841,1603.49,136.35,213.64,245.63,0.9031,-1,-1,-1
86,846,285.56,594.47,60.64,55.30,1.0000,-1,-1,-1
86,849,758.33,861.12,78.51,80.13,1.0000,-1,-1,-1
86,851,1394.37,663.36,83.90,82.19,0.8496,-1,-1,-1
86,852,439.94,111.48,204.08,97.47,1.0000,-1,-1,-1
86,858,158.97,690.97,115.95,114.72,1.0000,-1,-1,-1
86,859,427.53,985.39,327.05,87.51,1.0000,-1,-1,-1
86,864,927.81,420.31,-129.26,-188.88,1.0000,-1,-1,-1
86,867,887.38,200.63,140.14,73.46,1.0000,-1,-1,-1
86,876,0.38,313.93,56.63,91.92,1.0000,-1,-1,-1
86,877,1219.80,212.28,118.64,97.46,1.0000,-1,-1,-1
86,879,1132.44,596.31,115.97,95.05,0.6498,-1,-1,-1
86,880,467.52,944.87,83.98,133.49,1.0000,-1,-1,-1
86,883,705.55,434.27,77.98,72.08,0.0246,-1,-1,-1
86,887,287.92,900.74,148.75,154.25,1.0000,-1,-1,-1
86,888,974.84,893.03,-8.34,-8.38,1.0000,-1,-1,-1
86,889,-97.05,353.03,51.64,106.85,1.0000,-1,-1,-1
86,891,815.33,1032.02,92.55,54.24,1.0000,-1,-1,-1
86,892,1787.41,1175.93,-11.09,-64.51,1.0000,-1,-1,-1
86,899,216.40,997.51,78.07,51.31,1.0000,-1,-1,-1
86,902,-94.47,954.79,175.37,114.29,1.0000,-1,-1,-1
86,905,1050.36,367.51,101.11,100.86,1.0000,-1,-1,-1
86,907,1352.48,662.64,-152.04,-126.32,1.0000,-1,-1,-1
86,916,722.53,304.51,119.32,119.12,0.8995,-1,-1,-1
86,917,80.53,798.79,59.28,65.98,1.0000,-1,-1,-1
86,919,990.40,77.74,141.32,151.42,1.0000,-1,-1,-1
86,926,1058.05,321.83,158.93,122.28,1.0000,-1,-1,-1
86,934,939.56,581.25,-75.84,-48.93,1.0000,-1,-1,-1
86,935,96.63,742.68,86.98,79.17,1.0000,-1,-1,-1
86,939,1726.27,1030.16,83.97,49.82,1.0000,-1,-1,-1
86,943,510.12,484.15,126.08,87.05,1.0000,-1,-1,-1
86,947,1465.15,168.02,153.83,63.65,1.0000,-1,-1,-1
86,956,327.14,643.25,101.12,97.89,1.0000,-1,-1,-1
86,964,721.97,1035.38,93.37,45.35,1.0000,-1,-1,-1
86,969,1844.83,686.94,64.24,223.70,1.0000,-1,-1,-1
86,972,800.51,871.79,312.65,346.54,1.0000,-1,-1,-1
86,974,-18.30,690.72,575.37,385.42,1.0000,-1,-1,-1
86,980,956.43,312.74,106.08,102.81,0.7262,-1,-1,-1
86,990,875.55,478.58,66.09,85.87,0.2800,-1,-1,-1
86,995,930.64,49.85,108.09,94.48,0.0141,-1,-1,-1
86,996,311.36,8.34,124.55,140.74,1.0000,-1,-1,-1
86,999,474.07,119.33,218.77,98.41,0.0150,-1,-1,-1
86,1005,1988.83,343.64,31.12,67.25,1.0000,-1,-1,-1
86,1009,412.55,112.60,196.55,239.49,1.0000,-1,-1,-1
86,1013,36.25,476.19,367.02,207.44,1.0000,-1,-1,-1
86,1017,1411.82,925.92,124.91,153.40,1.0000,-1,-1,-1
86,1018,535.57,-0.74,164.85,90.95,1.0000,-1,-1,-1
86,1019,421.21,603.78,69.29,87.45,0.6839,-1,-1,-1
86,1020,809.82,757.98,66.80,71.14,1.0000,-1,-1,-1
86,1023,585.38,846.09,98.99,116.34,1.0000,-1,-1,-1
86,1025,950.54,549.16,36.92,61.00,1.0000,-1,-1,-1
86,1026,1009.17,533.71,-168.30,-186.83,1.0000,-1,-1,-1
86,1027,1142.69,247.96,115.07,89.50,1.0000,-1,-1,-1
86,1028,277.44,452.11,389.72,209.75,1.0000,-1,-1,-1
86,1029,955.02,338.47,29.49,32.19,1.0000,-1,-1,-1
86,1030,463.24,826.66,88.52,160.44,1.0000,-1,-1,-1
86,1031,1901.34,954.78,34.70,125.87,1.0000,-1,-1,-1
86,1032,903.62,-50.99,275.11,118.01,1.0000,-1,-1,-1
86,1033,1087.73,809.46,396.66,267.85,1.0000,-1,-1,-1
86,1036,190.80,3.29,287.92,182.64,0.2721,-1,-1,-1
86,1039,946.16,74.02,75.34,78.91,1.0000,-1,-1,-1
86,1042,-46.12,192.10,572.72,647.83,1.0000,-1,-1,-1
86,1044,162.69,796.53,-74.10,-80.75,1.0000,-1,-1,-1
86,1045,354.65,693.74,1025.42,380.60,0.0605,-1,-1,-1
86,1050,1145.28,590.50,162.25,99.20,0.1335,-1,-1,-1
86,1051,274.23,124.23,114.05,64.31,0.6642,-1,-1,-1
86,1052,1657.03,332.12,85.93,120.69,0.5781,-1,-1,-1
86,1053,1176.92,330.52,98.48,58.04,1.0000,-1,-1,-1
86,1055,970.87,206.87,140.13,130.66,0.6804,-1,-1,-1
86,1064,1645.39,337.53,105.27,46.65,1.0000,-1,-1,-1
86,1065,1035.97,255.08,252.72,85.56,0.0282,-1,-1,-1
86,1066,14.43,968.66,69.87,105.77,0.0416,-1,-1,-1
86,1068,1413.66,786.96,163.13,117.96,0.0222,-1,-1,-1
86,1070,833.35,2.04,37.27,37.20,1.0000,-1,-1,-1
86,1078,476.85,447.37,137.95,113.83,0.7980,-1,-1,-1
86,1080,297.09,602.89,205.70,136.95,1.0000,-1,-1,-1
86,1081,494.09,0.95,225.32,104.66,0.5248,-1,-1,-1
86,1085,1010.26,734.58,109.42,73.75,1.0000,-1,-1,-1
86,1088,209.78,63.19,217.89,108.19,1.0000,-1,-1,-1
86,1089,916.82,233.28,233.87,172.62,0.3130,-1,-1,-1
86,1091,1503.80,86.49,159.19,71.88,1.0000,-1,-1,-1
86,1094,307.90,177.34,209.64,168.26,0.4542,-1,-1,-1
86,1098,1131.87,766.15,63.76,71.08,0.0337,-1,-1,-1
86,1099,974.60,257.31,113.06,75.40,1.0000,-1,-1,-1
86,1100,1557.39,1.96,410.34,123.14,1.0000,-1,-1,-1
86,1104,1721.72,337.57,123.23,233.00,0.0365,-1,-1,-1
86,1114,450.88,442.35,254.02,126.38,0.2931,-1,-1,-1
86,1116,732.12,548.65,79.89,71.97,0.0250,-1,-1,-1
87,135,1153.70,358.35,20.55,21.84,1.0000,-1,-1,-1
87,183,1250.93,442.32,95.42,92.33,0.8922,-1,-1,-1
87,233,1951.73,853.83,17.99,72.59,1.0000,-1,-1,-1
87,245,853.26,150.75,161.96,167.87,1.0000,-1,-1,-1
87,251,2262.10,488.89,166.72,171.42,1.0000,-1,-1,-1
87,310,137.44,665.43,59.32,49.61,1.0000,-1,-1,-1
87,348,929.14,566.76,39.12,40.01,1.0000,-1,-1,-1
87,360,1097.43,328.34,77.97,78.59,0.0820,-1,-1,-1
87,447,715.47,632.14,121.27,117.93,0.7659,-1,-1,-1
87,472,1412.44,858.38,189.85,203.09,0.0889,-1,-1,-1
87,480,2168.12,1530.42,-639.60,-421.62,1.0000,-1,-1,-1
87,491,400.88,408.40,87.08,88.75,0.8368,-1,-1,-1
87,497,993.76,206.46,129.25,145.00,1.0000,-1,-1,-1
87,540,1428.37,1008.61,193.80,192.52,1.0000,-1,-1,-1
87,543,1543.83,788.95,139.47,107.27,1.0000,-1,-1,-1
87,550,673.16,243.37,68.76,79.58,0.3272,-1,-1,-1
87,570,964.22,426.69,75.42,75.45,1.0000,-1,-1,-1
87,584,1254.69,559.72,45.95,45.06,1.0000,-1,-1,-1
87,589,1365.03,867.24,58.64,48.96,1.0000,-1,-1,-1
87,594,35.71,724.53,92.58,70.67,1.0000,-1,-1,-1
87,613,-22.04,631.30,291.69,378.41,1.0000,-1,-1,-1
87,626,308.29,580.58,-10.41,-8.13,1.0000,-1,-1,-1
87,634,652.89,883.31,-290.81,-209.51,1.0000,-1,-1,-1
87,636,197.83,695.60,97.13,82.02,1.0000,-1,-1,-1
87,643,385.72,1296.11,-305.30,-170.61,1.0000,-1,-1,-1
87,644,356.26,639.97,99.93,97.74,1.0000,-1,-1,-1
87,646,1179.43,509.81,129.86,120.57,1.0000,-1,-1,-1
87,657,1256.21,644.07,77.66,77.35,1.0000,-1,-1,-1
87,663,315.40,672.98,126.87,114.47,1.0000,-1,-1,-1
87,668,1467.22,645.17,179.69,147.42,0.9057,-1,-1,-1
87,669,-168.77,878.67,414.37,513.70,1.0000,-1,-1,-1
87,673,215.95,845.17,67.89,74.50,1.0000,-1,-1,-1
87,675,1286.57,781.18,147.10,186.06,1.0000,-1,-1,-1
87,684,1761.09,758.45,303.94,181.77,1.0000,-1,-1,-1
87,687,1777.41,722.88,234.24,197.94,1.0000,-1,-1,-1
87,690,1167.17,466.30,2633.95,592.25,1.0000,-1,-1,-1
87,692,587.28,-53.51,273.01,320.14,1.0000,-1,-1,-1
87,693,941.90,131.34,-2.28,-2.19,1.0000,-1,-1,-1
87,695,561.59,445.64,109.36,108.18,0.3613,-1,-1,-1
87,697,351.37,698.24,14.63,10.36,1.0000,-1,-1,-1
87,698,321.46,-909.55,-9.01,-10.84,1.0000,-1,-1,-1
87,700,383.96,945.96,198.99,140.11,1.0000,-1,-1,-1
87,703,-381.85,692.04,226.89,252.96,1.0000,-1,-1,-1
87,704,1174.95,458.43,443.84,308.72,1.0000,-1,-1,-1
87,705,670.35,903.72,140.81,129.48,1.0000,-1,-1,-1
87,708,-214.43,17.26,869.07,582.02,1.0000,-1,-1,-1
87,711,1704.87,692.08,248.29,229.44,1.0000,-1,-1,-1
87,712,381.67,581.54,28.74,27.72,1.0000,-1,-1,-1
87,714,-76.50,60.26,142.75,97.13,1.0000,-1,-1,-1
87,715,1839.22,727.73,135.67,283.67,1.0000,-1,-1,-1
87,716,912.76,377.07,-46.76,-24.43,1.0000,-1,-1,-1
87,717,1488.98,758.07,50.66,303.56,1.0000,-1,-1,-1
87,719,714.31,1.31,24.02,43.74,1.0000,-1,-1,-1
87,720,1745.13,1039.24,178.51,38.28,1.0000,-1,-1,-1
87,723,2039.44,1009.78,106.21,70.52,1.0000,-1,-1,-1
87,727,1892.59,690.21,11.18,36.58,1.0000,-1,-1,-1
87,730,606.37,872.54,68.16,63.71,1.0000,-1,-1,-1
87,746,709.47,2161.85,-869.43,-1067.36,1.0000,-1,-1,-1
87,749,1027.87,481.67,-32.95,-26.46,1.0000,-1,-1,-1
87,758,1350.71,460.51,-186.23,-249.34,1.0000,-1,-1,-1
87,762,285.13,1036.87,106.10,42.35,1.0000,-1,-1,-1
87,764,888.99,689.86,78.06,87.02,1.0000,-1,-1,-1
87,766,873.30,828.31,54.35,67.49,1.0000,-1,-1,-1
87,769,123.55,995.70,127.59,81.85,1.0000,-1,-1,-1
87,771,723.74,878.47,646.87,201.48,1.0000,-1,-1,-1
87,772,481.79,932.71,-192.69,-277.37,1.0000,-1,-1,-1
87,775,878.72,702.51,129.02,109.25,1.0000,-1,-1,-1
87,780,860.67,422.21,374.71,161.74,1.0000,-1,-1,-1
87,783,782.54,695.34,87.33,84.01,1.0000,-1,-1,-1
87,785,1536.63,883.38,688.49,606.51,1.0000,-1,-1,-1
87,790,872.70,226.28,94.01,82.53,1.0000,-1,-1,-1
87,796,527.68,-44.91,29.52,19.49,1.0000,-1,-1,-1
87,797,924.93,298.71,126.43,77.20,1.0000,-1,-1,-1
87,799,635.71,780.78,109.86,94.24,1.0000,-1,-1,-1
87,801,689.73,559.33,62.61,60.11,1.0000,-1,-1,-1
87,803,1597.62,659.22,93.45,112.59,1.0000,-1,-1,-1
87,809,499.22,199.79,-43.72,-41.36,1.0000,-1,-1,-1
87,810,963.43,283.21,62.85,52.42,1.0000,-1,-1,-1
87,813,1221.49,594.45,87.92,76.72,0.6185,-1,-1,-1
87,817,1081.74,689.93,510.44,312.66,1.0000,-1,-1,-1
87,819,1089.37,290.18,36.99,45.13,1.0000,-1,-1,-1
87,820,1619.68,1039.85,160.17,35.32,1.0000,-1,-1,-1
87,821,1036.72,714.32,41.65,43.74,1.0000,-1,-1,-1
87,822,684.63,284.93,240.67,194.32,1.0000,-1,-1,-1
87,829,1024.85,320.48,71.31,62.63,0.0379,-1,-1,-1
87,830,810.00,807.61,89.39,97.89,1.0000,-1,-1,-1
87,839,1020.45,671.53,125.80,117.66,0.8225,-1,-1,-1
87,840,1235.50,1093.69,-4.21,-3.16,1.0000,-1,-1,-1
87,841,1584.16,145.16,220.48,243.35,0.8682,-1,-1,-1
87,846,282.05,604.71,56.32,51.36,1.0000,-1,-1,-1
87,849,753.55,871.80,78.25,79.86,1.0000,-1,-1,-1
87,851,1398.38,661.36,84.66,82.92,0.8049,-1,-1,-1
87,852,435.72,112.08,205.43,98.11,1.0000,-1,-1,-1
87,858,153.36,690.42,117.87,116.62,1.0000,-1,-1,-1
87,859,420.81,984.74,328.66,87.94,1.0000,-1,-1,-1
87,864,928.80,420.93,-140.52,-205.34,1.0000,-1,-1,-1
87,867,878.76,198.63,143.84,75.39,1.0000,-1,-1,-1
87,876,-5.45,314.53,56.65,91.95,1.0000,-1,-1,-1
87,877,1216.74,210.88,122.53,100.65,1.0000,-1,-1,-1
87,879,1126.63,595.75,116.97,96.71,0.3741,-1,-1,-1
87,880,489.20,946.45,84.04,133.58,1.0000,-1,-1,-1
87,883,713.28,436.13,105.71,97.19,0.8999,-1,-1,-1
87,887,275.06,900.57,150.98,156.57,1.0000,-1,-1,-1
87,888,975.67,893.35,-13.22,-13.28,1.0000,-1,-1,-1
87,889,-105.44,352.59,51.89,107.37,1.0000,-1,-1,-1
87,891,816.01,1034.07,90.21,52.87,1.0000,-1,-1,-1
87,892,1781.92,1193.54,-13.67,-79.50,1.0000,-1,-1,-1
87,899,225.59,996.01,78.62,51.67,1.0000,-1,-1,-1
87,902,-104.40,955.70,174.34,113.62,1.0000,-1,-1,-1
87,905,1045.13,372.85,103.67,103.41,1.0000,-1,-1,-1
87,907,1358.67,663.63,-166.17,-138.06,1.0000,-1,-1,-1
87,916,726.57,304.53,120.36,120.95,0.9029,-1,-1,-1
87,917,50.25,800.52,58.81,65.46,1.0000,-1,-1,-1
87,919,992.29,82.31,143.65,153.92,1.0000,-1,-1,-1
87,926,1064.99,318.06,161.23,124.04,1.0000,-1,-1,-1
87,934,943.41,590.27,-86.25,-55.65,1.0000,-1,-1,-1
87,935,89.25,744.92,87.36,79.52,1.0000,-1,-1,-1
87,939,1724.24,1032.78,80.25,47.61,1.0000,-1,-1,-1
87,943,501.28,484.24,128.40,88.65,1.0000,-1,-1,-1
87,947,1460.41,177.90,152.06,62.92,1.0000,-1,-1,-1
87,956,331.04,646.91,99.20,96.03,1.0000,-1,-1,-1
87,964,718.73,1037.54,89.62,43.52,1.0000,-1,-1,-1
87,969,1842.34,683.59,66.10,230.20,1.0000,-1,-1,-1
87,972,794.46,877.05,328.68,364.31,1.0000,-1,-1,-1
87,974,-29.79,667.83,609.80,408.48,1.0000,-1,-1,-1
87,980,954.09,305.26,108.06,104.40,0.7319,-1,-1,-1
87,990,884.11,485.30,63.86,80.17,0.3046,-1,-1,-1
87,995,942.43,52.84,114.98,99.32,0.0598,-1,-1,-1
87,996,305.88,8.98,126.91,143.41,1.0000,-1,-1,-1
87,999,460.79,113.78,231.90,105.21,0.0505,-1,-1,-1
87,1005,2014.10,360.79,13.71,29.62,1.0000,-1,-1,-1
87,1009,421.24,82.67,205.45,250.34,1.0000,-1,-1,-1
87,1013,22.74,474.69,380.47,215.04,1.0000,-1,-1,-1
87,1017,1413.49,930.00,121.70,149.45,1.0000,-1,-1,-1
87,1018,529.29,-0.90,166.56,91.89,1.0000,-1,-1,-1
87,1019,424.30,604.66,70.40,87.54,0.6011,-1,-1,-1
87,1020,808.39,763.04,67.33,71.69,1.0000,-1,-1,-1
87,1023,585.12,846.75,96.33,113.20,1.0000,-1,-1,-1
87,1025,950.62,549.52,36.86,60.89,1.0000,-1,-1,-1
87,1026,1013.15,578.20,-204.49,-226.99,1.0000,-1,-1,-1
87,1027,1155.94,236.08,114.11,88.75,1.0000,-1,-1,-1
87,1028,283.05,430.67,401.92,216.31,1.0000,-1,-1,-1
87,1029,956.04,337.94,25.80,28.15,1.0000,-1,-1,-1
87,1030,464.36,827.03,87.64,158.84,1.0000,-1,-1,-1
87,1031,1892.36,947.53,35.06,131.87,0.0178,-1,-1,-1
87,1032,896.87,-64.48,295.49,126.75,1.0000,-1,-1,-1
87,1033,1086.50,795.79,416.92,281.52,1.0000,-1,-1,-1
87,1036,186.72,4.41,294.60,189.27,0.3382,-1,-1,-1
87,1039,946.23,74.02,75.62,79.20,1.0000,-1,-1,-1
87,1042,-51.14,214.54,585.58,662.38,1.0000,-1,-1,-1
87,1044,174.26,815.61,-104.81,-114.20,1.0000,-1,-1,-1
87,1045,337.10,663.85,1104.81,410.06,1.0000,-1,-1,-1
87,1050,1134.98,588.59,168.14,102.65,0.2419,-1,-1,-1
87,1051,265.11,128.75,116.63,65.20,0.5600,-1,-1,-1
87,1052,1636.21,346.50,55.32,66.22,0.6551,-1,-1,-1
87,1053,1188.19,333.48,89.43,52.70,1.0000,-1,-1,-1
87,1055,982.31,216.11,128.46,119.20,0.6557,-1,-1,-1
87,1064,1645.36,339.88,95.82,42.47,1.0000,-1,-1,-1
87,1065,1058.50,234.17,248.89,86.73,0.0326,-1,-1,-1
87,1066,15.45,973.89,66.87,101.24,1.0000,-1,-1,-1
87,1068,1413.00,785.35,171.07,125.60,0.0171,-1,-1,-1
87,1070,836.47,1.85,34.05,33.98,1.0000,-1,-1,-1
87,1078,479.11,436.64,131.61,109.56,0.4870,-1,-1,-1
87,1080,298.61,604.70,206.52,137.50,1.0000,-1,-1,-1
87,1081,481.14,1.14,233.58,108.39,0.2805,-1,-1,-1
87,1085,1010.74,730.86,114.50,77.18,1.0000,-1,-1,-1
87,1088,208.89,63.85,220.73,109.60,1.0000,-1,-1,-1
87,1089,899.51,215.94,263.86,198.94,0.1270,-1,-1,-1
87,1091,1501.11,93.29,145.09,65.52,1.0000,-1,-1,-1
87,1094,323.17,158.03,219.38,174.91,0.3088,-1,-1,-1
87,1098,1124.62,763.21,67.03,74.15,0.2201,-1,-1,-1
87,1099,978.71,265.70,103.53,69.04,1.0000,-1,-1,-1
87,1100,1539.04,1.94,438.19,131.50,1.0000,-1,-1,-1
87,1104,1740.36,257.50,121.12,222.54,0.2080,-1,-1,-1
87,1114,451.37,435.55,251.42,126.02,0.7246,-1,-1,-1
87,1116,725.63,557.27,74.11,67.14,0.0512,-1,-1,-1
88,135,1156.31,361.07,19.16,20.36,1.0000,-1,-1,-1
88,183,1250.53,446.76,96.10,93.04,0.9228,-1,-1,-1
88,233,1954.75,861.89,16.74,67.56,1.0000,-1,-1,-1
88,245,861.37,161.90,157.61,162.84,0.0125,-1,-1,-1
88,310,133.93,680.79,52.15,43.62,1.0000,-1,-1,-1
88,348,932.06,573.04,38.49,39.37,1.0000,-1,-1,-1
88,360,1094.66,326.89,79.02,79.84,0.1135,-1,-1,-1
88,447,697.62,656.86,120.88,119.55,0.3335,-1,-1,-1
88,472,1426.55,871.19,194.74,208.30,0.3042,-1,-1,-1
88,480,2212.68,1565.30,-689.64,-454.61,1.0000,-1,-1,-1
88,491,395.41,415.42,88.21,86.66,0.7910,-1,-1,-1
88,497,988.94,215.31,129.71,145.52,1.0000,-1,-1,-1
88,540,1433.33,1020.16,196.68,195.38,1.0000,-1,-1,-1
88,543,1545.30,800.88,139.39,107.21,1.0000,-1,-1,-1
88,550,673.12,247.83,66.26,76.08,0.5385,-1,-1,-1
88,570,967.75,427.60,74.84,74.88,1.0000,-1,-1,-1
88,589,1368.19,875.86,58.24,48.62,1.0000,-1,-1,-1
88,594,28.36,732.21,89.14,68.05,1.0000,-1,-1,-1
88,613,-29.88,641.86,294.30,381.80,1.0000,-1,-1,-1
88,626,303.18,584.80,-14.88,-11.63,1.0000,-1,-1,-1
88,636,193.66,697.16,94.59,79.88,1.0000,-1,-1,-1
88,643,393.52,1305.24,-318.63,-178.05,1.0000,-1,-1,-1
88,644,352.09,651.45,99.42,97.24,1.0000,-1,-1,-1
88,646,1175.23,511.65,131.81,122.38,1.0000,-1,-1,-1
88,657,1255.27,655.77,78.47,78.15,1.0000,-1,-1,-1
88,663,310.70,672.84,127.20,114.77,1.0000,-1,-1,-1
88,668,1460.89,662.14,181.69,149.27,0.9056,-1,-1,-1
88,669,-175.57,887.45,426.15,528.30,1.0000,-1,-1,-1
88,673,215.07,848.75,67.97,74.60,1.0000,-1,-1,-1
88,675,1286.52,781.82,147.50,186.57,1.0000,-1,-1,-1
88,684,1761.32,759.52,309.18,184.91,1.0000,-1,-1,-1
88,687,1776.29,722.77,239.69,202.55,1.0000,-1,-1,-1
88,693,933.80,125.96,-4.32,-4.16,1.0000,-1,-1,-1
88,695,566.52,443.38,110.01,107.67,0.5454,-1,-1,-1
88,697,352.61,697.14,11.91,8.43,1.0000,-1,-1,-1
88,698,291.47,-954.62,-13.58,-16.34,1.0000,-1,-1,-1
88,700,392.29,943.60,202.80,142.80,1.0000,-1,-1,-1
88,703,-401.35,700.97,229.93,256.36,1.0000,-1,-1,-1
88,704,1171.31,450.27,455.17,316.61,1.0000,-1,-1,-1
88,708,-225.31,17.89,887.44,594.33,1.0000,-1,-1,-1
88,711,1701.14,691.01,254.89,235.53,1.0000,-1,-1,-1
88,712,380.54,580.84,24.49,23.62,1.0000,-1,-1,-1
88,714,-79.19,57.73,145.56,99.04,1.0000,-1,-1,-1
88,715,1837.38,727.11,139.30,291.25,1.0000,-1,-1,-1
88,716,911.92,381.20,-51.42,-26.86,1.0000,-1,-1,-1
88,717,1475.67,751.35,51.72,309.90,1.0000,-1,-1,-1
88,719,714.98,1.32,21.83,39.76,1.0000,-1,-1,-1
88,720,1748.33,1039.08,179.08,38.41,1.0000,-1,-1,-1
88,723,2049.60,1010.77,105.07,69.76,1.0000,-1,-1,-1
88,727,1892.29,689.57,10.98,35.91,1.0000,-1,-1,-1
88,730,608.29,878.88,67.84,63.41,1.0000,-1,-1,-1
88,746,728.36,2203.85,-903.11,-1108.70,1.0000,-1,-1,-1
88,749,1030.51,488.06,-36.98,-29.70,1.0000,-1,-1,-1
88,758,1353.59,465.83,-195.50,-261.76,1.0000,-1,-1,-1
88,762,288.02,1036.37,107.45,42.89,1.0000,-1,-1,-1
88,764,889.67,692.34,78.35,87.34,1.0000,-1,-1,-1
88,766,875.75,830.72,53.86,66.88,1.0000,-1,-1,-1
88,769,119.88,994.01,130.21,83.53,1.0000,-1,-1,-1
88,771,724.75,873.49,663.29,206.60,1.0000,-1,-1,-1
88,772,486.79,942.61,-202.78,-291.89,1.0000,-1,-1,-1
88,775,874.01,706.45,130.42,110.43,1.0000,-1,-1,-1
88,780,857.38,426.80,384.85,166.12,1.0000,-1,-1,-1
88,783,778.58,700.54,86.83,83.53,1.0000,-1,-1,-1
88,785,1526.19,885.49,709.31,624.85,1.0000,-1,-1,-1
88,790,866.37,224.44,94.66,83.10,1.0000,-1,-1,-1
88,796,518.53,-48.62,23.77,15.70,1.0000,-1,-1,-1
88,797,912.96,298.55,128.52,78.48,1.0000,-1,-1,-1
88,799,634.44,796.50,106.98,91.77,1.0000,-1,-1,-1
88,801,683.77,566.50,62.60,60.11,1.0000,-1,-1,-1
88,803,1590.27,656.80,93.46,112.61,1.0000,-1,-1,-1
88,809,487.20,180.35,-49.12,-46.47,1.0000,-1,-1,-1
88,810,961.37,289.40,57.49,47.95,1.0000,-1,-1,-1
88,813,1217.14,596.38,87.72,77.07,0.7475,-1,-1,-1
88,817,1074.94,691.40,526.57,322.54,1.0000,-1,-1,-1
88,819,1085.73,290.77,36.82,44.92,1.0000,-1,-1,-1
88,820,1619.00,1039.87,159.62,35.20,1.0000,-1,-1,-1
88,821,1035.54,713.12,40.98,43.03,1.0000,-1,-1,-1
88,822,668.58,285.85,247.41,199.76,1.0000,-1,-1,-1
88,829,1021.09,319.58,69.43,61.10,0.1825,-1,-1,-1
88,830,804.18,808.64,88.28,96.67,1.0000,-1,-1,-1
88,839,1033.85,669.59,112.95,107.31,0.4577,-1,-1,-1
88,840,1246.16,1117.33,-28.83,-21.60,1.0000,-1,-1,-1
88,841,1570.92,154.44,224.80,238.26,0.9221,-1,-1,-1
88,846,278.55,614.95,51.99,47.41,1.0000,-1,-1,-1
88,849,748.76,882.48,77.99,79.59,1.0000,-1,-1,-1
88,851,1402.25,661.39,84.11,82.28,0.8452,-1,-1,-1
88,852,431.49,112.68,206.78,98.76,1.0000,-1,-1,-1
88,858,147.74,689.87,119.80,118.53,1.0000,-1,-1,-1
88,859,414.10,984.09,330.27,88.37,1.0000,-1,-1,-1
88,864,929.78,421.54,-151.78,-221.79,1.0000,-1,-1,-1
88,867,870.15,196.64,147.53,77.33,1.0000,-1,-1,-1
88,876,-11.28,315.12,56.67,91.98,1.0000,-1,-1,-1
88,877,1213.68,209.48,126.42,103.85,1.0000,-1,-1,-1
88,879,1119.20,590.98,119.75,100.36,0.4406,-1,-1,-1
88,880,510.88,948.03,84.10,133.68,1.0000,-1,-1,-1
88,883,721.45,427.68,94.04,84.89,0.0202,-1,-1,-1
88,887,262.20,900.40,153.21,158.88,1.0000,-1,-1,-1
88,888,976.51,893.67,-18.09,-18.18,1.0000,-1,-1,-1
88,889,-113.83,352.15,52.14,107.89,1.0000,-1,-1,-1
88,891,816.69,1036.11,87.87,51.50,1.0000,-1,-1,-1
88,892,1776.44,1211.14,-16.25,-94.49,1.0000,-1,-1,-1
88,899,234.77,994.52,79.16,52.03,1.0000,-1,-1,-1
88,902,-114.34,956.61,173.31,112.95,1.0000,-1,-1,-1
88,905,1039.90,378.19,106.24,105.97,1.0000,-1,-1,-1
88,907,1364.86,664.61,-180.30,-149.80,1.0000,-1,-1,-1
88,916,736.26,298.71,109.49,108.97,0.6957,-1,-1,-1
88,917,19.97,802.25,58.35,64.94,1.0000,-1,-1,-1
88,919,994.17,86.88,145.98,156.42,1.0000,-1,-1,-1
88,926,1071.92,314.28,163.53,125.81,1.0000,-1,-1,-1
88,934,947.26,599.28,-96.67,-62.37,1.0000,-1,-1,-1
88,935,81.87,747.17,87.75,79.87,1.0000,-1,-1,-1
88,939,1722.21,1035.40,76.52,45.40,1.0000,-1,-1,-1
88,943,492.43,484.34,130.73,90.26,1.0000,-1,-1,-1
88,947,1455.66,187.78,150.29,62.19,1.0000,-1,-1,-1
88,956,334.94,650.56,97.28,94.18,1.0000,-1,-1,-1
88,964,715.50,1039.70,85.86,41.70,1.0000,-1,-1,-1
88,969,1839.85,680.23,67.97,236.70,1.0000,-1,-1,-1
88,972,788.40,882.31,344.72,382.09,1.0000,-1,-1,-1
88,974,-41.28,644.95,644.23,431.55,1.0000,-1,-1,-1
88,980,947.01,304.13,108.85,104.87,0.7853,-1,-1,-1
88,990,886.13,487.99,65.80,80.17,0.0646,-1,-1,-1
88,995,940.98,49.03,118.39,102.21,0.0324,-1,-1,-1
88,996,300.39,9.61,129.26,146.07,1.0000,-1,-1,-1
88,999,460.29,112.44,223.77,102.25,0.0174,-1,-1,-1
88,1005,2039.37,377.95,-3.70,-8.00,1.0000,-1,-1,-1
88,1009,429.94,52.75,214.35,261.18,1.0000,-1,-1,-1
88,1013,9.24,473.19,393.91,222.63,1.0000,-1,-1,-1
88,1017,1415.16,934.08,118.49,145.50,1.0000,-1,-1,-1
88,1018,523.00,-1.06,168.27,92.83,1.0000,-1,-1,-1
88,1019,420.57,604.99,71.94,86.97,0.7178,-1,-1,-1
88,1020,806.96,768.11,67.85,72.25,1.0000,-1,-1,-1
88,1023,584.86,847.40,93.66,110.06,1.0000,-1,-1,-1
88,1025,950.70,549.87,36.80,60.79,1.0000,-1,-1,-1
88,1026,1017.14,622.69,-240.67,-267.15,1.0000,-1,-1,-1
88,1027,1169.19,224.21,113.15,88.00,1.0000,-1,-1,-1
88,1028,288.65,409.24,414.11,222.87,1.0000,-1,-1,-1
88,1029,957.06,337.41,22.10,24.12,1.0000,-1,-1,-1
88,1030,465.48,827.41,86.75,157.23,1.0000,-1,-1,-1
88,1031,1888.30,932.90,37.85,146.11,0.0185,-1,-1,-1
88,1032,890.11,-77.96,315.87,135.50,1.0000,-1,-1,-1
88,1033,1085.27,782.11,437.17,295.20,1.0000,-1,-1,-1
88,1036,184.21,8.93,277.49,180.81,0.3496,-1,-1,-1
88,1039,946.30,74.02,75.90,79.50,1.0000,-1,-1,-1
88,1042,-56.16,236.97,598.43,676.92,1.0000,-1,-1,-1
88,1044,185.83,834.68,-135.51,-147.66,1.0000,-1,-1,-1
88,1045,319.55,633.95,1184.19,439.53,1.0000,-1,-1,-1
88,1050,1125.08,583.85,176.74,108.00,0.3589,-1,-1,-1
88,1051,259.97,139.17,110.09,61.34,0.5536,-1,-1,-1
88,1052,1615.88,322.56,37.42,44.79,1.0000,-1,-1,-1
88,1053,1199.46,336.44,80.38,47.37,1.0000,-1,-1,-1
88,1055,991.48,217.50,122.05,112.89,0.7375,-1,-1,-1
88,1064,1645.34,342.23,86.38,38.28,1.0000,-1,-1,-1
88,1065,1055.54,231.18,260.15,90.65,1.0000,-1,-1,-1
88,1066,16.48,979.13,63.88,96.70,1.0000,-1,-1,-1
88,1068,1419.01,781.31,170.85,126.96,0.5124,-1,-1,-1
88,1070,839.60,1.66,30.83,30.77,1.0000,-1,-1,-1
88,1078,483.50,425.61,125.55,104.97,0.7881,-1,-1,-1
88,1080,300.13,606.51,207.35,138.05,1.0000,-1,-1,-1
88,1081,475.14,0.40,246.78,115.11,0.1490,-1,-1,-1
88,1085,1011.21,727.14,119.58,80.60,1.0000,-1,-1,-1
88,1088,207.99,64.51,223.57,111.01,1.0000,-1,-1,-1
88,1089,859.16,201.99,286.02,216.94,0.0127,-1,-1,-1
88,1091,1498.42,100.09,131.00,59.15,1.0000,-1,-1,-1
88,1094,316.69,145.38,209.52,167.88,0.4104,-1,-1,-1
88,1098,1123.80,766.94,66.15,73.18,1.0000,-1,-1,-1
88,1099,982.82,274.08,93.99,62.69,1.0000,-1,-1,-1
88,1100,1520.69,1.92,466.03,139.85,1.0000,-1,-1,-1
88,1104,1758.78,211.56,111.12,196.32,0.3385,-1,-1,-1
88,1114,456.24,430.04,247.38,124.79,0.2480,-1,-1,-1
88,1116,723.02,560.58,76.69,69.48,1.0000,-1,-1,-1
88,1129,865.86,311.05,110.62,94.51,0.0277,-1,-1,-1
89,135,1158.92,363.79,17.77,18.89,1.0000,-1,-1,-1
89,183,1248.98,452.59,96.18,93.21,0.9265,-1,-1,-1
89,233,1957.77,869.95,15.49,62.52,1.0000,-1,-1,-1
89,245,866.51,171.82,156.89,161.82,0.1674,-1,-1,-1
89,310,130.43,696.15,44.99,37.63,1.0000,-1,-1,-1
89,360,1093.06,326.49,77.12,77.99,0.1678,-1,-1,-1
89,447,677.84,679.26,124.60,128.09,0.1596,-1,-1,-1
89,472,1426.15,863.08,207.71,222.58,0.1799,-1,-1,-1
89,480,2257.23,1600.18,-739.68,-487.59,1.0000,-1,-1,-1
89,491,385.11,419.79,92.01,88.60,0.8072,-1,-1,-1
89,497,984.11,224.17,130.18,146.05,1.0000,-1,-1,-1
89,543,1546.77,812.80,139.30,107.14,1.0000,-1,-1,-1
89,550,671.73,252.90,64.65,73.33,0.3455,-1,-1,-1
89,570,971.29,428.51,74.27,74.31,1.0000,-1,-1,-1
89,589,1371.35,884.49,57.83,48.28,1.0000,-1,-1,-1
89,594,21.01,739.89,85.70,65.42,1.0000,-1,-1,-1
89,626,298.06,589.03,-19.35,-15.12,1.0000,-1,-1,-1
89,636,189.49,698.72,92.06,77.74,1.0000,-1,-1,-1
89,643,401.31,1314.36,-331.95,-185.50,1.0000,-1,-1,-1
89,644,347.93,662.94,98.91,96.74,1.0000,-1,-1,-1
89,646,1171.03,513.49,133.76,124.18,1.0000,-1,-1,-1
89,663,306.00,672.70,127.54,115.08,1.0000,-1,-1,-1
89,668,1455.36,678.64,183.77,151.32,0.8855,-1,-1,-1
89,669,-182.38,896.23,437.92,542.89,1.0000,-1,-1,-1
89,673,214.19,852.34,68.06,74.69,1.0000,-1,-1,-1
89,684,1761.56,760.60,314.43,188.04,1.0000,-1,-1,-1
89,687,1775.17,722.66,245.13,207.15,1.0000,-1,-1,-1
89,693,925.70,120.59,-6.36,-6.13,1.0000,-1,-1,-1
89,695,585.36,443.51,95.36,91.54,0.7092,-1,-1,-1
89,697,353.86,696.05,9.19,6.51,1.0000,-1,-1,-1
89,698,261.48,-999.68,-18.15,-21.83,1.0000,-1,-1,-1
89,700,400.61,941.25,206.61,145.48,1.0000,-1,-1,-1
89,703,-420.84,709.90,232.98,259.75,1.0000,-1,-1,-1
89,708,-236.20,18.51,905.82,606.63,1.0000,-1,-1,-1
89,711,1697.42,689.93,261.48,241.62,1.0000,-1,-1,-1
89,712,379.40,580.13,20.24,19.52,1.0000,-1,-1,-1
89,714,-81.88,55.21,148.37,100.95,1.0000,-1,-1,-1
89,715,1835.54,726.49,142.93,298.83,1.0000,-1,-1,-1
89,719,715.65,1.33,19.65,35.78,1.0000,-1,-1,-1
89,720,1751.52,1038.92,179.65,38.53,1.0000,-1,-1,-1
89,723,2059.76,1011.76,103.93,69.00,1.0000,-1,-1,-1
89,730,610.21,885.23,67.51,63.10,1.0000,-1,-1,-1
89,746,747.24,2245.85,-936.78,-1150.04,1.0000,-1,-1,-1
89,749,1033.14,494.45,-41.01,-32.94,1.0000,-1,-1,-1
89,758,1356.48,471.15,-204.78,-274.18,1.0000,-1,-1,-1
89,762,290.92,1035.86,108.79,43.43,1.0000,-1,-1,-1
89,764,890.36,694.83,78.63,87.66,1.0000,-1,-1,-1
89,766,878.21,833.12,53.38,66.28,1.0000,-1,-1,-1
89,769,116.20,992.31,132.82,85.21,1.0000,-1,-1,-1
89,771,725.76,868.52,679.71,211.71,1.0000,-1,-1,-1
89,772,491.80,952.51,-212.86,-306.40,1.0000,-1,-1,-1
89,775,869.30,710.40,131.81,111.61,1.0000,-1,-1,-1
89,780,854.09,431.39,394.99,170.50,1.0000,-1,-1,-1
89,783,774.62,705.74,86.34,83.05,1.0000,-1,-1,-1
89,785,1515.74,887.60,730.13,643.19,1.0000,-1,-1,-1
89,790,860.05,222.61,95.31,83.68,1.0000,-1,-1,-1
89,796,509.38,-52.32,18.03,11.90,1.0000,-1,-1,-1
89,797,900.98,298.39,130.61,79.75,1.0000,-1,-1,-1
89,799,633.17,812.22,104.10,89.30,1.0000,-1,-1,-1
89,801,677.81,573.68,62.59,60.10,1.0000,-1,-1,-1
89,803,1582.92,654.38,93.48,112.63,1.0000,-1,-1,-1
89,809,475.19,160.90,-54.52,-51.58,1.0000,-1,-1,-1
89,810,959.30,295.58,52.14,43.49,1.0000,-1,-1,-1
89,813,1214.24,599.87,85.67,75.85,0.5354,-1,-1,-1
89,817,1068.14,692.86,542.71,332.42,1.0000,-1,-1,-1
89,819,1082.08,291.37,36.65,44.71,1.0000,-1,-1,-1
89,820,1618.32,1039.89,159.08,35.08,1.0000,-1,-1,-1
89,821,1034.36,711.93,40.30,42.32,1.0000,-1,-1,-1
89,822,652.54,286.77,254.14,205.20,1.0000,-1,-1,-1
89,829,1015.24,316.27,72.61,64.69,0.6177,-1,-1,-1
89,830,798.35,809.67,87.17,95.45,1.0000,-1,-1,-1
89,839,1035.53,666.01,110.83,105.29,1.0000,-1,-1,-1
89,840,1256.81,1140.96,-53.44,-40.04,1.0000,-1,-1,-1
89,841,1555.65,166.60,227.46,231.54,0.9283,-1,-1,-1
89,846,275.04,625.19,47.67,43.47,1.0000,-1,-1,-1
89,849,743.98,893.16,77.73,79.33,1.0000,-1,-1,-1
89,851,1404.98,661.38,84.06,82.03,0.8430,-1,-1,-1
89,852,427.27,113.28,208.13,99.40,1.0000,-1,-1,-1
89,858,142.12,689.32,121.73,120.44,1.0000,-1,-1,-1
89,859,407.38,983.44,331.87,88.80,1.0000,-1,-1,-1
89,864,930.76,422.16,-163.04,-238.25,1.0000,-1,-1,-1
89,867,861.53,194.65,151.23,79.27,1.0000,-1,-1,-1
89,876,-17.10,315.72,56.69,92.01,1.0000,-1,-1,-1
89,877,1210.62,208.08,130.31,107.04,1.0000,-1,-1,-1
89,879,1110.97,586.29,125.84,107.19,0.3424,-1,-1,-1
89,880,532.56,949.62,84.16,133.78,1.0000,-1,-1,-1
89,883,722.70,429.27,96.15,86.79,1.0000,-1,-1,-1
89,887,249.35,900.23,155.44,161.19,1.0000,-1,-1,-1
89,888,977.34,893.99,-22.97,-23.08,1.0000,-1,-1,-1
89,889,-122.22,351.70,52.40,108.41,1.0000,-1,-1,-1
89,891,817.38,1038.15,85.53,50.13,1.0000,-1,-1,-1
89,892,1770.95,1228.75,-18.82,-109.47,1.0000,-1,-1,-1
89,899,243.96,993.02,79.71,52.39,1.0000,-1,-1,-1
89,902,-124.28,957.51,172.27,112.28,1.0000,-1,-1,-1
89,905,1034.66,383.53,108.80,108.52,1.0000,-1,-1,-1
89,907,1371.05,665.60,-194.43,-161.54,1.0000,-1,-1,-1
89,916,741.26,265.99,113.99,113.82,0.8766,-1,-1,-1
89,917,-10.31,803.99,57.88,64.43,1.0000,-1,-1,-1
89,919,996.06,91.46,148.31,158.92,1.0000,-1,-1,-1
89,926,1078.86,310.51,165.83,127.58,1.0000,-1,-1,-1
89,934,951.12,608.30,-107.08,-69.09,1.0000,-1,-1,-1
89,935,74.48,749.42,88.13,80.22,1.0000,-1,-1,-1
89,939,1720.18,1038.03,72.79,43.19,1.0000,-1,-1,-1
89,943,483.59,484.43,133.05,91.86,1.0000,-1,-1,-1
89,947,1450.91,197.65,148.51,61.45,1.0000,-1,-1,-1
89,956,338.83,654.22,95.36,92.32,1.0000,-1,-1,-1
89,964,712.26,1041.86,82.11,39.88,1.0000,-1,-1,-1
89,969,1837.36,676.88,69.83,243.19,1.0000,-1,-1,-1
89,972,782.34,887.57,360.75,399.86,1.0000,-1,-1,-1
89,974,-52.77,622.07,678.67,454.61,1.0000,-1,-1,-1
89,980,967.55,306.26,98.23,92.14,0.0274,-1,-1,-1
89,990,884.77,492.93,68.07,80.65,0.1001,-1,-1,-1
89,995,942.46,52.85,119.83,102.05,0.0256,-1,-1,-1
89,996,294.91,10.25,131.62,148.73,1.0000,-1,-1,-1
89,999,468.66,113.10,195.62,89.31,0.0143,-1,-1,-1
89,1005,2064.64,395.11,-21.11,-45.62,1.0000,-1,-1,-1
89,1009,438.64,22.82,223.25,272.02,1.0000,-1,-1,-1
89,1013,-4.27,471.68,407.36,230.23,1.0000,-1,-1,-1
89,1017,1416.83,938.16,115.28,141.56,1.0000,-1,-1,-1
89,1018,516.71,-1.22,169.98,93.78,1.0000,-1,-1,-1
89,1019,409.50,605.70,74.87,87.18,0.9046,-1,-1,-1
89,1020,805.53,773.17,68.37,72.80,1.0000,-1,-1,-1
89,1023,584.61,848.06,90.99,106.93,1.0000,-1,-1,-1
89,1025,950.78,550.23,36.73,60.68,1.0000,-1,-1,-1
89,1026,1021.12,667.17,-276.85,-307.32,1.0000,-1,-1,-1
89,1027,1182.44,212.33,112.19,87.26,1.0000,-1,-1,-1
89,1028,294.25,387.80,426.31,229.44,1.0000,-1,-1,-1
89,1029,958.09,336.89,18.40,20.08,1.0000,-1,-1,-1
89,1030,466.60,827.79,85.86,155.62,1.0000,-1,-1,-1
89,1031,1888.16,930.05,38.60,149.03,1.0000,-1,-1,-1
89,1032,883.36,-91.44,336.25,144.24,1.0000,-1,-1,-1
89,1033,1084.04,768.43,457.42,308.88,1.0000,-1,-1,-1
89,1036,168.46,13.79,279.25,185.90,0.0668,-1,-1,-1
89,1039,946.37,74.02,76.18,79.79,1.0000,-1,-1,-1
89,1042,-61.19,259.41,611.29,691.46,1.0000,-1,-1,-1
89,1044,197.40,853.76,-166.21,-181.11,1.0000,-1,-1,-1
89,1045,302.01,604.06,1263.58,469.00,1.0000,-1,-1,-1
89,1050,1115.49,581.16,185.37,113.87,0.6033,-1,-1,-1
89,1051,251.54,148.28,103.23,57.55,0.5205,-1,-1,-1
89,1052,1595.56,298.61,19.52,23.36,1.0000,-1,-1,-1
89,1053,1210.72,339.40,71.33,42.04,1.0000,-1,-1,-1
89,1055,999.04,215.50,119.51,110.96,0.7578,-1,-1,-1
89,1064,1645.32,344.58,76.93,34.09,1.0000,-1,-1,-1
89,1065,1052.58,228.20,271.40,94.57,1.0000,-1,-1,-1
89,1066,17.50,984.36,60.89,92.17,1.0000,-1,-1,-1
89,1068,1420.06,786.87,175.86,130.68,1.0000,-1,-1,-1
89,1070,842.72,1.48,27.61,27.56,1.0000,-1,-1,-1
89,1078,488.50,412.32,122.39,101.89,0.7597,-1,-1,-1
89,1080,301.65,608.32,208.18,138.60,1.0000,-1,-1,-1
89,1081,474.06,0.59,248.66,116.78,0.3367,-1,-1,-1
89,1085,1011.68,723.41,124.67,84.03,1.0000,-1,-1,-1
89,1088,207.10,65.16,226.42,112.42,1.0000,-1,-1,-1
89,1089,836.62,185.68,318.49,241.57,1.0000,-1,-1,-1
89,1091,1495.72,106.88,116.90,52.79,1.0000,-1,-1,-1
89,1094,310.25,140.45,227.95,182.65,1.0000,-1,-1,-1
89,1098,1122.98,770.68,65.27,72.20,1.0000,-1,-1,-1
89,1099,986.92,282.47,84.46,56.33,1.0000,-1,-1,-1
89,1100,1502.33,1.91,493.87,148.21,1.0000,-1,-1,-1
89,1104,1779.15,187.58,106.84,183.49,0.5453,-1,-1,-1
89,1114,502.11,462.50,178.21,91.45,0.4869,-1,-1,-1
89,1116,720.41,563.90,79.27,71.82,1.0000,-1,-1,-1
89,1129,867.25,310.52,108.93,93.06,1.0000,-1,-1,-1
89,1135,1201.94,690.09,136.32,135.91,0.0940,-1,-1,-1
89,1136,176.24,845.71,319.06,231.48,0.0459,-1,-1,-1
89,1137,1234.92,871.33,84.39,83.19,0.0148,-1,-1,-1
89,1139,447.62,830.65,100.92,169.40,0.1862,-1,-1,-1
89,1140,887.47,317.23,190.16,102.59,0.8129,-1,-1,-1
89,1141,679.42,381.61,183.92,102.42,0.8511,-1,-1,-1
89,1144,1552.81,1.01,105.99,63.15,0.0923,-1,-1,-1
90,135,1161.53,366.52,16.38,17.41,1.0000,-1,-1,-1
90,183,1245.96,458.80,97.96,94.88,0.9014,-1,-1,-1
90,233,1960.79,878.02,14.25,57.49,1.0000,-1,-1,-1
90,245,871.29,179.46,159.12,165.13,0.3681,-1,-1,-1
90,310,126.92,711.51,37.82,31.63,1.0000,-1,-1,-1
90,360,1088.79,325.71,78.69,79.74,0.0757,-1,-1,-1
90,447,681.82,707.19,133.89,136.82,0.8883,-1,-1,-1
90,472,1424.39,864.05,208.89,223.31,0.0261,-1,-1,-1
90,480,2301.79,1635.06,-789.72,-520.58,1.0000,-1,-1,-1
90,491,376.04,426.21,92.42,87.59,0.8637,-1,-1,-1
90,497,979.28,233.02,130.65,146.57,1.0000,-1,-1,-1
90,543,1548.24,824.73,139.21,107.07,1.0000,-1,-1,-1
90,550,669.34,257.80,64.01,71.90,0.0532,-1,-1,-1
90,570,974.82,429.43,73.70,73.73,1.0000,-1,-1,-1
90,589,1374.51,893.11,57.43,47.95,1.0000,-1,-1,-1
90,594,13.66,747.57,82.26,62.79,1.0000,-1,-1,-1
90,626,292.94,593.25,-23.82,-18.62,1.0000,-1,-1,-1
90,636,185.32,700.29,89.53,75.60,1.0000,-1,-1,-1
90,644,343.77,674.42,98.39,96.24,1.0000,-1,-1,-1
90,646,1166.83,515.33,135.70,125.99,1.0000,-1,-1,-1
90,663,301.30,672.56,127.87,115.38,1.0000,-1,-1,-1
90,668,1445.98,697.85,183.67,151.29,0.9097,-1,-1,-1
90,669,-189.18,905.00,449.69,557.49,1.0000,-1,-1,-1
90,673,213.32,855.92,68.14,74.78,1.0000,-1,-1,-1
90,687,1774.04,722.56,250.58,211.75,1.0000,-1,-1,-1
90,693,917.61,115.21,-8.41,-8.10,1.0000,-1,-1,-1
90,695,594.98,441.23,90.48,85.47,0.7153,-1,-1,-1
90,697,355.10,694.95,6.48,4.59,1.0000,-1,-1,-1
90,698,231.49,-1044.74,-22.72,-27.33,1.0000,-1,-1,-1
90,700,408.94,938.89,210.42,148.16,1.0000,-1,-1,-1
90,703,-440.33,718.83,236.02,263.15,1.0000,-1,-1,-1
90,708,-247.08,19.14,924.19,618.94,1.0000,-1,-1,-1
90,711,1693.69,688.86,268.07,247.71,1.0000,-1,-1,-1
90,712,378.27,579.42,15.99,15.42,1.0000,-1,-1,-1
90,714,-84.58,52.68,151.17,102.86,1.0000,-1,-1,-1
90,715,1833.71,725.87,146.55,306.41,1.0000,-1,-1,-1
90,719,716.32,1.33,17.46,31.80,1.0000,-1,-1,-1
90,720,1754.72,1038.76,180.23,38.65,1.0000,-1,-1,-1
90,723,2069.92,1012.74,102.79,68.25,1.0000,-1,-1,-1
90,730,612.13,891.57,67.18,62.80,1.0000,-1,-1,-1
90,749,1035.78,500.84,-45.04,-36.17,1.0000,-1,-1,-1
90,758,1359.36,476.46,-214.06,-286.60,1.0000,-1,-1,-1
90,764,891.04,697.31,78.92,87.97,1.0000,-1,-1,-1
90,766,880.66,835.52,52.89,65.67,1.0000,-1,-1,-1
90,771,726.77,863.55,696.14,216.83,1.0000,-1,-1,-1
90,775,864.60,714.35,133.21,112.80,1.0000,-1,-1,-1
90,780,850.80,435.98,405.13,174.87,1.0000,-1,-1,-1
90,783,770.66,710.94,85.84,82.58,1.0000,-1,-1,-1
90,785,1505.29,889.71,750.95,661.53,1.0000,-1,-1,-1
90,790,853.72,220.77,95.96,84.25,1.0000,-1,-1,-1
90,796,500.23,-56.03,12.28,8.11,1.0000,-1,-1,-1
90,797,889.00,298.23,132.70,81.03,1.0000,-1,-1,-1
90,799,631.89,827.94,101.22,86.83,1.0000,-1,-1,-1
90,801,671.85,580.85,62.59,60.09,1.0000,-1,-1,-1
90,803,1575.56,651.96,93.50,112.65,1.0000,-1,-1,-1
90,809,463.17,141.46,-59.92,-56.69,1.0000,-1,-1,-1
90,810,957.24,301.77,46.79,39.03,1.0000,-1,-1,-1
90,813,1211.10,601.42,81.23,72.09,0.4681,-1,-1,-1
90,817,1061.34,694.33,558.84,342.31,1.0000,-1,-1,-1
90,819,1078.43,291.97,36.48,44.51,1.0000,-1,-1,-1
90,820,1617.64,1039.91,158.53,34.96,1.0000,-1,-1,-1
90,821,1033.18,710.73,39.62,41.61,1.0000,-1,-1,-1
90,822,636.50,287.70,260.88,210.64,1.0000,-1,-1,-1
90,829,1010.65,314.30,73.10,65.56,0.6002,-1,-1,-1
90,830,792.53,810.70,86.05,94.23,1.0000,-1,-1,-1
90,839,1037.20,662.43,108.70,103.26,1.0000,-1,-1,-1
90,840,1267.46,1164.59,-78.06,-58.49,1.0000,-1,-1,-1
90,841,1538.50,174.87,235.16,231.49,0.9176,-1,-1,-1
90,846,271.53,635.43,43.34,39.53,1.0000,-1,-1,-1
90,849,739.20,903.84,77.47,79.06,1.0000,-1,-1,-1
90,851,1405.80,660.74,85.06,82.58,0.7941,-1,-1,-1
90,852,423.04,113.88,209.48,100.05,1.0000,-1,-1,-1
90,858,136.50,688.77,123.66,122.35,1.0000,-1,-1,-1
90,859,400.66,982.79,333.48,89.23,1.0000,-1,-1,-1
90,864,931.75,422.77,-174.30,-254.70,1.0000,-1,-1,-1
90,867,852.92,192.66,154.93,81.21,1.0000,-1,-1,-1
90,876,-22.93,316.31,56.71,92.04,1.0000,-1,-1,-1
90,877,1207.56,206.67,134.20,110.23,1.0000,-1,-1,-1
90,879,1106.02,592.16,117.23,101.70,0.4696,-1,-1,-1
90,880,554.23,951.20,84.22,133.88,1.0000,-1,-1,-1
90,883,723.94,430.86,98.26,88.70,1.0000,-1,-1,-1
90,887,236.49,900.06,157.67,163.50,1.0000,-1,-1,-1
90,888,978.17,894.31,-27.85,-27.98,1.0000,-1,-1,-1
90,889,-130.62,351.26,52.65,108.93,1.0000,-1,-1,-1
90,891,818.06,1040.20,83.19,48.76,1.0000,-1,-1,-1
90,892,1765.46,1246.35,-21.40,-124.46,1.0000,-1,-1,-1
90,899,253.14,991.53,80.26,52.75,1.0000,-1,-1,-1
90,902,-134.21,958.42,171.24,111.60,1.0000,-1,-1,-1
90,905,1029.43,388.86,111.36,111.07,1.0000,-1,-1,-1
90,907,1377.23,666.59,-208.56,-173.28,1.0000,-1,-1,-1
90,916,745.94,224.23,120.32,121.34,0.8810,-1,-1,-1
90,917,-40.59,805.72,57.42,63.91,1.0000,-1,-1,-1
90,919,997.95,96.03,150.65,161.41,1.0000,-1,-1,-1
90,926,1085.80,306.73,168.12,129.35,1.0000,-1,-1,-1
90,934,954.97,617.32,-117.50,-75.81,1.0000,-1,-1,-1
90,935,67.10,751.66,88.52,80.57,1.0000,-1,-1,-1
90,939,1718.16,1040.65,69.07,40.98,1.0000,-1,-1,-1
90,943,474.74,484.52,135.37,93.47,1.0000,-1,-1,-1
90,947,1446.17,207.53,146.74,60.72,1.0000,-1,-1,-1
90,956,342.73,657.87,93.45,90.46,1.0000,-1,-1,-1
90,964,709.03,1044.02,78.35,38.05,1.0000,-1,-1,-1
90,969,1834.87,673.52,71.70,249.69,1.0000,-1,-1,-1
90,972,776.28,892.84,376.78,417.63,1.0000,-1,-1,-1
90,974,-64.26,599.19,713.10,477.68,1.0000,-1,-1,-1
90,980,968.39,295.05,96.44,90.45,1.0000,-1,-1,-1
90,990,884.27,496.93,68.49,81.15,1.0000,-1,-1,-1
90,995,944.84,52.75,116.34,97.01,0.0621,-1,-1,-1
90,996,289.43,10.89,133.98,151.40,1.0000,-1,-1,-1
90,999,468.53,111.92,197.73,90.28,1.0000,-1,-1,-1
90,1005,2089.91,412.27,-38.53,-83.25,1.0000,-1,-1,-1
90,1009,447.34,-7.11,232.15,282.87,1.0000,-1,-1,-1
90,1013,-17.78,470.18,420.80,237.83,1.0000,-1,-1,-1
90,1017,1418.51,942.25,112.06,137.61,1.0000,-1,-1,-1
90,1018,510.42,-1.37,171.69,94.72,1.0000,-1,-1,-1
90,1019,402.45,605.30,77.71,87.76,0.8934,-1,-1,-1
90,1020,804.11,778.24,68.89,73.36,1.0000,-1,-1,-1
90,1023,584.35,848.71,88.32,103.79,1.0000,-1,-1,-1
90,1025,950.85,550.59,36.67,60.58,1.0000,-1,-1,-1
90,1026,1025.11,711.66,-313.03,-347.48,1.0000,-1,-1,-1
90,1027,1195.70,200.46,111.23,86.51,1.0000,-1,-1,-1
90,1028,299.86,366.36,438.51,236.00,1.0000,-1,-1,-1
90,1029,959.11,336.36,14.70,16.04,1.0000,-1,-1,-1
90,1030,467.72,828.17,84.98,154.02,1.0000,-1,-1,-1
90,1031,1888.02,927.19,39.35,151.94,1.0000,-1,-1,-1
90,1032,876.60,-104.92,356.63,152.98,1.0000,-1,-1,-1
90,1033,1082.81,754.76,477.68,322.55,1.0000,-1,-1,-1
90,1036,154.31,19.81,275.97,188.46,0.1673,-1,-1,-1
90,1039,946.44,74.02,76.46,80.09,1.0000,-1,-1,-1
90,1042,-66.21,281.84,624.15,706.01,1.0000,-1,-1,-1
90,1044,208.97,872.83,-196.91,-214.57,1.0000,-1,-1,-1
90,1045,284.46,574.16,1342.97,498.46,1.0000,-1,-1,-1
90,1050,1071.93,582.98,263.42,167.65,0.1646,-1,-1,-1
90,1051,242.28,153.36,105.04,58.08,0.3550,-1,-1,-1
90,1052,1575.24,274.66,1.61,1.93,1.0000,-1,-1,-1
90,1053,1221.99,342.36,62.28,36.70,1.0000,-1,-1,-1
90,1055,1003.58,211.05,121.22,113.87,0.4728,-1,-1,-1
90,1064,1645.29,346.93,67.48,29.90,1.0000,-1,-1,-1
90,1065,1049.61,225.21,282.66,98.49,1.0000,-1,-1,-1
90,1066,18.53,989.59,57.90,87.64,1.0000,-1,-1,-1
90,1068,1421.11,792.43,180.87,134.41,1.0000,-1,-1,-1
90,1070,845.85,1.29,24.39,24.34,1.0000,-1,-1,-1
90,1078,486.28,395.23,126.80,105.50,0.7350,-1,-1,-1
90,1080,303.16,610.13,209.01,139.15,1.0000,-1,-1,-1
90,1081,461.06,0.39,264.73,125.43,0.0306,-1,-1,-1
90,1085,1012.15,719.69,129.75,87.45,1.0000,-1,-1,-1
90,1088,206.21,65.82,229.26,113.83,1.0000,-1,-1,-1
90,1089,814.09,169.38,350.96,266.19,1.0000,-1,-1,-1
90,1091,1493.03,113.68,102.81,46.42,1.0000,-1,-1,-1
90,1094,303.80,135.52,246.39,197.42,1.0000,-1,-1,-1
90,1098,1122.16,774.41,64.39,71.23,1.0000,-1,-1,-1
90,1099,991.03,290.86,74.92,49.97,1.0000,-1,-1,-1
90,1100,1483.98,1.89,521.71,156.57,1.0000,-1,-1,-1
90,1104,1780.54,174.47,113.75,190.70,0.5471,-1,-1,-1
90,1114,518.55,478.31,142.48,74.65,0.5657,-1,-1,-1
90,1116,717.80,567.21,81.86,74.16,1.0000,-1,-1,-1
90,1129,868.64,310.00,107.23,91.61,1.0000,-1,-1,-1
90,1135,1153.58,645.74,139.63,138.90,0.0123,-1,-1,-1
90,1136,170.23,836.65,331.16,240.26,1.0000,-1,-1,-1
90,1137,1232.77,871.08,81.94,80.88,0.0101,-1,-1,-1
90,1139,442.34,829.55,102.18,171.62,0.1006,-1,-1,-1
90,1140,890.99,327.99,180.29,98.83,0.7980,-1,-1,-1
90,1141,666.59,374.17,185.90,105.16,0.8713,-1,-1,-1
90,1144,1541.94,1.17,112.61,67.17,0.0479,-1,-1,-1
90,1147,714.40,454.50,58.58,60.60,0.7735,-1,-1,-1
90,1151,957.95,51.24,98.75,61.25,0.0679,-1,-1,-1
90,1155,1845.04,883.18,60.68,194.39,0.0877,-1,-1,-1
91,135,1164.14,369.24,14.99,15.93,1.0000,-1,-1,-1
91,183,1244.49,465.68,100.24,97.59,0.5838,-1,-1,-1
91,233,1963.81,886.08,13.00,52.45,1.0000,-1,-1,-1
91,245,875.38,188.96,157.81,164.13,0.0289,-1,-1,-1
91,310,123.42,726.87,30.66,25.64,1.0000,-1,-1,-1
91,360,1086.86,325.18,78.68,79.83,0.1212,-1,-1,-1
91,447,675.51,728.49,142.81,146.29,0.8302,-1,-1,-1
91,472,1418.59,860.88,210.65,226.46,0.0191,-1,-1,-1
91,480,2346.35,1669.95,-839.77,-553.56,1.0000,-1,-1,-1
91,491,369.63,431.73,94.05,87.69,0.8498,-1,-1,-1
91,497,974.46,241.87,131.11,147.10,1.0000,-1,-1,-1
91,543,1549.71,836.65,139.12,107.00,1.0000,-1,-1,-1
91,550,668.15,260.74,64.60,72.20,0.0716,-1,-1,-1
91,570,978.36,430.34,73.12,73.16,1.0000,-1,-1,-1
91,594,6.31,755.25,78.81,60.16,1.0000,-1,-1,-1
91,626,287.82,597.47,-28.29,-22.11,1.0000,-1,-1,-1
91,636,181.15,701.85,87.00,73.46,1.0000,-1,-1,-1
91,644,339.60,685.90,97.88,95.73,1.0000,-1,-1,-1
91,646,1162.64,517.17,137.65,127.80,1.0000,-1,-1,-1
91,663,296.61,672.42,128.21,115.68,1.0000,-1,-1,-1
91,668,1440.46,715.55,183.00,150.93,0.8343,-1,-1,-1
91,669,-195.98,913.78,461.47,572.08,1.0000,-1,-1,-1
91,673,212.44,859.51,68.22,74.87,1.0000,-1,-1,-1
91,687,1772.92,722.45,256.03,216.36,1.0000,-1,-1,-1
91,693,909.51,109.84,-10.45,-10.07,1.0000,-1,-1,-1
91,695,603.55,440.55,88.66,82.19,0.8080,-1,-1,-1
91,697,356.35,693.85,3.76,2.66,1.0000,-1,-1,-1
91,698,201.50,-1089.81,-27.28,-32.83,1.0000,-1,-1,-1
91,700,417.27,936.53,214.23,150.84,1.0000,-1,-1,-1
91,703,-459.82,727.76,239.06,266.54,1.0000,-1,-1,-1
91,708,-257.96,19.77,942.57,631.25,1.0000,-1,-1,-1
91,711,1689.97,687.78,274.66,253.80,1.0000,-1,-1,-1
91,712,377.13,578.71,11.74,11.33,1.0000,-1,-1,-1
91,714,-87.27,50.16,153.98,104.77,1.0000,-1,-1,-1
91,715,1831.87,725.24,150.18,313.99,1.0000,-1,-1,-1
91,719,716.99,1.34,15.27,27.81,1.0000,-1,-1,-1
91,730,614.05,897.91,66.86,62.49,1.0000,-1,-1,-1
91,749,1038.42,507.23,-49.08,-39.41,1.0000,-1,-1,-1
91,758,1362.24,481.78,-223.34,-299.02,1.0000,-1,-1,-1
91,764,891.72,699.80,79.20,88.29,1.0000,-1,-1,-1
91,766,883.12,837.92,52.40,65.07,1.0000,-1,-1,-1
91,771,727.78,858.57,712.56,221.94,1.0000,-1,-1,-1
91,775,859.89,718.29,134.61,113.98,1.0000,-1,-1,-1
91,780,847.50,440.58,415.27,179.25,1.0000,-1,-1,-1
91,783,766.70,716.14,85.34,82.10,1.0000,-1,-1,-1
91,785,1494.84,891.83,771.77,679.87,1.0000,-1,-1,-1
91,790,847.39,218.94,96.61,84.82,1.0000,-1,-1,-1
91,796,491.08,-59.73,6.53,4.31,1.0000,-1,-1,-1
91,797,877.03,298.07,134.79,82.30,1.0000,-1,-1,-1
91,799,630.62,843.66,98.34,84.36,1.0000,-1,-1,-1
91,801,665.89,588.02,62.58,60.09,1.0000,-1,-1,-1
91,803,1568.21,649.54,93.51,112.67,1.0000,-1,-1,-1
91,809,451.16,122.02,-65.32,-61.80,1.0000,-1,-1,-1
91,810,955.17,307.96,41.44,34.56,1.0000,-1,-1,-1
91,813,1205.81,601.75,80.23,71.21,1.0000,-1,-1,-1
91,817,1054.54,695.79,574.98,352.19,1.0000,-1,-1,-1
91,819,1074.78,292.57,36.31,44.30,1.0000,-1,-1,-1
91,820,1616.96,1039.93,157.98,34.84,1.0000,-1,-1,-1
91,821,1032.00,709.54,38.95,40.90,1.0000,-1,-1,-1
91,822,620.45,288.62,267.62,216.08,1.0000,-1,-1,-1
91,829,1010.07,314.62,72.03,64.96,0.1840,-1,-1,-1
91,830,786.71,811.73,84.94,93.01,1.0000,-1,-1,-1
91,839,1038.87,658.84,106.57,101.24,1.0000,-1,-1,-1
91,840,1278.12,1188.23,-102.67,-76.93,1.0000,-1,-1,-1
91,841,1516.81,169.87,256.50,247.40,0.9095,-1,-1,-1
91,846,268.03,645.66,39.02,35.58,1.0000,-1,-1,-1
91,849,734.41,914.53,77.21,78.79,1.0000,-1,-1,-1
91,851,1408.98,661.20,85.02,81.71,0.7987,-1,-1,-1
91,852,418.82,114.48,210.83,100.69,1.0000,-1,-1,-1
91,858,130.89,688.22,125.59,124.26,1.0000,-1,-1,-1
91,859,393.94,982.14,335.09,89.66,1.0000,-1,-1,-1
91,864,932.73,423.39,-185.56,-271.15,1.0000,-1,-1,-1
91,867,844.30,190.67,158.62,83.14,1.0000,-1,-1,-1
91,876,-28.76,316.90,56.72,92.07,1.0000,-1,-1,-1
91,877,1204.50,205.27,138.08,113.43,1.0000,-1,-1,-1
91,879,1101.42,590.38,118.36,102.68,1.0000,-1,-1,-1
91,880,575.91,952.78,84.29,133.98,1.0000,-1,-1,-1
91,883,725.19,432.45,100.37,90.60,1.0000,-1,-1,-1
91,887,223.63,899.89,159.90,165.81,1.0000,-1,-1,-1
91,888,979.01,894.63,-32.72,-32.88,1.0000,-1,-1,-1
91,889,-139.01,350.82,52.90,109.45,1.0000,-1,-1,-1
91,891,818.74,1042.24,80.85,47.39,1.0000,-1,-1,-1
91,892,1759.98,1263.96,-23.98,-139.44,1.0000,-1,-1,-1
91,899,262.33,990.04,80.81,53.11,1.0000,-1,-1,-1
91,902,-144.15,959.32,170.21,110.93,1.0000,-1,-1,-1
91,905,1024.20,394.20,113.92,113.63,1.0000,-1,-1,-1
91,907,1383.42,667.58,-222.70,-185.02,1.0000,-1,-1,-1
91,916,749.36,170.05,136.82,139.77,0.8108,-1,-1,-1
91,917,-70.86,807.45,56.95,63.39,1.0000,-1,-1,-1
91,919,999.83,100.61,152.98,163.91,1.0000,-1,-1,-1
91,926,1092.74,302.96,170.42,131.11,1.0000,-1,-1,-1
91,934,958.82,626.33,-127.91,-82.53,1.0000,-1,-1,-1
91,935,59.72,753.91,88.90,80.92,1.0000,-1,-1,-1
91,939,1716.13,1043.28,65.34,38.77,1.0000,-1,-1,-1
91,943,465.90,484.62,137.70,95.07,1.0000,-1,-1,-1
91,947,1441.42,217.41,144.97,59.98,1.0000,-1,-1,-1
91,956,346.63,661.53,91.53,88.60,1.0000,-1,-1,-1
91,964,705.79,1046.18,74.60,36.23,1.0000,-1,-1,-1
91,969,1832.38,670.17,73.57,256.19,1.0000,-1,-1,-1
91,972,770.23,898.10,392.82,435.40,1.0000,-1,-1,-1
91,974,-75.75,576.31,747.53,500.74,1.0000,-1,-1,-1
91,980,969.23,283.84,94.64,88.77,1.0000,-1,-1,-1
91,990,883.78,500.93,68.90,81.64,1.0000,-1,-1,-1
91,995,936.22,45.33,115.89,96.82,0.0154,-1,-1,-1
91,996,283.95,11.53,136.33,154.06,1.0000,-1,-1,-1
91,999,458.69,104.11,229.32,105.81,0.0209,-1,-1,-1
91,1005,2115.17,429.43,-55.94,-120.87,1.0000,-1,-1,-1
91,1009,456.04,-37.04,241.05,293.71,1.0000,-1,-1,-1
91,1013,-31.28,468.68,434.24,245.43,1.0000,-1,-1,-1
91,1017,1420.18,946.33,108.85,133.67,1.0000,-1,-1,-1
91,1018,504.13,-1.53,173.40,95.66,1.0000,-1,-1,-1
91,1019,396.88,605.09,81.02,89.41,0.8784,-1,-1,-1
91,1020,802.68,783.30,69.41,73.91,1.0000,-1,-1,-1
91,1023,584.09,849.37,85.65,100.66,1.0000,-1,-1,-1
91,1025,950.93,550.94,36.60,60.47,1.0000,-1,-1,-1
91,1026,1029.09,756.15,-349.21,-387.64,1.0000,-1,-1,-1
91,1027,1208.95,188.58,110.27,85.76,1.0000,-1,-1,-1
91,1028,305.46,344.92,450.70,242.57,1.0000,-1,-1,-1
91,1029,960.13,335.83,11.00,12.00,1.0000,-1,-1,-1
91,1030,468.84,828.55,84.09,152.41,1.0000,-1,-1,-1
91,1031,1887.88,924.33,40.11,154.85,1.0000,-1,-1,-1
91,1032,869.85,-118.40,377.02,161.73,1.0000,-1,-1,-1
91,1033,1081.58,741.08,497.93,336.23,1.0000,-1,-1,-1
91,1036,154.63,8.83,307.64,212.93,0.0114,-1,-1,-1
91,1039,946.50,74.02,76.74,80.38,1.0000,-1,-1,-1
91,1042,-71.23,304.27,637.00,720.55,1.0000,-1,-1,-1
91,1044,220.54,891.90,-227.62,-248.02,1.0000,-1,-1,-1
91,1045,266.91,544.26,1422.36,527.93,1.0000,-1,-1,-1
91,1050,1040.41,514.83,347.91,229.93,0.0337,-1,-1,-1
91,1051,239.48,162.60,100.84,55.19,0.2752,-1,-1,-1
91,1052,1554.92,250.71,-16.29,-19.50,1.0000,-1,-1,-1
91,1053,1233.26,345.31,53.23,31.37,1.0000,-1,-1,-1
91,1055,1004.04,207.68,125.08,119.00,0.7190,-1,-1,-1
91,1064,1645.27,349.28,58.03,25.72,1.0000,-1,-1,-1
91,1065,1046.65,222.23,293.91,102.41,1.0000,-1,-1,-1
91,1066,19.55,994.82,54.90,83.11,1.0000,-1,-1,-1
91,1068,1422.16,798.00,185.88,138.13,1.0000,-1,-1,-1
91,1070,848.97,1.10,21.17,21.13,1.0000,-1,-1,-1
91,1078,483.92,380.66,133.11,111.23,0.5862,-1,-1,-1
91,1080,304.68,611.94,209.83,139.70,1.0000,-1,-1,-1
91,1081,429.45,0.80,343.94,168.68,0.3057,-1,-1,-1
91,1085,1012.62,715.97,134.83,90.88,1.0000,-1,-1,-1
91,1088,205.32,66.48,232.10,115.25,1.0000,-1,-1,-1
91,1089,791.55,153.08,383.43,290.82,1.0000,-1,-1,-1
91,1091,1490.33,120.48,88.72,40.06,1.0000,-1,-1,-1
91,1094,297.36,130.58,264.82,212.19,1.0000,-1,-1,-1
91,1098,1121.34,778.15,63.51,70.26,1.0000,-1,-1,-1
91,1099,995.14,299.24,65.39,43.61,1.0000,-1,-1,-1
91,1100,1465.63,1.87,549.56,164.92,1.0000,-1,-1,-1
91,1104,1778.32,171.35,119.44,195.55,0.6132,-1,-1,-1
91,1114,518.36,482.48,131.02,70.43,0.6580,-1,-1,-1
91,1116,715.19,570.52,84.44,76.50,1.0000,-1,-1,-1
91,1129,870.03,309.48,105.53,90.16,1.0000,-1,-1,-1
91,1135,1121.43,591.31,149.12,147.03,0.1225,-1,-1,-1
91,1136,164.23,827.58,343.26,249.04,1.0000,-1,-1,-1
91,1137,1231.54,870.55,80.73,79.69,1.0000,-1,-1,-1
91,1139,438.29,827.18,103.45,174.01,0.2781,-1,-1,-1
91,1140,880.41,333.00,183.88,102.63,0.6444,-1,-1,-1
91,1141,643.86,368.47,189.95,110.01,0.3558,-1,-1,-1
91,1144,1538.09,1.20,115.06,68.64,1.0000,-1,-1,-1
91,1147,715.30,457.18,57.62,59.61,1.0000,-1,-1,-1
91,1151,960.41,44.43,94.70,58.74,1.0000,-1,-1,-1
91,1155,1841.23,891.56,59.63,186.09,0.3384,-1,-1,-1
91,1157,536.11,965.37,122.48,112.08,0.0272,-1,-1,-1
91,1159,1170.60,348.00,96.47,137.88,0.0215,-1,-1,-1
92,183,1238.46,472.06,104.18,101.06,0.0285,-1,-1,-1
92,233,1966.82,894.14,11.75,47.42,1.0000,-1,-1,-1
92,245,904.37,191.82,174.06,175.04,0.0283,-1,-1,-1
92,310,119.91,742.23,23.49,19.65,1.0000,-1,-1,-1
92,360,1084.67,324.54,79.16,80.21,0.2534,-1,-1,-1
92,447,671.54,748.11,141.24,144.02,0.7462,-1,-1,-1
92,472,1418.98,873.55,212.82,228.79,1.0000,-1,-1,-1
92,480,2390.90,1704.83,-889.82,-586.54,1.0000,-1,-1,-1
92,491,362.99,438.01,94.77,87.62,0.8517,-1,-1,-1
92,497,969.63,250.73,131.58,147.62,1.0000,-1,-1,-1
92,550,666.08,266.97,64.56,71.02,0.2755,-1,-1,-1
92,570,981.90,431.26,72.55,72.59,1.0000,-1,-1,-1
92,594,-1.04,762.93,75.37,57.54,1.0000,-1,-1,-1
92,626,282.71,601.69,-32.76,-25.60,1.0000,-1,-1,-1
92,636,176.98,703.41,84.46,71.32,1.0000,-1,-1,-1
92,644,335.44,697.39,97.37,95.23,1.0000,-1,-1,-1
92,646,1158.44,519.01,139.60,129.60,1.0000,-1,-1,-1
92,663,291.91,672.28,128.54,115.98,1.0000,-1,-1,-1
92,668,1437.80,733.62,182.73,150.86,0.8644,-1,-1,-1
92,669,-202.79,922.56,473.24,586.68,1.0000,-1,-1,-1
92,673,211.56,863.09,68.30,74.96,1.0000,-1,-1,-1
92,695,608.35,438.73,91.48,83.41,0.8622,-1,-1,-1
92,697,357.59,692.75,1.04,0.74,1.0000,-1,-1,-1
92,703,-479.31,736.69,242.11,269.94,1.0000,-1,-1,-1
92,708,-268.84,20.39,960.95,643.56,1.0000,-1,-1,-1
92,711,1686.25,686.71,281.26,259.90,1.0000,-1,-1,-1
92,712,376.00,578.00,7.49,7.23,1.0000,-1,-1,-1
92,714,-89.96,47.63,156.79,106.68,1.0000,-1,-1,-1
92,719,717.66,1.35,13.09,23.83,1.0000,-1,-1,-1
92,749,1041.06,513.62,-53.11,-42.65,1.0000,-1,-1,-1
92,758,1365.13,487.10,-232.61,-311.45,1.0000,-1,-1,-1
92,764,892.41,702.28,79.49,88.61,1.0000,-1,-1,-1
92,766,885.57,840.32,51.92,64.47,1.0000,-1,-1,-1
92,771,728.80,853.60,728.98,227.06,1.0000,-1,-1,-1
92,775,855.18,722.24,136.00,115.16,1.0000,-1,-1,-1
92,780,844.21,445.17,425.41,183.63,1.0000,-1,-1,-1
92,783,762.75,721.34,84.84,81.62,1.0000,-1,-1,-1
92,790,841.06,217.10,97.26,85.39,1.0000,-1,-1,-1
92,796,481.93,-63.44,0.79,0.52,1.0000,-1,-1,-1
92,797,865.05,297.91,136.88,83.58,1.0000,-1,-1,-1
92,799,629.35,859.39,95.47,81.89,1.0000,-1,-1,-1
92,801,659.93,595.20,62.58,60.08,1.0000,-1,-1,-1
92,803,1560.85,647.12,93.53,112.69,1.0000,-1,-1,-1
92,809,439.14,102.58,-70.72,-66.91,1.0000,-1,-1,-1
92,810,953.10,314.14,36.08,30.10,1.0000,-1,-1,-1
92,813,1198.44,609.18,84.92,76.38,0.7152,-1,-1,-1
92,817,1047.74,697.26,591.11,362.07,1.0000,-1,-1,-1
92,819,1071.13,293.17,36.14,44.09,1.0000,-1,-1,-1
92,820,1616.28,1039.95,157.44,34.72,1.0000,-1,-1,-1
92,821,1030.83,708.34,38.27,40.19,1.0000,-1,-1,-1
92,822,604.41,289.55,274.35,221.52,1.0000,-1,-1,-1
92,829,1009.97,317.19,67.99,61.42,0.1755,-1,-1,-1
92,830,780.88,812.76,83.83,91.80,1.0000,-1,-1,-1
92,839,1040.55,655.26,104.44,99.22,1.0000,-1,-1,-1
92,840,1288.77,1211.86,-127.29,-95.37,1.0000,-1,-1,-1
92,841,1496.38,157.43,282.13,270.37,0.9020,-1,-1,-1
92,846,264.52,655.90,34.69,31.64,1.0000,-1,-1,-1
92,849,729.63,925.21,76.95,78.52,1.0000,-1,-1,-1
92,851,1412.70,661.69,82.45,78.43,0.8397,-1,-1,-1
92,852,414.59,115.07,212.18,101.34,1.0000,-1,-1,-1
92,858,125.27,687.67,127.52,126.16,1.0000,-1,-1,-1
92,859,387.23,981.49,336.69,90.09,1.0000,-1,-1,-1
92,864,933.72,424.00,-196.82,-287.61,1.0000,-1,-1,-1
92,867,835.69,188.68,162.32,85.08,1.0000,-1,-1,-1
92,876,-34.58,317.50,56.74,92.09,1.0000,-1,-1,-1
92,877,1201.44,203.87,141.97,116.62,1.0000,-1,-1,-1
92,879,1096.83,588.61,119.50,103.67,1.0000,-1,-1,-1
92,880,597.59,954.37,84.35,134.07,1.0000,-1,-1,-1
92,883,726.44,434.04,102.48,92.51,1.0000,-1,-1,-1
92,887,210.78,899.72,162.13,168.12,1.0000,-1,-1,-1
92,888,979.84,894.95,-37.60,-37.78,1.0000,-1,-1,-1
92,889,-147.40,350.38,53.15,109.97,1.0000,-1,-1,-1
92,891,819.42,1044.28,78.51,46.02,1.0000,-1,-1,-1
92,892,1754.49,1281.56,-26.55,-154.43,1.0000,-1,-1,-1
92,899,271.52,988.54,81.35,53.47,1.0000,-1,-1,-1
92,902,-154.08,960.23,169.18,110.26,1.0000,-1,-1,-1
92,905,1018.97,399.54,116.48,116.18,1.0000,-1,-1,-1
92,907,1389.61,668.57,-236.83,-196.76,1.0000,-1,-1,-1
92,916,758.52,125.40,137.80,141.60,0.9305,-1,-1,-1
92,917,-101.14,809.18,56.49,62.87,1.0000,-1,-1,-1
92,919,1001.72,105.18,155.31,166.41,1.0000,-1,-1,-1
92,926,1099.67,299.19,172.72,132.88,1.0000,-1,-1,-1
92,934,962.67,635.35,-138.33,-89.25,1.0000,-1,-1,-1
92,935,52.34,756.16,89.29,81.27,1.0000,-1,-1,-1
92,939,1714.10,1045.90,61.62,36.56,1.0000,-1,-1,-1
92,943,457.06,484.71,140.02,96.68,1.0000,-1,-1,-1
92,947,1436.68,227.28,143.19,59.25,1.0000,-1,-1,-1
92,956,350.53,665.18,89.61,86.75,1.0000,-1,-1,-1
92,964,702.56,1048.34,70.84,34.41,1.0000,-1,-1,-1
92,969,1829.89,666.81,75.43,262.69,1.0000,-1,-1,-1
92,972,764.17,903.36,408.85,453.18,1.0000,-1,-1,-1
92,974,-87.24,553.43,781.96,523.81,1.0000,-1,-1,-1
92,980,970.08,272.62,92.84,87.08,1.0000,-1,-1,-1
92,990,883.28,504.92,69.32,82.13,1.0000,-1,-1,-1
92,995,923.48,41.24,113.26,97.23,0.0173,-1,-1,-1
92,996,278.46,12.17,138.69,156.72,1.0000,-1,-1,-1
92,999,457.34,102.17,235.04,108.45,1.0000,-1,-1,-1
92,1005,2140.44,446.59,-73.35,-158.49,1.0000,-1,-1,-1
92,1009,464.74,-66.96,249.95,304.56,1.0000,-1,-1,-1
92,1013,-44.79,467.17,447.69,253.03,1.0000,-1,-1,-1
92,1017,1421.85,950.41,105.64,129.72,1.0000,-1,-1,-1
92,1018,497.84,-1.69,175.11,96.61,1.0000,-1,-1,-1
92,1019,394.46,606.23,84.38,91.88,0.8752,-1,-1,-1
92,1020,801.25,788.36,69.93,74.47,1.0000,-1,-1,-1
92,1023,583.83,850.02,82.98,97.52,1.0000,-1,-1,-1
92,1025,951.01,551.30,36.54,60.36,1.0000,-1,-1,-1
92,1026,1033.08,800.64,-385.39,-427.80,1.0000,-1,-1,-1
92,1027,1222.20,176.71,109.31,85.01,1.0000,-1,-1,-1
92,1028,311.07,323.49,462.90,249.13,1.0000,-1,-1,-1
92,1029,961.16,335.30,7.30,7.97,1.0000,-1,-1,-1
92,1030,469.96,828.92,83.20,150.80,1.0000,-1,-1,-1
92,1031,1887.73,921.48,40.86,157.76,1.0000,-1,-1,-1
92,1032,863.09,-131.88,397.40,170.47,1.0000,-1,-1,-1
92,1033,1080.35,727.40,518.19,349.90,1.0000,-1,-1,-1
92,1036,148.22,9.19,318.61,220.52,1.0000,-1,-1,-1
92,1039,946.57,74.02,77.02,80.67,1.0000,-1,-1,-1
92,1042,-76.25,326.71,649.86,735.09,1.0000,-1,-1,-1
92,1044,232.11,910.98,-258.32,-281.48,1.0000,-1,-1,-1
92,1045,249.37,514.37,1501.74,557.39,1.0000,-1,-1,-1
92,1050,1043.31,487.83,342.58,230.57,0.0384,-1,-1,-1
92,1051,237.23,171.26,99.92,54.01,0.4138,-1,-1,-1
92,1052,1534.59,226.76,-34.19,-40.93,1.0000,-1,-1,-1
92,1053,1244.52,348.27,44.19,26.04,1.0000,-1,-1,-1
92,1055,1001.39,199.26,133.21,128.97,0.6849,-1,-1,-1
92,1064,1645.25,351.63,48.58,21.53,1.0000,-1,-1,-1
92,1065,1043.69,219.24,305.17,106.33,1.0000,-1,-1,-1
92,1066,20.57,1000.05,51.91,78.58,1.0000,-1,-1,-1
92,1068,1423.21,803.56,190.88,141.85,1.0000,-1,-1,-1
92,1070,852.10,0.91,17.95,17.92,1.0000,-1,-1,-1
92,1078,481.21,365.52,139.67,118.02,0.7091,-1,-1,-1
92,1080,306.20,613.75,210.66,140.25,1.0000,-1,-1,-1
92,1081,433.06,0.77,334.03,167.94,0.5814,-1,-1,-1
92,1085,1013.09,712.25,139.91,94.30,1.0000,-1,-1,-1
92,1088,204.42,67.14,234.94,116.66,1.0000,-1,-1,-1
92,1089,769.01,136.78,415.90,315.45,1.0000,-1,-1,-1
92,1091,1487.64,127.28,74.62,33.70,1.0000,-1,-1,-1
92,1094,290.92,125.65,283.25,226.96,1.0000,-1,-1,-1
92,1098,1120.53,781.89,62.64,69.28,1.0000,-1,-1,-1
92,1099,999.25,307.63,55.85,37.25,1.0000,-1,-1,-1
92,1100,1447.28,1.85,577.40,173.28,1.0000,-1,-1,-1
92,1104,1777.72,175.42,120.05,191.04,0.7039,-1,-1,-1
92,1114,519.27,485.01,122.70,67.64,0.7602,-1,-1,-1
92,1116,712.58,573.83,87.02,78.84,1.0000,-1,-1,-1
92,1129,871.42,308.95,103.84,88.71,1.0000,-1,-1,-1
92,1135,1088.91,554.71,151.15,149.04,1.0000,-1,-1,-1
92,1136,158.22,818.52,355.37,257.82,1.0000,-1,-1,-1
92,1137,1221.32,870.39,87.62,86.75,0.0130,-1,-1,-1
92,1139,437.72,826.36,103.12,174.06,0.3896,-1,-1,-1
92,1140,888.22,347.77,165.01,93.87,0.8078,-1,-1,-1
92,1141,634.50,370.66,173.88,102.87,0.6494,-1,-1,-1
92,1144,1534.23,1.23,117.51,70.10,1.0000,-1,-1,-1
92,1147,716.20,459.85,56.66,58.62,1.0000,-1,-1,-1
92,1151,962.87,37.63,90.65,56.23,1.0000,-1,-1,-1
92,1155,1838.74,898.23,59.37,178.82,0.3566,-1,-1,-1
92,1157,532.38,966.92,119.99,109.67,0.0235,-1,-1,-1
92,1159,1165.45,347.79,103.23,148.65,0.0367,-1,-1,-1
92,1165,984.61,688.26,125.21,123.73,0.9053,-1,-1,-1
92,1167,971.86,917.29,325.94,160.83,0.4453,-1,-1,-1
92,1168,875.48,934.89,92.47,144.25,0.0358,-1,-1,-1
92,1170,224.63,572.33,100.55,96.08,0.8116,-1,-1,-1
92,1171,322.77,670.26,95.86,108.93,0.7663,-1,-1,-1
92,1172,687.36,282.98,259.73,224.44,0.1382,-1,-1,-1
92,1173,1136.92,190.47,116.48,97.73,0.1291,-1,-1,-1
93,183,1240.79,480.90,103.49,100.49,0.1602,-1,-1,-1
93,233,1969.84,902.20,10.50,42.38,1.0000,-1,-1,-1
93,245,906.12,198.53,179.02,180.08,0.1449,-1,-1,-1
93,310,116.40,757.59,16.33,13.66,1.0000,-1,-1,-1
93,360,1083.71,324.11,78.46,79.56,0.2015,-1,-1,-1
93,447,663.75,768.55,143.08,145.90,1.0000,-1,-1,-1
93,472,1419.37,886.23,214.99,231.12,1.0000,-1,-1,-1
93,480,2435.46,1739.71,-939.86,-619.53,1.0000,-1,-1,-1
93,491,359.70,448.31,93.97,86.19,0.9167,-1,-1,-1
93,497,964.80,259.58,132.05,148.15,1.0000,-1,-1,-1
93,550,665.82,271.80,63.15,69.47,1.0000,-1,-1,-1
93,570,985.43,432.17,71.98,72.01,1.0000,-1,-1,-1
93,594,-8.39,770.61,71.93,54.91,1.0000,-1,-1,-1
93,626,277.59,605.91,-37.23,-29.10,1.0000,-1,-1,-1
93,636,172.81,704.97,81.93,69.18,1.0000,-1,-1,-1
93,646,1154.24,520.84,141.54,131.41,1.0000,-1,-1,-1
93,663,287.21,672.14,128.88,116.28,1.0000,-1,-1,-1
93,668,1434.90,751.48,184.03,152.15,0.9109,-1,-1,-1
93,669,-209.59,931.34,485.02,601.28,1.0000,-1,-1,-1
93,673,210.68,866.68,68.39,75.05,1.0000,-1,-1,-1
93,695,615.91,440.16,91.37,82.10,0.8470,-1,-1,-1
93,697,358.83,691.65,-1.68,-1.19,1.0000,-1,-1,-1
93,703,-498.81,745.62,245.15,273.33,1.0000,-1,-1,-1
93,708,-279.73,21.02,979.32,655.87,1.0000,-1,-1,-1
93,711,1682.52,685.64,287.85,265.99,1.0000,-1,-1,-1
93,712,374.86,577.29,3.24,3.13,1.0000,-1,-1,-1
93,714,-92.66,45.11,159.60,108.59,1.0000,-1,-1,-1
93,719,718.33,1.36,10.90,19.85,1.0000,-1,-1,-1
93,766,888.03,842.72,51.43,63.86,1.0000,-1,-1,-1
93,771,729.81,848.62,745.40,232.17,1.0000,-1,-1,-1
93,775,850.47,726.19,137.40,116.34,1.0000,-1,-1,-1
93,783,758.79,726.53,84.34,81.14,1.0000,-1,-1,-1
93,790,834.73,215.27,97.91,85.96,1.0000,-1,-1,-1
93,796,472.78,-67.14,-4.96,-3.28,1.0000,-1,-1,-1
93,799,628.08,875.11,92.59,79.42,1.0000,-1,-1,-1
93,801,653.97,602.37,62.57,60.08,1.0000,-1,-1,-1
93,803,1553.50,644.70,93.55,112.71,1.0000,-1,-1,-1
93,809,427.13,83.13,-76.12,-72.02,1.0000,-1,-1,-1
93,810,951.04,320.33,30.73,25.63,1.0000,-1,-1,-1
93,813,1191.70,611.95,88.04,79.61,0.8133,-1,-1,-1
93,817,1040.93,698.72,607.25,371.96,1.0000,-1,-1,-1
93,819,1067.49,293.77,35.97,43.88,1.0000,-1,-1,-1
93,820,1615.60,1039.97,156.89,34.60,1.0000,-1,-1,-1
93,821,1029.65,707.14,37.60,39.48,1.0000,-1,-1,-1
93,822,588.37,290.47,281.09,226.96,1.0000,-1,-1,-1
93,829,1014.17,321.16,66.20,60.55,0.0434,-1,-1,-1
93,830,775.06,813.79,82.72,90.58,1.0000,-1,-1,-1
93,839,1042.22,651.67,102.32,97.20,1.0000,-1,-1,-1
93,840,1299.42,1235.49,-151.90,-113.82,1.0000,-1,-1,-1
93,841,1479.56,146.37,303.72,291.13,0.8991,-1,-1,-1
93,846,261.02,666.14,30.37,27.69,1.0000,-1,-1,-1
93,849,724.85,935.89,76.68,78.26,1.0000,-1,-1,-1
93,851,1415.50,662.02,83.11,78.37,0.8591,-1,-1,-1
93,852,410.37,115.67,213.54,101.98,1.0000,-1,-1,-1
93,858,119.65,687.12,129.45,128.07,1.0000,-1,-1,-1
93,859,380.51,980.84,338.30,90.52,1.0000,-1,-1,-1
93,864,934.70,424.61,-208.08,-304.06,1.0000,-1,-1,-1
93,867,827.07,186.68,166.01,87.02,1.0000,-1,-1,-1
93,876,-40.41,318.09,56.76,92.12,1.0000,-1,-1,-1
93,877,1198.38,202.47,145.86,119.82,1.0000,-1,-1,-1
93,879,1092.23,586.84,120.63,104.65,1.0000,-1,-1,-1
93,880,619.27,955.95,84.41,134.17,1.0000,-1,-1,-1
93,883,727.69,435.63,104.59,94.42,1.0000,-1,-1,-1
93,887,197.92,899.55,164.36,170.43,1.0000,-1,-1,-1
93,888,980.68,895.27,-42.47,-42.68,1.0000,-1,-1,-1
93,889,-155.80,349.94,53.40,110.49,1.0000,-1,-1,-1
93,891,820.10,1046.33,76.17,44.65,1.0000,-1,-1,-1
93,892,1749.00,1299.17,-29.13,-169.41,1.0000,-1,-1,-1
93,899,280.70,987.05,81.90,53.83,1.0000,-1,-1,-1
93,902,-164.02,961.13,168.15,109.59,1.0000,-1,-1,-1
93,905,1013.74,404.88,119.04,118.74,1.0000,-1,-1,-1
93,907,1395.79,669.56,-250.96,-208.50,1.0000,-1,-1,-1
93,916,768.85,86.56,132.05,133.77,0.8849,-1,-1,-1
93,917,-131.42,810.91,56.03,62.36,1.0000,-1,-1,-1
93,919,1003.60,109.75,157.64,168.91,1.0000,-1,-1,-1
93,926,1106.61,295.41,175.02,134.65,1.0000,-1,-1,-1
93,934,966.52,644.37,-148.74,-95.97,1.0000,-1,-1,-1
93,935,44.96,758.40,89.68,81.62,1.0000,-1,-1,-1
93,939,1712.07,1048.53,57.89,34.35,1.0000,-1,-1,-1
93,943,448.21,484.81,142.35,98.28,1.0000,-1,-1,-1
93,947,1431.93,237.16,141.42,58.52,1.0000,-1,-1,-1
93,956,354.43,668.84,87.69,84.89,1.0000,-1,-1,-1
93,964,699.33,1050.50,67.09,32.58,1.0000,-1,-1,-1
93,969,1827.40,663.46,77.30,269.19,1.0000,-1,-1,-1
93,972,758.11,908.62,424.89,470.95,1.0000,-1,-1,-1
93,974,-98.73,530.55,816.40,546.87,1.0000,-1,-1,-1
93,980,970.92,261.41,91.05,85.40,1.0000,-1,-1,-1
93,990,882.79,508.92,69.74,82.63,1.0000,-1,-1,-1
93,995,920.77,40.04,113.62,97.54,1.0000,-1,-1,-1
93,996,272.98,12.81,141.05,159.38,1.0000,-1,-1,-1
93,999,455.98,100.23,240.76,111.09,1.0000,-1,-1,-1
93,1005,2165.71,463.74,-90.76,-196.12,1.0000,-1,-1,-1
93,1009,473.43,-96.89,258.85,315.40,1.0000,-1,-1,-1
93,1013,-58.30,465.67,461.13,260.63,1.0000,-1,-1,-1
93,1017,1423.52,954.50,102.42,125.78,1.0000,-1,-1,-1
93,1018,491.55,-1.85,176.82,97.55,1.0000,-1,-1,-1
93,1019,395.83,609.39,85.08,91.70,0.8981,-1,-1,-1
93,1020,799.82,793.43,70.46,75.02,1.0000,-1,-1,-1
93,1023,583.58,850.68,80.32,94.38,1.0000,-1,-1,-1
93,1025,951.09,551.66,36.48,60.26,1.0000,-1,-1,-1
93,1026,1037.06,845.13,-421.57,-467.97,1.0000,-1,-1,-1
93,1027,1235.45,164.83,108.35,84.27,1.0000,-1,-1,-1
93,1028,316.67,302.05,475.10,255.70,1.0000,-1,-1,-1
93,1029,962.18,334.78,3.60,3.93,1.0000,-1,-1,-1
93,1030,471.08,829.30,82.32,149.20,1.0000,-1,-1,-1
93,1031,1887.59,918.62,41.62,160.67,1.0000,-1,-1,-1
93,1032,856.33,-145.36,417.78,179.21,1.0000,-1,-1,-1
93,1033,1079.12,713.73,538.44,363.58,1.0000,-1,-1,-1
93,1036,141.80,9.54,329.57,228.10,1.0000,-1,-1,-1
93,1039,946.64,74.02,77.30,80.97,1.0000,-1,-1,-1
93,1042,-81.27,349.14,662.72,749.63,1.0000,-1,-1,-1
93,1044,243.68,930.05,-289.02,-314.93,1.0000,-1,-1,-1
93,1045,231.82,484.47,1581.13,586.86,1.0000,-1,-1,-1
93,1050,1097.30,480.27,291.24,202.85,0.1358,-1,-1,-1
93,1051,229.46,176.32,108.40,58.26,0.3866,-1,-1,-1
93,1052,1514.27,202.81,-52.10,-62.35,1.0000,-1,-1,-1
93,1053,1255.79,351.23,35.14,20.71,1.0000,-1,-1,-1
93,1055,1004.18,191.18,139.12,137.64,0.7405,-1,-1,-1
93,1064,1645.22,353.99,39.13,17.34,1.0000,-1,-1,-1
93,1065,1040.72,216.26,316.42,110.26,1.0000,-1,-1,-1
93,1066,21.60,1005.28,48.92,74.05,1.0000,-1,-1,-1
93,1068,1424.26,809.12,195.89,145.57,1.0000,-1,-1,-1
93,1070,855.22,0.72,14.73,14.70,1.0000,-1,-1,-1
93,1078,477.27,354.77,146.25,125.91,0.7180,-1,-1,-1
93,1080,307.72,615.56,211.49,140.81,1.0000,-1,-1,-1
93,1081,419.92,0.77,351.56,182.01,0.6354,-1,-1,-1
93,1085,1013.57,708.53,144.99,97.73,1.0000,-1,-1,-1
93,1088,203.53,67.80,237.79,118.07,1.0000,-1,-1,-1
93,1089,746.48,120.47,448.36,340.07,1.0000,-1,-1,-1
93,1091,1484.95,134.08,60.53,27.33,1.0000,-1,-1,-1
93,1094,284.48,120.72,301.68,241.73,1.0000,-1,-1,-1
93,1098,1119.71,785.62,61.76,68.31,1.0000,-1,-1,-1
93,1099,1003.36,316.02,46.32,30.89,1.0000,-1,-1,-1
93,1100,1428.93,1.84,605.24,181.63,1.0000,-1,-1,-1
93,1104,1780.44,182.88,118.31,182.84,0.7941,-1,-1,-1
93,1114,517.07,489.58,119.17,67.47,0.8574,-1,-1,-1
93,1116,709.96,577.14,89.60,81.18,1.0000,-1,-1,-1
93,1129,872.81,308.43,102.14,87.26,1.0000,-1,-1,-1
93,1135,1056.39,518.11,153.19,151.05,1.0000,-1,-1,-1
93,1136,152.21,809.46,367.47,266.60,1.0000,-1,-1,-1
93,1137,1217.99,869.94,88.34,87.46,1.0000,-1,-1,-1
93,1139,437.10,826.86,98.13,166.30,0.3342,-1,-1,-1
93,1140,888.51,354.76,158.08,91.76,0.8866,-1,-1,-1
93,1141,628.12,366.88,168.14,101.30,0.8818,-1,-1,-1
93,1144,1530.37,1.26,119.97,71.57,1.0000,-1,-1,-1
93,1147,717.11,462.53,55.71,57.63,1.0000,-1,-1,-1
93,1151,965.33,30.82,86.60,53.72,1.0000,-1,-1,-1
93,1155,1836.32,902.32,60.47,174.65,0.3409,-1,-1,-1
93,1157,529.44,966.93,119.59,109.30,1.0000,-1,-1,-1
93,1159,1163.07,347.71,105.83,152.39,1.0000,-1,-1,-1
93,1165,976.02,701.42,125.03,123.52,0.8625,-1,-1,-1
93,1167,976.32,915.10,329.75,163.08,0.5370,-1,-1,-1
93,1168,879.75,951.21,83.60,127.11,0.0360,-1,-1,-1
93,1170,221.35,577.77,102.30,97.71,0.7841,-1,-1,-1
93,1171,324.69,678.03,95.63,107.31,0.6426,-1,-1,-1
93,1172,672.00,207.87,223.72,193.88,0.3654,-1,-1,-1
93,1173,1134.74,175.64,121.36,102.39,0.1809,-1,-1,-1
93,1175,636.23,820.91,121.31,145.59,0.3020,-1,-1,-1
93,1177,166.34,58.14,194.87,176.48,0.0313,-1,-1,-1
93,1180,1611.39,821.10,231.33,229.72,0.0250,-1,-1,-1
93,1182,315.86,73.67,192.11,172.79,0.6827,-1,-1,-1
93,1183,1864.75,930.74,51.25,147.19,0.0848,-1,-1,-1
94,183,1246.22,488.90,102.22,98.64,0.3707,-1,-1,-1
94,233,1972.86,910.27,9.25,37.35,1.0000,-1,-1,-1
94,245,915.41,186.15,206.58,207.29,0.1296,-1,-1,-1
94,310,112.90,772.95,9.16,7.66,1.0000,-1,-1,-1
94,360,1083.68,323.83,77.69,78.88,0.1078,-1,-1,-1
94,447,655.96,789.00,144.91,147.77,1.0000,-1,-1,-1
94,472,1419.76,898.91,217.16,233.46,1.0000,-1,-1,-1
94,480,2480.02,1774.59,-989.91,-652.51,1.0000,-1,-1,-1
94,491,357.93,458.41,93.18,84.77,0.9161,-1,-1,-1
94,497,959.98,268.43,132.51,148.67,1.0000,-1,-1,-1
94,550,664.96,277.77,66.45,71.25,0.4303,-1,-1,-1
94,570,988.97,433.08,71.40,71.44,1.0000,-1,-1,-1
94,594,-15.74,778.29,68.49,52.28,1.0000,-1,-1,-1
94,626,272.47,610.13,-41.70,-32.59,1.0000,-1,-1,-1
94,636,168.64,706.53,79.40,67.04,1.0000,-1,-1,-1
94,646,1150.04,522.68,143.49,133.22,1.0000,-1,-1,-1
94,663,282.51,672.00,129.21,116.59,1.0000,-1,-1,-1
94,668,1428.95,767.20,190.79,158.23,0.6853,-1,-1,-1
94,669,-216.39,940.11,496.79,615.87,1.0000,-1,-1,-1
94,695,623.93,442.54,91.37,80.84,0.7867,-1,-1,-1
94,703,-518.30,754.55,248.20,276.72,1.0000,-1,-1,-1
94,708,-290.61,21.65,997.70,668.17,1.0000,-1,-1,-1
94,711,1678.80,684.56,294.44,272.08,1.0000,-1,-1,-1
94,712,373.73,576.59,-1.01,-0.97,1.0000,-1,-1,-1
94,714,-95.35,42.58,162.41,110.50,1.0000,-1,-1,-1
94,719,719.00,1.36,8.71,15.87,1.0000,-1,-1,-1
94,766,890.48,845.13,50.95,63.26,1.0000,-1,-1,-1
94,775,845.76,730.13,138.80,117.52,1.0000,-1,-1,-1
94,783,754.83,731.73,83.84,80.66,1.0000,-1,-1,-1
94,790,828.40,213.44,98.56,86.53,1.0000,-1,-1,-1
94,796,463.62,-70.85,-10.71,-7.07,1.0000,-1,-1,-1
94,799,626.81,890.83,89.71,76.95,1.0000,-1,-1,-1
94,801,648.01,609.54,62.56,60.07,1.0000,-1,-1,-1
94,803,1546.15,642.28,93.56,112.73,1.0000,-1,-1,-1
94,809,415.11,63.69,-81.53,-77.13,1.0000,-1,-1,-1
94,810,948.97,326.52,25.38,21.17,1.0000,-1,-1,-1
94,813,1192.49,618.29,87.82,80.48,0.6360,-1,-1,-1
94,817,1034.13,700.19,623.38,381.84,1.0000,-1,-1,-1
94,819,1063.84,294.37,35.81,43.68,1.0000,-1,-1,-1
94,820,1614.92,1039.99,156.35,34.48,1.0000,-1,-1,-1
94,821,1028.47,705.95,36.92,38.77,1.0000,-1,-1,-1
94,822,572.32,291.39,287.83,232.40,1.0000,-1,-1,-1
94,829,1013.17,322.15,65.90,60.28,1.0000,-1,-1,-1
94,830,769.24,814.82,81.60,89.36,1.0000,-1,-1,-1
94,839,1043.89,648.09,100.19,95.18,1.0000,-1,-1,-1
94,840,1310.08,1259.12,-176.52,-132.26,1.0000,-1,-1,-1
94,841,1495.29,197.42,270.42,251.20,0.6326,-1,-1,-1
94,846,257.51,676.38,26.04,23.75,1.0000,-1,-1,-1
94,849,720.06,946.57,76.42,77.99,1.0000,-1,-1,-1
94,851,1418.91,662.36,86.12,80.99,0.8591,-1,-1,-1
94,852,406.14,116.27,214.89,102.63,1.0000,-1,-1,-1
94,858,114.03,686.57,131.37,129.98,1.0000,-1,-1,-1
94,859,373.79,980.19,339.91,90.95,1.0000,-1,-1,-1
94,864,935.69,425.23,-219.34,-320.51,1.0000,-1,-1,-1
94,867,818.46,184.69,169.71,88.95,1.0000,-1,-1,-1
94,876,-46.24,318.69,56.78,92.15,1.0000,-1,-1,-1
94,877,1195.32,201.07,149.75,123.01,1.0000,-1,-1,-1
94,879,1087.64,585.06,121.76,105.63,1.0000,-1,-1,-1
94,880,640.95,957.53,84.47,134.27,1.0000,-1,-1,-1
94,883,728.93,437.22,106.70,96.32,1.0000,-1,-1,-1
94,887,185.06,899.38,166.59,172.75,1.0000,-1,-1,-1
94,888,981.51,895.59,-47.35,-47.58,1.0000,-1,-1,-1
94,889,-164.19,349.50,53.65,111.01,1.0000,-1,-1,-1
94,891,820.78,1048.37,73.84,43.28,1.0000,-1,-1,-1
94,892,1743.51,1316.77,-31.71,-184.40,1.0000,-1,-1,-1
94,899,289.89,985.56,82.45,54.19,1.0000,-1,-1,-1
94,902,-173.96,962.04,167.11,108.91,1.0000,-1,-1,-1
94,905,1008.51,410.22,121.60,121.29,1.0000,-1,-1,-1
94,907,1401.98,670.55,-265.09,-220.24,1.0000,-1,-1,-1
94,916,773.30,26.61,142.89,145.98,0.9110,-1,-1,-1
94,917,-161.70,812.64,55.56,61.84,1.0000,-1,-1,-1
94,919,1005.49,114.33,159.97,171.40,1.0000,-1,-1,-1
94,926,1113.55,291.64,177.31,136.42,1.0000,-1,-1,-1
94,934,970.37,653.38,-159.16,-102.69,1.0000,-1,-1,-1
94,935,37.58,760.65,90.06,81.97,1.0000,-1,-1,-1
94,939,1710.05,1051.15,54.16,32.14,1.0000,-1,-1,-1
94,943,439.37,484.90,144.67,99.89,1.0000,-1,-1,-1
94,947,1427.18,247.03,139.65,57.78,1.0000,-1,-1,-1
94,956,358.33,672.49,85.77,83.03,1.0000,-1,-1,-1
94,964,696.09,1052.66,63.34,30.76,1.0000,-1,-1,-1
94,969,1824.91,660.11,79.16,275.68,1.0000,-1,-1,-1
94,972,752.05,913.89,440.92,488.72,1.0000,-1,-1,-1
94,974,-110.22,507.67,850.83,569.94,1.0000,-1,-1,-1
94,980,971.76,250.20,89.25,83.71,1.0000,-1,-1,-1
94,990,882.29,512.92,70.16,83.12,1.0000,-1,-1,-1
94,995,918.06,38.84,113.99,97.85,1.0000,-1,-1,-1
94,996,267.50,13.45,143.40,162.05,1.0000,-1,-1,-1
94,999,454.63,98.28,246.48,113.73,1.0000,-1,-1,-1
94,1005,2190.98,480.90,-108.17,-233.74,1.0000,-1,-1,-1
94,1009,482.13,-126.82,267.75,326.24,1.0000,-1,-1,-1
94,1013,-71.80,464.17,474.58,268.22,1.0000,-1,-1,-1
94,1017,1425.19,958.58,99.21,121.83,1.0000,-1,-1,-1
94,1018,485.26,-2.00,178.53,98.49,1.0000,-1,-1,-1
94,1019,396.97,614.16,86.36,92.73,0.8883,-1,-1,-1
94,1020,798.39,798.49,70.98,75.58,1.0000,-1,-1,-1
94,1023,583.32,851.33,77.65,91.25,1.0000,-1,-1,-1
94,1025,951.17,552.01,36.41,60.15,1.0000,-1,-1,-1
94,1026,1041.05,889.62,-457.76,-508.13,1.0000,-1,-1,-1
94,1027,1248.70,152.96,107.39,83.52,1.0000,-1,-1,-1
94,1028,322.27,280.61,487.29,262.26,1.0000,-1,-1,-1
94,1029,963.20,334.25,-0.10,-0.11,1.0000,-1,-1,-1
94,1030,472.20,829.68,81.43,147.59,1.0000,-1,-1,-1
94,1031,1887.45,915.76,42.37,163.58,1.0000,-1,-1,-1
94,1032,849.58,-158.84,438.16,187.96,1.0000,-1,-1,-1
94,1033,1077.89,700.05,558.69,377.26,1.0000,-1,-1,-1
94,1036,135.38,9.90,340.53,235.69,1.0000,-1,-1,-1
94,1039,946.71,74.02,77.59,81.26,1.0000,-1,-1,-1
94,1042,-86.29,371.58,675.57,764.18,1.0000,-1,-1,-1
94,1044,255.26,949.13,-319.73,-348.39,1.0000,-1,-1,-1
94,1045,214.27,454.58,1660.52,616.33,1.0000,-1,-1,-1
94,1050,1108.83,565.82,200.13,135.44,0.2738,-1,-1,-1
94,1051,228.10,183.65,112.81,60.99,0.3106,-1,-1,-1
94,1052,1493.95,178.86,-70.00,-83.78,1.0000,-1,-1,-1
94,1053,1267.06,354.19,26.09,15.37,1.0000,-1,-1,-1
94,1055,1005.39,182.92,143.66,144.77,0.8324,-1,-1,-1
94,1064,1645.20,356.34,29.68,13.15,1.0000,-1,-1,-1
94,1065,1037.76,213.28,327.68,114.18,1.0000,-1,-1,-1
94,1066,22.62,1010.51,45.92,69.52,1.0000,-1,-1,-1
94,1068,1425.31,814.68,200.90,149.29,1.0000,-1,-1,-1
94,1070,858.35,0.54,11.51,11.49,1.0000,-1,-1,-1
94,1078,475.67,344.23,151.82,134.03,0.7851,-1,-1,-1
94,1080,309.24,617.37,212.32,141.36,1.0000,-1,-1,-1
94,1081,408.87,1.30,355.21,189.86,0.1656,-1,-1,-1
94,1085,1014.04,704.81,150.07,101.15,1.0000,-1,-1,-1
94,1088,202.64,68.46,240.63,119.48,1.0000,-1,-1,-1
94,1089,723.94,104.17,480.83,364.70,1.0000,-1,-1,-1
94,1091,1482.25,140.87,46.44,20.97,1.0000,-1,-1,-1
94,1094,278.04,115.79,320.11,256.50,1.0000,-1,-1,-1
94,1098,1118.89,789.36,60.88,67.34,1.0000,-1,-1,-1
94,1099,1007.46,324.40,36.78,24.53,1.0000,-1,-1,-1
94,1100,1410.58,1.82,633.09,189.99,1.0000,-1,-1,-1
94,1104,1779.31,189.12,115.70,171.60,0.6621,-1,-1,-1
94,1114,514.53,492.06,117.30,67.99,0.7839,-1,-1,-1
94,1116,707.35,580.45,92.18,83.52,1.0000,-1,-1,-1
94,1129,874.20,307.91,100.44,85.81,1.0000,-1,-1,-1
94,1135,1023.87,481.50,155.23,153.05,1.0000,-1,-1,-1
94,1136,146.20,800.39,379.57,275.38,1.0000,-1,-1,-1
94,1137,1214.66,869.49,89.06,88.18,1.0000,-1,-1,-1
94,1139,439.39,827.77,96.59,163.33,0.1912,-1,-1,-1
94,1140,886.97,358.05,156.30,92.85,0.8934,-1,-1,-1
94,1141,617.23,364.26,163.88,100.34,0.8754,-1,-1,-1
94,1144,1526.52,1.30,122.42,73.03,1.0000,-1,-1,-1
94,1147,718.01,465.21,54.75,56.64,1.0000,-1,-1,-1
94,1151,967.79,24.01,82.55,51.21,1.0000,-1,-1,-1
94,1155,1832.31,898.97,64.62,178.91,0.3462,-1,-1,-1
94,1157,527.06,969.84,118.02,106.91,0.0291,-1,-1,-1
94,1159,1160.68,347.63,108.43,156.14,1.0000,-1,-1,-1
94,1165,964.81,715.29,126.55,125.08,0.8807,-1,-1,-1
94,1167,984.28,916.27,326.31,161.74,0.5696,-1,-1,-1
94,1168,818.64,848.87,151.78,227.93,0.0177,-1,-1,-1
94,1170,220.65,586.14,102.53,97.76,0.7781,-1,-1,-1
94,1171,325.97,685.86,97.69,108.16,0.6096,-1,-1,-1
94,1172,676.12,145.66,195.05,170.46,0.6125,-1,-1,-1
94,1173,1128.83,162.79,129.55,110.09,0.3118,-1,-1,-1
94,1175,639.52,833.72,108.84,129.48,0.0363,-1,-1,-1
94,1177,160.31,68.72,194.29,176.63,0.0670,-1,-1,-1
94,1180,1602.02,809.54,246.93,246.13,0.0197,-1,-1,-1
94,1182,307.37,62.19,210.09,190.01,0.3186,-1,-1,-1
94,1183,1864.47,929.10,52.03,148.75,0.1188,-1,-1,-1
94,1185,707.59,455.48,56.16,56.93,0.0228,-1,-1,-1
94,1186,-21.57,650.81,265.20,94.28,0.6866,-1,-1,-1
94,1187,1462.62,126.97,192.19,131.81,0.7090,-1,-1,-1
94,1188,387.28,971.88,160.07,105.47,0.0452,-1,-1,-1
94,1190,-0.62,544.37,36.85,116.03,0.0102,-1,-1,-1
94,1192,376.43,840.66,82.07,187.66,0.0188,-1,-1,-1
95,183,1247.10,495.87,102.80,99.25,0.0137,-1,-1,-1
95,233,1975.88,918.33,8.01,32.31,1.0000,-1,-1,-1
95,245,919.35,207.65,199.80,201.97,0.0181,-1,-1,-1
95,310,109.39,788.31,2.00,1.67,1.0000,-1,-1,-1
95,360,1083.93,324.52,76.22,77.24,0.2038,-1,-1,-1
95,447,648.18,809.44,146.75,149.65,1.0000,-1,-1,-1
95,472,1420.15,911.58,219.32,235.79,1.0000,-1,-1,-1
95,480,2524.58,1809.48,-1039.96,-685.49,1.0000,-1,-1,-1
95,491,355.12,468.17,93.65,84.58,0.9349,-1,-1,-1
95,497,955.15,277.29,132.98,149.20,1.0000,-1,-1,-1
95,550,661.40,283.02,68.40,72.38,0.6996,-1,-1,-1
95,570,992.50,434.00,70.83,70.86,1.0000,-1,-1,-1
95,594,-23.09,785.97,65.05,49.65,1.0000,-1,-1,-1
95,626,267.35,614.35,-46.18,-36.09,1.0000,-1,-1,-1
95,636,164.47,708.10,76.87,64.91,1.0000,-1,-1,-1
95,646,1145.84,524.52,145.44,135.03,1.0000,-1,-1,-1
95,663,277.81,671.86,129.54,116.89,1.0000,-1,-1,-1
95,668,1405.64,748.23,230.67,196.21,0.2181,-1,-1,-1
95,669,-223.19,948.89,508.56,630.47,1.0000,-1,-1,-1
95,695,638.49,441.33,106.94,91.53,0.4834,-1,-1,-1
95,703,-537.79,763.48,251.24,280.12,1.0000,-1,-1,-1
95,708,-301.49,22.27,1016.07,680.48,1.0000,-1,-1,-1
95,712,372.59,575.88,-5.26,-5.07,1.0000,-1,-1,-1
95,766,892.93,847.53,50.46,62.65,1.0000,-1,-1,-1
95,775,841.05,734.08,140.19,118.71,1.0000,-1,-1,-1
95,783,750.87,736.93,83.35,80.18,1.0000,-1,-1,-1
95,790,822.07,211.60,99.21,87.10,1.0000,-1,-1,-1
95,796,454.47,-74.55,-16.46,-10.86,1.0000,-1,-1,-1
95,799,625.53,906.55,86.83,74.48,1.0000,-1,-1,-1
95,801,642.05,616.72,62.56,60.07,1.0000,-1,-1,-1
95,809,403.10,44.25,-86.93,-82.23,1.0000,-1,-1,-1
95,810,946.91,332.70,20.03,16.71,1.0000,-1,-1,-1
95,813,1191.39,623.18,86.14,79.68,0.7649,-1,-1,-1
95,817,1027.33,701.65,639.52,391.72,1.0000,-1,-1,-1
95,819,1060.19,294.97,35.64,43.47,1.0000,-1,-1,-1
95,820,1614.25,1040.01,155.80,34.36,1.0000,-1,-1,-1
95,821,1027.29,704.75,36.25,38.06,1.0000,-1,-1,-1
95,822,556.28,292.32,294.56,237.84,1.0000,-1,-1,-1
95,829,1012.18,323.13,65.61,60.01,1.0000,-1,-1,-1
95,830,763.41,815.85,80.49,88.14,1.0000,-1,-1,-1
95,839,1045.56,644.51,98.06,93.16,1.0000,-1,-1,-1
95,840,1320.73,1282.76,-201.13,-150.71,1.0000,-1,-1,-1
95,841,1497.77,225.72,262.91,238.53,0.8656,-1,-1,-1
95,846,254.00,686.62,21.72,19.81,1.0000,-1,-1,-1
95,849,715.28,957.25,76.16,77.72,1.0000,-1,-1,-1
95,851,1420.55,662.72,90.25,84.89,0.7888,-1,-1,-1
95,852,401.92,116.87,216.24,103.28,1.0000,-1,-1,-1
95,858,108.42,686.02,133.30,131.89,1.0000,-1,-1,-1
95,859,367.07,979.54,341.51,91.38,1.0000,-1,-1,-1
95,864,936.67,425.84,-230.60,-336.97,1.0000,-1,-1,-1
95,867,809.84,182.70,173.40,90.89,1.0000,-1,-1,-1
95,876,-52.06,319.28,56.80,92.18,1.0000,-1,-1,-1
95,877,1192.26,199.67,153.64,126.20,1.0000,-1,-1,-1
95,879,1083.04,583.29,122.89,106.61,1.0000,-1,-1,-1
95,880,662.63,959.12,84.53,134.37,1.0000,-1,-1,-1
95,883,730.18,438.81,108.81,98.23,1.0000,-1,-1,-1
95,887,172.21,899.21,168.82,175.06,1.0000,-1,-1,-1
95,888,982.35,895.91,-52.22,-52.48,1.0000,-1,-1,-1
95,889,-172.58,349.05,53.90,111.53,1.0000,-1,-1,-1
95,891,821.47,1050.41,71.50,41.91,1.0000,-1,-1,-1
95,892,1738.03,1334.38,-34.28,-199.39,1.0000,-1,-1,-1
95,899,299.08,984.06,83.00,54.55,1.0000,-1,-1,-1
95,902,-183.89,962.94,166.08,108.24,1.0000,-1,-1,-1
95,905,1003.28,415.55,124.16,123.85,1.0000,-1,-1,-1
95,907,1408.17,671.54,-279.22,-231.98,1.0000,-1,-1,-1
95,916,784.14,0.78,134.83,136.78,0.9126,-1,-1,-1
95,917,-191.98,814.37,55.10,61.32,1.0000,-1,-1,-1
95,919,1007.38,118.90,162.30,173.90,1.0000,-1,-1,-1
95,926,1120.49,287.86,179.61,138.19,1.0000,-1,-1,-1
95,934,974.22,662.40,-169.57,-109.41,1.0000,-1,-1,-1
95,935,30.20,762.89,90.45,82.33,1.0000,-1,-1,-1
95,939,1708.02,1053.78,50.44,29.92,1.0000,-1,-1,-1
95,943,430.52,484.99,146.99,101.49,1.0000,-1,-1,-1
95,947,1422.44,256.91,137.88,57.05,1.0000,-1,-1,-1
95,956,362.23,676.15,83.85,81.17,1.0000,-1,-1,-1
95,964,692.86,1054.82,59.58,28.94,1.0000,-1,-1,-1
95,969,1822.42,656.75,81.03,282.18,1.0000,-1,-1,-1
95,972,746.00,919.15,456.96,506.50,1.0000,-1,-1,-1
95,974,-121.71,484.79,885.26,593.00,1.0000,-1,-1,-1
95,980,972.61,238.99,87.45,82.02,1.0000,-1,-1,-1
95,990,881.80,516.91,70.57,83.62,1.0000,-1,-1,-1
95,995,915.34,37.63,114.35,98.16,1.0000,-1,-1,-1
95,996,262.01,14.08,145.76,164.71,1.0000,-1,-1,-1
95,999,453.28,96.34,252.20,116.36,1.0000,-1,-1,-1
95,1005,2216.25,498.06,-125.58,-271.36,1.0000,-1,-1,-1
95,1009,490.83,-156.75,276.65,337.09,1.0000,-1,-1,-1
95,1013,-85.31,462.66,488.02,275.82,1.0000,-1,-1,-1
95,1017,1426.86,962.66,96.00,117.88,1.0000,-1,-1,-1
95,1018,478.97,-2.16,180.24,99.44,1.0000,-1,-1,-1
95,1019,395.60,619.35,90.19,96.72,0.8401,-1,-1,-1
95,1020,796.96,803.55,71.50,76.13,1.0000,-1,-1,-1
95,1023,583.06,851.99,74.98,88.11,1.0000,-1,-1,-1
95,1025,951.25,552.37,36.35,60.05,1.0000,-1,-1,-1
95,1026,1045.03,934.11,-493.94,-548.29,1.0000,-1,-1,-1
95,1027,1261.96,141.08,106.43,82.77,1.0000,-1,-1,-1
95,1028,327.88,259.17,499.49,268.82,1.0000,-1,-1,-1
95,1029,964.23,333.72,-3.80,-4.15,1.0000,-1,-1,-1
95,1030,473.32,830.06,80.54,145.98,1.0000,-1,-1,-1
95,1031,1887.31,912.91,43.12,166.49,1.0000,-1,-1,-1
95,1032,842.82,-172.32,458.54,196.70,1.0000,-1,-1,-1
95,1033,1076.66,686.37,578.95,390.93,1.0000,-1,-1,-1
95,1036,128.97,10.25,351.49,243.28,1.0000,-1,-1,-1
95,1039,946.78,74.02,77.87,81.56,1.0000,-1,-1,-1
95,1042,-91.32,394.01,688.43,778.72,1.0000,-1,-1,-1
95,1044,266.83,968.20,-350.43,-381.84,1.0000,-1,-1,-1
95,1045,196.73,424.68,1739.91,645.79,1.0000,-1,-1,-1
95,1050,1110.62,603.75,164.86,109.52,0.2100,-1,-1,-1
95,1051,225.48,189.65,118.96,65.05,0.3574,-1,-1,-1
95,1052,1473.63,154.91,-87.90,-105.21,1.0000,-1,-1,-1
95,1053,1278.33,357.15,17.04,10.04,1.0000,-1,-1,-1
95,1055,1011.36,180.77,139.75,142.65,0.8398,-1,-1,-1
95,1064,1645.17,358.69,20.23,8.97,1.0000,-1,-1,-1
95,1065,1034.80,210.29,338.93,118.10,1.0000,-1,-1,-1
95,1066,23.64,1015.74,42.93,64.99,1.0000,-1,-1,-1
95,1068,1426.36,820.25,205.90,153.01,1.0000,-1,-1,-1
95,1070,861.47,0.35,8.29,8.28,1.0000,-1,-1,-1
95,1078,477.77,334.75,151.86,137.46,0.8005,-1,-1,-1
95,1080,310.76,619.18,213.14,141.91,1.0000,-1,-1,-1
95,1081,393.04,1.27,358.99,198.89,0.2580,-1,-1,-1
95,1085,1014.51,701.08,155.15,104.58,1.0000,-1,-1,-1
95,1088,201.74,69.12,243.47,120.89,1.0000,-1,-1,-1
95,1089,701.41,87.87,513.30,389.32,1.0000,-1,-1,-1
95,1091,1479.56,147.67,32.34,14.60,1.0000,-1,-1,-1
95,1094,271.59,110.85,338.55,271.27,1.0000,-1,-1,-1
95,1098,1118.07,793.09,60.00,66.37,1.0000,-1,-1,-1
95,1099,1011.57,332.79,27.25,18.17,1.0000,-1,-1,-1
95,1100,1392.22,1.80,660.93,198.34,1.0000,-1,-1,-1
95,1104,1771.98,195.05,117.91,166.39,0.5636,-1,-1,-1
95,1114,513.75,494.72,114.92,67.99,0.6521,-1,-1,-1
95,1116,704.74,583.76,94.77,85.86,1.0000,-1,-1,-1
95,1129,875.59,307.38,98.74,84.36,1.0000,-1,-1,-1
95,1135,991.35,444.90,157.26,155.06,1.0000,-1,-1,-1
95,1136,140.20,791.33,391.67,284.16,1.0000,-1,-1,-1
95,1137,1211.33,869.04,89.78,88.89,1.0000,-1,-1,-1
95,1139,440.05,828.88,94.44,158.97,0.3460,-1,-1,-1
95,1140,884.28,357.43,160.13,97.55,0.8263,-1,-1,-1
95,1141,602.32,362.87,172.53,108.17,0.4852,-1,-1,-1
95,1144,1522.66,1.33,124.88,74.49,1.0000,-1,-1,-1
95,1147,718.91,467.89,53.80,55.66,1.0000,-1,-1,-1
95,1151,970.25,17.20,78.51,48.69,1.0000,-1,-1,-1
95,1155,1828.73,900.85,67.16,176.92,0.2503,-1,-1,-1
95,1157,524.36,970.50,117.12,106.10,1.0000,-1,-1,-1
95,1159,1158.30,347.55,111.03,159.88,1.0000,-1,-1,-1
95,1165,950.86,728.40,128.07,127.13,0.7693,-1,-1,-1
95,1167,1117.66,981.14,195.12,96.72,0.0514,-1,-1,-1
95,1168,796.43,807.99,112.69,166.64,0.0127,-1,-1,-1
95,1170,219.61,597.54,100.31,95.08,0.7970,-1,-1,-1
95,1171,328.94,695.38,98.71,107.41,0.7460,-1,-1,-1
95,1172,671.38,95.02,177.27,156.11,0.6625,-1,-1,-1
95,1173,1131.56,154.63,127.25,109.39,0.4468,-1,-1,-1
95,1175,636.72,832.28,118.42,140.11,0.0231,-1,-1,-1
95,1177,159.10,81.51,190.08,173.32,0.0267,-1,-1,-1
95,1180,1605.99,801.84,238.25,237.53,0.0448,-1,-1,-1
95,1182,301.06,53.47,221.42,201.97,0.5435,-1,-1,-1
95,1183,1864.87,937.48,49.67,140.41,0.1056,-1,-1,-1
95,1185,709.82,456.16,51.07,51.77,1.0000,-1,-1,-1
95,1186,-52.19,663.92,322.83,116.39,0.8186,-1,-1,-1
95,1187,1445.14,111.83,188.72,130.03,0.7568,-1,-1,-1
95,1188,390.56,972.83,157.96,104.41,0.2336,-1,-1,-1
95,1190,-0.55,544.90,37.02,116.55,1.0000,-1,-1,-1
95,1192,373.73,843.12,82.42,188.50,0.0129,-1,-1,-1
95,1196,121.23,7.17,420.75,251.57,0.0156,-1,-1,-1
95,1198,1586.21,936.32,109.72,141.17,0.0396,-1,-1,-1
95,1203,1083.90,618.06,125.78,93.34,0.4805,-1,-1,-1
95,1204,623.36,394.19,159.36,176.76,0.6660,-1,-1,-1
95,1205,281.81,0.45,151.58,77.89,0.2353,-1,-1,-1
95,1208,853.68,358.34,47.96,48.85,0.0307,-1,-1,-1
96,183,1249.06,505.35,102.20,99.57,0.0261,-1,-1,-1
96,233,1978.90,926.39,6.76,27.28,1.0000,-1,-1,-1
96,245,915.50,191.26,235.42,241.34,0.3670,-1,-1,-1
96,310,105.89,803.67,-5.17,-4.32,1.0000,-1,-1,-1
96,360,1082.40,324.90,77.83,78.88,0.1320,-1,-1,-1
96,447,640.39,829.89,148.59,151.52,1.0000,-1,-1,-1
96,472,1420.55,924.26,221.49,238.12,1.0000,-1,-1,-1
96,480,2569.14,1844.36,-1090.01,-718.48,1.0000,-1,-1,-1
96,491,351.03,476.79,95.39,85.84,0.8973,-1,-1,-1
96,497,950.33,286.14,133.45,149.72,1.0000,-1,-1,-1
96,550,660.83,288.03,67.58,71.52,1.0000,-1,-1,-1
96,570,996.04,434.91,70.26,70.29,1.0000,-1,-1,-1
96,594,-30.44,793.65,61.61,47.03,1.0000,-1,-1,-1
96,626,262.24,618.57,-50.65,-39.58,1.0000,-1,-1,-1
96,636,160.30,709.66,74.33,62.77,1.0000,-1,-1,-1
96,646,1141.65,526.36,147.39,136.83,1.0000,-1,-1,-1
96,663,273.11,671.72,129.88,117.19,1.0000,-1,-1,-1
96,668,1415.07,787.50,207.15,176.88,0.2807,-1,-1,-1
96,669,-230.00,957.67,520.34,645.07,1.0000,-1,-1,-1
96,695,639.46,446.60,95.54,80.73,0.8666,-1,-1,-1
96,703,-557.28,772.41,254.28,283.51,1.0000,-1,-1,-1
96,708,-312.37,22.90,1034.45,692.79,1.0000,-1,-1,-1
96,712,371.46,575.17,-9.51,-9.17,1.0000,-1,-1,-1
96,775,836.35,738.03,141.59,119.89,1.0000,-1,-1,-1
96,783,746.91,742.13,82.85,79.70,1.0000,-1,-1,-1
96,796,445.32,-78.26,-22.20,-14.66,1.0000,-1,-1,-1
96,799,624.26,922.27,83.95,72.01,1.0000,-1,-1,-1
96,801,636.09,623.89,62.55,60.06,1.0000,-1,-1,-1
96,809,391.08,24.81,-92.33,-87.34,1.0000,-1,-1,-1
96,810,944.84,338.89,14.68,12.24,1.0000,-1,-1,-1
96,813,1191.67,628.72,85.36,79.85,0.8163,-1,-1,-1
96,819,1056.54,295.57,35.47,43.26,1.0000,-1,-1,-1
96,829,1011.19,324.12,65.31,59.74,1.0000,-1,-1,-1
96,830,757.59,816.87,79.38,86.92,1.0000,-1,-1,-1
96,839,1047.24,640.92,95.93,91.14,1.0000,-1,-1,-1
96,840,1331.39,1306.39,-225.75,-169.15,1.0000,-1,-1,-1
96,841,1495.05,242.26,265.78,235.99,0.7219,-1,-1,-1
96,846,250.50,696.85,17.39,15.86,1.0000,-1,-1,-1
96,849,710.49,967.93,75.90,77.46,1.0000,-1,-1,-1
96,851,1423.69,665.40,90.72,85.07,0.8109,-1,-1,-1
96,852,397.69,117.47,217.59,103.92,1.0000,-1,-1,-1
96,858,102.80,685.47,135.23,133.80,1.0000,-1,-1,-1
96,859,360.36,978.89,343.12,91.81,1.0000,-1,-1,-1
96,864,937.66,426.46,-241.86,-353.42,1.0000,-1,-1,-1
96,867,801.23,180.71,177.10,92.83,1.0000,-1,-1,-1
96,876,-57.89,319.88,56.81,92.21,1.0000,-1,-1,-1
96,877,1189.20,198.27,157.53,129.40,1.0000,-1,-1,-1
96,879,1078.45,581.52,124.03,107.60,1.0000,-1,-1,-1
96,880,684.30,960.70,84.59,134.47,1.0000,-1,-1,-1
96,883,731.43,440.40,110.92,100.13,1.0000,-1,-1,-1
96,887,159.35,899.04,171.04,177.37,1.0000,-1,-1,-1
96,888,983.18,896.23,-57.10,-57.38,1.0000,-1,-1,-1
96,889,-180.97,348.61,54.16,112.05,1.0000,-1,-1,-1
96,891,822.15,1052.46,69.16,40.53,1.0000,-1,-1,-1
96,892,1732.54,1351.98,-36.86,-214.37,1.0000,-1,-1,-1
96,899,308.26,982.57,83.54,54.91,1.0000,-1,-1,-1
96,902,-193.83,963.85,165.05,107.57,1.0000,-1,-1,-1
96,905,998.05,420.89,126.72,126.40,1.0000,-1,-1,-1
96,907,1414.36,672.53,-293.35,-243.72,1.0000,-1,-1,-1
96,916,789.96,-7.61,117.29,111.34,0.8254,-1,-1,-1
96,917,-222.26,816.11,54.63,60.81,1.0000,-1,-1,-1
96,919,1009.26,123.47,164.63,176.40,1.0000,-1,-1,-1
96,926,1127.43,284.09,181.91,139.95,1.0000,-1,-1,-1
96,934,978.07,671.42,-179.99,-116.13,1.0000,-1,-1,-1
96,935,22.82,765.14,90.83,82.68,1.0000,-1,-1,-1
96,939,1705.99,1056.40,46.71,27.71,1.0000,-1,-1,-1
96,943,421.68,485.09,149.32,103.09,1.0000,-1,-1,-1
96,947,1417.69,266.79,136.10,56.32,1.0000,-1,-1,-1
96,956,366.13,679.80,81.93,79.32,1.0000,-1,-1,-1
96,964,689.62,1056.98,55.83,27.11,1.0000,-1,-1,-1
96,969,1819.93,653.40,82.89,288.68,1.0000,-1,-1,-1
96,972,739.94,924.41,472.99,524.27,1.0000,-1,-1,-1
96,974,-133.20,461.91,919.69,616.07,1.0000,-1,-1,-1
96,980,973.45,227.78,85.65,80.34,1.0000,-1,-1,-1
96,990,881.30,520.91,70.99,84.11,1.0000,-1,-1,-1
96,995,912.63,36.43,114.71,98.47,1.0000,-1,-1,-1
96,996,256.53,14.72,148.12,167.37,1.0000,-1,-1,-1
96,999,451.92,94.40,257.92,119.00,1.0000,-1,-1,-1
96,1005,2241.52,515.22,-143.00,-308.99,1.0000,-1,-1,-1
96,1009,499.53,-186.68,285.55,347.93,1.0000,-1,-1,-1
96,1013,-98.82,461.16,501.46,283.42,1.0000,-1,-1,-1
96,1017,1428.53,966.74,92.78,113.94,1.0000,-1,-1,-1
96,1018,472.68,-2.32,181.95,100.38,1.0000,-1,-1,-1
96,1019,395.83,623.55,92.75,99.70,0.8440,-1,-1,-1
96,1020,795.53,808.62,72.02,76.69,1.0000,-1,-1,-1
96,1023,582.80,852.64,72.31,84.98,1.0000,-1,-1,-1
96,1025,951.33,552.73,36.29,59.94,1.0000,-1,-1,-1
96,1026,1049.02,978.60,-530.12,-588.46,1.0000,-1,-1,-1
96,1027,1275.21,129.21,105.47,82.03,1.0000,-1,-1,-1
96,1028,333.48,237.74,511.69,275.39,1.0000,-1,-1,-1
96,1029,965.25,333.19,-7.50,-8.18,1.0000,-1,-1,-1
96,1030,474.44,830.44,79.66,144.38,1.0000,-1,-1,-1
96,1031,1887.17,910.05,43.88,169.40,1.0000,-1,-1,-1
96,1032,836.07,-185.80,478.93,205.44,1.0000,-1,-1,-1
96,1033,1075.43,672.70,599.20,404.61,1.0000,-1,-1,-1
96,1036,122.55,10.61,362.46,250.87,1.0000,-1,-1,-1
96,1039,946.85,74.02,78.15,81.85,1.0000,-1,-1,-1
96,1042,-96.34,416.45,701.29,793.26,1.0000,-1,-1,-1
96,1044,278.40,987.28,-381.13,-415.30,1.0000,-1,-1,-1
96,1045,179.18,394.79,1819.29,675.26,1.0000,-1,-1,-1
96,1050,1111.00,619.94,155.50,101.48,0.1129,-1,-1,-1
96,1051,209.91,200.40,122.07,65.92,0.0482,-1,-1,-1
96,1052,1453.31,130.96,-105.81,-126.64,1.0000,-1,-1,-1
96,1053,1289.59,360.11,7.99,4.71,1.0000,-1,-1,-1
96,1055,1017.44,179.82,135.38,139.12,0.7019,-1,-1,-1
96,1064,1645.15,361.04,10.78,4.78,1.0000,-1,-1,-1
96,1065,1031.83,207.31,350.19,122.02,1.0000,-1,-1,-1
96,1066,24.67,1020.97,39.94,60.46,1.0000,-1,-1,-1
96,1068,1427.41,825.81,210.91,156.73,1.0000,-1,-1,-1
96,1070,864.60,0.16,5.07,5.06,1.0000,-1,-1,-1
96,1078,483.11,329.05,146.78,135.45,0.8294,-1,-1,-1
96,1080,312.28,620.99,213.97,142.46,1.0000,-1,-1,-1
96,1081,380.77,1.58,363.42,209.51,0.2460,-1,-1,-1
96,1085,1014.98,697.36,160.23,108.00,1.0000,-1,-1,-1
96,1088,200.85,69.78,246.31,122.30,1.0000,-1,-1,-1
96,1089,678.87,71.56,545.77,413.95,1.0000,-1,-1,-1
96,1091,1476.86,154.47,18.25,8.24,1.0000,-1,-1,-1
96,1094,265.15,105.92,356.98,286.04,1.0000,-1,-1,-1
96,1098,1117.25,796.83,59.12,65.39,1.0000,-1,-1,-1
96,1099,1015.68,341.17,17.71,11.81,1.0000,-1,-1,-1
96,1100,1373.87,1.78,688.77,206.70,1.0000,-1,-1,-1
96,1104,1764.35,200.05,122.16,163.48,0.5225,-1,-1,-1
96,1114,512.86,499.23,112.21,67.79,0.8469,-1,-1,-1
96,1116,702.13,587.07,97.35,88.20,1.0000,-1,-1,-1
96,1129,876.98,306.86,97.05,82.91,1.0000,-1,-1,-1
96,1135,958.83,408.30,159.30,157.07,1.0000,-1,-1,-1
96,1136,134.19,782.26,403.77,292.94,1.0000,-1,-1,-1
96,1137,1208.00,868.59,90.50,89.60,1.0000,-1,-1,-1
96,1139,440.38,829.45,93.46,156.51,0.4054,-1,-1,-1
96,1140,875.73,352.40,172.06,108.38,0.2688,-1,-1,-1
96,1141,588.19,359.39,183.10,114.80,1.0000,-1,-1,-1
96,1144,1518.81,1.36,127.33,75.96,1.0000,-1,-1,-1
96,1147,719.81,470.57,52.84,54.67,1.0000,-1,-1,-1
96,1151,972.71,10.40,74.46,46.18,1.0000,-1,-1,-1
96,1155,1828.05,908.53,67.68,168.87,0.1372,-1,-1,-1
96,1157,521.67,971.15,116.22,105.28,1.0000,-1,-1,-1
96,1159,1155.92,347.47,113.63,163.63,1.0000,-1,-1,-1
96,1165,937.12,745.71,129.67,129.21,0.9185,-1,-1,-1
96,1167,1182.58,1009.88,136.80,67.84,0.2398,-1,-1,-1
96,1168,775.36,775.56,120.81,178.64,1.0000,-1,-1,-1
96,1170,218.96,608.12,100.46,94.66,0.8484,-1,-1,-1
96,1171,331.64,705.35,101.15,108.03,0.7633,-1,-1,-1
96,1172,665.51,51.74,163.70,144.57,0.7820,-1,-1,-1
96,1173,1134.68,151.44,123.35,107.38,0.7521,-1,-1,-1
96,1175,638.01,845.93,109.07,129.05,1.0000,-1,-1,-1
96,1177,157.10,97.57,185.66,169.50,0.0351,-1,-1,-1
96,1180,1617.38,824.28,207.92,206.22,0.0193,-1,-1,-1
96,1182,297.21,41.84,227.95,210.07,0.0805,-1,-1,-1
96,1183,1868.06,963.96,41.57,113.57,0.0383,-1,-1,-1
96,1185,712.04,456.84,45.97,46.60,1.0000,-1,-1,-1
96,1186,-78.78,675.74,368.10,135.55,0.7967,-1,-1,-1
96,1187,1432.09,97.79,193.46,134.29,0.8768,-1,-1,-1
96,1188,386.57,972.48,158.70,105.03,0.1780,-1,-1,-1
96,1190,-0.48,545.43,37.18,117.07,1.0000,-1,-1,-1
96,1192,369.18,841.37,84.01,191.48,0.0395,-1,-1,-1
96,1196,250.05,2.82,400.95,240.62,0.0185,-1,-1,-1
96,1198,1621.24,969.71,89.69,107.91,0.0215,-1,-1,-1
96,1203,1081.38,622.43,128.82,96.71,0.6928,-1,-1,-1
96,1204,620.82,304.54,153.48,170.09,0.8896,-1,-1,-1
96,1205,286.98,1.64,135.86,69.14,0.0191,-1,-1,-1
96,1208,850.92,352.40,55.43,56.44,0.0147,-1,-1,-1
96,1211,1435.73,925.20,157.76,151.56,0.0135,-1,-1,-1
96,1212,1092.75,811.62,184.87,193.58,0.0128,-1,-1,-1
96,1214,1342.77,817.47,98.58,178.47,0.0157,-1,-1,-1
97,183,1251.32,513.18,104.50,102.78,0.3330,-1,-1,-1
97,245,917.07,190.38,251.20,262.60,0.1063,-1,-1,-1
97,310,102.38,819.03,-12.33,-10.31,1.0000,-1,-1,-1
97,360,1086.22,325.85,76.32,78.00,0.0670,-1,-1,-1
97,447,632.61,850.33,150.42,153.40,1.0000,-1,-1,-1
97,472,1420.94,936.93,223.66,240.45,1.0000,-1,-1,-1
97,480,2613.70,1879.24,-1140.06,-751.46,1.0000,-1,-1,-1
97,491,346.13,484.63,98.83,89.05,0.8629,-1,-1,-1
97,497,945.50,295.00,133.91,150.25,1.0000,-1,-1,-1
97,550,660.27,293.03,66.76,70.65,1.0000,-1,-1,-1
97,594,-37.79,801.33,58.16,44.40,1.0000,-1,-1,-1
97,626,257.12,622.79,-55.12,-43.07,1.0000,-1,-1,-1
97,636,156.12,711.22,71.80,60.63,1.0000,-1,-1,-1
97,646,1137.45,528.20,149.33,138.64,1.0000,-1,-1,-1
97,663,268.42,671.58,130.21,117.49,1.0000,-1,-1,-1
97,668,1421.62,818.44,191.88,163.66,0.9273,-1,-1,-1
97,669,-236.80,966.45,532.11,659.66,1.0000,-1,-1,-1
97,695,643.99,450.40,88.22,73.86,0.8609,-1,-1,-1
97,703,-576.77,781.34,257.33,286.91,1.0000,-1,-1,-1
97,708,-323.25,23.53,1052.83,705.10,1.0000,-1,-1,-1
97,712,370.32,574.46,-13.75,-13.27,1.0000,-1,-1,-1
97,775,831.64,741.97,142.98,121.07,1.0000,-1,-1,-1
97,783,742.95,747.33,82.35,79.22,1.0000,-1,-1,-1
97,796,436.17,-81.96,-27.95,-18.45,1.0000,-1,-1,-1
97,799,622.99,937.99,81.07,69.54,1.0000,-1,-1,-1
97,801,630.13,631.06,62.55,60.05,1.0000,-1,-1,-1
97,809,379.07,5.36,-97.73,-92.45,1.0000,-1,-1,-1
97,810,942.77,345.08,9.32,7.78,1.0000,-1,-1,-1
97,813,1189.95,633.21,87.55,82.80,0.6705,-1,-1,-1
97,819,1052.89,296.17,35.30,43.06,1.0000,-1,-1,-1
97,829,1010.19,325.10,65.02,59.47,1.0000,-1,-1,-1
97,830,751.76,817.90,78.26,85.70,1.0000,-1,-1,-1
97,839,1048.91,637.34,93.81,89.12,1.0000,-1,-1,-1
97,840,1342.04,1330.02,-250.36,-187.59,1.0000,-1,-1,-1
97,841,1494.05,259.31,267.60,233.31,0.7752,-1,-1,-1
97,846,246.99,707.09,13.07,11.92,1.0000,-1,-1,-1
97,849,705.71,978.61,75.64,77.19,1.0000,-1,-1,-1
97,851,1427.36,669.22,89.66,84.23,0.8479,-1,-1,-1
97,852,393.47,118.07,218.94,104.57,1.0000,-1,-1,-1
97,858,97.18,684.92,137.16,135.71,1.0000,-1,-1,-1
97,859,353.64,978.25,344.73,92.24,1.0000,-1,-1,-1
97,864,938.64,427.07,-253.13,-369.87,1.0000,-1,-1,-1
97,867,792.61,178.72,180.80,94.77,1.0000,-1,-1,-1
97,876,-63.71,320.47,56.83,92.24,1.0000,-1,-1,-1
97,877,1186.15,196.87,161.41,132.59,1.0000,-1,-1,-1
97,879,1073.85,579.74,125.16,108.58,1.0000,-1,-1,-1
97,880,705.98,962.28,84.66,134.56,1.0000,-1,-1,-1
97,883,732.67,441.99,113.03,102.04,1.0000,-1,-1,-1
97,887,146.49,898.87,173.27,179.68,1.0000,-1,-1,-1
97,888,984.02,896.55,-61.98,-62.28,1.0000,-1,-1,-1
97,889,-189.37,348.17,54.41,112.57,1.0000,-1,-1,-1
97,891,822.83,1054.50,66.82,39.16,1.0000,-1,-1,-1
97,892,1727.05,1369.59,-39.44,-229.36,1.0000,-1,-1,-1
97,899,317.45,981.07,84.09,55.27,1.0000,-1,-1,-1
97,902,-203.77,964.76,164.02,106.90,1.0000,-1,-1,-1
97,905,992.81,426.23,129.28,128.96,1.0000,-1,-1,-1
97,907,1420.54,673.52,-307.49,-255.47,1.0000,-1,-1,-1
97,916,819.33,-7.93,86.35,76.18,0.8020,-1,-1,-1
97,917,-252.54,817.84,54.17,60.29,1.0000,-1,-1,-1
97,919,1011.15,128.05,166.96,178.90,1.0000,-1,-1,-1
97,926,1134.36,280.31,184.21,141.72,1.0000,-1,-1,-1
97,934,981.93,680.43,-190.40,-122.85,1.0000,-1,-1,-1
97,935,15.44,767.39,91.22,83.03,1.0000,-1,-1,-1
97,939,1703.96,1059.03,42.98,25.50,1.0000,-1,-1,-1
97,943,412.83,485.18,151.64,104.70,1.0000,-1,-1,-1
97,947,1412.95,276.66,134.33,55.58,1.0000,-1,-1,-1
97,956,370.03,683.46,80.01,77.46,1.0000,-1,-1,-1
97,964,686.39,1059.14,52.07,25.29,1.0000,-1,-1,-1
97,969,1817.44,650.04,84.76,295.18,1.0000,-1,-1,-1
97,972,733.88,929.67,489.03,542.04,1.0000,-1,-1,-1
97,974,-144.69,439.03,954.13,639.13,1.0000,-1,-1,-1
97,980,974.29,216.57,83.86,78.65,1.0000,-1,-1,-1
97,990,880.80,524.91,71.41,84.61,1.0000,-1,-1,-1
97,995,909.92,35.23,115.07,98.78,1.0000,-1,-1,-1
97,996,251.05,15.36,150.47,170.04,1.0000,-1,-1,-1
97,999,450.57,92.45,263.63,121.64,1.0000,-1,-1,-1
97,1005,2266.79,532.38,-160.41,-346.61,1.0000,-1,-1,-1
97,1009,508.23,-216.60,294.45,358.78,1.0000,-1,-1,-1
97,1013,-112.32,459.65,514.91,291.02,1.0000,-1,-1,-1
97,1017,1430.20,970.83,89.57,109.99,1.0000,-1,-1,-1
97,1018,466.39,-2.48,183.66,101.32,1.0000,-1,-1,-1
97,1019,396.36,625.89,92.99,99.94,0.8868,-1,-1,-1
97,1020,794.10,813.68,72.54,77.24,1.0000,-1,-1,-1
97,1023,582.55,853.30,69.64,81.84,1.0000,-1,-1,-1
97,1025,951.40,553.09,36.22,59.84,1.0000,-1,-1,-1
97,1026,1053.00,1023.09,-566.30,-628.62,1.0000,-1,-1,-1
97,1027,1288.46,117.33,104.51,81.28,1.0000,-1,-1,-1
97,1028,339.08,216.30,523.88,281.95,1.0000,-1,-1,-1
97,1029,966.27,332.67,-11.20,-12.22,1.0000,-1,-1,-1
97,1030,475.56,830.82,78.77,142.77,1.0000,-1,-1,-1
97,1031,1887.02,907.19,44.63,172.31,1.0000,-1,-1,-1
97,1032,829.31,-199.29,499.31,214.18,1.0000,-1,-1,-1
97,1033,1074.20,659.02,619.45,418.29,1.0000,-1,-1,-1
97,1036,116.14,10.96,373.42,258.45,1.0000,-1,-1,-1
97,1039,946.92,74.02,78.43,82.14,1.0000,-1,-1,-1
97,1042,-101.36,438.88,714.14,807.80,1.0000,-1,-1,-1
97,1044,289.97,1006.35,-411.84,-448.75,1.0000,-1,-1,-1
97,1045,161.64,364.89,1898.68,704.72,1.0000,-1,-1,-1
97,1050,1110.93,629.49,150.89,96.74,0.0901,-1,-1,-1
97,1051,210.70,214.10,118.24,63.61,0.1478,-1,-1,-1
97,1052,1432.98,107.01,-123.71,-148.07,1.0000,-1,-1,-1
97,1053,1300.86,363.07,-1.06,-0.63,1.0000,-1,-1,-1
97,1055,1027.02,183.55,122.06,124.50,0.8505,-1,-1,-1
97,1064,1645.13,363.39,1.33,0.59,1.0000,-1,-1,-1
97,1065,1028.87,204.32,361.44,125.94,1.0000,-1,-1,-1
97,1066,25.69,1026.20,36.94,55.93,1.0000,-1,-1,-1
97,1068,1428.45,831.37,215.92,160.45,1.0000,-1,-1,-1
97,1070,867.72,-0.03,1.85,1.85,1.0000,-1,-1,-1
97,1078,489.82,322.46,140.07,130.71,0.8257,-1,-1,-1
97,1080,313.80,622.80,214.80,143.01,1.0000,-1,-1,-1
97,1081,377.25,3.05,353.97,212.56,0.6038,-1,-1,-1
97,1085,1015.45,693.64,165.31,111.43,1.0000,-1,-1,-1
97,1088,199.96,70.44,249.16,123.71,1.0000,-1,-1,-1
97,1089,656.34,55.26,578.23,438.58,1.0000,-1,-1,-1
97,1091,1474.17,161.27,4.16,1.88,1.0000,-1,-1,-1
97,1094,258.71,100.99,375.41,300.81,1.0000,-1,-1,-1
97,1098,1116.43,800.56,58.24,64.42,1.0000,-1,-1,-1
97,1099,1019.79,349.56,8.18,5.45,1.0000,-1,-1,-1
97,1100,1355.52,1.77,716.62,215.06,1.0000,-1,-1,-1
97,1104,1757.34,205.82,123.01,153.96,0.5167,-1,-1,-1
97,1114,511.17,502.82,108.45,67.05,0.8045,-1,-1,-1
97,1116,699.52,590.38,99.93,90.54,1.0000,-1,-1,-1
97,1129,878.37,306.34,95.35,81.46,1.0000,-1,-1,-1
97,1135,926.31,371.69,161.34,159.08,1.0000,-1,-1,-1
97,1136,128.18,773.20,415.87,301.72,1.0000,-1,-1,-1
97,1137,1204.66,868.14,91.22,90.31,1.0000,-1,-1,-1
97,1139,440.43,829.28,92.09,153.23,0.1571,-1,-1,-1
97,1140,867.25,344.65,188.21,123.06,0.5858,-1,-1,-1
97,1141,574.07,355.91,193.67,121.42,1.0000,-1,-1,-1
97,1144,1514.95,1.39,129.79,77.42,1.0000,-1,-1,-1
97,1147,720.72,473.25,51.89,53.68,1.0000,-1,-1,-1
97,1151,975.17,3.59,70.41,43.67,1.0000,-1,-1,-1
97,1155,1823.30,908.79,71.65,169.03,0.0803,-1,-1,-1
97,1157,518.97,971.81,115.32,104.47,1.0000,-1,-1,-1
97,1159,1155.40,347.87,122.64,180.82,0.0103,-1,-1,-1
97,1165,928.78,756.03,128.74,128.71,0.9139,-1,-1,-1
97,1167,1212.54,1019.44,117.88,58.34,0.3175,-1,-1,-1
97,1168,754.28,743.13,128.92,190.64,1.0000,-1,-1,-1
97,1170,218.95,615.72,100.12,93.56,0.8468,-1,-1,-1
97,1171,335.07,713.80,102.94,108.08,0.6779,-1,-1,-1
97,1172,657.04,13.35,164.73,146.40,0.4491,-1,-1,-1
97,1173,1138.68,151.08,115.79,102.05,0.2936,-1,-1,-1
97,1175,639.29,859.58,99.72,117.99,1.0000,-1,-1,-1
97,1177,154.35,112.77,181.68,165.82,0.2436,-1,-1,-1
97,1180,1618.89,824.19,203.60,201.93,1.0000,-1,-1,-1
97,1182,295.82,30.33,227.64,212.35,0.0962,-1,-1,-1
97,1183,1860.24,967.51,42.60,110.25,0.0204,-1,-1,-1
97,1185,714.26,457.51,40.87,41.43,1.0000,-1,-1,-1
97,1186,-97.42,687.79,399.58,151.16,0.8015,-1,-1,-1
97,1187,1419.75,88.12,190.19,132.74,0.9203,-1,-1,-1
97,1188,377.88,969.35,163.34,108.06,0.1299,-1,-1,-1
97,1190,-0.14,545.44,36.76,115.79,0.0101,-1,-1,-1
97,1192,368.21,842.12,84.27,192.08,1.0000,-1,-1,-1
97,1196,293.01,1.51,387.45,234.01,0.1524,-1,-1,-1
97,1198,1635.59,980.76,80.58,96.94,1.0000,-1,-1,-1
97,1203,1081.70,629.51,126.14,95.88,0.7964,-1,-1,-1
97,1204,619.93,213.30,142.79,157.13,0.8777,-1,-1,-1
97,1205,201.11,1.27,134.05,63.49,0.4088,-1,-1,-1
97,1208,841.71,352.38,55.49,56.51,0.0144,-1,-1,-1
97,1211,1439.57,933.21,149.14,143.28,1.0000,-1,-1,-1
97,1212,1083.03,805.82,191.04,200.04,1.0000,-1,-1,-1
97,1214,1355.55,808.32,96.55,174.80,1.0000,-1,-1,-1
97,1219,1075.02,175.84,238.44,144.02,0.0879,-1,-1,-1
97,1222,1550.62,198.47,288.76,299.72,0.1073,-1,-1,-1
97,1224,1429.20,729.03,179.56,109.48,0.8103,-1,-1,-1
97,1226,857.09,316.82,79.18,86.17,0.0392,-1,-1,-1
98,183,1250.68,521.38,105.15,105.28,0.4008,-1,-1,-1
98,245,919.71,193.42,258.59,275.64,0.1908,-1,-1,-1
98,310,98.88,834.39,-19.50,-16.31,1.0000,-1,-1,-1
98,360,1085.42,326.34,76.24,77.92,1.0000,-1,-1,-1
98,447,624.82,870.78,152.26,155.27,1.0000,-1,-1,-1
98,472,1421.33,949.61,225.83,242.78,1.0000,-1,-1,-1
98,480,2658.26,1914.12,-1190.11,-784.45,1.0000,-1,-1,-1
98,491,341.81,494.57,96.84,86.66,0.6979,-1,-1,-1
98,497,940.67,303.85,134.38,150.78,1.0000,-1,-1,-1
98,550,659.70,298.03,65.94,69.79,1.0000,-1,-1,-1
98,594,-45.14,809.02,54.72,41.77,1.0000,-1,-1,-1
98,626,252.00,627.02,-59.59,-46.57,1.0000,-1,-1,-1
98,636,151.95,712.78,69.27,58.49,1.0000,-1,-1,-1
98,646,1133.25,530.04,151.28,140.45,1.0000,-1,-1,-1
98,663,263.72,671.44,130.55,117.79,1.0000,-1,-1,-1
98,668,1415.59,825.96,192.37,164.71,0.2071,-1,-1,-1
98,669,-243.60,975.22,543.88,674.26,1.0000,-1,-1,-1
98,695,646.36,450.29,87.75,73.59,0.9104,-1,-1,-1
98,703,-596.26,790.28,260.37,290.30,1.0000,-1,-1,-1
98,708,-334.14,24.15,1071.20,717.41,1.0000,-1,-1,-1
98,712,369.19,573.75,-18.00,-17.37,1.0000,-1,-1,-1
98,775,826.93,745.92,144.38,122.25,1.0000,-1,-1,-1
98,783,738.99,752.52,81.85,78.74,1.0000,-1,-1,-1
98,796,427.02,-85.67,-33.70,-22.25,1.0000,-1,-1,-1
98,799,621.72,953.71,78.19,67.08,1.0000,-1,-1,-1
98,801,624.17,638.23,62.54,60.05,1.0000,-1,-1,-1
98,809,367.05,-14.08,-103.13,-97.56,1.0000,-1,-1,-1
98,810,940.71,351.26,3.97,3.31,1.0000,-1,-1,-1
98,813,1189.18,643.35,84.56,80.84,0.6783,-1,-1,-1
98,819,1049.25,296.76,35.13,42.85,1.0000,-1,-1,-1
98,829,1009.20,326.08,64.72,59.20,1.0000,-1,-1,-1
98,830,745.94,818.93,77.15,84.48,1.0000,-1,-1,-1
98,839,1050.58,633.76,91.68,87.10,1.0000,-1,-1,-1
98,840,1352.69,1353.66,-274.98,-206.04,1.0000,-1,-1,-1
98,841,1492.50,276.78,270.51,232.18,0.6680,-1,-1,-1
98,846,243.48,717.33,8.75,7.98,1.0000,-1,-1,-1
98,849,700.93,989.29,75.38,76.92,1.0000,-1,-1,-1
98,851,1428.38,672.27,90.35,85.24,0.6257,-1,-1,-1
98,852,389.24,118.67,220.29,105.21,1.0000,-1,-1,-1
98,858,91.56,684.37,139.09,137.61,1.0000,-1,-1,-1
98,859,346.92,977.60,346.33,92.67,1.0000,-1,-1,-1
98,864,939.62,427.69,-264.39,-386.33,1.0000,-1,-1,-1
98,867,784.00,176.73,184.49,96.70,1.0000,-1,-1,-1
98,876,-69.54,321.07,56.85,92.27,1.0000,-1,-1,-1
98,877,1183.09,195.47,165.30,135.79,1.0000,-1,-1,-1
98,879,1069.26,577.97,126.29,109.56,1.0000,-1,-1,-1
98,880,727.66,963.87,84.72,134.66,1.0000,-1,-1,-1
98,883,733.92,443.58,115.14,103.94,1.0000,-1,-1,-1
98,887,133.64,898.70,175.50,181.99,1.0000,-1,-1,-1
98,888,984.85,896.87,-66.85,-67.18,1.0000,-1,-1,-1
98,889,-197.76,347.73,54.66,113.09,1.0000,-1,-1,-1
98,891,823.51,1056.54,64.48,37.79,1.0000,-1,-1,-1
98,892,1721.56,1387.19,-42.01,-244.34,1.0000,-1,-1,-1
98,899,326.64,979.58,84.64,55.63,1.0000,-1,-1,-1
98,902,-213.70,965.66,162.99,106.22,1.0000,-1,-1,-1
98,905,987.58,431.57,131.85,131.51,1.0000,-1,-1,-1
98,907,1426.73,674.51,-321.62,-267.21,1.0000,-1,-1,-1
98,916,807.06,-2.84,61.86,55.39,0.0449,-1,-1,-1
98,917,-282.82,819.57,53.70,59.77,1.0000,-1,-1,-1
98,919,1013.03,132.62,169.29,181.39,1.0000,-1,-1,-1
98,926,1141.30,276.54,186.50,143.49,1.0000,-1,-1,-1
98,934,985.78,689.45,-200.82,-129.57,1.0000,-1,-1,-1
98,935,8.06,769.63,91.60,83.38,1.0000,-1,-1,-1
98,939,1701.94,1061.65,39.26,23.29,1.0000,-1,-1,-1
98,943,403.99,485.28,153.97,106.30,1.0000,-1,-1,-1
98,947,1408.20,286.54,132.56,54.85,1.0000,-1,-1,-1
98,956,373.93,687.11,78.09,75.60,1.0000,-1,-1,-1
98,964,683.15,1061.30,48.32,23.47,1.0000,-1,-1,-1
98,969,1814.95,646.69,86.63,301.68,1.0000,-1,-1,-1
98,972,727.82,934.94,505.06,559.82,1.0000,-1,-1,-1
98,974,-156.18,416.15,988.56,662.20,1.0000,-1,-1,-1
98,980,975.14,205.35,82.06,76.97,1.0000,-1,-1,-1
98,990,880.31,528.90,71.83,85.10,1.0000,-1,-1,-1
98,995,907.21,34.03,115.43,99.09,1.0000,-1,-1,-1
98,996,245.57,16.00,152.83,172.70,1.0000,-1,-1,-1
98,999,449.22,90.51,269.35,124.28,1.0000,-1,-1,-1
98,1005,2292.05,549.54,-177.82,-384.23,1.0000,-1,-1,-1
98,1009,516.92,-246.53,303.35,369.62,1.0000,-1,-1,-1
98,1013,-125.83,458.15,528.35,298.62,1.0000,-1,-1,-1
98,1017,1431.87,974.91,86.36,106.05,1.0000,-1,-1,-1
98,1018,460.10,-2.64,185.37,102.27,1.0000,-1,-1,-1
98,1019,394.65,628.06,94.78,101.87,1.0000,-1,-1,-1
98,1020,792.68,818.74,73.06,77.80,1.0000,-1,-1,-1
98,1023,582.29,853.95,66.97,78.71,1.0000,-1,-1,-1
98,1025,951.48,553.44,36.16,59.73,1.0000,-1,-1,-1
98,1026,1056.99,1067.58,-602.48,-668.78,1.0000,-1,-1,-1
98,1027,1301.71,105.46,103.55,80.53,1.0000,-1,-1,-1
98,1028,344.69,194.86,536.08,288.52,1.0000,-1,-1,-1
98,1029,967.30,332.14,-14.90,-16.26,1.0000,-1,-1,-1
98,1030,476.68,831.19,77.89,141.16,1.0000,-1,-1,-1
98,1031,1886.88,904.34,45.39,175.22,1.0000,-1,-1,-1
98,1032,822.56,-212.77,519.69,222.93,1.0000,-1,-1,-1
98,1033,1072.97,645.34,639.71,431.96,1.0000,-1,-1,-1
98,1036,109.72,11.32,384.38,266.04,1.0000,-1,-1,-1
98,1039,946.99,74.02,78.71,82.44,1.0000,-1,-1,-1
98,1042,-106.38,461.32,727.00,822.35,1.0000,-1,-1,-1
98,1044,301.54,1025.43,-442.54,-482.21,1.0000,-1,-1,-1
98,1045,144.09,335.00,1978.07,734.19,1.0000,-1,-1,-1
98,1050,1105.24,633.08,156.72,99.11,0.0114,-1,-1,-1
98,1051,206.26,222.14,118.63,63.82,1.0000,-1,-1,-1
98,1052,1412.66,83.06,-141.62,-169.50,1.0000,-1,-1,-1
98,1053,1312.13,366.03,-10.11,-5.96,1.0000,-1,-1,-1
98,1055,1031.55,190.94,114.85,115.28,0.5990,-1,-1,-1
98,1064,1645.10,365.74,-8.12,-3.60,1.0000,-1,-1,-1
98,1065,1025.90,201.34,372.70,129.87,1.0000,-1,-1,-1
98,1066,26.71,1031.43,33.95,51.40,1.0000,-1,-1,-1
98,1068,1429.50,836.93,220.93,164.17,1.0000,-1,-1,-1
98,1070,870.85,-0.22,-1.37,-1.36,1.0000,-1,-1,-1
98,1078,492.58,318.17,133.81,125.52,0.8169,-1,-1,-1
98,1080,315.32,624.61,215.63,143.56,1.0000,-1,-1,-1
98,1081,376.79,8.78,344.53,215.57,0.7556,-1,-1,-1
98,1085,1015.92,689.92,170.40,114.85,1.0000,-1,-1,-1
98,1088,199.07,71.10,252.00,125.13,1.0000,-1,-1,-1
98,1089,633.80,38.96,610.70,463.20,1.0000,-1,-1,-1
98,1091,1471.47,168.07,-9.94,-4.49,1.0000,-1,-1,-1
98,1094,252.27,96.06,393.84,315.58,1.0000,-1,-1,-1
98,1098,1115.61,804.30,57.36,63.45,1.0000,-1,-1,-1
98,1099,1023.90,357.95,-1.36,-0.90,1.0000,-1,-1,-1
98,1100,1337.17,1.75,744.46,223.41,1.0000,-1,-1,-1
98,1104,1744.57,210.42,126.97,148.75,0.5149,-1,-1,-1
98,1114,507.90,504.70,108.83,67.28,1.0000,-1,-1,-1
98,1116,696.90,593.69,102.51,92.88,1.0000,-1,-1,-1
98,1129,879.76,305.82,93.65,80.01,1.0000,-1,-1,-1
98,1135,893.79,335.09,163.37,161.08,1.0000,-1,-1,-1
98,1136,122.17,764.13,427.97,310.50,1.0000,-1,-1,-1
98,1137,1201.33,867.69,91.94,91.03,1.0000,-1,-1,-1
98,1139,435.95,830.66,91.70,152.11,0.5176,-1,-1,-1
98,1140,849.22,330.79,212.92,145.94,0.6860,-1,-1,-1
98,1141,559.95,352.44,204.23,128.04,1.0000,-1,-1,-1
98,1144,1511.09,1.42,132.24,78.89,1.0000,-1,-1,-1
98,1147,721.62,475.92,50.93,52.69,1.0000,-1,-1,-1
98,1151,977.63,-3.22,66.36,41.16,1.0000,-1,-1,-1
98,1155,1817.24,910.30,75.96,169.03,0.0176,-1,-1,-1
98,1157,516.28,972.46,114.42,103.65,1.0000,-1,-1,-1
98,1159,1153.11,347.85,126.33,186.26,1.0000,-1,-1,-1
98,1165,922.82,760.45,126.94,127.06,0.8605,-1,-1,-1
98,1167,1232.33,1024.81,107.66,53.18,0.4580,-1,-1,-1
98,1168,733.21,710.70,137.04,202.64,1.0000,-1,-1,-1
98,1170,215.65,623.33,100.40,93.04,0.8187,-1,-1,-1
98,1171,337.07,721.37,102.60,107.72,1.0000,-1,-1,-1
98,1172,655.06,-9.24,148.99,131.94,0.7169,-1,-1,-1
98,1173,1139.21,150.55,112.47,100.00,0.4300,-1,-1,-1
98,1175,640.58,873.22,90.37,106.93,1.0000,-1,-1,-1
98,1177,145.09,125.87,178.73,162.64,0.3776,-1,-1,-1
98,1180,1620.41,824.10,199.28,197.65,1.0000,-1,-1,-1
98,1182,296.39,29.07,219.67,206.86,0.0897,-1,-1,-1
98,1183,1859.89,976.66,39.08,101.14,1.0000,-1,-1,-1
98,1185,716.49,458.19,35.78,36.26,1.0000,-1,-1,-1
98,1186,-113.71,686.87,423.23,165.54,0.6401,-1,-1,-1
98,1187,1410.97,79.46,191.90,134.59,0.7888,-1,-1,-1
98,1188,371.15,968.99,164.11,108.70,0.0407,-1,-1,-1
98,1190,-1.42,543.23,37.55,119.08,0.0133,-1,-1,-1
98,1192,367.24,842.87,84.54,192.68,1.0000,-1,-1,-1
98,1196,308.03,9.64,369.25,223.80,0.0413,-1,-1,-1
98,1198,1649.94,991.82,71.46,85.97,1.0000,-1,-1,-1
98,1203,1075.43,633.51,127.49,98.31,0.7952,-1,-1,-1
98,1204,606.72,129.83,141.43,154.56,0.8285,-1,-1,-1
98,1205,115.28,1.17,219.84,99.59,0.7794,-1,-1,-1
98,1208,838.08,351.16,57.15,58.20,1.0000,-1,-1,-1
98,1211,1443.42,941.23,140.52,134.99,1.0000,-1,-1,-1
98,1212,1073.31,800.02,197.21,206.50,1.0000,-1,-1,-1
98,1214,1368.33,799.18,94.53,171.14,1.0000,-1,-1,-1
98,1219,1053.84,148.77,285.60,176.47,0.0674,-1,-1,-1
98,1222,1548.68,216.70,288.90,293.93,0.0822,-1,-1,-1
98,1224,1423.07,726.09,186.89,115.26,0.4165,-1,-1,-1
98,1226,861.45,315.10,79.70,86.74,1.0000,-1,-1,-1
98,1229,986.06,448.18,125.93,127.53,0.5409,-1,-1,-1
98,1230,1642.87,469.17,116.47,62.21,0.0148,-1,-1,-1
98,1231,708.87,469.02,67.93,68.98,0.0475,-1,-1,-1
98,1233,736.53,864.82,321.36,211.90,0.0537,-1,-1,-1
99,183,1248.90,530.89,105.55,107.64,0.4293,-1,-1,-1
99,245,922.74,202.67,262.65,285.86,0.1109,-1,-1,-1
99,310,95.37,849.74,-26.67,-22.30,1.0000,-1,-1,-1
99,360,1084.61,326.83,76.16,77.84,1.0000,-1,-1,-1
99,447,617.03,891.22,154.09,157.15,1.0000,-1,-1,-1
99,472,1421.72,962.29,227.99,245.11,1.0000,-1,-1,-1
99,480,2702.82,1949.01,-1240.16,-817.43,1.0000,-1,-1,-1
99,491,337.81,502.64,96.75,86.58,1.0000,-1,-1,-1
99,497,935.85,312.70,134.85,151.30,1.0000,-1,-1,-1
99,550,659.14,303.03,65.12,68.92,1.0000,-1,-1,-1
99,594,-52.49,816.70,51.28,39.14,1.0000,-1,-1,-1
99,626,246.88,631.24,-64.06,-50.06,1.0000,-1,-1,-1
99,636,147.78,714.34,66.73,56.35,1.0000,-1,-1,-1
99,646,1129.05,531.88,153.23,142.26,1.0000,-1,-1,-1
99,663,259.02,671.30,130.88,118.09,1.0000,-1,-1,-1
99,668,1410.77,842.23,194.13,166.22,1.0000,-1,-1,-1
99,669,-250.41,984.00,555.66,688.86,1.0000,-1,-1,-1
99,695,648.28,451.02,87.14,73.26,0.9011,-1,-1,-1
99,703,-615.76,799.21,263.41,293.69,1.0000,-1,-1,-1
99,708,-345.02,24.78,1089.58,729.71,1.0000,-1,-1,-1
99,712,368.05,573.04,-22.25,-21.46,1.0000,-1,-1,-1
99,775,822.22,749.87,145.78,123.44,1.0000,-1,-1,-1
99,783,735.04,757.72,81.35,78.26,1.0000,-1,-1,-1
99,796,417.87,-89.37,-39.44,-26.04,1.0000,-1,-1,-1
99,799,620.44,969.44,75.31,64.61,1.0000,-1,-1,-1
99,801,618.21,645.41,62.54,60.04,1.0000,-1,-1,-1
99,809,355.04,-33.52,-108.53,-102.67,1.0000,-1,-1,-1
99,810,938.64,357.45,-1.38,-1.15,1.0000,-1,-1,-1
99,813,1189.76,652.81,80.72,77.51,0.8199,-1,-1,-1
99,819,1045.60,297.36,34.96,42.64,1.0000,-1,-1,-1
99,829,1008.21,327.07,64.43,58.93,1.0000,-1,-1,-1
99,830,740.12,819.96,76.04,83.26,1.0000,-1,-1,-1
99,839,1052.26,630.17,89.55,85.07,1.0000,-1,-1,-1
99,840,1363.35,1377.29,-299.60,-224.48,1.0000,-1,-1,-1
99,841,1493.86,297.03,266.19,224.18,0.9059,-1,-1,-1
99,846,239.98,727.57,4.42,4.03,1.0000,-1,-1,-1
99,849,696.14,999.97,75.12,76.66,1.0000,-1,-1,-1
99,851,1419.41,651.18,97.05,91.70,0.6988,-1,-1,-1
99,852,385.02,119.27,221.64,105.86,1.0000,-1,-1,-1
99,858,85.94,683.82,141.02,139.52,1.0000,-1,-1,-1
99,859,340.21,976.95,347.94,93.10,1.0000,-1,-1,-1
99,864,940.61,428.30,-275.65,-402.78,1.0000,-1,-1,-1
99,867,775.38,174.73,188.19,98.64,1.0000,-1,-1,-1
99,876,-75.37,321.66,56.87,92.30,1.0000,-1,-1,-1
99,877,1180.03,194.06,169.19,138.98,1.0000,-1,-1,-1
99,879,1064.66,576.20,127.42,110.54,1.0000,-1,-1,-1
99,880,749.34,965.45,84.78,134.76,1.0000,-1,-1,-1
99,883,735.17,445.17,117.25,105.85,1.0000,-1,-1,-1
99,887,120.78,898.54,177.73,184.30,1.0000,-1,-1,-1
99,888,985.68,897.18,-71.73,-72.08,1.0000,-1,-1,-1
99,889,-206.15,347.29,54.91,113.61,1.0000,-1,-1,-1
99,891,824.19,1058.59,62.14,36.42,1.0000,-1,-1,-1
99,892,1716.08,1404.80,-44.59,-259.33,1.0000,-1,-1,-1
99,899,335.82,978.09,85.19,55.99,1.0000,-1,-1,-1
99,902,-223.64,966.57,161.95,105.55,1.0000,-1,-1,-1
99,905,982.35,436.91,134.41,134.06,1.0000,-1,-1,-1
99,907,1432.92,675.49,-335.75,-278.95,1.0000,-1,-1,-1
99,916,814.30,-18.54,53.12,47.57,1.0000,-1,-1,-1
99,917,-313.10,821.30,53.24,59.26,1.0000,-1,-1,-1
99,919,1014.92,137.19,171.62,183.89,1.0000,-1,-1,-1
99,926,1148.24,272.76,188.80,145.26,1.0000,-1,-1,-1
99,934,989.63,698.47,-211.23,-136.29,1.0000,-1,-1,-1
99,935,0.68,771.88,91.99,83.73,1.0000,-1,-1,-1
99,939,1699.91,1064.27,35.53,21.08,1.0000,-1,-1,-1
99,943,395.14,485.37,156.29,107.91,1.0000,-1,-1,-1
99,947,1403.45,296.42,130.78,54.12,1.0000,-1,-1,-1
99,956,377.82,690.77,76.18,73.74,1.0000,-1,-1,-1
99,964,679.92,1063.46,44.57,21.64,1.0000,-1,-1,-1
99,969,1812.46,643.33,88.49,308.17,1.0000,-1,-1,-1
99,972,721.77,940.20,521.10,577.59,1.0000,-1,-1,-1
99,974,-167.68,393.27,1022.99,685.26,1.0000,-1,-1,-1
99,980,975.98,194.14,80.26,75.28,1.0000,-1,-1,-1
99,990,879.81,532.90,72.24,85.59,1.0000,-1,-1,-1
99,995,904.49,32.83,115.80,99.40,1.0000,-1,-1,-1
99,996,240.08,16.64,155.19,175.36,1.0000,-1,-1,-1
99,999,447.86,88.57,275.07,126.92,1.0000,-1,-1,-1
99,1005,2317.32,566.70,-195.23,-421.86,1.0000,-1,-1,-1
99,1009,525.62,-276.46,312.25,380.47,1.0000,-1,-1,-1
99,1013,-139.34,456.65,541.80,306.22,1.0000,-1,-1,-1
99,1017,1433.54,978.99,83.14,102.10,1.0000,-1,-1,-1
99,1018,453.82,-2.79,187.08,103.21,1.0000,-1,-1,-1
99,1019,392.93,630.23,96.58,103.80,1.0000,-1,-1,-1
99,1020,791.25,823.81,73.59,78.36,1.0000,-1,-1,-1
99,1023,582.03,854.61,64.31,75.57,1.0000,-1,-1,-1
99,1025,951.56,553.80,36.09,59.62,1.0000,-1,-1,-1
99,1026,1060.97,1112.07,-638.66,-708.95,1.0000,-1,-1,-1
99,1027,1314.97,93.58,102.59,79.79,1.0000,-1,-1,-1
99,1028,350.29,173.42,548.28,295.08,1.0000,-1,-1,-1
99,1029,968.32,331.61,-18.60,-20.30,1.0000,-1,-1,-1
99,1030,477.80,831.57,77.00,139.56,1.0000,-1,-1,-1
99,1031,1886.74,901.48,46.14,178.14,1.0000,-1,-1,-1
99,1032,815.80,-226.25,540.07,231.67,1.0000,-1,-1,-1
99,1033,1071.74,631.67,659.96,445.64,1.0000,-1,-1,-1
99,1036,103.31,11.67,395.34,273.63,1.0000,-1,-1,-1
99,1039,947.06,74.02,78.99,82.73,1.0000,-1,-1,-1
99,1042,-111.40,483.75,739.86,836.89,1.0000,-1,-1,-1
99,1044,313.11,1044.50,-473.24,-515.66,1.0000,-1,-1,-1
99,1045,126.54,305.10,2057.45,763.66,1.0000,-1,-1,-1
99,1050,1101.65,638.86,155.90,98.59,1.0000,-1,-1,-1
99,1051,201.83,230.17,119.03,64.03,1.0000,-1,-1,-1
99,1052,1392.34,59.11,-159.52,-190.92,1.0000,-1,-1,-1
99,1053,1323.39,368.99,-19.16,-11.29,1.0000,-1,-1,-1
99,1055,1029.72,201.01,120.73,120.70,0.4723,-1,-1,-1
99,1064,1645.08,368.10,-17.56,-7.78,1.0000,-1,-1,-1
99,1065,1022.94,198.35,383.95,133.79,1.0000,-1,-1,-1
99,1066,27.74,1036.66,30.96,46.86,1.0000,-1,-1,-1
99,1068,1430.55,842.49,225.93,167.89,1.0000,-1,-1,-1
99,1070,873.97,-0.41,-4.59,-4.58,1.0000,-1,-1,-1
99,1078,491.24,313.23,132.42,124.22,0.6415,-1,-1,-1
99,1080,316.83,626.42,216.45,144.11,1.0000,-1,-1,-1
99,1081,408.17,23.29,339.64,214.27,0.4139,-1,-1,-1
99,1085,1016.39,686.20,175.48,118.28,1.0000,-1,-1,-1
99,1088,198.17,71.76,254.84,126.54,1.0000,-1,-1,-1
99,1089,611.27,22.65,643.17,487.83,1.0000,-1,-1,-1
99,1091,1468.78,174.86,-24.03,-10.85,1.0000,-1,-1,-1
99,1094,245.83,91.12,412.27,330.34,1.0000,-1,-1,-1
99,1098,1114.79,808.03,56.48,62.48,1.0000,-1,-1,-1
99,1099,1028.01,366.33,-10.89,-7.26,1.0000,-1,-1,-1
99,1100,1318.82,1.73,772.30,231.77,1.0000,-1,-1,-1
99,1104,1734.51,215.00,129.14,142.35,0.6754,-1,-1,-1
99,1114,504.62,506.58,109.20,67.52,1.0000,-1,-1,-1
99,1116,694.29,597.00,105.09,95.22,1.0000,-1,-1,-1
99,1129,881.16,305.29,91.96,78.56,1.0000,-1,-1,-1
99,1135,861.27,298.49,165.41,163.09,1.0000,-1,-1,-1
99,1136,116.17,755.07,440.07,319.28,1.0000,-1,-1,-1
99,1137,1198.00,867.24,92.66,91.74,1.0000,-1,-1,-1
99,1139,435.15,831.50,89.16,146.09,0.2607,-1,-1,-1
99,1140,843.62,331.16,210.63,151.62,0.6879,-1,-1,-1
99,1141,545.82,348.96,214.80,134.67,1.0000,-1,-1,-1
99,1144,1507.24,1.46,134.70,80.35,1.0000,-1,-1,-1
99,1147,722.52,478.60,49.98,51.70,1.0000,-1,-1,-1
99,1151,980.09,-10.03,62.31,38.65,1.0000,-1,-1,-1
99,1155,1816.30,920.66,76.31,159.05,0.0155,-1,-1,-1
99,1157,513.58,973.12,113.52,102.84,1.0000,-1,-1,-1
99,1159,1150.82,347.84,130.02,191.71,1.0000,-1,-1,-1
99,1165,917.89,758.16,126.18,126.23,0.8411,-1,-1,-1
99,1167,1242.94,1028.12,101.41,49.94,0.2165,-1,-1,-1
99,1168,712.14,678.26,145.16,214.64,1.0000,-1,-1,-1
99,1170,222.30,634.13,99.88,90.43,0.2351,-1,-1,-1
99,1171,339.07,728.93,102.26,107.37,1.0000,-1,-1,-1
99,1172,651.96,-12.56,117.57,99.61,0.0494,-1,-1,-1
99,1173,1140.61,150.70,106.71,95.39,0.5297,-1,-1,-1
99,1175,641.86,886.87,81.02,95.87,1.0000,-1,-1,-1
99,1177,140.06,142.90,172.46,155.92,0.8739,-1,-1,-1
99,1180,1621.92,824.01,194.96,193.37,1.0000,-1,-1,-1
99,1182,303.60,43.88,197.79,186.62,0.3936,-1,-1,-1
99,1183,1859.55,985.81,35.56,92.02,1.0000,-1,-1,-1
99,1185,718.71,458.87,30.68,31.10,1.0000,-1,-1,-1
99,1186,-190.06,617.85,566.34,232.44,0.4975,-1,-1,-1
99,1187,1402.80,72.90,188.68,133.09,0.8585,-1,-1,-1
99,1188,376.83,1012.84,100.66,64.52,0.0348,-1,-1,-1
99,1190,-1.58,543.15,37.78,119.81,1.0000,-1,-1,-1
99,1192,366.27,843.63,84.80,193.28,1.0000,-1,-1,-1
99,1196,335.51,21.90,355.31,213.27,0.0272,-1,-1,-1
99,1198,1664.28,1002.88,62.35,75.01,1.0000,-1,-1,-1
99,1203,1072.78,641.10,123.36,96.32,0.7877,-1,-1,-1
99,1204,583.05,44.97,159.54,174.47,0.0410,-1,-1,-1
99,1205,57.97,0.51,309.08,137.74,0.9116,-1,-1,-1
99,1208,846.34,356.61,52.54,53.71,0.0143,-1,-1,-1
99,1211,1447.26,949.24,131.90,126.71,1.0000,-1,-1,-1
99,1212,1063.59,794.22,203.38,212.96,1.0000,-1,-1,-1
99,1214,1381.12,790.03,92.50,167.48,1.0000,-1,-1,-1
99,1219,1046.22,138.25,297.76,189.25,0.0280,-1,-1,-1
99,1222,1563.56,240.83,274.93,279.71,1.0000,-1,-1,-1
99,1224,1371.82,739.96,280.75,176.29,0.2894,-1,-1,-1
99,1226,865.80,313.39,80.22,87.30,1.0000,-1,-1,-1
99,1229,984.79,453.78,105.06,105.54,0.1854,-1,-1,-1
99,1230,1654.58,475.49,107.98,57.67,1.0000,-1,-1,-1
99,1231,706.55,465.89,72.84,73.98,1.0000,-1,-1,-1
99,1233,682.61,809.46,403.88,266.32,1.0000,-1,-1,-1
99,1237,1161.00,762.82,54.83,71.61,0.0104,-1,-1,-1
99,1240,595.02,354.24,108.11,105.21,0.7775,-1,-1,-1
99,1241,949.17,296.93,175.18,188.17,0.3052,-1,-1,-1
99,1243,600.32,810.86,216.57,189.04,0.0107,-1,-1,-1
99,1244,1159.68,530.02,174.96,136.60,0.1297,-1,-1,-1