2,1,1251.95,486.58,77.84,74.81,0.5899,-1,-1,-1
2,2,1482.32,118.44,95.59,88.90,0.8357,-1,-1,-1
2,3,1319.69,395.57,82.31,73.36,0.8246,-1,-1,-1
2,4,1396.89,343.23,93.75,91.20,0.7904,-1,-1,-1
2,5,1164.17,82.83,116.88,100.75,0.8422,-1,-1,-1
2,6,1606.40,554.63,86.55,82.48,0.7307,-1,-1,-1
2,7,1053.38,422.14,93.95,90.80,0.7676,-1,-1,-1
2,8,1073.24,28.25,99.23,76.12,0.8193,-1,-1,-1
2,9,1211.25,305.20,86.91,78.89,0.7478,-1,-1,-1
2,10,1324.18,696.67,74.19,69.99,0.6012,-1,-1,-1
2,11,1356.74,367.25,69.96,65.69,0.0247,-1,-1,-1
2,15,1405.40,757.75,27.24,17.80,0.0303,-1,-1,-1
2,17,1193.33,617.98,187.26,157.01,0.0264,-1,-1,-1
3,1,1250.78,509.93,78.82,75.10,0.7763,-1,-1,-1
3,2,1478.47,105.12,96.55,89.90,0.8449,-1,-1,-1
3,3,1318.77,383.90,79.39,70.91,0.8307,-1,-1,-1
3,4,1400.96,370.16,90.54,87.93,0.8091,-1,-1,-1
3,5,1164.26,103.60,117.75,101.74,0.8575,-1,-1,-1
3,6,1607.20,537.28,85.97,81.71,0.6882,-1,-1,-1
3,7,1049.34,448.88,93.82,90.56,0.8507,-1,-1,-1
3,8,1071.88,43.33,102.48,79.03,0.7804,-1,-1,-1
3,9,1212.35,327.00,88.68,80.81,0.8787,-1,-1,-1
3,10,1321.23,687.71,77.84,73.61,0.4868,-1,-1,-1
3,11,1357.89,356.38,66.73,62.74,0.6379,-1,-1,-1
3,15,1406.57,757.25,29.86,19.34,0.0432,-1,-1,-1
3,17,1193.62,625.39,179.55,150.44,0.0250,-1,-1,-1
3,18,1403.33,449.87,116.20,109.42,0.7026,-1,-1,-1
3,19,1885.40,2.09,32.66,94.98,0.0117,-1,-1,-1
4,1,1257.12,533.35,85.83,80.43,0.2787,-1,-1,-1
4,2,1474.34,92.46,96.26,89.73,0.8430,-1,-1,-1
4,3,1317.07,371.53,79.73,71.46,0.8606,-1,-1,-1
4,4,1410.16,395.90,73.55,70.12,0.4442,-1,-1,-1
4,5,1163.45,124.93,118.63,102.72,0.8837,-1,-1,-1
4,6,1605.70,518.97,86.77,82.47,0.6593,-1,-1,-1
4,7,1045.33,475.48,93.13,89.77,0.8525,-1,-1,-1
4,8,1071.05,59.17,103.63,80.36,0.8058,-1,-1,-1
4,9,1211.04,350.50,89.61,81.84,0.8604,-1,-1,-1
4,10,1319.02,676.94,77.83,73.67,0.6516,-1,-1,-1
4,11,1358.62,345.71,64.62,60.58,0.6636,-1,-1,-1
4,15,1409.38,757.81,29.92,18.93,0.0149,-1,-1,-1
4,17,1189.58,620.19,185.51,155.64,0.0421,-1,-1,-1
4,18,1403.05,424.58,115.78,109.44,0.7829,-1,-1,-1
4,19,1884.70,2.04,32.58,94.75,1.0000,-1,-1,-1
4,21,1287.93,555.30,81.24,70.93,0.0954,-1,-1,-1
4,22,1498.82,731.87,117.14,121.31,0.6855,-1,-1,-1
5,1,1255.04,546.76,94.61,87.54,0.3290,-1,-1,-1
5,2,1472.33,83.54,91.48,85.30,0.8673,-1,-1,-1
5,3,1315.13,359.57,78.37,70.46,0.7961,-1,-1,-1
5,4,1414.96,416.00,67.17,64.04,1.0000,-1,-1,-1
5,5,1162.07,146.09,121.57,105.76,0.8434,-1,-1,-1
5,6,1602.92,502.98,87.59,83.36,0.7479,-1,-1,-1
5,7,1043.65,501.19,92.28,88.69,0.4192,-1,-1,-1
5,8,1070.23,74.40,105.24,82.19,0.7984,-1,-1,-1
5,9,1214.21,375.19,88.95,81.40,0.8708,-1,-1,-1
5,10,1317.78,668.66,76.21,72.07,0.6756,-1,-1,-1
5,11,1356.56,337.29,61.83,57.89,0.7535,-1,-1,-1
5,15,1410.90,758.03,29.36,18.58,1.0000,-1,-1,-1
5,17,1189.54,622.86,181.61,152.37,1.0000,-1,-1,-1
5,18,1395.32,402.19,121.05,114.94,0.8007,-1,-1,-1
5,19,1884.00,1.99,32.50,94.52,1.0000,-1,-1,-1
5,21,1285.68,544.74,84.11,74.11,0.0227,-1,-1,-1
5,22,1496.03,727.09,122.19,126.17,0.1794,-1,-1,-1
5,23,1438.99,725.17,59.71,55.52,0.0359,-1,-1,-1
6,1,1248.13,574.90,84.49,77.73,0.3793,-1,-1,-1
6,2,1471.09,74.61,88.25,82.21,0.8988,-1,-1,-1
6,3,1313.56,347.55,77.26,69.73,0.7631,-1,-1,-1
6,4,1419.76,436.10,60.79,57.95,1.0000,-1,-1,-1
6,5,1163.62,170.26,120.16,105.13,0.8748,-1,-1,-1
6,6,1602.92,487.49,84.15,80.00,0.6325,-1,-1,-1
6,7,1038.96,525.75,91.67,88.09,0.1140,-1,-1,-1
6,8,1070.04,92.44,105.47,83.10,0.8265,-1,-1,-1
6,9,1214.96,397.98,89.45,82.12,0.8267,-1,-1,-1
6,10,1318.41,660.67,73.49,69.28,0.7225,-1,-1,-1
6,11,1353.69,327.96,62.31,58.59,0.7289,-1,-1,-1
6,15,1412.42,758.26,28.81,18.23,1.0000,-1,-1,-1
6,17,1189.50,625.53,177.71,149.10,1.0000,-1,-1,-1
6,18,1396.92,380.39,110.88,105.14,0.8279,-1,-1,-1
6,19,1883.29,1.94,32.43,94.30,1.0000,-1,-1,-1
6,21,1284.77,530.88,76.86,67.97,0.1264,-1,-1,-1
6,22,1497.48,706.29,118.28,121.44,0.0145,-1,-1,-1
6,23,1448.05,731.34,58.44,54.29,0.0253,-1,-1,-1
7,1,1242.71,614.65,79.66,73.50,0.7339,-1,-1,-1
7,2,1465.51,55.72,88.56,82.59,0.8258,-1,-1,-1
7,3,1313.15,319.96,86.57,78.12,0.4559,-1,-1,-1
7,4,1424.57,456.21,54.41,51.87,1.0000,-1,-1,-1
7,5,1163.76,210.69,118.72,104.56,0.8664,-1,-1,-1
7,6,1599.62,461.72,84.46,80.34,0.6497,-1,-1,-1
7,7,1030.67,571.79,94.44,90.78,0.0739,-1,-1,-1
7,8,1069.68,123.47,105.45,83.80,0.8090,-1,-1,-1
7,9,1215.31,438.59,92.10,85.18,0.8174,-1,-1,-1
7,10,1315.51,645.66,76.92,72.34,0.7362,-1,-1,-1
7,11,1345.52,313.78,68.08,64.82,0.0356,-1,-1,-1
7,15,1413.94,758.49,28.26,17.88,1.0000,-1,-1,-1
7,17,1189.46,628.20,173.82,145.83,1.0000,-1,-1,-1
7,18,1392.57,343.19,111.68,105.87,0.8124,-1,-1,-1
7,19,1882.59,1.89,32.35,94.07,1.0000,-1,-1,-1
7,21,1280.67,512.10,72.16,63.50,0.5348,-1,-1,-1
7,22,1498.10,708.76,116.37,119.49,1.0000,-1,-1,-1
7,23,1458.35,731.35,57.67,53.48,0.0160,-1,-1,-1
8,1,1244.56,643.62,73.62,68.09,0.0217,-1,-1,-1
8,2,1460.62,41.76,90.18,84.37,0.8720,-1,-1,-1
8,3,1312.71,306.49,86.16,77.58,0.3650,-1,-1,-1
8,4,1429.37,476.31,48.03,45.79,1.0000,-1,-1,-1
8,5,1163.86,242.92,117.67,104.40,0.8282,-1,-1,-1
8,6,1596.10,442.42,82.98,78.74,0.5580,-1,-1,-1
8,7,1026.96,597.74,94.61,90.93,1.0000,-1,-1,-1
8,8,1070.87,148.61,104.23,83.81,0.7085,-1,-1,-1
8,9,1215.65,470.59,92.58,86.27,0.7915,-1,-1,-1
8,10,1312.80,634.62,80.83,76.15,0.6737,-1,-1,-1
8,11,1342.58,304.43,69.01,65.71,1.0000,-1,-1,-1
8,15,1415.46,758.72,27.70,17.53,1.0000,-1,-1,-1
8,17,1192.28,643.91,129.26,109.00,0.0342,-1,-1,-1
8,18,1391.20,319.32,107.68,101.84,0.8328,-1,-1,-1
8,19,1881.89,1.84,32.27,93.84,1.0000,-1,-1,-1
8,21,1280.49,494.69,73.83,65.58,0.6995,-1,-1,-1
8,22,1498.72,711.23,114.47,117.54,1.0000,-1,-1,-1
8,23,1463.14,729.81,58.01,53.83,0.0400,-1,-1,-1
9,1,1241.85,670.85,76.22,70.56,0.7405,-1,-1,-1
9,2,1458.23,32.42,87.19,81.53,0.8564,-1,-1,-1
9,3,1310.91,296.90,84.70,75.68,0.3903,-1,-1,-1
9,4,1434.17,496.41,41.65,39.71,1.0000,-1,-1,-1
9,5,1164.09,271.43,117.22,104.74,0.9004,-1,-1,-1
9,6,1594.63,426.14,82.03,77.88,0.8243,-1,-1,-1
9,7,1022.54,630.06,99.54,96.27,0.3499,-1,-1,-1
9,8,1073.83,172.35,99.21,80.43,0.8487,-1,-1,-1
9,9,1215.04,497.88,91.83,86.06,0.7832,-1,-1,-1
9,10,1311.03,625.05,81.33,77.08,0.6227,-1,-1,-1
9,11,1339.63,295.08,69.95,66.60,1.0000,-1,-1,-1
9,15,1416.98,758.95,27.15,17.18,1.0000,-1,-1,-1
9,17,1192.60,648.54,119.40,100.68,1.0000,-1,-1,-1
9,18,1387.66,297.29,108.65,102.66,0.8794,-1,-1,-1
9,19,1881.19,1.79,32.19,93.61,1.0000,-1,-1,-1
9,21,1278.04,484.53,74.26,66.53,0.4124,-1,-1,-1
9,22,1499.34,713.70,112.57,115.59,1.0000,-1,-1,-1
9,23,1469.50,731.30,57.49,53.35,1.0000,-1,-1,-1
9,30,1498.68,583.78,124.32,124.63,0.0439,-1,-1,-1
10,1,1238.36,692.30,76.47,70.99,0.6273,-1,-1,-1
10,2,1453.32,22.43,87.43,81.87,0.8539,-1,-1,-1
10,3,1305.54,288.62,82.92,74.50,0.5708,-1,-1,-1
10,4,1438.97,516.51,35.27,33.62,1.0000,-1,-1,-1
10,5,1163.98,297.06,117.92,106.23,0.8886,-1,-1,-1
10,6,1594.35,412.28,80.36,76.41,0.8350,-1,-1,-1
10,7,1022.36,659.05,95.13,92.45,0.6383,-1,-1,-1
10,8,1072.95,191.12,100.11,82.56,0.7971,-1,-1,-1
10,9,1216.62,523.81,91.65,86.01,0.6380,-1,-1,-1
10,10,1309.93,616.47,79.13,75.08,0.4409,-1,-1,-1
10,11,1336.69,285.73,70.88,67.49,1.0000,-1,-1,-1
10,15,1418.50,759.17,26.60,16.83,1.0000,-1,-1,-1
10,17,1195.87,665.30,122.77,104.32,0.0240,-1,-1,-1
10,18,1385.46,277.81,107.37,101.59,0.8339,-1,-1,-1
10,19,1880.48,1.74,32.11,93.39,1.0000,-1,-1,-1
10,21,1277.85,471.60,69.09,61.63,0.4982,-1,-1,-1
10,22,1499.96,716.17,110.67,113.63,1.0000,-1,-1,-1
10,23,1475.86,732.79,56.98,52.88,1.0000,-1,-1,-1
10,30,1495.77,556.59,124.62,124.82,0.1144,-1,-1,-1
11,1,1238.34,716.65,73.58,68.35,0.7900,-1,-1,-1
11,2,1450.15,13.52,86.25,80.74,0.8247,-1,-1,-1
11,3,1304.96,277.81,83.20,74.14,0.4134,-1,-1,-1
11,4,1443.77,536.61,28.89,27.54,1.0000,-1,-1,-1
11,5,1165.22,325.52,116.03,105.04,0.8639,-1,-1,-1
11,6,1592.82,398.42,79.56,75.72,0.7827,-1,-1,-1
11,7,1019.91,685.89,93.47,91.42,0.4839,-1,-1,-1
11,8,1073.70,214.01,96.21,80.08,0.8628,-1,-1,-1
11,9,1217.96,549.39,92.07,86.44,0.7080,-1,-1,-1
11,10,1309.13,606.29,77.58,73.99,0.0323,-1,-1,-1
11,11,1333.74,276.38,71.81,68.38,1.0000,-1,-1,-1
11,15,1420.02,759.40,26.04,16.48,1.0000,-1,-1,-1
11,17,1208.02,646.60,161.47,133.85,0.0808,-1,-1,-1
11,18,1384.25,259.29,106.43,100.72,0.8549,-1,-1,-1
11,19,1879.78,1.69,32.04,93.16,1.0000,-1,-1,-1
11,21,1274.59,458.89,72.58,64.72,0.1030,-1,-1,-1
11,22,1500.58,718.63,108.77,111.68,1.0000,-1,-1,-1
11,23,1482.22,734.27,56.46,52.40,1.0000,-1,-1,-1
11,30,1494.52,530.96,122.25,122.33,0.0466,-1,-1,-1
12,1,1236.76,739.85,73.43,68.13,0.5050,-1,-1,-1
12,2,1446.12,2.87,86.92,81.26,0.7812,-1,-1,-1
12,3,1302.98,268.04,82.71,72.98,0.1470,-1,-1,-1
12,4,1448.57,556.71,22.51,21.46,1.0000,-1,-1,-1
12,5,1163.92,352.54,118.65,108.74,0.8662,-1,-1,-1
12,6,1591.15,384.66,80.06,76.25,0.8499,-1,-1,-1
12,7,1017.16,714.00,91.54,89.16,0.5264,-1,-1,-1
12,8,1070.79,232.18,98.75,83.26,0.7411,-1,-1,-1
12,9,1218.32,576.22,89.07,83.69,0.7003,-1,-1,-1
12,10,1309.56,598.94,75.42,71.81,0.5464,-1,-1,-1
12,11,1330.80,267.03,72.75,69.27,1.0000,-1,-1,-1
12,15,1421.53,759.63,25.49,16.13,1.0000,-1,-1,-1
12,17,1207.25,644.07,175.58,143.34,0.0662,-1,-1,-1
12,18,1379.63,241.74,105.65,99.64,0.8535,-1,-1,-1
12,19,1879.08,1.64,31.96,92.93,1.0000,-1,-1,-1
12,21,1272.32,449.62,69.33,61.97,0.4495,-1,-1,-1
12,22,1501.19,721.10,106.87,109.73,1.0000,-1,-1,-1
12,23,1481.55,716.99,56.63,52.98,0.0995,-1,-1,-1
12,30,1494.26,505.32,119.88,120.04,0.0433,-1,-1,-1
13,1,1236.63,743.43,71.86,66.45,0.6016,-1,-1,-1
13,2,1442.92,-2.64,84.53,78.38,0.7864,-1,-1,-1
13,3,1303.79,261.44,79.98,69.81,0.2118,-1,-1,-1
13,4,1453.37,576.81,16.13,15.38,1.0000,-1,-1,-1
13,5,1163.40,380.39,118.04,109.09,0.8741,-1,-1,-1
13,6,1588.23,371.74,80.73,76.89,0.8774,-1,-1,-1
13,7,1014.49,738.00,90.32,87.51,0.1351,-1,-1,-1
13,8,1068.54,255.04,97.70,83.06,0.8915,-1,-1,-1
13,9,1216.55,601.70,89.22,84.08,0.6947,-1,-1,-1
13,10,1307.43,589.62,77.37,73.58,0.7155,-1,-1,-1
13,11,1327.85,257.68,73.68,70.16,1.0000,-1,-1,-1
13,15,1423.05,759.86,24.94,15.78,1.0000,-1,-1,-1
13,17,1214.01,657.28,172.76,136.12,0.0211,-1,-1,-1
13,18,1375.38,223.52,106.05,100.08,0.8497,-1,-1,-1
13,19,1878.38,1.59,31.88,92.71,1.0000,-1,-1,-1
13,21,1271.85,440.86,65.91,58.88,0.2070,-1,-1,-1
13,22,1488.36,709.88,62.33,65.46,0.0457,-1,-1,-1
13,23,1486.94,715.95,56.27,52.64,1.0000,-1,-1,-1
13,30,1494.03,478.91,121.06,121.42,0.4840,-1,-1,-1
14,1,1235.84,764.35,70.99,65.64,1.0000,-1,-1,-1
14,2,1441.90,-4.12,79.84,72.36,0.8085,-1,-1,-1
14,3,1302.94,253.97,79.45,68.70,0.3607,-1,-1,-1
14,4,1458.17,596.91,9.75,9.29,1.0000,-1,-1,-1
14,5,1162.05,408.82,120.46,112.36,0.8333,-1,-1,-1
14,6,1587.26,359.21,80.39,76.48,0.8128,-1,-1,-1
14,7,1012.24,741.75,89.74,87.11,0.4664,-1,-1,-1
14,8,1067.22,276.67,97.51,83.70,0.8802,-1,-1,-1
14,9,1213.48,628.58,93.34,88.90,0.6612,-1,-1,-1
14,10,1305.86,580.70,80.42,76.50,0.8029,-1,-1,-1
14,11,1324.91,248.33,74.61,71.05,1.0000,-1,-1,-1
14,15,1424.57,760.08,24.38,15.43,1.0000,-1,-1,-1
14,17,1217.57,660.06,173.44,136.66,1.0000,-1,-1,-1
14,18,1372.18,205.85,106.36,100.28,0.8482,-1,-1,-1
14,19,1877.68,1.55,31.80,92.48,1.0000,-1,-1,-1
14,21,1268.55,428.48,67.96,61.27,0.3232,-1,-1,-1
14,22,1491.91,712.15,53.70,55.45,0.0255,-1,-1,-1
14,23,1492.32,714.91,55.91,52.31,1.0000,-1,-1,-1
14,30,1495.93,455.01,118.12,118.23,0.5850,-1,-1,-1
15,1,1235.04,785.27,70.12,64.84,1.0000,-1,-1,-1
15,2,1443.73,-3.96,71.10,62.08,0.8073,-1,-1,-1
15,3,1302.20,246.63,78.78,67.51,0.5958,-1,-1,-1
15,4,1462.97,617.01,3.37,3.21,1.0000,-1,-1,-1
15,5,1160.32,438.61,120.46,113.42,0.7895,-1,-1,-1
15,6,1585.08,346.92,80.67,76.91,0.8376,-1,-1,-1
15,7,1009.20,765.67,89.37,86.75,1.0000,-1,-1,-1
15,8,1065.13,297.53,99.82,86.13,0.8590,-1,-1,-1
15,9,1215.80,656.36,87.46,83.14,0.7063,-1,-1,-1
15,10,1304.98,572.65,80.39,76.47,0.8112,-1,-1,-1
15,11,1321.96,238.98,75.55,71.94,1.0000,-1,-1,-1
15,15,1426.09,760.31,23.83,15.08,1.0000,-1,-1,-1
15,17,1221.14,662.84,174.13,137.20,1.0000,-1,-1,-1
15,18,1369.52,190.16,105.13,99.16,0.8520,-1,-1,-1
15,19,1876.97,1.50,31.72,92.25,1.0000,-1,-1,-1
15,21,1268.31,420.18,64.62,58.39,0.3879,-1,-1,-1
15,22,1491.85,713.37,46.83,48.36,1.0000,-1,-1,-1
15,23,1497.70,713.87,55.55,51.97,1.0000,-1,-1,-1
15,30,1495.87,431.95,116.67,116.64,0.7500,-1,-1,-1
15,35,1411.45,730.56,94.61,96.41,0.1561,-1,-1,-1
15,38,1409.60,427.86,81.62,84.36,0.7411,-1,-1,-1
16,1,1234.25,806.20,69.25,64.03,1.0000,-1,-1,-1
16,2,1444.63,-2.62,63.29,52.91,0.7473,-1,-1,-1
16,3,1299.27,237.65,80.55,68.32,0.6742,-1,-1,-1
16,4,1467.77,637.11,-3.01,-2.87,1.0000,-1,-1,-1
16,5,1158.54,470.86,119.19,112.88,0.7741,-1,-1,-1
16,6,1583.09,334.78,80.09,76.48,0.8357,-1,-1,-1
16,7,1006.16,789.58,89.00,86.39,1.0000,-1,-1,-1
16,8,1063.34,320.37,100.05,87.10,0.8047,-1,-1,-1
16,9,1216.96,683.22,87.40,83.44,0.7248,-1,-1,-1
16,10,1303.51,564.62,80.15,75.99,0.7479,-1,-1,-1
16,11,1319.02,229.63,76.48,72.83,1.0000,-1,-1,-1
16,15,1427.61,760.54,23.28,14.73,1.0000,-1,-1,-1
16,17,1224.70,665.62,174.81,137.74,1.0000,-1,-1,-1
16,18,1366.57,174.75,103.87,97.83,0.8747,-1,-1,-1
16,19,1876.27,1.45,31.65,92.03,1.0000,-1,-1,-1
16,21,1267.39,410.93,63.20,57.09,0.2494,-1,-1,-1
16,22,1491.79,714.59,39.97,41.27,1.0000,-1,-1,-1
16,23,1503.09,712.83,55.19,51.64,1.0000,-1,-1,-1
16,30,1493.86,408.93,116.21,116.33,0.8127,-1,-1,-1
16,35,1411.24,718.05,92.51,94.15,0.1190,-1,-1,-1
16,38,1405.64,412.94,79.90,82.29,0.7692,-1,-1,-1
16,41,774.89,0.81,106.38,29.34,0.7340,-1,-1,-1
17,1,1233.45,827.12,68.38,63.23,1.0000,-1,-1,-1
17,2,1445.05,-1.35,54.82,43.08,0.7153,-1,-1,-1
17,3,1294.44,228.81,84.73,71.78,0.6526,-1,-1,-1
17,4,1472.57,657.21,-9.39,-8.95,1.0000,-1,-1,-1
17,5,1157.29,500.91,119.23,113.64,0.5621,-1,-1,-1
17,6,1581.51,324.10,79.04,75.55,0.8800,-1,-1,-1
17,7,1003.12,813.50,88.63,86.03,1.0000,-1,-1,-1
17,8,1059.40,344.12,101.67,89.66,0.7897,-1,-1,-1
17,9,1217.93,711.72,84.39,80.36,0.7303,-1,-1,-1
17,10,1302.59,556.71,81.00,76.21,0.7255,-1,-1,-1
17,11,1316.07,220.28,77.42,73.72,1.0000,-1,-1,-1
17,15,1429.13,760.77,22.72,14.38,1.0000,-1,-1,-1
17,17,1228.26,668.40,175.50,138.28,1.0000,-1,-1,-1
17,18,1361.60,156.30,106.78,100.93,0.8552,-1,-1,-1
17,19,1875.57,1.40,31.57,91.80,1.0000,-1,-1,-1
17,21,1264.31,402.40,64.24,58.59,0.4456,-1,-1,-1
17,22,1491.72,715.81,33.10,34.18,1.0000,-1,-1,-1
17,23,1508.47,711.79,54.83,51.30,1.0000,-1,-1,-1
17,30,1492.25,387.16,115.41,115.72,0.8386,-1,-1,-1
17,35,1412.69,698.45,87.85,89.06,0.3210,-1,-1,-1
17,38,1402.10,397.64,80.19,82.27,0.8293,-1,-1,-1
17,41,752.92,0.47,141.79,39.92,0.7955,-1,-1,-1
17,43,1009.55,674.04,90.91,86.62,0.7522,-1,-1,-1
17,45,1551.23,3.65,543.73,197.16,0.7384,-1,-1,-1
18,1,1232.66,848.04,67.51,62.42,1.0000,-1,-1,-1
18,2,1443.61,-0.95,47.90,35.45,0.4400,-1,-1,-1
18,3,1292.20,221.57,81.01,68.36,0.4049,-1,-1,-1
18,4,1477.37,677.31,-15.77,-15.04,1.0000,-1,-1,-1
18,5,1154.15,530.28,120.83,116.26,0.7187,-1,-1,-1
18,6,1580.82,312.71,78.48,75.15,0.8291,-1,-1,-1
18,7,1000.09,837.42,88.26,85.67,1.0000,-1,-1,-1
18,8,1059.79,369.29,98.61,87.95,0.6486,-1,-1,-1
18,9,1214.30,736.93,84.79,80.13,0.3746,-1,-1,-1
18,10,1299.83,545.43,84.40,79.54,0.5652,-1,-1,-1
18,11,1313.13,210.93,78.35,74.61,1.0000,-1,-1,-1
18,15,1430.65,761.00,22.17,14.03,1.0000,-1,-1,-1
18,17,1231.83,671.18,176.18,138.82,1.0000,-1,-1,-1
18,18,1358.59,140.93,105.76,100.36,0.8659,-1,-1,-1
18,19,1874.87,1.35,31.49,91.57,1.0000,-1,-1,-1
18,21,1261.35,393.40,64.20,58.64,0.5062,-1,-1,-1
18,22,1491.66,717.03,26.24,27.09,1.0000,-1,-1,-1
18,23,1513.85,710.75,54.47,50.97,1.0000,-1,-1,-1
18,30,1490.90,365.86,113.47,113.85,0.8553,-1,-1,-1
18,35,1412.86,693.91,85.54,86.72,1.0000,-1,-1,-1
18,38,1399.35,383.71,79.94,81.70,0.8381,-1,-1,-1
18,41,728.10,0.62,181.67,52.67,0.8702,-1,-1,-1
18,43,1008.05,652.24,93.02,88.80,0.6146,-1,-1,-1
18,45,1520.16,3.73,615.36,223.14,1.0000,-1,-1,-1
19,1,1231.87,868.97,66.64,61.62,1.0000,-1,-1,-1
19,2,1443.63,-0.50,40.44,27.74,0.1361,-1,-1,-1
19,3,1290.28,214.49,80.89,67.85,0.6165,-1,-1,-1
19,4,1400.82,647.84,100.86,97.16,0.4890,-1,-1,-1
19,5,1150.84,561.21,123.69,120.22,0.7036,-1,-1,-1
19,6,1578.93,300.95,78.56,75.59,0.8505,-1,-1,-1
19,7,997.05,861.34,87.89,85.31,1.0000,-1,-1,-1
19,8,1059.25,393.51,98.96,89.07,0.7277,-1,-1,-1
19,9,1212.87,744.36,85.40,80.48,0.7633,-1,-1,-1
19,10,1298.04,537.77,85.91,81.05,0.6247,-1,-1,-1
19,11,1310.19,201.58,79.28,75.50,1.0000,-1,-1,-1
19,15,1432.17,761.22,21.61,13.68,1.0000,-1,-1,-1
19,17,1235.39,673.96,176.87,139.36,1.0000,-1,-1,-1
19,18,1355.11,125.14,105.15,99.92,0.8309,-1,-1,-1
19,19,1874.16,1.30,31.41,91.35,1.0000,-1,-1,-1
19,21,1258.95,385.18,62.37,56.94,0.7980,-1,-1,-1
19,22,1491.60,718.24,19.37,20.00,1.0000,-1,-1,-1
19,23,1519.23,709.71,54.12,50.63,1.0000,-1,-1,-1
19,30,1490.08,345.13,111.21,111.37,0.8838,-1,-1,-1
19,35,1413.02,689.36,83.23,84.38,1.0000,-1,-1,-1
19,38,1396.38,369.67,80.04,81.32,0.8658,-1,-1,-1
19,41,706.98,2.14,213.69,64.12,0.8355,-1,-1,-1
19,43,1007.56,633.53,92.05,87.82,0.6088,-1,-1,-1
19,45,1489.09,3.80,686.98,249.11,1.0000,-1,-1,-1
19,48,1223.18,641.76,78.46,70.23,0.5363,-1,-1,-1
19,50,1788.05,27.00,161.96,357.43,0.5058,-1,-1,-1
20,1,1231.07,889.89,65.77,60.81,1.0000,-1,-1,-1
20,2,1444.11,-3.34,31.80,21.81,1.0000,-1,-1,-1
20,3,1286.53,206.01,84.73,71.12,0.6337,-1,-1,-1
20,4,1400.19,645.18,101.04,97.66,0.1742,-1,-1,-1
20,5,1156.95,595.37,123.06,117.76,0.6973,-1,-1,-1
20,6,1578.04,290.46,77.28,74.45,0.8505,-1,-1,-1
20,7,994.01,885.26,87.52,84.95,1.0000,-1,-1,-1
20,8,1057.50,419.19,99.09,90.17,0.6812,-1,-1,-1
20,9,1212.62,768.24,85.18,80.27,1.0000,-1,-1,-1
20,10,1293.52,531.63,85.98,79.48,0.7229,-1,-1,-1
20,11,1307.24,192.23,80.22,76.38,1.0000,-1,-1,-1
20,15,1433.68,761.45,21.06,13.33,1.0000,-1,-1,-1
20,17,1238.96,676.74,177.56,139.90,1.0000,-1,-1,-1
20,18,1351.24,110.01,104.10,98.86,0.8534,-1,-1,-1
20,19,1873.46,1.25,31.33,91.12,1.0000,-1,-1,-1
20,21,1257.57,376.85,61.96,56.46,0.8153,-1,-1,-1
20,22,1491.53,719.46,12.51,12.92,1.0000,-1,-1,-1
20,23,1524.62,708.67,53.76,50.30,1.0000,-1,-1,-1
20,30,1488.20,324.02,112.51,112.61,0.8675,-1,-1,-1
20,35,1413.19,684.82,80.93,82.04,1.0000,-1,-1,-1
20,38,1393.03,355.48,80.90,81.65,0.8297,-1,-1,-1
20,41,693.73,2.38,234.40,70.33,1.0000,-1,-1,-1
20,43,1005.19,613.96,93.02,88.57,0.1295,-1,-1,-1
20,45,1458.01,3.87,758.61,275.08,1.0000,-1,-1,-1
20,48,1220.37,617.15,88.55,80.29,0.0272,-1,-1,-1
20,50,1799.52,37.49,164.93,363.99,1.0000,-1,-1,-1
20,52,1113.03,0.65,121.07,43.33,0.8001,-1,-1,-1
21,1,1230.28,910.81,64.90,60.01,1.0000,-1,-1,-1
21,2,1444.59,-6.19,23.15,15.88,1.0000,-1,-1,-1
21,3,1283.89,199.40,85.62,72.09,0.5549,-1,-1,-1
21,4,1399.80,661.80,102.48,99.06,1.0000,-1,-1,-1
21,5,1148.51,626.57,128.36,124.11,0.4938,-1,-1,-1
21,6,1577.25,280.77,75.74,73.03,0.8673,-1,-1,-1
21,7,990.97,909.18,87.15,84.59,1.0000,-1,-1,-1
21,8,1055.51,443.36,102.96,93.97,0.7177,-1,-1,-1
21,9,1212.37,792.13,84.95,80.06,1.0000,-1,-1,-1
21,10,1288.34,522.26,89.76,81.80,0.6914,-1,-1,-1
21,11,1304.30,182.88,81.15,77.27,1.0000,-1,-1,-1
21,15,1435.20,761.68,20.51,12.98,1.0000,-1,-1,-1
21,17,1242.52,679.52,178.24,140.44,1.0000,-1,-1,-1
21,18,1348.71,97.03,102.58,96.98,0.8438,-1,-1,-1
21,19,1872.76,1.20,31.26,90.89,1.0000,-1,-1,-1
21,21,1254.50,368.13,62.34,56.77,0.5364,-1,-1,-1
21,22,1491.47,720.68,5.64,5.83,1.0000,-1,-1,-1
21,23,1530.00,707.64,53.40,49.96,1.0000,-1,-1,-1
21,30,1486.48,304.32,112.78,112.93,0.8687,-1,-1,-1
21,35,1413.36,680.27,78.62,79.70,1.0000,-1,-1,-1
21,38,1390.40,342.70,81.05,81.39,0.8342,-1,-1,-1
21,41,680.49,2.61,255.11,76.54,1.0000,-1,-1,-1
21,43,1008.50,597.33,88.85,84.27,0.3998,-1,-1,-1
21,45,1426.94,3.95,830.23,301.05,1.0000,-1,-1,-1
21,48,1221.73,604.85,78.23,71.32,0.6516,-1,-1,-1
21,50,1810.99,47.99,167.90,370.55,1.0000,-1,-1,-1
21,52,1096.01,0.91,158.11,57.70,0.8273,-1,-1,-1
22,1,1229.48,931.74,64.03,59.20,1.0000,-1,-1,-1
22,2,1445.07,-9.03,14.51,9.95,1.0000,-1,-1,-1
22,3,1280.36,191.79,86.69,73.26,0.7941,-1,-1,-1
22,4,1399.42,678.42,103.93,100.46,1.0000,-1,-1,-1
22,5,1156.02,659.14,126.91,119.99,0.5986,-1,-1,-1
22,6,1576.11,271.48,74.30,71.60,0.8414,-1,-1,-1
22,7,987.93,933.10,86.78,84.23,1.0000,-1,-1,-1
22,8,1054.47,471.53,101.17,92.66,0.5989,-1,-1,-1
22,9,1212.11,816.02,84.73,79.85,1.0000,-1,-1,-1
22,10,1289.20,516.40,88.58,79.44,0.2794,-1,-1,-1
22,11,1301.35,173.53,82.09,78.16,1.0000,-1,-1,-1
22,15,1436.72,761.91,19.95,12.63,1.0000,-1,-1,-1
22,17,1246.09,682.30,178.93,140.99,1.0000,-1,-1,-1
22,18,1344.75,83.94,103.03,96.96,0.8521,-1,-1,-1
22,19,1872.06,1.15,31.18,90.67,1.0000,-1,-1,-1
22,21,1252.74,361.13,60.82,55.26,0.6163,-1,-1,-1
22,22,1491.41,721.90,-1.22,-1.26,1.0000,-1,-1,-1
22,23,1535.38,706.60,53.04,49.62,1.0000,-1,-1,-1
22,30,1485.51,286.92,111.15,111.07,0.8633,-1,-1,-1
22,35,1413.53,675.73,76.31,77.36,1.0000,-1,-1,-1
22,38,1388.95,330.98,80.72,80.71,0.8582,-1,-1,-1
22,41,667.25,2.85,275.82,82.76,1.0000,-1,-1,-1
22,43,1009.35,580.07,87.97,83.07,0.0155,-1,-1,-1
22,45,1395.87,4.02,901.86,327.03,1.0000,-1,-1,-1
22,48,1221.96,590.55,75.33,68.65,0.2179,-1,-1,-1
22,50,1822.45,58.48,170.87,377.10,1.0000,-1,-1,-1
22,52,1079.20,2.37,194.25,72.74,0.8196,-1,-1,-1
22,56,753.02,33.86,87.70,73.29,0.8246,-1,-1,-1
23,1,1228.69,952.66,63.16,58.40,1.0000,-1,-1,-1
23,2,1445.55,-11.87,5.86,4.02,1.0000,-1,-1,-1
23,3,1276.78,183.31,89.23,75.52,0.5734,-1,-1,-1
23,4,1399.03,695.05,105.37,101.85,1.0000,-1,-1,-1
23,5,1146.57,692.85,125.32,118.64,0.0234,-1,-1,-1
23,6,1573.88,259.75,75.89,73.73,0.8389,-1,-1,-1
23,7,984.89,957.01,86.41,83.87,1.0000,-1,-1,-1
23,8,1053.79,500.05,97.62,89.87,0.6020,-1,-1,-1
23,9,1211.86,839.90,84.51,79.64,1.0000,-1,-1,-1
23,10,1287.37,511.20,88.61,78.18,0.2012,-1,-1,-1
23,11,1298.41,164.18,83.02,79.05,1.0000,-1,-1,-1
23,15,1438.24,762.13,19.40,12.28,1.0000,-1,-1,-1
23,17,1249.65,685.08,179.61,141.53,1.0000,-1,-1,-1
23,18,1341.37,70.88,103.68,96.98,0.8607,-1,-1,-1
23,19,1871.36,1.10,31.10,90.44,1.0000,-1,-1,-1
23,21,1249.12,351.16,62.92,56.90,0.2458,-1,-1,-1
23,22,1491.34,723.12,-8.09,-8.35,1.0000,-1,-1,-1
23,23,1540.76,705.56,52.68,49.29,1.0000,-1,-1,-1
23,30,1484.43,268.85,108.87,108.58,0.8552,-1,-1,-1
23,35,1413.70,671.18,74.01,75.03,1.0000,-1,-1,-1
23,38,1387.57,319.62,80.32,79.96,0.8601,-1,-1,-1
23,41,654.01,3.08,296.53,88.97,1.0000,-1,-1,-1
23,43,1005.15,559.98,91.14,86.25,0.7331,-1,-1,-1
23,45,1364.79,4.10,973.48,353.00,1.0000,-1,-1,-1
23,48,1222.62,575.48,75.55,68.75,0.1793,-1,-1,-1
23,50,1833.92,68.98,173.84,383.66,1.0000,-1,-1,-1
23,52,1072.52,9.52,210.36,81.15,0.8123,-1,-1,-1
23,56,745.26,44.25,91.42,76.56,0.8557,-1,-1,-1
23,62,1391.50,574.49,97.78,93.96,0.6289,-1,-1,-1
24,1,1227.89,973.59,62.29,57.59,1.0000,-1,-1,-1
24,2,1446.03,-14.71,-2.78,-1.91,1.0000,-1,-1,-1
24,3,1277.31,178.31,85.73,72.39,0.4091,-1,-1,-1
24,4,1398.65,711.67,106.82,103.25,1.0000,-1,-1,-1
24,5,1140.88,728.29,122.54,116.05,0.2633,-1,-1,-1
24,6,1572.15,251.01,74.78,72.96,0.8275,-1,-1,-1
24,7,981.86,980.93,86.04,83.51,1.0000,-1,-1,-1
24,8,1055.00,524.66,97.21,90.54,0.1020,-1,-1,-1
24,9,1211.61,863.79,84.29,79.44,1.0000,-1,-1,-1
24,10,1287.95,504.04,88.72,78.01,0.2508,-1,-1,-1
24,11,1295.46,154.83,83.95,79.94,1.0000,-1,-1,-1
24,15,1439.76,762.36,18.85,11.93,1.0000,-1,-1,-1
24,17,1253.22,687.87,180.30,142.07,1.0000,-1,-1,-1
24,18,1337.32,58.74,103.29,96.46,0.8488,-1,-1,-1
24,19,1870.65,1.06,31.02,90.21,1.0000,-1,-1,-1
24,21,1247.22,342.97,63.72,57.50,0.6604,-1,-1,-1
24,22,1491.28,724.34,-14.95,-15.44,1.0000,-1,-1,-1
24,23,1546.15,704.52,52.32,48.95,1.0000,-1,-1,-1
24,30,1481.86,251.35,107.42,106.53,0.8382,-1,-1,-1
24,35,1413.87,666.64,71.70,72.69,1.0000,-1,-1,-1
24,38,1386.42,308.55,79.69,79.04,0.8515,-1,-1,-1
24,41,640.76,3.32,317.24,95.19,1.0000,-1,-1,-1
24,43,996.68,543.75,93.58,89.54,0.1503,-1,-1,-1
24,45,1333.72,4.17,1045.11,378.97,1.0000,-1,-1,-1
24,48,1219.67,563.60,78.54,71.90,0.0269,-1,-1,-1
24,50,1845.39,79.47,176.82,390.22,1.0000,-1,-1,-1
24,52,1072.31,21.89,214.64,85.53,0.8328,-1,-1,-1
24,56,739.60,57.92,92.23,77.41,0.8414,-1,-1,-1
24,62,1387.95,554.09,98.67,95.04,0.0847,-1,-1,-1
25,1,1227.10,994.51,61.42,56.79,1.0000,-1,-1,-1
25,2,1446.51,-17.56,-11.43,-7.84,1.0000,-1,-1,-1
25,3,1276.14,171.96,84.74,71.68,0.5399,-1,-1,-1
25,4,1398.26,728.29,108.26,104.65,1.0000,-1,-1,-1
25,5,1139.31,740.71,121.17,115.08,0.2788,-1,-1,-1
25,6,1571.03,241.35,74.24,72.78,0.8150,-1,-1,-1
25,7,978.82,1004.85,85.67,83.15,1.0000,-1,-1,-1
25,8,1061.03,544.02,98.66,92.82,0.4328,-1,-1,-1
25,9,1211.36,887.68,84.07,79.23,1.0000,-1,-1,-1
25,10,1293.92,497.56,85.37,75.24,0.5449,-1,-1,-1
25,11,1292.52,145.48,84.89,80.83,1.0000,-1,-1,-1
25,15,1441.28,762.59,18.29,11.58,1.0000,-1,-1,-1
25,17,1256.78,690.65,180.99,142.61,1.0000,-1,-1,-1
25,18,1334.97,46.61,101.80,94.66,0.8171,-1,-1,-1
25,19,1869.95,1.01,30.94,89.99,1.0000,-1,-1,-1
25,21,1247.44,336.87,61.98,55.74,0.4221,-1,-1,-1
25,22,1491.22,725.55,-21.82,-22.53,1.0000,-1,-1,-1
25,23,1551.53,703.48,51.96,48.62,1.0000,-1,-1,-1
25,30,1479.78,235.60,107.40,106.14,0.8439,-1,-1,-1
25,35,1414.04,662.10,69.39,70.35,1.0000,-1,-1,-1
25,38,1384.57,297.51,79.52,78.55,0.8594,-1,-1,-1
25,41,627.52,3.56,337.95,101.40,1.0000,-1,-1,-1
25,43,991.54,534.45,94.56,91.29,0.6004,-1,-1,-1
25,45,1302.65,4.24,1116.73,404.94,1.0000,-1,-1,-1
25,48,1218.43,549.01,75.76,69.64,0.0174,-1,-1,-1
25,50,1856.86,89.97,179.79,396.77,1.0000,-1,-1,-1
25,52,1071.84,34.80,218.69,90.25,0.8233,-1,-1,-1
25,56,734.91,70.40,93.92,78.98,0.8530,-1,-1,-1
25,62,1385.47,540.47,98.69,95.05,1.0000,-1,-1,-1
25,65,1213.83,621.34,83.04,79.08,0.5708,-1,-1,-1
26,1,1226.31,1015.43,60.55,55.98,1.0000,-1,-1,-1
26,2,1446.99,-20.40,-20.07,-13.77,1.0000,-1,-1,-1
26,3,1276.06,166.54,81.62,69.44,0.3911,-1,-1,-1
26,4,1397.88,744.91,109.71,106.04,1.0000,-1,-1,-1
26,5,1137.43,768.96,121.40,115.30,1.0000,-1,-1,-1
26,6,1569.76,232.90,73.00,71.65,0.8208,-1,-1,-1
26,7,975.78,1028.77,85.29,82.79,1.0000,-1,-1,-1
26,8,1070.12,561.59,95.16,89.93,0.0653,-1,-1,-1
26,9,1211.10,911.57,83.85,79.02,1.0000,-1,-1,-1
26,10,1287.29,490.43,88.71,77.39,0.5651,-1,-1,-1
26,11,1289.57,136.14,85.82,81.72,1.0000,-1,-1,-1
26,15,1442.80,762.82,17.74,11.23,1.0000,-1,-1,-1
26,17,1260.34,693.43,181.67,143.15,1.0000,-1,-1,-1
26,18,1330.82,34.44,103.01,95.79,0.8579,-1,-1,-1
26,19,1869.25,0.96,30.87,89.76,1.0000,-1,-1,-1
26,21,1245.56,329.34,62.42,56.17,0.1698,-1,-1,-1
26,22,1491.16,726.77,-28.68,-29.61,1.0000,-1,-1,-1
26,23,1556.91,702.44,51.60,48.28,1.0000,-1,-1,-1
26,30,1476.52,218.90,106.72,105.48,0.8505,-1,-1,-1
26,35,1414.20,657.55,67.08,68.01,1.0000,-1,-1,-1
26,38,1381.98,286.34,79.91,78.53,0.8604,-1,-1,-1
26,41,614.28,3.79,358.66,107.61,1.0000,-1,-1,-1
26,43,988.75,527.87,88.27,85.13,0.0370,-1,-1,-1
26,45,1271.57,4.32,1188.36,430.91,1.0000,-1,-1,-1
26,48,1215.97,534.86,74.37,68.56,0.0772,-1,-1,-1
26,50,1868.32,100.46,182.76,403.33,1.0000,-1,-1,-1
26,52,1076.42,49.94,212.66,91.08,0.8090,-1,-1,-1
26,56,728.42,83.44,96.16,80.95,0.8188,-1,-1,-1
26,62,1384.36,519.79,93.91,90.24,0.0109,-1,-1,-1
26,65,1213.69,601.84,82.06,78.20,0.6142,-1,-1,-1
27,1,1225.51,1036.36,59.67,55.18,1.0000,-1,-1,-1
27,2,1447.47,-23.24,-28.72,-19.69,1.0000,-1,-1,-1
27,3,1272.05,160.21,85.48,73.29,0.5892,-1,-1,-1
27,4,1397.49,761.53,111.15,107.44,1.0000,-1,-1,-1
27,5,1135.55,797.20,121.63,115.51,1.0000,-1,-1,-1
27,6,1569.46,224.95,71.06,69.96,0.8315,-1,-1,-1
27,7,972.74,1052.69,84.92,82.43,1.0000,-1,-1,-1
27,8,1070.57,583.95,95.49,90.25,1.0000,-1,-1,-1
27,9,1210.85,935.45,83.63,78.81,1.0000,-1,-1,-1
27,10,1284.83,483.04,89.49,78.39,0.0473,-1,-1,-1
27,11,1286.63,126.79,86.76,82.61,1.0000,-1,-1,-1
27,15,1444.32,763.05,17.19,10.88,1.0000,-1,-1,-1
27,17,1263.91,696.21,182.36,143.69,1.0000,-1,-1,-1
27,18,1328.99,22.92,101.91,94.37,0.8268,-1,-1,-1
27,19,1868.55,0.91,30.79,89.53,1.0000,-1,-1,-1
27,21,1243.66,320.48,62.06,55.85,1.0000,-1,-1,-1
27,22,1491.09,727.99,-35.55,-36.70,1.0000,-1,-1,-1
27,23,1562.30,701.40,51.25,47.95,1.0000,-1,-1,-1
27,30,1474.70,203.84,105.56,104.37,0.8577,-1,-1,-1
27,35,1414.37,653.01,64.78,65.67,1.0000,-1,-1,-1
27,38,1379.83,275.62,78.84,77.02,0.8526,-1,-1,-1
27,41,601.04,4.03,379.37,113.83,1.0000,-1,-1,-1
27,43,980.57,523.50,85.53,82.47,0.5334,-1,-1,-1
27,45,1240.50,4.39,1259.99,456.89,1.0000,-1,-1,-1
27,48,1213.89,522.73,72.51,66.94,0.6258,-1,-1,-1
27,50,1879.79,110.96,185.73,409.88,1.0000,-1,-1,-1
27,52,1083.18,67.79,203.65,90.63,0.8445,-1,-1,-1
27,56,721.97,97.92,96.24,81.34,0.8270,-1,-1,-1
27,62,1385.08,503.86,89.51,85.70,0.1199,-1,-1,-1
27,65,1214.29,583.62,81.34,77.55,0.7183,-1,-1,-1
28,1,1224.72,1057.28,58.80,54.37,1.0000,-1,-1,-1
28,2,1447.95,-26.08,-37.36,-25.62,1.0000,-1,-1,-1
28,3,1270.27,155.24,85.35,73.64,0.0777,-1,-1,-1
28,4,1397.10,778.15,112.60,108.84,1.0000,-1,-1,-1
28,5,1133.67,825.44,121.86,115.73,1.0000,-1,-1,-1
28,6,1566.85,215.25,71.95,70.87,0.7749,-1,-1,-1
28,7,969.70,1076.61,84.55,82.07,1.0000,-1,-1,-1
28,8,1081.44,594.11,104.60,99.70,0.0701,-1,-1,-1
28,9,1210.60,959.34,83.41,78.60,1.0000,-1,-1,-1
28,10,1284.10,474.75,88.83,78.26,0.1411,-1,-1,-1
28,11,1283.68,117.44,87.69,83.50,1.0000,-1,-1,-1
28,15,1445.83,763.27,16.63,10.53,1.0000,-1,-1,-1
28,17,1267.47,698.99,183.04,144.23,1.0000,-1,-1,-1
28,18,1323.81,11.05,102.94,95.02,0.8527,-1,-1,-1
28,19,1867.84,0.86,30.71,89.31,1.0000,-1,-1,-1
28,21,1241.75,311.63,61.71,55.53,1.0000,-1,-1,-1
28,22,1491.03,729.21,-42.41,-43.79,1.0000,-1,-1,-1
28,23,1567.68,700.36,50.89,47.61,1.0000,-1,-1,-1
28,30,1472.00,187.47,106.33,104.83,0.8125,-1,-1,-1
28,35,1414.54,648.46,62.47,63.33,1.0000,-1,-1,-1
28,38,1377.79,265.81,77.55,75.31,0.8414,-1,-1,-1
28,41,587.79,4.27,400.08,120.04,1.0000,-1,-1,-1
28,43,968.89,517.31,85.33,82.67,0.5971,-1,-1,-1
28,45,1209.43,4.46,1331.61,482.86,1.0000,-1,-1,-1
28,48,1215.54,510.49,69.02,63.43,0.0149,-1,-1,-1
28,50,1891.26,121.45,188.70,416.44,1.0000,-1,-1,-1
28,52,1087.00,84.61,199.29,92.35,0.8405,-1,-1,-1
28,56,715.79,112.31,96.23,81.71,0.8450,-1,-1,-1
28,62,1383.07,489.05,83.80,79.81,0.3560,-1,-1,-1
28,65,1213.36,564.22,83.16,79.31,0.6745,-1,-1,-1
28,69,1138.96,661.83,111.61,111.43,0.6348,-1,-1,-1
29,1,1223.92,1078.20,57.93,53.57,1.0000,-1,-1,-1
29,2,1448.43,-28.93,-46.01,-31.55,1.0000,-1,-1,-1
29,3,1266.60,148.52,88.31,77.16,0.1077,-1,-1,-1
29,4,1396.72,794.77,114.05,110.24,1.0000,-1,-1,-1
29,5,1131.79,853.68,122.09,115.95,1.0000,-1,-1,-1
29,6,1563.41,205.45,73.46,72.47,0.8319,-1,-1,-1
29,7,966.66,1100.52,84.18,81.71,1.0000,-1,-1,-1
29,8,1092.33,612.19,93.29,89.29,0.0182,-1,-1,-1
29,9,1210.35,983.23,83.18,78.39,1.0000,-1,-1,-1
29,10,1284.24,468.23,88.72,78.81,0.0365,-1,-1,-1
29,11,1280.74,108.09,88.62,84.39,1.0000,-1,-1,-1
29,15,1447.35,763.50,16.08,10.18,1.0000,-1,-1,-1
29,17,1271.04,701.77,183.73,144.77,1.0000,-1,-1,-1
29,18,1322.73,2.94,99.86,91.32,0.8423,-1,-1,-1
29,19,1867.14,0.81,30.63,89.08,1.0000,-1,-1,-1
29,21,1237.32,306.74,63.77,57.90,0.0269,-1,-1,-1
29,22,1490.97,730.43,-49.28,-50.88,1.0000,-1,-1,-1
29,23,1573.06,699.32,50.53,47.28,1.0000,-1,-1,-1
29,30,1471.19,175.56,103.84,101.92,0.8288,-1,-1,-1
29,35,1414.71,643.92,60.16,60.99,1.0000,-1,-1,-1
29,38,1374.36,255.33,78.24,75.60,0.8268,-1,-1,-1
29,41,574.55,4.50,420.79,126.25,1.0000,-1,-1,-1
29,43,959.12,513.00,86.44,83.65,0.7226,-1,-1,-1
29,45,1178.36,4.54,1403.24,508.83,1.0000,-1,-1,-1
29,48,1214.90,497.59,67.90,62.41,1.0000,-1,-1,-1
29,50,1902.73,131.95,191.67,423.00,1.0000,-1,-1,-1
29,52,1092.88,102.55,190.72,92.09,0.8533,-1,-1,-1
29,56,711.38,127.87,95.74,81.65,0.8255,-1,-1,-1
29,62,1374.16,465.93,90.55,86.20,0.0676,-1,-1,-1
29,65,1210.79,545.98,87.68,84.21,0.2770,-1,-1,-1
29,69,1134.41,636.91,120.56,120.79,0.3276,-1,-1,-1
30,1,1223.13,1099.13,57.06,52.76,1.0000,-1,-1,-1
30,2,1448.91,-31.77,-54.65,-37.48,1.0000,-1,-1,-1
30,3,1265.51,140.70,86.06,75.96,0.4991,-1,-1,-1
30,4,1396.33,811.39,115.49,111.63,1.0000,-1,-1,-1
30,5,1129.92,881.93,122.31,116.16,1.0000,-1,-1,-1
30,6,1561.58,197.53,72.70,71.42,0.8311,-1,-1,-1
30,7,963.62,1124.44,83.81,81.35,1.0000,-1,-1,-1
30,8,1094.73,632.98,93.44,89.42,1.0000,-1,-1,-1
30,9,1210.09,1007.11,82.96,78.18,1.0000,-1,-1,-1
30,10,1282.82,461.10,88.60,79.10,0.0458,-1,-1,-1
30,11,1277.79,98.74,89.56,85.28,1.0000,-1,-1,-1
30,15,1448.87,763.73,15.53,9.83,1.0000,-1,-1,-1
30,17,1274.60,704.55,184.41,145.31,1.0000,-1,-1,-1
30,18,1322.61,-3.50,96.09,87.27,0.8483,-1,-1,-1
30,19,1866.44,0.76,30.56,88.85,1.0000,-1,-1,-1
30,21,1235.13,298.29,63.72,57.86,1.0000,-1,-1,-1
30,22,1490.90,731.64,-56.14,-57.97,1.0000,-1,-1,-1
30,23,1578.44,698.28,50.17,46.94,1.0000,-1,-1,-1
30,30,1469.72,161.11,104.20,101.78,0.8155,-1,-1,-1
30,35,1414.88,639.37,57.86,58.65,1.0000,-1,-1,-1
30,38,1372.60,245.55,78.32,75.42,0.8469,-1,-1,-1
30,41,561.31,4.74,441.50,132.47,1.0000,-1,-1,-1
30,43,952.42,508.88,84.01,81.60,0.7995,-1,-1,-1
30,45,1147.28,4.61,1474.86,534.80,1.0000,-1,-1,-1
30,48,1208.91,490.68,75.30,69.44,0.0135,-1,-1,-1
30,50,1914.20,142.44,194.64,429.55,1.0000,-1,-1,-1
30,52,1096.75,121.82,183.57,92.27,0.8475,-1,-1,-1
30,56,705.77,142.86,97.09,83.06,0.8356,-1,-1,-1
30,62,1371.58,448.69,92.47,87.99,0.2103,-1,-1,-1
30,65,1208.97,528.07,86.95,83.93,0.3594,-1,-1,-1
30,69,1125.92,614.26,115.46,114.55,0.6085,-1,-1,-1
30,70,1202.37,540.84,209.14,248.22,0.3513,-1,-1,-1
31,1,1222.34,1120.05,56.19,51.96,1.0000,-1,-1,-1
31,2,1449.39,-34.61,-63.30,-43.41,1.0000,-1,-1,-1
31,3,1265.30,136.72,84.05,74.46,0.7992,-1,-1,-1
31,4,1395.95,828.01,116.94,113.03,1.0000,-1,-1,-1
31,5,1128.04,910.17,122.54,116.38,1.0000,-1,-1,-1
31,6,1562.16,187.86,73.17,71.67,0.8408,-1,-1,-1
31,7,960.59,1148.36,83.44,80.99,1.0000,-1,-1,-1
31,8,1097.13,653.76,93.58,89.56,1.0000,-1,-1,-1
31,9,1209.84,1031.00,82.74,77.98,1.0000,-1,-1,-1
31,10,1277.28,453.51,90.70,81.55,0.0678,-1,-1,-1
31,11,1274.85,89.39,90.49,86.17,1.0000,-1,-1,-1
31,15,1450.39,763.96,14.97,9.48,1.0000,-1,-1,-1
31,17,1278.17,707.33,185.10,145.85,1.0000,-1,-1,-1
31,18,1324.37,-5.23,86.96,77.34,0.8433,-1,-1,-1
31,19,1865.74,0.71,30.48,88.63,1.0000,-1,-1,-1
31,21,1232.93,289.84,63.68,57.82,1.0000,-1,-1,-1
31,22,1490.84,732.86,-63.01,-65.06,1.0000,-1,-1,-1
31,23,1583.83,697.24,49.81,46.60,1.0000,-1,-1,-1
31,30,1467.93,148.25,104.14,100.99,0.8491,-1,-1,-1
31,35,1415.05,634.83,55.55,56.31,1.0000,-1,-1,-1
31,38,1372.20,236.79,77.49,74.61,0.8618,-1,-1,-1
31,41,548.07,4.98,462.21,138.68,1.0000,-1,-1,-1
31,43,943.62,504.97,84.09,81.60,0.8323,-1,-1,-1
31,45,1116.21,4.69,1546.49,560.78,1.0000,-1,-1,-1
31,48,1207.55,478.56,75.34,69.47,1.0000,-1,-1,-1
31,50,1925.66,152.94,197.61,436.11,1.0000,-1,-1,-1
31,52,1100.97,140.38,180.09,94.25,0.8427,-1,-1,-1
31,56,699.48,158.54,97.89,83.95,0.7899,-1,-1,-1
31,62,1369.90,432.30,90.25,85.57,0.7165,-1,-1,-1
31,65,1210.13,512.37,83.31,80.45,0.7950,-1,-1,-1
31,69,1127.06,589.98,114.09,113.14,0.4177,-1,-1,-1
31,70,1193.74,533.61,216.08,256.49,0.2831,-1,-1,-1
32,1,1221.54,1140.97,55.32,51.15,1.0000,-1,-1,-1
32,2,1449.88,-37.46,-71.94,-49.34,1.0000,-1,-1,-1
32,3,1267.22,134.43,78.20,69.52,0.0360,-1,-1,-1
32,4,1395.56,844.63,118.38,114.43,1.0000,-1,-1,-1
32,5,1126.16,938.41,122.77,116.60,1.0000,-1,-1,-1
32,6,1559.95,177.47,72.81,70.82,0.8379,-1,-1,-1
32,7,957.55,1172.28,83.07,80.63,1.0000,-1,-1,-1
32,8,1123.38,681.40,99.51,95.99,0.8260,-1,-1,-1
32,9,1209.59,1054.89,82.52,77.77,1.0000,-1,-1,-1
32,10,1272.92,441.51,91.76,82.87,0.5571,-1,-1,-1
32,11,1268.70,127.83,64.28,59.88,0.4839,-1,-1,-1
32,15,1451.91,764.18,14.42,9.13,1.0000,-1,-1,-1
32,17,1281.73,710.11,185.79,146.39,1.0000,-1,-1,-1
32,18,1328.96,-4.60,67.91,56.92,0.7992,-1,-1,-1
32,19,1865.04,0.66,30.40,88.40,1.0000,-1,-1,-1
32,21,1230.74,281.40,63.63,57.78,1.0000,-1,-1,-1
32,22,1490.78,734.08,-69.87,-72.15,1.0000,-1,-1,-1
32,23,1589.21,696.20,49.45,46.27,1.0000,-1,-1,-1
32,30,1467.29,127.98,102.46,98.65,0.8354,-1,-1,-1
32,35,1415.22,630.28,53.24,53.98,1.0000,-1,-1,-1
32,38,1371.08,223.16,74.07,70.75,0.8692,-1,-1,-1
32,41,534.82,5.21,482.92,144.90,1.0000,-1,-1,-1
32,43,927.61,496.90,86.42,84.14,0.8266,-1,-1,-1
32,45,1085.14,4.76,1618.11,586.75,1.0000,-1,-1,-1
32,48,1206.19,466.43,75.37,69.51,1.0000,-1,-1,-1
32,50,1937.13,163.43,200.58,442.67,1.0000,-1,-1,-1
32,52,1097.36,148.96,189.52,99.19,1.0000,-1,-1,-1
32,56,690.27,185.62,96.64,82.93,0.8129,-1,-1,-1
32,62,1367.02,406.04,90.10,85.55,0.7818,-1,-1,-1
32,65,1210.64,486.25,80.14,77.64,0.6392,-1,-1,-1
32,69,1125.91,549.76,112.78,111.53,0.4089,-1,-1,-1
32,70,1190.30,524.41,224.24,267.77,0.7806,-1,-1,-1
33,1,1220.75,1161.90,54.45,50.35,1.0000,-1,-1,-1
33,2,1450.36,-40.30,-80.59,-55.27,1.0000,-1,-1,-1
33,3,1265.59,127.91,77.84,69.20,1.0000,-1,-1,-1
33,4,1395.18,861.25,119.83,115.82,1.0000,-1,-1,-1
33,5,1124.28,966.66,123.00,116.81,1.0000,-1,-1,-1
33,6,1558.00,167.33,73.89,71.32,0.8305,-1,-1,-1
33,7,954.51,1196.20,82.70,80.27,1.0000,-1,-1,-1
33,8,1135.51,702.89,100.28,97.17,0.7567,-1,-1,-1
33,9,1209.34,1078.78,82.30,77.56,1.0000,-1,-1,-1
33,10,1273.56,433.52,89.34,81.21,0.6986,-1,-1,-1
33,11,1266.25,122.07,64.75,59.28,0.4772,-1,-1,-1
33,15,1453.43,764.41,13.87,8.78,1.0000,-1,-1,-1
33,17,1285.29,712.89,186.47,146.93,1.0000,-1,-1,-1
33,18,1332.38,-2.68,54.79,42.38,0.7445,-1,-1,-1
33,19,1864.33,0.61,30.32,88.17,1.0000,-1,-1,-1
33,21,1231.61,273.93,65.60,59.53,0.5451,-1,-1,-1
33,22,1490.71,735.30,-76.74,-79.23,1.0000,-1,-1,-1
33,23,1594.59,695.16,49.09,45.93,1.0000,-1,-1,-1
33,30,1464.34,110.67,103.76,99.03,0.8315,-1,-1,-1
33,35,1415.38,625.74,50.93,51.64,1.0000,-1,-1,-1
33,38,1367.24,211.84,74.48,71.05,0.8500,-1,-1,-1
33,41,521.58,5.45,503.63,151.11,1.0000,-1,-1,-1
33,43,917.38,492.07,84.10,81.74,0.8337,-1,-1,-1
33,45,1054.06,4.83,1689.74,612.72,1.0000,-1,-1,-1
33,48,1204.83,454.31,75.41,69.54,1.0000,-1,-1,-1
33,50,1948.60,173.92,203.55,449.22,1.0000,-1,-1,-1
33,52,1093.75,157.54,198.94,104.12,1.0000,-1,-1,-1
33,56,682.99,205.38,98.31,84.75,0.8328,-1,-1,-1
33,62,1363.34,387.57,90.06,85.67,0.8422,-1,-1,-1
33,65,1208.97,466.54,79.30,76.78,0.7918,-1,-1,-1
33,69,1124.49,522.46,113.80,112.54,0.8057,-1,-1,-1
33,70,1186.29,521.19,225.15,270.20,0.2336,-1,-1,-1
34,1,1219.95,1182.82,53.58,49.54,1.0000,-1,-1,-1
34,2,1450.84,-43.14,-89.23,-61.20,1.0000,-1,-1,-1
34,3,1263.95,121.39,77.48,68.89,1.0000,-1,-1,-1
34,4,1394.79,877.87,121.27,117.22,1.0000,-1,-1,-1
34,5,1122.41,994.90,123.23,117.03,1.0000,-1,-1,-1
34,6,1554.78,158.73,73.34,70.47,0.8434,-1,-1,-1
34,7,951.47,1220.12,82.33,79.92,1.0000,-1,-1,-1
34,8,1142.82,723.47,100.58,98.28,0.8108,-1,-1,-1
34,9,1209.08,1102.66,82.08,77.35,1.0000,-1,-1,-1
34,10,1271.23,424.36,93.07,85.47,0.6952,-1,-1,-1
34,11,1263.03,117.03,65.43,59.36,0.7087,-1,-1,-1
34,15,1454.95,764.64,13.31,8.43,1.0000,-1,-1,-1
34,17,1288.86,715.67,187.16,147.47,1.0000,-1,-1,-1
34,18,1333.30,-1.61,46.10,32.58,0.6989,-1,-1,-1
34,21,1229.70,265.57,65.73,59.65,1.0000,-1,-1,-1
34,22,1490.65,736.52,-83.60,-86.32,1.0000,-1,-1,-1
34,23,1599.98,694.13,48.74,45.60,1.0000,-1,-1,-1
34,30,1462.80,98.35,102.37,96.97,0.8204,-1,-1,-1
34,35,1415.55,621.19,48.63,49.30,1.0000,-1,-1,-1
34,38,1363.72,202.71,74.03,70.56,0.8654,-1,-1,-1
34,41,508.34,5.68,524.33,157.32,1.0000,-1,-1,-1
34,43,908.75,488.19,82.96,80.46,0.8350,-1,-1,-1
34,45,1022.99,4.91,1761.36,638.69,1.0000,-1,-1,-1
34,48,1203.40,433.54,58.36,53.47,0.7449,-1,-1,-1
34,50,1960.07,184.42,206.52,455.78,1.0000,-1,-1,-1
34,52,1090.14,166.12,208.37,109.06,1.0000,-1,-1,-1
34,56,676.44,224.80,98.88,85.82,0.8758,-1,-1,-1
34,62,1360.56,372.20,89.19,85.05,0.8641,-1,-1,-1
34,65,1206.66,445.76,80.10,77.80,0.3798,-1,-1,-1
34,69,1122.37,498.40,113.84,112.69,0.7797,-1,-1,-1
34,70,1182.85,518.66,226.50,273.48,0.2143,-1,-1,-1
34,71,1146.35,225.67,97.17,90.74,0.8481,-1,-1,-1
35,1,1219.16,1203.75,52.71,48.74,1.0000,-1,-1,-1
35,2,1451.32,-45.98,-97.88,-67.13,1.0000,-1,-1,-1
35,3,1270.06,129.52,69.53,62.13,0.0747,-1,-1,-1
35,4,1394.41,894.49,122.72,118.62,1.0000,-1,-1,-1
35,5,1120.53,1023.14,123.46,117.25,1.0000,-1,-1,-1
35,6,1553.41,151.92,73.28,70.13,0.8775,-1,-1,-1
35,7,948.43,1244.04,81.96,79.56,1.0000,-1,-1,-1
35,8,1155.75,744.68,94.42,91.34,0.7117,-1,-1,-1
35,9,1208.83,1126.55,81.86,77.14,1.0000,-1,-1,-1
35,10,1270.81,417.22,91.73,84.67,0.8438,-1,-1,-1
35,11,1259.85,111.69,69.04,62.06,0.7242,-1,-1,-1
35,17,1292.42,718.45,187.84,148.01,1.0000,-1,-1,-1
35,18,1335.45,-1.16,36.30,22.80,0.3217,-1,-1,-1
35,21,1227.79,257.21,65.87,59.77,1.0000,-1,-1,-1
35,22,1490.59,737.73,-90.47,-93.41,1.0000,-1,-1,-1
35,23,1605.36,693.09,48.38,45.26,1.0000,-1,-1,-1
35,30,1461.06,86.58,101.53,96.00,0.8439,-1,-1,-1
35,35,1415.72,616.65,46.32,46.96,1.0000,-1,-1,-1
35,38,1361.44,193.50,74.11,70.71,0.8663,-1,-1,-1
35,41,495.09,5.92,545.04,163.54,1.0000,-1,-1,-1
35,43,900.58,485.76,81.49,79.29,0.7984,-1,-1,-1
35,45,991.92,4.98,1832.99,664.66,1.0000,-1,-1,-1
35,48,1199.44,423.08,60.46,55.83,0.2301,-1,-1,-1
35,50,1971.53,194.91,209.49,462.33,1.0000,-1,-1,-1
35,52,1086.53,174.71,217.80,113.99,1.0000,-1,-1,-1
35,56,670.26,242.77,99.89,87.58,0.8593,-1,-1,-1
35,62,1358.87,358.62,87.77,83.54,0.8561,-1,-1,-1
35,65,1208.03,433.24,76.59,74.84,0.6779,-1,-1,-1
35,69,1122.60,479.22,110.22,109.11,0.8071,-1,-1,-1
35,70,1182.52,517.38,225.05,273.29,0.2434,-1,-1,-1
35,71,1149.29,249.65,95.41,89.17,0.8768,-1,-1,-1
36,1,1218.36,1224.67,51.84,47.93,1.0000,-1,-1,-1
36,2,1451.80,-48.83,-106.52,-73.06,1.0000,-1,-1,-1
36,3,1269.23,124.55,68.41,61.12,1.0000,-1,-1,-1
36,4,1394.02,911.11,124.16,120.01,1.0000,-1,-1,-1
36,5,1118.65,1051.39,123.68,117.46,1.0000,-1,-1,-1
36,6,1551.91,145.07,72.51,69.32,0.8919,-1,-1,-1
36,7,945.39,1267.95,81.59,79.20,1.0000,-1,-1,-1
36,8,1164.24,743.88,95.41,91.96,0.7913,-1,-1,-1
36,9,1208.58,1150.44,81.63,76.93,1.0000,-1,-1,-1
36,10,1270.47,411.88,90.84,84.23,0.8618,-1,-1,-1
36,11,1258.11,107.88,67.47,59.96,0.7406,-1,-1,-1
36,17,1295.99,721.23,188.53,148.55,1.0000,-1,-1,-1
36,18,1338.65,-4.97,23.51,14.77,1.0000,-1,-1,-1
36,21,1225.87,248.85,66.00,59.90,1.0000,-1,-1,-1
36,22,1490.52,738.95,-97.33,-100.50,1.0000,-1,-1,-1
36,23,1610.74,692.05,48.02,44.93,1.0000,-1,-1,-1
36,30,1460.89,77.79,99.62,93.53,0.8377,-1,-1,-1
36,35,1415.89,612.11,44.01,44.62,1.0000,-1,-1,-1
36,38,1360.36,186.01,72.74,69.31,0.8495,-1,-1,-1
36,41,481.85,6.16,565.75,169.75,1.0000,-1,-1,-1
36,43,894.32,483.43,80.20,78.31,0.8359,-1,-1,-1
36,45,960.84,5.05,1904.61,690.64,1.0000,-1,-1,-1
36,48,1197.73,410.44,59.34,54.80,1.0000,-1,-1,-1
36,50,1983.00,205.41,212.46,468.89,1.0000,-1,-1,-1
36,52,1082.91,183.29,227.23,118.93,1.0000,-1,-1,-1
36,56,663.69,261.78,99.43,87.74,0.8783,-1,-1,-1
36,62,1356.75,344.88,87.04,82.50,0.8500,-1,-1,-1
36,65,1202.75,414.32,80.01,78.31,0.5720,-1,-1,-1
36,69,1121.66,458.14,109.10,108.16,0.7868,-1,-1,-1
36,70,1181.50,517.04,222.54,272.06,0.0604,-1,-1,-1
36,71,1150.55,273.72,94.14,88.13,0.8640,-1,-1,-1
36,73,1280.48,145.66,58.28,48.61,0.6421,-1,-1,-1
37,1,1217.57,1245.59,50.97,47.13,1.0000,-1,-1,-1
37,2,1452.28,-51.67,-115.17,-78.98,1.0000,-1,-1,-1
37,3,1268.39,119.59,67.29,60.12,1.0000,-1,-1,-1
37,4,1393.64,927.73,125.61,121.41,1.0000,-1,-1,-1
37,5,1116.77,1079.63,123.91,117.68,1.0000,-1,-1,-1
37,6,1550.29,137.79,72.31,69.03,0.8866,-1,-1,-1
37,7,942.36,1291.87,81.22,78.84,1.0000,-1,-1,-1
37,8,1170.91,762.81,95.53,92.07,1.0000,-1,-1,-1
37,9,1208.32,1174.32,81.41,76.72,1.0000,-1,-1,-1
37,10,1268.52,404.73,92.36,85.94,0.7854,-1,-1,-1
37,11,1255.67,102.71,69.23,60.94,0.7143,-1,-1,-1
37,17,1167.14,714.81,117.39,97.35,0.6399,-1,-1,-1
37,18,1341.84,-8.78,10.72,6.73,1.0000,-1,-1,-1
37,21,1223.21,255.53,59.31,53.54,0.3272,-1,-1,-1
37,22,1490.46,740.17,-104.20,-107.59,1.0000,-1,-1,-1
37,23,1616.12,691.01,47.66,44.59,1.0000,-1,-1,-1
37,30,1459.58,67.15,98.99,92.21,0.8136,-1,-1,-1
37,35,1416.06,607.56,41.71,42.28,1.0000,-1,-1,-1
37,38,1358.47,177.78,73.72,69.93,0.8662,-1,-1,-1
37,41,468.61,6.39,586.46,175.97,1.0000,-1,-1,-1
37,43,886.30,480.80,80.49,79.08,0.8431,-1,-1,-1
37,45,929.77,5.13,1976.24,716.61,1.0000,-1,-1,-1
37,48,1196.02,397.80,58.23,53.77,1.0000,-1,-1,-1
37,50,1994.47,215.90,215.44,475.45,1.0000,-1,-1,-1
37,52,1079.30,191.87,236.66,123.86,1.0000,-1,-1,-1
37,56,660.13,280.80,97.63,86.73,0.8275,-1,-1,-1
37,62,1352.98,331.15,86.68,82.12,0.8296,-1,-1,-1
37,65,1198.99,400.57,81.63,79.72,0.6793,-1,-1,-1
37,69,1119.21,438.83,109.51,108.79,0.7808,-1,-1,-1
37,70,1179.83,517.70,221.26,272.52,0.0202,-1,-1,-1
37,71,1151.48,295.47,96.50,90.72,0.8538,-1,-1,-1
37,73,1280.56,143.77,56.32,47.05,0.4768,-1,-1,-1
38,1,1216.78,1266.52,50.10,46.32,1.0000,-1,-1,-1
38,2,1452.76,-54.51,-123.82,-84.91,1.0000,-1,-1,-1
38,3,1267.56,114.62,66.17,59.12,1.0000,-1,-1,-1
38,4,1393.25,944.35,127.05,122.81,1.0000,-1,-1,-1
38,5,1114.90,1107.87,124.14,117.90,1.0000,-1,-1,-1
38,6,1549.16,132.11,71.53,68.26,0.8677,-1,-1,-1
38,7,939.32,1315.79,80.85,78.48,1.0000,-1,-1,-1
38,8,1177.58,781.74,95.65,92.19,1.0000,-1,-1,-1
38,9,1208.07,1198.21,81.19,76.52,1.0000,-1,-1,-1
38,10,1266.05,398.38,93.84,87.88,0.7301,-1,-1,-1
38,11,1253.38,98.24,68.85,59.98,0.6256,-1,-1,-1
38,17,1179.35,704.01,110.52,93.29,0.4427,-1,-1,-1
38,18,1345.03,-12.59,-2.07,-1.30,1.0000,-1,-1,-1
38,21,1222.17,252.96,57.25,51.46,0.2445,-1,-1,-1
38,22,1490.40,741.39,-111.06,-114.68,1.0000,-1,-1,-1
38,23,1621.51,689.97,47.30,44.25,1.0000,-1,-1,-1
38,30,1455.20,57.53,99.69,92.42,0.8008,-1,-1,-1
38,35,1416.23,603.02,39.40,39.94,1.0000,-1,-1,-1
38,38,1357.92,170.52,72.11,68.12,0.7656,-1,-1,-1
38,41,455.37,6.63,607.17,182.18,1.0000,-1,-1,-1
38,43,878.47,477.67,80.15,79.23,0.8276,-1,-1,-1
38,45,898.70,5.20,2047.86,742.58,1.0000,-1,-1,-1
38,48,1194.31,385.16,57.11,52.74,1.0000,-1,-1,-1
38,50,2005.94,226.40,218.41,482.00,1.0000,-1,-1,-1
38,52,1075.69,200.45,246.09,128.79,1.0000,-1,-1,-1
38,56,653.13,299.89,98.05,87.93,0.8705,-1,-1,-1
38,62,1348.84,319.11,86.18,81.83,0.8189,-1,-1,-1
38,65,1199.56,388.83,79.32,76.98,0.7600,-1,-1,-1
38,69,1116.03,419.92,106.67,105.87,0.6539,-1,-1,-1
38,70,1179.67,518.04,218.52,271.73,0.0230,-1,-1,-1
38,71,1151.22,319.46,94.14,88.50,0.7777,-1,-1,-1
38,73,1276.50,137.72,60.13,50.31,0.6311,-1,-1,-1
39,1,1215.98,1287.44,49.23,45.52,1.0000,-1,-1,-1
39,2,1453.24,-57.36,-132.46,-90.84,1.0000,-1,-1,-1
39,3,1266.73,109.65,65.05,58.12,1.0000,-1,-1,-1
39,4,1392.87,960.97,128.50,124.21,1.0000,-1,-1,-1
39,5,1113.02,1136.12,124.37,118.11,1.0000,-1,-1,-1
39,6,1547.41,127.80,69.85,66.40,0.8308,-1,-1,-1
39,7,936.28,1339.71,80.48,78.12,1.0000,-1,-1,-1
39,8,1184.24,800.67,95.77,92.31,1.0000,-1,-1,-1
39,9,1207.82,1222.10,80.97,76.31,1.0000,-1,-1,-1
39,10,1265.35,394.05,91.47,85.71,0.8052,-1,-1,-1
39,11,1250.59,93.98,70.02,60.80,0.6832,-1,-1,-1
39,17,1183.70,690.71,110.86,96.56,0.3118,-1,-1,-1
39,18,1348.22,-16.40,-14.86,-9.33,1.0000,-1,-1,-1
39,21,1220.59,248.97,57.28,51.52,0.3978,-1,-1,-1
39,22,1490.33,742.61,-117.93,-121.76,1.0000,-1,-1,-1
39,23,1626.89,688.93,46.94,43.92,1.0000,-1,-1,-1
39,30,1451.22,46.68,101.35,94.07,0.7700,-1,-1,-1
39,35,1416.40,598.47,37.09,37.60,1.0000,-1,-1,-1
39,38,1355.59,161.98,73.59,69.46,0.8365,-1,-1,-1
39,41,442.12,6.87,627.88,188.39,1.0000,-1,-1,-1
39,43,870.94,474.97,79.42,78.48,0.8284,-1,-1,-1
39,45,867.62,5.28,2119.49,768.55,1.0000,-1,-1,-1
39,48,1192.60,372.52,56.00,51.71,1.0000,-1,-1,-1
39,50,2017.40,236.89,221.38,488.56,1.0000,-1,-1,-1
39,52,1072.08,209.03,255.51,133.73,1.0000,-1,-1,-1
39,56,649.11,320.61,94.83,85.72,0.8543,-1,-1,-1
39,62,1346.12,307.87,84.77,80.51,0.7723,-1,-1,-1
39,65,1211.02,380.84,70.45,69.19,0.0309,-1,-1,-1
39,69,1114.17,398.55,108.06,107.62,0.4416,-1,-1,-1
39,70,1179.46,516.96,216.64,272.05,0.0113,-1,-1,-1
39,71,1152.60,343.09,97.20,91.36,0.2408,-1,-1,-1
39,73,1274.57,134.78,60.31,50.50,0.5404,-1,-1,-1
40,1,1215.19,1308.36,48.36,44.71,1.0000,-1,-1,-1
40,2,1453.72,-60.20,-141.11,-96.77,1.0000,-1,-1,-1
40,3,1254.14,95.84,79.43,72.23,0.1356,-1,-1,-1
40,4,1392.48,977.60,129.94,125.60,1.0000,-1,-1,-1
40,5,1111.14,1164.36,124.60,118.33,1.0000,-1,-1,-1
40,6,1544.85,121.82,69.71,66.16,0.7974,-1,-1,-1
40,7,933.24,1363.63,80.11,77.76,1.0000,-1,-1,-1
40,8,1190.91,819.60,95.89,92.43,1.0000,-1,-1,-1
40,9,1207.57,1245.98,80.75,76.10,1.0000,-1,-1,-1
40,10,1263.36,389.07,91.30,85.70,0.8124,-1,-1,-1
40,11,1248.49,89.42,70.88,61.32,0.6395,-1,-1,-1
40,17,1187.31,671.79,114.97,102.29,0.4568,-1,-1,-1
40,18,1351.42,-20.21,-27.65,-17.36,1.0000,-1,-1,-1
40,21,1217.07,242.70,59.56,53.55,0.7284,-1,-1,-1
40,22,1490.27,743.82,-124.79,-128.85,1.0000,-1,-1,-1
40,23,1632.27,687.89,46.58,43.58,1.0000,-1,-1,-1
40,30,1450.72,37.51,99.84,92.69,0.7996,-1,-1,-1
40,35,1416.56,593.93,34.79,35.26,1.0000,-1,-1,-1
40,38,1353.84,155.17,74.12,69.53,0.8595,-1,-1,-1
40,41,428.88,7.10,648.59,194.61,1.0000,-1,-1,-1
40,43,863.15,473.17,78.93,77.79,0.8375,-1,-1,-1
40,45,836.55,5.35,2191.11,794.52,1.0000,-1,-1,-1
40,48,1190.89,359.88,54.88,50.68,1.0000,-1,-1,-1
40,50,2028.87,247.39,224.35,495.12,1.0000,-1,-1,-1
40,52,1068.47,217.61,264.94,138.66,1.0000,-1,-1,-1
40,56,645.00,340.27,94.44,85.34,0.6503,-1,-1,-1
40,62,1344.66,296.16,84.42,80.17,0.7556,-1,-1,-1
40,65,1213.50,365.12,67.44,66.62,0.0212,-1,-1,-1
40,69,1117.18,377.63,109.05,107.21,0.7291,-1,-1,-1
40,70,1176.17,514.64,218.52,274.41,1.0000,-1,-1,-1
40,71,1162.73,369.20,89.75,85.44,0.0678,-1,-1,-1
40,73,1272.17,130.16,62.46,52.42,0.5491,-1,-1,-1
41,1,1214.39,1329.29,47.49,43.91,1.0000,-1,-1,-1
41,2,1454.20,-63.04,-149.75,-102.70,1.0000,-1,-1,-1
41,3,1253.22,105.43,78.09,71.70,0.0122,-1,-1,-1
41,4,1392.10,994.22,131.39,127.00,1.0000,-1,-1,-1
41,5,1109.26,1192.60,124.83,118.55,1.0000,-1,-1,-1
41,6,1542.32,114.89,70.92,67.48,0.8111,-1,-1,-1
41,7,930.20,1387.55,79.74,77.40,1.0000,-1,-1,-1
41,8,1197.57,838.52,96.02,92.54,1.0000,-1,-1,-1
41,9,1207.31,1269.87,80.53,75.89,1.0000,-1,-1,-1
41,10,1261.24,383.26,91.12,85.83,0.8127,-1,-1,-1
41,11,1247.55,86.03,70.99,61.17,0.6901,-1,-1,-1
41,17,1197.20,657.20,112.65,100.87,0.5107,-1,-1,-1
41,18,1354.61,-24.02,-40.44,-25.39,1.0000,-1,-1,-1
41,21,1215.76,238.12,59.47,53.52,0.6252,-1,-1,-1
41,22,1490.21,745.04,-131.66,-135.94,1.0000,-1,-1,-1
41,23,1637.66,686.85,46.22,43.25,1.0000,-1,-1,-1
41,30,1449.11,29.50,98.37,91.19,0.8013,-1,-1,-1
41,35,1416.73,589.38,32.48,32.93,1.0000,-1,-1,-1
41,38,1350.50,148.25,74.72,69.82,0.8761,-1,-1,-1
41,41,415.64,7.34,669.30,200.82,1.0000,-1,-1,-1
41,43,857.55,472.82,75.89,74.36,0.8633,-1,-1,-1
41,45,805.48,5.42,2262.74,820.50,1.0000,-1,-1,-1
41,48,1189.18,347.24,53.76,49.65,1.0000,-1,-1,-1
41,50,2040.34,257.88,227.32,501.67,1.0000,-1,-1,-1
41,52,1064.85,226.19,274.37,143.60,1.0000,-1,-1,-1
41,56,638.49,359.65,95.78,87.18,0.7649,-1,-1,-1
41,62,1342.92,284.63,84.06,79.88,0.7859,-1,-1,-1
41,65,1207.49,353.53,69.88,68.27,0.3451,-1,-1,-1
41,69,1116.02,362.31,118.78,115.59,0.6489,-1,-1,-1
41,70,1172.87,512.32,220.40,276.77,1.0000,-1,-1,-1
41,71,1164.97,390.37,89.01,84.75,1.0000,-1,-1,-1
41,73,1271.58,128.51,59.38,49.69,0.3568,-1,-1,-1
42,1,1213.60,1350.21,46.62,43.10,1.0000,-1,-1,-1
42,2,1454.68,-65.88,-158.40,-108.63,1.0000,-1,-1,-1
42,3,1251.94,96.21,77.37,71.85,0.0802,-1,-1,-1
42,4,1391.71,1010.84,132.83,128.40,1.0000,-1,-1,-1
42,5,1107.39,1220.85,125.05,118.77,1.0000,-1,-1,-1
42,6,1541.44,109.32,70.16,66.77,0.8122,-1,-1,-1
42,7,927.16,1411.47,79.36,77.04,1.0000,-1,-1,-1
42,8,1204.24,857.45,96.14,92.66,1.0000,-1,-1,-1
42,9,1207.06,1293.76,80.31,75.68,1.0000,-1,-1,-1
42,10,1258.45,377.54,91.59,86.61,0.8237,-1,-1,-1
42,11,1246.20,83.20,69.91,59.89,0.7059,-1,-1,-1
42,17,1202.95,641.06,114.59,102.20,0.3552,-1,-1,-1
42,18,1357.80,-27.83,-53.23,-33.42,1.0000,-1,-1,-1
42,21,1212.92,233.29,59.92,53.90,0.7114,-1,-1,-1
42,22,1490.15,746.26,-138.52,-143.03,1.0000,-1,-1,-1
42,23,1643.04,685.81,45.87,42.91,1.0000,-1,-1,-1
42,30,1447.96,22.78,95.17,87.79,0.8037,-1,-1,-1
42,35,1416.90,584.84,30.17,30.59,1.0000,-1,-1,-1
42,38,1348.82,141.44,75.11,69.92,0.8557,-1,-1,-1
42,41,402.40,7.58,690.01,207.03,1.0000,-1,-1,-1
42,43,851.11,472.93,72.59,70.29,0.8485,-1,-1,-1
42,45,774.41,5.50,2334.36,846.47,1.0000,-1,-1,-1
42,48,1187.47,334.60,52.65,48.62,1.0000,-1,-1,-1
42,50,2051.81,268.38,230.29,508.23,1.0000,-1,-1,-1
42,52,1061.24,234.77,283.80,148.53,1.0000,-1,-1,-1
42,56,633.71,380.38,94.48,86.51,0.6710,-1,-1,-1
42,62,1340.53,273.62,84.37,79.92,0.8361,-1,-1,-1
42,65,1203.73,341.62,72.11,70.24,0.7485,-1,-1,-1
42,69,1110.11,345.70,109.10,105.85,0.7393,-1,-1,-1
42,70,1169.58,510.00,222.28,279.13,1.0000,-1,-1,-1
42,71,1155.58,419.44,94.33,90.12,0.5542,-1,-1,-1
42,73,1269.29,125.91,59.13,49.44,0.5753,-1,-1,-1
42,81,1635.64,1049.05,85.09,30.95,0.0126,-1,-1,-1
43,1,1212.81,1371.13,45.75,42.30,1.0000,-1,-1,-1
43,2,1455.16,-68.73,-167.04,-114.56,1.0000,-1,-1,-1
43,3,1251.69,95.83,75.72,70.52,0.0247,-1,-1,-1
43,4,1391.33,1027.46,134.28,129.79,1.0000,-1,-1,-1
43,5,1105.51,1249.09,125.28,118.98,1.0000,-1,-1,-1
43,6,1540.35,104.11,70.72,67.45,0.8069,-1,-1,-1
43,7,924.12,1435.38,78.99,76.68,1.0000,-1,-1,-1
43,8,1210.90,876.38,96.26,92.78,1.0000,-1,-1,-1
43,9,1206.81,1317.65,80.08,75.47,1.0000,-1,-1,-1
43,10,1256.10,372.33,92.24,87.46,0.8358,-1,-1,-1
43,11,1245.31,79.59,69.40,59.32,0.6966,-1,-1,-1
43,17,1221.47,624.70,110.09,99.62,0.1760,-1,-1,-1
43,18,1360.99,-31.64,-66.02,-41.45,1.0000,-1,-1,-1
43,21,1209.66,229.28,60.13,54.28,0.6852,-1,-1,-1
43,22,1490.08,747.48,-145.39,-150.12,1.0000,-1,-1,-1
43,30,1446.32,12.92,96.86,89.23,0.8312,-1,-1,-1
43,35,1417.07,580.29,27.86,28.25,1.0000,-1,-1,-1
43,38,1346.26,134.27,76.70,70.92,0.8800,-1,-1,-1
43,41,389.15,7.81,710.72,213.25,1.0000,-1,-1,-1
43,43,843.17,470.69,73.84,71.27,0.8413,-1,-1,-1
43,45,743.33,5.57,2405.99,872.44,1.0000,-1,-1,-1
43,48,1185.76,321.96,51.53,47.59,1.0000,-1,-1,-1
43,50,2063.28,278.87,233.26,514.78,1.0000,-1,-1,-1
43,52,1057.63,243.35,293.23,153.47,1.0000,-1,-1,-1
43,56,626.64,400.00,96.72,89.23,0.8180,-1,-1,-1
43,62,1336.78,263.74,83.46,78.54,0.8296,-1,-1,-1
43,65,1198.96,328.01,76.56,74.62,0.8494,-1,-1,-1
43,69,1105.35,329.05,106.00,102.70,0.7737,-1,-1,-1
43,70,1166.28,507.68,224.16,281.49,1.0000,-1,-1,-1
43,71,1153.21,443.95,99.20,95.48,0.7669,-1,-1,-1
43,73,1267.56,122.37,59.25,49.89,0.5954,-1,-1,-1
43,81,1639.81,1050.55,81.10,29.45,0.0181,-1,-1,-1
44,2,1455.64,-71.57,-175.69,-120.49,1.0000,-1,-1,-1
44,3,1249.09,86.74,76.06,72.01,0.1617,-1,-1,-1
44,4,1390.94,1044.08,135.72,131.19,1.0000,-1,-1,-1
44,5,1103.63,1277.33,125.51,119.20,1.0000,-1,-1,-1
44,6,1539.25,98.58,70.65,67.21,0.8250,-1,-1,-1
44,7,921.09,1459.30,78.62,76.32,1.0000,-1,-1,-1
44,8,1217.57,895.31,96.38,92.90,1.0000,-1,-1,-1
44,9,1206.56,1341.53,79.86,75.26,1.0000,-1,-1,-1
44,10,1255.59,367.02,91.26,86.30,0.8569,-1,-1,-1
44,11,1245.42,77.05,68.11,57.97,0.6762,-1,-1,-1
44,17,1236.77,609.67,109.88,99.55,0.6185,-1,-1,-1
44,18,1364.19,-35.45,-78.81,-49.49,1.0000,-1,-1,-1
44,21,1208.51,226.51,58.85,52.93,0.7020,-1,-1,-1
44,22,1490.02,748.70,-152.25,-157.21,1.0000,-1,-1,-1
44,30,1444.68,4.22,96.51,88.78,0.8020,-1,-1,-1
44,35,1417.24,575.75,25.56,25.91,1.0000,-1,-1,-1
44,38,1343.46,128.67,76.81,70.29,0.8439,-1,-1,-1
44,41,375.91,8.05,731.43,219.46,1.0000,-1,-1,-1
44,43,836.55,470.11,74.11,71.18,0.7527,-1,-1,-1
44,45,712.26,5.65,2477.61,898.41,1.0000,-1,-1,-1
44,48,1184.05,309.33,50.42,46.56,1.0000,-1,-1,-1
44,50,2074.74,289.37,236.23,521.34,1.0000,-1,-1,-1
44,52,1054.02,251.93,302.65,158.40,1.0000,-1,-1,-1
44,56,622.07,420.84,94.13,86.92,0.8517,-1,-1,-1
44,62,1332.64,254.32,83.26,78.06,0.8104,-1,-1,-1
44,65,1197.71,316.47,77.99,75.94,0.7897,-1,-1,-1
44,69,1103.66,311.75,105.07,101.43,0.4959,-1,-1,-1
44,70,1162.99,505.36,226.04,283.85,1.0000,-1,-1,-1
44,71,1153.11,468.62,100.63,97.54,0.7597,-1,-1,-1
44,73,1264.56,119.20,59.51,50.00,0.6753,-1,-1,-1
44,81,1642.23,1051.52,78.43,28.48,1.0000,-1,-1,-1
45,2,1456.13,-74.41,-184.34,-126.42,1.0000,-1,-1,-1
45,3,1247.13,81.84,76.44,72.37,1.0000,-1,-1,-1
45,4,1390.56,1060.70,137.17,132.59,1.0000,-1,-1,-1
45,5,1101.75,1305.57,125.74,119.42,1.0000,-1,-1,-1
45,6,1536.89,92.71,71.73,68.07,0.8126,-1,-1,-1
45,8,1224.24,914.24,96.50,93.02,1.0000,-1,-1,-1
45,9,1206.30,1365.42,79.64,75.06,1.0000,-1,-1,-1
45,10,1254.06,362.30,91.62,86.62,0.8484,-1,-1,-1
45,11,1244.71,73.78,66.63,56.44,0.7288,-1,-1,-1
45,17,1247.61,593.75,106.48,96.99,0.3053,-1,-1,-1
45,18,1367.38,-39.26,-91.60,-57.52,1.0000,-1,-1,-1
45,21,1206.49,221.48,59.40,53.59,0.6478,-1,-1,-1
45,30,1443.76,-1.77,94.83,86.78,0.8231,-1,-1,-1
45,35,1417.41,571.20,23.25,23.57,1.0000,-1,-1,-1
45,38,1340.63,121.59,78.33,71.30,0.8172,-1,-1,-1
45,41,362.67,8.28,752.14,225.68,1.0000,-1,-1,-1
45,43,830.67,467.82,74.00,71.21,0.8637,-1,-1,-1
45,45,681.19,5.72,2549.24,924.39,1.0000,-1,-1,-1
45,48,1182.34,296.69,49.30,45.53,1.0000,-1,-1,-1
45,50,2086.21,299.86,239.20,527.90,1.0000,-1,-1,-1
45,52,1050.41,260.52,312.08,163.34,1.0000,-1,-1,-1
45,56,615.41,442.46,94.84,87.57,0.8289,-1,-1,-1
45,62,1329.56,244.87,82.20,76.71,0.8398,-1,-1,-1
45,65,1192.40,304.13,81.84,79.82,0.7628,-1,-1,-1
45,69,1101.84,296.46,102.85,99.08,0.7069,-1,-1,-1
45,70,1159.70,503.04,227.92,286.21,1.0000,-1,-1,-1
45,71,1154.33,495.39,98.80,95.60,0.0626,-1,-1,-1
45,73,1262.06,114.71,62.25,52.38,0.6016,-1,-1,-1
45,81,1640.60,1051.04,80.01,28.96,0.0102,-1,-1,-1
46,2,1456.61,-77.25,-192.98,-132.35,1.0000,-1,-1,-1
46,3,1245.17,76.93,76.82,72.72,1.0000,-1,-1,-1
46,4,1390.17,1077.32,138.62,133.98,1.0000,-1,-1,-1
46,5,1099.87,1333.82,125.97,119.63,1.0000,-1,-1,-1
46,6,1536.76,88.63,71.08,67.37,0.8130,-1,-1,-1
46,8,1230.90,933.17,96.62,93.13,1.0000,-1,-1,-1
46,9,1206.05,1389.31,79.42,74.85,1.0000,-1,-1,-1
46,10,1250.05,354.74,95.56,90.40,0.8258,-1,-1,-1
46,11,1243.58,71.07,66.54,56.26,0.7338,-1,-1,-1
46,17,1258.23,577.81,104.57,95.77,0.6634,-1,-1,-1
46,18,1370.57,-43.07,-104.39,-65.55,1.0000,-1,-1,-1
46,21,1205.62,216.98,59.85,54.16,0.7513,-1,-1,-1
46,30,1445.46,-2.99,89.07,80.19,0.8041,-1,-1,-1
46,35,1417.58,566.66,20.94,21.23,1.0000,-1,-1,-1
46,38,1338.21,116.58,77.67,70.34,0.8032,-1,-1,-1
46,41,349.43,8.52,772.85,231.89,1.0000,-1,-1,-1
46,43,825.44,467.03,72.81,69.67,0.8134,-1,-1,-1
46,45,650.11,5.79,2620.86,950.36,1.0000,-1,-1,-1
46,48,1180.63,284.05,48.19,44.50,1.0000,-1,-1,-1
46,50,2097.68,310.35,242.17,534.45,1.0000,-1,-1,-1
46,52,1046.80,269.10,321.51,168.27,1.0000,-1,-1,-1
46,56,609.45,463.30,95.41,88.04,0.8811,-1,-1,-1
46,62,1328.44,235.76,80.53,75.05,0.8588,-1,-1,-1
46,65,1194.80,293.06,78.20,76.20,0.7261,-1,-1,-1
46,69,1097.13,279.55,102.90,99.21,0.8107,-1,-1,-1
46,70,1156.40,500.72,229.80,288.57,1.0000,-1,-1,-1
46,71,1151.77,521.40,99.90,96.74,0.3739,-1,-1,-1
46,73,1261.18,114.00,60.35,50.72,0.5982,-1,-1,-1
46,81,1640.12,1051.23,79.77,28.77,0.0238,-1,-1,-1
46,84,1189.01,645.44,191.65,149.79,0.0117,-1,-1,-1
46,86,1439.89,994.80,101.68,43.04,0.0168,-1,-1,-1
47,2,1457.09,-80.10,-201.63,-138.27,1.0000,-1,-1,-1
47,3,1243.21,72.03,77.19,73.08,1.0000,-1,-1,-1
47,4,1389.78,1093.94,140.06,135.38,1.0000,-1,-1,-1
47,5,1098.00,1362.06,126.19,119.85,1.0000,-1,-1,-1
47,6,1535.64,84.60,70.11,66.09,0.8246,-1,-1,-1
47,8,1237.57,952.10,96.75,93.25,1.0000,-1,-1,-1
47,9,1205.80,1413.19,79.20,74.64,1.0000,-1,-1,-1
47,10,1246.22,348.37,97.48,92.19,0.8338,-1,-1,-1
47,11,1241.92,67.12,67.90,57.54,0.6239,-1,-1,-1
47,17,1269.07,562.30,104.89,96.13,0.6990,-1,-1,-1
47,18,1373.77,-46.88,-117.18,-73.58,1.0000,-1,-1,-1
47,21,1204.30,212.46,60.41,54.82,0.7319,-1,-1,-1
47,30,1447.46,-3.89,81.84,71.70,0.8564,-1,-1,-1
47,35,1417.74,562.12,18.64,18.89,1.0000,-1,-1,-1
47,38,1335.22,111.21,77.69,69.86,0.8280,-1,-1,-1
47,41,336.18,8.76,793.56,238.10,1.0000,-1,-1,-1
47,43,820.11,465.13,73.69,69.97,0.8264,-1,-1,-1
47,45,619.04,5.87,2692.49,976.33,1.0000,-1,-1,-1
47,48,1178.91,271.41,47.07,43.47,1.0000,-1,-1,-1
47,50,2109.15,320.85,245.14,541.01,1.0000,-1,-1,-1
47,52,1043.19,277.68,330.94,173.21,1.0000,-1,-1,-1
47,56,604.49,487.54,94.57,87.24,0.8573,-1,-1,-1
47,62,1324.31,225.08,82.99,77.20,0.8468,-1,-1,-1
47,65,1198.79,283.01,71.99,69.68,0.7880,-1,-1,-1
47,69,1094.32,265.62,102.08,98.23,0.7925,-1,-1,-1
47,70,1153.11,498.40,231.68,290.93,1.0000,-1,-1,-1
47,71,1150.67,547.80,101.75,99.04,0.1492,-1,-1,-1
47,73,1258.23,111.39,60.55,50.62,0.4353,-1,-1,-1
47,81,1638.81,1050.39,82.40,29.61,0.0404,-1,-1,-1
47,84,1187.98,643.60,194.04,151.65,1.0000,-1,-1,-1
47,86,1439.91,994.33,105.18,44.42,0.0301,-1,-1,-1
47,88,1178.36,328.93,65.96,49.03,0.7045,-1,-1,-1
48,2,1457.57,-82.94,-210.27,-144.20,1.0000,-1,-1,-1
48,3,1247.18,78.80,68.53,64.57,0.0290,-1,-1,-1
48,4,1389.40,1110.56,141.51,136.78,1.0000,-1,-1,-1
48,5,1096.12,1390.30,126.42,120.07,1.0000,-1,-1,-1
48,6,1535.11,81.02,69.13,64.94,0.8285,-1,-1,-1
48,8,1244.23,971.03,96.87,93.37,1.0000,-1,-1,-1
48,9,1205.55,1437.08,78.98,74.43,1.0000,-1,-1,-1
48,10,1243.37,343.34,98.28,92.76,0.7804,-1,-1,-1
48,11,1241.12,64.61,67.59,57.34,0.6110,-1,-1,-1
48,17,1276.28,547.80,105.80,96.48,0.7976,-1,-1,-1
48,18,1376.96,-50.69,-129.98,-81.61,1.0000,-1,-1,-1
48,21,1203.65,209.18,59.37,53.70,0.6840,-1,-1,-1
48,30,1447.55,-3.60,77.34,65.38,0.8663,-1,-1,-1
48,38,1333.81,106.57,77.27,69.24,0.8319,-1,-1,-1
48,41,322.94,8.99,814.27,244.32,1.0000,-1,-1,-1
48,43,812.57,463.76,73.65,69.61,0.8316,-1,-1,-1
48,48,1177.20,258.77,45.95,42.44,1.0000,-1,-1,-1
48,50,2120.61,331.34,248.11,547.57,1.0000,-1,-1,-1
48,52,1039.57,286.26,340.37,178.14,1.0000,-1,-1,-1
48,56,598.58,509.60,94.27,87.06,0.8643,-1,-1,-1
48,62,1323.36,215.90,81.56,75.71,0.7987,-1,-1,-1
48,65,1201.67,272.89,69.08,66.64,0.8241,-1,-1,-1
48,69,1093.63,252.11,100.97,97.10,0.7933,-1,-1,-1
48,70,1149.81,496.07,233.56,293.29,1.0000,-1,-1,-1
48,71,1148.55,574.80,104.75,102.67,0.2473,-1,-1,-1
48,73,1255.55,107.17,62.43,52.33,0.7128,-1,-1,-1
48,81,1638.26,1050.77,81.59,29.23,0.0341,-1,-1,-1
48,84,1186.95,641.76,196.43,153.52,1.0000,-1,-1,-1
48,86,1439.77,995.28,104.97,44.21,0.0298,-1,-1,-1
48,88,1175.88,320.38,66.28,49.49,0.6780,-1,-1,-1
49,2,1458.05,-85.78,-218.92,-150.13,1.0000,-1,-1,-1
49,3,1244.82,74.83,70.28,66.27,0.0209,-1,-1,-1
49,4,1389.01,1127.18,142.95,138.18,1.0000,-1,-1,-1
49,5,1094.24,1418.55,126.65,120.28,1.0000,-1,-1,-1
49,6,1534.85,78.19,67.09,62.95,0.7752,-1,-1,-1
49,8,1250.90,989.96,96.99,93.49,1.0000,-1,-1,-1
49,9,1205.29,1460.97,78.76,74.22,1.0000,-1,-1,-1
49,10,1240.88,337.77,99.24,93.54,0.7394,-1,-1,-1
49,11,1240.23,61.90,67.69,57.32,0.5439,-1,-1,-1
49,17,1282.55,533.13,109.25,99.68,0.3764,-1,-1,-1
49,18,1380.15,-54.50,-142.77,-89.64,1.0000,-1,-1,-1
49,21,1203.21,207.15,57.44,51.59,0.6031,-1,-1,-1
49,30,1449.11,-3.10,70.84,57.26,0.8352,-1,-1,-1
49,38,1333.08,101.57,76.90,68.61,0.8120,-1,-1,-1
49,41,309.70,9.23,834.98,250.53,1.0000,-1,-1,-1
49,43,805.93,462.47,74.19,69.83,0.8174,-1,-1,-1
49,48,1175.49,246.13,44.84,41.41,1.0000,-1,-1,-1
49,50,2132.08,341.84,251.08,554.12,1.0000,-1,-1,-1
49,52,1035.96,294.84,349.79,183.08,1.0000,-1,-1,-1
49,56,594.17,532.61,93.30,85.78,0.8396,-1,-1,-1
49,62,1321.44,207.57,81.55,75.63,0.7630,-1,-1,-1
49,65,1199.61,262.65,68.97,66.23,0.8007,-1,-1,-1
49,69,1093.63,241.08,97.92,93.71,0.7599,-1,-1,-1
49,70,1146.52,493.75,235.44,295.65,1.0000,-1,-1,-1
49,71,1148.53,604.31,102.76,100.84,0.6209,-1,-1,-1
49,73,1253.73,104.62,62.37,52.24,0.5374,-1,-1,-1
49,81,1637.88,1050.70,81.56,29.30,0.0187,-1,-1,-1
49,84,1173.75,617.63,224.77,177.64,0.0173,-1,-1,-1
49,86,1440.69,996.67,103.29,43.35,0.0278,-1,-1,-1
49,88,1172.72,308.83,70.96,53.39,0.3875,-1,-1,-1
50,3,1243.30,70.95,70.06,66.06,1.0000,-1,-1,-1
50,4,1388.63,1143.80,144.40,139.57,1.0000,-1,-1,-1
50,5,1092.36,1446.79,126.88,120.50,1.0000,-1,-1,-1
50,6,1533.31,73.71,67.88,63.56,0.8097,-1,-1,-1
50,8,1257.56,1008.89,97.11,93.60,1.0000,-1,-1,-1
50,10,1239.92,334.10,97.97,92.33,0.7861,-1,-1,-1
50,11,1239.42,59.94,66.04,55.77,0.5801,-1,-1,-1
50,17,1294.82,518.30,108.38,99.07,0.2795,-1,-1,-1
50,18,1383.35,-58.31,-155.56,-97.67,1.0000,-1,-1,-1
50,21,1202.27,205.45,56.12,49.94,0.6049,-1,-1,-1
50,30,1450.84,-2.43,63.74,48.55,0.7536,-1,-1,-1
50,38,1331.95,96.52,76.05,67.43,0.7867,-1,-1,-1
50,43,800.48,462.86,74.32,69.37,0.8054,-1,-1,-1
50,48,1173.78,233.49,43.72,40.38,1.0000,-1,-1,-1
50,52,1032.35,303.42,359.22,188.01,1.0000,-1,-1,-1
50,56,588.28,553.73,94.44,87.17,0.8070,-1,-1,-1
50,62,1318.22,198.50,83.31,77.38,0.7499,-1,-1,-1
50,65,1198.96,252.67,68.46,65.65,0.6064,-1,-1,-1
50,69,1090.78,224.14,99.88,95.75,0.7491,-1,-1,-1
50,70,1185.58,513.51,214.80,280.74,0.0258,-1,-1,-1
50,71,1150.23,633.52,101.43,99.71,0.6558,-1,-1,-1
50,73,1253.18,102.83,60.75,50.70,0.6403,-1,-1,-1
50,81,1637.33,1050.46,82.39,29.54,0.0343,-1,-1,-1
50,84,1169.97,611.13,233.01,184.15,1.0000,-1,-1,-1
50,86,1440.54,996.74,104.49,43.77,0.0383,-1,-1,-1
50,88,1170.77,300.90,71.74,54.38,0.0566,-1,-1,-1
51,3,1241.78,67.08,69.84,65.86,1.0000,-1,-1,-1
51,5,1090.49,1475.03,127.11,120.72,1.0000,-1,-1,-1
51,6,1531.55,68.15,70.11,65.68,0.8465,-1,-1,-1
51,8,1264.23,1027.82,97.23,93.72,1.0000,-1,-1,-1
51,10,1237.27,327.47,100.53,95.17,0.7419,-1,-1,-1
51,11,1238.02,55.92,66.32,55.96,0.4589,-1,-1,-1
51,17,1302.86,505.30,108.40,99.08,1.0000,-1,-1,-1
51,18,1386.54,-62.13,-168.35,-105.71,1.0000,-1,-1,-1
51,21,1203.29,204.21,51.44,44.77,0.5293,-1,-1,-1
51,30,1451.74,-1.72,58.31,42.05,0.6307,-1,-1,-1
51,38,1329.17,90.68,77.34,68.19,0.8087,-1,-1,-1
51,43,796.64,463.11,73.53,67.55,0.8156,-1,-1,-1
51,48,1196.41,217.09,71.94,68.05,0.0154,-1,-1,-1
51,52,1028.74,312.00,368.65,192.95,1.0000,-1,-1,-1
51,56,582.83,574.60,94.64,87.71,0.7879,-1,-1,-1
51,62,1315.11,188.25,84.58,78.48,0.5069,-1,-1,-1
51,65,1197.75,242.68,68.10,65.24,0.7476,-1,-1,-1
51,69,1088.28,209.28,100.06,96.05,0.8631,-1,-1,-1
51,70,1184.91,512.70,215.70,281.91,1.0000,-1,-1,-1
51,71,1150.13,662.01,102.36,101.55,0.3112,-1,-1,-1
51,73,1250.94,100.27,61.69,51.41,0.4851,-1,-1,-1
51,81,1639.94,1050.69,81.63,29.31,0.0437,-1,-1,-1
51,84,1166.18,604.64,241.25,190.66,1.0000,-1,-1,-1
51,86,1439.79,996.57,105.56,44.16,0.0384,-1,-1,-1
51,88,1170.37,294.00,70.12,53.63,0.4454,-1,-1,-1
52,3,1240.26,63.21,69.62,65.65,1.0000,-1,-1,-1
52,5,1088.61,1503.28,127.34,120.93,1.0000,-1,-1,-1
52,6,1529.93,62.67,70.96,66.80,0.8363,-1,-1,-1
52,8,1270.90,1046.75,97.36,93.84,1.0000,-1,-1,-1
52,10,1236.12,323.51,99.53,94.55,0.4425,-1,-1,-1
52,11,1236.29,52.51,67.19,56.88,0.4368,-1,-1,-1
52,17,1310.89,492.31,108.41,99.10,1.0000,-1,-1,-1
52,18,1389.73,-65.94,-181.14,-113.74,1.0000,-1,-1,-1
52,21,1202.24,201.96,50.16,43.08,0.2664,-1,-1,-1
52,30,1449.93,-0.18,54.37,37.59,0.1748,-1,-1,-1
52,38,1326.14,85.84,78.68,69.07,0.8320,-1,-1,-1
52,43,787.92,463.67,72.89,66.87,0.7688,-1,-1,-1
52,48,1196.07,204.23,72.61,68.69,1.0000,-1,-1,-1
52,52,1025.13,320.58,378.08,197.88,1.0000,-1,-1,-1
52,56,577.42,595.71,95.38,88.49,0.7589,-1,-1,-1
52,62,1313.89,181.32,81.60,75.36,0.7860,-1,-1,-1
52,65,1197.22,232.65,68.43,65.05,0.7964,-1,-1,-1
52,69,1086.40,197.98,98.69,94.84,0.8055,-1,-1,-1
52,70,1184.23,511.89,216.60,283.09,1.0000,-1,-1,-1
52,71,1149.60,693.60,100.09,99.07,0.1477,-1,-1,-1
52,73,1249.53,98.97,60.73,50.61,0.3081,-1,-1,-1
52,81,1641.58,1050.12,82.91,29.88,0.0612,-1,-1,-1
52,84,1162.39,598.14,249.49,197.17,1.0000,-1,-1,-1
52,86,1440.31,996.85,105.74,44.23,1.0000,-1,-1,-1
52,88,1168.21,287.61,71.71,55.55,0.6251,-1,-1,-1
52,95,1629.40,707.22,48.86,51.85,0.0295,-1,-1,-1
53,3,1238.74,59.34,69.41,65.45,1.0000,-1,-1,-1
53,5,1086.73,1531.52,127.56,121.15,1.0000,-1,-1,-1
53,6,1528.86,58.88,70.86,66.95,0.8352,-1,-1,-1
53,8,1277.56,1065.68,97.48,93.96,1.0000,-1,-1,-1
53,10,1233.57,318.94,99.24,94.58,0.3796,-1,-1,-1
53,11,1233.71,49.50,68.83,58.68,0.5787,-1,-1,-1
53,17,1323.44,468.14,112.89,104.86,0.3367,-1,-1,-1
53,18,1392.93,-69.75,-193.94,-121.77,1.0000,-1,-1,-1
53,21,1203.22,198.68,48.16,40.25,0.2569,-1,-1,-1
53,30,1453.68,-0.26,46.12,29.70,0.0112,-1,-1,-1
53,38,1325.50,82.25,77.63,67.81,0.8031,-1,-1,-1
53,43,781.38,464.16,71.03,65.23,0.8267,-1,-1,-1
53,48,1195.73,191.37,73.28,69.33,1.0000,-1,-1,-1
53,52,1021.52,329.16,387.50,202.82,1.0000,-1,-1,-1
53,56,572.02,617.55,97.87,91.35,0.0421,-1,-1,-1
53,62,1312.15,174.65,79.68,73.35,0.8098,-1,-1,-1
53,65,1196.92,224.44,67.43,63.82,0.7955,-1,-1,-1
53,69,1084.69,183.49,98.08,94.75,0.7945,-1,-1,-1
53,70,1173.93,509.94,217.64,291.39,0.0136,-1,-1,-1
53,71,1147.80,718.67,103.80,103.06,0.0559,-1,-1,-1
53,73,1248.49,97.87,59.33,49.42,0.3774,-1,-1,-1
53,81,1642.12,1049.92,83.41,30.08,0.0398,-1,-1,-1
53,84,1158.60,591.65,257.73,203.69,1.0000,-1,-1,-1
53,86,1440.83,997.13,105.91,44.31,1.0000,-1,-1,-1
53,88,1166.25,280.35,72.26,56.49,0.7256,-1,-1,-1
53,95,1634.42,708.20,48.12,50.83,0.0221,-1,-1,-1
54,3,1237.22,55.47,69.19,65.24,1.0000,-1,-1,-1
54,5,1084.85,1559.76,127.79,121.37,1.0000,-1,-1,-1
54,6,1527.32,54.15,72.41,68.71,0.8377,-1,-1,-1
54,8,1284.23,1084.61,97.60,94.07,1.0000,-1,-1,-1
54,10,1230.89,312.82,101.03,96.74,0.3065,-1,-1,-1
54,11,1232.77,47.83,68.34,58.63,0.5462,-1,-1,-1
54,17,1332.51,455.81,110.81,104.46,0.5081,-1,-1,-1
54,18,1396.12,-73.56,-206.73,-129.80,1.0000,-1,-1,-1
54,21,1202.58,195.05,46.54,38.89,1.0000,-1,-1,-1
54,30,1456.15,-2.33,37.47,24.13,1.0000,-1,-1,-1
54,38,1324.68,79.01,77.39,67.70,0.7785,-1,-1,-1
54,43,773.96,464.26,71.45,65.88,0.8392,-1,-1,-1
54,48,1194.25,192.21,69.48,65.91,0.0960,-1,-1,-1
54,52,1017.90,337.74,396.93,207.75,1.0000,-1,-1,-1
54,56,566.34,638.15,98.48,91.92,1.0000,-1,-1,-1
54,62,1311.32,167.97,77.55,71.50,0.5969,-1,-1,-1
54,65,1195.52,214.05,68.41,64.91,0.7736,-1,-1,-1
54,69,1083.94,173.00,96.18,93.01,0.8358,-1,-1,-1
54,70,1177.97,509.08,211.66,289.17,0.0427,-1,-1,-1
54,71,1150.72,746.52,94.88,93.25,0.0253,-1,-1,-1
54,73,1247.65,96.73,57.09,47.49,0.4787,-1,-1,-1
54,81,1643.30,1050.03,83.15,29.97,0.0245,-1,-1,-1
54,84,1154.82,585.16,265.97,210.20,1.0000,-1,-1,-1
54,86,1441.35,997.42,106.09,44.38,1.0000,-1,-1,-1
54,88,1164.31,274.73,71.66,56.52,0.5604,-1,-1,-1
54,95,1637.05,709.14,47.84,50.54,1.0000,-1,-1,-1
55,3,1235.70,51.59,68.97,65.04,1.0000,-1,-1,-1
55,5,1082.98,1588.01,128.02,121.58,1.0000,-1,-1,-1
55,6,1527.75,50.85,70.12,66.72,0.7748,-1,-1,-1
55,8,1290.89,1103.54,97.72,94.19,1.0000,-1,-1,-1
55,10,1229.80,309.60,100.78,96.62,0.2334,-1,-1,-1
55,11,1231.37,45.22,69.49,59.78,0.6135,-1,-1,-1
55,17,1341.90,443.94,110.86,105.02,0.5039,-1,-1,-1
55,18,1399.32,-77.37,-219.52,-137.83,1.0000,-1,-1,-1
55,21,1201.94,191.43,44.91,37.53,1.0000,-1,-1,-1
55,30,1458.63,-4.40,28.82,18.56,1.0000,-1,-1,-1
55,38,1323.47,75.30,76.35,66.59,0.5821,-1,-1,-1
55,43,769.92,465.71,69.19,63.89,0.8510,-1,-1,-1
55,48,1193.83,180.26,69.86,66.28,1.0000,-1,-1,-1
55,52,1014.29,346.33,406.36,212.69,1.0000,-1,-1,-1
55,56,560.18,662.29,99.85,93.31,0.6520,-1,-1,-1
55,62,1308.31,160.51,76.63,70.57,0.3994,-1,-1,-1
55,65,1189.37,196.89,76.68,73.68,0.7434,-1,-1,-1
55,69,1081.88,162.50,95.72,92.48,0.8135,-1,-1,-1
55,70,1179.15,508.71,208.69,289.72,0.0135,-1,-1,-1
55,71,1151.12,743.23,97.44,95.63,0.1254,-1,-1,-1
55,73,1245.14,94.07,58.73,48.76,0.4196,-1,-1,-1
55,81,1642.62,1049.89,83.93,30.11,0.0244,-1,-1,-1
55,84,1151.03,578.66,274.21,216.71,1.0000,-1,-1,-1
55,86,1441.88,997.70,106.27,44.45,1.0000,-1,-1,-1
55,88,1163.71,270.07,68.77,54.57,0.5347,-1,-1,-1
55,95,1639.68,710.08,47.57,50.25,1.0000,-1,-1,-1
56,3,1230.84,71.40,72.45,68.86,0.0105,-1,-1,-1
56,6,1526.87,47.81,69.30,66.12,0.7967,-1,-1,-1
56,8,1297.56,1122.47,97.84,94.31,1.0000,-1,-1,-1
56,10,1225.41,304.01,102.51,98.92,0.2028,-1,-1,-1
56,11,1229.86,43.02,69.51,60.22,0.6205,-1,-1,-1
56,17,1350.34,430.73,109.46,104.04,0.5594,-1,-1,-1
56,18,1402.51,-81.18,-232.32,-145.86,1.0000,-1,-1,-1
56,21,1201.31,187.80,43.28,36.17,1.0000,-1,-1,-1
56,30,1461.11,-6.46,20.17,12.99,1.0000,-1,-1,-1
56,38,1321.94,70.96,75.73,66.11,0.7234,-1,-1,-1
56,43,763.02,465.05,69.91,64.79,0.8189,-1,-1,-1
56,48,1193.40,168.32,70.25,66.65,1.0000,-1,-1,-1
56,52,1010.68,354.91,415.79,217.62,1.0000,-1,-1,-1
56,56,555.21,686.44,99.48,93.44,0.5312,-1,-1,-1
56,62,1306.85,154.28,78.09,71.83,0.6330,-1,-1,-1
56,65,1189.46,189.58,74.42,71.99,0.6768,-1,-1,-1
56,69,1080.02,150.13,95.97,92.63,0.7711,-1,-1,-1
56,70,1180.30,506.00,206.76,291.68,0.0301,-1,-1,-1
56,71,1151.15,766.05,97.45,95.64,1.0000,-1,-1,-1
56,73,1242.90,91.27,60.48,50.41,0.4917,-1,-1,-1
56,81,1641.32,1049.77,84.53,30.23,0.0265,-1,-1,-1
56,84,1147.24,572.17,282.44,223.22,1.0000,-1,-1,-1
56,86,1442.40,997.98,106.44,44.53,1.0000,-1,-1,-1
56,88,1161.13,263.82,69.26,55.59,0.3024,-1,-1,-1
56,95,1642.31,711.02,47.29,49.96,1.0000,-1,-1,-1
57,3,1223.34,56.77,81.95,81.15,0.0828,-1,-1,-1
57,6,1523.94,42.05,70.70,67.44,0.8467,-1,-1,-1
57,8,1304.22,1141.40,97.97,94.43,1.0000,-1,-1,-1
57,10,1222.22,300.05,102.19,98.52,0.6285,-1,-1,-1
57,11,1227.98,40.59,69.18,60.36,0.5017,-1,-1,-1
57,17,1367.92,408.52,108.44,102.87,0.7518,-1,-1,-1
57,18,1405.70,-84.99,-245.11,-153.89,1.0000,-1,-1,-1
57,21,1200.67,184.17,41.65,34.81,1.0000,-1,-1,-1
57,30,1463.59,-8.53,11.52,7.42,1.0000,-1,-1,-1
57,38,1319.28,64.82,75.97,66.45,0.7812,-1,-1,-1
57,43,751.81,465.99,71.09,66.33,0.8060,-1,-1,-1
57,48,1192.98,156.37,70.64,67.01,1.0000,-1,-1,-1
57,52,1007.07,363.49,425.21,222.56,1.0000,-1,-1,-1
57,56,551.76,711.93,93.54,87.45,0.1497,-1,-1,-1
57,62,1299.86,141.00,81.45,74.92,0.6961,-1,-1,-1
57,65,1188.72,179.63,70.33,67.78,0.7829,-1,-1,-1
57,69,1077.65,133.15,93.06,89.58,0.8077,-1,-1,-1
57,70,1192.29,505.62,200.34,290.29,0.0566,-1,-1,-1
57,71,1151.18,788.86,97.46,95.65,1.0000,-1,-1,-1
57,73,1238.93,88.73,62.14,52.10,0.4649,-1,-1,-1
57,81,1638.95,1049.26,86.70,30.74,0.0189,-1,-1,-1
57,84,1143.45,565.67,290.68,229.73,1.0000,-1,-1,-1
57,86,1442.92,998.27,106.62,44.60,1.0000,-1,-1,-1
57,88,1160.12,255.02,68.02,55.27,0.6278,-1,-1,-1
57,95,1644.94,711.95,47.01,49.66,1.0000,-1,-1,-1
58,3,1220.14,46.04,86.52,89.04,0.0443,-1,-1,-1
58,6,1521.60,37.95,71.76,68.35,0.8344,-1,-1,-1
58,8,1310.89,1160.33,98.09,94.55,1.0000,-1,-1,-1
58,10,1219.22,296.88,102.75,99.23,0.8035,-1,-1,-1
58,11,1227.17,38.62,67.00,58.98,0.4274,-1,-1,-1
58,17,1378.54,391.74,109.34,104.11,0.7952,-1,-1,-1
58,18,1408.90,-88.80,-257.90,-161.93,1.0000,-1,-1,-1
58,21,1200.04,180.54,40.03,33.45,1.0000,-1,-1,-1
58,30,1466.06,-10.60,2.87,1.85,1.0000,-1,-1,-1
58,38,1317.68,59.92,76.65,67.04,0.8007,-1,-1,-1
58,43,746.23,467.24,70.39,65.88,0.7998,-1,-1,-1
58,48,1192.56,144.43,71.03,67.38,1.0000,-1,-1,-1
58,52,1003.46,372.07,434.64,227.49,1.0000,-1,-1,-1
58,56,551.24,708.96,93.08,87.05,0.2747,-1,-1,-1
58,62,1298.10,133.71,79.97,73.09,0.7890,-1,-1,-1
58,65,1189.51,172.56,66.75,64.23,0.7539,-1,-1,-1
58,69,1075.47,118.46,93.31,89.82,0.8006,-1,-1,-1
58,70,1199.58,504.45,195.89,290.58,0.0455,-1,-1,-1
58,71,1151.21,811.67,97.47,95.66,1.0000,-1,-1,-1
58,73,1236.09,86.66,63.75,53.89,0.5781,-1,-1,-1
58,81,1638.02,1048.76,88.84,31.24,0.0268,-1,-1,-1
58,84,1139.67,559.18,298.92,236.24,1.0000,-1,-1,-1
58,86,1435.54,993.25,121.11,50.94,0.0116,-1,-1,-1
58,88,1159.12,248.77,66.59,54.85,0.4704,-1,-1,-1
58,95,1647.56,712.89,46.74,49.37,1.0000,-1,-1,-1
58,103,1154.54,652.23,97.20,93.98,0.3960,-1,-1,-1
59,3,1219.65,43.87,85.58,90.83,0.0307,-1,-1,-1
59,6,1521.62,35.63,70.17,66.44,0.8367,-1,-1,-1
59,8,1317.56,1179.26,98.21,94.66,1.0000,-1,-1,-1
59,10,1215.80,293.05,103.31,99.88,0.5714,-1,-1,-1
59,11,1226.46,37.97,64.62,57.03,0.3379,-1,-1,-1
59,17,1389.25,378.26,108.38,103.59,0.8469,-1,-1,-1
59,18,1412.09,-92.61,-270.70,-169.96,1.0000,-1,-1,-1
59,21,1199.40,176.91,38.40,32.09,1.0000,-1,-1,-1
59,30,1468.54,-12.67,-5.78,-3.72,1.0000,-1,-1,-1
59,38,1317.31,57.20,74.33,64.70,0.7513,-1,-1,-1
59,43,741.20,468.22,69.13,64.77,0.8420,-1,-1,-1
59,48,1192.14,132.48,71.41,67.75,1.0000,-1,-1,-1
59,52,999.85,380.65,444.07,232.42,1.0000,-1,-1,-1
59,56,546.36,727.92,92.96,86.94,1.0000,-1,-1,-1
59,62,1294.34,127.25,79.71,72.27,0.6139,-1,-1,-1
59,65,1187.30,165.23,66.73,64.14,0.7311,-1,-1,-1
59,69,1071.18,104.39,98.08,94.88,0.8049,-1,-1,-1
59,70,1196.09,504.32,194.16,291.01,0.0654,-1,-1,-1
59,71,1151.24,834.49,97.48,95.67,1.0000,-1,-1,-1
59,73,1234.35,85.20,63.18,53.85,0.3877,-1,-1,-1
59,81,1639.17,1049.12,88.26,30.88,0.0215,-1,-1,-1
59,84,1135.88,552.69,307.16,242.75,1.0000,-1,-1,-1
59,86,1435.31,993.05,122.65,51.59,1.0000,-1,-1,-1
59,88,1156.90,241.97,68.74,57.55,0.5422,-1,-1,-1
59,95,1650.19,713.83,46.46,49.08,1.0000,-1,-1,-1
59,103,1155.89,629.49,96.76,93.74,0.6345,-1,-1,-1
60,3,1225.68,46.62,70.30,74.46,0.0371,-1,-1,-1
60,6,1523.22,34.36,68.07,64.19,0.8576,-1,-1,-1
60,8,1324.22,1198.19,98.33,94.78,1.0000,-1,-1,-1
60,10,1213.11,289.47,103.17,99.82,0.5896,-1,-1,-1
60,11,1226.36,37.18,61.98,54.50,0.1846,-1,-1,-1
60,17,1399.90,366.39,105.94,101.24,0.8085,-1,-1,-1
60,18,1415.29,-96.42,-283.49,-177.99,1.0000,-1,-1,-1
60,21,1198.77,173.28,36.77,30.73,1.0000,-1,-1,-1
60,30,1471.02,-14.74,-14.43,-9.29,1.0000,-1,-1,-1
60,38,1315.58,52.55,75.41,65.75,0.7316,-1,-1,-1
60,43,736.64,468.86,68.74,64.27,0.6653,-1,-1,-1
60,48,1191.72,120.54,71.80,68.12,1.0000,-1,-1,-1
60,52,996.24,389.23,453.50,237.36,1.0000,-1,-1,-1
60,56,541.47,746.89,92.84,86.83,1.0000,-1,-1,-1
60,62,1291.29,122.33,78.42,71.00,0.3455,-1,-1,-1
60,65,1184.69,157.88,69.16,66.92,0.7411,-1,-1,-1
60,69,1069.58,94.34,97.35,94.07,0.7737,-1,-1,-1
60,70,1193.32,504.55,193.72,291.57,0.0853,-1,-1,-1
60,71,1151.27,857.30,97.49,95.67,1.0000,-1,-1,-1
60,73,1232.26,83.96,63.75,54.62,0.5049,-1,-1,-1
60,81,1637.15,1049.29,88.03,30.71,0.0246,-1,-1,-1
60,84,1132.09,546.19,315.40,249.27,1.0000,-1,-1,-1
60,86,1437.05,993.88,118.14,49.89,0.0156,-1,-1,-1
60,88,1157.43,237.01,67.35,57.41,0.6950,-1,-1,-1
60,95,1652.82,714.77,46.19,48.79,1.0000,-1,-1,-1
60,103,1157.73,610.97,97.24,94.47,0.7038,-1,-1,-1
60,105,1814.33,1032.25,105.56,45.46,0.0348,-1,-1,-1
61,3,1227.89,57.43,63.75,67.55,0.0602,-1,-1,-1
61,6,1523.42,33.09,66.00,61.95,0.8611,-1,-1,-1
61,8,1330.89,1217.12,98.45,94.90,1.0000,-1,-1,-1
61,10,1209.57,285.50,105.09,101.65,0.7574,-1,-1,-1
61,11,1225.95,36.11,60.92,53.38,0.3063,-1,-1,-1
61,17,1410.18,354.38,104.28,99.96,0.8475,-1,-1,-1
61,18,1418.48,-100.23,-296.29,-186.02,1.0000,-1,-1,-1
61,21,1198.13,169.65,35.14,29.37,1.0000,-1,-1,-1
61,30,1473.50,-16.81,-23.08,-14.86,1.0000,-1,-1,-1
61,38,1314.31,48.23,74.21,64.99,0.6963,-1,-1,-1
61,43,731.50,469.52,68.00,63.61,0.6902,-1,-1,-1
61,48,1191.30,108.59,72.19,68.48,1.0000,-1,-1,-1
61,52,992.63,397.81,462.92,242.29,1.0000,-1,-1,-1
61,56,536.58,765.85,92.73,86.72,1.0000,-1,-1,-1
61,62,1289.43,116.52,77.20,70.09,0.5151,-1,-1,-1
61,65,1183.43,151.74,70.77,68.94,0.7809,-1,-1,-1
61,69,1066.30,85.05,97.20,93.94,0.8118,-1,-1,-1
61,70,1191.20,503.53,194.62,293.31,0.1120,-1,-1,-1
61,71,1151.30,880.11,97.49,95.68,1.0000,-1,-1,-1
61,73,1230.61,82.36,64.14,55.64,0.6606,-1,-1,-1
61,81,1637.16,1049.47,87.49,30.53,0.0282,-1,-1,-1
61,84,1128.31,539.70,323.64,255.78,1.0000,-1,-1,-1
61,86,1438.83,995.12,114.97,48.62,0.0107,-1,-1,-1
61,88,1157.81,233.15,63.94,55.16,0.7709,-1,-1,-1
61,95,1655.45,715.71,45.91,48.50,1.0000,-1,-1,-1
61,103,1158.37,590.41,98.21,95.78,0.6430,-1,-1,-1
61,105,1813.37,1033.23,105.02,45.17,0.0378,-1,-1,-1
61,107,553.85,647.99,87.99,87.33,0.1073,-1,-1,-1
62,3,1228.52,52.93,60.19,63.41,0.0739,-1,-1,-1
62,6,1522.73,30.28,65.54,61.21,0.8492,-1,-1,-1
62,8,1337.55,1236.05,98.57,95.02,1.0000,-1,-1,-1
62,10,1207.39,282.47,105.58,102.08,0.8304,-1,-1,-1
62,11,1224.71,34.53,61.16,53.56,0.4407,-1,-1,-1
62,17,1419.74,343.07,103.58,99.30,0.8378,-1,-1,-1
62,18,1421.68,-104.04,-309.08,-194.05,1.0000,-1,-1,-1
62,21,1197.50,166.02,33.51,28.01,1.0000,-1,-1,-1
62,30,1475.98,-18.88,-31.73,-20.43,1.0000,-1,-1,-1
62,38,1312.96,44.58,74.21,65.34,0.8201,-1,-1,-1
62,43,726.26,470.60,67.93,63.16,0.7967,-1,-1,-1
62,48,1190.88,96.65,72.57,68.85,1.0000,-1,-1,-1
62,56,531.69,784.81,92.61,86.61,1.0000,-1,-1,-1
62,62,1287.15,111.35,76.75,69.89,0.6432,-1,-1,-1
62,65,1181.29,143.38,74.10,73.03,0.7402,-1,-1,-1
62,69,1064.57,77.04,94.30,90.83,0.8225,-1,-1,-1
62,70,1189.97,502.83,194.78,294.05,0.0492,-1,-1,-1
62,71,1151.32,902.93,97.50,95.69,1.0000,-1,-1,-1
62,73,1230.38,82.01,61.47,53.60,0.7075,-1,-1,-1
62,81,1638.85,1049.64,87.38,30.36,0.0517,-1,-1,-1
62,84,1124.52,533.20,331.88,262.29,1.0000,-1,-1,-1
62,86,1440.08,996.52,112.71,47.50,0.0471,-1,-1,-1
62,88,1154.71,227.92,64.46,56.10,0.7209,-1,-1,-1
62,95,1658.08,716.64,45.64,48.21,1.0000,-1,-1,-1
62,103,1156.09,570.19,106.50,104.86,0.0531,-1,-1,-1
62,105,1809.70,1032.04,108.02,46.38,0.0634,-1,-1,-1
62,107,553.60,630.34,89.46,88.84,0.3309,-1,-1,-1
63,3,1222.15,47.60,58.93,61.31,0.0131,-1,-1,-1
63,6,1521.84,28.00,65.34,60.71,0.7942,-1,-1,-1
63,8,1344.22,1254.98,98.70,95.13,1.0000,-1,-1,-1
63,10,1203.21,278.30,108.02,104.73,0.8146,-1,-1,-1
63,11,1223.55,33.93,60.88,53.21,0.3821,-1,-1,-1
63,17,1428.57,330.33,103.82,99.70,0.8225,-1,-1,-1
63,18,1424.87,-107.85,-321.88,-202.08,1.0000,-1,-1,-1
63,21,1185.59,180.63,48.57,39.86,0.2262,-1,-1,-1
63,30,1478.46,-20.95,-40.38,-26.00,1.0000,-1,-1,-1
63,38,1311.65,40.92,75.27,66.70,0.8294,-1,-1,-1
63,43,719.52,471.29,69.48,64.33,0.7942,-1,-1,-1
63,48,1190.45,84.70,72.96,69.22,1.0000,-1,-1,-1
63,56,526.81,803.78,92.49,86.50,1.0000,-1,-1,-1
63,62,1285.81,106.58,76.09,69.49,0.6813,-1,-1,-1
63,65,1180.60,135.96,74.43,74.35,0.5816,-1,-1,-1
63,69,1062.36,68.32,93.49,89.73,0.7902,-1,-1,-1
63,70,1189.34,501.91,194.40,294.47,0.1901,-1,-1,-1
63,71,1151.35,925.74,97.51,95.70,1.0000,-1,-1,-1
63,73,1230.69,81.17,59.57,52.45,0.6576,-1,-1,-1
63,81,1641.11,1050.49,85.53,29.51,0.0628,-1,-1,-1
63,84,1120.73,526.71,340.12,268.80,1.0000,-1,-1,-1
63,86,1440.91,996.45,112.50,47.16,0.0145,-1,-1,-1
63,88,1154.56,225.10,61.53,53.81,0.4459,-1,-1,-1
63,95,1660.71,717.58,45.36,47.92,1.0000,-1,-1,-1
63,103,1160.14,551.88,101.68,100.58,0.4214,-1,-1,-1
63,105,1812.49,1031.64,101.99,43.48,0.0224,-1,-1,-1
63,107,553.75,616.28,89.93,89.35,0.1087,-1,-1,-1
64,3,1220.29,45.08,58.03,60.37,1.0000,-1,-1,-1
64,6,1520.89,24.97,65.92,60.81,0.7540,-1,-1,-1
64,8,1350.89,1273.91,98.82,95.25,1.0000,-1,-1,-1
64,10,1199.19,275.69,109.30,106.22,0.7794,-1,-1,-1
64,11,1222.11,31.92,62.16,54.47,0.5758,-1,-1,-1
64,17,1437.39,318.97,103.33,99.46,0.8474,-1,-1,-1
64,18,1428.07,-111.66,-334.67,-210.11,1.0000,-1,-1,-1
64,21,1185.29,179.43,48.68,39.12,0.4862,-1,-1,-1
64,30,1480.93,-23.01,-49.04,-31.57,1.0000,-1,-1,-1
64,38,1310.91,38.33,75.29,66.95,0.8247,-1,-1,-1
64,43,714.42,473.31,68.89,63.64,0.8118,-1,-1,-1
64,48,1190.03,72.76,73.35,69.58,1.0000,-1,-1,-1
64,56,521.92,822.74,92.37,86.39,1.0000,-1,-1,-1
64,62,1284.30,102.22,75.41,69.10,0.6356,-1,-1,-1
64,65,1184.23,130.91,65.05,64.47,0.7538,-1,-1,-1
64,69,1059.61,59.08,94.79,90.92,0.7459,-1,-1,-1
64,70,1188.39,500.19,194.92,296.59,0.2727,-1,-1,-1
64,71,1151.38,948.55,97.52,95.71,1.0000,-1,-1,-1
64,73,1230.54,80.22,59.07,52.17,0.6755,-1,-1,-1
64,81,1640.83,1050.30,86.12,29.70,0.0401,-1,-1,-1
64,84,1116.94,520.22,348.36,275.31,1.0000,-1,-1,-1
64,86,1440.78,996.82,113.26,47.40,0.0110,-1,-1,-1
64,88,1153.53,221.83,60.96,53.72,0.5861,-1,-1,-1
64,95,1663.34,718.52,45.08,47.63,1.0000,-1,-1,-1
64,103,1158.95,532.72,106.96,106.58,0.2074,-1,-1,-1
64,105,1811.84,1031.67,101.34,43.21,1.0000,-1,-1,-1
64,107,553.24,600.97,89.84,89.26,0.6554,-1,-1,-1
65,3,1218.42,42.56,57.13,59.43,1.0000,-1,-1,-1
65,6,1519.79,21.44,67.61,62.10,0.7877,-1,-1,-1
65,8,1357.55,1292.84,98.94,95.37,1.0000,-1,-1,-1
65,10,1196.35,273.97,108.70,105.99,0.8065,-1,-1,-1
65,11,1220.50,30.62,62.92,55.29,0.5439,-1,-1,-1
65,17,1446.76,307.86,102.75,98.67,0.8852,-1,-1,-1
65,18,1431.26,-115.47,-347.47,-218.15,1.0000,-1,-1,-1
65,21,1182.31,176.12,51.49,41.49,0.7747,-1,-1,-1
65,30,1483.41,-25.08,-57.69,-37.15,1.0000,-1,-1,-1
65,38,1309.88,35.60,74.29,66.01,0.7811,-1,-1,-1
65,43,707.95,474.28,68.87,63.84,0.8077,-1,-1,-1
65,48,1191.43,111.96,74.01,69.60,0.0111,-1,-1,-1
65,56,517.03,841.71,92.25,86.28,1.0000,-1,-1,-1
65,62,1282.88,97.64,73.61,67.44,0.4730,-1,-1,-1
65,65,1185.42,124.73,61.62,60.65,0.6054,-1,-1,-1
65,69,1057.14,50.84,94.64,90.69,0.7458,-1,-1,-1
65,70,1188.27,499.21,194.70,297.59,0.4106,-1,-1,-1
65,71,1151.41,971.37,97.53,95.72,1.0000,-1,-1,-1
65,73,1228.87,79.18,59.44,52.54,0.6451,-1,-1,-1
65,81,1641.05,1050.13,86.61,29.87,0.0413,-1,-1,-1
65,84,1113.16,513.72,356.60,281.82,1.0000,-1,-1,-1
65,86,1434.98,998.00,116.46,49.06,0.0234,-1,-1,-1
65,88,1153.99,218.36,59.63,52.95,0.6903,-1,-1,-1
65,95,1665.97,719.46,44.81,47.33,1.0000,-1,-1,-1
65,103,1162.00,514.38,100.55,100.63,0.0208,-1,-1,-1
65,105,1817.84,1031.24,100.39,42.80,0.0246,-1,-1,-1
65,107,552.19,586.88,92.87,92.64,0.7503,-1,-1,-1
66,3,1216.56,40.04,56.23,58.50,1.0000,-1,-1,-1
66,6,1519.31,17.67,70.24,64.25,0.8008,-1,-1,-1
66,8,1364.22,1311.77,99.06,95.49,1.0000,-1,-1,-1
66,10,1193.44,271.15,110.11,107.38,0.8386,-1,-1,-1
66,11,1219.51,29.79,62.70,55.02,0.6025,-1,-1,-1
66,17,1455.65,296.03,104.02,100.06,0.8479,-1,-1,-1
66,21,1177.05,170.72,57.02,46.17,0.4818,-1,-1,-1
66,30,1485.89,-27.15,-66.34,-42.72,1.0000,-1,-1,-1
66,38,1309.61,34.53,72.18,63.93,0.7575,-1,-1,-1
66,43,702.48,474.70,69.49,64.67,0.8404,-1,-1,-1
66,48,1191.15,103.34,74.38,69.94,1.0000,-1,-1,-1
66,56,512.14,860.67,92.14,86.17,1.0000,-1,-1,-1
66,62,1278.02,91.07,75.26,68.95,0.4151,-1,-1,-1
66,65,1183.88,117.47,62.50,61.13,0.6481,-1,-1,-1
66,69,1053.59,42.03,94.68,90.29,0.7891,-1,-1,-1
66,70,1186.97,498.22,193.31,297.40,0.3759,-1,-1,-1
66,71,1151.44,994.18,97.54,95.73,1.0000,-1,-1,-1
66,73,1227.49,79.22,58.25,51.23,0.2753,-1,-1,-1
66,81,1637.96,1049.65,88.04,30.35,0.0117,-1,-1,-1
66,84,1109.37,507.23,364.84,288.33,1.0000,-1,-1,-1
66,86,1434.54,998.29,117.10,49.32,1.0000,-1,-1,-1
66,88,1155.07,215.65,56.03,49.92,0.5592,-1,-1,-1
66,95,1668.60,720.39,44.53,47.04,1.0000,-1,-1,-1
66,103,1167.04,500.51,95.90,95.82,0.5379,-1,-1,-1
66,105,1820.36,1029.84,102.64,44.11,0.0240,-1,-1,-1
66,107,555.08,572.34,89.10,88.97,0.7866,-1,-1,-1
66,112,1862.38,983.19,58.91,39.42,0.0152,-1,-1,-1
67,3,1214.69,37.51,55.32,57.56,1.0000,-1,-1,-1
67,6,1518.58,15.88,69.61,63.16,0.7086,-1,-1,-1
67,10,1190.66,269.06,110.75,107.69,0.8044,-1,-1,-1
67,11,1217.85,27.63,63.58,56.10,0.6772,-1,-1,-1
67,17,1464.67,285.44,104.36,100.37,0.8453,-1,-1,-1
67,21,1170.86,167.01,62.54,50.14,0.4482,-1,-1,-1
67,30,1488.37,-29.22,-74.99,-48.29,1.0000,-1,-1,-1
67,38,1309.61,33.41,70.50,62.24,0.7620,-1,-1,-1
67,43,698.84,476.54,67.60,63.13,0.8608,-1,-1,-1
67,48,1190.86,94.71,74.75,70.29,1.0000,-1,-1,-1
67,56,507.26,879.64,92.02,86.06,1.0000,-1,-1,-1
67,62,1276.40,87.68,74.61,68.24,0.5686,-1,-1,-1
67,65,1182.82,110.99,63.11,61.37,0.7710,-1,-1,-1
67,69,1049.37,33.67,95.46,90.39,0.8045,-1,-1,-1
67,70,1186.91,497.65,192.46,297.83,0.3597,-1,-1,-1
67,71,1151.47,1016.99,97.54,95.73,1.0000,-1,-1,-1
67,73,1226.90,79.97,54.68,48.01,0.2248,-1,-1,-1
67,81,1637.92,1049.64,88.07,30.36,1.0000,-1,-1,-1
67,84,1105.58,500.73,373.08,294.85,1.0000,-1,-1,-1
67,86,1434.11,998.57,117.73,49.59,1.0000,-1,-1,-1
67,88,1153.36,211.87,55.68,49.50,0.4653,-1,-1,-1
67,95,1671.23,721.33,44.26,46.75,1.0000,-1,-1,-1
67,103,1168.57,486.53,92.99,92.88,0.0372,-1,-1,-1
67,105,1821.02,1029.73,103.59,44.90,0.0249,-1,-1,-1
67,107,557.58,561.52,84.52,84.26,0.8379,-1,-1,-1
67,112,1864.42,983.19,55.94,37.43,0.0122,-1,-1,-1
68,3,1212.83,34.99,54.42,56.62,1.0000,-1,-1,-1
68,6,1519.24,12.84,71.20,64.42,0.7816,-1,-1,-1
68,10,1186.44,266.66,112.73,109.17,0.8297,-1,-1,-1
68,11,1216.75,26.04,63.68,56.52,0.6559,-1,-1,-1
68,17,1471.66,275.06,105.56,101.51,0.8490,-1,-1,-1
68,21,1167.87,166.19,62.62,49.70,0.5134,-1,-1,-1
68,30,1490.85,-31.29,-83.64,-53.86,1.0000,-1,-1,-1
68,38,1309.00,30.78,69.78,61.31,0.7595,-1,-1,-1
68,43,695.39,477.96,66.33,62.10,0.8458,-1,-1,-1
68,48,1190.58,86.09,75.11,70.63,1.0000,-1,-1,-1
68,56,502.37,898.60,91.90,85.95,1.0000,-1,-1,-1
68,62,1275.72,83.60,74.12,67.75,0.7342,-1,-1,-1
68,65,1182.44,106.04,61.58,59.50,0.6555,-1,-1,-1
68,69,1049.25,28.76,92.49,86.68,0.8739,-1,-1,-1
68,70,1187.48,497.81,190.85,297.11,0.6241,-1,-1,-1
68,71,1151.50,1039.81,97.55,95.74,1.0000,-1,-1,-1
68,73,1225.20,81.04,54.52,47.97,0.4823,-1,-1,-1
68,81,1637.88,1049.63,88.10,30.37,1.0000,-1,-1,-1
68,84,1101.79,494.24,381.31,301.36,1.0000,-1,-1,-1
68,86,1446.59,992.48,111.66,47.28,0.0125,-1,-1,-1
68,88,1151.72,208.15,54.37,48.33,0.3689,-1,-1,-1
68,95,1673.86,722.27,43.98,46.46,1.0000,-1,-1,-1
68,103,1169.78,471.58,92.41,92.31,0.7862,-1,-1,-1
68,105,1824.83,1029.87,99.63,43.51,0.0188,-1,-1,-1
68,107,557.19,548.90,83.87,83.66,0.7897,-1,-1,-1
68,112,1864.93,984.34,55.05,36.82,0.0130,-1,-1,-1
68,114,1569.74,998.05,101.36,45.97,0.0246,-1,-1,-1
69,3,1210.96,32.47,53.52,55.68,1.0000,-1,-1,-1
69,6,1518.96,9.83,72.23,65.10,0.8145,-1,-1,-1
69,10,1181.08,263.51,116.02,111.94,0.6787,-1,-1,-1
69,11,1215.74,25.10,63.69,56.76,0.6357,-1,-1,-1
69,17,1480.90,264.37,105.15,101.29,0.8334,-1,-1,-1
69,21,1164.89,165.20,62.43,49.37,0.5288,-1,-1,-1
69,30,1493.33,-33.36,-92.30,-59.43,1.0000,-1,-1,-1
69,38,1307.80,27.42,70.45,61.92,0.7503,-1,-1,-1
69,43,692.59,480.59,64.00,59.70,0.6025,-1,-1,-1
69,48,1194.17,92.69,65.75,60.65,0.0336,-1,-1,-1
69,56,497.48,917.57,91.78,85.84,1.0000,-1,-1,-1
69,62,1275.16,80.70,72.64,66.34,0.7410,-1,-1,-1
69,65,1181.02,100.02,61.04,58.65,0.2086,-1,-1,-1
69,69,1049.04,22.68,91.55,85.43,0.8805,-1,-1,-1
69,70,1186.14,496.97,189.99,298.20,0.7645,-1,-1,-1
69,71,1151.53,1062.62,97.56,95.75,1.0000,-1,-1,-1
69,73,1223.06,81.07,55.07,48.66,0.3740,-1,-1,-1
69,81,1637.84,1049.62,88.13,30.38,1.0000,-1,-1,-1
69,84,1098.01,487.75,389.55,307.87,1.0000,-1,-1,-1
69,86,1451.07,990.46,108.68,46.32,0.0111,-1,-1,-1
69,88,1151.22,205.15,53.30,47.54,0.5770,-1,-1,-1
69,95,1676.49,723.21,43.70,46.17,1.0000,-1,-1,-1
69,103,1170.63,454.57,91.33,91.16,0.6635,-1,-1,-1
69,105,1831.98,1028.02,95.77,42.55,0.0122,-1,-1,-1
69,107,558.75,535.80,79.57,78.76,0.2025,-1,-1,-1
69,112,1863.04,985.67,59.25,39.87,0.0129,-1,-1,-1
69,114,1565.55,1006.85,89.88,40.42,0.0111,-1,-1,-1
70,3,1228.80,44.03,58.59,59.87,0.0133,-1,-1,-1
70,6,1519.30,7.85,72.02,64.69,0.7893,-1,-1,-1
70,10,1178.46,261.46,116.75,112.39,0.7651,-1,-1,-1
70,11,1215.28,23.90,63.37,56.80,0.6888,-1,-1,-1
70,17,1488.79,253.46,105.45,101.61,0.8912,-1,-1,-1
70,21,1162.64,164.05,63.21,49.89,0.5596,-1,-1,-1
70,30,1495.81,-35.43,-100.95,-65.00,1.0000,-1,-1,-1
70,38,1306.32,24.64,71.26,62.80,0.7716,-1,-1,-1
70,43,689.93,483.73,62.19,57.93,0.7689,-1,-1,-1
70,48,1194.30,85.43,65.12,60.07,1.0000,-1,-1,-1
70,56,492.59,936.53,91.66,85.73,1.0000,-1,-1,-1
70,62,1274.26,76.60,71.64,65.30,0.7180,-1,-1,-1
70,65,1179.46,93.79,61.97,59.38,0.5481,-1,-1,-1
70,69,1047.49,14.97,91.43,85.11,0.8523,-1,-1,-1
70,70,1186.00,495.52,188.75,299.15,0.6476,-1,-1,-1
70,71,1151.56,1085.43,97.57,95.76,1.0000,-1,-1,-1
70,73,1221.69,80.01,55.85,49.66,0.5505,-1,-1,-1
70,81,1637.79,1049.61,88.16,30.39,1.0000,-1,-1,-1
70,84,1094.22,481.25,397.79,314.38,1.0000,-1,-1,-1
70,86,1452.22,989.94,108.47,46.23,1.0000,-1,-1,-1
70,88,1150.53,201.87,52.95,47.35,0.6345,-1,-1,-1
70,95,1679.12,724.15,43.43,45.88,1.0000,-1,-1,-1
70,103,1171.51,439.23,91.18,91.26,0.1124,-1,-1,-1
70,105,1833.93,1028.57,93.70,42.24,0.0122,-1,-1,-1
70,107,558.76,520.68,80.66,79.75,0.6229,-1,-1,-1
70,112,1862.90,987.01,60.37,40.92,0.0116,-1,-1,-1
70,114,1564.46,1010.52,83.95,37.75,1.0000,-1,-1,-1
71,3,1228.81,42.81,58.14,59.41,1.0000,-1,-1,-1
71,6,1519.10,6.90,71.70,64.24,0.8150,-1,-1,-1
71,10,1175.58,261.05,116.43,111.89,0.7885,-1,-1,-1
71,11,1214.47,23.22,62.60,56.34,0.6732,-1,-1,-1
71,17,1499.21,244.13,102.77,99.21,0.8943,-1,-1,-1
71,21,1159.30,163.14,64.90,51.05,0.5663,-1,-1,-1
71,30,1498.29,-37.50,-109.60,-70.57,1.0000,-1,-1,-1
71,38,1305.22,22.49,71.10,62.77,0.8117,-1,-1,-1
71,43,683.87,484.75,63.13,58.98,0.7623,-1,-1,-1
71,48,1194.42,78.18,64.49,59.48,1.0000,-1,-1,-1
71,56,487.71,955.49,91.54,85.62,1.0000,-1,-1,-1
71,62,1273.43,72.84,70.09,63.95,0.6812,-1,-1,-1
71,65,1178.93,87.78,61.92,58.97,0.6062,-1,-1,-1
71,69,1045.71,7.81,92.10,85.19,0.8695,-1,-1,-1
71,70,1186.14,494.04,187.12,299.76,0.7140,-1,-1,-1
71,71,1151.59,1108.25,97.58,95.77,1.0000,-1,-1,-1
71,73,1220.79,77.79,57.51,51.68,0.2841,-1,-1,-1
71,81,1637.75,1049.60,88.18,30.40,1.0000,-1,-1,-1
71,84,1090.43,474.76,406.03,320.89,1.0000,-1,-1,-1
71,86,1453.37,989.42,108.27,46.14,1.0000,-1,-1,-1
71,88,1149.98,198.81,53.23,47.62,0.4212,-1,-1,-1
71,95,1681.75,725.08,43.15,45.59,1.0000,-1,-1,-1
71,103,1171.69,422.59,90.90,91.21,0.7668,-1,-1,-1
71,105,1830.94,1029.39,93.30,42.25,0.0207,-1,-1,-1
71,107,558.87,507.79,81.58,80.70,0.8714,-1,-1,-1
71,112,1862.65,987.47,60.77,41.50,0.0253,-1,-1,-1
71,114,1563.37,1014.20,78.02,35.09,1.0000,-1,-1,-1
72,3,1228.81,41.58,57.68,58.94,1.0000,-1,-1,-1
72,6,1519.59,5.83,71.00,63.27,0.7808,-1,-1,-1
72,10,1171.12,260.08,117.84,113.01,0.7361,-1,-1,-1
72,11,1213.68,22.81,61.71,55.56,0.6540,-1,-1,-1
72,17,1507.19,233.52,103.20,99.84,0.8889,-1,-1,-1
72,21,1160.18,163.17,63.20,49.83,0.5004,-1,-1,-1
72,30,1500.77,-39.57,-118.26,-76.14,1.0000,-1,-1,-1
72,38,1304.66,21.17,70.64,62.38,0.8120,-1,-1,-1
72,43,677.59,486.55,63.18,59.50,0.6377,-1,-1,-1
72,48,1194.55,70.92,63.86,58.90,1.0000,-1,-1,-1
72,56,482.82,974.46,91.43,85.50,1.0000,-1,-1,-1
72,62,1271.10,69.05,69.49,63.73,0.6334,-1,-1,-1
72,65,1178.79,83.26,61.32,58.02,0.5928,-1,-1,-1
72,69,1043.95,2.20,92.70,85.19,0.8558,-1,-1,-1
72,70,1186.05,492.88,185.49,300.31,0.6646,-1,-1,-1
72,71,1151.62,1131.06,97.59,95.78,1.0000,-1,-1,-1
72,73,1215.34,78.34,61.51,55.78,0.1179,-1,-1,-1
72,81,1637.71,1049.59,88.21,30.41,1.0000,-1,-1,-1
72,84,1086.65,468.26,414.27,327.40,1.0000,-1,-1,-1
72,86,1454.53,988.90,108.06,46.06,1.0000,-1,-1,-1
72,88,1150.06,197.17,52.04,46.50,0.1516,-1,-1,-1
72,95,1684.38,726.02,42.88,45.29,1.0000,-1,-1,-1
72,103,1172.71,407.03,88.47,88.64,0.7313,-1,-1,-1
72,105,1835.47,1030.87,88.03,40.14,0.0162,-1,-1,-1
72,107,557.70,495.42,82.30,81.42,0.8107,-1,-1,-1
72,112,1863.16,987.49,59.68,41.00,0.0262,-1,-1,-1
72,114,1562.28,1017.87,72.09,32.42,1.0000,-1,-1,-1
73,3,1228.82,40.36,57.23,58.48,1.0000,-1,-1,-1
73,6,1518.90,4.95,70.99,63.06,0.8160,-1,-1,-1
73,10,1166.53,257.52,120.88,116.02,0.6934,-1,-1,-1
73,11,1212.69,22.67,61.60,55.51,0.5057,-1,-1,-1
73,17,1517.49,224.53,102.40,99.12,0.8622,-1,-1,-1
73,21,1160.64,162.89,62.76,49.94,0.3010,-1,-1,-1
73,30,1503.25,-41.63,-126.91,-81.71,1.0000,-1,-1,-1
73,38,1304.03,19.99,70.47,62.23,0.8086,-1,-1,-1
73,43,673.06,489.07,62.22,59.09,0.7045,-1,-1,-1
73,48,1194.68,63.66,63.22,58.32,1.0000,-1,-1,-1
73,56,477.93,993.42,91.31,85.39,1.0000,-1,-1,-1
73,62,1269.52,65.74,69.06,63.56,0.7308,-1,-1,-1
73,65,1178.64,77.55,62.30,58.29,0.3421,-1,-1,-1
73,69,1043.19,-1.84,91.74,83.49,0.8485,-1,-1,-1
73,70,1184.75,492.78,182.97,299.65,0.5277,-1,-1,-1
73,71,1151.65,1153.88,97.60,95.78,1.0000,-1,-1,-1
73,73,1209.65,75.92,63.67,57.69,0.0457,-1,-1,-1
73,81,1637.67,1049.58,88.24,30.42,1.0000,-1,-1,-1
73,84,1082.86,461.77,422.51,333.92,1.0000,-1,-1,-1
73,86,1455.68,988.38,107.85,45.97,1.0000,-1,-1,-1
73,88,1147.93,190.36,54.18,48.48,0.1734,-1,-1,-1
73,95,1687.01,726.96,42.60,45.00,1.0000,-1,-1,-1
73,103,1172.40,392.03,89.73,90.06,0.8570,-1,-1,-1
73,105,1830.50,1032.27,88.27,39.94,0.0131,-1,-1,-1
73,107,558.82,483.78,80.08,78.84,0.8423,-1,-1,-1
73,112,1865.09,987.80,56.96,39.30,0.0168,-1,-1,-1
73,114,1561.19,1021.55,66.16,29.75,1.0000,-1,-1,-1
74,3,1228.83,39.14,56.77,58.01,1.0000,-1,-1,-1
74,6,1518.35,3.80,71.06,62.94,0.8243,-1,-1,-1
74,10,1162.89,255.50,122.35,117.72,0.6945,-1,-1,-1
74,11,1211.87,22.40,61.38,55.39,0.4723,-1,-1,-1
74,17,1526.88,215.04,101.20,98.28,0.8167,-1,-1,-1
74,21,1161.60,163.30,60.41,48.53,0.1434,-1,-1,-1
74,30,1505.73,-43.70,-135.56,-87.28,1.0000,-1,-1,-1
74,38,1301.98,18.14,72.19,63.63,0.8164,-1,-1,-1
74,43,668.17,491.39,61.70,59.21,0.6878,-1,-1,-1
74,48,1185.79,58.66,81.98,72.94,0.0154,-1,-1,-1
74,56,473.05,1012.39,91.19,85.28,1.0000,-1,-1,-1
74,62,1267.72,62.05,68.82,63.14,0.6820,-1,-1,-1
74,65,1178.92,71.76,65.48,60.35,0.3793,-1,-1,-1
74,69,1043.17,-3.35,86.97,78.11,0.8067,-1,-1,-1
74,70,1182.81,491.83,181.06,299.53,0.3807,-1,-1,-1
74,71,1151.67,1176.69,97.60,95.79,1.0000,-1,-1,-1
74,73,1212.17,71.01,65.13,59.83,0.0612,-1,-1,-1
74,81,1637.62,1049.57,88.27,30.43,1.0000,-1,-1,-1
74,84,1079.07,455.28,430.75,340.43,1.0000,-1,-1,-1
74,86,1456.84,987.87,107.64,45.88,1.0000,-1,-1,-1
74,88,1145.30,182.70,58.16,52.02,0.0862,-1,-1,-1
74,95,1689.64,727.90,42.33,44.71,1.0000,-1,-1,-1
74,103,1173.83,378.51,87.82,88.07,0.8709,-1,-1,-1
74,105,1840.93,1031.56,84.39,39.01,0.0100,-1,-1,-1
74,107,559.01,472.17,79.23,77.69,0.8864,-1,-1,-1
74,112,1866.91,987.80,55.36,38.47,0.0217,-1,-1,-1
74,114,1560.10,1025.22,60.23,27.09,1.0000,-1,-1,-1
75,3,1228.83,37.92,56.32,57.55,1.0000,-1,-1,-1
75,6,1518.13,3.09,70.23,62.17,0.8192,-1,-1,-1
75,10,1159.67,254.99,123.34,119.50,0.4190,-1,-1,-1
75,11,1211.18,22.39,60.81,54.88,0.3093,-1,-1,-1
75,17,1533.15,204.52,102.58,100.02,0.8072,-1,-1,-1
75,21,1160.61,163.26,58.76,47.53,0.0552,-1,-1,-1
75,30,1508.21,-45.77,-144.22,-92.85,1.0000,-1,-1,-1
75,38,1301.41,15.93,72.72,63.92,0.7980,-1,-1,-1
75,43,664.17,495.55,60.85,58.50,0.7580,-1,-1,-1
75,48,1183.04,60.73,81.31,67.98,0.3232,-1,-1,-1
75,56,468.16,1031.35,91.07,85.17,1.0000,-1,-1,-1
75,62,1266.04,59.36,69.33,63.61,0.6504,-1,-1,-1
75,65,1178.52,65.13,65.32,60.20,1.0000,-1,-1,-1
75,69,1043.10,-3.42,80.51,70.83,0.7936,-1,-1,-1
75,70,1179.40,489.27,180.84,302.28,0.5439,-1,-1,-1
75,71,1151.70,1199.50,97.61,95.80,1.0000,-1,-1,-1
75,73,1210.25,69.65,66.05,60.67,1.0000,-1,-1,-1
75,81,1637.58,1049.56,88.30,30.44,1.0000,-1,-1,-1
75,84,1075.28,448.78,438.99,346.94,1.0000,-1,-1,-1
75,86,1457.99,987.35,107.44,45.79,1.0000,-1,-1,-1
75,88,1144.15,178.55,58.66,51.96,0.1097,-1,-1,-1
75,95,1692.27,728.84,42.05,44.42,1.0000,-1,-1,-1
75,103,1175.88,366.18,85.13,84.92,0.8346,-1,-1,-1
75,105,1842.71,1031.67,83.36,38.53,1.0000,-1,-1,-1
75,107,559.55,460.05,79.45,77.48,0.8639,-1,-1,-1
75,112,1867.12,988.16,55.46,38.54,1.0000,-1,-1,-1
75,114,1559.01,1028.90,54.30,24.42,1.0000,-1,-1,-1
75,121,1153.88,170.08,58.37,53.34,0.0219,-1,-1,-1
75,123,1303.56,1046.11,83.24,32.11,0.0123,-1,-1,-1
76,3,1228.84,36.69,55.86,57.08,1.0000,-1,-1,-1
76,6,1517.63,2.48,68.86,60.91,0.8287,-1,-1,-1
76,10,1156.21,252.45,124.62,120.75,1.0000,-1,-1,-1
76,11,1210.37,22.80,59.61,53.84,0.3251,-1,-1,-1
76,17,1540.94,195.33,103.11,100.68,0.7686,-1,-1,-1
76,21,1159.04,161.87,58.83,47.59,1.0000,-1,-1,-1
76,30,1510.69,-47.84,-152.87,-98.42,1.0000,-1,-1,-1
76,38,1300.96,15.11,71.99,63.21,0.7702,-1,-1,-1
76,43,659.96,497.90,61.61,59.58,0.7585,-1,-1,-1
76,48,1180.86,60.57,81.24,65.59,0.5568,-1,-1,-1
76,56,463.27,1050.32,90.95,85.06,1.0000,-1,-1,-1
76,62,1264.78,56.42,68.62,62.77,0.5000,-1,-1,-1
76,65,1178.11,58.50,65.15,60.05,1.0000,-1,-1,-1
76,69,1043.95,-3.00,74.53,63.98,0.8066,-1,-1,-1
76,70,1178.22,488.82,179.52,302.33,0.5487,-1,-1,-1
76,71,1151.73,1222.32,97.62,95.81,1.0000,-1,-1,-1
76,73,1209.27,72.18,62.00,56.83,0.1427,-1,-1,-1
76,81,1637.54,1049.55,88.33,30.45,1.0000,-1,-1,-1
76,84,1071.50,442.29,447.23,353.45,1.0000,-1,-1,-1
76,86,1459.15,986.83,107.23,45.70,1.0000,-1,-1,-1
76,88,1142.35,173.66,61.43,54.08,0.0577,-1,-1,-1
76,95,1694.90,729.77,41.77,44.13,1.0000,-1,-1,-1
76,103,1177.72,352.62,84.12,83.22,0.3819,-1,-1,-1
76,105,1844.50,1031.78,82.32,38.05,1.0000,-1,-1,-1
76,107,559.22,447.20,81.06,79.09,0.8748,-1,-1,-1
76,112,1867.32,988.52,55.56,38.61,1.0000,-1,-1,-1
76,114,1557.92,1032.57,48.37,21.75,1.0000,-1,-1,-1
76,121,1157.16,164.44,55.44,50.53,0.0209,-1,-1,-1
76,123,1303.11,1044.44,85.21,32.95,0.0147,-1,-1,-1
77,3,1228.85,35.47,55.41,56.62,1.0000,-1,-1,-1
77,6,1517.82,1.89,68.34,60.42,0.8295,-1,-1,-1
77,10,1152.74,249.91,125.91,121.99,1.0000,-1,-1,-1
77,11,1209.10,22.89,59.34,53.76,0.2374,-1,-1,-1
77,17,1550.35,186.67,104.36,102.26,0.8167,-1,-1,-1
77,21,1157.48,160.47,58.91,47.65,1.0000,-1,-1,-1
77,30,1513.17,-49.91,-161.52,-103.99,1.0000,-1,-1,-1
77,38,1300.11,14.00,70.85,62.15,0.7832,-1,-1,-1
77,43,656.20,500.86,61.57,59.98,0.6890,-1,-1,-1
77,48,1175.80,58.62,77.30,62.70,0.5174,-1,-1,-1
77,56,458.38,1069.28,90.83,84.95,1.0000,-1,-1,-1
77,62,1264.60,52.98,68.10,62.32,0.2696,-1,-1,-1
77,65,1177.71,51.87,64.99,59.90,1.0000,-1,-1,-1
77,69,1045.46,-2.43,67.48,56.14,0.6852,-1,-1,-1
77,70,1176.11,487.46,178.99,303.59,0.3585,-1,-1,-1
77,71,1151.76,1245.13,97.63,95.82,1.0000,-1,-1,-1
77,73,1202.32,72.37,62.61,56.16,0.1453,-1,-1,-1
77,81,1637.50,1049.54,88.36,30.46,1.0000,-1,-1,-1
77,84,1067.71,435.79,455.47,359.96,1.0000,-1,-1,-1
77,86,1460.30,986.31,107.02,45.61,1.0000,-1,-1,-1
77,88,1141.66,171.83,61.11,53.77,0.0514,-1,-1,-1
77,95,1697.53,730.71,41.50,43.84,1.0000,-1,-1,-1
77,103,1179.14,347.00,77.27,75.06,0.1838,-1,-1,-1
77,105,1846.28,1031.89,81.29,37.57,1.0000,-1,-1,-1
77,107,558.60,435.69,81.05,79.04,0.7849,-1,-1,-1
77,112,1867.53,988.88,55.65,38.67,1.0000,-1,-1,-1
77,114,1556.83,1036.25,42.44,19.09,1.0000,-1,-1,-1
77,121,1163.33,162.54,50.58,46.00,0.0856,-1,-1,-1
77,123,1304.50,1046.01,82.17,31.77,0.0103,-1,-1,-1
77,127,1169.17,254.91,91.44,159.92,0.0170,-1,-1,-1
78,3,1228.85,34.25,54.95,56.15,1.0000,-1,-1,-1
78,6,1517.62,1.15,67.70,59.82,0.8382,-1,-1,-1
78,10,1142.09,253.13,136.22,133.63,0.0388,-1,-1,-1
78,11,1208.52,22.84,58.88,53.53,0.0667,-1,-1,-1
78,17,1559.17,177.88,105.36,103.31,0.8282,-1,-1,-1
78,21,1148.66,159.48,68.05,55.25,0.0127,-1,-1,-1
78,30,1515.64,-51.98,-170.18,-109.56,1.0000,-1,-1,-1
78,38,1299.42,13.53,69.84,61.25,0.7004,-1,-1,-1
78,43,652.98,502.40,60.72,59.64,0.6033,-1,-1,-1
78,48,1174.67,55.28,77.34,62.90,0.1477,-1,-1,-1
78,56,453.50,1088.25,90.72,84.84,1.0000,-1,-1,-1
78,62,1261.52,48.06,69.84,64.05,0.1502,-1,-1,-1
78,65,1177.31,45.24,64.83,59.75,1.0000,-1,-1,-1
78,69,1047.12,-1.48,60.38,47.98,0.6959,-1,-1,-1
78,70,1174.19,486.00,178.87,304.87,0.2082,-1,-1,-1
78,71,1151.79,1267.94,97.64,95.83,1.0000,-1,-1,-1
78,73,1195.08,69.68,66.55,58.65,0.0297,-1,-1,-1
78,81,1637.46,1049.53,88.39,30.47,1.0000,-1,-1,-1
78,84,1063.92,429.30,463.71,366.47,1.0000,-1,-1,-1
78,86,1461.46,985.79,106.81,45.52,1.0000,-1,-1,-1
78,88,1139.28,168.49,63.23,55.75,0.0369,-1,-1,-1
78,95,1700.16,731.65,41.22,43.55,1.0000,-1,-1,-1
78,103,1180.51,332.82,75.35,73.20,1.0000,-1,-1,-1
78,105,1848.07,1032.00,80.25,37.09,1.0000,-1,-1,-1
78,107,559.80,425.27,79.48,77.30,0.7994,-1,-1,-1
78,112,1867.73,989.23,55.75,38.74,1.0000,-1,-1,-1
78,114,1555.75,1039.92,36.51,16.42,1.0000,-1,-1,-1
78,121,1165.87,160.33,50.25,45.82,0.1886,-1,-1,-1
78,123,1308.06,1049.43,77.46,29.84,0.0184,-1,-1,-1
78,127,1170.56,253.72,85.27,149.13,1.0000,-1,-1,-1
78,128,1184.45,23.43,175.84,96.13,0.0159,-1,-1,-1
79,3,1228.86,33.03,54.50,55.69,1.0000,-1,-1,-1
79,6,1517.65,0.84,67.16,59.12,0.8408,-1,-1,-1
79,10,1136.94,253.64,139.57,138.82,0.4187,-1,-1,-1
79,11,1208.25,23.21,57.36,52.22,0.1387,-1,-1,-1
79,17,1570.01,170.26,103.46,101.18,0.8777,-1,-1,-1
79,21,1146.35,158.13,69.06,56.08,1.0000,-1,-1,-1
79,30,1518.13,-54.05,-178.83,-115.13,1.0000,-1,-1,-1
79,38,1298.62,12.58,68.92,60.28,0.7758,-1,-1,-1
79,43,649.80,504.31,59.37,58.45,0.4184,-1,-1,-1
79,48,1173.23,50.60,74.49,61.17,0.1150,-1,-1,-1
79,56,448.61,1107.21,90.60,84.73,1.0000,-1,-1,-1
79,62,1259.33,43.73,71.76,66.03,0.2984,-1,-1,-1
79,65,1176.90,38.61,64.66,59.60,1.0000,-1,-1,-1
79,69,1047.62,-0.54,54.71,41.00,0.5365,-1,-1,-1
79,70,1172.25,484.94,178.58,305.91,0.2969,-1,-1,-1
79,71,1151.82,1290.76,97.65,95.83,1.0000,-1,-1,-1
79,73,1192.34,68.59,67.18,59.20,1.0000,-1,-1,-1
79,81,1637.41,1049.52,88.41,30.48,1.0000,-1,-1,-1
79,84,1060.13,422.81,471.94,372.98,1.0000,-1,-1,-1
79,86,1462.61,985.27,106.60,45.44,1.0000,-1,-1,-1
79,88,1137.96,164.24,63.82,56.27,1.0000,-1,-1,-1
79,95,1702.79,732.59,40.95,43.26,1.0000,-1,-1,-1
79,103,1181.89,318.64,73.43,71.34,1.0000,-1,-1,-1
79,105,1849.85,1032.11,79.21,36.62,1.0000,-1,-1,-1
79,107,559.41,414.43,79.07,76.80,0.8364,-1,-1,-1
79,112,1867.94,989.59,55.84,38.81,1.0000,-1,-1,-1
79,114,1554.66,1043.60,30.58,13.75,1.0000,-1,-1,-1
79,121,1167.94,158.79,50.14,45.96,0.2334,-1,-1,-1
79,123,1308.16,1050.23,76.98,29.56,0.0132,-1,-1,-1
79,127,1171.95,252.53,79.10,138.33,1.0000,-1,-1,-1
79,128,1190.44,23.25,170.82,94.04,0.0167,-1,-1,-1
79,129,1550.18,1010.56,120.11,42.07,0.0167,-1,-1,-1
80,3,1228.87,31.81,54.04,55.22,1.0000,-1,-1,-1
80,6,1517.86,0.28,67.18,58.84,0.8275,-1,-1,-1
80,10,1134.96,253.74,134.70,134.29,0.4296,-1,-1,-1
80,11,1208.10,23.32,56.52,51.61,0.3485,-1,-1,-1
80,17,1578.83,161.99,103.10,100.82,0.8664,-1,-1,-1
80,21,1144.05,156.78,70.07,56.90,1.0000,-1,-1,-1
80,30,1520.61,-56.12,-187.49,-120.70,1.0000,-1,-1,-1
80,38,1296.86,11.50,68.30,59.54,0.7804,-1,-1,-1
80,43,645.70,509.44,56.72,55.57,0.4628,-1,-1,-1
80,48,1170.11,44.65,72.96,60.82,0.4455,-1,-1,-1
80,56,443.72,1126.18,90.48,84.62,1.0000,-1,-1,-1
80,62,1256.81,39.97,72.81,66.95,0.6548,-1,-1,-1
80,65,1191.55,25.08,72.27,66.75,0.0647,-1,-1,-1
80,69,1047.45,-0.15,51.22,36.30,0.4380,-1,-1,-1
80,70,1169.99,484.76,178.43,306.72,0.2395,-1,-1,-1
80,71,1151.85,1313.57,97.66,95.84,1.0000,-1,-1,-1
80,73,1189.60,67.50,67.80,59.75,1.0000,-1,-1,-1
80,81,1637.37,1049.51,88.44,30.49,1.0000,-1,-1,-1
80,86,1463.77,984.75,106.40,45.35,1.0000,-1,-1,-1
80,88,1136.63,159.99,64.41,56.79,1.0000,-1,-1,-1
80,95,1705.41,733.53,40.67,42.96,1.0000,-1,-1,-1
80,103,1183.26,304.46,71.52,69.47,1.0000,-1,-1,-1
80,105,1851.63,1032.22,78.18,36.14,1.0000,-1,-1,-1
80,107,560.16,403.13,79.62,77.60,0.8286,-1,-1,-1
80,112,1868.15,989.95,55.94,38.88,1.0000,-1,-1,-1
80,114,1553.57,1047.27,24.65,11.09,1.0000,-1,-1,-1
80,121,1168.45,158.08,48.67,44.67,0.2988,-1,-1,-1
80,123,1308.82,1050.70,76.05,29.20,1.0000,-1,-1,-1
80,127,1173.33,251.35,72.93,127.54,1.0000,-1,-1,-1
80,128,1155.93,29.50,159.69,89.74,0.0122,-1,-1,-1
80,129,1551.79,1010.61,118.95,41.66,0.0184,-1,-1,-1
80,130,1208.75,84.82,56.34,45.34,0.6398,-1,-1,-1
80,131,1559.31,998.63,119.02,45.19,0.0200,-1,-1,-1
81,3,1228.87,30.58,53.59,54.76,1.0000,-1,-1,-1
81,6,1518.09,0.58,65.83,57.32,0.8246,-1,-1,-1
81,10,1133.53,254.18,131.32,130.84,0.4280,-1,-1,-1
81,11,1206.09,23.13,57.93,53.02,0.1825,-1,-1,-1
81,17,1586.24,153.12,103.88,101.90,0.8756,-1,-1,-1
81,21,1141.75,155.43,71.08,57.72,1.0000,-1,-1,-1
81,30,1523.09,-58.18,-196.14,-126.27,1.0000,-1,-1,-1
81,38,1295.86,11.02,67.84,58.77,0.7602,-1,-1,-1
81,43,641.04,513.87,54.80,53.56,0.4391,-1,-1,-1
81,48,1169.30,37.81,75.71,63.78,0.2833,-1,-1,-1
81,56,438.83,1145.14,90.36,84.51,1.0000,-1,-1,-1
81,62,1256.19,37.60,72.60,66.41,0.5242,-1,-1,-1
81,65,1184.64,22.37,77.80,70.82,0.0543,-1,-1,-1
81,69,1048.32,-0.10,46.08,30.48,0.1264,-1,-1,-1
81,70,1167.28,484.40,178.35,307.76,0.2338,-1,-1,-1
81,71,1151.88,1336.38,97.66,95.85,1.0000,-1,-1,-1
81,73,1186.86,66.40,68.43,60.30,1.0000,-1,-1,-1
81,81,1637.33,1049.50,88.47,30.50,1.0000,-1,-1,-1
81,86,1464.92,984.23,106.19,45.26,1.0000,-1,-1,-1
81,88,1135.31,155.74,65.00,57.31,1.0000,-1,-1,-1
81,95,1708.04,734.46,40.40,42.67,1.0000,-1,-1,-1
81,103,1184.64,290.28,69.60,67.61,1.0000,-1,-1,-1
81,105,1853.42,1032.33,77.14,35.66,1.0000,-1,-1,-1
81,107,560.14,393.17,79.36,77.28,0.8502,-1,-1,-1
81,112,1868.35,990.31,56.04,38.94,1.0000,-1,-1,-1
81,114,1552.48,1050.95,18.72,8.42,1.0000,-1,-1,-1
81,121,1168.17,156.78,49.02,45.15,0.2497,-1,-1,-1
81,123,1308.91,1050.58,76.98,29.42,0.0105,-1,-1,-1
81,127,1174.72,250.16,66.76,116.75,1.0000,-1,-1,-1
81,128,1147.46,27.35,161.56,90.79,1.0000,-1,-1,-1
81,129,1559.98,1010.63,109.68,38.39,0.0247,-1,-1,-1
81,130,1207.21,83.80,58.26,47.12,0.6593,-1,-1,-1
81,131,1571.82,999.48,111.58,42.43,0.0153,-1,-1,-1
81,132,1269.18,16.59,84.89,76.19,0.0152,-1,-1,-1
82,3,1228.88,29.36,53.13,54.29,1.0000,-1,-1,-1
82,6,1517.86,0.33,65.77,57.02,0.8187,-1,-1,-1
82,10,1126.41,256.56,133.85,133.17,0.8213,-1,-1,-1
82,11,1205.09,22.68,57.75,52.86,1.0000,-1,-1,-1
82,17,1600.79,141.03,103.75,101.87,0.8632,-1,-1,-1
82,21,1139.44,154.08,72.10,58.54,1.0000,-1,-1,-1
82,30,1525.57,-60.25,-204.80,-131.84,1.0000,-1,-1,-1
82,38,1294.46,9.39,67.40,58.19,0.7059,-1,-1,-1
82,43,634.16,518.23,54.13,52.52,0.2789,-1,-1,-1
82,48,1191.55,23.84,90.49,70.78,0.0141,-1,-1,-1
82,56,433.95,1164.10,90.24,84.40,1.0000,-1,-1,-1
82,62,1253.99,35.37,69.99,63.47,0.7363,-1,-1,-1
82,65,1180.08,22.85,77.05,68.65,0.1215,-1,-1,-1
82,69,1050.08,-1.77,38.54,25.49,1.0000,-1,-1,-1
82,70,1163.63,482.70,178.90,309.74,0.2819,-1,-1,-1
82,71,1151.91,1359.20,97.67,95.86,1.0000,-1,-1,-1
82,73,1184.12,65.31,69.05,60.86,1.0000,-1,-1,-1
82,81,1637.29,1049.49,88.50,30.51,1.0000,-1,-1,-1
82,86,1466.08,983.71,105.98,45.17,1.0000,-1,-1,-1
82,88,1133.98,151.49,65.59,57.83,1.0000,-1,-1,-1
82,95,1710.67,735.40,40.12,42.38,1.0000,-1,-1,-1
82,103,1186.01,276.10,67.68,65.75,1.0000,-1,-1,-1
82,105,1855.20,1032.44,76.11,35.18,1.0000,-1,-1,-1
82,107,560.80,376.40,77.89,75.48,0.8724,-1,-1,-1
82,112,1868.56,990.67,56.13,39.01,1.0000,-1,-1,-1
82,114,1551.39,1054.62,12.79,5.75,1.0000,-1,-1,-1
82,121,1166.59,154.69,49.22,45.16,0.3869,-1,-1,-1
82,123,1309.50,1050.95,76.29,29.16,1.0000,-1,-1,-1
82,127,1176.10,248.97,60.59,105.96,1.0000,-1,-1,-1
82,128,1139.00,25.20,163.42,91.84,1.0000,-1,-1,-1
82,129,1558.14,1010.83,110.62,38.75,0.0187,-1,-1,-1
82,130,1205.17,85.90,57.66,46.85,0.6139,-1,-1,-1
82,131,1566.18,1000.42,110.31,41.91,0.0177,-1,-1,-1
82,132,1271.84,13.75,82.84,73.94,0.1125,-1,-1,-1
83,3,1228.89,28.14,52.68,53.83,1.0000,-1,-1,-1
83,6,1518.12,0.16,65.91,56.86,0.7889,-1,-1,-1
83,10,1122.95,259.17,134.99,133.61,0.8209,-1,-1,-1
83,11,1202.61,24.31,62.16,58.03,0.0436,-1,-1,-1
83,17,1612.21,132.19,104.42,102.46,0.8812,-1,-1,-1
83,21,1137.14,152.72,73.11,59.36,1.0000,-1,-1,-1
83,30,1528.05,-62.32,-213.45,-137.41,1.0000,-1,-1,-1
83,38,1293.81,8.09,66.67,57.44,0.5308,-1,-1,-1
83,43,628.45,521.35,55.45,53.58,0.4616,-1,-1,-1
83,48,1193.07,17.57,91.55,71.61,1.0000,-1,-1,-1
83,56,429.06,1183.07,90.13,84.29,1.0000,-1,-1,-1
83,62,1252.91,34.40,68.03,61.15,0.5810,-1,-1,-1
83,65,1179.05,23.61,74.23,64.73,0.0245,-1,-1,-1
83,69,1051.83,-3.44,31.01,20.51,1.0000,-1,-1,-1
83,70,1162.26,482.87,178.33,309.51,0.4273,-1,-1,-1
83,71,1151.94,1382.01,97.68,95.87,1.0000,-1,-1,-1
83,73,1181.38,64.22,69.68,61.41,1.0000,-1,-1,-1
83,81,1637.25,1049.48,88.53,30.52,1.0000,-1,-1,-1
83,86,1467.23,983.19,105.77,45.08,1.0000,-1,-1,-1
83,88,1132.66,147.25,66.18,58.35,1.0000,-1,-1,-1
83,95,1713.30,736.34,39.84,42.09,1.0000,-1,-1,-1
83,103,1187.39,261.92,65.76,63.88,1.0000,-1,-1,-1
83,105,1856.99,1032.55,75.07,34.70,1.0000,-1,-1,-1
83,107,560.81,365.85,76.57,73.51,0.8351,-1,-1,-1
83,112,1868.76,991.03,56.23,39.08,1.0000,-1,-1,-1
83,114,1550.30,1058.30,6.86,3.09,1.0000,-1,-1,-1
83,121,1165.25,153.48,50.26,45.98,0.3426,-1,-1,-1
83,123,1310.10,1051.32,75.60,28.90,1.0000,-1,-1,-1
83,127,1177.49,247.78,54.42,95.17,1.0000,-1,-1,-1
83,128,1130.54,23.05,165.29,92.89,1.0000,-1,-1,-1
83,129,1559.74,1010.80,108.35,37.95,1.0000,-1,-1,-1
83,130,1203.20,87.12,58.11,47.47,0.5490,-1,-1,-1
83,131,1569.36,1007.85,110.66,42.06,0.0107,-1,-1,-1
83,132,1274.08,10.93,80.68,71.58,0.0671,-1,-1,-1
84,3,1228.89,26.92,52.22,53.36,1.0000,-1,-1,-1
84,6,1518.30,0.13,64.94,55.51,0.7987,-1,-1,-1
84,10,1116.39,257.11,141.39,139.79,0.8465,-1,-1,-1
84,11,1208.13,22.58,76.48,64.81,0.0170,-1,-1,-1
84,17,1620.87,125.20,103.79,101.94,0.8490,-1,-1,-1
84,21,1134.84,151.37,74.12,60.18,1.0000,-1,-1,-1
84,38,1292.51,8.17,66.34,56.94,0.6568,-1,-1,-1
84,43,624.28,524.62,55.19,53.07,0.1892,-1,-1,-1
84,48,1194.59,11.30,92.62,72.44,1.0000,-1,-1,-1
84,56,424.17,1202.03,90.01,84.18,1.0000,-1,-1,-1
84,62,1250.10,32.61,67.93,60.38,0.4356,-1,-1,-1
84,65,1177.78,24.40,72.74,62.02,0.0905,-1,-1,-1
84,69,1053.58,-5.11,23.47,15.52,1.0000,-1,-1,-1
84,70,1161.62,482.73,177.98,309.78,0.3445,-1,-1,-1
84,71,1151.97,1404.82,97.69,95.88,1.0000,-1,-1,-1
84,73,1178.64,63.13,70.30,61.96,1.0000,-1,-1,-1
84,81,1637.20,1049.47,88.56,30.53,1.0000,-1,-1,-1
84,86,1468.38,982.67,105.57,44.99,1.0000,-1,-1,-1
84,88,1131.33,143.00,66.77,58.87,1.0000,-1,-1,-1
84,103,1188.76,247.74,63.84,62.02,1.0000,-1,-1,-1
84,105,1858.77,1032.66,74.03,34.22,1.0000,-1,-1,-1
84,107,562.16,355.11,77.23,73.98,0.7935,-1,-1,-1
84,112,1868.97,991.38,56.33,39.14,1.0000,-1,-1,-1
84,114,1549.21,1061.97,0.93,0.42,1.0000,-1,-1,-1
84,121,1164.44,152.97,50.54,46.04,0.5079,-1,-1,-1
84,123,1310.70,1051.69,74.91,28.63,1.0000,-1,-1,-1
84,127,1178.88,246.60,48.25,84.38,1.0000,-1,-1,-1
84,128,1122.08,20.90,167.16,93.94,1.0000,-1,-1,-1
84,129,1561.34,1010.77,106.09,37.16,1.0000,-1,-1,-1
84,130,1201.39,88.06,58.04,47.71,0.5323,-1,-1,-1
84,131,1571.47,1010.23,108.67,41.30,1.0000,-1,-1,-1
84,132,1276.07,8.97,77.97,69.18,1.0000,-1,-1,-1
85,3,1204.43,26.59,57.46,60.11,0.0659,-1,-1,-1
85,6,1518.64,-0.05,64.81,54.90,0.8128,-1,-1,-1
85,10,1106.53,246.77,154.93,154.41,0.7153,-1,-1,-1
85,11,1207.87,22.20,77.72,65.86,1.0000,-1,-1,-1
85,17,1629.76,118.59,102.90,100.39,0.8358,-1,-1,-1
85,21,1132.53,150.02,75.13,61.00,1.0000,-1,-1,-1
85,38,1291.97,7.84,65.65,56.09,0.6860,-1,-1,-1
85,43,619.98,528.80,53.89,51.36,0.2200,-1,-1,-1
85,48,1196.11,5.03,93.68,73.28,1.0000,-1,-1,-1
85,56,419.28,1221.00,89.89,84.07,1.0000,-1,-1,-1
85,62,1248.91,32.45,65.79,58.25,0.5027,-1,-1,-1
85,65,1174.16,24.94,69.61,58.50,0.1366,-1,-1,-1
85,69,1055.33,-6.78,15.94,10.54,1.0000,-1,-1,-1
85,70,1161.16,482.20,177.94,310.40,0.2438,-1,-1,-1
85,71,1152.00,1427.64,97.70,95.88,1.0000,-1,-1,-1
85,73,1175.89,62.04,70.93,62.51,1.0000,-1,-1,-1
85,81,1637.16,1049.46,88.59,30.54,1.0000,-1,-1,-1
85,86,1469.54,982.15,105.36,44.90,1.0000,-1,-1,-1
85,88,1130.01,138.75,67.36,59.39,1.0000,-1,-1,-1
85,103,1190.14,233.56,61.93,60.16,1.0000,-1,-1,-1
85,105,1860.55,1032.77,73.00,33.74,1.0000,-1,-1,-1
85,107,562.53,345.36,77.87,74.61,0.8667,-1,-1,-1
85,112,1870.47,988.88,54.56,39.23,0.0156,-1,-1,-1
85,114,1548.12,1065.65,-4.99,-2.25,1.0000,-1,-1,-1
85,121,1164.09,152.99,49.36,44.61,0.6130,-1,-1,-1
85,123,1311.14,1050.09,78.45,29.95,0.0116,-1,-1,-1
85,127,1180.26,245.41,42.08,73.59,1.0000,-1,-1,-1
85,128,1177.78,23.83,118.76,66.35,0.0275,-1,-1,-1
85,129,1562.94,1010.74,103.83,36.37,1.0000,-1,-1,-1
85,130,1200.30,89.44,57.53,47.62,0.5357,-1,-1,-1
85,131,1569.07,1012.36,109.67,41.50,0.0102,-1,-1,-1
85,132,1278.06,7.00,75.26,66.78,1.0000,-1,-1,-1
85,136,1262.98,13.33,87.52,63.65,0.0271,-1,-1,-1
86,3,1202.95,25.42,57.42,60.08,1.0000,-1,-1,-1
86,6,1518.63,-0.28,66.46,56.07,0.8218,-1,-1,-1
86,10,1102.73,258.94,147.66,146.96,0.8301,-1,-1,-1
86,11,1207.61,21.82,78.97,66.91,1.0000,-1,-1,-1
86,17,1637.91,112.22,102.09,99.35,0.8631,-1,-1,-1
86,21,1130.23,148.67,76.14,61.82,1.0000,-1,-1,-1
86,38,1290.70,6.89,66.21,56.25,0.7314,-1,-1,-1
86,43,613.95,530.42,57.03,54.19,0.6293,-1,-1,-1
86,48,1197.63,-1.24,94.75,74.11,1.0000,-1,-1,-1
86,56,414.40,1239.96,89.77,83.96,1.0000,-1,-1,-1
86,62,1247.23,30.53,66.04,58.18,0.4422,-1,-1,-1
86,65,1173.98,22.31,71.13,58.95,0.2644,-1,-1,-1
86,69,1057.08,-8.45,8.40,5.56,1.0000,-1,-1,-1
86,70,1162.23,480.99,177.85,311.95,0.3838,-1,-1,-1
86,73,1173.15,60.94,71.55,63.06,1.0000,-1,-1,-1
86,81,1637.12,1049.45,88.62,30.55,1.0000,-1,-1,-1
86,86,1470.69,981.63,105.15,44.82,1.0000,-1,-1,-1
86,88,1128.68,134.50,67.94,59.91,1.0000,-1,-1,-1
86,103,1181.16,230.91,76.64,73.49,0.8077,-1,-1,-1
86,105,1862.34,1032.88,71.96,33.26,1.0000,-1,-1,-1
86,107,564.32,336.91,76.39,73.27,0.7776,-1,-1,-1
86,112,1871.14,988.71,54.39,40.53,0.0159,-1,-1,-1
86,114,1547.03,1069.32,-10.92,-4.91,1.0000,-1,-1,-1
86,121,1163.72,152.85,48.79,43.51,0.7033,-1,-1,-1
86,123,1311.73,1050.23,78.24,29.87,1.0000,-1,-1,-1
86,127,1181.65,244.22,35.91,62.79,1.0000,-1,-1,-1
86,128,1175.43,24.31,117.31,65.72,0.0204,-1,-1,-1
86,129,1564.54,1010.71,101.57,35.58,1.0000,-1,-1,-1
86,130,1198.80,90.15,57.05,47.50,0.4936,-1,-1,-1
86,131,1563.51,1012.28,110.85,41.70,0.0141,-1,-1,-1
86,132,1280.05,5.04,72.56,64.37,1.0000,-1,-1,-1
86,136,1253.25,19.64,92.73,67.16,0.0122,-1,-1,-1
87,3,1201.47,24.25,57.38,60.04,1.0000,-1,-1,-1
87,6,1519.45,-0.34,67.32,56.37,0.8254,-1,-1,-1
87,10,1098.10,267.42,145.69,144.68,0.8580,-1,-1,-1
87,11,1207.36,21.44,80.21,67.97,1.0000,-1,-1,-1
87,17,1646.10,105.55,103.44,100.95,0.8127,-1,-1,-1
87,21,1127.93,147.32,77.15,62.64,1.0000,-1,-1,-1
87,38,1289.11,6.65,66.40,55.92,0.7407,-1,-1,-1
87,43,608.45,532.96,58.87,56.23,0.6509,-1,-1,-1
87,48,1199.14,-7.51,95.81,74.94,1.0000,-1,-1,-1
87,56,409.51,1258.93,89.65,83.85,1.0000,-1,-1,-1
87,62,1247.25,29.66,64.37,56.61,0.3331,-1,-1,-1
87,65,1173.36,19.67,74.91,61.11,0.5082,-1,-1,-1
87,69,1058.83,-10.12,0.87,0.57,1.0000,-1,-1,-1
87,70,1159.24,480.99,178.29,312.94,0.5449,-1,-1,-1
87,73,1170.41,59.85,72.18,63.61,1.0000,-1,-1,-1
87,81,1637.08,1049.44,88.64,30.56,1.0000,-1,-1,-1
87,86,1471.85,981.11,104.94,44.73,1.0000,-1,-1,-1
87,88,1127.36,130.25,68.53,60.42,1.0000,-1,-1,-1
87,103,1179.89,221.60,78.20,74.32,0.7863,-1,-1,-1
87,105,1864.12,1032.99,70.93,32.79,1.0000,-1,-1,-1
87,107,564.36,328.33,76.64,73.27,0.8351,-1,-1,-1
87,112,1871.32,988.83,54.64,40.72,1.0000,-1,-1,-1
87,114,1545.94,1073.00,-16.85,-7.58,1.0000,-1,-1,-1
87,121,1163.20,153.02,49.12,43.24,0.6688,-1,-1,-1
87,123,1312.31,1050.38,78.02,29.79,1.0000,-1,-1,-1
87,127,1183.03,243.03,29.74,52.00,1.0000,-1,-1,-1
87,128,1174.51,23.09,113.48,63.57,1.0000,-1,-1,-1
87,129,1566.14,1010.68,99.31,34.78,1.0000,-1,-1,-1
87,130,1197.97,91.66,56.52,47.46,0.5500,-1,-1,-1
87,131,1563.79,1014.23,109.64,41.24,1.0000,-1,-1,-1
87,132,1282.04,3.07,69.85,61.97,1.0000,-1,-1,-1
87,136,1255.21,20.58,90.57,65.59,1.0000,-1,-1,-1
88,3,1200.00,23.08,57.34,60.00,1.0000,-1,-1,-1
88,6,1519.49,-0.33,66.23,54.87,0.8323,-1,-1,-1
88,10,1092.30,273.72,145.69,144.84,0.8657,-1,-1,-1
88,11,1207.10,21.06,81.45,69.02,1.0000,-1,-1,-1
88,17,1652.25,98.20,106.79,104.23,0.8153,-1,-1,-1
88,21,1125.62,145.96,78.16,63.46,1.0000,-1,-1,-1
88,38,1288.04,6.63,66.69,55.95,0.7460,-1,-1,-1
88,43,606.77,538.75,55.19,52.32,0.1152,-1,-1,-1
88,48,1200.66,-13.78,96.88,75.78,1.0000,-1,-1,-1
88,56,404.62,1277.89,89.53,83.74,1.0000,-1,-1,-1
88,62,1245.65,27.01,64.76,57.02,0.1507,-1,-1,-1
88,65,1171.80,17.15,79.17,63.93,0.5563,-1,-1,-1
88,69,1060.58,-11.79,-6.67,-4.41,1.0000,-1,-1,-1
88,70,1159.58,481.03,178.31,313.50,0.6217,-1,-1,-1
88,73,1167.67,58.76,72.80,64.16,1.0000,-1,-1,-1
88,81,1637.04,1049.43,88.67,30.57,1.0000,-1,-1,-1
88,86,1473.00,980.60,104.74,44.64,1.0000,-1,-1,-1
88,88,1126.03,126.00,69.12,60.94,1.0000,-1,-1,-1
88,103,1179.91,211.81,80.47,76.61,0.8292,-1,-1,-1
88,105,1865.91,1033.10,69.89,32.31,1.0000,-1,-1,-1
88,107,564.64,321.26,76.46,72.91,0.8710,-1,-1,-1
88,112,1871.51,988.96,54.89,40.91,1.0000,-1,-1,-1
88,114,1544.85,1076.67,-22.78,-10.25,1.0000,-1,-1,-1
88,121,1163.11,153.44,48.78,42.49,0.6002,-1,-1,-1
88,123,1312.90,1050.52,77.81,29.70,1.0000,-1,-1,-1
88,127,1184.42,241.85,23.56,41.21,1.0000,-1,-1,-1
88,128,1189.17,22.72,110.82,61.98,0.0432,-1,-1,-1
88,129,1567.73,1010.65,97.04,33.99,1.0000,-1,-1,-1
88,130,1197.03,92.36,56.75,48.06,0.5493,-1,-1,-1
88,131,1564.06,1016.17,108.42,40.79,1.0000,-1,-1,-1
88,132,1284.03,1.11,67.14,59.57,1.0000,-1,-1,-1
88,136,1257.17,21.51,88.41,64.03,1.0000,-1,-1,-1
89,3,1198.52,21.91,57.31,59.96,1.0000,-1,-1,-1
89,6,1519.08,-0.29,65.77,54.11,0.8385,-1,-1,-1
89,10,1086.24,277.14,149.22,148.74,0.7187,-1,-1,-1
89,11,1206.84,20.69,82.69,70.07,1.0000,-1,-1,-1
89,17,1660.81,91.62,108.43,106.31,0.7513,-1,-1,-1
89,21,1123.32,144.61,79.18,64.28,1.0000,-1,-1,-1
89,38,1287.29,6.47,67.02,56.01,0.6672,-1,-1,-1
89,43,602.99,542.29,53.39,50.36,0.0157,-1,-1,-1
89,48,1202.18,-20.05,97.95,76.61,1.0000,-1,-1,-1
89,62,1244.71,24.41,65.10,57.68,0.0426,-1,-1,-1
89,65,1170.76,15.12,82.74,66.15,0.4652,-1,-1,-1
89,69,1062.34,-13.45,-14.21,-9.40,1.0000,-1,-1,-1
89,70,1159.05,481.05,177.66,313.57,0.6758,-1,-1,-1
89,73,1164.93,57.67,73.43,64.71,1.0000,-1,-1,-1
89,81,1636.99,1049.42,88.70,30.58,1.0000,-1,-1,-1
89,86,1474.16,980.08,104.53,44.55,1.0000,-1,-1,-1
89,88,1124.71,121.75,69.71,61.46,1.0000,-1,-1,-1
89,103,1179.80,203.03,80.55,76.59,0.8307,-1,-1,-1
89,105,1867.69,1033.21,68.85,31.83,1.0000,-1,-1,-1
89,107,564.91,314.90,76.41,72.64,0.8174,-1,-1,-1
89,112,1871.69,989.08,55.14,41.09,1.0000,-1,-1,-1
89,114,1543.76,1080.35,-28.71,-12.91,1.0000,-1,-1,-1
89,121,1161.87,153.03,50.34,43.51,0.6353,-1,-1,-1
89,123,1313.48,1050.67,77.60,29.62,1.0000,-1,-1,-1
89,127,1185.80,240.66,17.39,30.42,1.0000,-1,-1,-1
89,128,1192.92,21.22,110.36,62.14,0.0155,-1,-1,-1
89,129,1569.33,1010.62,94.78,33.20,1.0000,-1,-1,-1
89,130,1195.44,93.66,57.00,48.71,0.4944,-1,-1,-1
89,131,1562.07,1013.00,107.09,39.98,0.0104,-1,-1,-1
89,132,1286.02,-0.86,64.43,57.16,1.0000,-1,-1,-1
89,136,1258.10,14.59,87.02,62.79,0.0362,-1,-1,-1
90,3,1197.04,20.74,57.27,59.92,1.0000,-1,-1,-1
90,6,1519.35,-0.19,66.08,54.07,0.8296,-1,-1,-1
90,10,1079.86,280.46,152.40,152.26,0.5746,-1,-1,-1
90,11,1206.59,20.31,83.94,71.12,1.0000,-1,-1,-1
90,17,1668.28,85.32,109.48,107.28,0.7287,-1,-1,-1
90,21,1121.02,143.26,80.19,65.10,1.0000,-1,-1,-1
90,38,1286.61,6.52,67.32,55.87,0.5006,-1,-1,-1
90,43,598.54,545.47,52.77,49.77,1.0000,-1,-1,-1
90,48,1203.70,-26.32,99.01,77.44,1.0000,-1,-1,-1
90,62,1244.27,22.19,66.10,58.74,0.1460,-1,-1,-1
90,65,1172.01,12.60,87.82,68.78,0.3405,-1,-1,-1
90,69,1064.09,-15.12,-21.74,-14.38,1.0000,-1,-1,-1
90,70,1162.49,480.94,175.84,313.31,0.6349,-1,-1,-1
90,73,1162.19,56.57,74.05,65.26,1.0000,-1,-1,-1
90,81,1636.95,1049.41,88.73,30.59,1.0000,-1,-1,-1
90,86,1475.31,979.56,104.32,44.46,1.0000,-1,-1,-1
90,88,1123.38,117.50,70.30,61.98,1.0000,-1,-1,-1
90,103,1178.83,193.17,82.66,78.99,0.8797,-1,-1,-1
90,105,1869.47,1033.32,67.82,31.35,1.0000,-1,-1,-1
90,107,565.79,308.10,74.68,70.87,0.7418,-1,-1,-1
90,112,1871.88,989.21,55.39,41.28,1.0000,-1,-1,-1
90,114,1542.67,1084.02,-34.64,-15.58,1.0000,-1,-1,-1
90,121,1161.21,152.66,51.36,43.96,0.6233,-1,-1,-1
90,123,1314.07,1050.81,77.38,29.54,1.0000,-1,-1,-1
90,127,1187.19,239.47,11.22,19.63,1.0000,-1,-1,-1
90,128,1201.51,21.03,107.42,61.25,0.0559,-1,-1,-1
90,129,1570.93,1010.59,92.52,32.41,1.0000,-1,-1,-1
90,130,1193.48,93.45,58.50,50.42,0.3756,-1,-1,-1
90,131,1560.25,1011.68,110.24,40.95,0.0170,-1,-1,-1
90,132,1288.01,-2.82,61.72,54.76,1.0000,-1,-1,-1
90,136,1259.89,13.97,84.94,61.29,1.0000,-1,-1,-1
91,3,1195.56,19.57,57.23,59.88,1.0000,-1,-1,-1
91,6,1519.04,-0.21,67.83,55.34,0.8232,-1,-1,-1
91,10,1073.73,285.19,154.32,154.60,0.4225,-1,-1,-1
91,11,1206.33,19.93,85.18,72.18,1.0000,-1,-1,-1
91,17,1674.37,80.04,110.71,108.25,0.7529,-1,-1,-1
91,21,1118.71,141.91,81.20,65.93,1.0000,-1,-1,-1
91,38,1285.89,6.13,68.64,56.84,0.6208,-1,-1,-1
91,43,594.09,548.66,52.14,49.19,1.0000,-1,-1,-1
91,48,1205.22,-32.59,100.08,78.27,1.0000,-1,-1,-1
91,62,1242.81,21.86,65.30,58.25,0.2583,-1,-1,-1
91,65,1165.65,9.58,85.26,66.96,0.0406,-1,-1,-1
91,69,1065.84,-16.79,-29.28,-19.36,1.0000,-1,-1,-1
91,70,1164.67,481.17,173.82,312.33,0.5585,-1,-1,-1
91,73,1159.45,55.48,74.68,65.81,1.0000,-1,-1,-1
91,81,1636.91,1049.40,88.76,30.60,1.0000,-1,-1,-1
91,86,1476.47,979.04,104.11,44.37,1.0000,-1,-1,-1
91,88,1122.05,113.25,70.89,62.50,1.0000,-1,-1,-1
91,103,1180.20,184.97,81.19,77.55,0.8380,-1,-1,-1
91,105,1871.26,1033.43,66.78,30.87,1.0000,-1,-1,-1
91,107,565.46,299.68,75.93,72.17,0.8051,-1,-1,-1
91,112,1872.06,989.33,55.64,41.47,1.0000,-1,-1,-1
91,114,1541.58,1087.70,-40.57,-18.25,1.0000,-1,-1,-1
91,121,1161.07,152.76,51.46,43.74,0.6480,-1,-1,-1
91,123,1314.66,1050.95,77.17,29.46,1.0000,-1,-1,-1
91,127,1188.58,238.29,5.05,8.84,1.0000,-1,-1,-1
91,128,1176.62,11.76,124.15,71.17,0.0220,-1,-1,-1
91,129,1572.53,1010.56,90.26,31.62,1.0000,-1,-1,-1
91,130,1192.79,95.43,57.94,50.27,0.5030,-1,-1,-1
91,131,1564.10,1011.39,109.06,40.19,0.0121,-1,-1,-1
91,132,1290.00,-4.79,59.01,52.36,1.0000,-1,-1,-1
91,136,1261.68,13.35,82.86,59.79,1.0000,-1,-1,-1
92,3,1194.09,18.40,57.19,59.84,1.0000,-1,-1,-1
92,6,1518.38,-0.20,68.99,56.30,0.8158,-1,-1,-1
92,10,1068.18,290.60,156.13,156.39,0.6687,-1,-1,-1
92,11,1206.07,19.55,86.42,73.23,1.0000,-1,-1,-1
92,17,1683.18,75.74,107.06,104.38,0.7874,-1,-1,-1
92,21,1116.41,140.56,82.21,66.75,1.0000,-1,-1,-1
92,38,1284.72,5.81,69.37,57.17,0.2539,-1,-1,-1
92,43,589.64,551.84,51.52,48.60,1.0000,-1,-1,-1
92,48,1206.73,-38.86,101.14,79.11,1.0000,-1,-1,-1
92,62,1240.97,20.55,65.83,59.04,0.1477,-1,-1,-1
92,65,1161.80,6.34,82.98,65.30,0.1036,-1,-1,-1
92,69,1067.59,-18.46,-36.82,-24.35,1.0000,-1,-1,-1
92,70,1165.67,481.00,172.11,312.67,0.6255,-1,-1,-1
92,73,1156.71,54.39,75.30,66.37,1.0000,-1,-1,-1
92,81,1636.87,1049.39,88.79,30.61,1.0000,-1,-1,-1
92,86,1477.62,978.52,103.91,44.29,1.0000,-1,-1,-1
92,88,1120.73,109.00,71.48,63.02,1.0000,-1,-1,-1
92,103,1179.93,177.44,80.15,76.32,0.8422,-1,-1,-1
92,105,1873.04,1033.54,65.75,30.39,1.0000,-1,-1,-1
92,107,566.40,292.64,75.50,71.80,0.7470,-1,-1,-1
92,112,1872.24,989.46,55.89,41.65,1.0000,-1,-1,-1
92,114,1540.50,1091.37,-46.50,-20.91,1.0000,-1,-1,-1
92,121,1163.46,152.34,49.56,41.55,0.2877,-1,-1,-1
92,123,1310.22,1048.91,79.80,30.37,0.0114,-1,-1,-1
92,127,1189.96,237.10,-1.12,-1.95,1.0000,-1,-1,-1
92,128,1166.95,7.47,130.82,75.21,0.0417,-1,-1,-1
92,129,1573.63,1011.60,107.01,37.00,0.0163,-1,-1,-1
92,130,1191.52,95.33,59.03,51.66,0.5691,-1,-1,-1
92,131,1564.50,1012.20,108.06,39.82,1.0000,-1,-1,-1
92,132,1291.99,-6.75,56.30,49.95,1.0000,-1,-1,-1
92,136,1263.47,12.73,80.79,58.29,1.0000,-1,-1,-1
93,3,1192.61,17.23,57.16,59.80,1.0000,-1,-1,-1
93,6,1518.19,-0.19,69.57,56.86,0.8178,-1,-1,-1
93,10,1062.68,296.86,156.73,156.72,0.8442,-1,-1,-1
93,11,1200.04,14.48,88.48,71.84,0.0577,-1,-1,-1
93,17,1691.67,70.74,106.47,103.68,0.7528,-1,-1,-1
93,21,1114.11,139.20,83.22,67.57,1.0000,-1,-1,-1
93,38,1283.26,5.05,70.73,58.14,0.3288,-1,-1,-1
93,43,585.19,555.03,50.90,48.01,1.0000,-1,-1,-1
93,48,1208.25,-45.12,102.21,79.94,1.0000,-1,-1,-1
93,62,1237.78,18.94,67.21,60.68,0.2047,-1,-1,-1
93,65,1160.82,3.74,76.53,60.10,0.2173,-1,-1,-1
93,69,1069.34,-20.13,-44.36,-29.33,1.0000,-1,-1,-1
93,70,1167.97,480.71,169.96,312.30,0.5777,-1,-1,-1
93,73,1153.97,53.30,75.93,66.92,1.0000,-1,-1,-1
93,81,1636.82,1049.38,88.82,30.62,1.0000,-1,-1,-1
93,86,1478.78,978.00,103.70,44.20,1.0000,-1,-1,-1
93,88,1119.40,104.75,72.07,63.54,1.0000,-1,-1,-1
93,103,1180.46,169.43,79.11,75.03,0.8278,-1,-1,-1
93,105,1874.83,1033.65,64.71,29.91,1.0000,-1,-1,-1
93,107,567.89,285.99,74.95,71.44,0.6920,-1,-1,-1
93,112,1872.43,989.58,56.14,41.84,1.0000,-1,-1,-1
93,114,1539.41,1095.05,-52.43,-23.58,1.0000,-1,-1,-1
93,121,1172.54,151.89,51.89,41.63,0.0181,-1,-1,-1
93,123,1310.15,1048.92,80.95,30.84,0.0111,-1,-1,-1
93,127,1191.35,235.91,-7.29,-12.75,1.0000,-1,-1,-1
93,128,1158.05,3.99,125.30,73.04,0.0408,-1,-1,-1
93,129,1578.04,1011.29,108.77,37.41,0.0142,-1,-1,-1
93,130,1191.59,98.50,57.32,50.17,0.4051,-1,-1,-1
93,131,1564.90,1013.02,107.06,39.46,1.0000,-1,-1,-1
93,132,1293.98,-8.72,53.60,47.55,1.0000,-1,-1,-1
93,136,1265.26,12.11,78.71,56.79,1.0000,-1,-1,-1
94,3,1191.13,16.06,57.12,59.76,1.0000,-1,-1,-1
94,6,1518.17,-0.17,70.39,57.51,0.8277,-1,-1,-1
94,10,1055.19,303.52,159.29,159.32,0.8447,-1,-1,-1
94,11,1202.92,12.10,91.64,73.85,0.0336,-1,-1,-1
94,17,1701.50,65.74,105.26,102.06,0.8295,-1,-1,-1
94,21,1111.80,137.85,84.23,68.39,1.0000,-1,-1,-1
94,38,1282.69,4.50,72.15,59.53,0.6501,-1,-1,-1
94,43,580.74,558.21,50.27,47.42,1.0000,-1,-1,-1
94,48,1209.77,-51.39,103.27,80.77,1.0000,-1,-1,-1
94,62,1235.92,17.51,67.37,61.14,0.1654,-1,-1,-1
94,65,1160.43,2.00,72.96,57.43,0.2513,-1,-1,-1
94,69,1071.09,-21.80,-51.89,-34.31,1.0000,-1,-1,-1
94,70,1168.04,481.73,168.02,311.66,0.6772,-1,-1,-1
94,73,1151.23,52.20,76.55,67.47,1.0000,-1,-1,-1
94,81,1636.78,1049.37,88.85,30.63,1.0000,-1,-1,-1
94,86,1479.93,977.48,103.49,44.11,1.0000,-1,-1,-1
94,88,1118.08,100.50,72.65,64.06,1.0000,-1,-1,-1
94,103,1178.91,161.23,80.60,76.40,0.8345,-1,-1,-1
94,105,1876.61,1033.76,63.67,29.43,1.0000,-1,-1,-1
94,107,567.57,278.09,76.08,72.57,0.7952,-1,-1,-1
94,112,1872.61,989.71,56.39,42.03,1.0000,-1,-1,-1
94,114,1538.32,1098.72,-58.36,-26.25,1.0000,-1,-1,-1
94,121,1174.15,151.33,51.26,41.13,1.0000,-1,-1,-1
94,123,1310.30,1048.89,81.07,30.88,1.0000,-1,-1,-1
94,127,1192.73,234.72,-13.46,-23.54,1.0000,-1,-1,-1
94,128,1158.84,3.03,130.61,76.36,0.0235,-1,-1,-1
94,129,1577.04,1011.02,110.85,38.01,0.0165,-1,-1,-1
94,130,1188.88,99.35,58.81,51.68,0.2352,-1,-1,-1
94,131,1565.30,1013.83,106.06,39.09,1.0000,-1,-1,-1
94,132,1295.97,-10.68,50.89,45.15,1.0000,-1,-1,-1
94,136,1267.05,11.49,76.63,55.29,1.0000,-1,-1,-1
95,3,1198.18,27.66,59.75,60.70,0.1230,-1,-1,-1
95,6,1518.25,-0.15,70.52,57.69,0.8434,-1,-1,-1
95,10,1045.86,309.06,163.28,163.85,0.7942,-1,-1,-1
95,11,1206.69,18.48,86.15,68.42,0.0470,-1,-1,-1
95,17,1709.58,60.45,105.89,102.33,0.8401,-1,-1,-1
95,21,1109.50,136.50,85.24,69.21,1.0000,-1,-1,-1
95,38,1282.42,5.09,71.30,58.90,0.6830,-1,-1,-1
95,43,576.29,561.40,49.65,46.83,1.0000,-1,-1,-1
95,48,1211.29,-57.66,104.34,81.61,1.0000,-1,-1,-1
95,62,1234.16,16.27,67.46,61.74,0.4170,-1,-1,-1
95,65,1160.73,0.69,68.75,54.30,0.6067,-1,-1,-1
95,69,1072.85,-23.47,-59.43,-39.30,1.0000,-1,-1,-1
95,70,1169.46,482.78,165.48,310.45,0.6301,-1,-1,-1
95,73,1148.49,51.11,77.18,68.02,1.0000,-1,-1,-1
95,81,1636.74,1049.36,88.87,30.64,1.0000,-1,-1,-1
95,86,1481.09,976.96,103.28,44.02,1.0000,-1,-1,-1
95,88,1116.75,96.25,73.24,64.58,1.0000,-1,-1,-1
95,103,1178.63,154.92,79.72,75.10,0.8434,-1,-1,-1
95,105,1878.40,1033.87,62.64,28.95,1.0000,-1,-1,-1
95,107,567.32,271.50,77.38,73.75,0.8458,-1,-1,-1
95,112,1872.79,989.83,56.64,42.21,1.0000,-1,-1,-1
95,114,1537.23,1102.40,-64.29,-28.91,1.0000,-1,-1,-1
95,121,1175.75,150.78,50.63,40.63,1.0000,-1,-1,-1
95,123,1310.45,1048.86,81.19,30.93,1.0000,-1,-1,-1
95,127,1194.12,233.54,-19.63,-34.33,1.0000,-1,-1,-1
95,128,1156.10,0.62,131.72,77.00,1.0000,-1,-1,-1
95,129,1578.68,1011.01,110.48,37.88,1.0000,-1,-1,-1
95,130,1187.79,100.84,58.86,51.76,0.1675,-1,-1,-1
95,131,1565.71,1014.64,105.06,38.72,1.0000,-1,-1,-1
95,132,1297.96,-12.65,48.18,42.75,1.0000,-1,-1,-1
95,136,1268.83,10.87,74.55,53.79,1.0000,-1,-1,-1
96,3,1196.65,32.56,57.11,57.29,0.3476,-1,-1,-1
96,6,1518.34,-0.13,70.78,57.98,0.8428,-1,-1,-1
96,10,1038.41,317.21,165.45,166.66,0.7614,-1,-1,-1
96,11,1206.33,21.44,85.43,67.18,0.0699,-1,-1,-1
96,17,1717.63,55.75,106.53,102.47,0.8348,-1,-1,-1
96,21,1107.20,135.15,86.26,70.03,1.0000,-1,-1,-1
96,38,1282.37,5.87,70.82,58.53,0.6517,-1,-1,-1
96,43,571.84,564.58,49.02,46.24,1.0000,-1,-1,-1
96,48,1212.81,-63.93,105.41,82.44,1.0000,-1,-1,-1
96,62,1232.54,15.17,67.79,62.52,0.4135,-1,-1,-1
96,65,1160.41,0.17,65.41,51.78,0.3743,-1,-1,-1
96,69,1074.60,-25.14,-66.97,-44.28,1.0000,-1,-1,-1
96,70,1169.34,484.42,162.56,308.26,0.6138,-1,-1,-1
96,73,1172.43,15.46,83.16,73.96,0.0125,-1,-1,-1
96,81,1636.70,1049.35,88.90,30.65,1.0000,-1,-1,-1
96,86,1482.24,976.44,103.07,43.93,1.0000,-1,-1,-1
96,88,1115.43,92.00,73.83,65.10,1.0000,-1,-1,-1
96,103,1177.69,148.66,79.04,73.79,0.8681,-1,-1,-1
96,105,1880.18,1033.98,61.60,28.48,1.0000,-1,-1,-1
96,107,566.93,264.71,78.77,74.72,0.8309,-1,-1,-1
96,112,1872.98,989.96,56.89,42.40,1.0000,-1,-1,-1
96,114,1536.14,1106.07,-70.22,-31.58,1.0000,-1,-1,-1
96,121,1177.36,150.23,50.00,40.12,1.0000,-1,-1,-1
96,123,1310.60,1048.82,81.32,30.98,1.0000,-1,-1,-1
96,127,1195.51,232.35,-25.80,-45.12,1.0000,-1,-1,-1
96,128,1153.36,-1.80,132.82,77.65,1.0000,-1,-1,-1
96,129,1580.32,1011.00,110.11,37.75,1.0000,-1,-1,-1
96,130,1188.36,104.24,55.91,49.14,0.1735,-1,-1,-1
96,131,1566.11,1015.45,104.07,38.35,1.0000,-1,-1,-1
96,132,1299.95,-14.61,45.47,40.34,1.0000,-1,-1,-1
96,136,1252.67,11.90,87.09,61.39,0.0312,-1,-1,-1
97,3,1195.01,35.46,56.20,55.61,0.4002,-1,-1,-1
97,6,1518.58,-0.12,71.34,58.53,0.8425,-1,-1,-1
97,10,1028.94,326.01,168.25,169.49,0.6422,-1,-1,-1
97,11,1206.53,21.64,85.67,67.37,1.0000,-1,-1,-1
97,17,1726.11,51.33,106.59,101.93,0.8412,-1,-1,-1
97,21,1100.85,171.34,61.64,52.84,0.0186,-1,-1,-1
97,38,1282.50,7.46,69.42,57.23,0.6458,-1,-1,-1
97,43,571.09,567.62,58.13,56.02,0.0712,-1,-1,-1
97,48,1214.32,-70.20,106.47,83.27,1.0000,-1,-1,-1
97,62,1231.40,14.64,66.95,61.93,0.3488,-1,-1,-1
97,65,1160.40,-0.75,63.53,50.24,0.4107,-1,-1,-1
97,69,1076.35,-26.81,-74.51,-49.27,1.0000,-1,-1,-1
97,70,1169.21,485.45,159.72,305.98,0.6776,-1,-1,-1
97,73,1174.48,17.52,81.12,72.52,0.0259,-1,-1,-1
97,86,1483.39,975.92,102.87,43.84,1.0000,-1,-1,-1
97,88,1114.10,87.75,74.42,65.62,1.0000,-1,-1,-1
97,103,1179.64,142.70,77.88,72.63,0.8440,-1,-1,-1
97,105,1881.96,1034.09,60.57,28.00,1.0000,-1,-1,-1
97,107,566.87,260.14,77.61,73.50,0.8300,-1,-1,-1
97,112,1873.16,990.08,57.14,42.59,1.0000,-1,-1,-1
97,114,1535.05,1109.75,-76.15,-34.25,1.0000,-1,-1,-1
97,121,1178.97,149.68,49.38,39.62,1.0000,-1,-1,-1
97,123,1310.75,1048.79,81.44,31.03,1.0000,-1,-1,-1
97,127,1196.89,231.16,-31.97,-55.91,1.0000,-1,-1,-1
97,128,1150.62,-4.22,133.92,78.29,1.0000,-1,-1,-1
97,129,1581.96,1010.99,109.74,37.63,1.0000,-1,-1,-1
97,130,1189.12,105.42,55.29,48.46,0.1492,-1,-1,-1
97,131,1566.51,1016.26,103.07,37.98,1.0000,-1,-1,-1
97,132,1301.94,-16.58,42.76,37.94,1.0000,-1,-1,-1
97,136,1252.77,11.44,86.26,60.80,1.0000,-1,-1,-1
98,3,1193.41,37.79,56.36,54.67,0.5779,-1,-1,-1
98,6,1518.55,-0.10,71.94,59.16,0.8456,-1,-1,-1
98,10,1018.73,334.19,172.74,174.35,0.5590,-1,-1,-1
98,11,1206.73,21.84,85.91,67.56,1.0000,-1,-1,-1
98,17,1733.66,46.61,107.89,102.92,0.8437,-1,-1,-1
98,21,1098.25,171.89,61.53,52.75,1.0000,-1,-1,-1
98,38,1282.29,8.72,68.41,56.28,0.5247,-1,-1,-1
98,43,568.59,573.55,56.95,55.29,0.0216,-1,-1,-1
98,48,1215.84,-76.47,107.54,84.11,1.0000,-1,-1,-1
98,62,1231.39,14.27,65.18,60.42,0.5052,-1,-1,-1
98,65,1160.40,-0.97,61.81,48.72,0.5166,-1,-1,-1
98,69,1078.10,-28.48,-82.05,-54.25,1.0000,-1,-1,-1
98,70,1168.66,486.66,158.09,305.11,0.3517,-1,-1,-1
98,73,1173.38,15.02,81.84,73.16,1.0000,-1,-1,-1
98,86,1484.55,975.40,102.66,43.75,1.0000,-1,-1,-1
98,88,1112.78,83.51,75.01,66.13,1.0000,-1,-1,-1
98,103,1176.96,134.61,79.48,73.36,0.8667,-1,-1,-1
98,105,1883.75,1034.20,59.53,27.52,1.0000,-1,-1,-1
98,107,566.24,253.06,77.64,73.38,0.9042,-1,-1,-1
98,112,1873.34,990.21,57.39,42.77,1.0000,-1,-1,-1
98,114,1533.96,1113.42,-82.08,-36.91,1.0000,-1,-1,-1
98,121,1180.57,149.12,48.75,39.11,1.0000,-1,-1,-1
98,123,1310.89,1048.75,81.57,31.07,1.0000,-1,-1,-1
98,127,1198.28,229.97,-38.14,-66.70,1.0000,-1,-1,-1
98,128,1147.88,-6.63,135.03,78.94,1.0000,-1,-1,-1
98,129,1583.60,1010.98,109.38,37.50,1.0000,-1,-1,-1
98,130,1192.37,108.68,49.37,42.02,0.2394,-1,-1,-1
98,131,1566.91,1017.07,102.07,37.62,1.0000,-1,-1,-1
98,132,1303.93,-18.54,40.05,35.54,1.0000,-1,-1,-1
98,136,1243.95,13.06,86.10,59.89,0.0544,-1,-1,-1
99,3,1192.30,39.85,57.51,55.42,0.5851,-1,-1,-1
99,6,1518.26,0.02,72.23,59.66,0.8430,-1,-1,-1
99,10,1008.08,343.53,177.87,179.44,0.5775,-1,-1,-1
99,11,1206.94,22.04,86.15,67.75,1.0000,-1,-1,-1
99,17,1742.91,41.86,108.53,103.26,0.8380,-1,-1,-1
99,21,1095.65,172.44,61.42,52.66,1.0000,-1,-1,-1
99,38,1282.24,9.14,69.13,56.99,0.3115,-1,-1,-1
99,43,564.53,576.96,57.13,55.46,1.0000,-1,-1,-1
99,48,1217.36,-82.74,108.60,84.94,1.0000,-1,-1,-1
99,62,1230.15,14.16,64.13,59.41,0.2763,-1,-1,-1
99,65,1160.26,-0.94,59.74,46.68,0.6266,-1,-1,-1
99,69,1079.86,-30.15,-89.58,-59.23,1.0000,-1,-1,-1
99,70,1168.47,487.34,156.56,304.20,0.1905,-1,-1,-1
99,73,1172.29,12.52,82.56,73.81,1.0000,-1,-1,-1
99,86,1485.70,974.88,102.45,43.67,1.0000,-1,-1,-1
99,88,1111.45,79.26,75.60,66.65,1.0000,-1,-1,-1
99,103,1176.60,129.67,79.05,72.24,0.8621,-1,-1,-1
99,105,1885.53,1034.31,58.49,27.04,1.0000,-1,-1,-1
99,107,567.16,248.67,76.64,72.33,0.8513,-1,-1,-1
99,112,1873.53,990.33,57.64,42.96,1.0000,-1,-1,-1
99,114,1532.87,1117.10,-88.01,-39.58,1.0000,-1,-1,-1
99,121,1182.18,148.57,48.12,38.61,1.0000,-1,-1,-1
99,123,1311.04,1048.72,81.69,31.12,1.0000,-1,-1,-1
99,127,1199.66,228.79,-44.31,-77.49,1.0000,-1,-1,-1
99,128,1145.13,-9.05,136.13,79.58,1.0000,-1,-1,-1
99,129,1585.24,1010.97,109.01,37.37,1.0000,-1,-1,-1
99,130,1191.99,110.22,48.47,41.26,1.0000,-1,-1,-1
99,131,1567.31,1017.89,101.07,37.25,1.0000,-1,-1,-1
99,132,1305.91,-20.51,37.34,33.13,1.0000,-1,-1,-1
99,136,1241.27,12.13,88.66,60.81,0.0327,-1,-1,-1
100,3,1191.10,40.23,58.80,56.17,0.2587,-1,-1,-1
100,6,1518.22,0.31,72.51,60.17,0.8384,-1,-1,-1
100,10,1000.28,354.47,179.09,180.21,0.6555,-1,-1,-1
100,11,1207.14,22.23,86.39,67.94,1.0000,-1,-1,-1
100,17,1751.64,38.41,109.05,103.85,0.8370,-1,-1,-1
100,21,1093.05,173.00,61.31,52.56,1.0000,-1,-1,-1
100,38,1280.85,9.02,71.65,59.15,0.3895,-1,-1,-1
100,43,560.46,580.37,57.31,55.64,1.0000,-1,-1,-1
100,48,1218.88,-89.01,109.67,85.77,1.0000,-1,-1,-1
100,62,1228.36,13.86,63.92,59.11,0.2708,-1,-1,-1
100,65,1160.15,-0.83,58.22,44.92,0.5552,-1,-1,-1
100,69,1081.61,-31.81,-97.12,-64.22,1.0000,-1,-1,-1
100,70,1167.68,489.02,154.94,302.83,0.2159,-1,-1,-1
100,73,1172.97,20.36,82.62,74.38,0.0334,-1,-1,-1
100,88,1110.13,75.01,76.19,67.17,1.0000,-1,-1,-1
100,103,1174.43,119.77,83.12,75.87,0.8182,-1,-1,-1
100,105,1887.32,1034.42,57.46,26.56,1.0000,-1,-1,-1
100,107,567.08,242.99,76.54,72.42,0.8377,-1,-1,-1
100,112,1873.71,990.46,57.89,43.14,1.0000,-1,-1,-1
100,121,1183.78,148.02,47.49,38.10,1.0000,-1,-1,-1
100,123,1311.19,1048.69,81.82,31.17,1.0000,-1,-1,-1
100,127,1201.05,227.60,-50.48,-88.29,1.0000,-1,-1,-1
100,128,1142.39,-11.47,137.24,80.23,1.0000,-1,-1,-1
100,129,1586.88,1010.96,108.64,37.25,1.0000,-1,-1,-1
100,130,1191.61,111.76,47.57,40.49,1.0000,-1,-1,-1
100,131,1567.72,1018.70,100.07,36.88,1.0000,-1,-1,-1
100,132,1307.90,-22.48,34.64,30.73,1.0000,-1,-1,-1
100,136,1242.83,10.07,94.50,63.15,0.0835,-1,-1,-1
101,3,1191.68,41.98,58.55,55.48,0.0552,-1,-1,-1
101,6,1518.17,0.50,72.67,60.55,0.8372,-1,-1,-1
101,10,990.04,366.05,183.29,184.37,0.6943,-1,-1,-1
101,11,1207.34,22.43,86.63,68.13,1.0000,-1,-1,-1
101,17,1760.85,35.79,108.29,103.20,0.8371,-1,-1,-1
101,21,1090.46,173.55,61.20,52.47,1.0000,-1,-1,-1
101,38,1281.71,11.06,70.19,58.03,0.3203,-1,-1,-1
101,43,556.40,583.79,57.49,55.82,1.0000,-1,-1,-1
101,48,1220.40,-95.28,110.73,86.60,1.0000,-1,-1,-1
101,62,1227.64,14.02,62.95,58.08,0.2146,-1,-1,-1
101,65,1160.61,-0.72,55.68,42.25,0.5245,-1,-1,-1
101,69,1083.36,-33.48,-104.66,-69.20,1.0000,-1,-1,-1
101,70,1164.62,489.45,154.65,302.94,0.0452,-1,-1,-1
101,73,1172.02,18.84,83.33,75.02,1.0000,-1,-1,-1
101,88,1108.80,70.76,76.77,67.69,1.0000,-1,-1,-1
101,103,1175.14,113.69,83.98,76.55,0.7958,-1,-1,-1
101,105,1889.10,1034.53,56.42,26.08,1.0000,-1,-1,-1
101,107,566.82,237.14,76.51,72.61,0.8580,-1,-1,-1
101,112,1873.89,990.58,58.14,43.33,1.0000,-1,-1,-1
101,121,1185.39,147.46,46.86,37.60,1.0000,-1,-1,-1
101,123,1311.34,1048.65,81.94,31.21,1.0000,-1,-1,-1
101,127,1202.43,226.41,-56.65,-99.08,1.0000,-1,-1,-1
101,128,1139.65,-13.88,138.34,80.87,1.0000,-1,-1,-1
101,129,1588.52,1010.96,108.27,37.12,1.0000,-1,-1,-1
101,130,1191.22,113.30,46.67,39.73,1.0000,-1,-1,-1
101,131,1568.12,1019.51,99.08,36.51,1.0000,-1,-1,-1
101,132,1309.89,-24.44,31.93,28.33,1.0000,-1,-1,-1
101,136,1242.42,10.19,95.80,62.48,0.0542,-1,-1,-1
102,3,1190.30,45.00,59.52,56.09,0.1142,-1,-1,-1
102,6,1518.76,1.97,71.42,59.68,0.8157,-1,-1,-1
102,10,979.20,378.61,188.65,190.30,0.6970,-1,-1,-1
102,11,1207.55,22.63,86.87,68.32,1.0000,-1,-1,-1
102,17,1769.85,32.75,107.79,102.73,0.8201,-1,-1,-1
102,21,1087.86,174.10,61.09,52.38,1.0000,-1,-1,-1
102,38,1281.84,12.41,69.19,57.40,0.3614,-1,-1,-1
102,43,552.34,587.20,57.68,56.00,1.0000,-1,-1,-1
102,48,1221.92,-101.55,111.80,87.44,1.0000,-1,-1,-1
102,62,1227.76,12.35,64.09,58.95,0.3171,-1,-1,-1
102,65,1160.85,-0.59,53.73,40.01,0.4565,-1,-1,-1
102,69,1085.12,-35.15,-112.20,-74.19,1.0000,-1,-1,-1
102,70,1159.79,491.53,153.81,300.78,0.1200,-1,-1,-1
102,73,1171.07,17.32,84.04,75.65,1.0000,-1,-1,-1
102,88,1107.48,66.51,77.36,68.21,1.0000,-1,-1,-1
102,103,1177.34,108.15,81.79,74.59,0.7802,-1,-1,-1
102,105,1890.88,1034.65,55.39,25.60,1.0000,-1,-1,-1
102,107,567.70,231.29,75.59,71.83,0.8902,-1,-1,-1
102,112,1874.08,990.71,58.39,43.52,1.0000,-1,-1,-1
102,121,1166.68,152.07,53.34,42.31,0.0650,-1,-1,-1
102,123,1311.49,1048.62,82.06,31.26,1.0000,-1,-1,-1
102,127,1203.82,225.23,-62.82,-109.87,1.0000,-1,-1,-1
102,128,1136.91,-16.30,139.44,81.52,1.0000,-1,-1,-1
102,129,1590.16,1010.95,107.90,36.99,1.0000,-1,-1,-1
102,130,1190.84,114.84,45.77,38.96,1.0000,-1,-1,-1
102,131,1568.52,1020.32,98.08,36.15,1.0000,-1,-1,-1
102,132,1311.88,-26.41,29.22,25.92,1.0000,-1,-1,-1
102,136,1237.52,11.63,93.77,60.41,0.0975,-1,-1,-1
103,3,1192.63,49.00,56.75,53.65,0.0190,-1,-1,-1
103,6,1518.59,2.37,71.70,60.19,0.7927,-1,-1,-1
103,10,968.97,392.24,193.27,195.06,0.7948,-1,-1,-1
103,11,1207.75,22.83,87.11,68.51,1.0000,-1,-1,-1
103,17,1777.47,30.94,107.12,102.20,0.8449,-1,-1,-1
103,21,1085.26,174.65,60.99,52.29,1.0000,-1,-1,-1
103,38,1281.91,13.33,68.89,57.21,0.4818,-1,-1,-1
103,43,548.27,590.61,57.86,56.17,1.0000,-1,-1,-1
103,48,1223.43,-107.82,112.87,88.27,1.0000,-1,-1,-1
103,62,1226.92,11.96,63.26,58.33,0.3321,-1,-1,-1
103,65,1160.78,-0.49,53.03,38.94,0.6277,-1,-1,-1
103,69,1086.87,-36.82,-119.74,-79.17,1.0000,-1,-1,-1
103,70,1154.56,491.22,154.95,301.74,0.2124,-1,-1,-1
103,73,1170.12,15.79,84.75,76.29,1.0000,-1,-1,-1
103,88,1106.15,62.26,77.95,68.73,1.0000,-1,-1,-1
103,103,1178.51,103.36,80.39,73.22,0.7859,-1,-1,-1
103,105,1892.67,1034.76,54.35,25.12,1.0000,-1,-1,-1
103,107,568.32,226.67,75.39,71.59,0.8751,-1,-1,-1
103,112,1874.26,990.83,58.64,43.70,1.0000,-1,-1,-1
103,121,1162.55,154.24,54.10,43.24,0.3443,-1,-1,-1
103,123,1311.63,1048.58,82.19,31.31,1.0000,-1,-1,-1
103,127,1205.21,224.04,-68.99,-120.66,1.0000,-1,-1,-1
103,128,1134.17,-18.72,140.55,82.17,1.0000,-1,-1,-1
103,129,1591.80,1010.94,107.53,36.87,1.0000,-1,-1,-1
103,130,1190.46,116.38,44.87,38.19,1.0000,-1,-1,-1
103,131,1568.92,1021.13,97.08,35.78,1.0000,-1,-1,-1
103,132,1313.87,-28.37,26.51,23.52,1.0000,-1,-1,-1
103,136,1234.75,12.19,92.41,59.31,0.0794,-1,-1,-1
104,3,1194.91,53.16,54.37,51.75,0.0157,-1,-1,-1
104,6,1518.71,2.06,72.75,61.45,0.7939,-1,-1,-1
104,10,957.27,407.95,195.76,197.66,0.8000,-1,-1,-1
104,11,1207.95,23.03,87.36,68.69,1.0000,-1,-1,-1
104,17,1788.39,28.39,106.23,101.48,0.8541,-1,-1,-1
104,21,1082.66,175.21,60.88,52.19,1.0000,-1,-1,-1
104,38,1281.11,14.53,68.28,56.88,0.6719,-1,-1,-1
104,43,544.21,594.03,58.04,56.35,1.0000,-1,-1,-1
104,48,1224.95,-114.09,113.93,89.10,1.0000,-1,-1,-1
104,62,1226.25,12.09,62.30,57.67,0.4421,-1,-1,-1
104,65,1161.94,-0.42,50.56,36.43,0.6165,-1,-1,-1
104,69,1088.62,-38.49,-127.28,-84.15,1.0000,-1,-1,-1
104,70,1150.09,491.85,155.80,301.33,0.1460,-1,-1,-1
104,73,1169.17,14.27,85.46,76.93,1.0000,-1,-1,-1
104,88,1104.82,58.01,78.54,69.25,1.0000,-1,-1,-1
104,103,1179.15,99.29,78.49,71.56,0.7842,-1,-1,-1
104,105,1894.45,1034.87,53.31,24.64,1.0000,-1,-1,-1
104,107,568.53,222.61,74.43,70.89,0.8310,-1,-1,-1
104,112,1874.44,990.96,58.89,43.89,1.0000,-1,-1,-1
104,121,1161.53,155.82,53.51,43.01,0.4583,-1,-1,-1
104,123,1311.78,1048.55,82.31,31.36,1.0000,-1,-1,-1
104,127,1206.59,222.85,-75.16,-131.45,1.0000,-1,-1,-1
104,128,1131.43,-21.14,141.65,82.81,1.0000,-1,-1,-1
104,129,1593.44,1010.93,107.16,36.74,1.0000,-1,-1,-1
104,130,1190.08,117.92,43.97,37.43,1.0000,-1,-1,-1
104,131,1569.32,1021.94,96.08,35.41,1.0000,-1,-1,-1
104,132,1315.86,-30.34,23.80,21.12,1.0000,-1,-1,-1
104,136,1243.88,12.49,92.30,58.96,0.0892,-1,-1,-1
105,3,1193.37,56.36,54.56,51.69,0.0256,-1,-1,-1
105,6,1519.07,3.98,71.77,60.97,0.7910,-1,-1,-1
105,10,943.91,423.70,200.82,202.92,0.7478,-1,-1,-1
105,11,1208.16,23.22,87.60,68.88,1.0000,-1,-1,-1
105,17,1796.66,24.89,107.22,102.34,0.8702,-1,-1,-1
105,21,1080.06,175.76,60.77,52.10,1.0000,-1,-1,-1
105,38,1280.38,15.02,69.03,57.67,0.6424,-1,-1,-1
105,43,540.15,597.44,58.23,56.53,1.0000,-1,-1,-1
105,48,1226.47,-120.36,115.00,89.94,1.0000,-1,-1,-1
105,62,1225.58,12.28,62.17,57.41,0.5021,-1,-1,-1
105,65,1162.99,-0.34,49.29,34.84,0.6032,-1,-1,-1
105,69,1090.38,-40.16,-134.82,-89.14,1.0000,-1,-1,-1
105,70,1146.33,493.77,156.37,299.20,0.1035,-1,-1,-1
105,73,1168.22,12.75,86.17,77.57,1.0000,-1,-1,-1
105,88,1103.50,53.76,79.13,69.77,1.0000,-1,-1,-1
105,103,1177.93,94.81,81.16,74.59,0.7278,-1,-1,-1
105,107,568.34,217.22,74.84,71.57,0.7877,-1,-1,-1
105,112,1874.63,991.08,59.14,44.08,1.0000,-1,-1,-1
105,121,1162.16,157.46,51.60,41.62,0.4123,-1,-1,-1
105,123,1311.93,1048.52,82.44,31.40,1.0000,-1,-1,-1
105,127,1207.98,221.66,-81.33,-142.24,1.0000,-1,-1,-1
105,128,1128.68,-23.55,142.76,83.46,1.0000,-1,-1,-1
105,129,1595.08,1010.92,106.79,36.61,1.0000,-1,-1,-1
105,130,1189.70,119.46,43.07,36.66,1.0000,-1,-1,-1
105,131,1569.72,1022.76,95.08,35.04,1.0000,-1,-1,-1
105,132,1317.85,-32.30,21.09,18.71,1.0000,-1,-1,-1
105,136,1242.62,12.88,94.23,59.16,0.1417,-1,-1,-1
106,3,1183.68,62.08,73.43,71.08,0.1112,-1,-1,-1
106,6,1519.92,5.39,71.35,61.19,0.7314,-1,-1,-1
106,10,928.96,440.10,208.26,211.30,0.6618,-1,-1,-1
106,11,1195.01,59.44,53.67,41.19,0.2939,-1,-1,-1
106,17,1806.43,23.25,105.42,100.47,0.8582,-1,-1,-1
106,21,1077.46,176.31,60.66,52.01,1.0000,-1,-1,-1
106,38,1280.26,16.11,69.20,58.14,0.5861,-1,-1,-1
106,43,540.61,611.88,53.56,51.66,0.0154,-1,-1,-1
106,48,1227.99,-126.63,116.06,90.77,1.0000,-1,-1,-1
106,62,1225.02,13.26,60.90,56.29,0.4230,-1,-1,-1
106,65,1163.47,-0.29,48.38,33.68,0.5956,-1,-1,-1
106,69,1092.13,-41.83,-142.36,-94.12,1.0000,-1,-1,-1
106,70,1142.91,497.80,156.61,295.41,0.1363,-1,-1,-1
106,73,1167.27,11.23,86.88,78.21,1.0000,-1,-1,-1
106,88,1180.11,115.87,69.65,61.59,0.1435,-1,-1,-1
106,103,1179.74,89.86,78.48,72.36,0.7654,-1,-1,-1
106,107,567.37,213.32,74.47,71.45,0.7922,-1,-1,-1
106,112,1874.81,991.21,59.39,44.26,1.0000,-1,-1,-1
106,121,1160.82,156.35,53.87,43.61,0.0341,-1,-1,-1
106,123,1312.08,1048.48,82.56,31.45,1.0000,-1,-1,-1
106,127,1209.36,220.48,-87.50,-153.03,1.0000,-1,-1,-1
106,128,1125.94,-25.97,143.86,84.10,1.0000,-1,-1,-1
106,129,1596.72,1010.91,106.42,36.49,1.0000,-1,-1,-1
106,130,1179.80,142.16,45.22,37.66,0.5553,-1,-1,-1
106,131,1570.13,1023.57,94.08,34.67,1.0000,-1,-1,-1
106,132,1319.84,-34.27,18.38,16.31,1.0000,-1,-1,-1
106,136,1241.42,13.74,95.51,59.05,0.0862,-1,-1,-1
107,3,1182.11,71.21,75.98,73.64,0.8051,-1,-1,-1
107,6,1521.57,8.36,70.10,60.51,0.4935,-1,-1,-1
107,10,906.96,471.96,214.14,217.30,0.7738,-1,-1,-1
107,11,1194.33,62.24,51.29,39.37,1.0000,-1,-1,-1
107,17,1818.57,19.64,104.44,100.45,0.8838,-1,-1,-1
107,21,1074.86,176.87,60.55,51.91,1.0000,-1,-1,-1
107,38,1279.01,18.26,68.89,58.45,0.6495,-1,-1,-1
107,43,532.83,618.41,55.38,53.07,0.1437,-1,-1,-1
107,48,1229.51,-132.90,117.13,91.60,1.0000,-1,-1,-1
107,62,1223.79,14.52,60.57,55.90,0.5237,-1,-1,-1
107,65,1162.48,-0.22,46.90,32.03,0.4862,-1,-1,-1
107,69,1093.88,-43.50,-149.90,-99.11,1.0000,-1,-1,-1
107,70,1139.82,502.01,157.24,291.80,0.1597,-1,-1,-1
107,73,1166.32,9.71,87.60,78.85,1.0000,-1,-1,-1
107,88,1181.94,114.30,69.84,61.76,1.0000,-1,-1,-1
107,103,1179.97,83.04,78.21,72.11,1.0000,-1,-1,-1
107,107,566.17,205.13,75.90,72.89,0.8616,-1,-1,-1
107,112,1874.99,991.33,59.64,44.45,1.0000,-1,-1,-1
107,121,1160.36,156.55,53.95,43.68,1.0000,-1,-1,-1
107,123,1312.23,1048.45,82.68,31.50,1.0000,-1,-1,-1
107,127,1210.75,219.29,-93.67,-163.83,1.0000,-1,-1,-1
107,128,1123.20,-28.39,144.97,84.75,1.0000,-1,-1,-1
107,129,1598.35,1010.90,106.05,36.36,1.0000,-1,-1,-1
107,130,1176.62,140.72,52.68,44.04,0.6432,-1,-1,-1
107,131,1570.53,1024.38,93.09,34.31,1.0000,-1,-1,-1
107,132,1321.83,-36.23,15.67,13.91,1.0000,-1,-1,-1
107,136,1237.10,15.47,98.22,60.00,0.0580,-1,-1,-1
108,3,1180.03,70.46,79.19,77.04,0.7777,-1,-1,-1
108,6,1522.56,10.94,69.23,60.05,0.5041,-1,-1,-1
108,10,889.22,498.61,219.88,223.01,0.5393,-1,-1,-1
108,11,1193.64,65.03,48.92,37.54,1.0000,-1,-1,-1
108,17,1826.43,16.31,103.25,101.10,0.8325,-1,-1,-1
108,21,1072.26,177.42,60.44,51.82,1.0000,-1,-1,-1
108,38,1278.12,19.41,68.86,59.13,0.5905,-1,-1,-1
108,43,528.73,622.87,55.34,53.04,1.0000,-1,-1,-1
108,48,1231.02,-139.17,118.20,92.44,1.0000,-1,-1,-1
108,62,1223.05,15.26,60.23,55.53,0.4223,-1,-1,-1
108,65,1163.62,-0.01,43.40,28.83,0.3501,-1,-1,-1
108,69,1095.64,-45.17,-157.44,-104.09,1.0000,-1,-1,-1
108,70,1156.17,505.33,153.76,289.09,0.0855,-1,-1,-1
108,73,1165.37,8.19,88.31,79.49,1.0000,-1,-1,-1
108,88,1183.76,112.74,70.03,61.93,1.0000,-1,-1,-1
108,103,1178.57,89.12,72.07,66.01,0.0190,-1,-1,-1
108,107,566.11,201.13,74.96,72.03,0.8046,-1,-1,-1
108,112,1875.18,991.46,59.89,44.64,1.0000,-1,-1,-1
108,121,1159.91,156.76,54.04,43.75,1.0000,-1,-1,-1
108,123,1312.37,1048.41,82.81,31.55,1.0000,-1,-1,-1
108,128,1120.46,-30.80,146.07,85.39,1.0000,-1,-1,-1
108,129,1599.99,1010.89,105.68,36.23,1.0000,-1,-1,-1
108,130,1173.23,140.82,58.01,48.98,0.7492,-1,-1,-1
108,131,1570.93,1025.19,92.09,33.94,1.0000,-1,-1,-1
108,132,1323.82,-38.20,12.97,11.50,1.0000,-1,-1,-1
108,136,1234.74,16.34,100.66,60.93,0.0375,-1,-1,-1
109,3,1180.38,70.02,78.33,75.95,0.6968,-1,-1,-1
109,6,1523.14,12.78,69.55,60.86,0.4670,-1,-1,-1
109,10,870.36,523.88,229.94,234.47,0.3449,-1,-1,-1
109,11,1192.96,67.83,46.54,35.72,1.0000,-1,-1,-1
109,17,1833.37,14.33,101.03,101.60,0.8227,-1,-1,-1
109,21,1069.67,177.97,60.34,51.73,1.0000,-1,-1,-1
109,38,1277.84,21.32,67.75,58.64,0.6632,-1,-1,-1
109,43,524.62,627.34,55.31,53.00,1.0000,-1,-1,-1
109,48,1232.54,-145.44,119.26,93.27,1.0000,-1,-1,-1
109,62,1222.41,16.13,60.27,55.49,0.4057,-1,-1,-1
109,65,1162.18,-0.10,44.02,28.51,0.3038,-1,-1,-1
109,69,1097.39,-46.84,-164.98,-109.07,1.0000,-1,-1,-1
109,70,1145.40,506.41,155.95,288.26,0.1225,-1,-1,-1
109,73,1164.42,6.67,89.02,80.13,1.0000,-1,-1,-1
109,88,1185.59,111.17,70.22,62.09,1.0000,-1,-1,-1
109,103,1178.65,83.69,71.11,65.13,1.0000,-1,-1,-1
109,107,565.66,196.24,75.76,73.07,0.7634,-1,-1,-1
109,112,1875.36,991.58,60.14,44.82,1.0000,-1,-1,-1
109,121,1159.45,156.96,54.12,43.81,1.0000,-1,-1,-1
109,123,1312.52,1048.38,82.93,31.59,1.0000,-1,-1,-1
109,128,1117.72,-33.22,147.17,86.04,1.0000,-1,-1,-1
109,129,1601.63,1010.88,105.31,36.11,1.0000,-1,-1,-1
109,130,1171.66,141.97,58.97,50.26,0.5577,-1,-1,-1
109,131,1571.33,1026.00,91.09,33.57,1.0000,-1,-1,-1
109,132,1325.81,-40.16,10.26,9.10,1.0000,-1,-1,-1
109,136,1236.64,17.80,101.04,60.95,0.0397,-1,-1,-1
110,3,1180.76,68.15,76.83,73.92,0.7585,-1,-1,-1
110,6,1524.08,14.02,69.16,61.21,0.4322,-1,-1,-1
110,10,853.21,549.42,230.89,235.05,0.1467,-1,-1,-1
110,11,1192.27,70.63,44.17,33.89,1.0000,-1,-1,-1
110,17,1841.12,12.96,96.61,100.55,0.7918,-1,-1,-1
110,21,1067.07,178.53,60.23,51.64,1.0000,-1,-1,-1
110,38,1276.92,23.14,67.33,58.70,0.7142,-1,-1,-1
110,43,520.51,631.80,55.27,52.97,1.0000,-1,-1,-1
110,48,1234.06,-151.71,120.33,94.10,1.0000,-1,-1,-1
110,62,1221.02,16.19,61.92,57.09,0.3053,-1,-1,-1
110,65,1161.18,-0.12,44.80,28.28,0.2984,-1,-1,-1
110,69,1099.14,-48.50,-172.52,-114.06,1.0000,-1,-1,-1
110,70,1140.62,510.17,157.00,285.15,0.0626,-1,-1,-1
110,73,1163.47,5.15,89.73,80.77,1.0000,-1,-1,-1
110,88,1187.41,109.61,70.41,62.26,1.0000,-1,-1,-1
110,103,1178.73,78.27,70.14,64.24,1.0000,-1,-1,-1
110,107,566.01,193.10,74.98,72.71,0.6321,-1,-1,-1
110,112,1875.55,991.71,60.39,45.01,1.0000,-1,-1,-1
110,121,1158.99,157.16,54.21,43.88,1.0000,-1,-1,-1
110,123,1312.67,1048.35,83.06,31.64,1.0000,-1,-1,-1
110,128,1114.98,-35.64,148.28,86.68,1.0000,-1,-1,-1
110,129,1603.27,1010.88,104.94,35.98,1.0000,-1,-1,-1
110,130,1167.87,144.41,61.95,53.44,0.2277,-1,-1,-1
110,131,1571.73,1026.82,90.09,33.20,1.0000,-1,-1,-1
110,132,1327.80,-42.13,7.55,6.70,1.0000,-1,-1,-1
110,136,1236.39,18.25,100.93,60.89,1.0000,-1,-1,-1
111,3,1181.59,64.58,75.56,72.10,0.7709,-1,-1,-1
111,6,1524.15,14.62,69.36,62.04,0.5562,-1,-1,-1
111,10,836.44,576.02,237.18,241.88,0.2485,-1,-1,-1
111,11,1191.59,73.43,41.79,32.07,1.0000,-1,-1,-1
111,17,1848.35,10.95,93.43,101.81,0.6902,-1,-1,-1
111,21,1064.47,179.08,60.12,51.54,1.0000,-1,-1,-1
111,38,1276.57,25.14,66.71,58.45,0.7010,-1,-1,-1
111,43,516.41,636.26,55.24,52.93,1.0000,-1,-1,-1
111,48,1235.58,-157.98,121.39,94.93,1.0000,-1,-1,-1
111,62,1220.33,16.51,62.27,57.51,0.3374,-1,-1,-1
111,65,1161.09,-0.11,43.81,26.80,0.2012,-1,-1,-1
111,69,1100.90,-50.17,-180.06,-119.04,1.0000,-1,-1,-1
111,70,1137.97,512.09,158.68,284.07,0.1433,-1,-1,-1
111,73,1162.52,3.63,90.44,81.41,1.0000,-1,-1,-1
111,88,1189.24,108.05,70.60,62.43,1.0000,-1,-1,-1
111,103,1178.81,72.85,69.18,63.36,1.0000,-1,-1,-1
111,107,566.38,189.85,73.72,71.69,0.6350,-1,-1,-1
111,112,1875.73,991.83,60.64,45.20,1.0000,-1,-1,-1
111,121,1158.53,157.36,54.29,43.95,1.0000,-1,-1,-1
111,123,1312.82,1048.31,83.18,31.69,1.0000,-1,-1,-1
111,128,1112.23,-38.05,149.38,87.33,1.0000,-1,-1,-1
111,129,1604.91,1010.87,104.57,35.85,1.0000,-1,-1,-1
111,130,1165.34,148.38,63.44,55.26,0.4167,-1,-1,-1
111,131,1572.13,1027.63,89.09,32.83,1.0000,-1,-1,-1
111,132,1329.79,-44.09,4.84,4.29,1.0000,-1,-1,-1
111,136,1236.13,18.70,100.82,60.82,1.0000,-1,-1,-1
112,3,1180.49,61.64,77.47,73.89,0.7902,-1,-1,-1
112,6,1525.05,16.66,68.79,62.16,0.4347,-1,-1,-1
112,10,818.67,603.99,243.12,248.22,0.1682,-1,-1,-1
112,11,1190.90,76.23,39.41,30.25,1.0000,-1,-1,-1
112,17,1855.11,9.72,89.53,102.88,0.5227,-1,-1,-1
112,21,1061.87,179.63,60.01,51.45,1.0000,-1,-1,-1
112,38,1277.46,27.25,66.02,58.23,0.6062,-1,-1,-1
112,43,512.30,640.72,55.20,52.90,1.0000,-1,-1,-1
112,48,1237.09,-164.25,122.46,95.77,1.0000,-1,-1,-1
112,62,1219.23,17.50,62.54,57.84,0.2885,-1,-1,-1
112,65,1160.45,-0.10,44.11,26.26,0.2164,-1,-1,-1
112,70,1136.59,512.73,160.71,283.86,0.1400,-1,-1,-1
112,73,1161.57,2.11,91.15,82.05,1.0000,-1,-1,-1
112,88,1191.06,106.48,70.79,62.60,1.0000,-1,-1,-1
112,103,1178.89,67.42,68.22,62.48,1.0000,-1,-1,-1
112,107,566.37,186.15,72.87,70.76,0.6880,-1,-1,-1
112,112,1875.91,991.96,60.89,45.38,1.0000,-1,-1,-1
112,121,1158.07,157.56,54.37,44.02,1.0000,-1,-1,-1
112,123,1312.97,1048.28,83.30,31.73,1.0000,-1,-1,-1
112,128,1109.49,-40.47,150.49,87.98,1.0000,-1,-1,-1
112,129,1606.55,1010.86,104.20,35.73,1.0000,-1,-1,-1
112,130,1162.58,152.12,63.66,55.63,0.4896,-1,-1,-1
112,131,1572.54,1028.44,88.10,32.47,1.0000,-1,-1,-1
112,132,1331.78,-46.06,2.13,1.89,1.0000,-1,-1,-1
112,136,1235.88,19.15,100.71,60.76,1.0000,-1,-1,-1
112,147,1865.90,5.08,59.59,382.45,0.0434,-1,-1,-1
113,3,1178.65,58.38,81.32,78.08,0.7725,-1,-1,-1
113,6,1526.45,18.80,67.90,61.96,0.6378,-1,-1,-1
113,10,799.12,632.73,250.14,255.58,0.2848,-1,-1,-1
113,11,1190.22,79.02,37.04,28.42,1.0000,-1,-1,-1
113,17,1862.64,6.65,89.63,103.00,1.0000,-1,-1,-1
113,21,1059.27,180.18,59.90,51.36,1.0000,-1,-1,-1
113,38,1277.69,28.76,66.01,58.53,0.5234,-1,-1,-1
113,43,508.19,645.19,55.16,52.87,1.0000,-1,-1,-1
113,62,1218.62,19.17,61.60,57.08,0.0741,-1,-1,-1
113,65,1160.12,-0.08,44.80,26.10,0.1285,-1,-1,-1
113,70,1136.59,514.62,161.63,282.34,0.1697,-1,-1,-1
113,73,1160.62,0.59,91.86,82.69,1.0000,-1,-1,-1
113,88,1192.88,104.92,70.98,62.76,1.0000,-1,-1,-1
113,103,1178.97,62.00,67.26,61.60,1.0000,-1,-1,-1
113,107,564.08,180.32,76.51,74.40,0.5473,-1,-1,-1
113,112,1876.10,992.08,61.14,45.57,1.0000,-1,-1,-1
113,121,1157.61,157.77,54.46,44.09,1.0000,-1,-1,-1
113,123,1313.12,1048.24,83.43,31.78,1.0000,-1,-1,-1
113,128,1106.75,-42.89,151.59,88.62,1.0000,-1,-1,-1
113,129,1608.19,1010.85,103.83,35.60,1.0000,-1,-1,-1
113,130,1162.64,156.45,61.45,53.88,0.5170,-1,-1,-1
113,131,1572.94,1029.25,87.10,32.10,1.0000,-1,-1,-1
113,132,1333.77,-48.02,-0.58,-0.51,1.0000,-1,-1,-1
113,136,1235.63,19.60,100.60,60.69,1.0000,-1,-1,-1
113,147,1867.90,3.44,59.54,382.11,1.0000,-1,-1,-1
113,148,1902.16,0.00,18.25,23.53,0.0485,-1,-1,-1
114,3,1180.48,53.35,78.10,75.41,0.4987,-1,-1,-1
114,6,1529.03,21.93,66.06,61.09,0.3015,-1,-1,-1
114,10,780.19,665.61,254.08,258.84,0.0340,-1,-1,-1
114,11,1189.54,81.82,34.66,26.60,1.0000,-1,-1,-1
114,17,1870.17,3.58,89.73,103.12,1.0000,-1,-1,-1
114,21,1056.67,180.74,59.79,51.26,1.0000,-1,-1,-1
114,38,1278.26,31.29,64.87,57.85,0.4920,-1,-1,-1
114,43,504.08,649.65,55.13,52.83,1.0000,-1,-1,-1
114,62,1219.34,20.85,58.91,54.59,0.0802,-1,-1,-1
114,65,1159.97,-0.07,45.38,26.01,0.0800,-1,-1,-1
114,70,1138.61,515.64,162.74,282.15,0.1023,-1,-1,-1
114,73,1201.53,23.16,76.23,69.68,0.0119,-1,-1,-1
114,88,1194.71,103.35,71.17,62.93,1.0000,-1,-1,-1
114,103,1179.05,56.57,66.30,60.72,1.0000,-1,-1,-1
114,107,563.31,178.58,76.56,74.53,0.7281,-1,-1,-1
114,112,1876.28,992.21,61.39,45.75,1.0000,-1,-1,-1
114,121,1157.15,157.97,54.54,44.16,1.0000,-1,-1,-1
114,123,1313.26,1048.21,83.55,31.83,1.0000,-1,-1,-1
114,128,1104.01,-45.31,152.70,89.27,1.0000,-1,-1,-1
114,129,1609.83,1010.84,103.46,35.47,1.0000,-1,-1,-1
114,130,1160.97,158.59,62.90,55.53,0.2781,-1,-1,-1
114,131,1573.34,1030.06,86.10,31.73,1.0000,-1,-1,-1
114,136,1235.38,20.04,100.49,60.63,1.0000,-1,-1,-1
114,147,1869.90,1.81,59.49,381.78,1.0000,-1,-1,-1
114,148,1902.42,0.00,18.63,24.15,0.0842,-1,-1,-1
114,149,1896.08,10.37,24.66,96.97,0.4402,-1,-1,-1
115,3,1183.80,49.73,73.68,70.82,0.3281,-1,-1,-1
115,6,1530.49,23.47,65.71,61.64,0.2727,-1,-1,-1
115,10,760.79,701.47,254.67,257.93,0.0169,-1,-1,-1
115,11,1188.85,84.62,32.29,24.78,1.0000,-1,-1,-1
115,17,1877.70,0.50,89.83,103.23,1.0000,-1,-1,-1
115,21,1054.07,181.29,59.69,51.17,1.0000,-1,-1,-1
115,38,1278.41,34.48,64.33,57.58,0.5078,-1,-1,-1
115,43,499.98,654.11,55.09,52.80,1.0000,-1,-1,-1
115,62,1219.70,22.20,58.39,54.39,0.0832,-1,-1,-1
115,65,1159.77,0.04,45.64,25.81,0.0446,-1,-1,-1
115,70,1140.15,517.25,163.11,280.88,0.1741,-1,-1,-1
115,73,1200.84,23.60,77.20,71.40,0.0179,-1,-1,-1
115,88,1196.53,101.79,71.36,63.10,1.0000,-1,-1,-1
115,103,1179.13,51.15,65.34,59.84,1.0000,-1,-1,-1
115,107,564.42,176.74,73.65,71.59,0.4664,-1,-1,-1
115,112,1876.46,992.33,61.64,45.94,1.0000,-1,-1,-1
115,121,1156.69,158.17,54.63,44.22,1.0000,-1,-1,-1
115,123,1313.41,1048.18,83.68,31.88,1.0000,-1,-1,-1
115,128,1101.27,-47.72,153.80,89.91,1.0000,-1,-1,-1
115,129,1611.47,1010.83,103.09,35.35,1.0000,-1,-1,-1
115,130,1161.46,160.33,62.53,55.99,0.0927,-1,-1,-1
115,131,1573.74,1030.87,85.10,31.36,1.0000,-1,-1,-1
115,136,1235.12,20.49,100.39,60.56,1.0000,-1,-1,-1
115,147,1871.90,0.17,59.44,381.44,1.0000,-1,-1,-1
115,148,1900.19,0.00,24.61,32.61,0.0105,-1,-1,-1
115,149,1900.66,4.25,24.14,96.46,0.1531,-1,-1,-1
116,3,1185.05,45.69,72.10,69.13,0.2648,-1,-1,-1
116,6,1531.22,27.72,63.16,59.56,0.3045,-1,-1,-1
116,10,746.08,722.53,258.97,262.30,1.0000,-1,-1,-1
116,11,1182.28,101.83,56.65,44.24,0.4475,-1,-1,-1
116,17,1885.23,-2.57,89.93,103.35,1.0000,-1,-1,-1
116,21,1051.47,181.84,59.58,51.08,1.0000,-1,-1,-1
116,38,1277.50,37.30,63.76,57.28,0.5119,-1,-1,-1
116,43,495.87,658.58,55.06,52.76,1.0000,-1,-1,-1
116,62,1220.96,24.60,55.80,52.36,0.0332,-1,-1,-1
116,65,1159.27,0.11,45.93,25.54,0.0587,-1,-1,-1
116,70,1141.50,519.00,164.13,281.58,0.3411,-1,-1,-1
116,73,1202.07,23.57,77.22,71.42,1.0000,-1,-1,-1
116,88,1198.36,100.22,71.55,63.27,1.0000,-1,-1,-1
116,103,1179.21,45.73,64.37,58.96,1.0000,-1,-1,-1
116,107,564.95,174.49,73.21,71.20,0.3505,-1,-1,-1
116,112,1876.65,992.46,61.89,46.13,1.0000,-1,-1,-1
116,121,1156.23,158.37,54.71,44.29,1.0000,-1,-1,-1
116,123,1313.56,1048.14,83.80,31.92,1.0000,-1,-1,-1
116,128,1098.52,-50.14,154.90,90.56,1.0000,-1,-1,-1
116,129,1613.11,1010.82,102.72,35.22,1.0000,-1,-1,-1
116,130,1159.04,161.47,64.93,59.21,0.0393,-1,-1,-1
116,131,1574.14,1031.69,84.10,30.99,1.0000,-1,-1,-1
116,136,1234.87,20.94,100.28,60.49,1.0000,-1,-1,-1
116,147,1873.90,-1.47,59.39,381.11,1.0000,-1,-1,-1
116,148,1901.80,0.00,22.33,30.09,0.0117,-1,-1,-1
116,149,1905.48,1.13,22.29,89.08,1.0000,-1,-1,-1
117,3,1186.02,39.49,74.23,70.92,0.3119,-1,-1,-1
117,6,1531.45,30.88,62.71,59.40,0.5971,-1,-1,-1
117,10,726.17,715.83,255.19,255.27,0.0253,-1,-1,-1
117,11,1180.48,102.77,58.59,47.04,0.4521,-1,-1,-1
117,17,1892.76,-5.65,90.03,103.47,1.0000,-1,-1,-1
117,21,1048.87,182.40,59.47,50.99,1.0000,-1,-1,-1
117,38,1276.85,38.67,63.32,57.26,0.6353,-1,-1,-1
117,43,491.76,663.04,55.02,52.73,1.0000,-1,-1,-1
117,62,1220.13,25.50,55.41,52.34,0.0809,-1,-1,-1
117,65,1159.03,0.28,46.01,25.21,0.0493,-1,-1,-1
117,70,1142.99,521.57,163.63,279.70,0.5684,-1,-1,-1
117,73,1205.05,26.07,70.12,66.00,0.0214,-1,-1,-1
117,88,1200.18,98.66,71.73,63.43,1.0000,-1,-1,-1
117,103,1179.29,40.30,63.41,58.08,1.0000,-1,-1,-1
117,107,564.89,172.89,71.38,69.25,0.2620,-1,-1,-1
117,121,1155.77,158.57,54.80,44.36,1.0000,-1,-1,-1
117,123,1313.71,1048.11,83.93,31.97,1.0000,-1,-1,-1
117,128,1095.78,-52.56,156.01,91.20,1.0000,-1,-1,-1
117,129,1614.75,1010.81,102.35,35.09,1.0000,-1,-1,-1
117,130,1155.80,164.14,65.39,60.42,0.0185,-1,-1,-1
117,131,1574.55,1032.50,83.10,30.63,1.0000,-1,-1,-1
117,136,1234.62,21.39,100.17,60.43,1.0000,-1,-1,-1
117,147,1875.89,-3.11,59.33,380.77,1.0000,-1,-1,-1
117,148,1902.38,1.28,21.55,29.65,0.0483,-1,-1,-1
117,149,1910.30,-1.99,20.45,81.71,1.0000,-1,-1,-1
118,3,1186.68,30.67,79.03,74.94,0.5170,-1,-1,-1
118,6,1533.92,34.39,61.23,58.49,0.4464,-1,-1,-1
118,10,702.11,690.06,268.11,267.48,0.0443,-1,-1,-1
118,11,1179.15,106.51,58.83,47.23,1.0000,-1,-1,-1
118,17,1900.29,-8.72,90.13,103.59,1.0000,-1,-1,-1
118,21,1046.28,182.95,59.36,50.89,1.0000,-1,-1,-1
118,38,1275.84,39.35,65.39,59.63,0.4963,-1,-1,-1
118,43,487.66,667.50,54.99,52.69,1.0000,-1,-1,-1
118,62,1219.59,26.23,54.92,51.87,1.0000,-1,-1,-1
118,65,1158.49,0.60,46.06,24.87,0.0413,-1,-1,-1
118,70,1143.04,521.41,164.52,280.52,0.5562,-1,-1,-1
118,73,1206.41,26.35,69.44,65.36,1.0000,-1,-1,-1
118,88,1178.95,99.34,61.62,56.04,0.2425,-1,-1,-1
118,103,1179.37,34.88,62.45,57.20,1.0000,-1,-1,-1
118,107,564.77,170.16,68.81,67.01,0.3514,-1,-1,-1
118,121,1155.31,158.78,54.88,44.43,1.0000,-1,-1,-1
118,123,1313.86,1048.07,84.05,32.02,1.0000,-1,-1,-1
118,128,1093.04,-54.97,157.11,91.85,1.0000,-1,-1,-1
118,129,1616.39,1010.81,101.98,34.97,1.0000,-1,-1,-1
118,130,1153.86,166.66,66.49,61.44,1.0000,-1,-1,-1
118,131,1574.95,1033.31,82.11,30.26,1.0000,-1,-1,-1
118,136,1234.37,21.84,100.06,60.36,1.0000,-1,-1,-1
118,147,1877.89,-4.75,59.28,380.44,1.0000,-1,-1,-1
118,148,1902.27,1.05,21.77,30.67,0.0990,-1,-1,-1
118,149,1915.13,-5.12,18.60,74.33,1.0000,-1,-1,-1
119,3,1187.88,28.39,78.37,73.53,0.6857,-1,-1,-1
119,6,1534.76,36.81,62.48,60.34,0.6317,-1,-1,-1
119,10,680.47,660.71,278.01,276.47,0.1569,-1,-1,-1
119,11,1177.81,110.26,59.07,47.42,1.0000,-1,-1,-1
119,17,1907.83,-11.80,90.23,103.70,1.0000,-1,-1,-1
119,21,1043.68,183.50,59.25,50.80,1.0000,-1,-1,-1
119,38,1275.72,41.07,65.86,60.44,0.4638,-1,-1,-1
119,43,483.55,671.96,54.95,52.66,1.0000,-1,-1,-1
119,62,1219.06,26.97,54.43,51.40,1.0000,-1,-1,-1
119,65,1157.96,0.55,46.60,24.84,0.0537,-1,-1,-1
119,70,1143.52,523.29,164.37,279.08,0.4371,-1,-1,-1
119,73,1207.78,26.63,68.75,64.71,1.0000,-1,-1,-1
119,88,1179.40,103.28,58.66,53.54,0.1973,-1,-1,-1
119,103,1179.45,29.45,61.49,56.32,1.0000,-1,-1,-1
119,107,564.70,167.26,68.22,66.48,0.6834,-1,-1,-1
119,121,1154.85,158.98,54.96,44.50,1.0000,-1,-1,-1
119,123,1314.00,1048.04,84.17,32.07,1.0000,-1,-1,-1
119,128,1090.30,-57.39,158.22,92.49,1.0000,-1,-1,-1
119,129,1618.03,1010.80,101.61,34.84,1.0000,-1,-1,-1
119,130,1156.37,173.29,60.06,55.78,0.0960,-1,-1,-1
119,131,1575.35,1034.12,81.11,29.89,1.0000,-1,-1,-1
119,136,1234.12,22.28,99.95,60.30,1.0000,-1,-1,-1
119,147,1879.89,-6.38,59.23,380.11,1.0000,-1,-1,-1
119,148,1902.35,0.41,21.63,31.27,0.0557,-1,-1,-1
119,149,1919.95,-8.24,16.75,66.95,1.0000,-1,-1,-1
120,3,1188.26,27.32,78.22,72.37,0.6718,-1,-1,-1
120,6,1538.21,40.41,59.91,58.18,0.6752,-1,-1,-1
120,10,658.49,625.52,286.06,284.35,0.1582,-1,-1,-1
120,11,1176.48,114.01,59.31,47.61,1.0000,-1,-1,-1
120,17,1915.36,-14.87,90.33,103.82,1.0000,-1,-1,-1
120,21,1041.08,184.05,59.14,50.71,1.0000,-1,-1,-1
120,38,1275.53,43.53,65.83,60.91,0.5523,-1,-1,-1
120,43,479.44,676.43,54.92,52.63,1.0000,-1,-1,-1
120,62,1218.52,27.71,53.93,50.94,1.0000,-1,-1,-1
120,65,1157.45,0.45,47.38,24.94,0.0463,-1,-1,-1
120,70,1145.10,525.48,164.53,276.96,0.5953,-1,-1,-1
120,73,1209.15,26.91,68.07,64.07,1.0000,-1,-1,-1
120,88,1178.95,107.04,57.44,52.20,0.3520,-1,-1,-1
120,103,1179.53,24.03,60.53,55.43,1.0000,-1,-1,-1
120,107,564.10,165.94,68.30,66.47,0.7582,-1,-1,-1
120,121,1154.40,159.18,55.05,44.56,1.0000,-1,-1,-1
120,123,1314.15,1048.01,84.30,32.11,1.0000,-1,-1,-1
120,128,1087.56,-59.81,159.32,93.14,1.0000,-1,-1,-1
120,129,1619.67,1010.79,101.24,34.71,1.0000,-1,-1,-1
120,130,1158.31,180.62,55.56,51.80,0.2401,-1,-1,-1
120,131,1575.75,1034.93,80.11,29.52,1.0000,-1,-1,-1
120,136,1233.86,22.73,99.84,60.23,1.0000,-1,-1,-1
120,147,1881.89,-8.02,59.18,379.77,1.0000,-1,-1,-1
120,148,1902.65,0.16,21.10,31.30,0.0588,-1,-1,-1
120,149,1924.77,-11.36,14.91,59.57,1.0000,-1,-1,-1
121,3,1188.67,26.40,78.14,71.39,0.4026,-1,-1,-1
121,6,1540.32,43.21,58.21,56.60,0.6475,-1,-1,-1
121,10,639.38,590.15,289.72,287.76,0.4686,-1,-1,-1
121,11,1175.15,117.75,59.54,47.80,1.0000,-1,-1,-1
121,17,1922.89,-17.95,90.43,103.94,1.0000,-1,-1,-1
121,21,1038.48,184.61,59.04,50.61,1.0000,-1,-1,-1
121,38,1275.16,46.53,65.52,60.96,0.5323,-1,-1,-1
121,43,488.03,688.85,51.29,49.12,0.0260,-1,-1,-1
121,62,1217.99,28.45,53.44,50.47,1.0000,-1,-1,-1
121,65,1157.20,0.39,47.94,24.95,0.0514,-1,-1,-1
121,70,1146.15,527.55,164.91,274.77,0.5177,-1,-1,-1
121,73,1210.52,27.19,67.38,63.42,1.0000,-1,-1,-1
121,88,1177.41,110.46,58.81,53.56,0.4623,-1,-1,-1
121,103,1179.61,18.61,59.56,54.55,1.0000,-1,-1,-1
121,107,564.01,164.30,66.92,64.87,0.7354,-1,-1,-1
121,121,1153.94,159.38,55.13,44.63,1.0000,-1,-1,-1
121,123,1314.30,1047.97,84.42,32.16,1.0000,-1,-1,-1
121,128,1084.82,-62.22,160.42,93.79,1.0000,-1,-1,-1
121,129,1621.31,1010.78,100.87,34.59,1.0000,-1,-1,-1
121,130,1158.18,185.40,55.35,52.02,0.2949,-1,-1,-1
121,131,1576.15,1035.74,79.11,29.16,1.0000,-1,-1,-1
121,136,1233.61,23.18,99.74,60.17,1.0000,-1,-1,-1
121,147,1883.88,-9.66,59.13,379.44,1.0000,-1,-1,-1
121,148,1903.05,0.05,20.30,30.87,0.0530,-1,-1,-1
121,149,1929.60,-14.49,13.06,52.19,1.0000,-1,-1,-1
122,3,1187.53,24.33,78.74,71.00,0.3521,-1,-1,-1
122,6,1540.79,45.79,59.28,57.73,0.7058,-1,-1,-1
122,10,619.56,554.15,290.71,288.00,0.5380,-1,-1,-1
122,11,1173.82,121.50,59.78,47.99,1.0000,-1,-1,-1
122,17,1930.42,-21.02,90.53,104.06,1.0000,-1,-1,-1
122,21,1035.88,185.16,58.93,50.52,1.0000,-1,-1,-1
122,38,1275.09,50.15,64.88,60.61,0.5434,-1,-1,-1
122,43,484.70,693.80,51.03,48.87,1.0000,-1,-1,-1
122,62,1217.45,29.19,52.95,50.01,1.0000,-1,-1,-1
122,65,1158.24,0.12,44.80,22.88,0.1090,-1,-1,-1
122,70,1144.44,528.49,164.75,273.03,0.5301,-1,-1,-1
122,73,1211.89,27.47,66.70,62.78,1.0000,-1,-1,-1
122,88,1176.45,113.79,59.71,54.54,0.5794,-1,-1,-1
122,103,1179.69,13.18,58.60,53.67,1.0000,-1,-1,-1
122,107,564.05,163.22,66.27,63.79,0.7488,-1,-1,-1
122,121,1153.48,159.58,55.22,44.70,1.0000,-1,-1,-1
122,123,1314.45,1047.94,84.55,32.21,1.0000,-1,-1,-1
122,128,1082.07,-64.64,161.53,94.43,1.0000,-1,-1,-1
122,129,1622.95,1010.77,100.50,34.46,1.0000,-1,-1,-1
122,130,1156.50,188.04,56.66,53.45,0.1363,-1,-1,-1
122,136,1233.36,23.63,99.63,60.10,1.0000,-1,-1,-1
122,147,1885.88,-11.30,59.07,379.10,1.0000,-1,-1,-1
122,148,1903.49,0.25,19.48,30.34,0.0562,-1,-1,-1
122,149,1934.42,-17.61,11.21,44.81,1.0000,-1,-1,-1
123,3,1187.66,22.36,79.61,71.03,0.3648,-1,-1,-1
123,6,1541.23,48.55,60.34,59.01,0.6782,-1,-1,-1
123,10,598.84,516.04,293.53,289.93,0.5078,-1,-1,-1
123,11,1172.49,125.24,60.02,48.19,1.0000,-1,-1,-1
123,17,1937.95,-24.09,90.63,104.17,1.0000,-1,-1,-1
123,21,1033.28,185.71,58.82,50.43,1.0000,-1,-1,-1
123,38,1274.94,52.99,64.94,60.85,0.5122,-1,-1,-1
123,43,481.37,698.75,50.77,48.62,1.0000,-1,-1,-1
123,62,1216.92,29.93,52.45,49.54,1.0000,-1,-1,-1
123,65,1156.38,0.36,48.33,24.44,0.0531,-1,-1,-1
123,70,1143.78,528.81,165.15,272.54,0.3568,-1,-1,-1
123,73,1213.25,27.75,66.01,62.13,1.0000,-1,-1,-1
123,88,1175.15,117.57,61.88,56.91,0.5125,-1,-1,-1
123,103,1179.77,7.76,57.64,52.79,1.0000,-1,-1,-1
123,107,561.95,160.11,68.92,65.79,0.8097,-1,-1,-1
123,121,1153.02,159.79,55.30,44.77,1.0000,-1,-1,-1
123,123,1314.60,1047.91,84.67,32.25,1.0000,-1,-1,-1
123,128,1079.33,-67.06,162.63,95.08,1.0000,-1,-1,-1
123,129,1624.59,1010.76,100.13,34.33,1.0000,-1,-1,-1
123,130,1156.21,192.48,56.20,53.29,0.1221,-1,-1,-1
123,136,1233.11,24.07,99.52,60.04,1.0000,-1,-1,-1
123,147,1887.88,-12.94,59.02,378.77,1.0000,-1,-1,-1
123,148,1904.24,1.07,18.06,28.67,0.0472,-1,-1,-1
123,149,1939.24,-20.73,9.37,37.43,1.0000,-1,-1,-1
124,3,1186.57,19.67,80.81,71.64,0.5880,-1,-1,-1
124,6,1542.33,51.21,60.71,59.49,0.7284,-1,-1,-1
124,10,577.74,476.50,293.97,288.88,0.4158,-1,-1,-1
124,11,1171.15,128.99,60.26,48.38,1.0000,-1,-1,-1
124,17,1945.48,-27.17,90.73,104.29,1.0000,-1,-1,-1
124,21,1030.68,186.27,58.71,50.34,1.0000,-1,-1,-1
124,38,1275.10,57.65,63.64,59.70,0.6367,-1,-1,-1
124,43,478.04,703.71,50.51,48.38,1.0000,-1,-1,-1
124,62,1216.38,30.67,51.96,49.07,1.0000,-1,-1,-1
124,65,1157.25,0.12,45.60,22.72,0.0698,-1,-1,-1
124,70,1143.51,530.26,164.80,270.92,0.3498,-1,-1,-1
124,73,1214.62,28.03,65.32,61.49,1.0000,-1,-1,-1
124,88,1175.56,122.46,60.52,55.59,0.4015,-1,-1,-1
124,103,1179.85,2.33,56.68,51.91,1.0000,-1,-1,-1
124,107,560.41,158.21,70.22,66.54,0.8034,-1,-1,-1
124,121,1152.56,159.99,55.39,44.84,1.0000,-1,-1,-1
124,128,1076.59,-69.48,163.74,95.72,1.0000,-1,-1,-1
124,129,1626.23,1010.75,99.76,34.20,1.0000,-1,-1,-1
124,130,1154.30,195.07,57.08,54.43,0.0144,-1,-1,-1
124,136,1232.86,24.52,99.41,59.97,1.0000,-1,-1,-1
124,147,1889.88,-14.57,58.97,378.44,1.0000,-1,-1,-1
124,148,1904.77,1.65,16.97,27.36,0.0542,-1,-1,-1
124,149,1944.07,-23.86,7.52,30.06,1.0000,-1,-1,-1
124,152,1232.33,1034.77,75.81,35.39,0.0156,-1,-1,-1
125,3,1184.63,17.44,83.34,73.95,0.6918,-1,-1,-1
125,6,1543.60,53.43,60.99,59.82,0.7588,-1,-1,-1
125,10,552.63,435.59,302.86,297.04,0.1806,-1,-1,-1
125,11,1169.82,132.74,60.49,48.57,1.0000,-1,-1,-1
125,17,1953.01,-30.24,90.83,104.41,1.0000,-1,-1,-1
125,21,1028.08,186.82,58.60,50.24,1.0000,-1,-1,-1
125,38,1275.02,61.63,62.37,58.43,0.7436,-1,-1,-1
125,43,474.72,708.66,50.26,48.13,1.0000,-1,-1,-1
125,62,1215.85,31.41,51.46,48.61,1.0000,-1,-1,-1
125,65,1157.18,0.02,44.92,22.13,0.0851,-1,-1,-1
125,70,1143.63,531.36,164.98,270.03,0.1647,-1,-1,-1
125,73,1215.99,28.31,64.64,60.84,1.0000,-1,-1,-1
125,88,1174.99,126.78,60.93,55.92,0.6104,-1,-1,-1
125,103,1179.93,-3.09,55.72,51.03,1.0000,-1,-1,-1
125,107,559.75,156.67,70.38,66.23,0.8133,-1,-1,-1
125,121,1152.10,160.19,55.47,44.90,1.0000,-1,-1,-1
125,130,1153.28,197.58,59.35,57.33,0.0947,-1,-1,-1
125,136,1232.60,24.97,99.30,59.91,1.0000,-1,-1,-1
125,147,1891.88,-16.21,58.92,378.10,1.0000,-1,-1,-1
125,148,1905.34,0.59,15.76,25.65,0.0403,-1,-1,-1
125,149,1948.89,-26.98,5.67,22.68,1.0000,-1,-1,-1
125,152,1227.98,1034.27,78.13,36.44,0.0110,-1,-1,-1
126,3,1183.54,15.55,85.76,76.51,0.7679,-1,-1,-1
126,6,1545.35,57.74,60.89,59.62,0.7704,-1,-1,-1
126,10,524.80,396.18,312.80,307.30,0.5252,-1,-1,-1
126,11,1168.49,136.48,60.73,48.76,1.0000,-1,-1,-1
126,17,1960.54,-33.32,90.93,104.52,1.0000,-1,-1,-1
126,21,1025.49,187.37,58.49,50.15,1.0000,-1,-1,-1
126,38,1274.71,65.34,61.81,57.94,0.7626,-1,-1,-1
126,43,471.39,713.61,50.00,47.88,1.0000,-1,-1,-1
126,62,1215.31,32.15,50.97,48.14,1.0000,-1,-1,-1
126,65,1155.29,0.53,48.79,23.86,0.1013,-1,-1,-1
126,70,1144.21,531.82,164.97,268.77,0.1742,-1,-1,-1
126,73,1217.36,28.59,63.95,60.20,1.0000,-1,-1,-1
126,88,1174.85,132.27,60.80,55.55,0.6964,-1,-1,-1
126,103,1180.01,-8.52,54.76,50.15,1.0000,-1,-1,-1
126,107,559.62,155.77,69.99,65.81,0.7848,-1,-1,-1
126,121,1151.64,160.39,55.55,44.97,1.0000,-1,-1,-1
126,130,1152.05,200.90,59.92,57.88,1.0000,-1,-1,-1
126,136,1232.35,25.42,99.20,59.84,1.0000,-1,-1,-1
126,147,1893.87,-17.85,58.86,377.77,1.0000,-1,-1,-1
126,148,1906.37,0.19,13.57,21.84,0.0286,-1,-1,-1
126,149,1953.71,-30.10,3.83,15.30,1.0000,-1,-1,-1
126,152,1226.64,1034.14,78.92,36.81,1.0000,-1,-1,-1
126,153,1905.61,1.57,15.08,27.20,0.0177,-1,-1,-1
127,3,1182.81,13.92,87.18,78.41,0.7520,-1,-1,-1
127,6,1546.34,61.37,61.92,60.80,0.7486,-1,-1,-1
127,10,501.85,356.90,315.99,310.16,0.5942,-1,-1,-1
127,11,1167.16,140.23,60.97,48.95,1.0000,-1,-1,-1
127,17,1968.07,-36.39,91.03,104.64,1.0000,-1,-1,-1
127,21,1022.89,187.92,58.39,50.06,1.0000,-1,-1,-1
127,38,1274.80,69.11,61.50,57.63,0.7639,-1,-1,-1
127,43,468.06,718.56,49.74,47.63,1.0000,-1,-1,-1
127,62,1214.78,32.89,50.48,47.68,1.0000,-1,-1,-1
127,65,1154.06,0.48,50.63,24.63,0.1193,-1,-1,-1
127,70,1144.04,532.07,165.46,268.33,0.2757,-1,-1,-1
127,73,1218.73,28.87,63.27,59.55,1.0000,-1,-1,-1
127,88,1173.79,136.82,62.31,56.85,0.7097,-1,-1,-1
127,103,1180.09,-13.94,53.79,49.27,1.0000,-1,-1,-1
127,107,558.93,154.14,70.72,66.29,0.8154,-1,-1,-1
127,121,1151.18,160.59,55.64,45.04,1.0000,-1,-1,-1
127,130,1151.34,208.79,58.34,56.85,0.2585,-1,-1,-1
127,136,1232.10,25.87,99.09,59.78,1.0000,-1,-1,-1
127,147,1895.87,-19.49,58.81,377.43,1.0000,-1,-1,-1
127,148,1906.72,0.04,12.75,20.29,0.0160,-1,-1,-1
127,149,1958.53,-33.23,1.98,7.92,1.0000,-1,-1,-1
127,152,1225.46,1033.29,82.96,38.78,0.0103,-1,-1,-1
127,153,1905.44,1.81,15.40,27.78,1.0000,-1,-1,-1
128,3,1181.60,11.83,89.45,81.30,0.6967,-1,-1,-1
128,6,1547.83,64.72,61.96,61.13,0.7239,-1,-1,-1
128,10,477.09,315.53,321.64,315.97,0.4358,-1,-1,-1
128,11,1165.83,143.98,61.20,49.14,1.0000,-1,-1,-1
128,17,1975.60,-39.47,91.13,104.76,1.0000,-1,-1,-1
128,38,1274.78,72.33,61.49,57.70,0.7588,-1,-1,-1
128,43,464.73,723.51,49.48,47.39,1.0000,-1,-1,-1
128,62,1214.24,33.63,49.98,47.21,1.0000,-1,-1,-1
128,65,1152.88,0.50,52.03,25.13,0.1056,-1,-1,-1
128,70,1143.91,532.17,166.36,268.50,0.2908,-1,-1,-1
128,73,1220.09,29.14,62.58,58.91,1.0000,-1,-1,-1
128,88,1173.89,141.47,61.94,56.49,0.6547,-1,-1,-1
128,103,1180.17,-19.36,52.83,48.39,1.0000,-1,-1,-1
128,107,559.49,153.42,68.90,64.17,0.7863,-1,-1,-1
128,121,1150.72,160.80,55.72,45.11,1.0000,-1,-1,-1
128,130,1151.61,214.95,57.79,57.03,0.1141,-1,-1,-1
128,136,1200.62,59.81,64.54,38.98,0.0179,-1,-1,-1
128,147,1897.87,-21.13,58.76,377.10,1.0000,-1,-1,-1
128,148,1906.95,-0.03,12.37,19.68,1.0000,-1,-1,-1
128,149,1963.36,-36.35,0.14,0.54,1.0000,-1,-1,-1
128,152,1224.14,1033.00,84.49,39.49,1.0000,-1,-1,-1
128,153,1905.27,2.04,15.72,28.36,1.0000,-1,-1,-1
129,3,1182.04,10.26,89.28,82.06,0.5233,-1,-1,-1
129,6,1549.28,68.41,61.38,60.83,0.6852,-1,-1,-1
129,10,452.08,275.07,326.35,320.49,0.6799,-1,-1,-1
129,11,1164.49,147.72,61.44,49.33,1.0000,-1,-1,-1
129,17,1983.13,-42.54,91.23,104.88,1.0000,-1,-1,-1
129,38,1274.76,75.77,61.71,57.96,0.7635,-1,-1,-1
129,43,461.40,728.46,49.22,47.14,1.0000,-1,-1,-1
129,62,1213.71,34.37,49.49,46.74,1.0000,-1,-1,-1
129,65,1152.91,0.69,52.41,25.27,0.1241,-1,-1,-1
129,70,1144.02,533.55,166.37,267.29,0.2479,-1,-1,-1
129,73,1196.98,32.48,72.70,68.08,0.0580,-1,-1,-1
129,88,1172.01,146.34,62.64,57.26,0.5517,-1,-1,-1
129,103,1180.25,-24.79,51.87,47.51,1.0000,-1,-1,-1
129,107,558.91,152.36,68.23,63.37,0.5463,-1,-1,-1
129,121,1150.26,161.00,55.81,45.18,1.0000,-1,-1,-1
129,130,1151.21,218.73,57.45,57.33,0.0553,-1,-1,-1
129,136,1200.95,61.45,64.34,39.40,0.0857,-1,-1,-1
129,147,1899.87,-22.76,58.71,376.76,1.0000,-1,-1,-1
129,148,1907.19,-0.09,11.99,19.07,1.0000,-1,-1,-1
129,149,1968.18,-39.47,-1.71,-6.84,1.0000,-1,-1,-1
129,152,1222.81,1032.72,86.02,40.21,1.0000,-1,-1,-1
129,153,1905.10,2.28,16.05,28.94,1.0000,-1,-1,-1
130,3,1186.14,10.20,78.73,71.93,0.4493,-1,-1,-1
130,6,1550.32,73.12,61.02,60.69,0.7346,-1,-1,-1
130,10,427.21,234.51,332.19,326.50,0.7688,-1,-1,-1
130,11,1163.16,151.47,61.68,49.52,1.0000,-1,-1,-1
130,17,1990.67,-45.62,91.33,104.99,1.0000,-1,-1,-1
130,38,1275.28,80.09,60.78,56.97,0.6872,-1,-1,-1
130,43,458.08,733.41,48.97,46.89,1.0000,-1,-1,-1
130,62,1213.17,35.11,49.00,46.28,1.0000,-1,-1,-1
130,65,1152.48,0.88,52.54,25.29,0.1165,-1,-1,-1
130,70,1143.96,534.21,166.58,266.32,0.1476,-1,-1,-1
130,73,1196.68,32.97,72.73,68.11,1.0000,-1,-1,-1
130,88,1171.50,151.53,62.62,57.24,0.5626,-1,-1,-1
130,103,1180.33,-30.21,50.91,46.62,1.0000,-1,-1,-1
130,107,558.55,151.66,66.43,61.09,0.6080,-1,-1,-1
130,121,1149.80,161.20,55.89,45.25,1.0000,-1,-1,-1
130,130,1150.99,226.28,55.01,55.04,0.1546,-1,-1,-1
130,136,1199.43,59.52,67.04,41.65,0.3990,-1,-1,-1
130,147,1901.86,-24.40,58.66,376.43,1.0000,-1,-1,-1
130,148,1907.43,-0.16,11.60,18.47,1.0000,-1,-1,-1
130,149,1973.00,-42.60,-3.56,-14.21,1.0000,-1,-1,-1
130,152,1221.49,1032.43,87.56,40.93,1.0000,-1,-1,-1
130,153,1904.93,2.51,16.37,29.52,1.0000,-1,-1,-1
131,3,1187.83,8.08,74.55,67.85,0.3871,-1,-1,-1
131,6,1551.65,76.92,60.86,60.76,0.7741,-1,-1,-1
131,10,402.76,193.64,336.11,330.36,0.8832,-1,-1,-1
131,11,1161.83,155.21,61.92,49.71,1.0000,-1,-1,-1
131,17,1998.20,-48.69,91.43,105.11,1.0000,-1,-1,-1
131,38,1274.74,84.01,61.09,56.96,0.7323,-1,-1,-1
131,43,454.75,738.36,48.71,46.65,1.0000,-1,-1,-1
131,62,1212.64,35.85,48.50,45.81,1.0000,-1,-1,-1
131,65,1152.16,1.06,53.48,25.78,0.0776,-1,-1,-1
131,70,1143.62,534.56,167.18,266.01,0.3029,-1,-1,-1
131,73,1196.38,33.46,72.76,68.14,1.0000,-1,-1,-1
131,88,1170.56,157.10,62.46,57.01,0.4965,-1,-1,-1
131,103,1180.41,-35.64,49.95,45.74,1.0000,-1,-1,-1
131,107,561.28,150.40,57.57,51.52,0.2740,-1,-1,-1
131,121,1149.34,161.40,55.97,45.31,1.0000,-1,-1,-1
131,130,1150.09,232.88,54.37,54.64,0.0337,-1,-1,-1
131,136,1197.90,58.51,70.24,44.67,0.4985,-1,-1,-1
131,147,1903.86,-26.04,58.60,376.10,1.0000,-1,-1,-1
131,148,1907.66,-0.22,11.22,17.86,1.0000,-1,-1,-1
131,149,1977.83,-45.72,-5.40,-21.59,1.0000,-1,-1,-1
131,152,1220.17,1032.15,89.09,41.64,1.0000,-1,-1,-1
131,153,1904.76,2.75,16.69,30.10,1.0000,-1,-1,-1
132,3,1181.98,5.41,73.64,65.52,0.1832,-1,-1,-1
132,6,1554.29,82.65,61.97,62.14,0.7992,-1,-1,-1
132,10,359.52,128.82,341.59,334.80,0.8478,-1,-1,-1
132,11,1160.50,158.96,62.15,49.90,1.0000,-1,-1,-1
132,17,2005.73,-51.76,91.53,105.23,1.0000,-1,-1,-1
132,38,1274.13,90.21,61.41,57.00,0.8069,-1,-1,-1
132,43,451.42,743.31,48.45,46.40,1.0000,-1,-1,-1
132,62,1212.10,36.58,48.01,45.35,1.0000,-1,-1,-1
132,65,1149.37,1.01,54.64,26.54,0.0897,-1,-1,-1
132,70,1143.87,535.32,167.35,264.68,0.2080,-1,-1,-1
132,73,1196.08,33.95,72.79,68.16,1.0000,-1,-1,-1
132,88,1170.71,165.95,62.37,57.52,0.3516,-1,-1,-1
132,103,1180.49,-41.06,48.98,44.86,1.0000,-1,-1,-1
132,107,561.50,148.56,55.64,49.79,1.0000,-1,-1,-1
132,121,1148.88,161.61,56.06,45.38,1.0000,-1,-1,-1
132,130,1149.12,237.50,54.39,54.67,1.0000,-1,-1,-1
132,136,1194.96,59.39,73.52,47.94,0.3739,-1,-1,-1
132,147,1905.86,-27.68,58.55,375.76,1.0000,-1,-1,-1
132,148,1907.90,-0.29,10.84,17.25,1.0000,-1,-1,-1
132,149,1982.65,-48.84,-7.25,-28.97,1.0000,-1,-1,-1
132,152,1218.84,1031.86,90.62,42.36,1.0000,-1,-1,-1
132,153,1904.59,2.98,17.01,30.68,1.0000,-1,-1,-1
132,156,1048.80,239.17,37.29,43.83,0.2520,-1,-1,-1
133,3,1181.37,4.30,73.40,64.22,0.3153,-1,-1,-1
133,6,1557.54,88.03,60.33,60.44,0.8587,-1,-1,-1
133,10,328.29,79.11,347.68,340.60,0.9281,-1,-1,-1
133,11,1159.17,162.71,62.39,50.09,1.0000,-1,-1,-1
133,17,2013.26,-54.84,91.62,105.35,1.0000,-1,-1,-1
133,38,1273.13,95.19,62.84,58.39,0.8024,-1,-1,-1
133,43,448.09,748.26,48.19,46.15,1.0000,-1,-1,-1
133,62,1211.57,37.32,47.52,44.88,1.0000,-1,-1,-1
133,65,1148.00,1.14,55.36,27.06,0.0984,-1,-1,-1
133,70,1142.94,534.95,168.49,264.95,0.1791,-1,-1,-1
133,73,1195.78,34.44,72.82,68.19,1.0000,-1,-1,-1
133,88,1171.18,173.47,59.68,55.23,0.3561,-1,-1,-1
133,103,1180.57,-46.48,48.02,43.98,1.0000,-1,-1,-1
133,107,561.73,146.71,53.71,48.07,1.0000,-1,-1,-1
133,121,1148.43,161.81,56.14,45.45,1.0000,-1,-1,-1
133,130,1146.36,252.18,54.61,55.14,0.0440,-1,-1,-1
133,136,1192.76,60.72,75.36,50.29,0.4087,-1,-1,-1
133,147,1907.86,-29.32,58.50,375.43,1.0000,-1,-1,-1
133,148,1908.14,-0.36,10.45,16.64,1.0000,-1,-1,-1
133,149,1987.47,-51.97,-9.10,-36.35,1.0000,-1,-1,-1
133,152,1217.52,1031.58,92.16,43.07,1.0000,-1,-1,-1
133,153,1904.42,3.21,17.33,31.26,1.0000,-1,-1,-1
133,156,1045.53,243.02,38.35,44.82,0.4354,-1,-1,-1
134,3,1177.41,3.34,74.15,63.02,0.2464,-1,-1,-1
134,6,1557.93,90.97,61.86,62.12,0.8567,-1,-1,-1
134,10,300.96,34.62,351.93,344.82,0.9253,-1,-1,-1
134,11,1157.83,166.45,62.63,50.28,1.0000,-1,-1,-1
134,17,2020.79,-57.91,91.72,105.46,1.0000,-1,-1,-1
134,38,1273.13,99.83,62.69,58.25,0.8014,-1,-1,-1
134,43,444.77,753.21,47.93,45.90,1.0000,-1,-1,-1
134,62,1211.03,38.06,47.02,44.41,1.0000,-1,-1,-1
134,65,1145.64,0.81,59.46,29.53,0.1162,-1,-1,-1
134,70,1142.62,534.93,169.59,265.39,0.2173,-1,-1,-1
134,73,1195.48,34.93,72.85,68.22,1.0000,-1,-1,-1
134,88,1169.73,180.12,59.44,55.45,0.4498,-1,-1,-1
134,103,1180.65,-51.91,47.06,43.10,1.0000,-1,-1,-1
134,107,561.95,144.87,51.78,46.34,1.0000,-1,-1,-1
134,121,1147.97,162.01,56.23,45.52,1.0000,-1,-1,-1
134,130,1143.34,260.85,56.11,57.31,0.0131,-1,-1,-1
134,136,1190.07,60.80,78.36,53.54,0.2725,-1,-1,-1
134,147,1909.86,-30.95,58.45,375.09,1.0000,-1,-1,-1
134,148,1908.37,-0.42,10.07,16.03,1.0000,-1,-1,-1
134,149,1992.30,-55.09,-10.94,-43.73,1.0000,-1,-1,-1
134,152,1216.20,1031.29,93.69,43.79,1.0000,-1,-1,-1
134,153,1904.25,3.45,17.66,31.84,1.0000,-1,-1,-1
134,156,1043.71,246.37,38.72,44.93,0.5005,-1,-1,-1
135,3,1171.05,1.62,77.65,63.60,0.4229,-1,-1,-1
135,6,1559.47,95.73,61.52,61.83,0.8849,-1,-1,-1
135,10,279.26,2.10,346.87,338.50,0.9521,-1,-1,-1
135,11,1156.50,170.20,62.87,50.47,1.0000,-1,-1,-1
135,17,2028.32,-60.99,91.82,105.58,1.0000,-1,-1,-1
135,38,1273.94,105.11,60.69,56.44,0.7103,-1,-1,-1
135,43,441.44,758.16,47.68,45.66,1.0000,-1,-1,-1
135,62,1210.50,38.80,46.53,43.95,1.0000,-1,-1,-1
135,65,1144.68,0.74,61.40,31.01,0.2157,-1,-1,-1
135,70,1142.86,535.45,169.76,264.44,0.3045,-1,-1,-1
135,73,1195.18,35.42,72.88,68.25,1.0000,-1,-1,-1
135,88,1168.19,185.00,60.86,57.05,0.6453,-1,-1,-1
135,103,1180.73,-57.33,46.10,42.22,1.0000,-1,-1,-1
135,107,562.17,143.02,49.86,44.62,1.0000,-1,-1,-1
135,121,1147.51,162.21,56.31,45.59,1.0000,-1,-1,-1
135,130,1143.62,266.52,52.90,54.10,0.0193,-1,-1,-1
135,136,1188.14,61.29,80.89,56.57,0.6015,-1,-1,-1
135,147,1911.85,-32.59,58.40,374.76,1.0000,-1,-1,-1
135,148,1908.61,-0.49,9.69,15.42,1.0000,-1,-1,-1
135,149,1997.12,-58.21,-12.79,-51.11,1.0000,-1,-1,-1
135,152,1214.87,1031.01,95.22,44.51,1.0000,-1,-1,-1
135,153,1904.09,3.68,17.98,32.42,1.0000,-1,-1,-1
135,156,1042.12,249.16,39.39,45.33,0.1938,-1,-1,-1
136,3,1167.37,0.76,80.16,63.30,0.5910,-1,-1,-1
136,6,1560.97,99.65,60.83,61.12,0.8796,-1,-1,-1
136,10,265.81,-9.79,326.63,313.69,0.9451,-1,-1,-1
136,11,1155.17,173.95,63.10,50.66,1.0000,-1,-1,-1
136,17,2035.85,-64.06,91.92,105.70,1.0000,-1,-1,-1
136,38,1273.18,110.05,61.16,57.04,0.7393,-1,-1,-1
136,43,438.11,763.11,47.42,45.41,1.0000,-1,-1,-1
136,62,1209.96,39.54,46.04,43.48,1.0000,-1,-1,-1
136,65,1142.88,0.93,65.46,33.64,0.1653,-1,-1,-1
136,70,1142.90,535.50,170.28,264.01,0.3364,-1,-1,-1
136,73,1194.88,35.91,72.91,68.28,1.0000,-1,-1,-1
136,88,1165.36,190.32,63.86,60.18,0.5622,-1,-1,-1
136,103,1180.81,-62.76,45.14,41.34,1.0000,-1,-1,-1
136,107,562.39,141.18,47.93,42.89,1.0000,-1,-1,-1
136,121,1147.05,162.41,56.40,45.65,1.0000,-1,-1,-1
136,130,1143.54,273.63,50.45,51.28,0.0102,-1,-1,-1
136,136,1187.08,63.14,80.18,57.07,0.6253,-1,-1,-1
136,147,1913.85,-34.23,58.34,374.42,1.0000,-1,-1,-1
136,148,1908.85,-0.55,9.30,14.81,1.0000,-1,-1,-1
136,149,2001.94,-61.34,-14.63,-58.48,1.0000,-1,-1,-1
136,152,1213.55,1030.72,96.75,45.22,1.0000,-1,-1,-1
136,153,1903.92,3.92,18.30,33.00,1.0000,-1,-1,-1
136,156,1040.11,253.10,39.26,44.89,0.1849,-1,-1,-1
137,3,1165.95,0.61,81.65,62.61,0.3618,-1,-1,-1
137,6,1562.87,105.25,59.90,60.24,0.8506,-1,-1,-1
137,10,253.82,-12.96,301.64,281.72,0.9183,-1,-1,-1
137,11,1153.84,177.69,63.34,50.85,1.0000,-1,-1,-1
137,17,2043.38,-67.14,92.02,105.82,1.0000,-1,-1,-1
137,38,1271.82,113.48,63.14,59.08,0.7830,-1,-1,-1
137,43,434.78,768.07,47.16,45.16,1.0000,-1,-1,-1
137,62,1209.43,40.28,45.54,43.02,1.0000,-1,-1,-1
137,65,1140.32,0.50,70.28,36.95,0.1887,-1,-1,-1
137,70,1142.58,535.98,170.92,263.89,0.5175,-1,-1,-1
137,73,1194.59,36.40,72.94,68.31,1.0000,-1,-1,-1
137,88,1162.99,196.82,66.46,63.39,0.5892,-1,-1,-1
137,103,1180.89,-68.18,44.17,40.46,1.0000,-1,-1,-1
137,107,550.36,144.28,68.99,62.28,0.8409,-1,-1,-1
137,130,1141.65,278.70,52.24,53.23,0.1642,-1,-1,-1
137,136,1188.07,66.19,78.46,57.07,0.6886,-1,-1,-1
137,147,1915.85,-35.87,58.29,374.09,1.0000,-1,-1,-1
137,148,1909.08,-0.62,8.92,14.20,1.0000,-1,-1,-1
137,149,2006.76,-64.46,-16.48,-65.86,1.0000,-1,-1,-1
137,152,1212.23,1030.44,98.29,45.94,1.0000,-1,-1,-1
137,153,1903.75,4.15,18.62,33.58,1.0000,-1,-1,-1
137,156,1037.91,254.95,41.18,47.01,0.2308,-1,-1,-1
137,157,1492.97,0.00,85.06,37.64,0.6962,-1,-1,-1
138,3,1164.71,0.12,83.38,62.44,0.4170,-1,-1,-1
138,6,1563.58,108.96,61.12,61.69,0.8457,-1,-1,-1
138,10,243.26,-10.90,273.94,245.15,0.9290,-1,-1,-1
138,11,1152.51,181.44,63.58,51.04,1.0000,-1,-1,-1
138,17,2050.91,-70.21,92.12,105.93,1.0000,-1,-1,-1
138,38,1270.74,117.72,63.66,59.68,0.7269,-1,-1,-1
138,43,431.45,773.02,46.90,44.92,1.0000,-1,-1,-1
138,62,1208.89,41.02,45.05,42.55,1.0000,-1,-1,-1
138,65,1140.66,0.35,68.58,36.76,0.2436,-1,-1,-1
138,70,1142.54,536.08,171.62,263.73,0.4983,-1,-1,-1
138,73,1194.29,36.88,72.98,68.34,1.0000,-1,-1,-1
138,88,1161.88,203.63,67.50,65.11,0.6164,-1,-1,-1
138,103,1180.97,-73.60,43.21,39.58,1.0000,-1,-1,-1
138,107,549.38,144.05,68.74,62.37,0.8566,-1,-1,-1
138,130,1140.13,281.58,53.47,55.02,0.2276,-1,-1,-1
138,136,1189.35,69.20,76.27,56.57,0.5845,-1,-1,-1
138,147,1917.85,-37.51,58.24,373.76,1.0000,-1,-1,-1
138,148,1909.32,-0.68,8.54,13.59,1.0000,-1,-1,-1
138,149,2011.59,-67.58,-18.33,-73.24,1.0000,-1,-1,-1
138,152,1210.90,1030.15,99.82,46.66,1.0000,-1,-1,-1
138,153,1903.58,4.38,18.94,34.16,1.0000,-1,-1,-1
138,156,1036.19,259.05,40.85,46.52,0.2982,-1,-1,-1
138,157,1487.53,0.00,101.35,45.29,0.7790,-1,-1,-1
139,3,1163.37,0.09,83.44,60.84,0.4024,-1,-1,-1
139,6,1564.07,114.01,61.01,61.68,0.8302,-1,-1,-1
139,10,233.11,-8.56,248.85,210.28,0.9466,-1,-1,-1
139,11,1151.17,185.19,63.82,51.23,1.0000,-1,-1,-1
139,17,2058.44,-73.29,92.22,106.05,1.0000,-1,-1,-1
139,38,1271.56,121.63,62.89,59.15,0.6632,-1,-1,-1
139,43,428.13,777.97,46.64,44.67,1.0000,-1,-1,-1
139,62,1208.35,41.76,44.56,42.08,1.0000,-1,-1,-1
139,65,1139.65,0.25,71.82,39.45,0.2659,-1,-1,-1
139,70,1142.62,536.12,171.82,262.93,0.5656,-1,-1,-1
139,73,1193.99,37.37,73.01,68.36,1.0000,-1,-1,-1
139,88,1160.16,207.76,69.22,67.65,0.6507,-1,-1,-1
139,107,548.31,143.99,68.26,62.34,0.8440,-1,-1,-1
139,130,1139.72,288.67,53.06,54.99,0.3055,-1,-1,-1
139,136,1190.61,73.75,73.52,55.50,0.7685,-1,-1,-1
139,147,1919.84,-39.14,58.19,373.42,1.0000,-1,-1,-1
139,148,1909.56,-0.75,8.15,12.98,1.0000,-1,-1,-1
139,149,2016.41,-70.71,-20.17,-80.62,1.0000,-1,-1,-1
139,152,1217.75,1035.59,85.34,40.34,0.0116,-1,-1,-1
139,153,1903.41,4.62,19.26,34.74,1.0000,-1,-1,-1
139,156,1034.43,262.59,41.84,47.71,0.2470,-1,-1,-1
139,157,1484.02,0.00,112.89,51.08,0.8540,-1,-1,-1
139,158,1200.94,0.00,159.46,30.49,0.6351,-1,-1,-1
139,159,1463.23,1013.13,109.16,42.01,0.0168,-1,-1,-1
140,3,1164.27,0.22,83.97,60.17,0.2029,-1,-1,-1
140,6,1564.99,119.40,61.31,62.16,0.7617,-1,-1,-1
140,10,222.98,-5.51,222.15,174.37,0.9262,-1,-1,-1
140,11,1149.84,188.93,64.05,51.42,1.0000,-1,-1,-1
140,17,2065.97,-76.36,92.32,106.17,1.0000,-1,-1,-1
140,38,1271.72,126.21,62.66,59.36,0.6522,-1,-1,-1
140,43,424.80,782.92,46.39,44.42,1.0000,-1,-1,-1
140,62,1207.82,42.50,44.06,41.62,1.0000,-1,-1,-1
140,65,1139.14,0.26,72.78,41.04,0.1993,-1,-1,-1
140,70,1143.04,536.49,172.24,262.40,0.6221,-1,-1,-1
140,73,1193.69,37.86,73.04,68.39,1.0000,-1,-1,-1
140,88,1160.90,214.74,65.91,64.54,0.3462,-1,-1,-1
140,107,548.15,144.99,66.65,61.06,0.8272,-1,-1,-1
140,130,1140.22,295.96,51.22,53.16,0.1734,-1,-1,-1
140,136,1192.10,78.63,70.54,53.97,0.6647,-1,-1,-1
140,147,1921.84,-40.78,58.14,373.09,1.0000,-1,-1,-1
140,148,1909.79,-0.82,7.77,12.37,1.0000,-1,-1,-1
140,149,2021.23,-73.83,-22.02,-88.00,1.0000,-1,-1,-1
140,152,1218.50,1036.08,84.13,40.20,0.0107,-1,-1,-1
140,153,1903.24,4.85,19.59,35.32,1.0000,-1,-1,-1
140,156,1033.61,268.78,40.71,46.16,0.1816,-1,-1,-1
140,157,1480.52,0.00,126.26,58.17,0.8380,-1,-1,-1
140,158,1167.90,0.21,223.12,43.65,0.5203,-1,-1,-1
140,159,1467.96,1011.38,110.61,42.61,0.0213,-1,-1,-1
141,3,1161.82,0.43,83.81,59.47,0.1142,-1,-1,-1
141,6,1565.76,124.30,61.36,62.26,0.7601,-1,-1,-1
141,10,209.98,-3.70,197.27,141.59,0.8533,-1,-1,-1
141,11,1148.51,192.68,64.29,51.61,1.0000,-1,-1,-1
141,17,2073.51,-79.43,92.42,106.28,1.0000,-1,-1,-1
141,38,1274.03,132.47,60.14,56.90,0.7427,-1,-1,-1
141,43,421.47,787.87,46.13,44.17,1.0000,-1,-1,-1
141,62,1207.28,43.24,43.57,41.15,1.0000,-1,-1,-1
141,65,1140.21,0.09,75.27,43.37,0.3745,-1,-1,-1
141,70,1142.76,536.36,173.17,262.89,0.6336,-1,-1,-1
141,73,1193.39,38.35,73.07,68.42,1.0000,-1,-1,-1
141,88,1162.82,222.84,61.54,60.31,0.2782,-1,-1,-1
141,107,548.44,146.61,64.51,59.18,0.8473,-1,-1,-1
141,130,1140.43,303.10,50.45,52.40,0.2519,-1,-1,-1
141,136,1192.30,83.32,68.38,53.00,0.6860,-1,-1,-1
141,147,1923.84,-42.42,58.08,372.75,1.0000,-1,-1,-1
141,148,1910.03,-0.88,7.39,11.76,1.0000,-1,-1,-1
141,149,2026.06,-76.95,-23.87,-95.38,1.0000,-1,-1,-1
141,152,1218.02,1036.16,83.49,40.25,0.0118,-1,-1,-1
141,153,1903.07,5.09,19.91,35.90,1.0000,-1,-1,-1
141,156,1031.69,273.34,39.74,44.84,0.1458,-1,-1,-1
141,157,1477.72,0.00,138.72,65.33,0.8281,-1,-1,-1
141,158,1153.50,0.25,250.83,49.07,1.0000,-1,-1,-1
141,159,1469.65,1012.01,107.94,41.68,0.0146,-1,-1,-1
141,160,1486.93,1004.33,110.34,45.75,0.0103,-1,-1,-1
142,3,1160.39,0.18,89.32,62.98,0.0269,-1,-1,-1
142,6,1566.79,130.74,61.19,62.07,0.8487,-1,-1,-1
142,10,200.34,-0.57,162.25,103.53,0.8993,-1,-1,-1
142,11,1147.18,196.42,64.53,51.80,1.0000,-1,-1,-1
142,17,2081.04,-82.51,92.52,106.40,1.0000,-1,-1,-1
142,38,1273.23,137.69,60.83,57.59,0.7716,-1,-1,-1
142,43,418.14,792.82,45.87,43.93,1.0000,-1,-1,-1
142,62,1153.42,0.14,52.26,46.19,0.2976,-1,-1,-1
142,65,1139.19,0.05,77.17,44.46,1.0000,-1,-1,-1
142,70,1142.30,536.46,173.72,262.81,0.7324,-1,-1,-1
142,73,1193.09,38.84,73.10,68.45,1.0000,-1,-1,-1
142,88,1164.30,230.66,60.07,58.69,0.3523,-1,-1,-1
142,107,547.44,146.82,64.31,59.04,0.8467,-1,-1,-1
142,130,1140.09,311.17,50.18,52.06,0.2088,-1,-1,-1
142,136,1190.99,86.26,68.45,53.73,0.7087,-1,-1,-1
142,147,1925.84,-44.06,58.03,372.42,1.0000,-1,-1,-1
142,148,1910.26,-0.95,7.00,11.15,1.0000,-1,-1,-1
142,149,2030.88,-80.08,-25.71,-102.76,1.0000,-1,-1,-1
142,152,1217.31,1036.30,83.87,40.43,1.0000,-1,-1,-1
142,153,1902.90,5.32,20.23,36.48,1.0000,-1,-1,-1
142,156,1030.07,277.83,38.66,43.32,0.0486,-1,-1,-1
142,157,1475.89,0.42,148.13,71.83,0.8381,-1,-1,-1
142,158,1139.10,0.28,278.54,54.49,1.0000,-1,-1,-1
142,159,1469.60,1015.40,100.39,38.83,0.0117,-1,-1,-1
142,160,1486.36,1004.56,110.94,45.99,1.0000,-1,-1,-1
142,161,1180.25,1.32,164.60,67.00,0.7227,-1,-1,-1
143,3,1155.79,0.79,85.37,61.31,0.0377,-1,-1,-1
143,6,1567.70,135.71,61.79,62.53,0.8376,-1,-1,-1
143,10,191.61,0.20,127.21,70.41,0.7023,-1,-1,-1
143,11,1145.85,200.17,64.77,51.99,1.0000,-1,-1,-1
143,38,1272.30,141.62,62.94,59.96,0.4525,-1,-1,-1
143,43,414.81,797.77,45.61,43.68,1.0000,-1,-1,-1
143,62,1150.71,-0.97,51.99,45.96,1.0000,-1,-1,-1
143,65,1140.97,0.00,79.44,46.54,0.3945,-1,-1,-1
143,70,1142.00,536.62,174.15,262.86,0.7465,-1,-1,-1
143,73,1192.79,39.33,73.13,68.48,1.0000,-1,-1,-1
143,88,1163.13,235.56,61.24,59.73,0.0280,-1,-1,-1
143,107,546.71,147.77,63.66,58.49,0.8440,-1,-1,-1
143,130,1139.28,317.49,49.99,51.86,1.0000,-1,-1,-1
143,136,1189.84,89.25,68.46,54.33,0.7329,-1,-1,-1
143,148,1910.50,-1.01,6.62,10.54,1.0000,-1,-1,-1
143,149,2035.70,-83.20,-27.56,-110.13,1.0000,-1,-1,-1
143,152,1216.60,1036.43,84.25,40.62,1.0000,-1,-1,-1
143,153,1902.73,5.55,20.55,37.06,1.0000,-1,-1,-1
143,156,1027.47,281.95,38.71,42.99,0.1479,-1,-1,-1
143,157,1477.47,3.40,149.86,75.11,0.7948,-1,-1,-1
143,158,1124.70,0.31,306.25,59.91,1.0000,-1,-1,-1
143,159,1469.74,1017.60,95.18,36.80,0.0108,-1,-1,-1
143,160,1485.78,1004.80,111.53,46.24,1.0000,-1,-1,-1
143,161,1167.95,0.84,194.25,80.06,0.7295,-1,-1,-1
144,3,1154.43,0.18,84.88,60.95,1.0000,-1,-1,-1
144,6,1569.57,140.68,61.96,62.60,0.8636,-1,-1,-1
144,10,190.39,-5.76,79.86,44.20,1.0000,-1,-1,-1
144,11,1144.51,203.92,65.00,52.18,1.0000,-1,-1,-1
144,38,1273.67,147.68,61.30,58.69,0.0534,-1,-1,-1
144,43,411.49,802.72,45.35,43.43,1.0000,-1,-1,-1
144,62,1151.13,-0.39,59.30,50.31,0.2325,-1,-1,-1
144,65,1140.12,-0.03,81.43,47.71,1.0000,-1,-1,-1
144,70,1140.95,535.61,175.46,264.63,0.7487,-1,-1,-1
144,73,1183.38,2.56,60.17,57.43,0.0910,-1,-1,-1
144,88,1162.54,241.22,61.31,59.80,1.0000,-1,-1,-1
144,107,546.24,148.90,62.69,57.68,0.7524,-1,-1,-1
144,130,1138.47,323.80,49.80,51.66,1.0000,-1,-1,-1
144,136,1188.91,92.45,67.93,54.44,0.7233,-1,-1,-1
144,148,1910.74,-1.08,6.24,9.93,1.0000,-1,-1,-1
144,149,2040.52,-86.32,-29.41,-117.51,1.0000,-1,-1,-1
144,152,1215.90,1036.57,84.63,40.80,1.0000,-1,-1,-1
144,153,1902.56,5.79,20.87,37.64,1.0000,-1,-1,-1
144,156,1024.92,285.05,39.91,44.07,0.2400,-1,-1,-1
144,157,1480.22,9.40,149.83,77.67,0.8354,-1,-1,-1
144,158,1110.30,0.34,333.96,65.33,1.0000,-1,-1,-1
144,159,1458.48,1018.90,99.47,38.46,0.0137,-1,-1,-1
144,160,1485.21,1005.04,112.13,46.49,1.0000,-1,-1,-1
144,161,1156.72,0.22,224.27,94.32,0.7225,-1,-1,-1
145,3,1153.07,-0.44,84.39,60.60,1.0000,-1,-1,-1
145,6,1570.06,145.46,62.51,63.17,0.8213,-1,-1,-1
145,10,189.18,-11.72,32.50,17.98,1.0000,-1,-1,-1
145,11,1143.18,207.66,65.24,52.37,1.0000,-1,-1,-1
145,38,1273.92,153.71,61.80,59.36,0.2514,-1,-1,-1
145,43,408.16,807.67,45.09,43.19,1.0000,-1,-1,-1
145,62,1146.13,0.72,59.33,49.27,0.1395,-1,-1,-1
145,65,1139.28,-0.07,83.43,48.88,1.0000,-1,-1,-1
145,70,1140.54,534.85,175.83,265.00,0.8076,-1,-1,-1
145,73,1183.90,2.51,61.58,57.21,0.0432,-1,-1,-1
145,88,1161.94,246.88,61.38,59.87,1.0000,-1,-1,-1
145,107,544.75,149.23,62.84,57.75,0.7531,-1,-1,-1
145,130,1137.66,330.12,49.60,51.46,1.0000,-1,-1,-1
145,136,1187.36,95.54,68.53,55.43,0.6254,-1,-1,-1
145,148,1910.97,-1.14,5.86,9.32,1.0000,-1,-1,-1
145,149,2045.35,-89.45,-31.25,-124.89,1.0000,-1,-1,-1
145,152,1215.19,1036.70,85.01,40.98,1.0000,-1,-1,-1
145,153,1902.39,6.02,21.19,38.22,1.0000,-1,-1,-1
145,156,1023.24,289.45,40.37,44.40,0.2831,-1,-1,-1
145,157,1484.46,13.98,146.87,78.97,0.8106,-1,-1,-1
145,158,1095.89,0.37,361.67,70.75,1.0000,-1,-1,-1
145,159,1456.05,1018.64,101.65,39.22,0.0143,-1,-1,-1
145,160,1484.64,1005.27,112.73,46.73,1.0000,-1,-1,-1
145,161,1121.74,0.40,259.38,110.73,0.0115,-1,-1,-1
146,3,1151.71,-1.05,83.91,60.25,1.0000,-1,-1,-1
146,6,1571.75,152.58,60.96,61.70,0.8225,-1,-1,-1
146,10,187.96,-17.67,-14.87,-8.23,1.0000,-1,-1,-1
146,11,1141.85,211.41,65.48,52.56,1.0000,-1,-1,-1
146,38,1273.14,159.08,63.47,61.09,0.3547,-1,-1,-1
146,43,404.83,812.62,44.84,42.94,1.0000,-1,-1,-1
146,62,1143.60,1.34,60.58,49.37,0.1875,-1,-1,-1
146,65,1138.44,-0.10,85.42,50.04,1.0000,-1,-1,-1
146,70,1139.95,535.28,175.80,265.02,0.8373,-1,-1,-1
146,73,1190.37,2.98,62.14,57.47,0.1819,-1,-1,-1
146,88,1159.68,257.24,62.47,61.18,0.0191,-1,-1,-1
146,107,542.06,149.70,63.71,58.46,0.7711,-1,-1,-1
146,130,1136.86,336.44,49.41,51.26,1.0000,-1,-1,-1
146,136,1187.39,99.79,67.22,54.54,0.5373,-1,-1,-1
146,148,1911.21,-1.21,5.47,8.71,1.0000,-1,-1,-1
146,152,1214.48,1036.84,85.39,41.16,1.0000,-1,-1,-1
146,153,1902.22,6.26,21.52,38.80,1.0000,-1,-1,-1
146,156,1022.15,293.92,40.33,44.34,0.1957,-1,-1,-1
146,157,1488.54,21.10,143.21,79.80,0.8016,-1,-1,-1
146,158,1081.49,0.40,389.38,76.17,1.0000,-1,-1,-1
146,159,1455.53,1019.07,101.31,39.09,1.0000,-1,-1,-1
146,160,1484.07,1005.51,113.32,46.98,1.0000,-1,-1,-1
146,161,1095.24,2.96,296.95,129.71,0.0122,-1,-1,-1
147,3,1150.36,-1.66,83.42,59.89,1.0000,-1,-1,-1
147,6,1572.40,158.06,62.16,63.22,0.8218,-1,-1,-1
147,10,186.75,-23.63,-62.24,-34.44,1.0000,-1,-1,-1
147,11,1140.52,215.16,65.72,52.75,1.0000,-1,-1,-1
147,38,1272.12,162.64,65.15,62.75,0.4298,-1,-1,-1
147,43,401.50,817.57,44.58,42.69,1.0000,-1,-1,-1
147,62,1141.17,0.78,60.72,49.49,1.0000,-1,-1,-1
147,65,1138.94,2.22,90.04,52.87,0.0872,-1,-1,-1
147,70,1139.95,534.89,175.88,265.26,0.7452,-1,-1,-1
147,73,1190.41,2.09,65.85,58.03,0.2910,-1,-1,-1
147,88,1159.62,264.11,62.18,60.78,0.0304,-1,-1,-1
147,107,539.64,150.97,63.78,58.32,0.7577,-1,-1,-1
147,130,1136.05,342.75,49.22,51.07,1.0000,-1,-1,-1
147,136,1188.17,104.44,66.26,54.39,0.5626,-1,-1,-1
147,148,1911.45,-1.28,5.09,8.10,1.0000,-1,-1,-1
147,152,1213.78,1036.97,85.77,41.35,1.0000,-1,-1,-1
147,153,1902.06,6.49,21.84,39.38,1.0000,-1,-1,-1
147,156,1020.64,299.05,40.19,43.73,0.1573,-1,-1,-1
147,157,1492.71,29.32,139.35,80.36,0.8480,-1,-1,-1
147,158,1067.09,0.44,417.09,81.59,1.0000,-1,-1,-1
147,159,1455.02,1019.49,100.96,38.96,1.0000,-1,-1,-1
147,160,1483.50,1005.75,113.92,47.23,1.0000,-1,-1,-1
147,161,1081.36,3.05,320.58,140.03,1.0000,-1,-1,-1
147,164,1206.58,20.58,137.37,121.79,0.6755,-1,-1,-1
148,3,1149.00,-2.28,82.93,59.54,1.0000,-1,-1,-1
148,6,1574.86,165.33,60.65,61.75,0.8125,-1,-1,-1
148,10,185.55,-29.59,-109.62,-60.65,1.0000,-1,-1,-1
148,38,1271.82,165.55,65.77,63.48,0.6118,-1,-1,-1
148,43,398.17,822.52,44.32,42.44,1.0000,-1,-1,-1
148,62,1138.75,0.23,60.86,49.60,1.0000,-1,-1,-1
148,65,1133.44,2.53,93.72,54.93,0.0461,-1,-1,-1
148,70,1139.14,533.73,176.60,266.44,0.7481,-1,-1,-1
148,73,1192.88,2.76,68.30,58.94,0.0156,-1,-1,-1
148,88,1158.93,270.33,62.32,60.92,1.0000,-1,-1,-1
148,107,538.31,151.73,63.55,57.93,0.7749,-1,-1,-1
148,130,1128.35,353.69,50.02,52.09,0.0229,-1,-1,-1
148,136,1187.11,109.81,63.93,53.23,0.1721,-1,-1,-1
148,148,1911.68,-1.34,4.71,7.49,1.0000,-1,-1,-1
148,152,1213.07,1037.11,86.15,41.53,1.0000,-1,-1,-1
148,153,1901.89,6.72,22.16,39.97,1.0000,-1,-1,-1
148,156,1019.55,303.58,40.22,43.30,0.2707,-1,-1,-1
148,157,1495.83,35.19,137.49,81.97,0.8576,-1,-1,-1
148,158,1052.69,0.47,444.81,87.01,1.0000,-1,-1,-1
148,159,1454.51,1019.92,100.62,38.82,1.0000,-1,-1,-1
148,160,1482.93,1005.98,114.51,47.48,1.0000,-1,-1,-1
148,161,1067.48,3.14,344.20,150.35,1.0000,-1,-1,-1
148,164,1201.31,35.53,140.46,124.70,0.7900,-1,-1,-1
149,3,1147.64,-2.89,82.44,59.19,1.0000,-1,-1,-1
149,6,1577.34,172.72,59.35,60.43,0.8166,-1,-1,-1
149,10,184.34,-35.54,-157.00,-86.86,1.0000,-1,-1,-1
149,38,1273.59,173.56,62.93,60.20,0.7008,-1,-1,-1
149,43,394.85,827.48,44.06,42.20,1.0000,-1,-1,-1
149,62,1136.33,-0.33,61.01,49.72,1.0000,-1,-1,-1
149,65,1132.33,2.68,96.03,56.28,1.0000,-1,-1,-1
149,70,1139.24,532.80,176.77,266.77,0.7647,-1,-1,-1
149,73,1194.81,3.17,68.90,58.77,0.0754,-1,-1,-1
149,88,1158.63,277.74,61.43,60.81,0.0103,-1,-1,-1
149,107,536.06,151.85,65.01,58.97,0.8207,-1,-1,-1
149,130,1127.40,363.67,48.14,49.69,0.1895,-1,-1,-1
149,136,1184.52,114.31,64.21,55.31,0.0275,-1,-1,-1
149,148,1911.92,-1.41,4.32,6.88,1.0000,-1,-1,-1
149,152,1212.36,1037.24,86.53,41.71,1.0000,-1,-1,-1
149,153,1901.72,6.96,22.48,40.55,1.0000,-1,-1,-1
149,156,1016.93,307.34,41.22,44.06,0.4148,-1,-1,-1
149,157,1501.09,44.74,131.88,80.97,0.8663,-1,-1,-1
149,158,1038.29,0.50,472.52,92.43,1.0000,-1,-1,-1
149,159,1449.09,1020.54,104.99,40.75,0.0112,-1,-1,-1
149,160,1482.36,1006.22,115.11,47.72,1.0000,-1,-1,-1
149,161,1053.61,3.24,367.83,160.67,1.0000,-1,-1,-1
149,164,1196.89,50.40,140.46,124.49,0.8188,-1,-1,-1
150,3,1146.28,-3.51,81.95,58.83,1.0000,-1,-1,-1
150,6,1578.84,179.23,59.50,60.46,0.8356,-1,-1,-1
150,10,183.14,-41.50,-204.38,-113.07,1.0000,-1,-1,-1
150,38,1273.82,180.30,62.78,59.41,0.6069,-1,-1,-1
150,43,391.52,832.43,43.80,41.95,1.0000,-1,-1,-1
150,62,1133.90,-0.89,61.15,49.83,1.0000,-1,-1,-1
150,65,1131.21,2.83,98.33,57.63,1.0000,-1,-1,-1
150,70,1139.01,532.14,176.56,266.50,0.7204,-1,-1,-1
150,73,1194.31,3.21,70.21,59.77,0.0679,-1,-1,-1
150,88,1157.52,284.60,61.69,61.79,0.0183,-1,-1,-1
150,107,534.50,152.70,64.89,58.50,0.8213,-1,-1,-1
150,130,1126.68,371.67,48.31,49.54,0.0368,-1,-1,-1
150,136,1180.50,118.81,65.48,58.98,0.0327,-1,-1,-1
150,148,1912.16,-1.47,3.94,6.27,1.0000,-1,-1,-1
150,152,1211.65,1037.38,86.91,41.90,1.0000,-1,-1,-1
150,153,1901.55,7.19,22.80,41.13,1.0000,-1,-1,-1
150,156,1015.18,311.92,40.48,42.97,0.4610,-1,-1,-1
150,157,1506.65,53.33,128.66,81.29,0.8428,-1,-1,-1
150,158,1023.89,0.53,500.23,97.85,1.0000,-1,-1,-1
150,159,1450.70,1021.82,101.15,39.43,0.0117,-1,-1,-1
150,160,1481.78,1006.46,115.71,47.97,1.0000,-1,-1,-1
150,161,1039.73,3.33,391.46,170.99,1.0000,-1,-1,-1
150,164,1194.67,66.29,141.37,125.06,0.8472,-1,-1,-1
150,166,1138.56,2.08,127.35,62.35,0.5957,-1,-1,-1
151,3,1144.93,-4.12,81.46,58.48,1.0000,-1,-1,-1
151,6,1580.13,185.51,59.68,60.33,0.8516,-1,-1,-1
151,10,181.94,-47.46,-251.78,-139.28,1.0000,-1,-1,-1
151,38,1274.84,188.41,61.13,57.59,0.1017,-1,-1,-1
151,43,388.19,837.38,43.55,41.70,1.0000,-1,-1,-1
151,62,1131.48,-1.44,61.29,49.95,1.0000,-1,-1,-1
151,65,1129.94,5.93,98.15,58.81,0.0963,-1,-1,-1
151,70,1138.85,532.16,175.96,265.49,0.7452,-1,-1,-1
151,73,1194.61,3.20,70.72,60.21,0.0685,-1,-1,-1
151,88,1156.74,291.00,61.89,62.00,1.0000,-1,-1,-1
151,107,531.77,153.81,66.39,59.91,0.8367,-1,-1,-1
151,130,1123.57,378.82,51.68,52.97,0.2617,-1,-1,-1
151,136,1178.70,122.29,66.27,59.69,1.0000,-1,-1,-1
151,148,1912.39,-1.54,3.56,5.66,1.0000,-1,-1,-1
151,152,1210.95,1037.51,87.29,42.08,1.0000,-1,-1,-1
151,153,1901.38,7.43,23.13,41.71,1.0000,-1,-1,-1
151,156,1013.36,316.67,41.00,43.25,0.2846,-1,-1,-1
151,157,1508.61,60.46,128.46,83.54,0.8236,-1,-1,-1
151,158,1009.49,0.56,527.94,103.27,1.0000,-1,-1,-1
151,159,1449.88,1022.36,100.99,39.37,1.0000,-1,-1,-1
151,160,1481.21,1006.69,116.30,48.22,1.0000,-1,-1,-1
151,161,1025.85,3.42,415.08,181.31,1.0000,-1,-1,-1
151,164,1194.24,83.10,143.11,126.64,0.9038,-1,-1,-1
151,166,1139.52,3.96,126.65,62.06,0.3730,-1,-1,-1
152,3,1143.57,-4.74,80.97,58.13,1.0000,-1,-1,-1
152,6,1581.46,191.78,60.14,60.78,0.8196,-1,-1,-1
152,10,180.75,-53.41,-299.17,-165.49,1.0000,-1,-1,-1
152,38,1275.02,193.79,60.91,57.38,1.0000,-1,-1,-1
152,62,1137.08,9.96,67.55,55.30,0.1860,-1,-1,-1
152,65,1128.75,6.31,100.38,60.15,1.0000,-1,-1,-1
152,70,1139.16,532.45,174.37,262.84,0.7628,-1,-1,-1
152,73,1192.46,3.28,73.38,62.28,0.1665,-1,-1,-1
152,88,1155.97,297.40,62.09,62.20,1.0000,-1,-1,-1
152,107,528.99,154.49,67.84,61.39,0.8620,-1,-1,-1
152,130,1121.22,386.40,52.70,53.46,0.2820,-1,-1,-1
152,136,1176.91,125.78,67.06,60.40,1.0000,-1,-1,-1
152,148,1912.63,-1.60,3.17,5.05,1.0000,-1,-1,-1
152,152,1210.24,1037.65,87.67,42.26,1.0000,-1,-1,-1
152,153,1901.21,7.66,23.45,42.29,1.0000,-1,-1,-1
152,156,1010.46,322.15,40.77,42.97,0.1794,-1,-1,-1
152,157,1513.54,70.62,122.87,81.79,0.8382,-1,-1,-1
152,158,995.09,0.59,555.65,108.70,1.0000,-1,-1,-1
152,159,1449.06,1022.90,100.84,39.30,1.0000,-1,-1,-1
152,160,1480.64,1006.93,116.90,48.46,1.0000,-1,-1,-1
152,161,1011.98,3.51,438.71,191.63,1.0000,-1,-1,-1
152,164,1190.75,100.50,150.90,134.13,0.8523,-1,-1,-1
152,166,1140.36,5.24,127.74,62.68,0.3048,-1,-1,-1
153,3,1142.21,-5.35,80.48,57.78,1.0000,-1,-1,-1
153,6,1584.09,199.19,58.34,58.88,0.7773,-1,-1,-1
153,10,179.56,-59.37,-346.58,-191.71,1.0000,-1,-1,-1
153,38,1275.19,199.16,60.69,57.17,1.0000,-1,-1,-1
153,62,1135.79,12.53,67.20,55.87,0.2099,-1,-1,-1
153,65,1127.56,6.69,102.61,61.48,1.0000,-1,-1,-1
153,70,1138.45,531.59,174.81,262.97,0.6932,-1,-1,-1
153,73,1194.39,4.49,74.10,63.36,0.3340,-1,-1,-1
153,88,1155.19,303.80,62.29,62.40,1.0000,-1,-1,-1
153,107,526.57,154.98,69.10,62.73,0.8744,-1,-1,-1
153,130,1120.72,395.53,51.98,52.07,0.2964,-1,-1,-1
153,136,1175.12,129.26,67.85,61.11,1.0000,-1,-1,-1
153,148,1912.86,-1.67,2.79,4.44,1.0000,-1,-1,-1
153,152,1209.53,1037.78,88.05,42.45,1.0000,-1,-1,-1
153,153,1901.04,7.90,23.77,42.87,1.0000,-1,-1,-1
153,156,1008.11,326.77,42.11,44.27,0.3720,-1,-1,-1
153,157,1518.86,79.10,118.76,80.89,0.8488,-1,-1,-1
153,158,980.69,0.63,583.36,114.12,1.0000,-1,-1,-1
153,159,1448.24,1023.44,100.69,39.24,1.0000,-1,-1,-1
153,160,1480.07,1007.16,117.50,48.71,1.0000,-1,-1,-1
153,161,998.10,3.61,462.33,201.95,1.0000,-1,-1,-1
153,164,1189.71,118.74,150.78,134.52,0.8826,-1,-1,-1
153,166,1141.78,6.60,129.39,63.70,0.1803,-1,-1,-1
154,3,1140.85,-5.97,79.99,57.42,1.0000,-1,-1,-1
154,6,1586.45,206.16,58.02,58.65,0.7363,-1,-1,-1
154,10,178.36,-65.33,-393.99,-217.92,1.0000,-1,-1,-1
154,38,1275.37,204.54,60.47,56.97,1.0000,-1,-1,-1
154,62,1134.90,15.05,65.91,55.66,0.2630,-1,-1,-1
154,65,1126.37,7.07,104.84,62.82,1.0000,-1,-1,-1
154,70,1138.17,530.58,175.66,263.86,0.4624,-1,-1,-1
154,73,1194.85,4.74,75.09,64.45,0.3859,-1,-1,-1
154,88,1154.42,310.20,62.49,62.60,1.0000,-1,-1,-1
154,107,524.77,157.36,68.47,62.01,0.8879,-1,-1,-1
154,130,1119.32,402.94,51.99,52.07,1.0000,-1,-1,-1
154,136,1185.01,135.53,58.49,52.72,0.0246,-1,-1,-1
154,148,1913.10,-1.74,2.41,3.83,1.0000,-1,-1,-1
154,152,1208.83,1037.92,88.43,42.63,1.0000,-1,-1,-1
154,153,1900.87,8.13,24.09,43.45,1.0000,-1,-1,-1
154,156,1006.31,331.25,43.24,45.23,0.4000,-1,-1,-1
154,157,1522.54,87.29,117.94,82.32,0.8257,-1,-1,-1
154,158,966.28,0.66,611.07,119.54,1.0000,-1,-1,-1
154,159,1447.42,1023.98,100.53,39.18,1.0000,-1,-1,-1
154,160,1479.50,1007.40,118.09,48.96,1.0000,-1,-1,-1
154,161,984.22,3.70,485.96,212.27,1.0000,-1,-1,-1
154,164,1193.84,138.28,148.29,133.06,0.8727,-1,-1,-1
154,166,1140.48,5.95,134.78,66.66,0.1244,-1,-1,-1
155,3,1139.50,-6.58,79.50,57.07,1.0000,-1,-1,-1
155,6,1588.29,213.75,58.65,59.24,0.7382,-1,-1,-1
155,10,177.18,-71.28,-441.40,-244.13,1.0000,-1,-1,-1
155,38,1275.55,209.91,60.25,56.76,1.0000,-1,-1,-1
155,62,1135.29,18.33,64.00,54.82,0.2519,-1,-1,-1
155,65,1137.98,13.62,97.76,59.79,0.0635,-1,-1,-1
155,70,1138.14,530.30,176.07,264.13,0.4843,-1,-1,-1
155,73,1194.92,6.31,73.88,63.32,0.4850,-1,-1,-1
155,88,1153.64,316.60,62.69,62.81,1.0000,-1,-1,-1
155,107,522.68,158.26,70.36,63.80,0.8929,-1,-1,-1
155,130,1117.92,410.35,52.00,52.08,1.0000,-1,-1,-1
155,136,1186.30,140.06,59.07,53.33,0.4052,-1,-1,-1
155,148,1913.34,-1.80,2.03,3.22,1.0000,-1,-1,-1
155,152,1208.12,1038.05,88.81,42.81,1.0000,-1,-1,-1
155,153,1900.70,8.36,24.41,44.03,1.0000,-1,-1,-1
155,156,1004.61,335.85,43.81,45.58,0.3825,-1,-1,-1
155,157,1526.89,97.59,116.44,83.25,0.8261,-1,-1,-1
155,158,951.88,0.69,638.78,124.96,1.0000,-1,-1,-1
155,159,1446.60,1024.52,100.38,39.12,1.0000,-1,-1,-1
155,160,1478.93,1007.64,118.69,49.21,1.0000,-1,-1,-1
155,161,970.34,3.79,509.59,222.59,1.0000,-1,-1,-1
155,164,1193.76,159.03,146.45,131.97,0.8114,-1,-1,-1
155,166,1141.42,7.25,134.89,67.04,0.0701,-1,-1,-1
156,3,1138.14,-7.19,79.01,56.72,1.0000,-1,-1,-1
156,6,1589.45,220.34,59.55,60.04,0.7788,-1,-1,-1
156,10,175.99,-77.24,-488.82,-270.34,1.0000,-1,-1,-1
156,38,1275.72,215.28,60.03,56.56,1.0000,-1,-1,-1
156,62,1136.50,22.03,62.02,53.84,0.1688,-1,-1,-1
156,65,1137.73,14.48,99.38,60.78,1.0000,-1,-1,-1
156,70,1137.43,530.37,177.01,264.96,0.4824,-1,-1,-1
156,73,1195.63,7.27,74.45,63.84,0.5785,-1,-1,-1
156,88,1152.86,323.00,62.90,63.01,1.0000,-1,-1,-1
156,107,521.64,160.95,69.82,63.24,0.8856,-1,-1,-1
156,130,1113.52,420.80,53.87,53.60,0.1490,-1,-1,-1
156,136,1182.74,144.15,63.33,56.99,0.7276,-1,-1,-1
156,148,1913.57,-1.87,1.64,2.61,1.0000,-1,-1,-1
156,152,1207.41,1038.19,89.19,43.00,1.0000,-1,-1,-1
156,153,1900.53,8.60,24.73,44.61,1.0000,-1,-1,-1
156,156,1002.30,340.43,45.05,46.69,0.2175,-1,-1,-1
156,157,1530.50,106.19,114.77,83.80,0.8266,-1,-1,-1
156,158,937.48,0.72,666.49,130.38,1.0000,-1,-1,-1
156,159,1445.78,1025.06,100.22,39.06,1.0000,-1,-1,-1
156,160,1478.36,1007.87,119.28,49.45,1.0000,-1,-1,-1
156,161,956.47,3.89,533.21,232.91,1.0000,-1,-1,-1
156,164,1193.00,180.39,147.28,133.26,0.8188,-1,-1,-1
156,166,1143.56,8.99,134.33,67.17,0.0456,-1,-1,-1
157,3,1136.78,-7.81,78.52,56.36,1.0000,-1,-1,-1
157,6,1591.96,232.64,59.56,59.66,0.7969,-1,-1,-1
157,10,174.81,-83.20,-536.24,-296.55,1.0000,-1,-1,-1
157,38,1275.90,220.66,59.81,56.35,1.0000,-1,-1,-1
157,62,1136.92,27.61,60.01,53.07,0.0999,-1,-1,-1
157,65,1137.48,15.34,101.01,61.78,1.0000,-1,-1,-1
157,70,1136.23,529.35,178.66,267.01,0.4031,-1,-1,-1
157,73,1195.60,8.72,75.28,64.59,0.7319,-1,-1,-1
157,88,1153.53,359.10,56.32,56.29,0.0468,-1,-1,-1
157,107,520.25,163.95,68.14,61.82,0.8836,-1,-1,-1
157,130,1111.83,428.51,54.03,53.76,1.0000,-1,-1,-1
157,136,1181.07,151.90,64.42,57.53,0.7165,-1,-1,-1
157,148,1913.81,-1.93,1.26,2.00,1.0000,-1,-1,-1
157,152,1206.71,1038.32,89.57,43.18,1.0000,-1,-1,-1
157,156,1000.29,350.32,44.38,45.53,0.4956,-1,-1,-1
157,157,1536.76,123.12,113.05,84.30,0.8569,-1,-1,-1
157,158,923.08,0.75,694.20,135.80,1.0000,-1,-1,-1
157,159,1444.96,1025.60,100.07,39.00,1.0000,-1,-1,-1
157,160,1477.78,1008.11,119.88,49.70,1.0000,-1,-1,-1
157,161,942.59,3.98,556.84,243.23,1.0000,-1,-1,-1
157,164,1192.80,218.12,146.11,132.51,0.8331,-1,-1,-1
157,166,1147.12,11.15,132.74,66.90,0.0221,-1,-1,-1
158,3,1135.42,-8.42,78.03,56.01,1.0000,-1,-1,-1
158,6,1594.72,241.31,60.25,59.95,0.7895,-1,-1,-1
158,10,173.63,-89.15,-583.67,-322.76,1.0000,-1,-1,-1
158,38,1276.07,226.03,59.59,56.14,1.0000,-1,-1,-1
158,62,1138.25,31.35,58.05,52.13,0.0472,-1,-1,-1
158,65,1137.23,16.20,102.64,62.77,1.0000,-1,-1,-1
158,70,1134.44,528.43,180.17,268.72,0.2981,-1,-1,-1
158,73,1196.32,10.89,74.89,63.96,0.7421,-1,-1,-1
158,88,1152.13,368.77,57.04,56.60,0.2642,-1,-1,-1
158,107,518.49,166.80,67.66,61.84,0.8562,-1,-1,-1
158,130,1110.15,436.22,54.19,53.92,1.0000,-1,-1,-1
158,136,1180.63,158.54,64.22,57.44,0.7853,-1,-1,-1
158,152,1206.00,1038.45,89.95,43.36,1.0000,-1,-1,-1
158,156,998.53,356.56,44.43,45.38,0.4520,-1,-1,-1
158,157,1541.84,137.47,110.55,84.22,0.8634,-1,-1,-1
158,158,908.68,0.79,721.91,141.22,1.0000,-1,-1,-1
158,159,1444.14,1026.14,99.91,38.94,1.0000,-1,-1,-1
158,160,1477.21,1008.35,120.48,49.95,1.0000,-1,-1,-1
158,161,928.71,4.07,580.46,253.55,1.0000,-1,-1,-1
158,164,1188.63,244.93,150.19,136.89,0.8555,-1,-1,-1
158,166,1147.80,12.24,133.97,67.53,1.0000,-1,-1,-1
158,168,885.06,0.77,81.01,27.88,0.3535,-1,-1,-1
159,3,1134.07,-9.04,77.54,55.66,1.0000,-1,-1,-1
159,6,1596.45,250.35,60.89,60.12,0.7792,-1,-1,-1
159,10,172.45,-95.11,-631.11,-348.97,1.0000,-1,-1,-1
159,38,1276.25,231.41,59.37,55.94,1.0000,-1,-1,-1
159,62,1138.77,36.05,57.86,51.82,0.1434,-1,-1,-1
159,65,1136.98,17.07,104.27,63.76,1.0000,-1,-1,-1
159,70,1132.87,527.77,180.64,269.09,0.5262,-1,-1,-1
159,73,1196.40,12.11,75.71,64.52,0.7470,-1,-1,-1
159,88,1151.05,378.08,57.89,57.22,0.5254,-1,-1,-1
159,107,515.58,168.14,67.58,62.17,0.8642,-1,-1,-1
159,130,1108.47,443.93,54.34,54.07,1.0000,-1,-1,-1
159,136,1181.40,164.63,62.92,56.45,0.7641,-1,-1,-1
159,152,1205.29,1038.59,90.33,43.55,1.0000,-1,-1,-1
159,156,995.60,361.32,46.60,47.80,0.2898,-1,-1,-1
159,157,1544.45,149.39,109.82,85.19,0.8513,-1,-1,-1
159,158,894.28,0.82,749.62,146.64,1.0000,-1,-1,-1
159,159,1443.32,1026.68,99.76,38.88,1.0000,-1,-1,-1
159,160,1476.64,1008.58,121.07,50.19,1.0000,-1,-1,-1
159,161,914.84,4.16,604.09,263.87,1.0000,-1,-1,-1
159,164,1186.22,272.58,148.21,135.92,0.8751,-1,-1,-1
159,166,1146.33,12.66,138.96,70.79,0.0128,-1,-1,-1
159,168,875.66,0.68,95.92,33.33,0.6156,-1,-1,-1
160,3,1132.71,-9.65,77.05,55.30,1.0000,-1,-1,-1
160,6,1597.59,258.60,61.20,60.20,0.7612,-1,-1,-1
160,10,171.28,-101.07,-678.55,-375.18,1.0000,-1,-1,-1
160,38,1276.43,236.78,59.15,55.73,1.0000,-1,-1,-1
160,62,1138.13,39.81,59.77,53.44,0.1581,-1,-1,-1
160,65,1136.73,17.93,105.90,64.76,1.0000,-1,-1,-1
160,70,1131.56,526.65,182.04,270.71,0.5449,-1,-1,-1
160,73,1196.90,13.22,75.81,64.42,0.8073,-1,-1,-1
160,88,1149.85,388.26,58.03,57.27,0.5803,-1,-1,-1
160,107,515.14,170.63,66.08,60.93,0.8705,-1,-1,-1
160,130,1106.79,451.64,54.50,54.23,1.0000,-1,-1,-1
160,136,1181.76,169.49,63.38,56.93,0.7954,-1,-1,-1
160,152,1204.59,1038.72,90.71,43.73,1.0000,-1,-1,-1
160,156,994.69,368.95,45.30,45.85,0.2573,-1,-1,-1
160,157,1549.75,160.83,108.07,85.51,0.8305,-1,-1,-1
160,158,879.88,0.85,777.33,152.06,1.0000,-1,-1,-1
160,159,1442.49,1027.22,99.60,38.82,1.0000,-1,-1,-1
160,160,1476.07,1008.82,121.67,50.44,1.0000,-1,-1,-1
160,161,900.96,4.26,627.72,274.19,1.0000,-1,-1,-1
160,164,1183.98,298.93,148.86,137.43,0.8368,-1,-1,-1
160,166,1146.67,13.67,140.80,71.73,1.0000,-1,-1,-1
160,168,866.25,0.56,110.19,38.90,0.7479,-1,-1,-1
161,3,1131.35,-10.27,76.56,54.95,1.0000,-1,-1,-1
161,6,1598.82,266.93,61.21,59.83,0.7652,-1,-1,-1
161,10,170.10,-107.02,-725.99,-401.40,1.0000,-1,-1,-1
161,38,1276.60,242.15,58.93,55.53,1.0000,-1,-1,-1
161,62,1137.84,42.83,60.33,53.89,0.1392,-1,-1,-1
161,65,1136.47,18.79,107.53,65.75,1.0000,-1,-1,-1
161,70,1131.40,529.42,181.22,268.27,0.3951,-1,-1,-1
161,73,1196.85,13.97,77.17,65.59,0.7919,-1,-1,-1
161,88,1147.58,397.63,58.66,58.24,0.4705,-1,-1,-1
161,107,512.99,172.67,66.27,61.14,0.8750,-1,-1,-1
161,130,1105.11,459.35,54.66,54.39,1.0000,-1,-1,-1
161,136,1180.90,175.46,64.24,57.57,0.8186,-1,-1,-1
161,152,1203.88,1038.86,91.09,43.91,1.0000,-1,-1,-1
161,156,993.18,375.21,45.56,45.68,0.2242,-1,-1,-1
161,157,1554.28,173.81,104.99,84.40,0.8761,-1,-1,-1
161,158,865.48,0.88,805.04,157.48,1.0000,-1,-1,-1
161,159,1441.67,1027.76,99.45,38.76,1.0000,-1,-1,-1
161,160,1475.50,1009.06,122.26,50.69,1.0000,-1,-1,-1
161,161,887.08,4.35,651.34,284.50,1.0000,-1,-1,-1
161,164,1181.12,326.77,149.50,139.18,0.8438,-1,-1,-1
161,166,1147.02,14.69,142.64,72.67,1.0000,-1,-1,-1
161,168,857.07,0.26,124.70,44.96,0.7983,-1,-1,-1
162,3,1129.99,-10.88,76.07,54.60,1.0000,-1,-1,-1
162,6,1599.83,273.77,63.04,61.79,0.7975,-1,-1,-1
162,10,168.94,-112.98,-773.44,-427.61,1.0000,-1,-1,-1
162,38,1274.40,274.83,64.06,59.92,0.7543,-1,-1,-1
162,62,1135.36,45.05,64.09,57.12,0.4763,-1,-1,-1
162,65,1136.22,19.65,109.16,66.75,1.0000,-1,-1,-1
162,70,1130.75,530.67,181.19,266.63,0.5449,-1,-1,-1
162,73,1197.31,15.91,77.49,65.90,0.7959,-1,-1,-1
162,88,1146.59,406.75,58.65,58.22,1.0000,-1,-1,-1
162,107,511.55,175.18,66.92,61.90,0.8720,-1,-1,-1
162,130,1103.43,467.07,54.82,54.54,1.0000,-1,-1,-1
162,136,1180.16,180.56,65.66,58.79,0.8244,-1,-1,-1
162,152,1203.17,1038.99,91.47,44.10,1.0000,-1,-1,-1
162,156,992.49,379.95,46.36,46.25,0.0510,-1,-1,-1
162,157,1556.74,184.15,105.40,86.14,0.8584,-1,-1,-1
162,158,851.07,0.91,832.75,162.90,1.0000,-1,-1,-1
162,159,1440.85,1028.30,99.29,38.70,1.0000,-1,-1,-1
162,160,1474.93,1009.29,122.86,50.94,1.0000,-1,-1,-1
162,161,873.21,4.44,674.97,294.82,1.0000,-1,-1,-1
162,164,1178.04,354.05,151.31,141.59,0.8579,-1,-1,-1
162,166,1147.37,15.70,144.48,73.60,1.0000,-1,-1,-1
162,168,847.24,0.13,139.39,51.67,0.8203,-1,-1,-1
163,3,1128.64,-11.49,75.58,54.24,1.0000,-1,-1,-1
163,6,1602.08,281.44,62.98,61.52,0.7740,-1,-1,-1
163,10,167.77,-118.94,-820.90,-453.82,1.0000,-1,-1,-1
163,38,1272.13,281.63,65.69,61.35,0.7384,-1,-1,-1
163,62,1134.94,48.48,64.01,56.84,0.3615,-1,-1,-1
163,65,1135.97,20.52,110.78,67.74,1.0000,-1,-1,-1
163,70,1131.86,535.98,179.10,261.45,0.5814,-1,-1,-1
163,73,1197.15,16.55,79.32,67.55,0.7766,-1,-1,-1
163,88,1141.06,416.68,61.33,62.90,0.0327,-1,-1,-1
163,107,510.60,177.32,67.45,62.69,0.8645,-1,-1,-1
163,130,1101.93,494.18,57.04,57.39,0.0714,-1,-1,-1
163,136,1178.12,185.92,67.12,59.99,0.8338,-1,-1,-1
163,152,1202.47,1039.13,91.85,44.28,1.0000,-1,-1,-1
163,156,989.74,384.15,46.92,46.57,0.1253,-1,-1,-1
163,157,1560.53,196.60,103.60,85.96,0.8323,-1,-1,-1
163,158,836.67,0.94,860.46,168.32,1.0000,-1,-1,-1
163,159,1440.03,1028.84,99.14,38.64,1.0000,-1,-1,-1
163,160,1474.35,1009.53,123.46,51.18,1.0000,-1,-1,-1
163,161,859.33,4.53,698.59,305.14,1.0000,-1,-1,-1
163,164,1172.58,380.69,155.15,146.06,0.7596,-1,-1,-1
163,166,1147.72,16.71,146.32,74.54,1.0000,-1,-1,-1
163,168,837.35,0.07,153.36,58.70,0.8446,-1,-1,-1
164,3,1127.28,-12.11,75.09,53.89,1.0000,-1,-1,-1
164,6,1603.44,290.36,62.56,61.14,0.6232,-1,-1,-1
164,10,166.60,-124.89,-868.36,-480.03,1.0000,-1,-1,-1
164,38,1271.85,291.81,65.53,61.42,0.8174,-1,-1,-1
164,62,1135.45,54.25,60.70,53.98,0.0719,-1,-1,-1
164,65,1135.72,21.38,112.41,68.74,1.0000,-1,-1,-1
164,70,1131.18,540.38,178.27,257.42,0.3935,-1,-1,-1
164,73,1199.05,18.88,78.22,67.01,0.7751,-1,-1,-1
164,88,1139.47,425.88,61.82,63.40,1.0000,-1,-1,-1
164,107,509.23,180.24,66.55,62.09,0.8710,-1,-1,-1
164,130,1102.73,506.35,54.26,53.90,0.0278,-1,-1,-1
164,136,1178.05,192.53,66.28,59.78,0.8618,-1,-1,-1
164,152,1201.76,1039.26,92.23,44.46,1.0000,-1,-1,-1
164,156,988.01,389.41,47.05,46.70,1.0000,-1,-1,-1
164,157,1563.57,208.45,102.60,86.54,0.7987,-1,-1,-1
164,158,822.27,0.98,888.17,173.74,1.0000,-1,-1,-1
164,159,1439.21,1029.38,98.98,38.58,1.0000,-1,-1,-1
164,160,1473.78,1009.77,124.05,51.43,1.0000,-1,-1,-1
164,161,845.45,4.63,722.22,315.46,1.0000,-1,-1,-1
164,164,1165.96,409.73,160.03,151.55,0.7444,-1,-1,-1
164,166,1148.06,17.73,148.16,75.48,1.0000,-1,-1,-1
164,168,831.76,0.04,160.15,63.53,0.8620,-1,-1,-1
165,3,1125.92,-12.72,74.60,53.54,1.0000,-1,-1,-1
165,6,1604.98,300.10,62.37,60.38,0.7915,-1,-1,-1
165,10,165.44,-130.85,-915.82,-506.24,1.0000,-1,-1,-1
165,38,1270.96,300.13,66.10,61.97,0.7715,-1,-1,-1
165,62,1135.90,58.90,59.25,52.53,0.1655,-1,-1,-1
165,65,1135.47,22.24,114.04,69.73,1.0000,-1,-1,-1
165,70,1133.55,551.87,173.18,246.61,0.3316,-1,-1,-1
165,73,1200.56,22.67,75.65,64.96,0.7068,-1,-1,-1
165,88,1137.88,435.09,62.30,63.89,1.0000,-1,-1,-1
165,107,508.42,182.66,66.18,61.82,0.8829,-1,-1,-1
165,130,1103.20,516.92,55.76,55.04,0.0305,-1,-1,-1
165,136,1179.82,200.03,63.18,57.24,0.7634,-1,-1,-1
165,152,1201.05,1039.40,92.61,44.65,1.0000,-1,-1,-1
165,156,983.75,397.72,48.96,48.45,0.4319,-1,-1,-1
165,157,1567.78,221.13,101.67,86.69,0.8252,-1,-1,-1
165,158,807.87,1.01,915.88,179.16,1.0000,-1,-1,-1
165,159,1438.39,1029.92,98.83,38.52,1.0000,-1,-1,-1
165,160,1473.21,1010.00,124.65,51.68,1.0000,-1,-1,-1
165,161,831.58,4.72,745.85,325.78,1.0000,-1,-1,-1
165,164,1163.13,439.35,160.89,153.32,0.7023,-1,-1,-1
165,166,1148.41,18.74,150.00,76.41,1.0000,-1,-1,-1
165,168,825.66,0.03,167.35,68.97,0.8551,-1,-1,-1
166,3,1124.56,-13.34,74.11,53.18,1.0000,-1,-1,-1
166,6,1607.81,309.73,61.49,58.92,0.7114,-1,-1,-1
166,10,164.28,-136.81,-963.30,-532.45,1.0000,-1,-1,-1
166,38,1270.33,310.21,64.97,60.53,0.7516,-1,-1,-1
166,62,1135.39,62.06,60.45,53.98,0.3041,-1,-1,-1
166,65,1143.87,7.80,134.26,83.88,0.2396,-1,-1,-1
166,70,1146.78,595.05,149.50,203.59,0.1496,-1,-1,-1
166,73,1200.89,25.33,74.66,64.25,0.6393,-1,-1,-1
166,88,1142.82,448.26,62.20,62.81,0.0957,-1,-1,-1
166,107,508.41,186.64,63.10,59.03,0.9059,-1,-1,-1
166,130,1100.51,525.55,56.69,55.63,0.1755,-1,-1,-1
166,136,1178.83,204.83,63.82,58.24,0.8414,-1,-1,-1
166,152,1200.35,1039.53,92.99,44.83,1.0000,-1,-1,-1
166,156,982.07,403.13,50.68,50.55,0.1146,-1,-1,-1
166,157,1570.89,232.53,102.13,87.94,0.8063,-1,-1,-1
166,158,793.47,1.04,943.60,184.59,1.0000,-1,-1,-1
166,159,1437.57,1030.46,98.67,38.46,1.0000,-1,-1,-1
166,160,1472.64,1010.24,125.24,51.92,1.0000,-1,-1,-1
166,161,817.70,4.81,769.47,336.10,1.0000,-1,-1,-1
166,164,1160.87,470.77,162.04,155.07,0.2355,-1,-1,-1
166,166,1148.76,19.76,151.84,77.35,1.0000,-1,-1,-1
166,168,819.10,0.83,172.65,74.22,0.8365,-1,-1,-1
166,170,1138.36,0.62,115.43,36.74,0.7685,-1,-1,-1
167,3,1123.21,-13.95,73.62,52.83,1.0000,-1,-1,-1
167,6,1608.87,318.94,63.14,60.21,0.7620,-1,-1,-1
167,10,163.13,-142.76,-1010.77,-558.66,1.0000,-1,-1,-1
167,38,1271.00,320.73,62.92,57.74,0.7316,-1,-1,-1
167,62,1135.22,66.32,60.09,53.99,0.2415,-1,-1,-1
167,65,1138.40,3.26,140.45,89.01,0.7209,-1,-1,-1
167,70,1159.51,629.50,130.00,168.23,0.0135,-1,-1,-1
167,73,1194.75,25.20,77.49,65.97,0.1015,-1,-1,-1
167,88,1141.87,457.83,62.55,63.16,1.0000,-1,-1,-1
167,107,505.57,189.83,63.56,59.82,0.8911,-1,-1,-1
167,130,1098.64,534.06,56.39,55.03,0.0114,-1,-1,-1
167,136,1176.92,211.28,64.88,59.26,0.8416,-1,-1,-1
167,152,1199.64,1039.67,93.37,45.01,1.0000,-1,-1,-1
167,156,980.90,408.66,51.90,52.09,0.0603,-1,-1,-1
167,157,1574.18,246.56,100.56,87.20,0.8022,-1,-1,-1
167,158,779.07,1.07,971.31,190.01,1.0000,-1,-1,-1
167,159,1436.75,1031.00,98.52,38.40,1.0000,-1,-1,-1
167,160,1472.07,1010.48,125.84,52.17,1.0000,-1,-1,-1
167,161,803.82,4.91,793.10,346.42,1.0000,-1,-1,-1
167,164,1156.88,502.82,164.54,158.11,0.1867,-1,-1,-1
167,166,1149.11,20.77,153.68,78.29,1.0000,-1,-1,-1
167,168,813.71,4.29,173.89,78.21,0.8313,-1,-1,-1
167,170,1133.19,0.83,125.78,40.04,1.0000,-1,-1,-1
168,3,1121.85,-14.57,73.13,52.48,1.0000,-1,-1,-1
168,6,1611.05,329.91,61.66,58.22,0.7105,-1,-1,-1
168,10,161.97,-148.72,-1058.26,-584.87,1.0000,-1,-1,-1
168,38,1267.75,329.06,65.84,60.10,0.8496,-1,-1,-1
168,62,1135.26,70.78,59.58,53.75,0.5992,-1,-1,-1
168,65,1135.31,1.04,135.41,86.13,0.7527,-1,-1,-1
168,70,1164.03,640.55,121.45,157.15,1.0000,-1,-1,-1
168,73,1200.27,31.91,71.76,61.07,0.4360,-1,-1,-1
168,88,1140.51,470.33,61.10,61.31,0.0167,-1,-1,-1
168,107,503.69,192.25,64.44,60.81,0.8911,-1,-1,-1
168,130,1095.78,544.41,58.55,56.99,0.0113,-1,-1,-1
168,136,1176.29,218.80,64.43,58.91,0.7853,-1,-1,-1
168,152,1223.96,1041.59,80.03,37.52,0.0102,-1,-1,-1
168,156,978.34,414.14,50.52,50.88,0.2351,-1,-1,-1
168,157,1575.73,259.09,101.16,88.58,0.8218,-1,-1,-1
168,158,764.67,1.10,999.02,195.43,1.0000,-1,-1,-1
168,159,1435.93,1031.54,98.36,38.34,1.0000,-1,-1,-1
168,160,1471.50,1010.71,126.44,52.42,1.0000,-1,-1,-1
168,161,789.95,5.00,816.72,356.74,1.0000,-1,-1,-1
168,164,1153.11,537.35,162.48,156.56,0.3654,-1,-1,-1
168,166,1149.46,21.78,155.51,79.23,1.0000,-1,-1,-1
168,168,810.77,9.35,172.47,81.01,0.8385,-1,-1,-1
168,170,1128.03,1.05,136.14,43.34,1.0000,-1,-1,-1
169,3,1120.49,-15.18,72.64,52.12,1.0000,-1,-1,-1
169,6,1612.98,341.51,59.61,55.39,0.6947,-1,-1,-1
169,10,160.82,-154.68,-1105.74,-611.09,1.0000,-1,-1,-1
169,38,1266.61,337.16,66.89,60.69,0.7441,-1,-1,-1
169,62,1134.35,76.38,59.46,53.85,0.6414,-1,-1,-1
169,65,1131.67,0.45,143.98,92.57,0.8456,-1,-1,-1
169,70,1168.54,651.61,112.89,146.08,1.0000,-1,-1,-1
169,73,1200.75,33.69,71.36,60.73,1.0000,-1,-1,-1
169,88,1140.89,481.81,59.95,59.58,0.0232,-1,-1,-1
169,107,502.70,196.32,62.73,59.26,0.8455,-1,-1,-1
169,130,1094.23,553.93,58.86,57.29,1.0000,-1,-1,-1
169,136,1177.25,226.70,61.40,56.02,0.7016,-1,-1,-1
169,152,1227.76,1042.85,80.64,36.94,0.0143,-1,-1,-1
169,156,976.73,421.34,48.22,48.69,0.0714,-1,-1,-1
169,157,1579.02,272.80,99.88,88.01,0.8221,-1,-1,-1
169,158,750.27,1.13,1026.73,200.85,1.0000,-1,-1,-1
169,159,1435.11,1032.08,98.21,38.28,1.0000,-1,-1,-1
169,160,1470.93,1010.95,127.03,52.67,1.0000,-1,-1,-1
169,161,776.07,5.09,840.35,367.06,1.0000,-1,-1,-1
169,164,1147.92,570.64,165.52,160.45,0.2725,-1,-1,-1
169,166,1149.80,22.80,157.35,80.16,1.0000,-1,-1,-1
169,168,811.12,14.58,167.20,81.98,0.8415,-1,-1,-1
169,170,1122.87,1.26,146.50,46.63,1.0000,-1,-1,-1
170,3,1119.13,-15.79,72.15,51.77,1.0000,-1,-1,-1
170,6,1618.56,358.68,52.50,47.35,0.5078,-1,-1,-1
170,10,159.67,-160.63,-1153.24,-637.30,1.0000,-1,-1,-1
170,38,1266.40,346.28,67.73,61.34,0.7892,-1,-1,-1
170,62,1135.73,81.69,58.06,52.80,0.7329,-1,-1,-1
170,65,1127.72,-0.05,152.25,99.15,0.8886,-1,-1,-1
170,70,1173.06,662.66,104.34,135.01,1.0000,-1,-1,-1
170,73,1208.60,38.46,70.70,61.19,0.0203,-1,-1,-1
170,88,1138.18,492.16,63.84,63.69,0.1729,-1,-1,-1
170,107,501.40,199.64,61.59,58.03,0.8344,-1,-1,-1
170,130,1092.69,563.44,59.17,57.60,1.0000,-1,-1,-1
170,136,1175.95,232.26,62.38,56.85,0.6519,-1,-1,-1
170,152,1225.03,1042.75,82.25,37.08,0.0162,-1,-1,-1
170,156,975.22,428.40,47.36,47.92,0.2195,-1,-1,-1
170,157,1582.44,287.37,99.40,88.22,0.7757,-1,-1,-1
170,158,735.87,1.17,1054.44,206.27,1.0000,-1,-1,-1
170,159,1434.29,1032.62,98.05,38.22,1.0000,-1,-1,-1
170,160,1470.35,1011.18,127.63,52.91,1.0000,-1,-1,-1
170,161,762.19,5.18,863.97,377.38,1.0000,-1,-1,-1
170,164,1144.67,606.87,167.16,163.05,0.5708,-1,-1,-1
170,166,1150.15,23.81,159.19,81.10,1.0000,-1,-1,-1
170,168,813.06,21.22,161.55,82.48,0.8510,-1,-1,-1
170,170,1117.71,1.48,156.86,49.93,1.0000,-1,-1,-1
171,3,1125.88,1.56,154.16,113.67,0.8707,-1,-1,-1
171,6,1611.91,361.92,59.50,52.09,0.0458,-1,-1,-1
171,10,158.53,-166.59,-1200.73,-663.51,1.0000,-1,-1,-1
171,38,1266.38,356.86,67.36,60.96,0.8126,-1,-1,-1
171,62,1137.92,90.74,52.65,47.58,0.3877,-1,-1,-1
171,65,1126.65,-0.63,156.05,101.62,1.0000,-1,-1,-1
171,70,1177.58,673.71,95.78,123.94,1.0000,-1,-1,-1
171,73,1209.84,40.59,70.41,60.94,1.0000,-1,-1,-1
171,88,1138.36,503.49,63.48,62.78,0.4582,-1,-1,-1
171,107,500.26,203.81,60.48,56.84,0.7438,-1,-1,-1
171,130,1091.14,572.96,59.49,57.90,1.0000,-1,-1,-1
171,136,1174.28,238.42,63.68,58.09,0.6384,-1,-1,-1
171,152,1225.42,1043.00,81.97,36.95,1.0000,-1,-1,-1
171,156,973.12,435.30,47.93,48.36,0.1212,-1,-1,-1
171,157,1583.99,300.35,101.89,91.53,0.7530,-1,-1,-1
171,159,1433.47,1033.16,97.90,38.16,1.0000,-1,-1,-1
171,160,1469.78,1011.42,128.22,53.16,1.0000,-1,-1,-1
171,161,748.31,5.28,887.60,387.70,1.0000,-1,-1,-1
171,164,1140.55,640.77,167.25,161.99,0.3671,-1,-1,-1
171,166,1150.50,24.83,161.03,82.04,1.0000,-1,-1,-1
171,168,814.88,29.07,154.31,81.85,0.8474,-1,-1,-1
171,170,1112.55,1.69,167.21,53.23,1.0000,-1,-1,-1
172,3,1124.64,8.96,156.55,118.35,0.8395,-1,-1,-1
172,6,1613.26,370.84,58.85,51.52,1.0000,-1,-1,-1
172,10,157.39,-172.55,-1248.24,-689.72,1.0000,-1,-1,-1
172,38,1266.30,366.64,67.61,61.02,0.8355,-1,-1,-1
172,62,1141.13,100.67,46.43,41.14,0.0530,-1,-1,-1
172,65,1125.58,-1.20,159.84,104.09,1.0000,-1,-1,-1
172,70,1182.10,684.77,87.23,112.87,1.0000,-1,-1,-1
172,73,1211.09,42.71,70.12,60.69,1.0000,-1,-1,-1
172,88,1136.47,515.60,62.38,61.02,0.6882,-1,-1,-1
172,107,498.13,206.91,61.44,57.85,0.8323,-1,-1,-1
172,130,1089.59,582.47,59.80,58.20,1.0000,-1,-1,-1
172,136,1173.33,245.75,62.25,56.70,0.3486,-1,-1,-1
172,152,1225.81,1043.26,81.69,36.83,1.0000,-1,-1,-1
172,156,970.83,441.34,48.91,49.33,0.0584,-1,-1,-1
172,157,1584.30,315.98,108.03,98.64,0.7884,-1,-1,-1
172,159,1432.65,1033.69,97.74,38.10,1.0000,-1,-1,-1
172,161,734.44,5.37,911.23,398.02,1.0000,-1,-1,-1
172,164,1134.58,681.00,169.40,164.07,0.2679,-1,-1,-1
172,166,1150.85,25.84,162.87,82.97,1.0000,-1,-1,-1
172,168,814.20,35.17,150.82,83.02,0.8446,-1,-1,-1
172,170,1107.38,1.91,177.57,56.52,1.0000,-1,-1,-1
173,3,1122.73,21.54,158.86,122.30,0.7827,-1,-1,-1
173,6,1614.61,379.77,58.20,50.95,1.0000,-1,-1,-1
173,10,156.25,-178.50,-1295.75,-715.93,1.0000,-1,-1,-1
173,38,1264.87,374.77,70.72,63.85,0.8751,-1,-1,-1
173,62,1141.56,105.76,44.89,39.77,1.0000,-1,-1,-1
173,65,1124.51,-1.78,163.64,106.56,1.0000,-1,-1,-1
173,70,1186.62,695.82,78.67,101.79,1.0000,-1,-1,-1
173,73,1212.05,42.19,72.79,64.61,0.0160,-1,-1,-1
173,88,1131.50,527.27,65.79,63.63,0.4588,-1,-1,-1
173,107,494.62,210.67,63.73,60.11,0.8531,-1,-1,-1
173,130,1088.04,591.99,60.11,58.51,1.0000,-1,-1,-1
173,136,1171.52,252.15,63.57,57.88,0.4739,-1,-1,-1
173,152,1226.21,1043.52,81.40,36.70,1.0000,-1,-1,-1
173,156,969.19,447.43,49.84,50.37,0.2163,-1,-1,-1
173,157,1586.22,330.63,110.94,103.08,0.7230,-1,-1,-1
173,159,1431.83,1034.23,97.59,38.04,1.0000,-1,-1,-1
173,161,720.56,5.46,934.85,408.34,1.0000,-1,-1,-1
173,164,1129.46,720.68,168.89,163.69,0.2973,-1,-1,-1
173,166,1151.20,26.86,164.71,83.91,1.0000,-1,-1,-1
173,168,813.07,41.50,147.30,83.98,0.8216,-1,-1,-1
173,170,1102.22,2.12,187.93,59.82,1.0000,-1,-1,-1
173,174,1164.90,396.69,34.48,35.57,0.0522,-1,-1,-1
174,3,1123.20,37.83,156.63,122.01,0.7800,-1,-1,-1
174,6,1615.95,388.70,57.54,50.38,1.0000,-1,-1,-1
174,38,1266.10,385.97,68.91,62.18,0.8214,-1,-1,-1
174,62,1141.99,110.85,43.35,38.40,1.0000,-1,-1,-1
174,65,1123.44,-2.35,167.43,109.03,1.0000,-1,-1,-1
174,70,1191.14,706.87,70.12,90.72,1.0000,-1,-1,-1
174,73,1211.65,47.55,71.02,64.11,0.1233,-1,-1,-1
174,88,1129.59,538.81,66.95,63.66,0.3121,-1,-1,-1
174,107,491.61,214.20,64.76,61.44,0.8508,-1,-1,-1
174,130,1086.50,601.50,60.42,58.81,1.0000,-1,-1,-1
174,136,1172.59,260.52,61.51,56.27,0.1553,-1,-1,-1
174,152,1226.60,1043.78,81.12,36.57,1.0000,-1,-1,-1
174,156,966.56,455.47,47.81,48.69,0.2637,-1,-1,-1
174,157,1590.30,345.83,109.02,102.60,0.6494,-1,-1,-1
174,159,1431.00,1034.77,97.43,37.98,1.0000,-1,-1,-1
174,161,706.68,5.56,958.48,418.66,1.0000,-1,-1,-1
174,164,1129.27,753.23,159.40,152.86,0.0889,-1,-1,-1
174,166,1151.54,27.87,166.55,84.85,1.0000,-1,-1,-1
174,168,812.93,48.99,142.03,83.87,0.8187,-1,-1,-1
174,170,1097.06,2.34,198.28,63.12,1.0000,-1,-1,-1
174,174,1163.75,401.34,35.99,37.15,0.0276,-1,-1,-1
175,3,1115.85,52.81,156.29,125.30,0.7640,-1,-1,-1
175,6,1617.30,397.62,56.89,49.81,1.0000,-1,-1,-1
175,38,1264.92,396.03,69.54,62.85,0.8324,-1,-1,-1
175,62,1142.42,115.94,41.80,37.03,1.0000,-1,-1,-1
175,65,1122.37,-2.93,171.23,111.50,1.0000,-1,-1,-1
175,70,1195.66,717.92,61.56,79.65,1.0000,-1,-1,-1
175,73,1210.25,51.62,70.89,64.46,0.6210,-1,-1,-1
175,88,1125.33,549.24,69.33,65.49,0.5688,-1,-1,-1
175,107,490.10,218.11,64.47,61.38,0.8562,-1,-1,-1
175,130,1081.34,620.42,62.25,60.63,0.5716,-1,-1,-1
175,136,1173.79,268.13,60.66,55.67,0.0856,-1,-1,-1
175,152,1226.99,1044.03,80.84,36.44,1.0000,-1,-1,-1
175,156,965.91,464.10,45.16,46.08,0.1325,-1,-1,-1
175,157,1595.23,363.29,103.45,98.01,0.8540,-1,-1,-1
175,159,1430.18,1035.31,97.28,37.92,1.0000,-1,-1,-1
175,161,692.81,5.65,982.10,428.98,1.0000,-1,-1,-1
175,164,1125.30,744.21,162.50,155.43,0.4563,-1,-1,-1
175,166,1151.89,28.88,168.39,85.78,1.0000,-1,-1,-1
175,168,813.03,56.99,137.04,83.76,0.8069,-1,-1,-1
175,170,1091.90,2.55,208.64,66.42,1.0000,-1,-1,-1
175,174,1163.40,405.11,36.20,37.36,1.0000,-1,-1,-1
176,3,1111.66,68.88,156.34,128.39,0.7828,-1,-1,-1
176,6,1618.65,406.55,56.24,49.24,1.0000,-1,-1,-1
176,38,1265.95,406.77,68.27,61.37,0.7530,-1,-1,-1
176,62,1142.84,121.03,40.26,35.67,1.0000,-1,-1,-1
176,65,1121.30,-3.51,175.03,113.97,1.0000,-1,-1,-1
176,70,1200.19,728.98,53.00,68.58,1.0000,-1,-1,-1
176,73,1208.37,55.46,70.23,63.38,0.4896,-1,-1,-1
176,88,1126.76,564.02,66.16,61.87,0.6528,-1,-1,-1
176,107,488.10,221.41,65.06,61.63,0.8441,-1,-1,-1
176,130,1079.13,633.21,61.33,59.01,0.4057,-1,-1,-1
176,136,1172.15,273.73,63.79,58.58,0.6530,-1,-1,-1
176,152,1227.39,1044.29,80.55,36.32,1.0000,-1,-1,-1
176,156,962.82,471.55,45.71,46.53,0.4663,-1,-1,-1
176,157,1600.18,380.20,98.85,93.84,0.7464,-1,-1,-1
176,159,1429.36,1035.85,97.13,37.86,1.0000,-1,-1,-1
176,161,678.93,5.74,1005.73,439.30,1.0000,-1,-1,-1
176,164,1118.30,720.02,165.70,158.50,0.1511,-1,-1,-1
176,166,1152.24,29.90,170.23,86.72,1.0000,-1,-1,-1
176,168,811.81,64.28,134.33,84.84,0.8432,-1,-1,-1
176,170,1086.73,2.77,219.00,69.71,1.0000,-1,-1,-1
176,174,1163.06,408.88,36.40,37.57,1.0000,-1,-1,-1
177,3,1111.51,88.62,153.01,127.85,0.8669,-1,-1,-1
177,6,1619.99,415.48,55.59,48.67,1.0000,-1,-1,-1
177,38,1265.59,417.68,68.88,61.86,0.8429,-1,-1,-1
177,62,1143.27,126.12,38.72,34.30,1.0000,-1,-1,-1
177,65,1120.23,-4.08,178.82,116.45,1.0000,-1,-1,-1
177,70,1204.71,740.03,44.45,57.50,1.0000,-1,-1,-1
177,73,1207.37,58.09,72.52,65.29,0.7413,-1,-1,-1
177,88,1124.54,573.64,70.37,65.50,0.6933,-1,-1,-1
177,107,486.75,225.40,64.24,60.32,0.8638,-1,-1,-1
177,130,1075.49,642.75,64.11,62.08,0.0633,-1,-1,-1
177,136,1171.63,282.44,62.39,57.38,0.2077,-1,-1,-1
177,152,1227.78,1044.55,80.27,36.19,1.0000,-1,-1,-1
177,156,959.72,478.21,47.57,48.16,0.5259,-1,-1,-1
177,157,1603.00,395.98,98.20,93.67,0.7711,-1,-1,-1
177,159,1428.54,1036.39,96.97,37.80,1.0000,-1,-1,-1
177,164,1114.42,740.80,166.57,159.34,1.0000,-1,-1,-1
177,166,1152.59,30.91,172.07,87.66,1.0000,-1,-1,-1
177,168,812.26,73.84,127.70,83.20,0.8357,-1,-1,-1
177,170,1081.57,2.98,229.35,73.01,1.0000,-1,-1,-1
177,174,1162.71,412.64,36.61,37.78,1.0000,-1,-1,-1
177,175,1117.29,655.72,169.92,150.48,0.1599,-1,-1,-1
178,3,1110.81,108.79,149.87,127.33,0.8307,-1,-1,-1
178,6,1621.34,424.41,54.94,48.10,1.0000,-1,-1,-1
178,38,1264.12,427.27,69.76,62.90,0.5325,-1,-1,-1
178,62,1143.70,131.22,37.17,32.93,1.0000,-1,-1,-1
178,65,1119.16,-4.66,182.62,118.92,1.0000,-1,-1,-1
178,70,1209.23,751.08,35.89,46.43,1.0000,-1,-1,-1
178,73,1207.23,61.03,74.14,66.56,0.8027,-1,-1,-1
178,88,1122.34,586.05,71.96,67.22,0.0488,-1,-1,-1
178,107,483.42,228.64,65.61,61.16,0.8861,-1,-1,-1
178,130,1073.44,653.15,64.66,62.61,1.0000,-1,-1,-1
178,136,1170.42,292.88,61.17,56.29,0.0428,-1,-1,-1
178,152,1228.17,1044.81,79.99,36.06,1.0000,-1,-1,-1
178,156,957.46,484.91,48.64,48.93,0.4294,-1,-1,-1
178,157,1606.08,413.45,97.38,93.54,0.7771,-1,-1,-1
178,159,1427.72,1036.93,96.82,37.74,1.0000,-1,-1,-1
178,164,1110.54,761.58,167.45,160.18,1.0000,-1,-1,-1
178,166,1152.93,31.93,173.91,88.60,1.0000,-1,-1,-1
178,168,810.39,81.21,126.68,85.01,0.8356,-1,-1,-1
178,170,1076.41,3.20,239.71,76.31,1.0000,-1,-1,-1
178,174,1162.36,416.41,36.81,37.99,1.0000,-1,-1,-1
178,175,1109.14,645.84,168.14,149.11,0.3787,-1,-1,-1
179,3,1108.91,126.52,150.70,130.54,0.8596,-1,-1,-1
179,6,1622.68,433.33,54.29,47.53,1.0000,-1,-1,-1
179,38,1264.62,438.76,69.06,62.34,0.4599,-1,-1,-1
179,62,1144.13,136.31,35.63,31.57,1.0000,-1,-1,-1
179,65,1118.09,-5.24,186.41,121.39,1.0000,-1,-1,-1
179,70,1213.75,762.14,27.33,35.36,1.0000,-1,-1,-1
179,73,1207.75,65.18,74.18,66.60,0.8015,-1,-1,-1
179,88,1120.87,597.11,72.57,67.80,1.0000,-1,-1,-1
179,107,479.44,231.40,67.24,62.49,0.8785,-1,-1,-1
179,130,1073.13,665.82,61.53,60.19,0.0346,-1,-1,-1
179,136,1172.15,301.30,58.79,54.29,0.6098,-1,-1,-1
179,152,1228.57,1045.06,79.71,35.93,1.0000,-1,-1,-1
179,156,955.99,493.16,48.18,48.16,0.5075,-1,-1,-1
179,157,1610.16,430.51,95.42,92.05,0.7686,-1,-1,-1
179,159,1426.90,1037.47,96.66,37.68,1.0000,-1,-1,-1
179,164,1106.66,782.36,168.32,161.02,1.0000,-1,-1,-1
179,166,1153.28,32.94,175.75,89.53,1.0000,-1,-1,-1
179,168,808.51,89.59,124.67,86.07,0.8479,-1,-1,-1
179,170,1071.25,3.41,250.07,79.60,1.0000,-1,-1,-1
179,174,1162.02,420.18,37.01,38.20,1.0000,-1,-1,-1
179,175,1107.22,618.19,173.50,154.33,0.4620,-1,-1,-1
180,3,1106.79,147.57,151.53,133.40,0.8104,-1,-1,-1
180,6,1624.03,442.26,53.64,46.96,1.0000,-1,-1,-1
180,38,1263.98,447.87,71.29,65.10,0.6335,-1,-1,-1
180,62,1144.56,141.40,34.09,30.20,1.0000,-1,-1,-1
180,65,1117.02,-5.81,190.21,123.86,1.0000,-1,-1,-1
180,70,1218.27,773.19,18.77,24.29,1.0000,-1,-1,-1
180,73,1208.66,69.66,73.83,66.33,0.7683,-1,-1,-1
180,88,1119.39,608.18,73.18,68.37,1.0000,-1,-1,-1
180,107,476.46,234.81,68.36,63.64,0.8709,-1,-1,-1
180,130,1071.22,676.44,61.78,60.42,1.0000,-1,-1,-1
180,136,1171.15,309.05,60.61,56.25,0.2650,-1,-1,-1
180,152,1228.96,1045.32,79.42,35.81,1.0000,-1,-1,-1
180,156,953.32,498.92,50.75,50.89,0.6689,-1,-1,-1
180,157,1613.62,448.21,94.63,91.79,0.5668,-1,-1,-1
180,159,1426.08,1038.01,96.51,37.62,1.0000,-1,-1,-1
180,164,1102.79,803.13,169.20,161.85,1.0000,-1,-1,-1
180,166,1153.63,33.95,177.59,90.47,1.0000,-1,-1,-1
180,168,807.12,99.78,119.57,84.50,0.8208,-1,-1,-1
180,170,1066.09,3.63,260.42,82.90,1.0000,-1,-1,-1
180,174,1161.67,423.95,37.22,38.41,1.0000,-1,-1,-1
180,175,1103.00,592.60,170.70,152.22,0.2904,-1,-1,-1
181,3,1107.39,172.08,147.54,131.17,0.8673,-1,-1,-1
181,6,1625.38,451.19,52.99,46.39,1.0000,-1,-1,-1
181,38,1264.16,460.37,70.01,64.20,0.2060,-1,-1,-1
181,62,1126.12,134.24,66.50,58.29,0.5100,-1,-1,-1
181,65,1115.95,-6.39,194.01,126.33,1.0000,-1,-1,-1
181,70,1204.53,644.61,99.67,123.68,0.0136,-1,-1,-1
181,73,1208.40,72.77,75.13,67.26,0.7741,-1,-1,-1
181,88,1117.92,619.24,73.80,68.94,1.0000,-1,-1,-1
181,107,475.62,239.03,67.26,62.74,0.8790,-1,-1,-1
181,130,1069.32,687.06,62.02,60.66,1.0000,-1,-1,-1
181,136,1170.51,316.36,61.82,57.26,0.6143,-1,-1,-1
181,152,1229.36,1045.58,79.14,35.68,1.0000,-1,-1,-1
181,156,952.12,507.33,48.92,49.23,0.4183,-1,-1,-1
181,157,1613.97,463.18,96.54,94.37,0.4513,-1,-1,-1
181,164,1098.91,823.91,170.07,162.69,1.0000,-1,-1,-1
181,166,1153.98,34.97,179.43,91.41,1.0000,-1,-1,-1
181,168,804.13,107.13,119.85,86.56,0.7960,-1,-1,-1
181,170,1060.92,3.84,270.78,86.20,1.0000,-1,-1,-1
181,174,1161.33,427.71,37.42,38.62,1.0000,-1,-1,-1
181,175,1098.98,564.01,168.95,151.23,0.5863,-1,-1,-1
182,3,1104.41,212.57,146.59,131.20,0.8407,-1,-1,-1
182,6,1626.72,460.11,52.34,45.82,1.0000,-1,-1,-1
182,38,1263.82,470.24,70.31,64.48,1.0000,-1,-1,-1
182,62,1126.33,143.90,66.98,58.87,0.5608,-1,-1,-1
182,65,1114.88,-6.96,197.80,128.80,1.0000,-1,-1,-1
182,70,1180.47,637.82,122.58,145.39,0.0738,-1,-1,-1
182,73,1208.64,80.04,75.39,66.78,0.7710,-1,-1,-1
182,88,1116.45,630.30,74.41,69.51,1.0000,-1,-1,-1
182,107,473.47,246.77,66.64,62.41,0.8201,-1,-1,-1
182,130,1067.41,697.68,62.27,60.90,1.0000,-1,-1,-1
182,136,1168.61,332.74,58.30,53.91,0.0211,-1,-1,-1
182,152,1229.75,1045.83,78.86,35.55,1.0000,-1,-1,-1
182,156,950.93,520.44,46.89,47.62,0.5006,-1,-1,-1
182,157,1612.47,484.98,106.34,105.71,0.1235,-1,-1,-1
182,164,1095.03,844.69,170.95,163.53,1.0000,-1,-1,-1
182,166,1154.33,35.98,181.27,92.34,1.0000,-1,-1,-1
182,168,799.63,122.87,118.61,87.54,0.8230,-1,-1,-1
182,170,1055.76,4.06,281.14,89.49,1.0000,-1,-1,-1
182,174,1160.98,431.48,37.62,38.83,1.0000,-1,-1,-1
182,175,1097.13,521.48,159.43,142.84,0.5654,-1,-1,-1
183,3,1100.14,242.29,151.32,136.97,0.7976,-1,-1,-1
183,6,1628.07,469.04,51.69,45.25,1.0000,-1,-1,-1
183,38,1261.88,490.20,71.24,65.80,0.0190,-1,-1,-1
183,62,1126.53,152.56,68.46,60.34,0.7201,-1,-1,-1
183,65,1113.81,-7.54,201.60,131.27,1.0000,-1,-1,-1
183,70,1160.47,625.38,142.42,164.06,0.0294,-1,-1,-1
183,73,1209.44,85.38,77.00,67.73,0.7713,-1,-1,-1
183,88,1117.62,663.23,69.08,64.82,0.1997,-1,-1,-1
183,107,472.61,254.67,64.11,60.08,0.8838,-1,-1,-1
183,130,1066.07,728.16,53.94,52.86,0.0127,-1,-1,-1
183,136,1167.95,341.01,57.99,53.63,1.0000,-1,-1,-1
183,152,1230.14,1046.09,78.57,35.42,1.0000,-1,-1,-1
183,156,947.75,529.95,48.25,49.41,0.3162,-1,-1,-1
183,157,1617.93,509.96,103.67,103.72,0.4957,-1,-1,-1
183,164,1091.15,865.47,171.82,164.37,1.0000,-1,-1,-1
183,166,1154.67,37.00,183.11,93.28,1.0000,-1,-1,-1
183,168,796.89,134.77,117.45,88.12,0.8335,-1,-1,-1
183,170,1050.60,4.27,291.49,92.79,1.0000,-1,-1,-1
183,174,1160.63,435.25,37.83,39.04,1.0000,-1,-1,-1
183,175,1092.16,485.47,161.37,145.49,0.6062,-1,-1,-1
184,3,1099.93,269.66,151.07,137.94,0.8697,-1,-1,-1
184,6,1629.42,477.97,51.04,44.68,1.0000,-1,-1,-1
184,38,1261.35,501.09,71.65,66.18,1.0000,-1,-1,-1
184,62,1126.45,159.97,68.74,59.92,0.7707,-1,-1,-1
184,65,1112.74,-8.12,205.39,133.74,1.0000,-1,-1,-1
184,70,1153.08,622.77,143.73,155.66,0.0316,-1,-1,-1
184,73,1210.75,90.13,77.86,68.35,0.8451,-1,-1,-1
184,88,1116.38,679.19,67.28,63.38,0.2112,-1,-1,-1
184,107,470.36,259.57,64.45,60.28,0.8820,-1,-1,-1
184,130,1064.69,743.11,53.72,53.07,0.0861,-1,-1,-1
184,136,1167.30,349.28,57.69,53.34,1.0000,-1,-1,-1
184,152,1230.54,1046.35,78.29,35.30,1.0000,-1,-1,-1
184,156,944.34,539.72,48.61,49.95,0.1743,-1,-1,-1
184,157,1623.79,536.85,98.14,97.88,0.5857,-1,-1,-1
184,164,1087.28,886.25,172.70,165.20,1.0000,-1,-1,-1
184,166,1155.02,38.01,184.95,94.22,1.0000,-1,-1,-1
184,168,794.46,146.55,115.03,87.64,0.8060,-1,-1,-1
184,170,1045.44,4.49,301.85,96.09,1.0000,-1,-1,-1
184,174,1160.29,439.02,38.03,39.25,1.0000,-1,-1,-1
184,175,1089.91,458.23,159.72,144.57,0.6641,-1,-1,-1
185,3,1097.78,295.10,153.21,140.45,0.7997,-1,-1,-1
185,6,1630.76,486.90,50.38,44.10,1.0000,-1,-1,-1
185,38,1260.82,511.98,72.07,66.56,1.0000,-1,-1,-1
185,62,1127.86,166.89,68.32,59.13,0.3316,-1,-1,-1
185,65,1111.67,-8.69,209.19,136.21,1.0000,-1,-1,-1
185,70,1130.12,586.79,175.32,188.02,0.0173,-1,-1,-1
185,73,1212.01,95.51,77.17,67.90,0.7959,-1,-1,-1
185,88,1114.76,693.32,69.58,66.13,0.0444,-1,-1,-1
185,107,468.53,265.11,64.98,60.85,0.8608,-1,-1,-1
185,130,1062.12,755.79,53.89,52.26,0.2187,-1,-1,-1
185,136,1166.64,357.55,57.38,53.06,1.0000,-1,-1,-1
185,152,1230.93,1046.61,78.01,35.17,1.0000,-1,-1,-1
185,156,944.32,547.16,45.66,47.27,0.0446,-1,-1,-1
185,157,1625.57,559.27,97.49,97.33,0.2728,-1,-1,-1
185,164,1083.40,907.02,173.57,166.04,1.0000,-1,-1,-1
185,166,1155.37,39.02,186.78,95.16,1.0000,-1,-1,-1
185,168,791.42,157.07,115.01,88.88,0.8352,-1,-1,-1
185,170,1040.27,4.70,312.21,99.38,1.0000,-1,-1,-1
185,174,1159.94,442.79,38.24,39.46,1.0000,-1,-1,-1
185,175,1084.96,428.44,162.67,147.97,0.0452,-1,-1,-1
186,3,1098.62,318.23,143.72,130.84,0.1638,-1,-1,-1
186,6,1632.11,495.82,49.73,43.53,1.0000,-1,-1,-1
186,38,1260.30,522.87,72.48,66.94,1.0000,-1,-1,-1
186,62,1127.56,174.29,69.84,60.02,0.6436,-1,-1,-1
186,65,1110.60,-9.27,212.99,138.68,1.0000,-1,-1,-1
186,70,1120.77,571.63,186.77,197.29,0.0269,-1,-1,-1
186,73,1213.52,101.21,76.14,67.11,0.8082,-1,-1,-1
186,88,1116.09,707.64,70.59,66.72,0.3265,-1,-1,-1
186,107,467.47,270.54,64.51,60.12,0.8603,-1,-1,-1
186,130,1059.79,758.92,54.80,52.80,0.5170,-1,-1,-1
186,136,1165.98,365.82,57.07,52.77,1.0000,-1,-1,-1
186,152,1231.32,1046.86,77.72,35.04,1.0000,-1,-1,-1
186,156,942.27,555.07,45.55,47.16,1.0000,-1,-1,-1
186,157,1628.18,580.50,95.76,95.57,0.5246,-1,-1,-1
186,164,1079.52,927.80,174.45,166.88,1.0000,-1,-1,-1
186,166,1155.72,40.04,188.62,96.09,1.0000,-1,-1,-1
186,168,788.33,167.89,113.94,89.32,0.8387,-1,-1,-1
186,170,1035.11,4.92,322.57,102.68,1.0000,-1,-1,-1
186,174,1159.60,446.55,38.44,39.67,1.0000,-1,-1,-1
186,175,1079.69,406.21,162.87,148.16,1.0000,-1,-1,-1
186,178,1167.34,717.42,48.04,56.19,0.0115,-1,-1,-1
186,180,1192.74,732.83,31.91,37.40,0.0268,-1,-1,-1
187,3,1098.80,325.01,139.96,126.68,0.3925,-1,-1,-1
187,6,1634.81,545.38,73.96,65.34,0.0760,-1,-1,-1
187,38,1259.77,533.76,72.89,67.32,1.0000,-1,-1,-1
187,62,1127.35,181.16,69.94,60.64,0.7409,-1,-1,-1
187,65,1109.53,-9.85,216.78,141.15,1.0000,-1,-1,-1
187,70,1121.13,573.41,186.73,193.83,0.0407,-1,-1,-1
187,73,1213.25,106.04,76.46,67.19,0.8372,-1,-1,-1
187,88,1113.83,722.33,69.46,65.31,0.6111,-1,-1,-1
187,107,464.27,275.38,65.46,60.87,0.8634,-1,-1,-1
187,130,1059.20,751.91,55.27,53.34,0.1111,-1,-1,-1
187,136,1165.32,374.09,56.76,52.49,1.0000,-1,-1,-1
187,152,1231.72,1047.12,77.44,34.91,1.0000,-1,-1,-1
187,156,940.22,562.98,45.44,47.04,1.0000,-1,-1,-1
187,157,1626.32,601.20,97.44,97.08,0.4867,-1,-1,-1
187,164,1075.64,948.58,175.32,167.72,1.0000,-1,-1,-1
187,166,1156.06,41.05,190.46,97.03,1.0000,-1,-1,-1
187,168,785.06,179.10,112.53,89.32,0.8676,-1,-1,-1
187,170,1029.95,5.13,332.92,105.98,1.0000,-1,-1,-1
187,174,1159.25,450.32,38.64,39.88,1.0000,-1,-1,-1
187,175,1074.43,383.99,163.07,148.34,1.0000,-1,-1,-1
187,178,1166.12,717.79,51.29,59.98,1.0000,-1,-1,-1
187,180,1194.56,734.70,30.02,34.86,0.0339,-1,-1,-1
187,181,1085.59,318.50,151.76,262.09,0.4327,-1,-1,-1
188,3,1095.21,318.04,147.77,134.59,0.8404,-1,-1,-1
188,6,1634.38,558.01,74.10,65.20,0.0856,-1,-1,-1
188,38,1259.24,544.65,73.30,67.70,1.0000,-1,-1,-1
188,62,1128.12,188.53,68.83,60.10,0.8131,-1,-1,-1
188,65,1108.46,-10.42,220.58,143.62,1.0000,-1,-1,-1
188,70,1142.36,609.15,157.54,155.27,0.1635,-1,-1,-1
188,73,1213.88,110.90,76.54,67.14,0.8498,-1,-1,-1
188,88,1111.94,737.92,65.79,61.16,0.6603,-1,-1,-1
188,107,461.59,279.19,68.42,63.43,0.8647,-1,-1,-1
188,130,1057.46,761.09,55.01,53.09,1.0000,-1,-1,-1
188,136,1164.67,382.36,56.45,52.20,1.0000,-1,-1,-1
188,152,1232.11,1047.38,77.16,34.78,1.0000,-1,-1,-1
188,156,938.18,570.89,45.33,46.93,1.0000,-1,-1,-1
188,157,1626.76,619.52,98.63,98.25,0.3022,-1,-1,-1
188,164,1071.77,969.36,176.20,168.55,1.0000,-1,-1,-1
188,166,1156.41,42.07,192.30,97.97,1.0000,-1,-1,-1
188,168,780.83,190.53,112.43,90.21,0.8481,-1,-1,-1
188,170,1024.79,5.35,343.28,109.27,1.0000,-1,-1,-1
188,174,1158.90,454.09,38.85,40.09,1.0000,-1,-1,-1
188,175,1069.16,361.77,163.28,148.52,1.0000,-1,-1,-1
188,178,1164.90,718.16,54.53,63.77,1.0000,-1,-1,-1
188,180,1193.40,736.90,30.10,34.35,0.0301,-1,-1,-1
188,181,1098.48,418.88,106.93,179.64,0.7657,-1,-1,-1
189,3,1094.20,308.66,150.98,138.57,0.7159,-1,-1,-1
189,6,1636.12,572.01,72.95,64.71,0.0920,-1,-1,-1
189,38,1256.55,567.15,75.20,70.00,0.1042,-1,-1,-1
189,62,1129.29,194.64,66.83,59.11,0.4905,-1,-1,-1
189,65,1107.39,-11.00,224.38,146.09,1.0000,-1,-1,-1
189,70,1158.67,633.08,138.21,129.00,0.2228,-1,-1,-1
189,73,1215.93,116.98,76.03,66.85,0.8368,-1,-1,-1
189,88,1110.57,752.46,64.41,59.97,0.7053,-1,-1,-1
189,107,458.84,284.40,68.65,63.93,0.8618,-1,-1,-1
189,130,1055.73,770.26,54.76,52.85,1.0000,-1,-1,-1
189,136,1162.07,402.86,55.38,49.92,0.0295,-1,-1,-1
189,152,1232.50,1047.64,76.88,34.66,1.0000,-1,-1,-1
189,156,936.13,578.80,45.22,46.82,1.0000,-1,-1,-1
189,157,1628.30,640.50,97.70,97.78,0.2719,-1,-1,-1
189,164,1067.89,990.14,177.08,169.39,1.0000,-1,-1,-1
189,166,1156.76,43.08,194.14,98.90,1.0000,-1,-1,-1
189,168,778.59,201.03,111.89,90.99,0.8404,-1,-1,-1
189,170,1019.63,5.56,353.64,112.57,1.0000,-1,-1,-1
189,174,1158.56,457.86,39.05,40.30,1.0000,-1,-1,-1
189,175,1063.89,339.54,163.48,148.71,1.0000,-1,-1,-1
189,178,1163.67,718.52,57.77,67.56,1.0000,-1,-1,-1
189,180,1193.65,738.41,29.11,33.22,1.0000,-1,-1,-1
189,181,1096.76,472.88,93.19,151.84,0.6240,-1,-1,-1
190,3,1092.36,319.60,152.55,140.01,1.0000,-1,-1,-1
190,6,1634.34,585.23,76.75,69.18,0.3118,-1,-1,-1
190,38,1256.65,581.63,74.17,69.35,0.0412,-1,-1,-1
190,62,1128.85,200.18,67.50,59.70,1.0000,-1,-1,-1
190,65,1106.32,-11.57,228.17,148.56,1.0000,-1,-1,-1
190,70,1158.91,637.69,138.93,124.21,0.3113,-1,-1,-1
190,73,1217.49,122.01,75.70,66.61,0.8273,-1,-1,-1
190,88,1108.09,757.34,63.71,59.27,0.7362,-1,-1,-1
190,107,454.88,288.14,68.92,64.45,0.8894,-1,-1,-1
190,130,1053.99,779.44,54.50,52.60,1.0000,-1,-1,-1
190,136,1156.63,405.39,66.31,58.74,0.4452,-1,-1,-1
190,152,1232.90,1047.89,76.59,34.53,1.0000,-1,-1,-1
190,156,934.08,586.71,45.12,46.71,1.0000,-1,-1,-1
190,157,1625.54,660.02,103.80,105.06,0.3038,-1,-1,-1
190,164,1064.01,1010.91,177.95,170.23,1.0000,-1,-1,-1
190,168,777.95,213.61,108.71,89.32,0.8518,-1,-1,-1
190,170,1014.46,5.78,363.99,115.87,1.0000,-1,-1,-1
190,174,1158.21,461.63,39.26,40.51,1.0000,-1,-1,-1
190,175,1096.36,289.22,145.45,132.78,0.7999,-1,-1,-1
190,178,1162.45,718.89,61.02,71.36,1.0000,-1,-1,-1
190,180,1193.90,739.91,28.11,32.09,1.0000,-1,-1,-1
190,181,1086.49,502.33,95.69,150.60,0.7809,-1,-1,-1
190,184,1137.64,724.40,54.75,54.52,0.0265,-1,-1,-1
191,3,1090.53,330.53,154.11,141.45,1.0000,-1,-1,-1
191,6,1635.13,597.87,76.52,69.43,0.2218,-1,-1,-1
191,38,1254.84,593.54,74.61,69.90,0.2951,-1,-1,-1
191,62,1127.70,208.20,66.95,60.06,0.0533,-1,-1,-1
191,65,1105.25,-12.15,231.97,151.03,1.0000,-1,-1,-1
191,70,1160.57,644.14,137.33,117.68,0.3154,-1,-1,-1
191,73,1217.23,126.99,77.01,67.66,0.8246,-1,-1,-1
191,88,1105.82,751.61,64.48,59.35,0.8293,-1,-1,-1
191,107,451.76,293.72,68.30,63.96,0.8380,-1,-1,-1
191,130,1052.26,788.62,54.25,52.36,1.0000,-1,-1,-1
191,136,1155.51,413.36,66.85,59.70,0.3041,-1,-1,-1
191,152,1233.29,1048.15,76.31,34.40,1.0000,-1,-1,-1
191,156,932.03,594.62,45.01,46.60,1.0000,-1,-1,-1
191,157,1631.48,681.63,99.22,100.01,0.3964,-1,-1,-1
191,164,1060.14,1031.69,178.83,171.07,1.0000,-1,-1,-1
191,168,773.65,225.34,109.19,90.41,0.8348,-1,-1,-1
191,170,1009.30,5.99,374.35,119.17,1.0000,-1,-1,-1
191,174,1157.87,465.39,39.46,40.72,1.0000,-1,-1,-1
191,175,1098.40,275.02,139.55,127.71,0.8712,-1,-1,-1
191,178,1161.23,719.26,64.26,75.15,1.0000,-1,-1,-1
191,180,1194.15,741.41,27.12,30.95,1.0000,-1,-1,-1
191,181,1074.19,527.08,100.95,153.47,0.7419,-1,-1,-1
191,184,1140.02,728.24,48.95,48.67,0.3763,-1,-1,-1
192,3,1088.70,341.47,155.68,142.88,1.0000,-1,-1,-1
192,6,1635.82,611.73,76.18,68.91,0.6872,-1,-1,-1
192,38,1256.02,608.41,70.45,66.24,0.1031,-1,-1,-1
192,62,1126.24,212.68,68.10,61.95,0.1038,-1,-1,-1
192,65,1104.18,-12.73,235.77,153.50,1.0000,-1,-1,-1
192,70,1159.56,644.34,139.65,116.08,0.1247,-1,-1,-1
192,73,1217.50,132.12,78.23,68.76,0.8539,-1,-1,-1
192,88,1103.88,741.75,64.24,59.10,0.8391,-1,-1,-1
192,107,449.50,298.12,68.98,64.98,0.8375,-1,-1,-1
192,130,1050.52,797.79,54.00,52.11,1.0000,-1,-1,-1
192,136,1155.77,424.78,65.75,59.17,0.6476,-1,-1,-1
192,152,1233.68,1048.41,76.03,34.27,1.0000,-1,-1,-1
192,156,929.99,602.53,44.90,46.49,1.0000,-1,-1,-1
192,157,1631.92,702.27,98.69,99.70,0.3941,-1,-1,-1
192,164,1056.26,1052.47,179.70,171.90,1.0000,-1,-1,-1
192,168,771.79,237.48,109.09,91.37,0.8326,-1,-1,-1
192,170,1004.14,6.21,384.71,122.46,1.0000,-1,-1,-1
192,174,1157.52,469.16,39.66,40.93,1.0000,-1,-1,-1
192,175,1097.53,263.80,137.66,126.40,0.8118,-1,-1,-1
192,178,1160.01,719.63,67.50,78.94,1.0000,-1,-1,-1
192,180,1194.40,742.91,26.13,29.82,1.0000,-1,-1,-1
192,181,1063.08,551.89,110.85,163.61,0.6736,-1,-1,-1
192,184,1144.00,729.47,49.22,49.59,0.5247,-1,-1,-1
192,186,1328.63,0.77,166.28,39.54,0.7437,-1,-1,-1
193,3,1086.87,352.41,157.24,144.32,1.0000,-1,-1,-1
193,6,1636.61,623.58,77.94,71.03,0.3599,-1,-1,-1
193,38,1253.85,621.50,70.70,66.59,0.3385,-1,-1,-1
193,62,1125.55,218.32,68.87,62.65,1.0000,-1,-1,-1
193,65,1103.11,-13.30,239.56,155.97,1.0000,-1,-1,-1
193,70,1162.26,646.92,135.10,112.28,1.0000,-1,-1,-1
193,73,1218.35,139.16,76.43,67.28,0.8749,-1,-1,-1
193,88,1102.39,749.74,63.82,58.71,1.0000,-1,-1,-1
193,107,448.75,305.95,66.04,62.82,0.6067,-1,-1,-1
193,130,1048.79,806.97,53.74,51.87,1.0000,-1,-1,-1
193,136,1156.86,436.21,62.37,56.24,0.0866,-1,-1,-1
193,152,1234.08,1048.67,75.74,34.15,1.0000,-1,-1,-1
193,156,926.10,613.68,48.03,49.53,0.0447,-1,-1,-1
193,157,1631.91,724.65,100.18,101.08,0.4083,-1,-1,-1
193,164,1052.38,1073.25,180.58,172.74,1.0000,-1,-1,-1
193,168,769.41,248.89,109.83,92.95,0.8832,-1,-1,-1
193,170,998.98,6.42,395.06,125.76,1.0000,-1,-1,-1
193,174,1157.18,472.93,39.87,41.14,1.0000,-1,-1,-1
193,175,1097.84,254.49,137.13,126.41,0.8387,-1,-1,-1
193,178,1158.79,719.99,70.75,82.74,1.0000,-1,-1,-1
193,180,1194.65,744.42,25.13,28.69,1.0000,-1,-1,-1
193,181,1053.84,578.76,117.25,167.87,0.0338,-1,-1,-1
193,184,1141.24,721.69,55.93,57.39,0.0163,-1,-1,-1
193,186,1302.90,0.90,227.49,55.36,0.8114,-1,-1,-1
194,3,1085.03,363.34,158.80,145.76,1.0000,-1,-1,-1
194,6,1635.95,636.88,78.57,72.35,0.5219,-1,-1,-1
194,38,1253.47,634.86,71.75,67.68,0.0761,-1,-1,-1
194,62,1124.87,223.97,69.64,63.35,1.0000,-1,-1,-1
194,65,1102.04,-13.88,243.36,158.44,1.0000,-1,-1,-1
194,70,1164.96,649.49,130.54,108.49,1.0000,-1,-1,-1
194,73,1220.17,146.13,75.63,66.78,0.8632,-1,-1,-1
194,88,1100.90,757.73,63.39,58.32,1.0000,-1,-1,-1
194,107,446.45,311.60,65.46,62.22,0.7561,-1,-1,-1
194,130,1047.05,816.15,53.49,51.62,1.0000,-1,-1,-1
194,136,1155.97,445.27,62.52,56.38,1.0000,-1,-1,-1
194,152,1234.47,1048.92,75.46,34.02,1.0000,-1,-1,-1
194,156,924.38,621.49,49.49,50.43,0.2202,-1,-1,-1
194,157,1634.95,746.97,94.27,94.00,0.5852,-1,-1,-1
194,164,1048.50,1094.02,181.45,173.58,1.0000,-1,-1,-1
194,168,766.49,263.05,108.35,92.42,0.8871,-1,-1,-1
194,170,993.81,6.64,405.42,129.06,1.0000,-1,-1,-1
194,174,1156.83,476.70,40.07,41.35,1.0000,-1,-1,-1
194,175,1097.90,245.95,136.42,126.40,0.7140,-1,-1,-1
194,178,1157.56,720.36,73.99,86.53,1.0000,-1,-1,-1
194,180,1194.90,745.92,24.14,27.55,1.0000,-1,-1,-1
194,181,1041.48,598.72,126.12,175.30,0.1438,-1,-1,-1
194,184,1141.11,720.97,57.98,59.49,1.0000,-1,-1,-1
194,186,1275.27,0.83,293.13,73.57,0.8692,-1,-1,-1
195,3,1083.20,374.28,160.37,147.19,1.0000,-1,-1,-1
195,6,1636.93,651.56,76.95,71.42,0.2229,-1,-1,-1
195,38,1254.46,649.55,71.31,67.57,0.1560,-1,-1,-1
195,62,1124.18,229.61,70.41,64.05,1.0000,-1,-1,-1
195,65,1100.97,-14.46,247.16,160.91,1.0000,-1,-1,-1
195,70,1167.66,652.07,125.99,104.70,1.0000,-1,-1,-1
195,73,1221.52,153.21,74.74,65.62,0.8878,-1,-1,-1
195,88,1099.41,765.72,62.96,57.93,1.0000,-1,-1,-1
195,107,444.17,318.84,63.90,60.94,0.7246,-1,-1,-1
195,130,1045.32,825.32,53.23,51.38,1.0000,-1,-1,-1
195,136,1155.09,454.33,62.67,56.51,1.0000,-1,-1,-1
195,152,1234.86,1049.18,75.18,33.89,1.0000,-1,-1,-1
195,156,921.16,628.61,51.89,52.13,0.0546,-1,-1,-1
195,157,1632.70,748.51,96.20,95.78,0.4623,-1,-1,-1
195,164,1044.63,1114.80,182.33,174.42,1.0000,-1,-1,-1
195,168,763.26,276.99,106.16,91.64,0.8872,-1,-1,-1
195,170,988.65,6.85,415.78,132.35,1.0000,-1,-1,-1
195,174,1156.48,480.46,40.28,41.57,1.0000,-1,-1,-1
195,175,1098.40,239.19,134.55,124.99,0.8237,-1,-1,-1
195,178,1156.34,720.73,77.23,90.32,1.0000,-1,-1,-1
195,180,1195.15,747.42,23.15,26.42,1.0000,-1,-1,-1
195,181,1031.13,630.62,126.86,170.93,0.3958,-1,-1,-1
195,184,1140.98,720.24,60.02,61.60,1.0000,-1,-1,-1
195,186,1252.91,0.44,348.66,90.91,0.8516,-1,-1,-1
196,3,1081.37,385.21,161.93,148.63,1.0000,-1,-1,-1
196,6,1639.39,665.59,74.42,69.32,0.6248,-1,-1,-1
196,38,1253.19,664.09,72.18,68.81,0.6242,-1,-1,-1
196,62,1123.49,235.26,71.18,64.76,1.0000,-1,-1,-1
196,65,1099.90,-15.03,250.96,163.38,1.0000,-1,-1,-1
196,70,1170.36,654.65,121.43,100.90,1.0000,-1,-1,-1
196,73,1221.20,157.58,77.93,68.20,0.8802,-1,-1,-1
196,88,1097.91,773.70,62.54,57.54,1.0000,-1,-1,-1
196,107,440.70,326.82,64.91,62.21,0.6758,-1,-1,-1
196,130,1043.58,834.50,52.98,51.13,1.0000,-1,-1,-1
196,136,1154.20,463.39,62.82,56.65,1.0000,-1,-1,-1
196,152,1235.26,1049.44,74.89,33.76,1.0000,-1,-1,-1
196,156,918.97,636.64,52.25,52.49,1.0000,-1,-1,-1
196,157,1629.02,736.47,99.44,99.54,0.3279,-1,-1,-1
196,164,1040.75,1135.58,183.20,175.25,1.0000,-1,-1,-1
196,168,758.74,291.54,106.76,93.28,0.8081,-1,-1,-1
196,170,983.49,7.07,426.13,135.65,1.0000,-1,-1,-1
196,174,1156.14,484.23,40.48,41.78,1.0000,-1,-1,-1
196,175,1097.59,228.99,135.92,126.93,0.8082,-1,-1,-1
196,178,1155.12,721.10,80.48,94.11,1.0000,-1,-1,-1
196,180,1195.40,748.92,22.15,25.29,1.0000,-1,-1,-1
196,181,1018.13,662.50,130.93,171.74,0.4540,-1,-1,-1
196,184,1140.85,719.52,62.07,63.70,1.0000,-1,-1,-1
196,186,1239.96,0.55,380.74,99.27,1.0000,-1,-1,-1
197,3,1079.54,396.15,163.50,150.07,1.0000,-1,-1,-1
197,6,1647.04,681.64,57.75,51.39,0.1288,-1,-1,-1
197,38,1253.11,678.45,69.60,66.21,0.7313,-1,-1,-1
197,62,1122.81,240.90,71.95,65.46,1.0000,-1,-1,-1
197,65,1098.83,-15.61,254.75,165.86,1.0000,-1,-1,-1
197,70,1173.06,657.23,116.87,97.11,1.0000,-1,-1,-1
197,73,1220.67,164.55,79.22,69.35,0.8056,-1,-1,-1
197,88,1096.42,781.69,62.11,57.14,1.0000,-1,-1,-1
197,107,437.21,334.53,64.10,61.70,0.6420,-1,-1,-1
197,130,1041.85,843.68,52.73,50.89,1.0000,-1,-1,-1
197,136,1153.31,472.45,62.97,56.78,1.0000,-1,-1,-1
197,152,1235.65,1049.69,74.61,33.64,1.0000,-1,-1,-1
197,156,919.83,648.30,48.79,49.15,0.0212,-1,-1,-1
197,157,1629.40,723.82,95.59,95.74,0.2446,-1,-1,-1
197,164,1036.87,1156.36,184.08,176.09,1.0000,-1,-1,-1
197,168,754.06,306.19,106.13,93.27,0.8483,-1,-1,-1
197,174,1155.79,488.00,40.68,41.99,1.0000,-1,-1,-1
197,175,1098.53,222.15,135.03,126.65,0.8337,-1,-1,-1
197,178,1153.90,721.47,83.72,97.91,1.0000,-1,-1,-1
197,180,1195.65,750.43,21.16,24.15,1.0000,-1,-1,-1
197,181,1003.36,690.13,139.71,179.42,0.2863,-1,-1,-1
197,184,1140.72,718.80,64.12,65.80,1.0000,-1,-1,-1
197,186,1227.00,0.67,412.82,107.64,1.0000,-1,-1,-1