2,1,231.58,133.23,64.50,164.76,0.8547,-1,-1,-1
2,2,480.16,4.25,303.91,525.70,0.7867,-1,-1,-1
2,3,312.25,157.94,241.31,141.02,0.7733,-1,-1,-1
2,7,737.76,91.85,305.04,227.55,0.3599,-1,-1,-1
3,1,236.87,132.50,64.65,165.06,0.8404,-1,-1,-1
3,2,476.73,4.02,300.90,520.25,0.6826,-1,-1,-1
3,3,311.02,158.49,240.09,140.59,0.8212,-1,-1,-1
3,7,741.08,93.08,304.41,226.64,0.4503,-1,-1,-1
4,1,236.75,132.32,65.81,167.80,0.8429,-1,-1,-1
4,2,472.46,4.99,297.21,513.07,0.7926,-1,-1,-1
4,3,304.13,159.61,239.48,141.12,0.8279,-1,-1,-1
4,7,739.23,93.79,306.27,227.50,0.3662,-1,-1,-1
5,1,236.37,133.13,66.86,170.23,0.8146,-1,-1,-1
5,2,461.07,4.59,294.75,507.64,0.5729,-1,-1,-1
5,3,297.94,161.47,235.29,140.24,0.6990,-1,-1,-1
5,7,739.70,96.00,305.67,227.06,1.0000,-1,-1,-1
6,1,237.15,129.94,67.27,171.08,0.8162,-1,-1,-1
6,2,453.60,3.76,290.65,498.27,0.7554,-1,-1,-1
6,3,290.69,159.77,232.10,140.68,0.7902,-1,-1,-1
6,7,740.16,98.21,305.08,226.61,1.0000,-1,-1,-1
7,1,238.94,128.66,67.36,171.15,0.8004,-1,-1,-1
7,2,445.31,2.62,289.92,493.84,0.6396,-1,-1,-1
7,3,282.63,160.88,224.56,139.42,0.8466,-1,-1,-1
7,7,740.62,100.42,304.48,226.17,1.0000,-1,-1,-1
8,1,246.83,124.22,67.60,172.20,0.7399,-1,-1,-1
8,2,434.73,1.73,289.53,487.18,0.6916,-1,-1,-1
8,3,280.26,158.21,214.99,137.86,0.6824,-1,-1,-1
8,7,741.08,102.63,303.88,225.73,1.0000,-1,-1,-1
9,1,256.90,116.31,68.25,174.24,0.6487,-1,-1,-1
9,2,418.99,2.02,294.43,485.52,0.6576,-1,-1,-1
9,3,280.08,153.02,207.47,138.56,0.7744,-1,-1,-1
9,7,741.54,104.83,303.28,225.28,1.0000,-1,-1,-1
10,1,260.50,121.28,69.17,176.42,0.7227,-1,-1,-1
10,2,395.79,1.51,303.76,488.82,0.3528,-1,-1,-1
10,3,277.55,160.51,193.63,135.97,0.3634,-1,-1,-1
10,7,742.00,107.04,302.69,224.84,1.0000,-1,-1,-1
11,1,262.30,130.25,69.98,178.25,0.7188,-1,-1,-1
11,2,374.63,3.15,315.83,494.14,0.5195,-1,-1,-1
11,3,271.45,161.34,192.72,135.34,1.0000,-1,-1,-1
11,7,742.46,109.25,302.09,224.39,1.0000,-1,-1,-1
11,18,500.34,192.10,67.03,109.21,0.6979,-1,-1,-1
12,1,267.63,135.14,70.71,179.66,0.6917,-1,-1,-1
12,2,361.70,4.77,328.53,499.69,0.6405,-1,-1,-1
12,3,265.35,162.17,191.81,134.70,1.0000,-1,-1,-1
12,7,724.74,100.19,319.70,233.79,0.5670,-1,-1,-1
12,18,488.13,186.01,75.56,120.72,0.6879,-1,-1,-1
13,1,274.83,137.90,71.23,181.62,0.4895,-1,-1,-1
13,2,356.22,4.39,341.09,505.93,0.6548,-1,-1,-1
13,3,259.25,163.00,190.90,134.06,1.0000,-1,-1,-1
13,7,723.03,101.91,326.10,234.77,0.5297,-1,-1,-1
13,18,483.30,185.74,80.66,125.37,0.7117,-1,-1,-1
14,1,285.05,134.38,71.14,182.24,0.5733,-1,-1,-1
14,2,357.31,4.42,348.18,503.81,0.5757,-1,-1,-1
14,3,253.15,163.84,189.99,133.42,1.0000,-1,-1,-1
14,7,723.43,104.51,329.86,233.40,0.4754,-1,-1,-1
14,18,482.81,181.22,86.48,129.95,0.8011,-1,-1,-1
15,1,297.29,132.00,71.13,183.04,0.6009,-1,-1,-1
15,2,361.29,4.84,355.61,503.18,0.3536,-1,-1,-1
15,3,247.05,164.67,189.08,132.78,1.0000,-1,-1,-1
15,7,724.75,109.14,333.67,231.54,0.3844,-1,-1,-1
15,18,483.43,180.22,91.04,131.50,0.7712,-1,-1,-1
16,1,303.66,134.74,69.42,183.86,0.5822,-1,-1,-1
16,2,362.70,3.83,365.87,508.05,0.3794,-1,-1,-1
16,3,240.94,165.50,188.17,132.14,1.0000,-1,-1,-1
16,7,723.07,112.68,341.14,232.20,0.4052,-1,-1,-1
16,18,480.50,181.01,96.04,133.16,0.7212,-1,-1,-1
17,1,309.06,135.27,69.91,185.16,1.0000,-1,-1,-1
17,2,358.34,3.83,365.97,508.18,1.0000,-1,-1,-1
17,3,234.84,166.33,187.26,131.51,1.0000,-1,-1,-1
17,7,719.19,115.21,347.95,231.99,0.5113,-1,-1,-1
17,18,478.28,181.84,101.34,133.85,0.7623,-1,-1,-1
18,1,314.47,135.79,70.39,186.46,1.0000,-1,-1,-1
18,2,364.84,4.20,374.34,508.88,0.6699,-1,-1,-1
18,3,228.74,167.17,186.35,130.87,1.0000,-1,-1,-1
18,7,717.14,118.04,354.38,231.35,0.5700,-1,-1,-1
18,18,474.97,183.29,105.64,133.64,0.7794,-1,-1,-1
19,1,319.88,136.32,70.88,187.75,1.0000,-1,-1,-1
19,2,363.32,3.65,381.54,508.69,0.5369,-1,-1,-1
19,3,222.64,168.00,185.44,130.23,1.0000,-1,-1,-1
19,7,718.06,119.36,360.99,231.02,0.5405,-1,-1,-1
19,18,474.54,185.03,108.81,132.60,0.8362,-1,-1,-1
20,1,325.28,136.84,71.37,189.05,1.0000,-1,-1,-1
20,2,357.28,3.66,388.42,510.25,0.7235,-1,-1,-1
20,3,216.54,168.83,184.54,129.59,1.0000,-1,-1,-1
20,7,715.81,121.23,368.25,230.92,0.4848,-1,-1,-1
20,18,473.91,187.32,110.42,131.30,0.8416,-1,-1,-1
21,1,330.69,137.37,71.86,190.34,1.0000,-1,-1,-1
21,2,347.65,3.06,394.14,514.75,0.7571,-1,-1,-1
21,3,210.43,169.66,183.63,128.95,1.0000,-1,-1,-1
21,7,715.39,125.61,371.63,227.56,0.4402,-1,-1,-1
21,18,475.61,189.34,112.31,131.37,0.8247,-1,-1,-1
22,1,336.10,137.89,72.35,191.64,1.0000,-1,-1,-1
22,2,335.54,2.68,396.99,518.78,0.6499,-1,-1,-1
22,3,204.33,170.50,182.72,128.31,1.0000,-1,-1,-1
22,7,712.04,129.54,380.24,227.44,0.3514,-1,-1,-1
22,18,479.64,196.56,109.73,127.26,0.7502,-1,-1,-1
23,1,341.50,138.42,72.84,192.93,1.0000,-1,-1,-1
23,2,325.10,3.16,394.79,520.65,0.5577,-1,-1,-1
23,3,198.23,171.33,181.81,127.68,1.0000,-1,-1,-1
23,7,712.16,132.08,389.45,227.90,0.4817,-1,-1,-1
23,18,482.52,201.00,108.52,127.54,0.5871,-1,-1,-1
24,1,346.91,138.94,73.33,194.23,1.0000,-1,-1,-1
24,2,316.66,3.46,393.23,528.69,0.8596,-1,-1,-1
24,3,192.13,172.16,180.90,127.04,1.0000,-1,-1,-1
24,7,716.58,136.72,397.54,228.39,0.4807,-1,-1,-1
24,18,481.62,202.07,109.85,129.10,1.0000,-1,-1,-1
25,1,352.32,139.47,73.82,195.52,1.0000,-1,-1,-1
25,2,328.23,3.52,384.48,528.47,0.9130,-1,-1,-1
25,3,186.03,172.99,179.99,126.40,1.0000,-1,-1,-1
25,7,735.50,132.67,407.76,230.51,0.4464,-1,-1,-1
25,18,480.71,203.14,111.18,130.66,1.0000,-1,-1,-1
26,1,357.73,139.99,74.31,196.82,1.0000,-1,-1,-1
26,2,354.19,4.39,377.98,532.26,0.8875,-1,-1,-1
26,3,179.93,173.83,179.08,125.76,1.0000,-1,-1,-1
26,7,760.36,140.28,410.03,228.23,0.3917,-1,-1,-1
26,18,479.81,204.22,112.51,132.22,1.0000,-1,-1,-1
27,1,363.13,140.52,74.80,198.12,1.0000,-1,-1,-1
27,2,373.61,4.05,375.54,542.37,0.7968,-1,-1,-1
27,3,173.82,174.66,178.17,125.12,1.0000,-1,-1,-1
27,7,780.34,145.01,415.67,228.35,0.3958,-1,-1,-1
27,18,478.90,205.29,113.83,133.78,1.0000,-1,-1,-1
28,1,368.54,141.04,75.29,199.41,1.0000,-1,-1,-1
28,2,405.80,3.70,365.90,541.79,0.8427,-1,-1,-1
28,3,167.72,175.49,177.26,124.48,1.0000,-1,-1,-1
28,7,805.82,137.63,425.45,231.47,0.3371,-1,-1,-1
28,18,478.00,206.36,115.16,135.34,1.0000,-1,-1,-1
28,31,694.92,243.20,78.11,87.90,0.5030,-1,-1,-1
29,1,373.95,141.56,75.77,200.71,1.0000,-1,-1,-1
29,2,433.23,3.97,360.56,546.87,0.7170,-1,-1,-1
29,3,161.62,176.32,176.35,123.85,1.0000,-1,-1,-1
29,7,816.77,139.32,425.84,231.68,1.0000,-1,-1,-1
29,18,477.10,207.43,116.49,136.90,1.0000,-1,-1,-1
29,31,723.15,241.35,78.32,87.75,0.3737,-1,-1,-1
30,1,379.35,142.09,76.26,202.00,1.0000,-1,-1,-1
30,2,452.24,4.58,350.26,544.11,0.7654,-1,-1,-1
30,3,155.52,177.16,175.44,123.21,1.0000,-1,-1,-1
30,7,844.03,125.98,430.29,231.44,0.4536,-1,-1,-1
30,18,476.19,208.50,117.81,138.46,1.0000,-1,-1,-1
30,31,735.00,234.41,76.55,85.33,0.6555,-1,-1,-1
30,34,1025.47,675.28,127.82,110.47,0.6162,-1,-1,-1
31,1,384.76,142.61,76.75,203.30,1.0000,-1,-1,-1
31,2,473.82,5.15,335.16,531.61,0.8229,-1,-1,-1
31,3,149.42,177.99,174.54,122.57,1.0000,-1,-1,-1
31,7,856.94,126.10,430.59,231.61,1.0000,-1,-1,-1
31,18,475.29,209.57,119.14,140.02,1.0000,-1,-1,-1
31,31,748.11,215.59,76.92,85.16,0.6409,-1,-1,-1
31,34,1039.01,662.76,127.01,109.73,0.5328,-1,-1,-1
31,35,1225.65,677.34,132.47,116.06,0.6217,-1,-1,-1
31,36,953.27,688.75,112.72,130.57,0.6051,-1,-1,-1
32,1,390.17,143.14,77.24,204.59,1.0000,-1,-1,-1
32,2,501.17,4.79,312.78,502.24,0.8502,-1,-1,-1
32,3,143.31,178.82,173.63,121.93,1.0000,-1,-1,-1
32,7,869.85,126.21,430.89,231.77,1.0000,-1,-1,-1
32,18,474.38,210.64,120.47,141.58,1.0000,-1,-1,-1
32,31,763.66,174.72,83.76,93.49,0.4350,-1,-1,-1
32,34,1051.15,642.53,125.80,108.79,0.5947,-1,-1,-1
32,35,1236.97,652.26,133.46,116.94,0.4997,-1,-1,-1
32,36,982.22,679.87,97.50,112.43,0.5913,-1,-1,-1
32,37,869.48,647.77,101.47,107.50,0.4572,-1,-1,-1
32,38,686.75,573.82,80.63,99.31,0.6327,-1,-1,-1
32,40,713.19,624.70,104.71,117.55,0.6228,-1,-1,-1
32,41,426.47,560.19,82.54,97.95,0.6431,-1,-1,-1
33,1,395.57,143.66,77.73,205.89,1.0000,-1,-1,-1
33,2,537.55,4.61,282.43,456.28,0.8294,-1,-1,-1
33,3,137.21,179.65,172.72,121.29,1.0000,-1,-1,-1
33,7,882.75,126.33,431.20,231.93,1.0000,-1,-1,-1
33,18,473.48,211.72,121.79,143.14,1.0000,-1,-1,-1
33,31,782.17,126.72,85.24,96.02,0.5454,-1,-1,-1
33,34,1056.30,610.66,121.74,105.56,0.6085,-1,-1,-1
33,35,1249.99,611.57,130.33,114.19,0.5733,-1,-1,-1
33,36,992.79,621.58,101.76,117.62,0.7568,-1,-1,-1
33,37,888.97,649.64,94.21,99.81,1.0000,-1,-1,-1
33,38,691.67,532.40,75.23,92.78,0.3271,-1,-1,-1
33,40,728.44,577.19,104.77,117.83,0.5980,-1,-1,-1
33,41,449.21,514.08,81.21,96.74,0.6778,-1,-1,-1
33,42,579.78,554.15,109.28,116.08,0.6457,-1,-1,-1
34,1,400.98,144.19,78.22,207.18,1.0000,-1,-1,-1
34,2,567.95,4.18,259.77,421.50,0.7363,-1,-1,-1
34,3,131.11,180.49,171.81,120.66,1.0000,-1,-1,-1
34,7,895.66,126.44,431.50,232.10,1.0000,-1,-1,-1
34,18,472.58,212.79,123.12,144.70,1.0000,-1,-1,-1
34,31,800.24,91.38,82.46,93.40,0.4346,-1,-1,-1
34,34,1055.02,603.63,125.30,109.15,0.5986,-1,-1,-1
34,35,1245.83,598.13,136.70,120.11,0.6121,-1,-1,-1
34,36,998.69,600.81,101.49,117.70,0.5002,-1,-1,-1
34,37,908.47,651.51,86.95,92.12,1.0000,-1,-1,-1
34,38,694.06,512.16,72.25,88.69,0.3677,-1,-1,-1
34,40,741.60,560.13,100.05,112.68,0.4796,-1,-1,-1
34,41,461.54,484.77,82.29,98.17,0.4501,-1,-1,-1
34,42,592.54,531.37,105.99,113.28,0.3445,-1,-1,-1
34,44,535.86,501.45,72.33,92.46,0.4420,-1,-1,-1
34,45,877.64,583.78,115.33,126.93,0.3965,-1,-1,-1
35,1,406.39,144.71,78.71,208.48,1.0000,-1,-1,-1
35,2,584.74,3.89,247.90,402.69,0.7844,-1,-1,-1
35,3,125.01,181.32,170.90,120.02,1.0000,-1,-1,-1
35,7,908.56,126.56,431.81,232.26,1.0000,-1,-1,-1
35,18,471.67,213.86,124.45,146.26,1.0000,-1,-1,-1
35,31,806.74,57.23,93.52,108.05,0.4803,-1,-1,-1
35,34,1053.21,606.18,129.63,114.33,0.4626,-1,-1,-1
35,35,1250.24,605.37,133.62,117.70,0.4062,-1,-1,-1
35,36,1011.49,578.03,99.68,115.60,1.0000,-1,-1,-1
35,37,927.96,653.38,79.69,84.42,1.0000,-1,-1,-1
35,38,692.53,509.24,78.30,95.82,0.5408,-1,-1,-1
35,40,753.07,551.36,103.29,117.18,0.5863,-1,-1,-1
35,41,472.82,476.03,82.95,98.57,0.4944,-1,-1,-1
35,42,600.69,525.72,102.89,110.37,0.4726,-1,-1,-1
35,44,546.59,492.03,68.64,87.21,0.3619,-1,-1,-1
35,45,887.05,583.89,116.62,128.35,1.0000,-1,-1,-1
36,1,411.80,145.24,79.20,209.78,1.0000,-1,-1,-1
36,2,608.37,3.33,235.34,381.65,0.8746,-1,-1,-1
36,3,118.91,182.15,169.99,119.38,1.0000,-1,-1,-1
36,7,921.47,126.67,432.11,232.42,1.0000,-1,-1,-1
36,18,470.77,214.93,125.77,147.81,1.0000,-1,-1,-1
36,31,826.18,37.08,89.48,104.45,0.5891,-1,-1,-1
36,34,1062.00,604.69,129.56,116.86,0.6150,-1,-1,-1
36,35,1255.07,601.96,138.27,122.31,0.4813,-1,-1,-1
36,36,1024.30,555.24,97.87,113.50,1.0000,-1,-1,-1
36,37,947.45,655.25,72.42,76.73,1.0000,-1,-1,-1
36,38,700.30,503.62,84.90,103.70,0.6428,-1,-1,-1
36,40,772.61,538.53,104.48,119.99,0.4671,-1,-1,-1
36,41,493.36,469.22,82.81,98.02,0.5116,-1,-1,-1
36,42,614.64,515.11,101.25,109.03,0.6370,-1,-1,-1
36,44,562.64,479.31,64.81,82.19,0.4393,-1,-1,-1
36,45,896.46,584.01,117.91,129.76,1.0000,-1,-1,-1
37,1,417.20,145.76,79.69,211.07,1.0000,-1,-1,-1
37,2,611.00,2.95,230.89,368.75,0.8369,-1,-1,-1
37,3,112.80,182.98,169.08,118.74,1.0000,-1,-1,-1
37,7,934.38,126.79,432.42,232.59,1.0000,-1,-1,-1
37,18,469.86,216.00,127.10,149.37,1.0000,-1,-1,-1
37,31,841.73,32.74,81.74,94.87,0.6320,-1,-1,-1
37,34,1069.17,611.34,127.09,116.90,0.4819,-1,-1,-1
37,35,1256.12,613.75,138.27,122.88,0.4482,-1,-1,-1
37,36,1037.10,532.45,96.05,111.39,1.0000,-1,-1,-1
37,37,966.95,657.12,65.16,69.03,1.0000,-1,-1,-1
37,38,701.76,501.33,90.95,111.26,0.5183,-1,-1,-1
37,40,785.43,520.73,104.74,120.29,1.0000,-1,-1,-1
37,41,501.41,465.77,83.23,98.09,0.4183,-1,-1,-1
37,42,615.91,512.78,99.39,107.90,0.4231,-1,-1,-1
37,44,571.48,476.77,63.75,80.68,0.4224,-1,-1,-1
37,45,905.87,584.12,119.19,131.18,1.0000,-1,-1,-1
38,1,422.61,146.29,80.18,212.37,1.0000,-1,-1,-1
38,2,610.07,2.38,232.91,361.93,0.8750,-1,-1,-1
38,3,106.70,183.82,168.17,118.10,1.0000,-1,-1,-1
38,7,947.28,126.90,432.72,232.75,1.0000,-1,-1,-1
38,18,468.96,217.07,128.43,150.93,1.0000,-1,-1,-1
38,31,851.56,5.13,92.94,109.65,0.4647,-1,-1,-1
38,34,1084.64,619.38,128.06,120.71,0.5359,-1,-1,-1
38,35,1258.97,627.86,133.27,119.03,0.5672,-1,-1,-1
38,36,1049.90,509.67,94.24,109.29,1.0000,-1,-1,-1
38,37,986.44,658.99,57.90,61.34,1.0000,-1,-1,-1
38,38,710.30,501.01,95.37,117.23,0.6415,-1,-1,-1
38,40,798.26,502.93,105.00,120.59,1.0000,-1,-1,-1
38,41,519.57,466.34,82.26,95.90,0.6880,-1,-1,-1
38,42,623.81,513.56,97.89,107.50,0.6468,-1,-1,-1
38,44,582.32,475.77,64.79,82.54,0.7415,-1,-1,-1
38,45,915.27,584.24,120.48,132.59,1.0000,-1,-1,-1
38,47,932.12,610.89,89.57,110.85,0.5797,-1,-1,-1
38,48,1022.52,613.15,81.72,113.90,0.5352,-1,-1,-1
38,49,876.51,550.93,92.71,106.68,0.5035,-1,-1,-1
39,1,428.02,146.81,80.67,213.66,1.0000,-1,-1,-1
39,2,608.62,2.33,237.66,354.80,0.9114,-1,-1,-1
39,3,100.60,184.65,167.26,117.46,1.0000,-1,-1,-1
39,7,960.19,127.02,433.03,232.91,1.0000,-1,-1,-1
39,18,468.06,218.14,129.76,152.49,1.0000,-1,-1,-1
39,31,867.35,-4.13,87.39,103.02,0.6321,-1,-1,-1
39,34,1090.64,614.93,129.33,121.90,1.0000,-1,-1,-1
39,35,1258.07,639.96,128.48,115.44,0.5401,-1,-1,-1
39,36,1062.71,486.88,92.42,107.19,1.0000,-1,-1,-1
39,37,1005.93,660.86,50.64,53.65,1.0000,-1,-1,-1
39,38,719.14,500.26,97.00,120.45,0.6045,-1,-1,-1
39,40,811.09,485.13,105.26,120.89,1.0000,-1,-1,-1
39,41,532.25,462.62,84.30,97.65,0.4099,-1,-1,-1
39,42,634.42,513.11,95.94,106.27,0.5840,-1,-1,-1
39,44,596.09,470.97,68.39,87.06,0.4406,-1,-1,-1
39,45,924.68,584.36,121.76,134.00,1.0000,-1,-1,-1
39,47,941.95,608.80,83.63,103.19,0.6073,-1,-1,-1
39,48,1032.06,616.31,85.03,118.22,0.4428,-1,-1,-1
39,49,884.02,548.38,96.71,111.68,0.4402,-1,-1,-1
40,1,433.42,147.34,81.15,214.96,1.0000,-1,-1,-1
40,2,606.18,3.14,246.03,350.10,0.8273,-1,-1,-1
40,3,94.50,185.48,166.35,116.83,1.0000,-1,-1,-1
40,7,973.09,127.13,433.33,233.08,1.0000,-1,-1,-1
40,18,467.15,219.22,131.08,154.05,1.0000,-1,-1,-1
40,31,887.54,-6.63,79.69,92.45,0.6864,-1,-1,-1
40,34,1096.63,610.48,130.59,123.09,1.0000,-1,-1,-1
40,35,1247.29,648.32,132.83,121.12,0.6693,-1,-1,-1
40,36,1075.51,464.09,90.61,105.08,1.0000,-1,-1,-1
40,37,1025.43,662.74,43.37,45.95,1.0000,-1,-1,-1
40,38,729.50,505.56,95.73,119.91,0.4530,-1,-1,-1
40,40,823.92,467.32,105.52,121.19,1.0000,-1,-1,-1
40,41,544.30,460.71,83.62,96.52,0.4765,-1,-1,-1
40,42,647.22,515.83,84.29,93.16,0.3202,-1,-1,-1
40,44,611.28,469.09,70.72,90.48,0.4299,-1,-1,-1
40,45,934.09,584.47,123.05,135.42,1.0000,-1,-1,-1
40,47,945.10,613.85,78.13,95.56,0.5732,-1,-1,-1
40,48,1040.78,622.18,86.65,120.23,0.4367,-1,-1,-1
40,49,893.79,551.37,92.14,106.54,0.4109,-1,-1,-1
40,50,821.75,551.39,77.23,114.40,0.5755,-1,-1,-1
41,1,438.83,147.86,81.64,216.25,1.0000,-1,-1,-1
41,2,601.64,3.46,257.49,348.82,0.8256,-1,-1,-1
41,7,986.00,127.25,433.64,233.24,1.0000,-1,-1,-1
41,18,466.25,220.29,132.41,155.61,1.0000,-1,-1,-1
41,31,903.78,-5.58,72.66,81.68,0.7927,-1,-1,-1
41,34,1102.62,606.03,131.86,124.28,1.0000,-1,-1,-1
41,35,1250.41,663.41,115.14,103.99,0.4987,-1,-1,-1
41,36,1088.31,441.31,88.80,102.98,1.0000,-1,-1,-1
41,37,1044.92,664.61,36.11,38.26,1.0000,-1,-1,-1
41,38,737.27,509.96,91.90,116.10,0.5595,-1,-1,-1
41,40,836.74,449.52,105.78,121.49,1.0000,-1,-1,-1
41,41,551.73,460.12,84.20,97.28,0.5380,-1,-1,-1
41,42,649.34,514.61,83.34,92.10,0.4145,-1,-1,-1
41,44,621.55,471.05,75.93,98.88,0.3654,-1,-1,-1
41,45,943.50,584.59,124.33,136.83,1.0000,-1,-1,-1
41,47,942.80,624.58,76.55,92.46,0.6053,-1,-1,-1
41,48,1045.16,624.28,89.18,123.69,0.4666,-1,-1,-1
41,49,900.22,556.94,94.06,109.05,0.5580,-1,-1,-1
41,50,828.15,556.64,76.48,113.01,0.6487,-1,-1,-1
42,1,444.24,148.39,82.13,217.55,1.0000,-1,-1,-1
42,2,600.00,3.38,270.14,348.62,0.9158,-1,-1,-1
42,7,998.91,127.36,433.94,233.40,1.0000,-1,-1,-1
42,18,465.34,221.36,133.74,157.17,1.0000,-1,-1,-1
42,31,921.67,-5.54,65.46,71.57,0.5519,-1,-1,-1
42,34,1108.62,601.58,133.12,125.48,1.0000,-1,-1,-1
42,35,1241.50,663.70,116.75,105.90,0.3241,-1,-1,-1
42,36,1101.12,418.52,86.98,100.88,1.0000,-1,-1,-1
42,37,1064.41,666.48,28.85,30.56,1.0000,-1,-1,-1
42,38,745.80,511.24,84.23,106.61,0.4780,-1,-1,-1
42,40,849.57,431.72,106.04,121.79,1.0000,-1,-1,-1
42,41,560.18,460.42,86.13,99.70,0.6487,-1,-1,-1
42,42,636.29,486.67,110.19,124.60,0.3332,-1,-1,-1
42,44,632.34,465.21,77.08,100.38,1.0000,-1,-1,-1
42,45,952.91,584.70,125.62,138.25,1.0000,-1,-1,-1
42,47,946.38,631.00,71.72,85.35,0.4956,-1,-1,-1
42,48,1053.12,625.10,84.51,116.76,0.3253,-1,-1,-1
42,49,907.71,561.13,92.83,107.61,0.3683,-1,-1,-1
42,50,832.57,559.88,77.72,114.64,0.5679,-1,-1,-1
42,51,1029.78,3.20,476.25,153.29,0.3566,-1,-1,-1
42,52,1165.42,648.66,84.55,124.93,0.3997,-1,-1,-1
43,1,449.64,148.91,82.62,218.84,1.0000,-1,-1,-1
43,2,605.24,3.41,281.25,346.82,0.9143,-1,-1,-1
43,7,1011.81,127.48,434.25,233.57,1.0000,-1,-1,-1
43,18,464.44,222.43,135.06,158.73,1.0000,-1,-1,-1
43,31,941.83,-4.68,57.15,60.03,0.3831,-1,-1,-1
43,34,1114.61,597.13,134.39,126.67,1.0000,-1,-1,-1
43,35,1241.64,663.63,115.83,105.07,1.0000,-1,-1,-1
43,36,1113.92,395.74,85.17,98.77,1.0000,-1,-1,-1
43,37,1083.91,668.35,21.59,22.87,1.0000,-1,-1,-1
43,38,751.70,508.47,82.09,104.69,0.6607,-1,-1,-1
43,40,862.40,413.92,106.31,122.09,1.0000,-1,-1,-1
43,41,565.90,455.26,87.91,102.42,0.7511,-1,-1,-1
43,42,636.98,470.28,115.54,134.83,0.4271,-1,-1,-1
43,44,643.12,459.37,78.23,101.88,1.0000,-1,-1,-1
43,45,962.32,584.82,126.90,139.66,1.0000,-1,-1,-1
43,47,948.37,629.60,74.09,87.48,0.4720,-1,-1,-1
43,48,1059.34,628.28,85.00,117.43,1.0000,-1,-1,-1
43,49,910.87,556.90,97.59,113.44,0.3041,-1,-1,-1
43,50,838.82,561.08,77.64,114.12,0.5015,-1,-1,-1
43,51,1056.41,3.52,456.50,146.16,0.3697,-1,-1,-1
43,52,1171.80,651.28,83.07,122.74,1.0000,-1,-1,-1
44,1,455.05,149.44,83.11,220.14,1.0000,-1,-1,-1
44,2,612.20,3.63,290.14,343.80,0.9037,-1,-1,-1
44,7,1024.72,127.59,434.55,233.73,1.0000,-1,-1,-1
44,18,463.54,223.50,136.39,160.29,1.0000,-1,-1,-1
44,31,958.54,-16.08,53.74,56.45,1.0000,-1,-1,-1
44,34,1120.61,592.68,135.65,127.86,1.0000,-1,-1,-1
44,35,1241.78,663.55,114.91,104.23,1.0000,-1,-1,-1
44,36,1126.72,372.95,83.36,96.67,1.0000,-1,-1,-1
44,37,1103.40,670.22,14.32,15.18,1.0000,-1,-1,-1
44,38,754.22,503.80,81.80,104.63,0.5437,-1,-1,-1
44,40,875.22,396.12,106.57,122.39,1.0000,-1,-1,-1
44,41,570.58,451.65,86.99,101.42,0.5297,-1,-1,-1
44,42,641.60,460.24,118.56,138.35,1.0000,-1,-1,-1
44,44,653.91,453.52,79.38,103.38,1.0000,-1,-1,-1
44,45,971.73,584.94,128.19,141.08,1.0000,-1,-1,-1
44,47,938.74,614.23,85.67,101.20,0.4335,-1,-1,-1
44,48,1065.56,631.45,85.49,118.11,1.0000,-1,-1,-1
44,49,916.10,558.39,98.92,114.99,1.0000,-1,-1,-1
44,50,838.39,557.66,78.16,114.50,0.5061,-1,-1,-1
44,51,1080.62,2.85,454.40,144.50,0.3595,-1,-1,-1
44,52,1178.18,653.90,81.59,120.56,1.0000,-1,-1,-1
45,1,460.46,149.96,83.60,221.44,1.0000,-1,-1,-1
45,2,617.59,3.30,300.10,344.18,0.9241,-1,-1,-1
45,7,1037.63,127.71,434.86,233.89,1.0000,-1,-1,-1
45,18,462.63,224.57,137.72,161.85,1.0000,-1,-1,-1
45,31,975.24,-27.49,50.34,52.87,1.0000,-1,-1,-1
45,34,1126.60,588.23,136.92,129.05,1.0000,-1,-1,-1
45,35,1241.92,663.48,113.98,103.39,1.0000,-1,-1,-1
45,36,1139.53,350.16,81.54,94.57,1.0000,-1,-1,-1
45,37,1122.89,672.09,7.06,7.48,1.0000,-1,-1,-1
45,38,757.42,498.25,83.24,107.08,0.5820,-1,-1,-1
45,40,888.05,378.31,106.83,122.69,1.0000,-1,-1,-1
45,41,574.19,453.40,84.08,97.87,0.4476,-1,-1,-1
45,42,647.63,458.37,114.02,137.49,0.4579,-1,-1,-1
45,44,664.69,447.68,80.54,104.88,1.0000,-1,-1,-1
45,45,981.14,585.05,129.47,142.49,1.0000,-1,-1,-1
45,47,939.47,612.22,89.13,105.46,0.6484,-1,-1,-1
45,48,1071.78,634.63,85.98,118.78,1.0000,-1,-1,-1
45,49,907.77,555.34,89.16,104.40,0.4309,-1,-1,-1
45,50,838.84,554.24,75.25,109.52,0.4616,-1,-1,-1
45,51,1100.60,3.30,444.79,140.06,0.3600,-1,-1,-1
45,52,1184.57,656.52,80.11,118.37,1.0000,-1,-1,-1
46,1,465.87,150.48,84.09,222.73,1.0000,-1,-1,-1
46,2,624.79,3.18,307.12,342.35,0.9051,-1,-1,-1
46,7,1050.53,127.82,435.16,234.05,1.0000,-1,-1,-1
46,18,461.73,225.64,139.04,163.41,1.0000,-1,-1,-1
46,31,991.95,-38.89,46.93,49.29,1.0000,-1,-1,-1
46,34,1132.60,583.79,138.18,130.25,1.0000,-1,-1,-1
46,35,1242.06,663.41,113.06,102.56,1.0000,-1,-1,-1
46,36,1152.33,327.38,79.73,92.46,1.0000,-1,-1,-1
46,37,1142.39,673.96,-0.20,-0.21,1.0000,-1,-1,-1
46,38,762.64,493.96,83.68,108.22,0.5230,-1,-1,-1
46,40,900.88,360.51,107.09,122.99,1.0000,-1,-1,-1
46,41,577.90,455.12,83.66,97.06,0.4415,-1,-1,-1
46,42,654.88,457.94,100.04,122.96,0.3991,-1,-1,-1
46,44,675.48,441.84,81.69,106.38,1.0000,-1,-1,-1
46,45,990.55,585.17,130.76,143.91,1.0000,-1,-1,-1
46,47,946.81,611.93,84.40,99.13,0.5485,-1,-1,-1
46,48,1078.00,637.81,86.47,119.46,1.0000,-1,-1,-1
46,49,908.08,554.68,88.48,104.22,0.5113,-1,-1,-1
46,50,839.16,551.29,73.88,106.07,0.6169,-1,-1,-1
46,51,1121.45,3.36,432.43,136.16,1.0000,-1,-1,-1
46,52,1190.95,659.14,78.63,116.19,1.0000,-1,-1,-1
47,2,630.37,3.29,308.86,335.22,0.9048,-1,-1,-1
47,7,1063.44,127.94,435.47,234.22,1.0000,-1,-1,-1
47,18,460.82,226.72,140.37,164.97,1.0000,-1,-1,-1
47,31,1008.66,-50.29,43.52,45.71,1.0000,-1,-1,-1
47,34,1138.59,579.34,139.45,131.44,1.0000,-1,-1,-1
47,35,1242.20,663.33,112.14,101.72,1.0000,-1,-1,-1
47,36,1165.14,304.59,77.91,90.36,1.0000,-1,-1,-1
47,37,1161.88,675.83,-7.46,-7.91,1.0000,-1,-1,-1
47,38,768.19,488.41,84.13,108.80,1.0000,-1,-1,-1
47,40,913.71,342.71,107.35,123.29,1.0000,-1,-1,-1
47,41,577.40,453.08,83.71,97.06,0.3727,-1,-1,-1
47,42,659.67,449.38,101.34,124.56,1.0000,-1,-1,-1
47,44,686.26,436.00,82.84,107.88,1.0000,-1,-1,-1
47,45,999.96,585.29,132.04,145.32,1.0000,-1,-1,-1
47,47,945.00,610.24,84.00,97.87,0.4836,-1,-1,-1
47,48,1063.84,617.41,79.68,108.38,0.3965,-1,-1,-1
47,49,911.05,555.37,88.44,104.17,1.0000,-1,-1,-1
47,50,830.97,554.08,73.77,103.51,0.4651,-1,-1,-1
47,51,1142.30,3.42,420.06,132.27,1.0000,-1,-1,-1
47,52,1197.34,661.76,77.15,114.00,1.0000,-1,-1,-1
47,53,1266.99,678.46,109.90,136.75,0.5328,-1,-1,-1
47,54,1180.13,641.23,86.30,117.07,0.6792,-1,-1,-1
48,2,638.19,3.59,305.45,323.06,0.8685,-1,-1,-1
48,7,1076.34,128.05,435.77,234.38,1.0000,-1,-1,-1
48,18,459.92,227.79,141.70,166.53,1.0000,-1,-1,-1
48,31,1025.36,-61.69,40.11,42.12,1.0000,-1,-1,-1
48,34,1144.59,574.89,140.71,132.63,1.0000,-1,-1,-1
48,35,1242.34,663.26,111.22,100.88,1.0000,-1,-1,-1
48,36,1177.94,281.80,76.10,88.25,1.0000,-1,-1,-1
48,37,1181.37,677.70,-14.72,-15.60,1.0000,-1,-1,-1
48,38,773.74,482.87,84.58,109.38,1.0000,-1,-1,-1
48,40,926.53,324.91,107.61,123.59,1.0000,-1,-1,-1
48,41,585.77,448.01,83.60,96.93,1.0000,-1,-1,-1
48,42,664.46,440.82,102.65,126.16,1.0000,-1,-1,-1
48,44,697.05,430.15,83.99,109.38,1.0000,-1,-1,-1
48,45,1009.37,585.40,133.33,146.74,1.0000,-1,-1,-1
48,47,942.86,612.41,82.08,94.26,0.4032,-1,-1,-1
48,48,1067.89,617.99,79.22,107.75,1.0000,-1,-1,-1
48,49,914.02,556.06,88.41,104.13,1.0000,-1,-1,-1
48,50,828.55,560.39,75.53,104.13,0.3294,-1,-1,-1
48,51,1163.15,3.48,407.70,128.38,1.0000,-1,-1,-1
48,52,1203.72,664.37,75.67,111.81,1.0000,-1,-1,-1
48,53,1276.56,678.02,113.52,141.46,0.4255,-1,-1,-1
48,54,1181.52,639.22,85.12,115.46,1.0000,-1,-1,-1
49,2,641.05,4.00,305.18,316.34,0.8901,-1,-1,-1
49,7,1089.25,128.17,436.08,234.54,1.0000,-1,-1,-1
49,18,459.02,228.86,143.03,168.09,1.0000,-1,-1,-1
49,31,1042.07,-73.10,36.70,38.54,1.0000,-1,-1,-1
49,34,1150.58,570.44,141.98,133.82,1.0000,-1,-1,-1
49,35,1242.48,663.19,110.29,100.05,1.0000,-1,-1,-1
49,36,1190.74,259.02,74.29,86.15,1.0000,-1,-1,-1
49,37,1200.86,679.57,-21.99,-23.29,1.0000,-1,-1,-1
49,38,777.80,487.02,77.84,99.14,0.4382,-1,-1,-1
49,40,939.36,307.11,107.87,123.89,1.0000,-1,-1,-1
49,41,583.96,448.02,79.77,91.70,0.4714,-1,-1,-1
49,42,669.24,432.26,103.95,127.76,1.0000,-1,-1,-1
49,44,707.83,424.31,85.14,110.88,1.0000,-1,-1,-1
49,45,1018.77,585.52,134.62,148.15,1.0000,-1,-1,-1
49,47,940.68,608.65,83.98,96.21,0.5955,-1,-1,-1
49,48,1066.97,608.84,85.27,115.69,0.5699,-1,-1,-1
49,49,916.99,556.75,88.37,104.08,1.0000,-1,-1,-1
49,50,826.06,556.30,79.28,108.24,0.6600,-1,-1,-1
49,51,1184.00,3.54,395.34,124.49,1.0000,-1,-1,-1
49,52,1210.11,666.99,74.19,109.63,1.0000,-1,-1,-1
49,53,1288.86,679.40,110.93,138.67,0.4835,-1,-1,-1
49,54,1186.50,632.44,86.84,117.21,0.4152,-1,-1,-1
50,2,640.78,3.92,304.08,312.03,0.8953,-1,-1,-1
50,7,1102.16,128.28,436.38,234.71,1.0000,-1,-1,-1
50,18,458.11,229.93,144.35,169.64,1.0000,-1,-1,-1
50,31,1058.78,-84.50,33.29,34.96,1.0000,-1,-1,-1
50,34,1156.58,565.99,143.24,135.02,1.0000,-1,-1,-1
50,35,1242.62,663.12,109.37,99.21,1.0000,-1,-1,-1
50,36,1203.55,236.23,72.47,84.05,1.0000,-1,-1,-1
50,37,1220.36,681.44,-29.25,-30.99,1.0000,-1,-1,-1
50,38,783.26,482.47,77.43,98.62,1.0000,-1,-1,-1
50,40,952.19,289.30,108.13,124.19,1.0000,-1,-1,-1
50,41,591.25,443.52,79.17,91.01,1.0000,-1,-1,-1
50,42,674.03,423.70,105.25,129.36,1.0000,-1,-1,-1
50,44,718.61,418.47,86.29,112.38,1.0000,-1,-1,-1
50,45,1028.18,585.63,135.90,149.57,1.0000,-1,-1,-1
50,47,941.31,608.21,83.46,95.61,1.0000,-1,-1,-1
50,48,1070.43,608.23,85.58,116.11,1.0000,-1,-1,-1
50,49,919.97,557.43,88.33,104.03,1.0000,-1,-1,-1
50,50,819.61,549.19,84.59,114.42,0.4722,-1,-1,-1
50,51,1204.86,3.60,382.98,120.59,1.0000,-1,-1,-1
50,52,1216.49,669.61,72.72,107.44,1.0000,-1,-1,-1
50,53,1292.24,683.57,117.23,147.05,0.4139,-1,-1,-1
50,54,1188.95,629.11,86.34,116.52,1.0000,-1,-1,-1
51,2,634.04,4.27,297.89,306.07,0.8412,-1,-1,-1
51,7,1115.06,128.40,436.69,234.87,1.0000,-1,-1,-1
51,18,457.21,231.00,145.68,171.20,1.0000,-1,-1,-1
51,31,1075.48,-95.90,29.88,31.38,1.0000,-1,-1,-1
51,34,1162.57,561.54,144.51,136.21,1.0000,-1,-1,-1
51,35,1242.76,663.04,108.45,98.37,1.0000,-1,-1,-1
51,36,1216.35,213.44,70.66,81.94,1.0000,-1,-1,-1
51,37,1239.85,683.31,-36.51,-38.68,1.0000,-1,-1,-1
51,38,764.54,482.73,74.84,95.57,0.3978,-1,-1,-1
51,40,965.02,271.50,108.39,124.49,1.0000,-1,-1,-1
51,41,598.55,439.01,78.57,90.32,1.0000,-1,-1,-1
51,42,678.82,415.14,106.55,130.97,1.0000,-1,-1,-1
51,44,729.40,412.63,87.45,113.88,1.0000,-1,-1,-1
51,45,1037.59,585.75,137.19,150.98,1.0000,-1,-1,-1
51,47,941.94,607.78,82.94,95.01,1.0000,-1,-1,-1
51,48,1073.88,607.63,85.88,116.52,1.0000,-1,-1,-1
51,49,922.94,558.12,88.29,103.99,1.0000,-1,-1,-1
51,50,811.64,541.69,87.34,118.15,0.3411,-1,-1,-1
51,51,1225.71,3.66,370.61,116.70,1.0000,-1,-1,-1
51,52,1222.88,672.23,71.24,105.26,1.0000,-1,-1,-1
51,53,1301.24,689.07,117.93,149.41,0.3678,-1,-1,-1
51,54,1191.39,625.79,85.83,115.84,1.0000,-1,-1,-1
52,2,627.59,3.42,289.95,301.15,0.5888,-1,-1,-1
52,7,1127.97,128.51,436.99,235.03,1.0000,-1,-1,-1
52,18,456.30,232.07,147.01,172.76,1.0000,-1,-1,-1
52,31,1092.19,-107.31,26.47,27.80,1.0000,-1,-1,-1
52,34,1168.57,557.09,145.77,137.40,1.0000,-1,-1,-1
52,35,1242.90,662.97,107.53,97.53,1.0000,-1,-1,-1
52,36,1229.15,190.66,68.85,79.84,1.0000,-1,-1,-1
52,37,1259.34,685.18,-43.77,-46.38,1.0000,-1,-1,-1
52,38,767.26,478.72,74.21,94.76,1.0000,-1,-1,-1
52,40,977.84,253.70,108.66,124.79,1.0000,-1,-1,-1
52,41,605.84,434.50,77.97,89.63,1.0000,-1,-1,-1
52,42,683.60,406.59,107.86,132.57,1.0000,-1,-1,-1
52,44,740.18,406.78,88.60,115.38,1.0000,-1,-1,-1
52,45,1047.00,585.87,138.47,152.39,1.0000,-1,-1,-1
52,47,942.56,607.34,82.41,94.41,1.0000,-1,-1,-1
52,48,1077.34,607.03,86.19,116.94,1.0000,-1,-1,-1
52,49,925.91,558.81,88.25,103.94,1.0000,-1,-1,-1
52,50,810.49,540.41,87.95,118.98,1.0000,-1,-1,-1
52,51,1246.56,3.72,358.25,112.81,1.0000,-1,-1,-1
52,52,1229.26,674.85,69.76,103.07,1.0000,-1,-1,-1
52,53,1308.05,690.69,120.64,152.84,1.0000,-1,-1,-1
52,54,1193.83,622.46,85.32,115.15,1.0000,-1,-1,-1
53,2,614.45,1.10,284.65,301.92,0.3327,-1,-1,-1
53,7,1140.87,128.63,437.29,235.20,1.0000,-1,-1,-1
53,18,455.40,233.14,148.33,174.32,1.0000,-1,-1,-1
53,31,1108.90,-118.71,23.06,24.22,1.0000,-1,-1,-1
53,34,1174.56,552.64,147.04,138.59,1.0000,-1,-1,-1
53,35,1243.04,662.90,106.60,96.70,1.0000,-1,-1,-1
53,36,1241.96,167.87,67.03,77.74,1.0000,-1,-1,-1
53,37,1278.84,687.05,-51.04,-54.07,1.0000,-1,-1,-1
53,38,769.98,474.71,73.57,93.95,1.0000,-1,-1,-1
53,40,990.67,235.90,108.92,125.09,1.0000,-1,-1,-1
53,41,613.13,429.99,77.38,88.94,1.0000,-1,-1,-1
53,42,688.39,398.03,109.16,134.17,1.0000,-1,-1,-1
53,44,750.97,400.94,89.75,116.88,1.0000,-1,-1,-1
53,45,1056.41,585.98,139.76,153.81,1.0000,-1,-1,-1
53,47,943.19,606.91,81.89,93.81,1.0000,-1,-1,-1
53,48,1055.69,600.62,82.96,110.80,0.3067,-1,-1,-1
53,49,928.88,559.50,88.21,103.90,1.0000,-1,-1,-1
53,50,809.35,539.13,88.56,119.80,1.0000,-1,-1,-1
53,51,1267.41,3.78,345.89,108.91,1.0000,-1,-1,-1
53,52,1235.64,677.47,68.28,100.88,1.0000,-1,-1,-1
53,53,1314.86,692.31,123.35,156.27,1.0000,-1,-1,-1
53,54,1196.28,619.14,84.82,114.47,1.0000,-1,-1,-1
54,2,613.02,2.31,274.75,297.92,0.6933,-1,-1,-1
54,7,1153.78,128.74,437.60,235.36,1.0000,-1,-1,-1
54,31,1125.61,-130.11,19.65,20.64,1.0000,-1,-1,-1
54,34,1180.55,548.19,148.30,139.78,1.0000,-1,-1,-1
54,35,1243.17,662.82,105.68,95.86,1.0000,-1,-1,-1
54,36,1254.76,145.09,65.22,75.63,1.0000,-1,-1,-1
54,37,1298.33,688.92,-58.30,-61.76,1.0000,-1,-1,-1
54,38,772.70,470.70,72.94,93.14,1.0000,-1,-1,-1
54,40,1003.50,218.10,109.18,125.39,1.0000,-1,-1,-1
54,41,620.43,425.48,76.78,88.26,1.0000,-1,-1,-1
54,42,693.17,389.47,110.46,135.77,1.0000,-1,-1,-1
54,44,761.75,395.10,90.90,118.38,1.0000,-1,-1,-1
54,45,1065.82,586.10,141.04,155.22,1.0000,-1,-1,-1
54,47,943.81,606.47,81.36,93.21,1.0000,-1,-1,-1
54,48,1048.68,599.50,83.11,108.45,0.6004,-1,-1,-1
54,49,931.85,560.18,88.17,103.85,1.0000,-1,-1,-1
54,50,808.20,537.85,89.17,120.63,1.0000,-1,-1,-1
54,51,1288.26,3.84,333.52,105.02,1.0000,-1,-1,-1
54,52,1242.03,680.09,66.80,98.70,1.0000,-1,-1,-1
54,53,1321.67,693.93,126.06,159.71,1.0000,-1,-1,-1
54,54,1198.72,615.81,84.31,113.79,1.0000,-1,-1,-1
55,2,613.05,2.92,267.88,297.66,0.8817,-1,-1,-1
55,7,1166.69,128.86,437.90,235.52,1.0000,-1,-1,-1
55,31,1142.31,-141.51,16.24,17.06,1.0000,-1,-1,-1
55,34,1186.55,543.74,149.57,140.98,1.0000,-1,-1,-1
55,35,1243.31,662.75,104.76,95.02,1.0000,-1,-1,-1
55,36,1267.56,122.30,63.40,73.53,1.0000,-1,-1,-1
55,37,1317.82,690.79,-65.56,-69.46,1.0000,-1,-1,-1
55,38,775.42,466.70,72.31,92.32,1.0000,-1,-1,-1
55,40,1016.32,200.29,109.44,125.69,1.0000,-1,-1,-1
55,41,627.72,420.97,76.18,87.57,1.0000,-1,-1,-1
55,42,697.96,380.91,111.76,137.37,1.0000,-1,-1,-1
55,44,772.54,389.26,92.05,119.88,1.0000,-1,-1,-1
55,45,1075.23,586.21,142.33,156.64,1.0000,-1,-1,-1
55,47,944.44,606.04,80.84,92.61,1.0000,-1,-1,-1
55,48,1045.92,598.27,85.54,110.07,0.6804,-1,-1,-1
55,49,934.83,560.87,88.13,103.80,1.0000,-1,-1,-1
55,50,807.06,536.57,89.78,121.45,1.0000,-1,-1,-1
55,51,1309.11,3.90,321.16,101.13,1.0000,-1,-1,-1
55,52,1248.41,682.71,65.32,96.51,1.0000,-1,-1,-1
55,53,1328.48,695.55,128.77,163.14,1.0000,-1,-1,-1
55,54,1201.16,612.49,83.80,113.10,1.0000,-1,-1,-1
56,2,610.15,2.74,262.40,299.72,0.8376,-1,-1,-1
56,7,1179.59,128.97,438.21,235.69,1.0000,-1,-1,-1
56,31,1159.02,-152.92,12.83,13.48,1.0000,-1,-1,-1
56,34,1192.54,539.29,150.83,142.17,1.0000,-1,-1,-1
56,35,1243.45,662.68,103.83,94.19,1.0000,-1,-1,-1
56,36,1280.37,99.51,61.59,71.43,1.0000,-1,-1,-1
56,37,1337.32,692.66,-72.82,-77.15,1.0000,-1,-1,-1
56,38,778.14,462.69,71.67,91.51,1.0000,-1,-1,-1
56,40,1029.15,182.49,109.70,125.99,1.0000,-1,-1,-1
56,41,635.01,416.47,75.58,86.88,1.0000,-1,-1,-1
56,42,702.75,372.35,113.07,138.97,1.0000,-1,-1,-1
56,44,783.32,383.41,93.21,121.38,1.0000,-1,-1,-1
56,45,1084.64,586.33,143.61,158.05,1.0000,-1,-1,-1
56,47,945.06,605.60,80.31,92.01,1.0000,-1,-1,-1
56,48,1038.40,595.68,88.56,112.80,0.5259,-1,-1,-1
56,49,937.80,561.56,88.09,103.76,1.0000,-1,-1,-1
56,50,805.91,535.29,90.39,122.28,1.0000,-1,-1,-1
56,51,1329.96,3.96,308.80,97.24,1.0000,-1,-1,-1
56,52,1254.80,685.33,63.84,94.33,1.0000,-1,-1,-1
56,53,1335.29,697.17,131.48,166.57,1.0000,-1,-1,-1
56,54,1203.60,609.16,83.30,112.42,1.0000,-1,-1,-1
56,57,1324.29,710.44,104.00,143.70,0.3857,-1,-1,-1
56,59,1143.49,617.79,99.46,120.60,0.5508,-1,-1,-1
57,2,611.97,4.17,253.94,298.61,0.7964,-1,-1,-1
57,7,1192.50,129.09,438.51,235.85,1.0000,-1,-1,-1
57,31,1175.73,-164.32,9.42,9.90,1.0000,-1,-1,-1
57,34,1198.54,534.84,152.10,143.36,1.0000,-1,-1,-1
57,35,1243.59,662.60,102.91,93.35,1.0000,-1,-1,-1
57,36,1293.17,76.73,59.78,69.32,1.0000,-1,-1,-1
57,37,1356.81,694.53,-80.09,-84.85,1.0000,-1,-1,-1
57,38,780.86,458.68,71.04,90.70,1.0000,-1,-1,-1
57,40,1041.98,164.69,109.96,126.29,1.0000,-1,-1,-1
57,41,642.30,411.96,74.98,86.19,1.0000,-1,-1,-1
57,42,707.53,363.79,114.37,140.57,1.0000,-1,-1,-1
57,44,794.11,377.57,94.36,122.88,1.0000,-1,-1,-1
57,45,1094.05,586.45,144.90,159.47,1.0000,-1,-1,-1
57,47,945.69,605.17,79.79,91.41,1.0000,-1,-1,-1
57,48,1029.83,596.64,90.97,114.68,0.6106,-1,-1,-1
57,49,940.77,562.25,88.05,103.71,1.0000,-1,-1,-1
57,50,804.77,534.01,91.00,123.10,1.0000,-1,-1,-1
57,51,1350.82,4.02,296.44,93.34,1.0000,-1,-1,-1
57,52,1261.18,687.95,62.36,92.14,1.0000,-1,-1,-1
57,53,1342.10,698.79,134.19,170.00,1.0000,-1,-1,-1
57,54,1206.05,605.83,82.79,111.74,1.0000,-1,-1,-1
57,57,1317.09,712.72,102.27,139.90,0.3694,-1,-1,-1
57,59,1137.74,618.71,91.54,110.78,0.5340,-1,-1,-1
57,60,1742.83,1.52,103.16,82.72,0.5437,-1,-1,-1
57,61,602.03,443.07,75.87,93.02,0.5151,-1,-1,-1
58,2,614.93,5.13,246.16,298.41,0.8781,-1,-1,-1
58,7,1205.40,129.20,438.82,236.01,1.0000,-1,-1,-1
58,31,1192.43,-175.72,6.01,6.32,1.0000,-1,-1,-1
58,34,1204.53,530.39,153.36,144.55,1.0000,-1,-1,-1
58,35,1243.73,662.53,101.99,92.51,1.0000,-1,-1,-1
58,36,1305.97,53.94,57.96,67.22,1.0000,-1,-1,-1
58,37,1376.30,696.41,-87.35,-92.54,1.0000,-1,-1,-1
58,38,783.58,454.67,70.40,89.89,1.0000,-1,-1,-1
58,40,1054.81,146.89,110.22,126.59,1.0000,-1,-1,-1
58,41,649.60,407.45,74.38,85.50,1.0000,-1,-1,-1
58,42,712.32,355.23,115.67,142.17,1.0000,-1,-1,-1
58,44,804.89,371.73,95.51,124.38,1.0000,-1,-1,-1
58,45,1103.46,586.56,146.18,160.88,1.0000,-1,-1,-1
58,47,946.31,604.73,79.27,90.81,1.0000,-1,-1,-1
58,48,1024.55,594.39,86.78,106.94,0.3718,-1,-1,-1
58,49,943.74,562.94,88.02,103.67,1.0000,-1,-1,-1
58,50,803.62,532.73,91.61,123.93,1.0000,-1,-1,-1
58,51,1371.67,4.08,284.07,89.45,1.0000,-1,-1,-1
58,52,1267.57,690.57,60.88,89.96,1.0000,-1,-1,-1
58,53,1348.91,700.41,136.90,173.44,1.0000,-1,-1,-1
58,54,1208.49,602.51,82.29,111.05,1.0000,-1,-1,-1
58,57,1305.73,712.25,106.26,144.11,0.3598,-1,-1,-1
58,59,1133.67,617.88,90.26,109.24,1.0000,-1,-1,-1
58,60,1768.16,2.05,115.67,91.03,0.3079,-1,-1,-1
58,61,599.25,441.70,76.99,94.39,1.0000,-1,-1,-1
59,2,619.48,5.63,238.62,298.60,0.8641,-1,-1,-1
59,7,1218.31,129.32,439.12,236.18,1.0000,-1,-1,-1
59,31,1209.14,-187.13,2.61,2.74,1.0000,-1,-1,-1
59,34,1210.53,525.94,154.63,145.75,1.0000,-1,-1,-1
59,35,1243.87,662.46,101.07,91.67,1.0000,-1,-1,-1
59,36,1318.78,31.15,56.15,65.12,1.0000,-1,-1,-1
59,37,1395.80,698.28,-94.61,-100.23,1.0000,-1,-1,-1
59,38,786.30,450.66,69.77,89.08,1.0000,-1,-1,-1
59,40,1067.63,129.09,110.48,126.89,1.0000,-1,-1,-1
59,41,656.89,402.94,73.78,84.81,1.0000,-1,-1,-1
59,42,717.10,346.67,116.97,143.77,1.0000,-1,-1,-1
59,44,815.68,365.89,96.66,125.89,1.0000,-1,-1,-1
59,45,1112.86,586.68,147.47,162.30,1.0000,-1,-1,-1
59,47,946.94,604.30,78.74,90.20,1.0000,-1,-1,-1
59,48,1014.25,592.75,87.48,106.28,0.4602,-1,-1,-1
59,49,946.71,563.62,87.98,103.62,1.0000,-1,-1,-1
59,50,802.48,531.45,92.22,124.75,1.0000,-1,-1,-1
59,51,1392.52,4.14,271.71,85.56,1.0000,-1,-1,-1
59,52,1273.95,693.19,59.40,87.77,1.0000,-1,-1,-1
59,53,1355.72,702.03,139.61,176.87,1.0000,-1,-1,-1
59,54,1210.93,599.18,81.78,110.37,1.0000,-1,-1,-1
59,57,1289.56,709.01,112.74,151.92,0.3935,-1,-1,-1
59,59,1129.60,617.05,88.99,107.70,1.0000,-1,-1,-1
59,60,1784.69,2.17,123.91,97.51,1.0000,-1,-1,-1
59,61,596.48,440.33,78.11,95.75,1.0000,-1,-1,-1
60,2,629.00,4.50,231.53,299.77,0.8930,-1,-1,-1
60,7,1231.22,129.43,439.43,236.34,1.0000,-1,-1,-1
60,31,1225.85,-198.53,-0.80,-0.84,1.0000,-1,-1,-1
60,34,1216.52,521.49,155.89,146.94,1.0000,-1,-1,-1
60,35,1244.01,662.39,100.14,90.84,1.0000,-1,-1,-1
60,36,1331.58,8.37,54.33,63.01,1.0000,-1,-1,-1
60,37,1415.29,700.15,-101.87,-107.93,1.0000,-1,-1,-1
60,38,789.02,446.65,69.13,88.27,1.0000,-1,-1,-1
60,40,1080.46,111.28,110.74,127.19,1.0000,-1,-1,-1
60,41,664.18,398.43,73.18,84.12,1.0000,-1,-1,-1
60,42,721.89,338.11,118.27,145.37,1.0000,-1,-1,-1
60,44,826.46,360.04,97.81,127.39,1.0000,-1,-1,-1
60,45,1122.27,586.79,148.75,163.71,1.0000,-1,-1,-1
60,47,947.56,603.86,78.22,89.60,1.0000,-1,-1,-1
60,48,1004.61,593.87,88.54,106.24,0.5531,-1,-1,-1
60,49,949.69,564.31,87.94,103.58,1.0000,-1,-1,-1
60,50,801.33,530.17,92.83,125.58,1.0000,-1,-1,-1
60,51,1413.37,4.20,259.35,81.66,1.0000,-1,-1,-1
60,52,1280.33,695.81,57.92,85.58,1.0000,-1,-1,-1
60,53,1362.53,703.65,142.32,180.30,1.0000,-1,-1,-1
60,54,1213.38,595.86,81.27,109.69,1.0000,-1,-1,-1
60,57,1282.50,709.13,114.01,153.63,1.0000,-1,-1,-1
60,59,1125.53,616.23,87.72,106.16,1.0000,-1,-1,-1
60,60,1801.22,2.29,132.15,103.99,1.0000,-1,-1,-1
60,61,593.71,438.96,79.22,97.12,1.0000,-1,-1,-1
61,2,636.69,5.11,225.60,302.11,0.8507,-1,-1,-1
61,31,1242.55,-209.93,-4.21,-4.43,1.0000,-1,-1,-1
61,34,1222.52,517.04,157.16,148.13,1.0000,-1,-1,-1
61,35,1244.15,662.31,99.22,90.00,1.0000,-1,-1,-1
61,36,1344.38,-14.42,52.52,60.91,1.0000,-1,-1,-1
61,37,1434.78,702.02,-109.13,-115.62,1.0000,-1,-1,-1
61,38,791.74,442.65,68.50,87.46,1.0000,-1,-1,-1
61,40,1093.29,93.48,111.00,127.48,1.0000,-1,-1,-1
61,41,671.48,393.92,72.58,83.44,1.0000,-1,-1,-1
61,42,726.68,329.55,119.58,146.97,1.0000,-1,-1,-1
61,44,837.24,354.20,98.96,128.89,1.0000,-1,-1,-1
61,45,1131.68,586.91,150.04,165.13,1.0000,-1,-1,-1
61,47,948.19,603.43,77.69,89.00,1.0000,-1,-1,-1
61,48,999.28,594.26,88.84,105.94,0.4512,-1,-1,-1
61,49,952.66,565.00,87.90,103.53,1.0000,-1,-1,-1
61,50,800.19,528.89,93.44,126.40,1.0000,-1,-1,-1
61,51,1434.22,4.26,246.99,77.77,1.0000,-1,-1,-1
61,52,1286.72,698.42,56.44,83.40,1.0000,-1,-1,-1
61,53,1369.34,705.27,145.03,183.74,1.0000,-1,-1,-1
61,54,1119.89,621.95,83.91,109.70,0.5306,-1,-1,-1
61,57,1275.43,709.25,115.27,155.33,1.0000,-1,-1,-1
61,59,1121.46,615.40,86.45,104.62,1.0000,-1,-1,-1
61,60,1817.75,2.41,140.38,110.48,1.0000,-1,-1,-1
61,61,590.93,437.59,80.34,98.49,1.0000,-1,-1,-1
62,2,639.48,5.10,220.24,305.36,0.8570,-1,-1,-1
62,31,1259.26,-221.33,-7.62,-8.01,1.0000,-1,-1,-1
62,34,1228.51,512.59,158.42,149.32,1.0000,-1,-1,-1
62,35,1244.29,662.24,98.30,89.16,1.0000,-1,-1,-1
62,36,1357.19,-37.20,50.71,58.81,1.0000,-1,-1,-1
62,37,1454.28,703.89,-116.40,-123.32,1.0000,-1,-1,-1
62,38,794.46,438.64,67.86,86.65,1.0000,-1,-1,-1
62,40,1106.12,75.68,111.27,127.78,1.0000,-1,-1,-1
62,41,678.77,389.42,71.99,82.75,1.0000,-1,-1,-1
62,42,731.46,320.99,120.88,148.58,1.0000,-1,-1,-1
62,44,848.03,348.36,100.12,130.39,1.0000,-1,-1,-1
62,45,1141.09,587.03,151.33,166.54,1.0000,-1,-1,-1
62,47,948.81,602.99,77.17,88.40,1.0000,-1,-1,-1
62,48,998.73,594.80,91.72,108.93,0.5714,-1,-1,-1
62,49,955.63,565.69,87.86,103.48,1.0000,-1,-1,-1
62,50,799.04,527.61,94.05,127.23,1.0000,-1,-1,-1
62,51,1455.07,4.32,234.62,73.88,1.0000,-1,-1,-1
62,52,1293.10,701.04,54.96,81.21,1.0000,-1,-1,-1
62,53,1376.14,706.89,147.74,187.17,1.0000,-1,-1,-1
62,54,1116.40,621.38,89.17,113.90,0.6809,-1,-1,-1
62,57,1268.37,709.37,116.54,157.04,1.0000,-1,-1,-1
62,59,1117.39,614.57,85.17,103.08,1.0000,-1,-1,-1
62,60,1834.28,2.53,148.62,116.96,1.0000,-1,-1,-1
62,61,588.16,436.21,81.45,99.86,1.0000,-1,-1,-1
62,66,1814.32,1.83,122.30,111.75,0.4860,-1,-1,-1
62,67,604.81,439.54,67.40,85.17,0.5468,-1,-1,-1
63,2,643.38,5.11,213.77,305.56,0.8566,-1,-1,-1
63,31,1275.97,-232.74,-11.03,-11.59,1.0000,-1,-1,-1
63,34,1234.51,508.14,159.68,150.52,1.0000,-1,-1,-1
63,35,1244.43,662.17,97.37,88.33,1.0000,-1,-1,-1
63,36,1369.99,-59.99,48.89,56.70,1.0000,-1,-1,-1
63,38,797.18,434.63,67.23,85.84,1.0000,-1,-1,-1
63,40,1118.94,57.88,111.53,128.08,1.0000,-1,-1,-1
63,41,686.06,384.91,71.39,82.06,1.0000,-1,-1,-1
63,42,736.25,312.43,122.18,150.18,1.0000,-1,-1,-1
63,44,858.81,342.52,101.27,131.89,1.0000,-1,-1,-1
63,45,1150.50,587.14,152.61,167.96,1.0000,-1,-1,-1
63,47,949.44,602.56,76.65,87.80,1.0000,-1,-1,-1
63,48,995.32,598.84,92.76,109.49,0.5840,-1,-1,-1
63,49,958.60,566.37,87.82,103.44,1.0000,-1,-1,-1
63,50,797.90,526.33,94.66,128.05,1.0000,-1,-1,-1
63,51,1475.93,4.38,222.26,69.99,1.0000,-1,-1,-1
63,52,1299.49,703.66,53.48,79.03,1.0000,-1,-1,-1
63,53,1382.95,708.51,150.45,190.60,1.0000,-1,-1,-1
63,54,1109.86,623.03,93.50,118.00,0.6567,-1,-1,-1
63,57,1240.09,711.50,102.00,134.71,0.4843,-1,-1,-1
63,59,1113.31,613.74,83.90,101.54,1.0000,-1,-1,-1
63,60,1850.81,2.65,156.86,123.44,1.0000,-1,-1,-1
63,61,585.39,434.84,82.57,101.22,1.0000,-1,-1,-1
63,66,1832.03,1.48,112.89,105.04,0.3644,-1,-1,-1
63,67,556.02,460.81,78.56,98.45,0.3311,-1,-1,-1
64,2,649.41,5.36,206.47,302.78,0.8494,-1,-1,-1
64,31,1292.68,-244.14,-14.44,-15.17,1.0000,-1,-1,-1
64,34,1240.50,503.69,160.95,151.71,1.0000,-1,-1,-1
64,35,1244.57,662.09,96.45,87.49,1.0000,-1,-1,-1
64,36,1382.79,-82.78,47.08,54.60,1.0000,-1,-1,-1
64,38,799.90,430.62,66.59,85.03,1.0000,-1,-1,-1
64,40,1131.77,40.08,111.79,128.38,1.0000,-1,-1,-1
64,41,693.35,380.40,70.79,81.37,1.0000,-1,-1,-1
64,42,741.03,303.87,123.48,151.78,1.0000,-1,-1,-1
64,44,869.60,336.68,102.42,133.39,1.0000,-1,-1,-1
64,45,1159.91,587.26,153.90,169.37,1.0000,-1,-1,-1
64,47,950.06,602.12,76.12,87.20,1.0000,-1,-1,-1
64,48,991.97,598.72,92.76,109.49,1.0000,-1,-1,-1
64,49,961.58,567.06,87.78,103.39,1.0000,-1,-1,-1
64,50,796.75,525.05,95.27,128.88,1.0000,-1,-1,-1
64,51,1496.78,4.43,209.90,66.09,1.0000,-1,-1,-1
64,52,1305.87,706.28,52.00,76.84,1.0000,-1,-1,-1
64,53,1389.76,710.13,153.16,194.03,1.0000,-1,-1,-1
64,54,1105.45,622.21,93.77,118.34,1.0000,-1,-1,-1
64,57,1230.50,711.87,101.01,133.39,1.0000,-1,-1,-1
64,59,1109.24,612.92,82.63,100.00,1.0000,-1,-1,-1
64,60,1867.34,2.77,165.10,129.92,1.0000,-1,-1,-1
64,61,582.61,433.47,83.68,102.59,1.0000,-1,-1,-1
64,66,1842.17,1.34,109.10,101.52,1.0000,-1,-1,-1
64,67,537.44,470.21,81.80,102.50,1.0000,-1,-1,-1
65,2,661.04,5.41,199.07,296.47,0.8578,-1,-1,-1
65,31,1309.38,-255.54,-17.85,-18.75,1.0000,-1,-1,-1
65,34,1246.49,499.24,162.21,152.90,1.0000,-1,-1,-1
65,35,1244.71,662.02,95.53,86.65,1.0000,-1,-1,-1
65,38,802.62,426.61,65.96,84.22,1.0000,-1,-1,-1
65,40,1144.60,22.27,112.05,128.68,1.0000,-1,-1,-1
65,41,700.65,375.89,70.19,80.68,1.0000,-1,-1,-1
65,42,745.82,295.32,124.79,153.38,1.0000,-1,-1,-1
65,44,880.38,330.83,103.57,134.89,1.0000,-1,-1,-1
65,47,950.69,601.69,75.60,86.60,1.0000,-1,-1,-1
65,48,991.57,599.96,92.31,108.58,0.3791,-1,-1,-1
65,49,964.55,567.75,87.74,103.35,1.0000,-1,-1,-1
65,50,795.61,523.77,95.88,129.70,1.0000,-1,-1,-1
65,51,1517.63,4.49,197.53,62.20,1.0000,-1,-1,-1
65,52,1312.26,708.90,50.53,74.66,1.0000,-1,-1,-1
65,53,1396.57,711.75,155.87,197.47,1.0000,-1,-1,-1
65,54,1102.46,632.39,91.46,112.52,0.3160,-1,-1,-1
65,57,1220.90,712.25,100.01,132.07,1.0000,-1,-1,-1
65,59,1105.17,612.09,81.36,98.46,1.0000,-1,-1,-1
65,60,1883.88,2.89,173.33,136.40,1.0000,-1,-1,-1
65,61,579.84,432.10,84.80,103.96,1.0000,-1,-1,-1
65,66,1852.30,1.21,105.31,98.00,1.0000,-1,-1,-1
65,67,518.86,479.60,85.03,106.55,1.0000,-1,-1,-1
66,2,673.16,4.13,192.83,289.47,0.9021,-1,-1,-1
66,31,1326.09,-266.94,-21.26,-22.33,1.0000,-1,-1,-1
66,34,1252.49,494.79,163.48,154.09,1.0000,-1,-1,-1
66,35,1244.85,661.95,94.61,85.82,1.0000,-1,-1,-1
66,38,805.34,422.60,65.32,83.41,1.0000,-1,-1,-1
66,40,1157.43,4.47,112.31,128.98,1.0000,-1,-1,-1
66,41,707.94,371.38,69.59,79.99,1.0000,-1,-1,-1
66,42,750.61,286.76,126.09,154.98,1.0000,-1,-1,-1
66,44,891.17,324.99,104.72,136.39,1.0000,-1,-1,-1
66,47,951.31,601.25,75.07,86.00,1.0000,-1,-1,-1
66,48,990.82,602.46,90.89,105.88,0.3097,-1,-1,-1
66,49,967.52,568.44,87.70,103.30,1.0000,-1,-1,-1
66,50,794.47,522.48,96.49,130.53,1.0000,-1,-1,-1
66,51,1538.48,4.55,185.17,58.31,1.0000,-1,-1,-1
66,52,1318.64,711.52,49.05,72.47,1.0000,-1,-1,-1
66,53,1403.38,713.37,158.58,200.90,1.0000,-1,-1,-1
66,54,1098.33,632.73,91.21,112.21,1.0000,-1,-1,-1
66,57,1211.31,712.62,99.01,130.76,1.0000,-1,-1,-1
66,59,1101.10,611.26,80.08,96.92,1.0000,-1,-1,-1
66,60,1900.41,3.01,181.57,142.89,1.0000,-1,-1,-1
66,61,577.06,430.73,85.91,105.33,1.0000,-1,-1,-1
66,66,1862.44,1.07,101.52,94.47,1.0000,-1,-1,-1
66,67,500.29,489.00,88.26,110.60,1.0000,-1,-1,-1
66,76,648.63,507.19,96.84,102.06,0.5870,-1,-1,-1
67,2,677.65,3.10,189.54,283.00,0.8932,-1,-1,-1
67,31,1342.80,-278.35,-24.67,-25.91,1.0000,-1,-1,-1
67,34,1258.48,490.35,164.74,155.28,1.0000,-1,-1,-1
67,35,1244.98,661.88,93.68,84.98,1.0000,-1,-1,-1
67,38,808.06,418.60,64.69,82.60,1.0000,-1,-1,-1
67,41,715.23,366.87,68.99,79.31,1.0000,-1,-1,-1
67,42,755.39,278.20,127.39,156.58,1.0000,-1,-1,-1
67,44,901.95,319.15,105.88,137.89,1.0000,-1,-1,-1
67,47,951.94,600.82,74.55,85.40,1.0000,-1,-1,-1
67,48,988.09,602.75,90.56,105.50,1.0000,-1,-1,-1
67,49,970.49,569.12,87.67,103.25,1.0000,-1,-1,-1
67,50,793.32,521.20,97.10,131.35,1.0000,-1,-1,-1
67,51,1559.33,4.61,172.81,54.41,1.0000,-1,-1,-1
67,52,1325.03,714.14,47.57,70.28,1.0000,-1,-1,-1
67,53,1410.19,714.99,161.28,204.33,1.0000,-1,-1,-1
67,54,1094.20,633.06,90.96,111.90,1.0000,-1,-1,-1
67,57,1201.71,713.00,98.01,129.44,1.0000,-1,-1,-1
67,59,1097.03,610.43,78.81,95.38,1.0000,-1,-1,-1
67,60,1916.94,3.13,189.81,149.37,1.0000,-1,-1,-1
67,61,574.29,429.36,87.03,106.69,1.0000,-1,-1,-1
67,66,1872.58,0.94,97.74,90.95,1.0000,-1,-1,-1
67,67,481.71,498.40,91.50,114.65,1.0000,-1,-1,-1
67,76,649.50,511.01,98.08,103.61,0.4067,-1,-1,-1
68,2,672.78,2.87,189.83,277.41,0.8663,-1,-1,-1
68,31,1359.50,-289.75,-28.08,-29.49,1.0000,-1,-1,-1
68,34,1264.48,485.90,166.01,156.48,1.0000,-1,-1,-1
68,35,1245.12,661.80,92.76,84.14,1.0000,-1,-1,-1
68,38,810.78,414.59,64.05,81.79,1.0000,-1,-1,-1
68,41,722.52,362.37,68.39,78.62,1.0000,-1,-1,-1
68,42,760.18,269.64,128.69,158.18,1.0000,-1,-1,-1
68,44,912.74,313.31,107.03,139.39,1.0000,-1,-1,-1
68,47,952.56,600.38,74.03,84.80,1.0000,-1,-1,-1
68,48,981.22,614.98,93.72,108.71,0.3556,-1,-1,-1
68,49,973.46,569.81,87.63,103.21,1.0000,-1,-1,-1
68,50,792.18,519.92,97.71,132.18,1.0000,-1,-1,-1
68,51,1580.18,4.67,160.45,50.52,1.0000,-1,-1,-1
68,52,1331.41,716.76,46.09,68.10,1.0000,-1,-1,-1
68,53,1417.00,716.61,163.99,207.77,1.0000,-1,-1,-1
68,54,1090.07,633.40,90.71,111.60,1.0000,-1,-1,-1
68,57,1192.12,713.37,97.02,128.12,1.0000,-1,-1,-1
68,59,1092.96,609.60,77.54,93.84,1.0000,-1,-1,-1
68,60,1933.47,3.25,198.05,155.85,1.0000,-1,-1,-1
68,61,571.52,427.99,88.14,108.06,1.0000,-1,-1,-1
68,66,1882.72,0.80,93.95,87.42,1.0000,-1,-1,-1
68,67,463.13,507.79,94.73,118.70,1.0000,-1,-1,-1
68,76,650.66,514.23,100.73,106.83,0.5888,-1,-1,-1
69,2,665.79,2.68,194.45,274.97,0.8550,-1,-1,-1
69,31,1376.21,-301.15,-31.49,-33.07,1.0000,-1,-1,-1
69,35,1245.26,661.73,91.84,83.30,1.0000,-1,-1,-1
69,38,813.50,410.58,63.42,80.97,1.0000,-1,-1,-1
69,41,729.82,357.86,67.79,77.93,1.0000,-1,-1,-1
69,42,764.97,261.08,130.00,159.78,1.0000,-1,-1,-1
69,44,923.52,307.46,108.18,140.89,1.0000,-1,-1,-1
69,47,953.19,599.95,73.50,84.20,1.0000,-1,-1,-1
69,48,978.37,621.60,95.85,110.80,0.5251,-1,-1,-1
69,49,976.44,570.50,87.59,103.16,1.0000,-1,-1,-1
69,50,755.71,517.86,80.46,109.25,0.4908,-1,-1,-1
69,51,1601.03,4.73,148.08,46.63,1.0000,-1,-1,-1
69,52,1337.79,719.38,44.61,65.91,1.0000,-1,-1,-1
69,53,1423.81,718.23,166.70,211.20,1.0000,-1,-1,-1
69,54,1088.81,653.02,96.31,118.18,0.7485,-1,-1,-1
69,57,1182.52,713.75,96.02,126.80,1.0000,-1,-1,-1
69,59,1088.89,608.78,76.27,92.30,1.0000,-1,-1,-1
69,60,1950.00,3.37,206.28,162.33,1.0000,-1,-1,-1
69,61,568.74,426.62,89.26,109.43,1.0000,-1,-1,-1
69,66,1892.86,0.66,90.16,83.90,1.0000,-1,-1,-1
69,67,444.56,517.19,97.96,122.75,1.0000,-1,-1,-1
69,76,653.89,519.24,99.72,106.24,0.4208,-1,-1,-1
70,2,654.73,2.95,203.87,276.73,0.8164,-1,-1,-1
70,31,1392.92,-312.56,-34.90,-36.65,1.0000,-1,-1,-1
70,35,1245.40,661.66,90.91,82.47,1.0000,-1,-1,-1
70,38,816.22,406.57,62.78,80.16,1.0000,-1,-1,-1
70,41,737.11,353.35,67.19,77.24,1.0000,-1,-1,-1
70,42,769.75,252.52,131.30,161.38,1.0000,-1,-1,-1
70,44,934.31,301.62,109.33,142.39,1.0000,-1,-1,-1
70,47,953.81,599.51,72.98,83.60,1.0000,-1,-1,-1
70,48,977.30,629.58,97.02,111.34,0.6619,-1,-1,-1
70,49,979.41,571.19,87.55,103.12,1.0000,-1,-1,-1
70,50,755.20,521.06,84.47,116.21,0.5068,-1,-1,-1
70,51,1621.89,4.79,135.72,42.74,1.0000,-1,-1,-1
70,52,1344.18,722.00,43.13,63.73,1.0000,-1,-1,-1
70,53,1430.62,719.85,169.41,214.63,1.0000,-1,-1,-1
70,54,1088.19,658.14,98.06,121.12,0.6072,-1,-1,-1
70,57,1179.09,731.93,101.17,131.80,0.4460,-1,-1,-1
70,59,1084.82,607.95,74.99,90.76,1.0000,-1,-1,-1
70,60,1966.53,3.49,214.52,168.82,1.0000,-1,-1,-1
70,61,565.97,425.25,90.38,110.80,1.0000,-1,-1,-1
70,66,1903.00,0.53,86.37,80.37,1.0000,-1,-1,-1
70,67,425.98,526.59,101.20,126.80,1.0000,-1,-1,-1
70,76,655.34,522.22,100.96,107.55,1.0000,-1,-1,-1
71,2,643.27,2.75,214.98,279.60,0.8023,-1,-1,-1
71,31,1409.63,-323.96,-38.31,-40.23,1.0000,-1,-1,-1
71,35,1245.54,661.58,89.99,81.63,1.0000,-1,-1,-1
71,38,818.94,402.56,62.15,79.35,1.0000,-1,-1,-1
71,41,744.40,348.84,66.60,76.55,1.0000,-1,-1,-1
71,42,774.54,243.96,132.60,162.98,1.0000,-1,-1,-1
71,44,945.09,295.78,110.48,143.89,1.0000,-1,-1,-1
71,47,954.44,599.08,72.45,83.00,1.0000,-1,-1,-1
71,48,972.73,632.71,101.61,116.43,0.3405,-1,-1,-1
71,49,982.38,571.88,87.51,103.07,1.0000,-1,-1,-1
71,50,752.39,520.21,84.72,116.56,1.0000,-1,-1,-1
71,51,1642.74,4.85,123.36,38.84,1.0000,-1,-1,-1
71,52,1350.56,724.62,41.65,61.54,1.0000,-1,-1,-1
71,53,1437.43,721.47,172.12,218.06,1.0000,-1,-1,-1
71,54,1088.89,661.70,101.86,126.48,0.3964,-1,-1,-1
71,57,1176.52,734.17,105.27,136.47,0.3721,-1,-1,-1
71,59,1080.74,607.12,73.72,89.22,1.0000,-1,-1,-1
71,60,1983.06,3.61,222.76,175.30,1.0000,-1,-1,-1
71,61,563.20,423.88,91.49,112.16,1.0000,-1,-1,-1
71,66,1913.14,0.39,82.59,76.85,1.0000,-1,-1,-1
71,67,407.40,535.98,104.43,130.85,1.0000,-1,-1,-1
71,76,656.78,525.20,102.19,108.87,1.0000,-1,-1,-1
71,83,799.83,599.38,77.06,105.53,0.5382,-1,-1,-1
71,84,1428.48,0.98,78.57,48.75,0.5058,-1,-1,-1
72,2,636.05,2.79,226.37,281.68,0.7964,-1,-1,-1
72,31,1426.33,-335.36,-41.72,-43.81,1.0000,-1,-1,-1
72,35,1245.68,661.51,89.07,80.79,1.0000,-1,-1,-1
72,38,821.66,398.55,61.51,78.54,1.0000,-1,-1,-1
72,41,751.70,344.33,66.00,75.86,1.0000,-1,-1,-1
72,42,779.32,235.40,133.90,164.58,1.0000,-1,-1,-1
72,47,955.07,598.64,71.93,82.40,1.0000,-1,-1,-1
72,48,969.70,635.50,102.29,117.21,1.0000,-1,-1,-1
72,49,985.35,572.56,87.47,103.02,1.0000,-1,-1,-1
72,50,749.59,519.36,84.98,116.91,1.0000,-1,-1,-1
72,51,1663.59,4.91,111.00,34.95,1.0000,-1,-1,-1
72,52,1356.95,727.24,40.17,59.36,1.0000,-1,-1,-1
72,53,1444.24,723.09,174.83,221.50,1.0000,-1,-1,-1
72,54,1085.75,664.31,102.75,127.59,1.0000,-1,-1,-1
72,57,1168.28,736.21,105.15,136.31,1.0000,-1,-1,-1
72,59,1076.67,606.29,72.45,87.68,1.0000,-1,-1,-1
72,60,1999.59,3.73,231.00,181.78,1.0000,-1,-1,-1
72,61,560.42,422.51,92.61,113.53,1.0000,-1,-1,-1
72,66,1923.27,0.25,78.80,73.32,1.0000,-1,-1,-1
72,67,388.83,545.38,107.66,134.91,1.0000,-1,-1,-1
72,76,658.22,528.18,103.43,110.19,1.0000,-1,-1,-1
72,83,790.66,593.52,87.93,120.41,0.5426,-1,-1,-1
72,84,1458.48,1.48,83.12,50.12,0.3067,-1,-1,-1
72,86,615.13,440.31,68.16,95.88,0.3498,-1,-1,-1
73,2,632.85,2.94,237.68,283.49,0.8043,-1,-1,-1
73,31,1443.04,-346.76,-45.13,-47.39,1.0000,-1,-1,-1
73,38,824.38,394.54,60.88,77.73,1.0000,-1,-1,-1
73,41,758.99,339.82,65.40,75.17,1.0000,-1,-1,-1
73,42,784.11,226.84,135.21,166.19,1.0000,-1,-1,-1
73,47,955.69,598.21,71.41,81.80,1.0000,-1,-1,-1
73,48,966.68,638.29,102.97,117.99,1.0000,-1,-1,-1
73,49,988.33,573.25,87.43,102.98,1.0000,-1,-1,-1
73,50,746.78,518.51,85.23,117.25,1.0000,-1,-1,-1
73,51,1684.44,4.97,98.63,31.06,1.0000,-1,-1,-1
73,53,1451.05,724.71,177.54,224.93,1.0000,-1,-1,-1
73,54,1095.20,667.70,94.33,116.75,0.3806,-1,-1,-1
73,57,1160.03,738.24,105.03,136.16,1.0000,-1,-1,-1
73,59,1072.60,605.46,71.18,86.14,1.0000,-1,-1,-1
73,60,2016.12,3.85,239.23,188.26,1.0000,-1,-1,-1
73,61,557.65,421.14,93.72,114.90,1.0000,-1,-1,-1
73,66,1933.41,0.12,75.01,69.80,1.0000,-1,-1,-1
73,67,370.25,554.78,110.89,138.96,1.0000,-1,-1,-1
73,76,659.66,531.16,104.67,111.50,1.0000,-1,-1,-1
73,83,789.29,596.95,91.64,125.39,0.6859,-1,-1,-1
73,84,1480.56,1.06,98.97,57.96,0.5179,-1,-1,-1
73,86,623.24,440.89,60.29,84.08,0.5688,-1,-1,-1
74,2,632.95,3.06,250.36,287.37,0.5079,-1,-1,-1
74,38,827.10,390.54,60.24,76.92,1.0000,-1,-1,-1
74,41,766.28,335.32,64.80,74.49,1.0000,-1,-1,-1
74,42,788.90,218.28,136.51,167.79,1.0000,-1,-1,-1
74,47,956.32,597.77,70.88,81.20,1.0000,-1,-1,-1
74,48,963.65,641.09,103.65,118.76,1.0000,-1,-1,-1
74,49,991.30,573.94,87.39,102.93,1.0000,-1,-1,-1
74,50,743.98,517.66,85.48,117.60,1.0000,-1,-1,-1
74,51,1705.29,5.03,86.27,27.16,1.0000,-1,-1,-1
74,53,1457.86,726.33,180.25,228.36,1.0000,-1,-1,-1
74,54,1093.26,670.39,94.31,116.73,1.0000,-1,-1,-1
74,57,1151.79,740.28,104.91,136.01,1.0000,-1,-1,-1
74,59,1068.53,604.64,69.90,84.61,1.0000,-1,-1,-1
74,60,2032.65,3.97,247.47,194.75,1.0000,-1,-1,-1
74,61,554.88,419.77,94.84,116.27,1.0000,-1,-1,-1
74,66,1943.55,-0.02,71.22,66.27,1.0000,-1,-1,-1
74,67,351.67,564.17,114.13,143.01,1.0000,-1,-1,-1
74,76,661.11,534.14,105.90,112.82,1.0000,-1,-1,-1
74,83,788.26,598.78,95.66,131.15,0.6198,-1,-1,-1
74,84,1502.18,1.04,113.31,64.01,0.5758,-1,-1,-1
74,86,626.96,440.94,57.63,80.37,1.0000,-1,-1,-1
75,2,639.21,3.08,261.22,290.07,0.7625,-1,-1,-1
75,38,829.82,386.53,59.61,76.11,1.0000,-1,-1,-1
75,41,773.57,330.81,64.20,73.80,1.0000,-1,-1,-1
75,42,793.68,209.72,137.81,169.39,1.0000,-1,-1,-1
75,47,956.94,597.34,70.36,80.60,1.0000,-1,-1,-1
75,48,960.63,643.88,104.33,119.54,1.0000,-1,-1,-1
75,49,994.27,574.63,87.35,102.89,1.0000,-1,-1,-1
75,50,741.18,516.81,85.74,117.95,1.0000,-1,-1,-1
75,51,1726.14,5.09,73.91,23.27,1.0000,-1,-1,-1
75,53,1464.67,727.95,182.96,231.80,1.0000,-1,-1,-1
75,54,1093.48,681.13,95.72,118.47,0.3204,-1,-1,-1
75,57,1143.55,742.32,104.79,135.85,1.0000,-1,-1,-1
75,59,1064.46,603.81,68.63,83.07,1.0000,-1,-1,-1
75,60,2049.19,4.09,255.71,201.23,1.0000,-1,-1,-1
75,61,552.10,418.39,95.95,117.63,1.0000,-1,-1,-1
75,66,1953.69,-0.15,67.43,62.75,1.0000,-1,-1,-1
75,67,333.10,573.57,117.36,147.06,1.0000,-1,-1,-1
75,76,662.55,537.12,107.14,114.14,1.0000,-1,-1,-1
75,83,788.71,599.98,98.79,135.87,0.4032,-1,-1,-1
75,84,1513.15,1.20,132.92,72.91,0.5058,-1,-1,-1
75,86,630.68,440.99,54.97,76.66,1.0000,-1,-1,-1
76,2,643.89,3.89,271.38,292.91,0.6797,-1,-1,-1
76,38,854.43,546.25,82.92,107.50,0.4558,-1,-1,-1
76,41,780.87,326.30,63.60,73.11,1.0000,-1,-1,-1
76,42,798.47,201.16,139.11,170.99,1.0000,-1,-1,-1
76,47,957.57,596.90,69.83,80.00,1.0000,-1,-1,-1
76,48,957.60,646.67,105.01,120.32,1.0000,-1,-1,-1
76,49,997.24,575.31,87.31,102.84,1.0000,-1,-1,-1
76,50,738.37,515.97,85.99,118.30,1.0000,-1,-1,-1
76,53,1471.47,729.57,185.67,235.23,1.0000,-1,-1,-1
76,54,1096.00,687.99,94.22,115.61,0.4056,-1,-1,-1
76,57,1135.30,744.36,104.67,135.70,1.0000,-1,-1,-1
76,59,1060.39,602.98,67.36,81.53,1.0000,-1,-1,-1
76,60,2065.72,4.21,263.94,207.71,1.0000,-1,-1,-1
76,61,549.33,417.02,97.07,119.00,1.0000,-1,-1,-1
76,66,1963.83,-0.29,63.65,59.22,1.0000,-1,-1,-1
76,67,314.52,582.96,120.59,151.11,1.0000,-1,-1,-1
76,76,656.75,532.74,100.04,107.93,0.5500,-1,-1,-1
76,83,790.91,603.50,100.80,139.60,0.5772,-1,-1,-1
76,84,1526.90,1.07,155.71,82.76,0.3823,-1,-1,-1
76,86,634.40,441.03,52.31,72.95,1.0000,-1,-1,-1
76,91,1174.91,756.66,110.37,142.23,0.4445,-1,-1,-1
77,2,648.90,4.11,279.69,295.10,0.6969,-1,-1,-1
77,38,858.04,549.10,83.33,108.04,1.0000,-1,-1,-1
77,41,788.16,321.79,63.00,72.42,1.0000,-1,-1,-1
77,47,958.19,596.47,69.31,79.40,1.0000,-1,-1,-1
77,48,954.58,649.46,105.69,121.10,1.0000,-1,-1,-1
77,50,735.57,515.12,86.25,118.65,1.0000,-1,-1,-1
77,53,1478.28,731.19,188.38,238.66,1.0000,-1,-1,-1
77,54,1094.79,691.88,94.08,115.44,1.0000,-1,-1,-1
77,57,1127.06,746.40,104.55,135.54,1.0000,-1,-1,-1
77,59,1056.32,602.15,66.09,79.99,1.0000,-1,-1,-1
77,60,2082.25,4.33,272.18,214.19,1.0000,-1,-1,-1
77,61,546.55,415.65,98.18,120.37,1.0000,-1,-1,-1
77,66,1973.97,-0.43,59.86,55.70,1.0000,-1,-1,-1
77,67,295.94,592.36,123.83,155.16,1.0000,-1,-1,-1
77,76,657.45,535.03,100.60,108.54,1.0000,-1,-1,-1
77,83,791.69,603.80,104.24,145.68,0.3487,-1,-1,-1
77,84,1545.95,1.16,164.04,87.19,1.0000,-1,-1,-1
77,86,638.12,441.08,49.65,69.24,1.0000,-1,-1,-1
77,91,1175.82,758.30,112.04,144.37,1.0000,-1,-1,-1
78,2,656.76,4.21,287.02,296.70,0.6272,-1,-1,-1
78,38,861.66,551.95,83.75,108.58,1.0000,-1,-1,-1
78,41,795.45,317.28,62.40,71.73,1.0000,-1,-1,-1
78,47,958.82,596.03,68.78,78.80,1.0000,-1,-1,-1
78,48,951.55,652.25,106.37,121.88,1.0000,-1,-1,-1
78,50,732.76,514.27,86.50,119.00,1.0000,-1,-1,-1
78,53,1485.09,732.81,191.09,242.09,1.0000,-1,-1,-1
78,54,1094.33,696.01,99.45,120.18,0.3003,-1,-1,-1
78,57,1118.82,748.43,104.44,135.39,1.0000,-1,-1,-1
78,59,1052.25,601.33,64.82,78.45,1.0000,-1,-1,-1
78,60,2098.78,4.45,280.42,220.67,1.0000,-1,-1,-1
78,61,543.78,414.28,99.30,121.74,1.0000,-1,-1,-1
78,66,1984.10,-0.56,56.07,52.17,1.0000,-1,-1,-1
78,67,277.37,601.76,127.06,159.21,1.0000,-1,-1,-1
78,76,658.15,537.31,101.16,109.14,1.0000,-1,-1,-1
78,83,790.70,604.77,107.95,150.87,1.0000,-1,-1,-1
78,84,1565.01,1.24,172.38,91.63,1.0000,-1,-1,-1
78,86,641.85,441.13,46.99,65.53,1.0000,-1,-1,-1
78,91,1182.10,765.56,115.09,148.84,0.3356,-1,-1,-1
79,2,665.09,3.19,293.31,297.66,0.4658,-1,-1,-1
79,38,865.27,554.80,84.16,109.12,1.0000,-1,-1,-1
79,41,802.75,312.77,61.80,71.04,1.0000,-1,-1,-1
79,47,959.44,595.60,68.26,78.20,1.0000,-1,-1,-1
79,48,948.52,655.05,107.05,122.66,1.0000,-1,-1,-1
79,50,729.96,513.42,86.75,119.35,1.0000,-1,-1,-1
79,53,1491.90,734.43,193.80,245.53,1.0000,-1,-1,-1
79,54,1093.28,699.93,99.76,120.54,1.0000,-1,-1,-1
79,57,1110.57,750.47,104.32,135.24,1.0000,-1,-1,-1
79,59,1048.17,600.50,63.54,76.91,1.0000,-1,-1,-1
79,60,2115.31,4.57,288.66,227.16,1.0000,-1,-1,-1
79,61,541.01,412.91,100.41,123.10,1.0000,-1,-1,-1
79,66,1994.24,-0.70,52.28,48.65,1.0000,-1,-1,-1
79,67,258.79,611.15,130.29,163.26,1.0000,-1,-1,-1
79,76,658.85,539.59,101.72,109.75,1.0000,-1,-1,-1
79,83,789.71,605.73,111.67,156.06,1.0000,-1,-1,-1
79,84,1584.06,1.33,180.72,96.06,1.0000,-1,-1,-1
79,86,645.57,441.18,44.33,61.82,1.0000,-1,-1,-1
79,91,1184.36,768.67,117.21,151.59,1.0000,-1,-1,-1
80,2,669.55,3.15,293.88,298.24,1.0000,-1,-1,-1
80,38,868.88,557.65,84.58,109.65,1.0000,-1,-1,-1
80,48,945.50,657.84,107.73,123.44,1.0000,-1,-1,-1
80,50,727.15,512.57,87.01,119.70,1.0000,-1,-1,-1
80,53,1498.71,736.05,196.51,248.96,1.0000,-1,-1,-1
80,54,1092.23,703.84,100.06,120.91,1.0000,-1,-1,-1
80,57,1102.33,752.51,104.20,135.08,1.0000,-1,-1,-1
80,59,1044.10,599.67,62.27,75.37,1.0000,-1,-1,-1
80,60,2131.84,4.69,296.89,233.64,1.0000,-1,-1,-1
80,61,538.23,411.54,101.53,124.47,1.0000,-1,-1,-1
80,66,2004.38,-0.83,48.49,45.12,1.0000,-1,-1,-1
80,67,240.21,620.55,133.53,167.31,1.0000,-1,-1,-1
80,76,659.55,541.87,102.28,110.35,1.0000,-1,-1,-1
80,83,788.72,606.70,115.38,161.25,1.0000,-1,-1,-1
80,84,1603.11,1.41,189.06,100.49,1.0000,-1,-1,-1
80,86,649.29,441.23,41.67,58.11,1.0000,-1,-1,-1
80,91,1186.61,771.77,119.34,154.34,1.0000,-1,-1,-1
80,94,1543.21,1.26,358.84,142.06,0.7099,-1,-1,-1
81,2,677.68,3.46,292.68,293.07,0.3676,-1,-1,-1
81,38,872.50,560.50,84.99,110.19,1.0000,-1,-1,-1
81,48,942.47,660.63,108.41,124.22,1.0000,-1,-1,-1
81,50,724.35,511.72,87.26,120.04,1.0000,-1,-1,-1
81,53,1505.52,737.67,199.22,252.39,1.0000,-1,-1,-1
81,54,1091.18,707.76,100.37,121.28,1.0000,-1,-1,-1
81,57,1094.09,754.55,104.08,134.93,1.0000,-1,-1,-1
81,59,1040.03,598.84,61.00,73.83,1.0000,-1,-1,-1
81,60,2148.37,4.81,305.13,240.12,1.0000,-1,-1,-1
81,61,535.46,410.17,102.65,125.84,1.0000,-1,-1,-1
81,66,2014.52,-0.97,44.71,41.60,1.0000,-1,-1,-1
81,67,221.64,629.95,136.76,171.37,1.0000,-1,-1,-1
81,76,660.25,544.16,102.84,110.96,1.0000,-1,-1,-1
81,83,787.73,607.66,119.09,166.44,1.0000,-1,-1,-1
81,84,1622.17,1.50,197.40,104.92,1.0000,-1,-1,-1
81,86,653.01,441.28,39.01,54.40,1.0000,-1,-1,-1
81,91,1188.87,774.87,121.46,157.09,1.0000,-1,-1,-1
81,94,1553.49,1.37,361.74,143.18,0.7587,-1,-1,-1
82,2,678.16,3.73,291.61,291.78,0.3397,-1,-1,-1
82,38,876.11,563.35,85.41,110.73,1.0000,-1,-1,-1
82,48,939.45,663.42,109.09,125.00,1.0000,-1,-1,-1
82,50,721.54,510.87,87.51,120.39,1.0000,-1,-1,-1
82,54,1093.57,708.59,94.98,111.00,0.4528,-1,-1,-1
82,57,1085.84,756.59,103.96,134.78,1.0000,-1,-1,-1
82,59,1035.96,598.01,59.73,72.29,1.0000,-1,-1,-1
82,60,2164.90,4.93,313.37,246.60,1.0000,-1,-1,-1
82,61,532.69,408.80,103.76,127.21,1.0000,-1,-1,-1
82,66,2024.66,-1.11,40.92,38.07,1.0000,-1,-1,-1
82,67,203.06,639.34,139.99,175.42,1.0000,-1,-1,-1
82,76,660.95,546.44,103.40,111.56,1.0000,-1,-1,-1
82,83,786.74,608.63,122.81,171.63,1.0000,-1,-1,-1
82,84,1641.22,1.58,205.74,109.35,1.0000,-1,-1,-1
82,86,656.73,441.33,36.35,50.69,1.0000,-1,-1,-1
82,91,1191.12,777.98,123.59,159.84,1.0000,-1,-1,-1
82,94,1557.94,2.00,371.26,147.34,0.7241,-1,-1,-1
83,2,676.92,3.13,288.55,290.78,0.3180,-1,-1,-1
83,38,879.72,566.20,85.82,111.27,1.0000,-1,-1,-1
83,48,936.42,666.22,109.77,125.77,1.0000,-1,-1,-1
83,50,718.74,510.02,87.77,120.74,1.0000,-1,-1,-1
83,54,1092.99,711.88,95.52,109.40,0.6127,-1,-1,-1
83,57,1077.60,758.62,103.84,134.62,1.0000,-1,-1,-1
83,59,1031.89,597.19,58.45,70.75,1.0000,-1,-1,-1
83,60,2181.43,5.05,321.61,253.09,1.0000,-1,-1,-1
83,61,529.91,407.43,104.88,128.57,1.0000,-1,-1,-1
83,66,2034.80,-1.24,37.13,34.55,1.0000,-1,-1,-1
83,67,184.48,648.74,143.22,179.47,1.0000,-1,-1,-1
83,76,661.65,548.72,103.96,112.16,1.0000,-1,-1,-1
83,83,785.75,609.60,126.52,176.82,1.0000,-1,-1,-1
83,84,1660.27,1.66,214.08,113.79,1.0000,-1,-1,-1
83,86,660.45,441.38,33.69,46.98,1.0000,-1,-1,-1
83,91,1193.37,781.08,125.72,162.59,1.0000,-1,-1,-1
83,94,1565.58,2.22,365.76,145.49,0.7033,-1,-1,-1
84,2,678.80,3.70,277.88,282.87,0.4479,-1,-1,-1
84,38,883.34,569.05,86.24,111.81,1.0000,-1,-1,-1
84,48,933.40,669.01,110.45,126.55,1.0000,-1,-1,-1
84,50,715.94,509.17,88.02,121.09,1.0000,-1,-1,-1
84,54,1090.86,713.77,98.43,111.16,0.6892,-1,-1,-1
84,57,1069.36,760.66,103.72,134.47,1.0000,-1,-1,-1
84,59,1027.82,596.36,57.18,69.21,1.0000,-1,-1,-1
84,60,2197.96,5.17,329.84,259.57,1.0000,-1,-1,-1
84,61,527.14,406.06,105.99,129.94,1.0000,-1,-1,-1
84,66,2044.94,-1.38,33.34,31.02,1.0000,-1,-1,-1
84,67,165.91,658.14,146.46,183.52,1.0000,-1,-1,-1
84,76,662.35,551.00,104.52,112.77,1.0000,-1,-1,-1
84,83,784.76,610.56,130.23,182.01,1.0000,-1,-1,-1
84,84,1679.32,1.75,222.42,118.22,1.0000,-1,-1,-1
84,86,664.17,441.42,31.03,43.27,1.0000,-1,-1,-1
84,91,1195.63,784.19,127.84,165.34,1.0000,-1,-1,-1
84,94,1576.07,1.45,358.08,143.02,0.7106,-1,-1,-1
85,2,684.51,2.66,266.93,275.07,0.6739,-1,-1,-1
85,38,886.95,571.90,86.65,112.34,1.0000,-1,-1,-1
85,48,930.37,671.80,111.13,127.33,1.0000,-1,-1,-1
85,50,713.13,508.32,88.27,121.44,1.0000,-1,-1,-1
85,54,1086.84,714.71,101.48,112.75,0.6283,-1,-1,-1
85,57,1061.11,762.70,103.61,134.31,1.0000,-1,-1,-1
85,59,1023.75,595.53,55.91,67.67,1.0000,-1,-1,-1
85,60,2214.50,5.29,338.08,266.05,1.0000,-1,-1,-1
85,61,524.36,404.69,107.11,131.31,1.0000,-1,-1,-1
85,66,2055.07,-1.51,29.55,27.50,1.0000,-1,-1,-1
85,67,147.33,667.53,149.69,187.57,1.0000,-1,-1,-1
85,76,663.05,553.29,105.08,113.37,1.0000,-1,-1,-1
85,83,783.77,611.53,133.95,187.20,1.0000,-1,-1,-1
85,84,1698.38,1.83,230.76,122.65,1.0000,-1,-1,-1
85,86,667.89,441.47,28.37,39.56,1.0000,-1,-1,-1
85,91,1182.95,768.75,115.42,148.58,0.3904,-1,-1,-1
85,94,1583.61,1.77,357.08,143.72,0.7200,-1,-1,-1
86,2,691.38,2.11,254.28,265.44,0.5919,-1,-1,-1
86,38,890.56,574.75,87.07,112.88,1.0000,-1,-1,-1
86,48,927.35,674.59,111.81,128.11,1.0000,-1,-1,-1
86,50,710.33,507.47,88.53,121.79,1.0000,-1,-1,-1
86,54,1079.56,717.23,104.33,114.94,0.3907,-1,-1,-1
86,57,1052.87,764.74,103.49,134.16,1.0000,-1,-1,-1
86,59,1019.68,594.70,54.64,66.13,1.0000,-1,-1,-1
86,60,2231.03,5.41,346.32,272.53,1.0000,-1,-1,-1
86,61,521.59,403.32,108.22,132.68,1.0000,-1,-1,-1
86,66,2065.21,-1.65,25.77,23.98,1.0000,-1,-1,-1
86,67,128.76,676.93,152.92,191.62,1.0000,-1,-1,-1
86,76,663.75,555.57,105.64,113.98,1.0000,-1,-1,-1
86,83,782.78,612.50,137.66,192.38,1.0000,-1,-1,-1
86,84,1717.43,1.92,239.09,127.08,1.0000,-1,-1,-1
86,86,671.62,441.52,25.71,35.86,1.0000,-1,-1,-1
86,91,1183.76,770.02,116.06,149.41,1.0000,-1,-1,-1
86,94,1591.47,2.16,355.04,144.44,0.7375,-1,-1,-1
87,2,694.93,1.87,245.03,259.31,0.6323,-1,-1,-1
87,38,894.18,577.60,87.48,113.42,1.0000,-1,-1,-1
87,48,924.32,677.38,112.49,128.89,1.0000,-1,-1,-1
87,50,707.52,506.63,88.78,122.14,1.0000,-1,-1,-1
87,54,1072.70,723.93,104.59,114.25,0.3512,-1,-1,-1
87,57,1044.63,766.77,103.37,134.01,1.0000,-1,-1,-1
87,59,1015.60,593.88,53.36,64.59,1.0000,-1,-1,-1
87,60,2247.56,5.53,354.55,279.02,1.0000,-1,-1,-1
87,61,518.82,401.95,109.34,134.04,1.0000,-1,-1,-1
87,66,2075.35,-1.79,21.98,20.45,1.0000,-1,-1,-1
87,67,110.18,686.32,156.16,195.67,1.0000,-1,-1,-1
87,76,664.45,557.85,106.20,114.58,1.0000,-1,-1,-1
87,83,781.79,613.46,141.37,197.57,1.0000,-1,-1,-1
87,84,1736.48,2.00,247.43,131.52,1.0000,-1,-1,-1
87,86,675.34,441.57,23.05,32.15,1.0000,-1,-1,-1
87,91,1184.57,771.30,116.70,150.24,1.0000,-1,-1,-1
87,94,1600.65,2.31,346.08,142.32,0.6997,-1,-1,-1
88,2,698.34,1.73,236.69,253.83,0.5007,-1,-1,-1
88,38,897.79,580.45,87.90,113.96,1.0000,-1,-1,-1
88,48,921.29,680.18,113.17,129.67,1.0000,-1,-1,-1
88,50,704.72,505.78,89.03,122.48,1.0000,-1,-1,-1
88,54,1070.58,727.37,104.59,114.25,1.0000,-1,-1,-1
88,57,1036.38,768.81,103.25,133.85,1.0000,-1,-1,-1
88,60,2264.09,5.65,362.79,285.50,1.0000,-1,-1,-1
88,66,2085.49,-1.92,18.19,16.93,1.0000,-1,-1,-1
88,67,91.60,695.72,159.39,199.72,1.0000,-1,-1,-1
88,76,665.15,560.13,106.76,115.19,1.0000,-1,-1,-1
88,83,780.80,614.43,145.09,202.76,1.0000,-1,-1,-1
88,84,1755.54,2.09,255.77,135.95,1.0000,-1,-1,-1
88,86,679.06,441.62,20.39,28.44,1.0000,-1,-1,-1
88,91,1185.38,772.57,117.35,151.06,1.0000,-1,-1,-1
88,94,1606.18,1.62,341.37,142.10,0.6734,-1,-1,-1
89,2,708.85,2.33,229.28,248.78,0.4874,-1,-1,-1
89,38,901.40,583.30,88.31,114.50,1.0000,-1,-1,-1
89,48,918.27,682.97,113.85,130.45,1.0000,-1,-1,-1
89,50,701.91,504.93,89.29,122.83,1.0000,-1,-1,-1
89,54,1068.45,730.81,104.60,114.25,1.0000,-1,-1,-1
89,57,1028.14,770.85,103.13,133.70,1.0000,-1,-1,-1
89,66,2095.63,-2.06,14.40,13.40,1.0000,-1,-1,-1
89,67,73.03,705.12,162.62,203.77,1.0000,-1,-1,-1
89,76,665.85,562.42,107.32,115.79,1.0000,-1,-1,-1
89,83,779.81,615.39,148.80,207.95,1.0000,-1,-1,-1
89,84,1774.59,2.17,264.11,140.38,1.0000,-1,-1,-1
89,86,682.78,441.67,17.73,24.73,1.0000,-1,-1,-1
89,91,1186.18,773.85,117.99,151.89,1.0000,-1,-1,-1
89,94,1613.50,0.54,337.65,142.77,0.6237,-1,-1,-1
90,2,715.48,2.45,223.04,244.61,0.4621,-1,-1,-1
90,38,905.02,586.15,88.73,115.04,1.0000,-1,-1,-1
90,48,915.24,685.76,114.53,131.23,1.0000,-1,-1,-1
90,50,699.11,504.08,89.54,123.18,1.0000,-1,-1,-1
90,54,1066.32,734.25,104.60,114.25,1.0000,-1,-1,-1
90,57,1019.90,772.89,103.01,133.54,1.0000,-1,-1,-1
90,66,2105.77,-2.19,10.61,9.88,1.0000,-1,-1,-1
90,67,54.45,714.51,165.86,207.83,1.0000,-1,-1,-1
90,76,666.55,564.70,107.88,116.40,1.0000,-1,-1,-1
90,83,778.82,616.36,152.51,213.14,1.0000,-1,-1,-1
90,84,1793.64,2.26,272.45,144.81,1.0000,-1,-1,-1
90,86,686.50,441.72,15.07,21.02,1.0000,-1,-1,-1
90,91,1186.99,775.13,118.63,152.72,1.0000,-1,-1,-1
90,94,1620.55,0.14,330.40,141.88,0.5267,-1,-1,-1
91,2,719.59,2.41,219.64,240.88,1.0000,-1,-1,-1
91,38,908.63,589.00,89.14,115.57,1.0000,-1,-1,-1
91,48,912.22,688.55,115.21,132.01,1.0000,-1,-1,-1
91,50,696.30,503.23,89.79,123.53,1.0000,-1,-1,-1
91,54,1064.20,737.70,104.60,114.25,1.0000,-1,-1,-1
91,57,1011.65,774.93,102.89,133.39,1.0000,-1,-1,-1
91,66,2115.90,-2.33,6.83,6.35,1.0000,-1,-1,-1
91,67,35.87,723.91,169.09,211.88,1.0000,-1,-1,-1
91,76,667.25,566.98,108.44,117.00,1.0000,-1,-1,-1
91,83,777.83,617.33,156.23,218.33,1.0000,-1,-1,-1
91,84,1812.70,2.34,280.79,149.24,1.0000,-1,-1,-1
91,86,690.22,441.76,12.41,17.31,1.0000,-1,-1,-1
91,91,1187.80,776.40,119.27,153.54,1.0000,-1,-1,-1
91,94,1624.51,-0.01,326.21,142.36,0.3920,-1,-1,-1
92,2,723.71,2.37,216.23,237.14,1.0000,-1,-1,-1
92,38,912.24,591.85,89.56,116.11,1.0000,-1,-1,-1
92,48,909.19,691.35,115.89,132.79,1.0000,-1,-1,-1
92,50,693.50,502.38,90.05,123.88,1.0000,-1,-1,-1
92,54,1062.07,741.14,104.60,114.26,1.0000,-1,-1,-1
92,57,1003.41,776.96,102.78,133.24,1.0000,-1,-1,-1
92,66,2126.04,-2.47,3.04,2.83,1.0000,-1,-1,-1
92,67,17.30,733.31,172.32,215.93,1.0000,-1,-1,-1
92,76,667.95,569.26,109.00,117.60,1.0000,-1,-1,-1
92,83,776.84,618.29,159.94,223.52,1.0000,-1,-1,-1
92,84,1831.75,2.43,289.13,153.68,1.0000,-1,-1,-1
92,86,693.94,441.81,9.75,13.60,1.0000,-1,-1,-1
92,91,1188.60,777.68,119.91,154.37,1.0000,-1,-1,-1
92,94,1630.10,-0.16,326.64,142.55,1.0000,-1,-1,-1
93,2,727.83,2.33,212.83,233.40,1.0000,-1,-1,-1
93,38,915.86,594.70,89.97,116.65,1.0000,-1,-1,-1
93,48,906.17,694.14,116.57,133.56,1.0000,-1,-1,-1
93,50,690.70,501.53,90.30,124.23,1.0000,-1,-1,-1
93,54,1059.94,744.58,104.60,114.26,1.0000,-1,-1,-1
93,57,995.17,779.00,102.66,133.08,1.0000,-1,-1,-1
93,66,2136.18,-2.60,-0.75,-0.70,1.0000,-1,-1,-1
93,67,-1.28,742.70,175.55,219.98,1.0000,-1,-1,-1
93,76,668.65,571.55,109.56,118.21,1.0000,-1,-1,-1
93,83,775.85,619.26,163.65,228.71,1.0000,-1,-1,-1
93,84,1850.80,2.51,297.47,158.11,1.0000,-1,-1,-1
93,86,697.66,441.86,7.09,9.89,1.0000,-1,-1,-1
93,91,1189.41,778.95,120.56,155.19,1.0000,-1,-1,-1
93,94,1635.70,-0.32,327.08,142.74,1.0000,-1,-1,-1
94,2,731.95,2.29,209.42,229.67,1.0000,-1,-1,-1
94,38,919.47,597.55,90.39,117.19,1.0000,-1,-1,-1
94,48,903.14,696.93,117.25,134.34,1.0000,-1,-1,-1
94,50,687.89,500.68,90.55,124.58,1.0000,-1,-1,-1
94,54,1057.82,748.02,104.61,114.26,1.0000,-1,-1,-1
94,57,986.92,781.04,102.54,132.93,1.0000,-1,-1,-1
94,76,669.35,573.83,110.12,118.81,1.0000,-1,-1,-1
94,83,774.86,620.23,167.37,233.90,1.0000,-1,-1,-1
94,84,1869.86,2.60,305.81,162.54,1.0000,-1,-1,-1
94,86,701.39,441.91,4.43,6.18,1.0000,-1,-1,-1
94,91,1190.22,780.23,121.20,156.02,1.0000,-1,-1,-1
94,94,1641.29,-0.47,327.51,142.93,1.0000,-1,-1,-1
95,2,736.06,2.25,206.02,225.93,1.0000,-1,-1,-1
95,38,923.08,600.40,90.80,117.73,1.0000,-1,-1,-1
95,48,900.11,699.72,117.93,135.12,1.0000,-1,-1,-1
95,50,685.09,499.83,90.81,124.92,1.0000,-1,-1,-1
95,54,1055.69,751.46,104.61,114.26,1.0000,-1,-1,-1
95,57,978.68,783.08,102.42,132.78,1.0000,-1,-1,-1
95,76,670.05,576.11,110.68,119.42,1.0000,-1,-1,-1
95,83,773.87,621.19,171.08,239.09,1.0000,-1,-1,-1
95,84,1888.91,2.68,314.15,166.97,1.0000,-1,-1,-1
95,86,705.11,441.96,1.77,2.47,1.0000,-1,-1,-1
95,91,1191.03,781.51,121.84,156.85,1.0000,-1,-1,-1
95,94,1646.88,-0.63,327.94,143.12,1.0000,-1,-1,-1
96,2,740.18,2.21,202.61,222.19,1.0000,-1,-1,-1
96,38,926.70,603.25,91.22,118.26,1.0000,-1,-1,-1
96,48,897.09,702.51,118.61,135.90,1.0000,-1,-1,-1
96,50,682.28,498.98,91.06,125.27,1.0000,-1,-1,-1
96,54,1053.56,754.90,104.61,114.26,1.0000,-1,-1,-1
96,57,970.44,785.12,102.30,132.62,1.0000,-1,-1,-1
96,76,670.75,578.39,111.24,120.02,1.0000,-1,-1,-1
96,83,772.88,622.16,174.79,244.28,1.0000,-1,-1,-1
96,84,1907.96,2.77,322.48,171.41,1.0000,-1,-1,-1
96,86,708.83,442.01,-0.89,-1.24,1.0000,-1,-1,-1
96,91,1191.83,782.78,122.48,157.67,1.0000,-1,-1,-1
96,94,1652.48,-0.78,328.38,143.31,1.0000,-1,-1,-1
97,2,744.30,2.17,199.21,218.46,1.0000,-1,-1,-1
97,38,930.31,606.10,91.63,118.80,1.0000,-1,-1,-1
97,48,894.06,705.31,119.29,136.68,1.0000,-1,-1,-1
97,50,679.48,498.14,91.31,125.62,1.0000,-1,-1,-1
97,54,1051.44,758.34,104.61,114.27,1.0000,-1,-1,-1
97,57,962.19,787.15,102.18,132.47,1.0000,-1,-1,-1
97,76,671.45,580.68,111.80,120.63,1.0000,-1,-1,-1
97,83,771.89,623.13,178.51,249.47,1.0000,-1,-1,-1
97,84,1927.02,2.85,330.82,175.84,1.0000,-1,-1,-1
97,86,712.55,442.06,-3.55,-4.95,1.0000,-1,-1,-1
97,91,1192.64,784.06,123.12,158.50,1.0000,-1,-1,-1
97,94,1658.07,-0.94,328.81,143.50,1.0000,-1,-1,-1
98,2,748.42,2.13,195.80,214.72,1.0000,-1,-1,-1
98,38,933.92,608.95,92.05,119.34,1.0000,-1,-1,-1
98,48,891.04,708.10,119.97,137.46,1.0000,-1,-1,-1
98,50,676.67,497.29,91.57,125.97,1.0000,-1,-1,-1
98,54,1049.31,761.78,104.61,114.27,1.0000,-1,-1,-1
98,57,953.95,789.19,102.06,132.31,1.0000,-1,-1,-1
98,76,672.15,582.96,112.36,121.23,1.0000,-1,-1,-1
98,83,770.90,624.09,182.22,254.66,1.0000,-1,-1,-1
98,84,1946.07,2.94,339.16,180.27,1.0000,-1,-1,-1
98,86,716.27,442.11,-6.21,-8.66,1.0000,-1,-1,-1
98,91,1193.45,785.33,123.77,159.33,1.0000,-1,-1,-1
98,94,1663.66,-1.09,329.24,143.69,1.0000,-1,-1,-1
99,2,752.53,2.09,192.40,210.98,1.0000,-1,-1,-1
99,38,937.54,611.80,92.46,119.88,1.0000,-1,-1,-1
99,48,888.01,710.89,120.65,138.24,1.0000,-1,-1,-1
99,50,673.87,496.44,91.82,126.32,1.0000,-1,-1,-1
99,54,1047.18,765.22,104.62,114.27,1.0000,-1,-1,-1
99,57,945.70,791.23,101.94,132.16,1.0000,-1,-1,-1
99,76,672.85,585.24,112.92,121.84,1.0000,-1,-1,-1
99,83,769.91,625.06,185.93,259.85,1.0000,-1,-1,-1
99,84,1965.12,3.02,347.50,184.70,1.0000,-1,-1,-1
99,86,719.99,442.15,-8.87,-12.37,1.0000,-1,-1,-1
99,91,1194.26,786.61,124.41,160.15,1.0000,-1,-1,-1
99,94,1669.26,-1.25,329.68,143.88,1.0000,-1,-1,-1
100,2,756.65,2.05,188.99,207.25,1.0000,-1,-1,-1
100,38,941.15,614.65,92.88,120.42,1.0000,-1,-1,-1
100,48,884.99,713.68,121.33,139.02,1.0000,-1,-1,-1
100,50,671.06,495.59,92.07,126.67,1.0000,-1,-1,-1
100,54,1045.06,768.67,104.62,114.27,1.0000,-1,-1,-1
100,57,937.46,793.27,101.83,132.01,1.0000,-1,-1,-1
100,76,673.55,587.52,113.48,122.44,1.0000,-1,-1,-1
100,83,768.92,626.02,189.65,265.04,1.0000,-1,-1,-1
100,84,1984.18,3.11,355.84,189.13,1.0000,-1,-1,-1
100,86,723.71,442.20,-11.53,-16.08,1.0000,-1,-1,-1
100,91,1195.06,787.89,125.05,160.98,1.0000,-1,-1,-1
100,94,1674.85,-1.40,330.11,144.06,1.0000,-1,-1,-1
101,2,760.77,2.01,185.59,203.51,1.0000,-1,-1,-1
101,38,944.76,617.50,93.29,120.95,1.0000,-1,-1,-1
101,48,881.96,716.47,122.01,139.80,1.0000,-1,-1,-1
101,54,1042.93,772.11,104.62,114.27,1.0000,-1,-1,-1
101,57,929.22,795.30,101.71,131.85,1.0000,-1,-1,-1
101,76,674.25,589.81,114.04,123.04,1.0000,-1,-1,-1
101,83,767.93,626.99,193.36,270.23,1.0000,-1,-1,-1
101,84,2003.23,3.19,364.18,193.57,1.0000,-1,-1,-1
101,86,727.43,442.25,-14.19,-19.79,1.0000,-1,-1,-1
101,91,1195.87,789.16,125.69,161.81,1.0000,-1,-1,-1
101,94,1680.44,-1.56,330.55,144.25,1.0000,-1,-1,-1
101,107,745.38,2.66,194.73,198.89,0.4301,-1,-1,-1
102,2,764.89,1.97,182.18,199.77,1.0000,-1,-1,-1
102,38,948.38,620.35,93.71,121.49,1.0000,-1,-1,-1
102,54,1040.80,775.55,104.62,114.27,1.0000,-1,-1,-1
102,76,674.95,592.09,114.60,123.65,1.0000,-1,-1,-1
102,83,766.94,627.96,197.08,275.42,1.0000,-1,-1,-1
102,84,2022.28,3.28,372.52,198.00,1.0000,-1,-1,-1
102,86,731.16,442.30,-16.85,-23.50,1.0000,-1,-1,-1
102,91,1196.68,790.44,126.33,162.63,1.0000,-1,-1,-1
102,94,1686.04,-1.71,330.98,144.44,1.0000,-1,-1,-1
102,107,750.31,2.78,188.05,189.73,0.4075,-1,-1,-1
103,2,769.01,1.92,178.78,196.04,1.0000,-1,-1,-1
103,38,951.99,623.20,94.12,122.03,1.0000,-1,-1,-1
103,54,1038.68,778.99,104.62,114.28,1.0000,-1,-1,-1
103,76,675.65,594.37,115.16,124.25,1.0000,-1,-1,-1
103,83,765.95,628.92,200.79,280.61,1.0000,-1,-1,-1
103,84,2041.34,3.36,380.86,202.43,1.0000,-1,-1,-1
103,86,734.88,442.35,-19.51,-27.21,1.0000,-1,-1,-1
103,91,1197.48,791.72,126.98,163.46,1.0000,-1,-1,-1
103,94,1691.63,-1.87,331.41,144.63,1.0000,-1,-1,-1
103,107,748.76,2.91,186.55,184.51,0.5838,-1,-1,-1
104,2,773.12,1.88,175.37,192.30,1.0000,-1,-1,-1
104,38,955.60,626.05,94.54,122.57,1.0000,-1,-1,-1
104,54,1036.55,782.43,104.63,114.28,1.0000,-1,-1,-1
104,76,676.35,596.65,115.72,124.86,1.0000,-1,-1,-1
104,83,764.96,629.89,204.50,285.80,1.0000,-1,-1,-1
104,84,2060.39,3.45,389.20,206.86,1.0000,-1,-1,-1
104,91,1198.29,792.99,127.62,164.28,1.0000,-1,-1,-1
104,94,1697.22,-2.02,331.85,144.82,1.0000,-1,-1,-1
104,107,749.44,2.81,187.57,180.71,0.5861,-1,-1,-1
105,2,777.24,1.84,171.97,188.56,1.0000,-1,-1,-1
105,38,959.22,628.90,94.95,123.11,1.0000,-1,-1,-1
105,54,1034.42,785.87,104.63,114.28,1.0000,-1,-1,-1
105,76,677.05,598.94,116.28,125.46,1.0000,-1,-1,-1
105,83,763.97,630.86,208.22,290.99,1.0000,-1,-1,-1
105,84,2079.44,3.53,397.54,211.29,1.0000,-1,-1,-1
105,91,1199.10,794.27,128.26,165.11,1.0000,-1,-1,-1
105,94,1702.82,-2.18,332.28,145.01,1.0000,-1,-1,-1
105,107,752.45,2.74,188.62,176.13,0.7697,-1,-1,-1
106,2,781.36,1.80,168.56,184.83,1.0000,-1,-1,-1
106,38,962.83,631.75,95.37,123.65,1.0000,-1,-1,-1
106,54,1032.30,789.31,104.63,114.28,1.0000,-1,-1,-1
106,76,677.75,601.22,116.84,126.07,1.0000,-1,-1,-1
106,83,762.98,631.82,211.93,296.18,1.0000,-1,-1,-1
106,84,2098.49,3.62,405.87,215.73,1.0000,-1,-1,-1
106,91,1199.91,795.54,128.90,165.94,1.0000,-1,-1,-1
106,94,1708.41,-2.33,332.71,145.20,1.0000,-1,-1,-1
106,107,756.92,2.43,192.34,173.88,0.7358,-1,-1,-1
107,2,785.48,1.76,165.15,181.09,1.0000,-1,-1,-1
107,54,1030.17,792.75,104.63,114.28,1.0000,-1,-1,-1
107,83,761.99,632.79,215.64,301.37,1.0000,-1,-1,-1
107,91,1200.71,796.82,129.54,166.76,1.0000,-1,-1,-1
107,94,1714.00,-2.49,333.15,145.39,1.0000,-1,-1,-1
107,107,763.63,3.19,194.22,169.79,0.5524,-1,-1,-1
108,2,789.59,1.72,161.75,177.35,1.0000,-1,-1,-1
108,54,1028.04,796.19,104.63,114.28,1.0000,-1,-1,-1
108,91,1201.52,798.10,130.19,167.59,1.0000,-1,-1,-1
108,94,1719.60,-2.64,333.58,145.58,1.0000,-1,-1,-1
108,107,773.74,3.16,196.60,166.19,0.5741,-1,-1,-1
109,2,793.71,1.68,158.34,173.62,1.0000,-1,-1,-1
109,54,1025.92,799.64,104.64,114.29,1.0000,-1,-1,-1
109,91,1202.33,799.37,130.83,168.42,1.0000,-1,-1,-1
109,94,1725.19,-2.80,334.02,145.77,1.0000,-1,-1,-1
109,107,789.03,2.82,197.17,161.60,0.4729,-1,-1,-1
110,2,797.83,1.64,154.94,169.88,1.0000,-1,-1,-1
110,54,1023.79,803.08,104.64,114.29,1.0000,-1,-1,-1
110,91,1203.14,800.65,131.47,169.24,1.0000,-1,-1,-1
110,94,1730.78,-2.95,334.45,145.96,1.0000,-1,-1,-1
110,107,798.35,2.86,191.35,156.83,1.0000,-1,-1,-1
111,2,801.95,1.60,151.53,166.14,1.0000,-1,-1,-1
111,54,1021.66,806.52,104.64,114.29,1.0000,-1,-1,-1
111,91,1203.94,801.92,132.11,170.07,1.0000,-1,-1,-1
111,94,1736.38,-3.11,334.88,146.15,1.0000,-1,-1,-1
111,107,807.67,2.89,185.53,152.06,1.0000,-1,-1,-1
112,2,806.07,1.56,148.12,162.41,1.0000,-1,-1,-1
112,54,1019.54,809.96,104.64,114.29,1.0000,-1,-1,-1
112,91,1204.75,803.20,132.75,170.90,1.0000,-1,-1,-1
112,94,1741.97,-3.26,335.32,146.34,1.0000,-1,-1,-1
112,107,816.98,2.92,179.72,147.29,1.0000,-1,-1,-1
113,2,810.18,1.52,144.72,158.67,1.0000,-1,-1,-1
113,54,1017.41,813.40,104.64,114.29,1.0000,-1,-1,-1
113,91,1205.56,804.48,133.40,171.72,1.0000,-1,-1,-1
113,94,1747.56,-3.42,335.75,146.53,1.0000,-1,-1,-1
113,107,826.30,2.95,173.90,142.52,1.0000,-1,-1,-1
114,2,814.30,1.48,141.31,154.93,1.0000,-1,-1,-1
114,54,1015.28,816.84,104.65,114.30,1.0000,-1,-1,-1
114,91,1206.36,805.75,134.04,172.55,1.0000,-1,-1,-1
114,94,1753.16,-3.57,336.18,146.72,1.0000,-1,-1,-1
114,107,835.62,2.99,168.08,137.76,1.0000,-1,-1,-1
115,2,818.42,1.44,137.90,151.20,1.0000,-1,-1,-1
115,54,1013.16,820.28,104.65,114.30,1.0000,-1,-1,-1
115,91,1207.17,807.03,134.68,173.38,1.0000,-1,-1,-1
115,94,1758.75,-3.73,336.62,146.91,1.0000,-1,-1,-1
115,107,844.93,3.02,162.26,132.99,1.0000,-1,-1,-1
116,2,822.54,1.40,134.50,147.46,1.0000,-1,-1,-1
116,54,1011.03,823.72,104.65,114.30,1.0000,-1,-1,-1
116,94,1764.34,-3.88,337.05,147.09,1.0000,-1,-1,-1
116,107,854.25,3.05,156.44,128.22,1.0000,-1,-1,-1
117,2,826.66,1.35,131.09,143.72,1.0000,-1,-1,-1
117,54,1008.90,827.16,104.65,114.30,1.0000,-1,-1,-1
117,94,1769.94,-4.04,337.49,147.28,1.0000,-1,-1,-1
117,107,863.57,3.09,150.63,123.45,1.0000,-1,-1,-1
117,113,819.94,340.35,93.68,132.63,0.5096,-1,-1,-1
118,2,830.78,1.31,127.68,139.99,1.0000,-1,-1,-1
118,94,1775.53,-4.19,337.92,147.47,1.0000,-1,-1,-1
118,107,872.89,3.12,144.81,118.68,1.0000,-1,-1,-1
118,113,828.87,333.00,89.74,126.41,0.6336,-1,-1,-1
118,114,866.01,2.19,247.49,144.12,0.4669,-1,-1,-1
119,2,834.89,1.27,124.28,136.25,1.0000,-1,-1,-1
119,94,1781.12,-4.35,338.35,147.66,1.0000,-1,-1,-1
119,107,882.20,3.15,138.99,113.91,1.0000,-1,-1,-1
119,113,837.92,329.28,89.56,125.46,0.6434,-1,-1,-1
119,114,871.72,2.06,246.79,143.71,1.0000,-1,-1,-1
120,2,839.01,1.23,120.87,132.51,1.0000,-1,-1,-1
120,94,1786.72,-4.50,338.79,147.85,1.0000,-1,-1,-1
120,107,891.52,3.18,133.17,109.15,1.0000,-1,-1,-1
120,113,845.96,326.30,88.99,123.75,0.6814,-1,-1,-1
120,114,877.42,1.92,246.09,143.30,1.0000,-1,-1,-1
120,115,773.29,469.64,151.74,153.29,0.5055,-1,-1,-1
120,116,966.79,433.21,82.06,131.88,0.4705,-1,-1,-1
121,94,1792.31,-4.66,339.22,148.04,1.0000,-1,-1,-1
121,107,900.84,3.22,127.35,104.38,1.0000,-1,-1,-1
121,113,853.65,322.70,88.82,122.75,0.6635,-1,-1,-1
121,114,883.12,1.78,245.39,142.90,1.0000,-1,-1,-1
121,115,779.01,465.58,154.71,157.02,0.3902,-1,-1,-1
121,116,972.29,430.91,82.19,132.08,1.0000,-1,-1,-1
122,107,910.15,3.25,121.54,99.61,1.0000,-1,-1,-1
122,113,865.18,318.49,85.96,118.11,0.5979,-1,-1,-1
122,114,888.83,1.64,244.69,142.49,1.0000,-1,-1,-1
122,115,786.44,463.03,157.16,160.66,0.4012,-1,-1,-1
122,116,977.80,428.60,82.31,132.28,1.0000,-1,-1,-1
123,107,919.47,3.28,115.72,94.84,1.0000,-1,-1,-1
123,113,873.60,315.48,87.08,119.16,0.4772,-1,-1,-1
123,114,894.53,1.51,243.98,142.08,1.0000,-1,-1,-1
123,115,790.39,461.52,159.50,163.06,1.0000,-1,-1,-1
123,116,983.30,426.30,82.44,132.49,1.0000,-1,-1,-1
124,107,928.79,3.32,109.90,90.07,1.0000,-1,-1,-1
124,113,886.07,314.02,87.39,119.09,0.4870,-1,-1,-1
124,114,937.88,3.03,249.60,145.40,0.3417,-1,-1,-1
124,115,794.34,460.01,161.85,165.46,1.0000,-1,-1,-1
124,116,988.81,423.99,82.57,132.69,1.0000,-1,-1,-1
125,107,938.10,3.35,104.08,85.30,1.0000,-1,-1,-1
125,113,898.29,314.02,86.32,117.45,0.4370,-1,-1,-1
125,114,948.60,3.11,249.75,145.49,1.0000,-1,-1,-1
125,115,798.29,458.51,164.20,167.86,1.0000,-1,-1,-1
125,116,994.31,421.69,82.69,132.89,1.0000,-1,-1,-1
126,107,947.42,3.38,98.26,80.53,1.0000,-1,-1,-1
126,113,907.76,317.17,86.02,116.63,0.5239,-1,-1,-1
126,114,959.32,3.19,249.91,145.57,1.0000,-1,-1,-1
126,115,802.23,457.00,166.55,170.26,1.0000,-1,-1,-1
126,116,999.81,419.38,82.82,133.10,1.0000,-1,-1,-1
127,107,956.74,3.41,92.45,75.77,1.0000,-1,-1,-1
127,113,912.64,318.26,87.99,119.31,0.5449,-1,-1,-1
127,114,957.54,2.47,244.25,142.42,0.3167,-1,-1,-1
127,115,806.18,455.49,168.89,172.66,1.0000,-1,-1,-1
127,116,1005.32,417.08,82.94,133.30,1.0000,-1,-1,-1
128,107,966.05,3.45,86.63,71.00,1.0000,-1,-1,-1
128,113,917.39,322.32,87.97,119.95,0.5570,-1,-1,-1
128,114,963.14,2.73,241.22,140.97,0.3237,-1,-1,-1
128,115,810.13,453.98,171.24,175.06,1.0000,-1,-1,-1
128,116,1010.82,414.77,83.07,133.50,1.0000,-1,-1,-1
128,117,1009.25,420.96,89.28,122.45,0.4927,-1,-1,-1
129,107,975.37,3.48,80.81,66.23,1.0000,-1,-1,-1
129,113,924.25,327.50,86.74,119.09,0.4892,-1,-1,-1
129,114,971.92,2.76,240.49,140.54,1.0000,-1,-1,-1
129,115,814.08,452.47,173.59,177.46,1.0000,-1,-1,-1
129,116,1016.32,412.47,83.20,133.70,1.0000,-1,-1,-1
129,117,1011.97,425.20,91.46,126.03,0.3122,-1,-1,-1
130,107,984.69,3.51,74.99,61.46,1.0000,-1,-1,-1
130,113,929.33,332.97,86.73,119.26,0.5381,-1,-1,-1
130,114,980.71,2.78,239.76,140.12,1.0000,-1,-1,-1
130,115,818.02,450.96,175.94,179.86,1.0000,-1,-1,-1
130,116,1021.83,410.16,83.32,133.91,1.0000,-1,-1,-1
130,117,1010.77,429.69,96.08,133.33,0.4189,-1,-1,-1
131,107,994.00,3.55,69.17,56.69,1.0000,-1,-1,-1
131,113,934.25,343.03,91.03,125.49,0.4009,-1,-1,-1
131,114,985.38,4.22,246.50,145.58,0.4779,-1,-1,-1
131,115,821.97,449.45,178.28,182.26,1.0000,-1,-1,-1
131,116,1027.33,407.86,83.45,134.11,1.0000,-1,-1,-1
131,117,1016.17,436.90,95.83,133.70,0.4590,-1,-1,-1
132,107,1003.32,3.58,63.35,51.92,1.0000,-1,-1,-1
132,113,942.58,352.94,91.23,125.59,0.3975,-1,-1,-1
132,114,992.58,4.30,249.48,148.88,0.5869,-1,-1,-1
132,115,825.92,447.94,180.63,184.66,1.0000,-1,-1,-1
132,116,1032.83,405.55,83.58,134.31,1.0000,-1,-1,-1
132,117,1022.80,444.14,90.85,126.70,0.4875,-1,-1,-1
132,122,911.54,496.00,79.12,127.90,0.4600,-1,-1,-1
133,107,1012.64,3.61,57.54,47.16,1.0000,-1,-1,-1
133,113,947.45,366.97,89.70,123.65,0.3301,-1,-1,-1
133,114,996.55,4.24,261.04,157.77,0.4690,-1,-1,-1
133,115,829.87,446.44,182.98,187.06,1.0000,-1,-1,-1
133,116,1038.34,403.24,83.70,134.52,1.0000,-1,-1,-1
133,117,1024.00,455.57,91.06,127.31,0.3984,-1,-1,-1
133,122,914.05,501.08,79.71,128.85,1.0000,-1,-1,-1
134,107,1021.95,3.65,51.72,42.39,1.0000,-1,-1,-1
134,113,950.26,376.79,89.50,124.08,0.3176,-1,-1,-1
134,114,997.34,4.39,269.02,164.86,0.6326,-1,-1,-1
134,115,833.81,444.93,185.33,189.46,1.0000,-1,-1,-1
134,116,1043.84,400.94,83.83,134.72,1.0000,-1,-1,-1
134,117,1028.44,461.26,92.93,129.94,0.3746,-1,-1,-1
134,122,916.56,506.16,80.29,129.79,1.0000,-1,-1,-1
135,107,1031.27,3.68,45.90,37.62,1.0000,-1,-1,-1
135,113,952.01,386.83,86.68,119.30,0.3154,-1,-1,-1
135,114,1004.71,3.87,270.15,167.10,0.5479,-1,-1,-1
135,115,837.76,443.42,187.67,191.86,1.0000,-1,-1,-1
135,116,1049.34,398.63,83.95,134.92,1.0000,-1,-1,-1
135,117,1034.03,467.34,93.59,130.72,0.3039,-1,-1,-1
135,122,916.27,520.90,79.22,126.83,0.3699,-1,-1,-1
136,107,1040.59,3.71,40.08,32.85,1.0000,-1,-1,-1
136,113,958.07,391.73,86.42,118.94,1.0000,-1,-1,-1
136,114,1005.39,3.64,274.88,171.72,0.3249,-1,-1,-1
136,115,841.71,441.91,190.02,194.26,1.0000,-1,-1,-1
136,116,1054.85,396.33,84.08,135.12,1.0000,-1,-1,-1
136,117,1037.61,472.86,93.84,131.07,1.0000,-1,-1,-1
136,122,915.86,525.11,79.28,125.52,0.3302,-1,-1,-1
137,107,1049.91,3.74,34.26,28.08,1.0000,-1,-1,-1
137,113,964.13,396.63,86.17,118.59,1.0000,-1,-1,-1
137,114,1011.21,3.69,278.56,174.01,1.0000,-1,-1,-1
137,115,845.66,440.40,192.37,196.66,1.0000,-1,-1,-1
137,116,1060.35,394.02,84.21,135.33,1.0000,-1,-1,-1
137,117,1041.20,478.39,94.09,131.42,1.0000,-1,-1,-1
137,122,917.47,531.71,79.17,125.35,1.0000,-1,-1,-1
138,107,1059.22,3.78,28.45,23.31,1.0000,-1,-1,-1
138,113,970.19,401.54,85.91,118.23,1.0000,-1,-1,-1
138,114,1002.38,3.57,284.72,179.80,0.4887,-1,-1,-1
138,115,849.60,438.89,194.71,199.06,1.0000,-1,-1,-1
138,116,1065.85,391.72,84.33,135.53,1.0000,-1,-1,-1
138,117,1044.79,483.91,94.34,131.77,1.0000,-1,-1,-1
138,122,919.09,538.30,79.06,125.18,1.0000,-1,-1,-1
139,107,1068.54,3.81,22.63,18.54,1.0000,-1,-1,-1
139,113,976.25,406.44,85.65,117.88,1.0000,-1,-1,-1
139,114,999.65,3.60,288.13,183.81,0.4821,-1,-1,-1
139,115,853.55,437.38,197.06,201.46,1.0000,-1,-1,-1
139,116,1071.36,389.41,84.46,135.73,1.0000,-1,-1,-1
139,117,1048.38,489.43,94.59,132.12,1.0000,-1,-1,-1
139,122,920.70,544.90,78.96,125.01,1.0000,-1,-1,-1
140,113,982.30,411.34,85.39,117.52,1.0000,-1,-1,-1
140,114,997.41,4.55,288.10,185.67,0.3545,-1,-1,-1
140,115,857.50,435.87,199.41,203.86,1.0000,-1,-1,-1
140,116,1076.86,387.11,84.59,135.94,1.0000,-1,-1,-1
140,117,1051.97,494.95,94.84,132.47,1.0000,-1,-1,-1
140,122,922.31,551.50,78.85,124.85,1.0000,-1,-1,-1
140,131,1124.11,630.96,105.80,162.52,0.5342,-1,-1,-1
141,113,988.36,416.25,85.13,117.17,1.0000,-1,-1,-1
141,114,995.04,4.85,286.95,186.73,0.4142,-1,-1,-1
141,115,861.45,434.37,201.76,206.26,1.0000,-1,-1,-1
141,116,1082.36,384.80,84.71,136.14,1.0000,-1,-1,-1
141,117,1055.56,500.48,95.09,132.82,1.0000,-1,-1,-1
141,122,923.92,558.09,78.74,124.68,1.0000,-1,-1,-1
141,131,1116.48,625.41,97.98,150.29,0.4592,-1,-1,-1
142,113,994.42,421.15,84.87,116.81,1.0000,-1,-1,-1
142,114,992.50,4.16,287.79,189.08,0.5593,-1,-1,-1
142,115,865.39,432.86,204.10,208.66,1.0000,-1,-1,-1
142,116,1087.87,382.50,84.84,136.34,1.0000,-1,-1,-1
142,117,1059.15,506.00,95.34,133.17,1.0000,-1,-1,-1
142,122,925.53,564.69,78.64,124.51,1.0000,-1,-1,-1
142,131,1108.87,614.39,98.19,150.39,0.4851,-1,-1,-1
143,113,1000.48,426.05,84.62,116.46,1.0000,-1,-1,-1
143,114,991.49,4.50,285.08,188.83,0.5152,-1,-1,-1
143,115,869.34,431.35,206.45,211.06,1.0000,-1,-1,-1
143,116,1093.37,380.19,84.96,136.55,1.0000,-1,-1,-1
143,117,1062.74,511.52,95.59,133.52,1.0000,-1,-1,-1
143,122,927.15,571.29,78.53,124.34,1.0000,-1,-1,-1
143,131,1103.96,608.64,96.46,147.74,1.0000,-1,-1,-1
144,113,1006.54,430.96,84.36,116.10,1.0000,-1,-1,-1
144,114,993.17,4.06,282.98,188.32,0.5586,-1,-1,-1
144,115,873.29,429.84,208.80,213.46,1.0000,-1,-1,-1
144,116,1098.87,377.89,85.09,136.75,1.0000,-1,-1,-1
144,117,1066.33,517.05,95.85,133.87,1.0000,-1,-1,-1
144,122,928.76,577.88,78.42,124.17,1.0000,-1,-1,-1
144,131,1099.04,602.90,94.73,145.09,1.0000,-1,-1,-1
145,113,1012.59,435.86,84.10,115.74,1.0000,-1,-1,-1
145,114,997.51,4.19,280.84,187.15,0.4064,-1,-1,-1
145,115,877.24,428.33,211.15,215.86,1.0000,-1,-1,-1
145,116,1104.38,375.58,85.22,136.95,1.0000,-1,-1,-1
145,117,1069.92,522.57,96.10,134.22,1.0000,-1,-1,-1
145,122,930.37,584.48,78.32,124.00,1.0000,-1,-1,-1
145,131,1094.13,597.15,93.00,142.45,1.0000,-1,-1,-1
146,113,1018.65,440.77,83.84,115.39,1.0000,-1,-1,-1
146,114,999.15,4.23,283.29,188.79,1.0000,-1,-1,-1
146,115,881.18,426.82,213.49,218.26,1.0000,-1,-1,-1
146,116,1109.88,373.28,85.34,137.15,1.0000,-1,-1,-1
146,117,1073.50,528.09,96.35,134.57,1.0000,-1,-1,-1
146,122,931.98,591.07,78.21,123.83,1.0000,-1,-1,-1
146,131,1089.21,591.41,91.28,139.80,1.0000,-1,-1,-1
147,113,1024.71,445.67,83.58,115.03,1.0000,-1,-1,-1
147,114,1000.80,4.27,285.75,190.42,1.0000,-1,-1,-1
147,115,885.13,425.31,215.84,220.66,1.0000,-1,-1,-1
147,116,1115.38,370.97,85.47,137.36,1.0000,-1,-1,-1
147,117,1077.09,533.62,96.60,134.92,1.0000,-1,-1,-1
147,122,933.59,597.67,78.10,123.67,1.0000,-1,-1,-1
147,131,1084.30,585.66,89.55,137.15,1.0000,-1,-1,-1
148,113,1030.77,450.57,83.32,114.68,1.0000,-1,-1,-1
148,114,1002.45,4.32,288.20,192.06,1.0000,-1,-1,-1
148,115,889.08,423.81,218.19,223.06,1.0000,-1,-1,-1
148,116,1120.89,368.67,85.60,137.56,1.0000,-1,-1,-1
148,117,1080.68,539.14,96.85,135.27,1.0000,-1,-1,-1
148,122,935.21,604.27,78.00,123.50,1.0000,-1,-1,-1
148,131,1079.39,579.92,87.82,134.50,1.0000,-1,-1,-1
149,113,1036.83,455.48,83.07,114.32,1.0000,-1,-1,-1
149,114,1004.10,4.36,290.66,193.70,1.0000,-1,-1,-1
149,115,893.03,422.30,220.54,225.46,1.0000,-1,-1,-1
149,116,1126.39,366.36,85.72,137.76,1.0000,-1,-1,-1
149,117,1084.27,544.66,97.10,135.62,1.0000,-1,-1,-1
149,122,936.82,610.86,77.89,123.33,1.0000,-1,-1,-1
149,131,1074.47,574.17,86.09,131.86,1.0000,-1,-1,-1
150,113,1042.88,460.38,82.81,113.97,1.0000,-1,-1,-1
150,114,1005.75,4.40,293.11,195.33,1.0000,-1,-1,-1
150,115,896.97,420.79,222.88,227.85,1.0000,-1,-1,-1
150,116,1131.89,364.06,85.85,137.97,1.0000,-1,-1,-1
150,117,1087.86,550.18,97.35,135.97,1.0000,-1,-1,-1
150,122,938.43,617.46,77.79,123.16,1.0000,-1,-1,-1
150,131,1069.56,568.43,84.36,129.21,1.0000,-1,-1,-1
151,113,1048.94,465.28,82.55,113.61,1.0000,-1,-1,-1
151,114,1055.42,3.49,285.62,188.49,0.4046,-1,-1,-1
151,115,900.92,419.28,225.23,230.25,1.0000,-1,-1,-1
151,117,1091.45,555.71,97.60,136.32,1.0000,-1,-1,-1
151,122,940.04,624.05,77.68,122.99,1.0000,-1,-1,-1
151,131,1064.64,562.68,82.64,126.56,1.0000,-1,-1,-1
152,113,1055.00,470.19,82.29,113.26,1.0000,-1,-1,-1
152,114,1072.43,4.16,285.45,186.12,0.3075,-1,-1,-1
152,115,904.87,417.77,227.58,232.65,1.0000,-1,-1,-1
152,117,1095.04,561.23,97.85,136.67,1.0000,-1,-1,-1
152,122,941.65,630.65,77.57,122.82,1.0000,-1,-1,-1
152,131,1059.73,556.94,80.91,123.92,1.0000,-1,-1,-1
152,138,869.26,499.05,115.68,184.51,0.4045,-1,-1,-1
153,113,1061.06,475.09,82.03,112.90,1.0000,-1,-1,-1
153,114,1079.43,4.19,286.39,186.73,1.0000,-1,-1,-1
153,117,1098.63,566.75,98.10,137.02,1.0000,-1,-1,-1
153,122,943.27,637.25,77.47,122.65,1.0000,-1,-1,-1
153,131,1054.82,551.19,79.18,121.27,1.0000,-1,-1,-1
153,138,862.84,496.61,113.42,180.49,0.6087,-1,-1,-1
154,113,1067.12,479.99,81.77,112.54,1.0000,-1,-1,-1
154,114,1086.43,4.22,287.32,187.34,1.0000,-1,-1,-1
154,117,1102.22,572.28,98.35,137.37,1.0000,-1,-1,-1
154,122,944.88,643.84,77.36,122.49,1.0000,-1,-1,-1
154,131,1049.90,545.45,77.45,118.62,1.0000,-1,-1,-1
154,138,862.88,497.40,110.19,174.56,0.4534,-1,-1,-1
155,113,1073.17,484.90,81.52,112.19,1.0000,-1,-1,-1
155,114,1093.43,4.26,288.26,187.95,1.0000,-1,-1,-1
155,117,1105.80,577.80,98.60,137.72,1.0000,-1,-1,-1
155,122,946.49,650.44,77.25,122.32,1.0000,-1,-1,-1
155,131,1044.99,539.70,75.72,115.98,1.0000,-1,-1,-1
155,138,873.29,484.96,109.35,172.62,0.4565,-1,-1,-1
156,113,1079.23,489.80,81.26,111.83,1.0000,-1,-1,-1
156,114,1100.43,4.29,289.19,188.56,1.0000,-1,-1,-1
156,117,1109.39,583.32,98.85,138.07,1.0000,-1,-1,-1
156,122,948.10,657.04,77.15,122.15,1.0000,-1,-1,-1
156,131,1040.07,533.96,73.99,113.33,1.0000,-1,-1,-1
156,138,880.17,472.87,109.74,171.81,0.5946,-1,-1,-1
157,113,1085.29,494.70,81.00,111.48,1.0000,-1,-1,-1
157,114,1107.44,4.32,290.13,189.17,1.0000,-1,-1,-1
157,117,1112.98,588.85,99.10,138.42,1.0000,-1,-1,-1
157,122,949.71,663.63,77.04,121.98,1.0000,-1,-1,-1
157,131,1035.16,528.21,72.27,110.68,1.0000,-1,-1,-1
157,138,881.65,465.12,110.60,171.31,0.4360,-1,-1,-1
158,113,1091.35,499.61,80.74,111.12,1.0000,-1,-1,-1
158,114,1114.44,4.36,291.06,189.78,1.0000,-1,-1,-1
158,117,1116.57,594.37,99.35,138.77,1.0000,-1,-1,-1
158,122,951.33,670.23,76.93,121.81,1.0000,-1,-1,-1
158,131,1030.24,522.47,70.54,108.03,1.0000,-1,-1,-1
158,138,886.26,458.57,110.99,170.21,0.5737,-1,-1,-1
158,146,993.30,470.64,137.94,115.23,0.4595,-1,-1,-1
159,113,1097.41,504.51,80.48,110.77,1.0000,-1,-1,-1
159,114,1121.44,4.39,292.00,190.39,1.0000,-1,-1,-1
159,117,1120.16,599.89,99.60,139.12,1.0000,-1,-1,-1
159,122,952.94,676.82,76.83,121.64,1.0000,-1,-1,-1
159,131,1025.33,516.72,68.81,105.39,1.0000,-1,-1,-1
159,138,892.06,446.85,111.29,169.83,0.5371,-1,-1,-1
159,146,1007.25,468.35,141.35,117.80,0.3853,-1,-1,-1
160,113,1103.46,509.41,80.22,110.41,1.0000,-1,-1,-1
160,114,1128.44,4.42,292.93,191.00,1.0000,-1,-1,-1
160,117,1123.75,605.41,99.85,139.47,1.0000,-1,-1,-1
160,122,954.55,683.42,76.72,121.47,1.0000,-1,-1,-1
160,131,1020.42,510.98,67.08,102.74,1.0000,-1,-1,-1
160,138,900.13,432.37,111.18,169.68,0.5147,-1,-1,-1
160,146,1018.25,468.36,142.82,119.02,1.0000,-1,-1,-1
160,147,997.76,667.93,106.06,183.59,0.4546,-1,-1,-1
160,148,1076.60,562.84,131.93,155.38,0.3189,-1,-1,-1
160,149,1145.89,480.44,91.82,121.26,0.3815,-1,-1,-1
160,150,1154.30,738.12,128.51,170.28,0.4762,-1,-1,-1
161,113,1109.52,514.32,79.97,110.06,1.0000,-1,-1,-1
161,114,1135.44,4.46,293.87,191.61,1.0000,-1,-1,-1
161,117,1127.34,610.94,100.11,139.82,1.0000,-1,-1,-1
161,122,956.16,690.02,76.61,121.31,1.0000,-1,-1,-1
161,131,1015.50,505.23,65.35,100.09,1.0000,-1,-1,-1
161,138,905.32,424.04,117.26,180.42,0.5079,-1,-1,-1
161,146,1032.47,462.94,143.47,119.48,0.4219,-1,-1,-1
161,147,1006.44,658.47,102.27,177.03,1.0000,-1,-1,-1
161,148,1082.76,555.30,130.74,153.97,1.0000,-1,-1,-1
161,149,1156.84,475.77,95.37,125.99,0.5342,-1,-1,-1
161,150,1156.74,731.48,130.06,172.32,1.0000,-1,-1,-1
162,113,1115.58,519.22,79.71,109.70,1.0000,-1,-1,-1
162,114,1142.44,4.49,294.80,192.22,1.0000,-1,-1,-1
162,117,1130.93,616.46,100.36,140.17,1.0000,-1,-1,-1
162,122,957.77,696.61,76.51,121.14,1.0000,-1,-1,-1
162,131,1010.59,499.49,63.62,97.45,1.0000,-1,-1,-1
162,138,909.47,415.99,117.34,180.56,1.0000,-1,-1,-1
162,146,1044.18,461.76,144.74,120.54,1.0000,-1,-1,-1
162,147,1015.12,649.00,98.48,170.46,1.0000,-1,-1,-1
162,148,1088.92,547.76,129.54,152.56,1.0000,-1,-1,-1
162,149,1164.75,481.66,94.64,125.22,0.3699,-1,-1,-1
162,150,1159.19,724.83,131.61,174.37,1.0000,-1,-1,-1
163,113,1121.64,524.13,79.45,109.34,1.0000,-1,-1,-1
163,114,1149.44,4.52,295.74,192.83,1.0000,-1,-1,-1
163,117,1134.52,621.98,100.61,140.52,1.0000,-1,-1,-1
163,122,959.39,703.21,76.40,120.97,1.0000,-1,-1,-1
163,131,1005.67,493.74,61.90,94.80,1.0000,-1,-1,-1
163,138,913.61,407.93,117.43,180.69,1.0000,-1,-1,-1
163,146,1055.89,460.58,146.01,121.59,1.0000,-1,-1,-1
163,147,1023.80,639.54,94.68,163.89,1.0000,-1,-1,-1
163,148,1095.08,540.22,128.35,151.15,1.0000,-1,-1,-1
163,149,1171.80,479.47,96.01,127.43,0.4890,-1,-1,-1
163,150,1161.64,718.19,133.15,176.42,1.0000,-1,-1,-1
164,113,1127.70,529.03,79.19,108.99,1.0000,-1,-1,-1
164,114,1156.45,4.55,296.67,193.44,1.0000,-1,-1,-1
164,117,1138.10,627.51,100.86,140.87,1.0000,-1,-1,-1
164,122,961.00,709.80,76.30,120.80,1.0000,-1,-1,-1
164,131,1000.76,488.00,60.17,92.15,1.0000,-1,-1,-1
164,138,917.76,399.87,117.52,180.83,1.0000,-1,-1,-1
164,146,1067.60,459.40,147.27,122.65,1.0000,-1,-1,-1
164,147,1032.48,630.07,90.89,157.32,1.0000,-1,-1,-1
164,148,1101.24,532.67,127.15,149.75,1.0000,-1,-1,-1
164,149,1180.87,477.54,94.29,125.17,0.3602,-1,-1,-1
164,150,1164.08,711.54,134.70,178.47,1.0000,-1,-1,-1
165,113,1133.75,533.93,78.93,108.63,1.0000,-1,-1,-1
165,114,1163.45,4.59,297.61,194.05,1.0000,-1,-1,-1
165,117,1141.69,633.03,101.11,141.22,1.0000,-1,-1,-1
165,122,962.61,716.40,76.19,120.63,1.0000,-1,-1,-1
165,131,995.85,482.25,58.44,89.51,1.0000,-1,-1,-1
165,138,921.91,391.81,117.60,180.96,1.0000,-1,-1,-1
165,146,1079.32,458.21,148.54,123.71,1.0000,-1,-1,-1
165,147,1041.16,620.61,87.09,150.75,1.0000,-1,-1,-1
165,148,1107.39,525.13,125.96,148.34,1.0000,-1,-1,-1
165,149,1190.69,476.47,93.55,124.57,0.4263,-1,-1,-1
165,150,1166.53,704.89,136.24,180.52,1.0000,-1,-1,-1
166,114,1170.45,4.62,298.55,194.66,1.0000,-1,-1,-1
166,122,964.22,723.00,76.08,120.46,1.0000,-1,-1,-1
166,131,990.93,476.51,56.71,86.86,1.0000,-1,-1,-1
166,138,926.05,383.76,117.69,181.09,1.0000,-1,-1,-1
166,146,1091.03,457.03,149.81,124.76,1.0000,-1,-1,-1
166,147,1049.84,611.14,83.30,144.19,1.0000,-1,-1,-1
166,148,1113.55,517.59,124.76,146.93,1.0000,-1,-1,-1
166,149,1188.15,471.52,94.60,125.67,0.4860,-1,-1,-1
166,150,1168.98,698.25,137.79,182.57,1.0000,-1,-1,-1
167,114,1177.45,4.65,299.48,195.27,1.0000,-1,-1,-1
167,131,986.02,470.76,54.98,84.21,1.0000,-1,-1,-1
167,138,930.20,375.70,117.78,181.23,1.0000,-1,-1,-1
167,146,1102.74,455.85,151.08,125.82,1.0000,-1,-1,-1
167,147,1058.52,601.68,79.50,137.62,1.0000,-1,-1,-1
167,148,1119.71,510.05,123.56,145.52,1.0000,-1,-1,-1
167,149,1184.30,466.44,95.83,127.12,0.4458,-1,-1,-1
167,150,1171.43,691.60,139.34,184.62,1.0000,-1,-1,-1
168,114,1184.45,4.69,300.42,195.88,1.0000,-1,-1,-1
168,131,981.10,465.02,53.25,81.56,1.0000,-1,-1,-1
168,138,934.34,367.64,117.86,181.36,1.0000,-1,-1,-1
168,146,1068.74,468.39,124.47,105.25,0.3007,-1,-1,-1
168,147,1067.20,592.21,75.71,131.05,1.0000,-1,-1,-1
168,148,1125.87,502.51,122.37,144.11,1.0000,-1,-1,-1
168,149,1183.31,459.35,96.75,128.42,0.4399,-1,-1,-1
168,150,1173.87,684.96,140.88,186.67,1.0000,-1,-1,-1
169,114,1191.45,4.72,301.35,196.49,1.0000,-1,-1,-1
169,131,976.19,459.28,51.53,78.92,1.0000,-1,-1,-1
169,138,938.49,359.58,117.95,181.49,1.0000,-1,-1,-1
169,146,1066.17,468.94,119.77,104.53,0.3433,-1,-1,-1
169,147,1075.88,582.75,71.91,124.48,1.0000,-1,-1,-1
169,148,1132.03,494.97,121.17,142.71,1.0000,-1,-1,-1
169,149,1178.37,453.82,95.05,126.06,0.4113,-1,-1,-1
169,150,1176.32,678.31,142.43,188.71,1.0000,-1,-1,-1
170,114,1198.45,4.75,302.29,197.10,1.0000,-1,-1,-1
170,131,971.27,453.53,49.80,76.27,1.0000,-1,-1,-1
170,138,942.63,351.53,118.04,181.63,1.0000,-1,-1,-1
170,146,1071.95,469.12,118.65,103.55,1.0000,-1,-1,-1
170,147,1084.56,573.28,68.12,117.91,1.0000,-1,-1,-1
170,148,1138.19,487.43,119.98,141.30,1.0000,-1,-1,-1
170,149,1181.64,450.47,95.51,126.66,1.0000,-1,-1,-1
170,150,1178.77,671.67,143.98,190.76,1.0000,-1,-1,-1
171,114,1205.46,4.79,303.22,197.71,1.0000,-1,-1,-1
171,131,966.36,447.79,48.07,73.62,1.0000,-1,-1,-1
171,138,946.78,343.47,118.13,181.76,1.0000,-1,-1,-1
171,146,1077.72,469.31,117.52,102.56,1.0000,-1,-1,-1
171,147,1093.24,563.82,64.33,111.35,1.0000,-1,-1,-1
171,148,1144.35,479.89,118.78,139.89,1.0000,-1,-1,-1
171,149,1184.90,447.11,95.96,127.26,1.0000,-1,-1,-1
171,150,1181.21,665.02,145.52,192.81,1.0000,-1,-1,-1
172,114,1212.46,4.82,304.16,198.32,1.0000,-1,-1,-1
172,131,961.45,442.04,46.34,70.98,1.0000,-1,-1,-1
172,138,950.92,335.41,118.21,181.89,1.0000,-1,-1,-1
172,146,1083.50,469.49,116.39,101.58,1.0000,-1,-1,-1
172,147,1101.92,554.35,60.53,104.78,1.0000,-1,-1,-1
172,148,1150.51,472.34,117.59,138.48,1.0000,-1,-1,-1
172,149,1188.17,443.76,96.41,127.86,1.0000,-1,-1,-1
172,150,1183.66,658.37,147.07,194.86,1.0000,-1,-1,-1
173,114,1219.46,4.85,305.09,198.93,1.0000,-1,-1,-1
173,138,955.07,327.36,118.30,182.03,1.0000,-1,-1,-1
173,146,1089.27,469.68,115.27,100.60,1.0000,-1,-1,-1
173,147,1110.61,544.89,56.74,98.21,1.0000,-1,-1,-1
173,148,1156.67,464.80,116.39,137.07,1.0000,-1,-1,-1
173,149,1191.44,440.40,96.86,128.46,1.0000,-1,-1,-1
173,150,1186.11,651.73,148.61,196.91,1.0000,-1,-1,-1
173,154,866.98,323.47,83.51,97.21,0.3717,-1,-1,-1
174,114,1226.46,4.88,306.03,199.54,1.0000,-1,-1,-1
174,138,959.22,319.30,118.39,182.16,1.0000,-1,-1,-1
174,146,1095.05,469.87,114.14,99.61,1.0000,-1,-1,-1
174,147,1119.29,535.42,52.94,91.64,1.0000,-1,-1,-1
174,148,1162.83,457.26,115.20,135.67,1.0000,-1,-1,-1
174,149,1194.71,437.05,97.31,129.06,1.0000,-1,-1,-1
174,150,1188.56,645.08,150.16,198.96,1.0000,-1,-1,-1
174,154,865.12,317.97,82.44,95.96,1.0000,-1,-1,-1
175,114,1233.46,4.92,306.96,200.15,1.0000,-1,-1,-1
175,138,963.36,311.24,118.47,182.30,1.0000,-1,-1,-1
175,146,1100.83,470.05,113.02,98.63,1.0000,-1,-1,-1
175,147,1127.97,525.96,49.15,85.07,1.0000,-1,-1,-1
175,148,1168.99,449.72,114.00,134.26,1.0000,-1,-1,-1
175,149,1197.97,433.69,97.77,129.66,1.0000,-1,-1,-1
175,150,1191.00,638.44,151.71,201.01,1.0000,-1,-1,-1
175,154,863.25,312.48,81.37,94.72,1.0000,-1,-1,-1
176,114,1240.46,4.95,307.90,200.76,1.0000,-1,-1,-1
176,138,967.51,303.18,118.56,182.43,1.0000,-1,-1,-1
176,146,1106.60,470.24,111.89,97.65,1.0000,-1,-1,-1
176,147,1136.65,516.49,45.35,78.51,1.0000,-1,-1,-1
176,148,1175.15,442.18,112.80,132.85,1.0000,-1,-1,-1
176,149,1201.24,430.34,98.22,130.26,1.0000,-1,-1,-1
176,150,1193.45,631.79,153.25,203.06,1.0000,-1,-1,-1
176,154,861.38,306.99,80.30,93.47,1.0000,-1,-1,-1
176,156,913.87,466.57,81.86,136.00,0.3430,-1,-1,-1
177,114,1247.46,4.98,308.83,201.37,1.0000,-1,-1,-1
177,138,971.65,295.13,118.65,182.56,1.0000,-1,-1,-1
177,146,1112.38,470.42,110.76,96.67,1.0000,-1,-1,-1
177,147,1145.33,507.03,41.56,71.94,1.0000,-1,-1,-1
177,148,1181.31,434.64,111.61,131.44,1.0000,-1,-1,-1
177,149,1204.51,426.98,98.67,130.86,1.0000,-1,-1,-1
177,150,1195.90,625.15,154.80,205.10,1.0000,-1,-1,-1
177,154,859.52,301.50,79.23,92.22,1.0000,-1,-1,-1
177,156,911.16,463.74,79.52,132.10,1.0000,-1,-1,-1
178,114,1254.47,5.02,309.77,201.98,1.0000,-1,-1,-1
178,138,975.80,287.07,118.73,182.70,1.0000,-1,-1,-1
178,146,1118.15,470.61,109.64,95.68,1.0000,-1,-1,-1
178,147,1154.01,497.56,37.77,65.37,1.0000,-1,-1,-1
178,148,1187.47,427.10,110.41,130.03,1.0000,-1,-1,-1
178,149,1207.78,423.63,99.12,131.46,1.0000,-1,-1,-1
178,150,1198.34,618.50,156.35,207.15,1.0000,-1,-1,-1
178,154,857.65,296.01,78.16,90.98,1.0000,-1,-1,-1
178,156,908.45,460.91,77.17,128.20,1.0000,-1,-1,-1
179,114,1261.47,5.05,310.70,202.59,1.0000,-1,-1,-1
179,138,979.94,279.01,118.82,182.83,1.0000,-1,-1,-1
179,146,1123.93,470.80,108.51,94.70,1.0000,-1,-1,-1
179,147,1162.69,488.10,33.97,58.80,1.0000,-1,-1,-1
179,148,1193.63,419.56,109.22,128.62,1.0000,-1,-1,-1
179,149,1211.04,420.27,99.58,132.06,1.0000,-1,-1,-1
179,150,1200.79,611.85,157.89,209.20,1.0000,-1,-1,-1
179,154,855.78,290.52,77.08,89.73,1.0000,-1,-1,-1
179,156,905.73,458.07,74.82,124.30,1.0000,-1,-1,-1
179,158,744.98,310.20,115.47,173.36,0.5093,-1,-1,-1
179,159,1040.87,518.25,110.32,149.01,0.4332,-1,-1,-1
180,114,1268.47,5.08,311.64,203.20,1.0000,-1,-1,-1
180,138,919.81,386.27,105.88,157.51,0.3366,-1,-1,-1
180,146,1129.71,470.98,107.38,93.72,1.0000,-1,-1,-1
180,147,1171.37,478.63,30.18,52.23,1.0000,-1,-1,-1
180,148,1199.79,412.02,108.02,127.22,1.0000,-1,-1,-1
180,149,1214.31,416.92,100.03,132.66,1.0000,-1,-1,-1
180,150,1203.24,605.21,159.44,211.25,1.0000,-1,-1,-1
180,154,853.91,285.03,76.01,88.48,1.0000,-1,-1,-1
180,156,903.02,455.24,72.47,120.40,1.0000,-1,-1,-1
180,158,732.85,308.42,114.54,171.96,1.0000,-1,-1,-1
180,159,1031.42,521.27,109.48,147.87,1.0000,-1,-1,-1
181,114,1275.47,5.11,312.57,203.81,1.0000,-1,-1,-1
181,138,905.93,384.10,103.98,152.19,0.4574,-1,-1,-1
181,146,1135.48,471.17,106.26,92.73,1.0000,-1,-1,-1
181,147,1180.05,469.17,26.38,45.67,1.0000,-1,-1,-1
181,148,1205.94,404.47,106.83,125.81,1.0000,-1,-1,-1
181,149,1217.58,413.56,100.48,133.26,1.0000,-1,-1,-1
181,150,1205.69,598.56,160.98,213.30,1.0000,-1,-1,-1
181,154,852.05,279.54,74.94,87.24,1.0000,-1,-1,-1
181,156,900.31,452.41,70.13,116.50,1.0000,-1,-1,-1
181,158,720.72,306.64,113.60,170.56,1.0000,-1,-1,-1
181,159,1021.98,524.28,108.63,146.73,1.0000,-1,-1,-1
182,114,1282.47,5.15,313.51,204.42,1.0000,-1,-1,-1
182,138,887.11,382.14,99.56,144.58,0.3462,-1,-1,-1
182,146,1141.26,471.35,105.13,91.75,1.0000,-1,-1,-1
182,147,1188.73,459.70,22.59,39.10,1.0000,-1,-1,-1
182,148,1212.10,396.93,105.63,124.40,1.0000,-1,-1,-1
182,149,1220.85,410.21,100.93,133.86,1.0000,-1,-1,-1
182,150,1208.13,591.92,162.53,215.35,1.0000,-1,-1,-1
182,154,850.18,274.05,73.87,85.99,1.0000,-1,-1,-1
182,156,897.60,449.58,67.78,112.60,1.0000,-1,-1,-1
182,158,708.58,304.86,112.67,169.16,1.0000,-1,-1,-1
182,159,1012.53,527.29,107.78,145.59,1.0000,-1,-1,-1
183,138,866.16,379.05,100.95,147.82,0.3853,-1,-1,-1
183,146,1147.03,471.54,104.00,90.77,1.0000,-1,-1,-1
183,147,1197.41,450.24,18.79,32.53,1.0000,-1,-1,-1
183,148,1218.26,389.39,104.43,122.99,1.0000,-1,-1,-1
183,149,1224.11,406.85,101.39,134.46,1.0000,-1,-1,-1
183,150,1210.58,585.27,164.08,217.40,1.0000,-1,-1,-1
183,154,848.31,268.56,72.80,84.74,1.0000,-1,-1,-1
183,156,894.89,446.74,65.43,108.70,1.0000,-1,-1,-1
183,158,696.45,303.08,111.74,167.76,1.0000,-1,-1,-1
183,159,1003.08,530.31,106.94,144.44,1.0000,-1,-1,-1
183,163,670.30,288.81,76.46,103.68,0.3236,-1,-1,-1
184,138,841.77,378.03,102.45,148.96,0.4041,-1,-1,-1
184,146,1152.81,471.73,102.88,89.78,1.0000,-1,-1,-1
184,147,1206.09,440.77,15.00,25.96,1.0000,-1,-1,-1
184,148,1224.42,381.85,103.24,121.58,1.0000,-1,-1,-1
184,149,1227.38,403.50,101.84,135.06,1.0000,-1,-1,-1
184,150,1213.03,578.63,165.62,219.45,1.0000,-1,-1,-1
184,154,846.45,263.07,71.73,83.50,1.0000,-1,-1,-1
184,156,892.18,443.91,63.08,104.80,1.0000,-1,-1,-1
184,158,684.32,301.30,110.81,166.36,1.0000,-1,-1,-1
184,159,993.63,533.32,106.09,143.30,1.0000,-1,-1,-1
184,163,662.75,288.14,74.75,101.35,1.0000,-1,-1,-1
185,138,823.11,377.27,101.84,145.55,0.4658,-1,-1,-1
185,146,1158.59,471.91,101.75,88.80,1.0000,-1,-1,-1
185,147,1214.77,431.31,11.20,19.39,1.0000,-1,-1,-1
185,148,1230.58,374.31,102.04,120.18,1.0000,-1,-1,-1
185,149,1230.65,400.14,102.29,135.66,1.0000,-1,-1,-1
185,150,1215.47,571.98,167.17,221.49,1.0000,-1,-1,-1
185,154,844.58,257.58,70.66,82.25,1.0000,-1,-1,-1
185,156,889.47,441.08,60.73,100.90,1.0000,-1,-1,-1
185,158,672.19,299.52,109.87,164.96,1.0000,-1,-1,-1
185,159,984.19,536.34,105.25,142.16,1.0000,-1,-1,-1
185,163,655.20,287.47,73.03,99.03,1.0000,-1,-1,-1
186,138,813.23,375.36,100.80,144.06,1.0000,-1,-1,-1
186,146,1164.36,472.10,100.62,87.82,1.0000,-1,-1,-1
186,147,1223.45,421.84,7.41,12.83,1.0000,-1,-1,-1
186,148,1236.74,366.77,100.85,118.77,1.0000,-1,-1,-1
186,149,1233.92,396.79,102.74,136.26,1.0000,-1,-1,-1
186,150,1217.92,565.34,168.72,223.54,1.0000,-1,-1,-1
186,154,842.71,252.09,69.59,81.01,1.0000,-1,-1,-1
186,156,886.76,438.25,58.39,97.00,1.0000,-1,-1,-1
186,158,660.05,297.74,108.94,163.56,1.0000,-1,-1,-1
186,159,974.74,539.35,104.40,141.02,1.0000,-1,-1,-1
186,163,647.64,286.80,71.32,96.70,1.0000,-1,-1,-1
187,138,803.35,373.44,99.76,142.57,1.0000,-1,-1,-1
187,146,1170.14,472.29,99.50,86.83,1.0000,-1,-1,-1
187,147,1232.13,412.38,3.62,6.26,1.0000,-1,-1,-1
187,148,1242.90,359.23,99.65,117.36,1.0000,-1,-1,-1
187,149,1237.18,393.43,103.20,136.86,1.0000,-1,-1,-1
187,150,1220.37,558.69,170.26,225.59,1.0000,-1,-1,-1
187,154,840.84,246.60,68.52,79.76,1.0000,-1,-1,-1
187,156,884.05,435.41,56.04,93.10,1.0000,-1,-1,-1
187,158,647.92,295.96,108.01,162.16,1.0000,-1,-1,-1
187,159,965.29,542.36,103.55,139.87,1.0000,-1,-1,-1
187,163,640.09,286.13,69.60,94.38,1.0000,-1,-1,-1
187,168,701.58,429.88,89.66,116.82,0.3103,-1,-1,-1
188,138,793.47,371.53,98.72,141.09,1.0000,-1,-1,-1
188,146,1175.91,472.47,98.37,85.85,1.0000,-1,-1,-1
188,147,1240.81,402.91,-0.18,-0.31,1.0000,-1,-1,-1
188,148,1249.06,351.69,98.46,115.95,1.0000,-1,-1,-1
188,149,1240.45,390.08,103.65,137.46,1.0000,-1,-1,-1
188,150,1222.82,552.04,171.81,227.64,1.0000,-1,-1,-1
188,154,838.98,241.11,67.45,78.51,1.0000,-1,-1,-1
188,156,881.34,432.58,53.69,89.20,1.0000,-1,-1,-1
188,158,635.79,294.18,107.08,160.76,1.0000,-1,-1,-1
188,159,955.84,545.38,102.71,138.73,1.0000,-1,-1,-1
188,163,632.54,285.45,67.89,92.05,1.0000,-1,-1,-1
188,168,684.38,419.67,91.31,118.64,0.3421,-1,-1,-1
189,138,783.59,369.62,97.68,139.60,1.0000,-1,-1,-1
189,146,1181.69,472.66,97.24,84.87,1.0000,-1,-1,-1
189,147,1249.49,393.45,-3.97,-6.88,1.0000,-1,-1,-1
189,148,1255.22,344.14,97.26,114.54,1.0000,-1,-1,-1
189,149,1243.72,386.72,104.10,138.06,1.0000,-1,-1,-1
189,150,1225.26,545.40,173.35,229.69,1.0000,-1,-1,-1
189,154,837.11,235.62,66.38,77.27,1.0000,-1,-1,-1
189,156,878.63,429.75,51.34,85.30,1.0000,-1,-1,-1
189,158,623.66,292.40,106.14,159.36,1.0000,-1,-1,-1
189,159,946.40,548.39,101.86,137.59,1.0000,-1,-1,-1
189,163,624.99,284.78,66.17,89.73,1.0000,-1,-1,-1
189,168,674.54,403.94,96.02,124.91,0.3484,-1,-1,-1
189,171,889.66,661.88,112.38,140.15,0.4524,-1,-1,-1
189,174,980.28,684.53,101.70,166.37,0.3335,-1,-1,-1
190,138,773.71,367.70,96.64,138.11,1.0000,-1,-1,-1
190,146,1187.46,472.84,96.12,83.89,1.0000,-1,-1,-1
190,147,1258.17,383.98,-7.77,-13.45,1.0000,-1,-1,-1
190,148,1261.38,336.60,96.07,113.14,1.0000,-1,-1,-1
190,149,1246.99,383.37,104.55,138.66,1.0000,-1,-1,-1
190,150,1227.71,538.75,174.90,231.74,1.0000,-1,-1,-1
190,154,835.24,230.13,65.31,76.02,1.0000,-1,-1,-1
190,156,875.92,426.92,49.00,81.40,1.0000,-1,-1,-1
190,158,611.52,290.62,105.21,157.96,1.0000,-1,-1,-1
190,159,936.95,551.40,101.02,136.45,1.0000,-1,-1,-1
190,163,617.43,284.11,64.46,87.40,1.0000,-1,-1,-1
190,168,663.26,394.66,97.38,126.68,1.0000,-1,-1,-1
190,171,877.84,659.48,109.09,135.60,0.3911,-1,-1,-1
190,174,976.29,675.05,100.20,163.59,0.4109,-1,-1,-1
191,138,763.83,365.79,95.60,136.63,1.0000,-1,-1,-1
191,146,1193.24,473.03,94.99,82.90,1.0000,-1,-1,-1
191,149,1250.25,380.01,105.01,139.26,1.0000,-1,-1,-1
191,154,833.37,224.64,64.24,74.77,1.0000,-1,-1,-1
191,156,873.21,424.09,46.65,77.50,1.0000,-1,-1,-1
191,158,599.39,288.85,104.28,156.56,1.0000,-1,-1,-1
191,159,927.50,554.42,100.17,135.30,1.0000,-1,-1,-1
191,163,609.88,283.44,62.74,85.08,1.0000,-1,-1,-1
191,168,651.98,385.37,98.74,128.46,1.0000,-1,-1,-1
191,171,862.83,658.19,107.72,133.09,0.4129,-1,-1,-1
191,174,972.25,665.10,102.32,166.33,0.4857,-1,-1,-1
191,175,752.60,464.94,97.84,139.86,0.3980,-1,-1,-1
192,138,753.95,363.88,94.56,135.14,1.0000,-1,-1,-1
192,146,1199.02,473.22,93.86,81.92,1.0000,-1,-1,-1
192,149,1253.52,376.66,105.46,139.86,1.0000,-1,-1,-1
192,154,831.51,219.15,63.17,73.53,1.0000,-1,-1,-1
192,156,870.50,421.25,44.30,73.60,1.0000,-1,-1,-1
192,158,587.26,287.07,103.35,155.16,1.0000,-1,-1,-1
192,159,918.06,557.43,99.33,134.16,1.0000,-1,-1,-1
192,163,602.33,282.77,61.03,82.75,1.0000,-1,-1,-1
192,168,640.70,376.08,100.11,130.23,1.0000,-1,-1,-1
192,171,853.64,655.36,104.85,129.54,1.0000,-1,-1,-1
192,174,967.26,656.63,102.86,166.09,0.3739,-1,-1,-1
192,175,742.70,458.00,97.04,138.93,0.3385,-1,-1,-1
192,178,552.31,246.06,87.82,105.97,0.3342,-1,-1,-1
193,138,744.07,361.97,93.52,133.66,1.0000,-1,-1,-1
193,146,1204.79,473.40,92.74,80.94,1.0000,-1,-1,-1
193,149,1256.79,373.30,105.91,140.46,1.0000,-1,-1,-1
193,154,829.64,213.66,62.10,72.28,1.0000,-1,-1,-1
193,156,867.79,418.42,41.95,69.70,1.0000,-1,-1,-1
193,158,575.13,285.29,102.41,153.76,1.0000,-1,-1,-1
193,159,908.61,560.44,98.48,133.02,1.0000,-1,-1,-1
193,163,594.78,282.10,59.31,80.42,1.0000,-1,-1,-1
193,168,629.42,366.80,101.47,132.01,1.0000,-1,-1,-1
193,171,844.46,652.53,101.97,125.99,1.0000,-1,-1,-1
193,174,968.10,645.28,104.92,168.17,0.4770,-1,-1,-1
193,175,736.04,451.83,95.52,136.75,1.0000,-1,-1,-1
193,178,546.86,244.86,89.85,108.41,1.0000,-1,-1,-1
194,138,734.19,360.05,92.48,132.17,1.0000,-1,-1,-1
194,146,1210.57,473.59,91.61,79.95,1.0000,-1,-1,-1
194,149,1260.06,369.95,106.36,141.06,1.0000,-1,-1,-1
194,154,827.77,208.17,61.02,71.04,1.0000,-1,-1,-1
194,156,865.08,415.59,39.60,65.79,1.0000,-1,-1,-1
194,158,563.00,283.51,101.48,152.36,1.0000,-1,-1,-1
194,159,899.16,563.46,97.63,131.88,1.0000,-1,-1,-1
194,163,587.23,281.42,57.60,78.10,1.0000,-1,-1,-1
194,168,618.14,357.51,102.84,133.78,1.0000,-1,-1,-1
194,171,835.27,649.71,99.10,122.43,1.0000,-1,-1,-1
194,174,971.48,632.43,107.30,169.91,0.4978,-1,-1,-1
194,175,724.50,443.68,90.18,128.97,0.4974,-1,-1,-1
194,178,541.41,243.65,91.88,110.86,1.0000,-1,-1,-1
195,138,724.30,358.14,91.44,130.68,1.0000,-1,-1,-1
195,146,1216.34,473.77,90.48,78.97,1.0000,-1,-1,-1
195,149,1263.32,366.59,106.81,141.66,1.0000,-1,-1,-1
195,154,825.91,202.68,59.95,69.79,1.0000,-1,-1,-1
195,156,862.36,412.76,37.26,61.89,1.0000,-1,-1,-1
195,158,550.86,281.73,100.55,150.96,1.0000,-1,-1,-1
195,159,889.71,566.47,96.79,130.73,1.0000,-1,-1,-1
195,163,579.67,280.75,55.88,75.77,1.0000,-1,-1,-1
195,168,606.86,348.22,104.20,135.56,1.0000,-1,-1,-1
195,171,826.08,646.88,96.22,118.88,1.0000,-1,-1,-1
195,174,975.21,623.58,104.70,163.67,0.3433,-1,-1,-1
195,175,719.44,429.95,94.88,136.74,0.4796,-1,-1,-1
195,178,535.95,242.44,93.90,113.30,1.0000,-1,-1,-1
196,138,714.42,356.23,90.40,129.20,1.0000,-1,-1,-1
196,146,1222.12,473.96,89.36,77.99,1.0000,-1,-1,-1
196,149,1266.59,363.24,107.27,142.26,1.0000,-1,-1,-1
196,154,824.04,197.19,58.88,68.54,1.0000,-1,-1,-1
196,156,859.65,409.92,34.91,57.99,1.0000,-1,-1,-1
196,158,538.73,279.95,99.62,149.56,1.0000,-1,-1,-1
196,159,880.27,569.48,95.94,129.59,1.0000,-1,-1,-1
196,163,572.12,280.08,54.17,73.45,1.0000,-1,-1,-1
196,168,595.58,338.94,105.56,137.33,1.0000,-1,-1,-1
196,171,816.90,644.05,93.35,115.33,1.0000,-1,-1,-1
196,174,979.50,616.60,105.34,162.24,0.4511,-1,-1,-1
196,175,717.72,423.35,94.37,136.79,0.4095,-1,-1,-1
196,178,530.50,241.24,95.93,115.75,1.0000,-1,-1,-1
196,182,778.41,364.49,95.95,122.53,0.3178,-1,-1,-1
197,138,704.54,354.32,89.36,127.71,1.0000,-1,-1,-1
197,146,1227.90,474.15,88.23,77.00,1.0000,-1,-1,-1
197,149,1269.86,359.89,107.72,142.86,1.0000,-1,-1,-1
197,154,822.17,191.70,57.81,67.30,1.0000,-1,-1,-1
197,156,856.94,407.09,32.56,54.09,1.0000,-1,-1,-1
197,158,526.60,278.17,98.68,148.16,1.0000,-1,-1,-1
197,159,870.82,572.50,95.10,128.45,1.0000,-1,-1,-1
197,163,564.57,279.41,52.45,71.12,1.0000,-1,-1,-1
197,168,584.30,329.65,106.93,139.10,1.0000,-1,-1,-1
197,171,807.71,641.22,90.47,111.77,1.0000,-1,-1,-1
197,174,976.00,615.00,104.12,158.17,0.4934,-1,-1,-1
197,175,717.56,413.41,88.01,126.50,0.3113,-1,-1,-1
197,178,525.05,240.03,97.96,118.19,1.0000,-1,-1,-1
197,182,778.71,353.73,92.87,118.71,0.3739,-1,-1,-1
198,138,694.66,352.40,88.32,126.22,1.0000,-1,-1,-1
198,146,1233.67,474.33,87.11,76.02,1.0000,-1,-1,-1
198,149,1273.13,356.53,108.17,143.46,1.0000,-1,-1,-1
198,154,820.30,186.21,56.74,66.05,1.0000,-1,-1,-1
198,156,854.23,404.26,30.21,50.19,1.0000,-1,-1,-1
198,158,514.47,276.39,97.75,146.76,1.0000,-1,-1,-1
198,159,861.37,575.51,94.25,127.31,1.0000,-1,-1,-1
198,163,557.02,278.74,50.74,68.80,1.0000,-1,-1,-1
198,168,573.02,320.36,108.29,140.88,1.0000,-1,-1,-1
198,171,798.52,638.40,87.59,108.22,1.0000,-1,-1,-1
198,174,975.55,607.19,103.19,156.76,1.0000,-1,-1,-1
198,175,712.27,405.22,86.34,124.10,1.0000,-1,-1,-1
198,178,519.60,238.83,99.98,120.64,1.0000,-1,-1,-1
198,182,779.40,347.51,92.24,117.90,1.0000,-1,-1,-1
199,138,684.78,350.49,87.28,124.74,1.0000,-1,-1,-1
199,146,1239.45,474.52,85.98,75.04,1.0000,-1,-1,-1
199,149,1276.39,353.18,108.62,144.06,1.0000,-1,-1,-1
199,154,818.44,180.72,55.67,64.80,1.0000,-1,-1,-1
199,156,851.52,401.43,27.86,46.29,1.0000,-1,-1,-1
199,158,502.33,274.61,96.82,145.36,1.0000,-1,-1,-1
199,159,851.92,578.52,93.40,126.16,1.0000,-1,-1,-1
199,163,549.46,278.07,49.02,66.47,1.0000,-1,-1,-1
199,168,561.74,311.08,109.66,142.65,1.0000,-1,-1,-1
199,171,789.33,635.57,84.72,104.67,1.0000,-1,-1,-1
199,174,975.09,599.37,102.27,155.36,1.0000,-1,-1,-1
199,175,706.98,397.04,84.67,121.70,1.0000,-1,-1,-1
199,178,514.15,237.62,102.01,123.09,1.0000,-1,-1,-1
199,182,780.10,341.29,91.61,117.10,1.0000,-1,-1,-1
199,184,587.33,227.43,108.54,141.13,0.4551,-1,-1,-1
200,138,674.90,348.58,86.24,123.25,1.0000,-1,-1,-1
200,154,816.57,175.23,54.60,63.56,1.0000,-1,-1,-1
200,156,848.81,398.59,25.52,42.39,1.0000,-1,-1,-1
200,158,490.20,272.83,95.89,143.96,1.0000,-1,-1,-1
200,159,842.48,581.54,92.56,125.02,1.0000,-1,-1,-1
200,163,541.91,277.39,47.31,64.15,1.0000,-1,-1,-1
200,168,550.46,301.79,111.02,144.43,1.0000,-1,-1,-1
200,171,780.15,632.74,81.84,101.11,1.0000,-1,-1,-1
200,174,974.64,591.56,101.34,153.95,1.0000,-1,-1,-1
200,175,701.70,388.86,83.00,119.30,1.0000,-1,-1,-1
200,178,508.70,236.42,104.04,125.53,1.0000,-1,-1,-1
200,182,780.79,335.07,90.98,116.29,1.0000,-1,-1,-1
200,184,595.01,229.07,121.73,160.05,0.4598,-1,-1,-1
201,138,665.02,346.66,85.20,121.77,1.0000,-1,-1,-1
201,154,814.70,169.74,53.53,62.31,1.0000,-1,-1,-1
201,156,846.10,395.76,23.17,38.49,1.0000,-1,-1,-1
201,158,478.07,271.05,94.95,142.56,1.0000,-1,-1,-1
201,159,833.03,584.55,91.71,123.88,1.0000,-1,-1,-1
201,163,534.36,276.72,45.59,61.82,1.0000,-1,-1,-1
201,168,539.18,292.51,112.38,146.20,1.0000,-1,-1,-1
201,171,770.96,629.91,78.97,97.56,1.0000,-1,-1,-1
201,174,974.18,583.74,100.42,152.55,1.0000,-1,-1,-1
201,175,696.41,380.67,81.33,116.90,1.0000,-1,-1,-1
201,178,503.25,235.21,106.07,127.98,1.0000,-1,-1,-1
201,182,781.49,328.85,90.35,115.48,1.0000,-1,-1,-1
201,184,613.69,230.47,128.82,171.47,0.3076,-1,-1,-1
202,138,655.14,344.75,84.16,120.28,1.0000,-1,-1,-1
202,154,812.84,164.25,52.46,61.06,1.0000,-1,-1,-1
202,156,843.39,392.93,20.82,34.59,1.0000,-1,-1,-1
202,158,465.94,269.28,94.02,141.16,1.0000,-1,-1,-1
202,159,823.58,587.56,90.87,122.74,1.0000,-1,-1,-1
202,163,526.81,276.05,43.88,59.50,1.0000,-1,-1,-1
202,168,527.90,283.22,113.75,147.98,1.0000,-1,-1,-1
202,171,761.77,627.09,76.09,94.01,1.0000,-1,-1,-1
202,174,973.73,575.93,99.49,151.14,1.0000,-1,-1,-1
202,175,691.12,372.49,79.66,114.50,1.0000,-1,-1,-1
202,178,497.80,234.01,108.09,130.42,1.0000,-1,-1,-1
202,182,782.18,322.62,89.72,114.68,1.0000,-1,-1,-1
202,184,620.49,231.05,136.23,181.34,1.0000,-1,-1,-1
203,138,645.26,342.84,83.12,118.79,1.0000,-1,-1,-1
203,154,810.97,158.76,51.39,59.82,1.0000,-1,-1,-1
203,156,840.68,390.10,18.47,30.69,1.0000,-1,-1,-1
203,158,453.80,267.50,93.09,139.76,1.0000,-1,-1,-1
203,159,814.13,590.58,90.02,121.59,1.0000,-1,-1,-1
203,163,519.25,275.38,42.16,57.17,1.0000,-1,-1,-1
203,168,516.62,273.93,115.11,149.75,1.0000,-1,-1,-1
203,171,752.59,624.26,73.21,90.46,1.0000,-1,-1,-1
203,174,973.27,568.11,98.57,149.74,1.0000,-1,-1,-1
203,175,685.83,364.31,77.99,112.09,1.0000,-1,-1,-1
203,178,492.34,232.80,110.12,132.87,1.0000,-1,-1,-1
203,182,782.88,316.40,89.09,113.87,1.0000,-1,-1,-1
203,184,627.29,231.62,143.65,191.21,1.0000,-1,-1,-1
204,138,635.38,340.93,82.08,117.31,1.0000,-1,-1,-1
204,156,837.97,387.27,16.13,26.79,1.0000,-1,-1,-1
204,158,441.67,265.72,92.16,138.36,1.0000,-1,-1,-1
204,159,804.69,593.59,89.17,120.45,1.0000,-1,-1,-1
204,163,511.70,274.71,40.45,54.85,1.0000,-1,-1,-1
204,168,505.34,264.65,116.48,151.52,1.0000,-1,-1,-1
204,171,743.40,621.43,70.34,86.90,1.0000,-1,-1,-1
204,174,972.82,560.30,97.64,148.33,1.0000,-1,-1,-1
204,175,680.55,356.13,76.32,109.69,1.0000,-1,-1,-1
204,178,486.89,231.60,112.15,135.31,1.0000,-1,-1,-1
204,182,783.57,310.18,88.46,113.07,1.0000,-1,-1,-1
204,184,634.10,232.20,151.06,201.08,1.0000,-1,-1,-1
205,138,625.50,339.01,81.04,115.82,1.0000,-1,-1,-1
205,156,835.26,384.43,13.78,22.89,1.0000,-1,-1,-1
205,158,429.54,263.94,91.23,136.96,1.0000,-1,-1,-1
205,159,795.24,596.60,88.33,119.31,1.0000,-1,-1,-1
205,163,504.15,274.04,38.73,52.52,1.0000,-1,-1,-1
205,168,494.06,255.36,117.84,153.30,1.0000,-1,-1,-1
205,171,734.21,618.60,67.46,83.35,1.0000,-1,-1,-1
205,174,972.36,552.48,96.72,146.93,1.0000,-1,-1,-1
205,175,675.26,347.94,74.65,107.29,1.0000,-1,-1,-1
205,178,481.44,230.39,114.17,137.76,1.0000,-1,-1,-1
205,182,784.27,303.96,87.83,112.26,1.0000,-1,-1,-1
205,184,640.90,232.77,158.47,210.95,1.0000,-1,-1,-1
205,189,854.87,547.19,136.99,228.15,0.4851,-1,-1,-1
206,138,615.62,337.10,80.00,114.33,1.0000,-1,-1,-1
206,156,832.55,381.60,11.43,18.99,1.0000,-1,-1,-1
206,158,417.41,262.16,90.29,135.56,1.0000,-1,-1,-1
206,159,785.79,599.62,87.48,118.17,1.0000,-1,-1,-1
206,163,496.60,273.36,37.02,50.19,1.0000,-1,-1,-1
206,168,482.78,246.07,119.20,155.07,1.0000,-1,-1,-1
206,171,725.03,615.78,64.59,79.80,1.0000,-1,-1,-1
206,174,971.91,544.67,95.79,145.52,1.0000,-1,-1,-1
206,175,669.97,339.76,72.98,104.89,1.0000,-1,-1,-1
206,178,475.99,229.18,116.20,140.20,1.0000,-1,-1,-1
206,182,784.96,297.74,87.19,111.45,1.0000,-1,-1,-1
206,184,647.70,233.35,165.89,220.81,1.0000,-1,-1,-1
206,189,852.64,550.63,138.99,231.48,1.0000,-1,-1,-1
206,193,1318.09,4.73,368.33,179.16,0.8050,-1,-1,-1
207,138,605.74,335.19,78.96,112.85,1.0000,-1,-1,-1
207,158,405.27,260.38,89.36,134.16,1.0000,-1,-1,-1
207,159,776.35,602.63,86.64,117.02,1.0000,-1,-1,-1
207,163,489.04,272.69,35.30,47.87,1.0000,-1,-1,-1
207,168,471.50,236.79,120.57,156.85,1.0000,-1,-1,-1
207,171,715.84,612.95,61.71,76.24,1.0000,-1,-1,-1
207,174,971.45,536.86,94.87,144.12,1.0000,-1,-1,-1
207,175,664.68,331.58,71.30,102.49,1.0000,-1,-1,-1
207,178,470.54,227.98,118.23,142.65,1.0000,-1,-1,-1
207,182,785.66,291.52,86.56,110.65,1.0000,-1,-1,-1
207,184,654.50,233.93,173.30,230.68,1.0000,-1,-1,-1
207,189,850.41,554.07,140.99,234.81,1.0000,-1,-1,-1
207,193,1324.44,5.16,392.37,192.13,0.7150,-1,-1,-1
208,138,595.86,333.27,77.92,111.36,1.0000,-1,-1,-1
208,158,393.14,258.60,88.43,132.76,1.0000,-1,-1,-1
208,159,766.90,605.65,85.79,115.88,1.0000,-1,-1,-1
208,163,481.49,272.02,33.59,45.54,1.0000,-1,-1,-1
208,168,460.22,227.50,121.93,158.62,1.0000,-1,-1,-1
208,171,706.65,610.12,58.84,72.69,1.0000,-1,-1,-1
208,174,971.00,529.04,93.94,142.71,1.0000,-1,-1,-1
208,175,659.40,323.39,69.63,100.09,1.0000,-1,-1,-1
208,178,465.09,226.77,120.25,145.10,1.0000,-1,-1,-1
208,182,786.36,285.30,85.93,109.84,1.0000,-1,-1,-1
208,184,661.31,234.50,180.72,240.55,1.0000,-1,-1,-1
208,189,848.18,557.51,142.99,238.14,1.0000,-1,-1,-1
208,193,1330.42,4.39,426.69,211.21,0.8437,-1,-1,-1
209,138,585.97,331.36,76.88,109.88,1.0000,-1,-1,-1
209,158,381.01,256.82,87.50,131.36,1.0000,-1,-1,-1
209,159,757.45,608.66,84.95,114.74,1.0000,-1,-1,-1
209,163,473.94,271.35,31.87,43.22,1.0000,-1,-1,-1
209,168,448.94,218.21,123.30,160.40,1.0000,-1,-1,-1
209,171,697.46,607.30,55.96,69.14,1.0000,-1,-1,-1
209,174,970.54,521.23,93.02,141.31,1.0000,-1,-1,-1
209,175,654.11,315.21,67.96,97.69,1.0000,-1,-1,-1
209,178,459.64,225.57,122.28,147.54,1.0000,-1,-1,-1
209,182,787.05,279.07,85.30,109.04,1.0000,-1,-1,-1
209,184,668.11,235.08,188.13,250.42,1.0000,-1,-1,-1
209,189,845.94,560.96,144.99,241.48,1.0000,-1,-1,-1
209,193,1340.77,4.62,450.26,226.00,0.7489,-1,-1,-1
210,138,576.09,329.45,75.84,108.39,1.0000,-1,-1,-1
210,163,466.39,270.68,30.16,40.89,1.0000,-1,-1,-1
210,168,437.66,208.93,124.66,162.17,1.0000,-1,-1,-1
210,171,688.28,604.47,53.08,65.58,1.0000,-1,-1,-1
210,174,970.08,513.41,92.10,139.91,1.0000,-1,-1,-1
210,175,648.82,307.03,66.29,95.29,1.0000,-1,-1,-1
210,178,454.19,224.36,124.31,149.99,1.0000,-1,-1,-1
210,182,787.75,272.85,84.67,108.23,1.0000,-1,-1,-1
210,184,674.91,235.65,195.55,260.29,1.0000,-1,-1,-1
210,189,858.49,533.21,136.63,229.13,0.5154,-1,-1,-1
210,193,1351.98,4.55,450.12,229.26,0.7250,-1,-1,-1
211,138,566.21,327.54,74.80,106.90,1.0000,-1,-1,-1
211,163,458.83,270.01,28.44,38.57,1.0000,-1,-1,-1
211,168,426.38,199.64,126.02,163.95,1.0000,-1,-1,-1
211,171,679.09,601.64,50.21,62.03,1.0000,-1,-1,-1
211,174,969.63,505.60,91.17,138.50,1.0000,-1,-1,-1
211,175,643.54,298.85,64.62,92.88,1.0000,-1,-1,-1
211,178,448.73,223.16,126.33,152.43,1.0000,-1,-1,-1
211,182,788.44,266.63,84.04,107.42,1.0000,-1,-1,-1
211,184,681.72,236.23,202.96,270.16,1.0000,-1,-1,-1
211,189,858.39,532.02,137.23,230.13,1.0000,-1,-1,-1
211,193,1365.07,4.45,435.48,225.04,0.8064,-1,-1,-1
212,138,556.33,325.62,73.76,105.42,1.0000,-1,-1,-1
212,163,451.28,269.33,26.73,36.24,1.0000,-1,-1,-1
212,168,415.10,190.36,127.39,165.72,1.0000,-1,-1,-1
212,171,669.90,598.81,47.33,58.48,1.0000,-1,-1,-1
212,174,969.17,497.78,90.25,137.10,1.0000,-1,-1,-1
212,175,638.25,290.66,62.95,90.48,1.0000,-1,-1,-1
212,178,443.28,221.95,128.36,154.88,1.0000,-1,-1,-1
212,182,789.14,260.41,83.41,106.62,1.0000,-1,-1,-1
212,184,688.52,236.81,210.37,280.03,1.0000,-1,-1,-1
212,189,858.29,530.83,137.83,231.13,1.0000,-1,-1,-1
212,193,1379.79,4.69,421.22,220.97,0.8308,-1,-1,-1
213,138,546.45,323.71,72.72,103.93,1.0000,-1,-1,-1
213,163,443.73,268.66,25.01,33.92,1.0000,-1,-1,-1
213,168,403.82,181.07,128.75,167.49,1.0000,-1,-1,-1
213,171,660.72,595.99,44.46,54.93,1.0000,-1,-1,-1
213,174,968.72,489.97,89.32,135.69,1.0000,-1,-1,-1
213,175,632.96,282.48,61.28,88.08,1.0000,-1,-1,-1
213,178,437.83,220.75,130.39,157.32,1.0000,-1,-1,-1
213,182,789.83,254.19,82.78,105.81,1.0000,-1,-1,-1
213,184,695.32,237.38,217.79,289.90,1.0000,-1,-1,-1
213,189,858.19,529.63,138.42,232.13,1.0000,-1,-1,-1
213,193,1394.21,4.91,415.38,221.35,0.7755,-1,-1,-1
213,195,754.73,294.49,107.61,161.85,0.4681,-1,-1,-1
214,138,536.57,321.80,71.68,102.44,1.0000,-1,-1,-1
214,168,392.54,171.78,130.12,169.27,1.0000,-1,-1,-1
214,171,651.53,593.16,41.58,51.37,1.0000,-1,-1,-1
214,174,968.26,482.16,88.40,134.29,1.0000,-1,-1,-1
214,175,627.67,274.30,59.61,85.68,1.0000,-1,-1,-1
214,178,432.38,219.54,132.42,159.77,1.0000,-1,-1,-1
214,182,790.53,247.97,82.15,105.00,1.0000,-1,-1,-1
214,184,702.12,237.96,225.20,299.77,1.0000,-1,-1,-1
214,189,858.09,528.44,139.02,233.13,1.0000,-1,-1,-1
214,193,1409.35,5.27,410.68,222.46,0.7876,-1,-1,-1
214,195,761.96,292.78,106.27,159.82,0.3028,-1,-1,-1
215,138,526.69,319.88,70.64,100.96,1.0000,-1,-1,-1
215,168,381.26,162.50,131.48,171.04,1.0000,-1,-1,-1
215,171,642.34,590.33,38.71,47.82,1.0000,-1,-1,-1
215,174,967.81,474.34,87.47,132.88,1.0000,-1,-1,-1
215,175,622.39,266.11,57.94,83.28,1.0000,-1,-1,-1
215,178,426.93,218.33,134.44,162.22,1.0000,-1,-1,-1
215,182,791.22,241.75,81.52,104.20,1.0000,-1,-1,-1
215,184,708.93,238.53,232.62,309.64,1.0000,-1,-1,-1
215,189,857.98,527.25,139.62,234.14,1.0000,-1,-1,-1
215,193,1423.96,5.86,408.89,225.45,0.7446,-1,-1,-1
215,195,762.05,287.26,108.14,162.63,1.0000,-1,-1,-1
216,168,369.98,153.21,132.84,172.82,1.0000,-1,-1,-1
216,171,633.16,587.50,35.83,44.27,1.0000,-1,-1,-1
216,174,967.35,466.53,86.55,131.48,1.0000,-1,-1,-1
216,175,617.10,257.93,56.27,80.88,1.0000,-1,-1,-1
216,178,421.48,217.13,136.47,164.66,1.0000,-1,-1,-1
216,182,791.92,235.52,80.89,103.39,1.0000,-1,-1,-1
216,184,715.73,239.11,240.03,319.50,1.0000,-1,-1,-1
216,189,857.88,526.05,140.22,235.14,1.0000,-1,-1,-1
216,193,1438.17,5.58,412.02,231.59,0.7277,-1,-1,-1
216,195,762.13,281.74,110.01,165.44,1.0000,-1,-1,-1
217,168,358.70,143.92,134.21,174.59,1.0000,-1,-1,-1
217,171,623.97,584.68,32.95,40.71,1.0000,-1,-1,-1
217,174,966.90,458.71,85.62,130.07,1.0000,-1,-1,-1
217,175,611.81,249.75,54.60,78.48,1.0000,-1,-1,-1
217,178,416.03,215.92,138.50,167.11,1.0000,-1,-1,-1
217,182,792.61,229.30,80.26,102.59,1.0000,-1,-1,-1
217,184,722.53,239.69,247.44,329.37,1.0000,-1,-1,-1
217,189,857.78,524.86,140.81,236.14,1.0000,-1,-1,-1
217,193,1452.47,5.12,414.05,237.24,0.8342,-1,-1,-1
217,195,762.22,276.22,111.88,168.25,1.0000,-1,-1,-1
218,168,347.42,134.64,135.57,176.37,1.0000,-1,-1,-1
218,171,614.78,581.85,30.08,37.16,1.0000,-1,-1,-1
218,174,966.44,450.90,84.70,128.67,1.0000,-1,-1,-1
218,175,606.52,241.57,52.93,76.08,1.0000,-1,-1,-1
218,178,410.58,214.72,140.52,169.55,1.0000,-1,-1,-1
218,182,793.31,223.08,79.63,101.78,1.0000,-1,-1,-1
218,184,787.78,214.09,121.75,170.51,0.3349,-1,-1,-1
218,189,857.68,523.67,141.41,237.14,1.0000,-1,-1,-1
218,193,1467.17,5.26,409.93,239.56,0.8271,-1,-1,-1
218,195,762.31,270.69,113.75,171.06,1.0000,-1,-1,-1
219,168,336.14,125.35,136.93,178.14,1.0000,-1,-1,-1
219,171,605.59,579.02,27.20,33.61,1.0000,-1,-1,-1
219,174,965.99,443.08,83.77,127.26,1.0000,-1,-1,-1
219,175,601.24,233.38,51.26,73.67,1.0000,-1,-1,-1
219,178,405.12,213.51,142.55,172.00,1.0000,-1,-1,-1
219,182,794.00,216.86,79.00,100.97,1.0000,-1,-1,-1
219,184,797.53,213.27,122.40,171.42,1.0000,-1,-1,-1
219,189,857.58,522.47,142.01,238.14,1.0000,-1,-1,-1
219,193,1481.63,5.15,409.28,243.99,0.8095,-1,-1,-1
219,195,762.40,265.17,115.62,173.87,1.0000,-1,-1,-1
220,171,596.41,576.19,24.33,30.05,1.0000,-1,-1,-1
220,174,965.53,435.27,82.85,125.86,1.0000,-1,-1,-1
220,175,595.95,225.20,49.59,71.27,1.0000,-1,-1,-1
220,178,399.67,212.31,144.58,174.44,1.0000,-1,-1,-1
220,182,794.70,210.64,78.37,100.17,1.0000,-1,-1,-1
220,184,807.29,212.46,123.04,172.32,1.0000,-1,-1,-1
220,189,857.47,521.28,142.60,239.14,1.0000,-1,-1,-1
220,193,1494.70,5.28,405.75,246.86,0.7486,-1,-1,-1
220,195,762.48,259.65,117.49,176.69,1.0000,-1,-1,-1
221,171,587.22,573.37,21.45,26.50,1.0000,-1,-1,-1
221,174,965.08,427.45,81.92,124.45,1.0000,-1,-1,-1
221,175,590.66,217.02,47.92,68.87,1.0000,-1,-1,-1
221,178,394.22,211.10,146.60,176.89,1.0000,-1,-1,-1
221,182,795.40,204.42,77.73,99.36,1.0000,-1,-1,-1
221,184,817.05,211.64,123.69,173.22,1.0000,-1,-1,-1
221,189,857.37,520.08,143.20,240.14,1.0000,-1,-1,-1
221,193,1502.89,5.36,397.91,246.86,0.8032,-1,-1,-1
221,195,762.57,254.13,119.36,179.50,1.0000,-1,-1,-1
221,203,901.82,363.53,74.82,120.30,0.3670,-1,-1,-1
222,174,964.62,419.64,81.00,123.05,1.0000,-1,-1,-1
222,175,585.38,208.83,46.25,66.47,1.0000,-1,-1,-1
222,178,388.77,209.90,148.63,179.34,1.0000,-1,-1,-1
222,182,796.09,198.20,77.10,98.56,1.0000,-1,-1,-1
222,184,826.80,210.83,124.33,174.13,1.0000,-1,-1,-1
222,189,857.27,518.89,143.80,241.14,1.0000,-1,-1,-1
222,193,1507.84,5.24,395.67,250.58,0.8072,-1,-1,-1
222,195,762.66,248.61,121.22,182.31,1.0000,-1,-1,-1
222,203,903.30,364.74,73.03,117.41,1.0000,-1,-1,-1
222,205,832.37,422.77,78.52,123.69,0.3859,-1,-1,-1
223,174,964.17,411.83,80.07,121.64,1.0000,-1,-1,-1
223,175,580.09,200.65,44.57,64.07,1.0000,-1,-1,-1
223,182,796.79,191.97,76.47,97.75,1.0000,-1,-1,-1
223,184,836.56,210.01,124.98,175.03,1.0000,-1,-1,-1
223,189,892.67,534.02,121.01,205.96,0.3152,-1,-1,-1
223,193,1510.84,5.34,391.39,253.82,0.7513,-1,-1,-1
223,195,762.75,243.09,123.09,185.12,1.0000,-1,-1,-1
223,203,904.78,365.95,71.23,114.52,1.0000,-1,-1,-1
223,205,831.92,423.49,78.32,123.37,1.0000,-1,-1,-1
223,206,809.40,226.19,124.84,212.32,0.3097,-1,-1,-1
224,174,963.71,404.01,79.15,120.24,1.0000,-1,-1,-1
224,175,574.80,192.47,42.90,61.67,1.0000,-1,-1,-1
224,182,797.48,185.75,75.84,96.94,1.0000,-1,-1,-1
224,184,846.32,209.20,125.63,175.94,1.0000,-1,-1,-1
224,189,894.79,533.87,120.23,204.62,1.0000,-1,-1,-1
224,193,1515.24,5.46,382.29,253.86,0.6762,-1,-1,-1
224,195,762.83,237.57,124.96,187.93,1.0000,-1,-1,-1
224,203,906.26,367.16,69.43,111.63,1.0000,-1,-1,-1
224,205,831.47,424.21,78.12,123.05,1.0000,-1,-1,-1
224,206,803.00,208.50,136.52,232.20,1.0000,-1,-1,-1
225,174,963.26,396.20,78.23,118.83,1.0000,-1,-1,-1
225,175,569.51,184.29,41.23,59.27,1.0000,-1,-1,-1
225,182,798.18,179.53,75.21,96.14,1.0000,-1,-1,-1
225,184,856.07,208.39,126.27,176.84,1.0000,-1,-1,-1
225,189,896.91,533.73,119.45,203.29,1.0000,-1,-1,-1
225,193,1513.92,5.72,374.35,255.75,0.7104,-1,-1,-1
225,195,762.92,232.04,126.83,190.74,1.0000,-1,-1,-1
225,203,907.74,368.37,67.63,108.74,1.0000,-1,-1,-1
225,205,831.02,424.92,77.92,122.74,1.0000,-1,-1,-1
225,206,796.59,190.80,148.21,252.08,1.0000,-1,-1,-1
225,207,1015.86,891.81,167.57,185.07,0.4454,-1,-1,-1
226,174,962.80,388.38,77.30,117.43,1.0000,-1,-1,-1
226,175,564.23,176.10,39.56,56.87,1.0000,-1,-1,-1
226,182,798.87,173.31,74.58,95.33,1.0000,-1,-1,-1
226,184,865.83,207.57,126.92,177.74,1.0000,-1,-1,-1
226,189,871.86,540.43,132.59,230.77,0.3257,-1,-1,-1
226,193,1496.64,5.22,371.66,257.82,0.5262,-1,-1,-1
226,195,763.01,226.52,128.70,193.55,1.0000,-1,-1,-1
226,203,909.23,369.58,65.84,105.85,1.0000,-1,-1,-1
226,205,830.57,425.64,77.72,122.42,1.0000,-1,-1,-1
226,206,790.18,173.11,159.90,271.95,1.0000,-1,-1,-1
226,207,1018.73,897.80,165.14,182.38,1.0000,-1,-1,-1
227,174,962.35,380.57,76.38,116.02,1.0000,-1,-1,-1
227,175,558.94,167.92,37.89,54.46,1.0000,-1,-1,-1
227,182,799.57,167.09,73.95,94.53,1.0000,-1,-1,-1
227,184,875.59,206.76,127.56,178.65,1.0000,-1,-1,-1
227,189,870.84,541.05,133.65,232.60,1.0000,-1,-1,-1
227,193,1499.27,5.21,376.65,261.28,1.0000,-1,-1,-1
227,195,763.10,221.00,130.57,196.36,1.0000,-1,-1,-1
227,203,910.71,370.79,64.04,102.96,1.0000,-1,-1,-1
227,205,830.12,426.36,77.52,122.11,1.0000,-1,-1,-1
227,206,783.78,155.41,171.58,291.83,1.0000,-1,-1,-1
227,207,1021.60,903.80,162.71,179.70,1.0000,-1,-1,-1
228,184,885.34,205.94,128.21,179.55,1.0000,-1,-1,-1
228,189,869.83,541.66,134.70,234.44,1.0000,-1,-1,-1
228,193,1501.91,5.20,381.64,264.74,1.0000,-1,-1,-1
228,195,763.18,215.48,132.44,199.17,1.0000,-1,-1,-1
228,203,912.19,372.00,62.24,100.07,1.0000,-1,-1,-1
228,205,829.67,427.08,77.32,121.79,1.0000,-1,-1,-1
228,206,777.37,137.72,183.27,311.70,1.0000,-1,-1,-1
228,207,1024.46,909.79,160.28,177.01,1.0000,-1,-1,-1
229,184,895.10,205.13,128.85,180.45,1.0000,-1,-1,-1
229,189,868.81,542.27,135.75,236.27,1.0000,-1,-1,-1
229,193,1504.54,5.19,386.63,268.20,1.0000,-1,-1,-1
229,195,763.27,209.96,134.31,201.98,1.0000,-1,-1,-1
229,203,913.67,373.21,60.44,97.18,1.0000,-1,-1,-1
229,205,829.22,427.80,77.12,121.48,1.0000,-1,-1,-1
229,206,770.97,120.02,194.95,331.58,1.0000,-1,-1,-1
229,207,1027.33,915.78,157.85,174.33,1.0000,-1,-1,-1
230,184,904.86,204.31,129.50,181.36,1.0000,-1,-1,-1
230,189,867.79,542.88,136.81,238.10,1.0000,-1,-1,-1
230,193,1507.17,5.19,391.62,271.66,1.0000,-1,-1,-1
230,195,763.36,204.44,136.18,204.79,1.0000,-1,-1,-1
230,203,915.15,374.42,58.65,94.29,1.0000,-1,-1,-1
230,205,828.77,428.51,76.92,121.16,1.0000,-1,-1,-1
230,206,764.56,102.33,206.64,351.45,1.0000,-1,-1,-1
230,207,1030.20,921.78,155.42,171.64,1.0000,-1,-1,-1
230,213,1462.35,4.29,354.38,258.71,0.7267,-1,-1,-1
231,184,914.61,203.50,130.14,182.26,1.0000,-1,-1,-1
231,189,866.78,543.49,137.86,239.94,1.0000,-1,-1,-1
231,193,1509.81,5.18,396.60,275.12,1.0000,-1,-1,-1
231,195,763.45,198.92,138.05,207.60,1.0000,-1,-1,-1
231,203,916.63,375.63,56.85,91.40,1.0000,-1,-1,-1
231,205,828.32,429.23,76.72,120.85,1.0000,-1,-1,-1
231,206,758.15,84.64,218.33,371.33,1.0000,-1,-1,-1
231,207,1033.07,927.77,152.98,168.96,1.0000,-1,-1,-1
231,213,1461.84,4.51,360.08,262.60,0.7232,-1,-1,-1
232,184,924.37,202.68,130.79,183.16,1.0000,-1,-1,-1
232,189,865.76,544.10,138.91,241.77,1.0000,-1,-1,-1
232,193,1512.44,5.17,401.59,278.58,1.0000,-1,-1,-1
232,195,763.53,193.39,139.91,210.41,1.0000,-1,-1,-1
232,203,918.11,376.84,55.05,88.51,1.0000,-1,-1,-1
232,205,827.87,429.95,76.52,120.53,1.0000,-1,-1,-1
232,206,751.75,66.94,230.01,391.21,1.0000,-1,-1,-1
232,207,1035.94,933.77,150.55,166.27,1.0000,-1,-1,-1
232,213,1459.09,4.77,370.85,270.46,0.7572,-1,-1,-1
233,184,934.13,201.87,131.43,184.07,1.0000,-1,-1,-1
233,189,864.75,544.71,139.97,243.60,1.0000,-1,-1,-1
233,193,1515.08,5.16,406.58,282.05,1.0000,-1,-1,-1
233,195,763.62,187.87,141.78,213.22,1.0000,-1,-1,-1
233,203,919.60,378.05,53.25,85.62,1.0000,-1,-1,-1
233,205,827.43,430.67,76.32,120.22,1.0000,-1,-1,-1
233,206,745.34,49.25,241.70,411.08,1.0000,-1,-1,-1
233,207,1038.81,939.76,148.12,163.59,1.0000,-1,-1,-1
233,213,1457.66,4.21,381.70,278.75,0.8298,-1,-1,-1
234,184,943.88,201.05,132.08,184.97,1.0000,-1,-1,-1
234,189,863.73,545.32,141.02,245.44,1.0000,-1,-1,-1
234,193,1517.71,5.16,411.57,285.51,1.0000,-1,-1,-1
234,195,763.71,182.35,143.65,216.03,1.0000,-1,-1,-1
234,203,921.08,379.26,51.45,82.73,1.0000,-1,-1,-1
234,205,826.98,431.39,76.12,119.90,1.0000,-1,-1,-1
234,206,738.94,31.55,253.38,430.96,1.0000,-1,-1,-1
234,207,1041.68,945.75,145.69,160.90,1.0000,-1,-1,-1
234,213,1455.34,3.76,391.07,286.65,0.6684,-1,-1,-1
235,184,953.64,200.24,132.72,185.87,1.0000,-1,-1,-1
235,189,862.71,545.93,142.07,247.27,1.0000,-1,-1,-1
235,193,1520.34,5.15,416.56,288.97,1.0000,-1,-1,-1
235,195,763.80,176.83,145.52,218.85,1.0000,-1,-1,-1
235,203,922.56,380.47,49.66,79.84,1.0000,-1,-1,-1
235,205,826.53,432.10,75.92,119.59,1.0000,-1,-1,-1
235,206,732.53,13.86,265.07,450.83,1.0000,-1,-1,-1
235,207,1044.54,951.75,143.26,158.22,1.0000,-1,-1,-1
235,213,1451.91,3.68,399.88,295.05,0.7420,-1,-1,-1
236,184,963.40,199.42,133.37,186.78,1.0000,-1,-1,-1
236,189,861.70,546.54,143.13,249.10,1.0000,-1,-1,-1
236,193,1522.98,5.14,421.54,292.43,1.0000,-1,-1,-1
236,195,763.88,171.31,147.39,221.66,1.0000,-1,-1,-1
236,203,924.04,381.68,47.86,76.95,1.0000,-1,-1,-1
236,205,826.08,432.82,75.72,119.27,1.0000,-1,-1,-1
236,206,726.12,-3.84,276.76,470.71,1.0000,-1,-1,-1
236,207,1047.41,957.74,140.83,155.53,1.0000,-1,-1,-1
236,213,1448.83,3.73,404.59,301.26,0.6397,-1,-1,-1
237,184,973.15,198.61,134.01,187.68,1.0000,-1,-1,-1
237,189,860.68,547.15,144.18,250.94,1.0000,-1,-1,-1
237,193,1525.61,5.13,426.53,295.89,1.0000,-1,-1,-1
237,195,763.97,165.79,149.26,224.47,1.0000,-1,-1,-1
237,203,925.52,382.88,46.06,74.06,1.0000,-1,-1,-1
237,205,825.63,433.54,75.52,118.96,1.0000,-1,-1,-1
237,206,719.72,-21.53,288.44,490.59,1.0000,-1,-1,-1
237,207,1050.28,963.73,138.40,152.85,1.0000,-1,-1,-1
237,213,1445.40,3.68,407.67,307.24,0.8440,-1,-1,-1
238,184,982.91,197.79,134.66,188.58,1.0000,-1,-1,-1
238,189,859.67,547.77,145.23,252.77,1.0000,-1,-1,-1
238,193,1528.24,5.13,431.52,299.35,1.0000,-1,-1,-1
238,195,764.06,160.27,151.13,227.28,1.0000,-1,-1,-1
238,203,927.00,384.09,44.26,71.17,1.0000,-1,-1,-1
238,205,825.18,434.26,75.32,118.64,1.0000,-1,-1,-1
238,206,713.31,-39.22,300.13,510.46,1.0000,-1,-1,-1
238,207,1053.15,969.73,135.97,150.16,1.0000,-1,-1,-1
238,213,1450.01,3.63,412.25,315.12,0.8904,-1,-1,-1
239,184,992.66,196.98,135.30,189.49,1.0000,-1,-1,-1
239,189,858.65,548.38,146.29,254.60,1.0000,-1,-1,-1
239,193,1530.88,5.12,436.51,302.81,1.0000,-1,-1,-1
239,195,764.15,154.74,153.00,230.09,1.0000,-1,-1,-1
239,203,928.48,385.30,42.47,68.28,1.0000,-1,-1,-1
239,205,824.73,434.98,75.12,118.33,1.0000,-1,-1,-1
239,206,706.91,-56.92,311.82,530.34,1.0000,-1,-1,-1
239,207,1056.02,975.72,133.54,147.48,1.0000,-1,-1,-1
239,213,1457.36,3.44,418.84,324.96,0.8919,-1,-1,-1
240,184,1002.42,196.16,135.95,190.39,1.0000,-1,-1,-1
240,189,857.63,548.99,147.34,256.44,1.0000,-1,-1,-1
240,193,1533.51,5.11,441.50,306.27,1.0000,-1,-1,-1
240,195,764.23,149.22,154.87,232.90,1.0000,-1,-1,-1
240,203,929.97,386.51,40.67,65.39,1.0000,-1,-1,-1
240,205,824.28,435.69,74.92,118.01,1.0000,-1,-1,-1
240,206,700.50,-74.61,323.50,550.21,1.0000,-1,-1,-1
240,207,1058.89,981.72,131.10,144.80,1.0000,-1,-1,-1
240,213,1465.24,2.86,422.71,332.61,0.9015,-1,-1,-1
241,184,1012.18,195.35,136.59,191.30,1.0000,-1,-1,-1
241,189,856.62,549.60,148.40,258.27,1.0000,-1,-1,-1
241,193,1536.15,5.10,446.48,309.74,1.0000,-1,-1,-1
241,195,764.32,143.70,156.73,235.71,1.0000,-1,-1,-1
241,203,931.45,387.72,38.87,62.50,1.0000,-1,-1,-1
241,205,823.83,436.41,74.72,117.70,1.0000,-1,-1,-1
241,206,694.09,-92.31,335.19,570.09,1.0000,-1,-1,-1
241,207,1061.76,987.71,128.67,142.11,1.0000,-1,-1,-1
241,213,1475.10,3.43,427.15,341.04,0.8997,-1,-1,-1
242,184,1021.93,194.54,137.24,192.20,1.0000,-1,-1,-1
242,189,855.60,550.21,149.45,260.10,1.0000,-1,-1,-1
242,193,1538.78,5.10,451.47,313.20,1.0000,-1,-1,-1
242,195,764.41,138.18,158.60,238.52,1.0000,-1,-1,-1
242,203,932.93,388.93,37.07,59.61,1.0000,-1,-1,-1
242,205,823.38,437.13,74.52,117.38,1.0000,-1,-1,-1
242,206,687.69,-110.00,346.87,589.96,1.0000,-1,-1,-1
242,207,1064.63,993.70,126.24,139.43,1.0000,-1,-1,-1
242,213,1488.50,4.12,435.27,352.51,0.8807,-1,-1,-1
243,184,1031.69,193.72,137.88,193.10,1.0000,-1,-1,-1
243,189,854.58,550.82,150.50,261.94,1.0000,-1,-1,-1
243,193,1541.41,5.09,456.46,316.66,1.0000,-1,-1,-1
243,195,764.50,132.66,160.47,241.33,1.0000,-1,-1,-1
243,203,934.41,390.14,35.28,56.72,1.0000,-1,-1,-1
243,205,822.93,437.85,74.32,117.07,1.0000,-1,-1,-1
243,206,681.28,-127.70,358.56,609.84,1.0000,-1,-1,-1
243,207,1067.49,999.70,123.81,136.74,1.0000,-1,-1,-1
243,213,1501.89,4.49,444.54,365.91,0.8993,-1,-1,-1
244,184,1041.45,192.91,138.53,194.01,1.0000,-1,-1,-1
244,189,853.57,551.43,151.56,263.77,1.0000,-1,-1,-1
244,193,1544.05,5.08,461.45,320.12,1.0000,-1,-1,-1
244,195,764.58,127.14,162.34,244.14,1.0000,-1,-1,-1
244,203,935.89,391.35,33.48,53.83,1.0000,-1,-1,-1
244,205,822.48,438.57,74.12,116.75,1.0000,-1,-1,-1
244,206,674.88,-145.39,370.25,629.72,1.0000,-1,-1,-1
244,207,1070.36,1005.69,121.38,134.06,1.0000,-1,-1,-1
244,213,1507.98,4.79,451.66,378.79,0.8527,-1,-1,-1
245,184,1051.20,192.09,139.17,194.91,1.0000,-1,-1,-1
245,189,852.55,552.04,152.61,265.61,1.0000,-1,-1,-1
245,193,1546.68,5.07,466.43,323.58,1.0000,-1,-1,-1
245,203,937.37,392.56,31.68,50.94,1.0000,-1,-1,-1
245,205,822.03,439.28,73.92,116.44,1.0000,-1,-1,-1
245,206,668.47,-163.08,381.93,649.59,1.0000,-1,-1,-1
245,207,1073.23,1011.68,118.95,131.37,1.0000,-1,-1,-1
245,213,1509.29,4.93,453.50,387.15,0.8186,-1,-1,-1
246,184,1060.96,191.28,139.82,195.81,1.0000,-1,-1,-1
246,189,851.54,552.65,153.66,267.44,1.0000,-1,-1,-1
246,193,1549.32,5.07,471.42,327.04,1.0000,-1,-1,-1
246,203,938.86,393.77,29.88,48.05,1.0000,-1,-1,-1
246,205,821.58,440.00,73.72,116.12,1.0000,-1,-1,-1
246,206,662.06,-180.78,393.62,669.47,1.0000,-1,-1,-1
246,207,1076.10,1017.68,116.52,128.69,1.0000,-1,-1,-1
246,213,1511.22,5.11,457.58,398.92,0.8278,-1,-1,-1
247,184,1070.72,190.46,140.46,196.72,1.0000,-1,-1,-1
247,189,850.52,553.26,154.72,269.27,1.0000,-1,-1,-1
247,193,1551.95,5.06,476.41,330.50,1.0000,-1,-1,-1
247,203,940.34,394.98,28.09,45.16,1.0000,-1,-1,-1
247,205,821.13,440.72,73.52,115.81,1.0000,-1,-1,-1
247,206,655.66,-198.47,405.30,689.34,1.0000,-1,-1,-1
247,207,1078.97,1023.67,114.09,126.00,1.0000,-1,-1,-1
247,213,1516.23,5.30,462.59,414.11,0.7974,-1,-1,-1
248,184,1080.47,189.65,141.11,197.62,1.0000,-1,-1,-1
248,189,849.50,553.88,155.77,271.11,1.0000,-1,-1,-1
248,193,1554.58,5.05,481.40,333.96,1.0000,-1,-1,-1
248,203,941.82,396.19,26.29,42.27,1.0000,-1,-1,-1
248,205,820.68,441.44,73.32,115.49,1.0000,-1,-1,-1
248,206,649.25,-216.17,416.99,709.22,1.0000,-1,-1,-1
248,207,1081.84,1029.67,111.66,123.32,1.0000,-1,-1,-1
248,213,1522.26,5.29,463.96,427.63,0.7363,-1,-1,-1
249,189,848.49,554.49,156.82,272.94,1.0000,-1,-1,-1
249,193,1557.22,5.04,486.39,337.42,1.0000,-1,-1,-1
249,203,943.30,397.40,24.49,39.38,1.0000,-1,-1,-1
249,205,820.23,442.16,73.12,115.18,1.0000,-1,-1,-1
249,206,642.85,-233.86,428.68,729.09,1.0000,-1,-1,-1
249,207,1084.71,1035.66,109.23,120.63,1.0000,-1,-1,-1
249,213,1526.12,5.55,473.76,452.72,0.7231,-1,-1,-1
250,189,847.47,555.10,157.88,274.77,1.0000,-1,-1,-1
250,193,1559.85,5.04,491.37,340.89,1.0000,-1,-1,-1
250,203,944.78,398.61,22.69,36.49,1.0000,-1,-1,-1
250,205,819.78,442.87,72.92,114.86,1.0000,-1,-1,-1
250,206,636.44,-251.56,440.36,748.97,1.0000,-1,-1,-1
250,207,1087.57,1041.65,106.79,117.95,1.0000,-1,-1,-1
250,213,1537.86,5.63,468.05,464.50,0.8596,-1,-1,-1
251,189,846.46,555.71,158.93,276.61,1.0000,-1,-1,-1
251,193,1562.49,5.03,496.36,344.35,1.0000,-1,-1,-1
251,203,946.26,399.82,20.90,33.60,1.0000,-1,-1,-1
251,205,819.33,443.59,72.72,114.55,1.0000,-1,-1,-1
251,206,630.03,-269.25,452.05,768.85,1.0000,-1,-1,-1
251,207,1090.44,1047.65,104.36,115.26,1.0000,-1,-1,-1
251,213,1551.66,4.86,461.36,477.58,0.8856,-1,-1,-1
252,189,845.44,556.32,159.98,278.44,1.0000,-1,-1,-1
252,193,1565.12,5.02,501.35,347.81,1.0000,-1,-1,-1
252,205,818.88,444.31,72.52,114.23,1.0000,-1,-1,-1
252,206,623.63,-286.94,463.73,788.72,1.0000,-1,-1,-1
252,207,1093.31,1053.64,101.93,112.58,1.0000,-1,-1,-1
252,213,1569.44,4.96,450.26,488.12,0.8510,-1,-1,-1
253,189,844.42,556.93,161.04,280.27,1.0000,-1,-1,-1
253,193,1567.75,5.01,506.34,351.27,1.0000,-1,-1,-1
253,206,617.22,-304.64,475.42,808.60,1.0000,-1,-1,-1
253,207,1096.18,1059.63,99.50,109.89,1.0000,-1,-1,-1
253,213,1589.19,4.95,434.90,495.39,0.8758,-1,-1,-1
254,189,843.41,557.54,162.09,282.11,1.0000,-1,-1,-1
254,193,1570.39,5.01,511.32,354.73,1.0000,-1,-1,-1
254,207,1099.05,1065.63,97.07,107.21,1.0000,-1,-1,-1
254,213,1611.06,4.56,414.25,497.15,0.8410,-1,-1,-1
255,189,842.39,558.15,163.14,283.94,1.0000,-1,-1,-1
255,193,1573.02,5.00,516.31,358.19,1.0000,-1,-1,-1
255,207,1101.92,1071.62,94.64,104.52,1.0000,-1,-1,-1
255,213,1632.98,3.54,392.64,497.80,0.8346,-1,-1,-1
256,189,841.37,558.76,164.20,285.77,1.0000,-1,-1,-1
256,193,1575.66,4.99,521.30,361.65,1.0000,-1,-1,-1
256,213,1655.52,2.79,370.55,498.11,0.7925,-1,-1,-1
257,213,1661.37,2.62,376.70,506.38,1.0000,-1,-1,-1
258,213,1667.22,2.45,382.85,514.65,1.0000,-1,-1,-1
259,213,1673.07,2.29,389.00,522.92,1.0000,-1,-1,-1
260,213,1678.92,2.12,395.15,531.20,1.0000,-1,-1,-1
261,213,1684.77,1.95,401.30,539.47,1.0000,-1,-1,-1
262,213,1690.62,1.79,407.45,547.74,1.0000,-1,-1,-1
263,213,1696.47,1.62,413.60,556.02,1.0000,-1,-1,-1
264,213,1702.32,1.45,419.75,564.29,1.0000,-1,-1,-1
265,213,1708.17,1.29,425.89,572.56,1.0000,-1,-1,-1
266,213,1714.02,1.12,432.04,580.84,1.0000,-1,-1,-1
266,227,912.77,400.29,75.38,126.73,0.3471,-1,-1,-1
267,213,1719.87,0.95,438.19,589.11,1.0000,-1,-1,-1
267,227,914.88,396.15,76.56,128.72,1.0000,-1,-1,-1
268,213,1725.72,0.79,444.34,597.38,1.0000,-1,-1,-1
268,227,916.99,392.02,77.74,130.71,1.0000,-1,-1,-1
269,213,1731.57,0.62,450.49,605.65,1.0000,-1,-1,-1
269,227,919.09,387.89,78.92,132.69,1.0000,-1,-1,-1
270,213,1737.42,0.45,456.64,613.93,1.0000,-1,-1,-1
270,227,921.20,383.75,80.10,134.68,1.0000,-1,-1,-1
271,213,1743.27,0.29,462.79,622.20,1.0000,-1,-1,-1
271,227,923.31,379.62,81.28,136.66,1.0000,-1,-1,-1
272,213,1749.12,0.12,468.93,630.47,1.0000,-1,-1,-1
272,227,925.42,375.49,82.46,138.65,1.0000,-1,-1,-1
273,213,1754.97,-0.05,475.08,638.75,1.0000,-1,-1,-1
273,227,927.53,371.35,83.64,140.63,1.0000,-1,-1,-1
274,213,1760.82,-0.22,481.23,647.02,1.0000,-1,-1,-1
274,227,929.64,367.22,84.83,142.62,1.0000,-1,-1,-1
275,213,1766.67,-0.38,487.38,655.29,1.0000,-1,-1,-1
275,227,931.74,363.09,86.01,144.60,1.0000,-1,-1,-1
276,213,1772.52,-0.55,493.53,663.56,1.0000,-1,-1,-1
276,227,933.85,358.95,87.19,146.59,1.0000,-1,-1,-1
277,213,1778.37,-0.72,499.67,671.84,1.0000,-1,-1,-1
277,227,935.96,354.82,88.37,148.57,1.0000,-1,-1,-1
278,213,1784.22,-0.88,505.82,680.11,1.0000,-1,-1,-1
278,227,938.07,350.69,89.55,150.56,1.0000,-1,-1,-1
279,213,1790.07,-1.05,511.97,688.38,1.0000,-1,-1,-1
279,227,940.18,346.55,90.73,152.54,1.0000,-1,-1,-1
280,213,1795.92,-1.22,518.12,696.66,1.0000,-1,-1,-1
280,227,942.29,342.42,91.91,154.53,1.0000,-1,-1,-1
281,213,1801.78,-1.38,524.26,704.93,1.0000,-1,-1,-1
281,227,920.39,379.79,65.70,111.32,0.3144,-1,-1,-1
282,213,1807.63,-1.55,530.41,713.20,1.0000,-1,-1,-1
282,227,912.51,379.27,67.30,115.18,0.3169,-1,-1,-1
282,240,982.15,512.51,68.66,129.29,0.5040,-1,-1,-1
283,213,1813.48,-1.72,536.56,721.47,1.0000,-1,-1,-1
283,227,912.12,377.84,67.12,114.87,1.0000,-1,-1,-1
283,240,977.64,510.95,68.16,128.36,1.0000,-1,-1,-1
284,213,1819.33,-1.88,542.70,729.75,1.0000,-1,-1,-1
284,227,911.72,376.41,66.94,114.55,1.0000,-1,-1,-1
284,240,960.54,511.27,66.25,124.61,0.3220,-1,-1,-1
284,241,822.88,493.69,81.32,137.84,0.4418,-1,-1,-1
284,242,1008.07,634.33,79.63,132.35,0.3833,-1,-1,-1
285,213,1825.18,-2.05,548.85,738.02,1.0000,-1,-1,-1
285,227,911.33,374.98,66.76,114.24,1.0000,-1,-1,-1
285,240,952.62,510.22,65.35,122.91,1.0000,-1,-1,-1
285,241,820.01,488.87,77.59,131.84,0.3774,-1,-1,-1
285,242,1004.07,635.72,80.96,134.55,1.0000,-1,-1,-1
286,213,1831.03,-2.22,555.00,746.29,1.0000,-1,-1,-1
286,227,910.93,373.55,66.58,113.93,1.0000,-1,-1,-1
286,240,949.59,495.42,66.55,124.36,0.3966,-1,-1,-1
286,241,821.53,483.60,77.32,132.17,0.4196,-1,-1,-1
286,242,1000.06,637.12,82.29,136.76,1.0000,-1,-1,-1
287,227,892.47,390.07,64.39,110.25,0.3191,-1,-1,-1
287,240,944.95,489.61,64.90,120.26,0.5769,-1,-1,-1
287,241,826.28,479.22,75.93,130.29,0.4662,-1,-1,-1
287,242,997.26,614.14,84.48,141.10,0.4703,-1,-1,-1
288,227,891.39,386.88,60.58,102.96,0.4084,-1,-1,-1
288,240,938.49,485.50,64.03,118.65,1.0000,-1,-1,-1
288,241,830.36,471.22,72.22,124.10,0.3203,-1,-1,-1
288,242,993.47,610.49,86.06,143.75,1.0000,-1,-1,-1
289,227,886.73,385.27,64.03,110.25,0.3373,-1,-1,-1
289,240,932.03,481.39,63.16,117.03,1.0000,-1,-1,-1
289,241,827.45,467.69,74.11,128.21,0.4585,-1,-1,-1
289,242,989.67,606.84,87.65,146.40,1.0000,-1,-1,-1
290,227,881.21,389.96,65.32,113.88,0.3827,-1,-1,-1
290,240,926.59,473.68,67.24,125.32,0.3235,-1,-1,-1
290,241,820.18,467.87,75.64,131.71,0.4974,-1,-1,-1
290,242,985.88,603.20,89.23,149.05,1.0000,-1,-1,-1
291,227,878.21,390.42,65.43,114.07,1.0000,-1,-1,-1
291,240,920.24,469.09,67.09,125.03,1.0000,-1,-1,-1
291,241,817.82,464.71,75.74,131.89,1.0000,-1,-1,-1
291,242,982.09,599.55,90.82,151.69,1.0000,-1,-1,-1
292,227,875.21,390.89,65.55,114.27,1.0000,-1,-1,-1
292,240,913.89,464.49,66.94,124.75,1.0000,-1,-1,-1
292,241,815.46,461.56,75.85,132.06,1.0000,-1,-1,-1
292,242,978.29,595.90,92.41,154.34,1.0000,-1,-1,-1
293,227,872.21,391.35,65.66,114.46,1.0000,-1,-1,-1
293,240,907.54,459.89,66.79,124.47,1.0000,-1,-1,-1
293,241,813.11,458.40,75.95,132.24,1.0000,-1,-1,-1
293,242,974.50,592.25,93.99,156.99,1.0000,-1,-1,-1
294,227,869.21,391.82,65.77,114.66,1.0000,-1,-1,-1
294,240,901.19,455.30,66.63,124.19,1.0000,-1,-1,-1
294,241,810.75,455.25,76.05,132.42,1.0000,-1,-1,-1
294,242,970.70,588.60,95.58,159.64,1.0000,-1,-1,-1
295,227,866.21,392.29,65.88,114.85,1.0000,-1,-1,-1
295,240,894.84,450.70,66.48,123.90,1.0000,-1,-1,-1
295,241,808.39,452.09,76.15,132.59,1.0000,-1,-1,-1
295,242,966.91,584.95,97.16,162.29,1.0000,-1,-1,-1
296,227,863.21,392.75,66.00,115.05,1.0000,-1,-1,-1
296,240,888.49,446.11,66.33,123.62,1.0000,-1,-1,-1
296,241,806.03,448.93,76.25,132.77,1.0000,-1,-1,-1
296,242,963.12,581.30,98.75,164.93,1.0000,-1,-1,-1
297,227,860.21,393.22,66.11,115.24,1.0000,-1,-1,-1
297,240,882.14,441.51,66.18,123.34,1.0000,-1,-1,-1
297,241,803.68,445.78,76.35,132.94,1.0000,-1,-1,-1
297,242,959.32,577.65,100.33,167.58,1.0000,-1,-1,-1
298,227,857.21,393.69,66.22,115.44,1.0000,-1,-1,-1
298,240,875.79,436.91,66.03,123.06,1.0000,-1,-1,-1
298,241,801.32,442.62,76.45,133.12,1.0000,-1,-1,-1
298,242,955.53,574.00,101.92,170.23,1.0000,-1,-1,-1
299,227,854.21,394.15,66.33,115.64,1.0000,-1,-1,-1
299,240,869.44,432.32,65.88,122.78,1.0000,-1,-1,-1
299,241,798.96,439.47,76.55,133.30,1.0000,-1,-1,-1
299,242,951.73,570.35,103.50,172.88,1.0000,-1,-1,-1
300,227,851.21,394.62,66.44,115.83,1.0000,-1,-1,-1
300,240,863.09,427.72,65.73,122.49,1.0000,-1,-1,-1
300,241,796.61,436.31,76.66,133.47,1.0000,-1,-1,-1
300,242,947.94,566.71,105.09,175.53,1.0000,-1,-1,-1
301,227,848.20,395.09,66.56,116.03,1.0000,-1,-1,-1
301,240,856.74,423.13,65.57,122.21,1.0000,-1,-1,-1
301,241,794.25,433.16,76.76,133.65,1.0000,-1,-1,-1
301,242,944.15,563.06,106.67,178.17,1.0000,-1,-1,-1
302,227,845.20,395.55,66.67,116.22,1.0000,-1,-1,-1
302,240,850.39,418.53,65.42,121.93,1.0000,-1,-1,-1
302,241,791.89,430.00,76.86,133.83,1.0000,-1,-1,-1
302,242,940.35,559.41,108.26,180.82,1.0000,-1,-1,-1
303,227,842.20,396.02,66.78,116.42,1.0000,-1,-1,-1
303,240,844.04,413.93,65.27,121.65,1.0000,-1,-1,-1
303,241,789.53,426.84,76.96,134.00,1.0000,-1,-1,-1
303,242,936.56,555.76,109.85,183.47,1.0000,-1,-1,-1
304,227,839.20,396.49,66.89,116.61,1.0000,-1,-1,-1
304,240,837.70,409.34,65.12,121.36,1.0000,-1,-1,-1
304,241,787.18,423.69,77.06,134.18,1.0000,-1,-1,-1
304,242,932.77,552.11,111.43,186.12,1.0000,-1,-1,-1
305,227,836.20,396.95,67.00,116.81,1.0000,-1,-1,-1
305,240,831.35,404.74,64.97,121.08,1.0000,-1,-1,-1
305,241,784.82,420.53,77.16,134.35,1.0000,-1,-1,-1
305,242,928.97,548.46,113.02,188.77,1.0000,-1,-1,-1
306,227,833.20,397.42,67.12,117.00,1.0000,-1,-1,-1
306,240,825.00,400.15,64.82,120.80,1.0000,-1,-1,-1
306,241,782.46,417.38,77.26,134.53,1.0000,-1,-1,-1
306,242,925.18,544.81,114.60,191.42,1.0000,-1,-1,-1
306,251,1572.24,6.23,323.08,537.44,0.9133,-1,-1,-1
307,227,830.20,397.88,67.23,117.20,1.0000,-1,-1,-1
307,240,818.65,395.55,64.67,120.52,1.0000,-1,-1,-1
307,241,780.10,414.22,77.36,134.71,1.0000,-1,-1,-1
307,242,921.38,541.16,116.19,194.06,1.0000,-1,-1,-1
307,251,1556.98,6.81,340.61,564.10,0.9150,-1,-1,-1
308,227,827.20,398.35,67.34,117.40,1.0000,-1,-1,-1
308,240,812.30,390.95,64.51,120.23,1.0000,-1,-1,-1
308,241,777.75,411.07,77.47,134.88,1.0000,-1,-1,-1
308,242,917.59,537.51,117.77,196.71,1.0000,-1,-1,-1
308,251,1534.41,6.74,366.39,604.18,0.9116,-1,-1,-1
309,227,824.20,398.82,67.45,117.59,1.0000,-1,-1,-1
309,240,805.95,386.36,64.36,119.95,1.0000,-1,-1,-1
309,241,775.39,407.91,77.57,135.06,1.0000,-1,-1,-1
309,242,913.80,533.86,119.36,199.36,1.0000,-1,-1,-1
309,251,1523.66,6.02,379.43,622.94,0.9222,-1,-1,-1
310,227,821.20,399.28,67.57,117.79,1.0000,-1,-1,-1
310,240,799.60,381.76,64.21,119.67,1.0000,-1,-1,-1
310,241,773.03,404.75,77.67,135.24,1.0000,-1,-1,-1
310,242,910.00,530.22,120.94,202.01,1.0000,-1,-1,-1
310,251,1515.71,5.90,390.67,639.09,0.9413,-1,-1,-1
311,227,818.20,399.75,67.68,117.98,1.0000,-1,-1,-1
311,240,793.25,377.17,64.06,119.39,1.0000,-1,-1,-1
311,241,770.67,401.60,77.77,135.41,1.0000,-1,-1,-1
311,242,906.21,526.57,122.53,204.66,1.0000,-1,-1,-1
311,251,1505.67,6.06,400.53,652.26,0.9336,-1,-1,-1
312,227,815.20,400.22,67.79,118.18,1.0000,-1,-1,-1
312,240,786.90,372.57,63.91,119.11,1.0000,-1,-1,-1
312,241,768.32,398.44,77.87,135.59,1.0000,-1,-1,-1
312,242,902.41,522.92,124.11,207.30,1.0000,-1,-1,-1
312,251,1500.07,6.57,403.81,653.64,0.9450,-1,-1,-1
313,227,812.20,400.68,67.90,118.37,1.0000,-1,-1,-1
313,240,780.55,367.98,63.76,118.82,1.0000,-1,-1,-1
313,241,765.96,395.29,77.97,135.76,1.0000,-1,-1,-1
313,242,898.62,519.27,125.70,209.95,1.0000,-1,-1,-1
313,251,1495.06,6.87,410.96,662.29,0.9366,-1,-1,-1
314,227,809.20,401.15,68.01,118.57,1.0000,-1,-1,-1
314,240,774.20,363.38,63.61,118.54,1.0000,-1,-1,-1
314,241,763.60,392.13,78.07,135.94,1.0000,-1,-1,-1
314,242,894.83,515.62,127.29,212.60,1.0000,-1,-1,-1
314,251,1484.82,7.53,419.16,671.08,0.9402,-1,-1,-1
315,227,806.20,401.62,68.13,118.76,1.0000,-1,-1,-1
315,240,767.85,358.78,63.45,118.26,1.0000,-1,-1,-1
315,241,761.24,388.98,78.17,136.12,1.0000,-1,-1,-1
315,242,891.03,511.97,128.87,215.25,1.0000,-1,-1,-1
315,251,1464.09,8.12,432.37,684.52,0.9441,-1,-1,-1
316,227,803.20,402.08,68.24,118.96,1.0000,-1,-1,-1
316,240,761.50,354.19,63.30,117.98,1.0000,-1,-1,-1
316,241,758.89,385.82,78.27,136.29,1.0000,-1,-1,-1
316,242,887.24,508.32,130.46,217.90,1.0000,-1,-1,-1
316,251,1439.61,6.93,447.96,698.41,0.9353,-1,-1,-1
316,255,1380.74,3.93,269.72,453.13,0.3348,-1,-1,-1
317,227,800.19,402.55,68.35,119.16,1.0000,-1,-1,-1
317,240,755.15,349.59,63.15,117.69,1.0000,-1,-1,-1
317,241,756.53,382.66,78.38,136.47,1.0000,-1,-1,-1
317,242,883.44,504.67,132.04,220.54,1.0000,-1,-1,-1
317,251,1433.40,6.40,450.03,690.19,0.9551,-1,-1,-1
317,255,1342.47,3.62,271.43,458.58,0.6260,-1,-1,-1
318,227,797.19,403.01,68.46,119.35,1.0000,-1,-1,-1
318,240,748.80,345.00,63.00,117.41,1.0000,-1,-1,-1
318,241,754.17,379.51,78.48,136.65,1.0000,-1,-1,-1
318,251,1429.39,6.47,452.36,682.41,0.9540,-1,-1,-1
318,255,1317.79,3.11,268.13,456.93,0.5759,-1,-1,-1
319,227,794.19,403.48,68.58,119.55,1.0000,-1,-1,-1
319,240,742.45,340.40,62.85,117.13,1.0000,-1,-1,-1
319,241,751.82,376.35,78.58,136.82,1.0000,-1,-1,-1
319,251,1408.18,8.24,469.71,695.93,0.9136,-1,-1,-1
319,255,1290.07,6.28,275.09,472.68,0.4968,-1,-1,-1
320,227,791.19,403.95,68.69,119.74,1.0000,-1,-1,-1
320,240,736.10,335.80,62.70,116.85,1.0000,-1,-1,-1
320,241,749.46,373.20,78.68,137.00,1.0000,-1,-1,-1
320,251,1375.11,6.53,476.13,696.45,0.9521,-1,-1,-1
320,255,1235.00,4.89,275.60,482.30,0.6296,-1,-1,-1
321,251,1347.65,5.39,474.79,688.94,0.9488,-1,-1,-1
321,255,1203.31,6.79,268.23,478.22,0.6249,-1,-1,-1
322,251,1317.67,5.01,474.12,685.43,0.9330,-1,-1,-1
322,255,1171.61,7.02,264.34,481.57,0.6074,-1,-1,-1
323,251,1290.79,4.76,472.01,682.16,0.9435,-1,-1,-1
323,255,1147.66,4.77,261.76,487.09,0.5234,-1,-1,-1
324,251,1271.94,5.31,468.83,679.75,0.9431,-1,-1,-1
324,255,1129.52,3.66,260.73,494.19,0.5875,-1,-1,-1
325,251,1256.92,5.02,465.24,678.53,0.8616,-1,-1,-1
325,255,1114.02,6.25,257.21,496.89,0.3413,-1,-1,-1
326,251,1246.77,5.54,456.36,670.42,0.5577,-1,-1,-1
326,255,1103.64,4.71,260.76,511.87,0.4300,-1,-1,-1
326,258,214.14,806.27,199.76,272.27,0.3826,-1,-1,-1
327,251,1241.55,5.92,446.02,661.21,0.8778,-1,-1,-1
327,255,1096.96,2.85,260.89,517.87,0.7171,-1,-1,-1
327,258,233.79,838.93,176.18,239.68,0.3529,-1,-1,-1
328,251,1238.47,6.96,432.74,646.52,0.8813,-1,-1,-1
328,255,1093.94,3.78,255.24,510.18,0.7230,-1,-1,-1
328,258,250.07,880.70,146.37,197.66,0.3461,-1,-1,-1
329,251,1233.58,5.45,421.11,634.42,0.8394,-1,-1,-1
329,255,1092.25,5.29,249.26,499.86,0.7978,-1,-1,-1
329,258,236.32,885.71,143.56,192.51,0.4976,-1,-1,-1
329,260,92.34,812.08,157.97,174.30,0.4263,-1,-1,-1
330,251,1231.12,6.25,411.64,624.01,0.7979,-1,-1,-1
330,255,1090.92,6.36,244.46,490.44,0.5889,-1,-1,-1
330,258,227.51,887.70,143.44,190.45,0.3109,-1,-1,-1
330,260,80.44,797.93,154.62,170.19,0.5496,-1,-1,-1
330,261,221.82,777.88,162.06,161.98,0.4447,-1,-1,-1
331,251,1233.98,6.45,403.74,616.21,0.7591,-1,-1,-1
331,255,1090.70,6.60,239.91,480.36,0.4745,-1,-1,-1
331,258,217.09,888.20,144.39,189.17,0.3372,-1,-1,-1
331,260,71.51,774.40,152.83,168.44,0.6588,-1,-1,-1
331,261,197.04,752.66,172.43,172.41,0.3427,-1,-1,-1
332,251,1237.39,7.51,393.71,604.36,0.5159,-1,-1,-1
332,255,1094.10,6.25,240.19,477.62,0.7159,-1,-1,-1
332,258,213.67,890.56,142.72,186.99,1.0000,-1,-1,-1
332,260,70.61,759.57,153.83,169.15,0.3227,-1,-1,-1
332,261,180.26,738.75,179.15,179.12,1.0000,-1,-1,-1
333,251,1239.75,7.67,383.45,591.33,0.4534,-1,-1,-1
333,255,1071.02,4.32,229.21,466.30,0.3478,-1,-1,-1
333,258,210.25,892.91,141.06,184.81,1.0000,-1,-1,-1
333,260,59.46,755.96,152.33,169.29,0.5110,-1,-1,-1
333,261,163.47,724.85,185.86,185.83,1.0000,-1,-1,-1
334,251,1176.39,5.31,390.15,579.76,0.5861,-1,-1,-1
334,255,1083.00,2.43,229.87,463.42,0.3156,-1,-1,-1
334,258,206.83,895.26,139.40,182.64,1.0000,-1,-1,-1
334,260,46.72,753.35,156.85,175.95,0.5755,-1,-1,-1
334,261,146.69,710.94,192.57,192.54,1.0000,-1,-1,-1
335,251,1139.07,4.05,391.74,566.04,0.8618,-1,-1,-1
335,255,1071.08,2.16,229.20,462.08,1.0000,-1,-1,-1
335,258,203.40,897.62,137.74,180.46,1.0000,-1,-1,-1
335,260,36.29,755.17,164.44,186.27,0.6073,-1,-1,-1
335,261,129.91,697.04,199.29,199.25,1.0000,-1,-1,-1
336,251,1111.15,3.43,386.12,546.69,0.7904,-1,-1,-1
336,255,1059.17,1.88,228.54,460.74,1.0000,-1,-1,-1
336,258,199.98,899.97,136.07,178.28,1.0000,-1,-1,-1
336,260,24.22,748.83,171.54,196.27,0.7474,-1,-1,-1
336,261,113.12,683.13,206.00,205.97,1.0000,-1,-1,-1
336,263,159.76,722.55,120.63,111.91,0.4786,-1,-1,-1
336,264,292.79,750.20,148.68,190.44,0.4475,-1,-1,-1
337,251,1149.48,3.82,368.55,527.95,0.4455,-1,-1,-1
337,255,1047.25,1.61,227.87,459.40,1.0000,-1,-1,-1
337,258,196.56,902.33,134.41,176.10,1.0000,-1,-1,-1
337,260,3.62,728.88,166.50,191.27,0.5769,-1,-1,-1
337,261,96.34,669.22,212.71,212.68,1.0000,-1,-1,-1
337,263,130.12,682.82,143.68,133.30,0.5883,-1,-1,-1
337,264,287.67,719.85,164.52,209.30,0.6428,-1,-1,-1
337,265,203.43,880.31,190.50,152.88,0.5197,-1,-1,-1
338,251,1116.59,3.77,365.58,510.29,0.4627,-1,-1,-1
338,255,1035.33,1.33,227.21,458.06,1.0000,-1,-1,-1
338,258,193.14,904.68,132.75,173.92,1.0000,-1,-1,-1
338,260,-13.21,699.49,164.70,192.53,0.6146,-1,-1,-1
338,261,79.56,655.32,219.43,219.39,1.0000,-1,-1,-1
338,263,117.36,661.71,144.86,134.25,0.4960,-1,-1,-1
338,264,273.29,695.19,172.78,218.17,0.4801,-1,-1,-1
338,265,202.16,868.72,184.87,148.36,1.0000,-1,-1,-1
338,266,88.57,774.78,197.97,163.50,0.5147,-1,-1,-1
339,251,1104.04,3.54,361.80,490.94,0.8999,-1,-1,-1
339,255,1023.41,1.05,226.54,456.72,1.0000,-1,-1,-1
339,258,189.72,907.03,131.09,171.75,1.0000,-1,-1,-1
339,260,-23.75,665.10,158.68,190.65,0.4728,-1,-1,-1
339,261,62.77,641.41,226.14,226.10,1.0000,-1,-1,-1
339,263,106.71,642.75,146.83,136.08,1.0000,-1,-1,-1
339,264,258.08,663.31,174.10,217.66,0.4263,-1,-1,-1
339,265,200.89,857.13,179.24,143.84,1.0000,-1,-1,-1
339,266,78.39,763.66,204.99,169.30,1.0000,-1,-1,-1
340,251,1099.13,3.97,360.43,474.67,0.9281,-1,-1,-1
340,255,1011.49,0.78,225.88,455.37,1.0000,-1,-1,-1
340,258,186.30,909.39,129.42,169.57,1.0000,-1,-1,-1
340,260,-36.11,651.53,160.21,192.50,1.0000,-1,-1,-1
340,261,45.99,627.51,232.85,232.81,1.0000,-1,-1,-1
340,263,75.81,599.78,151.75,140.58,0.3797,-1,-1,-1
340,264,238.64,634.54,174.01,215.67,0.4291,-1,-1,-1
340,265,199.62,845.54,173.61,139.32,1.0000,-1,-1,-1
340,266,68.22,752.54,212.01,175.10,1.0000,-1,-1,-1
341,251,1094.28,3.80,362.14,462.66,0.9330,-1,-1,-1
341,255,999.57,0.50,225.21,454.03,1.0000,-1,-1,-1
341,258,182.88,911.74,127.76,167.39,1.0000,-1,-1,-1
341,260,-48.48,637.96,161.75,194.35,1.0000,-1,-1,-1
341,261,29.21,613.60,239.57,239.53,1.0000,-1,-1,-1
341,263,61.85,573.91,160.71,149.93,0.4411,-1,-1,-1
341,264,218.82,617.99,178.95,220.22,0.3600,-1,-1,-1
341,265,198.36,833.95,167.98,134.80,1.0000,-1,-1,-1
341,266,58.04,741.42,219.03,180.89,1.0000,-1,-1,-1
342,251,1090.83,3.91,368.44,457.16,0.9357,-1,-1,-1
342,255,987.65,0.23,224.54,452.69,1.0000,-1,-1,-1
342,258,179.46,914.10,126.10,165.21,1.0000,-1,-1,-1
342,260,-60.84,624.40,163.29,196.19,1.0000,-1,-1,-1
342,261,12.42,599.70,246.28,246.24,1.0000,-1,-1,-1
342,263,55.27,560.88,158.85,149.51,0.3877,-1,-1,-1
342,264,201.86,603.76,187.31,229.96,0.3096,-1,-1,-1
342,265,197.09,822.36,162.35,130.28,1.0000,-1,-1,-1
342,266,47.87,730.30,226.05,186.69,1.0000,-1,-1,-1
342,267,409.86,669.54,194.98,149.43,0.6193,-1,-1,-1
343,251,1087.56,3.92,379.89,459.26,0.9317,-1,-1,-1
343,255,975.73,-0.05,223.88,451.35,1.0000,-1,-1,-1
343,258,176.04,916.45,124.44,163.04,1.0000,-1,-1,-1
343,260,-73.20,610.83,164.82,198.04,1.0000,-1,-1,-1
343,261,-4.36,585.79,252.99,252.95,1.0000,-1,-1,-1
343,263,41.85,538.55,161.95,152.42,1.0000,-1,-1,-1
343,264,191.82,604.49,195.60,240.67,0.3333,-1,-1,-1
343,265,195.82,810.77,156.72,125.77,1.0000,-1,-1,-1
343,266,37.70,719.18,233.07,192.49,1.0000,-1,-1,-1
343,267,416.71,676.18,198.43,152.83,0.6059,-1,-1,-1
344,251,1091.68,3.42,394.89,466.65,0.9088,-1,-1,-1
344,255,963.81,-0.32,223.21,450.01,1.0000,-1,-1,-1
344,258,172.62,918.80,122.78,160.86,1.0000,-1,-1,-1
344,260,-85.56,597.27,166.36,199.88,1.0000,-1,-1,-1
344,261,-21.14,571.88,259.71,259.66,1.0000,-1,-1,-1
344,263,28.44,516.22,165.05,155.34,1.0000,-1,-1,-1
344,264,181.69,587.93,203.55,250.45,1.0000,-1,-1,-1
344,265,194.55,799.18,151.09,121.25,1.0000,-1,-1,-1
344,266,27.52,708.06,240.09,198.29,1.0000,-1,-1,-1
344,267,416.51,673.59,204.59,157.57,1.0000,-1,-1,-1
345,251,1097.99,3.36,400.80,462.11,0.8830,-1,-1,-1
345,255,951.90,-0.60,222.55,448.67,1.0000,-1,-1,-1
345,258,169.20,921.16,121.11,158.68,1.0000,-1,-1,-1
345,260,-97.92,583.70,167.89,201.73,1.0000,-1,-1,-1
345,261,-37.93,557.98,266.42,266.37,1.0000,-1,-1,-1
345,263,15.02,493.88,168.15,158.26,1.0000,-1,-1,-1
345,264,171.57,571.37,211.51,260.24,1.0000,-1,-1,-1
345,265,193.28,787.59,145.46,116.73,1.0000,-1,-1,-1
345,266,17.35,696.94,247.11,204.08,1.0000,-1,-1,-1
345,267,416.32,671.00,210.75,162.32,1.0000,-1,-1,-1
346,251,1121.84,4.56,395.18,448.26,0.8033,-1,-1,-1
346,255,939.98,-0.88,221.88,447.33,1.0000,-1,-1,-1
346,258,165.78,923.51,119.45,156.50,1.0000,-1,-1,-1
346,260,-110.28,570.14,169.43,203.58,1.0000,-1,-1,-1
346,261,-54.71,544.07,273.13,273.09,1.0000,-1,-1,-1
346,263,1.60,471.55,171.25,161.18,1.0000,-1,-1,-1
346,264,161.44,554.81,219.46,270.03,1.0000,-1,-1,-1
346,265,192.02,776.00,139.83,112.21,1.0000,-1,-1,-1
346,266,7.17,685.83,254.13,209.88,1.0000,-1,-1,-1
346,267,416.12,668.40,216.91,167.06,1.0000,-1,-1,-1
347,251,1131.32,5.44,393.81,438.39,0.7668,-1,-1,-1
347,255,928.06,-1.15,221.22,445.99,1.0000,-1,-1,-1
347,258,162.36,925.87,117.79,154.32,1.0000,-1,-1,-1
347,260,-122.65,556.57,170.97,205.42,1.0000,-1,-1,-1
347,261,-71.49,530.17,279.85,279.80,1.0000,-1,-1,-1
347,263,-11.82,449.22,174.35,164.10,1.0000,-1,-1,-1
347,264,151.31,538.26,227.42,279.82,1.0000,-1,-1,-1
347,265,190.75,764.41,134.20,107.69,1.0000,-1,-1,-1
347,266,-3.00,674.71,261.15,215.68,1.0000,-1,-1,-1
347,267,471.38,708.15,197.74,153.89,0.4176,-1,-1,-1
348,251,1118.62,6.05,404.43,437.36,0.6711,-1,-1,-1
348,255,916.14,-1.43,220.55,444.64,1.0000,-1,-1,-1
348,258,158.93,928.22,116.13,152.15,1.0000,-1,-1,-1
348,260,-135.01,543.01,172.50,207.27,1.0000,-1,-1,-1
348,261,-88.27,516.26,286.56,286.51,1.0000,-1,-1,-1
348,263,-25.23,426.89,177.45,167.01,1.0000,-1,-1,-1
348,264,141.19,521.70,235.38,289.61,1.0000,-1,-1,-1
348,265,189.48,752.82,128.57,103.18,1.0000,-1,-1,-1
348,266,-13.17,663.59,268.17,221.48,1.0000,-1,-1,-1
348,267,479.04,711.66,200.52,156.06,1.0000,-1,-1,-1
348,273,-16.91,670.13,186.11,211.18,0.5649,-1,-1,-1
349,251,1150.57,5.40,408.78,438.41,0.4437,-1,-1,-1
349,255,904.22,-1.70,219.89,443.30,1.0000,-1,-1,-1
349,258,155.51,930.57,114.46,149.97,1.0000,-1,-1,-1
349,260,-147.37,529.44,174.04,209.11,1.0000,-1,-1,-1
349,261,-105.06,502.36,293.27,293.22,1.0000,-1,-1,-1
349,263,-38.65,404.55,180.55,169.93,1.0000,-1,-1,-1
349,264,131.06,505.14,243.33,299.39,1.0000,-1,-1,-1
349,265,188.21,741.23,122.94,98.66,1.0000,-1,-1,-1
349,266,-23.35,652.47,275.19,227.27,1.0000,-1,-1,-1
349,267,486.70,715.17,203.30,158.22,1.0000,-1,-1,-1
349,273,0.65,686.70,164.83,185.88,0.5011,-1,-1,-1
350,251,1164.24,5.74,408.20,434.54,0.8282,-1,-1,-1
350,255,892.30,-1.98,219.22,441.96,1.0000,-1,-1,-1
350,258,152.09,932.93,112.80,147.79,1.0000,-1,-1,-1
350,260,-159.73,515.87,175.58,210.96,1.0000,-1,-1,-1
350,261,-121.84,488.45,299.99,299.94,1.0000,-1,-1,-1
350,263,-52.07,382.22,183.65,172.85,1.0000,-1,-1,-1
350,264,120.93,488.58,251.29,309.18,1.0000,-1,-1,-1
350,265,186.94,729.64,117.31,94.14,1.0000,-1,-1,-1
350,266,-33.52,641.35,282.21,233.07,1.0000,-1,-1,-1
350,267,494.36,718.68,206.08,160.38,1.0000,-1,-1,-1
350,273,-4.95,658.76,182.03,206.15,0.5261,-1,-1,-1
351,251,1168.91,5.80,406.51,431.40,0.8463,-1,-1,-1
351,255,880.38,-2.25,218.55,440.62,1.0000,-1,-1,-1
351,258,148.67,935.28,111.14,145.61,1.0000,-1,-1,-1
351,260,-172.09,502.31,177.11,212.80,1.0000,-1,-1,-1
351,261,-138.62,474.54,306.70,306.65,1.0000,-1,-1,-1
351,263,-65.49,359.89,186.75,175.77,1.0000,-1,-1,-1
351,264,110.80,472.03,259.24,318.97,1.0000,-1,-1,-1
351,265,185.68,718.05,111.68,89.62,1.0000,-1,-1,-1
351,266,-43.70,630.23,289.23,238.87,1.0000,-1,-1,-1
351,267,502.02,722.19,208.86,162.54,1.0000,-1,-1,-1
351,273,-7.69,649.32,185.67,211.40,0.4641,-1,-1,-1
352,251,1162.46,5.44,404.12,430.45,0.7138,-1,-1,-1
352,255,868.46,-2.53,217.89,439.28,1.0000,-1,-1,-1
352,258,145.25,937.64,109.48,143.43,1.0000,-1,-1,-1
352,260,-184.45,488.74,178.65,214.65,1.0000,-1,-1,-1
352,261,-155.41,460.64,313.41,313.36,1.0000,-1,-1,-1
352,263,-78.90,337.56,189.85,178.69,1.0000,-1,-1,-1
352,264,100.68,455.47,267.20,328.76,1.0000,-1,-1,-1
352,265,184.41,706.45,106.05,85.10,1.0000,-1,-1,-1
352,266,-53.87,619.11,296.25,244.67,1.0000,-1,-1,-1
352,267,509.68,725.70,211.64,164.71,1.0000,-1,-1,-1
352,273,-9.64,631.78,195.81,222.94,1.0000,-1,-1,-1
353,251,1154.55,6.19,400.23,430.29,0.6947,-1,-1,-1
353,255,856.54,-2.81,217.22,437.94,1.0000,-1,-1,-1
353,258,141.83,939.99,107.81,141.26,1.0000,-1,-1,-1
353,260,-196.82,475.18,180.18,216.50,1.0000,-1,-1,-1
353,261,-172.19,446.73,320.13,320.07,1.0000,-1,-1,-1
353,263,-92.32,315.22,192.95,181.60,1.0000,-1,-1,-1
353,264,90.55,438.91,275.15,338.55,1.0000,-1,-1,-1
353,265,183.14,694.86,100.42,80.58,1.0000,-1,-1,-1
353,266,-64.04,607.99,303.27,250.46,1.0000,-1,-1,-1
353,267,517.34,729.21,214.41,166.87,1.0000,-1,-1,-1
353,273,-11.59,614.24,205.96,234.49,1.0000,-1,-1,-1
354,251,1099.07,4.25,409.85,436.94,0.9422,-1,-1,-1
354,255,844.62,-3.08,216.56,436.60,1.0000,-1,-1,-1
354,258,138.41,942.34,106.15,139.08,1.0000,-1,-1,-1
354,260,-209.18,461.61,181.72,218.34,1.0000,-1,-1,-1
354,261,-188.97,432.83,326.84,326.78,1.0000,-1,-1,-1
354,263,-105.74,292.89,196.05,184.52,1.0000,-1,-1,-1
354,264,80.42,422.35,283.11,348.34,1.0000,-1,-1,-1
354,265,181.87,683.27,94.79,76.07,1.0000,-1,-1,-1
354,266,-74.22,596.87,310.29,256.26,1.0000,-1,-1,-1
354,267,525.00,732.72,217.19,169.03,1.0000,-1,-1,-1
354,273,-13.54,596.70,216.10,246.04,1.0000,-1,-1,-1
355,251,1062.17,3.35,416.61,444.21,0.9218,-1,-1,-1
355,255,832.71,-3.36,215.89,435.26,1.0000,-1,-1,-1
355,258,134.99,944.70,104.49,136.90,1.0000,-1,-1,-1
355,260,-221.54,448.05,183.26,220.19,1.0000,-1,-1,-1
355,261,-205.76,418.92,333.55,333.50,1.0000,-1,-1,-1
355,263,-119.16,270.56,199.15,187.44,1.0000,-1,-1,-1
355,264,70.30,405.79,291.06,358.12,1.0000,-1,-1,-1
355,265,180.60,671.68,89.16,71.55,1.0000,-1,-1,-1
355,266,-84.39,585.75,317.31,262.06,1.0000,-1,-1,-1
355,267,532.67,736.22,219.97,171.19,1.0000,-1,-1,-1
355,273,-15.49,579.16,226.24,257.59,1.0000,-1,-1,-1
356,251,1057.06,4.16,408.71,439.50,0.7738,-1,-1,-1
356,255,820.79,-3.63,215.23,433.91,1.0000,-1,-1,-1
356,258,131.57,947.05,102.83,134.72,1.0000,-1,-1,-1
356,260,-233.90,434.48,184.79,222.03,1.0000,-1,-1,-1
356,261,-222.54,405.02,340.26,340.21,1.0000,-1,-1,-1
356,263,-132.57,248.23,202.25,190.36,1.0000,-1,-1,-1
356,264,60.17,389.24,299.02,367.91,1.0000,-1,-1,-1
356,265,179.34,660.09,83.53,67.03,1.0000,-1,-1,-1
356,266,-94.57,574.64,324.33,267.86,1.0000,-1,-1,-1
356,267,540.33,739.73,222.75,173.36,1.0000,-1,-1,-1
356,273,-17.44,561.62,236.38,269.13,1.0000,-1,-1,-1
357,251,1118.79,5.43,396.18,432.02,0.6957,-1,-1,-1
357,255,808.87,-3.91,214.56,432.57,1.0000,-1,-1,-1
357,258,128.15,949.41,101.17,132.54,1.0000,-1,-1,-1
357,260,-246.26,420.92,186.33,223.88,1.0000,-1,-1,-1
357,261,-239.32,391.11,346.98,346.92,1.0000,-1,-1,-1
357,263,-145.99,225.89,205.35,193.28,1.0000,-1,-1,-1
357,264,50.04,372.68,306.97,377.70,1.0000,-1,-1,-1
357,265,178.07,648.50,77.90,62.51,1.0000,-1,-1,-1
357,266,-104.74,563.52,331.35,273.65,1.0000,-1,-1,-1
357,267,547.99,743.24,225.53,175.52,1.0000,-1,-1,-1
357,273,-19.39,544.08,246.53,280.68,1.0000,-1,-1,-1
358,251,1174.54,6.01,393.23,435.73,0.5317,-1,-1,-1
358,255,796.95,-4.19,213.90,431.23,1.0000,-1,-1,-1
358,258,124.73,951.76,99.50,130.37,1.0000,-1,-1,-1
358,260,-258.62,407.35,187.87,225.73,1.0000,-1,-1,-1
358,261,-256.11,377.20,353.69,353.63,1.0000,-1,-1,-1
358,263,-159.41,203.56,208.45,196.19,1.0000,-1,-1,-1
358,264,39.92,356.12,314.93,387.49,1.0000,-1,-1,-1
358,265,176.80,636.91,72.27,57.99,1.0000,-1,-1,-1
358,266,-114.91,552.40,338.37,279.45,1.0000,-1,-1,-1
358,267,555.65,746.75,228.31,177.68,1.0000,-1,-1,-1
358,273,-21.34,526.53,256.67,292.23,1.0000,-1,-1,-1
358,282,159.39,506.96,108.42,121.00,0.3679,-1,-1,-1
358,283,248.94,515.03,154.47,165.58,0.3310,-1,-1,-1
359,251,1220.43,5.74,388.06,433.59,0.8179,-1,-1,-1
359,255,785.03,-4.46,213.23,429.89,1.0000,-1,-1,-1
359,258,121.31,954.11,97.84,128.19,1.0000,-1,-1,-1
359,260,-270.99,393.78,189.40,227.57,1.0000,-1,-1,-1
359,261,-272.89,363.30,360.40,360.34,1.0000,-1,-1,-1
359,263,-172.83,181.23,211.55,199.11,1.0000,-1,-1,-1
359,264,29.79,339.56,322.88,397.28,1.0000,-1,-1,-1
359,265,175.53,625.32,66.64,53.48,1.0000,-1,-1,-1
359,266,-125.09,541.28,345.39,285.25,1.0000,-1,-1,-1
359,267,563.31,750.26,231.09,179.84,1.0000,-1,-1,-1
359,273,-23.29,508.99,266.81,303.78,1.0000,-1,-1,-1
359,282,202.85,497.72,107.42,120.31,0.4101,-1,-1,-1
359,283,294.50,505.62,146.32,157.16,0.5650,-1,-1,-1
360,251,1256.81,4.95,381.44,427.75,0.5500,-1,-1,-1
360,255,773.11,-4.74,212.57,428.55,1.0000,-1,-1,-1
360,258,117.89,956.47,96.18,126.01,1.0000,-1,-1,-1
360,260,-283.35,380.22,190.94,229.42,1.0000,-1,-1,-1
360,261,-289.67,349.39,367.12,367.06,1.0000,-1,-1,-1
360,263,-186.24,158.90,214.65,202.03,1.0000,-1,-1,-1
360,264,19.66,323.00,330.84,407.07,1.0000,-1,-1,-1
360,265,174.26,613.73,61.01,48.96,1.0000,-1,-1,-1
360,266,-135.26,530.16,352.41,291.05,1.0000,-1,-1,-1
360,267,570.97,753.77,233.87,182.01,1.0000,-1,-1,-1
360,273,-25.23,491.45,276.95,315.33,1.0000,-1,-1,-1
360,282,232.72,487.27,103.21,115.60,1.0000,-1,-1,-1
360,283,314.37,495.81,144.80,155.53,1.0000,-1,-1,-1
361,251,1288.37,4.72,377.49,424.14,0.6702,-1,-1,-1
361,255,761.19,-5.01,211.90,427.21,1.0000,-1,-1,-1
361,258,114.47,958.82,94.52,123.83,1.0000,-1,-1,-1
361,260,-295.71,366.65,192.47,231.26,1.0000,-1,-1,-1
361,261,-306.46,335.49,373.83,373.77,1.0000,-1,-1,-1
361,263,-199.66,136.56,217.75,204.95,1.0000,-1,-1,-1
361,264,9.53,306.45,338.80,416.85,1.0000,-1,-1,-1
361,265,173.00,602.14,55.38,44.44,1.0000,-1,-1,-1
361,266,-145.44,519.04,359.43,296.84,1.0000,-1,-1,-1
361,267,578.63,757.28,236.64,184.17,1.0000,-1,-1,-1
361,273,-27.18,473.91,287.10,326.87,1.0000,-1,-1,-1
361,282,262.59,476.82,99.00,110.88,1.0000,-1,-1,-1
361,283,334.24,486.01,143.29,153.91,1.0000,-1,-1,-1
362,251,1320.14,5.11,375.45,421.25,0.6461,-1,-1,-1
362,255,749.27,-5.29,211.23,425.87,1.0000,-1,-1,-1
362,260,-308.07,353.09,194.01,233.11,1.0000,-1,-1,-1
362,263,-213.08,114.23,220.85,207.87,1.0000,-1,-1,-1
362,264,-0.59,289.89,346.75,426.64,1.0000,-1,-1,-1
362,265,171.73,590.55,49.75,39.92,1.0000,-1,-1,-1
362,266,-155.61,507.92,366.45,302.64,1.0000,-1,-1,-1
362,267,586.29,760.79,239.42,186.33,1.0000,-1,-1,-1
362,273,-29.13,456.37,297.24,338.42,1.0000,-1,-1,-1
362,282,292.46,466.37,94.79,106.17,1.0000,-1,-1,-1
362,283,354.12,476.20,141.78,152.28,1.0000,-1,-1,-1
363,251,1343.14,5.09,374.85,420.55,0.4774,-1,-1,-1
363,255,737.35,-5.56,210.57,424.53,1.0000,-1,-1,-1
363,260,-320.43,339.52,195.55,234.96,1.0000,-1,-1,-1
363,263,-226.49,91.90,223.95,210.78,1.0000,-1,-1,-1
363,264,-10.72,273.33,354.71,436.43,1.0000,-1,-1,-1
363,265,170.46,578.96,44.12,35.40,1.0000,-1,-1,-1
363,266,-165.78,496.80,373.47,308.44,1.0000,-1,-1,-1
363,267,593.96,764.30,242.20,188.49,1.0000,-1,-1,-1
363,273,-31.08,438.83,307.38,349.97,1.0000,-1,-1,-1
363,282,322.33,455.93,90.58,101.45,1.0000,-1,-1,-1
363,283,373.99,466.40,140.27,150.66,1.0000,-1,-1,-1
363,289,545.87,493.33,132.54,154.34,0.4087,-1,-1,-1
364,251,1349.28,4.29,372.18,420.64,0.4903,-1,-1,-1
364,255,725.44,-5.84,209.90,423.19,1.0000,-1,-1,-1
364,260,-332.79,325.96,197.08,236.80,1.0000,-1,-1,-1
364,263,-239.91,69.57,227.05,213.70,1.0000,-1,-1,-1
364,264,-20.85,256.77,362.66,446.22,1.0000,-1,-1,-1
364,265,169.19,567.37,38.49,30.88,1.0000,-1,-1,-1
364,266,-175.96,485.68,380.49,314.24,1.0000,-1,-1,-1
364,267,601.62,767.80,244.98,190.66,1.0000,-1,-1,-1
364,273,-33.03,421.29,317.52,361.52,1.0000,-1,-1,-1
364,282,352.20,445.48,86.37,96.74,1.0000,-1,-1,-1
364,283,393.86,456.59,138.75,149.03,1.0000,-1,-1,-1
364,289,567.40,490.05,133.88,155.75,0.4015,-1,-1,-1
364,290,429.03,493.63,150.35,163.16,0.4775,-1,-1,-1
364,291,334.80,470.69,107.75,113.30,0.4382,-1,-1,-1
365,251,1346.08,4.47,369.13,416.96,0.6946,-1,-1,-1
365,260,-345.16,312.39,198.62,238.65,1.0000,-1,-1,-1
365,263,-253.33,47.23,230.15,216.62,1.0000,-1,-1,-1
365,264,-30.97,240.21,370.62,456.01,1.0000,-1,-1,-1
365,265,167.93,555.78,32.86,26.37,1.0000,-1,-1,-1
365,266,-186.13,474.57,387.51,320.03,1.0000,-1,-1,-1
365,267,609.28,771.31,247.76,192.82,1.0000,-1,-1,-1
365,273,-34.98,403.75,327.67,373.06,1.0000,-1,-1,-1
365,282,382.07,435.03,82.16,92.02,1.0000,-1,-1,-1
365,283,413.74,446.79,137.24,147.41,1.0000,-1,-1,-1
365,289,582.84,485.62,139.05,161.76,1.0000,-1,-1,-1
365,290,469.41,504.78,149.93,162.86,0.4349,-1,-1,-1
365,291,357.24,484.22,106.13,110.91,0.3614,-1,-1,-1
366,251,1324.96,4.96,365.59,412.99,0.7667,-1,-1,-1
366,260,-357.52,298.83,200.15,240.49,1.0000,-1,-1,-1
366,263,-266.75,24.90,233.25,219.54,1.0000,-1,-1,-1
366,264,-41.10,223.66,378.57,465.79,1.0000,-1,-1,-1
366,265,166.66,544.19,27.23,21.85,1.0000,-1,-1,-1
366,266,-196.31,463.45,394.53,325.83,1.0000,-1,-1,-1
366,267,616.94,774.82,250.54,194.98,1.0000,-1,-1,-1
366,273,-36.93,386.21,337.81,384.61,1.0000,-1,-1,-1
366,282,411.94,424.58,77.95,87.31,1.0000,-1,-1,-1
366,283,433.61,436.98,135.73,145.78,1.0000,-1,-1,-1
366,289,598.28,481.19,144.21,167.76,1.0000,-1,-1,-1
366,290,491.26,509.12,150.19,163.15,1.0000,-1,-1,-1
366,291,366.75,492.61,100.04,105.54,0.4201,-1,-1,-1
367,251,1313.40,5.04,368.64,414.78,0.8620,-1,-1,-1
367,260,-369.88,285.26,201.69,242.34,1.0000,-1,-1,-1
367,263,-280.16,2.57,236.35,222.46,1.0000,-1,-1,-1
367,264,-51.23,207.10,386.53,475.58,1.0000,-1,-1,-1
367,265,165.39,532.59,21.60,17.33,1.0000,-1,-1,-1
367,266,-206.48,452.33,401.55,331.63,1.0000,-1,-1,-1
367,267,624.60,778.33,253.32,197.14,1.0000,-1,-1,-1
367,273,-38.88,368.67,347.95,396.16,1.0000,-1,-1,-1
367,282,441.81,414.13,73.74,82.59,1.0000,-1,-1,-1
367,283,453.48,427.18,134.21,144.16,1.0000,-1,-1,-1
367,289,613.73,476.76,149.37,173.77,1.0000,-1,-1,-1
367,290,513.11,513.46,150.46,163.44,1.0000,-1,-1,-1
367,291,379.15,496.47,97.72,103.08,1.0000,-1,-1,-1
368,251,1315.61,5.56,372.12,416.83,0.5879,-1,-1,-1
368,260,-382.24,271.69,203.23,244.18,1.0000,-1,-1,-1
368,263,-293.58,-19.76,239.45,225.37,1.0000,-1,-1,-1
368,264,-61.35,190.54,394.48,485.37,1.0000,-1,-1,-1
368,266,-216.65,441.21,408.57,337.43,1.0000,-1,-1,-1
368,267,632.26,781.84,256.09,199.31,1.0000,-1,-1,-1
368,273,-40.83,351.13,358.09,407.71,1.0000,-1,-1,-1
368,282,471.68,403.68,69.53,77.88,1.0000,-1,-1,-1
368,283,473.36,417.37,132.70,142.53,1.0000,-1,-1,-1
368,289,629.17,472.34,154.53,179.77,1.0000,-1,-1,-1
368,290,534.96,517.80,150.72,163.73,1.0000,-1,-1,-1
368,291,391.55,500.33,95.39,100.63,1.0000,-1,-1,-1
369,251,1329.75,6.04,375.01,417.06,0.6294,-1,-1,-1
369,260,-394.60,258.13,204.76,246.03,1.0000,-1,-1,-1
369,263,-307.00,-42.10,242.55,228.29,1.0000,-1,-1,-1
369,264,-71.48,173.98,402.44,495.16,1.0000,-1,-1,-1
369,267,639.92,785.35,258.87,201.47,1.0000,-1,-1,-1
369,273,-42.78,333.58,368.24,419.25,1.0000,-1,-1,-1
369,282,501.55,393.24,65.32,73.16,1.0000,-1,-1,-1
369,283,493.23,407.56,131.19,140.91,1.0000,-1,-1,-1
369,289,644.61,467.91,159.69,185.78,1.0000,-1,-1,-1
369,290,556.80,522.14,150.99,164.01,1.0000,-1,-1,-1
369,291,403.94,504.19,93.07,98.18,1.0000,-1,-1,-1
370,251,1326.81,4.65,385.07,420.79,0.8504,-1,-1,-1
370,263,-320.42,-64.43,245.65,231.21,1.0000,-1,-1,-1
370,264,-81.61,157.43,410.39,504.95,1.0000,-1,-1,-1
370,267,647.58,788.86,261.65,203.63,1.0000,-1,-1,-1
370,273,-44.72,316.04,378.38,430.80,1.0000,-1,-1,-1
370,282,531.42,382.79,61.11,68.45,1.0000,-1,-1,-1
370,283,513.10,397.76,129.67,139.28,1.0000,-1,-1,-1
370,289,660.05,463.48,164.85,191.78,1.0000,-1,-1,-1
370,290,578.65,526.49,151.25,164.30,1.0000,-1,-1,-1
370,291,416.34,508.05,90.74,95.72,1.0000,-1,-1,-1
370,297,562.98,501.44,123.86,128.03,0.4276,-1,-1,-1
371,251,1312.00,4.02,399.61,423.08,0.8885,-1,-1,-1
371,263,-333.83,-86.76,248.75,234.13,1.0000,-1,-1,-1
371,264,-91.73,140.87,418.35,514.74,1.0000,-1,-1,-1
371,267,655.25,792.37,264.43,205.79,1.0000,-1,-1,-1
371,273,-46.67,298.50,388.52,442.35,1.0000,-1,-1,-1
371,282,561.29,372.34,56.90,63.73,1.0000,-1,-1,-1
371,283,532.98,387.95,128.16,137.66,1.0000,-1,-1,-1
371,289,675.49,459.05,170.02,197.79,1.0000,-1,-1,-1
371,290,600.50,530.83,151.51,164.59,1.0000,-1,-1,-1
371,291,428.74,511.91,88.42,93.27,1.0000,-1,-1,-1
371,297,563.17,508.36,128.30,132.39,0.4028,-1,-1,-1
372,251,1303.45,3.11,418.16,427.08,0.7160,-1,-1,-1
372,263,-347.25,-109.09,251.85,237.04,1.0000,-1,-1,-1
372,264,-101.86,124.31,426.30,524.52,1.0000,-1,-1,-1
372,267,662.91,795.88,267.21,207.96,1.0000,-1,-1,-1
372,273,-48.62,280.96,398.66,453.90,1.0000,-1,-1,-1
372,282,591.16,361.89,52.70,59.02,1.0000,-1,-1,-1
372,283,552.85,378.15,126.65,136.03,1.0000,-1,-1,-1
372,289,690.94,454.63,175.18,203.79,1.0000,-1,-1,-1
372,290,622.35,535.17,151.78,164.87,1.0000,-1,-1,-1
372,291,441.13,515.77,86.09,90.82,1.0000,-1,-1,-1
372,297,561.29,508.18,127.25,131.28,0.3192,-1,-1,-1
373,251,1308.23,2.91,418.19,427.10,1.0000,-1,-1,-1
373,264,-111.99,107.75,434.26,534.31,1.0000,-1,-1,-1
373,267,670.57,799.38,269.99,210.12,1.0000,-1,-1,-1
373,273,-50.57,263.42,408.81,465.44,1.0000,-1,-1,-1
373,282,621.03,351.44,48.49,54.30,1.0000,-1,-1,-1
373,283,572.72,368.34,125.14,134.41,1.0000,-1,-1,-1
373,289,706.38,450.20,180.34,209.79,1.0000,-1,-1,-1
373,290,644.20,539.51,152.04,165.16,1.0000,-1,-1,-1
373,291,453.53,519.63,83.76,88.36,1.0000,-1,-1,-1
373,297,562.42,509.33,129.76,133.87,1.0000,-1,-1,-1
374,251,1313.01,2.71,418.21,427.12,1.0000,-1,-1,-1
374,267,678.23,802.89,272.77,212.28,1.0000,-1,-1,-1
374,273,-52.52,245.88,418.95,476.99,1.0000,-1,-1,-1
374,282,650.89,341.00,44.28,49.59,1.0000,-1,-1,-1
374,283,592.60,358.54,123.62,132.78,1.0000,-1,-1,-1
374,289,721.82,445.77,185.50,215.80,1.0000,-1,-1,-1
374,290,666.05,543.85,152.31,165.45,1.0000,-1,-1,-1
374,291,465.93,523.48,81.44,85.91,1.0000,-1,-1,-1
374,297,563.82,506.49,128.62,131.92,0.3027,-1,-1,-1
375,251,1317.80,2.50,418.24,427.14,1.0000,-1,-1,-1
375,267,685.89,806.40,275.54,214.44,1.0000,-1,-1,-1
375,273,-54.47,228.34,429.09,488.54,1.0000,-1,-1,-1
375,282,680.76,330.55,40.07,44.87,1.0000,-1,-1,-1
375,283,612.47,348.73,122.11,131.16,1.0000,-1,-1,-1
375,289,737.26,441.34,190.66,221.80,1.0000,-1,-1,-1
375,290,687.89,548.19,152.57,165.74,1.0000,-1,-1,-1
375,291,478.33,527.34,79.11,83.46,1.0000,-1,-1,-1
375,297,565.06,506.92,130.35,133.69,1.0000,-1,-1,-1
376,251,1322.58,2.30,418.27,427.16,1.0000,-1,-1,-1
376,267,693.55,809.91,278.32,216.61,1.0000,-1,-1,-1
376,273,-56.42,210.80,439.23,500.09,1.0000,-1,-1,-1
376,282,710.63,320.10,35.86,40.16,1.0000,-1,-1,-1
376,283,632.34,338.93,120.60,129.53,1.0000,-1,-1,-1
376,289,752.70,436.92,195.82,227.81,1.0000,-1,-1,-1
376,290,709.74,552.53,152.84,166.02,1.0000,-1,-1,-1
376,291,490.72,531.20,76.79,81.01,1.0000,-1,-1,-1
376,297,566.30,507.34,132.08,135.47,1.0000,-1,-1,-1
376,300,341.81,486.54,114.84,103.97,0.4098,-1,-1,-1
376,301,444.98,492.22,107.61,117.91,0.5204,-1,-1,-1
376,302,1280.10,4.44,583.01,438.10,0.8495,-1,-1,-1
376,303,626.72,487.71,155.21,168.53,0.3512,-1,-1,-1
377,251,1327.36,2.10,418.29,427.19,1.0000,-1,-1,-1
377,267,701.21,813.42,281.10,218.77,1.0000,-1,-1,-1
377,273,-58.37,193.26,449.38,511.64,1.0000,-1,-1,-1
377,282,740.50,309.65,31.65,35.44,1.0000,-1,-1,-1
377,283,652.22,329.12,119.08,127.91,1.0000,-1,-1,-1
377,289,768.15,432.49,200.98,233.81,1.0000,-1,-1,-1
377,290,731.59,556.87,153.10,166.31,1.0000,-1,-1,-1
377,291,503.12,535.06,74.46,78.55,1.0000,-1,-1,-1
377,297,567.54,507.77,133.80,137.24,1.0000,-1,-1,-1
377,300,338.60,484.74,113.58,102.83,1.0000,-1,-1,-1
377,301,444.47,489.96,103.71,113.65,1.0000,-1,-1,-1
377,302,1291.04,4.06,583.86,438.95,0.9150,-1,-1,-1
377,303,634.86,488.05,147.00,158.68,0.3648,-1,-1,-1
378,251,1332.15,1.90,418.32,427.21,1.0000,-1,-1,-1
378,273,-60.32,175.72,459.52,523.18,1.0000,-1,-1,-1
378,282,770.37,299.20,27.44,30.73,1.0000,-1,-1,-1
378,283,672.09,319.32,117.57,126.28,1.0000,-1,-1,-1
378,289,783.59,428.06,206.15,239.82,1.0000,-1,-1,-1
378,290,753.44,561.21,153.36,166.60,1.0000,-1,-1,-1
378,291,515.52,538.92,72.14,76.10,1.0000,-1,-1,-1
378,297,568.78,508.20,135.53,139.01,1.0000,-1,-1,-1
378,300,335.39,482.94,112.31,101.68,1.0000,-1,-1,-1
378,301,443.96,487.71,99.82,109.38,1.0000,-1,-1,-1
378,302,1305.45,2.33,576.85,434.48,0.9006,-1,-1,-1
378,303,637.41,487.12,141.98,153.26,1.0000,-1,-1,-1
379,251,1336.93,1.70,418.35,427.23,1.0000,-1,-1,-1
379,273,-62.27,158.18,469.66,534.73,1.0000,-1,-1,-1
379,282,800.24,288.76,23.23,26.01,1.0000,-1,-1,-1
379,283,691.96,309.51,116.06,124.66,1.0000,-1,-1,-1
379,289,799.03,423.64,211.31,245.82,1.0000,-1,-1,-1
379,290,775.29,565.55,153.63,166.88,1.0000,-1,-1,-1
379,291,527.91,542.78,69.81,73.65,1.0000,-1,-1,-1
379,297,570.02,508.63,137.26,140.79,1.0000,-1,-1,-1
379,300,332.19,481.15,111.05,100.53,1.0000,-1,-1,-1
379,301,443.45,485.46,95.92,105.11,1.0000,-1,-1,-1
379,302,1309.59,2.69,568.79,430.11,0.8548,-1,-1,-1
379,303,639.95,486.19,136.95,147.84,1.0000,-1,-1,-1
380,251,1341.71,1.50,418.37,427.25,1.0000,-1,-1,-1
380,273,-64.21,140.64,479.80,546.28,1.0000,-1,-1,-1
380,282,830.11,278.31,19.02,21.30,1.0000,-1,-1,-1
380,283,711.84,299.70,114.55,123.03,1.0000,-1,-1,-1
380,289,814.47,419.21,216.47,251.83,1.0000,-1,-1,-1
380,290,797.14,569.89,153.89,167.17,1.0000,-1,-1,-1
380,291,540.31,546.64,67.49,71.19,1.0000,-1,-1,-1
380,297,571.25,509.06,138.99,142.56,1.0000,-1,-1,-1
380,300,328.98,479.35,109.78,99.39,1.0000,-1,-1,-1
380,301,442.94,483.21,92.03,100.84,1.0000,-1,-1,-1
380,302,1300.64,2.62,555.00,422.21,0.7566,-1,-1,-1
380,303,642.49,485.26,131.93,142.42,1.0000,-1,-1,-1
381,251,1346.50,1.30,418.40,427.28,1.0000,-1,-1,-1
381,273,-66.16,123.09,489.95,557.83,1.0000,-1,-1,-1
381,282,859.98,267.86,14.81,16.59,1.0000,-1,-1,-1
381,283,731.71,289.90,113.03,121.41,1.0000,-1,-1,-1
381,289,829.91,414.78,221.63,257.83,1.0000,-1,-1,-1
381,290,818.98,574.23,154.16,167.46,1.0000,-1,-1,-1
381,291,552.71,550.50,65.16,68.74,1.0000,-1,-1,-1
381,297,572.49,509.49,140.72,144.34,1.0000,-1,-1,-1
381,300,325.77,477.55,108.51,98.24,1.0000,-1,-1,-1
381,301,442.43,480.96,88.13,96.57,1.0000,-1,-1,-1
381,302,1283.28,3.64,543.27,417.28,0.4864,-1,-1,-1
381,303,645.04,484.33,126.91,136.99,1.0000,-1,-1,-1
381,305,1284.55,140.02,99.50,65.05,0.4284,-1,-1,-1
382,251,1351.28,1.09,418.43,427.30,1.0000,-1,-1,-1
382,282,889.85,257.41,10.60,11.87,1.0000,-1,-1,-1
382,283,751.58,280.09,111.52,119.78,1.0000,-1,-1,-1
382,289,845.36,410.35,226.79,263.84,1.0000,-1,-1,-1
382,290,840.83,578.57,154.42,167.74,1.0000,-1,-1,-1
382,291,565.11,554.36,62.84,66.29,1.0000,-1,-1,-1
382,297,573.73,509.92,142.45,146.11,1.0000,-1,-1,-1
382,300,322.56,475.75,107.25,97.10,1.0000,-1,-1,-1
382,301,441.92,478.71,84.24,92.30,1.0000,-1,-1,-1
382,302,1246.81,4.51,537.13,417.46,0.7766,-1,-1,-1
382,303,647.58,483.40,121.89,131.57,1.0000,-1,-1,-1
382,305,1271.62,137.34,98.77,64.06,0.5214,-1,-1,-1
383,251,1270.35,5.81,411.28,423.70,0.8314,-1,-1,-1
383,282,919.72,246.96,6.39,7.16,1.0000,-1,-1,-1
383,283,771.45,270.29,110.01,118.16,1.0000,-1,-1,-1
383,289,860.80,405.93,231.95,269.84,1.0000,-1,-1,-1
383,290,862.68,582.91,154.69,168.03,1.0000,-1,-1,-1
383,291,577.50,558.21,60.51,63.83,1.0000,-1,-1,-1
383,297,574.97,510.35,144.18,147.88,1.0000,-1,-1,-1
383,300,319.36,473.95,105.98,95.95,1.0000,-1,-1,-1
383,301,441.41,476.45,80.34,88.04,1.0000,-1,-1,-1
383,302,1240.25,4.56,533.88,414.93,1.0000,-1,-1,-1
383,303,650.12,482.47,116.86,126.15,1.0000,-1,-1,-1
383,305,1260.40,132.41,100.41,64.28,0.5648,-1,-1,-1
384,251,1269.17,5.94,411.07,423.48,1.0000,-1,-1,-1
384,282,949.59,236.51,2.18,2.44,1.0000,-1,-1,-1
384,283,791.33,260.48,108.49,116.53,1.0000,-1,-1,-1
384,289,876.24,401.50,237.11,275.84,1.0000,-1,-1,-1
384,290,884.53,587.25,154.95,168.32,1.0000,-1,-1,-1
384,291,589.90,562.07,58.19,61.38,1.0000,-1,-1,-1
384,297,576.21,510.78,145.91,149.66,1.0000,-1,-1,-1
384,300,316.15,472.15,104.71,94.80,1.0000,-1,-1,-1
384,301,440.90,474.20,76.45,83.77,1.0000,-1,-1,-1
384,302,1233.68,4.62,530.62,412.41,1.0000,-1,-1,-1
384,303,652.67,481.53,111.84,120.73,1.0000,-1,-1,-1
384,305,1251.52,129.05,99.73,62.48,0.5853,-1,-1,-1
385,251,1268.00,6.08,410.86,423.25,1.0000,-1,-1,-1
385,282,979.46,226.07,-2.03,-2.27,1.0000,-1,-1,-1
385,283,811.20,250.68,106.98,114.91,1.0000,-1,-1,-1
385,289,891.68,397.07,242.28,281.85,1.0000,-1,-1,-1
385,290,906.38,591.59,155.21,168.61,1.0000,-1,-1,-1
385,291,602.30,565.93,55.86,58.93,1.0000,-1,-1,-1
385,297,652.24,493.25,152.24,159.04,0.5737,-1,-1,-1
385,300,312.94,470.36,103.45,93.66,1.0000,-1,-1,-1
385,301,440.38,471.95,72.55,79.50,1.0000,-1,-1,-1
385,302,1227.12,4.68,527.37,409.88,1.0000,-1,-1,-1
385,303,655.21,480.60,106.82,115.30,1.0000,-1,-1,-1
385,305,1240.43,126.50,100.42,60.90,0.5543,-1,-1,-1
386,251,1266.82,6.21,410.64,423.03,1.0000,-1,-1,-1
386,282,1009.33,215.62,-6.24,-6.99,1.0000,-1,-1,-1
386,283,831.07,240.87,105.47,113.28,1.0000,-1,-1,-1
386,289,907.13,392.64,247.44,287.85,1.0000,-1,-1,-1
386,290,928.22,595.93,155.48,168.89,1.0000,-1,-1,-1
386,291,614.69,569.79,53.54,56.47,1.0000,-1,-1,-1
386,297,665.01,493.87,147.88,153.69,0.5395,-1,-1,-1
386,300,309.73,468.56,102.18,92.51,1.0000,-1,-1,-1
386,301,439.87,469.70,68.66,75.23,1.0000,-1,-1,-1
386,302,1220.55,4.73,524.12,407.35,1.0000,-1,-1,-1
386,303,657.75,479.67,101.79,109.88,1.0000,-1,-1,-1
386,305,1226.01,121.99,105.06,61.39,0.3920,-1,-1,-1
387,251,1265.64,6.34,410.43,422.80,1.0000,-1,-1,-1
387,282,1039.20,205.17,-10.45,-11.70,1.0000,-1,-1,-1
387,283,850.95,231.07,103.95,111.66,1.0000,-1,-1,-1
387,289,922.57,388.22,252.60,293.86,1.0000,-1,-1,-1
387,290,950.07,600.27,155.74,169.18,1.0000,-1,-1,-1
387,291,627.09,573.65,51.21,54.02,1.0000,-1,-1,-1
387,297,665.65,492.54,156.54,162.74,0.4484,-1,-1,-1
387,300,306.53,466.76,100.91,91.36,1.0000,-1,-1,-1
387,301,439.36,467.45,64.76,70.96,1.0000,-1,-1,-1
387,302,1213.99,4.79,520.86,404.82,1.0000,-1,-1,-1
387,303,660.30,478.74,96.77,104.46,1.0000,-1,-1,-1
387,305,1209.91,119.13,108.03,61.13,0.3130,-1,-1,-1
387,310,207.64,499.73,134.84,115.92,0.5766,-1,-1,-1
387,311,522.65,500.74,129.00,118.72,0.5449,-1,-1,-1
387,312,346.99,497.29,131.29,123.15,0.5217,-1,-1,-1
388,251,1264.46,6.47,410.22,422.58,1.0000,-1,-1,-1
388,282,1069.07,194.72,-14.66,-16.42,1.0000,-1,-1,-1
388,283,870.82,221.26,102.44,110.03,1.0000,-1,-1,-1
388,289,938.01,383.79,257.76,299.86,1.0000,-1,-1,-1
388,290,971.92,604.61,156.01,169.47,1.0000,-1,-1,-1
388,291,639.49,577.51,48.88,51.57,1.0000,-1,-1,-1
388,297,657.84,492.74,156.91,167.39,0.5681,-1,-1,-1
388,300,303.32,464.96,99.65,90.22,1.0000,-1,-1,-1
388,301,438.85,465.20,60.87,66.70,1.0000,-1,-1,-1
388,302,1207.42,4.85,517.61,402.29,1.0000,-1,-1,-1
388,303,662.84,477.81,91.75,99.04,1.0000,-1,-1,-1
388,305,1199.18,115.96,107.14,60.63,1.0000,-1,-1,-1
388,310,194.16,507.24,129.76,110.94,0.6744,-1,-1,-1
388,311,519.28,496.40,124.85,113.94,0.5384,-1,-1,-1
388,312,341.95,494.91,128.86,120.88,0.5636,-1,-1,-1
388,314,927.15,511.66,196.30,239.84,0.4037,-1,-1,-1
389,251,1263.29,6.61,410.00,422.35,1.0000,-1,-1,-1
389,282,1098.94,184.27,-18.87,-21.13,1.0000,-1,-1,-1
389,283,890.69,211.46,100.93,108.41,1.0000,-1,-1,-1
389,289,953.45,379.36,262.92,305.87,1.0000,-1,-1,-1
389,290,993.77,608.95,156.27,169.75,1.0000,-1,-1,-1
389,291,651.89,581.37,46.56,49.12,1.0000,-1,-1,-1
389,297,659.44,492.01,159.42,173.07,0.6351,-1,-1,-1
389,300,300.11,463.16,98.38,89.07,1.0000,-1,-1,-1
389,301,438.34,462.94,56.97,62.43,1.0000,-1,-1,-1
389,302,1200.86,4.91,514.35,399.76,1.0000,-1,-1,-1
389,303,665.38,476.88,86.72,93.62,1.0000,-1,-1,-1
389,305,1188.46,112.79,106.25,60.13,1.0000,-1,-1,-1
389,310,174.00,508.83,127.97,108.52,0.4718,-1,-1,-1
389,311,505.13,493.42,134.56,122.22,0.6123,-1,-1,-1
389,312,330.21,490.92,130.04,121.84,0.4753,-1,-1,-1
389,314,948.68,510.38,187.57,228.62,0.4911,-1,-1,-1
389,316,818.41,563.12,131.17,126.74,0.4192,-1,-1,-1
390,251,1325.59,5.44,394.93,413.97,0.5770,-1,-1,-1
390,289,968.89,374.93,268.08,311.87,1.0000,-1,-1,-1
390,290,1015.62,613.29,156.54,170.04,1.0000,-1,-1,-1
390,291,664.28,585.23,44.23,46.66,1.0000,-1,-1,-1
390,297,662.61,488.44,161.37,178.03,0.6617,-1,-1,-1
390,300,296.91,461.36,97.12,87.92,1.0000,-1,-1,-1
390,301,437.83,460.69,53.07,58.16,1.0000,-1,-1,-1
390,302,1194.29,4.96,511.10,397.23,1.0000,-1,-1,-1
390,303,667.93,475.94,81.70,88.19,1.0000,-1,-1,-1
390,305,1177.74,109.62,105.36,59.62,1.0000,-1,-1,-1
390,310,162.26,512.44,126.15,106.98,1.0000,-1,-1,-1
390,311,497.65,495.13,136.11,123.03,0.4352,-1,-1,-1
390,312,325.54,489.70,130.48,122.25,1.0000,-1,-1,-1
390,314,959.90,508.37,184.83,225.28,1.0000,-1,-1,-1
390,316,835.02,571.43,118.58,114.58,1.0000,-1,-1,-1
391,251,1339.08,5.36,386.12,411.12,0.5934,-1,-1,-1
391,289,984.34,370.51,273.24,317.88,1.0000,-1,-1,-1
391,290,1037.47,617.63,156.80,170.33,1.0000,-1,-1,-1
391,291,676.68,589.08,41.91,44.21,1.0000,-1,-1,-1
391,297,670.89,484.07,155.89,172.26,0.6006,-1,-1,-1
391,300,293.70,459.57,95.85,86.78,1.0000,-1,-1,-1
391,301,437.32,458.44,49.18,53.89,1.0000,-1,-1,-1
391,302,1187.73,5.02,507.85,394.70,1.0000,-1,-1,-1
391,303,670.47,475.01,76.68,82.77,1.0000,-1,-1,-1
391,305,1167.02,106.45,104.47,59.12,1.0000,-1,-1,-1
391,310,130.38,510.22,141.19,119.60,0.7310,-1,-1,-1
391,311,491.56,492.02,139.66,125.25,0.6108,-1,-1,-1
391,312,301.18,489.32,141.99,133.24,0.6626,-1,-1,-1
391,314,972.82,501.10,204.71,249.53,0.3645,-1,-1,-1
391,316,820.92,534.87,161.59,155.73,0.4237,-1,-1,-1
392,251,1337.69,5.24,379.54,413.41,0.7375,-1,-1,-1
392,289,999.78,366.08,278.41,323.88,1.0000,-1,-1,-1
392,290,1059.31,621.97,157.06,170.62,1.0000,-1,-1,-1
392,291,689.08,592.94,39.58,41.76,1.0000,-1,-1,-1
392,297,677.20,481.32,148.50,163.56,0.5665,-1,-1,-1
392,300,290.49,457.77,94.58,85.63,1.0000,-1,-1,-1
392,301,436.81,456.19,45.28,49.62,1.0000,-1,-1,-1
392,302,1181.16,5.08,504.59,392.17,1.0000,-1,-1,-1
392,303,673.01,474.08,71.66,77.35,1.0000,-1,-1,-1
392,305,1156.29,103.28,103.58,58.61,1.0000,-1,-1,-1
392,310,117.01,499.90,141.90,120.83,0.3740,-1,-1,-1
392,311,483.83,486.36,139.38,123.96,0.4538,-1,-1,-1
392,312,291.01,474.88,145.34,136.76,0.4662,-1,-1,-1
392,314,1004.69,493.38,132.25,155.52,0.3168,-1,-1,-1
392,316,836.44,540.70,148.24,141.68,0.4086,-1,-1,-1
393,251,1326.89,4.68,374.99,415.81,0.8571,-1,-1,-1
393,289,1015.22,361.65,283.57,329.89,1.0000,-1,-1,-1
393,290,1081.16,626.31,157.33,170.90,1.0000,-1,-1,-1
393,291,701.47,596.80,37.26,39.30,1.0000,-1,-1,-1
393,297,682.02,478.36,143.73,157.19,0.5015,-1,-1,-1
393,300,287.28,455.97,93.32,84.48,1.0000,-1,-1,-1
393,301,436.30,453.94,41.39,45.35,1.0000,-1,-1,-1
393,302,1174.60,5.13,501.34,389.64,1.0000,-1,-1,-1
393,303,675.56,473.15,66.63,71.93,1.0000,-1,-1,-1
393,305,1145.57,100.12,102.69,58.11,1.0000,-1,-1,-1
393,310,102.28,494.30,142.39,121.50,0.5739,-1,-1,-1
393,311,477.49,484.78,139.20,122.83,0.5094,-1,-1,-1
393,312,282.82,476.47,137.25,128.88,0.5564,-1,-1,-1
393,314,1020.69,489.33,119.57,140.61,1.0000,-1,-1,-1
393,316,837.57,538.37,156.48,148.53,0.4305,-1,-1,-1
394,251,1303.79,4.40,378.54,418.85,0.8423,-1,-1,-1
394,289,1030.66,357.23,288.73,335.89,1.0000,-1,-1,-1
394,290,1103.01,630.65,157.59,171.19,1.0000,-1,-1,-1
394,291,713.87,600.66,34.93,36.85,1.0000,-1,-1,-1
394,297,686.84,476.77,144.08,157.57,1.0000,-1,-1,-1
394,300,284.08,454.17,92.05,83.34,1.0000,-1,-1,-1
394,301,435.79,451.69,37.49,41.09,1.0000,-1,-1,-1
394,302,1168.03,5.19,498.08,387.11,1.0000,-1,-1,-1
394,303,678.10,472.22,61.61,66.51,1.0000,-1,-1,-1
394,305,1134.85,96.95,101.80,57.61,1.0000,-1,-1,-1
394,310,29.10,481.30,134.42,114.65,0.6251,-1,-1,-1
394,311,471.79,482.95,139.23,122.86,1.0000,-1,-1,-1
394,312,274.20,473.97,138.47,130.02,1.0000,-1,-1,-1
394,314,1036.70,485.28,106.89,125.70,1.0000,-1,-1,-1
394,316,845.48,535.72,157.80,149.78,1.0000,-1,-1,-1
395,251,1283.92,4.81,388.85,422.52,0.8132,-1,-1,-1
395,290,1124.86,634.99,157.86,171.48,1.0000,-1,-1,-1
395,291,726.27,604.52,32.61,34.40,1.0000,-1,-1,-1
395,297,691.65,475.18,144.44,157.96,1.0000,-1,-1,-1
395,300,280.87,452.37,90.78,82.19,1.0000,-1,-1,-1
395,301,435.28,449.43,33.60,36.82,1.0000,-1,-1,-1
395,302,1161.47,5.25,494.83,384.59,1.0000,-1,-1,-1
395,303,680.64,471.29,56.59,61.08,1.0000,-1,-1,-1
395,305,1124.13,93.78,100.91,57.10,1.0000,-1,-1,-1
395,310,48.27,491.68,131.35,110.91,0.6232,-1,-1,-1
395,311,458.51,490.14,140.92,124.09,0.3407,-1,-1,-1
395,312,265.59,471.47,139.69,131.17,1.0000,-1,-1,-1
395,314,1052.71,481.23,94.22,110.79,1.0000,-1,-1,-1
395,316,853.38,533.07,159.12,151.03,1.0000,-1,-1,-1
396,251,1266.49,4.28,403.62,428.50,0.7934,-1,-1,-1
396,291,738.67,608.38,30.28,31.94,1.0000,-1,-1,-1
396,297,696.47,473.59,144.79,158.34,1.0000,-1,-1,-1
396,300,277.66,450.57,89.52,81.05,1.0000,-1,-1,-1
396,301,434.76,447.18,29.70,32.55,1.0000,-1,-1,-1
396,302,1154.90,5.31,491.58,382.06,1.0000,-1,-1,-1
396,303,683.19,470.35,51.56,55.66,1.0000,-1,-1,-1
396,305,1113.40,90.61,100.02,56.60,1.0000,-1,-1,-1
396,310,31.00,491.22,130.88,110.52,1.0000,-1,-1,-1
396,311,442.87,491.22,148.93,131.81,0.3522,-1,-1,-1
396,312,256.98,468.97,140.91,132.31,1.0000,-1,-1,-1
396,314,1068.72,477.17,81.54,95.88,1.0000,-1,-1,-1
396,316,861.29,530.42,160.43,152.28,1.0000,-1,-1,-1
397,251,1258.83,4.37,418.42,432.07,0.9083,-1,-1,-1
397,297,701.28,472.00,145.14,158.72,1.0000,-1,-1,-1
397,300,274.46,448.78,88.25,79.90,1.0000,-1,-1,-1
397,301,434.25,444.93,25.81,28.28,1.0000,-1,-1,-1
397,302,1148.34,5.36,488.32,379.53,1.0000,-1,-1,-1
397,303,685.73,469.42,46.54,50.24,1.0000,-1,-1,-1
397,305,1102.68,87.44,99.13,56.09,1.0000,-1,-1,-1
397,310,13.73,490.76,130.42,110.13,1.0000,-1,-1,-1
397,311,435.02,490.79,150.21,132.95,1.0000,-1,-1,-1
397,312,248.36,466.47,142.13,133.46,1.0000,-1,-1,-1
397,314,1084.73,473.12,68.86,80.98,1.0000,-1,-1,-1
397,316,847.34,550.97,155.70,145.44,0.4451,-1,-1,-1
397,321,1062.47,132.21,133.65,54.73,0.5552,-1,-1,-1
398,251,1252.80,4.14,435.00,436.53,0.8600,-1,-1,-1
398,297,706.10,470.41,145.49,159.11,1.0000,-1,-1,-1
398,300,271.25,446.98,86.99,78.75,1.0000,-1,-1,-1
398,301,433.74,442.68,21.91,24.01,1.0000,-1,-1,-1
398,302,1141.77,5.42,485.07,377.00,1.0000,-1,-1,-1
398,303,688.27,468.49,41.52,44.82,1.0000,-1,-1,-1
398,305,1091.96,84.27,98.24,55.59,1.0000,-1,-1,-1
398,310,-3.54,490.30,129.96,109.74,1.0000,-1,-1,-1
398,311,427.17,490.36,151.50,134.08,1.0000,-1,-1,-1
398,312,200.35,487.44,136.87,128.87,0.3834,-1,-1,-1
398,314,1100.74,469.07,56.18,66.07,1.0000,-1,-1,-1
398,316,838.61,546.79,164.32,151.96,0.3948,-1,-1,-1
398,321,1051.89,136.00,128.25,52.56,0.3669,-1,-1,-1
398,325,684.60,501.47,118.08,140.42,0.5146,-1,-1,-1
399,251,1237.49,2.86,456.67,443.89,0.9142,-1,-1,-1
399,297,710.91,468.82,145.84,159.49,1.0000,-1,-1,-1
399,300,268.04,445.18,85.72,77.61,1.0000,-1,-1,-1
399,301,433.23,440.43,18.02,19.74,1.0000,-1,-1,-1
399,302,1135.21,5.48,481.81,374.47,1.0000,-1,-1,-1
399,303,690.82,467.56,36.49,39.40,1.0000,-1,-1,-1
399,305,1081.24,81.10,97.35,55.09,1.0000,-1,-1,-1
399,310,-20.82,489.84,129.50,109.35,1.0000,-1,-1,-1
399,311,419.32,489.93,152.78,135.22,1.0000,-1,-1,-1
399,312,187.82,487.26,137.48,129.44,1.0000,-1,-1,-1
399,314,1116.74,465.02,43.50,51.16,1.0000,-1,-1,-1
399,316,842.47,546.33,165.48,153.03,1.0000,-1,-1,-1
399,321,1043.82,138.13,125.71,51.52,1.0000,-1,-1,-1
399,325,674.38,498.23,112.99,133.18,0.4229,-1,-1,-1
400,251,1230.40,2.21,476.80,449.63,0.8363,-1,-1,-1
400,297,715.73,467.23,146.19,159.88,1.0000,-1,-1,-1
400,300,264.83,443.38,84.45,76.46,1.0000,-1,-1,-1
400,301,432.72,438.18,14.12,15.48,1.0000,-1,-1,-1
400,302,1128.64,5.54,478.56,371.94,1.0000,-1,-1,-1
400,303,693.36,466.63,31.47,33.97,1.0000,-1,-1,-1
400,305,1070.51,77.93,96.46,54.58,1.0000,-1,-1,-1
400,310,-38.09,489.38,129.03,108.96,1.0000,-1,-1,-1
400,311,411.47,489.50,154.06,136.36,1.0000,-1,-1,-1
400,312,175.29,487.08,138.09,130.02,1.0000,-1,-1,-1
400,314,1132.75,460.97,30.83,36.25,1.0000,-1,-1,-1
400,316,846.33,545.86,166.63,154.09,1.0000,-1,-1,-1
400,321,1035.75,140.26,123.18,50.48,1.0000,-1,-1,-1
400,325,670.16,498.88,104.00,122.59,1.0000,-1,-1,-1
401,251,1229.90,2.34,492.73,451.46,0.7972,-1,-1,-1
401,297,720.54,465.64,146.54,160.26,1.0000,-1,-1,-1
401,300,261.63,441.58,83.19,75.31,1.0000,-1,-1,-1
401,301,432.21,435.92,10.23,11.21,1.0000,-1,-1,-1
401,302,1122.08,5.59,475.30,369.41,1.0000,-1,-1,-1
401,303,695.90,465.70,26.45,28.55,1.0000,-1,-1,-1
401,305,1059.79,74.76,95.57,54.08,1.0000,-1,-1,-1
401,310,-55.36,488.92,128.57,108.57,1.0000,-1,-1,-1
401,311,403.62,489.07,155.35,137.49,1.0000,-1,-1,-1
401,312,162.77,486.90,138.71,130.60,1.0000,-1,-1,-1
401,314,1148.76,456.91,18.15,21.34,1.0000,-1,-1,-1
401,316,850.19,545.40,167.78,155.16,1.0000,-1,-1,-1
401,321,1027.68,142.39,120.64,49.44,1.0000,-1,-1,-1
401,325,665.94,499.53,95.01,112.00,1.0000,-1,-1,-1
402,251,1233.79,2.38,504.17,449.29,0.7651,-1,-1,-1
402,297,725.36,464.05,146.90,160.65,1.0000,-1,-1,-1
402,300,258.42,439.78,81.92,74.17,1.0000,-1,-1,-1
402,301,431.70,433.67,6.33,6.94,1.0000,-1,-1,-1
402,302,1115.51,5.65,472.05,366.88,1.0000,-1,-1,-1
402,303,698.45,464.76,21.43,23.13,1.0000,-1,-1,-1
402,305,1049.07,71.59,94.68,53.57,1.0000,-1,-1,-1
402,310,-72.63,488.46,128.11,108.18,1.0000,-1,-1,-1
402,311,395.77,488.64,156.63,138.63,1.0000,-1,-1,-1
402,312,150.24,486.72,139.32,131.18,1.0000,-1,-1,-1
402,314,1164.77,452.86,5.47,6.43,1.0000,-1,-1,-1
402,316,854.05,544.93,168.93,156.23,1.0000,-1,-1,-1
402,321,1019.61,144.52,118.10,48.40,1.0000,-1,-1,-1
402,325,661.71,500.17,86.03,101.40,1.0000,-1,-1,-1
403,251,1242.91,1.95,516.50,449.60,0.9187,-1,-1,-1
403,297,730.17,462.46,147.25,161.03,1.0000,-1,-1,-1
403,300,255.21,437.98,80.65,73.02,1.0000,-1,-1,-1
403,301,431.19,431.42,2.44,2.67,1.0000,-1,-1,-1
403,302,1108.94,5.71,468.80,364.35,1.0000,-1,-1,-1
403,303,700.99,463.83,16.40,17.71,1.0000,-1,-1,-1
403,305,1038.35,68.42,93.79,53.07,1.0000,-1,-1,-1
403,310,-89.90,488.00,127.64,107.79,1.0000,-1,-1,-1
403,311,387.92,488.21,157.91,139.76,1.0000,-1,-1,-1
403,312,137.72,486.54,139.93,131.75,1.0000,-1,-1,-1
403,314,1180.78,448.81,-7.21,-8.48,1.0000,-1,-1,-1
403,316,857.91,544.47,170.09,157.29,1.0000,-1,-1,-1
403,321,1011.53,146.65,115.56,47.36,1.0000,-1,-1,-1
403,325,657.49,500.82,77.04,90.81,1.0000,-1,-1,-1
404,251,1253.28,2.88,523.72,446.76,0.9245,-1,-1,-1
404,297,734.99,460.87,147.60,161.42,1.0000,-1,-1,-1
404,300,252.01,436.19,79.39,71.87,1.0000,-1,-1,-1
404,301,430.68,429.17,-1.46,-1.60,1.0000,-1,-1,-1
404,302,1102.38,5.76,465.54,361.82,1.0000,-1,-1,-1
404,303,703.53,462.90,11.38,12.28,1.0000,-1,-1,-1
404,305,1027.63,65.25,92.90,52.57,1.0000,-1,-1,-1
404,310,-107.17,487.54,127.18,107.40,1.0000,-1,-1,-1
404,311,380.07,487.78,159.20,140.90,1.0000,-1,-1,-1
404,312,125.19,486.37,140.55,132.33,1.0000,-1,-1,-1
404,314,1196.79,444.76,-19.89,-23.39,1.0000,-1,-1,-1
404,316,861.77,544.00,171.24,158.36,1.0000,-1,-1,-1
404,321,1003.46,148.79,113.02,46.32,1.0000,-1,-1,-1
404,325,653.26,501.47,68.06,80.22,1.0000,-1,-1,-1
405,251,1259.26,3.26,530.41,446.12,0.9089,-1,-1,-1
405,297,739.80,459.28,147.95,161.80,1.0000,-1,-1,-1
405,300,248.80,434.39,78.12,70.73,1.0000,-1,-1,-1
405,301,430.17,426.92,-5.35,-5.86,1.0000,-1,-1,-1
405,302,1095.81,5.82,462.29,359.29,1.0000,-1,-1,-1
405,303,706.08,461.97,6.36,6.86,1.0000,-1,-1,-1
405,305,1016.90,62.08,92.01,52.06,1.0000,-1,-1,-1
405,310,-124.44,487.08,126.72,107.00,1.0000,-1,-1,-1
405,311,372.22,487.35,160.48,142.03,1.0000,-1,-1,-1
405,312,112.66,486.19,141.16,132.91,1.0000,-1,-1,-1
405,314,1212.79,440.71,-32.57,-38.30,1.0000,-1,-1,-1
405,316,865.63,543.54,172.39,159.43,1.0000,-1,-1,-1
405,321,995.39,150.92,110.48,45.28,1.0000,-1,-1,-1
405,325,649.04,502.12,59.07,69.63,1.0000,-1,-1,-1
406,251,1260.03,3.06,532.74,445.34,0.8935,-1,-1,-1
406,297,744.62,457.69,148.30,162.18,1.0000,-1,-1,-1
406,300,245.59,432.59,76.86,69.58,1.0000,-1,-1,-1
406,301,429.65,424.67,-9.25,-10.13,1.0000,-1,-1,-1
406,302,1089.25,5.88,459.03,356.77,1.0000,-1,-1,-1
406,303,708.62,461.04,1.33,1.44,1.0000,-1,-1,-1
406,305,1006.18,58.92,91.12,51.56,1.0000,-1,-1,-1
406,310,-141.72,486.62,126.26,106.61,1.0000,-1,-1,-1
406,311,364.37,486.92,161.77,143.17,1.0000,-1,-1,-1
406,312,100.14,486.01,141.78,133.49,1.0000,-1,-1,-1
406,314,1228.80,436.65,-45.24,-53.21,1.0000,-1,-1,-1
406,316,869.49,543.07,173.55,160.49,1.0000,-1,-1,-1
406,321,987.32,153.05,107.95,44.24,1.0000,-1,-1,-1
406,325,644.81,502.77,50.08,59.03,1.0000,-1,-1,-1
407,251,1261.35,4.23,521.59,435.67,0.5467,-1,-1,-1
407,297,749.43,456.10,148.65,162.57,1.0000,-1,-1,-1
407,302,1082.68,5.94,455.78,354.24,1.0000,-1,-1,-1
407,303,711.16,460.11,-3.69,-3.98,1.0000,-1,-1,-1
407,305,995.46,55.75,90.22,51.06,1.0000,-1,-1,-1
407,310,-158.99,486.16,125.79,106.22,1.0000,-1,-1,-1
407,311,356.52,486.49,163.05,144.31,1.0000,-1,-1,-1
407,312,87.61,485.83,142.39,134.06,1.0000,-1,-1,-1
407,314,1244.81,432.60,-57.92,-68.11,1.0000,-1,-1,-1
407,316,873.35,542.61,174.70,161.56,1.0000,-1,-1,-1
407,321,979.25,155.18,105.41,43.20,1.0000,-1,-1,-1
407,325,640.59,503.42,41.10,48.44,1.0000,-1,-1,-1
408,251,1257.13,4.06,508.12,428.44,0.7526,-1,-1,-1
408,297,754.25,454.51,149.00,162.95,1.0000,-1,-1,-1
408,302,1076.12,5.99,452.53,351.71,1.0000,-1,-1,-1
408,305,984.74,52.58,89.33,50.55,1.0000,-1,-1,-1
408,310,-176.26,485.70,125.33,105.83,1.0000,-1,-1,-1
408,311,348.67,486.06,164.33,145.44,1.0000,-1,-1,-1
408,312,75.08,485.65,143.00,134.64,1.0000,-1,-1,-1
408,314,1260.82,428.55,-70.60,-83.02,1.0000,-1,-1,-1
408,316,877.20,542.14,175.85,162.63,1.0000,-1,-1,-1
408,321,971.18,157.31,102.87,42.16,1.0000,-1,-1,-1
408,325,636.36,504.06,32.11,37.85,1.0000,-1,-1,-1
409,251,1244.94,4.90,489.73,421.61,0.7027,-1,-1,-1
409,297,759.06,452.92,149.36,163.34,1.0000,-1,-1,-1
409,302,1069.55,6.05,449.27,349.18,1.0000,-1,-1,-1
409,305,974.01,49.41,88.44,50.05,1.0000,-1,-1,-1
409,310,-193.53,485.24,124.87,105.44,1.0000,-1,-1,-1
409,311,340.82,485.63,165.62,146.58,1.0000,-1,-1,-1
409,312,62.56,485.47,143.62,135.22,1.0000,-1,-1,-1
409,314,1276.83,424.50,-83.28,-97.93,1.0000,-1,-1,-1
409,316,881.06,541.68,177.01,163.69,1.0000,-1,-1,-1
409,321,963.11,159.44,100.33,41.12,1.0000,-1,-1,-1
409,325,632.14,504.71,23.12,27.26,1.0000,-1,-1,-1
410,251,1235.72,5.59,458.27,406.58,0.7294,-1,-1,-1
410,297,763.88,451.33,149.71,163.72,1.0000,-1,-1,-1
410,302,1062.99,6.11,446.02,346.65,1.0000,-1,-1,-1
410,305,963.29,46.24,87.55,49.54,1.0000,-1,-1,-1
410,310,-210.80,484.78,124.40,105.05,1.0000,-1,-1,-1
410,311,332.97,485.20,166.90,147.71,1.0000,-1,-1,-1
410,312,50.03,485.30,144.23,135.80,1.0000,-1,-1,-1
410,314,1292.84,420.44,-95.96,-112.84,1.0000,-1,-1,-1
410,316,884.92,541.21,178.16,164.76,1.0000,-1,-1,-1
410,321,955.03,161.58,97.79,40.08,1.0000,-1,-1,-1
410,325,627.91,505.36,14.14,16.66,1.0000,-1,-1,-1
411,251,1215.91,5.41,432.33,399.43,0.8228,-1,-1,-1
411,297,768.69,449.74,150.06,164.11,1.0000,-1,-1,-1
411,302,1056.42,6.17,442.76,344.12,1.0000,-1,-1,-1
411,305,952.57,43.07,86.66,49.04,1.0000,-1,-1,-1
411,310,-228.07,484.32,123.94,104.66,1.0000,-1,-1,-1
411,311,325.12,484.77,168.18,148.85,1.0000,-1,-1,-1
411,312,37.51,485.12,144.84,136.37,1.0000,-1,-1,-1
411,314,1308.84,416.39,-108.64,-127.75,1.0000,-1,-1,-1
411,316,888.78,540.75,179.31,165.82,1.0000,-1,-1,-1
411,321,946.96,163.71,95.26,39.04,1.0000,-1,-1,-1
411,325,623.69,506.01,5.15,6.07,1.0000,-1,-1,-1
412,251,1204.28,6.27,419.41,397.23,0.3751,-1,-1,-1
412,297,773.51,448.15,150.41,164.49,1.0000,-1,-1,-1
412,302,1049.86,6.22,439.51,341.59,1.0000,-1,-1,-1
412,305,941.85,39.90,85.77,48.54,1.0000,-1,-1,-1
412,310,-245.34,483.86,123.48,104.27,1.0000,-1,-1,-1
412,311,317.27,484.33,169.47,149.99,1.0000,-1,-1,-1
412,312,24.98,484.94,145.46,136.95,1.0000,-1,-1,-1
412,314,1324.85,412.34,-121.31,-142.66,1.0000,-1,-1,-1
412,316,892.64,540.28,180.47,166.89,1.0000,-1,-1,-1
412,321,938.89,165.84,92.72,38.00,1.0000,-1,-1,-1
412,325,619.46,506.66,-3.83,-4.52,1.0000,-1,-1,-1
413,251,1186.96,6.07,415.44,395.60,0.3919,-1,-1,-1
413,297,778.32,446.55,150.76,164.87,1.0000,-1,-1,-1
413,305,931.12,36.73,84.88,48.03,1.0000,-1,-1,-1
413,310,-262.62,483.40,123.01,103.88,1.0000,-1,-1,-1
413,311,309.42,483.90,170.75,151.12,1.0000,-1,-1,-1
413,312,12.45,484.76,146.07,137.53,1.0000,-1,-1,-1
413,314,1340.86,408.29,-133.99,-157.57,1.0000,-1,-1,-1
413,316,896.50,539.82,181.62,167.96,1.0000,-1,-1,-1
413,321,930.82,167.97,90.18,36.96,1.0000,-1,-1,-1
413,325,615.24,507.31,-12.82,-15.11,1.0000,-1,-1,-1
414,251,1177.90,5.63,415.48,390.58,0.8436,-1,-1,-1
414,297,783.14,444.96,151.11,165.26,1.0000,-1,-1,-1
414,305,920.40,33.56,83.99,47.53,1.0000,-1,-1,-1
414,310,-279.89,482.94,122.55,103.49,1.0000,-1,-1,-1
414,311,301.57,483.47,172.03,152.26,1.0000,-1,-1,-1
414,312,-0.07,484.58,146.68,138.11,1.0000,-1,-1,-1
414,314,1356.87,404.24,-146.67,-172.48,1.0000,-1,-1,-1
414,316,900.36,539.35,182.77,169.02,1.0000,-1,-1,-1
414,321,922.75,170.10,87.64,35.92,1.0000,-1,-1,-1
414,325,611.01,507.96,-21.81,-25.71,1.0000,-1,-1,-1
415,251,1184.76,5.77,416.39,384.12,0.8823,-1,-1,-1
415,297,787.96,443.37,151.46,165.64,1.0000,-1,-1,-1
415,305,909.68,30.39,83.10,47.02,1.0000,-1,-1,-1
415,310,-297.16,482.48,122.09,103.10,1.0000,-1,-1,-1
415,311,293.72,483.04,173.32,153.39,1.0000,-1,-1,-1
415,312,-12.60,484.40,147.30,138.69,1.0000,-1,-1,-1
415,314,1372.88,400.18,-159.35,-187.39,1.0000,-1,-1,-1
415,316,904.22,538.89,183.92,170.09,1.0000,-1,-1,-1
415,321,914.68,172.23,85.10,34.88,1.0000,-1,-1,-1
415,325,606.79,508.60,-30.79,-36.30,1.0000,-1,-1,-1
416,251,1215.30,4.34,421.14,380.64,0.9300,-1,-1,-1
416,297,792.77,441.78,151.81,166.03,1.0000,-1,-1,-1
416,305,898.96,27.22,82.21,46.52,1.0000,-1,-1,-1
416,310,-314.43,482.02,121.63,102.70,1.0000,-1,-1,-1
416,311,285.87,482.61,174.60,154.53,1.0000,-1,-1,-1
416,312,-25.13,484.22,147.91,139.26,1.0000,-1,-1,-1
416,314,1388.88,396.13,-172.03,-202.29,1.0000,-1,-1,-1
416,316,908.08,538.42,185.08,171.16,1.0000,-1,-1,-1
416,321,906.61,174.36,82.57,33.84,1.0000,-1,-1,-1
416,325,602.56,509.25,-39.78,-46.89,1.0000,-1,-1,-1
417,251,1256.38,2.86,430.54,382.12,0.9296,-1,-1,-1
417,297,797.59,440.19,152.17,166.41,1.0000,-1,-1,-1
417,305,888.23,24.05,81.32,46.02,1.0000,-1,-1,-1
417,310,-331.70,481.56,121.16,102.31,1.0000,-1,-1,-1
417,311,278.02,482.18,175.88,155.67,1.0000,-1,-1,-1
417,312,-37.65,484.05,148.52,139.84,1.0000,-1,-1,-1
417,314,1404.89,392.08,-184.71,-217.20,1.0000,-1,-1,-1
417,316,911.93,537.96,186.23,172.22,1.0000,-1,-1,-1
417,321,898.53,176.50,80.03,32.80,1.0000,-1,-1,-1
417,325,598.34,509.90,-48.77,-57.48,1.0000,-1,-1,-1
418,251,1295.51,2.18,437.57,381.14,0.9182,-1,-1,-1
418,297,802.40,438.60,152.52,166.80,1.0000,-1,-1,-1
418,310,-348.97,481.09,120.70,101.92,1.0000,-1,-1,-1
418,311,270.17,481.75,177.17,156.80,1.0000,-1,-1,-1
418,312,-50.18,483.87,149.14,140.42,1.0000,-1,-1,-1
418,314,1420.90,388.03,-197.38,-232.11,1.0000,-1,-1,-1
418,316,915.79,537.49,187.38,173.29,1.0000,-1,-1,-1
418,321,890.46,178.63,77.49,31.76,1.0000,-1,-1,-1
418,325,594.11,510.55,-57.75,-68.07,1.0000,-1,-1,-1
419,251,1335.52,2.14,445.38,381.11,0.9128,-1,-1,-1
419,297,807.22,437.01,152.87,167.18,1.0000,-1,-1,-1
419,310,-366.25,480.63,120.24,101.53,1.0000,-1,-1,-1
419,311,262.32,481.32,178.45,157.94,1.0000,-1,-1,-1
419,312,-62.70,483.69,149.75,141.00,1.0000,-1,-1,-1
419,314,1436.91,383.98,-210.06,-247.02,1.0000,-1,-1,-1
419,316,919.65,537.03,188.54,174.35,1.0000,-1,-1,-1
419,321,882.39,180.76,74.95,30.72,1.0000,-1,-1,-1
419,325,589.89,511.20,-66.74,-78.67,1.0000,-1,-1,-1
420,251,1362.48,4.46,454.74,383.81,0.7898,-1,-1,-1
420,297,812.03,435.42,153.22,167.56,1.0000,-1,-1,-1
420,310,-383.52,480.17,119.77,101.14,1.0000,-1,-1,-1
420,311,254.47,480.89,179.73,159.07,1.0000,-1,-1,-1
420,312,-75.23,483.51,150.36,141.57,1.0000,-1,-1,-1
420,314,1452.92,379.92,-222.74,-261.93,1.0000,-1,-1,-1
420,316,923.51,536.56,189.69,175.42,1.0000,-1,-1,-1
420,321,874.32,182.89,72.41,29.68,1.0000,-1,-1,-1
420,325,585.66,511.85,-75.73,-89.26,1.0000,-1,-1,-1
421,251,1381.51,5.12,461.68,386.13,0.8708,-1,-1,-1
421,297,816.85,433.83,153.57,167.95,1.0000,-1,-1,-1
421,310,-400.79,479.71,119.31,100.75,1.0000,-1,-1,-1
421,311,246.62,480.46,181.02,160.21,1.0000,-1,-1,-1
421,312,-87.76,483.33,150.98,142.15,1.0000,-1,-1,-1
421,314,1468.93,375.87,-235.42,-276.84,1.0000,-1,-1,-1
421,316,927.37,536.10,190.84,176.49,1.0000,-1,-1,-1
421,321,866.25,185.02,69.88,28.64,1.0000,-1,-1,-1
421,325,581.44,512.49,-84.71,-99.85,1.0000,-1,-1,-1
422,251,1401.47,5.07,464.39,386.78,0.8080,-1,-1,-1
422,297,821.66,432.24,153.92,168.33,1.0000,-1,-1,-1
422,310,-418.06,479.25,118.85,100.36,1.0000,-1,-1,-1
422,311,238.77,480.03,182.30,161.34,1.0000,-1,-1,-1
422,312,-100.28,483.15,151.59,142.73,1.0000,-1,-1,-1
422,314,1484.93,371.82,-248.10,-291.75,1.0000,-1,-1,-1
422,316,931.23,535.63,192.00,177.55,1.0000,-1,-1,-1
422,321,858.18,187.15,67.34,27.60,1.0000,-1,-1,-1
422,325,577.21,513.14,-93.70,-110.44,1.0000,-1,-1,-1
423,251,1417.96,5.16,462.92,385.54,1.0000,-1,-1,-1
423,297,826.48,430.65,154.27,168.72,1.0000,-1,-1,-1
423,310,-435.33,478.79,118.39,99.97,1.0000,-1,-1,-1
423,311,230.92,479.60,183.58,162.48,1.0000,-1,-1,-1
423,312,-112.81,482.98,152.20,143.31,1.0000,-1,-1,-1
423,316,935.09,535.17,193.15,178.62,1.0000,-1,-1,-1
423,321,850.11,189.28,64.80,26.56,1.0000,-1,-1,-1
423,325,572.99,513.79,-102.68,-121.04,1.0000,-1,-1,-1
424,251,1434.45,5.24,461.44,384.31,1.0000,-1,-1,-1
424,310,-452.60,478.33,117.92,99.58,1.0000,-1,-1,-1
424,311,223.07,479.17,184.87,163.62,1.0000,-1,-1,-1
424,312,-125.34,482.80,152.82,143.88,1.0000,-1,-1,-1
424,316,938.95,534.70,194.30,179.69,1.0000,-1,-1,-1
424,321,842.03,191.42,62.26,25.52,1.0000,-1,-1,-1
424,325,568.76,514.44,-111.67,-131.63,1.0000,-1,-1,-1
425,251,1450.93,5.33,459.97,383.07,1.0000,-1,-1,-1
425,310,-469.87,477.87,117.46,99.19,1.0000,-1,-1,-1
425,311,215.22,478.74,186.15,164.75,1.0000,-1,-1,-1
425,312,-137.86,482.62,153.43,144.46,1.0000,-1,-1,-1
425,316,942.81,534.24,195.46,180.75,1.0000,-1,-1,-1
425,321,833.96,193.55,59.72,24.48,1.0000,-1,-1,-1
425,325,564.54,515.09,-120.66,-142.22,1.0000,-1,-1,-1
426,251,1467.42,5.42,458.49,381.83,1.0000,-1,-1,-1
426,311,207.37,478.31,187.43,165.89,1.0000,-1,-1,-1
426,312,-150.39,482.44,154.05,145.04,1.0000,-1,-1,-1
426,316,946.67,533.77,196.61,181.82,1.0000,-1,-1,-1
426,321,825.89,195.68,57.18,23.44,1.0000,-1,-1,-1
426,325,560.31,515.74,-129.64,-152.81,1.0000,-1,-1,-1
426,348,1595.50,4.11,284.77,367.13,0.7956,-1,-1,-1
427,251,1483.90,5.51,457.02,380.59,1.0000,-1,-1,-1
427,312,-162.91,482.26,154.66,145.62,1.0000,-1,-1,-1
427,316,950.52,533.31,197.76,182.89,1.0000,-1,-1,-1
427,321,817.82,197.81,54.65,22.40,1.0000,-1,-1,-1
427,325,556.09,516.39,-138.63,-163.41,1.0000,-1,-1,-1
427,348,1615.00,4.46,290.06,373.42,0.8468,-1,-1,-1
428,251,1500.39,5.60,455.55,379.35,1.0000,-1,-1,-1
428,312,-175.44,482.08,155.27,146.20,1.0000,-1,-1,-1
428,316,954.38,532.84,198.91,183.95,1.0000,-1,-1,-1
428,321,809.75,199.94,52.11,21.36,1.0000,-1,-1,-1
428,325,551.87,517.03,-147.62,-174.00,1.0000,-1,-1,-1
428,348,1604.27,5.81,295.61,377.23,0.7137,-1,-1,-1
429,251,1516.87,5.69,454.07,378.12,1.0000,-1,-1,-1
429,325,547.64,517.68,-156.60,-184.59,1.0000,-1,-1,-1
429,348,1581.36,6.77,303.74,381.15,0.4657,-1,-1,-1
430,251,1533.36,5.78,452.60,376.88,1.0000,-1,-1,-1
430,348,1554.05,5.29,321.83,396.03,0.6058,-1,-1,-1
431,251,1549.85,5.86,451.12,375.64,1.0000,-1,-1,-1
431,348,1525.80,5.07,335.32,401.22,0.4233,-1,-1,-1
432,251,1566.33,5.95,449.65,374.40,1.0000,-1,-1,-1
432,348,1519.92,5.11,339.39,406.10,1.0000,-1,-1,-1
433,251,1582.82,6.04,448.17,373.17,1.0000,-1,-1,-1
433,348,1514.05,5.15,343.47,410.98,1.0000,-1,-1,-1
434,251,1599.30,6.13,446.70,371.93,1.0000,-1,-1,-1
434,348,1508.17,5.18,347.55,415.85,1.0000,-1,-1,-1
435,251,1615.79,6.22,445.22,370.69,1.0000,-1,-1,-1
435,348,1502.30,5.22,351.62,420.73,1.0000,-1,-1,-1
436,251,1632.28,6.31,443.75,369.45,1.0000,-1,-1,-1
436,348,1496.43,5.26,355.70,425.61,1.0000,-1,-1,-1
436,356,1557.67,7.33,388.37,410.72,0.7534,-1,-1,-1
437,251,1648.76,6.40,442.27,368.21,1.0000,-1,-1,-1
437,348,1490.55,5.30,359.78,430.49,1.0000,-1,-1,-1
437,356,1583.11,7.85,379.34,404.60,0.8113,-1,-1,-1
438,251,1665.25,6.48,440.80,366.98,1.0000,-1,-1,-1
438,348,1484.68,5.34,363.85,435.37,1.0000,-1,-1,-1
438,356,1606.82,8.77,372.63,403.38,0.6532,-1,-1,-1
438,357,1554.77,7.25,223.33,323.83,0.4014,-1,-1,-1
439,251,1681.74,6.57,439.32,365.74,1.0000,-1,-1,-1
439,348,1478.81,5.37,367.93,440.24,1.0000,-1,-1,-1
439,356,1625.41,9.76,373.00,413.14,0.5722,-1,-1,-1
439,357,1584.35,8.00,226.91,329.66,0.3493,-1,-1,-1
440,251,1698.22,6.66,437.85,364.50,1.0000,-1,-1,-1
440,348,1472.93,5.41,372.01,445.12,1.0000,-1,-1,-1
440,356,1589.74,6.34,382.69,428.31,0.8050,-1,-1,-1
440,357,1603.33,8.57,227.72,330.84,1.0000,-1,-1,-1
441,251,1714.71,6.75,436.37,363.26,1.0000,-1,-1,-1
441,348,1467.06,5.45,376.08,450.00,1.0000,-1,-1,-1
441,356,1581.49,7.13,320.83,367.83,0.7471,-1,-1,-1
441,357,1622.31,9.15,228.54,332.02,1.0000,-1,-1,-1
442,251,1731.19,6.84,434.90,362.03,1.0000,-1,-1,-1
442,348,1461.19,5.49,380.16,454.88,1.0000,-1,-1,-1
442,356,1577.78,7.28,299.62,346.66,0.7279,-1,-1,-1
442,357,1641.30,9.72,229.35,333.20,1.0000,-1,-1,-1
443,251,1747.68,6.93,433.42,360.79,1.0000,-1,-1,-1
443,348,1455.31,5.52,384.24,459.76,1.0000,-1,-1,-1
443,356,1561.15,5.37,354.75,412.74,0.4588,-1,-1,-1
443,357,1660.28,10.29,230.16,334.38,1.0000,-1,-1,-1
443,360,1771.90,7.66,150.15,445.69,0.4287,-1,-1,-1
444,251,1764.17,7.02,431.94,359.55,1.0000,-1,-1,-1
444,348,1449.44,5.56,388.31,464.63,1.0000,-1,-1,-1
444,356,1557.34,6.46,373.56,438.46,0.8868,-1,-1,-1
444,357,1679.26,10.87,230.97,335.56,1.0000,-1,-1,-1
444,360,1769.68,6.91,151.39,449.40,1.0000,-1,-1,-1
445,251,1780.65,7.10,430.47,358.31,1.0000,-1,-1,-1
445,348,1443.56,5.60,392.39,469.51,1.0000,-1,-1,-1
445,356,1565.10,5.99,379.01,451.08,0.8789,-1,-1,-1
445,357,1698.24,11.44,231.78,336.74,1.0000,-1,-1,-1
445,360,1767.45,6.17,152.64,453.10,1.0000,-1,-1,-1
446,251,1797.14,7.19,428.99,357.07,1.0000,-1,-1,-1
446,348,1437.69,5.64,396.47,474.39,1.0000,-1,-1,-1
446,356,1581.32,5.90,372.32,451.16,0.8169,-1,-1,-1
446,357,1717.23,12.02,232.60,337.92,1.0000,-1,-1,-1
446,360,1765.22,5.43,153.89,456.80,1.0000,-1,-1,-1
447,251,1813.63,7.28,427.52,355.84,1.0000,-1,-1,-1
447,348,1431.82,5.67,400.55,479.27,1.0000,-1,-1,-1
447,356,1598.72,6.53,365.46,453.82,0.7392,-1,-1,-1
447,357,1736.21,12.59,233.41,339.10,1.0000,-1,-1,-1
447,360,1763.00,4.69,155.13,460.50,1.0000,-1,-1,-1
448,251,1830.11,7.37,426.04,354.60,1.0000,-1,-1,-1
448,348,1425.94,5.71,404.62,484.15,1.0000,-1,-1,-1
448,356,1614.88,6.65,362.40,464.79,0.6955,-1,-1,-1
448,357,1755.19,13.17,234.22,340.28,1.0000,-1,-1,-1
448,360,1760.77,3.95,156.38,464.21,1.0000,-1,-1,-1
449,251,1846.60,7.46,424.57,353.36,1.0000,-1,-1,-1
449,348,1420.07,5.75,408.70,489.02,1.0000,-1,-1,-1
449,356,1634.59,5.42,351.90,468.84,0.5025,-1,-1,-1
449,357,1774.18,13.74,235.03,341.46,1.0000,-1,-1,-1
449,360,1758.54,3.20,157.63,467.91,1.0000,-1,-1,-1
450,251,1863.09,7.55,423.09,352.12,1.0000,-1,-1,-1
450,348,1414.20,5.79,412.78,493.90,1.0000,-1,-1,-1
450,356,1652.43,4.57,341.27,474.77,0.7796,-1,-1,-1
450,357,1793.16,14.32,235.85,342.64,1.0000,-1,-1,-1
450,360,1756.32,2.46,158.88,471.61,1.0000,-1,-1,-1
451,251,1879.57,7.63,421.61,350.89,1.0000,-1,-1,-1
451,348,1408.32,5.83,416.85,498.78,1.0000,-1,-1,-1
451,356,1657.65,4.34,346.15,481.57,1.0000,-1,-1,-1
451,357,1812.14,14.89,236.66,343.82,1.0000,-1,-1,-1
451,360,1754.09,1.72,160.12,475.31,1.0000,-1,-1,-1
452,251,1896.06,7.72,420.14,349.65,1.0000,-1,-1,-1
452,348,1402.45,5.86,420.93,503.66,1.0000,-1,-1,-1
452,356,1662.87,4.10,351.03,488.36,1.0000,-1,-1,-1
452,357,1831.12,15.46,237.47,345.00,1.0000,-1,-1,-1
452,360,1751.87,0.98,161.37,479.02,1.0000,-1,-1,-1
453,348,1396.58,5.90,425.01,508.54,1.0000,-1,-1,-1
453,356,1668.09,3.86,355.92,495.16,1.0000,-1,-1,-1
453,357,1850.11,16.04,238.28,346.18,1.0000,-1,-1,-1
453,360,1749.64,0.24,162.62,482.72,1.0000,-1,-1,-1
454,348,1390.70,5.94,429.08,513.41,1.0000,-1,-1,-1
454,356,1673.31,3.62,360.80,501.95,1.0000,-1,-1,-1
454,357,1869.09,16.61,239.10,347.36,1.0000,-1,-1,-1
454,360,1747.41,-0.51,163.87,486.42,1.0000,-1,-1,-1
455,348,1384.83,5.98,433.16,518.29,1.0000,-1,-1,-1
455,356,1678.53,3.38,365.68,508.75,1.0000,-1,-1,-1
455,357,1888.07,17.19,239.91,348.54,1.0000,-1,-1,-1
455,360,1745.19,-1.25,165.11,490.12,1.0000,-1,-1,-1
455,373,1019.63,476.82,118.62,112.37,0.3132,-1,-1,-1
456,348,1378.95,6.01,437.24,523.17,1.0000,-1,-1,-1
456,356,1683.75,3.14,370.57,515.54,1.0000,-1,-1,-1
456,357,1907.06,17.76,240.72,349.72,1.0000,-1,-1,-1
456,360,1742.96,-1.99,166.36,493.83,1.0000,-1,-1,-1
456,373,1016.83,477.46,118.69,112.61,0.3239,-1,-1,-1
457,348,1373.08,6.05,441.31,528.05,1.0000,-1,-1,-1
457,356,1688.97,2.90,375.45,522.34,1.0000,-1,-1,-1
457,357,1926.04,18.34,241.53,350.90,1.0000,-1,-1,-1
457,360,1740.73,-2.73,167.61,497.53,1.0000,-1,-1,-1
457,373,1012.76,476.46,120.83,114.65,1.0000,-1,-1,-1
458,348,1367.21,6.09,445.39,532.92,1.0000,-1,-1,-1
458,356,1694.20,2.66,380.33,529.13,1.0000,-1,-1,-1
458,357,1945.02,18.91,242.35,352.08,1.0000,-1,-1,-1
458,360,1738.51,-3.47,168.86,501.23,1.0000,-1,-1,-1
458,373,1008.68,475.46,122.98,116.68,1.0000,-1,-1,-1
458,376,1670.69,6.48,242.90,411.62,0.4914,-1,-1,-1
459,348,1361.33,6.13,449.47,537.80,1.0000,-1,-1,-1
459,356,1699.42,2.43,385.22,535.93,1.0000,-1,-1,-1
459,357,1964.00,19.48,243.16,353.26,1.0000,-1,-1,-1
459,360,1736.28,-4.22,170.10,504.94,1.0000,-1,-1,-1
459,373,1004.61,474.46,125.12,118.71,1.0000,-1,-1,-1
459,376,1666.41,5.84,253.95,430.72,0.6263,-1,-1,-1
460,348,1355.46,6.16,453.54,542.68,1.0000,-1,-1,-1
460,356,1704.64,2.19,390.10,542.72,1.0000,-1,-1,-1
460,357,1982.99,20.06,243.97,354.44,1.0000,-1,-1,-1
460,360,1734.06,-4.96,171.35,508.64,1.0000,-1,-1,-1
460,373,1000.54,473.46,127.27,120.75,1.0000,-1,-1,-1
460,376,1672.26,6.55,256.04,436.01,0.6408,-1,-1,-1
461,348,1349.59,6.20,457.62,547.56,1.0000,-1,-1,-1
461,356,1709.86,1.95,394.99,549.52,1.0000,-1,-1,-1
461,357,2001.97,20.63,244.78,355.62,1.0000,-1,-1,-1
461,360,1731.83,-5.70,172.60,512.34,1.0000,-1,-1,-1
461,373,996.46,472.46,129.41,122.78,1.0000,-1,-1,-1
461,376,1682.81,7.26,253.56,435.40,0.4827,-1,-1,-1
462,356,1715.08,1.71,399.87,556.32,1.0000,-1,-1,-1
462,357,2020.95,21.21,245.59,356.80,1.0000,-1,-1,-1
462,360,1729.60,-6.44,173.84,516.04,1.0000,-1,-1,-1
462,373,992.39,471.47,131.55,124.82,1.0000,-1,-1,-1
462,376,1690.52,5.11,253.22,440.37,0.6375,-1,-1,-1
463,356,1720.30,1.47,404.75,563.11,1.0000,-1,-1,-1
463,357,2039.94,21.78,246.41,357.98,1.0000,-1,-1,-1
463,360,1727.38,-7.19,175.09,519.75,1.0000,-1,-1,-1
463,373,988.32,470.47,133.70,126.85,1.0000,-1,-1,-1
463,376,1700.70,6.26,246.93,436.20,0.6455,-1,-1,-1
464,356,1725.52,1.23,409.64,569.91,1.0000,-1,-1,-1
464,357,2058.92,22.36,247.22,359.16,1.0000,-1,-1,-1
464,360,1725.15,-7.93,176.34,523.45,1.0000,-1,-1,-1
464,373,984.24,469.47,135.84,128.89,1.0000,-1,-1,-1
464,376,1710.34,6.09,243.06,438.49,0.4751,-1,-1,-1
465,356,1730.74,0.99,414.52,576.70,1.0000,-1,-1,-1
465,357,2077.90,22.93,248.03,360.34,1.0000,-1,-1,-1
465,360,1722.92,-8.67,177.59,527.15,1.0000,-1,-1,-1
465,373,980.17,468.47,137.99,130.92,1.0000,-1,-1,-1
465,376,1722.75,6.86,236.14,437.59,0.6099,-1,-1,-1
466,356,1735.97,0.75,419.40,583.50,1.0000,-1,-1,-1
466,357,2096.88,23.50,248.84,361.52,1.0000,-1,-1,-1
466,360,1720.70,-9.41,178.83,530.85,1.0000,-1,-1,-1
466,373,976.10,467.47,140.13,132.96,1.0000,-1,-1,-1
466,376,1725.93,6.92,239.40,443.63,1.0000,-1,-1,-1
466,379,1089.83,484.51,92.78,78.97,0.4513,-1,-1,-1
466,381,878.81,448.93,104.38,91.47,0.7347,-1,-1,-1
467,356,1741.19,0.52,424.29,590.29,1.0000,-1,-1,-1
467,357,2115.87,24.08,249.66,362.71,1.0000,-1,-1,-1
467,360,1718.47,-10.15,180.08,534.56,1.0000,-1,-1,-1
467,373,972.02,466.47,142.28,134.99,1.0000,-1,-1,-1
467,376,1729.10,6.99,242.66,449.67,1.0000,-1,-1,-1
467,379,1089.72,489.36,89.32,76.03,1.0000,-1,-1,-1
467,381,876.41,458.89,96.94,85.11,0.4905,-1,-1,-1
468,356,1746.41,0.28,429.17,597.09,1.0000,-1,-1,-1
468,357,2134.85,24.65,250.47,363.89,1.0000,-1,-1,-1
468,360,1716.25,-10.90,181.33,538.26,1.0000,-1,-1,-1
468,373,967.95,465.48,144.42,137.02,1.0000,-1,-1,-1
468,376,1732.28,7.05,245.91,455.70,1.0000,-1,-1,-1
468,379,1089.60,494.21,85.85,73.08,1.0000,-1,-1,-1
468,381,870.42,469.36,98.77,87.79,0.4375,-1,-1,-1
469,356,1751.63,0.04,434.05,603.88,1.0000,-1,-1,-1
469,357,2153.83,25.23,251.28,365.07,1.0000,-1,-1,-1
469,360,1714.02,-11.64,182.58,541.96,1.0000,-1,-1,-1
469,373,963.87,464.48,146.56,139.06,1.0000,-1,-1,-1
469,376,1735.46,7.11,249.17,461.74,1.0000,-1,-1,-1
469,379,1089.49,499.06,82.39,70.13,1.0000,-1,-1,-1
469,381,866.92,474.99,98.07,87.17,1.0000,-1,-1,-1
469,387,1761.17,4.55,138.93,441.83,0.6891,-1,-1,-1
470,356,1756.85,-0.20,438.94,610.68,1.0000,-1,-1,-1
470,360,1711.79,-12.38,183.82,545.66,1.0000,-1,-1,-1
470,373,959.80,463.48,148.71,141.09,1.0000,-1,-1,-1
470,376,1738.64,7.18,252.43,467.78,1.0000,-1,-1,-1
470,379,1089.38,503.91,78.92,67.18,1.0000,-1,-1,-1
470,381,863.41,480.63,97.37,86.54,1.0000,-1,-1,-1
470,387,1743.08,3.39,147.49,461.50,0.9212,-1,-1,-1
470,388,1253.05,585.14,98.26,115.08,0.6996,-1,-1,-1
470,389,1716.84,714.99,131.56,126.71,0.4211,-1,-1,-1
470,391,1473.37,718.70,144.25,138.88,0.6136,-1,-1,-1
470,392,1400.68,639.53,80.75,113.53,0.4251,-1,-1,-1
471,356,1762.07,-0.44,443.82,617.47,1.0000,-1,-1,-1
471,360,1709.57,-13.12,185.07,549.37,1.0000,-1,-1,-1
471,373,955.73,462.48,150.85,143.13,1.0000,-1,-1,-1
471,376,1741.82,7.24,255.69,473.82,1.0000,-1,-1,-1
471,379,1089.27,508.76,75.46,64.23,1.0000,-1,-1,-1
471,381,859.91,486.27,96.66,85.92,1.0000,-1,-1,-1
471,387,1733.03,4.12,152.35,466.49,0.9022,-1,-1,-1
471,388,1250.70,600.60,98.04,115.52,0.6969,-1,-1,-1
471,389,1709.67,716.11,130.90,125.52,0.5505,-1,-1,-1
471,391,1474.55,740.62,144.01,138.93,0.5370,-1,-1,-1
471,392,1404.75,650.87,73.00,102.64,1.0000,-1,-1,-1
471,393,961.34,536.17,81.31,91.45,0.6176,-1,-1,-1
472,356,1767.29,-0.68,448.70,624.27,1.0000,-1,-1,-1
472,360,1707.34,-13.86,186.32,553.07,1.0000,-1,-1,-1
472,373,951.65,461.48,153.00,145.16,1.0000,-1,-1,-1
472,376,1745.00,7.31,258.94,479.85,1.0000,-1,-1,-1
472,379,1089.16,513.61,71.99,61.28,1.0000,-1,-1,-1
472,381,856.41,491.90,95.96,85.29,1.0000,-1,-1,-1
472,387,1712.27,2.92,179.95,543.86,0.9343,-1,-1,-1
472,388,1236.35,608.69,99.24,117.20,0.4992,-1,-1,-1
472,389,1705.44,723.43,129.37,124.06,1.0000,-1,-1,-1
472,391,1458.50,753.36,146.76,142.35,0.4509,-1,-1,-1
472,392,1408.81,662.21,65.25,91.74,1.0000,-1,-1,-1
472,393,938.40,546.53,84.47,95.05,0.3895,-1,-1,-1
472,395,1146.53,652.34,122.21,132.48,0.4159,-1,-1,-1
473,356,1772.52,-0.92,453.59,631.06,1.0000,-1,-1,-1
473,360,1705.11,-14.61,187.57,556.77,1.0000,-1,-1,-1
473,373,947.58,460.48,155.14,147.20,1.0000,-1,-1,-1
473,376,1748.18,7.37,262.20,485.89,1.0000,-1,-1,-1
473,379,1089.05,518.46,68.53,58.33,1.0000,-1,-1,-1
473,381,852.90,497.54,95.26,84.67,1.0000,-1,-1,-1
473,387,1705.55,2.98,193.24,578.15,0.8734,-1,-1,-1
473,388,1232.22,618.60,91.34,107.05,0.4555,-1,-1,-1
473,389,1701.22,730.76,127.85,122.60,1.0000,-1,-1,-1
473,391,1452.18,769.59,149.79,145.29,1.0000,-1,-1,-1
473,392,1412.88,673.56,57.50,80.85,1.0000,-1,-1,-1
473,393,928.83,557.15,84.08,94.61,1.0000,-1,-1,-1
473,395,1138.34,658.25,123.82,134.22,1.0000,-1,-1,-1
473,396,839.32,506.39,110.15,94.53,0.3797,-1,-1,-1
474,356,1777.74,-1.16,458.47,637.86,1.0000,-1,-1,-1
474,373,943.51,459.49,157.29,149.23,1.0000,-1,-1,-1
474,376,1751.36,7.43,265.46,491.93,1.0000,-1,-1,-1
474,379,1088.93,523.31,65.07,55.38,1.0000,-1,-1,-1
474,381,849.40,503.17,94.55,84.04,1.0000,-1,-1,-1
474,387,1698.84,3.25,201.13,594.22,0.7911,-1,-1,-1
474,388,1226.07,624.52,88.43,102.44,0.6195,-1,-1,-1
474,389,1696.99,738.08,126.32,121.14,1.0000,-1,-1,-1
474,391,1445.87,785.83,152.82,148.23,1.0000,-1,-1,-1
474,392,1355.83,677.41,88.37,122.30,0.4171,-1,-1,-1
474,393,915.33,560.10,88.95,100.81,0.5572,-1,-1,-1
474,395,1130.16,664.15,125.43,135.97,1.0000,-1,-1,-1
474,396,830.08,506.05,115.62,99.22,1.0000,-1,-1,-1
475,356,1782.96,-1.39,463.35,644.65,1.0000,-1,-1,-1
475,373,939.43,458.49,159.43,151.27,1.0000,-1,-1,-1
475,376,1754.54,7.50,268.72,497.96,1.0000,-1,-1,-1
475,379,1088.82,528.16,61.60,52.43,1.0000,-1,-1,-1
475,381,845.90,508.81,93.85,83.42,1.0000,-1,-1,-1
475,387,1682.43,4.48,206.31,593.30,0.8446,-1,-1,-1
475,388,1212.78,627.17,93.28,107.53,0.5810,-1,-1,-1
475,389,1692.77,745.41,124.80,119.67,1.0000,-1,-1,-1
475,391,1439.55,802.07,155.85,151.17,1.0000,-1,-1,-1
475,392,1343.41,687.10,92.58,126.46,0.5776,-1,-1,-1
475,393,900.34,565.32,89.68,101.78,0.6841,-1,-1,-1
475,395,1114.98,663.40,122.21,134.26,0.4933,-1,-1,-1
475,396,820.84,505.72,121.08,103.92,1.0000,-1,-1,-1
476,356,1788.18,-1.63,468.24,651.45,1.0000,-1,-1,-1
476,373,935.36,457.49,161.57,153.30,1.0000,-1,-1,-1
476,376,1757.71,7.56,271.97,504.00,1.0000,-1,-1,-1
476,379,1088.71,533.01,58.14,49.48,1.0000,-1,-1,-1
476,381,842.40,514.45,93.15,82.79,1.0000,-1,-1,-1
476,387,1674.42,3.56,212.95,597.53,0.6792,-1,-1,-1
476,388,1204.41,634.44,92.61,106.73,0.4182,-1,-1,-1
476,389,1688.54,752.73,123.27,118.21,1.0000,-1,-1,-1
476,391,1433.23,818.31,158.88,154.11,1.0000,-1,-1,-1
476,392,1330.23,689.75,99.58,135.61,0.5371,-1,-1,-1
476,393,882.40,566.56,90.55,103.27,0.5012,-1,-1,-1
476,395,1105.37,668.31,120.37,133.00,0.5383,-1,-1,-1
476,396,811.60,505.39,126.55,108.61,1.0000,-1,-1,-1
476,398,1406.04,756.92,120.06,169.56,0.4430,-1,-1,-1
477,356,1793.40,-1.87,473.12,658.25,1.0000,-1,-1,-1
477,373,931.28,456.49,163.72,155.33,1.0000,-1,-1,-1
477,376,1760.89,7.62,275.23,510.04,1.0000,-1,-1,-1
477,379,1088.60,537.86,54.67,46.53,1.0000,-1,-1,-1
477,381,838.89,520.08,92.45,82.17,1.0000,-1,-1,-1
477,387,1669.61,3.77,220.61,606.28,0.8369,-1,-1,-1
477,388,1197.23,642.47,91.93,105.94,1.0000,-1,-1,-1
477,389,1591.96,751.83,125.46,120.03,0.4692,-1,-1,-1
477,391,1426.92,834.55,161.92,157.05,1.0000,-1,-1,-1
477,392,1321.77,695.62,99.35,133.82,0.5299,-1,-1,-1
477,393,872.36,573.60,87.18,100.20,0.5520,-1,-1,-1
477,395,1095.67,673.00,111.45,124.04,0.5773,-1,-1,-1
477,396,802.37,505.06,132.02,113.30,1.0000,-1,-1,-1
477,398,1398.92,770.29,122.00,172.33,0.4378,-1,-1,-1
477,401,1017.08,591.39,101.89,126.93,0.4891,-1,-1,-1
478,356,1798.62,-2.11,478.00,665.04,1.0000,-1,-1,-1
478,373,927.21,455.49,165.86,157.37,1.0000,-1,-1,-1
478,376,1764.07,7.69,278.49,516.08,1.0000,-1,-1,-1
478,379,1088.49,542.71,51.21,43.58,1.0000,-1,-1,-1
478,381,835.39,525.72,91.74,81.54,1.0000,-1,-1,-1
478,387,1667.52,4.43,228.58,618.88,0.8337,-1,-1,-1
478,388,1190.04,650.50,91.25,105.16,1.0000,-1,-1,-1
478,389,1563.21,754.26,133.18,127.58,0.6731,-1,-1,-1
478,391,1420.60,850.79,164.95,159.99,1.0000,-1,-1,-1
478,392,1312.49,703.51,94.41,124.34,0.4081,-1,-1,-1
478,393,847.12,568.78,91.69,104.72,0.4154,-1,-1,-1
478,395,1086.92,675.45,113.63,127.86,0.3976,-1,-1,-1
478,396,793.13,504.72,137.48,117.99,1.0000,-1,-1,-1
478,398,1400.75,780.97,123.66,175.23,0.3145,-1,-1,-1
478,401,1005.48,594.46,109.20,136.55,0.3891,-1,-1,-1
479,356,1803.84,-2.35,482.89,671.84,1.0000,-1,-1,-1
479,373,923.14,454.49,168.01,159.40,1.0000,-1,-1,-1
479,376,1767.25,7.75,281.75,522.11,1.0000,-1,-1,-1
479,379,1088.37,547.56,47.74,40.64,1.0000,-1,-1,-1
479,381,831.89,531.36,91.04,80.92,1.0000,-1,-1,-1
479,387,1668.85,5.43,232.69,622.98,0.8779,-1,-1,-1
479,388,1182.86,658.52,90.57,104.38,1.0000,-1,-1,-1
479,389,1541.05,758.22,131.93,127.26,0.4224,-1,-1,-1
479,391,1414.29,867.03,167.98,162.93,1.0000,-1,-1,-1
479,392,1305.01,709.24,91.42,116.90,0.6370,-1,-1,-1
479,393,829.82,568.70,97.21,111.70,0.4074,-1,-1,-1
479,395,1082.26,680.88,111.54,126.82,0.4274,-1,-1,-1
479,396,783.89,504.39,142.95,122.68,1.0000,-1,-1,-1
479,398,1394.78,790.25,124.98,177.09,1.0000,-1,-1,-1
479,401,999.52,597.40,111.49,139.42,1.0000,-1,-1,-1
480,356,1809.07,-2.59,487.77,678.63,1.0000,-1,-1,-1
480,373,919.06,453.50,170.15,161.44,1.0000,-1,-1,-1
480,376,1770.43,7.81,285.01,528.15,1.0000,-1,-1,-1
480,379,1088.26,552.41,44.28,37.69,1.0000,-1,-1,-1
480,381,828.38,536.99,90.34,80.30,1.0000,-1,-1,-1
480,387,1668.63,5.17,236.07,625.47,0.9081,-1,-1,-1
480,388,1175.67,666.55,89.90,103.60,1.0000,-1,-1,-1
480,389,1522.70,763.75,131.98,127.31,1.0000,-1,-1,-1
480,391,1407.97,883.26,171.01,165.87,1.0000,-1,-1,-1
480,392,1291.72,712.32,94.88,118.72,0.6671,-1,-1,-1
480,393,815.38,573.37,98.82,113.54,1.0000,-1,-1,-1
480,395,1082.24,684.18,101.20,114.95,0.3013,-1,-1,-1
480,396,774.65,504.06,148.41,127.37,1.0000,-1,-1,-1
480,398,1388.81,799.53,126.29,178.95,1.0000,-1,-1,-1
480,401,993.56,600.34,113.79,142.29,1.0000,-1,-1,-1
481,373,914.99,452.50,172.29,163.47,1.0000,-1,-1,-1
481,376,1773.61,7.88,288.26,534.19,1.0000,-1,-1,-1
481,379,1088.15,557.27,40.81,34.74,1.0000,-1,-1,-1
481,381,824.88,542.63,89.63,79.67,1.0000,-1,-1,-1
481,387,1661.40,3.64,241.22,629.88,0.7770,-1,-1,-1
481,388,1168.49,674.58,89.22,102.82,1.0000,-1,-1,-1
481,389,1508.46,758.00,134.13,130.38,0.3302,-1,-1,-1
481,391,1401.65,899.50,174.04,168.81,1.0000,-1,-1,-1
481,392,1282.84,719.85,94.27,117.95,1.0000,-1,-1,-1
481,393,800.94,578.04,100.42,115.38,1.0000,-1,-1,-1
481,395,1074.42,688.44,99.45,112.97,1.0000,-1,-1,-1
481,396,765.41,503.72,153.88,132.06,1.0000,-1,-1,-1
481,398,1382.84,808.81,127.60,180.81,1.0000,-1,-1,-1
481,401,987.60,603.28,116.08,145.16,1.0000,-1,-1,-1
482,373,910.92,451.50,174.44,165.51,1.0000,-1,-1,-1
482,376,1776.79,7.94,291.52,540.22,1.0000,-1,-1,-1
482,379,1088.04,562.12,37.35,31.79,1.0000,-1,-1,-1
482,381,821.38,548.27,88.93,79.05,1.0000,-1,-1,-1
482,387,1647.61,2.50,248.26,634.46,0.7601,-1,-1,-1
482,388,1161.31,682.61,88.54,102.04,1.0000,-1,-1,-1
482,389,1499.28,757.22,124.96,120.21,0.4815,-1,-1,-1
482,391,1395.34,915.74,177.07,171.74,1.0000,-1,-1,-1
482,392,1270.90,715.76,101.46,125.95,0.4301,-1,-1,-1
482,393,786.50,582.71,102.02,117.22,1.0000,-1,-1,-1
482,395,1066.61,692.71,97.71,110.99,1.0000,-1,-1,-1
482,396,756.17,503.39,159.34,136.75,1.0000,-1,-1,-1
482,398,1376.86,818.09,128.92,182.67,1.0000,-1,-1,-1
482,401,981.63,606.22,118.38,148.03,1.0000,-1,-1,-1
483,373,906.84,450.50,176.58,167.54,1.0000,-1,-1,-1
483,376,1779.97,8.00,294.78,546.26,1.0000,-1,-1,-1
483,379,1087.93,566.97,33.88,28.84,1.0000,-1,-1,-1
483,381,817.88,553.90,88.23,78.42,1.0000,-1,-1,-1
483,387,1626.30,2.45,257.64,636.60,0.8764,-1,-1,-1
483,388,1154.12,690.64,87.86,101.25,1.0000,-1,-1,-1
483,389,1488.91,750.32,120.95,114.88,0.3693,-1,-1,-1
483,391,1389.02,931.98,180.10,174.68,1.0000,-1,-1,-1
483,392,1265.10,720.07,99.93,122.48,0.4117,-1,-1,-1
483,393,772.06,587.37,103.62,119.06,1.0000,-1,-1,-1
483,395,1058.80,696.98,95.97,109.02,1.0000,-1,-1,-1
483,396,746.93,503.06,164.81,141.44,1.0000,-1,-1,-1
483,398,1370.89,827.37,130.23,184.53,1.0000,-1,-1,-1
483,401,975.67,609.16,120.67,150.90,1.0000,-1,-1,-1
484,373,902.77,449.50,178.73,169.58,1.0000,-1,-1,-1
484,376,1783.15,8.07,298.04,552.30,1.0000,-1,-1,-1
484,379,1087.82,571.82,30.42,25.89,1.0000,-1,-1,-1
484,381,814.37,559.54,87.53,77.80,1.0000,-1,-1,-1
484,387,1595.02,2.29,270.01,634.32,0.9707,-1,-1,-1
484,388,1146.94,698.66,87.18,100.47,1.0000,-1,-1,-1
484,389,1472.91,752.75,119.55,113.55,1.0000,-1,-1,-1
484,391,1382.70,948.22,183.13,177.62,1.0000,-1,-1,-1
484,392,1256.35,726.02,99.81,122.34,1.0000,-1,-1,-1
484,393,757.62,592.04,105.23,120.90,1.0000,-1,-1,-1
484,395,1050.99,701.25,94.23,107.04,1.0000,-1,-1,-1
484,396,737.69,502.72,170.28,146.13,1.0000,-1,-1,-1
484,398,1364.92,836.65,131.54,186.39,1.0000,-1,-1,-1
484,401,969.71,612.10,122.97,153.77,1.0000,-1,-1,-1
484,407,1414.48,778.25,107.99,155.58,0.4554,-1,-1,-1
485,373,898.69,448.50,180.87,171.61,1.0000,-1,-1,-1
485,376,1786.32,8.13,301.29,558.33,1.0000,-1,-1,-1
485,379,1087.70,576.67,26.95,22.94,1.0000,-1,-1,-1
485,381,810.87,565.17,86.82,77.17,1.0000,-1,-1,-1
485,387,1561.16,2.06,286.65,634.88,0.9626,-1,-1,-1
485,388,1139.75,706.69,86.50,99.69,1.0000,-1,-1,-1
485,389,1456.90,755.17,118.15,112.23,1.0000,-1,-1,-1
485,391,1376.39,964.46,186.16,180.56,1.0000,-1,-1,-1
485,392,1247.59,731.97,99.69,122.19,1.0000,-1,-1,-1
485,393,743.18,596.71,106.83,122.75,1.0000,-1,-1,-1
485,395,1043.18,705.52,92.49,105.06,1.0000,-1,-1,-1
485,396,728.45,502.39,175.74,150.82,1.0000,-1,-1,-1
485,398,1358.95,845.93,132.85,188.25,1.0000,-1,-1,-1
485,401,963.75,615.04,125.27,156.64,1.0000,-1,-1,-1
485,407,1408.45,769.85,109.32,156.26,0.3586,-1,-1,-1
486,373,894.62,447.51,183.02,173.64,1.0000,-1,-1,-1
486,376,1789.50,8.19,304.55,564.37,1.0000,-1,-1,-1
486,379,1087.59,581.52,23.49,19.99,1.0000,-1,-1,-1
486,381,807.37,570.81,86.12,76.55,1.0000,-1,-1,-1
486,387,1536.85,2.09,305.29,640.42,0.9624,-1,-1,-1
486,388,1132.57,714.72,85.83,98.91,1.0000,-1,-1,-1
486,389,1455.47,736.02,124.82,117.83,0.4110,-1,-1,-1
486,391,1370.07,980.69,189.19,183.50,1.0000,-1,-1,-1
486,392,1238.84,737.92,99.57,122.05,1.0000,-1,-1,-1
486,393,728.74,601.38,108.43,124.59,1.0000,-1,-1,-1
486,395,1035.37,709.79,90.75,103.08,1.0000,-1,-1,-1
486,396,719.21,502.06,181.21,155.51,1.0000,-1,-1,-1
486,398,1352.98,855.21,134.17,190.11,1.0000,-1,-1,-1
486,401,957.79,617.98,127.56,159.51,1.0000,-1,-1,-1
486,407,1405.20,766.87,103.76,146.58,0.5683,-1,-1,-1
487,376,1792.68,8.26,307.81,570.41,1.0000,-1,-1,-1
487,379,1087.48,586.37,20.02,17.04,1.0000,-1,-1,-1
487,381,803.86,576.45,85.42,75.92,1.0000,-1,-1,-1
487,387,1523.37,2.39,323.55,649.48,0.9500,-1,-1,-1
487,388,1125.38,722.75,85.15,98.13,1.0000,-1,-1,-1
487,389,1441.17,735.99,124.25,117.29,1.0000,-1,-1,-1
487,391,1363.76,996.93,192.22,186.44,1.0000,-1,-1,-1
487,392,1230.09,743.87,99.45,121.91,1.0000,-1,-1,-1
487,393,714.30,606.05,110.04,126.43,1.0000,-1,-1,-1
487,395,1027.55,714.06,89.01,101.10,1.0000,-1,-1,-1
487,396,709.97,501.72,186.67,160.20,1.0000,-1,-1,-1
487,398,1347.01,864.49,135.48,191.97,1.0000,-1,-1,-1
487,401,951.83,620.92,129.86,162.38,1.0000,-1,-1,-1
487,407,1402.00,762.62,100.82,142.42,1.0000,-1,-1,-1
488,376,1795.86,8.32,311.07,576.45,1.0000,-1,-1,-1
488,379,1087.37,591.22,16.56,14.09,1.0000,-1,-1,-1
488,381,800.36,582.08,84.71,75.30,1.0000,-1,-1,-1
488,387,1515.80,1.89,339.02,656.34,0.9558,-1,-1,-1
488,388,1118.20,730.78,84.47,97.35,1.0000,-1,-1,-1
488,389,1426.87,735.96,123.68,116.75,1.0000,-1,-1,-1
488,391,1357.44,1013.17,195.25,189.38,1.0000,-1,-1,-1
488,392,1232.53,702.74,101.09,122.59,0.3814,-1,-1,-1
488,393,699.86,610.72,111.64,128.27,1.0000,-1,-1,-1
488,395,1019.74,718.33,87.26,99.13,1.0000,-1,-1,-1
488,396,700.74,501.39,192.14,164.90,1.0000,-1,-1,-1
488,398,1341.03,873.77,136.79,193.83,1.0000,-1,-1,-1
488,401,945.87,623.86,132.15,165.25,1.0000,-1,-1,-1
488,407,1398.80,758.36,97.87,138.26,1.0000,-1,-1,-1
489,376,1799.04,8.38,314.32,582.48,1.0000,-1,-1,-1
489,379,1087.26,596.07,13.09,11.14,1.0000,-1,-1,-1
489,381,796.86,587.72,84.01,74.67,1.0000,-1,-1,-1
489,387,1513.85,1.82,347.36,651.01,0.9475,-1,-1,-1
489,388,1111.01,738.81,83.79,96.56,1.0000,-1,-1,-1
489,389,1439.28,735.06,108.52,99.69,0.6535,-1,-1,-1
489,391,1351.12,1029.41,198.28,192.32,1.0000,-1,-1,-1
489,392,1226.57,696.06,98.60,117.52,0.4280,-1,-1,-1
489,393,685.42,615.39,113.24,130.11,1.0000,-1,-1,-1
489,395,1011.93,722.59,85.52,97.15,1.0000,-1,-1,-1
489,396,691.50,501.06,197.60,169.59,1.0000,-1,-1,-1
489,398,1335.06,883.05,138.10,195.69,1.0000,-1,-1,-1
489,401,939.91,626.80,134.45,168.12,1.0000,-1,-1,-1
489,407,1395.60,754.11,94.93,134.10,1.0000,-1,-1,-1
490,376,1802.22,8.45,317.58,588.52,1.0000,-1,-1,-1
490,379,1087.14,600.92,9.63,8.19,1.0000,-1,-1,-1
490,381,793.36,593.36,83.31,74.05,1.0000,-1,-1,-1
490,387,1511.86,2.66,353.88,643.71,0.9740,-1,-1,-1
490,388,1103.83,746.83,83.11,95.78,1.0000,-1,-1,-1
490,389,1424.72,733.65,112.70,103.16,0.5419,-1,-1,-1
490,391,1344.81,1045.65,201.31,195.26,1.0000,-1,-1,-1
490,392,1221.32,696.11,94.64,110.54,0.4575,-1,-1,-1
490,393,670.98,620.06,114.84,131.95,1.0000,-1,-1,-1
490,395,1004.12,726.86,83.78,95.17,1.0000,-1,-1,-1
490,396,682.26,500.72,203.07,174.28,1.0000,-1,-1,-1
490,398,1329.09,892.34,139.42,197.55,1.0000,-1,-1,-1
490,401,933.94,629.74,136.74,170.99,1.0000,-1,-1,-1
490,407,1392.40,749.86,91.98,129.94,1.0000,-1,-1,-1
490,411,1119.35,654.32,101.60,94.62,0.6107,-1,-1,-1
490,412,1338.27,754.89,141.05,132.03,0.4372,-1,-1,-1
490,413,1069.80,689.52,104.64,108.24,0.4795,-1,-1,-1
491,376,1805.40,8.51,320.84,594.56,1.0000,-1,-1,-1
491,379,1087.03,605.77,6.16,5.25,1.0000,-1,-1,-1
491,381,789.85,598.99,82.61,73.42,1.0000,-1,-1,-1
491,387,1508.19,3.03,360.52,637.67,0.9706,-1,-1,-1
491,388,1096.65,754.86,82.43,95.00,1.0000,-1,-1,-1
491,389,1412.98,733.36,111.03,101.63,1.0000,-1,-1,-1
491,391,1338.49,1061.89,204.34,198.20,1.0000,-1,-1,-1
491,392,1206.32,688.99,95.46,109.58,0.5282,-1,-1,-1
491,393,656.54,624.73,116.45,133.80,1.0000,-1,-1,-1
491,395,996.31,731.13,82.04,93.19,1.0000,-1,-1,-1
491,396,673.02,500.39,208.54,178.97,1.0000,-1,-1,-1
491,398,1323.12,901.62,140.73,199.41,1.0000,-1,-1,-1
491,401,927.98,632.68,139.04,173.86,1.0000,-1,-1,-1
491,407,1389.20,745.61,89.04,125.78,1.0000,-1,-1,-1
491,411,1111.44,654.19,104.23,97.07,1.0000,-1,-1,-1
491,412,1308.21,744.97,147.10,138.52,0.3542,-1,-1,-1
491,413,1065.21,688.91,110.02,114.12,0.4317,-1,-1,-1
491,415,841.51,594.17,88.91,92.63,0.4636,-1,-1,-1
491,416,752.42,571.30,85.41,108.24,0.3439,-1,-1,-1
492,376,1808.58,8.58,324.10,600.59,1.0000,-1,-1,-1
492,379,1086.92,610.62,2.70,2.30,1.0000,-1,-1,-1
492,381,786.35,604.63,81.90,72.80,1.0000,-1,-1,-1
492,387,1502.06,2.98,367.11,632.44,0.9693,-1,-1,-1
492,388,1089.46,762.89,81.76,94.22,1.0000,-1,-1,-1
492,389,1379.85,722.07,123.47,113.89,0.5135,-1,-1,-1
492,391,1332.17,1078.13,207.37,201.14,1.0000,-1,-1,-1
492,392,1184.25,686.38,100.46,114.31,0.6502,-1,-1,-1
492,393,642.10,629.40,118.05,135.64,1.0000,-1,-1,-1
492,395,988.50,735.40,80.30,91.21,1.0000,-1,-1,-1
492,396,663.78,500.06,214.00,183.66,1.0000,-1,-1,-1
492,398,1317.15,910.90,142.04,201.27,1.0000,-1,-1,-1
492,401,922.02,635.62,141.33,176.74,1.0000,-1,-1,-1
492,407,1386.00,741.35,86.09,121.62,1.0000,-1,-1,-1
492,411,1103.52,654.06,106.86,99.52,1.0000,-1,-1,-1
492,412,1283.93,738.93,142.91,135.52,0.5128,-1,-1,-1
492,413,1064.67,690.32,112.33,116.52,1.0000,-1,-1,-1
492,415,821.78,591.39,94.43,99.10,0.3562,-1,-1,-1
492,416,744.29,570.63,87.39,110.75,1.0000,-1,-1,-1
492,418,900.05,625.17,83.59,96.39,0.6816,-1,-1,-1
492,419,976.47,658.98,79.35,104.37,0.6641,-1,-1,-1
493,376,1811.76,8.64,327.36,606.63,1.0000,-1,-1,-1
493,379,1086.81,615.47,-0.77,-0.65,1.0000,-1,-1,-1
493,381,782.85,610.27,81.20,72.17,1.0000,-1,-1,-1
493,387,1485.34,3.16,365.41,618.18,0.9609,-1,-1,-1
493,388,1082.28,770.92,81.08,93.44,1.0000,-1,-1,-1
493,389,1361.51,717.83,123.72,115.43,0.5948,-1,-1,-1
493,391,1325.86,1094.36,210.40,204.07,1.0000,-1,-1,-1
493,392,1166.45,686.88,99.62,112.52,0.5312,-1,-1,-1
493,393,627.66,634.07,119.65,137.48,1.0000,-1,-1,-1
493,395,980.68,739.67,78.56,89.24,1.0000,-1,-1,-1
493,396,654.54,499.73,219.47,188.35,1.0000,-1,-1,-1
493,398,1311.18,920.18,143.35,203.13,1.0000,-1,-1,-1
493,401,916.06,638.57,143.63,179.61,1.0000,-1,-1,-1
493,407,1382.80,737.10,83.15,117.46,1.0000,-1,-1,-1
493,411,1095.60,653.93,109.49,101.96,1.0000,-1,-1,-1
493,412,1271.12,740.45,128.90,122.33,0.3596,-1,-1,-1
493,413,1064.13,691.73,114.64,118.91,1.0000,-1,-1,-1
493,415,809.28,590.32,98.09,102.93,1.0000,-1,-1,-1
493,416,736.17,569.97,89.38,113.26,1.0000,-1,-1,-1
493,418,882.60,625.23,85.68,99.00,0.5583,-1,-1,-1
493,419,962.71,661.26,75.64,98.79,0.3630,-1,-1,-1
494,376,1814.93,8.70,330.61,612.67,1.0000,-1,-1,-1
494,379,1086.70,620.32,-4.23,-3.60,1.0000,-1,-1,-1
494,381,779.34,615.90,80.50,71.55,1.0000,-1,-1,-1
494,387,1451.67,4.12,363.30,604.85,0.9139,-1,-1,-1
494,388,1075.09,778.95,80.40,92.66,1.0000,-1,-1,-1
494,389,1346.41,715.62,113.77,105.72,0.6746,-1,-1,-1
494,391,1319.54,1110.60,213.43,207.01,1.0000,-1,-1,-1
494,392,1150.10,682.85,102.27,115.33,0.5298,-1,-1,-1
494,393,613.22,638.74,121.26,139.32,1.0000,-1,-1,-1
494,395,972.87,743.94,76.82,87.26,1.0000,-1,-1,-1
494,396,645.30,499.39,224.93,193.04,1.0000,-1,-1,-1
494,398,1305.20,929.46,144.67,204.99,1.0000,-1,-1,-1
494,401,910.10,641.51,145.92,182.48,1.0000,-1,-1,-1
494,407,1379.60,732.85,80.20,113.30,1.0000,-1,-1,-1
494,411,1087.69,653.81,112.11,104.41,1.0000,-1,-1,-1
494,412,1244.79,734.89,130.77,124.69,0.6531,-1,-1,-1
494,413,1063.58,693.14,116.95,121.31,1.0000,-1,-1,-1
494,415,796.78,589.26,101.74,106.77,1.0000,-1,-1,-1
494,416,728.04,569.30,91.36,115.77,1.0000,-1,-1,-1
494,418,871.56,620.77,81.20,93.77,0.6419,-1,-1,-1
494,419,947.36,656.80,78.05,101.37,0.5486,-1,-1,-1
495,376,1818.11,8.77,333.87,618.71,1.0000,-1,-1,-1
495,379,1086.59,625.17,-7.70,-6.55,1.0000,-1,-1,-1
495,381,775.84,621.54,79.79,70.92,1.0000,-1,-1,-1
495,387,1448.29,4.55,355.12,592.36,0.9033,-1,-1,-1
495,388,1067.91,786.98,79.72,91.87,1.0000,-1,-1,-1
495,389,1322.51,706.83,111.26,102.75,0.3753,-1,-1,-1
495,391,1313.23,1126.84,216.46,209.95,1.0000,-1,-1,-1
495,392,1138.86,682.00,102.05,115.08,1.0000,-1,-1,-1
495,393,598.79,643.41,122.86,141.16,1.0000,-1,-1,-1
495,395,965.06,748.21,75.07,85.28,1.0000,-1,-1,-1
495,396,636.06,499.06,230.40,197.73,1.0000,-1,-1,-1
495,398,1299.23,938.74,145.98,206.85,1.0000,-1,-1,-1
495,401,904.14,644.45,148.22,185.35,1.0000,-1,-1,-1
495,407,1376.40,728.59,77.26,109.14,1.0000,-1,-1,-1
495,411,1079.77,653.68,114.74,106.86,1.0000,-1,-1,-1
495,412,1228.64,739.71,119.66,113.96,0.4405,-1,-1,-1
495,413,1063.04,694.55,119.26,123.70,1.0000,-1,-1,-1
495,415,784.29,588.19,105.39,110.60,1.0000,-1,-1,-1
495,416,692.90,562.76,90.16,114.20,0.3840,-1,-1,-1
495,418,860.09,619.84,81.27,93.85,1.0000,-1,-1,-1
495,419,936.08,655.90,77.94,101.22,1.0000,-1,-1,-1
496,379,1086.47,630.02,-11.16,-9.50,1.0000,-1,-1,-1
496,381,772.34,627.17,79.09,70.30,1.0000,-1,-1,-1
496,387,1442.11,3.53,347.73,582.24,0.8520,-1,-1,-1
496,388,1060.72,795.00,79.04,91.09,1.0000,-1,-1,-1
496,389,1301.61,699.61,111.82,103.46,0.6044,-1,-1,-1
496,391,1306.91,1143.08,219.49,212.89,1.0000,-1,-1,-1
496,392,1127.61,681.15,101.82,114.83,1.0000,-1,-1,-1
496,393,584.35,648.07,124.46,143.00,1.0000,-1,-1,-1
496,395,957.25,752.48,73.33,83.30,1.0000,-1,-1,-1
496,396,626.82,498.73,235.86,202.42,1.0000,-1,-1,-1
496,398,1293.26,948.02,147.29,208.71,1.0000,-1,-1,-1
496,401,898.18,647.39,150.51,188.22,1.0000,-1,-1,-1
496,407,1373.20,724.34,74.32,104.98,1.0000,-1,-1,-1
496,411,1071.85,653.55,117.37,109.30,1.0000,-1,-1,-1
496,412,1206.57,735.52,116.93,111.61,0.4501,-1,-1,-1
496,413,1062.50,695.96,121.56,126.09,1.0000,-1,-1,-1
496,415,771.79,587.13,109.05,114.44,1.0000,-1,-1,-1
496,416,684.21,562.00,82.02,102.73,0.3868,-1,-1,-1
496,418,848.63,618.91,81.34,93.93,1.0000,-1,-1,-1
496,419,924.81,655.00,77.82,101.08,1.0000,-1,-1,-1
497,381,768.84,632.81,78.39,69.68,1.0000,-1,-1,-1
497,387,1435.00,3.78,341.12,573.04,0.8706,-1,-1,-1
497,388,1053.54,803.03,78.36,90.31,1.0000,-1,-1,-1
497,389,1281.31,693.47,106.15,97.85,0.6424,-1,-1,-1
497,391,1300.59,1159.32,222.52,215.83,1.0000,-1,-1,-1
497,392,1116.37,680.30,101.60,114.58,1.0000,-1,-1,-1
497,393,569.91,652.74,126.06,144.85,1.0000,-1,-1,-1
497,395,949.44,756.74,71.59,81.32,1.0000,-1,-1,-1
497,396,617.58,498.39,241.33,207.11,1.0000,-1,-1,-1
497,398,1287.29,957.30,148.61,210.57,1.0000,-1,-1,-1
497,401,892.22,650.33,152.81,191.09,1.0000,-1,-1,-1
497,407,1370.00,720.09,71.37,100.82,1.0000,-1,-1,-1
497,411,1063.93,653.42,120.00,111.75,1.0000,-1,-1,-1
497,412,1186.26,729.17,121.90,117.15,0.5729,-1,-1,-1
497,413,1061.96,697.37,123.87,128.49,1.0000,-1,-1,-1
497,415,759.29,586.06,112.70,118.27,1.0000,-1,-1,-1
497,416,666.75,556.19,88.42,110.70,0.4991,-1,-1,-1
497,418,837.16,617.98,81.41,94.02,1.0000,-1,-1,-1
497,419,913.54,654.10,77.71,100.93,1.0000,-1,-1,-1
498,381,765.33,638.45,77.69,69.05,1.0000,-1,-1,-1
498,387,1423.10,3.78,336.58,565.44,0.8308,-1,-1,-1
498,388,1046.36,811.06,77.69,89.53,1.0000,-1,-1,-1
498,389,1261.78,688.33,105.10,96.55,0.6035,-1,-1,-1
498,391,1294.28,1175.56,225.55,218.77,1.0000,-1,-1,-1
498,392,1105.13,679.45,101.38,114.33,1.0000,-1,-1,-1
498,393,555.47,657.41,127.67,146.69,1.0000,-1,-1,-1
498,395,941.63,761.01,69.85,79.34,1.0000,-1,-1,-1
498,396,608.34,498.06,246.80,211.80,1.0000,-1,-1,-1
498,398,1281.32,966.58,149.92,212.43,1.0000,-1,-1,-1
498,401,886.26,653.27,155.10,193.96,1.0000,-1,-1,-1
498,407,1366.80,715.83,68.43,96.66,1.0000,-1,-1,-1
498,411,1056.02,653.29,122.62,114.20,1.0000,-1,-1,-1
498,412,1172.92,728.18,117.22,112.63,0.6551,-1,-1,-1
498,413,1061.42,698.77,126.18,130.88,1.0000,-1,-1,-1
498,415,746.80,585.00,116.36,122.11,1.0000,-1,-1,-1
498,416,654.83,553.47,86.36,107.40,0.3029,-1,-1,-1
498,418,825.70,617.05,81.48,94.10,1.0000,-1,-1,-1
498,419,902.27,653.20,77.60,100.78,1.0000,-1,-1,-1
498,423,885.36,640.15,97.53,96.63,0.6246,-1,-1,-1
498,424,995.65,675.84,114.74,114.09,0.6426,-1,-1,-1
498,426,758.11,571.70,90.48,94.08,0.4690,-1,-1,-1
499,387,1392.25,4.72,337.23,559.04,0.6389,-1,-1,-1
499,388,1039.17,819.09,77.01,88.75,1.0000,-1,-1,-1
499,389,1241.21,681.96,111.06,102.44,0.5295,-1,-1,-1
499,391,1287.96,1191.80,228.58,221.71,1.0000,-1,-1,-1
499,392,1093.88,678.60,101.16,114.08,1.0000,-1,-1,-1
499,393,541.03,662.08,129.27,148.53,1.0000,-1,-1,-1
499,395,933.81,765.28,68.11,77.37,1.0000,-1,-1,-1
499,396,599.10,497.73,252.26,216.49,1.0000,-1,-1,-1
499,398,1275.35,975.86,151.23,214.29,1.0000,-1,-1,-1
499,401,880.29,656.21,157.40,196.83,1.0000,-1,-1,-1
499,407,1363.60,711.58,65.48,92.50,1.0000,-1,-1,-1
499,411,1048.10,653.16,125.25,116.65,1.0000,-1,-1,-1
499,412,1154.02,725.16,115.11,110.61,1.0000,-1,-1,-1
499,413,1060.88,700.18,128.49,133.28,1.0000,-1,-1,-1
499,415,734.30,583.94,120.01,125.94,1.0000,-1,-1,-1
499,416,642.11,551.17,86.70,107.82,1.0000,-1,-1,-1
499,418,814.23,616.12,81.55,94.18,1.0000,-1,-1,-1
499,419,890.99,652.30,77.48,100.64,1.0000,-1,-1,-1
499,423,865.62,639.01,97.28,96.55,0.4059,-1,-1,-1
499,424,983.21,668.84,116.43,116.10,0.4458,-1,-1,-1
499,426,751.39,569.20,91.92,95.57,1.0000,-1,-1,-1
500,387,1359.84,5.30,341.02,551.95,0.9620,-1,-1,-1
500,388,1031.99,827.12,76.33,87.97,1.0000,-1,-1,-1
500,389,1228.14,674.45,107.34,98.73,0.4316,-1,-1,-1
500,391,1281.64,1208.03,231.61,224.65,1.0000,-1,-1,-1
500,392,1085.34,649.88,106.54,119.77,0.4131,-1,-1,-1
500,393,526.59,666.75,130.87,150.37,1.0000,-1,-1,-1
500,395,926.00,769.55,66.37,75.39,1.0000,-1,-1,-1
500,396,589.87,497.39,257.73,221.18,1.0000,-1,-1,-1
500,398,1269.37,985.14,152.54,216.15,1.0000,-1,-1,-1
500,401,874.33,659.15,159.70,199.70,1.0000,-1,-1,-1
500,407,1360.40,707.33,62.54,88.34,1.0000,-1,-1,-1
500,411,1040.18,653.03,127.88,119.09,1.0000,-1,-1,-1
500,412,1135.12,722.14,113.00,108.58,1.0000,-1,-1,-1
500,413,1060.34,701.59,130.80,135.67,1.0000,-1,-1,-1
500,415,721.80,582.87,123.67,129.77,1.0000,-1,-1,-1
500,416,629.38,548.88,87.05,108.25,1.0000,-1,-1,-1
500,418,802.76,615.19,81.62,94.26,1.0000,-1,-1,-1
500,419,879.72,651.40,77.37,100.49,1.0000,-1,-1,-1
500,423,908.28,624.97,85.32,83.89,0.4060,-1,-1,-1
500,424,973.22,662.94,120.32,119.98,1.0000,-1,-1,-1
500,426,744.67,566.70,93.35,97.06,1.0000,-1,-1,-1
501,387,1327.31,3.82,347.71,548.08,0.9312,-1,-1,-1
501,388,1024.80,835.15,75.65,87.18,1.0000,-1,-1,-1
501,389,1212.62,666.54,107.35,98.52,0.6601,-1,-1,-1
501,391,1275.33,1224.27,234.64,227.59,1.0000,-1,-1,-1
501,392,1074.34,646.62,106.78,120.04,1.0000,-1,-1,-1
501,393,512.15,671.42,132.48,152.21,1.0000,-1,-1,-1
501,395,918.19,773.82,64.63,73.41,1.0000,-1,-1,-1
501,396,580.63,497.06,263.19,225.87,1.0000,-1,-1,-1
501,398,1263.40,994.42,153.86,218.01,1.0000,-1,-1,-1
501,401,868.37,662.09,161.99,202.57,1.0000,-1,-1,-1
501,407,1357.20,703.07,59.59,84.18,1.0000,-1,-1,-1
501,411,1032.27,652.91,130.51,121.54,1.0000,-1,-1,-1
501,412,1116.23,719.12,110.89,106.55,1.0000,-1,-1,-1
501,413,1059.80,703.00,133.11,138.07,1.0000,-1,-1,-1
501,415,709.30,581.81,127.32,133.61,1.0000,-1,-1,-1
501,416,616.66,546.59,87.39,108.68,1.0000,-1,-1,-1
501,418,791.30,614.26,81.69,94.34,1.0000,-1,-1,-1
501,419,868.45,650.50,77.26,100.34,1.0000,-1,-1,-1
501,423,910.96,619.91,79.46,77.97,0.5410,-1,-1,-1
501,424,963.22,657.04,124.21,123.87,1.0000,-1,-1,-1
501,426,737.95,564.20,94.78,98.54,1.0000,-1,-1,-1
502,387,1304.18,3.29,356.40,547.42,0.9365,-1,-1,-1
502,388,1017.62,843.17,74.97,86.40,1.0000,-1,-1,-1
502,389,1197.96,659.76,110.63,102.40,0.6567,-1,-1,-1
502,391,1269.01,1240.51,237.67,230.53,1.0000,-1,-1,-1
502,392,1063.35,643.35,107.01,120.30,1.0000,-1,-1,-1
502,393,497.71,676.09,134.08,154.05,1.0000,-1,-1,-1
502,395,910.38,778.09,62.88,71.43,1.0000,-1,-1,-1
502,396,571.39,496.73,268.66,230.57,1.0000,-1,-1,-1
502,398,1257.43,1003.70,155.17,219.87,1.0000,-1,-1,-1
502,401,862.41,665.03,164.29,205.44,1.0000,-1,-1,-1
502,407,1354.00,698.82,56.65,80.02,1.0000,-1,-1,-1
502,411,1024.35,652.78,133.14,123.99,1.0000,-1,-1,-1
502,412,1097.33,716.10,108.78,104.53,1.0000,-1,-1,-1
502,413,1059.25,704.41,135.41,140.46,1.0000,-1,-1,-1
502,415,696.81,580.74,130.97,137.44,1.0000,-1,-1,-1
502,416,603.94,544.30,87.73,109.10,1.0000,-1,-1,-1
502,418,779.83,613.33,81.76,94.42,1.0000,-1,-1,-1
502,419,857.18,649.60,77.14,100.19,1.0000,-1,-1,-1
502,423,899.74,620.96,87.11,85.72,0.7147,-1,-1,-1
502,424,953.22,651.14,128.11,127.75,1.0000,-1,-1,-1
502,426,712.42,557.39,78.61,82.31,0.4970,-1,-1,-1
502,430,1124.13,708.76,135.95,120.11,0.5386,-1,-1,-1
503,387,1289.17,4.59,361.56,544.68,0.9169,-1,-1,-1
503,388,1010.43,851.20,74.29,85.62,1.0000,-1,-1,-1
503,389,1189.73,658.51,105.09,97.83,0.5455,-1,-1,-1
503,392,1052.35,640.08,107.25,120.57,1.0000,-1,-1,-1
503,393,483.27,680.76,135.68,155.90,1.0000,-1,-1,-1
503,395,902.57,782.36,61.14,69.45,1.0000,-1,-1,-1
503,396,562.15,496.39,274.12,235.26,1.0000,-1,-1,-1
503,398,1251.46,1012.98,156.48,221.73,1.0000,-1,-1,-1
503,401,856.45,667.97,166.58,208.31,1.0000,-1,-1,-1
503,407,1350.79,694.57,53.70,75.86,1.0000,-1,-1,-1
503,411,1016.43,652.65,135.76,126.43,1.0000,-1,-1,-1
503,412,1078.43,713.08,106.67,102.50,1.0000,-1,-1,-1
503,413,1058.71,705.82,137.72,142.85,1.0000,-1,-1,-1
503,415,684.31,579.68,134.63,141.28,1.0000,-1,-1,-1
503,416,591.21,542.01,88.07,109.53,1.0000,-1,-1,-1
503,418,753.60,594.21,84.26,97.88,0.7470,-1,-1,-1
503,419,845.90,648.70,77.03,100.05,1.0000,-1,-1,-1
503,423,891.87,624.53,92.54,91.59,0.5454,-1,-1,-1
503,424,943.22,645.24,132.00,131.63,1.0000,-1,-1,-1
503,426,697.33,563.63,81.12,86.11,0.5393,-1,-1,-1
503,430,1124.30,707.08,140.19,125.19,0.5886,-1,-1,-1
503,431,620.84,552.72,82.29,99.40,0.7566,-1,-1,-1
503,432,947.23,675.60,101.08,105.50,0.7208,-1,-1,-1
503,433,839.21,644.90,84.86,88.62,0.5425,-1,-1,-1
504,387,1274.19,4.40,364.61,542.82,0.9318,-1,-1,-1
504,388,1003.25,859.23,73.62,84.84,1.0000,-1,-1,-1
504,389,1172.01,653.35,108.91,102.26,0.4115,-1,-1,-1
504,392,1042.26,646.68,96.55,107.43,0.3967,-1,-1,-1
504,393,468.83,685.43,137.28,157.74,1.0000,-1,-1,-1
504,395,894.76,786.63,59.40,67.48,1.0000,-1,-1,-1
504,398,1245.49,1022.26,157.79,223.59,1.0000,-1,-1,-1
504,401,850.49,670.91,168.88,211.18,1.0000,-1,-1,-1
504,407,1347.59,690.31,50.76,71.70,1.0000,-1,-1,-1
504,411,1008.52,652.52,138.39,128.88,1.0000,-1,-1,-1
504,412,1059.53,710.06,104.56,100.47,1.0000,-1,-1,-1
504,413,1058.17,707.23,140.03,145.25,1.0000,-1,-1,-1
504,415,671.81,578.61,138.28,145.11,1.0000,-1,-1,-1
504,416,578.49,539.72,88.41,109.95,1.0000,-1,-1,-1
504,418,740.81,591.68,84.59,98.26,1.0000,-1,-1,-1
504,419,834.63,647.80,76.92,99.90,1.0000,-1,-1,-1
504,423,890.25,621.96,92.73,91.78,1.0000,-1,-1,-1
504,424,933.22,639.34,135.90,135.52,1.0000,-1,-1,-1
504,426,686.30,562.08,80.55,85.50,1.0000,-1,-1,-1
504,430,1119.22,706.60,138.21,124.69,0.4342,-1,-1,-1
504,431,617.38,554.85,82.88,100.11,1.0000,-1,-1,-1
504,432,943.29,679.24,101.08,105.50,1.0000,-1,-1,-1
504,433,839.08,648.19,81.78,85.41,1.0000,-1,-1,-1
505,387,1258.32,4.95,366.68,542.54,0.9395,-1,-1,-1
505,388,996.06,867.26,72.94,84.06,1.0000,-1,-1,-1
505,389,1155.92,648.59,108.79,102.15,1.0000,-1,-1,-1
505,392,1031.39,644.29,95.71,106.50,1.0000,-1,-1,-1
505,393,454.39,690.10,138.89,159.58,1.0000,-1,-1,-1
505,395,886.94,790.89,57.66,65.50,1.0000,-1,-1,-1
505,398,1239.52,1031.55,159.11,225.45,1.0000,-1,-1,-1
505,401,844.53,673.85,171.17,214.05,1.0000,-1,-1,-1
505,407,1344.39,686.06,47.81,67.54,1.0000,-1,-1,-1
505,411,1000.60,652.39,141.02,131.33,1.0000,-1,-1,-1
505,412,1040.63,707.04,102.45,98.45,1.0000,-1,-1,-1
505,413,1057.63,708.63,142.34,147.64,1.0000,-1,-1,-1
505,415,659.32,577.55,141.94,148.95,1.0000,-1,-1,-1
505,416,565.76,537.43,88.76,110.38,1.0000,-1,-1,-1
505,418,728.03,589.15,84.91,98.64,1.0000,-1,-1,-1
505,419,823.36,646.90,76.80,99.75,1.0000,-1,-1,-1
505,423,888.62,619.38,92.92,91.96,1.0000,-1,-1,-1
505,424,923.23,633.44,139.79,139.40,1.0000,-1,-1,-1
505,426,675.28,560.54,79.98,84.90,1.0000,-1,-1,-1
505,430,1107.78,701.27,134.89,122.94,0.3068,-1,-1,-1
505,431,613.93,556.98,83.47,100.82,1.0000,-1,-1,-1
505,432,939.35,682.89,101.08,105.51,1.0000,-1,-1,-1
505,433,838.95,651.49,78.70,82.19,1.0000,-1,-1,-1
506,387,1245.71,4.85,366.95,543.04,0.9313,-1,-1,-1
506,388,988.88,875.29,72.26,83.28,1.0000,-1,-1,-1
506,389,1139.84,643.83,108.68,102.04,1.0000,-1,-1,-1
506,392,1020.52,641.90,94.88,105.57,1.0000,-1,-1,-1
506,393,439.95,694.77,140.49,161.42,1.0000,-1,-1,-1
506,395,879.13,795.16,55.92,63.52,1.0000,-1,-1,-1
506,398,1233.54,1040.83,160.42,227.31,1.0000,-1,-1,-1
506,401,838.57,676.79,173.47,216.92,1.0000,-1,-1,-1
506,407,1341.19,681.81,44.87,63.38,1.0000,-1,-1,-1
506,411,992.68,652.26,143.65,133.78,1.0000,-1,-1,-1
506,412,1021.74,704.01,100.34,96.42,1.0000,-1,-1,-1
506,413,1057.09,710.04,144.65,150.04,1.0000,-1,-1,-1
506,415,646.82,576.48,145.59,152.78,1.0000,-1,-1,-1
506,416,553.04,535.13,89.10,110.80,1.0000,-1,-1,-1
506,418,715.24,586.62,85.24,99.01,1.0000,-1,-1,-1
506,419,812.09,646.01,76.69,99.61,1.0000,-1,-1,-1
506,423,887.00,616.81,93.11,92.15,1.0000,-1,-1,-1
506,424,913.23,627.54,143.69,143.28,1.0000,-1,-1,-1
506,426,664.25,558.99,79.41,84.29,1.0000,-1,-1,-1
506,430,1101.66,698.39,137.54,125.35,1.0000,-1,-1,-1
506,431,610.48,559.11,84.06,101.53,1.0000,-1,-1,-1
506,432,935.41,686.53,101.09,105.51,1.0000,-1,-1,-1
506,433,838.82,654.78,75.61,78.97,1.0000,-1,-1,-1
507,387,1235.43,4.69,367.36,547.14,0.9255,-1,-1,-1
507,389,1127.79,648.89,93.47,86.29,0.6899,-1,-1,-1
507,392,996.60,648.82,96.42,107.54,0.6658,-1,-1,-1
507,393,425.51,699.44,142.09,163.26,1.0000,-1,-1,-1
507,395,871.32,799.43,54.18,61.54,1.0000,-1,-1,-1
507,398,1227.57,1050.11,161.73,229.17,1.0000,-1,-1,-1
507,401,832.60,679.73,175.76,219.79,1.0000,-1,-1,-1
507,407,1337.99,677.56,41.92,59.22,1.0000,-1,-1,-1
507,411,984.77,652.13,146.27,136.22,1.0000,-1,-1,-1
507,412,1002.84,700.99,98.23,94.39,1.0000,-1,-1,-1
507,413,1056.55,711.45,146.96,152.43,1.0000,-1,-1,-1
507,415,634.32,575.42,149.25,156.62,1.0000,-1,-1,-1
507,416,540.32,532.84,89.44,111.23,1.0000,-1,-1,-1
507,418,694.72,593.13,78.23,90.48,0.4037,-1,-1,-1
507,419,800.81,645.11,76.58,99.46,1.0000,-1,-1,-1
507,423,885.37,614.23,93.30,92.34,1.0000,-1,-1,-1
507,424,903.23,621.64,147.58,147.17,1.0000,-1,-1,-1
507,426,649.84,565.20,79.05,84.77,0.3263,-1,-1,-1
507,430,1095.54,695.52,140.18,127.76,1.0000,-1,-1,-1
507,431,607.03,561.24,84.65,102.24,1.0000,-1,-1,-1
507,432,931.46,690.18,101.09,105.51,1.0000,-1,-1,-1
507,433,838.69,658.08,72.53,75.75,1.0000,-1,-1,-1
508,387,1229.74,3.82,366.27,551.11,0.9124,-1,-1,-1
508,389,1108.26,646.70,97.92,90.01,0.6117,-1,-1,-1
508,392,979.15,643.76,101.02,114.15,0.3751,-1,-1,-1
508,393,411.07,704.11,143.70,165.10,1.0000,-1,-1,-1
508,395,881.93,665.96,92.02,100.50,0.6595,-1,-1,-1
508,398,1221.60,1059.39,163.04,231.03,1.0000,-1,-1,-1
508,401,826.64,682.67,178.06,222.66,1.0000,-1,-1,-1
508,407,1334.79,673.30,38.98,55.06,1.0000,-1,-1,-1
508,411,820.36,626.39,92.62,89.08,0.4865,-1,-1,-1
508,412,983.94,697.97,96.12,92.37,1.0000,-1,-1,-1
508,413,1056.01,712.86,149.26,154.83,1.0000,-1,-1,-1
508,415,621.83,574.35,152.90,160.45,1.0000,-1,-1,-1
508,416,527.59,530.55,89.78,111.65,1.0000,-1,-1,-1
508,418,681.24,591.44,77.84,90.02,1.0000,-1,-1,-1
508,419,789.54,644.21,76.46,99.31,1.0000,-1,-1,-1
508,423,883.74,611.66,93.49,92.52,1.0000,-1,-1,-1
508,424,893.23,615.74,151.48,151.05,1.0000,-1,-1,-1
508,426,638.34,564.61,78.61,84.29,1.0000,-1,-1,-1
508,430,1064.70,698.20,126.58,116.82,0.6922,-1,-1,-1
508,431,603.58,563.37,85.24,102.95,1.0000,-1,-1,-1
508,432,927.52,693.83,101.09,105.52,1.0000,-1,-1,-1
508,433,838.55,661.38,69.45,72.53,1.0000,-1,-1,-1
509,387,1213.73,3.27,368.93,557.71,0.8760,-1,-1,-1
509,389,1088.85,649.10,101.03,94.05,0.5136,-1,-1,-1
509,392,967.64,645.05,101.78,116.66,0.4177,-1,-1,-1
509,393,396.63,708.78,145.30,166.95,1.0000,-1,-1,-1
509,395,871.05,673.49,95.20,102.11,0.6704,-1,-1,-1
509,407,1331.59,669.05,36.04,50.90,1.0000,-1,-1,-1
509,411,811.33,621.48,97.49,96.76,0.3850,-1,-1,-1
509,412,965.04,694.95,94.02,90.34,1.0000,-1,-1,-1
509,413,1055.47,714.27,151.57,157.22,1.0000,-1,-1,-1
509,415,609.33,573.29,156.55,164.29,1.0000,-1,-1,-1
509,416,514.87,528.26,90.12,112.08,1.0000,-1,-1,-1
509,418,667.75,589.76,77.45,89.57,1.0000,-1,-1,-1
509,419,778.27,643.31,76.35,99.16,1.0000,-1,-1,-1
509,423,882.12,609.09,93.67,92.71,1.0000,-1,-1,-1
509,424,883.23,609.84,155.37,154.94,1.0000,-1,-1,-1
509,426,626.84,564.02,78.17,83.82,1.0000,-1,-1,-1
509,430,1053.19,700.94,121.97,113.44,0.6141,-1,-1,-1
509,431,600.12,565.50,85.83,103.66,1.0000,-1,-1,-1
509,432,923.58,697.47,101.10,105.52,1.0000,-1,-1,-1
509,433,838.42,664.67,66.37,69.32,1.0000,-1,-1,-1
510,387,1212.21,2.73,368.56,564.82,0.8909,-1,-1,-1
510,389,1072.35,649.56,105.75,100.08,0.3085,-1,-1,-1
510,392,954.79,643.57,102.17,117.12,1.0000,-1,-1,-1
510,395,863.74,673.32,94.95,101.84,1.0000,-1,-1,-1
510,407,1328.39,664.80,33.09,46.75,1.0000,-1,-1,-1
510,411,795.60,619.61,98.16,97.42,1.0000,-1,-1,-1
510,412,946.14,691.93,91.91,88.31,1.0000,-1,-1,-1
510,413,1054.93,715.68,153.88,159.62,1.0000,-1,-1,-1
510,415,596.83,572.22,160.21,168.12,1.0000,-1,-1,-1
510,416,502.15,525.97,90.47,112.50,1.0000,-1,-1,-1
510,418,654.26,588.07,77.06,89.12,1.0000,-1,-1,-1
510,419,767.00,642.41,76.24,99.02,1.0000,-1,-1,-1
510,423,880.49,606.51,93.86,92.90,1.0000,-1,-1,-1
510,424,873.23,603.94,159.27,158.82,1.0000,-1,-1,-1
510,426,615.35,563.44,77.73,83.35,1.0000,-1,-1,-1
510,430,1039.31,702.28,120.27,112.96,0.4562,-1,-1,-1
510,431,596.67,567.63,86.41,104.37,1.0000,-1,-1,-1
510,432,919.64,701.12,101.10,105.53,1.0000,-1,-1,-1
510,433,838.29,667.97,63.29,66.10,1.0000,-1,-1,-1
511,387,1207.30,2.09,366.54,571.78,0.8888,-1,-1,-1
511,389,1058.45,650.32,107.19,103.60,0.6384,-1,-1,-1
511,392,945.52,647.58,93.21,105.80,0.5370,-1,-1,-1
511,395,856.44,673.16,94.70,101.57,1.0000,-1,-1,-1
511,407,1325.19,660.54,30.15,42.59,1.0000,-1,-1,-1
511,411,779.87,617.73,98.82,98.08,1.0000,-1,-1,-1
511,412,927.24,688.91,89.80,86.29,1.0000,-1,-1,-1
511,413,1054.38,717.09,156.19,162.01,1.0000,-1,-1,-1
511,415,584.34,571.16,163.86,171.96,1.0000,-1,-1,-1
511,416,489.42,523.68,90.81,112.93,1.0000,-1,-1,-1
511,418,640.77,586.39,76.67,88.67,1.0000,-1,-1,-1
511,419,755.72,641.51,76.12,98.87,1.0000,-1,-1,-1
511,423,878.87,603.94,94.05,93.08,1.0000,-1,-1,-1
511,424,863.24,598.04,163.16,162.70,1.0000,-1,-1,-1
511,426,603.85,562.85,77.29,82.88,1.0000,-1,-1,-1
511,430,1027.83,708.27,112.58,106.15,0.3731,-1,-1,-1
511,431,593.22,569.76,87.00,105.08,1.0000,-1,-1,-1
511,432,915.70,704.77,101.11,105.53,1.0000,-1,-1,-1
511,433,838.16,671.26,60.21,62.88,1.0000,-1,-1,-1
512,387,1182.90,2.56,366.08,574.50,0.9525,-1,-1,-1
512,389,1048.03,653.71,101.09,98.38,0.3358,-1,-1,-1
512,392,931.93,651.76,93.78,105.40,0.5331,-1,-1,-1
512,395,849.14,672.99,94.45,101.31,1.0000,-1,-1,-1
512,407,1321.99,656.29,27.20,38.43,1.0000,-1,-1,-1
512,411,764.14,615.86,99.49,98.74,1.0000,-1,-1,-1
512,412,908.35,685.89,87.69,84.26,1.0000,-1,-1,-1
512,413,1053.84,718.50,158.50,164.40,1.0000,-1,-1,-1
512,415,571.84,570.09,167.52,175.79,1.0000,-1,-1,-1
512,416,476.70,521.38,91.15,113.35,1.0000,-1,-1,-1
512,418,627.29,584.70,76.28,88.21,1.0000,-1,-1,-1
512,419,744.45,640.61,76.01,98.72,1.0000,-1,-1,-1
512,423,877.24,601.36,94.24,93.27,1.0000,-1,-1,-1
512,424,853.24,592.14,167.06,166.59,1.0000,-1,-1,-1
512,426,592.35,562.26,76.85,82.41,1.0000,-1,-1,-1
512,430,1015.00,708.65,110.91,104.85,0.5836,-1,-1,-1
512,431,589.77,571.89,87.59,105.80,1.0000,-1,-1,-1
512,432,911.76,708.41,101.11,105.53,1.0000,-1,-1,-1
512,433,838.03,674.56,57.13,59.66,1.0000,-1,-1,-1
513,387,1149.28,3.66,369.45,577.29,0.9305,-1,-1,-1
513,389,1037.86,655.74,95.15,93.05,0.6892,-1,-1,-1
513,392,918.96,654.91,91.52,103.15,0.7825,-1,-1,-1
513,395,841.84,672.83,94.20,101.04,1.0000,-1,-1,-1
513,407,1318.79,652.04,24.26,34.27,1.0000,-1,-1,-1
513,411,748.41,613.99,100.15,99.40,1.0000,-1,-1,-1
513,412,889.45,682.87,85.58,82.23,1.0000,-1,-1,-1
513,413,1053.30,719.90,160.81,166.80,1.0000,-1,-1,-1
513,415,559.34,569.03,171.17,179.63,1.0000,-1,-1,-1
513,416,463.97,519.09,91.49,113.78,1.0000,-1,-1,-1
513,418,613.80,583.01,75.88,87.76,1.0000,-1,-1,-1
513,419,733.18,639.71,75.90,98.58,1.0000,-1,-1,-1
513,423,875.62,598.79,94.43,93.46,1.0000,-1,-1,-1
513,424,843.24,586.24,170.95,170.47,1.0000,-1,-1,-1
513,426,580.86,561.67,76.41,81.93,1.0000,-1,-1,-1
513,430,997.27,711.59,113.90,108.32,0.7538,-1,-1,-1
513,431,586.32,574.02,88.18,106.51,1.0000,-1,-1,-1
513,432,907.82,712.06,101.11,105.54,1.0000,-1,-1,-1
513,433,837.90,677.85,54.04,56.44,1.0000,-1,-1,-1
514,387,1119.95,5.70,374.24,579.48,0.9358,-1,-1,-1
514,389,1021.75,650.98,99.34,98.68,0.5246,-1,-1,-1
514,392,911.63,654.49,94.52,104.67,0.5964,-1,-1,-1
514,395,834.53,672.66,93.96,100.77,1.0000,-1,-1,-1
514,407,1315.59,647.78,21.31,30.11,1.0000,-1,-1,-1
514,411,732.68,612.11,100.82,100.06,1.0000,-1,-1,-1
514,412,870.55,679.85,83.47,80.21,1.0000,-1,-1,-1
514,413,1052.76,721.31,163.11,169.19,1.0000,-1,-1,-1
514,415,546.85,567.96,174.83,183.46,1.0000,-1,-1,-1
514,416,451.25,516.80,91.83,114.20,1.0000,-1,-1,-1
514,418,600.31,581.33,75.49,87.31,1.0000,-1,-1,-1
514,419,721.91,638.81,75.78,98.43,1.0000,-1,-1,-1
514,423,873.99,596.21,94.62,93.64,1.0000,-1,-1,-1
514,424,833.24,580.34,174.84,174.35,1.0000,-1,-1,-1
514,426,603.31,577.69,79.23,87.57,0.3406,-1,-1,-1
514,430,979.97,717.59,110.89,106.13,0.5851,-1,-1,-1
514,431,582.86,576.16,88.77,107.22,1.0000,-1,-1,-1
514,432,903.88,715.71,101.12,105.54,1.0000,-1,-1,-1
514,433,837.77,681.15,50.96,53.22,1.0000,-1,-1,-1
515,387,1100.11,4.99,379.44,585.03,0.9454,-1,-1,-1
515,389,1009.31,650.24,100.19,101.51,0.7282,-1,-1,-1
515,392,899.96,652.42,98.13,109.28,0.5399,-1,-1,-1
515,395,827.23,672.49,93.71,100.50,1.0000,-1,-1,-1
515,407,1312.39,643.53,18.37,25.95,1.0000,-1,-1,-1
515,411,716.95,610.24,101.48,100.72,1.0000,-1,-1,-1
515,412,851.65,676.83,81.36,78.18,1.0000,-1,-1,-1
515,413,1052.22,722.72,165.42,171.59,1.0000,-1,-1,-1
515,415,534.35,566.90,178.48,187.30,1.0000,-1,-1,-1
515,416,438.53,514.51,92.18,114.63,1.0000,-1,-1,-1
515,418,586.82,579.64,75.10,86.86,1.0000,-1,-1,-1
515,419,710.63,637.91,75.67,98.28,1.0000,-1,-1,-1
515,423,872.36,593.64,94.81,93.83,1.0000,-1,-1,-1
515,424,823.24,574.44,178.74,178.24,1.0000,-1,-1,-1
515,426,624.54,589.00,80.40,89.46,0.6583,-1,-1,-1
515,430,965.75,717.46,113.41,109.43,0.6699,-1,-1,-1
515,431,579.41,578.29,89.36,107.93,1.0000,-1,-1,-1
515,432,899.93,719.35,101.12,105.55,1.0000,-1,-1,-1
515,433,837.64,684.44,47.88,50.01,1.0000,-1,-1,-1
515,444,525.50,565.36,77.60,106.77,0.5018,-1,-1,-1
515,446,694.24,641.76,98.90,99.96,0.7098,-1,-1,-1
516,387,1090.36,3.42,382.18,588.90,0.9402,-1,-1,-1
516,389,1000.47,648.41,97.06,100.56,0.6797,-1,-1,-1
516,392,891.77,652.22,98.00,108.84,0.4658,-1,-1,-1
516,395,819.93,672.33,93.46,100.24,1.0000,-1,-1,-1
516,407,1309.19,639.28,15.42,21.79,1.0000,-1,-1,-1
516,411,701.22,608.37,102.14,101.38,1.0000,-1,-1,-1
516,412,832.75,673.81,79.25,76.15,1.0000,-1,-1,-1
516,413,1051.68,724.13,167.73,173.98,1.0000,-1,-1,-1
516,415,521.85,565.83,182.14,191.13,1.0000,-1,-1,-1
516,416,425.80,512.22,92.52,115.05,1.0000,-1,-1,-1
516,418,573.33,577.96,74.71,86.40,1.0000,-1,-1,-1
516,419,699.36,637.01,75.56,98.13,1.0000,-1,-1,-1
516,423,870.74,591.06,94.99,94.02,1.0000,-1,-1,-1
516,424,813.24,568.54,182.63,182.12,1.0000,-1,-1,-1
516,426,630.43,599.66,75.47,84.11,0.6607,-1,-1,-1
516,430,957.44,714.18,110.45,107.39,0.7333,-1,-1,-1
516,431,575.96,580.42,89.95,108.64,1.0000,-1,-1,-1
516,432,791.50,675.00,98.20,103.96,0.5607,-1,-1,-1
516,433,837.50,687.74,44.80,46.79,1.0000,-1,-1,-1
516,444,514.95,563.38,78.51,108.06,0.6506,-1,-1,-1
516,446,692.45,640.24,93.22,94.48,0.6201,-1,-1,-1
517,387,1083.00,3.60,381.95,590.38,0.9444,-1,-1,-1
517,389,994.90,644.55,97.54,103.51,0.6348,-1,-1,-1
517,392,882.67,650.17,97.75,107.85,0.3495,-1,-1,-1
517,395,812.63,672.16,93.21,99.97,1.0000,-1,-1,-1
517,411,685.49,606.49,102.81,102.04,1.0000,-1,-1,-1
517,412,947.09,718.77,106.51,104.67,0.7047,-1,-1,-1
517,413,1051.14,725.54,170.04,176.38,1.0000,-1,-1,-1
517,415,509.35,564.77,185.79,194.97,1.0000,-1,-1,-1
517,416,413.08,509.93,92.86,115.48,1.0000,-1,-1,-1
517,418,559.85,576.27,74.32,85.95,1.0000,-1,-1,-1
517,419,688.09,636.11,75.44,97.99,1.0000,-1,-1,-1
517,423,869.11,588.49,95.18,94.20,1.0000,-1,-1,-1
517,424,803.25,562.64,186.53,186.00,1.0000,-1,-1,-1
517,426,624.38,597.36,78.13,88.06,0.6664,-1,-1,-1
517,430,944.91,714.65,110.07,107.03,1.0000,-1,-1,-1
517,431,572.51,582.55,90.54,109.35,1.0000,-1,-1,-1
517,432,780.16,666.11,103.79,111.41,0.4721,-1,-1,-1
517,433,837.37,691.03,41.72,43.57,1.0000,-1,-1,-1
517,444,503.36,559.78,78.67,108.62,0.4554,-1,-1,-1
517,446,686.46,636.74,92.37,94.34,0.7033,-1,-1,-1
518,387,1079.92,3.70,380.62,591.08,0.9408,-1,-1,-1
518,389,981.07,642.79,98.15,104.15,1.0000,-1,-1,-1
518,392,871.54,649.74,97.63,107.72,1.0000,-1,-1,-1
518,395,805.32,672.00,92.96,99.70,1.0000,-1,-1,-1
518,411,669.76,604.62,103.47,102.70,1.0000,-1,-1,-1
518,412,930.28,709.88,108.79,108.43,0.3248,-1,-1,-1
518,413,1050.60,726.95,172.35,178.77,1.0000,-1,-1,-1
518,415,496.86,563.70,189.44,198.80,1.0000,-1,-1,-1
518,416,400.36,507.63,93.20,115.91,1.0000,-1,-1,-1
518,418,546.36,574.58,73.93,85.50,1.0000,-1,-1,-1
518,419,676.82,635.21,75.33,97.84,1.0000,-1,-1,-1
518,423,867.49,585.92,95.37,94.39,1.0000,-1,-1,-1
518,424,793.25,556.74,190.42,189.89,1.0000,-1,-1,-1
518,426,619.61,599.58,78.26,88.20,1.0000,-1,-1,-1
518,430,932.38,715.13,109.69,106.66,1.0000,-1,-1,-1
518,431,569.06,584.68,91.12,110.06,1.0000,-1,-1,-1
518,432,768.68,665.42,104.39,112.06,1.0000,-1,-1,-1
518,433,837.24,694.33,38.64,40.35,1.0000,-1,-1,-1
518,444,494.84,557.61,78.92,108.97,1.0000,-1,-1,-1
518,446,682.60,634.05,91.62,93.56,1.0000,-1,-1,-1
519,387,1078.70,3.58,377.18,589.65,0.8983,-1,-1,-1
519,389,989.18,643.99,90.64,97.25,0.5586,-1,-1,-1
519,392,855.70,648.61,92.11,102.36,0.5284,-1,-1,-1
519,395,798.02,671.83,92.71,99.44,1.0000,-1,-1,-1
519,411,654.03,602.74,104.14,103.36,1.0000,-1,-1,-1
519,412,917.66,708.59,108.69,108.33,1.0000,-1,-1,-1
519,413,1050.05,728.36,174.66,181.16,1.0000,-1,-1,-1
519,415,484.36,562.64,193.10,202.64,1.0000,-1,-1,-1
519,416,387.63,505.34,93.54,116.33,1.0000,-1,-1,-1
519,418,532.87,572.90,73.54,85.05,1.0000,-1,-1,-1
519,419,665.54,634.31,75.22,97.69,1.0000,-1,-1,-1
519,423,865.86,583.34,95.56,94.58,1.0000,-1,-1,-1
519,424,783.25,550.84,194.32,193.77,1.0000,-1,-1,-1
519,426,614.85,601.79,78.38,88.34,1.0000,-1,-1,-1
519,430,918.71,707.05,113.23,111.42,0.7520,-1,-1,-1
519,431,565.60,586.81,91.71,110.77,1.0000,-1,-1,-1
519,432,757.20,664.74,105.00,112.71,1.0000,-1,-1,-1
519,433,837.11,697.63,35.56,37.13,1.0000,-1,-1,-1
519,444,486.33,555.44,79.17,109.32,1.0000,-1,-1,-1
519,446,673.74,632.56,87.63,90.08,0.5902,-1,-1,-1
520,387,1079.60,2.70,371.07,585.60,0.9247,-1,-1,-1
520,389,992.47,640.97,87.58,94.76,0.6342,-1,-1,-1
520,392,846.59,642.85,96.10,109.22,0.4384,-1,-1,-1
520,395,790.72,671.67,92.46,99.17,1.0000,-1,-1,-1
520,411,735.97,606.27,78.28,79.61,0.7520,-1,-1,-1
520,412,905.04,707.31,108.59,108.23,1.0000,-1,-1,-1
520,413,1049.51,729.76,176.96,183.56,1.0000,-1,-1,-1
520,415,471.86,561.57,196.75,206.47,1.0000,-1,-1,-1
520,416,374.91,503.05,93.89,116.76,1.0000,-1,-1,-1
520,418,519.38,571.21,73.15,84.59,1.0000,-1,-1,-1
520,419,654.27,633.41,75.10,97.55,1.0000,-1,-1,-1
520,423,864.24,580.77,95.75,94.76,1.0000,-1,-1,-1
520,424,773.25,544.94,198.21,197.66,1.0000,-1,-1,-1
520,426,610.09,604.01,78.51,88.48,1.0000,-1,-1,-1
520,430,914.76,706.88,113.04,113.12,0.7763,-1,-1,-1
520,431,562.15,588.94,92.30,111.49,1.0000,-1,-1,-1
520,432,745.72,664.06,105.61,113.36,1.0000,-1,-1,-1
520,433,836.98,700.92,32.47,33.91,1.0000,-1,-1,-1
520,444,477.82,553.26,79.42,109.66,1.0000,-1,-1,-1
520,446,670.65,629.05,89.29,92.87,0.6240,-1,-1,-1
521,387,1084.70,2.62,363.11,578.85,0.9174,-1,-1,-1
521,389,990.20,638.92,88.08,96.02,0.5692,-1,-1,-1
521,392,843.86,637.14,96.52,111.68,0.5430,-1,-1,-1
521,395,783.42,671.50,92.21,98.90,1.0000,-1,-1,-1
521,411,732.60,602.04,78.24,80.90,0.6503,-1,-1,-1
521,412,892.42,706.03,108.49,108.12,1.0000,-1,-1,-1
521,413,1048.97,731.17,179.27,185.95,1.0000,-1,-1,-1
521,415,459.37,560.51,200.41,210.31,1.0000,-1,-1,-1
521,416,362.18,500.76,94.23,117.18,1.0000,-1,-1,-1
521,418,505.89,569.53,72.75,84.14,1.0000,-1,-1,-1
521,419,643.00,632.51,74.99,97.40,1.0000,-1,-1,-1
521,423,862.61,578.19,95.94,94.95,1.0000,-1,-1,-1
521,424,763.25,539.04,202.11,201.54,1.0000,-1,-1,-1
521,426,605.32,606.23,78.64,88.63,1.0000,-1,-1,-1
521,430,909.97,700.08,114.16,117.63,0.6743,-1,-1,-1
521,431,558.70,591.07,92.89,112.20,1.0000,-1,-1,-1
521,432,734.24,663.38,106.21,114.01,1.0000,-1,-1,-1
521,433,671.42,619.59,90.51,98.02,0.7879,-1,-1,-1
521,444,469.31,551.09,79.68,110.01,1.0000,-1,-1,-1
521,446,665.99,626.41,88.75,92.31,1.0000,-1,-1,-1
521,453,769.16,650.99,83.33,94.52,0.6559,-1,-1,-1
522,387,1090.56,3.02,351.74,566.73,0.8423,-1,-1,-1
522,389,992.59,639.77,85.30,93.60,0.7473,-1,-1,-1
522,392,845.91,636.02,93.79,109.95,0.6591,-1,-1,-1
522,395,776.11,671.33,91.96,98.63,1.0000,-1,-1,-1
522,411,734.61,598.51,72.50,73.82,0.6960,-1,-1,-1
522,412,879.80,704.75,108.39,108.02,1.0000,-1,-1,-1
522,415,446.87,559.44,204.06,214.14,1.0000,-1,-1,-1
522,416,349.46,498.47,94.57,117.61,1.0000,-1,-1,-1
522,418,492.41,567.84,72.36,83.69,1.0000,-1,-1,-1
522,419,631.73,631.61,74.88,97.25,1.0000,-1,-1,-1
522,423,860.98,575.62,96.13,95.14,1.0000,-1,-1,-1
522,424,753.25,533.14,206.00,205.42,1.0000,-1,-1,-1
522,426,600.56,608.45,78.76,88.77,1.0000,-1,-1,-1
522,430,912.08,690.11,107.98,114.16,0.6619,-1,-1,-1
522,431,555.25,593.20,93.48,112.91,1.0000,-1,-1,-1
522,432,722.77,662.69,106.82,114.66,1.0000,-1,-1,-1
522,433,672.49,618.11,84.56,92.08,0.7900,-1,-1,-1
522,444,460.80,548.91,79.93,110.36,1.0000,-1,-1,-1
522,446,661.33,623.76,88.21,91.74,1.0000,-1,-1,-1
522,453,766.41,651.04,85.51,97.14,0.7355,-1,-1,-1
522,454,562.28,553.90,53.65,77.20,0.6039,-1,-1,-1
522,455,599.98,582.43,79.61,88.03,0.6455,-1,-1,-1
522,456,478.98,552.92,67.56,95.13,0.3740,-1,-1,-1
523,387,1078.78,2.82,341.48,555.98,0.8096,-1,-1,-1
523,389,999.69,639.21,83.93,91.69,0.6568,-1,-1,-1
523,392,849.13,633.44,92.42,109.18,0.6921,-1,-1,-1
523,395,768.81,671.17,91.72,98.37,1.0000,-1,-1,-1
523,411,733.62,597.03,75.58,76.50,0.6620,-1,-1,-1
523,412,867.18,703.46,108.28,107.92,1.0000,-1,-1,-1
523,416,336.74,496.18,94.91,118.03,1.0000,-1,-1,-1
523,418,478.92,566.15,71.97,83.24,1.0000,-1,-1,-1
523,419,620.45,630.72,74.76,97.10,1.0000,-1,-1,-1
523,423,859.36,573.04,96.31,95.32,1.0000,-1,-1,-1
523,424,743.26,527.24,209.90,209.31,1.0000,-1,-1,-1
523,426,603.25,583.13,82.35,94.34,0.7349,-1,-1,-1
523,430,917.45,687.25,110.42,119.84,0.6572,-1,-1,-1
523,431,551.80,595.33,94.07,113.62,1.0000,-1,-1,-1
523,432,711.29,662.01,107.42,115.32,1.0000,-1,-1,-1
523,433,675.08,615.14,83.50,91.73,0.6961,-1,-1,-1
523,444,452.29,546.74,80.18,110.71,1.0000,-1,-1,-1
523,446,656.67,621.12,87.66,91.17,1.0000,-1,-1,-1
523,453,766.91,643.05,89.70,102.23,0.5959,-1,-1,-1
523,454,552.61,554.93,58.17,83.42,0.7454,-1,-1,-1
523,455,598.77,581.75,80.36,88.86,1.0000,-1,-1,-1
523,456,473.35,557.49,62.44,87.84,0.4271,-1,-1,-1
524,387,1063.90,2.78,337.13,548.44,0.8278,-1,-1,-1
524,389,1005.74,635.42,89.59,96.95,0.3147,-1,-1,-1
524,392,841.08,631.78,92.50,109.27,1.0000,-1,-1,-1
524,395,761.51,671.00,91.47,98.10,1.0000,-1,-1,-1
524,411,727.98,595.08,74.55,75.46,1.0000,-1,-1,-1
524,412,854.56,702.18,108.18,107.82,1.0000,-1,-1,-1
524,416,324.01,493.88,95.25,118.46,1.0000,-1,-1,-1
524,418,465.43,564.47,71.58,82.78,1.0000,-1,-1,-1
524,419,609.18,629.82,74.65,96.96,1.0000,-1,-1,-1
524,423,857.73,570.47,96.50,95.51,1.0000,-1,-1,-1
524,424,733.26,521.34,213.79,213.19,1.0000,-1,-1,-1
524,426,599.07,583.01,82.88,94.94,1.0000,-1,-1,-1
524,430,908.86,685.18,111.25,120.74,1.0000,-1,-1,-1
524,431,548.34,597.46,94.66,114.33,1.0000,-1,-1,-1
524,432,699.81,661.33,108.03,115.97,1.0000,-1,-1,-1
524,433,667.03,613.75,83.58,91.83,1.0000,-1,-1,-1
524,444,443.77,544.57,80.43,111.06,1.0000,-1,-1,-1
524,446,652.02,618.47,87.12,90.61,1.0000,-1,-1,-1
524,453,765.11,639.26,90.80,103.49,1.0000,-1,-1,-1
524,454,547.88,553.29,57.31,82.19,1.0000,-1,-1,-1
524,455,597.55,581.07,81.11,89.69,1.0000,-1,-1,-1
524,456,469.96,559.37,59.32,83.45,1.0000,-1,-1,-1
525,387,1055.21,2.35,336.23,543.58,0.7363,-1,-1,-1
525,389,1001.12,633.82,89.68,97.04,1.0000,-1,-1,-1
525,392,833.02,630.11,92.58,109.37,1.0000,-1,-1,-1
525,395,754.21,670.84,91.22,97.83,1.0000,-1,-1,-1
525,411,722.34,593.12,73.52,74.41,1.0000,-1,-1,-1
525,412,841.94,700.90,108.08,107.72,1.0000,-1,-1,-1
525,416,311.29,491.59,95.60,118.88,1.0000,-1,-1,-1
525,418,451.94,562.78,71.19,82.33,1.0000,-1,-1,-1
525,423,856.11,567.89,96.69,95.70,1.0000,-1,-1,-1
525,424,723.26,515.44,217.69,217.07,1.0000,-1,-1,-1
525,426,594.88,582.89,83.40,95.54,1.0000,-1,-1,-1
525,430,900.26,683.10,112.08,121.65,1.0000,-1,-1,-1
525,431,544.89,599.59,95.25,115.04,1.0000,-1,-1,-1
525,432,688.33,660.65,108.64,116.62,1.0000,-1,-1,-1
525,433,658.99,612.36,83.67,91.92,1.0000,-1,-1,-1
525,444,435.26,542.39,80.68,111.40,1.0000,-1,-1,-1
525,446,647.36,615.83,86.57,90.04,1.0000,-1,-1,-1
525,453,763.31,635.48,91.90,104.74,1.0000,-1,-1,-1
525,454,543.15,551.65,56.45,80.96,1.0000,-1,-1,-1
525,455,596.34,580.39,81.86,90.52,1.0000,-1,-1,-1
525,456,466.57,561.25,56.20,79.06,1.0000,-1,-1,-1
525,457,1277.07,31.96,139.87,395.57,0.3668,-1,-1,-1
526,387,1047.38,2.01,336.66,539.51,0.8534,-1,-1,-1
526,389,996.50,632.23,89.77,97.14,1.0000,-1,-1,-1
526,392,855.27,621.69,89.24,105.65,0.5631,-1,-1,-1
526,395,746.90,670.67,90.97,97.57,1.0000,-1,-1,-1
526,411,716.70,591.16,72.49,73.37,1.0000,-1,-1,-1
526,412,829.32,699.62,107.98,107.62,1.0000,-1,-1,-1
526,416,298.57,489.30,95.94,119.31,1.0000,-1,-1,-1
526,418,438.46,561.09,70.80,81.88,1.0000,-1,-1,-1
526,423,854.48,565.32,96.88,95.88,1.0000,-1,-1,-1
526,424,713.26,509.54,221.58,220.96,1.0000,-1,-1,-1
526,426,590.70,582.77,83.93,96.14,1.0000,-1,-1,-1
526,430,891.66,681.02,112.92,122.56,1.0000,-1,-1,-1
526,431,541.44,601.72,95.83,115.75,1.0000,-1,-1,-1
526,432,676.85,659.96,109.24,117.27,1.0000,-1,-1,-1
526,433,650.95,610.97,83.75,92.01,1.0000,-1,-1,-1
526,444,426.75,540.22,80.94,111.75,1.0000,-1,-1,-1
526,446,642.70,613.18,86.03,89.47,1.0000,-1,-1,-1
526,453,761.51,631.70,93.00,105.99,1.0000,-1,-1,-1
526,454,538.42,550.01,55.59,79.72,1.0000,-1,-1,-1
526,455,595.12,579.71,82.61,91.35,1.0000,-1,-1,-1
526,456,463.18,563.13,53.08,74.67,1.0000,-1,-1,-1
526,457,1275.72,36.91,137.11,387.77,1.0000,-1,-1,-1
527,387,1045.59,2.30,339.04,536.55,0.8466,-1,-1,-1
527,389,991.88,630.63,89.85,97.23,1.0000,-1,-1,-1
527,392,858.95,617.06,90.69,107.18,0.4553,-1,-1,-1
527,395,739.60,670.51,90.72,97.30,1.0000,-1,-1,-1
527,411,711.05,589.21,71.46,72.33,1.0000,-1,-1,-1
527,412,816.70,698.34,107.87,107.51,1.0000,-1,-1,-1
527,416,285.84,487.01,96.28,119.73,1.0000,-1,-1,-1
527,418,424.97,559.41,70.41,81.43,1.0000,-1,-1,-1
527,423,852.86,562.75,97.07,96.07,1.0000,-1,-1,-1
527,424,703.26,503.64,225.48,224.84,1.0000,-1,-1,-1
527,426,586.51,582.66,84.46,96.75,1.0000,-1,-1,-1
527,430,883.06,678.95,113.75,123.46,1.0000,-1,-1,-1
527,431,537.99,603.85,96.42,116.46,1.0000,-1,-1,-1
527,432,665.37,659.28,109.85,117.92,1.0000,-1,-1,-1
527,433,642.90,609.58,83.83,92.10,1.0000,-1,-1,-1
527,444,418.24,538.05,81.19,112.10,1.0000,-1,-1,-1
527,446,638.04,610.54,85.48,88.91,1.0000,-1,-1,-1
527,453,759.70,627.91,94.10,107.25,1.0000,-1,-1,-1
527,454,533.69,548.37,54.73,78.49,1.0000,-1,-1,-1
527,455,593.91,579.03,83.36,92.18,1.0000,-1,-1,-1
527,456,459.80,565.01,49.96,70.28,1.0000,-1,-1,-1
527,457,1274.37,41.85,134.36,379.97,1.0000,-1,-1,-1
528,387,1035.57,2.05,344.85,536.62,0.8614,-1,-1,-1
528,389,987.26,629.04,89.94,97.33,1.0000,-1,-1,-1
528,392,854.84,614.48,90.62,107.09,1.0000,-1,-1,-1
528,395,732.30,670.34,90.47,97.03,1.0000,-1,-1,-1
528,411,705.41,587.25,70.43,71.29,1.0000,-1,-1,-1
528,412,804.09,697.05,107.77,107.41,1.0000,-1,-1,-1
528,416,273.12,484.72,96.62,120.16,1.0000,-1,-1,-1
528,418,411.48,557.72,70.02,80.98,1.0000,-1,-1,-1
528,423,851.23,560.17,97.26,96.26,1.0000,-1,-1,-1
528,424,693.27,497.74,229.37,228.73,1.0000,-1,-1,-1
528,426,582.33,582.54,84.98,97.35,1.0000,-1,-1,-1
528,430,874.46,676.87,114.59,124.37,1.0000,-1,-1,-1
528,431,534.54,605.98,97.01,117.17,1.0000,-1,-1,-1
528,432,653.90,658.60,110.46,118.57,1.0000,-1,-1,-1
528,433,634.86,608.19,83.92,92.19,1.0000,-1,-1,-1
528,444,409.73,535.87,81.44,112.45,1.0000,-1,-1,-1
528,446,633.39,607.89,84.94,88.34,1.0000,-1,-1,-1
528,453,757.90,624.13,95.20,108.50,1.0000,-1,-1,-1
528,454,528.97,546.73,53.87,77.26,1.0000,-1,-1,-1
528,455,592.70,578.35,84.11,93.01,1.0000,-1,-1,-1
528,456,456.41,566.88,46.83,65.89,1.0000,-1,-1,-1
528,457,1273.02,46.80,131.60,372.18,1.0000,-1,-1,-1
528,464,559.40,550.75,82.36,90.55,0.7388,-1,-1,-1
529,387,1026.40,2.27,350.10,536.69,0.8767,-1,-1,-1
529,389,982.63,627.44,90.03,97.42,1.0000,-1,-1,-1
529,392,867.05,620.17,87.08,101.55,0.7469,-1,-1,-1
529,395,789.59,645.69,92.21,98.30,0.6904,-1,-1,-1
529,411,729.75,591.94,70.18,70.62,0.3045,-1,-1,-1
529,412,791.47,695.77,107.67,107.31,1.0000,-1,-1,-1
529,418,397.99,556.04,69.62,80.52,1.0000,-1,-1,-1
529,423,849.60,557.60,97.45,96.44,1.0000,-1,-1,-1
529,424,683.27,491.84,233.26,232.61,1.0000,-1,-1,-1
529,426,578.15,582.42,85.51,97.95,1.0000,-1,-1,-1
529,430,865.87,674.80,115.42,125.27,1.0000,-1,-1,-1
529,431,531.08,608.12,97.60,117.89,1.0000,-1,-1,-1
529,432,642.42,657.92,111.06,119.22,1.0000,-1,-1,-1
529,433,626.82,606.79,84.00,92.29,1.0000,-1,-1,-1
529,444,401.22,533.70,81.69,112.80,1.0000,-1,-1,-1
529,446,628.73,605.25,84.39,87.77,1.0000,-1,-1,-1
529,453,756.10,620.34,96.30,109.75,1.0000,-1,-1,-1
529,454,524.24,545.09,53.01,76.03,1.0000,-1,-1,-1
529,455,591.48,577.67,84.85,93.84,1.0000,-1,-1,-1
529,456,453.02,568.76,43.71,61.50,1.0000,-1,-1,-1
529,457,1271.68,51.75,128.84,364.38,1.0000,-1,-1,-1
529,464,560.31,557.34,83.30,91.82,0.8498,-1,-1,-1
530,387,1024.67,2.40,355.12,537.20,0.9250,-1,-1,-1
530,389,978.01,625.85,90.12,97.52,1.0000,-1,-1,-1
530,392,866.37,618.19,86.24,98.72,0.5709,-1,-1,-1
530,395,784.55,639.67,97.19,104.78,0.5563,-1,-1,-1
530,411,727.12,590.65,69.18,69.61,1.0000,-1,-1,-1
530,412,778.85,694.49,107.57,107.21,1.0000,-1,-1,-1
530,418,384.50,554.35,69.23,80.07,1.0000,-1,-1,-1
530,423,847.98,555.02,97.63,96.63,1.0000,-1,-1,-1
530,426,573.96,582.30,86.04,98.56,1.0000,-1,-1,-1
530,430,857.27,672.72,116.26,126.18,1.0000,-1,-1,-1
530,431,527.63,610.25,98.19,118.60,1.0000,-1,-1,-1
530,432,630.94,657.23,111.67,119.87,1.0000,-1,-1,-1
530,433,618.77,605.40,84.09,92.38,1.0000,-1,-1,-1
530,444,392.71,531.52,81.94,113.14,1.0000,-1,-1,-1
530,446,624.07,602.60,83.85,87.21,1.0000,-1,-1,-1
530,453,754.30,616.56,97.40,111.01,1.0000,-1,-1,-1
530,454,519.51,543.45,52.15,74.80,1.0000,-1,-1,-1
530,455,590.27,576.99,85.60,94.67,1.0000,-1,-1,-1
530,456,449.64,570.64,40.59,57.11,1.0000,-1,-1,-1
530,457,1270.33,56.70,126.09,356.58,1.0000,-1,-1,-1
530,464,558.20,557.87,86.82,96.03,0.6411,-1,-1,-1
530,465,978.62,674.55,98.41,119.97,0.4571,-1,-1,-1
530,466,625.22,580.54,87.55,95.39,0.3422,-1,-1,-1
531,387,1024.20,2.42,359.39,539.03,0.9094,-1,-1,-1
531,389,973.39,624.25,90.20,97.61,1.0000,-1,-1,-1
531,392,862.62,618.05,88.78,100.73,0.7407,-1,-1,-1
531,395,783.52,638.58,96.15,103.40,0.5661,-1,-1,-1
531,411,724.50,589.35,68.18,68.61,1.0000,-1,-1,-1
531,412,766.23,693.21,107.46,107.11,1.0000,-1,-1,-1
531,418,371.02,552.66,68.84,79.62,1.0000,-1,-1,-1
531,423,846.35,552.45,97.82,96.82,1.0000,-1,-1,-1
531,426,569.78,582.18,86.56,99.16,1.0000,-1,-1,-1
531,430,848.67,670.65,117.09,127.09,1.0000,-1,-1,-1
531,431,524.18,612.38,98.78,119.31,1.0000,-1,-1,-1
531,432,619.46,656.55,112.28,120.53,1.0000,-1,-1,-1
531,433,610.73,604.01,84.17,92.47,1.0000,-1,-1,-1
531,444,384.19,529.35,82.20,113.49,1.0000,-1,-1,-1
531,446,619.42,599.96,83.30,86.64,1.0000,-1,-1,-1
531,453,752.50,612.78,98.49,112.26,1.0000,-1,-1,-1
531,454,514.78,541.81,51.30,73.57,1.0000,-1,-1,-1
531,455,589.05,576.31,86.35,95.50,1.0000,-1,-1,-1
531,456,446.25,572.52,37.47,52.72,1.0000,-1,-1,-1
531,457,1268.98,61.65,123.33,348.79,1.0000,-1,-1,-1
531,464,558.82,561.76,87.96,97.32,0.7576,-1,-1,-1
531,465,985.57,674.07,97.22,118.36,0.6198,-1,-1,-1
531,466,626.54,580.47,87.88,95.97,0.4785,-1,-1,-1
532,387,1026.44,2.64,361.77,540.45,0.8945,-1,-1,-1
532,389,968.77,622.66,90.29,97.71,1.0000,-1,-1,-1
532,392,860.41,621.94,88.25,99.37,0.4564,-1,-1,-1
532,395,780.96,640.59,97.95,104.67,0.3554,-1,-1,-1
532,411,721.87,588.06,67.18,67.60,1.0000,-1,-1,-1
532,412,753.61,691.92,107.36,107.00,1.0000,-1,-1,-1
532,418,357.53,550.98,68.45,79.17,1.0000,-1,-1,-1
532,423,844.73,549.87,98.01,97.00,1.0000,-1,-1,-1
532,426,565.59,582.06,87.09,99.76,1.0000,-1,-1,-1
532,430,840.07,668.57,117.93,127.99,1.0000,-1,-1,-1
532,431,520.73,614.51,99.37,120.02,1.0000,-1,-1,-1
532,432,607.98,655.87,112.88,121.18,1.0000,-1,-1,-1
532,433,602.69,602.62,84.25,92.56,1.0000,-1,-1,-1
532,444,375.68,527.18,82.45,113.84,1.0000,-1,-1,-1
532,446,614.76,597.31,82.76,86.07,1.0000,-1,-1,-1
532,453,750.69,608.99,99.59,113.51,1.0000,-1,-1,-1
532,454,510.05,540.17,50.44,72.33,1.0000,-1,-1,-1
532,455,587.84,575.63,87.10,96.33,1.0000,-1,-1,-1
532,456,442.86,574.40,34.35,48.33,1.0000,-1,-1,-1
532,457,1267.63,66.59,120.57,340.99,1.0000,-1,-1,-1
532,464,555.22,562.73,89.58,99.80,0.3224,-1,-1,-1
532,465,987.76,675.65,97.54,118.54,0.5166,-1,-1,-1
532,466,626.63,581.09,88.96,97.15,1.0000,-1,-1,-1
533,387,1028.86,2.63,362.45,541.55,0.8870,-1,-1,-1
533,389,964.15,621.06,90.38,97.80,1.0000,-1,-1,-1
533,392,858.27,621.05,87.66,98.72,1.0000,-1,-1,-1
533,395,777.29,639.27,98.29,105.03,1.0000,-1,-1,-1
533,411,719.24,586.77,66.19,66.60,1.0000,-1,-1,-1
533,412,740.99,690.64,107.26,106.90,1.0000,-1,-1,-1
533,418,344.04,549.29,68.06,78.71,1.0000,-1,-1,-1
533,423,843.10,547.30,98.20,97.19,1.0000,-1,-1,-1
533,426,561.41,581.95,87.61,100.36,1.0000,-1,-1,-1
533,430,831.47,666.50,118.76,128.90,1.0000,-1,-1,-1
533,431,517.28,616.64,99.96,120.73,1.0000,-1,-1,-1
533,432,596.50,655.19,113.49,121.83,1.0000,-1,-1,-1
533,433,594.64,601.23,84.34,92.65,1.0000,-1,-1,-1
533,444,367.17,525.00,82.70,114.19,1.0000,-1,-1,-1
533,446,610.10,594.67,82.21,85.51,1.0000,-1,-1,-1
533,453,748.89,605.21,100.69,114.77,1.0000,-1,-1,-1
533,454,505.32,538.53,49.58,71.10,1.0000,-1,-1,-1
533,455,586.62,574.95,87.85,97.16,1.0000,-1,-1,-1
533,456,439.48,576.27,31.23,43.94,1.0000,-1,-1,-1
533,457,1266.28,71.54,117.82,333.19,1.0000,-1,-1,-1
533,464,550.93,564.17,91.46,102.90,0.3066,-1,-1,-1
533,465,985.66,681.51,100.63,122.02,0.5449,-1,-1,-1
533,466,626.71,581.72,90.04,98.33,1.0000,-1,-1,-1
533,472,1056.86,646.38,104.37,100.86,0.4674,-1,-1,-1
534,387,1032.27,2.79,361.18,542.45,0.8722,-1,-1,-1
534,389,959.53,619.47,90.47,97.90,1.0000,-1,-1,-1
534,392,856.13,620.15,87.08,98.06,1.0000,-1,-1,-1
534,395,773.61,637.96,98.64,105.40,1.0000,-1,-1,-1
534,411,716.62,585.47,65.19,65.59,1.0000,-1,-1,-1
534,412,728.37,689.36,107.16,106.80,1.0000,-1,-1,-1
534,418,330.55,547.61,67.67,78.26,1.0000,-1,-1,-1
534,426,557.22,581.83,88.14,100.97,1.0000,-1,-1,-1
534,430,822.88,664.42,119.60,129.80,1.0000,-1,-1,-1
534,432,585.02,654.50,114.10,122.48,1.0000,-1,-1,-1
534,433,586.60,599.84,84.42,92.74,1.0000,-1,-1,-1
534,444,358.66,522.83,82.95,114.53,1.0000,-1,-1,-1
534,446,605.44,592.03,81.67,84.94,1.0000,-1,-1,-1
534,453,747.09,601.43,101.79,116.02,1.0000,-1,-1,-1
534,454,500.59,536.89,48.72,69.87,1.0000,-1,-1,-1
534,455,585.41,574.27,88.60,97.98,1.0000,-1,-1,-1
534,456,436.09,578.15,28.11,39.55,1.0000,-1,-1,-1
534,457,1264.94,76.49,115.06,325.40,1.0000,-1,-1,-1
534,464,598.17,583.51,86.54,96.97,0.5272,-1,-1,-1
534,465,984.34,684.09,100.54,121.95,0.4064,-1,-1,-1
534,466,626.80,582.34,91.12,99.51,1.0000,-1,-1,-1
534,472,1059.10,652.62,102.49,98.97,0.3748,-1,-1,-1
535,387,1032.90,2.66,359.41,546.02,0.8452,-1,-1,-1
535,389,954.91,617.87,90.55,97.99,1.0000,-1,-1,-1
535,392,857.80,622.38,97.23,110.25,0.3853,-1,-1,-1
535,395,770.92,650.10,97.00,103.03,0.7431,-1,-1,-1
535,411,713.99,584.18,64.19,64.59,1.0000,-1,-1,-1
535,412,715.75,688.08,107.06,106.70,1.0000,-1,-1,-1
535,418,317.06,545.92,67.28,77.81,1.0000,-1,-1,-1
535,426,553.04,581.71,88.67,101.57,1.0000,-1,-1,-1
535,430,814.28,662.35,120.43,130.71,1.0000,-1,-1,-1
535,432,573.55,653.82,114.70,123.13,1.0000,-1,-1,-1
535,433,578.55,598.45,84.50,92.84,1.0000,-1,-1,-1
535,444,350.15,520.65,83.20,114.88,1.0000,-1,-1,-1
535,446,600.79,589.38,81.12,84.37,1.0000,-1,-1,-1
535,453,745.29,597.64,102.89,117.27,1.0000,-1,-1,-1
535,454,495.86,535.25,47.86,68.64,1.0000,-1,-1,-1
535,455,584.20,573.59,89.35,98.81,1.0000,-1,-1,-1
535,456,432.70,580.03,24.99,35.16,1.0000,-1,-1,-1
535,457,1263.59,81.44,112.30,317.60,1.0000,-1,-1,-1
535,464,563.92,573.83,88.95,100.82,0.3100,-1,-1,-1
535,465,986.32,686.00,99.91,121.65,0.5865,-1,-1,-1
535,466,620.62,592.36,86.25,94.30,0.7770,-1,-1,-1
535,472,1063.23,657.54,100.03,96.54,0.4714,-1,-1,-1
536,387,1038.78,3.34,357.19,548.52,0.8686,-1,-1,-1
536,389,950.28,616.28,90.64,98.09,1.0000,-1,-1,-1
536,392,861.45,625.56,94.35,105.38,0.3963,-1,-1,-1
536,395,767.38,650.16,97.08,103.11,1.0000,-1,-1,-1
536,411,711.36,582.89,63.19,63.59,1.0000,-1,-1,-1
536,412,703.13,686.80,106.95,106.60,1.0000,-1,-1,-1
536,418,303.58,544.23,66.89,77.36,1.0000,-1,-1,-1
536,426,548.86,581.59,89.19,102.17,1.0000,-1,-1,-1
536,430,805.68,660.27,121.26,131.62,1.0000,-1,-1,-1
536,432,562.07,653.14,115.31,123.78,1.0000,-1,-1,-1
536,433,570.51,597.05,84.59,92.93,1.0000,-1,-1,-1
536,444,341.64,518.48,83.46,115.23,1.0000,-1,-1,-1
536,446,596.13,586.74,80.58,83.81,1.0000,-1,-1,-1
536,453,743.49,593.86,103.99,118.52,1.0000,-1,-1,-1
536,454,491.13,533.61,47.00,67.41,1.0000,-1,-1,-1
536,455,582.98,572.91,90.10,99.64,1.0000,-1,-1,-1
536,456,429.32,581.91,21.87,30.77,1.0000,-1,-1,-1
536,457,1262.24,86.38,109.55,309.81,1.0000,-1,-1,-1
536,464,564.21,576.47,89.82,101.81,1.0000,-1,-1,-1
536,465,990.09,686.98,99.24,120.87,0.3515,-1,-1,-1
536,466,619.74,594.42,86.43,94.49,1.0000,-1,-1,-1
536,472,1068.40,662.31,97.81,94.10,0.3728,-1,-1,-1
537,387,1041.94,3.54,356.18,552.72,0.7787,-1,-1,-1
537,389,945.66,614.68,90.73,98.18,1.0000,-1,-1,-1
537,392,860.29,625.37,94.49,105.53,1.0000,-1,-1,-1
537,395,763.84,650.22,97.16,103.20,1.0000,-1,-1,-1
537,411,708.74,581.59,62.19,62.58,1.0000,-1,-1,-1
537,412,690.51,685.51,106.85,106.50,1.0000,-1,-1,-1
537,418,290.09,542.55,66.50,76.90,1.0000,-1,-1,-1
537,426,544.67,581.47,89.72,102.78,1.0000,-1,-1,-1
537,430,797.08,658.19,122.10,132.52,1.0000,-1,-1,-1
537,432,550.59,652.45,115.92,124.43,1.0000,-1,-1,-1
537,433,562.47,595.66,84.67,93.02,1.0000,-1,-1,-1
537,444,333.12,516.31,83.71,115.58,1.0000,-1,-1,-1
537,446,591.47,584.09,80.04,83.24,1.0000,-1,-1,-1
537,453,741.68,590.08,105.09,119.78,1.0000,-1,-1,-1
537,454,486.41,531.97,46.14,66.18,1.0000,-1,-1,-1
537,455,581.77,572.23,90.85,100.47,1.0000,-1,-1,-1
537,456,425.93,583.79,18.75,26.38,1.0000,-1,-1,-1
537,457,1260.89,91.33,106.79,302.01,1.0000,-1,-1,-1
537,464,564.49,579.11,90.70,102.80,1.0000,-1,-1,-1
537,465,992.22,688.67,98.98,120.54,1.0000,-1,-1,-1
537,466,618.85,596.49,86.61,94.69,1.0000,-1,-1,-1
537,472,1071.18,666.11,96.72,93.04,1.0000,-1,-1,-1
538,387,1045.53,3.79,356.46,555.06,0.7617,-1,-1,-1
538,389,941.04,613.09,90.82,98.28,1.0000,-1,-1,-1
538,392,859.12,625.18,94.63,105.69,1.0000,-1,-1,-1
538,395,760.29,650.28,97.24,103.29,1.0000,-1,-1,-1
538,411,706.11,580.30,61.19,61.58,1.0000,-1,-1,-1
538,412,677.89,684.23,106.75,106.39,1.0000,-1,-1,-1
538,426,540.49,581.35,90.24,103.38,1.0000,-1,-1,-1
538,430,788.48,656.12,122.93,133.43,1.0000,-1,-1,-1
538,432,539.11,651.77,116.52,125.08,1.0000,-1,-1,-1
538,433,554.42,594.27,84.75,93.11,1.0000,-1,-1,-1
538,444,324.61,514.13,83.96,115.93,1.0000,-1,-1,-1
538,446,586.81,581.45,79.49,82.68,1.0000,-1,-1,-1
538,453,739.88,586.29,106.19,121.03,1.0000,-1,-1,-1
538,454,481.68,530.33,45.28,64.94,1.0000,-1,-1,-1
538,455,580.55,571.55,91.60,101.30,1.0000,-1,-1,-1
538,456,422.54,585.66,15.63,21.99,1.0000,-1,-1,-1
538,457,1259.54,96.28,104.03,294.21,1.0000,-1,-1,-1
538,464,564.77,581.76,91.57,103.80,1.0000,-1,-1,-1
538,465,994.74,685.84,99.06,119.12,0.3641,-1,-1,-1
538,466,617.96,598.56,86.79,94.89,1.0000,-1,-1,-1
538,472,1075.60,669.53,98.02,93.73,0.5134,-1,-1,-1
539,387,1066.09,3.32,351.38,557.27,0.8753,-1,-1,-1
539,389,936.42,611.50,90.90,98.37,1.0000,-1,-1,-1
539,392,866.55,632.90,90.71,99.78,0.3547,-1,-1,-1
539,395,756.75,650.34,97.33,103.38,1.0000,-1,-1,-1
539,411,703.48,579.01,60.19,60.57,1.0000,-1,-1,-1
539,412,665.27,682.95,106.65,106.29,1.0000,-1,-1,-1
539,426,536.30,581.24,90.77,103.98,1.0000,-1,-1,-1
539,430,779.89,654.04,123.77,134.34,1.0000,-1,-1,-1
539,432,527.63,651.09,117.13,125.73,1.0000,-1,-1,-1
539,433,546.38,592.88,84.84,93.20,1.0000,-1,-1,-1
539,444,316.10,511.96,84.21,116.27,1.0000,-1,-1,-1
539,446,582.16,578.80,78.95,82.11,1.0000,-1,-1,-1
539,453,738.08,582.51,107.29,122.28,1.0000,-1,-1,-1
539,454,476.95,528.69,44.43,63.71,1.0000,-1,-1,-1
539,455,579.34,570.87,92.35,102.13,1.0000,-1,-1,-1
539,456,419.16,587.54,12.51,17.60,1.0000,-1,-1,-1
539,457,1258.20,101.23,101.28,286.42,1.0000,-1,-1,-1
539,464,565.05,584.40,92.45,104.79,1.0000,-1,-1,-1
539,465,999.49,691.54,95.20,112.43,0.7472,-1,-1,-1
539,466,617.08,600.63,86.97,95.08,1.0000,-1,-1,-1
539,472,1083.68,671.47,100.29,95.65,0.8114,-1,-1,-1
540,387,1073.09,3.27,345.50,559.33,0.8802,-1,-1,-1
540,389,931.80,609.90,90.99,98.47,1.0000,-1,-1,-1
540,392,869.32,631.06,94.00,103.18,0.3094,-1,-1,-1
540,395,753.20,650.40,97.41,103.46,1.0000,-1,-1,-1
540,411,700.85,577.71,59.20,59.57,1.0000,-1,-1,-1
540,412,652.65,681.67,106.54,106.19,1.0000,-1,-1,-1
540,426,532.12,581.12,91.30,104.58,1.0000,-1,-1,-1
540,430,771.29,651.97,124.60,135.24,1.0000,-1,-1,-1
540,432,516.15,650.41,117.74,126.39,1.0000,-1,-1,-1
540,433,538.34,591.49,84.92,93.29,1.0000,-1,-1,-1
540,444,307.59,509.78,84.46,116.62,1.0000,-1,-1,-1
540,446,577.50,576.16,78.40,81.54,1.0000,-1,-1,-1
540,453,736.28,578.73,108.39,123.54,1.0000,-1,-1,-1
540,454,472.22,527.06,43.57,62.48,1.0000,-1,-1,-1
540,455,578.12,570.19,93.10,102.96,1.0000,-1,-1,-1
540,456,415.77,589.42,9.39,13.21,1.0000,-1,-1,-1
540,457,1256.85,106.18,98.52,278.62,1.0000,-1,-1,-1
540,464,565.34,587.04,93.32,105.78,1.0000,-1,-1,-1
540,465,999.81,690.76,95.17,111.04,0.3287,-1,-1,-1
540,466,616.19,602.70,87.15,95.28,1.0000,-1,-1,-1
540,472,1090.61,670.21,102.21,97.56,0.4646,-1,-1,-1
541,387,1061.65,3.45,340.21,557.53,0.8149,-1,-1,-1
541,389,927.18,608.31,91.08,98.56,1.0000,-1,-1,-1
541,392,869.39,631.37,93.99,103.17,1.0000,-1,-1,-1
541,395,749.66,650.46,97.49,103.55,1.0000,-1,-1,-1
541,411,698.23,576.42,58.20,58.56,1.0000,-1,-1,-1
541,412,640.03,680.38,106.44,106.09,1.0000,-1,-1,-1
541,426,527.93,581.00,91.82,105.19,1.0000,-1,-1,-1
541,430,762.69,649.89,125.44,136.15,1.0000,-1,-1,-1
541,432,504.68,649.72,118.34,127.04,1.0000,-1,-1,-1
541,433,530.29,590.10,85.00,93.39,1.0000,-1,-1,-1
541,444,299.08,507.61,84.72,116.97,1.0000,-1,-1,-1
541,446,572.84,573.51,77.86,80.98,1.0000,-1,-1,-1
541,453,734.47,574.94,109.49,124.79,1.0000,-1,-1,-1
541,454,467.49,525.42,42.71,61.25,1.0000,-1,-1,-1
541,455,576.91,569.50,93.85,103.79,1.0000,-1,-1,-1
541,456,412.38,591.30,6.27,8.82,1.0000,-1,-1,-1
541,457,1255.50,111.12,95.76,270.82,1.0000,-1,-1,-1
541,464,565.62,589.68,94.20,106.77,1.0000,-1,-1,-1
541,465,1000.01,689.59,97.51,112.80,0.4335,-1,-1,-1
541,466,615.31,604.77,87.33,95.47,1.0000,-1,-1,-1
541,472,1096.43,669.69,103.63,98.80,0.3331,-1,-1,-1
542,387,1047.77,3.90,339.81,558.28,0.7227,-1,-1,-1
542,389,922.55,606.71,91.17,98.66,1.0000,-1,-1,-1
542,392,869.46,631.68,93.98,103.16,1.0000,-1,-1,-1
542,395,776.72,652.73,100.28,107.72,0.6087,-1,-1,-1
542,411,695.60,575.13,57.20,57.56,1.0000,-1,-1,-1
542,412,627.41,679.10,106.34,105.99,1.0000,-1,-1,-1
542,426,523.75,580.88,92.35,105.79,1.0000,-1,-1,-1
542,430,754.09,647.82,126.27,137.05,1.0000,-1,-1,-1
542,432,493.20,649.04,118.95,127.69,1.0000,-1,-1,-1
542,433,522.25,588.70,85.09,93.48,1.0000,-1,-1,-1
542,444,290.57,505.44,84.97,117.32,1.0000,-1,-1,-1
542,446,568.19,570.87,77.31,80.41,1.0000,-1,-1,-1
542,453,732.67,571.16,110.59,126.04,1.0000,-1,-1,-1
542,454,462.76,523.78,41.85,60.02,1.0000,-1,-1,-1
542,455,575.70,568.82,94.60,104.62,1.0000,-1,-1,-1
542,456,409.00,593.18,3.15,4.43,1.0000,-1,-1,-1
542,457,1254.15,116.07,93.01,263.03,1.0000,-1,-1,-1
542,464,565.90,592.33,95.07,107.76,1.0000,-1,-1,-1
542,465,1001.10,688.81,99.16,114.01,0.3481,-1,-1,-1
542,466,614.42,606.84,87.51,95.67,1.0000,-1,-1,-1
542,472,1101.00,672.01,103.81,98.97,1.0000,-1,-1,-1
543,387,1032.35,4.73,342.35,560.08,0.8488,-1,-1,-1
543,389,917.93,605.12,91.25,98.75,1.0000,-1,-1,-1
543,392,869.53,631.99,93.96,103.14,1.0000,-1,-1,-1
543,395,775.64,652.97,100.67,108.14,1.0000,-1,-1,-1
543,411,692.97,573.83,56.20,56.55,1.0000,-1,-1,-1
543,412,614.79,677.82,106.24,105.88,1.0000,-1,-1,-1
543,426,519.57,580.76,92.88,106.39,1.0000,-1,-1,-1
543,430,745.50,645.74,127.11,137.96,1.0000,-1,-1,-1
543,432,481.72,648.36,119.56,128.34,1.0000,-1,-1,-1
543,433,514.21,587.31,85.17,93.57,1.0000,-1,-1,-1
543,444,282.06,503.26,85.22,117.67,1.0000,-1,-1,-1
543,446,563.53,568.22,76.77,79.84,1.0000,-1,-1,-1
543,453,730.87,567.37,111.69,127.30,1.0000,-1,-1,-1
543,454,458.03,522.14,40.99,58.79,1.0000,-1,-1,-1
543,455,574.48,568.14,95.35,105.45,1.0000,-1,-1,-1
543,456,405.61,595.05,0.03,0.04,1.0000,-1,-1,-1
543,457,1252.80,121.02,90.25,255.23,1.0000,-1,-1,-1
543,464,566.19,594.97,95.95,108.76,1.0000,-1,-1,-1
543,465,1003.22,689.60,98.63,113.40,1.0000,-1,-1,-1
543,466,613.53,608.91,87.69,95.87,1.0000,-1,-1,-1
543,472,1105.57,674.33,103.99,99.14,1.0000,-1,-1,-1
544,387,1019.40,4.85,345.98,562.98,0.9491,-1,-1,-1
544,389,913.31,603.52,91.34,98.85,1.0000,-1,-1,-1
544,392,869.60,632.30,93.95,103.13,1.0000,-1,-1,-1
544,395,774.56,653.22,101.07,108.56,1.0000,-1,-1,-1
544,411,690.35,572.54,55.20,55.55,1.0000,-1,-1,-1
544,412,602.17,676.54,106.14,105.78,1.0000,-1,-1,-1
544,426,515.38,580.64,93.40,107.00,1.0000,-1,-1,-1
544,430,736.90,643.67,127.94,138.87,1.0000,-1,-1,-1
544,432,470.24,647.68,120.16,128.99,1.0000,-1,-1,-1
544,433,506.16,585.92,85.25,93.66,1.0000,-1,-1,-1
544,444,273.54,501.09,85.47,118.01,1.0000,-1,-1,-1
544,446,558.87,565.58,76.22,79.28,1.0000,-1,-1,-1
544,453,729.07,563.59,112.79,128.55,1.0000,-1,-1,-1
544,454,453.30,520.50,40.13,57.55,1.0000,-1,-1,-1
544,455,573.27,567.46,96.10,106.28,1.0000,-1,-1,-1
544,456,402.22,596.93,-3.09,-4.35,1.0000,-1,-1,-1
544,457,1251.46,125.97,87.49,247.43,1.0000,-1,-1,-1
544,464,566.47,597.61,96.82,109.75,1.0000,-1,-1,-1
544,465,1005.34,690.39,98.09,112.79,1.0000,-1,-1,-1
544,466,612.65,610.98,87.87,96.06,1.0000,-1,-1,-1
544,472,1110.14,676.65,104.16,99.31,1.0000,-1,-1,-1
545,387,1012.08,3.44,350.34,567.34,0.9421,-1,-1,-1
545,389,908.69,601.93,91.43,98.94,1.0000,-1,-1,-1
545,392,869.67,632.61,93.94,103.12,1.0000,-1,-1,-1
545,395,773.48,653.46,101.46,108.99,1.0000,-1,-1,-1
545,411,687.72,571.25,54.20,54.54,1.0000,-1,-1,-1
545,412,589.55,675.25,106.03,105.68,1.0000,-1,-1,-1
545,426,511.20,580.53,93.93,107.60,1.0000,-1,-1,-1
545,430,728.30,641.59,128.78,139.77,1.0000,-1,-1,-1
545,432,458.76,646.99,120.77,129.64,1.0000,-1,-1,-1
545,433,498.12,584.53,85.34,93.75,1.0000,-1,-1,-1
545,444,265.03,498.91,85.72,118.36,1.0000,-1,-1,-1
545,446,554.21,562.93,75.68,78.71,1.0000,-1,-1,-1
545,453,727.27,559.81,113.89,129.80,1.0000,-1,-1,-1
545,454,448.58,518.86,39.27,56.32,1.0000,-1,-1,-1
545,455,572.05,566.78,96.85,107.11,1.0000,-1,-1,-1
545,456,398.83,598.81,-6.21,-8.74,1.0000,-1,-1,-1
545,457,1250.11,130.92,84.74,239.64,1.0000,-1,-1,-1
545,464,566.75,600.25,97.70,110.74,1.0000,-1,-1,-1
545,465,1007.46,691.18,97.56,112.17,1.0000,-1,-1,-1
545,466,611.76,613.05,88.05,96.26,1.0000,-1,-1,-1
545,472,1114.71,678.97,104.34,99.48,1.0000,-1,-1,-1
546,387,1006.68,2.46,355.38,573.04,0.9478,-1,-1,-1
546,389,904.07,600.33,91.52,99.04,1.0000,-1,-1,-1
546,392,869.74,632.92,93.93,103.11,1.0000,-1,-1,-1
546,395,772.39,653.70,101.85,109.41,1.0000,-1,-1,-1
546,411,685.09,569.95,53.20,53.54,1.0000,-1,-1,-1
546,412,576.93,673.97,105.93,105.58,1.0000,-1,-1,-1
546,426,507.01,580.41,94.45,108.20,1.0000,-1,-1,-1
546,430,719.70,639.52,129.61,140.68,1.0000,-1,-1,-1
546,432,447.28,646.31,121.38,130.29,1.0000,-1,-1,-1
546,433,490.07,583.14,85.42,93.85,1.0000,-1,-1,-1
546,444,256.52,496.74,85.98,118.71,1.0000,-1,-1,-1
546,446,549.56,560.29,75.13,78.14,1.0000,-1,-1,-1
546,453,725.46,556.02,114.99,131.06,1.0000,-1,-1,-1
546,454,443.85,517.22,38.41,55.09,1.0000,-1,-1,-1
546,455,570.84,566.10,97.60,107.93,1.0000,-1,-1,-1
546,456,395.45,600.69,-9.33,-13.13,1.0000,-1,-1,-1
546,457,1248.76,135.86,81.98,231.84,1.0000,-1,-1,-1
546,464,567.04,602.90,98.57,111.73,1.0000,-1,-1,-1
546,465,1009.58,691.97,97.03,111.56,1.0000,-1,-1,-1
546,466,610.87,615.12,88.23,96.45,1.0000,-1,-1,-1
546,472,1119.27,681.29,104.52,99.65,1.0000,-1,-1,-1
547,387,1007.78,1.95,361.18,580.06,0.9426,-1,-1,-1
547,389,899.45,598.74,91.60,99.13,1.0000,-1,-1,-1
547,392,869.81,633.23,93.92,103.09,1.0000,-1,-1,-1
547,395,771.31,653.94,102.24,109.83,1.0000,-1,-1,-1
547,411,682.47,568.66,52.21,52.53,1.0000,-1,-1,-1
547,412,564.31,672.69,105.83,105.48,1.0000,-1,-1,-1
547,426,502.83,580.29,94.98,108.80,1.0000,-1,-1,-1
547,430,711.10,637.44,130.45,141.58,1.0000,-1,-1,-1
547,432,435.80,645.63,121.98,130.94,1.0000,-1,-1,-1
547,433,482.03,581.75,85.50,93.94,1.0000,-1,-1,-1
547,444,248.01,494.57,86.23,119.06,1.0000,-1,-1,-1
547,446,544.90,557.64,74.59,77.58,1.0000,-1,-1,-1
547,453,723.66,552.24,116.09,132.31,1.0000,-1,-1,-1
547,454,439.12,515.58,37.55,53.86,1.0000,-1,-1,-1
547,455,569.62,565.42,98.35,108.76,1.0000,-1,-1,-1
547,456,392.06,602.57,-12.45,-17.52,1.0000,-1,-1,-1
547,457,1247.41,140.81,79.22,224.04,1.0000,-1,-1,-1
547,464,567.32,605.54,99.45,112.72,1.0000,-1,-1,-1
547,465,1011.70,692.76,96.49,110.94,1.0000,-1,-1,-1
547,466,609.99,617.19,88.41,96.65,1.0000,-1,-1,-1
547,472,1123.84,683.62,104.70,99.82,1.0000,-1,-1,-1
548,387,1011.18,2.50,367.21,587.73,0.9465,-1,-1,-1
548,389,894.83,597.14,91.69,99.23,1.0000,-1,-1,-1
548,392,869.88,633.54,93.91,103.08,1.0000,-1,-1,-1
548,395,770.23,654.18,102.64,110.25,1.0000,-1,-1,-1
548,411,679.84,567.37,51.21,51.53,1.0000,-1,-1,-1
548,412,551.69,671.41,105.73,105.37,1.0000,-1,-1,-1
548,426,498.64,580.17,95.51,109.41,1.0000,-1,-1,-1
548,430,702.51,635.36,131.28,142.49,1.0000,-1,-1,-1
548,433,473.99,580.36,85.59,94.03,1.0000,-1,-1,-1
548,446,540.24,555.00,74.04,77.01,1.0000,-1,-1,-1
548,453,721.86,548.46,117.19,133.56,1.0000,-1,-1,-1
548,454,434.39,513.94,36.70,52.63,1.0000,-1,-1,-1
548,455,568.41,564.74,99.10,109.59,1.0000,-1,-1,-1
548,456,388.67,604.45,-15.57,-21.91,1.0000,-1,-1,-1
548,457,1246.06,145.76,76.47,216.25,1.0000,-1,-1,-1
548,464,567.60,608.18,100.32,113.72,1.0000,-1,-1,-1
548,465,1013.82,693.55,95.96,110.33,1.0000,-1,-1,-1
548,466,609.10,619.26,88.59,96.85,1.0000,-1,-1,-1
548,472,1151.23,700.29,108.59,104.24,0.4338,-1,-1,-1
549,387,1018.58,5.94,372.53,594.44,0.9441,-1,-1,-1
549,389,890.20,595.55,91.78,99.32,1.0000,-1,-1,-1
549,392,869.95,633.85,93.90,103.07,1.0000,-1,-1,-1
549,395,769.15,654.42,103.03,110.67,1.0000,-1,-1,-1
549,411,677.21,566.07,50.21,50.52,1.0000,-1,-1,-1
549,426,494.46,580.05,96.03,110.01,1.0000,-1,-1,-1
549,430,693.91,633.29,132.11,143.40,1.0000,-1,-1,-1
549,433,465.94,578.96,85.67,94.12,1.0000,-1,-1,-1
549,446,535.58,552.35,73.50,76.44,1.0000,-1,-1,-1
549,453,720.06,544.67,118.29,134.81,1.0000,-1,-1,-1
549,454,429.66,512.30,35.84,51.40,1.0000,-1,-1,-1
549,455,567.20,564.06,99.85,110.42,1.0000,-1,-1,-1
549,456,385.29,606.32,-18.69,-26.30,1.0000,-1,-1,-1
549,457,1244.72,150.71,73.71,208.45,1.0000,-1,-1,-1
549,464,567.88,610.82,101.20,114.71,1.0000,-1,-1,-1
549,465,1015.94,694.34,95.42,109.72,1.0000,-1,-1,-1
549,466,608.21,621.33,88.76,97.04,1.0000,-1,-1,-1
549,472,1157.55,709.75,106.61,102.69,0.5772,-1,-1,-1
550,387,1026.92,7.47,375.59,598.67,0.9144,-1,-1,-1
550,389,885.58,593.95,91.86,99.42,1.0000,-1,-1,-1
550,392,870.02,634.16,93.88,103.05,1.0000,-1,-1,-1
550,395,768.07,654.66,103.42,111.10,1.0000,-1,-1,-1
550,411,674.58,564.78,49.21,49.52,1.0000,-1,-1,-1
550,426,490.28,579.93,96.56,110.61,1.0000,-1,-1,-1
550,430,685.31,631.21,132.95,144.30,1.0000,-1,-1,-1
550,433,457.90,577.57,85.75,94.21,1.0000,-1,-1,-1
550,446,530.93,549.71,72.96,75.88,1.0000,-1,-1,-1
550,453,718.25,540.89,119.38,136.07,1.0000,-1,-1,-1
550,454,424.93,510.66,34.98,50.16,1.0000,-1,-1,-1
550,455,565.98,563.38,100.60,111.25,1.0000,-1,-1,-1
550,456,381.90,608.20,-21.81,-30.69,1.0000,-1,-1,-1
550,457,1243.37,155.65,70.95,200.66,1.0000,-1,-1,-1
550,464,568.17,613.47,102.07,115.70,1.0000,-1,-1,-1
550,465,1018.06,695.13,94.89,109.10,1.0000,-1,-1,-1
550,466,607.33,623.40,88.94,97.24,1.0000,-1,-1,-1
550,472,1164.00,713.86,106.95,103.02,1.0000,-1,-1,-1
551,387,1033.76,6.47,377.54,602.03,0.9279,-1,-1,-1
551,389,880.96,592.36,91.95,99.51,1.0000,-1,-1,-1
551,392,870.09,634.47,93.87,103.04,1.0000,-1,-1,-1
551,395,766.99,654.91,103.82,111.52,1.0000,-1,-1,-1
551,411,671.96,563.49,48.21,48.51,1.0000,-1,-1,-1
551,426,486.09,579.82,97.09,111.22,1.0000,-1,-1,-1
551,430,676.71,629.14,133.78,145.21,1.0000,-1,-1,-1
551,433,449.86,576.18,85.84,94.30,1.0000,-1,-1,-1
551,453,716.45,537.11,120.48,137.32,1.0000,-1,-1,-1
551,454,420.20,509.02,34.12,48.93,1.0000,-1,-1,-1
551,455,564.77,562.70,101.35,112.08,1.0000,-1,-1,-1
551,456,378.51,610.08,-24.94,-35.08,1.0000,-1,-1,-1
551,457,1242.02,160.60,68.19,192.86,1.0000,-1,-1,-1
551,464,568.45,616.11,102.95,116.69,1.0000,-1,-1,-1
551,465,1020.18,695.91,94.35,108.49,1.0000,-1,-1,-1
551,466,606.44,625.47,89.12,97.44,1.0000,-1,-1,-1
551,472,1170.44,717.97,107.30,103.35,1.0000,-1,-1,-1
552,387,1039.36,5.95,378.02,606.19,0.8968,-1,-1,-1
552,389,876.34,590.76,92.04,99.61,1.0000,-1,-1,-1
552,392,870.16,634.78,93.86,103.03,1.0000,-1,-1,-1
552,395,765.91,655.15,104.21,111.94,1.0000,-1,-1,-1
552,411,721.53,620.61,87.66,89.59,0.3341,-1,-1,-1
552,426,481.91,579.70,97.61,111.82,1.0000,-1,-1,-1
552,430,668.11,627.06,134.62,146.11,1.0000,-1,-1,-1
552,433,441.81,574.79,85.92,94.40,1.0000,-1,-1,-1
552,453,714.65,533.32,121.58,138.57,1.0000,-1,-1,-1
552,454,415.47,507.38,33.26,47.70,1.0000,-1,-1,-1
552,455,563.55,562.02,102.10,112.91,1.0000,-1,-1,-1
552,456,375.13,611.96,-28.06,-39.47,1.0000,-1,-1,-1
552,457,1240.67,165.55,65.44,185.06,1.0000,-1,-1,-1
552,464,568.73,618.75,103.82,117.69,1.0000,-1,-1,-1
552,465,1022.31,696.70,93.82,107.87,1.0000,-1,-1,-1
552,466,605.55,627.54,89.30,97.63,1.0000,-1,-1,-1
552,472,1176.88,722.07,107.64,103.69,1.0000,-1,-1,-1
553,387,1043.24,7.47,371.33,600.70,0.7771,-1,-1,-1
553,389,871.72,589.17,92.13,99.70,1.0000,-1,-1,-1
553,392,886.72,682.14,91.37,98.88,0.5044,-1,-1,-1
553,395,764.83,655.39,104.60,112.36,1.0000,-1,-1,-1
553,411,721.20,621.90,88.50,90.46,1.0000,-1,-1,-1
553,426,477.72,579.58,98.14,112.42,1.0000,-1,-1,-1
553,430,659.52,624.99,135.45,147.02,1.0000,-1,-1,-1
553,433,433.77,573.40,86.00,94.49,1.0000,-1,-1,-1
553,453,712.85,529.54,122.68,139.83,1.0000,-1,-1,-1
553,454,410.74,505.74,32.40,46.47,1.0000,-1,-1,-1
553,456,371.74,613.84,-31.18,-43.86,1.0000,-1,-1,-1
553,457,1239.32,170.50,62.68,177.27,1.0000,-1,-1,-1
553,464,569.02,621.39,104.70,118.68,1.0000,-1,-1,-1
553,465,1024.43,697.49,93.29,107.26,1.0000,-1,-1,-1
553,466,604.67,629.61,89.48,97.83,1.0000,-1,-1,-1
553,472,1183.32,726.18,107.98,104.02,1.0000,-1,-1,-1
554,387,1045.76,7.97,361.43,593.35,0.6775,-1,-1,-1
554,389,867.10,587.57,92.21,99.80,1.0000,-1,-1,-1
554,392,893.09,682.89,91.92,100.30,0.4169,-1,-1,-1
554,395,763.75,655.63,104.99,112.78,1.0000,-1,-1,-1
554,411,720.86,623.20,89.35,91.32,1.0000,-1,-1,-1
554,457,1237.98,175.45,59.92,169.47,1.0000,-1,-1,-1
554,464,569.30,624.04,105.57,119.67,1.0000,-1,-1,-1
554,465,992.24,740.03,102.27,117.64,0.3967,-1,-1,-1
554,466,603.78,631.68,89.66,98.02,1.0000,-1,-1,-1
554,472,1201.70,740.85,107.43,103.67,0.4953,-1,-1,-1
555,387,1050.84,7.99,351.39,590.48,0.4961,-1,-1,-1
555,392,894.72,685.93,91.82,100.19,1.0000,-1,-1,-1
555,395,762.67,655.87,105.39,113.21,1.0000,-1,-1,-1
555,411,720.53,624.50,90.19,92.18,1.0000,-1,-1,-1
555,457,1236.63,180.39,57.17,161.67,1.0000,-1,-1,-1
555,464,569.58,626.68,106.45,120.66,1.0000,-1,-1,-1
555,465,992.07,743.62,102.38,117.76,1.0000,-1,-1,-1
555,466,602.89,633.75,89.84,98.22,1.0000,-1,-1,-1
555,472,1215.97,745.25,105.88,101.47,0.4356,-1,-1,-1
556,387,1057.20,14.25,339.37,580.71,0.6289,-1,-1,-1
556,392,896.35,688.97,91.72,100.08,1.0000,-1,-1,-1
556,395,761.59,656.11,105.78,113.63,1.0000,-1,-1,-1
556,411,720.19,625.80,91.04,93.04,1.0000,-1,-1,-1
556,464,569.86,629.32,107.33,121.65,1.0000,-1,-1,-1
556,465,991.89,747.20,102.49,117.88,1.0000,-1,-1,-1
556,466,602.01,635.82,90.02,98.42,1.0000,-1,-1,-1
556,472,1224.17,750.23,105.91,101.50,1.0000,-1,-1,-1
557,387,1057.77,11.81,335.66,583.39,0.5561,-1,-1,-1
557,392,897.98,692.01,91.62,99.97,1.0000,-1,-1,-1
557,395,760.50,656.36,106.17,114.05,1.0000,-1,-1,-1
557,411,719.86,627.10,91.88,93.91,1.0000,-1,-1,-1
557,464,570.15,631.96,108.20,122.65,1.0000,-1,-1,-1
557,465,991.71,750.79,102.59,118.00,1.0000,-1,-1,-1
557,466,601.12,637.89,90.20,98.61,1.0000,-1,-1,-1
557,472,1232.38,755.20,105.93,101.52,1.0000,-1,-1,-1
558,387,1053.52,10.08,332.32,581.14,0.5898,-1,-1,-1
558,392,899.61,695.04,91.52,99.86,1.0000,-1,-1,-1
558,395,759.42,656.60,106.57,114.47,1.0000,-1,-1,-1
558,411,719.52,628.40,92.72,94.77,1.0000,-1,-1,-1
558,464,570.43,634.61,109.08,123.64,1.0000,-1,-1,-1
558,465,991.53,754.38,102.70,118.13,1.0000,-1,-1,-1
558,466,600.24,639.96,90.38,98.81,1.0000,-1,-1,-1
558,472,1240.59,760.18,105.95,101.54,1.0000,-1,-1,-1
559,387,1030.83,4.60,337.68,586.84,0.8392,-1,-1,-1
559,392,901.24,698.08,91.42,99.75,1.0000,-1,-1,-1
559,395,758.34,656.84,106.96,114.89,1.0000,-1,-1,-1
559,411,719.19,629.70,93.57,95.63,1.0000,-1,-1,-1
559,464,570.71,637.25,109.95,124.63,1.0000,-1,-1,-1
559,465,991.35,757.97,102.81,118.25,1.0000,-1,-1,-1
559,466,599.35,642.03,90.56,99.00,1.0000,-1,-1,-1
559,472,1248.79,765.16,105.98,101.57,1.0000,-1,-1,-1
560,387,1015.03,2.22,341.19,586.39,0.8845,-1,-1,-1
560,392,902.87,701.12,91.32,99.65,1.0000,-1,-1,-1
560,395,757.26,657.08,107.35,115.32,1.0000,-1,-1,-1
560,411,718.85,631.00,94.41,96.50,1.0000,-1,-1,-1
560,464,571.00,639.89,110.83,125.62,1.0000,-1,-1,-1
560,465,991.17,761.55,102.91,118.37,1.0000,-1,-1,-1
560,466,598.46,644.10,90.74,99.20,1.0000,-1,-1,-1
560,472,1257.00,770.14,106.00,101.59,1.0000,-1,-1,-1
561,387,1014.27,3.93,341.98,584.07,0.8972,-1,-1,-1
561,392,904.50,704.16,91.22,99.54,1.0000,-1,-1,-1
561,395,756.18,657.32,107.75,115.74,1.0000,-1,-1,-1
561,411,718.52,632.30,95.26,97.36,1.0000,-1,-1,-1
561,464,571.28,642.53,111.70,126.61,1.0000,-1,-1,-1
561,465,990.99,765.14,103.02,118.49,1.0000,-1,-1,-1
561,466,597.58,646.17,90.92,99.40,1.0000,-1,-1,-1
561,472,1265.21,775.12,106.03,101.61,1.0000,-1,-1,-1
561,491,451.00,617.32,72.41,80.95,0.4440,-1,-1,-1
562,387,1021.52,9.50,339.80,578.09,0.8906,-1,-1,-1
562,392,906.12,707.19,91.12,99.43,1.0000,-1,-1,-1
562,395,755.10,657.56,108.14,116.16,1.0000,-1,-1,-1
562,411,718.19,633.59,96.10,98.22,1.0000,-1,-1,-1
562,464,571.56,645.18,112.58,127.61,1.0000,-1,-1,-1
562,465,990.81,768.73,103.13,118.62,1.0000,-1,-1,-1
562,466,596.69,648.24,91.10,99.59,1.0000,-1,-1,-1
562,472,1273.41,780.09,106.05,101.63,1.0000,-1,-1,-1
562,491,454.64,616.95,69.25,77.41,1.0000,-1,-1,-1
563,387,1035.44,12.43,338.32,574.10,0.7628,-1,-1,-1
563,392,907.75,710.23,91.03,99.32,1.0000,-1,-1,-1
563,395,754.02,657.80,108.53,116.58,1.0000,-1,-1,-1
563,411,717.85,634.89,96.94,99.08,1.0000,-1,-1,-1
563,464,571.85,647.82,113.45,128.60,1.0000,-1,-1,-1
563,465,990.63,772.32,103.23,118.74,1.0000,-1,-1,-1
563,466,595.80,650.31,91.28,99.79,1.0000,-1,-1,-1
563,472,1281.62,785.07,106.08,101.66,1.0000,-1,-1,-1
563,491,458.28,616.57,66.08,73.87,1.0000,-1,-1,-1
564,387,1050.98,13.96,336.46,570.36,0.8568,-1,-1,-1
564,392,909.38,713.27,90.93,99.21,1.0000,-1,-1,-1
564,395,752.94,658.05,108.92,117.00,1.0000,-1,-1,-1
564,411,717.52,636.19,97.79,99.95,1.0000,-1,-1,-1
564,464,572.13,650.46,114.33,129.59,1.0000,-1,-1,-1
564,465,990.45,775.90,103.34,118.86,1.0000,-1,-1,-1
564,466,594.92,652.38,91.46,99.98,1.0000,-1,-1,-1
564,472,1289.82,790.05,106.10,101.68,1.0000,-1,-1,-1
564,491,454.20,608.04,75.34,83.54,0.3573,-1,-1,-1
565,387,1065.47,12.37,335.93,569.58,0.6132,-1,-1,-1
565,392,911.01,716.31,90.83,99.10,1.0000,-1,-1,-1
565,395,751.86,658.29,109.32,117.43,1.0000,-1,-1,-1
565,411,717.18,637.49,98.63,100.81,1.0000,-1,-1,-1
565,464,572.41,653.11,115.20,130.58,1.0000,-1,-1,-1
565,465,990.27,779.49,103.45,118.98,1.0000,-1,-1,-1
565,466,594.03,654.45,91.63,100.18,1.0000,-1,-1,-1
565,472,1298.03,795.03,106.12,101.70,1.0000,-1,-1,-1
565,491,453.59,602.63,75.52,83.57,0.3012,-1,-1,-1
566,387,1077.55,8.96,335.84,572.67,0.8113,-1,-1,-1
566,392,912.64,719.34,90.73,98.99,1.0000,-1,-1,-1
566,395,750.78,658.53,109.71,117.85,1.0000,-1,-1,-1
566,411,716.85,638.79,99.48,101.67,1.0000,-1,-1,-1
566,465,990.09,783.08,103.55,119.11,1.0000,-1,-1,-1
566,472,1306.24,800.01,106.15,101.73,1.0000,-1,-1,-1
566,491,455.09,599.82,75.10,83.11,1.0000,-1,-1,-1
567,387,1088.76,7.50,333.38,574.41,0.7767,-1,-1,-1
567,392,914.27,722.38,90.63,98.89,1.0000,-1,-1,-1
567,395,749.70,658.77,110.10,118.27,1.0000,-1,-1,-1
567,411,716.51,640.09,100.32,102.54,1.0000,-1,-1,-1
567,465,989.91,786.67,103.66,119.23,1.0000,-1,-1,-1
567,472,1314.44,804.98,106.17,101.75,1.0000,-1,-1,-1
567,491,456.59,597.01,74.69,82.65,1.0000,-1,-1,-1
568,387,1093.34,4.93,330.69,577.02,0.8455,-1,-1,-1
568,392,915.90,725.42,90.53,98.78,1.0000,-1,-1,-1
568,395,748.61,659.01,110.50,118.69,1.0000,-1,-1,-1
568,411,716.18,641.39,101.16,103.40,1.0000,-1,-1,-1
568,465,989.73,790.25,103.77,119.35,1.0000,-1,-1,-1
568,472,1322.65,809.96,106.20,101.77,1.0000,-1,-1,-1
568,491,458.09,594.20,74.27,82.19,1.0000,-1,-1,-1
569,387,1091.25,3.88,330.74,581.82,0.7891,-1,-1,-1
569,392,917.53,728.46,90.43,98.67,1.0000,-1,-1,-1
569,395,747.53,659.25,110.89,119.11,1.0000,-1,-1,-1
569,411,715.85,642.69,102.01,104.26,1.0000,-1,-1,-1
569,465,989.55,793.84,103.87,119.47,1.0000,-1,-1,-1
569,472,1330.86,814.94,106.22,101.80,1.0000,-1,-1,-1
569,491,459.60,591.39,73.85,81.72,1.0000,-1,-1,-1
570,387,1106.94,5.27,327.35,585.42,0.5010,-1,-1,-1
570,392,919.15,731.49,90.33,98.56,1.0000,-1,-1,-1
570,395,746.45,659.49,111.28,119.54,1.0000,-1,-1,-1
570,411,715.51,643.98,102.85,105.12,1.0000,-1,-1,-1
570,465,989.37,797.43,103.98,119.60,1.0000,-1,-1,-1
570,472,1339.06,819.92,106.24,101.82,1.0000,-1,-1,-1
570,491,461.10,588.58,73.43,81.26,1.0000,-1,-1,-1
571,387,1120.64,6.27,320.14,584.40,0.5904,-1,-1,-1
571,392,920.78,734.53,90.23,98.45,1.0000,-1,-1,-1
571,395,745.37,659.74,111.67,119.96,1.0000,-1,-1,-1
571,411,715.18,645.28,103.70,105.99,1.0000,-1,-1,-1
571,465,989.19,801.01,104.09,119.72,1.0000,-1,-1,-1
571,472,1347.27,824.90,106.27,101.84,1.0000,-1,-1,-1
571,491,447.11,605.80,76.88,85.26,0.3970,-1,-1,-1
572,387,1122.87,4.35,313.93,585.46,0.5702,-1,-1,-1
572,392,922.41,737.57,90.13,98.34,1.0000,-1,-1,-1
572,395,744.29,659.98,112.07,120.38,1.0000,-1,-1,-1
572,411,714.84,646.58,104.54,106.85,1.0000,-1,-1,-1
572,465,989.01,804.60,104.19,119.84,1.0000,-1,-1,-1
572,472,1355.47,829.87,106.29,101.87,1.0000,-1,-1,-1
572,491,447.03,605.03,76.88,85.26,1.0000,-1,-1,-1
572,503,1080.76,33.63,109.37,377.76,0.7477,-1,-1,-1
573,387,1109.20,4.31,312.76,589.19,0.7129,-1,-1,-1
573,392,924.04,740.61,90.03,98.23,1.0000,-1,-1,-1
573,411,714.51,647.88,105.38,107.71,1.0000,-1,-1,-1
573,465,988.83,808.19,104.30,119.96,1.0000,-1,-1,-1
573,472,1363.68,834.85,106.32,101.89,1.0000,-1,-1,-1
573,491,446.95,604.26,76.87,85.25,1.0000,-1,-1,-1
573,503,1078.97,33.34,108.48,376.28,0.8123,-1,-1,-1
574,387,1099.14,4.00,312.75,591.02,0.8417,-1,-1,-1
574,392,925.67,743.64,89.93,98.13,1.0000,-1,-1,-1
574,411,714.17,649.18,106.23,108.58,1.0000,-1,-1,-1
574,465,988.65,811.78,104.41,120.09,1.0000,-1,-1,-1
574,472,1371.89,839.83,106.34,101.91,1.0000,-1,-1,-1
574,491,446.86,603.49,76.86,85.24,1.0000,-1,-1,-1
574,503,1082.02,33.45,108.16,376.80,0.7882,-1,-1,-1
575,387,1087.73,3.81,316.94,596.45,0.9068,-1,-1,-1
575,392,927.30,746.68,89.84,98.02,1.0000,-1,-1,-1
575,411,713.84,650.48,107.07,109.44,1.0000,-1,-1,-1
575,465,988.47,815.36,104.51,120.21,1.0000,-1,-1,-1
575,472,1380.09,844.81,106.36,101.93,1.0000,-1,-1,-1
575,491,446.78,602.72,76.86,85.24,1.0000,-1,-1,-1
575,503,1086.09,32.75,108.29,378.19,0.7985,-1,-1,-1
576,387,1079.94,2.59,321.19,600.25,0.9418,-1,-1,-1
576,392,928.93,749.72,89.74,97.91,1.0000,-1,-1,-1
576,411,713.50,651.78,107.92,110.30,1.0000,-1,-1,-1
576,465,988.29,818.95,104.62,120.33,1.0000,-1,-1,-1
576,472,1388.30,849.79,106.39,101.96,1.0000,-1,-1,-1
576,491,446.69,601.95,76.85,85.23,1.0000,-1,-1,-1
576,503,1090.02,31.65,108.68,380.07,0.7281,-1,-1,-1
577,387,1080.12,2.76,324.97,602.54,0.9321,-1,-1,-1
577,392,930.56,752.76,89.64,97.80,1.0000,-1,-1,-1
577,411,713.17,653.08,108.76,111.16,1.0000,-1,-1,-1
577,465,988.11,822.54,104.73,120.45,1.0000,-1,-1,-1
577,472,1396.51,854.76,106.41,101.98,1.0000,-1,-1,-1
577,491,446.61,601.18,76.85,85.22,1.0000,-1,-1,-1
577,503,1092.57,29.54,108.96,379.87,0.8274,-1,-1,-1
578,387,1087.47,3.29,329.08,605.61,0.9369,-1,-1,-1
578,392,932.18,755.79,89.54,97.69,1.0000,-1,-1,-1
578,411,712.84,654.38,109.60,112.03,1.0000,-1,-1,-1
578,465,987.93,826.13,104.83,120.58,1.0000,-1,-1,-1
578,472,1404.71,859.74,106.44,102.00,1.0000,-1,-1,-1
578,491,446.53,600.41,76.84,85.22,1.0000,-1,-1,-1
578,503,1088.56,27.46,111.46,382.64,0.8534,-1,-1,-1
579,387,1101.69,3.65,331.74,603.99,0.9326,-1,-1,-1
579,392,933.81,758.83,89.44,97.58,1.0000,-1,-1,-1
579,411,712.50,655.67,110.45,112.89,1.0000,-1,-1,-1
579,465,987.75,829.71,104.94,120.70,1.0000,-1,-1,-1
579,472,1412.92,864.72,106.46,102.03,1.0000,-1,-1,-1
579,491,446.44,599.64,76.83,85.21,1.0000,-1,-1,-1
579,503,1082.88,22.96,114.89,384.22,0.8672,-1,-1,-1
579,515,621.03,607.61,104.60,106.11,0.3025,-1,-1,-1
580,387,1122.26,3.52,333.14,599.34,0.9226,-1,-1,-1
580,392,935.44,761.87,89.34,97.47,1.0000,-1,-1,-1
580,411,712.17,656.97,111.29,113.75,1.0000,-1,-1,-1
580,465,987.58,833.30,105.05,120.82,1.0000,-1,-1,-1
580,472,1421.12,869.70,106.48,102.05,1.0000,-1,-1,-1
580,491,446.36,598.87,76.83,85.20,1.0000,-1,-1,-1
580,503,1081.68,18.06,118.63,383.66,0.8390,-1,-1,-1
580,515,627.28,597.73,107.35,108.83,0.4210,-1,-1,-1
581,387,1141.79,2.83,334.66,596.18,0.9458,-1,-1,-1
581,392,937.07,764.91,89.24,97.37,1.0000,-1,-1,-1
581,411,711.83,658.27,112.14,114.62,1.0000,-1,-1,-1
581,465,987.40,836.89,105.15,120.94,1.0000,-1,-1,-1
581,472,1429.33,874.68,106.51,102.07,1.0000,-1,-1,-1
581,491,446.28,598.10,76.82,85.20,1.0000,-1,-1,-1
581,503,1081.62,13.77,122.95,383.15,0.8995,-1,-1,-1
581,515,629.91,593.37,108.90,110.40,1.0000,-1,-1,-1
582,387,1161.16,2.80,335.78,591.67,0.9553,-1,-1,-1
582,392,938.70,767.94,89.14,97.26,1.0000,-1,-1,-1
582,411,711.50,659.57,112.98,115.48,1.0000,-1,-1,-1
582,465,987.22,840.48,105.26,121.07,1.0000,-1,-1,-1
582,472,1437.54,879.65,106.53,102.10,1.0000,-1,-1,-1
582,491,446.19,597.33,76.81,85.19,1.0000,-1,-1,-1
582,503,1084.96,10.58,127.14,382.52,0.9002,-1,-1,-1
582,515,632.55,589.01,110.44,111.97,1.0000,-1,-1,-1
583,387,1178.28,2.73,336.41,586.64,0.9355,-1,-1,-1
583,392,940.33,770.98,89.04,97.15,1.0000,-1,-1,-1
583,465,987.04,844.06,105.36,121.19,1.0000,-1,-1,-1
583,472,1445.74,884.63,106.56,102.12,1.0000,-1,-1,-1
583,491,446.11,596.56,76.81,85.18,1.0000,-1,-1,-1
583,503,1088.09,8.39,131.13,380.70,0.8919,-1,-1,-1
583,515,635.19,584.65,111.99,113.53,1.0000,-1,-1,-1
584,387,1192.41,2.82,336.77,583.78,0.9247,-1,-1,-1
584,392,941.96,774.02,88.94,97.04,1.0000,-1,-1,-1
584,465,986.86,847.65,105.47,121.31,1.0000,-1,-1,-1
584,472,1453.95,889.61,106.58,102.14,1.0000,-1,-1,-1
584,491,446.02,595.79,76.80,85.18,1.0000,-1,-1,-1
584,503,1095.53,6.46,135.44,380.35,0.9133,-1,-1,-1
584,515,637.83,580.30,113.53,115.10,1.0000,-1,-1,-1
585,387,1203.76,3.36,334.01,578.70,0.8928,-1,-1,-1
585,472,1462.15,894.59,106.60,102.17,1.0000,-1,-1,-1
585,491,445.94,595.02,76.80,85.17,1.0000,-1,-1,-1
585,503,1101.80,5.64,139.00,380.08,0.8857,-1,-1,-1
585,515,640.47,575.94,115.08,116.67,1.0000,-1,-1,-1
586,387,1210.29,4.77,327.29,571.43,0.8946,-1,-1,-1
586,491,445.86,594.25,76.79,85.16,1.0000,-1,-1,-1
586,503,1096.15,3.72,143.67,379.98,0.8944,-1,-1,-1
586,515,643.10,571.58,116.62,118.23,1.0000,-1,-1,-1
587,387,1213.88,4.28,320.93,567.18,0.9037,-1,-1,-1
587,491,445.77,593.47,76.78,85.15,1.0000,-1,-1,-1
587,503,1098.05,3.82,146.47,380.18,0.9099,-1,-1,-1
587,515,645.74,567.22,118.16,119.80,1.0000,-1,-1,-1
588,387,1220.76,4.43,317.69,565.26,0.8914,-1,-1,-1
588,491,445.69,592.70,76.78,85.15,1.0000,-1,-1,-1
588,503,1104.82,3.41,147.21,379.52,0.9155,-1,-1,-1
588,515,648.38,562.87,119.71,121.36,1.0000,-1,-1,-1
589,387,1230.70,4.56,317.94,567.49,0.9055,-1,-1,-1
589,491,445.61,591.93,76.77,85.14,1.0000,-1,-1,-1
589,503,1116.97,2.99,147.13,381.78,0.8872,-1,-1,-1
589,515,651.02,558.51,121.25,122.93,1.0000,-1,-1,-1
590,387,1230.73,3.48,321.49,569.73,0.7378,-1,-1,-1
590,491,445.52,591.16,76.76,85.13,1.0000,-1,-1,-1
590,503,1131.07,3.78,146.47,382.25,0.8464,-1,-1,-1
590,515,653.66,554.15,122.80,124.50,1.0000,-1,-1,-1
591,387,1217.76,2.81,326.28,567.62,0.9511,-1,-1,-1
591,491,445.44,590.39,76.76,85.13,1.0000,-1,-1,-1
591,503,1136.92,3.54,145.64,382.28,0.8427,-1,-1,-1
591,515,656.29,549.79,124.34,126.06,1.0000,-1,-1,-1
592,387,1197.69,3.14,334.31,566.03,0.9662,-1,-1,-1
592,491,445.35,589.62,76.75,85.12,1.0000,-1,-1,-1
592,503,1135.87,2.81,144.16,379.44,0.8484,-1,-1,-1
592,515,658.93,545.44,125.89,127.63,1.0000,-1,-1,-1
593,387,1183.24,2.48,345.58,568.62,0.9670,-1,-1,-1
593,491,445.27,588.85,76.75,85.11,1.0000,-1,-1,-1
593,503,1132.78,3.96,145.14,377.61,0.8746,-1,-1,-1
593,515,661.57,541.08,127.43,129.19,1.0000,-1,-1,-1
593,536,739.07,563.89,77.69,74.22,0.5970,-1,-1,-1
593,538,888.16,596.08,91.57,87.29,0.3111,-1,-1,-1
594,387,1180.22,2.30,357.68,576.47,0.9537,-1,-1,-1
594,491,445.19,588.08,76.74,85.11,1.0000,-1,-1,-1
594,503,1129.01,4.30,148.56,380.71,0.9104,-1,-1,-1
594,515,664.21,536.72,128.98,130.76,1.0000,-1,-1,-1
594,536,739.70,562.42,77.08,73.63,1.0000,-1,-1,-1
594,538,886.51,595.45,90.76,86.52,1.0000,-1,-1,-1
595,387,1183.95,2.52,365.03,579.88,0.9514,-1,-1,-1
595,491,445.10,587.31,76.73,85.10,1.0000,-1,-1,-1
595,503,1128.52,4.64,150.59,381.75,0.9179,-1,-1,-1
595,515,666.85,532.36,130.52,132.33,1.0000,-1,-1,-1
595,536,740.33,560.95,76.47,73.05,1.0000,-1,-1,-1
595,538,884.86,594.83,89.95,85.75,1.0000,-1,-1,-1
596,387,1190.18,3.04,365.75,575.38,0.9548,-1,-1,-1
596,491,445.02,586.54,76.73,85.09,1.0000,-1,-1,-1
596,503,1126.40,4.96,149.71,380.33,0.8810,-1,-1,-1
596,515,669.48,528.01,132.07,133.89,1.0000,-1,-1,-1
596,536,740.96,559.48,75.86,72.47,1.0000,-1,-1,-1
596,538,883.21,594.21,89.14,84.98,1.0000,-1,-1,-1
597,387,1198.10,3.53,366.27,572.97,0.9527,-1,-1,-1
597,491,444.94,585.77,76.72,85.09,1.0000,-1,-1,-1
597,503,1131.03,5.64,148.18,378.91,0.8898,-1,-1,-1
597,515,672.12,523.65,133.61,135.46,1.0000,-1,-1,-1
597,536,741.59,558.01,75.25,71.88,1.0000,-1,-1,-1
597,538,881.56,593.59,88.33,84.20,1.0000,-1,-1,-1
598,387,1207.75,4.26,368.71,574.61,0.9483,-1,-1,-1
598,491,444.85,585.00,76.72,85.08,1.0000,-1,-1,-1
598,503,1140.24,6.39,146.41,378.73,0.8850,-1,-1,-1
598,515,674.76,519.29,135.16,137.03,1.0000,-1,-1,-1
598,536,742.22,556.54,74.64,71.30,1.0000,-1,-1,-1
598,538,879.91,592.97,87.52,83.43,1.0000,-1,-1,-1
599,387,1218.24,4.22,370.30,577.76,0.9531,-1,-1,-1
599,491,444.77,584.23,76.71,85.07,1.0000,-1,-1,-1
599,503,1147.15,6.77,144.28,379.45,0.8282,-1,-1,-1
599,515,677.40,514.93,136.70,138.59,1.0000,-1,-1,-1
599,536,750.15,558.97,80.41,77.32,0.5718,-1,-1,-1
599,538,878.26,592.34,86.71,82.66,1.0000,-1,-1,-1
600,387,1228.31,4.47,370.61,582.13,0.9425,-1,-1,-1
600,491,444.68,583.46,76.70,85.07,1.0000,-1,-1,-1
600,503,1154.12,7.15,142.08,380.00,0.5380,-1,-1,-1
600,515,680.04,510.58,138.25,140.16,1.0000,-1,-1,-1
600,536,752.23,555.73,83.51,81.08,0.5771,-1,-1,-1
600,538,899.49,592.91,90.77,87.38,0.5253,-1,-1,-1
601,387,1237.68,5.42,366.91,582.03,0.8629,-1,-1,-1
601,491,444.60,582.69,76.70,85.06,1.0000,-1,-1,-1
601,503,1157.69,7.05,142.07,379.98,1.0000,-1,-1,-1
601,515,682.67,506.22,139.79,141.72,1.0000,-1,-1,-1
601,536,751.14,551.37,90.31,88.24,0.4541,-1,-1,-1
601,538,900.49,592.43,90.64,87.26,1.0000,-1,-1,-1
601,545,840.19,620.12,85.63,94.62,0.4552,-1,-1,-1
601,546,709.68,575.40,85.13,90.34,0.6431,-1,-1,-1
602,387,1246.75,5.68,360.71,581.02,0.4729,-1,-1,-1
602,503,1161.26,6.96,142.06,379.95,1.0000,-1,-1,-1
602,515,685.31,501.86,141.34,143.29,1.0000,-1,-1,-1
602,536,752.38,549.75,91.88,89.76,1.0000,-1,-1,-1
602,538,901.48,591.94,90.51,87.13,1.0000,-1,-1,-1
602,545,845.07,623.23,85.33,94.29,1.0000,-1,-1,-1
602,546,710.52,574.06,87.74,93.11,1.0000,-1,-1,-1
603,387,1252.37,5.87,360.97,581.43,1.0000,-1,-1,-1
603,503,1164.83,6.86,142.06,379.93,1.0000,-1,-1,-1
603,515,687.95,497.50,142.88,144.86,1.0000,-1,-1,-1
603,536,753.63,548.13,93.44,91.29,1.0000,-1,-1,-1
603,538,902.48,591.46,90.38,87.01,1.0000,-1,-1,-1
603,545,849.96,626.34,85.04,93.97,1.0000,-1,-1,-1
603,546,711.36,572.73,90.35,95.88,1.0000,-1,-1,-1
604,387,1257.99,6.07,361.23,581.84,1.0000,-1,-1,-1
604,503,1168.41,6.76,142.05,379.91,1.0000,-1,-1,-1
604,515,690.59,493.15,144.43,146.42,1.0000,-1,-1,-1
604,536,754.87,546.52,95.00,92.82,1.0000,-1,-1,-1
604,538,903.47,590.98,90.26,86.89,1.0000,-1,-1,-1
604,545,854.84,629.45,84.74,93.64,1.0000,-1,-1,-1
604,546,712.20,571.39,92.96,98.65,1.0000,-1,-1,-1
605,387,1263.61,6.26,361.49,582.25,1.0000,-1,-1,-1
605,503,1171.98,6.67,142.04,379.89,1.0000,-1,-1,-1
605,515,693.23,488.79,145.97,147.99,1.0000,-1,-1,-1
605,536,756.11,544.90,96.56,94.34,1.0000,-1,-1,-1
605,538,904.47,590.50,90.13,86.76,1.0000,-1,-1,-1
605,545,859.73,632.56,84.44,93.31,1.0000,-1,-1,-1
605,546,713.05,570.06,95.57,101.42,1.0000,-1,-1,-1
606,387,1269.23,6.46,361.74,582.66,1.0000,-1,-1,-1
606,503,1175.55,6.57,142.03,379.87,1.0000,-1,-1,-1
606,515,695.86,484.43,147.52,149.55,1.0000,-1,-1,-1
606,536,757.36,543.28,98.13,95.87,1.0000,-1,-1,-1
606,538,905.46,590.01,90.00,86.64,1.0000,-1,-1,-1
606,545,864.61,635.67,84.14,92.98,1.0000,-1,-1,-1
606,546,713.89,568.72,98.18,104.19,1.0000,-1,-1,-1
606,551,1297.99,4.28,310.62,601.38,0.9264,-1,-1,-1
607,387,1274.84,6.65,362.00,583.07,1.0000,-1,-1,-1
607,503,1179.12,6.48,142.03,379.85,1.0000,-1,-1,-1
607,515,698.50,480.07,149.06,151.12,1.0000,-1,-1,-1
607,536,758.60,541.66,99.69,97.40,1.0000,-1,-1,-1
607,538,906.46,589.53,89.87,86.52,1.0000,-1,-1,-1
607,545,869.49,638.78,83.84,92.65,1.0000,-1,-1,-1
607,546,714.73,567.39,100.79,106.97,1.0000,-1,-1,-1
607,551,1282.51,4.79,314.96,602.06,0.9439,-1,-1,-1
608,387,1280.46,6.85,362.26,583.48,1.0000,-1,-1,-1
608,503,1182.70,6.38,142.02,379.83,1.0000,-1,-1,-1
608,515,701.14,475.71,150.61,152.69,1.0000,-1,-1,-1
608,536,759.85,540.05,101.25,98.92,1.0000,-1,-1,-1
608,538,907.45,589.05,89.74,86.39,1.0000,-1,-1,-1
608,545,874.38,641.89,83.55,92.32,1.0000,-1,-1,-1
608,546,715.57,566.05,103.40,109.74,1.0000,-1,-1,-1
608,551,1267.20,5.20,322.39,604.82,0.9478,-1,-1,-1
609,387,1286.08,7.04,362.51,583.89,1.0000,-1,-1,-1
609,503,1186.27,6.29,142.01,379.80,1.0000,-1,-1,-1
609,515,703.78,471.36,152.15,154.25,1.0000,-1,-1,-1
609,536,761.09,538.43,102.81,100.45,1.0000,-1,-1,-1
609,538,908.45,588.57,89.61,86.27,1.0000,-1,-1,-1
609,545,879.26,645.00,83.25,91.99,1.0000,-1,-1,-1
609,546,716.41,564.72,106.01,112.51,1.0000,-1,-1,-1
609,551,1256.14,4.79,331.53,608.34,0.9570,-1,-1,-1
609,561,1091.65,1.91,180.76,360.02,0.8937,-1,-1,-1
610,387,1291.70,7.24,362.77,584.30,1.0000,-1,-1,-1
610,503,1189.84,6.19,142.00,379.78,1.0000,-1,-1,-1
610,515,706.42,467.00,153.69,155.82,1.0000,-1,-1,-1
610,536,762.33,536.81,104.38,101.98,1.0000,-1,-1,-1
610,538,909.44,588.08,89.49,86.15,1.0000,-1,-1,-1
610,545,884.15,648.11,82.95,91.66,1.0000,-1,-1,-1
610,546,717.25,563.38,108.62,115.28,1.0000,-1,-1,-1
610,551,1249.28,4.71,341.05,612.22,0.9582,-1,-1,-1
610,561,1084.98,2.00,180.82,360.98,0.9051,-1,-1,-1
611,387,1297.32,7.43,363.03,584.71,1.0000,-1,-1,-1
611,503,1193.41,6.09,141.99,379.76,1.0000,-1,-1,-1
611,536,763.58,535.19,105.94,103.50,1.0000,-1,-1,-1
611,538,910.44,587.60,89.36,86.02,1.0000,-1,-1,-1
611,545,889.03,651.22,82.65,91.33,1.0000,-1,-1,-1
611,546,718.10,562.04,111.24,118.05,1.0000,-1,-1,-1
611,551,1247.23,4.25,350.97,617.12,0.9602,-1,-1,-1
611,561,1082.52,1.92,180.63,362.15,0.8882,-1,-1,-1
612,387,1302.94,7.63,363.29,585.12,1.0000,-1,-1,-1
612,503,1196.98,6.00,141.99,379.74,1.0000,-1,-1,-1
612,536,764.82,533.58,107.50,105.03,1.0000,-1,-1,-1
612,538,911.43,587.12,89.23,85.90,1.0000,-1,-1,-1
612,545,893.91,654.33,82.35,91.00,1.0000,-1,-1,-1
612,546,718.94,560.71,113.85,120.82,1.0000,-1,-1,-1
612,551,1252.42,4.20,360.70,621.26,0.9588,-1,-1,-1
612,561,1087.35,2.61,180.35,364.63,0.9034,-1,-1,-1
613,387,1308.56,7.82,363.54,585.53,1.0000,-1,-1,-1
613,503,1200.56,5.90,141.98,379.72,1.0000,-1,-1,-1
613,536,766.06,531.96,109.06,106.56,1.0000,-1,-1,-1
613,538,912.43,586.64,89.10,85.78,1.0000,-1,-1,-1
613,545,898.80,657.44,82.06,90.67,1.0000,-1,-1,-1
613,546,719.78,559.37,116.46,123.59,1.0000,-1,-1,-1
613,551,1260.34,3.03,370.22,624.94,0.9529,-1,-1,-1
613,561,1096.56,2.77,179.74,366.63,0.9176,-1,-1,-1
613,567,582.10,565.97,73.63,81.68,0.4907,-1,-1,-1
614,387,1314.18,8.02,363.80,585.94,1.0000,-1,-1,-1
614,503,1204.13,5.81,141.97,379.70,1.0000,-1,-1,-1
614,536,767.31,530.34,110.63,108.08,1.0000,-1,-1,-1
614,538,913.42,586.15,88.97,85.65,1.0000,-1,-1,-1
614,545,903.68,660.55,81.76,90.34,1.0000,-1,-1,-1
614,546,720.62,558.04,119.07,126.36,1.0000,-1,-1,-1
614,551,1271.47,2.58,380.33,629.61,0.9549,-1,-1,-1
614,561,1103.05,2.97,178.20,367.68,0.9211,-1,-1,-1
614,567,578.41,571.15,75.90,84.09,0.7900,-1,-1,-1
615,387,1319.80,8.21,364.06,586.35,1.0000,-1,-1,-1
615,503,1207.70,5.71,141.96,379.68,1.0000,-1,-1,-1
615,536,768.55,528.73,112.19,109.61,1.0000,-1,-1,-1
615,538,868.45,613.46,74.09,70.56,0.7424,-1,-1,-1
615,545,908.57,663.66,81.46,90.01,1.0000,-1,-1,-1
615,546,721.46,556.70,121.68,129.13,1.0000,-1,-1,-1
615,551,1283.12,2.57,389.26,633.84,0.9448,-1,-1,-1
615,561,1108.45,3.82,175.58,368.51,0.9027,-1,-1,-1
615,567,576.77,579.46,71.66,79.06,0.8335,-1,-1,-1
615,571,710.32,630.23,52.86,76.33,0.6189,-1,-1,-1
615,572,924.91,682.08,91.52,99.86,0.5649,-1,-1,-1
615,573,986.40,670.07,85.65,95.19,0.6838,-1,-1,-1
616,387,1325.42,8.41,364.31,586.76,1.0000,-1,-1,-1
616,503,1211.27,5.61,141.95,379.65,1.0000,-1,-1,-1
616,536,769.79,527.11,113.75,111.14,1.0000,-1,-1,-1
616,538,866.77,614.62,73.04,69.56,1.0000,-1,-1,-1
616,545,913.45,666.77,81.16,89.68,1.0000,-1,-1,-1
616,546,722.30,555.37,124.29,131.90,1.0000,-1,-1,-1
616,551,1290.96,2.74,394.02,634.01,0.9328,-1,-1,-1
616,561,1112.14,5.14,172.67,369.26,0.8714,-1,-1,-1
616,567,572.76,583.18,74.86,82.61,0.3392,-1,-1,-1
616,571,720.29,640.00,48.48,70.00,1.0000,-1,-1,-1
616,572,930.11,685.38,90.43,98.67,1.0000,-1,-1,-1
616,573,991.24,674.42,86.25,95.87,1.0000,-1,-1,-1
617,387,1331.03,8.60,364.57,587.17,1.0000,-1,-1,-1
617,503,1214.85,5.52,141.95,379.63,1.0000,-1,-1,-1
617,536,771.04,525.49,115.31,112.66,1.0000,-1,-1,-1
617,538,865.08,615.77,71.98,68.55,1.0000,-1,-1,-1
617,545,918.34,669.88,80.86,89.36,1.0000,-1,-1,-1
617,546,723.15,554.03,126.90,134.67,1.0000,-1,-1,-1
617,551,1291.98,3.14,394.17,630.58,0.8817,-1,-1,-1
617,561,1112.09,6.47,169.90,369.08,0.8741,-1,-1,-1
617,567,571.82,583.90,72.43,79.55,0.4689,-1,-1,-1
617,571,730.26,649.78,44.10,63.68,1.0000,-1,-1,-1
617,572,935.31,688.68,89.33,97.47,1.0000,-1,-1,-1
617,573,996.08,678.76,86.86,96.54,1.0000,-1,-1,-1
618,387,1336.65,8.80,364.83,587.58,1.0000,-1,-1,-1
618,503,1218.42,5.42,141.94,379.61,1.0000,-1,-1,-1
618,536,772.28,523.87,116.88,114.19,1.0000,-1,-1,-1
618,538,863.40,616.93,70.92,67.55,1.0000,-1,-1,-1
618,545,923.22,672.99,80.57,89.03,1.0000,-1,-1,-1
618,546,723.99,552.70,129.51,137.44,1.0000,-1,-1,-1
618,551,1292.91,3.93,388.37,621.91,0.8646,-1,-1,-1
618,561,1110.86,8.93,166.84,367.86,0.7764,-1,-1,-1
618,567,568.92,588.91,73.52,80.77,0.3767,-1,-1,-1
618,571,740.23,659.55,39.72,57.36,1.0000,-1,-1,-1
618,572,941.37,688.83,93.19,101.57,0.3086,-1,-1,-1
618,573,1014.95,676.29,77.01,84.93,0.6169,-1,-1,-1
619,387,1342.27,8.99,365.09,587.99,1.0000,-1,-1,-1
619,503,1221.99,5.33,141.93,379.59,1.0000,-1,-1,-1
619,536,773.53,522.26,118.44,115.72,1.0000,-1,-1,-1
619,538,861.71,618.08,69.87,66.54,1.0000,-1,-1,-1
619,545,928.10,676.10,80.27,88.70,1.0000,-1,-1,-1
619,546,724.83,551.36,132.12,140.21,1.0000,-1,-1,-1
619,551,1293.37,3.93,381.08,616.65,0.8852,-1,-1,-1
619,561,1106.88,12.63,164.67,366.54,0.8458,-1,-1,-1
619,567,566.25,592.48,73.28,80.50,1.0000,-1,-1,-1
619,571,750.20,669.33,35.34,51.04,1.0000,-1,-1,-1
619,572,946.76,691.44,93.16,101.54,1.0000,-1,-1,-1
619,573,1021.72,680.73,74.92,81.32,0.4133,-1,-1,-1
620,387,1347.89,9.19,365.34,588.40,1.0000,-1,-1,-1
620,503,1225.56,5.23,141.92,379.57,1.0000,-1,-1,-1
620,536,774.77,520.64,120.00,117.24,1.0000,-1,-1,-1
620,538,860.03,619.24,68.81,65.54,1.0000,-1,-1,-1
620,545,932.99,679.21,79.97,88.37,1.0000,-1,-1,-1
620,546,725.67,550.03,134.73,142.99,1.0000,-1,-1,-1
620,551,1298.11,5.16,374.75,613.24,0.9517,-1,-1,-1
620,561,1100.87,15.78,163.83,366.55,0.8470,-1,-1,-1
620,567,563.58,596.06,73.04,80.24,1.0000,-1,-1,-1
620,571,760.17,679.10,30.97,44.72,1.0000,-1,-1,-1
620,572,944.77,695.48,98.51,107.06,0.4240,-1,-1,-1
620,573,1022.47,687.89,84.36,90.97,0.5157,-1,-1,-1
621,387,1353.51,9.38,365.60,588.81,1.0000,-1,-1,-1
621,503,1229.13,5.14,141.92,379.55,1.0000,-1,-1,-1
621,536,776.01,519.02,121.56,118.77,1.0000,-1,-1,-1
621,538,858.34,620.40,67.76,64.53,1.0000,-1,-1,-1
621,545,937.87,682.32,79.67,88.04,1.0000,-1,-1,-1
621,546,726.51,548.69,137.34,145.76,1.0000,-1,-1,-1
621,551,1299.48,6.05,371.26,612.40,0.9444,-1,-1,-1
621,561,1093.24,21.33,161.02,363.25,0.8667,-1,-1,-1
621,567,560.91,599.63,72.81,79.98,1.0000,-1,-1,-1
621,571,770.14,688.88,26.59,38.39,1.0000,-1,-1,-1
621,572,951.26,702.69,96.75,105.21,0.6059,-1,-1,-1
621,573,1031.90,695.39,85.53,91.47,0.6346,-1,-1,-1
622,387,1359.13,9.58,365.86,589.22,1.0000,-1,-1,-1
622,503,1232.71,5.04,141.91,379.53,1.0000,-1,-1,-1
622,536,777.26,517.40,123.13,120.29,1.0000,-1,-1,-1
622,538,856.66,621.55,66.70,63.52,1.0000,-1,-1,-1
622,545,942.76,685.43,79.37,87.71,1.0000,-1,-1,-1
622,546,727.35,547.35,139.96,148.53,1.0000,-1,-1,-1
622,551,1298.18,3.91,370.54,614.63,0.8616,-1,-1,-1
622,561,1092.30,25.22,159.22,361.29,0.8882,-1,-1,-1
622,567,558.24,603.20,72.57,79.72,1.0000,-1,-1,-1
622,571,780.11,698.65,22.21,32.07,1.0000,-1,-1,-1
622,572,955.79,706.17,97.19,105.70,1.0000,-1,-1,-1
622,573,1038.89,699.96,85.68,91.63,1.0000,-1,-1,-1
623,387,1364.75,9.77,366.11,589.63,1.0000,-1,-1,-1
623,503,1236.28,4.94,141.90,379.50,1.0000,-1,-1,-1
623,536,778.50,515.79,124.69,121.82,1.0000,-1,-1,-1
623,538,854.97,622.71,65.64,62.52,1.0000,-1,-1,-1
623,545,947.64,688.54,79.08,87.38,1.0000,-1,-1,-1
623,546,728.20,546.02,142.57,151.30,1.0000,-1,-1,-1
623,551,1277.90,2.98,378.05,621.76,0.9138,-1,-1,-1
623,561,1094.07,32.34,157.36,358.96,0.9140,-1,-1,-1
623,567,555.57,606.78,72.33,79.46,1.0000,-1,-1,-1
623,571,790.08,708.43,17.83,25.75,1.0000,-1,-1,-1
623,572,960.32,709.65,97.64,106.18,1.0000,-1,-1,-1
623,573,1045.88,704.52,85.82,91.79,1.0000,-1,-1,-1
624,387,1370.37,9.97,366.37,590.04,1.0000,-1,-1,-1
624,503,1239.85,4.85,141.89,379.48,1.0000,-1,-1,-1
624,536,779.74,514.17,126.25,123.35,1.0000,-1,-1,-1
624,538,853.29,623.86,64.59,61.51,1.0000,-1,-1,-1
624,545,952.52,691.65,78.78,87.05,1.0000,-1,-1,-1
624,546,729.04,544.68,145.18,154.07,1.0000,-1,-1,-1
624,551,1249.46,4.11,388.04,626.14,0.9554,-1,-1,-1
624,561,1095.30,36.88,156.18,358.51,0.9144,-1,-1,-1
624,567,552.90,610.35,72.09,79.19,1.0000,-1,-1,-1
624,571,800.05,718.20,13.45,19.43,1.0000,-1,-1,-1
624,572,964.85,713.13,98.09,106.67,1.0000,-1,-1,-1
624,573,1052.87,709.09,85.97,91.94,1.0000,-1,-1,-1
625,387,1375.99,10.16,366.63,590.45,1.0000,-1,-1,-1
625,503,1243.42,4.75,141.88,379.46,1.0000,-1,-1,-1
625,536,780.99,512.55,127.81,124.87,1.0000,-1,-1,-1
625,538,851.60,625.02,63.53,60.51,1.0000,-1,-1,-1
625,545,957.41,694.76,78.48,86.72,1.0000,-1,-1,-1
625,546,729.88,543.35,147.79,156.84,1.0000,-1,-1,-1
625,551,1225.87,4.82,400.16,631.71,0.9457,-1,-1,-1
625,561,1094.79,39.89,155.10,358.91,0.9011,-1,-1,-1
625,567,550.23,613.92,71.85,78.93,1.0000,-1,-1,-1
625,571,810.02,727.98,9.08,13.11,1.0000,-1,-1,-1
625,572,969.38,716.61,98.53,107.16,1.0000,-1,-1,-1
625,573,1059.85,713.65,86.12,92.10,1.0000,-1,-1,-1
626,387,1381.60,10.36,366.89,590.86,1.0000,-1,-1,-1
626,503,1247.00,4.66,141.88,379.44,1.0000,-1,-1,-1
626,536,782.23,510.93,129.38,126.40,1.0000,-1,-1,-1
626,538,849.92,626.18,62.48,59.50,1.0000,-1,-1,-1
626,545,962.29,697.87,78.18,86.39,1.0000,-1,-1,-1
626,546,730.72,542.01,150.40,159.61,1.0000,-1,-1,-1
626,551,1209.83,10.60,410.69,634.92,0.9393,-1,-1,-1
626,561,1092.85,45.80,153.12,358.13,0.8833,-1,-1,-1
626,567,547.56,617.49,71.61,78.67,1.0000,-1,-1,-1
626,571,819.99,737.75,4.70,6.78,1.0000,-1,-1,-1
626,572,973.91,720.09,98.98,107.64,1.0000,-1,-1,-1
626,573,1066.84,718.22,86.26,92.25,1.0000,-1,-1,-1
627,387,1387.22,10.55,367.14,591.27,1.0000,-1,-1,-1
627,503,1250.57,4.56,141.87,379.42,1.0000,-1,-1,-1
627,536,783.48,509.32,130.94,127.93,1.0000,-1,-1,-1
627,538,848.23,627.33,61.42,58.50,1.0000,-1,-1,-1
627,545,967.18,700.99,77.88,86.06,1.0000,-1,-1,-1
627,546,731.56,540.68,153.01,162.38,1.0000,-1,-1,-1
627,551,1199.33,11.24,418.67,639.33,0.9447,-1,-1,-1
627,561,1087.56,51.56,148.53,351.88,0.8872,-1,-1,-1
627,567,567.34,636.93,67.96,73.29,0.7174,-1,-1,-1
627,571,829.96,747.52,0.32,0.46,1.0000,-1,-1,-1
627,572,978.44,723.57,99.43,108.13,1.0000,-1,-1,-1
627,573,1073.83,722.79,86.41,92.41,1.0000,-1,-1,-1
628,387,1392.84,10.75,367.40,591.68,1.0000,-1,-1,-1
628,503,1254.14,4.47,141.86,379.40,1.0000,-1,-1,-1
628,536,784.72,507.70,132.50,129.45,1.0000,-1,-1,-1
628,538,846.54,628.49,60.36,57.49,1.0000,-1,-1,-1
628,545,972.06,704.10,77.59,85.73,1.0000,-1,-1,-1
628,546,732.40,539.34,155.62,165.15,1.0000,-1,-1,-1
628,551,1195.34,15.73,421.83,638.44,0.9256,-1,-1,-1
628,561,1082.13,52.50,146.38,351.25,0.8673,-1,-1,-1
628,567,566.77,638.89,71.52,75.70,0.4368,-1,-1,-1
628,571,839.93,757.30,-4.06,-5.86,1.0000,-1,-1,-1
628,572,982.97,727.05,99.88,108.61,1.0000,-1,-1,-1
628,573,1080.82,727.35,86.55,92.56,1.0000,-1,-1,-1
628,589,713.23,678.15,86.11,92.94,0.4206,-1,-1,-1
628,590,952.79,735.11,103.56,100.54,0.3318,-1,-1,-1
628,592,656.04,663.39,73.80,64.16,0.5318,-1,-1,-1
629,387,1398.46,10.94,367.66,592.09,1.0000,-1,-1,-1
629,503,1257.71,4.37,141.85,379.38,1.0000,-1,-1,-1
629,536,785.96,506.08,134.06,130.98,1.0000,-1,-1,-1
629,538,844.86,629.64,59.31,56.48,1.0000,-1,-1,-1
629,545,976.94,707.21,77.29,85.40,1.0000,-1,-1,-1
629,546,733.25,538.01,158.23,167.92,1.0000,-1,-1,-1
629,551,1195.66,7.93,429.59,647.07,0.9444,-1,-1,-1
629,561,1078.78,52.77,144.93,352.95,0.8203,-1,-1,-1
629,567,565.71,643.80,74.00,77.29,0.6111,-1,-1,-1
629,571,849.90,767.07,-8.44,-12.18,1.0000,-1,-1,-1
629,572,987.50,730.53,100.32,109.10,1.0000,-1,-1,-1
629,573,1087.81,731.92,86.70,92.72,1.0000,-1,-1,-1
629,589,711.51,684.09,83.28,89.66,0.5343,-1,-1,-1
629,590,952.19,738.06,103.41,100.39,1.0000,-1,-1,-1
629,592,639.17,664.48,86.01,75.09,0.6664,-1,-1,-1
630,387,1404.08,11.13,367.92,592.50,1.0000,-1,-1,-1
630,503,1261.28,4.27,141.85,379.35,1.0000,-1,-1,-1
630,536,787.21,504.47,135.63,132.51,1.0000,-1,-1,-1
630,538,843.17,630.80,58.25,55.48,1.0000,-1,-1,-1
630,545,981.83,710.32,76.99,85.07,1.0000,-1,-1,-1
630,546,734.09,536.67,160.84,170.69,1.0000,-1,-1,-1
630,551,1200.31,3.86,432.85,649.42,0.9370,-1,-1,-1
630,561,1071.63,54.78,143.19,353.07,0.8495,-1,-1,-1
630,567,568.67,654.76,73.40,75.61,0.3133,-1,-1,-1
630,571,859.87,776.85,-12.82,-18.51,1.0000,-1,-1,-1
630,572,992.03,734.01,100.77,109.59,1.0000,-1,-1,-1
630,573,1094.80,736.49,86.85,92.88,1.0000,-1,-1,-1
630,589,708.35,689.82,85.52,92.07,0.5950,-1,-1,-1
630,590,951.58,741.00,103.25,100.24,1.0000,-1,-1,-1
630,592,631.55,666.63,90.04,78.60,1.0000,-1,-1,-1
631,387,1409.70,11.33,368.17,592.91,1.0000,-1,-1,-1
631,536,788.45,502.85,137.19,134.03,1.0000,-1,-1,-1
631,538,841.49,631.95,57.20,54.47,1.0000,-1,-1,-1
631,545,986.71,713.43,76.69,84.75,1.0000,-1,-1,-1
631,546,734.93,535.33,163.45,173.46,1.0000,-1,-1,-1
631,551,1204.41,4.11,434.23,651.15,0.9322,-1,-1,-1
631,561,1061.83,55.76,142.31,353.07,0.8555,-1,-1,-1
631,567,569.09,662.74,71.79,72.48,0.5104,-1,-1,-1
631,571,869.84,786.62,-17.19,-24.83,1.0000,-1,-1,-1
631,572,996.56,737.49,101.22,110.07,1.0000,-1,-1,-1
631,573,1101.79,741.05,86.99,93.03,1.0000,-1,-1,-1
631,589,700.40,696.86,87.22,93.52,0.3655,-1,-1,-1
631,590,950.97,743.94,103.10,100.09,1.0000,-1,-1,-1
631,592,623.93,668.77,94.07,82.12,1.0000,-1,-1,-1
632,387,1415.32,11.52,368.43,593.32,1.0000,-1,-1,-1
632,538,839.80,633.11,56.14,53.47,1.0000,-1,-1,-1
632,551,1198.70,3.93,432.99,651.25,0.8605,-1,-1,-1
632,561,1047.19,61.46,142.57,350.35,0.9141,-1,-1,-1
632,567,565.82,671.43,74.94,75.05,0.4147,-1,-1,-1
632,571,879.82,796.40,-21.57,-31.15,1.0000,-1,-1,-1
632,572,1001.09,740.96,101.66,110.56,1.0000,-1,-1,-1
632,573,1108.78,745.62,87.14,93.19,1.0000,-1,-1,-1
632,589,697.82,701.56,86.69,92.96,1.0000,-1,-1,-1
632,590,950.37,746.89,102.95,99.95,1.0000,-1,-1,-1
632,592,616.31,670.92,98.09,85.63,1.0000,-1,-1,-1
633,538,838.12,634.27,55.08,52.46,1.0000,-1,-1,-1
633,551,1178.70,3.10,430.72,651.49,0.8987,-1,-1,-1
633,561,1034.26,64.60,144.17,349.36,0.9210,-1,-1,-1
633,567,563.80,675.90,77.04,76.73,0.3831,-1,-1,-1
633,571,889.79,806.17,-25.95,-37.47,1.0000,-1,-1,-1
633,572,1005.62,744.44,102.11,111.04,1.0000,-1,-1,-1
633,573,1115.77,750.19,87.28,93.34,1.0000,-1,-1,-1
633,589,695.25,706.25,86.16,92.39,1.0000,-1,-1,-1
633,590,949.76,749.83,102.80,99.80,1.0000,-1,-1,-1
633,592,608.69,673.06,102.12,89.14,1.0000,-1,-1,-1
633,595,1190.09,773.84,105.53,102.52,0.6606,-1,-1,-1
634,538,836.43,635.42,54.03,51.46,1.0000,-1,-1,-1
634,551,1157.80,2.80,430.53,656.48,0.8904,-1,-1,-1
634,561,1026.39,68.46,145.48,347.11,0.9249,-1,-1,-1
634,567,559.79,675.34,78.31,78.59,0.6986,-1,-1,-1
634,571,899.76,815.95,-30.33,-43.79,1.0000,-1,-1,-1
634,572,1010.15,747.92,102.56,111.53,1.0000,-1,-1,-1
634,573,1122.76,754.75,87.43,93.50,1.0000,-1,-1,-1
634,589,681.85,702.71,90.60,97.04,0.6830,-1,-1,-1
634,590,949.15,752.77,102.65,99.65,1.0000,-1,-1,-1
634,592,601.07,675.21,106.14,92.66,1.0000,-1,-1,-1
634,595,1186.63,771.95,112.15,108.66,0.6065,-1,-1,-1
635,538,834.75,636.58,52.97,50.45,1.0000,-1,-1,-1
635,551,1144.76,2.04,432.83,663.83,0.9204,-1,-1,-1
635,561,1025.86,72.83,146.73,345.44,0.9218,-1,-1,-1
635,567,558.82,680.46,78.51,78.79,1.0000,-1,-1,-1
635,571,909.73,825.72,-34.71,-50.12,1.0000,-1,-1,-1
635,572,1014.68,751.40,103.00,112.02,1.0000,-1,-1,-1
635,573,1129.75,759.32,87.57,93.66,1.0000,-1,-1,-1
635,589,677.68,706.19,90.79,97.24,1.0000,-1,-1,-1
635,590,948.55,755.72,102.49,99.50,1.0000,-1,-1,-1
635,592,593.45,677.35,110.17,96.17,1.0000,-1,-1,-1
635,595,1192.63,769.43,112.40,108.90,1.0000,-1,-1,-1
636,538,833.06,637.73,51.92,49.44,1.0000,-1,-1,-1
636,551,1135.84,1.12,436.00,670.43,0.8897,-1,-1,-1
636,561,1027.36,77.72,147.11,342.01,0.9374,-1,-1,-1
636,567,557.85,685.58,78.71,78.99,1.0000,-1,-1,-1
636,571,919.70,835.50,-39.08,-56.44,1.0000,-1,-1,-1
636,572,1019.21,754.88,103.45,112.50,1.0000,-1,-1,-1
636,573,1136.74,763.88,87.72,93.81,1.0000,-1,-1,-1
636,589,673.51,709.67,90.98,97.45,1.0000,-1,-1,-1
636,590,947.94,758.66,102.34,99.36,1.0000,-1,-1,-1
636,592,585.83,679.50,114.19,99.69,1.0000,-1,-1,-1
636,595,1198.62,766.91,112.64,109.14,1.0000,-1,-1,-1
637,538,831.38,638.89,50.86,48.44,1.0000,-1,-1,-1
637,551,1130.16,0.97,437.39,673.15,0.8968,-1,-1,-1
637,561,1027.69,80.34,147.50,340.65,0.9366,-1,-1,-1
637,567,549.68,670.66,85.09,86.24,0.3908,-1,-1,-1
637,571,929.67,845.27,-43.46,-62.76,1.0000,-1,-1,-1
637,572,1023.74,758.36,103.90,112.99,1.0000,-1,-1,-1
637,573,1143.72,768.45,87.87,93.97,1.0000,-1,-1,-1
637,589,669.34,713.14,91.18,97.66,1.0000,-1,-1,-1
637,590,947.33,761.60,102.19,99.21,1.0000,-1,-1,-1
637,592,578.22,681.65,118.22,103.20,1.0000,-1,-1,-1
637,595,1204.62,764.39,112.89,109.38,1.0000,-1,-1,-1
638,538,829.69,640.04,49.80,47.43,1.0000,-1,-1,-1
638,551,1159.28,1.61,427.52,671.15,0.8613,-1,-1,-1
638,561,1026.30,80.36,146.59,338.76,0.9350,-1,-1,-1
638,567,547.97,673.82,85.97,87.13,1.0000,-1,-1,-1
638,571,939.64,855.05,-47.84,-69.08,1.0000,-1,-1,-1
638,572,1028.27,761.84,104.34,113.47,1.0000,-1,-1,-1
638,573,1150.71,773.02,88.01,94.12,1.0000,-1,-1,-1
638,589,665.17,716.62,91.37,97.86,1.0000,-1,-1,-1
638,590,946.73,764.55,102.04,99.06,1.0000,-1,-1,-1
638,592,570.60,683.79,122.25,106.72,1.0000,-1,-1,-1
638,595,1210.62,761.87,113.14,109.62,1.0000,-1,-1,-1
639,538,828.01,641.20,48.75,46.43,1.0000,-1,-1,-1
639,551,1159.04,1.03,423.36,671.60,0.9330,-1,-1,-1
639,561,1023.90,79.80,144.56,336.93,0.9224,-1,-1,-1
639,567,546.26,676.98,86.84,88.02,1.0000,-1,-1,-1
639,571,949.61,864.82,-52.22,-75.41,1.0000,-1,-1,-1
639,572,1032.80,765.32,104.79,113.96,1.0000,-1,-1,-1
639,573,1157.70,777.58,88.16,94.28,1.0000,-1,-1,-1
639,589,660.99,720.10,91.56,98.07,1.0000,-1,-1,-1
639,590,946.12,767.49,101.89,98.91,1.0000,-1,-1,-1
639,592,562.98,685.94,126.27,110.23,1.0000,-1,-1,-1
639,595,1216.61,759.36,113.39,109.86,1.0000,-1,-1,-1
640,538,826.32,642.36,47.69,45.42,1.0000,-1,-1,-1
640,551,1149.53,1.06,422.67,673.20,0.9444,-1,-1,-1
640,561,1019.07,79.73,142.72,337.46,0.8956,-1,-1,-1
640,567,544.55,680.15,87.72,88.91,1.0000,-1,-1,-1
640,571,959.58,874.60,-56.60,-81.73,1.0000,-1,-1,-1
640,572,1037.34,768.80,105.24,114.45,1.0000,-1,-1,-1
640,573,1164.69,782.15,88.30,94.44,1.0000,-1,-1,-1
640,589,656.82,723.57,91.75,98.27,1.0000,-1,-1,-1
640,590,945.51,770.43,101.73,98.77,1.0000,-1,-1,-1
640,592,555.36,688.08,130.30,113.74,1.0000,-1,-1,-1
640,595,1222.61,756.84,113.63,110.10,1.0000,-1,-1,-1
641,538,824.63,643.51,46.64,44.42,1.0000,-1,-1,-1
641,551,1141.77,1.29,421.76,673.39,0.9610,-1,-1,-1
641,561,1015.70,79.45,140.51,337.76,0.8071,-1,-1,-1
641,567,542.83,683.31,88.60,89.80,1.0000,-1,-1,-1
641,571,969.55,884.37,-60.98,-88.05,1.0000,-1,-1,-1
641,572,1041.87,772.28,105.68,114.93,1.0000,-1,-1,-1
641,573,1171.68,786.72,88.45,94.59,1.0000,-1,-1,-1
641,589,652.65,727.05,91.94,98.48,1.0000,-1,-1,-1
641,590,944.90,773.37,101.58,98.62,1.0000,-1,-1,-1
641,592,547.74,690.23,134.32,117.26,1.0000,-1,-1,-1
641,595,1228.61,754.32,113.88,110.34,1.0000,-1,-1,-1
642,538,822.95,644.67,45.58,43.41,1.0000,-1,-1,-1
642,551,1139.72,1.77,421.39,675.20,0.9528,-1,-1,-1
642,561,1016.20,79.11,138.67,339.39,0.7045,-1,-1,-1
642,567,541.12,686.47,89.47,90.69,1.0000,-1,-1,-1
642,571,979.52,894.15,-65.35,-94.37,1.0000,-1,-1,-1
642,572,1046.40,775.76,106.13,115.42,1.0000,-1,-1,-1
642,573,1178.67,791.28,88.60,94.75,1.0000,-1,-1,-1
642,589,648.48,730.53,92.14,98.68,1.0000,-1,-1,-1
642,590,944.30,776.32,101.43,98.47,1.0000,-1,-1,-1
642,592,540.12,692.38,138.35,120.77,1.0000,-1,-1,-1
642,595,1234.60,751.80,114.13,110.58,1.0000,-1,-1,-1
643,538,821.26,645.82,44.52,42.40,1.0000,-1,-1,-1
643,551,1147.24,1.35,421.16,676.18,0.9535,-1,-1,-1
643,561,1016.19,80.20,136.54,339.72,0.6752,-1,-1,-1
643,567,539.41,689.63,90.35,91.58,1.0000,-1,-1,-1
643,571,989.49,903.92,-69.73,-100.69,1.0000,-1,-1,-1
643,572,1050.93,779.23,106.58,115.90,1.0000,-1,-1,-1
643,573,1185.66,795.85,88.74,94.90,1.0000,-1,-1,-1
643,589,644.31,734.00,92.33,98.89,1.0000,-1,-1,-1
643,590,943.69,779.26,101.28,98.32,1.0000,-1,-1,-1
643,592,532.50,694.52,142.37,124.29,1.0000,-1,-1,-1
643,595,1240.60,749.29,114.38,110.81,1.0000,-1,-1,-1
644,538,819.58,646.98,43.47,41.40,1.0000,-1,-1,-1
644,551,1149.39,2.01,421.03,674.77,0.9188,-1,-1,-1
644,561,1017.64,82.65,133.48,338.20,0.6764,-1,-1,-1
644,567,537.69,692.79,91.23,92.47,1.0000,-1,-1,-1
644,571,999.46,913.70,-74.11,-107.02,1.0000,-1,-1,-1
644,572,1055.46,782.71,107.03,116.39,1.0000,-1,-1,-1
644,573,1192.65,800.41,88.89,95.06,1.0000,-1,-1,-1
644,589,640.14,737.48,92.52,99.10,1.0000,-1,-1,-1
644,590,943.08,782.20,101.13,98.17,1.0000,-1,-1,-1
644,592,524.88,696.67,146.40,127.80,1.0000,-1,-1,-1
644,595,1246.60,746.77,114.62,111.05,1.0000,-1,-1,-1
644,606,1550.11,283.57,119.08,65.30,0.4182,-1,-1,-1
645,538,817.89,648.13,42.41,40.39,1.0000,-1,-1,-1
645,551,1138.41,3.00,422.89,673.45,0.9617,-1,-1,-1
645,561,1018.41,86.33,130.75,335.25,0.8093,-1,-1,-1
645,567,535.98,695.95,92.11,93.36,1.0000,-1,-1,-1
645,571,1009.43,923.47,-78.49,-113.34,1.0000,-1,-1,-1
645,572,1059.99,786.19,107.47,116.88,1.0000,-1,-1,-1
645,573,1199.64,804.98,89.03,95.22,1.0000,-1,-1,-1
645,589,635.97,740.96,92.71,99.30,1.0000,-1,-1,-1
645,590,942.48,785.15,100.97,98.03,1.0000,-1,-1,-1
645,592,517.26,698.81,150.43,131.32,1.0000,-1,-1,-1
645,595,1252.59,744.25,114.87,111.29,1.0000,-1,-1,-1
645,606,1543.80,289.85,116.05,62.92,0.4749,-1,-1,-1
646,551,1133.84,4.05,422.36,671.86,0.9522,-1,-1,-1
646,561,1019.60,88.11,129.79,333.44,0.7952,-1,-1,-1
646,567,534.27,699.12,92.98,94.24,1.0000,-1,-1,-1
646,572,1064.52,789.67,107.92,117.36,1.0000,-1,-1,-1
646,573,1206.63,809.55,89.18,95.37,1.0000,-1,-1,-1
646,589,631.80,744.43,92.90,99.51,1.0000,-1,-1,-1
646,590,941.87,788.09,100.82,97.88,1.0000,-1,-1,-1
646,592,509.65,700.96,154.45,134.83,1.0000,-1,-1,-1
646,595,1258.59,741.73,115.12,111.53,1.0000,-1,-1,-1
646,606,1543.70,293.38,114.11,61.86,1.0000,-1,-1,-1
647,551,1131.97,3.11,410.56,655.51,0.9267,-1,-1,-1
647,561,1023.86,89.67,130.02,331.27,0.8369,-1,-1,-1
647,567,532.56,702.28,93.86,95.13,1.0000,-1,-1,-1
647,572,1069.05,793.15,108.37,117.85,1.0000,-1,-1,-1
647,573,1213.62,814.11,89.33,95.53,1.0000,-1,-1,-1
647,589,627.63,747.91,93.10,99.71,1.0000,-1,-1,-1
647,590,941.26,791.03,100.67,97.73,1.0000,-1,-1,-1
647,592,502.03,703.10,158.48,138.34,1.0000,-1,-1,-1
647,595,1264.58,739.21,115.36,111.77,1.0000,-1,-1,-1
647,606,1543.60,296.90,112.17,60.81,1.0000,-1,-1,-1
647,612,482.02,641.01,99.48,88.93,0.3780,-1,-1,-1
648,551,1125.86,2.97,397.77,640.37,0.7876,-1,-1,-1
648,561,1021.62,90.50,130.37,329.52,0.8809,-1,-1,-1
648,567,530.84,705.44,94.74,96.02,1.0000,-1,-1,-1
648,572,1073.58,796.63,108.81,118.33,1.0000,-1,-1,-1
648,573,1220.61,818.68,89.47,95.68,1.0000,-1,-1,-1
648,589,623.46,751.39,93.29,99.92,1.0000,-1,-1,-1
648,590,940.66,793.98,100.52,97.58,1.0000,-1,-1,-1
648,592,494.41,705.25,162.50,141.86,1.0000,-1,-1,-1
648,595,1270.58,736.70,115.61,112.01,1.0000,-1,-1,-1
648,606,1543.51,300.43,110.22,59.75,1.0000,-1,-1,-1
648,612,478.74,637.87,102.82,91.92,1.0000,-1,-1,-1
649,551,1118.97,1.90,387.20,627.42,0.7740,-1,-1,-1
649,561,1015.73,91.47,129.08,326.88,0.8326,-1,-1,-1
649,567,529.13,708.60,95.61,96.91,1.0000,-1,-1,-1
649,572,1078.11,800.11,109.26,118.82,1.0000,-1,-1,-1
649,573,1227.59,823.25,89.62,95.84,1.0000,-1,-1,-1
649,589,619.28,754.87,93.48,100.12,1.0000,-1,-1,-1
649,590,940.05,796.92,100.37,97.44,1.0000,-1,-1,-1
649,592,486.79,707.40,166.53,145.37,1.0000,-1,-1,-1
649,595,1276.58,734.18,115.86,112.25,1.0000,-1,-1,-1
649,606,1543.41,303.95,108.28,58.70,1.0000,-1,-1,-1
649,612,475.46,634.73,106.16,94.90,1.0000,-1,-1,-1
650,551,1123.61,2.78,378.69,622.65,0.7369,-1,-1,-1
650,561,1009.99,90.54,127.08,325.28,0.8413,-1,-1,-1
650,567,527.42,711.76,96.49,97.80,1.0000,-1,-1,-1
650,572,1082.64,803.59,109.71,119.31,1.0000,-1,-1,-1
650,573,1234.58,827.81,89.76,96.00,1.0000,-1,-1,-1
650,589,615.11,758.34,93.67,100.33,1.0000,-1,-1,-1
650,590,939.44,799.86,100.21,97.29,1.0000,-1,-1,-1
650,592,479.17,709.54,170.55,148.89,1.0000,-1,-1,-1
650,595,1282.57,731.66,116.11,112.49,1.0000,-1,-1,-1
650,606,1543.31,307.47,106.33,57.64,1.0000,-1,-1,-1
650,612,472.18,631.60,109.50,97.89,1.0000,-1,-1,-1
651,551,1132.59,11.11,367.27,611.70,0.5914,-1,-1,-1
651,561,999.39,89.05,126.37,324.92,0.8747,-1,-1,-1
651,567,525.70,714.92,97.37,98.69,1.0000,-1,-1,-1
651,572,1087.17,807.07,110.15,119.79,1.0000,-1,-1,-1
651,573,1241.57,832.38,89.91,96.15,1.0000,-1,-1,-1
651,589,610.94,761.82,93.86,100.54,1.0000,-1,-1,-1
651,590,938.84,802.81,100.06,97.14,1.0000,-1,-1,-1
651,592,471.55,711.69,174.58,152.40,1.0000,-1,-1,-1
651,595,1288.57,729.14,116.35,112.73,1.0000,-1,-1,-1
651,606,1543.21,311.00,104.39,56.59,1.0000,-1,-1,-1
651,612,468.90,628.46,112.84,100.87,1.0000,-1,-1,-1
652,551,1114.89,9.28,369.21,615.99,0.9048,-1,-1,-1
652,561,992.58,87.88,123.89,321.23,0.8967,-1,-1,-1
652,567,523.99,718.09,98.24,99.58,1.0000,-1,-1,-1
652,589,606.77,765.30,94.06,100.74,1.0000,-1,-1,-1
652,590,938.23,805.75,99.91,96.99,1.0000,-1,-1,-1
652,592,463.93,713.83,178.61,155.92,1.0000,-1,-1,-1
652,595,1294.57,726.63,116.60,112.97,1.0000,-1,-1,-1
652,606,1543.11,314.52,102.44,55.54,1.0000,-1,-1,-1
652,612,465.63,625.32,116.18,103.86,1.0000,-1,-1,-1
653,551,1089.29,6.06,374.70,620.11,0.9454,-1,-1,-1
653,561,989.19,85.29,123.19,321.75,0.9090,-1,-1,-1
653,567,522.28,721.25,99.12,100.47,1.0000,-1,-1,-1
653,589,602.60,768.77,94.25,100.95,1.0000,-1,-1,-1
653,590,937.62,808.69,99.76,96.85,1.0000,-1,-1,-1
653,592,456.31,715.98,182.63,159.43,1.0000,-1,-1,-1
653,595,1300.56,724.11,116.85,113.21,1.0000,-1,-1,-1
653,606,1543.02,318.05,100.50,54.48,1.0000,-1,-1,-1
653,612,462.35,622.18,119.52,106.84,1.0000,-1,-1,-1
654,551,1065.04,5.13,381.78,623.37,0.9516,-1,-1,-1
654,561,988.01,82.48,122.88,323.65,0.9041,-1,-1,-1
654,567,520.57,724.41,100.00,101.36,1.0000,-1,-1,-1
654,589,598.43,772.25,94.44,101.15,1.0000,-1,-1,-1
654,590,937.02,811.63,99.61,96.70,1.0000,-1,-1,-1
654,592,448.69,718.12,186.66,162.94,1.0000,-1,-1,-1
654,595,1306.56,721.59,117.10,113.45,1.0000,-1,-1,-1
654,606,1542.92,321.57,98.55,53.43,1.0000,-1,-1,-1
654,612,459.07,619.04,122.86,109.83,1.0000,-1,-1,-1
655,551,1049.30,3.15,389.41,628.08,0.9653,-1,-1,-1
655,561,989.03,81.63,122.09,323.85,0.9109,-1,-1,-1
655,567,518.85,727.57,100.88,102.24,1.0000,-1,-1,-1
655,589,594.26,775.73,94.63,101.36,1.0000,-1,-1,-1
655,590,936.41,814.58,99.45,96.55,1.0000,-1,-1,-1
655,592,441.08,720.27,190.68,166.46,1.0000,-1,-1,-1
655,595,1312.56,719.07,117.34,113.69,1.0000,-1,-1,-1
655,606,1542.82,325.09,96.61,52.37,1.0000,-1,-1,-1
655,612,455.79,615.90,126.20,112.81,1.0000,-1,-1,-1
656,551,1049.08,2.42,394.42,630.09,0.9645,-1,-1,-1
656,561,989.40,81.65,121.39,322.36,0.9080,-1,-1,-1
656,567,517.14,730.73,101.75,103.13,1.0000,-1,-1,-1
656,589,590.09,779.20,94.82,101.56,1.0000,-1,-1,-1
656,590,935.80,817.52,99.30,96.40,1.0000,-1,-1,-1
656,592,433.46,722.42,194.71,169.97,1.0000,-1,-1,-1
656,595,1318.55,716.56,117.59,113.93,1.0000,-1,-1,-1
656,606,1542.72,328.62,94.67,51.32,1.0000,-1,-1,-1
656,612,452.51,612.76,129.54,115.80,1.0000,-1,-1,-1
657,551,1054.83,1.62,398.03,629.09,0.9640,-1,-1,-1
657,561,985.91,81.36,122.46,322.37,0.9245,-1,-1,-1
657,567,515.43,733.89,102.63,104.02,1.0000,-1,-1,-1
657,589,585.92,782.68,95.02,101.77,1.0000,-1,-1,-1
657,590,935.19,820.46,99.15,96.26,1.0000,-1,-1,-1
657,592,425.84,724.56,198.73,173.49,1.0000,-1,-1,-1
657,595,1324.55,714.04,117.84,114.17,1.0000,-1,-1,-1
657,606,1542.62,332.14,92.72,50.27,1.0000,-1,-1,-1
657,612,449.24,609.62,132.88,118.79,1.0000,-1,-1,-1
658,551,1066.68,1.67,399.00,623.99,0.9697,-1,-1,-1
658,561,982.45,83.30,123.21,320.22,0.9265,-1,-1,-1
658,567,513.71,737.06,103.51,104.91,1.0000,-1,-1,-1
658,589,581.75,786.16,95.21,101.98,1.0000,-1,-1,-1
658,590,934.59,823.41,99.00,96.11,1.0000,-1,-1,-1
658,592,418.22,726.71,202.76,177.00,1.0000,-1,-1,-1
658,595,1330.55,711.52,118.09,114.41,1.0000,-1,-1,-1
658,606,1542.53,335.67,90.78,49.21,1.0000,-1,-1,-1
658,612,445.96,606.48,136.22,121.77,1.0000,-1,-1,-1
658,616,652.47,687.27,89.00,92.72,0.6710,-1,-1,-1
659,551,1075.74,2.08,399.95,621.33,0.9607,-1,-1,-1
659,561,982.26,85.55,123.76,317.40,0.9231,-1,-1,-1
659,567,512.00,740.22,104.38,105.80,1.0000,-1,-1,-1
659,589,577.57,789.63,95.40,102.18,1.0000,-1,-1,-1
659,592,410.60,728.85,206.78,180.52,1.0000,-1,-1,-1
659,595,1336.54,709.00,118.33,114.65,1.0000,-1,-1,-1
659,606,1542.43,339.19,88.83,48.16,1.0000,-1,-1,-1
659,612,442.68,603.34,139.56,124.76,1.0000,-1,-1,-1
659,616,653.15,687.63,88.44,92.14,1.0000,-1,-1,-1
660,551,1083.30,3.37,397.38,616.75,0.9479,-1,-1,-1
660,561,985.54,87.69,124.09,315.21,0.9383,-1,-1,-1
660,567,510.29,743.38,105.26,106.69,1.0000,-1,-1,-1
660,589,573.40,793.11,95.59,102.39,1.0000,-1,-1,-1
660,595,1342.54,706.48,118.58,114.89,1.0000,-1,-1,-1
660,606,1542.33,342.72,86.89,47.10,1.0000,-1,-1,-1
660,612,439.40,600.20,142.90,127.74,1.0000,-1,-1,-1
660,616,653.83,687.98,87.88,91.56,1.0000,-1,-1,-1
661,551,1086.81,4.64,391.46,610.26,0.8588,-1,-1,-1
661,561,989.24,88.10,124.33,314.17,0.9292,-1,-1,-1
661,567,508.58,746.54,106.14,107.58,1.0000,-1,-1,-1
661,589,569.23,796.59,95.79,102.59,1.0000,-1,-1,-1
661,595,1348.54,703.97,118.83,115.13,1.0000,-1,-1,-1
661,606,1542.23,346.24,84.94,46.05,1.0000,-1,-1,-1
661,612,436.12,597.07,146.24,130.73,1.0000,-1,-1,-1
661,616,654.51,688.34,87.32,90.98,1.0000,-1,-1,-1
661,620,1424.66,266.47,114.93,61.94,0.3075,-1,-1,-1
662,551,1089.81,7.34,384.20,607.80,0.7642,-1,-1,-1
662,561,992.70,88.94,124.34,313.35,0.9256,-1,-1,-1
662,567,506.86,749.70,107.02,108.47,1.0000,-1,-1,-1
662,589,565.06,800.07,95.98,102.80,1.0000,-1,-1,-1
662,595,1354.53,701.45,119.08,115.37,1.0000,-1,-1,-1
662,606,1542.13,349.76,83.00,45.00,1.0000,-1,-1,-1
662,612,432.85,593.93,149.58,133.71,1.0000,-1,-1,-1
662,616,655.19,688.70,86.76,90.40,1.0000,-1,-1,-1
662,620,1426.55,268.38,112.95,60.33,0.3888,-1,-1,-1
663,551,1089.94,8.48,375.70,608.08,0.6133,-1,-1,-1
663,561,994.29,90.78,123.45,311.05,0.9098,-1,-1,-1
663,567,505.15,752.86,107.89,109.36,1.0000,-1,-1,-1
663,589,560.89,803.54,96.17,103.00,1.0000,-1,-1,-1
663,595,1360.53,698.93,119.32,115.61,1.0000,-1,-1,-1
663,606,1542.04,353.29,81.05,43.94,1.0000,-1,-1,-1
663,612,429.57,590.79,152.92,136.70,1.0000,-1,-1,-1
663,616,655.88,689.06,86.21,89.82,1.0000,-1,-1,-1
663,620,1428.77,268.65,114.44,60.65,0.3434,-1,-1,-1
664,551,1097.22,6.15,369.96,614.09,0.7168,-1,-1,-1
664,561,995.81,91.52,122.37,309.06,0.8958,-1,-1,-1
664,567,503.44,756.03,108.77,110.24,1.0000,-1,-1,-1
664,589,556.72,807.02,96.36,103.21,1.0000,-1,-1,-1
664,595,1366.53,696.41,119.57,115.85,1.0000,-1,-1,-1
664,606,1541.94,356.81,79.11,42.89,1.0000,-1,-1,-1
664,612,426.29,587.65,156.26,139.68,1.0000,-1,-1,-1
664,616,656.56,689.41,85.65,89.24,1.0000,-1,-1,-1
664,620,1423.93,270.96,116.46,60.97,0.3703,-1,-1,-1
665,551,1106.83,5.51,363.67,619.79,0.5443,-1,-1,-1
665,561,996.57,91.93,121.14,307.76,0.8317,-1,-1,-1
665,567,501.72,759.19,109.65,111.13,1.0000,-1,-1,-1
665,606,1541.84,360.34,77.17,41.83,1.0000,-1,-1,-1
665,612,423.01,584.51,159.60,142.67,1.0000,-1,-1,-1
665,616,657.24,689.77,85.09,88.65,1.0000,-1,-1,-1
665,620,1418.16,273.35,118.27,61.12,0.4034,-1,-1,-1
666,551,1106.85,4.55,358.97,625.20,0.7712,-1,-1,-1
666,561,995.02,91.30,120.55,307.99,0.7961,-1,-1,-1
666,567,500.01,762.35,110.52,112.02,1.0000,-1,-1,-1
666,606,1541.74,363.86,75.22,40.78,1.0000,-1,-1,-1
666,612,419.73,581.37,162.94,145.66,1.0000,-1,-1,-1
666,616,657.92,690.13,84.53,88.07,1.0000,-1,-1,-1
666,620,1409.53,272.93,119.68,61.12,0.4779,-1,-1,-1
666,623,905.37,239.48,81.34,66.79,0.4300,-1,-1,-1
667,551,1092.87,3.75,356.90,627.55,0.8709,-1,-1,-1
667,561,995.41,91.46,119.94,307.91,0.7580,-1,-1,-1
667,567,498.30,765.51,111.40,112.91,1.0000,-1,-1,-1
667,606,1541.64,367.39,73.28,39.72,1.0000,-1,-1,-1
667,612,416.46,578.23,166.28,148.64,1.0000,-1,-1,-1
667,616,658.60,690.49,83.97,87.49,1.0000,-1,-1,-1
667,620,1402.88,270.82,119.82,60.65,0.5338,-1,-1,-1
667,623,910.97,240.17,80.50,65.65,0.4241,-1,-1,-1
668,551,1073.78,5.03,357.58,628.66,0.9427,-1,-1,-1
668,561,991.46,91.04,119.30,307.61,0.7106,-1,-1,-1
668,606,1541.55,370.91,71.33,38.67,1.0000,-1,-1,-1
668,612,413.18,575.09,169.62,151.63,1.0000,-1,-1,-1
668,616,659.28,690.84,83.41,86.91,1.0000,-1,-1,-1
668,620,1398.16,267.43,122.23,61.73,0.4673,-1,-1,-1
668,623,917.16,238.67,81.86,66.60,0.4195,-1,-1,-1
668,625,590.97,674.06,118.00,108.55,0.4735,-1,-1,-1
669,551,1056.29,3.77,361.14,632.47,0.9613,-1,-1,-1
669,561,991.96,91.16,117.99,305.75,0.7820,-1,-1,-1
669,606,1541.45,374.43,69.39,37.62,1.0000,-1,-1,-1
669,612,409.90,571.95,172.96,154.61,1.0000,-1,-1,-1
669,616,659.97,691.20,82.86,86.33,1.0000,-1,-1,-1
669,620,1395.93,266.77,119.24,60.27,0.4312,-1,-1,-1
669,623,919.70,238.17,82.09,66.78,1.0000,-1,-1,-1
669,625,603.70,675.52,117.80,107.20,0.5526,-1,-1,-1
670,551,1046.45,3.74,364.36,635.88,0.9691,-1,-1,-1
670,561,989.29,90.37,117.82,305.58,0.8546,-1,-1,-1
670,606,1541.35,377.96,67.44,36.56,1.0000,-1,-1,-1
670,612,406.62,568.81,176.30,157.60,1.0000,-1,-1,-1
670,616,660.65,691.56,82.30,85.75,1.0000,-1,-1,-1
670,620,1392.78,266.33,119.08,60.19,1.0000,-1,-1,-1
670,623,922.24,237.66,82.31,66.97,1.0000,-1,-1,-1
670,625,616.33,684.76,106.18,94.93,0.5496,-1,-1,-1
671,551,1046.62,3.34,366.60,637.65,0.9634,-1,-1,-1
671,561,985.53,91.02,116.86,304.36,0.8789,-1,-1,-1
671,606,1541.25,381.48,65.50,35.51,1.0000,-1,-1,-1
671,612,403.34,565.67,179.64,160.58,1.0000,-1,-1,-1
671,616,661.33,691.92,81.74,85.16,1.0000,-1,-1,-1
671,620,1389.63,265.89,118.91,60.10,1.0000,-1,-1,-1
671,623,924.78,237.16,82.54,67.16,1.0000,-1,-1,-1
671,625,622.60,690.65,106.19,93.20,0.3239,-1,-1,-1
672,551,1054.83,4.90,367.56,636.41,0.9632,-1,-1,-1
672,561,985.77,90.97,115.61,303.04,0.8609,-1,-1,-1
672,606,1541.15,385.01,63.56,34.45,1.0000,-1,-1,-1
672,612,400.07,562.53,182.98,163.57,1.0000,-1,-1,-1
672,616,662.01,692.27,81.18,84.58,1.0000,-1,-1,-1
672,620,1386.47,265.45,118.74,60.02,1.0000,-1,-1,-1
672,623,927.32,236.65,82.77,67.34,1.0000,-1,-1,-1
672,625,622.05,694.62,115.88,100.67,0.4531,-1,-1,-1
673,551,1064.51,4.55,370.41,637.68,0.9611,-1,-1,-1
673,561,988.05,91.11,114.66,303.21,0.8595,-1,-1,-1
673,606,1541.06,388.53,61.61,33.40,1.0000,-1,-1,-1
673,612,396.79,559.40,186.32,166.55,1.0000,-1,-1,-1
673,616,662.69,692.63,80.62,84.00,1.0000,-1,-1,-1
673,620,1383.32,265.01,118.58,59.93,1.0000,-1,-1,-1
673,623,929.86,236.15,83.00,67.53,1.0000,-1,-1,-1
673,625,627.02,697.10,119.67,103.05,0.5586,-1,-1,-1
674,551,1066.48,3.81,373.68,638.04,0.9454,-1,-1,-1
674,561,991.86,91.65,113.54,301.90,0.8647,-1,-1,-1
674,606,1540.96,392.05,59.67,32.35,1.0000,-1,-1,-1
674,612,393.51,556.26,189.66,169.54,1.0000,-1,-1,-1
674,616,663.37,692.99,80.07,83.42,1.0000,-1,-1,-1
674,620,1380.17,264.57,118.41,59.85,1.0000,-1,-1,-1
674,623,932.40,235.65,83.23,67.72,1.0000,-1,-1,-1
674,625,631.86,697.88,121.87,103.68,0.6100,-1,-1,-1
674,629,1086.87,785.24,145.97,121.13,0.4771,-1,-1,-1
674,630,714.21,681.90,168.58,157.21,0.4277,-1,-1,-1
675,551,1072.49,4.15,374.32,636.34,0.9396,-1,-1,-1
675,561,994.38,90.60,112.19,299.29,0.8803,-1,-1,-1
675,606,1540.86,395.58,57.72,31.29,1.0000,-1,-1,-1
675,612,390.23,553.12,193.00,172.53,1.0000,-1,-1,-1
675,616,664.06,693.35,79.51,82.84,1.0000,-1,-1,-1
675,620,1377.02,264.13,118.24,59.77,1.0000,-1,-1,-1
675,623,934.93,235.14,83.46,67.90,1.0000,-1,-1,-1
675,625,636.99,690.89,137.95,115.85,0.6361,-1,-1,-1
675,629,1093.11,790.71,142.02,117.29,0.6381,-1,-1,-1
675,630,742.30,710.31,140.64,130.02,0.3695,-1,-1,-1
675,631,940.41,760.45,166.98,133.36,0.5905,-1,-1,-1
676,551,1082.93,4.41,371.75,634.75,0.9181,-1,-1,-1
676,561,997.15,89.77,111.65,298.93,0.8605,-1,-1,-1
676,612,386.95,549.98,196.34,175.51,1.0000,-1,-1,-1
676,616,664.74,693.70,78.95,82.26,1.0000,-1,-1,-1
676,620,1373.87,263.68,118.08,59.68,1.0000,-1,-1,-1
676,623,937.47,234.64,83.69,68.09,1.0000,-1,-1,-1
676,625,639.27,685.62,153.82,127.86,0.5644,-1,-1,-1
676,629,1106.40,794.63,138.45,113.94,0.5875,-1,-1,-1
676,630,757.77,721.94,124.65,115.23,1.0000,-1,-1,-1
676,631,940.92,759.17,160.11,128.17,0.4792,-1,-1,-1
677,551,1090.81,4.45,362.94,626.27,0.9228,-1,-1,-1
677,561,1000.75,88.33,111.97,300.12,0.8633,-1,-1,-1
677,612,383.68,546.84,199.68,178.50,1.0000,-1,-1,-1
677,616,665.42,694.06,78.39,81.67,1.0000,-1,-1,-1
677,620,1370.72,263.24,117.91,59.60,1.0000,-1,-1,-1
677,623,940.01,234.13,83.92,68.28,1.0000,-1,-1,-1
677,625,645.58,687.21,156.80,130.34,1.0000,-1,-1,-1
677,629,1117.54,795.67,134.39,110.56,0.4412,-1,-1,-1
677,630,773.24,733.58,108.66,100.45,1.0000,-1,-1,-1
677,631,939.32,760.33,159.98,128.76,0.5405,-1,-1,-1
678,551,1099.42,4.23,350.44,615.27,0.9058,-1,-1,-1
678,561,1003.82,87.03,111.93,300.52,0.8374,-1,-1,-1
678,616,666.10,694.42,77.83,81.09,1.0000,-1,-1,-1
678,620,1367.57,262.80,117.74,59.51,1.0000,-1,-1,-1
678,623,942.55,233.63,84.15,68.46,1.0000,-1,-1,-1
678,625,651.88,688.81,159.78,132.81,1.0000,-1,-1,-1
678,629,1123.09,798.32,132.13,108.70,1.0000,-1,-1,-1
678,630,788.71,745.21,92.66,85.66,1.0000,-1,-1,-1
678,631,941.41,760.47,164.68,133.48,0.4612,-1,-1,-1
679,551,1112.70,3.30,338.67,606.23,0.7450,-1,-1,-1
679,561,1003.53,86.39,111.12,298.50,0.8583,-1,-1,-1
679,616,666.78,694.78,77.27,80.51,1.0000,-1,-1,-1
679,620,1335.80,254.46,111.03,56.76,0.4577,-1,-1,-1
679,623,945.09,233.12,84.38,68.65,1.0000,-1,-1,-1
679,625,658.19,690.41,162.76,135.29,1.0000,-1,-1,-1
679,629,1128.64,800.96,129.87,106.84,1.0000,-1,-1,-1
679,630,804.19,756.84,76.67,70.88,1.0000,-1,-1,-1
679,631,955.17,761.36,165.37,135.31,0.3228,-1,-1,-1
680,551,1121.47,3.01,328.22,595.77,0.7497,-1,-1,-1
680,561,997.34,82.45,113.07,299.42,0.8900,-1,-1,-1
680,616,667.46,695.13,76.72,79.93,1.0000,-1,-1,-1
680,620,1336.62,251.83,109.71,56.11,0.4042,-1,-1,-1
680,623,947.63,232.62,84.61,68.84,1.0000,-1,-1,-1
680,625,664.50,692.01,165.74,137.77,1.0000,-1,-1,-1
680,629,1134.19,803.61,127.62,104.99,1.0000,-1,-1,-1
680,630,819.66,768.48,60.68,56.09,1.0000,-1,-1,-1
680,631,966.33,757.85,167.01,137.97,0.4048,-1,-1,-1
681,551,1127.64,5.97,320.08,587.03,0.6236,-1,-1,-1
681,561,993.88,80.96,114.47,298.09,0.9126,-1,-1,-1
681,616,668.15,695.49,76.16,79.35,1.0000,-1,-1,-1
681,620,1340.44,249.92,109.88,56.36,0.5356,-1,-1,-1
681,623,950.17,232.12,84.84,69.02,1.0000,-1,-1,-1
681,625,670.80,693.60,168.72,140.25,1.0000,-1,-1,-1
681,629,1139.74,806.25,125.36,103.13,1.0000,-1,-1,-1
681,630,835.13,780.11,44.69,41.31,1.0000,-1,-1,-1
681,631,978.17,754.94,158.79,131.24,0.5873,-1,-1,-1
682,551,1122.94,8.72,315.78,578.59,0.8125,-1,-1,-1
682,561,991.50,79.42,115.63,297.23,0.9069,-1,-1,-1
682,616,668.83,695.85,75.60,78.77,1.0000,-1,-1,-1
682,620,1343.72,247.68,108.29,56.07,0.4963,-1,-1,-1
682,623,952.71,231.61,85.07,69.21,1.0000,-1,-1,-1
682,625,677.11,695.20,171.70,142.72,1.0000,-1,-1,-1
682,629,1145.29,808.90,123.10,101.27,1.0000,-1,-1,-1
682,630,850.60,791.74,28.69,26.52,1.0000,-1,-1,-1
682,631,986.31,752.30,157.14,129.86,0.4786,-1,-1,-1
683,551,1110.66,9.13,317.68,574.86,0.7728,-1,-1,-1
683,561,994.14,78.98,115.58,294.65,0.9078,-1,-1,-1
683,616,669.51,696.21,75.04,78.19,1.0000,-1,-1,-1
683,620,1348.46,245.98,104.49,55.26,0.3242,-1,-1,-1
683,623,955.25,231.11,85.30,69.39,1.0000,-1,-1,-1
683,625,683.42,696.80,174.68,145.20,1.0000,-1,-1,-1
683,629,1150.84,811.54,120.84,99.41,1.0000,-1,-1,-1
683,630,866.07,803.38,12.70,11.74,1.0000,-1,-1,-1
683,631,995.01,749.82,155.54,128.24,0.6349,-1,-1,-1
683,638,1118.78,798.79,167.61,118.95,0.5622,-1,-1,-1
684,551,1095.78,10.38,323.97,573.99,0.8866,-1,-1,-1
684,561,997.19,75.30,116.46,295.60,0.9087,-1,-1,-1
684,616,670.19,696.57,74.48,77.60,1.0000,-1,-1,-1
684,620,1352.65,242.33,104.65,56.86,0.4452,-1,-1,-1
684,623,957.79,230.60,85.53,69.58,1.0000,-1,-1,-1
684,625,689.72,698.40,177.66,147.68,1.0000,-1,-1,-1
684,629,1156.39,814.19,118.58,97.56,1.0000,-1,-1,-1
684,630,881.55,815.01,-3.29,-3.04,1.0000,-1,-1,-1
684,631,1004.33,752.09,153.36,127.20,0.6468,-1,-1,-1
684,638,1119.49,803.13,174.40,124.84,0.7593,-1,-1,-1
685,551,1076.93,8.27,334.06,578.60,0.9414,-1,-1,-1
685,561,997.88,74.08,116.63,295.20,0.8982,-1,-1,-1
685,616,670.87,696.92,73.93,77.02,1.0000,-1,-1,-1
685,620,1356.29,240.41,99.22,55.69,0.3886,-1,-1,-1
685,623,960.33,230.10,85.76,69.77,1.0000,-1,-1,-1
685,625,696.03,700.00,180.64,150.16,1.0000,-1,-1,-1
685,629,1161.94,816.83,116.33,95.70,1.0000,-1,-1,-1
685,630,897.02,826.64,-19.29,-17.83,1.0000,-1,-1,-1
685,631,1010.23,758.48,155.67,130.24,0.6120,-1,-1,-1
685,638,1127.61,809.76,168.60,121.77,0.5986,-1,-1,-1
685,642,691.68,669.67,159.71,153.07,0.3181,-1,-1,-1
686,551,1059.92,6.53,343.24,581.18,0.9499,-1,-1,-1
686,561,996.76,70.00,116.94,294.65,0.9108,-1,-1,-1
686,616,671.55,697.28,73.37,76.44,1.0000,-1,-1,-1
686,620,1357.24,235.72,91.93,53.84,0.4268,-1,-1,-1
686,623,962.87,229.59,85.98,69.95,1.0000,-1,-1,-1
686,625,702.33,701.59,183.62,152.63,1.0000,-1,-1,-1
686,629,1167.49,819.48,114.07,93.84,1.0000,-1,-1,-1
686,630,912.49,838.27,-35.28,-32.61,1.0000,-1,-1,-1
686,631,1005.57,761.52,171.18,145.20,0.4416,-1,-1,-1
686,638,1130.73,810.83,168.46,122.38,0.6386,-1,-1,-1
686,642,680.41,667.27,167.68,160.43,0.4432,-1,-1,-1
687,551,1050.72,8.82,348.86,579.68,0.9536,-1,-1,-1
687,561,995.28,66.62,116.45,292.91,0.8979,-1,-1,-1
687,616,672.24,697.64,72.81,75.86,1.0000,-1,-1,-1
687,620,1357.18,231.14,85.07,52.19,0.3004,-1,-1,-1
687,623,965.41,229.09,86.21,70.14,1.0000,-1,-1,-1
687,625,708.64,703.19,186.60,155.11,1.0000,-1,-1,-1
687,629,1173.04,822.12,111.81,91.98,1.0000,-1,-1,-1
687,630,927.96,849.91,-51.27,-47.40,1.0000,-1,-1,-1
687,631,1010.16,762.07,173.13,146.85,1.0000,-1,-1,-1
687,638,1135.02,812.44,171.56,125.15,0.5761,-1,-1,-1
687,642,674.80,671.30,178.88,171.07,0.5990,-1,-1,-1
688,551,1049.25,12.99,352.26,576.17,0.9547,-1,-1,-1
688,561,992.92,63.63,116.34,292.37,0.8801,-1,-1,-1
688,616,672.92,698.00,72.25,75.28,1.0000,-1,-1,-1
688,620,1355.91,228.77,84.17,51.63,1.0000,-1,-1,-1
688,623,967.95,228.59,86.44,70.33,1.0000,-1,-1,-1
688,625,714.95,704.79,189.58,157.59,1.0000,-1,-1,-1
688,629,1178.59,824.77,109.55,90.13,1.0000,-1,-1,-1
688,630,943.43,861.54,-67.26,-62.18,1.0000,-1,-1,-1
688,631,1014.74,762.61,175.08,148.51,1.0000,-1,-1,-1
688,638,1143.52,813.57,174.69,128.28,0.5867,-1,-1,-1
688,642,675.84,668.84,181.54,174.09,0.6859,-1,-1,-1
688,644,862.16,744.17,152.96,136.56,0.5994,-1,-1,-1
689,551,1053.66,14.00,357.13,575.78,0.9578,-1,-1,-1
689,561,993.06,60.99,116.09,292.59,0.8642,-1,-1,-1
689,620,1354.63,226.40,83.26,51.08,1.0000,-1,-1,-1
689,623,970.49,228.08,86.67,70.51,1.0000,-1,-1,-1
689,625,721.25,706.39,192.57,160.06,1.0000,-1,-1,-1
689,629,1184.14,827.41,107.30,88.27,1.0000,-1,-1,-1
689,630,958.91,873.17,-83.26,-76.97,1.0000,-1,-1,-1
689,631,1019.33,763.16,177.04,150.17,1.0000,-1,-1,-1
689,638,1145.78,820.65,175.67,129.44,0.4645,-1,-1,-1
689,642,679.39,668.35,179.16,172.44,0.7708,-1,-1,-1
689,644,867.87,747.47,149.67,133.20,0.6695,-1,-1,-1
689,646,1292.45,882.14,158.86,128.98,0.6188,-1,-1,-1
690,551,1059.02,8.84,364.61,580.14,0.9554,-1,-1,-1
690,561,991.10,58.57,116.49,294.28,0.8195,-1,-1,-1
690,620,1353.36,224.03,82.36,50.52,1.0000,-1,-1,-1
690,623,973.03,227.58,86.90,70.70,1.0000,-1,-1,-1
690,625,727.56,707.98,195.55,162.54,1.0000,-1,-1,-1
690,629,1189.69,830.06,105.04,86.41,1.0000,-1,-1,-1
690,630,974.38,884.81,-99.25,-91.75,1.0000,-1,-1,-1
690,631,1023.91,763.70,178.99,151.82,1.0000,-1,-1,-1
690,638,1149.07,823.95,177.35,130.68,1.0000,-1,-1,-1
690,642,674.55,667.88,181.48,174.04,0.7036,-1,-1,-1
690,644,864.44,748.62,149.50,133.24,0.6522,-1,-1,-1
690,646,1305.34,886.85,159.74,129.78,0.6695,-1,-1,-1
690,647,548.62,684.44,114.16,101.46,0.4851,-1,-1,-1
690,648,975.54,766.48,224.33,169.00,0.6823,-1,-1,-1
690,649,1066.50,203.90,85.03,66.85,0.3100,-1,-1,-1
691,551,1067.51,7.81,367.47,577.78,0.9414,-1,-1,-1
691,561,989.81,57.75,116.46,294.81,0.8299,-1,-1,-1
691,620,1352.08,221.67,81.45,49.97,1.0000,-1,-1,-1
691,623,975.57,227.07,87.13,70.89,1.0000,-1,-1,-1
691,625,733.87,709.58,198.53,165.02,1.0000,-1,-1,-1
691,629,1195.24,832.70,102.78,84.55,1.0000,-1,-1,-1
691,630,989.85,896.44,-115.24,-106.54,1.0000,-1,-1,-1
691,631,1028.49,764.25,180.94,153.48,1.0000,-1,-1,-1
691,638,1152.36,827.26,179.04,131.92,1.0000,-1,-1,-1
691,642,685.44,676.40,169.58,160.72,0.3934,-1,-1,-1
691,644,861.58,747.19,154.48,137.88,0.7271,-1,-1,-1
691,646,1319.89,892.54,158.48,128.55,0.7007,-1,-1,-1
691,647,541.86,684.52,121.26,107.16,0.5170,-1,-1,-1
691,648,982.63,772.38,221.21,167.44,0.6370,-1,-1,-1
691,649,1063.87,201.75,86.53,68.03,1.0000,-1,-1,-1
692,551,1072.43,6.62,369.14,575.44,0.9278,-1,-1,-1
692,561,989.63,57.49,116.36,294.59,0.8403,-1,-1,-1
692,620,1350.81,219.30,80.55,49.41,1.0000,-1,-1,-1
692,623,978.11,226.57,87.36,71.07,1.0000,-1,-1,-1
692,625,740.17,711.18,201.51,167.50,1.0000,-1,-1,-1
692,629,1200.79,835.35,100.52,82.70,1.0000,-1,-1,-1
692,630,1005.32,908.07,-131.23,-121.32,1.0000,-1,-1,-1
692,631,1033.08,764.80,182.90,155.14,1.0000,-1,-1,-1
692,638,1155.65,830.56,180.72,133.16,1.0000,-1,-1,-1
692,642,682.99,677.42,171.96,162.97,1.0000,-1,-1,-1
692,644,856.35,744.01,156.63,140.20,0.6095,-1,-1,-1
692,646,1331.29,895.05,162.71,131.59,0.6256,-1,-1,-1
692,647,535.81,683.70,123.56,109.19,1.0000,-1,-1,-1
692,648,991.94,770.42,157.89,120.57,0.3281,-1,-1,-1
692,649,1061.24,199.60,88.03,69.21,1.0000,-1,-1,-1
693,551,1074.73,6.50,368.91,573.72,0.9306,-1,-1,-1
693,561,991.82,57.21,116.37,294.43,0.8591,-1,-1,-1
693,620,1349.53,216.93,79.64,48.86,1.0000,-1,-1,-1
693,623,980.65,226.07,87.59,71.26,1.0000,-1,-1,-1
693,625,746.48,712.78,204.49,169.97,1.0000,-1,-1,-1
693,629,1206.34,837.99,98.27,80.84,1.0000,-1,-1,-1
693,630,1020.79,919.71,-147.23,-136.11,1.0000,-1,-1,-1
693,631,1037.66,765.34,184.85,156.79,1.0000,-1,-1,-1
693,638,1158.93,833.86,182.40,134.40,1.0000,-1,-1,-1
693,642,680.55,678.45,174.34,165.23,1.0000,-1,-1,-1
693,644,848.80,741.05,166.47,150.14,0.3586,-1,-1,-1
693,646,1338.81,898.40,164.52,133.05,1.0000,-1,-1,-1
693,647,529.77,682.87,125.86,111.22,1.0000,-1,-1,-1
693,648,995.16,772.71,139.41,106.46,1.0000,-1,-1,-1
693,649,1058.61,197.46,89.53,70.39,1.0000,-1,-1,-1
694,551,1075.02,6.69,362.35,565.02,0.8591,-1,-1,-1
694,561,994.91,57.42,116.36,293.49,0.8460,-1,-1,-1
694,620,1348.26,214.56,78.74,48.30,1.0000,-1,-1,-1
694,623,983.19,225.56,87.82,71.45,1.0000,-1,-1,-1
694,625,752.78,714.38,207.47,172.45,1.0000,-1,-1,-1
694,629,1211.89,840.64,96.01,78.98,1.0000,-1,-1,-1
694,630,1036.27,931.34,-163.22,-150.89,1.0000,-1,-1,-1
694,631,1042.25,765.89,186.80,158.45,1.0000,-1,-1,-1
694,638,1162.22,837.17,184.08,135.64,1.0000,-1,-1,-1
694,642,678.10,679.47,176.72,167.48,1.0000,-1,-1,-1
694,644,846.76,739.31,168.20,152.47,0.4699,-1,-1,-1
694,646,1354.49,899.80,167.30,135.46,0.3054,-1,-1,-1
694,647,523.73,682.05,128.16,113.25,1.0000,-1,-1,-1
694,648,998.38,775.00,120.93,92.35,1.0000,-1,-1,-1
694,649,1055.98,195.31,91.03,71.57,1.0000,-1,-1,-1
695,551,1072.16,7.83,352.51,554.81,0.6825,-1,-1,-1
695,561,991.40,57.94,115.46,292.72,0.8374,-1,-1,-1
695,620,1346.98,212.19,77.83,47.75,1.0000,-1,-1,-1
695,623,985.73,225.06,88.05,71.63,1.0000,-1,-1,-1
695,625,759.09,715.97,210.45,174.93,1.0000,-1,-1,-1
695,629,1217.44,843.28,93.75,77.13,1.0000,-1,-1,-1
695,630,1051.74,942.97,-179.21,-165.67,1.0000,-1,-1,-1
695,631,1046.83,766.43,188.75,160.11,1.0000,-1,-1,-1
695,638,1165.51,840.47,185.77,136.88,1.0000,-1,-1,-1
695,642,675.66,680.49,179.10,169.74,1.0000,-1,-1,-1
695,644,843.36,742.48,169.80,153.28,0.5397,-1,-1,-1
695,646,1363.31,902.84,169.30,137.07,1.0000,-1,-1,-1
695,647,517.69,681.22,130.46,115.28,1.0000,-1,-1,-1
695,648,1020.42,768.35,146.25,112.26,0.4944,-1,-1,-1
695,649,1053.35,193.17,92.53,72.75,1.0000,-1,-1,-1
695,654,1298.17,221.72,75.78,53.01,0.4912,-1,-1,-1
696,551,1066.89,8.99,342.21,548.93,0.7103,-1,-1,-1
696,561,989.34,57.99,114.45,291.34,0.8691,-1,-1,-1
696,620,1345.70,209.82,76.93,47.20,1.0000,-1,-1,-1
696,623,988.27,224.55,88.28,71.82,1.0000,-1,-1,-1
696,625,765.40,717.57,213.43,177.40,1.0000,-1,-1,-1
696,629,1222.99,845.93,91.49,75.27,1.0000,-1,-1,-1
696,630,1067.21,954.60,-195.21,-180.46,1.0000,-1,-1,-1
696,631,1051.42,766.98,190.71,161.76,1.0000,-1,-1,-1
696,638,1168.80,843.77,187.45,138.12,1.0000,-1,-1,-1
696,642,673.21,681.52,181.48,172.00,1.0000,-1,-1,-1
696,644,840.98,738.43,166.57,149.20,0.3296,-1,-1,-1
696,646,1376.89,890.85,175.49,143.47,0.5731,-1,-1,-1
696,647,511.65,680.40,132.75,117.31,1.0000,-1,-1,-1
696,648,1027.41,768.80,136.99,105.15,1.0000,-1,-1,-1
696,649,1050.72,191.02,94.03,73.93,1.0000,-1,-1,-1
696,654,1288.99,221.29,74.49,51.94,0.4464,-1,-1,-1
697,551,1066.24,9.15,339.95,545.31,1.0000,-1,-1,-1
697,561,985.95,55.75,113.68,289.58,0.8646,-1,-1,-1
697,620,1344.43,207.45,76.03,46.64,1.0000,-1,-1,-1
697,623,990.81,224.05,88.51,72.01,1.0000,-1,-1,-1
697,625,771.70,719.17,216.41,179.88,1.0000,-1,-1,-1
697,629,1228.54,848.57,89.23,73.41,1.0000,-1,-1,-1
697,630,1082.68,966.24,-211.20,-195.24,1.0000,-1,-1,-1
697,631,1056.00,767.52,192.66,163.42,1.0000,-1,-1,-1
697,638,1172.08,847.07,189.13,139.36,1.0000,-1,-1,-1
697,642,670.77,682.54,183.86,174.25,1.0000,-1,-1,-1
697,644,842.68,738.76,164.44,145.94,0.5381,-1,-1,-1
697,646,1388.27,882.99,183.89,152.62,0.5261,-1,-1,-1
697,647,505.61,679.57,135.05,119.35,1.0000,-1,-1,-1
697,648,1034.40,769.25,127.73,98.05,1.0000,-1,-1,-1
697,649,1048.09,188.88,95.53,75.11,1.0000,-1,-1,-1
697,654,1283.97,216.23,75.28,52.50,0.4337,-1,-1,-1
698,551,1065.60,9.31,337.70,541.69,1.0000,-1,-1,-1
698,561,983.01,53.38,112.66,287.84,0.8549,-1,-1,-1
698,620,1343.15,205.08,75.12,46.09,1.0000,-1,-1,-1
698,623,993.35,223.54,88.74,72.19,1.0000,-1,-1,-1
698,625,778.01,720.77,219.39,182.36,1.0000,-1,-1,-1
698,629,1234.09,851.22,86.98,71.55,1.0000,-1,-1,-1
698,630,1098.15,977.87,-227.19,-210.03,1.0000,-1,-1,-1
698,631,1060.59,768.07,194.61,165.07,1.0000,-1,-1,-1
698,638,1175.37,850.38,190.81,140.59,1.0000,-1,-1,-1
698,642,668.32,683.56,186.24,176.51,1.0000,-1,-1,-1
698,644,828.80,713.45,183.35,163.21,0.5819,-1,-1,-1
698,646,1401.82,879.67,185.34,156.25,0.5616,-1,-1,-1
698,647,499.56,678.75,137.35,121.38,1.0000,-1,-1,-1
698,648,1041.39,769.70,118.48,90.94,1.0000,-1,-1,-1
698,649,1045.46,186.73,97.03,76.29,1.0000,-1,-1,-1
698,654,1280.44,213.07,73.14,51.27,0.3750,-1,-1,-1
699,551,1064.95,9.47,335.44,538.07,1.0000,-1,-1,-1
699,561,980.11,51.12,112.55,289.09,0.8904,-1,-1,-1
699,620,1341.88,202.71,74.22,45.53,1.0000,-1,-1,-1
699,625,784.32,722.36,222.37,184.84,1.0000,-1,-1,-1
699,629,1239.64,853.86,84.72,69.70,1.0000,-1,-1,-1
699,630,1113.63,989.50,-243.18,-224.81,1.0000,-1,-1,-1
699,631,1065.17,768.61,196.56,166.73,1.0000,-1,-1,-1
699,638,1178.66,853.68,192.50,141.83,1.0000,-1,-1,-1
699,642,665.88,684.59,188.62,178.77,1.0000,-1,-1,-1
699,644,819.10,706.20,180.71,161.22,0.3006,-1,-1,-1
699,646,1411.58,879.31,189.05,159.38,1.0000,-1,-1,-1
699,647,493.52,677.92,139.65,123.41,1.0000,-1,-1,-1
699,648,1048.38,770.15,109.22,83.84,1.0000,-1,-1,-1
699,649,1042.83,184.59,98.53,77.47,1.0000,-1,-1,-1
699,654,1277.96,213.15,71.62,50.79,0.4148,-1,-1,-1
699,657,1159.03,782.05,217.69,165.21,0.4742,-1,-1,-1
700,551,1066.30,5.84,338.80,555.33,0.5237,-1,-1,-1
700,561,979.36,51.53,111.27,286.22,0.8589,-1,-1,-1
700,620,1340.60,200.34,73.31,44.98,1.0000,-1,-1,-1
700,625,790.62,723.96,225.35,187.31,1.0000,-1,-1,-1
700,629,1245.19,856.51,82.46,67.84,1.0000,-1,-1,-1
700,630,1129.10,1001.14,-259.18,-239.60,1.0000,-1,-1,-1
700,631,1069.75,769.16,198.52,168.39,1.0000,-1,-1,-1
700,638,1181.95,856.98,194.18,143.07,1.0000,-1,-1,-1
700,642,663.44,685.61,191.00,181.02,1.0000,-1,-1,-1
700,644,815.60,702.42,183.27,163.50,1.0000,-1,-1,-1
700,646,1421.35,878.95,192.76,162.51,1.0000,-1,-1,-1
700,647,487.48,677.10,141.94,125.44,1.0000,-1,-1,-1
700,648,1055.38,770.60,99.96,76.73,1.0000,-1,-1,-1
700,649,1040.20,182.44,100.03,78.65,1.0000,-1,-1,-1
700,654,1273.78,213.04,71.01,51.13,0.3113,-1,-1,-1
700,657,1157.95,786.36,224.89,169.99,0.3355,-1,-1,-1
701,551,1051.49,7.20,336.62,556.45,0.5822,-1,-1,-1
701,561,974.97,52.26,110.44,284.99,0.8494,-1,-1,-1
701,620,1339.33,197.97,72.41,44.42,1.0000,-1,-1,-1
701,625,796.93,725.56,228.33,189.79,1.0000,-1,-1,-1
701,629,1250.74,859.15,80.20,65.98,1.0000,-1,-1,-1
701,630,1144.57,1012.77,-275.17,-254.38,1.0000,-1,-1,-1
701,631,1074.34,769.70,200.47,170.04,1.0000,-1,-1,-1
701,638,1185.24,860.29,195.86,144.31,1.0000,-1,-1,-1
701,642,660.99,686.64,193.39,183.28,1.0000,-1,-1,-1
701,644,812.11,698.64,185.84,165.79,1.0000,-1,-1,-1
701,646,1431.11,878.59,196.47,165.64,1.0000,-1,-1,-1
701,647,481.44,676.27,144.24,127.47,1.0000,-1,-1,-1
701,648,1062.37,771.05,90.71,69.63,1.0000,-1,-1,-1
701,649,1037.57,180.29,101.53,79.83,1.0000,-1,-1,-1
701,654,1269.08,212.68,68.01,50.02,0.3669,-1,-1,-1
701,657,1214.07,820.15,193.39,147.38,0.5100,-1,-1,-1
702,551,1032.58,8.58,337.20,556.31,0.8718,-1,-1,-1
702,561,969.79,52.23,111.14,285.23,0.8470,-1,-1,-1
702,620,1338.05,195.60,71.50,43.87,1.0000,-1,-1,-1
702,625,803.24,727.16,231.31,192.27,1.0000,-1,-1,-1
702,629,1256.29,861.80,77.95,64.12,1.0000,-1,-1,-1
702,630,1160.04,1024.40,-291.16,-269.17,1.0000,-1,-1,-1
702,631,1078.92,770.25,202.42,171.70,1.0000,-1,-1,-1
702,638,1188.52,863.59,197.54,145.55,1.0000,-1,-1,-1
702,642,658.55,687.66,195.77,185.53,1.0000,-1,-1,-1
702,644,808.61,694.86,188.40,168.08,1.0000,-1,-1,-1
702,646,1440.87,878.23,200.19,168.77,1.0000,-1,-1,-1
702,647,475.40,675.45,146.54,129.50,1.0000,-1,-1,-1
702,648,1069.36,771.50,81.45,62.52,1.0000,-1,-1,-1
702,649,1034.95,178.15,103.03,81.01,1.0000,-1,-1,-1
702,654,1264.04,211.54,67.56,49.69,1.0000,-1,-1,-1
702,657,1233.71,830.69,186.00,141.75,1.0000,-1,-1,-1
703,551,1010.76,12.53,337.29,555.30,0.8593,-1,-1,-1
703,561,957.61,52.09,110.04,284.82,0.8587,-1,-1,-1
703,620,1336.78,193.23,70.60,43.31,1.0000,-1,-1,-1
703,625,809.54,728.76,234.29,194.75,1.0000,-1,-1,-1
703,629,1261.84,864.44,75.69,62.27,1.0000,-1,-1,-1
703,630,1175.51,1036.03,-307.16,-283.95,1.0000,-1,-1,-1
703,631,1083.51,770.79,204.38,173.36,1.0000,-1,-1,-1
703,638,1191.81,866.89,199.23,146.79,1.0000,-1,-1,-1
703,642,656.10,688.68,198.15,187.79,1.0000,-1,-1,-1
703,644,805.11,691.08,190.97,170.37,1.0000,-1,-1,-1
703,646,1450.64,877.87,203.90,171.90,1.0000,-1,-1,-1
703,647,469.36,674.62,148.84,131.53,1.0000,-1,-1,-1
703,648,1076.35,771.95,72.19,55.42,1.0000,-1,-1,-1
703,649,1032.32,176.00,104.53,82.19,1.0000,-1,-1,-1
703,654,1259.00,210.40,67.11,49.36,1.0000,-1,-1,-1
703,657,1253.35,841.23,178.62,136.12,1.0000,-1,-1,-1
703,662,631.06,666.32,118.39,148.61,0.4806,-1,-1,-1
704,551,994.71,12.15,339.44,558.25,0.9035,-1,-1,-1
704,561,950.98,52.62,110.14,283.52,0.8948,-1,-1,-1
704,620,1335.50,190.86,69.69,42.76,1.0000,-1,-1,-1
704,625,815.85,730.35,237.27,197.22,1.0000,-1,-1,-1
704,629,1267.39,867.09,73.43,60.41,1.0000,-1,-1,-1
704,630,1190.99,1047.67,-323.15,-298.74,1.0000,-1,-1,-1
704,631,1088.09,771.34,206.33,175.01,1.0000,-1,-1,-1
704,638,1195.10,870.19,200.91,148.03,1.0000,-1,-1,-1
704,642,653.66,689.71,200.53,190.05,1.0000,-1,-1,-1
704,644,801.62,687.30,193.53,172.66,1.0000,-1,-1,-1
704,646,1460.40,877.51,207.61,175.03,1.0000,-1,-1,-1
704,647,463.31,673.80,151.14,133.56,1.0000,-1,-1,-1
704,648,1083.34,772.39,62.94,48.31,1.0000,-1,-1,-1
704,649,1029.69,173.86,106.04,83.37,1.0000,-1,-1,-1
704,654,1253.97,209.26,66.66,49.03,1.0000,-1,-1,-1
704,657,1272.99,851.76,171.23,130.49,1.0000,-1,-1,-1
704,662,575.93,718.94,96.05,118.70,0.3410,-1,-1,-1
705,551,982.02,8.04,343.05,564.43,0.9347,-1,-1,-1
705,561,939.32,54.33,110.86,282.15,0.9123,-1,-1,-1
705,620,1334.22,188.50,68.79,42.20,1.0000,-1,-1,-1
705,625,822.15,731.95,240.25,199.70,1.0000,-1,-1,-1
705,629,1272.94,869.73,71.17,58.55,1.0000,-1,-1,-1
705,630,1206.46,1059.30,-339.14,-313.52,1.0000,-1,-1,-1
705,631,1092.68,771.88,208.28,176.67,1.0000,-1,-1,-1
705,638,1198.39,873.50,202.59,149.27,1.0000,-1,-1,-1
705,642,651.21,690.73,202.91,192.30,1.0000,-1,-1,-1
705,644,798.12,683.53,196.10,174.95,1.0000,-1,-1,-1
705,646,1470.16,877.15,211.33,178.16,1.0000,-1,-1,-1
705,647,457.27,672.97,153.43,135.59,1.0000,-1,-1,-1
705,648,1090.34,772.84,53.68,41.20,1.0000,-1,-1,-1
705,649,1027.06,171.71,107.54,84.55,1.0000,-1,-1,-1
705,654,1248.93,208.12,66.21,48.69,1.0000,-1,-1,-1
705,657,1292.63,862.30,163.84,124.86,1.0000,-1,-1,-1
705,662,599.53,697.35,113.56,139.06,0.3130,-1,-1,-1
705,665,1446.63,892.47,200.40,141.99,0.4501,-1,-1,-1
706,551,976.47,9.64,343.94,566.12,0.9377,-1,-1,-1
706,561,925.61,55.92,112.75,280.95,0.9049,-1,-1,-1
706,620,1332.95,186.13,67.88,41.65,1.0000,-1,-1,-1
706,625,828.46,733.55,243.23,202.18,1.0000,-1,-1,-1
706,629,1278.49,872.38,68.91,56.69,1.0000,-1,-1,-1
706,631,1097.26,772.43,210.23,178.33,1.0000,-1,-1,-1
706,638,1201.67,876.80,204.27,150.51,1.0000,-1,-1,-1
706,642,648.77,691.75,205.29,194.56,1.0000,-1,-1,-1
706,644,794.63,679.75,198.66,177.23,1.0000,-1,-1,-1
706,646,1479.93,876.80,215.04,181.29,1.0000,-1,-1,-1
706,647,451.23,672.15,155.73,137.62,1.0000,-1,-1,-1
706,648,1097.33,773.29,44.42,34.10,1.0000,-1,-1,-1
706,649,1024.43,169.57,109.04,85.73,1.0000,-1,-1,-1
706,654,1243.89,206.97,65.76,48.36,1.0000,-1,-1,-1
706,657,1312.28,872.84,156.45,119.24,1.0000,-1,-1,-1
706,662,592.84,705.22,112.76,138.08,1.0000,-1,-1,-1
706,665,1446.82,893.62,205.72,145.75,1.0000,-1,-1,-1
707,551,975.70,7.46,346.35,570.07,0.9401,-1,-1,-1
707,561,914.84,59.06,113.96,278.81,0.9298,-1,-1,-1
707,620,1331.67,183.76,66.98,41.09,1.0000,-1,-1,-1
707,629,1284.04,875.03,66.66,54.84,1.0000,-1,-1,-1
707,631,1101.85,772.97,212.19,179.98,1.0000,-1,-1,-1
707,638,1204.96,880.10,205.96,151.75,1.0000,-1,-1,-1
707,642,646.32,692.78,207.67,196.82,1.0000,-1,-1,-1
707,644,791.13,675.97,201.23,179.52,1.0000,-1,-1,-1
707,646,1489.69,876.44,218.75,184.42,1.0000,-1,-1,-1
707,647,445.19,671.32,158.03,139.65,1.0000,-1,-1,-1
707,648,1104.32,773.74,35.17,26.99,1.0000,-1,-1,-1
707,649,1021.80,167.42,110.54,86.91,1.0000,-1,-1,-1
707,654,1238.85,205.83,65.31,48.03,1.0000,-1,-1,-1
707,657,1331.92,883.38,149.07,113.61,1.0000,-1,-1,-1
707,662,592.61,700.29,117.76,142.17,0.4085,-1,-1,-1
707,665,1447.01,894.77,211.03,149.52,1.0000,-1,-1,-1
708,551,976.15,6.19,346.78,571.33,0.9265,-1,-1,-1
708,561,906.22,61.66,114.91,277.44,0.9247,-1,-1,-1
708,620,1330.40,181.39,66.07,40.54,1.0000,-1,-1,-1
708,631,1106.43,773.52,214.14,181.64,1.0000,-1,-1,-1
708,638,1208.25,883.41,207.64,152.99,1.0000,-1,-1,-1
708,642,714.71,746.74,181.14,171.08,0.3735,-1,-1,-1
708,644,787.63,672.19,203.79,181.81,1.0000,-1,-1,-1
708,646,1499.45,876.08,222.46,187.55,1.0000,-1,-1,-1
708,647,439.15,670.50,160.33,141.68,1.0000,-1,-1,-1
708,648,1111.31,774.19,25.91,19.89,1.0000,-1,-1,-1
708,649,1019.17,165.28,112.04,88.09,1.0000,-1,-1,-1
708,654,1233.82,204.69,64.86,47.70,1.0000,-1,-1,-1
708,657,1351.56,893.92,141.68,107.98,1.0000,-1,-1,-1
708,662,581.98,702.79,123.46,146.53,0.6385,-1,-1,-1
708,665,1465.04,896.85,186.79,133.16,0.3709,-1,-1,-1
709,551,978.00,5.64,345.70,570.29,0.9223,-1,-1,-1
709,561,899.17,63.35,115.68,276.17,0.9145,-1,-1,-1
709,620,1329.12,179.02,65.17,39.98,1.0000,-1,-1,-1
709,631,1111.01,774.06,216.09,183.29,1.0000,-1,-1,-1
709,638,1211.54,886.71,209.32,154.23,1.0000,-1,-1,-1
709,642,716.14,750.65,181.91,171.81,1.0000,-1,-1,-1
709,644,784.14,668.41,206.36,184.10,1.0000,-1,-1,-1
709,646,1509.21,875.72,226.18,190.68,1.0000,-1,-1,-1
709,647,433.11,669.67,162.63,143.71,1.0000,-1,-1,-1
709,648,1118.31,774.64,16.65,12.78,1.0000,-1,-1,-1
709,649,1016.54,163.13,113.54,89.27,1.0000,-1,-1,-1
709,654,1228.78,203.55,64.41,47.37,1.0000,-1,-1,-1
709,657,1371.20,904.46,134.29,102.35,1.0000,-1,-1,-1
709,662,576.01,707.60,124.12,147.31,1.0000,-1,-1,-1
709,665,1468.74,898.19,186.32,132.83,1.0000,-1,-1,-1
710,551,976.15,5.55,343.63,569.76,0.9297,-1,-1,-1
710,561,890.18,63.87,117.43,276.25,0.8969,-1,-1,-1
710,620,1327.85,176.65,64.27,39.43,1.0000,-1,-1,-1
710,631,1115.60,774.61,218.04,184.95,1.0000,-1,-1,-1
710,638,1277.38,871.03,167.95,128.59,0.5118,-1,-1,-1
710,642,717.56,754.55,182.69,172.54,1.0000,-1,-1,-1
710,644,780.64,664.63,208.92,186.39,1.0000,-1,-1,-1
710,646,1518.98,875.36,229.89,193.81,1.0000,-1,-1,-1
710,647,427.06,668.85,164.92,145.74,1.0000,-1,-1,-1
710,648,1125.30,775.09,7.40,5.68,1.0000,-1,-1,-1
710,649,1013.91,160.99,115.04,90.45,1.0000,-1,-1,-1
710,654,1223.74,202.41,63.96,47.04,1.0000,-1,-1,-1
710,657,1390.84,915.00,126.91,96.72,1.0000,-1,-1,-1
710,662,570.03,712.41,124.77,148.08,1.0000,-1,-1,-1
710,665,1470.07,902.28,183.47,132.08,0.4562,-1,-1,-1
711,551,972.58,6.27,339.20,567.97,0.9184,-1,-1,-1
711,561,883.71,64.51,118.20,276.09,0.7308,-1,-1,-1
711,620,1326.57,174.28,63.36,38.87,1.0000,-1,-1,-1
711,631,1120.18,775.15,220.00,186.61,1.0000,-1,-1,-1
711,638,1281.37,872.60,164.08,128.85,0.5467,-1,-1,-1
711,642,718.99,758.46,183.46,173.27,1.0000,-1,-1,-1
711,644,689.78,757.39,166.03,144.47,0.6300,-1,-1,-1
711,646,1528.74,875.00,233.60,196.94,1.0000,-1,-1,-1
711,647,421.02,668.03,167.22,147.78,1.0000,-1,-1,-1
711,648,1132.29,775.54,-1.86,-1.43,1.0000,-1,-1,-1
711,649,1011.28,158.84,116.54,91.63,1.0000,-1,-1,-1
711,654,1218.70,201.27,63.51,46.71,1.0000,-1,-1,-1
711,657,1410.48,925.54,119.52,91.09,1.0000,-1,-1,-1
711,662,564.06,717.23,125.43,148.86,1.0000,-1,-1,-1
711,665,1473.83,902.18,182.20,132.46,0.6194,-1,-1,-1
712,551,971.36,5.74,328.62,557.94,0.8983,-1,-1,-1
712,561,879.91,64.78,116.71,273.10,0.7885,-1,-1,-1
712,620,1325.30,171.91,62.46,38.32,1.0000,-1,-1,-1
712,631,1124.77,775.70,221.95,188.26,1.0000,-1,-1,-1
712,638,1287.06,874.91,164.06,128.84,1.0000,-1,-1,-1
712,642,720.41,762.36,184.24,174.01,1.0000,-1,-1,-1
712,644,680.87,759.75,165.43,143.95,1.0000,-1,-1,-1
712,646,1538.50,874.64,237.31,200.07,1.0000,-1,-1,-1
712,647,414.98,667.20,169.52,149.81,1.0000,-1,-1,-1
712,648,1139.28,775.99,-11.12,-8.53,1.0000,-1,-1,-1
712,649,1008.65,156.69,118.04,92.81,1.0000,-1,-1,-1
712,654,1213.67,200.13,63.06,46.38,1.0000,-1,-1,-1
712,657,1430.12,936.08,112.13,85.46,1.0000,-1,-1,-1
712,662,558.08,722.04,126.09,149.64,1.0000,-1,-1,-1
712,665,1480.83,901.80,180.33,132.27,0.4135,-1,-1,-1
713,551,972.42,7.69,315.72,546.44,0.6468,-1,-1,-1
713,561,863.92,62.06,118.52,274.64,0.8005,-1,-1,-1
713,620,1324.02,169.54,61.55,37.76,1.0000,-1,-1,-1
713,631,1129.35,776.24,223.90,189.92,1.0000,-1,-1,-1
713,638,1292.74,877.22,164.04,128.83,1.0000,-1,-1,-1
713,642,721.84,766.26,185.02,174.74,1.0000,-1,-1,-1
713,644,671.95,762.12,164.83,143.42,1.0000,-1,-1,-1
713,646,1548.27,874.28,241.03,203.20,1.0000,-1,-1,-1
713,647,408.94,666.38,171.82,151.84,1.0000,-1,-1,-1
713,648,1146.27,776.44,-20.37,-15.64,1.0000,-1,-1,-1
713,649,1006.02,154.55,119.54,93.99,1.0000,-1,-1,-1
713,654,1208.63,198.99,62.61,46.05,1.0000,-1,-1,-1
713,657,1449.76,946.62,104.74,79.83,1.0000,-1,-1,-1
713,662,552.11,726.86,126.74,150.42,1.0000,-1,-1,-1
713,665,1487.97,899.39,182.76,134.49,0.4727,-1,-1,-1
714,551,972.65,10.71,305.69,538.12,0.7460,-1,-1,-1
714,561,856.71,59.63,120.03,277.05,0.8490,-1,-1,-1
714,620,1322.74,167.17,60.65,37.21,1.0000,-1,-1,-1
714,631,1133.94,776.79,225.85,191.58,1.0000,-1,-1,-1
714,638,1298.43,879.53,164.02,128.81,1.0000,-1,-1,-1
714,642,723.26,770.17,185.79,175.47,1.0000,-1,-1,-1
714,644,663.03,764.48,164.22,142.90,1.0000,-1,-1,-1
714,646,1558.03,873.92,244.74,206.33,1.0000,-1,-1,-1
714,647,402.90,665.55,174.12,153.87,1.0000,-1,-1,-1
714,648,1153.27,776.89,-29.63,-22.74,1.0000,-1,-1,-1
714,649,1003.39,152.40,121.04,95.17,1.0000,-1,-1,-1
714,654,1203.59,197.84,62.16,45.72,1.0000,-1,-1,-1
714,657,1469.40,957.16,97.36,74.20,1.0000,-1,-1,-1
714,662,546.13,731.67,127.40,151.20,1.0000,-1,-1,-1
714,665,1503.27,896.39,182.87,133.24,0.4362,-1,-1,-1
715,551,970.32,11.84,300.22,535.87,0.4301,-1,-1,-1
715,561,857.50,59.87,119.72,278.50,0.8087,-1,-1,-1
715,620,1321.47,164.80,59.74,36.65,1.0000,-1,-1,-1
715,631,1138.52,777.34,227.81,193.23,1.0000,-1,-1,-1
715,638,1304.11,881.84,164.01,128.80,1.0000,-1,-1,-1
715,642,724.69,774.07,186.57,176.21,1.0000,-1,-1,-1
715,644,654.11,766.84,163.62,142.38,1.0000,-1,-1,-1
715,646,1567.79,873.56,248.45,209.46,1.0000,-1,-1,-1
715,647,396.86,664.73,176.41,155.90,1.0000,-1,-1,-1
715,648,1160.26,777.34,-38.89,-29.85,1.0000,-1,-1,-1
715,649,1000.76,150.26,122.54,96.35,1.0000,-1,-1,-1
715,654,1198.55,196.70,61.71,45.39,1.0000,-1,-1,-1
715,657,1489.04,967.70,89.97,68.57,1.0000,-1,-1,-1
715,662,540.16,736.49,128.05,151.98,1.0000,-1,-1,-1
715,665,1526.18,894.95,179.98,128.84,0.3052,-1,-1,-1
715,675,681.98,792.34,168.10,121.64,0.3246,-1,-1,-1
716,551,967.04,13.91,296.85,534.76,0.7775,-1,-1,-1
716,561,858.67,60.66,119.00,280.18,0.8606,-1,-1,-1
716,620,1320.19,162.43,58.84,36.10,1.0000,-1,-1,-1
716,631,1143.11,777.88,229.76,194.89,1.0000,-1,-1,-1
716,638,1309.80,884.15,163.99,128.78,1.0000,-1,-1,-1
716,642,726.11,777.98,187.34,176.94,1.0000,-1,-1,-1
716,644,645.19,769.21,163.02,141.85,1.0000,-1,-1,-1
716,646,1577.55,873.20,252.16,212.59,1.0000,-1,-1,-1
716,647,390.81,663.90,178.71,157.93,1.0000,-1,-1,-1
716,648,1167.25,777.79,-48.14,-36.96,1.0000,-1,-1,-1
716,649,998.14,148.11,124.04,97.53,1.0000,-1,-1,-1
716,654,1193.52,195.56,61.26,45.05,1.0000,-1,-1,-1
716,657,1508.68,978.24,82.58,62.94,1.0000,-1,-1,-1
716,662,534.18,741.30,128.71,152.75,1.0000,-1,-1,-1
716,665,1534.24,894.95,179.09,128.20,1.0000,-1,-1,-1
716,675,688.89,797.03,166.29,120.33,1.0000,-1,-1,-1
717,551,959.88,12.84,295.80,533.65,0.8731,-1,-1,-1
717,561,855.25,62.15,116.46,279.33,0.8489,-1,-1,-1
717,620,1318.92,160.06,57.93,35.54,1.0000,-1,-1,-1
717,638,1315.48,886.46,163.97,128.77,1.0000,-1,-1,-1
717,642,727.54,781.88,188.12,177.67,1.0000,-1,-1,-1
717,644,636.27,771.57,162.41,141.33,1.0000,-1,-1,-1
717,646,1587.32,872.85,255.88,215.72,1.0000,-1,-1,-1
717,647,384.77,663.08,181.01,159.96,1.0000,-1,-1,-1
717,648,1174.24,778.23,-57.40,-44.06,1.0000,-1,-1,-1
717,649,995.51,145.97,125.54,98.71,1.0000,-1,-1,-1
717,654,1188.48,194.42,60.81,44.72,1.0000,-1,-1,-1
717,657,1528.32,988.77,75.20,57.31,1.0000,-1,-1,-1
717,662,528.21,746.12,129.36,153.53,1.0000,-1,-1,-1
717,665,1542.30,894.95,178.19,127.56,1.0000,-1,-1,-1
717,675,695.80,801.72,164.48,119.02,1.0000,-1,-1,-1
718,551,943.40,14.26,297.91,530.80,0.9072,-1,-1,-1
718,561,850.33,62.25,115.52,279.25,0.8797,-1,-1,-1
718,638,1321.17,888.77,163.95,128.76,1.0000,-1,-1,-1
718,642,728.96,785.79,188.90,178.41,1.0000,-1,-1,-1
718,644,627.35,773.94,161.81,140.80,1.0000,-1,-1,-1
718,646,1597.08,872.49,259.59,218.85,1.0000,-1,-1,-1
718,647,378.73,662.25,183.31,161.99,1.0000,-1,-1,-1
718,648,1181.23,778.68,-66.66,-51.17,1.0000,-1,-1,-1
718,649,992.88,143.82,127.04,99.89,1.0000,-1,-1,-1
718,654,1183.44,193.28,60.36,44.39,1.0000,-1,-1,-1
718,657,1547.96,999.31,67.81,51.68,1.0000,-1,-1,-1
718,662,522.23,750.93,130.02,154.31,1.0000,-1,-1,-1
718,665,1542.17,903.72,180.13,129.53,0.3455,-1,-1,-1
718,675,702.71,806.40,162.66,117.71,1.0000,-1,-1,-1
719,551,920.69,14.28,305.06,531.41,0.9122,-1,-1,-1
719,561,846.96,65.76,114.09,277.26,0.9010,-1,-1,-1
719,638,1326.85,891.08,163.94,128.74,1.0000,-1,-1,-1
719,642,730.39,789.69,189.67,179.14,1.0000,-1,-1,-1
719,644,618.44,776.30,161.21,140.28,1.0000,-1,-1,-1
719,646,1606.84,872.13,263.30,221.98,1.0000,-1,-1,-1
719,647,372.69,661.43,185.61,164.02,1.0000,-1,-1,-1
719,648,1188.23,779.13,-75.91,-58.27,1.0000,-1,-1,-1
719,649,990.25,141.68,128.54,101.07,1.0000,-1,-1,-1
719,654,1178.41,192.14,59.91,44.06,1.0000,-1,-1,-1
719,657,1567.60,1009.85,60.42,46.05,1.0000,-1,-1,-1
719,662,516.26,755.75,130.68,155.09,1.0000,-1,-1,-1
719,665,1549.27,904.70,179.65,129.18,1.0000,-1,-1,-1
719,675,709.62,811.09,160.85,116.40,1.0000,-1,-1,-1
720,551,903.40,11.65,313.96,534.67,0.9163,-1,-1,-1
720,561,844.65,66.73,112.61,275.51,0.9044,-1,-1,-1
720,638,1332.54,893.39,163.92,128.73,1.0000,-1,-1,-1
720,642,731.81,793.59,190.45,179.87,1.0000,-1,-1,-1
720,644,609.52,778.67,160.61,139.75,1.0000,-1,-1,-1
720,646,1616.61,871.77,267.02,225.11,1.0000,-1,-1,-1
720,647,366.65,660.60,187.90,166.05,1.0000,-1,-1,-1
720,648,1195.22,779.58,-85.17,-65.38,1.0000,-1,-1,-1
720,649,987.62,139.53,130.04,102.25,1.0000,-1,-1,-1
720,654,1173.37,191.00,59.46,43.73,1.0000,-1,-1,-1
720,657,1587.25,1020.39,53.04,40.42,1.0000,-1,-1,-1
720,662,510.28,760.56,131.33,155.87,1.0000,-1,-1,-1
720,665,1556.36,905.68,179.17,128.84,1.0000,-1,-1,-1
720,675,716.53,815.78,159.04,115.08,1.0000,-1,-1,-1
720,679,533.55,757.35,127.26,137.56,0.5194,-1,-1,-1
721,551,893.24,10.72,321.03,535.46,0.9137,-1,-1,-1
721,561,844.56,66.19,111.29,274.16,0.9050,-1,-1,-1
721,638,1338.22,895.70,163.90,128.72,1.0000,-1,-1,-1
721,642,733.24,797.50,191.23,180.60,1.0000,-1,-1,-1
721,644,600.60,781.03,160.00,139.23,1.0000,-1,-1,-1
721,646,1626.37,871.41,270.73,228.24,1.0000,-1,-1,-1
721,647,360.61,659.78,190.20,168.08,1.0000,-1,-1,-1
721,648,1202.21,780.03,-94.43,-72.48,1.0000,-1,-1,-1
721,654,1168.33,189.85,59.01,43.40,1.0000,-1,-1,-1
721,657,1606.89,1030.93,45.65,34.79,1.0000,-1,-1,-1
721,662,504.31,765.38,131.99,156.65,1.0000,-1,-1,-1
721,665,1563.46,906.66,178.69,128.49,1.0000,-1,-1,-1
721,675,723.44,820.47,157.23,113.77,1.0000,-1,-1,-1
721,679,533.99,755.58,118.91,127.43,0.3547,-1,-1,-1
722,551,887.33,9.61,327.06,537.65,0.9273,-1,-1,-1
722,561,841.59,65.51,110.67,273.78,0.9064,-1,-1,-1
722,638,1343.91,898.01,163.88,128.70,1.0000,-1,-1,-1
722,642,734.66,801.40,192.00,181.34,1.0000,-1,-1,-1
722,644,591.68,783.39,159.40,138.70,1.0000,-1,-1,-1
722,646,1636.13,871.05,274.44,231.37,1.0000,-1,-1,-1
722,648,1209.20,780.48,-103.69,-79.59,1.0000,-1,-1,-1
722,654,1163.29,188.71,58.56,43.07,1.0000,-1,-1,-1
722,657,1626.53,1041.47,38.26,29.16,1.0000,-1,-1,-1
722,662,498.33,770.19,132.64,157.42,1.0000,-1,-1,-1
722,665,1570.55,907.65,178.21,128.14,1.0000,-1,-1,-1
722,675,730.35,825.16,155.41,112.46,1.0000,-1,-1,-1
722,679,537.45,755.77,115.42,123.68,1.0000,-1,-1,-1
723,551,883.08,7.99,332.27,540.90,0.9279,-1,-1,-1
723,561,837.91,64.94,110.90,273.36,0.8659,-1,-1,-1
723,638,1349.59,900.32,163.87,128.69,1.0000,-1,-1,-1
723,642,736.09,805.31,192.78,182.07,1.0000,-1,-1,-1
723,644,582.76,785.76,158.80,138.18,1.0000,-1,-1,-1
723,646,1645.89,870.69,278.15,234.50,1.0000,-1,-1,-1
723,648,1216.19,780.93,-112.94,-86.69,1.0000,-1,-1,-1
723,654,1158.26,187.57,58.11,42.74,1.0000,-1,-1,-1
723,657,1646.17,1052.01,30.87,23.53,1.0000,-1,-1,-1
723,662,492.36,775.00,133.30,158.20,1.0000,-1,-1,-1
723,665,1577.65,908.63,177.72,127.80,1.0000,-1,-1,-1
723,675,737.26,829.85,153.60,111.15,1.0000,-1,-1,-1
723,679,540.92,755.97,111.93,119.94,1.0000,-1,-1,-1
723,681,812.57,835.32,207.96,141.14,0.3652,-1,-1,-1
723,682,1256.34,868.28,155.44,135.03,0.6073,-1,-1,-1
724,551,882.62,6.85,335.93,543.86,0.9381,-1,-1,-1
724,561,835.00,64.93,110.59,271.50,0.8754,-1,-1,-1
724,638,1355.28,902.63,163.85,128.68,1.0000,-1,-1,-1
724,642,737.51,809.21,193.55,182.80,1.0000,-1,-1,-1
724,644,573.84,788.12,158.19,137.65,1.0000,-1,-1,-1
724,646,1655.66,870.33,281.87,237.63,1.0000,-1,-1,-1
724,648,1223.19,781.38,-122.20,-93.80,1.0000,-1,-1,-1
724,654,1153.22,186.43,57.66,42.41,1.0000,-1,-1,-1
724,657,1665.81,1062.55,23.49,17.90,1.0000,-1,-1,-1
724,662,486.38,779.82,133.95,158.98,1.0000,-1,-1,-1
724,665,1584.75,909.61,177.24,127.45,1.0000,-1,-1,-1
724,675,744.16,834.54,151.79,109.84,1.0000,-1,-1,-1
724,679,544.38,756.17,108.44,116.20,1.0000,-1,-1,-1
724,681,813.79,841.21,204.30,138.63,0.3915,-1,-1,-1
724,682,1248.84,876.22,157.36,136.61,0.3085,-1,-1,-1
724,683,629.29,791.42,167.76,174.33,0.3537,-1,-1,-1
725,551,888.90,6.27,337.43,543.14,0.9197,-1,-1,-1
725,561,828.24,65.77,111.67,270.63,0.8981,-1,-1,-1
725,638,1360.96,904.94,163.83,128.66,1.0000,-1,-1,-1
725,642,738.94,813.11,194.33,183.54,1.0000,-1,-1,-1
725,644,564.93,790.49,157.59,137.13,1.0000,-1,-1,-1
725,646,1665.42,869.97,285.58,240.76,1.0000,-1,-1,-1
725,648,1230.18,781.83,-131.46,-100.90,1.0000,-1,-1,-1
725,654,1148.18,185.29,57.21,42.08,1.0000,-1,-1,-1
725,657,1685.45,1073.09,16.10,12.27,1.0000,-1,-1,-1
725,662,480.41,784.63,134.61,159.76,1.0000,-1,-1,-1
725,665,1591.84,910.59,176.76,127.10,1.0000,-1,-1,-1
725,675,751.07,839.23,149.98,108.53,1.0000,-1,-1,-1
725,679,547.84,756.37,104.94,112.46,1.0000,-1,-1,-1
725,681,808.76,849.37,218.72,148.42,0.5575,-1,-1,-1
725,682,1243.41,881.77,160.51,138.70,0.3659,-1,-1,-1
725,683,680.44,795.57,119.27,122.82,0.4540,-1,-1,-1