4,1,1188.59,318.75,119.61,169.58,0.3907,-1,-1,-1
4,3,511.42,426.23,117.30,169.49,0.4238,-1,-1,-1
4,7,163.37,511.88,133.18,173.85,0.3195,-1,-1,-1
4,8,7.04,729.11,140.86,179.80,0.3806,-1,-1,-1
4,10,1541.82,592.99,158.83,175.25,0.3629,-1,-1,-1
5,1,1183.53,319.42,122.16,171.70,0.4433,-1,-1,-1
5,3,503.01,428.65,118.64,171.48,0.3029,-1,-1,-1
5,7,155.25,509.88,134.78,177.38,0.3268,-1,-1,-1
5,8,-0.08,733.65,139.16,177.62,1.0000,-1,-1,-1
5,10,1530.07,595.33,158.98,175.42,1.0000,-1,-1,-1
5,14,1329.30,431.74,123.19,170.13,0.5272,-1,-1,-1
6,1,1174.73,320.85,124.16,172.65,0.4966,-1,-1,-1
6,3,484.31,432.10,120.46,173.20,0.3934,-1,-1,-1
6,7,155.20,514.16,138.69,182.39,0.3062,-1,-1,-1
6,8,-7.19,738.20,137.45,175.44,1.0000,-1,-1,-1
6,10,1518.33,597.67,159.13,175.58,1.0000,-1,-1,-1
6,14,1318.08,433.17,122.52,169.20,1.0000,-1,-1,-1
7,1,1167.87,323.06,122.50,170.34,1.0000,-1,-1,-1
7,3,465.97,436.14,122.53,172.15,0.3812,-1,-1,-1
7,7,144.79,517.90,138.30,181.86,1.0000,-1,-1,-1
7,8,-14.30,742.74,135.75,173.27,1.0000,-1,-1,-1
7,10,1513.01,609.52,165.69,184.11,0.3031,-1,-1,-1
7,14,1306.86,434.59,121.85,168.27,1.0000,-1,-1,-1
8,1,1161.01,325.28,120.84,168.02,1.0000,-1,-1,-1
8,3,452.79,439.42,123.60,173.65,1.0000,-1,-1,-1
8,7,134.38,521.64,137.90,181.34,1.0000,-1,-1,-1
8,8,-21.42,747.29,134.04,171.09,1.0000,-1,-1,-1
8,10,1502.22,613.40,167.06,185.64,1.0000,-1,-1,-1
8,14,1300.86,437.20,130.60,181.48,0.3071,-1,-1,-1
9,1,1154.15,327.49,119.17,165.71,1.0000,-1,-1,-1
9,3,451.03,439.89,122.92,168.03,0.3980,-1,-1,-1
9,7,123.97,525.38,137.50,180.81,1.0000,-1,-1,-1
9,8,-28.53,751.84,132.34,168.92,1.0000,-1,-1,-1
9,10,1491.43,617.29,168.44,187.17,1.0000,-1,-1,-1
9,14,1290.44,438.82,131.62,182.90,1.0000,-1,-1,-1
10,1,1147.29,329.70,117.51,163.40,1.0000,-1,-1,-1
10,3,448.93,441.42,123.35,165.37,0.6115,-1,-1,-1
10,7,113.21,524.04,140.19,185.84,0.3365,-1,-1,-1
10,8,-35.64,756.38,130.63,166.74,1.0000,-1,-1,-1
10,10,1490.85,619.55,159.83,179.04,0.3861,-1,-1,-1
10,14,1295.62,444.55,123.90,174.92,0.3036,-1,-1,-1
11,1,1140.43,331.91,115.85,161.08,1.0000,-1,-1,-1
11,3,444.84,444.37,121.21,158.30,0.4251,-1,-1,-1
11,7,110.80,524.61,139.34,186.80,0.4149,-1,-1,-1
11,8,-42.76,760.93,128.93,164.56,1.0000,-1,-1,-1
11,10,1481.20,623.25,160.17,179.42,1.0000,-1,-1,-1
11,14,1287.11,446.71,124.04,175.11,1.0000,-1,-1,-1
12,1,1133.58,334.12,114.18,158.77,1.0000,-1,-1,-1
12,3,435.83,447.12,120.56,157.45,1.0000,-1,-1,-1
12,7,101.16,527.43,139.52,187.05,1.0000,-1,-1,-1
12,8,-49.87,765.47,127.22,162.39,1.0000,-1,-1,-1
12,10,1471.55,626.94,160.51,179.81,1.0000,-1,-1,-1
12,14,1278.60,448.87,124.18,175.31,1.0000,-1,-1,-1
13,1,1126.72,336.33,112.52,156.46,1.0000,-1,-1,-1
13,3,426.83,449.87,119.91,156.61,1.0000,-1,-1,-1
13,7,91.52,530.25,139.71,187.30,1.0000,-1,-1,-1
13,8,-56.98,770.02,125.52,160.21,1.0000,-1,-1,-1
13,10,1461.89,630.64,160.85,180.19,1.0000,-1,-1,-1
13,14,1270.09,451.03,124.31,175.50,1.0000,-1,-1,-1
14,1,1119.86,338.54,110.86,154.15,1.0000,-1,-1,-1
14,3,417.82,452.62,119.27,155.76,1.0000,-1,-1,-1
14,7,73.64,534.22,145.74,195.65,0.3207,-1,-1,-1
14,8,-64.10,774.56,123.81,158.04,1.0000,-1,-1,-1
14,10,1452.24,634.33,161.19,180.57,1.0000,-1,-1,-1
14,14,1291.23,452.09,124.85,169.86,0.4158,-1,-1,-1
15,1,1098.73,353.41,131.61,181.03,0.3078,-1,-1,-1
15,3,417.50,462.60,125.11,158.44,0.3761,-1,-1,-1
15,7,66.13,538.00,144.18,193.97,0.5993,-1,-1,-1
15,8,-71.21,779.11,122.11,155.86,1.0000,-1,-1,-1
15,10,1442.59,638.03,161.53,180.95,1.0000,-1,-1,-1
15,14,1287.78,459.19,128.27,168.62,0.5162,-1,-1,-1
16,1,1090.71,356.70,131.74,181.21,1.0000,-1,-1,-1
16,3,409.65,466.14,124.74,157.98,1.0000,-1,-1,-1
16,7,52.58,543.25,143.35,192.94,0.3695,-1,-1,-1
16,8,-78.33,783.66,120.40,153.69,1.0000,-1,-1,-1
16,10,1432.94,641.72,161.87,181.33,1.0000,-1,-1,-1
16,14,1283.08,461.82,127.88,168.11,1.0000,-1,-1,-1
17,1,1082.70,359.99,131.87,181.39,1.0000,-1,-1,-1
17,3,401.79,469.67,124.38,157.52,1.0000,-1,-1,-1
17,7,42.01,546.52,143.80,193.55,1.0000,-1,-1,-1
17,8,32.64,582.37,127.13,158.00,0.3200,-1,-1,-1
17,10,1423.28,645.42,162.21,181.71,1.0000,-1,-1,-1
17,14,1267.35,457.62,136.73,176.57,0.4077,-1,-1,-1
18,1,1074.68,363.28,132.00,181.57,1.0000,-1,-1,-1
18,3,393.94,473.21,124.01,157.05,1.0000,-1,-1,-1
18,7,31.43,549.78,144.26,194.16,1.0000,-1,-1,-1
18,8,33.80,572.73,125.74,156.27,1.0000,-1,-1,-1
18,10,1413.63,649.11,162.55,182.09,1.0000,-1,-1,-1
18,14,1261.52,459.47,137.12,177.09,1.0000,-1,-1,-1
19,1,1081.51,366.85,134.15,183.85,0.3574,-1,-1,-1
19,3,386.08,476.75,123.65,156.59,1.0000,-1,-1,-1
19,7,20.85,553.05,144.71,194.78,1.0000,-1,-1,-1
19,8,34.97,563.08,124.35,154.54,1.0000,-1,-1,-1
19,10,1403.98,652.81,162.89,182.47,1.0000,-1,-1,-1
19,14,1255.69,461.31,137.52,177.60,1.0000,-1,-1,-1
20,1,1074.82,370.17,134.41,184.22,1.0000,-1,-1,-1
20,3,381.90,489.80,124.08,155.00,0.3496,-1,-1,-1
20,7,10.27,556.31,145.17,195.39,1.0000,-1,-1,-1
20,8,36.13,553.44,122.96,152.81,1.0000,-1,-1,-1
20,10,1394.32,656.50,163.23,182.85,1.0000,-1,-1,-1
20,14,1249.86,463.15,137.92,178.12,1.0000,-1,-1,-1
21,1,1068.13,373.48,134.68,184.58,1.0000,-1,-1,-1
21,3,377.72,494.13,125.25,154.60,0.3004,-1,-1,-1
21,7,-0.30,559.58,145.62,196.00,1.0000,-1,-1,-1
21,8,18.53,570.57,147.11,182.39,0.4024,-1,-1,-1
21,10,1384.67,660.19,163.57,183.23,1.0000,-1,-1,-1
21,14,1244.03,465.00,138.32,178.64,1.0000,-1,-1,-1
22,1,1061.44,376.80,134.94,184.95,1.0000,-1,-1,-1
22,3,370.71,498.54,124.81,154.05,1.0000,-1,-1,-1
22,7,-10.88,562.84,146.08,196.61,1.0000,-1,-1,-1
22,8,15.13,575.20,145.34,180.79,0.5514,-1,-1,-1
22,10,1375.02,663.89,163.91,183.62,1.0000,-1,-1,-1
22,14,1238.20,466.84,138.72,179.15,1.0000,-1,-1,-1
23,1,1054.75,380.11,135.21,185.31,1.0000,-1,-1,-1
23,3,362.24,499.74,134.10,163.92,0.3511,-1,-1,-1
23,7,-21.46,566.10,146.53,197.23,1.0000,-1,-1,-1
23,8,12.64,579.43,144.97,179.96,0.6060,-1,-1,-1
23,10,1365.37,667.58,164.25,184.00,1.0000,-1,-1,-1
23,14,1232.37,468.68,139.12,179.67,1.0000,-1,-1,-1
24,1,1048.06,383.43,135.48,185.68,1.0000,-1,-1,-1
24,3,355.14,503.80,134.58,164.51,1.0000,-1,-1,-1
24,7,-32.03,569.37,146.99,197.84,1.0000,-1,-1,-1
24,8,11.76,581.11,140.21,174.39,0.3193,-1,-1,-1
24,10,1355.71,671.28,164.59,184.38,1.0000,-1,-1,-1
24,14,1225.93,481.49,130.18,163.76,0.3148,-1,-1,-1
25,1,1041.37,386.74,135.74,186.04,1.0000,-1,-1,-1
25,3,349.08,503.35,140.86,170.90,0.3265,-1,-1,-1
25,7,-42.61,572.63,147.45,198.45,1.0000,-1,-1,-1
25,8,3.39,586.15,137.23,173.31,0.4193,-1,-1,-1
25,10,1346.06,674.97,164.93,184.76,1.0000,-1,-1,-1
25,14,1205.61,484.94,134.65,172.20,0.3633,-1,-1,-1
26,1,1034.67,390.06,136.01,186.40,1.0000,-1,-1,-1
26,3,342.14,506.96,141.82,172.07,1.0000,-1,-1,-1
26,7,-53.19,575.90,147.90,199.07,1.0000,-1,-1,-1
26,8,1.42,582.89,137.35,173.46,1.0000,-1,-1,-1
26,10,1336.41,678.67,165.27,185.14,1.0000,-1,-1,-1
26,14,1196.56,486.69,133.58,175.21,0.3268,-1,-1,-1
27,1,1027.98,393.38,136.27,186.77,1.0000,-1,-1,-1
27,3,335.19,510.57,142.79,173.24,1.0000,-1,-1,-1
27,7,-63.76,579.16,148.36,199.68,1.0000,-1,-1,-1
27,8,-0.56,579.63,137.46,173.61,1.0000,-1,-1,-1
27,10,1326.76,682.36,165.61,185.52,1.0000,-1,-1,-1
27,14,1188.80,489.38,133.94,175.69,1.0000,-1,-1,-1
28,1,1021.29,396.69,136.54,187.13,1.0000,-1,-1,-1
28,3,328.25,514.18,143.75,174.41,1.0000,-1,-1,-1
28,7,-74.34,582.43,148.81,200.29,1.0000,-1,-1,-1
28,8,-2.54,576.37,137.58,173.76,1.0000,-1,-1,-1
28,10,1317.10,686.06,165.95,185.90,1.0000,-1,-1,-1
28,14,1181.05,492.07,134.31,176.17,1.0000,-1,-1,-1
29,1,1014.60,400.01,136.80,187.50,1.0000,-1,-1,-1
29,3,334.09,515.45,134.63,159.21,0.3617,-1,-1,-1
29,7,-84.92,585.69,149.27,200.91,1.0000,-1,-1,-1
29,8,-4.51,573.11,137.70,173.91,1.0000,-1,-1,-1
29,10,1307.45,689.75,166.29,186.28,1.0000,-1,-1,-1
29,14,1173.29,494.76,134.67,176.65,1.0000,-1,-1,-1
30,1,1007.91,403.32,137.07,187.86,1.0000,-1,-1,-1
30,3,328.42,518.86,134.41,158.94,1.0000,-1,-1,-1
30,7,-95.49,588.96,149.72,201.52,1.0000,-1,-1,-1
30,8,-6.49,569.85,137.82,174.06,1.0000,-1,-1,-1
30,10,1297.80,693.45,166.63,186.66,1.0000,-1,-1,-1
30,14,1165.53,497.45,135.03,177.12,1.0000,-1,-1,-1
31,1,1001.22,406.64,137.33,188.22,1.0000,-1,-1,-1
31,3,322.75,522.26,134.18,158.68,1.0000,-1,-1,-1
31,7,-106.07,592.22,150.18,202.13,1.0000,-1,-1,-1
31,8,-8.47,566.59,137.94,174.21,1.0000,-1,-1,-1
31,10,1508.21,457.58,146.01,162.62,0.3202,-1,-1,-1
31,14,1157.77,500.14,135.40,177.60,1.0000,-1,-1,-1
32,1,994.53,409.95,137.60,188.59,1.0000,-1,-1,-1
32,3,317.08,525.67,133.95,158.41,1.0000,-1,-1,-1
32,7,-116.65,595.49,150.63,202.74,1.0000,-1,-1,-1
32,8,-10.44,563.34,138.06,174.36,1.0000,-1,-1,-1
32,10,1509.05,449.88,145.31,161.84,1.0000,-1,-1,-1
32,14,1150.01,502.83,135.76,178.08,1.0000,-1,-1,-1
33,1,987.84,413.27,137.87,188.95,1.0000,-1,-1,-1
33,3,311.41,529.07,133.73,158.14,1.0000,-1,-1,-1
33,7,-127.23,598.75,151.09,203.36,1.0000,-1,-1,-1
33,8,-12.42,560.08,138.17,174.51,1.0000,-1,-1,-1
33,10,1509.88,442.18,144.61,161.06,1.0000,-1,-1,-1
33,14,1142.26,505.52,136.13,178.56,1.0000,-1,-1,-1
34,1,981.15,416.58,138.13,189.32,1.0000,-1,-1,-1
34,3,305.74,532.47,133.50,157.87,1.0000,-1,-1,-1
34,7,-137.80,602.02,151.54,203.97,1.0000,-1,-1,-1
34,8,-14.40,556.82,138.29,174.66,1.0000,-1,-1,-1
34,10,1510.72,434.48,143.91,160.28,1.0000,-1,-1,-1
34,14,1134.50,508.20,136.49,179.04,1.0000,-1,-1,-1
35,1,974.46,419.90,138.40,189.68,1.0000,-1,-1,-1
35,3,300.07,535.88,133.27,157.60,1.0000,-1,-1,-1
35,7,-148.38,605.28,152.00,204.58,1.0000,-1,-1,-1
35,8,-16.38,553.56,138.41,174.81,1.0000,-1,-1,-1
35,10,1511.55,426.79,143.21,159.50,1.0000,-1,-1,-1
35,14,1126.74,510.89,136.86,179.51,1.0000,-1,-1,-1
36,1,967.76,423.22,138.66,190.04,1.0000,-1,-1,-1
36,3,294.40,539.28,133.05,157.33,1.0000,-1,-1,-1
36,7,-158.96,608.55,152.45,205.20,1.0000,-1,-1,-1
36,8,-18.35,550.30,138.53,174.96,1.0000,-1,-1,-1
36,10,1454.36,457.64,151.57,162.63,0.3131,-1,-1,-1
36,14,1118.98,513.58,137.22,179.99,1.0000,-1,-1,-1
37,1,961.07,426.53,138.93,190.41,1.0000,-1,-1,-1
37,3,288.73,542.69,132.82,157.06,1.0000,-1,-1,-1
37,7,-169.53,611.81,152.91,205.81,1.0000,-1,-1,-1
37,8,-20.33,547.04,138.65,175.11,1.0000,-1,-1,-1
37,10,1449.55,453.89,151.22,162.25,1.0000,-1,-1,-1
37,14,1111.22,516.27,137.58,180.47,1.0000,-1,-1,-1
38,1,954.38,429.85,139.19,190.77,1.0000,-1,-1,-1
38,3,283.06,546.09,132.59,156.80,1.0000,-1,-1,-1
38,7,-180.11,615.08,153.37,206.42,1.0000,-1,-1,-1
38,8,-22.31,543.78,138.77,175.26,1.0000,-1,-1,-1
38,10,1437.88,466.21,150.93,157.60,0.4072,-1,-1,-1
38,14,1103.46,518.96,137.95,180.95,1.0000,-1,-1,-1
39,1,947.69,433.16,139.46,191.14,1.0000,-1,-1,-1
39,3,277.39,549.49,132.37,156.53,1.0000,-1,-1,-1
39,7,-190.69,618.34,153.82,207.03,1.0000,-1,-1,-1
39,8,-24.28,540.53,138.89,175.41,1.0000,-1,-1,-1
39,10,1412.48,470.51,148.73,160.98,0.3028,-1,-1,-1
39,14,1095.71,521.65,138.31,181.42,1.0000,-1,-1,-1
40,1,941.00,436.48,139.73,191.50,1.0000,-1,-1,-1
40,3,271.72,552.90,132.14,156.26,1.0000,-1,-1,-1
40,7,-201.26,621.60,154.28,207.65,1.0000,-1,-1,-1
40,8,-26.26,537.27,139.00,175.56,1.0000,-1,-1,-1
40,10,1404.38,469.34,148.41,160.63,1.0000,-1,-1,-1
40,14,949.15,423.78,142.89,180.72,0.3267,-1,-1,-1
41,1,934.31,439.79,139.99,191.86,1.0000,-1,-1,-1
41,3,266.05,556.30,131.91,155.99,1.0000,-1,-1,-1
41,7,-211.84,624.87,154.73,208.26,1.0000,-1,-1,-1
41,8,-28.24,534.01,139.12,175.71,1.0000,-1,-1,-1
41,10,1396.27,468.16,148.08,160.27,1.0000,-1,-1,-1
41,14,933.12,420.37,143.21,181.12,1.0000,-1,-1,-1
42,1,927.62,443.11,140.26,192.23,1.0000,-1,-1,-1
42,3,260.38,559.71,131.68,155.72,1.0000,-1,-1,-1
42,7,-222.42,628.13,155.19,208.87,1.0000,-1,-1,-1
42,8,-30.21,530.75,139.24,175.86,1.0000,-1,-1,-1
42,10,1388.17,466.98,147.76,159.92,1.0000,-1,-1,-1
42,14,917.09,416.95,143.53,181.53,1.0000,-1,-1,-1
43,1,920.93,446.42,140.52,192.59,1.0000,-1,-1,-1
43,3,254.71,563.11,131.46,155.45,1.0000,-1,-1,-1
43,7,-232.99,631.40,155.64,209.49,1.0000,-1,-1,-1
43,8,-32.19,527.49,139.36,176.00,1.0000,-1,-1,-1
43,10,1380.06,465.80,147.44,159.57,1.0000,-1,-1,-1
43,14,901.06,413.54,143.85,181.93,1.0000,-1,-1,-1
44,1,914.24,449.74,140.79,192.96,1.0000,-1,-1,-1
44,3,235.15,567.58,137.65,163.91,0.3900,-1,-1,-1
44,7,-243.57,634.66,156.10,210.10,1.0000,-1,-1,-1
44,8,-34.17,524.23,139.48,176.15,1.0000,-1,-1,-1
44,10,1371.96,464.62,147.11,159.22,1.0000,-1,-1,-1
44,14,885.03,410.13,144.17,182.34,1.0000,-1,-1,-1
45,1,907.54,453.06,141.05,193.32,1.0000,-1,-1,-1
45,3,230.16,570.36,136.25,163.01,0.4896,-1,-1,-1
45,7,-254.15,637.93,156.55,210.71,1.0000,-1,-1,-1
45,8,-36.15,520.97,139.60,176.30,1.0000,-1,-1,-1
45,10,1363.85,463.44,146.79,158.87,1.0000,-1,-1,-1
45,14,869.00,406.72,144.49,182.75,1.0000,-1,-1,-1
46,1,900.85,456.37,141.32,193.68,1.0000,-1,-1,-1
46,3,223.76,573.76,136.37,163.15,1.0000,-1,-1,-1
46,7,-264.73,641.19,157.01,211.33,1.0000,-1,-1,-1
46,8,-38.12,517.72,139.71,176.45,1.0000,-1,-1,-1
46,10,1355.75,462.26,146.46,158.52,1.0000,-1,-1,-1
46,14,852.97,403.31,144.82,183.15,1.0000,-1,-1,-1
47,1,894.16,459.69,141.58,194.05,1.0000,-1,-1,-1
47,3,217.36,577.16,136.48,163.28,1.0000,-1,-1,-1
47,7,-275.30,644.46,157.46,211.94,1.0000,-1,-1,-1
47,8,-40.10,514.46,139.83,176.60,1.0000,-1,-1,-1
47,10,1347.64,461.08,146.14,158.17,1.0000,-1,-1,-1
47,14,836.94,399.89,145.14,183.56,1.0000,-1,-1,-1
48,1,887.47,463.00,141.85,194.41,1.0000,-1,-1,-1
48,3,210.96,580.57,136.60,163.42,1.0000,-1,-1,-1
48,7,-285.88,647.72,157.92,212.55,1.0000,-1,-1,-1
48,8,-42.08,511.20,139.95,176.75,1.0000,-1,-1,-1
48,10,1339.53,459.90,145.81,157.82,1.0000,-1,-1,-1
48,14,820.91,396.48,145.46,183.96,1.0000,-1,-1,-1
49,1,880.78,466.32,142.12,194.78,1.0000,-1,-1,-1
49,3,204.56,583.97,136.71,163.56,1.0000,-1,-1,-1
49,7,-296.46,650.99,158.37,213.16,1.0000,-1,-1,-1
49,8,-44.05,507.94,140.07,176.90,1.0000,-1,-1,-1
49,10,1331.43,458.72,145.49,157.47,1.0000,-1,-1,-1
49,14,804.88,393.07,145.78,184.37,1.0000,-1,-1,-1
50,1,874.09,469.63,142.38,195.14,1.0000,-1,-1,-1
50,3,198.16,587.37,136.83,163.70,1.0000,-1,-1,-1
50,7,-307.03,654.25,158.83,213.78,1.0000,-1,-1,-1
50,8,-46.03,504.68,140.19,177.05,1.0000,-1,-1,-1
50,10,1323.32,457.54,145.17,157.12,1.0000,-1,-1,-1
50,14,875.27,439.15,135.75,173.92,0.3297,-1,-1,-1
51,1,867.40,472.95,142.65,195.50,1.0000,-1,-1,-1
51,3,191.76,590.78,136.94,163.83,1.0000,-1,-1,-1
51,7,-317.61,657.52,159.29,214.39,1.0000,-1,-1,-1
51,8,-48.01,501.42,140.31,177.20,1.0000,-1,-1,-1
51,10,1315.22,456.36,144.84,156.76,1.0000,-1,-1,-1
51,14,865.33,439.26,135.46,173.56,1.0000,-1,-1,-1
52,1,860.71,476.26,142.91,195.87,1.0000,-1,-1,-1
52,3,185.36,594.18,137.06,163.97,1.0000,-1,-1,-1
52,7,-328.19,660.78,159.74,215.00,1.0000,-1,-1,-1
52,8,-49.98,498.17,140.43,177.35,1.0000,-1,-1,-1
52,10,1307.11,455.18,144.52,156.41,1.0000,-1,-1,-1
52,14,855.40,439.38,135.18,173.19,1.0000,-1,-1,-1
53,1,854.02,479.58,143.18,196.23,1.0000,-1,-1,-1
53,3,178.97,597.58,137.17,164.11,1.0000,-1,-1,-1
53,7,-338.76,664.05,160.20,215.62,1.0000,-1,-1,-1
53,8,-51.96,494.91,140.54,177.50,1.0000,-1,-1,-1
53,10,1299.01,454.01,144.19,156.06,1.0000,-1,-1,-1
53,14,845.46,439.49,134.89,172.82,1.0000,-1,-1,-1
54,1,847.32,482.90,143.44,196.60,1.0000,-1,-1,-1
54,3,172.57,600.99,137.29,164.25,1.0000,-1,-1,-1
54,7,-349.34,667.31,160.65,216.23,1.0000,-1,-1,-1
54,8,-53.94,491.65,140.66,177.65,1.0000,-1,-1,-1
54,10,1290.90,452.83,143.87,155.71,1.0000,-1,-1,-1
54,14,835.52,439.61,134.60,172.46,1.0000,-1,-1,-1
55,1,840.63,486.21,143.71,196.96,1.0000,-1,-1,-1
55,3,166.17,604.39,137.40,164.38,1.0000,-1,-1,-1
55,7,-359.92,670.58,161.11,216.84,1.0000,-1,-1,-1
55,8,-55.92,488.39,140.78,177.80,1.0000,-1,-1,-1
55,10,1282.80,451.65,143.55,155.36,1.0000,-1,-1,-1
55,14,825.58,439.72,134.32,172.09,1.0000,-1,-1,-1
56,1,833.94,489.53,143.98,197.32,1.0000,-1,-1,-1
56,3,159.77,607.79,137.52,164.52,1.0000,-1,-1,-1
56,7,-370.50,673.84,161.56,217.46,1.0000,-1,-1,-1
56,8,-57.89,485.13,140.90,177.95,1.0000,-1,-1,-1
56,10,1274.69,450.47,143.22,155.01,1.0000,-1,-1,-1
56,14,815.65,439.83,134.03,171.72,1.0000,-1,-1,-1
57,1,827.25,492.84,144.24,197.69,1.0000,-1,-1,-1
57,3,153.37,611.20,137.63,164.66,1.0000,-1,-1,-1
57,7,286.39,910.68,121.51,167.61,0.5545,-1,-1,-1
57,8,-59.87,481.87,141.02,178.10,1.0000,-1,-1,-1
57,10,1266.58,449.29,142.90,154.66,1.0000,-1,-1,-1
57,14,805.71,439.95,133.74,171.36,1.0000,-1,-1,-1
58,1,820.56,496.16,144.51,198.05,1.0000,-1,-1,-1
58,3,146.97,614.60,137.75,164.79,1.0000,-1,-1,-1
58,7,295.81,920.96,120.85,166.71,1.0000,-1,-1,-1
58,8,-61.85,478.61,141.14,178.25,1.0000,-1,-1,-1
58,10,1258.48,448.11,142.57,154.31,1.0000,-1,-1,-1
58,14,795.77,440.06,133.46,170.99,1.0000,-1,-1,-1
59,1,813.87,499.47,144.77,198.42,1.0000,-1,-1,-1
59,3,140.57,618.00,137.86,164.93,1.0000,-1,-1,-1
59,7,305.23,931.25,120.20,165.80,1.0000,-1,-1,-1
59,8,-63.82,475.36,141.25,178.40,1.0000,-1,-1,-1
59,10,1250.37,446.93,142.25,153.96,1.0000,-1,-1,-1
59,14,785.83,440.18,133.17,170.62,1.0000,-1,-1,-1
60,1,807.18,502.79,145.04,198.78,1.0000,-1,-1,-1
60,3,134.17,621.41,137.98,165.07,1.0000,-1,-1,-1
60,7,314.65,941.53,119.54,164.90,1.0000,-1,-1,-1
60,8,-65.80,472.10,141.37,178.55,1.0000,-1,-1,-1
60,10,1242.27,445.75,141.92,153.61,1.0000,-1,-1,-1
60,14,775.89,440.29,132.88,170.25,1.0000,-1,-1,-1
61,1,800.49,506.10,145.30,199.14,1.0000,-1,-1,-1
61,3,127.77,624.81,138.09,165.21,1.0000,-1,-1,-1
61,7,324.07,951.81,118.89,164.00,1.0000,-1,-1,-1
61,8,-67.78,468.84,141.49,178.70,1.0000,-1,-1,-1
61,10,1234.16,444.57,141.60,153.25,1.0000,-1,-1,-1
61,14,765.96,440.40,132.60,169.89,1.0000,-1,-1,-1
62,1,793.80,509.42,145.57,199.51,1.0000,-1,-1,-1
62,3,121.37,628.21,138.21,165.34,1.0000,-1,-1,-1
62,7,333.49,962.09,118.24,163.10,1.0000,-1,-1,-1
62,8,-69.75,465.58,141.61,178.85,1.0000,-1,-1,-1
62,10,1226.06,443.39,141.28,152.90,1.0000,-1,-1,-1
62,14,756.02,440.52,132.31,169.52,1.0000,-1,-1,-1
63,1,787.10,512.74,145.83,199.87,1.0000,-1,-1,-1
63,3,28.48,760.92,151.84,184.40,0.4074,-1,-1,-1
63,7,342.91,972.37,117.58,162.19,1.0000,-1,-1,-1
63,8,-71.73,462.32,141.73,179.00,1.0000,-1,-1,-1
63,10,1217.95,442.21,140.95,152.55,1.0000,-1,-1,-1
63,14,746.08,440.63,132.02,169.15,1.0000,-1,-1,-1
64,1,780.41,516.05,146.10,200.24,1.0000,-1,-1,-1
64,3,17.45,771.15,152.78,185.54,1.0000,-1,-1,-1
64,7,352.33,982.65,116.93,161.29,1.0000,-1,-1,-1
64,8,-73.71,459.06,141.85,179.15,1.0000,-1,-1,-1
64,10,1209.85,441.03,140.63,152.20,1.0000,-1,-1,-1
64,14,736.14,440.75,131.74,168.79,1.0000,-1,-1,-1
65,1,773.72,519.37,146.37,200.60,1.0000,-1,-1,-1
65,3,6.43,781.39,153.72,186.68,1.0000,-1,-1,-1
65,7,361.76,992.93,116.27,160.39,1.0000,-1,-1,-1
65,8,-75.69,455.80,141.97,179.30,1.0000,-1,-1,-1
65,10,1201.74,439.85,140.30,151.85,1.0000,-1,-1,-1
65,14,726.21,440.86,131.45,168.42,1.0000,-1,-1,-1
66,1,767.03,522.68,146.63,200.96,1.0000,-1,-1,-1
66,3,-4.59,791.63,154.65,187.81,1.0000,-1,-1,-1
66,7,371.18,1003.22,115.62,159.49,1.0000,-1,-1,-1
66,8,-77.66,452.55,142.08,179.45,1.0000,-1,-1,-1
66,10,1193.63,438.67,139.98,151.50,1.0000,-1,-1,-1
66,14,716.27,440.97,131.17,168.05,1.0000,-1,-1,-1
67,1,760.34,526.00,146.90,201.33,1.0000,-1,-1,-1
67,3,-15.62,801.86,155.59,188.95,1.0000,-1,-1,-1
67,7,380.60,1013.50,114.96,158.58,1.0000,-1,-1,-1
67,8,-79.64,449.29,142.20,179.60,1.0000,-1,-1,-1
67,10,1185.53,437.50,139.65,151.15,1.0000,-1,-1,-1
67,14,706.33,441.09,130.88,167.68,1.0000,-1,-1,-1
68,1,753.65,529.31,147.16,201.69,1.0000,-1,-1,-1
68,3,-26.64,812.10,156.53,190.09,1.0000,-1,-1,-1
68,7,390.02,1023.78,114.31,157.68,1.0000,-1,-1,-1
68,8,-81.62,446.03,142.32,179.75,1.0000,-1,-1,-1
68,10,1177.42,436.32,139.33,150.80,1.0000,-1,-1,-1
68,14,696.39,441.20,130.59,167.32,1.0000,-1,-1,-1
69,1,746.96,532.63,147.43,202.06,1.0000,-1,-1,-1
69,3,-37.67,822.34,157.46,191.23,1.0000,-1,-1,-1
69,7,399.44,1034.06,113.65,156.78,1.0000,-1,-1,-1
69,8,-83.59,442.77,142.44,179.89,1.0000,-1,-1,-1
69,10,1169.32,435.14,139.01,150.45,1.0000,-1,-1,-1
69,14,686.45,441.31,130.31,166.95,1.0000,-1,-1,-1
70,1,740.27,535.94,147.69,202.42,1.0000,-1,-1,-1
70,3,-48.69,832.57,158.40,192.36,1.0000,-1,-1,-1
70,7,408.86,1044.34,113.00,155.87,1.0000,-1,-1,-1
70,8,-85.57,439.51,142.56,180.04,1.0000,-1,-1,-1
70,10,1161.21,433.96,138.68,150.10,1.0000,-1,-1,-1
70,14,676.52,441.43,130.02,166.58,1.0000,-1,-1,-1
71,1,733.58,539.26,147.96,202.78,1.0000,-1,-1,-1
71,3,-59.72,842.81,159.34,193.50,1.0000,-1,-1,-1
71,7,418.28,1054.62,112.34,154.97,1.0000,-1,-1,-1
71,8,-87.55,436.25,142.68,180.19,1.0000,-1,-1,-1
71,10,1153.11,432.78,138.36,149.75,1.0000,-1,-1,-1
71,14,666.58,441.54,129.73,166.22,1.0000,-1,-1,-1
72,1,726.88,542.58,148.23,203.15,1.0000,-1,-1,-1
72,3,-70.74,853.05,160.27,194.64,1.0000,-1,-1,-1
72,7,427.70,1064.90,111.69,154.07,1.0000,-1,-1,-1
72,8,-89.52,432.99,142.79,180.34,1.0000,-1,-1,-1
72,10,1145.00,431.60,138.03,149.39,1.0000,-1,-1,-1
72,14,656.64,441.66,129.45,165.85,1.0000,-1,-1,-1
73,1,720.19,545.89,148.49,203.51,1.0000,-1,-1,-1
73,3,-81.76,863.29,161.21,195.78,1.0000,-1,-1,-1
73,7,437.12,1075.19,111.04,153.17,1.0000,-1,-1,-1
73,8,-91.50,429.74,142.91,180.49,1.0000,-1,-1,-1
73,10,1136.90,430.42,137.71,149.04,1.0000,-1,-1,-1
73,14,646.70,441.77,129.16,165.48,1.0000,-1,-1,-1
74,1,713.50,549.21,148.76,203.88,1.0000,-1,-1,-1
74,3,-92.79,873.52,162.15,196.91,1.0000,-1,-1,-1
74,7,446.54,1085.47,110.38,152.26,1.0000,-1,-1,-1
74,8,-93.48,426.48,143.03,180.64,1.0000,-1,-1,-1
74,10,1128.79,429.24,137.38,148.69,1.0000,-1,-1,-1
74,14,636.77,441.88,128.87,165.11,1.0000,-1,-1,-1
75,1,706.81,552.52,149.02,204.24,1.0000,-1,-1,-1
75,3,-103.81,883.76,163.08,198.05,1.0000,-1,-1,-1
75,7,455.96,1095.75,109.73,151.36,1.0000,-1,-1,-1
75,8,-95.46,423.22,143.15,180.79,1.0000,-1,-1,-1
75,10,1120.68,428.06,137.06,148.34,1.0000,-1,-1,-1
75,14,626.83,442.00,128.59,164.75,1.0000,-1,-1,-1
76,1,700.12,555.84,149.29,204.60,1.0000,-1,-1,-1
76,3,-114.84,894.00,164.02,199.19,1.0000,-1,-1,-1
76,7,465.38,1106.03,109.07,150.46,1.0000,-1,-1,-1
76,8,-97.43,419.96,143.27,180.94,1.0000,-1,-1,-1
76,10,1112.58,426.88,136.74,147.99,1.0000,-1,-1,-1
76,14,616.89,442.11,128.30,164.38,1.0000,-1,-1,-1
77,1,957.84,868.64,123.02,193.81,0.3264,-1,-1,-1
77,3,-125.86,904.23,164.96,200.32,1.0000,-1,-1,-1
77,7,474.80,1116.31,108.42,149.55,1.0000,-1,-1,-1
77,8,164.91,800.14,164.97,190.48,0.3356,-1,-1,-1
77,10,1104.47,425.70,136.41,147.64,1.0000,-1,-1,-1
77,14,699.55,502.16,132.58,184.69,0.3708,-1,-1,-1
78,1,956.95,878.98,123.09,193.92,1.0000,-1,-1,-1
78,3,-136.88,914.47,165.89,201.46,1.0000,-1,-1,-1
78,7,484.22,1126.59,107.76,148.65,1.0000,-1,-1,-1
78,8,169.58,806.30,165.30,190.86,1.0000,-1,-1,-1
78,10,1096.37,424.52,136.09,147.29,1.0000,-1,-1,-1
78,14,693.10,504.67,132.91,185.15,1.0000,-1,-1,-1
79,1,956.06,889.32,123.16,194.03,1.0000,-1,-1,-1
79,3,-147.91,924.71,166.83,202.60,1.0000,-1,-1,-1
79,7,493.64,1136.88,107.11,147.75,1.0000,-1,-1,-1
79,8,174.25,812.45,165.63,191.24,1.0000,-1,-1,-1
79,10,1088.26,423.34,135.76,146.94,1.0000,-1,-1,-1
79,14,686.65,507.19,133.24,185.61,1.0000,-1,-1,-1
80,1,955.17,899.67,123.23,194.14,1.0000,-1,-1,-1
80,3,-158.93,934.94,167.77,203.74,1.0000,-1,-1,-1
80,7,503.06,1147.16,106.45,146.85,1.0000,-1,-1,-1
80,8,178.92,818.60,165.95,191.62,1.0000,-1,-1,-1
80,10,1080.16,422.17,135.44,146.59,1.0000,-1,-1,-1
80,14,680.20,509.70,133.57,186.07,1.0000,-1,-1,-1
81,1,954.28,910.01,123.30,194.25,1.0000,-1,-1,-1
81,3,-169.96,945.18,168.70,204.87,1.0000,-1,-1,-1
81,7,512.48,1157.44,105.80,145.94,1.0000,-1,-1,-1
81,8,183.59,824.76,166.28,192.00,1.0000,-1,-1,-1
81,10,1072.05,420.99,135.12,146.24,1.0000,-1,-1,-1
81,14,673.76,512.21,133.90,186.53,1.0000,-1,-1,-1
82,1,953.39,920.35,123.37,194.36,1.0000,-1,-1,-1
82,3,-180.98,955.42,169.64,206.01,1.0000,-1,-1,-1
82,7,521.91,1167.72,105.14,145.04,1.0000,-1,-1,-1
82,8,188.26,830.91,166.61,192.38,1.0000,-1,-1,-1
82,10,1063.94,419.81,134.79,145.88,1.0000,-1,-1,-1
82,14,667.31,514.72,134.23,186.99,1.0000,-1,-1,-1
83,1,910.11,885.83,124.80,193.06,0.3594,-1,-1,-1
83,3,-192.01,965.65,170.58,207.15,1.0000,-1,-1,-1
83,7,591.98,886.00,123.99,192.30,0.5126,-1,-1,-1
83,8,192.93,837.06,166.94,192.76,1.0000,-1,-1,-1
83,10,937.06,457.05,159.18,202.65,0.3893,-1,-1,-1
83,14,655.74,522.12,122.74,196.91,0.3776,-1,-1,-1
84,1,904.75,891.32,124.78,193.02,1.0000,-1,-1,-1
84,3,-203.03,975.89,171.51,208.29,1.0000,-1,-1,-1
84,7,603.56,884.60,124.65,193.33,1.0000,-1,-1,-1
84,8,197.60,843.21,167.27,193.14,1.0000,-1,-1,-1
84,10,925.40,456.92,160.14,203.87,1.0000,-1,-1,-1
84,14,648.10,525.05,123.54,198.20,1.0000,-1,-1,-1
85,1,899.39,896.80,124.75,192.97,1.0000,-1,-1,-1
85,3,-214.05,986.13,172.45,209.42,1.0000,-1,-1,-1
85,7,615.14,883.19,125.31,194.35,1.0000,-1,-1,-1
85,8,202.27,849.37,167.60,193.52,1.0000,-1,-1,-1
85,10,935.16,456.40,146.45,203.86,0.3925,-1,-1,-1
85,14,640.45,527.99,124.34,199.48,1.0000,-1,-1,-1
86,1,894.03,902.28,124.72,192.93,1.0000,-1,-1,-1
86,3,-225.08,996.36,173.39,210.56,1.0000,-1,-1,-1
86,7,626.72,881.79,125.97,195.38,1.0000,-1,-1,-1
86,8,206.94,855.52,167.93,193.90,1.0000,-1,-1,-1
86,10,937.78,456.18,139.20,204.31,0.5468,-1,-1,-1
86,14,632.81,530.93,125.14,200.77,1.0000,-1,-1,-1
87,1,888.66,907.76,124.69,192.89,1.0000,-1,-1,-1
87,3,-236.10,1006.60,174.32,211.70,1.0000,-1,-1,-1
87,7,638.30,880.38,126.63,196.40,1.0000,-1,-1,-1
87,8,211.61,861.67,168.26,194.28,1.0000,-1,-1,-1
87,10,939.23,456.07,134.50,204.24,0.5151,-1,-1,-1
87,14,625.17,533.87,125.94,202.05,1.0000,-1,-1,-1
88,1,883.30,913.25,124.66,192.85,1.0000,-1,-1,-1
88,3,-247.13,1016.84,175.26,212.84,1.0000,-1,-1,-1
88,7,649.88,878.98,127.29,197.43,1.0000,-1,-1,-1
88,8,216.28,867.83,168.59,194.66,1.0000,-1,-1,-1
88,10,940.29,457.83,130.29,203.29,0.4553,-1,-1,-1
88,14,617.52,536.80,126.73,203.33,1.0000,-1,-1,-1
89,1,877.94,918.73,124.64,192.80,1.0000,-1,-1,-1
89,3,-258.15,1027.08,176.20,213.97,1.0000,-1,-1,-1
89,7,661.46,877.57,127.95,198.46,1.0000,-1,-1,-1
89,8,220.95,873.98,168.92,195.04,1.0000,-1,-1,-1
89,10,932.76,457.88,130.74,204.00,1.0000,-1,-1,-1
89,14,589.48,454.88,156.97,272.85,0.4888,-1,-1,-1
90,1,872.58,924.21,124.61,192.76,1.0000,-1,-1,-1
90,3,-269.18,1037.31,177.13,215.11,1.0000,-1,-1,-1
90,7,673.04,876.17,128.61,199.48,1.0000,-1,-1,-1
90,8,225.62,880.13,169.25,195.42,1.0000,-1,-1,-1
90,10,939.25,459.21,127.46,203.09,0.3828,-1,-1,-1
90,14,587.84,450.54,153.22,279.82,0.7330,-1,-1,-1
91,1,867.22,929.69,124.58,192.72,1.0000,-1,-1,-1
91,3,-280.20,1047.55,178.07,216.25,1.0000,-1,-1,-1
91,7,684.62,874.76,129.27,200.51,1.0000,-1,-1,-1
91,8,230.29,886.29,169.58,195.80,1.0000,-1,-1,-1
91,10,939.86,459.74,125.74,203.18,0.4513,-1,-1,-1
91,14,585.25,451.22,147.47,279.83,0.4645,-1,-1,-1
92,1,861.86,935.18,124.55,192.68,1.0000,-1,-1,-1
92,3,-291.22,1057.79,179.01,217.38,1.0000,-1,-1,-1
92,7,696.21,873.35,129.93,201.53,1.0000,-1,-1,-1
92,8,234.96,892.44,169.91,196.18,1.0000,-1,-1,-1
92,10,940.17,459.33,124.60,203.65,0.6298,-1,-1,-1
92,14,580.18,452.55,144.09,279.07,0.4464,-1,-1,-1
92,39,1393.84,498.13,116.50,189.33,0.6699,-1,-1,-1
93,1,856.50,940.66,124.52,192.63,1.0000,-1,-1,-1
93,3,-302.25,1068.02,179.94,218.52,1.0000,-1,-1,-1
93,7,707.79,871.95,130.59,202.56,1.0000,-1,-1,-1
93,8,239.63,898.59,170.24,196.56,1.0000,-1,-1,-1
93,10,935.20,459.48,124.89,204.14,1.0000,-1,-1,-1
93,14,571.43,449.23,147.11,284.92,1.0000,-1,-1,-1
93,39,1388.62,500.12,116.81,189.84,1.0000,-1,-1,-1
94,1,851.14,946.14,124.49,192.59,1.0000,-1,-1,-1
94,3,-313.27,1078.26,180.88,219.66,1.0000,-1,-1,-1
94,7,719.37,870.54,131.25,203.58,1.0000,-1,-1,-1
94,8,513.54,934.29,124.98,144.54,0.3080,-1,-1,-1
94,10,930.22,459.64,125.19,204.63,1.0000,-1,-1,-1
94,14,562.68,445.90,150.13,290.78,1.0000,-1,-1,-1
94,39,1383.40,502.12,117.13,190.34,1.0000,-1,-1,-1
95,1,845.78,951.62,124.47,192.55,1.0000,-1,-1,-1
95,3,-324.30,1088.50,181.82,220.80,1.0000,-1,-1,-1
95,7,730.95,869.14,131.91,204.61,1.0000,-1,-1,-1
95,8,533.23,942.09,122.78,142.00,1.0000,-1,-1,-1
95,10,925.24,459.79,125.48,205.11,1.0000,-1,-1,-1
95,14,553.94,442.58,153.15,296.63,1.0000,-1,-1,-1
95,39,1378.18,504.11,117.44,190.85,1.0000,-1,-1,-1
96,1,840.42,957.11,124.44,192.51,1.0000,-1,-1,-1
96,3,-335.32,1098.73,182.75,221.93,1.0000,-1,-1,-1
96,7,742.53,867.73,132.57,205.63,1.0000,-1,-1,-1
96,8,552.92,949.89,120.58,139.45,1.0000,-1,-1,-1
96,10,920.27,459.94,125.78,205.60,1.0000,-1,-1,-1
96,14,545.19,439.26,156.17,302.49,1.0000,-1,-1,-1
96,39,1372.96,506.10,117.75,191.36,1.0000,-1,-1,-1
97,1,835.06,962.59,124.41,192.46,1.0000,-1,-1,-1
97,3,-346.34,1108.97,183.69,223.07,1.0000,-1,-1,-1
97,7,754.11,866.33,133.23,206.66,1.0000,-1,-1,-1
97,8,572.61,957.69,118.38,136.91,1.0000,-1,-1,-1
97,10,915.29,460.09,126.07,206.09,1.0000,-1,-1,-1
97,14,536.44,435.93,159.19,308.35,1.0000,-1,-1,-1
97,39,1367.73,508.10,118.06,191.87,1.0000,-1,-1,-1
98,1,829.70,968.07,124.38,192.42,1.0000,-1,-1,-1
98,3,-357.37,1119.21,184.63,224.21,1.0000,-1,-1,-1
98,7,765.69,864.92,133.89,207.68,1.0000,-1,-1,-1
98,8,592.30,965.50,116.18,134.36,1.0000,-1,-1,-1
98,10,932.95,457.43,124.33,207.10,0.3519,-1,-1,-1
98,14,527.70,432.61,162.21,314.20,1.0000,-1,-1,-1
98,39,1362.51,510.09,118.38,192.38,1.0000,-1,-1,-1
99,1,824.34,973.55,124.35,192.38,1.0000,-1,-1,-1
99,3,27.03,972.83,89.56,106.11,0.3244,-1,-1,-1
99,7,785.12,953.62,93.62,124.73,0.3299,-1,-1,-1
99,8,611.99,973.30,113.98,131.82,1.0000,-1,-1,-1
99,10,933.68,457.82,122.88,207.73,0.3549,-1,-1,-1
99,14,518.95,429.29,165.22,320.06,1.0000,-1,-1,-1
99,39,1357.29,512.09,118.69,192.88,1.0000,-1,-1,-1
100,1,818.98,979.03,124.33,192.34,1.0000,-1,-1,-1
100,3,29.42,977.78,87.12,103.22,1.0000,-1,-1,-1
100,7,797.71,957.28,90.84,121.03,1.0000,-1,-1,-1
100,8,631.68,981.10,111.78,129.27,1.0000,-1,-1,-1
100,10,930.84,457.78,123.20,208.27,1.0000,-1,-1,-1
100,14,510.20,425.96,168.24,325.91,1.0000,-1,-1,-1
100,39,1352.07,514.08,119.00,193.39,1.0000,-1,-1,-1
101,1,813.62,984.52,124.30,192.29,1.0000,-1,-1,-1
101,3,31.81,982.73,84.69,100.34,1.0000,-1,-1,-1
101,7,810.30,960.95,88.06,117.33,1.0000,-1,-1,-1
101,8,651.37,988.90,109.59,126.73,1.0000,-1,-1,-1
101,10,927.99,457.74,123.51,208.81,1.0000,-1,-1,-1
101,14,501.46,422.64,171.26,331.77,1.0000,-1,-1,-1
101,39,1346.85,516.08,119.31,193.90,1.0000,-1,-1,-1
102,1,808.26,990.00,124.27,192.25,1.0000,-1,-1,-1
102,3,34.21,987.68,82.25,97.45,1.0000,-1,-1,-1
102,7,822.89,964.62,85.29,113.63,1.0000,-1,-1,-1
102,8,671.06,996.70,107.39,124.19,1.0000,-1,-1,-1
102,10,925.15,457.70,123.83,209.35,1.0000,-1,-1,-1
102,14,492.71,419.32,174.28,337.62,1.0000,-1,-1,-1
102,39,1341.63,518.07,119.63,194.41,1.0000,-1,-1,-1
103,1,802.90,995.48,124.24,192.21,1.0000,-1,-1,-1
103,3,36.60,992.63,79.81,94.56,1.0000,-1,-1,-1
103,7,835.48,968.28,82.51,109.93,1.0000,-1,-1,-1
103,8,690.75,1004.51,105.19,121.64,1.0000,-1,-1,-1
103,10,922.31,457.66,124.15,209.90,1.0000,-1,-1,-1
103,14,483.97,415.99,177.30,343.48,1.0000,-1,-1,-1
103,39,1336.41,520.07,119.94,194.91,1.0000,-1,-1,-1
104,1,797.54,1000.96,124.21,192.17,1.0000,-1,-1,-1
104,3,38.99,997.58,77.37,91.67,1.0000,-1,-1,-1
104,7,848.07,971.95,79.73,106.23,1.0000,-1,-1,-1
104,8,710.44,1012.31,102.99,119.10,1.0000,-1,-1,-1
104,10,919.46,457.62,124.46,210.44,1.0000,-1,-1,-1
104,14,475.22,412.67,180.32,349.34,1.0000,-1,-1,-1
104,39,1331.19,522.06,120.25,195.42,1.0000,-1,-1,-1
105,1,792.18,1006.45,124.19,192.12,1.0000,-1,-1,-1
105,3,41.38,1002.53,74.94,88.78,1.0000,-1,-1,-1
105,7,860.66,975.61,76.95,102.53,1.0000,-1,-1,-1
105,8,730.13,1020.11,100.79,116.55,1.0000,-1,-1,-1
105,10,916.62,457.58,124.78,210.98,1.0000,-1,-1,-1
105,14,466.47,409.35,183.33,355.19,1.0000,-1,-1,-1
105,39,1325.97,524.06,120.56,195.93,1.0000,-1,-1,-1
106,1,786.81,1011.93,124.16,192.08,1.0000,-1,-1,-1
106,3,43.77,1007.47,72.50,85.89,1.0000,-1,-1,-1
106,7,873.25,979.28,74.18,98.83,1.0000,-1,-1,-1
106,8,749.82,1027.91,98.59,114.01,1.0000,-1,-1,-1
106,10,913.77,457.53,125.10,211.52,1.0000,-1,-1,-1
106,14,457.73,406.02,186.35,361.05,1.0000,-1,-1,-1
106,39,1320.75,526.05,120.87,196.44,1.0000,-1,-1,-1
107,1,781.45,1017.41,124.13,192.04,1.0000,-1,-1,-1
107,3,46.17,1012.42,70.06,83.01,1.0000,-1,-1,-1
107,7,885.84,982.94,71.40,95.13,1.0000,-1,-1,-1
107,8,769.51,1035.71,96.39,111.46,1.0000,-1,-1,-1
107,10,910.93,457.49,125.41,212.06,1.0000,-1,-1,-1
107,14,448.98,402.70,189.37,366.90,1.0000,-1,-1,-1
107,39,1315.52,528.05,121.19,196.94,1.0000,-1,-1,-1
108,1,776.09,1022.89,124.10,192.00,1.0000,-1,-1,-1
108,3,48.56,1017.37,67.62,80.12,1.0000,-1,-1,-1
108,7,898.43,986.61,68.62,91.43,1.0000,-1,-1,-1
108,8,789.19,1043.51,94.19,108.92,1.0000,-1,-1,-1
108,10,908.08,457.45,125.73,212.61,1.0000,-1,-1,-1
108,14,440.24,399.38,192.39,372.76,1.0000,-1,-1,-1
108,39,1310.30,530.04,121.50,197.45,1.0000,-1,-1,-1
109,1,770.73,1028.38,124.07,191.95,1.0000,-1,-1,-1
109,3,50.95,1022.32,65.19,77.23,1.0000,-1,-1,-1
109,7,911.02,990.27,65.84,87.73,1.0000,-1,-1,-1
109,8,808.88,1051.32,91.99,106.38,1.0000,-1,-1,-1
109,10,905.24,457.41,126.05,213.15,1.0000,-1,-1,-1
109,14,431.49,396.05,195.40,378.61,1.0000,-1,-1,-1
109,39,1305.08,532.04,121.81,197.96,1.0000,-1,-1,-1
110,1,765.37,1033.86,124.05,191.91,1.0000,-1,-1,-1
110,3,53.34,1027.27,62.75,74.34,1.0000,-1,-1,-1
110,7,923.61,993.94,63.07,84.03,1.0000,-1,-1,-1
110,8,828.57,1059.12,89.79,103.83,1.0000,-1,-1,-1
110,10,902.39,457.37,126.36,213.69,1.0000,-1,-1,-1
110,14,422.74,392.73,198.42,384.47,1.0000,-1,-1,-1
110,39,1299.86,534.03,122.12,198.47,1.0000,-1,-1,-1
111,1,760.01,1039.34,124.02,191.87,1.0000,-1,-1,-1
111,3,55.73,1032.22,60.31,71.45,1.0000,-1,-1,-1
111,7,936.20,997.60,60.29,80.32,1.0000,-1,-1,-1
111,8,848.26,1066.92,87.59,101.29,1.0000,-1,-1,-1
111,10,899.55,457.33,126.68,214.23,1.0000,-1,-1,-1
111,14,414.00,389.41,201.44,390.33,1.0000,-1,-1,-1
111,39,1294.64,536.03,122.44,198.97,1.0000,-1,-1,-1
112,1,754.65,1044.82,123.99,191.83,1.0000,-1,-1,-1
112,3,58.12,1037.17,57.87,68.57,1.0000,-1,-1,-1
112,7,948.79,1001.27,57.51,76.62,1.0000,-1,-1,-1
112,8,867.95,1074.72,85.39,98.74,1.0000,-1,-1,-1
112,10,896.70,457.29,127.00,214.78,1.0000,-1,-1,-1
112,14,405.25,386.08,204.45,396.18,1.0000,-1,-1,-1
112,39,1289.42,538.02,122.75,199.48,1.0000,-1,-1,-1
113,1,749.29,1050.30,123.96,191.78,1.0000,-1,-1,-1
113,3,60.52,1042.12,55.44,65.68,1.0000,-1,-1,-1
113,7,961.38,1004.93,54.73,72.92,1.0000,-1,-1,-1
113,8,887.64,1082.52,83.19,96.20,1.0000,-1,-1,-1
113,10,893.86,457.25,127.31,215.32,1.0000,-1,-1,-1
113,14,396.51,382.76,207.47,402.04,1.0000,-1,-1,-1
113,39,1284.20,540.01,123.06,199.99,1.0000,-1,-1,-1
114,1,743.93,1055.79,123.93,191.74,1.0000,-1,-1,-1
114,3,62.91,1047.07,53.00,62.79,1.0000,-1,-1,-1
114,7,973.97,1008.60,51.96,69.22,1.0000,-1,-1,-1
114,8,907.33,1090.33,80.99,93.65,1.0000,-1,-1,-1
114,10,891.02,457.21,127.63,215.86,1.0000,-1,-1,-1
114,14,387.76,379.44,210.48,407.89,1.0000,-1,-1,-1
114,39,1278.98,542.01,123.37,200.50,1.0000,-1,-1,-1
115,1,738.57,1061.27,123.91,191.70,1.0000,-1,-1,-1
115,3,65.30,1052.02,50.56,59.90,1.0000,-1,-1,-1
115,7,986.56,1012.26,49.18,65.52,1.0000,-1,-1,-1
115,8,927.02,1098.13,78.79,91.11,1.0000,-1,-1,-1
115,10,888.17,457.16,127.95,216.40,1.0000,-1,-1,-1
115,14,379.02,376.11,213.50,413.75,1.0000,-1,-1,-1
115,39,1273.76,544.00,123.69,201.01,1.0000,-1,-1,-1
116,1,733.21,1066.75,123.88,191.66,1.0000,-1,-1,-1
116,3,67.69,1056.97,48.12,57.01,1.0000,-1,-1,-1
116,7,999.15,1015.93,46.40,61.82,1.0000,-1,-1,-1
116,8,946.71,1105.93,76.59,88.57,1.0000,-1,-1,-1
116,10,885.33,457.12,128.26,216.94,1.0000,-1,-1,-1
116,14,370.27,372.79,216.52,419.60,1.0000,-1,-1,-1
116,39,1268.54,546.00,124.00,201.51,1.0000,-1,-1,-1
117,1,727.85,1072.23,123.85,191.62,1.0000,-1,-1,-1
117,3,70.08,1061.92,45.69,54.13,1.0000,-1,-1,-1
117,7,1011.74,1019.59,43.62,58.12,1.0000,-1,-1,-1
117,8,966.40,1113.73,74.39,86.02,1.0000,-1,-1,-1
117,10,882.48,457.08,128.58,217.49,1.0000,-1,-1,-1
117,14,361.53,369.47,219.53,425.46,1.0000,-1,-1,-1
117,39,1263.31,547.99,124.31,202.02,1.0000,-1,-1,-1
118,1,722.49,1077.72,123.82,191.57,1.0000,-1,-1,-1
118,3,72.48,1066.87,43.25,51.24,1.0000,-1,-1,-1
118,7,1024.33,1023.26,40.85,54.42,1.0000,-1,-1,-1
118,8,986.09,1121.53,72.19,83.48,1.0000,-1,-1,-1
118,10,879.64,457.04,128.90,218.03,1.0000,-1,-1,-1
118,14,352.78,366.15,222.55,431.32,1.0000,-1,-1,-1
118,39,1258.09,549.99,124.62,202.53,1.0000,-1,-1,-1
119,1,717.13,1083.20,123.79,191.53,1.0000,-1,-1,-1
119,3,74.87,1071.82,40.81,48.35,1.0000,-1,-1,-1
119,7,1036.92,1026.92,38.07,50.72,1.0000,-1,-1,-1
119,8,1005.78,1129.34,69.99,80.93,1.0000,-1,-1,-1
119,10,876.79,457.00,129.21,218.57,1.0000,-1,-1,-1
119,14,344.04,362.82,225.56,437.17,1.0000,-1,-1,-1
119,39,1252.87,551.98,124.94,203.04,1.0000,-1,-1,-1
120,1,711.77,1088.68,123.77,191.49,1.0000,-1,-1,-1
120,3,77.26,1076.77,38.37,45.46,1.0000,-1,-1,-1
120,7,1049.51,1030.59,35.29,47.02,1.0000,-1,-1,-1
120,8,1025.47,1137.14,67.79,78.39,1.0000,-1,-1,-1
120,10,873.95,456.96,129.53,219.11,1.0000,-1,-1,-1
120,14,335.29,359.50,228.58,443.03,1.0000,-1,-1,-1
120,39,1247.65,553.98,125.25,203.54,1.0000,-1,-1,-1
121,1,706.41,1094.16,123.74,191.45,1.0000,-1,-1,-1
121,3,79.65,1081.72,35.94,42.57,1.0000,-1,-1,-1
121,7,1062.10,1034.25,32.51,43.32,1.0000,-1,-1,-1
121,8,1045.16,1144.94,65.59,75.84,1.0000,-1,-1,-1
121,10,871.10,456.92,129.85,219.65,1.0000,-1,-1,-1
121,14,326.55,356.18,231.59,448.88,1.0000,-1,-1,-1
121,39,1242.43,555.97,125.56,204.05,1.0000,-1,-1,-1
122,1,701.05,1099.65,123.71,191.40,1.0000,-1,-1,-1
122,3,82.04,1086.67,33.50,39.69,1.0000,-1,-1,-1
122,7,1074.69,1037.92,29.74,39.62,1.0000,-1,-1,-1
122,8,1064.85,1152.74,63.39,73.30,1.0000,-1,-1,-1
122,10,868.26,456.88,130.16,220.20,1.0000,-1,-1,-1
122,14,317.80,352.85,234.61,454.74,1.0000,-1,-1,-1
122,39,1237.21,557.97,125.87,204.56,1.0000,-1,-1,-1
123,1,695.69,1105.13,123.68,191.36,1.0000,-1,-1,-1
123,3,84.44,1091.62,31.06,36.80,1.0000,-1,-1,-1
123,7,1087.28,1041.58,26.96,35.92,1.0000,-1,-1,-1
123,8,1084.54,1160.54,61.19,70.75,1.0000,-1,-1,-1
123,10,865.42,456.84,130.48,220.74,1.0000,-1,-1,-1
123,14,309.06,349.53,237.62,460.59,1.0000,-1,-1,-1
123,39,1231.99,559.96,126.19,205.07,1.0000,-1,-1,-1
124,1,690.33,1110.61,123.65,191.32,1.0000,-1,-1,-1
124,3,86.83,1096.57,28.62,33.91,1.0000,-1,-1,-1
124,7,1099.87,1045.25,24.18,32.22,1.0000,-1,-1,-1
124,8,1104.23,1168.35,58.99,68.21,1.0000,-1,-1,-1
124,10,862.57,456.79,130.80,221.28,1.0000,-1,-1,-1
124,14,300.31,346.21,240.64,466.45,1.0000,-1,-1,-1
124,39,1226.77,561.96,126.50,205.57,1.0000,-1,-1,-1
125,1,684.97,1116.09,123.63,191.28,1.0000,-1,-1,-1
125,3,89.22,1101.52,26.18,31.02,1.0000,-1,-1,-1
125,7,1112.46,1048.91,21.40,28.52,1.0000,-1,-1,-1
125,8,1123.92,1176.15,56.79,65.67,1.0000,-1,-1,-1
125,10,859.73,456.75,131.11,221.82,1.0000,-1,-1,-1
125,14,291.57,342.88,243.65,472.30,1.0000,-1,-1,-1
125,39,1221.55,563.95,126.81,206.08,1.0000,-1,-1,-1
126,1,679.60,1121.57,123.60,191.23,1.0000,-1,-1,-1
126,3,91.61,1106.46,23.75,28.13,1.0000,-1,-1,-1
126,7,1125.05,1052.58,18.63,24.81,1.0000,-1,-1,-1
126,8,1143.61,1183.95,54.59,63.12,1.0000,-1,-1,-1
126,10,856.88,456.71,131.43,222.36,1.0000,-1,-1,-1
126,14,282.83,339.56,246.67,478.16,1.0000,-1,-1,-1
126,39,1216.33,565.95,127.12,206.59,1.0000,-1,-1,-1
127,1,674.24,1127.06,123.57,191.19,1.0000,-1,-1,-1
127,3,94.00,1111.41,21.31,25.25,1.0000,-1,-1,-1
127,7,1137.64,1056.25,15.85,21.11,1.0000,-1,-1,-1
127,8,1163.30,1191.75,52.39,60.58,1.0000,-1,-1,-1
127,10,854.04,456.67,131.75,222.91,1.0000,-1,-1,-1
127,14,274.08,336.24,249.68,484.02,1.0000,-1,-1,-1
127,39,1211.11,567.94,127.43,207.10,1.0000,-1,-1,-1
128,1,668.88,1132.54,123.54,191.15,1.0000,-1,-1,-1
128,3,96.40,1116.36,18.87,22.36,1.0000,-1,-1,-1
128,7,1150.23,1059.91,13.07,17.41,1.0000,-1,-1,-1
128,8,1182.99,1199.55,50.19,58.03,1.0000,-1,-1,-1
128,10,851.19,456.63,132.06,223.45,1.0000,-1,-1,-1
128,14,265.34,332.91,252.69,489.87,1.0000,-1,-1,-1
128,39,1518.69,240.00,110.98,161.54,0.4852,-1,-1,-1
129,1,663.52,1138.02,123.51,191.11,1.0000,-1,-1,-1
129,3,98.79,1121.31,16.43,19.47,1.0000,-1,-1,-1
129,7,1162.82,1063.58,10.29,13.71,1.0000,-1,-1,-1
129,8,1202.68,1207.36,47.99,55.49,1.0000,-1,-1,-1
129,10,848.35,456.59,132.38,223.99,1.0000,-1,-1,-1
129,14,256.59,329.59,255.71,495.73,1.0000,-1,-1,-1
129,39,1516.16,238.69,115.43,160.34,0.4281,-1,-1,-1
130,1,658.16,1143.50,123.49,191.06,1.0000,-1,-1,-1
130,3,101.18,1126.26,14.00,16.58,1.0000,-1,-1,-1
130,7,1196.56,607.30,131.52,174.31,0.3598,-1,-1,-1
130,8,1222.37,1215.16,45.79,52.94,1.0000,-1,-1,-1
130,10,1246.37,398.76,113.28,183.79,0.5793,-1,-1,-1
130,14,247.85,326.27,258.72,501.58,1.0000,-1,-1,-1
130,39,1511.42,239.75,118.44,159.13,0.4784,-1,-1,-1
131,1,652.80,1148.99,123.46,191.02,1.0000,-1,-1,-1
131,3,103.57,1131.21,11.56,13.69,1.0000,-1,-1,-1
131,7,1209.86,595.86,132.80,176.00,1.0000,-1,-1,-1
131,8,1242.06,1222.96,43.59,50.40,1.0000,-1,-1,-1
131,10,1258.43,396.58,112.68,182.83,1.0000,-1,-1,-1
131,14,239.11,322.94,261.74,507.44,1.0000,-1,-1,-1
131,39,1514.24,233.98,117.70,158.14,1.0000,-1,-1,-1
132,1,647.44,1154.47,123.43,190.98,1.0000,-1,-1,-1
132,3,105.97,1136.16,9.12,10.80,1.0000,-1,-1,-1
132,7,1223.15,584.43,134.08,177.69,1.0000,-1,-1,-1
132,8,1261.75,1230.76,41.39,47.86,1.0000,-1,-1,-1
132,10,1234.97,400.05,112.45,183.67,0.3552,-1,-1,-1
132,14,230.36,319.62,264.75,513.29,1.0000,-1,-1,-1
132,39,1517.07,228.22,116.96,157.14,1.0000,-1,-1,-1
133,1,642.08,1159.95,123.40,190.94,1.0000,-1,-1,-1
133,3,108.36,1141.11,6.68,7.92,1.0000,-1,-1,-1
133,7,1236.44,573.00,135.36,179.39,1.0000,-1,-1,-1
133,8,1281.44,1238.56,39.19,45.31,1.0000,-1,-1,-1
133,10,1242.33,398.62,112.01,182.95,1.0000,-1,-1,-1
133,14,221.62,316.30,267.76,519.15,1.0000,-1,-1,-1
133,39,1519.89,222.45,116.21,156.14,1.0000,-1,-1,-1
134,1,636.72,1165.43,123.37,190.89,1.0000,-1,-1,-1
134,3,110.75,1146.06,4.24,5.03,1.0000,-1,-1,-1
134,7,1249.73,561.56,136.63,181.08,1.0000,-1,-1,-1
134,8,1301.13,1246.36,36.99,42.77,1.0000,-1,-1,-1
134,10,1249.69,397.18,111.56,182.22,1.0000,-1,-1,-1
134,14,212.87,312.97,270.78,525.01,1.0000,-1,-1,-1
134,39,1522.71,216.68,115.47,155.15,1.0000,-1,-1,-1
135,1,631.36,1170.92,123.35,190.85,1.0000,-1,-1,-1
135,3,113.14,1151.01,1.81,2.14,1.0000,-1,-1,-1
135,7,1263.02,550.13,137.91,182.77,1.0000,-1,-1,-1
135,8,1320.82,1254.17,34.79,40.22,1.0000,-1,-1,-1
135,10,1257.05,395.74,111.11,181.50,1.0000,-1,-1,-1
135,14,204.13,309.65,273.79,530.86,1.0000,-1,-1,-1
135,39,1525.53,210.92,114.73,154.15,1.0000,-1,-1,-1
136,1,626.00,1176.40,123.32,190.81,1.0000,-1,-1,-1
136,3,115.53,1155.96,-0.63,-0.75,1.0000,-1,-1,-1
136,7,1276.32,538.69,139.19,184.47,1.0000,-1,-1,-1
136,8,1340.51,1261.97,32.59,37.68,1.0000,-1,-1,-1
136,10,1264.41,394.30,110.66,180.77,1.0000,-1,-1,-1
136,14,195.39,306.33,276.80,536.72,1.0000,-1,-1,-1
136,39,1528.36,205.15,113.99,153.15,1.0000,-1,-1,-1
137,1,620.64,1181.88,123.29,190.77,1.0000,-1,-1,-1
137,3,117.93,1160.91,-3.07,-3.64,1.0000,-1,-1,-1
137,7,1289.61,527.26,140.47,186.16,1.0000,-1,-1,-1
137,8,1360.20,1269.77,30.39,35.13,1.0000,-1,-1,-1
137,10,1271.77,392.87,110.22,180.04,1.0000,-1,-1,-1
137,14,186.64,303.00,279.81,542.57,1.0000,-1,-1,-1
137,39,1531.18,199.38,113.25,152.15,1.0000,-1,-1,-1
138,1,615.28,1187.36,123.26,190.72,1.0000,-1,-1,-1
138,3,120.32,1165.86,-5.51,-6.52,1.0000,-1,-1,-1
138,7,1302.90,515.83,141.75,187.85,1.0000,-1,-1,-1
138,8,1379.88,1277.57,28.19,32.59,1.0000,-1,-1,-1
138,10,1279.13,391.43,109.77,179.32,1.0000,-1,-1,-1
138,14,177.90,299.68,282.83,548.43,1.0000,-1,-1,-1
138,39,1534.00,193.62,112.51,151.16,1.0000,-1,-1,-1
139,1,609.92,1192.84,123.23,190.68,1.0000,-1,-1,-1
139,3,122.71,1170.81,-7.94,-9.41,1.0000,-1,-1,-1
139,7,1316.19,504.39,143.02,189.55,1.0000,-1,-1,-1
139,8,1399.57,1285.37,25.98,30.05,1.0000,-1,-1,-1
139,10,1286.49,389.99,109.32,178.59,1.0000,-1,-1,-1
139,14,169.16,296.36,285.84,554.28,1.0000,-1,-1,-1
139,39,1536.83,187.85,111.76,150.16,1.0000,-1,-1,-1
140,1,604.56,1198.33,123.21,190.64,1.0000,-1,-1,-1
140,3,125.10,1175.76,-10.38,-12.30,1.0000,-1,-1,-1
140,7,1329.49,492.96,144.30,191.24,1.0000,-1,-1,-1
140,8,1419.26,1293.18,23.78,27.50,1.0000,-1,-1,-1
140,10,1293.85,388.56,108.88,177.87,1.0000,-1,-1,-1
140,14,160.41,293.03,288.85,560.14,1.0000,-1,-1,-1
140,39,1539.65,182.08,111.02,149.16,1.0000,-1,-1,-1
141,1,599.20,1203.81,123.18,190.60,1.0000,-1,-1,-1
141,3,127.49,1180.71,-12.82,-15.19,1.0000,-1,-1,-1
141,7,1342.78,481.52,145.58,192.93,1.0000,-1,-1,-1
141,8,1438.95,1300.98,21.58,24.96,1.0000,-1,-1,-1
141,10,1301.21,387.12,108.43,177.14,1.0000,-1,-1,-1
141,14,837.34,450.71,88.52,172.13,0.3276,-1,-1,-1
141,39,1542.47,176.32,110.28,148.17,1.0000,-1,-1,-1
142,1,593.84,1209.29,123.15,190.55,1.0000,-1,-1,-1
142,3,129.89,1185.66,-15.26,-18.08,1.0000,-1,-1,-1
142,7,1356.07,470.09,146.86,194.62,1.0000,-1,-1,-1
142,8,1458.64,1308.78,19.38,22.41,1.0000,-1,-1,-1
142,10,1308.57,385.68,107.98,176.41,1.0000,-1,-1,-1
142,14,848.80,452.13,85.56,166.37,1.0000,-1,-1,-1
142,39,1545.30,170.55,109.54,147.17,1.0000,-1,-1,-1
143,1,588.48,1214.77,123.12,190.51,1.0000,-1,-1,-1
143,3,132.28,1190.61,-17.70,-20.96,1.0000,-1,-1,-1
143,7,1369.36,458.66,148.14,196.32,1.0000,-1,-1,-1
143,8,1478.33,1316.58,17.18,19.87,1.0000,-1,-1,-1
143,10,1315.93,384.25,107.54,175.69,1.0000,-1,-1,-1
143,14,860.25,453.55,82.60,160.62,1.0000,-1,-1,-1
143,39,1548.12,164.78,108.80,146.17,1.0000,-1,-1,-1
144,1,583.12,1220.26,123.09,190.47,1.0000,-1,-1,-1
144,3,134.67,1195.56,-20.13,-23.85,1.0000,-1,-1,-1
144,7,1382.65,447.22,149.41,198.01,1.0000,-1,-1,-1
144,8,1498.02,1324.38,14.98,17.32,1.0000,-1,-1,-1
144,10,1323.29,382.81,107.09,174.96,1.0000,-1,-1,-1
144,14,871.70,454.98,79.64,154.87,1.0000,-1,-1,-1
144,39,1550.94,159.02,108.06,145.17,1.0000,-1,-1,-1
145,1,577.75,1225.74,123.06,190.43,1.0000,-1,-1,-1
145,3,137.06,1200.51,-22.57,-26.74,1.0000,-1,-1,-1
145,7,1395.95,435.79,150.69,199.70,1.0000,-1,-1,-1
145,8,1517.71,1332.19,12.78,14.78,1.0000,-1,-1,-1
145,10,1330.65,381.37,106.64,174.24,1.0000,-1,-1,-1
145,14,883.16,456.40,76.68,149.12,1.0000,-1,-1,-1
145,39,1553.76,153.25,107.31,144.18,1.0000,-1,-1,-1
146,1,572.39,1231.22,123.04,190.38,1.0000,-1,-1,-1
146,3,139.45,1205.45,-25.01,-29.63,1.0000,-1,-1,-1
146,7,1409.24,424.35,151.97,201.40,1.0000,-1,-1,-1
146,8,1537.40,1339.99,10.58,12.24,1.0000,-1,-1,-1
146,10,1338.01,379.94,106.19,173.51,1.0000,-1,-1,-1
146,14,894.61,457.82,73.72,143.37,1.0000,-1,-1,-1
146,39,1556.59,147.48,106.57,143.18,1.0000,-1,-1,-1
147,1,567.03,1236.70,123.01,190.34,1.0000,-1,-1,-1
147,3,141.85,1210.40,-27.45,-32.52,1.0000,-1,-1,-1
147,7,1422.53,412.92,153.25,203.09,1.0000,-1,-1,-1
147,8,1557.09,1347.79,8.38,9.69,1.0000,-1,-1,-1
147,10,1345.37,378.50,105.75,172.79,1.0000,-1,-1,-1
147,14,810.75,465.90,93.53,159.01,0.4459,-1,-1,-1
147,39,1559.41,141.71,105.83,142.18,1.0000,-1,-1,-1
148,1,561.67,1242.19,122.98,190.30,1.0000,-1,-1,-1
148,3,144.24,1215.35,-29.89,-35.40,1.0000,-1,-1,-1
148,7,1435.82,401.49,154.53,204.78,1.0000,-1,-1,-1
148,8,1576.78,1355.59,6.18,7.15,1.0000,-1,-1,-1
148,10,1424.46,309.44,100.42,155.70,0.3338,-1,-1,-1
148,14,802.94,467.38,101.51,159.16,0.4978,-1,-1,-1
148,39,1562.23,135.95,105.09,141.19,1.0000,-1,-1,-1
149,1,556.31,1247.67,122.95,190.26,1.0000,-1,-1,-1
149,3,146.63,1220.30,-32.32,-38.29,1.0000,-1,-1,-1
149,7,1449.12,390.05,155.80,206.47,1.0000,-1,-1,-1
149,8,1596.47,1363.39,3.98,4.60,1.0000,-1,-1,-1
149,10,1436.14,304.10,99.34,154.03,1.0000,-1,-1,-1
149,14,801.65,469.51,100.14,157.02,1.0000,-1,-1,-1
149,39,1565.06,130.18,104.35,140.19,1.0000,-1,-1,-1
150,1,550.95,1253.15,122.92,190.21,1.0000,-1,-1,-1
150,3,149.02,1225.25,-34.76,-41.18,1.0000,-1,-1,-1
150,7,1462.41,378.62,157.08,208.17,1.0000,-1,-1,-1
150,8,1616.16,1371.20,1.78,2.06,1.0000,-1,-1,-1
150,10,1447.82,298.75,98.26,152.36,1.0000,-1,-1,-1
150,14,800.35,471.63,98.77,154.87,1.0000,-1,-1,-1
150,39,1567.88,124.41,103.60,139.19,1.0000,-1,-1,-1
151,1,545.59,1258.63,122.90,190.17,1.0000,-1,-1,-1
151,3,151.42,1230.20,-37.20,-44.07,1.0000,-1,-1,-1
151,7,1475.70,367.18,158.36,209.86,1.0000,-1,-1,-1
151,8,1635.85,1379.00,-0.42,-0.49,1.0000,-1,-1,-1
151,10,1459.50,293.40,97.18,150.69,1.0000,-1,-1,-1
151,14,799.06,473.76,97.40,152.72,1.0000,-1,-1,-1
151,39,1570.70,118.65,102.86,138.19,1.0000,-1,-1,-1
152,1,540.23,1264.11,122.87,190.13,1.0000,-1,-1,-1
152,3,153.81,1235.15,-39.64,-46.96,1.0000,-1,-1,-1
152,7,1488.99,355.75,159.64,211.55,1.0000,-1,-1,-1
152,8,1655.54,1386.80,-2.62,-3.03,1.0000,-1,-1,-1
152,10,1471.18,288.06,96.10,149.02,1.0000,-1,-1,-1
152,14,797.76,475.89,96.03,150.58,1.0000,-1,-1,-1
152,39,1573.53,112.88,102.12,137.20,1.0000,-1,-1,-1
153,1,534.87,1269.60,122.84,190.09,1.0000,-1,-1,-1
153,3,156.20,1240.10,-42.08,-49.84,1.0000,-1,-1,-1
153,7,1502.28,344.32,160.91,213.25,1.0000,-1,-1,-1
153,8,1675.23,1394.60,-4.82,-5.57,1.0000,-1,-1,-1
153,10,1482.87,282.71,95.02,147.35,1.0000,-1,-1,-1
153,14,796.46,478.02,94.66,148.43,1.0000,-1,-1,-1
153,39,1576.35,107.11,101.38,136.20,1.0000,-1,-1,-1
154,1,529.51,1275.08,122.81,190.04,1.0000,-1,-1,-1
154,3,158.59,1245.05,-44.51,-52.73,1.0000,-1,-1,-1
154,7,1515.58,332.88,162.19,214.94,1.0000,-1,-1,-1
154,8,1694.92,1402.40,-7.02,-8.12,1.0000,-1,-1,-1
154,10,1494.55,277.37,93.94,145.67,1.0000,-1,-1,-1
154,14,795.17,480.14,93.29,146.28,1.0000,-1,-1,-1
154,39,1579.17,101.35,100.64,135.20,1.0000,-1,-1,-1
155,1,524.15,1280.56,122.78,190.00,1.0000,-1,-1,-1
155,3,160.98,1250.00,-46.95,-55.62,1.0000,-1,-1,-1
155,7,1528.87,321.45,163.47,216.63,1.0000,-1,-1,-1
155,8,1714.61,1410.21,-9.22,-10.66,1.0000,-1,-1,-1
155,10,1506.23,272.02,92.86,144.00,1.0000,-1,-1,-1
155,14,793.87,482.27,91.92,144.14,1.0000,-1,-1,-1
155,39,1581.99,95.58,99.89,134.21,1.0000,-1,-1,-1
156,1,518.79,1286.04,122.76,189.96,1.0000,-1,-1,-1
156,3,163.38,1254.95,-49.39,-58.51,1.0000,-1,-1,-1
156,7,1542.16,310.01,164.75,218.33,1.0000,-1,-1,-1
156,8,1734.30,1418.01,-11.42,-13.21,1.0000,-1,-1,-1
156,10,1517.91,266.67,91.78,142.33,1.0000,-1,-1,-1
156,14,792.57,484.40,90.55,141.99,1.0000,-1,-1,-1
156,39,1584.82,89.81,99.15,133.21,1.0000,-1,-1,-1
157,1,1123.29,468.50,105.22,163.39,0.3065,-1,-1,-1
157,3,165.77,1259.90,-51.83,-61.40,1.0000,-1,-1,-1
157,7,1555.45,298.58,166.03,220.02,1.0000,-1,-1,-1
157,8,1753.99,1425.81,-13.62,-15.75,1.0000,-1,-1,-1
157,10,1529.59,261.33,90.70,140.66,1.0000,-1,-1,-1
157,14,791.28,486.53,89.18,139.84,1.0000,-1,-1,-1
157,39,1587.64,84.05,98.41,132.21,1.0000,-1,-1,-1
158,1,1128.66,459.48,104.89,162.88,1.0000,-1,-1,-1
158,3,168.16,1264.85,-54.27,-64.28,1.0000,-1,-1,-1
158,7,1568.74,287.15,167.30,221.71,1.0000,-1,-1,-1
158,8,962.50,766.35,128.35,153.95,0.5713,-1,-1,-1
158,10,1541.27,255.98,89.62,138.99,1.0000,-1,-1,-1
158,14,789.98,488.65,87.81,137.70,1.0000,-1,-1,-1
158,39,1590.46,78.28,97.67,131.21,1.0000,-1,-1,-1
159,1,1120.95,470.26,108.05,160.80,0.3562,-1,-1,-1
159,3,170.55,1269.80,-56.70,-67.17,1.0000,-1,-1,-1
159,7,1582.04,275.71,168.58,223.40,1.0000,-1,-1,-1
159,8,966.45,765.30,124.57,152.79,0.4293,-1,-1,-1
159,10,1552.96,250.64,88.54,137.32,1.0000,-1,-1,-1
159,14,788.69,490.78,86.44,135.55,1.0000,-1,-1,-1
159,39,1593.29,72.51,96.93,130.22,1.0000,-1,-1,-1
160,1,1118.59,472.70,109.15,157.68,0.3053,-1,-1,-1
160,3,172.95,1274.75,-59.14,-70.06,1.0000,-1,-1,-1
160,7,1595.33,264.28,169.86,225.10,1.0000,-1,-1,-1
160,8,972.35,761.92,124.83,153.12,1.0000,-1,-1,-1
160,10,1564.64,245.29,87.46,135.65,1.0000,-1,-1,-1
160,14,772.20,489.41,101.89,151.64,0.5529,-1,-1,-1
160,39,1596.11,66.74,96.19,129.22,1.0000,-1,-1,-1
161,1,1121.12,468.98,108.26,156.40,1.0000,-1,-1,-1
161,3,175.34,1279.70,-61.58,-72.95,1.0000,-1,-1,-1
161,7,1608.62,252.84,171.14,226.79,1.0000,-1,-1,-1
161,8,978.26,758.53,125.09,153.44,1.0000,-1,-1,-1
161,10,1576.32,239.94,86.39,133.97,1.0000,-1,-1,-1
161,14,763.61,490.79,107.95,153.49,0.4249,-1,-1,-1
161,39,1598.93,60.98,95.44,128.22,1.0000,-1,-1,-1
162,1,1123.65,465.26,107.37,155.12,1.0000,-1,-1,-1
162,3,177.73,1284.65,-64.02,-75.84,1.0000,-1,-1,-1
162,7,1621.91,241.41,172.42,228.48,1.0000,-1,-1,-1
162,8,984.17,755.15,125.35,153.76,1.0000,-1,-1,-1
162,10,1588.00,234.60,85.31,132.30,1.0000,-1,-1,-1
162,14,761.02,492.62,107.56,152.94,1.0000,-1,-1,-1
162,39,1601.76,55.21,94.70,127.22,1.0000,-1,-1,-1
163,1,1126.18,461.53,106.49,153.83,1.0000,-1,-1,-1
163,3,180.12,1289.60,-66.46,-78.73,1.0000,-1,-1,-1
163,7,1635.20,229.98,173.70,230.18,1.0000,-1,-1,-1
163,8,990.08,751.77,125.61,154.08,1.0000,-1,-1,-1
163,10,1599.68,229.25,84.23,130.63,1.0000,-1,-1,-1
163,14,758.43,494.44,107.18,152.40,1.0000,-1,-1,-1
163,39,1604.58,49.44,93.96,126.23,1.0000,-1,-1,-1
164,1,1097.00,479.96,118.23,171.02,0.3116,-1,-1,-1
164,3,182.51,1294.55,-68.89,-81.61,1.0000,-1,-1,-1
164,7,1648.50,218.54,174.97,231.87,1.0000,-1,-1,-1
164,8,995.99,748.39,125.87,154.40,1.0000,-1,-1,-1
164,10,1611.36,223.91,83.15,128.96,1.0000,-1,-1,-1
164,14,755.84,496.26,106.80,151.85,1.0000,-1,-1,-1
164,39,1607.40,43.68,93.22,125.23,1.0000,-1,-1,-1
165,1,1095.23,479.24,119.07,172.24,1.0000,-1,-1,-1
165,3,184.91,1299.50,-71.33,-84.50,1.0000,-1,-1,-1
165,7,1661.79,207.11,176.25,233.56,1.0000,-1,-1,-1
165,8,1001.90,745.00,126.14,154.72,1.0000,-1,-1,-1
165,10,1623.04,218.56,82.07,127.29,1.0000,-1,-1,-1
165,14,753.25,498.08,106.42,151.31,1.0000,-1,-1,-1
165,39,1610.22,37.91,92.48,124.23,1.0000,-1,-1,-1
166,1,1093.45,478.52,119.92,173.46,1.0000,-1,-1,-1
166,3,187.30,1304.44,-73.77,-87.39,1.0000,-1,-1,-1
166,7,1675.08,195.67,177.53,235.26,1.0000,-1,-1,-1
166,8,1007.80,741.62,126.40,155.04,1.0000,-1,-1,-1
166,10,1634.73,213.21,80.99,125.62,1.0000,-1,-1,-1
166,14,750.66,499.90,106.04,150.76,1.0000,-1,-1,-1
166,39,1613.05,32.14,91.73,123.24,1.0000,-1,-1,-1
167,1,1091.68,477.80,120.76,174.68,1.0000,-1,-1,-1
167,3,189.69,1309.39,-76.21,-90.28,1.0000,-1,-1,-1
167,7,1688.37,184.24,178.81,236.95,1.0000,-1,-1,-1
167,8,1013.71,738.24,126.66,155.36,1.0000,-1,-1,-1
167,10,1646.41,207.87,79.91,123.95,1.0000,-1,-1,-1
167,14,748.06,501.73,105.65,150.22,1.0000,-1,-1,-1
167,39,1615.87,26.38,90.99,122.24,1.0000,-1,-1,-1
168,1,1089.91,477.07,121.61,175.90,1.0000,-1,-1,-1
168,3,192.08,1314.34,-78.65,-93.17,1.0000,-1,-1,-1
168,7,1701.66,172.81,180.09,238.64,1.0000,-1,-1,-1
168,8,1019.62,734.86,126.92,155.69,1.0000,-1,-1,-1
168,10,1658.09,202.52,78.83,122.28,1.0000,-1,-1,-1
168,14,745.47,503.55,105.27,149.68,1.0000,-1,-1,-1
168,39,1618.69,20.61,90.25,121.24,1.0000,-1,-1,-1
169,1,1088.13,476.35,122.45,177.12,1.0000,-1,-1,-1
169,3,194.48,1319.29,-81.09,-96.05,1.0000,-1,-1,-1
169,7,1714.96,161.37,181.36,240.33,1.0000,-1,-1,-1
169,8,1025.53,731.47,127.18,156.01,1.0000,-1,-1,-1
169,10,1669.77,197.18,77.75,120.60,1.0000,-1,-1,-1
169,14,742.88,505.37,104.89,149.13,1.0000,-1,-1,-1
169,39,1621.52,14.84,89.51,120.24,1.0000,-1,-1,-1
170,1,1086.36,475.63,123.29,178.34,1.0000,-1,-1,-1
170,3,196.87,1324.24,-83.52,-98.94,1.0000,-1,-1,-1
170,7,1728.25,149.94,182.64,242.03,1.0000,-1,-1,-1
170,8,1031.44,728.09,127.44,156.33,1.0000,-1,-1,-1
170,10,1681.45,191.83,76.67,118.93,1.0000,-1,-1,-1
170,14,740.29,507.19,104.51,148.59,1.0000,-1,-1,-1
170,39,1624.34,9.08,88.77,119.25,1.0000,-1,-1,-1
171,1,1084.58,474.91,124.14,179.55,1.0000,-1,-1,-1
171,3,199.26,1329.19,-85.96,-101.83,1.0000,-1,-1,-1
171,7,1741.54,138.50,183.92,243.72,1.0000,-1,-1,-1
171,8,1037.35,724.71,127.70,156.65,1.0000,-1,-1,-1
171,10,1486.97,107.61,94.72,149.42,0.3217,-1,-1,-1
171,14,737.70,509.02,104.12,148.04,1.0000,-1,-1,-1
171,39,1627.16,3.31,88.02,118.25,1.0000,-1,-1,-1
172,1,1082.81,474.18,124.98,180.77,1.0000,-1,-1,-1
172,3,201.65,1334.14,-88.40,-104.72,1.0000,-1,-1,-1
172,7,1754.83,127.07,185.20,245.41,1.0000,-1,-1,-1
172,8,1043.25,721.33,127.97,156.97,1.0000,-1,-1,-1
172,10,1489.44,98.76,94.56,149.18,1.0000,-1,-1,-1
172,14,739.43,507.45,115.45,158.93,0.3019,-1,-1,-1
172,39,1629.99,-2.46,87.28,117.25,1.0000,-1,-1,-1
173,1,1081.04,473.46,125.82,181.99,1.0000,-1,-1,-1
173,3,204.04,1339.09,-90.84,-107.61,1.0000,-1,-1,-1
173,7,1768.12,115.64,186.48,247.11,1.0000,-1,-1,-1
173,8,1049.16,717.94,128.23,157.29,1.0000,-1,-1,-1
173,10,1487.73,106.01,93.26,148.45,0.3641,-1,-1,-1
173,14,737.25,509.04,115.63,159.18,1.0000,-1,-1,-1
173,39,1297.77,202.82,115.62,159.00,0.4464,-1,-1,-1
174,1,1079.26,472.74,126.67,183.21,1.0000,-1,-1,-1
174,3,206.44,1344.04,-93.28,-110.49,1.0000,-1,-1,-1
174,7,1343.99,369.98,115.75,149.40,0.3147,-1,-1,-1
174,8,1055.07,714.56,128.49,157.61,1.0000,-1,-1,-1
174,10,1489.77,98.69,93.08,148.16,1.0000,-1,-1,-1
174,14,735.08,510.63,115.80,159.42,1.0000,-1,-1,-1
174,39,1298.89,205.60,114.48,156.21,0.4577,-1,-1,-1
175,1,1077.49,472.02,127.51,184.43,1.0000,-1,-1,-1
175,3,208.83,1348.99,-95.72,-113.38,1.0000,-1,-1,-1
175,7,1333.86,372.95,111.07,146.05,0.3247,-1,-1,-1
175,8,1060.98,711.18,128.75,157.93,1.0000,-1,-1,-1
175,10,1491.80,91.37,92.90,147.87,1.0000,-1,-1,-1
175,14,732.91,512.22,115.98,159.66,1.0000,-1,-1,-1
175,39,1293.66,205.67,114.36,156.03,1.0000,-1,-1,-1
176,1,1075.71,471.29,128.35,185.65,1.0000,-1,-1,-1
176,3,211.22,1353.94,-98.15,-116.27,1.0000,-1,-1,-1
176,7,1331.96,372.08,108.37,146.57,0.4262,-1,-1,-1
176,8,1066.89,707.80,129.01,158.26,1.0000,-1,-1,-1
176,10,1493.84,84.05,92.71,147.58,1.0000,-1,-1,-1
176,14,734.63,515.62,115.05,154.76,0.3837,-1,-1,-1
176,39,1288.43,205.74,114.23,155.86,1.0000,-1,-1,-1
177,1,1073.94,470.57,129.20,186.87,1.0000,-1,-1,-1
177,3,213.61,1358.89,-100.59,-119.16,1.0000,-1,-1,-1
177,7,1336.02,374.09,109.61,145.87,0.3477,-1,-1,-1
177,8,1072.80,704.41,129.27,158.58,1.0000,-1,-1,-1
177,10,1495.88,76.73,92.53,147.30,1.0000,-1,-1,-1
177,14,732.30,518.02,117.30,155.67,0.4153,-1,-1,-1
177,39,1283.19,205.81,114.11,155.69,1.0000,-1,-1,-1
178,1,1072.16,469.85,130.04,188.09,1.0000,-1,-1,-1
178,3,216.01,1363.84,-103.03,-122.05,1.0000,-1,-1,-1
178,7,1330.00,377.37,110.92,151.52,0.3502,-1,-1,-1
178,8,1078.70,701.03,129.54,158.90,1.0000,-1,-1,-1
178,10,1497.92,69.41,92.35,147.01,1.0000,-1,-1,-1
178,14,729.69,522.39,118.50,155.67,0.3805,-1,-1,-1
178,39,1277.96,205.89,113.98,155.52,1.0000,-1,-1,-1
179,1,1070.39,469.13,130.88,189.31,1.0000,-1,-1,-1
179,3,218.40,1368.79,-105.47,-124.93,1.0000,-1,-1,-1
179,7,1335.94,381.16,112.03,151.54,0.3252,-1,-1,-1
179,8,1084.61,697.65,129.80,159.22,1.0000,-1,-1,-1
179,10,1511.37,131.62,88.26,136.67,0.3509,-1,-1,-1
179,14,727.72,524.93,119.15,155.20,0.3600,-1,-1,-1
179,39,1272.73,205.96,113.86,155.35,1.0000,-1,-1,-1
180,1,1068.62,468.40,131.73,190.53,1.0000,-1,-1,-1
180,3,22.79,91.24,119.08,151.12,0.3038,-1,-1,-1
180,7,1340.42,383.28,109.52,146.74,0.3567,-1,-1,-1
180,8,1090.52,694.27,130.06,159.54,1.0000,-1,-1,-1
180,10,1515.04,138.74,89.00,132.36,0.3355,-1,-1,-1
180,14,726.02,527.08,119.06,155.07,1.0000,-1,-1,-1
180,39,1305.01,224.44,112.29,157.69,0.4824,-1,-1,-1
181,1,1066.84,467.68,132.57,191.75,1.0000,-1,-1,-1
181,3,22.59,79.67,119.63,151.82,1.0000,-1,-1,-1
181,7,1340.70,384.16,109.11,146.20,1.0000,-1,-1,-1
181,8,1096.43,690.88,130.32,159.86,1.0000,-1,-1,-1
181,10,1518.43,138.31,87.99,130.87,1.0000,-1,-1,-1
181,14,724.33,529.23,118.96,154.94,1.0000,-1,-1,-1
181,39,1303.07,226.20,112.33,157.75,1.0000,-1,-1,-1
182,1,1065.07,466.96,133.41,192.97,1.0000,-1,-1,-1
182,3,22.40,68.10,120.19,152.53,1.0000,-1,-1,-1
182,7,1341.15,384.61,110.15,147.58,0.3837,-1,-1,-1
182,8,1102.34,687.50,130.58,160.18,1.0000,-1,-1,-1
182,10,1521.83,137.88,86.99,129.38,1.0000,-1,-1,-1
182,14,722.63,531.37,118.86,154.81,1.0000,-1,-1,-1
182,39,1309.68,232.56,107.42,153.28,0.3045,-1,-1,-1
183,1,1069.27,520.73,116.42,167.09,0.3743,-1,-1,-1
183,3,22.21,56.52,120.74,153.23,1.0000,-1,-1,-1
183,7,1341.46,385.44,109.94,147.31,1.0000,-1,-1,-1
183,8,1108.25,684.12,130.84,160.50,1.0000,-1,-1,-1
183,10,1521.48,145.40,91.49,132.30,0.3059,-1,-1,-1
183,14,720.94,533.52,118.76,154.68,1.0000,-1,-1,-1
183,39,1307.92,236.81,106.52,148.63,0.3013,-1,-1,-1
184,1,1067.83,522.78,116.31,166.93,1.0000,-1,-1,-1
184,3,22.01,44.95,121.30,153.94,1.0000,-1,-1,-1
184,7,1341.77,386.26,109.73,147.03,1.0000,-1,-1,-1
184,8,1114.15,680.74,131.11,160.83,1.0000,-1,-1,-1
184,10,1524.61,145.86,90.80,131.31,1.0000,-1,-1,-1
184,14,719.24,535.67,118.67,154.55,1.0000,-1,-1,-1
184,39,1306.84,239.26,105.90,147.75,1.0000,-1,-1,-1
185,1,1066.38,524.83,116.20,166.78,1.0000,-1,-1,-1
185,3,21.82,33.38,121.85,154.64,1.0000,-1,-1,-1
185,7,1342.08,387.09,109.53,146.75,1.0000,-1,-1,-1
185,8,1120.06,677.35,131.37,161.15,1.0000,-1,-1,-1
185,10,1523.62,145.92,96.68,140.91,0.3037,-1,-1,-1
185,14,717.55,537.82,118.57,154.42,1.0000,-1,-1,-1
185,39,1305.75,241.72,105.27,146.87,1.0000,-1,-1,-1
186,1,1064.93,526.87,116.09,166.62,1.0000,-1,-1,-1
186,3,21.63,21.81,122.41,155.35,1.0000,-1,-1,-1
186,7,1342.39,387.91,109.32,146.47,1.0000,-1,-1,-1
186,8,1125.97,673.97,131.63,161.47,1.0000,-1,-1,-1
186,10,1525.04,150.14,96.73,141.30,0.4024,-1,-1,-1
186,14,715.85,539.97,118.47,154.29,1.0000,-1,-1,-1
186,39,1304.67,244.18,104.64,146.00,1.0000,-1,-1,-1
187,1,1063.48,528.92,115.98,166.46,1.0000,-1,-1,-1
187,3,21.44,10.24,122.96,156.05,1.0000,-1,-1,-1
187,7,1342.70,388.74,109.11,146.19,1.0000,-1,-1,-1
187,8,1131.88,670.59,131.89,161.79,1.0000,-1,-1,-1
187,10,1527.04,155.15,94.75,138.88,0.4338,-1,-1,-1
187,14,714.15,542.11,118.37,154.16,1.0000,-1,-1,-1
187,39,1317.87,249.20,104.65,144.89,0.3058,-1,-1,-1
188,1,1062.04,530.97,115.88,166.31,1.0000,-1,-1,-1
188,3,21.24,-1.33,123.52,156.76,1.0000,-1,-1,-1
188,7,1343.01,389.56,108.90,145.91,1.0000,-1,-1,-1
188,8,1137.79,667.21,132.15,162.11,1.0000,-1,-1,-1
188,10,1529.46,156.41,94.70,138.81,1.0000,-1,-1,-1
188,14,711.54,540.14,128.89,166.26,0.3643,-1,-1,-1
188,39,1321.33,250.46,108.63,150.08,0.3108,-1,-1,-1
189,1,1060.59,533.01,115.77,166.15,1.0000,-1,-1,-1
189,3,21.05,-12.90,124.07,157.46,1.0000,-1,-1,-1
189,7,1343.32,390.39,108.70,145.64,1.0000,-1,-1,-1
189,8,1143.70,663.82,132.41,162.43,1.0000,-1,-1,-1
189,10,1531.88,157.68,94.65,138.74,1.0000,-1,-1,-1
189,14,716.51,541.04,126.91,164.96,0.3407,-1,-1,-1
189,39,1322.08,253.02,108.47,149.85,1.0000,-1,-1,-1
190,1,1059.14,535.06,115.66,165.99,1.0000,-1,-1,-1
190,3,20.86,-24.47,124.63,158.17,1.0000,-1,-1,-1
190,7,1343.63,391.22,108.49,145.36,1.0000,-1,-1,-1
190,8,1149.60,660.44,132.68,162.75,1.0000,-1,-1,-1
190,10,1534.30,158.94,94.60,138.67,1.0000,-1,-1,-1
190,14,719.64,542.52,124.64,164.22,0.3838,-1,-1,-1
190,39,1322.84,255.58,108.30,149.63,1.0000,-1,-1,-1
191,1,1057.70,537.10,115.55,165.83,1.0000,-1,-1,-1
191,3,20.66,-36.04,125.18,158.87,1.0000,-1,-1,-1
191,7,1343.94,392.04,108.28,145.08,1.0000,-1,-1,-1
191,8,1155.51,657.06,132.94,163.07,1.0000,-1,-1,-1
191,10,1536.72,160.20,94.55,138.60,1.0000,-1,-1,-1
191,14,722.06,543.67,121.17,161.26,0.4058,-1,-1,-1
191,39,1323.60,258.13,108.14,149.40,1.0000,-1,-1,-1
192,1,1056.25,539.15,115.44,165.68,1.0000,-1,-1,-1
192,3,20.47,-47.61,125.74,159.58,1.0000,-1,-1,-1
192,7,1344.25,392.87,108.07,144.80,1.0000,-1,-1,-1
192,8,1161.42,653.68,133.20,163.40,1.0000,-1,-1,-1
192,10,1539.14,161.47,94.50,138.52,1.0000,-1,-1,-1
192,14,721.52,545.34,121.25,161.36,1.0000,-1,-1,-1
192,39,1324.36,260.69,107.98,149.17,1.0000,-1,-1,-1
193,1,1054.80,541.20,115.33,165.52,1.0000,-1,-1,-1
193,3,20.28,-59.18,126.29,160.28,1.0000,-1,-1,-1
193,7,1344.56,393.69,107.87,144.52,1.0000,-1,-1,-1
193,8,1167.33,650.29,133.46,163.72,1.0000,-1,-1,-1
193,10,1541.56,162.73,94.45,138.45,1.0000,-1,-1,-1
193,14,720.99,547.00,121.33,161.47,1.0000,-1,-1,-1
193,39,1325.11,263.24,107.81,148.95,1.0000,-1,-1,-1
194,1,1053.35,543.24,115.22,165.36,1.0000,-1,-1,-1
194,3,20.09,-70.75,126.85,160.99,1.0000,-1,-1,-1
194,7,1344.87,394.52,107.66,144.25,1.0000,-1,-1,-1
194,8,1173.24,646.91,133.72,164.04,1.0000,-1,-1,-1
194,10,1543.98,164.00,94.40,138.38,1.0000,-1,-1,-1
194,14,720.45,548.67,121.42,161.57,1.0000,-1,-1,-1
194,39,1325.87,265.80,107.65,148.72,1.0000,-1,-1,-1
195,1,1051.91,545.29,115.11,165.21,1.0000,-1,-1,-1
195,3,19.89,-82.32,127.40,161.69,1.0000,-1,-1,-1
195,7,1345.18,395.34,107.45,143.97,1.0000,-1,-1,-1
195,8,1179.15,643.53,133.98,164.36,1.0000,-1,-1,-1
195,10,1546.40,165.26,94.35,138.31,1.0000,-1,-1,-1
195,14,719.92,550.33,121.50,161.68,1.0000,-1,-1,-1
195,39,1336.77,272.76,105.17,146.89,0.3503,-1,-1,-1
196,1,1050.46,547.34,115.00,165.05,1.0000,-1,-1,-1
196,3,19.70,-93.89,127.96,162.40,1.0000,-1,-1,-1
196,7,1345.49,396.17,107.24,143.69,1.0000,-1,-1,-1
196,8,1185.05,640.15,134.24,164.68,1.0000,-1,-1,-1
196,10,1548.82,166.53,94.30,138.24,1.0000,-1,-1,-1
196,14,719.38,552.00,121.58,161.78,1.0000,-1,-1,-1
196,39,1338.31,275.68,104.92,146.54,1.0000,-1,-1,-1
197,1,951.48,539.36,107.71,149.97,0.3098,-1,-1,-1
197,3,19.51,-105.46,128.51,163.10,1.0000,-1,-1,-1
197,7,1345.80,397.00,107.04,143.41,1.0000,-1,-1,-1
197,8,1190.96,636.76,134.51,165.00,1.0000,-1,-1,-1
197,10,1551.24,167.79,94.25,138.16,1.0000,-1,-1,-1
197,14,718.84,553.67,121.66,161.89,1.0000,-1,-1,-1
197,39,1339.86,278.60,104.66,146.18,1.0000,-1,-1,-1
198,1,944.09,540.79,106.93,148.89,1.0000,-1,-1,-1
198,3,19.31,-117.03,129.07,163.81,1.0000,-1,-1,-1
198,7,1346.11,397.82,106.83,143.13,1.0000,-1,-1,-1
198,8,1196.87,633.38,134.77,165.32,1.0000,-1,-1,-1
198,10,1553.66,169.06,94.20,138.09,1.0000,-1,-1,-1
198,14,718.31,555.33,121.74,162.00,1.0000,-1,-1,-1
198,39,1341.40,281.52,104.41,145.82,1.0000,-1,-1,-1
199,1,936.70,542.21,106.15,147.81,1.0000,-1,-1,-1
199,3,19.12,-128.61,129.62,164.51,1.0000,-1,-1,-1
199,7,1346.42,398.65,106.62,142.86,1.0000,-1,-1,-1
199,8,1202.78,630.00,135.03,165.64,1.0000,-1,-1,-1
199,10,1556.08,170.32,94.15,138.02,1.0000,-1,-1,-1
199,14,717.77,557.00,121.82,162.10,1.0000,-1,-1,-1
199,39,1342.94,284.44,104.15,145.46,1.0000,-1,-1,-1
200,1,929.31,543.64,105.37,146.72,1.0000,-1,-1,-1
200,3,18.93,-140.18,130.18,165.22,1.0000,-1,-1,-1
200,7,1346.73,399.47,106.42,142.58,1.0000,-1,-1,-1
200,8,1208.69,626.62,135.29,165.97,1.0000,-1,-1,-1
200,10,1558.50,171.59,94.10,137.95,1.0000,-1,-1,-1
200,14,717.24,558.66,121.91,162.21,1.0000,-1,-1,-1
200,39,1344.49,287.36,103.89,145.11,1.0000,-1,-1,-1
201,1,921.92,545.06,104.60,145.64,1.0000,-1,-1,-1
201,3,18.74,-151.75,130.73,165.92,1.0000,-1,-1,-1
201,7,1347.05,400.30,106.21,142.30,1.0000,-1,-1,-1
201,8,1214.60,623.23,135.55,166.29,1.0000,-1,-1,-1
201,10,1560.91,172.85,94.05,137.88,1.0000,-1,-1,-1
201,14,716.70,560.33,121.99,162.31,1.0000,-1,-1,-1
201,39,1346.03,290.28,103.64,144.75,1.0000,-1,-1,-1
202,1,914.52,546.48,103.82,144.56,1.0000,-1,-1,-1
202,3,18.54,-163.32,131.28,166.63,1.0000,-1,-1,-1
202,7,1347.36,401.12,106.00,142.02,1.0000,-1,-1,-1
202,8,1220.50,619.85,135.81,166.61,1.0000,-1,-1,-1
202,10,1563.33,174.12,94.00,137.80,1.0000,-1,-1,-1
202,14,716.16,561.99,122.07,162.42,1.0000,-1,-1,-1
202,39,1347.57,293.19,103.38,144.39,1.0000,-1,-1,-1
203,1,958.72,549.50,103.97,150.95,0.3169,-1,-1,-1
203,3,18.35,-174.89,131.84,167.33,1.0000,-1,-1,-1
203,7,1347.67,401.95,105.79,141.74,1.0000,-1,-1,-1
203,8,1010.93,737.52,123.40,153.70,0.3303,-1,-1,-1
203,10,1565.75,175.38,93.95,137.73,1.0000,-1,-1,-1
203,14,715.63,563.66,122.15,162.53,1.0000,-1,-1,-1
203,39,1349.12,296.11,103.13,144.03,1.0000,-1,-1,-1
204,1,955.92,551.07,103.70,150.56,1.0000,-1,-1,-1
204,3,18.16,-186.46,132.39,168.04,1.0000,-1,-1,-1
204,7,1347.98,402.78,105.59,141.46,1.0000,-1,-1,-1
204,8,1010.27,737.80,123.34,153.62,1.0000,-1,-1,-1
204,10,1568.17,176.65,93.90,137.66,1.0000,-1,-1,-1
204,14,738.78,586.81,128.04,163.04,0.4722,-1,-1,-1
204,39,1350.66,299.03,102.87,143.68,1.0000,-1,-1,-1
205,1,953.12,552.64,103.44,150.18,1.0000,-1,-1,-1
205,3,17.96,-198.03,132.95,168.74,1.0000,-1,-1,-1
205,7,1348.29,403.60,105.38,141.19,1.0000,-1,-1,-1
205,8,1009.62,738.09,123.27,153.54,1.0000,-1,-1,-1
205,10,1570.59,177.91,93.85,137.59,1.0000,-1,-1,-1
205,14,739.91,589.83,128.14,163.17,1.0000,-1,-1,-1
205,39,1352.20,301.95,102.61,143.32,1.0000,-1,-1,-1
206,1,950.32,554.21,103.17,149.79,1.0000,-1,-1,-1
206,3,17.77,-209.60,133.50,169.45,1.0000,-1,-1,-1
206,7,1348.60,404.43,105.17,140.91,1.0000,-1,-1,-1
206,8,1008.96,738.38,123.21,153.46,1.0000,-1,-1,-1
206,10,1573.01,179.18,93.80,137.52,1.0000,-1,-1,-1
206,14,741.04,592.85,128.25,163.30,1.0000,-1,-1,-1
206,39,1353.75,304.87,102.36,142.96,1.0000,-1,-1,-1
207,1,947.52,555.78,102.90,149.40,1.0000,-1,-1,-1
207,3,17.58,-221.17,134.06,170.15,1.0000,-1,-1,-1
207,7,1348.91,405.25,104.96,140.63,1.0000,-1,-1,-1
207,8,1011.13,748.34,128.50,152.25,0.3057,-1,-1,-1
207,10,1575.43,180.44,93.75,137.44,1.0000,-1,-1,-1
207,14,766.89,596.82,119.20,153.37,0.3838,-1,-1,-1
207,39,1388.34,319.91,107.40,150.99,0.4122,-1,-1,-1
208,1,944.72,557.36,102.64,149.01,1.0000,-1,-1,-1
208,3,17.39,-232.74,134.61,170.86,1.0000,-1,-1,-1
208,7,1349.22,406.08,104.76,140.35,1.0000,-1,-1,-1
208,8,1011.18,749.78,128.32,152.04,1.0000,-1,-1,-1
208,10,1577.85,181.71,93.70,137.37,1.0000,-1,-1,-1
208,14,770.33,599.94,118.55,152.53,1.0000,-1,-1,-1
208,39,1392.03,323.63,107.54,151.18,1.0000,-1,-1,-1
209,1,941.92,558.93,102.37,148.63,1.0000,-1,-1,-1
209,3,17.19,-244.31,135.17,171.56,1.0000,-1,-1,-1
209,7,1235.24,132.74,97.85,133.79,0.3719,-1,-1,-1
209,8,1011.24,751.22,128.14,151.83,1.0000,-1,-1,-1
209,10,1580.27,182.97,93.65,137.30,1.0000,-1,-1,-1
209,14,780.47,605.75,118.88,151.61,0.3523,-1,-1,-1
209,39,1395.72,327.35,107.67,151.38,1.0000,-1,-1,-1
210,1,939.12,560.50,102.10,148.24,1.0000,-1,-1,-1
210,3,17.00,-255.88,135.72,172.27,1.0000,-1,-1,-1
210,7,1234.31,133.09,99.70,136.93,0.3728,-1,-1,-1
210,8,1011.30,752.66,127.96,151.61,1.0000,-1,-1,-1
210,10,1582.69,184.23,93.60,137.23,1.0000,-1,-1,-1
210,14,784.72,609.17,118.22,150.76,1.0000,-1,-1,-1
210,39,1382.34,336.36,110.07,153.93,0.3074,-1,-1,-1
211,1,936.32,562.07,101.84,147.85,1.0000,-1,-1,-1
211,3,16.81,-267.45,136.28,172.97,1.0000,-1,-1,-1
211,7,1239.97,135.50,100.48,143.73,0.3508,-1,-1,-1
211,8,1011.35,754.10,127.78,151.40,1.0000,-1,-1,-1
211,10,1585.11,185.50,93.55,137.16,1.0000,-1,-1,-1
211,14,794.53,612.01,116.06,149.13,0.3351,-1,-1,-1
211,39,1382.42,340.92,108.33,152.78,0.3880,-1,-1,-1
212,1,1004.27,571.31,104.75,143.74,0.3474,-1,-1,-1
212,3,16.61,-279.02,136.83,173.68,1.0000,-1,-1,-1
212,7,1237.03,128.05,101.03,144.52,1.0000,-1,-1,-1
212,8,1011.41,755.54,127.60,151.18,1.0000,-1,-1,-1
212,10,1587.53,186.76,93.50,137.08,1.0000,-1,-1,-1
212,14,797.64,614.69,114.70,146.48,0.3787,-1,-1,-1
212,39,1380.95,344.23,105.50,152.12,0.4005,-1,-1,-1
213,1,1008.73,572.42,107.66,142.42,0.3161,-1,-1,-1
213,3,16.42,-290.59,137.39,174.38,1.0000,-1,-1,-1
213,7,1234.10,120.59,101.58,145.32,1.0000,-1,-1,-1
213,8,1011.47,756.98,127.42,150.97,1.0000,-1,-1,-1
213,10,1589.95,188.03,93.45,137.01,1.0000,-1,-1,-1
213,14,802.32,617.96,113.81,145.34,1.0000,-1,-1,-1
213,39,1382.33,348.37,105.61,152.27,1.0000,-1,-1,-1
214,1,1011.88,574.47,107.11,141.69,1.0000,-1,-1,-1
214,3,16.23,-302.16,137.94,175.09,1.0000,-1,-1,-1
214,7,1231.17,113.14,102.14,146.11,1.0000,-1,-1,-1
214,8,1011.52,758.42,127.24,150.75,1.0000,-1,-1,-1
214,10,1592.37,189.29,93.40,136.94,1.0000,-1,-1,-1
214,14,806.99,621.23,112.92,144.20,1.0000,-1,-1,-1
214,39,1404.68,354.16,104.87,149.23,0.3158,-1,-1,-1
215,1,1011.21,579.51,109.87,145.01,0.3893,-1,-1,-1
215,3,16.04,-313.74,138.50,175.79,1.0000,-1,-1,-1
215,7,1256.44,156.80,96.88,140.65,0.3237,-1,-1,-1
215,8,1043.82,768.63,119.27,141.68,0.3598,-1,-1,-1
215,10,1597.19,240.44,98.33,139.43,0.3168,-1,-1,-1
215,14,781.52,621.75,116.82,150.03,0.4398,-1,-1,-1
215,39,1413.00,357.95,103.09,146.41,0.4463,-1,-1,-1
216,1,1012.76,582.04,109.31,146.44,0.3463,-1,-1,-1
216,3,15.84,-325.31,139.05,176.50,1.0000,-1,-1,-1
216,7,1256.37,154.67,96.97,140.79,1.0000,-1,-1,-1
216,8,1046.57,770.81,118.46,140.72,1.0000,-1,-1,-1
216,10,1597.15,243.67,99.93,139.40,0.3409,-1,-1,-1
216,14,781.38,624.23,115.18,149.84,0.3798,-1,-1,-1
216,39,1416.28,361.12,103.27,146.02,0.4856,-1,-1,-1
217,1,1015.26,584.43,109.25,146.36,1.0000,-1,-1,-1
217,3,15.65,-336.88,139.60,177.20,1.0000,-1,-1,-1
217,7,1256.31,152.54,97.07,140.94,1.0000,-1,-1,-1
217,8,1049.31,772.98,117.66,139.77,1.0000,-1,-1,-1
217,10,1599.55,246.91,99.95,139.43,1.0000,-1,-1,-1
217,14,782.50,627.15,114.91,149.48,1.0000,-1,-1,-1
217,39,1418.57,364.81,103.29,146.53,0.3944,-1,-1,-1
218,1,1017.76,586.83,109.18,146.27,1.0000,-1,-1,-1
218,3,15.46,-348.45,140.16,177.91,1.0000,-1,-1,-1
218,7,1256.24,150.41,97.17,141.08,1.0000,-1,-1,-1
218,8,1052.06,775.16,116.85,138.81,1.0000,-1,-1,-1
218,10,1601.95,250.14,99.96,139.45,1.0000,-1,-1,-1
218,14,783.63,630.07,114.63,149.12,1.0000,-1,-1,-1
218,39,1420.04,368.27,102.19,145.70,0.3309,-1,-1,-1
219,1,1020.26,589.23,109.12,146.18,1.0000,-1,-1,-1
219,3,15.27,-360.02,140.71,178.61,1.0000,-1,-1,-1
219,7,1256.17,148.28,97.26,141.22,1.0000,-1,-1,-1
219,8,1054.80,777.33,116.05,137.85,1.0000,-1,-1,-1
219,10,1604.34,253.37,99.98,139.47,1.0000,-1,-1,-1
219,14,784.75,632.99,114.36,148.75,1.0000,-1,-1,-1
219,39,1423.61,372.28,101.91,145.30,1.0000,-1,-1,-1
220,1,1022.77,591.63,109.06,146.10,1.0000,-1,-1,-1
220,3,15.07,-371.59,141.27,179.32,1.0000,-1,-1,-1
220,7,1256.10,146.15,97.36,141.36,1.0000,-1,-1,-1
220,8,1057.55,779.51,115.24,136.90,1.0000,-1,-1,-1
220,10,1606.74,256.60,100.00,139.50,1.0000,-1,-1,-1
220,14,785.87,635.91,114.08,148.39,1.0000,-1,-1,-1
220,39,1427.19,376.30,101.62,144.90,1.0000,-1,-1,-1
221,1,1025.27,594.02,109.00,146.01,1.0000,-1,-1,-1
221,3,14.88,-383.16,141.82,180.02,1.0000,-1,-1,-1
221,7,1256.03,144.02,97.46,141.50,1.0000,-1,-1,-1
221,8,1060.29,781.68,114.43,135.94,1.0000,-1,-1,-1
221,10,1609.14,259.83,100.01,139.52,1.0000,-1,-1,-1
221,14,829.85,636.92,120.23,157.52,0.3902,-1,-1,-1
221,39,1425.24,377.64,100.75,143.14,0.3113,-1,-1,-1
222,1,1027.77,596.42,108.94,145.93,1.0000,-1,-1,-1
222,3,14.69,-394.73,142.38,180.73,1.0000,-1,-1,-1
222,7,1255.96,141.89,97.55,141.64,1.0000,-1,-1,-1
222,8,1063.04,783.86,113.63,134.98,1.0000,-1,-1,-1
222,10,1611.54,263.07,100.03,139.54,1.0000,-1,-1,-1
222,14,834.83,639.66,120.61,158.02,1.0000,-1,-1,-1
222,39,1428.27,381.38,100.37,142.59,1.0000,-1,-1,-1
223,1,1030.27,598.82,108.87,145.84,1.0000,-1,-1,-1
223,3,14.49,-406.30,142.93,181.43,1.0000,-1,-1,-1
223,7,1255.90,139.76,97.65,141.79,1.0000,-1,-1,-1
223,8,1065.79,786.03,112.82,134.02,1.0000,-1,-1,-1
223,10,1613.93,266.30,100.05,139.57,1.0000,-1,-1,-1
223,14,839.81,642.41,121.00,158.52,1.0000,-1,-1,-1
223,39,1431.29,385.12,99.99,142.05,1.0000,-1,-1,-1
224,1,1032.77,601.22,108.81,145.76,1.0000,-1,-1,-1
224,3,14.30,-417.87,143.49,182.14,1.0000,-1,-1,-1
224,7,1255.83,137.64,97.75,141.93,1.0000,-1,-1,-1
224,8,1068.53,788.21,112.02,133.07,1.0000,-1,-1,-1
224,10,1616.33,269.53,100.06,139.59,1.0000,-1,-1,-1
224,14,844.78,645.15,121.38,159.02,1.0000,-1,-1,-1
224,39,1434.32,388.86,99.60,141.51,1.0000,-1,-1,-1
225,1,1051.03,606.93,109.64,144.09,0.3648,-1,-1,-1
225,3,14.11,-429.44,144.04,182.84,1.0000,-1,-1,-1
225,7,1255.76,135.51,97.84,142.07,1.0000,-1,-1,-1
225,8,1071.28,790.38,111.21,132.11,1.0000,-1,-1,-1
225,10,1606.53,280.03,102.61,143.68,0.3180,-1,-1,-1
225,14,849.76,647.90,121.77,159.52,1.0000,-1,-1,-1
225,39,1437.34,392.59,99.22,140.96,1.0000,-1,-1,-1
226,1,1053.74,608.84,111.26,144.49,0.3261,-1,-1,-1
226,3,13.92,-441.01,144.60,183.55,1.0000,-1,-1,-1
226,7,1299.07,214.32,93.56,133.25,0.5082,-1,-1,-1
226,8,1074.02,792.56,110.41,131.15,1.0000,-1,-1,-1
226,10,1612.61,287.40,100.92,139.98,0.5655,-1,-1,-1
226,14,848.61,648.64,119.54,154.04,0.3393,-1,-1,-1
226,39,1440.36,396.33,98.84,140.42,1.0000,-1,-1,-1
227,1,1055.84,609.99,109.86,141.80,0.3524,-1,-1,-1
227,3,13.72,-452.58,145.15,184.25,1.0000,-1,-1,-1
227,7,1302.05,217.76,93.23,132.78,1.0000,-1,-1,-1
227,8,1076.77,794.73,109.60,130.20,1.0000,-1,-1,-1
227,10,1614.53,291.55,100.89,139.93,1.0000,-1,-1,-1
227,14,853.15,651.22,119.53,154.03,1.0000,-1,-1,-1
227,39,1443.39,400.07,98.45,139.87,1.0000,-1,-1,-1
228,1,1059.42,612.40,109.54,141.38,1.0000,-1,-1,-1
228,3,13.53,-464.15,145.71,184.96,1.0000,-1,-1,-1
228,7,1305.03,221.20,92.89,132.30,1.0000,-1,-1,-1
228,8,1079.52,796.91,108.80,129.24,1.0000,-1,-1,-1
228,10,1616.45,295.70,100.85,139.88,1.0000,-1,-1,-1
228,14,867.69,652.23,118.40,156.06,0.3639,-1,-1,-1
228,39,1446.41,403.81,98.07,139.33,1.0000,-1,-1,-1
229,1,1063.01,614.82,109.21,140.95,1.0000,-1,-1,-1
229,3,13.34,-475.72,146.26,185.66,1.0000,-1,-1,-1
229,7,1308.01,224.65,92.56,131.83,1.0000,-1,-1,-1
229,8,1082.26,799.08,107.99,128.28,1.0000,-1,-1,-1
229,10,1618.37,299.86,100.82,139.83,1.0000,-1,-1,-1
229,14,873.35,654.54,115.76,155.51,0.4095,-1,-1,-1
229,39,1449.44,407.54,97.69,138.79,1.0000,-1,-1,-1
230,1,1066.59,617.24,108.88,140.53,1.0000,-1,-1,-1
230,3,13.15,-487.29,146.81,186.37,1.0000,-1,-1,-1
230,7,1310.99,228.09,92.22,131.35,1.0000,-1,-1,-1
230,8,1085.01,801.26,107.19,127.33,1.0000,-1,-1,-1
230,10,1620.29,304.01,100.78,139.78,1.0000,-1,-1,-1
230,14,878.67,656.95,115.85,155.63,1.0000,-1,-1,-1
230,39,1434.39,408.70,98.70,139.28,0.3362,-1,-1,-1
231,1,1070.17,619.66,108.56,140.10,1.0000,-1,-1,-1
231,3,12.95,-498.87,147.37,187.07,1.0000,-1,-1,-1
231,7,1313.97,231.53,91.89,130.88,1.0000,-1,-1,-1
231,8,1087.75,803.43,106.38,126.37,1.0000,-1,-1,-1
231,10,1622.21,308.16,100.75,139.73,1.0000,-1,-1,-1
231,14,883.98,659.36,115.94,155.74,1.0000,-1,-1,-1
231,39,1434.08,411.10,98.04,136.53,0.3531,-1,-1,-1
232,1,1073.75,622.07,108.23,139.68,1.0000,-1,-1,-1
232,3,12.76,-510.44,147.92,187.78,1.0000,-1,-1,-1
232,7,1316.96,234.97,91.56,130.40,1.0000,-1,-1,-1
232,8,1090.50,805.61,105.58,125.41,1.0000,-1,-1,-1
232,10,1624.13,312.31,100.71,139.68,1.0000,-1,-1,-1
232,14,889.30,661.77,116.03,155.86,1.0000,-1,-1,-1
232,39,1433.11,414.16,99.09,137.97,0.4804,-1,-1,-1
233,1,1077.34,624.49,107.90,139.25,1.0000,-1,-1,-1
233,3,12.57,-522.01,148.48,188.48,1.0000,-1,-1,-1
233,7,1299.35,237.56,87.61,132.33,0.3328,-1,-1,-1
233,8,1093.25,807.78,104.77,124.45,1.0000,-1,-1,-1
233,10,1621.15,306.76,99.81,137.66,0.4097,-1,-1,-1
233,14,885.91,662.96,111.20,147.84,0.3030,-1,-1,-1
233,39,1434.88,416.71,94.86,130.63,0.4969,-1,-1,-1
234,1,1080.92,626.91,107.58,138.83,1.0000,-1,-1,-1
234,3,12.37,-533.58,149.03,189.19,1.0000,-1,-1,-1
234,7,1300.36,240.93,87.43,132.05,1.0000,-1,-1,-1
234,8,1095.99,809.96,103.96,123.50,1.0000,-1,-1,-1
234,10,1622.69,310.11,99.66,137.44,1.0000,-1,-1,-1
234,14,890.46,665.26,110.71,147.19,1.0000,-1,-1,-1
234,39,1432.84,418.67,95.67,130.37,0.3800,-1,-1,-1
235,1,1084.50,629.32,107.25,138.41,1.0000,-1,-1,-1
235,3,12.18,-545.15,149.59,189.89,1.0000,-1,-1,-1
235,7,1307.58,246.74,88.93,138.99,0.3413,-1,-1,-1
235,8,1098.74,812.13,103.16,122.54,1.0000,-1,-1,-1
235,10,1624.22,313.45,99.50,137.23,1.0000,-1,-1,-1
235,14,895.00,667.55,110.21,146.53,1.0000,-1,-1,-1
235,39,1424.48,423.52,100.36,136.70,0.4171,-1,-1,-1
236,1,1088.09,631.74,106.92,137.98,1.0000,-1,-1,-1
236,3,11.99,-556.72,150.14,190.60,1.0000,-1,-1,-1
236,7,1315.25,251.32,89.86,139.67,0.4302,-1,-1,-1
236,8,1101.48,814.31,102.35,121.58,1.0000,-1,-1,-1
236,10,1625.76,316.80,99.35,137.01,1.0000,-1,-1,-1
236,14,898.05,671.87,114.12,152.50,0.3089,-1,-1,-1
236,39,1421.55,424.82,101.30,138.25,0.3768,-1,-1,-1
237,1,1091.67,634.16,106.60,137.56,1.0000,-1,-1,-1
237,3,11.80,-568.29,150.70,191.30,1.0000,-1,-1,-1
237,7,1317.42,255.04,90.17,140.16,1.0000,-1,-1,-1
237,8,1042.86,812.00,118.78,150.12,0.3681,-1,-1,-1
237,10,1627.30,320.15,99.20,136.80,1.0000,-1,-1,-1
237,14,902.41,674.37,114.14,152.52,1.0000,-1,-1,-1
237,39,1421.11,427.92,101.30,138.24,1.0000,-1,-1,-1
238,1,1095.25,636.58,106.27,137.13,1.0000,-1,-1,-1
238,3,11.60,-579.86,151.25,192.01,1.0000,-1,-1,-1
238,7,1319.58,258.76,90.48,140.65,1.0000,-1,-1,-1
238,8,1042.62,813.97,119.10,150.52,1.0000,-1,-1,-1
238,10,1628.84,323.49,99.04,136.59,1.0000,-1,-1,-1
238,14,906.77,676.87,114.16,152.55,1.0000,-1,-1,-1
238,39,1420.67,431.03,101.29,138.23,1.0000,-1,-1,-1
239,1,1098.84,638.99,105.95,136.71,1.0000,-1,-1,-1
239,3,11.41,-591.43,151.81,192.71,1.0000,-1,-1,-1
239,7,1327.89,262.68,88.24,133.31,0.3435,-1,-1,-1
239,8,1049.03,814.75,113.83,148.43,0.3430,-1,-1,-1
239,10,1623.13,323.86,100.43,140.43,0.3781,-1,-1,-1
239,14,911.14,679.37,114.18,152.57,1.0000,-1,-1,-1
239,39,1420.22,434.14,101.28,138.22,1.0000,-1,-1,-1
240,1,1102.42,641.41,105.62,136.29,1.0000,-1,-1,-1
240,3,11.22,-603.00,152.36,193.42,1.0000,-1,-1,-1
240,7,1331.65,266.93,89.26,132.67,0.3404,-1,-1,-1
240,8,1048.67,821.24,108.32,142.28,0.4075,-1,-1,-1
240,10,1626.44,329.64,99.87,138.89,0.3312,-1,-1,-1
240,14,915.50,681.87,114.20,152.59,1.0000,-1,-1,-1
240,39,1419.78,437.24,101.28,138.21,1.0000,-1,-1,-1
241,1,1106.00,643.83,105.29,135.86,1.0000,-1,-1,-1
241,3,11.03,-614.57,152.91,194.12,1.0000,-1,-1,-1
241,7,1333.37,269.99,92.20,135.63,0.3811,-1,-1,-1
241,8,1050.63,826.29,105.32,136.72,0.3562,-1,-1,-1
241,10,1627.57,332.99,99.85,138.86,1.0000,-1,-1,-1
241,14,919.86,684.37,114.22,152.61,1.0000,-1,-1,-1
241,39,1419.34,440.35,101.27,138.20,1.0000,-1,-1,-1
242,1,1109.59,646.25,104.97,135.44,1.0000,-1,-1,-1
242,3,10.83,-626.14,153.47,194.83,1.0000,-1,-1,-1
242,7,1334.16,272.75,94.40,138.41,0.3684,-1,-1,-1
242,8,1051.03,826.20,106.11,137.85,0.3055,-1,-1,-1
242,10,1628.70,336.35,99.82,138.83,1.0000,-1,-1,-1
242,14,924.22,686.87,114.23,152.63,1.0000,-1,-1,-1
242,39,1418.90,443.45,101.26,138.19,1.0000,-1,-1,-1
243,1,1113.17,648.66,104.64,135.01,1.0000,-1,-1,-1
243,3,10.64,-637.71,154.02,195.53,1.0000,-1,-1,-1
243,7,1336.89,276.35,94.65,138.78,1.0000,-1,-1,-1
243,8,1050.08,824.86,107.84,140.62,0.3259,-1,-1,-1
243,10,1628.85,339.15,96.73,133.50,0.3074,-1,-1,-1
243,14,928.59,689.37,114.25,152.66,1.0000,-1,-1,-1
243,39,1418.46,446.56,101.25,138.18,1.0000,-1,-1,-1
244,1,1116.75,651.08,104.31,134.59,1.0000,-1,-1,-1
244,3,10.45,-649.28,154.58,196.24,1.0000,-1,-1,-1
244,7,1339.63,279.95,94.90,139.15,1.0000,-1,-1,-1
244,8,1048.99,824.27,108.33,141.99,0.3496,-1,-1,-1
244,10,1629.92,342.45,96.32,132.94,1.0000,-1,-1,-1
244,14,932.95,691.87,114.27,152.68,1.0000,-1,-1,-1
244,39,1418.02,449.66,101.25,138.17,1.0000,-1,-1,-1
245,1,1120.33,653.50,103.99,134.16,1.0000,-1,-1,-1
245,3,10.25,-660.85,155.13,196.94,1.0000,-1,-1,-1
245,7,1342.36,283.56,95.15,139.52,1.0000,-1,-1,-1
245,8,1049.01,825.86,108.22,141.84,1.0000,-1,-1,-1
245,10,1630.99,345.75,95.91,132.37,1.0000,-1,-1,-1
245,14,937.31,694.37,114.29,152.70,1.0000,-1,-1,-1
245,39,1417.57,452.77,101.24,138.16,1.0000,-1,-1,-1
246,1,1123.92,655.92,103.66,133.74,1.0000,-1,-1,-1
246,3,10.06,-672.42,155.69,197.65,1.0000,-1,-1,-1
246,7,1345.09,287.16,95.40,139.89,1.0000,-1,-1,-1
246,8,1049.02,827.45,108.10,141.68,1.0000,-1,-1,-1
246,10,1632.06,349.05,95.51,131.81,1.0000,-1,-1,-1
246,14,941.67,696.88,114.31,152.72,1.0000,-1,-1,-1
246,39,1417.13,455.87,101.23,138.15,1.0000,-1,-1,-1
247,1,1127.50,658.33,103.33,133.32,1.0000,-1,-1,-1
247,3,9.87,-684.00,156.24,198.35,1.0000,-1,-1,-1
247,7,1347.82,290.77,95.65,140.25,1.0000,-1,-1,-1
247,8,1049.04,829.04,107.98,141.53,1.0000,-1,-1,-1
247,10,1633.12,352.35,95.10,131.25,1.0000,-1,-1,-1
247,14,946.03,699.38,114.33,152.74,1.0000,-1,-1,-1
247,39,1416.69,458.98,101.23,138.14,1.0000,-1,-1,-1
247,67,539.96,824.72,94.43,145.77,0.6145,-1,-1,-1
248,1,1131.08,660.75,103.01,132.89,1.0000,-1,-1,-1
248,3,9.68,-695.57,156.80,199.06,1.0000,-1,-1,-1
248,7,1350.56,294.37,95.90,140.62,1.0000,-1,-1,-1
248,8,1049.05,830.63,107.86,141.38,1.0000,-1,-1,-1
248,10,1634.19,355.65,94.70,130.69,1.0000,-1,-1,-1
248,14,950.40,701.88,114.34,152.77,1.0000,-1,-1,-1
248,39,1416.25,462.08,101.22,138.13,1.0000,-1,-1,-1
248,67,541.09,825.40,93.39,144.25,0.5170,-1,-1,-1
249,1,1134.67,663.17,102.68,132.47,1.0000,-1,-1,-1
249,3,9.48,-707.14,157.35,199.76,1.0000,-1,-1,-1
249,7,1353.29,297.97,96.15,140.99,1.0000,-1,-1,-1
249,8,1049.06,832.21,107.74,141.22,1.0000,-1,-1,-1
249,10,1635.26,358.95,94.29,130.13,1.0000,-1,-1,-1
249,14,954.76,704.38,114.36,152.79,1.0000,-1,-1,-1
249,39,1415.81,465.19,101.21,138.12,1.0000,-1,-1,-1
249,67,541.90,825.74,92.59,143.03,0.6753,-1,-1,-1
250,1,1138.25,665.59,102.35,132.04,1.0000,-1,-1,-1
250,3,675.08,172.28,96.62,125.02,0.3556,-1,-1,-1
250,7,1356.02,301.58,96.40,141.36,1.0000,-1,-1,-1
250,8,1049.08,833.80,107.62,141.07,1.0000,-1,-1,-1
250,10,1636.33,362.25,93.88,129.57,1.0000,-1,-1,-1
250,14,959.12,706.88,114.38,152.81,1.0000,-1,-1,-1
250,39,1415.37,468.29,101.21,138.11,1.0000,-1,-1,-1
250,67,543.59,826.08,92.17,142.39,1.0000,-1,-1,-1
251,1,1141.83,668.00,102.03,131.62,1.0000,-1,-1,-1
251,3,688.19,178.54,95.99,124.22,1.0000,-1,-1,-1
251,7,1358.75,305.18,96.66,141.73,1.0000,-1,-1,-1
251,8,1049.09,835.39,107.50,140.92,1.0000,-1,-1,-1
251,10,1637.40,365.56,93.48,129.01,1.0000,-1,-1,-1
251,14,963.48,709.38,114.40,152.83,1.0000,-1,-1,-1
251,39,1414.92,471.40,101.20,138.10,1.0000,-1,-1,-1
251,67,545.29,826.43,91.76,141.76,1.0000,-1,-1,-1
252,1,1145.42,670.42,101.70,131.19,1.0000,-1,-1,-1
252,3,701.30,184.80,95.37,123.41,1.0000,-1,-1,-1
252,7,1361.48,308.78,96.91,142.10,1.0000,-1,-1,-1
252,8,1049.11,836.98,107.39,140.76,1.0000,-1,-1,-1
252,10,1638.46,368.86,93.07,128.45,1.0000,-1,-1,-1
252,14,967.84,711.88,114.42,152.85,1.0000,-1,-1,-1
252,39,1414.48,474.51,101.19,138.09,1.0000,-1,-1,-1
252,67,546.99,826.78,91.35,141.12,1.0000,-1,-1,-1
253,1,1149.00,672.84,101.37,130.77,1.0000,-1,-1,-1
253,3,714.41,191.07,94.75,122.61,1.0000,-1,-1,-1
253,7,1323.36,319.29,88.55,126.75,0.4194,-1,-1,-1
253,8,1049.12,838.57,107.27,140.61,1.0000,-1,-1,-1
253,10,1639.53,372.16,92.66,127.89,1.0000,-1,-1,-1
253,14,972.21,714.38,114.44,152.87,1.0000,-1,-1,-1
253,39,1414.04,477.61,101.18,138.08,1.0000,-1,-1,-1
253,67,548.68,827.13,90.94,140.49,1.0000,-1,-1,-1
254,1,1152.58,675.26,101.05,130.35,1.0000,-1,-1,-1
254,3,727.51,197.33,94.12,121.80,1.0000,-1,-1,-1
254,7,1323.40,323.37,88.06,126.05,1.0000,-1,-1,-1
254,8,1049.13,840.15,107.15,140.46,1.0000,-1,-1,-1
254,10,1640.60,375.46,92.26,127.33,1.0000,-1,-1,-1
254,14,976.57,716.88,114.45,152.90,1.0000,-1,-1,-1
254,39,1413.60,480.72,101.18,138.07,1.0000,-1,-1,-1
254,67,550.38,827.48,90.53,139.85,1.0000,-1,-1,-1
255,1,1156.17,677.67,100.72,129.92,1.0000,-1,-1,-1
255,3,740.62,203.59,93.50,121.00,1.0000,-1,-1,-1
255,7,1302.85,325.70,87.69,131.44,0.3277,-1,-1,-1
255,8,1049.15,841.74,107.03,140.30,1.0000,-1,-1,-1
255,10,1641.67,378.76,91.85,126.76,1.0000,-1,-1,-1
255,14,980.93,719.38,114.47,152.92,1.0000,-1,-1,-1
255,39,1413.16,483.82,101.17,138.06,1.0000,-1,-1,-1
255,67,552.08,827.83,90.12,139.22,1.0000,-1,-1,-1
256,1,1159.75,680.09,100.39,129.50,1.0000,-1,-1,-1
256,3,753.73,209.86,92.88,120.19,1.0000,-1,-1,-1
256,7,1300.44,329.59,87.66,131.40,1.0000,-1,-1,-1
256,8,1049.16,843.33,106.91,140.15,1.0000,-1,-1,-1
256,10,1642.73,382.06,91.45,126.20,1.0000,-1,-1,-1
256,14,985.29,721.88,114.49,152.94,1.0000,-1,-1,-1
256,39,1412.72,486.93,101.16,138.05,1.0000,-1,-1,-1
256,67,553.77,828.18,89.71,138.58,1.0000,-1,-1,-1
257,1,1163.33,682.51,100.06,129.07,1.0000,-1,-1,-1
257,3,766.84,216.12,92.25,119.39,1.0000,-1,-1,-1
257,7,1306.15,333.10,85.36,126.47,0.3150,-1,-1,-1
257,8,1049.17,844.92,106.79,140.00,1.0000,-1,-1,-1
257,10,1611.65,387.59,91.84,125.20,0.4223,-1,-1,-1
257,14,1083.94,691.84,104.67,136.35,0.3910,-1,-1,-1
257,39,1412.27,490.03,101.16,138.04,1.0000,-1,-1,-1
257,67,555.47,828.53,89.29,137.95,1.0000,-1,-1,-1
258,1,1166.92,684.92,99.74,128.65,1.0000,-1,-1,-1
258,3,779.95,222.39,91.63,118.58,1.0000,-1,-1,-1
258,7,1305.83,337.26,85.21,124.74,0.3608,-1,-1,-1
258,8,1049.19,846.51,106.67,139.84,1.0000,-1,-1,-1
258,10,1608.64,389.40,92.55,125.45,0.3895,-1,-1,-1
258,14,1092.88,692.78,104.08,135.58,1.0000,-1,-1,-1
258,39,1411.83,493.14,101.15,138.03,1.0000,-1,-1,-1
258,67,557.17,828.87,88.88,137.31,1.0000,-1,-1,-1
259,1,1170.50,687.34,99.41,128.23,1.0000,-1,-1,-1
259,3,793.06,228.65,91.01,117.78,1.0000,-1,-1,-1
259,7,1304.59,341.14,84.71,124.02,1.0000,-1,-1,-1
259,8,1049.20,848.09,106.55,139.69,1.0000,-1,-1,-1
259,10,1607.60,392.68,92.18,124.94,1.0000,-1,-1,-1
259,14,1101.82,693.73,103.49,134.81,1.0000,-1,-1,-1
259,39,1411.39,496.24,101.14,138.02,1.0000,-1,-1,-1
259,67,558.86,829.22,88.47,136.67,1.0000,-1,-1,-1
259,69,754.66,626.21,81.02,135.17,0.3530,-1,-1,-1
260,1,1174.08,689.76,99.08,127.80,1.0000,-1,-1,-1
260,3,806.17,234.91,90.39,116.97,1.0000,-1,-1,-1
260,7,1303.35,345.02,84.22,123.29,1.0000,-1,-1,-1
260,8,1049.22,849.68,106.44,139.54,1.0000,-1,-1,-1
260,10,1606.56,395.96,91.80,124.44,1.0000,-1,-1,-1
260,14,1110.76,694.67,102.90,134.03,1.0000,-1,-1,-1
260,39,1410.95,499.35,101.14,138.01,1.0000,-1,-1,-1
260,67,560.56,829.57,88.06,136.04,1.0000,-1,-1,-1
260,69,754.63,626.24,81.01,135.16,1.0000,-1,-1,-1
261,1,1177.67,692.18,98.76,127.38,1.0000,-1,-1,-1
261,3,819.28,241.18,89.76,116.17,1.0000,-1,-1,-1
261,7,1302.11,348.90,83.72,122.57,1.0000,-1,-1,-1
261,8,1049.23,851.27,106.32,139.39,1.0000,-1,-1,-1
261,10,1605.51,399.23,91.43,123.93,1.0000,-1,-1,-1
261,14,1119.71,695.62,102.31,133.26,1.0000,-1,-1,-1
261,39,1410.51,502.45,101.13,138.00,1.0000,-1,-1,-1
261,67,562.26,829.92,87.65,135.40,1.0000,-1,-1,-1
261,69,755.99,627.27,80.44,134.23,0.3767,-1,-1,-1
262,1,1181.25,694.59,98.43,126.95,1.0000,-1,-1,-1
262,3,832.39,247.44,89.14,115.36,1.0000,-1,-1,-1
262,7,1300.86,352.78,83.23,121.85,1.0000,-1,-1,-1
262,8,1049.24,852.86,106.20,139.23,1.0000,-1,-1,-1
262,10,1602.07,399.54,94.67,129.27,0.4192,-1,-1,-1
262,14,1128.65,696.56,101.72,132.49,1.0000,-1,-1,-1
262,39,1381.27,557.53,94.38,130.12,0.4040,-1,-1,-1
262,67,563.95,830.27,87.24,134.77,1.0000,-1,-1,-1
262,69,756.52,628.16,80.14,133.73,0.4270,-1,-1,-1
263,1,1184.83,697.01,98.10,126.53,1.0000,-1,-1,-1
263,3,845.50,253.70,88.52,114.55,1.0000,-1,-1,-1
263,7,1299.62,356.66,82.73,121.12,1.0000,-1,-1,-1
263,8,1049.26,854.45,106.08,139.08,1.0000,-1,-1,-1
263,10,1600.50,402.31,94.01,129.86,0.3806,-1,-1,-1
263,14,1137.59,697.50,101.13,131.72,1.0000,-1,-1,-1
263,39,1379.61,562.79,94.13,129.78,1.0000,-1,-1,-1
263,67,565.65,830.62,86.83,134.13,1.0000,-1,-1,-1
263,69,756.80,628.49,79.99,133.48,1.0000,-1,-1,-1
264,1,1293.13,503.14,93.09,128.75,0.3110,-1,-1,-1
264,3,858.61,259.97,87.89,113.75,1.0000,-1,-1,-1
264,7,1289.38,356.66,83.92,120.64,0.3809,-1,-1,-1
264,8,1049.27,856.03,105.96,138.93,1.0000,-1,-1,-1
264,10,1598.11,403.78,92.60,129.84,0.4389,-1,-1,-1
264,14,1146.53,698.45,100.53,130.94,1.0000,-1,-1,-1
264,39,1375.92,561.43,92.12,128.12,0.3692,-1,-1,-1
264,67,567.35,830.97,86.41,133.50,1.0000,-1,-1,-1
264,69,757.24,629.93,78.83,131.41,0.3473,-1,-1,-1
265,1,1299.90,499.37,92.84,128.41,1.0000,-1,-1,-1
265,3,871.72,266.23,87.27,112.94,1.0000,-1,-1,-1
265,7,1282.11,360.54,86.21,121.71,0.3739,-1,-1,-1
265,8,1049.28,857.62,105.84,138.77,1.0000,-1,-1,-1
265,10,1596.52,406.58,92.69,129.96,1.0000,-1,-1,-1
265,14,1155.47,699.39,99.94,130.17,1.0000,-1,-1,-1
265,39,1373.97,565.94,91.77,127.63,1.0000,-1,-1,-1
265,67,569.04,831.31,86.00,132.86,1.0000,-1,-1,-1
265,69,757.76,631.56,77.96,129.50,0.3268,-1,-1,-1
266,1,1290.50,507.59,87.53,123.22,0.4321,-1,-1,-1
266,3,884.83,272.49,86.65,112.14,1.0000,-1,-1,-1
266,7,1273.50,363.62,89.23,124.96,0.4164,-1,-1,-1
266,8,1049.30,859.21,105.72,138.62,1.0000,-1,-1,-1
266,10,1594.94,409.37,92.78,130.09,1.0000,-1,-1,-1
266,14,1164.41,700.34,99.35,129.40,1.0000,-1,-1,-1
266,39,1375.26,567.02,85.87,121.63,0.3239,-1,-1,-1
266,67,570.74,831.66,85.59,132.23,1.0000,-1,-1,-1
266,69,758.10,632.93,77.47,128.19,0.3253,-1,-1,-1
267,1,1290.01,511.06,85.85,119.19,0.4696,-1,-1,-1
267,3,897.94,278.76,86.03,111.33,1.0000,-1,-1,-1
267,7,1266.91,364.80,91.29,125.76,0.3911,-1,-1,-1
267,8,1049.31,860.80,105.61,138.47,1.0000,-1,-1,-1
267,10,1571.82,412.82,90.01,124.75,0.3173,-1,-1,-1
267,14,1173.35,701.28,98.76,128.63,1.0000,-1,-1,-1
267,39,1379.37,569.98,84.93,117.71,0.3291,-1,-1,-1
267,67,572.44,832.01,85.18,131.59,1.0000,-1,-1,-1
267,69,758.16,633.41,77.19,127.19,0.4073,-1,-1,-1
268,1,1285.75,514.78,87.37,120.26,0.4547,-1,-1,-1
268,3,911.04,285.02,85.40,110.53,1.0000,-1,-1,-1
268,7,1266.05,367.45,91.25,124.18,0.3842,-1,-1,-1
268,8,1049.33,862.39,105.49,138.31,1.0000,-1,-1,-1
268,10,1570.21,415.69,90.53,122.61,0.3302,-1,-1,-1
268,14,1182.29,702.23,98.17,127.85,1.0000,-1,-1,-1
268,39,1381.46,572.74,85.18,115.91,0.3408,-1,-1,-1
268,67,574.13,832.36,84.77,130.95,1.0000,-1,-1,-1
268,69,758.12,633.74,77.04,126.52,0.3824,-1,-1,-1
269,1,1288.57,514.11,86.63,119.24,1.0000,-1,-1,-1
269,3,924.15,291.29,84.78,109.72,1.0000,-1,-1,-1
269,7,1252.44,369.14,90.19,124.74,0.3928,-1,-1,-1
269,8,1049.34,863.97,105.37,138.16,1.0000,-1,-1,-1
269,10,1567.43,417.73,92.73,123.43,0.3625,-1,-1,-1
269,14,1191.23,703.17,97.58,127.08,1.0000,-1,-1,-1
269,39,1376.84,574.69,88.52,120.84,0.3181,-1,-1,-1
269,67,575.83,832.71,84.36,130.32,1.0000,-1,-1,-1
269,69,758.21,634.00,76.90,125.94,0.3448,-1,-1,-1
270,1,1271.03,519.89,85.06,115.39,0.3223,-1,-1,-1
270,3,798.94,185.76,85.06,108.31,0.3913,-1,-1,-1
270,7,1249.65,372.79,87.60,120.37,0.4162,-1,-1,-1
270,8,1049.35,865.56,105.25,138.01,1.0000,-1,-1,-1
270,10,1569.78,422.72,93.21,121.67,0.4471,-1,-1,-1
270,14,1200.18,704.11,96.99,126.31,1.0000,-1,-1,-1
270,39,1375.99,578.20,88.01,120.15,1.0000,-1,-1,-1
270,67,577.53,833.06,83.95,129.68,1.0000,-1,-1,-1
270,69,758.16,634.09,77.27,126.27,0.3867,-1,-1,-1
271,1,1271.22,520.08,84.04,114.00,1.0000,-1,-1,-1
271,3,803.40,186.06,86.63,110.40,0.3717,-1,-1,-1
271,7,1253.83,376.76,84.76,115.47,0.3976,-1,-1,-1
271,8,1049.37,867.15,105.13,137.85,1.0000,-1,-1,-1
271,10,1577.88,429.20,91.14,118.20,0.4053,-1,-1,-1
271,14,1209.12,705.06,96.40,125.54,1.0000,-1,-1,-1
271,39,1375.15,581.71,87.51,119.46,1.0000,-1,-1,-1
271,67,579.22,833.41,83.53,129.05,1.0000,-1,-1,-1
271,69,757.79,633.98,77.70,126.52,0.4168,-1,-1,-1
272,1,1271.42,520.27,83.01,112.60,1.0000,-1,-1,-1
272,3,808.61,187.82,86.87,110.72,0.3487,-1,-1,-1
272,7,1250.45,379.80,85.03,114.62,0.4436,-1,-1,-1
272,8,1049.38,868.74,105.01,137.70,1.0000,-1,-1,-1
272,10,1578.70,432.20,91.16,117.50,0.4699,-1,-1,-1
272,14,1218.06,706.00,95.81,124.76,1.0000,-1,-1,-1
272,39,1374.30,585.23,87.00,118.78,1.0000,-1,-1,-1
272,67,580.92,833.76,83.12,128.41,1.0000,-1,-1,-1
272,69,757.84,634.10,77.50,125.87,0.4179,-1,-1,-1
273,1,1271.61,520.46,81.98,111.21,1.0000,-1,-1,-1
273,3,814.59,188.63,86.54,110.30,1.0000,-1,-1,-1
273,7,1245.17,382.23,87.23,117.27,0.3702,-1,-1,-1
273,8,1049.39,870.33,104.89,137.55,1.0000,-1,-1,-1
273,10,1580.01,434.59,90.19,116.00,0.4974,-1,-1,-1
273,14,1227.00,706.95,95.22,123.99,1.0000,-1,-1,-1
273,39,1380.32,581.74,89.92,121.50,0.3089,-1,-1,-1
273,67,582.62,834.10,82.71,127.78,1.0000,-1,-1,-1
273,69,757.77,634.95,76.96,124.47,0.4397,-1,-1,-1
274,1,1271.81,520.65,80.95,109.82,1.0000,-1,-1,-1
274,3,820.57,189.44,86.21,109.88,1.0000,-1,-1,-1
274,7,1242.21,384.45,87.87,118.53,0.3642,-1,-1,-1
274,8,900.72,745.59,103.49,133.94,0.3832,-1,-1,-1
274,10,1577.93,436.19,90.39,115.44,0.4907,-1,-1,-1
274,14,1051.20,722.49,101.79,127.15,0.3323,-1,-1,-1
274,39,1380.51,584.01,90.48,121.81,0.3210,-1,-1,-1
274,67,584.31,834.45,82.30,127.14,1.0000,-1,-1,-1
274,69,757.65,635.88,77.20,124.84,0.3894,-1,-1,-1
275,1,1272.00,520.84,79.93,108.42,1.0000,-1,-1,-1
275,3,826.54,190.25,85.88,109.46,1.0000,-1,-1,-1
275,7,1238.89,387.43,87.60,118.16,1.0000,-1,-1,-1
275,8,895.20,742.46,103.27,133.65,1.0000,-1,-1,-1
275,10,1564.27,434.40,91.11,119.06,0.3411,-1,-1,-1
275,14,1050.04,724.24,101.35,126.59,1.0000,-1,-1,-1
275,39,1380.47,586.74,90.29,121.55,1.0000,-1,-1,-1
275,67,586.01,834.80,81.89,126.51,1.0000,-1,-1,-1
275,69,757.80,636.40,76.88,124.32,1.0000,-1,-1,-1
276,1,1227.52,531.23,91.31,123.21,0.3567,-1,-1,-1
276,3,832.52,191.06,85.55,109.04,1.0000,-1,-1,-1
276,7,1235.96,392.25,86.45,116.01,0.4358,-1,-1,-1
276,8,889.68,739.32,103.05,133.37,1.0000,-1,-1,-1
276,10,1562.04,434.38,93.41,122.84,0.3842,-1,-1,-1
276,14,1037.41,725.62,104.28,127.02,0.3015,-1,-1,-1
276,39,1375.10,588.37,88.07,120.70,0.3163,-1,-1,-1
276,67,587.71,835.15,81.48,125.87,1.0000,-1,-1,-1
276,69,757.96,636.93,76.56,123.80,1.0000,-1,-1,-1
277,1,1223.47,532.39,91.42,123.36,1.0000,-1,-1,-1
277,3,833.65,192.77,86.90,108.95,0.3195,-1,-1,-1
277,7,1231.88,395.44,84.77,113.43,0.4190,-1,-1,-1
277,8,884.15,736.18,102.84,133.09,1.0000,-1,-1,-1
277,10,1561.98,437.37,91.05,119.90,0.3744,-1,-1,-1
277,14,1031.16,726.09,104.45,125.76,0.4108,-1,-1,-1
277,39,1371.87,589.76,86.14,119.65,0.3457,-1,-1,-1
277,67,589.40,835.50,81.07,125.23,1.0000,-1,-1,-1
277,69,761.94,637.66,76.70,120.46,0.3304,-1,-1,-1
278,1,1219.43,533.55,91.53,123.51,1.0000,-1,-1,-1
278,3,839.22,193.67,86.59,108.56,1.0000,-1,-1,-1
278,7,1225.18,396.29,85.01,112.95,0.4001,-1,-1,-1
278,8,878.63,733.04,102.62,132.80,1.0000,-1,-1,-1
278,10,1543.00,437.39,94.71,121.33,0.3738,-1,-1,-1
278,14,1028.55,727.66,104.00,125.22,1.0000,-1,-1,-1
278,39,1370.84,592.24,85.85,119.24,1.0000,-1,-1,-1
278,67,591.10,835.85,80.65,124.60,1.0000,-1,-1,-1
278,69,762.61,638.21,76.18,119.65,1.0000,-1,-1,-1
279,1,1215.38,534.72,91.65,123.66,1.0000,-1,-1,-1
279,3,844.79,194.57,86.29,108.17,1.0000,-1,-1,-1
279,7,1217.90,398.13,85.83,112.72,0.4887,-1,-1,-1
279,8,879.72,745.12,101.48,131.53,0.3535,-1,-1,-1
279,10,1528.96,438.21,94.94,121.73,0.4548,-1,-1,-1
279,14,1019.42,725.78,104.75,125.59,0.3167,-1,-1,-1
279,39,1369.80,594.72,85.56,118.84,1.0000,-1,-1,-1
279,67,592.80,836.20,80.24,123.96,1.0000,-1,-1,-1
279,69,758.03,637.36,78.57,120.13,0.3315,-1,-1,-1
279,72,1256.67,221.79,79.81,88.75,0.3700,-1,-1,-1
280,1,1211.33,535.88,91.76,123.82,1.0000,-1,-1,-1
280,3,850.36,195.47,85.98,107.78,1.0000,-1,-1,-1
280,7,1203.61,400.10,89.99,117.24,0.5046,-1,-1,-1
280,8,874.87,743.54,101.18,131.15,1.0000,-1,-1,-1
280,10,1523.96,440.11,94.94,121.73,1.0000,-1,-1,-1
280,14,1016.09,726.95,104.38,125.15,1.0000,-1,-1,-1
280,39,1368.76,597.20,85.26,118.43,1.0000,-1,-1,-1
280,67,594.49,836.55,79.83,123.33,1.0000,-1,-1,-1
280,69,758.25,637.76,78.13,119.46,1.0000,-1,-1,-1
280,72,1249.15,223.25,87.33,97.89,0.3408,-1,-1,-1
281,1,1207.28,537.04,91.87,123.97,1.0000,-1,-1,-1
281,3,855.93,196.38,85.67,107.40,1.0000,-1,-1,-1
281,7,1193.05,402.21,92.23,119.89,0.5108,-1,-1,-1
281,8,870.01,741.96,100.89,130.76,1.0000,-1,-1,-1
281,10,1512.14,440.54,95.31,120.67,0.3217,-1,-1,-1
281,14,1012.76,728.12,104.02,124.71,1.0000,-1,-1,-1
281,39,1367.73,599.68,84.97,118.02,1.0000,-1,-1,-1
281,67,596.19,836.89,79.42,122.69,1.0000,-1,-1,-1
281,69,744.51,636.61,81.08,121.33,0.3262,-1,-1,-1
281,72,1245.02,222.95,90.41,101.35,1.0000,-1,-1,-1
282,1,1203.23,538.20,91.99,124.12,1.0000,-1,-1,-1
282,3,861.50,197.28,85.36,107.01,1.0000,-1,-1,-1
282,7,1183.59,404.51,91.63,119.00,0.4693,-1,-1,-1
282,8,865.16,740.38,100.59,130.38,1.0000,-1,-1,-1
282,10,1506.50,442.28,95.23,120.56,1.0000,-1,-1,-1
282,14,997.22,727.65,103.97,123.23,0.3765,-1,-1,-1
282,39,1366.69,602.16,84.68,117.62,1.0000,-1,-1,-1
282,67,597.89,837.24,79.01,122.06,1.0000,-1,-1,-1
282,69,738.36,636.24,83.02,122.59,0.4306,-1,-1,-1
282,72,1240.88,222.65,93.50,104.80,1.0000,-1,-1,-1
283,1,1199.18,539.37,92.10,124.27,1.0000,-1,-1,-1
283,3,867.07,198.18,85.05,106.62,1.0000,-1,-1,-1
283,7,1177.98,406.88,88.47,114.70,0.3295,-1,-1,-1
283,8,850.73,748.58,104.69,134.99,0.3442,-1,-1,-1
283,10,1510.03,444.94,97.57,125.59,0.3534,-1,-1,-1
283,14,993.33,730.30,103.96,121.12,0.3048,-1,-1,-1
283,39,1350.00,601.03,81.46,110.48,0.3246,-1,-1,-1
283,67,599.58,837.59,78.60,121.42,1.0000,-1,-1,-1
283,69,734.39,636.67,83.11,120.55,0.3638,-1,-1,-1
283,72,1236.74,222.35,96.58,108.26,1.0000,-1,-1,-1
284,1,1195.14,540.53,92.21,124.42,1.0000,-1,-1,-1
284,3,872.64,199.08,84.74,106.24,1.0000,-1,-1,-1
284,7,1165.55,408.33,88.47,114.50,0.3388,-1,-1,-1
284,8,844.92,748.00,104.79,135.12,1.0000,-1,-1,-1
284,10,1505.26,446.78,97.90,126.01,1.0000,-1,-1,-1
284,14,988.96,731.48,103.35,120.39,1.0000,-1,-1,-1
284,39,1347.69,603.20,80.73,109.49,1.0000,-1,-1,-1
284,67,601.28,837.94,78.19,120.79,1.0000,-1,-1,-1
284,69,729.10,636.89,84.42,120.26,0.3456,-1,-1,-1
284,72,1232.61,222.04,99.66,111.72,1.0000,-1,-1,-1
285,1,1191.09,541.69,92.32,124.57,1.0000,-1,-1,-1
285,3,878.21,199.98,84.43,105.85,1.0000,-1,-1,-1
285,7,1150.22,412.17,88.12,112.95,0.3930,-1,-1,-1
285,8,823.56,747.43,109.75,137.29,0.3283,-1,-1,-1
285,10,1500.49,448.62,98.23,126.43,1.0000,-1,-1,-1
285,14,984.59,732.66,102.73,119.67,1.0000,-1,-1,-1
285,39,1343.09,599.35,82.99,110.72,0.3314,-1,-1,-1
285,67,602.98,838.29,77.77,120.15,1.0000,-1,-1,-1
285,69,726.95,637.08,84.14,119.86,1.0000,-1,-1,-1
285,72,1219.44,235.93,85.74,97.06,0.3162,-1,-1,-1
286,1,1187.04,542.86,92.44,124.72,1.0000,-1,-1,-1
286,3,883.78,200.88,84.12,105.46,1.0000,-1,-1,-1
286,7,1142.48,414.84,90.77,116.45,0.3911,-1,-1,-1
286,8,816.29,746.85,110.03,137.63,1.0000,-1,-1,-1
286,10,1494.66,454.27,91.65,118.47,0.3066,-1,-1,-1
286,14,980.22,733.85,102.11,118.95,1.0000,-1,-1,-1
286,39,1339.91,599.23,85.60,113.01,0.3409,-1,-1,-1
286,67,604.67,838.64,77.36,119.51,1.0000,-1,-1,-1
286,69,716.99,637.02,85.41,120.38,0.3821,-1,-1,-1
286,72,1214.34,237.09,87.15,98.65,1.0000,-1,-1,-1
287,1,1182.99,544.02,92.55,124.87,1.0000,-1,-1,-1
287,3,889.35,201.78,83.81,105.07,1.0000,-1,-1,-1
287,7,1134.76,417.44,90.75,116.42,1.0000,-1,-1,-1
287,8,809.03,746.27,110.30,137.97,1.0000,-1,-1,-1
287,10,1489.77,456.48,91.36,118.10,1.0000,-1,-1,-1
287,14,975.85,735.03,101.50,118.22,1.0000,-1,-1,-1
287,39,1336.57,599.96,88.68,116.00,0.3467,-1,-1,-1
287,67,606.37,838.99,76.95,118.88,1.0000,-1,-1,-1
287,69,711.32,637.23,86.31,121.07,0.3973,-1,-1,-1
287,72,1209.24,238.25,88.55,100.25,1.0000,-1,-1,-1
288,1,1101.67,550.75,100.25,134.06,0.4169,-1,-1,-1
288,3,894.92,202.68,83.51,104.69,1.0000,-1,-1,-1
288,7,1140.11,420.44,90.31,115.45,0.4735,-1,-1,-1
288,8,801.76,745.70,110.57,138.31,1.0000,-1,-1,-1
288,10,1481.00,458.50,91.67,118.60,0.4980,-1,-1,-1
288,14,971.48,736.22,100.88,117.50,1.0000,-1,-1,-1
288,39,1327.10,601.15,91.97,121.79,0.4395,-1,-1,-1
288,67,608.07,839.34,76.54,118.24,1.0000,-1,-1,-1
288,69,713.30,637.14,87.52,119.98,0.3888,-1,-1,-1
288,72,1206.98,243.91,86.99,99.27,0.3532,-1,-1,-1
289,1,1095.74,552.24,98.18,131.54,0.3941,-1,-1,-1
289,3,900.49,203.58,83.20,104.30,1.0000,-1,-1,-1
289,7,1134.15,423.38,90.88,116.31,0.5351,-1,-1,-1
289,8,794.49,745.12,110.84,138.66,1.0000,-1,-1,-1
289,10,1472.04,461.88,93.40,119.84,0.5278,-1,-1,-1
289,14,967.11,737.40,100.27,116.78,1.0000,-1,-1,-1
289,39,1319.09,602.22,93.12,124.11,0.4936,-1,-1,-1
289,67,609.76,839.68,76.13,117.61,1.0000,-1,-1,-1
289,69,714.70,636.40,88.90,119.62,0.3948,-1,-1,-1
289,72,1202.14,245.54,88.15,100.59,1.0000,-1,-1,-1
290,1,1086.98,553.76,98.51,131.98,1.0000,-1,-1,-1
290,3,906.06,204.48,82.89,103.91,1.0000,-1,-1,-1
290,7,1123.06,426.69,89.15,114.74,0.3346,-1,-1,-1
290,8,787.23,744.54,111.11,139.00,1.0000,-1,-1,-1
290,10,1455.98,466.55,94.73,119.98,0.3278,-1,-1,-1
290,14,962.74,738.58,99.65,116.05,1.0000,-1,-1,-1
290,39,1311.62,605.45,91.67,121.98,0.3385,-1,-1,-1
290,67,611.46,840.03,75.72,116.97,1.0000,-1,-1,-1
290,69,712.70,636.44,88.68,119.32,1.0000,-1,-1,-1
290,72,1197.31,247.18,89.30,101.91,1.0000,-1,-1,-1
291,1,1065.20,557.69,93.48,127.45,0.3241,-1,-1,-1
291,3,911.63,205.39,82.58,103.53,1.0000,-1,-1,-1
291,7,1114.95,430.54,85.39,109.81,0.3850,-1,-1,-1
291,8,779.96,743.96,111.39,139.34,1.0000,-1,-1,-1
291,10,1449.22,469.13,94.67,119.90,1.0000,-1,-1,-1
291,14,958.38,739.77,99.03,115.33,1.0000,-1,-1,-1
291,39,1302.74,607.68,90.17,120.32,0.3132,-1,-1,-1
291,67,1136.82,615.34,87.91,137.49,0.3952,-1,-1,-1
291,69,688.52,639.27,88.56,120.20,0.3622,-1,-1,-1
291,72,1192.47,248.81,90.46,103.24,1.0000,-1,-1,-1
292,1,1057.30,561.19,91.96,125.39,0.3359,-1,-1,-1
292,3,917.19,206.29,82.27,103.14,1.0000,-1,-1,-1
292,7,1105.87,432.66,86.98,111.81,0.5023,-1,-1,-1
292,8,772.70,743.39,111.66,139.68,1.0000,-1,-1,-1
292,10,1441.09,472.77,91.72,114.83,0.3278,-1,-1,-1
292,14,954.01,740.95,98.42,114.61,1.0000,-1,-1,-1
292,39,1275.76,607.82,90.05,120.78,0.3215,-1,-1,-1
292,67,1139.02,613.48,86.43,136.45,0.3963,-1,-1,-1
292,69,684.12,639.61,88.43,120.03,1.0000,-1,-1,-1
292,72,1187.64,250.45,91.62,104.56,1.0000,-1,-1,-1
292,76,1248.46,145.26,75.13,102.92,0.5310,-1,-1,-1
293,1,1047.41,563.14,91.76,125.12,1.0000,-1,-1,-1
293,3,922.76,207.19,81.96,102.75,1.0000,-1,-1,-1
293,7,1094.58,433.29,89.40,115.12,0.4525,-1,-1,-1
293,8,765.43,742.81,111.93,140.02,1.0000,-1,-1,-1
293,10,1434.24,475.46,91.23,114.21,1.0000,-1,-1,-1
293,14,949.64,742.14,97.80,113.88,1.0000,-1,-1,-1
293,39,1268.75,609.97,89.23,119.65,0.3306,-1,-1,-1
293,67,1134.13,615.46,84.99,134.97,0.3273,-1,-1,-1
293,69,679.71,639.95,88.30,119.85,1.0000,-1,-1,-1
293,72,1182.80,252.08,92.78,105.88,1.0000,-1,-1,-1
293,76,1241.14,144.56,76.54,104.86,1.0000,-1,-1,-1
294,1,1046.59,565.70,90.68,124.48,0.3714,-1,-1,-1
294,3,928.33,208.09,81.65,102.37,1.0000,-1,-1,-1
294,7,1085.96,434.48,91.37,117.93,0.5500,-1,-1,-1
294,8,758.16,742.23,112.20,140.36,1.0000,-1,-1,-1
294,10,1418.80,473.13,92.77,116.55,0.4088,-1,-1,-1
294,14,945.27,743.32,97.18,113.16,1.0000,-1,-1,-1
294,39,1267.66,614.07,87.03,116.23,0.3158,-1,-1,-1
294,67,1145.87,611.11,84.77,134.63,1.0000,-1,-1,-1
294,69,675.30,640.30,88.17,119.68,1.0000,-1,-1,-1
294,72,1177.97,253.72,93.94,107.20,1.0000,-1,-1,-1
294,76,1234.13,147.76,74.76,102.37,0.4454,-1,-1,-1
295,1,1037.66,567.72,90.45,124.17,1.0000,-1,-1,-1
295,3,933.90,208.99,81.34,101.98,1.0000,-1,-1,-1
295,7,1069.36,438.17,90.84,116.57,0.3826,-1,-1,-1
295,8,862.97,744.77,102.46,123.83,0.3246,-1,-1,-1
295,10,1402.44,474.33,93.47,116.87,0.3890,-1,-1,-1
295,14,940.90,744.50,96.57,112.44,1.0000,-1,-1,-1
295,39,1250.38,618.44,84.87,112.20,0.3845,-1,-1,-1
295,67,1157.60,606.76,84.55,134.28,1.0000,-1,-1,-1
295,69,670.89,640.64,88.05,119.51,1.0000,-1,-1,-1
295,72,1173.13,255.35,95.09,108.52,1.0000,-1,-1,-1
295,76,1226.87,147.75,75.60,103.52,1.0000,-1,-1,-1
296,1,1016.03,570.05,88.92,123.85,0.3072,-1,-1,-1
296,3,939.47,209.89,81.03,101.59,1.0000,-1,-1,-1
296,7,1034.71,443.24,89.74,115.22,0.3591,-1,-1,-1
296,8,863.75,744.41,101.75,122.98,1.0000,-1,-1,-1
296,10,1390.46,476.57,92.62,115.77,0.4162,-1,-1,-1
296,14,936.53,745.69,95.95,111.71,1.0000,-1,-1,-1
296,39,1258.89,623.51,82.84,107.28,0.3796,-1,-1,-1
296,67,1169.34,602.41,84.34,133.94,1.0000,-1,-1,-1
296,69,666.48,640.98,87.92,119.33,1.0000,-1,-1,-1
296,72,1168.30,256.99,96.25,109.84,1.0000,-1,-1,-1
296,76,1203.99,149.54,75.81,104.07,0.4080,-1,-1,-1
297,1,1011.17,569.62,88.81,124.39,0.3290,-1,-1,-1
297,3,945.04,210.79,80.72,101.20,1.0000,-1,-1,-1
297,7,1023.20,446.03,89.74,115.21,1.0000,-1,-1,-1
297,8,864.53,744.05,101.05,122.12,1.0000,-1,-1,-1
297,10,1376.92,480.21,90.79,113.92,0.4647,-1,-1,-1
297,14,932.16,746.87,95.33,110.99,1.0000,-1,-1,-1
297,39,1253.31,625.34,83.38,106.32,0.3722,-1,-1,-1
297,67,1181.08,598.05,84.12,133.59,1.0000,-1,-1,-1
297,69,662.07,641.32,87.79,119.16,1.0000,-1,-1,-1
297,72,1163.46,258.62,97.41,111.17,1.0000,-1,-1,-1
297,76,1198.06,150.51,75.51,104.05,0.3538,-1,-1,-1
298,1,996.44,574.64,84.75,121.02,0.3250,-1,-1,-1
298,3,950.61,211.69,80.42,100.82,1.0000,-1,-1,-1
298,7,1008.87,449.39,85.55,109.31,0.3649,-1,-1,-1
298,8,865.31,743.69,100.35,121.27,1.0000,-1,-1,-1
298,10,1367.30,482.45,90.40,113.43,1.0000,-1,-1,-1
298,14,927.79,748.05,94.71,110.27,1.0000,-1,-1,-1
298,39,1248.95,624.49,85.47,107.97,0.4599,-1,-1,-1
298,67,1192.81,593.70,83.90,133.25,1.0000,-1,-1,-1
298,69,657.67,641.66,87.66,118.99,1.0000,-1,-1,-1
298,72,1158.63,260.26,98.57,112.49,1.0000,-1,-1,-1
298,76,1189.00,150.86,76.17,104.97,1.0000,-1,-1,-1
299,1,985.99,576.78,84.35,120.45,1.0000,-1,-1,-1
299,3,956.18,212.59,80.11,100.43,1.0000,-1,-1,-1
299,7,999.20,452.71,83.63,106.21,0.4505,-1,-1,-1
299,8,866.10,743.34,99.64,120.42,1.0000,-1,-1,-1
299,10,1357.69,484.69,90.01,112.94,1.0000,-1,-1,-1
299,14,923.42,749.24,94.10,109.54,1.0000,-1,-1,-1
299,39,1242.05,624.31,85.08,106.37,0.4712,-1,-1,-1
299,67,1204.55,589.35,83.69,132.90,1.0000,-1,-1,-1
299,69,653.26,642.01,87.54,118.81,1.0000,-1,-1,-1
299,72,1153.79,261.89,99.73,113.81,1.0000,-1,-1,-1
299,76,1179.95,151.20,76.83,105.88,1.0000,-1,-1,-1
299,79,712.64,773.35,104.76,140.54,0.4089,-1,-1,-1
299,80,1061.93,619.65,70.78,132.43,0.4372,-1,-1,-1
300,1,965.43,577.40,82.96,117.89,0.3538,-1,-1,-1
300,3,961.75,213.49,79.80,100.04,1.0000,-1,-1,-1
300,7,987.69,455.62,82.92,105.31,1.0000,-1,-1,-1
300,8,866.88,742.98,98.94,119.57,1.0000,-1,-1,-1
300,10,1335.35,483.26,91.14,117.06,0.3552,-1,-1,-1
300,14,919.05,750.42,93.48,108.82,1.0000,-1,-1,-1
300,39,1225.11,625.61,85.90,105.87,0.4493,-1,-1,-1
300,67,1216.29,584.99,83.47,132.56,1.0000,-1,-1,-1
300,69,648.85,642.35,87.41,118.64,1.0000,-1,-1,-1
300,72,1148.96,263.53,100.88,115.13,1.0000,-1,-1,-1
300,76,1170.90,151.55,77.50,106.80,1.0000,-1,-1,-1
300,79,702.38,773.97,107.19,143.81,1.0000,-1,-1,-1
300,80,1052.72,619.74,70.61,132.11,1.0000,-1,-1,-1
301,1,953.88,579.38,82.40,117.10,1.0000,-1,-1,-1
301,3,967.32,214.39,79.49,99.66,1.0000,-1,-1,-1
301,7,987.80,460.88,86.61,108.61,0.3342,-1,-1,-1
301,8,867.66,742.62,98.24,118.72,1.0000,-1,-1,-1
301,10,1331.94,485.72,92.16,115.86,0.4539,-1,-1,-1
301,14,914.69,751.61,92.86,108.10,1.0000,-1,-1,-1
301,39,1208.34,626.16,88.69,109.41,0.3631,-1,-1,-1
301,67,1228.02,580.64,83.25,132.22,1.0000,-1,-1,-1
301,69,644.44,642.69,87.28,118.46,1.0000,-1,-1,-1
301,72,1144.12,265.16,102.04,116.45,1.0000,-1,-1,-1
301,76,1161.84,151.90,78.16,107.71,1.0000,-1,-1,-1
301,79,692.12,774.58,109.63,147.09,1.0000,-1,-1,-1
301,80,1043.50,619.84,70.44,131.80,1.0000,-1,-1,-1
302,1,933.70,578.92,83.41,117.38,0.3623,-1,-1,-1
302,3,972.89,215.30,79.18,99.27,1.0000,-1,-1,-1
302,7,987.58,464.11,84.57,105.61,0.3675,-1,-1,-1
302,8,868.44,742.26,97.53,117.87,1.0000,-1,-1,-1
302,10,1324.53,485.82,92.74,116.49,0.3581,-1,-1,-1
302,14,910.32,752.79,92.25,107.37,1.0000,-1,-1,-1
302,39,1195.89,627.94,92.45,113.48,0.5168,-1,-1,-1
302,67,1239.76,576.29,83.03,131.87,1.0000,-1,-1,-1
302,69,640.03,643.03,87.15,118.29,1.0000,-1,-1,-1
302,72,1139.29,266.80,103.20,117.77,1.0000,-1,-1,-1
302,76,1152.79,152.25,78.82,108.62,1.0000,-1,-1,-1
302,79,681.85,775.19,112.07,150.36,1.0000,-1,-1,-1
302,80,1034.29,619.93,70.27,131.48,1.0000,-1,-1,-1
303,1,920.11,579.71,83.66,116.91,0.4191,-1,-1,-1
303,3,978.46,216.20,78.87,98.88,1.0000,-1,-1,-1
303,7,978.61,467.29,84.00,104.90,1.0000,-1,-1,-1
303,8,869.23,741.91,96.83,117.02,1.0000,-1,-1,-1
303,10,1313.60,485.38,94.14,116.94,0.3505,-1,-1,-1
303,14,905.95,753.97,91.63,106.65,1.0000,-1,-1,-1
303,39,1186.52,629.70,91.60,111.30,0.3823,-1,-1,-1
303,67,1251.50,571.93,82.82,131.53,1.0000,-1,-1,-1
303,69,635.62,643.38,87.03,118.12,1.0000,-1,-1,-1
303,72,1134.46,268.43,104.36,119.09,1.0000,-1,-1,-1
303,76,1143.73,152.59,79.49,109.54,1.0000,-1,-1,-1
303,79,660.34,780.30,100.74,133.12,0.3089,-1,-1,-1
303,80,1025.08,620.02,70.10,131.16,1.0000,-1,-1,-1
304,1,911.79,581.11,83.22,115.08,0.4561,-1,-1,-1
304,3,984.03,217.10,78.56,98.50,1.0000,-1,-1,-1
304,7,964.97,468.72,86.02,107.25,0.3063,-1,-1,-1
304,8,870.01,741.55,96.12,116.17,1.0000,-1,-1,-1
304,10,1303.88,485.74,95.32,116.58,0.3619,-1,-1,-1
304,14,901.58,755.16,91.01,105.93,1.0000,-1,-1,-1
304,39,1180.25,632.19,90.74,108.38,0.3409,-1,-1,-1
304,67,1263.23,567.58,82.60,131.18,1.0000,-1,-1,-1
304,69,631.21,643.72,86.90,117.94,1.0000,-1,-1,-1
304,72,1129.62,270.07,105.52,120.42,1.0000,-1,-1,-1
304,76,1134.68,152.94,80.15,110.45,1.0000,-1,-1,-1
304,79,648.69,781.51,101.16,133.68,1.0000,-1,-1,-1
304,80,1015.86,620.11,69.93,130.84,1.0000,-1,-1,-1
305,1,899.78,582.69,82.65,114.29,1.0000,-1,-1,-1
305,3,989.60,218.00,78.25,98.11,1.0000,-1,-1,-1
305,7,944.33,469.99,87.09,108.07,0.5299,-1,-1,-1
305,8,870.79,741.19,95.42,115.32,1.0000,-1,-1,-1
305,10,1291.92,486.27,94.08,116.30,0.4311,-1,-1,-1
305,14,897.21,756.34,90.39,105.20,1.0000,-1,-1,-1
305,39,1149.05,631.39,94.28,110.43,0.3514,-1,-1,-1
305,67,1274.97,563.23,82.38,130.84,1.0000,-1,-1,-1
305,69,557.54,644.04,84.67,117.21,0.4275,-1,-1,-1
305,72,1034.73,301.36,87.28,103.77,0.3892,-1,-1,-1
305,76,1125.62,153.29,80.82,111.37,1.0000,-1,-1,-1
305,79,633.34,783.02,100.14,129.85,0.3950,-1,-1,-1
305,80,994.75,623.64,69.97,126.81,0.3311,-1,-1,-1
306,1,887.78,584.27,82.08,113.50,1.0000,-1,-1,-1
306,3,995.17,218.90,77.94,97.72,1.0000,-1,-1,-1
306,7,928.88,469.67,89.65,110.43,0.4448,-1,-1,-1
306,8,871.57,740.83,94.72,114.47,1.0000,-1,-1,-1
306,10,1282.29,487.09,92.79,115.54,0.4165,-1,-1,-1
306,14,892.84,757.52,89.78,104.48,1.0000,-1,-1,-1
306,39,1135.74,632.47,93.25,107.28,0.3639,-1,-1,-1
306,67,1286.71,558.88,82.17,130.49,1.0000,-1,-1,-1
306,69,548.88,644.39,84.52,117.00,1.0000,-1,-1,-1
306,72,1017.81,305.81,80.53,101.66,0.3242,-1,-1,-1
306,76,1116.57,153.64,81.48,112.28,1.0000,-1,-1,-1
306,79,617.52,784.47,100.37,130.20,0.4023,-1,-1,-1
306,80,981.90,624.56,71.83,125.71,0.3450,-1,-1,-1
307,1,871.68,587.68,83.90,114.27,0.3407,-1,-1,-1
307,3,1000.74,219.80,77.64,97.33,1.0000,-1,-1,-1
307,7,919.74,469.56,90.18,110.89,0.3648,-1,-1,-1
307,8,872.36,740.48,94.01,113.62,1.0000,-1,-1,-1
307,10,1273.98,488.52,90.66,113.58,0.3790,-1,-1,-1
307,14,888.47,758.71,89.16,103.76,1.0000,-1,-1,-1
307,39,1129.58,633.85,93.48,107.67,0.3576,-1,-1,-1
307,67,1298.44,554.52,81.95,130.15,1.0000,-1,-1,-1
307,69,544.64,644.69,82.67,115.65,0.3755,-1,-1,-1
307,72,1007.09,309.16,80.62,101.78,1.0000,-1,-1,-1
307,76,1107.52,153.98,82.14,113.20,1.0000,-1,-1,-1
307,79,611.19,786.66,100.49,129.60,0.3681,-1,-1,-1
307,80,967.08,630.50,71.89,121.23,0.3392,-1,-1,-1
308,1,859.32,589.45,83.44,113.65,1.0000,-1,-1,-1
308,3,1006.31,220.70,77.33,96.95,1.0000,-1,-1,-1
308,7,908.78,471.74,90.26,110.98,1.0000,-1,-1,-1
308,8,873.14,740.12,93.31,112.77,1.0000,-1,-1,-1
308,10,1265.64,490.16,89.54,112.40,0.3064,-1,-1,-1
308,14,884.10,759.89,88.54,103.03,1.0000,-1,-1,-1
308,39,1102.90,636.22,92.12,107.56,0.4272,-1,-1,-1
308,67,1310.18,550.17,81.73,129.80,1.0000,-1,-1,-1
308,69,537.70,643.25,81.98,116.14,0.4018,-1,-1,-1
308,72,996.36,312.52,80.71,101.89,1.0000,-1,-1,-1
308,76,1098.46,154.33,82.81,114.11,1.0000,-1,-1,-1
308,79,609.92,787.76,102.17,131.23,0.3762,-1,-1,-1
308,80,959.19,631.54,73.09,119.70,0.3075,-1,-1,-1
309,1,846.95,591.22,82.99,113.03,1.0000,-1,-1,-1
309,3,1191.90,302.13,75.57,102.64,0.3230,-1,-1,-1
309,7,897.82,473.91,90.34,111.08,1.0000,-1,-1,-1
309,8,873.92,739.76,92.61,111.92,1.0000,-1,-1,-1
309,10,1259.78,491.51,88.21,111.13,0.3591,-1,-1,-1
309,14,879.74,761.08,87.92,102.31,1.0000,-1,-1,-1
309,39,1092.68,639.58,92.87,109.57,0.4316,-1,-1,-1
309,67,1321.91,545.82,81.51,129.46,1.0000,-1,-1,-1
309,69,529.87,645.13,81.39,116.80,0.3303,-1,-1,-1
309,72,985.64,315.87,80.80,102.00,1.0000,-1,-1,-1
309,76,1089.41,154.68,83.47,115.03,1.0000,-1,-1,-1
309,79,611.18,789.69,102.69,133.13,0.3798,-1,-1,-1
309,80,951.09,631.14,75.54,120.07,0.4611,-1,-1,-1
309,88,352.71,825.77,80.42,121.54,0.4098,-1,-1,-1
309,89,1533.17,368.35,74.62,101.23,0.3336,-1,-1,-1
310,1,834.58,592.99,82.53,112.40,1.0000,-1,-1,-1
310,3,1203.69,305.86,75.44,102.46,1.0000,-1,-1,-1
310,7,886.86,476.09,90.41,111.17,1.0000,-1,-1,-1
310,8,874.70,739.40,91.90,111.07,1.0000,-1,-1,-1
310,10,1248.03,494.21,89.43,112.78,0.5204,-1,-1,-1
310,14,875.37,762.26,87.31,101.59,1.0000,-1,-1,-1
310,39,1096.86,641.34,95.87,113.68,0.5091,-1,-1,-1
310,67,1333.65,541.46,81.30,129.11,1.0000,-1,-1,-1
310,69,523.12,645.26,80.71,115.98,0.4029,-1,-1,-1
310,72,976.52,317.73,78.81,104.28,0.3039,-1,-1,-1
310,76,1052.17,169.74,76.09,101.00,0.3633,-1,-1,-1
310,79,602.27,791.12,102.99,133.51,1.0000,-1,-1,-1
310,80,947.60,631.47,76.92,120.32,0.3516,-1,-1,-1
310,88,341.91,823.04,81.95,123.73,0.3187,-1,-1,-1
310,89,1525.44,370.65,73.57,99.80,1.0000,-1,-1,-1
311,1,822.21,594.76,82.07,111.78,1.0000,-1,-1,-1
311,3,1190.51,312.92,73.08,99.99,0.3596,-1,-1,-1
311,7,875.90,478.26,90.49,111.26,1.0000,-1,-1,-1
311,8,875.49,739.04,91.20,110.22,1.0000,-1,-1,-1
311,10,1236.54,496.18,89.47,112.10,0.3915,-1,-1,-1
311,14,871.00,763.44,86.69,100.86,1.0000,-1,-1,-1
311,39,1098.57,642.13,95.18,113.90,0.3938,-1,-1,-1
311,67,1345.39,537.11,81.08,128.77,1.0000,-1,-1,-1
311,69,517.83,646.50,79.98,114.68,0.3245,-1,-1,-1
311,72,965.77,320.93,79.07,104.63,1.0000,-1,-1,-1
311,76,1049.05,170.62,77.05,101.46,0.3894,-1,-1,-1
311,79,593.37,792.55,103.28,133.89,1.0000,-1,-1,-1
311,80,938.57,632.38,76.33,119.41,1.0000,-1,-1,-1
311,88,334.82,820.68,83.05,125.08,0.3334,-1,-1,-1
311,89,1517.72,372.96,72.51,98.38,1.0000,-1,-1,-1
312,1,809.84,596.53,81.62,111.16,1.0000,-1,-1,-1
312,3,1199.42,317.03,72.76,99.55,1.0000,-1,-1,-1
312,7,865.16,481.54,89.57,110.15,0.4024,-1,-1,-1
312,8,876.27,738.69,90.50,109.36,1.0000,-1,-1,-1
312,10,1227.81,499.62,87.87,109.84,0.4205,-1,-1,-1
312,14,866.63,764.63,86.07,100.14,1.0000,-1,-1,-1
312,39,1092.22,643.48,94.92,114.03,0.4351,-1,-1,-1
312,67,1357.12,532.76,80.86,128.42,1.0000,-1,-1,-1
312,69,512.96,645.82,80.44,114.37,0.4438,-1,-1,-1
312,72,955.02,324.12,79.33,104.97,1.0000,-1,-1,-1
312,76,1040.60,169.05,80.17,104.27,0.3679,-1,-1,-1
312,79,592.78,793.27,96.66,125.15,0.3230,-1,-1,-1
312,80,935.42,624.31,79.24,120.46,0.3344,-1,-1,-1
312,88,332.04,819.43,83.74,125.84,0.4247,-1,-1,-1
312,89,1510.00,375.27,71.46,96.95,1.0000,-1,-1,-1
313,1,813.51,594.01,84.42,116.74,0.3222,-1,-1,-1
313,3,1208.32,321.15,72.44,99.11,1.0000,-1,-1,-1
313,7,860.02,485.34,90.38,112.82,0.4414,-1,-1,-1
313,8,877.05,738.33,89.79,108.51,1.0000,-1,-1,-1
313,10,1216.24,499.21,90.09,110.73,0.4100,-1,-1,-1
313,14,862.26,765.81,85.45,99.42,1.0000,-1,-1,-1
313,39,1084.39,643.34,93.31,112.30,0.3796,-1,-1,-1
313,67,1368.86,528.41,80.64,128.08,1.0000,-1,-1,-1
313,69,505.63,646.11,80.20,114.03,1.0000,-1,-1,-1
313,72,944.27,327.31,79.60,105.32,1.0000,-1,-1,-1
313,76,1030.95,170.47,81.25,103.48,0.3363,-1,-1,-1
313,79,584.75,794.62,96.22,124.58,1.0000,-1,-1,-1
313,80,928.08,624.96,82.98,124.54,0.3151,-1,-1,-1
313,88,325.99,819.04,83.94,126.14,1.0000,-1,-1,-1
313,89,1502.28,377.57,70.41,95.52,1.0000,-1,-1,-1
313,95,1662.11,89.87,75.57,85.94,0.3664,-1,-1,-1
314,1,807.80,595.63,81.55,113.36,0.4665,-1,-1,-1
314,3,1217.23,325.26,72.12,98.68,1.0000,-1,-1,-1
314,7,859.31,489.25,89.16,112.18,0.4014,-1,-1,-1
314,8,877.83,737.97,89.09,107.66,1.0000,-1,-1,-1
314,10,1207.15,499.49,91.99,111.54,0.4192,-1,-1,-1
314,14,857.89,767.00,84.84,98.69,1.0000,-1,-1,-1
314,39,1078.30,644.81,94.49,114.44,0.4918,-1,-1,-1
314,67,1380.60,524.05,80.43,127.73,1.0000,-1,-1,-1
314,69,503.20,649.58,78.78,112.08,0.3381,-1,-1,-1
314,72,933.51,330.50,79.86,105.67,1.0000,-1,-1,-1
314,76,1025.52,172.19,82.10,102.86,0.4290,-1,-1,-1
314,79,576.73,795.98,95.78,124.00,1.0000,-1,-1,-1
314,80,918.21,625.65,84.98,126.26,0.4606,-1,-1,-1
314,88,326.78,818.50,83.67,125.78,0.3953,-1,-1,-1
314,89,1494.55,379.88,69.35,94.09,1.0000,-1,-1,-1
314,95,1654.32,90.85,75.25,85.83,0.3914,-1,-1,-1
315,1,796.06,598.15,82.12,114.03,0.3849,-1,-1,-1
315,3,1226.14,329.37,71.80,98.24,1.0000,-1,-1,-1
315,7,850.98,495.54,88.13,110.68,0.3171,-1,-1,-1
315,8,878.62,737.61,88.39,106.81,1.0000,-1,-1,-1
315,10,1196.90,499.72,93.11,111.99,0.4215,-1,-1,-1
315,14,853.52,768.18,84.22,97.97,1.0000,-1,-1,-1
315,39,1068.63,647.64,94.79,114.86,0.4429,-1,-1,-1
315,67,1392.33,519.70,80.21,127.39,1.0000,-1,-1,-1
315,69,496.40,650.22,78.42,111.57,1.0000,-1,-1,-1
315,72,948.81,337.76,72.56,95.56,0.3939,-1,-1,-1
315,76,1023.25,174.34,81.91,103.24,0.4648,-1,-1,-1
315,79,572.03,801.10,101.18,132.36,0.3799,-1,-1,-1
315,80,911.44,628.45,83.94,124.58,0.4305,-1,-1,-1
315,88,321.12,819.67,81.84,122.42,0.4380,-1,-1,-1
315,89,1448.21,386.64,78.79,106.04,0.3191,-1,-1,-1
315,95,1640.32,93.49,76.23,87.10,0.3836,-1,-1,-1
316,1,783.63,599.47,84.48,116.87,0.3491,-1,-1,-1
316,3,1235.05,333.49,71.48,97.81,1.0000,-1,-1,-1
316,7,841.67,498.52,88.12,110.67,1.0000,-1,-1,-1
316,8,879.40,737.26,87.68,105.96,1.0000,-1,-1,-1
316,10,1187.89,499.75,94.47,113.52,0.3804,-1,-1,-1
316,14,849.16,769.36,83.60,97.25,1.0000,-1,-1,-1
316,39,1063.47,648.77,94.14,113.43,0.5150,-1,-1,-1
316,67,1456.12,276.44,69.46,104.35,0.4524,-1,-1,-1
316,69,496.30,649.39,79.34,112.22,0.3644,-1,-1,-1
316,72,944.32,340.83,73.52,96.05,0.3959,-1,-1,-1
316,76,1019.46,176.28,81.27,101.80,0.4032,-1,-1,-1
316,79,567.88,803.16,100.94,132.34,0.5061,-1,-1,-1
316,80,908.00,628.59,84.55,124.92,0.4402,-1,-1,-1
316,88,310.72,817.71,83.71,122.49,0.3210,-1,-1,-1
316,89,1435.97,389.47,78.90,106.18,1.0000,-1,-1,-1
316,95,1633.23,94.80,76.62,87.61,0.3610,-1,-1,-1
317,1,775.55,601.68,85.21,117.08,0.4463,-1,-1,-1
317,3,1243.96,337.60,71.16,97.37,1.0000,-1,-1,-1
317,7,842.33,497.83,84.65,106.47,0.3194,-1,-1,-1
317,8,690.52,739.30,108.12,131.27,0.3442,-1,-1,-1
317,10,1178.30,500.84,94.49,113.54,1.0000,-1,-1,-1
317,14,844.79,770.55,82.98,96.53,1.0000,-1,-1,-1
317,39,1060.54,652.19,91.65,109.81,0.4985,-1,-1,-1
317,67,1456.44,274.18,71.04,103.16,0.3999,-1,-1,-1
317,69,491.94,650.55,79.69,112.18,0.3016,-1,-1,-1
317,72,937.80,344.80,74.31,96.41,0.3412,-1,-1,-1
317,76,1006.37,188.25,74.02,91.80,0.3522,-1,-1,-1
317,79,564.97,805.09,100.89,132.21,0.5588,-1,-1,-1
317,80,906.65,629.33,84.58,125.14,0.5064,-1,-1,-1
317,88,313.42,818.82,83.54,121.90,0.4562,-1,-1,-1
317,89,1423.74,392.30,79.00,106.33,1.0000,-1,-1,-1
317,95,1630.00,97.43,75.56,86.85,0.4010,-1,-1,-1
318,1,769.54,604.19,85.19,116.16,0.4926,-1,-1,-1
318,3,1252.87,341.72,70.84,96.93,1.0000,-1,-1,-1
318,7,834.07,500.42,84.29,106.01,1.0000,-1,-1,-1
318,8,682.57,739.05,108.41,131.62,1.0000,-1,-1,-1
318,10,1174.50,502.71,93.07,113.23,0.3164,-1,-1,-1
318,14,840.42,771.73,82.36,95.80,1.0000,-1,-1,-1
318,39,1057.86,654.57,89.70,107.31,0.4743,-1,-1,-1
318,67,1454.34,274.89,73.89,105.58,0.3635,-1,-1,-1
318,69,490.69,652.01,80.41,113.67,0.4086,-1,-1,-1
318,72,930.12,348.37,74.01,96.02,1.0000,-1,-1,-1
318,76,1010.18,184.71,78.99,96.63,0.5031,-1,-1,-1
318,79,560.85,807.69,100.57,129.85,0.4776,-1,-1,-1
318,80,904.18,630.14,84.98,125.38,0.4948,-1,-1,-1
318,88,312.60,818.31,84.85,123.61,0.4305,-1,-1,-1
318,89,1411.50,395.13,79.11,106.48,1.0000,-1,-1,-1
318,95,1625.45,98.51,74.81,86.82,0.3516,-1,-1,-1
318,99,1164.97,342.11,68.12,94.27,0.3787,-1,-1,-1
319,1,765.86,607.40,84.29,114.02,0.5214,-1,-1,-1
319,3,1261.77,345.83,70.52,96.50,1.0000,-1,-1,-1
319,7,818.36,502.55,83.81,107.97,0.3990,-1,-1,-1
319,8,680.00,736.68,107.81,134.47,0.3090,-1,-1,-1
319,10,1169.26,505.81,90.63,111.37,0.3269,-1,-1,-1
319,14,1028.07,659.58,94.14,104.98,0.3064,-1,-1,-1
319,39,1058.42,655.35,86.97,104.10,0.3986,-1,-1,-1
319,67,1449.88,276.57,75.87,108.17,0.4307,-1,-1,-1
319,69,485.36,652.67,80.31,113.53,1.0000,-1,-1,-1
319,72,922.44,351.93,73.71,95.63,1.0000,-1,-1,-1
319,76,1005.00,189.61,76.55,92.88,0.3778,-1,-1,-1
319,79,551.85,809.29,102.05,129.29,0.3721,-1,-1,-1
319,80,902.86,631.69,84.40,124.25,0.4315,-1,-1,-1
319,88,312.73,818.45,85.18,124.24,0.3987,-1,-1,-1
319,89,1399.26,397.96,79.22,106.62,1.0000,-1,-1,-1
319,95,1618.96,100.71,74.18,87.14,0.3453,-1,-1,-1
319,99,1159.12,346.42,69.55,96.28,0.4546,-1,-1,-1
320,1,760.72,610.91,83.47,112.52,0.5036,-1,-1,-1
320,3,1270.68,349.94,70.20,96.06,1.0000,-1,-1,-1
320,7,809.17,505.09,83.66,107.78,1.0000,-1,-1,-1
320,8,672.41,736.24,108.27,135.05,1.0000,-1,-1,-1
320,10,1160.57,507.19,90.47,111.16,1.0000,-1,-1,-1
320,14,1029.88,657.15,93.78,104.58,1.0000,-1,-1,-1
320,39,1052.26,657.02,86.29,103.29,1.0000,-1,-1,-1
320,67,1447.42,285.72,73.03,102.80,0.3338,-1,-1,-1
320,69,480.03,653.33,80.21,113.40,1.0000,-1,-1,-1
320,72,914.77,355.50,73.42,95.25,1.0000,-1,-1,-1
320,76,1003.65,196.51,74.09,89.42,0.3593,-1,-1,-1
320,79,545.18,811.15,102.00,129.23,1.0000,-1,-1,-1
320,80,899.73,634.64,84.56,124.06,0.4542,-1,-1,-1
320,88,311.25,819.57,85.46,124.00,0.4516,-1,-1,-1
320,89,1387.03,400.79,79.33,106.77,1.0000,-1,-1,-1
320,95,1612.33,102.39,74.32,87.30,1.0000,-1,-1,-1
320,99,1159.73,351.27,69.65,96.43,0.3449,-1,-1,-1
321,1,756.22,613.70,83.24,112.91,0.5006,-1,-1,-1
321,3,1279.59,354.06,69.88,95.62,1.0000,-1,-1,-1
321,7,799.99,507.63,83.51,107.58,1.0000,-1,-1,-1
321,8,664.82,735.81,108.73,135.62,1.0000,-1,-1,-1
321,10,1169.71,513.10,93.00,114.67,0.3296,-1,-1,-1
321,14,1025.50,660.99,93.67,104.30,0.3309,-1,-1,-1
321,39,1046.09,658.69,85.62,102.48,1.0000,-1,-1,-1
321,67,1454.03,279.21,72.34,101.83,1.0000,-1,-1,-1
321,69,486.23,657.02,78.53,111.49,0.3046,-1,-1,-1
321,72,907.09,359.07,73.12,94.86,1.0000,-1,-1,-1
321,76,1003.27,195.41,77.40,92.84,0.4108,-1,-1,-1
321,79,538.52,813.00,101.95,129.16,1.0000,-1,-1,-1
321,80,898.38,636.85,83.91,122.87,0.3729,-1,-1,-1
321,88,311.69,819.83,85.42,123.72,0.4259,-1,-1,-1
321,89,1374.79,403.63,79.44,106.92,1.0000,-1,-1,-1
321,95,1605.69,104.06,74.45,87.46,1.0000,-1,-1,-1
321,99,1158.96,353.43,69.53,96.02,0.3381,-1,-1,-1
321,106,59.97,897.39,108.03,133.43,0.3041,-1,-1,-1
322,1,756.51,616.50,83.25,112.94,0.4088,-1,-1,-1
322,3,1288.50,358.17,69.56,95.19,1.0000,-1,-1,-1
322,7,790.80,510.17,83.36,107.39,1.0000,-1,-1,-1
322,8,657.23,735.37,109.20,136.20,1.0000,-1,-1,-1
322,10,1172.66,516.43,91.25,113.37,0.3087,-1,-1,-1
322,14,1036.23,661.68,95.12,106.69,0.3387,-1,-1,-1
322,39,1039.93,660.36,84.94,101.67,1.0000,-1,-1,-1
322,67,1460.64,272.69,71.65,100.86,1.0000,-1,-1,-1
322,69,490.35,655.26,78.70,111.11,0.3068,-1,-1,-1
322,72,899.42,362.64,72.82,94.47,1.0000,-1,-1,-1
322,76,1002.49,194.08,79.43,95.43,0.3848,-1,-1,-1
322,79,531.85,814.86,101.89,129.10,1.0000,-1,-1,-1
322,80,893.36,637.81,83.74,122.62,1.0000,-1,-1,-1
322,88,311.56,819.51,85.61,123.63,0.3665,-1,-1,-1
322,89,1362.56,406.46,79.55,107.06,1.0000,-1,-1,-1
322,95,1599.06,105.74,74.59,87.62,1.0000,-1,-1,-1
322,99,1157.00,357.74,68.75,94.25,0.4546,-1,-1,-1
322,106,59.92,898.57,107.86,133.22,0.3370,-1,-1,-1
323,1,756.47,618.77,84.26,114.69,0.3526,-1,-1,-1
323,3,1297.41,362.28,69.24,94.75,1.0000,-1,-1,-1
323,7,781.62,512.71,83.21,107.19,1.0000,-1,-1,-1
323,8,649.64,734.93,109.66,136.78,1.0000,-1,-1,-1
323,10,1170.63,519.79,91.30,114.25,0.3403,-1,-1,-1
323,14,1027.04,664.92,97.09,110.59,0.3397,-1,-1,-1
323,39,1033.77,662.03,84.26,100.86,1.0000,-1,-1,-1
323,67,1467.24,266.18,70.96,99.89,1.0000,-1,-1,-1
323,69,487.98,655.87,79.26,112.55,0.3846,-1,-1,-1
323,72,918.78,360.49,72.08,93.20,0.3723,-1,-1,-1
323,76,999.96,194.63,80.60,96.67,0.4200,-1,-1,-1
323,79,525.18,816.72,101.84,129.04,1.0000,-1,-1,-1
323,80,897.88,639.99,83.12,121.39,0.3618,-1,-1,-1
323,88,312.77,820.19,85.33,122.87,0.3954,-1,-1,-1
323,89,1389.18,414.13,74.19,98.62,0.3228,-1,-1,-1
323,95,1592.43,107.42,74.73,87.78,1.0000,-1,-1,-1
323,99,1154.61,360.85,69.34,94.26,0.4936,-1,-1,-1
323,106,60.22,898.53,107.41,132.73,0.3881,-1,-1,-1
324,1,755.58,619.57,85.21,116.73,0.3931,-1,-1,-1
324,3,1306.31,366.40,68.91,94.32,1.0000,-1,-1,-1
324,7,772.43,515.26,83.06,107.00,1.0000,-1,-1,-1
324,8,642.05,734.49,110.12,137.35,1.0000,-1,-1,-1
324,10,1165.18,521.95,91.39,114.37,1.0000,-1,-1,-1
324,14,1026.10,666.44,98.62,112.34,0.3339,-1,-1,-1
324,39,1027.61,663.70,83.59,100.05,1.0000,-1,-1,-1
324,67,1473.85,259.67,70.28,98.92,1.0000,-1,-1,-1
324,69,488.00,655.95,79.19,113.72,0.4027,-1,-1,-1
324,72,913.56,363.53,71.71,92.73,1.0000,-1,-1,-1
324,76,995.97,192.91,82.02,99.07,0.4850,-1,-1,-1
324,79,518.51,818.58,101.79,128.97,1.0000,-1,-1,-1
324,80,893.90,641.08,82.87,121.03,1.0000,-1,-1,-1
324,88,310.63,820.21,85.25,122.77,1.0000,-1,-1,-1
324,89,1380.03,417.34,73.79,98.10,1.0000,-1,-1,-1
324,95,1585.79,109.10,74.87,87.95,1.0000,-1,-1,-1
324,99,1151.88,361.05,71.45,96.78,0.4734,-1,-1,-1
324,106,60.64,898.79,107.38,132.68,1.0000,-1,-1,-1
325,1,753.12,622.41,84.29,116.89,0.3796,-1,-1,-1
325,3,1315.22,370.51,68.59,93.88,1.0000,-1,-1,-1
325,7,763.25,517.80,82.91,106.80,1.0000,-1,-1,-1
325,8,634.46,734.05,110.58,137.93,1.0000,-1,-1,-1
325,10,1159.74,524.11,91.49,114.49,1.0000,-1,-1,-1
325,14,1026.60,665.97,99.20,113.00,1.0000,-1,-1,-1
325,39,1021.45,665.37,82.91,99.23,1.0000,-1,-1,-1
325,67,1480.46,253.16,69.59,97.96,1.0000,-1,-1,-1
325,69,488.61,655.84,78.24,113.53,0.4680,-1,-1,-1
325,72,908.35,366.58,71.35,92.26,1.0000,-1,-1,-1
325,76,991.69,194.20,82.22,99.31,1.0000,-1,-1,-1
325,79,511.84,820.43,101.74,128.91,1.0000,-1,-1,-1
325,80,889.92,642.17,82.63,120.67,1.0000,-1,-1,-1
325,88,308.49,820.23,85.18,122.67,1.0000,-1,-1,-1
325,89,1370.89,420.55,73.39,97.57,1.0000,-1,-1,-1
325,95,1579.16,110.78,75.00,88.11,1.0000,-1,-1,-1
325,99,1150.23,364.07,71.26,96.52,1.0000,-1,-1,-1
325,106,61.06,899.06,107.34,132.64,1.0000,-1,-1,-1
326,1,747.49,624.55,84.43,117.07,1.0000,-1,-1,-1
326,3,1324.13,374.63,68.27,93.44,1.0000,-1,-1,-1
326,7,754.06,520.34,82.76,106.60,1.0000,-1,-1,-1
326,8,626.87,733.61,111.04,138.51,1.0000,-1,-1,-1
326,10,1154.29,526.27,91.59,114.61,1.0000,-1,-1,-1
326,14,1027.10,665.51,99.77,113.65,1.0000,-1,-1,-1
326,39,1015.28,667.04,82.24,98.42,1.0000,-1,-1,-1
326,67,1487.07,246.65,68.90,96.99,1.0000,-1,-1,-1
326,69,490.24,655.85,76.70,112.00,0.4342,-1,-1,-1
326,72,903.13,369.63,70.99,91.80,1.0000,-1,-1,-1
326,76,987.41,195.49,82.42,99.54,1.0000,-1,-1,-1
326,79,505.17,822.29,101.69,128.84,1.0000,-1,-1,-1
326,80,885.94,643.26,82.39,120.32,1.0000,-1,-1,-1
326,88,306.35,820.25,85.11,122.56,1.0000,-1,-1,-1
326,89,1361.74,423.76,73.00,97.04,1.0000,-1,-1,-1
326,95,1572.52,112.46,75.14,88.27,1.0000,-1,-1,-1
326,99,1148.59,367.09,71.07,96.26,1.0000,-1,-1,-1
326,106,61.48,899.32,107.31,132.60,1.0000,-1,-1,-1
327,1,741.86,626.69,84.56,117.25,1.0000,-1,-1,-1
327,3,1422.17,315.37,74.70,103.45,0.3532,-1,-1,-1
327,7,744.88,522.88,82.61,106.41,1.0000,-1,-1,-1
327,8,619.28,733.17,111.51,139.08,1.0000,-1,-1,-1
327,10,1160.89,524.37,90.60,115.16,0.3451,-1,-1,-1
327,14,1027.60,665.04,100.35,114.30,1.0000,-1,-1,-1
327,39,1009.12,668.71,81.56,97.61,1.0000,-1,-1,-1
327,67,1493.67,240.14,68.21,96.02,1.0000,-1,-1,-1
327,69,490.93,656.19,76.39,111.96,0.4556,-1,-1,-1
327,72,897.92,372.68,70.63,91.33,1.0000,-1,-1,-1
327,76,994.46,197.87,82.99,100.30,0.4270,-1,-1,-1
327,79,498.50,824.15,101.64,128.78,1.0000,-1,-1,-1
327,80,881.96,644.35,82.14,119.96,1.0000,-1,-1,-1
327,88,304.21,820.28,85.04,122.46,1.0000,-1,-1,-1
327,89,1344.55,426.59,74.31,98.33,0.3224,-1,-1,-1
327,95,1565.89,114.13,75.28,88.43,1.0000,-1,-1,-1
327,99,1140.19,364.49,76.33,102.27,0.3894,-1,-1,-1
327,106,64.94,903.32,103.45,128.03,0.3088,-1,-1,-1
328,1,736.24,628.82,84.69,117.43,1.0000,-1,-1,-1
328,3,1425.74,316.73,73.30,102.50,0.3353,-1,-1,-1
328,7,796.74,526.09,85.18,108.90,0.3881,-1,-1,-1
328,8,611.69,732.74,111.97,139.66,1.0000,-1,-1,-1
328,10,1156.51,526.15,90.73,115.32,1.0000,-1,-1,-1
328,14,1032.66,671.67,95.81,110.46,0.3035,-1,-1,-1
328,39,1002.96,670.38,80.89,96.80,1.0000,-1,-1,-1
328,67,1500.28,233.62,67.53,95.05,1.0000,-1,-1,-1
328,69,490.84,657.71,75.62,111.17,0.4038,-1,-1,-1
328,72,892.71,375.73,70.27,90.86,1.0000,-1,-1,-1
328,76,995.93,198.93,83.44,100.81,0.3602,-1,-1,-1
328,79,491.83,826.00,101.59,128.71,1.0000,-1,-1,-1
328,80,877.98,645.44,81.90,119.61,1.0000,-1,-1,-1
328,88,302.07,820.30,84.97,122.36,1.0000,-1,-1,-1
328,89,1334.63,429.76,74.04,97.99,1.0000,-1,-1,-1
328,95,1559.26,115.81,75.42,88.59,1.0000,-1,-1,-1
328,99,1139.56,366.06,76.94,102.18,0.3323,-1,-1,-1
328,106,65.72,904.04,102.97,127.43,1.0000,-1,-1,-1
329,1,730.61,630.96,84.82,117.62,1.0000,-1,-1,-1
329,3,1424.15,318.47,73.01,103.40,0.3398,-1,-1,-1
329,7,793.05,528.42,85.41,110.59,0.3183,-1,-1,-1
329,8,604.10,732.30,112.43,140.24,1.0000,-1,-1,-1
329,10,1152.13,527.93,90.86,115.48,1.0000,-1,-1,-1
329,14,1033.36,673.90,94.72,109.89,0.3323,-1,-1,-1
329,39,996.80,672.05,80.21,95.99,1.0000,-1,-1,-1
329,67,1506.89,227.11,66.84,94.08,1.0000,-1,-1,-1
329,69,491.85,659.61,74.58,109.90,0.4023,-1,-1,-1
329,72,887.49,378.78,69.91,90.39,1.0000,-1,-1,-1
329,76,998.80,201.32,82.26,99.60,0.3553,-1,-1,-1
329,79,485.16,827.86,101.54,128.65,1.0000,-1,-1,-1
329,80,873.99,646.53,81.66,119.25,1.0000,-1,-1,-1
329,88,299.93,820.32,84.89,122.25,1.0000,-1,-1,-1
329,89,1333.64,432.53,77.79,104.23,0.3157,-1,-1,-1
329,95,1552.62,117.49,75.56,88.76,1.0000,-1,-1,-1
329,99,1137.43,368.36,77.22,102.57,1.0000,-1,-1,-1
329,106,70.17,903.82,102.23,126.36,0.3220,-1,-1,-1
330,1,724.98,633.10,84.95,117.80,1.0000,-1,-1,-1
330,3,1435.60,319.16,73.11,103.55,1.0000,-1,-1,-1
330,7,786.85,533.15,84.88,111.20,0.3326,-1,-1,-1
330,8,596.51,731.86,112.89,140.82,1.0000,-1,-1,-1
330,10,1153.84,533.40,87.85,111.39,0.3859,-1,-1,-1
330,14,1031.99,676.62,93.52,108.84,0.3697,-1,-1,-1
330,39,990.64,673.72,79.54,95.18,1.0000,-1,-1,-1
330,67,1513.49,220.60,66.15,93.12,1.0000,-1,-1,-1
330,69,493.41,661.70,74.09,109.87,0.4043,-1,-1,-1
330,72,882.28,381.83,69.54,89.92,1.0000,-1,-1,-1
330,76,997.67,204.85,80.91,98.19,0.3199,-1,-1,-1
330,79,478.49,829.72,101.49,128.58,1.0000,-1,-1,-1
330,80,870.01,647.62,81.41,118.90,1.0000,-1,-1,-1
330,88,297.79,820.35,84.82,122.15,1.0000,-1,-1,-1
330,89,1329.04,437.51,75.67,103.92,0.3523,-1,-1,-1
330,95,1545.99,119.17,75.69,88.92,1.0000,-1,-1,-1
330,99,1135.08,374.33,80.40,107.47,0.3592,-1,-1,-1
330,106,74.21,904.14,101.62,125.81,0.3339,-1,-1,-1
331,1,719.36,635.23,85.09,117.98,1.0000,-1,-1,-1
331,3,1447.05,319.85,73.21,103.70,1.0000,-1,-1,-1
331,7,785.36,540.62,80.70,105.33,0.3072,-1,-1,-1
331,8,588.92,731.42,113.35,141.39,1.0000,-1,-1,-1
331,10,1146.39,534.66,88.85,110.73,0.3155,-1,-1,-1
331,14,1032.56,677.31,93.52,108.84,1.0000,-1,-1,-1
331,39,984.47,675.39,78.86,94.37,1.0000,-1,-1,-1
331,67,1520.10,214.09,65.47,92.15,1.0000,-1,-1,-1
331,69,493.89,662.47,73.68,109.74,0.3401,-1,-1,-1
331,72,895.36,383.89,72.43,91.64,0.3374,-1,-1,-1
331,76,995.63,206.54,80.89,98.17,1.0000,-1,-1,-1
331,79,471.82,831.58,101.44,128.52,1.0000,-1,-1,-1
331,80,866.03,648.71,81.17,118.54,1.0000,-1,-1,-1
331,88,295.65,820.37,84.75,122.05,1.0000,-1,-1,-1
331,89,1320.39,440.84,75.88,104.21,1.0000,-1,-1,-1
331,95,1539.36,120.85,75.83,89.08,1.0000,-1,-1,-1
331,99,1134.10,376.50,82.09,109.84,0.3727,-1,-1,-1
331,106,75.78,904.71,101.10,125.17,1.0000,-1,-1,-1
332,1,713.73,637.37,85.22,118.16,1.0000,-1,-1,-1
332,3,1458.50,320.53,73.32,103.85,1.0000,-1,-1,-1
332,7,780.95,543.92,80.36,104.89,1.0000,-1,-1,-1
332,8,581.33,730.98,113.82,141.97,1.0000,-1,-1,-1
332,10,1145.29,539.70,87.49,108.37,0.3577,-1,-1,-1
332,14,1033.13,678.00,93.53,108.84,1.0000,-1,-1,-1
332,39,978.31,677.06,78.18,93.56,1.0000,-1,-1,-1
332,67,1526.71,207.58,64.78,91.18,1.0000,-1,-1,-1
332,69,493.00,663.34,73.49,109.45,1.0000,-1,-1,-1
332,72,891.66,386.86,72.20,91.34,1.0000,-1,-1,-1
332,76,993.59,208.23,80.88,98.15,1.0000,-1,-1,-1
332,79,465.15,833.43,101.39,128.46,1.0000,-1,-1,-1
332,80,862.05,649.80,80.93,118.19,1.0000,-1,-1,-1
332,88,293.51,820.39,84.68,121.94,1.0000,-1,-1,-1
332,89,1311.75,444.16,76.09,104.50,1.0000,-1,-1,-1
332,95,1532.72,122.52,75.97,89.24,1.0000,-1,-1,-1
332,99,1136.43,377.74,80.94,108.45,0.3549,-1,-1,-1
332,106,79.45,904.73,101.42,125.41,0.3243,-1,-1,-1
333,1,708.10,639.51,85.35,118.35,1.0000,-1,-1,-1
333,3,1469.96,321.22,73.42,104.01,1.0000,-1,-1,-1
333,7,776.54,547.21,80.02,104.45,1.0000,-1,-1,-1
333,8,573.74,730.54,114.28,142.55,1.0000,-1,-1,-1
333,10,1143.01,543.97,85.11,104.71,0.3639,-1,-1,-1
333,14,1033.70,678.70,93.53,108.84,1.0000,-1,-1,-1
333,39,972.15,678.73,77.51,92.75,1.0000,-1,-1,-1
333,67,1533.31,201.06,64.09,90.21,1.0000,-1,-1,-1
333,69,494.21,663.45,74.78,112.03,0.3009,-1,-1,-1
333,72,887.96,389.83,71.97,91.05,1.0000,-1,-1,-1
333,76,991.54,209.92,80.86,98.14,1.0000,-1,-1,-1
333,79,458.48,835.29,101.34,128.39,1.0000,-1,-1,-1
333,80,902.25,646.63,83.87,120.97,0.3078,-1,-1,-1
333,88,327.26,828.64,81.67,119.78,0.3488,-1,-1,-1
333,89,1323.13,443.58,73.77,99.92,0.3075,-1,-1,-1
333,95,1526.09,124.20,76.11,89.40,1.0000,-1,-1,-1
333,99,1139.98,381.85,78.67,104.91,0.4361,-1,-1,-1
333,106,80.94,904.76,101.95,126.18,0.3502,-1,-1,-1
334,1,702.48,641.65,85.48,118.53,1.0000,-1,-1,-1
334,3,1481.41,321.91,73.52,104.16,1.0000,-1,-1,-1
334,7,772.13,550.51,79.69,104.01,1.0000,-1,-1,-1
334,8,566.15,730.10,114.74,143.12,1.0000,-1,-1,-1
334,10,1139.48,546.57,84.39,103.82,1.0000,-1,-1,-1
334,14,1034.27,679.39,93.54,108.84,1.0000,-1,-1,-1
334,39,965.99,680.40,76.83,91.93,1.0000,-1,-1,-1
334,67,1539.92,194.55,63.40,89.24,1.0000,-1,-1,-1
334,69,493.52,664.23,74.79,112.05,1.0000,-1,-1,-1
334,72,884.26,392.80,71.73,90.76,1.0000,-1,-1,-1
334,76,989.50,211.61,80.85,98.12,1.0000,-1,-1,-1
334,79,451.81,837.15,101.29,128.33,1.0000,-1,-1,-1
334,80,901.48,647.41,83.78,120.84,1.0000,-1,-1,-1
334,88,327.64,829.25,81.50,119.53,1.0000,-1,-1,-1
334,89,1316.49,446.52,73.63,99.73,1.0000,-1,-1,-1
334,95,1519.46,125.88,76.24,89.57,1.0000,-1,-1,-1
334,99,1139.21,384.44,78.03,103.86,0.4466,-1,-1,-1
334,106,82.72,905.21,101.64,125.80,1.0000,-1,-1,-1
335,1,728.53,640.17,82.13,113.36,0.3048,-1,-1,-1
335,3,1492.86,322.59,73.63,104.31,1.0000,-1,-1,-1
335,7,767.73,553.80,79.35,103.57,1.0000,-1,-1,-1
335,8,558.56,729.67,115.20,143.70,1.0000,-1,-1,-1
335,10,1135.96,549.17,83.67,102.93,1.0000,-1,-1,-1
335,14,1034.84,680.08,93.54,108.84,1.0000,-1,-1,-1
335,39,959.82,682.08,76.16,91.12,1.0000,-1,-1,-1
335,67,1546.53,188.04,62.72,88.28,1.0000,-1,-1,-1
335,69,501.36,663.89,71.63,108.47,0.3404,-1,-1,-1
335,72,880.56,395.77,71.50,90.46,1.0000,-1,-1,-1
335,76,987.46,213.31,80.84,98.10,1.0000,-1,-1,-1
335,79,445.14,839.00,101.23,128.26,1.0000,-1,-1,-1
335,80,900.71,648.20,83.69,120.71,1.0000,-1,-1,-1
335,88,330.16,828.87,80.51,119.69,0.3498,-1,-1,-1
335,89,1309.84,449.47,73.49,99.55,1.0000,-1,-1,-1
335,95,1512.82,127.56,76.38,89.73,1.0000,-1,-1,-1
335,99,1138.17,387.08,78.17,104.04,1.0000,-1,-1,-1
335,106,81.48,904.09,103.93,128.24,0.3835,-1,-1,-1
336,1,725.16,642.05,81.99,113.16,1.0000,-1,-1,-1
336,3,1504.31,323.28,73.73,104.46,1.0000,-1,-1,-1
336,7,763.32,557.10,79.02,103.13,1.0000,-1,-1,-1
336,8,550.97,729.23,115.66,144.28,1.0000,-1,-1,-1
336,10,1132.44,551.77,82.95,102.04,1.0000,-1,-1,-1
336,14,1035.41,680.77,93.55,108.84,1.0000,-1,-1,-1
336,39,953.66,683.75,75.48,90.31,1.0000,-1,-1,-1
336,67,1553.13,181.53,62.03,87.31,1.0000,-1,-1,-1
336,69,500.95,663.79,72.11,110.20,0.3769,-1,-1,-1
336,72,876.87,398.74,71.27,90.17,1.0000,-1,-1,-1
336,76,985.42,215.00,80.82,98.09,1.0000,-1,-1,-1
336,79,438.47,840.86,101.18,128.20,1.0000,-1,-1,-1
336,80,899.95,648.98,83.60,120.58,1.0000,-1,-1,-1
336,88,330.71,829.38,80.37,119.48,1.0000,-1,-1,-1
336,89,1303.20,452.41,73.36,99.36,1.0000,-1,-1,-1
336,95,1506.19,129.24,76.52,89.89,1.0000,-1,-1,-1
336,99,1137.12,389.73,78.30,104.22,1.0000,-1,-1,-1
336,106,82.72,904.49,103.56,127.18,0.3235,-1,-1,-1
337,1,721.79,643.93,81.85,112.97,1.0000,-1,-1,-1
337,3,1581.25,327.96,68.33,95.96,0.3194,-1,-1,-1
337,7,758.91,560.40,78.68,102.69,1.0000,-1,-1,-1
337,8,543.38,728.79,116.13,144.85,1.0000,-1,-1,-1
337,10,1128.92,554.37,82.22,101.15,1.0000,-1,-1,-1
337,14,1035.98,681.47,93.55,108.84,1.0000,-1,-1,-1
337,39,947.50,685.42,74.80,89.50,1.0000,-1,-1,-1
337,67,1559.74,175.02,61.34,86.34,1.0000,-1,-1,-1
337,69,501.11,664.22,72.02,111.13,0.3697,-1,-1,-1
337,72,873.17,401.72,71.04,89.87,1.0000,-1,-1,-1
337,76,983.38,216.69,80.81,98.07,1.0000,-1,-1,-1
337,79,431.80,842.72,101.13,128.13,1.0000,-1,-1,-1
337,80,899.18,649.77,83.51,120.45,1.0000,-1,-1,-1
337,88,331.25,829.89,80.23,119.27,1.0000,-1,-1,-1
337,89,1296.55,455.36,73.22,99.18,1.0000,-1,-1,-1
337,95,1499.55,130.92,76.66,90.05,1.0000,-1,-1,-1
337,99,1136.08,392.38,78.44,104.40,1.0000,-1,-1,-1
337,106,83.19,904.39,103.98,127.06,0.3219,-1,-1,-1
338,1,718.41,645.81,81.70,112.77,1.0000,-1,-1,-1
338,3,1586.15,331.67,67.99,94.32,0.3482,-1,-1,-1
338,7,754.50,563.69,78.34,102.25,1.0000,-1,-1,-1
338,8,535.79,728.35,116.59,145.43,1.0000,-1,-1,-1
338,10,1125.40,556.97,81.50,100.25,1.0000,-1,-1,-1
338,14,1007.21,690.56,97.06,113.37,0.3020,-1,-1,-1
338,39,941.34,687.09,74.13,88.69,1.0000,-1,-1,-1
338,67,1566.35,168.51,60.65,85.37,1.0000,-1,-1,-1
338,69,501.06,664.91,71.28,110.58,0.3922,-1,-1,-1
338,72,869.47,404.69,70.80,89.58,1.0000,-1,-1,-1
338,76,981.34,218.38,80.80,98.05,1.0000,-1,-1,-1
338,79,425.13,844.58,101.08,128.07,1.0000,-1,-1,-1
338,80,898.41,650.55,83.42,120.32,1.0000,-1,-1,-1
338,88,331.79,830.41,80.09,119.06,1.0000,-1,-1,-1
338,89,1283.01,453.77,71.76,101.49,0.3091,-1,-1,-1
338,95,1492.92,132.59,76.80,90.21,1.0000,-1,-1,-1
338,99,1135.03,395.03,78.57,104.58,1.0000,-1,-1,-1
338,106,83.22,903.81,104.78,127.39,0.3489,-1,-1,-1
339,1,715.04,647.69,81.56,112.57,1.0000,-1,-1,-1
339,3,1601.55,332.95,67.52,93.68,1.0000,-1,-1,-1
339,7,750.10,566.99,78.01,101.81,1.0000,-1,-1,-1
339,8,528.20,727.91,117.05,146.01,1.0000,-1,-1,-1
339,10,1121.87,559.57,80.78,99.36,1.0000,-1,-1,-1
339,14,1005.43,691.92,97.37,113.74,1.0000,-1,-1,-1
339,39,935.18,688.76,73.45,87.88,1.0000,-1,-1,-1
339,67,1572.95,161.99,59.97,84.40,1.0000,-1,-1,-1
339,69,500.85,665.60,71.22,110.88,0.4300,-1,-1,-1
339,72,865.77,407.66,70.57,89.28,1.0000,-1,-1,-1
339,76,979.30,220.07,80.78,98.04,1.0000,-1,-1,-1
339,79,532.82,832.94,101.90,128.79,0.3549,-1,-1,-1
339,80,897.64,651.33,83.33,120.19,1.0000,-1,-1,-1
339,88,332.34,830.92,79.94,118.85,1.0000,-1,-1,-1
339,89,1279.66,454.87,71.50,104.97,0.3699,-1,-1,-1
339,95,1486.29,134.27,76.93,90.37,1.0000,-1,-1,-1
339,99,1133.99,397.68,78.71,104.76,1.0000,-1,-1,-1
339,106,83.66,903.85,105.13,127.33,0.3344,-1,-1,-1
340,1,711.67,649.57,81.42,112.38,1.0000,-1,-1,-1
340,3,1616.96,334.23,67.06,93.04,1.0000,-1,-1,-1
340,7,745.69,570.28,77.67,101.37,1.0000,-1,-1,-1
340,8,520.61,727.47,117.51,146.59,1.0000,-1,-1,-1
340,10,1118.35,562.17,80.06,98.47,1.0000,-1,-1,-1
340,14,1003.66,693.28,97.68,114.10,1.0000,-1,-1,-1
340,39,929.02,690.43,72.78,87.07,1.0000,-1,-1,-1
340,67,1579.56,155.48,59.28,83.44,1.0000,-1,-1,-1
340,69,501.99,665.80,71.69,112.40,0.3680,-1,-1,-1
340,72,862.07,410.63,70.34,88.99,1.0000,-1,-1,-1
340,76,977.26,221.76,80.77,98.02,1.0000,-1,-1,-1
340,79,531.81,834.13,101.88,128.76,1.0000,-1,-1,-1
340,80,896.87,652.12,83.24,120.06,1.0000,-1,-1,-1
340,88,332.88,831.44,79.80,118.64,1.0000,-1,-1,-1
340,89,1272.52,457.25,71.76,105.36,1.0000,-1,-1,-1
340,95,1479.65,135.95,77.07,90.54,1.0000,-1,-1,-1
340,99,1132.94,400.32,78.84,104.94,1.0000,-1,-1,-1
340,106,84.85,903.99,105.04,127.22,1.0000,-1,-1,-1
341,1,708.29,651.46,81.28,112.18,1.0000,-1,-1,-1
341,3,1632.36,335.51,66.60,92.41,1.0000,-1,-1,-1
341,7,753.90,552.70,77.64,102.43,0.3470,-1,-1,-1
341,8,513.02,727.03,117.98,147.16,1.0000,-1,-1,-1
341,10,1114.83,564.77,79.33,97.58,1.0000,-1,-1,-1
341,14,1001.89,694.64,97.99,114.46,1.0000,-1,-1,-1
341,39,922.85,692.10,72.10,86.26,1.0000,-1,-1,-1
341,67,1586.17,148.97,58.59,82.47,1.0000,-1,-1,-1
341,69,502.23,666.08,71.40,112.46,0.4214,-1,-1,-1
341,72,858.38,413.60,70.10,88.69,1.0000,-1,-1,-1
341,76,975.22,223.45,80.76,98.00,1.0000,-1,-1,-1
341,79,530.80,835.32,101.86,128.73,1.0000,-1,-1,-1
341,80,896.10,652.90,83.15,119.93,1.0000,-1,-1,-1
341,88,333.43,831.95,79.66,118.43,1.0000,-1,-1,-1
341,89,1273.07,461.26,68.80,101.90,0.3150,-1,-1,-1
341,95,1473.02,137.63,77.21,90.70,1.0000,-1,-1,-1
341,99,1131.90,402.97,78.98,105.12,1.0000,-1,-1,-1
341,106,86.05,904.13,104.94,127.10,1.0000,-1,-1,-1
342,1,704.92,653.34,81.14,111.99,1.0000,-1,-1,-1
342,3,1647.77,336.79,66.14,91.77,1.0000,-1,-1,-1
342,7,753.24,554.01,78.32,105.09,0.4242,-1,-1,-1
342,8,505.43,726.60,118.44,147.74,1.0000,-1,-1,-1
342,10,1111.31,567.37,78.61,96.69,1.0000,-1,-1,-1
342,14,1000.12,696.00,98.31,114.82,1.0000,-1,-1,-1
342,39,916.69,693.77,71.42,85.44,1.0000,-1,-1,-1
342,67,1592.77,142.46,57.90,81.50,1.0000,-1,-1,-1
342,69,502.52,666.12,71.19,112.64,0.4099,-1,-1,-1
342,72,854.68,416.57,69.87,88.40,1.0000,-1,-1,-1
342,76,973.18,225.14,80.74,97.99,1.0000,-1,-1,-1
342,79,529.79,836.51,101.84,128.71,1.0000,-1,-1,-1
342,80,895.33,653.68,83.06,119.80,1.0000,-1,-1,-1
342,88,333.97,832.46,79.52,118.21,1.0000,-1,-1,-1
342,89,1266.67,463.80,68.80,101.91,1.0000,-1,-1,-1
342,95,1466.39,139.31,77.35,90.86,1.0000,-1,-1,-1
342,99,1105.95,408.41,71.94,95.67,0.3180,-1,-1,-1
342,106,87.24,904.27,104.85,126.99,1.0000,-1,-1,-1
343,1,701.55,655.22,81.00,111.79,1.0000,-1,-1,-1
343,3,1663.17,338.07,65.67,91.13,1.0000,-1,-1,-1
343,7,753.24,555.59,77.07,104.73,0.3174,-1,-1,-1
343,8,497.84,726.16,118.90,148.32,1.0000,-1,-1,-1
343,10,1107.79,569.97,77.89,95.80,1.0000,-1,-1,-1
343,14,998.34,697.36,98.62,115.18,1.0000,-1,-1,-1
343,39,910.53,695.44,70.75,84.63,1.0000,-1,-1,-1
343,67,1599.38,135.95,57.22,80.53,1.0000,-1,-1,-1
343,69,503.43,666.35,70.82,112.76,0.4153,-1,-1,-1
343,72,850.98,419.54,69.64,88.10,1.0000,-1,-1,-1
343,76,971.14,226.83,80.73,97.97,1.0000,-1,-1,-1
343,79,528.77,837.70,101.82,128.68,1.0000,-1,-1,-1
343,80,894.56,654.47,82.97,119.67,1.0000,-1,-1,-1
343,88,334.51,832.98,79.38,118.00,1.0000,-1,-1,-1
343,89,1254.65,462.07,68.27,101.85,0.3383,-1,-1,-1
343,95,1459.75,140.98,77.48,91.02,1.0000,-1,-1,-1
343,99,1102.96,411.27,71.51,95.09,1.0000,-1,-1,-1
343,106,88.43,904.41,104.76,126.88,1.0000,-1,-1,-1
344,1,721.28,659.91,79.62,109.88,0.3108,-1,-1,-1
344,3,1678.58,339.35,65.21,90.49,1.0000,-1,-1,-1
344,7,750.98,556.66,76.41,105.49,0.3868,-1,-1,-1
344,8,490.25,725.72,119.36,148.89,1.0000,-1,-1,-1
344,10,1130.26,558.84,79.38,100.24,0.3018,-1,-1,-1
344,14,996.57,698.72,98.93,115.54,1.0000,-1,-1,-1
344,39,904.37,697.11,70.07,83.82,1.0000,-1,-1,-1
344,67,1605.99,129.43,56.53,79.56,1.0000,-1,-1,-1
344,69,504.06,666.46,70.51,113.02,0.4086,-1,-1,-1
344,72,847.28,422.51,69.40,87.81,1.0000,-1,-1,-1
344,76,969.10,228.52,80.71,97.95,1.0000,-1,-1,-1
344,79,527.76,838.89,101.79,128.66,1.0000,-1,-1,-1
344,80,893.79,655.25,82.88,119.54,1.0000,-1,-1,-1
344,88,335.06,833.49,79.24,117.79,1.0000,-1,-1,-1
344,89,1246.95,463.92,70.85,105.09,0.4870,-1,-1,-1
344,95,1453.12,142.66,77.62,91.18,1.0000,-1,-1,-1
344,99,1104.49,413.16,73.39,99.20,0.3796,-1,-1,-1
344,106,89.63,904.55,104.67,126.77,1.0000,-1,-1,-1
345,1,719.39,663.40,78.44,106.64,0.3567,-1,-1,-1
345,3,1693.98,340.63,64.75,89.85,1.0000,-1,-1,-1
345,7,746.70,559.10,77.45,108.17,0.3388,-1,-1,-1
345,8,400.71,986.06,77.88,91.11,0.3779,-1,-1,-1
345,10,1123.43,563.36,81.88,104.16,0.3338,-1,-1,-1
345,14,994.80,700.08,99.24,115.90,1.0000,-1,-1,-1
345,39,898.21,698.78,69.40,83.01,1.0000,-1,-1,-1
345,67,1612.59,122.92,55.84,78.60,1.0000,-1,-1,-1
345,69,504.86,668.74,69.24,111.11,0.3631,-1,-1,-1
345,72,843.58,425.48,69.17,87.51,1.0000,-1,-1,-1
345,76,967.06,230.21,80.70,97.94,1.0000,-1,-1,-1
345,79,526.75,840.08,101.77,128.63,1.0000,-1,-1,-1
345,80,893.03,656.04,82.79,119.41,1.0000,-1,-1,-1
345,88,335.60,834.00,79.10,117.58,1.0000,-1,-1,-1
345,89,1240.29,469.21,70.04,103.82,0.4351,-1,-1,-1
345,95,1446.49,144.34,77.76,91.35,1.0000,-1,-1,-1
345,99,1107.58,416.69,71.46,98.51,0.4025,-1,-1,-1
345,106,94.19,905.11,100.74,121.66,0.3353,-1,-1,-1
345,125,1375.28,365.97,63.89,107.77,0.3256,-1,-1,-1
346,1,713.21,665.17,78.16,105.80,0.3015,-1,-1,-1
346,3,1709.39,341.91,64.29,89.21,1.0000,-1,-1,-1
346,7,743.52,560.83,77.67,108.49,1.0000,-1,-1,-1
346,8,398.02,991.50,77.64,88.41,0.4030,-1,-1,-1
346,10,1119.27,565.54,83.30,106.39,0.3029,-1,-1,-1
346,14,993.03,701.44,99.56,116.26,1.0000,-1,-1,-1
346,39,892.04,700.45,68.72,82.20,1.0000,-1,-1,-1
346,67,1619.20,116.41,55.15,77.63,1.0000,-1,-1,-1
346,69,505.32,670.27,68.61,110.42,0.3968,-1,-1,-1
346,72,839.88,428.45,68.94,87.22,1.0000,-1,-1,-1
346,76,965.02,231.90,80.69,97.92,1.0000,-1,-1,-1
346,79,527.34,835.30,98.46,125.88,0.3664,-1,-1,-1
346,80,892.26,656.82,82.70,119.27,1.0000,-1,-1,-1
346,88,336.14,834.52,78.95,117.37,1.0000,-1,-1,-1
346,89,1236.79,474.06,68.37,101.18,0.4592,-1,-1,-1
346,95,1439.85,146.02,77.90,91.51,1.0000,-1,-1,-1
346,99,1111.84,420.38,70.30,96.37,0.3980,-1,-1,-1
346,106,93.12,906.12,101.31,122.67,0.3441,-1,-1,-1
346,125,1370.55,369.33,63.01,105.97,0.3059,-1,-1,-1
347,1,711.10,667.35,77.69,105.16,1.0000,-1,-1,-1
347,3,1724.79,343.19,63.83,88.57,1.0000,-1,-1,-1
347,7,740.34,562.56,77.90,108.80,1.0000,-1,-1,-1
347,8,385.45,993.79,81.70,87.33,0.4062,-1,-1,-1
347,10,1111.69,567.47,84.64,108.64,0.3172,-1,-1,-1
347,14,993.38,703.35,92.63,110.16,0.3309,-1,-1,-1
347,39,885.88,702.12,68.04,81.39,1.0000,-1,-1,-1
347,67,1625.81,109.90,54.47,76.66,1.0000,-1,-1,-1
347,69,504.92,671.17,68.42,110.11,0.4338,-1,-1,-1
347,72,836.19,431.42,68.71,86.93,1.0000,-1,-1,-1
347,76,962.98,233.59,80.67,97.90,1.0000,-1,-1,-1
347,79,526.21,835.48,97.83,126.35,0.3213,-1,-1,-1
347,80,891.49,657.60,82.61,119.14,1.0000,-1,-1,-1
347,88,336.52,828.28,80.52,120.05,0.3352,-1,-1,-1
347,89,1233.13,474.97,69.29,102.37,0.4280,-1,-1,-1
347,95,1433.22,147.70,78.04,91.67,1.0000,-1,-1,-1
347,99,1111.75,422.73,69.65,95.77,0.3167,-1,-1,-1
347,106,93.17,906.63,101.63,123.21,0.3838,-1,-1,-1
347,125,1367.34,371.22,63.19,106.29,1.0000,-1,-1,-1
348,1,708.99,669.52,77.21,104.52,1.0000,-1,-1,-1
348,3,1740.20,344.47,63.36,87.94,1.0000,-1,-1,-1
348,7,737.16,564.29,78.12,109.12,1.0000,-1,-1,-1
348,8,382.73,995.05,84.20,86.04,0.3052,-1,-1,-1
348,10,1108.63,569.41,84.94,109.02,1.0000,-1,-1,-1
348,14,991.70,704.75,92.55,110.05,1.0000,-1,-1,-1
348,39,879.72,703.79,67.37,80.58,1.0000,-1,-1,-1
348,67,1632.41,103.39,53.78,75.69,1.0000,-1,-1,-1
348,69,505.20,671.48,68.35,110.04,0.3899,-1,-1,-1
348,72,832.49,434.39,68.47,86.63,1.0000,-1,-1,-1
348,76,960.93,235.29,80.66,97.89,1.0000,-1,-1,-1
348,79,525.21,836.12,97.69,126.17,1.0000,-1,-1,-1
348,80,890.72,658.39,82.52,119.01,1.0000,-1,-1,-1
348,88,337.05,828.34,80.50,120.03,1.0000,-1,-1,-1
348,89,1226.84,477.46,69.30,102.39,1.0000,-1,-1,-1
348,95,1426.58,149.38,78.17,91.83,1.0000,-1,-1,-1
348,99,1110.62,425.61,69.36,95.37,1.0000,-1,-1,-1
348,106,94.99,905.51,102.19,124.46,0.3099,-1,-1,-1
348,125,1364.13,373.10,63.38,106.60,1.0000,-1,-1,-1
349,1,706.88,671.70,76.74,103.87,1.0000,-1,-1,-1
349,3,1755.60,345.75,62.90,87.30,1.0000,-1,-1,-1
349,7,733.98,566.02,78.35,109.43,1.0000,-1,-1,-1
349,8,375.04,1001.69,82.57,84.37,1.0000,-1,-1,-1
349,10,1105.56,571.34,85.24,109.41,1.0000,-1,-1,-1
349,14,990.02,706.14,92.46,109.94,1.0000,-1,-1,-1
349,39,873.56,705.46,66.69,79.77,1.0000,-1,-1,-1
349,67,1639.02,96.88,53.09,74.72,1.0000,-1,-1,-1
349,69,505.38,672.17,68.25,109.89,1.0000,-1,-1,-1
349,72,828.79,437.36,68.24,86.34,1.0000,-1,-1,-1
349,76,958.89,236.98,80.65,97.87,1.0000,-1,-1,-1
349,79,524.21,836.75,97.55,125.99,1.0000,-1,-1,-1
349,80,889.95,659.17,82.43,118.88,1.0000,-1,-1,-1
349,88,337.57,828.41,80.49,120.01,1.0000,-1,-1,-1
349,89,1226.91,477.20,70.41,102.93,0.3311,-1,-1,-1
349,95,1419.95,151.05,78.31,91.99,1.0000,-1,-1,-1
349,99,1109.49,428.49,69.07,94.97,1.0000,-1,-1,-1
349,106,96.13,905.64,102.11,124.36,1.0000,-1,-1,-1
349,125,1360.92,374.99,63.56,106.91,1.0000,-1,-1,-1
350,1,704.77,673.88,76.26,103.23,1.0000,-1,-1,-1
350,3,1771.01,347.03,62.44,86.66,1.0000,-1,-1,-1
350,7,710.82,572.63,78.46,110.60,0.3813,-1,-1,-1
350,8,367.35,1008.33,80.94,82.69,1.0000,-1,-1,-1
350,10,1103.92,570.07,84.25,108.75,0.3050,-1,-1,-1
350,14,988.34,707.54,92.37,109.83,1.0000,-1,-1,-1
350,39,867.40,707.14,66.01,78.95,1.0000,-1,-1,-1
350,67,1645.63,90.36,52.40,73.76,1.0000,-1,-1,-1
350,69,504.15,674.29,67.26,107.98,0.3725,-1,-1,-1
350,72,825.09,440.33,68.01,86.04,1.0000,-1,-1,-1
350,76,956.85,238.67,80.63,97.85,1.0000,-1,-1,-1
350,79,523.21,837.38,97.41,125.82,1.0000,-1,-1,-1
350,80,889.18,659.95,82.34,118.75,1.0000,-1,-1,-1
350,88,338.10,828.48,80.48,119.99,1.0000,-1,-1,-1
350,89,1214.79,482.40,72.26,105.92,0.3216,-1,-1,-1
350,95,1413.32,152.73,78.45,92.16,1.0000,-1,-1,-1
350,99,1100.68,429.23,71.06,99.21,0.4315,-1,-1,-1
350,106,93.18,907.04,101.38,123.99,0.3595,-1,-1,-1
350,125,1355.04,381.00,60.94,103.90,0.3024,-1,-1,-1
351,1,702.66,676.06,75.79,102.58,1.0000,-1,-1,-1
351,3,1786.41,348.31,61.98,86.02,1.0000,-1,-1,-1
351,7,705.85,574.79,78.73,110.99,1.0000,-1,-1,-1
351,8,359.66,1014.98,79.30,81.02,1.0000,-1,-1,-1
351,10,1103.68,571.23,84.11,108.31,0.4191,-1,-1,-1
351,14,986.66,708.94,92.28,109.72,1.0000,-1,-1,-1
351,39,861.24,708.81,65.34,78.14,1.0000,-1,-1,-1
351,67,1652.23,83.85,51.72,72.79,1.0000,-1,-1,-1
351,69,505.83,674.79,66.40,107.09,0.3362,-1,-1,-1
351,72,821.39,443.30,67.77,85.75,1.0000,-1,-1,-1
351,76,954.81,240.36,80.62,97.84,1.0000,-1,-1,-1
351,79,522.21,838.02,97.27,125.64,1.0000,-1,-1,-1
351,80,888.41,660.74,82.25,118.62,1.0000,-1,-1,-1
351,88,338.62,828.54,80.46,119.97,1.0000,-1,-1,-1
351,89,1205.67,485.92,71.94,106.23,0.3311,-1,-1,-1
351,95,1406.68,154.41,78.59,92.32,1.0000,-1,-1,-1
351,99,1094.90,430.38,71.83,101.64,0.4143,-1,-1,-1
351,106,90.90,907.23,101.50,125.04,0.3611,-1,-1,-1
351,125,1351.92,383.25,61.64,106.13,0.3183,-1,-1,-1
352,1,700.55,678.24,75.31,101.94,1.0000,-1,-1,-1
352,3,1801.82,349.58,61.52,85.38,1.0000,-1,-1,-1
352,7,700.87,576.95,79.01,111.38,1.0000,-1,-1,-1
352,8,351.96,1021.62,77.67,79.35,1.0000,-1,-1,-1
352,10,1097.32,573.55,83.02,107.80,0.4262,-1,-1,-1
352,14,984.97,710.34,92.19,109.61,1.0000,-1,-1,-1
352,39,855.07,710.48,64.66,77.33,1.0000,-1,-1,-1
352,67,1658.84,77.34,51.03,71.82,1.0000,-1,-1,-1
352,69,505.74,677.12,65.65,105.83,0.3227,-1,-1,-1
352,72,817.70,446.27,67.54,85.45,1.0000,-1,-1,-1
352,76,952.77,242.05,80.61,97.82,1.0000,-1,-1,-1
352,79,521.21,838.65,97.13,125.46,1.0000,-1,-1,-1
352,80,887.64,661.52,82.16,118.49,1.0000,-1,-1,-1
352,88,332.96,831.96,83.29,123.81,0.3373,-1,-1,-1
352,89,1201.47,489.27,71.14,104.95,0.3334,-1,-1,-1
352,95,1528.70,373.20,75.96,89.70,0.3492,-1,-1,-1
352,99,1094.55,431.97,72.31,101.99,0.4306,-1,-1,-1
352,106,89.48,908.12,101.03,125.27,0.3136,-1,-1,-1
352,125,1348.33,385.65,61.75,106.33,1.0000,-1,-1,-1
353,1,698.44,680.42,74.84,101.30,1.0000,-1,-1,-1
353,3,1817.22,350.86,61.05,84.74,1.0000,-1,-1,-1
353,7,695.90,579.11,79.28,111.77,1.0000,-1,-1,-1
353,8,344.27,1028.26,76.04,77.67,1.0000,-1,-1,-1
353,10,1093.72,574.94,82.99,108.49,0.4112,-1,-1,-1
353,14,974.64,714.76,92.71,109.57,0.3070,-1,-1,-1
353,39,848.91,712.15,63.99,76.52,1.0000,-1,-1,-1
353,67,1665.45,70.83,50.34,70.85,1.0000,-1,-1,-1
353,69,498.92,678.84,66.55,106.57,0.3001,-1,-1,-1
353,72,814.00,449.24,67.31,85.16,1.0000,-1,-1,-1
353,76,950.73,243.74,80.59,97.80,1.0000,-1,-1,-1
353,79,520.21,839.28,96.99,125.28,1.0000,-1,-1,-1
353,80,886.87,662.31,82.07,118.36,1.0000,-1,-1,-1
353,88,331.06,833.11,84.10,124.66,0.3822,-1,-1,-1
353,89,1195.11,491.97,71.27,105.15,1.0000,-1,-1,-1
353,95,1527.22,377.57,76.23,89.69,0.3915,-1,-1,-1
353,99,1091.81,433.68,72.21,102.31,0.4024,-1,-1,-1
353,106,89.00,908.75,101.39,126.25,0.3149,-1,-1,-1
353,125,1356.23,390.77,59.64,100.93,0.3647,-1,-1,-1
354,1,696.33,682.60,74.36,100.65,1.0000,-1,-1,-1
354,3,1832.63,352.14,60.59,84.10,1.0000,-1,-1,-1
354,7,690.92,581.27,79.56,112.16,1.0000,-1,-1,-1
354,8,336.58,1034.90,74.40,76.00,1.0000,-1,-1,-1
354,10,1090.16,575.28,83.29,110.10,0.3570,-1,-1,-1
354,14,972.23,716.42,92.63,109.47,1.0000,-1,-1,-1
354,39,842.75,713.82,63.31,75.71,1.0000,-1,-1,-1
354,67,1672.06,64.32,49.65,69.88,1.0000,-1,-1,-1
354,69,494.89,680.31,67.15,106.85,0.3562,-1,-1,-1
354,72,810.30,452.21,67.08,84.86,1.0000,-1,-1,-1
354,76,948.69,245.43,80.58,97.79,1.0000,-1,-1,-1
354,79,519.21,839.92,96.86,125.10,1.0000,-1,-1,-1
354,80,886.10,663.09,81.98,118.23,1.0000,-1,-1,-1
354,88,327.43,833.75,85.03,124.07,0.4635,-1,-1,-1
354,89,1188.75,494.68,71.41,105.36,1.0000,-1,-1,-1
354,95,1525.30,381.94,75.92,89.31,0.3489,-1,-1,-1
354,99,1088.97,437.51,70.44,99.85,0.3469,-1,-1,-1
354,106,90.53,909.81,101.07,125.65,0.3535,-1,-1,-1
354,125,1352.09,393.51,59.94,100.06,0.3953,-1,-1,-1
355,1,694.22,684.78,73.89,100.01,1.0000,-1,-1,-1
355,3,1848.04,353.42,60.13,83.47,1.0000,-1,-1,-1
355,7,685.95,583.43,79.84,112.55,1.0000,-1,-1,-1
355,8,328.89,1041.54,72.77,74.33,1.0000,-1,-1,-1
355,10,1085.27,579.42,84.37,113.55,0.3027,-1,-1,-1
355,14,969.82,718.08,92.54,109.37,1.0000,-1,-1,-1
355,39,836.59,715.49,62.63,74.90,1.0000,-1,-1,-1
355,67,1678.66,57.81,48.97,68.92,1.0000,-1,-1,-1
355,69,492.57,683.95,67.53,107.20,0.3614,-1,-1,-1
355,72,806.60,455.19,66.84,84.57,1.0000,-1,-1,-1
355,76,946.65,247.12,80.56,97.77,1.0000,-1,-1,-1
355,79,518.21,840.55,96.72,124.92,1.0000,-1,-1,-1
355,80,885.34,663.87,81.89,118.10,1.0000,-1,-1,-1
355,88,324.25,836.94,84.45,123.02,0.3682,-1,-1,-1
355,89,1177.01,498.46,71.31,104.31,0.3406,-1,-1,-1
355,95,1523.24,390.06,75.91,89.31,1.0000,-1,-1,-1
355,99,1086.61,439.99,70.47,99.90,1.0000,-1,-1,-1
355,106,88.94,912.89,101.71,126.52,0.3028,-1,-1,-1
355,125,1342.94,398.61,61.64,101.08,0.3726,-1,-1,-1