2,1,24.15,560.41,117.93,162.12,0.9346,-1,-1,-1
2,2,669.76,762.80,197.88,121.11,0.9427,-1,-1,-1
2,3,210.98,562.18,113.84,165.75,0.9300,-1,-1,-1
2,4,740.64,374.93,67.26,117.65,0.8928,-1,-1,-1
2,5,118.77,225.45,57.19,85.57,0.8452,-1,-1,-1
2,6,416.66,421.31,73.89,124.48,0.8588,-1,-1,-1
2,7,343.93,682.67,122.35,168.52,0.8577,-1,-1,-1
2,8,270.86,460.65,83.59,131.10,0.8717,-1,-1,-1
2,9,817.86,221.97,60.55,90.13,0.8714,-1,-1,-1
2,10,864.53,202.70,51.76,89.49,0.8570,-1,-1,-1
2,11,769.45,276.43,65.37,86.62,0.8631,-1,-1,-1
2,12,377.37,583.11,105.81,170.44,0.7588,-1,-1,-1
2,13,472.58,494.00,92.27,148.35,0.8372,-1,-1,-1
2,14,670.90,240.25,53.12,87.18,0.8525,-1,-1,-1
2,15,1050.91,87.36,35.98,59.45,0.8590,-1,-1,-1
2,16,501.64,474.82,83.73,113.62,0.8363,-1,-1,-1
2,17,684.76,306.26,65.98,109.82,0.8232,-1,-1,-1
2,18,1032.38,69.08,24.51,51.35,0.7552,-1,-1,-1
2,19,966.39,125.61,38.57,61.06,0.7572,-1,-1,-1
2,20,1498.56,107.07,35.12,34.46,0.7419,-1,-1,-1
2,21,627.36,847.44,96.33,73.28,0.4979,-1,-1,-1
2,22,630.78,752.55,94.13,168.07,0.6653,-1,-1,-1
3,1,28.87,558.63,117.79,161.89,0.9275,-1,-1,-1
3,2,670.10,762.49,196.39,120.24,0.9480,-1,-1,-1
3,3,214.64,561.72,113.00,164.60,0.9447,-1,-1,-1
3,4,740.87,372.68,68.22,119.54,0.9137,-1,-1,-1
3,5,119.98,224.36,57.70,86.30,0.8692,-1,-1,-1
3,6,413.80,423.52,75.20,126.18,0.8782,-1,-1,-1
3,7,327.63,627.64,160.29,222.69,0.7518,-1,-1,-1
3,8,271.11,459.24,83.82,131.47,0.8660,-1,-1,-1
3,9,817.76,220.15,60.76,90.62,0.8775,-1,-1,-1
3,10,864.25,202.67,52.26,90.41,0.8749,-1,-1,-1
3,11,770.53,276.21,65.27,86.44,0.8528,-1,-1,-1
3,12,393.66,580.27,84.45,134.70,0.7929,-1,-1,-1
3,13,473.20,495.26,91.93,147.82,0.8515,-1,-1,-1
3,14,670.20,240.09,53.64,88.14,0.8643,-1,-1,-1
3,15,1051.54,87.02,35.81,59.09,0.8692,-1,-1,-1
3,16,503.81,475.93,81.22,110.18,0.8607,-1,-1,-1
3,17,684.97,307.59,65.11,108.78,0.8327,-1,-1,-1
3,18,1031.62,69.41,24.57,51.28,0.7619,-1,-1,-1
3,19,967.14,127.28,37.63,59.48,0.7813,-1,-1,-1
3,20,1497.73,106.39,35.46,34.69,0.7422,-1,-1,-1
3,21,626.79,848.71,94.92,72.31,0.6176,-1,-1,-1
3,22,628.01,751.76,94.60,169.10,0.6517,-1,-1,-1
4,1,33.10,556.82,117.62,161.78,0.9270,-1,-1,-1
4,2,668.58,762.33,197.47,120.99,0.9473,-1,-1,-1
4,3,217.10,560.25,113.09,164.89,0.9461,-1,-1,-1
4,4,740.98,369.80,69.36,121.69,0.8996,-1,-1,-1
4,5,121.42,223.27,57.93,86.62,0.8773,-1,-1,-1
4,6,411.45,426.73,74.78,124.67,0.8904,-1,-1,-1
4,7,322.46,604.71,174.28,244.87,0.8271,-1,-1,-1
4,8,271.79,459.02,82.48,129.29,0.8935,-1,-1,-1
4,9,818.44,219.77,59.87,89.40,0.8871,-1,-1,-1
4,10,863.61,202.53,53.08,91.85,0.8793,-1,-1,-1
4,11,771.25,275.99,65.27,86.41,0.8540,-1,-1,-1
4,12,398.92,577.47,79.62,125.69,0.7872,-1,-1,-1
4,13,473.26,495.47,92.12,148.03,0.8535,-1,-1,-1
4,14,668.77,240.47,53.56,88.41,0.8569,-1,-1,-1
4,15,1051.72,87.19,35.76,58.92,0.8858,-1,-1,-1
4,16,503.91,475.12,81.48,110.39,0.8530,-1,-1,-1
4,17,684.94,306.62,65.28,109.59,0.8338,-1,-1,-1
4,18,1030.54,69.42,24.56,51.25,0.7666,-1,-1,-1
4,19,967.80,128.08,37.59,59.29,0.7851,-1,-1,-1
4,20,1496.99,106.42,35.43,34.48,0.7318,-1,-1,-1
4,21,625.92,847.11,96.63,73.92,0.6338,-1,-1,-1
4,22,627.89,751.50,94.55,169.36,0.6624,-1,-1,-1
5,1,37.55,555.85,116.77,160.82,0.9270,-1,-1,-1
5,2,667.98,762.87,199.01,122.14,0.9379,-1,-1,-1
5,3,221.40,558.29,112.89,164.88,0.9322,-1,-1,-1
5,4,741.87,368.25,69.79,122.52,0.8887,-1,-1,-1
5,5,123.56,223.07,57.32,85.82,0.8339,-1,-1,-1
5,6,405.85,430.80,74.17,122.83,0.8724,-1,-1,-1
5,7,322.59,594.56,177.82,253.13,0.8362,-1,-1,-1
5,8,271.55,458.72,82.23,128.76,0.8973,-1,-1,-1
5,9,817.50,219.00,59.40,88.92,0.8908,-1,-1,-1
5,10,863.59,202.60,52.87,91.53,0.8780,-1,-1,-1
5,11,771.30,275.99,65.50,86.65,0.8599,-1,-1,-1
5,12,404.92,576.23,72.08,113.80,1.0000,-1,-1,-1
5,13,473.44,494.81,92.47,148.52,0.8466,-1,-1,-1
5,14,667.68,240.17,53.66,89.26,0.8578,-1,-1,-1
5,15,1051.95,87.61,35.81,59.07,0.8782,-1,-1,-1
5,16,506.37,475.87,80.46,108.89,0.8711,-1,-1,-1
5,17,685.31,307.34,64.60,108.86,0.8638,-1,-1,-1
5,18,1030.25,70.37,23.98,49.77,0.8112,-1,-1,-1
5,19,967.17,126.75,39.29,62.05,0.7809,-1,-1,-1
5,20,1497.41,106.04,35.55,34.48,0.7370,-1,-1,-1
5,21,624.44,847.84,97.92,75.18,0.6650,-1,-1,-1
5,22,627.24,753.94,93.78,167.98,0.5147,-1,-1,-1
6,1,40.28,553.72,117.45,161.89,0.9033,-1,-1,-1
6,2,668.76,763.74,197.82,121.58,0.9383,-1,-1,-1
6,3,225.02,556.82,112.28,164.24,0.9281,-1,-1,-1
6,4,741.46,364.44,71.07,125.22,0.9011,-1,-1,-1
6,5,124.99,222.75,57.19,85.67,0.8662,-1,-1,-1
6,6,401.94,433.34,74.46,122.48,0.9064,-1,-1,-1
6,7,328.52,600.61,171.05,246.21,0.8291,-1,-1,-1
6,8,271.35,458.02,82.74,129.51,0.9014,-1,-1,-1
6,9,817.12,218.67,59.03,88.51,0.8885,-1,-1,-1
6,10,863.28,202.21,52.94,91.75,0.8718,-1,-1,-1
6,11,771.38,275.06,66.13,87.65,0.8579,-1,-1,-1
6,12,410.92,574.98,64.55,101.90,1.0000,-1,-1,-1
6,13,473.80,494.61,92.48,148.43,0.8473,-1,-1,-1
6,14,667.24,240.84,53.05,89.11,0.8543,-1,-1,-1
6,15,1053.14,87.90,35.53,58.54,0.8794,-1,-1,-1
6,16,506.92,475.81,81.27,109.95,0.8766,-1,-1,-1
6,17,685.49,307.81,63.97,108.25,0.8556,-1,-1,-1
6,18,1029.84,71.11,24.26,50.15,0.8146,-1,-1,-1
6,19,966.50,125.90,40.43,63.96,0.7966,-1,-1,-1
6,20,1497.82,106.30,35.48,34.31,0.7320,-1,-1,-1
6,21,622.84,847.59,99.88,77.10,0.6918,-1,-1,-1
6,22,626.31,753.30,94.64,169.75,0.5797,-1,-1,-1
6,23,376.23,582.37,123.06,167.57,0.8019,-1,-1,-1
7,1,45.16,553.15,116.35,160.65,0.9166,-1,-1,-1
7,2,667.96,764.52,197.43,121.46,0.9398,-1,-1,-1
7,3,228.79,553.42,112.76,165.31,0.8996,-1,-1,-1
7,4,743.69,366.78,66.33,116.83,0.8906,-1,-1,-1
7,5,128.87,222.80,56.05,83.69,0.8591,-1,-1,-1
7,6,398.82,437.08,74.80,121.72,0.8933,-1,-1,-1
7,7,345.22,646.84,140.03,200.03,0.7476,-1,-1,-1
7,8,270.30,457.74,83.33,130.16,0.8790,-1,-1,-1
7,9,815.63,217.77,57.92,87.32,0.8798,-1,-1,-1
7,10,862.39,202.68,53.52,92.91,0.8757,-1,-1,-1
7,11,770.50,274.56,66.57,88.36,0.8640,-1,-1,-1
7,12,416.91,573.73,57.01,90.01,1.0000,-1,-1,-1
7,13,474.36,495.17,92.11,147.74,0.8710,-1,-1,-1
7,14,666.17,241.15,52.67,89.61,0.8298,-1,-1,-1
7,15,1053.07,87.29,35.89,59.02,0.8543,-1,-1,-1
7,16,507.57,474.20,81.85,110.50,0.8664,-1,-1,-1
7,17,685.59,306.96,63.81,108.53,0.8547,-1,-1,-1
7,18,1028.91,71.43,25.00,51.33,0.8008,-1,-1,-1
7,19,966.95,126.22,40.63,64.26,0.7999,-1,-1,-1
7,20,1497.72,106.01,35.69,34.40,0.7106,-1,-1,-1
7,21,623.24,848.48,98.14,76.10,0.6905,-1,-1,-1
7,22,626.39,751.43,95.42,171.29,0.4904,-1,-1,-1
7,23,379.35,584.18,119.68,163.69,0.7635,-1,-1,-1
7,24,1303.94,9.17,27.64,19.26,0.4733,-1,-1,-1
8,1,48.80,553.59,115.00,158.83,0.9096,-1,-1,-1
8,2,667.07,763.98,198.58,122.39,0.9408,-1,-1,-1
8,3,231.54,550.83,113.64,167.02,0.8897,-1,-1,-1
8,4,743.46,365.43,66.87,118.17,0.9019,-1,-1,-1
8,5,131.45,223.12,55.87,83.44,0.8873,-1,-1,-1
8,6,395.55,439.09,75.93,122.01,0.8803,-1,-1,-1
8,7,353.84,666.69,126.76,179.75,0.8064,-1,-1,-1
8,8,270.41,457.90,83.31,129.99,0.8889,-1,-1,-1
8,9,814.83,216.74,57.32,87.01,0.8695,-1,-1,-1
8,10,861.75,202.09,54.11,93.99,0.8813,-1,-1,-1
8,11,770.12,274.55,66.40,88.13,0.8627,-1,-1,-1
8,12,422.91,572.49,49.48,78.11,1.0000,-1,-1,-1
8,13,475.15,496.56,91.35,146.29,0.8837,-1,-1,-1
8,14,665.48,241.47,51.78,89.28,0.8225,-1,-1,-1
8,15,1053.61,87.56,35.88,58.86,0.8612,-1,-1,-1
8,16,509.00,474.47,81.69,110.01,0.8674,-1,-1,-1
8,17,685.98,307.00,63.27,108.06,0.8622,-1,-1,-1
8,18,1027.92,71.26,25.75,52.63,0.8014,-1,-1,-1
8,19,967.84,126.71,40.43,64.18,0.7985,-1,-1,-1
8,20,1498.24,106.25,34.99,33.62,0.6960,-1,-1,-1
8,21,624.57,848.93,96.97,75.64,0.7130,-1,-1,-1
8,22,627.48,750.93,95.62,171.89,0.5191,-1,-1,-1
8,23,381.23,580.39,120.06,165.35,0.8064,-1,-1,-1
8,24,1303.48,8.75,28.63,20.02,0.3386,-1,-1,-1
9,1,51.29,550.91,115.80,159.84,0.9166,-1,-1,-1
9,2,666.71,764.85,198.48,122.42,0.9367,-1,-1,-1
9,3,234.84,548.12,113.88,167.79,0.8667,-1,-1,-1
9,4,743.34,363.30,68.94,122.67,0.9043,-1,-1,-1
9,5,133.74,223.42,55.40,82.96,0.8843,-1,-1,-1
9,6,391.01,441.44,77.62,123.38,0.8708,-1,-1,-1
9,7,356.12,660.58,129.73,183.42,0.8211,-1,-1,-1
9,8,270.50,457.28,83.90,130.72,0.9009,-1,-1,-1
9,9,813.02,215.70,55.25,84.84,0.8492,-1,-1,-1
9,10,861.30,201.98,54.28,94.06,0.8770,-1,-1,-1
9,11,769.93,273.76,66.80,88.90,0.8708,-1,-1,-1
9,12,428.90,571.24,41.95,66.22,1.0000,-1,-1,-1
9,13,475.61,496.16,90.98,145.66,0.8890,-1,-1,-1
9,14,664.59,241.88,51.41,90.08,0.7927,-1,-1,-1
9,15,1054.31,87.31,35.98,59.05,0.8686,-1,-1,-1
9,16,512.06,471.64,82.44,111.05,0.8837,-1,-1,-1
9,17,687.02,306.79,62.23,106.62,0.8688,-1,-1,-1
9,18,1028.03,71.17,26.12,52.91,0.7577,-1,-1,-1
9,19,968.36,127.16,40.25,64.15,0.7972,-1,-1,-1
9,20,1499.19,106.30,34.31,32.85,0.7009,-1,-1,-1
9,21,625.70,849.51,95.61,74.87,0.6766,-1,-1,-1
9,22,630.29,752.61,94.96,169.90,0.5288,-1,-1,-1
9,23,383.63,575.25,121.28,168.51,0.8593,-1,-1,-1
9,24,1303.82,8.66,28.26,19.82,0.4275,-1,-1,-1
10,1,54.95,549.73,115.54,159.70,0.9224,-1,-1,-1
10,2,668.05,766.56,195.72,120.70,0.9343,-1,-1,-1
10,3,238.28,546.39,113.85,168.20,0.8918,-1,-1,-1
10,4,744.20,361.97,68.30,122.00,0.9038,-1,-1,-1
10,5,135.05,222.63,55.67,83.60,0.8820,-1,-1,-1
10,6,388.27,443.99,78.89,123.62,0.7695,-1,-1,-1
10,7,359.12,662.72,127.89,180.18,0.8576,-1,-1,-1
10,8,271.13,457.13,83.43,129.74,0.9034,-1,-1,-1
10,9,814.18,215.32,54.90,84.90,0.8722,-1,-1,-1
10,10,861.33,201.20,54.66,94.78,0.8951,-1,-1,-1
10,11,769.91,273.61,67.05,89.49,0.8579,-1,-1,-1
10,12,434.90,569.99,34.41,54.33,1.0000,-1,-1,-1
10,13,475.80,493.89,91.79,147.14,0.8727,-1,-1,-1
10,14,664.73,242.44,51.04,90.67,0.7914,-1,-1,-1
10,15,1054.20,85.70,36.71,60.39,0.8593,-1,-1,-1
10,16,514.44,472.15,81.52,109.93,0.8982,-1,-1,-1
10,17,687.50,307.82,61.63,105.75,0.8643,-1,-1,-1
10,18,1027.04,71.47,26.74,54.09,0.7499,-1,-1,-1
10,19,969.06,126.60,40.55,65.17,0.8086,-1,-1,-1
10,20,1499.99,106.04,34.03,32.42,0.6914,-1,-1,-1
10,21,627.34,852.74,92.40,72.40,0.7279,-1,-1,-1
10,22,634.92,774.76,84.54,148.29,0.4662,-1,-1,-1
10,23,385.39,573.85,121.89,171.08,0.9052,-1,-1,-1
10,24,1304.30,8.70,28.12,19.78,0.3195,-1,-1,-1
11,1,60.08,548.70,114.95,159.67,0.9076,-1,-1,-1
11,2,668.16,767.38,195.20,120.37,0.9434,-1,-1,-1
11,3,243.23,544.62,112.90,167.27,0.8866,-1,-1,-1
11,4,744.95,358.99,68.82,123.53,0.9012,-1,-1,-1
11,5,136.63,221.64,55.78,83.88,0.8879,-1,-1,-1
11,6,380.56,444.98,81.20,127.19,0.7776,-1,-1,-1
11,7,361.77,659.19,129.70,182.51,0.8340,-1,-1,-1
11,8,273.40,456.85,82.24,127.57,0.8953,-1,-1,-1
11,9,813.08,214.08,54.89,85.55,0.8432,-1,-1,-1
11,10,861.52,201.30,54.63,94.64,0.8928,-1,-1,-1
11,11,770.28,273.47,66.77,89.39,0.8618,-1,-1,-1
11,12,440.89,568.74,26.88,42.43,1.0000,-1,-1,-1
11,13,475.47,492.29,92.22,148.29,0.8923,-1,-1,-1
11,14,664.60,242.72,51.11,92.01,0.7994,-1,-1,-1
11,15,1053.79,85.55,36.64,59.90,0.8734,-1,-1,-1
11,16,515.29,470.99,81.91,110.77,0.8901,-1,-1,-1
11,17,688.17,307.67,61.21,105.38,0.8566,-1,-1,-1
11,18,1025.61,72.54,26.21,53.09,0.7251,-1,-1,-1
11,19,969.49,125.99,40.67,65.89,0.8205,-1,-1,-1
11,20,1500.03,106.59,33.49,31.68,0.7015,-1,-1,-1
11,21,626.82,851.59,93.44,73.54,0.6927,-1,-1,-1
11,22,630.49,759.19,93.43,164.08,0.6195,-1,-1,-1
11,23,386.53,573.38,122.08,172.96,0.8994,-1,-1,-1
11,24,1304.09,8.45,28.66,20.16,1.0000,-1,-1,-1
11,26,1.73,738.01,46.37,341.32,0.5073,-1,-1,-1
12,1,64.72,547.13,114.07,159.32,0.8941,-1,-1,-1
12,2,667.30,767.60,196.39,121.22,0.9464,-1,-1,-1
12,3,247.55,543.40,111.35,165.21,0.8706,-1,-1,-1
12,4,746.18,358.00,68.31,123.23,0.8941,-1,-1,-1
12,5,138.09,220.93,55.63,83.79,0.8793,-1,-1,-1
12,6,374.00,446.84,81.47,127.55,0.8470,-1,-1,-1
12,7,360.85,648.19,136.53,193.04,0.8381,-1,-1,-1
12,8,274.04,456.82,82.06,126.81,0.8922,-1,-1,-1
12,9,813.11,213.28,54.32,84.98,0.8436,-1,-1,-1
12,10,862.00,201.50,54.44,94.22,0.8888,-1,-1,-1
12,11,770.17,273.67,66.63,89.65,0.8680,-1,-1,-1
12,12,446.89,567.50,19.34,30.54,1.0000,-1,-1,-1
12,13,476.85,492.54,91.66,147.66,0.8850,-1,-1,-1
12,14,665.20,244.51,50.23,91.10,0.7962,-1,-1,-1
12,15,1055.01,86.00,36.40,59.31,0.8601,-1,-1,-1
12,16,516.39,471.05,81.49,110.64,0.8866,-1,-1,-1
12,17,689.26,307.99,60.87,104.91,0.8614,-1,-1,-1
12,18,1024.82,72.96,25.80,52.11,0.7261,-1,-1,-1
12,19,970.46,126.16,40.42,65.88,0.8126,-1,-1,-1
12,20,1499.63,105.66,34.60,32.74,0.7146,-1,-1,-1
12,21,627.01,850.74,92.98,73.48,0.6428,-1,-1,-1
12,22,630.81,755.15,95.86,167.88,0.7420,-1,-1,-1
12,23,389.41,575.82,118.89,169.83,0.8848,-1,-1,-1
12,24,1304.85,9.08,26.52,18.64,0.3499,-1,-1,-1
12,26,3.61,748.05,45.26,330.98,0.4456,-1,-1,-1
13,1,68.98,545.50,113.94,159.32,0.9137,-1,-1,-1
13,2,667.53,768.61,195.58,120.67,0.9242,-1,-1,-1
13,3,252.56,541.99,109.59,162.97,0.8795,-1,-1,-1
13,4,747.21,355.07,68.69,124.47,0.8841,-1,-1,-1
13,5,140.82,220.21,55.72,83.96,0.8861,-1,-1,-1
13,6,369.55,448.27,82.13,128.20,0.7070,-1,-1,-1
13,7,369.59,665.74,125.02,174.81,0.8107,-1,-1,-1
13,8,277.08,457.56,81.20,124.96,0.8814,-1,-1,-1
13,9,813.44,212.71,53.39,84.01,0.8575,-1,-1,-1
13,10,862.55,201.98,54.00,93.27,0.8809,-1,-1,-1
13,11,771.49,274.40,65.53,88.52,0.8609,-1,-1,-1
13,12,452.89,566.25,11.81,18.64,1.0000,-1,-1,-1
13,13,478.59,490.57,91.86,148.48,0.8840,-1,-1,-1
13,14,664.63,244.36,50.35,92.32,0.7807,-1,-1,-1
13,15,1055.94,85.66,36.91,60.16,0.8405,-1,-1,-1
13,16,518.01,470.68,80.98,110.49,0.8811,-1,-1,-1
13,17,690.27,308.71,60.48,104.27,0.8698,-1,-1,-1
13,18,1024.64,73.31,26.67,53.74,0.7479,-1,-1,-1
13,19,972.82,126.33,40.37,66.17,0.8277,-1,-1,-1
13,20,1499.85,104.84,35.10,33.27,0.7191,-1,-1,-1
13,21,628.34,853.99,89.09,70.39,0.6370,-1,-1,-1
13,22,628.97,752.91,96.47,169.37,0.5328,-1,-1,-1
13,23,391.62,575.86,117.66,169.80,0.8994,-1,-1,-1
13,24,1304.83,9.12,25.91,18.17,0.3438,-1,-1,-1
13,26,4.29,740.46,46.67,338.60,0.5434,-1,-1,-1
14,1,72.67,544.36,113.42,159.07,0.9151,-1,-1,-1
14,2,668.72,770.35,193.30,119.08,0.9237,-1,-1,-1
14,3,255.67,540.97,108.81,162.30,0.8889,-1,-1,-1
14,4,748.53,354.92,68.51,124.76,0.8918,-1,-1,-1
14,5,142.54,219.04,56.93,85.42,0.8948,-1,-1,-1
14,6,366.88,451.00,83.08,129.05,0.6454,-1,-1,-1
14,7,375.04,670.95,121.09,167.76,0.8103,-1,-1,-1
14,8,278.84,457.27,80.19,123.42,0.9001,-1,-1,-1
14,9,813.75,212.01,53.28,84.41,0.8462,-1,-1,-1
14,10,863.05,201.70,53.96,93.06,0.8836,-1,-1,-1
14,11,771.82,273.88,65.36,88.67,0.8700,-1,-1,-1
14,12,458.88,565.00,4.27,6.75,1.0000,-1,-1,-1
14,13,479.70,490.22,91.84,148.87,0.8775,-1,-1,-1
14,14,664.58,245.83,50.00,92.28,0.7974,-1,-1,-1
14,15,1056.21,85.22,37.29,60.93,0.8103,-1,-1,-1
14,16,518.95,470.70,81.81,112.21,0.8638,-1,-1,-1
14,17,690.77,308.38,60.44,104.23,0.8727,-1,-1,-1
14,18,1025.13,76.59,25.94,51.62,0.7577,-1,-1,-1
14,19,974.02,126.67,40.00,65.91,0.8294,-1,-1,-1
14,20,1499.14,103.85,35.95,34.20,0.7165,-1,-1,-1
14,21,628.38,854.64,88.20,69.77,0.6639,-1,-1,-1
14,22,629.40,761.74,91.46,160.10,0.4632,-1,-1,-1
14,23,393.60,575.21,116.70,170.12,0.9093,-1,-1,-1
14,24,1304.78,9.04,25.90,18.17,1.0000,-1,-1,-1
14,26,5.39,738.84,47.47,340.12,0.5922,-1,-1,-1
15,1,77.50,544.23,112.01,157.19,0.9048,-1,-1,-1
15,2,668.44,771.87,193.04,118.77,0.9215,-1,-1,-1
15,3,258.64,539.86,107.24,160.67,0.8892,-1,-1,-1
15,4,749.59,353.99,67.83,123.95,0.8989,-1,-1,-1
15,5,143.96,218.18,58.06,86.89,0.8867,-1,-1,-1
15,6,360.50,454.96,83.61,129.42,0.5271,-1,-1,-1
15,7,377.43,670.94,121.20,166.73,0.7759,-1,-1,-1
15,8,280.38,456.88,79.68,122.44,0.8919,-1,-1,-1
15,9,813.90,210.18,53.24,85.06,0.8583,-1,-1,-1
15,10,862.89,201.79,53.78,92.65,0.8838,-1,-1,-1
15,11,772.28,273.09,65.46,89.11,0.8662,-1,-1,-1
15,12,464.88,563.76,-3.26,-5.15,1.0000,-1,-1,-1
15,13,481.71,490.28,91.51,148.55,0.8888,-1,-1,-1
15,14,662.24,247.07,48.71,90.90,0.8173,-1,-1,-1
15,15,1057.19,85.06,37.09,60.86,0.7896,-1,-1,-1
15,16,521.26,471.02,81.06,111.36,0.8831,-1,-1,-1
15,17,690.75,308.11,60.25,103.78,0.8636,-1,-1,-1
15,18,1024.58,76.90,27.17,53.62,0.7537,-1,-1,-1
15,19,975.31,126.55,39.99,66.24,0.8304,-1,-1,-1
15,20,1498.51,103.16,36.42,34.77,0.7008,-1,-1,-1
15,21,629.63,856.39,85.63,67.47,0.6891,-1,-1,-1
15,22,628.80,760.46,92.58,162.19,0.4743,-1,-1,-1
15,23,394.91,573.06,116.71,171.53,0.8487,-1,-1,-1
15,24,1304.70,8.73,26.24,18.34,0.3210,-1,-1,-1
15,26,4.84,724.03,50.12,355.49,0.6475,-1,-1,-1
16,1,80.67,542.63,111.14,156.31,0.8931,-1,-1,-1
16,2,665.93,770.05,198.31,122.39,0.9187,-1,-1,-1
16,3,261.13,536.94,107.68,162.34,0.8777,-1,-1,-1
16,4,750.78,352.89,66.98,122.88,0.8745,-1,-1,-1
16,5,145.89,217.56,57.59,85.84,0.8850,-1,-1,-1
16,6,353.61,457.93,83.37,129.32,0.8747,-1,-1,-1
16,7,379.08,667.99,123.07,168.68,0.7760,-1,-1,-1
16,8,280.43,457.01,79.61,122.26,0.8694,-1,-1,-1
16,9,814.78,209.39,52.41,84.16,0.8400,-1,-1,-1
16,10,862.71,200.88,54.15,93.17,0.8861,-1,-1,-1
16,11,772.41,272.93,65.70,89.85,0.8604,-1,-1,-1
16,12,470.87,562.51,-10.80,-17.04,1.0000,-1,-1,-1
16,13,482.87,490.44,91.17,148.14,0.8992,-1,-1,-1
16,14,661.24,248.25,47.82,89.59,0.8498,-1,-1,-1
16,15,1057.84,85.31,36.78,60.43,0.7941,-1,-1,-1
16,16,522.47,471.17,80.65,110.93,0.8586,-1,-1,-1
16,17,691.05,307.65,60.26,103.74,0.8765,-1,-1,-1
16,18,1023.83,75.41,27.55,53.89,0.7561,-1,-1,-1
16,19,976.60,127.81,39.54,65.56,0.8232,-1,-1,-1
16,20,1498.68,102.82,36.44,35.00,0.7078,-1,-1,-1
16,21,627.79,853.94,88.56,69.92,0.6866,-1,-1,-1
16,22,626.58,753.35,96.32,169.65,0.3885,-1,-1,-1
16,23,396.68,570.99,115.01,170.39,0.8646,-1,-1,-1
16,24,1304.07,8.50,26.49,18.42,0.3359,-1,-1,-1
16,26,5.48,726.59,50.50,352.74,0.5253,-1,-1,-1
17,1,85.34,541.61,110.51,155.48,0.8814,-1,-1,-1
17,2,667.27,772.02,196.67,121.57,0.9353,-1,-1,-1
17,3,265.31,534.21,107.28,162.84,0.8839,-1,-1,-1
17,4,751.28,350.70,67.12,123.90,0.8960,-1,-1,-1
17,5,149.09,217.10,56.99,84.72,0.8521,-1,-1,-1
17,6,347.59,460.52,83.73,129.43,0.8718,-1,-1,-1
17,7,378.64,656.88,130.08,179.08,0.5593,-1,-1,-1
17,8,281.11,456.47,79.09,121.53,0.8603,-1,-1,-1
17,9,815.13,208.46,52.21,84.33,0.8420,-1,-1,-1
17,10,862.35,200.46,54.23,93.31,0.8823,-1,-1,-1
17,11,773.22,274.26,64.52,88.46,0.8581,-1,-1,-1
17,12,476.87,561.26,-18.33,-28.94,1.0000,-1,-1,-1
17,13,483.57,489.13,91.54,149.04,0.8492,-1,-1,-1
17,14,659.85,248.67,47.71,90.09,0.8515,-1,-1,-1
17,15,1058.59,85.15,37.04,60.92,0.8065,-1,-1,-1
17,16,524.46,470.40,80.93,111.20,0.8714,-1,-1,-1
17,17,690.73,307.11,60.45,103.85,0.8822,-1,-1,-1
17,18,1023.42,73.95,29.07,56.84,0.7515,-1,-1,-1
17,19,976.39,126.72,40.43,66.62,0.8242,-1,-1,-1
17,20,1499.42,102.28,36.23,35.18,0.7050,-1,-1,-1
17,21,625.32,849.65,94.06,74.77,0.6087,-1,-1,-1
17,22,629.88,755.50,96.04,167.63,0.6272,-1,-1,-1
17,23,398.29,567.30,113.12,168.69,0.8730,-1,-1,-1
17,24,1303.96,8.36,26.54,18.45,1.0000,-1,-1,-1
17,26,6.64,727.70,51.36,351.42,0.7698,-1,-1,-1
18,1,87.68,539.36,110.92,156.12,0.8884,-1,-1,-1
18,2,667.01,772.81,197.06,122.04,0.9395,-1,-1,-1
18,3,268.70,533.12,105.72,160.71,0.8774,-1,-1,-1
18,4,752.79,349.93,66.73,123.91,0.9040,-1,-1,-1
18,5,151.71,216.06,56.92,84.27,0.8526,-1,-1,-1
18,6,342.70,463.62,83.40,127.99,0.8290,-1,-1,-1
18,7,389.17,689.53,109.62,145.48,0.7638,-1,-1,-1
18,8,282.09,455.27,78.80,121.41,0.8747,-1,-1,-1
18,9,815.52,207.28,52.50,85.60,0.8729,-1,-1,-1
18,10,862.26,200.31,54.45,93.63,0.8861,-1,-1,-1
18,11,774.36,275.21,63.71,87.40,0.8544,-1,-1,-1
18,12,482.87,560.01,-25.86,-40.83,1.0000,-1,-1,-1
18,13,484.66,488.87,91.33,148.93,0.8351,-1,-1,-1
18,14,658.29,247.49,48.27,92.03,0.8353,-1,-1,-1
18,15,1058.97,84.33,37.51,61.77,0.8089,-1,-1,-1
18,16,525.90,470.38,80.76,110.88,0.8567,-1,-1,-1
18,17,690.63,306.89,60.38,103.39,0.8968,-1,-1,-1
18,18,1023.42,73.40,30.26,59.03,0.7562,-1,-1,-1
18,19,977.61,126.31,40.91,67.17,0.8249,-1,-1,-1
18,20,1499.56,102.03,35.96,35.11,0.6980,-1,-1,-1
18,21,623.02,846.94,97.72,78.40,0.5603,-1,-1,-1
18,22,630.08,760.26,94.25,163.38,0.6221,-1,-1,-1
18,23,402.09,564.84,106.07,158.68,0.8183,-1,-1,-1
18,24,1303.85,8.23,26.58,18.48,1.0000,-1,-1,-1
18,26,8.29,737.30,51.43,342.05,0.8107,-1,-1,-1
19,1,89.68,537.69,111.51,157.01,0.9139,-1,-1,-1
19,2,665.99,772.83,198.28,123.02,0.9409,-1,-1,-1
19,3,271.81,532.78,105.04,159.79,0.8603,-1,-1,-1
19,4,755.02,350.42,65.21,121.10,0.8944,-1,-1,-1
19,5,155.59,215.86,56.89,83.99,0.8754,-1,-1,-1
19,6,337.04,464.41,84.63,129.21,0.7506,-1,-1,-1
19,7,381.12,659.74,131.74,176.44,0.8121,-1,-1,-1
19,8,282.86,454.38,78.41,121.35,0.8591,-1,-1,-1
19,9,816.82,207.12,51.99,85.35,0.8607,-1,-1,-1
19,10,862.87,200.04,54.59,93.92,0.8765,-1,-1,-1
19,11,773.94,273.98,64.15,88.37,0.8643,-1,-1,-1
19,12,488.86,558.77,-33.40,-52.73,1.0000,-1,-1,-1
19,13,486.61,489.26,90.38,147.23,0.8629,-1,-1,-1
19,14,657.97,246.47,49.18,94.26,0.8382,-1,-1,-1
19,15,1059.75,84.79,37.22,61.22,0.7356,-1,-1,-1
19,16,527.63,467.95,81.81,112.26,0.8441,-1,-1,-1
19,17,691.14,305.83,60.68,103.84,0.8894,-1,-1,-1
19,18,1024.52,76.69,29.74,57.09,0.7158,-1,-1,-1
19,19,977.49,126.30,41.62,67.88,0.7985,-1,-1,-1
19,20,1499.16,101.59,35.98,35.31,0.6956,-1,-1,-1
19,21,620.92,841.82,103.12,83.78,0.5363,-1,-1,-1
19,22,632.32,763.14,93.69,160.19,0.5952,-1,-1,-1
19,23,400.94,567.62,109.85,165.33,0.8646,-1,-1,-1
19,24,1304.16,8.64,26.02,18.08,0.3447,-1,-1,-1
19,26,9.77,736.55,53.25,342.76,0.7148,-1,-1,-1
20,1,91.65,535.61,111.61,157.59,0.9053,-1,-1,-1
20,2,665.28,774.04,198.16,123.02,0.9245,-1,-1,-1
20,3,276.65,534.89,103.64,157.44,0.8317,-1,-1,-1
20,4,756.31,350.08,65.33,121.17,0.9058,-1,-1,-1
20,5,157.14,214.89,57.79,85.24,0.8845,-1,-1,-1
20,6,334.51,463.29,87.53,133.35,0.7226,-1,-1,-1
20,7,380.63,649.53,137.78,186.58,0.8332,-1,-1,-1
20,8,285.50,453.47,77.20,120.06,0.8272,-1,-1,-1
20,9,817.58,206.15,52.03,86.27,0.8556,-1,-1,-1
20,10,863.18,199.60,54.68,94.07,0.8767,-1,-1,-1
20,11,773.61,273.84,64.59,89.43,0.8659,-1,-1,-1
20,12,494.86,557.52,-40.93,-64.62,1.0000,-1,-1,-1
20,13,488.33,488.03,90.65,147.49,0.8522,-1,-1,-1
20,14,656.96,248.23,48.75,93.56,0.8439,-1,-1,-1
20,15,1060.05,84.52,37.27,61.35,0.7919,-1,-1,-1
20,16,528.71,466.53,82.03,112.84,0.8607,-1,-1,-1
20,17,691.03,305.09,61.19,104.61,0.8910,-1,-1,-1
20,18,1023.94,78.40,29.72,56.14,0.7225,-1,-1,-1
20,19,979.99,128.60,40.75,65.87,0.7990,-1,-1,-1
20,20,1499.47,101.60,35.88,35.24,0.6915,-1,-1,-1
20,21,620.03,840.81,104.66,85.03,1.0000,-1,-1,-1
20,22,637.88,766.93,94.39,156.44,0.5355,-1,-1,-1
20,23,402.36,570.33,109.11,164.57,0.8642,-1,-1,-1
20,24,1304.04,8.96,26.00,17.96,0.3295,-1,-1,-1
20,26,10.25,738.72,54.68,340.45,0.7049,-1,-1,-1
21,1,94.93,533.97,111.57,157.74,0.8912,-1,-1,-1
21,2,666.36,774.65,197.19,122.58,0.9340,-1,-1,-1
21,3,281.19,533.59,102.69,156.18,0.8431,-1,-1,-1
21,4,760.58,350.31,57.44,105.46,0.8616,-1,-1,-1
21,5,158.01,214.97,57.23,84.78,0.8707,-1,-1,-1
21,6,328.79,463.02,88.34,133.33,0.6302,-1,-1,-1
21,7,383.58,647.57,137.97,188.77,0.8468,-1,-1,-1
21,8,288.32,453.17,75.24,117.74,0.7554,-1,-1,-1
21,9,818.87,205.71,51.71,86.66,0.8422,-1,-1,-1
21,10,863.23,199.24,54.79,94.06,0.8828,-1,-1,-1
21,11,774.05,274.00,64.34,89.15,0.8708,-1,-1,-1
21,12,500.85,556.27,-48.47,-76.52,1.0000,-1,-1,-1
21,13,490.65,488.30,89.99,145.74,0.8518,-1,-1,-1
21,14,656.31,250.60,48.55,92.80,0.8508,-1,-1,-1
21,15,1059.97,84.68,37.03,61.18,0.7942,-1,-1,-1
21,16,532.29,468.02,80.56,111.01,0.8608,-1,-1,-1
21,17,691.70,304.86,60.87,103.95,0.8876,-1,-1,-1
21,18,1022.34,77.86,30.50,57.18,0.6705,-1,-1,-1
21,19,981.52,129.37,40.90,65.12,0.8228,-1,-1,-1
21,20,1499.35,101.62,35.87,35.34,0.7033,-1,-1,-1
21,21,622.72,847.56,95.98,78.07,0.4809,-1,-1,-1
21,22,628.32,761.23,97.78,162.73,0.3780,-1,-1,-1
21,23,403.05,573.48,108.43,164.36,0.8330,-1,-1,-1
21,24,1303.48,8.86,26.88,18.50,0.3972,-1,-1,-1
21,26,11.15,743.85,55.81,334.54,0.5026,-1,-1,-1
22,1,97.19,532.76,112.01,158.60,0.8908,-1,-1,-1
22,2,669.91,779.15,190.82,118.34,0.9336,-1,-1,-1
22,3,282.61,528.74,104.35,159.38,0.8419,-1,-1,-1
22,4,759.20,349.38,61.98,114.19,0.8916,-1,-1,-1
22,5,160.04,214.12,57.47,85.24,0.8766,-1,-1,-1
22,6,323.15,458.94,92.49,140.30,0.6645,-1,-1,-1
22,7,384.71,644.02,139.51,192.77,0.8612,-1,-1,-1
22,8,287.82,451.98,76.21,120.64,0.6712,-1,-1,-1
22,9,819.70,205.39,50.94,86.72,0.8365,-1,-1,-1
22,10,863.33,199.40,54.50,93.34,0.8712,-1,-1,-1
22,11,774.41,273.91,64.40,89.25,0.8625,-1,-1,-1
22,12,506.85,555.03,-56.00,-88.41,1.0000,-1,-1,-1
22,13,491.42,486.61,91.25,147.50,0.8534,-1,-1,-1
22,14,654.56,250.93,48.55,92.40,0.8875,-1,-1,-1
22,15,1060.97,84.92,36.94,61.13,0.7858,-1,-1,-1
22,16,534.32,469.24,79.13,109.22,0.8570,-1,-1,-1
22,17,691.61,304.06,61.03,104.30,0.8747,-1,-1,-1
22,18,1021.60,79.25,30.29,56.13,0.5963,-1,-1,-1
22,19,983.02,128.61,41.80,66.09,0.8342,-1,-1,-1
22,20,1499.53,101.87,35.84,35.36,0.6976,-1,-1,-1
22,21,621.42,846.25,96.78,79.11,0.5264,-1,-1,-1
22,22,628.51,762.21,98.59,161.79,0.4904,-1,-1,-1
22,23,405.06,573.76,107.74,163.38,0.8256,-1,-1,-1
22,24,1303.19,8.81,27.68,19.03,0.4670,-1,-1,-1
22,26,12.59,744.27,55.72,333.98,1.0000,-1,-1,-1
23,1,101.71,532.20,111.15,157.88,0.9000,-1,-1,-1
23,2,668.01,776.87,194.49,120.89,0.9165,-1,-1,-1
23,3,286.90,530.90,102.09,156.42,0.8894,-1,-1,-1
23,4,759.70,348.70,63.21,116.63,0.8982,-1,-1,-1
23,5,162.37,212.91,58.13,86.45,0.8687,-1,-1,-1
23,6,341.30,506.17,65.26,95.22,0.3610,-1,-1,-1
23,7,389.45,648.19,135.57,188.23,0.8268,-1,-1,-1
23,8,290.01,452.65,76.97,121.78,0.8003,-1,-1,-1
23,9,821.58,204.75,50.19,86.58,0.8537,-1,-1,-1
23,10,863.51,199.71,54.56,93.12,0.8653,-1,-1,-1
23,11,774.59,274.49,64.31,89.03,0.8712,-1,-1,-1
23,12,512.84,553.78,-63.54,-100.31,1.0000,-1,-1,-1
23,13,493.20,485.04,91.85,148.34,0.8707,-1,-1,-1
23,14,651.47,252.05,48.90,93.23,0.8727,-1,-1,-1
23,15,1061.29,83.88,37.61,62.50,0.7801,-1,-1,-1
23,16,536.25,470.54,78.58,108.09,0.8435,-1,-1,-1
23,17,691.56,303.77,60.78,103.89,0.8851,-1,-1,-1
23,18,1020.85,81.26,29.48,54.09,0.5795,-1,-1,-1
23,19,984.20,128.02,42.41,66.80,0.7898,-1,-1,-1
23,20,1499.53,101.66,35.93,35.60,0.7008,-1,-1,-1
23,21,622.71,849.87,92.52,75.35,0.5918,-1,-1,-1
23,22,623.93,762.54,98.18,161.55,0.4217,-1,-1,-1
23,23,405.57,574.39,108.17,163.08,0.8661,-1,-1,-1
23,24,1303.59,8.95,27.12,18.61,0.4562,-1,-1,-1
23,26,6.99,666.73,59.67,351.26,0.4690,-1,-1,-1
24,1,105.61,531.95,109.67,156.46,0.9002,-1,-1,-1
24,2,669.99,778.37,192.03,119.44,0.9272,-1,-1,-1
24,3,288.31,525.26,104.46,160.61,0.8689,-1,-1,-1
24,4,763.12,347.28,56.86,103.73,0.8677,-1,-1,-1
24,5,165.33,212.52,57.41,85.49,0.8663,-1,-1,-1
24,6,311.37,464.96,94.38,137.60,0.3905,-1,-1,-1
24,7,392.67,650.58,132.63,184.89,0.8094,-1,-1,-1
24,8,294.51,450.97,75.98,120.17,0.6407,-1,-1,-1
24,9,823.51,204.84,48.88,84.96,0.8648,-1,-1,-1
24,10,864.70,199.96,53.64,91.09,0.8358,-1,-1,-1
24,11,774.39,273.23,65.12,90.44,0.8677,-1,-1,-1
24,12,518.84,552.53,-71.07,-112.20,1.0000,-1,-1,-1
24,13,495.39,484.47,91.55,147.44,0.8851,-1,-1,-1
24,14,649.63,253.38,49.88,94.83,0.8761,-1,-1,-1
24,15,1061.95,82.28,38.10,63.66,0.7788,-1,-1,-1
24,16,537.70,468.47,79.00,108.65,0.8095,-1,-1,-1
24,17,692.33,303.40,61.15,104.45,0.8997,-1,-1,-1
24,18,1020.28,80.55,30.36,55.39,0.6880,-1,-1,-1
24,19,985.28,127.65,43.07,67.22,0.8109,-1,-1,-1
24,20,1499.73,100.65,37.05,36.90,0.7157,-1,-1,-1
24,21,622.24,848.46,93.00,75.95,0.5766,-1,-1,-1
24,22,627.12,761.28,100.04,162.18,0.5357,-1,-1,-1
24,23,407.05,574.52,108.67,163.61,0.8754,-1,-1,-1
24,24,1303.98,9.19,26.41,18.04,0.4292,-1,-1,-1
24,26,7.08,649.26,60.79,349.14,0.5353,-1,-1,-1
25,1,109.20,530.17,109.15,156.64,0.8867,-1,-1,-1
25,2,670.58,778.98,190.93,118.77,0.9330,-1,-1,-1
25,3,296.25,526.67,100.94,154.83,0.8644,-1,-1,-1
25,4,764.81,346.90,55.43,100.03,0.8961,-1,-1,-1
25,5,168.06,211.49,57.89,85.89,0.8642,-1,-1,-1
25,6,305.30,464.17,96.46,140.64,1.0000,-1,-1,-1
25,7,396.90,654.83,128.86,179.77,0.7341,-1,-1,-1
25,8,296.49,449.61,75.76,119.22,0.7799,-1,-1,-1
25,9,825.88,204.05,47.62,83.28,0.8583,-1,-1,-1
25,10,864.90,199.55,53.65,90.80,0.8314,-1,-1,-1
25,11,776.06,273.43,64.57,89.53,0.8757,-1,-1,-1
25,12,524.84,551.29,-78.61,-124.10,1.0000,-1,-1,-1
25,13,497.08,483.84,91.75,147.41,0.8944,-1,-1,-1
25,14,647.39,254.33,49.79,95.13,0.8372,-1,-1,-1
25,15,1062.53,82.89,37.90,63.40,0.8084,-1,-1,-1
25,16,539.95,468.62,79.36,109.19,0.8210,-1,-1,-1
25,17,693.18,302.69,61.30,104.97,0.8961,-1,-1,-1
25,18,1019.69,79.94,31.08,56.07,0.7180,-1,-1,-1
25,19,988.65,127.04,43.46,67.86,0.8339,-1,-1,-1
25,20,1499.80,99.80,37.30,37.40,0.7167,-1,-1,-1
25,21,622.46,847.46,93.16,76.40,0.5445,-1,-1,-1
25,22,628.29,760.34,101.52,162.70,0.4129,-1,-1,-1
25,23,410.51,576.69,107.25,160.48,0.9248,-1,-1,-1
25,24,1304.05,9.37,26.06,17.70,0.4526,-1,-1,-1
25,26,10.20,655.51,60.25,331.21,0.5442,-1,-1,-1
25,32,3.65,832.97,86.39,246.92,0.4325,-1,-1,-1
25,33,0.74,529.09,49.34,249.71,0.4870,-1,-1,-1
26,1,112.56,529.04,108.27,156.31,0.8969,-1,-1,-1
26,2,670.47,778.54,191.43,119.30,0.9307,-1,-1,-1
26,3,299.15,520.83,103.55,159.41,0.8142,-1,-1,-1
26,4,763.21,347.10,60.79,109.62,0.8874,-1,-1,-1
26,5,169.36,209.95,58.32,86.27,0.8567,-1,-1,-1
26,6,299.23,463.38,98.55,143.68,1.0000,-1,-1,-1
26,7,406.60,683.74,110.99,150.29,0.7171,-1,-1,-1
26,8,300.56,449.08,73.28,114.33,0.8093,-1,-1,-1
26,9,826.80,204.04,47.21,83.05,0.8621,-1,-1,-1
26,10,864.65,198.78,54.48,91.98,0.8387,-1,-1,-1
26,11,776.80,272.81,64.24,89.02,0.8753,-1,-1,-1
26,12,530.83,550.04,-86.14,-135.99,1.0000,-1,-1,-1
26,13,497.45,483.41,91.90,147.70,0.8900,-1,-1,-1
26,14,648.01,255.26,50.75,96.35,0.8825,-1,-1,-1
26,15,1063.72,84.58,37.26,62.18,0.7944,-1,-1,-1
26,16,541.29,469.03,79.47,109.44,0.8718,-1,-1,-1
26,17,694.16,302.54,60.90,104.38,0.9114,-1,-1,-1
26,18,1019.57,80.07,31.32,55.92,0.7148,-1,-1,-1
26,19,990.70,128.47,43.19,66.81,0.8400,-1,-1,-1
26,20,1500.11,99.91,36.94,37.22,0.7125,-1,-1,-1
26,21,622.30,847.12,93.23,76.82,0.5964,-1,-1,-1
26,22,625.77,758.18,103.04,164.89,0.5487,-1,-1,-1
26,23,411.30,578.99,106.61,158.06,0.9226,-1,-1,-1
26,24,1303.68,9.28,26.44,17.87,0.4288,-1,-1,-1
26,26,11.19,669.60,59.37,312.55,0.7016,-1,-1,-1
26,32,5.66,838.31,84.84,241.11,0.4383,-1,-1,-1
26,33,4.06,535.74,48.63,244.11,0.4896,-1,-1,-1
27,1,116.62,527.70,107.83,156.07,0.9364,-1,-1,-1
27,2,667.84,775.19,196.45,123.08,0.9370,-1,-1,-1
27,3,302.23,516.77,103.77,159.88,0.8583,-1,-1,-1
27,4,763.85,346.87,62.45,112.42,0.9064,-1,-1,-1
27,5,171.41,209.95,57.88,85.45,0.8543,-1,-1,-1
27,6,293.16,462.59,100.64,146.72,1.0000,-1,-1,-1
27,7,403.14,668.36,122.26,165.84,0.8049,-1,-1,-1
27,8,301.04,448.01,74.13,115.06,0.8309,-1,-1,-1
27,9,828.03,203.06,46.82,82.56,0.8599,-1,-1,-1
27,10,865.43,198.15,54.26,91.49,0.8243,-1,-1,-1
27,11,776.77,272.42,64.45,89.39,0.8749,-1,-1,-1
27,12,536.83,548.79,-93.67,-147.89,1.0000,-1,-1,-1
27,13,498.29,483.17,91.40,146.69,0.8863,-1,-1,-1
27,14,647.09,255.93,50.96,96.22,0.8614,-1,-1,-1
27,15,1064.41,84.40,37.48,62.46,0.8068,-1,-1,-1
27,16,543.08,468.72,79.24,109.23,0.8865,-1,-1,-1
27,17,693.85,301.42,61.43,105.32,0.9095,-1,-1,-1
27,18,1019.53,80.53,31.47,55.63,0.7567,-1,-1,-1
27,19,991.80,127.00,43.97,68.18,0.8321,-1,-1,-1
27,20,1499.94,99.12,37.27,37.82,0.7000,-1,-1,-1
27,21,624.12,850.48,88.90,73.07,0.6830,-1,-1,-1
27,22,621.63,758.21,101.89,164.75,0.3985,-1,-1,-1
27,23,411.64,579.71,107.36,157.74,0.9320,-1,-1,-1
27,24,1303.16,9.46,27.07,18.20,0.4357,-1,-1,-1
27,26,12.55,672.72,60.92,306.23,0.6895,-1,-1,-1
27,32,4.85,823.74,90.20,255.23,0.5472,-1,-1,-1
27,33,7.38,546.36,47.29,233.46,0.5080,-1,-1,-1
28,1,118.90,527.39,107.05,155.40,0.9410,-1,-1,-1
28,2,667.00,773.45,198.66,125.23,0.9372,-1,-1,-1
28,3,305.32,516.09,103.19,158.91,0.8652,-1,-1,-1
28,4,764.67,346.56,62.55,112.23,0.9007,-1,-1,-1
28,5,172.84,208.37,57.45,84.80,0.8475,-1,-1,-1
28,6,287.08,461.79,102.72,149.76,1.0000,-1,-1,-1
28,7,403.03,664.06,125.42,170.05,0.7635,-1,-1,-1
28,8,299.69,448.12,77.25,119.74,0.7997,-1,-1,-1
28,9,829.21,202.72,46.70,82.54,0.8354,-1,-1,-1
28,10,866.39,198.40,53.76,90.39,0.8240,-1,-1,-1
28,11,776.33,272.48,64.41,89.32,0.8652,-1,-1,-1
28,12,542.82,547.54,-101.21,-159.78,1.0000,-1,-1,-1
28,13,499.14,479.81,92.76,148.80,0.8842,-1,-1,-1
28,14,645.97,255.98,51.93,97.62,0.8893,-1,-1,-1
28,15,1064.52,83.43,37.86,63.18,0.8293,-1,-1,-1
28,16,544.08,468.12,79.39,109.79,0.8684,-1,-1,-1
28,17,693.37,301.31,61.43,105.22,0.9149,-1,-1,-1
28,18,1019.66,81.63,31.44,55.11,0.7591,-1,-1,-1
28,19,992.75,126.61,44.01,68.46,0.8505,-1,-1,-1
28,20,1500.50,99.18,36.73,37.42,0.6907,-1,-1,-1
28,21,625.77,855.69,83.65,67.90,0.7133,-1,-1,-1
28,22,622.48,770.53,94.54,152.82,0.4723,-1,-1,-1
28,23,412.65,582.14,106.58,154.88,0.9005,-1,-1,-1
28,24,1303.11,9.45,27.16,18.12,0.4014,-1,-1,-1
28,26,13.59,676.16,62.89,301.47,0.7357,-1,-1,-1
28,32,4.87,821.06,91.59,257.73,0.5652,-1,-1,-1
28,33,8.88,555.53,46.21,223.33,0.4943,-1,-1,-1
29,1,121.87,524.01,107.91,157.12,0.9357,-1,-1,-1
29,2,666.33,772.40,199.80,126.67,0.9467,-1,-1,-1
29,3,310.14,515.48,102.29,158.10,0.8993,-1,-1,-1
29,4,765.53,345.02,62.97,112.61,0.9013,-1,-1,-1
29,5,174.63,207.93,57.47,84.59,0.8640,-1,-1,-1
29,6,281.01,461.00,104.81,152.81,1.0000,-1,-1,-1
29,7,402.18,653.01,132.07,180.31,0.8505,-1,-1,-1
29,8,299.23,448.05,77.86,120.80,0.6964,-1,-1,-1
29,9,830.79,202.41,46.43,82.52,0.8255,-1,-1,-1
29,10,866.39,197.58,53.78,90.60,0.8130,-1,-1,-1
29,11,776.51,271.96,64.25,89.47,0.8662,-1,-1,-1
29,12,548.82,546.30,-108.74,-171.67,1.0000,-1,-1,-1
29,13,501.47,478.83,92.55,148.33,0.8894,-1,-1,-1
29,14,645.33,256.72,52.16,97.26,0.8674,-1,-1,-1
29,15,1065.06,82.56,37.77,63.12,0.8229,-1,-1,-1
29,16,545.27,467.98,78.47,109.00,0.8805,-1,-1,-1
29,17,693.44,300.87,61.52,105.37,0.9007,-1,-1,-1
29,18,1019.31,81.57,31.65,54.92,0.6961,-1,-1,-1
29,19,992.67,128.59,43.40,66.79,0.8143,-1,-1,-1
29,20,1500.98,99.35,36.08,36.84,0.6853,-1,-1,-1
29,21,627.47,859.03,79.95,63.79,0.6953,-1,-1,-1
29,22,619.74,762.61,98.25,160.33,0.4454,-1,-1,-1
29,23,413.21,581.40,107.76,154.99,0.8844,-1,-1,-1
29,24,1303.28,9.49,27.04,17.95,0.4129,-1,-1,-1
29,26,14.26,680.00,66.97,306.84,0.7275,-1,-1,-1
29,32,5.59,822.56,91.64,255.78,0.5043,-1,-1,-1
29,33,11.28,569.94,44.58,208.21,0.6329,-1,-1,-1
30,1,124.39,521.49,108.20,157.97,0.9356,-1,-1,-1
30,2,667.05,773.52,198.27,126.28,0.9435,-1,-1,-1
30,3,312.74,514.24,101.69,157.80,0.8944,-1,-1,-1
30,4,765.56,343.85,63.46,112.98,0.9046,-1,-1,-1
30,5,177.02,207.16,57.41,84.57,0.8632,-1,-1,-1
30,6,274.94,460.21,106.90,155.85,1.0000,-1,-1,-1
30,7,403.68,652.55,131.66,180.48,0.8764,-1,-1,-1
30,8,298.53,447.23,79.43,122.96,0.7304,-1,-1,-1
30,9,831.58,202.10,46.05,82.29,0.8394,-1,-1,-1
30,10,866.22,198.11,53.88,90.47,0.8524,-1,-1,-1
30,11,776.49,271.58,64.28,89.93,0.8645,-1,-1,-1
30,12,554.82,545.05,-116.28,-183.57,1.0000,-1,-1,-1
30,13,502.11,477.64,92.53,148.54,0.8905,-1,-1,-1
30,14,643.88,257.07,52.53,97.09,0.8860,-1,-1,-1
30,15,1065.84,82.05,37.59,62.95,0.8230,-1,-1,-1
30,16,545.66,467.02,78.20,108.91,0.8771,-1,-1,-1
30,17,692.93,300.19,61.93,105.76,0.9008,-1,-1,-1
30,18,1017.24,80.38,33.12,57.41,0.7455,-1,-1,-1
30,19,993.43,127.84,43.64,67.18,0.8039,-1,-1,-1
30,20,1501.33,99.69,35.37,36.15,0.6773,-1,-1,-1
30,21,626.51,858.24,82.72,65.57,0.6531,-1,-1,-1
30,22,619.99,763.01,97.52,160.31,0.4304,-1,-1,-1
30,23,412.97,576.42,110.84,158.55,0.8590,-1,-1,-1
30,24,1303.25,9.52,27.01,17.93,1.0000,-1,-1,-1
30,26,14.93,680.65,69.35,303.33,0.6429,-1,-1,-1
30,32,4.42,814.24,95.18,264.28,0.4604,-1,-1,-1
30,33,12.68,559.45,48.38,218.16,0.6484,-1,-1,-1
31,1,127.27,519.79,107.64,157.14,0.9249,-1,-1,-1
31,2,667.97,774.58,196.42,125.54,0.9430,-1,-1,-1
31,3,317.31,515.03,99.90,154.91,0.9125,-1,-1,-1
31,4,766.06,343.54,63.44,112.75,0.8907,-1,-1,-1
31,5,180.00,207.37,57.30,84.38,0.8768,-1,-1,-1
31,6,268.87,459.42,108.98,158.89,1.0000,-1,-1,-1
31,7,405.76,652.12,131.29,180.46,0.8699,-1,-1,-1
31,8,300.09,446.95,77.92,120.04,0.7982,-1,-1,-1
31,9,832.82,202.06,45.02,80.72,0.8499,-1,-1,-1
31,10,865.77,197.84,54.15,90.84,0.8331,-1,-1,-1
31,11,777.36,271.65,63.91,89.91,0.8592,-1,-1,-1
31,12,560.81,543.80,-123.81,-195.46,1.0000,-1,-1,-1
31,13,504.21,477.24,92.67,148.32,0.8994,-1,-1,-1
31,14,642.15,258.65,52.50,96.36,0.8794,-1,-1,-1
31,15,1066.60,81.81,37.45,62.85,0.8574,-1,-1,-1
31,16,546.78,466.05,77.48,107.77,0.8451,-1,-1,-1
31,17,693.85,299.81,62.12,106.09,0.9059,-1,-1,-1
31,18,1016.35,80.83,33.53,57.76,0.7894,-1,-1,-1
31,19,994.08,128.07,43.64,66.85,0.8137,-1,-1,-1
31,20,1501.23,99.59,35.43,36.41,0.6836,-1,-1,-1
31,21,625.25,855.07,88.28,69.71,0.6290,-1,-1,-1
31,22,621.91,761.05,99.21,162.60,0.4603,-1,-1,-1
31,23,414.59,573.45,110.43,156.80,0.8602,-1,-1,-1
31,24,1303.23,9.82,27.04,17.83,0.3385,-1,-1,-1
31,26,15.26,671.97,72.91,305.00,0.6857,-1,-1,-1
31,32,4.86,811.62,96.89,267.05,0.6382,-1,-1,-1
31,33,13.38,551.79,51.97,225.86,0.6421,-1,-1,-1
32,1,130.35,518.32,107.44,157.13,0.9084,-1,-1,-1
32,2,665.74,772.18,199.43,128.14,0.9378,-1,-1,-1
32,3,318.53,512.56,101.11,156.53,0.8561,-1,-1,-1
32,4,766.88,342.79,63.21,112.22,0.8772,-1,-1,-1
32,5,181.74,207.65,56.78,83.87,0.8487,-1,-1,-1
32,6,262.80,458.63,111.07,161.93,1.0000,-1,-1,-1
32,7,407.35,651.78,130.68,180.19,0.8767,-1,-1,-1
32,8,301.79,447.33,74.52,114.06,0.8136,-1,-1,-1
32,9,833.21,200.83,45.06,81.30,0.8538,-1,-1,-1
32,10,865.05,197.90,54.33,90.95,0.8403,-1,-1,-1
32,11,777.31,272.25,63.24,89.22,0.8553,-1,-1,-1
32,12,566.81,542.56,-131.35,-207.36,1.0000,-1,-1,-1
32,13,505.14,477.28,92.67,147.86,0.8986,-1,-1,-1
32,14,640.99,258.74,52.96,96.70,0.8545,-1,-1,-1
32,15,1066.84,81.97,37.23,62.55,0.8489,-1,-1,-1
32,16,547.51,466.88,76.37,105.83,0.8389,-1,-1,-1
32,17,694.92,299.51,61.92,105.88,0.9017,-1,-1,-1
32,18,1015.77,82.53,33.17,56.72,0.7319,-1,-1,-1
32,19,994.23,125.20,45.34,69.69,0.8250,-1,-1,-1
32,20,1501.30,99.60,35.09,36.25,0.6743,-1,-1,-1
32,21,623.72,851.86,93.57,73.86,0.6467,-1,-1,-1
32,22,624.36,766.81,96.65,157.31,0.4743,-1,-1,-1
32,23,415.52,572.35,110.96,156.29,0.9080,-1,-1,-1
32,24,1303.54,10.51,25.24,16.57,0.3213,-1,-1,-1
32,26,15.31,669.96,75.75,303.56,0.7398,-1,-1,-1
32,32,6.32,814.41,97.03,264.46,0.6250,-1,-1,-1
32,33,14.74,557.97,53.05,220.27,0.6390,-1,-1,-1
33,1,133.38,517.57,106.34,155.75,0.8933,-1,-1,-1
33,2,666.10,771.68,199.95,129.22,0.9405,-1,-1,-1
33,3,324.68,507.26,102.41,160.08,0.4417,-1,-1,-1
33,4,768.21,342.23,62.67,110.91,0.8819,-1,-1,-1
33,5,184.20,205.97,57.46,84.86,0.8684,-1,-1,-1
33,6,256.72,457.84,113.15,164.97,1.0000,-1,-1,-1
33,7,409.45,650.38,130.18,180.02,0.8480,-1,-1,-1
33,8,304.85,446.01,71.05,108.08,0.6349,-1,-1,-1
33,9,834.40,200.35,43.61,78.81,0.8378,-1,-1,-1
33,10,865.13,197.12,55.07,91.54,0.8196,-1,-1,-1
33,11,777.59,271.83,63.11,89.57,0.8598,-1,-1,-1
33,12,572.80,541.31,-138.88,-219.25,1.0000,-1,-1,-1
33,13,506.97,476.80,92.88,148.11,0.9016,-1,-1,-1
33,14,639.43,259.38,53.75,97.60,0.8611,-1,-1,-1
33,15,1066.93,81.46,37.00,62.52,0.8821,-1,-1,-1
33,16,548.27,466.82,76.23,105.26,0.8558,-1,-1,-1
33,17,696.33,299.47,61.16,104.64,0.9043,-1,-1,-1
33,18,1015.15,83.50,33.20,56.57,0.7323,-1,-1,-1
33,19,996.13,125.94,45.42,69.58,0.8232,-1,-1,-1
33,20,1501.98,99.37,35.15,36.51,0.6813,-1,-1,-1
33,21,624.85,855.86,88.57,69.69,0.6725,-1,-1,-1
33,22,619.84,757.98,101.08,166.87,0.4145,-1,-1,-1
33,23,415.78,571.84,111.82,156.26,0.8697,-1,-1,-1
33,24,1303.06,10.32,25.64,16.84,0.3512,-1,-1,-1
33,26,16.91,671.24,78.64,300.20,0.7381,-1,-1,-1
33,32,6.21,806.91,100.86,272.28,0.6268,-1,-1,-1
33,33,16.88,563.77,54.54,214.37,0.6753,-1,-1,-1
34,1,135.37,516.01,106.39,156.37,0.8895,-1,-1,-1
34,2,665.89,771.32,200.31,130.28,0.9474,-1,-1,-1
34,3,319.18,509.33,101.73,156.78,0.7468,-1,-1,-1
34,4,769.11,341.03,59.20,103.69,0.8678,-1,-1,-1
34,5,185.35,206.09,57.14,84.48,0.8613,-1,-1,-1
34,6,250.65,457.05,115.24,168.01,1.0000,-1,-1,-1
34,7,413.81,658.88,123.53,170.50,0.8607,-1,-1,-1
34,8,304.56,446.03,69.72,105.91,0.6822,-1,-1,-1
34,9,834.53,200.67,43.52,78.93,0.8463,-1,-1,-1
34,10,865.34,196.47,55.65,92.33,0.8352,-1,-1,-1
34,11,777.04,271.89,62.53,89.30,0.8576,-1,-1,-1
34,12,578.80,540.06,-146.42,-231.15,1.0000,-1,-1,-1
34,13,507.54,476.28,93.20,148.60,0.8913,-1,-1,-1
34,14,637.90,261.26,54.11,97.46,0.8429,-1,-1,-1
34,15,1067.05,81.25,36.91,62.49,0.8760,-1,-1,-1
34,16,548.57,467.79,75.73,104.01,0.8522,-1,-1,-1
34,17,696.69,298.80,61.46,105.19,0.9018,-1,-1,-1
34,18,1014.47,84.05,33.33,56.38,0.7894,-1,-1,-1
34,19,997.15,126.48,45.20,68.99,0.8006,-1,-1,-1
34,20,1501.27,98.36,35.67,37.34,0.6649,-1,-1,-1
34,21,626.26,859.91,83.74,65.31,0.7176,-1,-1,-1
34,22,618.58,755.46,101.35,169.46,0.4052,-1,-1,-1
34,23,416.09,571.91,112.43,156.02,0.8996,-1,-1,-1
34,24,1303.02,10.41,25.47,16.73,1.0000,-1,-1,-1
34,26,16.40,669.17,82.76,303.32,0.7889,-1,-1,-1
34,32,5.73,801.17,103.71,277.57,0.5709,-1,-1,-1
34,33,17.21,566.07,56.96,212.49,0.6523,-1,-1,-1
34,35,282.01,499.62,51.46,113.75,0.6994,-1,-1,-1
35,1,138.02,513.41,107.13,158.01,0.9165,-1,-1,-1
35,2,667.31,772.93,197.81,129.16,0.9458,-1,-1,-1
35,3,318.19,508.49,101.50,153.81,0.6032,-1,-1,-1
35,4,769.24,340.14,62.33,109.48,0.8821,-1,-1,-1
35,5,188.36,205.38,56.20,83.44,0.8565,-1,-1,-1
35,6,244.58,456.26,117.33,171.05,1.0000,-1,-1,-1
35,7,414.32,654.90,126.13,174.12,0.8655,-1,-1,-1
35,8,302.21,446.42,72.97,110.98,0.6687,-1,-1,-1
35,9,835.97,199.70,43.94,79.99,0.8128,-1,-1,-1
35,10,865.77,196.53,55.58,92.21,0.8486,-1,-1,-1
35,11,776.14,271.48,62.88,90.06,0.8507,-1,-1,-1
35,13,508.31,475.72,93.56,149.08,0.8845,-1,-1,-1
35,14,635.21,261.83,55.07,98.18,0.8571,-1,-1,-1
35,15,1067.16,80.70,36.92,62.78,0.8910,-1,-1,-1
35,16,548.64,465.03,77.87,106.90,0.8632,-1,-1,-1
35,17,697.50,299.53,60.64,103.77,0.9124,-1,-1,-1
35,18,1013.58,85.12,32.81,55.31,0.7764,-1,-1,-1
35,19,999.08,129.26,44.05,66.49,0.7699,-1,-1,-1
35,20,1501.74,98.83,35.21,36.97,0.6739,-1,-1,-1
35,21,626.34,862.40,81.74,63.01,0.6769,-1,-1,-1
35,22,619.85,758.15,99.49,166.63,0.4494,-1,-1,-1
35,23,417.63,572.18,111.35,153.63,0.8763,-1,-1,-1
35,24,1302.98,10.50,25.29,16.62,1.0000,-1,-1,-1
35,26,16.25,659.54,87.76,309.71,0.8231,-1,-1,-1
35,32,5.66,794.90,106.97,283.68,0.5888,-1,-1,-1
35,33,16.71,560.00,61.26,217.96,0.6964,-1,-1,-1
35,35,278.29,500.19,56.75,124.77,0.6381,-1,-1,-1
36,1,140.50,512.10,106.90,158.65,0.9267,-1,-1,-1
36,2,669.95,776.00,192.80,126.16,0.9466,-1,-1,-1
36,3,315.58,506.74,98.05,146.22,0.5449,-1,-1,-1
36,4,769.73,340.83,62.10,108.73,0.8915,-1,-1,-1
36,5,190.11,205.60,55.35,82.36,0.8403,-1,-1,-1
36,6,238.51,455.46,119.41,174.10,1.0000,-1,-1,-1
36,7,413.58,647.60,130.29,180.60,0.8374,-1,-1,-1
36,8,299.20,447.13,75.59,116.38,0.6378,-1,-1,-1
36,9,836.35,199.57,44.35,81.03,0.8092,-1,-1,-1
36,10,866.13,196.56,55.49,92.41,0.8679,-1,-1,-1
36,11,775.37,272.16,62.44,89.62,0.8426,-1,-1,-1
36,13,508.67,475.72,93.42,148.96,0.8816,-1,-1,-1
36,14,632.58,263.86,55.26,97.13,0.8601,-1,-1,-1
36,15,1067.28,80.42,36.92,62.95,0.8917,-1,-1,-1
36,16,548.25,463.75,79.79,109.62,0.8753,-1,-1,-1
36,17,697.60,298.33,61.04,104.69,0.9160,-1,-1,-1
36,18,1013.36,86.50,32.64,54.57,0.7791,-1,-1,-1
36,19,999.72,130.64,44.27,65.96,0.7654,-1,-1,-1
36,20,1501.70,99.00,34.80,36.65,0.6632,-1,-1,-1
36,21,619.32,850.96,96.09,75.29,0.6435,-1,-1,-1
36,22,619.92,756.67,100.03,168.34,0.5482,-1,-1,-1
36,23,415.61,572.44,112.21,153.93,0.7658,-1,-1,-1
36,24,1302.94,10.59,25.12,16.50,1.0000,-1,-1,-1
36,26,17.47,665.11,89.76,303.40,0.8322,-1,-1,-1
36,32,7.58,800.90,106.38,277.96,0.8269,-1,-1,-1
36,33,18.87,572.99,61.28,204.71,0.6670,-1,-1,-1
36,35,276.96,503.30,58.30,126.70,0.5987,-1,-1,-1
37,1,144.08,511.08,105.69,157.78,0.9464,-1,-1,-1
37,2,668.51,774.40,194.77,128.09,0.9448,-1,-1,-1
37,3,313.50,507.96,98.93,145.54,0.6687,-1,-1,-1
37,4,770.40,340.69,62.41,108.98,0.8664,-1,-1,-1
37,5,192.42,204.81,55.69,82.93,0.8718,-1,-1,-1
37,6,232.44,454.67,121.50,177.14,1.0000,-1,-1,-1
37,7,416.75,649.47,128.97,178.85,0.8494,-1,-1,-1
37,8,296.76,446.23,74.30,117.03,0.7720,-1,-1,-1
37,9,837.53,197.86,45.47,83.85,0.7567,-1,-1,-1
37,10,868.75,198.30,53.87,89.84,0.8036,-1,-1,-1
37,11,775.71,272.11,61.89,88.91,0.8514,-1,-1,-1
37,13,509.99,475.15,93.49,149.01,0.8662,-1,-1,-1
37,14,630.43,263.88,56.41,98.30,0.8652,-1,-1,-1
37,15,1068.01,79.99,36.95,63.33,0.8957,-1,-1,-1
37,16,549.34,463.53,79.01,108.74,0.8700,-1,-1,-1
37,17,698.54,299.07,60.42,103.49,0.9118,-1,-1,-1
37,18,1013.96,87.03,32.82,54.37,0.7793,-1,-1,-1
37,19,1000.00,128.26,46.24,68.55,0.7873,-1,-1,-1
37,20,1501.99,98.48,35.11,37.02,0.6751,-1,-1,-1
37,21,618.70,847.99,99.16,78.62,0.6040,-1,-1,-1
37,22,620.02,753.62,101.22,171.73,0.5028,-1,-1,-1
37,23,418.37,572.25,112.68,153.40,0.8372,-1,-1,-1
37,24,1302.90,10.68,24.95,16.39,1.0000,-1,-1,-1
37,26,16.64,657.14,95.96,313.32,0.8128,-1,-1,-1
37,32,9.05,803.64,107.23,275.49,0.8746,-1,-1,-1
37,33,21.12,588.81,60.75,188.63,0.6726,-1,-1,-1
37,35,272.75,508.10,58.46,125.52,0.5918,-1,-1,-1
38,1,146.27,509.91,105.97,159.13,0.9350,-1,-1,-1
38,2,666.83,773.04,196.25,129.74,0.9463,-1,-1,-1
38,3,327.63,507.67,99.76,147.69,0.6807,-1,-1,-1
38,4,770.81,339.41,62.41,108.63,0.8689,-1,-1,-1
38,5,194.77,204.20,55.99,83.53,0.8593,-1,-1,-1
38,6,226.37,453.88,123.59,180.18,1.0000,-1,-1,-1
38,7,417.44,648.29,129.53,179.83,0.8600,-1,-1,-1
38,8,297.07,446.11,72.71,116.57,0.8818,-1,-1,-1
38,9,838.10,197.43,45.51,84.91,0.7854,-1,-1,-1
38,10,869.42,198.29,53.71,89.53,0.8254,-1,-1,-1
38,11,775.28,271.62,61.83,88.98,0.8525,-1,-1,-1
38,13,511.62,475.02,93.43,148.55,0.8533,-1,-1,-1
38,14,628.55,264.38,57.10,98.73,0.8599,-1,-1,-1
38,15,1068.95,79.78,36.63,63.00,0.8881,-1,-1,-1
38,16,550.01,462.62,78.84,108.58,0.8880,-1,-1,-1
38,17,698.42,299.07,60.69,103.87,0.9181,-1,-1,-1
38,18,1014.29,87.46,32.85,53.93,0.7854,-1,-1,-1
38,19,1000.77,126.79,46.98,69.94,0.7669,-1,-1,-1
38,20,1502.73,98.59,35.19,37.05,0.6685,-1,-1,-1
38,21,620.61,851.43,94.49,74.99,0.5292,-1,-1,-1
38,22,624.72,756.87,100.39,168.42,0.6420,-1,-1,-1
38,23,419.33,573.43,113.15,152.90,0.8111,-1,-1,-1
38,24,1302.86,10.77,24.77,16.27,1.0000,-1,-1,-1
38,26,15.47,651.17,101.31,321.00,0.8494,-1,-1,-1
38,32,9.07,805.24,108.07,273.39,0.8621,-1,-1,-1
38,33,16.68,559.60,72.31,216.64,0.7181,-1,-1,-1
38,35,268.06,511.30,59.88,127.25,0.5865,-1,-1,-1
39,1,150.21,509.33,104.38,157.54,0.9321,-1,-1,-1
39,2,663.78,771.11,198.98,132.39,0.9459,-1,-1,-1
39,3,339.01,507.18,99.98,149.32,0.7929,-1,-1,-1
39,4,772.31,338.96,62.69,109.31,0.8554,-1,-1,-1
39,5,195.92,203.39,56.19,84.04,0.8465,-1,-1,-1
39,6,220.29,453.09,125.67,183.22,1.0000,-1,-1,-1
39,7,418.18,645.50,131.09,182.52,0.8623,-1,-1,-1
39,8,297.54,445.16,73.09,119.16,0.8990,-1,-1,-1
39,9,838.23,196.84,45.83,86.40,0.8236,-1,-1,-1
39,10,869.70,199.16,53.50,88.99,0.8545,-1,-1,-1
39,11,775.12,271.35,61.67,88.93,0.8612,-1,-1,-1
39,13,513.05,474.24,93.33,148.41,0.8549,-1,-1,-1
39,14,626.77,265.54,57.56,99.10,0.8448,-1,-1,-1
39,15,1069.66,79.68,36.74,63.37,0.8906,-1,-1,-1
39,16,551.02,462.07,78.96,109.37,0.8698,-1,-1,-1
39,17,698.66,298.85,60.84,104.13,0.9157,-1,-1,-1
39,18,1013.94,88.11,32.69,53.22,0.7947,-1,-1,-1
39,19,1001.37,128.22,46.51,69.13,0.7572,-1,-1,-1
39,20,1502.89,99.07,34.48,36.23,0.6708,-1,-1,-1
39,21,623.28,855.75,87.24,68.74,0.6277,-1,-1,-1
39,22,620.70,755.18,99.58,168.64,0.5351,-1,-1,-1
39,23,420.71,573.36,114.18,152.86,0.8909,-1,-1,-1
39,24,1302.82,10.86,24.60,16.16,1.0000,-1,-1,-1
39,26,16.98,659.14,102.46,312.60,0.8676,-1,-1,-1
39,32,8.42,800.65,111.49,278.20,0.8637,-1,-1,-1
39,33,14.92,548.58,78.36,226.99,0.6947,-1,-1,-1
39,35,260.38,517.99,58.03,123.28,0.5633,-1,-1,-1
40,1,153.37,508.62,103.16,156.56,0.9399,-1,-1,-1
40,2,664.97,774.19,195.48,130.49,0.9355,-1,-1,-1
40,3,344.55,504.73,99.76,150.65,0.7765,-1,-1,-1
40,4,772.84,338.82,62.72,109.19,0.8731,-1,-1,-1
40,5,197.01,202.12,56.52,84.96,0.8529,-1,-1,-1
40,6,214.22,452.30,127.76,186.26,1.0000,-1,-1,-1
40,7,419.84,646.87,129.59,180.80,0.8523,-1,-1,-1
40,8,298.97,444.68,72.66,120.05,0.8981,-1,-1,-1
40,9,839.79,197.53,43.75,83.31,0.8197,-1,-1,-1
40,10,869.34,199.32,53.75,89.10,0.8758,-1,-1,-1
40,11,775.21,272.48,61.14,88.08,0.8471,-1,-1,-1
40,13,514.46,474.14,93.45,148.46,0.8560,-1,-1,-1
40,14,624.79,266.26,57.58,98.57,0.8439,-1,-1,-1
40,15,1069.86,79.96,36.61,63.36,0.8970,-1,-1,-1
40,16,551.78,461.49,78.76,109.50,0.8551,-1,-1,-1
40,17,699.26,298.77,60.66,103.71,0.9153,-1,-1,-1
40,18,1013.49,88.61,32.75,53.00,0.7569,-1,-1,-1
40,19,1002.58,129.04,46.01,68.20,0.7055,-1,-1,-1
40,20,1503.61,99.02,34.66,36.17,0.6722,-1,-1,-1
40,21,623.97,857.05,84.46,66.09,0.6100,-1,-1,-1
40,22,621.67,760.34,95.88,162.11,0.5457,-1,-1,-1
40,23,420.47,572.90,115.50,153.30,0.8490,-1,-1,-1
40,24,1302.78,10.95,24.43,16.05,1.0000,-1,-1,-1
40,26,16.12,651.66,106.89,316.35,0.8633,-1,-1,-1
40,32,7.21,793.99,115.43,284.95,0.8744,-1,-1,-1
40,33,14.18,543.57,82.71,231.85,0.7710,-1,-1,-1
40,35,256.90,520.75,56.99,120.69,0.5990,-1,-1,-1
41,1,157.52,509.05,101.50,154.78,0.9242,-1,-1,-1
41,2,666.40,778.08,191.38,128.14,0.9487,-1,-1,-1
41,3,346.37,503.86,98.24,150.08,0.8181,-1,-1,-1
41,4,773.75,337.95,62.92,109.84,0.8666,-1,-1,-1
41,5,199.47,201.09,56.90,85.56,0.8516,-1,-1,-1
41,6,208.15,451.51,129.85,189.30,1.0000,-1,-1,-1
41,7,421.08,647.51,128.84,179.66,0.8363,-1,-1,-1
41,8,300.34,442.62,73.98,123.74,0.9191,-1,-1,-1
41,9,841.65,197.63,42.16,80.90,0.8237,-1,-1,-1
41,10,869.44,199.77,53.33,88.07,0.8502,-1,-1,-1
41,11,775.56,272.74,60.48,87.11,0.8576,-1,-1,-1
41,13,515.41,473.89,93.26,148.17,0.8688,-1,-1,-1
41,14,623.17,267.94,57.89,98.92,0.8377,-1,-1,-1
41,15,1069.99,80.39,36.42,63.09,0.8889,-1,-1,-1
41,16,552.72,460.85,78.42,109.50,0.8553,-1,-1,-1
41,17,699.98,299.01,60.57,103.17,0.9006,-1,-1,-1
41,18,1012.28,88.17,33.14,53.60,0.7543,-1,-1,-1
41,19,1003.91,129.71,45.69,67.69,0.7257,-1,-1,-1
41,20,1503.99,99.03,34.99,36.22,0.6715,-1,-1,-1
41,21,622.01,855.58,85.79,66.71,0.5552,-1,-1,-1
41,22,620.76,762.53,94.87,159.61,0.6946,-1,-1,-1
41,23,420.36,573.11,116.01,153.11,0.8008,-1,-1,-1
41,24,1302.93,11.83,25.01,16.50,0.3639,-1,-1,-1
41,26,16.22,652.22,110.18,316.06,0.8837,-1,-1,-1
41,32,6.60,789.40,118.34,289.12,0.8789,-1,-1,-1
41,33,21.19,584.41,73.33,189.49,0.9127,-1,-1,-1
41,35,259.41,523.21,60.83,124.68,0.4838,-1,-1,-1
42,1,161.09,508.73,100.37,153.51,0.9075,-1,-1,-1
42,2,665.42,778.66,191.35,128.65,0.9424,-1,-1,-1
42,3,345.03,503.68,96.64,149.67,0.8780,-1,-1,-1
42,4,773.19,331.58,65.18,114.95,0.8761,-1,-1,-1
42,5,201.47,201.14,56.70,84.98,0.8420,-1,-1,-1
42,6,202.08,450.72,131.93,192.34,1.0000,-1,-1,-1
42,7,421.98,646.79,128.80,179.86,0.7773,-1,-1,-1
42,8,302.13,442.82,73.85,124.51,0.9200,-1,-1,-1
42,9,843.12,197.32,40.93,78.89,0.8140,-1,-1,-1
42,10,869.46,199.41,53.47,87.82,0.7942,-1,-1,-1
42,11,774.86,272.89,60.52,87.33,0.8623,-1,-1,-1
42,13,516.44,473.26,93.12,147.73,0.8744,-1,-1,-1
42,14,622.81,268.69,58.87,100.32,0.8534,-1,-1,-1
42,15,1070.36,80.68,36.25,62.65,0.8959,-1,-1,-1
42,16,553.40,460.36,78.01,109.43,0.8500,-1,-1,-1
42,17,700.54,298.64,60.99,103.61,0.9138,-1,-1,-1
42,18,1011.61,87.45,33.16,53.46,0.7734,-1,-1,-1
42,19,1004.31,129.69,45.95,68.11,0.7392,-1,-1,-1
42,20,1504.06,99.58,34.66,35.55,0.6580,-1,-1,-1
42,21,624.49,858.75,82.22,63.05,0.5766,-1,-1,-1
42,22,619.89,759.02,96.32,162.60,0.5436,-1,-1,-1
42,23,420.81,574.60,115.67,151.63,0.8097,-1,-1,-1
42,24,1302.60,11.46,25.48,16.76,0.4117,-1,-1,-1
42,26,16.14,654.32,112.84,314.05,0.8900,-1,-1,-1
42,32,6.40,785.63,120.92,292.44,0.8596,-1,-1,-1
42,33,23.52,603.20,70.61,169.63,0.9176,-1,-1,-1
42,35,249.96,524.90,57.93,118.89,0.6095,-1,-1,-1
43,1,163.77,507.45,99.71,152.90,0.9002,-1,-1,-1
43,2,665.55,779.68,190.39,128.50,0.9484,-1,-1,-1
43,3,346.33,501.84,94.99,150.52,0.8655,-1,-1,-1
43,4,773.78,330.54,64.99,115.21,0.8938,-1,-1,-1
43,5,203.63,201.36,56.19,84.27,0.8864,-1,-1,-1
43,6,196.01,449.93,134.02,195.39,1.0000,-1,-1,-1
43,7,421.77,643.35,130.48,183.05,0.6234,-1,-1,-1
43,8,303.97,442.43,74.27,125.59,0.9361,-1,-1,-1
43,9,844.22,197.28,41.97,81.58,0.8087,-1,-1,-1
43,10,872.04,198.45,53.32,88.11,0.7896,-1,-1,-1
43,11,774.01,272.06,61.31,88.61,0.8571,-1,-1,-1
43,13,517.16,473.39,92.75,146.86,0.8656,-1,-1,-1
43,14,619.23,268.64,59.65,102.15,0.8816,-1,-1,-1
43,15,1070.88,81.29,36.22,62.21,0.8750,-1,-1,-1
43,16,552.71,459.46,78.25,110.15,0.8287,-1,-1,-1
43,17,701.25,299.04,60.81,103.13,0.8930,-1,-1,-1
43,18,1010.95,87.97,32.86,52.56,0.6787,-1,-1,-1
43,19,1002.69,127.56,47.46,70.44,0.7346,-1,-1,-1
43,20,1504.13,99.73,34.55,35.00,0.6327,-1,-1,-1
43,21,625.03,862.84,78.99,59.01,0.5067,-1,-1,-1
43,22,620.95,762.91,95.32,158.76,0.6171,-1,-1,-1
43,23,421.57,573.27,116.48,151.40,0.8227,-1,-1,-1
43,24,1301.55,11.11,26.78,17.64,0.4253,-1,-1,-1
43,26,16.46,654.27,116.78,315.61,0.8457,-1,-1,-1
43,32,4.08,774.17,126.00,303.54,0.8663,-1,-1,-1
43,33,25.12,607.96,73.24,163.78,0.9307,-1,-1,-1
43,35,243.01,528.09,55.91,115.18,0.6541,-1,-1,-1
43,38,432.52,749.68,108.00,74.24,0.6645,-1,-1,-1
44,1,166.99,507.22,98.87,152.15,0.8955,-1,-1,-1
44,2,665.49,780.49,190.18,128.89,0.9477,-1,-1,-1
44,3,347.97,501.17,92.69,149.91,0.8394,-1,-1,-1
44,4,774.65,328.57,65.61,116.99,0.8801,-1,-1,-1
44,5,205.67,201.59,56.29,83.90,0.8933,-1,-1,-1
44,6,189.93,449.13,136.10,198.43,1.0000,-1,-1,-1
44,7,436.44,655.13,103.34,140.84,0.6454,-1,-1,-1
44,8,304.98,442.09,74.51,126.31,0.9282,-1,-1,-1
44,9,844.73,196.67,42.02,82.30,0.8155,-1,-1,-1
44,10,872.97,198.72,53.36,88.24,0.7924,-1,-1,-1
44,11,773.31,270.98,62.17,90.08,0.8566,-1,-1,-1
44,13,517.45,472.54,93.33,147.81,0.8563,-1,-1,-1
44,14,617.62,271.56,57.83,99.12,0.8885,-1,-1,-1
44,15,1071.22,80.73,36.68,62.68,0.8893,-1,-1,-1
44,16,554.27,459.82,77.66,109.88,0.8265,-1,-1,-1
44,17,701.22,297.91,61.05,103.76,0.9026,-1,-1,-1
44,18,1011.36,88.57,33.19,52.59,0.6619,-1,-1,-1
44,19,1002.86,126.56,47.60,70.98,0.7217,-1,-1,-1
44,20,1503.83,99.71,34.78,34.91,0.6303,-1,-1,-1
44,21,624.58,865.67,77.92,56.85,0.6593,-1,-1,-1
44,22,618.77,764.04,95.45,158.31,0.5386,-1,-1,-1
44,23,422.12,571.33,117.99,152.25,0.8861,-1,-1,-1
44,24,1301.02,10.76,27.62,18.26,0.4353,-1,-1,-1
44,26,17.26,664.63,116.99,305.97,0.8749,-1,-1,-1
44,32,5.03,777.19,125.89,300.55,0.8571,-1,-1,-1
44,33,24.27,607.88,77.74,163.68,0.9342,-1,-1,-1
44,35,240.35,529.33,53.75,111.31,0.7082,-1,-1,-1
44,38,403.24,704.36,171.41,119.43,0.6760,-1,-1,-1
45,1,168.57,505.45,98.35,152.34,0.9117,-1,-1,-1
45,2,667.53,783.70,185.69,126.04,0.9520,-1,-1,-1
45,3,350.35,499.10,90.09,149.66,0.8381,-1,-1,-1
45,4,776.49,330.00,63.64,113.40,0.7949,-1,-1,-1
45,5,208.13,201.10,56.41,83.77,0.9010,-1,-1,-1
45,6,183.86,448.34,138.19,201.47,1.0000,-1,-1,-1
45,7,429.64,651.54,120.25,164.26,0.8468,-1,-1,-1
45,8,306.70,441.40,74.60,126.78,0.9205,-1,-1,-1
45,9,846.50,195.99,41.14,80.72,0.7681,-1,-1,-1
45,10,873.98,197.46,53.67,89.34,0.7452,-1,-1,-1
45,11,772.78,271.25,62.29,90.63,0.8622,-1,-1,-1
45,13,519.26,471.89,93.20,147.43,0.8768,-1,-1,-1
45,14,615.04,273.29,58.32,99.98,0.8921,-1,-1,-1
45,15,1071.97,80.17,36.92,63.08,0.8846,-1,-1,-1
45,16,555.09,459.47,77.54,110.19,0.8304,-1,-1,-1
45,17,701.67,298.07,60.75,103.37,0.8987,-1,-1,-1
45,18,1011.41,89.78,32.97,51.82,0.6810,-1,-1,-1
45,19,1005.36,126.95,47.19,70.52,0.7041,-1,-1,-1
45,20,1503.56,99.51,35.35,35.22,0.6566,-1,-1,-1
45,21,624.55,868.22,76.63,54.61,0.6355,-1,-1,-1
45,22,617.94,764.72,95.71,158.23,0.6800,-1,-1,-1
45,23,423.49,574.09,117.18,149.81,0.8721,-1,-1,-1
45,24,1300.36,10.33,28.94,19.29,0.4791,-1,-1,-1
45,26,18.58,673.97,117.40,296.72,0.7656,-1,-1,-1
45,32,3.97,768.26,130.41,309.81,0.8648,-1,-1,-1
45,33,24.04,606.13,82.55,164.26,0.9360,-1,-1,-1
45,35,237.27,528.30,54.06,113.32,0.5741,-1,-1,-1
45,38,393.31,688.42,193.74,134.99,1.0000,-1,-1,-1
45,40,268.13,583.43,75.81,88.84,0.8378,-1,-1,-1
46,1,170.67,504.71,97.21,151.82,0.9134,-1,-1,-1
46,2,668.51,785.71,183.45,124.69,0.9557,-1,-1,-1
46,3,353.37,497.94,87.67,149.57,0.8064,-1,-1,-1
46,4,778.17,330.82,62.35,111.17,0.8000,-1,-1,-1
46,5,209.82,201.00,56.84,84.22,0.8940,-1,-1,-1
46,6,177.79,447.55,140.28,204.51,1.0000,-1,-1,-1
46,7,429.02,649.39,125.43,171.92,0.8060,-1,-1,-1
46,8,307.70,440.71,74.58,127.06,0.9163,-1,-1,-1
46,9,847.82,196.45,38.62,76.17,0.7576,-1,-1,-1
46,10,871.67,197.27,54.06,90.08,0.7893,-1,-1,-1
46,11,772.32,271.76,62.84,91.97,0.8619,-1,-1,-1
46,13,520.75,470.87,93.62,147.53,0.8217,-1,-1,-1
46,14,612.92,274.60,57.88,99.41,0.8770,-1,-1,-1
46,15,1072.37,79.73,36.95,63.15,0.8800,-1,-1,-1
46,16,556.31,458.96,76.78,109.60,0.8288,-1,-1,-1
46,17,702.37,298.11,60.52,103.01,0.8848,-1,-1,-1
46,18,1010.79,90.80,32.24,50.36,0.6479,-1,-1,-1
46,19,1006.61,126.65,47.43,71.22,0.7201,-1,-1,-1
46,20,1503.73,99.68,35.35,34.94,0.6314,-1,-1,-1
46,21,624.89,872.91,74.02,51.04,0.6734,-1,-1,-1
46,22,616.62,766.28,95.97,157.88,0.5636,-1,-1,-1
46,23,424.22,579.14,114.94,145.46,0.8816,-1,-1,-1
46,24,1301.01,11.03,28.04,18.79,0.3939,-1,-1,-1
46,26,20.63,674.78,116.67,294.86,1.0000,-1,-1,-1
46,32,23.05,773.42,106.61,232.28,0.9004,-1,-1,-1
46,33,22.89,604.63,87.33,165.36,0.9383,-1,-1,-1
46,35,235.12,531.31,53.08,112.50,0.5083,-1,-1,-1
46,38,383.38,672.48,216.08,150.55,1.0000,-1,-1,-1
46,40,265.41,586.63,75.47,88.91,0.7955,-1,-1,-1
47,1,178.51,503.65,96.36,149.80,0.8528,-1,-1,-1
47,2,667.15,785.36,184.98,126.20,0.9501,-1,-1,-1
47,3,358.35,496.89,86.38,149.95,0.7799,-1,-1,-1
47,4,777.23,325.69,64.26,115.08,0.7862,-1,-1,-1
47,5,210.52,199.92,57.30,84.85,0.8969,-1,-1,-1
47,6,171.72,446.76,142.36,207.55,1.0000,-1,-1,-1
47,7,427.63,641.53,132.27,182.45,0.5508,-1,-1,-1
47,8,308.92,440.59,74.99,127.51,0.9194,-1,-1,-1
47,9,849.04,196.14,37.63,74.21,0.7449,-1,-1,-1
47,10,870.66,196.97,54.46,90.69,0.7997,-1,-1,-1
47,11,771.73,271.66,63.47,93.28,0.8358,-1,-1,-1
47,13,522.66,471.06,93.35,146.47,0.8287,-1,-1,-1
47,14,610.79,275.07,58.05,99.55,0.8603,-1,-1,-1
47,15,1072.20,80.67,36.66,62.58,0.8562,-1,-1,-1
47,16,557.26,458.34,76.33,109.16,0.8202,-1,-1,-1
47,17,703.55,298.47,60.65,103.06,0.8651,-1,-1,-1
47,18,1010.65,91.12,32.47,50.31,0.6224,-1,-1,-1
47,19,1005.93,124.70,48.44,73.78,0.6464,-1,-1,-1
47,20,1502.95,98.51,36.25,35.73,0.6018,-1,-1,-1
47,21,626.87,874.83,73.24,49.10,0.6118,-1,-1,-1
47,22,619.05,766.31,96.35,157.69,0.5524,-1,-1,-1
47,23,427.31,580.10,114.21,143.04,0.7807,-1,-1,-1
47,24,1300.83,11.06,28.26,18.93,1.0000,-1,-1,-1
47,26,22.68,675.59,115.93,293.00,1.0000,-1,-1,-1
47,32,33.85,771.37,98.01,199.26,0.8711,-1,-1,-1
47,33,24.79,603.39,90.25,164.12,0.9226,-1,-1,-1
47,35,231.58,533.53,52.91,112.14,1.0000,-1,-1,-1
47,38,373.45,656.54,238.41,166.11,1.0000,-1,-1,-1
47,40,261.22,589.64,75.08,88.75,0.6761,-1,-1,-1
48,1,181.36,503.51,95.19,147.84,0.8387,-1,-1,-1
48,2,664.39,783.96,188.03,128.81,0.9462,-1,-1,-1
48,3,362.29,494.25,86.50,151.61,0.7994,-1,-1,-1
48,4,777.60,325.12,63.77,114.37,0.7728,-1,-1,-1
48,5,211.29,199.10,57.74,85.52,0.8899,-1,-1,-1
48,6,165.65,445.97,144.45,210.59,1.0000,-1,-1,-1
48,7,428.48,640.19,133.65,184.35,1.0000,-1,-1,-1
48,8,309.18,440.05,75.19,127.78,0.9063,-1,-1,-1
48,9,849.59,195.35,38.20,75.73,0.7678,-1,-1,-1
48,10,870.79,196.61,55.08,92.09,0.8230,-1,-1,-1
48,11,771.93,271.58,62.68,92.29,0.8336,-1,-1,-1
48,13,523.57,471.37,93.18,145.93,0.8203,-1,-1,-1
48,14,609.50,276.11,58.87,100.42,0.8511,-1,-1,-1
48,15,1072.29,80.99,36.63,62.45,0.8712,-1,-1,-1
48,16,558.68,458.71,74.73,107.07,0.8181,-1,-1,-1
48,17,703.79,298.04,61.10,103.75,0.8655,-1,-1,-1
48,18,1010.22,90.29,33.75,51.90,0.6067,-1,-1,-1
48,19,1003.69,118.55,51.80,80.77,0.6416,-1,-1,-1
48,20,1502.73,98.34,36.37,35.81,0.6071,-1,-1,-1
48,21,622.39,867.88,85.66,56.80,0.5642,-1,-1,-1
48,22,621.22,766.36,97.27,157.79,0.5436,-1,-1,-1
48,23,426.72,579.39,115.70,143.52,0.8632,-1,-1,-1
48,24,1300.44,11.68,27.56,18.49,0.3112,-1,-1,-1
48,26,24.73,676.41,115.20,291.14,1.0000,-1,-1,-1
48,32,37.64,768.55,98.59,188.77,0.8771,-1,-1,-1
48,33,26.16,603.09,93.13,163.70,0.9272,-1,-1,-1
48,35,228.05,535.76,52.74,111.77,1.0000,-1,-1,-1
48,38,363.52,640.59,260.75,181.67,1.0000,-1,-1,-1
48,40,254.81,581.58,82.63,98.52,0.6650,-1,-1,-1
48,41,416.70,727.85,155.73,94.60,0.6406,-1,-1,-1
49,1,185.98,503.48,93.73,144.72,0.8603,-1,-1,-1
49,2,665.95,788.16,183.71,125.69,0.9528,-1,-1,-1
49,3,366.07,493.53,84.23,149.21,0.8017,-1,-1,-1
49,4,778.75,326.42,63.24,113.75,0.8246,-1,-1,-1
49,5,213.65,199.12,57.46,85.42,0.8693,-1,-1,-1
49,6,159.58,445.18,146.54,213.64,1.0000,-1,-1,-1
49,7,429.22,633.99,136.15,190.22,0.7175,-1,-1,-1
49,8,309.48,440.09,74.97,126.94,0.9081,-1,-1,-1
49,9,850.81,194.57,40.02,80.04,0.7121,-1,-1,-1
49,10,870.67,196.01,55.40,92.61,0.6843,-1,-1,-1
49,11,772.29,271.78,61.66,90.90,0.8333,-1,-1,-1
49,13,526.48,471.35,92.79,144.58,0.8469,-1,-1,-1
49,14,606.88,278.53,59.06,100.04,0.8533,-1,-1,-1
49,15,1073.08,80.37,36.82,62.94,0.8590,-1,-1,-1
49,16,558.52,456.83,74.99,108.02,0.7914,-1,-1,-1
49,17,704.61,298.01,60.79,103.14,0.8682,-1,-1,-1
49,18,1008.13,90.81,33.23,51.28,0.6422,-1,-1,-1
49,19,1004.59,119.53,50.63,80.16,0.6979,-1,-1,-1
49,20,1502.02,98.42,36.53,35.83,0.5888,-1,-1,-1
49,21,620.67,866.46,88.61,58.66,0.5170,-1,-1,-1
49,22,621.66,766.04,98.01,158.41,0.4769,-1,-1,-1
49,23,431.34,574.79,118.26,147.68,0.6926,-1,-1,-1
49,24,1299.69,11.44,29.18,19.84,0.4353,-1,-1,-1
49,26,26.78,677.22,114.47,289.29,1.0000,-1,-1,-1
49,32,41.72,764.44,102.28,186.54,0.8584,-1,-1,-1
49,33,31.97,603.95,94.40,160.81,0.9075,-1,-1,-1
49,35,224.51,537.99,52.57,111.41,1.0000,-1,-1,-1
49,38,353.59,624.65,283.08,197.23,1.0000,-1,-1,-1
49,40,241.43,556.72,103.92,126.51,0.6015,-1,-1,-1
49,41,422.41,733.16,146.79,89.57,0.6356,-1,-1,-1
49,43,437.88,659.46,96.58,113.33,0.5919,-1,-1,-1
50,1,188.00,501.75,94.31,145.24,0.8406,-1,-1,-1
50,2,664.86,787.00,185.75,127.33,0.9588,-1,-1,-1
50,3,366.39,492.04,81.86,147.30,0.8701,-1,-1,-1
50,4,777.24,318.55,66.81,121.18,0.7675,-1,-1,-1
50,5,215.11,199.03,57.09,85.20,0.8676,-1,-1,-1
50,6,153.50,444.39,148.62,216.68,1.0000,-1,-1,-1
50,7,423.37,609.67,149.73,214.54,0.7864,-1,-1,-1
50,8,308.59,439.48,75.42,126.97,0.9264,-1,-1,-1
50,9,852.42,194.63,38.22,76.71,0.6986,-1,-1,-1
50,10,869.68,195.94,56.09,93.23,0.7025,-1,-1,-1
50,11,772.20,271.47,61.09,90.27,0.8390,-1,-1,-1
50,13,528.25,471.09,92.63,143.68,0.8511,-1,-1,-1
50,14,604.60,279.54,59.78,100.30,0.8422,-1,-1,-1
50,15,1073.57,80.46,36.66,62.70,0.8535,-1,-1,-1
50,16,559.02,456.77,74.76,108.25,0.8076,-1,-1,-1
50,17,704.90,298.17,60.54,102.54,0.8620,-1,-1,-1
50,18,1005.50,91.76,32.10,50.11,0.6868,-1,-1,-1
50,19,1005.50,121.22,49.07,78.56,0.7131,-1,-1,-1
50,20,1500.94,98.11,36.64,35.92,0.5539,-1,-1,-1
50,21,619.09,865.98,89.52,59.48,0.5196,-1,-1,-1
50,22,619.75,767.75,96.65,156.79,0.5127,-1,-1,-1
50,23,434.13,573.60,118.29,148.36,0.7659,-1,-1,-1
50,24,1299.35,12.08,28.76,19.78,0.3204,-1,-1,-1
50,26,28.83,678.03,113.73,287.43,1.0000,-1,-1,-1
50,32,42.62,762.81,106.09,185.20,0.8854,-1,-1,-1
50,33,33.09,603.46,97.61,161.67,0.9357,-1,-1,-1
50,35,220.97,540.22,52.39,111.04,1.0000,-1,-1,-1
50,38,343.66,608.71,305.42,212.79,1.0000,-1,-1,-1
50,40,236.22,553.28,106.55,132.21,0.6268,-1,-1,-1
50,41,422.50,731.50,148.34,91.21,0.6207,-1,-1,-1
50,43,438.27,655.00,99.63,117.08,0.4058,-1,-1,-1
50,44,-5.80,772.04,159.05,307.23,0.8441,-1,-1,-1
51,1,190.19,500.31,94.85,145.63,0.8536,-1,-1,-1
51,2,666.56,790.64,182.00,124.49,0.9528,-1,-1,-1
51,3,368.02,490.24,80.80,147.23,0.8499,-1,-1,-1
51,4,779.93,320.63,62.18,112.32,0.7940,-1,-1,-1
51,5,215.68,198.24,57.56,86.11,0.8727,-1,-1,-1
51,6,147.43,443.60,150.71,219.72,1.0000,-1,-1,-1
51,7,423.35,605.68,152.81,218.95,1.0000,-1,-1,-1
51,8,307.39,439.90,75.60,126.49,0.9049,-1,-1,-1
51,9,853.38,194.63,38.59,77.70,0.7319,-1,-1,-1
51,10,870.72,195.94,56.28,93.25,0.6910,-1,-1,-1
51,11,771.23,270.29,61.40,91.41,0.8441,-1,-1,-1
51,13,527.93,471.44,92.16,143.11,0.8550,-1,-1,-1
51,14,601.61,279.38,61.98,103.29,0.8259,-1,-1,-1
51,15,1074.35,80.52,36.19,62.11,0.8336,-1,-1,-1
51,16,559.48,456.04,74.83,109.43,0.8017,-1,-1,-1
51,17,704.43,298.51,59.75,101.22,0.8668,-1,-1,-1
51,18,1005.05,94.04,31.86,49.82,0.6309,-1,-1,-1
51,19,1005.24,121.46,48.83,78.99,0.6961,-1,-1,-1
51,20,1499.96,97.50,37.07,36.48,0.5762,-1,-1,-1
51,21,619.90,868.37,85.93,56.90,0.5017,-1,-1,-1
51,22,618.03,767.37,96.78,157.70,0.5199,-1,-1,-1
51,23,438.59,572.70,116.71,147.83,0.8259,-1,-1,-1
51,24,1298.97,12.38,28.57,19.90,0.4284,-1,-1,-1
51,26,30.88,678.84,113.00,285.57,1.0000,-1,-1,-1
51,32,45.75,760.86,109.87,185.39,0.9124,-1,-1,-1
51,33,36.72,603.52,99.48,160.10,0.9252,-1,-1,-1
51,35,217.44,542.44,52.22,110.68,1.0000,-1,-1,-1
51,38,333.74,592.77,327.75,228.35,1.0000,-1,-1,-1
51,40,231.01,548.23,112.26,139.30,1.0000,-1,-1,-1
51,41,434.26,742.35,130.17,79.98,0.7054,-1,-1,-1
51,43,422.97,616.82,129.62,155.10,0.6326,-1,-1,-1
51,44,-1.23,781.82,153.93,297.32,0.8536,-1,-1,-1
51,45,405.34,523.40,77.54,180.18,0.5265,-1,-1,-1
51,46,234.38,598.05,101.34,93.57,0.6413,-1,-1,-1
52,1,192.26,499.91,94.68,145.07,0.9065,-1,-1,-1
52,2,667.61,792.66,179.56,122.44,0.9562,-1,-1,-1
52,3,370.36,488.55,80.38,148.27,0.8317,-1,-1,-1
52,4,780.78,322.92,61.31,110.69,0.7987,-1,-1,-1
52,5,217.18,198.71,57.25,85.93,0.8712,-1,-1,-1
52,6,141.36,442.81,152.80,222.76,1.0000,-1,-1,-1
52,7,425.95,602.23,151.11,221.68,0.7181,-1,-1,-1
52,8,306.76,439.47,76.10,126.55,0.9147,-1,-1,-1
52,9,854.42,194.32,38.91,78.52,0.7354,-1,-1,-1
52,10,871.01,195.68,56.48,93.16,0.6955,-1,-1,-1
52,11,771.25,269.63,61.25,91.61,0.8521,-1,-1,-1
52,13,528.37,470.99,91.87,143.10,0.8775,-1,-1,-1
52,14,600.04,281.54,61.34,101.17,0.7692,-1,-1,-1
52,15,1075.35,80.51,35.86,61.43,0.8227,-1,-1,-1
52,16,559.84,454.92,74.70,110.15,0.8196,-1,-1,-1
52,17,704.41,298.23,59.28,100.46,0.8650,-1,-1,-1
52,18,1003.70,93.17,32.42,51.33,0.7181,-1,-1,-1
52,19,1006.73,124.55,46.77,75.93,0.7180,-1,-1,-1
52,20,1499.62,97.90,36.36,35.90,0.5183,-1,-1,-1
52,21,620.32,871.01,82.97,54.52,0.6243,-1,-1,-1
52,22,616.34,767.19,96.58,158.19,0.5364,-1,-1,-1
52,23,438.15,570.34,116.90,149.29,0.7434,-1,-1,-1
52,24,1298.80,12.57,27.89,19.63,0.4818,-1,-1,-1
52,26,32.92,679.66,112.26,283.71,1.0000,-1,-1,-1
52,32,51.18,758.42,113.30,187.21,0.9155,-1,-1,-1
52,33,38.59,603.37,101.24,158.70,0.9223,-1,-1,-1
52,35,213.90,544.67,52.05,110.31,1.0000,-1,-1,-1
52,38,323.81,576.83,350.09,243.92,1.0000,-1,-1,-1
52,40,226.58,548.96,112.53,143.54,0.6105,-1,-1,-1
52,41,435.52,741.02,130.56,80.58,0.6824,-1,-1,-1
52,43,428.75,629.28,118.57,143.19,0.4750,-1,-1,-1
52,44,-5.68,760.32,164.18,318.50,0.6965,-1,-1,-1
52,45,406.32,524.71,76.08,178.14,0.3276,-1,-1,-1
52,46,226.33,590.08,113.25,104.56,1.0000,-1,-1,-1
53,1,198.34,499.84,93.79,143.32,0.9074,-1,-1,-1
53,2,661.98,785.15,189.80,130.32,0.9568,-1,-1,-1
53,3,373.39,485.76,80.86,150.04,0.8458,-1,-1,-1
53,4,780.73,318.13,60.67,109.35,0.7525,-1,-1,-1
53,5,217.43,198.83,57.54,86.58,0.8812,-1,-1,-1
53,6,135.29,442.01,154.88,225.80,1.0000,-1,-1,-1
53,7,432.32,614.71,140.40,208.81,0.7791,-1,-1,-1
53,8,307.31,438.13,76.83,127.34,0.9203,-1,-1,-1
53,9,855.31,194.53,36.72,73.94,0.7050,-1,-1,-1
53,10,871.39,196.23,56.11,92.18,0.7533,-1,-1,-1
53,11,771.41,269.79,61.12,91.70,0.8098,-1,-1,-1
53,13,531.06,470.51,91.41,142.28,0.8897,-1,-1,-1
53,14,597.95,281.42,63.29,103.51,0.8046,-1,-1,-1
53,15,1075.19,79.51,36.41,62.35,0.8260,-1,-1,-1
53,16,561.06,453.73,72.96,108.57,0.7882,-1,-1,-1
53,17,705.48,296.18,60.26,102.01,0.8703,-1,-1,-1
53,18,1002.30,94.71,31.41,50.26,0.7484,-1,-1,-1
53,19,1007.81,124.99,45.90,75.14,0.7525,-1,-1,-1
53,20,1499.33,97.46,36.46,36.26,0.5418,-1,-1,-1
53,21,615.01,864.14,92.87,61.61,0.5641,-1,-1,-1
53,22,616.70,769.51,95.33,155.98,0.6529,-1,-1,-1
53,23,438.89,568.26,117.60,151.64,0.7945,-1,-1,-1
53,24,1298.91,12.42,27.40,19.44,0.4643,-1,-1,-1
53,26,34.97,680.47,111.53,281.85,1.0000,-1,-1,-1
53,32,54.46,757.39,116.15,188.34,0.9160,-1,-1,-1
53,33,40.56,601.05,104.57,160.68,0.9187,-1,-1,-1
53,35,210.37,546.90,51.88,109.94,1.0000,-1,-1,-1
53,38,313.88,560.89,372.42,259.48,1.0000,-1,-1,-1
53,40,232.42,584.24,88.45,112.85,0.6002,-1,-1,-1
53,41,437.25,741.40,129.73,80.06,1.0000,-1,-1,-1
53,43,426.17,621.54,124.59,150.46,1.0000,-1,-1,-1
53,44,-8.75,743.51,170.91,333.71,0.6968,-1,-1,-1
53,45,405.50,527.84,74.50,176.58,0.4336,-1,-1,-1
53,46,218.28,582.11,125.16,115.56,1.0000,-1,-1,-1
54,1,202.75,499.66,92.91,141.91,0.8933,-1,-1,-1
54,2,661.32,784.52,190.75,131.70,0.9591,-1,-1,-1
54,3,374.72,483.53,80.48,150.56,0.8696,-1,-1,-1
54,4,780.12,318.80,62.45,112.80,0.8075,-1,-1,-1
54,5,218.76,198.38,57.39,86.62,0.8411,-1,-1,-1
54,6,129.22,441.22,156.97,228.84,1.0000,-1,-1,-1
54,7,432.95,612.21,139.99,211.99,0.7843,-1,-1,-1
54,8,307.85,436.97,77.19,128.18,0.9068,-1,-1,-1
54,9,855.36,193.08,38.77,78.47,0.7327,-1,-1,-1
54,10,871.75,195.07,56.61,93.17,0.7062,-1,-1,-1
54,11,771.20,269.59,61.34,92.33,0.8253,-1,-1,-1
54,13,532.17,470.10,91.31,142.26,0.8721,-1,-1,-1
54,14,595.54,282.88,63.22,102.82,0.7973,-1,-1,-1
54,15,1075.51,79.90,36.33,62.12,0.8063,-1,-1,-1
54,16,560.62,453.35,72.83,108.70,0.7915,-1,-1,-1
54,17,706.24,295.23,60.37,102.30,0.8807,-1,-1,-1
54,18,1001.07,95.64,31.42,50.86,0.7798,-1,-1,-1
54,19,1008.72,125.36,45.37,74.73,0.7804,-1,-1,-1
54,20,1499.18,97.09,36.88,36.84,0.5632,-1,-1,-1
54,21,612.75,861.23,96.48,64.74,0.5896,-1,-1,-1
54,22,616.64,769.62,95.31,155.96,0.6258,-1,-1,-1
54,23,439.73,566.29,117.46,153.16,0.7657,-1,-1,-1
54,24,1299.02,12.44,26.96,19.25,0.4338,-1,-1,-1
54,26,37.02,681.28,110.80,279.99,1.0000,-1,-1,-1
54,32,56.41,757.05,117.62,187.34,0.9098,-1,-1,-1
54,33,42.46,600.96,105.91,159.93,0.9044,-1,-1,-1
54,35,206.83,549.12,51.70,109.58,1.0000,-1,-1,-1
54,38,303.95,544.95,394.75,275.04,1.0000,-1,-1,-1
54,40,219.96,570.10,100.94,131.49,0.6389,-1,-1,-1
54,41,438.99,741.78,128.89,79.55,1.0000,-1,-1,-1
54,43,435.93,637.56,111.87,136.12,0.3409,-1,-1,-1
54,44,-4.05,752.93,166.00,324.54,0.8257,-1,-1,-1
54,45,409.73,536.49,67.47,160.85,0.3559,-1,-1,-1
54,46,210.23,574.14,137.06,126.55,1.0000,-1,-1,-1
55,1,206.49,499.89,91.23,138.52,0.8554,-1,-1,-1
55,2,661.67,785.16,189.96,131.69,0.9441,-1,-1,-1
55,3,379.66,481.64,79.51,149.71,0.8455,-1,-1,-1
55,4,781.38,320.86,61.70,111.31,0.8239,-1,-1,-1
55,5,219.91,197.51,56.66,85.67,0.8685,-1,-1,-1
55,7,437.02,616.86,135.68,207.75,0.7346,-1,-1,-1
55,8,309.03,436.47,77.05,128.36,0.8970,-1,-1,-1
55,9,856.53,193.24,40.54,82.37,0.6883,-1,-1,-1
55,10,869.03,194.22,57.61,94.10,0.6893,-1,-1,-1
55,11,770.42,269.65,61.98,93.80,0.8600,-1,-1,-1
55,13,532.78,469.05,91.75,142.95,0.8704,-1,-1,-1
55,14,593.22,283.45,63.71,103.42,0.8061,-1,-1,-1
55,15,1076.08,79.69,36.20,62.09,0.7965,-1,-1,-1
55,16,559.64,452.10,74.05,111.02,0.8165,-1,-1,-1
55,17,707.04,295.59,60.14,101.71,0.8970,-1,-1,-1
55,18,1000.21,94.59,32.12,52.82,0.7629,-1,-1,-1
55,19,1009.45,125.77,44.85,74.12,0.7888,-1,-1,-1
55,20,1499.49,96.91,36.95,36.97,0.5860,-1,-1,-1
55,21,608.32,853.07,105.41,72.51,0.4631,-1,-1,-1
55,22,618.48,767.92,96.07,157.00,0.4702,-1,-1,-1
55,23,433.75,567.04,118.30,151.75,0.8394,-1,-1,-1
55,24,1299.31,12.25,26.80,19.24,0.4163,-1,-1,-1
55,26,39.07,682.09,110.06,278.14,1.0000,-1,-1,-1
55,32,56.80,754.96,120.40,188.78,0.9074,-1,-1,-1
55,33,45.00,600.38,107.04,158.97,0.9012,-1,-1,-1
55,35,203.30,551.35,51.53,109.21,1.0000,-1,-1,-1
55,38,294.02,529.01,417.09,290.60,1.0000,-1,-1,-1
55,40,205.60,563.31,108.79,142.97,0.7062,-1,-1,-1
55,41,437.10,737.98,135.62,84.64,0.3606,-1,-1,-1
55,43,441.69,648.17,102.22,124.82,0.4522,-1,-1,-1
55,44,3.10,775.05,156.39,304.09,0.7443,-1,-1,-1
55,45,408.85,534.40,68.46,163.22,1.0000,-1,-1,-1
55,46,202.18,566.17,148.97,137.55,1.0000,-1,-1,-1
56,1,207.31,500.03,92.14,138.31,0.8784,-1,-1,-1
56,2,658.04,779.42,197.32,138.30,0.9625,-1,-1,-1
56,3,383.61,480.88,78.44,148.03,0.8299,-1,-1,-1
56,4,782.51,319.79,61.42,110.94,0.7768,-1,-1,-1
56,5,221.59,197.55,55.81,84.31,0.8561,-1,-1,-1
56,7,437.76,615.03,137.09,209.90,1.0000,-1,-1,-1
56,8,309.93,436.77,75.97,126.74,0.8785,-1,-1,-1
56,9,857.42,192.90,40.77,82.84,1.0000,-1,-1,-1
56,10,866.83,193.72,58.64,94.86,0.7022,-1,-1,-1
56,11,769.19,270.10,62.31,95.28,0.8601,-1,-1,-1
56,13,533.40,465.89,92.98,145.21,0.8109,-1,-1,-1
56,14,587.86,283.50,61.15,100.64,0.7796,-1,-1,-1
56,15,1076.17,79.69,36.21,62.20,0.7923,-1,-1,-1
56,16,558.75,450.40,75.03,113.38,0.7498,-1,-1,-1
56,17,707.34,295.83,59.89,101.24,0.8979,-1,-1,-1
56,18,999.84,94.90,31.32,52.26,0.7362,-1,-1,-1
56,19,1009.91,125.98,44.54,74.06,0.7711,-1,-1,-1
56,20,1499.98,97.37,36.58,36.54,0.5891,-1,-1,-1
56,21,608.53,852.79,103.05,71.95,0.4806,-1,-1,-1
56,22,616.80,768.21,95.73,156.38,0.5932,-1,-1,-1
56,23,437.19,566.71,117.82,151.98,0.6979,-1,-1,-1
56,24,1300.23,12.60,25.74,18.52,0.3252,-1,-1,-1
56,26,41.12,682.91,109.33,276.28,1.0000,-1,-1,-1
56,32,58.59,753.40,122.02,188.39,0.9179,-1,-1,-1
56,33,46.05,599.31,109.22,159.87,0.8897,-1,-1,-1
56,35,199.76,553.58,51.36,108.85,1.0000,-1,-1,-1
56,38,284.09,513.07,439.42,306.16,1.0000,-1,-1,-1
56,40,198.35,563.05,110.98,147.02,0.7639,-1,-1,-1
56,41,414.69,704.32,183.09,118.68,0.7428,-1,-1,-1
56,43,441.52,642.53,105.18,129.63,0.5052,-1,-1,-1
56,44,-4.04,733.13,154.59,302.96,0.5488,-1,-1,-1
56,45,415.16,551.00,59.21,140.68,0.3372,-1,-1,-1
56,46,194.13,558.19,160.88,148.54,1.0000,-1,-1,-1
57,1,211.36,500.44,91.80,136.96,0.8647,-1,-1,-1
57,2,657.22,778.23,197.62,139.74,0.9607,-1,-1,-1
57,3,388.28,479.11,78.93,149.47,0.8380,-1,-1,-1
57,4,785.87,325.02,58.91,105.76,0.8553,-1,-1,-1
57,5,222.93,197.21,55.54,83.77,0.8295,-1,-1,-1
57,7,436.36,600.64,142.76,223.19,0.7861,-1,-1,-1
57,8,309.52,436.03,75.54,126.85,0.8875,-1,-1,-1
57,9,857.89,192.10,41.14,84.28,0.6324,-1,-1,-1
57,10,867.20,192.35,59.71,96.36,0.7413,-1,-1,-1
57,11,768.14,270.26,63.69,98.42,0.8527,-1,-1,-1
57,13,535.72,464.26,92.98,145.32,0.8133,-1,-1,-1
57,14,586.37,286.45,59.14,98.03,0.7611,-1,-1,-1
57,15,1076.21,79.38,36.48,62.88,0.8003,-1,-1,-1
57,16,561.10,448.05,75.30,115.40,0.8255,-1,-1,-1
57,17,707.69,295.77,59.86,101.04,0.8925,-1,-1,-1
57,18,999.42,96.49,30.71,51.96,0.7427,-1,-1,-1
57,19,1010.36,125.73,44.59,74.47,0.7723,-1,-1,-1
57,20,1500.35,97.98,35.96,35.77,0.5721,-1,-1,-1
57,21,606.71,851.66,103.29,73.03,0.4421,-1,-1,-1
57,22,620.02,769.17,96.53,155.06,0.5358,-1,-1,-1
57,23,429.37,562.36,121.91,155.19,0.6678,-1,-1,-1
57,24,1300.40,12.42,25.64,18.50,0.3916,-1,-1,-1
57,26,43.17,683.72,108.59,274.42,1.0000,-1,-1,-1
57,32,60.32,751.55,124.26,188.98,0.8875,-1,-1,-1
57,33,48.86,597.72,111.00,160.65,0.9048,-1,-1,-1
57,35,196.22,555.81,51.19,108.48,1.0000,-1,-1,-1
57,38,274.16,497.13,461.76,321.72,1.0000,-1,-1,-1
57,40,189.74,564.28,113.40,150.97,0.9203,-1,-1,-1
57,41,427.84,717.71,158.90,104.50,0.4495,-1,-1,-1
57,43,443.48,636.30,108.05,134.23,0.3338,-1,-1,-1
57,44,5.65,771.68,150.73,292.01,0.4312,-1,-1,-1
57,45,415.92,555.71,59.84,142.02,0.3852,-1,-1,-1
57,46,186.08,550.22,172.78,159.53,1.0000,-1,-1,-1
58,1,214.48,500.24,92.49,137.20,0.8421,-1,-1,-1
58,2,661.54,784.31,188.66,133.47,0.9546,-1,-1,-1
58,3,390.86,476.23,79.26,151.22,0.8538,-1,-1,-1
58,4,787.17,326.04,58.54,104.42,0.8813,-1,-1,-1
58,5,223.95,196.57,56.15,84.86,0.8184,-1,-1,-1
58,7,441.17,606.98,136.20,215.35,0.7492,-1,-1,-1
58,8,310.80,435.97,75.02,126.12,0.8933,-1,-1,-1
58,9,858.72,191.72,41.42,84.84,1.0000,-1,-1,-1
58,10,867.06,191.65,60.40,97.11,0.7124,-1,-1,-1
58,11,768.30,270.43,62.52,97.39,0.8628,-1,-1,-1
58,13,537.57,459.85,95.20,148.97,0.8149,-1,-1,-1
58,14,586.40,287.24,60.22,100.13,0.7821,-1,-1,-1
58,15,1076.91,79.79,36.17,62.61,0.7875,-1,-1,-1
58,16,561.40,446.87,74.57,115.46,0.7729,-1,-1,-1
58,17,708.27,295.74,60.18,101.14,0.8833,-1,-1,-1
58,18,998.50,96.86,31.05,53.20,0.7989,-1,-1,-1
58,19,1010.92,125.94,43.78,73.45,0.7735,-1,-1,-1
58,20,1500.19,97.89,36.48,36.14,0.5690,-1,-1,-1
58,21,606.39,851.63,101.57,72.36,0.3756,-1,-1,-1
58,22,620.12,769.75,97.47,154.13,0.4950,-1,-1,-1
58,23,431.21,564.51,121.55,152.70,0.6939,-1,-1,-1
58,24,1300.12,12.57,25.30,18.32,0.3357,-1,-1,-1
58,26,45.22,684.53,107.86,272.56,1.0000,-1,-1,-1
58,32,61.47,755.07,123.85,184.92,0.8950,-1,-1,-1
58,33,52.01,596.72,112.14,160.69,0.9064,-1,-1,-1
58,35,192.69,558.03,51.02,108.12,1.0000,-1,-1,-1
58,38,264.23,481.18,484.09,337.28,1.0000,-1,-1,-1
58,40,184.39,566.35,113.38,151.43,0.9289,-1,-1,-1
58,41,426.79,714.62,163.64,107.62,1.0000,-1,-1,-1
58,43,443.59,632.91,110.36,137.10,1.0000,-1,-1,-1
58,44,-4.12,723.01,156.94,307.08,0.5317,-1,-1,-1
58,45,417.83,558.09,57.09,134.52,0.5191,-1,-1,-1
58,46,178.03,542.25,184.69,170.53,1.0000,-1,-1,-1
58,49,13.77,887.79,143.40,191.18,0.3242,-1,-1,-1
59,1,216.43,498.53,92.20,136.93,0.8522,-1,-1,-1
59,2,659.76,781.61,191.68,136.40,0.9575,-1,-1,-1
59,3,393.38,474.85,78.69,151.43,0.8879,-1,-1,-1
59,4,786.90,319.38,62.07,110.90,0.8745,-1,-1,-1
59,5,225.89,195.79,56.25,85.12,0.8704,-1,-1,-1
59,7,443.08,607.04,133.77,213.97,0.7083,-1,-1,-1
59,8,312.05,435.35,75.29,126.48,0.8973,-1,-1,-1
59,9,859.55,191.33,41.69,85.41,1.0000,-1,-1,-1
59,10,867.19,191.35,60.94,96.88,0.7783,-1,-1,-1
59,11,767.98,270.27,61.77,97.09,0.8010,-1,-1,-1
59,13,539.11,457.66,95.90,150.30,0.8409,-1,-1,-1
59,14,584.55,289.09,60.74,100.92,0.8398,-1,-1,-1
59,15,1077.59,81.00,35.34,61.27,0.7967,-1,-1,-1
59,16,564.44,447.44,72.20,113.10,0.8075,-1,-1,-1
59,17,708.90,295.86,60.46,101.16,0.8871,-1,-1,-1
59,18,997.99,96.84,29.88,51.80,0.7932,-1,-1,-1
59,19,1011.50,126.16,43.24,72.72,0.7950,-1,-1,-1
59,20,1498.78,97.32,36.78,36.69,0.5259,-1,-1,-1
59,21,611.16,857.39,92.21,65.36,0.4917,-1,-1,-1
59,22,620.87,770.65,97.90,152.27,0.5906,-1,-1,-1
59,23,444.16,562.81,120.26,153.83,0.6144,-1,-1,-1
59,24,1299.41,12.67,25.91,18.90,0.4140,-1,-1,-1
59,26,47.27,685.34,107.12,270.70,1.0000,-1,-1,-1
59,32,63.21,756.83,125.05,184.04,0.8725,-1,-1,-1
59,33,55.21,596.38,112.57,160.29,0.9062,-1,-1,-1
59,35,189.15,560.26,50.84,107.75,1.0000,-1,-1,-1
59,38,254.30,465.24,506.43,352.84,1.0000,-1,-1,-1
59,40,178.04,569.31,112.77,151.40,0.8899,-1,-1,-1
59,41,436.49,723.49,145.32,97.19,0.3015,-1,-1,-1
59,43,443.70,629.53,112.67,139.97,1.0000,-1,-1,-1
59,44,-7.50,700.97,160.37,317.00,0.5157,-1,-1,-1
59,45,416.64,561.21,61.99,146.57,0.5258,-1,-1,-1
59,46,169.98,534.28,196.60,181.52,1.0000,-1,-1,-1
59,49,19.51,902.62,134.20,176.28,0.3517,-1,-1,-1
60,1,216.79,496.04,93.85,140.13,0.8767,-1,-1,-1
60,2,658.47,779.88,193.52,138.55,0.9525,-1,-1,-1
60,3,395.29,474.09,77.75,150.75,0.8829,-1,-1,-1
60,4,784.20,303.34,69.87,126.92,0.8368,-1,-1,-1
60,5,227.30,196.40,55.80,84.52,0.8679,-1,-1,-1
60,7,451.13,630.70,118.99,188.99,0.7834,-1,-1,-1
60,8,312.26,434.88,75.55,127.18,0.9041,-1,-1,-1
60,9,860.39,190.94,41.97,85.97,1.0000,-1,-1,-1
60,10,867.43,190.53,61.73,97.27,0.7573,-1,-1,-1
60,11,764.24,270.50,59.30,95.93,0.7178,-1,-1,-1
60,13,539.77,454.66,97.06,152.75,0.8131,-1,-1,-1
60,14,583.01,291.06,61.27,101.26,0.8164,-1,-1,-1
60,15,1077.73,80.85,35.37,61.40,0.8025,-1,-1,-1
60,16,565.85,447.95,71.49,113.16,0.7714,-1,-1,-1
60,17,709.65,296.08,60.55,100.71,0.8978,-1,-1,-1
60,18,997.20,97.92,29.46,51.71,0.7723,-1,-1,-1
60,19,1011.51,126.10,43.18,72.70,0.7630,-1,-1,-1
60,20,1498.56,97.46,36.31,36.34,0.5340,-1,-1,-1
60,21,614.49,863.74,84.20,58.76,0.4931,-1,-1,-1
60,22,615.77,771.35,97.62,151.64,0.5426,-1,-1,-1
60,23,450.21,562.16,118.61,154.42,0.6679,-1,-1,-1
60,24,1299.23,12.75,25.95,18.93,1.0000,-1,-1,-1
60,26,49.32,686.16,106.39,268.84,1.0000,-1,-1,-1
60,32,61.58,750.86,130.40,189.65,0.7472,-1,-1,-1
60,33,57.70,595.92,112.59,159.45,0.8992,-1,-1,-1
60,35,185.62,562.49,50.67,107.39,1.0000,-1,-1,-1
60,38,244.37,449.30,528.76,368.41,1.0000,-1,-1,-1
60,40,172.93,570.51,113.69,153.52,0.9147,-1,-1,-1
60,41,436.31,721.47,148.18,99.10,1.0000,-1,-1,-1
60,43,443.81,626.14,114.98,142.84,1.0000,-1,-1,-1
60,44,-12.60,668.54,171.94,345.17,0.5633,-1,-1,-1
60,45,416.53,562.88,62.33,147.27,0.6334,-1,-1,-1
60,46,161.93,526.31,208.51,192.52,1.0000,-1,-1,-1
60,49,25.28,917.38,124.96,160.73,0.3458,-1,-1,-1
61,1,218.61,493.64,95.59,143.41,0.8970,-1,-1,-1
61,2,657.07,779.22,193.78,139.56,0.9388,-1,-1,-1
61,3,398.65,473.01,75.26,145.96,0.8125,-1,-1,-1
61,4,786.43,305.58,68.21,124.45,0.8581,-1,-1,-1
61,5,228.77,196.07,55.22,83.73,0.8705,-1,-1,-1
61,7,448.67,615.27,126.69,203.38,0.7551,-1,-1,-1
61,8,313.85,434.79,75.41,126.75,0.9075,-1,-1,-1
61,9,861.02,190.70,40.29,83.54,0.5105,-1,-1,-1
61,10,869.50,190.96,61.57,96.65,0.7759,-1,-1,-1
61,11,762.98,271.07,56.86,94.51,0.7624,-1,-1,-1
61,13,540.26,452.02,98.50,155.92,0.8045,-1,-1,-1
61,14,581.69,293.42,61.64,101.67,0.8481,-1,-1,-1
61,15,1078.17,80.71,35.22,61.17,0.8040,-1,-1,-1
61,16,566.54,446.80,70.81,112.65,0.7712,-1,-1,-1
61,17,709.88,296.09,60.91,100.92,0.9031,-1,-1,-1
61,18,995.72,98.10,29.84,53.19,0.7830,-1,-1,-1
61,19,1011.19,126.21,42.94,72.38,0.7598,-1,-1,-1
61,20,1497.92,96.59,37.17,37.38,0.5737,-1,-1,-1
61,21,616.74,868.84,78.57,53.54,0.4128,-1,-1,-1
61,22,613.17,772.26,97.21,150.79,0.5061,-1,-1,-1
61,23,452.33,559.64,118.94,156.60,0.7415,-1,-1,-1
61,24,1299.06,12.83,25.99,18.96,1.0000,-1,-1,-1
61,26,51.36,686.97,105.66,266.99,1.0000,-1,-1,-1
61,32,64.27,756.84,128.68,183.05,0.8868,-1,-1,-1
61,33,60.14,595.06,113.66,160.55,0.8879,-1,-1,-1
61,35,182.08,564.71,50.50,107.02,1.0000,-1,-1,-1
61,38,234.44,433.36,551.10,383.97,1.0000,-1,-1,-1
61,40,170.39,573.62,113.03,153.35,0.9400,-1,-1,-1
61,41,436.13,719.45,151.03,101.01,1.0000,-1,-1,-1
61,43,443.92,622.75,117.29,145.70,1.0000,-1,-1,-1
61,44,-8.98,665.93,172.55,348.82,0.5748,-1,-1,-1
61,45,417.47,561.21,63.10,148.56,0.7448,-1,-1,-1
61,46,153.88,518.33,220.41,203.51,1.0000,-1,-1,-1
61,49,27.73,920.92,122.01,156.93,1.0000,-1,-1,-1
62,1,221.73,492.13,96.47,145.09,0.8947,-1,-1,-1
62,2,657.12,779.97,192.14,138.91,0.9331,-1,-1,-1
62,3,400.96,472.09,73.40,141.86,0.8513,-1,-1,-1
62,4,788.75,311.54,65.03,118.19,0.8710,-1,-1,-1
62,5,229.94,195.78,55.39,83.88,0.8973,-1,-1,-1
62,7,453.96,630.49,117.59,187.69,0.8655,-1,-1,-1
62,8,315.22,434.26,75.88,127.37,0.9130,-1,-1,-1
62,9,861.44,191.47,40.28,84.76,0.5914,-1,-1,-1
62,10,871.36,192.27,60.76,95.18,0.7464,-1,-1,-1
62,11,762.33,271.85,54.30,92.90,0.7585,-1,-1,-1
62,13,541.40,448.78,100.09,159.51,0.7868,-1,-1,-1
62,14,579.64,294.19,62.54,102.75,0.8708,-1,-1,-1
62,15,1078.74,80.52,35.19,61.01,0.8086,-1,-1,-1
62,16,567.10,446.07,70.92,112.82,1.0000,-1,-1,-1
62,17,710.25,295.78,60.95,100.68,0.8956,-1,-1,-1
62,18,995.81,99.10,29.69,53.64,0.7947,-1,-1,-1
62,19,1011.67,126.47,42.81,72.11,0.7777,-1,-1,-1
62,20,1498.42,96.72,36.82,37.14,0.5580,-1,-1,-1
62,21,618.50,873.50,74.33,49.24,0.4520,-1,-1,-1
62,22,613.42,773.74,96.51,149.23,0.4154,-1,-1,-1
62,23,453.46,560.08,117.27,155.47,0.7591,-1,-1,-1
62,24,1298.89,12.91,26.04,18.99,1.0000,-1,-1,-1
62,26,53.41,687.78,104.92,265.13,1.0000,-1,-1,-1
62,32,69.51,759.66,128.24,180.19,0.8815,-1,-1,-1
62,33,63.62,595.09,113.29,160.11,0.8781,-1,-1,-1
62,35,178.54,566.94,50.33,106.66,1.0000,-1,-1,-1
62,38,224.51,417.42,573.43,399.53,1.0000,-1,-1,-1
62,40,167.72,575.33,112.22,153.31,0.9174,-1,-1,-1
62,41,435.95,717.43,153.89,102.92,1.0000,-1,-1,-1
62,43,444.03,619.36,119.60,148.57,1.0000,-1,-1,-1
62,44,-8.80,656.40,174.99,357.13,0.5892,-1,-1,-1
62,45,418.12,560.45,64.24,150.48,0.7674,-1,-1,-1
62,46,145.83,510.36,232.32,214.51,1.0000,-1,-1,-1
62,49,30.18,924.46,119.06,153.13,1.0000,-1,-1,-1
63,1,224.77,491.92,96.35,145.01,0.8948,-1,-1,-1
63,2,657.40,782.40,189.60,137.48,0.9312,-1,-1,-1
63,3,403.37,470.41,72.26,139.64,0.8291,-1,-1,-1
63,4,786.73,299.78,69.87,128.87,0.8508,-1,-1,-1
63,5,230.77,195.96,54.54,82.31,0.8990,-1,-1,-1
63,7,453.46,626.43,119.90,191.86,0.8362,-1,-1,-1
63,8,316.30,434.24,76.13,127.64,0.9105,-1,-1,-1
63,9,863.72,191.70,41.14,86.36,0.5666,-1,-1,-1
63,10,872.10,192.32,60.53,94.63,0.6884,-1,-1,-1
63,11,762.49,271.91,52.36,92.20,0.7735,-1,-1,-1
63,13,543.97,452.54,97.75,156.33,0.8394,-1,-1,-1
63,14,577.45,295.73,62.94,103.33,0.8686,-1,-1,-1
63,15,1079.02,80.24,35.21,60.94,0.8082,-1,-1,-1
63,16,567.34,445.48,71.19,114.10,0.7360,-1,-1,-1
63,17,710.28,294.32,61.62,101.64,0.9016,-1,-1,-1
63,18,995.45,101.06,28.59,52.09,0.6669,-1,-1,-1
63,19,1011.92,127.22,42.34,71.28,0.7849,-1,-1,-1
63,20,1498.46,96.25,37.07,37.56,0.5894,-1,-1,-1
63,21,619.14,874.91,72.10,47.76,1.0000,-1,-1,-1
63,22,614.82,774.40,96.56,148.06,0.3656,-1,-1,-1
63,23,461.99,558.41,115.44,156.06,0.7922,-1,-1,-1
63,24,1298.72,12.99,26.08,19.02,1.0000,-1,-1,-1
63,26,55.46,688.59,104.19,263.27,1.0000,-1,-1,-1
63,32,72.02,762.14,127.86,177.29,0.9065,-1,-1,-1
63,33,66.12,592.94,114.36,161.60,0.8913,-1,-1,-1
63,35,175.01,569.17,50.15,106.29,1.0000,-1,-1,-1
63,38,214.58,401.48,595.76,415.09,1.0000,-1,-1,-1
63,40,164.58,578.58,111.33,153.86,0.8714,-1,-1,-1
63,41,435.76,715.41,156.75,104.83,1.0000,-1,-1,-1
63,43,444.13,615.97,121.91,151.44,1.0000,-1,-1,-1
63,44,-5.57,664.85,170.77,349.98,0.6854,-1,-1,-1
63,45,419.22,556.99,65.50,152.71,0.8860,-1,-1,-1
63,46,137.78,502.39,244.23,225.50,1.0000,-1,-1,-1
63,49,23.23,896.60,143.85,182.14,0.3691,-1,-1,-1
64,1,228.40,491.46,97.25,145.82,0.8964,-1,-1,-1
64,2,657.41,784.42,188.39,136.95,0.9155,-1,-1,-1
64,3,405.54,468.99,72.37,140.05,0.8062,-1,-1,-1
64,4,787.50,295.39,70.34,131.12,0.8077,-1,-1,-1
64,5,231.29,195.85,55.65,83.84,0.9036,-1,-1,-1
64,7,455.90,632.87,116.31,185.28,0.8451,-1,-1,-1
64,8,317.53,433.99,76.32,127.99,0.9095,-1,-1,-1
64,9,864.74,190.27,39.55,83.50,0.6348,-1,-1,-1
64,10,874.38,192.61,60.31,94.41,0.7429,-1,-1,-1
64,11,763.50,271.88,51.53,93.13,0.7473,-1,-1,-1
64,13,545.21,450.47,98.49,158.53,0.8096,-1,-1,-1
64,14,576.28,296.10,63.58,104.00,0.8630,-1,-1,-1
64,15,1078.83,79.49,35.64,61.50,0.8033,-1,-1,-1
64,16,567.84,444.76,71.37,114.38,1.0000,-1,-1,-1
64,17,711.14,294.41,61.55,101.24,0.9020,-1,-1,-1
64,18,994.96,101.41,28.23,51.81,0.6104,-1,-1,-1
64,19,1012.19,127.47,42.05,70.92,0.7757,-1,-1,-1
64,20,1499.41,96.22,36.49,37.21,0.6000,-1,-1,-1
64,21,619.79,876.33,69.86,46.28,1.0000,-1,-1,-1
64,22,620.14,773.88,99.43,148.68,0.3410,-1,-1,-1
64,23,467.53,557.18,113.99,157.24,0.7831,-1,-1,-1
64,24,1298.55,13.07,26.12,19.06,1.0000,-1,-1,-1
64,26,57.51,689.41,103.45,261.41,1.0000,-1,-1,-1
64,32,74.50,761.90,129.10,177.74,0.8858,-1,-1,-1
64,33,66.70,589.50,115.70,164.34,0.8760,-1,-1,-1
64,35,171.47,571.40,49.98,105.93,1.0000,-1,-1,-1
64,38,204.65,385.54,618.10,430.65,1.0000,-1,-1,-1
64,40,162.10,580.53,110.20,154.16,0.8619,-1,-1,-1
64,41,435.58,713.39,159.61,106.74,1.0000,-1,-1,-1
64,43,444.24,612.59,124.21,154.31,1.0000,-1,-1,-1
64,44,-2.55,681.33,161.27,330.88,0.7113,-1,-1,-1
64,45,421.96,556.00,67.11,154.39,0.8512,-1,-1,-1
64,46,129.73,494.42,256.14,236.49,1.0000,-1,-1,-1
64,49,16.24,878.13,158.90,199.95,0.4450,-1,-1,-1
65,1,231.26,492.04,97.16,145.14,0.9118,-1,-1,-1
65,2,656.76,784.45,188.15,137.20,0.9234,-1,-1,-1
65,3,408.44,467.69,70.84,136.99,0.7943,-1,-1,-1
65,4,792.12,304.61,64.48,120.12,0.7867,-1,-1,-1
65,5,232.27,195.30,55.98,84.12,0.9023,-1,-1,-1
65,7,456.49,632.43,115.53,183.50,0.8390,-1,-1,-1
65,8,318.35,432.95,76.80,128.89,0.8996,-1,-1,-1
65,9,865.78,189.15,38.27,80.93,0.5096,-1,-1,-1
65,10,874.75,191.66,61.18,95.67,0.7586,-1,-1,-1
65,11,765.26,271.36,50.99,93.81,0.7489,-1,-1,-1
65,13,546.31,448.79,98.85,160.27,0.8133,-1,-1,-1
65,14,574.66,297.32,63.88,104.23,0.8870,-1,-1,-1
65,15,1079.55,79.68,35.43,61.06,0.8217,-1,-1,-1
65,16,568.33,444.04,71.54,114.66,1.0000,-1,-1,-1
65,17,711.73,293.57,61.72,101.57,0.9035,-1,-1,-1
65,18,994.36,101.80,29.06,54.00,0.6539,-1,-1,-1
65,19,1012.25,127.37,41.66,70.31,0.7768,-1,-1,-1
65,20,1499.37,95.96,36.20,37.13,0.5992,-1,-1,-1
65,21,620.43,877.75,67.62,44.79,1.0000,-1,-1,-1
65,22,617.28,772.93,101.07,150.03,0.3513,-1,-1,-1
65,23,471.07,555.42,112.45,158.07,0.7986,-1,-1,-1
65,24,1298.37,13.15,26.17,19.09,1.0000,-1,-1,-1
65,26,59.56,690.22,102.72,259.55,1.0000,-1,-1,-1
65,32,76.42,762.95,129.97,177.23,0.9085,-1,-1,-1
65,33,67.50,585.71,116.28,166.78,0.8833,-1,-1,-1
65,35,167.94,573.62,49.81,105.56,1.0000,-1,-1,-1
65,38,194.72,369.60,640.43,446.21,1.0000,-1,-1,-1
65,40,159.50,584.06,108.54,153.37,0.8770,-1,-1,-1
65,41,435.40,711.37,162.46,108.65,1.0000,-1,-1,-1
65,43,444.35,609.20,126.52,157.18,1.0000,-1,-1,-1
65,44,-0.99,690.98,156.00,320.22,0.7212,-1,-1,-1
65,45,421.86,552.35,68.30,156.35,0.8582,-1,-1,-1
65,46,121.68,486.44,268.04,247.49,1.0000,-1,-1,-1
65,49,-3.21,820.07,201.96,258.49,0.4166,-1,-1,-1
66,1,233.14,492.36,96.96,144.49,0.8927,-1,-1,-1
66,2,654.25,779.76,193.58,142.23,0.9308,-1,-1,-1
66,3,410.96,467.20,71.64,137.95,0.7021,-1,-1,-1
66,4,793.60,306.74,62.30,116.01,0.8311,-1,-1,-1
66,5,233.07,195.26,56.40,84.46,0.9100,-1,-1,-1
66,7,456.96,632.25,115.47,182.91,0.8418,-1,-1,-1
66,8,320.53,432.46,76.53,127.73,0.8837,-1,-1,-1
66,9,867.25,190.88,36.22,75.97,0.5685,-1,-1,-1
66,10,876.07,192.93,60.77,95.09,0.7647,-1,-1,-1
66,11,765.51,271.06,50.23,94.35,0.8028,-1,-1,-1
66,13,547.35,448.33,98.09,160.29,0.8316,-1,-1,-1
66,14,572.97,298.41,64.23,104.70,0.8843,-1,-1,-1
66,15,1079.65,78.95,35.86,61.79,0.8351,-1,-1,-1
66,16,568.83,443.32,71.72,114.94,1.0000,-1,-1,-1
66,17,712.18,292.62,62.26,102.26,0.8980,-1,-1,-1
66,18,993.83,102.88,28.51,53.35,0.6129,-1,-1,-1
66,19,1012.41,127.17,41.58,70.36,0.7722,-1,-1,-1
66,20,1500.01,96.20,35.71,36.77,0.6294,-1,-1,-1
66,21,621.07,879.16,65.38,43.31,1.0000,-1,-1,-1
66,22,626.86,842.07,64.76,81.67,0.4166,-1,-1,-1
66,23,474.77,556.78,109.34,156.38,0.7935,-1,-1,-1
66,24,1298.20,13.23,26.21,19.12,1.0000,-1,-1,-1
66,26,61.61,691.03,101.98,257.69,1.0000,-1,-1,-1
66,32,79.06,764.54,130.59,176.54,0.8795,-1,-1,-1
66,33,69.33,584.46,115.14,167.01,0.8949,-1,-1,-1
66,35,164.40,575.85,49.64,105.20,1.0000,-1,-1,-1
66,38,184.79,353.66,662.77,461.77,1.0000,-1,-1,-1
66,40,158.08,586.95,107.52,153.39,0.8343,-1,-1,-1
66,41,435.22,709.35,165.32,110.56,1.0000,-1,-1,-1
66,43,444.46,605.81,128.83,160.04,1.0000,-1,-1,-1
66,44,1.09,694.23,154.30,315.88,0.7010,-1,-1,-1
66,45,422.86,551.40,68.29,155.96,0.8006,-1,-1,-1
66,46,113.63,478.47,279.95,258.48,1.0000,-1,-1,-1
66,49,-9.46,790.85,220.13,287.31,0.5910,-1,-1,-1
67,1,235.28,492.31,96.74,143.55,0.8844,-1,-1,-1
67,2,653.80,779.12,194.62,144.07,0.9344,-1,-1,-1
67,3,414.80,464.62,72.35,138.22,0.8691,-1,-1,-1
67,4,793.95,304.32,62.88,117.16,0.8657,-1,-1,-1
67,5,233.61,193.97,58.01,86.55,0.9171,-1,-1,-1
67,7,458.78,631.54,116.52,184.10,0.8338,-1,-1,-1
67,8,321.91,431.56,77.09,127.95,0.9019,-1,-1,-1
67,9,868.31,190.43,38.02,79.84,0.3773,-1,-1,-1
67,10,874.96,191.58,61.78,96.31,0.8104,-1,-1,-1
67,11,767.04,270.43,49.33,93.81,0.8484,-1,-1,-1
67,13,549.33,448.84,97.29,159.82,0.8636,-1,-1,-1
67,14,571.14,299.90,64.91,105.41,0.8925,-1,-1,-1
67,15,1079.47,77.64,36.48,62.85,0.8224,-1,-1,-1
67,16,571.71,445.18,68.77,110.03,0.5085,-1,-1,-1
67,17,713.03,292.99,62.26,101.91,0.8998,-1,-1,-1
67,18,992.97,103.10,28.58,53.88,0.7392,-1,-1,-1
67,19,1012.52,126.33,41.75,71.08,0.7864,-1,-1,-1
67,20,1500.07,95.86,35.55,37.02,0.5725,-1,-1,-1
67,21,621.72,880.58,63.14,41.83,1.0000,-1,-1,-1
67,22,632.69,874.37,45.81,50.81,0.4313,-1,-1,-1
67,23,478.65,557.40,106.20,154.47,0.7098,-1,-1,-1
67,24,1298.03,13.31,26.25,19.15,1.0000,-1,-1,-1
67,26,63.66,691.84,101.25,255.84,1.0000,-1,-1,-1
67,32,82.69,765.21,132.65,178.30,0.8826,-1,-1,-1
67,33,72.11,582.69,112.55,166.00,0.9009,-1,-1,-1
67,35,160.86,578.08,49.46,104.83,1.0000,-1,-1,-1
67,38,174.86,337.72,685.10,477.33,1.0000,-1,-1,-1
67,40,155.69,590.28,107.35,155.18,0.9034,-1,-1,-1
67,41,435.03,707.32,168.18,112.47,1.0000,-1,-1,-1
67,43,444.57,602.42,131.14,162.91,1.0000,-1,-1,-1
67,44,-2.64,686.18,159.43,328.37,0.8103,-1,-1,-1
67,45,424.05,551.54,67.92,154.37,0.8697,-1,-1,-1
67,46,105.58,470.50,291.86,269.48,1.0000,-1,-1,-1
67,49,19.77,867.29,167.82,210.18,0.4873,-1,-1,-1
68,1,236.38,492.16,96.61,142.93,0.8972,-1,-1,-1
68,2,653.49,779.50,194.11,144.51,0.9460,-1,-1,-1
68,3,417.46,461.57,73.43,139.64,0.8740,-1,-1,-1
68,4,794.28,303.42,63.25,118.08,0.8439,-1,-1,-1
68,5,234.20,194.12,58.67,87.16,0.9149,-1,-1,-1
68,7,459.67,631.81,116.33,183.45,0.8544,-1,-1,-1
68,8,322.68,430.53,77.81,128.41,0.9055,-1,-1,-1
68,9,869.30,190.22,37.96,79.71,1.0000,-1,-1,-1
68,10,874.03,190.81,62.51,97.15,0.8393,-1,-1,-1
68,11,767.76,270.21,49.07,94.42,0.8649,-1,-1,-1
68,13,551.45,449.88,95.93,158.14,0.8421,-1,-1,-1
68,14,568.43,301.66,64.61,105.25,0.8981,-1,-1,-1
68,15,1079.59,77.04,36.63,63.11,0.8124,-1,-1,-1
68,16,559.42,445.46,63.98,102.04,0.3755,-1,-1,-1
68,17,713.49,293.15,62.31,101.71,0.8997,-1,-1,-1
68,18,992.58,103.71,28.54,54.07,0.7450,-1,-1,-1
68,19,1012.69,125.70,41.63,71.44,0.7875,-1,-1,-1
68,20,1500.02,95.43,35.55,37.31,0.5812,-1,-1,-1
68,21,622.36,882.00,60.90,40.34,1.0000,-1,-1,-1
68,22,632.12,881.24,44.79,44.86,0.5553,-1,-1,-1
68,23,480.83,557.43,104.37,153.89,0.7483,-1,-1,-1
68,24,1297.86,13.38,26.30,19.18,1.0000,-1,-1,-1
68,26,65.71,692.66,100.52,253.98,1.0000,-1,-1,-1
68,32,85.46,765.32,133.37,178.26,0.8908,-1,-1,-1
68,33,75.43,581.10,111.40,167.25,0.8793,-1,-1,-1
68,35,157.33,580.30,49.29,104.46,1.0000,-1,-1,-1
68,38,164.93,321.77,707.44,492.89,1.0000,-1,-1,-1
68,40,154.76,592.42,106.29,155.85,0.9193,-1,-1,-1
68,41,434.85,705.30,171.03,114.38,1.0000,-1,-1,-1
68,43,444.68,599.03,133.45,165.78,1.0000,-1,-1,-1
68,44,-4.29,678.10,164.08,340.11,0.7705,-1,-1,-1
68,45,424.99,551.13,68.02,154.10,0.8470,-1,-1,-1
68,46,97.53,462.53,303.76,280.47,1.0000,-1,-1,-1
68,49,26.47,888.95,154.11,188.52,0.4110,-1,-1,-1
69,1,238.39,491.95,96.39,142.92,0.8877,-1,-1,-1
69,2,654.78,780.38,192.36,143.90,0.9356,-1,-1,-1
69,3,420.77,458.75,75.73,143.26,0.8487,-1,-1,-1
69,4,796.16,305.60,61.24,114.61,0.8783,-1,-1,-1
69,5,236.07,195.15,57.49,84.86,0.9155,-1,-1,-1
69,7,461.28,631.14,116.22,183.30,0.8577,-1,-1,-1
69,8,324.13,430.67,76.83,125.89,0.9091,-1,-1,-1
69,9,870.30,190.01,37.90,79.59,1.0000,-1,-1,-1
69,10,873.33,189.80,63.25,98.35,0.8421,-1,-1,-1
69,11,768.64,269.91,48.73,94.87,0.8658,-1,-1,-1
69,13,552.22,449.16,95.61,158.47,0.8529,-1,-1,-1
69,14,566.83,303.03,64.41,105.01,0.9080,-1,-1,-1
69,15,1079.97,76.86,36.11,62.36,0.8157,-1,-1,-1
69,16,558.78,445.06,63.34,101.02,1.0000,-1,-1,-1
69,17,714.91,293.76,61.68,100.32,0.8850,-1,-1,-1
69,18,992.17,105.25,28.84,55.04,0.7181,-1,-1,-1
69,19,1012.78,126.10,41.14,71.13,0.7750,-1,-1,-1
69,20,1500.61,96.46,34.32,36.17,0.5746,-1,-1,-1
69,21,617.55,876.97,75.48,48.83,0.4607,-1,-1,-1
69,22,635.97,891.90,34.60,34.66,1.0000,-1,-1,-1
69,23,484.13,559.02,101.91,151.74,0.7848,-1,-1,-1
69,24,1297.69,13.46,26.34,19.21,1.0000,-1,-1,-1
69,26,67.76,693.47,99.78,252.12,1.0000,-1,-1,-1
69,32,89.08,765.87,132.91,176.66,0.9092,-1,-1,-1
69,33,78.25,579.82,109.77,168.27,0.8638,-1,-1,-1
69,35,153.79,582.53,49.12,104.10,1.0000,-1,-1,-1
69,38,155.00,305.83,729.77,508.46,1.0000,-1,-1,-1
69,40,153.11,598.99,103.92,154.13,0.9008,-1,-1,-1
69,41,434.67,703.28,173.89,116.29,1.0000,-1,-1,-1
69,43,444.79,595.65,135.76,168.65,1.0000,-1,-1,-1
69,44,0.23,695.83,153.00,315.86,0.5903,-1,-1,-1
69,45,426.75,549.66,68.35,154.94,0.8673,-1,-1,-1
69,46,89.48,454.56,315.67,291.47,1.0000,-1,-1,-1
69,49,3.86,821.38,205.13,255.78,0.5981,-1,-1,-1
70,1,239.66,491.46,96.61,143.48,0.8874,-1,-1,-1
70,2,655.27,781.34,191.07,143.58,0.9434,-1,-1,-1
70,3,422.43,457.49,76.05,143.46,0.8543,-1,-1,-1
70,4,797.47,306.62,60.76,113.71,0.8855,-1,-1,-1
70,5,236.60,194.74,57.78,85.16,0.8991,-1,-1,-1
70,7,462.62,632.72,115.43,181.87,0.8518,-1,-1,-1
70,8,324.75,430.91,76.77,125.49,0.9164,-1,-1,-1
70,9,871.30,189.80,37.84,79.46,1.0000,-1,-1,-1
70,10,873.49,190.70,62.96,97.88,0.8585,-1,-1,-1
70,11,769.54,269.88,48.08,94.27,0.8649,-1,-1,-1
70,13,553.56,445.92,97.22,161.89,0.8403,-1,-1,-1
70,14,565.05,303.93,64.03,104.61,0.8995,-1,-1,-1
70,15,1080.55,76.87,35.82,62.06,0.8097,-1,-1,-1
70,16,558.14,444.66,62.70,100.00,1.0000,-1,-1,-1
70,17,715.29,292.99,62.43,101.04,0.8849,-1,-1,-1
70,18,991.58,105.61,29.63,56.94,0.7380,-1,-1,-1
70,19,1012.88,126.09,40.84,70.78,0.7727,-1,-1,-1
70,20,1501.43,97.37,33.36,35.25,0.5946,-1,-1,-1
70,21,615.43,875.68,79.17,50.69,0.4679,-1,-1,-1
70,22,639.83,902.57,24.42,24.46,1.0000,-1,-1,-1
70,23,486.28,559.12,99.96,149.47,0.7508,-1,-1,-1
70,24,1297.51,13.54,26.38,19.25,1.0000,-1,-1,-1
70,26,69.81,694.28,99.05,250.26,1.0000,-1,-1,-1
70,32,90.69,766.33,133.17,175.85,0.9021,-1,-1,-1
70,33,80.48,578.44,107.86,168.82,0.8726,-1,-1,-1
70,35,150.26,584.76,48.95,103.73,1.0000,-1,-1,-1
70,38,145.07,289.89,752.11,524.02,1.0000,-1,-1,-1
70,40,151.36,602.69,102.82,153.80,0.8912,-1,-1,-1
70,41,434.49,701.26,176.75,118.20,1.0000,-1,-1,-1
70,43,444.89,592.26,138.07,171.52,1.0000,-1,-1,-1
70,44,1.16,690.15,155.57,320.58,0.6272,-1,-1,-1
70,45,426.84,546.33,69.88,158.60,0.8383,-1,-1,-1
70,46,81.42,446.58,327.58,302.46,1.0000,-1,-1,-1
70,49,-2.16,798.61,219.36,278.33,0.5909,-1,-1,-1
71,1,240.41,490.31,97.02,144.53,0.8937,-1,-1,-1
71,2,655.66,781.62,191.11,144.25,0.9428,-1,-1,-1
71,3,424.55,456.57,75.93,142.77,0.8608,-1,-1,-1
71,4,799.51,306.70,60.39,112.78,0.8871,-1,-1,-1
71,5,238.15,195.20,57.51,84.37,0.8926,-1,-1,-1
71,7,464.30,630.40,115.94,182.72,0.8572,-1,-1,-1
71,8,326.08,430.65,77.35,125.65,0.9116,-1,-1,-1
71,9,872.30,189.59,37.78,79.33,1.0000,-1,-1,-1
71,10,873.75,190.82,62.80,97.83,0.8658,-1,-1,-1
71,11,770.04,269.70,47.74,94.19,0.8539,-1,-1,-1
71,13,555.23,446.79,97.04,161.76,0.7990,-1,-1,-1
71,14,564.19,306.13,63.64,103.98,0.8998,-1,-1,-1
71,15,1080.95,77.12,35.50,61.71,0.8027,-1,-1,-1
71,16,557.50,444.26,62.06,98.98,1.0000,-1,-1,-1
71,17,715.82,292.47,63.35,101.97,0.8817,-1,-1,-1
71,18,991.64,105.73,29.08,55.95,0.7218,-1,-1,-1
71,19,1012.67,125.20,41.08,71.31,0.7755,-1,-1,-1
71,20,1501.31,97.08,33.36,35.43,0.5357,-1,-1,-1
71,21,614.59,876.26,79.79,50.47,0.4958,-1,-1,-1
71,22,643.69,913.24,14.24,14.26,1.0000,-1,-1,-1
71,23,488.14,560.25,98.75,148.52,0.7491,-1,-1,-1
71,24,1297.34,13.62,26.42,19.28,1.0000,-1,-1,-1
71,26,71.86,695.09,98.31,248.40,1.0000,-1,-1,-1
71,32,93.28,766.85,132.86,173.93,0.8766,-1,-1,-1
71,33,82.48,577.20,105.43,168.68,0.8403,-1,-1,-1
71,35,146.72,586.99,48.77,103.37,1.0000,-1,-1,-1
71,38,135.14,273.95,774.44,539.58,1.0000,-1,-1,-1
71,40,149.04,605.97,102.17,154.38,0.8358,-1,-1,-1
71,41,434.30,699.24,179.61,120.12,1.0000,-1,-1,-1
71,43,445.00,588.87,140.38,174.39,1.0000,-1,-1,-1
71,44,6.12,694.01,155.72,317.08,0.5603,-1,-1,-1
71,45,428.36,543.93,70.24,160.34,0.8077,-1,-1,-1
71,46,73.37,438.61,339.49,313.45,1.0000,-1,-1,-1
71,49,-3.27,788.35,223.85,288.15,0.5771,-1,-1,-1
72,1,242.12,490.18,98.31,146.36,0.9054,-1,-1,-1
72,2,657.69,784.75,187.20,141.50,0.9336,-1,-1,-1
72,3,426.85,457.03,75.95,141.53,0.8732,-1,-1,-1
72,4,800.72,307.26,59.85,111.39,0.8938,-1,-1,-1
72,5,239.78,195.14,57.12,83.10,0.8855,-1,-1,-1
72,7,465.14,629.38,116.10,183.15,0.8545,-1,-1,-1
72,8,326.64,429.77,78.00,126.30,0.9121,-1,-1,-1
72,9,873.29,189.38,37.72,79.21,1.0000,-1,-1,-1
72,10,873.16,189.06,63.84,99.67,0.8658,-1,-1,-1
72,11,770.33,269.74,47.41,94.25,0.8644,-1,-1,-1
72,13,558.02,449.86,95.63,158.51,0.7731,-1,-1,-1
72,14,562.84,306.20,63.67,104.24,0.9033,-1,-1,-1
72,15,1081.26,77.16,35.19,61.34,0.7984,-1,-1,-1
72,16,562.19,443.07,69.66,108.76,0.7950,-1,-1,-1
72,17,716.29,292.40,63.68,102.10,0.8846,-1,-1,-1
72,18,990.58,105.15,29.46,56.74,0.7188,-1,-1,-1
72,19,1012.26,124.53,41.64,72.59,0.7836,-1,-1,-1
72,20,1501.23,97.03,33.39,35.58,0.5806,-1,-1,-1
72,21,614.46,876.54,79.73,49.88,0.6056,-1,-1,-1
72,22,647.55,923.91,4.05,4.06,1.0000,-1,-1,-1
72,23,490.12,563.65,96.63,145.38,0.7473,-1,-1,-1
72,24,1297.66,13.05,26.64,20.01,0.3016,-1,-1,-1
72,26,73.90,695.91,97.58,246.54,1.0000,-1,-1,-1
72,32,95.82,768.23,133.22,172.33,0.8983,-1,-1,-1
72,33,83.25,574.76,103.33,169.30,0.8673,-1,-1,-1
72,35,143.19,589.21,48.60,103.00,1.0000,-1,-1,-1
72,38,125.21,258.01,796.77,555.14,1.0000,-1,-1,-1
72,40,145.75,606.71,103.07,157.62,0.8022,-1,-1,-1
72,41,434.12,697.22,182.46,122.03,1.0000,-1,-1,-1
72,43,445.11,585.48,142.68,177.25,1.0000,-1,-1,-1
72,44,6.97,692.24,155.59,316.81,1.0000,-1,-1,-1
72,45,427.64,535.64,73.44,168.87,0.7904,-1,-1,-1
72,46,65.32,430.64,351.39,324.45,1.0000,-1,-1,-1
72,49,-4.02,781.38,225.79,294.66,0.5433,-1,-1,-1
73,1,242.99,489.59,98.62,146.91,0.9226,-1,-1,-1
73,2,658.39,785.63,186.81,141.70,0.9399,-1,-1,-1
73,3,429.55,456.00,75.80,139.73,0.8511,-1,-1,-1
73,4,801.49,307.65,59.41,110.43,0.8935,-1,-1,-1
73,5,240.72,194.91,57.70,83.34,0.8576,-1,-1,-1
73,7,468.00,634.12,113.05,177.83,0.8749,-1,-1,-1
73,8,327.77,429.33,78.25,126.27,0.9004,-1,-1,-1
73,9,874.29,189.17,37.66,79.08,1.0000,-1,-1,-1
73,10,873.62,186.67,65.02,102.06,0.8676,-1,-1,-1
73,11,770.29,270.74,47.08,94.12,0.8712,-1,-1,-1
73,13,558.84,449.37,96.46,159.66,0.7357,-1,-1,-1
73,14,561.60,306.33,64.09,105.48,0.8930,-1,-1,-1
73,15,1081.73,77.08,35.32,61.61,0.8041,-1,-1,-1
73,16,562.69,442.73,70.64,108.13,0.7864,-1,-1,-1
73,17,716.62,291.36,64.48,103.44,0.8786,-1,-1,-1
73,18,990.27,108.29,28.58,54.42,0.7429,-1,-1,-1
73,19,1012.30,124.13,42.11,73.47,0.7814,-1,-1,-1
73,20,1501.06,96.28,33.48,35.88,0.5150,-1,-1,-1
73,21,611.55,874.02,84.38,52.74,0.6043,-1,-1,-1
73,22,651.41,934.57,-6.13,-6.14,1.0000,-1,-1,-1
73,23,490.67,562.22,97.65,147.38,0.6684,-1,-1,-1
73,24,1297.50,13.09,26.74,20.08,1.0000,-1,-1,-1
73,26,75.95,696.72,96.84,244.69,1.0000,-1,-1,-1
73,32,99.50,769.69,133.11,170.68,0.9021,-1,-1,-1
73,33,87.57,574.12,99.85,167.45,0.5328,-1,-1,-1
73,35,139.65,591.44,48.43,102.64,1.0000,-1,-1,-1
73,38,115.28,242.07,819.11,570.70,1.0000,-1,-1,-1
73,40,134.31,591.01,114.19,177.69,0.7234,-1,-1,-1
73,41,433.94,695.20,185.32,123.94,1.0000,-1,-1,-1
73,43,445.22,582.09,144.99,180.12,1.0000,-1,-1,-1
73,44,7.81,690.47,155.45,316.54,1.0000,-1,-1,-1
73,45,430.22,540.09,71.09,163.43,0.6915,-1,-1,-1
73,46,57.27,422.67,363.30,335.44,1.0000,-1,-1,-1
73,49,4.12,788.92,216.96,286.44,0.6877,-1,-1,-1
73,55,617.50,773.74,106.08,153.96,0.5241,-1,-1,-1
74,1,244.49,489.35,98.60,147.32,0.9250,-1,-1,-1
74,2,658.45,786.72,185.65,141.17,0.9464,-1,-1,-1
74,3,432.26,455.33,75.58,138.30,0.8424,-1,-1,-1
74,4,803.72,308.23,58.64,108.64,0.8817,-1,-1,-1
74,5,242.09,195.66,57.40,82.23,0.8640,-1,-1,-1
74,7,469.54,635.29,112.88,176.80,0.8669,-1,-1,-1
74,8,328.79,428.53,78.79,126.85,0.8936,-1,-1,-1
74,9,875.29,188.96,37.60,78.95,1.0000,-1,-1,-1
74,10,874.46,186.33,64.91,102.37,0.8773,-1,-1,-1
74,11,769.72,271.10,47.40,95.05,0.8820,-1,-1,-1
74,13,558.62,444.16,99.73,165.15,0.8009,-1,-1,-1
74,14,560.79,307.40,63.58,105.17,0.8882,-1,-1,-1
74,15,1082.37,77.68,35.32,61.34,0.8171,-1,-1,-1
74,16,562.82,442.26,70.66,108.16,1.0000,-1,-1,-1
74,17,716.98,291.04,64.59,103.89,0.8873,-1,-1,-1
74,18,990.01,109.63,28.46,53.66,0.7469,-1,-1,-1
74,19,1012.36,123.77,42.35,73.92,0.7754,-1,-1,-1
74,20,1501.28,96.36,33.57,36.08,0.5566,-1,-1,-1
74,21,609.99,873.11,86.76,54.17,0.5035,-1,-1,-1
74,22,655.27,945.24,-16.32,-16.34,1.0000,-1,-1,-1
74,23,469.81,560.44,103.77,149.26,0.6057,-1,-1,-1
74,24,1297.81,13.25,26.18,20.38,0.3212,-1,-1,-1
74,26,78.00,697.53,96.11,242.83,1.0000,-1,-1,-1
74,32,101.50,771.28,133.62,170.00,0.9047,-1,-1,-1
74,33,89.47,572.83,99.91,167.56,1.0000,-1,-1,-1
74,35,136.11,593.67,48.26,102.27,1.0000,-1,-1,-1
74,38,105.35,226.13,841.44,586.26,1.0000,-1,-1,-1
74,40,118.06,580.06,123.02,190.16,0.8090,-1,-1,-1
74,41,433.76,693.18,188.18,125.85,1.0000,-1,-1,-1
74,43,445.33,578.71,147.30,182.99,1.0000,-1,-1,-1
74,44,8.65,688.71,155.32,316.27,1.0000,-1,-1,-1
74,45,428.84,524.89,75.72,176.08,0.4951,-1,-1,-1
74,46,49.22,414.70,375.21,346.44,1.0000,-1,-1,-1
74,49,7.49,792.17,212.44,283.01,0.7467,-1,-1,-1
74,55,623.64,774.72,106.82,153.40,0.5452,-1,-1,-1
75,1,246.13,489.32,98.28,147.17,0.9286,-1,-1,-1
75,2,663.64,796.15,175.55,132.74,0.9559,-1,-1,-1
75,3,435.57,455.26,75.83,137.34,0.7987,-1,-1,-1
75,4,803.83,307.67,59.01,109.09,0.8320,-1,-1,-1
75,5,243.50,195.52,57.76,82.19,0.8332,-1,-1,-1
75,7,471.02,631.78,114.86,179.59,0.8462,-1,-1,-1
75,8,329.62,427.56,79.37,127.77,0.8788,-1,-1,-1
75,9,876.29,188.75,37.53,78.83,1.0000,-1,-1,-1
75,10,875.18,185.75,64.56,102.25,0.8752,-1,-1,-1
75,11,769.70,270.95,47.45,95.40,0.8812,-1,-1,-1
75,13,559.00,442.33,99.82,165.55,0.7883,-1,-1,-1
75,14,559.00,307.15,64.80,108.09,0.9008,-1,-1,-1
75,15,1082.73,77.36,35.21,61.34,0.8038,-1,-1,-1
75,16,562.94,441.79,70.68,108.19,1.0000,-1,-1,-1
75,17,717.09,290.53,64.81,104.46,0.8908,-1,-1,-1
75,18,989.71,109.87,28.94,54.31,0.7485,-1,-1,-1
75,19,1013.11,123.89,42.17,73.49,0.7870,-1,-1,-1
75,20,1501.35,96.50,33.39,35.92,0.5647,-1,-1,-1
75,21,608.99,873.29,87.74,54.89,0.5667,-1,-1,-1
75,22,659.13,955.91,-26.50,-26.54,1.0000,-1,-1,-1
75,23,460.15,560.88,108.03,148.31,0.6357,-1,-1,-1
75,24,1298.01,13.28,26.07,20.84,0.4209,-1,-1,-1
75,26,80.05,698.34,95.37,240.97,1.0000,-1,-1,-1
75,32,103.78,772.59,134.02,169.07,0.8888,-1,-1,-1
75,33,91.37,571.54,99.98,167.67,1.0000,-1,-1,-1
75,35,132.58,595.89,48.08,101.91,1.0000,-1,-1,-1
75,40,111.58,574.45,127.73,197.44,0.8601,-1,-1,-1
75,41,433.58,691.16,191.04,127.76,1.0000,-1,-1,-1
75,43,445.44,575.32,149.61,185.86,1.0000,-1,-1,-1
75,44,9.48,670.02,170.28,341.53,0.3727,-1,-1,-1
75,45,428.04,509.25,80.31,189.25,0.4094,-1,-1,-1
75,46,41.17,406.72,387.12,357.43,1.0000,-1,-1,-1
75,49,14.95,796.07,206.79,278.68,0.7371,-1,-1,-1
75,55,622.00,777.04,107.06,152.34,0.5312,-1,-1,-1
76,1,247.34,489.13,97.39,146.23,0.9282,-1,-1,-1
76,2,661.99,794.80,178.20,134.87,0.9465,-1,-1,-1
76,3,437.43,454.06,76.95,137.92,0.8344,-1,-1,-1
76,4,804.78,305.98,59.64,110.61,0.7567,-1,-1,-1
76,5,244.17,194.96,58.25,82.39,0.8167,-1,-1,-1
76,7,472.15,630.71,115.25,180.18,0.8690,-1,-1,-1
76,8,330.27,427.38,79.44,127.98,0.8717,-1,-1,-1
76,9,877.28,188.54,37.47,78.70,1.0000,-1,-1,-1
76,10,875.89,185.66,64.29,102.34,0.8709,-1,-1,-1
76,11,770.56,271.06,47.11,94.71,0.8730,-1,-1,-1
76,13,559.78,440.97,100.17,165.99,0.8205,-1,-1,-1
76,14,558.30,307.78,64.50,108.42,0.8992,-1,-1,-1
76,15,1083.43,76.98,35.32,61.76,0.8130,-1,-1,-1
76,16,563.06,441.33,70.70,108.22,1.0000,-1,-1,-1
76,17,717.89,290.36,64.72,104.57,0.8823,-1,-1,-1
76,18,989.70,110.50,29.80,55.68,0.7717,-1,-1,-1
76,19,1014.01,124.18,41.86,73.11,0.8054,-1,-1,-1
76,20,1501.57,96.21,33.43,36.01,0.6157,-1,-1,-1
76,21,609.40,874.02,87.33,54.67,0.6180,-1,-1,-1
76,22,662.99,966.58,-36.69,-36.74,1.0000,-1,-1,-1
76,23,467.86,564.83,107.57,144.96,0.6682,-1,-1,-1
76,24,1298.94,13.42,25.57,20.63,0.3960,-1,-1,-1
76,32,105.03,772.44,135.53,169.33,0.8663,-1,-1,-1
76,33,93.27,570.25,100.05,167.78,1.0000,-1,-1,-1
76,35,129.04,598.12,47.91,101.54,1.0000,-1,-1,-1
76,40,108.53,571.15,131.06,203.15,0.8620,-1,-1,-1
76,41,433.39,689.14,193.89,129.67,1.0000,-1,-1,-1
76,43,445.54,571.93,151.92,188.73,1.0000,-1,-1,-1
76,44,5.32,649.09,180.47,360.48,0.3291,-1,-1,-1
76,45,432.07,515.97,74.24,174.98,0.4762,-1,-1,-1
76,46,33.12,398.75,399.02,368.42,1.0000,-1,-1,-1
76,49,21.07,799.57,201.33,274.53,0.7460,-1,-1,-1
76,55,616.66,778.62,106.30,150.95,0.4648,-1,-1,-1
77,1,248.96,488.67,97.62,146.93,0.9283,-1,-1,-1
77,2,657.70,788.85,186.22,141.91,0.9466,-1,-1,-1
77,3,439.89,452.42,76.80,136.01,0.8305,-1,-1,-1
77,4,806.13,306.03,59.20,110.28,0.8546,-1,-1,-1
77,5,244.96,195.27,58.36,82.05,0.8353,-1,-1,-1
77,7,464.92,598.04,133.59,212.42,0.8244,-1,-1,-1
77,8,332.21,427.44,78.67,126.44,0.8688,-1,-1,-1
77,9,878.28,188.33,37.41,78.57,1.0000,-1,-1,-1
77,10,876.42,185.49,64.20,102.60,0.8740,-1,-1,-1
77,11,771.33,270.60,47.20,94.81,0.8581,-1,-1,-1
77,13,561.30,440.99,100.21,165.65,0.8188,-1,-1,-1
77,14,557.25,310.14,64.03,108.62,0.8943,-1,-1,-1
77,15,1084.27,77.04,35.50,61.93,0.8067,-1,-1,-1
77,16,564.78,438.96,71.93,108.32,0.7166,-1,-1,-1
77,17,719.01,290.37,64.44,104.67,0.8816,-1,-1,-1
77,18,990.14,110.74,30.50,56.73,0.7962,-1,-1,-1
77,19,1014.74,123.88,41.90,73.59,0.7977,-1,-1,-1
77,20,1501.79,96.02,33.46,36.18,0.5776,-1,-1,-1
77,21,608.75,873.87,88.32,55.39,0.4683,-1,-1,-1
77,22,666.85,977.25,-46.88,-46.94,1.0000,-1,-1,-1
77,23,469.71,565.91,108.90,144.19,0.7190,-1,-1,-1
77,24,1299.18,13.19,25.24,20.74,0.3933,-1,-1,-1
77,32,106.49,771.51,136.33,169.06,0.8728,-1,-1,-1
77,33,95.17,568.96,100.11,167.89,1.0000,-1,-1,-1
77,40,107.49,569.51,133.66,209.05,0.8396,-1,-1,-1
77,41,433.21,687.12,196.75,131.58,1.0000,-1,-1,-1
77,43,445.65,568.54,154.23,191.59,1.0000,-1,-1,-1
77,44,-0.53,655.94,175.48,352.71,0.7432,-1,-1,-1
77,45,433.62,511.46,73.81,175.00,0.4717,-1,-1,-1
77,46,25.07,390.78,410.93,379.42,1.0000,-1,-1,-1
77,49,57.21,903.68,137.14,169.52,0.7636,-1,-1,-1
77,55,627.51,778.89,109.00,151.07,0.3616,-1,-1,-1
78,1,250.45,487.21,97.71,147.48,0.8930,-1,-1,-1
78,2,657.94,789.51,185.85,142.22,0.9521,-1,-1,-1
78,3,439.97,449.65,79.12,139.44,0.8061,-1,-1,-1
78,4,807.53,306.35,55.98,104.09,0.7787,-1,-1,-1
78,5,245.91,194.18,59.15,82.62,0.8495,-1,-1,-1
78,7,463.37,583.04,139.62,226.10,0.8129,-1,-1,-1
78,8,334.19,427.39,78.28,125.58,0.8724,-1,-1,-1
78,9,879.28,188.12,37.35,78.45,1.0000,-1,-1,-1
78,10,877.21,185.68,63.81,102.48,0.8809,-1,-1,-1
78,11,772.26,270.31,46.88,94.06,0.8387,-1,-1,-1
78,13,563.75,442.06,99.54,164.01,0.8200,-1,-1,-1
78,14,556.74,311.94,63.08,108.04,0.9032,-1,-1,-1
78,15,1084.68,76.94,35.53,61.95,0.8005,-1,-1,-1
78,16,565.89,439.78,71.42,106.06,0.7185,-1,-1,-1
78,17,720.65,290.44,63.85,103.70,0.8694,-1,-1,-1
78,18,990.39,110.75,30.67,56.92,0.7928,-1,-1,-1
78,19,1015.34,123.86,41.50,72.93,0.8058,-1,-1,-1
78,20,1501.79,95.04,34.05,37.02,0.5944,-1,-1,-1
78,21,608.77,874.69,87.92,55.09,0.4714,-1,-1,-1
78,22,670.71,987.91,-57.07,-57.14,1.0000,-1,-1,-1
78,23,464.35,565.82,110.33,141.22,0.7363,-1,-1,-1
78,24,1298.86,13.05,25.11,21.00,0.4666,-1,-1,-1
78,32,110.34,770.90,136.33,168.21,0.8871,-1,-1,-1
78,33,97.07,567.67,100.18,168.00,1.0000,-1,-1,-1
78,40,110.26,567.36,134.68,213.04,0.7506,-1,-1,-1
78,41,433.03,685.10,199.61,133.49,1.0000,-1,-1,-1
78,43,445.76,565.16,156.54,194.46,1.0000,-1,-1,-1
78,44,-5.31,648.91,176.02,357.74,0.4922,-1,-1,-1
78,45,437.82,523.94,68.53,160.63,0.4997,-1,-1,-1
78,46,17.02,382.81,422.84,390.41,1.0000,-1,-1,-1
78,49,76.22,953.77,104.56,118.37,0.8256,-1,-1,-1
78,55,622.45,778.74,111.22,152.48,0.4896,-1,-1,-1
79,1,251.50,487.37,97.58,147.69,0.8955,-1,-1,-1
79,2,659.12,792.77,181.85,139.24,0.9517,-1,-1,-1
79,3,441.06,448.25,80.36,141.00,0.7802,-1,-1,-1
79,4,807.74,304.86,56.87,105.77,0.8357,-1,-1,-1
79,5,246.90,192.88,59.85,83.31,0.8574,-1,-1,-1
79,7,472.67,605.61,125.86,203.38,0.8462,-1,-1,-1
79,8,335.33,426.98,78.18,125.30,0.8584,-1,-1,-1
79,9,880.28,187.91,37.29,78.32,1.0000,-1,-1,-1
79,10,877.93,185.77,63.61,102.75,0.8821,-1,-1,-1
79,11,772.90,270.22,45.90,91.91,0.8458,-1,-1,-1
79,13,564.19,442.74,99.77,164.00,0.8031,-1,-1,-1
79,14,556.99,314.45,61.83,106.76,0.9023,-1,-1,-1
79,15,1085.02,76.52,35.85,62.46,0.7970,-1,-1,-1
79,16,566.27,439.98,72.25,105.69,0.7007,-1,-1,-1
79,17,722.08,289.67,64.06,104.13,0.8629,-1,-1,-1
79,18,990.57,110.99,31.12,57.68,0.7916,-1,-1,-1
79,19,1015.50,123.47,41.68,72.93,0.8173,-1,-1,-1
79,20,1501.67,94.79,33.96,37.11,0.5989,-1,-1,-1
79,21,607.45,875.22,88.85,55.67,0.4559,-1,-1,-1
79,22,674.57,998.58,-67.25,-67.34,1.0000,-1,-1,-1
79,23,482.79,567.59,108.50,140.63,0.7973,-1,-1,-1
79,24,1298.84,13.51,24.22,20.47,0.4909,-1,-1,-1
79,32,112.64,767.73,137.89,170.05,0.8777,-1,-1,-1
79,33,132.28,566.83,91.40,147.26,0.7806,-1,-1,-1
79,40,105.69,565.74,137.68,217.79,1.0000,-1,-1,-1
79,41,432.85,683.08,202.46,135.40,1.0000,-1,-1,-1
79,43,445.87,561.77,158.84,197.33,1.0000,-1,-1,-1
79,44,4.81,677.95,165.66,330.98,0.4750,-1,-1,-1
79,45,442.15,527.80,71.75,165.53,0.6859,-1,-1,-1
79,46,8.97,374.83,434.74,401.41,1.0000,-1,-1,-1
79,49,83.98,965.49,93.80,106.18,1.0000,-1,-1,-1
79,55,622.57,781.18,112.05,150.78,0.5319,-1,-1,-1
80,1,252.15,486.72,97.19,147.60,0.9038,-1,-1,-1
80,2,656.87,791.04,185.04,142.30,0.9496,-1,-1,-1
80,3,441.64,446.90,80.35,141.13,0.7456,-1,-1,-1
80,4,807.60,303.34,58.06,108.26,0.8593,-1,-1,-1
80,5,247.53,192.70,60.92,84.35,0.8491,-1,-1,-1
80,7,476.31,614.84,120.26,194.15,0.8915,-1,-1,-1
80,8,335.71,425.49,78.49,125.73,0.8483,-1,-1,-1
80,9,881.27,187.70,37.23,78.19,1.0000,-1,-1,-1
80,10,878.83,185.77,63.37,103.03,0.8850,-1,-1,-1
80,11,773.07,270.16,46.20,92.52,0.8487,-1,-1,-1
80,13,565.64,445.27,98.94,162.35,0.7962,-1,-1,-1
80,14,556.48,315.48,61.72,107.67,0.9049,-1,-1,-1
80,15,1085.69,76.13,36.07,63.00,0.8444,-1,-1,-1
80,16,567.12,438.46,71.45,103.19,0.7264,-1,-1,-1
80,17,722.80,289.54,63.85,103.86,0.8712,-1,-1,-1
80,18,990.45,110.28,31.77,58.86,0.7863,-1,-1,-1
80,19,1015.93,123.54,41.39,72.23,0.8282,-1,-1,-1
80,20,1501.39,94.59,33.69,36.91,0.5900,-1,-1,-1
80,21,606.61,876.71,88.51,55.29,0.5443,-1,-1,-1
80,22,678.43,1009.25,-77.44,-77.54,1.0000,-1,-1,-1
80,23,490.10,566.90,107.82,141.88,0.8318,-1,-1,-1
80,24,1299.18,13.51,23.77,20.29,0.4530,-1,-1,-1
80,32,114.47,766.26,138.74,171.19,0.8788,-1,-1,-1
80,33,133.78,566.51,91.81,143.50,0.7733,-1,-1,-1
80,40,101.12,564.11,140.68,222.53,1.0000,-1,-1,-1
80,41,432.66,681.06,205.32,137.31,1.0000,-1,-1,-1
80,43,445.98,558.38,161.15,200.20,1.0000,-1,-1,-1
80,44,6.08,683.39,164.24,325.01,0.5433,-1,-1,-1
80,45,444.24,529.73,72.77,165.92,0.7428,-1,-1,-1
80,46,0.92,366.86,446.65,412.40,1.0000,-1,-1,-1
80,49,91.74,977.22,83.04,94.00,1.0000,-1,-1,-1
80,55,614.25,782.25,112.62,151.10,0.6995,-1,-1,-1
80,57,62.57,933.62,140.43,138.49,0.8381,-1,-1,-1
81,1,253.44,485.84,96.45,147.21,0.8889,-1,-1,-1
81,2,656.79,793.07,183.33,141.43,0.9526,-1,-1,-1
81,3,444.84,445.51,79.48,139.31,0.8553,-1,-1,-1
81,4,808.84,302.17,58.40,109.04,0.8560,-1,-1,-1
81,5,249.26,191.58,60.36,83.18,0.8641,-1,-1,-1
81,7,478.24,617.42,118.49,191.07,0.8897,-1,-1,-1
81,8,336.84,424.80,78.90,126.41,0.8865,-1,-1,-1
81,9,882.27,187.49,37.17,78.07,1.0000,-1,-1,-1
81,10,879.56,185.56,63.00,103.16,0.8917,-1,-1,-1
81,11,772.88,269.58,46.87,93.76,0.8567,-1,-1,-1
81,13,567.82,449.93,96.18,156.63,0.8427,-1,-1,-1
81,14,556.48,317.15,61.33,107.98,0.9050,-1,-1,-1
81,15,1086.77,76.88,35.52,61.96,0.8304,-1,-1,-1
81,16,576.71,437.33,69.40,102.93,0.6053,-1,-1,-1
81,17,724.06,289.48,63.06,102.73,0.8689,-1,-1,-1
81,18,991.96,109.85,32.09,60.20,0.7570,-1,-1,-1
81,19,1016.79,123.30,41.20,72.04,0.8416,-1,-1,-1
81,20,1501.43,94.32,33.63,37.05,0.6152,-1,-1,-1
81,21,604.70,875.37,91.38,57.21,0.4525,-1,-1,-1
81,22,682.29,1019.92,-87.63,-87.74,1.0000,-1,-1,-1
81,23,494.20,565.52,107.22,143.03,0.8120,-1,-1,-1
81,24,1299.14,13.19,24.22,20.84,0.5319,-1,-1,-1
81,32,114.64,762.00,141.15,174.42,0.8836,-1,-1,-1
81,33,135.81,565.25,93.48,143.84,0.8075,-1,-1,-1
81,40,96.55,562.49,143.68,227.28,1.0000,-1,-1,-1
81,41,432.48,679.04,208.18,139.22,1.0000,-1,-1,-1
81,43,446.09,554.99,163.46,203.07,1.0000,-1,-1,-1
81,44,9.79,688.63,165.15,321.66,0.7494,-1,-1,-1
81,45,445.05,533.30,72.48,163.98,0.6732,-1,-1,-1
81,46,-7.13,358.89,458.56,423.40,1.0000,-1,-1,-1
81,49,99.50,988.94,72.28,81.82,1.0000,-1,-1,-1
81,55,617.52,786.29,112.27,147.66,0.6907,-1,-1,-1
81,57,68.57,940.27,133.56,130.33,0.6473,-1,-1,-1
82,1,253.77,485.02,96.16,147.61,0.9001,-1,-1,-1
82,2,655.36,791.70,184.96,143.51,0.9536,-1,-1,-1
82,3,446.94,443.16,78.54,137.73,0.8464,-1,-1,-1
82,4,810.42,302.29,58.16,108.83,0.8642,-1,-1,-1
82,5,250.98,192.67,60.24,82.64,0.8810,-1,-1,-1
82,7,475.93,597.56,127.97,209.17,0.8756,-1,-1,-1
82,8,337.95,424.32,78.96,126.16,0.8742,-1,-1,-1
82,9,883.27,187.28,37.11,77.94,1.0000,-1,-1,-1
82,10,880.20,185.06,62.68,103.17,0.8928,-1,-1,-1
82,11,773.00,269.31,47.41,94.72,0.8356,-1,-1,-1
82,13,567.86,451.36,95.58,155.20,0.8224,-1,-1,-1
82,14,555.33,317.85,61.16,108.86,0.9197,-1,-1,-1
82,15,1087.17,76.84,35.53,61.78,0.8232,-1,-1,-1
82,16,574.80,436.15,69.99,104.04,0.5958,-1,-1,-1
82,17,725.14,289.63,62.69,102.19,0.8732,-1,-1,-1
82,18,992.98,110.57,31.95,60.45,0.7421,-1,-1,-1
82,19,1017.36,123.46,41.14,72.03,0.8608,-1,-1,-1
82,20,1501.67,94.52,33.58,37.06,0.5861,-1,-1,-1
82,21,605.10,878.03,89.09,55.39,0.5481,-1,-1,-1
82,22,686.15,1030.58,-97.82,-97.94,1.0000,-1,-1,-1
82,23,495.13,564.95,106.57,143.64,0.8090,-1,-1,-1
82,24,1299.05,13.43,23.85,20.71,0.4674,-1,-1,-1
82,32,113.48,759.87,142.70,176.29,0.9115,-1,-1,-1
82,33,137.37,562.82,95.81,144.62,0.8482,-1,-1,-1
82,40,91.98,560.86,146.68,232.03,1.0000,-1,-1,-1
82,41,432.30,677.02,211.04,141.14,1.0000,-1,-1,-1
82,43,446.20,551.60,165.77,205.94,1.0000,-1,-1,-1
82,44,9.91,696.30,163.75,314.56,0.8056,-1,-1,-1
82,45,445.07,535.71,71.54,161.12,0.6810,-1,-1,-1
82,49,107.25,1000.67,61.52,69.64,1.0000,-1,-1,-1
82,55,604.51,786.96,110.91,147.18,0.6700,-1,-1,-1
82,57,76.95,962.84,113.57,107.64,0.7319,-1,-1,-1
83,1,254.96,482.84,96.58,148.97,0.8991,-1,-1,-1
83,2,657.84,795.14,180.75,140.25,0.9521,-1,-1,-1
83,3,450.35,443.17,77.87,135.81,0.8583,-1,-1,-1
83,4,810.76,299.41,59.12,110.81,0.8653,-1,-1,-1
83,5,252.98,192.16,59.64,81.47,0.8644,-1,-1,-1
83,7,476.23,588.03,131.08,217.20,0.8736,-1,-1,-1
83,8,340.44,423.35,79.25,126.15,0.8725,-1,-1,-1
83,9,884.27,187.07,37.05,77.81,1.0000,-1,-1,-1
83,10,880.94,184.42,62.32,103.28,0.8793,-1,-1,-1
83,11,773.38,268.83,47.81,95.52,0.8606,-1,-1,-1
83,13,568.47,451.30,95.60,154.54,0.8510,-1,-1,-1
83,14,555.47,318.73,61.42,109.98,0.9071,-1,-1,-1
83,15,1087.45,76.76,35.20,60.96,0.8204,-1,-1,-1
83,16,570.88,437.19,68.98,100.06,0.5313,-1,-1,-1
83,17,725.52,289.46,62.68,102.45,0.8798,-1,-1,-1
83,18,994.87,111.57,31.40,59.68,0.7352,-1,-1,-1
83,19,1018.77,123.63,40.57,71.09,0.8555,-1,-1,-1
83,20,1501.53,94.27,33.66,37.27,0.5811,-1,-1,-1
83,21,606.49,880.23,86.72,53.38,0.5609,-1,-1,-1
83,22,690.01,1041.25,-108.01,-108.14,1.0000,-1,-1,-1
83,23,498.30,563.95,104.92,143.05,0.8225,-1,-1,-1
83,24,1299.03,13.44,23.55,20.66,0.4660,-1,-1,-1
83,32,114.11,756.14,144.49,178.66,0.8990,-1,-1,-1
83,33,138.70,561.79,98.58,146.31,0.8319,-1,-1,-1
83,40,87.40,559.23,149.68,236.78,1.0000,-1,-1,-1
83,41,432.12,675.00,213.89,143.05,1.0000,-1,-1,-1
83,43,446.30,548.22,168.08,208.80,1.0000,-1,-1,-1
83,44,32.03,767.03,139.22,245.46,0.7433,-1,-1,-1
83,45,445.79,536.61,71.37,159.97,0.6810,-1,-1,-1
83,49,115.01,1012.39,50.76,57.46,1.0000,-1,-1,-1
83,55,606.26,788.91,109.93,145.27,0.6151,-1,-1,-1
83,57,89.99,984.24,95.71,90.71,1.0000,-1,-1,-1
83,58,136.07,639.77,82.05,151.81,0.8643,-1,-1,-1
84,1,255.93,481.47,96.57,149.57,0.9056,-1,-1,-1
84,2,657.14,796.43,180.58,140.28,0.9553,-1,-1,-1
84,3,451.75,441.65,79.16,137.87,0.8773,-1,-1,-1
84,4,811.20,298.86,59.25,111.14,0.8696,-1,-1,-1
84,5,254.64,192.19,59.45,80.70,0.8784,-1,-1,-1
84,7,478.35,586.60,129.74,217.44,0.8565,-1,-1,-1
84,8,342.10,423.39,78.40,123.91,0.8922,-1,-1,-1
84,9,885.26,186.86,36.99,77.69,1.0000,-1,-1,-1
84,10,881.60,184.54,61.89,103.10,0.8703,-1,-1,-1
84,11,773.54,268.65,48.13,96.23,0.8586,-1,-1,-1
84,13,566.32,447.59,97.29,157.35,0.8136,-1,-1,-1
84,14,555.41,319.72,61.56,110.36,0.8970,-1,-1,-1
84,15,1087.57,76.42,35.23,60.76,0.8285,-1,-1,-1
84,16,577.08,436.14,71.05,104.31,0.5120,-1,-1,-1
84,17,725.75,289.98,62.20,102.08,0.8814,-1,-1,-1
84,18,995.35,111.11,32.66,62.65,0.7526,-1,-1,-1
84,19,1019.80,123.57,40.28,70.39,0.8777,-1,-1,-1
84,20,1501.28,94.21,33.59,37.17,0.5968,-1,-1,-1
84,21,606.48,880.19,87.52,53.63,0.4894,-1,-1,-1
84,22,693.87,1051.92,-118.20,-118.33,1.0000,-1,-1,-1
84,23,502.35,564.25,102.46,140.88,0.8028,-1,-1,-1
84,24,1299.09,13.72,23.06,20.43,0.4627,-1,-1,-1
84,32,114.74,751.30,147.35,182.40,0.8879,-1,-1,-1
84,33,141.29,561.30,100.72,147.75,0.8634,-1,-1,-1
84,40,82.83,557.61,152.68,241.53,1.0000,-1,-1,-1
84,41,431.93,672.98,216.75,144.96,1.0000,-1,-1,-1
84,43,446.41,544.83,170.39,211.67,1.0000,-1,-1,-1
84,44,33.99,805.38,124.63,205.75,0.8877,-1,-1,-1
84,45,445.30,540.75,70.40,156.79,0.7817,-1,-1,-1
84,49,122.77,1024.12,40.00,45.28,1.0000,-1,-1,-1
84,55,604.88,789.58,109.16,144.75,0.6136,-1,-1,-1
84,57,103.03,1005.64,77.84,73.78,1.0000,-1,-1,-1
84,58,133.91,646.55,80.70,147.40,0.8788,-1,-1,-1
85,1,257.37,480.28,95.55,148.48,0.9014,-1,-1,-1
85,2,658.68,798.93,178.01,138.24,0.9422,-1,-1,-1
85,3,454.28,440.66,78.24,136.51,0.8094,-1,-1,-1
85,4,812.27,298.90,58.36,109.42,0.8739,-1,-1,-1
85,5,255.77,190.90,60.59,82.00,0.8925,-1,-1,-1
85,7,483.11,588.36,126.12,213.07,0.7889,-1,-1,-1
85,8,344.14,423.09,78.73,123.66,0.9088,-1,-1,-1
85,9,886.26,186.65,36.93,77.56,1.0000,-1,-1,-1
85,10,881.84,183.41,62.22,104.46,0.8637,-1,-1,-1
85,11,773.44,268.30,48.60,97.27,0.8552,-1,-1,-1
85,13,570.36,456.02,92.87,148.97,0.8300,-1,-1,-1
85,14,554.56,320.24,61.53,110.21,0.8969,-1,-1,-1
85,15,1087.95,75.94,35.40,60.88,0.8123,-1,-1,-1
85,16,575.30,436.17,73.29,107.47,0.6023,-1,-1,-1
85,17,727.08,290.25,61.81,101.74,0.8711,-1,-1,-1
85,18,996.88,111.28,33.00,63.86,0.7321,-1,-1,-1
85,19,1020.70,124.01,39.94,69.66,0.8938,-1,-1,-1
85,20,1501.00,93.80,34.15,37.75,0.6256,-1,-1,-1
85,21,606.96,880.35,87.38,53.32,0.4583,-1,-1,-1
85,22,697.74,1062.59,-128.39,-128.53,1.0000,-1,-1,-1
85,23,504.46,563.34,101.53,140.41,0.8266,-1,-1,-1
85,24,1299.17,13.63,22.47,20.19,0.4348,-1,-1,-1
85,32,105.09,713.58,172.19,218.25,0.8422,-1,-1,-1
85,33,143.39,561.29,102.44,149.31,0.8109,-1,-1,-1
85,40,78.26,555.98,155.68,246.27,1.0000,-1,-1,-1
85,41,431.75,670.96,219.61,146.87,1.0000,-1,-1,-1
85,43,446.52,541.44,172.70,214.54,1.0000,-1,-1,-1
85,44,17.25,733.85,169.58,276.67,0.8057,-1,-1,-1
85,45,447.88,540.97,69.27,153.72,0.6952,-1,-1,-1
85,49,130.53,1035.84,29.24,33.10,1.0000,-1,-1,-1
85,55,608.31,791.57,107.81,142.01,0.6854,-1,-1,-1
85,57,116.08,1027.04,59.98,56.85,1.0000,-1,-1,-1
85,58,131.10,647.02,83.54,150.50,0.8872,-1,-1,-1
86,1,258.04,479.28,94.72,147.97,0.8889,-1,-1,-1
86,2,657.56,796.83,180.55,140.64,0.9427,-1,-1,-1
86,3,456.14,440.61,77.24,135.14,0.7810,-1,-1,-1
86,4,813.04,297.86,58.17,109.26,0.8654,-1,-1,-1
86,5,257.31,190.71,60.68,81.85,0.8883,-1,-1,-1
86,7,487.59,593.25,121.57,206.04,0.6848,-1,-1,-1
86,8,345.15,422.28,79.47,124.37,0.9117,-1,-1,-1
86,9,887.26,186.44,36.87,77.43,1.0000,-1,-1,-1
86,10,882.74,183.72,61.73,104.39,0.8681,-1,-1,-1
86,11,774.09,268.11,47.94,96.07,0.8620,-1,-1,-1
86,13,569.87,450.97,96.26,154.63,0.8273,-1,-1,-1
86,14,555.43,321.14,61.25,109.42,0.8854,-1,-1,-1
86,15,1088.50,76.00,35.31,60.65,0.8065,-1,-1,-1
86,16,574.45,436.00,73.52,106.87,0.5896,-1,-1,-1
86,17,728.76,289.90,61.83,101.34,0.8490,-1,-1,-1
86,18,997.80,110.38,33.74,65.68,0.7782,-1,-1,-1
86,19,1021.78,124.08,40.27,70.10,0.8931,-1,-1,-1
86,20,1500.76,93.70,34.40,38.03,0.6155,-1,-1,-1
86,21,606.96,881.61,85.39,51.80,0.5079,-1,-1,-1
86,22,701.60,1073.25,-138.58,-138.73,1.0000,-1,-1,-1
86,23,503.11,560.71,102.28,142.58,0.8228,-1,-1,-1
86,24,1299.30,13.63,22.16,20.13,0.4264,-1,-1,-1
86,32,104.28,702.04,176.80,228.64,0.8564,-1,-1,-1
86,33,145.53,561.83,103.13,149.13,0.8145,-1,-1,-1
86,40,73.69,554.36,158.68,251.02,1.0000,-1,-1,-1
86,41,431.57,668.94,222.46,148.78,1.0000,-1,-1,-1
86,43,446.63,538.05,175.01,217.41,1.0000,-1,-1,-1
86,44,18.77,746.58,165.13,261.96,0.8288,-1,-1,-1
86,45,448.62,540.69,69.13,153.42,0.7037,-1,-1,-1
86,49,138.29,1047.57,18.48,20.92,1.0000,-1,-1,-1
86,55,608.49,790.76,108.83,142.72,0.6441,-1,-1,-1
86,57,129.12,1048.43,42.12,39.92,1.0000,-1,-1,-1
86,58,130.56,647.71,85.88,152.01,0.8548,-1,-1,-1
86,60,53.09,809.77,184.24,253.35,0.7529,-1,-1,-1
87,1,259.59,478.35,93.86,147.64,0.8958,-1,-1,-1
87,2,656.63,795.32,182.47,142.60,0.9496,-1,-1,-1
87,3,461.07,441.26,76.97,134.05,0.8115,-1,-1,-1
87,4,815.32,296.64,52.89,98.83,0.8115,-1,-1,-1
87,5,259.62,190.62,60.21,81.03,0.9005,-1,-1,-1
87,7,496.62,616.34,108.67,181.37,0.8802,-1,-1,-1
87,8,346.59,421.50,79.27,123.87,0.9161,-1,-1,-1
87,9,888.26,186.23,36.81,77.30,1.0000,-1,-1,-1
87,10,884.15,184.05,60.90,103.87,0.8750,-1,-1,-1
87,11,775.04,267.02,47.07,93.92,0.8581,-1,-1,-1
87,13,574.60,459.97,91.36,145.24,0.7586,-1,-1,-1
87,14,555.15,321.36,61.18,109.80,0.9009,-1,-1,-1
87,15,1089.42,75.46,35.57,61.09,0.7989,-1,-1,-1
87,16,574.51,435.48,73.81,106.35,0.6745,-1,-1,-1
87,17,730.62,289.56,62.31,101.75,0.8456,-1,-1,-1
87,18,999.41,110.27,34.27,67.16,0.7546,-1,-1,-1
87,19,1022.40,122.49,40.67,70.85,0.8781,-1,-1,-1
87,20,1501.14,93.74,34.22,37.83,0.6271,-1,-1,-1
87,21,607.68,882.61,84.55,50.89,0.4838,-1,-1,-1
87,22,705.46,1083.92,-148.77,-148.93,1.0000,-1,-1,-1
87,23,506.01,558.23,102.49,144.06,0.7945,-1,-1,-1
87,24,1299.29,13.86,21.84,20.00,0.4471,-1,-1,-1
87,32,104.20,689.15,181.89,240.50,0.8468,-1,-1,-1
87,33,148.32,561.17,104.18,149.74,0.8153,-1,-1,-1
87,40,69.12,552.73,161.68,255.77,1.0000,-1,-1,-1
87,41,431.39,666.92,225.32,150.69,1.0000,-1,-1,-1
87,43,446.74,534.66,177.31,220.28,1.0000,-1,-1,-1
87,44,30.08,787.92,147.40,219.90,0.8938,-1,-1,-1
87,45,451.37,540.79,69.18,152.03,0.7069,-1,-1,-1
87,49,146.05,1059.29,7.72,8.73,1.0000,-1,-1,-1
87,55,611.84,790.05,110.85,143.53,0.6070,-1,-1,-1
87,57,142.16,1069.83,24.26,22.99,1.0000,-1,-1,-1
87,58,129.23,648.95,88.08,153.33,0.8789,-1,-1,-1
87,60,58.76,814.94,178.86,246.24,0.7867,-1,-1,-1
88,1,261.12,477.27,94.11,148.95,0.8891,-1,-1,-1
88,2,656.68,794.90,183.03,143.29,0.9517,-1,-1,-1
88,3,462.90,440.03,77.66,135.34,0.8221,-1,-1,-1
88,4,816.78,296.13,50.28,92.96,0.8265,-1,-1,-1
88,5,261.79,189.76,60.23,80.91,0.8850,-1,-1,-1
88,7,500.07,620.57,106.50,176.35,0.8676,-1,-1,-1
88,8,348.22,420.65,79.07,123.41,0.9011,-1,-1,-1
88,9,889.25,186.02,36.75,77.18,1.0000,-1,-1,-1
88,10,885.05,183.09,61.04,105.13,0.8761,-1,-1,-1
88,11,775.57,266.09,47.72,94.74,0.8570,-1,-1,-1
88,13,575.97,461.12,90.44,143.07,0.8485,-1,-1,-1
88,14,555.26,322.01,61.18,109.82,0.8986,-1,-1,-1
88,15,1089.98,75.08,35.95,61.88,0.7923,-1,-1,-1
88,16,581.65,435.26,73.74,108.10,0.6442,-1,-1,-1
88,17,731.77,289.25,62.35,101.59,0.8489,-1,-1,-1
88,18,999.86,109.96,34.66,68.06,0.7556,-1,-1,-1
88,19,1022.19,120.77,42.00,73.55,0.8864,-1,-1,-1
88,20,1501.94,93.85,33.68,37.29,0.6241,-1,-1,-1
88,21,606.35,880.93,87.75,52.68,0.3664,-1,-1,-1
88,22,709.32,1094.59,-158.97,-159.13,1.0000,-1,-1,-1
88,23,508.76,556.81,101.93,144.99,0.7736,-1,-1,-1
88,24,1299.40,13.87,21.91,20.19,0.5322,-1,-1,-1
88,32,101.31,669.72,191.32,259.70,0.8807,-1,-1,-1
88,33,148.66,560.29,105.50,152.01,0.8119,-1,-1,-1
88,40,64.55,551.10,164.69,260.52,1.0000,-1,-1,-1
88,41,431.20,664.90,228.18,152.60,1.0000,-1,-1,-1
88,44,27.96,801.79,143.54,205.45,0.9375,-1,-1,-1
88,45,452.55,542.29,69.61,151.70,0.7918,-1,-1,-1
88,49,153.81,1071.02,-3.04,-3.45,1.0000,-1,-1,-1
88,55,619.99,791.65,113.23,141.85,0.5825,-1,-1,-1
88,57,155.20,1091.23,6.40,6.06,1.0000,-1,-1,-1
88,58,129.84,650.30,89.35,152.98,0.8320,-1,-1,-1
88,60,68.74,836.20,163.04,223.61,0.7197,-1,-1,-1
89,1,263.54,476.12,94.06,149.15,0.8989,-1,-1,-1
89,2,656.99,794.59,183.31,143.76,0.9544,-1,-1,-1
89,3,464.91,438.08,78.98,137.38,0.8543,-1,-1,-1
89,4,816.43,293.87,54.82,101.59,0.8652,-1,-1,-1
89,5,263.40,187.79,60.62,81.54,0.8665,-1,-1,-1
89,7,502.12,618.23,107.52,177.17,0.8528,-1,-1,-1
89,8,349.11,419.62,78.98,123.41,0.8974,-1,-1,-1
89,9,890.25,185.81,36.68,77.05,1.0000,-1,-1,-1
89,10,886.33,182.71,60.58,105.14,0.8724,-1,-1,-1
89,11,776.62,265.13,48.23,95.24,0.8738,-1,-1,-1
89,13,577.45,460.16,90.57,143.08,0.7976,-1,-1,-1
89,14,555.77,323.09,60.76,108.91,0.8940,-1,-1,-1
89,15,1091.16,75.73,35.74,61.43,0.7915,-1,-1,-1
89,16,578.82,435.58,75.01,109.68,0.6773,-1,-1,-1
89,17,732.77,288.26,62.79,102.24,0.8479,-1,-1,-1
89,18,1000.52,109.10,35.04,68.32,0.6980,-1,-1,-1
89,19,1021.86,117.01,43.63,77.10,0.8348,-1,-1,-1
89,20,1502.03,93.67,33.82,37.54,0.6489,-1,-1,-1
89,21,605.15,880.08,88.95,53.33,0.3143,-1,-1,-1
89,22,713.19,1105.26,-169.16,-169.33,1.0000,-1,-1,-1
89,23,508.55,551.45,103.14,148.48,0.7983,-1,-1,-1
89,24,1299.54,13.72,22.00,20.30,0.5822,-1,-1,-1
89,32,105.34,670.42,186.33,257.90,0.8623,-1,-1,-1
89,33,153.08,559.80,107.18,154.02,0.8394,-1,-1,-1
89,40,59.98,549.48,167.69,265.27,1.0000,-1,-1,-1
89,41,431.02,662.88,231.04,154.51,1.0000,-1,-1,-1
89,44,24.28,802.33,147.19,204.01,0.9428,-1,-1,-1
89,45,453.58,541.64,69.12,150.47,0.8121,-1,-1,-1
89,49,161.57,1082.74,-13.80,-15.63,1.0000,-1,-1,-1
89,55,616.54,791.47,115.02,141.81,0.5874,-1,-1,-1
89,57,168.25,1112.62,-11.46,-10.87,1.0000,-1,-1,-1
89,58,131.10,651.91,90.09,151.40,0.7991,-1,-1,-1
89,60,70.23,830.62,166.30,228.03,0.6946,-1,-1,-1
90,1,265.44,474.89,93.70,149.35,0.8998,-1,-1,-1
90,2,657.86,794.66,182.36,143.06,0.9441,-1,-1,-1
90,3,466.93,435.31,79.96,139.14,0.8590,-1,-1,-1
90,4,817.14,294.03,56.36,104.54,0.8531,-1,-1,-1
90,5,265.06,186.66,60.65,81.58,0.8593,-1,-1,-1
90,7,502.16,611.72,110.51,181.74,0.8628,-1,-1,-1
90,8,350.96,418.39,78.83,123.26,0.9021,-1,-1,-1
90,9,891.25,185.60,36.62,76.92,1.0000,-1,-1,-1
90,10,887.90,182.97,59.74,104.18,0.8732,-1,-1,-1
90,11,777.61,265.29,48.47,95.05,0.8568,-1,-1,-1
90,13,578.24,455.25,93.76,148.22,0.7780,-1,-1,-1
90,14,556.10,322.93,61.16,109.18,0.8980,-1,-1,-1
90,15,1092.00,75.84,35.51,61.19,0.8128,-1,-1,-1
90,16,577.90,435.14,75.51,109.81,0.6447,-1,-1,-1
90,17,734.22,288.35,61.97,100.85,0.8525,-1,-1,-1
90,18,1000.94,109.17,35.19,68.16,0.6380,-1,-1,-1
90,19,1022.13,114.52,44.01,78.32,0.8110,-1,-1,-1
90,20,1502.68,93.51,33.63,37.43,0.6445,-1,-1,-1
90,21,604.94,880.30,88.96,53.33,1.0000,-1,-1,-1
90,22,717.05,1115.92,-179.35,-179.53,1.0000,-1,-1,-1
90,23,510.84,549.23,101.85,148.64,0.8038,-1,-1,-1
90,24,1300.03,13.74,21.93,20.17,0.5702,-1,-1,-1
90,32,108.12,669.05,183.21,258.22,0.8637,-1,-1,-1
90,33,156.80,558.91,107.52,154.20,0.8506,-1,-1,-1
90,40,55.41,547.85,170.69,270.01,1.0000,-1,-1,-1
90,44,22.71,801.80,151.42,203.52,0.9357,-1,-1,-1
90,45,453.59,538.05,70.66,154.05,0.7742,-1,-1,-1
90,49,169.32,1094.47,-24.56,-27.81,1.0000,-1,-1,-1
90,55,619.95,789.48,120.17,144.26,0.6142,-1,-1,-1
90,57,181.29,1134.02,-29.33,-27.80,1.0000,-1,-1,-1
90,58,131.43,653.90,91.22,150.64,0.8035,-1,-1,-1
90,60,72.71,826.81,167.30,229.80,0.5777,-1,-1,-1
91,1,267.85,474.80,92.82,148.56,0.9017,-1,-1,-1
91,2,656.79,792.28,184.08,144.66,0.9453,-1,-1,-1
91,3,469.77,434.27,80.29,139.46,0.8383,-1,-1,-1
91,4,819.58,292.61,53.30,98.41,0.8443,-1,-1,-1
91,5,267.48,186.42,59.87,80.49,0.8398,-1,-1,-1
91,7,503.55,606.64,113.43,186.67,0.8353,-1,-1,-1
91,8,352.42,417.08,78.91,123.77,0.8823,-1,-1,-1
91,9,892.25,185.39,36.56,76.80,1.0000,-1,-1,-1
91,10,889.45,183.70,58.80,103.03,0.8669,-1,-1,-1
91,11,779.08,266.04,48.50,94.44,0.8539,-1,-1,-1
91,13,578.24,450.22,96.35,152.71,0.8119,-1,-1,-1
91,14,557.83,324.26,60.83,108.37,0.8945,-1,-1,-1
91,15,1092.92,74.38,36.15,62.57,0.8086,-1,-1,-1
91,16,578.64,434.78,75.77,110.19,1.0000,-1,-1,-1
91,17,734.84,287.18,62.02,101.10,0.8598,-1,-1,-1
91,18,1006.45,108.58,38.47,71.60,0.6633,-1,-1,-1
91,19,1021.78,112.31,44.96,80.39,0.6773,-1,-1,-1
91,20,1503.05,93.64,33.23,36.98,0.6098,-1,-1,-1
91,21,604.98,878.82,89.57,53.89,0.3169,-1,-1,-1
91,22,720.91,1126.59,-189.54,-189.73,1.0000,-1,-1,-1
91,23,512.26,546.89,101.19,149.35,0.8211,-1,-1,-1
91,24,1300.40,14.11,21.19,19.37,0.5649,-1,-1,-1
91,32,113.84,674.68,175.58,250.97,0.8930,-1,-1,-1
91,33,159.78,558.47,106.10,152.85,0.8763,-1,-1,-1
91,40,50.84,546.23,173.69,274.76,1.0000,-1,-1,-1
91,44,21.36,803.48,154.68,202.07,0.9504,-1,-1,-1
91,45,454.11,531.09,73.10,160.44,0.7897,-1,-1,-1
91,49,177.08,1106.19,-35.32,-39.99,1.0000,-1,-1,-1
91,55,622.81,787.05,124.84,145.96,0.5841,-1,-1,-1
91,57,194.33,1155.42,-47.19,-44.73,1.0000,-1,-1,-1
91,58,132.00,655.77,92.92,150.72,0.8290,-1,-1,-1
91,60,80.08,829.38,162.29,222.76,0.6392,-1,-1,-1
92,1,269.83,473.25,92.70,148.42,0.8877,-1,-1,-1
92,2,658.74,794.87,180.59,141.68,0.9375,-1,-1,-1
92,3,471.56,433.19,79.74,138.67,0.8617,-1,-1,-1
92,4,819.56,291.10,55.51,102.72,0.8551,-1,-1,-1
92,5,269.37,185.16,59.86,80.50,0.8431,-1,-1,-1
92,7,505.64,602.47,115.33,190.11,0.8453,-1,-1,-1
92,8,353.62,415.72,79.55,125.38,0.8675,-1,-1,-1
92,9,893.24,185.18,36.50,76.67,1.0000,-1,-1,-1
92,10,890.22,183.11,58.70,103.26,0.8671,-1,-1,-1
92,11,779.57,264.64,48.60,94.31,0.8541,-1,-1,-1
92,13,578.63,448.91,96.71,153.47,0.8214,-1,-1,-1
92,14,559.11,325.29,60.64,107.63,0.8936,-1,-1,-1
92,15,1093.50,73.64,35.94,62.32,0.8138,-1,-1,-1
92,16,578.53,434.92,74.68,108.18,0.4044,-1,-1,-1
92,17,735.53,286.26,62.10,101.43,0.8595,-1,-1,-1
92,18,1009.86,107.19,41.94,75.47,0.7184,-1,-1,-1
92,19,1022.10,111.28,45.40,81.17,1.0000,-1,-1,-1
92,20,1503.73,94.04,32.46,36.03,0.5500,-1,-1,-1
92,21,604.77,878.87,89.68,53.96,1.0000,-1,-1,-1
92,22,724.78,1137.26,-199.74,-199.93,1.0000,-1,-1,-1
92,23,512.42,545.68,100.71,149.89,0.7567,-1,-1,-1
92,24,1300.49,13.90,20.98,19.22,0.5413,-1,-1,-1
92,32,116.01,672.29,174.02,252.48,0.8879,-1,-1,-1
92,33,163.40,557.15,106.10,152.61,0.8892,-1,-1,-1
92,40,46.27,544.60,176.69,279.51,1.0000,-1,-1,-1
92,44,21.44,803.22,159.64,202.66,0.9404,-1,-1,-1
92,45,453.64,518.60,78.12,172.98,0.7544,-1,-1,-1
92,49,184.84,1117.92,-46.09,-52.17,1.0000,-1,-1,-1
92,55,623.95,786.40,128.20,146.21,0.5835,-1,-1,-1
92,57,207.38,1176.82,-65.05,-61.65,1.0000,-1,-1,-1
92,58,132.88,656.90,94.32,150.25,0.8032,-1,-1,-1
92,60,93.23,858.75,142.44,192.35,0.6416,-1,-1,-1
92,63,8.90,700.02,24.01,184.15,0.3297,-1,-1,-1
93,1,272.37,472.32,92.13,147.47,0.9079,-1,-1,-1
93,2,660.48,796.55,178.22,139.54,0.9431,-1,-1,-1
93,3,474.08,431.48,79.87,138.22,0.8881,-1,-1,-1
93,4,820.14,290.17,56.48,104.64,0.8527,-1,-1,-1
93,5,271.39,184.12,60.00,80.62,0.8563,-1,-1,-1
93,7,507.49,595.74,118.27,195.64,0.8225,-1,-1,-1
93,8,356.48,415.82,79.15,124.75,0.8896,-1,-1,-1
93,9,894.24,184.97,36.44,76.54,1.0000,-1,-1,-1
93,10,890.84,182.99,58.12,102.87,0.8465,-1,-1,-1
93,11,779.94,263.71,48.81,94.18,0.8602,-1,-1,-1
93,13,575.42,438.12,100.79,161.99,0.8532,-1,-1,-1
93,14,560.19,325.06,61.10,108.08,0.8935,-1,-1,-1
93,15,1094.70,73.44,35.42,61.58,0.8173,-1,-1,-1
93,16,579.19,434.61,74.78,108.32,1.0000,-1,-1,-1
93,17,736.38,286.22,61.72,101.04,0.8589,-1,-1,-1
93,18,1012.37,107.23,44.55,77.57,0.8053,-1,-1,-1
93,19,1022.42,110.25,45.84,81.96,1.0000,-1,-1,-1
93,20,1504.42,94.62,31.65,34.96,0.5194,-1,-1,-1
93,21,604.57,878.92,89.78,54.02,1.0000,-1,-1,-1
93,22,728.64,1147.93,-209.93,-210.13,1.0000,-1,-1,-1
93,23,514.08,543.84,99.67,149.04,0.8139,-1,-1,-1
93,24,1301.17,13.36,21.72,19.83,0.5422,-1,-1,-1
93,32,118.02,668.54,172.90,254.86,0.8770,-1,-1,-1
93,33,166.03,554.16,108.56,156.10,0.8875,-1,-1,-1
93,40,41.70,542.97,179.69,284.26,1.0000,-1,-1,-1
93,44,19.65,796.67,167.95,208.33,0.9319,-1,-1,-1
93,45,456.48,526.95,74.15,164.17,0.8666,-1,-1,-1
93,49,192.60,1129.64,-56.85,-64.35,1.0000,-1,-1,-1
93,55,624.98,785.15,132.68,147.20,0.7074,-1,-1,-1
93,57,220.42,1198.21,-82.91,-78.58,1.0000,-1,-1,-1
93,58,133.86,655.48,97.03,151.36,0.8549,-1,-1,-1
93,60,95.18,849.56,148.83,200.12,0.6332,-1,-1,-1
93,63,4.61,582.05,37.58,286.24,0.4905,-1,-1,-1
94,1,274.12,471.66,92.46,147.67,0.9040,-1,-1,-1
94,2,661.64,798.15,176.79,138.16,0.9506,-1,-1,-1
94,3,476.34,429.97,79.59,137.43,0.8510,-1,-1,-1
94,4,821.16,288.96,56.98,105.80,0.8344,-1,-1,-1
94,5,273.07,183.39,60.44,81.35,0.8467,-1,-1,-1
94,7,509.86,594.91,117.93,195.28,0.8135,-1,-1,-1
94,8,358.45,416.14,78.32,123.45,0.8626,-1,-1,-1
94,9,895.24,184.76,36.38,76.42,1.0000,-1,-1,-1
94,10,891.39,182.77,57.85,103.08,0.8130,-1,-1,-1
94,11,781.02,263.01,48.61,93.25,0.8821,-1,-1,-1
94,13,579.79,450.81,93.76,150.06,0.8263,-1,-1,-1
94,14,561.35,324.92,61.39,107.99,0.8932,-1,-1,-1
94,15,1095.29,73.27,35.33,61.55,0.8042,-1,-1,-1
94,16,580.42,431.96,74.28,107.16,0.7199,-1,-1,-1
94,17,737.95,286.84,61.57,100.38,0.8653,-1,-1,-1
94,18,1015.36,107.20,46.41,79.23,0.7594,-1,-1,-1
94,19,1022.74,109.22,46.28,82.74,1.0000,-1,-1,-1
94,20,1504.37,94.74,31.73,34.95,0.5259,-1,-1,-1
94,21,604.37,878.96,89.89,54.08,1.0000,-1,-1,-1
94,22,732.50,1158.59,-220.13,-220.33,1.0000,-1,-1,-1
94,23,517.13,544.66,97.23,145.74,0.8147,-1,-1,-1
94,24,1301.90,13.33,21.32,19.44,0.5235,-1,-1,-1
94,32,121.31,666.62,171.48,256.52,0.8928,-1,-1,-1
94,33,169.35,553.17,108.28,155.20,0.8759,-1,-1,-1
94,40,37.13,541.35,182.69,289.01,1.0000,-1,-1,-1
94,44,19.62,792.86,174.36,211.21,0.9248,-1,-1,-1
94,45,459.70,536.00,70.06,153.72,0.8889,-1,-1,-1
94,49,200.36,1141.37,-67.61,-76.53,1.0000,-1,-1,-1
94,55,620.07,784.20,135.56,148.46,0.7908,-1,-1,-1
94,57,233.46,1219.61,-100.77,-95.51,1.0000,-1,-1,-1
94,58,137.31,656.11,98.21,150.18,0.8968,-1,-1,-1
94,60,119.28,912.33,107.42,133.87,0.6333,-1,-1,-1
94,63,6.82,565.27,36.79,273.89,0.5812,-1,-1,-1
95,1,276.35,469.92,93.22,149.09,0.8943,-1,-1,-1
95,2,662.22,798.77,175.71,137.05,0.9531,-1,-1,-1
95,3,479.75,427.69,80.30,138.57,0.8397,-1,-1,-1
95,4,822.41,289.69,57.23,106.38,0.8727,-1,-1,-1
95,5,275.86,182.38,60.55,81.61,0.8609,-1,-1,-1
95,7,515.01,601.78,112.87,186.33,0.8186,-1,-1,-1
95,8,359.88,415.71,78.74,124.47,0.9088,-1,-1,-1
95,9,896.24,184.55,36.32,76.29,1.0000,-1,-1,-1
95,10,892.26,184.49,56.99,102.05,0.7965,-1,-1,-1
95,11,783.15,262.71,48.08,91.78,0.8731,-1,-1,-1
95,13,580.36,451.40,92.68,148.94,0.8150,-1,-1,-1
95,14,563.05,325.56,61.15,106.96,0.8866,-1,-1,-1
95,15,1096.83,72.65,35.54,61.61,0.8265,-1,-1,-1
95,16,583.28,432.10,72.47,103.50,0.7449,-1,-1,-1
95,17,739.34,286.85,61.28,99.80,0.8865,-1,-1,-1
95,18,1017.98,107.74,47.43,79.76,0.7050,-1,-1,-1
95,19,1023.06,108.19,46.72,83.53,1.0000,-1,-1,-1
95,20,1504.63,94.67,31.60,34.73,0.5092,-1,-1,-1
95,21,604.16,879.01,90.00,54.15,1.0000,-1,-1,-1
95,22,736.37,1169.26,-230.32,-230.53,1.0000,-1,-1,-1
95,23,520.15,543.94,95.59,144.05,0.8369,-1,-1,-1
95,24,1301.91,13.72,20.88,19.19,0.5468,-1,-1,-1
95,32,124.66,665.25,168.98,256.69,0.8943,-1,-1,-1
95,33,171.53,552.20,109.28,156.60,0.9068,-1,-1,-1
95,40,32.56,539.72,185.69,293.75,1.0000,-1,-1,-1
95,44,19.50,790.48,179.82,212.90,0.8942,-1,-1,-1
95,45,461.14,532.19,71.52,156.18,0.8370,-1,-1,-1
95,49,208.12,1153.10,-78.37,-88.71,1.0000,-1,-1,-1
95,55,619.47,784.06,137.76,148.72,0.8109,-1,-1,-1
95,57,246.50,1241.01,-118.63,-112.44,1.0000,-1,-1,-1
95,58,144.55,657.75,98.12,147.41,0.8410,-1,-1,-1
95,60,94.34,833.85,165.11,207.78,0.5493,-1,-1,-1
95,63,11.63,571.15,35.62,253.18,0.6527,-1,-1,-1
96,1,277.99,469.20,93.55,149.39,0.8850,-1,-1,-1
96,2,662.28,799.06,175.71,136.79,0.9602,-1,-1,-1
96,3,482.46,425.96,80.99,139.89,0.8187,-1,-1,-1
96,4,823.54,288.94,56.23,104.37,0.8609,-1,-1,-1
96,5,277.73,181.90,60.10,81.17,0.8435,-1,-1,-1
96,7,514.75,593.45,116.89,193.81,0.7618,-1,-1,-1
96,8,359.88,415.06,78.84,125.40,0.9024,-1,-1,-1
96,9,897.23,184.34,36.26,76.16,1.0000,-1,-1,-1
96,10,892.91,184.52,56.80,102.26,0.7967,-1,-1,-1
96,11,784.46,262.06,48.33,91.85,0.8796,-1,-1,-1
96,13,582.09,450.47,92.92,149.91,0.8075,-1,-1,-1
96,14,564.60,325.59,61.43,106.70,0.8899,-1,-1,-1
96,15,1097.39,71.63,35.93,61.98,0.8290,-1,-1,-1
96,16,584.48,431.83,73.48,104.28,0.6982,-1,-1,-1
96,17,740.34,286.47,61.65,100.36,0.8939,-1,-1,-1
96,18,1023.18,109.39,47.41,79.93,0.6889,-1,-1,-1
96,19,1014.67,107.92,41.19,71.45,0.4139,-1,-1,-1
96,20,1505.03,95.08,31.34,34.38,0.5367,-1,-1,-1
96,21,603.96,879.06,90.10,54.21,1.0000,-1,-1,-1
96,22,740.23,1179.93,-240.52,-240.73,1.0000,-1,-1,-1
96,23,523.84,543.14,94.84,143.95,0.8192,-1,-1,-1
96,24,1302.03,14.08,20.72,19.13,0.5236,-1,-1,-1
96,32,129.16,663.94,165.20,254.99,0.8870,-1,-1,-1
96,33,174.02,550.99,108.28,155.12,0.8881,-1,-1,-1
96,40,27.99,538.10,188.69,298.50,1.0000,-1,-1,-1
96,44,16.57,784.50,187.49,218.33,0.8994,-1,-1,-1
96,45,460.57,520.49,75.77,166.39,0.8497,-1,-1,-1
96,49,215.88,1164.82,-89.13,-100.90,1.0000,-1,-1,-1
96,55,613.56,782.87,139.27,150.09,0.7784,-1,-1,-1
96,57,259.55,1262.40,-136.50,-129.37,1.0000,-1,-1,-1
96,58,148.82,657.89,99.15,147.26,0.8673,-1,-1,-1
96,60,107.03,859.62,145.98,179.72,0.5909,-1,-1,-1
96,63,13.88,577.84,35.86,241.83,0.6697,-1,-1,-1
97,1,280.07,468.44,94.33,150.47,0.8756,-1,-1,-1
97,2,662.65,800.84,175.01,135.89,0.9544,-1,-1,-1
97,3,486.03,425.21,80.70,139.40,0.8422,-1,-1,-1
97,4,825.77,287.62,54.41,100.88,0.8308,-1,-1,-1
97,5,279.72,180.91,60.25,81.83,0.8411,-1,-1,-1
97,7,510.72,569.86,127.99,215.62,0.7574,-1,-1,-1
97,8,362.52,414.44,78.43,124.99,0.8799,-1,-1,-1
97,9,898.23,184.13,36.20,76.04,1.0000,-1,-1,-1
97,10,893.85,184.28,56.52,102.18,0.7718,-1,-1,-1
97,11,784.77,260.58,49.59,94.19,0.8731,-1,-1,-1
97,13,583.27,451.10,91.94,149.07,0.7650,-1,-1,-1
97,14,566.86,325.75,62.30,107.47,0.8857,-1,-1,-1
97,15,1097.98,71.46,36.27,62.38,0.8109,-1,-1,-1
97,16,585.52,431.41,74.65,105.57,0.7845,-1,-1,-1
97,17,741.44,285.39,62.09,101.13,0.8963,-1,-1,-1
97,18,1024.26,109.42,47.72,79.82,0.6883,-1,-1,-1
97,19,1014.32,106.96,41.03,71.17,1.0000,-1,-1,-1
97,20,1505.02,95.17,31.30,34.30,0.5591,-1,-1,-1
97,21,603.76,879.10,90.21,54.27,1.0000,-1,-1,-1
97,22,744.10,1190.60,-250.71,-250.93,1.0000,-1,-1,-1
97,23,523.50,540.65,95.69,145.73,0.7111,-1,-1,-1
97,24,1302.28,14.41,20.39,18.79,0.4779,-1,-1,-1
97,32,133.10,660.79,162.90,256.04,0.8919,-1,-1,-1
97,33,177.99,548.18,108.73,155.73,0.8903,-1,-1,-1
97,40,23.41,536.47,191.69,303.25,1.0000,-1,-1,-1
97,44,23.07,791.51,185.14,209.08,0.8878,-1,-1,-1
97,45,461.78,512.64,79.17,173.97,0.8010,-1,-1,-1
97,49,223.64,1176.55,-99.89,-113.08,1.0000,-1,-1,-1
97,55,611.59,783.36,139.02,149.46,0.8100,-1,-1,-1
97,57,272.59,1283.80,-154.36,-146.30,1.0000,-1,-1,-1
97,58,151.69,651.65,104.69,155.71,0.8390,-1,-1,-1
97,60,123.36,897.68,119.34,139.30,0.4559,-1,-1,-1
97,63,15.05,574.87,38.28,244.24,0.7028,-1,-1,-1
98,1,281.24,468.32,94.47,150.49,0.9003,-1,-1,-1
98,2,661.46,800.39,177.09,137.40,0.9549,-1,-1,-1
98,3,488.46,424.46,80.31,138.53,0.8261,-1,-1,-1
98,4,827.66,287.86,53.65,99.39,0.8275,-1,-1,-1
98,5,281.21,180.58,59.99,81.90,0.8416,-1,-1,-1
98,7,512.50,569.80,126.42,215.16,0.7664,-1,-1,-1
98,8,363.49,413.88,78.17,124.85,0.8765,-1,-1,-1
98,10,894.46,183.72,56.36,102.08,0.7711,-1,-1,-1
98,11,786.35,260.72,49.61,93.67,0.8574,-1,-1,-1
98,13,584.11,448.34,93.31,151.84,0.7979,-1,-1,-1
98,14,567.80,326.18,62.73,107.46,0.8923,-1,-1,-1
98,15,1098.51,71.46,36.25,62.24,0.8107,-1,-1,-1
98,16,586.74,431.30,74.27,104.54,0.7615,-1,-1,-1
98,17,743.09,284.86,62.45,101.51,0.8911,-1,-1,-1
98,18,1027.53,111.42,47.03,78.66,0.6918,-1,-1,-1
98,19,1012.77,108.25,39.90,69.81,0.4589,-1,-1,-1
98,20,1504.89,94.61,31.82,34.78,0.5845,-1,-1,-1
98,21,607.96,879.13,89.16,53.79,0.3164,-1,-1,-1
98,22,747.96,1201.27,-260.91,-261.13,1.0000,-1,-1,-1
98,23,524.32,540.37,95.34,145.45,0.7499,-1,-1,-1
98,24,1301.79,14.48,20.70,19.17,0.5942,-1,-1,-1
98,32,135.87,658.32,160.54,256.68,0.8928,-1,-1,-1
98,33,181.25,545.49,110.41,158.17,0.8835,-1,-1,-1
98,40,18.84,534.85,194.69,308.00,1.0000,-1,-1,-1
98,44,22.38,795.62,185.16,204.03,0.9304,-1,-1,-1
98,45,463.79,516.25,77.56,169.75,0.8175,-1,-1,-1
98,49,231.40,1188.27,-110.65,-125.26,1.0000,-1,-1,-1
98,55,611.42,783.75,138.88,149.03,0.7741,-1,-1,-1
98,57,285.63,1305.20,-172.22,-163.23,1.0000,-1,-1,-1
98,58,155.80,649.67,106.67,159.51,0.8259,-1,-1,-1
98,60,138.40,932.12,95.31,102.57,0.6630,-1,-1,-1
98,63,16.70,583.15,39.51,235.53,0.7176,-1,-1,-1
99,1,282.72,468.23,94.00,149.70,0.9155,-1,-1,-1
99,2,662.18,801.16,176.24,136.49,0.9504,-1,-1,-1
99,3,490.95,423.77,80.40,139.24,0.8733,-1,-1,-1
99,4,829.03,287.04,54.39,100.41,0.8457,-1,-1,-1
99,5,283.58,180.00,59.81,82.12,0.8517,-1,-1,-1
99,7,522.17,589.39,115.38,195.28,0.8109,-1,-1,-1
99,8,365.29,413.88,77.34,123.87,0.8889,-1,-1,-1
99,10,897.86,181.90,54.82,98.72,0.7990,-1,-1,-1
99,11,786.69,260.78,50.28,94.83,0.8736,-1,-1,-1
99,13,585.45,442.53,96.07,156.87,0.8097,-1,-1,-1
99,14,567.76,326.78,62.87,106.96,0.8957,-1,-1,-1
99,15,1098.89,71.75,36.25,61.84,0.8200,-1,-1,-1
99,16,587.73,430.26,75.45,106.16,0.7902,-1,-1,-1
99,17,743.99,285.14,62.24,100.89,0.8967,-1,-1,-1
99,18,1026.55,110.26,47.34,77.93,0.7556,-1,-1,-1
99,19,1012.28,107.53,39.68,69.42,1.0000,-1,-1,-1
99,20,1504.85,94.72,31.57,34.49,0.5358,-1,-1,-1
99,21,608.38,878.42,91.60,55.38,0.3556,-1,-1,-1
99,23,521.30,540.67,100.50,154.16,0.7942,-1,-1,-1
99,24,1301.65,14.14,21.30,19.79,0.5510,-1,-1,-1
99,32,138.25,653.54,160.01,261.13,0.8767,-1,-1,-1
99,33,184.27,544.06,110.78,159.05,0.8629,-1,-1,-1
99,40,14.27,533.22,197.69,312.75,1.0000,-1,-1,-1
99,44,18.80,785.62,196.57,213.21,0.8425,-1,-1,-1
99,45,468.66,527.94,72.68,156.62,0.7942,-1,-1,-1
99,49,239.16,1200.00,-121.41,-137.44,1.0000,-1,-1,-1
99,55,616.44,785.76,139.91,147.85,0.8429,-1,-1,-1
99,57,298.68,1326.60,-190.08,-180.16,1.0000,-1,-1,-1
99,58,155.41,632.38,118.43,178.25,0.6968,-1,-1,-1
99,60,144.55,940.68,92.29,92.53,0.7100,-1,-1,-1
99,63,18.48,587.25,42.19,233.53,0.6556,-1,-1,-1
100,1,283.52,467.55,93.76,149.52,0.9187,-1,-1,-1
100,2,663.35,804.37,173.80,134.04,0.9497,-1,-1,-1
100,3,493.21,423.13,79.36,137.99,0.8856,-1,-1,-1
100,4,830.47,285.81,53.34,98.06,0.7906,-1,-1,-1
100,5,285.44,179.36,59.58,82.00,0.8737,-1,-1,-1
100,7,519.02,569.10,125.29,214.76,0.8181,-1,-1,-1
100,8,367.17,413.45,76.34,122.66,0.8792,-1,-1,-1
100,10,899.54,181.23,53.84,96.31,0.7903,-1,-1,-1
100,11,787.35,259.83,50.68,95.67,0.8632,-1,-1,-1
100,13,587.75,444.77,95.20,155.13,0.7518,-1,-1,-1
100,14,568.73,327.39,62.36,105.55,0.9012,-1,-1,-1
100,15,1099.45,72.63,35.89,60.78,0.8087,-1,-1,-1
100,16,588.73,428.25,76.54,107.26,0.7914,-1,-1,-1
100,17,745.40,285.23,62.59,101.07,0.8910,-1,-1,-1
100,18,1026.06,109.95,47.31,76.55,0.7943,-1,-1,-1
100,19,1011.78,106.81,39.45,69.03,1.0000,-1,-1,-1
100,20,1505.06,95.03,31.18,34.01,0.5019,-1,-1,-1
100,21,609.01,878.77,91.87,55.52,0.3837,-1,-1,-1
100,23,525.11,540.72,95.98,146.95,0.8524,-1,-1,-1
100,24,1301.68,13.74,21.61,20.28,0.5005,-1,-1,-1
100,32,140.08,647.18,160.13,266.84,0.8437,-1,-1,-1
100,33,188.20,542.24,109.55,158.36,0.8795,-1,-1,-1
100,40,9.70,531.59,200.69,317.49,1.0000,-1,-1,-1
100,44,20.90,789.93,196.40,209.00,0.8207,-1,-1,-1
100,45,469.93,533.52,71.46,152.42,0.8123,-1,-1,-1
100,49,246.91,1211.72,-132.17,-149.62,1.0000,-1,-1,-1
100,55,617.88,786.92,141.45,147.37,0.8623,-1,-1,-1
100,57,311.72,1347.99,-207.94,-197.09,1.0000,-1,-1,-1
100,58,157.62,617.49,126.89,194.45,0.8354,-1,-1,-1
100,60,144.68,941.00,96.98,91.57,0.7989,-1,-1,-1
100,63,18.77,581.62,46.48,240.39,0.6242,-1,-1,-1
101,1,284.76,467.05,93.36,149.42,0.9296,-1,-1,-1
101,2,662.24,804.17,176.26,135.88,0.9440,-1,-1,-1
101,3,495.93,422.01,79.09,138.10,0.8526,-1,-1,-1
101,4,830.65,285.19,56.06,102.54,0.8511,-1,-1,-1
101,5,287.93,177.66,60.41,83.71,0.8585,-1,-1,-1
101,7,518.39,557.46,129.67,225.61,0.7621,-1,-1,-1
101,8,370.43,413.12,75.57,121.19,0.8964,-1,-1,-1
101,10,899.79,179.65,55.14,98.54,0.8424,-1,-1,-1
101,11,789.00,259.29,50.67,96.20,0.8417,-1,-1,-1
101,13,592.12,458.15,88.01,141.30,0.8053,-1,-1,-1
101,14,569.61,326.95,63.42,106.70,0.8864,-1,-1,-1
101,15,1100.26,72.23,36.17,61.20,0.8133,-1,-1,-1
101,16,590.09,427.84,76.57,107.69,0.7790,-1,-1,-1
101,17,746.94,284.29,63.21,101.68,0.8829,-1,-1,-1
101,18,1026.56,110.51,48.21,76.46,0.7915,-1,-1,-1
101,19,1011.29,106.08,39.23,68.64,1.0000,-1,-1,-1
101,20,1505.36,95.31,30.76,33.42,0.4920,-1,-1,-1
101,21,609.22,878.78,92.15,55.69,1.0000,-1,-1,-1
101,23,527.88,543.41,92.64,141.74,0.8129,-1,-1,-1
101,24,1301.53,13.68,21.26,20.27,0.4584,-1,-1,-1
101,32,143.74,647.76,157.43,267.28,0.8710,-1,-1,-1
101,33,193.89,540.50,109.12,158.02,0.8551,-1,-1,-1
101,40,5.13,529.97,203.69,322.24,1.0000,-1,-1,-1
101,44,27.80,795.22,196.37,203.57,0.7924,-1,-1,-1
101,45,471.59,533.08,71.77,151.31,0.7565,-1,-1,-1
101,49,254.67,1223.45,-142.93,-161.80,1.0000,-1,-1,-1
101,55,616.39,787.09,143.05,147.95,0.8612,-1,-1,-1
101,57,324.76,1369.39,-225.80,-214.02,1.0000,-1,-1,-1
101,58,157.64,594.67,138.51,216.98,0.8387,-1,-1,-1
101,60,145.45,941.16,101.72,90.90,0.6123,-1,-1,-1
101,63,18.78,573.92,51.11,247.96,0.6837,-1,-1,-1
102,1,285.66,465.51,93.36,150.08,0.9208,-1,-1,-1
102,2,660.18,801.40,180.50,139.58,0.9488,-1,-1,-1
102,3,496.63,421.10,78.96,138.59,0.8597,-1,-1,-1
102,4,831.52,284.64,57.01,104.38,0.8587,-1,-1,-1
102,5,290.46,176.91,59.88,83.48,0.8550,-1,-1,-1
102,7,521.77,558.62,126.37,221.95,0.7420,-1,-1,-1
102,8,372.74,413.15,75.96,121.39,0.9124,-1,-1,-1
102,10,900.78,178.68,55.79,99.22,0.8427,-1,-1,-1
102,11,790.11,259.74,51.04,97.41,0.8566,-1,-1,-1
102,13,591.93,454.81,89.72,143.56,0.8337,-1,-1,-1
102,14,571.13,327.30,64.38,107.65,0.8847,-1,-1,-1
102,15,1101.79,72.65,36.20,61.09,0.7716,-1,-1,-1
102,16,589.86,428.38,75.82,105.63,0.7120,-1,-1,-1
102,17,748.16,283.32,63.25,101.52,0.8768,-1,-1,-1
102,18,1026.79,111.33,48.61,75.78,0.7039,-1,-1,-1
102,19,1010.79,105.36,39.00,68.24,1.0000,-1,-1,-1
102,20,1505.78,95.28,30.68,33.17,0.5093,-1,-1,-1
102,21,608.93,877.29,95.50,57.95,0.3712,-1,-1,-1
102,23,526.48,546.08,95.48,146.31,0.7898,-1,-1,-1
102,24,1301.53,13.32,20.95,20.27,0.5249,-1,-1,-1
102,32,153.01,671.39,142.44,243.06,0.8536,-1,-1,-1
102,33,198.13,540.30,108.35,157.83,0.8492,-1,-1,-1
102,40,0.56,528.34,206.69,326.99,1.0000,-1,-1,-1
102,44,12.37,801.55,188.24,196.51,0.7525,-1,-1,-1
102,45,472.44,530.56,73.10,152.95,0.7344,-1,-1,-1
102,49,262.43,1235.17,-153.69,-173.98,1.0000,-1,-1,-1
102,55,611.73,789.30,141.11,146.27,0.8097,-1,-1,-1
102,57,337.80,1390.79,-243.67,-230.95,1.0000,-1,-1,-1
102,58,167.23,602.93,130.99,208.21,0.8626,-1,-1,-1
102,60,142.89,937.22,110.32,94.65,0.6038,-1,-1,-1
102,63,18.64,567.95,55.37,252.69,0.6983,-1,-1,-1
103,1,287.61,464.68,92.85,149.66,0.9115,-1,-1,-1
103,2,659.57,800.96,181.96,141.10,0.9411,-1,-1,-1
103,3,499.67,419.97,77.61,137.20,0.8460,-1,-1,-1
103,4,831.96,284.89,57.60,104.97,0.8499,-1,-1,-1
103,5,293.71,176.19,58.60,82.25,0.8558,-1,-1,-1
103,7,523.34,556.50,126.29,224.32,0.8167,-1,-1,-1
103,8,374.32,411.69,76.58,122.17,0.8986,-1,-1,-1
103,10,902.02,179.67,55.98,99.15,0.8633,-1,-1,-1
103,11,791.43,259.49,50.12,96.04,0.8375,-1,-1,-1
103,13,590.71,447.86,93.40,149.85,0.8423,-1,-1,-1
103,14,573.13,327.76,65.09,107.90,0.8948,-1,-1,-1
103,15,1102.83,73.41,35.95,60.11,0.7664,-1,-1,-1
103,16,589.60,428.38,76.68,106.48,0.7504,-1,-1,-1
103,17,749.67,283.09,63.14,101.39,0.8883,-1,-1,-1
103,18,1021.22,110.43,45.04,71.27,0.6371,-1,-1,-1
103,19,1010.30,104.63,38.78,67.85,1.0000,-1,-1,-1
103,20,1505.45,94.86,31.55,33.90,0.5395,-1,-1,-1
103,21,610.92,879.05,93.12,56.68,0.3153,-1,-1,-1
103,23,531.64,544.28,93.74,143.18,0.8684,-1,-1,-1
103,24,1301.68,12.99,20.85,20.45,0.5566,-1,-1,-1
103,32,161.48,691.70,130.39,222.11,0.8713,-1,-1,-1
103,33,202.28,540.48,105.61,154.82,0.8475,-1,-1,-1
103,40,-4.01,526.72,209.69,331.74,1.0000,-1,-1,-1
103,44,5.07,804.84,182.35,193.06,0.7503,-1,-1,-1
103,45,470.23,516.01,79.43,167.92,0.7263,-1,-1,-1
103,49,270.19,1246.90,-164.45,-186.16,1.0000,-1,-1,-1
103,55,605.44,793.87,134.84,142.25,0.7058,-1,-1,-1
103,57,350.85,1412.18,-261.53,-247.88,1.0000,-1,-1,-1
103,58,175.75,608.73,124.87,201.31,0.8487,-1,-1,-1
103,60,148.63,940.73,104.76,89.88,1.0000,-1,-1,-1
103,63,20.41,571.49,58.01,246.32,0.7273,-1,-1,-1
103,68,92.62,782.14,217.26,250.22,0.5497,-1,-1,-1
104,1,288.61,463.55,92.92,150.10,0.9334,-1,-1,-1
104,2,661.82,805.61,178.17,137.97,0.9485,-1,-1,-1
104,3,502.43,419.27,76.15,135.21,0.8539,-1,-1,-1
104,4,833.04,283.33,57.12,103.87,0.8286,-1,-1,-1
104,5,296.87,176.06,57.38,81.12,0.8784,-1,-1,-1
104,7,532.35,576.79,114.74,203.54,0.7336,-1,-1,-1
104,8,376.10,410.22,77.77,123.60,0.9067,-1,-1,-1
104,10,902.57,180.22,56.69,100.19,0.8612,-1,-1,-1
104,11,793.60,259.47,49.83,95.91,0.8356,-1,-1,-1
104,13,589.62,439.56,97.58,158.03,0.8475,-1,-1,-1
104,14,573.92,327.47,65.80,108.13,0.8810,-1,-1,-1
104,15,1103.46,73.24,36.05,60.12,0.7648,-1,-1,-1
104,16,591.99,427.76,77.58,108.25,0.6113,-1,-1,-1
104,17,750.30,282.54,63.56,102.48,0.8842,-1,-1,-1
104,18,1025.96,111.77,47.46,73.43,0.6903,-1,-1,-1
104,19,1009.80,103.91,38.55,67.46,1.0000,-1,-1,-1
104,20,1505.92,94.24,31.88,34.18,0.5195,-1,-1,-1
104,21,613.15,881.14,90.06,54.91,0.3118,-1,-1,-1
104,23,530.89,543.44,96.99,148.13,0.8633,-1,-1,-1
104,24,1301.84,12.82,20.79,20.64,0.5199,-1,-1,-1
104,32,165.25,694.82,128.53,219.09,0.8574,-1,-1,-1
104,33,205.78,540.11,104.93,154.40,0.8606,-1,-1,-1
104,40,-8.58,525.09,212.69,336.49,1.0000,-1,-1,-1
104,44,4.52,807.39,178.09,191.29,0.8408,-1,-1,-1
104,45,472.57,519.90,77.30,164.22,0.7181,-1,-1,-1
104,49,277.95,1258.62,-175.21,-198.34,1.0000,-1,-1,-1
104,55,610.14,796.06,132.88,140.43,0.7890,-1,-1,-1
104,57,363.89,1433.58,-279.39,-264.81,1.0000,-1,-1,-1
104,58,182.59,611.75,121.78,197.58,0.8578,-1,-1,-1
104,60,154.36,944.24,99.21,85.11,1.0000,-1,-1,-1
104,63,19.84,571.35,61.30,244.56,0.6962,-1,-1,-1
104,68,100.82,792.05,206.56,239.68,0.6354,-1,-1,-1
104,69,1.74,672.48,50.02,218.51,0.5776,-1,-1,-1
105,1,289.88,462.96,92.75,150.18,0.9251,-1,-1,-1
105,2,660.01,802.29,182.77,142.07,0.9436,-1,-1,-1
105,3,505.18,418.02,75.29,135.20,0.8270,-1,-1,-1
105,4,834.56,281.60,57.73,105.12,0.8666,-1,-1,-1
105,5,300.14,176.12,56.70,80.66,0.8764,-1,-1,-1
105,7,538.21,591.24,106.51,187.24,0.7880,-1,-1,-1
105,8,378.17,409.25,78.49,124.33,0.8787,-1,-1,-1
105,10,902.84,179.21,58.48,103.76,0.8671,-1,-1,-1
105,11,795.51,259.30,49.10,94.53,0.8475,-1,-1,-1
105,13,590.70,436.61,98.73,160.88,0.8392,-1,-1,-1
105,14,575.48,327.29,66.69,108.39,0.8836,-1,-1,-1
105,15,1104.19,72.09,36.63,61.35,0.7745,-1,-1,-1
105,16,598.96,426.84,76.74,108.72,0.6398,-1,-1,-1
105,17,751.61,282.86,63.03,102.24,0.8751,-1,-1,-1
105,18,1030.65,110.94,48.71,74.79,0.7083,-1,-1,-1
105,19,1009.31,103.19,38.33,67.07,1.0000,-1,-1,-1
105,20,1505.86,93.86,32.08,34.20,0.5563,-1,-1,-1
105,21,612.90,880.02,91.91,56.43,0.3242,-1,-1,-1
105,23,534.96,542.65,93.68,143.41,0.7953,-1,-1,-1
105,24,1301.71,12.63,21.57,21.64,0.5416,-1,-1,-1
105,32,172.14,702.19,122.84,207.09,0.8489,-1,-1,-1
105,33,209.38,539.96,104.40,153.95,0.8702,-1,-1,-1
105,40,-13.15,523.46,215.69,341.23,1.0000,-1,-1,-1
105,44,5.13,809.83,173.91,189.61,0.7272,-1,-1,-1
105,45,475.40,526.81,72.97,155.00,0.7320,-1,-1,-1
105,49,285.71,1270.35,-185.97,-210.53,1.0000,-1,-1,-1
105,55,620.60,797.53,133.48,138.52,0.7727,-1,-1,-1
105,57,376.93,1454.98,-297.25,-281.74,1.0000,-1,-1,-1
105,58,184.52,597.06,127.43,211.52,0.8535,-1,-1,-1
105,60,160.10,947.75,93.65,80.35,1.0000,-1,-1,-1
105,63,22.03,575.47,64.87,240.68,0.7608,-1,-1,-1
105,68,98.62,773.07,219.25,257.95,0.5156,-1,-1,-1
105,69,0.54,666.78,51.24,224.04,0.6135,-1,-1,-1
106,1,291.41,462.94,92.33,149.86,0.9269,-1,-1,-1
106,2,662.93,808.12,177.42,137.45,0.9522,-1,-1,-1
106,3,507.87,416.17,75.72,136.92,0.8591,-1,-1,-1
106,4,836.63,281.45,57.98,105.93,0.8711,-1,-1,-1
106,5,302.32,174.99,57.28,82.13,0.8774,-1,-1,-1
106,7,538.67,585.72,108.65,190.47,0.7759,-1,-1,-1
106,8,379.34,408.94,78.35,123.73,0.8528,-1,-1,-1
106,10,903.90,179.35,58.52,103.93,0.8565,-1,-1,-1
106,11,797.49,259.49,49.46,95.28,0.8249,-1,-1,-1
106,13,591.07,435.71,98.94,162.12,0.8395,-1,-1,-1
106,14,577.56,327.12,67.54,108.73,0.8774,-1,-1,-1
106,15,1105.50,72.42,36.22,60.63,0.7698,-1,-1,-1
106,16,598.40,426.85,76.54,108.73,0.6494,-1,-1,-1
106,17,753.25,281.55,63.77,103.76,0.8830,-1,-1,-1
106,18,1039.65,112.27,47.27,73.51,0.6929,-1,-1,-1
106,19,1024.59,110.64,38.95,70.02,0.6639,-1,-1,-1
106,20,1506.18,93.58,32.38,34.41,0.5589,-1,-1,-1
106,21,613.19,880.67,91.07,56.08,0.3805,-1,-1,-1
106,23,538.05,538.69,93.57,144.69,0.8249,-1,-1,-1
106,24,1302.05,12.58,21.93,22.15,0.5730,-1,-1,-1
106,32,174.03,698.33,124.85,209.01,0.8163,-1,-1,-1
106,33,212.46,540.58,104.20,154.00,0.8851,-1,-1,-1
106,40,-17.72,521.84,218.70,345.98,1.0000,-1,-1,-1
106,44,8.76,811.97,169.30,186.72,0.8736,-1,-1,-1
106,45,479.85,528.02,70.35,148.86,0.6688,-1,-1,-1
106,49,293.47,1282.07,-196.73,-222.71,1.0000,-1,-1,-1
106,55,626.48,799.13,135.23,136.95,0.8361,-1,-1,-1
106,57,389.98,1476.38,-315.11,-298.67,1.0000,-1,-1,-1
106,58,188.26,594.47,126.26,213.61,0.8424,-1,-1,-1
106,60,165.84,951.26,88.09,75.58,1.0000,-1,-1,-1
106,63,21.59,573.82,69.39,242.04,0.7146,-1,-1,-1
106,68,97.83,760.65,225.04,269.19,0.6354,-1,-1,-1
106,69,-0.43,665.27,51.18,224.23,0.6698,-1,-1,-1
107,1,293.51,462.68,91.23,148.41,0.9252,-1,-1,-1
107,2,662.58,807.76,179.88,139.50,0.9508,-1,-1,-1
107,3,511.72,413.82,76.56,138.89,0.8851,-1,-1,-1
107,4,838.43,280.83,57.45,105.49,0.8640,-1,-1,-1
107,5,304.86,173.92,57.74,83.16,0.8608,-1,-1,-1
107,7,536.30,574.60,114.27,201.25,0.7961,-1,-1,-1
107,8,381.64,409.17,77.77,122.59,0.8468,-1,-1,-1
107,10,905.43,179.72,58.68,104.39,0.8590,-1,-1,-1
107,11,799.11,259.60,50.48,97.31,0.8402,-1,-1,-1
107,13,592.79,435.71,98.20,161.74,0.8554,-1,-1,-1
107,14,578.03,326.42,68.35,109.73,0.8847,-1,-1,-1
107,15,1106.47,73.05,35.88,59.88,0.7682,-1,-1,-1
107,16,603.30,426.74,75.49,109.14,0.6409,-1,-1,-1
107,17,754.85,280.91,63.59,103.99,0.8898,-1,-1,-1
107,18,1036.62,109.83,49.07,75.42,0.6724,-1,-1,-1
107,19,1025.35,110.58,38.88,69.91,1.0000,-1,-1,-1
107,20,1506.00,93.23,33.06,35.15,0.5526,-1,-1,-1
107,21,611.58,878.70,94.68,59.02,0.3069,-1,-1,-1
107,23,541.46,538.90,92.22,143.46,0.7974,-1,-1,-1
107,24,1301.97,12.50,22.34,22.74,0.5931,-1,-1,-1
107,32,176.54,689.15,128.64,214.63,0.8482,-1,-1,-1
107,33,217.00,541.47,102.57,150.87,0.8626,-1,-1,-1
107,40,-22.29,520.21,221.70,350.73,1.0000,-1,-1,-1
107,44,15.60,813.50,165.33,184.18,0.5373,-1,-1,-1
107,45,483.99,529.98,67.45,142.08,0.8083,-1,-1,-1
107,49,301.23,1293.80,-207.49,-234.89,1.0000,-1,-1,-1
107,55,628.18,801.30,136.76,135.52,0.8417,-1,-1,-1
107,57,403.02,1497.77,-332.97,-315.60,1.0000,-1,-1,-1
107,58,193.93,599.98,120.22,207.09,0.7815,-1,-1,-1
107,60,171.57,954.77,82.54,70.81,1.0000,-1,-1,-1
107,63,26.51,610.76,65.24,205.03,0.8380,-1,-1,-1
107,68,94.94,738.44,239.43,292.33,0.6480,-1,-1,-1
107,69,-2.22,661.05,51.72,227.94,0.6301,-1,-1,-1
108,1,295.21,462.52,90.26,146.96,0.9087,-1,-1,-1
108,2,660.90,804.45,184.05,143.24,0.9557,-1,-1,-1
108,3,515.03,412.68,76.19,138.32,0.8839,-1,-1,-1
108,4,840.60,280.37,56.69,104.46,0.8797,-1,-1,-1
108,5,307.50,173.25,57.75,83.75,0.8642,-1,-1,-1
108,7,538.81,571.19,114.56,202.47,0.7587,-1,-1,-1
108,8,383.10,409.18,77.34,121.66,0.8515,-1,-1,-1
108,10,905.27,177.65,60.24,107.57,0.8673,-1,-1,-1
108,11,800.03,257.83,50.73,97.83,0.8637,-1,-1,-1
108,13,596.39,445.70,93.05,151.97,0.8782,-1,-1,-1
108,14,579.70,326.58,68.61,110.28,0.8768,-1,-1,-1
108,15,1107.89,71.63,36.59,61.40,0.7813,-1,-1,-1
108,16,602.45,427.23,74.61,108.68,0.6674,-1,-1,-1
108,17,756.12,280.89,63.47,104.16,0.8795,-1,-1,-1
108,18,1037.29,109.96,49.63,74.93,0.7432,-1,-1,-1
108,19,1026.11,110.53,38.82,69.79,1.0000,-1,-1,-1
108,20,1506.09,92.55,33.47,35.74,0.6073,-1,-1,-1
108,21,611.67,878.64,95.36,59.45,1.0000,-1,-1,-1
108,23,543.71,539.78,91.24,142.13,0.7667,-1,-1,-1
108,24,1302.84,13.11,22.00,22.37,0.5455,-1,-1,-1
108,32,178.23,681.18,131.82,219.94,0.8425,-1,-1,-1
108,33,218.35,541.76,103.52,152.21,0.8525,-1,-1,-1
108,40,-26.86,518.59,224.70,355.48,1.0000,-1,-1,-1
108,44,45.46,806.13,183.15,196.38,0.5382,-1,-1,-1
108,45,484.28,530.22,69.06,144.83,0.8709,-1,-1,-1
108,49,308.99,1305.52,-218.25,-247.07,1.0000,-1,-1,-1
108,55,626.40,801.60,139.63,136.20,0.8112,-1,-1,-1
108,57,416.06,1519.17,-350.84,-332.53,1.0000,-1,-1,-1
108,58,202.13,614.21,110.47,191.44,0.8000,-1,-1,-1
108,60,177.31,958.28,76.98,66.05,1.0000,-1,-1,-1
108,63,29.66,629.83,65.49,186.64,0.8857,-1,-1,-1
108,68,116.14,781.02,200.34,246.48,0.6712,-1,-1,-1
108,69,-2.73,660.62,51.42,228.06,0.6424,-1,-1,-1
109,1,297.22,461.57,90.09,146.76,0.9111,-1,-1,-1
109,2,661.26,804.65,184.35,143.82,0.9543,-1,-1,-1
109,3,516.89,411.41,75.98,138.60,0.8803,-1,-1,-1
109,4,840.94,279.37,56.91,104.83,0.8641,-1,-1,-1
109,5,310.32,173.25,56.14,81.70,0.8782,-1,-1,-1
109,7,541.91,570.67,112.74,198.60,0.7862,-1,-1,-1
109,8,386.24,408.23,77.27,120.90,0.8912,-1,-1,-1
109,10,905.90,178.05,59.92,106.86,0.8536,-1,-1,-1
109,11,801.80,257.90,49.42,95.02,0.8655,-1,-1,-1
109,13,599.21,450.82,90.12,146.54,0.8621,-1,-1,-1
109,14,581.24,324.91,70.18,113.01,0.8689,-1,-1,-1
109,15,1108.89,71.84,36.47,61.35,0.8125,-1,-1,-1
109,16,602.21,425.63,74.74,109.22,0.6465,-1,-1,-1
109,17,757.96,280.88,63.12,103.93,0.8878,-1,-1,-1
109,18,1033.30,109.58,48.95,73.79,0.6049,-1,-1,-1
109,19,1026.86,110.48,38.75,69.67,1.0000,-1,-1,-1
109,20,1506.45,92.48,33.52,35.82,0.5858,-1,-1,-1
109,21,611.76,878.58,96.05,59.87,1.0000,-1,-1,-1
109,23,544.74,540.05,91.48,142.07,0.7064,-1,-1,-1
109,24,1303.40,13.74,21.12,21.37,0.5476,-1,-1,-1
109,32,177.46,649.26,145.05,245.52,0.8222,-1,-1,-1
109,33,221.23,540.84,103.94,152.74,0.8756,-1,-1,-1
109,44,57.23,813.20,179.99,185.60,0.8620,-1,-1,-1
109,45,485.36,528.61,70.63,147.65,0.8491,-1,-1,-1
109,55,621.19,801.40,141.11,136.95,0.7358,-1,-1,-1
109,57,429.11,1540.57,-368.70,-349.46,1.0000,-1,-1,-1
109,58,205.27,611.74,110.29,192.30,0.4313,-1,-1,-1
109,60,183.05,961.79,71.42,61.28,1.0000,-1,-1,-1
109,63,31.02,634.66,69.01,179.22,0.9311,-1,-1,-1
109,68,121.54,781.56,197.67,246.84,0.6034,-1,-1,-1
109,69,-3.70,654.91,52.23,234.04,0.7103,-1,-1,-1
110,1,298.30,460.58,90.63,148.14,0.9061,-1,-1,-1
110,2,661.54,804.79,184.65,144.42,0.9518,-1,-1,-1
110,3,519.04,410.05,74.85,137.50,0.8667,-1,-1,-1
110,4,842.55,278.38,56.81,104.49,0.8601,-1,-1,-1
110,5,312.61,172.97,55.45,80.88,0.8842,-1,-1,-1
110,7,542.96,564.04,115.46,203.38,0.7886,-1,-1,-1
110,8,387.25,406.91,77.92,121.70,0.9068,-1,-1,-1
110,10,906.49,177.27,60.51,107.76,0.8708,-1,-1,-1
110,11,802.69,256.79,50.12,96.47,0.9293,-1,-1,-1
110,13,599.75,451.33,90.34,145.72,0.8822,-1,-1,-1
110,14,584.23,325.22,70.23,112.86,0.8891,-1,-1,-1
110,15,1109.49,70.39,37.23,63.26,0.8400,-1,-1,-1
110,16,603.38,425.33,74.04,108.29,0.6899,-1,-1,-1
110,17,759.83,280.87,63.00,104.00,0.8858,-1,-1,-1
110,18,1032.88,110.03,48.32,72.71,0.5830,-1,-1,-1
110,19,1027.62,110.42,38.68,69.55,1.0000,-1,-1,-1
110,20,1506.95,92.04,33.38,35.67,0.6043,-1,-1,-1
110,21,609.26,877.03,98.70,62.47,0.3943,-1,-1,-1
110,23,548.04,540.96,90.61,139.91,0.7511,-1,-1,-1
110,24,1304.12,13.79,20.98,21.13,0.5740,-1,-1,-1
110,32,180.93,640.76,146.65,250.40,0.7973,-1,-1,-1
110,33,225.20,539.73,102.85,151.00,0.8888,-1,-1,-1
110,44,53.57,816.51,178.31,179.75,0.6155,-1,-1,-1
110,45,486.08,528.69,71.15,148.00,0.8752,-1,-1,-1
110,55,607.29,801.68,138.41,137.42,0.6518,-1,-1,-1
110,57,442.15,1561.96,-386.56,-366.39,1.0000,-1,-1,-1
110,58,212.83,618.83,107.05,186.38,0.4394,-1,-1,-1
110,60,188.78,965.30,65.87,56.51,1.0000,-1,-1,-1
110,63,31.70,636.21,73.60,176.79,0.9367,-1,-1,-1
110,68,128.84,791.22,188.14,237.46,0.6509,-1,-1,-1
110,69,-4.07,651.85,52.55,238.15,0.6628,-1,-1,-1
111,1,300.35,458.85,90.24,148.07,0.8996,-1,-1,-1
111,2,660.70,802.75,187.45,147.14,0.9576,-1,-1,-1
111,3,525.56,409.09,74.04,135.56,0.8638,-1,-1,-1
111,4,844.03,276.82,55.98,103.27,0.8512,-1,-1,-1
111,5,316.48,172.99,54.71,79.92,0.8614,-1,-1,-1
111,7,546.44,560.50,116.71,205.38,0.7846,-1,-1,-1
111,8,388.73,404.78,78.37,122.56,0.9037,-1,-1,-1
111,10,908.95,176.65,60.69,108.44,0.8387,-1,-1,-1
111,11,805.46,256.07,49.82,96.62,0.9205,-1,-1,-1
111,13,598.75,444.52,94.78,152.71,0.8464,-1,-1,-1
111,14,586.53,325.45,70.19,112.72,0.8845,-1,-1,-1
111,15,1110.72,70.35,36.86,62.95,0.8433,-1,-1,-1
111,16,604.80,424.03,74.71,109.84,0.7173,-1,-1,-1
111,17,762.34,282.36,61.84,101.79,0.8977,-1,-1,-1
111,18,1040.00,110.29,49.24,73.59,0.6032,-1,-1,-1
111,19,1028.37,110.37,38.62,69.44,1.0000,-1,-1,-1
111,20,1507.25,91.54,34.04,36.34,0.6368,-1,-1,-1
111,21,610.47,877.93,97.32,62.41,0.3352,-1,-1,-1
111,23,551.02,541.08,90.51,139.67,0.8359,-1,-1,-1
111,24,1304.48,13.79,20.95,20.98,0.6424,-1,-1,-1
111,32,185.96,637.54,146.40,251.01,0.8013,-1,-1,-1
111,33,229.10,536.22,104.55,153.68,0.9022,-1,-1,-1
111,44,56.56,810.40,187.37,183.81,0.8416,-1,-1,-1
111,45,489.67,529.49,70.98,145.77,0.8458,-1,-1,-1
111,55,604.21,800.69,137.65,139.30,0.6131,-1,-1,-1
111,57,455.19,1583.36,-404.42,-383.32,1.0000,-1,-1,-1
111,58,214.08,625.60,102.88,177.37,0.6301,-1,-1,-1
111,60,194.52,968.81,60.31,51.74,1.0000,-1,-1,-1
111,63,34.24,634.59,78.04,175.23,0.9406,-1,-1,-1
111,68,142.66,815.50,166.03,209.22,0.7007,-1,-1,-1
111,69,0.31,689.24,44.80,200.54,0.5402,-1,-1,-1
112,1,301.47,457.80,89.99,148.35,0.9106,-1,-1,-1
112,2,660.41,801.69,188.45,148.50,0.9561,-1,-1,-1
112,3,529.91,408.37,73.94,134.66,0.8560,-1,-1,-1
112,4,844.14,276.08,55.07,101.75,0.8235,-1,-1,-1
112,5,318.32,172.75,54.24,79.31,0.8650,-1,-1,-1
112,7,548.68,555.72,117.99,208.49,0.7874,-1,-1,-1
112,8,390.25,403.65,78.66,123.06,0.9098,-1,-1,-1
112,10,910.46,176.40,60.16,107.96,0.8365,-1,-1,-1
112,11,806.96,256.13,49.45,96.31,0.9162,-1,-1,-1
112,13,598.02,438.45,98.02,158.57,0.8407,-1,-1,-1
112,14,587.72,324.49,70.83,114.03,0.8844,-1,-1,-1
112,15,1111.30,69.46,37.27,63.90,0.8505,-1,-1,-1
112,16,605.14,422.39,75.59,111.27,0.7107,-1,-1,-1
112,17,764.28,283.13,61.33,100.56,0.8912,-1,-1,-1
112,18,1043.97,110.21,49.12,73.45,0.6040,-1,-1,-1
112,19,1033.07,107.59,39.42,71.75,0.5857,-1,-1,-1
112,20,1507.42,91.10,34.49,36.85,0.6073,-1,-1,-1
112,21,610.33,877.84,98.20,62.98,1.0000,-1,-1,-1
112,23,554.79,541.86,87.74,135.13,0.7966,-1,-1,-1
112,24,1304.59,13.26,21.53,21.49,0.6364,-1,-1,-1
112,32,191.60,641.95,142.87,244.90,0.8131,-1,-1,-1
112,33,231.23,533.23,105.43,155.04,0.8951,-1,-1,-1
112,44,50.38,803.86,195.97,189.30,0.8109,-1,-1,-1
112,45,491.28,530.10,71.52,145.07,0.8552,-1,-1,-1
112,55,605.44,801.15,136.61,139.74,0.5987,-1,-1,-1
112,57,468.23,1604.76,-422.28,-400.25,1.0000,-1,-1,-1
112,58,217.58,627.11,101.50,173.17,0.7418,-1,-1,-1
112,60,200.26,972.32,54.76,46.98,1.0000,-1,-1,-1
112,63,34.07,633.07,82.65,175.34,0.9363,-1,-1,-1
112,68,148.14,824.81,158.00,199.00,0.7100,-1,-1,-1
112,69,2.12,697.44,43.39,192.02,0.5859,-1,-1,-1
113,1,304.28,457.26,88.63,146.54,0.8927,-1,-1,-1
113,2,660.63,801.14,188.62,149.14,0.9547,-1,-1,-1
113,3,534.65,407.89,73.20,132.96,0.8560,-1,-1,-1
113,4,845.20,275.69,55.20,101.59,0.8601,-1,-1,-1
113,5,321.29,172.10,53.49,78.35,0.8316,-1,-1,-1
113,7,552.68,554.77,117.20,207.62,0.7941,-1,-1,-1
113,8,394.72,403.00,77.71,121.35,0.8975,-1,-1,-1
113,10,912.19,176.33,59.26,106.54,0.8110,-1,-1,-1
113,11,807.77,254.91,49.67,97.36,0.9212,-1,-1,-1
113,13,598.95,437.38,98.14,158.95,0.8659,-1,-1,-1
113,14,588.95,325.22,71.34,114.74,0.8708,-1,-1,-1
113,15,1111.95,69.49,36.88,63.59,0.8294,-1,-1,-1
113,16,606.12,421.67,74.98,110.74,0.6855,-1,-1,-1
113,17,765.29,282.79,61.78,101.14,0.8783,-1,-1,-1
113,18,1050.41,110.78,46.92,71.31,0.5331,-1,-1,-1
113,19,1034.60,108.12,39.53,72.10,0.6058,-1,-1,-1
113,20,1507.40,91.14,34.63,36.99,0.5917,-1,-1,-1
113,21,610.19,877.74,99.09,63.54,1.0000,-1,-1,-1
113,23,556.55,542.98,86.25,132.45,0.7757,-1,-1,-1
113,24,1304.62,13.60,21.19,20.97,0.6481,-1,-1,-1
113,32,198.29,642.54,140.92,241.02,0.8198,-1,-1,-1
113,33,233.73,531.38,105.23,155.22,0.8679,-1,-1,-1
113,44,62.35,815.82,189.69,176.11,0.8868,-1,-1,-1
113,45,493.89,530.27,71.50,143.95,0.8593,-1,-1,-1
113,55,597.43,799.81,133.94,141.33,0.4930,-1,-1,-1
113,58,223.92,633.69,98.25,164.95,0.7541,-1,-1,-1
113,60,205.99,975.83,49.20,42.21,1.0000,-1,-1,-1
113,63,34.75,629.42,87.40,178.60,0.9221,-1,-1,-1
113,68,150.04,825.26,157.15,198.13,0.7284,-1,-1,-1
113,69,4.46,712.41,41.45,179.04,0.6505,-1,-1,-1
114,1,306.77,455.92,88.45,146.41,0.8989,-1,-1,-1
114,2,661.06,801.17,187.84,148.94,0.9553,-1,-1,-1
114,3,536.39,407.91,72.57,132.11,0.8613,-1,-1,-1
114,4,845.44,274.85,55.60,102.04,0.8708,-1,-1,-1
114,5,323.37,171.18,54.17,79.55,0.8661,-1,-1,-1
114,7,556.74,550.38,118.61,212.69,0.7936,-1,-1,-1
114,8,396.26,402.59,78.29,122.23,0.8914,-1,-1,-1
114,10,913.43,175.91,58.85,105.92,0.7794,-1,-1,-1
114,11,809.24,254.20,49.05,96.88,0.8843,-1,-1,-1
114,13,598.58,438.63,97.73,158.31,0.8623,-1,-1,-1
114,14,589.36,325.54,71.67,115.24,0.8664,-1,-1,-1
114,15,1113.02,69.25,36.43,63.25,0.8374,-1,-1,-1
114,16,609.34,421.48,73.47,109.47,0.7269,-1,-1,-1
114,17,767.78,281.88,62.37,101.32,0.8790,-1,-1,-1
114,18,1054.21,111.14,45.72,70.56,0.5595,-1,-1,-1
114,19,1035.64,107.93,39.67,72.37,0.6157,-1,-1,-1
114,20,1507.40,90.48,35.20,37.68,0.5618,-1,-1,-1
114,21,610.05,877.64,99.97,64.11,1.0000,-1,-1,-1
114,23,557.42,542.83,86.17,132.50,0.5966,-1,-1,-1
114,24,1304.57,13.21,21.86,21.52,0.5949,-1,-1,-1
114,32,199.55,642.88,140.58,238.68,0.8817,-1,-1,-1
114,33,236.06,531.06,104.26,154.02,0.8629,-1,-1,-1
114,44,62.14,818.49,191.17,172.51,0.8876,-1,-1,-1
114,45,495.56,530.41,71.87,143.50,0.8737,-1,-1,-1
114,55,618.59,802.77,136.32,139.82,0.4525,-1,-1,-1
114,58,227.46,636.88,98.40,161.85,0.4592,-1,-1,-1
114,60,211.73,979.34,43.64,37.44,1.0000,-1,-1,-1
114,63,35.79,627.32,90.69,180.04,0.9137,-1,-1,-1
114,68,151.26,821.42,158.60,200.67,0.6055,-1,-1,-1
114,69,6.56,718.64,41.28,172.51,0.6922,-1,-1,-1
115,1,308.65,455.31,87.51,145.35,0.8998,-1,-1,-1
115,2,662.06,802.59,185.76,147.43,0.9530,-1,-1,-1
115,3,539.72,407.73,71.39,130.06,0.8853,-1,-1,-1
115,4,846.66,273.67,55.90,102.70,0.8623,-1,-1,-1
115,5,325.66,170.30,54.58,80.42,0.8789,-1,-1,-1
115,7,564.25,555.62,113.31,205.10,0.7927,-1,-1,-1
115,8,398.66,401.89,77.61,121.42,0.8894,-1,-1,-1
115,10,913.78,175.17,59.22,106.61,0.8233,-1,-1,-1
115,11,811.81,254.01,47.53,94.60,0.8408,-1,-1,-1
115,13,599.17,435.42,98.83,160.82,0.8692,-1,-1,-1
115,14,590.35,325.33,71.73,115.62,0.8667,-1,-1,-1
115,15,1113.59,68.21,36.47,63.92,0.8422,-1,-1,-1
115,16,609.91,419.83,73.93,110.35,0.7177,-1,-1,-1
115,17,769.66,281.56,62.62,100.98,0.8504,-1,-1,-1
115,18,1057.09,112.46,44.57,69.51,0.6282,-1,-1,-1
115,19,1036.00,108.06,38.78,71.38,0.6706,-1,-1,-1
115,20,1508.05,90.48,34.57,36.92,0.5388,-1,-1,-1
115,21,609.91,877.54,100.85,64.67,1.0000,-1,-1,-1
115,23,556.83,539.83,87.29,134.23,0.5071,-1,-1,-1
115,24,1304.62,13.12,21.88,21.51,0.5551,-1,-1,-1
115,32,204.48,643.65,139.42,234.98,0.8486,-1,-1,-1
115,33,240.09,528.71,104.37,154.61,0.8792,-1,-1,-1
115,44,61.69,823.34,189.32,166.55,0.9080,-1,-1,-1
115,45,494.58,529.87,72.37,144.51,0.8649,-1,-1,-1
115,55,607.17,803.55,133.22,139.57,0.6285,-1,-1,-1
115,58,231.71,638.63,96.97,159.50,1.0000,-1,-1,-1
115,60,217.47,982.85,38.09,32.68,1.0000,-1,-1,-1
115,63,39.46,626.03,93.97,180.53,0.9102,-1,-1,-1
115,68,156.58,827.50,153.08,193.79,0.6809,-1,-1,-1
115,69,8.00,698.02,47.79,193.56,0.6109,-1,-1,-1
116,1,309.97,454.59,87.30,145.53,0.8893,-1,-1,-1
116,2,662.52,802.82,184.73,146.74,0.9567,-1,-1,-1
116,3,541.55,407.02,71.19,130.14,0.8869,-1,-1,-1
116,4,847.77,271.30,56.47,103.80,0.8579,-1,-1,-1
116,5,327.35,169.82,54.12,80.03,0.8661,-1,-1,-1
116,7,566.14,548.36,114.79,209.93,0.7870,-1,-1,-1
116,8,400.74,401.19,76.73,120.46,0.8818,-1,-1,-1
116,10,914.69,174.39,59.31,106.96,0.8013,-1,-1,-1
116,11,813.31,254.16,46.75,93.69,0.8351,-1,-1,-1
116,13,598.72,432.06,100.25,163.53,0.8163,-1,-1,-1
116,14,591.28,326.10,71.21,114.90,0.8666,-1,-1,-1
116,15,1114.81,68.66,35.93,62.99,0.8629,-1,-1,-1
116,16,610.30,418.14,74.13,110.89,0.6786,-1,-1,-1
116,17,770.01,280.69,63.36,102.00,0.8399,-1,-1,-1
116,18,1059.56,113.32,43.16,67.95,0.6573,-1,-1,-1
116,19,1037.06,109.47,37.39,69.27,0.6960,-1,-1,-1
116,20,1508.02,89.54,34.89,37.24,0.4704,-1,-1,-1
116,21,609.77,877.45,101.73,65.24,1.0000,-1,-1,-1
116,23,559.54,539.14,87.48,133.68,0.3659,-1,-1,-1
116,24,1304.30,12.69,22.65,22.36,0.6116,-1,-1,-1
116,32,211.24,644.61,137.62,231.05,0.8738,-1,-1,-1
116,33,243.43,526.13,106.10,157.42,0.8930,-1,-1,-1
116,44,50.17,825.21,187.95,164.49,0.7539,-1,-1,-1
116,45,496.82,531.49,71.39,142.46,0.8490,-1,-1,-1
116,55,604.29,802.66,132.61,141.27,0.7621,-1,-1,-1
116,58,235.97,640.38,95.55,157.16,1.0000,-1,-1,-1
116,60,223.21,986.36,32.53,27.91,1.0000,-1,-1,-1
116,63,42.23,625.75,96.37,179.81,0.8980,-1,-1,-1
116,68,148.79,802.64,170.51,219.13,0.6017,-1,-1,-1
116,69,11.38,698.23,50.05,192.61,0.4902,-1,-1,-1
117,1,312.62,453.29,87.44,145.97,0.9171,-1,-1,-1
117,2,663.56,803.76,183.39,145.85,0.9421,-1,-1,-1
117,3,544.32,407.33,70.75,129.85,0.8894,-1,-1,-1
117,4,851.28,269.87,56.06,104.19,0.8304,-1,-1,-1
117,5,329.59,169.26,54.55,80.46,0.8818,-1,-1,-1
117,7,574.62,552.98,108.35,199.59,0.7731,-1,-1,-1
117,8,402.85,399.88,77.51,121.97,0.8759,-1,-1,-1
117,10,915.48,173.89,59.03,106.39,0.7752,-1,-1,-1
117,11,814.92,253.59,47.54,95.42,0.8321,-1,-1,-1
117,13,602.28,437.62,96.12,157.31,0.8168,-1,-1,-1
117,14,593.11,326.45,70.21,113.20,0.8653,-1,-1,-1
117,15,1115.91,68.08,35.93,63.34,0.8494,-1,-1,-1
117,16,611.83,418.58,73.63,110.20,0.6574,-1,-1,-1
117,17,770.60,279.07,64.40,103.49,0.8420,-1,-1,-1
117,18,1060.98,113.96,43.02,67.61,0.6657,-1,-1,-1
117,19,1037.43,108.69,36.61,68.14,0.7438,-1,-1,-1
117,20,1508.52,89.59,34.19,36.17,0.4074,-1,-1,-1
117,21,610.80,878.62,97.96,63.84,0.3413,-1,-1,-1
117,23,563.54,537.20,93.92,141.70,0.3101,-1,-1,-1
117,24,1304.41,12.80,22.58,22.35,0.5909,-1,-1,-1
117,32,215.51,643.16,137.91,230.19,0.8986,-1,-1,-1
117,33,246.24,525.09,106.45,158.80,0.8973,-1,-1,-1
117,44,34.19,824.25,185.29,165.01,0.8464,-1,-1,-1
117,45,499.70,532.78,71.33,141.31,0.8373,-1,-1,-1
117,55,599.82,801.22,129.32,141.79,0.7101,-1,-1,-1
117,58,240.22,642.14,94.13,154.82,1.0000,-1,-1,-1
117,60,228.94,989.87,26.97,23.14,1.0000,-1,-1,-1
117,63,47.60,624.09,98.19,179.00,0.9067,-1,-1,-1
117,68,149.79,795.04,173.34,225.69,0.6409,-1,-1,-1
117,69,12.00,699.29,52.15,191.75,0.4499,-1,-1,-1
118,1,314.14,452.13,87.61,146.44,0.9254,-1,-1,-1
118,2,667.24,809.23,176.65,139.69,0.9440,-1,-1,-1
118,3,546.69,406.29,71.59,131.67,0.8913,-1,-1,-1
118,4,852.62,268.05,56.20,104.98,0.8520,-1,-1,-1
118,5,330.82,168.76,54.68,80.59,0.8539,-1,-1,-1
118,7,576.87,544.65,111.36,206.56,0.7446,-1,-1,-1
118,8,404.81,398.71,77.28,121.94,0.8922,-1,-1,-1
118,10,916.79,179.40,56.57,101.31,0.7210,-1,-1,-1
118,11,815.89,253.24,47.72,95.76,0.8192,-1,-1,-1
118,13,604.25,437.59,94.65,155.68,0.8289,-1,-1,-1
118,14,593.75,325.82,70.67,114.29,0.8546,-1,-1,-1
118,15,1116.75,68.44,35.48,62.79,0.8354,-1,-1,-1
118,16,612.68,420.79,73.01,108.73,0.6898,-1,-1,-1
118,17,771.48,278.42,64.49,103.58,0.8624,-1,-1,-1
118,18,1060.89,114.05,42.40,66.36,0.6380,-1,-1,-1
118,19,1037.31,108.56,36.40,68.21,0.7398,-1,-1,-1
118,20,1508.10,88.42,34.91,36.83,0.4551,-1,-1,-1
118,21,610.70,878.62,98.58,64.24,1.0000,-1,-1,-1
118,23,565.77,536.63,94.14,142.04,1.0000,-1,-1,-1
118,24,1304.46,12.58,22.97,22.89,0.6220,-1,-1,-1
118,32,218.70,641.51,138.02,229.01,0.8836,-1,-1,-1
118,33,250.17,523.33,106.61,160.08,0.8999,-1,-1,-1
118,44,31.27,826.85,180.52,163.08,0.9075,-1,-1,-1
118,45,502.29,530.45,73.61,143.70,0.8718,-1,-1,-1
118,55,618.24,802.18,131.62,141.12,0.7138,-1,-1,-1
118,58,244.48,643.89,92.70,152.48,1.0000,-1,-1,-1
118,60,234.68,993.38,21.42,18.37,1.0000,-1,-1,-1
118,63,51.65,624.07,99.55,177.39,0.9046,-1,-1,-1
118,68,150.69,786.89,176.52,233.06,0.7753,-1,-1,-1
118,69,14.14,661.67,64.57,227.49,0.6016,-1,-1,-1
119,1,316.75,450.52,87.29,145.55,0.9239,-1,-1,-1
119,2,666.35,807.46,178.96,141.46,0.9499,-1,-1,-1
119,3,549.05,404.86,72.42,133.77,0.8589,-1,-1,-1
119,4,854.59,267.55,56.62,106.53,0.8423,-1,-1,-1
119,5,332.83,167.84,54.93,80.89,0.8712,-1,-1,-1
119,7,570.18,532.18,116.94,215.86,0.7196,-1,-1,-1
119,8,406.83,398.00,76.92,121.23,0.8791,-1,-1,-1
119,10,917.64,178.54,57.74,103.19,0.7333,-1,-1,-1
119,11,817.14,253.37,47.29,94.98,0.8184,-1,-1,-1
119,13,604.57,436.43,93.71,154.95,0.8132,-1,-1,-1
119,14,594.88,325.21,70.80,114.45,0.8589,-1,-1,-1
119,15,1117.05,68.49,35.42,62.79,0.8237,-1,-1,-1
119,16,612.36,418.61,74.48,111.10,0.6740,-1,-1,-1
119,17,772.98,279.16,63.91,102.69,0.8641,-1,-1,-1
119,18,1060.60,113.69,43.06,66.97,0.6702,-1,-1,-1
119,19,1038.18,108.41,35.71,67.24,0.7325,-1,-1,-1
119,20,1507.70,88.05,35.12,36.89,0.4408,-1,-1,-1
119,21,610.59,878.62,99.21,64.65,1.0000,-1,-1,-1
119,23,568.00,536.05,94.37,142.38,1.0000,-1,-1,-1
119,24,1304.97,12.77,22.50,22.55,0.5524,-1,-1,-1
119,32,220.52,635.60,140.98,232.01,0.9229,-1,-1,-1
119,33,254.43,521.64,107.08,161.50,0.9032,-1,-1,-1
119,44,29.06,823.69,181.62,166.81,0.9082,-1,-1,-1
119,45,502.95,530.35,73.50,142.98,0.8409,-1,-1,-1
119,55,617.06,800.71,132.93,142.43,0.6804,-1,-1,-1
119,58,248.73,645.65,91.28,150.13,1.0000,-1,-1,-1
119,60,240.42,996.89,15.86,13.61,1.0000,-1,-1,-1
119,63,56.78,621.82,101.35,176.59,0.9045,-1,-1,-1
119,68,150.92,777.84,179.84,240.90,0.8246,-1,-1,-1
119,69,13.01,641.54,72.59,247.92,0.5263,-1,-1,-1
120,1,319.21,449.23,87.31,145.34,0.9235,-1,-1,-1
120,2,665.43,805.97,181.37,143.46,0.9473,-1,-1,-1
120,3,551.61,403.22,71.94,134.10,0.8632,-1,-1,-1
120,4,856.46,267.67,55.65,104.34,0.8261,-1,-1,-1
120,5,335.26,168.21,54.15,79.65,0.8504,-1,-1,-1
120,7,583.62,540.14,109.68,204.03,0.7904,-1,-1,-1
120,8,409.23,397.69,76.52,120.71,0.8946,-1,-1,-1
120,10,919.38,181.57,56.54,100.53,0.7552,-1,-1,-1
120,11,818.90,253.83,46.38,93.41,0.8010,-1,-1,-1
120,13,605.62,436.02,92.90,154.09,0.8143,-1,-1,-1
120,14,596.13,324.67,70.56,113.88,0.8583,-1,-1,-1
120,15,1118.18,68.53,35.54,62.60,0.8181,-1,-1,-1
120,16,613.93,418.91,74.59,111.50,0.6830,-1,-1,-1
120,17,774.42,278.93,63.61,102.39,0.8539,-1,-1,-1
120,18,1061.12,112.19,44.24,68.82,0.7852,-1,-1,-1
120,19,1039.27,107.33,36.26,68.43,0.7573,-1,-1,-1
120,20,1508.60,88.53,35.36,37.32,0.5203,-1,-1,-1
120,21,610.49,878.63,99.83,65.06,1.0000,-1,-1,-1
120,23,570.23,535.48,94.59,142.72,1.0000,-1,-1,-1
120,24,1304.98,12.31,22.91,23.20,0.5581,-1,-1,-1
120,32,222.99,634.32,141.46,230.47,0.8976,-1,-1,-1
120,33,257.63,520.93,106.76,161.65,0.9083,-1,-1,-1
120,44,28.88,820.67,182.06,170.01,0.8941,-1,-1,-1
120,45,504.87,531.16,73.88,142.48,0.8670,-1,-1,-1
120,55,625.43,796.57,139.65,146.60,0.6331,-1,-1,-1
120,58,252.99,647.40,89.85,147.79,1.0000,-1,-1,-1
120,60,246.15,1000.40,10.30,8.84,1.0000,-1,-1,-1
120,63,59.56,620.13,103.03,175.90,0.9320,-1,-1,-1
120,68,157.66,787.60,170.20,229.15,0.8230,-1,-1,-1
120,69,13.81,630.80,78.27,257.88,0.7056,-1,-1,-1
121,1,321.34,448.60,87.35,145.22,0.9365,-1,-1,-1
121,2,668.18,809.40,177.31,139.69,0.9458,-1,-1,-1
121,3,555.70,402.52,70.51,132.42,0.8605,-1,-1,-1
121,4,856.67,266.35,56.33,106.02,0.8325,-1,-1,-1
121,5,337.74,168.25,53.35,78.39,0.8487,-1,-1,-1
121,7,595.04,554.94,100.59,187.16,0.8487,-1,-1,-1
121,8,412.53,396.90,76.98,121.08,0.9194,-1,-1,-1
121,10,920.03,179.12,57.74,102.73,0.7954,-1,-1,-1
121,11,820.50,254.14,45.39,91.19,0.7795,-1,-1,-1
121,13,608.09,432.47,92.59,155.28,0.7601,-1,-1,-1
121,14,597.38,324.03,70.54,113.81,0.8748,-1,-1,-1
121,15,1118.96,68.53,35.46,62.03,0.8168,-1,-1,-1
121,16,614.36,417.09,75.47,114.00,0.7581,-1,-1,-1
121,17,776.18,279.35,62.72,100.95,0.8486,-1,-1,-1
121,18,1063.75,111.87,43.10,67.44,0.8185,-1,-1,-1
121,19,1040.12,107.24,35.49,66.96,0.7824,-1,-1,-1
121,20,1509.25,89.32,35.15,37.26,0.5136,-1,-1,-1
121,21,610.39,878.63,100.46,65.46,1.0000,-1,-1,-1
121,23,572.47,534.91,94.82,143.06,1.0000,-1,-1,-1
121,24,1305.40,12.24,22.97,23.59,0.5609,-1,-1,-1
121,32,223.13,633.79,142.79,230.17,0.9001,-1,-1,-1
121,33,261.69,519.88,106.67,161.87,0.9176,-1,-1,-1
121,44,26.00,809.73,189.08,180.38,0.8812,-1,-1,-1
121,45,505.66,529.75,74.70,143.03,0.8627,-1,-1,-1
121,55,628.52,797.82,141.65,145.54,0.6512,-1,-1,-1
121,58,257.24,649.16,88.43,145.45,1.0000,-1,-1,-1
121,60,251.89,1003.91,4.75,4.07,1.0000,-1,-1,-1
121,63,63.04,616.89,105.69,177.24,0.9419,-1,-1,-1
121,68,164.31,795.53,161.92,218.33,0.7247,-1,-1,-1
121,69,16.76,632.18,81.85,257.19,0.7778,-1,-1,-1
122,1,322.87,447.74,87.18,145.09,0.9339,-1,-1,-1
122,2,671.49,814.57,171.69,134.22,0.9518,-1,-1,-1
122,3,557.88,399.81,70.86,134.19,0.8636,-1,-1,-1
122,4,857.46,265.92,55.65,104.77,0.8284,-1,-1,-1
122,5,339.24,165.95,54.77,80.44,0.8507,-1,-1,-1
122,7,601.76,561.42,95.66,177.77,0.8472,-1,-1,-1
122,8,414.87,396.84,76.98,120.69,0.9223,-1,-1,-1
122,10,920.74,180.09,57.18,101.62,0.8051,-1,-1,-1
122,11,821.40,253.18,44.92,90.24,0.7604,-1,-1,-1
122,13,609.43,431.92,91.47,154.50,0.8226,-1,-1,-1
122,14,599.27,324.96,69.87,112.59,0.8041,-1,-1,-1
122,15,1120.49,68.36,35.78,62.05,0.8036,-1,-1,-1
122,16,616.55,415.32,73.61,112.42,0.6142,-1,-1,-1
122,17,777.36,278.78,62.81,100.91,0.8474,-1,-1,-1
122,18,1064.50,111.28,43.79,68.66,0.8034,-1,-1,-1
122,19,1041.08,106.83,34.74,66.02,0.7286,-1,-1,-1
122,20,1509.53,89.67,35.00,37.26,0.5322,-1,-1,-1
122,21,610.28,878.64,101.08,65.87,1.0000,-1,-1,-1
122,23,574.70,534.34,95.04,143.40,1.0000,-1,-1,-1
122,24,1306.13,13.04,21.89,22.66,0.4710,-1,-1,-1
122,32,225.48,633.71,143.94,229.31,0.8930,-1,-1,-1
122,33,264.58,519.05,105.48,160.19,0.9149,-1,-1,-1
122,44,17.13,783.78,208.77,205.34,0.7849,-1,-1,-1
122,45,505.84,528.58,75.13,143.40,0.8409,-1,-1,-1
122,55,626.08,797.71,143.35,145.97,0.7509,-1,-1,-1
122,58,261.49,650.91,87.01,143.11,1.0000,-1,-1,-1
122,60,257.63,1007.42,-0.81,-0.69,1.0000,-1,-1,-1
122,63,66.14,614.41,107.36,177.69,0.9368,-1,-1,-1
122,68,162.26,781.45,169.03,230.08,0.6997,-1,-1,-1
122,69,16.90,635.52,84.20,253.66,0.6920,-1,-1,-1
122,73,556.65,531.26,60.80,161.87,0.5624,-1,-1,-1
123,1,326.36,445.92,87.32,145.07,0.9261,-1,-1,-1
123,2,671.82,815.66,171.07,132.84,0.9444,-1,-1,-1
123,3,560.29,398.07,70.09,134.22,0.8587,-1,-1,-1
123,4,858.59,265.64,54.78,102.81,0.8412,-1,-1,-1
123,5,342.79,165.48,54.20,79.59,0.8642,-1,-1,-1
123,7,603.80,564.83,92.24,172.07,0.8355,-1,-1,-1
123,8,416.59,394.86,78.04,122.40,0.9249,-1,-1,-1
123,10,921.98,183.69,55.17,97.48,0.7714,-1,-1,-1
123,11,822.44,251.99,44.59,89.39,0.8425,-1,-1,-1
123,13,610.71,426.98,93.20,158.80,0.8076,-1,-1,-1
123,14,600.56,324.85,69.88,112.17,0.8157,-1,-1,-1
123,15,1121.04,67.82,36.35,62.61,0.7940,-1,-1,-1
123,16,617.89,416.76,73.03,112.71,0.4833,-1,-1,-1
123,17,778.54,278.68,62.45,100.55,0.8672,-1,-1,-1
123,18,1065.47,110.97,43.85,68.80,0.8143,-1,-1,-1
123,19,1041.90,107.01,34.46,65.96,0.6757,-1,-1,-1
123,20,1510.01,89.90,34.37,36.60,0.4883,-1,-1,-1
123,21,610.18,878.64,101.71,66.28,1.0000,-1,-1,-1
123,23,576.93,533.76,95.26,143.73,1.0000,-1,-1,-1
123,24,1306.78,13.35,20.86,21.58,0.4189,-1,-1,-1
123,32,230.86,632.80,144.65,228.96,0.9159,-1,-1,-1
123,33,267.06,517.65,104.92,159.13,0.9022,-1,-1,-1
123,44,-4.35,727.89,253.73,261.13,0.7935,-1,-1,-1
123,45,506.60,527.34,75.31,143.95,0.8556,-1,-1,-1
123,55,628.66,797.90,145.06,145.22,0.7151,-1,-1,-1
123,58,265.75,652.67,85.58,140.76,1.0000,-1,-1,-1
123,60,263.36,1010.93,-6.37,-5.46,1.0000,-1,-1,-1
123,63,70.32,612.67,109.06,178.59,0.9376,-1,-1,-1
123,68,169.38,794.11,159.51,216.25,0.6227,-1,-1,-1
123,69,18.66,635.53,87.78,252.11,0.4912,-1,-1,-1
123,73,557.94,529.21,61.84,164.66,0.6778,-1,-1,-1
124,1,328.63,445.54,87.39,144.77,0.9220,-1,-1,-1
124,2,672.72,817.86,169.78,130.90,0.9527,-1,-1,-1
124,3,563.22,396.41,69.18,133.50,0.8520,-1,-1,-1
124,4,859.27,265.08,55.00,102.69,0.8448,-1,-1,-1
124,5,345.77,165.11,53.53,78.56,0.8688,-1,-1,-1
124,7,610.45,565.30,91.69,170.32,0.8413,-1,-1,-1
124,8,418.50,394.23,78.12,122.32,0.9284,-1,-1,-1
124,10,922.57,182.44,55.50,97.80,0.7942,-1,-1,-1
124,11,822.96,250.87,45.89,92.13,0.8515,-1,-1,-1
124,13,611.20,423.67,94.08,161.83,0.8086,-1,-1,-1
124,14,600.29,324.44,69.94,112.38,0.7597,-1,-1,-1
124,15,1121.32,67.29,36.91,62.85,0.8054,-1,-1,-1
124,16,621.68,415.08,71.71,112.00,0.3916,-1,-1,-1
124,17,779.71,279.17,61.55,99.03,0.8534,-1,-1,-1
124,18,1066.91,110.65,43.66,68.53,0.8442,-1,-1,-1
124,19,1042.61,107.17,34.18,65.68,0.7057,-1,-1,-1
124,20,1510.11,89.69,34.39,36.63,0.5068,-1,-1,-1
124,21,610.08,878.65,102.33,66.68,1.0000,-1,-1,-1
124,23,579.16,533.19,95.49,144.07,1.0000,-1,-1,-1
124,24,1307.05,12.58,21.49,22.27,0.5075,-1,-1,-1
124,32,234.13,630.71,145.99,230.33,0.9177,-1,-1,-1
124,33,270.54,516.44,104.07,158.47,0.9124,-1,-1,-1
124,44,-8.15,706.24,262.71,282.35,0.8275,-1,-1,-1
124,45,505.71,525.41,75.78,145.87,0.8467,-1,-1,-1
124,55,618.02,795.64,145.56,147.27,0.7002,-1,-1,-1
124,58,270.00,654.42,84.16,138.42,1.0000,-1,-1,-1
124,60,269.10,1014.44,-11.92,-10.23,1.0000,-1,-1,-1
124,63,72.37,611.46,110.22,179.03,0.9310,-1,-1,-1
124,68,159.47,759.34,181.40,250.09,0.7941,-1,-1,-1
124,69,22.41,643.31,90.00,243.38,0.5912,-1,-1,-1
124,73,558.61,527.36,62.01,164.81,0.7752,-1,-1,-1
125,1,330.33,442.70,87.01,144.01,0.8886,-1,-1,-1
125,2,671.17,815.50,173.71,133.69,0.9474,-1,-1,-1
125,3,566.04,395.00,68.89,133.80,0.8131,-1,-1,-1
125,4,859.88,262.80,55.45,102.86,0.8383,-1,-1,-1
125,5,347.46,161.94,54.30,80.22,0.8564,-1,-1,-1
125,7,616.15,561.30,92.04,169.86,0.7918,-1,-1,-1
125,8,420.46,392.77,78.59,122.85,0.9231,-1,-1,-1
125,10,922.71,177.52,57.71,101.81,0.7736,-1,-1,-1
125,11,824.31,249.72,46.46,93.12,0.8836,-1,-1,-1
125,13,614.53,428.60,90.58,155.66,0.8085,-1,-1,-1
125,14,601.79,324.80,70.22,113.05,0.7310,-1,-1,-1
125,15,1120.96,66.31,37.51,63.52,0.7990,-1,-1,-1
125,16,628.51,415.45,68.85,108.99,0.4887,-1,-1,-1
125,17,780.98,280.30,60.94,97.73,0.8654,-1,-1,-1
125,18,1069.03,109.65,43.01,67.99,0.8496,-1,-1,-1
125,19,1043.22,106.32,34.93,67.49,0.7541,-1,-1,-1
125,20,1510.59,89.47,34.03,36.20,0.5251,-1,-1,-1
125,21,609.97,878.65,102.96,67.09,1.0000,-1,-1,-1
125,23,581.40,532.62,95.71,144.41,1.0000,-1,-1,-1
125,24,1307.02,12.04,22.03,22.88,0.5112,-1,-1,-1
125,32,236.47,628.58,147.21,231.55,0.8989,-1,-1,-1
125,33,276.47,514.78,103.02,158.00,0.8773,-1,-1,-1
125,44,-2.08,704.19,254.71,284.41,0.8317,-1,-1,-1
125,45,505.09,525.13,75.53,145.79,0.8471,-1,-1,-1
125,55,621.04,795.34,146.96,147.89,0.6749,-1,-1,-1
125,58,274.26,656.17,82.73,136.08,1.0000,-1,-1,-1
125,60,274.84,1017.95,-17.48,-15.00,1.0000,-1,-1,-1
125,63,75.73,610.23,111.21,179.66,0.9413,-1,-1,-1
125,68,156.53,738.65,190.86,268.34,0.5220,-1,-1,-1
125,69,24.31,644.57,94.62,241.53,0.6741,-1,-1,-1
125,73,559.65,524.99,63.60,168.85,0.8165,-1,-1,-1
126,1,331.95,441.37,87.28,144.46,0.8743,-1,-1,-1
126,2,669.91,813.69,176.62,135.89,0.9462,-1,-1,-1
126,3,569.54,388.39,71.36,138.89,0.7541,-1,-1,-1
126,4,861.50,262.11,55.45,102.55,0.8408,-1,-1,-1
126,5,349.47,161.88,54.12,80.30,0.8604,-1,-1,-1
126,7,616.89,550.25,97.11,179.30,0.8012,-1,-1,-1
126,8,422.55,391.59,78.82,123.11,0.9236,-1,-1,-1
126,10,923.40,177.23,57.77,101.92,0.7954,-1,-1,-1
126,11,825.06,248.93,46.71,93.55,0.8572,-1,-1,-1
126,13,616.63,430.63,89.29,153.15,0.7918,-1,-1,-1
126,14,606.32,324.20,68.20,110.23,0.6686,-1,-1,-1
126,15,1121.74,65.42,37.67,63.67,0.7982,-1,-1,-1
126,16,632.38,414.17,68.61,109.56,0.4846,-1,-1,-1
126,17,782.44,280.36,60.83,97.34,0.8556,-1,-1,-1
126,18,1069.70,108.75,42.77,68.22,0.8226,-1,-1,-1
126,19,1044.37,107.06,34.48,67.03,0.7239,-1,-1,-1
126,20,1510.90,88.46,34.24,36.44,0.4723,-1,-1,-1
126,21,609.87,878.66,103.58,67.50,1.0000,-1,-1,-1
126,23,583.63,532.05,95.94,144.75,1.0000,-1,-1,-1
126,24,1307.06,11.49,22.18,23.13,0.4305,-1,-1,-1
126,32,239.02,627.45,148.62,233.32,0.8920,-1,-1,-1
126,33,280.12,514.50,101.72,156.88,0.8677,-1,-1,-1
126,44,11.08,720.85,232.44,267.25,0.7999,-1,-1,-1
126,45,506.54,525.27,75.05,145.28,0.8346,-1,-1,-1
126,55,625.60,797.99,146.67,145.77,0.6773,-1,-1,-1
126,58,278.51,657.93,81.31,133.74,1.0000,-1,-1,-1
126,60,280.58,1021.46,-23.04,-19.76,1.0000,-1,-1,-1
126,63,79.02,609.40,111.52,178.86,0.9288,-1,-1,-1
126,68,162.92,741.34,184.50,262.86,0.7712,-1,-1,-1
126,69,28.45,678.83,88.04,206.35,0.5503,-1,-1,-1
126,73,561.30,525.92,63.94,169.12,0.7183,-1,-1,-1
127,1,335.04,440.98,85.74,141.73,0.8713,-1,-1,-1
127,2,669.85,813.83,176.93,135.98,0.9448,-1,-1,-1
127,3,572.27,391.43,69.42,135.92,0.7785,-1,-1,-1
127,4,865.96,259.16,55.26,103.33,0.8122,-1,-1,-1
127,5,351.71,161.72,53.72,79.70,0.8758,-1,-1,-1
127,7,622.96,550.54,93.97,172.84,0.8349,-1,-1,-1
127,8,425.66,391.27,78.40,122.21,0.9087,-1,-1,-1
127,10,924.03,175.16,58.63,103.52,0.8039,-1,-1,-1
127,11,826.48,248.19,48.02,96.06,0.8697,-1,-1,-1
127,13,618.95,433.92,88.14,150.23,0.8259,-1,-1,-1
127,14,607.33,322.49,69.40,112.22,0.7721,-1,-1,-1
127,15,1122.42,65.48,37.36,62.94,0.8052,-1,-1,-1
127,16,634.82,415.83,66.76,106.77,0.6493,-1,-1,-1
127,17,783.80,279.55,61.04,97.79,0.8664,-1,-1,-1
127,18,1070.63,107.41,42.75,68.70,0.8392,-1,-1,-1
127,19,1044.89,105.42,34.91,68.22,0.7629,-1,-1,-1
127,20,1510.95,87.68,34.67,37.11,0.4607,-1,-1,-1
127,21,609.77,878.66,104.21,67.90,1.0000,-1,-1,-1
127,23,585.86,531.48,96.16,145.09,1.0000,-1,-1,-1
127,24,1307.09,11.40,22.32,23.37,0.4373,-1,-1,-1
127,32,244.03,625.69,149.27,234.82,0.9032,-1,-1,-1
127,33,283.41,514.53,100.32,155.06,0.8303,-1,-1,-1
127,44,23.64,740.18,210.51,247.42,0.8373,-1,-1,-1
127,45,511.30,523.52,76.31,146.07,0.8124,-1,-1,-1
127,55,627.43,799.05,147.81,144.87,0.6991,-1,-1,-1
127,58,282.76,659.68,79.88,131.39,1.0000,-1,-1,-1
127,60,286.31,1024.97,-28.59,-24.53,1.0000,-1,-1,-1
127,63,84.26,606.96,111.91,178.37,0.9060,-1,-1,-1
127,68,174.17,765.94,166.32,236.95,0.8492,-1,-1,-1
127,69,25.49,683.93,90.74,201.12,0.7880,-1,-1,-1
127,73,565.13,530.97,62.09,163.15,0.6955,-1,-1,-1
128,1,337.37,440.76,84.90,139.47,0.8718,-1,-1,-1
128,2,669.72,814.90,176.37,135.16,0.9446,-1,-1,-1
128,3,574.01,392.35,68.42,135.51,0.7866,-1,-1,-1
128,4,867.51,257.40,55.76,104.93,0.8087,-1,-1,-1
128,5,352.41,160.52,54.86,81.72,0.8792,-1,-1,-1
128,7,628.47,554.36,90.10,164.98,0.8297,-1,-1,-1
128,8,428.05,391.22,78.13,121.23,0.9183,-1,-1,-1
128,10,927.64,170.82,57.89,101.50,0.7996,-1,-1,-1
128,11,827.18,247.83,48.50,96.84,0.8750,-1,-1,-1
128,13,618.43,433.00,90.20,153.16,0.7884,-1,-1,-1
128,14,608.18,322.18,68.54,110.82,0.7523,-1,-1,-1
128,15,1122.40,64.49,37.89,63.73,0.8027,-1,-1,-1
128,16,636.57,415.28,66.55,106.51,0.6653,-1,-1,-1
128,17,784.68,278.62,61.11,98.01,0.8615,-1,-1,-1
128,18,1071.18,106.16,43.12,69.91,0.8241,-1,-1,-1
128,19,1045.49,104.73,35.44,69.40,0.7891,-1,-1,-1
128,20,1511.66,87.54,34.23,36.82,0.4543,-1,-1,-1
128,21,609.67,878.66,104.83,68.31,1.0000,-1,-1,-1
128,23,588.09,530.90,96.38,145.43,1.0000,-1,-1,-1
128,24,1307.02,11.30,22.42,23.56,0.4915,-1,-1,-1
128,32,247.54,626.54,147.95,232.76,0.8548,-1,-1,-1
128,33,287.88,512.96,99.37,153.85,0.8310,-1,-1,-1
128,44,21.76,724.06,217.05,263.02,0.7998,-1,-1,-1
128,45,515.03,522.50,77.74,146.40,0.8383,-1,-1,-1
128,55,629.10,798.23,151.62,146.40,0.5385,-1,-1,-1
128,58,287.02,661.44,78.46,129.05,1.0000,-1,-1,-1
128,60,292.05,1028.48,-34.15,-29.30,1.0000,-1,-1,-1
128,63,89.54,605.68,111.99,177.15,0.9013,-1,-1,-1
128,68,170.74,746.70,176.76,255.82,0.7341,-1,-1,-1
128,69,10.12,686.22,89.53,197.74,0.7506,-1,-1,-1
128,73,573.36,528.78,51.94,132.48,0.6759,-1,-1,-1
129,1,339.40,440.08,85.47,140.16,0.8832,-1,-1,-1
129,2,669.19,814.26,177.72,136.05,0.9462,-1,-1,-1
129,3,576.49,391.22,66.69,133.52,0.6742,-1,-1,-1
129,4,868.74,255.65,54.90,104.25,0.8134,-1,-1,-1
129,5,355.42,159.43,54.51,81.19,0.8727,-1,-1,-1
129,7,632.44,553.98,87.69,159.58,0.8651,-1,-1,-1
129,8,430.98,388.99,78.52,121.55,0.9089,-1,-1,-1
129,10,928.69,169.72,58.62,102.10,0.8364,-1,-1,-1
129,11,829.09,248.11,47.65,95.02,0.8997,-1,-1,-1
129,13,619.13,427.01,93.25,159.01,0.7165,-1,-1,-1
129,14,607.54,321.49,67.40,109.03,0.7425,-1,-1,-1
129,15,1122.80,64.24,37.94,63.80,0.7980,-1,-1,-1
129,16,635.98,410.77,67.37,107.85,0.6921,-1,-1,-1
129,17,784.46,277.05,61.51,98.76,0.8788,-1,-1,-1
129,18,1071.64,105.41,43.02,70.24,0.8210,-1,-1,-1
129,19,1045.59,103.42,35.99,70.67,0.7679,-1,-1,-1
129,20,1512.04,87.36,34.02,36.82,0.4724,-1,-1,-1
129,21,609.56,878.67,105.45,68.72,1.0000,-1,-1,-1
129,23,590.33,530.33,96.61,145.77,1.0000,-1,-1,-1
129,24,1307.04,11.09,22.33,23.55,0.5121,-1,-1,-1
129,32,248.33,632.77,145.52,226.52,0.5223,-1,-1,-1
129,33,294.40,512.44,98.48,152.59,0.8431,-1,-1,-1
129,44,19.80,708.41,222.11,278.35,0.8201,-1,-1,-1
129,45,513.74,523.22,76.25,144.02,0.8387,-1,-1,-1
129,55,628.03,798.09,154.38,147.31,0.6019,-1,-1,-1
129,58,258.85,619.02,107.76,173.70,0.8238,-1,-1,-1
129,60,297.79,1031.99,-39.71,-34.07,1.0000,-1,-1,-1
129,63,93.66,603.96,112.02,176.16,0.9097,-1,-1,-1
129,68,183.11,776.11,156.78,225.28,0.7915,-1,-1,-1
129,69,12.40,686.58,90.82,194.32,0.8391,-1,-1,-1
129,73,570.17,529.62,60.38,153.13,0.8619,-1,-1,-1
130,1,342.36,438.61,85.95,140.60,0.9005,-1,-1,-1
130,2,668.47,814.96,178.61,136.38,0.9382,-1,-1,-1
130,3,579.22,392.87,64.19,129.47,0.7462,-1,-1,-1
130,4,869.86,255.11,54.14,103.23,0.8123,-1,-1,-1
130,5,357.36,158.82,54.29,81.03,0.8758,-1,-1,-1
130,7,634.87,555.00,84.59,154.07,0.8263,-1,-1,-1
130,8,433.93,389.49,76.82,118.31,0.9141,-1,-1,-1
130,10,930.13,168.71,57.93,100.57,0.7824,-1,-1,-1
130,11,831.51,248.18,46.27,92.14,0.8972,-1,-1,-1
130,13,617.66,423.02,95.40,162.96,0.6822,-1,-1,-1
130,14,609.14,320.63,67.20,108.70,0.8304,-1,-1,-1
130,15,1124.18,64.59,37.86,63.72,0.8178,-1,-1,-1
130,16,637.68,409.47,68.76,110.27,0.6888,-1,-1,-1
130,17,785.31,276.48,61.52,98.82,0.8922,-1,-1,-1
130,18,1071.94,105.70,42.42,69.53,0.8181,-1,-1,-1
130,19,1045.99,103.20,35.27,69.32,0.7402,-1,-1,-1
130,20,1512.75,87.23,33.51,36.51,0.4651,-1,-1,-1
130,21,609.46,878.67,106.08,69.12,1.0000,-1,-1,-1
130,23,592.56,529.76,96.83,146.11,1.0000,-1,-1,-1
130,24,1307.01,10.67,22.47,23.82,0.4919,-1,-1,-1
130,32,256.28,640.24,141.71,220.05,0.7641,-1,-1,-1
130,33,298.62,511.45,96.71,150.61,0.8438,-1,-1,-1
130,44,36.24,741.87,192.42,244.61,0.7852,-1,-1,-1
130,45,513.52,521.90,75.85,144.23,0.8454,-1,-1,-1
130,55,626.11,797.18,157.86,149.58,0.4598,-1,-1,-1
130,58,260.70,617.69,109.27,173.34,0.8263,-1,-1,-1
130,60,303.52,1035.50,-45.26,-38.83,1.0000,-1,-1,-1
130,63,97.17,602.25,112.32,175.62,0.9258,-1,-1,-1
130,68,192.37,796.91,143.12,203.21,0.6137,-1,-1,-1
130,69,10.68,684.38,92.74,194.21,0.8887,-1,-1,-1
130,73,569.73,528.07,63.81,160.50,0.8480,-1,-1,-1
131,1,345.98,437.42,85.59,140.24,0.8909,-1,-1,-1
131,2,664.95,809.54,186.82,143.30,0.9392,-1,-1,-1
131,3,583.03,392.39,60.85,123.21,0.6750,-1,-1,-1
131,4,870.80,253.95,53.63,102.37,0.8430,-1,-1,-1
131,5,360.07,158.50,54.14,81.11,0.8690,-1,-1,-1
131,7,638.70,552.42,83.69,151.75,0.6792,-1,-1,-1
131,8,436.59,388.95,75.71,116.35,0.9043,-1,-1,-1
131,10,931.54,166.95,57.78,99.93,0.7898,-1,-1,-1
131,11,832.76,248.08,45.35,90.14,0.9112,-1,-1,-1
131,13,619.23,422.41,94.96,162.45,0.7213,-1,-1,-1
131,14,610.51,320.63,67.72,109.30,0.8244,-1,-1,-1
131,15,1124.41,63.75,38.61,64.94,0.8306,-1,-1,-1
131,16,638.13,410.13,66.98,107.22,0.7311,-1,-1,-1
131,17,786.03,275.31,61.61,98.88,0.8971,-1,-1,-1
131,18,1071.10,105.60,42.51,68.98,0.7787,-1,-1,-1
131,19,1047.25,103.41,34.18,67.60,0.7222,-1,-1,-1
131,20,1513.58,87.42,32.70,35.72,0.4959,-1,-1,-1
131,21,609.36,878.68,106.70,69.53,1.0000,-1,-1,-1
131,23,594.79,529.19,97.06,146.45,1.0000,-1,-1,-1
131,24,1307.11,10.19,22.80,24.26,0.4304,-1,-1,-1
131,32,262.14,644.02,139.84,216.48,0.7651,-1,-1,-1
131,33,302.09,509.23,95.97,150.86,0.8742,-1,-1,-1
131,44,45.92,759.19,177.03,227.54,0.8325,-1,-1,-1
131,45,515.52,520.71,75.16,143.69,0.7250,-1,-1,-1
131,55,610.03,799.97,151.30,147.11,0.5960,-1,-1,-1
131,58,262.96,613.89,108.92,170.19,0.8881,-1,-1,-1
131,60,309.26,1039.01,-50.82,-43.60,1.0000,-1,-1,-1
131,63,101.60,599.22,113.24,176.55,0.9216,-1,-1,-1
131,68,197.01,802.75,139.47,195.95,0.8411,-1,-1,-1
131,69,10.25,682.24,95.36,195.55,0.8845,-1,-1,-1
131,73,570.70,527.30,65.38,162.57,0.7346,-1,-1,-1
132,1,347.75,435.24,86.11,141.68,0.9134,-1,-1,-1
132,2,665.52,810.72,186.78,143.68,0.9451,-1,-1,-1
132,3,586.16,390.93,60.27,122.40,0.6774,-1,-1,-1
132,4,872.01,253.49,53.23,102.15,0.8372,-1,-1,-1
132,5,362.69,158.43,53.51,80.46,0.8866,-1,-1,-1
132,7,639.49,549.29,85.72,155.61,0.6845,-1,-1,-1
132,8,437.93,388.50,75.39,116.00,0.9080,-1,-1,-1
132,10,933.06,167.69,56.38,96.51,0.7981,-1,-1,-1
132,11,834.58,247.89,45.33,89.54,0.9003,-1,-1,-1
132,13,626.88,429.57,88.65,152.44,0.5549,-1,-1,-1
132,14,612.81,320.17,66.63,107.04,0.8254,-1,-1,-1
132,15,1125.11,63.52,38.55,65.04,0.8053,-1,-1,-1
132,16,637.92,406.84,68.85,110.08,0.6438,-1,-1,-1
132,17,786.67,273.59,62.37,100.42,0.8908,-1,-1,-1
132,18,1072.89,104.50,42.51,69.11,0.7902,-1,-1,-1
132,19,1047.39,102.93,34.68,68.79,0.7761,-1,-1,-1
132,20,1513.79,86.68,32.86,36.08,0.4706,-1,-1,-1
132,21,609.25,878.68,107.33,69.94,1.0000,-1,-1,-1
132,23,597.02,528.61,97.28,146.78,1.0000,-1,-1,-1
132,24,1307.23,9.98,22.68,24.21,0.3623,-1,-1,-1
132,32,269.43,666.98,127.67,192.67,0.7682,-1,-1,-1
132,33,306.30,508.55,95.20,150.54,0.8421,-1,-1,-1
132,44,58.03,786.40,157.05,201.20,0.8832,-1,-1,-1
132,45,516.05,520.56,75.02,144.54,0.8529,-1,-1,-1
132,55,615.62,800.27,151.58,147.58,0.7410,-1,-1,-1
132,58,265.77,614.80,108.40,167.78,0.8741,-1,-1,-1
132,60,315.00,1042.52,-56.38,-48.37,1.0000,-1,-1,-1
132,63,104.50,597.45,113.36,176.42,0.9164,-1,-1,-1
132,68,199.32,805.00,138.49,192.93,0.8225,-1,-1,-1
132,69,8.97,681.01,96.92,195.69,0.8850,-1,-1,-1
132,73,572.04,526.53,66.70,163.87,0.8378,-1,-1,-1
133,1,350.67,433.60,86.12,142.48,0.9213,-1,-1,-1
133,2,665.84,812.39,186.17,143.43,0.9441,-1,-1,-1
133,3,587.30,386.08,61.10,125.35,0.6896,-1,-1,-1
133,4,875.49,253.58,53.37,102.91,0.8388,-1,-1,-1
133,5,365.27,158.03,53.27,80.22,0.8717,-1,-1,-1
133,7,646.11,548.66,83.77,151.82,0.6079,-1,-1,-1
133,8,439.94,386.66,76.39,117.69,0.9146,-1,-1,-1
133,10,933.31,166.59,57.47,97.66,0.7995,-1,-1,-1
133,11,835.42,247.39,45.54,89.76,0.9039,-1,-1,-1
133,13,632.59,438.52,82.57,141.32,0.7193,-1,-1,-1
133,14,614.94,317.94,67.29,108.43,0.7735,-1,-1,-1
133,15,1127.32,63.69,37.68,64.18,0.7711,-1,-1,-1
133,16,639.40,404.14,69.71,111.63,0.7004,-1,-1,-1
133,17,787.44,272.69,62.19,100.39,0.8932,-1,-1,-1
133,18,1075.34,103.63,42.23,69.31,0.8046,-1,-1,-1
133,19,1047.78,102.19,35.36,69.82,0.8318,-1,-1,-1
133,20,1514.05,86.04,32.06,35.25,0.5064,-1,-1,-1
133,21,609.15,878.69,107.95,70.34,1.0000,-1,-1,-1
133,23,599.26,528.04,97.50,147.12,1.0000,-1,-1,-1
133,24,1308.87,9.76,22.77,24.27,0.3831,-1,-1,-1
133,32,262.54,637.50,146.99,222.28,0.8141,-1,-1,-1
133,33,310.87,509.25,94.75,149.73,0.8608,-1,-1,-1
133,44,63.21,794.89,151.22,193.10,0.9205,-1,-1,-1
133,45,517.30,520.19,74.68,144.83,0.8406,-1,-1,-1
133,55,623.71,801.34,153.74,147.52,0.7116,-1,-1,-1
133,58,267.97,615.02,108.49,166.54,0.8153,-1,-1,-1
133,63,107.65,594.40,114.07,177.53,0.9124,-1,-1,-1
133,68,202.25,805.88,138.03,190.64,0.7626,-1,-1,-1
133,69,15.82,679.75,99.15,194.37,0.8642,-1,-1,-1
133,73,575.11,526.03,67.60,163.39,0.8012,-1,-1,-1
134,1,353.97,433.34,85.29,141.52,0.9000,-1,-1,-1
134,2,667.04,814.37,184.29,142.10,0.9463,-1,-1,-1
134,3,588.89,379.35,63.08,131.36,0.7151,-1,-1,-1
134,4,877.33,253.46,53.60,103.86,0.7968,-1,-1,-1
134,5,367.00,157.62,53.12,80.62,0.8732,-1,-1,-1
134,7,644.61,547.61,84.86,151.41,0.4177,-1,-1,-1
134,8,441.21,385.98,77.22,119.10,0.9217,-1,-1,-1
134,10,932.97,167.17,58.37,98.67,0.8421,-1,-1,-1
134,11,836.84,247.20,45.68,89.25,0.9012,-1,-1,-1
134,13,635.74,447.91,78.12,131.96,0.6687,-1,-1,-1
134,14,616.13,317.39,67.65,109.17,0.7438,-1,-1,-1
134,15,1128.47,63.20,37.30,63.64,0.7969,-1,-1,-1
134,16,641.86,405.19,69.16,111.27,0.6724,-1,-1,-1
134,17,787.86,272.52,62.24,100.71,0.9009,-1,-1,-1
134,18,1076.62,103.76,41.53,68.57,0.7815,-1,-1,-1
134,19,1048.46,101.94,35.44,69.37,0.8172,-1,-1,-1
134,20,1514.52,86.21,31.45,34.66,0.4601,-1,-1,-1
134,21,609.05,878.69,108.58,70.75,1.0000,-1,-1,-1
134,23,601.49,527.47,97.73,147.46,1.0000,-1,-1,-1
134,24,1310.15,9.91,21.91,23.26,0.3631,-1,-1,-1
134,32,262.62,626.61,153.24,232.85,0.8277,-1,-1,-1
134,33,315.22,509.64,94.51,148.70,0.8763,-1,-1,-1
134,44,64.68,796.84,150.51,191.73,0.9046,-1,-1,-1
134,45,520.77,520.65,74.30,143.93,0.7939,-1,-1,-1
134,55,620.95,801.11,154.94,148.80,0.7171,-1,-1,-1
134,58,275.14,613.30,108.51,165.82,0.8009,-1,-1,-1
134,63,111.79,591.89,114.62,178.21,0.9027,-1,-1,-1
134,68,205.30,805.06,137.53,188.64,0.7509,-1,-1,-1
134,69,23.80,679.68,101.27,191.64,0.8850,-1,-1,-1
134,73,578.15,531.31,66.86,158.03,0.6876,-1,-1,-1
135,1,357.64,433.18,84.20,140.24,0.8930,-1,-1,-1
135,2,667.05,814.92,185.05,142.83,0.9492,-1,-1,-1
135,3,591.00,379.85,64.28,135.44,0.6709,-1,-1,-1
135,4,878.59,251.00,53.55,103.10,0.8559,-1,-1,-1
135,5,369.45,156.65,53.19,81.38,0.8710,-1,-1,-1
135,7,652.47,544.99,84.59,149.66,0.7197,-1,-1,-1
135,8,443.19,385.04,77.49,119.78,0.8988,-1,-1,-1
135,10,933.72,166.95,59.11,99.15,0.8555,-1,-1,-1
135,11,837.13,246.35,46.02,89.90,0.9034,-1,-1,-1
135,13,637.76,451.98,75.83,126.48,0.6843,-1,-1,-1
135,14,615.41,317.06,68.03,108.84,0.7893,-1,-1,-1
135,15,1129.08,62.82,37.41,63.91,0.8198,-1,-1,-1
135,16,643.40,404.62,69.14,111.85,0.5785,-1,-1,-1
135,17,788.36,272.10,62.69,101.80,0.8999,-1,-1,-1
135,18,1077.28,102.32,42.18,70.25,0.8232,-1,-1,-1
135,19,1048.67,101.23,36.18,70.19,0.8379,-1,-1,-1
135,20,1514.79,86.97,30.63,33.72,0.4484,-1,-1,-1
135,21,608.94,878.69,109.20,71.16,1.0000,-1,-1,-1
135,23,603.72,526.90,97.95,147.80,1.0000,-1,-1,-1
135,24,1310.25,9.81,22.20,23.55,0.4111,-1,-1,-1
135,32,269.45,627.34,151.88,232.35,0.7615,-1,-1,-1
135,33,319.23,508.66,95.52,149.22,0.8675,-1,-1,-1
135,44,66.45,796.54,150.85,191.90,0.9281,-1,-1,-1
135,45,521.09,520.17,74.07,144.23,0.7938,-1,-1,-1
135,55,627.02,802.79,155.80,147.40,0.7359,-1,-1,-1
135,58,277.89,610.10,109.06,165.34,0.8831,-1,-1,-1
135,63,116.67,590.22,115.05,178.51,0.9216,-1,-1,-1
135,68,208.47,805.26,138.07,187.84,0.8852,-1,-1,-1
135,69,30.14,679.62,103.83,189.95,0.9087,-1,-1,-1
135,73,580.30,527.11,69.98,161.37,0.8367,-1,-1,-1
136,1,360.42,432.29,83.62,139.51,0.9122,-1,-1,-1
136,2,666.17,813.99,186.73,144.42,0.9464,-1,-1,-1
136,3,592.78,378.75,66.13,141.67,0.7343,-1,-1,-1
136,4,880.11,249.60,53.40,102.44,0.8556,-1,-1,-1
136,5,370.97,155.66,53.32,81.93,0.8567,-1,-1,-1
136,7,658.22,543.28,84.85,148.98,0.8044,-1,-1,-1
136,8,445.52,384.45,77.07,119.69,0.8920,-1,-1,-1
136,10,934.25,166.87,58.80,97.83,0.7833,-1,-1,-1
136,11,837.79,245.45,46.67,91.06,0.8947,-1,-1,-1
136,13,641.32,457.45,73.77,120.91,0.6367,-1,-1,-1
136,14,615.47,316.85,68.52,108.47,0.7840,-1,-1,-1
136,15,1129.78,62.85,36.98,63.28,0.8079,-1,-1,-1
136,16,640.91,392.34,76.27,125.62,0.4856,-1,-1,-1
136,17,788.99,271.30,63.18,102.77,0.9085,-1,-1,-1
136,18,1078.08,101.51,41.80,70.29,0.8164,-1,-1,-1
136,19,1049.23,100.98,36.96,71.03,0.8551,-1,-1,-1
136,20,1514.45,86.82,30.53,33.63,0.4686,-1,-1,-1
136,21,612.93,878.18,103.89,71.55,0.3445,-1,-1,-1
136,23,605.95,526.32,98.17,148.14,1.0000,-1,-1,-1
136,24,1310.84,10.36,21.30,22.41,0.3594,-1,-1,-1
136,32,283.84,665.41,129.86,194.80,0.6962,-1,-1,-1
136,33,319.99,506.98,95.55,149.36,0.8406,-1,-1,-1
136,44,66.43,795.36,152.46,193.79,0.9239,-1,-1,-1
136,45,522.76,520.91,72.71,142.36,0.8728,-1,-1,-1
136,55,613.75,803.42,151.27,146.13,0.6450,-1,-1,-1
136,58,279.66,609.14,109.36,164.75,0.9117,-1,-1,-1
136,63,120.45,588.63,115.11,178.38,0.9155,-1,-1,-1
136,68,210.68,804.19,138.16,186.79,0.8740,-1,-1,-1
136,69,33.30,678.87,106.98,189.49,0.9220,-1,-1,-1
136,73,581.57,524.37,72.79,164.08,0.8561,-1,-1,-1
137,1,363.98,431.04,83.48,139.77,0.9094,-1,-1,-1
137,2,665.71,812.94,188.06,146.04,0.9429,-1,-1,-1
137,3,597.10,382.83,62.80,135.99,0.7053,-1,-1,-1
137,4,882.49,248.91,53.37,101.99,0.8714,-1,-1,-1
137,5,373.64,155.32,52.61,81.26,0.8622,-1,-1,-1
137,7,658.67,520.31,95.16,167.12,0.6329,-1,-1,-1
137,8,448.06,384.08,76.87,119.52,0.8931,-1,-1,-1
137,10,929.99,167.95,61.32,103.34,0.7169,-1,-1,-1
137,11,839.08,244.84,46.86,91.37,0.8995,-1,-1,-1
137,13,638.97,445.72,81.50,134.57,0.6643,-1,-1,-1
137,14,616.69,316.97,69.54,109.61,0.7929,-1,-1,-1
137,15,1130.83,62.72,36.59,62.60,0.8116,-1,-1,-1
137,16,643.63,396.10,73.35,121.80,0.5012,-1,-1,-1
137,17,790.10,271.46,62.59,102.04,0.9023,-1,-1,-1
137,18,1079.35,101.15,41.66,70.31,0.7994,-1,-1,-1
137,19,1049.58,101.11,37.30,70.90,0.8325,-1,-1,-1
137,20,1513.99,86.85,30.74,33.75,0.4241,-1,-1,-1
137,21,612.90,878.16,104.48,71.95,1.0000,-1,-1,-1
137,23,608.19,525.75,98.40,148.48,1.0000,-1,-1,-1
137,24,1308.77,10.33,21.98,23.04,0.3656,-1,-1,-1
137,32,290.83,680.00,123.23,181.39,0.7557,-1,-1,-1
137,33,324.12,504.39,95.80,150.65,0.8578,-1,-1,-1
137,44,67.42,793.59,153.87,195.60,0.9257,-1,-1,-1
137,45,523.98,521.31,72.16,141.92,0.8590,-1,-1,-1
137,55,624.34,799.99,156.84,150.37,0.6791,-1,-1,-1
137,58,281.10,608.47,111.71,167.68,0.8582,-1,-1,-1
137,63,124.53,586.79,114.94,177.89,0.9127,-1,-1,-1
137,68,211.62,803.14,139.03,186.83,0.9137,-1,-1,-1
137,69,37.13,677.71,110.03,188.95,0.9345,-1,-1,-1
137,73,582.07,522.68,75.05,166.34,0.8183,-1,-1,-1
138,1,366.57,429.76,83.41,140.06,0.9171,-1,-1,-1
138,2,665.32,811.89,189.23,147.57,0.9465,-1,-1,-1
138,3,600.45,381.40,62.86,137.27,0.6627,-1,-1,-1
138,4,882.67,249.63,53.19,101.36,0.8602,-1,-1,-1
138,5,375.48,154.89,52.54,81.62,0.8585,-1,-1,-1
138,7,665.43,516.75,95.18,166.84,0.7016,-1,-1,-1
138,8,448.09,382.90,77.13,121.01,0.8838,-1,-1,-1
138,10,928.71,167.01,62.70,106.99,0.7748,-1,-1,-1
138,11,840.28,244.32,47.21,91.90,0.8877,-1,-1,-1
138,13,637.68,448.83,81.92,134.48,0.5751,-1,-1,-1
138,14,617.84,317.46,69.12,108.80,0.8017,-1,-1,-1
138,15,1131.36,62.19,36.75,62.94,0.8049,-1,-1,-1
138,16,646.09,399.33,70.84,118.31,0.5428,-1,-1,-1
138,17,790.88,269.56,63.09,103.18,0.8994,-1,-1,-1
138,18,1080.70,101.04,41.27,69.86,0.7881,-1,-1,-1
138,19,1050.81,101.75,37.15,70.08,0.8322,-1,-1,-1
138,20,1513.14,85.46,32.04,35.20,0.4354,-1,-1,-1
138,21,612.88,878.14,105.07,72.36,1.0000,-1,-1,-1
138,23,610.42,525.18,98.62,148.82,1.0000,-1,-1,-1
138,24,1310.47,11.02,20.96,21.73,0.3707,-1,-1,-1
138,32,291.51,682.62,123.80,178.97,0.7753,-1,-1,-1
138,33,326.62,503.50,95.52,151.02,0.8527,-1,-1,-1
138,44,68.37,792.30,154.84,196.72,0.9317,-1,-1,-1
138,45,525.26,520.38,72.30,142.98,0.8291,-1,-1,-1
138,55,626.58,801.07,156.06,148.87,0.6345,-1,-1,-1
138,58,285.21,610.41,110.49,165.24,0.8945,-1,-1,-1
138,63,127.35,584.12,115.55,179.35,0.9075,-1,-1,-1
138,68,212.41,801.62,140.19,187.55,0.9051,-1,-1,-1
138,69,38.92,675.54,114.09,190.47,0.9232,-1,-1,-1
138,73,582.82,521.59,76.68,166.96,0.8155,-1,-1,-1
139,1,370.65,428.24,83.67,140.00,0.9011,-1,-1,-1
139,2,665.03,809.58,191.26,150.05,0.9447,-1,-1,-1
139,3,603.92,384.40,60.02,132.50,0.6911,-1,-1,-1
139,4,884.09,247.24,52.93,100.64,0.8715,-1,-1,-1
139,5,377.39,154.37,53.16,83.12,0.8644,-1,-1,-1
139,7,671.65,511.54,95.36,167.57,0.7697,-1,-1,-1
139,8,450.35,382.03,76.92,121.54,0.8912,-1,-1,-1
139,10,928.77,170.78,60.28,103.88,0.7961,-1,-1,-1
139,11,841.31,242.32,48.36,94.00,0.8912,-1,-1,-1
139,13,639.15,449.04,82.90,135.12,0.5722,-1,-1,-1
139,14,619.02,317.85,69.04,108.20,0.7948,-1,-1,-1
139,15,1132.48,62.62,36.40,62.09,0.7963,-1,-1,-1
139,16,648.50,398.34,70.54,118.22,0.5672,-1,-1,-1
139,17,791.94,269.47,63.04,103.27,0.8935,-1,-1,-1
139,18,1082.31,99.83,41.31,70.28,0.8100,-1,-1,-1
139,19,1051.58,102.01,37.47,69.95,0.8403,-1,-1,-1
139,20,1513.39,85.20,32.17,35.15,0.4093,-1,-1,-1
139,21,612.85,878.11,105.66,72.76,1.0000,-1,-1,-1
139,23,612.65,524.61,98.85,149.16,1.0000,-1,-1,-1
139,24,1311.42,12.05,19.91,20.25,0.3894,-1,-1,-1
139,32,294.05,691.39,120.85,170.31,0.8264,-1,-1,-1
139,33,328.09,501.84,95.98,152.34,0.8299,-1,-1,-1
139,44,69.21,790.12,156.70,198.76,0.9310,-1,-1,-1
139,45,526.65,519.50,72.42,143.82,0.8629,-1,-1,-1
139,55,613.66,801.19,151.69,148.42,0.6255,-1,-1,-1
139,58,287.12,612.23,113.67,169.63,0.8581,-1,-1,-1
139,63,132.26,583.34,115.39,178.95,0.9059,-1,-1,-1
139,68,212.60,801.33,140.95,187.26,0.8916,-1,-1,-1
139,69,42.00,675.14,116.20,188.69,0.9202,-1,-1,-1
139,73,584.56,521.99,77.82,166.40,0.8690,-1,-1,-1
140,1,372.90,427.45,83.81,139.86,0.9183,-1,-1,-1
140,2,665.97,810.31,189.83,149.64,0.9438,-1,-1,-1
140,3,605.52,384.23,59.07,132.00,0.6583,-1,-1,-1
140,4,885.35,247.26,52.45,99.74,0.8607,-1,-1,-1
140,5,379.19,153.79,53.46,84.19,0.8423,-1,-1,-1
140,7,676.80,513.94,92.67,163.02,0.7614,-1,-1,-1
140,8,452.58,380.30,77.32,122.70,0.9018,-1,-1,-1
140,10,928.84,175.40,57.37,99.55,0.8246,-1,-1,-1
140,11,842.50,242.73,48.34,93.54,0.8764,-1,-1,-1
140,13,637.19,443.28,87.85,143.02,0.4194,-1,-1,-1
140,14,620.19,317.66,69.37,108.54,0.7922,-1,-1,-1
140,15,1133.31,62.71,36.20,61.57,0.7992,-1,-1,-1
140,16,648.19,401.18,68.49,113.75,0.5506,-1,-1,-1
140,17,792.76,269.03,62.96,103.30,0.8862,-1,-1,-1
140,18,1083.52,99.21,41.18,70.22,0.8250,-1,-1,-1
140,19,1051.46,101.73,37.89,69.74,0.8534,-1,-1,-1
140,20,1513.30,85.38,33.01,35.81,0.4132,-1,-1,-1
140,21,612.82,878.09,106.25,73.17,1.0000,-1,-1,-1
140,23,614.88,524.03,99.07,149.50,1.0000,-1,-1,-1
140,24,1311.67,12.28,20.05,20.12,0.4504,-1,-1,-1
140,32,298.06,694.24,121.31,167.95,0.7925,-1,-1,-1
140,33,329.52,501.44,95.78,152.81,0.8332,-1,-1,-1
140,44,69.17,790.07,157.22,199.16,0.9469,-1,-1,-1
140,45,527.62,518.52,72.39,144.57,0.8835,-1,-1,-1
140,55,620.65,801.31,152.23,148.82,0.5678,-1,-1,-1
140,58,290.53,614.16,113.18,168.37,0.8491,-1,-1,-1
140,63,136.37,581.61,115.77,179.58,0.8945,-1,-1,-1
140,68,213.48,800.44,142.00,187.49,0.9179,-1,-1,-1
140,69,43.24,673.30,119.36,189.56,0.9169,-1,-1,-1
140,73,586.03,520.98,79.55,166.93,0.8642,-1,-1,-1
141,1,376.58,425.91,83.63,139.33,0.9077,-1,-1,-1
141,2,666.21,809.08,190.14,150.54,0.9512,-1,-1,-1
141,3,606.93,389.06,55.86,126.08,0.5968,-1,-1,-1
141,4,886.42,245.35,53.09,100.56,0.8304,-1,-1,-1
141,5,381.86,153.46,53.24,84.26,0.8546,-1,-1,-1
141,7,682.05,514.98,90.01,158.47,0.7646,-1,-1,-1
141,8,456.28,380.32,76.51,121.86,0.8955,-1,-1,-1
141,10,929.42,177.87,55.89,97.69,0.8349,-1,-1,-1
141,11,843.71,241.48,48.76,94.32,0.8594,-1,-1,-1
141,13,624.17,434.19,89.96,152.57,0.4381,-1,-1,-1
141,14,620.52,317.63,69.88,109.41,0.7696,-1,-1,-1
141,15,1134.52,62.57,35.95,61.07,0.8170,-1,-1,-1
141,16,641.11,390.70,75.43,123.73,0.6276,-1,-1,-1
141,17,793.85,268.37,63.07,103.65,0.8882,-1,-1,-1
141,18,1084.72,98.98,40.61,69.63,0.8242,-1,-1,-1
141,19,1051.21,101.36,38.67,70.03,0.8795,-1,-1,-1
141,20,1513.60,85.12,33.41,36.07,0.4031,-1,-1,-1
141,21,618.37,882.12,96.55,69.12,0.4661,-1,-1,-1
141,23,617.12,523.46,99.29,149.83,1.0000,-1,-1,-1
141,24,1311.29,11.87,20.90,20.86,0.5376,-1,-1,-1
141,32,304.37,695.96,120.39,164.62,0.7716,-1,-1,-1
141,33,335.29,502.50,95.09,151.46,0.8084,-1,-1,-1
141,44,68.78,785.55,159.79,202.91,0.9467,-1,-1,-1
141,45,530.12,518.34,72.07,144.59,0.9046,-1,-1,-1
141,55,605.19,802.42,145.83,148.29,0.6433,-1,-1,-1
141,58,295.74,615.89,113.27,167.43,0.8481,-1,-1,-1
141,63,141.23,580.23,115.60,179.32,0.9099,-1,-1,-1
141,68,215.58,802.09,141.35,184.97,0.9006,-1,-1,-1
141,69,45.82,671.81,121.81,189.77,0.8949,-1,-1,-1
141,73,588.49,519.21,81.26,167.42,0.8443,-1,-1,-1
141,84,949.40,162.40,53.18,83.98,0.7378,-1,-1,-1
142,1,379.26,424.36,84.05,140.06,0.9249,-1,-1,-1
142,2,667.48,810.46,188.31,149.44,0.9515,-1,-1,-1
142,3,609.18,387.08,55.56,127.76,0.5626,-1,-1,-1
142,4,887.88,244.01,53.58,100.85,0.8310,-1,-1,-1
142,5,384.01,152.58,53.13,84.39,0.8690,-1,-1,-1
142,7,683.91,511.80,92.30,162.96,0.6814,-1,-1,-1
142,8,457.91,380.51,75.71,121.21,0.8851,-1,-1,-1
142,10,929.81,177.88,55.58,97.79,0.8126,-1,-1,-1
142,11,845.46,241.90,48.15,92.91,0.8666,-1,-1,-1
142,13,627.45,448.86,78.24,136.44,0.4217,-1,-1,-1
142,14,622.75,317.77,68.84,107.82,0.7615,-1,-1,-1
142,15,1135.24,62.64,35.72,60.53,0.8242,-1,-1,-1
142,16,637.18,383.38,80.34,130.95,0.6049,-1,-1,-1
142,17,794.69,268.68,62.64,102.99,0.8892,-1,-1,-1
142,18,1086.69,99.15,40.05,68.94,0.8105,-1,-1,-1
142,19,1050.87,100.86,39.86,71.29,0.8631,-1,-1,-1
142,20,1514.31,85.47,33.03,35.36,0.4142,-1,-1,-1
142,21,617.53,877.90,99.34,73.84,0.3698,-1,-1,-1
142,23,619.35,522.89,99.52,150.17,1.0000,-1,-1,-1
142,24,1311.13,11.70,20.95,20.68,0.5233,-1,-1,-1
142,32,308.39,697.38,120.45,162.80,0.8020,-1,-1,-1
142,33,339.49,502.39,94.89,150.85,0.8227,-1,-1,-1
142,44,60.61,758.05,177.62,229.52,0.9194,-1,-1,-1
142,45,531.26,517.84,71.96,145.10,0.9068,-1,-1,-1
142,55,614.52,802.15,146.33,149.41,0.5487,-1,-1,-1
142,58,300.05,616.62,113.46,167.35,0.8621,-1,-1,-1
142,63,145.38,579.45,115.31,178.89,0.9298,-1,-1,-1
142,68,217.74,803.09,141.24,182.90,0.8538,-1,-1,-1
142,69,48.86,671.56,123.70,189.17,0.8903,-1,-1,-1
142,73,590.18,519.58,82.47,166.56,0.8928,-1,-1,-1
142,84,950.42,162.36,53.11,84.36,0.7046,-1,-1,-1
143,1,382.01,423.20,83.39,139.45,0.9033,-1,-1,-1
143,2,669.21,812.75,185.53,147.32,0.9579,-1,-1,-1
143,3,610.87,385.29,54.01,126.76,0.4648,-1,-1,-1
143,4,888.40,242.59,53.78,101.24,0.8276,-1,-1,-1
143,5,386.48,152.23,52.01,82.60,0.8712,-1,-1,-1
143,7,682.46,511.83,89.86,160.30,0.7947,-1,-1,-1
143,8,461.36,380.29,75.43,120.86,0.8842,-1,-1,-1
143,10,929.67,176.26,55.77,99.11,0.8249,-1,-1,-1
143,11,846.73,241.19,48.70,94.31,0.8610,-1,-1,-1
143,13,630.51,448.88,77.55,137.80,0.4870,-1,-1,-1
143,14,624.31,317.18,69.43,108.87,0.7246,-1,-1,-1
143,15,1136.37,62.45,36.05,60.54,0.8258,-1,-1,-1
143,16,637.12,384.86,79.67,128.34,0.5232,-1,-1,-1
143,17,796.26,268.85,61.97,102.12,0.8817,-1,-1,-1
143,18,1089.29,98.77,39.61,68.83,0.8240,-1,-1,-1
143,19,1050.84,100.00,40.71,72.32,0.8527,-1,-1,-1
143,20,1514.79,85.05,33.60,35.83,0.4586,-1,-1,-1
143,21,615.03,871.72,103.76,80.60,0.4952,-1,-1,-1
143,23,621.58,522.32,99.74,150.51,1.0000,-1,-1,-1
143,24,1311.72,12.14,20.30,19.70,0.4406,-1,-1,-1
143,32,311.23,697.82,121.35,161.93,0.8352,-1,-1,-1
143,33,343.99,501.76,95.27,151.43,0.8145,-1,-1,-1
143,44,58.66,745.82,183.73,241.45,0.9146,-1,-1,-1
143,45,532.86,517.90,71.30,145.17,0.8910,-1,-1,-1
143,55,606.93,801.69,143.64,151.29,0.6926,-1,-1,-1
143,58,303.18,613.32,112.71,165.34,0.9060,-1,-1,-1
143,63,149.95,579.73,112.75,174.62,0.9264,-1,-1,-1
143,68,219.84,804.67,141.02,181.09,0.9018,-1,-1,-1
143,69,53.87,670.03,124.58,188.28,0.8946,-1,-1,-1
143,73,590.60,519.61,83.67,165.78,0.8992,-1,-1,-1
143,84,952.57,162.47,52.30,83.62,0.7825,-1,-1,-1
144,1,384.62,423.20,82.85,138.96,0.8974,-1,-1,-1
144,2,672.84,817.54,178.73,141.40,0.9664,-1,-1,-1
144,3,612.64,383.84,52.91,126.20,0.5668,-1,-1,-1
144,4,889.46,242.20,53.21,100.04,0.8208,-1,-1,-1
144,5,388.01,151.77,51.70,82.36,0.8286,-1,-1,-1
144,7,686.61,512.85,88.43,155.87,0.8005,-1,-1,-1
144,8,464.01,379.47,74.91,119.85,0.9051,-1,-1,-1
144,10,930.34,179.81,53.51,95.57,0.8308,-1,-1,-1
144,11,847.28,241.08,48.58,94.42,0.8707,-1,-1,-1
144,13,630.72,449.34,75.53,136.93,0.5655,-1,-1,-1
144,14,626.61,316.94,68.99,108.06,0.7398,-1,-1,-1
144,15,1137.56,63.42,35.68,59.61,0.8244,-1,-1,-1
144,16,650.79,397.62,71.89,115.83,0.5660,-1,-1,-1
144,17,797.67,268.66,61.72,102.14,0.8764,-1,-1,-1
144,18,1090.81,99.08,39.09,68.35,0.7901,-1,-1,-1
144,19,1051.12,99.92,40.87,72.14,0.8162,-1,-1,-1
144,20,1514.68,84.43,34.26,36.51,0.4678,-1,-1,-1
144,21,618.39,878.05,95.44,75.08,0.5579,-1,-1,-1
144,23,623.81,521.74,99.97,150.85,1.0000,-1,-1,-1
144,24,1311.64,11.90,20.53,19.78,0.5106,-1,-1,-1
144,32,313.39,699.97,121.45,159.54,0.8513,-1,-1,-1
144,33,347.18,501.77,94.55,150.96,0.8248,-1,-1,-1
144,44,61.43,746.94,180.68,240.26,0.9005,-1,-1,-1
144,45,534.16,517.33,70.94,145.07,0.8751,-1,-1,-1
144,55,601.53,802.18,138.15,150.99,0.8649,-1,-1,-1
144,58,304.30,612.22,113.67,165.93,0.8811,-1,-1,-1
144,63,153.96,578.40,111.55,172.41,0.9160,-1,-1,-1
144,68,220.98,804.99,141.62,180.62,0.8919,-1,-1,-1
144,69,57.14,669.24,125.30,187.32,0.8964,-1,-1,-1
144,73,591.28,519.80,84.55,164.53,0.8995,-1,-1,-1
144,84,953.51,162.00,51.61,83.17,0.8148,-1,-1,-1
145,1,390.12,422.71,82.73,138.17,0.8790,-1,-1,-1
145,2,673.71,818.89,177.82,140.33,0.9577,-1,-1,-1
145,3,616.90,378.91,53.69,128.76,0.4922,-1,-1,-1
145,4,890.90,241.23,53.12,99.80,0.8192,-1,-1,-1
145,5,389.97,150.25,51.49,81.76,0.8506,-1,-1,-1
145,7,688.76,513.46,87.98,153.62,0.7659,-1,-1,-1
145,8,467.04,378.10,74.52,119.16,0.8917,-1,-1,-1
145,10,930.79,178.82,53.60,96.28,0.8062,-1,-1,-1
145,11,847.61,239.83,48.86,95.45,0.8722,-1,-1,-1
145,13,633.13,452.70,73.18,133.79,0.7522,-1,-1,-1
145,14,627.81,317.20,68.31,106.91,0.7187,-1,-1,-1
145,15,1138.58,63.15,35.91,59.87,0.8403,-1,-1,-1
145,16,654.80,394.51,73.77,119.61,0.5716,-1,-1,-1
145,17,799.72,270.23,60.63,100.58,0.8734,-1,-1,-1
145,18,1091.19,98.09,39.67,70.02,0.8149,-1,-1,-1
145,19,1051.02,99.37,41.08,72.24,0.8358,-1,-1,-1
145,20,1515.47,84.59,33.56,35.86,0.4723,-1,-1,-1
145,21,619.11,878.72,94.29,75.46,0.5292,-1,-1,-1
145,23,626.05,521.17,100.19,151.19,1.0000,-1,-1,-1
145,24,1311.82,11.67,20.69,19.87,0.5932,-1,-1,-1
145,32,318.32,705.32,119.28,154.63,0.8994,-1,-1,-1
145,33,350.64,499.96,94.38,151.05,0.8409,-1,-1,-1
145,44,66.14,754.81,173.44,232.28,0.9113,-1,-1,-1
145,45,535.90,517.92,70.03,144.54,0.8749,-1,-1,-1
145,55,601.15,801.29,134.74,152.42,0.8243,-1,-1,-1
145,58,306.21,611.39,114.45,166.22,0.9102,-1,-1,-1
145,63,160.15,576.99,109.76,169.49,0.9031,-1,-1,-1
145,68,222.64,804.38,142.34,180.83,0.8811,-1,-1,-1
145,69,63.67,667.44,124.25,185.05,0.8923,-1,-1,-1
145,73,592.15,519.07,86.44,165.02,0.8741,-1,-1,-1
145,84,954.61,161.44,50.68,82.26,0.8247,-1,-1,-1
146,1,392.89,421.72,82.80,138.15,0.8823,-1,-1,-1
146,2,674.52,820.23,177.01,139.40,0.9567,-1,-1,-1
146,3,619.10,377.85,53.62,128.62,1.0000,-1,-1,-1
146,4,891.84,240.92,52.89,99.52,0.8278,-1,-1,-1
146,5,391.81,150.84,50.85,80.49,0.8426,-1,-1,-1
146,7,695.58,508.42,88.96,154.65,0.7862,-1,-1,-1
146,8,468.74,377.76,74.90,120.02,0.8858,-1,-1,-1
146,10,931.45,178.72,53.27,96.18,0.8088,-1,-1,-1
146,11,848.23,239.03,49.00,96.27,0.8721,-1,-1,-1
146,13,634.97,451.70,72.89,134.32,0.8142,-1,-1,-1
146,14,628.98,316.63,68.52,106.85,0.7021,-1,-1,-1
146,15,1139.59,63.88,35.69,59.07,0.8294,-1,-1,-1
146,16,656.35,398.47,71.59,115.86,0.5329,-1,-1,-1
146,17,801.31,270.07,60.29,99.79,0.8725,-1,-1,-1
146,18,1092.09,97.25,39.70,70.29,0.7558,-1,-1,-1
146,19,1051.27,99.05,41.62,73.32,0.8026,-1,-1,-1
146,20,1515.78,84.48,33.61,36.04,0.4805,-1,-1,-1
146,21,613.24,867.04,105.76,87.79,0.5064,-1,-1,-1
146,23,628.28,520.60,100.41,151.53,1.0000,-1,-1,-1
146,24,1311.79,11.52,21.27,20.47,0.5871,-1,-1,-1
146,32,321.59,706.52,118.95,151.72,0.8887,-1,-1,-1
146,33,353.08,498.85,94.38,151.41,0.8355,-1,-1,-1
146,44,64.98,748.33,176.38,239.02,0.9035,-1,-1,-1
146,45,537.59,519.07,69.44,143.80,0.8848,-1,-1,-1
146,55,607.74,800.42,133.25,153.41,0.8209,-1,-1,-1
146,58,307.74,614.30,117.90,171.27,0.8876,-1,-1,-1
146,63,163.39,575.85,109.66,169.27,0.9115,-1,-1,-1
146,68,224.03,804.08,143.02,180.79,0.8721,-1,-1,-1
146,69,69.03,667.54,122.88,182.32,0.8792,-1,-1,-1
146,73,592.31,518.50,87.93,165.06,0.9028,-1,-1,-1
146,84,955.39,160.88,50.10,81.93,0.8045,-1,-1,-1
147,1,396.08,421.36,83.40,138.93,0.8950,-1,-1,-1
147,2,673.80,820.67,177.87,139.87,0.9544,-1,-1,-1
147,3,621.30,376.80,53.56,128.47,1.0000,-1,-1,-1
147,4,893.75,240.75,51.83,97.33,0.8161,-1,-1,-1
147,5,394.70,150.84,50.99,80.43,0.8618,-1,-1,-1
147,7,702.53,508.94,87.11,150.92,0.8368,-1,-1,-1
147,8,470.41,376.68,75.09,121.04,0.8754,-1,-1,-1
147,10,931.94,176.94,53.75,97.85,0.8048,-1,-1,-1
147,11,849.96,239.61,48.66,95.43,0.8885,-1,-1,-1
147,13,636.94,453.80,72.09,133.21,0.8549,-1,-1,-1
147,14,629.19,315.94,69.59,108.05,0.7638,-1,-1,-1
147,15,1139.54,62.23,36.56,60.39,0.8374,-1,-1,-1
147,16,659.13,402.51,70.30,113.04,0.5308,-1,-1,-1
147,17,802.54,269.93,60.49,100.49,0.8596,-1,-1,-1
147,18,1093.68,97.01,39.53,70.21,0.8388,-1,-1,-1
147,19,1051.90,98.77,41.37,72.72,0.7804,-1,-1,-1
147,20,1515.85,84.04,33.91,36.67,0.4181,-1,-1,-1
147,21,612.28,865.76,107.92,89.58,1.0000,-1,-1,-1
147,23,630.51,520.03,100.64,151.87,1.0000,-1,-1,-1
147,24,1312.52,11.76,20.92,20.18,0.3873,-1,-1,-1
147,32,323.44,707.51,119.34,149.78,0.8856,-1,-1,-1
147,33,356.07,498.46,93.83,150.84,0.8541,-1,-1,-1
147,44,63.45,736.35,182.21,250.59,0.9067,-1,-1,-1
147,45,539.22,519.78,68.95,143.37,0.8794,-1,-1,-1
147,55,620.40,799.33,135.97,155.33,0.7576,-1,-1,-1
147,58,308.26,614.39,120.88,175.96,0.8864,-1,-1,-1
147,63,168.06,574.94,109.62,169.00,0.9215,-1,-1,-1
147,68,226.09,803.72,143.49,180.87,0.8776,-1,-1,-1
147,69,74.82,667.00,121.12,179.20,0.9051,-1,-1,-1
147,73,593.84,519.04,88.05,162.99,0.8918,-1,-1,-1
147,84,955.40,160.29,50.93,84.03,0.7585,-1,-1,-1
148,1,398.31,420.47,83.41,138.87,0.8953,-1,-1,-1
148,2,676.34,825.36,173.63,135.59,0.9596,-1,-1,-1
148,3,623.49,375.75,53.50,128.33,1.0000,-1,-1,-1
148,4,895.12,240.82,51.21,96.12,0.7798,-1,-1,-1
148,5,396.99,150.58,50.59,79.51,0.8892,-1,-1,-1
148,7,707.08,508.94,85.05,146.82,0.8389,-1,-1,-1
148,8,472.76,376.32,74.60,120.49,0.8731,-1,-1,-1
148,10,932.09,176.85,53.47,98.05,0.8176,-1,-1,-1
148,11,851.59,238.79,49.00,96.29,0.8844,-1,-1,-1
148,13,639.04,450.23,73.69,136.78,0.8003,-1,-1,-1
148,14,629.49,315.17,70.17,108.70,0.7527,-1,-1,-1
148,15,1140.90,62.57,36.69,60.17,0.8546,-1,-1,-1
148,16,660.04,403.87,69.91,111.40,0.6919,-1,-1,-1
148,17,803.33,269.63,60.05,99.87,0.8800,-1,-1,-1
148,18,1095.13,96.97,39.16,69.78,0.8445,-1,-1,-1
148,19,1052.60,98.75,40.79,71.37,0.8007,-1,-1,-1
148,20,1516.22,84.09,33.58,36.53,0.4512,-1,-1,-1
148,21,616.60,872.94,98.80,83.12,0.3550,-1,-1,-1
148,24,1312.91,12.09,20.76,20.05,0.4779,-1,-1,-1
148,32,324.40,707.29,120.91,149.57,0.8754,-1,-1,-1
148,33,358.38,498.04,94.00,151.04,0.8544,-1,-1,-1
148,44,64.95,734.93,181.18,252.35,0.8971,-1,-1,-1
148,45,539.85,519.38,68.71,143.31,0.8728,-1,-1,-1
148,55,616.17,797.81,135.90,157.46,0.8135,-1,-1,-1
148,58,310.51,613.93,121.71,177.20,0.8891,-1,-1,-1
148,63,171.12,574.30,110.12,169.32,0.9170,-1,-1,-1
148,68,227.44,802.54,144.49,181.54,0.8145,-1,-1,-1
148,69,76.72,667.29,121.88,179.82,0.9043,-1,-1,-1
148,73,593.97,518.02,89.77,164.04,0.8395,-1,-1,-1
148,84,956.58,160.71,49.85,82.88,0.7948,-1,-1,-1
149,1,403.10,419.50,82.44,137.17,0.8750,-1,-1,-1
149,2,675.92,823.67,176.57,137.62,0.9562,-1,-1,-1
149,3,630.80,372.97,54.20,129.81,0.3946,-1,-1,-1
149,4,896.37,240.52,51.47,96.54,0.7957,-1,-1,-1
149,5,399.47,151.12,50.14,78.46,0.8745,-1,-1,-1
149,7,710.65,503.56,85.35,147.53,0.7752,-1,-1,-1
149,8,474.32,374.82,74.44,120.92,0.8665,-1,-1,-1
149,10,932.85,176.87,53.30,98.36,0.8169,-1,-1,-1
149,11,852.09,238.25,49.23,96.68,0.8549,-1,-1,-1
149,13,641.47,450.54,73.69,136.10,0.8282,-1,-1,-1
149,14,629.21,315.00,70.84,110.26,0.7810,-1,-1,-1
149,15,1141.60,62.67,37.13,60.34,0.8615,-1,-1,-1
149,16,656.69,397.95,71.97,114.88,0.6413,-1,-1,-1
149,17,803.24,269.04,60.46,100.97,0.8827,-1,-1,-1
149,18,1095.92,96.49,39.06,69.78,0.8542,-1,-1,-1
149,19,1052.79,99.10,40.46,70.68,0.8303,-1,-1,-1
149,20,1516.27,83.85,33.42,36.62,0.4354,-1,-1,-1
149,21,618.87,873.56,97.11,82.69,0.5044,-1,-1,-1
149,24,1313.37,12.27,19.97,19.34,0.4252,-1,-1,-1
149,32,326.08,705.76,123.38,151.41,0.8491,-1,-1,-1
149,33,360.97,498.31,94.16,151.47,0.8412,-1,-1,-1
149,44,70.44,744.71,173.06,242.40,0.9067,-1,-1,-1
149,45,541.54,520.33,68.34,142.75,0.8911,-1,-1,-1
149,55,613.38,799.18,132.21,156.04,0.7825,-1,-1,-1
149,58,315.94,612.28,118.51,172.07,0.9108,-1,-1,-1
149,63,176.25,573.46,109.43,167.94,0.9207,-1,-1,-1
149,68,228.48,801.55,145.67,182.47,0.8704,-1,-1,-1
149,69,80.04,667.39,122.34,180.17,0.8474,-1,-1,-1
149,73,594.68,517.59,90.88,164.54,0.8680,-1,-1,-1
149,84,958.02,160.99,48.93,81.78,0.7911,-1,-1,-1
150,1,405.09,418.22,82.32,137.38,0.8732,-1,-1,-1
150,2,675.38,822.21,179.19,139.50,0.9546,-1,-1,-1
150,3,633.21,378.89,51.51,123.18,0.5192,-1,-1,-1
150,4,897.64,240.19,51.25,95.77,0.8040,-1,-1,-1
150,5,401.34,151.44,50.13,78.11,0.8833,-1,-1,-1
150,7,714.08,493.12,89.08,154.25,0.7886,-1,-1,-1
150,8,476.38,374.20,73.82,120.46,0.8517,-1,-1,-1
150,10,933.71,178.26,52.55,97.43,0.8288,-1,-1,-1
150,11,853.13,238.41,49.24,96.42,0.8571,-1,-1,-1
150,13,643.00,453.88,73.45,134.84,0.8302,-1,-1,-1
150,14,630.06,314.73,70.77,110.57,0.7663,-1,-1,-1
150,15,1142.25,62.58,37.11,60.25,0.8568,-1,-1,-1
150,16,658.28,392.75,75.13,121.04,0.5734,-1,-1,-1
150,17,804.24,268.16,60.07,100.24,0.8831,-1,-1,-1
150,18,1096.42,95.22,39.56,70.87,0.8778,-1,-1,-1
150,19,1052.27,99.32,41.22,71.83,0.8131,-1,-1,-1
150,20,1516.86,83.85,33.18,36.55,0.5051,-1,-1,-1
150,21,625.14,886.25,84.33,70.53,0.5043,-1,-1,-1
150,24,1313.49,12.53,20.46,19.89,0.3393,-1,-1,-1
150,32,328.02,704.50,125.74,153.41,0.8879,-1,-1,-1
150,33,363.27,497.57,93.88,151.58,0.8443,-1,-1,-1
150,44,71.60,741.96,173.27,245.00,0.8983,-1,-1,-1
150,45,542.93,519.31,68.37,143.09,0.8715,-1,-1,-1
150,55,616.28,800.08,130.74,155.71,0.6860,-1,-1,-1
150,58,319.97,611.68,116.83,169.59,0.8944,-1,-1,-1
150,63,180.06,573.03,109.80,167.91,0.9065,-1,-1,-1
150,68,229.43,801.13,145.94,182.20,0.8573,-1,-1,-1
150,69,85.39,666.16,122.02,180.30,0.8524,-1,-1,-1
150,73,595.91,517.16,91.18,163.50,0.8601,-1,-1,-1
150,84,958.86,160.65,48.95,82.30,0.8104,-1,-1,-1
151,1,408.08,417.64,82.66,138.15,0.8986,-1,-1,-1
151,2,676.99,827.53,174.57,135.29,0.9557,-1,-1,-1
151,3,634.62,380.67,50.63,122.36,0.3349,-1,-1,-1
151,4,897.88,239.85,51.61,96.20,0.7879,-1,-1,-1
151,5,402.99,151.08,49.77,77.12,0.8771,-1,-1,-1
151,7,718.74,486.88,90.77,158.10,0.7667,-1,-1,-1
151,8,480.08,373.78,73.94,120.24,0.8871,-1,-1,-1
151,10,933.69,178.05,52.34,97.60,0.8147,-1,-1,-1
151,11,853.95,237.90,49.61,96.98,0.8488,-1,-1,-1
151,13,644.08,453.94,74.34,135.44,0.8299,-1,-1,-1
151,14,632.23,314.52,70.95,111.29,0.7588,-1,-1,-1
151,15,1143.58,63.58,36.35,58.58,0.8500,-1,-1,-1
151,16,645.31,373.97,85.35,137.54,0.5884,-1,-1,-1
151,17,804.63,267.00,60.38,100.75,0.8995,-1,-1,-1
151,18,1097.15,95.85,39.66,71.34,0.8770,-1,-1,-1
151,19,1052.62,99.01,41.83,72.82,0.8161,-1,-1,-1
151,20,1517.18,84.16,32.67,36.04,0.5012,-1,-1,-1
151,21,620.39,876.48,95.00,80.72,0.5408,-1,-1,-1
151,24,1313.40,12.65,20.54,20.03,0.3773,-1,-1,-1
151,32,328.79,701.54,128.93,156.77,0.9076,-1,-1,-1
151,33,366.14,496.75,93.51,151.24,0.8596,-1,-1,-1
151,44,73.81,743.76,170.59,243.07,0.8918,-1,-1,-1
151,45,543.78,517.68,68.51,143.74,0.8545,-1,-1,-1
151,55,615.05,801.31,128.01,154.81,0.7791,-1,-1,-1
151,58,324.57,608.51,115.58,167.54,0.8718,-1,-1,-1
151,63,183.70,571.04,109.95,167.91,0.8894,-1,-1,-1
151,68,230.41,799.38,146.77,183.02,0.7508,-1,-1,-1
151,69,88.74,665.26,121.91,179.64,0.8723,-1,-1,-1
151,73,596.01,517.61,91.93,163.50,0.8566,-1,-1,-1
151,84,959.93,160.50,48.44,82.01,0.8012,-1,-1,-1
152,1,411.44,418.32,81.45,136.28,0.9101,-1,-1,-1
152,2,677.04,829.14,174.59,134.87,0.9512,-1,-1,-1
152,3,663.47,396.19,50.18,114.57,0.3022,-1,-1,-1
152,4,898.72,238.52,51.79,96.65,0.8393,-1,-1,-1
152,5,404.65,150.27,50.49,78.13,0.8823,-1,-1,-1
152,7,721.41,489.02,89.70,155.42,0.7681,-1,-1,-1
152,8,482.18,373.23,73.28,119.18,0.8930,-1,-1,-1
152,10,934.65,178.22,52.19,97.31,0.8330,-1,-1,-1
152,11,855.41,237.96,49.20,96.39,0.8826,-1,-1,-1
152,13,645.15,448.52,77.79,140.89,0.7917,-1,-1,-1
152,14,633.83,313.06,72.05,113.61,0.7734,-1,-1,-1
152,15,1144.29,63.53,36.66,58.79,0.8494,-1,-1,-1
152,16,640.41,368.00,87.36,141.07,0.6040,-1,-1,-1
152,17,805.50,266.45,60.41,100.79,0.9094,-1,-1,-1
152,18,1097.71,94.74,40.01,72.16,0.8845,-1,-1,-1
152,19,1053.02,98.91,42.00,73.06,0.8393,-1,-1,-1
152,20,1517.73,84.27,32.38,35.68,0.5222,-1,-1,-1
152,21,626.77,890.14,81.16,67.23,0.4348,-1,-1,-1
152,24,1313.87,13.11,20.37,19.78,0.3144,-1,-1,-1
152,32,329.58,698.74,131.18,159.66,0.9077,-1,-1,-1
152,33,368.65,496.90,92.62,150.14,0.8612,-1,-1,-1
152,44,81.19,764.10,157.46,223.06,0.9127,-1,-1,-1
152,45,545.25,517.76,68.08,143.27,0.8795,-1,-1,-1
152,55,624.59,801.17,129.72,155.28,0.7142,-1,-1,-1
152,58,328.14,607.36,115.00,166.78,0.8591,-1,-1,-1
152,63,187.65,569.95,109.42,166.74,0.8995,-1,-1,-1
152,68,231.57,799.68,146.74,182.49,0.8642,-1,-1,-1
152,69,95.05,664.93,120.57,178.39,0.8836,-1,-1,-1
152,73,596.12,517.57,92.70,163.37,0.8879,-1,-1,-1
152,84,961.21,159.79,48.89,83.23,0.8271,-1,-1,-1
153,1,415.75,417.71,81.57,135.94,0.8721,-1,-1,-1
153,2,675.78,830.21,175.60,135.50,0.9549,-1,-1,-1
153,3,669.22,397.80,49.51,113.06,1.0000,-1,-1,-1
153,4,900.04,238.62,50.73,94.62,0.8750,-1,-1,-1
153,5,406.71,149.54,51.51,79.58,0.9000,-1,-1,-1
153,7,727.27,488.18,84.74,147.75,0.7855,-1,-1,-1
153,8,483.61,372.69,73.18,119.12,0.8967,-1,-1,-1
153,10,935.81,178.83,51.86,96.71,0.8231,-1,-1,-1
153,11,856.90,237.91,48.92,95.70,0.8965,-1,-1,-1
153,13,649.59,449.43,78.36,139.52,0.7904,-1,-1,-1
153,14,636.53,312.64,70.71,112.02,0.7791,-1,-1,-1
153,15,1145.18,63.20,36.98,59.02,0.8694,-1,-1,-1
153,16,641.36,367.97,86.28,138.62,0.7842,-1,-1,-1
153,17,806.28,265.45,60.61,100.86,0.9167,-1,-1,-1
153,18,1098.76,93.56,40.17,72.83,0.9031,-1,-1,-1
153,19,1054.75,100.53,40.59,70.69,0.8409,-1,-1,-1
153,20,1517.81,84.17,32.43,35.65,0.5077,-1,-1,-1
153,21,624.40,884.18,88.89,73.89,0.4757,-1,-1,-1
153,24,1313.63,13.10,20.93,20.33,0.3760,-1,-1,-1
153,32,330.84,695.86,133.31,162.54,0.8823,-1,-1,-1
153,33,371.93,495.69,93.11,150.71,0.8444,-1,-1,-1
153,44,75.58,739.86,172.12,246.73,0.8852,-1,-1,-1
153,45,546.16,517.49,67.83,142.58,0.8874,-1,-1,-1
153,55,618.45,802.07,127.58,154.94,0.8106,-1,-1,-1
153,58,333.22,606.54,114.61,166.30,0.8463,-1,-1,-1
153,63,190.91,567.59,110.20,167.92,0.9151,-1,-1,-1
153,68,231.93,799.95,147.31,182.59,0.9003,-1,-1,-1
153,69,101.09,664.21,119.16,176.23,0.8803,-1,-1,-1
153,73,596.57,517.63,92.99,162.53,0.8532,-1,-1,-1
153,84,964.02,159.74,48.19,82.01,0.8574,-1,-1,-1
154,1,419.01,415.92,83.57,138.33,0.8976,-1,-1,-1
154,2,677.88,834.69,174.12,133.65,0.9406,-1,-1,-1
154,3,674.98,399.42,48.85,111.54,1.0000,-1,-1,-1
154,4,900.59,236.96,51.06,94.85,0.8437,-1,-1,-1
154,5,408.87,148.66,51.24,79.08,0.8978,-1,-1,-1
154,7,725.45,487.19,86.44,148.55,0.7908,-1,-1,-1
154,8,486.39,371.93,73.60,119.15,0.8991,-1,-1,-1
154,10,936.27,178.61,51.91,96.85,0.8075,-1,-1,-1
154,11,857.91,237.43,49.04,95.34,0.8870,-1,-1,-1
154,13,651.81,452.33,77.44,136.35,0.7742,-1,-1,-1
154,14,637.00,312.24,70.98,113.25,0.7367,-1,-1,-1
154,15,1146.29,64.35,36.51,57.76,0.8441,-1,-1,-1
154,16,643.00,368.40,85.67,136.53,0.7254,-1,-1,-1
154,17,806.45,264.61,60.99,101.17,0.8977,-1,-1,-1
154,18,1099.98,92.92,39.79,72.56,0.8838,-1,-1,-1
154,19,1055.17,99.75,40.65,71.09,0.8263,-1,-1,-1
154,20,1517.72,83.60,32.65,35.81,0.5181,-1,-1,-1
154,21,617.21,868.75,105.46,89.79,0.3785,-1,-1,-1
154,24,1313.65,12.97,21.12,20.54,0.3650,-1,-1,-1
154,32,330.29,689.38,137.63,168.48,0.8600,-1,-1,-1
154,33,374.28,494.71,94.01,152.17,0.8365,-1,-1,-1
154,44,74.52,730.73,176.09,255.41,0.9030,-1,-1,-1
154,45,547.10,516.18,67.77,142.53,0.8708,-1,-1,-1
154,55,633.89,801.96,132.05,155.56,0.7499,-1,-1,-1
154,58,336.71,604.01,114.30,165.94,0.8598,-1,-1,-1
154,63,194.05,565.77,110.60,168.70,0.9174,-1,-1,-1
154,68,232.79,799.83,147.47,182.43,0.9169,-1,-1,-1
154,69,98.15,664.23,120.78,176.96,0.8885,-1,-1,-1
154,73,596.36,517.12,93.77,162.82,0.8557,-1,-1,-1
154,84,965.47,158.96,47.93,81.41,0.8340,-1,-1,-1
154,88,2.60,805.12,25.59,272.37,0.5384,-1,-1,-1
155,1,422.83,415.98,82.65,136.43,0.8729,-1,-1,-1
155,2,676.56,833.56,177.54,136.12,0.9359,-1,-1,-1
155,3,680.73,401.03,48.18,110.02,1.0000,-1,-1,-1
155,4,901.85,236.17,50.83,94.14,0.8473,-1,-1,-1
155,5,411.44,147.39,51.09,78.96,0.8779,-1,-1,-1
155,7,726.52,485.88,85.96,145.93,0.8078,-1,-1,-1
155,8,489.46,370.44,73.28,118.52,0.8992,-1,-1,-1
155,10,936.17,177.80,52.16,97.47,0.8250,-1,-1,-1
155,11,858.43,235.91,49.62,96.01,0.9032,-1,-1,-1
155,13,654.17,453.37,78.25,135.79,0.8168,-1,-1,-1
155,14,637.52,310.86,70.76,113.74,0.7205,-1,-1,-1
155,15,1146.63,63.21,37.15,58.47,0.8669,-1,-1,-1
155,16,644.01,366.42,87.58,139.58,0.7912,-1,-1,-1
155,17,807.46,264.42,60.96,101.19,0.9072,-1,-1,-1
155,18,1100.74,92.49,39.22,71.84,0.8695,-1,-1,-1
155,19,1055.27,98.90,41.08,72.02,0.8384,-1,-1,-1
155,20,1517.58,82.87,32.79,35.87,0.5071,-1,-1,-1
155,21,608.16,849.61,123.62,109.27,0.4096,-1,-1,-1
155,24,1313.44,11.80,21.91,21.47,0.3811,-1,-1,-1
155,32,323.74,662.12,156.18,195.40,0.8148,-1,-1,-1
155,33,376.32,494.17,93.42,151.36,0.8708,-1,-1,-1
155,44,77.09,729.17,175.08,256.02,0.8002,-1,-1,-1
155,45,547.53,514.50,68.28,143.99,0.8640,-1,-1,-1
155,55,634.79,802.50,134.17,155.35,0.6936,-1,-1,-1
155,58,342.11,603.72,112.98,164.79,0.7815,-1,-1,-1
155,63,199.18,564.01,109.81,167.03,0.9394,-1,-1,-1
155,68,233.48,800.45,146.99,181.26,0.8656,-1,-1,-1
155,69,107.61,663.68,115.73,169.58,0.8557,-1,-1,-1
155,73,597.23,517.47,93.23,161.07,0.8810,-1,-1,-1
155,84,967.15,158.79,47.07,80.11,0.8495,-1,-1,-1
155,88,5.13,805.22,26.06,272.66,0.5132,-1,-1,-1
156,1,425.44,416.23,82.45,135.49,0.8774,-1,-1,-1
156,2,678.41,838.32,173.62,132.55,0.9497,-1,-1,-1
156,3,686.48,402.64,47.51,108.51,1.0000,-1,-1,-1
156,4,902.81,235.26,50.94,94.08,0.8541,-1,-1,-1
156,5,413.68,147.15,50.37,77.84,0.8641,-1,-1,-1
156,7,732.35,482.92,86.78,146.89,0.7621,-1,-1,-1
156,8,491.02,368.93,74.08,120.02,0.9020,-1,-1,-1
156,10,936.59,178.42,52.00,97.15,0.8337,-1,-1,-1
156,11,858.40,235.28,50.33,97.09,0.8974,-1,-1,-1
156,13,656.31,455.12,78.70,134.64,0.8094,-1,-1,-1
156,14,639.74,311.27,69.99,113.03,0.7351,-1,-1,-1
156,15,1147.97,61.90,37.88,59.49,0.8689,-1,-1,-1
156,16,646.51,368.75,87.85,139.73,0.8144,-1,-1,-1
156,17,808.58,264.75,60.38,100.26,0.9105,-1,-1,-1
156,18,1101.59,92.34,38.95,71.41,0.8681,-1,-1,-1
156,19,1055.30,98.29,41.46,72.90,0.8361,-1,-1,-1
156,20,1517.56,82.54,32.85,35.86,0.4736,-1,-1,-1
156,21,614.54,861.56,109.71,97.87,0.4956,-1,-1,-1
156,24,1313.44,11.29,21.99,21.70,0.3521,-1,-1,-1
156,32,321.81,649.69,162.72,207.85,0.8208,-1,-1,-1
156,33,378.43,493.49,93.34,151.14,0.8908,-1,-1,-1
156,44,79.80,735.86,169.52,249.25,0.8871,-1,-1,-1
156,45,547.78,513.10,68.85,145.58,0.8647,-1,-1,-1
156,55,622.94,804.25,131.75,154.29,0.8059,-1,-1,-1
156,58,344.07,605.37,112.66,163.83,0.8193,-1,-1,-1
156,63,203.21,562.60,109.82,166.71,0.9340,-1,-1,-1
156,68,234.12,800.54,147.09,180.97,0.9110,-1,-1,-1
156,69,113.09,664.42,114.17,167.47,0.8773,-1,-1,-1
156,73,600.28,519.78,92.06,157.60,0.8974,-1,-1,-1
156,84,969.00,158.86,46.31,78.79,0.8533,-1,-1,-1
156,88,6.36,800.27,27.13,277.63,0.5067,-1,-1,-1
157,1,427.01,415.01,83.37,136.70,0.8849,-1,-1,-1
157,2,676.71,838.43,175.07,133.64,0.9471,-1,-1,-1
157,3,692.24,404.25,46.85,106.99,1.0000,-1,-1,-1
157,4,903.68,233.65,51.30,94.71,0.8196,-1,-1,-1
157,5,415.30,147.86,49.65,76.68,0.8526,-1,-1,-1
157,7,742.32,480.88,86.56,147.74,0.8217,-1,-1,-1
157,8,491.97,368.50,73.56,119.64,0.8906,-1,-1,-1
157,10,937.15,179.17,50.86,94.76,0.8445,-1,-1,-1
157,11,858.60,234.17,51.02,98.36,0.8839,-1,-1,-1
157,13,657.58,459.53,77.62,130.57,0.7705,-1,-1,-1
157,14,640.46,310.15,69.66,113.13,0.7521,-1,-1,-1
157,15,1148.72,60.89,38.83,60.79,0.8512,-1,-1,-1
157,16,657.96,379.34,82.23,131.57,0.6616,-1,-1,-1
157,17,809.59,264.77,59.95,99.69,0.9054,-1,-1,-1
157,18,1101.19,92.73,38.63,70.48,0.8748,-1,-1,-1
157,19,1055.40,98.25,41.72,73.76,0.8154,-1,-1,-1
157,20,1517.36,82.37,32.98,35.97,0.5015,-1,-1,-1
157,21,613.21,857.02,113.33,103.11,0.4108,-1,-1,-1
157,24,1313.06,10.87,22.27,22.13,0.4273,-1,-1,-1
157,32,320.82,634.82,170.52,223.35,0.8797,-1,-1,-1
157,33,379.71,492.32,93.29,151.50,0.8722,-1,-1,-1
157,44,79.54,729.78,172.09,255.13,0.8696,-1,-1,-1
157,45,549.51,512.93,68.88,145.26,0.8879,-1,-1,-1
157,55,623.75,808.33,129.25,150.96,0.7257,-1,-1,-1
157,58,347.78,606.17,111.67,161.96,0.8316,-1,-1,-1
157,63,208.38,561.45,108.66,164.85,0.9230,-1,-1,-1
157,68,235.06,800.75,147.21,180.46,0.8864,-1,-1,-1
157,69,116.65,664.39,112.62,165.16,0.8875,-1,-1,-1
157,73,600.95,520.26,92.56,156.99,0.9033,-1,-1,-1
157,84,969.42,157.45,46.51,79.20,0.8450,-1,-1,-1
157,88,7.33,781.06,29.82,297.27,0.6118,-1,-1,-1
157,89,1274.10,53.80,17.71,21.23,0.3138,-1,-1,-1
158,1,429.33,415.23,82.79,135.73,0.8992,-1,-1,-1
158,2,672.94,834.83,180.10,137.96,0.9557,-1,-1,-1
158,3,697.99,405.86,46.18,105.47,1.0000,-1,-1,-1
158,4,904.78,232.51,50.99,94.00,0.8258,-1,-1,-1
158,5,417.54,146.60,49.92,77.35,0.8430,-1,-1,-1
158,7,747.75,477.26,86.59,149.09,0.8131,-1,-1,-1
158,8,493.64,368.21,73.75,120.23,0.8976,-1,-1,-1
158,10,937.36,180.44,50.13,93.18,0.8342,-1,-1,-1
158,11,859.74,233.48,51.32,98.72,0.8705,-1,-1,-1
158,13,657.18,457.99,78.92,131.47,0.8004,-1,-1,-1
158,14,644.06,308.84,69.16,111.59,0.7952,-1,-1,-1
158,15,1149.21,60.30,39.34,61.46,0.8611,-1,-1,-1
158,16,660.78,380.47,81.87,131.43,0.6649,-1,-1,-1
158,17,810.41,264.32,60.08,100.03,0.9081,-1,-1,-1
158,18,1101.41,92.62,38.84,70.71,0.8523,-1,-1,-1
158,19,1055.69,98.25,41.79,73.87,0.8213,-1,-1,-1
158,20,1517.86,82.53,32.51,35.34,0.4544,-1,-1,-1
158,21,614.67,859.37,110.18,101.61,0.3304,-1,-1,-1
158,24,1312.93,10.39,22.75,22.86,0.5183,-1,-1,-1
158,32,325.27,636.99,166.14,221.88,0.8953,-1,-1,-1
158,33,382.02,492.34,92.70,150.70,0.9060,-1,-1,-1
158,44,81.41,731.18,169.87,253.45,0.8389,-1,-1,-1
158,45,550.17,513.09,68.90,145.03,0.9054,-1,-1,-1
158,55,626.87,807.08,132.89,153.60,0.5054,-1,-1,-1
158,58,350.21,606.46,112.31,163.13,0.8340,-1,-1,-1
158,63,210.96,558.70,109.45,165.92,0.9273,-1,-1,-1
158,68,236.28,800.78,147.58,180.47,0.9003,-1,-1,-1
158,69,119.17,665.03,112.53,164.70,0.8866,-1,-1,-1
158,73,601.81,520.83,92.68,155.59,0.8819,-1,-1,-1
158,84,970.34,156.83,46.44,79.09,0.8533,-1,-1,-1
158,88,8.34,768.37,32.12,310.06,0.3953,-1,-1,-1
158,89,1274.01,53.84,17.85,21.40,1.0000,-1,-1,-1
159,1,431.28,414.97,82.55,135.53,0.9003,-1,-1,-1
159,2,670.30,831.62,184.95,142.66,0.9505,-1,-1,-1
159,3,703.74,407.48,45.52,103.95,1.0000,-1,-1,-1
159,4,905.23,231.92,51.47,94.52,0.8449,-1,-1,-1
159,5,419.55,145.60,50.24,78.10,0.8799,-1,-1,-1
159,7,751.40,473.46,83.46,145.11,0.7408,-1,-1,-1
159,8,496.33,368.30,73.37,119.58,0.9019,-1,-1,-1
159,10,937.81,180.76,50.11,92.68,0.8513,-1,-1,-1
159,11,860.46,234.11,50.86,97.60,0.8727,-1,-1,-1
159,13,656.90,457.24,80.19,132.24,0.7887,-1,-1,-1
159,14,646.19,308.07,69.60,111.70,0.7437,-1,-1,-1
159,15,1149.58,60.02,39.37,61.52,0.8743,-1,-1,-1
159,16,663.54,382.35,80.92,129.41,0.6365,-1,-1,-1
159,17,811.56,264.24,60.31,100.45,0.9069,-1,-1,-1
159,18,1101.14,91.68,39.21,71.35,0.8242,-1,-1,-1
159,19,1055.82,97.75,42.05,74.32,0.8005,-1,-1,-1
159,20,1517.94,82.75,32.20,34.82,0.4832,-1,-1,-1
159,21,613.59,857.36,112.92,104.14,1.0000,-1,-1,-1
159,24,1313.15,10.50,22.27,22.55,0.5252,-1,-1,-1
159,32,329.27,639.25,162.19,220.08,0.9032,-1,-1,-1
159,33,385.13,492.11,91.85,148.92,0.8873,-1,-1,-1
159,44,81.50,725.97,171.92,258.76,0.8114,-1,-1,-1
159,45,551.81,512.25,69.68,145.70,0.8986,-1,-1,-1
159,55,627.66,814.34,129.34,147.80,0.6627,-1,-1,-1
159,58,351.00,603.55,115.44,167.87,0.8023,-1,-1,-1
159,63,214.76,556.90,109.69,166.08,0.9099,-1,-1,-1
159,68,235.96,800.51,148.02,180.63,0.8820,-1,-1,-1
159,69,120.49,665.88,113.01,164.17,0.8858,-1,-1,-1
159,73,603.35,520.83,93.32,155.33,0.9045,-1,-1,-1
159,84,971.20,156.01,47.09,80.07,0.8530,-1,-1,-1
159,88,8.97,762.98,33.85,314.98,0.3042,-1,-1,-1
159,89,1273.92,53.88,18.00,21.58,1.0000,-1,-1,-1
160,1,434.72,415.21,82.52,135.02,0.9015,-1,-1,-1
160,2,668.38,828.40,188.44,146.39,0.9550,-1,-1,-1
160,3,709.50,409.09,44.85,102.44,1.0000,-1,-1,-1
160,4,905.91,231.68,52.17,95.31,0.8324,-1,-1,-1
160,5,421.60,146.23,49.48,76.79,0.8764,-1,-1,-1
160,7,754.76,471.14,83.65,146.39,0.8269,-1,-1,-1
160,8,497.43,369.17,71.82,117.82,0.8994,-1,-1,-1
160,10,937.99,180.72,50.65,93.14,0.8700,-1,-1,-1
160,11,861.01,233.64,51.09,97.69,0.8775,-1,-1,-1
160,13,656.23,457.20,80.31,131.17,0.7733,-1,-1,-1
160,14,646.91,307.79,70.37,112.75,0.7073,-1,-1,-1
160,15,1150.16,60.09,39.42,61.66,0.8638,-1,-1,-1
160,16,663.06,384.86,80.07,126.59,0.6507,-1,-1,-1
160,17,812.31,264.16,60.57,100.92,0.9076,-1,-1,-1
160,18,1101.29,91.28,39.45,71.71,0.8333,-1,-1,-1
160,19,1055.93,97.54,42.29,74.65,0.8066,-1,-1,-1
160,20,1518.16,82.76,32.44,35.01,0.4682,-1,-1,-1
160,21,612.51,855.35,115.66,106.67,1.0000,-1,-1,-1
160,24,1313.66,10.54,21.98,22.38,0.5848,-1,-1,-1
160,32,333.05,642.62,157.36,216.48,0.9033,-1,-1,-1
160,33,387.26,492.42,91.14,147.58,0.8722,-1,-1,-1
160,44,84.81,732.95,167.10,252.13,0.7537,-1,-1,-1
160,45,553.03,512.75,70.00,145.14,0.8939,-1,-1,-1
160,55,623.78,817.56,127.21,145.01,0.6872,-1,-1,-1
160,58,349.61,602.12,119.81,174.57,0.8097,-1,-1,-1
160,63,217.13,555.74,109.84,165.81,0.9009,-1,-1,-1
160,68,236.06,800.26,148.26,180.57,0.8842,-1,-1,-1
160,69,122.04,666.97,113.48,164.06,0.9048,-1,-1,-1
160,73,604.45,521.21,93.25,153.87,0.8726,-1,-1,-1
160,84,971.81,155.56,46.66,78.95,0.8422,-1,-1,-1
160,88,9.36,755.26,36.05,322.89,0.3924,-1,-1,-1
160,89,1273.83,53.91,18.14,21.75,1.0000,-1,-1,-1
161,1,437.14,414.46,83.23,135.22,0.8786,-1,-1,-1
161,2,670.77,832.25,183.48,142.92,0.9593,-1,-1,-1
161,3,715.25,410.70,44.18,100.92,1.0000,-1,-1,-1
161,4,906.72,231.72,51.97,94.37,0.8376,-1,-1,-1
161,5,423.08,145.31,49.49,76.81,0.8736,-1,-1,-1
161,7,757.87,468.66,82.77,145.96,0.7649,-1,-1,-1
161,8,501.65,368.95,71.26,117.25,0.8978,-1,-1,-1
161,10,937.95,180.50,50.65,92.59,0.8738,-1,-1,-1
161,11,861.89,233.39,51.04,97.28,0.8402,-1,-1,-1
161,13,656.19,458.78,79.57,128.95,0.7629,-1,-1,-1
161,14,647.64,307.37,71.22,114.15,0.7520,-1,-1,-1
161,15,1151.78,60.53,38.99,61.05,0.8573,-1,-1,-1
161,16,668.24,388.76,77.74,122.60,0.5331,-1,-1,-1
161,17,814.22,264.16,60.41,100.65,0.9035,-1,-1,-1
161,18,1100.56,90.24,39.78,72.09,0.8466,-1,-1,-1
161,19,1056.22,97.45,41.70,73.35,0.8279,-1,-1,-1
161,20,1518.14,82.32,33.05,35.72,0.4853,-1,-1,-1
161,21,611.43,853.35,118.40,109.20,1.0000,-1,-1,-1
161,24,1314.07,10.40,21.73,22.18,0.5174,-1,-1,-1
161,32,335.94,641.35,156.26,218.35,0.9021,-1,-1,-1
161,33,389.18,490.87,91.57,148.33,0.8679,-1,-1,-1
161,44,86.52,733.68,165.70,250.85,0.7989,-1,-1,-1
161,45,555.09,511.88,70.74,144.78,0.8679,-1,-1,-1
161,55,621.08,817.61,127.65,145.25,0.8050,-1,-1,-1
161,58,354.60,600.17,118.35,171.95,0.7648,-1,-1,-1
161,63,219.04,553.61,110.88,167.18,0.9046,-1,-1,-1
161,68,236.79,798.88,148.88,181.31,0.8801,-1,-1,-1
161,69,123.21,668.87,113.46,162.62,0.8987,-1,-1,-1
161,73,603.91,521.12,93.59,153.75,0.8766,-1,-1,-1
161,84,972.83,155.08,47.05,79.58,0.8489,-1,-1,-1
161,88,9.38,755.38,37.33,321.27,0.3566,-1,-1,-1
161,89,1273.74,53.95,18.29,21.92,1.0000,-1,-1,-1
162,1,439.60,412.94,83.64,135.56,0.8818,-1,-1,-1
162,2,674.41,836.91,178.20,138.83,0.9589,-1,-1,-1
162,3,721.00,412.31,43.52,99.40,1.0000,-1,-1,-1
162,4,907.62,231.41,51.92,93.53,0.8368,-1,-1,-1
162,5,424.38,144.85,49.55,76.93,0.8763,-1,-1,-1
162,7,761.64,467.08,78.70,138.80,0.7870,-1,-1,-1
162,8,504.60,369.09,71.25,116.96,0.8931,-1,-1,-1
162,10,938.10,180.39,50.84,92.28,0.8827,-1,-1,-1
162,11,862.45,233.45,51.12,97.05,0.8431,-1,-1,-1
162,13,655.04,458.71,79.34,127.94,0.6983,-1,-1,-1
162,14,649.95,307.78,70.50,112.67,0.7717,-1,-1,-1
162,15,1152.56,60.52,38.95,61.01,0.8337,-1,-1,-1
162,16,663.35,381.15,82.50,129.58,0.7335,-1,-1,-1
162,17,815.87,264.22,60.36,100.21,0.9005,-1,-1,-1
162,18,1100.59,90.68,39.57,71.39,0.8394,-1,-1,-1
162,19,1056.57,97.55,41.22,72.25,0.8387,-1,-1,-1
162,20,1518.22,82.28,33.04,35.73,0.4638,-1,-1,-1
162,21,610.35,851.34,121.14,111.73,1.0000,-1,-1,-1
162,24,1314.32,10.43,21.41,21.89,0.5316,-1,-1,-1
162,32,337.20,637.28,156.82,222.76,0.8963,-1,-1,-1
162,33,390.27,489.90,91.88,148.97,0.8590,-1,-1,-1
162,44,88.22,735.55,164.00,249.13,0.7392,-1,-1,-1
162,45,555.95,512.17,71.64,144.63,0.8564,-1,-1,-1
162,55,619.53,817.61,128.65,146.30,0.8023,-1,-1,-1
162,58,359.38,601.70,116.40,168.05,0.7794,-1,-1,-1
162,63,222.02,552.66,110.84,166.81,0.9169,-1,-1,-1
162,68,236.79,797.91,149.53,182.05,0.8772,-1,-1,-1
162,69,126.43,670.40,113.46,160.99,0.9185,-1,-1,-1
162,73,604.44,521.03,94.18,153.75,0.8685,-1,-1,-1
162,84,973.25,153.62,47.58,80.65,0.8567,-1,-1,-1
162,88,8.50,740.96,40.29,335.88,0.5327,-1,-1,-1
162,89,1273.65,53.98,18.43,22.10,1.0000,-1,-1,-1
163,1,443.33,412.87,82.92,134.08,0.8705,-1,-1,-1
163,2,675.57,838.56,176.54,137.55,0.9578,-1,-1,-1
163,3,726.76,413.93,42.85,97.89,1.0000,-1,-1,-1
163,4,908.30,230.87,51.95,93.09,0.8613,-1,-1,-1
163,5,425.52,144.74,50.07,77.74,0.8498,-1,-1,-1
163,7,766.65,466.42,75.79,133.59,0.7781,-1,-1,-1
163,8,508.12,368.25,71.75,117.31,0.9015,-1,-1,-1
163,10,938.65,180.53,50.27,90.65,0.8754,-1,-1,-1
163,11,864.15,234.65,50.05,94.25,0.8618,-1,-1,-1
163,13,655.13,451.66,83.19,133.81,0.6842,-1,-1,-1
163,14,652.31,308.52,69.22,110.48,0.7856,-1,-1,-1
163,15,1152.77,60.83,38.90,60.94,0.8409,-1,-1,-1
163,16,663.01,376.91,84.88,133.34,0.7111,-1,-1,-1
163,17,816.67,263.20,61.01,101.28,0.8986,-1,-1,-1
163,18,1099.74,89.56,40.26,72.40,0.8354,-1,-1,-1
163,19,1056.78,97.59,41.24,71.96,0.8320,-1,-1,-1
163,20,1518.19,82.45,32.98,35.64,0.4665,-1,-1,-1
163,21,609.27,849.33,123.88,114.26,1.0000,-1,-1,-1
163,24,1314.52,10.66,21.08,21.52,0.4900,-1,-1,-1
163,32,339.96,635.78,156.35,225.38,0.8991,-1,-1,-1
163,33,392.11,489.33,91.56,148.40,0.8374,-1,-1,-1
163,44,87.49,729.03,166.99,255.27,0.8444,-1,-1,-1
163,45,556.40,512.32,71.79,143.44,0.8557,-1,-1,-1
163,55,617.51,817.75,128.84,146.94,0.8298,-1,-1,-1
163,58,369.76,601.66,111.59,161.78,0.8429,-1,-1,-1
163,63,225.86,550.61,111.04,167.43,0.9169,-1,-1,-1
163,68,237.35,796.42,150.57,183.59,0.8921,-1,-1,-1
163,69,128.81,672.49,113.86,159.62,0.9093,-1,-1,-1
163,73,606.36,521.22,94.66,153.40,0.8718,-1,-1,-1
163,84,974.09,153.12,47.56,80.86,0.8602,-1,-1,-1
163,88,8.75,735.10,42.55,342.12,0.6615,-1,-1,-1
163,89,1273.56,54.02,18.57,22.27,1.0000,-1,-1,-1
164,1,444.42,412.09,83.49,135.68,0.8735,-1,-1,-1
164,2,676.27,841.68,173.32,134.55,0.9595,-1,-1,-1
164,3,732.51,415.54,42.19,96.37,1.0000,-1,-1,-1
164,4,908.45,229.73,52.53,93.89,0.8405,-1,-1,-1
164,5,426.90,144.19,50.01,77.48,0.8722,-1,-1,-1
164,7,769.17,464.19,77.17,136.13,0.7840,-1,-1,-1
164,8,510.16,367.96,71.69,116.81,0.8966,-1,-1,-1
164,10,939.01,180.08,50.83,91.60,0.8682,-1,-1,-1
164,11,864.93,234.56,50.11,93.59,0.8464,-1,-1,-1
164,13,654.85,448.62,84.92,136.45,0.7472,-1,-1,-1
164,14,653.68,308.80,68.89,110.10,0.8145,-1,-1,-1
164,15,1153.30,60.88,38.70,60.67,0.8253,-1,-1,-1
164,16,660.77,367.30,88.53,139.84,0.6025,-1,-1,-1
164,17,817.27,263.34,60.56,100.40,0.8964,-1,-1,-1
164,18,1099.56,89.58,40.25,72.02,0.8246,-1,-1,-1
164,19,1056.90,97.55,41.40,72.03,0.8277,-1,-1,-1
164,20,1518.36,82.58,32.66,35.25,0.4308,-1,-1,-1
164,21,608.19,847.33,126.61,116.79,1.0000,-1,-1,-1
164,24,1314.55,10.49,20.97,21.43,0.5255,-1,-1,-1
164,32,341.86,633.91,155.94,227.91,0.9056,-1,-1,-1
164,33,393.13,486.74,92.31,150.04,0.8644,-1,-1,-1
164,44,89.88,731.53,165.49,253.32,0.7574,-1,-1,-1
164,45,557.60,512.33,70.44,139.63,0.8945,-1,-1,-1
164,55,616.32,817.92,128.94,147.53,0.8504,-1,-1,-1
164,58,377.17,602.08,109.60,159.70,0.8531,-1,-1,-1
164,63,228.83,550.60,110.01,166.16,0.9019,-1,-1,-1
164,68,236.94,795.09,151.50,185.13,0.8621,-1,-1,-1
164,69,131.56,673.27,114.58,159.43,0.9049,-1,-1,-1
164,73,607.17,520.20,95.47,153.59,0.8522,-1,-1,-1
164,84,974.53,152.75,47.72,81.25,0.8652,-1,-1,-1
164,88,9.68,730.25,45.07,347.74,0.5932,-1,-1,-1
164,89,1273.47,54.06,18.72,22.44,1.0000,-1,-1,-1
165,1,445.72,412.05,83.04,136.23,0.8610,-1,-1,-1
165,2,677.07,843.87,170.86,132.09,0.9631,-1,-1,-1
165,3,738.26,417.15,41.52,94.85,1.0000,-1,-1,-1
165,4,909.28,229.32,52.02,92.81,0.8561,-1,-1,-1
165,5,429.33,142.03,51.13,79.42,0.8637,-1,-1,-1
165,7,771.20,459.64,80.29,142.15,0.7952,-1,-1,-1
165,8,510.95,364.90,72.21,118.29,0.8944,-1,-1,-1
165,10,939.99,180.27,50.36,90.57,0.8551,-1,-1,-1
165,11,864.67,234.87,50.56,93.84,0.8578,-1,-1,-1
165,13,654.79,445.12,86.98,139.44,0.7875,-1,-1,-1
165,14,656.51,307.10,69.04,110.27,0.8484,-1,-1,-1
165,15,1154.70,59.76,38.78,60.78,0.8437,-1,-1,-1
165,16,662.52,360.92,91.68,145.18,0.7927,-1,-1,-1
165,17,818.36,261.80,61.13,101.13,0.8835,-1,-1,-1
165,18,1099.44,89.35,40.18,71.35,0.8444,-1,-1,-1
165,19,1057.43,97.78,40.75,70.65,0.8412,-1,-1,-1
165,20,1518.95,82.53,32.25,34.68,0.4204,-1,-1,-1
165,21,607.11,845.32,129.35,119.32,1.0000,-1,-1,-1
165,24,1314.69,10.56,20.09,20.54,0.4498,-1,-1,-1
165,32,342.62,629.37,156.78,233.14,0.9022,-1,-1,-1
165,33,394.84,485.46,92.07,150.41,0.8701,-1,-1,-1
165,44,91.64,732.84,163.81,251.29,0.8842,-1,-1,-1
165,45,557.92,512.28,70.79,139.73,0.8878,-1,-1,-1
165,55,615.88,817.01,129.35,148.44,0.8144,-1,-1,-1
165,58,381.26,601.57,108.80,159.19,0.8694,-1,-1,-1
165,63,230.47,547.54,110.81,167.89,0.9103,-1,-1,-1
165,68,237.97,794.63,150.64,184.30,0.9158,-1,-1,-1
165,69,132.86,673.18,115.42,159.17,0.9060,-1,-1,-1
165,73,608.09,519.47,96.44,153.95,0.8716,-1,-1,-1
165,84,976.65,152.75,47.12,80.06,0.8712,-1,-1,-1
165,88,11.84,732.76,47.28,345.83,0.6498,-1,-1,-1
165,89,1273.38,54.09,18.86,22.61,1.0000,-1,-1,-1
166,1,449.08,412.82,82.04,135.33,0.9026,-1,-1,-1
166,2,674.88,841.21,174.40,134.81,0.9566,-1,-1,-1
166,3,744.02,418.76,40.86,93.34,1.0000,-1,-1,-1
166,4,908.89,226.49,53.03,94.59,0.8447,-1,-1,-1
166,5,430.83,141.73,51.20,79.52,0.8760,-1,-1,-1
166,7,773.35,457.26,80.73,143.43,0.7539,-1,-1,-1
166,8,513.03,364.96,72.08,117.65,0.8840,-1,-1,-1
166,10,941.04,179.69,50.10,89.86,0.8505,-1,-1,-1
166,11,864.69,235.07,50.47,93.22,0.8341,-1,-1,-1
166,13,652.95,436.27,91.61,147.80,0.7340,-1,-1,-1
166,14,658.23,307.40,68.55,109.39,0.8345,-1,-1,-1
166,15,1155.53,59.57,38.75,60.52,0.8420,-1,-1,-1
166,16,663.11,357.94,92.34,146.81,0.8215,-1,-1,-1
166,17,818.96,260.52,61.43,101.55,0.8856,-1,-1,-1
166,18,1098.89,88.59,40.69,71.76,0.8446,-1,-1,-1
166,19,1057.76,96.75,40.83,70.85,0.8502,-1,-1,-1
166,20,1518.62,82.06,32.71,35.29,0.3752,-1,-1,-1
166,21,606.03,843.31,132.09,121.85,1.0000,-1,-1,-1
166,24,1315.09,10.62,19.24,19.55,0.3528,-1,-1,-1
166,32,345.78,632.23,153.32,230.90,0.9144,-1,-1,-1
166,33,396.28,483.68,92.30,151.62,0.8886,-1,-1,-1
166,44,94.56,737.56,160.23,245.99,0.8899,-1,-1,-1
166,45,557.99,512.25,71.53,140.70,0.8864,-1,-1,-1
166,55,622.20,816.05,132.50,149.84,0.7554,-1,-1,-1
166,58,384.05,602.48,107.58,157.82,0.8701,-1,-1,-1
166,63,233.85,545.58,110.34,168.21,0.9066,-1,-1,-1
166,68,239.09,794.85,148.89,182.23,0.9107,-1,-1,-1
166,69,134.94,672.56,116.24,159.16,0.8932,-1,-1,-1
166,73,609.03,520.07,96.69,152.88,0.8591,-1,-1,-1
166,84,977.41,150.88,47.60,80.93,0.8732,-1,-1,-1
166,88,12.31,737.22,49.09,341.51,0.6948,-1,-1,-1
166,89,1273.28,54.13,19.01,22.79,1.0000,-1,-1,-1
167,1,453.08,413.50,81.31,134.17,0.9055,-1,-1,-1
167,2,674.83,841.47,173.84,134.23,0.9531,-1,-1,-1
167,3,749.77,420.37,40.19,91.82,1.0000,-1,-1,-1
167,4,909.70,224.89,52.97,94.72,0.8472,-1,-1,-1
167,5,432.95,141.47,50.23,77.99,0.8724,-1,-1,-1
167,7,775.81,454.21,78.94,140.64,0.8162,-1,-1,-1
167,8,515.91,364.27,71.80,116.55,0.8940,-1,-1,-1
167,10,940.91,179.46,51.48,92.18,0.8652,-1,-1,-1
167,11,864.88,233.41,51.25,94.34,0.8429,-1,-1,-1
167,13,655.07,440.48,89.21,143.71,0.7610,-1,-1,-1
167,14,661.15,306.49,68.67,109.20,0.8317,-1,-1,-1
167,15,1156.14,59.48,38.86,60.61,0.8349,-1,-1,-1
167,16,664.23,357.77,92.39,147.10,0.7879,-1,-1,-1
167,17,820.03,260.23,60.98,100.98,0.8816,-1,-1,-1
167,18,1098.56,89.42,40.57,70.91,0.8311,-1,-1,-1
167,19,1058.68,97.61,40.41,69.78,0.8404,-1,-1,-1
167,20,1518.22,81.55,33.17,35.87,0.3678,-1,-1,-1
167,21,604.95,841.31,134.83,124.38,1.0000,-1,-1,-1
167,24,1315.25,10.58,19.04,19.34,1.0000,-1,-1,-1
167,32,352.14,641.72,145.24,219.89,0.8930,-1,-1,-1
167,33,398.97,483.73,91.67,151.42,0.8881,-1,-1,-1
167,44,99.16,744.65,155.58,238.08,0.9016,-1,-1,-1
167,45,559.54,510.98,72.88,142.08,0.8973,-1,-1,-1
167,55,631.30,817.35,135.73,148.75,0.7473,-1,-1,-1
167,58,386.87,598.12,108.25,159.22,0.8512,-1,-1,-1
167,63,237.99,543.49,110.10,168.40,0.9018,-1,-1,-1
167,68,241.15,792.94,148.65,182.11,0.9283,-1,-1,-1
167,69,137.10,671.17,117.53,160.20,0.8941,-1,-1,-1
167,73,610.33,517.19,98.75,155.00,0.8277,-1,-1,-1
167,84,979.71,150.39,46.80,79.68,0.8611,-1,-1,-1
167,88,13.90,745.17,50.86,333.55,0.7062,-1,-1,-1
167,89,1273.19,54.16,19.15,22.96,1.0000,-1,-1,-1
168,1,455.63,413.58,81.16,133.77,0.9024,-1,-1,-1
168,2,675.77,842.99,172.48,132.85,0.9550,-1,-1,-1
168,3,755.52,421.99,39.52,90.30,1.0000,-1,-1,-1
168,4,910.47,223.71,53.09,94.88,0.8468,-1,-1,-1
168,5,434.81,140.64,50.31,78.49,0.8634,-1,-1,-1
168,7,776.76,450.95,80.16,144.15,0.8413,-1,-1,-1
168,8,517.98,363.09,72.31,116.91,0.8931,-1,-1,-1
168,10,941.06,178.66,52.23,93.28,0.8370,-1,-1,-1
168,11,865.82,232.09,51.67,94.77,0.8593,-1,-1,-1
168,13,657.63,446.31,85.82,137.77,0.7560,-1,-1,-1
168,14,661.92,306.53,68.82,109.67,0.8111,-1,-1,-1
168,15,1157.33,58.98,38.64,60.40,0.8394,-1,-1,-1
168,16,665.68,360.37,90.86,144.77,0.7649,-1,-1,-1
168,17,820.17,259.73,61.10,101.32,0.8638,-1,-1,-1
168,18,1098.29,89.38,41.31,71.35,0.8103,-1,-1,-1
168,19,1059.53,96.81,41.02,70.43,0.8333,-1,-1,-1
168,20,1519.04,81.65,32.49,35.08,0.3601,-1,-1,-1
168,21,603.87,839.30,137.56,126.91,1.0000,-1,-1,-1
168,24,1315.41,10.53,18.83,19.13,1.0000,-1,-1,-1
168,32,360.05,661.03,132.47,199.37,0.9019,-1,-1,-1
168,33,400.83,483.66,91.33,151.56,0.8812,-1,-1,-1
168,44,103.31,750.58,151.59,230.64,0.9018,-1,-1,-1
168,45,560.10,510.13,73.42,142.69,0.9046,-1,-1,-1
168,55,626.75,817.28,137.39,149.02,0.7315,-1,-1,-1
168,58,388.76,594.51,109.48,161.58,0.8248,-1,-1,-1
168,63,241.48,541.62,110.11,168.78,0.9091,-1,-1,-1
168,68,241.94,791.71,148.79,182.43,0.9348,-1,-1,-1
168,69,138.15,669.60,118.65,161.14,0.8795,-1,-1,-1
168,73,611.15,515.36,100.99,156.98,0.8462,-1,-1,-1
168,84,981.83,150.11,46.26,79.07,0.8513,-1,-1,-1
168,88,14.01,743.66,53.92,335.62,0.7787,-1,-1,-1
168,89,1273.10,54.20,19.30,23.13,1.0000,-1,-1,-1
169,1,459.10,412.63,80.49,132.60,0.9047,-1,-1,-1
169,2,676.37,843.71,171.60,131.81,0.9581,-1,-1,-1
169,3,761.28,423.60,38.86,88.79,1.0000,-1,-1,-1
169,4,912.48,224.10,52.60,93.41,0.8695,-1,-1,-1
169,5,436.90,139.63,49.52,77.71,0.8391,-1,-1,-1
169,7,779.27,447.56,78.65,142.38,0.8566,-1,-1,-1
169,8,521.47,362.58,71.30,114.89,0.8707,-1,-1,-1
169,10,941.84,178.68,52.35,93.49,0.8262,-1,-1,-1
169,11,867.44,231.49,51.76,94.45,0.8470,-1,-1,-1
169,13,659.02,447.72,85.37,136.35,0.7760,-1,-1,-1
169,14,663.15,306.63,68.34,109.76,0.7581,-1,-1,-1
169,15,1158.83,59.80,38.00,59.21,0.8433,-1,-1,-1
169,16,667.64,363.63,87.30,139.47,0.7216,-1,-1,-1
169,17,821.30,259.60,60.89,101.01,0.8478,-1,-1,-1
169,18,1097.96,89.04,42.20,71.91,0.8146,-1,-1,-1
169,19,1060.12,96.21,41.10,70.16,0.8127,-1,-1,-1
169,20,1519.72,82.28,31.43,33.69,0.4032,-1,-1,-1
169,21,621.08,887.46,86.70,79.36,0.3082,-1,-1,-1
169,24,1315.58,10.49,18.62,18.92,1.0000,-1,-1,-1
169,32,362.97,660.67,131.68,197.79,0.9010,-1,-1,-1
169,33,404.12,481.81,92.01,152.97,0.8726,-1,-1,-1
169,44,105.18,748.92,152.78,231.80,0.9149,-1,-1,-1
169,45,561.91,509.19,73.66,143.43,0.8829,-1,-1,-1
169,55,616.54,816.28,136.77,150.07,0.7836,-1,-1,-1
169,58,393.51,593.89,108.90,161.21,0.8184,-1,-1,-1
169,63,245.99,538.68,110.12,169.24,0.8955,-1,-1,-1
169,68,244.43,791.39,147.35,180.42,0.9386,-1,-1,-1
169,69,140.55,666.29,120.78,163.52,0.8974,-1,-1,-1
169,73,611.37,515.94,100.75,155.92,0.8653,-1,-1,-1
169,84,983.62,150.11,46.01,78.76,0.8477,-1,-1,-1
169,88,14.29,743.35,56.80,335.66,0.8221,-1,-1,-1
169,89,1273.01,54.23,19.44,23.31,1.0000,-1,-1,-1
170,1,461.03,412.91,79.57,130.63,0.9012,-1,-1,-1
170,2,675.55,842.11,173.43,133.14,0.9547,-1,-1,-1
170,3,767.03,425.21,38.19,87.27,1.0000,-1,-1,-1
170,4,913.26,223.72,52.35,92.39,0.8746,-1,-1,-1
170,5,438.07,138.94,49.92,78.39,0.8683,-1,-1,-1
170,7,781.71,445.91,77.00,139.86,0.8406,-1,-1,-1
170,8,524.07,361.88,71.90,115.05,0.8732,-1,-1,-1
170,10,942.31,177.79,52.02,92.73,0.8318,-1,-1,-1
170,11,867.91,231.00,52.24,94.82,0.8672,-1,-1,-1
170,13,659.77,448.94,84.71,134.89,0.7569,-1,-1,-1
170,14,664.46,305.52,68.33,110.41,0.7731,-1,-1,-1
170,15,1159.42,60.29,37.63,58.45,0.8431,-1,-1,-1
170,16,669.46,364.94,88.01,140.42,0.7840,-1,-1,-1
170,17,822.18,258.89,60.93,101.42,0.8426,-1,-1,-1
170,18,1097.77,90.02,42.19,70.74,0.8120,-1,-1,-1
170,19,1060.62,96.22,41.16,69.99,0.8142,-1,-1,-1
170,20,1519.39,82.39,31.29,33.45,0.3820,-1,-1,-1
170,21,621.18,888.63,86.01,78.72,1.0000,-1,-1,-1
170,24,1315.74,10.44,18.42,18.71,1.0000,-1,-1,-1
170,32,366.29,665.07,128.61,191.91,0.9101,-1,-1,-1
170,33,406.64,481.77,90.00,149.81,0.8823,-1,-1,-1
170,44,108.32,756.24,148.73,223.94,0.9183,-1,-1,-1
170,45,562.82,509.17,72.77,141.66,0.8815,-1,-1,-1
170,55,615.36,815.18,136.71,151.00,0.7746,-1,-1,-1
170,58,397.16,596.24,107.00,158.33,0.8342,-1,-1,-1
170,63,249.30,536.36,110.43,170.70,0.8994,-1,-1,-1
170,68,245.39,791.03,146.58,179.22,0.9370,-1,-1,-1
170,69,142.04,664.40,122.46,164.95,0.8955,-1,-1,-1
170,73,610.39,515.77,100.45,155.45,0.8761,-1,-1,-1
170,84,984.70,149.55,46.29,79.33,0.8419,-1,-1,-1
170,88,13.65,742.09,59.71,337.16,0.8604,-1,-1,-1
170,89,1272.92,54.27,19.59,23.48,1.0000,-1,-1,-1
171,1,463.59,411.04,79.81,131.10,0.9196,-1,-1,-1
171,2,675.62,842.47,173.58,133.03,0.9590,-1,-1,-1
171,3,772.78,426.82,37.53,85.75,1.0000,-1,-1,-1
171,4,915.66,222.82,51.79,90.84,0.8562,-1,-1,-1
171,5,441.13,138.21,49.46,77.70,0.8368,-1,-1,-1
171,7,783.11,441.38,77.97,142.80,0.8465,-1,-1,-1
171,8,527.60,360.56,72.75,115.82,0.9095,-1,-1,-1
171,10,943.26,176.73,51.97,92.75,0.8400,-1,-1,-1
171,11,869.28,230.12,52.70,95.05,0.8603,-1,-1,-1
171,13,659.02,449.74,83.74,133.46,0.7967,-1,-1,-1
171,14,667.59,306.13,67.23,108.87,0.7162,-1,-1,-1
171,15,1160.16,59.51,38.37,59.38,0.8453,-1,-1,-1
171,16,674.93,372.47,85.54,134.96,0.7683,-1,-1,-1
171,17,823.73,258.26,60.74,101.47,0.8423,-1,-1,-1
171,18,1096.42,88.92,42.90,70.71,0.8146,-1,-1,-1
171,19,1060.96,93.93,42.41,72.01,0.8213,-1,-1,-1
171,20,1520.29,83.00,30.56,32.34,0.4312,-1,-1,-1
171,21,621.28,889.79,85.31,78.09,1.0000,-1,-1,-1
171,24,1315.90,10.39,18.21,18.50,1.0000,-1,-1,-1
171,32,369.62,667.66,126.26,187.20,0.9140,-1,-1,-1
171,33,410.18,480.72,89.78,148.59,0.8789,-1,-1,-1
171,44,110.99,759.81,147.21,220.17,0.9173,-1,-1,-1
171,45,563.50,507.76,71.67,139.80,0.8118,-1,-1,-1
171,55,612.15,814.77,135.04,151.05,0.8060,-1,-1,-1
171,58,398.04,581.19,114.38,170.89,0.8546,-1,-1,-1
171,63,253.57,534.82,109.38,169.83,0.8777,-1,-1,-1
171,68,247.38,790.89,146.06,178.43,0.9365,-1,-1,-1
171,69,144.67,662.92,123.14,165.44,0.9045,-1,-1,-1
171,73,611.31,516.35,99.77,154.00,0.8399,-1,-1,-1
171,84,986.25,148.85,46.77,80.39,0.8469,-1,-1,-1
171,88,13.99,735.15,63.78,344.05,0.9017,-1,-1,-1
171,89,1272.83,54.31,19.73,23.65,1.0000,-1,-1,-1
172,1,466.57,409.85,80.06,131.68,0.9165,-1,-1,-1
172,2,674.61,840.72,174.95,134.03,0.9555,-1,-1,-1
172,3,778.54,428.44,36.86,84.24,1.0000,-1,-1,-1
172,4,917.18,222.46,51.76,90.21,0.8686,-1,-1,-1
172,5,443.08,137.35,49.58,78.08,0.8339,-1,-1,-1
172,7,785.01,439.17,77.94,143.37,0.8673,-1,-1,-1
172,8,529.90,359.57,72.58,115.33,0.9019,-1,-1,-1
172,10,943.20,176.31,52.41,93.71,0.8340,-1,-1,-1
172,11,870.36,229.50,52.72,94.30,0.8478,-1,-1,-1
172,13,659.07,449.91,83.18,132.86,0.7432,-1,-1,-1
172,14,670.08,305.88,67.05,108.65,0.6997,-1,-1,-1
172,15,1161.49,59.31,38.43,59.27,0.8545,-1,-1,-1
172,16,677.78,375.45,84.62,132.47,0.7578,-1,-1,-1
172,17,824.40,257.77,60.79,102.04,0.8258,-1,-1,-1
172,18,1096.18,88.36,43.41,70.44,0.8079,-1,-1,-1
172,19,1061.15,92.76,43.20,73.25,0.8164,-1,-1,-1
172,20,1520.54,83.07,30.88,32.55,0.4573,-1,-1,-1
172,21,621.38,890.95,84.61,77.45,1.0000,-1,-1,-1
172,24,1316.07,10.35,18.01,18.29,1.0000,-1,-1,-1
172,32,370.67,666.77,126.50,186.61,0.9116,-1,-1,-1
172,33,412.62,480.95,90.18,148.45,0.8838,-1,-1,-1
172,44,110.58,753.91,150.54,224.74,0.8914,-1,-1,-1
172,45,564.31,506.47,72.08,140.71,0.8511,-1,-1,-1
172,55,610.75,811.58,136.24,154.51,0.7476,-1,-1,-1
172,58,400.94,578.73,115.09,173.18,0.8544,-1,-1,-1
172,63,258.18,534.91,107.42,167.37,0.8959,-1,-1,-1
172,68,248.61,789.07,147.00,179.62,0.9314,-1,-1,-1
172,69,146.52,660.33,124.99,167.81,0.8969,-1,-1,-1
172,73,613.34,515.61,100.34,154.26,0.8421,-1,-1,-1
172,84,987.53,147.71,47.06,81.43,0.8493,-1,-1,-1
172,88,13.98,732.54,67.09,346.53,0.9114,-1,-1,-1
172,89,1272.74,54.34,19.87,23.83,1.0000,-1,-1,-1
173,1,468.73,408.44,79.69,131.69,0.8973,-1,-1,-1
173,2,674.06,838.35,177.72,136.36,0.9549,-1,-1,-1
173,3,784.29,430.05,36.20,82.72,1.0000,-1,-1,-1
173,4,918.67,220.99,52.15,90.82,0.8783,-1,-1,-1
173,5,445.47,136.88,49.56,78.08,0.8375,-1,-1,-1
173,7,787.90,436.01,78.27,144.72,0.8162,-1,-1,-1
173,8,531.11,358.00,73.77,117.39,0.8974,-1,-1,-1
173,10,943.29,175.48,52.46,94.26,0.8423,-1,-1,-1
173,11,872.15,229.13,53.65,95.05,0.8470,-1,-1,-1
173,13,661.70,449.17,83.32,133.06,0.7650,-1,-1,-1
173,14,671.16,305.62,68.94,112.71,0.6613,-1,-1,-1
173,15,1161.91,58.26,39.07,60.33,0.8770,-1,-1,-1
173,16,681.81,380.73,82.39,127.51,0.7555,-1,-1,-1
173,17,826.22,256.42,60.50,102.05,0.8233,-1,-1,-1
173,18,1095.47,87.75,43.81,70.10,0.8183,-1,-1,-1
173,19,1061.45,91.83,43.62,73.93,0.8107,-1,-1,-1
173,20,1520.04,81.63,31.87,33.57,0.4489,-1,-1,-1
173,21,617.57,881.28,91.39,84.97,0.3251,-1,-1,-1
173,24,1318.51,10.67,17.90,17.64,0.3202,-1,-1,-1
173,32,371.70,661.99,129.04,190.01,0.9062,-1,-1,-1
173,33,413.98,480.48,90.84,149.11,0.8887,-1,-1,-1
173,44,112.93,756.12,149.60,222.11,0.9070,-1,-1,-1
173,45,563.83,505.36,73.14,143.41,0.7896,-1,-1,-1
173,55,612.42,808.36,137.74,157.52,0.7481,-1,-1,-1
173,58,405.49,578.73,114.55,173.34,0.8368,-1,-1,-1
173,63,262.64,532.98,106.77,167.16,0.9203,-1,-1,-1
173,68,250.28,787.23,148.20,180.92,0.9186,-1,-1,-1
173,69,148.98,658.40,126.19,169.01,0.9098,-1,-1,-1
173,73,615.39,516.15,99.53,152.62,0.8405,-1,-1,-1
173,84,988.79,147.61,46.92,81.25,0.8725,-1,-1,-1
173,88,14.34,740.88,68.32,337.15,0.9101,-1,-1,-1
173,89,1272.65,54.38,20.02,24.00,1.0000,-1,-1,-1
174,1,470.75,407.19,79.96,132.31,0.8813,-1,-1,-1
174,2,673.77,836.98,178.38,137.04,0.9516,-1,-1,-1
174,3,790.04,431.66,35.53,81.20,1.0000,-1,-1,-1
174,4,919.22,219.70,52.47,91.30,0.8666,-1,-1,-1
174,5,446.70,136.35,49.55,77.82,0.8346,-1,-1,-1
174,7,789.52,432.63,78.69,146.29,0.7317,-1,-1,-1
174,8,533.62,357.35,73.06,115.81,0.9076,-1,-1,-1
174,10,943.81,174.79,52.13,94.01,0.8226,-1,-1,-1
174,11,872.73,228.73,54.05,94.97,0.8426,-1,-1,-1
174,13,662.56,448.61,83.54,133.56,0.8063,-1,-1,-1
174,14,670.30,305.38,67.62,112.18,0.7548,-1,-1,-1
174,15,1162.10,57.41,39.43,60.97,0.8862,-1,-1,-1
174,16,683.93,385.22,80.34,123.37,0.6971,-1,-1,-1
174,17,826.71,256.97,59.88,101.36,0.8117,-1,-1,-1
174,18,1094.43,87.76,43.94,69.18,0.8178,-1,-1,-1
174,19,1061.68,91.91,43.60,73.86,0.8047,-1,-1,-1
174,20,1519.00,80.46,32.80,34.70,0.4271,-1,-1,-1
174,21,620.83,887.43,85.24,78.49,0.3737,-1,-1,-1
174,24,1318.90,10.66,17.65,17.39,1.0000,-1,-1,-1
174,32,372.57,661.15,129.68,190.37,0.9086,-1,-1,-1
174,33,414.81,478.49,91.68,150.07,0.8967,-1,-1,-1
174,44,114.30,756.26,149.46,220.92,0.9294,-1,-1,-1
174,45,564.05,504.22,73.65,145.06,0.8167,-1,-1,-1
174,55,615.97,808.85,136.80,156.76,0.6773,-1,-1,-1
174,58,410.03,586.37,110.10,166.66,0.8373,-1,-1,-1
174,63,265.92,532.58,106.06,166.63,0.9166,-1,-1,-1
174,68,250.75,784.08,149.65,183.28,0.8818,-1,-1,-1
174,69,152.27,656.72,127.01,169.89,0.9061,-1,-1,-1
174,73,616.17,515.88,99.27,151.94,0.8334,-1,-1,-1
174,84,990.09,147.01,46.87,81.52,0.8632,-1,-1,-1
174,88,14.96,739.34,71.84,338.92,0.9237,-1,-1,-1
174,89,1272.56,54.41,20.16,24.17,1.0000,-1,-1,-1
175,1,475.00,403.84,81.54,134.70,0.8697,-1,-1,-1
175,2,676.14,839.27,175.08,134.40,0.9512,-1,-1,-1
175,3,795.80,433.27,34.87,79.69,1.0000,-1,-1,-1
175,4,920.11,218.46,52.60,91.91,0.8495,-1,-1,-1
175,5,448.45,135.78,49.75,78.29,0.8423,-1,-1,-1
175,7,792.26,430.59,76.22,142.22,0.8175,-1,-1,-1
175,8,537.21,356.33,72.95,115.53,0.8957,-1,-1,-1
175,10,945.26,173.93,51.67,93.67,0.8772,-1,-1,-1
175,11,873.55,227.28,54.38,95.53,0.8528,-1,-1,-1
175,13,663.93,447.55,83.53,133.82,0.8103,-1,-1,-1
175,14,674.26,304.21,67.70,112.69,0.7244,-1,-1,-1
175,15,1163.26,56.64,39.26,60.65,0.9006,-1,-1,-1
175,16,688.03,390.12,78.43,118.87,0.6963,-1,-1,-1
175,17,828.28,256.10,59.96,101.67,0.8391,-1,-1,-1
175,18,1092.78,87.74,44.38,68.76,0.8162,-1,-1,-1
175,19,1062.16,91.83,43.53,73.69,0.7839,-1,-1,-1
175,20,1518.61,79.67,33.18,35.25,0.3830,-1,-1,-1
175,21,612.27,865.85,104.74,100.13,0.3687,-1,-1,-1
175,24,1318.26,9.84,18.58,17.80,0.4202,-1,-1,-1
175,32,375.57,661.46,129.30,189.08,0.9040,-1,-1,-1
175,33,416.75,475.37,92.25,151.55,0.8851,-1,-1,-1
175,44,117.32,755.39,149.96,220.54,0.8195,-1,-1,-1
175,45,569.85,503.39,65.81,128.74,0.7069,-1,-1,-1
175,55,615.92,807.90,136.31,157.26,0.6902,-1,-1,-1
175,58,415.02,585.50,109.62,166.27,0.8592,-1,-1,-1
175,63,269.24,529.51,106.81,168.34,0.9141,-1,-1,-1
175,68,251.51,780.67,150.86,185.67,0.7372,-1,-1,-1
175,69,156.08,653.68,127.93,171.34,0.8924,-1,-1,-1
175,73,618.44,516.61,98.70,150.04,0.8087,-1,-1,-1
175,84,992.11,147.90,46.17,80.15,0.8586,-1,-1,-1
175,88,12.56,716.04,79.15,362.95,0.8220,-1,-1,-1
175,89,1272.47,54.45,20.31,24.35,1.0000,-1,-1,-1
176,1,478.73,400.78,82.68,136.51,0.9078,-1,-1,-1
176,2,678.47,841.52,173.02,132.59,0.9506,-1,-1,-1
176,3,801.55,434.88,34.20,78.17,1.0000,-1,-1,-1
176,4,921.49,218.19,52.36,91.65,0.8346,-1,-1,-1
176,5,449.45,135.69,49.47,77.88,0.8692,-1,-1,-1
176,7,795.03,428.35,73.77,137.79,0.8399,-1,-1,-1
176,8,538.87,354.96,73.07,115.88,0.9008,-1,-1,-1
176,10,945.96,173.44,51.77,94.23,0.8535,-1,-1,-1
176,11,873.68,226.65,54.20,95.03,0.8442,-1,-1,-1
176,13,664.69,445.86,83.94,134.87,0.8263,-1,-1,-1
176,14,675.77,304.70,66.95,112.19,0.7492,-1,-1,-1
176,15,1164.26,56.13,38.72,59.68,0.8932,-1,-1,-1
176,16,689.45,393.85,76.66,114.56,0.7079,-1,-1,-1
176,17,829.06,255.87,59.80,101.50,0.8295,-1,-1,-1
176,18,1092.25,87.16,45.13,68.90,0.8141,-1,-1,-1
176,19,1062.68,91.25,43.60,73.85,0.7833,-1,-1,-1
176,20,1519.29,79.20,32.99,35.00,0.4575,-1,-1,-1
176,21,610.92,863.44,107.40,102.67,1.0000,-1,-1,-1
176,24,1318.23,9.63,19.09,17.96,0.3974,-1,-1,-1
176,32,378.29,663.47,127.73,185.95,0.9028,-1,-1,-1
176,33,418.23,473.56,92.35,152.30,0.8892,-1,-1,-1
176,44,119.00,755.55,149.92,219.45,0.6571,-1,-1,-1
176,45,573.51,505.14,61.50,118.96,0.7294,-1,-1,-1
176,55,617.63,805.46,137.48,159.31,0.7357,-1,-1,-1
176,58,416.31,583.79,110.82,168.64,0.8583,-1,-1,-1
176,63,272.59,528.32,105.81,167.47,0.9236,-1,-1,-1
176,68,250.99,773.70,153.85,190.80,0.3769,-1,-1,-1
176,69,157.89,650.48,130.62,175.28,0.7671,-1,-1,-1
176,73,619.35,516.09,98.96,149.71,0.8231,-1,-1,-1
176,84,992.06,146.63,46.41,80.50,0.8460,-1,-1,-1
176,88,11.90,705.96,83.84,373.65,0.8482,-1,-1,-1
176,89,1272.38,54.49,20.45,24.52,1.0000,-1,-1,-1
177,1,481.80,399.09,82.48,135.97,0.9276,-1,-1,-1
177,2,678.29,840.12,174.67,134.02,0.9480,-1,-1,-1
177,3,807.30,436.50,33.54,76.65,1.0000,-1,-1,-1
177,4,923.12,216.57,52.73,92.60,0.8356,-1,-1,-1
177,5,451.99,135.14,48.96,76.76,0.8624,-1,-1,-1
177,7,798.25,425.56,73.11,136.62,0.8966,-1,-1,-1
177,8,542.07,353.63,72.79,115.43,0.8987,-1,-1,-1
177,10,947.10,173.24,51.99,94.55,0.8270,-1,-1,-1
177,11,873.86,225.84,54.07,94.83,0.8659,-1,-1,-1
177,13,666.72,447.11,82.72,132.88,0.8046,-1,-1,-1
177,14,678.12,303.63,66.34,111.86,0.7502,-1,-1,-1
177,15,1165.18,56.33,38.33,59.16,0.9097,-1,-1,-1
177,16,689.09,388.42,81.30,120.57,0.7301,-1,-1,-1
177,17,830.59,254.51,59.05,100.96,0.8079,-1,-1,-1
177,18,1091.53,86.08,45.71,69.06,0.8143,-1,-1,-1
177,19,1062.95,89.85,43.82,74.15,0.7731,-1,-1,-1
177,20,1519.61,78.78,32.77,34.72,0.4404,-1,-1,-1
177,21,609.58,861.03,110.06,105.22,1.0000,-1,-1,-1
177,24,1318.05,9.23,19.70,18.38,0.5587,-1,-1,-1
177,32,381.24,664.11,126.61,183.17,0.8946,-1,-1,-1
177,33,419.89,472.06,93.50,154.89,0.9039,-1,-1,-1
177,44,121.95,754.91,149.44,217.78,0.8232,-1,-1,-1
177,45,570.89,503.93,70.06,136.14,0.8265,-1,-1,-1
177,55,615.93,803.99,137.57,160.73,0.7065,-1,-1,-1
177,58,419.34,578.64,113.25,173.50,0.8421,-1,-1,-1
177,63,276.55,526.05,104.93,166.60,0.9092,-1,-1,-1
177,68,251.91,769.14,155.20,193.96,0.6033,-1,-1,-1
177,69,159.29,648.18,130.76,175.70,0.8222,-1,-1,-1
177,73,620.50,514.20,100.53,151.28,0.8486,-1,-1,-1
177,84,993.58,144.81,46.84,81.44,0.8483,-1,-1,-1
177,88,14.00,720.77,83.70,358.17,0.8129,-1,-1,-1
177,89,1272.29,54.52,20.60,24.69,1.0000,-1,-1,-1
178,1,483.72,397.43,82.39,135.57,0.9270,-1,-1,-1
178,2,679.91,841.31,172.38,132.23,0.9448,-1,-1,-1
178,3,813.05,438.11,32.87,75.14,1.0000,-1,-1,-1
178,4,924.03,215.34,52.26,92.09,0.8536,-1,-1,-1
178,5,453.31,135.18,49.72,77.95,0.8590,-1,-1,-1
178,7,800.26,422.83,69.69,129.42,0.8588,-1,-1,-1
178,8,544.46,352.34,73.30,116.02,0.9209,-1,-1,-1
178,10,948.50,172.89,51.47,93.86,0.8653,-1,-1,-1
178,11,873.67,225.39,54.26,95.11,0.8463,-1,-1,-1
178,13,668.44,447.83,82.23,131.55,0.8625,-1,-1,-1
178,14,681.24,303.11,65.75,110.91,0.7609,-1,-1,-1
178,15,1165.30,56.43,38.16,59.21,0.9140,-1,-1,-1
178,16,687.90,381.94,85.88,127.40,0.5925,-1,-1,-1
178,17,831.82,253.15,58.84,101.10,0.8097,-1,-1,-1
178,18,1089.62,85.24,44.71,67.18,0.7690,-1,-1,-1
178,19,1063.19,88.95,43.91,74.13,0.7432,-1,-1,-1
178,20,1519.96,78.66,32.53,34.27,0.4446,-1,-1,-1
178,21,608.23,858.62,112.71,107.77,1.0000,-1,-1,-1
178,24,1317.92,8.79,20.02,18.61,0.5745,-1,-1,-1
178,32,382.96,664.13,126.56,181.62,0.9067,-1,-1,-1
178,33,423.65,471.44,92.62,153.51,0.8665,-1,-1,-1
178,44,124.20,755.05,148.68,215.75,0.8208,-1,-1,-1
178,45,571.15,504.11,72.33,140.96,0.8105,-1,-1,-1
178,55,614.78,804.93,135.65,159.83,0.7193,-1,-1,-1
178,58,423.67,582.15,110.30,168.64,0.8428,-1,-1,-1
178,63,279.01,523.62,105.02,167.47,0.9137,-1,-1,-1
178,68,249.89,759.96,160.57,203.18,0.6800,-1,-1,-1
178,69,161.01,646.67,130.19,175.03,0.8288,-1,-1,-1
178,73,619.64,511.59,102.13,153.26,0.8244,-1,-1,-1
178,84,994.36,145.08,46.42,80.84,0.8556,-1,-1,-1
178,88,16.00,735.11,84.14,344.35,0.8208,-1,-1,-1
178,89,1272.20,54.56,20.74,24.87,1.0000,-1,-1,-1
179,1,487.79,395.35,82.28,135.17,0.9094,-1,-1,-1
179,2,679.92,840.49,173.18,132.88,0.9483,-1,-1,-1
179,3,818.81,439.72,32.21,73.62,1.0000,-1,-1,-1
179,4,925.86,215.70,51.40,90.40,0.8654,-1,-1,-1
179,5,455.63,134.60,50.66,79.53,0.8475,-1,-1,-1
179,7,804.08,419.91,64.35,118.39,0.8567,-1,-1,-1
179,8,547.99,351.97,74.08,117.18,0.9034,-1,-1,-1
179,10,949.44,171.85,51.23,93.53,0.8689,-1,-1,-1
179,11,874.31,223.20,54.93,96.50,0.8356,-1,-1,-1
179,13,668.74,445.17,83.30,132.89,0.8666,-1,-1,-1
179,14,685.47,301.79,65.38,109.47,0.8038,-1,-1,-1
179,15,1167.25,54.23,39.14,60.93,0.8881,-1,-1,-1
179,16,684.39,364.32,94.07,141.36,0.7232,-1,-1,-1
179,17,832.55,251.67,59.03,101.60,0.8267,-1,-1,-1
179,18,1087.19,83.53,45.30,68.22,0.7442,-1,-1,-1
179,19,1064.05,87.76,43.62,74.34,0.7147,-1,-1,-1
179,20,1520.71,77.92,32.05,33.47,0.5506,-1,-1,-1
179,21,606.89,856.21,115.37,110.31,1.0000,-1,-1,-1
179,24,1317.86,8.52,20.24,18.69,0.4871,-1,-1,-1
179,32,385.42,663.68,126.95,181.08,0.9094,-1,-1,-1
179,33,426.31,470.88,92.30,153.00,0.8985,-1,-1,-1
179,44,153.42,753.42,155.97,213.63,0.6241,-1,-1,-1
179,45,572.19,503.47,72.85,142.17,0.8355,-1,-1,-1
179,55,608.47,804.28,133.79,161.23,0.6928,-1,-1,-1
179,58,428.25,582.95,107.69,164.15,0.8745,-1,-1,-1
179,63,283.92,521.37,104.81,167.88,0.9149,-1,-1,-1
179,68,255.17,766.76,153.73,194.95,0.7259,-1,-1,-1
179,69,165.11,644.18,130.59,175.75,0.8589,-1,-1,-1
179,73,620.93,507.89,104.25,156.42,0.8508,-1,-1,-1
179,84,996.21,144.31,46.04,80.66,0.8480,-1,-1,-1
179,88,18.21,744.11,86.04,335.57,0.8201,-1,-1,-1
179,89,1272.11,54.59,20.89,25.04,1.0000,-1,-1,-1
180,1,489.98,394.23,82.18,134.49,0.8912,-1,-1,-1
180,2,679.31,839.45,174.51,134.02,0.9464,-1,-1,-1
180,3,824.56,441.33,31.54,72.10,1.0000,-1,-1,-1
180,4,926.70,215.05,50.86,89.30,0.8481,-1,-1,-1
180,5,456.83,133.66,51.27,80.70,0.8545,-1,-1,-1
180,7,804.01,416.39,72.02,133.10,0.8720,-1,-1,-1
180,8,549.75,351.03,73.47,116.33,0.9136,-1,-1,-1
180,10,950.01,171.09,51.14,93.30,0.8651,-1,-1,-1
180,11,874.76,221.54,55.09,97.05,0.8335,-1,-1,-1
180,13,668.99,445.39,82.85,131.63,0.8593,-1,-1,-1
180,14,687.95,300.62,65.68,109.33,0.7915,-1,-1,-1
180,15,1168.22,53.48,39.42,61.41,0.8852,-1,-1,-1
180,16,683.34,357.75,94.81,144.57,0.6886,-1,-1,-1
180,17,832.93,251.72,58.61,100.68,0.8337,-1,-1,-1
180,18,1084.90,81.20,45.72,69.39,0.7584,-1,-1,-1
180,19,1064.50,85.80,43.94,75.54,0.7352,-1,-1,-1
180,20,1520.44,77.47,32.41,33.58,0.5318,-1,-1,-1
180,21,613.93,861.79,107.69,105.69,0.3990,-1,-1,-1
180,24,1317.79,8.32,20.10,18.46,0.4804,-1,-1,-1
180,32,387.28,663.85,127.05,180.27,0.9189,-1,-1,-1
180,33,426.80,469.87,92.52,153.94,0.8951,-1,-1,-1
180,44,138.53,754.80,154.16,211.05,0.8721,-1,-1,-1
180,45,572.64,503.84,72.54,141.77,0.8288,-1,-1,-1
180,55,615.71,805.99,132.48,159.78,0.6263,-1,-1,-1
180,58,429.71,583.58,107.25,163.32,0.8381,-1,-1,-1
180,63,286.60,519.63,104.05,167.28,0.9049,-1,-1,-1
180,68,256.98,767.32,151.61,192.94,0.7880,-1,-1,-1
180,69,166.74,641.70,131.14,176.80,0.8744,-1,-1,-1
180,73,621.70,505.29,105.57,158.51,0.8425,-1,-1,-1
180,84,997.51,143.49,45.88,80.76,0.8436,-1,-1,-1
180,88,18.50,747.81,88.87,331.63,0.8299,-1,-1,-1
180,89,1272.02,54.63,21.03,25.21,1.0000,-1,-1,-1
181,1,492.05,392.23,82.37,135.41,0.9092,-1,-1,-1
181,2,681.73,841.38,172.27,132.11,0.9377,-1,-1,-1
181,3,830.31,442.95,30.88,70.59,1.0000,-1,-1,-1
181,4,927.11,213.26,50.88,89.07,0.8774,-1,-1,-1
181,5,457.96,132.36,51.02,80.58,0.8735,-1,-1,-1
181,7,805.24,413.49,73.58,136.62,0.8790,-1,-1,-1
181,8,551.64,349.11,74.35,118.14,0.9111,-1,-1,-1
181,10,951.63,169.99,51.00,93.09,0.8551,-1,-1,-1
181,11,875.70,221.04,54.95,96.76,0.8362,-1,-1,-1
181,13,667.66,437.26,86.61,138.37,0.8571,-1,-1,-1
181,14,690.68,299.63,65.37,108.45,0.8070,-1,-1,-1
181,15,1168.67,53.53,39.24,60.91,0.8751,-1,-1,-1
181,16,686.65,358.56,95.34,145.80,0.6164,-1,-1,-1
181,17,833.93,250.71,58.40,100.26,0.8230,-1,-1,-1
181,18,1083.75,80.54,45.72,69.00,0.7368,-1,-1,-1
181,19,1065.37,83.48,44.40,77.33,0.6609,-1,-1,-1
181,20,1520.29,76.88,32.58,33.65,0.4896,-1,-1,-1
181,21,616.85,863.56,104.63,104.08,0.4000,-1,-1,-1
181,24,1317.91,7.65,20.22,18.49,0.4683,-1,-1,-1
181,32,389.18,663.59,126.55,178.71,0.9177,-1,-1,-1
181,33,429.67,467.86,91.63,152.72,0.8628,-1,-1,-1
181,44,134.97,754.49,152.51,208.67,0.8322,-1,-1,-1
181,45,574.05,502.89,71.99,140.89,0.8474,-1,-1,-1
181,55,624.56,808.40,132.44,157.44,0.6129,-1,-1,-1
181,58,432.59,584.56,106.48,161.17,0.8661,-1,-1,-1
181,63,289.89,516.34,103.01,165.92,0.8944,-1,-1,-1
181,68,257.03,761.18,153.41,196.21,0.7630,-1,-1,-1
181,69,170.31,639.05,131.36,177.53,0.8774,-1,-1,-1
181,73,621.41,504.62,105.40,158.48,0.8248,-1,-1,-1
181,84,998.40,142.80,45.96,80.85,0.8859,-1,-1,-1
181,88,18.27,746.12,92.76,332.39,0.7922,-1,-1,-1
181,89,1271.93,54.67,21.17,25.39,1.0000,-1,-1,-1
182,1,493.99,391.60,81.99,135.49,0.8930,-1,-1,-1
182,2,682.85,842.31,171.65,131.58,0.9355,-1,-1,-1
182,3,836.07,444.56,30.21,69.07,1.0000,-1,-1,-1
182,4,927.53,211.35,51.52,90.23,0.8775,-1,-1,-1
182,5,459.54,131.60,50.77,80.35,0.8580,-1,-1,-1
182,7,806.22,411.25,74.71,139.23,0.8464,-1,-1,-1
182,8,553.65,348.70,73.32,116.77,0.9087,-1,-1,-1
182,10,952.33,169.40,51.00,93.23,0.8746,-1,-1,-1
182,11,877.71,222.12,54.17,94.75,0.8655,-1,-1,-1
182,13,666.22,428.50,91.07,147.26,0.8269,-1,-1,-1
182,14,693.06,298.80,64.76,107.01,0.8272,-1,-1,-1
182,15,1169.18,54.14,38.55,59.67,0.8577,-1,-1,-1
182,16,684.15,351.37,96.01,149.23,0.6316,-1,-1,-1
182,17,833.89,250.08,58.62,100.62,0.8444,-1,-1,-1
182,18,1080.24,80.13,46.79,70.67,0.7150,-1,-1,-1
182,19,1065.81,82.52,44.65,77.78,1.0000,-1,-1,-1
182,20,1520.07,76.43,32.99,34.02,0.4768,-1,-1,-1
182,21,624.34,881.18,89.36,86.48,0.4754,-1,-1,-1
182,24,1318.49,7.41,20.17,18.39,0.4680,-1,-1,-1
182,32,390.46,662.33,126.95,178.66,0.9170,-1,-1,-1
182,33,432.01,468.10,90.46,150.58,0.8662,-1,-1,-1
182,44,132.56,753.11,152.10,208.63,0.9272,-1,-1,-1
182,45,575.65,501.26,72.85,142.46,0.8767,-1,-1,-1
182,55,620.62,808.42,132.04,157.53,0.5755,-1,-1,-1
182,58,434.72,586.26,106.45,160.00,0.8743,-1,-1,-1
182,63,293.12,514.27,102.15,164.86,0.8956,-1,-1,-1
182,68,257.75,757.49,154.03,198.14,0.8752,-1,-1,-1
182,69,173.16,637.58,131.55,178.30,0.8761,-1,-1,-1
182,73,623.21,503.20,105.42,158.78,0.8199,-1,-1,-1
182,84,999.28,142.12,46.08,81.26,0.8673,-1,-1,-1
182,88,18.78,752.43,94.67,325.13,0.8125,-1,-1,-1
182,89,1271.84,54.70,21.32,25.56,1.0000,-1,-1,-1
183,1,495.95,389.33,82.42,137.15,0.9033,-1,-1,-1
183,2,681.70,840.06,174.59,134.01,0.9343,-1,-1,-1
183,4,929.10,210.83,50.59,88.62,0.8438,-1,-1,-1
183,5,462.11,131.86,49.26,77.87,0.8609,-1,-1,-1
183,7,808.17,408.64,68.82,128.73,0.7919,-1,-1,-1
183,8,557.27,348.28,72.80,115.42,0.9158,-1,-1,-1
183,10,954.04,169.05,50.44,92.09,0.8631,-1,-1,-1
183,11,879.42,221.00,54.08,94.40,0.8864,-1,-1,-1
183,13,665.73,421.13,93.78,153.91,0.8130,-1,-1,-1
183,14,693.83,296.81,66.13,109.09,0.7502,-1,-1,-1
183,15,1169.50,53.03,39.03,60.42,0.8736,-1,-1,-1
183,16,686.56,349.23,95.42,150.19,0.6798,-1,-1,-1
183,17,833.75,248.77,59.07,101.47,0.8788,-1,-1,-1
183,18,1077.64,79.45,47.29,71.56,0.7062,-1,-1,-1
183,19,1066.25,81.56,44.91,78.22,1.0000,-1,-1,-1
183,20,1520.53,75.85,33.57,34.71,0.4880,-1,-1,-1
183,21,627.09,888.34,83.01,78.41,0.4827,-1,-1,-1
183,24,1319.79,7.16,20.04,18.38,0.4960,-1,-1,-1
183,32,393.50,661.24,126.82,177.82,0.9149,-1,-1,-1
183,33,434.07,465.43,91.04,151.07,0.8978,-1,-1,-1
183,44,134.51,752.72,151.61,207.38,0.9012,-1,-1,-1
183,45,576.55,501.03,72.49,142.18,0.8927,-1,-1,-1
183,55,620.02,808.89,130.95,156.29,0.6462,-1,-1,-1
183,58,437.98,584.96,106.71,159.64,0.9026,-1,-1,-1
183,63,298.83,512.54,101.14,163.44,0.9064,-1,-1,-1
183,68,263.08,766.55,147.27,188.62,0.8375,-1,-1,-1
183,69,177.12,635.60,131.03,178.53,0.8829,-1,-1,-1
183,73,624.14,501.48,106.17,160.34,0.8882,-1,-1,-1
183,84,1000.43,140.29,46.16,81.35,0.8333,-1,-1,-1
183,88,18.29,746.85,99.99,330.84,0.8265,-1,-1,-1
183,89,1271.75,54.74,21.46,25.73,1.0000,-1,-1,-1
184,1,499.81,388.64,81.20,135.71,0.9129,-1,-1,-1
184,2,681.15,838.14,176.94,135.99,0.9317,-1,-1,-1
184,4,929.59,209.03,50.99,89.27,0.8572,-1,-1,-1
184,5,463.19,131.01,48.48,76.49,0.8498,-1,-1,-1
184,7,810.12,407.18,69.74,130.56,0.7937,-1,-1,-1
184,8,559.52,346.33,73.61,116.49,0.9003,-1,-1,-1
184,10,955.42,168.69,50.36,91.39,0.8434,-1,-1,-1
184,11,880.60,222.27,52.99,92.14,0.8792,-1,-1,-1
184,13,667.87,427.79,89.58,147.45,0.8066,-1,-1,-1
184,14,695.30,296.38,65.18,107.18,0.7573,-1,-1,-1
184,15,1170.48,53.18,38.55,59.62,0.8690,-1,-1,-1
184,16,688.42,347.59,94.54,150.63,0.7323,-1,-1,-1
184,17,834.60,248.27,58.72,101.03,0.8680,-1,-1,-1
184,18,1074.53,77.91,50.00,75.79,0.7448,-1,-1,-1
184,19,1066.68,80.60,45.17,78.67,1.0000,-1,-1,-1
184,20,1521.29,76.08,33.30,34.50,0.4729,-1,-1,-1
184,21,629.50,896.63,74.65,68.11,0.4493,-1,-1,-1
184,24,1320.88,7.11,19.56,18.15,0.5301,-1,-1,-1
184,32,394.58,659.91,127.28,177.62,0.9120,-1,-1,-1
184,33,435.53,464.05,91.58,151.64,0.9035,-1,-1,-1
184,44,133.83,751.71,151.44,207.26,0.9110,-1,-1,-1
184,45,577.72,500.13,71.96,141.64,0.8912,-1,-1,-1
184,55,633.55,809.00,134.02,154.70,0.5403,-1,-1,-1
184,58,439.19,581.62,108.26,161.62,0.9045,-1,-1,-1
184,63,302.90,510.85,100.66,162.97,0.9123,-1,-1,-1
184,68,263.22,762.87,149.19,191.25,0.8025,-1,-1,-1
184,69,179.93,634.17,130.58,178.56,0.8836,-1,-1,-1
184,73,625.08,499.62,106.31,161.01,0.8397,-1,-1,-1
184,84,1001.15,138.69,46.25,81.53,0.8315,-1,-1,-1
184,88,17.28,741.01,105.18,336.78,0.8264,-1,-1,-1
184,89,1271.66,54.77,21.61,25.90,1.0000,-1,-1,-1
185,1,503.54,386.77,80.77,135.42,0.9145,-1,-1,-1
185,2,679.74,836.81,178.37,137.12,0.9476,-1,-1,-1
185,4,929.61,208.06,50.60,88.50,0.8354,-1,-1,-1
185,5,465.79,129.72,48.83,77.04,0.8566,-1,-1,-1
185,7,811.33,403.48,68.40,127.68,0.8233,-1,-1,-1
185,8,562.41,344.79,73.55,116.19,0.8951,-1,-1,-1
185,10,956.00,167.71,50.62,91.56,0.8399,-1,-1,-1
185,11,881.79,222.50,52.46,90.61,0.8766,-1,-1,-1
185,13,669.59,427.82,88.57,146.49,0.8041,-1,-1,-1
185,14,698.47,296.03,64.21,104.73,0.7561,-1,-1,-1
185,15,1172.49,52.33,38.80,60.04,0.8507,-1,-1,-1
185,16,693.89,354.91,89.55,143.10,0.8030,-1,-1,-1
185,17,836.19,248.90,57.54,99.13,0.8527,-1,-1,-1
185,18,1073.64,76.47,51.98,79.13,0.7225,-1,-1,-1
185,19,1067.12,79.64,45.42,79.12,1.0000,-1,-1,-1
185,20,1521.94,75.78,33.13,34.27,0.4791,-1,-1,-1
185,21,630.98,901.04,71.02,62.53,0.5215,-1,-1,-1
185,24,1321.53,7.62,18.82,17.50,0.5768,-1,-1,-1
185,32,396.56,658.51,127.55,177.56,0.9166,-1,-1,-1
185,33,438.97,464.78,89.04,147.00,0.8953,-1,-1,-1
185,44,135.41,749.07,152.65,208.90,0.7474,-1,-1,-1
185,45,579.40,496.86,72.82,143.68,0.8943,-1,-1,-1
185,55,631.23,809.09,134.76,153.40,0.5429,-1,-1,-1
185,58,442.50,580.66,108.48,161.63,0.9187,-1,-1,-1
185,63,308.71,509.77,99.80,160.99,0.9174,-1,-1,-1
185,68,260.11,752.36,155.24,200.54,0.5818,-1,-1,-1
185,69,182.73,631.65,129.81,178.25,0.8028,-1,-1,-1
185,73,625.41,495.55,107.49,163.86,0.8576,-1,-1,-1
185,84,1002.33,137.21,46.09,81.54,0.8023,-1,-1,-1
185,88,15.87,732.70,110.53,344.11,0.8252,-1,-1,-1
185,89,1271.57,54.81,21.75,26.08,1.0000,-1,-1,-1
186,1,506.84,385.79,80.44,135.13,0.9006,-1,-1,-1
186,2,678.81,835.50,179.76,138.34,0.9416,-1,-1,-1
186,4,929.74,206.87,50.90,88.83,0.8596,-1,-1,-1
186,5,467.38,129.39,48.13,75.77,0.8635,-1,-1,-1
186,7,811.85,400.12,64.17,119.65,0.8101,-1,-1,-1
186,8,564.31,343.67,73.08,115.54,0.8839,-1,-1,-1
186,10,956.46,166.28,50.97,92.19,0.8227,-1,-1,-1
186,11,881.91,221.75,52.95,91.30,0.8538,-1,-1,-1
186,13,670.06,426.62,88.53,147.36,0.7915,-1,-1,-1
186,14,697.68,294.48,65.10,106.67,0.7448,-1,-1,-1
186,15,1172.99,51.53,39.15,60.73,0.8614,-1,-1,-1
186,16,696.41,355.95,88.82,142.35,0.7381,-1,-1,-1
186,17,837.15,247.73,57.44,99.34,0.8547,-1,-1,-1
186,18,1072.74,75.27,53.06,81.00,0.7311,-1,-1,-1
186,19,1067.56,78.68,45.68,79.56,1.0000,-1,-1,-1
186,20,1521.51,75.12,33.39,34.59,0.4880,-1,-1,-1
186,21,631.86,902.72,70.46,59.87,0.5429,-1,-1,-1
186,24,1321.84,8.03,18.27,16.92,0.5293,-1,-1,-1
186,32,398.18,657.80,127.47,176.70,0.9293,-1,-1,-1
186,33,439.89,464.13,88.44,146.02,0.8965,-1,-1,-1
186,44,135.98,747.10,153.49,210.06,0.7310,-1,-1,-1
186,45,579.54,495.35,72.59,144.19,0.8968,-1,-1,-1
186,55,635.74,811.15,135.59,150.26,0.5935,-1,-1,-1
186,58,444.78,577.88,108.59,162.01,0.8912,-1,-1,-1
186,63,311.66,507.12,100.50,161.67,0.9309,-1,-1,-1
186,68,259.14,747.45,157.32,204.86,0.6134,-1,-1,-1
186,69,185.62,630.31,130.14,179.40,0.8213,-1,-1,-1
186,73,624.17,489.17,109.24,168.27,0.8288,-1,-1,-1
186,84,1003.17,136.28,45.23,80.01,0.7931,-1,-1,-1
186,88,14.05,722.14,116.43,354.29,0.7918,-1,-1,-1
186,89,1271.48,54.85,21.90,26.25,1.0000,-1,-1,-1
187,1,509.30,385.42,80.06,134.63,0.8950,-1,-1,-1
187,2,675.97,831.25,184.29,142.35,0.9460,-1,-1,-1
187,4,929.55,205.84,50.79,88.41,0.8390,-1,-1,-1
187,5,469.54,129.73,47.57,74.68,0.8665,-1,-1,-1
187,7,812.90,397.91,69.07,128.87,0.8526,-1,-1,-1
187,8,568.09,343.49,73.22,115.58,0.8836,-1,-1,-1
187,10,956.99,165.03,51.26,93.04,0.8227,-1,-1,-1
187,11,882.74,220.71,53.78,92.64,0.8576,-1,-1,-1
187,13,673.39,435.60,82.86,137.26,0.8205,-1,-1,-1
187,14,700.63,293.44,64.55,105.54,0.7384,-1,-1,-1
187,15,1173.46,50.73,39.65,61.41,0.8416,-1,-1,-1
187,16,701.90,361.67,85.50,135.97,0.8081,-1,-1,-1
187,17,838.85,247.05,56.53,97.89,0.8428,-1,-1,-1
187,18,1072.33,74.59,53.75,82.38,0.7616,-1,-1,-1
187,19,1067.99,77.72,45.93,80.01,1.0000,-1,-1,-1
187,20,1521.49,74.57,33.84,35.10,0.4777,-1,-1,-1
187,21,632.28,903.22,71.31,59.00,0.4544,-1,-1,-1
187,24,1321.28,7.56,18.90,17.44,0.5374,-1,-1,-1
187,32,399.77,656.21,127.41,176.29,0.9343,-1,-1,-1
187,33,441.33,462.37,89.57,148.09,0.8714,-1,-1,-1
187,44,137.49,743.85,154.15,211.20,0.8360,-1,-1,-1
187,45,580.46,494.39,71.87,143.75,0.8993,-1,-1,-1
187,55,626.84,808.12,137.37,152.61,0.5292,-1,-1,-1
187,58,447.71,573.40,110.33,165.57,0.9093,-1,-1,-1
187,63,315.03,505.63,101.04,161.82,0.9286,-1,-1,-1
187,68,261.29,749.45,154.50,201.99,0.7538,-1,-1,-1
187,69,189.79,628.62,128.99,178.22,0.8444,-1,-1,-1
187,73,626.49,493.39,104.54,161.69,0.8577,-1,-1,-1
187,84,1003.92,135.52,45.48,80.25,0.8482,-1,-1,-1
187,88,11.89,702.06,124.54,372.44,0.7596,-1,-1,-1
187,89,1271.39,54.88,22.04,26.42,1.0000,-1,-1,-1
188,1,510.75,384.26,79.98,135.04,0.8867,-1,-1,-1
188,2,675.38,829.63,185.07,143.41,0.9429,-1,-1,-1
188,4,930.04,203.77,51.01,88.46,0.8432,-1,-1,-1
188,5,470.49,128.93,48.96,76.76,0.8512,-1,-1,-1
188,7,813.08,395.04,71.00,133.04,0.8554,-1,-1,-1
188,8,570.44,343.96,72.69,114.84,0.9044,-1,-1,-1
188,10,957.30,164.10,51.29,93.70,0.8241,-1,-1,-1
188,11,883.37,220.43,53.45,92.08,0.8785,-1,-1,-1
188,13,673.23,437.15,81.95,134.98,0.7928,-1,-1,-1
188,14,703.19,291.74,65.11,106.14,0.7920,-1,-1,-1
188,15,1175.44,50.72,39.33,61.03,0.8065,-1,-1,-1
188,16,700.82,354.56,89.00,142.00,0.7337,-1,-1,-1
188,17,839.71,245.26,57.10,99.28,0.8713,-1,-1,-1
188,18,1072.80,74.04,53.64,82.72,0.7636,-1,-1,-1
188,19,1068.43,76.76,46.19,80.45,1.0000,-1,-1,-1
188,20,1522.00,74.46,33.74,34.93,0.5446,-1,-1,-1
188,21,629.96,895.38,80.42,65.86,0.3927,-1,-1,-1
188,24,1321.41,7.33,19.26,17.83,0.5246,-1,-1,-1
188,32,401.45,654.06,128.57,177.51,0.9396,-1,-1,-1
188,33,441.91,461.30,90.74,150.36,0.8841,-1,-1,-1
188,44,139.16,742.28,154.71,211.96,0.7327,-1,-1,-1
188,45,580.78,492.98,72.13,144.98,0.8851,-1,-1,-1
188,55,627.80,804.44,140.94,155.52,0.5271,-1,-1,-1
188,58,449.78,570.84,111.26,168.10,0.8763,-1,-1,-1
188,63,317.61,504.27,101.29,161.09,0.9270,-1,-1,-1
188,68,265.27,757.45,148.34,193.28,0.6626,-1,-1,-1
188,69,194.07,626.84,128.39,178.14,0.8588,-1,-1,-1
188,73,628.74,496.85,101.31,156.99,0.8657,-1,-1,-1
188,84,1004.49,135.37,45.53,80.32,0.8357,-1,-1,-1
188,88,10.91,693.09,129.18,379.90,0.7362,-1,-1,-1
189,1,513.61,384.27,78.30,132.84,0.9277,-1,-1,-1
189,2,673.70,825.76,189.09,147.35,0.9481,-1,-1,-1
189,4,930.16,202.04,50.28,86.55,0.8722,-1,-1,-1
189,5,472.60,128.65,48.53,75.62,0.8315,-1,-1,-1
189,7,814.80,392.76,68.32,127.56,0.7959,-1,-1,-1
189,8,573.81,341.68,73.61,116.64,0.9040,-1,-1,-1
189,10,957.76,163.66,51.16,93.88,0.8084,-1,-1,-1
189,11,883.59,219.58,54.13,93.21,0.8573,-1,-1,-1
189,13,673.91,436.67,81.72,134.15,0.8158,-1,-1,-1
189,14,705.94,290.09,65.55,106.65,0.8089,-1,-1,-1
189,15,1176.07,50.20,39.41,61.20,0.8231,-1,-1,-1
189,16,704.00,357.83,86.29,136.98,0.8541,-1,-1,-1
189,17,840.07,245.14,56.98,99.17,0.8646,-1,-1,-1
189,18,1073.85,73.85,53.21,82.11,0.7388,-1,-1,-1
189,19,1068.87,75.79,46.44,80.90,1.0000,-1,-1,-1
189,20,1521.59,73.28,34.47,35.81,0.5343,-1,-1,-1
189,21,628.42,891.63,83.86,68.28,0.4345,-1,-1,-1
189,24,1321.09,6.93,19.73,18.38,0.5803,-1,-1,-1
189,32,403.57,653.28,128.38,177.05,0.9435,-1,-1,-1
189,33,442.60,459.37,90.99,151.43,0.8838,-1,-1,-1
189,44,141.62,738.11,156.41,214.39,0.8173,-1,-1,-1
189,45,580.93,490.63,72.11,145.76,0.8700,-1,-1,-1
189,55,633.87,805.05,142.74,154.25,0.5254,-1,-1,-1
189,58,450.51,567.02,112.90,171.22,0.8635,-1,-1,-1
189,63,321.84,503.52,101.35,160.54,0.9129,-1,-1,-1
189,68,266.47,756.68,147.92,192.55,0.8001,-1,-1,-1
189,69,198.53,624.96,127.13,177.01,0.8741,-1,-1,-1
189,73,630.59,496.41,100.82,156.20,0.8664,-1,-1,-1
189,84,1005.63,134.97,45.75,80.85,0.8457,-1,-1,-1
189,88,12.18,696.58,129.82,373.66,0.7024,-1,-1,-1
189,96,261.06,861.48,155.53,90.14,0.3280,-1,-1,-1
190,1,515.65,383.15,78.39,133.40,0.8874,-1,-1,-1
190,2,669.21,818.12,196.26,154.47,0.9504,-1,-1,-1
190,4,929.67,200.95,50.60,86.57,0.8762,-1,-1,-1
190,5,473.88,127.08,49.18,76.11,0.8662,-1,-1,-1
190,7,815.99,389.85,70.42,131.82,0.8464,-1,-1,-1
190,8,576.44,341.37,72.93,115.65,0.9150,-1,-1,-1
190,10,959.16,162.35,51.42,94.86,0.8075,-1,-1,-1
190,11,884.89,218.79,54.15,93.05,0.8618,-1,-1,-1
190,13,674.64,436.27,82.47,134.56,0.8110,-1,-1,-1
190,14,707.99,288.67,66.67,108.09,0.8505,-1,-1,-1
190,15,1176.81,50.30,39.16,60.95,0.8232,-1,-1,-1
190,16,705.04,355.62,87.12,137.96,0.8288,-1,-1,-1
190,17,841.84,243.17,57.53,100.16,0.8660,-1,-1,-1
190,18,1076.10,73.17,52.41,80.63,0.7537,-1,-1,-1
190,19,1069.31,74.83,46.70,81.34,1.0000,-1,-1,-1
190,20,1521.73,72.36,35.17,36.64,0.5910,-1,-1,-1
190,21,629.16,895.73,79.26,63.62,0.5414,-1,-1,-1
190,24,1320.97,6.49,20.12,18.78,0.5666,-1,-1,-1
190,32,404.21,651.03,129.66,179.09,0.9428,-1,-1,-1
190,33,443.45,458.13,91.78,153.35,0.8600,-1,-1,-1
190,44,141.82,736.08,157.23,215.92,0.8601,-1,-1,-1
190,45,581.58,489.09,72.09,146.04,0.8831,-1,-1,-1
190,55,613.31,804.04,137.97,154.23,0.4628,-1,-1,-1
190,58,451.36,564.93,114.01,173.64,0.8550,-1,-1,-1
190,63,324.44,502.42,101.49,160.29,0.9200,-1,-1,-1
190,68,266.11,755.55,148.88,193.62,0.8261,-1,-1,-1
190,69,201.77,623.55,126.62,176.78,0.8939,-1,-1,-1
190,73,631.84,495.84,100.51,155.88,0.8680,-1,-1,-1
190,84,1006.35,133.93,45.92,81.26,0.8696,-1,-1,-1
190,88,22.31,769.26,111.60,300.74,0.7414,-1,-1,-1
190,96,259.92,858.78,159.02,92.16,1.0000,-1,-1,-1
191,1,519.05,381.43,78.19,133.13,0.8930,-1,-1,-1
191,2,670.95,818.76,194.75,154.12,0.9558,-1,-1,-1
191,4,929.07,200.13,50.80,86.31,0.9005,-1,-1,-1
191,5,475.12,126.21,49.75,76.49,0.8605,-1,-1,-1
191,7,816.80,387.18,71.95,134.45,0.8505,-1,-1,-1
191,8,578.80,341.34,71.33,113.32,0.8917,-1,-1,-1
191,10,960.64,161.07,51.13,94.54,0.8695,-1,-1,-1
191,11,886.09,217.69,54.37,93.40,0.8386,-1,-1,-1
191,13,675.93,436.34,81.98,133.18,0.8313,-1,-1,-1
191,14,709.31,287.80,65.71,106.30,0.8507,-1,-1,-1
191,15,1178.03,48.89,39.55,61.89,0.8487,-1,-1,-1
191,16,702.35,342.15,93.78,149.66,0.7600,-1,-1,-1
191,17,843.73,242.24,57.12,99.33,0.8757,-1,-1,-1
191,18,1078.07,71.82,53.34,82.47,0.7361,-1,-1,-1
191,19,1069.74,73.87,46.95,81.79,1.0000,-1,-1,-1
191,20,1521.43,70.48,36.05,37.72,0.5536,-1,-1,-1
191,21,629.90,898.89,76.82,60.49,0.5438,-1,-1,-1
191,24,1321.41,6.58,19.96,18.63,0.6162,-1,-1,-1
191,32,404.99,648.89,130.82,180.97,0.9455,-1,-1,-1
191,33,446.18,457.38,91.23,152.40,0.8798,-1,-1,-1
191,44,143.07,733.96,156.73,216.43,0.8029,-1,-1,-1
191,45,584.02,489.61,69.84,141.01,0.8740,-1,-1,-1
191,55,622.32,806.93,136.84,151.68,0.4674,-1,-1,-1
191,58,453.61,563.61,112.89,172.22,0.8568,-1,-1,-1
191,63,326.28,500.15,101.54,160.12,0.9152,-1,-1,-1
191,68,265.00,748.10,152.97,199.59,0.8211,-1,-1,-1
191,69,206.00,621.06,125.86,176.27,0.9083,-1,-1,-1
191,73,629.02,480.62,107.66,169.44,0.8453,-1,-1,-1
191,84,1007.77,134.24,45.12,79.98,0.8435,-1,-1,-1
191,88,33.26,837.17,95.21,231.78,0.8639,-1,-1,-1
191,96,258.78,856.07,162.51,94.18,1.0000,-1,-1,-1
192,1,521.38,379.82,78.56,133.38,0.8838,-1,-1,-1
192,2,670.93,816.54,196.09,156.19,0.9520,-1,-1,-1
192,4,928.37,199.21,51.20,86.50,0.9029,-1,-1,-1
192,5,476.65,126.26,49.63,75.76,0.8713,-1,-1,-1
192,7,818.26,384.80,71.97,134.10,0.7999,-1,-1,-1
192,8,581.07,339.74,70.42,111.88,0.8665,-1,-1,-1
192,10,961.29,159.93,51.27,95.01,0.8665,-1,-1,-1
192,11,887.13,217.10,54.31,93.41,0.8462,-1,-1,-1
192,13,675.15,434.77,82.49,133.60,0.8598,-1,-1,-1
192,14,711.78,287.10,65.22,105.83,0.8453,-1,-1,-1
192,15,1178.68,48.11,39.62,62.32,0.8566,-1,-1,-1
192,16,700.68,335.19,96.79,155.81,0.8138,-1,-1,-1
192,17,844.23,241.97,57.14,99.16,0.8838,-1,-1,-1
192,18,1078.39,71.19,53.43,83.15,0.7249,-1,-1,-1
192,19,1070.18,72.91,47.21,82.23,1.0000,-1,-1,-1
192,20,1521.10,69.63,36.20,38.02,0.5093,-1,-1,-1
192,21,629.08,894.14,85.01,66.26,0.4340,-1,-1,-1
192,24,1321.91,6.62,19.72,18.42,0.6143,-1,-1,-1
192,32,406.35,648.03,131.00,181.59,0.9375,-1,-1,-1
192,33,448.47,457.26,90.24,150.91,0.8623,-1,-1,-1
192,44,144.76,733.55,154.68,214.97,0.8041,-1,-1,-1
192,45,584.45,489.77,69.45,139.94,0.8768,-1,-1,-1
192,55,628.59,808.20,138.02,150.90,0.4594,-1,-1,-1
192,58,454.93,563.33,113.01,172.29,0.8682,-1,-1,-1
192,63,327.12,498.34,101.97,160.91,0.9132,-1,-1,-1
192,68,264.49,743.61,155.02,202.85,0.8300,-1,-1,-1
192,69,207.91,619.09,126.04,176.85,0.9214,-1,-1,-1
192,73,628.90,475.43,108.95,173.49,0.8354,-1,-1,-1
192,84,1008.37,133.23,45.55,80.95,0.8557,-1,-1,-1
192,88,35.82,861.01,93.22,208.14,0.9171,-1,-1,-1
192,96,257.64,853.36,166.00,96.21,1.0000,-1,-1,-1
193,1,523.70,378.00,79.12,133.68,0.8737,-1,-1,-1
193,2,670.43,814.55,196.45,157.59,0.9536,-1,-1,-1
193,4,927.75,198.09,51.37,86.09,0.8903,-1,-1,-1
193,5,479.11,125.88,49.65,75.35,0.8699,-1,-1,-1
193,7,819.04,382.89,71.54,132.57,0.8676,-1,-1,-1
193,8,585.08,338.84,70.63,111.62,0.8640,-1,-1,-1
193,10,962.96,160.15,50.82,94.27,0.8619,-1,-1,-1
193,11,887.89,215.73,54.33,93.69,0.8442,-1,-1,-1
193,13,675.85,436.96,81.21,130.10,0.7979,-1,-1,-1
193,14,714.03,285.60,63.85,103.47,0.8802,-1,-1,-1
193,15,1180.46,47.36,39.40,62.28,0.8258,-1,-1,-1
193,16,701.48,335.35,95.45,154.53,0.8342,-1,-1,-1
193,17,845.96,241.50,56.98,98.33,0.8699,-1,-1,-1
193,18,1078.36,71.66,52.98,83.27,0.6920,-1,-1,-1
193,19,1070.62,71.95,47.47,82.68,1.0000,-1,-1,-1
193,20,1521.51,69.60,35.59,37.47,0.5058,-1,-1,-1
193,21,625.94,890.08,91.42,71.21,0.4804,-1,-1,-1
193,24,1322.53,6.72,19.46,18.21,0.6201,-1,-1,-1
193,32,408.24,645.87,131.58,182.67,0.9373,-1,-1,-1
193,33,450.23,455.19,89.63,150.21,0.8432,-1,-1,-1
193,44,148.51,732.08,153.02,213.53,0.6598,-1,-1,-1
193,45,584.45,489.24,69.78,140.35,0.8721,-1,-1,-1
193,55,612.44,803.87,138.75,156.03,0.5071,-1,-1,-1
193,58,455.52,563.91,113.19,172.61,0.8671,-1,-1,-1
193,63,329.32,494.64,103.18,163.00,0.9083,-1,-1,-1
193,68,264.63,739.54,155.63,204.65,0.7275,-1,-1,-1
193,69,211.19,616.42,125.44,176.36,0.9159,-1,-1,-1
193,73,626.23,462.23,115.18,186.68,0.8491,-1,-1,-1
193,84,1009.64,132.50,45.54,80.86,0.8467,-1,-1,-1
193,88,35.39,865.45,97.43,201.76,0.9453,-1,-1,-1
193,96,256.50,850.66,169.49,98.23,1.0000,-1,-1,-1
194,1,526.60,376.11,79.44,134.11,0.8934,-1,-1,-1
194,2,670.59,814.23,195.52,157.83,0.9568,-1,-1,-1
194,4,927.48,196.83,51.50,85.80,0.8759,-1,-1,-1
194,5,479.79,124.67,50.42,76.31,0.8610,-1,-1,-1
194,7,817.83,379.97,72.17,133.75,0.8484,-1,-1,-1
194,8,586.81,337.49,71.77,113.05,0.8847,-1,-1,-1
194,10,963.80,160.50,50.74,94.25,0.8422,-1,-1,-1
194,11,888.54,214.75,54.11,93.30,0.8462,-1,-1,-1
194,13,675.88,434.77,82.44,131.74,0.7808,-1,-1,-1
194,14,714.98,283.86,64.56,104.81,0.8718,-1,-1,-1
194,15,1181.88,47.65,39.32,62.20,0.8420,-1,-1,-1
194,16,703.06,334.27,95.82,155.88,0.8498,-1,-1,-1
194,17,846.77,240.72,57.05,98.04,0.8725,-1,-1,-1
194,18,1080.37,71.75,52.91,83.19,0.6501,-1,-1,-1
194,19,1071.05,70.99,47.72,83.12,1.0000,-1,-1,-1
194,20,1522.44,69.86,34.56,36.49,0.5092,-1,-1,-1
194,21,626.10,894.36,87.28,67.35,0.4968,-1,-1,-1
194,24,1323.13,6.65,19.52,18.28,0.6562,-1,-1,-1
194,32,409.57,644.05,132.26,183.90,0.9398,-1,-1,-1
194,33,452.69,454.62,89.43,149.91,0.8754,-1,-1,-1
194,44,151.99,730.68,150.39,210.92,0.6131,-1,-1,-1
194,45,585.62,488.80,69.75,139.95,0.8693,-1,-1,-1
194,55,607.04,802.29,137.35,158.64,0.5563,-1,-1,-1
194,58,455.76,562.70,113.63,173.48,0.8788,-1,-1,-1
194,63,331.85,493.55,102.59,162.36,0.9164,-1,-1,-1
194,68,263.78,735.93,157.13,207.74,0.5392,-1,-1,-1
194,69,213.21,615.54,125.23,176.43,0.9193,-1,-1,-1
194,73,627.67,461.30,114.22,187.46,0.8346,-1,-1,-1
194,84,1010.34,132.09,45.50,80.58,0.8400,-1,-1,-1
194,88,33.86,865.91,103.47,200.60,0.9438,-1,-1,-1
194,96,255.35,847.95,172.98,100.25,1.0000,-1,-1,-1
195,1,529.90,374.10,79.82,134.31,0.9135,-1,-1,-1
195,2,669.22,810.73,197.75,161.05,0.9553,-1,-1,-1
195,4,926.95,194.71,53.50,89.01,0.8352,-1,-1,-1
195,5,482.34,124.18,49.23,74.10,0.8638,-1,-1,-1
195,7,819.07,377.98,71.34,132.55,0.8210,-1,-1,-1
195,8,590.01,336.68,71.41,112.24,0.8754,-1,-1,-1
195,10,966.19,159.65,50.20,93.63,0.8023,-1,-1,-1
195,11,890.25,212.08,54.84,94.41,0.8526,-1,-1,-1
195,13,672.96,434.14,83.66,132.26,0.7467,-1,-1,-1
195,14,715.75,282.38,65.16,106.24,0.8921,-1,-1,-1
195,15,1183.38,46.18,40.13,63.49,0.8574,-1,-1,-1
195,16,704.56,334.31,95.03,155.00,0.8453,-1,-1,-1
195,17,848.13,239.95,57.07,97.84,0.8578,-1,-1,-1
195,18,1079.93,74.86,49.81,79.59,0.6123,-1,-1,-1
195,19,1071.49,70.03,47.98,83.57,1.0000,-1,-1,-1
195,20,1523.28,69.95,34.14,36.27,0.5631,-1,-1,-1
195,21,625.90,896.91,85.50,65.41,0.5229,-1,-1,-1
195,24,1323.48,6.55,19.58,18.31,0.6517,-1,-1,-1
195,32,411.46,641.73,132.07,183.99,0.9398,-1,-1,-1
195,33,455.23,452.50,88.18,148.27,0.8749,-1,-1,-1
195,44,153.78,729.32,150.06,210.46,1.0000,-1,-1,-1
195,45,588.16,487.11,70.75,141.25,0.8733,-1,-1,-1
195,55,604.28,801.81,134.31,159.69,0.5402,-1,-1,-1
195,58,459.41,561.95,111.98,171.07,0.8731,-1,-1,-1
195,63,333.99,491.43,102.29,162.59,0.9000,-1,-1,-1
195,68,222.98,731.53,168.26,210.36,0.6356,-1,-1,-1
195,69,214.64,614.47,125.80,177.97,0.9188,-1,-1,-1
195,73,629.06,459.88,113.47,188.51,0.8145,-1,-1,-1
195,84,1011.70,130.70,45.23,80.15,0.8322,-1,-1,-1
195,88,32.47,864.17,110.55,202.20,0.9488,-1,-1,-1
195,96,254.21,845.24,176.47,102.27,1.0000,-1,-1,-1
196,1,531.77,373.41,79.87,134.10,0.9198,-1,-1,-1
196,2,671.05,812.21,195.00,159.79,0.9492,-1,-1,-1
196,4,927.57,192.92,53.37,88.78,0.8470,-1,-1,-1
196,5,484.08,123.59,49.56,74.52,0.8645,-1,-1,-1
196,7,820.60,375.90,71.07,131.75,0.8159,-1,-1,-1
196,8,592.49,335.89,71.40,111.97,0.8776,-1,-1,-1
196,10,966.93,160.05,49.84,92.97,0.8285,-1,-1,-1
196,11,891.77,211.32,54.98,94.64,0.8437,-1,-1,-1
196,13,674.37,433.52,83.83,132.50,0.7986,-1,-1,-1
196,14,716.03,281.74,65.67,107.46,0.8604,-1,-1,-1
196,15,1184.77,45.19,39.89,63.44,0.8621,-1,-1,-1
196,16,715.01,353.97,83.74,135.14,0.8224,-1,-1,-1
196,17,848.71,238.56,57.80,99.00,0.8480,-1,-1,-1
196,18,1080.74,80.09,46.08,73.75,0.6870,-1,-1,-1
196,19,1105.28,68.07,35.95,63.01,0.6411,-1,-1,-1
196,20,1524.19,69.80,34.13,36.26,0.5362,-1,-1,-1
196,21,618.96,880.12,105.85,82.34,0.4641,-1,-1,-1
196,24,1323.33,6.01,19.93,18.68,0.6010,-1,-1,-1
196,32,413.58,640.73,131.47,183.28,0.9464,-1,-1,-1
196,33,457.19,452.49,87.50,146.71,0.8905,-1,-1,-1
196,44,153.50,727.19,148.63,210.71,0.4437,-1,-1,-1
196,45,588.70,485.52,71.51,142.71,0.8744,-1,-1,-1
196,55,629.18,805.83,135.20,155.09,0.5076,-1,-1,-1
196,58,460.91,560.30,112.14,170.90,0.8869,-1,-1,-1
196,63,335.49,488.84,102.41,163.57,0.9095,-1,-1,-1
196,68,202.08,714.44,187.54,226.48,0.5975,-1,-1,-1
196,69,216.06,613.44,126.36,179.38,0.9087,-1,-1,-1
196,73,633.79,472.63,106.01,175.86,0.8293,-1,-1,-1
196,84,1013.57,130.36,44.77,79.69,0.8424,-1,-1,-1
196,88,30.06,862.41,116.46,202.56,0.9286,-1,-1,-1
196,96,253.07,842.54,179.96,104.29,1.0000,-1,-1,-1
197,1,534.85,372.98,79.29,132.75,0.8986,-1,-1,-1
197,2,671.95,811.83,194.91,160.61,0.9564,-1,-1,-1
197,4,927.82,190.81,53.61,89.33,0.8406,-1,-1,-1
197,5,485.99,122.48,49.31,73.85,0.8331,-1,-1,-1
197,7,822.55,374.12,63.71,117.71,0.7801,-1,-1,-1
197,8,592.14,333.04,71.57,112.60,0.8708,-1,-1,-1
197,10,968.54,159.62,49.51,92.50,0.8296,-1,-1,-1
197,11,892.93,211.99,54.24,93.24,0.8426,-1,-1,-1
197,13,676.09,428.37,85.72,136.26,0.7363,-1,-1,-1
197,14,718.28,279.46,66.96,109.58,0.8787,-1,-1,-1
197,15,1185.65,45.51,39.06,62.27,0.8565,-1,-1,-1
197,16,713.38,345.26,89.30,143.89,0.7796,-1,-1,-1
197,17,849.28,237.30,58.19,100.17,0.8591,-1,-1,-1
197,18,1080.92,82.35,43.90,70.53,0.6933,-1,-1,-1
197,19,1106.41,65.97,36.61,64.30,0.7149,-1,-1,-1
197,20,1524.70,69.92,33.46,35.86,0.5719,-1,-1,-1
197,21,621.26,881.86,102.02,79.63,0.5135,-1,-1,-1
197,24,1323.43,5.67,20.06,18.90,0.6077,-1,-1,-1
197,32,414.35,638.28,131.54,183.85,0.9400,-1,-1,-1
197,33,462.11,451.46,85.94,143.30,0.8665,-1,-1,-1
197,44,154.98,725.75,148.35,210.32,1.0000,-1,-1,-1
197,45,589.48,483.49,72.20,144.27,0.8667,-1,-1,-1
197,55,633.03,806.92,136.01,153.05,0.4878,-1,-1,-1
197,58,462.84,557.82,112.18,170.68,0.8231,-1,-1,-1
197,63,337.80,487.81,101.62,162.83,0.9124,-1,-1,-1
197,68,194.92,714.56,194.53,226.74,0.8723,-1,-1,-1
197,69,221.04,613.16,125.99,178.91,0.8899,-1,-1,-1
197,73,635.20,470.17,106.21,177.17,0.8229,-1,-1,-1
197,84,1014.01,128.16,45.30,80.95,0.8583,-1,-1,-1
197,88,29.11,858.38,123.71,206.17,0.9370,-1,-1,-1
197,96,251.93,839.83,183.45,106.32,1.0000,-1,-1,-1
198,1,536.60,371.43,79.42,133.11,0.8831,-1,-1,-1
198,2,673.52,812.70,193.53,160.05,0.9529,-1,-1,-1
198,4,928.13,189.51,53.19,88.37,0.8174,-1,-1,-1
198,5,488.47,123.23,48.64,72.24,0.8540,-1,-1,-1
198,7,823.19,372.82,67.30,124.44,0.8489,-1,-1,-1
198,8,594.56,332.41,72.58,114.15,0.8812,-1,-1,-1
198,10,970.92,159.89,48.98,91.37,0.8464,-1,-1,-1
198,11,894.19,213.88,54.11,92.64,0.8426,-1,-1,-1
198,13,676.42,428.33,85.13,135.91,0.7456,-1,-1,-1
198,14,718.81,278.44,66.69,109.73,0.8470,-1,-1,-1
198,15,1188.43,45.49,38.46,61.14,0.8699,-1,-1,-1
198,16,714.71,344.90,89.53,143.73,0.7714,-1,-1,-1
198,17,850.61,237.42,57.54,99.26,0.8612,-1,-1,-1
198,18,1080.86,81.52,44.13,71.72,0.6973,-1,-1,-1
198,19,1107.34,65.61,36.98,64.75,0.6967,-1,-1,-1
198,20,1525.31,69.31,33.66,36.30,0.5676,-1,-1,-1
198,21,623.98,885.18,97.36,75.79,0.4711,-1,-1,-1
198,24,1323.12,5.33,20.23,19.11,0.5356,-1,-1,-1
198,32,415.09,637.74,130.33,183.00,0.9277,-1,-1,-1
198,33,463.10,448.95,88.39,147.62,0.8719,-1,-1,-1
198,44,156.47,724.31,148.08,209.94,1.0000,-1,-1,-1
198,45,590.05,480.40,73.20,146.81,0.8894,-1,-1,-1
198,55,631.46,806.49,137.77,153.28,0.4518,-1,-1,-1
198,58,466.02,554.37,112.23,171.35,0.8331,-1,-1,-1
198,63,339.18,486.54,101.40,163.50,0.9194,-1,-1,-1
198,68,189.30,710.03,204.47,231.77,0.8883,-1,-1,-1
198,69,224.86,613.09,125.28,178.54,0.8288,-1,-1,-1
198,73,638.36,476.14,102.20,170.43,0.8412,-1,-1,-1
198,84,1015.02,127.67,45.43,80.93,0.8408,-1,-1,-1
198,88,30.22,855.97,128.80,206.77,0.9354,-1,-1,-1
198,96,250.79,837.12,186.94,108.34,1.0000,-1,-1,-1
199,1,539.00,370.99,79.68,133.74,0.8934,-1,-1,-1
199,2,674.92,814.30,191.86,159.09,0.9548,-1,-1,-1
199,4,927.94,186.52,53.58,89.15,0.8406,-1,-1,-1
199,5,490.46,122.32,48.89,72.20,0.8587,-1,-1,-1
199,7,824.06,369.50,68.16,126.31,0.8443,-1,-1,-1
199,8,596.97,332.62,72.56,114.28,0.9112,-1,-1,-1
199,10,972.09,158.29,48.86,91.28,0.8145,-1,-1,-1
199,11,894.48,213.94,54.32,92.94,0.8401,-1,-1,-1
199,13,678.96,427.08,84.31,135.58,0.7434,-1,-1,-1
199,14,722.06,278.06,66.99,110.57,0.8378,-1,-1,-1
199,15,1189.95,45.72,38.61,61.14,0.8787,-1,-1,-1
199,16,719.34,351.90,85.04,134.92,0.7221,-1,-1,-1
199,17,851.26,236.69,57.52,99.50,0.8497,-1,-1,-1
199,18,1081.92,83.94,42.28,68.83,0.6751,-1,-1,-1
199,19,1109.16,64.90,37.27,65.57,0.7104,-1,-1,-1
199,20,1525.16,68.39,34.43,37.40,0.5690,-1,-1,-1
199,21,615.80,871.88,110.58,88.17,0.4366,-1,-1,-1
199,24,1322.97,4.76,20.76,19.62,0.5198,-1,-1,-1
199,32,419.83,638.10,128.28,180.20,0.9277,-1,-1,-1
199,33,464.23,447.69,90.08,150.80,0.8689,-1,-1,-1
199,44,157.95,722.87,147.81,209.55,1.0000,-1,-1,-1
199,45,591.37,475.39,73.73,149.52,0.8612,-1,-1,-1
199,55,633.19,805.89,140.33,153.52,0.5422,-1,-1,-1
199,58,470.06,550.59,112.07,171.89,0.8607,-1,-1,-1
199,63,341.75,484.66,101.64,164.71,0.8947,-1,-1,-1
199,68,186.60,706.85,209.86,232.55,0.8849,-1,-1,-1
199,69,231.88,612.75,123.52,176.68,0.8714,-1,-1,-1
199,73,638.26,473.08,104.26,174.34,0.8655,-1,-1,-1
199,84,1016.86,128.47,44.95,79.46,0.8312,-1,-1,-1
199,88,31.82,852.16,133.17,207.00,0.9515,-1,-1,-1
199,96,249.65,834.42,190.43,110.36,1.0000,-1,-1,-1
200,1,540.43,370.81,79.46,133.72,0.8813,-1,-1,-1
200,2,675.73,815.31,190.53,158.33,0.9506,-1,-1,-1
200,4,927.59,185.11,53.33,88.90,0.8284,-1,-1,-1
200,5,491.32,121.88,49.22,72.34,0.8593,-1,-1,-1
200,7,824.93,367.06,68.56,127.75,0.8269,-1,-1,-1
200,8,599.54,331.86,72.37,114.47,0.9086,-1,-1,-1
200,10,973.09,157.30,48.87,91.02,0.7958,-1,-1,-1
200,11,895.53,213.71,54.28,92.15,0.8337,-1,-1,-1
200,13,680.20,426.25,83.65,135.41,0.7317,-1,-1,-1
200,14,723.65,276.74,68.29,113.41,0.8948,-1,-1,-1
200,15,1191.05,45.68,38.71,61.08,0.8588,-1,-1,-1
200,16,716.64,346.57,88.38,139.58,0.7136,-1,-1,-1
200,17,852.16,235.83,57.88,100.16,0.8519,-1,-1,-1
200,18,1082.24,83.40,42.38,69.27,0.6726,-1,-1,-1
200,19,1111.55,65.98,36.52,63.95,0.6839,-1,-1,-1
200,20,1525.46,68.22,34.25,37.38,0.5379,-1,-1,-1
200,21,619.94,878.57,101.23,80.99,0.4217,-1,-1,-1
200,24,1323.02,4.31,21.15,20.08,0.4842,-1,-1,-1
200,32,421.62,638.26,127.59,178.99,0.9347,-1,-1,-1
200,33,464.46,446.14,91.12,153.08,0.8709,-1,-1,-1
200,44,159.44,721.43,147.54,209.17,1.0000,-1,-1,-1
200,45,591.60,473.78,73.77,151.30,0.8679,-1,-1,-1
200,55,637.77,806.02,143.49,152.96,0.5169,-1,-1,-1
200,58,472.00,547.66,112.74,174.16,0.8583,-1,-1,-1
200,63,343.61,482.88,101.39,165.56,0.8855,-1,-1,-1
200,68,188.52,711.07,209.04,225.35,0.9065,-1,-1,-1
200,69,236.59,613.04,122.19,175.43,0.8660,-1,-1,-1
200,73,638.91,471.88,105.06,176.30,0.8671,-1,-1,-1
200,84,1018.23,128.84,44.45,78.16,0.8083,-1,-1,-1
200,88,31.57,850.90,137.89,208.11,0.9527,-1,-1,-1
200,96,248.51,831.71,193.92,112.38,1.0000,-1,-1,-1
201,1,542.46,370.00,79.87,134.55,0.8674,-1,-1,-1
201,2,679.28,820.01,185.65,154.23,0.9430,-1,-1,-1
201,4,927.97,183.58,53.78,89.83,0.8771,-1,-1,-1
201,5,493.00,121.11,49.67,72.69,0.8693,-1,-1,-1
201,7,827.07,366.64,67.58,125.70,0.8356,-1,-1,-1
201,8,601.89,330.66,73.16,116.16,0.8959,-1,-1,-1
201,10,974.23,157.69,48.93,90.90,0.7407,-1,-1,-1
201,11,895.97,211.38,54.41,92.60,0.8370,-1,-1,-1
201,13,681.63,428.25,82.31,133.78,0.7468,-1,-1,-1
201,14,725.88,275.72,67.66,113.22,0.8748,-1,-1,-1
201,15,1192.22,45.39,39.15,61.72,0.8457,-1,-1,-1
201,16,727.32,359.59,79.85,125.98,0.8001,-1,-1,-1
201,17,854.17,234.66,58.07,100.81,0.8645,-1,-1,-1
201,18,1082.98,82.63,42.62,70.12,0.6447,-1,-1,-1
201,19,1114.61,65.06,36.79,64.05,0.7657,-1,-1,-1
201,20,1525.62,67.63,34.19,37.22,0.5181,-1,-1,-1
201,21,621.15,878.31,100.27,80.63,0.3454,-1,-1,-1
201,24,1323.55,4.04,21.47,20.41,0.4490,-1,-1,-1
201,32,423.90,638.31,126.87,178.08,0.9354,-1,-1,-1
201,33,467.16,445.14,91.99,154.83,0.8924,-1,-1,-1
201,44,160.92,719.99,147.26,208.79,1.0000,-1,-1,-1
201,45,592.83,474.55,72.90,150.51,0.8910,-1,-1,-1
201,55,637.57,803.54,148.34,154.93,0.6883,-1,-1,-1
201,58,474.95,546.36,112.73,174.88,0.8414,-1,-1,-1
201,63,345.28,480.34,100.96,166.50,0.8451,-1,-1,-1
201,68,187.11,706.03,213.30,225.56,0.8596,-1,-1,-1
201,69,241.07,613.08,120.92,174.09,0.8949,-1,-1,-1
201,73,641.14,473.99,103.26,173.48,0.8461,-1,-1,-1
201,84,1018.93,127.80,44.54,78.12,0.7872,-1,-1,-1
201,88,31.80,851.76,141.42,207.16,0.9582,-1,-1,-1
201,96,247.36,829.00,197.41,114.41,1.0000,-1,-1,-1
201,99,708.16,332.03,48.53,126.43,0.7404,-1,-1,-1
202,1,543.53,368.59,80.75,135.91,0.8743,-1,-1,-1
202,2,682.25,823.76,182.40,151.13,0.9372,-1,-1,-1
202,4,928.43,182.18,53.82,90.04,0.8797,-1,-1,-1
202,5,493.75,120.22,50.19,73.24,0.8586,-1,-1,-1
202,7,828.73,365.77,68.00,126.06,0.8385,-1,-1,-1
202,8,602.97,329.66,72.52,115.83,0.8574,-1,-1,-1
202,10,975.21,157.41,49.19,91.28,0.7743,-1,-1,-1
202,11,897.43,210.45,54.46,92.51,0.8489,-1,-1,-1
202,13,682.56,430.82,80.77,131.44,0.7545,-1,-1,-1
202,14,727.15,274.73,67.37,113.53,0.8793,-1,-1,-1
202,15,1192.50,44.83,39.51,62.22,0.8494,-1,-1,-1
202,16,732.54,367.40,74.90,117.86,0.8195,-1,-1,-1
202,17,855.86,234.50,58.01,100.82,0.8589,-1,-1,-1
202,18,1083.79,82.89,42.38,70.08,0.6473,-1,-1,-1
202,19,1115.99,65.30,36.89,63.75,0.7703,-1,-1,-1
202,20,1525.71,67.70,33.89,36.82,0.4882,-1,-1,-1
202,21,624.71,883.53,93.61,75.01,0.3292,-1,-1,-1
202,24,1323.62,4.02,21.55,20.47,0.4262,-1,-1,-1
202,32,426.35,638.12,127.10,178.08,0.9443,-1,-1,-1
202,33,469.52,443.98,91.69,154.19,0.8958,-1,-1,-1
202,44,162.41,718.55,146.99,208.40,1.0000,-1,-1,-1
202,45,593.92,474.86,72.09,149.64,0.8948,-1,-1,-1
202,55,641.48,804.20,151.25,153.74,0.6446,-1,-1,-1
202,58,478.66,544.84,112.74,175.93,0.8552,-1,-1,-1
202,63,347.20,478.56,98.95,164.25,0.8487,-1,-1,-1
202,68,188.53,709.13,212.68,220.31,0.7867,-1,-1,-1
202,69,243.54,613.47,120.09,172.79,0.8953,-1,-1,-1
202,73,640.23,470.20,105.26,177.68,0.8562,-1,-1,-1
202,84,1019.44,127.38,44.66,78.11,0.8271,-1,-1,-1
202,88,35.02,851.89,142.73,203.25,0.9517,-1,-1,-1
202,96,246.22,826.29,200.90,116.43,1.0000,-1,-1,-1
202,99,711.76,332.45,44.77,115.98,0.7643,-1,-1,-1
203,1,545.66,367.36,81.27,137.07,0.8794,-1,-1,-1
203,2,680.02,819.64,188.03,156.27,0.9427,-1,-1,-1
203,4,928.51,181.23,53.86,90.29,0.8425,-1,-1,-1
203,5,496.35,118.10,50.95,73.96,0.8721,-1,-1,-1
203,7,831.02,364.70,67.91,125.09,0.8901,-1,-1,-1
203,8,606.31,329.11,71.82,115.13,0.8617,-1,-1,-1
203,10,976.15,156.86,49.04,90.92,0.8031,-1,-1,-1
203,11,898.91,209.22,55.09,93.66,0.8702,-1,-1,-1
203,13,683.00,432.76,79.85,130.39,0.7380,-1,-1,-1
203,14,730.73,274.14,66.21,112.55,0.8848,-1,-1,-1
203,15,1194.02,44.45,39.68,62.46,0.8175,-1,-1,-1
203,16,734.36,367.79,74.24,116.84,0.7517,-1,-1,-1
203,17,857.16,233.98,58.31,101.40,0.8667,-1,-1,-1
203,18,1085.51,81.18,43.09,71.83,0.6354,-1,-1,-1
203,19,1117.89,64.92,37.47,64.13,0.8093,-1,-1,-1
203,20,1525.58,67.65,33.74,36.48,0.5451,-1,-1,-1
203,21,624.75,882.92,94.00,75.32,1.0000,-1,-1,-1
203,24,1324.00,4.43,21.17,20.07,0.4190,-1,-1,-1
203,32,427.90,637.59,127.49,178.40,0.9514,-1,-1,-1
203,33,471.29,443.18,92.34,155.27,0.9133,-1,-1,-1
203,44,163.89,717.11,146.72,208.02,1.0000,-1,-1,-1
203,45,595.87,474.75,71.23,149.04,0.8713,-1,-1,-1
203,55,639.16,801.01,157.09,156.98,0.6088,-1,-1,-1
203,58,482.44,544.58,111.41,174.54,0.8686,-1,-1,-1
203,63,348.82,477.77,93.47,156.60,0.8064,-1,-1,-1
203,68,190.65,707.78,214.59,218.77,0.9058,-1,-1,-1
203,69,248.58,613.65,119.09,171.91,0.8944,-1,-1,-1
203,73,641.97,474.48,103.34,174.40,0.8620,-1,-1,-1
203,84,1020.61,127.20,44.89,78.18,0.8111,-1,-1,-1
203,88,38.30,852.49,144.09,200.26,0.9264,-1,-1,-1
203,96,245.08,823.59,204.39,118.45,1.0000,-1,-1,-1
203,99,715.41,330.56,44.15,113.85,0.7230,-1,-1,-1
204,1,547.65,367.09,81.22,137.16,0.8830,-1,-1,-1
204,2,688.13,832.24,175.35,144.17,0.9426,-1,-1,-1
204,4,928.97,180.24,53.41,89.67,0.8586,-1,-1,-1
204,5,497.48,116.84,51.62,74.74,0.8613,-1,-1,-1
204,7,832.09,363.63,68.12,125.39,0.8755,-1,-1,-1
204,8,608.73,328.83,70.96,114.13,0.8794,-1,-1,-1
204,10,976.35,155.62,49.38,91.42,0.8005,-1,-1,-1
204,11,899.37,208.39,55.09,93.72,0.8847,-1,-1,-1
204,13,683.38,433.35,79.71,130.40,0.7510,-1,-1,-1
204,14,732.95,274.38,64.97,109.84,0.8661,-1,-1,-1
204,15,1194.94,45.14,39.45,61.77,0.8106,-1,-1,-1
204,16,736.50,368.42,74.18,116.24,0.8145,-1,-1,-1
204,17,859.13,233.91,58.32,101.39,0.8676,-1,-1,-1
204,18,1086.13,81.42,42.33,71.13,0.6022,-1,-1,-1
204,19,1119.35,64.85,37.98,64.10,0.8055,-1,-1,-1
204,20,1525.85,67.49,33.62,36.30,0.5116,-1,-1,-1
204,21,624.78,882.31,94.39,75.63,1.0000,-1,-1,-1
204,24,1324.30,4.82,20.83,19.73,0.4070,-1,-1,-1
204,32,430.54,637.66,127.91,178.48,0.9461,-1,-1,-1
204,33,474.37,443.16,92.29,154.58,0.9053,-1,-1,-1
204,44,165.38,715.67,146.45,207.63,1.0000,-1,-1,-1
204,45,597.30,476.06,70.67,148.64,0.8786,-1,-1,-1
204,55,638.23,803.12,156.60,154.34,0.7583,-1,-1,-1
204,58,485.65,544.72,110.02,173.22,0.8750,-1,-1,-1
204,63,351.13,476.63,98.23,165.63,0.8788,-1,-1,-1
204,68,191.18,707.67,215.35,216.84,0.8514,-1,-1,-1
204,69,252.04,614.16,117.68,170.55,0.8943,-1,-1,-1
204,73,644.44,476.26,102.42,172.41,0.8567,-1,-1,-1
204,84,1021.34,126.96,45.13,78.34,0.7895,-1,-1,-1
204,88,42.20,854.28,145.54,197.99,0.9275,-1,-1,-1
204,96,243.94,820.88,207.88,120.47,1.0000,-1,-1,-1
204,99,716.99,329.19,43.94,112.76,0.7428,-1,-1,-1
205,1,550.07,366.11,81.14,137.63,0.8899,-1,-1,-1
205,2,691.44,836.72,171.11,139.36,0.9394,-1,-1,-1
205,4,929.59,179.39,53.02,88.84,0.8986,-1,-1,-1
205,5,499.22,116.66,51.77,74.83,0.8744,-1,-1,-1
205,7,834.21,362.16,67.83,124.83,0.8888,-1,-1,-1
205,8,611.08,328.31,69.96,112.90,0.8584,-1,-1,-1
205,10,977.86,154.79,49.64,91.88,0.7951,-1,-1,-1
205,11,900.57,207.40,55.05,93.89,0.9016,-1,-1,-1
205,13,684.42,434.14,78.90,129.37,0.7782,-1,-1,-1
205,14,735.68,273.49,64.95,110.82,0.8614,-1,-1,-1
205,15,1196.32,45.79,39.13,61.04,0.7825,-1,-1,-1
205,16,735.94,363.64,77.05,121.21,0.8431,-1,-1,-1
205,17,861.94,234.20,58.03,100.93,0.8514,-1,-1,-1
205,18,1087.02,81.71,41.49,69.87,0.6566,-1,-1,-1
205,19,1120.74,64.37,38.75,64.80,0.7759,-1,-1,-1
205,20,1526.68,67.40,32.97,35.48,0.5220,-1,-1,-1
205,21,624.82,881.69,94.77,75.94,1.0000,-1,-1,-1
205,24,1325.33,5.26,20.48,19.30,0.3854,-1,-1,-1
205,32,433.49,636.72,128.65,179.19,0.9397,-1,-1,-1
205,33,479.35,443.22,88.09,146.75,0.8817,-1,-1,-1
205,44,175.24,710.95,147.23,214.10,0.5266,-1,-1,-1
205,45,599.34,479.11,69.30,145.60,0.8491,-1,-1,-1
205,55,640.00,803.55,158.77,153.70,0.7934,-1,-1,-1
205,58,488.25,541.73,111.25,176.41,0.8638,-1,-1,-1
205,63,354.35,475.00,93.09,157.77,0.8318,-1,-1,-1
205,68,222.83,701.33,222.13,231.32,0.5502,-1,-1,-1
205,69,255.11,613.96,116.97,170.31,0.9002,-1,-1,-1
205,73,645.47,478.39,101.16,170.51,0.8513,-1,-1,-1
205,84,1022.73,127.35,45.00,77.62,0.8132,-1,-1,-1
205,88,48.93,856.72,146.01,195.10,0.9359,-1,-1,-1
205,96,242.80,818.17,211.37,122.50,1.0000,-1,-1,-1
205,99,718.28,329.43,43.18,109.65,0.6551,-1,-1,-1
206,1,552.73,365.76,80.78,137.46,0.8913,-1,-1,-1
206,2,692.81,839.38,169.53,136.67,0.9437,-1,-1,-1
206,4,930.38,179.34,52.20,87.09,0.8825,-1,-1,-1
206,5,501.74,116.54,51.91,74.78,0.8761,-1,-1,-1
206,7,834.80,360.44,68.29,125.46,0.8588,-1,-1,-1
206,8,613.11,328.45,69.58,112.44,0.8895,-1,-1,-1
206,10,978.90,153.97,49.47,91.89,0.8047,-1,-1,-1
206,11,902.09,206.76,54.87,93.84,0.8630,-1,-1,-1
206,13,684.19,433.01,80.30,131.73,0.7962,-1,-1,-1
206,14,739.67,274.59,64.13,109.67,0.8592,-1,-1,-1
206,15,1197.15,46.04,39.41,61.14,0.7881,-1,-1,-1
206,16,738.37,367.24,75.27,118.29,0.8630,-1,-1,-1
206,17,864.73,234.32,57.74,100.09,0.8578,-1,-1,-1
206,18,1087.94,82.37,41.44,69.29,0.6865,-1,-1,-1
206,19,1121.94,64.70,39.09,64.95,0.8035,-1,-1,-1
206,20,1527.27,67.88,32.32,34.72,0.4807,-1,-1,-1
206,21,624.85,881.08,95.16,76.25,1.0000,-1,-1,-1
206,24,1325.79,4.89,20.87,19.69,0.4066,-1,-1,-1
206,32,434.92,636.24,129.17,179.58,0.9389,-1,-1,-1
206,33,480.89,442.89,88.85,147.68,0.8809,-1,-1,-1
206,44,177.22,709.27,147.32,214.23,1.0000,-1,-1,-1
206,45,600.25,480.68,68.70,144.51,0.8647,-1,-1,-1
206,55,634.22,804.21,159.49,153.48,0.7714,-1,-1,-1
206,58,491.95,543.07,110.33,174.84,0.8769,-1,-1,-1
206,63,356.14,472.92,89.02,151.83,0.8505,-1,-1,-1
206,68,207.98,705.68,218.51,224.23,0.6034,-1,-1,-1
206,69,258.21,614.28,116.70,170.23,0.8958,-1,-1,-1
206,73,646.35,481.77,98.86,166.95,0.8519,-1,-1,-1
206,84,1023.62,126.56,45.21,78.11,0.8587,-1,-1,-1
206,88,52.58,858.02,146.83,193.32,0.9347,-1,-1,-1
206,96,241.66,815.47,214.86,124.52,1.0000,-1,-1,-1
206,99,721.04,327.75,43.31,109.45,0.7557,-1,-1,-1
206,101,-0.33,824.26,69.53,254.75,0.5145,-1,-1,-1
207,1,555.75,365.89,80.06,136.44,0.8841,-1,-1,-1
207,2,692.65,840.15,171.45,137.08,0.9420,-1,-1,-1
207,4,930.59,177.13,53.23,88.81,0.8887,-1,-1,-1
207,5,503.22,115.06,52.68,75.87,0.8842,-1,-1,-1
207,7,836.98,359.02,67.99,125.19,0.8754,-1,-1,-1
207,8,616.91,328.27,70.18,112.92,0.8813,-1,-1,-1
207,10,980.37,153.78,49.17,91.18,0.7975,-1,-1,-1
207,11,903.16,206.52,54.83,94.52,0.8682,-1,-1,-1
207,13,684.08,433.29,80.16,131.22,0.7817,-1,-1,-1
207,14,742.96,274.51,63.11,108.27,0.8531,-1,-1,-1
207,15,1198.31,46.01,39.58,61.28,0.7534,-1,-1,-1
207,16,740.50,366.02,76.50,120.48,0.8242,-1,-1,-1
207,17,866.59,233.92,58.14,100.49,0.8609,-1,-1,-1
207,18,1089.41,82.64,40.71,67.96,0.6611,-1,-1,-1
207,19,1122.76,63.79,40.07,66.12,0.7682,-1,-1,-1
207,20,1528.50,69.30,31.23,33.38,0.5236,-1,-1,-1
207,21,624.88,880.47,95.54,76.56,1.0000,-1,-1,-1
207,24,1325.72,4.35,21.33,20.23,0.3850,-1,-1,-1
207,32,436.26,630.76,132.68,185.39,0.9365,-1,-1,-1
207,33,482.48,443.10,90.14,149.98,0.8750,-1,-1,-1
207,44,179.19,707.58,147.40,214.35,1.0000,-1,-1,-1
207,45,605.05,477.87,71.17,147.59,0.7452,-1,-1,-1
207,55,636.83,805.15,161.88,153.59,0.7223,-1,-1,-1
207,58,497.34,544.51,108.59,172.58,0.8757,-1,-1,-1
207,63,358.47,473.72,87.42,150.33,0.8690,-1,-1,-1
207,68,199.37,705.54,215.85,220.45,0.5375,-1,-1,-1
207,69,261.88,615.05,116.70,170.48,0.9191,-1,-1,-1
207,73,647.94,481.04,99.09,167.53,0.8457,-1,-1,-1
207,84,1024.77,126.39,45.14,77.98,0.8462,-1,-1,-1
207,88,58.00,858.87,147.85,192.44,0.9326,-1,-1,-1
207,96,240.52,812.76,218.35,126.54,1.0000,-1,-1,-1
207,99,724.36,326.70,43.17,108.88,0.7779,-1,-1,-1
207,101,-0.43,809.26,73.53,269.60,0.6462,-1,-1,-1
207,102,376.72,577.58,79.41,64.98,0.6000,-1,-1,-1
208,1,557.68,365.71,79.36,135.95,0.8949,-1,-1,-1
208,2,690.95,838.92,174.82,138.97,0.9383,-1,-1,-1
208,4,931.40,175.98,53.50,89.46,0.8574,-1,-1,-1
208,5,504.85,113.65,53.10,76.55,0.8785,-1,-1,-1
208,7,838.44,357.66,68.28,125.84,0.8424,-1,-1,-1
208,8,619.40,326.83,70.72,113.53,0.8998,-1,-1,-1
208,10,982.14,153.21,49.40,91.25,0.8442,-1,-1,-1
208,11,904.45,205.44,54.59,94.69,0.8011,-1,-1,-1
208,13,684.00,433.12,80.84,132.31,0.8394,-1,-1,-1
208,14,746.01,273.07,64.31,110.22,0.8413,-1,-1,-1
208,15,1199.75,46.23,40.04,61.97,0.7436,-1,-1,-1
208,16,742.90,366.82,75.60,119.04,0.8434,-1,-1,-1
208,17,868.92,233.33,58.16,100.22,0.8676,-1,-1,-1
208,18,1090.24,82.12,40.58,67.35,0.7233,-1,-1,-1
208,19,1124.58,63.82,39.62,65.04,0.7398,-1,-1,-1
208,20,1529.67,69.08,31.90,33.90,0.5719,-1,-1,-1
208,21,624.92,879.86,95.93,76.87,1.0000,-1,-1,-1
208,24,1326.90,4.54,21.35,20.06,0.3868,-1,-1,-1
208,32,438.25,629.96,132.67,186.25,0.9351,-1,-1,-1
208,33,485.14,442.01,90.10,149.84,0.9068,-1,-1,-1
208,44,181.16,705.89,147.49,214.48,1.0000,-1,-1,-1
208,45,607.55,476.72,72.75,149.11,0.8378,-1,-1,-1
208,55,636.59,807.59,161.51,151.79,0.7745,-1,-1,-1
208,58,501.78,546.12,106.60,169.47,0.8628,-1,-1,-1
208,63,360.69,473.31,85.19,147.47,0.8995,-1,-1,-1
208,68,200.00,705.73,215.57,219.43,0.8477,-1,-1,-1
208,69,264.36,615.35,117.25,171.39,0.8997,-1,-1,-1
208,73,649.77,482.85,97.82,165.35,0.8378,-1,-1,-1
208,84,1026.67,126.27,45.08,77.73,0.8504,-1,-1,-1
208,88,61.70,859.19,149.09,191.77,0.9381,-1,-1,-1
208,96,239.37,810.05,221.84,128.56,1.0000,-1,-1,-1
208,99,728.15,327.11,43.18,108.72,0.7495,-1,-1,-1
208,101,1.89,809.42,73.40,268.18,0.6597,-1,-1,-1
208,102,380.52,576.61,78.85,64.82,0.6376,-1,-1,-1
209,1,559.76,364.30,79.46,136.75,0.9190,-1,-1,-1
209,2,689.88,838.38,177.02,140.04,0.9485,-1,-1,-1
209,4,932.46,175.02,53.04,88.74,0.8140,-1,-1,-1
209,5,507.31,113.22,53.06,76.73,0.8800,-1,-1,-1
209,7,840.13,355.49,68.52,126.40,0.8634,-1,-1,-1
209,8,623.26,326.38,70.83,113.57,0.9017,-1,-1,-1
209,10,982.94,153.41,49.82,91.45,0.8415,-1,-1,-1
209,11,905.38,203.27,55.33,97.08,0.8142,-1,-1,-1
209,13,683.92,432.16,81.19,132.64,0.8673,-1,-1,-1
209,14,747.85,272.99,64.86,110.59,0.8372,-1,-1,-1
209,15,1201.44,47.59,39.17,60.55,0.7230,-1,-1,-1
209,16,744.30,364.20,76.68,120.95,0.8084,-1,-1,-1
209,17,870.15,232.41,58.31,100.95,0.8541,-1,-1,-1
209,18,1090.91,81.72,40.59,66.94,0.7862,-1,-1,-1
209,19,1128.06,62.86,39.14,64.03,0.8031,-1,-1,-1
209,20,1529.61,68.10,33.14,35.14,0.5884,-1,-1,-1
209,21,630.70,892.12,92.08,72.75,0.3182,-1,-1,-1
209,24,1327.27,4.65,21.52,20.01,0.4155,-1,-1,-1
209,32,439.94,626.32,134.32,190.22,0.9247,-1,-1,-1
209,33,487.26,440.72,91.34,152.07,0.8991,-1,-1,-1
209,44,183.13,704.21,147.58,214.61,1.0000,-1,-1,-1
209,45,616.71,479.19,74.93,146.35,0.7699,-1,-1,-1
209,55,631.89,810.02,160.30,150.80,0.7237,-1,-1,-1
209,58,505.69,544.30,107.14,170.07,0.8560,-1,-1,-1
209,63,363.33,472.31,87.52,152.71,0.9083,-1,-1,-1
209,68,207.87,706.73,214.86,217.19,0.9037,-1,-1,-1
209,69,268.17,614.74,117.49,171.26,0.8987,-1,-1,-1
209,73,651.46,483.76,97.35,164.48,0.7140,-1,-1,-1
209,84,1028.30,125.31,45.23,78.27,0.8623,-1,-1,-1
209,88,63.14,858.41,151.33,192.54,0.9471,-1,-1,-1
209,96,238.23,807.35,225.33,130.59,1.0000,-1,-1,-1
209,99,732.73,326.56,43.06,108.11,0.6709,-1,-1,-1
209,101,4.00,815.34,72.40,262.69,0.5500,-1,-1,-1
209,102,365.80,546.57,110.45,92.62,0.3502,-1,-1,-1
210,1,561.49,363.10,79.40,137.40,0.9123,-1,-1,-1
210,2,690.05,838.75,177.19,139.52,0.9445,-1,-1,-1
210,4,932.67,173.21,53.79,90.12,0.8340,-1,-1,-1
210,5,508.66,112.01,53.43,77.97,0.8331,-1,-1,-1
210,7,841.84,354.22,68.09,125.33,0.8658,-1,-1,-1
210,8,625.43,325.77,71.51,114.50,0.8975,-1,-1,-1
210,10,983.75,152.45,50.24,92.07,0.8437,-1,-1,-1
210,11,906.92,203.90,54.32,95.99,0.8096,-1,-1,-1
210,13,684.04,431.71,80.96,132.01,0.8578,-1,-1,-1
210,14,748.14,274.28,63.44,107.65,0.7758,-1,-1,-1
210,15,1202.43,46.83,39.49,61.36,0.7270,-1,-1,-1
210,16,745.02,364.36,76.03,120.09,0.8243,-1,-1,-1
210,17,871.65,232.67,57.98,100.50,0.8644,-1,-1,-1
210,18,1090.78,81.38,40.73,66.49,0.7943,-1,-1,-1
210,19,1129.81,62.06,39.90,65.26,0.7601,-1,-1,-1
210,20,1529.40,66.85,34.60,36.66,0.6225,-1,-1,-1
210,21,631.27,892.57,92.01,72.69,1.0000,-1,-1,-1
210,24,1327.19,4.70,21.62,19.96,0.4402,-1,-1,-1
210,32,441.45,625.70,133.97,191.01,0.9234,-1,-1,-1
210,33,488.62,440.15,92.14,153.48,0.8999,-1,-1,-1
210,44,185.10,702.52,147.66,214.73,1.0000,-1,-1,-1
210,45,621.29,478.11,79.17,147.49,0.7693,-1,-1,-1
210,55,630.63,810.37,161.89,152.25,0.7640,-1,-1,-1
210,58,507.99,542.97,108.51,171.75,0.8804,-1,-1,-1
210,63,365.43,470.73,87.02,152.59,0.8988,-1,-1,-1
210,68,207.69,706.40,221.17,223.49,0.9210,-1,-1,-1
210,69,271.11,615.02,117.50,170.73,0.8968,-1,-1,-1
210,73,652.20,483.53,97.39,164.50,0.6830,-1,-1,-1
210,84,1029.96,124.56,45.52,78.99,0.8510,-1,-1,-1
210,88,63.35,857.31,154.13,194.19,0.9426,-1,-1,-1
210,96,237.09,804.64,228.81,132.61,1.0000,-1,-1,-1
210,99,741.06,324.58,43.58,106.55,0.6035,-1,-1,-1
210,101,5.40,820.93,71.44,256.64,0.6246,-1,-1,-1
210,102,368.59,543.26,107.76,91.90,0.3917,-1,-1,-1
211,1,563.64,362.21,78.90,137.04,0.9000,-1,-1,-1
211,2,686.43,835.53,182.64,143.58,0.9339,-1,-1,-1
211,4,934.46,173.46,52.69,88.65,0.8117,-1,-1,-1
211,5,510.19,111.34,53.24,78.29,0.8492,-1,-1,-1
211,7,842.62,351.60,68.49,126.28,0.8356,-1,-1,-1
211,8,627.52,325.75,71.87,115.07,0.8890,-1,-1,-1
211,10,985.17,152.44,50.42,91.97,0.8222,-1,-1,-1
211,11,908.72,203.57,54.58,97.14,0.7968,-1,-1,-1
211,13,681.60,430.52,82.04,132.69,0.8419,-1,-1,-1
211,14,752.80,276.36,62.13,105.38,0.7269,-1,-1,-1
211,15,1203.28,45.66,39.98,62.25,0.7951,-1,-1,-1
211,16,743.51,355.54,80.06,127.80,0.6520,-1,-1,-1
211,17,872.93,231.52,58.09,100.90,0.8866,-1,-1,-1
211,18,1091.52,80.41,41.46,67.32,0.8158,-1,-1,-1
211,19,1132.18,61.49,40.33,65.94,0.7696,-1,-1,-1
211,20,1529.30,65.99,34.77,36.83,0.6239,-1,-1,-1
211,21,631.83,893.02,91.94,72.64,1.0000,-1,-1,-1
211,24,1327.59,5.39,21.10,19.27,0.4682,-1,-1,-1
211,32,442.98,624.75,134.02,192.55,0.9243,-1,-1,-1
211,33,490.19,439.00,91.67,153.03,0.9079,-1,-1,-1
211,44,187.07,700.84,147.75,214.86,1.0000,-1,-1,-1
211,45,619.03,474.47,82.42,149.95,0.7997,-1,-1,-1
211,55,633.95,808.08,167.65,156.90,0.6076,-1,-1,-1
211,58,510.67,541.32,109.29,172.50,0.8830,-1,-1,-1
211,63,368.38,469.47,90.45,159.32,0.8912,-1,-1,-1
211,68,210.88,707.14,216.91,218.49,0.9066,-1,-1,-1
211,69,275.08,614.64,117.80,170.99,0.8762,-1,-1,-1
211,73,653.62,482.51,98.41,165.49,0.7517,-1,-1,-1
211,84,1031.15,124.03,45.54,78.94,0.8287,-1,-1,-1
211,88,65.64,856.46,155.64,194.34,0.9428,-1,-1,-1
211,96,235.95,801.93,232.30,134.63,1.0000,-1,-1,-1
211,99,745.69,316.09,49.38,118.04,0.6046,-1,-1,-1
211,101,4.11,806.55,76.22,272.41,0.4909,-1,-1,-1
211,102,366.74,535.20,115.24,98.28,1.0000,-1,-1,-1
212,1,564.73,361.78,78.39,136.72,0.8864,-1,-1,-1
212,2,686.23,834.70,184.31,144.79,0.9444,-1,-1,-1
212,4,935.27,172.94,52.30,88.52,0.8135,-1,-1,-1
212,5,512.77,111.46,52.08,76.81,0.8378,-1,-1,-1
212,7,843.61,349.62,68.29,126.14,0.8484,-1,-1,-1
212,8,629.49,325.33,71.67,114.78,0.8895,-1,-1,-1
212,10,987.15,152.35,50.55,91.69,0.8277,-1,-1,-1
212,11,909.76,204.52,53.90,96.35,0.8092,-1,-1,-1
212,13,682.42,430.04,82.40,133.05,0.8467,-1,-1,-1
212,14,758.26,276.08,61.14,104.09,0.7487,-1,-1,-1
212,15,1204.43,45.39,39.61,61.93,0.7539,-1,-1,-1
212,16,747.03,360.19,77.40,123.25,0.7369,-1,-1,-1
212,17,874.37,231.70,57.56,99.99,0.8799,-1,-1,-1
212,18,1091.96,79.22,42.32,68.51,0.8297,-1,-1,-1
212,19,1132.54,60.41,41.24,67.41,0.7724,-1,-1,-1
212,20,1529.70,66.14,34.38,36.40,0.6181,-1,-1,-1
212,21,632.39,893.47,91.87,72.58,1.0000,-1,-1,-1
212,24,1327.50,5.65,21.02,19.02,0.4798,-1,-1,-1
212,32,444.34,625.75,132.81,192.30,0.9281,-1,-1,-1
212,33,492.07,440.27,90.11,150.66,0.8868,-1,-1,-1
212,44,189.05,699.15,147.83,214.99,1.0000,-1,-1,-1
212,45,614.95,471.48,84.56,152.29,0.7704,-1,-1,-1
212,55,637.15,810.22,169.86,157.39,0.6414,-1,-1,-1
212,58,513.77,540.96,109.09,171.59,0.8442,-1,-1,-1
212,63,369.98,467.95,91.85,162.57,0.9061,-1,-1,-1
212,68,212.74,708.14,213.55,214.82,0.8976,-1,-1,-1
212,69,277.77,615.07,117.26,170.45,0.8810,-1,-1,-1
212,73,652.59,481.44,99.35,166.95,0.8283,-1,-1,-1
212,84,1032.88,123.92,45.04,77.74,0.8351,-1,-1,-1
212,88,68.28,855.64,157.33,195.08,0.9491,-1,-1,-1
212,96,234.81,799.23,235.79,136.65,1.0000,-1,-1,-1
212,99,746.54,310.91,51.51,121.80,0.6386,-1,-1,-1
212,101,8.36,830.15,71.38,249.32,0.5627,-1,-1,-1
212,102,364.89,527.14,122.72,104.65,1.0000,-1,-1,-1
213,1,566.66,360.60,77.66,135.95,0.8864,-1,-1,-1
213,2,687.38,837.91,182.08,142.59,0.9502,-1,-1,-1
213,4,935.21,170.78,52.93,90.09,0.8346,-1,-1,-1
213,5,514.21,110.77,51.78,76.72,0.8629,-1,-1,-1
213,7,844.45,348.22,67.81,125.62,0.8468,-1,-1,-1
213,8,632.36,324.60,70.71,113.32,0.8905,-1,-1,-1
213,10,988.90,151.23,51.02,92.50,0.8400,-1,-1,-1
213,11,911.64,207.71,52.46,94.15,0.7901,-1,-1,-1
213,13,683.55,428.12,82.67,133.65,0.7887,-1,-1,-1
213,14,761.44,276.18,61.80,104.56,0.7814,-1,-1,-1
213,15,1205.47,44.04,39.77,62.74,0.7598,-1,-1,-1
213,16,749.59,361.68,76.41,121.36,0.5772,-1,-1,-1
213,17,875.88,231.93,57.27,99.55,0.8789,-1,-1,-1
213,18,1091.77,78.74,43.09,69.71,0.8275,-1,-1,-1
213,19,1133.92,60.95,40.74,66.34,0.7516,-1,-1,-1
213,20,1529.61,65.77,34.80,36.98,0.6318,-1,-1,-1
213,21,632.95,893.92,91.80,72.53,1.0000,-1,-1,-1
213,24,1327.36,5.08,21.70,19.59,0.4266,-1,-1,-1
213,32,445.36,625.22,132.91,193.79,0.9221,-1,-1,-1
213,33,492.46,439.25,90.52,152.33,0.8907,-1,-1,-1
213,44,191.02,697.47,147.92,215.12,1.0000,-1,-1,-1
213,45,615.63,475.25,83.71,148.09,0.7595,-1,-1,-1
213,55,636.42,809.07,172.12,158.68,0.7526,-1,-1,-1
213,58,518.20,540.32,109.53,171.68,0.8725,-1,-1,-1
213,63,372.53,466.71,91.55,162.64,0.9122,-1,-1,-1
213,68,216.26,708.88,213.39,214.18,0.8895,-1,-1,-1
213,69,280.78,614.46,117.76,171.12,0.8713,-1,-1,-1
213,73,651.57,477.24,101.58,171.17,0.8027,-1,-1,-1
213,84,1033.71,123.18,45.29,77.71,0.8447,-1,-1,-1
213,88,71.12,852.34,159.92,197.33,0.9574,-1,-1,-1
213,96,233.67,796.52,239.28,138.67,1.0000,-1,-1,-1
213,99,751.42,317.68,54.28,125.82,0.6802,-1,-1,-1
213,101,6.08,809.61,77.79,269.40,0.7787,-1,-1,-1
213,102,363.04,519.08,130.20,111.03,1.0000,-1,-1,-1
214,1,568.08,360.33,76.98,135.41,0.8782,-1,-1,-1
214,2,684.03,832.98,187.78,147.46,0.9433,-1,-1,-1
214,4,935.68,169.46,52.58,89.77,0.8436,-1,-1,-1
214,5,515.57,110.41,51.14,76.15,0.8662,-1,-1,-1
214,7,845.22,347.02,66.86,124.22,0.8198,-1,-1,-1
214,8,635.13,324.02,70.15,112.02,0.8902,-1,-1,-1
214,10,990.80,151.17,51.13,92.43,0.8484,-1,-1,-1
214,11,912.01,208.95,51.85,93.35,0.8122,-1,-1,-1
214,13,684.58,426.99,82.74,134.15,0.7775,-1,-1,-1
214,14,763.39,276.95,61.98,104.78,0.7247,-1,-1,-1
214,15,1206.34,43.60,39.48,62.73,0.7836,-1,-1,-1
214,16,756.45,381.57,65.92,101.07,0.6617,-1,-1,-1
214,17,877.57,231.99,57.08,99.11,0.8666,-1,-1,-1
214,18,1091.68,78.27,43.46,70.38,0.8390,-1,-1,-1
214,19,1136.88,61.51,40.32,65.22,0.8058,-1,-1,-1
214,20,1529.67,65.85,34.81,37.16,0.6341,-1,-1,-1
214,21,633.51,894.36,91.73,72.48,1.0000,-1,-1,-1
214,24,1326.98,4.05,22.82,20.67,0.4406,-1,-1,-1
214,32,446.01,624.98,132.78,195.28,0.9340,-1,-1,-1
214,33,492.65,439.33,89.88,152.57,0.8711,-1,-1,-1
214,44,192.99,695.78,148.00,215.24,1.0000,-1,-1,-1
214,45,612.91,473.19,85.29,150.39,0.7523,-1,-1,-1
214,55,638.44,810.90,172.18,157.50,0.6585,-1,-1,-1
214,58,521.93,540.47,109.59,170.94,0.8745,-1,-1,-1
214,63,374.48,464.70,91.55,163.28,0.9117,-1,-1,-1
214,68,215.06,706.45,222.81,224.14,0.9262,-1,-1,-1
214,69,283.04,614.05,117.16,169.97,0.8827,-1,-1,-1
214,73,652.00,476.78,101.42,171.32,0.8333,-1,-1,-1
214,84,1035.15,123.04,45.67,77.76,0.8474,-1,-1,-1
214,88,73.20,850.74,161.66,198.76,0.9574,-1,-1,-1
214,96,232.53,793.81,242.77,140.70,1.0000,-1,-1,-1
214,99,754.23,321.54,55.86,127.02,0.6849,-1,-1,-1
214,101,6.12,799.53,81.65,279.39,0.7078,-1,-1,-1
214,102,361.19,511.02,137.68,117.41,1.0000,-1,-1,-1
215,1,570.74,359.83,76.31,134.53,0.8734,-1,-1,-1
215,2,686.88,837.03,183.62,143.91,0.9473,-1,-1,-1
215,4,935.02,168.11,53.20,91.34,0.8081,-1,-1,-1
215,5,517.02,110.26,50.92,76.12,0.8529,-1,-1,-1
215,7,846.48,345.80,66.37,123.25,0.8504,-1,-1,-1
215,8,637.43,322.78,70.37,112.04,0.8862,-1,-1,-1
215,10,992.28,150.95,51.66,92.60,0.8434,-1,-1,-1
215,11,911.78,204.95,53.43,97.07,0.7832,-1,-1,-1
215,13,684.37,426.33,82.26,133.59,0.7644,-1,-1,-1
215,14,764.24,276.86,62.14,104.95,0.7238,-1,-1,-1
215,15,1206.88,43.81,39.21,62.70,0.7858,-1,-1,-1
215,16,749.98,355.98,81.64,126.82,0.7667,-1,-1,-1
215,17,879.49,232.42,56.65,98.22,0.8504,-1,-1,-1
215,18,1093.11,77.66,43.83,70.89,0.8026,-1,-1,-1
215,19,1139.48,61.02,40.00,64.26,0.8083,-1,-1,-1
215,20,1530.02,66.19,34.46,36.92,0.6398,-1,-1,-1
215,21,634.07,894.81,91.66,72.42,1.0000,-1,-1,-1
215,24,1327.09,3.84,23.06,20.89,0.3731,-1,-1,-1
215,32,447.43,624.06,132.68,196.75,0.9346,-1,-1,-1
215,33,496.65,439.90,88.63,150.46,0.8619,-1,-1,-1
215,44,194.96,694.10,148.09,215.37,1.0000,-1,-1,-1
215,45,608.83,478.09,80.49,144.54,0.7633,-1,-1,-1
215,55,630.85,810.10,172.79,159.31,0.7383,-1,-1,-1
215,58,524.69,541.98,108.66,168.56,0.8629,-1,-1,-1
215,63,376.67,463.11,91.07,162.93,0.9173,-1,-1,-1
215,68,218.22,708.88,218.94,219.89,0.9184,-1,-1,-1
215,69,286.20,612.06,116.85,169.21,0.9018,-1,-1,-1
215,73,651.96,476.61,101.46,171.89,0.8829,-1,-1,-1
215,84,1037.54,123.59,45.06,76.28,0.8224,-1,-1,-1
215,88,75.39,849.93,163.84,200.65,0.9338,-1,-1,-1
215,96,231.38,791.11,246.26,142.72,1.0000,-1,-1,-1
215,99,754.70,321.00,49.55,111.09,0.3857,-1,-1,-1
215,101,7.68,803.50,81.87,275.19,0.6478,-1,-1,-1
215,102,359.34,502.96,145.16,123.79,1.0000,-1,-1,-1
216,1,572.20,359.28,76.00,134.33,0.8693,-1,-1,-1
216,2,685.19,835.12,187.10,147.09,0.9433,-1,-1,-1
216,4,935.48,165.61,53.79,92.55,0.8022,-1,-1,-1
216,5,518.55,109.95,50.88,76.31,0.8446,-1,-1,-1
216,7,848.25,342.59,66.63,123.46,0.8325,-1,-1,-1
216,8,638.82,322.96,69.97,111.42,0.8905,-1,-1,-1
216,10,993.97,150.21,51.70,92.14,0.8429,-1,-1,-1
216,11,912.75,203.24,52.75,96.41,0.7895,-1,-1,-1
216,13,684.54,426.83,81.12,132.36,0.7542,-1,-1,-1
216,14,768.33,276.55,61.10,103.17,0.7276,-1,-1,-1
216,15,1207.54,44.10,38.70,62.13,0.7721,-1,-1,-1
216,16,747.52,345.10,87.02,137.67,0.7236,-1,-1,-1
216,17,881.48,232.80,56.48,97.59,0.8558,-1,-1,-1
216,18,1093.84,76.97,44.27,71.39,0.7814,-1,-1,-1
216,19,1141.46,62.25,39.32,62.51,0.8259,-1,-1,-1
216,20,1530.00,66.25,34.21,36.58,0.6454,-1,-1,-1
216,21,634.64,895.26,91.59,72.37,1.0000,-1,-1,-1
216,24,1327.48,3.93,23.03,20.86,0.3638,-1,-1,-1
216,32,448.28,623.46,132.29,197.86,0.9397,-1,-1,-1
216,33,498.45,439.79,87.80,149.31,0.8670,-1,-1,-1
216,44,196.93,692.41,148.18,215.50,1.0000,-1,-1,-1
216,45,608.48,478.97,77.10,141.76,0.8130,-1,-1,-1
216,55,629.55,811.24,170.94,158.42,0.6262,-1,-1,-1
216,58,527.66,542.81,107.74,167.04,0.8743,-1,-1,-1
216,63,378.51,461.33,90.98,163.04,0.9219,-1,-1,-1
216,68,222.18,709.60,212.36,212.66,0.8781,-1,-1,-1
216,69,288.58,610.66,116.45,168.36,0.8915,-1,-1,-1
216,73,652.77,478.06,100.56,170.52,0.8986,-1,-1,-1
216,84,1038.52,123.03,45.27,76.37,0.8172,-1,-1,-1
216,88,79.13,849.56,164.77,201.40,0.9274,-1,-1,-1
216,96,230.24,788.40,249.75,144.74,1.0000,-1,-1,-1
216,99,758.16,320.30,49.18,110.25,1.0000,-1,-1,-1
216,101,8.88,802.91,83.79,275.94,0.7157,-1,-1,-1
216,102,357.49,494.90,152.64,130.17,1.0000,-1,-1,-1
217,1,574.88,357.83,76.81,135.84,0.8983,-1,-1,-1
217,2,683.62,834.59,189.19,149.14,0.9432,-1,-1,-1
217,4,935.77,165.81,53.38,91.41,0.8377,-1,-1,-1
217,5,520.92,109.15,50.84,76.49,0.8412,-1,-1,-1
217,7,850.02,341.08,67.48,124.41,0.8598,-1,-1,-1
217,8,641.74,322.61,69.36,110.37,0.8938,-1,-1,-1
217,10,996.48,150.68,51.32,90.65,0.8403,-1,-1,-1
217,11,913.71,203.83,51.66,94.73,0.7269,-1,-1,-1
217,13,686.02,426.64,80.39,130.99,0.7678,-1,-1,-1
217,14,771.39,277.29,61.03,102.89,0.6335,-1,-1,-1
217,15,1208.74,43.23,38.99,62.91,0.8020,-1,-1,-1
217,16,748.96,342.74,86.45,138.53,0.7681,-1,-1,-1
217,17,883.38,233.06,56.75,97.43,0.8540,-1,-1,-1
217,18,1094.29,77.83,44.26,70.91,0.7427,-1,-1,-1
217,19,1142.75,61.72,39.71,62.71,0.8259,-1,-1,-1
217,20,1529.74,65.86,34.51,36.79,0.6514,-1,-1,-1
217,21,635.20,895.71,91.52,72.31,1.0000,-1,-1,-1
217,24,1327.68,3.81,23.17,20.99,1.0000,-1,-1,-1
217,32,449.83,622.66,131.47,198.31,0.9385,-1,-1,-1
217,33,501.52,439.64,87.27,148.37,0.8897,-1,-1,-1
217,44,198.90,690.73,148.26,215.63,1.0000,-1,-1,-1
217,45,611.01,480.94,73.27,137.63,0.7562,-1,-1,-1
217,55,621.61,813.22,165.28,156.42,0.6294,-1,-1,-1
217,58,530.17,544.18,106.01,164.02,0.8696,-1,-1,-1
217,63,381.80,459.69,89.40,159.93,0.8878,-1,-1,-1
217,68,221.52,706.18,219.10,219.99,0.7743,-1,-1,-1
217,69,290.35,609.18,117.23,169.45,0.9105,-1,-1,-1
217,73,653.63,478.27,100.19,170.28,0.8913,-1,-1,-1
217,84,1039.08,122.54,45.55,76.59,0.7900,-1,-1,-1
217,88,84.22,848.76,164.82,201.69,0.9242,-1,-1,-1
217,96,229.10,785.69,253.24,146.76,1.0000,-1,-1,-1
217,99,760.87,317.38,50.25,109.92,0.4642,-1,-1,-1
217,101,10.49,805.74,84.90,272.64,0.6466,-1,-1,-1
217,102,355.64,486.84,160.12,136.55,1.0000,-1,-1,-1
218,1,576.85,356.41,76.95,136.51,0.8826,-1,-1,-1
218,2,686.98,840.37,182.96,143.71,0.9484,-1,-1,-1
218,4,937.39,164.74,53.05,91.21,0.8761,-1,-1,-1
218,5,522.52,109.83,49.85,75.16,0.8339,-1,-1,-1
218,7,851.55,340.42,67.85,124.34,0.8779,-1,-1,-1
218,8,644.14,321.85,69.23,110.55,0.8923,-1,-1,-1
218,10,997.62,149.74,51.70,90.80,0.8326,-1,-1,-1
218,11,914.81,204.75,51.04,93.57,0.6769,-1,-1,-1
218,13,686.62,425.35,81.27,132.03,0.7984,-1,-1,-1
218,14,773.35,277.33,59.97,101.54,0.6999,-1,-1,-1
218,15,1210.15,43.94,38.64,62.40,0.8166,-1,-1,-1
218,16,750.63,340.55,87.23,141.66,0.8058,-1,-1,-1
218,17,884.69,232.79,56.67,96.73,0.8424,-1,-1,-1
218,18,1094.78,77.84,44.61,71.07,0.7570,-1,-1,-1
218,19,1144.59,62.35,39.17,61.16,0.8288,-1,-1,-1
218,20,1529.71,64.87,35.21,37.36,0.6711,-1,-1,-1
218,21,635.76,896.16,91.45,72.26,1.0000,-1,-1,-1
218,24,1327.89,3.68,23.31,21.12,1.0000,-1,-1,-1
218,32,451.63,621.06,131.12,199.28,0.9324,-1,-1,-1
218,33,502.14,439.64,86.29,147.33,0.8966,-1,-1,-1
218,44,200.87,689.04,148.35,215.75,1.0000,-1,-1,-1
218,45,614.05,482.24,72.09,136.86,0.6959,-1,-1,-1
218,55,620.49,814.09,161.58,155.53,0.6843,-1,-1,-1
218,58,531.47,543.75,105.30,162.87,0.8568,-1,-1,-1
218,63,384.26,458.33,89.50,160.19,0.9265,-1,-1,-1
218,68,223.62,707.53,206.01,207.32,0.5243,-1,-1,-1
218,69,292.62,607.19,118.15,170.57,0.9069,-1,-1,-1
218,73,654.07,478.52,99.73,169.67,0.8813,-1,-1,-1
218,84,1039.08,122.39,46.67,78.00,0.7894,-1,-1,-1
218,88,87.41,848.62,164.59,201.36,0.9219,-1,-1,-1
218,96,227.96,782.99,256.73,148.79,1.0000,-1,-1,-1
218,99,762.72,317.84,51.22,109.58,0.5924,-1,-1,-1
218,101,11.32,813.18,84.80,265.07,0.6647,-1,-1,-1
218,102,353.79,478.78,167.60,142.93,1.0000,-1,-1,-1
219,1,578.89,354.96,77.55,137.72,0.8965,-1,-1,-1
219,2,682.14,832.82,193.19,152.93,0.9407,-1,-1,-1
219,4,937.41,162.80,52.73,91.29,0.8760,-1,-1,-1
219,5,524.70,109.62,50.03,75.63,0.8479,-1,-1,-1
219,7,853.31,338.18,67.89,124.06,0.8887,-1,-1,-1
219,8,646.52,320.97,69.40,111.47,0.8878,-1,-1,-1
219,10,998.31,148.69,52.30,91.51,0.8636,-1,-1,-1
219,11,915.54,205.52,50.09,91.59,0.7539,-1,-1,-1
219,13,688.22,424.09,81.47,132.57,0.7896,-1,-1,-1
219,14,774.99,277.87,60.49,103.03,0.5748,-1,-1,-1
219,15,1210.93,44.17,38.44,62.15,0.8129,-1,-1,-1
219,16,751.30,334.74,89.55,148.02,0.7683,-1,-1,-1
219,17,885.26,231.93,56.91,96.78,0.8542,-1,-1,-1
219,18,1094.95,77.74,44.74,70.98,0.7678,-1,-1,-1
219,19,1144.79,61.21,40.38,62.67,0.8613,-1,-1,-1
219,20,1530.32,65.01,34.99,36.86,0.6707,-1,-1,-1
219,21,636.32,896.61,91.38,72.20,1.0000,-1,-1,-1
219,24,1328.09,3.56,23.45,21.24,1.0000,-1,-1,-1
219,32,454.43,619.16,130.17,199.11,0.9297,-1,-1,-1
219,33,505.18,439.68,87.04,148.24,0.8869,-1,-1,-1
219,44,202.85,687.36,148.43,215.88,1.0000,-1,-1,-1
219,45,615.21,485.10,66.93,128.99,0.7662,-1,-1,-1
219,55,620.20,812.56,159.93,156.56,0.5305,-1,-1,-1
219,58,534.51,544.03,104.31,161.42,0.8277,-1,-1,-1
219,63,386.77,455.91,89.18,159.60,0.9213,-1,-1,-1
219,68,227.03,707.33,199.62,201.21,0.6547,-1,-1,-1
219,69,293.80,606.11,119.75,173.16,0.8944,-1,-1,-1
219,73,655.36,479.11,99.19,168.92,0.9011,-1,-1,-1
219,84,1040.77,121.82,46.94,78.63,0.8022,-1,-1,-1
219,88,91.01,847.51,163.53,199.90,0.9312,-1,-1,-1
219,96,226.82,780.28,260.22,150.81,1.0000,-1,-1,-1
219,99,764.76,314.54,52.48,110.13,0.5764,-1,-1,-1
219,101,5.79,771.13,98.38,306.13,0.7469,-1,-1,-1
219,102,351.95,470.72,175.08,149.31,1.0000,-1,-1,-1
220,1,580.05,354.81,76.95,137.23,0.9097,-1,-1,-1
220,2,678.93,826.42,199.84,159.68,0.9515,-1,-1,-1
220,4,937.81,161.69,51.90,90.59,0.8657,-1,-1,-1
220,5,526.15,108.85,50.48,76.41,0.8590,-1,-1,-1
220,7,854.41,336.21,67.85,123.36,0.8854,-1,-1,-1
220,8,648.74,320.15,69.78,112.09,0.9180,-1,-1,-1
220,10,1000.25,149.60,51.88,90.25,0.8398,-1,-1,-1
220,11,916.42,206.98,49.29,89.67,0.7877,-1,-1,-1
220,13,688.42,423.90,81.25,132.26,0.7995,-1,-1,-1
220,14,779.05,277.88,60.21,103.48,0.5999,-1,-1,-1
220,15,1211.38,43.86,37.99,61.44,0.7929,-1,-1,-1
220,16,753.35,339.04,86.16,143.56,0.7768,-1,-1,-1
220,17,885.34,231.45,57.19,97.15,0.8536,-1,-1,-1
220,18,1095.36,78.05,44.44,70.27,0.7666,-1,-1,-1
220,19,1146.04,61.84,40.31,61.96,0.8476,-1,-1,-1
220,20,1530.30,64.37,35.24,36.92,0.6835,-1,-1,-1
220,21,636.88,897.05,91.31,72.15,1.0000,-1,-1,-1
220,24,1328.29,3.44,23.59,21.37,1.0000,-1,-1,-1
220,32,456.65,618.90,128.14,196.89,0.9347,-1,-1,-1
220,33,506.13,438.13,88.06,150.12,0.8866,-1,-1,-1
220,44,204.82,685.67,148.52,216.01,1.0000,-1,-1,-1
220,45,613.04,483.85,68.62,134.62,0.7676,-1,-1,-1
220,55,620.08,810.22,159.70,158.84,0.5807,-1,-1,-1
220,58,537.34,543.51,104.18,160.93,0.8231,-1,-1,-1
220,63,389.36,454.91,89.03,159.33,0.9189,-1,-1,-1
220,68,227.42,706.80,197.07,199.22,0.8974,-1,-1,-1
220,69,295.75,604.87,119.83,173.77,0.8859,-1,-1,-1
220,73,656.35,477.23,100.08,170.46,0.8988,-1,-1,-1
220,84,1042.20,120.78,47.38,79.80,0.7974,-1,-1,-1
220,88,93.53,848.72,162.66,198.45,0.9278,-1,-1,-1
220,99,766.46,311.34,55.54,114.81,0.5985,-1,-1,-1
220,101,3.53,753.63,104.34,323.51,0.7873,-1,-1,-1
220,102,350.10,462.66,182.56,155.69,1.0000,-1,-1,-1
220,105,318.79,803.98,106.84,126.05,0.5163,-1,-1,-1
221,1,581.69,353.83,77.50,138.31,0.9046,-1,-1,-1
221,2,679.31,828.76,198.19,159.33,0.9462,-1,-1,-1
221,4,937.31,160.55,51.19,89.82,0.8624,-1,-1,-1
221,5,527.29,108.39,50.80,76.93,0.8605,-1,-1,-1
221,7,856.98,333.73,69.10,124.78,0.8810,-1,-1,-1
221,8,651.22,319.48,70.38,113.16,0.9254,-1,-1,-1
221,10,1000.99,148.27,52.89,91.59,0.8181,-1,-1,-1
221,11,916.68,207.39,48.86,88.31,0.8198,-1,-1,-1
221,13,689.15,427.51,79.28,129.20,0.8235,-1,-1,-1
221,14,778.76,278.58,60.56,104.01,0.5999,-1,-1,-1
221,15,1211.38,43.67,37.96,61.59,0.8028,-1,-1,-1
221,16,753.58,329.13,82.28,139.02,0.7924,-1,-1,-1
221,17,886.32,231.95,56.64,95.87,0.8440,-1,-1,-1
221,18,1095.54,78.67,44.38,69.72,0.7442,-1,-1,-1
221,19,1145.98,61.74,40.86,62.41,0.8402,-1,-1,-1
221,20,1530.19,63.71,35.47,37.06,0.6833,-1,-1,-1
221,21,637.44,897.50,91.24,72.09,1.0000,-1,-1,-1
221,24,1328.50,3.32,23.73,21.50,1.0000,-1,-1,-1
221,32,458.41,616.56,128.07,197.98,0.9330,-1,-1,-1
221,33,508.11,436.79,88.21,150.47,0.8870,-1,-1,-1
221,44,206.79,683.98,148.61,216.13,1.0000,-1,-1,-1
221,45,613.99,480.62,66.29,132.36,0.7922,-1,-1,-1
221,55,630.14,812.22,157.62,155.97,0.5751,-1,-1,-1
221,58,538.73,543.92,104.55,161.52,0.8375,-1,-1,-1
221,63,392.44,452.78,89.04,159.64,0.9028,-1,-1,-1
221,68,234.36,706.13,200.00,201.35,0.8686,-1,-1,-1
221,69,298.26,603.04,119.39,173.98,0.8939,-1,-1,-1
221,73,656.39,475.77,101.06,172.18,0.8954,-1,-1,-1
221,84,1044.18,120.12,47.69,80.56,0.7866,-1,-1,-1
221,88,95.95,847.76,162.33,198.00,0.9214,-1,-1,-1
221,99,769.57,310.00,55.56,114.85,1.0000,-1,-1,-1
221,101,2.23,739.78,109.26,337.94,0.7697,-1,-1,-1
221,102,348.25,454.60,190.04,162.07,1.0000,-1,-1,-1
221,105,329.04,825.94,88.17,104.02,1.0000,-1,-1,-1
222,1,583.72,353.78,76.34,135.94,0.9144,-1,-1,-1
222,2,677.78,826.74,200.96,162.96,0.9453,-1,-1,-1
222,4,936.92,159.84,51.72,90.81,0.8840,-1,-1,-1
222,5,528.79,107.95,50.93,77.17,0.8706,-1,-1,-1
222,7,859.15,331.68,69.70,124.96,0.8520,-1,-1,-1
222,8,653.06,319.26,70.08,112.72,0.9288,-1,-1,-1
222,10,1002.51,147.81,53.32,92.08,0.8300,-1,-1,-1
222,11,916.84,207.12,48.99,88.29,0.6906,-1,-1,-1
222,13,690.07,430.79,77.34,126.06,0.8352,-1,-1,-1
222,14,777.94,277.90,60.91,103.64,0.5906,-1,-1,-1
222,15,1212.23,43.71,37.97,61.83,0.8304,-1,-1,-1
222,16,754.83,333.59,83.69,142.57,0.7885,-1,-1,-1
222,17,887.35,230.28,57.46,97.15,0.8181,-1,-1,-1
222,18,1096.18,79.62,44.13,68.79,0.7473,-1,-1,-1
222,19,1146.73,60.82,41.62,63.43,0.8380,-1,-1,-1
222,20,1530.01,63.42,35.71,37.27,0.6881,-1,-1,-1
222,21,638.01,897.95,91.17,72.04,1.0000,-1,-1,-1
222,24,1328.70,3.19,23.87,21.63,1.0000,-1,-1,-1
222,32,461.71,615.38,126.26,196.24,0.9287,-1,-1,-1
222,33,506.15,435.47,87.80,151.93,0.8921,-1,-1,-1
222,44,208.76,682.30,148.69,216.26,1.0000,-1,-1,-1
222,45,616.32,479.36,61.68,124.65,0.8117,-1,-1,-1
222,55,627.33,813.06,155.07,155.02,0.4890,-1,-1,-1
222,58,538.94,541.80,105.02,163.22,0.8286,-1,-1,-1
222,63,395.98,450.21,88.47,159.06,0.8927,-1,-1,-1
222,68,238.80,705.74,202.70,203.69,0.8646,-1,-1,-1
222,69,301.04,602.53,118.45,173.21,0.9036,-1,-1,-1
222,73,656.76,474.81,100.94,171.82,0.8849,-1,-1,-1
222,84,1045.03,120.15,47.49,80.37,0.8085,-1,-1,-1
222,88,98.91,847.82,161.73,197.01,0.9199,-1,-1,-1
222,99,772.67,308.66,55.58,114.89,1.0000,-1,-1,-1
222,101,2.61,737.50,110.75,340.72,0.7261,-1,-1,-1
222,102,346.40,446.54,197.52,168.44,1.0000,-1,-1,-1
222,105,339.28,847.90,69.51,82.00,1.0000,-1,-1,-1
223,1,585.20,352.63,76.14,135.56,0.9018,-1,-1,-1
223,2,676.81,825.36,201.68,164.82,0.9377,-1,-1,-1
223,4,936.67,159.19,51.49,90.92,0.8550,-1,-1,-1
223,5,530.71,108.08,49.79,75.31,0.8695,-1,-1,-1
223,7,859.92,329.87,70.45,125.99,0.8791,-1,-1,-1
223,8,654.33,317.14,70.94,114.44,0.9124,-1,-1,-1
223,10,1003.98,147.97,53.37,91.71,0.8041,-1,-1,-1
223,11,918.00,206.40,49.57,88.84,0.8172,-1,-1,-1
223,13,689.71,432.20,76.98,125.01,0.8398,-1,-1,-1
223,14,777.76,278.26,60.02,101.17,0.6355,-1,-1,-1
223,15,1213.70,44.25,37.60,60.89,0.8353,-1,-1,-1
223,16,757.79,341.61,79.75,135.95,0.7723,-1,-1,-1
223,17,888.24,230.70,57.12,96.55,0.8410,-1,-1,-1
223,18,1096.25,77.57,45.28,70.41,0.7515,-1,-1,-1
223,19,1147.84,60.28,41.83,63.73,0.8386,-1,-1,-1
223,20,1529.82,63.22,35.76,37.27,0.6899,-1,-1,-1
223,21,638.57,898.40,91.10,71.98,1.0000,-1,-1,-1
223,24,1328.91,3.07,24.01,21.75,1.0000,-1,-1,-1
223,32,464.45,614.46,124.91,194.94,0.9198,-1,-1,-1
223,33,509.44,434.18,87.92,152.33,0.8837,-1,-1,-1
223,44,233.53,705.55,130.60,200.14,0.3533,-1,-1,-1
223,45,615.34,478.60,61.25,125.99,0.8432,-1,-1,-1
223,55,634.30,816.28,153.80,152.53,0.4555,-1,-1,-1
223,58,543.93,542.52,105.69,163.33,0.8427,-1,-1,-1
223,63,399.86,447.78,88.12,158.17,0.9154,-1,-1,-1
223,68,238.57,700.50,212.57,215.17,0.5893,-1,-1,-1
223,69,303.30,601.33,118.58,174.11,0.8981,-1,-1,-1
223,73,658.43,474.74,100.37,170.55,0.8697,-1,-1,-1
223,84,1046.67,120.03,47.18,79.83,0.8183,-1,-1,-1
223,88,100.59,847.02,162.08,197.05,0.9204,-1,-1,-1
223,99,775.78,307.32,55.61,114.93,1.0000,-1,-1,-1
223,101,4.46,748.06,108.65,330.59,0.7776,-1,-1,-1
223,102,344.55,438.48,205.00,174.82,1.0000,-1,-1,-1
223,105,349.53,869.87,50.84,59.98,1.0000,-1,-1,-1
224,1,586.41,352.24,75.76,135.23,0.9005,-1,-1,-1
224,2,681.70,835.52,190.51,155.44,0.9405,-1,-1,-1
224,4,937.19,158.55,51.35,91.28,0.8625,-1,-1,-1
224,5,532.55,108.01,49.31,74.26,0.8807,-1,-1,-1
224,7,860.10,327.25,70.08,125.65,0.8860,-1,-1,-1
224,8,655.27,316.49,70.36,113.91,0.9002,-1,-1,-1
224,10,1005.19,148.04,53.50,91.43,0.8460,-1,-1,-1
224,11,918.90,206.77,49.58,88.07,0.7912,-1,-1,-1
224,13,689.32,432.53,77.27,125.15,0.8363,-1,-1,-1
224,14,779.43,278.49,60.89,101.65,0.6114,-1,-1,-1
224,15,1213.99,43.23,38.26,61.82,0.8366,-1,-1,-1
224,16,759.01,345.23,78.02,132.93,0.8355,-1,-1,-1
224,17,889.33,229.82,57.61,97.52,0.8378,-1,-1,-1
224,18,1097.73,79.46,44.11,67.99,0.7383,-1,-1,-1
224,19,1149.62,60.46,40.95,62.41,0.8237,-1,-1,-1
224,20,1529.58,63.31,35.56,36.96,0.6845,-1,-1,-1
224,21,639.13,898.85,91.03,71.93,1.0000,-1,-1,-1
224,24,1329.11,2.95,24.15,21.88,1.0000,-1,-1,-1
224,32,466.58,613.29,124.75,195.21,0.9243,-1,-1,-1
224,33,508.52,433.09,86.32,151.69,0.8738,-1,-1,-1
224,44,236.51,705.17,130.12,199.42,1.0000,-1,-1,-1
224,45,616.37,477.82,58.52,122.22,0.8140,-1,-1,-1
224,55,632.94,817.33,152.74,151.46,0.6709,-1,-1,-1
224,58,547.56,543.55,105.48,162.45,0.8733,-1,-1,-1
224,63,402.86,445.86,88.47,158.72,0.9114,-1,-1,-1
224,68,242.27,702.23,203.27,206.61,0.6825,-1,-1,-1
224,69,304.91,599.52,119.57,176.20,0.8997,-1,-1,-1
224,73,658.90,474.50,100.40,170.41,0.8311,-1,-1,-1
224,84,1047.94,121.01,46.39,78.34,0.8425,-1,-1,-1
224,88,102.08,845.82,163.07,197.86,0.9212,-1,-1,-1
224,99,778.89,305.98,55.63,114.98,1.0000,-1,-1,-1
224,101,5.26,753.01,108.10,325.27,0.7379,-1,-1,-1
224,102,342.70,430.42,212.48,181.20,1.0000,-1,-1,-1
224,105,359.78,891.83,32.17,37.95,1.0000,-1,-1,-1
225,1,587.65,351.50,75.82,135.40,0.8836,-1,-1,-1
225,2,679.55,832.17,194.54,159.62,0.9405,-1,-1,-1
225,4,938.91,158.23,50.56,89.57,0.8383,-1,-1,-1
225,5,534.12,106.79,50.26,75.41,0.8649,-1,-1,-1
225,7,861.07,323.29,69.91,126.23,0.8912,-1,-1,-1
225,8,657.77,316.29,69.58,112.84,0.8863,-1,-1,-1
225,10,1006.13,148.33,53.28,90.49,0.8460,-1,-1,-1
225,11,919.59,206.19,49.65,88.12,0.8095,-1,-1,-1
225,13,689.10,432.88,78.17,125.94,0.8328,-1,-1,-1
225,14,780.98,278.59,61.12,100.93,0.6763,-1,-1,-1
225,15,1214.59,42.99,38.52,62.25,0.8315,-1,-1,-1
225,16,759.85,344.80,78.30,133.38,0.8450,-1,-1,-1
225,17,889.64,229.35,57.80,97.83,0.8591,-1,-1,-1
225,18,1098.85,77.91,45.03,69.33,0.7326,-1,-1,-1
225,19,1151.30,60.21,40.84,62.48,0.8094,-1,-1,-1
225,20,1529.26,63.26,35.70,37.10,0.6881,-1,-1,-1
225,21,639.69,899.30,90.95,71.87,1.0000,-1,-1,-1
225,24,1329.31,2.82,24.29,22.01,1.0000,-1,-1,-1
225,32,469.81,612.66,124.46,194.65,0.9330,-1,-1,-1
225,33,511.00,431.33,86.43,152.71,0.8476,-1,-1,-1
225,44,239.48,704.80,129.64,198.69,1.0000,-1,-1,-1
225,45,615.68,477.18,58.75,125.00,0.7986,-1,-1,-1
225,55,639.15,817.11,157.50,154.06,0.5571,-1,-1,-1
225,58,552.14,544.99,105.34,161.63,0.8613,-1,-1,-1
225,63,406.64,443.66,87.75,157.24,0.9050,-1,-1,-1
225,68,247.19,702.90,203.58,207.23,0.8130,-1,-1,-1
225,69,307.75,598.25,119.89,177.16,0.9115,-1,-1,-1
225,73,658.89,474.51,99.82,169.09,0.8443,-1,-1,-1
225,84,1048.70,120.88,45.87,77.51,0.8049,-1,-1,-1
225,88,103.13,843.46,165.34,200.40,0.9280,-1,-1,-1
225,99,782.00,304.64,55.65,115.02,1.0000,-1,-1,-1
225,101,4.36,745.33,111.71,333.77,0.8770,-1,-1,-1
225,102,340.85,422.36,219.97,187.58,1.0000,-1,-1,-1
225,105,370.02,913.80,13.50,15.93,1.0000,-1,-1,-1
226,1,588.91,351.26,75.43,134.99,0.9042,-1,-1,-1
226,2,676.90,828.52,197.69,163.22,0.9388,-1,-1,-1
226,4,939.12,157.92,50.39,88.74,0.8543,-1,-1,-1
226,5,535.16,106.09,50.77,75.97,0.8678,-1,-1,-1
226,7,861.58,321.19,69.44,127.15,0.8619,-1,-1,-1
226,8,659.87,315.08,69.86,113.19,0.8885,-1,-1,-1
226,10,1007.15,147.93,53.57,90.50,0.8632,-1,-1,-1
226,11,920.36,207.09,49.00,86.64,0.7757,-1,-1,-1
226,13,688.95,432.62,79.65,128.14,0.8423,-1,-1,-1
226,14,781.86,278.03,64.00,105.81,0.7011,-1,-1,-1
226,15,1215.09,42.85,38.48,62.19,0.8272,-1,-1,-1
226,16,761.05,347.53,76.97,130.71,0.8515,-1,-1,-1
226,17,890.39,228.44,57.94,97.74,0.8553,-1,-1,-1
226,18,1099.72,78.44,44.68,68.56,0.7269,-1,-1,-1
226,19,1151.81,60.30,41.18,63.09,0.7875,-1,-1,-1
226,20,1529.09,63.40,35.48,36.78,0.6834,-1,-1,-1
226,21,640.25,899.74,90.88,71.82,1.0000,-1,-1,-1
226,24,1329.52,2.70,24.44,22.14,1.0000,-1,-1,-1
226,32,471.93,611.70,124.64,195.26,0.9279,-1,-1,-1
226,33,515.32,430.70,87.27,153.24,0.8700,-1,-1,-1
226,44,242.46,704.43,129.16,197.96,1.0000,-1,-1,-1
226,45,615.48,475.99,59.25,128.52,0.7215,-1,-1,-1
226,55,632.75,816.43,157.85,155.50,0.5150,-1,-1,-1
226,58,554.88,547.61,104.64,159.91,0.8478,-1,-1,-1
226,63,409.66,442.26,87.98,157.49,0.9082,-1,-1,-1
226,68,249.18,702.60,207.47,212.41,0.8482,-1,-1,-1
226,69,309.76,597.63,119.29,176.88,0.9038,-1,-1,-1
226,73,658.73,474.53,99.58,168.62,0.8301,-1,-1,-1
226,84,1049.98,120.97,45.56,77.21,0.8178,-1,-1,-1
226,88,103.78,840.85,167.28,203.05,0.9350,-1,-1,-1
226,99,785.10,303.30,55.67,115.06,1.0000,-1,-1,-1
226,101,3.25,735.55,115.55,343.68,0.8967,-1,-1,-1
226,102,339.00,414.30,227.45,193.96,1.0000,-1,-1,-1
226,105,380.27,935.76,-5.17,-6.10,1.0000,-1,-1,-1
227,1,590.79,350.64,75.47,134.94,0.9040,-1,-1,-1
227,2,678.92,832.32,192.91,159.32,0.9183,-1,-1,-1
227,4,941.02,156.89,49.57,86.76,0.8486,-1,-1,-1
227,5,536.34,105.13,50.55,75.19,0.8780,-1,-1,-1
227,7,864.59,319.20,69.17,126.55,0.8912,-1,-1,-1
227,8,663.25,315.51,69.33,112.20,0.8915,-1,-1,-1
227,10,1008.03,148.13,53.36,89.94,0.8771,-1,-1,-1
227,11,922.24,207.69,48.22,85.17,0.7558,-1,-1,-1
227,13,690.34,432.57,79.51,127.61,0.8500,-1,-1,-1
227,14,785.04,276.67,63.77,104.74,0.7155,-1,-1,-1
227,15,1215.81,42.69,38.35,61.69,0.8200,-1,-1,-1
227,16,761.31,346.92,77.22,130.98,0.8470,-1,-1,-1
227,17,891.28,227.70,58.31,98.23,0.8601,-1,-1,-1
227,18,1099.94,76.92,45.35,69.66,0.7406,-1,-1,-1
227,19,1154.17,59.68,41.29,63.40,0.7814,-1,-1,-1
227,20,1528.82,62.94,36.16,37.52,0.6881,-1,-1,-1
227,21,640.81,900.19,90.81,71.76,1.0000,-1,-1,-1
227,24,1329.72,2.58,24.58,22.26,1.0000,-1,-1,-1
227,32,474.96,611.20,123.96,193.83,0.9121,-1,-1,-1
227,33,517.29,429.87,87.43,153.23,0.8697,-1,-1,-1
227,44,245.43,704.05,128.69,197.23,1.0000,-1,-1,-1
227,45,615.20,476.55,59.53,131.35,0.7733,-1,-1,-1
227,55,628.81,816.94,156.64,155.69,0.5018,-1,-1,-1
227,58,558.41,547.50,105.18,159.76,0.8726,-1,-1,-1
227,63,412.17,441.47,86.45,155.83,0.9012,-1,-1,-1
227,68,252.62,702.33,207.13,212.99,0.8631,-1,-1,-1
227,69,311.74,597.47,119.42,177.65,0.8956,-1,-1,-1
227,73,657.64,474.29,98.67,167.33,0.8349,-1,-1,-1
227,84,1051.82,120.94,45.27,77.14,0.8265,-1,-1,-1
227,88,104.25,838.58,168.62,205.10,0.9373,-1,-1,-1
227,99,788.21,301.97,55.69,115.10,1.0000,-1,-1,-1
227,101,2.47,728.81,118.32,350.67,0.8972,-1,-1,-1
227,102,337.15,406.24,234.93,200.34,1.0000,-1,-1,-1
227,105,390.52,957.73,-23.83,-28.12,1.0000,-1,-1,-1
228,1,592.13,349.99,75.41,135.09,0.8915,-1,-1,-1
228,2,680.49,834.80,190.14,156.98,0.9056,-1,-1,-1
228,4,941.43,155.97,49.58,86.47,0.8546,-1,-1,-1
228,5,538.14,105.04,49.53,73.24,0.8687,-1,-1,-1
228,7,867.19,317.84,69.24,126.46,0.8890,-1,-1,-1
228,8,665.78,316.26,69.43,111.93,0.8832,-1,-1,-1
228,10,1008.97,147.08,54.09,90.78,0.8781,-1,-1,-1
228,11,923.11,207.83,47.99,84.61,0.7862,-1,-1,-1
228,13,688.67,432.21,80.53,129.45,0.8533,-1,-1,-1
228,14,784.80,275.79,65.21,107.14,0.6891,-1,-1,-1
228,15,1216.21,42.66,38.30,61.33,0.8283,-1,-1,-1
228,16,761.53,344.83,78.49,132.92,0.8570,-1,-1,-1
228,17,891.87,228.05,57.63,97.03,0.8629,-1,-1,-1
228,18,1101.22,76.18,45.37,70.12,0.7414,-1,-1,-1
228,19,1154.92,59.44,41.35,63.47,0.7787,-1,-1,-1
228,20,1528.70,62.66,36.15,37.48,0.6948,-1,-1,-1
228,21,641.38,900.64,90.74,71.71,1.0000,-1,-1,-1
228,24,1329.93,2.45,24.72,22.39,1.0000,-1,-1,-1
228,32,477.60,611.19,124.26,193.45,0.9066,-1,-1,-1
228,33,519.38,429.87,87.32,152.59,0.8516,-1,-1,-1
228,44,248.41,703.68,128.21,196.51,1.0000,-1,-1,-1
228,45,616.35,476.38,58.34,130.81,0.7062,-1,-1,-1
228,55,628.76,818.37,155.30,154.53,0.5447,-1,-1,-1
228,58,560.48,546.24,106.83,161.39,0.8813,-1,-1,-1
228,63,414.75,440.64,84.74,153.15,0.8739,-1,-1,-1
228,68,253.37,702.65,209.47,216.71,0.9334,-1,-1,-1
228,69,315.49,597.92,118.29,175.82,0.9001,-1,-1,-1
228,73,655.39,473.72,98.72,167.41,0.7846,-1,-1,-1
228,84,1052.94,121.40,44.47,75.83,0.8148,-1,-1,-1
228,88,104.50,836.22,170.26,207.73,0.9355,-1,-1,-1
228,99,791.32,300.63,55.71,115.14,1.0000,-1,-1,-1
228,101,2.52,727.66,119.22,351.71,0.9016,-1,-1,-1
228,102,335.30,398.18,242.41,206.72,1.0000,-1,-1,-1
228,105,400.77,979.69,-42.50,-50.14,1.0000,-1,-1,-1
229,1,594.97,349.35,75.12,134.40,0.8953,-1,-1,-1
229,2,682.75,838.47,186.81,154.11,0.9269,-1,-1,-1
229,4,942.87,155.58,50.03,86.56,0.8555,-1,-1,-1
229,5,540.05,104.70,49.37,72.57,0.8523,-1,-1,-1
229,7,868.56,315.37,69.13,126.67,0.9015,-1,-1,-1
229,8,669.45,316.47,68.32,109.20,0.8759,-1,-1,-1
229,10,1010.23,146.36,54.08,90.95,0.8794,-1,-1,-1
229,11,923.98,208.02,47.93,84.64,0.7667,-1,-1,-1
229,13,689.12,431.34,80.30,129.36,0.8634,-1,-1,-1
229,14,788.59,275.06,63.91,104.69,0.6654,-1,-1,-1
229,15,1216.57,42.21,38.48,61.51,0.8177,-1,-1,-1
229,16,763.64,345.67,77.88,132.25,0.8111,-1,-1,-1
229,17,892.91,228.25,57.16,96.28,0.8352,-1,-1,-1
229,18,1102.72,77.49,44.60,69.41,0.7680,-1,-1,-1
229,19,1156.73,59.08,41.80,64.05,0.7704,-1,-1,-1
229,20,1528.79,62.18,36.85,38.40,0.7312,-1,-1,-1
229,21,641.94,901.09,90.67,71.66,1.0000,-1,-1,-1
229,24,1330.13,2.33,24.86,22.52,1.0000,-1,-1,-1
229,32,480.08,609.79,124.06,192.26,0.9208,-1,-1,-1
229,33,522.88,428.79,88.29,153.12,0.8707,-1,-1,-1
229,44,251.38,703.31,127.73,195.78,1.0000,-1,-1,-1
229,45,617.70,478.11,58.42,132.96,0.7172,-1,-1,-1
229,55,640.29,821.86,156.58,151.93,0.5941,-1,-1,-1
229,58,564.70,549.07,105.80,158.99,0.8733,-1,-1,-1
229,63,419.56,438.75,82.80,149.67,0.8621,-1,-1,-1
229,68,254.25,699.27,212.32,221.15,0.9307,-1,-1,-1
229,69,318.93,598.49,117.13,173.07,0.9069,-1,-1,-1
229,73,657.56,473.30,99.04,166.92,0.8246,-1,-1,-1
229,84,1054.37,120.70,44.65,76.52,0.8063,-1,-1,-1
229,88,105.55,833.43,171.53,209.66,0.9212,-1,-1,-1
229,99,794.43,299.29,55.73,115.18,1.0000,-1,-1,-1
229,101,3.09,729.07,119.54,350.51,0.8901,-1,-1,-1
229,102,424.86,523.53,85.74,72.21,0.3338,-1,-1,-1
229,105,411.01,1001.65,-61.17,-72.17,1.0000,-1,-1,-1
230,1,596.94,349.06,75.04,134.05,0.8995,-1,-1,-1
230,2,683.00,839.41,187.12,154.46,0.9446,-1,-1,-1
230,4,943.74,155.25,50.17,86.08,0.8602,-1,-1,-1
230,5,541.37,104.56,49.62,72.68,0.8705,-1,-1,-1
230,7,869.51,314.41,68.26,125.18,0.9006,-1,-1,-1
230,8,671.83,317.17,68.52,108.83,0.8799,-1,-1,-1
230,10,1012.70,146.00,54.15,90.83,0.8758,-1,-1,-1
230,11,924.29,207.13,48.31,85.46,0.7311,-1,-1,-1
230,13,690.87,430.64,79.63,128.32,0.8717,-1,-1,-1
230,14,789.87,274.81,64.09,104.50,0.6693,-1,-1,-1
230,15,1217.09,41.07,38.82,62.28,0.8046,-1,-1,-1
230,16,765.44,347.08,77.12,130.85,0.8224,-1,-1,-1
230,17,893.59,227.06,57.88,97.77,0.8393,-1,-1,-1
230,18,1103.39,77.90,44.05,68.84,0.7605,-1,-1,-1
230,19,1157.98,58.48,41.87,64.46,0.7612,-1,-1,-1
230,20,1529.30,62.27,36.54,38.14,0.7204,-1,-1,-1
230,21,642.50,901.54,90.60,71.60,1.0000,-1,-1,-1
230,24,1330.33,2.21,25.00,22.65,1.0000,-1,-1,-1
230,32,482.48,609.35,123.36,190.23,0.9143,-1,-1,-1
230,33,524.68,428.03,89.12,153.87,0.8657,-1,-1,-1
230,44,254.35,702.93,127.26,195.05,1.0000,-1,-1,-1
230,45,619.04,477.70,56.72,130.07,0.7287,-1,-1,-1
230,55,634.69,822.13,157.32,151.92,0.7413,-1,-1,-1
230,58,567.78,549.96,105.85,158.27,0.8501,-1,-1,-1
230,63,423.28,437.77,84.54,152.60,0.8770,-1,-1,-1
230,68,255.71,698.21,211.66,221.76,0.9436,-1,-1,-1
230,69,323.18,597.80,116.17,171.45,0.8733,-1,-1,-1
230,73,658.96,473.00,99.61,167.17,0.8319,-1,-1,-1
230,84,1055.73,121.04,44.11,75.59,0.7682,-1,-1,-1
230,88,106.58,830.03,173.70,212.77,0.8764,-1,-1,-1
230,99,797.54,297.95,55.75,115.23,1.0000,-1,-1,-1
230,101,4.07,734.40,118.61,344.84,0.7930,-1,-1,-1
230,102,427.61,522.12,84.97,71.56,1.0000,-1,-1,-1
230,105,421.26,1023.62,-79.84,-94.19,1.0000,-1,-1,-1
231,1,598.32,349.03,75.14,133.93,0.8995,-1,-1,-1
231,2,681.01,836.55,190.75,157.90,0.9400,-1,-1,-1
231,4,943.62,153.60,50.77,86.69,0.8464,-1,-1,-1
231,5,543.01,103.65,50.24,73.51,0.8614,-1,-1,-1
231,7,870.01,312.41,67.13,123.81,0.8890,-1,-1,-1
231,8,673.36,316.68,69.70,110.37,0.8964,-1,-1,-1
231,10,1014.22,146.50,53.73,89.73,0.8701,-1,-1,-1
231,11,923.63,205.77,49.52,87.63,0.5844,-1,-1,-1
231,13,689.73,428.67,80.07,128.97,0.8636,-1,-1,-1
231,14,791.14,273.74,64.53,105.04,0.7417,-1,-1,-1
231,15,1217.38,40.57,39.30,63.18,0.8101,-1,-1,-1
231,16,766.91,347.41,76.18,129.03,0.8294,-1,-1,-1
231,17,894.56,223.67,59.06,100.48,0.7644,-1,-1,-1
231,18,1103.98,78.29,43.57,68.28,0.7537,-1,-1,-1
231,19,1158.76,59.80,41.63,63.98,0.7636,-1,-1,-1
231,20,1529.46,62.19,36.48,38.08,0.7271,-1,-1,-1
231,21,643.06,901.99,90.53,71.55,1.0000,-1,-1,-1
231,24,1330.54,2.09,25.14,22.77,1.0000,-1,-1,-1
231,32,486.33,607.86,123.08,188.95,0.9254,-1,-1,-1
231,33,527.67,426.64,89.53,153.94,0.8622,-1,-1,-1
231,44,257.33,702.56,126.78,194.33,1.0000,-1,-1,-1
231,45,619.36,480.28,56.81,130.79,0.6484,-1,-1,-1
231,55,637.43,822.38,159.99,151.93,0.6698,-1,-1,-1
231,58,569.74,547.91,107.98,160.69,0.8752,-1,-1,-1
231,63,428.68,436.05,85.69,154.06,0.8853,-1,-1,-1
231,68,258.40,698.07,209.80,220.75,0.9416,-1,-1,-1
231,69,327.65,597.70,115.21,169.30,0.8821,-1,-1,-1
231,73,650.14,472.01,102.64,167.90,0.7619,-1,-1,-1
231,84,1055.98,120.75,44.19,75.84,0.7689,-1,-1,-1
231,88,107.71,828.58,175.02,214.41,0.8891,-1,-1,-1
231,99,800.64,296.61,55.77,115.27,1.0000,-1,-1,-1
231,101,4.48,731.90,120.42,347.26,0.8450,-1,-1,-1
231,102,430.35,520.72,84.20,70.91,1.0000,-1,-1,-1
231,105,431.51,1045.58,-98.51,-116.21,1.0000,-1,-1,-1
232,1,599.94,348.03,75.08,133.63,0.9055,-1,-1,-1
232,2,682.09,838.44,187.93,155.41,0.9303,-1,-1,-1
232,4,944.57,152.63,50.99,87.01,0.8594,-1,-1,-1
232,5,544.45,103.87,50.20,73.41,0.8405,-1,-1,-1
232,7,871.99,312.47,66.53,122.74,0.9009,-1,-1,-1
232,8,675.08,315.96,70.15,110.93,0.8937,-1,-1,-1
232,10,1015.60,146.73,53.58,89.09,0.8521,-1,-1,-1
232,11,923.48,203.04,50.80,90.18,0.6501,-1,-1,-1
232,13,688.49,425.85,81.08,130.68,0.8437,-1,-1,-1
232,14,791.51,273.04,65.62,106.85,0.7446,-1,-1,-1
232,15,1218.24,39.96,39.69,64.06,0.8141,-1,-1,-1
232,16,767.99,348.47,75.68,128.21,0.8265,-1,-1,-1
232,17,895.31,223.16,59.11,100.92,0.7897,-1,-1,-1
232,18,1104.18,78.52,43.29,67.85,0.7977,-1,-1,-1
232,19,1160.27,59.31,41.95,64.27,0.8016,-1,-1,-1
232,20,1529.62,62.19,36.57,38.22,0.7285,-1,-1,-1
232,21,643.62,902.43,90.46,71.49,1.0000,-1,-1,-1
232,24,1330.74,1.96,25.28,22.90,1.0000,-1,-1,-1
232,32,489.83,606.79,122.77,187.94,0.9206,-1,-1,-1
232,33,529.43,426.54,89.22,152.67,0.8757,-1,-1,-1
232,44,260.30,702.18,126.30,193.60,1.0000,-1,-1,-1
232,45,623.14,480.55,53.28,123.31,0.6346,-1,-1,-1
232,55,638.78,822.24,162.95,152.46,0.7453,-1,-1,-1
232,58,573.28,548.55,107.38,159.51,0.8857,-1,-1,-1
232,63,432.30,434.94,85.32,152.76,0.9102,-1,-1,-1
232,68,261.67,698.68,207.90,219.38,0.9386,-1,-1,-1
232,69,330.39,596.79,115.50,169.15,0.9040,-1,-1,-1
232,73,654.29,470.78,103.05,168.33,0.7952,-1,-1,-1
232,84,1056.90,120.95,43.75,75.05,0.7768,-1,-1,-1
232,88,109.96,826.49,175.78,215.55,0.9109,-1,-1,-1
232,99,803.75,295.27,55.79,115.31,1.0000,-1,-1,-1
232,101,4.49,726.38,123.25,352.74,0.8340,-1,-1,-1
232,102,433.09,519.31,83.42,70.26,1.0000,-1,-1,-1
232,105,441.75,1067.55,-117.17,-138.24,1.0000,-1,-1,-1
233,1,601.77,347.53,75.21,134.01,0.9114,-1,-1,-1
233,2,680.70,837.12,190.20,157.69,0.9370,-1,-1,-1
233,4,945.43,151.73,50.96,86.96,0.8793,-1,-1,-1
233,5,546.69,104.20,49.97,72.86,0.8759,-1,-1,-1
233,7,873.74,311.68,65.07,120.39,0.8738,-1,-1,-1
233,8,678.17,316.03,69.53,109.90,0.8906,-1,-1,-1
233,10,1016.94,146.13,54.16,89.68,0.8419,-1,-1,-1
233,11,924.94,201.47,50.14,89.58,0.8119,-1,-1,-1
233,13,685.90,422.39,82.22,133.37,0.8180,-1,-1,-1
233,14,791.87,271.78,67.14,110.05,0.7014,-1,-1,-1
233,15,1219.27,39.83,39.19,63.35,0.8091,-1,-1,-1
233,16,769.06,347.46,76.22,129.48,0.8311,-1,-1,-1
233,17,895.99,224.38,58.21,99.35,0.8196,-1,-1,-1
233,18,1105.43,77.79,43.63,68.53,0.7956,-1,-1,-1
233,19,1160.89,58.57,42.46,64.86,0.7919,-1,-1,-1
233,20,1529.86,62.44,36.32,37.99,0.7238,-1,-1,-1
233,21,644.19,902.88,90.39,71.44,1.0000,-1,-1,-1
233,24,1330.95,1.84,25.42,23.03,1.0000,-1,-1,-1
233,32,491.76,606.55,122.30,186.83,0.9116,-1,-1,-1
233,33,531.16,426.09,89.01,151.76,0.8919,-1,-1,-1
233,44,263.28,701.81,125.82,192.87,1.0000,-1,-1,-1
233,45,626.73,483.84,50.49,116.87,0.7459,-1,-1,-1
233,55,638.12,821.44,166.35,153.75,0.7452,-1,-1,-1
233,58,575.72,547.42,108.40,160.79,0.8663,-1,-1,-1
233,63,436.33,433.98,85.33,152.38,0.9175,-1,-1,-1
233,68,264.36,698.01,206.49,218.61,0.9318,-1,-1,-1
233,69,333.17,596.29,115.56,169.18,0.8860,-1,-1,-1
233,73,659.48,472.41,101.77,166.67,0.7973,-1,-1,-1
233,84,1057.81,120.26,44.06,75.13,0.7682,-1,-1,-1
233,88,112.30,825.57,176.61,216.65,0.8929,-1,-1,-1
233,99,806.86,293.93,55.81,115.35,1.0000,-1,-1,-1
233,101,4.67,725.73,124.32,352.96,0.8068,-1,-1,-1
233,102,435.83,517.91,82.65,69.61,1.0000,-1,-1,-1
233,105,452.00,1089.51,-135.84,-160.26,1.0000,-1,-1,-1
234,1,604.07,348.40,74.55,132.87,0.9114,-1,-1,-1
234,2,681.89,840.72,187.32,155.24,0.9429,-1,-1,-1
234,4,946.44,150.40,51.43,88.11,0.8913,-1,-1,-1
234,5,547.50,103.00,51.36,74.85,0.8805,-1,-1,-1
234,7,874.00,310.74,64.19,119.45,0.8823,-1,-1,-1
234,8,680.74,316.36,69.18,109.04,0.8952,-1,-1,-1
234,10,1017.50,146.57,54.16,89.16,0.8452,-1,-1,-1
234,11,924.75,199.05,51.07,92.03,0.7827,-1,-1,-1
234,13,684.50,420.10,82.96,135.10,0.8086,-1,-1,-1
234,14,793.87,271.03,67.05,110.22,0.7484,-1,-1,-1
234,15,1219.86,39.32,39.26,63.76,0.7882,-1,-1,-1
234,16,769.90,347.39,75.65,128.52,0.8368,-1,-1,-1
234,17,896.95,225.90,57.19,97.54,0.8136,-1,-1,-1
234,18,1106.48,77.51,43.86,69.01,0.8203,-1,-1,-1
234,19,1161.61,59.09,42.33,64.27,0.7967,-1,-1,-1
234,20,1530.15,62.48,36.04,37.74,0.7246,-1,-1,-1
234,21,644.75,903.33,90.32,71.38,1.0000,-1,-1,-1
234,24,1331.15,1.72,25.56,23.16,1.0000,-1,-1,-1
234,32,493.78,606.92,121.35,185.13,0.9005,-1,-1,-1
234,33,532.58,425.82,88.88,151.66,0.8937,-1,-1,-1
234,44,266.25,701.44,125.35,192.14,1.0000,-1,-1,-1
234,45,627.78,486.28,49.95,115.47,0.7867,-1,-1,-1
234,55,627.49,821.40,165.13,153.57,0.8171,-1,-1,-1
234,58,577.87,550.92,107.20,158.31,0.8715,-1,-1,-1
234,63,438.40,433.10,85.57,152.41,0.9143,-1,-1,-1
234,68,266.96,698.52,204.91,217.53,0.9376,-1,-1,-1
234,69,335.25,595.26,116.53,170.45,0.8987,-1,-1,-1
234,73,662.95,473.75,100.05,163.55,0.8122,-1,-1,-1
234,84,1058.18,119.83,44.18,75.23,0.7667,-1,-1,-1
234,88,114.34,825.13,176.08,216.44,0.9000,-1,-1,-1
234,99,809.97,292.60,55.83,115.39,1.0000,-1,-1,-1
234,101,4.68,728.05,124.35,350.33,0.7898,-1,-1,-1
234,102,438.57,516.50,81.88,68.96,1.0000,-1,-1,-1
234,105,462.25,1111.47,-154.51,-182.29,1.0000,-1,-1,-1
235,1,605.86,347.63,74.49,132.59,0.9086,-1,-1,-1
235,2,682.16,843.80,184.60,152.65,0.9394,-1,-1,-1
235,4,946.69,148.93,51.99,89.73,0.8956,-1,-1,-1
235,5,549.44,102.14,51.22,74.25,0.8893,-1,-1,-1
235,7,875.02,308.34,64.77,120.93,0.8844,-1,-1,-1
235,8,682.96,315.37,69.35,109.16,0.8969,-1,-1,-1
235,10,1018.62,146.21,54.69,89.97,0.8612,-1,-1,-1
235,11,926.09,199.48,50.86,92.27,0.8493,-1,-1,-1
235,13,684.30,417.93,82.61,135.21,0.7991,-1,-1,-1
235,14,792.69,269.10,71.06,118.13,0.7820,-1,-1,-1
235,15,1220.79,39.95,38.99,63.53,0.7697,-1,-1,-1
235,16,772.00,349.45,74.78,126.73,0.8675,-1,-1,-1
235,17,897.59,225.67,56.53,96.31,0.7928,-1,-1,-1
235,18,1107.24,76.89,44.06,69.49,0.8104,-1,-1,-1
235,19,1162.85,58.46,43.07,65.16,0.7888,-1,-1,-1
235,20,1530.21,62.47,36.06,37.82,0.7088,-1,-1,-1
235,21,645.31,903.78,90.25,71.33,1.0000,-1,-1,-1
235,24,1331.35,1.59,25.70,23.28,1.0000,-1,-1,-1
235,32,495.65,607.21,121.27,184.92,0.9046,-1,-1,-1
235,33,534.59,424.45,89.17,152.45,0.8869,-1,-1,-1
235,44,269.23,701.06,124.87,191.42,1.0000,-1,-1,-1
235,45,627.04,487.77,52.90,122.85,0.8768,-1,-1,-1
235,55,630.41,822.19,166.09,153.30,0.7615,-1,-1,-1
235,58,578.86,550.76,108.89,160.25,0.8280,-1,-1,-1
235,63,441.81,431.93,85.52,151.83,0.8953,-1,-1,-1
235,68,268.02,695.23,206.31,220.16,0.8827,-1,-1,-1
235,69,337.27,594.34,116.67,170.59,0.8897,-1,-1,-1
235,73,664.54,474.48,99.20,163.10,0.8101,-1,-1,-1
235,84,1059.38,119.52,44.43,75.63,0.7730,-1,-1,-1
235,88,116.84,824.05,176.80,217.74,0.8969,-1,-1,-1
235,99,813.08,291.26,55.85,115.43,1.0000,-1,-1,-1
235,101,2.93,722.13,126.89,356.39,0.8399,-1,-1,-1
235,102,441.32,515.10,81.11,68.32,1.0000,-1,-1,-1
235,105,472.50,1133.44,-173.18,-204.31,1.0000,-1,-1,-1
236,1,607.07,347.35,74.43,132.27,0.9109,-1,-1,-1
236,2,685.82,851.11,177.31,145.65,0.9411,-1,-1,-1
236,4,947.15,147.64,52.49,90.99,0.8753,-1,-1,-1
236,5,550.01,101.42,51.57,74.46,0.9042,-1,-1,-1
236,7,875.99,307.42,64.99,121.63,0.8787,-1,-1,-1
236,8,683.75,314.26,69.74,109.79,0.9080,-1,-1,-1
236,10,1019.39,145.30,55.26,91.01,0.8654,-1,-1,-1
236,11,926.71,199.29,50.14,91.70,0.7910,-1,-1,-1
236,13,684.25,415.13,83.44,137.18,0.8352,-1,-1,-1
236,14,792.65,268.44,70.51,118.36,0.7717,-1,-1,-1
236,15,1221.65,39.78,38.87,63.75,0.7832,-1,-1,-1
236,16,773.27,353.68,72.81,122.77,0.8782,-1,-1,-1
236,17,897.82,226.15,56.52,96.23,0.8011,-1,-1,-1
236,18,1107.22,76.40,44.18,69.89,0.8084,-1,-1,-1
236,19,1163.81,58.79,42.90,64.67,0.7996,-1,-1,-1
236,20,1530.07,62.51,35.80,37.54,0.7061,-1,-1,-1
236,21,645.87,904.23,90.18,71.27,1.0000,-1,-1,-1
236,24,1331.56,1.47,25.84,23.41,1.0000,-1,-1,-1
236,32,496.31,607.92,121.17,184.59,0.8965,-1,-1,-1
236,33,536.90,424.17,89.05,151.92,0.8827,-1,-1,-1
236,44,272.20,700.69,124.39,190.69,1.0000,-1,-1,-1
236,45,626.62,487.83,54.30,126.58,0.8893,-1,-1,-1
236,55,630.58,822.71,166.56,152.78,0.7871,-1,-1,-1
236,58,580.91,553.78,108.35,158.31,0.8347,-1,-1,-1
236,63,444.30,431.15,85.56,151.60,0.8894,-1,-1,-1
236,68,271.68,695.95,203.73,218.12,0.9155,-1,-1,-1
236,69,338.38,594.47,117.51,171.84,0.8790,-1,-1,-1
236,73,666.00,474.19,98.51,162.95,0.8120,-1,-1,-1
236,84,1060.26,118.98,44.78,76.23,0.7824,-1,-1,-1
236,88,119.15,823.64,176.30,217.18,0.8931,-1,-1,-1
236,99,816.18,289.92,55.87,115.48,1.0000,-1,-1,-1
236,101,4.49,740.54,121.43,337.84,0.7799,-1,-1,-1
236,102,444.06,513.69,80.34,67.67,1.0000,-1,-1,-1
236,105,482.74,1155.40,-191.85,-226.33,1.0000,-1,-1,-1
237,1,607.75,346.60,74.61,132.42,0.9159,-1,-1,-1
237,2,688.23,855.48,174.43,142.48,0.9463,-1,-1,-1
237,4,950.11,147.38,50.91,88.43,0.8755,-1,-1,-1
237,5,552.12,100.09,52.18,75.75,0.8593,-1,-1,-1
237,7,876.91,305.05,66.04,123.99,0.8663,-1,-1,-1
237,8,685.42,313.69,69.79,109.71,0.9037,-1,-1,-1
237,10,1020.38,145.25,55.05,90.55,0.8569,-1,-1,-1
237,11,927.22,199.02,49.96,91.96,0.8816,-1,-1,-1
237,13,683.83,413.37,84.27,139.16,0.8149,-1,-1,-1
237,14,793.61,267.39,72.03,122.56,0.7907,-1,-1,-1
237,15,1222.27,39.64,39.14,64.32,0.7774,-1,-1,-1
237,16,774.35,353.82,72.32,121.16,0.8769,-1,-1,-1
237,17,898.04,225.99,56.29,96.03,0.8403,-1,-1,-1
237,18,1108.08,76.33,43.90,69.81,0.7747,-1,-1,-1
237,19,1165.13,58.07,42.49,64.03,0.8084,-1,-1,-1
237,20,1530.08,62.37,36.20,38.00,0.7274,-1,-1,-1
237,21,646.43,904.68,90.11,71.22,1.0000,-1,-1,-1
237,24,1331.76,1.35,25.98,23.54,1.0000,-1,-1,-1
237,32,500.00,607.90,120.62,183.35,0.8952,-1,-1,-1
237,33,538.56,424.06,89.23,152.38,0.8765,-1,-1,-1
237,44,275.17,700.32,123.92,189.96,1.0000,-1,-1,-1
237,45,627.03,486.56,54.97,128.27,0.8358,-1,-1,-1
237,55,622.28,821.76,166.65,154.46,0.7990,-1,-1,-1
237,58,581.93,553.58,108.41,157.67,0.8192,-1,-1,-1
237,63,447.42,429.13,85.91,152.13,0.9182,-1,-1,-1
237,68,273.64,693.24,205.07,220.61,0.9251,-1,-1,-1
237,69,341.52,593.94,117.58,172.22,0.8542,-1,-1,-1
237,73,667.08,470.43,99.49,164.15,0.7736,-1,-1,-1
237,84,1061.12,117.97,45.15,76.64,0.7996,-1,-1,-1
237,88,125.64,822.45,173.97,215.49,0.8913,-1,-1,-1
237,99,819.29,288.58,55.89,115.52,1.0000,-1,-1,-1
237,101,5.80,743.80,121.57,334.41,0.8100,-1,-1,-1
237,102,446.80,512.29,79.57,67.02,1.0000,-1,-1,-1
237,105,492.99,1177.37,-210.52,-248.36,1.0000,-1,-1,-1
238,1,608.75,345.90,74.46,132.56,0.9110,-1,-1,-1
238,2,687.54,855.46,175.64,142.96,0.9387,-1,-1,-1
238,4,951.18,146.68,50.57,88.08,0.8717,-1,-1,-1
238,5,553.60,99.07,52.68,76.82,0.8915,-1,-1,-1
238,7,878.49,304.17,65.86,123.48,0.8785,-1,-1,-1
238,8,686.52,313.01,70.22,110.11,0.9094,-1,-1,-1
238,10,1021.33,144.98,54.99,90.52,0.8380,-1,-1,-1
238,11,928.17,199.31,49.47,91.61,0.8859,-1,-1,-1
238,13,684.19,412.88,84.07,139.53,0.8228,-1,-1,-1
238,14,795.87,266.99,71.88,123.62,0.8077,-1,-1,-1
238,15,1222.88,39.68,38.87,64.27,0.7680,-1,-1,-1
238,16,775.09,353.66,72.27,120.40,0.8509,-1,-1,-1
238,17,898.37,225.59,56.44,96.20,0.8402,-1,-1,-1
238,18,1108.05,76.11,44.02,70.55,0.7898,-1,-1,-1
238,19,1166.11,58.26,42.58,63.84,0.8245,-1,-1,-1
238,20,1531.06,62.27,36.06,38.05,0.7304,-1,-1,-1
238,21,646.99,905.13,90.04,71.16,1.0000,-1,-1,-1
238,24,1331.96,1.23,26.12,23.67,1.0000,-1,-1,-1
238,32,503.36,609.53,119.64,180.89,0.9350,-1,-1,-1
238,33,540.67,423.61,89.30,152.34,0.8862,-1,-1,-1
238,44,278.15,699.94,123.44,189.23,1.0000,-1,-1,-1
238,45,627.56,485.35,55.28,129.12,0.8202,-1,-1,-1
238,55,631.98,822.45,169.48,155.00,0.7786,-1,-1,-1
238,58,583.68,554.68,107.54,155.62,0.7925,-1,-1,-1
238,63,449.24,427.88,85.64,152.07,0.9114,-1,-1,-1
238,68,276.40,692.87,203.97,220.41,0.9146,-1,-1,-1
238,69,344.19,593.97,117.53,172.58,0.8459,-1,-1,-1
238,73,663.53,468.36,100.60,163.96,0.7727,-1,-1,-1
238,84,1062.78,117.53,45.09,76.08,0.7807,-1,-1,-1
238,88,129.37,821.67,172.52,214.93,0.9104,-1,-1,-1
238,99,822.40,287.24,55.91,115.56,1.0000,-1,-1,-1
238,101,4.55,732.98,126.11,344.72,0.8374,-1,-1,-1
238,102,449.54,510.88,78.80,66.37,1.0000,-1,-1,-1
238,105,503.24,1199.33,-229.18,-270.38,1.0000,-1,-1,-1
239,1,610.67,346.03,73.84,131.85,0.9072,-1,-1,-1
239,2,689.80,858.36,173.22,140.52,0.9437,-1,-1,-1
239,4,951.99,145.19,50.20,87.77,0.8684,-1,-1,-1
239,5,556.46,98.77,52.06,76.28,0.8704,-1,-1,-1
239,7,881.29,303.95,64.14,120.39,0.8785,-1,-1,-1
239,8,689.18,312.31,70.13,109.56,0.9168,-1,-1,-1
239,10,1022.63,144.70,55.27,91.05,0.8404,-1,-1,-1
239,11,929.13,198.25,48.76,91.22,0.8438,-1,-1,-1
239,13,686.22,413.22,83.27,138.80,0.8231,-1,-1,-1
239,14,798.21,266.32,70.80,123.01,0.8097,-1,-1,-1
239,15,1223.93,39.51,38.31,63.63,0.7685,-1,-1,-1
239,16,776.83,356.88,70.75,116.77,0.8644,-1,-1,-1
239,17,899.85,225.01,55.60,94.68,0.8085,-1,-1,-1
239,18,1109.18,76.02,43.48,70.09,0.7930,-1,-1,-1
239,19,1167.20,59.00,42.33,62.75,0.8098,-1,-1,-1
239,20,1531.87,62.12,35.61,37.66,0.7430,-1,-1,-1
239,21,647.56,905.57,89.97,71.11,1.0000,-1,-1,-1
239,24,1332.17,1.10,26.26,23.79,1.0000,-1,-1,-1
239,32,506.96,611.94,118.34,177.56,0.9334,-1,-1,-1
239,33,542.75,423.03,89.81,153.01,0.8863,-1,-1,-1
239,44,281.12,699.57,122.96,188.51,1.0000,-1,-1,-1
239,45,628.49,483.10,55.64,129.96,0.8325,-1,-1,-1
239,55,628.31,824.36,168.58,154.54,0.8555,-1,-1,-1
239,58,586.22,548.68,111.52,161.58,0.8095,-1,-1,-1
239,63,453.71,426.00,85.73,151.70,0.9097,-1,-1,-1
239,68,278.55,689.39,205.77,223.48,0.9208,-1,-1,-1
239,69,348.41,593.96,115.86,170.29,0.8983,-1,-1,-1
239,73,667.56,466.45,100.73,164.13,0.7472,-1,-1,-1
239,84,1063.73,116.27,45.78,77.09,0.8057,-1,-1,-1
239,88,135.21,822.03,169.17,211.42,0.9214,-1,-1,-1
239,99,825.51,285.90,55.93,115.60,1.0000,-1,-1,-1
239,101,5.09,727.90,128.84,349.08,0.8670,-1,-1,-1
239,102,452.28,509.48,78.03,65.72,1.0000,-1,-1,-1
239,105,513.48,1221.29,-247.85,-292.40,1.0000,-1,-1,-1
240,1,612.38,344.75,74.60,133.03,0.8995,-1,-1,-1
240,2,691.22,860.99,172.56,139.50,0.9402,-1,-1,-1
240,4,953.30,145.07,49.42,86.69,0.8460,-1,-1,-1
240,5,558.82,98.29,51.49,75.82,0.8469,-1,-1,-1
240,7,882.27,301.78,64.39,121.11,0.8638,-1,-1,-1
240,8,691.37,312.06,69.99,109.15,0.9250,-1,-1,-1
240,10,1024.57,145.19,55.06,90.85,0.8303,-1,-1,-1
240,11,930.11,198.09,49.08,92.41,0.8230,-1,-1,-1
240,13,687.33,412.58,82.97,139.11,0.8283,-1,-1,-1
240,14,801.82,265.94,67.47,117.16,0.8203,-1,-1,-1
240,15,1224.31,39.22,38.20,63.79,0.7675,-1,-1,-1
240,16,778.17,355.97,71.83,117.91,0.8569,-1,-1,-1
240,17,900.79,224.24,55.18,94.10,0.7787,-1,-1,-1
240,18,1110.29,75.46,43.47,70.43,0.8116,-1,-1,-1
240,19,1168.43,58.77,42.58,62.83,0.7983,-1,-1,-1
240,20,1532.63,62.22,35.05,37.11,0.7318,-1,-1,-1
240,24,1332.37,0.98,26.40,23.92,1.0000,-1,-1,-1
240,32,510.20,613.12,117.60,175.11,0.9291,-1,-1,-1
240,33,545.67,422.75,89.49,152.84,0.8937,-1,-1,-1
240,44,284.10,699.20,122.49,187.78,1.0000,-1,-1,-1
240,45,628.48,481.75,56.39,131.65,0.8422,-1,-1,-1
240,55,632.71,825.52,168.80,153.49,0.8628,-1,-1,-1
240,58,581.86,528.07,124.48,182.79,0.8341,-1,-1,-1
240,63,457.36,424.57,85.92,151.52,0.9100,-1,-1,-1
240,68,281.76,689.32,204.08,222.49,0.9306,-1,-1,-1
240,69,351.49,593.52,114.80,168.96,0.8960,-1,-1,-1
240,73,672.14,463.97,100.49,164.66,0.7428,-1,-1,-1
240,84,1065.20,116.07,45.48,76.46,0.8012,-1,-1,-1
240,88,139.27,821.11,168.23,211.23,0.9239,-1,-1,-1
240,99,828.61,284.56,55.95,115.64,1.0000,-1,-1,-1
240,101,5.89,723.92,131.55,352.80,0.8310,-1,-1,-1
240,102,455.03,508.07,77.26,65.07,1.0000,-1,-1,-1
240,105,523.73,1243.26,-266.52,-314.43,1.0000,-1,-1,-1
241,1,614.29,344.45,74.39,132.16,0.8927,-1,-1,-1
241,2,688.63,858.78,176.84,143.16,0.9351,-1,-1,-1
241,4,954.06,144.40,49.49,86.77,0.8257,-1,-1,-1
241,5,560.32,96.56,51.63,76.69,0.8748,-1,-1,-1
241,7,883.29,301.56,63.43,119.61,0.8603,-1,-1,-1
241,8,693.59,312.12,70.65,110.26,0.9186,-1,-1,-1
241,10,1025.87,146.11,54.08,89.43,0.8031,-1,-1,-1
241,11,931.70,200.15,48.15,90.70,0.7464,-1,-1,-1
241,13,687.98,412.07,82.44,139.11,0.7796,-1,-1,-1
241,14,802.20,264.84,68.66,120.79,0.8141,-1,-1,-1
241,15,1225.01,38.77,37.89,63.73,0.7923,-1,-1,-1
241,16,779.02,354.11,73.01,119.17,0.8460,-1,-1,-1
241,17,902.29,223.10,55.68,94.59,0.7621,-1,-1,-1
241,18,1111.08,74.28,43.37,70.72,0.8256,-1,-1,-1
241,19,1169.49,59.36,42.63,62.55,0.7965,-1,-1,-1
241,20,1532.62,61.71,35.03,37.09,0.7390,-1,-1,-1
241,24,1332.58,0.86,26.54,24.05,1.0000,-1,-1,-1
241,32,513.77,616.09,115.55,170.85,0.8998,-1,-1,-1
241,33,549.17,422.10,88.77,151.69,0.8814,-1,-1,-1
241,44,287.07,698.82,122.01,187.05,1.0000,-1,-1,-1
241,45,630.61,479.44,56.90,132.62,0.8166,-1,-1,-1
241,55,624.97,825.26,165.96,152.90,0.8362,-1,-1,-1
241,58,577.27,503.30,138.06,207.52,0.8380,-1,-1,-1
241,63,460.50,423.02,86.02,151.60,0.9113,-1,-1,-1
241,68,285.90,689.10,201.95,221.07,0.9354,-1,-1,-1
241,69,354.04,591.83,116.22,171.06,0.9000,-1,-1,-1
241,73,676.03,459.49,100.89,166.23,0.6223,-1,-1,-1
241,84,1066.09,115.14,45.57,76.58,0.8035,-1,-1,-1
241,88,143.30,821.45,166.13,209.21,0.9254,-1,-1,-1
241,99,831.72,283.23,55.97,115.68,1.0000,-1,-1,-1
241,101,5.77,723.65,133.20,354.17,0.7931,-1,-1,-1
241,102,457.77,506.67,76.49,64.42,1.0000,-1,-1,-1
241,105,533.98,1265.22,-285.19,-336.45,1.0000,-1,-1,-1
242,1,615.99,344.41,74.63,132.08,0.8723,-1,-1,-1
242,2,686.87,857.27,180.46,146.46,0.9346,-1,-1,-1
242,4,955.45,143.48,49.35,86.54,0.8360,-1,-1,-1
242,5,563.08,96.04,50.78,75.83,0.8904,-1,-1,-1
242,7,885.23,301.07,63.37,119.47,0.8680,-1,-1,-1
242,8,694.54,310.31,71.68,112.08,0.9057,-1,-1,-1
242,10,1027.32,145.57,54.40,89.74,0.7881,-1,-1,-1
242,11,932.59,200.60,47.81,90.43,0.7652,-1,-1,-1
242,13,686.36,413.19,81.81,137.90,0.8329,-1,-1,-1
242,14,803.75,263.84,68.48,121.69,0.8395,-1,-1,-1
242,15,1225.22,38.37,37.21,63.09,0.7693,-1,-1,-1
242,16,781.46,355.83,71.34,115.45,0.8434,-1,-1,-1
242,17,903.43,222.51,55.91,94.54,0.7581,-1,-1,-1
242,18,1112.85,75.20,42.43,69.46,0.7831,-1,-1,-1
242,19,1171.01,57.85,43.25,63.44,0.7575,-1,-1,-1
242,20,1533.28,61.61,34.45,36.45,0.7349,-1,-1,-1
242,24,1332.78,0.73,26.68,24.18,1.0000,-1,-1,-1
242,32,516.73,617.88,114.62,167.89,0.9026,-1,-1,-1
242,33,551.07,421.84,88.60,151.12,0.8908,-1,-1,-1
242,44,290.05,698.45,121.53,186.32,1.0000,-1,-1,-1
242,45,632.02,478.06,57.81,134.19,0.8094,-1,-1,-1
242,55,621.02,825.63,162.37,152.08,0.8262,-1,-1,-1
242,58,579.51,502.15,137.06,209.29,0.8426,-1,-1,-1
242,63,462.71,421.02,85.35,150.80,0.9191,-1,-1,-1
242,68,288.97,688.25,200.71,220.48,0.9254,-1,-1,-1
242,69,357.17,591.16,116.42,171.22,0.8896,-1,-1,-1
242,73,679.34,457.42,100.10,165.82,0.6689,-1,-1,-1
242,84,1067.42,114.32,45.64,76.68,0.8402,-1,-1,-1
242,88,145.63,821.02,164.69,207.25,0.9244,-1,-1,-1
242,99,834.83,281.89,55.99,115.72,1.0000,-1,-1,-1
242,101,6.71,728.84,132.68,348.80,0.8048,-1,-1,-1
242,102,460.51,505.27,75.72,63.77,1.0000,-1,-1,-1
242,105,544.22,1287.19,-303.86,-358.48,1.0000,-1,-1,-1
243,1,619.30,343.06,74.69,131.77,0.8864,-1,-1,-1
243,2,682.36,848.26,190.93,156.64,0.9264,-1,-1,-1
243,4,957.64,142.81,49.78,87.78,0.8242,-1,-1,-1
243,5,564.92,95.49,50.24,75.51,0.8825,-1,-1,-1
243,7,887.32,298.57,62.78,118.21,0.8860,-1,-1,-1
243,8,698.13,310.98,71.54,111.24,0.9078,-1,-1,-1
243,10,1028.94,146.53,53.99,88.78,0.7560,-1,-1,-1
243,11,933.46,199.55,47.60,90.43,0.7797,-1,-1,-1
243,13,685.47,415.19,80.47,135.86,0.8343,-1,-1,-1
243,14,804.35,261.35,71.03,127.72,0.8129,-1,-1,-1
243,15,1225.95,38.12,36.43,62.38,0.7810,-1,-1,-1
243,16,781.43,353.86,73.74,118.44,0.8402,-1,-1,-1
243,17,904.68,222.26,55.78,93.99,0.7716,-1,-1,-1
243,18,1113.71,73.88,42.76,70.44,0.8062,-1,-1,-1
243,19,1172.02,56.41,44.30,65.07,0.7810,-1,-1,-1
243,20,1533.14,61.08,34.83,36.92,0.7338,-1,-1,-1
243,24,1332.98,0.61,26.82,24.30,1.0000,-1,-1,-1
243,32,519.84,621.46,112.53,162.64,0.8925,-1,-1,-1
243,33,552.61,422.13,87.66,150.03,0.9236,-1,-1,-1
243,44,293.02,698.07,121.06,185.60,1.0000,-1,-1,-1
243,45,633.80,476.82,57.77,133.14,0.8453,-1,-1,-1
243,55,628.68,827.29,160.90,150.35,0.7130,-1,-1,-1
243,58,587.46,517.85,126.41,193.94,0.8623,-1,-1,-1
243,63,465.67,419.27,85.32,150.97,0.9252,-1,-1,-1
243,68,291.19,685.41,201.33,221.92,0.9392,-1,-1,-1
243,69,360.74,590.53,116.06,170.26,0.9028,-1,-1,-1
243,73,681.10,454.23,100.95,167.79,0.6810,-1,-1,-1
243,84,1066.81,111.73,46.86,78.92,0.8221,-1,-1,-1
243,88,149.02,821.23,163.40,204.90,0.9246,-1,-1,-1
243,99,837.94,280.55,56.01,115.77,1.0000,-1,-1,-1
243,101,6.33,723.03,135.90,354.05,0.7619,-1,-1,-1
243,102,463.25,503.86,74.95,63.12,1.0000,-1,-1,-1
243,105,554.47,1309.15,-322.52,-380.50,1.0000,-1,-1,-1
244,1,621.55,342.20,74.30,130.73,0.8886,-1,-1,-1
244,2,685.17,852.63,185.99,153.23,0.9297,-1,-1,-1
244,4,958.55,142.66,49.90,88.34,0.8414,-1,-1,-1
244,5,566.11,93.76,51.13,77.51,0.8541,-1,-1,-1
244,7,887.60,295.42,62.60,118.22,0.8670,-1,-1,-1
244,8,699.44,311.60,71.11,110.54,0.9122,-1,-1,-1
244,10,1030.20,146.58,53.76,88.13,0.7237,-1,-1,-1
244,11,934.69,199.74,47.29,89.65,0.7816,-1,-1,-1
244,13,685.58,414.90,80.28,134.73,0.7825,-1,-1,-1
244,14,802.78,260.04,76.95,141.47,0.8382,-1,-1,-1
244,15,1227.82,38.09,35.68,61.33,0.7875,-1,-1,-1
244,16,781.89,354.08,74.07,118.25,0.8515,-1,-1,-1
244,17,905.92,221.47,56.57,94.33,0.7746,-1,-1,-1
244,18,1114.84,73.01,43.14,71.05,0.7983,-1,-1,-1
244,19,1172.35,54.89,45.08,66.40,0.7820,-1,-1,-1
244,20,1533.26,61.05,34.42,36.45,0.7429,-1,-1,-1
244,24,1333.19,0.49,26.96,24.43,1.0000,-1,-1,-1
244,32,521.91,622.99,112.23,160.38,0.8904,-1,-1,-1
244,33,554.63,421.98,87.01,149.67,0.9124,-1,-1,-1
244,44,295.99,697.70,120.58,184.87,1.0000,-1,-1,-1
244,45,635.64,476.31,59.02,135.34,0.8148,-1,-1,-1
244,55,636.77,828.54,161.80,149.28,0.7288,-1,-1,-1
244,58,588.84,515.64,126.54,196.10,0.8532,-1,-1,-1
244,63,467.49,417.12,86.07,152.74,0.9210,-1,-1,-1
244,68,294.27,683.73,201.21,222.37,0.9206,-1,-1,-1
244,69,363.75,589.71,115.73,169.35,0.9094,-1,-1,-1
244,73,678.88,438.13,108.54,182.81,0.6420,-1,-1,-1
244,84,1067.22,110.80,47.13,79.58,0.8427,-1,-1,-1
244,88,152.33,820.97,163.09,204.06,0.9225,-1,-1,-1
244,99,841.05,279.21,56.03,115.81,1.0000,-1,-1,-1
244,101,5.21,723.63,136.50,353.25,0.7855,-1,-1,-1
244,102,466.00,502.46,74.18,62.47,1.0000,-1,-1,-1
244,105,564.72,1331.11,-341.19,-402.52,1.0000,-1,-1,-1
245,1,623.46,341.15,73.92,130.01,0.8907,-1,-1,-1
245,2,688.17,857.00,181.22,149.63,0.9382,-1,-1,-1
245,4,959.46,141.84,49.88,88.07,0.8353,-1,-1,-1
245,5,568.48,93.29,50.30,76.65,0.8322,-1,-1,-1
245,7,888.52,294.80,61.84,116.75,0.8675,-1,-1,-1
245,8,701.49,312.31,70.75,109.88,0.9074,-1,-1,-1
245,10,1031.81,145.31,54.57,89.14,0.7587,-1,-1,-1
245,11,936.46,200.13,46.78,88.36,0.7329,-1,-1,-1
245,13,687.09,419.19,78.71,130.41,0.7413,-1,-1,-1
245,14,804.08,258.30,78.57,147.14,0.8180,-1,-1,-1
245,15,1228.58,37.86,35.49,61.06,0.7818,-1,-1,-1
245,16,782.26,351.67,75.54,120.39,0.8673,-1,-1,-1
245,17,906.35,220.06,58.10,96.59,0.8037,-1,-1,-1
245,18,1116.80,73.51,42.48,69.64,0.8213,-1,-1,-1
245,19,1174.53,55.56,44.27,65.27,0.8047,-1,-1,-1
245,20,1533.20,61.23,34.10,36.00,0.7301,-1,-1,-1
245,24,1335.30,0.00,21.28,19.05,0.3532,-1,-1,-1
245,32,524.85,623.42,113.16,159.80,0.8954,-1,-1,-1
245,33,557.68,422.68,85.48,148.12,0.8969,-1,-1,-1
245,44,298.97,697.33,120.10,184.14,1.0000,-1,-1,-1
245,45,637.21,476.26,58.50,132.20,0.8623,-1,-1,-1
245,55,626.18,830.12,157.32,147.40,0.8766,-1,-1,-1
245,58,594.39,521.81,121.50,189.29,0.8709,-1,-1,-1
245,63,470.16,414.82,86.42,154.08,0.8939,-1,-1,-1
245,68,296.28,681.97,200.97,222.65,0.9227,-1,-1,-1
245,69,366.36,587.96,116.17,169.86,0.8997,-1,-1,-1
245,73,679.17,435.22,109.32,184.78,0.7249,-1,-1,-1
245,84,1069.18,111.18,46.25,77.72,0.8375,-1,-1,-1
245,88,157.06,823.02,160.04,199.44,0.9172,-1,-1,-1
245,99,844.15,277.87,56.05,115.85,1.0000,-1,-1,-1
245,101,3.97,717.33,139.78,360.18,0.7804,-1,-1,-1
245,102,468.74,501.05,73.41,61.82,1.0000,-1,-1,-1
245,105,574.97,1353.08,-359.86,-424.55,1.0000,-1,-1,-1
246,1,624.61,340.47,74.39,130.96,0.9046,-1,-1,-1
246,2,688.41,856.78,180.48,149.53,0.9293,-1,-1,-1
246,4,961.25,141.55,49.45,87.59,0.8571,-1,-1,-1
246,5,570.02,91.75,50.14,76.72,0.8579,-1,-1,-1
246,7,890.96,294.88,60.24,113.49,0.8523,-1,-1,-1
246,8,702.92,312.02,71.14,110.30,0.9085,-1,-1,-1
246,10,1032.88,145.36,54.58,88.56,0.7881,-1,-1,-1
246,11,937.51,197.84,47.54,89.25,0.7744,-1,-1,-1
246,13,688.16,421.38,77.47,126.16,0.3713,-1,-1,-1
246,14,805.12,257.51,78.91,150.53,0.7924,-1,-1,-1
246,15,1229.13,36.58,36.07,62.03,0.7852,-1,-1,-1
246,16,784.11,351.80,75.40,119.73,0.8677,-1,-1,-1
246,17,905.95,218.87,59.68,98.95,0.7834,-1,-1,-1
246,18,1117.45,73.69,42.40,69.31,0.8188,-1,-1,-1
246,19,1175.17,54.77,44.81,66.35,0.8077,-1,-1,-1
246,20,1533.24,61.13,34.16,35.93,0.7412,-1,-1,-1
246,24,1335.67,-0.03,21.26,18.88,0.4242,-1,-1,-1
246,32,525.99,623.30,114.52,160.49,0.8995,-1,-1,-1
246,33,559.88,423.95,83.76,146.09,0.8962,-1,-1,-1
246,44,301.94,696.95,119.63,183.41,1.0000,-1,-1,-1
246,45,637.49,476.31,59.50,133.14,0.8523,-1,-1,-1
246,55,619.59,829.10,155.74,149.01,0.8599,-1,-1,-1
246,58,596.39,522.53,120.09,188.21,0.8586,-1,-1,-1
246,63,472.32,412.77,86.41,154.61,0.8850,-1,-1,-1
246,68,297.89,680.49,201.17,223.52,0.9321,-1,-1,-1
246,69,368.79,587.03,115.93,169.84,0.8738,-1,-1,-1
246,73,680.76,429.24,111.76,190.21,0.7728,-1,-1,-1
246,84,1070.72,111.46,45.48,76.25,0.8404,-1,-1,-1
246,88,162.86,826.15,156.73,194.74,0.9180,-1,-1,-1
246,99,847.26,276.53,56.07,115.89,1.0000,-1,-1,-1
246,101,5.11,724.20,138.35,353.39,0.7957,-1,-1,-1
246,102,471.48,499.65,72.63,61.17,1.0000,-1,-1,-1
246,105,585.21,1375.04,-378.53,-446.57,1.0000,-1,-1,-1
247,1,626.09,339.88,74.19,130.94,0.8960,-1,-1,-1
247,2,688.79,856.24,180.04,149.82,0.9247,-1,-1,-1
247,4,962.76,140.46,48.87,86.85,0.8427,-1,-1,-1
247,5,571.49,90.43,49.97,76.82,0.8590,-1,-1,-1
247,7,892.87,291.65,60.63,114.44,0.8401,-1,-1,-1
247,8,704.61,312.13,70.89,109.88,0.9043,-1,-1,-1
247,10,1033.56,144.73,55.44,89.48,0.8083,-1,-1,-1
247,11,937.91,197.00,47.81,89.41,0.7765,-1,-1,-1
247,13,688.44,421.72,76.87,125.19,1.0000,-1,-1,-1
247,14,807.05,255.74,78.47,152.31,0.7518,-1,-1,-1
247,15,1228.91,35.80,36.00,61.93,0.7825,-1,-1,-1
247,16,784.57,349.24,76.81,121.91,0.8640,-1,-1,-1
247,17,906.44,218.77,59.32,98.62,0.7962,-1,-1,-1
247,18,1117.78,73.14,42.17,68.69,0.7939,-1,-1,-1
247,19,1176.45,53.97,45.12,66.87,0.8308,-1,-1,-1
247,20,1532.91,60.95,33.99,35.54,0.7383,-1,-1,-1
247,24,1335.75,-0.05,21.07,18.49,0.4383,-1,-1,-1
247,32,528.45,624.78,114.65,159.31,0.8952,-1,-1,-1
247,33,561.80,423.98,82.57,145.30,0.8958,-1,-1,-1
247,44,304.92,696.58,119.15,182.69,1.0000,-1,-1,-1
247,45,638.59,476.62,60.18,132.69,0.8261,-1,-1,-1
247,55,617.41,827.88,154.80,150.86,0.8537,-1,-1,-1
247,58,598.79,525.72,117.90,185.60,0.8310,-1,-1,-1
247,63,476.15,411.06,86.18,154.57,0.9006,-1,-1,-1
247,68,301.10,680.36,199.65,222.34,0.9378,-1,-1,-1
247,69,372.53,585.78,115.62,169.65,0.8072,-1,-1,-1
247,73,680.41,426.83,111.30,190.43,0.7338,-1,-1,-1
247,84,1071.99,111.36,45.48,76.21,0.8171,-1,-1,-1
247,88,167.35,828.22,155.12,192.27,0.9393,-1,-1,-1
247,99,850.37,275.19,56.09,115.93,1.0000,-1,-1,-1
247,101,4.49,722.38,140.06,355.58,0.7376,-1,-1,-1
247,102,474.22,498.24,71.86,60.53,1.0000,-1,-1,-1
247,105,595.46,1397.01,-397.20,-468.59,1.0000,-1,-1,-1
248,1,627.40,338.98,74.33,131.61,0.9072,-1,-1,-1
248,2,688.94,857.12,179.55,149.92,0.9345,-1,-1,-1
248,4,963.79,139.31,48.78,86.91,0.8619,-1,-1,-1
248,5,572.96,89.48,49.70,76.97,0.8526,-1,-1,-1
248,7,895.30,290.38,60.02,113.47,0.8126,-1,-1,-1
248,8,706.81,312.34,70.86,109.60,0.9069,-1,-1,-1
248,10,1034.93,144.43,55.97,90.24,0.8049,-1,-1,-1
248,11,938.23,197.76,47.85,89.17,0.7543,-1,-1,-1
248,13,688.72,422.06,76.28,124.23,1.0000,-1,-1,-1
248,14,809.74,255.14,77.15,152.22,0.7180,-1,-1,-1
248,15,1229.72,35.93,36.08,62.10,0.7656,-1,-1,-1
248,16,785.13,348.88,76.92,122.23,0.8671,-1,-1,-1
248,17,907.24,218.08,58.41,97.35,0.7819,-1,-1,-1
248,18,1118.07,72.74,42.06,68.30,0.7896,-1,-1,-1
248,19,1177.92,53.86,45.14,66.88,0.8298,-1,-1,-1
248,20,1532.60,60.84,34.01,35.30,0.7320,-1,-1,-1
248,24,1336.05,-0.05,20.68,17.83,0.4668,-1,-1,-1
248,32,529.88,625.81,115.06,158.71,0.8929,-1,-1,-1
248,33,564.27,423.86,81.35,144.48,0.8961,-1,-1,-1
248,44,307.89,696.21,118.67,181.96,1.0000,-1,-1,-1
248,45,638.50,475.78,61.49,133.25,0.8426,-1,-1,-1
248,55,621.54,828.72,153.12,150.36,0.8362,-1,-1,-1
248,58,601.10,528.50,115.75,182.92,0.8252,-1,-1,-1
248,63,479.26,409.96,85.71,153.79,0.9020,-1,-1,-1
248,68,303.96,679.62,199.32,222.20,0.9305,-1,-1,-1
248,69,375.17,585.13,116.16,170.35,0.8593,-1,-1,-1
248,73,679.96,423.20,111.73,192.54,0.7725,-1,-1,-1
248,84,1072.27,110.43,46.24,77.41,0.7956,-1,-1,-1
248,88,170.13,829.02,154.91,191.26,0.9347,-1,-1,-1
248,99,853.48,273.86,56.11,115.97,1.0000,-1,-1,-1
248,101,4.60,720.74,141.39,356.54,0.7057,-1,-1,-1
248,102,476.96,496.84,71.09,59.88,1.0000,-1,-1,-1
248,105,605.71,1418.97,-415.86,-490.62,1.0000,-1,-1,-1
249,1,628.63,338.08,74.49,132.42,0.9129,-1,-1,-1
249,2,690.12,859.08,176.49,147.43,0.9279,-1,-1,-1
249,4,964.83,137.86,49.08,87.66,0.8689,-1,-1,-1
249,5,574.35,87.86,50.58,79.05,0.8647,-1,-1,-1
249,7,897.55,289.63,58.49,110.04,0.7968,-1,-1,-1
249,8,707.93,311.60,71.09,109.72,0.9004,-1,-1,-1
249,10,1035.39,143.83,56.35,90.81,0.8171,-1,-1,-1
249,11,938.17,198.31,47.97,88.62,0.7197,-1,-1,-1
249,13,688.99,422.40,75.68,123.26,1.0000,-1,-1,-1
249,14,812.65,255.22,74.91,149.93,0.7074,-1,-1,-1
249,15,1230.70,36.89,35.74,61.60,0.7818,-1,-1,-1
249,16,787.17,349.61,75.21,119.43,0.8715,-1,-1,-1
249,17,908.24,216.02,58.86,98.70,0.8215,-1,-1,-1
249,18,1119.24,72.10,42.55,68.82,0.8138,-1,-1,-1
249,19,1179.06,53.55,45.11,66.96,0.8441,-1,-1,-1
249,20,1532.66,60.35,34.56,35.68,0.7456,-1,-1,-1
249,24,1336.06,-0.04,20.65,17.50,0.4966,-1,-1,-1
249,32,532.44,625.97,115.96,158.74,0.9038,-1,-1,-1
249,33,566.19,423.02,81.23,146.03,0.8941,-1,-1,-1
249,44,310.86,695.83,118.20,181.23,1.0000,-1,-1,-1
249,45,639.76,475.66,61.30,129.72,0.8817,-1,-1,-1
249,55,625.82,827.71,155.04,152.08,0.7398,-1,-1,-1
249,58,599.13,516.89,121.61,194.33,0.8501,-1,-1,-1
249,63,482.79,408.82,84.64,151.56,0.9049,-1,-1,-1
249,68,308.16,680.55,196.83,219.85,0.9246,-1,-1,-1
249,69,378.54,584.01,116.64,171.26,0.8803,-1,-1,-1
249,73,681.77,421.18,112.22,193.60,0.8483,-1,-1,-1
249,84,1073.05,109.55,47.10,78.85,0.7738,-1,-1,-1
249,88,174.53,834.11,151.79,185.95,0.9413,-1,-1,-1
249,99,856.58,272.52,56.13,116.02,1.0000,-1,-1,-1
249,101,10.67,755.02,131.01,322.21,0.7092,-1,-1,-1
249,102,479.71,495.43,70.32,59.23,1.0000,-1,-1,-1
249,105,615.95,1440.94,-434.53,-512.64,1.0000,-1,-1,-1
250,1,630.57,337.62,73.68,131.33,0.9090,-1,-1,-1
250,2,689.59,859.52,176.33,147.18,0.9223,-1,-1,-1
250,4,965.88,138.40,48.58,86.88,0.8527,-1,-1,-1
250,5,575.80,87.11,50.25,78.95,0.8545,-1,-1,-1
250,7,899.90,287.63,59.83,111.91,0.8701,-1,-1,-1
250,8,708.98,310.14,71.86,110.68,0.9008,-1,-1,-1
250,10,1036.71,142.34,56.70,91.59,0.7964,-1,-1,-1
250,11,939.89,197.32,48.71,89.31,0.7767,-1,-1,-1
250,13,689.27,422.74,75.09,122.29,1.0000,-1,-1,-1
250,14,814.65,253.94,73.06,147.79,0.8411,-1,-1,-1
250,15,1231.43,36.09,36.31,62.68,0.7941,-1,-1,-1
250,16,788.55,349.60,75.18,119.28,0.8407,-1,-1,-1
250,17,910.32,216.10,57.95,97.87,0.8319,-1,-1,-1
250,18,1119.27,71.22,43.20,69.81,0.8243,-1,-1,-1
250,19,1180.58,53.45,44.74,66.54,0.8566,-1,-1,-1
250,20,1533.13,59.81,34.93,36.00,0.7468,-1,-1,-1
250,24,1336.43,-0.04,20.59,17.20,0.4741,-1,-1,-1
250,32,535.05,625.68,116.91,158.76,0.9067,-1,-1,-1
250,33,568.22,421.97,80.21,146.07,0.9021,-1,-1,-1
250,44,313.84,695.46,117.72,180.51,1.0000,-1,-1,-1
250,45,639.60,475.84,62.68,129.55,0.8874,-1,-1,-1
250,55,631.89,828.17,156.89,152.19,0.7492,-1,-1,-1
250,58,602.99,522.40,116.93,187.54,0.8502,-1,-1,-1
250,63,486.43,407.82,84.43,151.16,0.9002,-1,-1,-1
250,68,311.63,676.86,198.27,222.56,0.8467,-1,-1,-1
250,69,381.45,583.29,116.56,171.46,0.8753,-1,-1,-1
250,73,683.69,418.37,112.98,195.46,0.7633,-1,-1,-1
250,84,1074.78,109.53,47.03,78.52,0.7700,-1,-1,-1
250,88,176.10,835.97,152.00,184.78,0.9438,-1,-1,-1
250,99,859.69,271.18,56.15,116.06,1.0000,-1,-1,-1
250,101,5.79,727.31,142.40,348.83,0.7053,-1,-1,-1
250,102,482.45,494.03,69.55,58.58,1.0000,-1,-1,-1
250,105,626.20,1462.90,-453.20,-534.67,1.0000,-1,-1,-1
251,1,632.63,336.08,73.60,131.63,0.9025,-1,-1,-1
251,2,690.61,861.43,174.24,145.20,0.9324,-1,-1,-1
251,4,967.50,136.73,48.45,86.58,0.8609,-1,-1,-1
251,5,578.26,86.74,49.59,78.65,0.8679,-1,-1,-1
251,7,901.30,283.69,61.14,114.32,0.8230,-1,-1,-1
251,8,710.19,310.03,71.35,109.70,0.9109,-1,-1,-1
251,10,1038.16,143.04,55.79,90.02,0.8060,-1,-1,-1
251,11,940.81,196.05,49.23,89.74,0.7720,-1,-1,-1
251,13,689.55,423.08,74.50,121.32,1.0000,-1,-1,-1
251,14,817.28,253.78,71.98,146.76,0.7894,-1,-1,-1
251,15,1231.70,35.77,36.21,62.79,0.7985,-1,-1,-1
251,16,788.83,348.28,75.45,119.73,0.8575,-1,-1,-1
251,17,913.18,217.26,56.18,95.25,0.8133,-1,-1,-1
251,18,1119.97,70.14,43.56,70.20,0.7970,-1,-1,-1
251,19,1181.64,53.87,43.93,65.40,0.8494,-1,-1,-1
251,20,1533.14,59.75,35.04,36.07,0.7449,-1,-1,-1
251,24,1336.59,-0.03,20.39,16.88,0.4153,-1,-1,-1
251,32,536.47,624.48,119.05,161.02,0.9172,-1,-1,-1
251,33,570.97,420.60,78.99,146.15,0.9112,-1,-1,-1
251,44,316.81,695.09,117.24,179.78,1.0000,-1,-1,-1
251,45,639.38,476.02,63.86,129.36,0.8946,-1,-1,-1
251,55,622.74,829.59,153.08,150.71,0.8157,-1,-1,-1
251,58,604.11,518.88,117.69,190.44,0.8480,-1,-1,-1
251,63,489.26,406.31,84.39,151.78,0.9013,-1,-1,-1
251,68,322.20,672.81,198.51,226.46,0.8123,-1,-1,-1
251,69,384.21,582.23,116.66,172.08,0.8830,-1,-1,-1
251,73,682.15,414.82,113.65,198.27,0.7891,-1,-1,-1
251,84,1076.07,108.95,47.29,78.87,0.7875,-1,-1,-1
251,88,179.50,842.15,149.70,179.64,0.9605,-1,-1,-1
251,101,8.49,742.46,138.45,333.72,0.7198,-1,-1,-1
251,102,485.19,492.62,68.78,57.93,1.0000,-1,-1,-1
252,1,634.11,335.71,72.75,130.50,0.9010,-1,-1,-1
252,2,690.50,859.50,175.04,146.01,0.9308,-1,-1,-1
252,4,969.50,136.29,48.07,85.90,0.8593,-1,-1,-1
252,5,580.22,86.49,49.23,78.68,0.8591,-1,-1,-1
252,7,902.90,281.49,60.70,113.76,0.8254,-1,-1,-1
252,8,711.32,308.00,72.15,110.94,0.9073,-1,-1,-1
252,10,1038.70,143.34,55.57,89.59,0.8325,-1,-1,-1
252,11,941.25,196.05,49.64,89.66,0.7201,-1,-1,-1
252,13,689.83,423.43,73.90,120.36,1.0000,-1,-1,-1
252,14,822.03,262.28,67.44,137.99,0.6998,-1,-1,-1
252,15,1231.92,35.22,36.28,63.10,0.8034,-1,-1,-1
252,16,790.23,347.78,75.02,118.93,0.8502,-1,-1,-1
252,17,915.54,220.25,54.80,92.61,0.7362,-1,-1,-1
252,18,1120.76,70.92,43.07,69.26,0.8032,-1,-1,-1
252,19,1182.71,53.58,43.76,65.40,0.8648,-1,-1,-1
252,20,1533.52,58.82,35.63,36.85,0.7526,-1,-1,-1
252,24,1336.74,-0.03,20.57,16.92,0.3724,-1,-1,-1
252,32,537.47,623.69,120.56,162.40,0.9142,-1,-1,-1
252,33,572.67,420.27,77.72,145.79,0.9139,-1,-1,-1
252,44,319.79,694.71,116.77,179.05,1.0000,-1,-1,-1
252,45,639.11,475.37,65.19,129.74,0.8857,-1,-1,-1
252,55,622.59,829.70,151.91,150.95,0.7944,-1,-1,-1
252,58,605.22,515.78,118.02,193.15,0.8483,-1,-1,-1
252,63,491.46,404.50,83.82,151.25,0.9075,-1,-1,-1
252,68,321.47,675.53,195.28,223.28,0.9103,-1,-1,-1
252,69,386.82,582.33,116.75,172.17,0.8971,-1,-1,-1
252,73,686.07,412.04,115.81,201.38,0.8746,-1,-1,-1
252,84,1077.27,108.52,47.62,79.29,0.8034,-1,-1,-1
252,88,180.51,845.01,149.84,177.74,0.9523,-1,-1,-1
252,101,12.21,763.82,132.61,312.08,0.7971,-1,-1,-1
252,102,487.93,491.22,68.01,57.28,1.0000,-1,-1,-1
253,1,635.62,335.58,71.99,129.33,0.9024,-1,-1,-1
253,2,691.36,860.87,173.55,144.66,0.9419,-1,-1,-1
253,4,971.74,135.81,47.19,84.04,0.8481,-1,-1,-1
253,5,582.49,86.42,47.86,76.87,0.8348,-1,-1,-1
253,7,905.11,282.12,59.90,112.02,0.8399,-1,-1,-1
253,8,713.31,307.28,71.23,109.51,0.9058,-1,-1,-1
253,10,1039.66,142.80,55.49,89.59,0.8235,-1,-1,-1
253,11,943.24,195.64,49.36,88.99,0.7489,-1,-1,-1
253,13,690.11,423.77,73.31,119.39,1.0000,-1,-1,-1
253,14,824.69,267.63,64.59,132.15,0.7793,-1,-1,-1
253,15,1232.71,35.10,36.03,62.86,0.8174,-1,-1,-1
253,16,790.39,345.40,75.86,120.30,0.8878,-1,-1,-1
253,17,917.94,221.28,53.29,89.79,0.7396,-1,-1,-1
253,18,1121.08,69.21,43.79,70.28,0.7941,-1,-1,-1
253,19,1184.47,53.21,43.78,65.36,0.8662,-1,-1,-1
253,20,1533.29,58.07,35.98,37.40,0.7764,-1,-1,-1
253,24,1337.33,-0.02,20.18,16.38,0.3958,-1,-1,-1
253,32,537.59,621.90,122.05,163.99,0.9123,-1,-1,-1
253,33,574.65,418.52,76.33,145.13,0.9140,-1,-1,-1
253,44,322.76,694.34,116.29,178.32,1.0000,-1,-1,-1
253,45,639.50,474.61,65.29,127.79,0.8777,-1,-1,-1
253,55,625.43,828.17,153.02,152.16,0.7987,-1,-1,-1
253,58,607.05,511.20,118.12,195.63,0.8346,-1,-1,-1
253,63,493.02,402.58,83.04,150.91,0.9009,-1,-1,-1
253,68,323.95,675.25,193.00,221.54,0.8867,-1,-1,-1
253,69,389.82,579.89,117.91,174.28,0.9273,-1,-1,-1
253,73,690.37,408.27,118.11,205.64,0.8112,-1,-1,-1
253,84,1079.09,108.36,47.28,78.59,0.8208,-1,-1,-1
253,88,181.91,846.25,151.42,177.77,0.9608,-1,-1,-1
253,101,23.53,821.22,114.84,253.86,0.9212,-1,-1,-1
253,102,490.67,489.81,67.24,56.63,1.0000,-1,-1,-1
254,1,636.22,335.37,71.70,129.32,0.9000,-1,-1,-1
254,2,690.60,860.66,173.88,144.84,0.9330,-1,-1,-1
254,4,972.12,134.00,47.78,85.01,0.8656,-1,-1,-1
254,5,583.21,85.82,48.23,78.01,0.8311,-1,-1,-1
254,7,906.68,283.33,58.43,108.97,0.8469,-1,-1,-1
254,8,714.15,305.73,72.02,110.99,0.9174,-1,-1,-1
254,10,1039.75,142.55,55.56,89.91,0.8261,-1,-1,-1
254,11,943.56,194.77,50.07,90.18,0.6702,-1,-1,-1
254,13,690.38,424.11,72.71,118.42,1.0000,-1,-1,-1
254,14,828.99,279.75,59.81,120.37,0.7332,-1,-1,-1
254,15,1233.01,34.64,36.05,63.07,0.8218,-1,-1,-1
254,16,790.84,342.66,77.25,122.69,0.8842,-1,-1,-1
254,17,919.26,217.30,55.01,92.48,0.7302,-1,-1,-1
254,18,1121.86,69.62,43.43,69.35,0.7679,-1,-1,-1
254,19,1185.09,53.12,43.83,65.26,0.8751,-1,-1,-1
254,20,1533.04,57.78,36.01,37.60,0.7785,-1,-1,-1
254,24,1337.45,-0.02,20.43,16.38,0.4510,-1,-1,-1
254,32,539.00,621.29,122.50,163.96,0.9090,-1,-1,-1
254,33,577.31,416.50,74.16,142.62,0.8992,-1,-1,-1
254,45,638.68,474.07,65.92,127.14,0.8395,-1,-1,-1
254,55,633.98,827.81,155.61,152.31,0.7400,-1,-1,-1
254,58,607.19,502.48,120.31,202.44,0.8240,-1,-1,-1
254,63,494.63,401.20,82.94,151.36,0.8917,-1,-1,-1
254,68,328.50,673.35,191.79,221.96,0.8137,-1,-1,-1
254,69,392.57,579.36,117.60,174.29,0.9241,-1,-1,-1
254,73,700.98,412.68,114.43,200.80,0.7217,-1,-1,-1
254,84,1080.35,108.00,47.31,78.52,0.8141,-1,-1,-1
254,88,184.92,849.63,150.69,174.75,0.9581,-1,-1,-1
254,101,29.50,848.93,108.08,225.12,0.9241,-1,-1,-1
254,102,493.42,488.41,66.47,55.98,1.0000,-1,-1,-1
255,1,636.99,335.01,71.17,129.32,0.8995,-1,-1,-1
255,2,690.03,861.01,174.28,145.06,0.9394,-1,-1,-1
255,4,973.04,133.21,47.50,84.29,0.8654,-1,-1,-1
255,5,585.38,85.77,47.18,76.41,0.8404,-1,-1,-1
255,7,906.99,278.98,60.03,112.05,0.7914,-1,-1,-1
255,8,715.11,304.44,72.59,112.01,0.9037,-1,-1,-1
255,10,1041.13,142.63,55.32,89.38,0.8252,-1,-1,-1
255,11,943.70,195.08,50.21,90.01,0.6962,-1,-1,-1
255,13,690.66,424.45,72.12,117.45,1.0000,-1,-1,-1
255,14,826.58,260.64,67.79,137.16,0.8224,-1,-1,-1
255,15,1233.40,34.49,36.04,63.13,0.8393,-1,-1,-1
255,16,791.92,342.14,76.86,121.87,0.8841,-1,-1,-1
255,17,920.37,217.09,54.35,91.45,0.6181,-1,-1,-1
255,18,1123.83,68.54,44.07,70.56,0.7514,-1,-1,-1
255,19,1185.93,53.27,43.84,65.11,0.8859,-1,-1,-1
255,20,1532.94,57.76,35.98,37.72,0.7765,-1,-1,-1
255,24,1337.54,-0.02,20.51,16.26,0.4425,-1,-1,-1
255,32,539.57,618.75,124.07,165.98,0.9052,-1,-1,-1
255,33,578.72,413.69,73.91,144.18,0.8863,-1,-1,-1
255,45,640.55,471.79,67.53,128.55,0.7877,-1,-1,-1
255,55,630.63,827.63,156.04,152.65,0.8238,-1,-1,-1
255,58,609.38,503.74,117.59,199.79,0.8185,-1,-1,-1
255,63,497.31,399.84,82.60,151.40,0.9014,-1,-1,-1
255,68,328.44,673.79,190.74,221.03,0.9191,-1,-1,-1
255,69,394.22,578.83,118.17,175.92,0.9364,-1,-1,-1
255,73,701.43,409.18,115.33,202.37,0.8330,-1,-1,-1
255,84,1081.43,107.37,48.03,79.57,0.8060,-1,-1,-1
255,88,187.82,852.25,150.74,172.86,0.9572,-1,-1,-1
255,101,28.51,852.22,112.14,222.03,0.9232,-1,-1,-1
255,102,496.16,487.00,65.70,55.33,1.0000,-1,-1,-1
256,1,638.11,334.26,70.56,129.21,0.8987,-1,-1,-1
256,2,687.31,857.62,179.10,149.56,0.9324,-1,-1,-1
256,4,974.13,132.49,47.80,84.33,0.8342,-1,-1,-1
256,5,586.37,85.72,46.91,76.15,0.8475,-1,-1,-1
256,7,908.83,276.27,61.03,113.98,0.8117,-1,-1,-1
256,8,716.20,304.07,72.81,112.47,0.9123,-1,-1,-1
256,10,1041.94,142.84,54.80,88.42,0.8346,-1,-1,-1
256,11,944.04,195.53,50.20,89.54,0.6521,-1,-1,-1
256,13,690.94,424.79,71.53,116.49,1.0000,-1,-1,-1
256,14,827.20,255.27,69.64,141.58,0.8132,-1,-1,-1
256,15,1233.83,34.38,36.07,63.30,0.8551,-1,-1,-1
256,16,792.61,341.40,76.55,121.38,0.8879,-1,-1,-1
256,17,921.72,214.30,55.34,93.55,0.5013,-1,-1,-1
256,18,1125.73,70.85,42.49,67.81,0.7700,-1,-1,-1
256,19,1186.73,52.89,44.15,65.54,0.8890,-1,-1,-1
256,20,1533.18,57.82,35.44,37.23,0.7646,-1,-1,-1
256,24,1337.88,-0.01,20.32,15.87,0.4262,-1,-1,-1
256,32,540.69,616.83,124.51,166.55,0.8953,-1,-1,-1
256,33,580.72,413.17,71.90,141.49,0.8608,-1,-1,-1
256,45,641.81,470.69,68.54,128.73,0.7571,-1,-1,-1
256,55,638.44,827.40,159.73,153.15,0.7772,-1,-1,-1
256,58,610.51,497.62,118.95,204.69,0.7832,-1,-1,-1
256,63,500.01,398.80,82.73,151.91,0.8782,-1,-1,-1
256,68,330.62,671.54,191.11,222.37,0.8625,-1,-1,-1
256,69,395.92,577.36,118.18,176.82,0.9345,-1,-1,-1
256,73,706.61,409.68,113.90,201.28,0.7143,-1,-1,-1
256,84,1082.44,107.31,48.17,79.68,0.7970,-1,-1,-1
256,88,189.76,853.09,151.04,171.56,0.9486,-1,-1,-1
256,101,26.08,850.85,118.62,225.01,0.9371,-1,-1,-1
256,102,498.90,485.60,64.93,54.68,1.0000,-1,-1,-1
257,1,639.98,335.09,68.64,126.94,0.8899,-1,-1,-1
257,2,687.79,860.64,177.54,148.30,0.9386,-1,-1,-1
257,4,975.35,132.25,47.78,84.09,0.8341,-1,-1,-1
257,5,588.14,86.34,45.23,73.13,0.8589,-1,-1,-1
257,7,910.66,275.44,60.38,112.61,0.8363,-1,-1,-1
257,8,717.66,303.13,72.82,112.68,0.9020,-1,-1,-1
257,10,1041.83,142.04,55.37,89.56,0.8465,-1,-1,-1
257,11,945.89,195.47,49.32,87.89,0.6804,-1,-1,-1
257,13,691.22,425.13,70.93,115.52,1.0000,-1,-1,-1
257,14,828.47,251.67,70.99,145.15,0.8361,-1,-1,-1
257,15,1234.12,33.87,36.04,63.27,0.8723,-1,-1,-1
257,16,794.77,340.26,76.33,120.57,0.9060,-1,-1,-1
257,17,922.72,216.02,53.80,90.98,0.6618,-1,-1,-1
257,18,1126.09,69.71,43.22,69.34,0.7464,-1,-1,-1
257,19,1187.23,52.51,44.40,66.13,0.8838,-1,-1,-1
257,20,1533.33,57.48,35.06,36.88,0.7674,-1,-1,-1
257,24,1337.88,-0.01,20.64,15.89,0.3880,-1,-1,-1
257,32,543.15,616.51,124.80,166.42,0.9202,-1,-1,-1
257,33,581.87,411.98,72.13,144.29,0.8822,-1,-1,-1
257,45,639.11,465.03,71.74,133.71,0.7299,-1,-1,-1
257,55,638.04,829.29,159.50,151.03,0.8621,-1,-1,-1
257,58,612.96,499.26,116.26,201.68,0.7742,-1,-1,-1
257,63,504.58,397.70,81.76,149.92,0.8966,-1,-1,-1
257,68,331.64,670.94,190.49,222.26,0.9000,-1,-1,-1
257,69,398.65,576.39,117.97,177.15,0.9321,-1,-1,-1
257,73,713.02,412.95,110.47,197.16,0.7228,-1,-1,-1
257,84,1082.86,106.78,48.14,79.68,0.8147,-1,-1,-1
257,88,191.28,854.85,151.72,170.90,0.9484,-1,-1,-1
257,101,23.95,847.99,125.00,228.37,0.9307,-1,-1,-1
257,102,501.64,484.19,64.16,54.03,1.0000,-1,-1,-1
258,1,640.90,334.67,68.06,127.16,0.8977,-1,-1,-1
258,2,688.05,862.15,176.55,147.54,0.9364,-1,-1,-1
258,4,976.45,130.51,48.23,84.85,0.8357,-1,-1,-1
258,5,589.48,86.44,44.72,72.21,0.8418,-1,-1,-1
258,7,911.83,275.46,59.95,111.67,0.8351,-1,-1,-1
258,8,718.47,302.69,72.83,112.95,0.9037,-1,-1,-1
258,10,1042.74,141.93,55.53,89.95,0.8342,-1,-1,-1
258,11,945.75,194.89,49.59,88.30,0.6740,-1,-1,-1
258,13,691.50,425.47,70.34,114.55,1.0000,-1,-1,-1
258,14,829.97,250.15,70.36,144.84,0.8281,-1,-1,-1
258,15,1235.02,33.56,35.71,62.79,0.8790,-1,-1,-1
258,16,793.84,334.85,79.50,125.94,0.8938,-1,-1,-1
258,17,924.37,215.25,53.47,90.39,0.6756,-1,-1,-1
258,18,1127.10,69.28,43.19,69.71,0.7463,-1,-1,-1
258,19,1188.09,52.47,44.32,65.99,0.8780,-1,-1,-1
258,20,1534.35,57.14,34.51,36.51,0.7686,-1,-1,-1
258,24,1337.98,-0.01,21.20,16.07,0.4269,-1,-1,-1
258,32,544.88,616.86,124.36,165.18,0.9238,-1,-1,-1
258,33,582.89,410.60,72.09,146.49,0.8842,-1,-1,-1
258,45,636.55,459.72,74.15,137.79,0.7704,-1,-1,-1
258,55,639.67,829.78,161.67,150.59,0.8824,-1,-1,-1
258,58,615.08,497.37,115.69,202.85,0.7798,-1,-1,-1
258,63,507.62,395.92,81.37,149.04,0.8785,-1,-1,-1
258,68,333.18,670.30,190.21,222.73,0.9045,-1,-1,-1
258,69,401.93,576.63,116.88,175.49,0.9304,-1,-1,-1
258,73,718.94,415.87,106.73,192.22,0.7066,-1,-1,-1
258,84,1084.47,106.80,47.30,78.49,0.8262,-1,-1,-1
258,88,192.70,855.14,152.95,171.29,0.9461,-1,-1,-1
258,101,22.92,845.26,127.82,225.09,0.9315,-1,-1,-1
258,102,504.38,482.79,63.39,53.39,1.0000,-1,-1,-1
258,117,689.49,409.08,52.48,143.46,0.7025,-1,-1,-1
259,1,642.35,333.68,67.60,127.60,0.9077,-1,-1,-1
259,2,688.35,864.63,175.03,146.18,0.9435,-1,-1,-1
259,4,977.78,130.28,47.79,84.27,0.8366,-1,-1,-1
259,5,589.74,85.99,45.10,72.46,0.8265,-1,-1,-1
259,7,913.49,276.11,59.04,109.61,0.8612,-1,-1,-1
259,8,720.22,301.77,73.50,114.14,0.9057,-1,-1,-1
259,10,1043.49,142.04,55.14,89.37,0.8250,-1,-1,-1
259,11,947.43,195.00,48.27,86.23,0.7271,-1,-1,-1
259,13,691.77,425.81,69.74,113.58,1.0000,-1,-1,-1
259,14,832.37,251.13,69.97,144.86,0.8386,-1,-1,-1
259,15,1235.04,32.49,36.12,63.71,0.8873,-1,-1,-1
259,16,794.50,336.31,78.50,124.31,0.8967,-1,-1,-1
259,17,925.34,215.46,53.27,90.01,0.7403,-1,-1,-1
259,18,1128.39,70.53,42.11,68.24,0.7510,-1,-1,-1
259,19,1188.55,52.72,43.98,65.39,0.8737,-1,-1,-1
259,20,1533.75,56.67,34.82,36.86,0.7778,-1,-1,-1
259,24,1338.13,-0.01,21.52,16.09,0.4684,-1,-1,-1
259,32,546.66,617.17,124.66,164.86,0.9188,-1,-1,-1
259,33,584.22,410.68,70.48,145.53,0.8769,-1,-1,-1
259,45,637.37,464.58,70.02,129.02,0.7744,-1,-1,-1
259,55,629.67,829.57,162.39,151.48,0.8568,-1,-1,-1
259,58,619.10,500.40,112.31,198.40,0.7861,-1,-1,-1
259,63,510.98,395.03,80.38,147.69,0.9150,-1,-1,-1
259,68,335.69,666.09,192.66,227.54,0.8366,-1,-1,-1
259,69,403.97,576.36,116.65,175.35,0.9289,-1,-1,-1
259,73,727.09,430.27,97.76,175.97,0.8081,-1,-1,-1
259,84,1085.92,106.08,47.17,78.04,0.8112,-1,-1,-1
259,88,192.33,854.57,154.96,172.65,0.9490,-1,-1,-1
259,101,20.70,842.06,135.19,231.47,0.9060,-1,-1,-1
259,102,507.13,481.38,62.61,52.74,1.0000,-1,-1,-1
259,117,690.68,412.33,51.86,140.78,0.8241,-1,-1,-1
260,1,644.17,333.46,66.72,127.14,0.9062,-1,-1,-1
260,2,687.73,865.41,175.16,146.31,0.9464,-1,-1,-1
260,4,979.24,130.22,46.99,83.21,0.8126,-1,-1,-1
260,5,589.74,85.28,46.51,74.51,0.8069,-1,-1,-1
260,7,913.76,272.81,60.14,111.80,0.8573,-1,-1,-1
260,8,721.74,301.57,73.20,113.86,0.9093,-1,-1,-1
260,10,1043.47,141.06,55.47,90.08,0.8083,-1,-1,-1
260,11,945.46,195.00,49.25,87.52,0.7017,-1,-1,-1
260,13,692.05,426.15,69.15,112.62,1.0000,-1,-1,-1
260,14,834.52,252.72,68.48,141.82,0.7746,-1,-1,-1
260,15,1235.34,32.28,36.10,63.78,0.8855,-1,-1,-1
260,16,795.11,336.21,78.59,124.49,0.8889,-1,-1,-1
260,17,926.24,206.82,57.79,98.41,0.5518,-1,-1,-1
260,18,1128.40,69.25,42.35,69.04,0.7361,-1,-1,-1
260,19,1188.78,51.22,44.69,66.73,0.8549,-1,-1,-1
260,20,1533.89,56.41,34.50,36.46,0.7744,-1,-1,-1
260,24,1338.17,-0.01,21.67,15.97,0.4443,-1,-1,-1
260,32,546.73,617.07,125.16,165.21,0.8968,-1,-1,-1
260,33,585.43,410.46,69.16,145.06,0.8544,-1,-1,-1
260,45,639.32,462.53,71.37,130.59,0.7173,-1,-1,-1
260,55,620.49,829.21,161.97,152.93,0.8825,-1,-1,-1
260,58,621.97,503.81,109.83,194.57,0.7957,-1,-1,-1
260,63,512.77,394.06,79.45,146.77,0.9236,-1,-1,-1
260,68,337.92,665.47,192.28,228.76,0.8861,-1,-1,-1
260,69,405.87,576.47,116.73,175.55,0.9273,-1,-1,-1
260,73,731.66,436.10,93.72,169.05,0.8367,-1,-1,-1
260,84,1087.49,107.22,46.19,76.40,0.8100,-1,-1,-1
260,88,192.60,853.01,156.71,173.83,0.9343,-1,-1,-1
260,101,23.41,839.54,139.91,235.72,0.9165,-1,-1,-1
260,117,691.43,413.78,52.00,140.10,0.8453,-1,-1,-1
261,1,645.69,332.93,66.03,126.82,0.8995,-1,-1,-1
261,2,686.78,864.95,175.34,146.62,0.9453,-1,-1,-1
261,4,980.60,129.41,47.28,83.98,0.8402,-1,-1,-1
261,5,591.10,84.82,45.91,73.45,0.8493,-1,-1,-1
261,7,914.85,270.23,60.25,112.08,0.8670,-1,-1,-1
261,8,723.46,301.28,72.07,112.38,0.9099,-1,-1,-1
261,10,1043.87,139.63,55.49,90.12,0.8069,-1,-1,-1
261,11,945.89,194.38,49.61,88.28,0.6954,-1,-1,-1
261,13,692.33,426.50,68.56,111.65,1.0000,-1,-1,-1
261,14,835.87,250.72,68.19,141.77,0.7987,-1,-1,-1
261,15,1235.93,33.22,35.29,62.18,0.8739,-1,-1,-1
261,16,795.77,335.67,78.74,124.77,0.9001,-1,-1,-1
261,17,926.12,205.69,57.66,99.02,0.5827,-1,-1,-1
261,18,1129.40,67.79,42.99,69.93,0.7907,-1,-1,-1
261,19,1189.93,50.67,44.56,66.71,0.8610,-1,-1,-1
261,20,1533.73,56.16,33.83,35.64,0.7711,-1,-1,-1
261,24,1338.11,-0.01,21.95,15.98,0.4242,-1,-1,-1
261,32,548.45,618.02,124.71,164.28,0.8824,-1,-1,-1
261,33,588.24,410.72,66.76,142.15,0.8152,-1,-1,-1
261,45,637.41,454.83,75.66,138.07,0.8016,-1,-1,-1
261,55,616.54,829.58,160.76,153.51,0.8358,-1,-1,-1
261,58,623.94,504.34,109.15,193.80,0.8063,-1,-1,-1
261,63,514.95,392.61,78.86,146.45,0.9074,-1,-1,-1
261,68,340.89,665.45,190.90,228.53,0.8972,-1,-1,-1
261,69,407.47,575.72,116.76,175.62,0.9225,-1,-1,-1
261,73,735.02,438.50,91.64,165.42,0.7829,-1,-1,-1
261,84,1087.28,104.49,47.48,78.79,0.8390,-1,-1,-1
261,88,192.56,851.51,158.05,174.63,0.9265,-1,-1,-1
261,101,25.25,836.40,144.68,241.10,0.9144,-1,-1,-1
261,117,692.71,413.20,52.45,140.41,0.8659,-1,-1,-1
262,1,647.02,331.77,65.29,126.52,0.9012,-1,-1,-1
262,2,686.58,865.11,176.29,147.89,0.9446,-1,-1,-1
262,4,981.31,128.64,47.82,85.05,0.8268,-1,-1,-1
262,5,591.78,84.26,46.41,73.99,0.8471,-1,-1,-1
262,7,915.32,269.22,59.94,111.48,0.8510,-1,-1,-1
262,8,725.96,301.37,71.29,111.01,0.8992,-1,-1,-1
262,10,1043.64,139.07,55.73,90.80,0.8051,-1,-1,-1
262,11,943.31,193.87,50.96,89.70,0.7152,-1,-1,-1
262,13,692.61,426.84,67.96,110.68,1.0000,-1,-1,-1
262,14,837.11,248.07,68.72,142.97,0.8440,-1,-1,-1
262,15,1236.03,33.47,35.10,61.61,0.8700,-1,-1,-1
262,16,796.44,335.52,78.86,125.22,0.8798,-1,-1,-1
262,17,924.32,198.97,58.59,102.49,0.3928,-1,-1,-1
262,18,1130.57,67.32,43.22,70.11,0.7930,-1,-1,-1
262,19,1190.35,51.75,44.07,66.04,0.8622,-1,-1,-1
262,20,1533.27,55.86,33.88,35.59,0.7635,-1,-1,-1
262,24,1338.17,-0.01,22.03,15.80,0.4136,-1,-1,-1
262,32,550.23,618.02,124.72,163.76,0.9267,-1,-1,-1
262,33,589.76,411.51,65.05,140.49,0.7421,-1,-1,-1
262,45,632.13,427.96,89.14,165.00,0.7258,-1,-1,-1
262,55,621.21,831.38,159.23,151.94,0.8245,-1,-1,-1
262,58,624.61,500.45,110.38,197.14,0.7872,-1,-1,-1
262,63,517.13,391.59,78.94,147.38,0.8757,-1,-1,-1
262,68,342.86,665.48,189.36,228.05,0.9015,-1,-1,-1
262,69,409.06,576.05,116.06,174.41,0.9027,-1,-1,-1
262,73,735.21,436.28,92.53,167.64,0.7715,-1,-1,-1
262,84,1087.51,104.35,47.32,78.59,0.8220,-1,-1,-1
262,88,191.35,849.82,160.60,176.93,0.9351,-1,-1,-1
262,101,22.81,834.76,148.02,242.23,0.9273,-1,-1,-1
262,117,693.92,411.90,53.38,141.84,0.8664,-1,-1,-1
263,1,647.80,330.59,65.32,127.67,0.8865,-1,-1,-1
263,2,682.51,860.95,182.80,154.46,0.9419,-1,-1,-1
263,4,983.58,127.77,47.20,84.17,0.8400,-1,-1,-1
263,5,592.92,83.27,46.63,73.93,0.8460,-1,-1,-1
263,7,917.36,268.03,59.41,110.52,0.8252,-1,-1,-1
263,8,726.72,301.38,70.94,110.73,0.9053,-1,-1,-1
263,10,1044.98,140.29,54.40,88.52,0.8277,-1,-1,-1
263,11,945.92,193.44,48.90,85.75,0.6732,-1,-1,-1
263,13,692.89,427.18,67.37,109.71,1.0000,-1,-1,-1
263,14,843.27,262.61,62.37,128.77,0.7713,-1,-1,-1
263,15,1236.22,33.08,35.44,62.26,0.8545,-1,-1,-1
263,16,797.42,335.50,78.73,125.16,0.8882,-1,-1,-1
263,17,926.63,201.47,58.23,101.72,0.5966,-1,-1,-1
263,18,1132.18,67.55,42.69,69.32,0.8149,-1,-1,-1
263,19,1190.83,50.47,44.81,67.30,0.8183,-1,-1,-1
263,20,1533.68,55.67,34.02,35.65,0.7731,-1,-1,-1
263,24,1338.33,-0.01,22.11,15.64,0.4598,-1,-1,-1
263,32,550.90,617.27,125.59,164.93,0.9268,-1,-1,-1
263,33,592.31,412.30,62.97,137.87,0.7001,-1,-1,-1
263,45,629.96,417.44,94.43,176.54,0.7051,-1,-1,-1
263,55,622.09,832.46,158.19,151.00,0.8123,-1,-1,-1
263,58,628.25,509.98,104.27,185.89,0.7826,-1,-1,-1
263,63,520.30,389.71,78.76,147.56,0.8784,-1,-1,-1
263,68,346.36,665.55,186.41,225.48,0.9005,-1,-1,-1
263,69,410.08,575.73,116.54,174.80,0.8927,-1,-1,-1
263,73,737.07,431.96,93.82,171.08,0.7511,-1,-1,-1
263,84,1089.27,104.76,46.58,77.34,0.8479,-1,-1,-1
263,88,190.81,847.11,163.22,179.45,0.9299,-1,-1,-1
263,101,26.80,833.89,150.26,243.70,0.9278,-1,-1,-1
263,117,695.17,411.70,53.10,139.84,0.8547,-1,-1,-1
263,118,-0.48,785.90,32.01,227.56,0.4955,-1,-1,-1
264,1,649.02,329.08,65.64,128.74,0.8808,-1,-1,-1
264,2,680.64,859.21,184.98,157.39,0.9432,-1,-1,-1
264,4,985.37,126.95,46.71,83.31,0.8421,-1,-1,-1
264,5,593.91,83.50,46.34,73.28,0.8188,-1,-1,-1
264,7,917.48,263.68,60.35,113.08,0.8135,-1,-1,-1
264,8,727.52,300.16,71.57,111.90,0.9090,-1,-1,-1
264,10,1045.26,140.21,54.45,88.61,0.8105,-1,-1,-1
264,11,948.11,192.71,47.66,83.66,0.7101,-1,-1,-1
264,13,693.16,427.52,66.78,108.75,1.0000,-1,-1,-1
264,14,842.15,254.10,65.46,135.76,0.8170,-1,-1,-1
264,15,1236.73,33.05,35.64,62.71,0.8399,-1,-1,-1
264,16,799.66,336.48,78.13,123.93,0.8717,-1,-1,-1
264,17,928.81,208.32,54.57,94.65,0.6228,-1,-1,-1
264,18,1133.02,67.30,43.10,69.80,0.8194,-1,-1,-1
264,19,1191.57,50.51,44.51,66.87,0.7811,-1,-1,-1
264,20,1533.70,55.36,34.31,35.90,0.7662,-1,-1,-1
264,24,1338.33,-0.00,22.50,15.79,0.4342,-1,-1,-1
264,32,551.71,615.75,126.59,166.37,0.9295,-1,-1,-1
264,33,593.28,412.20,62.91,139.56,0.7816,-1,-1,-1
264,45,629.57,416.65,93.47,176.38,0.7081,-1,-1,-1
264,55,621.29,833.42,157.66,150.85,0.8373,-1,-1,-1
264,58,629.00,510.32,104.24,185.72,0.7715,-1,-1,-1
264,63,523.89,389.24,77.62,145.84,0.8821,-1,-1,-1
264,68,348.62,666.23,185.31,224.84,0.9020,-1,-1,-1
264,69,409.62,574.58,117.78,176.23,0.8792,-1,-1,-1
264,73,741.12,437.38,89.72,164.24,0.7940,-1,-1,-1
264,84,1089.75,104.87,46.44,77.06,0.8455,-1,-1,-1
264,88,189.77,844.12,166.10,182.50,0.9259,-1,-1,-1
264,101,32.39,834.28,149.30,240.42,0.9061,-1,-1,-1
264,117,695.27,411.95,53.68,140.09,0.8948,-1,-1,-1
264,118,1.87,819.09,27.53,193.86,0.5283,-1,-1,-1
265,1,650.22,328.56,65.79,129.45,0.8756,-1,-1,-1
265,2,683.53,863.93,179.68,153.25,0.9432,-1,-1,-1
265,4,986.70,126.57,46.29,82.59,0.8374,-1,-1,-1
265,5,594.46,82.54,47.32,74.73,0.8478,-1,-1,-1
265,7,918.90,264.51,59.42,111.26,0.7742,-1,-1,-1
265,8,728.80,299.25,72.06,112.75,0.9031,-1,-1,-1
265,10,1046.94,141.55,54.28,88.09,0.8141,-1,-1,-1
265,11,950.68,192.65,47.17,83.45,0.8110,-1,-1,-1
265,13,693.44,427.86,66.18,107.78,1.0000,-1,-1,-1
265,14,842.39,250.58,66.29,138.33,0.7599,-1,-1,-1
265,15,1237.15,33.08,35.56,62.57,0.8721,-1,-1,-1
265,16,801.96,337.29,77.26,122.63,0.8678,-1,-1,-1
265,17,929.43,210.79,54.07,93.77,0.7506,-1,-1,-1
265,18,1134.68,68.30,42.32,68.33,0.8381,-1,-1,-1
265,19,1192.26,50.26,44.50,66.81,0.7674,-1,-1,-1
265,20,1533.94,55.40,34.06,35.64,0.7623,-1,-1,-1
265,24,1338.65,-0.00,22.14,15.39,0.4477,-1,-1,-1
265,32,553.00,615.24,126.64,166.74,0.9333,-1,-1,-1
265,33,594.15,411.23,63.18,142.12,0.7627,-1,-1,-1
265,45,630.01,416.19,93.92,177.87,0.5520,-1,-1,-1
265,55,619.36,833.71,155.91,150.21,0.8365,-1,-1,-1
265,58,631.22,511.13,103.43,184.11,0.7717,-1,-1,-1
265,63,527.97,388.68,76.73,144.64,0.8930,-1,-1,-1
265,68,352.07,667.33,179.77,218.34,0.7518,-1,-1,-1
265,69,412.20,574.19,117.26,175.41,0.8476,-1,-1,-1
265,73,745.07,439.59,86.63,159.07,0.8902,-1,-1,-1
265,84,1091.29,104.35,46.31,76.82,0.8844,-1,-1,-1
265,88,189.39,839.62,170.37,187.79,0.9187,-1,-1,-1
265,101,33.35,832.12,151.15,242.32,0.9371,-1,-1,-1
265,117,694.93,410.22,55.84,144.45,0.8867,-1,-1,-1
265,118,2.12,809.37,28.86,201.86,0.4886,-1,-1,-1
266,1,652.27,327.99,65.80,129.46,0.8643,-1,-1,-1
266,2,681.69,860.37,183.98,158.34,0.9364,-1,-1,-1
266,4,988.27,126.49,46.27,82.45,0.8554,-1,-1,-1
266,5,595.67,82.87,46.55,73.28,0.8454,-1,-1,-1
266,7,921.39,264.86,58.85,110.15,0.7763,-1,-1,-1
266,8,730.16,299.02,71.76,112.77,0.9046,-1,-1,-1
266,10,1047.53,141.63,54.96,89.06,0.8333,-1,-1,-1
266,11,950.25,192.37,47.91,85.06,0.7062,-1,-1,-1
266,13,693.72,428.20,65.59,106.81,1.0000,-1,-1,-1
266,14,844.31,249.10,66.91,140.11,0.7841,-1,-1,-1
266,15,1237.57,33.10,35.76,62.80,0.9013,-1,-1,-1
266,16,803.15,337.71,77.27,122.56,0.8542,-1,-1,-1
266,17,930.79,214.97,52.36,90.17,0.5736,-1,-1,-1
266,18,1135.19,66.87,42.76,69.14,0.8304,-1,-1,-1
266,19,1193.04,50.08,44.39,66.48,0.7638,-1,-1,-1
266,20,1533.72,53.78,35.43,37.40,0.7542,-1,-1,-1
266,24,1339.22,-0.00,22.91,15.78,0.3486,-1,-1,-1
266,32,554.34,615.26,126.13,166.35,0.9233,-1,-1,-1
266,33,595.74,409.76,62.43,141.60,0.6613,-1,-1,-1
266,45,627.92,409.62,96.44,184.04,0.5937,-1,-1,-1
266,55,620.32,834.66,153.89,148.89,0.8427,-1,-1,-1
266,58,630.42,502.19,107.85,193.55,0.7197,-1,-1,-1
266,63,529.94,388.56,76.33,144.45,0.9118,-1,-1,-1
266,68,353.42,669.45,181.74,221.23,0.9112,-1,-1,-1
266,69,415.46,573.66,117.14,174.80,0.8455,-1,-1,-1
266,73,747.07,437.55,86.35,158.77,0.8802,-1,-1,-1
266,84,1091.82,103.96,46.72,77.59,0.8844,-1,-1,-1
266,88,189.73,835.92,173.20,191.58,0.9252,-1,-1,-1
266,101,33.29,829.51,154.16,246.57,0.9389,-1,-1,-1
266,117,695.11,409.15,57.50,147.33,0.8826,-1,-1,-1
266,118,0.83,774.90,34.15,238.92,0.5840,-1,-1,-1
267,1,653.83,327.66,65.93,130.11,0.8685,-1,-1,-1
267,2,678.19,854.18,189.71,165.38,0.9372,-1,-1,-1
267,4,989.53,126.09,46.50,82.52,0.8618,-1,-1,-1
267,5,596.47,83.02,47.94,75.29,0.8545,-1,-1,-1
267,7,923.11,265.32,57.99,108.79,0.7976,-1,-1,-1
267,8,732.06,299.25,71.37,112.14,0.9081,-1,-1,-1
267,10,1048.05,141.58,55.46,89.95,0.8524,-1,-1,-1
267,11,950.56,192.57,47.66,84.63,0.7315,-1,-1,-1
267,13,694.00,428.54,64.99,105.85,1.0000,-1,-1,-1
267,14,848.67,252.77,64.62,135.04,0.7286,-1,-1,-1
267,15,1237.96,32.08,36.12,63.20,0.8736,-1,-1,-1
267,16,805.30,338.10,76.72,121.35,0.8707,-1,-1,-1
267,17,932.46,213.51,52.87,90.50,0.6456,-1,-1,-1
267,18,1135.75,65.44,43.28,69.90,0.8227,-1,-1,-1
267,19,1194.54,49.96,44.26,66.14,0.7673,-1,-1,-1
267,20,1533.93,53.03,35.48,37.71,0.7447,-1,-1,-1
267,24,1339.47,-0.00,22.71,15.47,0.3137,-1,-1,-1
267,32,556.13,614.31,126.69,167.50,0.9366,-1,-1,-1
267,33,597.00,408.45,63.22,145.41,0.5690,-1,-1,-1
267,45,624.46,408.46,96.12,180.25,0.5926,-1,-1,-1
267,55,621.61,832.90,156.60,151.52,0.8197,-1,-1,-1
267,58,631.47,501.57,107.64,194.37,0.7335,-1,-1,-1
267,63,532.67,386.35,76.78,146.02,0.9207,-1,-1,-1
267,68,356.45,673.75,178.96,217.61,0.9238,-1,-1,-1
267,69,417.58,571.13,118.50,176.62,0.8596,-1,-1,-1
267,73,744.46,435.30,86.40,157.57,0.7587,-1,-1,-1
267,84,1093.14,104.00,46.41,76.61,0.8790,-1,-1,-1
267,88,190.63,831.15,176.80,196.52,0.9371,-1,-1,-1
267,101,30.49,813.69,162.31,259.89,0.7857,-1,-1,-1
267,117,695.60,407.31,58.77,149.01,0.8831,-1,-1,-1
267,118,2.53,767.18,35.64,246.37,0.5890,-1,-1,-1
268,1,656.23,327.52,65.97,130.25,0.8808,-1,-1,-1
268,2,680.77,858.13,184.48,161.87,0.9351,-1,-1,-1
268,4,991.34,125.70,46.39,81.91,0.8481,-1,-1,-1
268,5,598.41,83.30,47.97,74.81,0.8595,-1,-1,-1
268,7,925.90,266.46,56.87,106.64,0.8367,-1,-1,-1
268,8,733.16,299.30,71.52,112.61,0.9142,-1,-1,-1
268,10,1048.47,140.06,56.61,92.10,0.8458,-1,-1,-1
268,11,949.33,192.84,48.62,86.37,0.6212,-1,-1,-1
268,13,694.27,428.88,64.40,104.88,1.0000,-1,-1,-1
268,14,852.05,258.27,62.19,129.07,0.7067,-1,-1,-1
268,15,1238.39,31.96,36.07,62.73,0.8494,-1,-1,-1
268,16,807.22,339.03,75.53,119.07,0.8790,-1,-1,-1
268,17,933.19,210.78,52.89,89.87,0.4475,-1,-1,-1
268,18,1136.31,64.92,43.57,69.99,0.8291,-1,-1,-1
268,19,1196.04,50.36,43.99,65.61,0.7592,-1,-1,-1
268,20,1534.88,53.15,35.02,37.29,0.7508,-1,-1,-1
268,24,1339.80,-0.01,22.57,15.37,1.0000,-1,-1,-1
268,32,557.84,614.09,126.39,167.44,0.9364,-1,-1,-1
268,33,598.99,408.46,63.18,146.61,0.6444,-1,-1,-1
268,45,629.67,406.80,97.54,184.30,0.5450,-1,-1,-1
268,55,624.59,834.36,157.06,151.30,0.8071,-1,-1,-1
268,58,632.77,502.71,106.45,193.02,0.7211,-1,-1,-1
268,63,535.84,385.49,76.19,146.26,0.9254,-1,-1,-1
268,68,357.91,673.95,179.73,218.56,0.9065,-1,-1,-1
268,69,419.82,570.43,118.55,176.96,0.8613,-1,-1,-1
268,73,747.94,434.51,86.75,158.21,0.8130,-1,-1,-1
268,84,1094.26,102.55,47.39,78.15,0.8887,-1,-1,-1
268,88,191.64,826.69,179.69,201.16,0.9476,-1,-1,-1
268,101,27.79,797.53,168.15,269.44,0.7903,-1,-1,-1
268,117,695.86,409.21,59.24,147.86,0.8941,-1,-1,-1
268,118,2.93,757.84,36.94,255.32,1.0000,-1,-1,-1
269,1,657.12,327.13,65.49,129.98,0.8663,-1,-1,-1
269,2,680.95,856.26,184.87,163.73,0.9455,-1,-1,-1
269,4,991.83,125.38,46.17,81.37,0.8626,-1,-1,-1
269,5,599.73,82.98,47.84,74.10,0.8774,-1,-1,-1
269,7,927.79,267.34,56.05,105.04,0.8270,-1,-1,-1
269,8,734.39,299.25,71.54,112.62,0.9088,-1,-1,-1
269,10,1048.99,140.73,56.12,91.45,0.8605,-1,-1,-1
269,11,950.81,192.50,48.05,86.01,0.7212,-1,-1,-1
269,13,694.55,429.23,63.81,103.91,1.0000,-1,-1,-1
269,14,854.51,261.81,60.79,125.59,0.7203,-1,-1,-1
269,15,1238.59,31.94,36.14,62.47,0.8455,-1,-1,-1
269,16,809.14,340.02,75.08,117.91,0.8536,-1,-1,-1
269,17,934.25,214.34,51.72,86.99,0.5736,-1,-1,-1
269,18,1136.94,64.86,43.61,69.94,0.8342,-1,-1,-1
269,19,1196.63,50.80,43.86,65.17,0.7659,-1,-1,-1
269,20,1534.80,52.71,34.91,37.37,0.7410,-1,-1,-1
269,24,1340.14,-0.01,22.43,15.27,1.0000,-1,-1,-1
269,32,560.06,613.87,126.65,168.29,0.9327,-1,-1,-1
269,33,603.30,407.06,64.26,148.53,0.5395,-1,-1,-1
269,45,617.37,403.96,101.41,188.78,0.6871,-1,-1,-1
269,55,627.07,835.46,158.28,151.49,0.8101,-1,-1,-1
269,58,637.86,517.06,98.85,177.27,0.7280,-1,-1,-1
269,63,539.12,384.91,75.16,146.12,0.9089,-1,-1,-1
269,68,359.24,672.20,180.86,220.33,0.9178,-1,-1,-1
269,69,424.33,569.98,118.09,175.87,0.8527,-1,-1,-1
269,73,751.27,433.69,86.94,158.85,0.8907,-1,-1,-1
269,84,1094.76,102.61,46.95,77.42,0.8855,-1,-1,-1
269,88,192.59,823.46,181.61,205.02,0.9444,-1,-1,-1
269,101,13.97,772.08,184.67,294.39,0.8212,-1,-1,-1
269,117,697.86,409.36,59.25,145.42,0.9045,-1,-1,-1
269,118,3.33,748.51,38.24,264.28,1.0000,-1,-1,-1
270,1,658.56,326.51,65.28,129.87,0.8330,-1,-1,-1
270,2,677.49,850.05,190.63,171.19,0.9370,-1,-1,-1
270,4,993.28,125.81,45.85,80.22,0.8565,-1,-1,-1
270,5,602.01,83.64,46.79,71.22,0.8797,-1,-1,-1
270,7,930.37,267.93,55.58,103.43,0.8341,-1,-1,-1
270,8,735.66,298.47,71.88,112.99,0.9006,-1,-1,-1
270,10,1049.80,140.63,56.18,91.76,0.8427,-1,-1,-1
270,11,948.17,192.44,49.98,89.25,0.6189,-1,-1,-1
270,13,694.83,429.57,63.21,102.94,1.0000,-1,-1,-1
270,14,853.06,250.76,64.58,134.45,0.8102,-1,-1,-1
270,15,1238.61,31.37,36.44,62.96,0.8248,-1,-1,-1
270,16,810.46,340.16,75.46,118.09,0.8573,-1,-1,-1
270,17,935.40,214.50,51.28,86.25,1.0000,-1,-1,-1
270,18,1138.08,64.36,43.84,70.39,0.8392,-1,-1,-1
270,19,1197.93,50.75,43.56,64.76,0.7602,-1,-1,-1
270,20,1535.87,53.46,34.17,36.59,0.7423,-1,-1,-1
270,24,1339.60,-0.00,23.41,15.82,0.4411,-1,-1,-1
270,32,561.77,613.79,126.67,168.73,0.9309,-1,-1,-1
270,33,604.91,406.42,64.48,149.05,1.0000,-1,-1,-1
270,45,613.76,402.19,102.24,187.64,0.7508,-1,-1,-1
270,55,636.27,837.45,161.72,151.45,0.7626,-1,-1,-1
270,58,636.95,512.51,101.42,181.91,0.7473,-1,-1,-1
270,63,541.97,383.97,74.35,146.15,0.8887,-1,-1,-1
270,68,361.93,676.11,178.18,216.78,0.9024,-1,-1,-1
270,69,427.06,569.54,118.30,176.50,0.8633,-1,-1,-1
270,73,755.25,433.26,86.89,159.22,0.8641,-1,-1,-1
270,84,1095.82,102.61,47.00,77.17,0.8520,-1,-1,-1
270,88,194.51,821.24,182.08,207.46,0.9454,-1,-1,-1
270,101,13.76,777.82,183.71,288.15,0.8752,-1,-1,-1
270,117,698.38,409.88,59.74,144.15,0.8948,-1,-1,-1
270,118,3.73,739.17,39.53,273.24,1.0000,-1,-1,-1
271,1,663.17,326.10,66.26,130.05,0.8516,-1,-1,-1
271,2,678.47,851.06,188.19,170.75,0.9381,-1,-1,-1
271,4,993.91,124.67,46.40,80.98,0.8533,-1,-1,-1
271,5,601.90,81.74,48.73,73.84,0.8842,-1,-1,-1
271,7,929.93,257.89,59.34,111.04,0.8303,-1,-1,-1
271,8,736.36,297.51,72.96,114.75,0.9114,-1,-1,-1
271,10,1050.26,141.27,55.75,91.24,0.8496,-1,-1,-1
271,11,950.78,192.65,50.13,90.34,0.6763,-1,-1,-1
271,13,695.11,429.91,62.62,101.98,1.0000,-1,-1,-1
271,14,854.23,249.15,65.10,136.19,0.8085,-1,-1,-1
271,15,1238.34,31.21,36.43,62.94,0.8317,-1,-1,-1
271,16,812.67,342.03,74.78,115.86,0.8668,-1,-1,-1
271,17,937.02,221.15,49.64,81.88,0.3245,-1,-1,-1
271,18,1139.52,63.45,44.02,70.71,0.8482,-1,-1,-1
271,19,1199.07,51.26,43.06,63.77,0.7946,-1,-1,-1
271,20,1535.96,53.20,34.47,36.97,0.7408,-1,-1,-1
271,24,1339.47,-0.00,23.66,15.87,0.4052,-1,-1,-1
271,32,562.39,612.16,127.62,170.68,0.9296,-1,-1,-1
271,33,603.01,406.49,63.41,149.54,0.5226,-1,-1,-1
271,45,625.71,402.51,100.94,187.98,0.6300,-1,-1,-1
271,55,636.70,838.78,164.17,151.47,0.7856,-1,-1,-1
271,58,636.11,506.01,104.26,187.70,0.7674,-1,-1,-1
271,63,545.44,383.58,73.21,145.91,0.8952,-1,-1,-1
271,68,365.47,679.27,175.12,212.92,0.8716,-1,-1,-1
271,69,431.73,568.90,118.01,176.23,0.8724,-1,-1,-1
271,73,758.55,432.74,85.13,157.08,0.8130,-1,-1,-1
271,84,1096.75,101.33,47.85,78.50,0.8426,-1,-1,-1
271,88,196.02,817.90,183.79,211.98,0.9488,-1,-1,-1
271,101,14.86,778.82,183.41,282.95,0.8666,-1,-1,-1
271,117,699.38,410.35,60.73,143.54,0.8926,-1,-1,-1
271,118,4.12,729.83,40.83,282.20,1.0000,-1,-1,-1
272,1,665.02,325.68,67.39,130.72,0.8292,-1,-1,-1
272,2,682.48,857.11,180.71,164.91,0.9346,-1,-1,-1
272,4,994.09,124.08,46.73,81.38,0.8569,-1,-1,-1
272,5,602.70,82.23,48.77,73.55,0.8785,-1,-1,-1
272,7,928.94,245.61,64.18,121.84,0.8332,-1,-1,-1
272,8,737.51,297.42,73.14,114.99,0.9062,-1,-1,-1
272,10,1050.60,141.14,55.77,91.31,0.8337,-1,-1,-1
272,11,951.62,193.17,49.57,89.71,0.7194,-1,-1,-1
272,13,695.39,430.25,62.02,101.01,1.0000,-1,-1,-1
272,14,857.90,255.02,62.59,130.18,0.8089,-1,-1,-1
272,15,1238.94,30.86,36.36,63.04,0.8330,-1,-1,-1
272,16,813.31,342.41,75.02,115.45,0.8690,-1,-1,-1
272,17,938.28,222.06,48.94,80.72,1.0000,-1,-1,-1
272,18,1140.19,63.27,44.18,71.21,0.8472,-1,-1,-1
272,19,1199.61,50.64,43.29,64.08,0.7923,-1,-1,-1
272,20,1536.29,53.34,34.57,37.06,0.7209,-1,-1,-1
272,24,1339.77,-0.00,23.19,15.43,0.4257,-1,-1,-1
272,32,563.72,612.10,127.17,170.44,0.9281,-1,-1,-1
272,33,605.46,405.65,63.69,150.67,0.4319,-1,-1,-1
272,45,618.28,401.61,99.66,182.63,0.6906,-1,-1,-1
272,55,628.80,841.23,163.52,150.99,0.7923,-1,-1,-1
272,58,637.66,510.30,101.92,183.46,0.8380,-1,-1,-1
272,63,548.68,383.37,71.72,144.77,0.8979,-1,-1,-1
272,68,370.87,683.12,171.39,208.22,0.8052,-1,-1,-1
272,69,434.42,568.80,117.51,175.55,0.8971,-1,-1,-1
272,73,763.39,434.75,84.66,156.82,0.8747,-1,-1,-1
272,84,1097.12,100.52,48.10,79.14,0.8291,-1,-1,-1
272,88,197.75,816.24,183.65,214.43,0.9507,-1,-1,-1
272,101,16.89,776.77,184.79,281.77,0.9015,-1,-1,-1
272,117,700.05,411.11,62.06,143.40,0.8428,-1,-1,-1
272,118,4.52,720.49,42.12,291.16,1.0000,-1,-1,-1
273,1,665.03,325.74,67.59,130.48,0.7750,-1,-1,-1
273,2,680.87,854.36,182.76,168.30,0.9331,-1,-1,-1
273,4,995.35,124.01,46.04,79.83,0.8636,-1,-1,-1
273,5,603.13,81.30,49.31,73.97,0.8801,-1,-1,-1
273,7,928.88,236.61,66.87,128.87,0.8474,-1,-1,-1
273,8,738.91,297.90,72.90,114.67,0.9022,-1,-1,-1
273,10,1050.36,140.17,55.82,91.70,0.8314,-1,-1,-1
273,11,951.54,193.17,50.29,91.69,0.6633,-1,-1,-1
273,13,695.66,430.59,61.43,100.04,1.0000,-1,-1,-1
273,14,858.63,247.30,64.35,134.17,0.8007,-1,-1,-1
273,15,1239.08,30.53,36.28,63.01,0.8351,-1,-1,-1
273,16,814.03,340.46,76.06,116.65,0.8547,-1,-1,-1
273,17,939.54,222.97,48.23,79.57,1.0000,-1,-1,-1
273,18,1141.55,63.82,43.62,70.12,0.8444,-1,-1,-1
273,19,1200.40,50.27,43.44,64.41,0.7997,-1,-1,-1
273,20,1536.49,53.68,33.88,36.39,0.7209,-1,-1,-1
273,24,1339.75,-0.00,22.74,14.97,0.4371,-1,-1,-1
273,32,565.68,611.64,127.46,170.90,0.9377,-1,-1,-1
273,33,606.77,405.06,63.93,151.25,1.0000,-1,-1,-1
273,45,616.64,401.18,99.92,180.91,0.7964,-1,-1,-1
273,55,633.52,842.93,165.78,150.73,0.7275,-1,-1,-1
273,58,637.38,505.05,105.06,190.21,0.8123,-1,-1,-1
273,63,551.93,382.11,71.09,145.50,0.8937,-1,-1,-1
273,68,378.69,688.44,167.18,203.47,0.8258,-1,-1,-1
273,69,438.57,569.40,116.50,174.06,0.9094,-1,-1,-1
273,73,766.99,433.51,84.78,157.61,0.8448,-1,-1,-1
273,84,1098.52,101.46,47.21,77.89,0.8564,-1,-1,-1
273,88,199.87,814.22,183.57,216.85,0.9523,-1,-1,-1
273,101,27.56,776.95,180.84,273.38,0.8358,-1,-1,-1
273,117,700.88,410.70,63.66,143.88,0.8489,-1,-1,-1
273,118,4.92,711.16,43.42,300.12,1.0000,-1,-1,-1
274,1,666.30,324.98,67.87,130.31,0.7764,-1,-1,-1
274,2,679.48,851.81,184.26,171.37,0.9389,-1,-1,-1
274,4,996.75,123.74,46.11,79.45,0.8773,-1,-1,-1
274,5,604.55,81.16,49.28,73.46,0.8797,-1,-1,-1
274,7,929.33,229.84,68.36,134.03,0.8391,-1,-1,-1
274,8,739.60,297.83,72.62,114.57,0.9046,-1,-1,-1
274,10,1050.85,139.87,55.26,91.17,0.8300,-1,-1,-1
274,11,954.06,193.21,49.08,90.11,0.7029,-1,-1,-1
274,13,695.94,430.93,60.84,99.07,1.0000,-1,-1,-1
274,14,862.32,258.87,59.60,122.99,0.7878,-1,-1,-1
274,15,1239.43,30.29,36.26,63.17,0.8500,-1,-1,-1
274,16,814.94,337.70,77.39,118.52,0.8544,-1,-1,-1
274,17,940.81,223.88,47.53,78.41,1.0000,-1,-1,-1
274,18,1142.18,63.41,44.00,70.65,0.8393,-1,-1,-1
274,19,1201.95,49.95,43.36,64.31,0.7909,-1,-1,-1
274,20,1536.81,53.60,33.32,35.80,0.7054,-1,-1,-1
274,24,1339.69,-0.00,22.93,14.93,0.4395,-1,-1,-1
274,32,566.39,611.74,127.27,170.75,0.9367,-1,-1,-1
274,33,608.08,404.46,64.17,151.84,1.0000,-1,-1,-1
274,45,616.95,399.89,100.69,180.02,0.8146,-1,-1,-1
274,55,634.52,842.82,169.58,151.94,0.7528,-1,-1,-1
274,58,639.43,510.38,101.85,184.59,0.8321,-1,-1,-1
274,63,555.34,381.30,70.13,145.08,0.9014,-1,-1,-1
274,68,377.97,693.27,150.26,182.99,0.7270,-1,-1,-1
274,69,440.94,568.97,115.78,173.47,0.9143,-1,-1,-1
274,73,768.80,431.45,84.89,158.02,0.8377,-1,-1,-1
274,84,1100.14,101.52,46.97,77.61,0.8668,-1,-1,-1
274,88,201.53,813.52,182.13,217.42,0.9539,-1,-1,-1
274,101,39.67,782.13,181.46,276.17,0.8385,-1,-1,-1
274,117,701.97,408.33,65.99,145.40,0.8215,-1,-1,-1
274,118,5.32,701.82,44.72,309.07,1.0000,-1,-1,-1
275,1,669.81,324.55,67.79,128.30,0.8378,-1,-1,-1
275,2,681.56,852.67,181.85,170.40,0.9281,-1,-1,-1
275,4,997.43,123.32,46.64,80.00,0.8844,-1,-1,-1
275,5,606.40,81.10,48.26,71.22,0.8755,-1,-1,-1
275,7,931.47,226.93,67.41,133.65,0.8622,-1,-1,-1
275,8,742.43,298.04,71.35,112.58,0.9149,-1,-1,-1
275,10,1051.03,138.76,54.96,91.38,0.8181,-1,-1,-1
275,11,954.74,192.96,49.04,90.52,0.7006,-1,-1,-1
275,13,696.22,431.27,60.24,98.11,1.0000,-1,-1,-1
275,14,866.69,267.11,56.40,114.07,0.8092,-1,-1,-1
275,15,1239.54,30.03,36.33,63.51,0.8419,-1,-1,-1
275,16,816.58,337.95,77.47,118.53,0.8624,-1,-1,-1
275,17,942.07,224.79,46.83,77.25,1.0000,-1,-1,-1
275,18,1142.76,62.92,44.20,71.20,0.8458,-1,-1,-1
275,19,1203.49,50.76,42.97,63.58,0.7848,-1,-1,-1
275,20,1536.37,53.47,33.23,35.66,0.7118,-1,-1,-1
275,24,1339.98,-0.00,22.58,14.42,0.4081,-1,-1,-1
275,32,567.85,611.56,126.77,170.24,0.9290,-1,-1,-1
275,33,609.39,403.87,64.41,152.42,1.0000,-1,-1,-1
275,45,619.26,398.78,100.07,176.39,0.8080,-1,-1,-1
275,55,632.07,842.81,172.00,152.87,0.8370,-1,-1,-1
275,58,640.29,510.70,101.30,183.95,0.8338,-1,-1,-1
275,63,559.52,380.47,67.95,141.88,0.9170,-1,-1,-1
275,68,388.78,694.89,156.71,192.27,0.6775,-1,-1,-1
275,69,443.99,568.53,115.40,173.42,0.9171,-1,-1,-1
275,73,771.30,429.55,85.08,158.60,0.8549,-1,-1,-1
275,84,1100.79,100.75,47.15,78.23,0.8747,-1,-1,-1
275,88,202.43,810.99,182.50,220.20,0.9491,-1,-1,-1
275,101,44.86,778.67,175.31,266.35,0.7134,-1,-1,-1
275,117,702.42,407.99,66.87,144.46,0.8278,-1,-1,-1
275,118,5.72,692.48,46.01,318.03,1.0000,-1,-1,-1
275,124,25.39,768.46,166.44,168.18,0.7530,-1,-1,-1
276,1,671.29,324.81,68.77,128.85,0.7764,-1,-1,-1
276,2,686.89,864.02,171.75,160.83,0.9335,-1,-1,-1
276,4,997.59,123.03,46.99,80.03,0.8653,-1,-1,-1
276,5,608.05,80.85,47.67,69.69,0.8668,-1,-1,-1
276,7,934.20,229.52,65.34,130.41,0.8704,-1,-1,-1
276,8,744.40,298.06,70.73,111.59,0.9357,-1,-1,-1
276,10,1051.37,137.56,54.87,91.96,0.8097,-1,-1,-1
276,11,955.18,192.05,51.16,95.17,0.7074,-1,-1,-1
276,13,696.50,431.61,59.65,97.14,1.0000,-1,-1,-1
276,14,866.83,259.75,60.03,120.97,0.7814,-1,-1,-1
276,15,1239.77,29.89,36.23,63.38,0.8305,-1,-1,-1
276,16,818.05,339.64,77.15,117.51,0.8724,-1,-1,-1
276,17,943.33,225.70,46.13,76.10,1.0000,-1,-1,-1
276,18,1143.57,63.05,44.22,71.16,0.8388,-1,-1,-1
276,19,1204.42,50.78,43.04,63.52,0.7710,-1,-1,-1
276,20,1536.88,53.42,33.05,35.48,0.6900,-1,-1,-1
276,24,1340.27,-0.00,22.67,14.20,0.4160,-1,-1,-1
276,32,568.50,611.55,126.62,170.24,0.9263,-1,-1,-1
276,33,610.70,403.27,64.65,153.00,1.0000,-1,-1,-1
276,45,620.86,398.41,99.60,173.47,0.8319,-1,-1,-1
276,55,629.98,841.90,174.91,154.47,0.8238,-1,-1,-1
276,58,639.79,505.66,103.91,189.95,0.8124,-1,-1,-1
276,63,561.99,379.89,67.01,141.33,0.9143,-1,-1,-1
276,68,387.36,694.03,160.48,196.94,0.8586,-1,-1,-1
276,69,447.38,567.66,115.57,174.00,0.9284,-1,-1,-1
276,73,773.44,428.15,84.53,157.78,0.8722,-1,-1,-1
276,84,1102.12,99.86,47.18,78.67,0.8638,-1,-1,-1
276,88,203.58,810.14,181.75,221.35,0.9516,-1,-1,-1
276,101,49.45,781.48,170.12,258.25,0.7705,-1,-1,-1
276,117,703.73,408.36,68.43,144.47,0.8100,-1,-1,-1
276,118,6.12,683.14,47.31,326.99,1.0000,-1,-1,-1
276,124,26.14,763.65,174.71,177.81,0.8191,-1,-1,-1
277,1,672.19,324.27,69.37,129.50,0.8176,-1,-1,-1
277,2,689.12,864.98,170.47,160.23,0.9308,-1,-1,-1
277,4,998.01,122.99,47.03,79.62,0.8702,-1,-1,-1
277,5,609.95,80.57,47.66,69.13,0.8419,-1,-1,-1
277,7,936.69,230.14,64.12,128.74,0.8369,-1,-1,-1
277,8,746.33,297.71,70.54,111.47,0.9209,-1,-1,-1
277,10,1051.08,136.58,54.46,92.15,0.8330,-1,-1,-1
277,11,956.41,191.66,50.34,94.43,0.7015,-1,-1,-1
277,14,869.39,247.84,59.04,118.54,0.7979,-1,-1,-1
277,15,1240.54,30.48,35.86,62.47,0.8215,-1,-1,-1
277,16,818.73,341.23,76.99,116.63,0.8693,-1,-1,-1
277,17,944.60,226.61,45.43,74.94,1.0000,-1,-1,-1
277,18,1144.49,62.61,44.29,71.24,0.8359,-1,-1,-1
277,19,1204.76,50.34,42.91,63.44,0.7833,-1,-1,-1
277,20,1536.77,52.62,33.22,35.82,0.6977,-1,-1,-1
277,24,1340.57,-0.00,22.77,14.01,0.4073,-1,-1,-1
277,32,570.49,612.10,126.06,169.32,0.9220,-1,-1,-1
277,33,612.01,402.68,64.89,153.58,1.0000,-1,-1,-1
277,45,621.17,397.78,97.85,168.77,0.8193,-1,-1,-1
277,55,629.71,843.95,174.08,152.68,0.8889,-1,-1,-1
277,58,640.26,502.85,104.68,192.17,0.8360,-1,-1,-1
277,63,564.12,379.23,65.67,140.09,0.9056,-1,-1,-1
277,68,390.11,693.24,162.69,200.89,0.8201,-1,-1,-1
277,69,450.55,567.52,116.04,174.83,0.9246,-1,-1,-1
277,73,774.82,425.74,84.83,158.82,0.8964,-1,-1,-1
277,84,1103.55,99.57,46.84,78.16,0.8519,-1,-1,-1
277,88,204.89,809.10,180.85,222.39,0.9580,-1,-1,-1
277,101,49.80,764.75,175.85,268.94,0.9043,-1,-1,-1
277,117,703.86,408.48,69.61,144.32,0.8373,-1,-1,-1
277,118,6.52,673.81,48.60,335.95,1.0000,-1,-1,-1
277,124,47.26,760.08,153.55,156.38,0.8234,-1,-1,-1
277,125,63.57,983.25,77.51,96.17,0.5572,-1,-1,-1
278,1,672.02,323.54,69.54,130.31,0.8155,-1,-1,-1
278,2,690.54,865.94,169.70,160.16,0.9339,-1,-1,-1
278,4,998.41,121.96,47.26,79.85,0.8697,-1,-1,-1
278,5,611.08,80.03,47.83,68.94,0.8410,-1,-1,-1
278,7,938.63,233.50,62.08,125.01,0.8292,-1,-1,-1
278,8,747.36,297.25,70.98,112.47,0.9157,-1,-1,-1
278,10,1051.21,136.53,53.95,92.12,0.8414,-1,-1,-1
278,11,956.52,191.51,50.46,95.08,0.7109,-1,-1,-1
278,14,871.02,255.03,60.10,120.06,0.7886,-1,-1,-1
278,15,1241.62,30.59,35.69,62.02,0.8083,-1,-1,-1
278,16,820.37,343.35,76.26,115.10,0.8614,-1,-1,-1
278,17,945.86,227.52,44.73,73.78,1.0000,-1,-1,-1
278,18,1144.87,62.05,44.59,71.72,0.8382,-1,-1,-1
278,19,1205.49,50.44,42.65,63.16,0.7749,-1,-1,-1
278,20,1536.91,51.82,33.95,36.65,0.7026,-1,-1,-1
278,24,1340.39,-0.00,23.51,14.25,0.3818,-1,-1,-1
278,32,571.86,612.44,126.15,169.27,0.9256,-1,-1,-1
278,33,613.32,402.08,65.13,154.16,1.0000,-1,-1,-1
278,45,621.38,397.23,99.05,169.59,0.7906,-1,-1,-1
278,55,625.90,844.14,173.47,152.38,0.8602,-1,-1,-1
278,58,641.11,496.83,106.93,197.57,0.8373,-1,-1,-1
278,63,565.95,378.20,65.53,141.56,0.8857,-1,-1,-1
278,68,390.14,691.48,165.22,204.49,0.8676,-1,-1,-1
278,69,453.11,567.24,116.35,175.47,0.9279,-1,-1,-1
278,73,776.06,423.81,84.54,158.93,0.8795,-1,-1,-1
278,84,1104.07,99.41,46.69,77.93,0.8484,-1,-1,-1
278,88,205.79,808.14,180.44,223.76,0.9663,-1,-1,-1
278,101,53.18,758.30,177.43,273.46,0.9043,-1,-1,-1
278,117,703.53,406.13,71.69,146.55,0.8105,-1,-1,-1
278,118,6.92,664.47,49.90,344.91,1.0000,-1,-1,-1
278,124,59.27,757.18,144.48,147.20,0.8611,-1,-1,-1
278,125,63.03,981.05,79.10,98.32,0.4025,-1,-1,-1
279,1,673.83,322.67,70.21,131.53,0.8001,-1,-1,-1
279,2,687.13,862.23,174.24,165.45,0.9326,-1,-1,-1
279,4,1000.05,121.56,46.83,78.83,0.8325,-1,-1,-1
279,5,612.52,78.74,48.48,69.50,0.8580,-1,-1,-1
279,7,938.57,223.94,65.39,132.78,0.8467,-1,-1,-1
279,8,749.24,296.97,70.52,111.95,0.9097,-1,-1,-1
279,10,1052.29,135.85,53.40,91.97,0.8278,-1,-1,-1
279,11,958.14,190.47,50.80,95.43,0.6593,-1,-1,-1
279,14,871.36,245.72,62.76,124.94,0.7561,-1,-1,-1
279,15,1242.37,30.24,36.12,62.62,0.8117,-1,-1,-1
279,16,821.60,342.98,76.73,115.84,0.8636,-1,-1,-1
279,17,947.12,228.43,44.03,72.63,1.0000,-1,-1,-1
279,18,1145.61,62.43,44.26,71.35,0.8452,-1,-1,-1
279,19,1206.32,50.20,42.40,62.68,0.8053,-1,-1,-1
279,20,1537.08,51.49,34.25,37.04,0.7066,-1,-1,-1
279,24,1340.53,-0.00,23.70,14.18,0.3932,-1,-1,-1
279,32,573.10,612.78,126.53,169.71,0.9354,-1,-1,-1
279,33,614.63,401.49,65.37,154.75,1.0000,-1,-1,-1
279,45,619.58,396.47,102.18,175.88,0.6239,-1,-1,-1
279,55,626.32,844.55,173.81,152.27,0.8249,-1,-1,-1
279,58,641.56,493.75,107.53,199.74,0.8249,-1,-1,-1
279,63,569.85,377.57,64.32,141.26,0.8779,-1,-1,-1
279,68,388.25,690.40,166.89,206.97,0.8909,-1,-1,-1
279,69,455.92,566.39,117.41,177.17,0.9128,-1,-1,-1
279,73,777.85,422.20,83.96,158.51,0.8695,-1,-1,-1
279,84,1105.49,99.57,46.43,77.37,0.8406,-1,-1,-1
279,88,206.58,806.93,180.70,225.77,0.9578,-1,-1,-1
279,101,58.70,754.07,175.52,272.65,0.9289,-1,-1,-1
279,117,703.53,405.13,72.75,146.12,0.8002,-1,-1,-1
279,118,7.32,655.13,51.20,353.86,1.0000,-1,-1,-1
279,124,67.35,753.81,142.74,145.76,0.7861,-1,-1,-1
279,125,63.46,983.43,77.18,95.84,0.4368,-1,-1,-1
279,126,620.23,447.09,129.03,153.16,0.4166,-1,-1,-1
279,127,-6.89,814.21,152.02,265.58,0.4263,-1,-1,-1
280,1,673.44,321.97,70.25,132.61,0.7812,-1,-1,-1
280,2,682.84,854.67,181.51,174.21,0.9361,-1,-1,-1
280,4,1000.45,119.99,47.43,79.77,0.8322,-1,-1,-1
280,5,613.60,78.50,48.64,69.63,0.8389,-1,-1,-1
280,7,940.31,222.11,65.34,133.51,0.7707,-1,-1,-1
280,8,750.25,296.89,70.05,111.52,0.8901,-1,-1,-1
280,10,1052.86,135.24,53.30,92.74,0.8273,-1,-1,-1
280,11,958.38,189.94,51.30,96.12,0.6322,-1,-1,-1
280,14,873.13,242.62,64.86,128.99,0.8050,-1,-1,-1
280,15,1242.94,30.16,36.25,62.85,0.8175,-1,-1,-1
280,16,822.24,341.14,77.30,116.80,0.8523,-1,-1,-1
280,17,948.39,229.34,43.33,71.47,1.0000,-1,-1,-1
280,18,1146.16,62.22,44.36,71.87,0.8493,-1,-1,-1
280,19,1206.31,49.87,42.54,62.85,0.8138,-1,-1,-1
280,20,1537.47,51.48,34.16,37.04,0.6929,-1,-1,-1
280,24,1340.38,-0.00,23.78,14.05,0.3257,-1,-1,-1
280,32,574.55,613.46,126.17,169.09,0.9288,-1,-1,-1
280,33,615.94,400.89,65.61,155.33,1.0000,-1,-1,-1
280,45,622.31,398.06,99.62,170.88,0.6498,-1,-1,-1
280,55,626.82,844.18,175.63,153.48,0.7853,-1,-1,-1
280,58,641.46,488.79,108.39,202.97,0.8740,-1,-1,-1
280,63,572.47,376.98,63.20,141.03,0.8786,-1,-1,-1
280,68,388.99,690.15,167.34,207.90,0.8839,-1,-1,-1
280,69,457.99,565.56,117.31,177.20,0.9148,-1,-1,-1
280,73,778.75,421.03,83.81,159.10,0.8569,-1,-1,-1
280,84,1106.14,99.26,46.90,78.29,0.8441,-1,-1,-1
280,88,207.74,805.38,180.65,227.30,0.9647,-1,-1,-1
280,101,68.16,751.43,159.98,248.20,0.8190,-1,-1,-1
280,117,702.27,401.89,75.56,149.76,0.7779,-1,-1,-1
280,118,7.72,645.79,52.49,362.82,1.0000,-1,-1,-1
280,124,76.23,750.74,137.73,140.65,1.0000,-1,-1,-1
280,125,62.63,981.88,78.45,97.59,0.4190,-1,-1,-1
280,126,621.59,451.02,127.78,153.50,0.3178,-1,-1,-1
280,127,-9.74,802.31,158.02,277.47,0.3594,-1,-1,-1
281,1,677.65,321.10,68.48,127.69,0.7031,-1,-1,-1
281,2,684.69,856.87,178.50,172.48,0.9257,-1,-1,-1
281,4,1000.71,118.03,49.09,83.02,0.8382,-1,-1,-1
281,5,615.58,77.46,49.54,70.97,0.8570,-1,-1,-1
281,7,942.41,222.18,64.07,131.79,0.7368,-1,-1,-1
281,8,751.49,296.58,69.58,111.02,0.8793,-1,-1,-1
281,10,1053.25,134.88,53.09,93.20,0.8399,-1,-1,-1
281,11,958.50,189.07,51.38,95.89,0.6219,-1,-1,-1
281,14,874.31,241.92,66.37,131.71,0.8296,-1,-1,-1
281,15,1243.33,29.13,36.31,63.08,0.8310,-1,-1,-1
281,16,823.69,340.70,77.04,116.17,0.8566,-1,-1,-1
281,17,949.65,230.24,42.63,70.32,1.0000,-1,-1,-1
281,18,1147.40,62.13,44.08,71.95,0.8437,-1,-1,-1
281,19,1206.18,49.10,42.99,63.60,0.8292,-1,-1,-1
281,20,1537.57,51.77,33.66,36.52,0.6820,-1,-1,-1
281,24,1340.46,-0.00,23.60,13.87,0.3497,-1,-1,-1
281,32,575.24,612.50,126.56,169.68,0.9299,-1,-1,-1
281,33,617.25,400.30,65.85,155.91,1.0000,-1,-1,-1
281,45,620.80,396.80,92.83,160.58,0.5901,-1,-1,-1
281,55,624.23,846.17,173.58,151.76,0.8557,-1,-1,-1
281,58,644.45,488.63,107.42,202.07,0.7852,-1,-1,-1
281,63,576.47,376.37,61.05,138.78,0.8513,-1,-1,-1
281,68,388.35,688.85,169.61,211.59,0.9136,-1,-1,-1
281,69,460.28,565.32,117.05,176.97,0.8889,-1,-1,-1
281,73,780.47,419.98,83.54,158.89,0.8454,-1,-1,-1
281,84,1107.33,99.06,46.28,77.31,0.8639,-1,-1,-1
281,88,209.98,803.87,180.29,228.47,0.9588,-1,-1,-1
281,101,70.31,748.85,167.72,263.21,0.7991,-1,-1,-1
281,117,702.68,399.16,77.31,151.65,0.7907,-1,-1,-1
281,118,8.12,636.46,53.79,371.78,1.0000,-1,-1,-1
281,124,82.90,745.98,147.18,151.13,0.3743,-1,-1,-1
281,125,62.73,977.96,80.25,100.05,0.4001,-1,-1,-1
281,126,625.97,458.13,123.21,149.81,0.3702,-1,-1,-1
281,127,-11.82,794.57,162.42,285.21,1.0000,-1,-1,-1
282,1,679.61,320.81,68.74,126.78,0.7493,-1,-1,-1
282,2,684.07,855.42,179.39,174.70,0.9300,-1,-1,-1
282,4,1001.48,117.56,49.14,83.35,0.8401,-1,-1,-1
282,5,617.75,76.74,49.28,70.66,0.8756,-1,-1,-1
282,7,942.43,215.76,66.41,137.27,0.8026,-1,-1,-1
282,8,753.05,296.24,69.47,111.39,0.8844,-1,-1,-1
282,10,1053.86,134.86,52.93,93.60,0.8352,-1,-1,-1
282,11,962.71,188.86,49.87,93.35,0.6751,-1,-1,-1
282,14,877.20,241.39,66.81,131.80,0.8432,-1,-1,-1
282,15,1243.73,29.05,36.09,62.71,0.8255,-1,-1,-1
282,16,823.88,339.81,77.41,116.50,0.8486,-1,-1,-1
282,17,950.91,231.15,41.93,69.16,1.0000,-1,-1,-1
282,18,1149.32,62.52,42.90,70.37,0.8311,-1,-1,-1
282,19,1206.79,48.48,42.91,63.61,0.8006,-1,-1,-1
282,20,1537.59,51.56,33.62,36.36,0.6699,-1,-1,-1
282,24,1340.69,-0.00,23.40,13.75,1.0000,-1,-1,-1
282,32,575.93,611.43,127.02,170.55,0.9330,-1,-1,-1
282,33,618.56,399.71,66.09,156.49,1.0000,-1,-1,-1
282,45,626.71,397.95,91.00,155.13,0.6115,-1,-1,-1
282,55,622.94,847.47,172.71,151.39,0.7424,-1,-1,-1
282,58,643.80,477.80,111.27,211.45,0.8375,-1,-1,-1
282,63,578.74,376.49,59.81,138.51,0.8366,-1,-1,-1
282,68,389.52,687.48,170.10,213.49,0.8905,-1,-1,-1
282,69,462.88,565.32,116.99,177.06,0.8750,-1,-1,-1
282,73,781.67,418.96,83.26,158.89,0.8458,-1,-1,-1
282,84,1109.97,99.74,45.06,74.97,0.8587,-1,-1,-1
282,88,212.75,803.34,179.21,228.27,0.9561,-1,-1,-1
282,101,75.37,748.13,169.28,269.36,0.8863,-1,-1,-1
282,117,702.50,396.57,78.58,152.39,0.7906,-1,-1,-1
282,118,8.52,627.12,55.09,380.74,1.0000,-1,-1,-1
282,124,91.32,742.62,144.85,148.73,1.0000,-1,-1,-1
282,125,65.21,981.37,78.92,97.91,0.3134,-1,-1,-1
282,126,620.99,445.10,134.58,166.82,0.3290,-1,-1,-1
282,127,-13.91,786.82,166.83,292.95,1.0000,-1,-1,-1
283,1,681.71,320.20,68.27,124.33,0.6509,-1,-1,-1
283,2,682.58,854.42,180.70,177.29,0.9309,-1,-1,-1
283,4,1003.09,118.20,48.52,82.42,0.8301,-1,-1,-1
283,5,619.66,75.75,50.18,72.14,0.8542,-1,-1,-1
283,7,943.82,215.20,65.70,136.13,0.8359,-1,-1,-1
283,8,754.51,295.26,68.64,110.45,0.8905,-1,-1,-1
283,10,1054.37,134.63,52.53,93.43,0.8411,-1,-1,-1
283,11,965.16,188.92,47.52,88.41,0.6726,-1,-1,-1
283,14,878.92,241.16,66.59,130.25,0.8245,-1,-1,-1
283,15,1244.15,28.23,36.17,63.08,0.8203,-1,-1,-1
283,16,825.71,338.65,77.69,116.75,0.8393,-1,-1,-1
283,17,952.18,232.06,41.22,68.00,1.0000,-1,-1,-1
283,18,1150.56,62.72,42.24,69.45,0.8108,-1,-1,-1
283,19,1207.49,47.83,43.17,64.29,0.8045,-1,-1,-1
283,20,1537.72,51.55,33.40,35.90,0.6546,-1,-1,-1
283,24,1340.93,-0.00,23.20,13.63,1.0000,-1,-1,-1
283,32,576.75,610.10,127.06,171.19,0.9246,-1,-1,-1
283,33,619.87,399.11,66.33,157.08,1.0000,-1,-1,-1
283,45,625.57,396.76,88.75,151.64,0.5432,-1,-1,-1
283,55,620.08,847.54,171.45,151.32,0.7538,-1,-1,-1
283,58,646.03,475.09,110.76,212.67,0.8228,-1,-1,-1
283,63,582.45,376.86,57.92,137.00,0.8619,-1,-1,-1
283,68,391.56,687.62,169.01,213.28,0.8931,-1,-1,-1
283,69,466.62,565.03,116.77,176.50,0.8571,-1,-1,-1
283,73,782.67,417.18,83.43,159.82,0.8428,-1,-1,-1
283,84,1110.90,98.21,45.74,76.17,0.8608,-1,-1,-1
283,88,215.13,801.41,178.55,228.61,0.9616,-1,-1,-1
283,101,84.79,752.21,164.64,266.62,0.8989,-1,-1,-1
283,117,695.29,364.80,92.43,181.09,0.7561,-1,-1,-1
283,118,8.92,617.78,56.38,389.70,1.0000,-1,-1,-1
283,124,90.31,741.79,147.65,153.10,0.7652,-1,-1,-1
283,125,66.02,977.27,81.88,101.48,0.6317,-1,-1,-1
283,126,626.47,451.78,126.44,159.22,0.4913,-1,-1,-1
283,127,-16.00,779.08,171.24,300.68,1.0000,-1,-1,-1
284,1,681.56,319.58,69.64,126.14,0.7174,-1,-1,-1
284,2,681.53,852.84,181.61,179.47,0.9335,-1,-1,-1
284,4,1005.02,117.57,48.27,82.04,0.8264,-1,-1,-1
284,5,621.28,74.36,50.72,73.24,0.8469,-1,-1,-1
284,7,943.22,210.13,67.59,141.00,0.8179,-1,-1,-1
284,8,756.73,295.19,68.16,109.88,0.8932,-1,-1,-1
284,10,1054.97,134.86,51.91,92.90,0.8322,-1,-1,-1
284,11,967.08,189.73,46.86,87.28,0.6749,-1,-1,-1
284,14,881.67,240.89,65.43,127.28,0.8201,-1,-1,-1
284,15,1244.77,27.44,36.16,63.32,0.8191,-1,-1,-1
284,16,826.81,339.35,76.96,115.43,0.8355,-1,-1,-1
284,17,953.44,232.97,40.52,66.85,1.0000,-1,-1,-1
284,18,1151.77,63.35,41.94,69.16,0.8134,-1,-1,-1
284,19,1208.31,47.38,43.04,64.52,0.8042,-1,-1,-1
284,20,1537.73,51.31,33.28,35.62,0.6365,-1,-1,-1
284,24,1341.16,-0.00,23.00,13.51,1.0000,-1,-1,-1
284,32,577.85,609.43,126.88,171.31,0.9237,-1,-1,-1
284,33,621.18,398.52,66.57,157.66,1.0000,-1,-1,-1
284,45,626.94,392.66,97.28,166.71,0.6084,-1,-1,-1
284,55,623.24,847.87,172.73,152.26,0.6650,-1,-1,-1
284,58,649.88,477.56,108.41,208.88,0.7775,-1,-1,-1
284,63,584.88,376.26,57.03,137.94,0.8377,-1,-1,-1
284,68,394.10,688.48,168.22,213.53,0.9016,-1,-1,-1
284,69,469.58,564.95,116.52,176.01,0.8273,-1,-1,-1
284,73,784.51,417.51,82.00,157.44,0.8265,-1,-1,-1
284,84,1111.97,97.74,45.84,76.04,0.8578,-1,-1,-1
284,88,217.37,798.96,178.29,229.96,0.9577,-1,-1,-1
284,101,90.17,751.05,162.40,266.95,0.9186,-1,-1,-1
284,117,696.05,370.33,88.91,173.20,0.7361,-1,-1,-1
284,118,9.31,608.44,57.68,398.65,1.0000,-1,-1,-1
284,124,98.16,738.84,144.94,151.21,0.8145,-1,-1,-1
284,125,68.66,973.71,84.52,105.39,0.7893,-1,-1,-1
284,126,632.10,457.14,118.65,151.16,0.6177,-1,-1,-1
284,127,-18.08,771.33,175.64,308.42,1.0000,-1,-1,-1
284,130,3.42,811.24,49.88,268.57,0.5695,-1,-1,-1
285,1,682.50,318.62,69.99,126.56,0.7694,-1,-1,-1
285,2,687.86,866.14,169.31,166.82,0.9361,-1,-1,-1
285,4,1006.60,116.80,48.06,82.02,0.8287,-1,-1,-1
285,5,623.69,73.52,51.03,74.20,0.8620,-1,-1,-1
285,7,944.24,207.46,67.69,141.73,0.8108,-1,-1,-1
285,8,758.05,293.49,68.52,110.73,0.8794,-1,-1,-1
285,10,1055.07,133.72,52.32,94.29,0.8347,-1,-1,-1
285,11,965.41,187.86,47.52,88.04,0.6269,-1,-1,-1
285,14,882.08,241.56,66.97,130.04,0.7852,-1,-1,-1
285,15,1246.17,28.07,35.91,62.94,0.8135,-1,-1,-1
285,16,828.90,340.98,75.92,113.79,0.8571,-1,-1,-1
285,17,954.70,233.88,39.82,65.69,1.0000,-1,-1,-1
285,18,1153.14,62.38,42.11,69.86,0.8105,-1,-1,-1
285,19,1209.34,46.49,43.28,65.48,0.8150,-1,-1,-1
285,20,1537.79,51.34,33.21,35.38,0.6280,-1,-1,-1
285,24,1341.39,-0.00,22.80,13.39,1.0000,-1,-1,-1
285,32,579.03,607.54,127.31,172.64,0.8941,-1,-1,-1
285,33,622.49,397.92,66.81,158.24,1.0000,-1,-1,-1
285,45,626.90,387.10,91.71,158.64,0.6368,-1,-1,-1
285,55,618.62,848.58,172.41,153.37,0.6059,-1,-1,-1
285,58,650.08,473.03,109.85,212.08,0.7578,-1,-1,-1
285,63,588.32,376.07,55.34,136.94,0.7422,-1,-1,-1
285,68,395.67,687.86,167.53,214.01,0.9087,-1,-1,-1
285,69,472.79,564.57,116.15,175.19,0.8005,-1,-1,-1
285,73,786.48,415.44,81.76,157.68,0.7909,-1,-1,-1
285,84,1112.94,96.75,46.52,77.12,0.8700,-1,-1,-1
285,88,219.94,796.71,177.90,231.29,0.9490,-1,-1,-1
285,101,94.14,740.79,165.47,277.06,0.9267,-1,-1,-1
285,117,703.58,383.77,81.45,157.66,0.8141,-1,-1,-1
285,118,9.71,599.11,58.97,407.61,1.0000,-1,-1,-1
285,124,106.89,735.23,141.51,148.48,0.7286,-1,-1,-1
285,125,72.36,970.65,86.45,108.55,0.6363,-1,-1,-1
285,126,632.40,455.64,117.79,151.69,0.6165,-1,-1,-1
285,127,-20.17,763.59,180.05,316.16,1.0000,-1,-1,-1
285,130,4.21,805.58,51.23,274.12,0.3524,-1,-1,-1
286,1,684.20,317.79,70.35,126.81,0.7989,-1,-1,-1
286,2,683.78,860.49,175.29,173.55,0.9443,-1,-1,-1
286,4,1008.00,116.34,47.93,81.71,0.8197,-1,-1,-1
286,5,625.02,71.48,51.46,75.44,0.8535,-1,-1,-1
286,7,945.52,206.93,67.43,141.28,0.8066,-1,-1,-1
286,8,759.33,293.41,68.48,110.99,0.8722,-1,-1,-1
286,10,1055.18,133.17,52.28,94.97,0.8191,-1,-1,-1
286,11,965.83,188.95,47.27,86.84,0.6555,-1,-1,-1
286,14,883.91,252.53,62.93,121.05,0.7734,-1,-1,-1
286,15,1246.84,28.27,35.66,62.64,0.7998,-1,-1,-1
286,16,830.20,341.87,75.54,113.14,0.8355,-1,-1,-1
286,17,955.97,234.79,39.12,64.53,1.0000,-1,-1,-1
286,18,1153.86,62.71,41.81,69.31,0.7957,-1,-1,-1
286,19,1209.37,45.93,43.11,65.93,0.8065,-1,-1,-1
286,20,1537.51,51.36,33.13,34.98,0.5696,-1,-1,-1
286,24,1341.63,-0.00,22.60,13.27,1.0000,-1,-1,-1
286,32,579.01,605.64,127.54,174.24,0.9116,-1,-1,-1
286,33,623.80,397.33,67.04,158.82,1.0000,-1,-1,-1
286,45,627.35,382.58,91.07,158.36,0.7008,-1,-1,-1
286,55,605.15,845.86,172.40,157.97,0.6408,-1,-1,-1
286,58,649.60,470.60,111.00,214.23,0.7273,-1,-1,-1
286,63,590.94,376.24,53.71,135.88,0.6683,-1,-1,-1
286,68,397.38,687.28,167.40,215.23,0.9105,-1,-1,-1
286,69,474.97,564.22,115.82,174.68,0.8385,-1,-1,-1
286,73,788.50,415.29,80.19,155.16,0.8180,-1,-1,-1
286,84,1113.73,96.47,46.34,76.97,0.8640,-1,-1,-1
286,88,221.43,794.22,178.13,233.59,0.9181,-1,-1,-1
286,101,105.37,736.47,149.22,251.85,0.7668,-1,-1,-1
286,117,706.70,389.05,79.17,151.79,0.7990,-1,-1,-1
286,118,10.11,589.77,60.27,416.57,1.0000,-1,-1,-1
286,124,114.10,732.14,139.92,146.82,1.0000,-1,-1,-1
286,125,76.33,966.72,88.59,112.29,0.4966,-1,-1,-1
286,126,635.05,461.60,112.05,145.54,0.6696,-1,-1,-1
286,127,-22.25,755.84,184.46,323.90,1.0000,-1,-1,-1
286,130,4.56,810.87,50.62,268.66,0.3631,-1,-1,-1
287,1,685.40,317.69,70.64,127.47,0.7919,-1,-1,-1
287,2,686.67,866.27,170.37,168.68,0.9282,-1,-1,-1
287,4,1009.86,115.98,47.74,81.56,0.8178,-1,-1,-1
287,5,628.50,69.83,50.26,74.47,0.8234,-1,-1,-1
287,7,947.27,208.46,66.43,138.91,0.8252,-1,-1,-1
287,8,761.23,292.90,68.61,110.97,0.8792,-1,-1,-1
287,10,1056.21,133.54,51.90,94.64,0.8177,-1,-1,-1
287,11,966.52,189.28,47.77,87.00,0.6602,-1,-1,-1
287,14,883.67,253.49,63.24,121.24,0.7221,-1,-1,-1
287,15,1247.29,28.66,35.38,62.16,0.8105,-1,-1,-1
287,16,828.55,339.80,77.23,115.26,0.8454,-1,-1,-1
287,17,957.23,235.70,38.42,63.38,1.0000,-1,-1,-1
287,18,1154.73,62.73,41.57,69.00,0.7849,-1,-1,-1
287,19,1209.26,45.75,43.16,66.52,0.8221,-1,-1,-1
287,20,1537.65,51.27,33.46,35.10,0.5900,-1,-1,-1
287,24,1341.86,-0.01,22.40,13.16,1.0000,-1,-1,-1
287,32,579.18,603.98,127.85,176.16,0.8903,-1,-1,-1
287,33,625.11,396.73,67.28,159.40,1.0000,-1,-1,-1
287,45,616.21,377.69,94.75,160.92,0.6824,-1,-1,-1
287,55,612.02,848.85,170.07,156.64,0.7616,-1,-1,-1
287,58,650.94,468.21,112.23,217.13,0.8106,-1,-1,-1
287,63,593.42,375.79,53.48,135.30,1.0000,-1,-1,-1
287,68,398.61,687.34,167.09,216.02,0.8892,-1,-1,-1
287,69,479.10,564.32,115.78,175.00,0.8764,-1,-1,-1
287,73,789.58,412.91,78.83,153.34,0.7196,-1,-1,-1
287,84,1114.60,96.60,46.58,77.69,0.8682,-1,-1,-1
287,88,224.60,792.47,176.75,233.66,0.9319,-1,-1,-1
287,101,110.75,740.97,152.44,263.24,0.8454,-1,-1,-1
287,117,708.47,389.51,79.07,150.72,0.8202,-1,-1,-1
287,118,10.51,580.43,61.57,425.53,1.0000,-1,-1,-1
287,124,113.58,728.65,146.91,157.25,0.8027,-1,-1,-1
287,125,81.79,965.39,88.52,113.41,0.6025,-1,-1,-1
287,126,636.08,459.38,112.22,148.18,0.6884,-1,-1,-1
287,127,-24.34,748.10,188.87,331.64,1.0000,-1,-1,-1
287,130,7.38,831.91,47.51,247.32,0.5026,-1,-1,-1
288,1,687.35,317.41,70.37,127.42,0.7518,-1,-1,-1
288,2,685.59,865.59,173.04,172.10,0.9319,-1,-1,-1
288,4,1010.83,115.87,47.58,81.72,0.8262,-1,-1,-1
288,5,631.70,69.09,49.00,73.33,0.8483,-1,-1,-1
288,7,948.87,207.03,66.62,138.76,0.8824,-1,-1,-1
288,8,763.02,292.20,69.33,111.98,0.8741,-1,-1,-1
288,10,1057.30,133.94,51.79,94.43,0.8398,-1,-1,-1
288,11,967.41,188.42,46.77,84.37,0.6373,-1,-1,-1
288,14,884.59,248.39,65.89,125.98,0.7700,-1,-1,-1
288,15,1247.48,28.50,35.28,62.13,0.8017,-1,-1,-1
288,16,830.84,341.33,75.67,112.89,0.8419,-1,-1,-1
288,17,958.49,236.61,37.72,62.22,1.0000,-1,-1,-1
288,18,1155.64,62.28,41.92,69.77,0.7758,-1,-1,-1
288,19,1209.77,45.60,43.58,67.71,0.8439,-1,-1,-1
288,20,1536.70,50.26,34.58,36.22,0.6222,-1,-1,-1
288,24,1342.09,-0.01,22.20,13.04,1.0000,-1,-1,-1
288,32,581.04,603.85,126.52,175.29,0.9107,-1,-1,-1
288,33,626.42,396.14,67.52,159.99,1.0000,-1,-1,-1
288,45,603.53,376.12,94.17,162.18,0.6459,-1,-1,-1
288,55,617.47,850.52,169.17,155.68,0.8330,-1,-1,-1
288,58,652.82,472.12,110.13,212.86,0.8340,-1,-1,-1
288,63,595.90,375.33,53.25,134.72,1.0000,-1,-1,-1
288,68,401.04,688.88,165.37,214.94,0.8900,-1,-1,-1
288,69,482.17,564.17,116.15,175.94,0.8855,-1,-1,-1
288,73,792.28,409.91,73.41,142.82,0.7379,-1,-1,-1
288,84,1116.20,96.42,46.57,77.56,0.8741,-1,-1,-1
288,88,228.49,791.80,174.98,232.74,0.9440,-1,-1,-1
288,101,114.84,735.21,154.84,273.68,0.8811,-1,-1,-1
288,117,707.54,384.31,81.81,155.07,0.8180,-1,-1,-1
288,118,10.91,571.09,62.86,434.49,1.0000,-1,-1,-1
288,124,120.72,724.64,143.30,156.10,0.8360,-1,-1,-1
288,125,86.77,967.00,86.83,111.89,0.6444,-1,-1,-1
288,126,638.32,456.65,112.17,150.55,0.6543,-1,-1,-1
288,127,-26.43,740.35,193.27,339.38,1.0000,-1,-1,-1
288,130,11.37,858.94,43.91,220.27,0.5009,-1,-1,-1
289,1,687.06,317.89,69.43,126.96,0.7720,-1,-1,-1
289,2,682.64,864.18,176.26,176.15,0.9435,-1,-1,-1
289,4,1012.77,114.75,47.96,83.14,0.8433,-1,-1,-1
289,5,634.21,68.06,48.60,73.74,0.8535,-1,-1,-1
289,7,951.10,206.80,66.60,137.92,0.8851,-1,-1,-1
289,8,765.41,292.06,68.13,109.98,0.8967,-1,-1,-1
289,10,1057.52,133.87,51.97,94.96,0.8397,-1,-1,-1
289,11,966.23,188.39,46.85,83.30,0.7107,-1,-1,-1
289,14,886.77,251.76,64.12,121.57,0.7439,-1,-1,-1
289,15,1247.82,27.87,35.56,62.72,0.7909,-1,-1,-1
289,16,830.33,338.83,77.36,115.20,0.8423,-1,-1,-1
289,17,959.76,237.52,37.02,61.06,1.0000,-1,-1,-1
289,18,1156.59,62.56,41.76,69.41,0.7632,-1,-1,-1
289,19,1210.88,45.07,43.43,67.82,0.8470,-1,-1,-1
289,20,1536.71,49.71,35.42,37.08,0.6565,-1,-1,-1
289,24,1342.32,-0.01,22.00,12.92,1.0000,-1,-1,-1
289,32,582.54,604.10,126.16,175.43,0.8974,-1,-1,-1
289,33,627.73,395.54,67.76,160.57,1.0000,-1,-1,-1
289,45,608.30,375.37,93.02,158.24,0.6548,-1,-1,-1
289,55,616.39,849.93,170.03,157.69,0.6849,-1,-1,-1
289,58,653.62,467.99,112.05,217.13,0.6810,-1,-1,-1
289,63,598.39,374.88,53.01,134.14,1.0000,-1,-1,-1
289,68,402.17,687.04,165.45,216.03,0.9270,-1,-1,-1
289,69,485.76,564.21,115.81,175.69,0.9004,-1,-1,-1
289,73,793.37,410.66,77.10,150.52,0.7967,-1,-1,-1
289,84,1117.07,94.47,47.71,79.41,0.8396,-1,-1,-1
289,88,231.63,791.73,173.74,232.51,0.9292,-1,-1,-1
289,101,125.92,738.45,148.46,269.58,0.8957,-1,-1,-1
289,117,708.25,384.07,81.87,154.78,0.8558,-1,-1,-1
289,118,11.31,561.76,64.16,443.44,1.0000,-1,-1,-1
289,124,126.81,721.41,142.99,155.76,1.0000,-1,-1,-1
289,125,91.40,966.64,86.33,112.08,0.5120,-1,-1,-1
289,126,642.06,457.21,107.35,146.34,0.4480,-1,-1,-1
289,127,-28.51,732.60,197.68,347.12,1.0000,-1,-1,-1
289,130,13.23,873.95,42.72,205.16,0.5426,-1,-1,-1
290,1,689.07,317.78,69.16,127.22,0.6686,-1,-1,-1
290,2,677.42,855.17,184.72,186.54,0.9463,-1,-1,-1
290,4,1013.69,114.95,47.30,82.33,0.8563,-1,-1,-1
290,5,635.41,66.45,48.77,75.19,0.8473,-1,-1,-1
290,7,952.89,206.05,66.90,137.12,0.8899,-1,-1,-1
290,8,767.37,291.51,67.69,109.25,0.8871,-1,-1,-1
290,10,1057.27,132.61,52.38,96.04,0.8475,-1,-1,-1
290,11,966.58,188.34,46.68,82.09,0.6747,-1,-1,-1
290,14,887.42,250.32,64.92,122.68,0.7671,-1,-1,-1
290,15,1248.27,27.91,35.39,62.33,0.7931,-1,-1,-1
290,16,831.00,339.14,77.04,114.70,0.8293,-1,-1,-1
290,17,961.02,238.43,36.32,59.91,1.0000,-1,-1,-1
290,18,1156.81,62.32,41.66,69.01,0.7705,-1,-1,-1
290,19,1211.46,44.89,42.66,66.86,0.8375,-1,-1,-1
290,20,1536.53,48.50,36.40,38.28,0.6446,-1,-1,-1
290,24,1342.56,-0.01,21.80,12.80,1.0000,-1,-1,-1
290,32,583.11,604.00,125.86,175.64,0.8999,-1,-1,-1
290,33,629.04,394.95,68.00,161.15,1.0000,-1,-1,-1
290,45,607.35,374.24,92.25,157.23,0.7201,-1,-1,-1
290,55,616.34,848.20,171.51,160.11,0.6938,-1,-1,-1
290,58,656.24,468.48,111.22,216.10,0.6117,-1,-1,-1
290,63,600.87,374.43,52.78,133.56,1.0000,-1,-1,-1
290,68,402.54,685.59,165.05,216.55,0.9245,-1,-1,-1
290,69,487.84,563.82,115.61,176.10,0.8998,-1,-1,-1
290,73,793.66,406.03,80.13,157.38,0.8625,-1,-1,-1
290,84,1117.87,95.07,47.36,78.66,0.8245,-1,-1,-1
290,88,234.38,792.12,172.11,231.91,0.9273,-1,-1,-1
290,101,134.17,743.60,141.09,262.81,0.8755,-1,-1,-1
290,117,704.49,376.46,87.16,163.25,0.7951,-1,-1,-1
290,118,11.71,552.42,65.45,452.40,1.0000,-1,-1,-1
290,124,132.91,718.18,142.67,155.42,1.0000,-1,-1,-1
290,125,94.12,967.66,85.70,111.88,0.4368,-1,-1,-1
290,126,642.47,458.69,109.22,151.42,0.5257,-1,-1,-1
290,127,-30.60,724.86,202.09,354.85,1.0000,-1,-1,-1
290,130,13.68,870.06,45.37,208.93,0.4541,-1,-1,-1
291,1,691.90,317.21,69.15,127.11,0.8019,-1,-1,-1
291,2,678.20,857.91,182.27,185.03,0.9380,-1,-1,-1
291,4,1014.49,113.16,47.29,82.68,0.8613,-1,-1,-1
291,5,637.45,66.08,47.55,74.00,0.8485,-1,-1,-1
291,7,954.51,206.18,67.26,136.08,0.8907,-1,-1,-1
291,8,768.36,290.51,67.84,109.91,0.9088,-1,-1,-1
291,10,1057.26,131.90,52.66,96.98,0.8501,-1,-1,-1
291,11,970.22,189.09,46.08,80.97,0.8124,-1,-1,-1
291,14,889.75,252.75,63.98,119.96,0.7879,-1,-1,-1
291,15,1248.57,27.46,35.46,62.52,0.7904,-1,-1,-1
291,16,833.33,338.69,76.43,114.00,0.8466,-1,-1,-1
291,17,962.28,239.34,35.62,58.75,1.0000,-1,-1,-1
291,18,1158.10,63.05,41.24,68.20,0.7612,-1,-1,-1
291,19,1212.28,44.20,42.66,67.00,0.8284,-1,-1,-1
291,20,1537.08,48.72,35.89,37.86,0.6089,-1,-1,-1
291,24,1342.79,-0.01,21.60,12.68,1.0000,-1,-1,-1
291,32,584.60,604.16,126.19,176.88,0.8818,-1,-1,-1
291,33,630.35,394.35,68.24,161.73,1.0000,-1,-1,-1
291,45,608.96,373.07,91.25,156.43,0.7456,-1,-1,-1
291,55,623.53,849.59,172.12,159.37,0.5647,-1,-1,-1
291,58,660.90,463.53,111.68,219.87,0.5510,-1,-1,-1
291,63,603.35,373.97,52.55,132.98,1.0000,-1,-1,-1
291,68,404.64,685.00,164.56,216.36,0.9335,-1,-1,-1
291,69,491.37,563.45,114.51,174.70,0.9047,-1,-1,-1
291,73,795.82,405.55,79.65,157.12,0.8087,-1,-1,-1
291,84,1119.75,95.80,47.17,78.06,0.8049,-1,-1,-1
291,88,237.31,790.52,171.39,232.46,0.7831,-1,-1,-1
291,101,139.54,746.84,135.10,257.08,0.7434,-1,-1,-1
291,117,710.31,387.05,81.44,151.55,0.8767,-1,-1,-1
291,118,12.11,543.08,66.75,461.36,1.0000,-1,-1,-1
291,124,130.37,714.79,148.84,167.82,0.8310,-1,-1,-1
291,125,97.18,968.63,84.85,111.23,0.4341,-1,-1,-1
291,126,641.74,460.78,112.02,157.67,0.6318,-1,-1,-1
291,127,-32.69,717.11,206.49,362.59,1.0000,-1,-1,-1
291,130,15.38,884.51,44.66,194.19,0.5977,-1,-1,-1
292,1,694.22,317.39,69.42,127.84,0.7531,-1,-1,-1
292,2,680.65,861.42,178.68,182.23,0.9336,-1,-1,-1
292,4,1015.87,113.65,46.49,81.40,0.8696,-1,-1,-1
292,5,639.05,65.56,47.32,74.41,0.8465,-1,-1,-1
292,7,955.03,204.42,68.42,137.25,0.8927,-1,-1,-1
292,8,769.56,290.30,67.79,110.04,0.9167,-1,-1,-1
292,10,1057.14,132.00,52.59,97.14,0.8525,-1,-1,-1
292,11,972.21,189.34,45.61,80.37,0.8047,-1,-1,-1
292,14,891.56,258.82,61.21,113.30,0.7235,-1,-1,-1
292,15,1248.46,26.53,35.89,63.40,0.7997,-1,-1,-1
292,16,833.82,338.78,76.09,113.44,0.8624,-1,-1,-1
292,17,963.55,240.25,34.91,57.59,1.0000,-1,-1,-1
292,18,1158.77,62.86,41.19,68.22,0.7887,-1,-1,-1
292,19,1212.77,44.38,42.35,66.56,0.8337,-1,-1,-1
292,20,1537.34,48.88,35.63,37.65,0.6050,-1,-1,-1
292,24,1343.02,-0.01,21.40,12.56,1.0000,-1,-1,-1
292,32,585.71,604.74,125.88,177.24,0.8900,-1,-1,-1
292,33,631.66,393.76,68.48,162.31,1.0000,-1,-1,-1
292,45,610.46,372.31,90.94,157.13,0.7105,-1,-1,-1
292,55,631.89,851.85,172.71,156.94,0.7272,-1,-1,-1
292,58,666.27,468.23,107.76,214.33,0.6481,-1,-1,-1
292,63,605.83,373.52,52.31,132.40,1.0000,-1,-1,-1
292,68,405.15,683.21,165.76,218.83,0.9284,-1,-1,-1
292,69,493.97,563.43,113.58,173.42,0.9042,-1,-1,-1
292,73,797.40,402.87,79.66,157.75,0.8188,-1,-1,-1
292,84,1120.35,94.98,47.45,78.44,0.7906,-1,-1,-1
292,88,211.21,791.26,176.09,230.12,0.7389,-1,-1,-1
292,101,144.32,746.02,134.70,256.31,1.0000,-1,-1,-1
292,117,714.06,391.73,78.62,145.36,0.8494,-1,-1,-1
292,118,12.51,533.74,68.05,470.32,1.0000,-1,-1,-1
292,124,137.48,712.06,142.96,166.17,0.7495,-1,-1,-1
292,125,99.11,970.03,83.10,109.37,0.6725,-1,-1,-1
292,126,644.53,459.29,108.58,154.55,0.6924,-1,-1,-1
292,127,-34.77,709.37,210.90,370.33,1.0000,-1,-1,-1
292,130,17.37,907.81,42.25,170.55,0.5953,-1,-1,-1
293,1,694.28,318.43,68.83,128.33,0.8144,-1,-1,-1
293,2,678.20,857.25,182.13,187.31,0.9252,-1,-1,-1
293,4,1017.52,113.11,45.82,80.22,0.8671,-1,-1,-1
293,5,640.17,64.01,47.45,75.83,0.8221,-1,-1,-1
293,7,957.02,207.31,66.03,130.18,0.7979,-1,-1,-1
293,8,771.81,289.43,68.04,111.21,0.9028,-1,-1,-1
293,10,1057.41,131.73,51.32,95.23,0.8288,-1,-1,-1
293,11,974.14,188.90,45.31,80.44,0.8711,-1,-1,-1
293,14,892.32,257.66,61.99,113.79,0.7201,-1,-1,-1
293,15,1248.57,25.68,36.27,64.27,0.7885,-1,-1,-1
293,16,835.66,338.57,75.63,112.96,0.8594,-1,-1,-1
293,17,964.81,241.16,34.21,56.44,1.0000,-1,-1,-1
293,18,1159.55,62.16,40.96,67.72,0.8017,-1,-1,-1
293,19,1212.71,45.03,41.89,65.77,0.8447,-1,-1,-1
293,20,1537.77,48.90,35.32,37.53,0.6255,-1,-1,-1
293,24,1343.26,-0.01,21.20,12.44,1.0000,-1,-1,-1
293,32,588.80,606.89,124.52,175.46,0.8860,-1,-1,-1
293,33,632.97,393.16,68.72,162.90,1.0000,-1,-1,-1
293,45,611.46,370.60,90.57,158.73,0.6495,-1,-1,-1
293,55,631.74,851.76,176.40,158.63,0.6988,-1,-1,-1
293,58,668.44,465.31,106.95,214.89,0.7092,-1,-1,-1
293,63,608.32,373.06,52.08,131.82,1.0000,-1,-1,-1
293,68,406.18,682.24,164.96,218.78,0.8568,-1,-1,-1
293,69,496.56,562.82,112.76,172.89,0.9088,-1,-1,-1
293,73,801.39,402.46,78.69,156.60,0.8590,-1,-1,-1
293,84,1122.33,94.45,47.13,78.33,0.7530,-1,-1,-1
293,88,228.52,787.94,176.48,232.51,0.9212,-1,-1,-1
293,101,141.86,720.78,142.04,279.23,0.8422,-1,-1,-1
293,117,714.67,389.97,79.86,146.83,0.8394,-1,-1,-1
293,118,12.91,524.41,69.34,479.28,1.0000,-1,-1,-1
293,124,179.82,709.40,163.42,180.87,0.4116,-1,-1,-1
293,125,100.81,970.51,82.16,108.52,0.4726,-1,-1,-1
293,126,648.70,456.57,107.08,154.15,0.4769,-1,-1,-1
293,127,-36.86,701.62,215.31,378.07,1.0000,-1,-1,-1
293,130,19.92,925.28,41.43,152.82,0.4032,-1,-1,-1
293,135,906.16,240.33,57.82,99.41,0.5581,-1,-1,-1
294,1,696.64,318.40,68.11,127.27,0.8727,-1,-1,-1
294,2,678.38,859.11,180.78,186.95,0.9182,-1,-1,-1
294,4,1018.48,112.03,45.90,80.44,0.8746,-1,-1,-1
294,5,641.71,63.23,46.87,76.08,0.8232,-1,-1,-1
294,7,958.53,205.04,68.78,134.10,0.8022,-1,-1,-1
294,8,772.84,289.17,67.95,111.73,0.9004,-1,-1,-1
294,10,1057.54,131.64,51.48,95.65,0.8352,-1,-1,-1
294,11,975.11,189.02,45.09,80.37,0.8326,-1,-1,-1
294,14,893.82,257.86,62.27,113.30,0.6919,-1,-1,-1
294,15,1248.92,25.20,36.34,64.70,0.7907,-1,-1,-1
294,16,836.73,337.81,75.92,113.75,0.8542,-1,-1,-1
294,17,966.07,242.07,33.51,55.28,1.0000,-1,-1,-1
294,18,1160.35,61.64,41.18,67.90,0.8029,-1,-1,-1
294,19,1212.50,45.26,41.91,65.87,0.8356,-1,-1,-1
294,20,1537.97,48.50,35.21,37.56,0.6292,-1,-1,-1
294,24,1343.49,-0.01,20.99,12.32,1.0000,-1,-1,-1
294,32,588.97,606.46,124.90,176.78,0.8949,-1,-1,-1
294,33,634.28,392.57,68.96,163.48,1.0000,-1,-1,-1
294,45,615.05,368.94,89.15,157.32,0.6040,-1,-1,-1
294,55,632.09,852.67,179.20,159.09,0.7080,-1,-1,-1
294,58,669.17,461.31,99.07,198.15,0.6049,-1,-1,-1
294,63,610.80,372.61,51.84,131.24,1.0000,-1,-1,-1
294,68,406.55,679.61,163.78,218.51,0.8596,-1,-1,-1
294,69,497.84,562.02,112.29,172.99,0.8829,-1,-1,-1
294,73,803.89,401.18,76.04,151.56,0.8373,-1,-1,-1
294,84,1123.30,93.14,47.08,78.57,0.7192,-1,-1,-1
294,88,234.95,782.16,178.84,237.63,0.9218,-1,-1,-1
294,101,152.90,716.26,126.92,252.94,0.7007,-1,-1,-1
294,117,717.11,394.10,78.16,142.93,0.8540,-1,-1,-1
294,118,13.31,515.07,70.64,488.24,1.0000,-1,-1,-1
294,124,191.39,706.03,176.26,187.86,0.4365,-1,-1,-1
294,125,102.82,971.43,80.80,106.91,0.3570,-1,-1,-1
294,126,649.59,456.44,107.62,154.93,1.0000,-1,-1,-1
294,127,-38.94,693.88,219.71,385.81,1.0000,-1,-1,-1
294,130,11.73,861.72,59.97,216.69,0.3816,-1,-1,-1
294,135,908.26,240.84,57.34,98.59,1.0000,-1,-1,-1
295,1,697.96,318.35,67.83,126.74,0.8967,-1,-1,-1
295,2,684.67,868.71,171.54,177.65,0.9328,-1,-1,-1
295,4,1019.66,111.51,45.24,79.53,0.8492,-1,-1,-1
295,5,643.06,62.33,46.80,77.14,0.8244,-1,-1,-1
295,7,959.42,200.85,70.13,135.14,0.7614,-1,-1,-1
295,8,774.38,288.99,68.49,113.30,0.8977,-1,-1,-1
295,10,1057.02,131.18,51.26,95.43,0.8246,-1,-1,-1
295,11,974.57,189.68,47.13,83.58,0.3565,-1,-1,-1
295,14,896.11,248.18,68.21,123.24,0.8781,-1,-1,-1
295,15,1248.95,25.59,36.22,64.59,0.7730,-1,-1,-1
295,16,837.66,337.22,76.59,114.63,0.8777,-1,-1,-1
295,17,967.34,242.98,32.81,54.12,1.0000,-1,-1,-1
295,18,1161.26,61.21,41.54,68.55,0.7956,-1,-1,-1
295,19,1213.46,44.77,41.92,66.02,0.8211,-1,-1,-1
295,20,1538.32,48.11,35.17,37.63,0.6157,-1,-1,-1
295,24,1343.72,-0.01,20.79,12.20,1.0000,-1,-1,-1
295,32,589.93,606.93,124.35,176.93,0.9082,-1,-1,-1
295,33,635.59,391.97,69.20,164.06,1.0000,-1,-1,-1
295,45,619.60,367.38,86.41,152.83,0.6712,-1,-1,-1
295,55,635.27,855.59,179.36,156.15,0.7591,-1,-1,-1
295,58,674.14,468.33,101.70,204.52,0.7193,-1,-1,-1
295,63,613.28,372.16,51.61,130.65,1.0000,-1,-1,-1
295,68,406.17,677.61,166.36,223.45,0.9164,-1,-1,-1
295,69,500.17,561.10,111.25,172.76,0.8975,-1,-1,-1
295,73,805.67,398.99,76.74,154.28,0.8576,-1,-1,-1
295,84,1125.33,93.16,46.87,78.88,0.7069,-1,-1,-1
295,88,240.73,786.84,174.24,231.89,0.9359,-1,-1,-1
295,101,161.75,706.34,119.69,240.95,0.6636,-1,-1,-1
295,117,721.14,399.13,75.36,136.86,0.8700,-1,-1,-1
295,118,13.71,505.73,71.93,497.19,1.0000,-1,-1,-1
295,124,178.48,738.27,201.52,218.21,0.3822,-1,-1,-1
295,125,104.00,971.92,80.20,106.16,0.4062,-1,-1,-1
295,126,652.66,457.92,103.72,150.36,0.5772,-1,-1,-1
295,127,-41.03,686.13,224.12,393.55,1.0000,-1,-1,-1
295,130,10.51,846.56,65.75,231.63,0.3275,-1,-1,-1
295,135,910.36,241.36,56.86,97.77,1.0000,-1,-1,-1
296,1,698.81,317.95,67.63,126.70,0.9012,-1,-1,-1
296,2,686.89,871.94,168.64,174.86,0.9231,-1,-1,-1
296,4,1021.40,111.96,44.75,78.60,0.8456,-1,-1,-1
296,5,644.96,61.51,46.97,78.38,0.8283,-1,-1,-1
296,7,961.14,195.26,72.82,139.89,0.6736,-1,-1,-1
296,8,778.06,288.98,67.54,111.85,0.8997,-1,-1,-1
296,10,1057.43,131.42,51.01,95.25,0.8259,-1,-1,-1
296,11,975.56,189.70,47.05,83.43,1.0000,-1,-1,-1
296,14,896.23,244.49,70.52,126.89,0.8039,-1,-1,-1
296,15,1249.69,24.71,36.60,65.34,0.7668,-1,-1,-1
296,16,838.30,336.79,76.78,115.12,0.8668,-1,-1,-1
296,17,968.60,243.89,32.11,52.97,1.0000,-1,-1,-1
296,18,1161.76,60.95,41.73,68.97,0.8224,-1,-1,-1
296,19,1214.03,44.37,42.09,66.31,0.8163,-1,-1,-1
296,20,1538.79,48.12,34.63,37.09,0.5766,-1,-1,-1
296,24,1343.95,-0.01,20.59,12.09,1.0000,-1,-1,-1
296,32,592.37,608.14,123.20,175.63,0.9252,-1,-1,-1
296,33,636.90,391.38,69.44,164.64,1.0000,-1,-1,-1
296,45,621.61,365.71,84.45,150.15,0.6842,-1,-1,-1
296,55,635.62,857.86,180.55,154.57,0.7374,-1,-1,-1
296,58,678.43,477.27,99.05,199.07,0.8020,-1,-1,-1
296,63,615.77,371.70,51.38,130.07,1.0000,-1,-1,-1
296,68,406.65,675.80,167.68,226.99,0.9187,-1,-1,-1
296,69,501.42,559.15,111.28,174.43,0.8999,-1,-1,-1
296,73,807.39,398.30,76.05,153.93,0.8114,-1,-1,-1
296,84,1127.57,94.01,46.11,78.28,0.6905,-1,-1,-1
296,88,245.13,789.06,171.06,227.70,0.9341,-1,-1,-1
296,101,170.15,719.04,123.61,253.91,0.3393,-1,-1,-1
296,117,722.94,401.84,74.56,134.11,0.8460,-1,-1,-1
296,118,14.10,496.39,73.23,506.15,1.0000,-1,-1,-1
296,124,167.66,714.69,168.47,188.17,0.7844,-1,-1,-1
296,125,105.47,973.57,79.19,104.46,0.3576,-1,-1,-1
296,126,655.39,457.52,101.73,148.29,0.6519,-1,-1,-1
296,127,-43.12,678.38,228.53,401.28,1.0000,-1,-1,-1
296,130,8.48,826.92,72.53,251.04,0.3773,-1,-1,-1
296,135,912.47,241.87,56.39,96.95,1.0000,-1,-1,-1
297,1,701.36,317.62,67.67,126.87,0.8879,-1,-1,-1
297,2,686.40,872.61,168.51,174.81,0.9136,-1,-1,-1
297,4,1022.92,111.21,44.72,78.85,0.8226,-1,-1,-1
297,5,645.82,60.20,47.50,80.42,0.8444,-1,-1,-1
297,7,962.19,193.05,73.96,141.46,0.7711,-1,-1,-1
297,8,780.50,289.60,67.06,110.97,0.8855,-1,-1,-1
297,10,1057.99,131.87,50.47,94.45,0.8147,-1,-1,-1
297,11,976.55,189.73,46.96,83.29,1.0000,-1,-1,-1
297,14,897.30,244.98,70.34,126.20,0.8243,-1,-1,-1
297,15,1250.43,23.97,36.84,65.98,0.7604,-1,-1,-1
297,16,841.13,336.24,76.59,115.26,0.7822,-1,-1,-1
297,17,969.86,244.80,31.41,51.81,1.0000,-1,-1,-1
297,18,1162.22,60.31,41.75,69.25,0.8316,-1,-1,-1
297,19,1214.43,44.33,42.00,66.08,0.8183,-1,-1,-1
297,20,1538.58,47.46,34.75,37.36,0.5802,-1,-1,-1
297,24,1344.19,-0.01,20.39,11.97,1.0000,-1,-1,-1
297,32,593.42,608.40,122.99,175.48,0.9234,-1,-1,-1
297,33,638.22,390.78,69.67,165.22,1.0000,-1,-1,-1
297,45,622.20,364.06,85.30,153.88,0.8127,-1,-1,-1
297,55,634.45,856.48,185.44,156.72,0.7215,-1,-1,-1
297,58,684.98,489.64,93.83,187.16,0.7818,-1,-1,-1
297,63,618.25,371.25,51.14,129.49,1.0000,-1,-1,-1
297,68,407.27,674.23,167.93,229.34,0.9202,-1,-1,-1
297,69,503.35,558.08,110.62,175.27,0.8968,-1,-1,-1
297,73,807.70,394.77,76.94,157.07,0.8456,-1,-1,-1
297,84,1128.92,93.88,45.56,78.03,0.7298,-1,-1,-1
297,88,247.48,789.32,168.96,224.63,0.9519,-1,-1,-1
297,101,182.09,729.28,109.39,226.67,0.3383,-1,-1,-1
297,117,726.68,405.52,73.14,131.13,0.8579,-1,-1,-1
297,118,14.50,487.06,74.53,515.11,1.0000,-1,-1,-1
297,124,166.84,700.37,152.45,175.16,0.8205,-1,-1,-1
297,125,106.80,974.63,79.06,103.63,0.4636,-1,-1,-1
297,126,656.15,456.33,100.19,146.72,0.6630,-1,-1,-1
297,127,-45.20,670.64,232.94,409.02,1.0000,-1,-1,-1
297,130,9.14,821.94,73.94,255.90,1.0000,-1,-1,-1
297,135,914.57,242.39,55.91,96.13,1.0000,-1,-1,-1
298,1,703.57,317.52,67.73,126.52,0.8689,-1,-1,-1
298,2,686.11,872.34,168.88,175.29,0.9329,-1,-1,-1
298,4,1023.92,111.32,44.32,77.90,0.8166,-1,-1,-1
298,5,647.00,59.66,47.07,80.93,0.8429,-1,-1,-1
298,7,962.65,190.81,75.12,142.95,0.7908,-1,-1,-1
298,8,784.51,290.42,66.70,109.75,0.8694,-1,-1,-1
298,10,1058.40,133.81,49.95,93.10,0.8080,-1,-1,-1
298,11,977.55,189.76,46.88,83.14,1.0000,-1,-1,-1
298,14,900.76,244.20,70.27,124.78,0.8131,-1,-1,-1
298,15,1251.80,23.58,37.01,66.36,0.7792,-1,-1,-1
298,16,842.24,336.76,76.78,115.85,0.7954,-1,-1,-1
298,17,971.13,245.71,30.71,50.65,1.0000,-1,-1,-1
298,18,1162.93,60.59,41.28,68.61,0.8094,-1,-1,-1
298,19,1214.93,44.41,42.04,65.93,0.8258,-1,-1,-1
298,20,1538.39,46.77,35.16,37.94,0.6031,-1,-1,-1
298,24,1344.42,-0.01,20.19,11.85,1.0000,-1,-1,-1
298,32,593.70,606.23,124.52,178.04,0.9178,-1,-1,-1
298,33,639.53,390.19,69.91,165.81,1.0000,-1,-1,-1
298,45,625.86,362.47,86.83,157.37,0.8075,-1,-1,-1
298,55,632.83,856.10,189.82,158.65,0.6108,-1,-1,-1
298,58,689.72,502.07,89.23,175.68,0.8254,-1,-1,-1
298,63,620.73,370.79,50.91,128.91,1.0000,-1,-1,-1
298,68,408.60,672.82,167.20,230.11,0.9174,-1,-1,-1
298,69,505.71,557.66,109.60,175.42,0.8949,-1,-1,-1
298,73,809.21,394.40,75.52,155.01,0.7844,-1,-1,-1
298,84,1129.34,92.17,45.83,79.18,0.6958,-1,-1,-1
298,88,249.19,789.38,167.99,223.02,0.9477,-1,-1,-1
298,101,184.90,728.18,114.06,241.97,0.7612,-1,-1,-1
298,117,728.15,407.45,72.43,129.22,0.8441,-1,-1,-1
298,124,168.86,693.32,148.70,175.58,0.8254,-1,-1,-1
298,125,23.71,842.61,177.48,236.78,0.5050,-1,-1,-1
298,126,655.34,452.69,101.29,149.28,0.6883,-1,-1,-1
298,127,-47.29,662.89,237.34,416.76,1.0000,-1,-1,-1
298,130,9.80,816.96,75.34,260.76,1.0000,-1,-1,-1
298,135,916.67,242.90,55.43,95.31,1.0000,-1,-1,-1
299,1,707.22,317.45,68.02,126.16,0.8280,-1,-1,-1
299,2,686.60,875.28,167.79,174.13,0.9220,-1,-1,-1
299,4,1025.58,110.88,44.03,77.70,0.8171,-1,-1,-1
299,5,650.77,59.79,44.84,77.67,0.8126,-1,-1,-1
299,7,964.03,188.32,75.59,143.04,0.8546,-1,-1,-1
299,8,785.87,290.04,65.92,108.29,0.8745,-1,-1,-1
299,10,1057.69,132.83,50.81,94.66,0.8058,-1,-1,-1
299,11,978.54,189.79,46.80,82.99,1.0000,-1,-1,-1
299,14,901.25,243.82,70.35,125.24,0.8085,-1,-1,-1
299,15,1253.17,23.99,36.73,65.85,0.7712,-1,-1,-1
299,16,846.13,337.60,73.15,110.64,0.8055,-1,-1,-1
299,17,972.39,246.62,30.01,49.50,1.0000,-1,-1,-1
299,18,1164.66,59.82,41.55,69.05,0.8356,-1,-1,-1
299,19,1216.13,44.23,42.26,65.95,0.8192,-1,-1,-1
299,20,1538.49,46.46,34.97,37.83,0.6209,-1,-1,-1
299,24,1344.65,-0.01,19.99,11.73,1.0000,-1,-1,-1
299,32,594.22,605.47,124.69,178.64,0.9123,-1,-1,-1
299,33,640.84,389.60,70.15,166.39,1.0000,-1,-1,-1
299,45,630.62,362.09,85.01,154.15,0.7699,-1,-1,-1
299,55,627.75,856.59,193.58,161.34,0.7635,-1,-1,-1
299,58,691.34,501.12,89.89,175.48,0.7944,-1,-1,-1
299,63,623.21,370.34,50.68,128.33,1.0000,-1,-1,-1
299,68,411.74,671.02,167.14,232.13,0.9078,-1,-1,-1
299,69,509.41,557.03,107.83,174.55,0.8848,-1,-1,-1
299,73,810.51,391.48,76.15,157.54,0.7611,-1,-1,-1
299,84,1131.37,91.10,45.78,79.52,0.7439,-1,-1,-1
299,88,239.35,755.09,190.05,255.55,0.9233,-1,-1,-1
299,101,192.36,739.39,108.42,233.83,0.7511,-1,-1,-1
299,117,730.55,405.58,72.67,129.34,0.8733,-1,-1,-1
299,124,175.73,688.73,152.45,184.22,0.6435,-1,-1,-1
299,125,-1.07,798.67,206.86,281.07,0.3704,-1,-1,-1
299,126,654.61,447.99,104.21,154.03,0.6555,-1,-1,-1
299,127,-49.37,655.15,241.75,424.50,1.0000,-1,-1,-1
299,130,10.46,811.97,76.74,265.62,1.0000,-1,-1,-1
299,135,918.77,243.42,54.95,94.48,1.0000,-1,-1,-1
300,1,705.85,316.40,68.02,126.96,0.8717,-1,-1,-1
300,2,682.92,871.64,171.49,177.92,0.9283,-1,-1,-1
300,4,1027.08,111.18,43.08,75.97,0.8058,-1,-1,-1
300,5,652.27,60.13,43.69,75.94,0.8415,-1,-1,-1
300,7,965.62,186.81,75.63,141.75,0.8232,-1,-1,-1
300,8,787.26,289.81,65.65,107.46,0.8972,-1,-1,-1
300,10,1057.24,133.42,50.72,93.87,0.7936,-1,-1,-1
300,11,979.53,189.82,46.71,82.85,1.0000,-1,-1,-1
300,14,904.77,240.99,70.96,126.04,0.8108,-1,-1,-1
300,15,1253.52,23.57,37.01,66.40,0.7736,-1,-1,-1
300,16,846.80,337.66,73.16,110.86,0.8076,-1,-1,-1
300,17,973.65,247.53,29.31,48.34,1.0000,-1,-1,-1
300,18,1165.06,59.69,41.59,68.91,0.8145,-1,-1,-1
300,19,1216.68,44.06,42.23,65.76,0.8137,-1,-1,-1
300,20,1538.84,46.82,34.29,37.01,0.6274,-1,-1,-1
300,24,1344.89,-0.02,19.79,11.61,1.0000,-1,-1,-1
300,32,593.47,602.83,126.10,181.48,0.9133,-1,-1,-1
300,33,642.15,389.00,70.39,166.97,1.0000,-1,-1,-1
300,45,635.76,361.28,82.53,149.10,0.7773,-1,-1,-1
300,55,626.03,857.08,194.66,161.36,0.7591,-1,-1,-1
300,58,691.79,497.24,92.49,179.26,0.8534,-1,-1,-1
300,63,625.70,369.89,50.44,127.75,1.0000,-1,-1,-1
300,68,413.71,669.53,166.15,232.64,0.9085,-1,-1,-1
300,69,512.36,557.01,106.51,173.99,0.8813,-1,-1,-1
300,73,811.86,389.41,74.92,155.67,0.7412,-1,-1,-1
300,84,1132.51,89.96,45.78,79.78,0.7504,-1,-1,-1
300,88,231.63,746.12,195.20,262.33,0.9017,-1,-1,-1
300,101,198.16,748.03,103.45,226.07,0.6462,-1,-1,-1
300,117,732.31,406.31,72.82,128.78,0.8673,-1,-1,-1
300,124,179.56,686.54,148.79,184.45,0.7955,-1,-1,-1
300,125,-10.01,786.66,213.13,293.16,0.3227,-1,-1,-1
300,126,653.21,442.16,107.78,160.29,0.6180,-1,-1,-1
300,127,-51.46,647.40,246.16,432.24,1.0000,-1,-1,-1
300,130,11.11,806.99,78.15,270.48,1.0000,-1,-1,-1
300,135,920.88,243.94,54.47,93.66,1.0000,-1,-1,-1
301,1,708.24,316.95,67.40,125.46,0.8618,-1,-1,-1
301,2,679.59,868.70,174.98,181.59,0.9133,-1,-1,-1
301,4,1028.21,109.86,42.17,74.38,0.8303,-1,-1,-1
301,5,654.25,59.14,43.22,75.65,0.8246,-1,-1,-1
301,7,967.17,186.33,69.91,129.40,0.6235,-1,-1,-1
301,8,789.28,288.63,66.93,109.41,0.9047,-1,-1,-1
301,10,1056.97,132.51,51.34,94.90,0.8323,-1,-1,-1
301,11,980.53,189.84,46.63,82.70,1.0000,-1,-1,-1
301,14,905.88,239.96,70.85,125.75,0.8390,-1,-1,-1
301,15,1253.74,22.99,37.17,66.70,0.7876,-1,-1,-1
301,16,849.26,338.48,71.45,108.07,0.8497,-1,-1,-1
301,17,984.07,222.30,64.17,107.98,0.3861,-1,-1,-1
301,18,1165.60,58.81,42.31,70.09,0.7894,-1,-1,-1
301,19,1216.99,43.07,43.58,68.27,0.7880,-1,-1,-1
301,20,1538.78,46.84,34.25,36.94,0.6332,-1,-1,-1
301,24,1345.12,-0.02,19.59,11.49,1.0000,-1,-1,-1
301,32,593.78,601.55,125.97,181.71,0.9146,-1,-1,-1
301,33,643.46,388.41,70.63,167.55,1.0000,-1,-1,-1
301,45,639.19,360.17,82.65,149.01,0.7934,-1,-1,-1
301,55,622.18,856.87,196.71,163.36,0.7367,-1,-1,-1
301,58,690.87,491.13,95.19,184.10,0.8480,-1,-1,-1
301,63,628.18,369.43,50.21,127.17,1.0000,-1,-1,-1
301,68,414.67,668.39,165.27,233.59,0.9112,-1,-1,-1
301,69,514.66,556.61,105.37,173.65,0.8760,-1,-1,-1
301,73,812.12,387.34,74.10,154.16,0.8451,-1,-1,-1
301,84,1133.45,89.66,45.26,79.53,0.7448,-1,-1,-1
301,88,223.25,724.65,208.40,282.15,0.8578,-1,-1,-1
301,101,203.53,749.62,102.22,223.37,1.0000,-1,-1,-1
301,117,733.61,403.81,74.77,131.79,0.8702,-1,-1,-1
301,124,194.20,683.57,141.68,177.01,0.8170,-1,-1,-1
301,125,-14.17,775.43,218.56,304.53,0.4729,-1,-1,-1
301,126,655.91,442.26,107.21,159.67,0.5958,-1,-1,-1
301,127,-53.55,639.66,250.56,439.98,1.0000,-1,-1,-1
301,130,11.77,802.01,79.55,275.34,1.0000,-1,-1,-1
301,135,922.98,244.45,54.00,92.84,1.0000,-1,-1,-1
302,1,709.10,317.31,67.37,125.03,0.8154,-1,-1,-1
302,2,679.35,871.37,174.00,180.15,0.9253,-1,-1,-1
302,4,1029.72,108.82,41.83,73.88,0.8261,-1,-1,-1
302,5,655.95,58.05,42.98,75.97,0.8449,-1,-1,-1
302,7,968.71,184.45,69.48,128.60,1.0000,-1,-1,-1
302,8,790.29,288.31,66.34,108.63,0.9098,-1,-1,-1
302,10,1057.33,131.99,51.59,95.19,0.8309,-1,-1,-1
302,11,959.74,188.61,58.77,107.90,0.8101,-1,-1,-1
302,14,905.58,238.72,71.60,127.15,0.7904,-1,-1,-1
302,15,1254.30,24.24,36.67,65.61,0.7698,-1,-1,-1
302,16,849.98,337.70,72.07,109.05,0.8705,-1,-1,-1
302,17,989.92,221.39,61.54,107.65,0.6195,-1,-1,-1
302,18,1166.40,58.57,42.67,70.79,0.7822,-1,-1,-1
302,19,1216.89,42.27,44.14,69.18,0.7845,-1,-1,-1
302,20,1539.66,47.14,33.75,36.20,0.6293,-1,-1,-1
302,24,1345.35,-0.02,19.39,11.37,1.0000,-1,-1,-1
302,32,594.08,600.13,126.40,182.69,0.9205,-1,-1,-1
302,33,644.77,387.81,70.87,168.14,1.0000,-1,-1,-1
302,45,639.95,359.88,82.46,149.17,0.7760,-1,-1,-1
302,55,622.98,861.24,194.03,160.68,0.7535,-1,-1,-1
302,58,692.63,496.26,92.82,177.93,0.8780,-1,-1,-1
302,63,630.66,368.98,49.98,126.59,1.0000,-1,-1,-1
302,68,416.78,668.34,163.65,232.83,0.9066,-1,-1,-1
302,69,516.55,556.75,104.44,174.15,0.8949,-1,-1,-1
302,73,812.48,385.56,74.19,155.12,0.8239,-1,-1,-1
302,84,1134.41,89.85,44.98,79.62,0.7645,-1,-1,-1
302,88,218.80,716.49,212.62,288.64,0.8837,-1,-1,-1
302,101,208.91,751.22,100.98,220.68,1.0000,-1,-1,-1
302,117,735.76,404.96,74.60,131.43,0.8798,-1,-1,-1
302,124,204.05,680.82,133.91,167.61,0.8012,-1,-1,-1
302,125,-15.86,767.59,221.31,312.42,0.5895,-1,-1,-1
302,126,643.53,436.16,106.76,165.30,0.6680,-1,-1,-1
302,127,-55.63,631.91,254.97,447.71,1.0000,-1,-1,-1
302,130,12.43,797.03,80.96,280.20,1.0000,-1,-1,-1
302,135,925.08,244.97,53.52,92.02,1.0000,-1,-1,-1
303,1,709.75,318.29,66.26,123.16,0.8362,-1,-1,-1
303,2,678.83,877.84,169.71,173.82,0.8871,-1,-1,-1
303,4,1030.57,108.39,41.58,73.53,0.8237,-1,-1,-1
303,5,658.05,57.15,43.28,77.11,0.8862,-1,-1,-1
303,7,970.26,182.56,69.05,127.81,1.0000,-1,-1,-1
303,8,792.26,287.48,67.82,110.75,0.8719,-1,-1,-1
303,10,1057.97,131.52,51.60,95.27,0.8543,-1,-1,-1
303,11,960.38,188.12,58.63,110.94,0.8323,-1,-1,-1
303,14,907.59,239.04,71.65,126.65,0.8168,-1,-1,-1
303,15,1255.20,24.19,36.49,65.37,0.7758,-1,-1,-1
303,16,849.64,337.70,73.23,110.01,0.8412,-1,-1,-1
303,17,992.31,217.53,60.99,110.17,0.6679,-1,-1,-1
303,18,1167.67,59.66,42.13,69.74,0.8273,-1,-1,-1
303,19,1217.82,42.44,43.81,68.45,0.8058,-1,-1,-1
303,20,1539.81,47.14,33.68,36.06,0.6192,-1,-1,-1
303,24,1345.58,-0.02,19.19,11.25,1.0000,-1,-1,-1
303,32,594.45,600.12,126.24,182.69,0.9159,-1,-1,-1
303,45,642.02,359.84,82.77,149.59,0.8117,-1,-1,-1
303,55,622.29,865.66,189.15,156.45,0.7795,-1,-1,-1
303,58,694.46,499.98,91.48,173.60,0.8917,-1,-1,-1
303,63,633.15,368.52,49.75,126.01,1.0000,-1,-1,-1
303,68,418.12,666.07,163.01,233.50,0.8930,-1,-1,-1
303,69,519.87,556.93,102.82,173.31,0.8976,-1,-1,-1
303,73,810.83,379.91,76.27,159.65,0.8434,-1,-1,-1
303,84,1135.74,90.78,44.11,78.15,0.7847,-1,-1,-1
303,88,225.40,701.75,217.91,301.48,0.7947,-1,-1,-1
303,101,214.29,752.81,99.75,217.98,1.0000,-1,-1,-1
303,117,736.35,403.42,75.85,133.19,0.8466,-1,-1,-1
303,124,212.75,678.33,128.96,160.73,0.7746,-1,-1,-1
303,125,-2.30,805.71,197.15,274.33,0.6198,-1,-1,-1
303,126,645.28,444.19,97.56,156.46,0.6495,-1,-1,-1
303,127,-57.72,624.17,259.38,455.45,1.0000,-1,-1,-1
303,130,13.09,792.04,82.36,285.06,1.0000,-1,-1,-1
303,135,927.19,245.48,53.04,91.20,1.0000,-1,-1,-1
304,1,710.39,318.82,66.01,122.84,0.8224,-1,-1,-1
304,2,678.52,877.95,171.10,174.23,0.9207,-1,-1,-1
304,4,1031.30,107.79,41.83,74.12,0.8177,-1,-1,-1
304,5,659.80,57.21,42.92,76.78,0.8916,-1,-1,-1
304,7,971.80,180.68,68.62,127.02,1.0000,-1,-1,-1
304,8,793.36,287.20,67.81,110.80,0.8928,-1,-1,-1
304,10,1058.77,130.96,51.41,94.98,0.8628,-1,-1,-1
304,11,960.99,187.88,57.09,111.20,0.8278,-1,-1,-1
304,14,909.73,241.01,70.69,124.40,0.7965,-1,-1,-1
304,15,1255.30,23.33,36.63,65.99,0.7499,-1,-1,-1
304,16,850.83,337.36,73.61,110.41,0.8969,-1,-1,-1
304,17,992.42,202.71,64.85,122.71,0.6996,-1,-1,-1
304,18,1168.33,59.31,42.52,70.50,0.8266,-1,-1,-1
304,19,1218.96,42.44,43.44,68.01,0.7994,-1,-1,-1
304,20,1539.91,46.90,33.83,36.24,0.5572,-1,-1,-1
304,24,1345.82,-0.02,18.98,11.13,1.0000,-1,-1,-1
304,32,594.66,600.03,126.21,182.96,0.9169,-1,-1,-1
304,45,645.99,358.52,80.57,144.50,0.7776,-1,-1,-1
304,55,621.98,864.34,192.73,159.40,0.7901,-1,-1,-1
304,58,696.05,503.34,90.50,170.12,0.8604,-1,-1,-1
304,63,635.63,368.07,49.51,125.43,1.0000,-1,-1,-1
304,68,418.91,664.01,164.05,236.86,0.9088,-1,-1,-1
304,69,521.56,555.42,102.51,174.96,0.9237,-1,-1,-1
304,73,813.68,380.18,75.69,159.71,0.8013,-1,-1,-1
304,84,1137.13,90.49,43.63,77.61,0.7498,-1,-1,-1
304,88,226.65,711.29,209.85,289.74,0.8824,-1,-1,-1
304,101,219.67,754.41,98.51,215.28,1.0000,-1,-1,-1
304,117,738.27,403.64,75.96,132.60,0.8475,-1,-1,-1
304,124,217.40,675.24,129.87,161.53,0.8738,-1,-1,-1
304,125,18.82,875.86,156.61,204.15,0.7827,-1,-1,-1
304,126,647.44,448.21,91.85,152.13,0.7888,-1,-1,-1
304,127,-59.80,616.42,263.78,463.19,1.0000,-1,-1,-1
304,130,13.75,787.06,83.77,289.93,1.0000,-1,-1,-1
304,135,929.29,246.00,52.56,90.38,1.0000,-1,-1,-1
305,1,712.31,318.62,66.86,124.59,0.8414,-1,-1,-1
305,2,675.77,876.07,174.64,176.90,0.8887,-1,-1,-1
305,4,1032.76,107.83,41.70,74.24,0.7968,-1,-1,-1
305,5,661.74,56.75,42.70,76.73,0.8854,-1,-1,-1
305,7,973.34,178.79,68.19,126.22,1.0000,-1,-1,-1
305,8,795.01,286.99,68.14,111.77,0.8690,-1,-1,-1
305,10,1060.19,130.51,50.67,93.88,0.8927,-1,-1,-1
305,11,961.57,187.52,56.33,112.99,0.6098,-1,-1,-1
305,14,912.32,241.53,69.83,122.49,0.7564,-1,-1,-1
305,15,1256.09,22.50,36.72,66.20,0.7678,-1,-1,-1
305,16,852.86,336.81,74.12,110.71,0.8866,-1,-1,-1
305,17,993.01,199.24,64.34,125.17,0.7321,-1,-1,-1
305,18,1169.36,59.95,42.11,69.84,0.8075,-1,-1,-1
305,19,1220.46,43.55,42.62,66.76,0.7640,-1,-1,-1
305,20,1539.65,46.38,34.25,36.80,0.5509,-1,-1,-1
305,24,1346.05,-0.02,18.78,11.02,1.0000,-1,-1,-1
305,32,595.63,601.56,125.36,181.89,0.9208,-1,-1,-1
305,45,648.86,357.96,78.55,140.29,0.6667,-1,-1,-1
305,55,622.12,866.33,189.57,156.35,0.4083,-1,-1,-1
305,58,698.32,501.52,91.40,170.51,0.6687,-1,-1,-1
305,63,638.11,367.62,49.28,124.85,1.0000,-1,-1,-1
305,68,420.99,661.80,164.79,240.22,0.9047,-1,-1,-1
305,69,524.10,554.32,101.55,175.67,0.9294,-1,-1,-1
305,73,814.98,377.64,75.58,159.86,0.7979,-1,-1,-1
305,84,1138.90,90.03,43.52,77.67,0.7992,-1,-1,-1
305,88,229.82,705.85,211.47,294.19,0.7641,-1,-1,-1
305,101,225.04,756.00,97.27,212.58,1.0000,-1,-1,-1
305,117,740.71,403.12,76.77,133.12,0.8482,-1,-1,-1
305,124,223.80,671.56,130.07,161.07,0.8848,-1,-1,-1
305,125,20.74,881.83,157.27,198.19,0.6610,-1,-1,-1
305,126,648.29,443.38,91.37,156.74,0.7287,-1,-1,-1
305,127,-61.89,608.67,268.19,470.93,1.0000,-1,-1,-1
305,130,14.41,782.08,85.17,294.79,1.0000,-1,-1,-1
305,135,931.39,246.51,52.08,89.55,1.0000,-1,-1,-1
306,1,714.52,318.43,67.23,124.80,0.8500,-1,-1,-1
306,2,665.51,876.08,178.73,177.82,0.9106,-1,-1,-1
306,4,1032.52,107.16,42.67,76.56,0.7889,-1,-1,-1
306,5,663.14,57.09,42.09,76.04,0.8766,-1,-1,-1
306,7,974.88,176.91,67.76,125.43,1.0000,-1,-1,-1
306,8,796.04,286.64,67.51,111.18,0.8834,-1,-1,-1
306,10,1061.39,130.22,50.07,93.15,0.8976,-1,-1,-1
306,11,962.36,186.92,54.93,112.55,0.7296,-1,-1,-1
306,14,913.75,244.04,67.68,118.77,0.7017,-1,-1,-1
306,15,1256.45,22.11,36.65,66.16,0.7715,-1,-1,-1
306,16,855.04,336.67,74.25,111.05,0.8881,-1,-1,-1
306,17,996.60,205.28,60.10,118.99,0.7645,-1,-1,-1
306,18,1170.13,60.45,41.67,68.89,0.8042,-1,-1,-1
306,19,1221.14,43.65,42.56,66.68,0.7398,-1,-1,-1
306,20,1539.44,45.99,34.33,37.05,0.5208,-1,-1,-1
306,24,1346.28,-0.02,18.58,10.90,1.0000,-1,-1,-1
306,32,596.51,602.13,125.21,181.90,0.9223,-1,-1,-1
306,45,653.54,359.74,79.08,141.80,0.5950,-1,-1,-1
306,55,622.09,867.43,189.36,156.16,1.0000,-1,-1,-1
306,58,698.60,497.64,93.61,173.91,0.8453,-1,-1,-1
306,63,640.59,367.16,49.05,124.27,1.0000,-1,-1,-1
306,68,422.48,660.77,164.32,241.70,0.9039,-1,-1,-1
306,69,526.63,553.67,100.34,175.98,0.9237,-1,-1,-1
306,73,815.48,374.72,76.52,163.19,0.7917,-1,-1,-1
306,84,1139.64,89.42,43.49,77.90,0.8195,-1,-1,-1
306,88,233.78,703.70,211.51,296.99,0.7347,-1,-1,-1
306,101,230.42,757.60,96.04,209.88,1.0000,-1,-1,-1
306,117,743.28,402.66,77.08,132.55,0.8430,-1,-1,-1
306,124,228.06,668.34,130.78,161.91,0.8778,-1,-1,-1
306,125,17.75,873.34,167.96,206.69,0.7387,-1,-1,-1
306,126,647.91,434.59,93.62,166.75,0.6607,-1,-1,-1
306,127,-63.98,600.93,272.60,478.67,1.0000,-1,-1,-1
306,130,15.06,777.10,86.58,299.65,1.0000,-1,-1,-1
306,135,933.49,247.03,51.61,88.73,1.0000,-1,-1,-1
307,1,714.99,318.02,67.27,124.85,0.8693,-1,-1,-1
307,2,668.72,874.56,182.23,181.11,0.9012,-1,-1,-1
307,4,1032.92,106.79,42.53,76.78,0.7926,-1,-1,-1
307,5,664.42,56.17,41.27,74.99,0.8754,-1,-1,-1
307,7,976.43,175.02,67.33,124.64,1.0000,-1,-1,-1
307,8,797.48,285.60,67.51,111.51,0.8504,-1,-1,-1
307,10,1061.60,129.83,49.75,92.87,0.8970,-1,-1,-1
307,11,963.45,186.65,53.25,110.99,0.7006,-1,-1,-1
307,14,915.65,245.62,66.79,116.45,0.7309,-1,-1,-1
307,15,1256.84,22.16,36.31,65.82,0.7226,-1,-1,-1
307,16,856.07,335.70,75.04,111.94,0.8768,-1,-1,-1
307,17,1000.36,209.89,56.08,111.87,0.7821,-1,-1,-1
307,18,1171.53,60.08,41.48,68.36,0.7571,-1,-1,-1
307,19,1221.79,43.50,42.51,66.80,0.7019,-1,-1,-1
307,20,1539.48,45.99,34.10,36.92,0.5071,-1,-1,-1
307,24,1346.52,-0.02,18.38,10.78,1.0000,-1,-1,-1
307,32,597.41,602.93,124.63,181.19,0.9287,-1,-1,-1
307,45,658.09,361.64,77.50,138.50,0.6598,-1,-1,-1
307,55,618.76,870.23,186.19,154.06,0.4161,-1,-1,-1
307,58,698.62,491.49,96.87,179.76,0.8369,-1,-1,-1
307,63,643.08,366.71,48.81,123.68,1.0000,-1,-1,-1
307,68,423.12,658.29,165.21,245.52,0.9158,-1,-1,-1
307,69,530.00,553.44,98.20,174.86,0.9027,-1,-1,-1
307,73,815.82,375.89,74.74,159.57,0.7862,-1,-1,-1
307,84,1139.56,89.29,43.42,77.73,0.8248,-1,-1,-1
307,88,237.13,702.95,209.34,295.97,0.8475,-1,-1,-1
307,101,235.80,759.20,94.80,207.18,1.0000,-1,-1,-1
307,117,744.38,403.42,77.54,132.34,0.7903,-1,-1,-1
307,124,235.72,666.15,128.80,158.82,0.8740,-1,-1,-1
307,125,28.17,901.89,153.11,177.66,0.9041,-1,-1,-1
307,126,652.82,442.44,87.17,159.03,0.8192,-1,-1,-1
307,127,-66.06,593.18,277.00,486.41,1.0000,-1,-1,-1
307,130,15.72,772.11,87.98,304.51,1.0000,-1,-1,-1
307,135,935.60,247.55,51.13,87.91,1.0000,-1,-1,-1
308,1,716.13,317.24,66.83,124.29,0.8560,-1,-1,-1
308,2,673.86,877.04,179.66,178.37,0.9001,-1,-1,-1
308,4,1034.28,106.52,41.47,75.15,0.7751,-1,-1,-1
308,5,665.20,56.17,41.44,75.51,0.8690,-1,-1,-1
308,7,977.97,173.14,66.90,123.84,1.0000,-1,-1,-1
308,8,798.78,285.31,67.22,111.61,0.8654,-1,-1,-1
308,10,1062.57,129.93,49.25,91.85,0.8998,-1,-1,-1
308,11,964.73,185.36,53.05,112.38,0.6952,-1,-1,-1
308,14,917.22,246.03,66.07,114.61,0.7897,-1,-1,-1
308,15,1257.57,22.09,36.23,65.79,0.7638,-1,-1,-1
308,16,856.93,336.53,74.46,110.93,0.8856,-1,-1,-1
308,17,1001.21,209.41,55.80,112.09,0.7297,-1,-1,-1
308,18,1172.70,58.75,41.97,69.22,0.7732,-1,-1,-1
308,19,1222.78,43.91,41.91,66.25,0.7221,-1,-1,-1
308,20,1539.58,45.50,34.01,37.11,0.4643,-1,-1,-1
308,24,1346.75,-0.02,18.18,10.66,1.0000,-1,-1,-1
308,32,598.45,603.67,123.99,180.35,0.9275,-1,-1,-1
308,45,662.77,359.76,71.22,125.10,0.6222,-1,-1,-1
308,55,620.45,873.46,184.15,152.12,0.5302,-1,-1,-1
308,58,699.51,490.10,96.93,179.82,0.8468,-1,-1,-1
308,63,645.56,366.25,48.58,123.10,1.0000,-1,-1,-1
308,68,424.86,655.99,165.28,248.53,0.9163,-1,-1,-1
308,69,533.11,551.94,97.50,176.18,0.8963,-1,-1,-1
308,73,816.26,377.01,73.64,157.00,0.7890,-1,-1,-1
308,84,1140.53,89.78,42.97,76.84,0.8228,-1,-1,-1
308,88,243.41,712.50,202.57,287.44,0.8739,-1,-1,-1
308,101,241.18,760.79,93.57,204.48,1.0000,-1,-1,-1
308,117,745.72,403.78,77.18,131.25,0.8110,-1,-1,-1
308,124,238.79,663.09,131.16,162.58,0.8399,-1,-1,-1
308,125,32.68,915.24,149.39,164.26,0.9122,-1,-1,-1
308,126,654.74,442.40,84.60,158.86,0.8111,-1,-1,-1
308,127,-68.15,585.44,281.41,494.14,1.0000,-1,-1,-1
308,130,16.38,767.13,89.39,309.37,1.0000,-1,-1,-1
308,135,937.70,248.06,50.65,87.09,1.0000,-1,-1,-1
309,1,718.02,315.66,67.14,124.80,0.8655,-1,-1,-1
309,2,673.84,879.81,177.84,175.44,0.8700,-1,-1,-1
309,4,1034.98,105.75,41.76,76.16,0.8027,-1,-1,-1
309,5,665.56,54.52,41.49,76.10,0.8386,-1,-1,-1
309,7,979.51,171.25,66.47,123.05,1.0000,-1,-1,-1
309,8,800.55,284.82,66.33,110.90,0.9025,-1,-1,-1
309,10,1064.19,130.10,48.69,90.72,0.9010,-1,-1,-1
309,11,966.45,184.75,52.10,112.16,0.7293,-1,-1,-1
309,14,919.68,246.38,66.25,113.73,0.8079,-1,-1,-1
309,15,1258.05,22.04,36.00,65.19,0.7686,-1,-1,-1
309,16,857.48,335.65,75.02,111.73,0.8862,-1,-1,-1
309,17,1003.17,211.01,54.59,110.57,0.7783,-1,-1,-1
309,18,1173.54,57.90,41.95,69.47,0.7665,-1,-1,-1
309,19,1223.40,43.18,42.12,66.99,0.7281,-1,-1,-1
309,20,1539.14,44.06,34.43,37.81,0.5480,-1,-1,-1
309,24,1346.98,-0.02,17.98,10.54,1.0000,-1,-1,-1
309,32,600.04,603.70,123.96,180.32,0.9296,-1,-1,-1
309,45,658.44,359.24,78.83,138.68,0.7986,-1,-1,-1
309,55,620.07,873.79,184.62,152.57,0.7133,-1,-1,-1
309,58,700.12,482.71,100.15,186.17,0.8177,-1,-1,-1
309,63,648.04,365.80,48.35,122.52,1.0000,-1,-1,-1
309,68,428.35,656.79,162.97,247.68,0.9111,-1,-1,-1
309,69,536.44,551.25,95.64,175.69,0.8778,-1,-1,-1
309,73,815.86,375.92,72.65,154.45,0.7870,-1,-1,-1
309,84,1140.91,88.48,43.31,77.40,0.8154,-1,-1,-1
309,88,247.08,709.85,203.88,291.22,0.8906,-1,-1,-1
309,101,246.56,762.39,92.33,201.78,1.0000,-1,-1,-1
309,117,748.76,404.95,76.90,130.02,0.8260,-1,-1,-1
309,124,246.96,659.20,129.58,161.15,0.8446,-1,-1,-1
309,125,34.33,918.61,153.81,161.08,0.9449,-1,-1,-1
309,126,659.12,445.99,81.65,155.96,0.7341,-1,-1,-1
309,127,-70.24,577.69,285.82,501.88,1.0000,-1,-1,-1
309,130,17.04,762.15,90.79,314.23,1.0000,-1,-1,-1
309,135,939.80,248.58,50.17,86.27,1.0000,-1,-1,-1
310,1,718.44,314.23,67.95,126.50,0.8513,-1,-1,-1
310,2,669.34,876.81,182.84,179.61,0.8969,-1,-1,-1
310,4,1035.29,105.66,41.70,76.38,0.8052,-1,-1,-1
310,5,666.48,53.89,41.03,75.43,0.8081,-1,-1,-1
310,7,981.05,169.36,66.04,122.26,1.0000,-1,-1,-1
310,8,801.41,284.73,65.89,110.72,0.8927,-1,-1,-1
310,10,1064.81,129.75,48.42,90.17,0.8974,-1,-1,-1
310,11,968.66,184.34,50.46,109.65,0.6718,-1,-1,-1
310,14,919.77,246.18,66.69,113.99,0.7536,-1,-1,-1
310,15,1258.43,22.23,35.81,64.73,0.7641,-1,-1,-1
310,16,858.21,335.33,74.32,110.51,0.8834,-1,-1,-1
310,17,1004.44,209.59,54.29,110.18,0.7220,-1,-1,-1
310,18,1174.82,57.97,41.57,69.00,0.7668,-1,-1,-1
310,19,1223.90,43.15,41.96,67.05,0.7245,-1,-1,-1
310,20,1539.19,43.44,34.41,37.99,0.5090,-1,-1,-1
310,24,1347.22,-0.02,17.78,10.42,1.0000,-1,-1,-1
310,32,600.74,604.25,123.80,180.11,0.9264,-1,-1,-1
310,45,659.94,358.78,77.07,134.44,0.6899,-1,-1,-1
310,55,618.46,873.33,184.50,153.06,0.5714,-1,-1,-1
310,58,700.52,476.42,102.63,191.66,0.8341,-1,-1,-1
310,63,650.52,365.35,48.11,121.94,1.0000,-1,-1,-1
310,68,430.08,657.21,161.29,247.65,0.8789,-1,-1,-1
310,69,539.21,550.88,94.30,175.71,0.8879,-1,-1,-1
310,73,815.63,372.07,73.76,157.45,0.8090,-1,-1,-1
310,84,1141.21,88.22,43.40,77.39,0.8286,-1,-1,-1
310,88,251.80,711.76,201.33,289.08,0.8496,-1,-1,-1
310,101,251.93,763.98,91.10,199.08,1.0000,-1,-1,-1
310,117,750.59,404.92,76.81,129.72,0.8350,-1,-1,-1
310,124,254.24,656.21,128.13,159.61,0.8497,-1,-1,-1
310,125,34.32,919.37,159.81,160.44,0.9412,-1,-1,-1
310,126,662.88,451.63,77.91,150.57,0.7535,-1,-1,-1
310,127,-72.32,569.95,290.23,509.62,1.0000,-1,-1,-1
310,130,17.70,757.17,92.20,319.09,1.0000,-1,-1,-1
310,135,941.91,249.09,49.70,85.45,1.0000,-1,-1,-1
311,1,719.38,313.19,68.27,127.54,0.8428,-1,-1,-1
311,2,654.77,874.25,189.49,182.55,0.9104,-1,-1,-1
311,4,1036.75,104.81,41.57,76.61,0.8208,-1,-1,-1
311,5,669.13,53.58,39.99,73.59,0.7948,-1,-1,-1
311,7,982.60,167.48,65.61,121.46,1.0000,-1,-1,-1
311,8,802.51,284.98,64.92,109.78,0.8646,-1,-1,-1
311,10,1066.06,129.09,47.93,89.32,0.8888,-1,-1,-1
311,11,969.65,183.73,50.89,111.09,0.7777,-1,-1,-1
311,14,922.38,243.68,68.68,115.99,0.8012,-1,-1,-1
311,15,1258.74,21.64,35.92,64.79,0.7980,-1,-1,-1
311,16,858.58,335.46,73.73,109.20,0.8802,-1,-1,-1
311,17,1007.85,212.46,52.42,106.76,0.7620,-1,-1,-1
311,18,1175.90,57.74,41.22,68.62,0.7919,-1,-1,-1
311,19,1224.50,41.96,42.46,68.27,0.7623,-1,-1,-1
311,20,1539.71,43.20,34.40,38.04,0.5077,-1,-1,-1
311,24,1347.45,-0.02,17.57,10.30,1.0000,-1,-1,-1
311,32,601.00,603.11,124.24,180.69,0.9350,-1,-1,-1
311,45,657.45,357.04,74.57,131.59,0.5548,-1,-1,-1
311,55,618.06,874.49,184.10,152.72,1.0000,-1,-1,-1
311,58,702.93,476.32,102.75,192.24,0.8381,-1,-1,-1
311,63,653.01,364.89,47.88,121.36,1.0000,-1,-1,-1
311,68,431.35,656.36,160.61,249.11,0.9110,-1,-1,-1
311,69,543.64,550.17,92.88,174.63,0.8687,-1,-1,-1
311,73,816.06,372.86,72.72,154.49,0.8090,-1,-1,-1
311,84,1141.61,87.60,43.65,77.69,0.8190,-1,-1,-1
311,88,257.56,718.59,195.41,280.76,0.8840,-1,-1,-1
311,101,257.31,765.58,89.86,196.38,1.0000,-1,-1,-1
311,117,751.67,401.63,78.53,132.47,0.8150,-1,-1,-1
311,124,260.46,654.05,125.79,156.34,0.8841,-1,-1,-1
311,125,37.81,918.27,165.88,161.38,0.9248,-1,-1,-1
311,126,665.99,453.24,75.58,147.70,0.6556,-1,-1,-1
311,130,18.36,752.18,93.60,323.95,1.0000,-1,-1,-1
311,135,944.01,249.61,49.22,84.63,1.0000,-1,-1,-1
312,1,719.63,312.50,68.34,128.44,0.8372,-1,-1,-1
312,2,661.24,878.69,185.65,177.52,0.8647,-1,-1,-1
312,4,1037.72,104.14,41.72,77.40,0.8277,-1,-1,-1
312,5,669.70,53.50,39.89,73.59,0.8168,-1,-1,-1
312,7,984.14,165.59,65.18,120.67,1.0000,-1,-1,-1
312,8,804.00,284.94,63.45,107.81,0.8651,-1,-1,-1
312,10,1067.04,128.27,48.10,89.50,0.8994,-1,-1,-1
312,11,970.27,183.41,51.35,112.58,0.6805,-1,-1,-1
312,14,922.38,242.15,69.82,117.28,0.7727,-1,-1,-1
312,15,1258.73,20.85,36.25,65.40,0.7889,-1,-1,-1
312,16,858.81,335.41,73.54,108.49,0.8830,-1,-1,-1
312,17,1007.81,210.12,52.74,107.80,0.7458,-1,-1,-1
312,18,1176.60,56.74,41.32,69.05,0.7586,-1,-1,-1
312,19,1224.46,40.73,43.08,69.67,0.7159,-1,-1,-1
312,20,1539.87,42.99,34.44,38.19,0.4800,-1,-1,-1
312,32,600.98,603.27,124.06,180.38,0.9350,-1,-1,-1
312,45,657.93,355.15,73.60,131.01,0.5210,-1,-1,-1
312,55,617.66,875.64,183.70,152.38,1.0000,-1,-1,-1
312,58,704.29,477.10,102.07,191.31,0.8588,-1,-1,-1
312,63,655.49,364.44,47.65,120.78,1.0000,-1,-1,-1
312,68,433.33,657.21,158.83,248.41,0.9069,-1,-1,-1
312,69,545.59,548.84,91.92,174.96,0.8710,-1,-1,-1
312,73,815.05,371.15,72.57,153.08,0.7883,-1,-1,-1
312,84,1141.93,87.03,44.06,78.08,0.8165,-1,-1,-1
312,88,264.57,730.30,187.42,268.21,0.9219,-1,-1,-1
312,101,262.69,767.17,88.63,193.68,1.0000,-1,-1,-1
312,117,753.56,401.40,77.76,130.92,0.8259,-1,-1,-1
312,124,264.19,651.92,125.35,155.75,0.8734,-1,-1,-1
312,125,38.37,916.59,171.89,162.85,0.9313,-1,-1,-1
312,126,667.21,438.40,78.72,156.52,0.5046,-1,-1,-1
312,130,19.01,747.20,95.01,328.81,1.0000,-1,-1,-1
312,135,946.11,250.12,48.74,83.80,1.0000,-1,-1,-1
313,1,720.08,312.14,68.22,129.23,0.7877,-1,-1,-1
313,2,678.21,894.04,171.52,163.01,0.8505,-1,-1,-1
313,4,1038.50,103.19,41.31,77.08,0.8306,-1,-1,-1
313,5,670.67,52.38,40.36,75.03,0.7934,-1,-1,-1
313,7,985.68,163.71,64.75,119.88,1.0000,-1,-1,-1
313,8,806.55,284.96,62.11,105.86,0.8553,-1,-1,-1
313,10,1067.17,127.26,48.83,90.58,0.8888,-1,-1,-1
313,11,971.38,183.30,50.77,111.36,0.7009,-1,-1,-1
313,14,924.57,240.89,70.81,118.19,0.8332,-1,-1,-1
313,15,1258.51,19.86,36.44,66.03,0.7636,-1,-1,-1
313,16,860.37,335.09,73.29,107.94,0.8709,-1,-1,-1
313,17,1008.69,210.40,52.05,106.40,0.7281,-1,-1,-1
313,18,1177.51,55.34,41.57,69.43,0.7451,-1,-1,-1
313,19,1224.95,40.02,42.83,69.80,0.6263,-1,-1,-1
313,20,1539.52,42.22,35.10,39.10,0.4698,-1,-1,-1
313,32,601.74,603.94,123.21,179.00,0.9355,-1,-1,-1
313,45,666.03,353.28,79.10,140.08,0.7395,-1,-1,-1
313,55,621.03,875.66,185.07,152.85,0.8681,-1,-1,-1
313,58,705.24,476.24,102.23,191.82,0.8145,-1,-1,-1
313,63,657.97,363.98,47.42,120.20,1.0000,-1,-1,-1
313,68,435.41,659.36,156.44,246.20,0.9064,-1,-1,-1
313,69,547.58,548.01,90.71,174.46,0.8608,-1,-1,-1
313,73,813.37,368.14,74.05,154.76,0.8285,-1,-1,-1
313,84,1143.04,86.76,44.32,78.37,0.8261,-1,-1,-1
313,88,266.55,725.32,191.30,273.91,0.9106,-1,-1,-1
313,101,268.07,768.77,87.39,190.98,1.0000,-1,-1,-1
313,117,754.35,398.75,78.51,132.07,0.8021,-1,-1,-1
313,124,270.38,650.64,125.18,155.09,0.8221,-1,-1,-1
313,125,36.49,914.17,178.73,165.41,0.9494,-1,-1,-1
313,126,675.87,437.59,81.60,160.46,0.5034,-1,-1,-1
313,130,19.67,742.22,96.41,333.67,1.0000,-1,-1,-1
313,135,948.21,250.64,48.26,82.98,1.0000,-1,-1,-1
314,1,721.83,312.35,66.93,127.74,0.8119,-1,-1,-1
314,2,680.74,893.30,174.12,165.77,0.8786,-1,-1,-1
314,4,1039.72,103.58,40.40,74.94,0.8375,-1,-1,-1
314,5,671.33,51.97,40.47,75.80,0.7948,-1,-1,-1
314,7,987.23,161.82,64.32,119.08,1.0000,-1,-1,-1
314,8,808.06,284.37,61.93,105.86,0.8741,-1,-1,-1
314,10,1067.11,125.55,49.94,92.38,0.8745,-1,-1,-1
314,11,972.36,184.08,49.20,108.08,0.7284,-1,-1,-1
314,14,925.46,241.26,71.69,118.73,0.8232,-1,-1,-1
314,15,1259.29,20.56,35.89,64.98,0.7701,-1,-1,-1
314,16,861.67,333.74,73.17,107.99,0.8685,-1,-1,-1
314,17,1008.59,203.21,54.70,113.34,0.5713,-1,-1,-1
314,18,1178.44,54.74,41.62,69.38,0.7602,-1,-1,-1
314,19,1225.69,40.46,42.09,69.13,0.5981,-1,-1,-1
314,20,1539.53,41.90,35.17,39.33,0.4579,-1,-1,-1
314,32,602.24,604.24,122.94,178.59,0.9387,-1,-1,-1
314,45,669.30,352.74,83.19,146.27,0.7322,-1,-1,-1
314,55,623.30,876.88,186.93,153.06,0.8063,-1,-1,-1
314,58,708.04,480.23,100.09,187.58,0.8297,-1,-1,-1
314,63,660.45,363.53,47.18,119.62,1.0000,-1,-1,-1
314,68,436.17,661.42,154.42,244.25,0.9147,-1,-1,-1
314,69,550.44,547.54,89.83,174.17,0.8653,-1,-1,-1
314,73,814.41,368.29,73.96,153.35,0.7996,-1,-1,-1
314,84,1143.56,86.51,44.23,78.15,0.8334,-1,-1,-1
314,88,272.54,736.07,185.32,263.55,0.9098,-1,-1,-1
314,101,273.44,770.37,86.15,188.28,1.0000,-1,-1,-1
314,117,754.64,398.02,78.28,131.59,0.8139,-1,-1,-1
314,124,274.70,649.91,124.87,154.09,0.8295,-1,-1,-1
314,125,38.12,912.65,183.62,167.13,0.9473,-1,-1,-1
314,126,670.49,433.70,81.77,164.08,0.4940,-1,-1,-1
314,130,20.33,737.24,97.81,338.54,1.0000,-1,-1,-1
314,135,950.32,251.16,47.78,82.16,1.0000,-1,-1,-1
315,1,724.03,310.60,66.88,128.45,0.8130,-1,-1,-1
315,2,676.77,887.77,181.14,173.07,0.8693,-1,-1,-1
315,4,1040.61,102.51,41.54,78.00,0.8405,-1,-1,-1
315,5,672.33,50.62,40.42,75.92,0.8337,-1,-1,-1
315,7,988.77,159.94,63.89,118.29,1.0000,-1,-1,-1
315,8,810.88,283.26,62.53,107.21,0.8699,-1,-1,-1
315,10,1068.98,124.66,49.95,92.59,0.8769,-1,-1,-1
315,11,972.15,184.44,49.30,107.87,0.7051,-1,-1,-1
315,14,928.04,241.88,72.41,118.91,0.8814,-1,-1,-1
315,15,1260.43,21.02,35.34,63.90,0.8152,-1,-1,-1
315,16,862.71,331.54,75.77,112.08,0.8633,-1,-1,-1
315,17,1003.80,194.54,57.69,119.43,0.6621,-1,-1,-1
315,18,1179.63,54.22,41.56,69.49,0.7459,-1,-1,-1
315,19,1226.12,39.52,42.03,69.49,0.6209,-1,-1,-1
315,20,1539.71,41.35,35.37,39.67,0.4532,-1,-1,-1
315,32,602.68,602.58,123.45,179.34,0.9142,-1,-1,-1
315,45,671.74,351.22,82.98,144.16,0.7114,-1,-1,-1
315,55,619.81,877.60,190.43,155.89,0.4333,-1,-1,-1
315,58,708.36,479.55,99.76,187.08,0.8215,-1,-1,-1
315,63,662.94,363.07,46.95,119.04,1.0000,-1,-1,-1
315,68,438.64,663.53,152.02,241.27,0.9062,-1,-1,-1
315,69,553.20,545.85,89.01,174.74,0.8866,-1,-1,-1
315,73,815.74,372.52,72.05,147.00,0.8196,-1,-1,-1
315,84,1144.60,86.61,43.73,76.69,0.8310,-1,-1,-1
315,88,275.07,733.96,186.98,265.74,0.9283,-1,-1,-1
315,101,278.82,771.96,84.92,185.58,1.0000,-1,-1,-1
315,117,753.39,396.31,79.50,133.60,0.7771,-1,-1,-1
315,124,279.73,645.54,127.13,156.84,0.8607,-1,-1,-1
315,125,39.32,910.80,188.26,169.13,0.9355,-1,-1,-1
315,126,675.47,417.33,90.25,180.36,0.6176,-1,-1,-1
315,130,20.99,732.25,99.22,343.40,1.0000,-1,-1,-1
315,135,952.42,251.67,47.31,81.34,1.0000,-1,-1,-1
315,141,281.60,699.53,134.96,208.57,0.6137,-1,-1,-1
316,1,722.95,309.72,66.26,128.45,0.8608,-1,-1,-1
316,2,677.53,889.75,176.95,168.92,0.8681,-1,-1,-1
316,4,1039.90,102.41,40.11,75.35,0.8229,-1,-1,-1
316,5,672.00,49.62,39.30,73.85,0.8079,-1,-1,-1
316,7,990.31,158.05,63.46,117.50,1.0000,-1,-1,-1
316,8,810.41,282.17,62.97,108.82,0.8747,-1,-1,-1
316,10,1065.77,124.15,49.84,92.38,0.8940,-1,-1,-1
316,11,971.22,183.70,48.44,105.72,0.7608,-1,-1,-1
316,14,925.44,239.97,72.91,119.70,0.7655,-1,-1,-1
316,15,1257.71,20.03,35.44,64.25,0.7717,-1,-1,-1
316,16,861.62,331.16,73.92,109.57,0.8582,-1,-1,-1
316,17,1005.75,199.60,54.36,112.70,0.7965,-1,-1,-1
316,18,1177.33,54.54,41.37,69.33,0.8019,-1,-1,-1
316,19,1225.72,40.61,40.70,67.55,0.7104,-1,-1,-1
316,20,1537.07,42.14,33.47,37.26,0.5440,-1,-1,-1
316,32,601.88,598.85,124.17,180.37,0.9281,-1,-1,-1
316,45,669.30,349.37,87.05,151.06,0.8811,-1,-1,-1
316,55,618.28,876.99,188.28,153.55,0.6154,-1,-1,-1
316,58,710.24,485.64,96.41,179.79,0.8582,-1,-1,-1
316,63,665.42,362.62,46.72,118.46,1.0000,-1,-1,-1
316,68,440.76,664.49,148.77,236.28,0.8998,-1,-1,-1
316,69,554.47,544.04,88.42,175.36,0.8546,-1,-1,-1
316,73,812.84,367.87,73.89,148.48,0.8421,-1,-1,-1
316,84,1143.17,85.78,43.04,75.06,0.7958,-1,-1,-1
316,88,273.67,718.51,194.54,278.02,0.8955,-1,-1,-1
316,101,284.20,773.56,83.68,182.88,1.0000,-1,-1,-1
316,117,754.26,396.44,79.73,133.28,0.7769,-1,-1,-1
316,124,284.28,640.16,127.12,156.77,0.8972,-1,-1,-1
316,125,39.24,905.52,193.89,173.09,0.8925,-1,-1,-1
316,126,672.68,430.31,81.77,164.96,0.6241,-1,-1,-1
316,130,21.65,727.27,100.62,348.26,1.0000,-1,-1,-1
316,135,954.52,252.19,46.83,80.52,1.0000,-1,-1,-1
316,141,283.02,695.44,137.00,211.73,1.0000,-1,-1,-1