0,22,632.11,750.67,94.79,169.28,0.5143,-1,-1,-1
0,21,631.84,853.41,88.86,67.38,0.5588,-1,-1,-1
0,20,1498.78,107.01,35.34,34.72,0.7229,-1,-1,-1
0,19,964.46,124.20,39.80,63.07,0.7368,-1,-1,-1
0,18,1033.06,68.00,24.44,51.38,0.7485,-1,-1,-1
0,17,685.80,305.23,56.45,93.37,0.7676,-1,-1,-1
0,16,500.86,475.16,83.40,113.13,0.7994,-1,-1,-1
0,15,1049.10,87.18,37.60,62.08,0.8400,-1,-1,-1
0,14,672.12,240.92,52.20,85.56,0.8428,-1,-1,-1
0,13,471.07,492.06,93.44,150.22,0.8432,-1,-1,-1
0,12,375.75,582.21,106.70,172.02,0.8593,-1,-1,-1
0,11,768.17,275.81,65.08,86.17,0.8620,-1,-1,-1
0,10,865.19,202.91,51.13,88.44,0.8627,-1,-1,-1
0,9,818.42,224.90,58.55,86.90,0.8667,-1,-1,-1
0,8,270.19,460.79,84.27,132.25,0.8699,-1,-1,-1
0,7,338.90,675.22,129.17,178.26,0.8725,-1,-1,-1
0,6,423.89,417.63,72.59,122.23,0.8856,-1,-1,-1
0,5,114.83,225.72,57.33,85.73,0.8927,-1,-1,-1
0,4,739.55,376.42,67.38,117.97,0.8931,-1,-1,-1
0,3,206.36,563.20,113.14,164.59,0.9257,-1,-1,-1
0,2,672.96,764.30,195.18,119.39,0.9407,-1,-1,-1
0,1,17.33,563.89,118.46,162.79,0.9408,-1,-1,-1
1,22,632.09,753.55,95.82,165.69,0.5143,-1,-1,-1
1,21,631.34,847.52,89.35,72.08,0.5588,-1,-1,-1
1,20,1498.49,107.13,35.62,34.75,0.7229,-1,-1,-1
1,19,965.59,124.55,39.38,62.32,0.7368,-1,-1,-1
1,18,1032.26,66.93,25.83,53.27,0.7485,-1,-1,-1
1,17,689.19,306.77,58.30,109.38,0.7676,-1,-1,-1
1,16,500.99,474.17,83.27,114.52,0.7994,-1,-1,-1
1,15,1050.55,87.51,35.71,59.96,0.8400,-1,-1,-1
1,14,672.17,240.24,51.35,87.08,0.8428,-1,-1,-1
1,13,472.61,492.78,92.59,149.59,0.8432,-1,-1,-1
1,12,377.48,580.59,107.75,174.38,0.8593,-1,-1,-1
1,11,769.42,275.64,64.82,87.63,0.8620,-1,-1,-1
1,10,864.66,202.94,51.97,89.23,0.8627,-1,-1,-1
1,9,819.62,223.96,56.58,89.21,0.8667,-1,-1,-1
1,8,270.08,461.38,85.97,130.45,0.8699,-1,-1,-1
1,7,339.70,671.92,130.67,180.76,0.8725,-1,-1,-1
1,6,419.72,418.03,73.34,125.50,0.8856,-1,-1,-1
1,5,119.12,226.18,56.89,84.39,0.8927,-1,-1,-1
1,4,739.82,375.77,69.26,117.81,0.8931,-1,-1,-1
1,3,209.91,563.20,113.51,164.70,0.9257,-1,-1,-1
1,2,672.06,766.10,194.77,118.35,0.9407,-1,-1,-1
1,1,21.95,561.53,117.36,163.31,0.9408,-1,-1,-1
2,22,630.71,752.22,93.07,168.80,0.5143,-1,-1,-1
2,20,1497.75,107.05,36.63,34.38,0.7229,-1,-1,-1
2,19,965.87,125.90,39.78,60.72,0.7368,-1,-1,-1
2,18,1031.12,69.75,26.72,50.73,0.7485,-1,-1,-1
2,17,689.04,306.03,56.75,109.55,0.7676,-1,-1,-1
2,16,502.26,475.03,83.00,113.33,0.7994,-1,-1,-1
2,15,1051.25,87.32,35.54,59.36,0.8400,-1,-1,-1
2,14,671.36,240.27,51.99,87.17,0.8428,-1,-1,-1
2,13,472.53,494.33,92.22,148.02,0.8432,-1,-1,-1
2,12,375.75,583.87,108.34,169.24,0.8593,-1,-1,-1
2,11,769.89,276.66,64.64,86.29,0.8620,-1,-1,-1
2,10,864.26,202.64,52.16,89.54,0.8627,-1,-1,-1
2,9,819.61,221.40,57.18,90.34,0.8667,-1,-1,-1
2,8,270.86,460.43,83.32,131.32,0.8699,-1,-1,-1
2,7,341.07,685.85,128.04,164.92,0.8725,-1,-1,-1
2,6,416.16,422.27,73.40,124.11,0.8856,-1,-1,-1
2,5,119.24,225.24,55.96,85.92,0.8927,-1,-1,-1
2,4,740.17,374.71,68.04,117.61,0.8931,-1,-1,-1
2,3,212.99,561.88,110.35,166.05,0.9257,-1,-1,-1
2,2,671.52,761.84,193.99,121.90,0.9407,-1,-1,-1
2,1,25.26,560.15,116.95,161.77,0.9408,-1,-1,-1
3,22,628.79,751.48,91.95,169.31,0.5143,-1,-1,-1
3,20,1496.20,106.19,38.19,34.80,0.7229,-1,-1,-1
3,19,966.56,127.62,38.78,59.22,0.7368,-1,-1,-1
3,18,1030.36,69.30,26.81,51.40,0.7485,-1,-1,-1
3,17,688.23,308.05,58.03,107.32,0.7676,-1,-1,-1
3,16,503.93,476.24,81.31,109.15,0.7994,-1,-1,-1
3,15,1050.97,86.92,37.11,59.15,0.8400,-1,-1,-1
3,14,670.94,240.08,52.01,88.35,0.8428,-1,-1,-1
3,13,473.37,495.45,91.80,147.85,0.8432,-1,-1,-1
3,12,377.73,589.78,106.60,163.10,0.8593,-1,-1,-1
3,11,770.38,276.05,66.01,86.44,0.8620,-1,-1,-1
3,10,864.61,202.69,51.60,90.62,0.8627,-1,-1,-1
3,9,819.29,219.87,57.63,90.53,0.8667,-1,-1,-1
3,8,271.20,458.86,83.89,131.60,0.8699,-1,-1,-1
3,7,341.84,611.87,133.14,238.44,0.8725,-1,-1,-1
3,6,409.66,423.77,83.25,126.66,0.8856,-1,-1,-1
3,5,119.90,224.09,58.37,86.45,0.8927,-1,-1,-1
3,4,742.39,372.12,65.53,120.15,0.8931,-1,-1,-1
3,3,216.17,561.72,111.25,164.10,0.9257,-1,-1,-1
3,2,671.44,762.73,193.77,119.65,0.9407,-1,-1,-1
3,1,29.22,558.35,118.86,161.94,0.9408,-1,-1,-1
4,22,630.46,751.48,90.33,169.24,0.5143,-1,-1,-1
4,20,1494.94,106.51,39.22,34.41,0.7229,-1,-1,-1
4,19,966.96,128.04,39.48,59.55,0.7368,-1,-1,-1
4,18,1030.11,69.23,24.94,51.35,0.7485,-1,-1,-1
4,17,688.18,306.07,58.60,109.23,0.7676,-1,-1,-1
4,16,502.57,474.70,83.92,110.88,0.7994,-1,-1,-1
4,15,1051.03,87.29,36.96,59.03,0.8400,-1,-1,-1
4,14,670.90,240.65,48.44,88.31,0.8428,-1,-1,-1
4,13,472.57,495.24,93.45,148.32,0.8432,-1,-1,-1
4,12,377.03,588.80,108.71,166.86,0.8593,-1,-1,-1
4,11,771.01,275.88,65.85,86.46,0.8620,-1,-1,-1
4,10,863.62,202.50,52.94,92.20,0.8627,-1,-1,-1
4,9,819.48,220.10,57.90,88.70,0.8667,-1,-1,-1
4,8,271.51,459.16,82.96,128.47,0.8699,-1,-1,-1
4,7,342.84,601.55,134.29,248.04,0.8725,-1,-1,-1
4,6,406.38,427.29,84.47,123.86,0.8856,-1,-1,-1
4,5,121.49,223.07,58.26,86.58,0.8927,-1,-1,-1
4,4,741.82,369.14,67.96,122.25,0.8931,-1,-1,-1
4,3,218.41,559.88,110.91,165.03,0.9257,-1,-1,-1
4,2,669.69,762.55,194.89,121.13,0.9407,-1,-1,-1
4,1,34.63,556.60,115.53,161.87,0.9408,-1,-1,-1
5,22,627.43,755.01,93.40,167.22,0.5143,-1,-1,-1
5,21,627.38,848.43,91.70,75.35,0.5588,-1,-1,-1
5,20,1496.64,105.96,37.80,34.50,0.7229,-1,-1,-1
5,19,967.12,125.90,39.26,63.39,0.7368,-1,-1,-1
5,18,1029.28,70.58,25.93,49.28,0.7485,-1,-1,-1
5,17,687.71,307.60,59.60,107.91,0.7676,-1,-1,-1
5,16,506.28,476.13,81.80,108.65,0.7994,-1,-1,-1
5,15,1052.22,87.79,35.21,59.29,0.8400,-1,-1,-1
5,14,671.27,240.05,46.13,89.42,0.8428,-1,-1,-1
5,13,473.02,494.29,93.40,148.86,0.8432,-1,-1,-1
5,12,380.85,587.02,107.53,165.26,0.8593,-1,-1,-1
5,11,770.59,275.98,66.56,86.79,0.8620,-1,-1,-1
5,10,863.92,202.67,52.21,91.09,0.8627,-1,-1,-1
5,9,818.36,219.10,56.64,88.66,0.8667,-1,-1,-1
5,8,270.61,458.80,83.76,128.76,0.8699,-1,-1,-1
5,7,345.48,599.17,132.70,247.90,0.8725,-1,-1,-1
5,6,400.23,431.58,82.43,122.08,0.8856,-1,-1,-1
5,5,124.66,223.27,55.71,85.34,0.8927,-1,-1,-1
5,4,742.57,368.27,68.95,122.45,0.8931,-1,-1,-1
5,3,223.95,557.80,109.50,164.87,0.9257,-1,-1,-1
5,2,671.13,763.34,193.35,122.42,0.9407,-1,-1,-1
5,1,39.30,556.00,113.98,160.55,0.9408,-1,-1,-1
6,22,627.34,752.86,93.07,170.47,0.5143,-1,-1,-1
6,21,626.82,847.64,91.82,77.54,0.5588,-1,-1,-1
6,20,1497.27,106.50,37.09,34.26,0.7229,-1,-1,-1
6,19,966.64,125.36,39.74,64.79,0.7368,-1,-1,-1
6,18,1029.10,71.19,25.99,50.52,0.7485,-1,-1,-1
6,17,687.73,307.91,59.20,107.52,0.7676,-1,-1,-1
6,16,506.46,475.68,82.28,110.80,0.7994,-1,-1,-1
6,15,1053.19,87.99,36.08,58.43,0.8400,-1,-1,-1
6,14,671.51,241.16,44.49,88.81,0.8428,-1,-1,-1
6,13,473.28,494.37,93.62,148.47,0.8432,-1,-1,-1
6,12,385.79,581.24,105.59,168.06,0.8593,-1,-1,-1
6,11,772.22,274.65,64.35,88.10,0.8620,-1,-1,-1
6,10,863.78,202.06,51.80,91.63,0.8627,-1,-1,-1
6,9,817.81,218.95,57.30,88.33,0.8667,-1,-1,-1
6,8,270.94,457.92,83.63,130.05,0.8699,-1,-1,-1
6,7,347.96,613.03,133.39,233.85,0.8725,-1,-1,-1
6,6,397.57,433.34,82.54,122.47,0.8856,-1,-1,-1
6,5,125.34,222.85,56.57,85.55,0.8927,-1,-1,-1
6,4,743.16,363.45,67.35,125.97,0.8931,-1,-1,-1
6,3,226.81,556.62,109.36,163.96,0.9257,-1,-1,-1
6,2,671.69,764.28,192.48,121.07,0.9407,-1,-1,-1
6,1,40.77,553.37,116.23,162.52,0.9408,-1,-1,-1
7,21,627.14,849.07,90.39,75.08,0.5588,-1,-1,-1
7,20,1496.91,105.93,37.40,34.47,0.7229,-1,-1,-1
7,19,966.98,126.32,40.84,64.19,0.7368,-1,-1,-1
7,18,1027.48,71.32,27.83,52.00,0.7485,-1,-1,-1
7,17,687.95,306.45,58.97,108.31,0.7676,-1,-1,-1
7,16,506.09,473.40,84.92,111.00,0.7994,-1,-1,-1
7,15,1052.31,86.97,37.08,59.37,0.8400,-1,-1,-1
7,14,670.83,241.26,42.87,89.65,0.8428,-1,-1,-1
7,13,474.01,495.31,92.90,147.49,0.8432,-1,-1,-1
7,12,386.58,586.21,104.58,161.49,0.8593,-1,-1,-1
7,11,770.56,274.41,65.41,88.61,0.8620,-1,-1,-1
7,10,862.72,202.94,52.44,93.23,0.8627,-1,-1,-1
7,9,817.29,217.75,52.99,86.81,0.8667,-1,-1,-1
7,8,268.57,457.84,86.11,130.58,0.8699,-1,-1,-1
7,7,348.98,677.34,132.13,170.04,0.8725,-1,-1,-1
7,6,393.14,437.61,86.32,121.55,0.8856,-1,-1,-1
7,5,128.79,223.06,58.04,82.77,0.8927,-1,-1,-1
7,4,744.53,368.84,64.04,112.24,0.8931,-1,-1,-1
7,3,231.09,552.39,109.33,165.85,0.9257,-1,-1,-1
7,2,669.33,764.93,194.08,121.24,0.9407,-1,-1,-1
7,1,47.21,553.55,113.21,160.15,0.9408,-1,-1,-1
8,21,629.51,849.21,88.29,75.06,0.5588,-1,-1,-1
8,20,1497.72,106.44,36.28,33.27,0.7229,-1,-1,-1
8,19,969.18,126.88,38.19,63.94,0.7368,-1,-1,-1
8,18,1026.89,70.92,27.73,53.28,0.7485,-1,-1,-1
8,17,687.89,306.98,59.46,107.52,0.7676,-1,-1,-1
8,16,507.87,474.66,84.40,109.96,0.7994,-1,-1,-1
8,15,1053.09,87.70,37.06,58.87,0.8400,-1,-1,-1
8,14,670.13,241.56,42.16,88.92,0.8428,-1,-1,-1
8,13,474.42,497.06,92.93,145.73,0.8432,-1,-1,-1
8,12,389.99,579.84,102.53,165.77,0.8593,-1,-1,-1
8,11,769.85,274.66,66.21,87.90,0.8620,-1,-1,-1
8,10,861.83,201.82,53.83,94.23,0.8627,-1,-1,-1
8,9,817.20,216.66,52.08,86.98,0.8667,-1,-1,-1
8,8,269.94,458.19,84.47,129.97,0.8699,-1,-1,-1
8,7,351.60,676.81,131.63,169.78,0.8725,-1,-1,-1
8,6,389.17,438.75,89.08,122.34,0.8856,-1,-1,-1
8,5,131.90,223.46,55.74,83.45,0.8927,-1,-1,-1
8,4,744.63,365.40,64.22,118.87,0.8931,-1,-1,-1
8,3,233.33,550.31,110.33,167.78,0.9257,-1,-1,-1
8,2,669.25,763.71,194.32,122.68,0.9407,-1,-1,-1
8,1,49.10,554.39,113.92,158.15,0.9408,-1,-1,-1
9,21,628.81,849.81,90.17,74.21,0.5588,-1,-1,-1
9,20,1498.91,106.36,35.46,32.56,0.7229,-1,-1,-1
9,19,969.47,127.28,38.07,63.97,0.7368,-1,-1,-1
9,18,1026.95,70.92,29.12,52.97,0.7485,-1,-1,-1
9,17,688.76,306.64,59.14,105.69,0.7676,-1,-1,-1
9,16,513.16,470.34,82.60,111.73,0.7994,-1,-1,-1
9,15,1054.51,87.18,35.90,59.23,0.8400,-1,-1,-1
9,14,669.71,242.01,40.96,90.31,0.8428,-1,-1,-1
9,13,475.50,495.75,91.16,145.57,0.8432,-1,-1,-1
9,12,393.41,574.24,102.47,169.47,0.8593,-1,-1,-1
9,11,770.84,273.47,64.83,89.18,0.8620,-1,-1,-1
9,10,860.52,201.98,55.74,93.77,0.8627,-1,-1,-1
9,9,816.32,215.63,46.57,83.95,0.8667,-1,-1,-1
9,8,269.79,457.16,85.79,131.13,0.8699,-1,-1,-1
9,7,354.28,658.89,135.17,184.44,0.8725,-1,-1,-1
9,6,385.11,441.31,88.80,124.18,0.8856,-1,-1,-1
9,5,134.81,223.71,53.53,82.86,0.8927,-1,-1,-1
9,4,746.09,362.90,63.99,124.83,0.8931,-1,-1,-1
9,3,236.77,547.61,110.45,168.00,0.9257,-1,-1,-1
9,2,667.82,765.29,196.29,122.25,0.9407,-1,-1,-1
9,1,50.27,550.13,117.37,160.57,0.9408,-1,-1,-1
10,21,628.68,854.31,89.98,71.00,0.5588,-1,-1,-1
10,20,1499.35,105.95,35.87,32.34,0.7229,-1,-1,-1
10,19,971.23,126.20,36.64,65.53,0.7368,-1,-1,-1
10,18,1026.60,71.44,27.36,54.60,0.7485,-1,-1,-1
10,17,688.20,308.30,60.22,105.22,0.7676,-1,-1,-1
10,16,515.43,472.63,80.14,109.49,0.7994,-1,-1,-1
10,15,1054.36,84.93,36.19,61.10,0.8400,-1,-1,-1
10,14,669.33,242.62,42.68,90.78,0.8428,-1,-1,-1
10,13,476.31,492.63,91.05,148.07,0.8432,-1,-1,-1
10,12,395.09,574.66,102.28,171.64,0.8593,-1,-1,-1
10,11,771.00,273.68,64.82,89.65,0.8620,-1,-1,-1
10,10,861.72,200.86,54.36,94.85,0.8627,-1,-1,-1
10,9,817.34,215.57,50.41,85.19,0.8667,-1,-1,-1
10,8,270.53,457.26,85.05,129.25,0.8699,-1,-1,-1
10,7,357.31,664.96,131.63,177.91,0.8725,-1,-1,-1
10,6,382.03,443.97,92.39,123.77,0.8856,-1,-1,-1
10,5,135.72,222.35,54.00,84.06,0.8927,-1,-1,-1
10,4,745.98,362.02,64.84,121.33,0.8931,-1,-1,-1
10,3,240.32,546.43,110.14,168.20,0.9257,-1,-1,-1
10,2,668.91,767.37,194.38,119.69,0.9407,-1,-1,-1
10,1,56.03,549.77,113.58,159.80,0.9408,-1,-1,-1
11,21,628.98,850.82,89.32,74.07,0.5588,-1,-1,-1
11,20,1498.60,106.90,36.01,31.46,0.7229,-1,-1,-1
11,19,971.33,125.61,37.03,66.05,0.7368,-1,-1,-1
11,18,1025.33,72.92,25.51,52.42,0.7485,-1,-1,-1
11,17,689.55,307.51,58.74,105.17,0.7676,-1,-1,-1
11,16,516.31,470.58,79.53,111.34,0.7994,-1,-1,-1
11,15,1052.13,85.60,39.05,59.62,0.8400,-1,-1,-1
11,14,668.77,242.74,43.44,92.47,0.8428,-1,-1,-1
11,13,476.71,491.51,89.29,148.95,0.8432,-1,-1,-1
11,12,394.36,574.52,105.45,173.10,0.8593,-1,-1,-1
11,11,771.61,273.52,64.18,89.18,0.8620,-1,-1,-1
11,10,861.56,201.45,54.92,94.27,0.8627,-1,-1,-1
11,9,815.17,213.88,50.32,86.08,0.8667,-1,-1,-1
11,8,273.38,456.89,83.92,126.58,0.8699,-1,-1,-1
11,7,361.32,658.41,132.08,183.22,0.8725,-1,-1,-1
11,6,378.04,444.19,82.71,128.97,0.8856,-1,-1,-1
11,5,136.94,221.29,55.02,84.10,0.8927,-1,-1,-1
11,4,747.02,358.20,65.25,124.05,0.8931,-1,-1,-1
11,3,246.00,544.64,108.75,166.61,0.9257,-1,-1,-1
11,2,668.33,767.63,195.05,120.18,0.9407,-1,-1,-1
11,1,63.99,548.81,108.60,159.80,0.9408,-1,-1,-1
12,21,629.32,850.19,88.50,73.37,0.5588,-1,-1,-1
12,20,1499.35,105.23,35.23,33.39,0.7229,-1,-1,-1
12,19,972.10,126.23,37.55,65.66,0.7368,-1,-1,-1
12,18,1024.36,72.95,26.35,51.56,0.7485,-1,-1,-1
12,17,690.03,308.08,60.03,104.67,0.7676,-1,-1,-1
12,16,517.92,471.31,77.99,110.65,0.7994,-1,-1,-1
12,15,1054.86,86.33,37.48,59.02,0.8400,-1,-1,-1
12,14,667.91,245.31,45.68,90.36,0.8428,-1,-1,-1
12,13,478.29,492.79,89.60,147.36,0.8432,-1,-1,-1
12,12,396.38,578.20,104.18,167.52,0.8593,-1,-1,-1
12,11,771.83,273.90,62.97,89.65,0.8620,-1,-1,-1
12,10,862.10,201.67,54.78,93.76,0.8627,-1,-1,-1
12,9,814.54,213.33,51.94,84.85,0.8667,-1,-1,-1
12,8,272.52,456.98,85.41,126.64,0.8699,-1,-1,-1
12,7,363.06,643.87,132.37,197.66,0.8725,-1,-1,-1
12,6,372.25,446.57,81.88,127.51,0.8856,-1,-1,-1
12,5,138.40,220.77,54.66,83.80,0.8927,-1,-1,-1
12,4,748.44,358.32,64.27,122.77,0.8931,-1,-1,-1
12,3,248.95,543.69,108.83,164.07,0.9257,-1,-1,-1
12,2,668.02,767.53,195.03,121.63,0.9407,-1,-1,-1
12,1,68.57,546.96,107.03,159.28,0.9408,-1,-1,-1
13,22,629.27,751.90,94.15,169.89,0.5143,-1,-1,-1
13,21,629.01,855.56,87.28,68.77,0.5588,-1,-1,-1
13,20,1500.24,104.49,34.70,33.62,0.7229,-1,-1,-1
13,19,974.98,126.38,37.93,66.13,0.7368,-1,-1,-1
13,18,1024.52,73.27,27.82,54.54,0.7485,-1,-1,-1
13,17,690.67,308.99,60.17,103.97,0.7676,-1,-1,-1
13,16,520.19,470.68,76.71,110.49,0.7994,-1,-1,-1
13,15,1056.21,85.55,37.11,60.61,0.8400,-1,-1,-1
13,14,667.52,244.06,44.65,92.75,0.8428,-1,-1,-1
13,13,480.84,489.66,88.82,148.94,0.8432,-1,-1,-1
13,12,399.20,576.72,102.14,169.34,0.8593,-1,-1,-1
13,11,773.49,274.87,62.20,87.82,0.8620,-1,-1,-1
13,10,862.39,202.28,54.73,92.59,0.8627,-1,-1,-1
13,9,815.48,212.86,49.85,83.70,0.8667,-1,-1,-1
13,8,276.66,458.08,84.34,124.26,0.8699,-1,-1,-1
13,7,366.85,676.77,131.27,163.94,0.8725,-1,-1,-1
13,6,368.01,447.82,84.91,128.30,0.8856,-1,-1,-1
13,5,141.42,220.06,55.61,84.10,0.8927,-1,-1,-1
13,4,749.13,354.36,65.51,124.86,0.8931,-1,-1,-1
13,3,254.68,542.14,106.16,161.88,0.9257,-1,-1,-1
13,2,667.48,768.94,195.84,120.34,0.9407,-1,-1,-1
13,1,69.93,545.31,112.59,159.46,0.9408,-1,-1,-1
14,21,628.93,854.71,86.91,69.59,0.5588,-1,-1,-1
14,20,1499.31,103.45,35.17,34.71,0.7229,-1,-1,-1
14,19,975.39,126.81,37.56,65.59,0.7368,-1,-1,-1
14,18,1024.16,78.08,28.58,50.42,0.7485,-1,-1,-1
14,17,690.97,308.10,60.16,104.28,0.7676,-1,-1,-1
14,16,520.97,470.90,77.81,113.16,0.7994,-1,-1,-1
14,15,1056.59,85.08,36.48,61.31,0.8400,-1,-1,-1
14,14,666.59,246.40,46.35,92.03,0.8428,-1,-1,-1
14,13,481.29,490.24,89.21,149.05,0.8432,-1,-1,-1
14,12,400.53,575.62,102.44,169.89,0.8593,-1,-1,-1
14,11,773.31,273.65,62.44,88.70,0.8620,-1,-1,-1
14,10,862.90,201.59,54.80,92.84,0.8627,-1,-1,-1
14,9,816.00,212.08,49.61,84.81,0.8667,-1,-1,-1
14,8,279.36,457.21,79.83,122.98,0.8699,-1,-1,-1
14,7,370.88,673.61,130.41,164.71,0.8725,-1,-1,-1
14,6,365.54,451.26,87.45,129.25,0.8856,-1,-1,-1
14,5,141.23,218.68,60.04,86.19,0.8927,-1,-1,-1
14,4,750.67,355.71,64.85,124.61,0.8931,-1,-1,-1
14,3,257.13,541.31,105.23,162.13,0.9257,-1,-1,-1
14,2,667.97,771.01,195.16,118.26,0.9407,-1,-1,-1
14,1,74.30,544.45,109.89,159.06,0.9408,-1,-1,-1
15,24,0.00,718.14,59.36,361.70,0.5168,-1,-1,-1
15,21,628.63,856.99,87.83,66.49,0.5588,-1,-1,-1
15,20,1498.82,102.96,35.29,35.04,0.7229,-1,-1,-1
15,19,976.65,126.44,37.88,66.26,0.7368,-1,-1,-1
15,18,1023.39,76.69,30.08,54.63,0.7485,-1,-1,-1
15,17,690.16,307.90,60.93,103.61,0.7676,-1,-1,-1
15,16,522.36,471.36,79.51,110.88,0.7994,-1,-1,-1
15,15,1058.20,85.08,35.45,60.76,0.8400,-1,-1,-1
15,14,664.02,247.45,42.62,89.99,0.8428,-1,-1,-1
15,13,483.10,490.50,89.99,148.36,0.8432,-1,-1,-1
15,12,400.08,572.69,105.84,171.87,0.8593,-1,-1,-1
15,11,773.56,272.76,63.23,89.28,0.8620,-1,-1,-1
15,10,862.57,201.87,54.14,92.35,0.8627,-1,-1,-1
15,9,816.40,209.67,48.90,85.55,0.8667,-1,-1,-1
15,8,280.07,456.79,80.90,122.31,0.8699,-1,-1,-1
15,7,372.94,670.89,130.13,166.78,0.8725,-1,-1,-1
15,6,357.74,455.83,86.61,129.35,0.8856,-1,-1,-1
15,5,143.01,218.01,60.07,87.59,0.8927,-1,-1,-1
15,4,751.01,354.30,64.97,123.25,0.8931,-1,-1,-1
15,3,260.76,540.11,101.88,160.04,0.9257,-1,-1,-1
15,2,667.18,772.34,195.39,118.69,0.9407,-1,-1,-1
15,1,78.44,544.82,110.58,156.38,0.9408,-1,-1,-1
16,24,0.00,729.72,61.12,349.54,0.5168,-1,-1,-1
16,21,627.75,852.45,88.49,71.36,0.5588,-1,-1,-1
16,20,1499.84,102.82,34.27,35.06,0.7229,-1,-1,-1
16,19,977.11,128.42,38.78,65.06,0.7368,-1,-1,-1
16,18,1022.47,74.26,30.11,53.93,0.7485,-1,-1,-1
16,17,690.84,307.36,60.68,103.80,0.7676,-1,-1,-1
16,16,522.88,471.38,79.45,110.73,0.7994,-1,-1,-1
16,15,1058.12,85.54,36.18,60.15,0.8400,-1,-1,-1
16,14,662.08,248.55,45.50,88.83,0.8428,-1,-1,-1
16,13,483.53,490.70,90.08,147.93,0.8432,-1,-1,-1
16,12,401.71,570.69,104.07,169.40,0.8593,-1,-1,-1
16,11,773.84,272.96,62.85,90.16,0.8620,-1,-1,-1
16,10,862.33,200.45,54.91,93.39,0.8627,-1,-1,-1
16,9,816.73,209.46,49.41,83.81,0.8667,-1,-1,-1
16,8,279.75,457.18,80.24,122.55,0.8699,-1,-1,-1
16,7,376.26,666.54,128.80,170.16,0.8725,-1,-1,-1
16,6,353.02,458.20,81.38,129.02,0.8856,-1,-1,-1
16,5,144.87,217.54,59.41,85.16,0.8927,-1,-1,-1
16,4,752.32,353.06,63.96,122.14,0.8931,-1,-1,-1
16,3,263.98,536.25,101.52,163.43,0.9257,-1,-1,-1
16,2,667.81,768.79,194.94,124.30,0.9407,-1,-1,-1
16,1,81.48,542.41,108.56,156.09,0.9408,-1,-1,-1
17,24,0.00,729.58,65.08,349.46,0.5168,-1,-1,-1
17,21,627.30,847.29,90.62,77.35,0.5588,-1,-1,-1
17,20,1501.72,102.19,32.26,35.21,0.7229,-1,-1,-1
17,19,974.67,126.06,43.27,67.06,0.7368,-1,-1,-1
17,18,1023.45,72.95,29.81,58.28,0.7485,-1,-1,-1
17,17,689.80,306.82,61.76,103.97,0.7676,-1,-1,-1
17,16,524.41,470.12,81.83,111.39,0.7994,-1,-1,-1
17,15,1058.89,85.15,36.76,61.15,0.8400,-1,-1,-1
17,14,661.37,248.56,44.12,90.32,0.8428,-1,-1,-1
17,13,484.36,488.59,90.07,149.52,0.8432,-1,-1,-1
17,12,402.13,566.22,104.43,167.55,0.8593,-1,-1,-1
17,11,774.33,275.05,62.27,87.64,0.8620,-1,-1,-1
17,10,862.15,200.32,54.32,93.30,0.8627,-1,-1,-1
17,9,816.85,208.45,49.34,84.55,0.8667,-1,-1,-1
17,8,281.22,456.30,78.66,121.51,0.8699,-1,-1,-1
17,7,379.91,651.53,128.10,184.59,0.8725,-1,-1,-1
17,6,345.41,460.56,86.46,129.27,0.8856,-1,-1,-1
17,5,149.01,217.17,58.18,84.09,0.8927,-1,-1,-1
17,4,753.20,350.30,63.10,124.30,0.8931,-1,-1,-1
17,3,269.30,533.69,100.17,163.22,0.9257,-1,-1,-1
17,2,669.66,772.84,192.70,120.99,0.9407,-1,-1,-1
17,1,85.97,541.71,109.99,155.31,0.9408,-1,-1,-1
18,24,0.00,743.06,68.50,336.44,0.5168,-1,-1,-1
18,21,626.36,845.61,90.71,80.15,0.5588,-1,-1,-1
18,20,1500.52,102.09,33.94,35.00,0.7229,-1,-1,-1
18,19,977.22,126.06,42.39,67.31,0.7368,-1,-1,-1
18,18,1023.31,72.97,31.52,59.96,0.7485,-1,-1,-1
18,17,689.48,306.79,62.31,103.21,0.7676,-1,-1,-1
18,16,525.57,470.52,81.35,110.74,0.7994,-1,-1,-1
18,15,1059.11,83.98,37.26,62.16,0.8400,-1,-1,-1
18,14,660.26,246.58,43.99,92.98,0.8428,-1,-1,-1
18,13,485.50,488.93,89.83,148.83,0.8432,-1,-1,-1
18,12,404.87,564.52,99.23,153.52,0.8593,-1,-1,-1
18,11,774.97,275.70,62.98,86.85,0.8620,-1,-1,-1
18,10,862.10,200.32,54.82,93.72,0.8627,-1,-1,-1
18,9,818.19,207.15,47.96,86.36,0.8667,-1,-1,-1
18,8,283.18,454.78,76.82,121.70,0.8699,-1,-1,-1
18,7,379.02,620.92,129.85,215.01,0.8725,-1,-1,-1
18,6,339.68,463.91,88.82,127.04,0.8856,-1,-1,-1
18,5,150.95,215.83,59.03,84.05,0.8927,-1,-1,-1
18,4,755.10,350.31,62.75,123.76,0.8931,-1,-1,-1
18,3,269.50,533.51,103.50,159.71,0.9257,-1,-1,-1
18,2,668.80,772.92,193.55,122.21,0.9407,-1,-1,-1
18,1,87.09,538.83,110.95,156.70,0.9408,-1,-1,-1
19,24,0.00,736.49,73.88,342.83,0.5168,-1,-1,-1
19,22,627.49,764.42,105.27,158.67,0.5143,-1,-1,-1
19,21,626.46,839.29,92.92,86.32,0.5588,-1,-1,-1
19,20,1499.81,101.55,34.16,35.35,0.7229,-1,-1,-1
19,19,975.72,126.30,44.51,68.08,0.7368,-1,-1,-1
19,18,1023.23,78.41,33.53,55.66,0.7485,-1,-1,-1
19,17,691.12,305.32,61.19,104.14,0.7676,-1,-1,-1
19,16,527.56,466.83,82.80,113.00,0.7994,-1,-1,-1
19,15,1059.69,85.15,37.37,60.84,0.8400,-1,-1,-1
19,14,659.61,245.72,47.08,95.28,0.8428,-1,-1,-1
19,13,486.75,489.66,90.77,146.34,0.8432,-1,-1,-1
19,12,402.98,569.80,105.15,168.89,0.8593,-1,-1,-1
19,11,774.85,273.32,61.84,88.90,0.8620,-1,-1,-1
19,10,863.36,200.00,54.34,93.97,0.8627,-1,-1,-1
19,9,819.26,207.54,48.36,85.25,0.8667,-1,-1,-1
19,8,284.45,454.11,75.18,121.63,0.8699,-1,-1,-1
19,7,382.87,647.22,128.77,189.81,0.8725,-1,-1,-1
19,6,334.48,463.49,89.22,129.74,0.8856,-1,-1,-1
19,5,155.73,216.08,58.43,83.88,0.8927,-1,-1,-1
19,4,755.85,351.40,64.26,119.51,0.8931,-1,-1,-1
19,3,272.08,533.49,104.12,159.52,0.9257,-1,-1,-1
19,2,667.31,772.54,195.36,123.43,0.9407,-1,-1,-1
19,1,89.01,537.51,111.58,157.66,0.9408,-1,-1,-1
20,24,0.00,740.10,74.96,339.02,0.5168,-1,-1,-1
20,22,627.13,768.51,121.51,154.82,0.5143,-1,-1,-1
20,20,1499.77,101.79,35.47,35.14,0.7229,-1,-1,-1
20,19,979.30,129.80,43.47,64.63,0.7368,-1,-1,-1
20,18,1021.57,79.03,34.01,55.44,0.7485,-1,-1,-1
20,17,690.56,304.80,62.01,105.05,0.7676,-1,-1,-1
20,16,529.46,466.05,80.19,113.09,0.7994,-1,-1,-1
20,15,1060.06,84.46,36.99,61.37,0.8400,-1,-1,-1
20,14,657.24,249.02,47.83,92.92,0.8428,-1,-1,-1
20,13,488.20,487.55,91.88,147.68,0.8432,-1,-1,-1
20,12,403.56,572.42,106.42,164.17,0.8593,-1,-1,-1
20,11,774.84,273.81,61.77,89.96,0.8620,-1,-1,-1
20,10,863.34,199.47,54.69,94.06,0.8627,-1,-1,-1
20,9,820.37,206.09,47.27,86.77,0.8667,-1,-1,-1
20,8,288.17,453.21,73.27,119.70,0.8699,-1,-1,-1
20,7,386.47,644.76,126.23,191.71,0.8725,-1,-1,-1
20,6,334.70,461.47,90.78,135.34,0.8856,-1,-1,-1
20,5,156.51,214.69,58.78,85.92,0.8927,-1,-1,-1
20,4,756.13,350.52,66.18,121.23,0.8931,-1,-1,-1
20,3,276.79,536.75,104.40,156.48,0.9257,-1,-1,-1
20,2,665.63,774.39,196.84,122.87,0.9407,-1,-1,-1
20,1,92.34,535.23,108.82,158.02,0.9408,-1,-1,-1
21,24,0.00,746.51,78.21,331.52,0.5168,-1,-1,-1
21,20,1499.79,101.80,34.79,35.34,0.7229,-1,-1,-1
21,19,979.05,129.63,46.54,64.70,0.7368,-1,-1,-1
21,18,1020.62,77.29,32.89,57.58,0.7485,-1,-1,-1
21,17,691.59,304.86,61.37,103.60,0.7676,-1,-1,-1
21,16,534.03,469.10,78.53,109.99,0.7994,-1,-1,-1
21,15,1060.25,84.85,35.69,61.04,0.8400,-1,-1,-1
21,14,655.58,251.61,50.15,92.21,0.8428,-1,-1,-1
21,13,489.43,488.64,93.43,144.89,0.8432,-1,-1,-1
21,12,405.29,575.49,103.01,164.29,0.8593,-1,-1,-1
21,11,774.48,274.12,63.60,88.94,0.8620,-1,-1,-1
21,10,862.73,199.16,55.83,93.96,0.8627,-1,-1,-1
21,9,822.10,205.94,46.35,86.85,0.8667,-1,-1,-1
21,8,291.38,453.24,70.16,116.90,0.8699,-1,-1,-1
21,7,390.98,648.17,123.85,188.66,0.8725,-1,-1,-1
21,6,324.32,461.81,96.08,132.92,0.8856,-1,-1,-1
21,5,158.50,215.34,54.53,84.52,0.8927,-1,-1,-1
21,4,759.86,350.98,58.30,97.50,0.8931,-1,-1,-1
21,3,282.28,533.52,101.37,155.89,0.9257,-1,-1,-1
21,2,668.32,774.65,194.11,122.22,0.9407,-1,-1,-1
21,1,95.61,533.86,110.20,157.90,0.9408,-1,-1,-1
22,20,1499.83,102.15,35.36,35.32,0.7229,-1,-1,-1
22,19,981.91,128.07,44.99,66.57,0.7368,-1,-1,-1
22,18,1019.82,79.73,33.26,55.39,0.7485,-1,-1,-1
22,17,691.65,303.77,60.65,104.51,0.7676,-1,-1,-1
22,16,535.14,470.05,77.17,108.35,0.7994,-1,-1,-1
22,15,1061.53,85.11,36.28,61.06,0.8400,-1,-1,-1
22,14,653.20,250.77,50.39,92.07,0.8428,-1,-1,-1
22,13,490.38,485.91,93.62,148.53,0.8432,-1,-1,-1
22,12,405.72,574.08,106.91,162.94,0.8593,-1,-1,-1
22,11,774.55,273.89,64.32,89.24,0.8620,-1,-1,-1
22,10,862.78,199.60,55.48,92.89,0.8627,-1,-1,-1
22,9,823.75,205.65,43.12,86.72,0.8667,-1,-1,-1
22,8,291.13,451.62,68.64,122.48,0.8699,-1,-1,-1
22,7,390.80,643.68,126.70,193.65,0.8725,-1,-1,-1
22,6,324.76,455.90,90.05,143.60,0.8856,-1,-1,-1
22,5,160.32,213.96,57.04,85.47,0.8927,-1,-1,-1
22,4,759.06,349.39,62.28,118.68,0.8931,-1,-1,-1
22,3,283.62,526.91,101.26,161.35,0.9257,-1,-1,-1
22,2,669.87,781.15,191.42,116.08,0.9407,-1,-1,-1
22,1,97.45,532.89,110.70,159.10,0.9408,-1,-1,-1
23,20,1500.22,101.68,34.54,35.67,0.7229,-1,-1,-1
23,19,983.52,127.61,44.15,67.11,0.7368,-1,-1,-1
23,18,1019.39,81.99,31.59,52.95,0.7485,-1,-1,-1
23,17,691.42,303.78,60.61,103.68,0.7676,-1,-1,-1
23,16,535.10,471.29,80.97,107.65,0.7994,-1,-1,-1
23,15,1061.91,83.39,36.52,63.17,0.8400,-1,-1,-1
23,14,650.84,252.32,48.19,93.57,0.8428,-1,-1,-1
23,13,493.14,484.48,92.94,148.80,0.8432,-1,-1,-1
23,12,402.18,574.86,114.44,163.02,0.8593,-1,-1,-1
23,11,774.27,274.82,64.86,88.86,0.8620,-1,-1,-1
23,10,862.71,199.97,56.29,92.98,0.8627,-1,-1,-1
23,9,825.51,204.83,43.68,86.47,0.8667,-1,-1,-1
23,8,290.48,453.28,77.85,122.58,0.8699,-1,-1,-1
23,7,394.12,652.08,126.61,184.37,0.8725,-1,-1,-1
23,5,163.26,212.59,56.95,87.05,0.8927,-1,-1,-1
23,4,759.85,348.84,63.19,118.16,0.8931,-1,-1,-1
23,3,288.88,532.84,98.06,155.03,0.9257,-1,-1,-1
23,2,669.07,775.24,192.40,122.30,0.9407,-1,-1,-1
23,1,104.01,532.65,107.47,157.52,0.9408,-1,-1,-1
24,21,623.38,847.76,90.87,76.18,0.5588,-1,-1,-1
24,20,1500.76,100.24,35.72,37.53,0.7229,-1,-1,-1
24,19,983.48,127.41,46.96,67.34,0.7368,-1,-1,-1
24,18,1019.39,79.84,32.45,56.05,0.7485,-1,-1,-1
24,17,692.46,303.35,61.66,104.77,0.7676,-1,-1,-1
24,16,537.52,467.44,79.40,109.12,0.7994,-1,-1,-1
24,15,1063.03,81.53,36.31,64.16,0.8400,-1,-1,-1
24,14,648.65,253.73,51.66,95.52,0.8428,-1,-1,-1
24,13,494.73,484.48,93.69,146.95,0.8432,-1,-1,-1
24,12,406.51,574.67,110.32,163.99,0.8593,-1,-1,-1
24,11,775.14,272.57,63.59,91.13,0.8620,-1,-1,-1
24,10,864.07,200.15,55.57,90.04,0.8627,-1,-1,-1
24,9,825.99,205.28,44.86,84.11,0.8667,-1,-1,-1
24,8,296.15,450.30,75.79,119.45,0.8699,-1,-1,-1
24,7,395.81,653.00,125.60,182.20,0.8725,-1,-1,-1
24,5,166.11,212.66,56.34,84.89,0.8927,-1,-1,-1
24,4,761.74,347.02,58.95,97.09,0.8931,-1,-1,-1
24,3,289.04,523.04,102.40,163.00,0.9257,-1,-1,-1
24,2,671.62,778.80,189.63,118.68,0.9407,-1,-1,-1
24,1,108.07,532.50,104.65,155.78,0.9408,-1,-1,-1
25,21,624.55,847.03,89.64,76.55,0.5588,-1,-1,-1
25,20,1500.96,99.51,35.03,37.54,0.7229,-1,-1,-1
25,19,989.90,126.69,43.46,68.08,0.7368,-1,-1,-1
25,18,1018.00,79.34,34.64,56.36,0.7485,-1,-1,-1
25,17,694.14,302.49,60.04,105.23,0.7676,-1,-1,-1
25,16,540.40,468.83,79.29,109.60,0.7994,-1,-1,-1
25,15,1062.75,83.40,37.39,63.10,0.8400,-1,-1,-1
25,14,648.04,254.45,47.36,95.08,0.8428,-1,-1,-1
25,13,496.25,483.83,93.87,147.42,0.8432,-1,-1,-1
25,12,408.61,577.87,112.59,158.94,0.8593,-1,-1,-1
25,11,776.38,273.61,65.15,88.95,0.8620,-1,-1,-1
25,10,864.05,199.40,55.40,90.76,0.8627,-1,-1,-1
25,9,828.18,203.98,44.31,82.50,0.8667,-1,-1,-1
25,8,294.98,449.20,79.31,118.93,0.8699,-1,-1,-1
25,7,398.52,657.94,125.58,176.47,0.8725,-1,-1,-1
25,5,167.37,211.27,60.07,86.06,0.8927,-1,-1,-1
25,4,762.29,347.16,60.61,99.10,0.8931,-1,-1,-1
25,3,297.66,528.28,101.32,151.83,0.9257,-1,-1,-1
25,2,670.93,778.90,190.27,118.51,0.9407,-1,-1,-1
25,1,112.29,529.88,103.04,156.86,0.9408,-1,-1,-1
26,24,0.00,680.22,81.27,304.05,0.5168,-1,-1,-1
26,21,624.35,847.08,89.31,76.93,0.5588,-1,-1,-1
26,20,1501.08,100.17,35.00,36.99,0.7229,-1,-1,-1
26,19,989.29,129.23,46.50,66.13,0.7368,-1,-1,-1
26,18,1018.28,79.91,34.30,55.75,0.7485,-1,-1,-1
26,17,694.74,302.64,60.19,104.04,0.7676,-1,-1,-1
26,16,541.41,469.34,78.93,109.65,0.7994,-1,-1,-1
26,15,1063.71,85.58,37.59,61.42,0.8400,-1,-1,-1
26,14,647.59,255.36,54.10,96.77,0.8428,-1,-1,-1
26,13,497.05,483.49,91.72,147.88,0.8432,-1,-1,-1
26,12,406.44,580.09,115.41,157.09,0.8593,-1,-1,-1
26,11,776.84,272.54,64.40,88.71,0.8620,-1,-1,-1
26,10,863.81,198.46,56.18,92.69,0.8627,-1,-1,-1
26,9,828.14,204.37,44.65,83.08,0.8667,-1,-1,-1
26,8,299.05,449.13,77.76,112.09,0.8699,-1,-1,-1
26,7,397.31,698.83,127.96,135.18,0.8725,-1,-1,-1
26,5,168.12,209.50,60.03,86.42,0.8927,-1,-1,-1
26,4,761.62,347.60,64.20,114.89,0.8931,-1,-1,-1
26,3,300.49,518.62,101.59,161.99,0.9257,-1,-1,-1
26,2,671.89,777.95,188.71,119.67,0.9407,-1,-1,-1
26,1,115.53,529.12,101.96,156.24,0.9408,-1,-1,-1
27,24,0.07,676.67,86.98,304.72,0.5168,-1,-1,-1
27,21,624.30,852.35,88.45,71.01,0.5588,-1,-1,-1
27,20,1501.06,98.87,34.86,38.02,0.7229,-1,-1,-1
27,19,992.05,126.18,43.49,68.81,0.7368,-1,-1,-1
27,18,1018.34,80.56,34.24,55.42,0.7485,-1,-1,-1
27,17,693.60,301.01,61.44,105.81,0.7676,-1,-1,-1
27,16,543.46,468.64,78.50,109.18,0.7994,-1,-1,-1
27,15,1064.25,84.32,38.00,62.55,0.8400,-1,-1,-1
27,14,645.97,255.88,53.45,95.90,0.8428,-1,-1,-1
27,13,497.47,483.34,92.33,146.18,0.8432,-1,-1,-1
27,12,406.61,579.89,116.85,157.92,0.8593,-1,-1,-1
27,11,776.85,272.29,63.98,89.57,0.8620,-1,-1,-1
27,10,865.41,197.93,54.81,91.26,0.8627,-1,-1,-1
27,9,828.81,202.88,45.70,82.47,0.8667,-1,-1,-1
27,8,298.66,447.80,78.24,115.87,0.8699,-1,-1,-1
27,7,401.48,661.25,125.57,173.23,0.8725,-1,-1,-1
27,5,170.86,210.34,58.59,84.97,0.8927,-1,-1,-1
27,4,763.18,347.16,64.45,114.11,0.8931,-1,-1,-1
27,3,302.41,515.62,103.03,160.17,0.9257,-1,-1,-1
27,2,671.32,773.17,189.36,125.09,0.9407,-1,-1,-1
27,1,118.24,527.66,105.23,156.05,0.9408,-1,-1,-1
28,24,0.12,679.87,90.71,300.85,0.5168,-1,-1,-1
28,21,622.22,858.13,90.08,65.51,0.5588,-1,-1,-1
28,20,1501.46,99.40,34.97,37.07,0.7229,-1,-1,-1
28,19,993.20,126.43,42.57,68.48,0.7368,-1,-1,-1
28,18,1018.70,81.99,33.79,54.79,0.7485,-1,-1,-1
28,17,692.67,301.46,61.97,105.12,0.7676,-1,-1,-1
28,16,544.89,467.90,77.18,110.15,0.7994,-1,-1,-1
28,15,1064.50,82.95,37.57,63.49,0.8400,-1,-1,-1
28,14,644.97,255.61,54.37,98.13,0.8428,-1,-1,-1
28,13,498.72,478.38,93.93,149.93,0.8432,-1,-1,-1
28,12,407.16,583.16,116.95,153.77,0.8593,-1,-1,-1
28,11,775.88,272.60,64.48,89.25,0.8620,-1,-1,-1
28,10,866.07,198.66,54.92,89.88,0.8627,-1,-1,-1
28,9,829.93,202.88,45.73,82.70,0.8667,-1,-1,-1
28,8,297.60,448.51,80.14,122.46,0.8699,-1,-1,-1
28,7,401.48,661.86,127.72,172.43,0.8725,-1,-1,-1
28,5,172.40,207.92,57.38,84.45,0.8927,-1,-1,-1
28,4,763.69,346.76,64.45,112.11,0.8931,-1,-1,-1
28,3,304.83,516.83,103.46,158.41,0.9257,-1,-1,-1
28,2,672.25,772.44,188.42,126.20,0.9407,-1,-1,-1
28,1,119.80,527.89,103.82,155.17,0.9408,-1,-1,-1
29,24,0.12,683.44,96.69,311.17,0.5168,-1,-1,-1
29,21,622.29,860.22,90.51,62.28,0.5588,-1,-1,-1
29,20,1501.52,99.62,35.01,36.44,0.7229,-1,-1,-1
29,19,989.87,129.66,47.11,65.79,0.7368,-1,-1,-1
29,18,1017.79,81.30,34.69,54.80,0.7485,-1,-1,-1
29,17,693.32,300.84,61.62,105.41,0.7676,-1,-1,-1
29,16,546.63,468.01,74.84,108.62,0.7994,-1,-1,-1
29,15,1065.32,82.18,37.14,63.00,0.8400,-1,-1,-1
29,14,643.69,256.75,55.94,96.79,0.8428,-1,-1,-1
29,13,501.71,478.76,93.11,148.02,0.8432,-1,-1,-1
29,12,407.67,580.71,118.82,155.49,0.8593,-1,-1,-1
29,11,777.68,271.77,61.76,89.52,0.8620,-1,-1,-1
29,10,866.72,197.27,52.84,90.81,0.8627,-1,-1,-1
29,9,832.34,202.55,44.08,82.65,0.8667,-1,-1,-1
29,8,298.61,448.32,77.51,121.43,0.8699,-1,-1,-1
29,7,404.98,647.60,126.85,185.52,0.8725,-1,-1,-1
29,5,173.79,208.10,58.92,84.51,0.8927,-1,-1,-1
29,4,764.59,344.56,65.00,112.80,0.8931,-1,-1,-1
29,3,312.55,516.17,98.42,157.74,0.9257,-1,-1,-1
29,2,671.36,771.86,189.60,127.17,0.9407,-1,-1,-1
29,1,123.18,522.88,105.56,158.13,0.9408,-1,-1,-1
30,24,0.21,682.19,99.23,302.81,0.5168,-1,-1,-1
30,21,623.41,857.40,89.58,66.91,0.5588,-1,-1,-1
30,20,1501.60,100.00,34.67,35.74,0.7229,-1,-1,-1
30,19,993.23,127.39,43.68,67.34,0.7368,-1,-1,-1
30,18,1016.17,79.56,34.16,58.68,0.7485,-1,-1,-1
30,17,691.76,300.04,63.70,105.91,0.7676,-1,-1,-1
30,16,545.97,466.64,76.31,108.93,0.7994,-1,-1,-1
30,15,1066.30,81.91,36.79,62.78,0.8400,-1,-1,-1
30,14,641.61,256.90,56.75,96.78,0.8428,-1,-1,-1
30,13,502.46,477.48,91.08,148.62,0.8432,-1,-1,-1
30,12,409.38,573.68,118.17,160.74,0.8593,-1,-1,-1
30,11,777.73,271.48,61.56,90.14,0.8620,-1,-1,-1
30,10,865.14,198.51,55.66,90.49,0.8627,-1,-1,-1
30,9,832.68,202.23,43.63,82.30,0.8667,-1,-1,-1
30,8,296.77,447.08,81.82,124.07,0.8699,-1,-1,-1
30,7,406.01,653.35,126.05,179.77,0.8725,-1,-1,-1
30,5,177.43,207.14,56.95,84.60,0.8927,-1,-1,-1
30,4,763.81,343.63,66.27,113.15,0.8931,-1,-1,-1
30,3,314.07,514.53,97.76,157.74,0.9257,-1,-1,-1
30,2,671.77,774.20,188.76,125.75,0.9407,-1,-1,-1
30,1,125.40,520.92,105.66,158.43,0.9408,-1,-1,-1
31,27,0.11,546.91,78.99,230.75,0.5080,-1,-1,-1
31,24,0.00,668.70,104.07,307.11,0.5168,-1,-1,-1
31,21,622.91,853.10,94.71,72.16,0.5588,-1,-1,-1
31,20,1502.05,99.65,33.57,36.54,0.7229,-1,-1,-1
31,19,992.85,128.17,45.54,66.63,0.7368,-1,-1,-1
31,18,1015.17,80.94,35.56,57.80,0.7485,-1,-1,-1
31,17,694.24,299.82,62.18,106.20,0.7676,-1,-1,-1
31,16,546.19,465.70,78.04,107.25,0.7994,-1,-1,-1
31,15,1067.06,81.82,36.63,62.74,0.8400,-1,-1,-1
31,14,640.17,259.12,55.66,95.79,0.8428,-1,-1,-1
31,13,503.41,477.50,95.18,148.18,0.8432,-1,-1,-1
31,12,411.06,571.98,117.73,156.03,0.8593,-1,-1,-1
31,11,779.35,271.80,60.39,89.85,0.8620,-1,-1,-1
31,10,865.22,197.79,54.73,91.11,0.8627,-1,-1,-1
31,9,833.70,202.32,43.22,80.05,0.8667,-1,-1,-1
31,7,407.62,652.81,127.39,179.75,0.8725,-1,-1,-1
31,5,180.38,207.86,57.43,84.32,0.8927,-1,-1,-1
31,4,765.37,343.80,64.42,112.57,0.8931,-1,-1,-1
31,3,317.54,516.32,99.71,153.54,0.9257,-1,-1,-1
31,2,671.74,775.14,188.85,124.89,0.9407,-1,-1,-1
31,1,127.13,519.71,107.37,156.68,0.9408,-1,-1,-1
32,27,0.12,560.47,82.12,218.06,0.5080,-1,-1,-1
32,24,0.00,670.37,106.29,303.88,0.5168,-1,-1,-1
32,21,622.72,850.00,96.74,76.15,0.5588,-1,-1,-1
32,20,1502.10,99.70,33.28,36.14,0.7229,-1,-1,-1
32,19,994.45,123.69,44.77,71.13,0.7368,-1,-1,-1
32,18,1014.66,83.29,35.01,56.02,0.7485,-1,-1,-1
32,17,695.70,299.57,61.08,105.70,0.7676,-1,-1,-1
32,16,545.92,467.47,78.42,104.97,0.7994,-1,-1,-1
32,15,1066.84,82.18,36.74,62.35,0.8400,-1,-1,-1
32,14,639.73,258.40,55.61,96.75,0.8428,-1,-1,-1
32,13,503.60,477.74,95.30,147.60,0.8432,-1,-1,-1
32,12,411.27,572.03,119.46,156.26,0.8593,-1,-1,-1
32,11,777.97,272.65,61.26,88.82,0.8620,-1,-1,-1
32,10,864.08,198.03,55.50,91.06,0.8627,-1,-1,-1
32,9,834.26,200.46,42.60,81.79,0.8667,-1,-1,-1
32,7,409.14,652.44,126.30,179.43,0.8725,-1,-1,-1
32,5,182.25,208.12,55.06,83.64,0.8927,-1,-1,-1
32,4,766.61,342.79,63.63,111.93,0.8931,-1,-1,-1
32,3,316.58,512.05,103.42,157.60,0.9257,-1,-1,-1
32,2,669.53,770.90,191.09,129.29,0.9407,-1,-1,-1
32,1,131.22,518.36,105.63,157.15,0.9408,-1,-1,-1
33,27,0.21,565.64,88.67,212.41,0.5080,-1,-1,-1
33,26,0.30,804.61,113.34,274.79,0.5472,-1,-1,-1
33,24,0.00,673.25,113.96,299.53,0.5168,-1,-1,-1
33,21,624.28,858.11,88.09,67.21,0.5588,-1,-1,-1
33,20,1503.12,99.34,33.49,36.62,0.7229,-1,-1,-1
33,19,995.93,126.48,46.69,69.34,0.7368,-1,-1,-1
33,18,1014.54,83.78,34.28,56.42,0.7485,-1,-1,-1
33,17,697.05,299.66,60.43,103.95,0.7676,-1,-1,-1
33,16,546.75,466.90,78.80,105.20,0.7994,-1,-1,-1
33,15,1067.65,81.31,34.98,62.48,0.8400,-1,-1,-1
33,14,637.86,259.36,56.79,97.93,0.8428,-1,-1,-1
33,13,506.99,476.94,93.47,148.24,0.8432,-1,-1,-1
33,12,411.25,571.86,120.35,156.48,0.8593,-1,-1,-1
33,11,779.31,271.67,59.69,89.74,0.8620,-1,-1,-1
33,10,863.40,196.80,58.92,91.89,0.8627,-1,-1,-1
33,9,834.91,200.39,42.34,77.69,0.8667,-1,-1,-1
33,7,411.45,650.43,126.06,179.40,0.8725,-1,-1,-1
33,6,303.84,445.58,73.46,105.55,0.8856,-1,-1,-1
33,5,184.34,205.39,57.91,85.43,0.8927,-1,-1,-1
33,4,767.55,342.32,64.23,110.25,0.8931,-1,-1,-1
33,2,671.84,771.50,189.18,129.47,0.9407,-1,-1,-1
33,1,134.05,517.98,104.42,155.06,0.9408,-1,-1,-1
34,27,0.17,566.02,90.43,212.69,0.5080,-1,-1,-1
34,26,0.27,799.98,114.36,278.56,0.5472,-1,-1,-1
34,24,0.08,669.27,115.23,305.95,0.5168,-1,-1,-1
34,21,623.78,861.74,87.73,63.24,0.5588,-1,-1,-1
34,20,1502.11,97.93,33.38,37.74,0.7229,-1,-1,-1
34,19,996.37,126.84,46.44,68.53,0.7368,-1,-1,-1
34,18,1013.31,84.09,35.48,56.22,0.7485,-1,-1,-1
34,17,696.74,298.65,61.43,105.48,0.7676,-1,-1,-1
34,16,546.26,468.39,79.28,103.61,0.7994,-1,-1,-1
34,15,1067.23,81.26,36.10,62.46,0.8400,-1,-1,-1
34,14,635.73,261.90,58.14,97.22,0.8428,-1,-1,-1
34,13,507.04,476.38,93.53,148.84,0.8432,-1,-1,-1
34,12,412.04,572.21,119.98,156.10,0.8593,-1,-1,-1
34,11,778.42,271.99,58.72,89.14,0.8620,-1,-1,-1
34,10,864.88,196.25,56.98,92.73,0.8627,-1,-1,-1
34,9,834.90,201.10,42.18,79.26,0.8667,-1,-1,-1
34,7,414.21,664.05,121.78,165.09,0.8725,-1,-1,-1
34,6,303.34,446.28,70.39,105.52,0.8856,-1,-1,-1
34,5,185.11,206.50,56.42,84.28,0.8927,-1,-1,-1
34,4,766.51,340.78,62.69,100.11,0.8931,-1,-1,-1
34,2,671.74,771.24,188.56,130.48,0.9407,-1,-1,-1
34,1,136.53,515.95,103.07,156.78,0.9408,-1,-1,-1
35,27,0.00,555.96,94.28,221.65,0.5080,-1,-1,-1
35,26,0.14,793.57,118.41,284.98,0.5472,-1,-1,-1
35,24,0.28,655.78,120.37,313.76,0.5168,-1,-1,-1
35,21,622.04,863.22,89.60,62.22,0.5588,-1,-1,-1
35,20,1502.46,99.22,33.93,36.70,0.7229,-1,-1,-1
35,19,997.33,130.73,47.73,65.09,0.7368,-1,-1,-1
35,18,1012.85,85.42,33.59,54.72,0.7485,-1,-1,-1
35,17,697.64,300.11,60.33,103.02,0.7676,-1,-1,-1
35,16,547.92,463.69,79.47,108.62,0.7994,-1,-1,-1
35,15,1067.68,80.54,35.55,62.91,0.8400,-1,-1,-1
35,14,631.90,261.71,60.52,98.40,0.8428,-1,-1,-1
35,13,507.82,475.79,94.16,149.30,0.8432,-1,-1,-1
35,12,414.91,572.56,116.70,152.61,0.8593,-1,-1,-1
35,11,776.46,271.32,61.44,90.44,0.8620,-1,-1,-1
35,10,865.93,196.70,55.53,92.11,0.8627,-1,-1,-1
35,9,837.07,199.45,42.75,80.75,0.8667,-1,-1,-1
35,8,308.73,508.85,116.68,152.42,0.8699,-1,-1,-1
35,7,413.70,653.17,127.34,175.98,0.8725,-1,-1,-1
35,6,300.95,446.84,74.10,114.09,0.8856,-1,-1,-1
35,5,189.91,205.31,53.63,82.92,0.8927,-1,-1,-1
35,4,769.62,340.09,62.54,112.63,0.8931,-1,-1,-1
35,2,671.87,773.89,188.86,128.20,0.9407,-1,-1,-1
35,1,139.56,512.83,104.20,158.89,0.9408,-1,-1,-1
36,28,270.44,504.23,71.95,125.73,0.6150,-1,-1,-1
36,27,0.23,578.91,98.72,198.65,0.5080,-1,-1,-1
36,26,0.46,806.24,121.05,272.83,0.5472,-1,-1,-1
36,24,0.30,669.62,124.58,300.44,0.5168,-1,-1,-1
36,21,623.61,845.11,87.88,81.46,0.5588,-1,-1,-1
36,20,1502.13,99.18,33.60,36.45,0.7229,-1,-1,-1
36,19,996.89,131.21,49.47,65.74,0.7368,-1,-1,-1
36,18,1012.33,86.92,34.95,54.22,0.7485,-1,-1,-1
36,17,698.09,297.85,59.93,105.23,0.7676,-1,-1,-1
36,16,547.81,463.28,80.20,111.11,0.7994,-1,-1,-1
36,15,1067.62,80.42,35.93,63.01,0.8400,-1,-1,-1
36,14,628.44,264.51,62.18,96.42,0.8428,-1,-1,-1
36,13,508.49,476.07,92.76,148.83,0.8432,-1,-1,-1
36,12,411.04,572.77,118.67,154.38,0.8593,-1,-1,-1
36,11,775.61,272.58,60.95,89.35,0.8620,-1,-1,-1
36,10,867.18,196.70,53.56,92.48,0.8627,-1,-1,-1
36,9,836.82,199.77,43.25,81.71,0.8667,-1,-1,-1
36,8,306.26,506.60,110.17,142.70,0.8699,-1,-1,-1
36,7,414.76,644.24,127.40,183.84,0.8725,-1,-1,-1
36,6,301.54,447.68,68.57,119.50,0.8856,-1,-1,-1
36,5,190.45,206.00,53.93,81.89,0.8927,-1,-1,-1
36,4,768.69,341.61,63.75,108.40,0.8931,-1,-1,-1
36,2,673.29,777.60,186.25,124.34,0.9407,-1,-1,-1
36,1,143.30,512.24,100.74,158.93,0.9408,-1,-1,-1
37,28,265.63,509.56,70.00,123.39,0.6150,-1,-1,-1
37,27,0.19,594.85,102.58,182.48,0.5080,-1,-1,-1
37,26,0.53,806.53,124.93,272.76,0.5472,-1,-1,-1
37,24,0.15,654.21,129.39,318.91,0.5168,-1,-1,-1
37,21,624.16,846.58,89.55,80.13,0.5588,-1,-1,-1
37,20,1502.31,98.30,34.85,37.19,0.7229,-1,-1,-1
37,19,998.44,126.88,49.49,69.92,0.7368,-1,-1,-1
37,18,1013.16,86.97,35.63,54.33,0.7485,-1,-1,-1
37,17,698.45,299.65,60.83,102.88,0.7676,-1,-1,-1
37,16,550.03,463.68,77.34,108.17,0.7994,-1,-1,-1
37,15,1069.07,79.91,35.23,63.48,0.8400,-1,-1,-1
37,14,627.83,263.42,61.38,98.81,0.8428,-1,-1,-1
37,13,509.92,475.18,93.83,148.99,0.8432,-1,-1,-1
37,12,415.45,572.31,120.78,153.40,0.8593,-1,-1,-1
37,11,776.21,272.12,61.05,88.53,0.8620,-1,-1,-1
37,10,870.39,199.31,52.25,88.47,0.8627,-1,-1,-1
37,9,839.73,197.23,42.11,85.38,0.8667,-1,-1,-1
37,7,417.91,651.30,127.41,177.41,0.8725,-1,-1,-1
37,6,303.06,445.88,58.12,117.32,0.8856,-1,-1,-1
37,5,192.76,204.67,55.48,83.35,0.8927,-1,-1,-1
37,4,769.60,340.94,64.09,109.22,0.8931,-1,-1,-1
37,2,672.36,773.44,186.58,129.00,0.9407,-1,-1,-1
37,1,147.31,511.36,99.37,157.25,0.9408,-1,-1,-1
38,28,262.24,511.78,69.44,126.84,0.6150,-1,-1,-1
38,27,0.00,544.95,105.08,230.78,0.5080,-1,-1,-1
38,26,0.52,807.24,124.26,271.16,0.5472,-1,-1,-1
38,24,0.19,649.50,131.49,325.06,0.5168,-1,-1,-1
38,22,622.53,759.01,109.55,166.15,0.5143,-1,-1,-1
38,21,622.50,853.87,90.29,72.31,0.5588,-1,-1,-1
38,20,1502.86,98.74,35.62,37.03,0.7229,-1,-1,-1
38,19,1001.50,125.99,45.50,70.58,0.7368,-1,-1,-1
38,18,1013.34,87.36,35.50,53.78,0.7485,-1,-1,-1
38,17,697.88,299.20,61.35,104.14,0.7676,-1,-1,-1
38,16,550.15,462.38,78.21,108.47,0.7994,-1,-1,-1
38,15,1069.82,79.83,35.26,62.78,0.8400,-1,-1,-1
38,14,626.34,264.21,61.36,98.81,0.8428,-1,-1,-1
38,13,510.84,475.27,95.42,148.27,0.8432,-1,-1,-1
38,12,415.37,574.18,121.24,152.90,0.8593,-1,-1,-1
38,11,775.58,271.39,60.86,89.04,0.8620,-1,-1,-1
38,10,869.40,198.28,53.97,89.48,0.8627,-1,-1,-1
38,9,840.40,197.52,40.64,85.37,0.8667,-1,-1,-1
38,7,417.62,648.28,128.25,180.01,0.8725,-1,-1,-1
38,6,303.15,446.21,60.14,116.24,0.8856,-1,-1,-1
38,5,195.35,204.16,55.30,83.93,0.8927,-1,-1,-1
38,4,769.70,339.04,64.30,108.53,0.8931,-1,-1,-1
38,2,670.69,772.29,187.59,130.42,0.9407,-1,-1,-1
38,1,148.76,510.08,100.46,159.80,0.9408,-1,-1,-1
39,28,257.81,520.08,56.89,120.17,0.6150,-1,-1,-1
39,27,0.00,542.53,107.42,232.78,0.5080,-1,-1,-1
39,26,0.26,799.26,127.62,279.75,0.5472,-1,-1,-1
39,24,0.13,665.04,136.42,307.69,0.5168,-1,-1,-1
39,22,622.26,858.20,88.42,65.20,0.5143,-1,-1,-1
39,21,622.83,754.49,90.53,168.51,0.5588,-1,-1,-1
39,20,1502.60,99.40,34.67,35.77,0.7229,-1,-1,-1
39,19,1000.81,129.04,46.81,68.54,0.7368,-1,-1,-1
39,18,1012.66,88.13,35.12,52.95,0.7485,-1,-1,-1
39,17,698.58,298.84,60.91,104.31,0.7676,-1,-1,-1
39,16,553.09,462.05,74.98,109.75,0.7994,-1,-1,-1
39,15,1070.24,79.78,35.89,63.52,0.8400,-1,-1,-1
39,14,625.51,265.74,59.91,99.14,0.8428,-1,-1,-1
39,13,513.19,474.12,93.21,148.32,0.8432,-1,-1,-1
39,12,416.00,573.39,124.48,153.10,0.8593,-1,-1,-1
39,11,775.66,271.26,60.47,88.92,0.8620,-1,-1,-1
39,10,869.09,199.61,54.50,88.82,0.8627,-1,-1,-1
39,9,840.07,196.84,41.61,87.04,0.8667,-1,-1,-1
39,7,419.50,644.66,128.20,183.57,0.8725,-1,-1,-1
39,6,303.50,444.82,61.98,120.45,0.8856,-1,-1,-1
39,5,196.04,203.25,55.07,84.34,0.8927,-1,-1,-1
39,4,773.18,339.06,61.91,109.74,0.8931,-1,-1,-1
39,2,668.24,770.13,188.40,133.52,0.9407,-1,-1,-1
39,1,153.19,509.78,98.77,156.61,0.9408,-1,-1,-1
40,28,255.76,520.63,58.46,118.79,0.6150,-1,-1,-1
40,27,0.03,541.65,110.57,233.83,0.5080,-1,-1,-1
40,26,0.17,791.64,129.04,287.37,0.5472,-1,-1,-1
40,24,0.22,648.88,138.19,318.32,0.5168,-1,-1,-1
40,22,621.78,857.66,88.34,64.86,0.5143,-1,-1,-1
40,21,621.71,763.26,95.16,158.50,0.5588,-1,-1,-1
40,20,1502.81,99.03,36.92,36.16,0.7229,-1,-1,-1
40,19,1002.14,129.45,46.77,67.61,0.7368,-1,-1,-1
40,18,1012.46,88.55,34.72,53.00,0.7485,-1,-1,-1
40,17,699.05,298.85,61.23,103.52,0.7676,-1,-1,-1
40,16,553.06,461.46,75.94,109.50,0.7994,-1,-1,-1
40,15,1070.28,80.24,35.43,63.30,0.8400,-1,-1,-1
40,14,623.04,266.21,60.50,98.13,0.8428,-1,-1,-1
40,13,514.14,474.39,94.33,148.48,0.8432,-1,-1,-1
40,12,415.24,572.73,125.21,153.76,0.8593,-1,-1,-1
40,11,775.04,273.12,61.46,87.66,0.8620,-1,-1,-1
40,10,868.15,199.34,55.53,89.29,0.8627,-1,-1,-1
40,9,842.20,198.21,38.70,81.44,0.8667,-1,-1,-1
40,8,350.40,503.99,89.77,151.61,0.8699,-1,-1,-1
40,7,421.13,648.31,126.13,179.42,0.8725,-1,-1,-1
40,6,304.19,444.61,63.55,120.33,0.8856,-1,-1,-1
40,5,197.86,201.77,54.02,85.44,0.8927,-1,-1,-1
40,4,772.25,339.08,63.62,109.17,0.8931,-1,-1,-1
40,2,668.92,775.97,187.29,129.10,0.9407,-1,-1,-1
40,1,156.11,508.96,97.39,156.06,0.9408,-1,-1,-1
41,27,1.01,607.38,114.22,165.83,0.5080,-1,-1,-1
41,26,0.17,788.38,130.86,289.95,0.5472,-1,-1,-1
41,24,0.11,653.85,142.36,315.76,0.5168,-1,-1,-1
41,22,618.65,854.80,91.53,67.16,0.5143,-1,-1,-1
41,21,618.32,763.55,98.67,158.52,0.5588,-1,-1,-1
41,20,1502.78,99.09,37.75,36.26,0.7229,-1,-1,-1
41,19,1003.96,129.98,45.72,67.40,0.7368,-1,-1,-1
41,18,1011.76,87.66,33.49,54.02,0.7485,-1,-1,-1
41,17,699.15,299.24,62.50,102.94,0.7676,-1,-1,-1
41,16,554.33,460.79,75.07,109.44,0.7994,-1,-1,-1
41,15,1070.00,80.72,35.96,62.91,0.8400,-1,-1,-1
41,14,622.66,268.39,58.92,98.98,0.8428,-1,-1,-1
41,13,515.27,474.03,93.11,148.01,0.8432,-1,-1,-1
41,12,416.73,573.30,122.33,153.19,0.8593,-1,-1,-1
41,11,775.76,272.86,60.24,86.69,0.8620,-1,-1,-1
41,10,868.35,199.95,55.10,87.65,0.8627,-1,-1,-1
41,9,843.69,197.91,38.42,79.67,0.8667,-1,-1,-1
41,8,350.35,504.01,87.31,149.95,0.8699,-1,-1,-1
41,7,420.69,648.39,128.79,178.76,0.8725,-1,-1,-1
41,6,305.25,441.73,66.23,125.46,0.8856,-1,-1,-1
41,5,199.81,200.89,56.98,85.83,0.8927,-1,-1,-1
41,4,774.60,337.80,61.47,110.22,0.8931,-1,-1,-1
41,2,670.04,780.03,183.79,126.71,0.9407,-1,-1,-1
41,1,160.34,509.93,96.39,153.93,0.9408,-1,-1,-1
42,27,1.04,609.85,114.85,162.70,0.5080,-1,-1,-1
42,26,0.28,785.16,133.12,292.71,0.5472,-1,-1,-1
42,24,0.17,656.55,144.21,312.90,0.5168,-1,-1,-1
42,22,620.90,860.35,90.47,61.31,0.5143,-1,-1,-1
42,21,621.09,757.10,94.19,164.36,0.5588,-1,-1,-1
42,20,1502.56,99.89,37.29,35.22,0.7229,-1,-1,-1
42,19,1004.04,129.59,45.92,68.31,0.7368,-1,-1,-1
42,18,1010.96,86.83,34.21,53.46,0.7485,-1,-1,-1
42,17,699.83,298.53,62.76,103.90,0.7676,-1,-1,-1
42,16,554.90,460.38,74.60,109.34,0.7994,-1,-1,-1
42,15,1069.99,80.90,36.85,62.41,0.8400,-1,-1,-1
42,14,622.73,268.61,60.69,100.93,0.8428,-1,-1,-1
42,13,515.75,473.19,94.23,147.52,0.8432,-1,-1,-1
42,12,417.00,575.42,122.61,151.04,0.8593,-1,-1,-1
42,11,775.04,272.95,59.61,87.55,0.8620,-1,-1,-1
42,10,868.00,199.15,56.21,87.85,0.8627,-1,-1,-1
42,9,844.24,197.37,38.80,78.00,0.8667,-1,-1,-1
42,7,422.52,646.87,127.02,179.74,0.8725,-1,-1,-1
42,6,305.72,443.23,68.21,124.52,0.8856,-1,-1,-1
42,5,200.67,201.53,58.19,84.61,0.8927,-1,-1,-1
42,4,775.59,328.61,60.12,117.59,0.8931,-1,-1,-1
42,2,668.72,778.70,184.11,128.84,0.9407,-1,-1,-1
42,1,162.79,509.12,97.12,153.03,0.9408,-1,-1,-1
43,27,0.90,608.08,122.62,163.40,0.5080,-1,-1,-1
43,26,0.28,769.66,132.62,307.92,0.5472,-1,-1,-1
43,25,424.51,750.01,124.42,73.71,0.7887,-1,-1,-1
43,24,0.48,655.15,149.30,316.42,0.5168,-1,-1,-1
43,22,616.28,864.59,95.71,57.41,0.5143,-1,-1,-1
43,21,616.01,764.97,106.21,156.84,0.5588,-1,-1,-1
43,20,1502.09,99.81,38.43,34.77,0.7229,-1,-1,-1
43,19,1001.65,126.38,47.63,71.62,0.7368,-1,-1,-1
43,18,1009.68,88.06,35.04,52.18,0.7485,-1,-1,-1
43,17,700.91,299.35,61.63,102.92,0.7676,-1,-1,-1
43,16,553.17,459.26,75.90,110.47,0.7994,-1,-1,-1
43,15,1069.94,81.64,38.22,61.98,0.8400,-1,-1,-1
43,14,619.40,268.15,57.32,102.92,0.8428,-1,-1,-1
43,13,516.12,473.71,94.15,146.45,0.8432,-1,-1,-1
43,12,416.94,572.57,126.03,151.52,0.8593,-1,-1,-1
43,11,774.05,271.61,60.96,89.35,0.8620,-1,-1,-1
43,10,874.66,197.92,50.39,88.41,0.8627,-1,-1,-1
43,9,845.96,197.46,39.32,83.11,0.8667,-1,-1,-1
43,7,423.74,642.02,125.66,184.49,0.8725,-1,-1,-1
43,6,305.86,442.47,72.20,125.76,0.8856,-1,-1,-1
43,5,203.89,201.79,55.59,83.87,0.8927,-1,-1,-1
43,4,775.26,330.64,61.72,115.04,0.8931,-1,-1,-1
43,2,669.21,779.94,183.12,128.33,0.9407,-1,-1,-1
43,1,164.74,507.32,97.22,152.80,0.9408,-1,-1,-1
44,28,242.43,528.59,49.76,109.55,0.6150,-1,-1,-1
44,27,1.04,605.86,123.75,165.85,0.5080,-1,-1,-1
44,26,0.26,780.95,135.27,296.88,0.5472,-1,-1,-1
44,25,427.26,749.24,123.46,73.45,0.7887,-1,-1,-1
44,24,0.10,670.79,150.40,300.91,0.5168,-1,-1,-1
44,22,616.12,866.58,94.27,56.36,0.5143,-1,-1,-1
44,21,615.96,764.42,99.26,158.35,0.5588,-1,-1,-1
44,20,1502.12,99.70,37.82,34.93,0.7229,-1,-1,-1
44,19,1003.60,126.07,45.49,71.11,0.7368,-1,-1,-1
44,18,1010.33,88.70,36.29,52.71,0.7485,-1,-1,-1
44,17,701.52,297.39,60.05,104.14,0.7676,-1,-1,-1
44,16,556.55,460.30,73.70,109.65,0.7994,-1,-1,-1
44,15,1070.31,80.46,38.67,62.95,0.8400,-1,-1,-1
44,14,617.85,272.69,56.30,97.24,0.8428,-1,-1,-1
44,13,517.09,472.34,93.49,148.38,0.8432,-1,-1,-1
44,12,418.00,570.39,126.64,152.91,0.8593,-1,-1,-1
44,11,773.80,270.44,61.13,90.84,0.8620,-1,-1,-1
44,10,873.34,198.87,53.06,88.42,0.8627,-1,-1,-1
44,9,846.02,196.53,39.09,82.71,0.8667,-1,-1,-1
44,7,427.85,692.14,123.18,131.75,0.8725,-1,-1,-1
44,6,306.12,442.15,72.79,126.27,0.8856,-1,-1,-1
44,5,204.13,201.97,59.47,83.72,0.8927,-1,-1,-1
44,4,776.51,328.17,62.35,117.65,0.8931,-1,-1,-1
44,3,355.97,501.40,74.42,149.71,0.9257,-1,-1,-1
44,2,669.30,780.62,182.82,129.02,0.9407,-1,-1,-1
44,1,168.71,507.64,95.40,151.99,0.9408,-1,-1,-1
45,28,241.02,526.60,47.49,114.57,0.6150,-1,-1,-1
45,27,1.30,603.56,128.35,166.52,0.5080,-1,-1,-1
45,26,0.23,765.22,138.07,313.08,0.5472,-1,-1,-1
45,24,0.79,678.73,152.82,292.59,0.5168,-1,-1,-1
45,22,616.36,868.88,92.78,54.13,0.5143,-1,-1,-1
45,21,616.29,764.84,98.83,158.47,0.5588,-1,-1,-1
45,20,1502.12,99.40,38.12,35.44,0.7229,-1,-1,-1
45,19,1006.76,127.26,46.02,70.11,0.7368,-1,-1,-1
45,18,1010.42,90.19,35.25,51.52,0.7485,-1,-1,-1
45,17,702.03,298.28,59.89,103.19,0.7676,-1,-1,-1
45,16,556.71,459.53,74.30,110.30,0.7994,-1,-1,-1
45,15,1072.12,79.91,37.09,63.29,0.8400,-1,-1,-1
45,14,614.64,273.65,58.38,100.34,0.8428,-1,-1,-1
45,13,519.12,471.80,94.19,147.25,0.8432,-1,-1,-1
45,12,418.81,575.67,126.53,148.71,0.8593,-1,-1,-1
45,11,773.83,271.47,59.92,90.84,0.8620,-1,-1,-1
45,10,875.82,196.82,50.63,90.00,0.8627,-1,-1,-1
45,9,847.30,195.83,40.05,79.88,0.8667,-1,-1,-1
45,7,427.45,650.13,124.84,174.24,0.8725,-1,-1,-1
45,6,308.22,441.28,72.76,126.61,0.8856,-1,-1,-1
45,5,207.42,201.07,58.36,83.73,0.8927,-1,-1,-1
45,4,776.95,331.45,62.79,111.15,0.8931,-1,-1,-1
45,3,361.28,498.59,66.83,149.67,0.9257,-1,-1,-1
45,2,670.08,785.06,180.79,124.48,0.9407,-1,-1,-1
45,1,170.78,505.04,92.41,152.67,0.9408,-1,-1,-1
46,31,270.03,588.60,64.33,87.88,0.5290,-1,-1,-1
46,28,238.84,531.75,46.75,112.24,0.6150,-1,-1,-1
46,27,1.28,602.51,129.95,167.57,0.5080,-1,-1,-1
46,26,1.92,778.26,155.55,188.09,0.5472,-1,-1,-1
46,24,0.30,785.27,139.34,293.59,0.5168,-1,-1,-1
46,22,614.24,874.45,94.86,50.04,0.5143,-1,-1,-1
46,21,614.03,766.82,100.50,157.95,0.5588,-1,-1,-1
46,20,1502.49,99.78,37.87,34.85,0.7229,-1,-1,-1
46,19,1007.87,126.56,45.38,71.45,0.7368,-1,-1,-1
46,18,1009.73,91.07,33.70,49.75,0.7485,-1,-1,-1
46,17,702.58,298.23,60.25,102.87,0.7676,-1,-1,-1
46,16,558.07,458.93,73.37,109.22,0.7994,-1,-1,-1
46,15,1072.42,79.57,36.78,63.17,0.8400,-1,-1,-1
46,14,613.21,274.71,56.62,99.00,0.8428,-1,-1,-1
46,13,519.35,470.61,97.00,147.62,0.8432,-1,-1,-1
46,12,418.85,581.65,124.33,143.55,0.8593,-1,-1,-1
46,11,773.92,272.08,59.73,92.57,0.8620,-1,-1,-1
46,10,870.40,197.25,53.77,90.49,0.8627,-1,-1,-1
46,9,848.85,196.89,35.73,73.95,0.8667,-1,-1,-1
46,7,429.88,648.35,124.33,176.27,0.8725,-1,-1,-1
46,6,308.81,440.59,72.59,126.82,0.8856,-1,-1,-1
46,5,209.06,201.18,58.19,84.48,0.8927,-1,-1,-1
46,4,778.82,331.75,61.31,109.93,0.8931,-1,-1,-1
46,3,364.36,497.96,65.19,149.66,0.9257,-1,-1,-1
46,2,670.27,786.27,180.13,124.10,0.9407,-1,-1,-1
46,1,173.91,504.87,89.60,151.75,0.9408,-1,-1,-1
47,31,262.96,591.04,69.01,87.90,0.5290,-1,-1,-1
47,27,8.01,601.65,125.31,164.94,0.5080,-1,-1,-1
47,26,8.22,771.67,152.79,188.87,0.5472,-1,-1,-1
47,24,0.00,773.68,142.77,286.13,0.5168,-1,-1,-1
47,22,618.17,874.89,92.47,48.97,0.5143,-1,-1,-1
47,21,618.32,766.03,101.07,157.84,0.5588,-1,-1,-1
47,20,1501.98,97.91,37.72,36.18,0.7229,-1,-1,-1
47,19,1008.30,123.75,42.53,74.97,0.7368,-1,-1,-1
47,18,1009.52,91.02,35.10,50.48,0.7485,-1,-1,-1
47,17,703.44,298.73,61.69,103.14,0.7676,-1,-1,-1
47,16,558.00,458.26,74.80,108.91,0.7994,-1,-1,-1
47,15,1071.68,81.24,36.89,62.26,0.8400,-1,-1,-1
47,14,610.22,274.74,58.89,99.56,0.8428,-1,-1,-1
47,13,521.17,471.44,96.93,145.95,0.8432,-1,-1,-1
47,12,422.97,580.28,124.75,142.33,0.8593,-1,-1,-1
47,11,772.76,271.63,61.37,93.79,0.8620,-1,-1,-1
47,10,869.81,196.88,54.99,90.98,0.8627,-1,-1,-1
47,9,849.16,196.14,37.33,73.59,0.8667,-1,-1,-1
47,7,430.11,637.58,127.91,187.70,0.8725,-1,-1,-1
47,6,308.59,440.79,76.30,127.38,0.8856,-1,-1,-1
47,5,209.69,199.57,57.82,85.18,0.8927,-1,-1,-1
47,4,777.65,323.51,62.59,117.06,0.8931,-1,-1,-1
47,3,366.52,496.95,72.17,150.26,0.9257,-1,-1,-1
47,2,669.60,784.69,179.85,127.10,0.9407,-1,-1,-1
47,1,179.18,503.62,100.00,148.99,0.9408,-1,-1,-1
48,31,259.78,578.04,72.08,102.03,0.5290,-1,-1,-1
48,27,11.18,602.04,123.87,164.81,0.5080,-1,-1,-1
48,26,11.01,768.53,153.19,187.91,0.5472,-1,-1,-1
48,25,433.64,725.78,122.92,96.68,0.7887,-1,-1,-1
48,24,0.00,767.17,146.17,297.73,0.5168,-1,-1,-1
48,22,615.41,864.05,101.33,60.92,0.5143,-1,-1,-1
48,21,618.50,766.12,105.62,158.06,0.5588,-1,-1,-1
48,20,1502.40,98.32,36.76,35.85,0.7229,-1,-1,-1
48,19,1007.93,115.41,41.80,84.27,0.7368,-1,-1,-1
48,18,1008.97,89.62,36.80,52.87,0.7485,-1,-1,-1
48,17,703.42,297.88,61.79,104.15,0.7676,-1,-1,-1
48,16,559.64,459.15,72.70,106.00,0.7994,-1,-1,-1
48,15,1071.93,81.17,37.05,62.39,0.8400,-1,-1,-1
48,14,608.36,276.11,62.09,100.79,0.8428,-1,-1,-1
48,13,522.62,471.77,94.62,145.75,0.8432,-1,-1,-1
48,12,420.64,578.72,127.02,144.31,0.8593,-1,-1,-1
48,11,772.81,271.56,60.99,91.55,0.8620,-1,-1,-1
48,10,871.76,196.51,53.39,92.76,0.8627,-1,-1,-1
48,9,850.33,195.12,36.76,76.84,0.8667,-1,-1,-1
48,7,433.50,644.70,123.69,179.98,0.8725,-1,-1,-1
48,6,308.76,440.01,75.53,127.56,0.8856,-1,-1,-1
48,5,210.77,198.93,57.84,85.84,0.8927,-1,-1,-1
48,4,777.88,325.51,62.53,113.78,0.8931,-1,-1,-1
48,3,366.78,493.49,79.06,152.55,0.9257,-1,-1,-1
48,2,666.66,782.80,182.61,130.20,0.9407,-1,-1,-1
48,1,180.73,503.95,95.65,147.15,0.9408,-1,-1,-1
49,31,255.05,544.51,75.96,139.41,0.5290,-1,-1,-1
49,29,440.18,658.85,91.99,113.18,0.5282,-1,-1,-1
49,27,20.18,603.58,122.21,160.58,0.5080,-1,-1,-1
49,26,18.75,763.90,150.90,189.08,0.5472,-1,-1,-1
49,25,433.95,737.35,124.06,85.44,0.7887,-1,-1,-1
49,24,0.03,760.84,145.77,318.77,0.5168,-1,-1,-1
49,22,618.89,865.39,91.84,59.87,0.5143,-1,-1,-1
49,20,1501.01,98.53,37.84,35.83,0.7229,-1,-1,-1
49,19,1008.34,120.65,42.69,79.10,0.7368,-1,-1,-1
49,18,1007.70,90.89,31.96,51.03,0.7485,-1,-1,-1
49,17,704.55,298.07,61.06,102.83,0.7676,-1,-1,-1
49,16,559.88,456.07,71.51,108.61,0.7994,-1,-1,-1
49,15,1073.71,80.06,36.12,63.20,0.8400,-1,-1,-1
49,14,604.57,279.25,62.81,99.73,0.8428,-1,-1,-1
49,13,525.18,471.54,96.91,143.99,0.8432,-1,-1,-1
49,12,436.70,572.24,112.52,150.25,0.8593,-1,-1,-1
49,11,772.96,271.91,60.39,90.03,0.8620,-1,-1,-1
49,10,870.50,195.79,55.56,92.75,0.8627,-1,-1,-1
49,9,852.61,194.37,37.78,82.49,0.8667,-1,-1,-1
49,7,436.59,632.49,121.68,191.44,0.8725,-1,-1,-1
49,6,308.08,440.34,77.14,126.17,0.8856,-1,-1,-1
49,5,214.87,199.40,55.46,85.29,0.8927,-1,-1,-1
49,4,779.88,327.72,61.22,113.30,0.8931,-1,-1,-1
49,3,370.67,493.85,75.04,147.96,0.9257,-1,-1,-1
49,2,666.12,790.05,183.23,123.95,0.9407,-1,-1,-1
49,1,184.23,503.92,98.13,143.54,0.9408,-1,-1,-1
50,31,250.34,554.48,76.03,131.18,0.5290,-1,-1,-1
50,27,19.56,602.50,124.73,163.28,0.5080,-1,-1,-1
50,26,19.65,763.40,151.72,187.81,0.5472,-1,-1,-1
50,25,434.74,731.57,123.80,91.08,0.7887,-1,-1,-1
50,24,0.03,776.45,148.02,302.65,0.5168,-1,-1,-1
50,22,619.76,865.58,86.95,59.95,0.5143,-1,-1,-1
50,20,1500.35,98.01,36.79,35.97,0.7229,-1,-1,-1
50,19,1008.23,122.53,43.03,77.15,0.7368,-1,-1,-1
50,18,1006.04,92.05,28.31,49.61,0.7485,-1,-1,-1
50,17,704.31,298.31,61.34,102.26,0.7676,-1,-1,-1
50,16,560.66,457.02,71.20,108.42,0.7994,-1,-1,-1
50,15,1073.72,80.54,36.34,62.56,0.8400,-1,-1,-1
50,14,601.84,279.44,65.14,100.36,0.8428,-1,-1,-1
50,13,526.50,471.14,96.46,143.39,0.8432,-1,-1,-1
50,12,437.02,573.04,113.86,148.89,0.8593,-1,-1,-1
50,11,772.93,271.32,59.49,89.90,0.8620,-1,-1,-1
50,10,867.66,196.01,59.24,93.42,0.8627,-1,-1,-1
50,9,853.38,194.89,36.03,74.88,0.8667,-1,-1,-1
50,7,436.88,598.13,122.04,225.84,0.8725,-1,-1,-1
50,6,305.91,439.37,79.33,126.73,0.8856,-1,-1,-1
50,5,215.97,199.22,54.76,85.04,0.8927,-1,-1,-1
50,4,778.71,314.99,63.43,124.90,0.8931,-1,-1,-1
50,3,370.93,491.93,69.22,146.45,0.9257,-1,-1,-1
50,2,666.08,785.92,183.71,128.23,0.9407,-1,-1,-1
50,1,186.20,501.30,97.15,145.99,0.9408,-1,-1,-1
51,31,246.98,592.24,74.73,101.09,0.5290,-1,-1,-1
51,27,24.10,602.92,126.62,160.35,0.5080,-1,-1,-1
51,26,27.87,761.22,147.34,188.31,0.5472,-1,-1,-1
51,25,438.85,747.82,122.48,74.30,0.7887,-1,-1,-1
51,24,0.08,785.05,152.59,293.94,0.5168,-1,-1,-1
51,22,619.07,869.52,86.69,55.51,0.5143,-1,-1,-1
51,20,1500.15,97.25,36.02,36.77,0.7229,-1,-1,-1
51,19,1007.17,121.86,43.93,78.80,0.7368,-1,-1,-1
51,18,1005.45,94.95,31.32,49.82,0.7485,-1,-1,-1
51,17,703.96,298.74,59.28,100.62,0.7676,-1,-1,-1
51,16,562.80,455.92,68.06,110.06,0.7994,-1,-1,-1
51,15,1075.10,80.57,34.83,61.82,0.8400,-1,-1,-1
51,14,599.11,278.69,66.88,104.75,0.8428,-1,-1,-1
51,13,527.45,471.78,91.12,143.02,0.8432,-1,-1,-1
51,12,445.20,572.36,105.56,147.67,0.8593,-1,-1,-1
51,11,772.97,269.72,57.35,91.98,0.8620,-1,-1,-1
51,10,870.42,196.05,57.95,93.09,0.8627,-1,-1,-1
51,9,853.89,194.82,37.79,78.34,0.8667,-1,-1,-1
51,6,304.43,440.35,79.77,126.02,0.8856,-1,-1,-1
51,5,215.66,198.05,56.59,86.55,0.8927,-1,-1,-1
51,4,780.18,322.72,61.40,106.88,0.8931,-1,-1,-1
51,3,372.28,489.98,71.10,147.42,0.9257,-1,-1,-1
51,2,665.95,792.14,183.49,122.99,0.9407,-1,-1,-1
51,1,188.38,500.05,97.94,146.25,0.9408,-1,-1,-1
52,31,244.85,551.01,74.61,142.53,0.5290,-1,-1,-1
52,27,25.82,602.74,126.62,159.00,0.5080,-1,-1,-1
52,26,40.49,758.50,138.10,190.50,0.5472,-1,-1,-1
52,25,439.83,740.24,122.06,81.09,0.7887,-1,-1,-1
52,24,0.00,752.02,152.86,326.64,0.5168,-1,-1,-1
52,22,617.72,872.10,87.31,53.46,0.5143,-1,-1,-1
52,21,617.89,766.87,91.97,158.58,0.5588,-1,-1,-1
52,20,1500.11,98.20,34.86,35.56,0.7229,-1,-1,-1
52,19,1008.14,126.43,43.90,73.92,0.7368,-1,-1,-1
52,18,1005.22,92.40,29.11,52.23,0.7485,-1,-1,-1
52,17,704.29,298.12,58.92,100.21,0.7676,-1,-1,-1
52,16,562.54,454.62,68.96,110.49,0.7994,-1,-1,-1
52,15,1075.35,80.53,36.26,61.12,0.8400,-1,-1,-1
52,14,597.42,282.15,66.52,99.78,0.8428,-1,-1,-1
52,13,529.22,470.90,89.27,143.31,0.8432,-1,-1,-1
52,12,441.25,569.29,108.41,150.17,0.8593,-1,-1,-1
52,11,772.70,269.37,58.61,91.63,0.8620,-1,-1,-1
52,10,869.97,195.65,58.74,92.97,0.8627,-1,-1,-1
52,9,854.84,194.32,38.33,79.03,0.8667,-1,-1,-1
52,6,304.19,439.42,80.42,126.40,0.8856,-1,-1,-1
52,5,217.97,199.19,55.30,85.75,0.8927,-1,-1,-1
52,4,780.71,324.67,61.24,109.91,0.8931,-1,-1,-1
52,3,374.88,488.37,71.34,149.00,0.9257,-1,-1,-1
52,2,665.73,793.14,183.58,121.55,0.9407,-1,-1,-1
52,1,190.82,500.20,96.58,145.13,0.9408,-1,-1,-1
53,31,237.65,544.53,73.87,153.99,0.5290,-1,-1,-1
53,27,30.30,599.43,125.86,162.60,0.5080,-1,-1,-1
53,26,43.51,758.14,138.75,190.91,0.5472,-1,-1,-1
53,24,0.00,737.76,153.08,338.72,0.5168,-1,-1,-1
53,22,616.77,860.51,89.29,65.26,0.5143,-1,-1,-1
53,21,616.63,770.51,95.67,154.94,0.5588,-1,-1,-1
53,20,1500.47,97.30,34.18,36.43,0.7229,-1,-1,-1
53,19,1009.86,125.26,41.94,74.56,0.7368,-1,-1,-1
53,18,1003.48,95.26,27.93,49.74,0.7485,-1,-1,-1
53,17,705.54,295.19,61.45,102.96,0.7676,-1,-1,-1
53,16,564.39,453.41,66.08,107.67,0.7994,-1,-1,-1
53,15,1074.73,79.02,36.97,62.87,0.8400,-1,-1,-1
53,14,595.42,280.77,69.06,104.60,0.8428,-1,-1,-1
53,13,531.50,470.41,91.93,142.06,0.8432,-1,-1,-1
53,12,443.60,567.46,107.63,152.89,0.8593,-1,-1,-1
53,11,772.55,269.99,59.21,91.68,0.8620,-1,-1,-1
53,10,870.53,196.62,57.81,91.55,0.8627,-1,-1,-1
53,9,854.91,194.82,36.29,71.59,0.8667,-1,-1,-1
53,6,306.36,437.62,79.36,127.59,0.8856,-1,-1,-1
53,5,217.37,199.08,56.36,86.85,0.8927,-1,-1,-1
53,4,779.93,316.19,61.30,108.79,0.8931,-1,-1,-1
53,3,375.99,485.04,76.81,151.07,0.9257,-1,-1,-1
53,2,665.40,780.82,182.83,134.49,0.9407,-1,-1,-1
53,1,198.73,500.27,95.85,142.78,0.9408,-1,-1,-1
54,31,228.31,564.61,81.37,137.82,0.5290,-1,-1,-1
54,27,33.38,600.62,123.67,160.29,0.5080,-1,-1,-1
54,26,45.32,758.05,138.44,188.56,0.5472,-1,-1,-1
54,24,0.38,760.62,158.74,317.14,0.5168,-1,-1,-1
54,22,616.89,859.68,88.03,66.30,0.5143,-1,-1,-1
54,21,616.79,769.38,95.41,156.16,0.5588,-1,-1,-1
54,20,1500.02,96.98,35.53,37.13,0.7229,-1,-1,-1
54,19,1010.20,125.57,42.53,74.39,0.7368,-1,-1,-1
54,18,1002.56,95.81,28.16,51.26,0.7485,-1,-1,-1
54,17,706.65,294.89,59.97,102.50,0.7676,-1,-1,-1
54,16,561.08,453.49,70.83,108.79,0.7994,-1,-1,-1
54,15,1075.24,80.17,36.75,62.02,0.8400,-1,-1,-1
54,14,593.72,283.12,66.10,102.23,0.8428,-1,-1,-1
54,13,532.44,470.05,90.59,142.46,0.8432,-1,-1,-1
54,12,445.31,565.62,105.45,153.85,0.8593,-1,-1,-1
54,11,772.09,269.59,59.71,92.57,0.8620,-1,-1,-1
54,10,872.30,194.53,55.89,93.62,0.8627,-1,-1,-1
54,9,855.86,192.52,38.00,80.90,0.8667,-1,-1,-1
54,7,443.32,612.24,118.15,212.17,0.8725,-1,-1,-1
54,6,308.62,436.60,75.99,128.44,0.8856,-1,-1,-1
54,5,219.52,198.30,55.62,86.55,0.8927,-1,-1,-1
54,4,780.13,319.82,62.20,114.69,0.8931,-1,-1,-1
54,3,377.22,483.17,74.33,150.83,0.9257,-1,-1,-1
54,2,666.13,784.08,181.36,132.19,0.9407,-1,-1,-1
54,1,203.06,499.98,93.12,141.62,0.9408,-1,-1,-1
55,31,205.15,560.76,101.01,146.70,0.5290,-1,-1,-1
55,27,36.62,599.83,124.00,159.18,0.5080,-1,-1,-1
55,26,46.02,754.98,139.90,191.02,0.5472,-1,-1,-1
55,24,0.63,786.93,162.68,293.07,0.5168,-1,-1,-1
55,20,1500.00,96.91,36.53,36.98,0.7229,-1,-1,-1
55,19,1010.24,125.97,43.19,73.72,0.7368,-1,-1,-1
55,18,1002.60,93.73,27.82,53.89,0.7485,-1,-1,-1
55,17,706.67,295.97,61.07,101.43,0.7676,-1,-1,-1
55,16,560.43,451.78,71.64,112.21,0.7994,-1,-1,-1
55,15,1076.66,79.62,35.13,62.10,0.8400,-1,-1,-1
55,14,592.43,283.19,65.04,103.57,0.8428,-1,-1,-1
55,13,532.42,468.67,92.06,143.50,0.8432,-1,-1,-1
55,12,421.35,567.87,135.71,150.83,0.8593,-1,-1,-1
55,11,771.75,269.78,59.07,94.46,0.8620,-1,-1,-1
55,10,865.51,193.89,62.07,94.48,0.8627,-1,-1,-1
55,9,857.41,193.55,40.04,84.44,0.8667,-1,-1,-1
55,7,445.03,620.73,120.22,203.94,0.8725,-1,-1,-1
55,6,310.61,436.50,74.58,128.23,0.8856,-1,-1,-1
55,5,220.18,197.23,55.38,85.09,0.8927,-1,-1,-1
55,4,781.46,322.53,62.01,110.47,0.8931,-1,-1,-1
55,3,383.41,481.50,74.40,149.24,0.9257,-1,-1,-1
55,2,665.73,785.45,182.18,131.37,0.9407,-1,-1,-1
55,1,204.20,500.37,95.48,137.26,0.9408,-1,-1,-1
56,31,202.10,564.70,100.83,145.91,0.5290,-1,-1,-1
56,27,37.74,598.59,125.06,160.99,0.5080,-1,-1,-1
56,26,48.77,753.67,140.64,189.49,0.5472,-1,-1,-1
56,24,0.24,779.79,164.73,300.21,0.5168,-1,-1,-1
56,20,1500.11,97.71,36.80,36.26,0.7229,-1,-1,-1
56,19,1011.10,126.06,41.94,73.98,0.7368,-1,-1,-1
56,18,1002.20,94.82,26.77,51.88,0.7485,-1,-1,-1
56,17,707.11,296.09,60.04,101.07,0.7676,-1,-1,-1
56,16,560.87,449.87,70.03,114.50,0.7994,-1,-1,-1
56,15,1076.24,79.74,35.73,62.28,0.8400,-1,-1,-1
56,14,589.86,283.01,52.14,99.02,0.8428,-1,-1,-1
56,13,534.09,464.48,91.66,146.50,0.8432,-1,-1,-1
56,12,441.61,566.89,111.51,152.03,0.8593,-1,-1,-1
56,11,771.64,270.43,56.53,95.88,0.8620,-1,-1,-1
56,10,863.19,193.62,64.15,95.11,0.8627,-1,-1,-1
56,9,858.22,193.47,45.69,89.93,0.8667,-1,-1,-1
56,7,446.25,688.74,119.95,134.40,0.8725,-1,-1,-1
56,6,310.67,437.19,74.37,125.70,0.8856,-1,-1,-1
56,5,221.54,197.76,55.74,83.60,0.8927,-1,-1,-1
56,4,783.16,319.64,60.62,110.80,0.8931,-1,-1,-1
56,3,385.18,481.33,76.37,147.19,0.9257,-1,-1,-1
56,2,666.55,776.35,180.71,141.47,0.9407,-1,-1,-1
56,1,201.21,500.42,102.45,138.78,0.9408,-1,-1,-1
57,31,191.15,566.57,106.85,149.94,0.5290,-1,-1,-1
57,27,42.99,596.81,123.59,161.60,0.5080,-1,-1,-1
57,26,50.61,751.65,143.03,190.44,0.5472,-1,-1,-1
57,20,1499.94,98.35,36.93,35.35,0.7229,-1,-1,-1
57,19,1011.27,125.57,42.74,74.65,0.7368,-1,-1,-1
57,18,1001.64,97.08,26.46,51.78,0.7485,-1,-1,-1
57,17,707.21,295.86,60.68,101.02,0.7676,-1,-1,-1
57,16,567.10,447.23,65.67,116.22,0.7994,-1,-1,-1
57,15,1076.59,79.27,35.48,63.23,0.8400,-1,-1,-1
57,14,588.69,287.47,54.37,96.72,0.8428,-1,-1,-1
57,13,536.64,463.78,92.31,145.37,0.8432,-1,-1,-1
57,12,417.54,560.44,138.57,156.77,0.8593,-1,-1,-1
57,11,770.90,270.39,58.15,99.85,0.8620,-1,-1,-1
57,10,866.89,191.80,61.46,96.97,0.8627,-1,-1,-1
57,9,859.17,191.96,38.35,84.57,0.8667,-1,-1,-1
57,6,311.31,435.87,70.84,126.82,0.8856,-1,-1,-1
57,5,222.47,197.21,56.26,83.55,0.8927,-1,-1,-1
57,4,785.74,328.09,60.72,103.19,0.8931,-1,-1,-1
57,3,390.59,478.99,76.76,150.31,0.9257,-1,-1,-1
57,2,665.23,777.83,181.20,139.89,0.9407,-1,-1,-1
57,1,209.22,500.91,97.00,136.81,0.9408,-1,-1,-1
58,31,186.79,568.90,107.57,148.49,0.5290,-1,-1,-1
58,27,46.92,596.21,123.10,161.16,0.5080,-1,-1,-1
58,26,49.87,757.85,144.56,183.88,0.5472,-1,-1,-1
58,25,449.39,611.94,119.85,209.50,0.7887,-1,-1,-1
58,20,1499.47,97.87,38.10,36.34,0.7229,-1,-1,-1
58,19,1011.82,126.04,41.65,72.87,0.7368,-1,-1,-1
58,18,1000.25,96.77,27.70,53.83,0.7485,-1,-1,-1
58,17,707.15,295.84,62.73,101.27,0.7676,-1,-1,-1
58,16,564.81,446.76,67.15,115.15,0.7994,-1,-1,-1
58,15,1077.78,80.07,34.65,62.45,0.8400,-1,-1,-1
58,14,588.39,287.08,59.16,101.30,0.8428,-1,-1,-1
58,13,538.36,457.99,95.34,150.84,0.8432,-1,-1,-1
58,12,416.20,558.42,60.68,131.71,0.8593,-1,-1,-1
58,11,770.93,270.56,57.16,96.42,0.8620,-1,-1,-1
58,10,866.10,191.51,62.59,97.27,0.8627,-1,-1,-1
58,9,860.74,192.00,42.68,89.73,0.8667,-1,-1,-1
58,6,311.74,436.18,73.82,125.67,0.8856,-1,-1,-1
58,5,224.22,196.42,55.56,85.49,0.8927,-1,-1,-1
58,4,785.62,326.60,62.00,104.09,0.8931,-1,-1,-1
58,3,393.43,475.56,74.10,152.14,0.9257,-1,-1,-1
58,2,664.90,787.86,182.11,129.47,0.9407,-1,-1,-1
58,1,211.92,500.36,98.01,137.85,0.9408,-1,-1,-1
59,34,0.10,693.15,143.70,321.80,0.5488,-1,-1,-1
59,31,180.83,572.06,104.82,148.54,0.5290,-1,-1,-1
59,27,51.97,596.26,119.44,160.48,0.5080,-1,-1,-1
59,26,54.03,758.36,142.62,184.70,0.5472,-1,-1,-1
59,25,449.90,608.18,119.35,212.15,0.7887,-1,-1,-1
59,20,1499.21,97.05,34.70,36.97,0.7229,-1,-1,-1
59,19,1012.02,126.25,42.03,72.36,0.7368,-1,-1,-1
59,18,999.77,96.54,26.08,50.98,0.7485,-1,-1,-1
59,17,707.73,296.01,63.12,101.24,0.7676,-1,-1,-1
59,16,569.64,448.25,63.27,111.57,0.7994,-1,-1,-1
59,15,1078.00,81.65,34.39,60.57,0.8400,-1,-1,-1
59,14,584.44,289.48,61.41,101.34,0.8428,-1,-1,-1
59,13,539.88,457.13,94.79,150.78,0.8432,-1,-1,-1
59,12,417.05,561.80,62.06,152.71,0.8593,-1,-1,-1
59,11,770.57,270.22,56.24,96.64,0.8620,-1,-1,-1
59,10,864.30,191.44,67.19,96.50,0.8627,-1,-1,-1
59,6,312.18,435.25,76.03,126.63,0.8856,-1,-1,-1
59,5,226.54,195.58,55.59,85.27,0.8927,-1,-1,-1
59,4,786.78,316.09,63.00,114.46,0.8931,-1,-1,-1
59,3,396.35,475.02,72.17,151.45,0.9257,-1,-1,-1
59,2,664.29,780.20,182.67,137.64,0.9407,-1,-1,-1
59,1,216.17,497.87,91.40,137.27,0.9408,-1,-1,-1
60,34,0.07,656.24,147.75,358.90,0.5488,-1,-1,-1
60,31,176.73,572.00,106.19,152.13,0.5290,-1,-1,-1
60,27,54.52,595.75,118.37,159.39,0.5080,-1,-1,-1
60,26,51.86,748.39,147.86,193.47,0.5472,-1,-1,-1
60,25,451.72,643.98,117.10,175.09,0.7887,-1,-1,-1
60,20,1499.12,97.58,34.93,36.12,0.7229,-1,-1,-1
60,19,1011.52,126.03,42.69,72.75,0.7368,-1,-1,-1
60,18,998.91,98.22,25.94,51.67,0.7485,-1,-1,-1
60,17,708.16,296.27,63.83,100.55,0.7676,-1,-1,-1
60,16,569.68,448.64,64.32,113.05,0.7994,-1,-1,-1
60,15,1077.80,80.74,35.00,61.52,0.8400,-1,-1,-1
60,14,581.79,291.47,64.46,101.39,0.8428,-1,-1,-1
60,13,541.25,453.77,93.79,153.76,0.8432,-1,-1,-1
60,12,416.05,562.72,62.96,147.58,0.8593,-1,-1,-1
60,11,770.32,270.66,42.35,95.09,0.8620,-1,-1,-1
60,10,865.16,190.34,66.93,97.26,0.8627,-1,-1,-1
60,8,462.05,562.24,98.58,154.59,0.8699,-1,-1,-1
60,6,312.82,434.87,74.23,127.49,0.8856,-1,-1,-1
60,5,227.53,196.93,55.06,84.21,0.8927,-1,-1,-1
60,4,787.92,295.14,62.78,135.47,0.8931,-1,-1,-1
60,3,397.52,474.58,71.97,150.32,0.9257,-1,-1,-1
60,2,663.56,779.05,183.29,139.31,0.9407,-1,-1,-1
60,1,217.65,495.07,90.34,142.17,0.9408,-1,-1,-1
61,34,0.09,671.05,159.16,348.07,0.5488,-1,-1,-1
61,31,174.95,576.04,105.97,150.83,0.5290,-1,-1,-1
61,27,58.41,594.72,117.08,161.48,0.5080,-1,-1,-1
61,26,51.52,760.77,153.19,180.23,0.5472,-1,-1,-1
61,25,452.83,608.04,118.45,210.25,0.7887,-1,-1,-1
61,21,611.34,772.49,98.40,150.67,0.5588,-1,-1,-1
61,20,1498.55,96.19,35.94,37.90,0.7229,-1,-1,-1
61,19,1011.00,126.23,42.48,72.25,0.7368,-1,-1,-1
61,18,997.54,97.92,25.78,53.95,0.7485,-1,-1,-1
61,17,708.64,296.15,63.24,101.10,0.7676,-1,-1,-1
61,16,568.23,446.56,67.14,112.27,0.7994,-1,-1,-1
61,15,1078.30,80.60,35.00,61.10,0.8400,-1,-1,-1
61,14,581.44,293.99,62.95,101.82,0.8428,-1,-1,-1
61,13,542.45,451.41,93.83,157.21,0.8432,-1,-1,-1
61,12,416.65,559.40,65.73,149.12,0.8593,-1,-1,-1
61,11,769.74,271.38,41.68,93.62,0.8620,-1,-1,-1
61,10,869.56,191.44,63.46,96.11,0.8627,-1,-1,-1
61,8,458.47,558.74,106.88,157.56,0.8699,-1,-1,-1
61,6,313.95,434.97,76.23,126.45,0.8856,-1,-1,-1
61,5,229.02,196.05,54.49,83.35,0.8927,-1,-1,-1
61,4,788.86,308.43,63.97,121.83,0.8931,-1,-1,-1
61,3,399.15,473.27,73.78,143.46,0.9257,-1,-1,-1
61,2,661.98,779.06,182.96,139.64,0.9407,-1,-1,-1
61,1,220.15,492.80,92.45,145.32,0.9408,-1,-1,-1
62,34,0.29,657.03,158.13,358.99,0.5488,-1,-1,-1
62,31,173.07,576.72,103.13,151.13,0.5290,-1,-1,-1
62,27,64.05,595.23,112.74,160.15,0.5080,-1,-1,-1
62,26,63.38,761.40,142.78,179.66,0.5472,-1,-1,-1
62,25,453.53,639.30,117.83,178.81,0.7887,-1,-1,-1
62,20,1499.35,96.87,35.54,36.95,0.7229,-1,-1,-1
62,19,1011.63,126.57,43.00,72.04,0.7368,-1,-1,-1
62,18,998.21,99.36,25.93,53.80,0.7485,-1,-1,-1
62,17,709.35,295.68,62.61,100.62,0.7676,-1,-1,-1
62,16,556.98,446.84,78.72,111.43,0.7994,-1,-1,-1
62,15,1078.55,80.40,35.79,60.99,0.8400,-1,-1,-1
62,14,578.45,293.87,65.13,103.24,0.8428,-1,-1,-1
62,13,544.45,447.91,94.48,160.92,0.8432,-1,-1,-1
62,12,416.55,559.33,68.14,151.28,0.8593,-1,-1,-1
62,11,769.65,272.23,38.75,92.03,0.8620,-1,-1,-1
62,10,871.70,193.14,61.27,94.27,0.8627,-1,-1,-1
62,8,456.67,560.83,108.94,154.61,0.8699,-1,-1,-1
62,6,315.13,434.21,77.05,127.64,0.8856,-1,-1,-1
62,5,229.47,195.78,56.19,84.02,0.8927,-1,-1,-1
62,4,788.63,315.83,65.03,114.05,0.8931,-1,-1,-1
62,3,399.65,472.39,74.90,140.06,0.9257,-1,-1,-1
62,2,661.01,780.56,183.98,138.11,0.9407,-1,-1,-1
62,1,223.01,491.84,94.77,145.96,0.9408,-1,-1,-1
63,34,0.13,675.21,160.27,343.26,0.5488,-1,-1,-1
63,31,171.85,580.65,97.68,152.23,0.5290,-1,-1,-1
63,27,65.70,591.96,115.20,162.64,0.5080,-1,-1,-1
63,26,63.94,763.53,143.37,176.81,0.5472,-1,-1,-1
63,25,453.84,624.21,118.59,194.30,0.7887,-1,-1,-1
63,20,1499.31,96.07,35.71,37.73,0.7229,-1,-1,-1
63,19,1011.78,127.56,42.32,70.93,0.7368,-1,-1,-1
63,18,996.77,101.80,25.89,51.18,0.7485,-1,-1,-1
63,17,709.59,293.63,62.84,102.20,0.7676,-1,-1,-1
63,16,569.47,445.52,66.82,114.41,0.7994,-1,-1,-1
63,15,1078.66,80.10,35.83,60.96,0.8400,-1,-1,-1
63,14,577.11,295.84,63.42,103.51,0.8428,-1,-1,-1
63,13,546.26,455.53,93.04,153.94,0.8432,-1,-1,-1
63,12,418.04,554.60,69.04,153.59,0.8593,-1,-1,-1
63,11,769.96,271.88,37.75,91.88,0.8620,-1,-1,-1
63,10,871.75,192.45,61.47,94.30,0.8627,-1,-1,-1
63,9,864.18,191.95,42.19,86.98,0.8667,-1,-1,-1
63,8,475.72,557.98,93.86,156.20,0.8699,-1,-1,-1
63,6,316.11,434.45,77.00,127.70,0.8856,-1,-1,-1
63,5,229.66,196.21,55.79,81.56,0.8927,-1,-1,-1
63,4,790.22,294.51,62.36,133.87,0.8931,-1,-1,-1
63,3,403.22,470.31,72.02,138.98,0.9257,-1,-1,-1
63,2,660.52,783.80,182.81,136.37,0.9407,-1,-1,-1
63,1,225.19,492.35,95.67,144.86,0.9408,-1,-1,-1
64,34,0.19,694.43,153.61,318.86,0.5488,-1,-1,-1
64,31,169.82,581.69,96.12,152.57,0.5290,-1,-1,-1
64,27,68.05,587.95,111.15,165.90,0.5080,-1,-1,-1
64,26,69.77,761.77,138.77,178.95,0.5472,-1,-1,-1
64,25,454.25,636.07,119.08,182.16,0.7887,-1,-1,-1
64,20,1501.06,96.29,34.00,36.96,0.7229,-1,-1,-1
64,19,1012.50,127.52,41.26,70.85,0.7368,-1,-1,-1
64,18,996.09,101.23,26.14,51.68,0.7485,-1,-1,-1
64,17,710.56,294.60,63.06,101.04,0.7676,-1,-1,-1
64,16,557.12,446.48,79.72,109.81,0.7994,-1,-1,-1
64,15,1078.07,79.13,36.82,61.84,0.8400,-1,-1,-1
64,14,575.60,295.60,65.97,104.19,0.8428,-1,-1,-1
64,13,548.05,450.03,92.90,159.25,0.8432,-1,-1,-1
64,12,418.78,555.15,76.44,154.88,0.8593,-1,-1,-1
64,11,770.71,271.80,38.84,93.67,0.8620,-1,-1,-1
64,10,875.65,192.85,59.55,94.28,0.8627,-1,-1,-1
64,9,865.62,189.63,36.96,81.71,0.8667,-1,-1,-1
64,8,479.66,557.02,92.10,157.67,0.8699,-1,-1,-1
64,6,317.83,434.06,76.26,128.07,0.8856,-1,-1,-1
64,5,230.47,195.91,57.09,84.74,0.8927,-1,-1,-1
64,4,791.09,294.23,63.31,131.40,0.8931,-1,-1,-1
64,3,405.81,469.02,71.72,140.76,0.9257,-1,-1,-1
64,2,659.98,785.45,183.16,136.43,0.9407,-1,-1,-1
64,1,227.20,491.70,100.93,146.15,0.9408,-1,-1,-1
65,34,0.23,698.72,152.37,314.20,0.5488,-1,-1,-1
65,31,165.85,585.94,96.67,151.38,0.5290,-1,-1,-1
65,27,71.63,584.13,106.17,168.04,0.5080,-1,-1,-1
65,26,69.97,763.50,142.32,177.84,0.5472,-1,-1,-1
65,25,454.61,631.79,118.41,183.21,0.7887,-1,-1,-1
65,20,1500.32,95.90,34.14,37.04,0.7229,-1,-1,-1
65,19,1012.25,127.23,41.26,70.12,0.7368,-1,-1,-1
65,18,996.14,101.67,26.16,55.13,0.7485,-1,-1,-1
65,17,711.86,293.26,61.63,101.76,0.7676,-1,-1,-1
65,16,556.08,446.98,80.40,110.98,0.7994,-1,-1,-1
65,15,1079.56,79.84,35.72,60.85,0.8400,-1,-1,-1
65,14,574.03,297.31,65.39,104.19,0.8428,-1,-1,-1
65,13,549.51,448.60,92.22,160.70,0.8432,-1,-1,-1
65,12,419.71,550.21,72.05,156.93,0.8593,-1,-1,-1
65,11,770.75,271.04,42.45,94.17,0.8620,-1,-1,-1
65,10,874.33,191.24,62.23,96.30,0.8627,-1,-1,-1
65,9,866.07,188.75,37.13,79.55,0.8667,-1,-1,-1
65,8,481.15,555.00,92.27,158.27,0.8699,-1,-1,-1
65,6,318.65,432.60,76.43,129.26,0.8856,-1,-1,-1
65,5,231.44,195.14,57.55,84.30,0.8927,-1,-1,-1
65,4,794.24,311.08,61.13,113.08,0.8931,-1,-1,-1
65,3,408.38,467.77,70.80,135.89,0.9257,-1,-1,-1
65,2,659.46,784.34,182.50,137.13,0.9407,-1,-1,-1
65,1,229.63,492.81,100.22,144.66,0.9408,-1,-1,-1
66,34,0.21,697.96,157.23,313.63,0.5488,-1,-1,-1
66,31,164.65,588.27,96.68,152.04,0.5290,-1,-1,-1
66,27,74.77,584.37,102.81,166.98,0.5080,-1,-1,-1
66,26,73.64,765.29,141.53,177.00,0.5472,-1,-1,-1
66,25,455.10,631.81,118.66,183.22,0.7887,-1,-1,-1
66,20,1501.01,96.41,34.19,36.56,0.7229,-1,-1,-1
66,19,1012.84,127.00,40.63,70.52,0.7368,-1,-1,-1
66,18,994.87,103.12,26.38,52.90,0.7485,-1,-1,-1
66,17,711.61,292.28,63.56,102.62,0.7676,-1,-1,-1
66,16,556.15,446.48,80.28,108.98,0.7994,-1,-1,-1
66,15,1079.46,78.62,36.19,62.21,0.8400,-1,-1,-1
66,14,572.77,298.34,64.82,104.79,0.8428,-1,-1,-1
66,13,550.72,448.79,90.44,159.75,0.8432,-1,-1,-1
66,12,422.23,550.91,69.58,155.25,0.8593,-1,-1,-1
66,11,770.75,270.89,40.27,94.60,0.8620,-1,-1,-1
66,10,876.64,193.70,60.11,94.71,0.8627,-1,-1,-1
66,9,866.43,191.94,37.45,73.59,0.8667,-1,-1,-1
66,8,483.83,558.03,90.56,155.24,0.8699,-1,-1,-1
66,6,319.33,432.44,80.13,126.98,0.8856,-1,-1,-1
66,5,231.97,195.38,58.37,84.65,0.8927,-1,-1,-1
66,4,793.81,308.48,61.34,113.72,0.8931,-1,-1,-1
66,3,409.55,467.67,75.06,138.96,0.9257,-1,-1,-1
66,2,660.07,777.22,182.72,144.63,0.9407,-1,-1,-1
66,1,231.55,492.90,98.93,144.08,0.9408,-1,-1,-1
67,34,0.00,683.91,152.83,334.70,0.5488,-1,-1,-1
67,31,163.33,591.70,93.55,154.91,0.5290,-1,-1,-1
67,27,80.82,582.35,94.06,165.32,0.5080,-1,-1,-1
67,26,79.32,765.40,141.20,179.92,0.5472,-1,-1,-1
67,25,457.70,630.88,120.09,185.26,0.7887,-1,-1,-1
67,20,1501.94,95.74,31.79,37.14,0.7229,-1,-1,-1
67,19,1013.56,125.85,39.64,71.56,0.7368,-1,-1,-1
67,18,993.92,102.86,26.62,54.10,0.7485,-1,-1,-1
67,17,712.22,293.37,64.18,101.69,0.7676,-1,-1,-1
67,16,557.09,445.77,81.35,110.53,0.7994,-1,-1,-1
67,15,1079.20,77.04,36.79,63.40,0.8400,-1,-1,-1
67,14,570.01,300.04,67.36,105.60,0.8428,-1,-1,-1
67,13,552.07,449.76,91.98,159.09,0.8432,-1,-1,-1
67,12,422.75,551.66,70.54,153.13,0.8593,-1,-1,-1
67,11,770.85,270.11,43.43,93.48,0.8620,-1,-1,-1
67,10,872.99,190.93,64.39,96.90,0.8627,-1,-1,-1
67,8,487.33,558.11,88.45,153.35,0.8699,-1,-1,-1
67,6,320.23,431.32,81.14,128.00,0.8856,-1,-1,-1
67,5,232.28,193.44,60.84,87.61,0.8927,-1,-1,-1
67,4,793.89,303.66,62.72,117.68,0.8931,-1,-1,-1
67,3,412.83,464.00,78.13,138.79,0.9257,-1,-1,-1
67,2,660.74,778.95,181.31,144.60,0.9407,-1,-1,-1
67,1,233.06,492.60,100.35,143.03,0.9408,-1,-1,-1
68,34,0.00,675.96,156.21,345.65,0.5488,-1,-1,-1
68,31,163.59,593.06,91.05,155.02,0.5290,-1,-1,-1
68,27,84.95,580.88,92.73,167.82,0.5080,-1,-1,-1
68,26,81.74,765.22,140.87,178.81,0.5472,-1,-1,-1
68,25,458.46,631.72,118.43,183.57,0.7887,-1,-1,-1
68,20,1501.25,95.29,33.07,37.43,0.7229,-1,-1,-1
68,19,1014.17,125.38,38.57,71.69,0.7368,-1,-1,-1
68,18,993.43,103.69,27.21,54.08,0.7485,-1,-1,-1
68,17,712.64,293.38,63.91,101.59,0.7676,-1,-1,-1
68,16,555.11,445.36,83.89,109.10,0.7994,-1,-1,-1
68,15,1079.49,76.87,36.68,63.17,0.8400,-1,-1,-1
68,14,568.82,301.93,62.56,104.98,0.8428,-1,-1,-1
68,13,553.43,450.98,92.01,156.86,0.8432,-1,-1,-1
68,12,424.01,550.97,70.00,153.69,0.8593,-1,-1,-1
68,11,770.95,270.14,43.69,94.72,0.8620,-1,-1,-1
68,10,872.43,190.51,64.57,97.48,0.8627,-1,-1,-1
68,8,487.02,557.76,90.58,153.58,0.8699,-1,-1,-1
68,6,320.54,430.26,82.16,128.59,0.8856,-1,-1,-1
68,5,232.80,194.39,61.15,87.35,0.8927,-1,-1,-1
68,4,794.58,303.57,62.29,118.43,0.8931,-1,-1,-1
68,3,415.89,460.77,77.18,140.73,0.9257,-1,-1,-1
68,2,658.79,779.88,183.35,144.22,0.9407,-1,-1,-1
68,1,234.25,492.37,99.10,142.65,0.9408,-1,-1,-1
69,34,0.21,707.75,151.88,301.53,0.5488,-1,-1,-1
69,31,159.76,601.90,91.31,152.12,0.5290,-1,-1,-1
69,27,88.91,579.79,88.01,168.67,0.5080,-1,-1,-1
69,26,85.85,765.99,139.68,176.34,0.5472,-1,-1,-1
69,25,461.47,630.58,116.32,183.65,0.7887,-1,-1,-1
69,20,1501.59,97.09,32.36,35.54,0.7229,-1,-1,-1
69,19,1014.10,126.35,38.16,71.01,0.7368,-1,-1,-1
69,18,993.32,105.72,27.03,55.47,0.7485,-1,-1,-1
69,17,714.39,294.19,63.26,99.61,0.7676,-1,-1,-1
69,16,555.98,444.04,81.64,110.35,0.7994,-1,-1,-1
69,15,1080.41,76.93,35.03,61.90,0.8400,-1,-1,-1
69,14,567.19,303.07,63.76,104.72,0.8428,-1,-1,-1
69,13,554.32,449.22,90.56,158.37,0.8432,-1,-1,-1
69,12,427.38,548.96,68.06,155.13,0.8593,-1,-1,-1
69,11,771.85,269.80,43.35,95.05,0.8620,-1,-1,-1
69,10,872.96,189.41,63.19,98.84,0.8627,-1,-1,-1
69,8,489.04,560.11,91.64,150.68,0.8699,-1,-1,-1
69,6,321.92,431.03,81.13,124.51,0.8856,-1,-1,-1
69,5,234.88,195.86,59.98,83.51,0.8927,-1,-1,-1
69,4,797.39,307.34,58.82,112.67,0.8931,-1,-1,-1
69,3,419.25,458.16,80.62,145.37,0.9257,-1,-1,-1
69,2,660.18,781.00,182.43,143.10,0.9407,-1,-1,-1
69,1,239.03,492.11,94.43,142.97,0.9408,-1,-1,-1
70,34,0.27,688.44,159.50,323.05,0.5488,-1,-1,-1
70,31,156.46,603.75,93.77,152.75,0.5290,-1,-1,-1
70,27,90.67,578.36,86.32,168.92,0.5080,-1,-1,-1
70,26,85.82,766.40,141.54,175.97,0.5472,-1,-1,-1
70,25,462.11,633.36,116.29,181.53,0.7887,-1,-1,-1
70,20,1502.20,97.84,32.18,34.82,0.7229,-1,-1,-1
70,19,1013.25,126.09,39.89,70.65,0.7368,-1,-1,-1
70,18,992.57,105.41,28.18,57.81,0.7485,-1,-1,-1
70,17,713.70,292.67,65.71,101.48,0.7676,-1,-1,-1
70,16,557.84,443.55,79.49,111.68,0.7994,-1,-1,-1
70,15,1081.20,77.03,34.67,61.89,0.8400,-1,-1,-1
70,14,565.69,303.72,62.55,104.27,0.8428,-1,-1,-1
70,13,555.68,444.68,93.81,163.40,0.8432,-1,-1,-1
70,12,426.80,544.75,69.72,160.23,0.8593,-1,-1,-1
70,11,771.63,269.93,44.68,93.89,0.8620,-1,-1,-1
70,10,873.40,191.34,62.80,97.44,0.8627,-1,-1,-1
70,8,487.94,559.33,95.35,148.46,0.8699,-1,-1,-1
70,6,323.70,431.27,78.39,125.36,0.8856,-1,-1,-1
70,5,235.89,194.62,58.68,85.31,0.8927,-1,-1,-1
70,4,797.69,307.51,60.56,113.32,0.8931,-1,-1,-1
70,3,420.79,457.77,78.25,143.58,0.9257,-1,-1,-1
70,2,659.80,781.92,182.21,143.02,0.9407,-1,-1,-1
70,1,239.75,491.45,95.29,143.81,0.9408,-1,-1,-1
71,34,0.15,697.26,172.59,315.20,0.5488,-1,-1,-1
71,31,154.46,606.70,92.01,153.93,0.5290,-1,-1,-1
71,27,92.90,577.20,83.03,168.41,0.5080,-1,-1,-1
71,26,87.77,766.94,143.33,173.49,0.5472,-1,-1,-1
71,25,464.57,629.02,116.24,183.58,0.7887,-1,-1,-1
71,24,13.45,789.91,189.62,286.40,0.5168,-1,-1,-1
71,20,1502.01,96.91,31.81,35.60,0.7229,-1,-1,-1
71,19,1012.79,124.77,40.61,71.65,0.7368,-1,-1,-1
71,18,992.25,105.42,28.30,55.18,0.7485,-1,-1,-1
71,17,714.24,292.32,66.87,102.48,0.7676,-1,-1,-1
71,16,557.40,443.00,81.18,110.10,0.7994,-1,-1,-1
71,15,1081.55,77.38,34.24,61.53,0.8400,-1,-1,-1
71,14,564.74,306.60,63.29,103.57,0.8428,-1,-1,-1
71,13,555.94,447.84,95.77,161.26,0.8432,-1,-1,-1
71,12,430.55,542.98,66.55,160.82,0.8593,-1,-1,-1
71,11,771.73,269.67,44.80,94.12,0.8620,-1,-1,-1
71,10,874.32,190.99,61.52,97.66,0.8627,-1,-1,-1
71,8,490.40,560.94,93.16,148.30,0.8699,-1,-1,-1
71,6,324.03,430.72,82.05,125.81,0.8856,-1,-1,-1
71,5,237.16,195.54,59.77,83.95,0.8927,-1,-1,-1
71,4,799.50,307.04,61.39,112.42,0.8931,-1,-1,-1
71,3,423.14,457.00,78.03,142.41,0.9257,-1,-1,-1
71,2,660.05,781.79,183.09,144.25,0.9407,-1,-1,-1
71,1,240.93,489.97,94.52,145.09,0.9408,-1,-1,-1
72,31,151.60,606.04,91.79,158.60,0.5290,-1,-1,-1
72,27,93.79,574.14,79.76,169.46,0.5080,-1,-1,-1
72,26,88.33,768.74,148.02,172.10,0.5472,-1,-1,-1
72,25,465.36,628.80,115.36,183.69,0.7887,-1,-1,-1
72,24,11.96,784.69,192.06,291.16,0.5168,-1,-1,-1
72,20,1501.65,96.99,32.46,35.71,0.7229,-1,-1,-1
72,19,1012.79,124.25,40.35,73.27,0.7368,-1,-1,-1
72,18,990.52,104.52,29.30,57.01,0.7485,-1,-1,-1
72,17,715.04,292.49,66.13,102.15,0.7676,-1,-1,-1
72,16,558.22,442.98,79.67,109.95,0.7994,-1,-1,-1
72,15,1081.68,77.28,34.19,61.16,0.8400,-1,-1,-1
72,14,563.62,305.54,62.50,104.32,0.8428,-1,-1,-1
72,13,556.68,446.54,96.02,161.83,0.8432,-1,-1,-1
72,12,429.30,531.68,69.86,172.87,0.8593,-1,-1,-1
72,11,772.10,269.82,44.04,94.26,0.8620,-1,-1,-1
72,10,873.40,188.23,62.98,100.50,0.8627,-1,-1,-1
72,8,490.08,565.41,95.44,144.08,0.8699,-1,-1,-1
72,6,325.22,429.51,80.65,126.70,0.8856,-1,-1,-1
72,5,237.91,195.16,61.12,82.48,0.8927,-1,-1,-1
72,4,799.90,307.79,61.46,110.84,0.8931,-1,-1,-1
72,3,423.60,458.12,82.08,140.92,0.9257,-1,-1,-1
72,2,660.34,786.39,182.22,139.73,0.9407,-1,-1,-1
72,1,241.60,490.40,99.49,147.26,0.9408,-1,-1,-1
73,31,139.83,581.64,100.27,187.54,0.5290,-1,-1,-1
73,27,99.40,574.50,76.93,166.31,0.5080,-1,-1,-1
73,26,94.40,770.18,144.07,170.45,0.5472,-1,-1,-1
73,25,467.37,636.53,114.48,175.39,0.7887,-1,-1,-1
73,24,21.89,800.36,183.91,274.70,0.5168,-1,-1,-1
73,20,1501.80,95.89,31.87,36.08,0.7229,-1,-1,-1
73,19,1012.42,124.01,42.08,73.88,0.7368,-1,-1,-1
73,18,989.05,109.69,30.86,53.01,0.7485,-1,-1,-1
73,17,716.61,290.95,64.55,104.10,0.7676,-1,-1,-1
73,16,558.59,442.80,79.81,107.76,0.7994,-1,-1,-1
73,15,1081.91,77.13,35.22,61.79,0.8400,-1,-1,-1
73,14,563.34,305.77,61.26,106.05,0.8428,-1,-1,-1
73,13,558.23,444.46,93.66,164.32,0.8432,-1,-1,-1
73,12,431.19,543.43,69.51,159.45,0.8593,-1,-1,-1
73,11,771.47,271.31,44.55,94.03,0.8620,-1,-1,-1
73,10,875.37,185.60,62.35,103.10,0.8627,-1,-1,-1
73,8,491.22,561.37,95.59,148.79,0.8699,-1,-1,-1
73,6,326.59,429.33,80.81,126.27,0.8856,-1,-1,-1
73,5,238.66,194.86,61.86,83.55,0.8927,-1,-1,-1
73,4,800.98,308.04,60.01,110.16,0.8931,-1,-1,-1
73,3,425.90,456.19,83.09,138.91,0.9257,-1,-1,-1
73,2,661.84,785.91,180.64,141.65,0.9407,-1,-1,-1
73,1,242.61,489.55,98.12,147.06,0.9408,-1,-1,-1
74,31,107.33,573.52,134.51,195.48,0.5290,-1,-1,-1
74,26,96.12,771.77,143.66,170.28,0.5472,-1,-1,-1
74,25,467.35,635.61,117.55,176.81,0.7887,-1,-1,-1
74,24,19.20,799.73,188.31,275.48,0.5168,-1,-1,-1
74,22,608.97,872.49,88.65,54.93,0.5143,-1,-1,-1
74,20,1501.83,96.44,32.75,36.21,0.7229,-1,-1,-1
74,19,1012.44,123.69,42.27,74.06,0.7368,-1,-1,-1
74,18,988.97,109.90,30.86,53.26,0.7485,-1,-1,-1
74,17,717.62,291.04,63.02,104.02,0.7676,-1,-1,-1
74,16,559.25,438.67,79.50,111.03,0.7994,-1,-1,-1
74,15,1081.87,78.08,36.65,61.22,0.8400,-1,-1,-1
74,14,562.69,307.38,60.36,104.89,0.8428,-1,-1,-1
74,13,558.02,441.70,100.86,167.79,0.8432,-1,-1,-1
74,11,770.09,271.27,46.29,95.51,0.8620,-1,-1,-1
74,10,876.22,186.44,61.87,102.20,0.8627,-1,-1,-1
74,6,327.93,428.35,80.72,127.16,0.8856,-1,-1,-1
74,5,240.04,196.10,61.51,81.74,0.8927,-1,-1,-1
74,4,803.43,308.66,60.13,107.98,0.8931,-1,-1,-1
74,3,429.75,455.69,80.55,137.78,0.9257,-1,-1,-1
74,2,660.72,787.08,180.69,140.75,0.9407,-1,-1,-1
74,1,245.54,489.49,95.87,147.38,0.9408,-1,-1,-1
75,31,111.10,571.74,128.83,199.15,0.5290,-1,-1,-1
75,26,98.15,772.90,144.90,169.19,0.5472,-1,-1,-1
75,25,470.13,629.72,117.89,181.52,0.7887,-1,-1,-1
75,24,30.70,803.25,178.49,271.38,0.5168,-1,-1,-1
75,22,609.33,873.33,86.83,55.18,0.5143,-1,-1,-1
75,21,610.09,777.82,127.42,151.93,0.5588,-1,-1,-1
75,20,1501.54,96.60,32.96,35.85,0.7229,-1,-1,-1
75,19,1013.18,124.07,42.61,73.15,0.7368,-1,-1,-1
75,18,989.22,109.57,30.43,54.64,0.7485,-1,-1,-1
75,17,717.43,290.44,63.67,104.64,0.7676,-1,-1,-1
75,16,560.24,438.50,78.90,112.05,0.7994,-1,-1,-1
75,15,1083.23,77.23,34.16,61.37,0.8400,-1,-1,-1
75,14,561.43,306.46,60.31,109.50,0.8428,-1,-1,-1
75,13,559.21,441.87,98.28,165.26,0.8432,-1,-1,-1
75,11,770.36,270.83,46.23,95.52,0.8620,-1,-1,-1
75,10,876.70,185.73,61.70,101.87,0.8627,-1,-1,-1
75,6,329.47,427.31,79.70,128.23,0.8856,-1,-1,-1
75,5,241.80,195.47,61.55,82.29,0.8927,-1,-1,-1
75,4,802.73,307.50,60.48,109.63,0.8931,-1,-1,-1
75,3,432.38,455.88,83.02,137.11,0.9257,-1,-1,-1
75,2,662.16,800.73,178.82,128.32,0.9407,-1,-1,-1
75,1,246.98,489.55,95.99,146.93,0.9408,-1,-1,-1
76,31,111.75,570.05,127.93,203.78,0.5290,-1,-1,-1
76,29,463.52,566.86,125.02,143.42,0.5282,-1,-1,-1
76,26,98.13,771.97,148.49,170.03,0.5472,-1,-1,-1
76,25,471.86,630.10,115.80,180.80,0.7887,-1,-1,-1
76,24,35.49,805.75,174.01,268.12,0.5168,-1,-1,-1
76,22,610.19,874.35,86.27,54.44,0.5143,-1,-1,-1
76,20,1501.88,96.08,33.04,36.08,0.7229,-1,-1,-1
76,19,1014.85,124.42,40.77,72.84,0.7368,-1,-1,-1
76,18,989.37,110.43,31.47,56.36,0.7485,-1,-1,-1
76,17,718.73,290.44,63.19,104.49,0.7676,-1,-1,-1
76,16,560.63,440.82,79.03,113.66,0.7994,-1,-1,-1
76,15,1084.17,76.84,34.27,62.00,0.8400,-1,-1,-1
76,14,561.02,307.61,59.76,108.34,0.8428,-1,-1,-1
76,13,559.26,440.82,100.79,165.76,0.8432,-1,-1,-1
76,11,771.00,271.10,47.00,94.27,0.8620,-1,-1,-1
76,10,877.57,185.90,61.12,102.11,0.8627,-1,-1,-1
76,6,330.32,427.56,78.90,128.02,0.8856,-1,-1,-1
76,5,242.26,194.69,61.73,82.60,0.8927,-1,-1,-1
76,4,805.57,305.25,58.39,111.63,0.8931,-1,-1,-1
76,3,433.31,454.04,84.88,138.49,0.9257,-1,-1,-1
76,2,661.74,793.46,178.52,136.24,0.9407,-1,-1,-1
76,1,248.16,489.26,94.49,145.61,0.9408,-1,-1,-1
77,31,115.44,569.48,122.66,209.72,0.5290,-1,-1,-1
77,29,462.01,566.25,126.97,144.13,0.5282,-1,-1,-1
77,26,101.03,770.70,146.34,169.42,0.5472,-1,-1,-1
77,25,471.59,581.34,120.86,229.15,0.7887,-1,-1,-1
77,24,41.48,962.28,170.62,110.60,0.5168,-1,-1,-1
77,20,1502.39,95.95,32.46,36.27,0.7229,-1,-1,-1
77,19,1016.06,123.80,39.79,73.79,0.7368,-1,-1,-1
77,18,990.01,110.46,32.05,57.18,0.7485,-1,-1,-1
77,17,720.85,290.54,61.12,104.60,0.7676,-1,-1,-1
77,16,561.61,438.71,78.86,108.33,0.7994,-1,-1,-1
77,15,1084.14,77.14,36.29,62.01,0.8400,-1,-1,-1
77,14,560.18,310.89,58.31,108.49,0.8428,-1,-1,-1
77,13,560.47,441.57,102.09,165.04,0.8432,-1,-1,-1
77,11,771.57,270.35,47.57,94.83,0.8620,-1,-1,-1
77,10,877.75,185.66,61.61,102.49,0.8627,-1,-1,-1
77,6,331.88,427.73,79.85,125.57,0.8856,-1,-1,-1
77,5,243.19,195.48,61.54,81.97,0.8927,-1,-1,-1
77,4,807.44,306.27,56.73,110.25,0.8931,-1,-1,-1
77,3,435.62,452.17,85.03,135.25,0.9257,-1,-1,-1
77,2,661.46,785.25,178.58,145.71,0.9407,-1,-1,-1
77,1,249.92,488.65,95.60,147.22,0.9408,-1,-1,-1
78,31,121.65,567.04,119.78,212.57,0.5290,-1,-1,-1
78,29,445.11,565.53,144.01,140.07,0.5282,-1,-1,-1
78,26,107.72,770.34,142.79,168.24,0.5472,-1,-1,-1
78,25,474.00,576.11,118.41,232.52,0.7887,-1,-1,-1
78,24,43.61,965.86,169.99,106.08,0.5168,-1,-1,-1
78,20,1502.64,94.58,32.60,37.46,0.7229,-1,-1,-1
78,19,1015.62,123.93,41.07,72.52,0.7368,-1,-1,-1
78,18,990.42,110.39,31.31,56.87,0.7485,-1,-1,-1
78,17,721.13,290.62,63.59,103.07,0.7676,-1,-1,-1
78,16,563.29,440.44,77.11,105.00,0.7994,-1,-1,-1
78,15,1084.55,76.96,35.78,61.95,0.8400,-1,-1,-1
78,14,559.99,312.32,57.04,107.52,0.8428,-1,-1,-1
78,13,562.95,443.13,101.96,162.78,0.8432,-1,-1,-1
78,11,772.46,270.17,47.18,93.64,0.8620,-1,-1,-1
78,10,878.85,186.02,60.70,102.18,0.8627,-1,-1,-1
78,6,333.94,427.58,79.47,125.16,0.8856,-1,-1,-1
78,5,244.04,193.65,63.08,83.01,0.8927,-1,-1,-1
78,4,807.28,306.69,55.24,101.09,0.8931,-1,-1,-1
78,3,436.83,448.87,83.99,141.44,0.9257,-1,-1,-1
78,2,661.77,789.70,178.43,142.14,0.9407,-1,-1,-1
78,1,251.55,486.67,95.19,147.66,0.9408,-1,-1,-1
79,26,111.88,765.95,139.73,171.42,0.5472,-1,-1,-1
79,25,476.92,621.64,118.54,187.58,0.7887,-1,-1,-1
79,24,42.57,861.68,172.82,209.96,0.5168,-1,-1,-1
79,20,1502.35,94.76,32.33,37.10,0.7229,-1,-1,-1
79,19,1014.63,123.35,43.37,72.91,0.7368,-1,-1,-1
79,18,990.64,110.79,31.65,57.94,0.7485,-1,-1,-1
79,17,722.73,289.41,63.58,104.29,0.7676,-1,-1,-1
79,16,562.76,440.33,79.68,105.60,0.7994,-1,-1,-1
79,15,1084.90,76.37,36.15,62.72,0.8400,-1,-1,-1
79,14,560.09,315.16,56.67,105.93,0.8428,-1,-1,-1
79,13,562.72,443.48,101.82,163.76,0.8432,-1,-1,-1
79,11,772.72,270.20,46.26,90.83,0.8620,-1,-1,-1
79,10,879.79,186.02,60.05,102.69,0.8627,-1,-1,-1
79,6,334.99,426.97,78.76,125.23,0.8856,-1,-1,-1
79,5,245.82,192.29,62.16,83.72,0.8927,-1,-1,-1
79,4,807.37,304.28,57.40,107.02,0.8931,-1,-1,-1
79,3,438.68,448.25,84.32,141.88,0.9257,-1,-1,-1
79,2,660.42,794.29,178.55,137.46,0.9407,-1,-1,-1
79,1,252.33,487.73,95.08,147.67,0.9408,-1,-1,-1
80,26,114.23,765.52,138.65,172.08,0.5472,-1,-1,-1
80,25,477.17,620.56,117.88,188.68,0.7887,-1,-1,-1
80,24,48.83,963.02,168.22,107.31,0.5168,-1,-1,-1
80,20,1501.63,94.58,32.73,36.77,0.7229,-1,-1,-1
80,19,1015.54,123.65,42.17,71.85,0.7368,-1,-1,-1
80,18,990.48,109.59,32.09,59.31,0.7485,-1,-1,-1
80,17,722.97,289.64,63.29,103.65,0.7676,-1,-1,-1
80,16,564.22,437.91,77.25,102.03,0.7994,-1,-1,-1
80,15,1086.16,76.00,35.48,63.24,0.8400,-1,-1,-1
80,14,559.79,315.34,55.81,108.05,0.8428,-1,-1,-1
80,13,565.01,446.90,99.90,161.28,0.8432,-1,-1,-1
80,11,773.08,270.15,46.34,92.95,0.8620,-1,-1,-1
80,10,880.99,185.94,59.37,102.98,0.8627,-1,-1,-1
80,6,335.10,424.94,79.06,126.03,0.8856,-1,-1,-1
80,5,245.74,192.77,64.47,84.89,0.8927,-1,-1,-1
80,4,807.68,302.79,57.50,109.84,0.8931,-1,-1,-1
80,3,441.06,446.92,79.60,141.16,0.9257,-1,-1,-1
80,2,659.52,789.83,179.30,143.80,0.9407,-1,-1,-1
80,1,253.14,486.62,93.90,147.44,0.9408,-1,-1,-1
81,27,129.54,565.20,104.88,144.88,0.5080,-1,-1,-1
81,26,114.16,759.91,140.69,176.28,0.5472,-1,-1,-1
81,25,477.98,619.35,118.61,189.14,0.7887,-1,-1,-1
81,24,48.52,936.97,171.54,131.68,0.5168,-1,-1,-1
81,21,606.51,787.80,137.35,146.09,0.5588,-1,-1,-1
81,20,1502.27,94.28,31.94,37.08,0.7229,-1,-1,-1
81,19,1017.41,123.25,40.46,71.96,0.7368,-1,-1,-1
81,18,994.69,109.38,28.56,60.69,0.7485,-1,-1,-1
81,17,724.74,289.59,61.74,102.10,0.7676,-1,-1,-1
81,16,587.94,437.04,54.98,103.04,0.7994,-1,-1,-1
81,15,1086.89,77.36,35.59,61.35,0.8400,-1,-1,-1
81,14,559.68,317.36,55.97,108.02,0.8428,-1,-1,-1
81,13,565.10,452.43,101.09,153.62,0.8432,-1,-1,-1
81,12,442.06,535.37,77.24,162.73,0.8593,-1,-1,-1
81,11,772.41,269.31,47.77,94.49,0.8620,-1,-1,-1
81,10,881.73,185.61,58.70,103.03,0.8627,-1,-1,-1
81,8,501.65,564.61,93.87,143.95,0.8699,-1,-1,-1
81,6,336.88,424.71,79.07,126.80,0.8856,-1,-1,-1
81,5,248.31,191.15,62.51,82.51,0.8927,-1,-1,-1
81,4,809.38,301.85,57.97,109.59,0.8931,-1,-1,-1
81,3,444.66,445.50,80.40,138.34,0.9257,-1,-1,-1
81,2,659.63,793.94,176.96,140.76,0.9407,-1,-1,-1
81,1,255.49,485.64,91.67,146.91,0.9408,-1,-1,-1
82,34,0.00,699.95,182.06,311.48,0.5488,-1,-1,-1
82,31,128.53,633.93,101.10,156.98,0.5290,-1,-1,-1
82,27,129.32,562.21,110.72,145.79,0.5080,-1,-1,-1
82,26,111.39,759.09,143.76,177.27,0.5472,-1,-1,-1
82,25,482.38,588.01,116.12,218.08,0.7887,-1,-1,-1
82,24,42.20,963.31,178.55,105.38,0.5168,-1,-1,-1
82,21,603.55,786.62,99.41,147.28,0.5588,-1,-1,-1
82,20,1502.12,94.73,32.89,37.04,0.7229,-1,-1,-1
82,19,1017.72,123.62,40.62,72.06,0.7368,-1,-1,-1
82,18,994.80,110.76,29.26,60.31,0.7485,-1,-1,-1
82,17,725.45,289.84,62.15,101.94,0.7676,-1,-1,-1
82,16,573.65,435.86,69.30,104.82,0.7994,-1,-1,-1
82,15,1086.61,76.86,36.52,61.69,0.8400,-1,-1,-1
82,14,558.36,317.54,54.93,109.19,0.8428,-1,-1,-1
82,13,565.93,451.93,97.96,154.72,0.8432,-1,-1,-1
82,12,442.79,536.94,73.92,159.57,0.8593,-1,-1,-1
82,11,772.68,269.23,48.27,95.22,0.8620,-1,-1,-1
82,10,881.81,184.95,59.42,103.00,0.8627,-1,-1,-1
82,8,499.26,564.55,96.40,144.17,0.8699,-1,-1,-1
82,6,336.97,424.35,80.94,126.04,0.8856,-1,-1,-1
82,5,250.03,193.42,62.58,82.40,0.8927,-1,-1,-1
82,4,811.34,302.67,56.94,108.79,0.8931,-1,-1,-1
82,3,447.00,442.67,77.77,136.99,0.9257,-1,-1,-1
82,2,659.69,790.71,176.01,144.45,0.9407,-1,-1,-1
82,1,255.70,484.87,90.97,147.75,0.9408,-1,-1,-1
83,34,1.02,801.15,210.15,212.36,0.5488,-1,-1,-1
83,31,123.98,640.44,105.47,151.25,0.5290,-1,-1,-1
83,27,131.01,561.93,112.91,147.78,0.5080,-1,-1,-1
83,26,113.87,754.61,144.19,179.79,0.5472,-1,-1,-1
83,25,484.10,584.34,115.71,220.38,0.7887,-1,-1,-1
83,21,605.24,789.23,114.67,144.65,0.5588,-1,-1,-1
83,20,1501.91,94.21,32.76,37.34,0.7229,-1,-1,-1
83,19,1019.43,123.77,40.02,70.63,0.7368,-1,-1,-1
83,18,996.50,111.89,29.71,59.02,0.7485,-1,-1,-1
83,17,725.99,289.49,61.29,102.62,0.7676,-1,-1,-1
83,16,561.99,438.08,81.18,98.16,0.7994,-1,-1,-1
83,15,1086.71,76.75,36.28,60.56,0.8400,-1,-1,-1
83,14,557.84,318.53,58.10,110.41,0.8428,-1,-1,-1
83,13,566.26,451.06,99.57,154.50,0.8432,-1,-1,-1
83,12,443.88,536.92,74.36,159.47,0.8593,-1,-1,-1
83,11,773.50,268.64,47.96,95.88,0.8620,-1,-1,-1
83,10,882.99,184.25,58.30,103.17,0.8627,-1,-1,-1
83,8,504.17,563.38,93.29,142.92,0.8699,-1,-1,-1
83,6,339.80,423.12,82.09,126.15,0.8856,-1,-1,-1
83,5,252.19,192.01,61.66,80.92,0.8927,-1,-1,-1
83,4,810.90,298.21,58.74,111.90,0.8931,-1,-1,-1
83,3,449.00,443.94,81.47,134.98,0.9257,-1,-1,-1
83,2,659.55,796.75,178.13,138.30,0.9407,-1,-1,-1
83,1,256.96,482.01,92.62,149.58,0.9408,-1,-1,-1
84,34,0.24,815.57,187.06,195.15,0.5488,-1,-1,-1
84,31,119.91,646.10,107.92,148.24,0.5290,-1,-1,-1
84,27,136.04,561.70,111.22,148.94,0.5080,-1,-1,-1
84,26,114.77,749.34,147.14,184.14,0.5472,-1,-1,-1
84,25,485.76,587.86,114.82,215.91,0.7887,-1,-1,-1
84,21,606.57,789.24,105.19,144.88,0.5588,-1,-1,-1
84,20,1501.07,94.27,33.69,37.07,0.7229,-1,-1,-1
84,19,1019.61,123.59,41.07,70.12,0.7368,-1,-1,-1
84,18,996.89,110.64,30.43,64.00,0.7485,-1,-1,-1
84,17,726.64,290.35,59.62,101.91,0.7676,-1,-1,-1
84,16,583.32,435.87,65.22,106.71,0.7994,-1,-1,-1
84,15,1086.72,76.28,36.60,60.71,0.8400,-1,-1,-1
84,14,556.24,319.60,60.89,110.35,0.8428,-1,-1,-1
84,13,564.86,445.56,97.89,159.06,0.8432,-1,-1,-1
84,12,442.32,542.66,74.02,155.33,0.8593,-1,-1,-1
84,11,773.68,268.64,47.91,96.50,0.8620,-1,-1,-1
84,10,883.20,184.79,58.63,102.86,0.8627,-1,-1,-1
84,8,507.04,564.40,93.64,139.94,0.8699,-1,-1,-1
84,6,339.84,423.71,82.83,122.78,0.8856,-1,-1,-1
84,5,253.10,192.32,62.75,80.43,0.8927,-1,-1,-1
84,4,811.20,298.99,58.82,111.28,0.8931,-1,-1,-1
84,3,450.75,441.56,80.91,139.14,0.9257,-1,-1,-1
84,2,657.88,796.73,178.59,140.27,0.9407,-1,-1,-1
84,1,257.56,481.13,92.91,149.73,0.9408,-1,-1,-1
85,34,0.07,705.22,207.26,305.22,0.5488,-1,-1,-1
85,31,118.05,644.82,109.92,153.35,0.5290,-1,-1,-1
85,27,139.87,561.89,108.79,150.42,0.5080,-1,-1,-1
85,26,119.30,694.29,144.38,236.94,0.5472,-1,-1,-1
85,25,489.70,591.17,114.44,209.26,0.7887,-1,-1,-1
85,21,606.91,791.92,114.52,141.04,0.5588,-1,-1,-1
85,20,1500.73,93.66,34.70,38.02,0.7229,-1,-1,-1
85,19,1020.52,124.27,40.51,69.40,0.7368,-1,-1,-1
85,18,998.90,111.17,30.40,64.18,0.7485,-1,-1,-1
85,17,728.22,290.46,60.01,101.61,0.7676,-1,-1,-1
85,16,573.34,436.47,75.25,109.19,0.7994,-1,-1,-1
85,15,1087.44,75.75,36.45,61.00,0.8400,-1,-1,-1
85,14,554.37,319.89,61.89,109.93,0.8428,-1,-1,-1
85,13,568.68,460.43,97.35,144.74,0.8432,-1,-1,-1
85,12,447.46,540.70,71.03,152.50,0.8593,-1,-1,-1
85,11,773.50,268.20,48.39,97.69,0.8620,-1,-1,-1
85,10,883.91,182.98,57.99,105.03,0.8627,-1,-1,-1
85,8,506.92,562.87,95.92,140.45,0.8699,-1,-1,-1
85,6,342.26,423.19,83.40,123.67,0.8856,-1,-1,-1
85,5,254.74,190.37,63.00,82.78,0.8927,-1,-1,-1
85,4,812.25,299.31,58.15,108.47,0.8931,-1,-1,-1
85,3,455.00,440.84,76.62,135.90,0.9257,-1,-1,-1
85,2,659.37,799.82,177.25,137.16,0.9407,-1,-1,-1
85,1,258.93,480.08,92.02,147.74,0.9408,-1,-1,-1
86,34,0.07,755.46,199.59,252.12,0.5488,-1,-1,-1
86,31,117.23,645.91,114.28,153.85,0.5290,-1,-1,-1
86,27,141.42,562.65,110.25,149.23,0.5080,-1,-1,-1
86,26,119.67,698.04,145.07,232.44,0.5472,-1,-1,-1
86,25,491.06,597.34,115.18,201.34,0.7887,-1,-1,-1
86,24,60.57,814.23,169.73,248.77,0.5168,-1,-1,-1
86,21,606.36,789.70,114.50,143.57,0.5588,-1,-1,-1
86,20,1500.70,93.75,34.43,38.12,0.7229,-1,-1,-1
86,19,1021.65,124.12,41.24,70.46,0.7368,-1,-1,-1
86,18,999.05,109.71,32.09,66.29,0.7485,-1,-1,-1
86,17,728.07,289.76,64.20,101.20,0.7676,-1,-1,-1
86,16,570.89,436.17,78.78,106.40,0.7994,-1,-1,-1
86,15,1088.37,76.11,35.65,60.58,0.8400,-1,-1,-1
86,14,555.61,321.03,62.54,108.83,0.8428,-1,-1,-1
86,13,569.72,448.15,96.89,157.87,0.8432,-1,-1,-1
86,12,448.30,540.20,69.24,153.71,0.8593,-1,-1,-1
86,11,774.61,268.10,46.98,95.27,0.8620,-1,-1,-1
86,10,885.06,184.08,57.26,104.17,0.8627,-1,-1,-1
86,8,504.93,559.42,95.37,143.96,0.8699,-1,-1,-1
86,6,343.61,422.11,82.54,124.87,0.8856,-1,-1,-1
86,5,256.49,190.78,62.54,81.82,0.8927,-1,-1,-1
86,4,813.47,297.68,57.16,109.23,0.8931,-1,-1,-1
86,3,456.88,441.25,74.86,134.60,0.9257,-1,-1,-1
86,2,659.58,795.29,176.95,141.94,0.9407,-1,-1,-1
86,1,260.02,479.20,89.72,147.62,0.9408,-1,-1,-1
87,34,0.14,807.85,208.33,199.93,0.5488,-1,-1,-1
87,31,117.39,647.71,112.48,154.76,0.5290,-1,-1,-1
87,27,145.33,561.28,110.04,150.23,0.5080,-1,-1,-1
87,26,122.56,684.95,145.51,244.61,0.5472,-1,-1,-1
87,25,493.62,629.07,115.52,168.38,0.7887,-1,-1,-1
87,24,63.78,810.52,171.30,249.47,0.5168,-1,-1,-1
87,21,606.81,789.15,125.81,144.34,0.5588,-1,-1,-1
87,20,1501.40,93.84,34.04,37.66,0.7229,-1,-1,-1
87,19,1022.50,121.69,40.67,71.33,0.7368,-1,-1,-1
87,18,1001.10,110.09,32.31,67.54,0.7485,-1,-1,-1
87,17,730.08,289.44,64.67,102.04,0.7676,-1,-1,-1
87,16,571.44,435.44,79.33,105.99,0.7994,-1,-1,-1
87,15,1089.65,75.24,35.72,61.38,0.8400,-1,-1,-1
87,14,556.67,320.91,58.49,109.89,0.8428,-1,-1,-1
87,13,572.43,464.58,97.14,140.51,0.8432,-1,-1,-1
87,12,449.06,540.54,75.43,151.75,0.8593,-1,-1,-1
87,11,774.53,266.56,48.36,92.73,0.8620,-1,-1,-1
87,10,886.99,184.38,55.72,103.44,0.8627,-1,-1,-1
87,8,510.33,557.14,95.04,144.95,0.8699,-1,-1,-1
87,6,346.06,421.38,80.27,123.70,0.8856,-1,-1,-1
87,5,259.46,190.73,61.21,80.67,0.8927,-1,-1,-1
87,4,814.89,296.38,52.54,93.55,0.8931,-1,-1,-1
87,3,460.82,442.18,80.12,133.73,0.9257,-1,-1,-1
87,2,658.99,794.23,178.03,143.55,0.9407,-1,-1,-1
87,1,262.71,478.31,87.59,147.42,0.9408,-1,-1,-1
88,34,0.16,805.08,194.80,202.18,0.5488,-1,-1,-1
88,31,119.85,649.30,111.24,153.44,0.5290,-1,-1,-1
88,27,148.11,560.27,104.10,153.30,0.5080,-1,-1,-1
88,26,123.04,662.00,147.42,267.79,0.5472,-1,-1,-1
88,25,496.83,622.18,113.46,174.88,0.7887,-1,-1,-1
88,24,65.14,843.18,170.47,216.47,0.5168,-1,-1,-1
88,21,606.42,792.02,149.78,141.30,0.5588,-1,-1,-1
88,20,1502.59,93.98,32.93,36.96,0.7229,-1,-1,-1
88,19,1022.75,119.98,40.72,74.98,0.7368,-1,-1,-1
88,18,1000.15,109.68,34.02,68.07,0.7485,-1,-1,-1
88,17,731.19,289.16,63.71,101.55,0.7676,-1,-1,-1
88,16,590.44,435.38,62.69,108.95,0.7994,-1,-1,-1
88,15,1090.35,74.97,35.45,62.31,0.8400,-1,-1,-1
88,14,555.76,321.84,60.95,109.71,0.8428,-1,-1,-1
88,13,573.93,461.12,94.37,142.68,0.8432,-1,-1,-1
88,12,449.73,542.76,75.31,151.97,0.8593,-1,-1,-1
88,11,774.62,265.76,50.18,95.20,0.8620,-1,-1,-1
88,10,887.98,182.72,55.61,105.66,0.8627,-1,-1,-1
88,8,514.66,556.38,90.59,145.49,0.8699,-1,-1,-1
88,6,347.86,420.49,79.96,123.27,0.8856,-1,-1,-1
88,5,261.60,189.48,61.33,80.95,0.8927,-1,-1,-1
88,4,814.65,296.25,54.02,90.87,0.8931,-1,-1,-1
88,3,462.72,439.89,77.75,136.24,0.9257,-1,-1,-1
88,2,658.37,794.48,180.22,143.48,0.9407,-1,-1,-1
88,1,263.96,477.16,88.93,149.59,0.9408,-1,-1,-1
89,34,0.25,799.79,193.12,206.43,0.5488,-1,-1,-1
89,31,120.98,651.18,112.29,151.24,0.5290,-1,-1,-1
89,27,152.56,559.98,110.41,155.05,0.5080,-1,-1,-1
89,26,123.87,675.28,148.52,252.87,0.5472,-1,-1,-1
89,25,499.49,616.67,113.39,178.53,0.7887,-1,-1,-1
89,24,68.94,826.61,169.73,231.99,0.5168,-1,-1,-1
89,21,605.46,790.90,133.49,142.16,0.5588,-1,-1,-1
89,20,1502.41,93.65,33.17,37.64,0.7229,-1,-1,-1
89,19,1023.21,115.20,40.79,78.88,0.7368,-1,-1,-1
89,18,999.55,108.55,37.13,68.00,0.7485,-1,-1,-1
89,17,732.58,287.84,63.39,102.62,0.7676,-1,-1,-1
89,16,575.79,435.97,77.26,110.36,0.7994,-1,-1,-1
89,15,1091.24,76.18,36.14,61.18,0.8400,-1,-1,-1
89,14,555.93,323.15,61.31,108.33,0.8428,-1,-1,-1
89,13,576.86,459.12,92.24,143.79,0.8432,-1,-1,-1
89,12,452.99,540.99,69.74,150.26,0.8593,-1,-1,-1
89,11,775.78,264.82,50.89,95.49,0.8620,-1,-1,-1
89,10,888.79,182.68,56.11,104.98,0.8627,-1,-1,-1
89,8,513.07,549.03,92.37,150.26,0.8699,-1,-1,-1
89,6,349.22,419.39,78.19,123.52,0.8856,-1,-1,-1
89,5,263.74,186.96,60.19,81.94,0.8927,-1,-1,-1
89,4,816.33,293.18,56.16,106.28,0.8931,-1,-1,-1
89,3,464.01,437.59,81.06,138.59,0.9257,-1,-1,-1
89,2,658.80,794.28,180.31,143.83,0.9407,-1,-1,-1
89,1,264.99,475.99,92.37,149.16,0.9408,-1,-1,-1
90,37,1299.97,13.73,22.54,20.10,0.5319,-1,-1,-1
90,34,0.02,799.01,197.02,206.16,0.5488,-1,-1,-1
90,31,121.82,653.45,111.45,150.88,0.5290,-1,-1,-1
90,27,156.08,558.87,109.50,154.15,0.5080,-1,-1,-1
90,26,124.48,672.08,149.47,255.09,0.5472,-1,-1,-1
90,25,499.93,608.27,114.53,184.79,0.7887,-1,-1,-1
90,24,74.41,823.77,164.59,232.43,0.5168,-1,-1,-1
90,21,606.19,788.06,153.01,145.83,0.5588,-1,-1,-1
90,20,1503.40,93.49,32.67,37.34,0.7229,-1,-1,-1
90,19,1023.45,113.55,41.23,78.67,0.7368,-1,-1,-1
90,18,999.85,109.18,37.12,67.63,0.7485,-1,-1,-1
90,17,734.26,288.53,61.89,100.14,0.7676,-1,-1,-1
90,16,575.19,435.09,79.12,109.67,0.7994,-1,-1,-1
90,15,1092.54,75.94,34.55,61.07,0.8400,-1,-1,-1
90,14,555.42,322.36,63.54,109.27,0.8428,-1,-1,-1
90,13,578.18,452.37,95.15,151.40,0.8432,-1,-1,-1
90,12,453.37,536.01,70.61,156.28,0.8593,-1,-1,-1
90,11,776.40,265.59,51.57,94.91,0.8620,-1,-1,-1
90,10,889.72,183.28,56.61,103.53,0.8627,-1,-1,-1
90,8,517.40,548.68,88.47,148.50,0.8699,-1,-1,-1
90,6,351.44,418.09,78.32,123.29,0.8856,-1,-1,-1
90,5,265.09,186.36,60.66,81.65,0.8927,-1,-1,-1
90,4,817.27,294.63,56.85,106.34,0.8931,-1,-1,-1
90,3,466.83,434.44,80.23,140.07,0.9257,-1,-1,-1
90,2,658.76,794.59,181.06,142.51,0.9407,-1,-1,-1
90,1,267.90,474.73,89.16,149.35,0.9408,-1,-1,-1
91,37,1300.04,14.29,21.90,18.97,0.5319,-1,-1,-1
91,34,0.00,802.07,197.36,203.91,0.5488,-1,-1,-1
91,31,122.57,655.33,113.12,151.33,0.5290,-1,-1,-1
91,27,161.65,558.67,101.14,152.02,0.5080,-1,-1,-1
91,26,127.72,681.33,147.66,243.91,0.5472,-1,-1,-1
91,25,503.50,604.24,114.48,189.62,0.7887,-1,-1,-1
91,24,80.96,829.63,162.77,221.11,0.5168,-1,-1,-1
91,21,608.28,785.54,157.90,146.99,0.5588,-1,-1,-1
91,20,1503.18,93.78,33.03,36.74,0.7229,-1,-1,-1
91,19,1022.33,111.61,43.37,81.15,0.7368,-1,-1,-1
91,18,1002.18,108.23,53.86,73.05,0.7485,-1,-1,-1
91,17,735.08,286.70,61.16,101.30,0.7676,-1,-1,-1
91,15,1093.80,73.68,35.04,63.29,0.8400,-1,-1,-1
91,14,558.34,324.51,61.80,107.90,0.8428,-1,-1,-1
91,13,578.65,447.49,95.55,155.30,0.8432,-1,-1,-1
91,12,455.96,527.48,69.93,163.93,0.8593,-1,-1,-1
91,11,778.04,266.61,51.56,94.11,0.8620,-1,-1,-1
91,10,891.11,184.21,55.86,102.36,0.8627,-1,-1,-1
91,8,517.22,546.35,90.47,149.51,0.8699,-1,-1,-1
91,6,353.57,416.77,76.74,124.13,0.8856,-1,-1,-1
91,5,267.75,186.60,59.79,79.97,0.8927,-1,-1,-1
91,4,819.35,292.28,53.78,95.20,0.8931,-1,-1,-1
91,3,469.37,434.40,81.68,139.54,0.9257,-1,-1,-1
91,2,657.73,790.94,181.99,145.34,0.9407,-1,-1,-1
91,1,270.15,475.25,88.83,148.05,0.9408,-1,-1,-1
92,37,1300.70,13.76,20.54,19.19,0.5319,-1,-1,-1
92,34,0.00,801.09,204.59,205.22,0.5488,-1,-1,-1
92,31,123.75,656.15,113.94,150.52,0.5290,-1,-1,-1
92,27,162.85,556.87,107.52,152.44,0.5080,-1,-1,-1
92,26,128.55,673.85,148.25,250.95,0.5472,-1,-1,-1
92,25,506.53,600.80,114.59,191.97,0.7887,-1,-1,-1
92,21,609.07,785.97,159.07,146.38,0.5588,-1,-1,-1
92,20,1503.63,94.29,32.81,35.55,0.7229,-1,-1,-1
92,18,1004.79,106.43,56.31,77.08,0.7485,-1,-1,-1
92,17,735.95,285.95,61.01,101.67,0.7676,-1,-1,-1
92,15,1093.79,73.38,35.15,62.13,0.8400,-1,-1,-1
92,14,558.82,325.36,62.59,107.24,0.8428,-1,-1,-1
92,13,578.72,448.43,95.79,153.84,0.8432,-1,-1,-1
92,12,455.97,512.32,74.27,179.49,0.8593,-1,-1,-1
92,11,778.72,264.05,50.21,94.26,0.8620,-1,-1,-1
92,10,891.31,182.89,56.48,103.36,0.8627,-1,-1,-1
92,8,515.48,545.79,92.66,149.94,0.8699,-1,-1,-1
92,6,355.24,415.41,76.43,126.27,0.8856,-1,-1,-1
92,5,269.57,184.81,59.68,80.60,0.8927,-1,-1,-1
92,4,819.60,290.79,55.63,105.11,0.8931,-1,-1,-1
92,3,471.62,433.28,78.61,138.17,0.9257,-1,-1,-1
92,2,658.57,796.27,181.19,139.91,0.9407,-1,-1,-1
92,1,270.24,472.90,92.38,148.30,0.9408,-1,-1,-1
93,37,1301.15,13.07,22.79,20.19,0.5319,-1,-1,-1
93,34,0.00,791.78,208.92,213.02,0.5488,-1,-1,-1
93,31,123.19,653.58,120.29,152.36,0.5290,-1,-1,-1
93,27,165.53,553.05,110.10,157.87,0.5080,-1,-1,-1
93,26,131.12,669.26,146.13,253.91,0.5472,-1,-1,-1
93,25,509.24,592.92,115.99,198.40,0.7887,-1,-1,-1
93,21,607.87,784.47,168.34,147.73,0.5588,-1,-1,-1
93,20,1503.94,94.93,32.74,34.49,0.7229,-1,-1,-1
93,18,1006.53,107.33,58.63,78.05,0.7485,-1,-1,-1
93,17,736.94,286.40,60.28,100.88,0.7676,-1,-1,-1
93,15,1095.40,73.49,34.29,61.15,0.8400,-1,-1,-1
93,14,559.81,324.48,63.20,108.35,0.8428,-1,-1,-1
93,13,579.12,432.77,90.94,166.34,0.8432,-1,-1,-1
93,12,457.52,532.84,71.48,158.20,0.8593,-1,-1,-1
93,11,778.60,263.42,51.35,94.14,0.8620,-1,-1,-1
93,10,892.37,183.03,54.65,102.66,0.8627,-1,-1,-1
93,8,516.28,543.61,94.80,148.36,0.8699,-1,-1,-1
93,6,357.25,416.30,78.90,124.38,0.8856,-1,-1,-1
93,5,271.27,183.92,60.65,80.77,0.8927,-1,-1,-1
93,4,820.27,290.18,56.38,105.71,0.8931,-1,-1,-1
93,3,472.40,431.25,83.41,137.96,0.9257,-1,-1,-1
93,2,659.82,797.30,180.14,138.44,0.9407,-1,-1,-1
93,1,272.82,472.33,92.01,146.95,0.9408,-1,-1,-1
94,38,93.14,939.29,159.82,106.07,0.6542,-1,-1,-1
94,37,1302.09,13.33,21.36,19.25,0.5319,-1,-1,-1
94,34,0.00,789.79,215.90,214.06,0.5488,-1,-1,-1
94,31,128.67,655.45,118.89,149.94,0.5290,-1,-1,-1
94,27,167.86,553.22,111.01,154.50,0.5080,-1,-1,-1
94,26,134.12,668.25,146.56,255.27,0.5472,-1,-1,-1
94,25,510.59,595.49,116.39,194.64,0.7887,-1,-1,-1
94,21,608.43,783.75,153.14,149.07,0.5588,-1,-1,-1
94,20,1503.82,94.78,32.66,35.05,0.7229,-1,-1,-1
94,18,1012.13,107.26,55.12,79.40,0.7485,-1,-1,-1
94,17,737.12,287.33,63.83,100.09,0.7676,-1,-1,-1
94,15,1095.52,73.33,34.73,61.53,0.8400,-1,-1,-1
94,14,560.36,324.45,64.55,107.95,0.8428,-1,-1,-1
94,13,579.40,431.33,76.47,106.81,0.8432,-1,-1,-1
94,12,457.99,541.08,73.35,148.09,0.8593,-1,-1,-1
94,11,779.98,262.87,51.07,92.80,0.8620,-1,-1,-1
94,10,893.08,182.75,54.17,103.19,0.8627,-1,-1,-1
94,8,519.00,545.82,93.81,143.88,0.8699,-1,-1,-1
94,6,358.67,416.68,77.87,122.78,0.8856,-1,-1,-1
94,5,273.49,183.37,59.79,81.78,0.8927,-1,-1,-1
94,4,821.80,288.82,56.05,106.35,0.8931,-1,-1,-1
94,3,475.49,429.86,81.00,137.02,0.9257,-1,-1,-1
94,2,660.59,798.77,179.28,137.56,0.9407,-1,-1,-1
94,1,273.25,471.80,94.55,147.79,0.9408,-1,-1,-1
95,37,1302.51,13.93,19.29,19.09,0.5319,-1,-1,-1
95,34,0.00,788.50,220.31,214.81,0.5488,-1,-1,-1
95,31,138.93,657.67,115.46,146.41,0.5290,-1,-1,-1
95,27,170.90,552.24,109.84,157.18,0.5080,-1,-1,-1
95,26,137.69,667.00,143.03,254.77,0.5472,-1,-1,-1
95,25,515.10,606.30,113.05,181.30,0.7887,-1,-1,-1
95,21,609.51,784.06,156.71,148.74,0.5588,-1,-1,-1
95,20,1504.37,94.61,32.16,34.73,0.7229,-1,-1,-1
95,18,1015.32,108.10,53.94,79.29,0.7485,-1,-1,-1
95,17,739.25,286.97,61.71,99.60,0.7676,-1,-1,-1
95,15,1096.49,72.46,37.23,61.65,0.8400,-1,-1,-1
95,14,562.25,325.53,64.10,106.45,0.8428,-1,-1,-1
95,13,581.51,432.43,77.16,101.77,0.8432,-1,-1,-1
95,12,459.64,530.35,75.38,157.58,0.8593,-1,-1,-1
95,11,782.81,262.79,50.00,91.11,0.8620,-1,-1,-1
95,10,893.60,185.48,54.08,101.51,0.8627,-1,-1,-1
95,8,523.14,544.18,90.24,143.24,0.8699,-1,-1,-1
95,6,360.82,415.80,76.95,125.07,0.8856,-1,-1,-1
95,5,276.79,182.21,59.82,81.76,0.8927,-1,-1,-1
95,4,822.85,290.59,56.78,106.57,0.8931,-1,-1,-1
95,3,480.05,427.20,81.09,139.19,0.9257,-1,-1,-1
95,2,660.82,798.82,178.46,136.66,0.9407,-1,-1,-1
95,1,277.26,469.49,92.39,149.83,0.9408,-1,-1,-1
96,37,1302.45,14.25,19.77,19.14,0.5319,-1,-1,-1
96,34,0.00,780.92,220.21,221.93,0.5488,-1,-1,-1
96,31,144.27,657.09,111.17,147.67,0.5290,-1,-1,-1
96,27,173.53,550.92,107.88,154.14,0.5080,-1,-1,-1
96,26,142.90,665.54,138.35,252.29,0.5472,-1,-1,-1
96,25,515.81,589.80,114.23,197.64,0.7887,-1,-1,-1
96,21,608.78,782.34,142.11,150.69,0.5588,-1,-1,-1
96,20,1504.85,95.28,31.84,34.31,0.7229,-1,-1,-1
96,18,1025.60,110.33,45.85,79.32,0.7485,-1,-1,-1
96,17,740.17,286.39,62.16,100.74,0.7676,-1,-1,-1
96,16,584.09,450.04,89.95,150.57,0.7994,-1,-1,-1
96,15,1096.48,71.27,37.72,62.17,0.8400,-1,-1,-1
96,14,563.19,325.26,65.52,106.64,0.8428,-1,-1,-1
96,13,582.76,431.93,77.73,104.85,0.8432,-1,-1,-1
96,12,461.53,514.70,74.03,171.70,0.8593,-1,-1,-1
96,11,783.70,261.96,50.51,92.03,0.8620,-1,-1,-1
96,10,894.31,184.53,53.92,102.42,0.8627,-1,-1,-1
96,8,527.94,543.31,88.33,144.03,0.8699,-1,-1,-1
96,6,361.29,415.03,74.47,125.88,0.8856,-1,-1,-1
96,5,278.27,182.03,58.81,80.95,0.8927,-1,-1,-1
96,4,823.29,288.96,56.34,103.18,0.8931,-1,-1,-1
96,3,482.86,425.80,80.75,140.54,0.9257,-1,-1,-1
96,2,660.62,798.95,179.01,136.87,0.9407,-1,-1,-1
96,1,277.32,469.34,94.98,149.48,0.9408,-1,-1,-1
97,39,0.21,580.02,67.99,243.34,0.5812,-1,-1,-1
97,34,1.16,795.03,233.18,204.68,0.5488,-1,-1,-1
97,31,152.60,647.76,106.36,160.36,0.5290,-1,-1,-1
97,27,178.28,547.28,109.20,155.94,0.5080,-1,-1,-1
97,26,147.90,661.24,134.06,255.08,0.5472,-1,-1,-1
97,25,517.26,558.24,114.13,226.91,0.7887,-1,-1,-1
97,21,608.82,783.76,141.72,148.96,0.5588,-1,-1,-1
97,20,1504.72,95.18,31.70,34.37,0.7229,-1,-1,-1
97,18,1022.04,109.38,50.83,79.12,0.7485,-1,-1,-1
97,17,741.61,284.96,62.04,101.59,0.7676,-1,-1,-1
97,16,585.45,451.52,87.32,148.75,0.7994,-1,-1,-1
97,15,1097.42,71.57,37.36,62.56,0.8400,-1,-1,-1
97,14,565.76,325.52,66.67,107.94,0.8428,-1,-1,-1
97,13,584.44,431.43,77.48,106.36,0.8432,-1,-1,-1
97,12,462.05,509.25,80.29,177.57,0.8593,-1,-1,-1
97,11,784.36,260.06,50.49,95.50,0.8620,-1,-1,-1
97,10,895.04,184.15,54.32,102.18,0.8627,-1,-1,-1
97,8,523.78,539.94,93.35,146.75,0.8699,-1,-1,-1
97,6,363.87,414.43,76.83,124.73,0.8856,-1,-1,-1
97,5,281.32,180.76,57.29,82.20,0.8927,-1,-1,-1
97,4,826.15,287.35,54.01,99.11,0.8931,-1,-1,-1
97,3,486.60,425.57,80.44,139.04,0.9257,-1,-1,-1
97,2,660.61,801.49,179.03,135.63,0.9407,-1,-1,-1
97,1,279.83,468.55,95.58,150.94,0.9408,-1,-1,-1
98,39,0.12,593.11,72.58,229.45,0.5812,-1,-1,-1
98,34,0.85,797.13,225.87,202.43,0.5488,-1,-1,-1
98,31,159.49,648.25,102.01,161.43,0.5290,-1,-1,-1
98,27,181.43,544.75,110.90,159.31,0.5080,-1,-1,-1
98,26,149.01,659.09,133.67,255.60,0.5472,-1,-1,-1
98,25,518.49,572.16,113.08,213.22,0.7887,-1,-1,-1
98,21,609.98,784.05,141.15,148.68,0.5588,-1,-1,-1
98,20,1504.35,94.30,32.87,35.13,0.7229,-1,-1,-1
98,18,1028.15,112.44,46.43,77.46,0.7485,-1,-1,-1
98,17,742.83,284.76,63.75,101.73,0.7676,-1,-1,-1
98,16,585.55,446.98,91.06,153.38,0.7994,-1,-1,-1
98,15,1098.09,71.65,36.84,62.12,0.8400,-1,-1,-1
98,14,565.90,326.11,66.89,107.48,0.8428,-1,-1,-1
98,13,585.36,431.47,77.04,104.04,0.8432,-1,-1,-1
98,12,462.90,519.55,78.92,166.45,0.8593,-1,-1,-1
98,11,785.42,261.10,52.23,93.38,0.8620,-1,-1,-1
98,10,894.90,183.43,55.37,102.06,0.8627,-1,-1,-1
98,8,524.66,540.87,93.63,145.31,0.8699,-1,-1,-1
98,6,363.97,413.90,76.52,124.76,0.8856,-1,-1,-1
98,5,282.43,180.79,57.02,81.91,0.8927,-1,-1,-1
98,4,827.85,288.40,53.77,98.83,0.8931,-1,-1,-1
98,3,487.86,424.79,81.02,138.02,0.9257,-1,-1,-1
98,2,660.06,799.84,179.68,138.40,0.9407,-1,-1,-1
98,1,280.36,468.75,95.64,150.37,0.9408,-1,-1,-1
99,39,0.10,593.44,79.67,231.66,0.5812,-1,-1,-1
99,34,1.60,780.09,231.63,218.72,0.5488,-1,-1,-1
99,31,160.47,640.05,112.08,170.40,0.5290,-1,-1,-1
99,27,185.28,544.05,108.58,159.27,0.5080,-1,-1,-1
99,26,153.75,653.01,129.04,262.18,0.5472,-1,-1,-1
99,25,524.01,601.99,113.95,183.15,0.7887,-1,-1,-1
99,21,609.38,786.86,159.44,147.17,0.5588,-1,-1,-1
99,20,1504.64,94.78,31.70,34.41,0.7229,-1,-1,-1
99,17,743.05,285.46,63.77,100.55,0.7676,-1,-1,-1
99,16,587.18,439.71,94.43,159.46,0.7994,-1,-1,-1
99,15,1097.70,72.06,38.24,61.61,0.8400,-1,-1,-1
99,14,565.40,326.81,66.74,106.73,0.8428,-1,-1,-1
99,13,587.57,429.94,76.31,107.08,0.8432,-1,-1,-1
99,12,465.75,534.91,79.42,149.22,0.8593,-1,-1,-1
99,11,786.09,261.07,51.19,95.44,0.8620,-1,-1,-1
99,10,897.88,181.01,56.82,97.04,0.8627,-1,-1,-1
99,6,366.47,414.18,74.94,123.36,0.8856,-1,-1,-1
99,5,285.41,180.05,56.63,82.22,0.8927,-1,-1,-1
99,4,828.28,286.99,56.56,101.16,0.8931,-1,-1,-1
99,3,492.33,424.08,77.53,139.59,0.9257,-1,-1,-1
99,2,660.98,801.29,178.91,136.14,0.9407,-1,-1,-1
99,1,282.49,468.63,93.92,149.17,0.9408,-1,-1,-1
100,39,0.00,582.41,84.01,242.96,0.5812,-1,-1,-1
100,38,112.98,938.38,159.72,94.67,0.6542,-1,-1,-1
100,37,1302.67,13.51,19.76,20.53,0.5319,-1,-1,-1
100,34,4.50,792.18,229.72,207.21,0.5488,-1,-1,-1
100,31,168.79,609.61,108.45,202.50,0.5290,-1,-1,-1
100,27,191.93,542.03,102.06,157.73,0.5080,-1,-1,-1
100,26,155.66,645.85,128.76,268.46,0.5472,-1,-1,-1
100,25,524.06,560.15,114.77,223.83,0.7887,-1,-1,-1
100,21,609.16,787.46,160.28,147.12,0.5588,-1,-1,-1
100,20,1504.87,95.17,31.47,33.85,0.7229,-1,-1,-1
100,17,744.48,285.43,64.90,101.18,0.7676,-1,-1,-1
100,16,587.38,433.49,94.63,165.49,0.7994,-1,-1,-1
100,15,1098.18,73.20,38.12,60.23,0.8400,-1,-1,-1
100,14,567.37,327.42,65.04,104.88,0.8428,-1,-1,-1
100,13,587.35,427.46,79.76,107.82,0.8432,-1,-1,-1
100,12,466.47,536.35,77.46,150.58,0.8593,-1,-1,-1
100,11,787.46,259.56,50.40,96.05,0.8620,-1,-1,-1
100,10,898.28,181.03,56.69,95.34,0.8627,-1,-1,-1
100,6,368.48,413.50,73.66,122.10,0.8856,-1,-1,-1
100,5,286.12,179.38,58.11,81.91,0.8927,-1,-1,-1
100,4,829.58,285.56,54.89,97.02,0.8931,-1,-1,-1
100,3,494.42,423.43,76.02,137.30,0.9257,-1,-1,-1
100,2,660.58,805.73,179.21,132.96,0.9407,-1,-1,-1
100,1,283.67,467.59,92.42,149.37,0.9408,-1,-1,-1
101,39,0.00,573.59,88.54,250.66,0.5812,-1,-1,-1
101,38,115.42,938.72,161.66,93.80,0.6542,-1,-1,-1
101,34,7.70,797.61,241.90,201.45,0.5488,-1,-1,-1
101,31,171.44,582.69,113.75,228.15,0.5290,-1,-1,-1
101,27,196.03,540.35,107.02,157.63,0.5080,-1,-1,-1
101,26,158.26,650.30,128.65,265.89,0.5472,-1,-1,-1
101,25,526.11,552.85,113.51,230.37,0.7887,-1,-1,-1
101,21,610.37,787.07,153.36,148.26,0.5588,-1,-1,-1
101,19,1021.70,110.76,57.06,76.18,0.7368,-1,-1,-1
101,17,746.03,283.93,65.74,102.00,0.7676,-1,-1,-1
101,16,588.29,465.37,95.19,133.99,0.7994,-1,-1,-1
101,15,1100.21,72.10,36.56,61.47,0.8400,-1,-1,-1
101,14,567.93,326.46,67.44,107.40,0.8428,-1,-1,-1
101,13,591.40,427.96,74.18,107.84,0.8432,-1,-1,-1
101,12,467.85,532.73,79.56,151.13,0.8593,-1,-1,-1
101,11,790.66,259.27,48.11,96.37,0.8620,-1,-1,-1
101,10,899.13,179.03,56.47,99.95,0.8627,-1,-1,-1
101,6,370.68,413.22,76.54,120.56,0.8856,-1,-1,-1
101,5,290.12,177.13,57.13,84.58,0.8927,-1,-1,-1
101,4,828.80,285.27,60.18,105.02,0.8931,-1,-1,-1
101,3,497.51,422.05,75.99,138.18,0.9257,-1,-1,-1
101,2,661.16,803.64,178.48,137.08,0.9407,-1,-1,-1
101,1,286.09,467.19,90.14,149.32,0.9408,-1,-1,-1
102,39,0.00,568.56,92.18,253.61,0.5812,-1,-1,-1
102,38,116.98,933.59,160.96,98.81,0.6542,-1,-1,-1
102,34,9.20,804.14,173.31,193.87,0.5488,-1,-1,-1
102,31,180.31,610.81,107.53,199.43,0.5290,-1,-1,-1
102,27,201.40,540.96,102.09,157.57,0.5080,-1,-1,-1
102,26,160.27,685.82,127.58,228.81,0.5472,-1,-1,-1
102,25,526.63,549.78,114.41,231.37,0.7887,-1,-1,-1
102,21,610.34,790.33,137.25,145.39,0.5588,-1,-1,-1
102,19,1022.39,111.69,56.07,75.22,0.7368,-1,-1,-1
102,17,747.54,282.99,64.47,101.42,0.7676,-1,-1,-1
102,16,589.76,452.88,93.55,145.13,0.7994,-1,-1,-1
102,15,1101.76,72.95,37.14,61.06,0.8400,-1,-1,-1
102,14,569.69,327.24,68.47,108.19,0.8428,-1,-1,-1
102,13,586.14,428.99,81.44,104.48,0.8432,-1,-1,-1
102,12,469.48,529.21,78.97,154.16,0.8593,-1,-1,-1
102,11,791.44,260.24,48.67,97.93,0.8620,-1,-1,-1
102,10,899.60,178.43,58.57,99.73,0.8627,-1,-1,-1
102,6,371.86,413.42,78.64,121.67,0.8856,-1,-1,-1
102,5,292.45,176.94,56.23,83.24,0.8927,-1,-1,-1
102,4,831.62,284.75,57.00,105.34,0.8931,-1,-1,-1
102,3,497.57,421.23,75.13,138.86,0.9257,-1,-1,-1
102,2,661.54,799.61,177.76,141.62,0.9407,-1,-1,-1
102,1,287.17,465.09,89.69,150.38,0.9408,-1,-1,-1
103,39,0.00,577.01,99.59,241.33,0.5812,-1,-1,-1
103,34,12.79,805.62,157.37,192.50,0.5488,-1,-1,-1
103,31,186.93,613.81,104.33,195.18,0.5290,-1,-1,-1
103,27,205.60,541.27,98.12,153.14,0.5080,-1,-1,-1
103,26,163.47,701.61,126.77,212.31,0.5472,-1,-1,-1
103,25,529.82,557.39,112.73,224.18,0.7887,-1,-1,-1
103,21,612.76,795.96,110.55,140.29,0.5588,-1,-1,-1
103,19,1020.55,109.86,37.29,68.83,0.7368,-1,-1,-1
103,17,749.97,283.18,62.77,101.32,0.7676,-1,-1,-1
103,16,590.55,444.18,93.20,153.40,0.7994,-1,-1,-1
103,15,1101.49,73.85,38.76,59.64,0.8400,-1,-1,-1
103,14,571.15,327.78,70.51,108.02,0.8428,-1,-1,-1
103,13,587.89,428.63,79.25,106.95,0.8432,-1,-1,-1
103,12,472.19,508.69,74.91,175.78,0.8593,-1,-1,-1
103,11,792.50,259.57,47.82,95.14,0.8620,-1,-1,-1
103,10,901.08,180.44,58.25,99.22,0.8627,-1,-1,-1
103,6,373.58,411.17,78.27,122.71,0.8856,-1,-1,-1
103,5,296.14,176.23,54.38,81.53,0.8927,-1,-1,-1
103,4,830.42,285.41,60.21,105.15,0.8931,-1,-1,-1
103,3,502.51,419.98,71.99,136.47,0.9257,-1,-1,-1
103,2,661.55,800.55,178.04,141.81,0.9407,-1,-1,-1
103,1,289.03,464.68,90.25,149.38,0.9408,-1,-1,-1
104,39,0.00,574.18,99.58,242.64,0.5812,-1,-1,-1
104,37,1303.07,12.77,18.43,20.70,0.5319,-1,-1,-1
104,34,16.14,807.72,153.72,191.61,0.5488,-1,-1,-1
104,31,188.17,614.80,112.06,193.79,0.5290,-1,-1,-1
104,27,207.48,540.52,101.17,154.23,0.5080,-1,-1,-1
104,26,166.08,695.52,127.54,218.82,0.5472,-1,-1,-1
104,25,530.95,549.60,113.48,232.87,0.7887,-1,-1,-1
104,21,613.89,796.70,129.97,139.83,0.5588,-1,-1,-1
104,20,1505.71,93.92,32.85,34.38,0.7229,-1,-1,-1
104,19,1023.07,112.36,58.37,74.58,0.7368,-1,-1,-1
104,17,751.12,282.45,61.48,103.03,0.7676,-1,-1,-1
104,16,592.73,435.43,91.27,162.32,0.7994,-1,-1,-1
104,15,1102.92,73.16,36.99,60.20,0.8400,-1,-1,-1
104,14,571.17,327.09,71.34,108.21,0.8428,-1,-1,-1
104,13,594.41,427.66,74.75,109.14,0.8432,-1,-1,-1
104,12,474.91,523.14,72.41,161.37,0.8593,-1,-1,-1
104,11,795.24,259.65,47.61,95.77,0.8620,-1,-1,-1
104,10,901.78,180.68,58.18,100.81,0.8627,-1,-1,-1
104,6,374.77,409.76,81.10,124.42,0.8856,-1,-1,-1
104,5,299.31,176.38,52.99,80.54,0.8927,-1,-1,-1
104,4,832.50,282.86,57.88,103.16,0.8931,-1,-1,-1
104,3,504.13,419.50,72.47,134.26,0.9257,-1,-1,-1
104,2,661.93,807.92,178.25,136.16,0.9407,-1,-1,-1
104,1,289.26,463.40,91.15,150.29,0.9408,-1,-1,-1
105,39,0.00,580.14,110.61,237.91,0.5812,-1,-1,-1
105,37,1302.70,12.57,19.82,22.13,0.5319,-1,-1,-1
105,34,17.53,810.08,149.30,189.93,0.5488,-1,-1,-1
105,31,197.72,590.50,101.77,217.40,0.5290,-1,-1,-1
105,27,210.49,540.45,102.05,153.79,0.5080,-1,-1,-1
105,26,168.08,704.85,132.71,202.58,0.5472,-1,-1,-1
105,25,535.89,598.67,110.76,179.39,0.7887,-1,-1,-1
105,24,130.62,768.33,157.22,262.53,0.5168,-1,-1,-1
105,21,615.03,797.75,155.74,137.94,0.5588,-1,-1,-1
105,20,1504.93,93.69,33.80,34.25,0.7229,-1,-1,-1
105,19,1030.76,110.38,52.73,75.47,0.7368,-1,-1,-1
105,17,753.40,283.23,59.26,102.04,0.7676,-1,-1,-1
105,16,593.66,435.75,93.47,161.90,0.7994,-1,-1,-1
105,15,1104.88,71.51,35.47,62.05,0.8400,-1,-1,-1
105,14,572.44,327.02,73.70,108.48,0.8428,-1,-1,-1
105,13,607.20,426.61,65.96,108.84,0.8432,-1,-1,-1
105,12,476.16,531.01,70.63,149.83,0.8593,-1,-1,-1
105,11,795.98,259.40,48.59,93.77,0.8620,-1,-1,-1
105,10,903.52,178.82,57.31,105.64,0.8627,-1,-1,-1
105,8,537.38,542.44,89.89,140.74,0.8699,-1,-1,-1
105,6,377.14,409.08,81.23,124.70,0.8856,-1,-1,-1
105,5,302.30,176.51,53.22,80.48,0.8927,-1,-1,-1
105,4,835.13,281.09,57.33,105.68,0.8931,-1,-1,-1
105,3,509.20,417.94,67.27,135.37,0.9257,-1,-1,-1
105,2,662.22,800.25,178.75,144.17,0.9407,-1,-1,-1
105,1,290.81,463.09,90.64,150.16,0.9408,-1,-1,-1
106,39,0.00,575.01,111.91,242.24,0.5812,-1,-1,-1
106,37,1302.91,12.60,20.72,22.33,0.5319,-1,-1,-1
106,34,19.69,812.04,150.34,186.42,0.5488,-1,-1,-1
106,31,199.64,594.95,102.37,212.59,0.5290,-1,-1,-1
106,27,213.31,541.39,102.01,154.12,0.5080,-1,-1,-1
106,26,169.29,695.45,134.74,211.58,0.5472,-1,-1,-1
106,25,536.31,583.01,112.81,192.64,0.7887,-1,-1,-1
106,24,131.59,759.29,157.45,270.17,0.5168,-1,-1,-1
106,21,614.06,799.38,165.87,136.60,0.5588,-1,-1,-1
106,20,1505.79,93.49,33.47,34.55,0.7229,-1,-1,-1
106,19,1027.77,110.96,33.86,70.16,0.7368,-1,-1,-1
106,17,754.41,281.04,62.29,104.51,0.7676,-1,-1,-1
106,16,593.30,436.06,93.78,162.14,0.7994,-1,-1,-1
106,15,1105.65,72.68,36.20,60.25,0.8400,-1,-1,-1
106,14,575.15,326.88,73.70,108.86,0.8428,-1,-1,-1
106,13,598.25,427.12,74.40,108.61,0.8432,-1,-1,-1
106,12,480.14,528.79,71.49,146.01,0.8593,-1,-1,-1
106,11,798.04,259.75,49.36,95.68,0.8620,-1,-1,-1
106,10,904.22,179.61,57.96,103.83,0.8627,-1,-1,-1
106,8,543.04,536.93,85.10,145.44,0.8699,-1,-1,-1
106,6,377.98,409.13,80.27,123.38,0.8856,-1,-1,-1
106,5,304.32,174.72,53.54,82.94,0.8927,-1,-1,-1
106,4,838.01,281.82,56.27,106.22,0.8931,-1,-1,-1
106,3,510.43,415.80,71.21,137.95,0.9257,-1,-1,-1
106,2,661.96,811.07,179.45,134.79,0.9407,-1,-1,-1
106,1,292.46,463.36,90.14,149.64,0.9408,-1,-1,-1
107,41,0.00,660.58,46.33,228.49,0.5776,-1,-1,-1
107,39,0.37,631.57,117.96,185.58,0.5812,-1,-1,-1
107,37,1302.73,12.51,20.81,22.95,0.5319,-1,-1,-1
107,34,26.56,813.27,149.36,184.09,0.5488,-1,-1,-1
107,31,205.00,604.85,96.55,201.47,0.5290,-1,-1,-1
107,27,215.38,542.33,106.15,149.35,0.5080,-1,-1,-1
107,26,174.11,683.92,135.34,218.78,0.5472,-1,-1,-1
107,25,536.42,569.18,112.42,207.10,0.7887,-1,-1,-1
107,24,133.97,732.35,163.51,299.16,0.5168,-1,-1,-1
107,21,614.75,801.81,164.51,135.28,0.5588,-1,-1,-1
107,20,1505.86,93.11,33.30,35.56,0.7229,-1,-1,-1
107,19,1031.25,108.48,55.23,76.37,0.7368,-1,-1,-1
107,17,756.43,280.80,60.66,103.98,0.7676,-1,-1,-1
107,16,595.63,436.49,92.82,160.90,0.7994,-1,-1,-1
107,15,1106.02,73.41,36.73,59.53,0.8400,-1,-1,-1
107,14,576.74,325.93,70.42,110.19,0.8428,-1,-1,-1
107,13,611.02,426.91,63.07,109.23,0.8432,-1,-1,-1
107,12,483.75,531.02,69.00,139.25,0.8593,-1,-1,-1
107,11,799.41,259.79,50.75,98.33,0.8620,-1,-1,-1
107,10,906.19,180.06,57.80,104.46,0.8627,-1,-1,-1
107,8,544.80,539.43,86.59,142.86,0.8699,-1,-1,-1
107,6,381.24,409.62,78.80,121.99,0.8856,-1,-1,-1
107,5,306.19,173.72,55.66,83.67,0.8927,-1,-1,-1
107,4,840.00,280.90,54.56,105.09,0.8931,-1,-1,-1
107,3,513.64,413.22,74.69,139.95,0.9257,-1,-1,-1
107,2,663.10,807.14,179.56,140.59,0.9407,-1,-1,-1
107,1,294.83,462.92,88.76,147.63,0.9408,-1,-1,-1
108,41,0.00,661.91,45.88,226.92,0.5776,-1,-1,-1
108,39,1.67,637.27,122.12,180.48,0.5812,-1,-1,-1
108,37,1303.18,13.49,21.99,22.02,0.5319,-1,-1,-1
108,31,207.60,622.93,98.92,181.87,0.5290,-1,-1,-1
108,27,217.06,542.21,104.47,153.12,0.5080,-1,-1,-1
108,26,177.43,677.07,133.95,223.54,0.5472,-1,-1,-1
108,25,541.05,570.26,110.95,202.83,0.7887,-1,-1,-1
108,21,614.49,801.12,161.44,137.04,0.5588,-1,-1,-1
108,20,1506.71,92.27,32.32,36.02,0.7229,-1,-1,-1
108,19,1032.75,110.06,57.69,74.55,0.7368,-1,-1,-1
108,17,757.17,281.11,61.26,104.13,0.7676,-1,-1,-1
108,16,594.49,451.65,96.79,146.30,0.7994,-1,-1,-1
108,15,1109.06,70.92,35.19,62.23,0.8400,-1,-1,-1
108,14,580.34,326.58,67.87,110.46,0.8428,-1,-1,-1
108,13,603.66,427.70,69.01,108.32,0.8432,-1,-1,-1
108,12,482.05,530.31,72.97,146.88,0.8593,-1,-1,-1
108,11,799.93,257.01,50.59,97.97,0.8620,-1,-1,-1
108,10,905.71,176.68,58.89,109.05,0.8627,-1,-1,-1
108,8,544.48,540.59,89.63,141.56,0.8699,-1,-1,-1
108,6,382.19,409.47,78.61,121.24,0.8856,-1,-1,-1
108,5,309.54,173.27,54.04,83.99,0.8927,-1,-1,-1
108,4,842.00,280.52,54.38,103.82,0.8931,-1,-1,-1
108,3,515.63,412.77,75.57,137.94,0.9257,-1,-1,-1
108,2,662.86,802.36,180.31,145.12,0.9407,-1,-1,-1
108,1,295.69,462.78,89.10,146.28,0.9408,-1,-1,-1
109,41,0.07,653.55,44.75,235.79,0.5776,-1,-1,-1
109,39,1.27,635.25,128.96,178.39,0.5812,-1,-1,-1
109,37,1303.19,14.09,21.49,20.75,0.5319,-1,-1,-1
109,31,206.33,616.95,107.62,187.08,0.5290,-1,-1,-1
109,27,220.68,540.62,104.87,153.15,0.5080,-1,-1,-1
109,26,185.51,633.29,132.05,259.14,0.5472,-1,-1,-1
109,25,540.97,571.35,114.87,196.28,0.7887,-1,-1,-1
109,21,614.39,800.72,148.75,137.74,0.5588,-1,-1,-1
109,20,1506.66,92.56,33.32,35.80,0.7229,-1,-1,-1
109,19,1030.03,109.40,49.22,73.12,0.7368,-1,-1,-1
109,17,759.22,281.08,60.99,103.69,0.7676,-1,-1,-1
109,16,598.31,453.40,92.18,143.93,0.7994,-1,-1,-1
109,15,1109.35,72.04,35.52,61.31,0.8400,-1,-1,-1
109,14,581.95,323.96,69.78,114.30,0.8428,-1,-1,-1
109,13,602.43,424.97,72.65,109.41,0.8432,-1,-1,-1
109,12,483.95,527.76,73.66,149.60,0.8593,-1,-1,-1
109,11,801.41,258.14,49.99,93.41,0.8620,-1,-1,-1
109,10,905.45,178.49,60.22,106.14,0.8627,-1,-1,-1
109,8,543.02,540.45,94.26,142.20,0.8699,-1,-1,-1
109,6,385.06,408.00,81.02,120.62,0.8856,-1,-1,-1
109,5,311.48,173.62,53.48,80.53,0.8927,-1,-1,-1
109,4,840.30,279.24,57.26,104.96,0.8931,-1,-1,-1
109,3,518.14,411.43,72.58,138.70,0.9257,-1,-1,-1
109,2,663.48,804.59,180.20,143.86,0.9407,-1,-1,-1
109,1,297.69,461.41,89.69,146.79,0.9408,-1,-1,-1
110,41,0.11,651.95,44.58,238.79,0.5776,-1,-1,-1
110,39,4.18,635.31,128.90,178.20,0.5812,-1,-1,-1
110,38,143.74,797.84,158.22,231.19,0.6542,-1,-1,-1
110,37,1304.00,13.79,21.70,20.97,0.5319,-1,-1,-1
110,31,200.81,627.81,114.14,175.37,0.5290,-1,-1,-1
110,27,225.18,539.45,103.09,150.20,0.5080,-1,-1,-1
110,26,187.26,638.47,135.23,251.94,0.5472,-1,-1,-1
110,25,542.48,561.57,116.89,205.73,0.7887,-1,-1,-1
110,21,614.11,801.32,108.50,137.97,0.5588,-1,-1,-1
110,20,1507.16,91.91,33.17,35.54,0.7229,-1,-1,-1
110,19,1031.72,110.30,48.75,72.16,0.7368,-1,-1,-1
110,17,760.85,281.05,61.42,103.94,0.7676,-1,-1,-1
110,16,596.08,451.38,97.24,145.63,0.7994,-1,-1,-1
110,15,1111.02,69.70,34.21,64.22,0.8400,-1,-1,-1
110,14,584.49,325.42,71.35,112.50,0.8428,-1,-1,-1
110,13,603.66,425.41,73.03,107.71,0.8432,-1,-1,-1
110,12,483.94,528.80,74.75,148.47,0.8593,-1,-1,-1
110,11,802.70,256.41,50.01,97.22,0.8620,-1,-1,-1
110,10,905.96,177.04,61.48,107.97,0.8627,-1,-1,-1
110,8,546.43,541.64,94.96,138.95,0.8699,-1,-1,-1
110,6,386.17,406.52,79.51,122.24,0.8856,-1,-1,-1
110,5,313.16,173.15,53.98,80.49,0.8927,-1,-1,-1
110,4,842.41,278.26,57.39,104.25,0.8931,-1,-1,-1
110,3,521.23,410.02,69.46,136.88,0.9257,-1,-1,-1
110,2,663.80,804.72,180.28,144.46,0.9407,-1,-1,-1
110,1,299.48,460.41,88.17,148.97,0.9408,-1,-1,-1
111,41,0.00,709.72,46.48,180.06,0.5776,-1,-1,-1
111,39,9.77,632.38,128.84,176.87,0.5812,-1,-1,-1
111,38,146.81,827.87,157.89,195.16,0.6542,-1,-1,-1
111,37,1304.01,13.77,22.03,20.89,0.5319,-1,-1,-1
111,34,32.52,806.64,239.00,186.82,0.5488,-1,-1,-1
111,31,204.00,630.58,114.21,170.20,0.5290,-1,-1,-1
111,27,229.93,534.77,104.38,155.22,0.5080,-1,-1,-1
111,26,190.01,638.47,140.07,249.98,0.5472,-1,-1,-1
111,25,546.78,559.82,118.21,206.09,0.7887,-1,-1,-1
111,21,615.17,799.72,113.31,140.52,0.5588,-1,-1,-1
111,20,1507.12,91.39,34.69,36.64,0.7229,-1,-1,-1
111,19,1033.04,108.47,42.01,72.13,0.7368,-1,-1,-1
111,17,762.16,283.29,62.77,100.56,0.7676,-1,-1,-1
111,16,597.17,440.92,98.09,156.52,0.7994,-1,-1,-1
111,15,1111.77,70.48,34.85,62.66,0.8400,-1,-1,-1
111,14,586.75,325.58,70.46,112.41,0.8428,-1,-1,-1
111,13,606.66,423.59,71.54,110.58,0.8432,-1,-1,-1
111,12,486.58,529.94,79.10,144.87,0.8593,-1,-1,-1
111,11,807.97,255.92,46.18,96.63,0.8620,-1,-1,-1
111,10,910.73,176.52,58.80,108.51,0.8627,-1,-1,-1
111,8,551.25,541.29,91.12,139.80,0.8699,-1,-1,-1
111,6,388.95,404.01,77.80,123.08,0.8856,-1,-1,-1
111,5,317.64,173.30,53.64,79.50,0.8927,-1,-1,-1
111,4,844.87,276.42,54.06,102.61,0.8931,-1,-1,-1
111,3,526.52,409.27,75.89,134.58,0.9257,-1,-1,-1
111,2,663.39,801.54,182.34,148.29,0.9407,-1,-1,-1
111,1,302.20,458.32,86.97,148.07,0.9408,-1,-1,-1
112,41,0.03,699.81,48.76,189.61,0.5776,-1,-1,-1
112,39,10.69,631.20,128.61,177.52,0.5812,-1,-1,-1
112,38,148.48,827.95,156.35,195.85,0.6542,-1,-1,-1
112,37,1304.22,12.98,22.46,21.73,0.5319,-1,-1,-1
112,34,30.87,800.12,228.74,192.84,0.5488,-1,-1,-1
112,31,212.73,627.49,110.60,171.62,0.5290,-1,-1,-1
112,27,230.71,532.17,105.60,155.75,0.5080,-1,-1,-1
112,26,192.95,646.86,140.63,240.40,0.5472,-1,-1,-1
112,25,550.94,554.48,114.14,209.70,0.7887,-1,-1,-1
112,21,613.34,801.02,122.97,140.08,0.5588,-1,-1,-1
112,20,1507.52,91.00,34.41,37.05,0.7229,-1,-1,-1
112,19,1034.37,107.40,37.44,71.92,0.7368,-1,-1,-1
112,17,763.46,283.59,63.20,99.98,0.7676,-1,-1,-1
112,16,598.93,435.47,95.99,161.56,0.7994,-1,-1,-1
112,15,1111.77,69.13,36.16,64.29,0.8400,-1,-1,-1
112,14,588.34,323.98,69.39,114.51,0.8428,-1,-1,-1
112,13,605.12,421.81,75.12,111.89,0.8432,-1,-1,-1
112,12,487.14,530.41,79.89,145.06,0.8593,-1,-1,-1
112,11,807.94,256.40,47.37,96.08,0.8620,-1,-1,-1
112,10,911.94,176.48,57.34,107.42,0.8627,-1,-1,-1
112,8,554.86,542.38,88.01,133.07,0.8699,-1,-1,-1
112,6,390.24,403.48,78.53,123.33,0.8856,-1,-1,-1
112,5,318.21,172.90,53.67,79.12,0.8927,-1,-1,-1
112,4,843.93,276.14,53.85,101.01,0.8931,-1,-1,-1
112,3,528.88,408.64,77.46,134.33,0.9257,-1,-1,-1
112,2,663.64,801.12,181.87,148.83,0.9407,-1,-1,-1
112,1,303.17,457.68,86.07,148.53,0.9408,-1,-1,-1
113,41,0.05,717.57,51.63,174.86,0.5776,-1,-1,-1
113,39,18.17,626.78,120.70,182.01,0.5812,-1,-1,-1
113,38,149.99,824.24,156.40,199.35,0.6542,-1,-1,-1
113,37,1303.71,13.78,22.61,20.65,0.5319,-1,-1,-1
113,31,218.20,636.46,110.99,161.66,0.5290,-1,-1,-1
113,27,234.80,531.02,102.13,155.25,0.5080,-1,-1,-1
113,26,198.78,644.84,142.23,238.26,0.5472,-1,-1,-1
113,25,555.05,555.67,113.82,206.61,0.7887,-1,-1,-1
113,20,1507.22,91.31,34.73,36.96,0.7229,-1,-1,-1
113,19,1035.01,108.49,39.18,72.22,0.7368,-1,-1,-1
113,18,1056.14,111.06,38.94,70.23,0.7485,-1,-1,-1
113,17,764.58,282.64,62.97,101.54,0.7676,-1,-1,-1
113,16,599.52,437.39,96.95,158.68,0.7994,-1,-1,-1
113,15,1112.79,69.66,34.69,63.29,0.8400,-1,-1,-1
113,14,588.51,325.65,72.04,114.86,0.8428,-1,-1,-1
113,13,607.18,421.63,72.31,110.27,0.8432,-1,-1,-1
113,12,491.83,530.32,76.41,143.72,0.8593,-1,-1,-1
113,11,808.89,254.50,46.90,97.85,0.8620,-1,-1,-1
113,10,913.04,176.49,57.71,105.57,0.8627,-1,-1,-1
113,8,555.14,543.59,88.08,131.60,0.8699,-1,-1,-1
113,6,395.49,403.10,78.42,120.46,0.8856,-1,-1,-1
113,5,322.04,172.02,52.28,78.01,0.8927,-1,-1,-1
113,4,844.17,275.93,57.29,101.62,0.8931,-1,-1,-1
113,3,534.60,408.26,74.69,132.26,0.9257,-1,-1,-1
113,2,663.68,800.90,182.53,149.04,0.9407,-1,-1,-1
113,1,306.13,457.41,85.64,145.62,0.9408,-1,-1,-1
114,41,0.06,719.17,55.91,171.81,0.5776,-1,-1,-1
114,39,22.52,625.70,117.02,182.21,0.5812,-1,-1,-1
114,38,153.19,818.54,154.41,203.33,0.6542,-1,-1,-1
114,37,1303.96,13.01,23.14,21.80,0.5319,-1,-1,-1
114,31,216.13,640.32,121.04,159.96,0.5290,-1,-1,-1
114,27,236.32,531.54,102.30,153.33,0.5080,-1,-1,-1
114,26,193.85,644.80,149.29,236.99,0.5472,-1,-1,-1
114,25,564.29,549.39,105.91,214.88,0.7887,-1,-1,-1
114,20,1507.69,90.25,34.65,37.96,0.7229,-1,-1,-1
114,19,1035.64,107.94,39.63,72.45,0.7368,-1,-1,-1
114,18,1058.04,111.29,38.96,70.31,0.7485,-1,-1,-1
114,17,766.15,281.45,66.99,101.47,0.7676,-1,-1,-1
114,16,598.03,439.86,97.12,157.54,0.7994,-1,-1,-1
114,15,1114.26,69.27,33.90,62.97,0.8400,-1,-1,-1
114,14,588.70,325.71,71.85,115.24,0.8428,-1,-1,-1
114,13,613.35,421.72,66.82,108.68,0.8432,-1,-1,-1
114,12,492.67,530.44,77.60,143.65,0.8593,-1,-1,-1
114,11,811.02,254.09,45.28,96.54,0.8620,-1,-1,-1
114,10,913.78,175.87,58.01,105.47,0.8627,-1,-1,-1
114,8,557.26,542.74,85.42,133.08,0.8699,-1,-1,-1
114,6,395.86,402.79,78.90,122.75,0.8856,-1,-1,-1
114,5,323.77,170.98,53.45,80.33,0.8927,-1,-1,-1
114,4,844.26,274.83,57.32,102.38,0.8931,-1,-1,-1
114,3,536.38,408.48,70.84,131.92,0.9257,-1,-1,-1
114,2,663.72,801.26,182.20,148.41,0.9407,-1,-1,-1
114,1,307.68,455.66,87.53,146.47,0.9408,-1,-1,-1
115,42,37.87,824.99,232.06,164.75,0.5276,-1,-1,-1
115,41,0.05,686.90,67.42,204.86,0.5776,-1,-1,-1
115,39,25.59,625.01,124.11,181.96,0.5812,-1,-1,-1
115,38,157.98,829.70,150.60,191.63,0.6542,-1,-1,-1
115,37,1304.41,13.09,22.15,21.46,0.5319,-1,-1,-1
115,27,241.88,528.09,101.82,154.92,0.5080,-1,-1,-1
115,26,200.78,645.59,147.76,232.79,0.5472,-1,-1,-1
115,25,571.67,559.84,100.76,200.37,0.7887,-1,-1,-1
115,20,1507.93,90.63,34.87,36.39,0.7229,-1,-1,-1
115,19,1036.59,108.23,36.34,70.80,0.7368,-1,-1,-1
115,18,1059.39,113.07,39.83,69.13,0.7485,-1,-1,-1
115,17,767.73,281.48,66.88,100.86,0.7676,-1,-1,-1
115,16,601.15,434.18,95.16,161.77,0.7994,-1,-1,-1
115,15,1114.98,67.81,33.39,64.19,0.8400,-1,-1,-1
115,14,590.89,325.19,70.11,115.55,0.8428,-1,-1,-1
115,13,610.15,419.30,72.95,110.73,0.8432,-1,-1,-1
115,12,493.07,529.55,72.73,145.37,0.8593,-1,-1,-1
115,11,814.03,254.18,43.56,93.36,0.8620,-1,-1,-1
115,10,913.43,174.97,59.30,106.88,0.8627,-1,-1,-1
115,8,555.48,538.34,88.20,135.60,0.8699,-1,-1,-1
115,6,399.59,401.92,75.78,121.03,0.8856,-1,-1,-1
115,5,326.46,170.14,53.13,80.95,0.8927,-1,-1,-1
115,4,847.02,273.48,55.53,103.11,0.8931,-1,-1,-1
115,3,540.03,408.14,70.57,129.29,0.9257,-1,-1,-1
115,2,663.40,803.39,182.74,146.28,0.9407,-1,-1,-1
115,1,310.12,455.43,84.34,144.92,0.9408,-1,-1,-1
116,42,38.24,825.21,197.36,164.79,0.5276,-1,-1,-1
116,39,29.09,625.36,123.45,180.47,0.5812,-1,-1,-1
116,38,157.28,790.21,152.29,232.18,0.6542,-1,-1,-1
116,37,1304.50,12.48,22.10,22.77,0.5319,-1,-1,-1
116,27,244.30,525.47,105.41,158.84,0.5080,-1,-1,-1
116,26,210.52,646.41,141.42,228.99,0.5472,-1,-1,-1
116,25,571.07,545.65,104.62,212.17,0.7887,-1,-1,-1
116,19,1037.84,110.27,35.15,68.19,0.7368,-1,-1,-1
116,18,1061.34,113.62,38.98,67.38,0.7485,-1,-1,-1
116,17,768.82,280.33,64.80,102.57,0.7676,-1,-1,-1
116,16,599.29,430.85,98.41,164.51,0.7994,-1,-1,-1
116,15,1115.11,69.09,35.43,62.40,0.8400,-1,-1,-1
116,14,591.44,326.50,70.03,114.27,0.8428,-1,-1,-1
116,13,610.61,417.64,72.73,111.06,0.8432,-1,-1,-1
116,12,496.86,532.31,71.46,141.67,0.8593,-1,-1,-1
116,11,814.81,254.47,43.44,93.31,0.8620,-1,-1,-1
116,10,915.15,174.20,58.27,107.03,0.8627,-1,-1,-1
116,6,401.97,401.22,73.90,120.04,0.8856,-1,-1,-1
116,5,327.84,169.88,52.18,79.85,0.8927,-1,-1,-1
116,4,847.94,270.52,56.49,104.39,0.8931,-1,-1,-1
116,3,542.05,407.11,69.00,130.52,0.9257,-1,-1,-1
116,2,663.51,802.92,182.46,146.14,0.9407,-1,-1,-1
116,1,311.18,454.66,84.52,145.78,0.9408,-1,-1,-1
117,42,40.08,822.90,155.74,166.52,0.5276,-1,-1,-1
117,39,38.11,623.06,120.15,179.53,0.5812,-1,-1,-1
117,38,160.54,791.71,152.16,228.81,0.6542,-1,-1,-1
117,37,1304.65,12.90,21.98,22.26,0.5319,-1,-1,-1
117,27,248.65,525.29,101.29,159.33,0.5080,-1,-1,-1
117,26,212.14,643.54,145.26,229.93,0.5472,-1,-1,-1
117,25,581.09,556.70,97.91,193.70,0.7887,-1,-1,-1
117,21,615.05,800.18,93.68,142.03,0.5588,-1,-1,-1
117,19,1037.68,108.30,35.18,67.69,0.7368,-1,-1,-1
117,18,1060.14,114.12,43.75,67.71,0.7485,-1,-1,-1
117,17,769.61,278.36,65.95,104.25,0.7676,-1,-1,-1
117,16,605.27,441.28,90.84,153.43,0.7994,-1,-1,-1
117,15,1116.93,67.91,34.12,63.47,0.8400,-1,-1,-1
117,14,593.13,326.58,70.11,112.13,0.8428,-1,-1,-1
117,13,612.23,419.24,72.97,109.73,0.8432,-1,-1,-1
117,12,497.92,533.33,76.13,141.07,0.8593,-1,-1,-1
117,11,815.35,253.50,47.32,96.41,0.8620,-1,-1,-1
117,10,915.19,173.86,59.21,105.97,0.8627,-1,-1,-1
117,6,403.68,399.60,76.38,122.84,0.8856,-1,-1,-1
117,5,328.94,169.28,56.07,80.73,0.8927,-1,-1,-1
117,4,855.35,269.65,50.21,104.35,0.8931,-1,-1,-1
117,3,545.49,407.93,68.17,130.01,0.9257,-1,-1,-1
117,2,665.11,804.21,180.43,145.22,0.9407,-1,-1,-1
117,1,313.72,453.04,86.44,146.32,0.9408,-1,-1,-1
118,42,41.52,827.38,155.95,163.22,0.5276,-1,-1,-1
118,39,41.44,623.97,121.07,177.46,0.5812,-1,-1,-1
118,38,162.36,783.77,153.57,236.15,0.6542,-1,-1,-1
118,37,1305.13,12.51,21.70,23.11,0.5319,-1,-1,-1
118,27,253.79,523.12,100.15,160.51,0.5080,-1,-1,-1
118,26,214.59,641.75,145.61,228.61,0.5472,-1,-1,-1
118,25,579.91,541.39,105.87,210.14,0.7887,-1,-1,-1
118,21,615.68,802.51,158.74,140.72,0.5588,-1,-1,-1
118,19,1037.67,108.54,34.63,68.40,0.7368,-1,-1,-1
118,18,1058.86,113.92,43.86,65.99,0.7485,-1,-1,-1
118,17,771.03,278.29,64.79,103.55,0.7676,-1,-1,-1
118,16,606.93,437.89,89.62,154.71,0.7994,-1,-1,-1
118,15,1117.38,68.79,33.93,62.45,0.8400,-1,-1,-1
118,14,594.35,325.44,68.93,114.76,0.8428,-1,-1,-1
118,13,610.92,422.28,75.89,107.90,0.8432,-1,-1,-1
118,12,497.78,529.12,84.62,145.27,0.8593,-1,-1,-1
118,11,815.57,253.28,47.96,95.93,0.8620,-1,-1,-1
118,10,928.02,173.78,47.20,78.11,0.8627,-1,-1,-1
118,6,405.74,398.52,75.23,121.95,0.8856,-1,-1,-1
118,5,330.08,168.80,55.14,80.67,0.8927,-1,-1,-1
118,4,853.93,267.66,53.64,105.34,0.8931,-1,-1,-1
118,3,547.08,406.13,70.85,132.87,0.9257,-1,-1,-1
118,2,664.66,811.94,181.89,136.44,0.9407,-1,-1,-1
118,1,314.54,451.98,86.75,146.77,0.9408,-1,-1,-1
119,42,42.17,821.35,155.44,169.69,0.5276,-1,-1,-1
119,39,47.01,620.63,123.15,177.05,0.5812,-1,-1,-1
119,38,162.85,774.55,155.64,243.93,0.6542,-1,-1,-1
119,37,1305.77,12.91,21.00,22.28,0.5319,-1,-1,-1
119,27,257.13,521.50,102.88,161.95,0.5080,-1,-1,-1
119,26,214.22,633.66,153.07,233.76,0.5472,-1,-1,-1
119,25,562.41,526.90,124.97,220.50,0.7887,-1,-1,-1
119,21,615.60,803.15,177.02,140.27,0.5588,-1,-1,-1
119,19,1038.86,108.38,34.16,66.90,0.7368,-1,-1,-1
119,18,1058.22,113.36,46.00,67.56,0.7485,-1,-1,-1
119,17,773.16,279.76,63.31,102.14,0.7676,-1,-1,-1
119,16,606.51,436.11,88.72,154.54,0.7994,-1,-1,-1
119,15,1117.02,68.64,34.88,62.77,0.8400,-1,-1,-1
119,14,594.71,324.87,71.01,114.40,0.8428,-1,-1,-1
119,13,612.24,417.69,74.01,112.33,0.8432,-1,-1,-1
119,12,501.05,530.29,75.88,142.79,0.8593,-1,-1,-1
119,11,817.21,253.65,46.76,94.56,0.8620,-1,-1,-1
119,10,925.52,173.11,52.77,81.75,0.8627,-1,-1,-1
119,6,406.39,398.07,77.61,120.88,0.8856,-1,-1,-1
119,5,332.52,167.66,55.48,81.05,0.8927,-1,-1,-1
119,4,856.74,267.88,53.17,107.23,0.8931,-1,-1,-1
119,3,550.21,404.52,70.10,135.00,0.9257,-1,-1,-1
119,2,665.32,806.24,181.02,142.57,0.9407,-1,-1,-1
119,1,316.25,450.16,89.09,145.14,0.9408,-1,-1,-1
120,41,0.15,627.57,107.03,260.73,0.5776,-1,-1,-1
120,40,918.45,183.09,58.59,99.25,0.5031,-1,-1,-1
120,39,49.26,619.36,123.22,176.36,0.5812,-1,-1,-1
120,38,164.64,794.93,155.99,221.15,0.6542,-1,-1,-1
120,37,1306.00,12.10,20.92,23.48,0.5319,-1,-1,-1
120,27,259.47,521.32,102.63,161.39,0.5080,-1,-1,-1
120,26,215.97,634.96,154.45,229.72,0.5472,-1,-1,-1
120,25,593.45,546.40,98.06,196.81,0.7887,-1,-1,-1
120,21,616.50,798.16,175.64,145.35,0.5588,-1,-1,-1
120,19,1039.72,106.85,36.03,69.20,0.7368,-1,-1,-1
120,18,1060.49,111.31,44.92,69.97,0.7485,-1,-1,-1
120,17,774.94,278.97,62.46,102.22,0.7676,-1,-1,-1
120,16,607.03,436.13,89.90,153.65,0.7994,-1,-1,-1
120,15,1117.32,68.66,37.69,62.48,0.8400,-1,-1,-1
120,14,595.64,324.41,71.36,113.46,0.8428,-1,-1,-1
120,13,614.94,419.37,73.19,111.60,0.8432,-1,-1,-1
120,12,502.01,531.57,79.89,142.44,0.8593,-1,-1,-1
120,11,819.69,254.25,44.74,92.64,0.8620,-1,-1,-1
120,10,926.10,174.25,53.35,77.91,0.8627,-1,-1,-1
120,6,409.75,397.96,75.69,120.50,0.8856,-1,-1,-1
120,5,335.13,168.71,54.28,78.99,0.8927,-1,-1,-1
120,4,855.91,268.30,56.69,103.02,0.8931,-1,-1,-1
120,3,554.50,402.81,65.70,134.29,0.9257,-1,-1,-1
120,2,665.23,804.98,181.82,144.59,0.9407,-1,-1,-1
120,1,318.90,449.08,88.67,145.33,0.9408,-1,-1,-1
121,41,0.15,636.34,117.65,253.56,0.5776,-1,-1,-1
121,40,919.99,177.70,58.08,104.04,0.5031,-1,-1,-1
121,39,53.99,615.43,124.62,178.67,0.5812,-1,-1,-1
121,38,167.92,800.67,155.09,212.18,0.6542,-1,-1,-1
121,37,1307.04,12.25,19.94,23.70,0.5319,-1,-1,-1
121,27,263.20,520.04,104.27,161.67,0.5080,-1,-1,-1
121,26,214.55,634.72,157.10,230.15,0.5472,-1,-1,-1
121,25,599.19,563.36,95.92,178.85,0.7887,-1,-1,-1
121,21,616.02,798.63,169.18,144.66,0.5588,-1,-1,-1
121,19,1040.11,107.30,35.20,66.30,0.7368,-1,-1,-1
121,18,1065.36,111.69,40.35,66.81,0.7485,-1,-1,-1
121,17,776.34,279.72,62.32,100.20,0.7676,-1,-1,-1
121,16,613.55,430.98,83.20,155.93,0.7994,-1,-1,-1
121,15,1117.88,68.61,37.52,61.74,0.8400,-1,-1,-1
121,14,597.27,323.75,70.69,113.70,0.8428,-1,-1,-1
121,13,617.64,416.40,68.67,115.17,0.8432,-1,-1,-1
121,12,502.62,528.98,80.11,143.52,0.8593,-1,-1,-1
121,11,820.09,254.43,45.96,90.20,0.8620,-1,-1,-1
121,6,412.16,396.90,79.25,121.34,0.8856,-1,-1,-1
121,5,337.63,168.53,53.49,77.81,0.8927,-1,-1,-1
121,4,857.05,266.16,54.69,106.84,0.8931,-1,-1,-1
121,3,558.73,402.64,65.13,131.54,0.9257,-1,-1,-1
121,2,666.38,811.05,181.41,137.73,0.9407,-1,-1,-1
121,1,320.95,448.80,88.44,145.26,0.9408,-1,-1,-1
122,41,0.18,640.25,116.11,248.90,0.5776,-1,-1,-1
122,40,920.27,180.55,57.52,101.12,0.5031,-1,-1,-1
122,39,59.15,613.48,121.19,178.52,0.5812,-1,-1,-1
122,38,167.87,775.18,157.16,235.76,0.6542,-1,-1,-1
122,34,44.31,770.00,156.83,218.79,0.5488,-1,-1,-1
122,27,264.75,519.31,103.92,159.03,0.5080,-1,-1,-1
122,26,217.36,634.78,159.79,228.99,0.5472,-1,-1,-1
122,25,602.40,564.59,94.96,174.30,0.7887,-1,-1,-1
122,21,618.14,797.71,155.55,145.97,0.5588,-1,-1,-1
122,20,1510.19,89.93,33.58,37.21,0.7229,-1,-1,-1
122,19,1042.17,106.73,32.41,65.72,0.7368,-1,-1,-1
122,18,1064.45,110.99,43.32,69.43,0.7485,-1,-1,-1
122,17,776.74,278.61,63.88,100.97,0.7676,-1,-1,-1
122,16,612.56,432.11,85.02,154.07,0.7994,-1,-1,-1
122,15,1119.44,68.35,38.76,62.08,0.8400,-1,-1,-1
122,14,599.21,325.52,70.27,111.89,0.8428,-1,-1,-1
122,13,620.85,414.71,65.21,111.32,0.8432,-1,-1,-1
122,12,503.95,528.02,77.49,143.75,0.8593,-1,-1,-1
122,11,821.12,252.80,44.83,90.00,0.8620,-1,-1,-1
122,6,413.81,397.21,79.26,120.54,0.8856,-1,-1,-1
122,5,338.78,165.02,55.73,81.60,0.8927,-1,-1,-1
122,4,857.25,266.22,55.16,104.00,0.8931,-1,-1,-1
122,3,560.24,398.89,65.69,135.17,0.9257,-1,-1,-1
122,2,667.01,816.85,180.82,131.70,0.9407,-1,-1,-1
122,1,323.05,447.80,86.39,145.12,0.9408,-1,-1,-1
123,40,920.68,185.41,57.03,95.51,0.5031,-1,-1,-1
123,39,64.98,612.23,120.76,179.56,0.5812,-1,-1,-1
123,38,169.61,802.37,159.35,208.03,0.6542,-1,-1,-1
123,34,44.14,696.20,159.16,293.03,0.5488,-1,-1,-1
123,29,558.22,529.14,61.73,165.23,0.5282,-1,-1,-1
123,27,266.04,517.59,105.79,158.42,0.5080,-1,-1,-1
123,26,227.72,633.31,153.45,228.94,0.5472,-1,-1,-1
123,25,604.32,566.21,88.12,170.71,0.7887,-1,-1,-1
123,21,618.34,798.05,167.63,144.60,0.5588,-1,-1,-1
123,19,1042.90,107.21,32.41,66.12,0.7368,-1,-1,-1
123,18,1065.24,110.85,43.70,68.94,0.7485,-1,-1,-1
123,17,779.03,278.76,61.10,100.44,0.7676,-1,-1,-1
123,16,614.59,424.91,86.67,161.01,0.7994,-1,-1,-1
123,15,1119.72,67.63,38.91,62.92,0.8400,-1,-1,-1
123,14,599.36,324.81,72.25,111.97,0.8428,-1,-1,-1
123,12,506.58,526.80,74.53,144.35,0.8593,-1,-1,-1
123,11,821.83,251.54,45.45,89.22,0.8620,-1,-1,-1
123,6,416.46,394.20,78.34,123.33,0.8856,-1,-1,-1
123,5,343.44,165.58,54.06,79.13,0.8927,-1,-1,-1
123,4,857.79,265.97,55.81,101.77,0.8931,-1,-1,-1
123,3,563.65,397.74,62.62,134.21,0.9257,-1,-1,-1
123,2,666.35,815.65,181.72,132.65,0.9407,-1,-1,-1
123,1,326.51,445.48,88.80,145.14,0.9408,-1,-1,-1
124,40,921.68,181.56,57.15,98.29,0.5031,-1,-1,-1
124,39,67.16,611.33,119.05,179.66,0.5812,-1,-1,-1
124,38,168.77,742.99,161.75,266.59,0.6542,-1,-1,-1
124,34,45.66,696.83,157.18,291.73,0.5488,-1,-1,-1
124,29,557.28,527.38,64.22,164.26,0.5282,-1,-1,-1
124,27,272.56,516.48,99.84,158.05,0.5080,-1,-1,-1
124,26,231.81,630.57,151.03,231.19,0.5472,-1,-1,-1
124,25,609.84,565.16,95.81,170.95,0.7887,-1,-1,-1
124,21,618.72,794.52,131.60,148.17,0.5588,-1,-1,-1
124,19,1043.14,107.34,32.99,65.72,0.7368,-1,-1,-1
124,18,1066.91,110.53,43.47,68.45,0.7485,-1,-1,-1
124,17,779.41,279.54,61.52,98.33,0.7676,-1,-1,-1
124,16,615.05,422.63,86.22,163.20,0.7994,-1,-1,-1
124,15,1119.09,67.13,40.99,62.97,0.8400,-1,-1,-1
124,14,599.75,324.25,69.45,112.51,0.8428,-1,-1,-1
124,12,506.85,524.58,71.25,146.94,0.8593,-1,-1,-1
124,11,822.84,250.50,46.08,93.76,0.8620,-1,-1,-1
124,10,934.66,171.01,51.43,77.80,0.8627,-1,-1,-1
124,6,417.77,394.34,79.30,122.25,0.8856,-1,-1,-1
124,5,346.02,165.25,53.40,78.08,0.8927,-1,-1,-1
124,4,857.70,265.23,57.74,102.70,0.8931,-1,-1,-1
124,3,565.75,396.16,63.92,133.10,0.9257,-1,-1,-1
124,2,667.29,818.40,180.62,130.46,0.9407,-1,-1,-1
124,1,327.63,445.90,89.67,144.71,0.9408,-1,-1,-1
125,40,922.53,174.87,58.49,104.10,0.5031,-1,-1,-1
125,39,72.55,610.11,117.44,180.31,0.5812,-1,-1,-1
125,38,172.14,729.24,159.37,277.00,0.6542,-1,-1,-1
125,34,48.05,708.57,157.98,280.31,0.5488,-1,-1,-1
125,29,559.05,524.79,65.32,169.99,0.5282,-1,-1,-1
125,27,281.21,514.59,95.77,157.71,0.5080,-1,-1,-1
125,26,233.75,628.44,152.01,232.24,0.5472,-1,-1,-1
125,25,614.01,559.04,98.43,171.03,0.7887,-1,-1,-1
125,21,618.97,795.35,154.50,147.97,0.5588,-1,-1,-1
125,19,1043.93,105.96,33.81,68.57,0.7368,-1,-1,-1
125,18,1070.69,109.20,39.98,67.77,0.7485,-1,-1,-1
125,17,780.02,280.95,62.56,97.23,0.7676,-1,-1,-1
125,16,615.47,432.04,89.24,152.00,0.7994,-1,-1,-1
125,15,1119.41,65.92,39.65,63.84,0.8400,-1,-1,-1
125,14,602.61,325.03,69.06,113.41,0.8428,-1,-1,-1
125,12,505.04,525.24,73.50,145.70,0.8593,-1,-1,-1
125,11,824.06,249.37,47.42,93.73,0.8620,-1,-1,-1
125,6,419.75,392.44,80.04,123.09,0.8856,-1,-1,-1
125,5,348.75,160.65,51.48,81.15,0.8927,-1,-1,-1
125,4,858.01,262.07,58.89,103.02,0.8931,-1,-1,-1
125,3,568.10,394.91,64.79,133.98,0.9257,-1,-1,-1
125,2,668.44,813.73,179.29,135.61,0.9407,-1,-1,-1
125,1,329.76,441.75,87.59,143.72,0.9408,-1,-1,-1
126,41,0.00,697.89,142.68,187.01,0.5776,-1,-1,-1
126,40,923.30,177.22,57.77,102.00,0.5031,-1,-1,-1
126,39,74.96,609.49,119.09,178.71,0.5812,-1,-1,-1
126,38,177.38,746.69,157.04,256.66,0.6542,-1,-1,-1
126,34,50.04,735.68,157.57,252.33,0.5488,-1,-1,-1
126,29,559.79,527.24,67.40,168.40,0.5282,-1,-1,-1
126,27,282.77,515.04,95.95,156.29,0.5080,-1,-1,-1
126,26,237.29,627.84,151.82,234.23,0.5472,-1,-1,-1
126,25,615.21,544.87,99.79,185.11,0.7887,-1,-1,-1
126,21,619.63,799.53,162.35,144.41,0.5588,-1,-1,-1
126,19,1045.51,107.57,32.39,66.84,0.7368,-1,-1,-1
126,18,1070.99,108.41,39.18,68.43,0.7485,-1,-1,-1
126,17,781.89,280.39,62.12,97.35,0.7676,-1,-1,-1
126,16,616.35,432.08,90.18,151.91,0.7994,-1,-1,-1
126,15,1121.42,65.12,38.40,63.69,0.8400,-1,-1,-1
126,14,609.24,323.90,64.74,108.75,0.8428,-1,-1,-1
126,12,507.73,525.58,72.81,144.98,0.8593,-1,-1,-1
126,11,824.60,248.80,47.24,93.78,0.8620,-1,-1,-1
126,6,422.24,391.45,79.46,123.19,0.8856,-1,-1,-1
126,5,350.35,162.31,51.97,80.32,0.8927,-1,-1,-1
126,4,861.00,262.27,56.98,102.45,0.8931,-1,-1,-1
126,3,570.70,385.63,71.21,141.51,0.9257,-1,-1,-1
126,2,668.67,812.36,178.99,137.35,0.9407,-1,-1,-1
126,1,331.74,441.30,87.47,144.82,0.9408,-1,-1,-1
127,41,0.39,685.50,137.20,199.67,0.5776,-1,-1,-1
127,40,924.13,174.23,58.62,104.36,0.5031,-1,-1,-1
127,39,81.73,606.23,118.50,178.39,0.5812,-1,-1,-1
127,38,179.87,782.18,155.00,220.78,0.6542,-1,-1,-1
127,34,51.75,754.28,156.44,233.27,0.5488,-1,-1,-1
127,29,563.56,533.99,66.62,159.66,0.5282,-1,-1,-1
127,27,284.32,515.17,97.68,154.20,0.5080,-1,-1,-1
127,26,246.24,625.71,146.74,235.49,0.5472,-1,-1,-1
127,25,622.39,551.39,95.79,170.00,0.7887,-1,-1,-1
127,21,618.59,799.59,166.70,144.29,0.5588,-1,-1,-1
127,19,1045.57,104.64,33.54,68.90,0.7368,-1,-1,-1
127,18,1071.78,106.87,39.92,69.00,0.7485,-1,-1,-1
127,17,784.14,279.14,60.58,98.23,0.7676,-1,-1,-1
127,16,617.04,435.84,92.57,148.91,0.7994,-1,-1,-1
127,15,1121.85,65.70,38.23,62.49,0.8400,-1,-1,-1
127,14,607.19,321.69,69.85,113.35,0.8428,-1,-1,-1
127,12,509.32,522.83,84.68,146.48,0.8593,-1,-1,-1
127,11,826.35,248.11,49.17,97.35,0.8620,-1,-1,-1
127,6,425.45,391.58,79.55,121.67,0.8856,-1,-1,-1
127,5,351.71,162.05,53.52,79.38,0.8927,-1,-1,-1
127,4,870.39,258.15,49.67,103.79,0.8931,-1,-1,-1
127,3,574.10,394.05,64.54,134.03,0.9257,-1,-1,-1
127,2,668.66,813.65,179.09,136.19,0.9407,-1,-1,-1
127,1,335.05,441.39,86.10,140.41,0.9408,-1,-1,-1
128,41,0.24,686.42,92.32,197.21,0.5776,-1,-1,-1
128,40,927.27,168.79,61.07,100.36,0.5031,-1,-1,-1
128,39,86.25,605.61,119.84,176.80,0.5812,-1,-1,-1
128,38,181.58,738.89,154.78,264.13,0.6542,-1,-1,-1
128,34,52.92,718.36,156.39,268.65,0.5488,-1,-1,-1
128,29,564.31,543.08,68.53,150.29,0.5282,-1,-1,-1
128,27,289.16,512.71,97.51,153.39,0.5080,-1,-1,-1
128,26,247.53,627.91,147.10,231.51,0.5472,-1,-1,-1
128,25,627.20,556.77,92.28,161.98,0.7887,-1,-1,-1
128,21,618.58,798.82,183.17,144.97,0.5588,-1,-1,-1
128,19,1045.73,104.51,35.09,70.01,0.7368,-1,-1,-1
128,18,1072.51,105.73,39.80,70.56,0.7485,-1,-1,-1
128,17,784.73,278.20,60.66,98.28,0.7676,-1,-1,-1
128,16,615.92,432.60,94.51,154.90,0.7994,-1,-1,-1
128,15,1121.74,64.16,38.71,64.12,0.8400,-1,-1,-1
128,14,607.81,322.16,68.18,110.10,0.8428,-1,-1,-1
128,12,510.53,522.25,89.74,146.53,0.8593,-1,-1,-1
128,11,826.49,247.96,49.50,97.10,0.8620,-1,-1,-1
128,6,426.52,391.64,81.17,120.72,0.8856,-1,-1,-1
128,5,352.60,160.28,53.48,82.77,0.8927,-1,-1,-1
128,4,869.14,257.10,52.80,105.78,0.8931,-1,-1,-1
128,3,577.02,393.50,60.88,135.20,0.9257,-1,-1,-1
128,2,667.13,815.21,180.87,134.88,0.9407,-1,-1,-1
128,1,335.14,441.21,89.28,138.56,0.9408,-1,-1,-1
129,41,0.43,685.84,117.73,193.84,0.5776,-1,-1,-1
129,40,926.89,169.61,62.49,102.44,0.5031,-1,-1,-1
129,39,90.58,603.68,118.09,175.96,0.5812,-1,-1,-1
129,38,184.96,795.07,153.43,206.44,0.6542,-1,-1,-1
129,34,54.79,702.88,152.88,283.92,0.5488,-1,-1,-1
129,29,565.81,530.14,68.49,161.91,0.5282,-1,-1,-1
129,27,296.29,512.74,97.39,152.16,0.5080,-1,-1,-1
129,26,243.64,631.58,155.48,226.62,0.5472,-1,-1,-1
129,25,629.73,554.06,92.05,158.18,0.7887,-1,-1,-1
129,21,618.86,798.68,183.08,147.00,0.5588,-1,-1,-1
129,19,1045.67,102.90,35.44,71.26,0.7368,-1,-1,-1
129,18,1072.55,105.28,40.25,70.37,0.7485,-1,-1,-1
129,17,784.00,276.35,61.16,99.27,0.7676,-1,-1,-1
129,16,620.70,424.03,91.24,162.12,0.7994,-1,-1,-1
129,15,1122.64,64.31,37.99,63.79,0.8400,-1,-1,-1
129,14,606.66,321.28,66.55,108.22,0.8428,-1,-1,-1
129,13,634.70,408.68,67.85,108.71,0.8432,-1,-1,-1
129,12,513.12,523.90,73.44,142.74,0.8593,-1,-1,-1
129,11,829.21,248.55,47.64,93.89,0.8620,-1,-1,-1
129,6,430.48,388.25,80.39,121.76,0.8856,-1,-1,-1
129,5,355.89,159.27,54.33,80.81,0.8927,-1,-1,-1
129,4,870.78,255.38,50.02,103.81,0.8931,-1,-1,-1
129,3,579.67,391.19,59.31,132.43,0.9257,-1,-1,-1
129,2,667.89,813.67,180.28,136.68,0.9407,-1,-1,-1
129,1,338.64,440.25,87.32,140.83,0.9408,-1,-1,-1
130,41,0.44,682.53,112.32,195.36,0.5776,-1,-1,-1
130,40,929.41,168.66,59.26,99.79,0.5031,-1,-1,-1
130,39,93.79,602.01,118.52,175.68,0.5812,-1,-1,-1
130,38,188.29,806.90,151.60,193.24,0.6542,-1,-1,-1
130,34,58.21,765.15,150.36,221.42,0.5488,-1,-1,-1
130,31,256.71,617.43,117.34,172.84,0.5290,-1,-1,-1
130,29,565.51,527.47,71.74,164.46,0.5282,-1,-1,-1
130,27,300.98,511.49,91.65,149.86,0.5080,-1,-1,-1
130,26,257.53,636.26,143.87,224.95,0.5472,-1,-1,-1
130,25,634.22,555.73,83.15,152.79,0.7887,-1,-1,-1
130,21,618.88,798.81,184.96,148.10,0.5588,-1,-1,-1
130,19,1045.98,103.32,34.56,68.47,0.7368,-1,-1,-1
130,18,1072.27,106.12,40.50,69.11,0.7485,-1,-1,-1
130,17,785.33,276.36,61.25,98.93,0.7676,-1,-1,-1
130,16,617.03,421.35,94.88,164.80,0.7994,-1,-1,-1
130,15,1124.69,64.97,37.53,63.61,0.8400,-1,-1,-1
130,14,609.34,320.37,67.25,108.71,0.8428,-1,-1,-1
130,13,638.25,409.25,68.37,111.61,0.8432,-1,-1,-1
130,12,514.95,521.46,71.10,144.41,0.8593,-1,-1,-1
130,11,831.77,248.47,46.18,90.61,0.8620,-1,-1,-1
130,6,432.50,390.23,79.42,116.68,0.8856,-1,-1,-1
130,5,357.80,158.93,53.03,80.90,0.8927,-1,-1,-1
130,4,870.69,255.50,51.74,102.67,0.8931,-1,-1,-1
130,3,581.45,394.26,58.72,127.47,0.9257,-1,-1,-1
130,2,665.85,815.11,183.38,136.65,0.9407,-1,-1,-1
130,1,341.81,438.36,88.25,141.08,0.9408,-1,-1,-1
131,41,0.72,680.63,115.20,197.28,0.5776,-1,-1,-1
131,40,930.64,166.52,59.76,99.69,0.5031,-1,-1,-1
131,39,100.20,598.33,116.79,177.35,0.5812,-1,-1,-1
131,38,191.07,804.66,151.93,193.99,0.6542,-1,-1,-1
131,34,59.40,768.90,151.84,218.12,0.5488,-1,-1,-1
131,31,258.89,612.33,116.58,168.25,0.5290,-1,-1,-1
131,29,566.30,527.20,74.26,163.13,0.5282,-1,-1,-1
131,27,305.96,508.65,87.68,151.32,0.5080,-1,-1,-1
131,26,261.13,645.75,143.29,215.34,0.5472,-1,-1,-1
131,25,636.81,551.37,87.47,152.13,0.7887,-1,-1,-1
131,21,666.95,806.54,183.28,146.93,0.5588,-1,-1,-1
131,19,1048.51,103.72,31.73,66.67,0.7368,-1,-1,-1
131,18,1068.17,105.78,46.46,68.69,0.7485,-1,-1,-1
131,17,785.56,274.90,62.25,98.97,0.7676,-1,-1,-1
131,16,620.21,422.73,93.27,161.70,0.7994,-1,-1,-1
131,15,1124.06,63.48,39.16,65.52,0.8400,-1,-1,-1
131,14,609.91,320.82,69.45,109.78,0.8428,-1,-1,-1
131,13,636.95,410.96,67.04,105.57,0.8432,-1,-1,-1
131,12,517.73,520.38,71.18,143.47,0.8593,-1,-1,-1
131,11,832.33,248.24,45.69,89.25,0.8620,-1,-1,-1
131,6,435.95,389.07,76.78,115.57,0.8856,-1,-1,-1
131,5,361.26,158.74,52.23,81.11,0.8927,-1,-1,-1
131,4,870.83,253.98,52.84,101.96,0.8931,-1,-1,-1
131,3,584.69,392.54,57.31,120.40,0.9257,-1,-1,-1
131,2,618.67,802.73,171.23,144.52,0.9407,-1,-1,-1
131,1,347.28,437.34,84.30,140.26,0.9408,-1,-1,-1
132,41,1.21,680.03,111.76,196.62,0.5776,-1,-1,-1
132,40,930.66,168.58,60.79,94.89,0.5031,-1,-1,-1
132,39,102.80,597.31,115.45,176.59,0.5812,-1,-1,-1
132,38,193.50,805.10,149.79,193.08,0.6542,-1,-1,-1
132,34,61.57,799.69,151.65,188.46,0.5488,-1,-1,-1
132,31,263.14,615.89,113.71,166.47,0.5290,-1,-1,-1
132,29,567.77,526.44,75.55,163.95,0.5282,-1,-1,-1
132,27,309.06,508.81,89.91,150.67,0.5080,-1,-1,-1
132,26,257.48,677.94,149.16,181.72,0.5472,-1,-1,-1
132,25,638.27,548.11,86.64,158.87,0.7887,-1,-1,-1
132,21,668.36,811.48,181.48,143.54,0.5588,-1,-1,-1
132,19,1047.57,102.86,34.04,69.44,0.7368,-1,-1,-1
132,18,1073.73,104.14,41.78,69.20,0.7485,-1,-1,-1
132,17,787.36,272.95,60.98,101.27,0.7676,-1,-1,-1
132,16,632.40,433.91,81.14,146.83,0.7994,-1,-1,-1
132,15,1125.66,63.59,37.39,64.99,0.8400,-1,-1,-1
132,14,611.96,320.11,68.93,106.00,0.8428,-1,-1,-1
132,13,636.63,405.57,70.64,111.63,0.8432,-1,-1,-1
132,12,518.30,520.80,69.68,145.05,0.8593,-1,-1,-1
132,11,833.51,247.99,47.99,89.44,0.8620,-1,-1,-1
132,6,437.78,388.64,74.58,116.11,0.8856,-1,-1,-1
132,5,363.79,158.78,51.42,80.09,0.8927,-1,-1,-1
132,4,873.22,253.87,50.52,102.11,0.8931,-1,-1,-1
132,3,587.19,390.59,58.69,122.59,0.9257,-1,-1,-1
132,2,619.88,800.31,149.85,147.71,0.9407,-1,-1,-1
132,1,349.03,434.67,83.27,142.61,0.9408,-1,-1,-1
133,41,5.95,678.88,126.74,194.47,0.5776,-1,-1,-1
133,40,930.89,166.46,61.95,98.51,0.5031,-1,-1,-1
133,39,107.15,593.61,114.47,178.32,0.5812,-1,-1,-1
133,38,196.67,805.34,149.66,191.11,0.6542,-1,-1,-1
133,34,62.56,797.53,154.00,190.71,0.5488,-1,-1,-1
133,31,265.07,615.65,114.06,165.97,0.5290,-1,-1,-1
133,29,570.32,526.09,79.04,162.55,0.5282,-1,-1,-1
133,27,310.99,510.17,95.25,149.58,0.5080,-1,-1,-1
133,25,646.93,548.82,84.62,150.99,0.7887,-1,-1,-1
133,21,667.34,813.30,182.94,142.98,0.5588,-1,-1,-1
133,19,1046.96,102.00,37.10,70.34,0.7368,-1,-1,-1
133,18,1077.92,103.44,38.44,69.42,0.7485,-1,-1,-1
133,17,788.04,272.53,60.64,100.33,0.7676,-1,-1,-1
133,16,632.93,442.98,83.06,136.14,0.7994,-1,-1,-1
133,15,1129.77,63.96,33.89,63.63,0.8400,-1,-1,-1
133,14,616.27,317.01,65.82,109.36,0.8428,-1,-1,-1
133,13,639.93,403.25,69.19,112.38,0.8432,-1,-1,-1
133,12,519.52,520.29,70.12,145.00,0.8593,-1,-1,-1
133,11,834.66,247.33,46.67,90.09,0.8620,-1,-1,-1
133,6,440.21,386.09,76.18,118.82,0.8856,-1,-1,-1
133,5,365.79,158.17,52.46,80.09,0.8927,-1,-1,-1
133,4,877.73,254.20,51.20,103.38,0.8931,-1,-1,-1
133,3,589.39,384.11,56.10,127.36,0.9257,-1,-1,-1
133,2,619.00,802.52,176.53,146.30,0.9407,-1,-1,-1
133,1,353.12,433.37,81.89,142.98,0.9408,-1,-1,-1
134,41,11.23,679.50,134.32,191.02,0.5776,-1,-1,-1
134,40,930.80,167.90,61.68,99.38,0.5031,-1,-1,-1
134,39,111.29,591.46,116.02,178.69,0.5812,-1,-1,-1
134,38,200.87,803.77,146.94,189.19,0.6542,-1,-1,-1
134,34,62.81,796.30,154.57,192.58,0.5488,-1,-1,-1
134,31,275.92,612.86,111.78,165.58,0.5290,-1,-1,-1
134,29,571.55,534.32,80.83,154.79,0.5282,-1,-1,-1
134,27,313.63,510.30,98.21,148.47,0.5080,-1,-1,-1
134,21,668.39,815.35,181.65,141.13,0.5588,-1,-1,-1
134,19,1047.11,102.01,38.24,69.05,0.7368,-1,-1,-1
134,18,1077.81,104.09,38.96,68.19,0.7485,-1,-1,-1
134,17,788.25,272.75,60.90,100.84,0.7676,-1,-1,-1
134,16,631.76,451.87,85.45,128.39,0.7994,-1,-1,-1
134,15,1128.90,63.09,36.56,63.32,0.8400,-1,-1,-1
134,14,616.42,317.40,67.06,109.68,0.8428,-1,-1,-1
134,13,643.89,406.38,65.83,110.94,0.8432,-1,-1,-1
134,12,521.59,521.17,74.82,143.48,0.8593,-1,-1,-1
134,11,835.09,247.30,49.37,89.16,0.8620,-1,-1,-1
134,6,441.08,386.07,76.95,119.98,0.8856,-1,-1,-1
134,5,368.63,157.74,49.27,80.84,0.8927,-1,-1,-1
134,4,878.66,253.90,51.39,104.37,0.8931,-1,-1,-1
134,3,592.87,376.59,55.40,134.77,0.9257,-1,-1,-1
134,2,619.82,800.83,154.15,149.35,0.9407,-1,-1,-1
134,1,355.59,433.84,82.62,141.07,0.9408,-1,-1,-1
135,41,16.44,679.47,136.76,189.92,0.5776,-1,-1,-1
135,40,931.48,167.18,63.71,99.50,0.5031,-1,-1,-1
135,39,116.02,590.28,117.41,178.75,0.5812,-1,-1,-1
135,38,203.20,804.64,149.68,188.89,0.6542,-1,-1,-1
135,34,65.36,795.01,154.08,193.36,0.5488,-1,-1,-1
135,31,274.70,608.95,115.52,165.24,0.5290,-1,-1,-1
135,29,571.88,525.01,88.49,162.89,0.5282,-1,-1,-1
135,27,316.15,508.56,102.45,149.79,0.5080,-1,-1,-1
135,24,276.30,628.93,141.33,231.26,0.5168,-1,-1,-1
135,21,667.95,815.05,183.43,143.05,0.5588,-1,-1,-1
135,19,1047.06,101.06,39.33,70.58,0.7368,-1,-1,-1
135,18,1078.75,101.83,39.11,71.14,0.7485,-1,-1,-1
135,17,789.17,272.18,60.84,102.32,0.7676,-1,-1,-1
135,16,633.41,452.98,83.95,125.17,0.7994,-1,-1,-1
135,15,1129.16,62.80,37.07,64.03,0.8400,-1,-1,-1
135,14,611.71,317.19,73.47,108.74,0.8428,-1,-1,-1
135,13,645.15,404.82,65.63,112.05,0.8432,-1,-1,-1
135,12,522.22,520.15,70.56,144.43,0.8593,-1,-1,-1
135,11,836.52,246.11,46.39,90.42,0.8620,-1,-1,-1
135,6,443.86,384.98,76.11,120.18,0.8856,-1,-1,-1
135,5,371.53,156.47,49.33,81.76,0.8927,-1,-1,-1
135,4,876.93,250.19,56.51,102.67,0.8931,-1,-1,-1
135,3,594.36,381.17,57.95,137.55,0.9257,-1,-1,-1
135,2,619.63,803.53,176.83,146.49,0.9407,-1,-1,-1
135,1,359.65,433.67,80.91,139.67,0.9408,-1,-1,-1
136,41,17.93,678.39,139.75,190.08,0.5776,-1,-1,-1
136,40,931.86,167.15,62.93,97.23,0.5031,-1,-1,-1
136,39,119.55,588.72,116.53,178.36,0.5812,-1,-1,-1
136,38,206.18,803.02,146.96,187.59,0.6542,-1,-1,-1
136,34,64.92,793.60,155.28,195.90,0.5488,-1,-1,-1
136,31,276.50,609.26,114.61,164.62,0.5290,-1,-1,-1
136,29,573.17,523.17,90.07,165.17,0.5282,-1,-1,-1
136,27,318.67,506.52,95.07,149.69,0.5080,-1,-1,-1
136,21,667.42,813.33,183.95,145.06,0.5588,-1,-1,-1
136,19,1047.60,101.07,40.54,71.38,0.7368,-1,-1,-1
136,18,1079.74,101.37,37.99,70.25,0.7485,-1,-1,-1
136,17,789.35,271.18,62.42,103.17,0.7676,-1,-1,-1
136,16,636.12,458.96,85.17,119.72,0.7994,-1,-1,-1
136,15,1130.00,63.03,36.18,62.93,0.8400,-1,-1,-1
136,14,611.61,317.02,75.36,108.36,0.8428,-1,-1,-1
136,12,524.76,521.51,68.41,141.44,0.8593,-1,-1,-1
136,11,837.23,245.20,47.55,91.78,0.8620,-1,-1,-1
136,6,447.24,384.58,73.58,119.65,0.8856,-1,-1,-1
136,5,371.65,155.48,51.30,82.16,0.8927,-1,-1,-1
136,4,879.23,249.43,55.05,102.12,0.8931,-1,-1,-1
136,3,597.58,379.06,56.89,144.70,0.9257,-1,-1,-1
136,2,620.57,806.74,176.74,142.31,0.9407,-1,-1,-1
136,1,361.14,432.36,82.18,139.29,0.9408,-1,-1,-1
137,41,22.19,677.09,142.33,189.43,0.5776,-1,-1,-1
137,40,931.02,168.79,55.28,106.25,0.5031,-1,-1,-1
137,39,123.86,586.73,116.11,177.69,0.5812,-1,-1,-1
137,38,206.59,802.12,148.05,188.06,0.6542,-1,-1,-1
137,34,67.17,791.75,155.11,197.43,0.5488,-1,-1,-1
137,31,278.75,608.73,116.15,169.36,0.5290,-1,-1,-1
137,29,575.19,522.16,88.14,167.08,0.5282,-1,-1,-1
137,27,326.95,503.53,90.90,151.52,0.5080,-1,-1,-1
137,25,656.81,509.57,100.66,177.00,0.7887,-1,-1,-1
137,21,668.94,812.28,181.62,146.63,0.5588,-1,-1,-1
137,19,1047.65,101.39,41.00,70.71,0.7368,-1,-1,-1
137,18,1080.20,101.27,40.12,70.27,0.7485,-1,-1,-1
137,17,790.86,271.86,60.97,101.51,0.7676,-1,-1,-1
137,16,639.68,439.35,80.01,142.13,0.7994,-1,-1,-1
137,15,1130.93,62.80,36.47,62.27,0.8400,-1,-1,-1
137,14,615.42,317.29,72.74,110.28,0.8428,-1,-1,-1
137,12,525.41,521.68,68.99,141.83,0.8593,-1,-1,-1
137,11,838.96,244.76,47.31,91.57,0.8620,-1,-1,-1
137,6,448.65,384.31,75.99,119.44,0.8856,-1,-1,-1
137,5,375.16,155.50,49.74,80.84,0.8927,-1,-1,-1
137,4,881.98,249.12,55.25,101.82,0.8931,-1,-1,-1
137,3,601.23,385.98,54.81,132.22,0.9257,-1,-1,-1
137,2,623.67,802.68,174.65,147.55,0.9407,-1,-1,-1
137,1,365.85,430.91,80.76,140.08,0.9408,-1,-1,-1
138,41,23.52,674.49,145.49,191.92,0.5776,-1,-1,-1
138,40,931.41,166.70,56.12,108.77,0.5031,-1,-1,-1
138,39,128.17,583.65,112.90,180.17,0.5812,-1,-1,-1
138,38,208.41,800.49,147.27,188.97,0.6542,-1,-1,-1
138,34,67.64,790.91,156.68,197.99,0.5488,-1,-1,-1
138,31,284.29,612.01,113.05,163.95,0.5290,-1,-1,-1
138,29,575.82,521.45,90.02,166.75,0.5282,-1,-1,-1
138,27,328.35,503.60,90.79,151.32,0.5080,-1,-1,-1
138,26,279.54,682.11,145.45,179.68,0.5472,-1,-1,-1
138,25,666.28,516.90,96.60,166.40,0.7887,-1,-1,-1
138,21,668.79,811.30,182.28,148.04,0.5588,-1,-1,-1
138,19,1049.89,102.27,39.50,69.55,0.7368,-1,-1,-1
138,18,1081.39,101.28,40.00,69.58,0.7485,-1,-1,-1
138,17,791.78,268.84,61.45,103.68,0.7676,-1,-1,-1
138,16,633.87,450.22,86.65,134.90,0.7994,-1,-1,-1
138,15,1131.42,62.06,36.44,63.17,0.8400,-1,-1,-1
138,14,617.38,317.94,69.85,108.40,0.8428,-1,-1,-1
138,12,527.06,520.03,68.85,143.66,0.8593,-1,-1,-1
138,11,839.92,244.30,48.10,92.20,0.8620,-1,-1,-1
138,6,450.14,382.69,70.95,121.79,0.8856,-1,-1,-1
138,5,376.68,155.01,49.78,81.77,0.8927,-1,-1,-1
138,4,881.26,250.54,54.45,101.11,0.8931,-1,-1,-1
138,3,603.37,381.22,57.95,137.67,0.9257,-1,-1,-1
138,2,624.50,805.96,177.46,143.54,0.9407,-1,-1,-1
138,1,367.60,429.64,81.31,140.35,0.9408,-1,-1,-1
139,41,27.52,675.09,146.03,188.33,0.5776,-1,-1,-1
139,40,931.26,173.07,53.62,101.79,0.5031,-1,-1,-1
139,39,132.29,583.90,116.16,178.74,0.5812,-1,-1,-1
139,38,206.85,800.95,150.84,188.02,0.6542,-1,-1,-1
139,34,67.68,788.45,160.43,200.34,0.5488,-1,-1,-1
139,31,285.63,613.54,117.25,171.99,0.5290,-1,-1,-1
139,29,578.00,522.63,91.11,165.61,0.5282,-1,-1,-1
139,27,328.76,501.53,92.83,153.10,0.5080,-1,-1,-1
139,26,279.61,693.78,147.77,168.07,0.5472,-1,-1,-1
139,25,673.76,510.78,93.27,167.73,0.7887,-1,-1,-1
139,21,670.23,808.39,181.42,150.98,0.5588,-1,-1,-1
139,19,1049.88,102.26,41.10,69.84,0.7368,-1,-1,-1
139,18,1083.53,99.47,39.46,70.48,0.7485,-1,-1,-1
139,17,792.53,269.77,61.99,103.17,0.7676,-1,-1,-1
139,16,636.46,448.71,89.01,135.83,0.7994,-1,-1,-1
139,15,1131.98,63.00,37.56,61.69,0.8400,-1,-1,-1
139,14,617.71,318.22,71.67,107.97,0.8428,-1,-1,-1
139,13,650.22,398.40,67.94,117.81,0.8432,-1,-1,-1
139,12,528.09,519.20,69.77,144.31,0.8593,-1,-1,-1
139,11,840.89,241.54,49.61,95.08,0.8620,-1,-1,-1
139,10,943.67,163.50,53.16,83.44,0.8627,-1,-1,-1
139,6,453.02,381.99,71.77,121.75,0.8856,-1,-1,-1
139,5,378.87,154.43,50.32,83.85,0.8927,-1,-1,-1
139,4,883.53,246.46,53.88,100.38,0.8931,-1,-1,-1
139,3,607.36,386.55,52.65,129.70,0.9257,-1,-1,-1
139,2,624.25,804.64,172.82,144.60,0.9407,-1,-1,-1
139,1,370.02,428.00,86.57,140.08,0.9408,-1,-1,-1
140,41,30.02,672.53,145.22,190.55,0.5776,-1,-1,-1
140,40,930.56,177.77,52.29,97.17,0.5031,-1,-1,-1
140,39,136.47,581.61,115.79,179.91,0.5812,-1,-1,-1
140,38,208.64,799.80,151.12,188.42,0.6542,-1,-1,-1
140,34,67.53,789.66,159.52,199.74,0.5488,-1,-1,-1
140,31,289.36,615.45,115.73,167.57,0.5290,-1,-1,-1
140,29,578.87,520.83,94.07,166.78,0.5282,-1,-1,-1
140,27,330.79,501.82,91.27,153.05,0.5080,-1,-1,-1
140,26,288.13,693.57,142.35,168.90,0.5472,-1,-1,-1
140,25,677.66,517.27,90.21,160.39,0.7887,-1,-1,-1
140,21,670.72,810.85,180.30,148.95,0.5588,-1,-1,-1
140,19,1048.65,101.68,42.86,69.60,0.7368,-1,-1,-1
140,18,1083.99,99.20,40.26,70.15,0.7485,-1,-1,-1
140,17,793.21,269.11,61.91,103.18,0.7676,-1,-1,-1
140,15,1132.84,62.86,37.09,61.37,0.8400,-1,-1,-1
140,14,619.67,317.69,70.64,108.80,0.8428,-1,-1,-1
140,13,644.60,403.24,72.70,111.09,0.8432,-1,-1,-1
140,12,529.34,518.20,68.65,144.98,0.8593,-1,-1,-1
140,11,841.54,243.30,50.16,93.17,0.8620,-1,-1,-1
140,10,947.74,164.18,49.60,82.05,0.8627,-1,-1,-1
140,6,454.24,379.82,74.47,123.21,0.8856,-1,-1,-1
140,5,380.79,153.81,50.05,84.62,0.8927,-1,-1,-1
140,4,885.24,247.80,52.26,99.42,0.8931,-1,-1,-1
140,3,608.31,384.48,52.14,131.74,0.9257,-1,-1,-1
140,2,622.81,801.57,173.87,149.48,0.9407,-1,-1,-1
140,1,371.60,427.61,85.94,139.89,0.9408,-1,-1,-1
141,41,34.86,671.30,144.22,190.33,0.5776,-1,-1,-1
141,40,931.49,178.86,51.56,96.85,0.5031,-1,-1,-1
141,39,141.68,580.42,115.37,179.16,0.5812,-1,-1,-1
141,38,209.74,802.79,152.87,184.41,0.6542,-1,-1,-1
141,34,69.67,782.92,157.84,205.12,0.5488,-1,-1,-1
141,31,293.88,616.90,119.31,166.90,0.5290,-1,-1,-1
141,29,581.92,518.67,95.60,167.27,0.5282,-1,-1,-1
141,27,336.01,503.60,96.10,150.73,0.5080,-1,-1,-1
141,26,298.41,694.85,134.84,165.02,0.5472,-1,-1,-1
141,25,682.75,517.18,88.08,156.19,0.7887,-1,-1,-1
141,21,670.13,808.54,182.43,150.61,0.5588,-1,-1,-1
141,19,1047.95,101.27,44.63,70.16,0.7368,-1,-1,-1
141,18,1085.81,99.17,38.21,69.30,0.7485,-1,-1,-1
141,17,794.44,268.32,62.12,103.71,0.7676,-1,-1,-1
141,15,1134.48,62.60,36.34,60.91,0.8400,-1,-1,-1
141,14,620.27,317.74,69.80,109.91,0.8428,-1,-1,-1
141,13,632.65,385.83,87.55,128.64,0.8432,-1,-1,-1
141,12,532.23,518.47,69.00,144.56,0.8593,-1,-1,-1
141,11,843.60,241.11,49.15,94.63,0.8620,-1,-1,-1
141,10,954.71,161.90,44.36,84.55,0.8627,-1,-1,-1
141,6,458.42,380.81,73.57,121.27,0.8856,-1,-1,-1
141,5,383.42,153.61,50.58,84.12,0.8927,-1,-1,-1
141,4,885.28,244.84,55.36,101.13,0.8931,-1,-1,-1
141,3,608.90,391.82,49.34,123.09,0.9257,-1,-1,-1
141,2,623.42,806.24,171.50,144.58,0.9407,-1,-1,-1
141,1,376.44,425.67,84.79,139.16,0.9408,-1,-1,-1
142,41,38.33,671.73,145.39,189.26,0.5776,-1,-1,-1
142,40,931.57,177.54,52.25,98.00,0.5031,-1,-1,-1
142,39,145.39,579.92,115.10,178.66,0.5812,-1,-1,-1
142,38,210.96,803.38,155.00,182.64,0.6542,-1,-1,-1
142,34,70.80,743.70,156.92,243.42,0.5488,-1,-1,-1
142,31,299.54,617.01,115.68,167.31,0.5290,-1,-1,-1
142,29,582.54,520.21,97.75,165.73,0.5282,-1,-1,-1
142,27,339.13,502.75,96.41,150.59,0.5080,-1,-1,-1
142,26,301.65,696.29,134.45,163.85,0.5472,-1,-1,-1
142,25,683.77,511.63,91.21,165.45,0.7887,-1,-1,-1
142,21,670.21,811.34,182.96,148.45,0.5588,-1,-1,-1
142,19,1048.11,100.72,45.02,71.90,0.7368,-1,-1,-1
142,18,1087.82,99.52,38.40,68.58,0.7485,-1,-1,-1
142,17,794.77,269.16,62.17,102.52,0.7676,-1,-1,-1
142,15,1134.80,62.77,36.38,60.38,0.8400,-1,-1,-1
142,14,623.48,317.96,68.02,107.00,0.8428,-1,-1,-1
142,13,632.42,380.27,87.42,134.33,0.8432,-1,-1,-1
142,12,532.80,517.80,68.62,145.34,0.8593,-1,-1,-1
142,11,845.23,242.44,48.81,92.06,0.8620,-1,-1,-1
142,10,954.13,162.55,45.13,84.30,0.8627,-1,-1,-1
142,6,459.44,381.03,71.71,120.80,0.8856,-1,-1,-1
142,5,384.89,152.43,51.32,84.29,0.8927,-1,-1,-1
142,4,886.35,243.85,56.98,101.10,0.8931,-1,-1,-1
142,3,613.96,386.13,46.06,128.91,0.9257,-1,-1,-1
142,2,623.01,806.04,174.79,145.71,0.9407,-1,-1,-1
142,1,379.21,424.14,84.22,140.54,0.9408,-1,-1,-1
143,41,47.98,669.54,138.40,188.21,0.5776,-1,-1,-1
143,40,932.10,175.13,50.81,99.93,0.5031,-1,-1,-1
143,39,149.32,580.69,113.10,172.45,0.5812,-1,-1,-1
143,38,214.31,805.22,152.12,180.99,0.6542,-1,-1,-1
143,34,71.87,740.35,157.43,246.81,0.5488,-1,-1,-1
143,31,300.50,611.60,117.47,164.32,0.5290,-1,-1,-1
143,29,582.47,519.99,98.62,165.09,0.5282,-1,-1,-1
143,27,344.46,501.81,95.66,151.80,0.5080,-1,-1,-1
143,26,303.17,696.40,137.20,163.29,0.5472,-1,-1,-1
143,25,683.65,513.36,80.21,158.89,0.7887,-1,-1,-1
143,21,670.66,814.00,182.68,145.93,0.5588,-1,-1,-1
143,19,1049.33,99.68,43.54,72.76,0.7368,-1,-1,-1
143,18,1091.68,98.82,36.06,68.81,0.7485,-1,-1,-1
143,17,797.27,269.18,60.31,101.59,0.7676,-1,-1,-1
143,15,1134.99,62.43,39.29,60.66,0.8400,-1,-1,-1
143,14,624.86,316.97,69.04,109.49,0.8428,-1,-1,-1
143,13,633.08,387.03,86.78,125.84,0.8432,-1,-1,-1
143,12,536.17,518.15,64.62,145.15,0.8593,-1,-1,-1
143,11,847.51,241.08,47.37,95.00,0.8620,-1,-1,-1
143,10,956.42,162.66,44.73,83.18,0.8627,-1,-1,-1
143,6,462.38,380.54,74.66,120.64,0.8856,-1,-1,-1
143,5,386.64,152.36,51.46,81.51,0.8927,-1,-1,-1
143,4,887.94,242.40,53.89,101.50,0.8931,-1,-1,-1
143,1,383.28,423.21,80.45,139.20,0.9408,-1,-1,-1
144,41,50.68,669.17,138.17,187.23,0.5776,-1,-1,-1
144,40,931.83,181.46,50.01,93.80,0.5031,-1,-1,-1
144,39,152.83,578.43,113.13,171.55,0.5812,-1,-1,-1
144,38,215.88,804.85,151.34,181.19,0.6542,-1,-1,-1
144,34,72.70,749.81,158.39,237.44,0.5488,-1,-1,-1
144,31,300.75,611.82,119.05,166.35,0.5290,-1,-1,-1
144,29,583.74,520.23,98.58,163.68,0.5282,-1,-1,-1
144,27,348.88,502.15,90.43,150.76,0.5080,-1,-1,-1
144,26,303.59,699.54,139.80,160.01,0.5472,-1,-1,-1
144,25,682.23,514.66,97.14,153.77,0.7887,-1,-1,-1
144,21,671.77,819.91,180.83,138.24,0.5588,-1,-1,-1
144,19,1049.88,100.05,43.16,71.90,0.7368,-1,-1,-1
144,18,1092.00,99.47,36.65,68.15,0.7485,-1,-1,-1
144,17,799.12,268.78,59.18,102.14,0.7676,-1,-1,-1
144,15,1136.92,63.99,37.11,59.26,0.8400,-1,-1,-1
144,14,626.83,316.93,69.44,107.67,0.8428,-1,-1,-1
144,13,658.10,405.39,67.17,108.50,0.8432,-1,-1,-1
144,12,535.53,517.22,68.01,144.96,0.8593,-1,-1,-1
144,11,847.70,241.30,46.88,94.36,0.8620,-1,-1,-1
144,10,956.80,161.92,44.26,82.93,0.8627,-1,-1,-1
144,6,463.74,379.39,75.66,119.32,0.8856,-1,-1,-1
144,5,388.47,151.84,50.00,82.20,0.8927,-1,-1,-1
144,4,889.04,242.57,53.49,99.47,0.8931,-1,-1,-1
144,1,385.57,423.80,80.49,138.79,0.9408,-1,-1,-1
145,44,623.52,800.76,90.20,152.99,0.6433,-1,-1,-1
145,41,62.89,666.88,128.18,184.30,0.5776,-1,-1,-1
145,40,932.32,177.98,51.03,96.86,0.5031,-1,-1,-1
145,39,160.69,576.98,109.97,168.37,0.5812,-1,-1,-1
145,38,219.74,803.79,148.27,181.68,0.6542,-1,-1,-1
145,34,74.15,760.94,157.45,226.16,0.5488,-1,-1,-1
145,31,303.03,611.17,120.01,166.45,0.5290,-1,-1,-1
145,29,584.10,518.98,102.31,165.15,0.5282,-1,-1,-1
145,27,351.63,499.37,92.30,151.15,0.5080,-1,-1,-1
145,26,311.45,706.47,133.48,153.84,0.5472,-1,-1,-1
145,25,684.30,514.83,95.37,152.87,0.7887,-1,-1,-1
145,21,671.87,819.23,181.64,140.00,0.5588,-1,-1,-1
145,19,1050.04,99.23,42.47,72.17,0.7368,-1,-1,-1
145,18,1092.41,97.78,36.60,70.93,0.7485,-1,-1,-1
145,17,800.94,271.24,58.71,99.76,0.7676,-1,-1,-1
145,15,1138.25,63.03,36.83,60.15,0.8400,-1,-1,-1
145,14,627.48,317.45,68.50,106.39,0.8428,-1,-1,-1
145,13,658.18,393.31,70.41,121.37,0.8432,-1,-1,-1
145,12,539.08,518.42,63.65,144.23,0.8593,-1,-1,-1
145,11,848.29,239.44,46.70,95.88,0.8620,-1,-1,-1
145,10,957.38,161.34,44.52,81.87,0.8627,-1,-1,-1
145,6,467.22,377.74,74.79,118.85,0.8856,-1,-1,-1
145,5,389.19,149.77,52.86,81.43,0.8927,-1,-1,-1
145,4,890.78,241.25,53.49,99.78,0.8931,-1,-1,-1
145,1,389.93,422.99,85.85,137.87,0.9408,-1,-1,-1
146,41,67.55,667.99,126.59,181.44,0.5776,-1,-1,-1
146,40,932.96,178.41,50.69,96.30,0.5031,-1,-1,-1
146,39,162.56,575.98,110.36,169.62,0.5812,-1,-1,-1
146,38,220.34,803.70,150.23,181.43,0.6542,-1,-1,-1
146,37,1311.86,11.45,21.23,20.86,0.5319,-1,-1,-1
146,34,73.79,746.22,157.99,241.34,0.5488,-1,-1,-1
146,31,307.09,616.02,119.45,173.92,0.5290,-1,-1,-1
146,29,584.71,518.50,102.01,164.95,0.5282,-1,-1,-1
146,27,353.58,498.68,92.35,151.64,0.5080,-1,-1,-1
146,26,312.25,705.56,137.33,151.97,0.5472,-1,-1,-1
146,25,695.42,506.84,93.27,155.60,0.7887,-1,-1,-1
146,21,672.97,820.53,180.20,139.17,0.5588,-1,-1,-1
146,19,1051.49,99.04,41.24,73.77,0.7368,-1,-1,-1
146,18,1092.49,97.04,38.58,70.39,0.7485,-1,-1,-1
146,17,800.93,270.08,61.43,99.47,0.7676,-1,-1,-1
146,16,638.41,450.80,67.68,134.86,0.7994,-1,-1,-1
146,15,1138.44,64.27,38.00,58.78,0.8400,-1,-1,-1
146,14,627.74,316.43,71.00,106.94,0.8428,-1,-1,-1
146,13,655.75,400.97,71.48,113.66,0.8432,-1,-1,-1
146,12,538.82,519.81,67.08,143.41,0.8593,-1,-1,-1
146,11,849.23,238.90,46.52,96.56,0.8620,-1,-1,-1
146,10,957.86,160.80,44.51,81.86,0.8627,-1,-1,-1
146,6,469.16,377.97,73.67,120.54,0.8856,-1,-1,-1
146,5,390.97,151.49,52.01,79.86,0.8927,-1,-1,-1
146,4,892.04,241.28,52.03,99.48,0.8931,-1,-1,-1
146,1,392.36,421.72,83.62,138.28,0.9408,-1,-1,-1
147,45,623.14,798.79,146.58,156.07,0.5579,-1,-1,-1
147,41,73.97,667.09,123.72,178.22,0.5776,-1,-1,-1
147,40,934.10,175.82,50.07,98.86,0.5031,-1,-1,-1
147,39,167.69,575.16,110.95,169.30,0.5812,-1,-1,-1
147,38,224.06,803.37,147.98,181.49,0.6542,-1,-1,-1
147,34,75.02,731.35,159.52,255.42,0.5488,-1,-1,-1
147,31,308.12,614.48,120.06,178.20,0.5290,-1,-1,-1
147,29,588.21,519.61,98.98,161.80,0.5282,-1,-1,-1
147,27,356.77,498.68,91.76,150.58,0.5080,-1,-1,-1
147,26,313.43,706.57,138.09,150.46,0.5472,-1,-1,-1
147,25,702.72,510.33,89.01,149.37,0.7887,-1,-1,-1
147,21,671.93,820.50,181.01,140.37,0.5588,-1,-1,-1
147,19,1051.61,98.79,41.97,72.24,0.7368,-1,-1,-1
147,18,1094.45,97.14,38.31,70.12,0.7485,-1,-1,-1
147,17,803.60,269.95,58.61,100.94,0.7676,-1,-1,-1
147,16,638.66,454.55,70.03,132.87,0.7994,-1,-1,-1
147,15,1138.72,61.39,37.67,61.21,0.8400,-1,-1,-1
147,14,627.30,315.71,72.82,108.78,0.8428,-1,-1,-1
147,13,657.68,404.65,73.75,111.65,0.8432,-1,-1,-1
147,12,540.70,520.21,66.09,143.19,0.8593,-1,-1,-1
147,11,849.96,240.23,49.14,94.82,0.8620,-1,-1,-1
147,10,957.86,160.20,45.39,85.08,0.8627,-1,-1,-1
147,6,472.13,376.49,71.17,121.58,0.8856,-1,-1,-1
147,5,394.31,151.11,52.77,80.48,0.8927,-1,-1,-1
147,4,893.57,241.14,52.34,96.33,0.8931,-1,-1,-1
147,1,395.51,421.68,85.04,139.45,0.9408,-1,-1,-1
148,45,622.67,797.10,118.14,158.23,0.5579,-1,-1,-1
148,41,73.85,667.77,125.81,180.81,0.5776,-1,-1,-1
148,40,933.85,176.70,49.78,98.21,0.5031,-1,-1,-1
148,39,169.15,574.63,113.27,169.88,0.5812,-1,-1,-1
148,38,224.82,801.80,149.64,182.38,0.6542,-1,-1,-1
148,34,76.23,736.20,158.59,251.33,0.5488,-1,-1,-1
148,31,310.42,613.71,121.58,177.37,0.5290,-1,-1,-1
148,29,587.86,517.73,101.12,164.57,0.5282,-1,-1,-1
148,27,357.64,498.22,94.60,151.19,0.5080,-1,-1,-1
148,26,314.81,705.89,138.72,151.00,0.5472,-1,-1,-1
148,25,705.82,509.87,87.08,145.31,0.7887,-1,-1,-1
148,21,671.99,827.35,182.51,133.62,0.5588,-1,-1,-1
148,19,1051.93,98.90,42.06,70.56,0.7368,-1,-1,-1
148,18,1095.85,97.19,37.76,69.51,0.7485,-1,-1,-1
148,17,803.44,269.56,59.28,99.61,0.7676,-1,-1,-1
148,16,641.33,448.03,71.68,138.84,0.7994,-1,-1,-1
148,15,1139.95,62.83,39.21,60.12,0.8400,-1,-1,-1
148,14,628.29,314.91,71.93,109.08,0.8428,-1,-1,-1
148,13,656.86,404.44,75.39,110.77,0.8432,-1,-1,-1
148,12,540.40,519.19,66.80,143.34,0.8593,-1,-1,-1
148,11,852.29,238.61,48.26,96.62,0.8620,-1,-1,-1
148,10,959.00,161.13,44.67,82.24,0.8627,-1,-1,-1
148,6,473.52,376.53,72.97,120.17,0.8856,-1,-1,-1
148,5,396.30,150.68,51.97,79.13,0.8927,-1,-1,-1
148,4,895.03,241.28,51.20,95.73,0.8931,-1,-1,-1
148,1,397.65,420.48,83.88,138.90,0.9408,-1,-1,-1
149,41,78.56,667.73,124.93,180.93,0.5776,-1,-1,-1
149,40,934.65,176.79,50.26,98.55,0.5031,-1,-1,-1
149,39,175.74,573.65,111.24,167.57,0.5812,-1,-1,-1
149,38,225.87,801.00,150.62,183.36,0.6542,-1,-1,-1
149,34,77.74,751.92,158.91,235.15,0.5488,-1,-1,-1
149,31,316.08,611.46,119.23,168.86,0.5290,-1,-1,-1
149,29,590.37,517.64,98.97,164.75,0.5282,-1,-1,-1
149,27,361.16,498.82,93.26,151.72,0.5080,-1,-1,-1
149,26,320.40,703.88,134.64,153.67,0.5472,-1,-1,-1
149,25,710.79,501.77,84.84,148.54,0.7887,-1,-1,-1
149,21,673.79,822.26,181.60,139.03,0.5588,-1,-1,-1
149,19,1052.38,99.42,40.80,70.32,0.7368,-1,-1,-1
149,18,1096.13,96.45,38.14,69.78,0.7485,-1,-1,-1
149,17,803.79,268.83,58.42,101.61,0.7676,-1,-1,-1
149,16,640.74,450.56,77.00,135.77,0.7994,-1,-1,-1
149,15,1139.94,62.78,40.47,60.50,0.8400,-1,-1,-1
149,14,629.98,315.07,68.18,111.06,0.8428,-1,-1,-1
149,13,654.74,394.85,72.05,116.84,0.8432,-1,-1,-1
149,12,542.22,520.86,67.26,142.51,0.8593,-1,-1,-1
149,11,851.59,238.23,49.60,96.74,0.8620,-1,-1,-1
149,10,959.72,161.28,45.57,81.25,0.8627,-1,-1,-1
149,6,475.95,374.41,70.46,121.14,0.8856,-1,-1,-1
149,5,398.64,151.62,51.98,78.06,0.8927,-1,-1,-1
149,4,896.13,240.73,52.10,97.02,0.8931,-1,-1,-1
149,1,403.81,419.48,82.39,136.36,0.9408,-1,-1,-1
150,41,87.83,665.80,118.48,180.86,0.5776,-1,-1,-1
150,40,935.14,178.91,49.98,96.97,0.5031,-1,-1,-1
150,39,178.01,573.42,113.78,168.26,0.5812,-1,-1,-1
150,38,226.70,800.92,150.56,182.39,0.6542,-1,-1,-1
150,34,79.44,741.69,157.83,245.24,0.5488,-1,-1,-1
150,31,320.38,611.51,116.20,168.17,0.5290,-1,-1,-1
150,29,591.74,517.20,99.18,162.89,0.5282,-1,-1,-1
150,27,364.40,497.51,90.64,151.65,0.5080,-1,-1,-1
150,26,323.67,702.95,134.56,155.52,0.5472,-1,-1,-1
150,25,714.33,488.95,89.93,158.18,0.7887,-1,-1,-1
150,21,673.79,821.02,182.79,140.71,0.5588,-1,-1,-1
150,19,1051.30,99.54,42.61,72.43,0.7368,-1,-1,-1
150,18,1096.58,94.78,38.80,71.42,0.7485,-1,-1,-1
150,17,804.05,267.82,60.32,99.88,0.7676,-1,-1,-1
150,16,641.39,455.43,77.25,134.27,0.7994,-1,-1,-1
150,15,1141.94,62.58,37.47,60.25,0.8400,-1,-1,-1
150,14,631.22,314.76,68.23,110.63,0.8428,-1,-1,-1
150,13,661.81,390.26,70.25,124.26,0.8432,-1,-1,-1
150,12,543.61,518.77,67.17,143.35,0.8593,-1,-1,-1
150,11,852.49,238.76,50.41,96.13,0.8620,-1,-1,-1
150,10,960.43,160.60,45.71,82.63,0.8627,-1,-1,-1
150,6,477.87,374.28,70.47,120.19,0.8856,-1,-1,-1
150,5,400.20,151.77,52.17,78.10,0.8927,-1,-1,-1
150,4,896.76,240.38,52.92,95.60,0.8931,-1,-1,-1
150,1,405.56,418.04,80.17,137.63,0.9408,-1,-1,-1
151,44,624.17,871.89,87.77,85.27,0.6433,-1,-1,-1
151,41,86.76,665.10,125.13,179.74,0.5776,-1,-1,-1
151,40,934.91,177.80,49.53,97.74,0.5031,-1,-1,-1
151,39,182.72,570.58,111.53,168.25,0.5812,-1,-1,-1
151,38,229.03,798.52,149.11,183.73,0.6542,-1,-1,-1
151,34,80.67,745.92,156.63,240.91,0.5488,-1,-1,-1
151,31,324.70,607.06,116.30,166.49,0.5290,-1,-1,-1
151,29,591.81,518.09,99.12,163.49,0.5282,-1,-1,-1
151,27,366.80,496.66,91.84,151.06,0.5080,-1,-1,-1
151,26,325.33,699.29,135.18,159.34,0.5472,-1,-1,-1
151,25,721.48,485.22,86.79,160.25,0.7887,-1,-1,-1
151,21,674.03,829.96,179.34,133.23,0.5588,-1,-1,-1
151,19,1052.47,98.94,42.43,73.28,0.7368,-1,-1,-1
151,18,1097.66,96.45,38.26,71.51,0.7485,-1,-1,-1
151,17,804.32,266.57,60.62,101.07,0.7676,-1,-1,-1
151,16,641.56,453.65,80.01,135.87,0.7994,-1,-1,-1
151,15,1142.63,64.13,38.33,57.78,0.8400,-1,-1,-1
151,14,634.13,314.57,68.44,111.56,0.8428,-1,-1,-1
151,12,544.30,516.88,67.12,144.12,0.8593,-1,-1,-1
151,11,853.44,237.87,50.50,97.15,0.8620,-1,-1,-1
151,10,961.74,160.54,44.71,81.90,0.8627,-1,-1,-1
151,6,479.75,373.96,76.36,120.12,0.8856,-1,-1,-1
151,5,401.48,151.02,52.20,76.79,0.8927,-1,-1,-1
151,4,896.72,240.00,53.13,96.65,0.8931,-1,-1,-1
151,2,623.56,801.97,108.71,154.10,0.9407,-1,-1,-1
151,1,408.61,417.83,81.78,138.67,0.9408,-1,-1,-1
152,41,98.31,665.07,115.76,178.18,0.5776,-1,-1,-1
152,40,935.00,178.19,52.19,97.21,0.5031,-1,-1,-1
152,39,186.45,570.01,111.45,166.45,0.5812,-1,-1,-1
152,38,229.45,799.97,150.37,182.44,0.6542,-1,-1,-1
152,34,80.96,775.63,157.68,211.76,0.5488,-1,-1,-1
152,31,328.59,607.08,114.25,166.50,0.5290,-1,-1,-1
152,29,591.58,517.74,100.70,163.29,0.5282,-1,-1,-1
152,27,369.33,497.31,90.32,149.60,0.5080,-1,-1,-1
152,26,328.83,696.80,131.61,161.73,0.5472,-1,-1,-1
152,25,718.50,491.99,93.29,153.86,0.7887,-1,-1,-1
152,21,674.18,829.38,180.10,135.00,0.5588,-1,-1,-1
152,20,1517.72,84.39,32.59,35.49,0.7229,-1,-1,-1
152,19,1052.87,98.95,42.39,73.08,0.7368,-1,-1,-1
152,18,1097.95,94.37,39.15,72.49,0.7485,-1,-1,-1
152,17,805.44,266.37,60.54,100.82,0.7676,-1,-1,-1
152,16,643.06,445.45,83.83,143.77,0.7994,-1,-1,-1
152,15,1143.38,63.49,38.46,59.03,0.8400,-1,-1,-1
152,14,635.82,312.45,69.13,114.69,0.8428,-1,-1,-1
152,12,546.30,517.93,65.98,143.04,0.8593,-1,-1,-1
152,11,856.08,238.22,47.97,95.93,0.8620,-1,-1,-1
152,10,962.81,159.56,46.26,83.89,0.8627,-1,-1,-1
152,6,482.11,373.33,72.92,118.65,0.8856,-1,-1,-1
152,5,404.11,150.01,51.58,78.83,0.8927,-1,-1,-1
152,4,898.79,238.15,51.44,97.06,0.8931,-1,-1,-1
152,3,637.55,378.91,52.54,124.80,0.9257,-1,-1,-1
152,2,623.91,801.04,142.40,155.35,0.9407,-1,-1,-1
152,1,411.98,419.14,80.12,135.38,0.9408,-1,-1,-1
153,41,101.68,664.15,119.18,175.58,0.5776,-1,-1,-1
153,40,936.27,179.03,51.68,96.46,0.5031,-1,-1,-1
153,39,190.40,566.99,110.85,168.85,0.5812,-1,-1,-1
153,38,228.98,800.18,152.15,182.87,0.6542,-1,-1,-1
153,34,82.11,728.27,159.72,258.08,0.5488,-1,-1,-1
153,31,334.40,606.47,114.03,166.19,0.5290,-1,-1,-1
153,29,592.63,517.84,100.02,162.10,0.5282,-1,-1,-1
153,27,371.52,495.37,94.58,151.08,0.5080,-1,-1,-1
153,26,330.99,694.08,132.49,164.40,0.5472,-1,-1,-1
153,25,730.53,489.21,77.54,143.87,0.7887,-1,-1,-1
153,21,673.93,830.15,178.29,136.14,0.5588,-1,-1,-1
153,20,1517.35,84.16,33.20,35.64,0.7229,-1,-1,-1
153,19,1055.69,101.46,39.35,69.35,0.7368,-1,-1,-1
153,18,1099.76,93.18,38.24,73.06,0.7485,-1,-1,-1
153,17,805.55,265.15,62.06,100.91,0.7676,-1,-1,-1
153,16,645.51,449.97,90.33,138.53,0.7994,-1,-1,-1
153,15,1144.35,63.01,38.80,59.25,0.8400,-1,-1,-1
153,14,638.89,312.64,66.81,110.93,0.8428,-1,-1,-1
153,12,545.63,517.46,68.44,142.26,0.8593,-1,-1,-1
153,11,856.75,238.08,49.44,95.25,0.8620,-1,-1,-1
153,10,964.83,159.85,48.07,81.35,0.8627,-1,-1,-1
153,6,483.52,372.77,72.54,119.17,0.8856,-1,-1,-1
153,5,406.33,149.33,52.86,80.45,0.8927,-1,-1,-1
153,4,899.98,239.02,50.49,93.71,0.8931,-1,-1,-1
153,1,414.89,417.78,84.68,135.93,0.9408,-1,-1,-1
154,41,89.24,664.54,132.20,177.83,0.5776,-1,-1,-1
154,40,936.42,178.37,51.75,97.01,0.5031,-1,-1,-1
154,39,194.05,565.52,109.96,169.32,0.5812,-1,-1,-1
154,38,231.02,799.83,150.35,182.54,0.6542,-1,-1,-1
154,34,83.21,726.95,158.52,259.00,0.5488,-1,-1,-1
154,31,337.04,603.07,113.65,165.90,0.5290,-1,-1,-1
154,29,592.83,517.02,99.67,163.02,0.5282,-1,-1,-1
154,27,373.96,494.53,94.50,152.96,0.5080,-1,-1,-1
154,26,330.98,685.88,135.01,171.75,0.5472,-1,-1,-1
154,25,716.93,487.99,98.73,149.37,0.7887,-1,-1,-1
154,21,674.63,836.37,181.87,132.97,0.5588,-1,-1,-1
154,20,1517.22,83.35,33.42,35.92,0.7229,-1,-1,-1
154,19,1055.91,99.35,39.16,71.33,0.7368,-1,-1,-1
154,18,1101.11,92.88,37.52,72.27,0.7485,-1,-1,-1
154,17,805.20,264.43,62.96,101.33,0.7676,-1,-1,-1
154,16,648.39,453.82,84.48,134.58,0.7994,-1,-1,-1
154,15,1144.93,64.95,39.19,57.21,0.8400,-1,-1,-1
154,14,638.84,312.25,66.58,113.74,0.8428,-1,-1,-1
154,12,547.10,515.63,67.47,142.57,0.8593,-1,-1,-1
154,11,856.49,237.37,51.79,95.12,0.8620,-1,-1,-1
154,10,965.15,158.70,48.74,81.15,0.8627,-1,-1,-1
154,6,484.90,371.90,77.46,119.22,0.8856,-1,-1,-1
154,5,408.68,148.40,51.55,78.85,0.8927,-1,-1,-1
154,4,899.34,236.43,53.20,95.20,0.8931,-1,-1,-1
154,1,416.44,415.37,89.86,139.70,0.9408,-1,-1,-1
155,41,110.55,663.67,113.31,166.25,0.5776,-1,-1,-1
155,40,936.30,177.27,51.55,97.85,0.5031,-1,-1,-1
155,39,198.42,563.81,112.20,166.34,0.5812,-1,-1,-1
155,38,230.89,800.84,151.10,180.84,0.6542,-1,-1,-1
155,34,84.83,730.02,160.66,254.74,0.5488,-1,-1,-1
155,31,345.46,604.04,107.71,164.35,0.5290,-1,-1,-1
155,29,594.92,517.81,97.24,160.19,0.5282,-1,-1,-1
155,27,376.24,494.24,92.36,150.88,0.5080,-1,-1,-1
155,26,335.65,647.68,132.44,209.73,0.5472,-1,-1,-1
155,25,720.57,486.46,95.27,144.96,0.7887,-1,-1,-1
155,21,674.57,832.22,181.64,137.68,0.5588,-1,-1,-1
155,20,1516.99,82.57,33.69,35.91,0.7229,-1,-1,-1
155,19,1055.51,98.51,40.44,72.50,0.7368,-1,-1,-1
155,18,1101.43,92.56,37.23,71.35,0.7485,-1,-1,-1
155,17,807.74,264.60,60.56,101.19,0.7676,-1,-1,-1
155,16,649.49,453.74,88.79,135.56,0.7994,-1,-1,-1
155,15,1145.44,62.59,39.31,58.97,0.8400,-1,-1,-1
155,14,639.56,310.35,65.80,113.80,0.8428,-1,-1,-1
155,12,548.00,513.82,66.85,144.81,0.8593,-1,-1,-1
155,11,857.06,235.32,52.02,96.33,0.8620,-1,-1,-1
155,10,967.84,158.87,45.77,79.54,0.8627,-1,-1,-1
155,6,489.60,370.04,73.72,118.26,0.8856,-1,-1,-1
155,5,411.99,146.96,50.42,78.95,0.8927,-1,-1,-1
155,4,901.24,236.14,52.17,93.98,0.8931,-1,-1,-1
155,1,422.17,416.45,84.09,135.46,0.9408,-1,-1,-1
156,46,0.00,798.11,40.02,279.71,0.5540,-1,-1,-1
156,41,114.14,665.03,112.82,167.21,0.5776,-1,-1,-1
156,40,936.54,178.68,52.10,97.01,0.5031,-1,-1,-1
156,39,202.15,562.60,112.00,166.77,0.5812,-1,-1,-1
156,38,232.12,800.62,150.38,181.05,0.6542,-1,-1,-1
156,34,85.15,740.99,157.47,244.19,0.5488,-1,-1,-1
156,31,341.71,606.63,115.66,163.54,0.5290,-1,-1,-1
156,29,597.50,521.07,98.99,155.97,0.5282,-1,-1,-1
156,27,377.87,493.48,93.72,151.03,0.5080,-1,-1,-1
156,26,335.41,644.04,133.89,213.64,0.5472,-1,-1,-1
156,25,732.39,482.61,89.79,147.82,0.7887,-1,-1,-1
156,21,675.86,840.14,178.30,130.85,0.5588,-1,-1,-1
156,19,1055.66,98.05,40.51,73.31,0.7368,-1,-1,-1
156,18,1101.68,92.54,38.50,71.12,0.7485,-1,-1,-1
156,17,808.81,265.17,59.91,99.78,0.7676,-1,-1,-1
156,16,651.52,455.80,88.93,134.14,0.7994,-1,-1,-1
156,15,1147.83,61.24,39.01,60.10,0.8400,-1,-1,-1
156,14,641.85,311.75,66.45,112.47,0.8428,-1,-1,-1
156,12,548.17,512.63,67.48,146.37,0.8593,-1,-1,-1
156,11,857.16,235.21,51.98,97.60,0.8620,-1,-1,-1
156,10,969.22,159.05,46.14,78.27,0.8627,-1,-1,-1
156,6,491.17,368.56,73.44,120.86,0.8856,-1,-1,-1
156,5,413.68,147.30,50.13,77.32,0.8927,-1,-1,-1
156,4,902.06,235.17,52.40,94.27,0.8931,-1,-1,-1
156,3,647.21,371.39,89.01,138.82,0.9257,-1,-1,-1
156,1,423.40,416.74,85.76,135.12,0.9408,-1,-1,-1
157,46,0.06,773.47,44.97,304.96,0.5540,-1,-1,-1
157,41,116.05,664.57,112.62,164.83,0.5776,-1,-1,-1
157,40,936.65,179.48,51.50,93.58,0.5031,-1,-1,-1
157,39,208.63,561.59,108.78,164.13,0.5812,-1,-1,-1
157,38,232.39,800.87,152.24,180.42,0.6542,-1,-1,-1
157,34,85.68,727.69,159.78,257.24,0.5488,-1,-1,-1
157,31,346.56,606.85,114.02,161.25,0.5290,-1,-1,-1
157,29,596.69,520.48,100.71,156.98,0.5282,-1,-1,-1
157,27,380.16,492.05,90.91,151.70,0.5080,-1,-1,-1
157,26,339.67,628.39,133.27,230.25,0.5472,-1,-1,-1
157,25,748.78,481.06,80.14,148.52,0.7887,-1,-1,-1
157,21,675.47,837.67,176.34,134.52,0.5588,-1,-1,-1
157,19,1056.31,98.34,39.68,74.12,0.7368,-1,-1,-1
157,18,1099.67,93.19,40.13,69.97,0.7485,-1,-1,-1
157,17,810.05,264.97,58.99,99.44,0.7676,-1,-1,-1
157,16,651.51,461.48,88.69,128.63,0.7994,-1,-1,-1
157,15,1148.01,60.45,40.53,61.48,0.8400,-1,-1,-1
157,14,642.00,309.79,65.89,113.04,0.8428,-1,-1,-1
157,12,549.10,513.15,70.45,144.98,0.8593,-1,-1,-1
157,11,858.01,233.86,51.69,98.92,0.8620,-1,-1,-1
157,10,969.16,156.88,46.32,79.60,0.8627,-1,-1,-1
157,6,492.56,368.72,70.78,119.43,0.8856,-1,-1,-1
157,5,414.89,148.48,49.66,76.21,0.8927,-1,-1,-1
157,4,903.45,233.22,51.76,95.23,0.8931,-1,-1,-1
157,3,666.16,386.09,74.51,126.34,0.9257,-1,-1,-1
157,1,425.29,414.71,85.65,137.46,0.9408,-1,-1,-1
158,45,622.08,806.07,147.37,155.05,0.5579,-1,-1,-1
158,41,117.20,665.50,115.09,165.31,0.5776,-1,-1,-1
158,40,936.74,180.97,50.94,92.56,0.5031,-1,-1,-1
158,39,209.74,558.01,110.78,166.76,0.5812,-1,-1,-1
158,38,234.55,800.80,151.18,180.70,0.6542,-1,-1,-1
158,34,87.05,733.22,158.27,251.39,0.5488,-1,-1,-1
158,31,350.45,606.80,111.28,164.02,0.5290,-1,-1,-1
158,29,597.30,521.07,101.36,155.19,0.5282,-1,-1,-1
158,27,382.36,492.72,91.45,150.29,0.5080,-1,-1,-1
158,26,341.69,641.21,132.92,218.14,0.5472,-1,-1,-1
158,25,751.76,476.62,79.85,150.04,0.7887,-1,-1,-1
158,21,673.67,832.24,177.27,140.40,0.5588,-1,-1,-1
158,19,1055.64,98.34,41.82,73.80,0.7368,-1,-1,-1
158,18,1100.71,92.77,39.74,70.85,0.7485,-1,-1,-1
158,17,810.75,264.27,59.44,100.28,0.7676,-1,-1,-1
158,16,652.63,456.76,86.63,132.25,0.7994,-1,-1,-1
158,15,1148.62,60.14,40.26,61.76,0.8400,-1,-1,-1
158,14,643.36,308.41,72.80,110.67,0.8428,-1,-1,-1
158,12,549.35,513.45,70.07,144.83,0.8593,-1,-1,-1
158,11,859.35,233.42,52.45,98.73,0.8620,-1,-1,-1
158,10,970.24,156.72,46.38,79.20,0.8627,-1,-1,-1
158,6,494.21,368.49,72.31,120.55,0.8856,-1,-1,-1
158,5,418.37,146.14,48.65,77.85,0.8927,-1,-1,-1
158,4,904.42,232.36,51.59,93.77,0.8931,-1,-1,-1
158,3,662.86,381.41,79.04,131.02,0.9257,-1,-1,-1
158,1,428.91,415.71,82.58,135.31,0.9408,-1,-1,-1
159,45,621.36,817.83,140.29,144.76,0.5579,-1,-1,-1
159,41,115.29,666.42,121.29,164.69,0.5776,-1,-1,-1
159,40,936.73,180.75,52.48,92.66,0.5031,-1,-1,-1
159,39,214.04,556.77,111.14,166.38,0.5812,-1,-1,-1
159,38,233.66,800.38,151.21,180.91,0.6542,-1,-1,-1
159,34,88.15,724.31,158.70,260.59,0.5488,-1,-1,-1
159,31,350.33,602.22,115.89,170.51,0.5290,-1,-1,-1
159,29,599.83,520.76,101.02,155.55,0.5282,-1,-1,-1
159,27,384.33,492.32,93.62,148.04,0.5080,-1,-1,-1
159,26,342.42,642.95,135.30,216.66,0.5472,-1,-1,-1
159,25,754.60,472.79,74.75,143.22,0.7887,-1,-1,-1
159,21,674.83,829.45,175.70,145.10,0.5588,-1,-1,-1
159,19,1055.69,97.58,42.17,74.43,0.7368,-1,-1,-1
159,18,1100.52,91.39,39.61,71.68,0.7485,-1,-1,-1
159,17,811.76,264.38,60.35,100.70,0.7676,-1,-1,-1
159,16,652.22,456.50,88.39,132.88,0.7994,-1,-1,-1
159,15,1149.35,60.03,39.20,61.46,0.8400,-1,-1,-1
159,14,644.88,307.97,73.19,111.73,0.8428,-1,-1,-1
159,12,550.05,512.06,74.19,145.98,0.8593,-1,-1,-1
159,11,859.81,234.74,51.61,96.84,0.8620,-1,-1,-1
159,10,970.65,155.82,48.28,80.70,0.8627,-1,-1,-1
159,6,496.58,368.73,73.33,119.22,0.8856,-1,-1,-1
159,5,420.23,145.32,48.99,78.58,0.8927,-1,-1,-1
159,4,904.01,232.07,53.57,94.94,0.8931,-1,-1,-1
159,3,662.91,383.61,83.02,128.07,0.9257,-1,-1,-1
159,1,431.26,415.14,81.45,135.54,0.9408,-1,-1,-1
160,45,620.14,818.51,129.25,143.93,0.5579,-1,-1,-1
160,41,118.37,667.55,119.19,164.72,0.5776,-1,-1,-1
160,40,936.59,180.53,53.64,93.61,0.5031,-1,-1,-1
160,39,214.80,555.94,112.96,165.86,0.5812,-1,-1,-1
160,38,234.15,800.15,151.14,180.70,0.6542,-1,-1,-1
160,37,1314.43,10.63,20.69,22.20,0.5319,-1,-1,-1
160,34,88.22,737.93,160.14,247.44,0.5488,-1,-1,-1
160,31,348.28,601.70,120.00,178.00,0.5290,-1,-1,-1
160,29,600.64,521.34,100.68,153.45,0.5282,-1,-1,-1
160,27,386.51,492.88,91.89,147.04,0.5080,-1,-1,-1
160,26,344.03,646.55,134.15,212.42,0.5472,-1,-1,-1
160,25,756.80,471.30,78.94,147.38,0.7887,-1,-1,-1
160,21,673.72,826.44,177.66,148.08,0.5588,-1,-1,-1
160,19,1055.58,97.54,42.82,74.69,0.7368,-1,-1,-1
160,18,1100.88,91.30,39.86,71.86,0.7485,-1,-1,-1
160,17,812.35,264.29,60.49,101.19,0.7676,-1,-1,-1
160,16,651.72,456.91,87.31,130.80,0.7994,-1,-1,-1
160,15,1150.21,60.28,39.01,61.65,0.8400,-1,-1,-1
160,14,646.02,307.96,71.75,113.26,0.8428,-1,-1,-1
160,12,550.45,513.27,75.36,144.76,0.8593,-1,-1,-1
160,11,860.01,233.63,52.78,97.65,0.8620,-1,-1,-1
160,10,970.48,155.57,48.58,78.45,0.8627,-1,-1,-1
160,6,499.04,369.95,66.79,116.94,0.8856,-1,-1,-1
160,5,421.21,146.82,49.88,76.17,0.8927,-1,-1,-1
160,4,904.50,231.99,55.04,95.83,0.8931,-1,-1,-1
160,3,658.06,386.29,87.57,125.02,0.9257,-1,-1,-1
160,1,433.72,415.61,85.12,134.87,0.9408,-1,-1,-1
161,45,618.63,816.89,130.29,145.78,0.5579,-1,-1,-1
161,41,117.55,669.80,122.69,162.54,0.5776,-1,-1,-1
161,40,936.39,180.24,53.43,92.49,0.5031,-1,-1,-1
161,39,217.44,553.31,112.73,168.05,0.5812,-1,-1,-1
161,38,236.52,798.20,149.42,181.83,0.6542,-1,-1,-1
161,37,1314.52,10.39,20.99,22.02,0.5319,-1,-1,-1
161,34,89.51,734.76,159.72,249.56,0.5488,-1,-1,-1
161,31,354.46,599.49,120.12,170.06,0.5290,-1,-1,-1
161,29,601.05,521.00,97.68,154.06,0.5282,-1,-1,-1
161,27,388.99,490.33,91.63,148.89,0.5080,-1,-1,-1
161,26,347.80,642.40,132.46,217.63,0.5472,-1,-1,-1
161,25,760.18,468.73,76.77,145.99,0.7887,-1,-1,-1
161,19,1055.56,97.51,42.64,72.53,0.7368,-1,-1,-1
161,18,1099.33,89.92,41.02,72.25,0.7485,-1,-1,-1
161,17,814.73,264.31,60.37,100.50,0.7676,-1,-1,-1
161,16,652.75,459.35,84.87,128.05,0.7994,-1,-1,-1
161,15,1152.36,60.89,38.39,60.65,0.8400,-1,-1,-1
161,14,647.41,307.45,71.37,114.79,0.8428,-1,-1,-1
161,12,551.43,511.64,79.31,144.55,0.8593,-1,-1,-1
161,11,861.13,233.50,52.50,96.98,0.8620,-1,-1,-1
161,10,972.72,155.07,47.43,80.02,0.8627,-1,-1,-1
161,6,503.72,369.09,69.17,117.07,0.8856,-1,-1,-1
161,5,422.77,145.05,49.58,76.94,0.8927,-1,-1,-1
161,4,905.23,232.15,54.65,93.95,0.8931,-1,-1,-1
161,3,669.30,390.69,78.35,120.64,0.9257,-1,-1,-1
161,1,434.24,414.33,88.93,135.45,0.9408,-1,-1,-1
162,45,618.48,816.94,130.18,147.19,0.5579,-1,-1,-1
162,41,121.21,671.03,124.12,160.82,0.5776,-1,-1,-1
162,40,936.38,180.22,54.27,92.32,0.5031,-1,-1,-1
162,39,220.75,552.99,112.68,166.70,0.5812,-1,-1,-1
162,38,236.08,797.52,150.22,182.53,0.6542,-1,-1,-1
162,37,1314.54,10.50,20.88,21.69,0.5319,-1,-1,-1
162,34,91.29,737.10,157.69,247.75,0.5488,-1,-1,-1
162,31,357.13,602.92,121.71,165.77,0.5290,-1,-1,-1
162,29,601.38,520.93,100.07,154.09,0.5282,-1,-1,-1
162,27,389.93,489.71,91.37,149.44,0.5080,-1,-1,-1
162,26,348.90,636.72,132.49,223.49,0.5472,-1,-1,-1
162,25,761.53,467.60,76.76,135.40,0.7887,-1,-1,-1
162,19,1055.94,97.69,42.28,71.64,0.7368,-1,-1,-1
162,18,1099.58,91.16,41.02,70.96,0.7485,-1,-1,-1
162,17,815.26,264.39,62.21,99.98,0.7676,-1,-1,-1
162,16,652.13,458.39,82.95,127.75,0.7994,-1,-1,-1
162,15,1152.52,60.62,38.84,60.95,0.8400,-1,-1,-1
162,14,649.54,308.28,71.86,111.73,0.8428,-1,-1,-1
162,12,551.30,512.55,80.91,144.52,0.8593,-1,-1,-1
162,11,861.39,233.71,52.91,96.89,0.8620,-1,-1,-1
162,10,973.35,153.11,47.00,81.27,0.8627,-1,-1,-1
162,6,504.24,369.40,72.80,116.94,0.8856,-1,-1,-1
162,5,424.10,144.85,49.47,77.10,0.8927,-1,-1,-1
162,4,905.70,231.61,55.67,93.20,0.8931,-1,-1,-1
162,3,658.58,377.23,88.05,133.23,0.9257,-1,-1,-1
162,1,438.43,412.41,85.77,135.85,0.9408,-1,-1,-1
163,45,618.29,817.22,125.87,147.52,0.5579,-1,-1,-1
163,41,122.10,673.32,126.83,159.61,0.5776,-1,-1,-1
163,40,937.28,180.50,53.04,90.02,0.5031,-1,-1,-1
163,39,226.93,550.34,109.32,167.84,0.5812,-1,-1,-1
163,38,238.11,795.80,149.18,184.42,0.6542,-1,-1,-1
163,34,91.45,726.12,158.83,258.06,0.5488,-1,-1,-1
163,31,375.51,601.93,105.01,158.59,0.5290,-1,-1,-1
163,29,603.60,521.27,101.30,153.52,0.5282,-1,-1,-1
163,27,391.75,489.37,91.68,148.19,0.5080,-1,-1,-1
163,26,351.13,636.67,134.22,225.05,0.5472,-1,-1,-1
163,25,766.94,467.29,75.16,131.69,0.7887,-1,-1,-1
163,19,1055.91,97.70,42.89,71.84,0.7368,-1,-1,-1
163,18,1098.51,89.19,41.78,72.89,0.7485,-1,-1,-1
163,17,816.49,262.80,61.44,101.85,0.7676,-1,-1,-1
163,16,653.75,447.88,87.24,137.10,0.7994,-1,-1,-1
163,15,1152.44,61.07,38.81,60.87,0.8400,-1,-1,-1
163,14,652.37,309.13,69.35,109.31,0.8428,-1,-1,-1
163,12,552.66,512.59,78.46,142.82,0.8593,-1,-1,-1
163,11,862.81,235.46,53.02,92.78,0.8620,-1,-1,-1
163,10,974.68,153.17,46.19,80.98,0.8627,-1,-1,-1
163,6,507.47,368.03,74.62,117.63,0.8856,-1,-1,-1
163,5,425.14,144.92,50.34,78.25,0.8927,-1,-1,-1
163,4,906.90,230.93,54.49,93.01,0.8931,-1,-1,-1
163,3,662.34,374.92,85.95,135.15,0.9257,-1,-1,-1
163,2,676.21,838.95,175.56,136.91,0.9407,-1,-1,-1
163,1,442.92,413.15,84.27,133.39,0.9408,-1,-1,-1
164,46,0.00,731.15,65.20,347.26,0.5540,-1,-1,-1
164,45,617.88,817.47,125.36,148.02,0.5579,-1,-1,-1
164,41,127.35,673.36,123.14,160.00,0.5776,-1,-1,-1
164,40,938.83,179.77,51.57,92.34,0.5031,-1,-1,-1
164,39,229.37,551.42,107.76,165.55,0.5812,-1,-1,-1
164,38,237.74,794.62,148.96,185.88,0.6542,-1,-1,-1
164,34,91.88,733.62,162.20,251.61,0.5488,-1,-1,-1
164,31,381.40,602.54,103.85,158.99,0.5290,-1,-1,-1
164,29,603.80,519.63,102.25,153.98,0.5282,-1,-1,-1
164,27,393.67,485.75,90.40,150.98,0.5080,-1,-1,-1
164,26,351.93,634.52,135.08,227.58,0.5472,-1,-1,-1
164,25,768.70,464.20,77.70,138.14,0.7887,-1,-1,-1
164,19,1056.24,97.59,42.62,72.09,0.7368,-1,-1,-1
164,18,1098.45,89.84,41.94,71.75,0.7485,-1,-1,-1
164,17,816.71,263.58,60.94,99.91,0.7676,-1,-1,-1
164,16,653.86,447.20,86.61,137.81,0.7994,-1,-1,-1
164,15,1153.30,60.96,38.27,60.51,0.8400,-1,-1,-1
164,14,654.05,309.10,67.85,109.98,0.8428,-1,-1,-1
164,12,555.13,512.49,74.63,137.75,0.8593,-1,-1,-1
164,11,862.98,234.61,53.93,93.39,0.8620,-1,-1,-1
164,10,974.54,152.85,47.21,81.44,0.8627,-1,-1,-1
164,6,508.81,368.03,74.00,116.66,0.8856,-1,-1,-1
164,5,426.16,144.12,51.02,77.37,0.8927,-1,-1,-1
164,4,907.41,229.48,54.12,94.44,0.8931,-1,-1,-1
164,3,661.38,362.66,85.72,142.90,0.9257,-1,-1,-1
164,2,673.77,842.77,177.33,133.11,0.9407,-1,-1,-1
164,1,445.36,411.98,80.07,136.64,0.9408,-1,-1,-1
165,46,0.00,737.51,72.81,341.35,0.5540,-1,-1,-1
165,45,617.75,816.05,126.14,149.05,0.5579,-1,-1,-1
165,41,127.15,672.81,125.56,159.64,0.5776,-1,-1,-1
165,40,939.82,180.31,51.16,90.22,0.5031,-1,-1,-1
165,39,231.07,546.70,108.16,168.88,0.5812,-1,-1,-1
165,38,238.92,794.66,148.47,183.73,0.6542,-1,-1,-1
165,34,93.73,734.05,159.49,249.77,0.5488,-1,-1,-1
165,31,383.21,601.52,104.64,159.33,0.5290,-1,-1,-1
165,29,604.49,519.11,103.88,154.37,0.5282,-1,-1,-1
165,27,396.74,485.24,87.74,150.60,0.5080,-1,-1,-1
165,26,354.67,628.47,131.49,234.30,0.5472,-1,-1,-1
165,25,771.61,458.48,79.50,145.78,0.7887,-1,-1,-1
165,19,1056.92,97.97,41.68,69.96,0.7368,-1,-1,-1
165,18,1097.86,89.45,42.94,70.96,0.7485,-1,-1,-1
165,17,817.80,261.16,62.66,101.52,0.7676,-1,-1,-1
165,16,653.44,443.62,89.84,140.83,0.7994,-1,-1,-1
165,15,1154.97,59.24,38.91,60.83,0.8400,-1,-1,-1
165,14,656.95,306.36,69.60,110.44,0.8428,-1,-1,-1
165,12,556.10,512.39,73.78,140.04,0.8593,-1,-1,-1
165,11,862.60,235.12,53.74,94.10,0.8620,-1,-1,-1
165,10,976.82,153.04,47.70,79.42,0.8627,-1,-1,-1
165,6,511.90,363.56,68.96,119.16,0.8856,-1,-1,-1
165,5,430.23,141.15,50.56,80.45,0.8927,-1,-1,-1
165,4,908.82,229.46,52.64,92.33,0.8931,-1,-1,-1
165,3,664.29,358.43,90.81,147.36,0.9257,-1,-1,-1
165,2,674.12,844.37,176.40,131.09,0.9407,-1,-1,-1
165,1,448.50,412.32,75.78,136.56,0.9408,-1,-1,-1
166,46,0.00,742.42,73.35,336.31,0.5540,-1,-1,-1
166,41,130.63,671.97,124.50,159.70,0.5776,-1,-1,-1
166,40,940.75,179.34,51.24,89.73,0.5031,-1,-1,-1
166,39,236.95,545.38,103.95,168.38,0.5812,-1,-1,-1
166,38,239.54,795.23,147.38,181.10,0.6542,-1,-1,-1
166,34,96.15,740.36,157.17,242.97,0.5488,-1,-1,-1
166,31,384.65,603.15,104.63,157.52,0.5290,-1,-1,-1
166,29,604.74,520.43,105.12,152.54,0.5282,-1,-1,-1
166,27,398.25,483.24,87.86,152.22,0.5080,-1,-1,-1
166,26,355.56,635.44,132.95,227.87,0.5472,-1,-1,-1
166,25,773.83,457.35,78.48,144.26,0.7887,-1,-1,-1
166,19,1057.94,96.27,40.55,71.05,0.7368,-1,-1,-1
166,18,1097.23,88.40,43.47,71.96,0.7485,-1,-1,-1
166,17,818.56,260.07,61.94,101.74,0.7676,-1,-1,-1
166,16,654.37,432.06,88.35,151.93,0.7994,-1,-1,-1
166,15,1154.88,59.58,40.00,60.37,0.8400,-1,-1,-1
166,14,657.95,307.77,68.95,109.01,0.8428,-1,-1,-1
166,12,556.26,512.36,74.34,141.42,0.8593,-1,-1,-1
166,11,863.17,235.24,52.70,93.02,0.8620,-1,-1,-1
166,10,977.44,150.19,47.49,81.42,0.8627,-1,-1,-1
166,6,511.75,365.36,74.44,117.33,0.8856,-1,-1,-1
166,5,430.67,141.90,51.14,79.50,0.8927,-1,-1,-1
166,4,908.17,225.40,53.73,95.63,0.8931,-1,-1,-1
166,3,664.77,357.58,88.77,146.73,0.9257,-1,-1,-1
166,2,673.53,839.24,176.76,136.50,0.9407,-1,-1,-1
166,1,451.53,413.48,77.47,134.87,0.9408,-1,-1,-1
167,46,0.00,751.55,79.47,327.08,0.5540,-1,-1,-1
167,41,134.21,670.26,123.31,161.22,0.5776,-1,-1,-1
167,40,940.17,179.32,53.12,93.58,0.5031,-1,-1,-1
167,39,240.08,543.25,106.68,168.48,0.5812,-1,-1,-1
167,38,242.45,792.18,147.22,182.10,0.6542,-1,-1,-1
167,34,98.69,748.28,157.76,234.14,0.5488,-1,-1,-1
167,31,387.56,596.08,106.31,160.33,0.5290,-1,-1,-1
167,29,607.02,515.73,106.53,156.30,0.5282,-1,-1,-1
167,27,401.67,484.27,86.64,151.23,0.5080,-1,-1,-1
167,26,358.21,648.04,133.34,212.62,0.5472,-1,-1,-1
167,25,776.24,453.93,76.16,139.26,0.7887,-1,-1,-1
167,19,1058.11,98.14,41.97,69.32,0.7368,-1,-1,-1
167,18,1096.70,90.07,43.74,70.44,0.7485,-1,-1,-1
167,17,820.54,260.35,59.81,100.64,0.7676,-1,-1,-1
167,16,655.45,443.84,88.56,140.61,0.7994,-1,-1,-1
167,15,1155.78,59.53,39.40,60.66,0.8400,-1,-1,-1
167,14,660.76,306.20,70.83,109.22,0.8428,-1,-1,-1
167,12,556.83,510.44,79.55,142.92,0.8593,-1,-1,-1
167,11,863.81,232.63,53.28,95.04,0.8620,-1,-1,-1
167,10,980.66,150.47,45.81,79.02,0.8627,-1,-1,-1
167,6,514.52,364.25,75.16,116.05,0.8856,-1,-1,-1
167,5,433.01,141.65,49.85,77.12,0.8927,-1,-1,-1
167,4,910.29,224.53,51.83,94.80,0.8931,-1,-1,-1
167,3,665.07,358.97,90.72,146.29,0.9257,-1,-1,-1
167,2,673.90,841.16,175.49,134.08,0.9407,-1,-1,-1
167,1,453.90,414.04,80.74,133.64,0.9408,-1,-1,-1
168,46,0.00,744.45,81.82,335.06,0.5540,-1,-1,-1
168,41,135.15,668.69,123.43,161.99,0.5776,-1,-1,-1
168,40,940.29,178.23,53.85,93.93,0.5031,-1,-1,-1
168,39,242.64,541.52,107.91,168.95,0.5812,-1,-1,-1
168,38,242.39,791.39,147.87,182.65,0.6542,-1,-1,-1
168,34,100.77,753.17,157.60,227.46,0.5488,-1,-1,-1
168,31,389.46,593.05,106.89,163.07,0.5290,-1,-1,-1
168,29,606.43,514.59,111.10,158.09,0.5282,-1,-1,-1
168,27,402.67,484.08,87.29,151.57,0.5080,-1,-1,-1
168,26,359.85,671.29,132.26,188.44,0.5472,-1,-1,-1
168,25,778.98,450.61,74.03,146.13,0.7887,-1,-1,-1
168,21,617.29,816.92,151.06,149.20,0.5588,-1,-1,-1
168,19,1058.66,96.45,43.60,70.88,0.7368,-1,-1,-1
168,18,1095.91,89.51,46.07,71.60,0.7485,-1,-1,-1
168,17,820.11,259.72,60.42,101.48,0.7676,-1,-1,-1
168,16,657.36,449.94,86.40,134.23,0.7994,-1,-1,-1
168,15,1157.92,58.83,37.70,60.30,0.8400,-1,-1,-1
168,14,662.04,306.75,67.64,110.02,0.8428,-1,-1,-1
168,12,558.80,509.87,75.69,143.05,0.8593,-1,-1,-1
168,11,865.08,231.55,53.62,95.05,0.8620,-1,-1,-1
168,10,983.08,150.28,44.48,78.82,0.8627,-1,-1,-1
168,6,516.54,362.82,75.29,117.21,0.8856,-1,-1,-1
168,5,435.88,140.50,48.24,78.76,0.8927,-1,-1,-1
168,4,910.39,223.61,53.32,94.98,0.8931,-1,-1,-1
168,3,666.42,362.93,88.91,142.65,0.9257,-1,-1,-1
168,2,674.27,843.36,175.92,132.31,0.9407,-1,-1,-1
168,1,455.10,413.76,82.00,133.68,0.9408,-1,-1,-1
169,46,0.00,744.68,85.35,334.10,0.5540,-1,-1,-1
169,41,138.63,664.59,125.44,165.02,0.5776,-1,-1,-1
169,40,941.99,178.73,52.46,93.59,0.5031,-1,-1,-1
169,39,247.86,538.05,107.54,169.44,0.5812,-1,-1,-1
169,38,244.32,791.56,148.48,179.41,0.6542,-1,-1,-1
169,34,103.21,747.51,157.84,233.17,0.5488,-1,-1,-1
169,31,395.61,594.12,105.68,161.14,0.5290,-1,-1,-1
169,29,608.84,516.50,104.48,155.34,0.5282,-1,-1,-1
169,27,405.56,481.27,90.81,153.63,0.5080,-1,-1,-1
169,26,362.01,660.07,134.05,197.50,0.5472,-1,-1,-1
169,25,781.32,447.18,73.22,141.43,0.7887,-1,-1,-1
169,19,1059.11,95.99,43.32,70.10,0.7368,-1,-1,-1
169,18,1095.19,89.00,47.75,72.19,0.7485,-1,-1,-1
169,17,821.55,259.78,60.53,100.82,0.7676,-1,-1,-1
169,16,657.38,448.67,88.99,135.53,0.7994,-1,-1,-1
169,15,1158.64,60.34,38.72,58.62,0.8400,-1,-1,-1
169,14,665.30,306.86,63.36,109.87,0.8428,-1,-1,-1
169,12,562.87,508.92,72.57,143.82,0.8593,-1,-1,-1
169,11,866.72,231.39,54.14,94.32,0.8620,-1,-1,-1
169,10,984.25,150.41,45.21,78.69,0.8627,-1,-1,-1
169,6,521.03,362.68,72.92,113.93,0.8856,-1,-1,-1
169,5,438.30,139.42,46.56,77.29,0.8927,-1,-1,-1
169,4,911.62,224.82,55.35,92.65,0.8931,-1,-1,-1
169,3,669.32,366.22,82.99,136.05,0.9257,-1,-1,-1
169,2,674.52,843.63,175.57,131.51,0.9407,-1,-1,-1
169,1,459.26,412.26,80.63,132.13,0.9408,-1,-1,-1
170,46,0.00,742.77,86.05,336.53,0.5540,-1,-1,-1
170,41,138.55,663.61,128.98,165.82,0.5776,-1,-1,-1
170,40,941.87,177.37,52.71,92.33,0.5031,-1,-1,-1
170,39,252.14,536.11,104.71,171.39,0.5812,-1,-1,-1
170,38,244.42,791.17,148.07,178.75,0.6542,-1,-1,-1
170,34,103.95,759.44,157.15,220.68,0.5488,-1,-1,-1
170,31,396.93,597.97,106.51,156.99,0.5290,-1,-1,-1
170,29,609.21,515.88,100.39,155.24,0.5282,-1,-1,-1
170,27,407.35,482.22,87.89,148.03,0.5080,-1,-1,-1
170,26,362.99,666.84,134.88,189.56,0.5472,-1,-1,-1
170,25,782.58,446.45,73.93,138.67,0.7887,-1,-1,-1
170,19,1059.92,96.32,42.63,69.99,0.7368,-1,-1,-1
170,18,1094.64,90.68,48.14,70.11,0.7485,-1,-1,-1
170,17,823.10,258.75,59.08,101.62,0.7676,-1,-1,-1
170,16,658.64,449.70,86.53,134.13,0.7994,-1,-1,-1
170,15,1158.70,60.59,38.56,58.15,0.8400,-1,-1,-1
170,14,666.18,305.10,64.59,110.79,0.8428,-1,-1,-1
170,12,562.61,509.39,72.43,140.72,0.8593,-1,-1,-1
170,11,866.44,230.96,55.03,95.06,0.8620,-1,-1,-1
170,10,984.81,149.53,46.02,79.71,0.8627,-1,-1,-1
170,6,521.85,361.87,76.90,115.31,0.8856,-1,-1,-1
170,5,437.93,138.91,49.72,78.78,0.8927,-1,-1,-1
170,4,911.75,223.95,55.15,91.95,0.8931,-1,-1,-1
170,3,669.42,366.20,89.28,140.60,0.9257,-1,-1,-1
170,2,674.57,840.88,175.55,134.07,0.9407,-1,-1,-1
170,1,459.35,413.20,81.67,129.81,0.9408,-1,-1,-1
171,46,0.00,732.81,92.51,346.29,0.5540,-1,-1,-1
171,41,143.16,662.42,126.45,165.71,0.5776,-1,-1,-1
171,40,943.73,176.26,51.49,92.79,0.5031,-1,-1,-1
171,39,256.17,535.00,104.43,169.24,0.5812,-1,-1,-1
171,38,247.21,791.12,147.19,178.21,0.6542,-1,-1,-1
171,34,106.80,760.72,156.08,219.37,0.5488,-1,-1,-1
171,31,401.82,573.99,107.89,177.45,0.5290,-1,-1,-1
171,29,610.10,516.83,101.78,153.31,0.5282,-1,-1,-1
171,27,408.56,480.61,94.34,148.02,0.5080,-1,-1,-1
171,26,366.34,668.30,132.89,185.74,0.5472,-1,-1,-1
171,25,785.33,440.43,72.63,144.50,0.7887,-1,-1,-1
171,19,1060.60,92.86,43.66,73.11,0.7368,-1,-1,-1
171,18,1092.40,88.44,49.88,70.73,0.7485,-1,-1,-1
171,17,825.03,258.18,58.70,101.46,0.7676,-1,-1,-1
171,16,658.49,450.21,82.73,132.80,0.7994,-1,-1,-1
171,15,1159.43,59.15,40.11,59.96,0.8400,-1,-1,-1
171,14,669.05,306.64,65.33,108.10,0.8428,-1,-1,-1
171,12,563.93,507.25,69.81,138.92,0.8593,-1,-1,-1
171,11,868.03,229.88,55.99,95.18,0.8620,-1,-1,-1
171,10,987.02,148.76,45.78,80.98,0.8627,-1,-1,-1
171,6,526.47,360.23,76.59,116.37,0.8856,-1,-1,-1
171,5,441.84,138.16,49.12,77.33,0.8927,-1,-1,-1
171,4,914.98,222.77,54.43,90.19,0.8931,-1,-1,-1
171,3,673.11,376.86,92.39,131.80,0.9257,-1,-1,-1
171,2,674.20,842.36,176.62,133.12,0.9407,-1,-1,-1
171,1,463.69,410.23,79.71,131.60,0.9408,-1,-1,-1
172,46,0.00,732.71,94.97,346.23,0.5540,-1,-1,-1
172,41,145.68,659.32,126.69,169.03,0.5776,-1,-1,-1
172,40,943.40,176.22,51.66,94.23,0.5031,-1,-1,-1
172,39,260.46,535.91,102.96,166.03,0.5812,-1,-1,-1
172,38,248.82,788.42,147.26,180.44,0.6542,-1,-1,-1
172,34,108.05,750.12,155.39,228.09,0.5488,-1,-1,-1
172,31,404.40,578.63,107.74,173.93,0.5290,-1,-1,-1
172,29,612.08,515.37,104.23,154.52,0.5282,-1,-1,-1
172,27,410.50,481.49,94.82,148.50,0.5080,-1,-1,-1
172,26,366.97,665.68,133.05,187.31,0.5472,-1,-1,-1
172,25,786.12,439.49,74.92,143.70,0.7887,-1,-1,-1
172,21,619.16,809.85,119.52,156.22,0.5588,-1,-1,-1
172,19,1060.72,92.36,44.11,73.86,0.7368,-1,-1,-1
172,18,1093.06,88.20,49.71,70.34,0.7485,-1,-1,-1
172,17,825.58,257.77,58.15,102.30,0.7676,-1,-1,-1
172,16,659.58,450.00,81.33,132.69,0.7994,-1,-1,-1
172,15,1161.13,59.27,39.68,59.26,0.8400,-1,-1,-1
172,14,670.64,305.89,66.66,108.63,0.8428,-1,-1,-1
172,12,564.40,506.09,71.89,141.33,0.8593,-1,-1,-1
172,11,868.55,229.42,56.52,93.93,0.8620,-1,-1,-1
172,10,988.91,147.39,44.42,81.95,0.8627,-1,-1,-1
172,6,529.10,359.46,73.81,115.17,0.8856,-1,-1,-1
172,5,443.67,137.24,48.52,78.31,0.8927,-1,-1,-1
172,4,915.88,222.69,54.90,90.09,0.8931,-1,-1,-1
172,3,675.55,376.91,89.99,131.26,0.9257,-1,-1,-1
172,2,673.76,839.56,176.33,134.68,0.9407,-1,-1,-1
172,1,467.19,409.46,79.35,132.19,0.9408,-1,-1,-1
173,46,0.00,746.80,96.21,330.64,0.5540,-1,-1,-1
173,41,147.54,657.83,129.40,169.51,0.5776,-1,-1,-1
173,40,944.26,175.19,50.15,94.52,0.5031,-1,-1,-1
173,39,265.38,532.83,101.91,167.12,0.5812,-1,-1,-1
173,38,249.91,786.64,150.12,181.71,0.6542,-1,-1,-1
173,34,109.43,756.76,157.05,221.53,0.5488,-1,-1,-1
173,31,409.09,579.96,108.06,172.85,0.5290,-1,-1,-1
173,29,614.66,516.58,101.56,151.88,0.5282,-1,-1,-1
173,27,412.28,480.60,93.62,149.55,0.5080,-1,-1,-1
173,26,369.86,659.12,133.03,192.57,0.5472,-1,-1,-1
173,25,789.87,435.80,74.84,145.40,0.7887,-1,-1,-1
173,21,619.13,806.77,127.80,158.84,0.5588,-1,-1,-1
173,19,1061.27,91.61,43.99,74.18,0.7368,-1,-1,-1
173,18,1092.40,87.59,49.47,69.97,0.7485,-1,-1,-1
173,17,828.02,255.98,57.64,102.00,0.7676,-1,-1,-1
173,16,662.68,448.80,83.62,133.32,0.7994,-1,-1,-1
173,15,1161.88,57.79,38.95,60.92,0.8400,-1,-1,-1
173,14,673.60,305.63,64.34,114.87,0.8428,-1,-1,-1
173,12,564.50,505.10,70.82,144.90,0.8593,-1,-1,-1
173,11,870.22,229.19,58.86,95.48,0.8620,-1,-1,-1
173,10,988.97,147.88,46.41,81.08,0.8627,-1,-1,-1
173,6,530.89,357.60,73.47,118.55,0.8856,-1,-1,-1
173,5,445.77,136.98,49.44,78.08,0.8927,-1,-1,-1
173,4,918.68,220.63,52.77,91.34,0.8931,-1,-1,-1
173,3,678.81,383.18,89.72,125.22,0.9257,-1,-1,-1
173,2,674.98,836.98,176.83,137.64,0.9407,-1,-1,-1
173,1,470.09,407.98,76.28,131.85,0.9408,-1,-1,-1
174,46,0.00,739.43,102.51,338.97,0.5540,-1,-1,-1
174,41,151.87,656.34,128.79,170.16,0.5776,-1,-1,-1
174,40,944.71,174.61,50.23,93.83,0.5031,-1,-1,-1
174,39,267.42,533.23,102.36,166.43,0.5812,-1,-1,-1
174,38,252.51,782.87,146.09,184.53,0.6542,-1,-1,-1
174,34,110.99,755.79,155.88,221.13,0.5488,-1,-1,-1
174,31,410.85,591.48,107.05,162.62,0.5290,-1,-1,-1
174,29,615.13,515.85,100.83,151.78,0.5282,-1,-1,-1
174,27,412.94,477.83,94.41,150.63,0.5080,-1,-1,-1
174,26,370.01,660.55,133.99,191.14,0.5472,-1,-1,-1
174,25,790.94,432.33,75.02,147.02,0.7887,-1,-1,-1
174,21,619.52,809.39,133.54,155.94,0.5588,-1,-1,-1
174,19,1061.47,92.23,43.70,73.69,0.7368,-1,-1,-1
174,18,1090.77,87.92,50.38,68.78,0.7485,-1,-1,-1
174,17,827.42,257.56,57.62,100.96,0.7676,-1,-1,-1
174,16,663.01,448.37,82.85,133.95,0.7994,-1,-1,-1
174,15,1161.95,57.10,39.18,61.28,0.8400,-1,-1,-1
174,14,673.38,305.40,57.95,111.75,0.8428,-1,-1,-1
174,12,565.22,503.97,70.87,145.85,0.8593,-1,-1,-1
174,11,870.47,228.78,58.25,94.92,0.8620,-1,-1,-1
174,10,991.00,146.99,45.01,81.60,0.8627,-1,-1,-1
174,6,532.42,357.46,75.15,114.96,0.8856,-1,-1,-1
174,5,445.62,136.40,50.95,77.69,0.8927,-1,-1,-1
174,4,918.71,219.46,53.04,91.71,0.8931,-1,-1,-1
174,3,681.21,386.93,85.16,121.79,0.9257,-1,-1,-1
174,2,674.69,836.27,176.54,137.33,0.9407,-1,-1,-1
174,1,470.92,406.86,79.19,132.76,0.9408,-1,-1,-1
175,46,0.00,704.86,103.79,374.52,0.5540,-1,-1,-1
175,41,157.42,652.63,126.69,171.88,0.5776,-1,-1,-1
175,40,947.00,173.68,49.02,93.46,0.5031,-1,-1,-1
175,39,270.67,528.72,104.13,169.31,0.5812,-1,-1,-1
175,38,254.65,779.46,144.70,186.81,0.6542,-1,-1,-1
175,34,114.42,754.47,157.58,221.13,0.5488,-1,-1,-1
175,31,416.76,585.60,107.36,165.97,0.5290,-1,-1,-1
175,29,615.94,517.09,104.60,149.28,0.5282,-1,-1,-1
175,27,418.19,474.19,89.47,152.31,0.5080,-1,-1,-1
175,26,373.70,661.51,133.94,188.93,0.5472,-1,-1,-1
175,25,793.64,431.02,72.37,139.92,0.7887,-1,-1,-1
175,21,620.28,807.63,127.41,157.20,0.5588,-1,-1,-1
175,19,1062.07,92.05,43.66,73.48,0.7368,-1,-1,-1
175,18,1088.87,87.87,50.95,68.65,0.7485,-1,-1,-1
175,17,829.04,255.89,59.16,101.82,0.7676,-1,-1,-1
175,16,665.01,447.07,81.98,134.04,0.7994,-1,-1,-1
175,15,1163.30,56.40,39.43,60.43,0.8400,-1,-1,-1
175,14,676.65,303.75,65.56,112.85,0.8428,-1,-1,-1
175,12,570.64,503.33,65.30,120.05,0.8593,-1,-1,-1
175,11,873.40,226.78,54.61,95.82,0.8620,-1,-1,-1
175,10,992.11,148.65,46.57,79.37,0.8627,-1,-1,-1
175,6,537.48,356.24,73.53,115.46,0.8856,-1,-1,-1
175,5,448.83,135.82,48.94,78.55,0.8927,-1,-1,-1
175,4,920.94,218.29,50.82,92.34,0.8931,-1,-1,-1
175,3,684.47,391.81,86.96,117.33,0.9257,-1,-1,-1
175,2,676.77,840.54,174.54,132.92,0.9407,-1,-1,-1
175,1,475.25,402.48,83.61,136.01,0.9408,-1,-1,-1
176,46,0.00,702.61,107.67,377.31,0.5540,-1,-1,-1
176,41,158.49,649.45,129.55,177.06,0.5776,-1,-1,-1
176,40,946.98,173.40,49.96,94.50,0.5031,-1,-1,-1
176,39,274.48,528.58,101.28,167.01,0.5812,-1,-1,-1
176,34,115.59,755.24,156.69,219.62,0.5488,-1,-1,-1
176,31,416.79,583.45,108.06,169.78,0.5290,-1,-1,-1
176,29,617.00,515.88,103.51,149.83,0.5282,-1,-1,-1
176,27,419.50,473.19,89.20,152.60,0.5080,-1,-1,-1
176,26,375.93,664.36,132.36,184.91,0.5472,-1,-1,-1
176,25,795.52,428.63,71.90,135.65,0.7887,-1,-1,-1
176,21,621.49,804.43,132.32,160.07,0.5588,-1,-1,-1
176,19,1062.81,91.18,43.41,73.84,0.7368,-1,-1,-1
176,18,1089.13,86.99,51.53,69.09,0.7485,-1,-1,-1
176,17,829.23,256.01,59.14,101.39,0.7676,-1,-1,-1
176,16,665.72,445.12,82.01,135.47,0.7994,-1,-1,-1
176,15,1163.97,56.04,39.14,59.16,0.8400,-1,-1,-1
176,14,677.70,305.14,62.50,111.81,0.8428,-1,-1,-1
176,12,571.51,506.25,65.98,115.25,0.8593,-1,-1,-1
176,11,872.71,226.63,55.10,94.74,0.8620,-1,-1,-1
176,10,991.17,146.19,46.90,80.69,0.8627,-1,-1,-1
176,6,538.84,354.70,72.28,116.13,0.8856,-1,-1,-1
176,5,449.13,135.97,49.08,77.67,0.8927,-1,-1,-1
176,4,922.04,218.52,51.47,91.57,0.8931,-1,-1,-1
176,3,684.19,394.75,85.98,113.32,0.9257,-1,-1,-1
176,2,678.21,842.60,174.75,131.73,0.9407,-1,-1,-1
176,1,479.02,399.69,83.67,137.40,0.9408,-1,-1,-1
177,46,0.00,731.49,112.09,347.01,0.5540,-1,-1,-1
177,41,159.39,647.73,128.88,175.45,0.5776,-1,-1,-1
177,40,947.26,173.36,52.42,94.67,0.5031,-1,-1,-1
177,39,278.26,525.73,101.58,166.19,0.5812,-1,-1,-1
177,34,119.34,754.24,155.73,217.63,0.5488,-1,-1,-1
177,31,422.61,576.55,107.53,175.83,0.5290,-1,-1,-1
177,29,617.96,513.33,106.37,152.34,0.5282,-1,-1,-1
177,27,421.63,471.89,90.21,156.12,0.5080,-1,-1,-1
177,26,377.95,664.21,133.58,182.42,0.5472,-1,-1,-1
177,25,798.73,425.52,72.68,136.35,0.7887,-1,-1,-1
177,21,620.24,803.57,127.12,161.08,0.5588,-1,-1,-1
177,19,1062.67,89.35,44.27,74.21,0.7368,-1,-1,-1
177,18,1089.14,85.68,50.38,69.24,0.7485,-1,-1,-1
177,17,832.81,254.06,54.82,100.67,0.7676,-1,-1,-1
177,16,667.26,447.96,82.22,131.85,0.7994,-1,-1,-1
177,15,1165.42,56.62,37.74,58.92,0.8400,-1,-1,-1
177,14,680.35,303.22,62.30,111.62,0.8428,-1,-1,-1
177,12,570.60,503.58,71.19,144.79,0.8593,-1,-1,-1
177,11,873.58,225.73,53.79,94.73,0.8620,-1,-1,-1
177,10,994.27,144.14,46.01,81.92,0.8627,-1,-1,-1
177,6,542.39,353.42,72.78,115.25,0.8856,-1,-1,-1
177,5,451.47,135.15,50.53,76.20,0.8927,-1,-1,-1
177,4,924.16,216.19,51.41,93.15,0.8931,-1,-1,-1
177,3,685.00,384.95,89.74,124.30,0.9257,-1,-1,-1
177,2,678.97,839.24,173.73,134.88,0.9407,-1,-1,-1
177,1,481.29,398.83,83.49,135.52,0.9408,-1,-1,-1
178,46,0.11,743.80,116.42,335.89,0.5540,-1,-1,-1
178,41,160.91,646.68,128.89,174.24,0.5776,-1,-1,-1
178,40,949.52,172.92,49.99,93.44,0.5031,-1,-1,-1
178,39,280.58,523.26,100.87,168.00,0.5812,-1,-1,-1
178,34,121.33,754.86,154.47,215.45,0.5488,-1,-1,-1
178,31,423.27,584.86,110.36,165.58,0.5290,-1,-1,-1
178,29,617.22,510.43,105.59,154.43,0.5282,-1,-1,-1
178,27,424.85,471.75,91.51,152.53,0.5080,-1,-1,-1
178,26,377.96,663.91,136.20,181.57,0.5472,-1,-1,-1
178,25,798.07,422.82,71.98,126.18,0.7887,-1,-1,-1
178,21,619.53,805.83,124.01,158.91,0.5588,-1,-1,-1
178,19,1062.65,88.77,44.77,74.02,0.7368,-1,-1,-1
178,18,1087.72,85.00,46.40,66.30,0.7485,-1,-1,-1
178,17,833.28,252.74,56.05,101.19,0.7676,-1,-1,-1
178,16,667.25,448.31,85.18,130.98,0.7994,-1,-1,-1
178,15,1165.83,56.64,36.28,59.29,0.8400,-1,-1,-1
178,14,682.11,303.03,65.18,110.37,0.8428,-1,-1,-1
178,12,571.68,504.51,71.58,143.59,0.8593,-1,-1,-1
178,11,873.01,225.47,54.63,95.26,0.8620,-1,-1,-1
178,10,994.45,145.55,45.51,80.47,0.8627,-1,-1,-1
178,6,543.78,352.17,74.77,116.39,0.8856,-1,-1,-1
178,5,453.01,135.49,50.17,78.62,0.8927,-1,-1,-1
178,4,924.72,215.19,50.35,91.84,0.8931,-1,-1,-1
178,3,686.34,378.06,88.39,131.41,0.9257,-1,-1,-1
178,2,680.40,841.85,171.57,131.36,0.9407,-1,-1,-1
178,1,482.56,397.22,83.58,135.26,0.9408,-1,-1,-1
179,46,0.40,749.07,123.06,330.67,0.5540,-1,-1,-1
179,41,166.54,643.69,129.35,175.76,0.5776,-1,-1,-1
179,40,949.87,171.52,50.51,93.35,0.5031,-1,-1,-1
179,39,286.75,521.13,100.64,168.11,0.5812,-1,-1,-1
179,38,259.30,772.13,146.19,189.29,0.6542,-1,-1,-1
179,34,127.53,752.35,238.72,213.31,0.5488,-1,-1,-1
179,31,427.46,583.87,109.06,161.75,0.5290,-1,-1,-1
179,29,620.93,506.29,105.55,158.08,0.5282,-1,-1,-1
179,27,426.61,471.18,91.99,152.59,0.5080,-1,-1,-1
179,26,381.93,663.27,134.60,181.54,0.5472,-1,-1,-1
179,25,802.12,419.83,67.31,113.88,0.7887,-1,-1,-1
179,21,619.22,804.25,105.08,161.63,0.5588,-1,-1,-1
179,19,1066.11,87.45,39.75,74.36,0.7368,-1,-1,-1
179,18,1086.68,82.90,44.75,68.90,0.7485,-1,-1,-1
179,17,832.86,251.25,58.22,101.87,0.7676,-1,-1,-1
179,16,667.33,443.89,85.97,133.74,0.7994,-1,-1,-1
179,15,1168.44,53.25,38.50,61.85,0.8400,-1,-1,-1
179,14,684.55,301.32,69.50,108.74,0.8428,-1,-1,-1
179,12,572.65,503.37,72.12,142.44,0.8593,-1,-1,-1
179,11,874.79,222.38,54.24,97.21,0.8620,-1,-1,-1
179,10,997.82,144.19,43.30,80.56,0.8627,-1,-1,-1
179,6,548.27,352.30,74.97,117.81,0.8856,-1,-1,-1
179,5,456.21,134.55,50.54,80.36,0.8927,-1,-1,-1
179,4,925.80,216.39,51.81,89.57,0.8931,-1,-1,-1
179,3,687.43,354.80,86.86,148.85,0.9257,-1,-1,-1
179,2,679.85,839.94,173.44,133.36,0.9407,-1,-1,-1
179,1,487.83,394.94,83.41,134.89,0.9408,-1,-1,-1
180,46,0.39,749.60,124.89,329.67,0.5540,-1,-1,-1
180,41,167.29,641.25,129.02,177.00,0.5776,-1,-1,-1
180,40,949.79,170.95,51.41,93.19,0.5031,-1,-1,-1
180,39,287.93,519.68,100.10,166.96,0.5812,-1,-1,-1
180,38,259.86,768.60,145.33,191.42,0.6542,-1,-1,-1
180,34,127.83,755.37,154.48,210.55,0.5488,-1,-1,-1
180,31,428.18,584.32,108.08,163.02,0.5290,-1,-1,-1
180,29,621.84,504.43,105.47,159.45,0.5282,-1,-1,-1
180,27,427.51,469.91,89.42,154.32,0.5080,-1,-1,-1
180,26,383.94,663.78,133.54,180.54,0.5472,-1,-1,-1
180,25,804.31,416.05,72.94,140.69,0.7887,-1,-1,-1
180,21,620.66,807.20,130.57,158.63,0.5588,-1,-1,-1
180,19,1066.26,85.12,40.54,76.08,0.7368,-1,-1,-1
180,18,1085.73,80.31,42.68,70.09,0.7485,-1,-1,-1
180,17,832.07,252.14,59.49,100.18,0.7676,-1,-1,-1
180,16,667.08,445.71,85.72,131.05,0.7994,-1,-1,-1
180,15,1168.40,53.33,39.23,61.60,0.8400,-1,-1,-1
180,14,686.42,300.27,69.32,109.35,0.8428,-1,-1,-1
180,12,572.85,504.28,71.19,141.17,0.8593,-1,-1,-1
180,11,875.31,221.07,53.75,97.26,0.8620,-1,-1,-1
180,10,998.49,143.37,43.91,80.80,0.8627,-1,-1,-1
180,6,549.58,351.02,72.51,115.85,0.8856,-1,-1,-1
180,5,457.06,133.44,50.37,81.22,0.8927,-1,-1,-1
180,4,926.12,215.13,51.43,88.88,0.8931,-1,-1,-1
180,3,688.44,355.01,82.07,145.52,0.9257,-1,-1,-1
180,2,679.47,838.85,173.93,134.70,0.9407,-1,-1,-1
180,1,488.18,394.37,84.90,134.10,0.9408,-1,-1,-1
181,46,0.46,745.02,128.19,332.99,0.5540,-1,-1,-1
181,41,172.30,638.56,128.31,177.52,0.5776,-1,-1,-1
181,40,952.19,169.68,50.79,93.01,0.5031,-1,-1,-1
181,39,290.69,515.60,100.76,165.26,0.5812,-1,-1,-1
181,38,260.01,758.90,147.17,197.54,0.6542,-1,-1,-1
181,34,131.02,754.15,153.14,208.32,0.5488,-1,-1,-1
181,31,429.48,585.39,111.97,160.24,0.5290,-1,-1,-1
181,29,621.33,504.86,103.84,158.19,0.5282,-1,-1,-1
181,27,430.82,467.38,89.70,151.93,0.5080,-1,-1,-1
181,26,386.17,663.32,132.16,178.58,0.5472,-1,-1,-1
181,25,806.18,413.47,71.43,138.72,0.7887,-1,-1,-1
181,21,620.90,809.82,149.09,155.98,0.5588,-1,-1,-1
181,19,1068.27,82.67,39.23,78.13,0.7368,-1,-1,-1
181,18,1082.43,80.60,48.11,68.81,0.7485,-1,-1,-1
181,17,833.84,250.53,58.57,100.09,0.7676,-1,-1,-1
181,16,668.76,433.31,84.09,141.92,0.7994,-1,-1,-1
181,15,1167.80,53.83,40.35,60.57,0.8400,-1,-1,-1
181,14,690.01,299.42,67.16,108.09,0.8428,-1,-1,-1
181,12,574.75,502.60,70.65,140.11,0.8593,-1,-1,-1
181,11,875.75,221.23,54.97,96.51,0.8620,-1,-1,-1
181,10,998.12,142.75,46.19,80.89,0.8627,-1,-1,-1
181,6,552.52,348.61,72.37,119.08,0.8856,-1,-1,-1
181,5,458.41,131.97,49.21,80.37,0.8927,-1,-1,-1
181,4,926.05,212.77,52.32,89.13,0.8931,-1,-1,-1
181,3,689.27,360.29,92.60,145.52,0.9257,-1,-1,-1
181,2,681.70,842.37,173.37,131.13,0.9407,-1,-1,-1
181,1,493.30,391.91,79.12,135.88,0.9408,-1,-1,-1
182,46,0.52,755.50,130.78,321.60,0.5540,-1,-1,-1
182,41,175.01,637.77,127.93,178.33,0.5776,-1,-1,-1
182,40,952.60,169.40,50.38,93.32,0.5031,-1,-1,-1
182,39,293.93,514.24,100.00,164.42,0.5812,-1,-1,-1
182,38,261.73,756.69,145.91,198.64,0.6542,-1,-1,-1
182,34,131.73,752.28,149.12,209.48,0.5488,-1,-1,-1
182,31,430.81,587.35,113.26,159.68,0.5290,-1,-1,-1
182,29,624.50,503.02,103.57,158.71,0.5282,-1,-1,-1
182,27,431.63,468.82,90.89,149.42,0.5080,-1,-1,-1
182,26,387.91,661.59,131.50,179.29,0.5472,-1,-1,-1
182,25,806.86,411.58,72.70,140.53,0.7887,-1,-1,-1
182,21,620.40,808.45,127.53,157.48,0.5588,-1,-1,-1
182,18,1079.10,80.30,46.97,71.56,0.7485,-1,-1,-1
182,17,833.36,250.11,58.82,100.86,0.7676,-1,-1,-1
182,16,670.22,424.43,83.03,151.78,0.7994,-1,-1,-1
182,15,1168.51,54.69,39.13,58.98,0.8400,-1,-1,-1
182,14,691.95,298.69,66.91,106.41,0.8428,-1,-1,-1
182,12,575.71,500.64,73.72,143.02,0.8593,-1,-1,-1
182,11,876.77,223.10,56.93,93.64,0.8620,-1,-1,-1
182,10,999.63,142.08,45.13,81.46,0.8627,-1,-1,-1
182,6,554.17,349.03,71.20,115.96,0.8856,-1,-1,-1
182,5,459.91,131.54,49.67,80.10,0.8927,-1,-1,-1
182,4,927.25,210.85,51.81,90.98,0.8931,-1,-1,-1
182,3,689.38,348.58,81.55,150.17,0.9257,-1,-1,-1
182,2,682.84,842.67,172.07,131.44,0.9407,-1,-1,-1
182,1,495.49,392.00,77.91,135.48,0.9408,-1,-1,-1
183,46,0.31,743.62,136.30,334.21,0.5540,-1,-1,-1
183,41,180.90,635.50,124.32,178.26,0.5776,-1,-1,-1
183,40,954.28,169.16,50.65,91.52,0.5031,-1,-1,-1
183,39,300.62,512.67,99.52,162.87,0.5812,-1,-1,-1
183,38,262.73,772.56,148.79,183.05,0.6542,-1,-1,-1
183,34,132.57,752.47,155.67,207.54,0.5488,-1,-1,-1
183,31,435.74,584.43,111.58,159.76,0.5290,-1,-1,-1
183,29,625.40,501.16,103.79,160.93,0.5282,-1,-1,-1
183,27,432.79,464.60,93.88,151.38,0.5080,-1,-1,-1
183,26,391.73,660.67,131.40,177.99,0.5472,-1,-1,-1
183,25,809.18,408.74,63.47,122.95,0.7887,-1,-1,-1
183,21,619.92,809.15,129.77,155.56,0.5588,-1,-1,-1
183,18,1077.28,79.47,46.75,71.96,0.7485,-1,-1,-1
183,17,833.46,248.46,58.92,101.93,0.7676,-1,-1,-1
183,16,671.64,418.12,81.99,156.85,0.7994,-1,-1,-1
183,15,1169.27,52.64,39.23,60.83,0.8400,-1,-1,-1
183,14,692.57,296.14,67.96,110.32,0.8428,-1,-1,-1
183,12,577.44,501.21,70.22,141.72,0.8593,-1,-1,-1
183,11,879.35,220.75,55.07,94.27,0.8620,-1,-1,-1
183,10,1000.30,139.67,46.43,81.36,0.8627,-1,-1,-1
183,6,556.38,348.57,75.55,114.72,0.8856,-1,-1,-1
183,5,462.31,132.33,48.95,76.49,0.8927,-1,-1,-1
183,4,929.46,211.09,50.03,87.88,0.8931,-1,-1,-1
183,3,692.98,349.44,83.63,149.70,0.9257,-1,-1,-1
183,2,681.82,838.77,174.21,135.38,0.9407,-1,-1,-1
183,1,498.19,388.85,77.41,137.95,0.9408,-1,-1,-1
184,46,0.29,737.92,138.88,339.99,0.5540,-1,-1,-1
184,41,182.08,634.36,125.88,178.22,0.5776,-1,-1,-1
184,40,954.31,168.78,53.08,91.11,0.5031,-1,-1,-1
184,39,304.00,510.99,98.84,162.95,0.5812,-1,-1,-1
184,38,263.25,761.62,148.99,192.57,0.6542,-1,-1,-1
184,34,132.82,751.19,151.14,207.97,0.5488,-1,-1,-1
184,31,437.17,580.11,111.22,162.91,0.5290,-1,-1,-1
184,29,626.42,499.27,103.43,161.08,0.5282,-1,-1,-1
184,27,434.28,463.96,93.70,151.96,0.5080,-1,-1,-1
184,26,391.18,659.28,133.29,178.09,0.5472,-1,-1,-1
184,25,810.34,407.79,69.85,131.78,0.7887,-1,-1,-1
184,21,620.72,809.05,174.94,153.88,0.5588,-1,-1,-1
184,18,1074.03,77.48,50.50,77.91,0.7485,-1,-1,-1
184,17,835.06,248.41,57.73,100.78,0.7676,-1,-1,-1
184,16,670.08,432.95,84.31,142.75,0.7994,-1,-1,-1
184,15,1170.41,53.48,38.64,59.18,0.8400,-1,-1,-1
184,14,694.08,296.57,66.49,106.25,0.8428,-1,-1,-1
184,12,578.95,499.94,69.25,141.10,0.8593,-1,-1,-1
184,11,879.80,223.26,54.28,91.05,0.8620,-1,-1,-1
184,10,1000.98,138.25,46.16,81.59,0.8627,-1,-1,-1
184,6,558.77,345.81,75.27,117.10,0.8856,-1,-1,-1
184,5,462.46,130.86,48.87,75.85,0.8927,-1,-1,-1
184,4,929.15,208.62,51.57,89.75,0.8931,-1,-1,-1
184,3,694.20,348.04,83.17,149.92,0.9257,-1,-1,-1
184,2,681.70,837.13,176.02,137.01,0.9407,-1,-1,-1
184,1,502.05,389.04,77.36,134.81,0.9408,-1,-1,-1
185,46,0.26,728.64,141.17,347.71,0.5540,-1,-1,-1
185,41,185.24,631.26,124.24,177.78,0.5776,-1,-1,-1
185,40,955.06,167.49,52.35,91.77,0.5031,-1,-1,-1
185,39,308.18,510.20,102.72,160.20,0.5812,-1,-1,-1
185,38,263.45,747.66,147.20,205.22,0.6542,-1,-1,-1
185,34,135.25,747.78,153.89,210.41,0.5488,-1,-1,-1
185,31,441.66,580.53,110.67,161.78,0.5290,-1,-1,-1
185,29,628.21,494.07,101.64,165.06,0.5282,-1,-1,-1
185,27,438.55,465.79,89.99,144.61,0.5080,-1,-1,-1
185,26,394.97,657.93,130.85,178.04,0.5472,-1,-1,-1
185,25,810.03,402.93,69.62,126.43,0.7887,-1,-1,-1
185,21,620.76,809.13,151.96,152.82,0.5588,-1,-1,-1
185,18,1074.99,76.12,50.88,80.63,0.7485,-1,-1,-1
185,17,836.97,249.60,56.27,98.16,0.7676,-1,-1,-1
185,16,672.17,428.71,83.88,145.40,0.7994,-1,-1,-1
185,15,1173.21,52.09,38.70,60.28,0.8400,-1,-1,-1
185,14,696.72,296.23,68.45,103.66,0.8428,-1,-1,-1
185,12,580.53,495.46,71.58,144.53,0.8593,-1,-1,-1
185,11,880.31,222.84,55.42,90.02,0.8620,-1,-1,-1
185,10,1003.11,136.87,44.51,81.50,0.8627,-1,-1,-1
185,6,562.02,344.53,74.66,116.04,0.8856,-1,-1,-1
185,5,466.21,129.37,49.12,77.43,0.8927,-1,-1,-1
185,4,928.88,208.11,50.92,88.22,0.8931,-1,-1,-1
185,3,697.53,360.12,84.07,138.19,0.9257,-1,-1,-1
185,2,678.97,836.21,178.72,137.58,0.9407,-1,-1,-1
185,1,505.27,386.51,78.15,135.24,0.9408,-1,-1,-1
186,46,0.24,717.30,143.38,359.03,0.5540,-1,-1,-1
186,41,188.06,630.57,125.44,179.74,0.5776,-1,-1,-1
186,40,956.24,165.84,51.17,92.60,0.5031,-1,-1,-1
186,39,309.93,506.72,103.53,162.31,0.5812,-1,-1,-1
186,38,264.02,746.11,146.45,206.53,0.6542,-1,-1,-1
186,37,1321.47,8.29,18.68,16.70,0.5319,-1,-1,-1
186,34,135.38,746.29,154.31,211.16,0.5488,-1,-1,-1
186,31,445.04,576.83,107.41,162.32,0.5290,-1,-1,-1
186,29,628.29,486.61,99.40,170.18,0.5282,-1,-1,-1
186,27,439.28,464.30,88.22,145.79,0.5080,-1,-1,-1
186,26,395.42,657.62,132.59,176.73,0.5472,-1,-1,-1
186,25,810.86,399.82,62.86,116.04,0.7887,-1,-1,-1
186,21,621.30,812.17,168.12,148.82,0.5588,-1,-1,-1
186,18,1073.78,75.08,51.90,81.54,0.7485,-1,-1,-1
186,17,838.24,247.43,55.41,99.56,0.7676,-1,-1,-1
186,16,672.54,426.78,83.20,147.32,0.7994,-1,-1,-1
186,15,1173.16,51.33,38.55,61.08,0.8400,-1,-1,-1
186,14,697.57,294.07,62.95,107.90,0.8428,-1,-1,-1
186,12,581.25,495.02,67.93,144.16,0.8593,-1,-1,-1
186,11,881.06,221.56,54.11,91.89,0.8620,-1,-1,-1
186,10,1003.02,136.27,44.76,79.18,0.8627,-1,-1,-1
186,6,564.25,343.66,72.27,115.22,0.8856,-1,-1,-1
186,5,466.79,129.55,48.76,75.20,0.8927,-1,-1,-1
186,4,928.85,206.80,52.12,89.14,0.8931,-1,-1,-1
186,3,698.19,357.20,85.97,141.59,0.9257,-1,-1,-1
186,2,679.18,834.98,178.41,138.81,0.9407,-1,-1,-1
186,1,507.77,386.02,78.92,134.96,0.9408,-1,-1,-1
187,46,0.14,692.55,148.24,381.02,0.5540,-1,-1,-1
187,41,191.83,628.67,125.66,177.30,0.5776,-1,-1,-1
187,40,957.61,164.73,49.85,93.51,0.5031,-1,-1,-1
187,39,312.79,505.86,105.49,162.14,0.5812,-1,-1,-1
187,38,264.91,751.97,147.01,199.59,0.6542,-1,-1,-1
187,37,1320.49,7.38,19.93,17.77,0.5319,-1,-1,-1
187,34,138.22,742.47,153.21,212.17,0.5488,-1,-1,-1
187,31,450.67,571.60,105.33,167.49,0.5290,-1,-1,-1
187,29,629.27,496.77,97.89,157.51,0.5282,-1,-1,-1
187,27,441.56,461.97,89.21,149.41,0.5080,-1,-1,-1
187,26,398.37,655.61,129.80,176.54,0.5472,-1,-1,-1
187,25,812.72,398.20,71.43,133.86,0.7887,-1,-1,-1
187,21,623.00,806.50,135.39,154.07,0.5588,-1,-1,-1
187,17,839.59,247.03,55.55,97.23,0.7676,-1,-1,-1
187,16,673.21,441.10,82.94,131.46,0.7994,-1,-1,-1
187,15,1173.01,50.55,40.36,61.73,0.8400,-1,-1,-1
187,14,700.56,293.32,65.62,105.09,0.8428,-1,-1,-1
187,12,582.69,494.37,66.85,143.23,0.8593,-1,-1,-1
187,11,882.41,220.40,54.86,93.50,0.8620,-1,-1,-1
187,10,1003.22,135.60,46.71,80.42,0.8627,-1,-1,-1
187,6,568.21,343.96,74.40,115.66,0.8856,-1,-1,-1
187,5,469.15,130.22,48.53,74.27,0.8927,-1,-1,-1
187,4,928.43,205.86,51.99,88.30,0.8931,-1,-1,-1
187,3,701.17,365.22,89.34,132.39,0.9257,-1,-1,-1
187,2,677.56,829.25,180.25,144.22,0.9407,-1,-1,-1
187,1,509.49,385.93,79.11,134.37,0.9408,-1,-1,-1
188,46,0.09,690.46,150.42,381.92,0.5540,-1,-1,-1
188,41,197.29,626.83,122.96,177.90,0.5776,-1,-1,-1
188,40,958.52,164.01,48.34,94.03,0.5031,-1,-1,-1
188,39,313.79,504.54,107.92,160.92,0.5812,-1,-1,-1
188,38,264.87,762.74,149.09,188.18,0.6542,-1,-1,-1
188,37,1321.58,7.27,19.00,18.08,0.5319,-1,-1,-1
188,34,139.17,741.91,155.27,212.63,0.5488,-1,-1,-1
188,31,452.73,570.21,104.84,169.30,0.5290,-1,-1,-1
188,29,630.34,499.31,97.87,154.44,0.5282,-1,-1,-1
188,27,442.08,461.30,89.61,151.65,0.5080,-1,-1,-1
188,26,399.92,653.25,132.00,178.56,0.5472,-1,-1,-1
188,25,813.70,394.96,69.23,135.40,0.7887,-1,-1,-1
188,21,623.62,802.60,151.50,157.16,0.5588,-1,-1,-1
188,17,840.78,244.68,55.28,100.13,0.7676,-1,-1,-1
188,16,670.66,438.08,85.80,133.99,0.7994,-1,-1,-1
188,15,1176.38,50.97,38.43,60.76,0.8400,-1,-1,-1
188,14,702.59,291.29,67.30,106.62,0.8428,-1,-1,-1
188,12,582.08,492.73,68.92,145.38,0.8593,-1,-1,-1
188,11,883.23,220.53,53.28,91.87,0.8620,-1,-1,-1
188,10,1004.18,135.74,45.71,80.38,0.8627,-1,-1,-1
188,6,570.59,344.71,71.84,114.51,0.8856,-1,-1,-1
188,5,469.72,128.78,50.42,77.98,0.8927,-1,-1,-1
188,4,929.07,203.26,52.92,88.60,0.8931,-1,-1,-1
188,3,700.79,351.32,87.99,145.03,0.9257,-1,-1,-1
188,2,677.90,829.20,179.61,143.55,0.9407,-1,-1,-1
188,1,511.49,384.31,77.10,135.27,0.9408,-1,-1,-1
189,46,0.19,701.03,153.69,367.97,0.5540,-1,-1,-1
189,41,201.28,624.91,122.41,176.25,0.5776,-1,-1,-1
189,40,958.69,163.82,48.91,93.93,0.5031,-1,-1,-1
189,39,320.31,504.07,105.12,160.48,0.5812,-1,-1,-1
189,38,265.98,756.87,148.95,192.14,0.6542,-1,-1,-1
189,37,1321.33,6.79,18.89,18.68,0.5319,-1,-1,-1
189,34,142.45,736.45,156.65,215.86,0.5488,-1,-1,-1
189,31,451.34,565.79,109.77,172.60,0.5290,-1,-1,-1
189,29,630.96,496.63,100.82,155.88,0.5282,-1,-1,-1
189,27,443.77,458.92,87.60,151.97,0.5080,-1,-1,-1
189,26,402.89,653.24,129.83,177.13,0.5472,-1,-1,-1
189,25,813.82,393.01,69.02,124.49,0.7887,-1,-1,-1
189,21,623.40,805.64,170.08,153.53,0.5588,-1,-1,-1
189,19,1075.22,74.21,52.32,81.26,0.7368,-1,-1,-1
189,17,840.00,245.48,56.54,99.17,0.7676,-1,-1,-1
189,16,672.69,436.52,84.17,133.96,0.7994,-1,-1,-1
189,15,1176.03,50.16,39.14,61.25,0.8400,-1,-1,-1
189,14,705.72,289.73,67.01,107.04,0.8428,-1,-1,-1
189,12,582.39,489.92,68.34,145.89,0.8593,-1,-1,-1
189,11,883.14,219.39,54.74,93.88,0.8620,-1,-1,-1
189,10,1006.07,135.19,45.14,81.14,0.8627,-1,-1,-1
189,6,575.18,340.94,72.14,117.64,0.8856,-1,-1,-1
189,5,471.47,128.80,51.00,75.07,0.8927,-1,-1,-1
189,4,928.24,201.76,53.21,85.68,0.8931,-1,-1,-1
189,3,702.99,360.21,88.50,134.02,0.9257,-1,-1,-1
189,2,677.84,824.19,181.02,148.99,0.9407,-1,-1,-1
189,1,515.39,384.91,74.13,131.71,0.9408,-1,-1,-1
190,46,0.00,809.36,155.53,260.89,0.5540,-1,-1,-1
190,41,203.38,623.75,123.22,176.57,0.5776,-1,-1,-1
190,40,960.72,162.05,49.13,95.31,0.5031,-1,-1,-1
190,39,322.46,502.73,104.45,160.38,0.5812,-1,-1,-1
190,38,264.86,755.55,150.55,194.16,0.6542,-1,-1,-1
190,37,1321.01,6.35,19.88,18.98,0.5319,-1,-1,-1
190,34,142.37,735.70,155.04,216.77,0.5488,-1,-1,-1
190,31,452.65,564.73,109.93,174.51,0.5290,-1,-1,-1
190,29,632.45,495.98,99.44,155.84,0.5282,-1,-1,-1
190,27,444.70,458.09,88.80,154.28,0.5080,-1,-1,-1
190,26,404.40,650.25,128.59,180.44,0.5472,-1,-1,-1
190,25,816.67,389.76,69.87,134.10,0.7887,-1,-1,-1
190,20,1522.16,72.11,34.61,37.00,0.7229,-1,-1,-1
190,19,1077.14,73.23,53.04,79.41,0.7368,-1,-1,-1
190,17,842.47,242.53,57.56,100.73,0.7676,-1,-1,-1
190,16,672.38,436.17,87.53,135.02,0.7994,-1,-1,-1
190,15,1177.08,50.59,38.29,60.77,0.8400,-1,-1,-1
190,14,706.91,288.45,69.34,108.92,0.8428,-1,-1,-1
190,12,582.27,488.88,70.43,145.90,0.8593,-1,-1,-1
190,11,884.62,218.64,55.19,92.99,0.8620,-1,-1,-1
190,10,1006.47,133.80,45.45,81.46,0.8627,-1,-1,-1
190,6,576.62,341.72,72.15,115.10,0.8856,-1,-1,-1
190,5,472.11,126.55,52.59,76.46,0.8927,-1,-1,-1
190,4,927.70,201.03,53.68,86.78,0.8931,-1,-1,-1
190,3,703.73,354.88,89.53,138.49,0.9257,-1,-1,-1
190,2,676.14,814.65,181.24,157.70,0.9407,-1,-1,-1
190,1,516.46,383.14,76.30,133.81,0.9408,-1,-1,-1
191,46,0.10,862.78,162.43,206.02,0.5540,-1,-1,-1
191,41,208.37,620.68,121.85,175.94,0.5776,-1,-1,-1
191,40,961.56,160.82,49.83,94.27,0.5031,-1,-1,-1
191,39,324.67,499.83,103.06,160.24,0.5812,-1,-1,-1
191,38,266.32,744.85,150.42,202.59,0.6542,-1,-1,-1
191,37,1321.51,6.74,19.92,18.51,0.5319,-1,-1,-1
191,34,146.81,733.57,148.70,216.65,0.5488,-1,-1,-1
191,31,454.37,563.84,110.35,170.96,0.5290,-1,-1,-1
191,29,634.56,473.31,96.37,176.43,0.5282,-1,-1,-1
191,27,446.68,457.59,91.05,151.72,0.5080,-1,-1,-1
191,26,405.21,648.25,129.84,182.09,0.5472,-1,-1,-1
191,25,815.86,387.21,73.88,135.75,0.7887,-1,-1,-1
191,20,1521.90,69.74,35.01,38.18,0.7229,-1,-1,-1
191,19,1080.62,71.52,51.23,83.11,0.7368,-1,-1,-1
191,17,843.92,242.20,57.53,98.90,0.7676,-1,-1,-1
191,16,674.60,436.49,85.05,132.67,0.7994,-1,-1,-1
191,15,1179.18,48.37,37.76,62.35,0.8400,-1,-1,-1
191,14,708.24,287.90,66.48,105.36,0.8428,-1,-1,-1
191,12,583.88,490.48,70.62,138.12,0.8593,-1,-1,-1
191,11,886.16,217.41,54.68,93.61,0.8620,-1,-1,-1
191,10,1008.36,134.81,43.97,79.29,0.8627,-1,-1,-1
191,6,579.24,341.80,69.33,112.17,0.8856,-1,-1,-1
191,5,473.43,126.10,52.92,76.76,0.8927,-1,-1,-1
191,4,926.90,200.33,54.17,86.35,0.8931,-1,-1,-1
191,3,703.58,335.72,90.30,155.62,0.9257,-1,-1,-1
191,2,677.21,820.15,183.28,152.96,0.9407,-1,-1,-1
191,1,519.68,381.11,77.76,133.07,0.9408,-1,-1,-1
192,46,0.45,864.93,163.84,204.51,0.5540,-1,-1,-1
192,41,208.35,619.02,123.93,177.12,0.5776,-1,-1,-1
192,40,961.68,159.78,50.32,95.18,0.5031,-1,-1,-1
192,39,326.11,498.28,101.65,161.51,0.5812,-1,-1,-1
192,38,265.96,742.19,151.69,204.17,0.6542,-1,-1,-1
192,37,1322.13,6.73,19.46,18.29,0.5319,-1,-1,-1
192,34,149.34,734.09,144.65,214.14,0.5488,-1,-1,-1
192,31,454.10,564.08,113.46,171.96,0.5290,-1,-1,-1
192,29,634.36,473.90,97.56,175.01,0.5282,-1,-1,-1
192,27,449.23,457.77,88.74,150.04,0.5080,-1,-1,-1
192,26,407.34,648.12,128.63,181.95,0.5472,-1,-1,-1
192,25,817.35,384.98,73.74,133.68,0.7887,-1,-1,-1
192,20,1521.51,69.51,34.86,38.01,0.7229,-1,-1,-1
192,19,1080.34,71.30,50.11,83.14,0.7368,-1,-1,-1
192,17,843.39,242.27,58.30,99.11,0.7676,-1,-1,-1
192,16,673.20,434.09,85.18,134.06,0.7994,-1,-1,-1
192,15,1179.47,47.97,37.72,62.46,0.8400,-1,-1,-1
192,14,712.89,287.27,63.23,105.69,0.8428,-1,-1,-1
192,12,583.58,490.34,70.54,139.44,0.8593,-1,-1,-1
192,11,887.52,217.11,53.63,93.43,0.8620,-1,-1,-1
192,10,1008.69,133.07,44.74,81.49,0.8627,-1,-1,-1
192,6,580.88,339.35,70.08,111.31,0.8856,-1,-1,-1
192,5,474.96,126.62,52.79,75.42,0.8927,-1,-1,-1
192,4,926.53,199.34,54.02,86.77,0.8931,-1,-1,-1
192,3,703.00,332.58,90.25,158.49,0.9257,-1,-1,-1
192,2,677.08,816.21,184.32,156.47,0.9407,-1,-1,-1
192,1,520.22,379.61,80.80,133.59,0.9408,-1,-1,-1
193,46,0.61,862.19,166.95,204.54,0.5540,-1,-1,-1
193,41,212.45,615.99,122.83,176.05,0.5776,-1,-1,-1
193,40,963.64,160.72,50.07,93.79,0.5031,-1,-1,-1
193,39,329.35,493.63,102.83,164.20,0.5812,-1,-1,-1
193,38,267.91,738.50,148.67,205.04,0.6542,-1,-1,-1
193,37,1322.91,6.85,18.96,18.10,0.5319,-1,-1,-1
193,34,152.47,732.02,146.66,212.81,0.5488,-1,-1,-1
193,31,454.79,565.03,112.81,172.44,0.5290,-1,-1,-1
193,29,634.11,456.54,98.95,192.97,0.5282,-1,-1,-1
193,27,451.11,454.66,87.56,149.85,0.5080,-1,-1,-1
193,26,409.23,645.28,130.01,183.23,0.5472,-1,-1,-1
193,25,816.95,383.29,74.74,131.59,0.7887,-1,-1,-1
193,20,1522.11,69.94,34.34,37.01,0.7229,-1,-1,-1
193,19,1080.88,72.34,47.78,82.95,0.7368,-1,-1,-1
193,17,844.96,241.67,59.68,97.96,0.7676,-1,-1,-1
193,16,671.96,438.25,88.50,128.53,0.7994,-1,-1,-1
193,15,1181.79,47.25,37.52,62.17,0.8400,-1,-1,-1
193,14,713.72,285.35,64.01,102.39,0.8428,-1,-1,-1
193,12,583.43,489.41,71.14,140.64,0.8593,-1,-1,-1
193,11,888.44,215.34,53.08,93.85,0.8620,-1,-1,-1
193,10,1009.61,132.49,45.88,80.79,0.8627,-1,-1,-1
193,6,584.13,338.85,74.17,111.71,0.8856,-1,-1,-1
193,5,478.14,125.99,52.41,75.21,0.8927,-1,-1,-1
193,4,925.41,198.11,55.26,86.02,0.8931,-1,-1,-1
193,3,703.86,336.99,89.34,152.78,0.9257,-1,-1,-1
193,2,676.82,814.38,183.11,157.48,0.9407,-1,-1,-1
193,1,521.81,377.69,82.91,133.89,0.9408,-1,-1,-1
194,46,0.56,861.46,169.90,205.10,0.5540,-1,-1,-1
194,41,213.84,616.08,122.79,176.44,0.5776,-1,-1,-1
194,40,964.06,161.06,50.09,94.21,0.5031,-1,-1,-1
194,39,332.42,493.99,100.59,162.03,0.5812,-1,-1,-1
194,38,266.98,735.26,149.80,208.78,0.6542,-1,-1,-1
194,37,1323.38,6.67,19.39,18.32,0.5319,-1,-1,-1
194,34,156.36,730.65,142.25,209.69,0.5488,-1,-1,-1
194,31,455.41,562.77,112.46,173.63,0.5290,-1,-1,-1
194,29,634.92,462.94,99.83,186.31,0.5282,-1,-1,-1
194,27,453.15,454.90,89.15,149.79,0.5080,-1,-1,-1
194,26,410.25,643.70,130.73,184.47,0.5472,-1,-1,-1
194,25,816.53,379.81,72.40,134.28,0.7887,-1,-1,-1
194,20,1523.35,70.31,33.00,35.87,0.7229,-1,-1,-1
194,19,1081.68,72.16,52.48,82.80,0.7368,-1,-1,-1
194,17,845.52,240.71,59.36,97.98,0.7676,-1,-1,-1
194,16,674.62,433.73,85.13,132.91,0.7994,-1,-1,-1
194,15,1182.28,48.08,38.88,62.08,0.8400,-1,-1,-1
194,14,714.91,283.52,64.04,105.69,0.8428,-1,-1,-1
194,12,585.07,489.00,71.29,139.81,0.8593,-1,-1,-1
194,11,888.41,214.59,53.99,93.09,0.8620,-1,-1,-1
194,10,1009.68,132.24,46.48,80.43,0.8627,-1,-1,-1
194,6,585.19,337.26,74.67,113.98,0.8856,-1,-1,-1
194,5,478.62,124.35,52.05,76.88,0.8927,-1,-1,-1
194,4,925.85,196.77,54.41,85.81,0.8931,-1,-1,-1
194,3,705.59,335.02,91.32,155.77,0.9257,-1,-1,-1
194,2,676.59,814.98,183.06,157.11,0.9407,-1,-1,-1
194,1,526.47,375.80,80.17,134.37,0.9408,-1,-1,-1
195,46,0.83,859.41,174.24,207.25,0.5540,-1,-1,-1
195,45,621.59,801.86,97.00,159.97,0.5579,-1,-1,-1
195,41,216.23,614.86,121.36,178.72,0.5776,-1,-1,-1
195,40,967.90,159.54,48.01,93.28,0.5031,-1,-1,-1
195,39,335.57,491.29,98.14,162.74,0.5812,-1,-1,-1
195,37,1323.35,6.56,19.92,18.32,0.5319,-1,-1,-1
195,34,159.98,730.50,256.11,211.04,0.5488,-1,-1,-1
195,31,460.66,562.26,110.29,169.48,0.5290,-1,-1,-1
195,29,635.95,461.02,99.87,187.67,0.5282,-1,-1,-1
195,27,456.80,451.96,85.18,147.48,0.5080,-1,-1,-1
195,26,412.72,641.15,129.54,183.91,0.5472,-1,-1,-1
195,25,819.96,378.31,69.19,131.79,0.7887,-1,-1,-1
195,20,1524.52,70.26,32.10,36.10,0.7229,-1,-1,-1
195,19,1083.26,76.80,40.97,77.40,0.7368,-1,-1,-1
195,17,847.67,239.94,58.33,97.83,0.7676,-1,-1,-1
195,16,667.10,433.98,92.48,132.77,0.7994,-1,-1,-1
195,15,1183.64,45.66,40.48,64.09,0.8400,-1,-1,-1
195,14,716.42,282.20,62.97,107.10,0.8428,-1,-1,-1
195,12,587.48,486.65,74.37,141.99,0.8593,-1,-1,-1
195,11,890.28,211.08,56.03,94.98,0.8620,-1,-1,-1
195,10,1011.99,130.35,44.91,79.93,0.8627,-1,-1,-1
195,6,589.62,336.76,72.60,111.92,0.8856,-1,-1,-1
195,5,481.58,124.24,51.04,72.98,0.8927,-1,-1,-1
195,4,926.25,194.22,55.25,90.78,0.8931,-1,-1,-1
195,3,706.01,335.60,91.93,153.70,0.9257,-1,-1,-1
195,2,676.87,809.71,182.07,161.99,0.9407,-1,-1,-1
195,1,529.04,373.77,82.44,134.43,0.9408,-1,-1,-1
196,46,0.72,858.26,174.07,206.40,0.5540,-1,-1,-1
196,41,217.36,613.81,122.63,179.99,0.5776,-1,-1,-1
196,40,966.78,160.60,49.65,92.64,0.5031,-1,-1,-1
196,39,337.04,488.48,97.97,164.10,0.5812,-1,-1,-1
196,37,1323.28,5.79,19.74,18.86,0.5319,-1,-1,-1
196,34,163.11,706.76,256.70,234.27,0.5488,-1,-1,-1
196,31,459.39,560.10,114.59,170.65,0.5290,-1,-1,-1
196,29,635.65,481.33,102.42,167.69,0.5282,-1,-1,-1
196,27,456.10,453.08,89.49,146.05,0.5080,-1,-1,-1
196,26,414.17,640.90,130.30,182.79,0.5472,-1,-1,-1
196,25,820.10,376.15,72.34,131.29,0.7887,-1,-1,-1
196,20,1524.57,69.96,34.06,36.22,0.7229,-1,-1,-1
196,19,1081.58,82.78,43.49,70.80,0.7368,-1,-1,-1
196,17,848.20,238.24,58.71,99.69,0.7676,-1,-1,-1
196,16,674.85,433.39,84.22,132.81,0.7994,-1,-1,-1
196,15,1185.83,44.97,37.90,63.27,0.8400,-1,-1,-1
196,14,716.34,282.02,63.73,108.13,0.8428,-1,-1,-1
196,12,588.28,485.16,72.22,143.45,0.8593,-1,-1,-1
196,11,892.04,211.41,55.05,94.71,0.8620,-1,-1,-1
196,10,1014.92,130.57,42.71,79.49,0.8627,-1,-1,-1
196,6,591.63,335.97,72.93,111.97,0.8856,-1,-1,-1
196,5,483.82,123.61,50.27,74.87,0.8927,-1,-1,-1
196,4,927.78,192.64,53.37,88.60,0.8931,-1,-1,-1
196,3,716.45,365.42,84.60,124.03,0.9257,-1,-1,-1
196,2,677.81,813.96,181.91,158.23,0.9407,-1,-1,-1
196,1,530.53,373.79,81.49,133.98,0.9408,-1,-1,-1
197,46,3.04,853.76,176.88,210.96,0.5540,-1,-1,-1
197,41,222.49,613.88,125.28,178.49,0.5776,-1,-1,-1
197,40,969.18,159.67,48.71,92.30,0.5031,-1,-1,-1
197,39,339.03,488.29,98.35,162.41,0.5812,-1,-1,-1
197,37,1323.88,5.57,19.06,19.00,0.5319,-1,-1,-1
197,34,163.71,717.00,257.19,225.20,0.5488,-1,-1,-1
197,31,461.98,557.21,113.78,170.43,0.5290,-1,-1,-1
197,29,638.29,469.85,100.65,177.31,0.5282,-1,-1,-1
197,27,461.55,451.48,89.42,141.80,0.5080,-1,-1,-1
197,26,415.39,637.69,128.43,184.09,0.5472,-1,-1,-1
197,25,822.03,374.50,61.81,110.53,0.7887,-1,-1,-1
197,20,1526.15,70.19,30.42,35.62,0.7229,-1,-1,-1
197,19,1081.75,83.21,41.61,69.28,0.7368,-1,-1,-1
197,17,850.33,237.08,55.81,100.79,0.7676,-1,-1,-1
197,16,678.97,425.93,82.36,138.32,0.7994,-1,-1,-1
197,15,1185.99,46.00,37.67,61.55,0.8400,-1,-1,-1
197,14,718.60,278.85,67.58,110.64,0.8428,-1,-1,-1
197,12,589.78,482.93,71.70,144.99,0.8593,-1,-1,-1
197,11,892.67,212.82,54.49,92.46,0.8620,-1,-1,-1
197,10,1014.44,127.40,44.06,81.64,0.8627,-1,-1,-1
197,6,591.65,332.06,69.61,113.06,0.8856,-1,-1,-1
197,5,485.19,122.22,50.97,73.61,0.8927,-1,-1,-1
197,4,928.31,190.41,52.80,89.59,0.8931,-1,-1,-1
197,3,711.17,341.36,93.30,148.15,0.9257,-1,-1,-1
197,2,677.69,812.38,184.22,160.34,0.9407,-1,-1,-1
197,1,534.06,373.45,81.03,132.07,0.9408,-1,-1,-1
198,48,1106.43,65.97,37.93,65.21,0.5713,-1,-1,-1
198,46,7.42,852.64,176.26,209.59,0.5540,-1,-1,-1
198,41,227.40,613.83,120.75,178.21,0.5776,-1,-1,-1
198,40,971.27,160.29,49.39,90.86,0.5031,-1,-1,-1
198,39,341.43,486.84,95.52,163.86,0.5812,-1,-1,-1
198,37,1323.01,5.25,19.93,19.18,0.5319,-1,-1,-1
198,34,163.63,709.60,259.27,233.02,0.5488,-1,-1,-1
198,31,468.42,553.33,108.59,171.59,0.5290,-1,-1,-1
198,29,639.53,480.24,100.07,166.37,0.5282,-1,-1,-1
198,27,463.07,448.22,88.64,150.12,0.5080,-1,-1,-1
198,26,417.34,638.19,124.22,182.47,0.5472,-1,-1,-1
198,25,823.16,373.32,68.76,128.12,0.7887,-1,-1,-1
198,20,1526.41,69.18,31.87,36.53,0.7229,-1,-1,-1
198,19,1083.21,80.84,39.75,72.68,0.7368,-1,-1,-1
198,17,851.34,237.95,56.06,98.74,0.7676,-1,-1,-1
198,16,678.01,428.80,81.37,135.64,0.7994,-1,-1,-1
198,15,1188.84,45.74,39.05,60.53,0.8400,-1,-1,-1
198,14,719.83,278.55,63.15,109.66,0.8428,-1,-1,-1
198,12,591.09,479.35,71.16,147.96,0.8593,-1,-1,-1
198,11,893.31,215.21,56.00,92.36,0.8620,-1,-1,-1
198,10,1014.40,127.87,46.73,80.90,0.8627,-1,-1,-1
198,6,594.44,332.67,73.45,115.03,0.8856,-1,-1,-1
198,5,486.98,123.94,52.04,71.56,0.8927,-1,-1,-1
198,4,927.50,189.57,54.33,87.81,0.8931,-1,-1,-1
198,3,713.18,345.22,92.47,143.50,0.9257,-1,-1,-1
198,2,677.78,813.87,185.76,159.08,0.9407,-1,-1,-1
198,1,536.49,371.27,78.79,133.37,0.9408,-1,-1,-1
199,48,1109.57,65.04,36.49,66.16,0.5713,-1,-1,-1
199,46,11.67,848.58,175.20,209.29,0.5540,-1,-1,-1
199,41,236.03,613.27,118.50,175.63,0.5776,-1,-1,-1
199,40,972.37,157.71,48.26,91.35,0.5031,-1,-1,-1
199,39,344.12,484.61,97.11,165.30,0.5812,-1,-1,-1
199,37,1322.91,4.57,20.77,19.85,0.5319,-1,-1,-1
199,34,166.83,707.19,253.26,231.37,0.5488,-1,-1,-1
199,31,473.37,549.50,107.27,172.04,0.5290,-1,-1,-1
199,29,639.08,472.07,102.55,176.17,0.5282,-1,-1,-1
199,27,464.69,447.68,89.05,152.54,0.5080,-1,-1,-1
199,26,421.73,638.96,126.72,178.73,0.5472,-1,-1,-1
199,25,824.58,368.96,67.42,127.55,0.7887,-1,-1,-1
199,20,1526.03,68.11,32.56,37.93,0.7229,-1,-1,-1
199,19,1082.81,84.93,40.90,67.69,0.7368,-1,-1,-1
199,17,851.77,236.71,56.12,99.63,0.7676,-1,-1,-1
199,16,682.75,426.86,78.36,135.34,0.7994,-1,-1,-1
199,15,1189.38,46.08,40.10,61.16,0.8400,-1,-1,-1
199,14,723.87,278.50,65.22,110.86,0.8428,-1,-1,-1
199,12,595.31,473.43,66.42,150.65,0.8593,-1,-1,-1
199,11,893.90,214.20,54.83,93.15,0.8620,-1,-1,-1
199,10,1015.77,129.32,47.72,78.69,0.8627,-1,-1,-1
199,6,597.47,333.29,71.60,114.34,0.8856,-1,-1,-1
199,5,489.24,122.13,51.66,72.38,0.8927,-1,-1,-1
199,4,928.09,185.70,53.08,89.55,0.8931,-1,-1,-1
199,3,716.64,355.94,91.27,130.29,0.9257,-1,-1,-1
199,2,678.12,815.71,185.78,158.02,0.9407,-1,-1,-1
199,1,539.44,371.42,78.78,134.12,0.9408,-1,-1,-1
200,48,1111.23,66.98,37.24,63.26,0.5713,-1,-1,-1
200,46,11.45,849.00,178.02,210.54,0.5540,-1,-1,-1
200,41,239.38,613.82,117.32,174.82,0.5776,-1,-1,-1
200,40,972.35,157.09,50.19,91.01,0.5031,-1,-1,-1
200,39,346.83,482.89,94.14,165.91,0.5812,-1,-1,-1
200,34,167.17,715.34,256.81,220.01,0.5488,-1,-1,-1
200,31,475.49,547.13,105.63,175.19,0.5290,-1,-1,-1
200,29,640.49,471.91,102.00,176.99,0.5282,-1,-1,-1
200,27,465.01,445.97,88.66,154.16,0.5080,-1,-1,-1
200,26,420.84,638.92,128.81,178.51,0.5472,-1,-1,-1
200,25,826.49,367.05,65.42,128.61,0.7887,-1,-1,-1
200,20,1526.23,68.37,32.59,37.29,0.7229,-1,-1,-1
200,19,1083.12,82.82,41.17,69.89,0.7368,-1,-1,-1
200,17,852.22,235.78,57.85,100.49,0.7676,-1,-1,-1
200,16,682.99,426.27,78.29,135.29,0.7994,-1,-1,-1
200,15,1190.36,45.86,39.97,61.07,0.8400,-1,-1,-1
200,14,725.49,276.64,65.03,114.71,0.8428,-1,-1,-1
200,12,595.00,473.83,66.07,151.82,0.8593,-1,-1,-1
200,11,893.70,213.80,57.99,91.78,0.8620,-1,-1,-1
200,10,1017.27,129.36,46.40,77.57,0.8627,-1,-1,-1
200,6,601.03,331.96,69.49,114.56,0.8856,-1,-1,-1
200,5,489.71,121.93,51.63,72.59,0.8927,-1,-1,-1
200,4,927.77,185.19,52.29,88.72,0.8931,-1,-1,-1
200,3,712.59,344.05,93.95,142.16,0.9257,-1,-1,-1
200,2,678.05,816.26,185.75,157.48,0.9407,-1,-1,-1
200,1,540.76,371.33,77.52,133.72,0.9408,-1,-1,-1
201,48,1114.37,64.95,38.46,64.29,0.5713,-1,-1,-1
201,46,11.41,851.12,181.99,208.31,0.5540,-1,-1,-1
201,41,243.09,613.64,117.35,173.50,0.5776,-1,-1,-1
201,40,973.60,158.20,50.25,90.94,0.5031,-1,-1,-1
201,39,349.43,479.96,91.65,166.85,0.5812,-1,-1,-1
201,34,170.05,704.97,250.99,224.76,0.5488,-1,-1,-1
201,31,477.45,546.73,108.31,174.98,0.5290,-1,-1,-1
201,29,642.48,475.75,100.94,171.60,0.5282,-1,-1,-1
201,27,468.41,445.28,90.77,155.52,0.5080,-1,-1,-1
201,26,424.43,638.83,126.02,177.80,0.5472,-1,-1,-1
201,25,827.06,367.67,68.19,124.66,0.7887,-1,-1,-1
201,21,622.92,802.29,178.05,156.01,0.5588,-1,-1,-1
201,20,1525.20,67.54,34.85,37.06,0.7229,-1,-1,-1
201,19,1084.60,81.99,40.36,70.89,0.7368,-1,-1,-1
201,17,855.52,234.45,56.54,101.10,0.7676,-1,-1,-1
201,16,683.48,429.72,78.64,132.92,0.7994,-1,-1,-1
201,15,1192.02,45.41,39.66,62.08,0.8400,-1,-1,-1
201,14,728.46,275.79,62.52,112.79,0.8428,-1,-1,-1
201,12,595.24,475.85,67.84,149.62,0.8593,-1,-1,-1
201,11,896.25,210.39,53.36,92.90,0.8620,-1,-1,-1
201,10,1018.22,127.54,45.62,78.23,0.8627,-1,-1,-1
201,6,603.11,330.52,71.08,117.00,0.8856,-1,-1,-1
201,5,491.99,121.00,51.85,73.03,0.8927,-1,-1,-1
201,4,928.60,183.60,53.03,90.29,0.8931,-1,-1,-1
201,3,731.80,366.66,76.17,119.01,0.9257,-1,-1,-1
201,2,680.99,822.75,183.09,151.76,0.9407,-1,-1,-1
201,1,542.62,370.14,79.36,134.98,0.9408,-1,-1,-1
202,48,1114.63,65.77,38.94,63.77,0.5713,-1,-1,-1
202,46,17.18,850.96,180.09,202.80,0.5540,-1,-1,-1
202,41,242.66,614.14,120.42,172.28,0.5776,-1,-1,-1
202,40,974.87,157.52,49.85,91.58,0.5031,-1,-1,-1
202,39,349.91,478.61,92.06,162.90,0.5812,-1,-1,-1
202,34,171.81,712.42,249.78,216.73,0.5488,-1,-1,-1
202,31,482.40,545.05,106.58,176.21,0.5290,-1,-1,-1
202,29,641.56,468.72,101.66,179.61,0.5282,-1,-1,-1
202,27,469.42,444.01,92.05,153.55,0.5080,-1,-1,-1
202,26,425.58,638.48,129.48,178.29,0.5472,-1,-1,-1
202,25,827.94,366.43,70.32,126.38,0.7887,-1,-1,-1
202,21,624.47,804.72,188.94,153.08,0.5588,-1,-1,-1
202,19,1085.07,82.84,40.52,70.32,0.7368,-1,-1,-1
202,17,856.51,234.85,57.29,100.75,0.7676,-1,-1,-1
202,16,683.07,432.41,79.19,130.33,0.7994,-1,-1,-1
202,15,1191.76,44.72,40.13,62.46,0.8400,-1,-1,-1
202,14,729.04,274.81,62.81,113.43,0.8428,-1,-1,-1
202,12,595.79,475.77,68.05,148.81,0.8593,-1,-1,-1
202,11,897.23,210.28,55.45,92.50,0.8620,-1,-1,-1
202,10,1018.56,127.47,45.91,78.23,0.8627,-1,-1,-1
202,6,604.28,329.63,68.18,115.55,0.8856,-1,-1,-1
202,5,492.54,120.05,51.87,73.64,0.8927,-1,-1,-1
202,4,929.01,182.25,52.97,90.07,0.8931,-1,-1,-1
202,3,732.88,370.46,74.95,115.00,0.9257,-1,-1,-1
202,2,681.39,825.67,185.12,149.48,0.9407,-1,-1,-1
202,1,542.56,368.40,81.74,136.58,0.9408,-1,-1,-1
203,48,1116.46,65.02,40.49,64.48,0.5713,-1,-1,-1
203,46,22.59,851.91,177.04,200.31,0.5540,-1,-1,-1
203,41,251.14,614.14,115.21,171.67,0.5776,-1,-1,-1
203,40,975.83,156.83,49.41,90.81,0.5031,-1,-1,-1
203,39,352.36,478.31,83.06,152.68,0.5812,-1,-1,-1
203,34,177.83,708.38,245.41,217.53,0.5488,-1,-1,-1
203,31,485.14,545.44,106.57,173.51,0.5290,-1,-1,-1
203,29,642.46,477.39,102.22,172.25,0.5282,-1,-1,-1
203,27,471.19,443.40,92.58,155.60,0.5080,-1,-1,-1
203,26,426.97,637.72,129.23,178.74,0.5472,-1,-1,-1
203,25,829.64,365.21,71.71,124.70,0.7887,-1,-1,-1
203,21,624.80,799.49,184.14,158.66,0.5588,-1,-1,-1
203,19,1087.88,80.15,40.37,72.94,0.7368,-1,-1,-1
203,17,857.40,234.10,58.11,101.62,0.7676,-1,-1,-1
203,16,684.08,433.83,76.98,130.06,0.7994,-1,-1,-1
203,15,1194.13,44.43,39.91,62.54,0.8400,-1,-1,-1
203,14,734.28,274.42,60.36,111.77,0.8428,-1,-1,-1
203,12,599.00,475.33,65.52,148.43,0.8593,-1,-1,-1
203,11,899.38,208.91,54.94,94.28,0.8620,-1,-1,-1
203,10,1019.78,127.40,46.86,78.31,0.8627,-1,-1,-1
203,6,608.09,329.33,69.04,114.69,0.8856,-1,-1,-1
203,5,495.59,117.32,53.81,74.40,0.8927,-1,-1,-1
203,4,928.96,181.54,52.86,90.35,0.8931,-1,-1,-1
203,3,733.97,367.14,74.54,117.51,0.9257,-1,-1,-1
203,2,681.24,817.40,185.69,158.92,0.9407,-1,-1,-1
203,1,546.34,367.29,80.01,137.57,0.9408,-1,-1,-1
204,49,714.86,328.87,48.22,113.94,0.7404,-1,-1,-1
204,48,1117.02,65.09,42.31,64.21,0.5713,-1,-1,-1
204,46,28.38,854.36,175.18,198.38,0.5540,-1,-1,-1
204,41,254.05,614.76,113.00,170.10,0.5776,-1,-1,-1
204,40,975.56,155.24,50.21,91.76,0.5031,-1,-1,-1
204,39,354.18,476.92,94.92,170.38,0.5812,-1,-1,-1
204,34,180.49,708.84,239.17,215.53,0.5488,-1,-1,-1
204,31,488.41,545.66,104.37,172.35,0.5290,-1,-1,-1
204,29,644.10,477.47,104.22,171.20,0.5282,-1,-1,-1
204,27,473.39,443.77,95.29,153.95,0.5080,-1,-1,-1
204,26,429.27,638.09,131.49,178.68,0.5472,-1,-1,-1
204,25,831.67,364.06,68.82,125.68,0.7887,-1,-1,-1
204,21,627.20,804.50,175.25,152.80,0.5588,-1,-1,-1
204,19,1087.77,81.49,38.99,70.86,0.7368,-1,-1,-1
204,17,859.48,234.24,58.45,101.29,0.7676,-1,-1,-1
204,16,683.84,433.63,78.52,130.64,0.7994,-1,-1,-1
204,15,1193.89,45.69,41.10,61.37,0.8400,-1,-1,-1
204,14,731.61,275.06,67.29,108.26,0.8428,-1,-1,-1
204,12,599.23,477.33,66.95,148.21,0.8593,-1,-1,-1
204,11,899.20,208.32,54.81,93.72,0.8620,-1,-1,-1
204,10,1020.48,127.11,46.66,78.51,0.8627,-1,-1,-1
204,6,609.82,329.15,68.42,113.58,0.8856,-1,-1,-1
204,5,496.54,116.59,53.13,75.17,0.8927,-1,-1,-1
204,4,929.49,180.49,52.41,89.26,0.8931,-1,-1,-1
204,3,734.77,367.95,77.78,117.04,0.9257,-1,-1,-1
204,2,684.29,838.95,184.39,137.56,0.9407,-1,-1,-1
204,1,548.01,367.52,80.15,137.05,0.9408,-1,-1,-1
205,49,714.33,329.80,50.68,109.83,0.7404,-1,-1,-1
205,48,1119.00,64.39,42.00,65.26,0.5713,-1,-1,-1
205,46,38.64,857.10,170.65,195.14,0.5540,-1,-1,-1
205,41,257.34,614.13,111.88,170.48,0.5776,-1,-1,-1
205,40,978.06,154.65,49.86,92.17,0.5031,-1,-1,-1
205,39,357.06,475.02,86.07,153.36,0.5812,-1,-1,-1
205,34,186.37,703.75,238.99,225.17,0.5488,-1,-1,-1
205,31,491.93,540.97,104.50,177.94,0.5290,-1,-1,-1
205,29,646.09,479.66,99.29,169.49,0.5282,-1,-1,-1
205,27,478.77,443.79,90.00,142.49,0.5080,-1,-1,-1
205,26,432.89,636.59,131.26,179.67,0.5472,-1,-1,-1
205,25,834.53,362.36,67.85,124.65,0.7887,-1,-1,-1
205,21,627.41,803.90,185.14,153.39,0.5588,-1,-1,-1
205,20,1526.52,67.52,33.58,35.07,0.7229,-1,-1,-1
205,19,1087.72,81.80,40.27,69.36,0.7368,-1,-1,-1
205,17,862.88,234.68,57.59,100.61,0.7676,-1,-1,-1
205,16,685.43,434.49,76.95,129.05,0.7994,-1,-1,-1
205,15,1195.75,46.24,40.31,60.65,0.8400,-1,-1,-1
205,14,738.79,273.51,59.57,111.30,0.8428,-1,-1,-1
205,12,599.58,481.13,69.14,143.86,0.8593,-1,-1,-1
205,11,901.32,207.25,53.71,93.95,0.8620,-1,-1,-1
205,10,1021.64,127.81,47.49,77.32,0.8627,-1,-1,-1
205,6,612.16,328.48,67.34,112.30,0.8856,-1,-1,-1
205,5,498.78,117.00,52.68,74.85,0.8927,-1,-1,-1
205,4,929.37,179.68,53.69,88.38,0.8931,-1,-1,-1
205,3,735.82,360.64,76.24,124.58,0.9257,-1,-1,-1
205,2,685.21,838.21,184.10,137.56,0.9407,-1,-1,-1
205,1,551.78,366.14,77.81,137.71,0.9408,-1,-1,-1
206,49,719.90,327.27,46.81,110.78,0.7404,-1,-1,-1
206,48,1120.52,65.12,41.31,65.09,0.5713,-1,-1,-1
206,46,42.44,857.80,167.82,193.90,0.5540,-1,-1,-1
206,41,258.98,614.70,114.83,170.45,0.5776,-1,-1,-1
206,40,979.64,153.86,47.87,91.91,0.5031,-1,-1,-1
206,39,358.48,472.72,82.19,149.20,0.5812,-1,-1,-1
206,34,184.83,709.52,243.27,219.26,0.5488,-1,-1,-1
206,31,492.23,544.66,110.38,173.75,0.5290,-1,-1,-1
206,29,647.12,483.51,96.08,165.22,0.5282,-1,-1,-1
206,27,479.55,443.18,91.19,148.37,0.5080,-1,-1,-1
206,26,433.52,636.35,131.53,179.86,0.5472,-1,-1,-1
206,25,833.83,360.48,69.66,125.91,0.7887,-1,-1,-1
206,21,626.04,804.64,168.44,153.41,0.5588,-1,-1,-1
206,19,1086.84,82.63,44.23,69.19,0.7368,-1,-1,-1
206,17,864.58,234.66,59.29,99.61,0.7676,-1,-1,-1
206,16,683.86,432.35,80.85,133.16,0.7994,-1,-1,-1
206,15,1196.03,46.25,41.43,61.23,0.8400,-1,-1,-1
206,14,741.38,275.64,62.37,109.01,0.8428,-1,-1,-1
206,12,600.48,481.70,67.78,143.96,0.8593,-1,-1,-1
206,11,903.04,206.81,53.39,93.78,0.8620,-1,-1,-1
206,10,1023.86,126.36,44.68,78.46,0.8627,-1,-1,-1
206,6,613.38,328.93,68.63,112.30,0.8856,-1,-1,-1
206,5,501.37,116.87,53.48,74.73,0.8927,-1,-1,-1
206,4,929.65,180.00,53.84,86.21,0.8931,-1,-1,-1
206,3,738.15,368.75,75.40,117.38,0.9257,-1,-1,-1
206,2,685.03,839.85,184.98,136.08,0.9407,-1,-1,-1
206,1,554.12,366.10,78.19,137.22,0.9408,-1,-1,-1
207,49,724.25,326.56,44.82,109.86,0.7404,-1,-1,-1
207,48,1121.06,63.53,42.86,66.75,0.5713,-1,-1,-1
207,46,50.83,858.45,164.67,193.39,0.5540,-1,-1,-1
207,41,262.83,615.66,115.22,170.85,0.5776,-1,-1,-1
207,40,980.22,154.00,49.72,90.84,0.5031,-1,-1,-1
207,39,361.85,474.93,80.45,150.16,0.5812,-1,-1,-1
207,34,190.29,706.43,223.07,218.02,0.5488,-1,-1,-1
207,31,500.13,545.94,104.83,171.27,0.5290,-1,-1,-1
207,29,648.77,480.51,98.34,168.07,0.5282,-1,-1,-1
207,27,482.53,443.65,90.07,151.31,0.5080,-1,-1,-1
207,26,438.93,628.30,128.40,188.41,0.5472,-1,-1,-1
207,25,838.08,359.21,66.53,125.14,0.7887,-1,-1,-1
207,21,627.41,805.68,183.55,153.70,0.5588,-1,-1,-1
207,19,1089.59,82.67,41.07,67.48,0.7368,-1,-1,-1
207,17,865.98,233.96,59.86,100.70,0.7676,-1,-1,-1
207,16,682.97,433.42,81.61,131.04,0.7994,-1,-1,-1
207,15,1197.90,46.05,40.47,61.37,0.8400,-1,-1,-1
207,14,744.42,274.82,60.83,107.56,0.8428,-1,-1,-1
207,12,602.39,476.56,81.55,149.23,0.8593,-1,-1,-1
207,11,905.15,206.77,50.82,94.85,0.8620,-1,-1,-1
207,10,1024.78,126.53,45.19,77.98,0.8627,-1,-1,-1
207,6,616.34,328.53,73.24,113.27,0.8856,-1,-1,-1
207,5,502.95,114.65,53.23,76.41,0.8927,-1,-1,-1
207,4,930.56,176.63,53.79,89.77,0.8931,-1,-1,-1
207,3,741.20,364.92,76.03,122.21,0.9257,-1,-1,-1
207,2,685.33,839.66,186.21,138.04,0.9407,-1,-1,-1
207,1,556.69,366.44,78.54,135.78,0.9408,-1,-1,-1
208,49,728.40,327.65,44.39,109.75,0.7404,-1,-1,-1
208,48,1123.74,64.07,41.03,64.45,0.5713,-1,-1,-1
208,46,53.29,858.56,166.51,192.72,0.5540,-1,-1,-1
208,41,264.22,615.65,116.96,172.06,0.5776,-1,-1,-1
208,40,981.57,153.22,51.33,91.33,0.5031,-1,-1,-1
208,39,363.33,473.81,79.33,146.66,0.5812,-1,-1,-1
208,34,197.45,706.69,221.52,218.68,0.5488,-1,-1,-1
208,31,502.71,547.47,105.26,167.88,0.5290,-1,-1,-1
208,29,650.11,483.67,97.42,164.43,0.5282,-1,-1,-1
208,27,485.19,441.84,90.42,149.78,0.5080,-1,-1,-1
208,26,441.07,630.18,126.83,186.41,0.5472,-1,-1,-1
208,25,838.70,357.86,67.95,126.26,0.7887,-1,-1,-1
208,21,628.95,808.82,175.01,150.91,0.5588,-1,-1,-1
208,19,1089.33,81.77,42.68,67.30,0.7368,-1,-1,-1
208,17,868.50,233.27,59.76,100.06,0.7676,-1,-1,-1
208,16,683.60,433.00,81.42,132.97,0.7994,-1,-1,-1
208,15,1199.80,46.39,40.46,62.33,0.8400,-1,-1,-1
208,14,746.15,272.66,65.47,111.28,0.8428,-1,-1,-1
208,12,604.21,476.38,81.21,149.78,0.8593,-1,-1,-1
208,11,906.11,205.23,51.38,94.72,0.8620,-1,-1,-1
208,10,1026.71,126.42,45.85,77.67,0.8627,-1,-1,-1
208,6,618.67,326.43,72.55,113.91,0.8856,-1,-1,-1
208,5,505.00,113.32,52.77,76.83,0.8927,-1,-1,-1
208,4,932.23,176.08,52.53,89.79,0.8931,-1,-1,-1
208,3,742.96,366.85,75.54,118.79,0.9257,-1,-1,-1
208,2,684.76,837.50,186.48,140.55,0.9407,-1,-1,-1
208,1,559.34,366.05,75.27,135.64,0.9408,-1,-1,-1
209,52,0.21,819.90,80.30,258.54,0.5145,-1,-1,-1
209,49,732.91,326.57,44.88,108.79,0.7404,-1,-1,-1
209,48,1128.29,62.58,40.11,63.54,0.5713,-1,-1,-1
209,46,54.08,857.31,168.26,194.10,0.5540,-1,-1,-1
209,41,266.95,614.53,120.66,171.32,0.5776,-1,-1,-1
209,40,981.31,153.81,52.90,91.59,0.5031,-1,-1,-1
209,39,366.82,472.45,82.65,155.95,0.5812,-1,-1,-1
209,34,205.43,707.99,227.63,215.89,0.5488,-1,-1,-1
209,31,505.34,543.76,109.02,170.54,0.5290,-1,-1,-1
209,29,651.54,484.02,97.69,164.34,0.5282,-1,-1,-1
209,27,487.61,440.47,91.15,153.23,0.5080,-1,-1,-1
209,26,445.16,625.02,124.25,191.98,0.5472,-1,-1,-1
209,25,840.55,355.25,68.08,126.73,0.7887,-1,-1,-1
209,21,629.56,811.09,158.46,150.43,0.5588,-1,-1,-1
209,20,1528.97,67.63,34.54,35.88,0.7229,-1,-1,-1
209,19,1089.76,81.46,43.06,66.99,0.7368,-1,-1,-1
209,17,871.14,232.18,55.95,101.33,0.7676,-1,-1,-1
209,16,683.00,431.65,82.66,132.84,0.7994,-1,-1,-1
209,15,1201.52,48.33,39.03,59.79,0.8400,-1,-1,-1
209,14,746.07,273.32,68.14,110.75,0.8428,-1,-1,-1
209,12,605.03,480.78,107.12,144.73,0.8593,-1,-1,-1
209,11,908.20,202.53,49.92,98.25,0.8620,-1,-1,-1
209,10,1029.26,125.01,43.88,78.61,0.8627,-1,-1,-1
209,6,623.63,326.52,71.59,113.62,0.8856,-1,-1,-1
209,5,508.42,113.43,51.45,76.71,0.8927,-1,-1,-1
209,4,932.97,175.19,52.49,88.33,0.8931,-1,-1,-1
209,3,744.48,362.52,76.35,122.39,0.9257,-1,-1,-1
209,2,684.85,837.45,186.50,141.05,0.9407,-1,-1,-1
209,1,561.30,363.96,76.24,137.13,0.9408,-1,-1,-1
210,52,0.15,824.48,81.61,253.03,0.5145,-1,-1,-1
210,49,737.30,323.92,56.81,106.69,0.7404,-1,-1,-1
210,48,1129.67,61.90,40.35,65.97,0.5713,-1,-1,-1
210,46,54.42,856.16,169.96,196.02,0.5540,-1,-1,-1
210,41,269.20,615.29,120.95,170.58,0.5776,-1,-1,-1
210,40,983.20,152.20,51.21,92.42,0.5031,-1,-1,-1
210,39,367.39,470.56,83.04,152.84,0.5812,-1,-1,-1
210,34,206.93,706.84,225.07,226.66,0.5488,-1,-1,-1
210,31,506.13,542.73,112.08,172.72,0.5290,-1,-1,-1
210,29,651.85,483.19,97.84,164.83,0.5282,-1,-1,-1
210,27,488.41,440.28,91.99,154.11,0.5080,-1,-1,-1
210,26,445.31,626.14,125.35,190.92,0.5472,-1,-1,-1
210,25,841.27,354.47,69.26,124.78,0.7887,-1,-1,-1
210,21,629.50,810.28,163.26,153.15,0.5588,-1,-1,-1
210,20,1528.95,66.27,35.56,37.48,0.7229,-1,-1,-1
210,19,1088.50,81.18,44.71,66.51,0.7368,-1,-1,-1
210,17,871.89,233.09,57.18,100.22,0.7676,-1,-1,-1
210,16,683.20,431.53,82.24,131.69,0.7994,-1,-1,-1
210,15,1203.19,46.41,37.91,61.82,0.8400,-1,-1,-1
210,14,745.71,275.29,65.42,106.07,0.8428,-1,-1,-1
210,12,605.72,477.69,114.35,148.05,0.8593,-1,-1,-1
210,11,908.95,204.69,50.19,95.21,0.8620,-1,-1,-1
210,10,1030.76,124.40,44.53,79.39,0.8627,-1,-1,-1
210,6,624.74,325.82,72.77,115.00,0.8856,-1,-1,-1
210,5,510.57,111.79,49.22,78.51,0.8927,-1,-1,-1
210,4,932.92,172.93,53.45,90.83,0.8931,-1,-1,-1
210,3,744.79,364.26,74.94,119.98,0.9257,-1,-1,-1
210,2,685.89,838.39,185.22,139.60,0.9407,-1,-1,-1
210,1,563.19,362.90,75.43,137.66,0.9408,-1,-1,-1
211,49,739.92,312.44,64.84,124.33,0.7404,-1,-1,-1
211,48,1132.31,61.46,40.69,66.30,0.5713,-1,-1,-1
211,46,58.47,855.56,169.61,195.22,0.5540,-1,-1,-1
211,41,274.82,614.54,119.18,171.26,0.5776,-1,-1,-1
211,40,984.24,152.71,52.64,91.90,0.5031,-1,-1,-1
211,39,370.73,469.48,88.58,163.01,0.5812,-1,-1,-1
211,34,209.27,708.11,220.32,215.46,0.5488,-1,-1,-1
211,31,509.08,540.94,112.43,172.89,0.5290,-1,-1,-1
211,29,651.79,481.81,103.02,166.26,0.5282,-1,-1,-1
211,27,490.75,438.82,89.60,152.61,0.5080,-1,-1,-1
211,26,447.53,624.96,124.34,192.87,0.5472,-1,-1,-1
211,25,842.79,351.13,67.66,126.83,0.7887,-1,-1,-1
211,21,631.73,806.64,178.15,159.37,0.5588,-1,-1,-1
211,20,1528.97,65.68,34.92,36.84,0.7229,-1,-1,-1
211,19,1090.56,79.92,44.01,67.97,0.7368,-1,-1,-1
211,17,873.34,231.16,56.97,101.09,0.7676,-1,-1,-1
211,16,677.15,429.97,88.61,133.08,0.7994,-1,-1,-1
211,15,1203.49,45.06,39.44,62.71,0.8400,-1,-1,-1
211,14,753.98,277.62,61.73,104.37,0.8428,-1,-1,-1
211,12,607.51,472.77,101.56,151.14,0.8593,-1,-1,-1
211,11,910.85,203.77,51.18,97.62,0.8620,-1,-1,-1
211,10,1030.87,124.01,46.03,78.90,0.8627,-1,-1,-1
211,6,627.21,326.10,72.15,115.33,0.8856,-1,-1,-1
211,5,511.92,111.44,49.31,78.29,0.8927,-1,-1,-1
211,4,936.16,174.29,50.14,87.80,0.8931,-1,-1,-1
211,3,745.74,350.92,74.35,132.03,0.9257,-1,-1,-1
211,2,682.80,833.41,188.48,145.97,0.9407,-1,-1,-1
211,1,564.96,362.19,75.98,136.76,0.9408,-1,-1,-1
212,49,741.92,309.07,58.50,123.88,0.7404,-1,-1,-1
212,48,1131.63,60.12,41.75,68.14,0.5713,-1,-1,-1
212,46,62.69,854.86,168.63,196.16,0.5540,-1,-1,-1
212,41,278.19,615.41,115.46,170.28,0.5776,-1,-1,-1
212,40,986.30,152.56,53.12,91.54,0.5031,-1,-1,-1
212,39,371.72,467.84,88.48,164.15,0.5812,-1,-1,-1
212,34,212.04,709.11,214.21,212.93,0.5488,-1,-1,-1
212,31,512.10,541.30,112.30,171.09,0.5290,-1,-1,-1
212,29,651.14,480.79,100.58,167.89,0.5282,-1,-1,-1
212,27,492.61,441.37,87.94,149.31,0.5080,-1,-1,-1
212,26,448.77,626.96,122.59,191.64,0.5472,-1,-1,-1
212,25,843.94,349.54,67.07,126.07,0.7887,-1,-1,-1
212,21,630.91,811.24,185.85,157.44,0.5588,-1,-1,-1
212,20,1529.69,66.40,34.19,36.11,0.7229,-1,-1,-1
212,19,1091.28,78.67,44.02,69.29,0.7368,-1,-1,-1
212,17,874.30,232.06,57.26,99.48,0.7676,-1,-1,-1
212,16,682.14,429.91,83.89,133.24,0.7994,-1,-1,-1
212,15,1205.13,45.32,37.95,61.71,0.8400,-1,-1,-1
212,14,760.76,276.01,58.79,103.67,0.8428,-1,-1,-1
212,12,607.58,470.27,93.29,153.31,0.8593,-1,-1,-1
212,11,910.77,205.38,51.39,95.77,0.8620,-1,-1,-1
212,10,1032.28,124.11,46.46,77.12,0.8627,-1,-1,-1
212,6,629.31,325.43,71.31,114.56,0.8856,-1,-1,-1
212,5,513.87,111.95,50.05,75.86,0.8927,-1,-1,-1
212,4,936.82,173.26,49.28,88.47,0.8931,-1,-1,-1
212,3,747.29,363.11,77.52,120.62,0.9257,-1,-1,-1
212,2,685.29,833.99,186.50,145.48,0.9407,-1,-1,-1
212,1,565.68,362.00,75.12,136.49,0.9408,-1,-1,-1
213,49,746.63,322.50,66.61,127.76,0.7404,-1,-1,-1
213,48,1132.99,61.54,41.77,65.65,0.5713,-1,-1,-1
213,46,67.09,850.38,168.78,199.06,0.5540,-1,-1,-1
213,41,280.44,614.23,118.45,171.59,0.5776,-1,-1,-1
213,40,988.98,150.88,51.56,92.92,0.5031,-1,-1,-1
213,39,374.28,466.76,88.25,162.35,0.5812,-1,-1,-1
213,34,215.38,709.59,217.76,214.01,0.5488,-1,-1,-1
213,31,517.14,540.47,113.25,171.74,0.5290,-1,-1,-1
213,29,651.85,475.04,100.18,173.43,0.5282,-1,-1,-1
213,27,494.29,439.04,85.37,153.19,0.5080,-1,-1,-1
213,26,449.23,625.50,124.29,194.11,0.5472,-1,-1,-1
213,25,845.05,348.43,65.84,125.36,0.7887,-1,-1,-1
213,21,631.51,808.26,180.98,159.13,0.5588,-1,-1,-1
213,20,1529.95,65.72,33.83,37.23,0.7229,-1,-1,-1
213,19,1091.22,78.61,43.80,70.42,0.7368,-1,-1,-1
213,17,876.02,232.28,56.81,99.34,0.7676,-1,-1,-1
213,16,684.52,427.27,81.81,133.94,0.7994,-1,-1,-1
213,15,1207.03,43.43,36.60,63.13,0.8400,-1,-1,-1
213,14,759.94,276.31,65.73,105.08,0.8428,-1,-1,-1
213,12,608.45,477.74,96.12,145.55,0.8593,-1,-1,-1
213,11,913.01,209.60,49.75,92.91,0.8620,-1,-1,-1
213,10,1032.28,123.03,47.81,77.76,0.8627,-1,-1,-1
213,6,632.77,324.54,69.80,112.53,0.8856,-1,-1,-1
213,5,515.10,110.79,49.44,76.61,0.8927,-1,-1,-1
213,4,936.29,170.23,50.50,90.92,0.8931,-1,-1,-1
213,3,749.08,362.49,77.82,120.53,0.9257,-1,-1,-1
213,2,685.22,839.39,186.05,141.43,0.9407,-1,-1,-1
213,1,567.90,360.42,74.72,135.52,0.9408,-1,-1,-1
214,52,0.00,795.55,94.64,283.34,0.5145,-1,-1,-1
214,49,748.48,324.31,66.93,127.24,0.7404,-1,-1,-1
214,48,1136.31,62.02,42.40,64.61,0.5713,-1,-1,-1
214,46,69.74,849.85,168.05,199.89,0.5540,-1,-1,-1
214,41,281.65,613.93,118.58,169.46,0.5776,-1,-1,-1
214,40,990.46,151.41,52.41,92.35,0.5031,-1,-1,-1
214,39,376.06,464.33,88.08,163.32,0.5812,-1,-1,-1
214,34,216.15,705.50,223.05,229.36,0.5488,-1,-1,-1
214,31,519.79,541.01,114.38,170.58,0.5290,-1,-1,-1
214,29,652.94,476.76,99.05,171.23,0.5282,-1,-1,-1
214,27,495.29,439.72,82.50,152.61,0.5080,-1,-1,-1
214,26,450.75,625.38,122.01,195.57,0.5472,-1,-1,-1
214,25,845.80,347.31,64.71,123.54,0.7887,-1,-1,-1
214,21,633.10,811.72,183.72,156.63,0.5588,-1,-1,-1
214,20,1530.25,66.05,33.33,37.19,0.7229,-1,-1,-1
214,19,1091.55,78.16,43.27,70.73,0.7368,-1,-1,-1
214,17,877.35,232.21,57.59,98.93,0.7676,-1,-1,-1
214,16,686.03,426.63,80.61,134.35,0.7994,-1,-1,-1
214,15,1207.51,43.51,36.67,62.65,0.8400,-1,-1,-1
214,14,762.73,277.40,62.63,105.11,0.8428,-1,-1,-1
214,12,609.38,472.38,88.48,151.50,0.8593,-1,-1,-1
214,11,912.37,209.63,50.06,92.98,0.8620,-1,-1,-1
214,10,1033.64,123.21,49.09,77.84,0.8627,-1,-1,-1
214,6,634.15,324.04,72.10,111.41,0.8856,-1,-1,-1
214,5,516.50,110.59,48.49,75.80,0.8927,-1,-1,-1
214,4,936.37,169.40,50.98,89.53,0.8931,-1,-1,-1
214,3,749.89,391.54,78.96,91.08,0.9257,-1,-1,-1
214,2,684.49,830.15,186.02,150.04,0.9407,-1,-1,-1
214,1,569.47,360.63,73.29,135.15,0.9408,-1,-1,-1
215,52,0.23,807.47,97.13,271.12,0.5145,-1,-1,-1
215,49,751.77,344.85,77.79,138.16,0.7404,-1,-1,-1
215,48,1138.64,60.94,42.18,63.80,0.5713,-1,-1,-1
215,46,71.75,849.56,170.98,201.89,0.5540,-1,-1,-1
215,41,285.21,611.17,118.72,168.95,0.5776,-1,-1,-1
215,40,990.35,151.07,55.84,92.66,0.5031,-1,-1,-1
215,39,377.99,463.00,88.17,162.45,0.5812,-1,-1,-1
215,34,217.82,710.58,219.56,217.16,0.5488,-1,-1,-1
215,31,521.73,543.15,113.52,167.40,0.5290,-1,-1,-1
215,29,652.91,476.74,98.74,172.03,0.5282,-1,-1,-1
215,27,497.88,440.49,87.93,149.28,0.5080,-1,-1,-1
215,26,452.38,624.07,122.43,197.00,0.5472,-1,-1,-1
215,25,846.37,346.05,66.45,122.87,0.7887,-1,-1,-1
215,21,632.51,809.47,160.62,160.07,0.5588,-1,-1,-1
215,20,1530.61,66.51,33.12,36.72,0.7229,-1,-1,-1
215,19,1093.39,77.48,44.44,71.13,0.7368,-1,-1,-1
215,17,879.30,232.80,57.22,97.83,0.7676,-1,-1,-1
215,16,684.68,426.25,80.73,133.22,0.7994,-1,-1,-1
215,15,1207.69,44.07,36.85,62.63,0.8400,-1,-1,-1
215,14,763.03,276.83,62.83,105.22,0.8428,-1,-1,-1
215,12,612.45,480.98,64.93,141.31,0.8593,-1,-1,-1
215,11,913.35,202.90,49.84,99.02,0.8620,-1,-1,-1
215,10,1036.93,124.10,47.06,75.57,0.8627,-1,-1,-1
215,6,636.38,322.46,72.41,112.16,0.8856,-1,-1,-1
215,5,517.80,110.53,48.99,76.09,0.8927,-1,-1,-1
215,4,935.79,168.04,50.82,92.09,0.8931,-1,-1,-1
215,2,686.82,839.15,184.28,141.85,0.9407,-1,-1,-1
215,1,571.86,359.99,74.55,134.12,0.9408,-1,-1,-1
216,52,0.01,803.94,102.32,275.03,0.5145,-1,-1,-1
216,49,752.72,339.35,74.89,143.60,0.7404,-1,-1,-1
216,48,1139.60,63.05,42.69,61.70,0.5713,-1,-1,-1
216,46,77.84,849.45,168.21,201.93,0.5540,-1,-1,-1
216,41,287.31,610.16,118.05,168.08,0.5776,-1,-1,-1
216,40,992.78,150.06,54.32,91.88,0.5031,-1,-1,-1
216,39,379.10,461.13,89.39,162.85,0.5812,-1,-1,-1
216,34,220.88,710.17,214.24,208.85,0.5488,-1,-1,-1
216,31,527.21,543.50,107.93,166.46,0.5290,-1,-1,-1
216,29,653.32,479.02,99.14,169.64,0.5282,-1,-1,-1
216,27,499.11,439.96,86.01,148.77,0.5080,-1,-1,-1
216,26,453.18,623.63,121.44,197.90,0.5472,-1,-1,-1
216,25,847.86,341.80,68.14,123.72,0.7887,-1,-1,-1
216,21,632.79,811.70,161.71,157.71,0.5588,-1,-1,-1
216,20,1529.52,66.39,34.68,36.35,0.7229,-1,-1,-1
216,19,1093.31,76.78,45.69,71.59,0.7368,-1,-1,-1
216,17,880.80,233.12,58.19,97.38,0.7676,-1,-1,-1
216,16,686.17,427.36,77.14,131.70,0.7994,-1,-1,-1
216,15,1208.07,44.37,36.97,61.78,0.8400,-1,-1,-1
216,14,769.05,276.41,60.85,102.42,0.8428,-1,-1,-1
216,12,616.15,479.41,59.13,140.55,0.8593,-1,-1,-1
216,11,914.17,202.56,49.55,95.89,0.8620,-1,-1,-1
216,10,1037.57,122.92,46.89,76.54,0.8627,-1,-1,-1
216,6,638.26,323.40,69.79,111.20,0.8856,-1,-1,-1
216,5,519.25,110.11,49.32,76.39,0.8927,-1,-1,-1
216,4,936.10,164.94,52.94,93.05,0.8931,-1,-1,-1
216,2,686.74,833.91,183.75,148.73,0.9407,-1,-1,-1
216,1,572.83,359.38,74.14,134.30,0.9408,-1,-1,-1
217,52,0.00,808.42,106.60,269.75,0.5145,-1,-1,-1
217,49,754.25,342.79,75.45,137.74,0.7404,-1,-1,-1
217,48,1141.23,61.56,42.31,62.98,0.5713,-1,-1,-1
217,46,85.88,848.44,163.19,201.92,0.5540,-1,-1,-1
217,41,289.54,608.70,118.00,170.19,0.5776,-1,-1,-1
217,40,994.94,151.16,55.26,89.88,0.5031,-1,-1,-1
217,39,381.77,459.59,89.82,158.09,0.5812,-1,-1,-1
217,34,223.08,704.63,217.36,223.87,0.5488,-1,-1,-1
217,31,528.79,545.06,107.29,162.75,0.5290,-1,-1,-1
217,29,654.82,478.47,97.84,170.08,0.5282,-1,-1,-1
217,27,502.01,439.78,87.30,147.99,0.5080,-1,-1,-1
217,26,454.99,622.72,120.70,198.00,0.5472,-1,-1,-1
217,25,848.70,341.24,71.11,125.02,0.7887,-1,-1,-1
217,21,633.16,814.05,130.96,155.22,0.5588,-1,-1,-1
217,20,1529.05,65.75,35.50,36.88,0.7229,-1,-1,-1
217,19,1092.97,78.47,46.70,70.59,0.7368,-1,-1,-1
217,17,881.89,233.27,60.16,97.48,0.7676,-1,-1,-1
217,16,686.14,426.75,81.05,130.32,0.7994,-1,-1,-1
217,15,1209.75,42.88,37.34,63.30,0.8400,-1,-1,-1
217,14,771.15,277.70,61.98,102.98,0.8428,-1,-1,-1
217,12,619.05,481.88,57.47,135.88,0.8593,-1,-1,-1
217,11,914.54,204.42,49.48,93.77,0.8620,-1,-1,-1
217,10,1037.95,122.48,47.18,76.80,0.8627,-1,-1,-1
217,6,641.82,322.72,69.50,109.97,0.8856,-1,-1,-1
217,5,521.99,109.04,49.41,76.56,0.8927,-1,-1,-1
217,4,934.67,166.63,55.23,90.63,0.8931,-1,-1,-1
217,2,685.06,834.20,185.47,150.07,0.9407,-1,-1,-1
217,1,575.47,357.46,76.88,136.70,0.9408,-1,-1,-1
218,52,0.00,817.85,106.65,260.37,0.5145,-1,-1,-1
218,49,756.37,340.70,76.40,142.24,0.7404,-1,-1,-1
218,48,1142.60,62.77,42.81,60.51,0.5713,-1,-1,-1
218,46,86.99,848.67,164.82,201.24,0.5540,-1,-1,-1
218,41,291.64,606.49,119.92,171.26,0.5776,-1,-1,-1
218,40,996.05,149.46,54.59,90.95,0.5031,-1,-1,-1
218,39,384.60,458.39,89.18,160.30,0.5812,-1,-1,-1
218,34,226.14,708.57,194.74,200.47,0.5488,-1,-1,-1
218,31,530.37,543.62,105.49,162.68,0.5290,-1,-1,-1
218,29,654.40,478.73,98.64,169.29,0.5282,-1,-1,-1
218,27,503.10,439.84,82.59,146.95,0.5080,-1,-1,-1
218,26,456.43,620.68,121.65,199.27,0.5472,-1,-1,-1
218,25,849.80,341.01,71.74,124.36,0.7887,-1,-1,-1
218,21,632.87,814.25,134.88,155.04,0.5588,-1,-1,-1
218,20,1528.84,64.45,37.06,37.62,0.7229,-1,-1,-1
218,19,1093.62,77.96,46.97,71.11,0.7368,-1,-1,-1
218,17,882.97,232.71,59.73,96.50,0.7676,-1,-1,-1
218,16,685.63,424.90,83.97,132.67,0.7994,-1,-1,-1
218,15,1210.50,44.45,38.17,62.08,0.8400,-1,-1,-1
218,14,774.09,277.34,57.32,101.08,0.8428,-1,-1,-1
218,12,618.70,482.72,64.85,136.98,0.8593,-1,-1,-1
218,11,914.89,205.43,50.79,92.99,0.8620,-1,-1,-1
218,10,1037.16,122.50,49.76,78.81,0.8627,-1,-1,-1
218,6,645.17,321.75,67.13,110.80,0.8856,-1,-1,-1
218,5,522.96,110.50,48.31,74.45,0.8927,-1,-1,-1
218,4,938.97,164.81,50.99,91.00,0.8931,-1,-1,-1
218,2,685.95,843.34,185.09,140.61,0.9407,-1,-1,-1
218,1,577.88,356.10,74.93,136.84,0.9408,-1,-1,-1
219,52,0.00,750.70,109.76,326.13,0.5145,-1,-1,-1
219,49,758.44,332.87,75.61,150.33,0.7404,-1,-1,-1
219,48,1142.80,60.71,43.33,63.62,0.5713,-1,-1,-1
219,46,90.42,847.06,164.19,199.21,0.5540,-1,-1,-1
219,41,293.75,605.96,118.90,174.52,0.5776,-1,-1,-1
219,40,996.97,148.38,54.38,91.93,0.5031,-1,-1,-1
219,39,386.91,455.41,89.02,159.26,0.5812,-1,-1,-1
219,34,229.43,707.44,194.24,198.80,0.5488,-1,-1,-1
219,31,534.77,544.28,103.61,161.11,0.5290,-1,-1,-1
219,29,656.16,479.47,98.02,168.52,0.5282,-1,-1,-1
219,27,504.84,439.87,89.45,148.89,0.5080,-1,-1,-1
219,26,458.99,618.67,121.89,198.50,0.5472,-1,-1,-1
219,25,852.63,337.89,69.63,123.98,0.7887,-1,-1,-1
219,21,632.99,811.49,134.50,157.10,0.5588,-1,-1,-1
219,20,1529.40,65.24,37.11,36.53,0.7229,-1,-1,-1
219,19,1093.87,77.80,46.48,70.88,0.7368,-1,-1,-1
219,17,883.77,231.57,58.97,96.95,0.7676,-1,-1,-1
219,16,689.46,423.70,80.30,132.89,0.7994,-1,-1,-1
219,15,1211.05,44.36,37.83,62.00,0.8400,-1,-1,-1
219,14,776.16,278.12,57.58,104.04,0.8428,-1,-1,-1
219,12,619.80,486.31,55.75,125.58,0.8593,-1,-1,-1
219,11,914.82,206.06,50.94,90.65,0.8620,-1,-1,-1
219,10,1041.52,121.70,46.11,78.95,0.8627,-1,-1,-1
219,6,648.31,320.82,65.93,112.08,0.8856,-1,-1,-1
219,5,525.53,109.75,48.99,75.91,0.8927,-1,-1,-1
219,4,938.86,162.42,49.18,91.26,0.8931,-1,-1,-1
219,2,686.58,828.70,184.38,157.60,0.9407,-1,-1,-1
219,1,579.31,354.68,77.06,138.29,0.9408,-1,-1,-1
220,52,0.00,746.54,110.54,330.66,0.5145,-1,-1,-1
220,49,757.03,343.02,77.45,139.59,0.7404,-1,-1,-1
220,48,1144.03,62.29,43.78,61.70,0.5713,-1,-1,-1
220,46,91.57,849.50,165.10,197.85,0.5540,-1,-1,-1
220,41,296.91,604.65,116.68,173.97,0.5776,-1,-1,-1
220,40,999.14,150.33,54.37,89.61,0.5031,-1,-1,-1
220,39,389.53,455.20,88.99,159.19,0.5812,-1,-1,-1
220,34,229.48,706.74,191.37,199.07,0.5488,-1,-1,-1
220,31,536.43,543.32,106.08,161.13,0.5290,-1,-1,-1
220,29,656.59,476.29,100.41,171.28,0.5282,-1,-1,-1
220,27,505.99,437.50,87.88,151.20,0.5080,-1,-1,-1
220,26,459.72,619.31,121.59,195.30,0.5472,-1,-1,-1
220,25,852.65,336.08,71.01,123.06,0.7887,-1,-1,-1
220,21,632.28,808.82,136.32,159.97,0.5588,-1,-1,-1
220,20,1529.32,64.16,37.03,36.91,0.7229,-1,-1,-1
220,19,1094.61,78.31,45.62,69.87,0.7368,-1,-1,-1
220,17,884.32,231.31,57.94,97.47,0.7676,-1,-1,-1
220,16,688.36,424.10,80.90,132.11,0.7994,-1,-1,-1
220,15,1211.11,43.76,37.75,61.07,0.8400,-1,-1,-1
220,14,782.30,277.84,55.27,103.88,0.8428,-1,-1,-1
220,12,617.37,482.94,58.41,138.07,0.8593,-1,-1,-1
220,11,915.33,207.78,51.15,88.89,0.8620,-1,-1,-1
220,10,1043.47,120.43,45.23,80.37,0.8627,-1,-1,-1
220,6,648.70,320.05,69.91,112.48,0.8856,-1,-1,-1
220,5,526.29,108.68,50.15,76.83,0.8927,-1,-1,-1
220,4,939.73,161.76,47.59,90.15,0.8931,-1,-1,-1
220,2,685.97,823.00,185.66,162.90,0.9407,-1,-1,-1
220,1,581.06,355.23,73.70,136.87,0.9408,-1,-1,-1
221,53,758.28,325.02,69.53,135.62,0.5924,-1,-1,-1
221,52,0.00,735.71,113.49,342.45,0.5145,-1,-1,-1
221,48,1143.92,61.77,43.52,62.76,0.5713,-1,-1,-1
221,46,95.22,847.36,162.63,197.98,0.5540,-1,-1,-1
221,41,300.85,602.53,113.79,173.95,0.5776,-1,-1,-1
221,40,999.49,147.78,55.63,92.35,0.5031,-1,-1,-1
221,39,393.61,452.46,87.55,159.81,0.5812,-1,-1,-1
221,34,233.31,706.01,209.81,203.23,0.5488,-1,-1,-1
221,31,537.99,544.22,104.88,162.24,0.5290,-1,-1,-1
221,29,656.17,475.13,101.30,173.00,0.5282,-1,-1,-1
221,27,508.39,436.32,87.87,150.64,0.5080,-1,-1,-1
221,26,462.09,615.86,120.87,198.27,0.5472,-1,-1,-1
221,25,855.45,333.37,74.00,125.60,0.7887,-1,-1,-1
221,21,632.49,813.24,163.54,154.30,0.5588,-1,-1,-1
221,20,1529.63,63.52,36.34,37.11,0.7229,-1,-1,-1
221,19,1094.08,79.05,46.90,69.45,0.7368,-1,-1,-1
221,17,885.20,232.33,58.23,95.31,0.7676,-1,-1,-1
221,16,689.61,429.63,77.57,127.64,0.7994,-1,-1,-1
221,15,1211.46,43.63,36.87,61.70,0.8400,-1,-1,-1
221,14,777.10,278.90,61.12,104.40,0.8428,-1,-1,-1
221,12,619.57,478.71,54.74,131.65,0.8593,-1,-1,-1
221,11,914.95,207.59,51.61,87.90,0.8620,-1,-1,-1
221,10,1045.20,120.01,46.50,80.85,0.8627,-1,-1,-1
221,6,651.55,319.45,70.13,113.73,0.8856,-1,-1,-1
221,5,527.11,108.40,50.71,77.16,0.8927,-1,-1,-1
221,4,938.05,160.62,48.42,89.41,0.8931,-1,-1,-1
221,2,685.24,830.50,185.65,158.31,0.9407,-1,-1,-1
221,1,581.82,353.76,77.24,138.79,0.9408,-1,-1,-1
222,53,758.19,337.34,77.80,143.71,0.5924,-1,-1,-1
222,52,0.00,740.46,115.70,338.12,0.5145,-1,-1,-1
222,48,1145.90,60.41,42.89,64.03,0.5713,-1,-1,-1
222,46,97.75,847.98,163.46,196.70,0.5540,-1,-1,-1
222,41,302.97,602.77,114.24,172.66,0.5776,-1,-1,-1
222,40,1001.89,147.80,54.82,92.33,0.5031,-1,-1,-1
222,39,397.66,449.70,86.03,158.75,0.5812,-1,-1,-1
222,34,238.30,705.76,208.02,205.50,0.5488,-1,-1,-1
222,31,540.46,540.79,99.82,164.42,0.5290,-1,-1,-1
222,29,656.27,474.51,101.52,171.48,0.5282,-1,-1,-1
222,27,509.90,435.07,76.11,152.65,0.5080,-1,-1,-1
222,26,465.71,615.35,119.09,195.02,0.5472,-1,-1,-1
222,25,857.17,331.57,74.58,125.06,0.7887,-1,-1,-1
222,20,1529.59,63.43,36.25,37.34,0.7229,-1,-1,-1
222,19,1094.72,80.13,47.07,68.36,0.7368,-1,-1,-1
222,17,886.87,229.52,58.57,97.96,0.7676,-1,-1,-1
222,16,690.34,432.47,76.35,124.68,0.7994,-1,-1,-1
222,15,1212.86,43.81,36.75,61.97,0.8400,-1,-1,-1
222,14,773.77,277.48,66.24,103.52,0.8428,-1,-1,-1
222,12,620.54,478.73,53.15,121.36,0.8593,-1,-1,-1
222,11,915.82,206.95,50.58,88.59,0.8620,-1,-1,-1
222,10,1045.16,120.40,46.55,80.14,0.8627,-1,-1,-1
222,6,652.87,319.48,69.70,112.46,0.8856,-1,-1,-1
222,5,528.83,107.97,50.73,77.24,0.8927,-1,-1,-1
222,4,936.74,160.11,51.71,91.33,0.8931,-1,-1,-1
222,2,685.22,825.93,185.76,164.19,0.9407,-1,-1,-1
222,1,583.07,354.20,77.18,134.58,0.9408,-1,-1,-1
223,53,759.19,347.05,76.69,131.57,0.5924,-1,-1,-1
223,52,0.00,757.79,116.99,321.13,0.5145,-1,-1,-1
223,48,1147.59,60.12,42.07,63.90,0.5713,-1,-1,-1
223,46,98.30,846.71,165.31,197.31,0.5540,-1,-1,-1
223,41,305.34,601.19,114.18,174.49,0.5776,-1,-1,-1
223,40,1002.76,148.29,55.81,91.49,0.5031,-1,-1,-1
223,39,399.95,447.40,89.22,157.74,0.5812,-1,-1,-1
223,34,244.44,698.05,203.57,221.44,0.5488,-1,-1,-1
223,31,542.54,543.06,111.54,163.60,0.5290,-1,-1,-1
223,29,658.18,474.93,101.60,169.78,0.5282,-1,-1,-1
223,27,510.93,433.83,86.95,152.43,0.5080,-1,-1,-1
223,26,467.38,614.56,119.46,194.11,0.5472,-1,-1,-1
223,25,858.67,329.89,72.39,126.52,0.7887,-1,-1,-1
223,20,1529.41,63.28,36.21,37.22,0.7229,-1,-1,-1
223,19,1095.49,76.52,46.92,71.31,0.7368,-1,-1,-1
223,17,887.98,231.09,57.05,96.31,0.7676,-1,-1,-1
223,16,687.98,432.74,79.56,124.83,0.7994,-1,-1,-1
223,15,1213.14,44.58,39.22,60.41,0.8400,-1,-1,-1
223,14,774.15,278.41,64.61,100.00,0.8428,-1,-1,-1
223,12,619.64,478.32,51.47,127.47,0.8593,-1,-1,-1
223,11,916.95,206.02,52.50,89.39,0.8620,-1,-1,-1
223,10,1046.80,120.18,47.11,79.43,0.8627,-1,-1,-1
223,6,654.73,316.35,69.49,115.31,0.8856,-1,-1,-1
223,5,530.48,108.39,49.90,74.28,0.8927,-1,-1,-1
223,4,937.78,159.47,48.68,90.94,0.8931,-1,-1,-1
223,2,683.79,824.97,186.96,164.99,0.9407,-1,-1,-1
223,1,584.95,352.44,76.15,135.40,0.9408,-1,-1,-1
224,53,758.90,347.57,77.39,131.07,0.5924,-1,-1,-1
224,52,0.00,758.48,117.81,319.61,0.5145,-1,-1,-1
224,48,1149.88,60.68,40.32,61.73,0.5713,-1,-1,-1
224,46,99.79,845.35,166.56,198.49,0.5540,-1,-1,-1
224,41,306.44,599.08,116.03,177.16,0.5776,-1,-1,-1
224,40,1003.78,148.27,56.07,91.29,0.5031,-1,-1,-1
224,39,402.84,445.78,89.10,159.07,0.5812,-1,-1,-1
224,34,246.87,703.71,190.51,201.65,0.5488,-1,-1,-1
224,31,546.39,544.20,108.69,162.18,0.5290,-1,-1,-1
224,29,658.23,474.58,101.46,170.30,0.5282,-1,-1,-1
224,27,512.74,432.89,74.38,151.24,0.5080,-1,-1,-1
224,26,468.28,613.26,121.71,195.26,0.5472,-1,-1,-1
224,25,860.15,326.86,68.29,125.41,0.7887,-1,-1,-1
224,20,1529.01,63.52,36.19,36.77,0.7229,-1,-1,-1
224,19,1096.56,80.54,46.85,66.71,0.7368,-1,-1,-1
224,17,889.59,229.51,57.20,98.11,0.7676,-1,-1,-1
224,16,687.97,432.48,79.45,125.58,0.7994,-1,-1,-1
224,15,1213.30,42.75,39.38,62.35,0.8400,-1,-1,-1
224,14,776.73,278.56,66.74,102.10,0.8428,-1,-1,-1
224,12,620.74,477.53,49.49,121.06,0.8593,-1,-1,-1
224,11,916.99,206.99,53.59,87.90,0.8620,-1,-1,-1
224,10,1047.53,121.72,46.72,77.51,0.8627,-1,-1,-1
224,6,655.74,316.54,67.72,113.53,0.8856,-1,-1,-1
224,5,531.68,108.18,51.02,73.77,0.8927,-1,-1,-1
224,4,938.92,158.80,48.19,91.43,0.8931,-1,-1,-1
224,2,683.46,841.37,186.19,149.55,0.9407,-1,-1,-1
224,1,586.94,352.46,73.92,135.10,0.9408,-1,-1,-1
225,53,759.68,344.87,78.49,133.45,0.5924,-1,-1,-1
225,52,0.00,743.64,120.12,335.92,0.5145,-1,-1,-1
225,48,1152.09,60.19,39.48,62.59,0.5713,-1,-1,-1
225,46,101.27,842.44,168.30,201.84,0.5540,-1,-1,-1
225,41,309.49,598.13,116.91,177.44,0.5776,-1,-1,-1
225,40,1004.33,148.66,56.23,90.01,0.5031,-1,-1,-1
225,39,406.74,443.44,88.33,156.52,0.5812,-1,-1,-1
225,34,249.94,703.57,201.18,207.73,0.5488,-1,-1,-1
225,31,551.21,545.76,108.97,161.42,0.5290,-1,-1,-1
225,29,657.68,474.71,101.21,168.40,0.5282,-1,-1,-1
225,27,513.75,430.81,82.21,153.17,0.5080,-1,-1,-1
225,26,470.34,612.90,124.75,194.28,0.5472,-1,-1,-1
225,25,863.06,322.25,65.33,126.50,0.7887,-1,-1,-1
225,20,1529.01,63.37,35.84,37.16,0.7229,-1,-1,-1
225,19,1098.86,77.12,46.03,70.11,0.7368,-1,-1,-1
225,17,889.07,229.27,58.06,98.01,0.7676,-1,-1,-1
225,16,686.95,432.85,82.50,126.66,0.7994,-1,-1,-1
225,15,1214.48,42.94,38.64,62.47,0.8400,-1,-1,-1
225,14,777.91,278.59,67.22,100.73,0.8428,-1,-1,-1
225,12,620.27,477.01,49.14,127.15,0.8593,-1,-1,-1
225,11,919.28,205.91,50.25,88.38,0.8620,-1,-1,-1
225,10,1048.56,120.94,45.36,77.11,0.8627,-1,-1,-1
225,6,658.56,316.57,68.00,112.23,0.8856,-1,-1,-1
225,5,533.19,106.37,52.54,76.08,0.8927,-1,-1,-1
225,4,938.98,158.61,51.59,88.63,0.8931,-1,-1,-1
225,2,683.63,830.34,186.31,161.44,0.9407,-1,-1,-1
225,1,587.54,351.52,75.58,135.54,0.9408,-1,-1,-1
226,53,760.11,349.20,78.29,129.18,0.5924,-1,-1,-1
226,52,0.00,732.83,121.64,346.45,0.5145,-1,-1,-1
226,48,1151.59,60.45,40.82,63.46,0.5713,-1,-1,-1
226,46,103.81,839.81,165.96,204.41,0.5540,-1,-1,-1
226,41,311.41,597.86,115.06,176.48,0.5776,-1,-1,-1
226,40,1005.65,147.87,56.31,90.56,0.5031,-1,-1,-1
226,39,409.37,442.48,88.97,157.73,0.5812,-1,-1,-1
226,34,254.44,702.73,198.60,215.20,0.5488,-1,-1,-1
226,31,552.82,548.90,108.20,159.27,0.5290,-1,-1,-1
226,29,658.17,474.71,99.81,168.43,0.5282,-1,-1,-1
226,27,514.41,430.81,92.54,153.40,0.5080,-1,-1,-1
226,26,472.98,611.75,122.87,195.52,0.5472,-1,-1,-1
226,25,865.54,321.22,60.39,127.56,0.7887,-1,-1,-1
226,21,633.97,815.78,147.91,156.31,0.5588,-1,-1,-1
226,20,1528.57,63.59,36.18,36.59,0.7229,-1,-1,-1
226,19,1099.13,78.79,45.88,68.19,0.7368,-1,-1,-1
226,17,889.33,228.14,59.72,97.70,0.7676,-1,-1,-1
226,16,688.13,432.29,81.70,129.49,0.7994,-1,-1,-1
226,15,1214.98,42.86,38.34,62.14,0.8400,-1,-1,-1
226,14,781.72,277.69,64.89,108.45,0.8428,-1,-1,-1
226,12,620.63,475.56,49.15,130.89,0.8593,-1,-1,-1
226,11,919.52,207.58,50.40,86.09,0.8620,-1,-1,-1
226,10,1050.58,121.13,44.28,77.12,0.8627,-1,-1,-1
226,6,659.52,314.82,70.72,113.36,0.8856,-1,-1,-1
226,5,534.23,105.96,52.23,76.29,0.8927,-1,-1,-1
226,4,937.69,158.26,53.10,88.36,0.8931,-1,-1,-1
226,2,681.40,826.61,187.59,164.65,0.9407,-1,-1,-1
226,1,589.41,351.54,73.83,134.82,0.9408,-1,-1,-1
227,53,760.48,346.70,78.22,131.13,0.5924,-1,-1,-1
227,52,0.00,728.01,122.69,351.59,0.5145,-1,-1,-1
227,48,1155.11,59.45,40.50,63.59,0.5713,-1,-1,-1
227,46,104.77,837.82,165.92,206.00,0.5540,-1,-1,-1
227,41,313.29,597.91,115.86,177.84,0.5776,-1,-1,-1
227,40,1007.21,148.38,54.39,89.70,0.5031,-1,-1,-1
227,39,414.67,441.97,80.39,155.07,0.5812,-1,-1,-1
227,34,257.26,702.46,198.67,213.12,0.5488,-1,-1,-1
227,31,555.79,547.26,111.32,159.98,0.5290,-1,-1,-1
227,29,657.43,474.32,96.99,166.75,0.5282,-1,-1,-1
227,27,516.69,429.87,88.91,153.08,0.5080,-1,-1,-1
227,26,474.53,611.48,125.60,193.02,0.5472,-1,-1,-1
227,25,865.29,319.28,69.45,126.13,0.7887,-1,-1,-1
227,21,632.97,816.97,143.42,155.75,0.5588,-1,-1,-1
227,20,1528.87,62.81,36.10,37.90,0.7229,-1,-1,-1
227,19,1099.91,76.17,45.29,70.29,0.7368,-1,-1,-1
227,17,890.81,227.52,59.22,98.49,0.7676,-1,-1,-1
227,16,690.10,432.37,81.11,127.42,0.7994,-1,-1,-1
227,15,1214.97,42.69,39.88,61.41,0.8400,-1,-1,-1
227,14,783.97,275.93,67.29,104.04,0.8428,-1,-1,-1
227,12,619.68,477.06,50.57,133.13,0.8593,-1,-1,-1
227,11,922.51,207.97,48.47,84.70,0.8620,-1,-1,-1
227,10,1053.27,121.01,42.88,77.18,0.8627,-1,-1,-1
227,6,663.58,316.11,69.69,111.68,0.8856,-1,-1,-1
227,5,534.76,104.89,53.12,74.78,0.8927,-1,-1,-1
227,4,940.49,156.83,51.84,85.85,0.8931,-1,-1,-1
227,2,680.69,834.58,189.16,156.61,0.9407,-1,-1,-1
227,1,590.60,350.69,76.14,134.97,0.9408,-1,-1,-1
228,53,760.59,343.88,80.26,133.89,0.5924,-1,-1,-1
228,52,0.00,730.00,123.61,349.28,0.5145,-1,-1,-1
228,48,1154.49,59.43,41.49,63.51,0.5713,-1,-1,-1
228,46,105.82,835.49,166.10,208.85,0.5540,-1,-1,-1
228,41,315.76,598.64,118.52,174.63,0.5776,-1,-1,-1
228,40,1007.75,146.66,56.51,91.30,0.5031,-1,-1,-1
228,39,415.66,441.06,81.99,151.96,0.5812,-1,-1,-1
228,34,258.33,703.07,198.85,218.45,0.5488,-1,-1,-1
228,31,557.26,545.45,113.18,162.49,0.5290,-1,-1,-1
228,29,654.06,473.58,98.85,167.60,0.5282,-1,-1,-1
228,27,518.40,430.30,89.51,152.14,0.5080,-1,-1,-1
228,26,475.47,611.69,129.31,193.27,0.5472,-1,-1,-1
228,25,867.25,318.24,70.33,126.35,0.7887,-1,-1,-1
228,21,629.71,818.88,152.98,153.89,0.5588,-1,-1,-1
228,20,1528.48,62.64,36.44,37.41,0.7229,-1,-1,-1
228,19,1102.81,75.92,42.85,70.36,0.7368,-1,-1,-1
228,17,891.45,228.46,57.57,96.39,0.7676,-1,-1,-1
228,16,688.15,431.89,80.01,130.49,0.7994,-1,-1,-1
228,15,1215.20,42.74,39.91,61.15,0.8400,-1,-1,-1
228,14,783.80,275.40,65.74,108.34,0.8428,-1,-1,-1
228,12,621.23,476.46,49.30,130.64,0.8593,-1,-1,-1
228,11,922.68,207.84,48.80,84.64,0.8620,-1,-1,-1
228,10,1053.00,121.72,43.81,75.24,0.8627,-1,-1,-1
228,6,664.73,316.96,71.91,111.83,0.8856,-1,-1,-1
228,5,536.96,105.27,51.61,72.29,0.8927,-1,-1,-1
228,4,940.57,155.97,51.28,86.51,0.8931,-1,-1,-1
228,2,681.29,836.05,188.91,155.46,0.9407,-1,-1,-1
228,1,592.59,350.01,74.17,135.22,0.9408,-1,-1,-1
229,53,765.25,346.34,75.57,131.79,0.5924,-1,-1,-1
229,52,0.03,732.51,125.33,347.16,0.5145,-1,-1,-1
229,48,1156.58,59.02,42.77,64.34,0.5713,-1,-1,-1
229,46,106.40,832.56,169.10,210.29,0.5540,-1,-1,-1
229,41,316.38,599.18,122.56,171.56,0.5776,-1,-1,-1
229,40,1010.72,146.15,53.05,91.07,0.5031,-1,-1,-1
229,39,420.65,438.60,81.89,148.23,0.5812,-1,-1,-1
229,34,260.11,697.71,200.40,223.11,0.5488,-1,-1,-1
229,31,562.84,550.46,110.27,157.91,0.5290,-1,-1,-1
229,29,655.89,473.24,104.75,166.79,0.5282,-1,-1,-1
229,27,520.74,428.62,94.79,153.32,0.5080,-1,-1,-1
229,26,477.70,609.52,129.09,191.68,0.5472,-1,-1,-1
229,25,869.45,315.16,67.09,126.72,0.7887,-1,-1,-1
229,21,629.06,823.36,191.82,150.64,0.5588,-1,-1,-1
229,20,1529.71,62.05,35.45,38.83,0.7229,-1,-1,-1
229,19,1104.49,78.32,41.44,69.01,0.7368,-1,-1,-1
229,17,893.01,228.53,56.76,95.94,0.7676,-1,-1,-1
229,16,690.08,430.77,78.53,129.30,0.7994,-1,-1,-1
229,15,1216.09,42.05,39.17,61.63,0.8400,-1,-1,-1
229,14,788.88,274.78,64.77,103.21,0.8428,-1,-1,-1
229,12,622.38,479.16,50.55,134.19,0.8593,-1,-1,-1
229,11,924.28,208.06,47.36,84.98,0.8620,-1,-1,-1
229,10,1055.44,120.40,42.82,77.00,0.8627,-1,-1,-1
229,6,667.57,316.81,72.96,107.86,0.8856,-1,-1,-1
229,5,538.85,104.77,52.07,72.37,0.8927,-1,-1,-1
229,4,941.51,155.86,54.01,86.79,0.8931,-1,-1,-1
229,2,683.36,840.19,186.35,152.49,0.9407,-1,-1,-1
229,1,595.19,349.38,75.80,134.08,0.9408,-1,-1,-1
230,53,765.51,347.95,77.36,130.07,0.5924,-1,-1,-1
230,52,0.00,739.54,126.23,339.50,0.5145,-1,-1,-1
230,48,1158.77,58.30,40.07,64.63,0.5713,-1,-1,-1
230,46,107.80,828.92,171.04,213.95,0.5540,-1,-1,-1
230,41,323.41,597.77,116.94,170.69,0.5776,-1,-1,-1
230,40,1012.64,146.00,55.49,90.78,0.5031,-1,-1,-1
230,39,423.12,438.07,86.69,154.51,0.5812,-1,-1,-1
230,34,261.06,698.02,199.52,221.49,0.5488,-1,-1,-1
230,31,565.32,550.19,110.83,158.18,0.5290,-1,-1,-1
230,29,657.64,473.01,103.72,167.43,0.5282,-1,-1,-1
230,27,522.80,428.03,93.05,154.17,0.5080,-1,-1,-1
230,26,479.86,609.60,128.53,189.30,0.5472,-1,-1,-1
230,25,869.47,314.99,67.30,124.35,0.7887,-1,-1,-1
230,21,627.85,821.82,164.72,152.08,0.5588,-1,-1,-1
230,20,1529.86,62.46,35.76,37.92,0.7229,-1,-1,-1
230,19,1104.16,78.16,42.13,68.56,0.7368,-1,-1,-1
230,17,894.19,226.60,56.73,98.62,0.7676,-1,-1,-1
230,16,691.74,430.23,79.13,127.78,0.7994,-1,-1,-1
230,15,1217.61,40.58,37.78,62.69,0.8400,-1,-1,-1
230,14,788.23,274.82,66.83,104.38,0.8428,-1,-1,-1
230,12,621.59,477.53,52.03,128.55,0.8593,-1,-1,-1
230,11,924.34,206.62,47.90,86.15,0.8620,-1,-1,-1
230,10,1055.76,121.30,43.91,75.20,0.8627,-1,-1,-1
230,6,669.82,317.72,72.65,108.84,0.8856,-1,-1,-1
230,5,540.45,104.73,51.32,72.90,0.8927,-1,-1,-1
230,4,942.01,155.52,54.03,86.00,0.8931,-1,-1,-1
230,2,683.68,839.56,186.23,154.66,0.9407,-1,-1,-1
230,1,596.48,349.26,76.19,133.94,0.9408,-1,-1,-1
231,53,766.52,347.63,76.88,128.13,0.5924,-1,-1,-1
231,52,0.04,732.36,129.69,346.73,0.5145,-1,-1,-1
231,48,1158.11,60.63,42.12,63.68,0.5713,-1,-1,-1
231,46,107.44,828.61,175.03,214.71,0.5540,-1,-1,-1
231,41,326.29,597.98,119.24,168.36,0.5776,-1,-1,-1
231,40,1013.22,146.94,55.61,89.18,0.5031,-1,-1,-1
231,39,428.32,435.96,89.56,155.06,0.5812,-1,-1,-1
231,34,262.89,698.39,200.21,219.66,0.5488,-1,-1,-1
231,31,566.74,546.63,113.94,162.19,0.5290,-1,-1,-1
231,29,633.68,471.68,127.66,168.38,0.5282,-1,-1,-1
231,27,526.49,426.33,93.03,153.84,0.5080,-1,-1,-1
231,26,484.64,607.56,128.05,188.50,0.5472,-1,-1,-1
231,25,871.25,312.40,63.15,123.14,0.7887,-1,-1,-1
231,21,626.65,822.10,185.38,152.09,0.5588,-1,-1,-1
231,20,1529.56,62.26,36.33,37.98,0.7229,-1,-1,-1
231,19,1104.46,78.52,42.24,68.04,0.7368,-1,-1,-1
231,17,896.46,222.10,55.81,101.87,0.7676,-1,-1,-1
231,16,688.79,427.66,80.67,129.35,0.7994,-1,-1,-1
231,15,1217.58,40.47,38.73,63.63,0.8400,-1,-1,-1
231,14,790.34,273.33,65.76,105.31,0.8428,-1,-1,-1
231,12,620.43,481.63,54.88,131.30,0.8593,-1,-1,-1
231,11,922.93,205.07,50.08,88.93,0.8620,-1,-1,-1
231,10,1055.74,120.65,43.73,76.09,0.8627,-1,-1,-1
231,6,671.96,316.56,72.24,111.35,0.8856,-1,-1,-1
231,5,542.73,103.41,51.20,74.06,0.8927,-1,-1,-1
231,4,942.07,153.17,53.44,87.16,0.8931,-1,-1,-1
231,2,682.41,834.75,187.78,159.64,0.9407,-1,-1,-1
231,1,597.38,349.35,76.71,133.96,0.9408,-1,-1,-1
232,53,768.04,349.03,75.33,127.93,0.5924,-1,-1,-1
232,52,0.09,725.22,132.50,353.89,0.5145,-1,-1,-1
232,48,1159.80,59.12,43.20,64.40,0.5713,-1,-1,-1
232,46,111.02,826.18,174.06,215.55,0.5540,-1,-1,-1
232,41,328.48,596.63,119.35,169.32,0.5776,-1,-1,-1
232,40,1014.48,146.99,55.68,88.84,0.5031,-1,-1,-1
232,39,430.85,435.17,88.36,152.22,0.5812,-1,-1,-1
232,34,265.05,699.35,201.16,218.22,0.5488,-1,-1,-1
232,31,572.61,548.77,108.89,159.01,0.5290,-1,-1,-1
232,29,655.98,470.35,104.61,168.60,0.5282,-1,-1,-1
232,27,527.33,426.92,92.79,151.90,0.5080,-1,-1,-1
232,26,488.81,606.72,125.86,187.68,0.5472,-1,-1,-1
232,25,872.40,313.49,66.14,122.31,0.7887,-1,-1,-1
232,21,628.21,821.78,186.21,152.87,0.5588,-1,-1,-1
232,20,1529.86,62.30,36.21,38.24,0.7229,-1,-1,-1
232,19,1103.95,78.64,43.10,67.70,0.7368,-1,-1,-1
232,17,896.11,223.28,57.21,100.99,0.7676,-1,-1,-1
232,16,688.01,424.51,81.07,131.57,0.7994,-1,-1,-1
232,15,1219.04,39.80,38.48,64.44,0.8400,-1,-1,-1
232,14,790.91,272.86,65.88,107.75,0.8428,-1,-1,-1
232,12,626.19,480.60,49.07,119.56,0.8593,-1,-1,-1
232,11,923.76,201.69,50.07,91.56,0.8620,-1,-1,-1
232,10,1056.73,121.12,43.66,74.75,0.8627,-1,-1,-1
232,6,674.25,315.75,71.40,111.30,0.8856,-1,-1,-1
232,5,544.22,104.24,50.48,73.43,0.8927,-1,-1,-1
232,4,944.61,152.59,51.43,87.28,0.8931,-1,-1,-1
232,2,681.95,839.29,187.88,153.90,0.9407,-1,-1,-1
232,1,599.39,347.81,76.06,133.56,0.9408,-1,-1,-1
233,53,769.96,346.91,74.72,130.28,0.5924,-1,-1,-1
233,52,0.09,727.27,133.12,351.19,0.5145,-1,-1,-1
233,48,1159.94,58.27,43.83,65.13,0.5713,-1,-1,-1
233,46,112.89,825.92,175.91,216.62,0.5540,-1,-1,-1
233,41,332.90,596.35,116.09,169.43,0.5776,-1,-1,-1
233,40,1015.87,145.93,56.51,90.08,0.5031,-1,-1,-1
233,39,435.66,434.26,87.41,152.39,0.5812,-1,-1,-1
233,34,267.79,697.95,199.32,217.90,0.5488,-1,-1,-1
233,31,574.66,546.72,110.37,161.60,0.5290,-1,-1,-1
233,29,663.25,473.51,98.80,165.84,0.5282,-1,-1,-1
233,27,529.52,426.24,91.77,151.27,0.5080,-1,-1,-1
233,26,490.29,606.91,124.51,186.56,0.5472,-1,-1,-1
233,25,874.72,312.17,62.83,119.35,0.7887,-1,-1,-1
233,21,628.10,820.70,186.46,154.50,0.5588,-1,-1,-1
233,20,1530.10,62.67,35.86,37.82,0.7229,-1,-1,-1
233,19,1106.15,77.41,43.00,68.96,0.7368,-1,-1,-1
233,17,895.76,225.38,57.83,98.36,0.7676,-1,-1,-1
233,16,686.90,420.83,78.00,134.68,0.7994,-1,-1,-1
233,15,1219.78,39.95,38.23,62.85,0.8400,-1,-1,-1
233,14,793.20,271.32,63.85,111.59,0.8428,-1,-1,-1
233,12,628.21,485.33,49.26,114.27,0.8593,-1,-1,-1
233,11,926.84,200.86,46.86,89.16,0.8620,-1,-1,-1
233,10,1056.48,119.96,46.70,75.29,0.8627,-1,-1,-1
233,6,678.44,316.23,69.49,109.41,0.8856,-1,-1,-1
233,5,546.36,104.58,51.16,72.65,0.8927,-1,-1,-1
233,4,945.57,151.74,50.92,87.02,0.8931,-1,-1,-1
233,2,682.25,836.22,186.91,158.80,0.9407,-1,-1,-1
233,1,602.15,347.59,74.63,134.29,0.9408,-1,-1,-1
234,53,769.75,347.38,75.41,128.09,0.5924,-1,-1,-1
234,52,0.15,730.97,132.37,347.27,0.5145,-1,-1,-1
234,48,1160.18,59.47,44.47,63.89,0.5713,-1,-1,-1
234,46,116.04,825.69,172.12,215.73,0.5540,-1,-1,-1
234,41,334.34,595.04,118.07,171.29,0.5776,-1,-1,-1
234,40,1015.65,146.93,56.97,88.95,0.5031,-1,-1,-1
234,39,436.66,433.39,87.83,152.61,0.5812,-1,-1,-1
234,34,269.78,699.08,198.81,216.73,0.5488,-1,-1,-1
234,31,575.26,552.69,110.85,157.10,0.5290,-1,-1,-1
234,29,663.60,474.55,100.82,162.08,0.5282,-1,-1,-1
234,27,532.56,426.05,88.19,151.62,0.5080,-1,-1,-1
234,26,492.78,607.56,122.56,184.58,0.5472,-1,-1,-1
234,25,875.10,311.08,60.54,119.25,0.7887,-1,-1,-1
234,21,682.30,842.45,186.34,153.79,0.5588,-1,-1,-1
234,20,1530.46,62.57,35.46,37.58,0.7229,-1,-1,-1
234,19,1106.97,77.39,43.35,69.30,0.7368,-1,-1,-1
234,17,896.84,226.93,56.91,96.56,0.7676,-1,-1,-1
234,16,685.36,419.32,80.28,135.79,0.7994,-1,-1,-1
234,15,1220.64,39.21,37.59,63.91,0.8400,-1,-1,-1
234,14,795.03,270.88,65.06,110.00,0.8428,-1,-1,-1
234,12,627.54,487.16,50.62,115.58,0.8593,-1,-1,-1
234,11,926.34,198.08,47.44,93.24,0.8620,-1,-1,-1
234,10,1057.51,119.70,44.90,75.40,0.8627,-1,-1,-1
234,6,679.96,316.68,70.79,108.71,0.8856,-1,-1,-1
234,5,546.91,102.55,52.40,75.96,0.8927,-1,-1,-1
234,4,947.49,150.19,49.94,88.77,0.8931,-1,-1,-1
234,2,626.10,821.12,155.27,153.49,0.9407,-1,-1,-1
234,1,604.43,349.16,74.10,132.34,0.9408,-1,-1,-1
235,53,771.67,350.51,76.10,125.94,0.5924,-1,-1,-1
235,52,0.05,720.43,131.23,358.19,0.5145,-1,-1,-1
235,48,1162.13,58.21,44.87,65.58,0.5713,-1,-1,-1
235,46,118.73,824.22,173.63,217.90,0.5540,-1,-1,-1
235,41,336.61,594.21,117.24,170.76,0.5776,-1,-1,-1
235,40,1018.27,146.12,55.43,90.46,0.5031,-1,-1,-1
235,39,440.64,432.03,88.01,151.70,0.5812,-1,-1,-1
235,34,272.40,693.78,197.10,221.36,0.5488,-1,-1,-1
235,31,576.13,550.44,113.26,161.43,0.5290,-1,-1,-1
235,29,667.44,474.89,93.76,163.15,0.5282,-1,-1,-1
235,27,535.39,424.09,87.73,152.89,0.5080,-1,-1,-1
235,26,495.07,607.73,122.01,185.19,0.5472,-1,-1,-1
235,25,875.88,307.92,63.26,121.96,0.7887,-1,-1,-1
235,21,680.54,845.04,186.85,151.33,0.5588,-1,-1,-1
235,20,1530.42,62.53,35.61,37.84,0.7229,-1,-1,-1
235,19,1107.72,76.62,43.22,69.74,0.7368,-1,-1,-1
235,17,897.19,225.69,56.74,95.74,0.7676,-1,-1,-1
235,16,686.29,417.29,78.47,134.96,0.7994,-1,-1,-1
235,15,1221.51,40.46,37.61,63.33,0.8400,-1,-1,-1
235,14,795.02,268.35,65.50,122.00,0.8428,-1,-1,-1
235,12,627.34,488.11,52.43,127.17,0.8593,-1,-1,-1
235,11,928.03,200.12,47.59,92.20,0.8620,-1,-1,-1
235,10,1059.40,119.46,44.74,75.93,0.8627,-1,-1,-1
235,6,682.41,314.98,70.40,109.35,0.8856,-1,-1,-1
235,5,548.41,101.92,53.54,73.91,0.8927,-1,-1,-1
235,4,948.24,148.65,48.71,90.58,0.8931,-1,-1,-1
235,2,626.52,822.38,177.75,153.18,0.9407,-1,-1,-1
235,1,605.43,347.47,75.36,132.57,0.9408,-1,-1,-1
236,53,771.67,355.70,75.19,120.99,0.5924,-1,-1,-1
236,52,0.24,751.89,127.88,326.44,0.5145,-1,-1,-1
236,49,798.57,298.87,60.78,115.47,0.7404,-1,-1,-1
236,48,1162.97,59.07,44.13,64.35,0.5713,-1,-1,-1
236,46,119.59,824.13,175.11,216.35,0.5540,-1,-1,-1
236,41,337.63,594.89,117.77,172.57,0.5776,-1,-1,-1
236,40,1019.38,144.94,54.98,91.58,0.5031,-1,-1,-1
236,39,443.10,431.45,87.21,151.67,0.5812,-1,-1,-1
236,34,275.56,696.72,196.18,216.76,0.5488,-1,-1,-1
236,31,577.05,555.14,115.03,157.38,0.5290,-1,-1,-1
236,29,668.92,474.04,92.93,163.15,0.5282,-1,-1,-1
236,27,536.20,424.42,90.68,151.63,0.5080,-1,-1,-1
236,26,494.89,608.58,122.40,184.77,0.5472,-1,-1,-1
236,25,876.58,307.79,63.75,122.17,0.7887,-1,-1,-1
236,21,682.50,854.32,184.19,142.27,0.5588,-1,-1,-1
236,20,1529.94,62.58,35.67,37.38,0.7229,-1,-1,-1
236,19,1107.44,76.22,42.97,70.08,0.7368,-1,-1,-1
236,17,897.31,226.53,56.92,96.30,0.7676,-1,-1,-1
236,16,686.10,414.23,80.38,137.93,0.7994,-1,-1,-1
236,15,1222.84,39.81,36.56,63.80,0.8400,-1,-1,-1
236,14,794.99,268.43,63.66,117.76,0.8428,-1,-1,-1
236,12,626.95,487.40,53.28,128.81,0.8593,-1,-1,-1
236,11,928.50,199.52,46.08,91.22,0.8620,-1,-1,-1
236,10,1060.17,118.81,44.98,76.59,0.8627,-1,-1,-1
236,6,682.98,313.86,69.89,110.23,0.8856,-1,-1,-1
236,5,548.54,101.29,53.58,74.57,0.8927,-1,-1,-1
236,4,948.11,147.50,50.60,91.57,0.8931,-1,-1,-1
236,2,625.98,822.74,176.13,152.53,0.9407,-1,-1,-1
236,1,606.18,347.45,75.63,132.22,0.9408,-1,-1,-1
237,53,772.19,353.58,76.48,120.77,0.5924,-1,-1,-1
237,52,0.07,745.75,133.84,332.40,0.5145,-1,-1,-1
237,49,802.22,295.95,57.54,119.28,0.7404,-1,-1,-1
237,48,1165.12,57.77,42.36,63.66,0.5713,-1,-1,-1
237,46,132.27,822.48,163.83,214.17,0.5540,-1,-1,-1
237,41,342.64,593.97,115.92,172.42,0.5776,-1,-1,-1
237,40,1019.94,145.36,55.49,90.27,0.5031,-1,-1,-1
237,39,447.08,428.75,86.73,152.57,0.5812,-1,-1,-1
237,34,278.08,692.15,196.63,221.75,0.5488,-1,-1,-1
237,31,578.77,553.12,113.10,157.52,0.5290,-1,-1,-1
237,29,665.93,468.54,102.51,165.01,0.5282,-1,-1,-1
237,27,538.74,424.36,88.57,152.62,0.5080,-1,-1,-1
237,26,499.57,608.13,122.90,183.05,0.5472,-1,-1,-1
237,25,877.69,304.64,64.80,125.31,0.7887,-1,-1,-1
237,21,684.81,856.80,182.39,141.46,0.5588,-1,-1,-1
237,20,1530.21,62.35,36.08,38.22,0.7229,-1,-1,-1
237,19,1109.16,76.39,41.76,69.72,0.7368,-1,-1,-1
237,17,898.19,226.01,55.33,96.02,0.7676,-1,-1,-1
237,16,685.53,413.12,81.06,139.85,0.7994,-1,-1,-1
237,15,1222.60,39.68,38.51,64.56,0.8400,-1,-1,-1
237,14,798.03,267.17,63.54,124.17,0.8428,-1,-1,-1
237,12,627.21,485.48,54.78,129.15,0.8593,-1,-1,-1
237,11,928.62,199.18,46.92,91.96,0.8620,-1,-1,-1
237,10,1060.46,117.58,46.48,76.87,0.8627,-1,-1,-1
237,6,684.69,313.60,70.74,109.74,0.8856,-1,-1,-1
237,5,553.68,99.66,49.96,76.40,0.8927,-1,-1,-1
237,4,951.78,147.79,49.15,86.93,0.8931,-1,-1,-1
237,2,625.86,821.03,150.96,155.38,0.9407,-1,-1,-1
237,1,606.80,346.45,75.58,132.63,0.9408,-1,-1,-1
238,53,773.00,353.29,76.17,120.46,0.5924,-1,-1,-1
238,52,0.00,727.69,135.60,349.80,0.5145,-1,-1,-1
238,49,803.99,300.22,56.62,115.51,0.7404,-1,-1,-1
238,48,1164.99,58.45,44.58,63.74,0.5713,-1,-1,-1
238,46,134.55,821.92,162.58,214.34,0.5540,-1,-1,-1
238,41,345.54,594.29,114.80,172.75,0.5776,-1,-1,-1
238,40,1021.37,144.97,54.54,90.50,0.5031,-1,-1,-1
238,39,449.58,427.94,83.40,152.17,0.5812,-1,-1,-1
238,34,280.87,693.11,195.04,220.03,0.5488,-1,-1,-1
238,31,580.86,554.94,111.96,154.77,0.5290,-1,-1,-1
238,29,655.67,467.53,112.26,164.01,0.5282,-1,-1,-1
238,27,540.32,423.71,90.14,152.30,0.5080,-1,-1,-1
238,26,500.96,610.55,125.14,180.00,0.5472,-1,-1,-1
238,25,878.30,304.58,66.58,123.18,0.7887,-1,-1,-1
238,21,683.99,854.51,182.69,143.81,0.5588,-1,-1,-1
238,20,1532.36,62.27,34.33,38.04,0.7229,-1,-1,-1
238,19,1109.29,76.08,40.87,70.90,0.7368,-1,-1,-1
238,17,897.97,225.48,56.97,96.39,0.7676,-1,-1,-1
238,16,686.47,413.31,79.93,139.29,0.7994,-1,-1,-1
238,15,1223.88,39.82,36.60,64.14,0.8400,-1,-1,-1
238,14,800.03,267.15,64.38,123.39,0.8428,-1,-1,-1
238,12,627.76,484.42,54.98,129.46,0.8593,-1,-1,-1
238,11,929.71,199.74,46.44,91.31,0.8620,-1,-1,-1
238,10,1061.88,117.46,47.49,75.78,0.8627,-1,-1,-1
238,6,685.18,312.88,72.05,110.37,0.8856,-1,-1,-1
238,5,554.64,98.84,50.68,77.30,0.8927,-1,-1,-1
238,4,951.90,146.80,49.18,87.90,0.8931,-1,-1,-1
238,2,627.41,822.64,191.02,155.24,0.9407,-1,-1,-1
238,1,609.42,345.80,72.46,132.73,0.9408,-1,-1,-1
239,53,774.14,358.23,76.17,115.41,0.5924,-1,-1,-1
239,52,0.01,726.02,140.29,350.64,0.5145,-1,-1,-1
239,48,1165.02,59.46,46.42,62.20,0.5713,-1,-1,-1
239,46,139.31,822.83,162.53,209.37,0.5540,-1,-1,-1
239,41,349.71,594.23,113.99,169.07,0.5776,-1,-1,-1
239,40,1022.84,144.68,55.08,91.31,0.5031,-1,-1,-1
239,39,453.09,425.73,88.51,151.62,0.5812,-1,-1,-1
239,34,283.36,687.99,196.99,224.83,0.5488,-1,-1,-1
239,31,586.84,545.34,112.46,164.85,0.5290,-1,-1,-1
239,29,669.24,465.79,101.04,164.37,0.5282,-1,-1,-1
239,27,542.23,423.05,91.17,153.34,0.5080,-1,-1,-1
239,26,503.44,613.24,126.07,176.35,0.5472,-1,-1,-1
239,25,882.43,304.65,62.62,118.81,0.7887,-1,-1,-1
239,21,688.01,858.95,177.89,139.83,0.5588,-1,-1,-1
239,20,1532.63,62.09,34.50,37.44,0.7229,-1,-1,-1
239,19,1110.61,76.06,40.86,69.79,0.7368,-1,-1,-1
239,17,900.01,224.82,55.70,93.99,0.7676,-1,-1,-1
239,16,689.10,414.05,79.37,138.02,0.7994,-1,-1,-1
239,15,1224.93,39.52,36.36,63.22,0.8400,-1,-1,-1
239,14,802.05,266.32,63.43,121.89,0.8428,-1,-1,-1
239,12,628.69,481.73,55.76,130.26,0.8593,-1,-1,-1
239,11,931.51,197.95,43.95,90.92,0.8620,-1,-1,-1
239,10,1063.23,115.81,46.98,77.63,0.8627,-1,-1,-1
239,6,688.32,312.17,72.43,109.31,0.8856,-1,-1,-1
239,5,558.26,98.94,49.40,75.87,0.8927,-1,-1,-1
239,4,952.84,144.91,48.27,87.64,0.8931,-1,-1,-1
239,2,628.00,825.17,164.45,154.23,0.9407,-1,-1,-1
239,1,611.87,346.36,71.55,131.57,0.9408,-1,-1,-1
240,53,776.40,355.13,76.26,119.04,0.5924,-1,-1,-1
240,52,0.00,722.82,144.73,353.85,0.5145,-1,-1,-1
240,48,1167.55,58.68,44.53,62.95,0.5713,-1,-1,-1
240,46,143.47,821.16,160.60,211.12,0.5540,-1,-1,-1
240,41,352.34,593.53,112.90,168.39,0.5776,-1,-1,-1
240,40,1025.34,145.58,54.12,90.71,0.5031,-1,-1,-1
240,39,456.23,424.56,88.74,151.56,0.5812,-1,-1,-1
240,34,285.86,689.85,195.95,221.59,0.5488,-1,-1,-1
240,31,586.28,517.20,115.12,193.95,0.5290,-1,-1,-1
240,29,676.51,463.10,95.35,165.05,0.5282,-1,-1,-1
240,27,547.11,422.92,87.34,152.71,0.5080,-1,-1,-1
240,26,506.45,613.65,125.64,174.48,0.5472,-1,-1,-1
240,25,882.66,301.41,63.45,121.63,0.7887,-1,-1,-1
240,21,688.83,861.36,178.33,139.61,0.5588,-1,-1,-1
240,20,1533.05,62.33,34.48,36.83,0.7229,-1,-1,-1
240,19,1111.48,75.27,41.57,70.56,0.7368,-1,-1,-1
240,17,901.22,223.98,54.34,93.97,0.7676,-1,-1,-1
240,16,690.10,412.80,78.34,138.95,0.7994,-1,-1,-1
240,15,1225.08,39.17,36.27,63.84,0.8400,-1,-1,-1
240,14,802.96,266.09,65.63,113.39,0.8428,-1,-1,-1
240,12,628.03,480.99,56.98,132.35,0.8593,-1,-1,-1
240,11,931.74,198.28,46.32,92.96,0.8620,-1,-1,-1
240,10,1065.05,116.20,46.01,76.10,0.8627,-1,-1,-1
240,6,690.84,312.17,71.08,109.00,0.8856,-1,-1,-1
240,5,560.27,98.35,48.92,75.49,0.8927,-1,-1,-1
240,4,954.25,145.51,47.62,86.18,0.8931,-1,-1,-1
240,2,628.91,825.85,181.05,152.91,0.9407,-1,-1,-1
240,1,611.97,344.32,76.00,133.74,0.9408,-1,-1,-1
241,53,776.93,352.87,77.57,120.27,0.5924,-1,-1,-1
241,52,0.28,724.62,143.91,353.88,0.5145,-1,-1,-1
241,48,1168.33,59.70,44.80,62.47,0.5713,-1,-1,-1
241,46,146.10,822.15,160.60,208.18,0.5540,-1,-1,-1
241,41,353.91,591.20,117.03,172.28,0.5776,-1,-1,-1
241,40,1026.39,146.67,52.52,88.69,0.5031,-1,-1,-1
241,39,460.17,422.95,86.61,151.76,0.5812,-1,-1,-1
241,34,290.71,689.49,193.11,220.05,0.5488,-1,-1,-1
241,31,589.12,489.98,113.96,220.73,0.5290,-1,-1,-1
241,29,679.87,457.68,96.08,167.11,0.5282,-1,-1,-1
241,27,550.11,422.07,87.91,151.07,0.5080,-1,-1,-1
241,26,510.53,617.44,122.18,169.41,0.5472,-1,-1,-1
241,25,883.87,302.22,61.53,118.96,0.7887,-1,-1,-1
241,21,687.99,856.73,177.46,145.56,0.5588,-1,-1,-1
241,20,1532.46,61.49,35.08,37.10,0.7229,-1,-1,-1
241,19,1112.44,73.78,40.68,70.82,0.7368,-1,-1,-1
241,17,901.66,222.68,58.00,95.01,0.7676,-1,-1,-1
241,16,690.69,412.34,77.25,138.81,0.7994,-1,-1,-1
241,15,1226.27,38.63,35.22,63.66,0.8400,-1,-1,-1
241,14,805.82,264.61,60.81,122.33,0.8428,-1,-1,-1
241,12,631.05,478.25,57.88,132.87,0.8593,-1,-1,-1
241,11,932.30,201.48,47.40,89.68,0.8620,-1,-1,-1
241,10,1065.87,114.87,45.79,76.64,0.8627,-1,-1,-1
241,6,693.84,312.38,70.57,110.90,0.8856,-1,-1,-1
241,5,562.23,95.98,47.59,77.08,0.8927,-1,-1,-1
241,4,953.92,144.52,49.74,86.91,0.8931,-1,-1,-1
241,2,630.61,824.82,144.88,152.62,0.9407,-1,-1,-1
241,1,613.21,344.57,76.80,131.74,0.9408,-1,-1,-1
242,53,779.32,356.54,76.13,113.90,0.5924,-1,-1,-1
242,52,0.25,732.56,145.33,345.02,0.5145,-1,-1,-1
242,49,810.99,305.09,58.14,109.48,0.7404,-1,-1,-1
242,48,1171.11,57.08,43.69,63.96,0.5713,-1,-1,-1
242,46,144.81,821.24,164.99,206.37,0.5540,-1,-1,-1
242,41,356.94,591.13,117.35,171.34,0.5776,-1,-1,-1
242,40,1026.82,145.33,55.75,89.96,0.5031,-1,-1,-1
242,39,463.09,420.73,83.20,150.49,0.5812,-1,-1,-1
242,34,292.56,688.27,193.58,220.02,0.5488,-1,-1,-1
242,31,589.83,504.22,115.44,207.54,0.5290,-1,-1,-1
242,29,682.63,457.05,94.85,165.59,0.5282,-1,-1,-1
242,27,550.12,422.01,90.08,150.86,0.5080,-1,-1,-1
242,26,511.92,618.48,124.33,167.27,0.5472,-1,-1,-1
242,25,885.46,301.50,63.65,119.58,0.7887,-1,-1,-1
242,21,687.77,855.75,178.58,148.49,0.5588,-1,-1,-1
242,20,1533.40,61.62,34.35,36.15,0.7229,-1,-1,-1
242,19,1114.14,75.83,40.49,68.74,0.7368,-1,-1,-1
242,17,902.40,222.42,58.40,94.64,0.7676,-1,-1,-1
242,16,685.14,414.27,82.06,137.00,0.7994,-1,-1,-1
242,15,1226.30,38.29,34.27,62.72,0.8400,-1,-1,-1
242,14,806.97,263.68,61.97,121.69,0.8428,-1,-1,-1
242,12,631.31,477.49,60.33,134.73,0.8593,-1,-1,-1
242,11,933.54,200.94,45.87,90.28,0.8620,-1,-1,-1
242,10,1067.52,114.15,45.69,76.74,0.8627,-1,-1,-1
242,6,694.54,309.57,70.95,113.03,0.8856,-1,-1,-1
242,5,564.81,96.14,47.92,75.28,0.8927,-1,-1,-1
242,4,955.77,143.45,49.20,86.51,0.8931,-1,-1,-1
242,2,631.40,825.57,136.34,151.72,0.9407,-1,-1,-1
242,1,614.72,344.65,77.37,132.12,0.9408,-1,-1,-1
243,53,778.17,352.67,80.28,120.39,0.5924,-1,-1,-1
243,52,0.22,720.66,148.45,356.17,0.5145,-1,-1,-1
243,49,811.50,298.74,59.88,114.20,0.7404,-1,-1,-1
243,48,1172.15,55.75,44.31,65.93,0.5713,-1,-1,-1
243,46,146.67,821.75,168.08,203.93,0.5540,-1,-1,-1
243,41,359.83,590.52,118.44,169.78,0.5776,-1,-1,-1
243,40,1028.30,147.08,55.41,88.33,0.5031,-1,-1,-1
243,39,466.14,419.15,84.22,151.19,0.5812,-1,-1,-1
243,34,294.28,684.40,195.29,222.54,0.5488,-1,-1,-1
243,31,593.91,529.17,113.70,182.73,0.5290,-1,-1,-1
243,29,682.64,453.33,98.30,168.81,0.5282,-1,-1,-1
243,27,553.61,422.55,84.51,149.54,0.5080,-1,-1,-1
243,26,513.24,622.85,125.38,160.98,0.5472,-1,-1,-1
243,25,887.36,297.95,63.26,117.74,0.7887,-1,-1,-1
243,21,689.54,842.98,177.23,162.05,0.5588,-1,-1,-1
243,20,1533.25,60.88,34.44,37.22,0.7229,-1,-1,-1
243,19,1114.98,73.30,40.46,70.95,0.7368,-1,-1,-1
243,17,903.96,222.35,57.53,93.82,0.7676,-1,-1,-1
243,16,685.66,416.60,78.52,134.63,0.7994,-1,-1,-1
243,15,1227.68,38.12,32.74,62.04,0.8400,-1,-1,-1
243,14,807.85,260.42,64.42,130.44,0.8428,-1,-1,-1
243,12,632.47,476.38,61.31,132.25,0.8593,-1,-1,-1
243,11,934.47,199.09,45.60,90.43,0.8620,-1,-1,-1
243,10,1066.42,110.65,46.47,80.06,0.8627,-1,-1,-1
243,6,697.18,311.62,74.95,110.70,0.8856,-1,-1,-1
243,5,566.42,95.56,46.98,75.31,0.8927,-1,-1,-1
243,4,959.52,142.92,47.57,88.49,0.8931,-1,-1,-1
243,2,631.43,827.89,163.61,149.56,0.9407,-1,-1,-1
243,1,619.08,342.60,76.89,131.69,0.9408,-1,-1,-1
244,53,779.38,354.10,78.53,118.43,0.5924,-1,-1,-1
244,52,0.24,724.82,144.58,352.02,0.5145,-1,-1,-1
244,48,1172.45,54.25,44.26,67.02,0.5713,-1,-1,-1
244,46,150.88,821.18,166.38,203.96,0.5540,-1,-1,-1
244,41,362.46,589.60,118.26,168.95,0.5776,-1,-1,-1
244,40,1029.44,146.59,55.10,87.90,0.5031,-1,-1,-1
244,39,467.97,416.79,84.19,153.75,0.5812,-1,-1,-1
244,34,297.07,683.43,196.22,222.41,0.5488,-1,-1,-1
244,31,594.49,515.85,114.19,195.79,0.5290,-1,-1,-1
244,29,683.64,430.59,98.80,190.53,0.5282,-1,-1,-1
244,27,556.55,422.14,82.77,149.60,0.5080,-1,-1,-1
244,26,515.70,623.21,124.22,160.38,0.5472,-1,-1,-1
244,25,887.86,294.54,60.93,118.45,0.7887,-1,-1,-1
244,21,690.38,855.07,175.74,150.78,0.5588,-1,-1,-1
244,20,1533.03,61.13,34.56,36.24,0.7229,-1,-1,-1
244,19,1114.98,72.71,43.41,71.32,0.7368,-1,-1,-1
244,17,903.41,221.28,62.32,94.64,0.7676,-1,-1,-1
244,16,683.61,414.98,84.45,134.12,0.7994,-1,-1,-1
244,15,1229.06,38.19,34.16,60.85,0.8400,-1,-1,-1
244,14,809.46,259.81,63.40,148.28,0.8428,-1,-1,-1
244,12,634.81,476.29,62.19,136.24,0.8593,-1,-1,-1
244,11,934.47,199.96,48.06,89.25,0.8620,-1,-1,-1
244,10,1067.46,110.70,46.13,79.79,0.8627,-1,-1,-1
244,6,698.88,312.13,71.07,110.14,0.8856,-1,-1,-1
244,5,567.84,93.23,47.49,78.52,0.8927,-1,-1,-1
244,4,959.37,143.03,48.18,88.63,0.8931,-1,-1,-1
244,2,631.73,828.86,180.75,148.92,0.9407,-1,-1,-1
244,1,620.86,342.05,75.92,130.28,0.9408,-1,-1,-1
245,53,781.25,350.34,77.53,121.74,0.5924,-1,-1,-1
245,52,0.31,714.81,146.74,363.10,0.5145,-1,-1,-1
245,48,1175.28,56.16,43.36,64.51,0.5713,-1,-1,-1
245,46,155.04,824.39,164.48,197.44,0.5540,-1,-1,-1
245,41,365.78,587.40,117.26,170.23,0.5776,-1,-1,-1
245,40,1031.01,144.66,56.89,89.76,0.5031,-1,-1,-1
245,39,471.85,414.45,82.91,154.78,0.5812,-1,-1,-1
245,34,298.36,681.67,196.20,222.61,0.5488,-1,-1,-1
245,31,599.35,526.52,112.27,184.16,0.5290,-1,-1,-1
245,29,680.35,435.38,105.69,184.87,0.5282,-1,-1,-1
245,27,560.96,423.24,79.19,147.46,0.5080,-1,-1,-1
245,26,518.71,623.09,126.48,160.61,0.5472,-1,-1,-1
245,25,888.21,295.31,61.80,116.20,0.7887,-1,-1,-1
245,21,691.48,859.03,175.01,147.49,0.5588,-1,-1,-1
245,20,1532.56,61.40,34.99,35.82,0.7229,-1,-1,-1
245,19,1116.54,73.96,43.79,68.83,0.7368,-1,-1,-1
245,17,905.22,219.57,60.58,97.84,0.7676,-1,-1,-1
245,16,683.51,421.59,86.80,128.26,0.7994,-1,-1,-1
245,15,1228.73,37.86,35.21,61.02,0.8400,-1,-1,-1
245,14,810.98,257.83,65.48,148.93,0.8428,-1,-1,-1
245,12,633.73,476.50,65.61,130.20,0.8593,-1,-1,-1
245,11,936.18,200.43,48.10,87.75,0.8620,-1,-1,-1
245,10,1068.77,111.77,47.66,76.59,0.8627,-1,-1,-1
245,6,701.18,312.84,71.10,109.54,0.8856,-1,-1,-1
245,5,569.99,93.46,47.47,76.06,0.8927,-1,-1,-1
245,4,958.75,141.81,51.13,87.90,0.8931,-1,-1,-1
245,2,631.30,830.57,133.39,146.68,0.9407,-1,-1,-1
245,1,623.32,340.92,74.06,129.78,0.9408,-1,-1,-1
246,53,783.21,351.93,77.92,119.49,0.5924,-1,-1,-1
246,52,0.23,728.86,147.78,348.79,0.5145,-1,-1,-1
246,48,1175.72,54.54,43.32,66.83,0.5713,-1,-1,-1
246,46,162.07,827.86,159.58,192.98,0.5540,-1,-1,-1
246,41,369.54,586.94,113.84,169.89,0.5776,-1,-1,-1
246,40,1031.10,145.45,57.85,88.31,0.5031,-1,-1,-1
246,39,473.24,412.58,83.73,154.80,0.5812,-1,-1,-1
246,34,300.15,680.36,195.91,223.78,0.5488,-1,-1,-1
246,31,599.67,523.79,112.38,186.74,0.5290,-1,-1,-1
246,29,684.53,427.71,105.45,192.16,0.5282,-1,-1,-1
246,27,562.36,424.74,78.08,145.26,0.5080,-1,-1,-1
246,26,521.03,622.74,123.83,161.83,0.5472,-1,-1,-1
246,25,891.00,295.66,60.69,112.12,0.7887,-1,-1,-1
246,21,691.21,856.24,174.51,149.42,0.5588,-1,-1,-1
246,20,1532.62,61.13,35.36,35.97,0.7229,-1,-1,-1
246,19,1116.75,73.92,43.49,69.16,0.7368,-1,-1,-1
246,17,904.48,218.54,61.96,100.15,0.7676,-1,-1,-1
246,16,682.51,423.51,92.60,130.23,0.7994,-1,-1,-1
246,15,1229.00,36.04,36.51,62.63,0.8400,-1,-1,-1
246,14,811.79,257.64,65.13,150.79,0.8428,-1,-1,-1
246,12,634.40,476.56,65.27,133.48,0.8593,-1,-1,-1
246,11,936.28,196.75,50.56,89.81,0.8620,-1,-1,-1
246,10,1070.53,111.93,45.98,75.46,0.8627,-1,-1,-1
246,6,702.05,311.97,72.42,110.55,0.8856,-1,-1,-1
246,5,570.81,91.35,48.23,76.70,0.8927,-1,-1,-1
246,4,962.42,141.80,47.68,87.34,0.8931,-1,-1,-1
246,2,631.51,828.19,125.34,150.12,0.9407,-1,-1,-1
246,1,624.53,340.46,74.09,131.60,0.9408,-1,-1,-1
247,53,784.03,347.96,77.86,123.16,0.5924,-1,-1,-1
247,52,0.02,721.98,148.53,356.19,0.5145,-1,-1,-1
247,48,1176.71,53.75,44.79,67.02,0.5713,-1,-1,-1
247,46,166.07,829.19,158.35,191.82,0.5540,-1,-1,-1
247,41,373.82,585.54,113.84,169.62,0.5776,-1,-1,-1
247,40,1031.89,144.47,58.55,90.02,0.5031,-1,-1,-1
247,39,477.64,411.06,84.06,154.45,0.5812,-1,-1,-1
247,34,303.72,680.95,194.54,221.52,0.5488,-1,-1,-1
247,31,601.40,528.13,111.62,183.46,0.5290,-1,-1,-1
247,29,682.22,427.39,105.08,189.37,0.5282,-1,-1,-1
247,27,564.99,424.05,75.52,145.19,0.5080,-1,-1,-1
247,26,523.83,625.07,124.04,159.57,0.5472,-1,-1,-1
247,25,893.65,290.72,59.98,115.30,0.7887,-1,-1,-1
247,21,692.45,855.60,172.69,149.93,0.5588,-1,-1,-1
247,20,1531.79,60.92,35.68,35.41,0.7229,-1,-1,-1
247,19,1116.84,72.98,43.35,68.40,0.7368,-1,-1,-1
247,17,907.01,219.05,57.52,98.27,0.7676,-1,-1,-1
247,16,682.83,421.50,93.83,133.87,0.7994,-1,-1,-1
247,15,1228.48,35.58,35.91,61.92,0.8400,-1,-1,-1
247,14,813.79,255.31,65.18,151.64,0.8428,-1,-1,-1
247,12,634.68,476.99,68.33,132.28,0.8593,-1,-1,-1
247,11,936.80,196.77,49.64,89.55,0.8620,-1,-1,-1
247,10,1071.98,111.58,45.73,76.24,0.8627,-1,-1,-1
247,6,704.35,312.29,70.92,109.67,0.8856,-1,-1,-1
247,5,572.44,90.18,47.67,76.81,0.8927,-1,-1,-1
247,4,963.66,140.27,47.19,86.49,0.8931,-1,-1,-1
247,2,630.05,826.96,128.40,151.99,0.9407,-1,-1,-1
247,1,626.72,339.90,72.53,131.02,0.9408,-1,-1,-1
248,53,785.17,348.87,76.27,122.39,0.5924,-1,-1,-1
248,52,0.19,720.46,150.36,356.47,0.5145,-1,-1,-1
248,48,1177.99,54.03,45.20,66.74,0.5713,-1,-1,-1
248,46,166.95,829.26,160.86,191.58,0.5540,-1,-1,-1
248,41,374.74,585.22,117.04,170.76,0.5776,-1,-1,-1
248,40,1034.68,144.36,56.80,90.64,0.5031,-1,-1,-1
248,39,479.52,410.28,85.10,153.30,0.5812,-1,-1,-1
248,34,305.23,679.81,197.12,222.00,0.5488,-1,-1,-1
248,31,603.29,530.43,110.38,181.01,0.5290,-1,-1,-1
248,29,682.74,423.05,104.26,192.60,0.5282,-1,-1,-1
248,27,567.80,423.86,74.25,144.36,0.5080,-1,-1,-1
248,26,525.33,625.84,123.40,159.22,0.5472,-1,-1,-1
248,25,896.18,290.51,59.10,113.29,0.7887,-1,-1,-1
248,21,691.64,857.27,173.85,149.91,0.5588,-1,-1,-1
248,20,1531.19,60.85,36.46,35.25,0.7229,-1,-1,-1
248,19,1117.17,72.68,43.28,68.16,0.7368,-1,-1,-1
248,17,907.86,218.02,56.62,96.55,0.7676,-1,-1,-1
248,15,1229.89,36.20,36.01,62.22,0.8400,-1,-1,-1
248,14,816.36,255.40,64.43,150.57,0.8428,-1,-1,-1
248,12,633.15,475.51,71.54,133.41,0.8593,-1,-1,-1
248,11,937.17,198.37,49.39,89.08,0.8620,-1,-1,-1
248,10,1071.65,110.21,47.09,78.06,0.8627,-1,-1,-1
248,6,706.22,312.53,72.22,109.49,0.8856,-1,-1,-1
248,5,574.48,89.45,46.26,76.99,0.8927,-1,-1,-1
248,4,964.32,139.12,47.60,87.00,0.8931,-1,-1,-1
248,2,629.73,828.96,141.91,150.15,0.9407,-1,-1,-1
248,1,628.25,338.85,72.27,132.02,0.9408,-1,-1,-1
249,53,787.45,350.18,74.74,117.95,0.5924,-1,-1,-1
249,52,0.05,773.39,152.49,303.85,0.5145,-1,-1,-1
249,48,1179.41,53.58,44.25,66.87,0.5713,-1,-1,-1
249,46,169.65,836.45,161.35,184.09,0.5540,-1,-1,-1
249,41,379.42,583.85,115.59,171.75,0.5776,-1,-1,-1
249,40,1034.86,143.62,56.69,91.07,0.5031,-1,-1,-1
249,39,482.30,409.08,85.67,150.38,0.5812,-1,-1,-1
249,34,310.86,681.59,192.01,218.54,0.5488,-1,-1,-1
249,31,603.48,511.30,111.73,199.78,0.5290,-1,-1,-1
249,29,682.88,421.90,110.71,193.10,0.5282,-1,-1,-1
249,27,570.66,422.65,72.23,147.13,0.5080,-1,-1,-1
249,26,528.32,625.57,124.90,159.52,0.5472,-1,-1,-1
249,25,896.62,290.02,60.44,108.65,0.7887,-1,-1,-1
249,21,691.01,859.77,174.18,146.09,0.5588,-1,-1,-1
249,20,1531.87,60.17,36.46,35.96,0.7229,-1,-1,-1
249,19,1118.70,71.91,44.30,69.17,0.7368,-1,-1,-1
249,17,910.01,215.26,55.73,99.35,0.7676,-1,-1,-1
249,15,1231.13,37.55,35.08,61.38,0.8400,-1,-1,-1
249,14,818.45,255.82,63.53,147.26,0.8428,-1,-1,-1
249,12,633.51,475.79,73.86,127.75,0.8593,-1,-1,-1
249,11,935.85,198.74,51.78,88.39,0.8620,-1,-1,-1
249,10,1072.95,109.37,47.51,79.57,0.8627,-1,-1,-1
249,6,706.77,311.29,72.62,109.83,0.8856,-1,-1,-1
249,5,576.35,87.48,46.75,80.06,0.8927,-1,-1,-1
249,4,965.33,137.54,48.19,88.08,0.8931,-1,-1,-1
249,2,627.80,826.98,157.59,153.03,0.9407,-1,-1,-1
249,1,629.71,337.96,71.92,132.87,0.9408,-1,-1,-1
250,53,788.32,349.71,75.87,119.33,0.5924,-1,-1,-1
250,52,0.29,713.46,153.50,362.21,0.5145,-1,-1,-1
250,48,1181.15,53.60,43.66,66.20,0.5713,-1,-1,-1
250,46,169.79,836.42,163.32,185.20,0.5540,-1,-1,-1
250,41,382.40,583.36,114.57,171.53,0.5776,-1,-1,-1
250,40,1037.38,141.69,55.60,91.94,0.5031,-1,-1,-1
250,39,486.71,408.12,84.45,151.05,0.5812,-1,-1,-1
250,34,316.57,675.43,190.17,223.98,0.5488,-1,-1,-1
250,31,606.23,526.42,109.96,182.79,0.5290,-1,-1,-1
250,29,685.67,418.60,109.94,195.43,0.5282,-1,-1,-1
250,27,572.87,421.52,70.54,146.28,0.5080,-1,-1,-1
250,26,530.71,625.10,126.29,159.43,0.5472,-1,-1,-1
250,25,898.68,287.35,63.84,113.30,0.7887,-1,-1,-1
250,21,688.59,859.36,177.60,147.15,0.5588,-1,-1,-1
250,20,1533.00,59.61,35.82,36.21,0.7229,-1,-1,-1
250,19,1118.65,70.92,43.95,70.36,0.7368,-1,-1,-1
250,17,912.79,216.52,53.82,97.31,0.7676,-1,-1,-1
250,15,1231.73,35.78,36.11,63.28,0.8400,-1,-1,-1
250,14,818.55,253.76,64.68,145.50,0.8428,-1,-1,-1
250,12,632.36,476.11,76.59,129.53,0.8593,-1,-1,-1
250,11,938.69,196.92,52.49,89.73,0.8620,-1,-1,-1
250,10,1074.62,109.82,48.04,78.24,0.8627,-1,-1,-1
250,6,707.82,309.48,73.67,111.20,0.8856,-1,-1,-1
250,5,576.90,87.23,47.60,78.71,0.8927,-1,-1,-1
250,4,966.13,139.13,47.75,86.48,0.8931,-1,-1,-1
250,2,627.48,828.27,173.41,152.22,0.9407,-1,-1,-1
250,1,631.60,337.75,71.49,130.75,0.9408,-1,-1,-1
251,53,788.39,347.71,75.57,120.08,0.5924,-1,-1,-1
251,52,0.00,751.18,155.46,325.12,0.5145,-1,-1,-1
251,48,1181.78,54.27,43.00,64.74,0.5713,-1,-1,-1
251,46,170.74,844.68,166.62,178.05,0.5540,-1,-1,-1
251,41,385.57,582.10,113.74,172.35,0.5776,-1,-1,-1
251,40,1037.98,143.59,55.83,89.10,0.5031,-1,-1,-1
251,39,490.86,406.32,80.98,152.21,0.5812,-1,-1,-1
251,34,341.03,671.32,169.18,228.36,0.5488,-1,-1,-1
251,31,608.59,517.63,108.31,191.43,0.5290,-1,-1,-1
251,29,685.11,414.62,104.78,198.76,0.5282,-1,-1,-1
251,27,577.10,420.05,67.02,146.36,0.5080,-1,-1,-1
251,26,533.55,623.50,124.91,162.76,0.5472,-1,-1,-1
251,25,901.00,282.44,62.20,115.87,0.7887,-1,-1,-1
251,21,689.78,862.03,175.83,144.28,0.5588,-1,-1,-1
251,20,1532.91,59.83,35.43,36.14,0.7229,-1,-1,-1
251,19,1119.39,69.78,44.81,70.37,0.7368,-1,-1,-1
251,17,915.18,218.19,53.25,93.84,0.7676,-1,-1,-1
251,15,1232.22,35.74,34.70,62.83,0.8400,-1,-1,-1
251,14,820.60,254.19,65.90,145.31,0.8428,-1,-1,-1
251,12,633.02,476.26,75.89,129.34,0.8593,-1,-1,-1
251,11,939.52,195.55,52.11,89.98,0.8620,-1,-1,-1
251,10,1075.95,108.92,47.85,78.97,0.8627,-1,-1,-1
251,6,709.30,310.15,72.18,109.17,0.8856,-1,-1,-1
251,5,580.83,87.04,44.95,78.35,0.8927,-1,-1,-1
251,4,967.61,136.25,48.74,86.47,0.8931,-1,-1,-1
251,2,628.07,830.18,130.62,149.91,0.9407,-1,-1,-1
251,1,633.92,335.63,71.42,131.83,0.9408,-1,-1,-1
252,53,790.08,347.69,75.45,118.61,0.5924,-1,-1,-1
252,52,0.00,773.87,157.14,301.97,0.5145,-1,-1,-1
252,48,1183.42,53.57,42.10,65.40,0.5713,-1,-1,-1
252,46,171.43,845.57,166.36,177.94,0.5540,-1,-1,-1
252,41,386.56,582.82,116.98,172.15,0.5776,-1,-1,-1
252,40,1038.16,143.62,55.81,89.38,0.5031,-1,-1,-1
252,39,492.26,404.35,81.10,151.04,0.5812,-1,-1,-1
252,34,321.33,677.74,189.38,221.28,0.5488,-1,-1,-1
252,31,611.03,514.84,105.75,193.95,0.5290,-1,-1,-1
252,29,686.10,412.28,119.74,201.98,0.5282,-1,-1,-1
252,27,577.36,420.30,67.51,145.75,0.5080,-1,-1,-1
252,26,534.37,623.02,126.00,163.51,0.5472,-1,-1,-1
252,25,903.44,281.27,59.35,113.62,0.7887,-1,-1,-1
252,21,691.07,858.11,174.17,146.61,0.5588,-1,-1,-1
252,20,1534.40,58.43,34.43,37.27,0.7229,-1,-1,-1
252,19,1120.38,71.57,43.56,68.74,0.7368,-1,-1,-1
252,17,915.37,221.97,55.74,91.39,0.7676,-1,-1,-1
252,15,1232.22,35.07,35.30,63.24,0.8400,-1,-1,-1
252,14,824.86,267.17,62.66,132.65,0.8428,-1,-1,-1
252,12,633.34,475.16,76.14,130.00,0.8593,-1,-1,-1
252,11,938.97,196.25,53.92,89.62,0.8620,-1,-1,-1
252,10,1076.97,108.58,48.45,79.42,0.8627,-1,-1,-1
252,6,711.05,307.12,72.44,111.61,0.8856,-1,-1,-1
252,5,582.04,86.83,45.68,78.57,0.8927,-1,-1,-1
252,4,969.92,136.49,47.92,85.60,0.8931,-1,-1,-1
252,2,629.29,829.55,138.64,151.12,0.9407,-1,-1,-1
252,1,634.99,335.91,70.34,129.94,0.9408,-1,-1,-1
253,53,789.99,344.37,76.15,121.12,0.5924,-1,-1,-1
253,52,0.24,846.29,163.04,228.48,0.5145,-1,-1,-1
253,48,1184.51,53.15,44.33,65.32,0.5713,-1,-1,-1
253,46,173.86,845.98,167.16,178.88,0.5540,-1,-1,-1
253,41,391.13,579.02,115.98,175.30,0.5776,-1,-1,-1
253,40,1039.88,142.63,54.78,89.61,0.5031,-1,-1,-1
253,39,494.98,402.40,77.38,150.82,0.5812,-1,-1,-1
253,34,327.23,675.64,184.84,220.54,0.5488,-1,-1,-1
253,31,613.67,509.57,104.94,196.25,0.5290,-1,-1,-1
253,29,692.81,407.96,117.34,206.81,0.5282,-1,-1,-1
253,27,579.34,417.83,66.42,144.95,0.5080,-1,-1,-1
253,26,534.94,620.79,125.78,165.09,0.5472,-1,-1,-1
253,25,904.82,283.37,60.68,111.29,0.7887,-1,-1,-1
253,21,691.10,861.29,174.14,144.10,0.5588,-1,-1,-1
253,20,1533.92,57.81,34.49,37.67,0.7229,-1,-1,-1
253,19,1120.47,68.50,44.92,70.81,0.7368,-1,-1,-1
253,17,917.80,221.82,54.08,88.63,0.7676,-1,-1,-1
253,15,1233.29,35.20,34.96,62.69,0.8400,-1,-1,-1
253,14,825.14,270.18,63.23,129.12,0.8428,-1,-1,-1
253,12,634.43,474.37,74.95,126.84,0.8593,-1,-1,-1
253,11,943.41,195.61,49.99,88.65,0.8620,-1,-1,-1
253,10,1079.13,108.54,47.71,78.11,0.8627,-1,-1,-1
253,6,713.38,307.17,70.88,108.72,0.8856,-1,-1,-1
253,5,583.85,86.82,45.00,75.82,0.8927,-1,-1,-1
253,4,971.54,135.97,48.20,83.19,0.8931,-1,-1,-1
253,2,627.81,827.19,152.63,152.82,0.9407,-1,-1,-1
253,1,635.99,335.88,70.75,128.81,0.9408,-1,-1,-1
254,53,791.06,341.54,76.94,123.95,0.5924,-1,-1,-1
254,52,2.98,855.44,162.35,218.32,0.5145,-1,-1,-1
254,48,1184.30,53.21,44.77,65.21,0.5713,-1,-1,-1
254,46,176.48,850.44,167.68,174.24,0.5540,-1,-1,-1
254,41,393.88,579.57,114.59,174.10,0.5776,-1,-1,-1
254,40,1039.79,142.54,54.44,90.09,0.5031,-1,-1,-1
254,39,495.66,401.31,79.74,151.69,0.5812,-1,-1,-1
254,34,336.44,672.87,177.14,222.16,0.5488,-1,-1,-1
254,31,615.28,498.84,103.50,205.28,0.5290,-1,-1,-1
254,29,709.93,416.83,103.85,196.92,0.5282,-1,-1,-1
254,27,581.50,415.75,65.62,141.52,0.5080,-1,-1,-1
254,26,536.44,620.90,127.02,164.11,0.5472,-1,-1,-1
254,25,905.84,284.72,59.32,107.68,0.7887,-1,-1,-1
254,21,689.55,860.24,175.33,145.12,0.5588,-1,-1,-1
254,20,1533.60,57.81,34.47,37.65,0.7229,-1,-1,-1
254,19,1120.90,70.08,45.19,68.82,0.7368,-1,-1,-1
254,17,918.65,215.35,57.20,94.14,0.7676,-1,-1,-1
254,15,1233.33,34.55,35.13,63.16,0.8400,-1,-1,-1
254,14,826.05,285.23,65.92,114.87,0.8428,-1,-1,-1
254,12,633.47,473.96,75.00,126.96,0.8593,-1,-1,-1
254,11,942.97,194.51,50.93,90.83,0.8620,-1,-1,-1
254,10,1080.04,108.06,48.00,78.43,0.8627,-1,-1,-1
254,6,714.49,305.21,70.86,111.79,0.8856,-1,-1,-1
254,5,584.27,85.90,45.33,78.59,0.8927,-1,-1,-1
254,4,971.37,133.47,48.68,85.66,0.8931,-1,-1,-1
254,2,627.66,827.54,178.84,152.34,0.9407,-1,-1,-1
254,1,636.95,335.60,69.13,129.46,0.9408,-1,-1,-1
255,53,791.39,342.29,77.77,121.32,0.5924,-1,-1,-1
255,52,0.76,848.78,167.53,225.69,0.5145,-1,-1,-1
255,48,1185.23,53.48,44.90,65.04,0.5713,-1,-1,-1
255,46,180.00,852.57,166.76,172.96,0.5540,-1,-1,-1
255,41,396.04,579.02,113.47,176.60,0.5776,-1,-1,-1
255,40,1040.91,142.79,55.99,89.12,0.5031,-1,-1,-1
255,39,498.96,399.95,79.26,151.48,0.5812,-1,-1,-1
255,34,328.10,674.57,187.90,220.53,0.5488,-1,-1,-1
255,31,614.97,505.81,105.40,197.26,0.5290,-1,-1,-1
255,29,700.48,408.66,115.39,202.34,0.5282,-1,-1,-1
255,27,583.27,412.65,64.38,145.25,0.5080,-1,-1,-1
255,26,538.40,617.41,125.58,167.16,0.5472,-1,-1,-1
255,25,906.51,277.45,60.54,113.93,0.7887,-1,-1,-1
255,21,689.04,860.91,175.90,145.33,0.5588,-1,-1,-1
255,20,1533.47,57.91,34.68,37.72,0.7229,-1,-1,-1
255,19,1124.99,68.19,43.33,71.19,0.7368,-1,-1,-1
255,17,920.43,217.20,53.68,91.09,0.7676,-1,-1,-1
255,15,1233.53,34.57,35.61,63.13,0.8400,-1,-1,-1
255,14,826.30,251.28,68.26,145.32,0.8428,-1,-1,-1
255,12,637.12,470.82,76.36,129.43,0.8593,-1,-1,-1
255,11,942.23,195.46,52.37,89.88,0.8620,-1,-1,-1
255,10,1080.99,107.29,49.14,80.07,0.8627,-1,-1,-1
255,6,715.18,304.10,72.03,112.50,0.8856,-1,-1,-1
255,5,585.97,86.12,46.01,75.52,0.8927,-1,-1,-1
255,4,972.32,133.26,48.51,84.03,0.8931,-1,-1,-1
255,2,628.18,827.48,156.95,152.78,0.9407,-1,-1,-1
255,1,639.01,335.13,66.17,129.45,0.9408,-1,-1,-1
256,53,792.46,341.43,76.35,121.08,0.5924,-1,-1,-1
256,52,0.07,845.67,170.37,230.97,0.5145,-1,-1,-1
256,48,1186.47,52.81,44.48,65.77,0.5713,-1,-1,-1
256,46,182.57,852.50,164.92,171.95,0.5540,-1,-1,-1
256,41,398.04,577.04,112.76,177.05,0.5776,-1,-1,-1
256,40,1041.47,143.05,55.22,87.96,0.5031,-1,-1,-1
256,39,500.72,399.06,81.52,152.22,0.5812,-1,-1,-1
256,34,334.01,670.84,184.21,223.08,0.5488,-1,-1,-1
256,31,617.36,495.56,105.41,206.44,0.5290,-1,-1,-1
256,29,711.86,411.31,105.49,199.86,0.5282,-1,-1,-1
256,27,583.66,413.39,65.31,140.28,0.5080,-1,-1,-1
256,26,540.12,615.96,124.89,166.85,0.5472,-1,-1,-1
256,25,909.11,275.69,61.36,115.14,0.7887,-1,-1,-1
256,21,688.47,855.62,176.52,151.98,0.5588,-1,-1,-1
256,20,1533.62,58.00,34.43,36.92,0.7229,-1,-1,-1
256,19,1125.69,72.30,42.79,66.31,0.7368,-1,-1,-1
256,17,922.90,213.10,53.58,94.80,0.7676,-1,-1,-1
256,15,1234.08,34.46,35.47,63.37,0.8400,-1,-1,-1
256,14,828.24,252.68,67.43,143.63,0.8428,-1,-1,-1
256,12,637.85,470.42,77.31,128.89,0.8593,-1,-1,-1
256,11,942.63,195.94,52.45,89.28,0.8620,-1,-1,-1
256,10,1082.01,107.53,48.86,79.63,0.8627,-1,-1,-1
256,6,716.33,304.26,72.09,112.61,0.8856,-1,-1,-1
256,5,586.54,86.03,45.80,76.06,0.8927,-1,-1,-1
256,4,972.84,132.57,50.47,84.48,0.8931,-1,-1,-1
256,2,628.09,827.24,190.05,153.35,0.9407,-1,-1,-1
256,1,640.41,334.18,65.45,129.27,0.9408,-1,-1,-1
257,53,794.08,340.08,78.80,120.13,0.5924,-1,-1,-1
257,52,0.04,842.72,172.78,233.83,0.5145,-1,-1,-1
257,48,1187.58,52.43,43.18,66.43,0.5713,-1,-1,-1
257,46,184.67,854.79,164.27,171.55,0.5540,-1,-1,-1
257,41,400.69,576.36,113.80,177.06,0.5776,-1,-1,-1
257,40,1041.91,141.71,54.37,90.22,0.5031,-1,-1,-1
257,39,505.09,397.90,82.29,148.91,0.5812,-1,-1,-1
257,34,333.27,671.17,185.40,222.16,0.5488,-1,-1,-1
257,31,617.79,501.52,105.98,199.04,0.5290,-1,-1,-1
257,29,719.99,415.84,98.62,194.32,0.5282,-1,-1,-1
257,27,586.99,411.84,61.57,145.98,0.5080,-1,-1,-1
257,26,541.68,616.56,128.35,166.33,0.5472,-1,-1,-1
257,25,910.39,275.91,60.83,111.94,0.7887,-1,-1,-1
257,21,688.41,862.19,176.08,147.48,0.5588,-1,-1,-1
257,20,1533.61,57.44,34.39,36.68,0.7229,-1,-1,-1
257,19,1126.81,69.22,41.56,70.20,0.7368,-1,-1,-1
257,17,922.62,217.27,52.88,89.70,0.7676,-1,-1,-1
257,15,1234.07,33.74,35.87,63.22,0.8400,-1,-1,-1
257,14,830.24,250.42,67.77,146.44,0.8428,-1,-1,-1
257,12,634.68,462.45,78.44,136.31,0.8593,-1,-1,-1
257,11,946.21,195.57,49.28,87.06,0.8620,-1,-1,-1
257,10,1082.64,106.73,47.72,79.59,0.8627,-1,-1,-1
257,6,718.19,302.98,71.65,112.68,0.8856,-1,-1,-1
257,5,587.46,86.94,45.98,71.64,0.8927,-1,-1,-1
257,4,974.81,132.56,48.90,84.08,0.8931,-1,-1,-1
257,2,628.37,830.24,176.95,149.85,0.9407,-1,-1,-1
257,1,643.30,335.82,61.61,125.89,0.9408,-1,-1,-1
258,53,793.86,332.51,79.02,128.71,0.5924,-1,-1,-1
258,52,0.00,840.72,173.01,226.76,0.5145,-1,-1,-1
258,48,1187.95,52.59,44.33,65.87,0.5713,-1,-1,-1
258,46,187.80,854.35,162.35,172.39,0.5540,-1,-1,-1
258,41,402.29,577.24,116.19,174.38,0.5776,-1,-1,-1
258,40,1043.07,141.99,54.95,90.15,0.5031,-1,-1,-1
258,39,507.34,395.75,82.03,148.72,0.5812,-1,-1,-1
258,34,335.89,670.48,183.91,222.93,0.5488,-1,-1,-1
258,31,621.16,497.50,103.74,202.74,0.5290,-1,-1,-1
258,29,724.87,418.20,96.00,189.33,0.5282,-1,-1,-1
258,27,587.74,410.36,61.83,147.75,0.5080,-1,-1,-1
258,26,542.58,617.25,128.39,164.54,0.5472,-1,-1,-1
258,25,911.25,276.29,60.47,111.29,0.7887,-1,-1,-1
258,21,688.63,862.72,175.26,147.10,0.5588,-1,-1,-1
258,20,1535.70,57.09,32.50,36.31,0.7229,-1,-1,-1
258,19,1128.33,69.20,40.84,69.91,0.7368,-1,-1,-1
258,17,924.46,215.08,53.57,90.29,0.7676,-1,-1,-1
258,15,1235.49,33.55,35.01,62.52,0.8400,-1,-1,-1
258,14,832.14,250.15,65.47,143.89,0.8428,-1,-1,-1
258,12,633.84,457.52,77.27,139.73,0.8593,-1,-1,-1
258,11,945.01,194.72,50.19,88.60,0.8620,-1,-1,-1
258,10,1085.23,107.04,45.83,77.79,0.8627,-1,-1,-1
258,6,718.86,302.82,71.28,112.97,0.8856,-1,-1,-1
258,5,589.07,86.71,45.17,71.98,0.8927,-1,-1,-1
258,4,976.32,130.01,48.67,85.36,0.8931,-1,-1,-1
258,2,628.08,829.90,186.45,150.42,0.9407,-1,-1,-1
258,1,643.81,334.68,61.62,127.49,0.9408,-1,-1,-1
259,53,794.26,337.81,78.02,123.14,0.5924,-1,-1,-1
259,52,0.94,838.00,175.14,237.35,0.5145,-1,-1,-1
259,48,1187.94,52.96,44.42,65.04,0.5713,-1,-1,-1
259,46,186.95,853.44,163.94,174.11,0.5540,-1,-1,-1
259,41,404.26,576.63,115.27,175.15,0.5776,-1,-1,-1
259,40,1043.56,142.20,54.63,89.06,0.5031,-1,-1,-1
259,39,512.39,395.33,77.67,147.16,0.5812,-1,-1,-1
259,34,343.40,664.42,178.84,229.95,0.5488,-1,-1,-1
259,31,624.21,503.10,102.81,195.35,0.5290,-1,-1,-1
259,29,729.46,438.04,93.65,167.80,0.5282,-1,-1,-1
259,27,589.22,411.24,59.44,145.00,0.5080,-1,-1,-1
259,26,544.11,617.50,129.70,164.76,0.5472,-1,-1,-1
259,25,912.67,277.17,60.37,108.71,0.7887,-1,-1,-1
259,21,688.09,865.63,175.20,145.47,0.5588,-1,-1,-1
259,20,1533.48,56.58,34.79,37.06,0.7229,-1,-1,-1
259,19,1129.30,71.32,40.12,67.45,0.7368,-1,-1,-1
259,17,925.05,215.79,53.50,90.02,0.7676,-1,-1,-1
259,16,686.20,413.00,61.10,140.37,0.7994,-1,-1,-1
259,15,1235.29,32.09,35.29,64.18,0.8400,-1,-1,-1
259,14,834.70,252.45,65.89,144.20,0.8428,-1,-1,-1
259,12,635.11,468.09,72.59,123.82,0.8593,-1,-1,-1
259,11,948.60,195.19,46.18,85.24,0.8620,-1,-1,-1
259,10,1085.49,105.92,48.27,77.81,0.8627,-1,-1,-1
259,6,720.84,301.64,72.89,114.64,0.8856,-1,-1,-1
259,5,588.07,85.96,47.51,72.82,0.8927,-1,-1,-1
259,4,978.31,130.62,46.66,84.03,0.8931,-1,-1,-1
259,2,624.93,829.33,160.70,152.00,0.9407,-1,-1,-1
259,1,645.54,333.40,61.28,128.00,0.9408,-1,-1,-1
260,53,795.08,336.69,78.34,124.42,0.5924,-1,-1,-1
260,52,13.28,836.15,164.14,240.07,0.5145,-1,-1,-1
260,48,1189.31,50.55,43.26,67.42,0.5713,-1,-1,-1
260,46,188.24,851.51,164.36,175.05,0.5540,-1,-1,-1
260,41,405.78,576.91,116.21,175.53,0.5776,-1,-1,-1
260,40,1043.49,140.66,54.66,90.45,0.5031,-1,-1,-1
260,39,514.13,394.28,75.27,146.52,0.5812,-1,-1,-1
260,34,344.37,665.83,179.06,229.06,0.5488,-1,-1,-1
260,31,624.05,506.34,105.57,192.25,0.5290,-1,-1,-1
260,29,732.93,438.49,90.68,166.68,0.5282,-1,-1,-1
260,27,590.21,410.80,58.75,144.85,0.5080,-1,-1,-1
260,26,544.68,617.15,127.57,165.46,0.5472,-1,-1,-1
260,25,913.44,271.76,60.13,113.14,0.7887,-1,-1,-1
260,21,687.53,865.44,175.17,146.44,0.5588,-1,-1,-1
260,20,1533.68,56.42,34.83,36.26,0.7229,-1,-1,-1
260,19,1129.14,68.66,40.12,69.51,0.7368,-1,-1,-1
260,17,928.17,202.65,55.90,102.85,0.7676,-1,-1,-1
260,16,687.36,413.66,60.29,140.47,0.7994,-1,-1,-1
260,15,1235.50,32.36,35.55,63.76,0.8400,-1,-1,-1
260,14,835.01,254.22,67.18,139.64,0.8428,-1,-1,-1
260,12,637.84,462.01,76.54,131.41,0.8593,-1,-1,-1
260,11,942.87,195.12,52.18,88.33,0.8620,-1,-1,-1
260,10,1087.62,108.03,45.83,75.59,0.8627,-1,-1,-1
260,6,722.32,301.84,71.86,113.54,0.8856,-1,-1,-1
260,5,588.42,85.12,48.54,75.73,0.8927,-1,-1,-1
260,4,980.28,130.61,44.77,82.76,0.8931,-1,-1,-1
260,2,624.68,828.91,143.84,153.69,0.9407,-1,-1,-1
260,1,647.32,333.60,60.63,127.04,0.9408,-1,-1,-1
261,53,795.81,335.88,78.47,124.76,0.5924,-1,-1,-1
261,52,17.65,833.08,162.55,245.53,0.5145,-1,-1,-1
261,48,1190.59,50.55,43.42,66.62,0.5713,-1,-1,-1
261,46,188.52,850.19,164.66,175.52,0.5540,-1,-1,-1
261,41,407.09,575.66,116.56,175.54,0.5776,-1,-1,-1
261,40,1043.72,139.03,55.39,90.12,0.5031,-1,-1,-1
261,39,516.51,392.57,75.02,146.53,0.5812,-1,-1,-1
261,34,346.70,666.09,179.23,228.04,0.5488,-1,-1,-1
261,31,625.18,505.13,106.60,193.28,0.5290,-1,-1,-1
261,29,735.17,439.04,90.68,164.83,0.5282,-1,-1,-1
261,27,593.47,411.25,56.62,140.71,0.5080,-1,-1,-1
261,26,547.26,618.63,126.77,163.84,0.5472,-1,-1,-1
261,25,914.84,269.64,60.01,112.32,0.7887,-1,-1,-1
261,21,687.24,864.33,173.75,146.84,0.5588,-1,-1,-1
261,20,1533.09,56.18,34.54,35.24,0.7229,-1,-1,-1
261,19,1129.07,67.17,44.16,70.40,0.7368,-1,-1,-1
261,17,927.50,205.80,53.10,99.01,0.7676,-1,-1,-1
261,16,689.85,412.32,58.82,141.09,0.7994,-1,-1,-1
261,15,1235.58,33.90,35.71,61.31,0.8400,-1,-1,-1
261,14,836.95,250.20,65.58,141.38,0.8428,-1,-1,-1
261,12,635.17,451.42,79.74,141.90,0.8593,-1,-1,-1
261,11,946.14,194.17,49.17,88.76,0.8620,-1,-1,-1
261,10,1087.24,103.26,46.84,80.08,0.8627,-1,-1,-1
261,6,724.39,301.46,69.83,111.47,0.8856,-1,-1,-1
261,5,590.88,84.80,46.17,72.96,0.8927,-1,-1,-1
261,4,981.30,129.36,46.21,84.50,0.8931,-1,-1,-1
261,2,623.24,829.69,143.64,153.73,0.9407,-1,-1,-1
261,1,648.14,332.90,61.10,126.81,0.9408,-1,-1,-1
262,53,797.11,335.90,77.32,125.31,0.5924,-1,-1,-1
262,52,8.16,832.56,174.59,244.02,0.5145,-1,-1,-1
262,48,1190.35,52.49,43.30,65.64,0.5713,-1,-1,-1
262,46,187.45,848.55,166.53,178.49,0.5540,-1,-1,-1
262,41,408.20,576.56,116.53,173.69,0.5776,-1,-1,-1
262,40,1043.90,138.99,54.32,91.12,0.5031,-1,-1,-1
262,39,518.83,391.77,75.23,148.09,0.5812,-1,-1,-1
262,34,347.92,666.07,178.08,227.49,0.5488,-1,-1,-1
262,31,627.05,498.91,105.07,198.76,0.5290,-1,-1,-1
262,29,735.13,434.58,90.51,169.88,0.5282,-1,-1,-1
262,27,593.95,412.25,56.03,139.87,0.5080,-1,-1,-1
262,26,548.41,618.08,128.36,163.59,0.5472,-1,-1,-1
262,25,914.77,269.50,59.95,111.24,0.7887,-1,-1,-1
262,21,689.07,864.88,171.86,148.56,0.5588,-1,-1,-1
262,20,1532.60,55.85,34.78,35.63,0.7229,-1,-1,-1
262,19,1130.18,67.28,44.44,70.16,0.7368,-1,-1,-1
262,17,928.12,197.06,55.79,106.05,0.7676,-1,-1,-1
262,16,690.88,410.87,60.14,142.89,0.7994,-1,-1,-1
262,15,1235.27,33.71,36.18,61.37,0.8400,-1,-1,-1
262,14,837.20,247.26,68.41,143.27,0.8428,-1,-1,-1
262,12,635.36,414.24,83.64,179.27,0.8593,-1,-1,-1
262,11,939.18,193.73,56.67,90.47,0.8620,-1,-1,-1
262,10,1087.28,104.55,46.81,78.44,0.8627,-1,-1,-1
262,6,726.07,301.73,71.70,110.27,0.8856,-1,-1,-1
262,5,590.75,84.20,48.19,74.37,0.8927,-1,-1,-1
262,4,981.34,128.62,47.55,85.68,0.8931,-1,-1,-1
262,2,623.89,832.22,159.30,151.03,0.9407,-1,-1,-1
262,1,649.63,331.42,59.83,126.51,0.9408,-1,-1,-1
263,53,797.91,335.91,77.79,124.97,0.5924,-1,-1,-1
263,52,21.64,832.34,164.16,245.45,0.5145,-1,-1,-1
263,48,1191.08,49.92,44.30,67.92,0.5713,-1,-1,-1
263,46,188.10,845.45,167.67,180.97,0.5540,-1,-1,-1
263,41,408.44,575.85,118.75,174.97,0.5776,-1,-1,-1
263,40,1045.10,141.14,54.19,87.28,0.5031,-1,-1,-1
263,39,521.83,389.42,76.32,147.82,0.5812,-1,-1,-1
263,34,350.72,666.09,177.51,223.90,0.5488,-1,-1,-1
263,31,628.52,515.57,102.62,179.76,0.5290,-1,-1,-1
263,29,739.21,429.39,89.41,173.71,0.5282,-1,-1,-1
263,27,596.71,412.96,54.43,136.82,0.5080,-1,-1,-1
263,26,550.40,616.93,125.91,165.64,0.5472,-1,-1,-1
263,25,917.80,268.19,59.06,110.13,0.7887,-1,-1,-1
263,21,686.64,858.51,173.93,157.82,0.5588,-1,-1,-1
263,20,1533.51,55.72,34.92,35.74,0.7229,-1,-1,-1
263,19,1132.76,67.86,41.98,68.86,0.7368,-1,-1,-1
263,17,946.36,193.36,49.39,83.63,0.7676,-1,-1,-1
263,16,691.88,411.31,59.75,139.19,0.7994,-1,-1,-1
263,15,1236.23,32.97,35.39,62.66,0.8400,-1,-1,-1
263,14,843.73,270.85,62.91,121.01,0.8428,-1,-1,-1
263,12,633.08,413.57,87.94,181.58,0.8593,-1,-1,-1
263,11,927.11,203.86,58.51,100.80,0.8620,-1,-1,-1
263,10,1089.62,105.22,46.29,76.67,0.8627,-1,-1,-1
263,6,727.05,301.65,69.30,110.64,0.8856,-1,-1,-1
263,5,591.68,82.99,49.19,73.96,0.8927,-1,-1,-1
263,4,984.66,127.70,45.84,83.72,0.8931,-1,-1,-1
263,2,623.15,832.84,157.24,150.51,0.9407,-1,-1,-1
263,1,650.11,330.26,60.34,128.40,0.9408,-1,-1,-1
264,53,799.61,337.36,79.33,123.15,0.5924,-1,-1,-1
264,52,29.24,833.54,158.80,239.55,0.5145,-1,-1,-1
264,48,1191.60,50.69,44.16,66.55,0.5713,-1,-1,-1
264,46,187.91,842.47,168.56,184.14,0.5540,-1,-1,-1
264,41,406.98,574.26,120.96,176.93,0.5776,-1,-1,-1
264,40,1045.03,140.28,54.54,88.72,0.5031,-1,-1,-1
264,39,525.37,389.71,75.14,145.09,0.5812,-1,-1,-1
264,34,351.28,667.02,179.51,224.43,0.5488,-1,-1,-1
264,31,628.24,510.49,105.00,186.02,0.5290,-1,-1,-1
264,29,743.22,440.00,84.87,161.39,0.5282,-1,-1,-1
264,27,596.82,412.33,55.47,140.79,0.5080,-1,-1,-1
264,26,551.70,615.05,126.20,167.15,0.5472,-1,-1,-1
264,25,918.84,262.22,56.90,114.52,0.7887,-1,-1,-1
264,21,685.80,858.24,174.12,158.54,0.5588,-1,-1,-1
264,20,1533.48,55.34,34.90,36.08,0.7229,-1,-1,-1
264,19,1132.43,67.34,44.36,70.04,0.7368,-1,-1,-1
264,17,949.13,192.50,46.74,82.79,0.7676,-1,-1,-1
264,16,691.60,411.84,60.46,140.57,0.7994,-1,-1,-1
264,15,1237.03,33.14,35.26,62.97,0.8400,-1,-1,-1
264,12,633.47,419.16,83.85,173.72,0.8593,-1,-1,-1
264,11,927.85,212.68,55.70,90.54,0.8620,-1,-1,-1
264,10,1089.36,105.12,46.60,76.96,0.8627,-1,-1,-1
264,6,727.73,299.78,70.81,112.54,0.8856,-1,-1,-1
264,5,593.27,83.88,47.25,73.01,0.8927,-1,-1,-1
264,4,985.65,126.92,46.42,82.93,0.8931,-1,-1,-1
264,2,622.88,833.69,154.06,150.83,0.9407,-1,-1,-1
264,1,650.09,328.62,63.75,129.36,0.9408,-1,-1,-1
265,53,802.88,337.98,76.28,121.91,0.5924,-1,-1,-1
265,52,29.34,830.20,158.73,244.15,0.5145,-1,-1,-1
265,49,843.48,249.06,63.12,139.66,0.7404,-1,-1,-1
265,48,1192.06,50.27,44.76,66.72,0.5713,-1,-1,-1
265,46,190.97,837.34,167.49,190.45,0.5540,-1,-1,-1
265,41,412.42,574.30,117.17,174.86,0.5776,-1,-1,-1
265,40,1046.84,142.35,55.47,87.89,0.5031,-1,-1,-1
265,39,529.80,389.05,74.11,144.24,0.5812,-1,-1,-1
265,34,353.55,668.25,175.33,214.98,0.5488,-1,-1,-1
265,31,631.07,511.52,104.10,183.67,0.5290,-1,-1,-1
265,29,746.68,440.23,83.31,157.52,0.5282,-1,-1,-1
265,27,597.88,410.90,55.49,143.68,0.5080,-1,-1,-1
265,26,553.86,615.14,124.55,166.88,0.5472,-1,-1,-1
265,25,918.78,265.89,59.38,110.27,0.7887,-1,-1,-1
265,21,687.49,866.54,172.39,150.49,0.5588,-1,-1,-1
265,20,1534.05,55.57,33.92,35.54,0.7229,-1,-1,-1
265,19,1134.47,68.98,43.06,67.55,0.7368,-1,-1,-1
265,17,953.24,192.78,43.79,83.60,0.7676,-1,-1,-1
265,16,691.27,409.18,62.97,146.81,0.7994,-1,-1,-1
265,15,1237.16,33.18,35.48,62.50,0.8400,-1,-1,-1
265,12,632.08,418.54,89.92,176.50,0.8593,-1,-1,-1
265,11,929.23,212.28,53.85,93.37,0.8620,-1,-1,-1
265,10,1091.48,104.27,46.47,76.76,0.8627,-1,-1,-1
265,6,729.00,299.06,71.78,113.17,0.8856,-1,-1,-1
265,5,593.80,82.27,48.53,75.55,0.8927,-1,-1,-1
265,4,986.79,126.77,45.92,82.33,0.8931,-1,-1,-1
265,2,623.60,833.60,145.27,149.94,0.9407,-1,-1,-1
265,1,651.17,328.66,64.02,129.82,0.9408,-1,-1,-1
266,53,802.90,338.12,77.87,122.54,0.5924,-1,-1,-1
266,52,30.29,827.53,159.31,249.45,0.5145,-1,-1,-1
266,49,845.66,248.83,65.00,140.88,0.7404,-1,-1,-1
266,48,1192.56,50.12,45.27,66.26,0.5713,-1,-1,-1
266,46,192.08,834.27,168.76,193.20,0.5540,-1,-1,-1
266,41,414.84,573.68,119.61,174.44,0.5776,-1,-1,-1
266,40,1047.05,141.69,56.12,89.63,0.5031,-1,-1,-1
266,39,530.83,389.11,73.58,144.61,0.5812,-1,-1,-1
266,34,354.84,670.75,179.28,222.98,0.5488,-1,-1,-1
266,31,633.22,497.67,102.16,198.66,0.5290,-1,-1,-1
266,29,747.07,436.10,85.70,159.72,0.5282,-1,-1,-1
266,27,598.24,409.20,57.42,141.40,0.5080,-1,-1,-1
266,26,555.20,615.45,123.86,166.09,0.5472,-1,-1,-1
266,25,921.94,265.80,58.77,109.67,0.7887,-1,-1,-1
266,21,688.65,858.37,170.62,160.69,0.5588,-1,-1,-1
266,20,1534.96,53.08,33.38,38.33,0.7229,-1,-1,-1
266,19,1135.23,66.24,42.42,69.61,0.7368,-1,-1,-1
266,17,950.36,192.39,46.87,86.11,0.7676,-1,-1,-1
266,16,691.54,408.53,64.75,148.72,0.7994,-1,-1,-1
266,15,1237.25,33.19,36.52,62.92,0.8400,-1,-1,-1
266,12,630.31,408.35,90.11,185.39,0.8593,-1,-1,-1
266,11,929.32,217.20,54.84,88.43,0.8620,-1,-1,-1
266,10,1091.79,103.94,46.52,78.04,0.8627,-1,-1,-1
266,6,731.52,299.21,68.84,112.71,0.8856,-1,-1,-1
266,5,595.07,83.29,47.44,72.52,0.8927,-1,-1,-1
266,4,988.13,126.80,46.86,82.51,0.8931,-1,-1,-1
266,2,624.14,834.91,147.14,148.30,0.9407,-1,-1,-1
266,1,652.69,328.06,65.87,129.43,0.9408,-1,-1,-1
267,53,804.91,338.46,78.26,120.76,0.5924,-1,-1,-1
267,52,28.57,805.03,165.20,267.21,0.5145,-1,-1,-1
267,49,849.59,255.21,64.49,132.13,0.7404,-1,-1,-1
267,48,1194.48,50.03,45.02,65.94,0.5713,-1,-1,-1
267,46,194.53,829.09,170.24,198.60,0.5540,-1,-1,-1
267,41,416.96,570.13,120.40,177.53,0.5776,-1,-1,-1
267,40,1048.13,141.57,55.34,90.43,0.5031,-1,-1,-1
267,39,534.38,385.78,73.72,147.05,0.5812,-1,-1,-1
267,34,356.06,676.07,179.36,215.87,0.5488,-1,-1,-1
267,31,634.29,501.74,101.43,194.61,0.5290,-1,-1,-1
267,29,738.51,433.88,93.39,157.98,0.5282,-1,-1,-1
267,27,601.01,408.05,55.66,147.45,0.5080,-1,-1,-1
267,26,557.69,613.98,124.10,168.05,0.5472,-1,-1,-1
267,25,923.85,266.21,56.47,108.23,0.7887,-1,-1,-1
267,21,687.86,850.89,169.91,168.64,0.5588,-1,-1,-1
267,20,1535.14,52.84,33.23,37.81,0.7229,-1,-1,-1
267,19,1135.31,64.86,44.01,70.30,0.7368,-1,-1,-1
267,17,950.38,192.83,47.54,84.54,0.7676,-1,-1,-1
267,16,692.06,406.38,66.06,149.63,0.7994,-1,-1,-1
267,15,1237.35,31.62,37.49,63.39,0.8400,-1,-1,-1
267,12,615.62,410.36,109.17,175.85,0.8593,-1,-1,-1
267,11,931.35,212.69,56.08,90.92,0.8620,-1,-1,-1
267,10,1092.10,104.21,48.68,76.12,0.8627,-1,-1,-1
267,6,732.31,299.65,71.17,111.76,0.8856,-1,-1,-1
267,5,595.75,83.30,49.75,76.38,0.8927,-1,-1,-1
267,4,988.60,126.22,48.42,82.67,0.8931,-1,-1,-1
267,2,622.65,831.74,158.04,153.00,0.9407,-1,-1,-1
267,1,654.90,327.84,64.18,130.41,0.9408,-1,-1,-1
268,53,806.41,339.61,77.28,118.01,0.5924,-1,-1,-1
268,52,25.89,789.22,169.92,274.23,0.5145,-1,-1,-1
268,49,850.96,261.25,64.79,126.18,0.7404,-1,-1,-1
268,48,1196.01,50.69,44.55,65.34,0.5713,-1,-1,-1
268,46,197.45,824.99,168.94,202.87,0.5540,-1,-1,-1
268,41,420.64,570.47,116.97,177.01,0.5776,-1,-1,-1
268,40,1049.14,139.29,55.51,93.19,0.5031,-1,-1,-1
268,39,539.27,385.68,69.56,146.51,0.5812,-1,-1,-1
268,34,357.60,673.90,180.24,219.36,0.5488,-1,-1,-1
268,31,634.72,503.78,101.79,192.09,0.5290,-1,-1,-1
268,29,748.51,433.98,87.39,159.47,0.5282,-1,-1,-1
268,27,601.92,408.80,58.06,147.11,0.5080,-1,-1,-1
268,26,559.09,614.16,123.84,167.31,0.5472,-1,-1,-1
268,25,926.50,267.58,56.59,105.76,0.7887,-1,-1,-1
268,21,688.12,860.68,170.02,159.06,0.5588,-1,-1,-1
268,20,1535.64,53.43,34.15,36.99,0.7229,-1,-1,-1
268,19,1135.05,64.88,45.83,70.00,0.7368,-1,-1,-1
268,17,948.45,193.11,49.01,87.38,0.7676,-1,-1,-1
268,16,690.73,410.32,69.04,146.94,0.7994,-1,-1,-1
268,15,1237.38,32.01,38.05,62.46,0.8400,-1,-1,-1
268,12,636.23,408.17,90.72,184.71,0.8593,-1,-1,-1
268,10,1094.07,101.98,48.39,78.99,0.8627,-1,-1,-1
268,6,733.65,299.56,70.26,112.83,0.8856,-1,-1,-1
268,5,597.37,83.62,50.92,74.52,0.8927,-1,-1,-1
268,4,990.50,125.81,48.51,81.70,0.8931,-1,-1,-1
268,2,623.32,834.99,163.40,151.17,0.9407,-1,-1,-1
268,1,656.93,327.79,65.72,130.26,0.9408,-1,-1,-1
269,53,808.17,340.57,77.52,117.54,0.5924,-1,-1,-1
269,52,1.22,759.51,202.01,307.15,0.5145,-1,-1,-1
269,49,853.49,263.43,62.81,124.29,0.7404,-1,-1,-1
269,48,1195.71,51.11,45.31,64.98,0.5713,-1,-1,-1
269,46,199.56,822.59,167.88,206.16,0.5540,-1,-1,-1
269,41,424.40,570.15,120.09,175.18,0.5776,-1,-1,-1
269,40,1049.28,141.19,55.00,90.95,0.5031,-1,-1,-1
269,39,543.70,385.22,66.10,146.14,0.5812,-1,-1,-1
269,34,360.31,671.16,178.64,221.47,0.5488,-1,-1,-1
269,31,635.21,524.76,104.09,169.08,0.5290,-1,-1,-1
269,29,752.41,433.20,86.03,159.97,0.5282,-1,-1,-1
269,27,603.73,406.61,67.08,149.34,0.5080,-1,-1,-1
269,26,562.13,613.94,123.24,168.64,0.5472,-1,-1,-1
269,25,927.75,268.20,56.21,104.53,0.7887,-1,-1,-1
269,21,689.17,855.41,169.07,164.12,0.5588,-1,-1,-1
269,20,1535.55,52.68,33.11,37.36,0.7229,-1,-1,-1
269,19,1136.51,65.06,44.17,69.87,0.7368,-1,-1,-1
269,17,952.99,192.43,44.48,85.84,0.7676,-1,-1,-1
269,16,693.42,409.43,69.25,143.98,0.7994,-1,-1,-1
269,15,1237.51,32.04,38.10,62.34,0.8400,-1,-1,-1
269,12,603.98,404.59,116.05,189.40,0.8593,-1,-1,-1
269,10,1094.48,102.87,46.66,77.01,0.8627,-1,-1,-1
269,6,734.27,299.45,71.61,112.59,0.8856,-1,-1,-1
269,5,598.33,82.96,50.66,73.72,0.8927,-1,-1,-1
269,4,990.95,125.52,46.94,81.22,0.8931,-1,-1,-1
269,2,623.74,835.81,168.15,151.58,0.9407,-1,-1,-1
269,1,658.41,327.23,62.12,129.78,0.9408,-1,-1,-1
270,53,809.19,340.21,78.24,118.42,0.5924,-1,-1,-1
270,52,0.82,783.97,207.41,282.20,0.5145,-1,-1,-1
270,49,853.69,245.15,62.01,139.25,0.7404,-1,-1,-1
270,48,1198.26,50.78,43.16,64.61,0.5713,-1,-1,-1
270,46,202.67,821.00,166.19,207.70,0.5540,-1,-1,-1
270,41,428.17,569.69,116.50,176.77,0.5776,-1,-1,-1
270,40,1050.44,140.63,55.01,91.81,0.5031,-1,-1,-1
270,39,545.74,384.06,66.57,146.26,0.5812,-1,-1,-1
270,34,361.16,678.09,179.12,215.05,0.5488,-1,-1,-1
270,31,635.74,509.96,102.97,184.75,0.5290,-1,-1,-1
270,29,757.07,433.02,85.02,160.09,0.5282,-1,-1,-1
270,26,563.20,613.93,123.83,168.83,0.5472,-1,-1,-1
270,25,929.13,268.54,58.95,102.99,0.7887,-1,-1,-1
270,21,688.28,846.97,168.61,174.52,0.5588,-1,-1,-1
270,20,1536.43,54.05,33.63,36.14,0.7229,-1,-1,-1
270,19,1138.42,64.31,43.53,70.59,0.7368,-1,-1,-1
270,16,693.09,410.13,70.07,143.48,0.7994,-1,-1,-1
270,15,1238.31,31.18,36.79,63.22,0.8400,-1,-1,-1
270,12,606.18,403.35,114.31,185.09,0.8593,-1,-1,-1
270,10,1094.92,102.81,48.93,77.05,0.8627,-1,-1,-1
270,6,735.14,298.26,72.99,113.15,0.8856,-1,-1,-1
270,5,598.97,84.12,53.39,69.79,0.8927,-1,-1,-1
270,4,991.92,126.30,48.62,79.79,0.8931,-1,-1,-1
270,2,625.28,838.23,194.62,151.42,0.9407,-1,-1,-1
270,1,659.27,326.48,63.84,129.76,0.9408,-1,-1,-1
271,53,809.75,342.95,81.19,114.94,0.5924,-1,-1,-1
271,52,2.20,781.40,208.67,278.55,0.5145,-1,-1,-1
271,49,855.39,248.75,62.58,137.06,0.7404,-1,-1,-1
271,48,1198.40,51.56,44.39,63.34,0.5713,-1,-1,-1
271,46,206.54,817.09,163.40,213.32,0.5540,-1,-1,-1
271,41,433.38,568.94,116.82,176.01,0.5776,-1,-1,-1
271,40,1050.66,141.66,54.44,90.86,0.5031,-1,-1,-1
271,39,550.42,383.93,63.48,145.86,0.5812,-1,-1,-1
271,34,365.73,680.61,174.73,211.28,0.5488,-1,-1,-1
271,31,636.76,502.54,102.32,191.06,0.5290,-1,-1,-1
271,29,761.53,432.49,79.18,156.58,0.5282,-1,-1,-1
271,26,564.23,611.48,123.32,171.55,0.5472,-1,-1,-1
271,25,930.40,253.20,58.30,115.19,0.7887,-1,-1,-1
271,21,688.28,852.17,168.52,169.50,0.5588,-1,-1,-1
271,20,1536.12,53.20,34.19,37.16,0.7229,-1,-1,-1
271,19,1139.88,63.19,43.91,70.82,0.7368,-1,-1,-1
271,16,693.23,410.55,73.53,143.26,0.7994,-1,-1,-1
271,15,1238.03,31.25,36.36,62.92,0.8400,-1,-1,-1
271,12,639.54,404.66,86.12,186.53,0.8593,-1,-1,-1
271,10,1096.54,100.86,48.64,79.21,0.8627,-1,-1,-1
271,6,736.19,297.23,73.14,115.61,0.8856,-1,-1,-1
271,5,600.13,80.90,51.86,75.29,0.8927,-1,-1,-1
271,4,992.99,124.33,47.91,81.55,0.8931,-1,-1,-1
271,2,625.21,839.13,187.34,151.46,0.9407,-1,-1,-1
271,1,660.82,326.18,74.84,130.10,0.9408,-1,-1,-1
272,53,810.57,342.47,79.90,115.56,0.5924,-1,-1,-1
272,52,8.23,777.47,203.91,279.95,0.5145,-1,-1,-1
272,49,857.42,258.59,64.39,126.86,0.7404,-1,-1,-1
272,48,1199.32,50.34,43.63,64.35,0.5713,-1,-1,-1
272,46,208.41,816.41,162.12,214.52,0.5540,-1,-1,-1
272,41,434.63,569.11,116.81,175.15,0.5776,-1,-1,-1
272,40,1050.57,141.08,55.48,91.27,0.5031,-1,-1,-1
272,39,553.04,383.78,62.80,144.27,0.5812,-1,-1,-1
272,34,371.80,684.65,171.17,206.36,0.5488,-1,-1,-1
272,31,637.78,512.82,100.88,181.23,0.5290,-1,-1,-1
272,29,765.92,435.78,81.77,157.33,0.5282,-1,-1,-1
272,26,564.86,612.31,124.35,170.08,0.5472,-1,-1,-1
272,25,931.94,239.82,58.11,127.61,0.7887,-1,-1,-1
272,21,689.68,860.75,166.83,160.96,0.5588,-1,-1,-1
272,20,1536.32,53.54,34.72,37.10,0.7229,-1,-1,-1
272,19,1140.74,63.42,42.83,71.41,0.7368,-1,-1,-1
272,16,693.13,411.42,76.17,143.40,0.7994,-1,-1,-1
272,15,1239.60,30.80,35.29,63.07,0.8400,-1,-1,-1
272,12,607.49,402.89,112.11,178.28,0.8593,-1,-1,-1
272,10,1097.46,100.33,46.86,79.43,0.8627,-1,-1,-1
272,6,737.33,297.62,73.38,114.96,0.8856,-1,-1,-1
272,5,601.42,82.67,50.88,73.40,0.8927,-1,-1,-1
272,4,993.06,124.04,47.87,81.72,0.8931,-1,-1,-1
272,2,624.61,842.12,161.90,150.74,0.9407,-1,-1,-1
272,1,661.55,325.75,75.01,131.02,0.9408,-1,-1,-1
273,53,812.46,339.36,79.17,117.55,0.5924,-1,-1,-1
273,52,26.11,778.76,191.65,267.95,0.5145,-1,-1,-1
273,49,858.86,243.62,63.82,136.32,0.7404,-1,-1,-1
273,48,1200.65,50.13,42.94,64.67,0.5713,-1,-1,-1
273,46,210.22,814.18,163.15,216.92,0.5540,-1,-1,-1
273,41,439.37,570.03,115.89,173.28,0.5776,-1,-1,-1
273,40,1050.77,139.68,54.13,91.84,0.5031,-1,-1,-1
273,39,556.66,381.94,61.91,146.00,0.5812,-1,-1,-1
273,34,382.56,690.49,163.00,201.81,0.5488,-1,-1,-1
273,31,639.40,502.40,101.24,193.82,0.5290,-1,-1,-1
273,29,768.65,432.80,82.46,158.58,0.5282,-1,-1,-1
273,26,566.25,611.62,126.86,170.95,0.5472,-1,-1,-1
273,25,932.85,233.03,58.65,132.15,0.7887,-1,-1,-1
273,21,687.91,853.03,168.25,169.59,0.5588,-1,-1,-1
273,20,1536.75,53.97,32.98,36.01,0.7229,-1,-1,-1
273,19,1141.26,64.33,44.32,69.46,0.7368,-1,-1,-1
273,17,952.92,193.21,47.25,92.58,0.7676,-1,-1,-1
273,16,694.07,410.39,77.82,144.19,0.7994,-1,-1,-1
273,15,1239.30,30.49,35.61,62.98,0.8400,-1,-1,-1
273,12,610.98,402.54,110.04,179.02,0.8593,-1,-1,-1
273,10,1099.29,102.20,45.65,77.15,0.8627,-1,-1,-1
273,6,739.13,298.38,72.39,114.36,0.8856,-1,-1,-1
273,5,601.60,80.96,51.87,74.22,0.8927,-1,-1,-1
273,4,994.52,124.25,47.49,79.12,0.8931,-1,-1,-1
273,2,624.32,843.34,189.76,150.62,0.9407,-1,-1,-1
273,1,662.63,326.06,70.61,130.28,0.9408,-1,-1,-1
274,53,814.18,336.29,79.21,119.68,0.5924,-1,-1,-1
274,52,50.54,786.23,170.37,277.12,0.5145,-1,-1,-1
274,49,860.74,265.49,62.38,117.07,0.7404,-1,-1,-1
274,48,1202.33,49.85,43.26,64.31,0.5713,-1,-1,-1
274,46,210.56,814.19,163.08,216.49,0.5540,-1,-1,-1
274,41,442.16,569.00,112.56,173.24,0.5776,-1,-1,-1
274,40,1051.87,139.78,52.85,90.81,0.5031,-1,-1,-1
274,39,559.03,381.37,62.97,144.95,0.5812,-1,-1,-1
274,34,376.47,694.82,141.86,173.89,0.5488,-1,-1,-1
274,31,640.48,513.51,99.07,181.44,0.5290,-1,-1,-1
274,29,768.66,430.41,84.22,158.69,0.5282,-1,-1,-1
274,26,566.33,612.00,126.34,170.47,0.5472,-1,-1,-1
274,25,934.36,227.91,57.96,135.89,0.7887,-1,-1,-1
274,21,687.37,850.66,168.02,172.40,0.5588,-1,-1,-1
274,20,1536.93,53.64,32.95,35.52,0.7229,-1,-1,-1
274,19,1141.77,63.36,44.65,70.90,0.7368,-1,-1,-1
274,17,956.71,193.26,45.25,89.03,0.7676,-1,-1,-1
274,16,694.02,407.05,83.03,146.21,0.7994,-1,-1,-1
274,15,1239.96,30.29,35.24,63.24,0.8400,-1,-1,-1
274,12,611.96,400.66,111.89,178.74,0.8593,-1,-1,-1
274,10,1100.78,101.72,46.23,77.46,0.8627,-1,-1,-1
274,6,740.27,297.97,70.45,114.41,0.8856,-1,-1,-1
274,5,603.30,81.26,52.05,73.20,0.8927,-1,-1,-1
274,4,995.56,123.84,48.83,79.43,0.8931,-1,-1,-1
274,2,623.39,842.26,193.75,152.59,0.9407,-1,-1,-1
274,1,664.46,324.84,71.33,130.17,0.9408,-1,-1,-1
275,53,816.43,338.23,78.13,118.61,0.5924,-1,-1,-1
275,52,44.89,777.94,174.28,260.65,0.5145,-1,-1,-1
275,49,862.96,270.75,64.89,110.48,0.7404,-1,-1,-1
275,48,1203.32,51.24,43.72,63.26,0.5713,-1,-1,-1
275,46,211.30,810.62,164.05,220.55,0.5540,-1,-1,-1
275,41,445.70,568.56,112.13,173.49,0.5776,-1,-1,-1
275,40,1052.82,138.27,50.89,91.45,0.5031,-1,-1,-1
275,39,563.04,380.54,61.29,140.34,0.5812,-1,-1,-1
275,34,397.73,694.72,150.01,198.03,0.5488,-1,-1,-1
275,31,641.05,510.82,99.36,183.78,0.5290,-1,-1,-1
275,29,771.68,428.69,84.24,159.29,0.5282,-1,-1,-1
275,26,568.42,611.66,125.30,169.82,0.5472,-1,-1,-1
275,25,935.50,227.38,59.57,132.18,0.7887,-1,-1,-1
275,21,689.21,853.46,167.75,169.18,0.5588,-1,-1,-1
275,20,1535.86,53.48,33.61,35.64,0.7229,-1,-1,-1
275,19,1143.24,62.85,42.95,71.45,0.7368,-1,-1,-1
275,17,955.98,192.87,46.55,90.61,0.7676,-1,-1,-1
275,16,695.96,407.89,79.40,143.92,0.7994,-1,-1,-1
275,15,1239.99,30.03,35.25,63.67,0.8400,-1,-1,-1
275,12,614.62,399.55,111.75,173.83,0.8593,-1,-1,-1
275,10,1101.51,100.51,45.40,78.55,0.8627,-1,-1,-1
275,6,743.31,298.30,70.55,111.45,0.8856,-1,-1,-1
275,5,604.60,81.23,52.04,70.11,0.8927,-1,-1,-1
275,4,996.19,123.34,48.92,80.44,0.8931,-1,-1,-1
275,2,623.99,842.35,185.61,153.31,0.9407,-1,-1,-1
275,1,666.51,324.58,76.28,127.23,0.9408,-1,-1,-1
276,56,41.29,762.87,145.09,181.38,0.6430,-1,-1,-1
276,53,816.53,340.64,80.15,117.05,0.5924,-1,-1,-1
276,52,49.62,783.97,168.84,254.26,0.5145,-1,-1,-1
276,49,864.80,255.88,64.25,124.98,0.7404,-1,-1,-1
276,48,1203.92,50.81,43.99,63.59,0.5713,-1,-1,-1
276,46,211.38,810.71,165.19,220.79,0.5540,-1,-1,-1
276,41,448.66,567.47,113.79,174.38,0.5776,-1,-1,-1
276,40,1053.30,137.08,50.83,92.21,0.5031,-1,-1,-1
276,39,564.84,380.06,60.56,141.31,0.5812,-1,-1,-1
276,34,384.85,692.59,163.12,200.44,0.5488,-1,-1,-1
276,31,642.12,503.05,99.10,193.16,0.5290,-1,-1,-1
276,29,773.55,427.66,83.49,157.67,0.5282,-1,-1,-1
276,26,568.79,611.72,125.10,170.12,0.5472,-1,-1,-1
276,25,937.06,232.93,59.87,127.57,0.7887,-1,-1,-1
276,21,623.46,841.03,186.30,155.21,0.5588,-1,-1,-1
276,20,1537.13,53.47,32.87,35.44,0.7229,-1,-1,-1
276,19,1143.36,63.31,44.51,71.07,0.7368,-1,-1,-1
276,17,956.95,191.61,48.49,97.46,0.7676,-1,-1,-1
276,16,696.49,408.63,83.81,144.47,0.7994,-1,-1,-1
276,15,1239.89,29.95,35.87,63.27,0.8400,-1,-1,-1
276,12,616.57,399.46,109.63,171.60,0.8593,-1,-1,-1
276,10,1103.38,99.57,45.01,78.88,0.8627,-1,-1,-1
276,6,744.70,298.19,70.42,111.12,0.8856,-1,-1,-1
276,5,606.25,80.87,51.45,69.09,0.8927,-1,-1,-1
276,4,995.55,123.12,50.27,80.16,0.8931,-1,-1,-1
276,2,689.50,870.18,166.97,155.27,0.9407,-1,-1,-1
276,1,667.98,325.19,75.55,129.21,0.9408,-1,-1,-1
277,56,55.02,759.79,143.14,147.75,0.6430,-1,-1,-1
277,53,816.47,342.05,80.75,116.30,0.5924,-1,-1,-1
277,52,54.49,757.36,166.85,274.64,0.5145,-1,-1,-1
277,49,868.67,276.14,58.77,103.92,0.7404,-1,-1,-1
277,48,1204.71,50.13,42.31,63.48,0.5713,-1,-1,-1
277,46,213.07,809.50,163.71,221.84,0.5540,-1,-1,-1
277,41,451.11,567.72,115.54,175.30,0.5776,-1,-1,-1
277,40,1053.08,136.26,49.46,92.18,0.5031,-1,-1,-1
277,39,567.13,379.35,58.43,139.74,0.5812,-1,-1,-1
277,34,394.58,692.02,155.11,203.63,0.5488,-1,-1,-1
277,31,642.06,501.61,100.96,193.15,0.5290,-1,-1,-1
277,29,775.33,424.79,82.76,159.68,0.5282,-1,-1,-1
277,26,570.27,612.55,126.81,168.73,0.5472,-1,-1,-1
277,25,939.07,232.09,59.75,127.06,0.7887,-1,-1,-1
277,21,623.96,844.71,184.05,151.58,0.5588,-1,-1,-1
277,20,1537.28,52.29,32.05,36.05,0.7229,-1,-1,-1
277,19,1144.37,62.54,44.57,71.22,0.7368,-1,-1,-1
277,17,958.63,191.55,45.96,93.62,0.7676,-1,-1,-1
277,16,697.50,408.61,81.70,144.25,0.7994,-1,-1,-1
277,15,1240.10,30.91,37.07,61.98,0.8400,-1,-1,-1
277,12,617.14,398.59,105.29,166.23,0.8593,-1,-1,-1
277,10,1103.90,99.63,46.39,77.85,0.8627,-1,-1,-1
277,6,747.04,297.65,69.59,111.48,0.8856,-1,-1,-1
277,5,608.57,80.58,51.10,69.07,0.8927,-1,-1,-1
277,4,996.45,123.20,49.57,79.52,0.8931,-1,-1,-1
277,2,693.07,865.06,164.20,159.95,0.9407,-1,-1,-1
277,1,670.53,324.21,72.05,129.87,0.9408,-1,-1,-1
278,56,61.07,757.21,142.01,145.91,0.6430,-1,-1,-1
278,53,819.24,344.35,78.54,114.47,0.5924,-1,-1,-1
278,52,59.82,756.69,165.49,275.64,0.5145,-1,-1,-1
278,48,1205.72,50.53,41.86,63.10,0.5713,-1,-1,-1
278,46,212.75,808.54,165.64,223.44,0.5540,-1,-1,-1
278,41,453.45,567.35,115.50,175.79,0.5776,-1,-1,-1
278,40,1053.33,136.72,49.22,92.03,0.5031,-1,-1,-1
278,39,569.31,378.11,58.05,142.60,0.5812,-1,-1,-1
278,34,390.38,689.89,163.31,206.73,0.5488,-1,-1,-1
278,31,644.28,494.05,101.68,200.12,0.5290,-1,-1,-1
278,29,776.89,423.19,81.48,159.22,0.5282,-1,-1,-1
278,26,571.32,612.72,127.23,169.19,0.5472,-1,-1,-1
278,25,939.79,236.68,59.11,122.43,0.7887,-1,-1,-1
278,21,624.90,843.86,170.61,152.18,0.5588,-1,-1,-1
278,20,1537.15,51.52,33.88,37.11,0.7229,-1,-1,-1
278,19,1144.62,61.93,44.69,71.91,0.7368,-1,-1,-1
278,17,957.24,191.53,48.41,95.12,0.7676,-1,-1,-1
278,16,698.04,404.98,82.10,147.70,0.7994,-1,-1,-1
278,15,1241.59,30.73,36.42,61.81,0.8400,-1,-1,-1
278,12,618.20,397.97,106.21,170.10,0.8593,-1,-1,-1
278,10,1103.85,99.53,46.51,77.80,0.8627,-1,-1,-1
278,6,748.03,297.14,69.44,113.06,0.8856,-1,-1,-1
278,5,609.53,79.91,50.86,69.06,0.8927,-1,-1,-1
278,4,997.68,121.64,48.26,80.08,0.8931,-1,-1,-1
278,2,694.24,866.03,163.25,160.17,0.9407,-1,-1,-1
278,1,672.21,323.38,67.26,130.73,0.9408,-1,-1,-1
279,56,69.53,753.67,139.14,147.46,0.6430,-1,-1,-1
279,53,821.62,342.60,76.88,116.43,0.5924,-1,-1,-1
279,52,66.33,753.82,161.88,271.77,0.5145,-1,-1,-1
279,48,1205.91,50.11,43.05,62.51,0.5713,-1,-1,-1
279,46,212.77,807.15,167.76,225.82,0.5540,-1,-1,-1
279,41,456.24,566.18,117.28,178.01,0.5776,-1,-1,-1
279,40,1054.74,135.71,49.04,91.82,0.5031,-1,-1,-1
279,39,575.32,377.70,54.24,141.29,0.5812,-1,-1,-1
279,34,387.35,689.33,164.96,208.38,0.5488,-1,-1,-1
279,31,643.97,492.79,102.39,200.32,0.5290,-1,-1,-1
279,29,779.12,421.82,80.58,158.49,0.5282,-1,-1,-1
279,26,572.80,613.04,127.14,169.90,0.5472,-1,-1,-1
279,25,940.37,220.17,61.91,136.36,0.7887,-1,-1,-1
279,21,624.41,844.41,178.14,152.19,0.5588,-1,-1,-1
279,20,1537.35,51.46,33.88,37.23,0.7229,-1,-1,-1
279,19,1146.02,62.81,43.12,71.07,0.7368,-1,-1,-1
279,17,958.02,190.02,52.18,95.30,0.7676,-1,-1,-1
279,16,697.13,404.79,84.84,145.77,0.7994,-1,-1,-1
279,15,1242.18,30.11,37.07,62.98,0.8400,-1,-1,-1
279,14,869.48,241.16,66.30,127.80,0.8428,-1,-1,-1
279,10,1105.36,99.85,46.99,77.08,0.8627,-1,-1,-1
279,6,750.05,296.95,69.13,111.69,0.8856,-1,-1,-1
279,5,611.35,78.25,51.31,69.99,0.8927,-1,-1,-1
279,4,999.59,121.59,48.27,78.40,0.8931,-1,-1,-1
279,2,690.12,859.94,166.87,168.18,0.9407,-1,-1,-1
279,1,673.89,322.46,70.70,132.12,0.9408,-1,-1,-1
280,56,76.97,751.23,141.97,153.12,0.6430,-1,-1,-1
280,53,822.17,340.06,77.06,117.45,0.5924,-1,-1,-1
280,52,70.71,752.04,153.32,235.24,0.5145,-1,-1,-1
280,48,1205.74,49.75,42.88,63.03,0.5713,-1,-1,-1
280,46,213.77,805.40,168.33,227.09,0.5540,-1,-1,-1
280,41,458.17,565.39,116.03,177.08,0.5776,-1,-1,-1
280,40,1055.47,135.14,48.26,93.09,0.5031,-1,-1,-1
280,39,577.01,377.12,53.63,141.11,0.5812,-1,-1,-1
280,34,389.66,689.64,164.79,208.36,0.5488,-1,-1,-1
280,31,644.97,486.94,100.66,204.05,0.5290,-1,-1,-1
280,29,780.14,420.92,79.60,159.61,0.5282,-1,-1,-1
280,26,574.11,613.85,126.91,168.71,0.5472,-1,-1,-1
280,25,942.49,222.71,61.23,133.11,0.7887,-1,-1,-1
280,21,625.03,843.65,180.50,154.07,0.5588,-1,-1,-1
280,20,1537.97,51.63,33.34,37.00,0.7229,-1,-1,-1
280,19,1147.03,62.24,42.36,72.09,0.7368,-1,-1,-1
280,17,957.56,189.80,52.61,96.19,0.7676,-1,-1,-1
280,16,696.45,400.43,86.21,151.55,0.7994,-1,-1,-1
280,15,1242.97,30.19,36.40,62.97,0.8400,-1,-1,-1
280,14,872.73,241.70,66.69,131.17,0.8428,-1,-1,-1
280,10,1106.33,99.26,46.38,78.79,0.8627,-1,-1,-1
280,6,750.92,296.99,68.01,111.34,0.8856,-1,-1,-1
280,5,613.09,78.61,49.48,69.85,0.8927,-1,-1,-1
280,4,999.97,119.44,48.13,80.39,0.8931,-1,-1,-1
280,2,689.66,850.51,167.15,178.57,0.9407,-1,-1,-1
280,1,674.82,321.86,65.42,133.05,0.9408,-1,-1,-1
281,56,85.49,748.34,138.88,152.32,0.6430,-1,-1,-1
281,53,823.05,340.45,78.41,115.92,0.5924,-1,-1,-1
281,52,78.65,749.36,153.78,271.03,0.5145,-1,-1,-1
281,48,1205.96,48.76,42.77,64.07,0.5713,-1,-1,-1
281,46,216.62,803.92,167.76,228.10,0.5540,-1,-1,-1
281,41,460.49,565.48,115.95,176.72,0.5776,-1,-1,-1
281,40,1055.46,134.93,48.60,93.35,0.5031,-1,-1,-1
281,39,582.30,376.48,49.84,137.81,0.5812,-1,-1,-1
281,34,390.14,687.84,164.47,213.43,0.5488,-1,-1,-1
281,31,647.89,489.52,102.21,200.84,0.5290,-1,-1,-1
281,29,780.97,419.94,82.04,158.93,0.5282,-1,-1,-1
281,26,575.15,612.02,126.20,169.97,0.5472,-1,-1,-1
281,25,944.76,223.71,59.32,130.12,0.7887,-1,-1,-1
281,21,623.21,846.91,171.55,150.79,0.5588,-1,-1,-1
281,20,1537.64,52.04,33.16,36.21,0.7229,-1,-1,-1
281,19,1149.08,62.22,41.01,71.92,0.7368,-1,-1,-1
281,17,957.31,188.77,53.11,95.47,0.7676,-1,-1,-1
281,16,698.78,398.09,85.40,152.37,0.7994,-1,-1,-1
281,15,1243.62,28.68,35.67,63.19,0.8400,-1,-1,-1
281,14,873.30,242.38,68.34,132.98,0.8428,-1,-1,-1
281,10,1107.59,99.12,45.62,76.78,0.8627,-1,-1,-1
281,6,752.08,296.55,68.02,110.82,0.8856,-1,-1,-1
281,5,616.08,77.13,49.68,71.79,0.8927,-1,-1,-1
281,4,1001.58,117.31,47.52,84.76,0.8931,-1,-1,-1
281,2,691.37,858.39,165.57,170.73,0.9407,-1,-1,-1
281,1,675.50,320.92,74.79,124.97,0.9408,-1,-1,-1
282,56,89.29,745.90,139.94,154.93,0.6430,-1,-1,-1
282,53,822.66,339.37,78.93,116.78,0.5924,-1,-1,-1
282,52,87.01,749.62,148.59,272.63,0.5145,-1,-1,-1
282,48,1207.14,48.25,42.07,63.65,0.5713,-1,-1,-1
282,46,217.94,803.90,169.68,227.20,0.5540,-1,-1,-1
282,41,463.42,565.58,115.73,177.02,0.5776,-1,-1,-1
282,40,1055.74,135.08,49.35,93.70,0.5031,-1,-1,-1
282,39,583.58,376.95,49.24,138.65,0.5812,-1,-1,-1
282,34,393.94,686.53,160.81,214.22,0.5488,-1,-1,-1
282,31,648.23,473.00,102.57,215.75,0.5290,-1,-1,-1
282,29,782.47,418.94,80.69,159.03,0.5282,-1,-1,-1
282,26,576.50,610.93,125.43,170.96,0.5472,-1,-1,-1
282,25,943.24,213.73,64.45,139.56,0.7887,-1,-1,-1
282,21,624.35,847.77,168.27,151.22,0.5588,-1,-1,-1
282,20,1537.02,51.55,34.61,36.27,0.7229,-1,-1,-1
282,19,1150.82,62.84,40.37,69.48,0.7368,-1,-1,-1
282,17,965.28,188.93,47.59,91.76,0.7676,-1,-1,-1
282,16,697.92,395.70,87.12,152.41,0.7994,-1,-1,-1
282,15,1243.73,29.13,35.89,62.51,0.8400,-1,-1,-1
282,14,875.98,241.89,70.52,131.51,0.8428,-1,-1,-1
282,10,1109.96,100.24,46.13,73.82,0.8627,-1,-1,-1
282,6,754.66,296.20,66.44,111.66,0.8856,-1,-1,-1
282,5,618.31,76.61,48.78,70.54,0.8927,-1,-1,-1
282,4,1002.10,117.70,47.70,83.40,0.8931,-1,-1,-1
282,2,690.37,854.82,166.59,175.29,0.9407,-1,-1,-1
282,1,676.38,320.95,75.66,126.45,0.9408,-1,-1,-1
283,56,95.84,742.39,133.33,154.71,0.6430,-1,-1,-1
283,53,825.49,338.11,78.98,116.96,0.5924,-1,-1,-1
283,52,100.95,756.06,135.95,264.80,0.5145,-1,-1,-1
283,48,1208.40,47.61,41.52,64.66,0.5713,-1,-1,-1
283,46,220.11,801.17,169.15,227.94,0.5540,-1,-1,-1
283,41,466.49,565.11,117.95,176.12,0.5776,-1,-1,-1
283,40,1055.82,134.71,49.57,93.22,0.5031,-1,-1,-1
283,39,588.54,377.40,46.08,136.50,0.5812,-1,-1,-1
283,34,395.93,687.56,159.95,212.81,0.5488,-1,-1,-1
283,31,652.07,475.03,99.62,212.23,0.5290,-1,-1,-1
283,29,783.60,416.78,80.73,160.42,0.5282,-1,-1,-1
283,26,578.47,609.53,123.16,171.42,0.5472,-1,-1,-1
283,25,944.70,216.49,63.46,134.67,0.7887,-1,-1,-1
283,21,624.11,847.19,160.14,151.33,0.5588,-1,-1,-1
283,20,1536.80,51.65,35.11,35.67,0.7229,-1,-1,-1
283,19,1151.18,62.91,40.99,69.01,0.7368,-1,-1,-1
283,17,964.64,189.13,48.85,85.84,0.7676,-1,-1,-1
283,16,695.80,348.72,90.08,195.78,0.7994,-1,-1,-1
283,15,1244.75,27.93,34.98,63.27,0.8400,-1,-1,-1
283,14,876.32,241.75,71.28,129.15,0.8428,-1,-1,-1
283,10,1110.97,97.55,45.76,76.92,0.8627,-1,-1,-1
283,6,755.69,294.89,65.96,110.03,0.8856,-1,-1,-1
283,5,620.43,75.51,49.53,72.94,0.8927,-1,-1,-1
283,4,1003.78,118.91,47.51,81.80,0.8931,-1,-1,-1
283,2,688.10,854.10,168.79,178.01,0.9407,-1,-1,-1
283,1,678.05,320.16,75.81,123.27,0.9408,-1,-1,-1
284,56,102.97,738.87,135.50,151.01,0.6430,-1,-1,-1
284,53,826.05,339.83,77.95,114.81,0.5924,-1,-1,-1
284,52,101.92,751.69,139.10,266.96,0.5145,-1,-1,-1
284,48,1209.68,47.30,40.39,64.63,0.5713,-1,-1,-1
284,46,223.97,798.47,165.64,229.90,0.5540,-1,-1,-1
284,41,469.35,565.14,117.00,175.72,0.5776,-1,-1,-1
284,40,1056.55,135.17,48.66,92.53,0.5031,-1,-1,-1
284,39,590.60,376.25,45.09,138.74,0.5812,-1,-1,-1
284,34,399.09,688.81,158.64,213.37,0.5488,-1,-1,-1
284,31,653.19,480.28,103.35,205.82,0.5290,-1,-1,-1
284,29,785.33,418.24,79.65,156.28,0.5282,-1,-1,-1
284,27,628.76,391.21,99.04,174.81,0.5080,-1,-1,-1
284,26,579.05,609.26,124.23,171.26,0.5472,-1,-1,-1
284,25,944.35,208.87,64.20,142.89,0.7887,-1,-1,-1
284,21,624.20,847.68,175.37,152.78,0.5588,-1,-1,-1
284,20,1537.04,51.28,34.47,35.51,0.7229,-1,-1,-1
284,19,1152.46,63.73,40.71,69.09,0.7368,-1,-1,-1
284,17,967.71,190.26,46.12,86.92,0.7676,-1,-1,-1
284,16,694.39,376.50,89.91,166.00,0.7994,-1,-1,-1
284,15,1245.50,27.17,34.87,63.43,0.8400,-1,-1,-1
284,14,880.47,241.40,67.99,125.58,0.8428,-1,-1,-1
284,10,1111.13,97.67,47.50,76.05,0.8627,-1,-1,-1
284,6,757.71,295.33,66.88,109.69,0.8856,-1,-1,-1
284,5,622.32,73.93,48.92,73.78,0.8927,-1,-1,-1
284,4,1005.67,117.53,47.82,81.78,0.8931,-1,-1,-1
284,2,687.25,852.25,169.61,179.91,0.9407,-1,-1,-1
284,1,678.83,319.54,73.96,127.31,0.9408,-1,-1,-1
285,57,77.44,969.84,79.83,109.43,0.5572,-1,-1,-1
285,56,111.72,734.93,132.50,147.90,0.6430,-1,-1,-1
285,53,829.11,341.87,75.88,113.08,0.5924,-1,-1,-1
285,52,108.28,736.68,138.69,282.10,0.5145,-1,-1,-1
285,48,1211.34,46.19,39.74,65.96,0.5713,-1,-1,-1
285,46,227.11,796.38,164.36,231.22,0.5540,-1,-1,-1
285,41,472.22,564.58,117.49,174.75,0.5776,-1,-1,-1
285,40,1056.63,133.28,49.15,94.95,0.5031,-1,-1,-1
285,39,594.50,376.27,43.18,136.66,0.5812,-1,-1,-1
285,34,400.39,687.37,157.50,213.97,0.5488,-1,-1,-1
285,31,650.65,471.78,108.28,213.03,0.5290,-1,-1,-1
285,29,788.16,414.86,78.52,157.98,0.5282,-1,-1,-1
285,26,581.54,606.77,122.46,173.22,0.5472,-1,-1,-1
285,25,945.38,207.60,65.15,141.24,0.7887,-1,-1,-1
285,21,623.45,848.61,157.99,153.92,0.5588,-1,-1,-1
285,20,1537.06,51.45,34.60,35.30,0.7229,-1,-1,-1
285,19,1154.47,61.92,39.99,70.30,0.7368,-1,-1,-1
285,17,962.81,187.03,50.31,88.65,0.7676,-1,-1,-1
285,16,705.42,392.78,81.08,147.98,0.7994,-1,-1,-1
285,15,1246.83,28.57,35.44,62.71,0.8400,-1,-1,-1
285,14,880.72,242.48,68.81,131.43,0.8428,-1,-1,-1
285,10,1112.68,96.42,47.24,77.75,0.8627,-1,-1,-1
285,6,758.72,292.79,67.28,111.28,0.8856,-1,-1,-1
285,5,625.77,73.41,47.86,74.61,0.8927,-1,-1,-1
285,4,1007.77,116.70,46.14,81.97,0.8931,-1,-1,-1
285,2,689.50,873.55,166.39,159.31,0.9407,-1,-1,-1
285,1,681.62,318.41,71.31,126.92,0.9408,-1,-1,-1
286,56,128.38,731.57,120.75,150.62,0.6430,-1,-1,-1
286,53,829.89,342.28,76.03,113.01,0.5924,-1,-1,-1
286,52,114.33,735.85,130.10,237.55,0.5145,-1,-1,-1
286,48,1211.10,45.82,38.80,66.08,0.5713,-1,-1,-1
286,46,228.56,793.80,163.76,234.04,0.5540,-1,-1,-1
286,41,474.56,564.24,115.80,174.46,0.5776,-1,-1,-1
286,40,1056.96,133.09,48.44,95.20,0.5031,-1,-1,-1
286,39,596.34,376.60,42.25,135.61,0.5812,-1,-1,-1
286,34,402.37,686.87,157.30,215.59,0.5488,-1,-1,-1
286,31,648.67,470.55,111.58,214.54,0.5290,-1,-1,-1
286,29,789.77,415.74,77.13,154.02,0.5282,-1,-1,-1
286,26,582.75,604.94,118.87,174.90,0.5472,-1,-1,-1
286,25,945.90,208.19,66.53,140.21,0.7887,-1,-1,-1
286,21,622.27,844.11,124.87,160.28,0.5588,-1,-1,-1
286,20,1535.99,51.45,35.75,34.83,0.7229,-1,-1,-1
286,19,1153.58,62.95,41.94,69.06,0.7368,-1,-1,-1
286,16,704.54,392.54,84.45,148.48,0.7994,-1,-1,-1
286,15,1247.24,28.50,34.84,62.48,0.8400,-1,-1,-1
286,14,889.21,241.61,59.10,103.24,0.8428,-1,-1,-1
286,10,1113.93,96.55,45.46,76.89,0.8627,-1,-1,-1
286,6,760.15,293.61,66.69,111.19,0.8856,-1,-1,-1
286,5,626.74,70.77,47.81,75.95,0.8927,-1,-1,-1
286,4,1007.92,116.41,48.30,81.51,0.8931,-1,-1,-1
286,2,685.70,857.37,170.48,176.78,0.9407,-1,-1,-1
286,1,683.29,317.68,72.56,127.05,0.9408,-1,-1,-1
287,58,647.19,458.01,90.66,149.31,0.6177,-1,-1,-1
287,56,125.15,728.54,121.99,160.39,0.6430,-1,-1,-1
287,53,825.80,338.67,80.68,116.54,0.5924,-1,-1,-1
287,52,127.56,744.59,121.52,269.20,0.5145,-1,-1,-1
287,48,1210.41,45.86,40.07,66.73,0.5713,-1,-1,-1
287,46,232.07,792.48,162.64,232.88,0.5540,-1,-1,-1
287,41,480.96,564.58,113.45,175.22,0.5776,-1,-1,-1
287,40,1057.50,133.95,49.86,94.31,0.5031,-1,-1,-1
287,34,402.58,687.31,158.48,216.11,0.5488,-1,-1,-1
287,31,652.47,468.20,110.00,217.81,0.5290,-1,-1,-1
287,29,791.12,412.20,74.45,152.71,0.5282,-1,-1,-1
287,26,583.68,603.47,118.04,176.91,0.5472,-1,-1,-1
287,25,947.08,210.67,66.76,136.95,0.7887,-1,-1,-1
287,21,620.85,850.29,160.72,155.58,0.5588,-1,-1,-1
287,20,1536.69,51.30,35.63,35.23,0.7229,-1,-1,-1
287,19,1154.91,62.80,41.01,68.90,0.7368,-1,-1,-1
287,16,706.77,390.33,83.12,150.05,0.7994,-1,-1,-1
287,15,1247.25,28.95,35.20,61.93,0.8400,-1,-1,-1
287,14,892.87,240.22,57.68,104.72,0.8428,-1,-1,-1
287,12,600.39,376.35,116.77,162.53,0.8593,-1,-1,-1
287,10,1115.38,96.87,44.92,78.07,0.8627,-1,-1,-1
287,6,760.86,292.85,69.94,111.00,0.8856,-1,-1,-1
287,5,631.90,69.38,44.70,73.76,0.8927,-1,-1,-1
287,4,1010.68,116.10,46.77,81.47,0.8931,-1,-1,-1
287,2,688.45,869.28,167.51,165.69,0.9407,-1,-1,-1
287,1,685.54,317.95,70.15,127.89,0.9408,-1,-1,-1
288,58,649.56,455.14,91.37,151.46,0.6177,-1,-1,-1
288,56,132.34,724.19,119.38,155.64,0.6430,-1,-1,-1
288,53,831.34,342.16,75.22,111.73,0.5924,-1,-1,-1
288,52,131.42,733.44,122.56,279.13,0.5145,-1,-1,-1
288,49,883.41,245.64,68.97,128.66,0.7404,-1,-1,-1
288,48,1211.37,45.71,40.53,68.22,0.5713,-1,-1,-1
288,46,234.69,792.37,163.84,231.54,0.5540,-1,-1,-1
288,41,483.35,564.26,114.16,176.46,0.5776,-1,-1,-1
288,40,1057.67,134.31,51.73,94.21,0.5031,-1,-1,-1
288,34,405.53,689.62,156.28,214.05,0.5488,-1,-1,-1
288,31,652.88,475.47,109.56,209.65,0.5290,-1,-1,-1
288,29,792.79,408.97,70.81,137.90,0.5282,-1,-1,-1
288,26,584.74,604.19,119.30,174.51,0.5472,-1,-1,-1
288,25,947.97,207.44,68.85,138.19,0.7887,-1,-1,-1
288,21,620.42,851.09,169.73,154.96,0.5588,-1,-1,-1
288,20,1535.92,49.80,35.66,36.84,0.7229,-1,-1,-1
288,19,1156.11,62.09,41.16,70.23,0.7368,-1,-1,-1
288,16,704.41,382.20,87.37,157.19,0.7994,-1,-1,-1
288,15,1247.65,28.49,34.57,62.15,0.8400,-1,-1,-1
288,12,603.34,376.62,82.04,162.97,0.8593,-1,-1,-1
288,10,1116.18,96.52,47.14,77.46,0.8627,-1,-1,-1
288,6,762.74,292.06,70.60,112.53,0.8856,-1,-1,-1
288,5,634.60,69.18,43.97,72.62,0.8927,-1,-1,-1
288,4,1011.87,116.10,45.16,81.80,0.8931,-1,-1,-1
288,2,688.68,864.88,167.26,173.74,0.9407,-1,-1,-1
288,1,688.63,317.56,68.13,127.43,0.9408,-1,-1,-1
289,57,95.97,967.24,79.01,111.41,0.5572,-1,-1,-1
289,56,136.54,718.89,117.09,186.80,0.6430,-1,-1,-1
289,54,0.22,875.19,68.86,203.90,0.5283,-1,-1,-1
289,53,828.88,337.53,79.54,116.55,0.5924,-1,-1,-1
289,52,147.62,741.67,108.68,266.72,0.5145,-1,-1,-1
289,49,884.71,253.66,67.91,119.23,0.7404,-1,-1,-1
289,48,1212.22,44.97,41.23,67.71,0.5713,-1,-1,-1
289,46,237.26,792.56,163.11,231.79,0.5540,-1,-1,-1
289,41,486.89,564.39,114.04,175.54,0.5776,-1,-1,-1
289,40,1057.88,133.96,51.11,95.13,0.5031,-1,-1,-1
289,34,405.41,685.95,158.48,216.37,0.5488,-1,-1,-1
289,31,654.86,466.76,110.11,218.74,0.5290,-1,-1,-1
289,29,794.23,411.62,76.81,154.92,0.5282,-1,-1,-1
289,26,584.97,604.60,121.58,175.26,0.5472,-1,-1,-1
289,25,949.98,207.80,69.78,137.04,0.7887,-1,-1,-1
289,21,622.23,849.27,158.28,158.58,0.5588,-1,-1,-1
289,20,1536.56,49.55,36.14,37.51,0.7229,-1,-1,-1
289,19,1156.35,62.78,42.18,69.24,0.7368,-1,-1,-1
289,16,707.21,384.73,83.62,154.30,0.7994,-1,-1,-1
289,15,1247.98,27.61,35.25,63.05,0.8400,-1,-1,-1
289,12,606.87,376.22,102.49,156.26,0.8593,-1,-1,-1
289,10,1116.78,93.63,48.61,80.34,0.8627,-1,-1,-1
289,6,765.66,292.23,67.92,108.91,0.8856,-1,-1,-1
289,5,637.57,67.98,42.28,73.90,0.8927,-1,-1,-1
289,4,1015.21,114.43,44.08,83.87,0.8931,-1,-1,-1
289,2,685.11,863.14,170.04,178.01,0.9407,-1,-1,-1
289,1,689.15,318.41,62.86,126.75,0.9408,-1,-1,-1
290,56,141.22,718.63,113.28,182.29,0.6430,-1,-1,-1
290,53,830.77,339.40,77.01,114.48,0.5924,-1,-1,-1
290,52,152.09,747.33,104.93,259.00,0.5145,-1,-1,-1
290,49,885.95,249.53,67.37,123.46,0.7404,-1,-1,-1
290,48,1212.18,44.97,40.75,66.20,0.5713,-1,-1,-1
290,46,240.29,793.08,160.24,231.09,0.5540,-1,-1,-1
290,41,489.50,563.76,111.24,176.31,0.5776,-1,-1,-1
290,40,1057.79,132.08,50.82,96.49,0.5031,-1,-1,-1
290,34,405.57,684.82,157.48,216.55,0.5488,-1,-1,-1
290,31,658.48,469.78,107.72,214.78,0.5290,-1,-1,-1
290,29,795.13,404.16,77.43,161.31,0.5282,-1,-1,-1
290,26,584.95,604.27,121.50,175.52,0.5472,-1,-1,-1
290,25,950.10,206.66,73.02,136.36,0.7887,-1,-1,-1
290,21,621.94,847.00,161.65,161.14,0.5588,-1,-1,-1
290,20,1537.24,47.99,35.24,38.85,0.7229,-1,-1,-1
290,19,1155.84,62.24,42.81,68.85,0.7368,-1,-1,-1
290,16,698.33,373.25,97.29,167.33,0.7994,-1,-1,-1
290,15,1248.06,28.02,35.68,62.13,0.8400,-1,-1,-1
290,12,608.36,374.80,90.38,156.98,0.8593,-1,-1,-1
290,10,1117.30,95.66,47.94,78.14,0.8627,-1,-1,-1
290,6,767.52,291.45,67.59,108.96,0.8856,-1,-1,-1
290,5,638.61,66.08,41.68,75.88,0.8927,-1,-1,-1
290,4,1014.36,115.35,45.23,81.80,0.8931,-1,-1,-1
290,2,683.88,850.20,171.01,191.58,0.9407,-1,-1,-1
290,1,691.28,317.94,65.32,127.41,0.9408,-1,-1,-1
291,56,149.15,714.76,109.33,170.12,0.6430,-1,-1,-1
291,53,834.63,338.54,74.98,113.71,0.5924,-1,-1,-1
291,52,152.74,749.14,106.20,254.28,0.5145,-1,-1,-1
291,49,887.89,254.00,68.07,118.73,0.7404,-1,-1,-1
291,48,1212.77,44.02,41.90,66.98,0.5713,-1,-1,-1
291,46,243.03,790.36,160.56,232.33,0.5540,-1,-1,-1
291,41,492.50,563.42,112.36,173.94,0.5776,-1,-1,-1
291,40,1058.11,131.71,50.70,97.30,0.5031,-1,-1,-1
291,34,406.59,684.76,161.08,216.00,0.5488,-1,-1,-1
291,31,669.43,461.86,98.30,221.20,0.5290,-1,-1,-1
291,29,797.69,406.10,76.27,156.85,0.5282,-1,-1,-1
291,26,587.41,604.54,121.26,177.31,0.5472,-1,-1,-1
291,25,950.74,207.17,75.14,135.29,0.7887,-1,-1,-1
291,21,621.46,850.16,184.63,158.61,0.5588,-1,-1,-1
291,20,1537.82,49.05,34.64,37.50,0.7229,-1,-1,-1
291,19,1158.00,63.46,41.67,67.85,0.7368,-1,-1,-1
291,16,711.04,393.97,82.35,144.38,0.7994,-1,-1,-1
291,15,1248.63,27.32,35.19,62.64,0.8400,-1,-1,-1
291,12,612.81,373.55,86.18,156.31,0.8593,-1,-1,-1
291,10,1119.38,96.38,48.57,77.69,0.8627,-1,-1,-1
291,6,769.18,290.23,65.67,110.37,0.8856,-1,-1,-1
291,5,639.55,66.41,42.89,73.23,0.8927,-1,-1,-1
291,4,1015.24,112.50,45.39,82.82,0.8931,-1,-1,-1
291,2,683.50,859.80,171.53,183.13,0.9407,-1,-1,-1
291,1,692.41,317.11,69.64,127.09,0.9408,-1,-1,-1
292,58,651.76,458.27,94.34,152.11,0.6177,-1,-1,-1
292,56,155.26,712.33,106.16,164.86,0.6430,-1,-1,-1
292,53,833.38,338.91,76.25,113.25,0.5924,-1,-1,-1
292,52,168.15,792.32,235.52,228.49,0.5145,-1,-1,-1
292,49,888.20,261.70,66.82,110.27,0.7404,-1,-1,-1
292,48,1212.88,44.68,41.84,66.25,0.5713,-1,-1,-1
292,41,494.22,563.56,112.30,172.83,0.5776,-1,-1,-1
292,40,1057.66,132.25,51.03,97.03,0.5031,-1,-1,-1
292,34,407.79,682.38,160.10,219.88,0.5488,-1,-1,-1
292,31,673.21,471.81,95.64,210.61,0.5290,-1,-1,-1
292,29,798.79,402.19,76.82,157.99,0.5282,-1,-1,-1
292,26,588.39,605.30,120.40,177.17,0.5472,-1,-1,-1
292,25,951.94,204.34,74.18,137.68,0.7887,-1,-1,-1
292,21,621.95,852.81,201.18,155.41,0.5588,-1,-1,-1
292,20,1537.79,49.12,34.72,37.46,0.7229,-1,-1,-1
292,19,1158.87,62.77,40.75,68.32,0.7368,-1,-1,-1
292,16,713.18,394.33,81.66,142.37,0.7994,-1,-1,-1
292,15,1248.49,26.15,35.46,63.85,0.8400,-1,-1,-1
292,12,615.01,372.94,84.39,157.78,0.8593,-1,-1,-1
292,10,1119.86,94.69,47.97,78.61,0.8627,-1,-1,-1
292,6,769.96,290.46,66.65,110.18,0.8856,-1,-1,-1
292,5,641.20,65.76,42.66,74.56,0.8927,-1,-1,-1
292,4,1016.30,114.22,45.46,80.68,0.8931,-1,-1,-1
292,2,686.12,863.43,168.76,179.93,0.9407,-1,-1,-1
292,1,695.16,317.70,68.49,128.25,0.9408,-1,-1,-1
293,56,161.33,709.02,106.91,170.36,0.6430,-1,-1,-1
293,53,836.66,338.54,74.28,112.83,0.5924,-1,-1,-1
293,52,160.18,714.12,103.56,285.68,0.5145,-1,-1,-1
293,49,889.53,256.68,67.31,114.62,0.7404,-1,-1,-1
293,48,1212.23,45.52,41.95,65.31,0.5713,-1,-1,-1
293,41,498.51,562.64,108.21,172.73,0.5776,-1,-1,-1
293,40,1058.50,131.76,48.45,94.04,0.5031,-1,-1,-1
293,34,409.45,681.91,157.56,218.40,0.5488,-1,-1,-1
293,31,673.52,464.51,96.62,214.79,0.5290,-1,-1,-1
293,29,804.42,403.03,74.59,155.89,0.5282,-1,-1,-1
293,26,590.37,608.20,122.79,174.29,0.5472,-1,-1,-1
293,25,952.43,209.65,74.51,126.29,0.7887,-1,-1,-1
293,21,622.81,851.40,194.68,159.37,0.5588,-1,-1,-1
293,20,1538.81,49.05,33.41,37.40,0.7229,-1,-1,-1
293,19,1159.21,61.82,41.47,67.55,0.7368,-1,-1,-1
293,16,712.30,389.18,84.66,147.85,0.7994,-1,-1,-1
293,15,1248.91,25.38,35.46,64.68,0.8400,-1,-1,-1
293,12,618.23,370.67,78.79,159.77,0.8593,-1,-1,-1
293,11,976.06,188.70,42.31,80.85,0.8620,-1,-1,-1
293,10,1123.88,94.35,44.74,78.22,0.8627,-1,-1,-1
293,6,774.33,289.23,63.90,111.86,0.8856,-1,-1,-1
293,5,643.34,63.66,40.48,76.49,0.8927,-1,-1,-1
293,4,1017.76,113.09,45.52,79.65,0.8931,-1,-1,-1
293,2,684.17,855.06,169.68,189.35,0.9407,-1,-1,-1
293,1,697.32,319.14,60.84,128.57,0.9408,-1,-1,-1
294,53,837.83,337.50,73.88,114.29,0.5924,-1,-1,-1
294,52,163.46,715.73,105.03,238.16,0.5145,-1,-1,-1
294,49,891.22,257.62,67.74,113.57,0.7404,-1,-1,-1
294,48,1212.34,45.48,41.52,65.92,0.5713,-1,-1,-1
294,41,499.48,561.76,107.31,173.18,0.5776,-1,-1,-1
294,40,1057.79,131.76,50.95,95.80,0.5031,-1,-1,-1
294,34,410.51,678.46,154.21,218.07,0.5488,-1,-1,-1
294,31,666.72,460.03,98.71,189.13,0.5290,-1,-1,-1
294,29,804.73,401.24,73.71,148.93,0.5282,-1,-1,-1
294,26,590.99,606.30,119.98,177.33,0.5472,-1,-1,-1
294,25,955.03,204.48,77.23,136.19,0.7887,-1,-1,-1
294,21,621.84,854.36,209.79,155.62,0.5588,-1,-1,-1
294,20,1538.64,48.41,33.89,37.51,0.7229,-1,-1,-1
294,19,1159.79,61.43,42.40,68.09,0.7368,-1,-1,-1
294,16,715.80,396.34,81.19,141.17,0.7994,-1,-1,-1
294,15,1249.67,25.12,34.83,64.83,0.8400,-1,-1,-1
294,12,620.01,369.03,82.92,156.71,0.8593,-1,-1,-1
294,11,975.78,189.11,43.57,80.66,0.8620,-1,-1,-1
294,10,1124.07,92.65,45.26,78.66,0.8627,-1,-1,-1
294,6,774.38,289.31,64.27,111.98,0.8856,-1,-1,-1
294,5,644.94,63.32,39.92,76.07,0.8927,-1,-1,-1
294,4,1018.56,111.75,45.58,80.65,0.8931,-1,-1,-1
294,2,683.44,860.30,170.43,185.93,0.9407,-1,-1,-1
294,1,697.79,318.49,66.40,126.69,0.9408,-1,-1,-1
295,53,837.17,337.04,77.82,115.16,0.5924,-1,-1,-1
295,52,168.88,703.40,106.46,235.88,0.5145,-1,-1,-1
295,49,894.17,243.08,75.91,128.66,0.7404,-1,-1,-1
295,48,1214.13,44.61,41.14,66.09,0.5713,-1,-1,-1
295,46,244.21,790.29,168.91,228.24,0.5540,-1,-1,-1
295,41,504.05,560.82,102.72,172.75,0.5776,-1,-1,-1
295,40,1057.10,131.10,50.24,95.25,0.5031,-1,-1,-1
295,34,410.56,676.92,157.30,225.75,0.5488,-1,-1,-1
295,31,678.21,472.44,98.16,208.05,0.5290,-1,-1,-1
295,29,808.64,398.60,71.19,155.87,0.5282,-1,-1,-1
295,26,592.86,607.24,118.03,176.82,0.5472,-1,-1,-1
295,25,955.39,199.32,78.19,135.63,0.7887,-1,-1,-1
295,21,620.95,856.80,209.97,154.42,0.5588,-1,-1,-1
295,20,1538.93,48.04,34.12,37.61,0.7229,-1,-1,-1
295,19,1161.43,61.07,41.45,68.97,0.7368,-1,-1,-1
295,16,720.13,401.49,78.75,134.30,0.7994,-1,-1,-1
295,15,1249.07,25.98,35.54,64.43,0.8400,-1,-1,-1
295,12,622.90,367.52,83.34,150.74,0.8593,-1,-1,-1
295,10,1127.54,93.41,43.20,78.99,0.8627,-1,-1,-1
295,6,776.29,289.15,64.97,114.07,0.8856,-1,-1,-1
295,5,646.21,62.34,40.14,77.55,0.8927,-1,-1,-1
295,4,1020.33,111.54,43.61,79.13,0.8931,-1,-1,-1
295,2,689.44,873.82,164.08,172.06,0.9407,-1,-1,-1
295,1,697.85,318.40,67.75,126.49,0.9408,-1,-1,-1
296,53,838.71,336.71,75.61,115.38,0.5924,-1,-1,-1
296,52,177.55,718.94,102.74,230.11,0.5145,-1,-1,-1
296,49,893.98,242.80,74.35,128.72,0.7404,-1,-1,-1
296,48,1214.15,44.27,42.05,66.44,0.5713,-1,-1,-1
296,46,246.55,790.75,168.94,225.38,0.5540,-1,-1,-1
296,41,505.50,558.36,101.88,175.40,0.5776,-1,-1,-1
296,40,1058.29,131.70,49.43,95.10,0.5031,-1,-1,-1
296,34,412.38,675.26,156.20,228.35,0.5488,-1,-1,-1
296,31,679.33,482.26,98.33,196.40,0.5290,-1,-1,-1
296,29,809.67,398.70,71.04,153.81,0.5282,-1,-1,-1
296,26,594.20,608.80,120.37,174.79,0.5472,-1,-1,-1
296,25,960.22,193.19,76.21,142.24,0.7887,-1,-1,-1
296,21,621.65,858.59,207.85,153.76,0.5588,-1,-1,-1
296,20,1539.14,48.25,34.00,36.77,0.7229,-1,-1,-1
296,19,1161.87,60.91,41.24,69.23,0.7368,-1,-1,-1
296,16,719.69,402.74,81.09,133.49,0.7994,-1,-1,-1
296,15,1250.09,24.40,36.37,65.64,0.8400,-1,-1,-1
296,12,624.41,365.77,79.79,149.23,0.8593,-1,-1,-1
296,10,1129.93,94.66,42.00,77.92,0.8627,-1,-1,-1
296,6,779.54,289.21,66.31,110.96,0.8856,-1,-1,-1
296,5,647.75,61.57,41.74,78.84,0.8927,-1,-1,-1
296,4,1021.47,112.47,44.98,78.24,0.8931,-1,-1,-1
296,2,688.97,873.11,165.34,173.37,0.9407,-1,-1,-1
296,1,699.28,317.83,65.96,126.73,0.9408,-1,-1,-1
297,58,657.96,455.74,95.36,145.97,0.6177,-1,-1,-1
297,53,843.31,336.11,73.99,115.32,0.5924,-1,-1,-1
297,52,185.46,711.85,97.57,232.37,0.5145,-1,-1,-1
297,49,896.13,245.76,71.78,125.45,0.7404,-1,-1,-1
297,48,1214.13,44.42,42.45,65.93,0.5713,-1,-1,-1
297,46,246.62,789.84,169.80,223.13,0.5540,-1,-1,-1
297,41,508.49,557.84,99.59,175.71,0.5776,-1,-1,-1
297,40,1058.68,132.23,49.26,94.00,0.5031,-1,-1,-1
297,34,413.90,673.88,154.25,229.93,0.5488,-1,-1,-1
297,31,684.02,495.53,97.60,181.75,0.5290,-1,-1,-1
297,29,809.93,393.68,71.45,158.75,0.5282,-1,-1,-1
297,26,593.85,608.50,121.91,175.33,0.5472,-1,-1,-1
297,25,960.45,192.96,77.30,141.91,0.7887,-1,-1,-1
297,21,622.29,855.27,209.54,157.88,0.5588,-1,-1,-1
297,20,1538.99,47.24,33.63,37.48,0.7229,-1,-1,-1
297,19,1162.69,60.07,40.43,69.41,0.7368,-1,-1,-1
297,16,726.57,406.79,74.92,130.48,0.7994,-1,-1,-1
297,15,1251.17,23.76,35.84,66.21,0.8400,-1,-1,-1
297,12,627.97,364.12,74.58,156.23,0.8593,-1,-1,-1
297,10,1130.72,93.95,41.69,77.88,0.8627,-1,-1,-1
297,6,780.62,290.12,67.30,110.49,0.8856,-1,-1,-1
297,5,648.59,59.99,41.38,81.26,0.8927,-1,-1,-1
297,4,1023.86,111.06,43.19,79.13,0.8931,-1,-1,-1
297,2,686.42,872.38,167.93,174.83,0.9407,-1,-1,-1
297,1,702.18,317.55,67.24,127.01,0.9408,-1,-1,-1
298,58,657.23,450.95,96.18,150.67,0.6177,-1,-1,-1
298,56,185.04,691.33,111.21,175.33,0.6430,-1,-1,-1
298,53,843.13,337.19,74.97,116.13,0.5924,-1,-1,-1
298,52,195.94,728.04,92.13,250.30,0.5145,-1,-1,-1
298,49,898.54,244.22,76.47,123.75,0.7404,-1,-1,-1
298,48,1214.33,44.56,43.30,65.83,0.5713,-1,-1,-1
298,46,247.86,789.73,169.77,222.42,0.5540,-1,-1,-1
298,41,510.79,557.77,99.01,175.46,0.5776,-1,-1,-1
298,40,1057.63,134.89,51.47,92.42,0.5031,-1,-1,-1
298,34,414.73,672.59,154.77,229.79,0.5488,-1,-1,-1
298,31,685.50,507.00,97.82,171.38,0.5290,-1,-1,-1
298,29,811.00,395.06,71.08,153.81,0.5282,-1,-1,-1
298,26,594.50,605.07,122.82,179.28,0.5472,-1,-1,-1
298,25,960.36,190.71,79.00,143.31,0.7887,-1,-1,-1
298,21,621.82,855.53,210.91,159.60,0.5588,-1,-1,-1
298,20,1538.82,46.56,34.18,38.21,0.7229,-1,-1,-1
298,19,1163.23,60.87,40.34,68.26,0.7368,-1,-1,-1
298,16,726.21,407.71,75.86,129.16,0.7994,-1,-1,-1
298,15,1252.49,23.57,36.67,66.42,0.8400,-1,-1,-1
298,12,629.40,362.57,84.04,159.42,0.8593,-1,-1,-1
298,10,1130.70,91.42,42.37,79.77,0.8627,-1,-1,-1
298,6,783.96,290.98,69.87,109.14,0.8856,-1,-1,-1
298,5,650.14,59.88,40.10,80.87,0.8927,-1,-1,-1
298,4,1023.18,111.62,45.40,77.54,0.8931,-1,-1,-1
298,2,686.31,871.65,168.43,175.57,0.9407,-1,-1,-1
298,1,702.75,317.58,70.12,126.37,0.9408,-1,-1,-1
299,58,655.14,445.84,102.94,156.43,0.6177,-1,-1,-1
299,56,192.72,688.10,122.42,188.19,0.6430,-1,-1,-1
299,53,848.31,338.14,69.66,107.89,0.5924,-1,-1,-1
299,52,201.19,745.69,90.37,230.17,0.5145,-1,-1,-1
299,49,901.36,244.03,68.73,125.30,0.7404,-1,-1,-1
299,48,1215.60,44.23,44.14,65.97,0.5713,-1,-1,-1
299,46,245.13,738.13,177.66,272.18,0.5540,-1,-1,-1
299,41,515.65,557.02,95.97,174.05,0.5776,-1,-1,-1
299,40,1057.14,132.30,51.46,95.53,0.5031,-1,-1,-1
299,34,419.96,670.61,152.83,232.52,0.5488,-1,-1,-1
299,31,687.14,499.27,97.97,176.90,0.5290,-1,-1,-1
299,29,813.08,390.76,71.08,158.84,0.5282,-1,-1,-1
299,26,595.11,605.16,122.37,178.75,0.5472,-1,-1,-1
299,25,962.13,188.10,79.35,142.62,0.7887,-1,-1,-1
299,21,622.08,856.53,200.12,162.58,0.5588,-1,-1,-1
299,20,1538.90,46.47,34.02,37.71,0.7229,-1,-1,-1
299,19,1165.13,59.52,41.74,69.30,0.7368,-1,-1,-1
299,16,729.97,403.99,74.78,130.27,0.7994,-1,-1,-1
299,15,1253.61,24.41,36.55,65.43,0.8400,-1,-1,-1
299,12,632.94,362.80,83.59,152.47,0.8593,-1,-1,-1
299,10,1132.90,90.76,43.55,79.62,0.8627,-1,-1,-1
299,6,785.06,289.93,66.49,107.64,0.8856,-1,-1,-1
299,5,653.49,60.35,40.55,75.62,0.8927,-1,-1,-1
299,4,1026.54,110.87,42.47,77.76,0.8931,-1,-1,-1
299,2,686.66,876.31,167.70,173.55,0.9407,-1,-1,-1
299,1,706.11,317.52,72.49,126.03,0.9408,-1,-1,-1
300,58,655.10,439.62,103.46,163.28,0.6177,-1,-1,-1
300,56,195.78,687.26,112.72,183.62,0.6430,-1,-1,-1
300,53,847.02,337.74,72.09,111.20,0.5924,-1,-1,-1
300,52,204.30,751.91,89.56,223.29,0.5145,-1,-1,-1
300,49,905.02,239.91,72.62,126.27,0.7404,-1,-1,-1
300,48,1216.24,44.06,43.08,65.65,0.5713,-1,-1,-1
300,46,226.18,743.46,197.77,264.41,0.5540,-1,-1,-1
300,41,517.08,557.32,97.10,173.71,0.5776,-1,-1,-1
300,40,1055.45,133.76,53.68,93.45,0.5031,-1,-1,-1
300,34,420.35,669.33,153.04,232.18,0.5488,-1,-1,-1
300,31,687.52,494.15,100.55,182.47,0.5290,-1,-1,-1
300,29,813.25,389.18,71.30,154.56,0.5282,-1,-1,-1
300,26,595.17,601.57,121.53,182.74,0.5472,-1,-1,-1
300,25,962.49,187.13,81.88,140.67,0.7887,-1,-1,-1
300,21,620.15,857.03,204.28,161.06,0.5588,-1,-1,-1
300,20,1538.63,47.17,34.62,36.54,0.7229,-1,-1,-1
300,19,1164.27,59.75,42.69,68.85,0.7368,-1,-1,-1
300,16,730.02,406.17,77.56,129.27,0.7994,-1,-1,-1
300,15,1253.52,23.51,36.86,66.59,0.8400,-1,-1,-1
300,12,636.38,361.68,84.12,146.74,0.8593,-1,-1,-1
300,10,1133.15,89.62,44.31,79.83,0.8627,-1,-1,-1
300,6,785.91,289.79,67.73,107.20,0.8856,-1,-1,-1
300,5,652.85,60.71,41.80,74.96,0.8927,-1,-1,-1
300,4,1027.06,111.55,42.97,75.25,0.8931,-1,-1,-1
300,2,680.76,869.21,174.05,179.91,0.9407,-1,-1,-1
300,1,706.13,315.95,64.19,127.43,0.9408,-1,-1,-1
301,58,657.80,443.16,105.12,158.65,0.6177,-1,-1,-1
301,56,204.31,683.79,127.85,172.27,0.6430,-1,-1,-1
301,53,849.21,338.93,71.90,106.86,0.5924,-1,-1,-1
301,49,905.26,239.94,71.13,125.38,0.7404,-1,-1,-1
301,48,1218.07,42.66,41.85,69.56,0.5713,-1,-1,-1
301,46,225.84,715.42,199.92,291.18,0.5540,-1,-1,-1
301,41,518.85,556.69,96.42,173.52,0.5776,-1,-1,-1
301,40,1056.50,132.04,52.27,95.45,0.5031,-1,-1,-1
301,34,421.67,668.40,150.44,233.41,0.5488,-1,-1,-1
301,31,688.10,487.22,98.98,187.54,0.5290,-1,-1,-1
301,29,811.91,387.15,72.87,153.38,0.5282,-1,-1,-1
301,26,594.89,601.14,122.99,181.48,0.5472,-1,-1,-1
301,25,963.54,187.15,74.10,122.72,0.7887,-1,-1,-1
301,21,621.68,856.46,194.09,164.14,0.5588,-1,-1,-1
301,20,1538.63,46.97,34.35,36.91,0.7229,-1,-1,-1
301,19,1165.43,58.48,42.73,70.70,0.7368,-1,-1,-1
301,16,732.08,402.10,78.40,133.98,0.7994,-1,-1,-1
301,15,1253.56,22.85,37.19,66.73,0.8400,-1,-1,-1
301,12,639.31,360.37,84.45,149.40,0.8593,-1,-1,-1
301,10,1134.97,89.80,41.60,79.31,0.8627,-1,-1,-1
301,6,788.89,288.14,68.55,110.58,0.8856,-1,-1,-1
301,5,655.81,58.99,40.27,75.50,0.8927,-1,-1,-1
301,4,1028.18,109.38,41.75,73.83,0.8931,-1,-1,-1
301,2,678.20,866.85,176.37,183.34,0.9407,-1,-1,-1
301,1,707.87,317.38,68.78,124.69,0.9408,-1,-1,-1
302,58,655.80,433.69,67.95,167.69,0.6177,-1,-1,-1
302,56,207.28,681.11,127.80,162.62,0.6430,-1,-1,-1
302,53,849.70,337.31,72.38,109.85,0.5924,-1,-1,-1
302,49,904.64,238.59,71.60,127.71,0.7404,-1,-1,-1
302,48,1216.63,41.98,44.19,69.52,0.5713,-1,-1,-1
302,46,219.39,715.50,207.63,289.44,0.5540,-1,-1,-1
302,41,521.90,557.10,92.93,174.45,0.5776,-1,-1,-1
302,40,1057.08,131.77,52.53,95.31,0.5031,-1,-1,-1
302,34,422.29,668.91,152.68,231.78,0.5488,-1,-1,-1
302,31,688.73,498.50,99.19,175.37,0.5290,-1,-1,-1
302,29,813.67,385.54,70.93,155.68,0.5282,-1,-1,-1
302,26,595.01,599.69,124.17,182.88,0.5472,-1,-1,-1
302,25,964.73,188.53,46.96,109.38,0.7887,-1,-1,-1
302,21,620.78,865.08,203.68,155.61,0.5588,-1,-1,-1
302,20,1539.19,47.40,35.27,35.83,0.7229,-1,-1,-1
302,19,1166.69,58.60,42.26,71.10,0.7368,-1,-1,-1
302,16,735.69,405.27,75.05,131.70,0.7994,-1,-1,-1
302,15,1253.87,25.07,37.24,64.92,0.8400,-1,-1,-1
302,12,640.67,360.47,80.01,149.65,0.8593,-1,-1,-1
302,10,1135.79,90.22,41.79,79.61,0.8627,-1,-1,-1
302,6,790.31,288.30,65.08,108.27,0.8856,-1,-1,-1
302,5,657.90,57.86,39.04,76.14,0.8927,-1,-1,-1
302,4,1030.11,108.53,41.27,73.93,0.8931,-1,-1,-1
302,2,677.75,872.66,176.87,179.04,0.9407,-1,-1,-1
302,1,707.81,317.58,69.22,124.90,0.9408,-1,-1,-1
303,58,661.63,449.58,62.18,150.82,0.6177,-1,-1,-1
303,56,211.75,678.71,131.49,157.69,0.6430,-1,-1,-1
303,53,846.36,337.74,78.76,110.74,0.5924,-1,-1,-1
303,49,906.37,239.74,74.46,126.14,0.7404,-1,-1,-1
303,48,1217.48,42.70,44.69,67.89,0.5713,-1,-1,-1
303,46,248.77,697.16,180.88,305.76,0.5540,-1,-1,-1
303,41,525.49,557.26,91.98,172.90,0.5776,-1,-1,-1
303,40,1058.40,131.35,51.32,95.27,0.5031,-1,-1,-1
303,34,423.29,665.43,152.43,233.31,0.5488,-1,-1,-1
303,31,690.15,501.17,99.48,172.37,0.5290,-1,-1,-1
303,29,809.76,377.90,76.56,162.00,0.5282,-1,-1,-1
303,26,595.04,600.46,124.50,182.34,0.5472,-1,-1,-1
303,25,966.67,187.87,47.11,111.61,0.7887,-1,-1,-1
303,21,622.23,867.88,196.73,154.80,0.5588,-1,-1,-1
303,20,1539.53,47.23,34.21,36.04,0.7229,-1,-1,-1
303,19,1167.52,60.38,42.59,69.10,0.7368,-1,-1,-1
303,16,734.47,402.32,79.01,134.50,0.7994,-1,-1,-1
303,15,1255.59,24.25,35.97,65.19,0.8400,-1,-1,-1
303,12,641.84,360.49,83.83,150.15,0.8593,-1,-1,-1
303,10,1136.01,91.49,43.30,77.34,0.8627,-1,-1,-1
303,6,791.53,287.21,70.22,111.92,0.8856,-1,-1,-1
303,5,659.84,57.07,40.38,77.68,0.8927,-1,-1,-1
303,4,1030.58,108.44,41.16,73.65,0.8931,-1,-1,-1
303,2,670.83,880.93,183.44,170.33,0.9407,-1,-1,-1
303,1,709.75,318.85,64.87,122.32,0.9408,-1,-1,-1
304,60,998.62,194.30,52.48,129.36,0.5053,-1,-1,-1
304,58,662.09,450.64,62.48,149.73,0.6177,-1,-1,-1
304,56,215.45,675.27,133.18,162.49,0.6430,-1,-1,-1
304,55,0.38,919.99,196.86,159.97,0.5007,-1,-1,-1
304,53,850.35,337.21,74.81,110.78,0.5924,-1,-1,-1
304,49,908.59,242.48,72.90,123.06,0.7404,-1,-1,-1
304,48,1219.66,42.57,42.41,67.66,0.5713,-1,-1,-1
304,46,226.00,720.94,206.40,279.63,0.5540,-1,-1,-1
304,41,527.12,554.85,90.74,175.87,0.5776,-1,-1,-1
304,40,1059.28,130.76,50.97,94.79,0.5031,-1,-1,-1
304,34,424.76,663.55,152.46,238.09,0.5488,-1,-1,-1
304,31,691.85,504.21,98.32,169.44,0.5290,-1,-1,-1
304,29,817.42,381.48,69.89,159.49,0.5282,-1,-1,-1
304,26,595.41,600.29,124.11,182.79,0.5472,-1,-1,-1
304,25,967.14,187.80,44.89,110.19,0.7887,-1,-1,-1
304,21,621.55,864.72,201.40,158.06,0.5588,-1,-1,-1
304,20,1540.00,46.85,33.70,36.39,0.7229,-1,-1,-1
304,19,1168.52,59.21,42.14,70.85,0.7368,-1,-1,-1
304,16,736.26,403.56,80.25,132.56,0.7994,-1,-1,-1
304,15,1255.95,22.97,34.89,66.27,0.8400,-1,-1,-1
304,12,644.41,358.44,85.00,142.19,0.8593,-1,-1,-1
304,10,1138.02,90.50,41.84,77.36,0.8627,-1,-1,-1
304,6,793.12,287.25,67.45,110.78,0.8856,-1,-1,-1
304,5,660.66,57.64,41.11,76.54,0.8927,-1,-1,-1
304,4,1031.40,107.74,41.38,74.69,0.8931,-1,-1,-1
304,2,674.10,877.44,180.99,174.57,0.9407,-1,-1,-1
304,1,710.33,319.08,65.35,122.88,0.9408,-1,-1,-1
305,60,996.90,197.87,54.46,125.58,0.5053,-1,-1,-1
305,58,663.93,441.16,61.34,159.05,0.6177,-1,-1,-1
305,56,221.42,671.30,135.66,161.34,0.6430,-1,-1,-1
305,55,0.30,887.15,201.65,192.85,0.5007,-1,-1,-1
305,53,851.83,336.58,77.33,110.98,0.5924,-1,-1,-1
305,49,911.74,242.09,71.43,121.48,0.7404,-1,-1,-1
305,48,1221.06,44.24,41.89,66.05,0.5713,-1,-1,-1
305,46,239.01,706.09,196.21,294.22,0.5540,-1,-1,-1
305,41,530.50,554.02,88.70,176.01,0.5776,-1,-1,-1
305,40,1061.44,130.39,49.03,93.30,0.5031,-1,-1,-1
305,34,428.79,661.29,150.49,241.33,0.5488,-1,-1,-1
305,31,695.20,499.79,98.67,171.78,0.5290,-1,-1,-1
305,29,815.91,377.31,73.81,159.70,0.5282,-1,-1,-1
305,26,596.40,602.63,123.64,181.04,0.5472,-1,-1,-1
305,25,968.05,187.39,43.87,112.94,0.7887,-1,-1,-1
305,21,621.82,867.22,203.20,156.44,0.5588,-1,-1,-1
305,20,1539.86,46.19,33.64,37.12,0.7229,-1,-1,-1
305,19,1169.53,60.37,41.72,69.44,0.7368,-1,-1,-1
305,16,738.71,402.67,81.87,133.66,0.7994,-1,-1,-1
305,15,1256.36,22.19,36.49,66.25,0.8400,-1,-1,-1
305,12,647.80,358.27,80.76,138.77,0.8593,-1,-1,-1
305,10,1139.86,89.95,42.18,77.76,0.8627,-1,-1,-1
305,6,796.15,287.07,65.89,112.24,0.8856,-1,-1,-1
305,5,662.72,56.86,40.91,76.66,0.8927,-1,-1,-1
305,4,1033.81,108.11,39.93,74.52,0.8931,-1,-1,-1
305,2,670.41,874.59,184.95,178.37,0.9407,-1,-1,-1
305,1,713.02,318.49,66.56,125.68,0.9408,-1,-1,-1
306,60,1000.68,209.61,51.45,114.32,0.5053,-1,-1,-1
306,58,664.62,430.41,61.51,171.75,0.6177,-1,-1,-1
306,56,226.96,668.35,131.84,162.79,0.6430,-1,-1,-1
306,55,0.24,872.06,206.87,207.94,0.5007,-1,-1,-1
306,53,855.92,336.68,73.46,111.32,0.5924,-1,-1,-1
306,49,913.72,245.53,66.33,116.97,0.7404,-1,-1,-1
306,48,1221.17,43.75,42.47,66.63,0.5713,-1,-1,-1
306,46,244.88,705.71,192.23,296.11,0.5540,-1,-1,-1
306,41,533.10,553.64,87.24,176.07,0.5776,-1,-1,-1
306,40,1062.74,130.20,47.97,92.82,0.5031,-1,-1,-1
306,34,429.42,660.94,150.34,241.70,0.5488,-1,-1,-1
306,31,695.81,495.06,98.80,176.55,0.5290,-1,-1,-1
306,29,818.07,374.23,71.14,164.71,0.5282,-1,-1,-1
306,26,597.36,602.58,123.62,181.70,0.5472,-1,-1,-1
306,25,967.40,186.66,45.20,111.26,0.7887,-1,-1,-1
306,21,620.76,869.29,186.86,154.43,0.5588,-1,-1,-1
306,20,1539.97,45.89,32.96,37.18,0.7229,-1,-1,-1
306,19,1169.52,60.74,42.55,68.39,0.7368,-1,-1,-1
306,16,740.68,402.30,83.15,132.47,0.7994,-1,-1,-1
306,15,1256.58,22.07,36.12,66.07,0.8400,-1,-1,-1
306,12,656.20,361.14,76.81,143.22,0.8593,-1,-1,-1
306,10,1140.08,89.27,42.10,78.06,0.8627,-1,-1,-1
306,6,796.87,286.63,64.74,110.79,0.8856,-1,-1,-1
306,5,664.04,57.60,39.68,75.65,0.8927,-1,-1,-1
306,4,1033.32,107.05,40.22,77.91,0.8931,-1,-1,-1
306,2,646.17,875.73,209.54,178.24,0.9407,-1,-1,-1
306,1,713.80,318.32,69.75,124.98,0.9408,-1,-1,-1
307,60,1002.75,212.82,51.16,107.39,0.5053,-1,-1,-1
307,58,665.10,447.76,64.87,153.89,0.6177,-1,-1,-1
307,56,234.35,666.67,132.60,157.63,0.6430,-1,-1,-1
307,55,1.12,920.30,211.55,158.96,0.5007,-1,-1,-1
307,53,855.00,335.28,77.20,112.46,0.5924,-1,-1,-1
307,49,913.77,246.44,70.41,115.59,0.7404,-1,-1,-1
307,48,1222.33,43.46,41.36,66.87,0.5713,-1,-1,-1
307,46,245.32,705.51,193.77,293.10,0.5540,-1,-1,-1
307,41,537.39,553.62,83.65,174.19,0.5776,-1,-1,-1
307,40,1062.26,129.75,48.09,92.80,0.5031,-1,-1,-1
307,34,430.71,657.67,149.73,246.76,0.5488,-1,-1,-1
307,31,697.01,487.99,100.02,183.40,0.5290,-1,-1,-1
307,29,815.80,377.61,72.96,157.26,0.5282,-1,-1,-1
307,26,597.97,603.46,123.41,180.65,0.5472,-1,-1,-1
307,25,967.75,186.60,45.14,109.23,0.7887,-1,-1,-1
307,21,620.95,870.96,200.01,155.40,0.5588,-1,-1,-1
307,20,1539.96,46.10,33.00,36.84,0.7229,-1,-1,-1
307,19,1171.19,59.91,42.64,68.13,0.7368,-1,-1,-1
307,16,741.26,403.71,83.14,132.46,0.7994,-1,-1,-1
307,15,1257.48,22.35,34.71,65.59,0.8400,-1,-1,-1
307,12,657.98,362.99,79.33,137.39,0.8593,-1,-1,-1
307,10,1138.82,89.41,43.61,77.68,0.8627,-1,-1,-1
307,6,798.24,285.24,65.75,111.63,0.8856,-1,-1,-1
307,5,665.27,55.98,38.82,74.45,0.8927,-1,-1,-1
307,4,1033.78,106.84,40.10,76.93,0.8931,-1,-1,-1
307,2,670.23,873.46,185.86,182.71,0.9407,-1,-1,-1
307,1,714.38,317.81,67.48,124.93,0.9408,-1,-1,-1
308,60,1002.05,209.40,52.95,111.87,0.5053,-1,-1,-1
308,58,666.93,442.76,61.04,158.47,0.6177,-1,-1,-1
308,56,240.41,663.12,126.44,164.92,0.6430,-1,-1,-1
308,55,1.09,921.59,215.31,157.89,0.5007,-1,-1,-1
308,53,856.21,337.08,75.05,110.40,0.5924,-1,-1,-1
308,49,915.65,246.19,68.84,114.08,0.7404,-1,-1,-1
308,48,1224.07,44.16,39.35,65.96,0.5713,-1,-1,-1
308,46,249.86,720.25,191.02,280.92,0.5540,-1,-1,-1
308,41,540.11,551.46,84.17,176.84,0.5776,-1,-1,-1
308,40,1062.66,130.12,49.45,91.42,0.5031,-1,-1,-1
308,34,434.11,655.54,147.27,249.21,0.5488,-1,-1,-1
308,31,698.86,489.41,97.38,180.08,0.5290,-1,-1,-1
308,29,815.57,378.46,73.94,155.56,0.5282,-1,-1,-1
308,26,598.95,604.11,123.01,179.79,0.5472,-1,-1,-1
308,25,969.01,184.77,45.91,112.38,0.7887,-1,-1,-1
308,21,620.93,873.85,200.60,152.83,0.5588,-1,-1,-1
308,19,1172.96,58.11,41.98,69.72,0.7368,-1,-1,-1
308,16,744.15,403.84,79.57,130.91,0.7994,-1,-1,-1
308,15,1257.94,22.19,35.64,65.73,0.8400,-1,-1,-1
308,12,658.56,359.06,78.86,119.22,0.8593,-1,-1,-1
308,10,1140.26,90.19,43.22,76.42,0.8627,-1,-1,-1
308,6,800.22,285.38,63.80,111.61,0.8856,-1,-1,-1
308,5,665.34,56.47,40.49,75.83,0.8927,-1,-1,-1
308,4,1035.20,106.63,39.52,74.32,0.8931,-1,-1,-1
308,2,676.19,878.15,179.85,176.64,0.9407,-1,-1,-1
308,1,716.63,316.86,65.38,124.05,0.9408,-1,-1,-1
309,60,1004.94,212.09,50.62,109.46,0.5053,-1,-1,-1
309,58,667.70,448.19,67.53,154.20,0.6177,-1,-1,-1
309,56,250.11,658.79,125.14,160.63,0.6430,-1,-1,-1
309,55,1.99,919.85,221.90,159.94,0.5007,-1,-1,-1
309,53,856.99,335.26,75.52,112.20,0.5924,-1,-1,-1
309,49,916.88,246.50,72.85,113.73,0.7404,-1,-1,-1
309,48,1224.51,42.82,39.98,67.39,0.5713,-1,-1,-1
309,46,254.60,710.32,191.48,291.86,0.5540,-1,-1,-1
309,41,544.15,551.23,80.46,175.35,0.5776,-1,-1,-1
309,40,1064.55,130.29,48.96,90.28,0.5031,-1,-1,-1
309,34,437.55,658.02,145.59,246.25,0.5488,-1,-1,-1
309,31,700.48,479.04,100.03,189.63,0.5290,-1,-1,-1
309,29,814.28,376.09,74.06,153.19,0.5282,-1,-1,-1
309,26,600.56,603.73,123.80,180.25,0.5472,-1,-1,-1
309,25,970.92,184.57,44.55,111.29,0.7887,-1,-1,-1
309,21,621.26,873.55,205.84,152.19,0.5588,-1,-1,-1
309,19,1174.23,57.56,40.43,69.59,0.7368,-1,-1,-1
309,16,747.30,405.41,80.93,129.64,0.7994,-1,-1,-1
309,15,1257.57,22.14,36.82,64.86,0.8400,-1,-1,-1
309,12,655.79,359.29,81.72,145.81,0.8593,-1,-1,-1
309,10,1140.47,87.95,43.75,77.76,0.8627,-1,-1,-1
309,6,802.70,284.78,61.77,110.48,0.8856,-1,-1,-1
309,5,666.21,53.93,39.09,76.43,0.8927,-1,-1,-1
309,4,1036.00,105.59,39.66,76.76,0.8931,-1,-1,-1
309,2,668.91,880.91,187.03,173.84,0.9407,-1,-1,-1
309,1,718.09,314.92,67.74,125.12,0.9408,-1,-1,-1
310,60,1004.63,208.99,53.29,109.77,0.5053,-1,-1,-1
310,58,668.70,454.58,67.92,147.78,0.6177,-1,-1,-1
310,56,255.80,656.32,125.79,159.11,0.6430,-1,-1,-1
310,55,3.84,919.28,223.02,160.57,0.5007,-1,-1,-1
310,53,857.41,335.28,75.03,109.89,0.5924,-1,-1,-1
310,49,917.57,246.00,69.75,114.56,0.7404,-1,-1,-1
310,48,1224.71,43.19,40.07,67.06,0.5713,-1,-1,-1
310,46,258.40,714.61,189.66,286.54,0.5540,-1,-1,-1
310,41,545.61,551.03,81.40,175.68,0.5776,-1,-1,-1
310,40,1064.74,129.66,48.53,90.08,0.5031,-1,-1,-1
310,34,437.87,658.11,145.12,246.81,0.5488,-1,-1,-1
310,31,702.04,473.59,99.54,194.41,0.5290,-1,-1,-1
310,29,816.49,370.84,71.69,159.11,0.5282,-1,-1,-1
310,26,600.76,604.54,123.59,179.95,0.5472,-1,-1,-1
310,25,971.78,184.30,45.60,107.66,0.7887,-1,-1,-1
310,21,621.34,872.45,200.70,154.47,0.5588,-1,-1,-1
310,19,1175.44,58.14,40.50,68.75,0.7368,-1,-1,-1
310,16,750.05,404.73,77.73,129.86,0.7994,-1,-1,-1
310,15,1258.11,22.44,36.20,64.51,0.8400,-1,-1,-1
310,12,656.79,358.86,82.00,132.49,0.8593,-1,-1,-1
310,10,1140.42,88.27,44.39,77.42,0.8627,-1,-1,-1
310,6,802.56,284.89,62.62,110.62,0.8856,-1,-1,-1
310,5,666.68,53.90,39.96,75.07,0.8927,-1,-1,-1
310,4,1035.82,105.87,39.98,76.53,0.8931,-1,-1,-1
310,2,663.66,874.88,192.51,181.79,0.9407,-1,-1,-1
310,1,718.38,313.64,67.49,127.41,0.9408,-1,-1,-1
311,60,1009.47,214.14,49.99,104.84,0.5053,-1,-1,-1
311,58,671.00,453.81,67.04,146.52,0.6177,-1,-1,-1
311,56,259.25,654.54,127.41,155.04,0.6430,-1,-1,-1
311,55,15.44,917.33,215.92,162.23,0.5007,-1,-1,-1
311,53,856.82,335.64,76.14,108.61,0.5924,-1,-1,-1
311,49,919.09,242.37,77.36,117.37,0.7404,-1,-1,-1
311,48,1225.71,41.40,40.25,68.87,0.5713,-1,-1,-1
311,46,260.37,723.64,190.45,275.33,0.5540,-1,-1,-1
311,41,548.55,550.13,84.63,174.04,0.5776,-1,-1,-1
311,40,1066.49,128.87,47.60,89.08,0.5031,-1,-1,-1
311,34,438.79,656.50,145.25,249.14,0.5488,-1,-1,-1
311,31,704.26,477.12,100.94,192.08,0.5290,-1,-1,-1
311,29,814.45,374.14,75.20,152.92,0.5282,-1,-1,-1
311,26,600.59,602.50,124.76,180.96,0.5472,-1,-1,-1
311,25,971.11,183.58,48.95,111.39,0.7887,-1,-1,-1
311,20,1540.24,43.27,33.84,38.01,0.7229,-1,-1,-1
311,19,1176.51,57.75,39.95,68.44,0.7368,-1,-1,-1
311,16,750.78,399.81,80.34,134.14,0.7994,-1,-1,-1
311,15,1258.26,21.44,36.75,64.86,0.8400,-1,-1,-1
311,12,659.09,356.47,65.90,130.71,0.8593,-1,-1,-1
311,10,1140.99,87.46,44.54,77.88,0.8627,-1,-1,-1
311,6,804.13,285.31,60.79,109.30,0.8856,-1,-1,-1
311,5,669.99,53.75,39.16,72.69,0.8927,-1,-1,-1
311,4,1038.19,104.60,39.27,76.74,0.8931,-1,-1,-1
311,2,630.89,872.70,226.00,183.92,0.9407,-1,-1,-1
311,1,720.26,312.86,66.30,128.01,0.9408,-1,-1,-1
312,60,1007.65,208.98,51.44,108.36,0.5053,-1,-1,-1
312,58,673.80,430.82,67.68,161.22,0.6177,-1,-1,-1
312,56,262.85,652.38,125.80,155.93,0.6430,-1,-1,-1
312,55,17.18,915.47,216.04,163.86,0.5007,-1,-1,-1
312,53,857.12,335.47,76.02,108.28,0.5924,-1,-1,-1
312,49,919.72,241.47,73.93,118.16,0.7404,-1,-1,-1
312,48,1225.22,40.20,41.13,70.32,0.5713,-1,-1,-1
312,46,263.90,737.12,189.55,261.40,0.5540,-1,-1,-1
312,41,550.45,548.48,81.30,175.15,0.5776,-1,-1,-1
312,40,1066.89,127.99,48.93,89.81,0.5031,-1,-1,-1
312,34,439.78,658.23,145.63,247.30,0.5488,-1,-1,-1
312,31,704.98,478.25,99.90,190.37,0.5290,-1,-1,-1
312,29,811.91,370.99,77.24,152.51,0.5282,-1,-1,-1
312,26,600.47,603.40,124.20,180.16,0.5472,-1,-1,-1
312,25,971.44,183.43,49.57,112.88,0.7887,-1,-1,-1
312,19,1177.19,56.36,39.95,69.31,0.7368,-1,-1,-1
312,16,752.82,401.32,78.81,130.19,0.7994,-1,-1,-1
312,15,1258.53,20.56,36.32,65.73,0.8400,-1,-1,-1
312,12,660.37,354.58,67.65,131.35,0.8593,-1,-1,-1
312,10,1140.84,86.92,45.91,78.30,0.8627,-1,-1,-1
312,6,805.39,285.07,60.06,106.86,0.8856,-1,-1,-1
312,5,669.71,53.77,39.05,73.72,0.8927,-1,-1,-1
312,4,1039.00,104.05,39.30,77.81,0.8931,-1,-1,-1
312,2,659.60,880.98,195.50,174.55,0.9407,-1,-1,-1
312,1,721.00,312.39,64.52,128.80,0.9408,-1,-1,-1
313,60,1008.34,210.70,51.68,105.66,0.5053,-1,-1,-1
313,58,676.03,437.84,91.20,162.37,0.6177,-1,-1,-1
313,56,268.94,651.47,128.67,155.22,0.6430,-1,-1,-1
313,55,15.66,912.83,219.96,166.84,0.5007,-1,-1,-1
313,53,860.07,335.01,74.39,107.83,0.5924,-1,-1,-1
313,49,922.79,240.42,75.48,118.77,0.7404,-1,-1,-1
313,48,1226.41,39.81,39.64,69.71,0.5713,-1,-1,-1
313,46,266.76,723.08,192.43,276.90,0.5540,-1,-1,-1
313,41,551.65,547.96,81.69,174.20,0.5776,-1,-1,-1
313,40,1066.20,126.91,50.66,91.31,0.5031,-1,-1,-1
313,39,667.52,352.78,85.95,145.17,0.5812,-1,-1,-1
313,34,440.32,660.93,146.16,244.44,0.5488,-1,-1,-1
313,31,705.45,476.42,101.10,191.74,0.5290,-1,-1,-1
313,29,809.20,367.35,81.07,155.81,0.5282,-1,-1,-1
313,26,601.36,604.31,123.65,178.26,0.5472,-1,-1,-1
313,25,971.99,183.43,50.01,110.18,0.7887,-1,-1,-1
313,19,1177.37,54.78,41.98,69.63,0.7368,-1,-1,-1
313,16,753.48,397.47,79.53,132.82,0.7994,-1,-1,-1
313,15,1258.85,19.50,35.17,66.35,0.8400,-1,-1,-1
313,10,1142.73,86.83,45.39,78.51,0.8627,-1,-1,-1
313,6,807.96,285.11,59.86,105.03,0.8856,-1,-1,-1
313,5,671.87,52.10,37.91,75.86,0.8927,-1,-1,-1
313,4,1039.51,102.96,38.93,76.87,0.8931,-1,-1,-1
313,2,682.73,901.48,173.48,155.71,0.9407,-1,-1,-1
313,1,722.12,312.22,63.30,129.48,0.9408,-1,-1,-1
314,60,1010.93,199.69,49.78,116.90,0.5053,-1,-1,-1
314,56,271.61,650.93,129.65,154.03,0.6430,-1,-1,-1
314,55,24.28,911.92,213.48,167.97,0.5007,-1,-1,-1
314,53,862.43,333.15,71.89,108.19,0.5924,-1,-1,-1
314,49,922.52,241.69,77.13,119.06,0.7404,-1,-1,-1
314,48,1227.29,40.88,38.63,68.63,0.5713,-1,-1,-1
314,46,268.91,742.07,193.09,258.09,0.5540,-1,-1,-1
314,41,554.07,547.66,82.85,174.06,0.5776,-1,-1,-1
314,40,1066.13,124.88,51.81,93.41,0.5031,-1,-1,-1
314,39,667.22,352.99,90.79,149.61,0.5812,-1,-1,-1
314,34,439.46,662.77,146.27,242.83,0.5488,-1,-1,-1
314,31,708.20,482.92,99.87,185.01,0.5290,-1,-1,-1
314,29,812.21,369.20,79.17,152.71,0.5282,-1,-1,-1
314,26,602.10,604.37,122.97,178.42,0.5472,-1,-1,-1
314,25,973.02,184.65,47.64,105.99,0.7887,-1,-1,-1
314,21,618.33,876.96,199.96,153.28,0.5588,-1,-1,-1
314,19,1178.13,54.65,42.24,69.34,0.7368,-1,-1,-1
314,16,753.60,397.84,78.70,131.43,0.7994,-1,-1,-1
314,15,1259.37,21.11,35.86,64.39,0.8400,-1,-1,-1
314,10,1143.26,86.57,44.46,78.02,0.8627,-1,-1,-1
314,6,808.87,284.19,60.36,106.11,0.8856,-1,-1,-1
314,5,672.41,52.08,37.74,76.22,0.8927,-1,-1,-1
314,4,1038.84,104.07,42.06,73.82,0.8931,-1,-1,-1
314,2,682.81,891.96,173.34,167.77,0.9407,-1,-1,-1
314,1,724.44,312.71,61.71,126.78,0.9408,-1,-1,-1
315,60,1000.25,190.35,59.61,122.40,0.5053,-1,-1,-1
315,56,279.24,644.61,128.86,158.67,0.6430,-1,-1,-1
315,55,27.80,909.98,212.66,170.02,0.5007,-1,-1,-1
315,53,863.46,330.59,75.61,114.31,0.5924,-1,-1,-1
315,49,925.77,242.40,78.25,119.02,0.7404,-1,-1,-1
315,48,1227.32,39.18,39.44,69.59,0.5713,-1,-1,-1
315,46,274.36,732.70,189.16,267.29,0.5540,-1,-1,-1
315,41,558.45,545.34,78.66,175.07,0.5776,-1,-1,-1
315,40,1070.09,124.48,49.07,92.68,0.5031,-1,-1,-1
315,39,667.45,350.91,91.41,142.63,0.5812,-1,-1,-1
315,34,441.66,664.74,146.14,239.47,0.5488,-1,-1,-1
315,31,707.97,479.53,99.05,186.75,0.5290,-1,-1,-1
315,29,811.15,375.37,81.30,143.95,0.5282,-1,-1,-1
315,26,602.63,601.71,123.66,179.78,0.5472,-1,-1,-1
315,25,971.02,184.72,50.99,107.59,0.7887,-1,-1,-1
315,21,618.01,877.10,220.63,157.72,0.5588,-1,-1,-1
315,19,1180.31,54.19,40.44,69.54,0.7368,-1,-1,-1
315,16,751.78,395.65,80.40,134.73,0.7994,-1,-1,-1
315,15,1260.62,21.38,35.44,63.36,0.8400,-1,-1,-1
315,10,1143.26,86.86,46.41,75.93,0.8627,-1,-1,-1
315,6,812.42,282.85,61.21,108.12,0.8856,-1,-1,-1
315,5,672.71,50.22,39.45,75.95,0.8927,-1,-1,-1
315,4,1042.95,102.20,37.47,79.62,0.8931,-1,-1,-1
315,2,677.13,884.07,179.33,177.27,0.9407,-1,-1,-1
315,1,726.48,309.91,63.09,128.73,0.9408,-1,-1,-1
316,60,1006.80,203.44,51.55,108.26,0.5053,-1,-1,-1
316,56,283.49,638.79,127.71,156.98,0.6430,-1,-1,-1
316,55,32.57,903.03,207.63,174.89,0.5007,-1,-1,-1
316,53,861.12,331.24,71.51,108.13,0.5924,-1,-1,-1
316,49,923.07,239.11,73.33,120.11,0.7404,-1,-1,-1
316,48,1225.94,41.35,38.56,66.44,0.5713,-1,-1,-1
316,46,276.47,710.62,188.65,284.53,0.5540,-1,-1,-1
316,41,558.07,543.52,79.96,175.68,0.5776,-1,-1,-1
316,40,1063.75,124.18,49.77,92.26,0.5031,-1,-1,-1
316,39,666.40,348.92,89.86,154.42,0.5812,-1,-1,-1
316,34,441.73,664.98,146.16,233.69,0.5488,-1,-1,-1
316,31,708.07,489.08,99.47,176.01,0.5290,-1,-1,-1
316,29,806.11,365.99,85.13,149.68,0.5282,-1,-1,-1
316,26,601.13,597.00,124.61,180.92,0.5472,-1,-1,-1
316,25,970.06,183.40,49.01,104.48,0.7887,-1,-1,-1
316,21,614.74,876.14,192.63,152.26,0.5588,-1,-1,-1
316,19,1176.05,54.95,40.47,69.23,0.7368,-1,-1,-1
316,16,752.09,396.80,83.67,133.08,0.7994,-1,-1,-1
316,15,1256.54,19.62,34.66,64.51,0.8400,-1,-1,-1
316,10,1140.99,85.53,44.80,74.32,0.8627,-1,-1,-1
316,6,811.53,281.80,58.84,109.76,0.8856,-1,-1,-1
316,5,671.31,49.45,38.54,72.75,0.8927,-1,-1,-1
316,4,1039.12,102.63,39.15,73.85,0.8931,-1,-1,-1
316,2,676.90,890.30,176.30,166.75,0.9407,-1,-1,-1
316,1,724.57,309.56,60.31,128.35,0.9408,-1,-1,-1