0,1345,17.33,563.89,118.46,162.79,0.9408,-1,-1,-1
0,1346,672.96,764.30,195.18,119.39,0.9407,-1,-1,-1
0,1347,206.36,563.20,113.14,164.59,0.9257,-1,-1,-1
0,1348,739.55,376.42,67.38,117.97,0.8931,-1,-1,-1
0,1349,114.83,225.72,57.33,85.73,0.8927,-1,-1,-1
0,1350,423.89,417.63,72.59,122.23,0.8856,-1,-1,-1
0,1351,338.90,675.22,129.17,178.26,0.8725,-1,-1,-1
0,1352,270.19,460.79,84.27,132.25,0.8699,-1,-1,-1
0,1353,818.42,224.90,58.55,86.90,0.8667,-1,-1,-1
0,1354,865.19,202.91,51.13,88.44,0.8627,-1,-1,-1
0,1355,768.17,275.81,65.08,86.17,0.8620,-1,-1,-1
0,1356,375.75,582.21,106.70,172.02,0.8593,-1,-1,-1
0,1357,471.07,492.06,93.44,150.22,0.8432,-1,-1,-1
0,1358,672.12,240.92,52.20,85.56,0.8428,-1,-1,-1
0,1359,1049.10,87.18,37.60,62.08,0.8400,-1,-1,-1
0,1360,500.86,475.16,83.40,113.13,0.7994,-1,-1,-1
0,1361,685.80,305.23,56.45,93.37,0.7676,-1,-1,-1
0,1362,1033.06,68.00,24.44,51.38,0.7485,-1,-1,-1
0,1363,964.46,124.20,39.80,63.07,0.7368,-1,-1,-1
0,1364,1498.78,107.01,35.34,34.72,0.7229,-1,-1,-1
0,1365,631.84,853.41,88.86,67.38,0.5588,-1,-1,-1
0,1366,632.11,750.67,94.79,169.28,0.5143,-1,-1,-1
1,1345,20.71,561.84,118.76,163.24,0.9353,-1,-1,-1
1,1346,672.72,765.86,193.74,118.49,0.9325,-1,-1,-1
1,1347,209.56,563.20,113.22,164.68,0.9358,-1,-1,-1
1,1348,740.62,375.86,67.34,117.83,0.8944,-1,-1,-1
1,1349,118.74,226.12,56.56,84.57,0.8374,-1,-1,-1
1,1350,419.77,417.98,74.25,125.06,0.8059,-1,-1,-1
1,1351,339.47,672.36,130.73,180.43,0.8887,-1,-1,-1
1,1352,271.30,461.30,83.34,130.69,0.8767,-1,-1,-1
1,1353,817.97,224.09,59.83,88.91,0.8769,-1,-1,-1
1,1354,864.89,202.93,51.54,89.13,0.8604,-1,-1,-1
1,1355,768.68,275.67,66.01,87.44,0.8497,-1,-1,-1
1,1356,377.07,580.80,107.97,174.07,0.8515,-1,-1,-1
1,1357,472.22,492.69,93.09,149.67,0.8515,-1,-1,-1
1,1358,671.41,240.33,52.97,86.88,0.8504,-1,-1,-1
1,1359,1050.10,87.46,36.47,60.24,0.8494,-1,-1,-1
1,1360,500.48,474.30,84.27,114.34,0.8001,-1,-1,-1
1,1361,685.42,306.57,64.70,107.26,0.8186,-1,-1,-1
1,1362,1032.57,67.07,25.23,53.02,0.7863,-1,-1,-1
1,1363,965.46,124.50,39.39,62.42,0.7488,-1,-1,-1
1,1364,1498.64,107.12,35.37,34.75,0.7344,-1,-1,-1
1,1365,628.98,848.30,94.13,71.46,0.5002,-1,-1,-1
1,1366,633.38,753.17,93.10,166.16,0.6375,-1,-1,-1
2,1345,24.15,560.41,117.93,162.12,0.9346,-1,-1,-1
2,1346,669.76,762.80,197.88,121.11,0.9427,-1,-1,-1
2,1347,210.98,562.18,113.84,165.75,0.9300,-1,-1,-1
2,1348,740.64,374.93,67.26,117.65,0.8928,-1,-1,-1
2,1349,118.77,225.45,57.19,85.57,0.8452,-1,-1,-1
2,1350,416.66,421.31,73.89,124.48,0.8588,-1,-1,-1
2,1351,343.93,682.67,122.35,168.52,0.8577,-1,-1,-1
2,1352,270.86,460.65,83.59,131.10,0.8717,-1,-1,-1
2,1353,817.86,221.97,60.55,90.13,0.8714,-1,-1,-1
2,1354,864.53,202.70,51.76,89.49,0.8570,-1,-1,-1
2,1355,769.45,276.43,65.37,86.62,0.8631,-1,-1,-1
2,1356,377.37,583.11,105.81,170.44,0.7588,-1,-1,-1
2,1357,472.58,494.00,92.27,148.35,0.8372,-1,-1,-1
2,1358,670.90,240.25,53.12,87.18,0.8525,-1,-1,-1
2,1359,1050.91,87.36,35.98,59.45,0.8590,-1,-1,-1
2,1360,501.64,474.82,83.73,113.62,0.8363,-1,-1,-1
2,1361,684.76,306.26,65.98,109.82,0.8232,-1,-1,-1
2,1362,1032.38,69.08,24.51,51.35,0.7552,-1,-1,-1
2,1363,966.39,125.61,38.57,61.06,0.7572,-1,-1,-1
2,1364,1498.56,107.07,35.12,34.46,0.7419,-1,-1,-1
2,1365,627.36,847.44,96.33,73.28,0.4979,-1,-1,-1
2,1366,630.78,752.55,94.13,168.07,0.6653,-1,-1,-1
3,1345,28.87,558.63,117.79,161.89,0.9275,-1,-1,-1
3,1346,670.10,762.49,196.39,120.24,0.9480,-1,-1,-1
3,1347,214.64,561.72,113.00,164.60,0.9447,-1,-1,-1
3,1348,740.87,372.68,68.22,119.54,0.9137,-1,-1,-1
3,1349,119.98,224.36,57.70,86.30,0.8692,-1,-1,-1
3,1350,413.80,423.52,75.20,126.18,0.8782,-1,-1,-1
3,1351,327.63,627.64,160.29,222.69,0.7518,-1,-1,-1
3,1352,271.11,459.24,83.82,131.47,0.8660,-1,-1,-1
3,1353,817.76,220.15,60.76,90.62,0.8775,-1,-1,-1
3,1354,864.25,202.67,52.26,90.41,0.8749,-1,-1,-1
3,1355,770.53,276.21,65.27,86.44,0.8528,-1,-1,-1
3,1356,379.69,588.42,102.33,164.51,0.7855,-1,-1,-1
3,1357,473.20,495.26,91.93,147.82,0.8515,-1,-1,-1
3,1358,670.20,240.09,53.64,88.14,0.8643,-1,-1,-1
3,1359,1051.54,87.02,35.81,59.09,0.8692,-1,-1,-1
3,1360,503.81,475.93,81.22,110.18,0.8607,-1,-1,-1
3,1361,684.97,307.59,65.11,108.78,0.8327,-1,-1,-1
3,1362,1031.62,69.41,24.57,51.28,0.7619,-1,-1,-1
3,1363,967.14,127.28,37.63,59.48,0.7813,-1,-1,-1
3,1364,1497.73,106.39,35.46,34.69,0.7422,-1,-1,-1
3,1365,626.79,848.71,94.92,72.31,0.6176,-1,-1,-1
3,1366,628.01,751.76,94.60,169.10,0.6517,-1,-1,-1
4,1345,33.10,556.82,117.62,161.78,0.9270,-1,-1,-1
4,1346,668.58,762.33,197.47,120.99,0.9473,-1,-1,-1
4,1347,217.10,560.25,113.09,164.89,0.9461,-1,-1,-1
4,1348,740.99,369.80,69.36,121.69,0.8996,-1,-1,-1
4,1349,121.42,223.27,57.93,86.62,0.8773,-1,-1,-1
4,1350,411.45,426.73,74.78,124.67,0.8904,-1,-1,-1
4,1351,322.46,604.71,174.28,244.87,0.8271,-1,-1,-1
4,1352,271.79,459.02,82.48,129.29,0.8935,-1,-1,-1
4,1353,818.44,219.77,59.87,89.40,0.8871,-1,-1,-1
4,1354,863.61,202.53,53.08,91.85,0.8793,-1,-1,-1
4,1355,771.25,275.99,65.27,86.41,0.8540,-1,-1,-1
4,1356,379.69,589.29,103.22,165.58,0.7361,-1,-1,-1
4,1357,473.26,495.47,92.12,148.03,0.8535,-1,-1,-1
4,1358,668.77,240.47,53.56,88.41,0.8569,-1,-1,-1
4,1359,1051.72,87.19,35.76,58.92,0.8858,-1,-1,-1
4,1360,503.91,475.12,81.48,110.39,0.8530,-1,-1,-1
4,1361,684.94,306.62,65.28,109.59,0.8338,-1,-1,-1
4,1362,1030.54,69.42,24.56,51.25,0.7666,-1,-1,-1
4,1363,967.80,128.08,37.59,59.29,0.7851,-1,-1,-1
4,1364,1496.99,106.42,35.43,34.48,0.7318,-1,-1,-1
4,1365,625.92,847.11,96.63,73.92,0.6338,-1,-1,-1
4,1366,627.89,751.50,94.55,169.36,0.6624,-1,-1,-1
4,1367,389.08,577.44,99.15,126.14,0.7872,-1,-1,-1
5,1345,37.55,555.85,116.77,160.82,0.9270,-1,-1,-1
5,1346,667.98,762.87,199.01,122.14,0.9379,-1,-1,-1
5,1347,221.40,558.29,112.89,164.88,0.9322,-1,-1,-1
5,1348,741.87,368.25,69.79,122.52,0.8887,-1,-1,-1
5,1349,123.56,223.07,57.32,85.82,0.8339,-1,-1,-1
5,1350,405.85,430.80,74.17,122.83,0.8724,-1,-1,-1
5,1351,322.59,594.56,177.82,253.13,0.8362,-1,-1,-1
5,1352,271.55,458.72,82.23,128.76,0.8973,-1,-1,-1
5,1353,817.50,219.00,59.40,88.92,0.8908,-1,-1,-1
5,1354,863.59,202.60,52.87,91.53,0.8780,-1,-1,-1
5,1355,771.30,275.99,65.50,86.65,0.8599,-1,-1,-1
5,1356,382.26,588.19,103.01,164.86,0.7722,-1,-1,-1
5,1357,473.44,494.81,92.47,148.52,0.8466,-1,-1,-1
5,1358,667.68,240.17,53.66,89.26,0.8578,-1,-1,-1
5,1359,1051.95,87.61,35.81,59.07,0.8782,-1,-1,-1
5,1360,506.37,475.87,80.46,108.89,0.8711,-1,-1,-1
5,1361,685.31,307.34,64.60,108.86,0.8638,-1,-1,-1
5,1362,1030.25,70.37,23.98,49.77,0.8112,-1,-1,-1
5,1363,967.17,126.75,39.29,62.05,0.7809,-1,-1,-1
5,1364,1497.41,106.04,35.55,34.48,0.7370,-1,-1,-1
5,1365,624.44,847.84,97.92,75.18,0.6650,-1,-1,-1
5,1366,627.24,753.94,93.78,167.98,0.5147,-1,-1,-1
5,1367,391.96,579.84,95.99,122.08,0.5231,-1,-1,-1
6,1345,40.28,553.72,117.45,161.89,0.9033,-1,-1,-1
6,1346,668.76,763.74,197.82,121.58,0.9383,-1,-1,-1
6,1347,225.02,556.82,112.28,164.24,0.9281,-1,-1,-1
6,1348,741.46,364.44,71.07,125.22,0.9011,-1,-1,-1
6,1349,124.99,222.75,57.19,85.67,0.8662,-1,-1,-1
6,1350,401.94,433.34,74.46,122.48,0.9064,-1,-1,-1
6,1351,328.52,600.61,171.05,246.21,0.8291,-1,-1,-1
6,1352,271.35,458.02,82.74,129.51,0.9014,-1,-1,-1
6,1353,817.12,218.67,59.03,88.51,0.8885,-1,-1,-1
6,1354,863.28,202.21,52.94,91.75,0.8718,-1,-1,-1
6,1355,771.38,275.06,66.13,87.65,0.8579,-1,-1,-1
6,1356,385.31,583.64,104.18,166.68,0.8019,-1,-1,-1
6,1357,473.80,494.61,92.48,148.43,0.8473,-1,-1,-1
6,1358,667.24,240.84,53.05,89.11,0.8543,-1,-1,-1
6,1359,1053.14,87.90,35.53,58.54,0.8794,-1,-1,-1
6,1360,506.92,475.81,81.27,109.95,0.8766,-1,-1,-1
6,1361,685.49,307.81,63.97,108.25,0.8556,-1,-1,-1
6,1362,1029.84,71.11,24.26,50.15,0.8146,-1,-1,-1
6,1363,966.50,125.90,40.43,63.96,0.7966,-1,-1,-1
6,1364,1497.82,106.30,35.48,34.31,0.7320,-1,-1,-1
6,1365,622.84,847.59,99.88,77.10,0.6918,-1,-1,-1
6,1366,626.31,753.30,94.64,169.75,0.5797,-1,-1,-1
7,1345,45.16,553.15,116.35,160.65,0.9166,-1,-1,-1
7,1346,667.96,764.52,197.43,121.46,0.9398,-1,-1,-1
7,1347,228.79,553.42,112.76,165.31,0.8996,-1,-1,-1
7,1348,743.69,366.78,66.33,116.83,0.8906,-1,-1,-1
7,1349,128.87,222.80,56.05,83.69,0.8591,-1,-1,-1
7,1350,398.82,437.08,74.80,121.72,0.8933,-1,-1,-1
7,1351,345.22,646.84,140.03,200.03,0.7476,-1,-1,-1
7,1352,270.30,457.74,83.33,130.16,0.8790,-1,-1,-1
7,1353,815.63,217.77,57.92,87.32,0.8798,-1,-1,-1
7,1354,862.39,202.68,53.52,92.91,0.8757,-1,-1,-1
7,1355,770.50,274.56,66.57,88.36,0.8640,-1,-1,-1
7,1356,387.82,585.43,102.02,162.85,0.7635,-1,-1,-1
7,1357,474.36,495.17,92.11,147.74,0.8710,-1,-1,-1
7,1358,666.17,241.15,52.67,89.61,0.8298,-1,-1,-1
7,1359,1053.07,87.29,35.89,59.02,0.8543,-1,-1,-1
7,1360,507.57,474.20,81.85,110.50,0.8664,-1,-1,-1
7,1361,685.59,306.96,63.81,108.53,0.8547,-1,-1,-1
7,1362,1028.91,71.43,25.00,51.33,0.8008,-1,-1,-1
7,1363,966.95,126.22,40.63,64.26,0.7999,-1,-1,-1
7,1364,1497.72,106.01,35.69,34.40,0.7106,-1,-1,-1
7,1365,623.24,848.48,98.14,76.10,0.6905,-1,-1,-1
7,1366,626.39,751.43,95.42,171.29,0.4904,-1,-1,-1
8,1345,48.80,553.59,115.00,158.83,0.9096,-1,-1,-1
8,1346,667.07,763.98,198.58,122.39,0.9408,-1,-1,-1
8,1347,231.54,550.83,113.64,167.02,0.8897,-1,-1,-1
8,1348,743.46,365.43,66.87,118.17,0.9019,-1,-1,-1
8,1349,131.45,223.12,55.87,83.44,0.8873,-1,-1,-1
8,1350,395.55,439.09,75.93,122.01,0.8803,-1,-1,-1
8,1351,353.84,666.69,126.76,179.75,0.8064,-1,-1,-1
8,1352,270.41,457.90,83.31,129.99,0.8889,-1,-1,-1
8,1353,814.83,216.74,57.32,87.01,0.8695,-1,-1,-1
8,1354,861.75,202.09,54.11,93.99,0.8813,-1,-1,-1
8,1355,770.12,274.55,66.40,88.13,0.8627,-1,-1,-1
8,1356,389.46,581.68,102.93,164.45,0.8064,-1,-1,-1
8,1357,475.15,496.56,91.35,146.29,0.8837,-1,-1,-1
8,1358,665.48,241.47,51.78,89.28,0.8225,-1,-1,-1
8,1359,1053.61,87.56,35.88,58.86,0.8612,-1,-1,-1
8,1360,509.00,474.47,81.69,110.01,0.8674,-1,-1,-1
8,1361,685.98,307.00,63.27,108.06,0.8622,-1,-1,-1
8,1362,1027.92,71.26,25.75,52.63,0.8014,-1,-1,-1
8,1363,967.84,126.71,40.43,64.18,0.7985,-1,-1,-1
8,1364,1498.24,106.25,34.99,33.62,0.6960,-1,-1,-1
8,1365,624.57,848.93,96.97,75.64,0.7130,-1,-1,-1
8,1366,627.48,750.93,95.62,171.89,0.5191,-1,-1,-1
9,1345,51.29,550.91,115.80,159.84,0.9166,-1,-1,-1
9,1346,666.71,764.85,198.48,122.42,0.9367,-1,-1,-1
9,1347,234.84,548.12,113.88,167.79,0.8667,-1,-1,-1
9,1348,743.34,363.30,68.94,122.67,0.9043,-1,-1,-1
9,1349,133.74,223.42,55.40,82.96,0.8843,-1,-1,-1
9,1350,391.01,441.44,77.62,123.38,0.8708,-1,-1,-1
9,1351,356.12,660.58,129.73,183.42,0.8211,-1,-1,-1
9,1352,270.50,457.28,83.90,130.72,0.9009,-1,-1,-1
9,1353,813.02,215.70,55.25,84.84,0.8492,-1,-1,-1
9,1354,861.30,201.98,54.28,94.06,0.8770,-1,-1,-1
9,1355,769.93,273.76,66.80,88.90,0.8708,-1,-1,-1
9,1356,391.62,576.53,104.62,167.57,0.8593,-1,-1,-1
9,1357,475.61,496.16,90.98,145.66,0.8890,-1,-1,-1
9,1358,664.59,241.88,51.41,90.08,0.7927,-1,-1,-1
9,1359,1054.31,87.31,35.98,59.05,0.8686,-1,-1,-1
9,1360,512.06,471.64,82.44,111.05,0.8837,-1,-1,-1
9,1361,687.02,306.79,62.23,106.62,0.8688,-1,-1,-1
9,1362,1028.03,71.17,26.12,52.91,0.7577,-1,-1,-1
9,1363,968.36,127.16,40.25,64.15,0.7972,-1,-1,-1
9,1364,1499.19,106.30,34.31,32.85,0.7009,-1,-1,-1
9,1365,625.70,849.51,95.61,74.87,0.6766,-1,-1,-1
9,1366,630.29,752.61,94.96,169.90,0.5288,-1,-1,-1
10,1345,54.95,549.73,115.54,159.70,0.9224,-1,-1,-1
10,1346,668.05,766.56,195.72,120.70,0.9343,-1,-1,-1
10,1347,238.28,546.39,113.85,168.20,0.8918,-1,-1,-1
10,1348,744.20,361.97,68.30,122.00,0.9038,-1,-1,-1
10,1349,135.05,222.63,55.67,83.60,0.8820,-1,-1,-1
10,1350,388.27,443.99,78.89,123.62,0.7695,-1,-1,-1
10,1351,359.12,662.72,127.89,180.18,0.8576,-1,-1,-1
10,1352,271.13,457.13,83.43,129.74,0.9034,-1,-1,-1
10,1353,814.18,215.32,54.90,84.90,0.8722,-1,-1,-1
10,1354,861.33,201.20,54.66,94.78,0.8951,-1,-1,-1
10,1355,769.91,273.61,67.05,89.49,0.8579,-1,-1,-1
10,1356,393.09,574.94,105.89,170.20,0.9052,-1,-1,-1
10,1357,475.80,493.89,91.79,147.14,0.8727,-1,-1,-1
10,1358,664.73,242.44,51.04,90.67,0.7914,-1,-1,-1
10,1359,1054.20,85.70,36.71,60.39,0.8593,-1,-1,-1
10,1360,514.44,472.15,81.52,109.93,0.8982,-1,-1,-1
10,1361,687.50,307.82,61.63,105.75,0.8643,-1,-1,-1
10,1362,1027.04,71.47,26.74,54.09,0.7499,-1,-1,-1
10,1363,969.06,126.60,40.55,65.17,0.8086,-1,-1,-1
10,1364,1499.99,106.04,34.03,32.42,0.6914,-1,-1,-1
10,1365,627.34,852.74,92.40,72.40,0.7279,-1,-1,-1
10,1366,634.92,774.76,84.54,148.29,0.4662,-1,-1,-1
10,1369,-0.43,742.87,45.69,337.13,0.5168,-1,-1,-1
11,1345,60.08,548.70,114.95,159.67,0.9076,-1,-1,-1
11,1346,668.16,767.38,195.20,120.37,0.9434,-1,-1,-1
11,1347,243.23,544.62,112.90,167.27,0.8866,-1,-1,-1
11,1348,744.95,358.99,68.82,123.53,0.9012,-1,-1,-1
11,1349,136.63,221.64,55.78,83.88,0.8879,-1,-1,-1
11,1350,380.56,444.98,81.20,127.19,0.7776,-1,-1,-1
11,1351,361.77,659.19,129.70,182.51,0.8340,-1,-1,-1
11,1352,273.40,456.85,82.24,127.57,0.8953,-1,-1,-1
11,1353,813.08,214.08,54.89,85.55,0.8432,-1,-1,-1
11,1354,861.52,201.30,54.63,94.64,0.8928,-1,-1,-1
11,1355,770.28,273.47,66.77,89.39,0.8618,-1,-1,-1
11,1356,393.86,574.29,106.94,172.17,0.8994,-1,-1,-1
11,1357,475.47,492.29,92.22,148.29,0.8923,-1,-1,-1
11,1358,664.60,242.72,51.11,92.01,0.7994,-1,-1,-1
11,1359,1053.79,85.55,36.64,59.90,0.8734,-1,-1,-1
11,1360,515.29,470.99,81.91,110.77,0.8901,-1,-1,-1
11,1361,688.17,307.67,61.21,105.38,0.8566,-1,-1,-1
11,1362,1025.61,72.54,26.21,53.09,0.7251,-1,-1,-1
11,1363,969.49,125.99,40.67,65.89,0.8205,-1,-1,-1
11,1364,1500.03,106.59,33.49,31.68,0.7015,-1,-1,-1
11,1365,626.82,851.59,93.44,73.54,0.6927,-1,-1,-1
11,1366,630.49,759.19,93.43,164.08,0.6195,-1,-1,-1
11,1369,1.76,738.87,46.23,340.46,0.5073,-1,-1,-1
12,1345,64.72,547.13,114.07,159.32,0.8941,-1,-1,-1
12,1346,667.30,767.60,196.39,121.22,0.9464,-1,-1,-1
12,1347,247.55,543.40,111.35,165.21,0.8706,-1,-1,-1
12,1348,746.18,358.00,68.31,123.23,0.8941,-1,-1,-1
12,1349,138.09,220.93,55.63,83.79,0.8793,-1,-1,-1
12,1350,374.00,446.84,81.47,127.55,0.8470,-1,-1,-1
12,1351,360.85,648.19,136.53,193.04,0.8381,-1,-1,-1
12,1352,274.04,456.82,82.06,126.81,0.8922,-1,-1,-1
12,1353,813.11,213.28,54.32,84.98,0.8436,-1,-1,-1
12,1354,862.00,201.50,54.44,94.22,0.8888,-1,-1,-1
12,1355,770.17,273.67,66.63,89.65,0.8680,-1,-1,-1
12,1356,396.10,576.53,105.11,169.21,0.8848,-1,-1,-1
12,1357,476.85,492.54,91.66,147.66,0.8850,-1,-1,-1
12,1358,665.20,244.51,50.23,91.10,0.7962,-1,-1,-1
12,1359,1055.01,86.00,36.40,59.31,0.8601,-1,-1,-1
12,1360,516.39,471.05,81.49,110.64,0.8866,-1,-1,-1
12,1361,689.26,307.99,60.87,104.91,0.8614,-1,-1,-1
12,1362,1024.82,72.96,25.80,52.11,0.7261,-1,-1,-1
12,1363,970.46,126.16,40.42,65.88,0.8126,-1,-1,-1
12,1364,1499.63,105.66,34.60,32.74,0.7146,-1,-1,-1
12,1365,627.01,850.74,92.98,73.48,0.6428,-1,-1,-1
12,1366,630.81,755.15,95.86,167.88,0.7420,-1,-1,-1
12,1369,3.73,748.83,45.06,330.18,0.4456,-1,-1,-1
13,1345,68.98,545.50,113.94,159.32,0.9137,-1,-1,-1
13,1346,667.53,768.61,195.58,120.67,0.9242,-1,-1,-1
13,1347,252.56,541.99,109.59,162.97,0.8795,-1,-1,-1
13,1348,747.21,355.07,68.69,124.47,0.8841,-1,-1,-1
13,1349,140.82,220.21,55.72,83.96,0.8861,-1,-1,-1
13,1350,369.55,448.27,82.13,128.20,0.7070,-1,-1,-1
13,1351,369.59,665.74,125.02,174.81,0.8107,-1,-1,-1
13,1352,277.08,457.56,81.20,124.96,0.8814,-1,-1,-1
13,1353,813.44,212.71,53.39,84.01,0.8575,-1,-1,-1
13,1354,862.55,201.98,54.00,93.27,0.8809,-1,-1,-1
13,1355,771.49,274.40,65.53,88.52,0.8609,-1,-1,-1
13,1356,397.83,576.44,104.90,169.28,0.8994,-1,-1,-1
13,1357,478.59,490.57,91.86,148.48,0.8840,-1,-1,-1
13,1358,664.63,244.36,50.35,92.32,0.7807,-1,-1,-1
13,1359,1055.94,85.66,36.91,60.16,0.8405,-1,-1,-1
13,1360,518.01,470.68,80.98,110.49,0.8811,-1,-1,-1
13,1361,690.27,308.71,60.48,104.27,0.8698,-1,-1,-1
13,1362,1024.64,73.31,26.67,53.74,0.7479,-1,-1,-1
13,1363,972.82,126.33,40.37,66.17,0.8277,-1,-1,-1
13,1364,1499.85,104.84,35.10,33.27,0.7191,-1,-1,-1
13,1365,628.34,853.99,89.09,70.39,0.6370,-1,-1,-1
13,1366,628.97,752.91,96.47,169.37,0.5328,-1,-1,-1
13,1369,4.42,740.83,46.47,338.23,0.5434,-1,-1,-1
14,1345,72.67,544.36,113.42,159.07,0.9151,-1,-1,-1
14,1346,668.72,770.35,193.30,119.08,0.9237,-1,-1,-1
14,1347,255.67,540.97,108.81,162.30,0.8889,-1,-1,-1
14,1348,748.53,354.92,68.51,124.76,0.8918,-1,-1,-1
14,1349,142.54,219.04,56.93,85.42,0.8948,-1,-1,-1
14,1350,366.88,451.00,83.08,129.05,0.6454,-1,-1,-1
14,1351,375.04,670.95,121.09,167.76,0.8103,-1,-1,-1
14,1352,278.84,457.27,80.19,123.42,0.9001,-1,-1,-1
14,1353,813.75,212.01,53.28,84.41,0.8462,-1,-1,-1
14,1354,863.05,201.70,53.96,93.06,0.8836,-1,-1,-1
14,1355,771.82,273.88,65.36,88.67,0.8700,-1,-1,-1
14,1356,399.36,575.70,104.89,169.67,0.9093,-1,-1,-1
14,1357,479.70,490.22,91.84,148.87,0.8775,-1,-1,-1
14,1358,664.58,245.83,50.00,92.28,0.7974,-1,-1,-1
14,1359,1056.21,85.22,37.29,60.93,0.8103,-1,-1,-1
14,1360,518.95,470.70,81.81,112.21,0.8638,-1,-1,-1
14,1361,690.77,308.38,60.44,104.23,0.8727,-1,-1,-1
14,1362,1025.13,76.59,25.94,51.62,0.7577,-1,-1,-1
14,1363,974.02,126.67,40.00,65.91,0.8294,-1,-1,-1
14,1364,1499.14,103.85,35.95,34.20,0.7165,-1,-1,-1
14,1365,628.38,854.64,88.20,69.77,0.6639,-1,-1,-1
14,1366,629.40,761.74,91.46,160.10,0.4632,-1,-1,-1
14,1369,5.56,739.12,47.20,339.85,0.5922,-1,-1,-1
15,1345,77.50,544.23,112.01,157.19,0.9048,-1,-1,-1
15,1346,668.44,771.87,193.04,118.77,0.9215,-1,-1,-1
15,1347,258.64,539.86,107.24,160.67,0.8892,-1,-1,-1
15,1348,749.59,353.99,67.83,123.95,0.8989,-1,-1,-1
15,1349,143.96,218.18,58.06,86.89,0.8867,-1,-1,-1
15,1350,360.50,454.96,83.61,129.42,0.5271,-1,-1,-1
15,1351,377.43,670.94,121.20,166.73,0.7759,-1,-1,-1
15,1352,280.38,456.88,79.68,122.44,0.8919,-1,-1,-1
15,1353,813.90,210.18,53.24,85.06,0.8583,-1,-1,-1
15,1354,862.89,201.79,53.78,92.65,0.8838,-1,-1,-1
15,1355,772.28,273.09,65.46,89.11,0.8662,-1,-1,-1
15,1356,400.27,573.50,105.76,171.14,0.8487,-1,-1,-1
15,1357,481.71,490.28,91.51,148.55,0.8888,-1,-1,-1
15,1358,662.24,247.07,48.71,90.90,0.8173,-1,-1,-1
15,1359,1057.19,85.06,37.09,60.86,0.7896,-1,-1,-1
15,1360,521.26,471.02,81.06,111.36,0.8831,-1,-1,-1
15,1361,690.75,308.11,60.25,103.78,0.8636,-1,-1,-1
15,1362,1024.58,76.90,27.17,53.62,0.7537,-1,-1,-1
15,1363,975.31,126.55,39.99,66.24,0.8304,-1,-1,-1
15,1364,1498.51,103.16,36.42,34.77,0.7008,-1,-1,-1
15,1365,629.63,856.39,85.63,67.47,0.6891,-1,-1,-1
15,1366,628.80,760.46,92.58,162.19,0.4743,-1,-1,-1
15,1369,5.01,724.13,49.83,355.39,0.6475,-1,-1,-1
16,1345,80.67,542.63,111.14,156.31,0.8931,-1,-1,-1
16,1346,665.93,770.05,198.31,122.39,0.9187,-1,-1,-1
16,1347,261.13,536.94,107.68,162.34,0.8777,-1,-1,-1
16,1348,750.78,352.89,66.98,122.88,0.8745,-1,-1,-1
16,1349,145.89,217.56,57.59,85.84,0.8850,-1,-1,-1
16,1350,353.61,457.93,83.37,129.32,0.8747,-1,-1,-1
16,1351,379.08,667.99,123.07,168.68,0.7760,-1,-1,-1
16,1352,280.43,457.01,79.61,122.26,0.8694,-1,-1,-1
16,1353,814.78,209.39,52.41,84.16,0.8400,-1,-1,-1
16,1354,862.71,200.88,54.15,93.17,0.8861,-1,-1,-1
16,1355,772.41,272.93,65.70,89.85,0.8604,-1,-1,-1
16,1356,401.57,571.38,105.04,170.05,0.8646,-1,-1,-1
16,1357,482.87,490.44,91.17,148.14,0.8992,-1,-1,-1
16,1358,661.24,248.25,47.82,89.59,0.8498,-1,-1,-1
16,1359,1057.84,85.31,36.78,60.43,0.7941,-1,-1,-1
16,1360,522.47,471.17,80.65,110.93,0.8586,-1,-1,-1
16,1361,691.05,307.65,60.26,103.74,0.8765,-1,-1,-1
16,1362,1023.83,75.41,27.55,53.89,0.7561,-1,-1,-1
16,1363,976.60,127.81,39.54,65.56,0.8232,-1,-1,-1
16,1364,1498.68,102.82,36.44,35.00,0.7078,-1,-1,-1
16,1365,627.79,853.94,88.56,69.92,0.6866,-1,-1,-1
16,1366,626.58,753.35,96.32,169.65,0.3885,-1,-1,-1
16,1369,5.67,726.71,50.15,352.63,0.5253,-1,-1,-1
17,1345,85.34,541.61,110.51,155.48,0.8814,-1,-1,-1
17,1346,667.27,772.02,196.67,121.57,0.9353,-1,-1,-1
17,1347,265.31,534.21,107.28,162.84,0.8839,-1,-1,-1
17,1348,751.28,350.70,67.12,123.90,0.8960,-1,-1,-1
17,1349,149.09,217.10,56.99,84.72,0.8521,-1,-1,-1
17,1350,347.59,460.52,83.73,129.43,0.8718,-1,-1,-1
17,1351,378.64,656.88,130.08,179.08,0.5593,-1,-1,-1
17,1352,281.11,456.47,79.09,121.53,0.8603,-1,-1,-1
17,1353,815.13,208.46,52.21,84.33,0.8420,-1,-1,-1
17,1354,862.35,200.46,54.23,93.31,0.8823,-1,-1,-1
17,1355,773.22,274.26,64.52,88.46,0.8581,-1,-1,-1
17,1356,402.72,567.64,104.11,168.41,0.8730,-1,-1,-1
17,1357,483.57,489.13,91.54,149.04,0.8492,-1,-1,-1
17,1358,659.85,248.67,47.71,90.09,0.8515,-1,-1,-1
17,1359,1058.59,85.15,37.04,60.92,0.8065,-1,-1,-1
17,1360,524.46,470.40,80.93,111.20,0.8714,-1,-1,-1
17,1361,690.73,307.11,60.45,103.85,0.8822,-1,-1,-1
17,1362,1023.42,73.95,29.07,56.84,0.7515,-1,-1,-1
17,1363,976.39,126.72,40.43,66.62,0.8242,-1,-1,-1
17,1364,1499.42,102.28,36.23,35.18,0.7050,-1,-1,-1
17,1365,625.32,849.65,94.06,74.77,0.6087,-1,-1,-1
17,1366,629.88,755.50,96.04,167.63,0.6272,-1,-1,-1
17,1369,6.85,727.81,50.96,351.31,0.7698,-1,-1,-1
17,1372,389.64,753.10,104.37,82.65,0.7887,-1,-1,-1
18,1345,87.68,539.36,110.92,156.12,0.8884,-1,-1,-1
18,1346,667.01,772.81,197.06,122.04,0.9395,-1,-1,-1
18,1347,268.70,533.12,105.72,160.71,0.8774,-1,-1,-1
18,1348,752.79,349.93,66.73,123.91,0.9040,-1,-1,-1
18,1349,151.71,216.06,56.92,84.27,0.8526,-1,-1,-1
18,1350,342.70,463.62,83.40,127.99,0.8290,-1,-1,-1
18,1351,372.25,632.84,145.02,202.75,0.6339,-1,-1,-1
18,1352,282.09,455.27,78.80,121.41,0.8747,-1,-1,-1
18,1353,815.52,207.28,52.50,85.60,0.8729,-1,-1,-1
18,1354,862.26,200.31,54.45,93.63,0.8861,-1,-1,-1
18,1355,774.36,275.21,63.71,87.40,0.8544,-1,-1,-1
18,1356,405.88,565.15,98.36,158.46,0.8183,-1,-1,-1
18,1357,484.66,488.87,91.33,148.93,0.8351,-1,-1,-1
18,1358,658.29,247.49,48.27,92.03,0.8353,-1,-1,-1
18,1359,1058.97,84.33,37.51,61.77,0.8089,-1,-1,-1
18,1360,525.90,470.38,80.76,110.88,0.8567,-1,-1,-1
18,1361,690.63,306.89,60.38,103.39,0.8968,-1,-1,-1
18,1362,1023.42,73.40,30.26,59.03,0.7562,-1,-1,-1
18,1363,977.61,126.31,40.91,67.17,0.8249,-1,-1,-1
18,1364,1499.56,102.03,35.96,35.11,0.6980,-1,-1,-1
18,1365,623.02,846.94,97.72,78.40,0.5603,-1,-1,-1
18,1366,630.08,760.26,94.25,163.38,0.6221,-1,-1,-1
18,1369,8.53,737.43,50.98,341.93,0.8107,-1,-1,-1
18,1372,367.61,715.96,149.97,119.21,0.7638,-1,-1,-1
19,1345,89.68,537.69,111.51,157.01,0.9139,-1,-1,-1
19,1346,665.99,772.83,198.28,123.02,0.9409,-1,-1,-1
19,1347,271.81,532.78,105.04,159.79,0.8603,-1,-1,-1
19,1348,755.02,350.42,65.21,121.10,0.8944,-1,-1,-1
19,1349,155.59,215.86,56.89,83.99,0.8754,-1,-1,-1
19,1350,337.04,464.41,84.63,129.21,0.7506,-1,-1,-1
19,1351,377.49,640.25,139.46,195.90,0.8121,-1,-1,-1
19,1352,282.86,454.38,78.41,121.35,0.8591,-1,-1,-1
19,1353,816.82,207.12,51.99,85.35,0.8607,-1,-1,-1
19,1354,862.87,200.04,54.59,93.92,0.8765,-1,-1,-1
19,1355,773.94,273.98,64.15,88.37,0.8643,-1,-1,-1
19,1356,404.55,567.86,102.54,165.14,0.8646,-1,-1,-1
19,1357,486.61,489.26,90.38,147.23,0.8629,-1,-1,-1
19,1358,657.97,246.47,49.18,94.26,0.8382,-1,-1,-1
19,1359,1059.75,84.79,37.22,61.22,0.7356,-1,-1,-1
19,1360,527.63,467.95,81.81,112.26,0.8441,-1,-1,-1
19,1361,691.14,305.83,60.68,103.84,0.8894,-1,-1,-1
19,1362,1024.52,76.69,29.74,57.09,0.7158,-1,-1,-1
19,1363,977.49,126.30,41.62,67.88,0.7985,-1,-1,-1
19,1364,1499.16,101.59,35.98,35.31,0.6956,-1,-1,-1
19,1365,620.92,841.82,103.12,83.78,0.5363,-1,-1,-1
19,1366,632.32,763.14,93.69,160.19,0.5952,-1,-1,-1
19,1369,10.04,736.66,52.76,342.66,0.7148,-1,-1,-1
20,1345,91.65,535.61,111.61,157.59,0.9053,-1,-1,-1
20,1346,665.28,774.04,198.16,123.02,0.9245,-1,-1,-1
20,1347,276.65,534.89,103.64,157.44,0.8317,-1,-1,-1
20,1348,756.31,350.08,65.33,121.17,0.9058,-1,-1,-1
20,1349,157.14,214.89,57.79,85.24,0.8845,-1,-1,-1
20,1350,334.51,463.29,87.53,133.35,0.7226,-1,-1,-1
20,1351,381.04,642.12,137.13,193.97,0.8332,-1,-1,-1
20,1352,285.50,453.47,77.20,120.06,0.8272,-1,-1,-1
20,1353,817.58,206.15,52.03,86.27,0.8556,-1,-1,-1
20,1354,863.18,199.60,54.68,94.07,0.8767,-1,-1,-1
20,1355,773.61,273.84,64.59,89.43,0.8659,-1,-1,-1
20,1356,405.62,570.55,102.49,164.39,0.8642,-1,-1,-1
20,1357,488.33,488.03,90.65,147.49,0.8522,-1,-1,-1
20,1358,656.96,248.23,48.75,93.56,0.8439,-1,-1,-1
20,1359,1060.05,84.52,37.27,61.35,0.7919,-1,-1,-1
20,1360,528.71,466.53,82.03,112.84,0.8607,-1,-1,-1
20,1361,691.03,305.09,61.19,104.61,0.8910,-1,-1,-1
20,1362,1023.94,78.40,29.72,56.14,0.7225,-1,-1,-1
20,1363,979.99,128.60,40.75,65.87,0.7990,-1,-1,-1
20,1364,1499.47,101.60,35.88,35.24,0.6915,-1,-1,-1
20,1365,618.00,829.92,115.43,95.19,0.3130,-1,-1,-1
20,1366,637.88,766.93,94.39,156.44,0.5355,-1,-1,-1
20,1369,10.52,738.81,54.16,340.36,0.7049,-1,-1,-1
20,1372,373.19,715.09,148.67,118.71,0.4503,-1,-1,-1
21,1345,94.93,533.97,111.57,157.74,0.8912,-1,-1,-1
21,1346,666.36,774.65,197.19,122.58,0.9340,-1,-1,-1
21,1347,281.19,533.59,102.69,156.18,0.8431,-1,-1,-1
21,1348,760.58,350.31,57.44,105.46,0.8616,-1,-1,-1
21,1349,158.01,214.97,57.23,84.78,0.8707,-1,-1,-1
21,1350,328.79,463.02,88.34,133.33,0.6302,-1,-1,-1
21,1351,385.48,645.17,134.24,191.16,0.8468,-1,-1,-1
21,1352,288.32,453.17,75.24,117.74,0.7554,-1,-1,-1
21,1353,818.87,205.71,51.71,86.66,0.8422,-1,-1,-1
21,1354,863.23,199.24,54.79,94.06,0.8828,-1,-1,-1
21,1355,774.05,274.00,64.34,89.15,0.8708,-1,-1,-1
21,1356,406.02,573.67,102.43,164.20,0.8330,-1,-1,-1
21,1357,490.65,488.30,89.99,145.74,0.8518,-1,-1,-1
21,1358,656.31,250.60,48.55,92.80,0.8508,-1,-1,-1
21,1359,1059.97,84.68,37.03,61.18,0.7942,-1,-1,-1
21,1360,532.29,468.02,80.56,111.01,0.8608,-1,-1,-1
21,1361,691.70,304.86,60.87,103.95,0.8876,-1,-1,-1
21,1362,1022.34,77.86,30.50,57.18,0.6705,-1,-1,-1
21,1363,981.52,129.37,40.90,65.12,0.8228,-1,-1,-1
21,1364,1499.35,101.62,35.87,35.34,0.7033,-1,-1,-1
21,1365,621.55,841.59,101.67,83.82,0.4809,-1,-1,-1
21,1366,628.32,761.23,97.78,162.73,0.3780,-1,-1,-1
21,1369,11.44,743.93,55.27,334.46,0.5026,-1,-1,-1
22,1345,97.19,532.76,112.01,158.60,0.8908,-1,-1,-1
22,1346,669.91,779.15,190.82,118.34,0.9336,-1,-1,-1
22,1347,282.61,528.74,104.35,159.38,0.8419,-1,-1,-1
22,1348,759.20,349.38,61.98,114.19,0.8916,-1,-1,-1
22,1349,160.04,214.12,57.47,85.24,0.8766,-1,-1,-1
22,1350,323.15,458.94,92.49,140.30,0.6645,-1,-1,-1
22,1351,387.02,643.47,134.88,193.31,0.8612,-1,-1,-1
22,1352,287.82,451.98,76.21,120.64,0.6712,-1,-1,-1
22,1353,819.70,205.39,50.94,86.72,0.8365,-1,-1,-1
22,1354,863.33,199.40,54.50,93.34,0.8712,-1,-1,-1
22,1355,774.41,273.91,64.40,89.25,0.8625,-1,-1,-1
22,1356,407.73,573.91,102.32,163.25,0.8256,-1,-1,-1
22,1357,491.42,486.61,91.25,147.50,0.8534,-1,-1,-1
22,1358,654.56,250.93,48.55,92.40,0.8875,-1,-1,-1
22,1359,1060.97,84.92,36.94,61.13,0.7858,-1,-1,-1
22,1360,534.32,469.24,79.13,109.22,0.8570,-1,-1,-1
22,1361,691.61,304.06,61.03,104.30,0.8747,-1,-1,-1
22,1362,1021.60,79.25,30.29,56.13,0.5963,-1,-1,-1
22,1363,983.02,128.61,41.80,66.09,0.8342,-1,-1,-1
22,1364,1499.53,101.87,35.84,35.36,0.6976,-1,-1,-1
22,1365,621.37,844.11,98.14,81.18,0.5264,-1,-1,-1
22,1366,628.51,762.21,98.59,161.79,0.4904,-1,-1,-1
22,1369,8.08,699.37,63.65,379.03,0.2979,-1,-1,-1
23,1345,101.71,532.20,111.15,157.88,0.9000,-1,-1,-1
23,1346,668.01,776.87,194.49,120.89,0.9165,-1,-1,-1
23,1347,286.90,530.90,102.09,156.42,0.8894,-1,-1,-1
23,1348,759.70,348.70,63.21,116.63,0.8982,-1,-1,-1
23,1349,162.37,212.91,58.13,86.45,0.8687,-1,-1,-1
23,1351,391.74,648.40,130.98,187.99,0.8268,-1,-1,-1
23,1352,290.01,452.65,76.97,121.78,0.8003,-1,-1,-1
23,1353,821.58,204.75,50.19,86.58,0.8537,-1,-1,-1
23,1354,863.51,199.71,54.56,93.12,0.8653,-1,-1,-1
23,1355,774.59,274.49,64.31,89.03,0.8712,-1,-1,-1
23,1356,407.98,574.53,103.29,162.96,0.8661,-1,-1,-1
23,1357,493.20,485.04,91.85,148.34,0.8707,-1,-1,-1
23,1358,651.47,252.05,48.90,93.23,0.8727,-1,-1,-1
23,1359,1061.29,83.88,37.61,62.50,0.7801,-1,-1,-1
23,1360,536.25,470.54,78.58,108.09,0.8435,-1,-1,-1
23,1361,691.56,303.77,60.78,103.89,0.8851,-1,-1,-1
23,1362,1020.85,81.26,29.48,54.09,0.5795,-1,-1,-1
23,1363,984.20,128.02,42.41,66.80,0.7898,-1,-1,-1
23,1364,1499.53,101.66,35.93,35.60,0.7008,-1,-1,-1
23,1365,623.00,849.13,92.39,76.07,0.5918,-1,-1,-1
23,1366,623.93,762.54,98.18,161.55,0.4217,-1,-1,-1
23,1369,6.35,663.62,62.48,366.27,0.4690,-1,-1,-1
23,1373,1303.62,8.99,27.22,18.53,0.4562,-1,-1,-1
24,1345,105.61,531.95,109.67,156.46,0.9002,-1,-1,-1
24,1346,669.99,778.37,192.03,119.44,0.9272,-1,-1,-1
24,1347,288.31,525.26,104.46,160.61,0.8689,-1,-1,-1
24,1348,763.12,347.28,56.86,103.73,0.8677,-1,-1,-1
24,1349,165.33,212.52,57.41,85.49,0.8663,-1,-1,-1
24,1351,394.78,651.01,128.36,184.42,0.8094,-1,-1,-1
24,1352,294.51,450.97,75.98,120.17,0.6407,-1,-1,-1
24,1353,823.51,204.84,48.88,84.96,0.8648,-1,-1,-1
24,1354,864.70,199.96,53.64,91.09,0.8358,-1,-1,-1
24,1355,774.39,273.23,65.12,90.44,0.8677,-1,-1,-1
24,1356,409.24,574.64,104.24,163.51,0.8754,-1,-1,-1
24,1357,495.39,484.47,91.55,147.44,0.8851,-1,-1,-1
24,1358,649.63,253.38,49.88,94.83,0.8761,-1,-1,-1
24,1359,1061.95,82.28,38.10,63.66,0.7788,-1,-1,-1
24,1360,537.70,468.47,79.00,108.65,0.8095,-1,-1,-1
24,1361,692.33,303.40,61.15,104.45,0.8997,-1,-1,-1
24,1362,1020.28,80.55,30.36,55.39,0.6880,-1,-1,-1
24,1363,985.28,127.65,43.07,67.22,0.8109,-1,-1,-1
24,1364,1499.73,100.65,37.05,36.90,0.7157,-1,-1,-1
24,1365,622.62,848.20,92.39,76.20,0.5766,-1,-1,-1
24,1366,627.12,761.28,100.04,162.18,0.5357,-1,-1,-1
24,1369,6.84,648.38,61.90,354.79,0.5353,-1,-1,-1
24,1373,1304.06,9.24,26.33,17.91,0.4292,-1,-1,-1
24,1350,306.44,453.46,98.63,148.28,0.4605,-1,-1,-1
25,1345,109.20,530.17,109.15,156.64,0.8867,-1,-1,-1
25,1346,670.58,778.98,190.93,118.77,0.9330,-1,-1,-1
25,1347,296.25,526.67,100.94,154.83,0.8644,-1,-1,-1
25,1348,764.81,346.90,55.43,100.03,0.8961,-1,-1,-1
25,1349,168.06,211.49,57.89,85.89,0.8642,-1,-1,-1
25,1351,398.81,655.33,125.02,179.24,0.7341,-1,-1,-1
25,1352,296.49,449.61,75.76,119.22,0.7799,-1,-1,-1
25,1353,825.88,204.05,47.62,83.28,0.8583,-1,-1,-1
25,1354,864.90,199.55,53.65,90.80,0.8314,-1,-1,-1
25,1355,776.06,273.43,64.57,89.53,0.8757,-1,-1,-1
25,1356,412.45,576.79,103.32,160.39,0.9248,-1,-1,-1
25,1357,497.08,483.84,91.75,147.41,0.8944,-1,-1,-1
25,1358,647.39,254.33,49.79,95.13,0.8372,-1,-1,-1
25,1359,1062.53,82.89,37.90,63.40,0.8084,-1,-1,-1
25,1360,539.95,468.62,79.36,109.19,0.8210,-1,-1,-1
25,1361,693.18,302.69,61.30,104.97,0.8961,-1,-1,-1
25,1362,1019.69,79.94,31.08,56.07,0.7180,-1,-1,-1
25,1363,988.65,127.04,43.46,67.86,0.8339,-1,-1,-1
25,1364,1499.80,99.80,37.30,37.40,0.7167,-1,-1,-1
25,1365,622.84,847.38,92.44,76.48,0.5445,-1,-1,-1
25,1366,628.29,760.34,101.52,162.70,0.4129,-1,-1,-1
25,1369,10.20,655.49,60.54,333.10,0.5442,-1,-1,-1
25,1373,1304.15,9.43,25.86,17.56,0.4526,-1,-1,-1
25,1374,1.56,529.11,47.89,249.79,0.4870,-1,-1,-1
25,1372,393.36,727.78,132.04,105.69,0.4821,-1,-1,-1
26,1345,112.56,529.04,108.27,156.31,0.8969,-1,-1,-1
26,1346,670.47,778.54,191.43,119.30,0.9307,-1,-1,-1
26,1347,299.15,520.83,103.55,159.41,0.8142,-1,-1,-1
26,1348,763.21,347.10,60.79,109.62,0.8874,-1,-1,-1
26,1349,169.36,209.95,58.32,86.27,0.8567,-1,-1,-1
26,1351,410.75,671.09,98.66,136.85,0.3438,-1,-1,-1
26,1352,300.56,449.08,73.28,114.33,0.8093,-1,-1,-1
26,1353,826.80,204.04,47.21,83.05,0.8621,-1,-1,-1
26,1354,864.65,198.78,54.48,91.98,0.8387,-1,-1,-1
26,1355,776.80,272.81,64.24,89.02,0.8753,-1,-1,-1
26,1356,413.03,579.08,103.12,157.98,0.9226,-1,-1,-1
26,1357,497.45,483.41,91.90,147.70,0.8900,-1,-1,-1
26,1358,648.01,255.26,50.75,96.35,0.8825,-1,-1,-1
26,1359,1063.72,84.58,37.26,62.18,0.7944,-1,-1,-1
26,1360,541.29,469.03,79.47,109.44,0.8718,-1,-1,-1
26,1361,694.16,302.54,60.90,104.38,0.9114,-1,-1,-1
26,1362,1019.57,80.07,31.32,55.92,0.7148,-1,-1,-1
26,1363,990.70,128.47,43.19,66.81,0.8400,-1,-1,-1
26,1364,1500.11,99.91,36.94,37.22,0.7125,-1,-1,-1
26,1365,622.66,847.11,92.52,76.84,0.5964,-1,-1,-1
26,1366,625.77,758.18,103.04,164.89,0.5487,-1,-1,-1
26,1369,11.28,669.90,59.29,313.04,0.7016,-1,-1,-1
26,1373,1303.74,9.30,26.28,17.81,0.4288,-1,-1,-1
26,1374,4.86,537.06,46.74,242.58,0.4896,-1,-1,-1
26,1376,2.92,838.77,90.11,240.62,0.4383,-1,-1,-1
26,1372,383.69,706.57,155.26,126.84,0.7171,-1,-1,-1
27,1345,116.62,527.70,107.83,156.07,0.9364,-1,-1,-1
27,1346,667.84,775.19,196.45,123.08,0.9370,-1,-1,-1
27,1347,302.23,516.77,103.77,159.88,0.8583,-1,-1,-1
27,1348,763.85,346.87,62.45,112.42,0.9064,-1,-1,-1
27,1349,171.41,209.95,57.88,85.45,0.8543,-1,-1,-1
27,1352,301.04,448.01,74.13,115.06,0.8309,-1,-1,-1
27,1353,828.03,203.06,46.82,82.56,0.8599,-1,-1,-1
27,1354,865.43,198.15,54.26,91.49,0.8243,-1,-1,-1
27,1355,776.77,272.42,64.45,89.39,0.8749,-1,-1,-1
27,1356,413.20,579.79,104.21,157.67,0.9320,-1,-1,-1
27,1357,498.29,483.17,91.40,146.69,0.8863,-1,-1,-1
27,1358,647.09,255.93,50.96,96.22,0.8614,-1,-1,-1
27,1359,1064.41,84.40,37.48,62.46,0.8068,-1,-1,-1
27,1360,543.08,468.72,79.24,109.23,0.8865,-1,-1,-1
27,1361,693.85,301.42,61.43,105.32,0.9095,-1,-1,-1
27,1362,1019.53,80.53,31.47,55.63,0.7567,-1,-1,-1
27,1363,991.80,127.00,43.97,68.18,0.8321,-1,-1,-1
27,1364,1499.94,99.12,37.27,37.82,0.7000,-1,-1,-1
27,1365,624.44,850.50,88.24,73.04,0.6830,-1,-1,-1
27,1366,621.63,758.21,101.89,164.75,0.3985,-1,-1,-1
27,1369,12.71,673.04,60.67,306.29,0.6895,-1,-1,-1
27,1373,1303.21,9.49,26.90,18.19,0.4357,-1,-1,-1
27,1374,8.44,548.32,45.08,231.22,0.5080,-1,-1,-1
27,1376,1.81,823.26,95.83,255.74,0.5472,-1,-1,-1
27,1372,371.23,676.66,185.38,156.90,0.8049,-1,-1,-1
28,1345,118.90,527.39,107.05,155.40,0.9410,-1,-1,-1
28,1346,667.00,773.45,198.66,125.23,0.9372,-1,-1,-1
28,1347,305.32,516.09,103.19,158.91,0.8652,-1,-1,-1
28,1348,764.67,346.56,62.55,112.23,0.9007,-1,-1,-1
28,1349,172.84,208.37,57.45,84.80,0.8475,-1,-1,-1
28,1352,299.69,448.12,77.25,119.74,0.7997,-1,-1,-1
28,1353,829.21,202.72,46.70,82.54,0.8354,-1,-1,-1
28,1354,866.39,198.40,53.76,90.39,0.8240,-1,-1,-1
28,1355,776.33,272.48,64.41,89.32,0.8652,-1,-1,-1
28,1356,414.03,582.21,103.79,154.82,0.9005,-1,-1,-1
28,1357,499.14,479.81,92.76,148.80,0.8842,-1,-1,-1
28,1358,645.97,255.98,51.93,97.62,0.8893,-1,-1,-1
28,1359,1064.52,83.43,37.86,63.18,0.8293,-1,-1,-1
28,1360,544.08,468.12,79.39,109.79,0.8684,-1,-1,-1
28,1361,693.37,301.31,61.43,105.22,0.9149,-1,-1,-1
28,1362,1019.66,81.63,31.44,55.11,0.7591,-1,-1,-1
28,1363,992.75,126.61,44.01,68.46,0.8505,-1,-1,-1
28,1364,1500.50,99.18,36.73,37.42,0.6907,-1,-1,-1
28,1365,626.06,855.72,83.06,67.86,0.7133,-1,-1,-1
28,1366,622.48,770.53,94.54,152.82,0.4723,-1,-1,-1
28,1369,13.79,676.47,62.54,301.39,0.7357,-1,-1,-1
28,1373,1303.22,9.48,26.91,18.11,0.4014,-1,-1,-1
28,1374,9.97,557.35,43.88,221.21,0.4943,-1,-1,-1
28,1376,1.97,820.40,96.96,258.42,0.5652,-1,-1,-1
28,1372,369.36,665.13,192.47,168.38,0.7635,-1,-1,-1
29,1345,121.87,524.01,107.91,157.12,0.9357,-1,-1,-1
29,1346,666.33,772.40,199.80,126.67,0.9467,-1,-1,-1
29,1347,310.14,515.48,102.29,158.10,0.8993,-1,-1,-1
29,1348,765.53,345.02,62.97,112.61,0.9013,-1,-1,-1
29,1349,174.63,207.93,57.47,84.59,0.8640,-1,-1,-1
29,1352,299.23,448.05,77.86,120.80,0.6964,-1,-1,-1
29,1353,830.79,202.41,46.43,82.52,0.8255,-1,-1,-1
29,1354,866.39,197.58,53.78,90.60,0.8130,-1,-1,-1
29,1355,776.51,271.96,64.25,89.47,0.8662,-1,-1,-1
29,1356,414.45,581.45,105.24,154.94,0.8844,-1,-1,-1
29,1357,501.47,478.83,92.55,148.33,0.8894,-1,-1,-1
29,1358,645.33,256.72,52.16,97.26,0.8674,-1,-1,-1
29,1359,1065.06,82.56,37.77,63.12,0.8229,-1,-1,-1
29,1360,545.27,467.98,78.47,109.00,0.8805,-1,-1,-1
29,1361,693.44,300.87,61.52,105.37,0.9007,-1,-1,-1
29,1362,1019.31,81.57,31.65,54.92,0.6961,-1,-1,-1
29,1363,992.67,128.59,43.40,66.79,0.8143,-1,-1,-1
29,1364,1500.98,99.35,36.08,36.84,0.6853,-1,-1,-1
29,1365,627.74,859.07,79.41,63.75,0.6953,-1,-1,-1
29,1366,628.10,794.40,80.66,127.16,0.4600,-1,-1,-1
29,1369,14.49,680.29,66.56,306.75,0.7275,-1,-1,-1
29,1373,1303.42,9.51,26.75,17.94,0.4129,-1,-1,-1
29,1374,12.45,571.70,42.12,206.18,0.6329,-1,-1,-1
29,1376,3.07,822.41,96.31,255.95,0.5043,-1,-1,-1
29,1372,368.21,651.60,199.80,181.23,0.8505,-1,-1,-1
30,1345,124.39,521.49,108.20,157.97,0.9356,-1,-1,-1
30,1346,667.05,773.52,198.27,126.28,0.9435,-1,-1,-1
30,1347,312.74,514.24,101.69,157.80,0.8944,-1,-1,-1
30,1348,765.56,343.85,63.46,112.98,0.9046,-1,-1,-1
30,1349,177.02,207.16,57.41,84.57,0.8632,-1,-1,-1
30,1352,298.53,447.23,79.43,122.96,0.7304,-1,-1,-1
30,1353,831.58,202.10,46.05,82.29,0.8394,-1,-1,-1
30,1354,866.22,198.11,53.88,90.47,0.8524,-1,-1,-1
30,1355,776.49,271.58,64.28,89.93,0.8645,-1,-1,-1
30,1356,414.12,576.47,108.51,158.51,0.8590,-1,-1,-1
30,1357,502.11,477.64,92.53,148.54,0.8905,-1,-1,-1
30,1358,643.88,257.07,52.53,97.09,0.8860,-1,-1,-1
30,1359,1065.84,82.05,37.59,62.95,0.8230,-1,-1,-1
30,1360,545.66,467.02,78.20,108.91,0.8771,-1,-1,-1
30,1361,692.93,300.19,61.93,105.76,0.9008,-1,-1,-1
30,1362,1017.24,80.38,33.12,57.41,0.7455,-1,-1,-1
30,1363,993.43,127.84,43.64,67.18,0.8039,-1,-1,-1
30,1364,1501.33,99.69,35.37,36.15,0.6773,-1,-1,-1
30,1365,626.76,858.27,82.22,65.54,0.6531,-1,-1,-1
30,1366,621.60,772.96,94.16,149.97,0.4304,-1,-1,-1
30,1369,15.18,680.91,68.90,303.22,0.6429,-1,-1,-1
30,1373,1303.62,9.88,26.30,17.52,0.2758,-1,-1,-1
30,1374,13.96,560.19,45.84,217.21,0.6484,-1,-1,-1
30,1376,1.97,813.82,99.75,264.73,0.4604,-1,-1,-1
30,1372,372.01,649.82,194.92,182.77,0.8764,-1,-1,-1
31,1345,127.27,519.79,107.64,157.14,0.9249,-1,-1,-1
31,1346,667.97,774.58,196.42,125.54,0.9430,-1,-1,-1
31,1347,317.31,515.03,99.90,154.91,0.9125,-1,-1,-1
31,1348,766.06,343.54,63.44,112.75,0.8907,-1,-1,-1
31,1349,180.00,207.37,57.30,84.38,0.8768,-1,-1,-1
31,1352,300.09,446.95,77.92,120.04,0.7982,-1,-1,-1
31,1353,832.82,202.06,45.02,80.72,0.8499,-1,-1,-1
31,1354,865.77,197.84,54.15,90.84,0.8331,-1,-1,-1
31,1355,777.36,271.65,63.91,89.91,0.8592,-1,-1,-1
31,1356,415.62,573.49,108.35,156.76,0.8602,-1,-1,-1
31,1357,504.21,477.24,92.67,148.32,0.8994,-1,-1,-1
31,1358,642.15,258.65,52.50,96.36,0.8794,-1,-1,-1
31,1359,1066.60,81.81,37.45,62.85,0.8574,-1,-1,-1
31,1360,546.78,466.05,77.48,107.77,0.8451,-1,-1,-1
31,1361,693.85,299.81,62.12,106.09,0.9059,-1,-1,-1
31,1362,1016.35,80.83,33.53,57.76,0.7894,-1,-1,-1
31,1363,994.08,128.07,43.64,66.85,0.8137,-1,-1,-1
31,1364,1501.23,99.59,35.43,36.41,0.6836,-1,-1,-1
31,1365,625.49,855.09,87.81,69.69,0.6290,-1,-1,-1
31,1366,621.55,764.74,99.67,158.77,0.4603,-1,-1,-1
31,1369,15.51,672.19,72.44,304.91,0.6857,-1,-1,-1
31,1373,1303.41,9.92,26.67,17.69,0.3385,-1,-1,-1
31,1374,14.76,552.28,49.25,225.19,0.6421,-1,-1,-1
31,1376,2.66,811.32,101.06,267.38,0.6382,-1,-1,-1
31,1372,376.73,649.10,189.33,183.09,0.8699,-1,-1,-1
32,1345,130.35,518.32,107.44,157.13,0.9084,-1,-1,-1
32,1346,665.74,772.18,199.43,128.14,0.9378,-1,-1,-1
32,1347,318.53,512.56,101.11,156.53,0.8561,-1,-1,-1
32,1348,766.88,342.79,63.21,112.22,0.8772,-1,-1,-1
32,1349,181.74,207.65,56.78,83.87,0.8487,-1,-1,-1
32,1352,301.79,447.33,74.52,114.06,0.8136,-1,-1,-1
32,1353,833.21,200.83,45.06,81.30,0.8538,-1,-1,-1
32,1354,865.05,197.90,54.33,90.95,0.8403,-1,-1,-1
32,1355,777.31,272.25,63.24,89.22,0.8553,-1,-1,-1
32,1356,416.45,572.39,109.09,156.26,0.9080,-1,-1,-1
32,1357,505.14,477.28,92.67,147.86,0.8986,-1,-1,-1
32,1358,640.99,258.74,52.96,96.70,0.8545,-1,-1,-1
32,1359,1066.84,81.97,37.23,62.55,0.8489,-1,-1,-1
32,1360,547.51,466.88,76.37,105.83,0.8389,-1,-1,-1
32,1361,694.92,299.51,61.92,105.88,0.9017,-1,-1,-1
32,1362,1015.77,82.53,33.17,56.72,0.7319,-1,-1,-1
32,1363,994.23,125.20,45.34,69.69,0.8250,-1,-1,-1
32,1364,1501.30,99.60,35.09,36.25,0.6743,-1,-1,-1
32,1365,623.94,851.87,93.12,73.85,0.6467,-1,-1,-1
32,1366,623.37,767.77,98.54,156.31,0.4743,-1,-1,-1
32,1369,15.56,670.15,75.28,303.47,0.7398,-1,-1,-1
32,1373,1303.66,10.56,25.00,16.52,0.3213,-1,-1,-1
32,1374,16.14,558.47,50.26,219.63,0.6390,-1,-1,-1
32,1376,4.44,814.33,100.62,264.57,0.6250,-1,-1,-1
32,1372,380.95,648.84,183.50,182.79,0.8767,-1,-1,-1
33,1345,133.38,517.57,106.34,155.75,0.8933,-1,-1,-1
33,1346,666.10,771.68,199.95,129.22,0.9405,-1,-1,-1
33,1347,324.68,507.26,102.41,160.08,0.4417,-1,-1,-1
33,1348,768.21,342.23,62.67,110.91,0.8819,-1,-1,-1
33,1349,184.20,205.97,57.46,84.86,0.8684,-1,-1,-1
33,1352,304.85,446.01,71.05,108.08,0.6349,-1,-1,-1
33,1353,834.40,200.35,43.61,78.81,0.8378,-1,-1,-1
33,1354,865.13,197.12,55.07,91.54,0.8196,-1,-1,-1
33,1355,777.59,271.83,63.11,89.57,0.8598,-1,-1,-1
33,1356,416.62,571.88,110.13,156.23,0.8697,-1,-1,-1
33,1357,506.97,476.80,92.88,148.11,0.9016,-1,-1,-1
33,1358,639.43,259.38,53.75,97.60,0.8611,-1,-1,-1
33,1359,1066.93,81.46,37.00,62.52,0.8821,-1,-1,-1
33,1360,548.27,466.82,76.23,105.26,0.8558,-1,-1,-1
33,1361,696.33,299.47,61.16,104.64,0.9043,-1,-1,-1
33,1362,1015.15,83.50,33.20,56.57,0.7323,-1,-1,-1
33,1363,996.13,125.94,45.42,69.58,0.8232,-1,-1,-1
33,1364,1501.98,99.37,35.15,36.51,0.6813,-1,-1,-1
33,1365,625.05,855.88,88.18,69.67,0.6725,-1,-1,-1
33,1366,618.71,758.11,103.41,166.74,0.4145,-1,-1,-1
33,1369,17.16,671.41,78.17,300.13,0.7381,-1,-1,-1
33,1373,1303.14,10.34,25.45,16.82,0.3512,-1,-1,-1
33,1374,18.31,564.22,51.71,213.81,0.6753,-1,-1,-1
33,1376,4.48,806.77,104.19,272.46,0.6268,-1,-1,-1
33,1372,385.49,647.67,178.11,182.46,0.8480,-1,-1,-1
33,1350,272.45,497.20,74.46,118.11,0.6150,-1,-1,-1
34,1345,135.37,516.01,106.39,156.37,0.8895,-1,-1,-1
34,1346,665.89,771.32,200.31,130.28,0.9474,-1,-1,-1
34,1347,319.18,509.33,101.73,156.78,0.7468,-1,-1,-1
34,1348,769.11,341.03,59.20,103.69,0.8678,-1,-1,-1
34,1349,185.35,206.09,57.14,84.48,0.8613,-1,-1,-1
34,1352,304.56,446.03,69.72,105.91,0.6822,-1,-1,-1
34,1353,834.53,200.67,43.52,78.93,0.8463,-1,-1,-1
34,1354,865.34,196.47,55.65,92.33,0.8352,-1,-1,-1
34,1355,777.04,271.89,62.53,89.30,0.8576,-1,-1,-1
34,1356,416.85,571.94,110.90,155.99,0.8996,-1,-1,-1
34,1357,507.54,476.28,93.20,148.60,0.8913,-1,-1,-1
34,1358,637.90,261.26,54.11,97.46,0.8429,-1,-1,-1
34,1359,1067.05,81.25,36.91,62.49,0.8760,-1,-1,-1
34,1360,548.57,467.79,75.73,104.01,0.8522,-1,-1,-1
34,1361,696.69,298.80,61.46,105.19,0.9018,-1,-1,-1
34,1362,1014.47,84.05,33.33,56.38,0.7894,-1,-1,-1
34,1363,997.15,126.48,45.20,68.99,0.8006,-1,-1,-1
34,1364,1501.27,98.36,35.67,37.34,0.6649,-1,-1,-1
34,1365,626.43,859.93,83.40,65.30,0.7176,-1,-1,-1
34,1366,617.43,755.22,103.73,169.72,0.4052,-1,-1,-1
34,1369,16.64,669.32,82.30,303.26,0.7889,-1,-1,-1
34,1373,1303.50,11.13,23.65,15.49,0.1937,-1,-1,-1
34,1374,18.63,566.43,54.13,212.03,0.6523,-1,-1,-1
34,1376,4.16,801.02,106.75,277.76,0.5709,-1,-1,-1
34,1350,271.97,500.09,69.29,113.30,0.6994,-1,-1,-1
34,1351,415.77,664.09,118.70,164.08,0.8607,-1,-1,-1
35,1345,138.02,513.41,107.13,158.01,0.9165,-1,-1,-1
35,1346,667.31,772.93,197.81,129.16,0.9458,-1,-1,-1
35,1347,318.19,508.49,101.50,153.81,0.6032,-1,-1,-1
35,1348,769.24,340.14,62.33,109.48,0.8821,-1,-1,-1
35,1349,188.36,205.38,56.20,83.44,0.8565,-1,-1,-1
35,1352,302.21,446.42,72.97,110.98,0.6687,-1,-1,-1
35,1353,835.97,199.70,43.94,79.99,0.8128,-1,-1,-1
35,1354,865.77,196.53,55.58,92.21,0.8486,-1,-1,-1
35,1355,776.14,271.48,62.88,90.06,0.8507,-1,-1,-1
35,1356,418.30,572.21,109.99,153.61,0.8763,-1,-1,-1
35,1357,508.31,475.72,93.56,149.08,0.8845,-1,-1,-1
35,1358,635.21,261.83,55.07,98.18,0.8571,-1,-1,-1
35,1359,1067.16,80.70,36.92,62.78,0.8910,-1,-1,-1
35,1360,548.64,465.03,77.87,106.90,0.8632,-1,-1,-1
35,1361,697.50,299.53,60.64,103.77,0.9124,-1,-1,-1
35,1362,1013.58,85.12,32.81,55.31,0.7764,-1,-1,-1
35,1363,999.08,129.26,44.05,66.49,0.7699,-1,-1,-1
35,1364,1501.74,98.83,35.21,36.97,0.6739,-1,-1,-1
35,1365,626.49,862.42,81.44,63.00,0.6769,-1,-1,-1
35,1366,618.77,757.76,101.71,167.05,0.4494,-1,-1,-1
35,1369,16.48,659.66,87.31,309.66,0.8231,-1,-1,-1
35,1373,1303.86,11.49,23.10,15.02,0.1321,-1,-1,-1
35,1374,18.14,560.26,58.40,217.61,0.6964,-1,-1,-1
35,1376,4.23,794.75,109.75,283.86,0.5888,-1,-1,-1
35,1350,268.48,501.10,73.56,122.83,0.6381,-1,-1,-1
35,1351,414.76,656.69,124.97,172.74,0.8655,-1,-1,-1
36,1345,140.50,512.10,106.90,158.65,0.9267,-1,-1,-1
36,1346,669.95,776.00,192.80,126.16,0.9466,-1,-1,-1
36,1347,315.58,506.74,98.05,146.22,0.5449,-1,-1,-1
36,1348,769.73,340.83,62.10,108.73,0.8915,-1,-1,-1
36,1349,190.11,205.60,55.35,82.36,0.8403,-1,-1,-1
36,1352,299.20,447.13,75.59,116.38,0.6378,-1,-1,-1
36,1353,836.35,199.57,44.35,81.03,0.8092,-1,-1,-1
36,1354,866.13,196.56,55.49,92.41,0.8679,-1,-1,-1
36,1355,775.37,272.16,62.44,89.62,0.8426,-1,-1,-1
36,1356,416.22,572.46,110.97,153.91,0.7658,-1,-1,-1
36,1357,508.67,475.72,93.42,148.96,0.8816,-1,-1,-1
36,1358,632.58,263.86,55.26,97.13,0.8601,-1,-1,-1
36,1359,1067.28,80.42,36.92,62.95,0.8917,-1,-1,-1
36,1360,548.25,463.75,79.79,109.62,0.8753,-1,-1,-1
36,1361,697.60,298.33,61.04,104.69,0.9160,-1,-1,-1
36,1362,1013.36,86.50,32.64,54.57,0.7791,-1,-1,-1
36,1363,999.72,130.64,44.27,65.96,0.7654,-1,-1,-1
36,1364,1501.70,99.00,34.80,36.65,0.6632,-1,-1,-1
36,1365,619.48,850.97,95.78,75.28,0.6435,-1,-1,-1
36,1366,618.92,756.28,102.08,168.75,0.5482,-1,-1,-1
36,1369,17.70,665.23,89.32,303.35,0.8322,-1,-1,-1
36,1373,1303.77,11.38,23.82,15.39,0.1364,-1,-1,-1
36,1374,20.23,573.27,58.58,204.35,0.6670,-1,-1,-1
36,1376,6.38,800.84,108.72,278.06,0.8269,-1,-1,-1
36,1350,267.50,504.24,74.14,124.49,0.5987,-1,-1,-1
36,1351,413.59,648.17,130.26,181.02,0.8374,-1,-1,-1
37,1345,144.08,511.08,105.69,157.78,0.9464,-1,-1,-1
37,1346,668.51,774.40,194.77,128.09,0.9448,-1,-1,-1
37,1347,313.50,507.96,98.93,145.54,0.6687,-1,-1,-1
37,1348,770.40,340.69,62.41,108.98,0.8664,-1,-1,-1
37,1349,192.42,204.81,55.69,82.93,0.8718,-1,-1,-1
37,1352,296.76,446.23,74.30,117.03,0.7720,-1,-1,-1
37,1353,837.53,197.86,45.47,83.85,0.7567,-1,-1,-1
37,1354,868.75,198.30,53.87,89.84,0.8036,-1,-1,-1
37,1355,775.71,272.11,61.89,88.91,0.8514,-1,-1,-1
37,1356,418.92,572.27,111.57,153.39,0.8372,-1,-1,-1
37,1357,509.99,475.15,93.49,149.01,0.8662,-1,-1,-1
37,1358,630.43,263.88,56.41,98.30,0.8652,-1,-1,-1
37,1359,1068.01,79.99,36.95,63.33,0.8957,-1,-1,-1
37,1360,549.34,463.53,79.01,108.74,0.8700,-1,-1,-1
37,1361,698.54,299.07,60.42,103.49,0.9118,-1,-1,-1
37,1362,1013.96,87.03,32.82,54.37,0.7793,-1,-1,-1
37,1363,1000.00,128.26,46.24,68.55,0.7873,-1,-1,-1
37,1364,1501.99,98.48,35.11,37.02,0.6751,-1,-1,-1
37,1365,618.84,848.00,98.87,78.62,0.6040,-1,-1,-1
37,1366,619.10,753.26,103.11,172.11,0.5028,-1,-1,-1
37,1369,16.86,657.23,95.54,313.28,0.8128,-1,-1,-1
37,1373,1303.62,11.78,23.82,15.30,0.1505,-1,-1,-1
37,1374,22.38,589.09,58.25,188.29,0.6726,-1,-1,-1
37,1376,8.04,803.62,109.21,275.53,0.8746,-1,-1,-1
37,1350,264.08,508.84,73.20,123.62,0.5918,-1,-1,-1
37,1351,416.45,649.32,129.59,180.14,0.8494,-1,-1,-1
37,1380,342.63,543.86,96.26,116.91,0.4048,-1,-1,-1
38,1345,146.27,509.91,105.97,159.13,0.9350,-1,-1,-1
38,1346,666.83,773.04,196.25,129.74,0.9463,-1,-1,-1
38,1348,770.81,339.41,62.41,108.63,0.8689,-1,-1,-1
38,1349,194.77,204.20,55.99,83.53,0.8593,-1,-1,-1
38,1352,297.07,446.11,72.71,116.57,0.8818,-1,-1,-1
38,1353,838.10,197.43,45.51,84.91,0.7854,-1,-1,-1
38,1354,869.42,198.29,53.71,89.53,0.8254,-1,-1,-1
38,1355,775.28,271.62,61.83,88.98,0.8525,-1,-1,-1
38,1356,419.82,573.45,112.15,152.88,0.8111,-1,-1,-1
38,1357,511.62,475.02,93.43,148.55,0.8533,-1,-1,-1
38,1358,628.55,264.38,57.10,98.73,0.8599,-1,-1,-1
38,1359,1068.95,79.78,36.63,63.00,0.8881,-1,-1,-1
38,1360,550.01,462.62,78.84,108.58,0.8880,-1,-1,-1
38,1361,698.42,299.07,60.69,103.87,0.9181,-1,-1,-1
38,1362,1014.29,87.46,32.85,53.93,0.7854,-1,-1,-1
38,1363,1000.77,126.79,46.98,69.94,0.7669,-1,-1,-1
38,1364,1502.73,98.59,35.19,37.05,0.6685,-1,-1,-1
38,1365,620.73,851.44,94.24,74.98,0.5292,-1,-1,-1
38,1366,623.87,756.53,102.09,168.78,0.6420,-1,-1,-1
38,1369,15.68,651.26,100.91,320.97,0.8494,-1,-1,-1
38,1373,1303.47,12.06,23.95,15.33,0.1694,-1,-1,-1
38,1374,18.02,559.71,69.65,216.47,0.7181,-1,-1,-1
38,1376,8.20,805.24,109.77,273.41,0.8621,-1,-1,-1
38,1350,260.08,511.91,73.74,125.62,0.5865,-1,-1,-1
38,1351,417.12,647.94,130.26,181.27,0.8600,-1,-1,-1
38,1380,327.64,516.56,116.13,141.68,0.6807,-1,-1,-1
39,1345,150.21,509.33,104.38,157.54,0.9321,-1,-1,-1
39,1346,663.78,771.11,198.98,132.39,0.9459,-1,-1,-1
39,1348,772.31,338.96,62.69,109.31,0.8554,-1,-1,-1
39,1349,195.92,203.39,56.19,84.04,0.8465,-1,-1,-1
39,1352,297.54,445.16,73.09,119.16,0.8990,-1,-1,-1
39,1353,838.23,196.84,45.83,86.40,0.8236,-1,-1,-1
39,1354,869.70,199.16,53.50,88.99,0.8545,-1,-1,-1
39,1355,775.12,271.35,61.67,88.93,0.8612,-1,-1,-1
39,1356,421.16,573.38,113.28,152.84,0.8909,-1,-1,-1
39,1357,513.05,474.24,93.33,148.41,0.8549,-1,-1,-1
39,1358,626.77,265.54,57.56,99.10,0.8448,-1,-1,-1
39,1359,1069.66,79.68,36.74,63.37,0.8906,-1,-1,-1
39,1360,551.02,462.07,78.96,109.37,0.8698,-1,-1,-1
39,1361,698.66,298.85,60.84,104.13,0.9157,-1,-1,-1
39,1362,1013.94,88.11,32.69,53.22,0.7947,-1,-1,-1
39,1363,1001.37,128.22,46.51,69.13,0.7572,-1,-1,-1
39,1364,1502.89,99.07,34.48,36.23,0.6708,-1,-1,-1
39,1365,623.39,855.76,87.03,68.73,0.6277,-1,-1,-1
39,1366,619.95,754.88,101.11,168.96,0.5351,-1,-1,-1
39,1369,17.17,659.22,102.09,312.57,0.8676,-1,-1,-1
39,1373,1302.51,11.89,25.51,16.36,0.2714,-1,-1,-1
39,1374,16.23,548.69,75.72,226.83,0.6947,-1,-1,-1
39,1376,7.64,800.64,112.99,278.23,0.8637,-1,-1,-1
39,1350,253.56,518.44,70.04,121.96,0.5633,-1,-1,-1
39,1351,417.91,645.13,131.73,183.90,0.8623,-1,-1,-1
39,1380,328.83,506.45,123.13,151.31,0.7929,-1,-1,-1
40,1345,153.37,508.62,103.16,156.56,0.9399,-1,-1,-1
40,1346,664.97,774.19,195.48,130.49,0.9355,-1,-1,-1
40,1348,772.84,338.82,62.72,109.19,0.8731,-1,-1,-1
40,1349,197.01,202.12,56.52,84.96,0.8529,-1,-1,-1
40,1352,298.97,444.68,72.66,120.05,0.8981,-1,-1,-1
40,1353,839.79,197.53,43.75,83.31,0.8197,-1,-1,-1
40,1354,869.34,199.32,53.75,89.10,0.8758,-1,-1,-1
40,1355,775.21,272.48,61.14,88.08,0.8471,-1,-1,-1
40,1356,420.87,572.91,114.68,153.29,0.8490,-1,-1,-1
40,1357,514.46,474.14,93.45,148.46,0.8560,-1,-1,-1
40,1358,624.79,266.26,57.58,98.57,0.8439,-1,-1,-1
40,1359,1069.86,79.96,36.61,63.36,0.8970,-1,-1,-1
40,1360,551.78,461.49,78.76,109.50,0.8551,-1,-1,-1
40,1361,699.26,298.77,60.66,103.71,0.9153,-1,-1,-1
40,1362,1013.49,88.61,32.75,53.00,0.7569,-1,-1,-1
40,1363,1002.58,129.04,46.01,68.20,0.7055,-1,-1,-1
40,1364,1503.61,99.02,34.66,36.17,0.6722,-1,-1,-1
40,1365,624.06,857.06,84.28,66.08,0.6100,-1,-1,-1
40,1366,621.02,760.06,97.22,162.42,0.5457,-1,-1,-1
40,1369,16.31,651.73,106.54,316.32,0.8633,-1,-1,-1
40,1373,1302.63,11.95,25.57,16.44,0.2834,-1,-1,-1
40,1374,15.45,543.67,80.18,231.70,0.7710,-1,-1,-1
40,1376,6.51,793.97,116.79,284.98,0.8744,-1,-1,-1
40,1350,250.93,521.12,67.65,119.64,0.5990,-1,-1,-1
40,1351,419.59,646.47,130.21,182.13,0.8523,-1,-1,-1
40,1380,331.46,501.18,124.69,154.80,0.7765,-1,-1,-1
41,1345,157.52,509.05,101.50,154.78,0.9242,-1,-1,-1
41,1346,666.40,778.08,191.38,128.14,0.9487,-1,-1,-1
41,1348,773.75,337.95,62.92,109.84,0.8666,-1,-1,-1
41,1349,199.47,201.09,56.90,85.56,0.8516,-1,-1,-1
41,1352,300.34,442.62,73.98,123.74,0.9191,-1,-1,-1
41,1353,841.65,197.63,42.16,80.90,0.8237,-1,-1,-1
41,1354,869.44,199.77,53.33,88.07,0.8502,-1,-1,-1
41,1355,775.56,272.74,60.48,87.11,0.8576,-1,-1,-1
41,1356,420.73,573.12,115.27,153.10,0.8008,-1,-1,-1
41,1357,515.41,473.89,93.26,148.17,0.8688,-1,-1,-1
41,1358,623.17,267.94,57.89,98.92,0.8377,-1,-1,-1
41,1359,1069.99,80.39,36.42,63.09,0.8889,-1,-1,-1
41,1360,552.72,460.85,78.42,109.50,0.8553,-1,-1,-1
41,1361,699.98,299.01,60.57,103.17,0.9006,-1,-1,-1
41,1362,1012.28,88.17,33.14,53.60,0.7543,-1,-1,-1
41,1363,1003.91,129.71,45.69,67.69,0.7257,-1,-1,-1
41,1364,1503.99,99.03,34.99,36.22,0.6715,-1,-1,-1
41,1365,622.10,855.59,85.62,66.70,0.5552,-1,-1,-1
41,1366,620.18,762.28,96.06,159.87,0.6946,-1,-1,-1
41,1369,16.39,652.28,109.86,316.03,0.8837,-1,-1,-1
41,1373,1302.65,11.94,25.53,16.49,0.3639,-1,-1,-1
41,1374,22.20,584.56,71.30,189.30,0.9127,-1,-1,-1
41,1376,5.97,789.38,119.56,289.16,0.8789,-1,-1,-1
41,1350,253.42,523.53,71.56,123.76,0.4838,-1,-1,-1
41,1351,420.85,647.12,129.42,180.88,0.8363,-1,-1,-1
41,1380,332.86,499.95,122.72,154.28,0.8181,-1,-1,-1
42,1345,161.09,508.73,100.37,153.51,0.9075,-1,-1,-1
42,1346,665.42,778.66,191.35,128.65,0.9424,-1,-1,-1
42,1348,773.19,331.58,65.18,114.95,0.8761,-1,-1,-1
42,1349,201.47,201.14,56.70,84.98,0.8420,-1,-1,-1
42,1352,302.13,442.82,73.85,124.51,0.9200,-1,-1,-1
42,1353,843.12,197.32,40.93,78.89,0.8140,-1,-1,-1
42,1354,869.46,199.41,53.47,87.82,0.7942,-1,-1,-1
42,1355,774.86,272.89,60.52,87.33,0.8623,-1,-1,-1
42,1356,421.14,574.61,115.00,151.62,0.8097,-1,-1,-1
42,1357,516.44,473.26,93.12,147.73,0.8744,-1,-1,-1
42,1358,622.81,268.69,58.87,100.32,0.8534,-1,-1,-1
42,1359,1070.36,80.68,36.25,62.65,0.8959,-1,-1,-1
42,1360,553.40,460.36,78.01,109.43,0.8500,-1,-1,-1
42,1361,700.54,298.64,60.99,103.61,0.9138,-1,-1,-1
42,1362,1011.61,87.45,33.16,53.46,0.7734,-1,-1,-1
42,1363,1004.31,129.69,45.95,68.11,0.7392,-1,-1,-1
42,1364,1504.06,99.58,34.66,35.55,0.6580,-1,-1,-1
42,1365,624.56,858.75,82.08,63.04,0.5766,-1,-1,-1
42,1366,619.36,758.81,97.41,162.82,0.5436,-1,-1,-1
42,1369,16.29,654.37,112.54,314.03,0.8900,-1,-1,-1
42,1373,1302.36,11.52,25.95,16.76,0.4117,-1,-1,-1
42,1374,24.39,603.32,68.87,169.48,0.9176,-1,-1,-1
42,1376,5.84,785.61,122.01,292.47,0.8596,-1,-1,-1
42,1350,244.86,525.20,67.09,118.10,0.6095,-1,-1,-1
42,1351,421.79,646.44,129.30,180.95,0.7773,-1,-1,-1
42,1380,331.83,500.18,120.12,153.37,0.8780,-1,-1,-1
42,1381,428.49,746.16,113.97,78.82,0.6461,-1,-1,-1
42,1372,426.98,660.10,118.32,121.67,0.5282,-1,-1,-1
43,1345,163.77,507.45,99.71,152.90,0.9002,-1,-1,-1
43,1346,665.55,779.68,190.39,128.50,0.9484,-1,-1,-1
43,1348,773.78,330.54,64.99,115.21,0.8938,-1,-1,-1
43,1349,203.63,201.36,56.19,84.27,0.8864,-1,-1,-1
43,1352,303.97,442.43,74.27,125.59,0.9361,-1,-1,-1
43,1353,844.22,197.28,41.97,81.58,0.8087,-1,-1,-1
43,1354,872.04,198.45,53.32,88.11,0.7896,-1,-1,-1
43,1355,774.01,272.06,61.31,88.61,0.8571,-1,-1,-1
43,1356,421.86,573.28,115.89,151.39,0.8227,-1,-1,-1
43,1357,517.16,473.39,92.75,146.86,0.8656,-1,-1,-1
43,1358,619.23,268.64,59.65,102.15,0.8816,-1,-1,-1
43,1359,1070.88,81.29,36.22,62.21,0.8750,-1,-1,-1
43,1360,552.71,459.46,78.25,110.15,0.8287,-1,-1,-1
43,1361,701.25,299.04,60.81,103.13,0.8930,-1,-1,-1
43,1362,1010.95,87.97,32.86,52.56,0.6787,-1,-1,-1
43,1363,1002.69,127.56,47.46,70.44,0.7346,-1,-1,-1
43,1364,1504.13,99.73,34.55,35.00,0.6327,-1,-1,-1
43,1365,625.09,862.84,78.87,59.00,0.5067,-1,-1,-1
43,1366,620.48,762.72,96.29,158.96,0.6171,-1,-1,-1
43,1369,16.60,654.32,116.50,315.59,0.8457,-1,-1,-1
43,1373,1301.31,11.13,27.26,17.66,0.4253,-1,-1,-1
43,1374,25.92,608.05,71.64,163.66,0.9307,-1,-1,-1
43,1376,3.55,774.15,127.01,303.58,0.8663,-1,-1,-1
43,1350,238.64,528.33,63.86,114.55,0.6541,-1,-1,-1
43,1351,421.65,643.07,130.85,184.00,0.6234,-1,-1,-1
43,1380,333.54,498.80,117.76,153.70,0.8655,-1,-1,-1
43,1381,432.22,749.21,108.48,74.78,0.6645,-1,-1,-1
43,1372,429.81,660.77,116.20,119.96,0.5776,-1,-1,-1
44,1345,166.99,507.22,98.87,152.15,0.8955,-1,-1,-1
44,1346,665.49,780.49,190.18,128.89,0.9477,-1,-1,-1
44,1348,774.65,328.57,65.61,116.99,0.8801,-1,-1,-1
44,1349,205.67,201.59,56.29,83.90,0.8933,-1,-1,-1
44,1352,304.98,442.09,74.51,126.31,0.9282,-1,-1,-1
44,1353,844.73,196.67,42.02,82.30,0.8155,-1,-1,-1
44,1354,872.97,198.72,53.36,88.24,0.7924,-1,-1,-1
44,1355,773.31,270.98,62.17,90.08,0.8566,-1,-1,-1
44,1356,422.39,571.34,117.45,152.24,0.8861,-1,-1,-1
44,1357,517.45,472.54,93.33,147.81,0.8563,-1,-1,-1
44,1358,617.62,271.56,57.83,99.12,0.8885,-1,-1,-1
44,1359,1071.22,80.73,36.68,62.68,0.8893,-1,-1,-1
44,1360,554.27,459.82,77.66,109.88,0.8265,-1,-1,-1
44,1361,701.22,297.91,61.05,103.76,0.9026,-1,-1,-1
44,1362,1011.36,88.57,33.19,52.59,0.6619,-1,-1,-1
44,1363,1002.86,126.56,47.60,70.98,0.7217,-1,-1,-1
44,1364,1503.83,99.71,34.78,34.91,0.6303,-1,-1,-1
44,1365,624.64,865.68,77.81,56.85,0.6593,-1,-1,-1
44,1366,618.35,763.87,96.32,158.48,0.5386,-1,-1,-1
44,1369,17.39,664.67,116.74,305.95,0.8749,-1,-1,-1
44,1373,1300.78,10.76,28.11,18.28,0.4353,-1,-1,-1
44,1374,25.02,607.95,76.24,163.58,0.9342,-1,-1,-1
44,1376,4.57,777.17,126.78,300.58,0.8571,-1,-1,-1
44,1350,236.59,529.55,60.61,110.80,0.7082,-1,-1,-1
44,1351,433.82,674.44,110.62,150.76,0.6760,-1,-1,-1
44,1380,335.88,498.56,114.30,152.63,0.8394,-1,-1,-1
44,1381,435.17,749.52,106.85,73.32,0.6643,-1,-1,-1
44,1372,431.75,661.57,113.29,117.52,0.6454,-1,-1,-1
44,1383,273.62,582.99,66.86,87.97,0.8270,-1,-1,-1
45,1345,168.57,505.45,98.35,152.34,0.9117,-1,-1,-1
45,1346,667.53,783.70,185.69,126.04,0.9520,-1,-1,-1
45,1348,776.49,330.00,63.64,113.40,0.7949,-1,-1,-1
45,1349,208.13,201.10,56.41,83.77,0.9010,-1,-1,-1
45,1352,306.70,441.40,74.60,126.78,0.9205,-1,-1,-1
45,1353,846.50,195.99,41.14,80.72,0.7681,-1,-1,-1
45,1354,873.98,197.46,53.67,89.34,0.7452,-1,-1,-1
45,1355,772.78,271.25,62.29,90.63,0.8622,-1,-1,-1
45,1356,423.73,574.10,116.70,149.80,0.8721,-1,-1,-1
45,1357,519.26,471.89,93.20,147.43,0.8768,-1,-1,-1
45,1358,615.04,273.29,58.32,99.98,0.8921,-1,-1,-1
45,1359,1071.97,80.17,36.92,63.08,0.8846,-1,-1,-1
45,1360,555.09,459.47,77.54,110.19,0.8304,-1,-1,-1
45,1361,701.67,298.07,60.75,103.37,0.8987,-1,-1,-1
45,1362,1011.41,89.78,32.97,51.82,0.6810,-1,-1,-1
45,1363,1005.36,126.95,47.19,70.52,0.7041,-1,-1,-1
45,1364,1503.56,99.51,35.35,35.22,0.6566,-1,-1,-1
45,1365,624.60,868.22,76.53,54.60,0.6355,-1,-1,-1
45,1366,617.56,764.58,96.50,158.38,0.6800,-1,-1,-1
45,1369,18.70,674.01,117.18,296.70,0.7656,-1,-1,-1
45,1373,1300.10,10.32,29.45,19.31,0.4791,-1,-1,-1
45,1374,24.75,606.18,81.14,164.18,0.9360,-1,-1,-1
45,1376,3.54,768.23,131.23,309.84,0.8648,-1,-1,-1
45,1350,233.90,528.50,60.26,112.89,0.5741,-1,-1,-1
45,1351,428.98,657.72,122.25,167.00,0.8468,-1,-1,-1
45,1380,338.94,496.87,110.63,151.97,0.8381,-1,-1,-1
45,1381,435.98,749.80,106.58,72.75,0.1874,-1,-1,-1
45,1383,272.47,584.06,66.96,88.19,0.8378,-1,-1,-1
46,1345,170.67,504.71,97.21,151.82,0.9134,-1,-1,-1
46,1346,668.51,785.71,183.45,124.69,0.9557,-1,-1,-1
46,1348,778.17,330.82,62.35,111.17,0.8000,-1,-1,-1
46,1349,209.82,201.00,56.84,84.22,0.8940,-1,-1,-1
46,1352,307.70,440.71,74.58,127.06,0.9163,-1,-1,-1
46,1353,847.82,196.45,38.62,76.17,0.7576,-1,-1,-1
46,1354,871.67,197.27,54.06,90.08,0.7893,-1,-1,-1
46,1355,772.32,271.76,62.84,91.97,0.8619,-1,-1,-1
46,1356,424.43,579.15,114.52,145.46,0.8816,-1,-1,-1
46,1357,520.75,470.87,93.62,147.53,0.8217,-1,-1,-1
46,1358,612.92,274.60,57.88,99.41,0.8770,-1,-1,-1
46,1359,1072.37,79.73,36.95,63.15,0.8800,-1,-1,-1
46,1360,556.31,458.96,76.78,109.60,0.8288,-1,-1,-1
46,1361,702.37,298.11,60.52,103.01,0.8848,-1,-1,-1
46,1362,1010.79,90.80,32.24,50.36,0.6479,-1,-1,-1
46,1363,1006.61,126.65,47.43,71.22,0.7201,-1,-1,-1
46,1364,1503.73,99.68,35.35,34.94,0.6314,-1,-1,-1
46,1365,624.93,872.92,73.93,51.04,0.6734,-1,-1,-1
46,1366,616.28,766.15,96.68,158.01,0.5636,-1,-1,-1
46,1369,30.82,744.35,97.27,223.10,0.9004,-1,-1,-1
46,1373,1300.77,11.02,28.53,18.81,0.3939,-1,-1,-1
46,1374,23.55,604.68,86.01,165.29,0.9383,-1,-1,-1
46,1376,5.67,777.94,128.75,300.62,0.8490,-1,-1,-1
46,1350,232.13,531.49,58.55,112.12,0.5083,-1,-1,-1
46,1351,428.68,651.46,126.39,173.28,0.8060,-1,-1,-1
46,1380,342.67,496.03,107.08,151.55,0.8064,-1,-1,-1
46,1381,437.10,748.34,108.43,73.57,0.5766,-1,-1,-1
46,1383,269.58,587.67,66.73,87.97,0.7955,-1,-1,-1
47,1345,178.51,503.65,96.36,149.80,0.8528,-1,-1,-1
47,1346,667.15,785.36,184.98,126.20,0.9501,-1,-1,-1
47,1348,777.23,325.69,64.26,115.08,0.7862,-1,-1,-1
47,1349,210.52,199.92,57.30,84.85,0.8969,-1,-1,-1
47,1352,308.92,440.59,74.99,127.51,0.9194,-1,-1,-1
47,1353,849.04,196.14,37.63,74.21,0.7449,-1,-1,-1
47,1354,870.66,196.97,54.46,90.69,0.7997,-1,-1,-1
47,1355,771.73,271.66,63.47,93.28,0.8358,-1,-1,-1
47,1356,427.49,580.11,113.83,143.04,0.7807,-1,-1,-1
47,1357,522.66,471.06,93.35,146.47,0.8287,-1,-1,-1
47,1358,610.79,275.07,58.05,99.55,0.8603,-1,-1,-1
47,1359,1072.20,80.67,36.66,62.58,0.8562,-1,-1,-1
47,1360,557.26,458.34,76.33,109.16,0.8202,-1,-1,-1
47,1361,703.55,298.47,60.65,103.06,0.8651,-1,-1,-1
47,1362,1010.65,91.12,32.47,50.31,0.6224,-1,-1,-1
47,1363,1005.93,124.70,48.44,73.78,0.6464,-1,-1,-1
47,1364,1502.95,98.51,36.25,35.73,0.6018,-1,-1,-1
47,1365,626.90,874.83,73.17,49.10,0.6118,-1,-1,-1
47,1366,618.74,766.20,96.98,157.81,0.5524,-1,-1,-1
47,1369,37.83,767.08,91.87,194.87,0.8711,-1,-1,-1
47,1373,1300.18,11.26,27.89,18.43,0.2712,-1,-1,-1
47,1374,25.40,603.44,89.04,164.06,0.9226,-1,-1,-1
47,1376,7.81,774.31,126.91,291.86,0.7291,-1,-1,-1
47,1350,223.71,523.34,63.17,122.22,0.2031,-1,-1,-1
47,1351,427.46,642.01,132.73,183.16,0.5508,-1,-1,-1
47,1380,348.42,495.24,104.51,151.65,0.7799,-1,-1,-1
47,1381,431.45,738.48,122.93,83.59,0.7316,-1,-1,-1
47,1383,265.10,590.61,66.77,87.92,0.6761,-1,-1,-1
47,1372,432.49,660.92,107.68,113.51,0.7025,-1,-1,-1
48,1345,181.36,503.51,95.19,147.84,0.8387,-1,-1,-1
48,1346,664.39,783.96,188.03,128.81,0.9462,-1,-1,-1
48,1348,777.60,325.12,63.77,114.37,0.7728,-1,-1,-1
48,1349,211.29,199.10,57.74,85.52,0.8899,-1,-1,-1
48,1352,309.18,440.05,75.19,127.78,0.9063,-1,-1,-1
48,1353,849.59,195.35,38.20,75.73,0.7678,-1,-1,-1
48,1354,870.79,196.61,55.08,92.09,0.8230,-1,-1,-1
48,1355,771.93,271.58,62.68,92.29,0.8336,-1,-1,-1
48,1356,426.89,579.39,115.36,143.52,0.8632,-1,-1,-1
48,1357,523.57,471.37,93.18,145.93,0.8203,-1,-1,-1
48,1358,609.50,276.11,58.87,100.42,0.8511,-1,-1,-1
48,1359,1072.29,80.99,36.63,62.45,0.8712,-1,-1,-1
48,1360,558.68,458.71,74.73,107.07,0.8181,-1,-1,-1
48,1361,703.79,298.04,61.10,103.75,0.8655,-1,-1,-1
48,1362,1010.22,90.29,33.75,51.90,0.6067,-1,-1,-1
48,1363,1003.69,118.55,51.80,80.77,0.6416,-1,-1,-1
48,1364,1502.73,98.34,36.37,35.81,0.6071,-1,-1,-1
48,1365,622.43,867.89,85.58,56.80,0.5642,-1,-1,-1
48,1366,620.94,766.27,97.84,157.89,0.5436,-1,-1,-1
48,1369,40.19,771.03,93.94,186.34,0.8771,-1,-1,-1
48,1373,1300.12,11.66,27.77,18.40,0.3112,-1,-1,-1
48,1374,26.72,603.13,92.02,163.65,0.9272,-1,-1,-1
48,1376,7.65,768.71,130.34,296.18,0.6790,-1,-1,-1
48,1350,218.80,516.11,63.48,122.46,0.2548,-1,-1,-1
48,1351,429.76,642.98,131.20,181.96,0.5705,-1,-1,-1
48,1380,353.09,492.82,103.41,153.09,0.7994,-1,-1,-1
48,1381,427.16,729.43,135.31,92.74,0.6406,-1,-1,-1
48,1383,258.77,582.10,74.27,98.10,0.6650,-1,-1,-1
48,1372,433.19,660.96,106.22,113.74,0.6395,-1,-1,-1
49,1345,185.98,503.48,93.73,144.72,0.8603,-1,-1,-1
49,1346,665.95,788.16,183.71,125.69,0.9528,-1,-1,-1
49,1348,778.75,326.42,63.24,113.75,0.8246,-1,-1,-1
49,1349,213.65,199.12,57.46,85.42,0.8693,-1,-1,-1
49,1352,309.48,440.09,74.97,126.94,0.9081,-1,-1,-1
49,1353,850.81,194.57,40.02,80.04,0.7121,-1,-1,-1
49,1354,870.67,196.01,55.40,92.61,0.6843,-1,-1,-1
49,1355,772.29,271.78,61.66,90.90,0.8333,-1,-1,-1
49,1356,431.50,574.80,117.94,147.68,0.6926,-1,-1,-1
49,1357,526.48,471.35,92.79,144.58,0.8469,-1,-1,-1
49,1358,606.88,278.53,59.06,100.04,0.8533,-1,-1,-1
49,1359,1073.08,80.37,36.82,62.94,0.8590,-1,-1,-1
49,1360,558.52,456.83,74.99,108.02,0.7914,-1,-1,-1
49,1361,704.61,298.01,60.79,103.14,0.8682,-1,-1,-1
49,1362,1008.13,90.81,33.23,51.28,0.6422,-1,-1,-1
49,1363,1004.59,119.53,50.63,80.16,0.6979,-1,-1,-1
49,1364,1502.02,98.42,36.53,35.83,0.5888,-1,-1,-1
49,1365,620.71,866.46,88.54,58.66,0.5170,-1,-1,-1
49,1366,621.41,765.95,98.53,158.50,0.4769,-1,-1,-1
49,1369,43.70,768.62,98.40,184.93,0.8584,-1,-1,-1
49,1373,1299.45,11.44,29.49,19.77,0.4353,-1,-1,-1
49,1374,32.47,603.98,93.40,160.76,0.9075,-1,-1,-1
49,1376,4.45,762.55,137.61,311.56,0.8095,-1,-1,-1
49,1351,429.95,635.49,134.60,188.86,0.7175,-1,-1,-1
49,1380,357.76,492.28,99.58,150.52,0.8017,-1,-1,-1
49,1381,431.11,733.36,129.94,89.09,0.6356,-1,-1,-1
49,1383,246.01,556.84,94.36,126.49,0.6015,-1,-1,-1
49,1372,434.24,659.14,104.19,113.37,0.5919,-1,-1,-1
50,1345,188.00,501.75,94.31,145.24,0.8406,-1,-1,-1
50,1346,664.86,787.00,185.75,127.33,0.9588,-1,-1,-1
50,1348,777.24,318.55,66.81,121.18,0.7675,-1,-1,-1
50,1349,215.11,199.03,57.09,85.20,0.8676,-1,-1,-1
50,1352,308.59,439.48,75.42,126.97,0.9264,-1,-1,-1
50,1353,852.42,194.63,38.22,76.71,0.6986,-1,-1,-1
50,1354,869.68,195.94,56.09,93.23,0.7025,-1,-1,-1
50,1355,772.20,271.47,61.09,90.27,0.8390,-1,-1,-1
50,1356,434.27,573.61,118.00,148.36,0.7659,-1,-1,-1
50,1357,528.25,471.09,92.63,143.68,0.8511,-1,-1,-1
50,1358,604.60,279.54,59.78,100.30,0.8422,-1,-1,-1
50,1359,1073.57,80.46,36.66,62.70,0.8535,-1,-1,-1
50,1360,559.02,456.77,74.76,108.25,0.8076,-1,-1,-1
50,1361,704.90,298.17,60.54,102.54,0.8620,-1,-1,-1
50,1362,1005.50,91.76,32.10,50.11,0.6868,-1,-1,-1
50,1363,1005.50,121.22,49.07,78.56,0.7131,-1,-1,-1
50,1364,1500.94,98.11,36.64,35.92,0.5539,-1,-1,-1
50,1365,619.12,865.98,89.45,59.48,0.5196,-1,-1,-1
50,1366,619.52,767.67,97.12,156.87,0.5127,-1,-1,-1
50,1369,44.26,767.14,102.72,183.98,0.8854,-1,-1,-1
50,1373,1299.12,12.07,29.16,19.77,0.3204,-1,-1,-1
50,1374,33.55,603.49,96.69,161.63,0.9357,-1,-1,-1
50,1376,5.66,770.38,136.92,306.90,0.8441,-1,-1,-1
50,1351,423.89,610.52,148.69,213.63,0.7864,-1,-1,-1
50,1380,358.87,490.97,95.81,148.41,0.8701,-1,-1,-1
50,1381,430.82,731.41,132.23,91.08,0.6207,-1,-1,-1
50,1383,240.63,553.40,97.32,132.18,0.6268,-1,-1,-1
50,1372,435.07,655.18,105.84,116.66,0.4058,-1,-1,-1
51,1345,190.19,500.31,94.85,145.63,0.8536,-1,-1,-1
51,1346,666.56,790.64,182.00,124.49,0.9528,-1,-1,-1
51,1348,779.93,320.63,62.18,112.32,0.7940,-1,-1,-1
51,1349,215.68,198.24,57.56,86.11,0.8727,-1,-1,-1
51,1352,307.39,439.90,75.60,126.49,0.9049,-1,-1,-1
51,1353,853.38,194.63,38.59,77.70,0.7319,-1,-1,-1
51,1354,870.72,195.94,56.28,93.25,0.6910,-1,-1,-1
51,1355,771.23,270.29,61.40,91.41,0.8441,-1,-1,-1
51,1356,438.72,572.71,116.45,147.83,0.8259,-1,-1,-1
51,1357,527.93,471.44,92.16,143.11,0.8550,-1,-1,-1
51,1358,601.61,279.38,61.98,103.29,0.8259,-1,-1,-1
51,1359,1074.35,80.52,36.19,62.11,0.8336,-1,-1,-1
51,1360,559.48,456.04,74.83,109.43,0.8017,-1,-1,-1
51,1361,704.43,298.51,59.75,101.22,0.8668,-1,-1,-1
51,1362,1005.05,94.04,31.86,49.82,0.6309,-1,-1,-1
51,1363,1005.24,121.46,48.83,78.99,0.6961,-1,-1,-1
51,1364,1499.96,97.50,37.07,36.48,0.5762,-1,-1,-1
51,1365,619.93,868.37,85.87,56.89,0.5017,-1,-1,-1
51,1366,617.83,767.31,97.20,157.77,0.5199,-1,-1,-1
51,1369,47.19,764.80,106.90,184.42,0.9124,-1,-1,-1
51,1373,1298.75,12.37,29.00,19.91,0.4284,-1,-1,-1
51,1374,37.14,603.55,98.64,160.07,0.9252,-1,-1,-1
51,1376,8.19,779.32,135.52,299.15,0.8536,-1,-1,-1
51,1351,424.16,600.96,152.01,223.06,0.3031,-1,-1,-1
51,1380,361.15,489.31,93.58,148.19,0.8499,-1,-1,-1
51,1381,440.25,741.39,118.43,80.78,0.7054,-1,-1,-1
51,1383,242.78,576.07,84.84,115.20,0.6413,-1,-1,-1
51,1372,422.41,620.23,130.69,151.43,0.6326,-1,-1,-1
51,1387,408.28,522.66,71.67,181.41,0.5265,-1,-1,-1
52,1345,192.26,499.91,94.68,145.07,0.9065,-1,-1,-1
52,1346,667.61,792.66,179.56,122.44,0.9562,-1,-1,-1
52,1348,780.78,322.92,61.31,110.69,0.7987,-1,-1,-1
52,1349,217.18,198.71,57.25,85.93,0.8712,-1,-1,-1
52,1352,306.76,439.47,76.10,126.55,0.9147,-1,-1,-1
52,1353,854.42,194.32,38.91,78.52,0.7354,-1,-1,-1
52,1354,871.01,195.68,56.48,93.16,0.6955,-1,-1,-1
52,1355,771.25,269.63,61.25,91.61,0.8521,-1,-1,-1
52,1356,438.26,570.34,116.66,149.29,0.7434,-1,-1,-1
52,1357,528.37,470.99,91.87,143.10,0.8775,-1,-1,-1
52,1358,600.04,281.54,61.34,101.17,0.7692,-1,-1,-1
52,1359,1075.35,80.51,35.86,61.43,0.8227,-1,-1,-1
52,1360,559.84,454.92,74.70,110.15,0.8196,-1,-1,-1
52,1361,704.41,298.23,59.28,100.46,0.8650,-1,-1,-1
52,1362,1003.70,93.17,32.42,51.33,0.7181,-1,-1,-1
52,1363,1006.73,124.55,46.77,75.93,0.7180,-1,-1,-1
52,1364,1499.62,97.90,36.36,35.90,0.5183,-1,-1,-1
52,1365,620.34,871.01,82.92,54.51,0.6243,-1,-1,-1
52,1366,616.16,767.13,96.96,158.26,0.5364,-1,-1,-1
52,1369,52.48,761.88,110.63,186.41,0.9155,-1,-1,-1
52,1373,1298.59,12.56,28.31,19.64,0.4818,-1,-1,-1
52,1374,38.97,603.39,100.48,158.67,0.9223,-1,-1,-1
52,1376,4.42,760.87,144.42,317.82,0.6965,-1,-1,-1
52,1351,426.84,600.02,149.58,223.71,0.7181,-1,-1,-1
52,1380,364.05,487.73,92.16,149.11,0.8317,-1,-1,-1
52,1381,441.27,740.35,119.24,81.16,0.6824,-1,-1,-1
52,1383,233.45,558.43,97.57,135.19,0.6105,-1,-1,-1
52,1372,423.97,616.42,129.36,155.23,0.5650,-1,-1,-1
52,1387,410.41,528.23,68.36,173.49,0.3276,-1,-1,-1
53,1345,198.34,499.84,93.79,143.32,0.9074,-1,-1,-1
53,1346,661.98,785.15,189.80,130.32,0.9568,-1,-1,-1
53,1348,780.73,318.13,60.67,109.35,0.7525,-1,-1,-1
53,1349,217.43,198.83,57.54,86.58,0.8812,-1,-1,-1
53,1352,307.31,438.13,76.83,127.34,0.9203,-1,-1,-1
53,1353,855.31,194.53,36.72,73.94,0.7050,-1,-1,-1
53,1354,871.39,196.23,56.11,92.18,0.7533,-1,-1,-1
53,1355,771.41,269.79,61.12,91.70,0.8098,-1,-1,-1
53,1356,439.00,568.26,117.38,151.63,0.7945,-1,-1,-1
53,1357,531.06,470.51,91.41,142.28,0.8897,-1,-1,-1
53,1358,597.95,281.42,63.29,103.51,0.8046,-1,-1,-1
53,1359,1075.19,79.51,36.41,62.35,0.8260,-1,-1,-1
53,1360,561.06,453.73,72.96,108.57,0.7882,-1,-1,-1
53,1361,705.48,296.18,60.26,102.01,0.8703,-1,-1,-1
53,1362,1002.30,94.71,31.41,50.26,0.7484,-1,-1,-1
53,1363,1007.81,124.99,45.90,75.14,0.7525,-1,-1,-1
53,1364,1499.33,97.46,36.46,36.26,0.5418,-1,-1,-1
53,1365,615.04,864.14,92.82,61.61,0.5641,-1,-1,-1
53,1366,616.53,769.46,95.67,156.03,0.6529,-1,-1,-1
53,1369,55.62,760.43,113.75,187.65,0.9160,-1,-1,-1
53,1373,1298.71,12.41,27.80,19.46,0.4643,-1,-1,-1
53,1374,40.91,601.07,103.87,160.65,0.9187,-1,-1,-1
53,1376,1.46,744.97,150.97,332.40,0.6968,-1,-1,-1
53,1351,433.09,613.27,138.98,210.10,0.7791,-1,-1,-1
53,1380,367.58,485.04,91.71,150.78,0.8458,-1,-1,-1
53,1383,223.92,548.40,105.04,149.21,0.5319,-1,-1,-1
53,1372,433.36,635.52,119.07,144.57,0.2439,-1,-1,-1
53,1387,409.21,531.75,67.22,171.62,0.4336,-1,-1,-1
53,1389,594.24,282.09,44.49,96.31,0.6737,-1,-1,-1
53,1390,236.48,606.59,78.93,90.79,0.6002,-1,-1,-1
54,1345,202.75,499.66,92.91,141.91,0.8933,-1,-1,-1
54,1346,661.32,784.52,190.75,131.70,0.9591,-1,-1,-1
54,1348,780.12,318.80,62.45,112.80,0.8075,-1,-1,-1
54,1349,218.76,198.38,57.39,86.62,0.8411,-1,-1,-1
54,1352,307.85,436.97,77.19,128.18,0.9068,-1,-1,-1
54,1353,855.36,193.08,38.77,78.47,0.7327,-1,-1,-1
54,1354,871.75,195.07,56.61,93.17,0.7062,-1,-1,-1
54,1355,771.20,269.59,61.34,92.33,0.8253,-1,-1,-1
54,1356,439.83,566.29,117.26,153.15,0.7657,-1,-1,-1
54,1357,532.17,470.10,91.31,142.26,0.8721,-1,-1,-1
54,1358,595.54,282.88,63.22,102.82,0.7973,-1,-1,-1
54,1359,1075.51,79.90,36.33,62.12,0.8063,-1,-1,-1
54,1360,560.62,453.35,72.83,108.70,0.7915,-1,-1,-1
54,1361,706.24,295.23,60.37,102.30,0.8807,-1,-1,-1
54,1362,1001.07,95.64,31.42,50.86,0.7798,-1,-1,-1
54,1363,1008.72,125.36,45.37,74.73,0.7804,-1,-1,-1
54,1364,1499.18,97.09,36.88,36.84,0.5632,-1,-1,-1
54,1365,612.77,861.23,96.43,64.74,0.5896,-1,-1,-1
54,1366,616.49,769.58,95.62,156.01,0.6258,-1,-1,-1
54,1369,57.44,759.71,115.47,186.73,0.9098,-1,-1,-1
54,1373,1298.84,12.44,27.33,19.27,0.4338,-1,-1,-1
54,1374,42.77,600.98,105.28,159.90,0.9044,-1,-1,-1
54,1376,4.77,753.52,148.64,324.14,0.8257,-1,-1,-1
54,1351,433.74,611.51,138.47,212.55,0.7843,-1,-1,-1
54,1380,369.43,482.89,90.40,151.21,0.8696,-1,-1,-1
54,1383,220.29,556.70,100.74,144.90,0.6389,-1,-1,-1
54,1372,436.56,632.77,115.58,142.50,0.4864,-1,-1,-1
54,1387,413.21,540.31,60.84,155.56,0.3559,-1,-1,-1
55,1345,206.49,499.89,91.23,138.52,0.8554,-1,-1,-1
55,1346,661.67,785.16,189.96,131.69,0.9441,-1,-1,-1
55,1348,781.38,320.86,61.70,111.31,0.8239,-1,-1,-1
55,1349,219.91,197.51,56.66,85.67,0.8685,-1,-1,-1
55,1352,309.03,436.47,77.05,128.36,0.8970,-1,-1,-1
55,1353,856.53,193.24,40.54,82.37,0.6883,-1,-1,-1
55,1354,869.03,194.22,57.61,94.10,0.6893,-1,-1,-1
55,1355,770.42,269.65,61.98,93.80,0.8600,-1,-1,-1
55,1356,433.84,567.04,118.12,151.75,0.8394,-1,-1,-1
55,1357,532.78,469.05,91.75,142.95,0.8704,-1,-1,-1
55,1358,593.22,283.45,63.71,103.42,0.8061,-1,-1,-1
55,1359,1076.08,79.69,36.20,62.09,0.7965,-1,-1,-1
55,1360,559.64,452.10,74.05,111.02,0.8165,-1,-1,-1
55,1361,707.04,295.59,60.14,101.71,0.8970,-1,-1,-1
55,1362,1000.21,94.59,32.12,52.82,0.7629,-1,-1,-1
55,1363,1009.45,125.77,44.85,74.12,0.7888,-1,-1,-1
55,1364,1499.49,96.91,36.95,36.97,0.5860,-1,-1,-1
55,1365,608.35,853.08,105.36,72.51,0.4631,-1,-1,-1
55,1366,618.34,767.88,96.35,157.04,0.4702,-1,-1,-1
55,1369,57.73,757.26,118.45,188.26,0.9074,-1,-1,-1
55,1373,1299.14,12.25,27.14,19.25,0.4163,-1,-1,-1
55,1374,45.29,600.39,106.47,158.95,0.9012,-1,-1,-1
55,1376,10.09,774.49,142.54,304.76,0.7443,-1,-1,-1
55,1351,437.73,616.44,134.29,208.04,0.7346,-1,-1,-1
55,1380,374.87,481.08,88.48,150.28,0.8455,-1,-1,-1
55,1383,208.34,558.13,102.98,148.23,0.7062,-1,-1,-1
55,1372,442.08,645.77,103.14,127.65,0.4522,-1,-1,-1
55,1387,419.92,555.22,52.75,133.34,0.1762,-1,-1,-1
56,1345,207.31,500.03,92.14,138.31,0.8784,-1,-1,-1
56,1346,658.04,779.42,197.32,138.30,0.9625,-1,-1,-1
56,1348,782.51,319.79,61.42,110.94,0.7768,-1,-1,-1
56,1349,221.59,197.55,55.81,84.31,0.8561,-1,-1,-1
56,1352,309.93,436.77,75.97,126.74,0.8785,-1,-1,-1
56,1353,858.34,193.27,43.16,87.42,0.6392,-1,-1,-1
56,1354,866.83,193.72,58.64,94.86,0.7022,-1,-1,-1
56,1355,769.19,270.10,62.31,95.28,0.8601,-1,-1,-1
56,1356,437.27,566.72,117.66,151.98,0.6979,-1,-1,-1
56,1357,533.40,465.89,92.98,145.21,0.8109,-1,-1,-1
56,1358,595.77,290.73,59.73,96.31,0.1684,-1,-1,-1
56,1359,1076.17,79.69,36.21,62.20,0.7923,-1,-1,-1
56,1360,558.75,450.40,75.03,113.38,0.7498,-1,-1,-1
56,1361,707.34,295.83,59.89,101.24,0.8979,-1,-1,-1
56,1362,999.84,94.90,31.32,52.26,0.7362,-1,-1,-1
56,1363,1009.91,125.98,44.54,74.06,0.7711,-1,-1,-1
56,1364,1499.98,97.37,36.58,36.54,0.5891,-1,-1,-1
56,1365,608.55,852.79,103.01,71.95,0.4806,-1,-1,-1
56,1366,616.68,768.17,95.98,156.42,0.5932,-1,-1,-1
56,1369,59.42,755.41,120.27,187.93,0.9179,-1,-1,-1
56,1373,1300.08,12.59,26.04,18.53,0.3252,-1,-1,-1
56,1374,46.31,599.32,108.70,159.85,0.8897,-1,-1,-1
56,1376,10.81,777.87,143.56,301.97,0.5349,-1,-1,-1
56,1351,435.88,602.93,140.75,221.87,0.7390,-1,-1,-1
56,1380,379.33,480.39,86.50,148.53,0.8299,-1,-1,-1
56,1383,202.03,561.27,103.38,148.86,0.7639,-1,-1,-1
56,1372,442.33,642.01,103.99,130.14,0.5052,-1,-1,-1
56,1387,419.23,556.67,52.72,132.47,0.3372,-1,-1,-1
56,1381,415.57,693.96,181.44,128.79,0.7428,-1,-1,-1
56,1389,593.01,282.95,45.92,98.86,0.7796,-1,-1,-1
57,1345,211.36,500.44,91.80,136.96,0.8647,-1,-1,-1
57,1346,657.22,778.23,197.62,139.74,0.9607,-1,-1,-1
57,1348,785.87,325.02,58.91,105.76,0.8553,-1,-1,-1
57,1349,222.93,197.21,55.54,83.77,0.8295,-1,-1,-1
57,1352,309.52,436.03,75.54,126.85,0.8875,-1,-1,-1
57,1353,858.31,192.32,42.10,85.94,0.6324,-1,-1,-1
57,1354,867.20,192.35,59.71,96.36,0.7413,-1,-1,-1
57,1355,768.14,270.26,63.69,98.42,0.8527,-1,-1,-1
57,1356,429.45,562.36,121.76,155.19,0.6678,-1,-1,-1
57,1357,535.72,464.26,92.98,145.32,0.8133,-1,-1,-1
57,1359,1076.21,79.38,36.48,62.88,0.8003,-1,-1,-1
57,1360,561.10,448.05,75.30,115.40,0.8255,-1,-1,-1
57,1361,707.69,295.77,59.86,101.04,0.8925,-1,-1,-1
57,1362,999.42,96.49,30.71,51.96,0.7427,-1,-1,-1
57,1363,1010.36,125.73,44.59,74.47,0.7723,-1,-1,-1
57,1364,1500.35,97.98,35.96,35.77,0.5721,-1,-1,-1
57,1365,606.73,851.66,103.25,73.03,0.4421,-1,-1,-1
57,1366,619.91,769.14,96.75,155.09,0.5358,-1,-1,-1
57,1369,61.07,753.31,122.68,188.58,0.8875,-1,-1,-1
57,1373,1300.27,12.42,25.91,18.51,0.3916,-1,-1,-1
57,1374,49.09,597.73,110.53,160.64,0.9048,-1,-1,-1
57,1376,13.41,787.70,142.11,292.20,0.4312,-1,-1,-1
57,1351,437.14,597.86,141.17,226.09,0.7861,-1,-1,-1
57,1380,384.37,478.68,86.30,149.90,0.8380,-1,-1,-1
57,1383,193.64,563.83,105.42,151.48,0.9203,-1,-1,-1
57,1372,443.46,633.66,108.71,137.35,0.5471,-1,-1,-1
57,1387,418.55,558.45,55.15,137.97,0.3852,-1,-1,-1
57,1391,-2.46,708.93,140.40,307.77,0.5828,-1,-1,-1
57,1392,440.05,733.22,134.04,88.52,0.4495,-1,-1,-1
57,1389,593.00,286.31,45.71,97.48,0.7611,-1,-1,-1
58,1345,214.48,500.24,92.49,137.20,0.8421,-1,-1,-1
58,1346,661.54,784.31,188.66,133.47,0.9546,-1,-1,-1
58,1348,787.17,326.04,58.54,104.42,0.8813,-1,-1,-1
58,1349,223.95,196.57,56.15,84.86,0.8184,-1,-1,-1
58,1352,310.80,435.97,75.02,126.12,0.8933,-1,-1,-1
58,1353,859.85,191.98,43.31,88.67,0.6022,-1,-1,-1
58,1354,867.06,191.65,60.40,97.11,0.7124,-1,-1,-1
58,1355,768.30,270.43,62.52,97.39,0.8628,-1,-1,-1
58,1356,431.27,564.52,121.42,152.69,0.6939,-1,-1,-1
58,1357,537.57,459.85,95.20,148.97,0.8149,-1,-1,-1
58,1359,1076.91,79.79,36.17,62.61,0.7875,-1,-1,-1
58,1360,561.40,446.87,74.57,115.46,0.7729,-1,-1,-1
58,1361,708.27,295.74,60.18,101.14,0.8833,-1,-1,-1
58,1362,998.50,96.86,31.05,53.20,0.7989,-1,-1,-1
58,1363,1010.92,125.94,43.78,73.45,0.7735,-1,-1,-1
58,1364,1500.19,97.89,36.48,36.14,0.5690,-1,-1,-1
58,1365,606.40,851.63,101.53,72.36,0.3756,-1,-1,-1
58,1366,620.02,769.73,97.68,154.16,0.4950,-1,-1,-1
58,1369,62.14,756.62,122.45,184.56,0.8950,-1,-1,-1
58,1373,1300.00,12.57,25.55,18.33,0.3357,-1,-1,-1
58,1374,52.22,596.73,111.71,160.68,0.9064,-1,-1,-1
58,1376,10.28,771.38,151.59,308.23,0.4213,-1,-1,-1
58,1351,442.17,605.68,134.20,216.66,0.7492,-1,-1,-1
58,1380,387.28,475.85,86.03,151.60,0.8538,-1,-1,-1
58,1383,188.17,566.41,105.74,151.40,0.9289,-1,-1,-1
58,1372,450.50,641.66,105.63,132.09,0.4224,-1,-1,-1
58,1387,419.87,559.89,53.31,132.06,0.5191,-1,-1,-1
58,1391,-1.27,702.49,142.85,313.22,0.5317,-1,-1,-1
58,1392,425.70,711.94,164.09,109.09,0.3764,-1,-1,-1
58,1358,588.04,288.50,61.75,100.16,0.7821,-1,-1,-1
59,1345,216.43,498.53,92.20,136.93,0.8522,-1,-1,-1
59,1346,659.76,781.61,191.68,136.40,0.9575,-1,-1,-1
59,1348,786.90,319.38,62.07,110.90,0.8745,-1,-1,-1
59,1349,225.89,195.79,56.25,85.12,0.8704,-1,-1,-1
59,1352,312.05,435.35,75.29,126.48,0.8973,-1,-1,-1
59,1354,867.19,191.35,60.94,96.88,0.7783,-1,-1,-1
59,1355,767.98,270.27,61.77,97.09,0.8010,-1,-1,-1
59,1356,444.22,562.81,120.14,153.83,0.6144,-1,-1,-1
59,1357,539.11,457.66,95.90,150.30,0.8409,-1,-1,-1
59,1359,1077.59,81.00,35.34,61.27,0.7967,-1,-1,-1
59,1360,564.44,447.44,72.20,113.10,0.8075,-1,-1,-1
59,1361,708.90,295.86,60.46,101.16,0.8871,-1,-1,-1
59,1362,997.99,96.84,29.88,51.80,0.7932,-1,-1,-1
59,1363,1011.50,126.16,43.24,72.72,0.7950,-1,-1,-1
59,1364,1498.78,97.32,36.78,36.69,0.5259,-1,-1,-1
59,1365,611.17,857.39,92.18,65.35,0.4917,-1,-1,-1
59,1366,620.79,770.62,98.08,152.29,0.5906,-1,-1,-1
59,1369,63.81,758.17,123.80,183.73,0.8725,-1,-1,-1
59,1373,1299.29,12.67,26.14,18.91,0.4140,-1,-1,-1
59,1374,55.40,596.39,112.18,160.28,0.9062,-1,-1,-1
59,1376,10.73,772.35,153.53,307.43,0.3520,-1,-1,-1
59,1351,444.12,606.49,131.68,214.47,0.7083,-1,-1,-1
59,1380,390.13,474.51,84.84,151.77,0.8879,-1,-1,-1
59,1383,181.54,569.54,105.69,151.18,0.8899,-1,-1,-1
59,1372,452.92,641.07,105.47,131.31,0.3468,-1,-1,-1
59,1387,418.42,562.46,58.60,145.11,0.5258,-1,-1,-1
59,1391,-1.23,694.63,146.04,320.40,0.5157,-1,-1,-1
59,1392,433.02,719.33,151.23,101.02,0.3015,-1,-1,-1
59,1358,584.63,289.44,62.22,101.11,0.8398,-1,-1,-1
60,1345,216.79,496.04,93.85,140.13,0.8767,-1,-1,-1
60,1346,658.47,779.88,193.52,138.55,0.9525,-1,-1,-1
60,1348,784.20,303.34,69.87,126.92,0.8368,-1,-1,-1
60,1349,227.30,196.40,55.80,84.52,0.8679,-1,-1,-1
60,1352,312.26,434.88,75.55,127.18,0.9041,-1,-1,-1
60,1354,867.43,190.53,61.73,97.27,0.7573,-1,-1,-1
60,1355,764.24,270.50,59.30,95.93,0.7178,-1,-1,-1
60,1356,450.27,562.16,118.50,154.42,0.6679,-1,-1,-1
60,1357,539.77,454.66,97.06,152.75,0.8131,-1,-1,-1
60,1359,1077.73,80.85,35.37,61.40,0.8025,-1,-1,-1
60,1360,565.85,447.95,71.49,113.16,0.7714,-1,-1,-1
60,1361,709.65,296.08,60.55,100.71,0.8978,-1,-1,-1
60,1362,997.20,97.92,29.46,51.71,0.7723,-1,-1,-1
60,1363,1011.51,126.10,43.18,72.70,0.7630,-1,-1,-1
60,1364,1498.56,97.46,36.31,36.34,0.5340,-1,-1,-1
60,1365,614.50,863.74,84.18,58.75,0.4931,-1,-1,-1
60,1366,615.69,771.33,97.78,151.66,0.5426,-1,-1,-1
60,1369,62.13,752.02,129.25,189.39,0.7472,-1,-1,-1
60,1373,1299.49,12.82,25.68,18.60,0.2048,-1,-1,-1
60,1374,57.87,595.92,112.24,159.44,0.8992,-1,-1,-1
60,1376,8.48,762.40,159.54,316.50,0.3230,-1,-1,-1
60,1351,452.07,630.49,117.11,189.13,0.7834,-1,-1,-1
60,1380,392.36,473.80,83.30,151.06,0.8829,-1,-1,-1
60,1383,176.19,570.78,107.12,153.26,0.9147,-1,-1,-1
60,1387,418.15,563.94,59.22,146.04,0.6334,-1,-1,-1
60,1391,-5.74,665.05,158.92,349.92,0.5633,-1,-1,-1
60,1358,582.55,291.07,62.66,101.48,0.8164,-1,-1,-1
61,1345,218.62,493.64,95.59,143.41,0.8970,-1,-1,-1
61,1346,657.07,779.22,193.78,139.56,0.9388,-1,-1,-1
61,1348,786.43,305.58,68.21,124.45,0.8581,-1,-1,-1
61,1349,228.77,196.07,55.22,83.73,0.8705,-1,-1,-1
61,1352,313.85,434.79,75.41,126.75,0.9075,-1,-1,-1
61,1354,869.50,190.96,61.57,96.65,0.7759,-1,-1,-1
61,1355,762.98,271.07,56.86,94.51,0.7624,-1,-1,-1
61,1356,452.38,559.64,118.84,156.60,0.7415,-1,-1,-1
61,1357,540.26,452.02,98.50,155.92,0.8045,-1,-1,-1
61,1359,1078.17,80.71,35.22,61.17,0.8040,-1,-1,-1
61,1360,566.54,446.80,70.81,112.65,0.7712,-1,-1,-1
61,1361,709.88,296.09,60.91,100.92,0.9031,-1,-1,-1
61,1362,995.72,98.10,29.84,53.19,0.7830,-1,-1,-1
61,1363,1011.19,126.21,42.94,72.38,0.7598,-1,-1,-1
61,1364,1497.92,96.59,37.17,37.38,0.5737,-1,-1,-1
61,1365,616.75,868.84,78.56,53.54,0.4128,-1,-1,-1
61,1366,613.10,772.25,97.35,150.81,0.5061,-1,-1,-1
61,1369,64.76,757.90,127.67,182.81,0.8868,-1,-1,-1
61,1373,1299.02,12.77,25.80,18.81,0.2804,-1,-1,-1
61,1374,60.29,595.07,113.34,160.54,0.8879,-1,-1,-1
61,1376,8.61,766.91,159.20,312.38,0.5315,-1,-1,-1
61,1351,449.58,615.14,124.89,203.45,0.7551,-1,-1,-1
61,1380,396.08,472.75,80.13,146.23,0.8125,-1,-1,-1
61,1383,173.37,573.90,107.05,153.08,0.9400,-1,-1,-1
61,1387,418.96,562.07,60.23,147.56,0.7448,-1,-1,-1
61,1391,-1.75,665.36,160.06,352.33,0.5748,-1,-1,-1
61,1358,581.07,293.31,62.92,101.88,0.8481,-1,-1,-1
61,1353,861.32,190.89,40.68,84.18,0.5105,-1,-1,-1
62,1345,221.73,492.13,96.47,145.09,0.8947,-1,-1,-1
62,1346,657.12,779.97,192.14,138.91,0.9331,-1,-1,-1
62,1348,788.75,311.54,65.03,118.19,0.8710,-1,-1,-1
62,1349,229.94,195.78,55.39,83.88,0.8973,-1,-1,-1
62,1352,315.22,434.26,75.88,127.37,0.9130,-1,-1,-1
62,1354,871.36,192.27,60.76,95.18,0.7464,-1,-1,-1
62,1355,762.33,271.85,54.30,92.90,0.7585,-1,-1,-1
62,1356,453.50,560.08,117.18,155.47,0.7591,-1,-1,-1
62,1357,541.40,448.78,100.09,159.51,0.7868,-1,-1,-1
62,1359,1078.74,80.52,35.19,61.01,0.8086,-1,-1,-1
62,1360,562.86,446.58,71.17,111.90,0.6940,-1,-1,-1
62,1361,710.25,295.78,60.95,100.68,0.8956,-1,-1,-1
62,1362,995.81,99.10,29.69,53.64,0.7947,-1,-1,-1
62,1363,1011.67,126.47,42.81,72.11,0.7777,-1,-1,-1
62,1364,1498.42,96.72,36.82,37.14,0.5580,-1,-1,-1
62,1365,618.51,873.50,74.32,49.24,0.4520,-1,-1,-1
62,1366,613.35,773.72,96.64,149.25,0.4154,-1,-1,-1
62,1369,69.95,760.56,127.35,179.98,0.8815,-1,-1,-1
62,1373,1299.40,12.77,26.08,19.09,0.2701,-1,-1,-1
62,1374,63.77,595.09,113.00,160.10,0.8781,-1,-1,-1
62,1376,14.17,791.26,150.28,287.51,0.4725,-1,-1,-1
62,1351,454.74,630.43,116.02,187.69,0.8655,-1,-1,-1
62,1380,398.70,471.87,77.69,142.09,0.8513,-1,-1,-1
62,1383,170.43,575.59,106.79,153.05,0.9174,-1,-1,-1
62,1387,419.49,561.19,61.58,149.62,0.7674,-1,-1,-1
62,1391,-1.93,656.70,163.26,359.94,0.5892,-1,-1,-1
62,1358,578.99,294.05,63.71,102.94,0.8708,-1,-1,-1
62,1353,861.52,191.65,40.39,84.73,0.5914,-1,-1,-1
63,1345,224.77,491.92,96.35,145.01,0.8948,-1,-1,-1
63,1346,657.40,782.40,189.60,137.48,0.9312,-1,-1,-1
63,1348,786.73,299.78,69.87,128.87,0.8508,-1,-1,-1
63,1349,230.77,195.96,54.54,82.31,0.8990,-1,-1,-1
63,1352,316.30,434.24,76.13,127.64,0.9105,-1,-1,-1
63,1354,872.10,192.32,60.53,94.63,0.6884,-1,-1,-1
63,1355,762.49,271.91,52.36,92.20,0.7735,-1,-1,-1
63,1356,462.03,558.42,115.36,156.06,0.7922,-1,-1,-1
63,1357,543.97,452.54,97.75,156.33,0.8394,-1,-1,-1
63,1359,1079.02,80.24,35.21,60.94,0.8082,-1,-1,-1
63,1360,565.59,445.65,71.68,113.59,0.7360,-1,-1,-1
63,1361,710.28,294.32,61.62,101.64,0.9016,-1,-1,-1
63,1362,995.45,101.06,28.59,52.09,0.6669,-1,-1,-1
63,1363,1011.92,127.22,42.34,71.28,0.7849,-1,-1,-1
63,1364,1498.46,96.25,37.07,37.56,0.5894,-1,-1,-1
63,1365,615.54,871.58,78.38,51.34,0.2901,-1,-1,-1
63,1366,614.76,774.39,96.68,148.07,0.3656,-1,-1,-1
63,1369,72.40,762.93,127.06,177.11,0.9065,-1,-1,-1
63,1373,1299.22,12.89,26.19,19.31,0.2289,-1,-1,-1
63,1374,66.26,592.95,114.10,161.60,0.8913,-1,-1,-1
63,1376,11.42,771.20,161.84,307.25,0.4074,-1,-1,-1
63,1351,454.18,626.39,118.45,191.86,0.8362,-1,-1,-1
63,1380,401.36,470.22,76.08,139.84,0.8291,-1,-1,-1
63,1383,167.05,578.82,106.40,153.62,0.8714,-1,-1,-1
63,1387,420.49,557.62,63.02,151.97,0.8860,-1,-1,-1
63,1391,0.83,666.13,159.82,351.75,0.6854,-1,-1,-1
63,1358,576.84,295.59,64.00,103.51,0.8686,-1,-1,-1
63,1353,863.78,191.88,41.12,86.10,0.5666,-1,-1,-1
63,1393,771.15,270.84,59.91,88.74,0.4216,-1,-1,-1
64,1345,228.40,491.46,97.25,145.82,0.8964,-1,-1,-1
64,1346,657.41,784.42,188.39,136.95,0.9155,-1,-1,-1
64,1348,787.50,295.39,70.34,131.12,0.8077,-1,-1,-1
64,1349,231.29,195.85,55.65,83.84,0.9036,-1,-1,-1
64,1352,317.53,433.99,76.32,127.99,0.9095,-1,-1,-1
64,1354,874.38,192.61,60.31,94.41,0.7429,-1,-1,-1
64,1355,763.50,271.88,51.53,93.13,0.7473,-1,-1,-1
64,1356,467.57,557.18,113.91,157.24,0.7831,-1,-1,-1
64,1357,545.21,450.47,98.49,158.53,0.8096,-1,-1,-1
64,1359,1078.83,79.49,35.64,61.50,0.8033,-1,-1,-1
64,1360,563.08,445.95,71.17,111.19,0.7088,-1,-1,-1
64,1361,711.14,294.41,61.55,101.24,0.9020,-1,-1,-1
64,1362,994.96,101.41,28.23,51.81,0.6104,-1,-1,-1
64,1363,1012.19,127.47,42.05,70.92,0.7757,-1,-1,-1
64,1364,1499.41,96.22,36.49,37.21,0.6000,-1,-1,-1
64,1365,614.57,872.68,78.96,50.90,0.2069,-1,-1,-1
64,1366,620.09,773.86,99.54,148.70,0.3410,-1,-1,-1
64,1369,74.84,762.58,128.38,177.58,0.8858,-1,-1,-1
64,1373,1299.18,12.92,26.45,19.67,0.1994,-1,-1,-1
64,1374,66.82,589.51,115.46,164.33,0.8760,-1,-1,-1
64,1376,26.79,835.10,135.55,242.90,0.4450,-1,-1,-1
64,1351,456.54,632.84,115.03,185.27,0.8451,-1,-1,-1
64,1380,403.72,468.82,75.83,140.22,0.8062,-1,-1,-1
64,1383,164.33,580.75,105.73,153.94,0.8619,-1,-1,-1
64,1387,423.16,556.56,64.78,153.74,0.8512,-1,-1,-1
64,1391,3.19,683.29,151.23,331.56,0.7113,-1,-1,-1
64,1358,575.72,295.97,64.55,104.15,0.8630,-1,-1,-1
64,1353,864.77,190.43,39.49,83.15,0.6348,-1,-1,-1
64,1393,771.86,270.43,61.14,90.69,0.4199,-1,-1,-1
65,1345,231.26,492.04,97.16,145.14,0.9118,-1,-1,-1
65,1346,656.76,784.45,188.15,137.20,0.9234,-1,-1,-1
65,1348,792.12,304.61,64.48,120.12,0.7867,-1,-1,-1
65,1349,232.27,195.30,55.98,84.12,0.9023,-1,-1,-1
65,1352,318.35,432.95,76.80,128.89,0.8996,-1,-1,-1
65,1354,874.75,191.66,61.18,95.67,0.7586,-1,-1,-1
65,1355,765.26,271.36,50.99,93.81,0.7489,-1,-1,-1
65,1356,471.10,555.42,112.39,158.07,0.7986,-1,-1,-1
65,1357,546.31,448.79,98.85,160.27,0.8133,-1,-1,-1
65,1359,1079.55,79.68,35.43,61.06,0.8217,-1,-1,-1
65,1360,561.13,446.44,71.96,111.04,0.6610,-1,-1,-1
65,1361,711.73,293.57,61.72,101.57,0.9035,-1,-1,-1
65,1362,994.36,101.80,29.06,54.00,0.6539,-1,-1,-1
65,1363,1012.25,127.37,41.66,70.31,0.7768,-1,-1,-1
65,1364,1499.37,95.96,36.20,37.13,0.5992,-1,-1,-1
65,1365,614.22,873.18,79.56,50.69,0.2914,-1,-1,-1
65,1366,617.23,772.92,101.16,150.04,0.3513,-1,-1,-1
65,1369,76.73,763.56,129.33,177.09,0.9085,-1,-1,-1
65,1373,1298.81,13.14,26.23,19.70,0.2546,-1,-1,-1
65,1374,67.61,585.72,116.06,166.77,0.8833,-1,-1,-1
65,1376,16.74,795.75,158.90,282.72,0.4756,-1,-1,-1
65,1351,457.07,632.41,114.37,183.49,0.8390,-1,-1,-1
65,1380,406.84,467.54,73.91,137.14,0.7943,-1,-1,-1
65,1383,161.51,584.26,104.52,153.18,0.8770,-1,-1,-1
65,1387,422.97,552.85,66.15,155.77,0.8582,-1,-1,-1
65,1391,4.17,693.02,146.79,320.42,0.7212,-1,-1,-1
65,1358,574.14,297.20,64.76,104.37,0.8870,-1,-1,-1
65,1353,865.79,189.28,38.20,80.58,0.5096,-1,-1,-1
65,1393,777.56,270.78,62.10,92.69,0.3789,-1,-1,-1
66,1345,233.14,492.36,96.96,144.49,0.8927,-1,-1,-1
66,1346,654.25,779.76,193.58,142.23,0.9308,-1,-1,-1
66,1348,793.60,306.74,62.30,116.01,0.8311,-1,-1,-1
66,1349,233.07,195.26,56.40,84.46,0.9100,-1,-1,-1
66,1352,320.53,432.46,76.53,127.73,0.8837,-1,-1,-1
66,1354,876.07,192.93,60.77,95.09,0.7647,-1,-1,-1
66,1355,765.51,271.06,50.23,94.35,0.8028,-1,-1,-1
66,1356,474.80,556.79,109.28,156.38,0.7935,-1,-1,-1
66,1357,547.35,448.33,98.09,160.29,0.8316,-1,-1,-1
66,1359,1079.65,78.95,35.86,61.79,0.8351,-1,-1,-1
66,1360,560.55,446.31,71.99,109.65,0.7182,-1,-1,-1
66,1361,712.18,292.62,62.26,102.26,0.8980,-1,-1,-1
66,1362,993.83,102.88,28.51,53.35,0.6129,-1,-1,-1
66,1363,1012.41,127.17,41.58,70.36,0.7722,-1,-1,-1
66,1364,1500.01,96.20,35.71,36.77,0.6294,-1,-1,-1
66,1365,616.02,876.31,76.65,47.80,0.4166,-1,-1,-1
66,1366,613.18,773.86,100.85,149.99,0.2864,-1,-1,-1
66,1369,79.34,765.07,130.01,176.42,0.8795,-1,-1,-1
66,1373,1299.07,12.85,26.21,19.86,0.2499,-1,-1,-1
66,1374,69.43,584.46,114.94,167.00,0.8949,-1,-1,-1
66,1376,17.18,784.71,165.78,293.40,0.5910,-1,-1,-1
66,1351,457.49,632.23,114.42,182.89,0.8418,-1,-1,-1
66,1380,409.50,467.07,74.43,138.08,0.7021,-1,-1,-1
66,1383,159.90,587.12,103.88,153.21,0.8343,-1,-1,-1
66,1387,423.86,551.85,66.33,155.44,0.8006,-1,-1,-1
66,1391,5.86,696.09,145.74,315.95,0.7010,-1,-1,-1
66,1358,572.50,298.31,65.03,104.83,0.8843,-1,-1,-1
66,1353,867.27,191.01,36.13,75.64,0.5685,-1,-1,-1
66,1393,782.18,270.88,61.28,92.12,0.2974,-1,-1,-1
67,1345,235.28,492.31,96.74,143.55,0.8844,-1,-1,-1
67,1346,653.80,779.12,194.62,144.07,0.9344,-1,-1,-1
67,1348,793.95,304.32,62.88,117.16,0.8657,-1,-1,-1
67,1349,233.61,193.97,58.01,86.55,0.9171,-1,-1,-1
67,1352,321.91,431.56,77.09,127.95,0.9019,-1,-1,-1
67,1354,874.96,191.58,61.78,96.31,0.8104,-1,-1,-1
67,1355,767.04,270.43,49.33,93.81,0.8484,-1,-1,-1
67,1356,478.68,557.40,106.15,154.47,0.7098,-1,-1,-1
67,1357,549.33,448.84,97.29,159.82,0.8636,-1,-1,-1
67,1359,1079.47,77.64,36.48,62.85,0.8224,-1,-1,-1
67,1360,560.74,445.81,73.16,110.17,0.6487,-1,-1,-1
67,1361,713.03,292.99,62.26,101.91,0.8998,-1,-1,-1
67,1362,992.97,103.10,28.58,53.88,0.7392,-1,-1,-1
67,1363,1012.52,126.33,41.75,71.08,0.7864,-1,-1,-1
67,1364,1500.07,95.86,35.55,37.02,0.5725,-1,-1,-1
67,1365,616.69,878.57,76.05,46.51,0.4313,-1,-1,-1
67,1366,612.93,774.32,101.25,150.52,0.3405,-1,-1,-1
67,1369,82.95,765.67,132.13,178.20,0.8826,-1,-1,-1
67,1373,1298.46,12.98,25.76,19.57,0.2004,-1,-1,-1
67,1374,72.20,582.70,112.37,165.99,0.9009,-1,-1,-1
67,1376,40.89,875.57,125.39,201.86,0.4873,-1,-1,-1
67,1351,459.26,631.52,115.56,184.09,0.8338,-1,-1,-1
67,1380,413.48,464.51,74.88,138.33,0.8691,-1,-1,-1
67,1383,157.35,590.44,104.03,155.02,0.9034,-1,-1,-1
67,1387,424.95,551.93,66.14,153.91,0.8697,-1,-1,-1
67,1391,1.74,687.70,151.46,328.62,0.8103,-1,-1,-1
67,1358,570.72,299.81,65.63,105.52,0.8925,-1,-1,-1
67,1353,868.32,190.54,37.97,79.59,0.3773,-1,-1,-1
68,1345,236.38,492.16,96.61,142.93,0.8972,-1,-1,-1
68,1346,653.49,779.50,194.11,144.51,0.9460,-1,-1,-1
68,1348,794.28,303.42,63.25,118.08,0.8439,-1,-1,-1
68,1349,234.20,194.12,58.67,87.16,0.9149,-1,-1,-1
68,1352,322.68,430.53,77.81,128.41,0.9055,-1,-1,-1
68,1354,874.03,190.81,62.51,97.15,0.8393,-1,-1,-1
68,1355,767.76,270.21,49.07,94.42,0.8649,-1,-1,-1
68,1356,480.86,557.43,104.32,153.89,0.7483,-1,-1,-1
68,1357,551.45,449.88,95.93,158.14,0.8421,-1,-1,-1
68,1359,1079.59,77.04,36.63,63.11,0.8124,-1,-1,-1
68,1360,560.25,445.36,73.75,109.42,0.6257,-1,-1,-1
68,1361,713.49,293.15,62.31,101.71,0.8997,-1,-1,-1
68,1362,992.58,103.71,28.54,54.07,0.7450,-1,-1,-1
68,1363,1012.69,125.70,41.63,71.44,0.7875,-1,-1,-1
68,1364,1500.02,95.43,35.55,37.31,0.5812,-1,-1,-1
68,1365,616.61,880.32,75.78,45.59,0.5553,-1,-1,-1
68,1366,612.37,775.73,100.27,149.67,0.2497,-1,-1,-1
68,1369,85.69,765.73,132.90,178.17,0.8908,-1,-1,-1
68,1373,1298.42,13.01,25.27,19.33,0.2018,-1,-1,-1
68,1374,75.52,581.10,111.24,167.25,0.8793,-1,-1,-1
68,1376,43.81,896.81,119.11,180.65,0.4110,-1,-1,-1
68,1351,460.10,631.79,115.46,183.44,0.8544,-1,-1,-1
68,1380,416.26,461.47,75.73,139.74,0.8740,-1,-1,-1
68,1383,156.28,592.56,103.27,155.72,0.9193,-1,-1,-1
68,1387,425.81,551.48,66.41,153.71,0.8470,-1,-1,-1
68,1391,-0.23,679.42,156.67,340.44,0.7705,-1,-1,-1
68,1358,568.05,301.58,65.27,105.35,0.8981,-1,-1,-1
69,1345,238.39,491.95,96.39,142.92,0.8877,-1,-1,-1
69,1346,654.78,780.38,192.36,143.90,0.9356,-1,-1,-1
69,1348,796.16,305.60,61.24,114.61,0.8783,-1,-1,-1
69,1349,236.07,195.15,57.49,84.86,0.9155,-1,-1,-1
69,1352,324.13,430.67,76.83,125.89,0.9091,-1,-1,-1
69,1354,873.33,189.80,63.25,98.35,0.8421,-1,-1,-1
69,1355,768.64,269.91,48.73,94.87,0.8658,-1,-1,-1
69,1356,484.15,559.02,101.87,151.74,0.7848,-1,-1,-1
69,1357,552.22,449.16,95.61,158.47,0.8529,-1,-1,-1
69,1359,1079.97,76.86,36.11,62.36,0.8157,-1,-1,-1
69,1360,559.49,444.33,74.82,109.97,0.7273,-1,-1,-1
69,1361,714.91,293.76,61.68,100.32,0.8850,-1,-1,-1
69,1362,992.17,105.25,28.84,55.04,0.7181,-1,-1,-1
69,1363,1012.78,126.10,41.14,71.13,0.7750,-1,-1,-1
69,1364,1500.61,96.46,34.32,36.17,0.5746,-1,-1,-1
69,1365,615.17,878.34,79.70,47.67,0.4607,-1,-1,-1
69,1366,616.30,774.85,102.08,150.76,0.2430,-1,-1,-1
69,1369,89.28,766.23,132.49,176.57,0.9092,-1,-1,-1
69,1373,1298.49,13.40,23.88,18.43,0.2429,-1,-1,-1
69,1374,78.32,579.82,109.62,168.27,0.8638,-1,-1,-1
69,1376,22.95,823.10,167.01,254.05,0.5981,-1,-1,-1
69,1351,461.67,631.12,115.43,183.29,0.8577,-1,-1,-1
69,1380,419.66,458.67,77.86,143.35,0.8487,-1,-1,-1
69,1383,154.46,599.11,101.23,154.01,0.9008,-1,-1,-1
69,1387,427.49,549.96,66.89,154.59,0.8673,-1,-1,-1
69,1391,3.78,697.17,146.53,315.95,0.5903,-1,-1,-1
69,1358,566.48,302.96,65.00,105.10,0.9080,-1,-1,-1
70,1345,239.66,491.46,96.61,143.48,0.8874,-1,-1,-1
70,1346,655.27,781.34,191.07,143.58,0.9434,-1,-1,-1
70,1348,797.47,306.62,60.76,113.71,0.8855,-1,-1,-1
70,1349,236.60,194.74,57.78,85.16,0.8991,-1,-1,-1
70,1352,324.75,430.91,76.77,125.49,0.9164,-1,-1,-1
70,1354,873.49,190.70,62.96,97.88,0.8585,-1,-1,-1
70,1355,769.54,269.88,48.08,94.27,0.8649,-1,-1,-1
70,1356,486.30,559.12,99.92,149.47,0.7508,-1,-1,-1
70,1357,553.56,445.92,97.22,161.89,0.8403,-1,-1,-1
70,1359,1080.55,76.87,35.82,62.06,0.8097,-1,-1,-1
70,1360,559.39,443.64,75.89,111.06,0.7516,-1,-1,-1
70,1361,715.29,292.99,62.43,101.04,0.8849,-1,-1,-1
70,1362,991.58,105.61,29.63,56.94,0.7380,-1,-1,-1
70,1363,1012.88,126.09,40.84,70.78,0.7727,-1,-1,-1
70,1364,1501.43,97.37,33.36,35.25,0.5946,-1,-1,-1
70,1365,612.90,876.17,84.04,50.28,0.4679,-1,-1,-1
70,1366,615.36,774.38,103.10,151.68,0.2931,-1,-1,-1
70,1369,90.87,766.64,132.79,175.77,0.9021,-1,-1,-1
70,1373,1298.93,13.51,22.99,17.99,0.2666,-1,-1,-1
70,1374,80.55,578.45,107.72,168.82,0.8726,-1,-1,-1
70,1376,17.29,801.82,180.54,275.11,0.5909,-1,-1,-1
70,1351,462.98,632.70,114.72,181.86,0.8518,-1,-1,-1
70,1380,421.42,457.41,77.99,143.54,0.8543,-1,-1,-1
70,1383,152.58,602.80,100.39,153.69,0.8912,-1,-1,-1
70,1387,427.52,546.60,68.53,158.29,0.8383,-1,-1,-1
70,1391,4.44,691.23,149.54,320.69,0.6272,-1,-1,-1
70,1358,564.75,303.87,64.56,104.68,0.8995,-1,-1,-1
71,1345,240.41,490.31,97.02,144.53,0.8937,-1,-1,-1
71,1346,655.66,781.62,191.11,144.25,0.9428,-1,-1,-1
71,1348,799.51,306.70,60.39,112.78,0.8871,-1,-1,-1
71,1349,238.15,195.20,57.51,84.37,0.8926,-1,-1,-1
71,1352,326.08,430.65,77.35,125.65,0.9116,-1,-1,-1
71,1354,873.75,190.82,62.80,97.83,0.8658,-1,-1,-1
71,1355,770.04,269.70,47.74,94.19,0.8539,-1,-1,-1
71,1356,488.15,560.25,98.72,148.52,0.7491,-1,-1,-1
71,1357,555.23,446.79,97.04,161.76,0.7990,-1,-1,-1
71,1359,1080.95,77.12,35.50,61.71,0.8027,-1,-1,-1
71,1360,559.75,443.04,76.03,110.44,0.7872,-1,-1,-1
71,1361,715.82,292.47,63.35,101.97,0.8817,-1,-1,-1
71,1362,991.64,105.73,29.08,55.95,0.7218,-1,-1,-1
71,1363,1012.67,125.20,41.08,71.31,0.7755,-1,-1,-1
71,1364,1501.31,97.08,33.36,35.43,0.5357,-1,-1,-1
71,1365,612.29,876.42,84.36,50.34,0.4958,-1,-1,-1
71,1366,613.64,774.55,103.66,152.38,0.3424,-1,-1,-1
71,1369,93.44,767.12,132.53,173.87,0.8766,-1,-1,-1
71,1373,1298.78,13.47,23.68,18.71,0.2520,-1,-1,-1
71,1374,82.54,577.20,105.30,168.67,0.8403,-1,-1,-1
71,1376,15.18,791.81,186.98,284.68,0.5771,-1,-1,-1
71,1351,464.62,630.39,115.30,182.72,0.8572,-1,-1,-1
71,1380,423.64,456.50,77.67,142.84,0.8608,-1,-1,-1
71,1383,150.14,606.07,99.97,154.29,0.8358,-1,-1,-1
71,1387,428.98,544.17,69.01,160.07,0.8077,-1,-1,-1
71,1391,9.18,694.99,150.12,317.14,0.5603,-1,-1,-1
71,1358,563.91,306.07,64.11,104.05,0.8998,-1,-1,-1
72,1345,242.12,490.18,98.31,146.36,0.9054,-1,-1,-1
72,1346,657.69,784.75,187.20,141.50,0.9336,-1,-1,-1
72,1348,800.72,307.26,59.85,111.39,0.8938,-1,-1,-1
72,1349,239.78,195.14,57.12,83.10,0.8855,-1,-1,-1
72,1352,326.64,429.77,78.00,126.30,0.9121,-1,-1,-1
72,1354,873.16,189.06,63.84,99.67,0.8658,-1,-1,-1
72,1355,770.33,269.74,47.41,94.25,0.8644,-1,-1,-1
72,1356,490.13,563.65,96.60,145.38,0.7473,-1,-1,-1
72,1357,556.31,446.32,97.11,162.05,0.7826,-1,-1,-1
72,1359,1081.26,77.16,35.19,61.34,0.7984,-1,-1,-1
72,1360,559.88,442.82,76.18,110.10,0.7950,-1,-1,-1
72,1361,716.29,292.40,63.68,102.10,0.8846,-1,-1,-1
72,1362,990.58,105.15,29.46,56.74,0.7188,-1,-1,-1
72,1363,1012.26,124.53,41.64,72.59,0.7836,-1,-1,-1
72,1364,1501.23,97.03,33.39,35.58,0.5806,-1,-1,-1
72,1365,612.43,876.57,83.80,49.86,0.6056,-1,-1,-1
72,1366,614.85,774.55,104.56,152.74,0.4529,-1,-1,-1
72,1369,95.96,768.47,132.92,172.28,0.8983,-1,-1,-1
72,1373,1298.53,13.21,24.57,19.57,0.3016,-1,-1,-1
72,1374,83.30,574.77,103.22,169.30,0.8673,-1,-1,-1
72,1376,13.14,784.70,191.43,291.33,0.5433,-1,-1,-1
72,1351,465.43,629.37,115.51,183.14,0.8545,-1,-1,-1
72,1380,426.04,456.97,77.51,141.59,0.8732,-1,-1,-1
72,1383,146.77,606.79,101.04,157.54,0.8022,-1,-1,-1
72,1387,428.23,535.85,72.28,168.63,0.7904,-1,-1,-1
72,1391,17.52,700.46,152.27,312.60,0.2025,-1,-1,-1
72,1358,562.59,306.15,64.09,104.30,0.9033,-1,-1,-1
73,1345,242.99,489.59,98.62,146.91,0.9226,-1,-1,-1
73,1346,658.39,785.63,186.81,141.70,0.9399,-1,-1,-1
73,1348,801.49,307.65,59.41,110.43,0.8935,-1,-1,-1
73,1349,240.72,194.91,57.70,83.34,0.8576,-1,-1,-1
73,1352,327.77,429.33,78.25,126.27,0.9004,-1,-1,-1
73,1354,873.62,186.67,65.02,102.06,0.8676,-1,-1,-1
73,1355,770.29,270.74,47.08,94.12,0.8712,-1,-1,-1
73,1356,490.69,562.22,97.62,147.38,0.6684,-1,-1,-1
73,1357,556.63,444.81,97.69,163.78,0.7821,-1,-1,-1
73,1359,1081.73,77.08,35.32,61.61,0.8041,-1,-1,-1
73,1360,560.54,442.64,75.59,108.52,0.7864,-1,-1,-1
73,1361,716.62,291.36,64.48,103.44,0.8786,-1,-1,-1
73,1362,990.27,108.29,28.58,54.42,0.7429,-1,-1,-1
73,1363,1012.30,124.13,42.11,73.47,0.7814,-1,-1,-1
73,1364,1501.06,96.28,33.48,35.88,0.5150,-1,-1,-1
73,1365,609.59,874.00,88.34,52.76,0.6043,-1,-1,-1
73,1366,616.52,773.96,106.66,153.76,0.5241,-1,-1,-1
73,1369,99.63,769.90,132.85,170.63,0.9021,-1,-1,-1
73,1373,1298.43,13.32,24.66,19.83,0.2589,-1,-1,-1
73,1374,87.62,574.12,99.75,167.45,0.5328,-1,-1,-1
73,1376,19.44,792.21,186.38,283.13,0.6877,-1,-1,-1
73,1351,468.26,634.11,112.53,177.82,0.8749,-1,-1,-1
73,1380,428.83,455.94,77.20,139.78,0.8511,-1,-1,-1
73,1383,135.34,591.07,112.13,177.63,0.7234,-1,-1,-1
73,1387,430.75,540.29,70.06,163.20,0.6915,-1,-1,-1
73,1391,16.34,698.98,155.68,313.45,0.2428,-1,-1,-1
73,1358,561.37,306.28,64.48,105.53,0.8930,-1,-1,-1
74,1345,244.49,489.35,98.60,147.32,0.9250,-1,-1,-1
74,1346,658.45,786.72,185.65,141.17,0.9464,-1,-1,-1
74,1348,803.72,308.23,58.64,108.64,0.8817,-1,-1,-1
74,1349,242.09,195.66,57.40,82.23,0.8640,-1,-1,-1
74,1352,328.79,428.53,78.79,126.85,0.8936,-1,-1,-1
74,1354,874.46,186.33,64.91,102.37,0.8773,-1,-1,-1
74,1355,769.72,271.10,47.40,95.05,0.8820,-1,-1,-1
74,1356,469.83,560.44,103.75,149.26,0.6057,-1,-1,-1
74,1357,558.13,442.46,99.49,166.68,0.8009,-1,-1,-1
74,1359,1082.37,77.68,35.32,61.34,0.8171,-1,-1,-1
74,1360,560.36,439.84,76.90,110.11,0.7443,-1,-1,-1
74,1361,716.98,291.04,64.59,103.89,0.8873,-1,-1,-1
74,1362,990.01,109.63,28.46,53.66,0.7469,-1,-1,-1
74,1363,1012.36,123.77,42.35,73.92,0.7754,-1,-1,-1
74,1364,1501.28,96.36,33.57,36.08,0.5566,-1,-1,-1
74,1365,608.16,873.07,90.45,54.20,0.5035,-1,-1,-1
74,1366,621.15,774.77,109.19,153.38,0.5452,-1,-1,-1
74,1369,101.61,771.46,133.38,169.96,0.9047,-1,-1,-1
74,1373,1298.42,13.31,24.84,20.27,0.3212,-1,-1,-1
74,1374,90.72,574.14,95.68,164.49,0.1075,-1,-1,-1
74,1376,21.22,795.15,185.00,280.02,0.7467,-1,-1,-1
74,1351,469.78,635.29,112.42,176.79,0.8669,-1,-1,-1
74,1380,431.61,455.28,76.83,138.35,0.8424,-1,-1,-1
74,1383,119.06,580.12,121.03,190.09,0.8090,-1,-1,-1
74,1387,429.34,525.06,74.74,175.89,0.4951,-1,-1,-1
74,1391,7.07,665.88,171.22,344.21,0.1893,-1,-1,-1
74,1358,560.59,307.36,63.93,105.21,0.8882,-1,-1,-1
75,1345,246.13,489.32,98.28,147.17,0.9286,-1,-1,-1
75,1346,663.64,796.15,175.55,132.74,0.9559,-1,-1,-1
75,1348,803.83,307.67,59.01,109.09,0.8320,-1,-1,-1
75,1349,243.50,195.52,57.76,82.19,0.8332,-1,-1,-1
75,1352,329.62,427.56,79.37,127.77,0.8788,-1,-1,-1
75,1354,875.18,185.75,64.56,102.25,0.8752,-1,-1,-1
75,1355,769.70,270.95,47.45,95.40,0.8812,-1,-1,-1
75,1356,460.16,560.88,108.01,148.31,0.6357,-1,-1,-1
75,1357,559.13,441.71,99.11,166.10,0.7883,-1,-1,-1
75,1359,1082.73,77.36,35.21,61.34,0.8038,-1,-1,-1
75,1360,560.52,438.71,77.84,111.38,0.7505,-1,-1,-1
75,1361,717.09,290.53,64.81,104.46,0.8908,-1,-1,-1
75,1362,989.71,109.87,28.94,54.31,0.7485,-1,-1,-1
75,1363,1013.11,123.89,42.17,73.49,0.7870,-1,-1,-1
75,1364,1501.35,96.50,33.39,35.92,0.5647,-1,-1,-1
75,1365,607.30,873.24,91.16,54.93,0.5667,-1,-1,-1
75,1366,619.62,776.85,110.38,152.46,0.5312,-1,-1,-1
75,1369,103.89,772.75,133.81,169.03,0.8888,-1,-1,-1
75,1373,1298.43,13.29,25.19,20.80,0.4209,-1,-1,-1
75,1376,27.27,798.77,182.25,275.97,0.7371,-1,-1,-1
75,1351,471.24,631.77,114.43,179.59,0.8462,-1,-1,-1
75,1380,434.99,455.22,76.95,137.38,0.7987,-1,-1,-1
75,1383,112.52,574.51,125.86,197.38,0.8601,-1,-1,-1
75,1387,428.52,509.40,79.36,189.07,0.4094,-1,-1,-1
75,1391,8.21,665.83,173.75,345.70,0.3727,-1,-1,-1
75,1358,558.82,307.12,65.12,108.13,0.9008,-1,-1,-1
76,1345,247.34,489.13,97.39,146.23,0.9282,-1,-1,-1
76,1346,661.99,794.80,178.20,134.87,0.9465,-1,-1,-1
76,1348,804.78,305.98,59.64,110.61,0.7567,-1,-1,-1
76,1349,244.17,194.96,58.25,82.39,0.8167,-1,-1,-1
76,1352,330.27,427.38,79.44,127.98,0.8717,-1,-1,-1
76,1354,875.89,185.66,64.29,102.34,0.8709,-1,-1,-1
76,1355,770.56,271.06,47.11,94.71,0.8730,-1,-1,-1
76,1356,467.87,564.83,107.55,144.96,0.6682,-1,-1,-1
76,1357,560.13,440.77,99.33,166.16,0.8205,-1,-1,-1
76,1359,1083.43,76.98,35.32,61.76,0.8130,-1,-1,-1
76,1360,560.53,439.83,78.88,112.91,0.6913,-1,-1,-1
76,1361,717.89,290.36,64.72,104.57,0.8823,-1,-1,-1
76,1362,989.70,110.50,29.80,55.68,0.7717,-1,-1,-1
76,1363,1014.01,124.18,41.86,73.11,0.8054,-1,-1,-1
76,1364,1501.57,96.21,33.43,36.01,0.6157,-1,-1,-1
76,1365,607.87,873.98,90.41,54.71,0.6180,-1,-1,-1
76,1366,615.01,778.37,109.54,151.15,0.4648,-1,-1,-1
76,1369,105.12,772.58,135.34,169.30,0.8663,-1,-1,-1
76,1373,1299.27,13.42,24.90,20.64,0.3960,-1,-1,-1
76,1376,32.08,801.99,179.40,272.09,0.7460,-1,-1,-1
76,1351,472.35,630.70,114.86,180.18,0.8690,-1,-1,-1
76,1380,436.90,454.02,77.96,137.96,0.8344,-1,-1,-1
76,1383,109.41,571.20,129.31,203.10,0.8620,-1,-1,-1
76,1387,432.48,516.12,73.44,174.80,0.4762,-1,-1,-1
76,1391,4.62,648.07,182.33,361.83,0.3291,-1,-1,-1
76,1358,558.14,307.75,64.79,108.45,0.8992,-1,-1,-1
77,1345,248.96,488.67,97.62,146.93,0.9283,-1,-1,-1
77,1346,657.70,788.85,186.22,141.91,0.9466,-1,-1,-1
77,1348,806.13,306.03,59.20,110.28,0.8546,-1,-1,-1
77,1349,244.96,195.27,58.36,82.05,0.8353,-1,-1,-1
77,1352,332.21,427.44,78.67,126.44,0.8688,-1,-1,-1
77,1354,876.42,185.49,64.20,102.60,0.8740,-1,-1,-1
77,1355,771.33,270.60,47.20,94.81,0.8581,-1,-1,-1
77,1356,469.72,565.91,108.89,144.19,0.7190,-1,-1,-1
77,1357,561.70,440.95,99.37,165.68,0.8188,-1,-1,-1
77,1359,1084.27,77.04,35.50,61.93,0.8067,-1,-1,-1
77,1360,562.17,438.90,77.15,109.99,0.7166,-1,-1,-1
77,1361,719.01,290.37,64.44,104.67,0.8816,-1,-1,-1
77,1362,990.14,110.74,30.50,56.73,0.7962,-1,-1,-1
77,1363,1014.74,123.88,41.90,73.59,0.7977,-1,-1,-1
77,1364,1501.79,96.02,33.46,36.18,0.5776,-1,-1,-1
77,1365,607.34,873.83,91.16,55.42,0.4683,-1,-1,-1
77,1366,624.51,778.71,113.53,151.22,0.3616,-1,-1,-1
77,1369,106.57,771.63,136.17,169.03,0.8728,-1,-1,-1
77,1373,1299.41,13.18,24.77,20.75,0.3933,-1,-1,-1
77,1376,63.95,906.73,123.75,166.46,0.7636,-1,-1,-1
77,1351,465.13,598.04,133.18,212.42,0.8244,-1,-1,-1
77,1380,439.42,452.38,77.70,136.04,0.8305,-1,-1,-1
77,1383,108.31,569.57,132.04,209.00,0.8396,-1,-1,-1
77,1387,433.98,511.58,73.09,174.85,0.4717,-1,-1,-1
77,1391,-1.19,655.70,177.03,353.37,0.7432,-1,-1,-1
77,1358,557.10,310.11,64.29,108.65,0.8943,-1,-1,-1
78,1345,250.45,487.21,97.71,147.48,0.8930,-1,-1,-1
78,1346,657.94,789.51,185.85,142.22,0.9521,-1,-1,-1
78,1348,807.53,306.35,55.98,104.09,0.7787,-1,-1,-1
78,1349,245.91,194.18,59.15,82.62,0.8495,-1,-1,-1
78,1352,334.19,427.39,78.28,125.58,0.8724,-1,-1,-1
78,1354,877.21,185.68,63.81,102.48,0.8809,-1,-1,-1
78,1355,772.26,270.31,46.88,94.06,0.8387,-1,-1,-1
78,1356,464.35,565.82,110.32,141.22,0.7363,-1,-1,-1
78,1357,564.14,442.08,98.77,163.98,0.8200,-1,-1,-1
78,1359,1084.68,76.94,35.53,61.95,0.8005,-1,-1,-1
78,1360,564.01,439.73,75.14,106.65,0.7185,-1,-1,-1
78,1361,720.65,290.44,63.85,103.70,0.8694,-1,-1,-1
78,1362,990.39,110.75,30.67,56.92,0.7928,-1,-1,-1
78,1363,1015.34,123.86,41.50,72.93,0.8058,-1,-1,-1
78,1364,1501.79,95.04,34.05,37.02,0.5944,-1,-1,-1
78,1365,607.51,874.66,90.47,55.12,0.4714,-1,-1,-1
78,1366,619.75,778.62,115.89,152.54,0.4896,-1,-1,-1
78,1369,110.41,771.01,136.18,168.19,0.8871,-1,-1,-1
78,1373,1299.03,13.05,24.79,21.02,0.4666,-1,-1,-1
78,1376,80.51,955.73,96.03,116.38,0.8256,-1,-1,-1
78,1351,463.56,583.03,139.23,226.10,0.8129,-1,-1,-1
78,1380,439.54,449.62,79.96,139.46,0.8061,-1,-1,-1
78,1383,111.01,567.41,133.18,212.99,0.7506,-1,-1,-1
78,1387,438.13,524.06,67.92,160.50,0.4997,-1,-1,-1
78,1391,-6.04,648.97,177.57,358.09,0.4922,-1,-1,-1
78,1358,556.61,311.91,63.31,108.07,0.9032,-1,-1,-1
78,1395,14.69,836.95,135.92,171.93,0.4849,-1,-1,-1
79,1345,251.50,487.37,97.58,147.69,0.8955,-1,-1,-1
79,1346,659.12,792.77,181.85,139.24,0.9517,-1,-1,-1
79,1348,807.74,304.86,56.87,105.77,0.8357,-1,-1,-1
79,1349,246.90,192.88,59.85,83.31,0.8574,-1,-1,-1
79,1352,335.33,426.98,78.18,125.30,0.8584,-1,-1,-1
79,1354,877.93,185.77,63.61,102.75,0.8821,-1,-1,-1
79,1355,772.90,270.22,45.90,91.91,0.8458,-1,-1,-1
79,1356,482.80,567.59,108.49,140.63,0.7973,-1,-1,-1
79,1357,564.56,442.78,99.06,163.96,0.8031,-1,-1,-1
79,1359,1085.02,76.52,35.85,62.46,0.7970,-1,-1,-1
79,1360,564.85,439.99,75.04,105.80,0.7007,-1,-1,-1
79,1361,722.08,289.67,64.06,104.13,0.8629,-1,-1,-1
79,1362,990.57,110.99,31.12,57.68,0.7916,-1,-1,-1
79,1363,1015.50,123.47,41.68,72.93,0.8173,-1,-1,-1
79,1364,1501.67,94.79,33.96,37.11,0.5989,-1,-1,-1
79,1365,606.29,875.19,91.19,55.70,0.4559,-1,-1,-1
79,1366,619.78,781.02,117.05,150.89,0.5319,-1,-1,-1
79,1369,112.71,767.82,137.76,170.03,0.8777,-1,-1,-1
79,1373,1298.97,13.50,23.99,20.50,0.4909,-1,-1,-1
79,1376,82.09,962.71,96.18,107.61,0.4763,-1,-1,-1
79,1351,472.83,605.60,125.55,203.37,0.8462,-1,-1,-1
79,1380,440.67,448.23,81.13,141.02,0.7802,-1,-1,-1
79,1383,123.22,566.50,109.81,171.63,0.7806,-1,-1,-1
79,1387,442.44,527.89,71.19,165.43,0.6859,-1,-1,-1
79,1391,4.37,678.15,166.60,331.16,0.4750,-1,-1,-1
79,1358,556.87,314.43,62.04,106.79,0.9023,-1,-1,-1
79,1395,5.67,815.57,153.60,194.18,0.4441,-1,-1,-1
80,1345,252.15,486.72,97.19,147.60,0.9038,-1,-1,-1
80,1346,656.87,791.04,185.04,142.30,0.9496,-1,-1,-1
80,1348,807.60,303.34,58.06,108.26,0.8593,-1,-1,-1
80,1349,247.53,192.70,60.92,84.35,0.8491,-1,-1,-1
80,1352,335.71,425.49,78.49,125.73,0.8483,-1,-1,-1
80,1354,878.83,185.77,63.37,103.03,0.8850,-1,-1,-1
80,1355,773.07,270.16,46.20,92.52,0.8487,-1,-1,-1
80,1356,490.10,566.90,107.81,141.88,0.8318,-1,-1,-1
80,1357,565.97,445.32,98.29,162.31,0.7962,-1,-1,-1
80,1359,1085.69,76.13,36.07,63.00,0.8444,-1,-1,-1
80,1360,566.01,438.48,73.61,103.12,0.7264,-1,-1,-1
80,1361,722.80,289.54,63.85,103.86,0.8712,-1,-1,-1
80,1362,990.45,110.28,31.77,58.86,0.7863,-1,-1,-1
80,1363,1015.93,123.54,41.39,72.23,0.8282,-1,-1,-1
80,1364,1501.39,94.59,33.69,36.91,0.5900,-1,-1,-1
80,1365,605.58,876.69,90.59,55.32,0.5443,-1,-1,-1
80,1366,611.92,782.10,117.24,151.17,0.6995,-1,-1,-1
80,1369,114.53,766.34,138.62,171.17,0.8788,-1,-1,-1
80,1373,1299.27,13.51,23.60,20.31,0.4530,-1,-1,-1
80,1376,82.87,965.85,99.91,104.30,0.8381,-1,-1,-1
80,1351,476.45,614.83,119.99,194.15,0.8915,-1,-1,-1
80,1380,441.28,446.88,81.05,141.15,0.7456,-1,-1,-1
80,1383,128.25,566.31,98.86,151.54,0.7733,-1,-1,-1
80,1387,444.50,529.82,72.25,165.82,0.7428,-1,-1,-1
80,1391,5.77,683.61,164.91,325.12,0.5433,-1,-1,-1
80,1358,556.37,315.46,61.90,107.69,0.9049,-1,-1,-1
80,1395,11.48,826.69,145.30,182.53,0.2955,-1,-1,-1
80,1374,118.69,585.01,112.81,195.82,0.7345,-1,-1,-1
81,1345,253.44,485.84,96.45,147.21,0.8889,-1,-1,-1
81,1346,656.79,793.07,183.33,141.43,0.9526,-1,-1,-1
81,1348,808.84,302.17,58.40,109.04,0.8560,-1,-1,-1
81,1349,249.26,191.58,60.36,83.18,0.8641,-1,-1,-1
81,1352,336.84,424.80,78.90,126.41,0.8865,-1,-1,-1
81,1354,879.56,185.56,63.00,103.16,0.8917,-1,-1,-1
81,1355,772.88,269.58,46.87,93.76,0.8567,-1,-1,-1
81,1356,494.20,565.52,107.21,143.03,0.8120,-1,-1,-1
81,1357,568.11,449.97,95.61,156.59,0.8427,-1,-1,-1
81,1359,1086.77,76.88,35.52,61.96,0.8304,-1,-1,-1
81,1360,575.60,437.35,71.64,102.83,0.6053,-1,-1,-1
81,1361,724.06,289.48,63.06,102.73,0.8689,-1,-1,-1
81,1362,991.96,109.85,32.09,60.20,0.7570,-1,-1,-1
81,1363,1016.79,123.30,41.20,72.04,0.8416,-1,-1,-1
81,1364,1501.43,94.32,33.63,37.05,0.6152,-1,-1,-1
81,1365,603.73,875.35,93.33,57.23,0.4525,-1,-1,-1
81,1366,615.10,786.11,116.93,147.78,0.6907,-1,-1,-1
81,1369,114.69,762.08,141.04,174.40,0.8836,-1,-1,-1
81,1373,1299.22,13.18,24.09,20.85,0.5319,-1,-1,-1
81,1376,73.97,946.66,121.06,122.20,0.6473,-1,-1,-1
81,1351,478.36,617.42,118.25,191.07,0.8897,-1,-1,-1
81,1380,444.51,445.49,80.10,139.33,0.8553,-1,-1,-1
81,1383,131.71,565.13,96.50,146.40,0.8075,-1,-1,-1
81,1387,445.28,533.38,72.02,163.89,0.6732,-1,-1,-1
81,1391,9.61,688.85,165.55,321.74,0.7494,-1,-1,-1
81,1358,556.39,317.13,61.50,108.00,0.9050,-1,-1,-1
81,1374,125.21,594.20,109.96,192.65,0.7274,-1,-1,-1
82,1345,253.77,485.02,96.16,147.61,0.9001,-1,-1,-1
82,1346,655.36,791.70,184.96,143.51,0.9536,-1,-1,-1
82,1348,810.42,302.29,58.16,108.83,0.8642,-1,-1,-1
82,1349,250.98,192.67,60.24,82.64,0.8810,-1,-1,-1
82,1352,337.95,424.32,78.96,126.16,0.8742,-1,-1,-1
82,1354,880.20,185.06,62.68,103.17,0.8928,-1,-1,-1
82,1355,773.00,269.31,47.41,94.72,0.8356,-1,-1,-1
82,1356,495.13,564.95,106.56,143.64,0.8090,-1,-1,-1
82,1357,568.12,451.40,95.07,155.16,0.8224,-1,-1,-1
82,1359,1087.17,76.84,35.53,61.78,0.8232,-1,-1,-1
82,1360,573.77,436.16,72.05,103.93,0.5958,-1,-1,-1
82,1361,725.14,289.63,62.69,102.19,0.8732,-1,-1,-1
82,1362,992.98,110.57,31.95,60.45,0.7421,-1,-1,-1
82,1363,1017.36,123.46,41.14,72.03,0.8608,-1,-1,-1
82,1364,1501.67,94.52,33.58,37.06,0.5861,-1,-1,-1
82,1365,604.26,878.01,90.79,55.41,0.5481,-1,-1,-1
82,1366,602.64,786.81,114.91,147.29,0.6700,-1,-1,-1
82,1369,113.53,759.94,142.60,176.28,0.9115,-1,-1,-1
82,1373,1299.11,13.43,23.76,20.73,0.4674,-1,-1,-1
82,1376,75.13,958.69,116.12,109.79,0.7319,-1,-1,-1
82,1351,476.05,597.56,127.73,209.17,0.8756,-1,-1,-1
82,1380,446.65,443.14,79.10,137.75,0.8464,-1,-1,-1
82,1383,134.04,562.70,97.19,145.34,0.8482,-1,-1,-1
82,1387,445.28,535.78,71.13,161.04,0.6810,-1,-1,-1
82,1391,9.82,696.50,163.96,314.62,0.8056,-1,-1,-1
82,1358,555.24,317.84,61.31,108.88,0.9197,-1,-1,-1
82,1374,131.59,620.46,98.63,170.18,0.7561,-1,-1,-1
83,1345,254.96,482.84,96.58,148.97,0.8991,-1,-1,-1
83,1346,657.84,795.14,180.75,140.25,0.9521,-1,-1,-1
83,1348,810.76,299.41,59.12,110.81,0.8653,-1,-1,-1
83,1349,252.98,192.16,59.64,81.47,0.8644,-1,-1,-1
83,1352,340.44,423.35,79.25,126.15,0.8725,-1,-1,-1
83,1354,880.94,184.42,62.32,103.28,0.8793,-1,-1,-1
83,1355,773.38,268.83,47.81,95.52,0.8606,-1,-1,-1
83,1356,498.31,563.95,104.91,143.05,0.8225,-1,-1,-1
83,1357,568.71,451.33,95.14,154.51,0.8510,-1,-1,-1
83,1359,1087.45,76.76,35.20,60.96,0.8204,-1,-1,-1
83,1360,570.08,437.21,70.56,99.94,0.5313,-1,-1,-1
83,1361,725.52,289.46,62.68,102.45,0.8798,-1,-1,-1
83,1362,994.87,111.57,31.40,59.68,0.7352,-1,-1,-1
83,1363,1018.77,123.63,40.57,71.09,0.8555,-1,-1,-1
83,1364,1501.53,94.27,33.66,37.27,0.5811,-1,-1,-1
83,1365,605.77,880.22,88.18,53.40,0.5609,-1,-1,-1
83,1366,604.50,788.76,113.59,145.38,0.6151,-1,-1,-1
83,1369,114.15,756.20,144.40,178.65,0.8990,-1,-1,-1
83,1373,1299.06,13.44,23.48,20.68,0.4660,-1,-1,-1
83,1351,476.34,588.02,130.86,217.20,0.8736,-1,-1,-1
83,1380,450.09,443.16,78.37,135.82,0.8583,-1,-1,-1
83,1383,135.93,561.70,99.22,146.40,0.8319,-1,-1,-1
83,1387,445.97,536.66,71.00,159.90,0.6810,-1,-1,-1
83,1358,555.39,318.71,61.56,110.00,0.9071,-1,-1,-1
83,1374,132.63,635.16,93.27,157.26,0.8643,-1,-1,-1
83,1398,32.30,823.69,204.69,241.92,0.4452,-1,-1,-1
83,1395,19.78,802.76,169.66,210.31,0.7433,-1,-1,-1
84,1345,255.93,481.47,96.57,149.57,0.9056,-1,-1,-1
84,1346,657.14,796.43,180.58,140.28,0.9553,-1,-1,-1
84,1348,811.20,298.86,59.25,111.14,0.8696,-1,-1,-1
84,1349,254.64,192.19,59.45,80.70,0.8784,-1,-1,-1
84,1352,342.10,423.39,78.40,123.91,0.8922,-1,-1,-1
84,1354,881.60,184.54,61.89,103.10,0.8703,-1,-1,-1
84,1355,773.54,268.65,48.13,96.23,0.8586,-1,-1,-1
84,1356,502.35,564.25,102.45,140.88,0.8028,-1,-1,-1
84,1357,566.54,447.62,96.87,157.33,0.8136,-1,-1,-1
84,1359,1087.57,76.42,35.23,60.76,0.8285,-1,-1,-1
84,1360,576.29,436.16,72.64,104.22,0.5120,-1,-1,-1
84,1361,725.75,289.98,62.20,102.08,0.8814,-1,-1,-1
84,1362,995.35,111.11,32.66,62.65,0.7526,-1,-1,-1
84,1363,1019.80,123.57,40.28,70.39,0.8777,-1,-1,-1
84,1364,1501.28,94.21,33.59,37.17,0.5968,-1,-1,-1
84,1365,605.82,880.18,88.83,53.64,0.4894,-1,-1,-1
84,1366,603.33,789.46,112.41,144.84,0.6136,-1,-1,-1
84,1369,114.78,751.35,147.27,182.39,0.8879,-1,-1,-1
84,1373,1299.11,13.72,23.02,20.44,0.4627,-1,-1,-1
84,1351,478.45,586.59,129.54,217.44,0.8565,-1,-1,-1
84,1380,451.51,441.64,79.62,137.88,0.8773,-1,-1,-1
84,1383,138.95,561.24,101.03,147.63,0.8634,-1,-1,-1
84,1387,445.46,540.80,70.08,156.74,0.7817,-1,-1,-1
84,1358,555.33,319.70,61.68,110.37,0.8970,-1,-1,-1
84,1374,130.78,644.08,91.61,150.66,0.8788,-1,-1,-1
84,1398,38.45,827.32,200.41,237.50,0.5797,-1,-1,-1
84,1395,16.36,809.84,164.60,201.70,0.8877,-1,-1,-1
85,1345,257.37,480.28,95.55,148.48,0.9014,-1,-1,-1
85,1346,658.68,798.93,178.01,138.24,0.9422,-1,-1,-1
85,1348,812.27,298.90,58.36,109.42,0.8739,-1,-1,-1
85,1349,255.77,190.90,60.59,82.00,0.8925,-1,-1,-1
85,1352,344.14,423.09,78.73,123.66,0.9088,-1,-1,-1
85,1354,881.84,183.41,62.22,104.46,0.8637,-1,-1,-1
85,1355,773.44,268.30,48.60,97.27,0.8552,-1,-1,-1
85,1356,504.46,563.34,101.52,140.41,0.8266,-1,-1,-1
85,1357,570.55,456.05,92.51,148.94,0.8300,-1,-1,-1
85,1359,1087.95,75.94,35.40,60.88,0.8123,-1,-1,-1
85,1360,574.56,436.18,74.77,107.39,0.6023,-1,-1,-1
85,1361,727.08,290.25,61.81,101.74,0.8711,-1,-1,-1
85,1362,996.88,111.28,33.00,63.86,0.7321,-1,-1,-1
85,1363,1020.70,124.01,39.94,69.66,0.8938,-1,-1,-1
85,1364,1501.00,93.80,34.15,37.75,0.6256,-1,-1,-1
85,1365,606.38,880.34,88.56,53.33,0.4583,-1,-1,-1
85,1366,606.86,791.46,110.77,142.10,0.6854,-1,-1,-1
85,1369,105.13,713.63,172.11,218.24,0.8422,-1,-1,-1
85,1373,1299.18,13.63,22.46,20.20,0.4348,-1,-1,-1
85,1351,483.19,588.35,125.94,213.07,0.7889,-1,-1,-1
85,1380,454.07,440.65,78.65,136.52,0.8094,-1,-1,-1
85,1383,141.38,561.25,102.61,149.14,0.8109,-1,-1,-1
85,1387,448.03,541.02,68.98,153.67,0.6952,-1,-1,-1
85,1358,554.49,320.23,61.64,110.23,0.8969,-1,-1,-1
85,1374,127.88,646.19,94.13,151.87,0.8872,-1,-1,-1
85,1398,35.24,805.71,216.26,258.04,0.6225,-1,-1,-1
85,1391,19.79,704.38,165.01,306.38,0.8057,-1,-1,-1
86,1345,258.04,479.28,94.72,147.97,0.8889,-1,-1,-1
86,1346,657.56,796.83,180.55,140.64,0.9427,-1,-1,-1
86,1348,813.04,297.86,58.17,109.26,0.8654,-1,-1,-1
86,1349,257.31,190.71,60.68,81.85,0.8883,-1,-1,-1
86,1352,345.15,422.28,79.47,124.37,0.9117,-1,-1,-1
86,1354,882.74,183.72,61.73,104.39,0.8681,-1,-1,-1
86,1355,774.09,268.11,47.94,96.07,0.8620,-1,-1,-1
86,1356,503.11,560.71,102.27,142.58,0.8228,-1,-1,-1
86,1357,570.05,450.99,95.93,154.61,0.8273,-1,-1,-1
86,1359,1088.50,76.00,35.31,60.65,0.8065,-1,-1,-1
86,1360,573.80,436.02,74.80,106.79,0.5896,-1,-1,-1
86,1361,728.76,289.90,61.83,101.34,0.8490,-1,-1,-1
86,1362,997.80,110.38,33.74,65.68,0.7782,-1,-1,-1
86,1363,1021.78,124.08,40.27,70.10,0.8931,-1,-1,-1
86,1364,1500.76,93.70,34.40,38.03,0.6155,-1,-1,-1
86,1365,606.45,881.60,86.42,51.81,0.5079,-1,-1,-1
86,1366,607.15,790.68,111.56,142.80,0.6441,-1,-1,-1
86,1369,104.31,702.08,176.72,228.63,0.8564,-1,-1,-1
86,1373,1299.30,13.62,22.16,20.14,0.4264,-1,-1,-1
86,1351,487.67,593.25,121.42,206.04,0.6848,-1,-1,-1
86,1380,455.95,440.60,77.61,135.15,0.7810,-1,-1,-1
86,1383,143.81,561.81,103.20,148.95,0.8145,-1,-1,-1
86,1387,448.75,540.73,68.87,153.38,0.7037,-1,-1,-1
86,1358,555.37,321.13,61.36,109.43,0.8854,-1,-1,-1
86,1374,126.90,647.53,96.62,152.69,0.8548,-1,-1,-1
86,1398,40.26,809.77,210.80,253.28,0.7529,-1,-1,-1
86,1391,25.15,740.15,151.96,268.58,0.8288,-1,-1,-1
87,1345,259.59,478.35,93.86,147.64,0.8958,-1,-1,-1
87,1346,656.63,795.32,182.47,142.60,0.9496,-1,-1,-1
87,1348,815.32,296.64,52.89,98.83,0.8115,-1,-1,-1
87,1349,259.62,190.62,60.21,81.03,0.9005,-1,-1,-1
87,1352,346.59,421.50,79.27,123.87,0.9161,-1,-1,-1
87,1354,884.15,184.05,60.90,103.87,0.8750,-1,-1,-1
87,1355,775.04,267.02,47.07,93.92,0.8581,-1,-1,-1
87,1356,506.02,558.23,102.49,144.06,0.7945,-1,-1,-1
87,1357,574.75,459.99,91.08,145.22,0.7586,-1,-1,-1
87,1359,1089.42,75.46,35.57,61.09,0.7989,-1,-1,-1
87,1360,573.94,435.49,74.93,106.28,0.6745,-1,-1,-1
87,1361,730.62,289.56,62.31,101.75,0.8456,-1,-1,-1
87,1362,999.41,110.27,34.27,67.16,0.7546,-1,-1,-1
87,1363,1022.40,122.49,40.67,70.85,0.8781,-1,-1,-1
87,1364,1501.14,93.74,34.22,37.83,0.6271,-1,-1,-1
87,1365,607.23,882.60,85.45,50.90,0.4838,-1,-1,-1
87,1366,610.55,789.99,113.42,143.59,0.6070,-1,-1,-1
87,1369,104.23,689.19,181.82,240.49,0.8468,-1,-1,-1
87,1373,1299.29,13.86,21.84,20.01,0.4471,-1,-1,-1
87,1351,496.68,616.34,108.55,181.37,0.8802,-1,-1,-1
87,1380,460.90,441.25,77.30,134.06,0.8115,-1,-1,-1
87,1383,146.84,561.15,104.20,149.58,0.8153,-1,-1,-1
87,1387,451.49,540.82,68.95,152.00,0.7069,-1,-1,-1
87,1358,555.09,321.35,61.28,109.81,0.9009,-1,-1,-1
87,1374,125.38,649.05,98.73,153.66,0.8789,-1,-1,-1
87,1398,45.28,809.18,207.67,251.50,0.8048,-1,-1,-1
87,1395,20.90,807.28,167.48,200.58,0.8938,-1,-1,-1
88,1345,261.12,477.27,94.11,148.95,0.8891,-1,-1,-1
88,1346,656.68,794.90,183.03,143.29,0.9517,-1,-1,-1
88,1348,816.78,296.13,50.28,92.96,0.8265,-1,-1,-1
88,1349,261.79,189.76,60.23,80.91,0.8850,-1,-1,-1
88,1352,348.22,420.65,79.07,123.41,0.9011,-1,-1,-1
88,1354,885.05,183.09,61.04,105.13,0.8761,-1,-1,-1
88,1355,775.57,266.09,47.72,94.74,0.8570,-1,-1,-1
88,1356,508.76,556.81,101.92,144.99,0.7736,-1,-1,-1
88,1357,576.11,461.14,90.18,143.05,0.8485,-1,-1,-1
88,1359,1089.98,75.08,35.95,61.88,0.7923,-1,-1,-1
88,1360,581.10,435.27,74.84,108.04,0.6442,-1,-1,-1
88,1361,731.77,289.25,62.35,101.59,0.8489,-1,-1,-1
88,1362,999.86,109.96,34.66,68.06,0.7556,-1,-1,-1
88,1363,1022.19,120.77,42.00,73.55,0.8864,-1,-1,-1
88,1364,1501.94,93.85,33.68,37.29,0.6241,-1,-1,-1
88,1365,605.93,880.92,88.60,52.69,0.3664,-1,-1,-1
88,1366,618.72,791.59,115.74,141.90,0.5825,-1,-1,-1
88,1369,101.34,669.76,191.26,259.69,0.8807,-1,-1,-1
88,1373,1299.40,13.86,21.92,20.20,0.5322,-1,-1,-1
88,1351,500.13,620.56,106.39,176.35,0.8676,-1,-1,-1
88,1380,462.74,440.02,77.96,135.34,0.8221,-1,-1,-1
88,1383,147.34,560.27,105.54,151.87,0.8119,-1,-1,-1
88,1387,452.66,542.32,69.40,151.67,0.7918,-1,-1,-1
88,1358,555.21,322.00,61.26,109.83,0.8986,-1,-1,-1
88,1374,125.86,650.52,99.72,153.19,0.8320,-1,-1,-1
88,1398,57.10,832.01,187.51,227.64,0.7197,-1,-1,-1
88,1395,15.19,805.41,170.50,201.54,0.9375,-1,-1,-1
88,1376,83.38,935.91,135.85,123.71,0.6542,-1,-1,-1
89,1345,263.54,476.12,94.06,149.15,0.8989,-1,-1,-1
89,1346,656.99,794.59,183.31,143.76,0.9544,-1,-1,-1
89,1348,816.43,293.87,54.82,101.59,0.8652,-1,-1,-1
89,1349,263.40,187.79,60.62,81.54,0.8665,-1,-1,-1
89,1352,349.11,419.62,78.98,123.41,0.8974,-1,-1,-1
89,1354,886.33,182.71,60.58,105.14,0.8724,-1,-1,-1
89,1355,776.62,265.13,48.23,95.24,0.8738,-1,-1,-1
89,1356,508.55,551.45,103.13,148.48,0.7983,-1,-1,-1
89,1357,577.57,460.17,90.34,143.06,0.7976,-1,-1,-1
89,1359,1091.16,75.73,35.74,61.43,0.7915,-1,-1,-1
89,1360,578.32,435.59,76.01,109.62,0.6773,-1,-1,-1
89,1361,732.77,288.26,62.79,102.24,0.8479,-1,-1,-1
89,1362,1000.52,109.10,35.04,68.32,0.6980,-1,-1,-1
89,1363,1021.86,117.01,43.63,77.10,0.8348,-1,-1,-1
89,1364,1502.03,93.67,33.82,37.54,0.6489,-1,-1,-1
89,1365,604.76,880.07,89.73,53.33,0.3143,-1,-1,-1
89,1366,615.36,791.42,117.37,141.86,0.5874,-1,-1,-1
89,1369,105.37,670.45,186.27,257.89,0.8623,-1,-1,-1
89,1373,1299.54,13.72,22.01,20.31,0.5822,-1,-1,-1
89,1351,502.17,618.23,107.42,177.17,0.8528,-1,-1,-1
89,1380,464.77,438.07,79.26,137.39,0.8543,-1,-1,-1
89,1383,151.92,559.78,107.21,153.90,0.8394,-1,-1,-1
89,1387,453.67,541.66,68.93,150.44,0.8121,-1,-1,-1
89,1358,555.72,323.08,60.84,108.92,0.8940,-1,-1,-1
89,1374,127.10,652.16,100.07,151.59,0.7991,-1,-1,-1
89,1398,59.62,828.64,188.19,229.97,0.6946,-1,-1,-1
89,1395,11.16,801.25,174.79,204.71,0.9428,-1,-1,-1
89,1376,90.26,947.24,128.47,109.87,0.6015,-1,-1,-1
90,1345,265.44,474.89,93.70,149.35,0.8998,-1,-1,-1
90,1346,657.86,794.66,182.36,143.06,0.9441,-1,-1,-1
90,1348,817.14,294.03,56.36,104.54,0.8531,-1,-1,-1
90,1349,265.06,186.66,60.65,81.58,0.8593,-1,-1,-1
90,1352,350.96,418.39,78.83,123.26,0.9021,-1,-1,-1
90,1354,887.90,182.97,59.74,104.18,0.8732,-1,-1,-1
90,1355,777.61,265.29,48.47,95.05,0.8568,-1,-1,-1
90,1356,510.84,549.23,101.85,148.64,0.8038,-1,-1,-1
90,1357,578.35,455.26,93.55,148.20,0.7780,-1,-1,-1
90,1359,1092.00,75.84,35.51,61.19,0.8128,-1,-1,-1
90,1360,577.45,435.15,76.40,109.77,0.6447,-1,-1,-1
90,1361,734.22,288.35,61.97,100.85,0.8525,-1,-1,-1
90,1362,1000.94,109.17,35.19,68.16,0.6380,-1,-1,-1
90,1363,1022.13,114.52,44.01,78.32,0.8110,-1,-1,-1
90,1364,1502.68,93.51,33.63,37.43,0.6445,-1,-1,-1
90,1365,604.67,879.80,89.39,53.18,0.2840,-1,-1,-1
90,1366,618.79,789.44,122.44,144.30,0.6142,-1,-1,-1
90,1369,108.15,669.09,183.16,258.21,0.8637,-1,-1,-1
90,1373,1300.02,13.73,21.94,20.18,0.5702,-1,-1,-1
90,1351,502.20,611.72,110.42,181.74,0.8628,-1,-1,-1
90,1380,466.80,435.30,80.22,139.15,0.8590,-1,-1,-1
90,1383,155.79,558.90,107.54,154.09,0.8506,-1,-1,-1
90,1387,453.68,538.07,70.48,154.03,0.7742,-1,-1,-1
90,1358,556.06,322.93,61.22,109.19,0.8980,-1,-1,-1
90,1374,127.52,654.14,100.73,150.79,0.8035,-1,-1,-1
90,1398,62.88,825.55,187.46,231.08,0.5777,-1,-1,-1
90,1395,10.20,799.23,177.50,205.71,0.9357,-1,-1,-1
90,1376,83.22,926.53,149.83,127.77,0.5083,-1,-1,-1
91,1345,267.85,474.80,92.82,148.56,0.9017,-1,-1,-1
91,1346,656.79,792.28,184.08,144.66,0.9453,-1,-1,-1
91,1348,819.58,292.61,53.30,98.41,0.8443,-1,-1,-1
91,1349,267.48,186.42,59.87,80.49,0.8398,-1,-1,-1
91,1352,352.42,417.08,78.91,123.77,0.8823,-1,-1,-1
91,1354,889.45,183.70,58.80,103.03,0.8669,-1,-1,-1
91,1355,779.08,266.04,48.50,94.44,0.8539,-1,-1,-1
91,1356,512.26,546.89,101.19,149.35,0.8211,-1,-1,-1
91,1357,578.34,450.23,96.15,152.70,0.8119,-1,-1,-1
91,1359,1092.92,74.38,36.15,62.57,0.8086,-1,-1,-1
91,1360,576.41,434.68,80.50,116.22,0.4464,-1,-1,-1
91,1361,734.84,287.18,62.02,101.10,0.8598,-1,-1,-1
91,1362,1006.45,108.58,38.47,71.60,0.6633,-1,-1,-1
91,1363,1021.78,112.31,44.96,80.39,0.6773,-1,-1,-1
91,1364,1503.05,93.64,33.23,36.98,0.6098,-1,-1,-1
91,1365,604.66,878.88,90.00,53.75,0.3169,-1,-1,-1
91,1366,621.70,787.02,127.01,145.99,0.5841,-1,-1,-1
91,1369,113.86,674.71,175.54,250.97,0.8930,-1,-1,-1
91,1373,1300.40,14.11,21.19,19.38,0.5649,-1,-1,-1
91,1351,503.59,606.64,113.35,186.67,0.8353,-1,-1,-1
91,1380,469.65,434.26,80.52,139.47,0.8383,-1,-1,-1
91,1383,158.88,558.46,106.13,152.75,0.8763,-1,-1,-1
91,1387,454.19,531.11,72.93,160.42,0.7897,-1,-1,-1
91,1358,557.80,324.26,60.89,108.38,0.8945,-1,-1,-1
91,1374,128.20,656.00,101.94,150.82,0.8290,-1,-1,-1
91,1398,71.17,828.39,180.43,223.84,0.6392,-1,-1,-1
91,1395,9.91,800.56,178.46,204.59,0.9504,-1,-1,-1
91,1376,92.61,939.07,136.88,111.29,0.3335,-1,-1,-1
92,1345,269.83,473.25,92.70,148.42,0.8877,-1,-1,-1
92,1346,658.74,794.87,180.59,141.68,0.9375,-1,-1,-1
92,1348,819.56,291.10,55.51,102.72,0.8551,-1,-1,-1
92,1349,269.37,185.16,59.86,80.50,0.8431,-1,-1,-1
92,1352,353.62,415.72,79.55,125.38,0.8675,-1,-1,-1
92,1354,890.22,183.11,58.70,103.26,0.8671,-1,-1,-1
92,1355,779.57,264.64,48.60,94.31,0.8541,-1,-1,-1
92,1356,512.42,545.68,100.71,149.89,0.7567,-1,-1,-1
92,1357,578.72,448.92,96.53,153.46,0.8214,-1,-1,-1
92,1359,1093.50,73.64,35.94,62.32,0.8138,-1,-1,-1
92,1360,577.65,434.80,77.06,110.94,0.4044,-1,-1,-1
92,1361,735.53,286.26,62.10,101.43,0.8595,-1,-1,-1
92,1362,1009.86,107.19,41.94,75.47,0.7184,-1,-1,-1
92,1364,1503.73,94.04,32.46,36.03,0.5500,-1,-1,-1
92,1365,605.44,878.58,89.69,53.77,0.2641,-1,-1,-1
92,1366,622.91,786.37,130.25,146.24,0.5835,-1,-1,-1
92,1369,116.03,672.32,173.99,252.48,0.8879,-1,-1,-1
92,1373,1300.49,13.90,20.98,19.23,0.5413,-1,-1,-1
92,1351,505.68,602.47,115.25,190.11,0.8453,-1,-1,-1
92,1380,471.46,433.19,79.95,138.67,0.8617,-1,-1,-1
92,1383,162.61,557.14,106.12,152.52,0.8892,-1,-1,-1
92,1387,453.71,518.62,77.97,172.96,0.7544,-1,-1,-1
92,1358,559.08,325.29,60.70,107.63,0.8936,-1,-1,-1
92,1374,129.24,657.12,102.81,150.34,0.8032,-1,-1,-1
92,1398,85.87,857.57,157.41,193.60,0.6416,-1,-1,-1
92,1395,10.99,800.48,181.16,205.03,0.9404,-1,-1,-1
92,1376,96.05,944.32,134.02,105.09,0.3204,-1,-1,-1
93,1345,272.37,472.32,92.13,147.47,0.9079,-1,-1,-1
93,1346,660.48,796.55,178.22,139.54,0.9431,-1,-1,-1
93,1348,820.14,290.17,56.48,104.64,0.8527,-1,-1,-1
93,1349,271.39,184.12,60.00,80.62,0.8563,-1,-1,-1
93,1352,356.48,415.82,79.15,124.75,0.8896,-1,-1,-1
93,1354,890.84,182.99,58.12,102.87,0.8465,-1,-1,-1
93,1355,779.94,263.71,48.81,94.18,0.8602,-1,-1,-1
93,1356,514.08,543.84,99.67,149.04,0.8139,-1,-1,-1
93,1357,575.51,438.13,100.62,161.98,0.8532,-1,-1,-1
93,1359,1094.70,73.44,35.42,61.58,0.8173,-1,-1,-1
93,1360,579.01,433.14,77.30,111.10,0.2588,-1,-1,-1
93,1361,736.38,286.22,61.72,101.04,0.8589,-1,-1,-1
93,1362,1012.37,107.23,44.55,77.57,0.8053,-1,-1,-1
93,1364,1504.42,94.62,31.65,34.96,0.5194,-1,-1,-1
93,1365,599.48,869.52,101.86,62.40,0.2934,-1,-1,-1
93,1366,623.99,785.13,134.62,147.23,0.7074,-1,-1,-1
93,1369,118.04,668.57,172.87,254.85,0.8770,-1,-1,-1
93,1373,1301.17,13.36,21.72,19.84,0.5422,-1,-1,-1
93,1351,507.53,595.74,118.20,195.64,0.8225,-1,-1,-1
93,1380,473.98,431.48,80.06,138.23,0.8881,-1,-1,-1
93,1383,165.34,554.14,108.59,156.03,0.8875,-1,-1,-1
93,1387,456.54,526.97,74.01,164.15,0.8666,-1,-1,-1
93,1358,560.16,325.06,61.15,108.09,0.8935,-1,-1,-1
93,1374,130.33,655.71,105.11,151.41,0.8549,-1,-1,-1
93,1398,88.25,848.94,162.81,200.78,0.6332,-1,-1,-1
93,1395,10.01,794.34,187.74,210.35,0.9319,-1,-1,-1
93,1376,95.46,939.19,141.70,109.11,0.3062,-1,-1,-1
94,1345,274.12,471.66,92.46,147.67,0.9040,-1,-1,-1
94,1346,661.64,798.15,176.79,138.16,0.9506,-1,-1,-1
94,1348,821.16,288.96,56.98,105.80,0.8344,-1,-1,-1
94,1349,273.07,183.39,60.44,81.35,0.8467,-1,-1,-1
94,1352,358.45,416.14,78.32,123.45,0.8626,-1,-1,-1
94,1354,891.39,182.77,57.85,103.08,0.8130,-1,-1,-1
94,1355,781.02,263.01,48.61,93.25,0.8821,-1,-1,-1
94,1356,517.13,544.66,97.23,145.74,0.8147,-1,-1,-1
94,1357,579.87,450.82,93.61,150.05,0.8263,-1,-1,-1
94,1359,1095.29,73.27,35.33,61.55,0.8042,-1,-1,-1
94,1360,580.11,431.80,75.61,108.38,0.7199,-1,-1,-1
94,1361,737.95,286.84,61.57,100.38,0.8653,-1,-1,-1
94,1362,1015.36,107.20,46.41,79.23,0.7594,-1,-1,-1
94,1364,1504.37,94.74,31.73,34.95,0.5259,-1,-1,-1
94,1365,603.50,873.27,95.59,58.74,0.1422,-1,-1,-1
94,1366,619.15,784.18,137.36,148.48,0.7908,-1,-1,-1
94,1369,121.32,666.64,171.45,256.51,0.8928,-1,-1,-1
94,1373,1301.90,13.33,21.32,19.45,0.5235,-1,-1,-1
94,1351,509.90,594.91,117.87,195.28,0.8135,-1,-1,-1
94,1380,476.26,429.97,79.76,137.44,0.8510,-1,-1,-1
94,1383,168.73,553.16,108.30,155.13,0.8759,-1,-1,-1
94,1387,459.75,536.01,69.95,153.70,0.8889,-1,-1,-1
94,1358,561.32,324.92,61.43,107.99,0.8932,-1,-1,-1
94,1374,133.98,656.32,105.73,150.24,0.8968,-1,-1,-1
94,1398,90.65,844.37,162.95,201.23,0.1404,-1,-1,-1
94,1395,10.79,790.76,192.40,213.02,0.9248,-1,-1,-1
94,1376,100.87,938.84,141.60,107.21,0.6333,-1,-1,-1
94,1400,4.54,570.67,40.57,261.30,0.5812,-1,-1,-1
95,1345,276.35,469.92,93.22,149.09,0.8943,-1,-1,-1
95,1346,662.22,798.77,175.71,137.05,0.9531,-1,-1,-1
95,1348,822.41,289.69,57.23,106.38,0.8727,-1,-1,-1
95,1349,275.86,182.38,60.55,81.61,0.8609,-1,-1,-1
95,1352,359.88,415.71,78.74,124.47,0.9088,-1,-1,-1
95,1354,892.26,184.49,56.99,102.05,0.7965,-1,-1,-1
95,1355,783.15,262.71,48.08,91.78,0.8731,-1,-1,-1
95,1356,520.15,543.94,95.59,144.05,0.8369,-1,-1,-1
95,1357,580.43,451.40,92.55,148.93,0.8150,-1,-1,-1
95,1359,1096.83,72.65,35.54,61.61,0.8265,-1,-1,-1
95,1360,583.05,432.03,73.14,103.97,0.7449,-1,-1,-1
95,1361,739.34,286.85,61.28,99.80,0.8865,-1,-1,-1
95,1362,1017.98,107.74,47.43,79.76,0.7050,-1,-1,-1
95,1364,1504.63,94.67,31.60,34.73,0.5092,-1,-1,-1
95,1365,595.01,859.92,114.14,72.29,0.2257,-1,-1,-1
95,1366,618.63,784.04,139.42,148.73,0.8109,-1,-1,-1
95,1369,124.67,665.26,168.96,256.68,0.8943,-1,-1,-1
95,1373,1301.91,13.72,20.88,19.19,0.5468,-1,-1,-1
95,1351,515.04,601.78,112.82,186.33,0.8186,-1,-1,-1
95,1380,479.67,427.69,80.45,138.58,0.8397,-1,-1,-1
95,1383,170.99,552.19,109.29,156.54,0.9068,-1,-1,-1
95,1387,461.20,532.20,71.42,156.17,0.8370,-1,-1,-1
95,1358,563.03,325.55,61.19,106.96,0.8866,-1,-1,-1
95,1374,141.45,657.94,105.00,147.47,0.8410,-1,-1,-1
95,1398,88.95,823.29,175.12,218.58,0.5493,-1,-1,-1
95,1395,11.49,788.62,196.18,214.51,0.8942,-1,-1,-1
95,1376,104.06,938.82,139.71,103.03,0.1393,-1,-1,-1
95,1400,10.44,582.79,37.97,241.51,0.6527,-1,-1,-1
96,1345,277.99,469.20,93.55,149.39,0.8850,-1,-1,-1
96,1346,662.28,799.06,175.71,136.79,0.9602,-1,-1,-1
96,1348,823.54,288.94,56.23,104.37,0.8609,-1,-1,-1
96,1349,277.73,181.90,60.10,81.17,0.8435,-1,-1,-1
96,1352,359.88,415.06,78.84,125.40,0.9024,-1,-1,-1
96,1354,892.91,184.52,56.80,102.26,0.7967,-1,-1,-1
96,1355,784.46,262.06,48.33,91.85,0.8796,-1,-1,-1
96,1356,523.84,543.14,94.84,143.95,0.8192,-1,-1,-1
96,1357,582.15,450.48,92.80,149.90,0.8075,-1,-1,-1
96,1359,1097.39,71.63,35.93,61.98,0.8290,-1,-1,-1
96,1360,584.34,431.81,73.82,104.40,0.6982,-1,-1,-1
96,1361,740.34,286.47,61.65,100.36,0.8939,-1,-1,-1
96,1362,1015.13,107.89,44.67,73.92,0.4139,-1,-1,-1
96,1364,1505.03,95.08,31.34,34.38,0.5367,-1,-1,-1
96,1365,593.88,856.50,116.66,75.83,0.2355,-1,-1,-1
96,1366,612.80,782.86,140.79,150.11,0.7784,-1,-1,-1
96,1369,129.17,663.96,165.18,254.99,0.8870,-1,-1,-1
96,1373,1302.03,14.08,20.72,19.13,0.5236,-1,-1,-1
96,1351,514.78,593.45,116.84,193.81,0.7618,-1,-1,-1
96,1380,482.39,425.96,81.13,139.89,0.8187,-1,-1,-1
96,1383,173.54,550.99,108.29,155.07,0.8881,-1,-1,-1
96,1387,460.62,520.50,75.67,166.38,0.8497,-1,-1,-1
96,1358,564.58,325.58,61.47,106.70,0.8899,-1,-1,-1
96,1374,145.94,658.06,105.46,147.31,0.8673,-1,-1,-1
96,1398,106.43,860.17,146.84,179.36,0.5909,-1,-1,-1
96,1395,9.21,782.90,202.53,219.72,0.8994,-1,-1,-1
96,1400,13.09,588.91,37.44,233.31,0.6697,-1,-1,-1
96,1401,910.96,182.65,40.01,75.10,0.6410,-1,-1,-1
96,1363,1026.05,110.18,44.65,79.49,0.6889,-1,-1,-1
97,1345,280.07,468.44,94.33,150.47,0.8756,-1,-1,-1
97,1346,662.65,800.84,175.01,135.89,0.9544,-1,-1,-1
97,1348,825.77,287.62,54.41,100.88,0.8308,-1,-1,-1
97,1349,279.72,180.91,60.25,81.83,0.8411,-1,-1,-1
97,1352,362.52,414.44,78.43,124.99,0.8799,-1,-1,-1
97,1354,893.85,184.28,56.52,102.18,0.7718,-1,-1,-1
97,1355,784.77,260.58,49.59,94.19,0.8731,-1,-1,-1
97,1356,523.50,540.65,95.69,145.73,0.7111,-1,-1,-1
97,1357,583.32,451.11,91.83,149.06,0.7650,-1,-1,-1
97,1359,1097.98,71.46,36.27,62.38,0.8109,-1,-1,-1
97,1360,585.42,431.41,74.86,105.58,0.7845,-1,-1,-1
97,1361,741.44,285.39,62.09,101.13,0.8963,-1,-1,-1
97,1364,1505.02,95.17,31.30,34.30,0.5591,-1,-1,-1
97,1365,586.75,843.30,131.92,89.03,0.2265,-1,-1,-1
97,1366,610.90,783.35,140.39,149.48,0.8100,-1,-1,-1
97,1369,133.11,660.81,162.88,256.04,0.8919,-1,-1,-1
97,1373,1302.28,14.41,20.39,18.79,0.4779,-1,-1,-1
97,1351,510.75,569.86,127.93,215.62,0.7574,-1,-1,-1
97,1380,485.97,425.20,80.83,139.40,0.8422,-1,-1,-1
97,1383,177.56,548.17,108.74,155.68,0.8903,-1,-1,-1
97,1387,461.83,512.65,79.08,173.96,0.8010,-1,-1,-1
97,1358,566.84,325.75,62.34,107.47,0.8857,-1,-1,-1
97,1374,148.93,651.83,110.70,155.72,0.8390,-1,-1,-1
97,1398,97.45,826.04,171.24,211.24,0.4362,-1,-1,-1
97,1395,16.63,789.99,198.24,210.42,0.8878,-1,-1,-1
97,1400,14.47,583.24,39.45,239.21,0.7028,-1,-1,-1
97,1401,909.62,180.40,41.21,77.26,0.7209,-1,-1,-1
97,1363,1025.32,109.47,45.25,79.19,0.6883,-1,-1,-1
97,1376,102.38,919.53,159.69,117.94,0.4559,-1,-1,-1
98,1345,281.24,468.32,94.47,150.49,0.9003,-1,-1,-1
98,1346,661.46,800.39,177.09,137.40,0.9549,-1,-1,-1
98,1348,827.66,287.86,53.65,99.39,0.8275,-1,-1,-1
98,1349,281.21,180.58,59.99,81.90,0.8416,-1,-1,-1
98,1352,363.49,413.88,78.17,124.85,0.8765,-1,-1,-1
98,1354,894.46,183.72,56.36,102.08,0.7711,-1,-1,-1
98,1355,786.35,260.72,49.61,93.67,0.8574,-1,-1,-1
98,1356,524.32,540.37,95.34,145.45,0.7499,-1,-1,-1
98,1357,584.16,448.35,93.21,151.83,0.7979,-1,-1,-1
98,1359,1098.51,71.46,36.25,62.24,0.8107,-1,-1,-1
98,1360,586.68,431.31,74.41,104.49,0.7615,-1,-1,-1
98,1361,743.09,284.86,62.45,101.51,0.8911,-1,-1,-1
98,1364,1504.89,94.61,31.82,34.78,0.5845,-1,-1,-1
98,1366,610.79,783.74,140.13,149.04,0.7741,-1,-1,-1
98,1369,135.88,658.34,160.52,256.67,0.8928,-1,-1,-1
98,1373,1301.79,14.48,20.70,19.17,0.5942,-1,-1,-1
98,1351,512.53,569.80,126.37,215.16,0.7664,-1,-1,-1
98,1380,488.40,424.46,80.42,138.53,0.8261,-1,-1,-1
98,1383,180.87,545.49,110.42,158.13,0.8835,-1,-1,-1
98,1387,463.83,516.26,77.47,169.74,0.8175,-1,-1,-1
98,1358,567.78,326.17,62.76,107.46,0.8923,-1,-1,-1
98,1374,153.26,649.83,112.19,159.51,0.8259,-1,-1,-1
98,1398,104.00,828.72,165.84,205.10,0.1238,-1,-1,-1
98,1395,16.75,794.30,196.66,205.19,0.9304,-1,-1,-1
98,1400,16.62,591.00,39.67,231.03,0.7176,-1,-1,-1
98,1363,1028.00,111.26,44.81,77.99,0.6918,-1,-1,-1
98,1376,114.62,932.89,142.29,102.32,0.6630,-1,-1,-1
98,1362,1013.04,108.62,42.21,70.65,0.4589,-1,-1,-1
99,1345,282.72,468.23,94.00,149.70,0.9155,-1,-1,-1
99,1346,662.18,801.16,176.24,136.49,0.9504,-1,-1,-1
99,1348,829.03,287.04,54.39,100.41,0.8457,-1,-1,-1
99,1349,283.58,180.00,59.81,82.12,0.8517,-1,-1,-1
99,1352,365.29,413.88,77.34,123.87,0.8889,-1,-1,-1
99,1354,897.86,181.90,54.82,98.72,0.7990,-1,-1,-1
99,1355,786.69,260.78,50.28,94.83,0.8736,-1,-1,-1
99,1356,521.30,540.67,100.50,154.16,0.7942,-1,-1,-1
99,1357,585.50,442.54,95.98,156.87,0.8097,-1,-1,-1
99,1359,1098.89,71.75,36.25,61.84,0.8200,-1,-1,-1
99,1360,587.67,430.26,75.56,106.11,0.7902,-1,-1,-1
99,1361,743.99,285.14,62.24,100.89,0.8967,-1,-1,-1
99,1364,1504.85,94.72,31.57,34.49,0.5358,-1,-1,-1
99,1366,615.86,785.75,141.04,147.87,0.8429,-1,-1,-1
99,1369,138.25,653.55,160.00,261.13,0.8767,-1,-1,-1
99,1373,1301.65,14.14,21.30,19.79,0.5510,-1,-1,-1
99,1351,522.19,589.39,115.34,195.28,0.8109,-1,-1,-1
99,1380,490.90,423.77,80.50,139.24,0.8733,-1,-1,-1
99,1383,183.93,544.05,110.79,159.02,0.8629,-1,-1,-1
99,1387,468.69,527.95,72.61,156.61,0.7942,-1,-1,-1
99,1358,567.74,326.78,62.89,106.97,0.8957,-1,-1,-1
99,1374,156.83,643.67,116.60,166.82,0.7805,-1,-1,-1
99,1398,119.29,861.33,140.10,168.31,0.1202,-1,-1,-1
99,1395,13.55,784.56,207.26,214.14,0.8425,-1,-1,-1
99,1400,18.83,593.74,41.59,230.12,0.6556,-1,-1,-1
99,1363,1026.67,110.00,45.48,77.32,0.7556,-1,-1,-1
99,1376,122.19,937.68,136.44,95.84,0.7100,-1,-1,-1
100,1345,283.52,467.55,93.76,149.52,0.9187,-1,-1,-1
100,1346,663.35,804.37,173.80,134.04,0.9497,-1,-1,-1
100,1348,830.47,285.81,53.34,98.06,0.7906,-1,-1,-1
100,1349,285.44,179.36,59.58,82.00,0.8737,-1,-1,-1
100,1352,367.17,413.45,76.34,122.66,0.8792,-1,-1,-1
100,1354,899.54,181.23,53.84,96.31,0.7903,-1,-1,-1
100,1355,787.35,259.83,50.68,95.67,0.8632,-1,-1,-1
100,1356,525.11,540.72,95.98,146.95,0.8524,-1,-1,-1
100,1357,585.22,436.30,98.93,162.69,0.7683,-1,-1,-1
100,1359,1099.45,72.63,35.89,60.78,0.8087,-1,-1,-1
100,1360,588.68,428.26,76.63,107.21,0.7914,-1,-1,-1
100,1361,745.40,285.23,62.59,101.07,0.8910,-1,-1,-1
100,1364,1505.06,95.03,31.18,34.01,0.5019,-1,-1,-1
100,1366,617.36,786.91,142.49,147.38,0.8623,-1,-1,-1
100,1369,140.08,647.19,160.12,266.84,0.8437,-1,-1,-1
100,1373,1301.68,13.74,21.61,20.28,0.5005,-1,-1,-1
100,1351,519.03,569.10,125.25,214.76,0.8181,-1,-1,-1
100,1380,493.16,423.12,79.46,137.99,0.8856,-1,-1,-1
100,1383,187.90,542.23,109.56,158.33,0.8795,-1,-1,-1
100,1387,469.96,533.52,71.40,152.41,0.8123,-1,-1,-1
100,1358,568.72,327.39,62.39,105.56,0.9012,-1,-1,-1
100,1374,156.43,621.68,130.03,190.29,0.8354,-1,-1,-1
100,1395,16.23,788.91,205.92,209.88,0.8207,-1,-1,-1
100,1400,19.39,586.71,45.31,238.01,0.6242,-1,-1,-1
100,1363,1026.02,109.68,45.77,75.99,0.7943,-1,-1,-1
100,1376,124.37,937.91,137.54,94.81,0.7989,-1,-1,-1
101,1345,284.76,467.05,93.36,149.42,0.9296,-1,-1,-1
101,1346,662.24,804.17,176.26,135.88,0.9440,-1,-1,-1
101,1348,830.65,285.19,56.06,102.54,0.8511,-1,-1,-1
101,1349,287.93,177.66,60.41,83.71,0.8585,-1,-1,-1
101,1352,370.43,413.12,75.57,121.19,0.8964,-1,-1,-1
101,1354,899.79,179.65,55.14,98.54,0.8424,-1,-1,-1
101,1355,789.00,259.29,50.67,96.20,0.8417,-1,-1,-1
101,1356,527.88,543.41,92.64,141.74,0.8129,-1,-1,-1
101,1357,591.24,454.59,89.28,144.51,0.8053,-1,-1,-1
101,1359,1100.26,72.23,36.17,61.20,0.8133,-1,-1,-1
101,1360,590.04,427.85,76.66,107.64,0.7790,-1,-1,-1
101,1361,746.94,284.29,63.21,101.68,0.8829,-1,-1,-1
101,1364,1505.36,95.31,30.76,33.42,0.4920,-1,-1,-1
101,1366,615.91,787.09,144.00,147.96,0.8612,-1,-1,-1
101,1369,143.75,647.77,157.42,267.27,0.8710,-1,-1,-1
101,1373,1301.53,13.68,21.27,20.27,0.4584,-1,-1,-1
101,1351,518.41,557.46,129.63,225.61,0.7621,-1,-1,-1
101,1380,495.89,422.01,79.18,138.10,0.8526,-1,-1,-1
101,1383,193.62,540.49,109.13,157.99,0.8551,-1,-1,-1
101,1387,471.62,533.09,71.72,151.30,0.7565,-1,-1,-1
101,1358,569.60,326.95,63.44,106.70,0.8864,-1,-1,-1
101,1374,155.53,596.62,143.19,215.12,0.8387,-1,-1,-1
101,1395,23.68,794.32,204.74,204.36,0.7924,-1,-1,-1
101,1400,19.64,578.16,49.43,246.12,0.6837,-1,-1,-1
101,1363,1026.47,110.27,46.94,75.97,0.7915,-1,-1,-1
101,1376,126.92,938.24,138.80,93.88,0.6123,-1,-1,-1
102,1345,285.66,465.51,93.36,150.08,0.9208,-1,-1,-1
102,1346,660.18,801.40,180.50,139.58,0.9488,-1,-1,-1
102,1348,831.52,284.64,57.01,104.38,0.8587,-1,-1,-1
102,1349,290.46,176.91,59.88,83.48,0.8550,-1,-1,-1
102,1352,372.74,413.15,75.96,121.39,0.9124,-1,-1,-1
102,1354,900.78,178.68,55.79,99.22,0.8427,-1,-1,-1
102,1355,790.11,259.74,51.04,97.41,0.8566,-1,-1,-1
102,1356,526.48,546.08,95.48,146.31,0.7898,-1,-1,-1
102,1357,591.82,453.56,89.76,144.69,0.8337,-1,-1,-1
102,1359,1101.79,72.65,36.20,61.09,0.7716,-1,-1,-1
102,1360,589.83,428.39,75.88,105.59,0.7120,-1,-1,-1
102,1361,748.16,283.32,63.25,101.52,0.8768,-1,-1,-1
102,1364,1505.78,95.28,30.68,33.17,0.5093,-1,-1,-1
102,1366,611.30,789.29,141.96,146.28,0.8097,-1,-1,-1
102,1369,153.01,671.40,142.44,243.06,0.8536,-1,-1,-1
102,1373,1301.53,13.32,20.95,20.27,0.5249,-1,-1,-1
102,1351,519.05,550.99,130.67,230.48,0.7589,-1,-1,-1
102,1380,496.59,421.09,79.03,138.59,0.8597,-1,-1,-1
102,1383,197.89,540.29,108.36,157.81,0.8492,-1,-1,-1
102,1387,472.46,530.57,73.05,152.95,0.7344,-1,-1,-1
102,1358,571.12,327.30,64.40,107.65,0.8847,-1,-1,-1
102,1374,165.08,603.72,135.64,207.54,0.8626,-1,-1,-1
102,1395,8.84,800.76,195.56,197.20,0.7525,-1,-1,-1
102,1400,19.71,571.59,53.26,251.14,0.6983,-1,-1,-1
102,1363,1026.66,111.12,47.55,75.34,0.7039,-1,-1,-1
102,1376,125.77,934.94,144.79,96.94,0.6038,-1,-1,-1
103,1345,287.61,464.68,92.85,149.66,0.9115,-1,-1,-1
103,1346,659.57,800.96,181.96,141.10,0.9411,-1,-1,-1
103,1348,831.96,284.89,57.60,104.97,0.8499,-1,-1,-1
103,1349,293.71,176.19,58.60,82.25,0.8558,-1,-1,-1
103,1352,374.32,411.69,76.58,122.17,0.8986,-1,-1,-1
103,1354,902.02,179.67,55.98,99.15,0.8633,-1,-1,-1
103,1355,791.43,259.49,50.12,96.04,0.8375,-1,-1,-1
103,1356,531.64,544.28,93.74,143.18,0.8684,-1,-1,-1
103,1357,590.86,447.40,93.04,150.28,0.8423,-1,-1,-1
103,1359,1102.83,73.41,35.95,60.11,0.7664,-1,-1,-1
103,1360,589.57,428.38,76.72,106.45,0.7504,-1,-1,-1
103,1361,749.67,283.09,63.14,101.39,0.8883,-1,-1,-1
103,1364,1505.45,94.86,31.55,33.90,0.5395,-1,-1,-1
103,1366,605.07,793.86,135.59,142.25,0.7058,-1,-1,-1
103,1369,161.48,691.70,130.39,222.11,0.8713,-1,-1,-1
103,1373,1301.67,12.99,20.86,20.45,0.5566,-1,-1,-1
103,1351,522.44,553.51,127.68,227.65,0.8167,-1,-1,-1
103,1380,499.64,419.97,77.68,137.20,0.8460,-1,-1,-1
103,1383,202.08,540.47,105.62,154.80,0.8475,-1,-1,-1
103,1387,470.25,516.01,79.38,167.92,0.7263,-1,-1,-1
103,1358,573.12,327.76,65.11,107.90,0.8948,-1,-1,-1
103,1374,173.75,609.03,129.16,201.12,0.8487,-1,-1,-1
103,1395,1.94,804.16,188.84,193.65,0.7503,-1,-1,-1
103,1400,21.68,574.76,55.52,244.84,0.7273,-1,-1,-1
103,1363,1036.46,112.79,45.35,73.43,0.6563,-1,-1,-1
103,1376,111.82,907.78,182.05,124.78,0.4761,-1,-1,-1
103,1362,1018.83,109.83,40.68,68.94,0.6371,-1,-1,-1
103,1398,103.89,788.39,197.28,243.53,0.5497,-1,-1,-1
104,1345,288.61,463.55,92.92,150.10,0.9334,-1,-1,-1
104,1346,661.82,805.61,178.17,137.97,0.9485,-1,-1,-1
104,1348,833.04,283.33,57.12,103.87,0.8286,-1,-1,-1
104,1349,296.87,176.06,57.38,81.12,0.8784,-1,-1,-1
104,1352,376.10,410.22,77.77,123.60,0.9067,-1,-1,-1
104,1354,902.57,180.22,56.69,100.19,0.8612,-1,-1,-1
104,1355,793.60,259.47,49.83,95.91,0.8356,-1,-1,-1
104,1356,530.89,543.44,96.99,148.13,0.8633,-1,-1,-1
104,1357,589.86,439.40,97.08,158.19,0.8475,-1,-1,-1
104,1359,1103.46,73.24,36.05,60.12,0.7648,-1,-1,-1
104,1360,591.96,427.76,77.63,108.21,0.6113,-1,-1,-1
104,1361,750.30,282.54,63.56,102.48,0.8842,-1,-1,-1
104,1364,1505.92,94.24,31.88,34.18,0.5195,-1,-1,-1
104,1366,609.80,796.05,133.55,140.44,0.7890,-1,-1,-1
104,1369,165.25,694.83,128.53,219.09,0.8574,-1,-1,-1
104,1373,1301.83,12.82,20.79,20.64,0.5199,-1,-1,-1
104,1351,523.65,549.62,128.52,232.05,0.7442,-1,-1,-1
104,1380,502.40,419.27,76.21,135.21,0.8539,-1,-1,-1
104,1383,205.60,540.11,104.95,154.38,0.8606,-1,-1,-1
104,1387,472.60,519.91,77.25,164.21,0.7181,-1,-1,-1
104,1358,573.91,327.47,65.82,108.13,0.8810,-1,-1,-1
104,1374,180.77,611.86,125.67,197.56,0.8578,-1,-1,-1
104,1395,1.70,806.80,183.90,191.80,0.8408,-1,-1,-1
104,1400,21.19,574.14,58.60,243.28,0.6962,-1,-1,-1
104,1363,1031.52,112.52,46.94,74.01,0.6903,-1,-1,-1
104,1376,123.30,919.66,165.02,112.29,0.6204,-1,-1,-1
104,1403,0.12,672.29,53.23,218.70,0.5776,-1,-1,-1
104,1398,109.85,792.69,190.78,239.21,0.6354,-1,-1,-1
105,1345,289.88,462.96,92.75,150.18,0.9251,-1,-1,-1
105,1346,660.01,802.29,182.77,142.07,0.9436,-1,-1,-1
105,1348,834.56,281.60,57.73,105.12,0.8666,-1,-1,-1
105,1349,300.14,176.12,56.70,80.66,0.8764,-1,-1,-1
105,1352,378.17,409.25,78.49,124.33,0.8787,-1,-1,-1
105,1354,902.84,179.21,58.48,103.76,0.8671,-1,-1,-1
105,1355,795.51,259.30,49.10,94.53,0.8475,-1,-1,-1
105,1356,534.96,542.65,93.68,143.41,0.7953,-1,-1,-1
105,1357,590.97,436.57,98.20,160.92,0.8392,-1,-1,-1
105,1359,1104.19,72.09,36.63,61.35,0.7745,-1,-1,-1
105,1360,598.92,426.85,76.81,108.68,0.6398,-1,-1,-1
105,1361,751.61,282.86,63.03,102.24,0.8751,-1,-1,-1
105,1364,1505.86,93.86,32.08,34.20,0.5563,-1,-1,-1
105,1366,620.30,797.53,134.08,138.53,0.7727,-1,-1,-1
105,1369,172.14,702.20,122.84,207.09,0.8489,-1,-1,-1
105,1373,1301.71,12.63,21.57,21.64,0.5416,-1,-1,-1
105,1351,535.09,580.05,111.41,198.98,0.7880,-1,-1,-1
105,1380,505.15,418.02,75.35,135.20,0.8270,-1,-1,-1
105,1383,209.23,539.96,104.41,153.94,0.8702,-1,-1,-1
105,1387,475.42,526.81,72.93,155.00,0.7320,-1,-1,-1
105,1358,575.48,327.29,66.71,108.39,0.8836,-1,-1,-1
105,1374,182.76,597.14,131.17,211.53,0.8535,-1,-1,-1
105,1395,2.60,809.32,179.11,190.05,0.7272,-1,-1,-1
105,1400,23.48,577.93,61.99,239.55,0.7608,-1,-1,-1
105,1363,1032.71,111.11,47.94,74.83,0.7083,-1,-1,-1
105,1376,130.52,927.27,153.88,103.55,0.1550,-1,-1,-1
105,1403,-1.07,667.29,54.35,223.67,0.6135,-1,-1,-1
105,1398,109.22,774.40,199.48,257.02,0.5156,-1,-1,-1
106,1345,291.41,462.94,92.33,149.86,0.9269,-1,-1,-1
106,1346,662.93,808.12,177.42,137.45,0.9522,-1,-1,-1
106,1348,836.63,281.45,57.98,105.93,0.8711,-1,-1,-1
106,1349,302.32,174.99,57.28,82.13,0.8774,-1,-1,-1
106,1352,379.34,408.94,78.35,123.73,0.8528,-1,-1,-1
106,1354,903.90,179.35,58.52,103.93,0.8565,-1,-1,-1
106,1355,797.49,259.49,49.46,95.28,0.8249,-1,-1,-1
106,1356,538.05,538.69,93.57,144.69,0.8249,-1,-1,-1
106,1357,591.33,435.72,98.44,162.11,0.8395,-1,-1,-1
106,1359,1105.50,72.42,36.22,60.63,0.7698,-1,-1,-1
106,1360,598.37,426.86,76.60,108.70,0.6494,-1,-1,-1
106,1361,753.25,281.55,63.77,103.76,0.8830,-1,-1,-1
106,1364,1506.18,93.58,32.38,34.41,0.5589,-1,-1,-1
106,1366,626.20,799.12,135.78,136.96,0.8361,-1,-1,-1
106,1369,174.03,698.33,124.85,209.01,0.8163,-1,-1,-1
106,1373,1302.05,12.58,21.94,22.15,0.5730,-1,-1,-1
106,1351,538.10,581.93,109.33,194.43,0.7759,-1,-1,-1
106,1380,507.84,416.17,75.77,136.92,0.8591,-1,-1,-1
106,1383,212.32,540.58,104.20,153.99,0.8851,-1,-1,-1
106,1387,479.87,528.02,70.32,148.86,0.6688,-1,-1,-1
106,1358,577.55,327.12,67.56,108.73,0.8774,-1,-1,-1
106,1374,186.66,594.52,129.65,213.65,0.8424,-1,-1,-1
106,1395,6.50,811.53,173.92,187.11,0.8736,-1,-1,-1
106,1400,23.08,575.93,66.43,241.09,0.7146,-1,-1,-1
106,1363,1040.41,112.26,46.43,73.34,0.6929,-1,-1,-1
106,1376,133.85,930.23,149.42,99.52,0.1566,-1,-1,-1
106,1403,-2.06,665.81,54.21,223.77,0.6698,-1,-1,-1
106,1398,109.56,761.77,202.99,268.59,0.6354,-1,-1,-1
106,1362,1024.21,110.85,40.23,69.96,0.6639,-1,-1,-1
107,1345,293.51,462.68,91.23,148.41,0.9252,-1,-1,-1
107,1346,662.58,807.76,179.88,139.50,0.9508,-1,-1,-1
107,1348,838.43,280.83,57.45,105.49,0.8640,-1,-1,-1
107,1349,304.86,173.92,57.74,83.16,0.8608,-1,-1,-1
107,1352,381.64,409.17,77.77,122.59,0.8468,-1,-1,-1
107,1354,905.43,179.72,58.68,104.39,0.8590,-1,-1,-1
107,1355,799.11,259.60,50.48,97.31,0.8402,-1,-1,-1
107,1356,541.46,538.90,92.22,143.46,0.7974,-1,-1,-1
107,1357,593.03,435.74,97.73,161.72,0.8554,-1,-1,-1
107,1359,1106.47,73.05,35.88,59.88,0.7682,-1,-1,-1
107,1360,603.26,426.74,75.56,109.11,0.6409,-1,-1,-1
107,1361,754.85,280.91,63.59,103.99,0.8898,-1,-1,-1
107,1364,1506.00,93.23,33.06,35.15,0.5526,-1,-1,-1
107,1366,627.93,801.30,137.26,135.52,0.8417,-1,-1,-1
107,1369,176.54,689.15,128.64,214.63,0.8482,-1,-1,-1
107,1373,1301.96,12.50,22.34,22.74,0.5931,-1,-1,-1
107,1351,536.55,573.24,113.59,202.68,0.7961,-1,-1,-1
107,1380,511.70,413.82,76.60,138.89,0.8851,-1,-1,-1
107,1383,216.88,541.47,102.57,150.86,0.8626,-1,-1,-1
107,1387,484.00,529.98,67.42,142.07,0.8083,-1,-1,-1
107,1358,578.02,326.42,68.37,109.73,0.8847,-1,-1,-1
107,1374,192.54,600.00,123.18,207.14,0.7815,-1,-1,-1
107,1395,13.57,813.12,169.44,184.52,0.5373,-1,-1,-1
107,1400,27.93,612.85,62.42,203.97,0.8380,-1,-1,-1
107,1363,1036.83,109.73,48.29,75.23,0.6724,-1,-1,-1
107,1403,-3.91,661.41,54.82,227.66,0.6301,-1,-1,-1
107,1398,108.30,740.03,213.75,291.16,0.6480,-1,-1,-1
107,1391,80.97,812.21,140.44,186.64,0.5276,-1,-1,-1
108,1345,295.21,462.52,90.26,146.96,0.9087,-1,-1,-1
108,1346,660.90,804.45,184.05,143.24,0.9557,-1,-1,-1
108,1348,840.60,280.37,56.69,104.46,0.8797,-1,-1,-1
108,1349,307.50,173.25,57.75,83.75,0.8642,-1,-1,-1
108,1352,383.10,409.18,77.34,121.66,0.8515,-1,-1,-1
108,1354,905.27,177.65,60.24,107.57,0.8673,-1,-1,-1
108,1355,800.03,257.83,50.73,97.83,0.8637,-1,-1,-1
108,1356,543.71,539.78,91.24,142.13,0.7667,-1,-1,-1
108,1357,596.60,445.75,92.65,151.94,0.8782,-1,-1,-1
108,1359,1107.89,71.63,36.59,61.40,0.7813,-1,-1,-1
108,1360,602.41,427.23,74.68,108.66,0.6674,-1,-1,-1
108,1361,756.12,280.89,63.47,104.16,0.8795,-1,-1,-1
108,1364,1506.09,92.55,33.47,35.74,0.6073,-1,-1,-1
108,1366,626.17,801.60,140.10,136.21,0.8112,-1,-1,-1
108,1369,178.23,681.18,131.82,219.94,0.8425,-1,-1,-1
108,1373,1302.84,13.11,22.00,22.37,0.5455,-1,-1,-1
108,1351,539.37,570.83,113.42,202.84,0.7587,-1,-1,-1
108,1380,515.01,412.68,76.24,138.32,0.8839,-1,-1,-1
108,1383,218.24,541.76,103.52,152.20,0.8525,-1,-1,-1
108,1387,484.30,530.22,69.04,144.83,0.8709,-1,-1,-1
108,1358,579.70,326.58,68.62,110.29,0.8768,-1,-1,-1
108,1374,200.96,614.21,112.96,191.51,0.8000,-1,-1,-1
108,1395,18.26,812.93,167.79,184.29,0.4343,-1,-1,-1
108,1400,31.01,631.47,62.81,185.78,0.8857,-1,-1,-1
108,1363,1037.29,109.85,48.93,74.72,0.7432,-1,-1,-1
108,1403,-4.37,661.00,54.44,227.75,0.6424,-1,-1,-1
108,1398,126.06,780.32,181.54,247.71,0.6712,-1,-1,-1
108,1391,75.44,814.69,162.19,183.67,0.6046,-1,-1,-1
109,1345,297.22,461.57,90.09,146.76,0.9111,-1,-1,-1
109,1346,661.26,804.65,184.35,143.82,0.9543,-1,-1,-1
109,1348,840.94,279.37,56.91,104.83,0.8641,-1,-1,-1
109,1349,310.32,173.25,56.14,81.70,0.8782,-1,-1,-1
109,1352,386.24,408.23,77.27,120.90,0.8912,-1,-1,-1
109,1354,905.90,178.05,59.92,106.86,0.8536,-1,-1,-1
109,1355,801.80,257.90,49.42,95.02,0.8655,-1,-1,-1
109,1356,544.74,540.05,91.48,142.07,0.7064,-1,-1,-1
109,1357,599.39,450.87,89.76,146.50,0.8621,-1,-1,-1
109,1359,1108.89,71.84,36.47,61.35,0.8125,-1,-1,-1
109,1360,602.17,425.63,74.81,109.20,0.6465,-1,-1,-1
109,1361,757.96,280.88,63.12,103.93,0.8878,-1,-1,-1
109,1364,1506.45,92.48,33.52,35.82,0.5858,-1,-1,-1
109,1366,620.98,801.40,141.54,136.95,0.7358,-1,-1,-1
109,1369,177.46,649.26,145.05,245.51,0.8222,-1,-1,-1
109,1373,1303.40,13.74,21.13,21.37,0.5476,-1,-1,-1
109,1351,542.53,570.69,111.52,198.56,0.7862,-1,-1,-1
109,1380,516.87,411.41,76.02,138.60,0.8803,-1,-1,-1
109,1383,221.13,540.83,103.95,152.73,0.8756,-1,-1,-1
109,1387,485.37,528.61,70.60,147.65,0.8491,-1,-1,-1
109,1358,581.24,324.91,70.19,113.01,0.8689,-1,-1,-1
109,1374,204.99,615.78,111.13,188.85,0.7706,-1,-1,-1
109,1400,32.33,635.95,66.42,178.56,0.9311,-1,-1,-1
109,1363,1042.78,109.23,48.13,74.35,0.5249,-1,-1,-1
109,1403,-5.33,655.14,55.31,233.89,0.7103,-1,-1,-1
109,1398,130.97,780.66,179.50,248.09,0.6034,-1,-1,-1
109,1391,66.61,816.95,172.85,180.13,0.8620,-1,-1,-1
109,1362,1032.22,109.70,42.82,72.66,0.6049,-1,-1,-1
110,1345,298.30,460.58,90.63,148.14,0.9061,-1,-1,-1
110,1346,661.54,804.79,184.65,144.42,0.9518,-1,-1,-1
110,1348,842.55,278.38,56.81,104.49,0.8601,-1,-1,-1
110,1349,312.61,172.97,55.45,80.88,0.8842,-1,-1,-1
110,1352,387.25,406.91,77.92,121.70,0.9068,-1,-1,-1
110,1354,906.49,177.27,60.51,107.76,0.8708,-1,-1,-1
110,1355,802.69,256.79,50.12,96.47,0.9293,-1,-1,-1
110,1356,548.03,540.96,90.61,139.91,0.7511,-1,-1,-1
110,1357,599.91,451.37,90.02,145.69,0.8822,-1,-1,-1
110,1359,1109.49,70.39,37.23,63.26,0.8400,-1,-1,-1
110,1360,603.35,425.33,74.10,108.28,0.6899,-1,-1,-1
110,1361,759.83,280.87,63.00,104.00,0.8858,-1,-1,-1
110,1364,1506.95,92.04,33.38,35.67,0.6043,-1,-1,-1
110,1366,607.09,801.68,138.79,137.42,0.6518,-1,-1,-1
110,1369,180.93,640.76,146.65,250.40,0.7973,-1,-1,-1
110,1373,1304.12,13.79,20.98,21.13,0.5740,-1,-1,-1
110,1351,543.58,564.17,114.27,203.24,0.7886,-1,-1,-1
110,1380,519.02,410.05,74.88,137.50,0.8667,-1,-1,-1
110,1383,225.12,539.73,102.85,150.99,0.8888,-1,-1,-1
110,1387,486.09,528.70,71.12,148.00,0.8752,-1,-1,-1
110,1358,584.22,325.22,70.24,112.86,0.8891,-1,-1,-1
110,1374,206.55,623.60,107.04,180.07,0.7930,-1,-1,-1
110,1400,32.96,637.27,71.09,176.25,0.9367,-1,-1,-1
110,1363,1046.39,110.83,46.25,71.13,0.1237,-1,-1,-1
110,1403,-5.67,652.04,55.60,238.04,0.6628,-1,-1,-1
110,1398,137.22,789.93,172.03,239.06,0.6509,-1,-1,-1
110,1391,54.63,818.15,176.96,177.42,0.6155,-1,-1,-1
110,1362,1034.11,110.12,43.51,72.41,0.5830,-1,-1,-1
111,1345,300.35,458.85,90.24,148.07,0.8996,-1,-1,-1
111,1346,660.70,802.75,187.45,147.14,0.9576,-1,-1,-1
111,1348,844.03,276.82,55.98,103.27,0.8512,-1,-1,-1
111,1349,316.48,172.99,54.71,79.92,0.8614,-1,-1,-1
111,1352,388.73,404.78,78.37,122.56,0.9037,-1,-1,-1
111,1354,908.95,176.65,60.69,108.44,0.8387,-1,-1,-1
111,1355,805.46,256.07,49.82,96.62,0.9205,-1,-1,-1
111,1356,551.02,541.08,90.51,139.67,0.8359,-1,-1,-1
111,1357,598.91,444.54,94.48,152.68,0.8464,-1,-1,-1
111,1359,1110.72,70.35,36.86,62.95,0.8433,-1,-1,-1
111,1360,604.77,424.03,74.77,109.82,0.7173,-1,-1,-1
111,1361,762.34,282.36,61.84,101.79,0.8977,-1,-1,-1
111,1364,1507.25,91.54,34.04,36.34,0.6368,-1,-1,-1
111,1366,604.03,800.69,138.00,139.31,0.6131,-1,-1,-1
111,1369,185.96,637.54,146.40,251.01,0.8013,-1,-1,-1
111,1373,1304.48,13.79,20.96,20.98,0.6424,-1,-1,-1
111,1351,547.03,560.65,115.60,205.21,0.7846,-1,-1,-1
111,1380,525.54,409.09,74.07,135.56,0.8638,-1,-1,-1
111,1383,229.02,536.22,104.55,153.68,0.9022,-1,-1,-1
111,1387,489.68,529.49,70.96,145.77,0.8458,-1,-1,-1
111,1358,586.53,325.45,70.20,112.72,0.8845,-1,-1,-1
111,1374,209.74,628.44,104.24,173.24,0.7515,-1,-1,-1
111,1400,35.46,635.48,75.63,174.79,0.9406,-1,-1,-1
111,1363,1045.06,110.54,47.87,72.94,0.6032,-1,-1,-1
111,1403,-0.85,689.88,47.02,199.97,0.5402,-1,-1,-1
111,1398,148.95,813.65,154.03,211.45,0.7007,-1,-1,-1
111,1391,54.25,810.94,189.80,182.95,0.8416,-1,-1,-1
111,1362,1033.65,109.06,43.27,72.29,0.5899,-1,-1,-1
112,1345,301.47,457.80,89.99,148.35,0.9106,-1,-1,-1
112,1346,660.41,801.69,188.45,148.50,0.9561,-1,-1,-1
112,1348,844.14,276.08,55.07,101.75,0.8235,-1,-1,-1
112,1349,318.32,172.75,54.24,79.31,0.8650,-1,-1,-1
112,1352,390.25,403.65,78.66,123.06,0.9098,-1,-1,-1
112,1354,910.46,176.40,60.16,107.96,0.8365,-1,-1,-1
112,1355,806.96,256.13,49.45,96.31,0.9162,-1,-1,-1
112,1356,554.79,541.86,87.74,135.13,0.7966,-1,-1,-1
112,1357,598.16,438.48,97.73,158.55,0.8407,-1,-1,-1
112,1359,1111.30,69.46,37.27,63.90,0.8505,-1,-1,-1
112,1360,605.11,422.39,75.65,111.26,0.7107,-1,-1,-1
112,1361,764.28,283.13,61.33,100.56,0.8912,-1,-1,-1
112,1364,1507.42,91.10,34.49,36.85,0.6073,-1,-1,-1
112,1366,605.28,801.15,136.93,139.74,0.5987,-1,-1,-1
112,1369,191.60,641.95,142.88,244.90,0.8131,-1,-1,-1
112,1373,1304.59,13.26,21.53,21.49,0.6364,-1,-1,-1
112,1351,549.22,555.87,116.97,208.32,0.7874,-1,-1,-1
112,1380,529.89,408.37,73.97,134.66,0.8560,-1,-1,-1
112,1383,231.17,533.23,105.44,155.03,0.8951,-1,-1,-1
112,1387,491.29,530.10,71.50,145.07,0.8552,-1,-1,-1
112,1358,587.72,324.49,70.83,114.03,0.8844,-1,-1,-1
112,1374,215.05,628.09,104.04,171.74,0.7418,-1,-1,-1
112,1400,35.23,633.83,80.36,174.96,0.9363,-1,-1,-1
112,1363,1045.89,110.25,48.06,73.13,0.6040,-1,-1,-1
112,1403,1.13,697.95,45.33,191.55,0.5859,-1,-1,-1
112,1398,153.53,823.18,147.74,200.93,0.7100,-1,-1,-1
112,1391,46.76,803.90,199.87,189.07,0.8109,-1,-1,-1
112,1362,1033.13,107.95,42.49,72.11,0.5857,-1,-1,-1
113,1345,304.28,457.26,88.63,146.54,0.8927,-1,-1,-1
113,1346,660.63,801.14,188.62,149.14,0.9547,-1,-1,-1
113,1348,845.20,275.69,55.20,101.59,0.8601,-1,-1,-1
113,1349,321.29,172.10,53.49,78.35,0.8316,-1,-1,-1
113,1352,394.72,403.00,77.71,121.35,0.8975,-1,-1,-1
113,1354,912.19,176.33,59.26,106.54,0.8110,-1,-1,-1
113,1355,807.77,254.91,49.67,97.36,0.9212,-1,-1,-1
113,1356,556.55,542.98,86.25,132.45,0.7757,-1,-1,-1
113,1357,599.08,437.40,97.89,158.93,0.8659,-1,-1,-1
113,1359,1111.95,69.49,36.88,63.59,0.8294,-1,-1,-1
113,1360,606.10,421.67,75.03,110.73,0.6855,-1,-1,-1
113,1361,765.29,282.79,61.78,101.14,0.8783,-1,-1,-1
113,1364,1507.40,91.14,34.63,36.99,0.5917,-1,-1,-1
113,1366,597.29,799.81,134.24,141.33,0.4930,-1,-1,-1
113,1369,198.29,642.54,140.93,241.02,0.8198,-1,-1,-1
113,1373,1304.62,13.59,21.20,20.97,0.6481,-1,-1,-1
113,1351,553.17,554.92,116.28,207.45,0.7941,-1,-1,-1
113,1380,534.64,407.89,73.23,132.96,0.8560,-1,-1,-1
113,1383,233.68,531.38,105.23,155.22,0.8679,-1,-1,-1
113,1387,493.90,530.27,71.48,143.95,0.8593,-1,-1,-1
113,1358,588.95,325.22,71.34,114.74,0.8708,-1,-1,-1
113,1374,222.18,633.97,100.94,164.54,0.7541,-1,-1,-1
113,1400,35.84,630.07,85.22,178.29,0.9221,-1,-1,-1
113,1363,1051.11,110.75,46.04,71.13,0.5331,-1,-1,-1
113,1403,3.67,712.93,43.03,178.59,0.6505,-1,-1,-1
113,1398,154.97,823.98,147.77,199.66,0.7284,-1,-1,-1
113,1391,58.09,815.96,195.01,175.84,0.8868,-1,-1,-1
113,1362,1033.88,108.26,42.17,72.23,0.6058,-1,-1,-1
114,1345,306.77,455.92,88.45,146.41,0.8989,-1,-1,-1
114,1346,661.06,801.17,187.84,148.94,0.9553,-1,-1,-1
114,1348,845.44,274.85,55.60,102.04,0.8708,-1,-1,-1
114,1349,323.37,171.18,54.17,79.55,0.8661,-1,-1,-1
114,1352,396.26,402.59,78.29,122.23,0.8914,-1,-1,-1
114,1354,913.43,175.91,58.85,105.92,0.7794,-1,-1,-1
114,1355,809.24,254.20,49.05,96.88,0.8843,-1,-1,-1
114,1356,557.42,542.83,86.17,132.50,0.5966,-1,-1,-1
114,1357,598.70,438.66,97.50,158.29,0.8623,-1,-1,-1
114,1359,1113.02,69.25,36.43,63.25,0.8374,-1,-1,-1
114,1360,609.32,421.48,73.52,109.46,0.7269,-1,-1,-1
114,1361,767.78,281.88,62.37,101.32,0.8790,-1,-1,-1
114,1364,1507.40,90.48,35.20,37.68,0.5618,-1,-1,-1
114,1366,598.00,798.73,132.69,142.98,0.4444,-1,-1,-1
114,1369,199.55,642.88,140.59,238.68,0.8817,-1,-1,-1
114,1373,1304.57,13.21,21.86,21.52,0.5949,-1,-1,-1
114,1351,557.19,550.51,117.76,212.55,0.7936,-1,-1,-1
114,1380,536.38,407.91,72.59,132.11,0.8613,-1,-1,-1
114,1383,236.01,531.06,104.26,154.02,0.8629,-1,-1,-1
114,1387,495.56,530.41,71.86,143.50,0.8737,-1,-1,-1
114,1358,589.35,325.54,71.67,115.24,0.8664,-1,-1,-1
114,1374,226.15,638.75,100.82,160.77,0.5404,-1,-1,-1
114,1400,36.81,627.89,88.66,179.77,0.9137,-1,-1,-1
114,1363,1054.47,111.10,44.97,70.44,0.5595,-1,-1,-1
114,1403,5.91,719.05,42.60,172.15,0.6922,-1,-1,-1
114,1398,155.86,820.40,149.82,201.92,0.6055,-1,-1,-1
114,1391,57.77,818.60,197.11,172.31,0.8876,-1,-1,-1
114,1362,1034.71,108.01,41.98,72.42,0.6157,-1,-1,-1
115,1345,308.65,455.31,87.51,145.35,0.8998,-1,-1,-1
115,1346,662.06,802.59,185.76,147.43,0.9530,-1,-1,-1
115,1348,846.66,273.67,55.90,102.70,0.8623,-1,-1,-1
115,1349,325.66,170.30,54.58,80.42,0.8789,-1,-1,-1
115,1352,398.66,401.89,77.61,121.42,0.8894,-1,-1,-1
115,1354,913.78,175.17,59.22,106.61,0.8233,-1,-1,-1
115,1355,811.81,254.01,47.53,94.60,0.8408,-1,-1,-1
115,1356,556.83,539.83,87.30,134.23,0.5071,-1,-1,-1
115,1357,599.28,435.44,98.62,160.80,0.8692,-1,-1,-1
115,1359,1113.59,68.21,36.47,63.92,0.8422,-1,-1,-1
115,1360,609.89,419.83,73.97,110.34,0.7177,-1,-1,-1
115,1361,769.66,281.56,62.62,100.98,0.8504,-1,-1,-1
115,1364,1508.05,90.48,34.57,36.92,0.5388,-1,-1,-1
115,1366,601.18,802.01,128.39,140.77,0.6285,-1,-1,-1
115,1369,204.48,643.65,139.43,234.98,0.8486,-1,-1,-1
115,1373,1304.62,13.12,21.88,21.51,0.5551,-1,-1,-1
115,1351,564.65,555.75,112.56,204.96,0.7927,-1,-1,-1
115,1380,539.71,407.73,71.42,130.06,0.8853,-1,-1,-1
115,1383,240.05,528.70,104.37,154.61,0.8792,-1,-1,-1
115,1387,494.58,529.87,72.36,144.51,0.8649,-1,-1,-1
115,1358,590.34,325.33,71.74,115.62,0.8667,-1,-1,-1
115,1374,227.04,642.08,101.81,158.99,0.4485,-1,-1,-1
115,1400,40.41,626.53,92.08,180.29,0.9102,-1,-1,-1
115,1363,1057.17,112.41,43.90,69.42,0.6282,-1,-1,-1
115,1403,7.36,698.23,49.12,193.40,0.6109,-1,-1,-1
115,1398,160.57,826.53,145.48,194.95,0.6809,-1,-1,-1
115,1391,57.42,823.47,195.30,166.35,0.9080,-1,-1,-1
115,1362,1035.04,108.12,40.88,71.40,0.6706,-1,-1,-1
116,1345,309.97,454.59,87.30,145.53,0.8893,-1,-1,-1
116,1346,662.52,802.82,184.73,146.74,0.9567,-1,-1,-1
116,1348,847.77,271.30,56.47,103.80,0.8579,-1,-1,-1
116,1349,327.35,169.82,54.12,80.03,0.8661,-1,-1,-1
116,1352,400.74,401.19,76.73,120.46,0.8818,-1,-1,-1
116,1354,914.69,174.39,59.31,106.96,0.8013,-1,-1,-1
116,1355,813.31,254.16,46.75,93.69,0.8351,-1,-1,-1
116,1356,559.54,539.14,87.48,133.68,0.3659,-1,-1,-1
116,1357,598.82,432.07,100.05,163.52,0.8163,-1,-1,-1
116,1359,1114.81,68.66,35.93,62.99,0.8629,-1,-1,-1
116,1360,610.28,418.14,74.17,110.88,0.6786,-1,-1,-1
116,1361,770.01,280.69,63.36,102.00,0.8399,-1,-1,-1
116,1364,1508.02,89.54,34.89,37.24,0.4704,-1,-1,-1
116,1366,603.75,802.10,127.58,141.72,0.7621,-1,-1,-1
116,1369,211.24,644.61,137.63,231.05,0.8738,-1,-1,-1
116,1373,1304.30,12.69,22.65,22.36,0.6116,-1,-1,-1
116,1351,566.51,548.47,114.10,209.82,0.7870,-1,-1,-1
116,1380,541.54,407.02,71.21,130.14,0.8869,-1,-1,-1
116,1383,243.40,526.13,106.10,157.42,0.8930,-1,-1,-1
116,1387,496.82,531.49,71.38,142.46,0.8490,-1,-1,-1
116,1358,591.27,326.10,71.21,114.90,0.8666,-1,-1,-1
116,1374,228.16,644.66,102.94,157.72,0.3672,-1,-1,-1
116,1400,43.11,626.18,94.64,179.60,0.8980,-1,-1,-1
116,1363,1059.58,113.27,42.58,67.88,0.6573,-1,-1,-1
116,1403,10.86,698.44,51.14,192.44,0.4902,-1,-1,-1
116,1398,153.16,802.11,162.12,219.81,0.6017,-1,-1,-1
116,1391,46.23,825.31,193.37,164.34,0.7539,-1,-1,-1
116,1362,1036.16,109.51,39.25,69.27,0.6960,-1,-1,-1
117,1345,312.62,453.29,87.44,145.97,0.9171,-1,-1,-1
117,1346,663.56,803.76,183.39,145.85,0.9421,-1,-1,-1
117,1348,851.28,269.87,56.06,104.19,0.8304,-1,-1,-1
117,1349,329.59,169.26,54.55,80.46,0.8818,-1,-1,-1
117,1352,402.85,399.88,77.51,121.97,0.8759,-1,-1,-1
117,1354,915.48,173.89,59.03,106.39,0.7752,-1,-1,-1
117,1355,814.92,253.59,47.54,95.42,0.8321,-1,-1,-1
117,1356,563.53,537.20,93.92,141.70,0.3101,-1,-1,-1
117,1357,602.37,437.63,95.95,157.29,0.8168,-1,-1,-1
117,1359,1115.91,68.08,35.93,63.34,0.8494,-1,-1,-1
117,1360,611.82,418.58,73.67,110.19,0.6574,-1,-1,-1
117,1361,770.60,279.07,64.40,103.49,0.8420,-1,-1,-1
117,1364,1508.52,89.59,34.19,36.17,0.4074,-1,-1,-1
117,1366,601.17,801.02,124.53,141.94,0.7101,-1,-1,-1
117,1369,215.50,643.16,137.92,230.19,0.8986,-1,-1,-1
117,1373,1304.41,12.80,22.58,22.35,0.5909,-1,-1,-1
117,1351,574.95,553.09,107.75,199.48,0.7731,-1,-1,-1
117,1380,544.31,407.33,70.77,129.85,0.8894,-1,-1,-1
117,1383,246.21,525.09,106.45,158.79,0.8973,-1,-1,-1
117,1387,499.70,532.78,71.32,141.31,0.8373,-1,-1,-1
117,1358,593.11,326.45,70.22,113.20,0.8653,-1,-1,-1
117,1374,228.32,640.76,106.85,161.65,0.1268,-1,-1,-1
117,1400,48.40,624.47,96.61,178.82,0.9067,-1,-1,-1
117,1363,1060.99,113.92,42.49,67.55,0.6657,-1,-1,-1
117,1403,11.57,699.47,53.05,191.60,0.4499,-1,-1,-1
117,1398,153.92,794.51,165.37,226.37,0.6409,-1,-1,-1
117,1362,1036.61,108.73,38.27,68.14,0.7438,-1,-1,-1
117,1395,41.03,822.68,152.77,167.09,0.8464,-1,-1,-1
118,1345,314.14,452.13,87.61,146.44,0.9254,-1,-1,-1
118,1346,667.24,809.23,176.65,139.69,0.9440,-1,-1,-1
118,1348,852.62,268.05,56.20,104.98,0.8520,-1,-1,-1
118,1349,330.82,168.76,54.68,80.59,0.8539,-1,-1,-1
118,1352,404.81,398.71,77.28,121.94,0.8922,-1,-1,-1
118,1354,916.79,179.40,56.57,101.31,0.7210,-1,-1,-1
118,1355,815.89,253.24,47.72,95.76,0.8192,-1,-1,-1
118,1356,567.34,535.05,86.85,129.43,0.2178,-1,-1,-1
118,1357,604.33,437.61,94.50,155.67,0.8289,-1,-1,-1
118,1359,1116.75,68.44,35.48,62.79,0.8354,-1,-1,-1
118,1360,612.66,420.79,73.04,108.72,0.6898,-1,-1,-1
118,1361,771.48,278.42,64.49,103.58,0.8624,-1,-1,-1
118,1364,1508.10,88.42,34.91,36.83,0.4551,-1,-1,-1
118,1366,620.19,802.13,127.22,141.16,0.7138,-1,-1,-1
118,1369,218.69,641.51,138.03,229.01,0.8836,-1,-1,-1
118,1373,1304.46,12.58,22.97,22.89,0.6220,-1,-1,-1
118,1351,577.16,544.72,110.81,206.48,0.7446,-1,-1,-1
118,1380,546.68,406.29,71.61,131.67,0.8913,-1,-1,-1
118,1383,250.15,523.33,106.60,160.08,0.8999,-1,-1,-1
118,1387,502.30,530.46,73.60,143.70,0.8718,-1,-1,-1
118,1358,593.74,325.82,70.68,114.29,0.8546,-1,-1,-1
118,1374,226.90,638.02,112.11,168.53,0.1209,-1,-1,-1
118,1400,52.38,624.40,98.11,177.23,0.9046,-1,-1,-1
118,1363,1060.89,114.01,41.94,66.31,0.6380,-1,-1,-1
118,1403,13.71,661.76,65.49,227.43,0.6016,-1,-1,-1
118,1398,154.64,786.42,168.90,233.66,0.7753,-1,-1,-1
118,1362,1036.55,108.59,37.92,68.21,0.7398,-1,-1,-1
118,1395,43.79,826.28,150.89,163.98,0.9075,-1,-1,-1
119,1345,316.75,450.52,87.29,145.55,0.9239,-1,-1,-1
119,1346,666.35,807.46,178.96,141.46,0.9499,-1,-1,-1
119,1348,854.59,267.55,56.62,106.53,0.8423,-1,-1,-1
119,1349,332.83,167.84,54.93,80.89,0.8712,-1,-1,-1
119,1352,406.83,398.00,76.92,121.23,0.8791,-1,-1,-1
119,1354,917.64,178.54,57.74,103.19,0.7333,-1,-1,-1
119,1355,817.14,253.37,47.29,94.98,0.8184,-1,-1,-1
119,1357,604.64,436.44,93.57,154.94,0.8132,-1,-1,-1
119,1359,1117.05,68.49,35.42,62.79,0.8237,-1,-1,-1
119,1360,612.35,418.61,74.51,111.10,0.6740,-1,-1,-1
119,1361,772.98,279.16,63.91,102.69,0.8641,-1,-1,-1
119,1364,1507.70,88.05,35.12,36.89,0.4408,-1,-1,-1
119,1366,631.79,802.96,131.52,140.57,0.7580,-1,-1,-1
119,1369,220.51,635.60,140.99,232.01,0.9229,-1,-1,-1
119,1373,1304.97,12.77,22.50,22.55,0.5524,-1,-1,-1
119,1351,570.45,532.25,116.42,215.78,0.7196,-1,-1,-1
119,1380,549.04,404.86,72.44,133.77,0.8589,-1,-1,-1
119,1383,254.41,521.64,107.07,161.50,0.9032,-1,-1,-1
119,1387,502.96,530.35,73.49,142.98,0.8409,-1,-1,-1
119,1358,594.88,325.21,70.80,114.45,0.8589,-1,-1,-1
119,1400,57.44,622.11,100.04,176.45,0.9045,-1,-1,-1
119,1363,1060.61,113.66,42.64,66.93,0.6702,-1,-1,-1
119,1403,12.61,641.62,73.45,247.86,0.5263,-1,-1,-1
119,1398,154.68,777.43,172.55,241.42,0.8246,-1,-1,-1
119,1362,1037.49,108.44,37.08,67.24,0.7325,-1,-1,-1
119,1395,43.11,823.29,153.95,167.40,0.9082,-1,-1,-1
119,1405,927.35,173.25,49.00,81.02,0.6228,-1,-1,-1
120,1345,319.21,449.23,87.31,145.34,0.9235,-1,-1,-1
120,1346,665.43,805.97,181.37,143.46,0.9473,-1,-1,-1
120,1348,856.46,267.67,55.65,104.34,0.8261,-1,-1,-1
120,1349,335.26,168.21,54.15,79.65,0.8504,-1,-1,-1
120,1352,409.23,397.69,76.52,120.71,0.8946,-1,-1,-1
120,1354,919.38,181.57,56.54,100.53,0.7552,-1,-1,-1
120,1355,818.90,253.83,46.38,93.41,0.8010,-1,-1,-1
120,1357,605.68,436.03,92.78,154.08,0.8143,-1,-1,-1
120,1359,1118.18,68.53,35.54,62.60,0.8181,-1,-1,-1
120,1360,613.91,418.91,74.62,111.50,0.6830,-1,-1,-1
120,1361,774.42,278.93,63.61,102.39,0.8539,-1,-1,-1
120,1364,1508.60,88.53,35.36,37.32,0.5203,-1,-1,-1
120,1366,633.72,799.95,138.19,143.71,0.7109,-1,-1,-1
120,1369,222.99,634.33,141.47,230.47,0.8976,-1,-1,-1
120,1373,1304.98,12.31,22.92,23.20,0.5581,-1,-1,-1
120,1351,583.86,540.21,109.24,203.95,0.7904,-1,-1,-1
120,1380,551.61,403.22,71.95,134.10,0.8632,-1,-1,-1
120,1383,257.60,520.93,106.76,161.65,0.9083,-1,-1,-1
120,1387,504.88,531.16,73.87,142.48,0.8670,-1,-1,-1
120,1358,596.13,324.67,70.56,113.88,0.8583,-1,-1,-1
120,1400,60.16,620.39,101.84,175.77,0.9320,-1,-1,-1
120,1363,1061.13,112.16,43.85,68.78,0.7852,-1,-1,-1
120,1403,13.45,630.88,79.03,257.82,0.7056,-1,-1,-1
120,1398,160.89,787.18,163.94,229.68,0.8230,-1,-1,-1
120,1362,1038.64,107.36,37.52,68.43,0.7573,-1,-1,-1
120,1395,42.78,820.37,156.34,170.45,0.8941,-1,-1,-1
120,1405,928.71,174.01,47.68,78.65,0.7529,-1,-1,-1
121,1345,321.34,448.60,87.35,145.22,0.9365,-1,-1,-1
121,1346,668.18,809.40,177.31,139.69,0.9458,-1,-1,-1
121,1348,856.67,266.35,56.33,106.02,0.8325,-1,-1,-1
121,1349,337.74,168.25,53.35,78.39,0.8487,-1,-1,-1
121,1352,412.53,396.90,76.98,121.08,0.9194,-1,-1,-1
121,1354,920.03,179.12,57.74,102.73,0.7954,-1,-1,-1
121,1355,820.50,254.14,45.39,91.19,0.7795,-1,-1,-1
121,1357,608.15,432.48,92.48,155.27,0.7601,-1,-1,-1
121,1359,1118.96,68.53,35.46,62.03,0.8168,-1,-1,-1
121,1360,614.34,417.09,75.49,113.99,0.7581,-1,-1,-1
121,1361,776.18,279.35,62.72,100.95,0.8486,-1,-1,-1
121,1364,1509.25,89.32,35.15,37.26,0.5136,-1,-1,-1
121,1366,631.41,799.12,141.74,144.43,0.6512,-1,-1,-1
121,1369,223.13,633.79,142.80,230.17,0.9001,-1,-1,-1
121,1373,1305.39,12.24,22.97,23.59,0.5609,-1,-1,-1
121,1351,595.25,555.01,100.22,187.09,0.8487,-1,-1,-1
121,1380,555.69,402.52,70.53,132.42,0.8605,-1,-1,-1
121,1383,261.67,519.88,106.66,161.86,0.9176,-1,-1,-1
121,1387,505.66,529.75,74.70,143.03,0.8627,-1,-1,-1
121,1358,597.38,324.03,70.54,113.81,0.8748,-1,-1,-1
121,1400,63.59,617.12,104.60,177.13,0.9419,-1,-1,-1
121,1363,1063.76,111.85,42.75,67.40,0.8185,-1,-1,-1
121,1403,16.48,632.26,82.47,257.13,0.7778,-1,-1,-1
121,1398,167.09,795.15,156.54,218.80,0.7247,-1,-1,-1
121,1362,1039.56,107.26,36.60,66.96,0.7824,-1,-1,-1
121,1395,39.80,809.44,163.99,180.76,0.8812,-1,-1,-1
121,1406,555.30,533.97,60.25,160.26,0.5310,-1,-1,-1
122,1345,322.87,447.74,87.18,145.09,0.9339,-1,-1,-1
122,1346,671.49,814.57,171.69,134.22,0.9518,-1,-1,-1
122,1348,857.46,265.92,55.65,104.77,0.8284,-1,-1,-1
122,1349,339.24,165.95,54.77,80.44,0.8507,-1,-1,-1
122,1352,414.87,396.84,76.98,120.69,0.9223,-1,-1,-1
122,1354,920.74,180.09,57.18,101.62,0.8051,-1,-1,-1
122,1355,821.40,253.18,44.92,90.24,0.7604,-1,-1,-1
122,1357,609.48,431.93,91.37,154.49,0.8226,-1,-1,-1
122,1359,1120.49,68.36,35.78,62.05,0.8036,-1,-1,-1
122,1360,616.54,415.32,73.63,112.42,0.6142,-1,-1,-1
122,1361,777.36,278.78,62.81,100.91,0.8474,-1,-1,-1
122,1364,1509.53,89.67,35.00,37.26,0.5322,-1,-1,-1
122,1366,626.87,798.19,144.02,145.56,0.7509,-1,-1,-1
122,1369,225.48,633.71,143.95,229.31,0.8930,-1,-1,-1
122,1373,1306.13,13.04,21.89,22.66,0.4710,-1,-1,-1
122,1351,601.93,561.47,95.34,177.71,0.8472,-1,-1,-1
122,1380,557.87,399.81,70.87,134.19,0.8636,-1,-1,-1
122,1383,264.57,519.05,105.47,160.19,0.9149,-1,-1,-1
122,1387,505.85,528.58,75.12,143.40,0.8409,-1,-1,-1
122,1358,599.27,324.96,69.87,112.59,0.8041,-1,-1,-1
122,1400,66.64,614.61,106.36,177.59,0.9368,-1,-1,-1
122,1363,1064.52,111.26,43.47,68.63,0.8034,-1,-1,-1
122,1403,16.67,635.59,84.71,253.60,0.6920,-1,-1,-1
122,1398,164.96,781.17,163.79,230.44,0.6997,-1,-1,-1
122,1362,1040.58,106.85,35.74,66.02,0.7286,-1,-1,-1
122,1395,31.70,783.46,182.19,205.75,0.7849,-1,-1,-1
122,1406,556.39,531.75,60.73,161.62,0.5624,-1,-1,-1
122,1405,931.73,171.58,48.15,79.11,0.7277,-1,-1,-1
123,1345,326.36,445.92,87.32,145.07,0.9261,-1,-1,-1
123,1346,671.82,815.66,171.07,132.84,0.9444,-1,-1,-1
123,1348,858.59,265.64,54.78,102.81,0.8412,-1,-1,-1
123,1349,342.79,165.48,54.20,79.59,0.8642,-1,-1,-1
123,1352,416.59,394.86,78.04,122.40,0.9249,-1,-1,-1
123,1354,921.98,183.69,55.17,97.48,0.7714,-1,-1,-1
123,1355,822.44,251.99,44.59,89.39,0.8425,-1,-1,-1
123,1357,610.76,426.98,93.11,158.79,0.8076,-1,-1,-1
123,1359,1121.04,67.82,36.35,62.61,0.7940,-1,-1,-1
123,1360,617.88,416.76,73.06,112.71,0.4833,-1,-1,-1
123,1361,778.54,278.68,62.45,100.55,0.8672,-1,-1,-1
123,1364,1510.01,89.90,34.37,36.60,0.4883,-1,-1,-1
123,1366,628.67,798.07,145.89,145.07,0.7151,-1,-1,-1
123,1369,230.86,632.80,144.66,228.96,0.9159,-1,-1,-1
123,1373,1306.78,13.35,20.86,21.58,0.4189,-1,-1,-1
123,1351,603.95,564.87,91.96,172.02,0.8355,-1,-1,-1
123,1380,560.28,398.07,70.10,134.22,0.8587,-1,-1,-1
123,1383,267.05,517.65,104.91,159.13,0.9022,-1,-1,-1
123,1387,506.60,527.34,75.30,143.95,0.8556,-1,-1,-1
123,1358,600.56,324.85,69.88,112.17,0.8157,-1,-1,-1
123,1400,70.78,612.85,108.15,178.51,0.9376,-1,-1,-1
123,1363,1065.49,110.95,43.56,68.77,0.8143,-1,-1,-1
123,1403,18.47,635.59,88.19,252.06,0.4912,-1,-1,-1
123,1398,171.65,793.82,155.11,216.63,0.6227,-1,-1,-1
123,1362,1041.44,107.02,35.38,65.96,0.6757,-1,-1,-1
123,1395,12.90,727.48,221.78,261.61,0.7935,-1,-1,-1
123,1406,557.79,529.50,61.82,164.55,0.6778,-1,-1,-1
123,1405,931.70,171.31,48.42,79.30,0.7496,-1,-1,-1
124,1345,328.63,445.54,87.39,144.77,0.9220,-1,-1,-1
124,1346,672.72,817.86,169.78,130.90,0.9527,-1,-1,-1
124,1348,859.27,265.08,55.00,102.69,0.8448,-1,-1,-1
124,1349,345.77,165.11,53.53,78.56,0.8688,-1,-1,-1
124,1352,418.50,394.23,78.12,122.32,0.9284,-1,-1,-1
124,1354,922.57,182.44,55.50,97.80,0.7942,-1,-1,-1
124,1355,822.96,250.87,45.89,92.13,0.8515,-1,-1,-1
124,1357,611.25,423.67,93.99,161.83,0.8086,-1,-1,-1
124,1359,1121.32,67.29,36.91,62.85,0.8054,-1,-1,-1
124,1360,621.67,415.08,71.73,112.00,0.3916,-1,-1,-1
124,1361,779.71,279.17,61.55,99.03,0.8534,-1,-1,-1
124,1364,1510.11,89.69,34.39,36.63,0.5068,-1,-1,-1
124,1366,617.75,795.70,146.41,147.22,0.7002,-1,-1,-1
124,1369,234.12,630.71,146.00,230.33,0.9177,-1,-1,-1
124,1373,1307.05,12.58,21.49,22.27,0.5075,-1,-1,-1
124,1351,610.58,565.34,91.44,170.28,0.8413,-1,-1,-1
124,1380,563.21,396.41,69.19,133.50,0.8520,-1,-1,-1
124,1383,270.53,516.44,104.06,158.47,0.9124,-1,-1,-1
124,1387,505.71,525.41,75.78,145.87,0.8467,-1,-1,-1
124,1358,600.29,324.44,69.94,112.38,0.7597,-1,-1,-1
124,1400,72.78,611.62,109.39,178.96,0.9310,-1,-1,-1
124,1363,1066.93,110.63,43.40,68.51,0.8442,-1,-1,-1
124,1403,22.28,643.37,90.30,243.33,0.5912,-1,-1,-1
124,1398,161.91,759.15,176.65,250.34,0.7941,-1,-1,-1
124,1362,1042.19,107.18,35.01,65.68,0.7057,-1,-1,-1
124,1395,9.30,705.76,230.43,282.90,0.8275,-1,-1,-1
124,1406,558.52,527.54,61.98,164.72,0.7752,-1,-1,-1
124,1405,935.28,170.86,48.05,78.36,0.7222,-1,-1,-1
125,1345,330.33,442.70,87.01,144.01,0.8886,-1,-1,-1
125,1346,671.17,815.50,173.71,133.69,0.9474,-1,-1,-1
125,1348,859.88,262.80,55.45,102.86,0.8383,-1,-1,-1
125,1349,347.46,161.94,54.30,80.22,0.8564,-1,-1,-1
125,1352,420.46,392.77,78.59,122.85,0.9231,-1,-1,-1
125,1354,922.71,177.52,57.71,101.81,0.7736,-1,-1,-1
125,1355,824.31,249.72,46.46,93.12,0.8836,-1,-1,-1
125,1357,614.57,428.60,90.50,155.65,0.8085,-1,-1,-1
125,1359,1120.96,66.31,37.51,63.52,0.7990,-1,-1,-1
125,1360,628.50,415.45,68.87,108.99,0.4887,-1,-1,-1
125,1361,780.98,280.30,60.94,97.73,0.8654,-1,-1,-1
125,1364,1510.59,89.47,34.03,36.20,0.5251,-1,-1,-1
125,1366,620.68,795.35,147.77,147.89,0.6749,-1,-1,-1
125,1369,236.46,628.59,147.23,231.55,0.8989,-1,-1,-1
125,1373,1307.02,12.04,22.04,22.88,0.5112,-1,-1,-1
125,1351,616.27,561.33,91.82,169.82,0.7918,-1,-1,-1
125,1380,566.03,395.00,68.90,133.80,0.8131,-1,-1,-1
125,1383,276.46,514.78,103.01,157.99,0.8773,-1,-1,-1
125,1387,505.09,525.13,75.53,145.79,0.8471,-1,-1,-1
125,1358,601.78,324.80,70.22,113.05,0.7310,-1,-1,-1
125,1400,76.10,610.37,110.46,179.59,0.9413,-1,-1,-1
125,1363,1069.05,109.63,42.78,67.97,0.8496,-1,-1,-1
125,1403,24.21,644.62,94.86,241.49,0.6741,-1,-1,-1
125,1398,158.93,738.46,186.18,268.59,0.5220,-1,-1,-1
125,1362,1042.83,106.33,35.71,67.49,0.7541,-1,-1,-1
125,1395,14.18,703.72,224.60,284.96,0.8317,-1,-1,-1
125,1406,559.59,525.11,63.58,168.83,0.8165,-1,-1,-1
126,1345,331.95,441.37,87.28,144.46,0.8743,-1,-1,-1
126,1346,669.91,813.69,176.62,135.89,0.9462,-1,-1,-1
126,1348,861.50,262.11,55.45,102.55,0.8408,-1,-1,-1
126,1349,349.47,161.88,54.12,80.30,0.8604,-1,-1,-1
126,1352,422.55,391.59,78.82,123.11,0.9236,-1,-1,-1
126,1354,923.40,177.23,57.77,101.92,0.7954,-1,-1,-1
126,1355,825.06,248.93,46.71,93.55,0.8572,-1,-1,-1
126,1357,616.66,430.64,89.22,153.15,0.7918,-1,-1,-1
126,1359,1121.74,65.42,37.67,63.67,0.7982,-1,-1,-1
126,1360,632.37,414.17,68.63,109.56,0.4846,-1,-1,-1
126,1361,782.44,280.36,60.83,97.34,0.8556,-1,-1,-1
126,1364,1510.90,88.46,34.24,36.44,0.4723,-1,-1,-1
126,1366,625.24,797.98,147.41,145.78,0.6773,-1,-1,-1
126,1369,239.02,627.45,148.63,233.32,0.8920,-1,-1,-1
126,1373,1307.06,11.49,22.18,23.13,0.4305,-1,-1,-1
126,1351,617.00,550.28,96.90,179.27,0.8012,-1,-1,-1
126,1380,569.54,388.39,71.37,138.89,0.7541,-1,-1,-1
126,1383,280.11,514.50,101.71,156.87,0.8677,-1,-1,-1
126,1387,506.55,525.27,75.04,145.28,0.8346,-1,-1,-1
126,1358,606.32,324.20,68.20,110.23,0.6686,-1,-1,-1
126,1400,79.36,609.52,110.85,178.80,0.9288,-1,-1,-1
126,1363,1069.72,108.74,42.56,68.21,0.8226,-1,-1,-1
126,1403,28.40,678.89,88.16,206.30,0.5503,-1,-1,-1
126,1398,165.06,741.15,180.34,263.11,0.7712,-1,-1,-1
126,1362,1044.02,107.08,35.18,67.03,0.7239,-1,-1,-1
126,1395,25.12,720.41,206.50,267.74,0.7999,-1,-1,-1
126,1406,561.28,526.03,63.89,169.09,0.7183,-1,-1,-1
126,1405,937.24,170.61,48.47,78.45,0.6384,-1,-1,-1
127,1345,335.04,440.98,85.74,141.73,0.8713,-1,-1,-1
127,1346,669.85,813.83,176.93,135.98,0.9448,-1,-1,-1
127,1348,865.96,259.16,55.26,103.33,0.8122,-1,-1,-1
127,1349,351.71,161.72,53.72,79.70,0.8758,-1,-1,-1
127,1352,425.66,391.27,78.40,122.21,0.9087,-1,-1,-1
127,1354,924.03,175.16,58.63,103.52,0.8039,-1,-1,-1
127,1355,826.48,248.19,48.02,96.06,0.8697,-1,-1,-1
127,1357,618.98,433.92,88.08,150.23,0.8259,-1,-1,-1
127,1359,1122.42,65.48,37.36,62.94,0.8052,-1,-1,-1
127,1360,634.81,415.83,66.77,106.77,0.6493,-1,-1,-1
127,1361,783.80,279.55,61.04,97.79,0.8664,-1,-1,-1
127,1364,1510.95,87.68,34.67,37.11,0.4607,-1,-1,-1
127,1366,627.08,799.04,148.49,144.88,0.6991,-1,-1,-1
127,1369,244.02,625.69,149.28,234.82,0.9032,-1,-1,-1
127,1373,1307.09,11.40,22.32,23.37,0.4373,-1,-1,-1
127,1351,623.06,550.56,93.78,172.81,0.8349,-1,-1,-1
127,1380,572.26,391.43,69.43,135.92,0.7785,-1,-1,-1
127,1383,283.40,514.53,100.31,155.06,0.8303,-1,-1,-1
127,1387,511.30,523.52,76.31,146.07,0.8124,-1,-1,-1
127,1358,607.33,322.49,69.40,112.22,0.7721,-1,-1,-1
127,1400,84.56,607.07,111.30,178.32,0.9060,-1,-1,-1
127,1363,1070.65,107.40,42.56,68.68,0.8392,-1,-1,-1
127,1403,25.46,683.97,90.83,201.09,0.7880,-1,-1,-1
127,1398,175.90,765.75,162.95,237.19,0.8492,-1,-1,-1
127,1362,1044.56,105.43,35.56,68.22,0.7629,-1,-1,-1
127,1395,35.51,739.81,188.62,247.84,0.8373,-1,-1,-1
127,1406,565.15,531.10,62.00,163.09,0.6955,-1,-1,-1
127,1356,565.21,525.68,75.08,115.66,0.6441,-1,-1,-1
128,1345,337.37,440.76,84.90,139.47,0.8718,-1,-1,-1
128,1346,669.72,814.90,176.37,135.16,0.9446,-1,-1,-1
128,1348,867.51,257.40,55.76,104.93,0.8087,-1,-1,-1
128,1349,352.41,160.52,54.86,81.72,0.8792,-1,-1,-1
128,1352,428.05,391.22,78.13,121.23,0.9183,-1,-1,-1
128,1354,927.64,170.82,57.89,101.50,0.7996,-1,-1,-1
128,1355,827.18,247.83,48.50,96.84,0.8750,-1,-1,-1
128,1357,618.46,433.00,90.14,153.16,0.7884,-1,-1,-1
128,1359,1122.40,64.49,37.89,63.73,0.8027,-1,-1,-1
128,1360,636.56,415.28,66.56,106.51,0.6653,-1,-1,-1
128,1361,784.68,278.62,61.11,98.01,0.8615,-1,-1,-1
128,1364,1511.66,87.54,34.23,36.82,0.4543,-1,-1,-1
128,1366,631.67,798.92,151.89,144.98,0.8246,-1,-1,-1
128,1369,247.53,626.54,147.97,232.76,0.8548,-1,-1,-1
128,1373,1307.02,11.30,22.42,23.56,0.4915,-1,-1,-1
128,1351,628.56,554.38,89.94,164.95,0.8297,-1,-1,-1
128,1380,574.01,392.35,68.43,135.51,0.7866,-1,-1,-1
128,1383,287.87,512.96,99.37,153.85,0.8310,-1,-1,-1
128,1387,515.04,522.50,77.74,146.40,0.8383,-1,-1,-1
128,1358,608.18,322.18,68.54,110.82,0.7523,-1,-1,-1
128,1400,89.82,605.77,111.44,177.10,0.9013,-1,-1,-1
128,1363,1071.21,106.15,42.94,69.89,0.8241,-1,-1,-1
128,1403,10.09,686.25,89.61,197.71,0.7506,-1,-1,-1
128,1398,172.46,746.56,173.41,255.99,0.7341,-1,-1,-1
128,1362,1045.19,104.74,36.04,69.40,0.7891,-1,-1,-1
128,1395,33.24,723.77,195.69,263.36,0.7998,-1,-1,-1
128,1406,568.62,539.32,59.42,154.32,0.5991,-1,-1,-1
128,1356,563.54,527.01,74.49,117.39,0.6759,-1,-1,-1
128,1374,255.46,618.33,112.00,166.52,0.6414,-1,-1,-1
129,1345,339.40,440.08,85.47,140.16,0.8832,-1,-1,-1
129,1346,669.19,814.26,177.72,136.05,0.9462,-1,-1,-1
129,1348,868.74,255.65,54.90,104.25,0.8134,-1,-1,-1
129,1349,355.42,159.43,54.51,81.19,0.8727,-1,-1,-1
129,1352,430.98,388.99,78.52,121.55,0.9089,-1,-1,-1
129,1354,928.69,169.72,58.62,102.10,0.8364,-1,-1,-1
129,1355,829.09,248.11,47.65,95.02,0.8997,-1,-1,-1
129,1357,619.16,427.01,93.20,159.01,0.7165,-1,-1,-1
129,1359,1122.80,64.24,37.94,63.80,0.7980,-1,-1,-1
129,1360,635.97,410.77,67.38,107.84,0.6921,-1,-1,-1
129,1361,784.46,277.05,61.51,98.76,0.8788,-1,-1,-1
129,1364,1512.04,87.36,34.02,36.82,0.4724,-1,-1,-1
129,1366,632.04,798.79,156.09,146.35,0.7276,-1,-1,-1
129,1369,249.39,629.36,146.50,228.73,0.7371,-1,-1,-1
129,1373,1307.04,11.09,22.33,23.55,0.5121,-1,-1,-1
129,1351,632.51,554.00,87.55,159.56,0.8651,-1,-1,-1
129,1380,576.48,391.22,66.70,133.52,0.6742,-1,-1,-1
129,1383,294.39,512.44,98.47,152.59,0.8431,-1,-1,-1
129,1387,513.74,523.22,76.25,144.02,0.8387,-1,-1,-1
129,1358,607.53,321.49,67.40,109.03,0.7425,-1,-1,-1
129,1400,93.91,604.04,111.52,176.12,0.9097,-1,-1,-1
129,1363,1071.66,105.40,42.86,70.22,0.8210,-1,-1,-1
129,1403,12.38,686.61,90.88,194.30,0.8391,-1,-1,-1
129,1398,184.47,775.96,154.15,225.47,0.7915,-1,-1,-1
129,1362,1045.32,103.42,36.55,70.67,0.7679,-1,-1,-1
129,1395,30.92,708.13,201.39,278.66,0.8201,-1,-1,-1
129,1406,569.19,533.28,61.73,159.23,0.8619,-1,-1,-1
129,1356,566.38,525.07,73.34,119.05,0.3533,-1,-1,-1
129,1374,255.37,618.17,115.49,171.76,0.8238,-1,-1,-1
130,1345,342.36,438.61,85.95,140.60,0.9005,-1,-1,-1
130,1346,668.47,814.96,178.61,136.38,0.9382,-1,-1,-1
130,1348,869.86,255.11,54.14,103.23,0.8123,-1,-1,-1
130,1349,357.36,158.82,54.29,81.03,0.8758,-1,-1,-1
130,1352,433.93,389.49,76.82,118.31,0.9141,-1,-1,-1
130,1354,930.13,168.71,57.93,100.57,0.7824,-1,-1,-1
130,1355,831.51,248.18,46.27,92.14,0.8972,-1,-1,-1
130,1357,617.69,423.02,95.35,162.96,0.6822,-1,-1,-1
130,1359,1124.18,64.59,37.86,63.72,0.8178,-1,-1,-1
130,1360,637.67,409.47,68.77,110.27,0.6888,-1,-1,-1
130,1361,785.31,276.48,61.52,98.82,0.8922,-1,-1,-1
130,1364,1512.75,87.23,33.51,36.51,0.4651,-1,-1,-1
130,1366,631.59,798.82,159.98,147.59,0.8360,-1,-1,-1
130,1369,255.90,633.61,144.79,226.10,0.7930,-1,-1,-1
130,1373,1307.01,10.67,22.47,23.82,0.4919,-1,-1,-1
130,1351,634.93,555.02,84.46,154.05,0.8263,-1,-1,-1
130,1380,579.22,392.87,64.20,129.47,0.7462,-1,-1,-1
130,1383,298.62,511.45,96.70,150.61,0.8438,-1,-1,-1
130,1387,513.52,521.90,75.85,144.23,0.8454,-1,-1,-1
130,1358,609.14,320.63,67.20,108.70,0.8304,-1,-1,-1
130,1400,97.39,602.32,111.88,175.58,0.9258,-1,-1,-1
130,1363,1071.96,105.69,42.27,69.52,0.8181,-1,-1,-1
130,1403,10.66,684.41,92.79,194.19,0.8887,-1,-1,-1
130,1398,193.47,796.79,140.99,203.37,0.6137,-1,-1,-1
130,1362,1045.74,103.21,35.77,69.32,0.7402,-1,-1,-1
130,1395,45.18,741.61,175.95,244.92,0.7852,-1,-1,-1
130,1406,569.69,529.39,63.64,162.66,0.8480,-1,-1,-1
130,1356,566.65,523.14,73.26,122.10,0.1968,-1,-1,-1
130,1374,257.44,617.30,116.21,172.61,0.8263,-1,-1,-1
131,1345,345.98,437.42,85.59,140.24,0.8909,-1,-1,-1
131,1346,664.95,809.54,186.82,143.30,0.9392,-1,-1,-1
131,1348,870.80,253.95,53.63,102.37,0.8430,-1,-1,-1
131,1349,360.07,158.50,54.14,81.11,0.8690,-1,-1,-1
131,1352,436.59,388.95,75.71,116.35,0.9043,-1,-1,-1
131,1354,931.54,166.95,57.78,99.93,0.7898,-1,-1,-1
131,1355,832.76,248.08,45.35,90.14,0.9112,-1,-1,-1
131,1357,619.25,422.41,94.92,162.44,0.7213,-1,-1,-1
131,1359,1124.41,63.75,38.61,64.94,0.8306,-1,-1,-1
131,1360,638.12,410.13,66.99,107.22,0.7311,-1,-1,-1
131,1361,786.03,275.31,61.61,98.88,0.8971,-1,-1,-1
131,1364,1513.58,87.42,32.70,35.72,0.4959,-1,-1,-1
131,1366,627.76,801.41,159.33,145.70,0.6019,-1,-1,-1
131,1369,262.17,641.54,140.60,218.73,0.7651,-1,-1,-1
131,1373,1307.11,10.19,22.80,24.26,0.4304,-1,-1,-1
131,1351,638.76,552.43,83.58,151.73,0.6792,-1,-1,-1
131,1380,583.03,392.39,60.86,123.21,0.6750,-1,-1,-1
131,1383,302.09,509.23,95.97,150.86,0.8742,-1,-1,-1
131,1387,515.52,520.71,75.16,143.69,0.7250,-1,-1,-1
131,1358,610.51,320.63,67.72,109.30,0.8244,-1,-1,-1
131,1400,101.81,599.28,112.83,176.52,0.9216,-1,-1,-1
131,1363,1071.12,105.59,42.38,68.97,0.7787,-1,-1,-1
131,1403,10.24,682.26,95.40,195.54,0.8845,-1,-1,-1
131,1398,197.96,802.65,137.61,196.07,0.8411,-1,-1,-1
131,1362,1047.03,103.41,34.62,67.60,0.7222,-1,-1,-1
131,1395,53.44,758.98,163.14,227.78,0.8325,-1,-1,-1
131,1406,571.05,527.75,64.60,163.07,0.7346,-1,-1,-1
131,1356,571.82,522.19,71.34,121.76,0.1158,-1,-1,-1
131,1374,260.14,613.66,114.81,169.89,0.8881,-1,-1,-1
132,1345,347.75,435.24,86.11,141.68,0.9134,-1,-1,-1
132,1346,665.52,810.72,186.78,143.68,0.9451,-1,-1,-1
132,1348,872.01,253.49,53.23,102.15,0.8372,-1,-1,-1
132,1349,362.69,158.43,53.51,80.46,0.8866,-1,-1,-1
132,1352,437.93,388.50,75.39,116.00,0.9080,-1,-1,-1
132,1354,933.06,167.69,56.38,96.51,0.7981,-1,-1,-1
132,1355,834.58,247.89,45.33,89.54,0.9003,-1,-1,-1
132,1357,626.89,429.57,88.62,152.44,0.5549,-1,-1,-1
132,1359,1125.11,63.52,38.55,65.04,0.8053,-1,-1,-1
132,1360,637.91,406.84,68.86,110.08,0.6438,-1,-1,-1
132,1361,786.67,273.59,62.37,100.42,0.8908,-1,-1,-1
132,1364,1513.79,86.68,32.86,36.08,0.4706,-1,-1,-1
132,1366,619.61,800.79,159.73,147.07,0.7410,-1,-1,-1
132,1369,269.60,666.18,127.60,193.40,0.7682,-1,-1,-1
132,1373,1307.23,9.98,22.68,24.21,0.3623,-1,-1,-1
132,1351,639.54,549.30,85.62,155.59,0.6845,-1,-1,-1
132,1380,586.16,390.93,60.28,122.40,0.6774,-1,-1,-1
132,1383,306.29,508.55,95.20,150.54,0.8421,-1,-1,-1
132,1387,516.05,520.56,75.02,144.54,0.8529,-1,-1,-1
132,1358,612.81,320.17,66.63,107.04,0.8254,-1,-1,-1
132,1400,104.68,597.51,112.99,176.39,0.9164,-1,-1,-1
132,1363,1072.91,104.49,42.39,69.10,0.7902,-1,-1,-1
132,1403,8.96,681.03,96.95,195.67,0.8850,-1,-1,-1
132,1398,200.17,804.92,136.83,193.03,0.8225,-1,-1,-1
132,1362,1047.19,102.93,35.08,68.79,0.7761,-1,-1,-1
132,1395,64.04,786.23,145.97,201.39,0.8832,-1,-1,-1
132,1406,572.52,526.65,65.72,163.76,0.8378,-1,-1,-1
132,1374,263.33,614.68,113.45,167.65,0.8741,-1,-1,-1
133,1345,350.67,433.60,86.12,142.48,0.9213,-1,-1,-1
133,1346,665.84,812.39,186.17,143.43,0.9441,-1,-1,-1
133,1348,875.49,253.58,53.37,102.91,0.8388,-1,-1,-1
133,1349,365.27,158.03,53.27,80.22,0.8717,-1,-1,-1
133,1352,439.94,386.66,76.39,117.69,0.9146,-1,-1,-1
133,1354,933.31,166.59,57.47,97.66,0.7995,-1,-1,-1
133,1355,835.42,247.39,45.54,89.76,0.9039,-1,-1,-1
133,1357,632.61,438.53,82.54,141.32,0.7193,-1,-1,-1
133,1359,1127.32,63.69,37.68,64.18,0.7711,-1,-1,-1
133,1360,639.40,404.14,69.72,111.63,0.7004,-1,-1,-1
133,1361,787.44,272.69,62.19,100.39,0.8932,-1,-1,-1
133,1364,1514.05,86.04,32.06,35.25,0.5064,-1,-1,-1
133,1366,624.19,802.01,160.97,146.65,0.7385,-1,-1,-1
133,1369,262.76,637.19,146.60,222.57,0.8141,-1,-1,-1
133,1373,1308.87,9.76,22.78,24.27,0.3831,-1,-1,-1
133,1351,646.16,548.67,83.69,151.81,0.6079,-1,-1,-1
133,1380,587.30,386.08,61.11,125.35,0.6896,-1,-1,-1
133,1383,310.87,509.25,94.74,149.73,0.8608,-1,-1,-1
133,1387,517.30,520.19,74.68,144.83,0.8406,-1,-1,-1
133,1358,614.94,317.94,67.29,108.43,0.7735,-1,-1,-1
133,1400,107.82,594.45,113.73,177.51,0.9124,-1,-1,-1
133,1363,1075.36,103.63,42.12,69.30,0.8046,-1,-1,-1
133,1403,15.82,679.77,99.18,194.36,0.8642,-1,-1,-1
133,1398,203.01,805.82,136.55,190.73,0.7626,-1,-1,-1
133,1362,1047.59,102.20,35.73,69.82,0.8318,-1,-1,-1
133,1395,68.40,794.77,141.62,193.24,0.9205,-1,-1,-1
133,1406,575.63,526.03,66.58,163.07,0.8012,-1,-1,-1
133,1374,265.86,614.96,112.86,166.48,0.8153,-1,-1,-1
133,1408,197.13,893.21,146.66,104.46,0.4555,-1,-1,-1
134,1345,353.97,433.34,85.29,141.52,0.9000,-1,-1,-1
134,1346,667.04,814.37,184.29,142.10,0.9463,-1,-1,-1
134,1348,877.33,253.46,53.60,103.86,0.7968,-1,-1,-1
134,1349,367.00,157.62,53.12,80.62,0.8732,-1,-1,-1
134,1352,441.21,385.98,77.22,119.10,0.9217,-1,-1,-1
134,1354,932.97,167.17,58.37,98.67,0.8421,-1,-1,-1
134,1355,836.84,247.20,45.68,89.25,0.9012,-1,-1,-1
134,1357,635.75,447.91,78.10,131.96,0.6687,-1,-1,-1
134,1359,1128.47,63.20,37.30,63.64,0.7969,-1,-1,-1
134,1360,641.85,405.19,69.16,111.27,0.6724,-1,-1,-1
134,1361,787.86,272.52,62.24,100.71,0.9009,-1,-1,-1
134,1364,1514.52,86.21,31.45,34.66,0.4601,-1,-1,-1
134,1366,618.76,801.34,162.07,148.50,0.7171,-1,-1,-1
134,1369,262.86,626.52,152.76,232.94,0.8277,-1,-1,-1
134,1373,1310.15,9.91,21.91,23.26,0.3631,-1,-1,-1
134,1351,644.65,547.61,84.78,151.40,0.4177,-1,-1,-1
134,1380,588.89,379.35,63.09,131.36,0.7151,-1,-1,-1
134,1383,315.22,509.64,94.50,148.70,0.8763,-1,-1,-1
134,1387,520.77,520.65,74.30,143.93,0.7939,-1,-1,-1
134,1358,616.13,317.39,67.65,109.17,0.7438,-1,-1,-1
134,1400,111.94,591.93,114.32,178.19,0.9027,-1,-1,-1
134,1363,1076.64,103.75,41.43,68.56,0.7815,-1,-1,-1
134,1403,23.79,679.70,101.29,191.63,0.8850,-1,-1,-1
134,1398,205.98,805.00,136.20,188.72,0.7509,-1,-1,-1
134,1362,1048.30,101.94,35.77,69.37,0.8172,-1,-1,-1
134,1395,69.32,796.73,141.89,191.85,0.9046,-1,-1,-1
134,1406,578.66,531.30,65.88,157.64,0.6876,-1,-1,-1
134,1374,273.31,613.25,112.34,165.79,0.8009,-1,-1,-1
134,1408,201.51,893.05,142.17,101.19,0.4541,-1,-1,-1
135,1345,357.64,433.18,84.20,140.24,0.8930,-1,-1,-1
135,1346,667.05,814.92,185.05,142.83,0.9492,-1,-1,-1
135,1348,878.59,251.00,53.55,103.10,0.8559,-1,-1,-1
135,1349,369.45,156.65,53.19,81.38,0.8710,-1,-1,-1
135,1352,443.19,385.04,77.49,119.78,0.8988,-1,-1,-1
135,1354,933.72,166.95,59.11,99.15,0.8555,-1,-1,-1
135,1355,837.13,246.35,46.02,89.90,0.9034,-1,-1,-1
135,1357,637.77,451.98,75.80,126.48,0.6843,-1,-1,-1
135,1359,1129.08,62.82,37.41,63.91,0.8198,-1,-1,-1
135,1360,643.40,404.62,69.14,111.85,0.5785,-1,-1,-1
135,1361,788.36,272.10,62.69,101.80,0.8999,-1,-1,-1
135,1364,1514.79,86.97,30.63,33.72,0.4484,-1,-1,-1
135,1366,624.07,802.85,162.40,147.31,0.7359,-1,-1,-1
135,1369,269.69,627.34,151.39,232.35,0.7615,-1,-1,-1
135,1373,1310.24,9.81,22.20,23.55,0.4111,-1,-1,-1
135,1351,652.51,545.00,84.52,149.65,0.7197,-1,-1,-1
135,1380,591.00,379.85,64.28,135.44,0.6709,-1,-1,-1
135,1383,319.23,508.66,95.52,149.22,0.8675,-1,-1,-1
135,1387,521.09,520.17,74.07,144.23,0.7938,-1,-1,-1
135,1358,615.41,317.06,68.03,108.84,0.7893,-1,-1,-1
135,1400,116.81,590.26,114.77,178.49,0.9216,-1,-1,-1
135,1363,1077.30,102.32,42.09,70.25,0.8232,-1,-1,-1
135,1403,30.14,679.63,103.85,189.94,0.9087,-1,-1,-1
135,1398,209.08,805.21,136.88,187.91,0.8852,-1,-1,-1
135,1362,1048.52,101.23,36.48,70.19,0.8379,-1,-1,-1
135,1395,70.64,796.45,143.06,192.00,0.9281,-1,-1,-1
135,1406,580.79,527.06,69.05,161.02,0.8367,-1,-1,-1
135,1374,276.30,610.04,112.41,165.32,0.8831,-1,-1,-1
135,1408,203.48,891.76,143.46,102.02,0.4808,-1,-1,-1
136,1345,360.42,432.29,83.62,139.51,0.9122,-1,-1,-1
136,1346,666.17,813.99,186.73,144.42,0.9464,-1,-1,-1
136,1348,880.11,249.60,53.40,102.44,0.8556,-1,-1,-1
136,1349,370.97,155.66,53.32,81.93,0.8567,-1,-1,-1
136,1352,445.52,384.45,77.07,119.69,0.8920,-1,-1,-1
136,1354,934.25,166.87,58.80,97.83,0.7833,-1,-1,-1
136,1355,837.79,245.45,46.67,91.06,0.8947,-1,-1,-1
136,1357,641.33,457.45,73.76,120.91,0.6367,-1,-1,-1
136,1359,1129.78,62.85,36.98,63.28,0.8079,-1,-1,-1
136,1360,640.91,392.34,76.27,125.62,0.4856,-1,-1,-1
136,1361,788.99,271.30,63.18,102.77,0.9085,-1,-1,-1
136,1364,1514.45,86.82,30.53,33.63,0.4686,-1,-1,-1
136,1366,627.57,805.55,160.75,144.07,0.7144,-1,-1,-1
136,1369,284.03,665.48,129.44,194.74,0.6962,-1,-1,-1
136,1373,1310.84,10.36,21.30,22.41,0.3594,-1,-1,-1
136,1351,658.26,543.28,84.78,148.97,0.8044,-1,-1,-1
136,1380,592.78,378.75,66.14,141.67,0.7343,-1,-1,-1
136,1383,319.99,506.98,95.54,149.36,0.8406,-1,-1,-1
136,1387,522.76,520.91,72.71,142.36,0.8728,-1,-1,-1
136,1358,615.47,316.85,68.52,108.47,0.7840,-1,-1,-1
136,1400,120.57,588.67,114.86,178.36,0.9155,-1,-1,-1
136,1363,1078.10,101.50,41.72,70.28,0.8164,-1,-1,-1
136,1403,33.30,678.88,106.99,189.48,0.9220,-1,-1,-1
136,1398,211.23,804.15,137.08,186.84,0.8740,-1,-1,-1
136,1362,1049.09,100.98,37.24,71.03,0.8551,-1,-1,-1
136,1395,70.24,795.28,145.35,193.88,0.9239,-1,-1,-1
136,1406,582.03,524.31,71.90,163.77,0.8561,-1,-1,-1
136,1374,278.25,609.09,112.30,164.74,0.9117,-1,-1,-1
136,1408,207.48,892.38,138.91,98.55,0.5693,-1,-1,-1
137,1345,363.98,431.04,83.48,139.77,0.9094,-1,-1,-1
137,1346,665.71,812.94,188.06,146.04,0.9429,-1,-1,-1
137,1348,882.49,248.91,53.37,101.99,0.8714,-1,-1,-1
137,1349,373.64,155.32,52.61,81.26,0.8622,-1,-1,-1
137,1352,448.06,384.08,76.87,119.52,0.8931,-1,-1,-1
137,1354,929.99,167.95,61.32,103.34,0.7169,-1,-1,-1
137,1355,839.08,244.84,46.86,91.37,0.8995,-1,-1,-1
137,1357,638.98,445.73,81.49,134.57,0.6643,-1,-1,-1
137,1359,1130.83,62.72,36.59,62.60,0.8116,-1,-1,-1
137,1360,643.62,396.10,73.36,121.80,0.5012,-1,-1,-1
137,1361,790.10,271.46,62.59,102.04,0.9023,-1,-1,-1
137,1364,1513.99,86.85,30.74,33.75,0.4241,-1,-1,-1
137,1366,628.17,803.84,164.22,146.33,0.7216,-1,-1,-1
137,1369,290.99,680.07,122.87,181.33,0.7557,-1,-1,-1
137,1373,1308.77,10.33,21.98,23.04,0.3656,-1,-1,-1
137,1351,658.71,520.31,95.10,167.11,0.6329,-1,-1,-1
137,1380,597.10,382.83,62.81,135.99,0.7053,-1,-1,-1
137,1383,324.12,504.39,95.79,150.65,0.8578,-1,-1,-1
137,1387,523.98,521.31,72.15,141.92,0.8590,-1,-1,-1
137,1358,616.69,316.97,69.54,109.61,0.7929,-1,-1,-1
137,1400,124.64,586.82,114.71,177.87,0.9127,-1,-1,-1
137,1363,1079.37,101.15,41.58,70.31,0.7994,-1,-1,-1
137,1403,37.13,677.72,110.03,188.94,0.9345,-1,-1,-1
137,1398,212.11,803.10,138.06,186.88,0.9137,-1,-1,-1
137,1362,1049.46,101.11,37.55,70.90,0.8325,-1,-1,-1
137,1395,70.89,793.53,147.37,195.68,0.9257,-1,-1,-1
137,1406,582.50,522.63,74.22,166.06,0.8183,-1,-1,-1
137,1374,279.82,608.43,114.38,167.68,0.8582,-1,-1,-1
137,1408,207.93,890.41,139.59,98.80,0.4278,-1,-1,-1
137,1405,941.94,165.04,52.60,84.84,0.6018,-1,-1,-1
138,1345,366.57,429.76,83.41,140.06,0.9171,-1,-1,-1
138,1346,665.32,811.89,189.23,147.57,0.9465,-1,-1,-1
138,1348,882.67,249.63,53.19,101.36,0.8602,-1,-1,-1
138,1349,375.48,154.89,52.54,81.62,0.8585,-1,-1,-1
138,1352,448.09,382.90,77.13,121.01,0.8838,-1,-1,-1
138,1354,928.71,167.01,62.70,106.99,0.7748,-1,-1,-1
138,1355,840.28,244.32,47.21,91.90,0.8877,-1,-1,-1
138,1357,637.68,448.83,81.90,134.48,0.5751,-1,-1,-1
138,1359,1131.36,62.19,36.75,62.94,0.8049,-1,-1,-1
138,1360,646.09,399.33,70.85,118.31,0.5428,-1,-1,-1
138,1361,790.88,269.56,63.09,103.18,0.8994,-1,-1,-1
138,1364,1513.14,85.46,32.04,35.20,0.4354,-1,-1,-1
138,1366,630.71,805.35,163.78,144.53,0.7403,-1,-1,-1
138,1369,291.65,682.67,123.49,178.92,0.7753,-1,-1,-1
138,1373,1310.47,11.02,20.96,21.73,0.3707,-1,-1,-1
138,1351,665.46,516.76,95.12,166.84,0.7016,-1,-1,-1
138,1380,600.44,381.40,62.87,137.27,0.6627,-1,-1,-1
138,1383,326.62,503.50,95.51,151.02,0.8527,-1,-1,-1
138,1387,525.26,520.38,72.30,142.98,0.8291,-1,-1,-1
138,1358,617.84,317.46,69.12,108.80,0.8017,-1,-1,-1
138,1400,127.46,584.14,115.34,179.33,0.9075,-1,-1,-1
138,1363,1080.71,101.04,41.20,69.86,0.7881,-1,-1,-1
138,1403,38.92,675.55,114.10,190.46,0.9232,-1,-1,-1
138,1398,212.86,801.59,139.31,187.59,0.9051,-1,-1,-1
138,1362,1050.70,101.76,37.37,70.08,0.8322,-1,-1,-1
138,1395,71.51,792.24,148.93,196.79,0.9317,-1,-1,-1
138,1406,583.22,521.55,75.91,166.71,0.8155,-1,-1,-1
138,1374,284.09,610.38,112.83,165.23,0.8945,-1,-1,-1
138,1408,209.45,890.34,138.97,98.04,0.4929,-1,-1,-1
138,1405,940.80,163.94,53.66,84.97,0.5332,-1,-1,-1
139,1345,370.65,428.24,83.67,140.00,0.9011,-1,-1,-1
139,1346,665.03,809.58,191.26,150.05,0.9447,-1,-1,-1
139,1348,884.09,247.24,52.93,100.64,0.8715,-1,-1,-1
139,1349,377.40,154.37,53.16,83.12,0.8644,-1,-1,-1
139,1352,450.35,382.03,76.92,121.54,0.8912,-1,-1,-1
139,1354,928.77,170.78,60.28,103.88,0.7961,-1,-1,-1
139,1355,841.31,242.32,48.36,94.00,0.8912,-1,-1,-1
139,1357,639.16,449.04,82.88,135.12,0.5722,-1,-1,-1
139,1359,1132.48,62.62,36.40,62.09,0.7963,-1,-1,-1
139,1360,648.50,398.34,70.54,118.22,0.5672,-1,-1,-1
139,1361,791.94,269.47,63.04,103.27,0.8935,-1,-1,-1
139,1364,1513.39,85.20,32.17,35.15,0.4093,-1,-1,-1
139,1366,629.40,805.04,164.65,144.54,0.6475,-1,-1,-1
139,1369,294.18,691.45,120.58,170.26,0.8264,-1,-1,-1
139,1373,1311.42,12.05,19.92,20.25,0.3894,-1,-1,-1
139,1351,671.68,511.54,95.31,167.56,0.7697,-1,-1,-1
139,1380,603.92,384.40,60.02,132.50,0.6911,-1,-1,-1
139,1383,328.09,501.84,95.97,152.34,0.8299,-1,-1,-1
139,1387,526.65,519.50,72.42,143.82,0.8629,-1,-1,-1
139,1358,619.02,317.85,69.04,108.20,0.7948,-1,-1,-1
139,1400,132.35,583.37,115.21,178.94,0.9059,-1,-1,-1
139,1363,1082.33,99.82,41.25,70.28,0.8100,-1,-1,-1
139,1403,42.00,675.15,116.20,188.69,0.9202,-1,-1,-1
139,1398,213.01,801.30,140.16,187.30,0.8916,-1,-1,-1
139,1362,1051.48,102.01,37.67,69.95,0.8403,-1,-1,-1
139,1395,72.08,790.07,151.30,198.82,0.9310,-1,-1,-1
139,1406,584.93,521.95,77.10,166.18,0.8690,-1,-1,-1
139,1374,286.09,612.21,115.82,169.64,0.8581,-1,-1,-1
139,1408,211.67,890.83,138.81,97.52,0.3991,-1,-1,-1
139,1405,942.98,163.46,53.18,84.11,0.6381,-1,-1,-1
140,1345,372.90,427.45,83.81,139.86,0.9183,-1,-1,-1
140,1346,665.97,810.31,189.83,149.64,0.9438,-1,-1,-1
140,1348,885.35,247.26,52.45,99.74,0.8607,-1,-1,-1
140,1349,379.19,153.79,53.46,84.19,0.8423,-1,-1,-1
140,1352,452.58,380.30,77.32,122.70,0.9018,-1,-1,-1
140,1354,928.84,175.40,57.37,99.55,0.8246,-1,-1,-1
140,1355,842.50,242.73,48.34,93.54,0.8764,-1,-1,-1
140,1357,637.20,443.28,87.83,143.02,0.4194,-1,-1,-1
140,1359,1133.31,62.71,36.20,61.57,0.7992,-1,-1,-1
140,1360,648.19,401.18,68.50,113.75,0.5506,-1,-1,-1
140,1361,792.76,269.03,62.96,103.30,0.8862,-1,-1,-1
140,1364,1513.30,85.38,33.01,35.81,0.4132,-1,-1,-1
140,1366,626.41,802.88,168.68,147.78,0.6544,-1,-1,-1
140,1369,298.17,694.28,121.07,167.91,0.7925,-1,-1,-1
140,1373,1311.67,12.28,20.05,20.12,0.4504,-1,-1,-1
140,1351,676.83,513.94,92.63,163.02,0.7614,-1,-1,-1
140,1380,605.52,384.23,59.08,132.00,0.6583,-1,-1,-1
140,1383,329.53,501.44,95.77,152.81,0.8332,-1,-1,-1
140,1387,527.63,518.52,72.38,144.57,0.8835,-1,-1,-1
140,1358,620.19,317.66,69.37,108.54,0.7922,-1,-1,-1
140,1400,136.45,581.63,115.60,179.57,0.8945,-1,-1,-1
140,1363,1083.53,99.21,41.13,70.22,0.8250,-1,-1,-1
140,1403,43.24,673.30,119.36,189.55,0.9169,-1,-1,-1
140,1398,213.85,800.42,141.28,187.52,0.9179,-1,-1,-1
140,1362,1051.38,101.73,38.07,69.74,0.8534,-1,-1,-1
140,1395,71.77,790.02,152.32,199.22,0.9469,-1,-1,-1
140,1406,586.37,520.95,78.89,166.73,0.8642,-1,-1,-1
140,1374,289.61,614.15,115.09,168.37,0.8491,-1,-1,-1
140,1408,213.67,892.97,137.36,95.73,0.1980,-1,-1,-1
140,1405,945.74,163.75,52.10,82.85,0.6773,-1,-1,-1
141,1345,376.58,425.91,83.63,139.33,0.9077,-1,-1,-1
141,1346,666.21,809.08,190.14,150.54,0.9512,-1,-1,-1
141,1348,886.42,245.35,53.09,100.56,0.8304,-1,-1,-1
141,1349,381.86,153.46,53.24,84.26,0.8546,-1,-1,-1
141,1352,456.28,380.32,76.51,121.86,0.8955,-1,-1,-1
141,1354,929.42,177.87,55.89,97.69,0.8349,-1,-1,-1
141,1355,843.71,241.48,48.76,94.32,0.8594,-1,-1,-1
141,1357,624.18,434.19,89.95,152.57,0.4381,-1,-1,-1
141,1359,1134.52,62.57,35.95,61.07,0.8170,-1,-1,-1
141,1360,641.11,390.70,75.43,123.73,0.6276,-1,-1,-1
141,1361,793.85,268.37,63.07,103.65,0.8882,-1,-1,-1
141,1364,1513.60,85.12,33.41,36.07,0.4031,-1,-1,-1
141,1366,626.47,805.12,167.03,145.78,0.6344,-1,-1,-1
141,1369,304.46,695.99,120.18,164.59,0.7716,-1,-1,-1
141,1373,1311.29,11.87,20.90,20.86,0.5376,-1,-1,-1
141,1351,682.07,514.99,89.97,158.47,0.7646,-1,-1,-1
141,1380,606.92,389.06,55.86,126.08,0.5968,-1,-1,-1
141,1383,335.29,502.50,95.08,151.46,0.8084,-1,-1,-1
141,1387,530.12,518.34,72.07,144.59,0.9046,-1,-1,-1
141,1358,620.52,317.63,69.88,109.41,0.7696,-1,-1,-1
141,1400,141.31,580.25,115.44,179.31,0.9099,-1,-1,-1
141,1363,1084.73,98.98,40.56,69.63,0.8242,-1,-1,-1
141,1403,45.82,671.81,121.81,189.76,0.8949,-1,-1,-1
141,1398,215.91,802.06,140.71,185.00,0.9006,-1,-1,-1
141,1362,1051.13,101.36,38.83,70.03,0.8795,-1,-1,-1
141,1395,71.17,785.51,155.27,202.95,0.9467,-1,-1,-1
141,1406,588.80,519.17,80.65,167.24,0.8443,-1,-1,-1
141,1374,294.92,615.88,114.97,167.43,0.8481,-1,-1,-1
141,1408,218.06,893.76,135.44,93.69,0.3006,-1,-1,-1
141,1405,949.58,162.37,51.81,84.02,0.7378,-1,-1,-1
142,1345,379.26,424.36,84.05,140.06,0.9249,-1,-1,-1
142,1346,667.48,810.46,188.31,149.44,0.9515,-1,-1,-1
142,1348,887.88,244.01,53.58,100.85,0.8310,-1,-1,-1
142,1349,384.01,152.58,53.13,84.39,0.8690,-1,-1,-1
142,1352,457.91,380.51,75.71,121.21,0.8851,-1,-1,-1
142,1354,929.81,177.88,55.58,97.79,0.8126,-1,-1,-1
142,1355,845.46,241.90,48.15,92.91,0.8666,-1,-1,-1
142,1357,627.45,448.86,78.23,136.44,0.4217,-1,-1,-1
142,1359,1135.24,62.64,35.72,60.53,0.8242,-1,-1,-1
142,1360,637.18,383.38,80.34,130.95,0.6049,-1,-1,-1
142,1361,794.69,268.68,62.64,102.99,0.8892,-1,-1,-1
142,1364,1514.31,85.47,33.03,35.36,0.4142,-1,-1,-1
142,1366,626.60,805.84,167.74,145.74,0.6498,-1,-1,-1
142,1369,308.48,697.41,120.26,162.78,0.8020,-1,-1,-1
142,1373,1311.13,11.70,20.95,20.68,0.5233,-1,-1,-1
142,1351,683.93,511.81,92.27,162.96,0.6814,-1,-1,-1
142,1380,609.18,387.08,55.57,127.76,0.5626,-1,-1,-1
142,1383,339.49,502.39,94.88,150.85,0.8227,-1,-1,-1
142,1387,531.26,517.84,71.96,145.10,0.9068,-1,-1,-1
142,1358,622.75,317.77,68.84,107.82,0.7615,-1,-1,-1
142,1400,145.45,579.46,115.17,178.88,0.9298,-1,-1,-1
142,1363,1086.70,99.15,40.00,68.93,0.8105,-1,-1,-1
142,1403,48.86,671.56,123.70,189.16,0.8903,-1,-1,-1
142,1398,218.04,803.07,140.67,182.92,0.8538,-1,-1,-1
142,1362,1050.79,100.86,40.01,71.29,0.8631,-1,-1,-1
142,1395,63.04,758.02,172.98,229.56,0.9194,-1,-1,-1
142,1406,590.47,519.55,81.91,166.41,0.8928,-1,-1,-1
142,1374,299.32,616.62,114.99,167.35,0.8621,-1,-1,-1
142,1408,220.27,893.03,136.08,93.42,0.2896,-1,-1,-1
142,1405,951.10,162.30,51.21,84.29,0.7046,-1,-1,-1
143,1345,382.01,423.20,83.39,139.45,0.9033,-1,-1,-1
143,1346,669.21,812.75,185.53,147.32,0.9579,-1,-1,-1
143,1348,888.40,242.59,53.78,101.24,0.8276,-1,-1,-1
143,1349,386.48,152.23,52.01,82.60,0.8712,-1,-1,-1
143,1352,461.36,380.29,75.43,120.86,0.8842,-1,-1,-1
143,1354,929.67,176.26,55.77,99.11,0.8249,-1,-1,-1
143,1355,846.73,241.19,48.70,94.31,0.8610,-1,-1,-1
143,1357,630.52,448.88,77.54,137.80,0.4870,-1,-1,-1
143,1359,1136.37,62.45,36.05,60.54,0.8258,-1,-1,-1
143,1360,637.12,384.86,79.67,128.34,0.5232,-1,-1,-1
143,1361,796.26,268.85,61.97,102.12,0.8817,-1,-1,-1
143,1364,1514.79,85.05,33.60,35.83,0.4586,-1,-1,-1
143,1366,604.03,803.01,165.68,149.98,0.6926,-1,-1,-1
143,1369,311.30,697.84,121.19,161.91,0.8352,-1,-1,-1
143,1373,1311.72,12.14,20.30,19.70,0.4406,-1,-1,-1
143,1351,682.47,511.84,89.82,160.30,0.7947,-1,-1,-1
143,1380,610.86,385.29,54.01,126.76,0.4648,-1,-1,-1
143,1383,343.99,501.76,95.26,151.43,0.8145,-1,-1,-1
143,1387,532.86,517.90,71.30,145.17,0.8910,-1,-1,-1
143,1358,624.31,317.18,69.43,108.87,0.7246,-1,-1,-1
143,1400,150.01,579.74,112.63,174.62,0.9264,-1,-1,-1
143,1363,1089.30,98.77,39.57,68.82,0.8240,-1,-1,-1
143,1403,53.88,670.04,124.57,188.27,0.8946,-1,-1,-1
143,1398,220.10,804.65,140.51,181.12,0.9018,-1,-1,-1
143,1362,1050.77,100.00,40.85,72.32,0.8527,-1,-1,-1
143,1395,60.98,745.78,179.31,241.49,0.9146,-1,-1,-1
143,1406,590.86,519.59,83.16,165.65,0.8992,-1,-1,-1
143,1374,302.54,613.31,114.06,165.34,0.9060,-1,-1,-1
143,1408,220.56,891.95,138.34,94.43,0.1968,-1,-1,-1
143,1405,953.40,162.36,50.18,83.64,0.7825,-1,-1,-1
144,1345,384.62,423.20,82.85,138.96,0.8974,-1,-1,-1
144,1346,672.84,817.54,178.73,141.40,0.9664,-1,-1,-1
144,1348,889.46,242.20,53.21,100.04,0.8208,-1,-1,-1
144,1349,388.01,151.77,51.70,82.36,0.8286,-1,-1,-1
144,1352,464.01,379.47,74.91,119.85,0.9051,-1,-1,-1
144,1354,930.34,179.81,53.51,95.57,0.8308,-1,-1,-1
144,1355,847.28,241.08,48.58,94.42,0.8707,-1,-1,-1
144,1357,630.72,449.34,75.52,136.93,0.5655,-1,-1,-1
144,1359,1137.56,63.42,35.68,59.61,0.8244,-1,-1,-1
144,1360,650.79,397.62,71.89,115.83,0.5660,-1,-1,-1
144,1361,797.67,268.66,61.72,102.14,0.8764,-1,-1,-1
144,1364,1514.68,84.43,34.26,36.51,0.4678,-1,-1,-1
144,1366,593.82,802.61,158.91,150.57,0.8649,-1,-1,-1
144,1369,313.46,699.99,121.31,159.52,0.8513,-1,-1,-1
144,1373,1311.64,11.90,20.53,19.78,0.5106,-1,-1,-1
144,1351,686.62,512.85,88.40,155.87,0.8005,-1,-1,-1
144,1380,612.64,383.84,52.92,126.20,0.5668,-1,-1,-1
144,1383,347.19,501.76,94.54,150.96,0.8248,-1,-1,-1
144,1387,534.16,517.33,70.94,145.07,0.8751,-1,-1,-1
144,1358,626.61,316.94,68.99,108.06,0.7398,-1,-1,-1
144,1400,154.01,578.41,111.44,172.40,0.9160,-1,-1,-1
144,1363,1090.82,99.07,39.05,68.35,0.7901,-1,-1,-1
144,1403,57.14,669.24,125.30,187.32,0.8964,-1,-1,-1
144,1398,221.22,804.97,141.16,180.64,0.8919,-1,-1,-1
144,1362,1051.06,99.93,40.99,72.14,0.8162,-1,-1,-1
144,1395,63.52,746.91,176.69,240.30,0.9005,-1,-1,-1
144,1406,591.52,519.78,84.09,164.41,0.8995,-1,-1,-1
144,1374,303.71,612.21,114.89,165.93,0.8811,-1,-1,-1
144,1408,214.31,882.67,151.62,104.02,0.2317,-1,-1,-1
144,1405,954.55,161.92,49.34,83.22,0.8148,-1,-1,-1
144,1412,628.56,879.42,74.29,73.76,0.5579,-1,-1,-1
145,1345,390.12,422.71,82.73,138.17,0.8790,-1,-1,-1
145,1346,673.71,818.89,177.82,140.33,0.9577,-1,-1,-1
145,1348,890.90,241.23,53.12,99.80,0.8192,-1,-1,-1
145,1349,389.97,150.25,51.49,81.76,0.8506,-1,-1,-1
145,1352,467.04,378.10,74.52,119.16,0.8917,-1,-1,-1
145,1354,930.79,178.82,53.60,96.28,0.8062,-1,-1,-1
145,1355,847.61,239.83,48.86,95.45,0.8722,-1,-1,-1
145,1357,633.13,452.70,73.17,133.79,0.7522,-1,-1,-1
145,1359,1138.58,63.15,35.91,59.87,0.8403,-1,-1,-1
145,1360,654.79,394.51,73.77,119.61,0.5716,-1,-1,-1
145,1361,799.72,270.23,60.63,100.58,0.8734,-1,-1,-1
145,1364,1515.47,84.59,33.56,35.86,0.4723,-1,-1,-1
145,1366,592.08,801.39,154.02,152.33,0.8243,-1,-1,-1
145,1369,318.38,705.34,119.16,154.61,0.8994,-1,-1,-1
145,1373,1311.82,11.67,20.69,19.87,0.5932,-1,-1,-1
145,1351,688.77,513.46,87.95,153.62,0.7659,-1,-1,-1
145,1380,616.89,378.91,53.70,128.76,0.4922,-1,-1,-1
145,1383,350.64,499.96,94.37,151.05,0.8409,-1,-1,-1
145,1387,535.90,517.92,70.03,144.54,0.8749,-1,-1,-1
145,1358,627.81,317.20,68.31,106.91,0.7187,-1,-1,-1
145,1400,160.20,577.00,109.66,169.48,0.9031,-1,-1,-1
145,1363,1091.20,98.09,39.64,70.02,0.8149,-1,-1,-1
145,1403,63.67,667.44,124.25,185.05,0.8923,-1,-1,-1
145,1398,222.85,804.37,141.92,180.84,0.8811,-1,-1,-1
145,1362,1050.96,99.37,41.19,72.24,0.8358,-1,-1,-1
145,1395,67.97,754.78,169.96,232.32,0.9113,-1,-1,-1
145,1406,592.36,519.06,86.02,164.91,0.8741,-1,-1,-1
145,1374,305.69,611.38,115.55,166.22,0.9102,-1,-1,-1
145,1408,219.03,886.25,146.18,100.09,0.3499,-1,-1,-1
145,1405,955.71,161.39,48.40,82.36,0.8247,-1,-1,-1
145,1412,628.27,879.16,75.76,75.07,0.5292,-1,-1,-1
146,1345,392.89,421.72,82.80,138.15,0.8823,-1,-1,-1
146,1346,674.52,820.23,177.01,139.40,0.9567,-1,-1,-1
146,1348,891.84,240.92,52.89,99.52,0.8278,-1,-1,-1
146,1349,391.81,150.84,50.85,80.49,0.8426,-1,-1,-1
146,1352,468.74,377.76,74.90,120.02,0.8858,-1,-1,-1
146,1354,931.45,178.72,53.27,96.18,0.8088,-1,-1,-1
146,1355,848.23,239.03,49.00,96.27,0.8721,-1,-1,-1
146,1357,634.97,451.70,72.88,134.32,0.8142,-1,-1,-1
146,1359,1139.59,63.88,35.69,59.07,0.8294,-1,-1,-1
146,1360,656.35,398.47,71.59,115.86,0.5329,-1,-1,-1
146,1361,801.31,270.07,60.29,99.79,0.8725,-1,-1,-1
146,1364,1515.78,84.48,33.61,36.04,0.4805,-1,-1,-1
146,1366,598.68,800.39,150.92,153.43,0.8209,-1,-1,-1
146,1369,321.64,706.54,118.84,151.70,0.8887,-1,-1,-1
146,1373,1311.79,11.52,21.27,20.47,0.5871,-1,-1,-1
146,1351,695.59,508.43,88.94,154.65,0.7862,-1,-1,-1
146,1380,619.74,376.31,53.58,128.88,0.2759,-1,-1,-1
146,1383,353.09,498.85,94.37,151.41,0.8355,-1,-1,-1
146,1387,537.59,519.07,69.44,143.80,0.8848,-1,-1,-1
146,1358,628.98,316.63,68.52,106.85,0.7021,-1,-1,-1
146,1400,163.43,575.86,109.58,169.26,0.9115,-1,-1,-1
146,1363,1092.10,97.25,39.67,70.29,0.7558,-1,-1,-1
146,1403,69.03,667.54,122.88,182.32,0.8792,-1,-1,-1
146,1398,224.22,804.06,142.63,180.81,0.8721,-1,-1,-1
146,1362,1051.22,99.05,41.73,73.32,0.8026,-1,-1,-1
146,1395,66.68,748.31,173.13,239.05,0.9035,-1,-1,-1
146,1406,592.51,518.49,87.55,164.97,0.9028,-1,-1,-1
146,1374,307.25,614.29,118.93,171.27,0.8876,-1,-1,-1
146,1408,216.31,880.69,153.44,105.65,0.4906,-1,-1,-1
146,1405,956.52,160.84,47.84,82.02,0.8045,-1,-1,-1
146,1412,620.76,864.85,90.59,90.02,0.5064,-1,-1,-1
147,1345,396.08,421.36,83.40,138.93,0.8950,-1,-1,-1
147,1346,673.80,820.67,177.87,139.87,0.9544,-1,-1,-1
147,1348,893.75,240.75,51.83,97.33,0.8161,-1,-1,-1
147,1349,394.70,150.84,50.99,80.43,0.8618,-1,-1,-1
147,1352,470.41,376.68,75.09,121.04,0.8754,-1,-1,-1
147,1354,931.94,176.94,53.75,97.85,0.8048,-1,-1,-1
147,1355,849.96,239.61,48.66,95.43,0.8885,-1,-1,-1
147,1357,636.94,453.80,72.08,133.21,0.8549,-1,-1,-1
147,1359,1139.54,62.23,36.56,60.39,0.8374,-1,-1,-1
147,1360,659.13,402.51,70.30,113.04,0.5308,-1,-1,-1
147,1361,802.54,269.93,60.49,100.49,0.8596,-1,-1,-1
147,1364,1515.85,84.04,33.91,36.67,0.4181,-1,-1,-1
147,1366,611.79,799.26,152.20,155.40,0.7576,-1,-1,-1
147,1369,323.48,707.52,119.24,149.77,0.8856,-1,-1,-1
147,1373,1312.51,11.76,20.93,20.18,0.3873,-1,-1,-1
147,1351,702.54,508.94,87.09,150.92,0.8368,-1,-1,-1
147,1380,624.80,372.72,52.22,125.12,0.2472,-1,-1,-1
147,1383,356.07,498.46,93.82,150.84,0.8541,-1,-1,-1
147,1387,539.22,519.78,68.94,143.37,0.8794,-1,-1,-1
147,1358,629.19,315.94,69.59,108.05,0.7638,-1,-1,-1
147,1400,168.10,574.95,109.54,169.00,0.9215,-1,-1,-1
147,1363,1093.69,97.01,39.50,70.21,0.8388,-1,-1,-1
147,1403,74.82,667.00,121.11,179.19,0.9051,-1,-1,-1
147,1398,226.26,803.71,143.15,180.88,0.8776,-1,-1,-1
147,1362,1051.85,98.77,41.47,72.72,0.7804,-1,-1,-1
147,1395,65.06,736.33,179.13,250.62,0.9067,-1,-1,-1
147,1406,594.02,519.03,87.70,162.90,0.8918,-1,-1,-1
147,1374,307.80,614.38,121.83,175.96,0.8864,-1,-1,-1
147,1408,222.78,885.63,146.40,100.42,0.1719,-1,-1,-1
147,1405,956.59,160.26,48.59,84.03,0.7585,-1,-1,-1
147,1412,625.87,876.17,80.40,79.27,0.1369,-1,-1,-1
148,1345,398.31,420.47,83.41,138.87,0.8953,-1,-1,-1
148,1346,676.34,825.36,173.63,135.59,0.9596,-1,-1,-1
148,1348,895.12,240.82,51.21,96.12,0.7798,-1,-1,-1
148,1349,396.99,150.58,50.59,79.51,0.8892,-1,-1,-1
148,1352,472.76,376.32,74.60,120.49,0.8731,-1,-1,-1
148,1354,932.09,176.85,53.47,98.05,0.8176,-1,-1,-1
148,1355,851.59,238.79,49.00,96.29,0.8844,-1,-1,-1
148,1357,639.05,450.23,73.69,136.78,0.8003,-1,-1,-1
148,1359,1140.90,62.57,36.69,60.17,0.8546,-1,-1,-1
148,1360,660.04,403.87,69.91,111.40,0.6919,-1,-1,-1
148,1361,803.33,269.63,60.05,99.87,0.8800,-1,-1,-1
148,1364,1516.22,84.09,33.58,36.53,0.4512,-1,-1,-1
148,1366,608.19,797.74,150.80,157.53,0.8135,-1,-1,-1
148,1369,324.44,707.30,120.83,149.56,0.8754,-1,-1,-1
148,1373,1312.91,12.09,20.76,20.05,0.4779,-1,-1,-1
148,1351,707.09,508.94,85.04,146.82,0.8389,-1,-1,-1
148,1380,626.67,366.42,55.32,133.40,0.4896,-1,-1,-1
148,1383,358.38,498.04,93.99,151.04,0.8544,-1,-1,-1
148,1387,539.85,519.38,68.71,143.31,0.8728,-1,-1,-1
148,1358,629.49,315.17,70.17,108.70,0.7527,-1,-1,-1
148,1400,171.16,574.31,110.04,169.32,0.9170,-1,-1,-1
148,1363,1095.14,96.97,39.13,69.77,0.8445,-1,-1,-1
148,1403,76.72,667.29,121.88,179.82,0.9043,-1,-1,-1
148,1398,227.60,802.53,144.18,181.55,0.8145,-1,-1,-1
148,1362,1052.56,98.75,40.87,71.37,0.8007,-1,-1,-1
148,1395,66.42,734.91,178.36,252.37,0.8971,-1,-1,-1
148,1406,594.13,518.01,89.45,163.96,0.8395,-1,-1,-1
148,1374,310.09,613.93,122.58,177.20,0.8891,-1,-1,-1
148,1408,219.85,879.04,154.85,107.02,0.4066,-1,-1,-1
148,1405,957.71,160.67,47.65,82.92,0.7948,-1,-1,-1
148,1412,612.84,848.76,107.81,107.55,0.4382,-1,-1,-1
149,1345,403.10,419.50,82.44,137.17,0.8750,-1,-1,-1
149,1346,675.92,823.67,176.57,137.62,0.9562,-1,-1,-1
149,1348,896.37,240.52,51.47,96.54,0.7957,-1,-1,-1
149,1349,399.47,151.12,50.14,78.46,0.8745,-1,-1,-1
149,1352,474.32,374.82,74.44,120.92,0.8665,-1,-1,-1
149,1354,932.85,176.87,53.30,98.36,0.8169,-1,-1,-1
149,1355,852.09,238.25,49.23,96.68,0.8549,-1,-1,-1
149,1357,641.47,450.54,73.69,136.10,0.8282,-1,-1,-1
149,1359,1141.60,62.67,37.13,60.34,0.8615,-1,-1,-1
149,1360,656.68,397.95,71.97,114.88,0.6413,-1,-1,-1
149,1361,803.24,269.04,60.46,100.97,0.8827,-1,-1,-1
149,1364,1516.27,83.85,33.42,36.62,0.4354,-1,-1,-1
149,1366,606.19,799.11,145.58,156.12,0.7825,-1,-1,-1
149,1369,326.12,705.77,123.30,151.40,0.8491,-1,-1,-1
149,1373,1313.37,12.27,19.97,19.34,0.4252,-1,-1,-1
149,1351,710.66,503.57,85.33,147.53,0.7752,-1,-1,-1
149,1380,630.72,369.80,54.57,131.38,0.3946,-1,-1,-1
149,1383,360.97,498.31,94.15,151.47,0.8412,-1,-1,-1
149,1387,541.54,520.33,68.34,142.75,0.8911,-1,-1,-1
149,1358,629.21,315.00,70.84,110.26,0.7810,-1,-1,-1
149,1400,176.29,573.46,109.37,167.94,0.9207,-1,-1,-1
149,1363,1095.92,96.49,39.04,69.78,0.8542,-1,-1,-1
149,1403,80.04,667.39,122.34,180.17,0.8474,-1,-1,-1
149,1398,228.63,801.55,145.39,182.48,0.8704,-1,-1,-1
149,1362,1052.75,99.10,40.53,70.68,0.8303,-1,-1,-1
149,1395,71.72,744.70,170.61,242.42,0.9067,-1,-1,-1
149,1406,594.82,517.58,90.59,164.48,0.8680,-1,-1,-1
149,1374,315.58,612.27,119.27,172.08,0.9108,-1,-1,-1
149,1408,224.97,882.80,148.67,102.48,0.2269,-1,-1,-1
149,1405,959.05,160.94,46.91,81.83,0.7911,-1,-1,-1
149,1412,619.75,861.27,95.75,95.16,0.5044,-1,-1,-1
150,1345,405.09,418.22,82.32,137.38,0.8732,-1,-1,-1
150,1346,675.38,822.21,179.19,139.50,0.9546,-1,-1,-1
150,1348,897.64,240.19,51.25,95.77,0.8040,-1,-1,-1
150,1349,401.34,151.44,50.13,78.11,0.8833,-1,-1,-1
150,1352,476.38,374.20,73.82,120.46,0.8517,-1,-1,-1
150,1354,933.71,178.26,52.55,97.43,0.8288,-1,-1,-1
150,1355,853.13,238.41,49.24,96.42,0.8571,-1,-1,-1
150,1357,643.00,453.88,73.44,134.84,0.8302,-1,-1,-1
150,1359,1142.25,62.58,37.11,60.25,0.8568,-1,-1,-1
150,1360,658.28,392.75,75.13,121.04,0.5734,-1,-1,-1
150,1361,804.24,268.16,60.07,100.24,0.8831,-1,-1,-1
150,1364,1516.86,83.85,33.18,36.55,0.5051,-1,-1,-1
150,1366,609.78,800.01,142.81,155.78,0.6860,-1,-1,-1
150,1369,328.05,704.51,125.68,153.40,0.8879,-1,-1,-1
150,1373,1313.49,12.53,20.47,19.89,0.3393,-1,-1,-1
150,1351,714.08,493.12,89.07,154.25,0.7886,-1,-1,-1
150,1380,633.25,377.48,51.60,124.02,0.5192,-1,-1,-1
150,1383,363.27,497.57,93.88,151.58,0.8443,-1,-1,-1
150,1387,542.93,519.31,68.37,143.09,0.8715,-1,-1,-1
150,1358,630.06,314.73,70.77,110.57,0.7663,-1,-1,-1
150,1400,180.09,573.04,109.75,167.90,0.9065,-1,-1,-1
150,1363,1096.42,95.21,39.54,70.87,0.8778,-1,-1,-1
150,1403,85.39,666.17,122.02,180.30,0.8524,-1,-1,-1
150,1398,229.56,801.12,145.68,182.21,0.8573,-1,-1,-1
150,1362,1052.24,99.32,41.29,71.83,0.8131,-1,-1,-1
150,1395,72.77,741.94,171.03,245.02,0.8983,-1,-1,-1
150,1406,596.04,517.15,90.92,163.45,0.8601,-1,-1,-1
150,1374,319.64,611.68,117.51,169.59,0.8944,-1,-1,-1
150,1408,229.01,886.11,143.10,98.03,0.3250,-1,-1,-1
150,1405,959.84,160.61,47.04,82.33,0.8104,-1,-1,-1
150,1412,628.77,881.63,77.22,75.22,0.5043,-1,-1,-1
151,1345,408.08,417.64,82.66,138.15,0.8986,-1,-1,-1
151,1346,676.99,827.53,174.57,135.29,0.9557,-1,-1,-1
151,1348,897.88,239.85,51.61,96.20,0.7879,-1,-1,-1
151,1349,402.99,151.08,49.77,77.12,0.8771,-1,-1,-1
151,1352,480.08,373.78,73.94,120.24,0.8871,-1,-1,-1
151,1354,933.69,178.05,52.34,97.60,0.8147,-1,-1,-1
151,1355,853.95,237.90,49.61,96.98,0.8488,-1,-1,-1
151,1357,644.08,453.94,74.34,135.44,0.8299,-1,-1,-1
151,1359,1143.58,63.58,36.35,58.58,0.8500,-1,-1,-1
151,1360,645.30,373.97,85.35,137.54,0.5884,-1,-1,-1
151,1361,804.63,267.00,60.38,100.75,0.8995,-1,-1,-1
151,1364,1517.18,84.16,32.67,36.04,0.5012,-1,-1,-1
151,1366,609.21,801.25,138.87,154.88,0.7791,-1,-1,-1
151,1369,328.82,701.55,128.87,156.76,0.9076,-1,-1,-1
151,1373,1313.40,12.65,20.54,20.03,0.3773,-1,-1,-1
151,1351,718.75,486.88,90.75,158.10,0.7667,-1,-1,-1
151,1380,634.67,380.21,50.61,122.65,0.3349,-1,-1,-1
151,1383,366.14,496.75,93.50,151.24,0.8596,-1,-1,-1
151,1387,543.78,517.68,68.51,143.74,0.8545,-1,-1,-1
151,1358,632.23,314.52,70.95,111.29,0.7588,-1,-1,-1
151,1400,183.73,571.04,109.90,167.91,0.8894,-1,-1,-1
151,1363,1097.15,95.85,39.64,71.34,0.8770,-1,-1,-1
151,1403,88.74,665.26,121.91,179.64,0.8723,-1,-1,-1
151,1398,230.52,799.37,146.54,183.02,0.7508,-1,-1,-1
151,1362,1052.59,99.01,41.89,72.82,0.8161,-1,-1,-1
151,1395,74.86,743.75,168.58,243.09,0.8918,-1,-1,-1
151,1406,596.13,517.60,91.70,163.45,0.8566,-1,-1,-1
151,1374,324.28,608.51,116.19,167.54,0.8718,-1,-1,-1
151,1408,227.93,882.77,147.59,101.23,0.4359,-1,-1,-1
151,1405,960.84,160.46,46.67,82.04,0.8012,-1,-1,-1
151,1412,625.36,874.27,85.17,82.95,0.5408,-1,-1,-1
152,1345,411.44,418.32,81.45,136.28,0.9101,-1,-1,-1
152,1346,677.04,829.14,174.59,134.87,0.9512,-1,-1,-1
152,1348,898.72,238.52,51.79,96.65,0.8393,-1,-1,-1
152,1349,404.65,150.27,50.49,78.13,0.8823,-1,-1,-1
152,1352,482.18,373.23,73.28,119.18,0.8930,-1,-1,-1
152,1354,934.65,178.22,52.19,97.31,0.8330,-1,-1,-1
152,1355,855.41,237.96,49.20,96.39,0.8826,-1,-1,-1
152,1357,645.15,448.52,77.79,140.89,0.7917,-1,-1,-1
152,1359,1144.29,63.53,36.66,58.79,0.8494,-1,-1,-1
152,1360,640.41,368.00,87.36,141.07,0.6040,-1,-1,-1
152,1361,805.50,266.45,60.41,100.79,0.9094,-1,-1,-1
152,1364,1517.73,84.27,32.38,35.68,0.5222,-1,-1,-1
152,1366,619.29,801.11,139.58,155.34,0.7142,-1,-1,-1
152,1369,329.61,698.75,131.12,159.65,0.9077,-1,-1,-1
152,1373,1313.87,13.11,20.38,19.78,0.3144,-1,-1,-1
152,1351,721.42,489.02,89.69,155.42,0.7681,-1,-1,-1
152,1380,637.72,379.30,51.20,123.86,0.5493,-1,-1,-1
152,1383,368.65,496.90,92.61,150.14,0.8612,-1,-1,-1
152,1387,545.25,517.76,68.08,143.27,0.8795,-1,-1,-1
152,1358,633.83,313.06,72.05,113.61,0.7734,-1,-1,-1
152,1400,187.67,569.96,109.37,166.74,0.8995,-1,-1,-1
152,1363,1097.72,94.74,39.99,72.15,0.8845,-1,-1,-1
152,1403,95.05,664.93,120.57,178.39,0.8836,-1,-1,-1
152,1398,231.68,799.68,146.53,182.50,0.8642,-1,-1,-1
152,1362,1052.99,98.91,42.06,73.06,0.8393,-1,-1,-1
152,1395,82.07,764.09,155.78,223.08,0.9127,-1,-1,-1
152,1406,596.22,517.56,92.49,163.32,0.8879,-1,-1,-1
152,1374,327.87,607.36,115.54,166.78,0.8591,-1,-1,-1
152,1408,231.90,885.96,142.44,97.04,0.4313,-1,-1,-1
152,1405,962.05,159.76,47.21,83.25,0.8271,-1,-1,-1
152,1412,631.48,889.42,71.77,67.95,0.4348,-1,-1,-1
153,1345,415.75,417.71,81.57,135.94,0.8721,-1,-1,-1
153,1346,675.78,830.21,175.60,135.50,0.9549,-1,-1,-1
153,1348,900.04,238.62,50.73,94.62,0.8750,-1,-1,-1
153,1349,406.71,149.54,51.51,79.58,0.9000,-1,-1,-1
153,1352,483.61,372.69,73.18,119.12,0.8967,-1,-1,-1
153,1354,935.81,178.83,51.86,96.71,0.8231,-1,-1,-1
153,1355,856.90,237.91,48.92,95.70,0.8965,-1,-1,-1
153,1357,649.59,449.43,78.36,139.52,0.7904,-1,-1,-1
153,1359,1145.18,63.20,36.98,59.02,0.8694,-1,-1,-1
153,1360,641.36,367.97,86.28,138.62,0.7842,-1,-1,-1
153,1361,806.28,265.45,60.61,100.86,0.9167,-1,-1,-1
153,1364,1517.81,84.17,32.43,35.65,0.5077,-1,-1,-1
153,1366,613.67,802.02,136.48,154.99,0.8106,-1,-1,-1
153,1369,330.86,695.87,133.26,162.54,0.8823,-1,-1,-1
153,1373,1313.63,13.10,20.93,20.33,0.3760,-1,-1,-1
153,1351,727.28,488.18,84.73,147.74,0.7855,-1,-1,-1
153,1383,371.93,495.69,93.10,150.71,0.8444,-1,-1,-1
153,1387,546.16,517.49,67.83,142.58,0.8874,-1,-1,-1
153,1358,636.53,312.64,70.71,112.02,0.7791,-1,-1,-1
153,1400,190.93,567.59,110.16,167.92,0.9151,-1,-1,-1
153,1363,1098.76,93.56,40.15,72.83,0.9031,-1,-1,-1
153,1403,101.09,664.21,119.15,176.23,0.8803,-1,-1,-1
153,1398,232.03,799.95,147.12,182.60,0.9003,-1,-1,-1
153,1362,1054.72,100.53,40.64,70.69,0.8409,-1,-1,-1
153,1395,76.45,739.85,170.44,246.74,0.8852,-1,-1,-1
153,1406,596.67,517.62,92.80,162.49,0.8532,-1,-1,-1
153,1374,332.98,606.54,115.11,166.30,0.8463,-1,-1,-1
153,1405,964.76,159.71,46.71,82.03,0.8574,-1,-1,-1
153,1412,629.29,883.65,79.22,74.42,0.4757,-1,-1,-1
154,1345,419.01,415.92,83.57,138.33,0.8976,-1,-1,-1
154,1346,677.88,834.69,174.12,133.65,0.9406,-1,-1,-1
154,1348,900.59,236.96,51.06,94.85,0.8437,-1,-1,-1
154,1349,408.87,148.66,51.24,79.08,0.8978,-1,-1,-1
154,1352,486.39,371.93,73.60,119.15,0.8991,-1,-1,-1
154,1354,936.27,178.61,51.91,96.85,0.8075,-1,-1,-1
154,1355,857.91,237.43,49.04,95.34,0.8870,-1,-1,-1
154,1357,651.81,452.33,77.44,136.35,0.7742,-1,-1,-1
154,1359,1146.29,64.35,36.51,57.76,0.8441,-1,-1,-1
154,1360,643.00,368.40,85.67,136.53,0.7254,-1,-1,-1
154,1361,806.45,264.61,60.99,101.17,0.8977,-1,-1,-1
154,1364,1517.72,83.60,32.65,35.81,0.5181,-1,-1,-1
154,1366,629.55,801.91,140.14,155.60,0.7499,-1,-1,-1
154,1369,330.31,689.38,137.59,168.47,0.8600,-1,-1,-1
154,1373,1313.65,12.97,21.12,20.54,0.3650,-1,-1,-1
154,1351,725.46,487.19,86.43,148.55,0.7908,-1,-1,-1
154,1383,374.28,494.71,94.00,152.17,0.8365,-1,-1,-1
154,1387,547.10,516.18,67.77,142.53,0.8708,-1,-1,-1
154,1358,637.00,312.24,70.98,113.25,0.7367,-1,-1,-1
154,1400,194.07,565.78,110.56,168.70,0.9174,-1,-1,-1
154,1363,1099.99,92.92,39.78,72.56,0.8838,-1,-1,-1
154,1403,98.15,664.23,120.78,176.95,0.8885,-1,-1,-1
154,1398,232.87,799.82,147.30,182.44,0.9169,-1,-1,-1
154,1362,1055.15,99.75,40.70,71.09,0.8263,-1,-1,-1
154,1395,75.34,730.72,174.52,255.42,0.9030,-1,-1,-1
154,1406,596.45,517.12,93.59,162.79,0.8557,-1,-1,-1
154,1374,336.50,604.00,114.75,165.94,0.8598,-1,-1,-1
154,1405,966.13,158.93,46.61,81.43,0.8340,-1,-1,-1
154,1412,622.30,868.05,95.40,90.49,0.3785,-1,-1,-1
154,1414,1.91,805.23,27.02,272.26,0.5384,-1,-1,-1
155,1345,422.83,415.98,82.65,136.43,0.8729,-1,-1,-1
155,1346,676.56,833.56,177.54,136.12,0.9359,-1,-1,-1
155,1348,901.85,236.17,50.83,94.14,0.8473,-1,-1,-1
155,1349,411.44,147.39,51.09,78.96,0.8779,-1,-1,-1
155,1352,489.46,370.44,73.28,118.52,0.8992,-1,-1,-1
155,1354,936.17,177.80,52.16,97.47,0.8250,-1,-1,-1
155,1355,858.43,235.91,49.62,96.01,0.9032,-1,-1,-1
155,1357,654.17,453.37,78.24,135.79,0.8168,-1,-1,-1
155,1359,1146.63,63.21,37.15,58.47,0.8669,-1,-1,-1
155,1360,644.01,366.42,87.58,139.58,0.7912,-1,-1,-1
155,1361,807.46,264.42,60.96,101.19,0.9072,-1,-1,-1
155,1364,1517.58,82.87,32.79,35.87,0.5071,-1,-1,-1
155,1366,630.87,802.46,141.49,155.39,0.6936,-1,-1,-1
155,1369,323.76,662.12,156.13,195.39,0.8148,-1,-1,-1
155,1373,1313.44,11.80,21.91,21.47,0.3811,-1,-1,-1
155,1351,726.53,485.88,85.95,145.93,0.8078,-1,-1,-1
155,1383,376.33,494.17,93.41,151.36,0.8708,-1,-1,-1
155,1387,547.53,514.50,68.28,143.99,0.8640,-1,-1,-1
155,1358,637.52,310.86,70.76,113.74,0.7205,-1,-1,-1
155,1400,199.20,564.01,109.78,167.03,0.9394,-1,-1,-1
155,1363,1100.75,92.49,39.20,71.84,0.8695,-1,-1,-1
155,1403,107.61,663.68,115.73,169.58,0.8557,-1,-1,-1
155,1398,233.56,800.45,146.83,181.26,0.8656,-1,-1,-1
155,1362,1055.25,98.90,41.13,72.02,0.8384,-1,-1,-1
155,1395,77.83,729.16,173.66,256.03,0.8002,-1,-1,-1
155,1406,597.31,517.46,93.08,161.04,0.8810,-1,-1,-1
155,1374,341.92,603.72,113.38,164.79,0.7815,-1,-1,-1
155,1405,967.74,158.77,45.90,80.13,0.8495,-1,-1,-1
155,1412,613.30,848.78,113.46,110.11,0.4096,-1,-1,-1
155,1414,4.35,804.85,27.30,273.00,0.5132,-1,-1,-1
156,1345,425.44,416.23,82.45,135.49,0.8774,-1,-1,-1
156,1346,678.41,838.32,173.62,132.55,0.9497,-1,-1,-1
156,1348,902.81,235.26,50.94,94.08,0.8541,-1,-1,-1
156,1349,413.68,147.15,50.37,77.84,0.8641,-1,-1,-1
156,1352,491.02,368.93,74.08,120.02,0.9020,-1,-1,-1
156,1354,936.59,178.42,52.00,97.15,0.8337,-1,-1,-1
156,1355,858.40,235.28,50.33,97.09,0.8974,-1,-1,-1
156,1357,656.31,455.12,78.69,134.64,0.8094,-1,-1,-1
156,1359,1147.97,61.90,37.88,59.49,0.8689,-1,-1,-1
156,1360,646.51,368.75,87.85,139.73,0.8144,-1,-1,-1
156,1361,808.58,264.75,60.38,100.26,0.9105,-1,-1,-1
156,1364,1517.56,82.54,32.85,35.86,0.4736,-1,-1,-1
156,1366,619.43,804.22,138.33,154.32,0.8059,-1,-1,-1
156,1369,321.83,649.70,162.68,207.85,0.8208,-1,-1,-1
156,1373,1313.44,11.29,22.00,21.70,0.3521,-1,-1,-1
156,1351,732.35,482.92,86.77,146.89,0.7621,-1,-1,-1
156,1383,378.44,493.49,93.33,151.14,0.8908,-1,-1,-1
156,1387,547.78,513.10,68.85,145.58,0.8647,-1,-1,-1
156,1358,639.74,311.27,69.99,113.03,0.7351,-1,-1,-1
156,1400,203.23,562.60,109.79,166.70,0.9340,-1,-1,-1
156,1363,1101.60,92.34,38.94,71.41,0.8681,-1,-1,-1
156,1403,113.09,664.42,114.17,167.47,0.8773,-1,-1,-1
156,1398,234.19,800.54,146.95,180.97,0.9110,-1,-1,-1
156,1362,1055.28,98.29,41.50,72.90,0.8361,-1,-1,-1
156,1395,80.45,735.85,168.26,249.26,0.8871,-1,-1,-1
156,1406,600.35,519.77,91.93,157.58,0.8974,-1,-1,-1
156,1374,343.90,605.37,113.02,163.83,0.8193,-1,-1,-1
156,1405,969.52,158.84,45.26,78.81,0.8533,-1,-1,-1
156,1412,618.61,860.75,101.67,98.68,0.4956,-1,-1,-1
156,1414,5.75,799.56,28.17,278.30,0.5067,-1,-1,-1
157,1345,427.01,415.01,83.37,136.70,0.8849,-1,-1,-1
157,1346,676.71,838.43,175.07,133.64,0.9471,-1,-1,-1
157,1348,903.68,233.65,51.30,94.71,0.8196,-1,-1,-1
157,1349,415.30,147.86,49.65,76.68,0.8526,-1,-1,-1
157,1352,491.97,368.50,73.56,119.64,0.8906,-1,-1,-1
157,1354,937.15,179.17,50.86,94.76,0.8445,-1,-1,-1
157,1355,858.60,234.17,51.02,98.36,0.8839,-1,-1,-1
157,1357,657.58,459.53,77.62,130.57,0.7705,-1,-1,-1
157,1359,1148.72,60.89,38.83,60.79,0.8512,-1,-1,-1
157,1360,657.96,379.34,82.23,131.57,0.6616,-1,-1,-1
157,1361,809.59,264.77,59.95,99.69,0.9054,-1,-1,-1
157,1364,1517.36,82.37,32.98,35.97,0.5015,-1,-1,-1
157,1366,620.64,808.30,135.08,150.99,0.7257,-1,-1,-1
157,1369,320.84,634.82,170.48,223.35,0.8797,-1,-1,-1
157,1373,1313.06,10.87,22.28,22.13,0.4273,-1,-1,-1
157,1351,742.33,480.88,86.55,147.74,0.8217,-1,-1,-1
157,1383,379.72,492.32,93.29,151.50,0.8722,-1,-1,-1
157,1387,549.51,512.93,68.88,145.26,0.8879,-1,-1,-1
157,1358,640.46,310.15,69.66,113.13,0.7521,-1,-1,-1
157,1400,208.40,561.45,108.63,164.84,0.9230,-1,-1,-1
157,1363,1101.20,92.73,38.62,70.48,0.8748,-1,-1,-1
157,1403,116.65,664.39,112.62,165.16,0.8875,-1,-1,-1
157,1398,235.12,800.74,147.09,180.46,0.8864,-1,-1,-1
157,1362,1055.38,98.25,41.75,73.76,0.8154,-1,-1,-1
157,1395,80.15,729.78,170.92,255.14,0.8696,-1,-1,-1
157,1406,601.01,520.26,92.44,156.96,0.9033,-1,-1,-1
157,1374,347.62,606.17,112.00,161.96,0.8316,-1,-1,-1
157,1405,969.90,157.43,45.55,79.21,0.8450,-1,-1,-1
157,1412,617.03,856.40,105.77,103.74,0.4108,-1,-1,-1
157,1414,6.85,779.61,30.75,298.70,0.6118,-1,-1,-1
158,1345,429.33,415.23,82.79,135.73,0.8992,-1,-1,-1
158,1346,672.94,834.83,180.10,137.96,0.9557,-1,-1,-1
158,1348,904.78,232.51,50.99,94.00,0.8258,-1,-1,-1
158,1349,417.54,146.60,49.92,77.35,0.8430,-1,-1,-1
158,1352,493.64,368.21,73.75,120.23,0.8976,-1,-1,-1
158,1354,937.36,180.44,50.13,93.18,0.8342,-1,-1,-1
158,1355,859.74,233.48,51.32,98.72,0.8705,-1,-1,-1
158,1357,657.18,457.99,78.91,131.47,0.8004,-1,-1,-1
158,1359,1149.21,60.30,39.34,61.46,0.8611,-1,-1,-1
158,1360,660.78,380.47,81.87,131.43,0.6649,-1,-1,-1
158,1361,810.41,264.32,60.08,100.03,0.9081,-1,-1,-1
158,1364,1517.86,82.53,32.51,35.34,0.4544,-1,-1,-1
158,1366,624.02,807.05,138.26,153.63,0.5054,-1,-1,-1
158,1369,325.29,636.99,166.11,221.88,0.8953,-1,-1,-1
158,1373,1312.93,10.39,22.75,22.86,0.5183,-1,-1,-1
158,1351,747.76,477.26,86.58,149.09,0.8131,-1,-1,-1
158,1383,382.02,492.34,92.69,150.70,0.9060,-1,-1,-1
158,1387,550.17,513.09,68.90,145.03,0.9054,-1,-1,-1
158,1358,644.06,308.84,69.16,111.59,0.7952,-1,-1,-1
158,1400,210.97,558.70,109.42,165.91,0.9273,-1,-1,-1
158,1363,1101.41,92.62,38.83,70.71,0.8523,-1,-1,-1
158,1403,119.17,665.03,112.53,164.70,0.8866,-1,-1,-1
158,1398,236.34,800.78,147.47,180.47,0.9003,-1,-1,-1
158,1362,1055.68,98.25,41.82,73.87,0.8213,-1,-1,-1
158,1395,81.95,731.18,168.83,253.46,0.8389,-1,-1,-1
158,1406,601.86,520.83,92.57,155.57,0.8819,-1,-1,-1
158,1374,350.06,606.46,112.61,163.13,0.8340,-1,-1,-1
158,1405,970.77,156.82,45.58,79.11,0.8533,-1,-1,-1
158,1412,618.01,858.82,103.56,102.16,0.3304,-1,-1,-1
158,1414,7.99,766.84,32.83,311.57,0.3953,-1,-1,-1
159,1345,431.28,414.97,82.55,135.53,0.9003,-1,-1,-1
159,1346,670.30,831.62,184.95,142.66,0.9505,-1,-1,-1
159,1348,905.23,231.92,51.47,94.52,0.8449,-1,-1,-1
159,1349,419.55,145.60,50.24,78.10,0.8799,-1,-1,-1
159,1352,496.33,368.30,73.37,119.58,0.9019,-1,-1,-1
159,1354,937.81,180.76,50.11,92.68,0.8513,-1,-1,-1
159,1355,860.46,234.11,50.86,97.60,0.8727,-1,-1,-1
159,1357,656.90,457.24,80.19,132.24,0.7887,-1,-1,-1
159,1359,1149.58,60.02,39.37,61.52,0.8743,-1,-1,-1
159,1360,663.54,382.35,80.92,129.41,0.6365,-1,-1,-1
159,1361,811.56,264.24,60.31,100.45,0.9069,-1,-1,-1
159,1364,1517.94,82.75,32.20,34.82,0.4832,-1,-1,-1
159,1366,625.17,814.31,134.01,147.83,0.6627,-1,-1,-1
159,1369,329.28,639.25,162.16,220.08,0.9032,-1,-1,-1
159,1373,1313.15,10.50,22.27,22.55,0.5252,-1,-1,-1
159,1351,751.41,473.46,83.46,145.11,0.7408,-1,-1,-1
159,1383,385.13,492.11,91.84,148.92,0.8873,-1,-1,-1
159,1387,551.81,512.25,69.68,145.70,0.8986,-1,-1,-1
159,1358,646.19,308.07,69.60,111.70,0.7437,-1,-1,-1
159,1400,214.78,556.90,109.66,166.08,0.9099,-1,-1,-1
159,1363,1101.15,91.68,39.20,71.35,0.8242,-1,-1,-1
159,1403,120.49,665.88,113.00,164.17,0.8858,-1,-1,-1
159,1398,236.01,800.51,147.92,180.64,0.8820,-1,-1,-1
159,1362,1055.81,97.75,42.08,74.32,0.8005,-1,-1,-1
159,1395,82.00,725.97,170.95,258.77,0.8114,-1,-1,-1
159,1406,603.40,520.83,93.22,155.32,0.9045,-1,-1,-1
159,1374,350.87,603.55,115.71,167.87,0.8023,-1,-1,-1
159,1405,971.60,156.00,46.30,80.08,0.8530,-1,-1,-1
159,1412,609.26,841.66,119.38,120.82,0.3292,-1,-1,-1
159,1414,8.75,761.70,34.28,316.24,0.3042,-1,-1,-1
160,1345,434.72,415.21,82.52,135.02,0.9015,-1,-1,-1
160,1346,668.38,828.40,188.44,146.39,0.9550,-1,-1,-1
160,1348,905.91,231.68,52.17,95.31,0.8324,-1,-1,-1
160,1349,421.60,146.23,49.48,76.79,0.8764,-1,-1,-1
160,1352,497.43,369.17,71.82,117.82,0.8994,-1,-1,-1
160,1354,937.99,180.72,50.65,93.14,0.8700,-1,-1,-1
160,1355,861.01,233.64,51.09,97.69,0.8775,-1,-1,-1
160,1357,656.23,457.20,80.30,131.17,0.7733,-1,-1,-1
160,1359,1150.16,60.09,39.42,61.66,0.8638,-1,-1,-1
160,1360,663.06,384.86,80.07,126.59,0.6507,-1,-1,-1
160,1361,812.31,264.16,60.57,100.92,0.9076,-1,-1,-1
160,1364,1518.16,82.76,32.44,35.01,0.4682,-1,-1,-1
160,1366,621.57,817.54,131.36,145.03,0.6872,-1,-1,-1
160,1369,333.06,642.62,157.34,216.48,0.9033,-1,-1,-1
160,1373,1313.66,10.54,21.98,22.38,0.5848,-1,-1,-1
160,1351,754.77,471.14,83.64,146.39,0.8269,-1,-1,-1
160,1383,387.27,492.42,91.13,147.58,0.8722,-1,-1,-1
160,1387,553.03,512.75,70.00,145.14,0.8939,-1,-1,-1
160,1358,646.91,307.79,70.37,112.75,0.7073,-1,-1,-1
160,1400,217.14,555.74,109.82,165.81,0.9009,-1,-1,-1
160,1363,1101.29,91.28,39.44,71.71,0.8333,-1,-1,-1
160,1403,122.04,666.97,113.48,164.06,0.9048,-1,-1,-1
160,1398,236.11,800.26,148.17,180.57,0.8842,-1,-1,-1
160,1362,1055.91,97.54,42.32,74.65,0.8066,-1,-1,-1
160,1395,85.25,732.95,166.24,252.14,0.7537,-1,-1,-1
160,1406,604.50,521.21,93.16,153.85,0.8726,-1,-1,-1
160,1374,349.48,602.12,120.08,174.57,0.8097,-1,-1,-1
160,1405,972.16,155.55,45.97,78.97,0.8422,-1,-1,-1
160,1412,608.04,840.62,118.61,122.64,0.3531,-1,-1,-1
160,1414,9.25,754.16,36.26,323.96,0.3924,-1,-1,-1
161,1345,437.14,414.46,83.23,135.22,0.8786,-1,-1,-1
161,1346,670.77,832.25,183.48,142.92,0.9593,-1,-1,-1
161,1348,906.72,231.72,51.97,94.37,0.8376,-1,-1,-1
161,1349,423.08,145.31,49.49,76.81,0.8736,-1,-1,-1
161,1352,501.65,368.95,71.26,117.25,0.8978,-1,-1,-1
161,1354,937.95,180.50,50.65,92.59,0.8738,-1,-1,-1
161,1355,861.89,233.39,51.04,97.28,0.8402,-1,-1,-1
161,1357,656.19,458.78,79.57,128.95,0.7629,-1,-1,-1
161,1359,1151.78,60.53,38.99,61.05,0.8573,-1,-1,-1
161,1360,668.24,388.76,77.74,122.60,0.5331,-1,-1,-1
161,1361,814.22,264.16,60.41,100.65,0.9035,-1,-1,-1
161,1364,1518.14,82.32,33.05,35.72,0.4853,-1,-1,-1
161,1366,619.08,817.59,131.41,145.27,0.8050,-1,-1,-1
161,1369,335.95,641.36,156.24,218.34,0.9021,-1,-1,-1
161,1373,1314.07,10.40,21.73,22.18,0.5174,-1,-1,-1
161,1351,757.87,468.66,82.76,145.96,0.7649,-1,-1,-1
161,1383,389.18,490.87,91.56,148.33,0.8679,-1,-1,-1
161,1387,555.09,511.88,70.74,144.78,0.8679,-1,-1,-1
161,1358,647.64,307.37,71.22,114.15,0.7520,-1,-1,-1
161,1400,219.05,553.62,110.86,167.18,0.9046,-1,-1,-1
161,1363,1100.56,90.24,39.77,72.09,0.8466,-1,-1,-1
161,1403,123.21,668.87,113.46,162.62,0.8987,-1,-1,-1
161,1398,236.83,798.88,148.80,181.31,0.8801,-1,-1,-1
161,1362,1056.21,97.45,41.73,73.35,0.8279,-1,-1,-1
161,1395,86.92,733.68,164.93,250.85,0.7989,-1,-1,-1
161,1406,603.95,521.12,93.51,153.73,0.8766,-1,-1,-1
161,1374,354.49,600.17,118.58,171.95,0.7648,-1,-1,-1
161,1405,973.15,155.07,46.41,79.59,0.8489,-1,-1,-1
161,1412,608.08,839.92,117.92,124.35,0.3120,-1,-1,-1
161,1414,9.37,754.50,37.32,322.10,0.3566,-1,-1,-1
162,1345,439.60,412.94,83.64,135.56,0.8818,-1,-1,-1
162,1346,674.41,836.91,178.20,138.83,0.9589,-1,-1,-1
162,1348,907.62,231.41,51.92,93.53,0.8368,-1,-1,-1
162,1349,424.38,144.85,49.55,76.93,0.8763,-1,-1,-1
162,1352,504.60,369.09,71.25,116.96,0.8931,-1,-1,-1
162,1354,938.10,180.39,50.84,92.28,0.8827,-1,-1,-1
162,1355,862.45,233.45,51.12,97.05,0.8431,-1,-1,-1
162,1357,655.04,458.71,79.34,127.94,0.6983,-1,-1,-1
162,1359,1152.56,60.52,38.95,61.01,0.8337,-1,-1,-1
162,1360,663.35,381.15,82.50,129.58,0.7335,-1,-1,-1
162,1361,815.87,264.22,60.36,100.21,0.9005,-1,-1,-1
162,1364,1518.22,82.28,33.04,35.73,0.4638,-1,-1,-1
162,1366,617.72,817.60,132.08,146.32,0.8023,-1,-1,-1
162,1369,337.21,637.28,156.80,222.76,0.8963,-1,-1,-1
162,1373,1314.31,10.43,21.41,21.89,0.5316,-1,-1,-1
162,1351,761.64,467.08,78.70,138.80,0.7870,-1,-1,-1
162,1383,390.27,489.90,91.88,148.97,0.8590,-1,-1,-1
162,1387,555.95,512.17,71.65,144.63,0.8564,-1,-1,-1
162,1358,649.95,307.78,70.50,112.67,0.7717,-1,-1,-1
162,1400,222.03,552.66,110.82,166.81,0.9169,-1,-1,-1
162,1363,1100.59,90.68,39.56,71.39,0.8394,-1,-1,-1
162,1403,126.43,670.40,113.46,160.99,0.9185,-1,-1,-1
162,1398,236.83,797.91,149.45,182.05,0.8772,-1,-1,-1
162,1362,1056.56,97.55,41.25,72.25,0.8387,-1,-1,-1
162,1395,88.58,735.55,163.31,249.14,0.7392,-1,-1,-1
162,1406,604.48,521.03,94.11,153.74,0.8685,-1,-1,-1
162,1374,359.28,601.70,116.61,168.05,0.7794,-1,-1,-1
162,1405,973.54,153.61,47.00,80.66,0.8567,-1,-1,-1
162,1412,610.91,845.77,112.24,119.95,0.3391,-1,-1,-1
162,1414,8.55,740.17,40.15,336.65,0.5327,-1,-1,-1
163,1345,443.33,412.87,82.92,134.08,0.8705,-1,-1,-1
163,1346,675.57,838.56,176.54,137.55,0.9578,-1,-1,-1
163,1348,908.30,230.87,51.95,93.09,0.8613,-1,-1,-1
163,1349,425.52,144.74,50.07,77.74,0.8498,-1,-1,-1
163,1352,508.12,368.25,71.75,117.31,0.9015,-1,-1,-1
163,1354,938.65,180.53,50.27,90.65,0.8754,-1,-1,-1
163,1355,864.15,234.65,50.05,94.25,0.8618,-1,-1,-1
163,1357,655.13,451.66,83.19,133.81,0.6842,-1,-1,-1
163,1359,1152.77,60.83,38.90,60.94,0.8409,-1,-1,-1
163,1360,663.01,376.91,84.88,133.34,0.7111,-1,-1,-1
163,1361,816.67,263.20,61.01,101.28,0.8986,-1,-1,-1
163,1364,1518.19,82.45,32.98,35.64,0.4665,-1,-1,-1
163,1366,615.86,817.74,131.96,146.95,0.8298,-1,-1,-1
163,1369,339.96,635.78,156.34,225.37,0.8991,-1,-1,-1
163,1373,1314.52,10.66,21.08,21.52,0.4900,-1,-1,-1
163,1351,766.66,466.42,75.79,133.59,0.7781,-1,-1,-1
163,1383,392.12,489.33,91.55,148.40,0.8374,-1,-1,-1
163,1387,556.40,512.32,71.79,143.44,0.8557,-1,-1,-1
163,1358,652.31,308.52,69.22,110.48,0.7856,-1,-1,-1
163,1400,225.87,550.61,111.02,167.43,0.9169,-1,-1,-1
163,1363,1099.75,89.56,40.25,72.40,0.8354,-1,-1,-1
163,1403,128.81,672.49,113.86,159.62,0.9093,-1,-1,-1
163,1398,237.39,796.42,150.50,183.59,0.8921,-1,-1,-1
163,1362,1056.77,97.59,41.26,71.96,0.8320,-1,-1,-1
163,1395,87.82,729.03,166.35,255.27,0.8444,-1,-1,-1
163,1406,606.39,521.22,94.59,153.39,0.8718,-1,-1,-1
163,1374,369.67,601.66,111.77,161.78,0.8429,-1,-1,-1
163,1405,974.36,153.12,47.03,80.87,0.8602,-1,-1,-1
163,1412,619.30,867.67,93.79,99.04,0.2090,-1,-1,-1
163,1414,8.86,734.40,42.29,342.80,0.6615,-1,-1,-1
164,1345,444.42,412.09,83.49,135.68,0.8735,-1,-1,-1
164,1346,676.27,841.68,173.32,134.55,0.9595,-1,-1,-1
164,1348,908.45,229.73,52.53,93.89,0.8405,-1,-1,-1
164,1349,426.90,144.19,50.01,77.48,0.8722,-1,-1,-1
164,1352,510.16,367.96,71.69,116.81,0.8966,-1,-1,-1
164,1354,939.01,180.08,50.83,91.60,0.8682,-1,-1,-1
164,1355,864.93,234.56,50.11,93.59,0.8464,-1,-1,-1
164,1357,654.85,448.62,84.92,136.45,0.7472,-1,-1,-1
164,1359,1153.30,60.88,38.70,60.67,0.8253,-1,-1,-1
164,1360,660.77,367.30,88.53,139.84,0.6025,-1,-1,-1
164,1361,817.27,263.34,60.56,100.40,0.8964,-1,-1,-1
164,1364,1518.36,82.58,32.66,35.25,0.4308,-1,-1,-1
164,1366,614.82,817.91,131.78,147.54,0.8504,-1,-1,-1
164,1369,341.86,633.92,155.92,227.91,0.9056,-1,-1,-1
164,1373,1314.55,10.49,20.98,21.43,0.5255,-1,-1,-1
164,1351,769.17,464.19,77.17,136.13,0.7840,-1,-1,-1
164,1383,393.13,486.74,92.30,150.04,0.8644,-1,-1,-1
164,1387,557.60,512.33,70.44,139.63,0.8945,-1,-1,-1
164,1358,653.68,308.80,68.89,110.10,0.8145,-1,-1,-1
164,1400,228.84,550.60,109.99,166.16,0.9019,-1,-1,-1
164,1363,1099.56,89.58,40.24,72.02,0.8246,-1,-1,-1
164,1403,131.56,673.27,114.58,159.43,0.9049,-1,-1,-1
164,1398,236.97,795.09,151.44,185.13,0.8621,-1,-1,-1
164,1362,1056.89,97.55,41.42,72.03,0.8277,-1,-1,-1
164,1395,90.18,731.53,164.91,253.33,0.7574,-1,-1,-1
164,1406,607.20,520.20,95.41,153.58,0.8522,-1,-1,-1
164,1374,377.09,602.08,109.76,159.70,0.8531,-1,-1,-1
164,1405,974.78,152.74,47.23,81.25,0.8652,-1,-1,-1
164,1412,625.20,884.79,79.79,82.19,0.2462,-1,-1,-1
164,1414,9.85,729.64,44.70,348.33,0.5932,-1,-1,-1
165,1345,445.72,412.05,83.04,136.23,0.8610,-1,-1,-1
165,1346,677.07,843.87,170.86,132.09,0.9631,-1,-1,-1
165,1348,909.28,229.32,52.02,92.81,0.8561,-1,-1,-1
165,1349,429.33,142.03,51.13,79.42,0.8637,-1,-1,-1
165,1352,510.95,364.90,72.21,118.29,0.8944,-1,-1,-1
165,1354,939.99,180.27,50.36,90.57,0.8551,-1,-1,-1
165,1355,864.67,234.87,50.56,93.84,0.8578,-1,-1,-1
165,1357,654.79,445.12,86.98,139.44,0.7875,-1,-1,-1
165,1359,1154.70,59.76,38.78,60.78,0.8437,-1,-1,-1
165,1360,662.52,360.92,91.68,145.18,0.7927,-1,-1,-1
165,1361,818.36,261.80,61.13,101.13,0.8835,-1,-1,-1
165,1364,1518.95,82.53,32.25,34.68,0.4204,-1,-1,-1
165,1366,614.52,817.00,131.93,148.46,0.8144,-1,-1,-1
165,1369,342.62,629.37,156.77,233.14,0.9022,-1,-1,-1
165,1373,1314.69,10.56,20.09,20.54,0.4498,-1,-1,-1
165,1351,771.20,459.64,80.29,142.15,0.7952,-1,-1,-1
165,1383,394.85,485.46,92.06,150.41,0.8701,-1,-1,-1
165,1387,557.92,512.28,70.79,139.73,0.8878,-1,-1,-1
165,1358,656.51,307.10,69.04,110.27,0.8484,-1,-1,-1
165,1400,230.48,547.54,110.79,167.89,0.9103,-1,-1,-1
165,1363,1099.45,89.35,40.18,71.35,0.8444,-1,-1,-1
165,1403,132.86,673.18,115.42,159.17,0.9060,-1,-1,-1
165,1398,238.00,794.63,150.59,184.30,0.9158,-1,-1,-1
165,1362,1057.42,97.78,40.77,70.65,0.8412,-1,-1,-1
165,1395,91.90,732.84,163.29,251.30,0.8842,-1,-1,-1
165,1406,608.12,519.47,96.39,153.94,0.8716,-1,-1,-1
165,1374,381.18,601.57,108.95,159.19,0.8694,-1,-1,-1
165,1405,976.87,152.75,46.69,80.06,0.8712,-1,-1,-1
165,1412,627.18,892.00,74.29,74.75,0.2407,-1,-1,-1
165,1414,12.08,732.24,46.80,346.33,0.6498,-1,-1,-1
166,1345,449.08,412.82,82.04,135.33,0.9026,-1,-1,-1
166,1346,674.88,841.21,174.40,134.81,0.9566,-1,-1,-1
166,1348,908.89,226.49,53.03,94.59,0.8447,-1,-1,-1
166,1349,430.83,141.73,51.20,79.52,0.8760,-1,-1,-1
166,1352,513.03,364.96,72.08,117.65,0.8840,-1,-1,-1
166,1354,941.04,179.69,50.10,89.86,0.8505,-1,-1,-1
166,1355,864.69,235.07,50.47,93.22,0.8341,-1,-1,-1
166,1357,652.95,436.27,91.61,147.80,0.7340,-1,-1,-1
166,1359,1155.53,59.57,38.75,60.52,0.8420,-1,-1,-1
166,1360,663.11,357.94,92.34,146.81,0.8215,-1,-1,-1
166,1361,818.96,260.52,61.43,101.55,0.8856,-1,-1,-1
166,1364,1518.62,82.06,32.71,35.29,0.3752,-1,-1,-1
166,1366,620.96,816.05,134.86,149.84,0.7554,-1,-1,-1
166,1369,345.79,632.23,153.31,230.90,0.9144,-1,-1,-1
166,1373,1315.08,10.62,19.24,19.55,0.3528,-1,-1,-1
166,1351,773.35,457.26,80.73,143.43,0.7539,-1,-1,-1
166,1383,396.29,483.68,92.30,151.62,0.8886,-1,-1,-1
166,1387,557.99,512.25,71.54,140.70,0.8864,-1,-1,-1
166,1358,658.23,307.40,68.55,109.39,0.8345,-1,-1,-1
166,1400,233.85,545.58,110.32,168.21,0.9066,-1,-1,-1
166,1363,1098.89,88.59,40.69,71.76,0.8446,-1,-1,-1
166,1403,134.94,672.56,116.24,159.16,0.8932,-1,-1,-1
166,1398,239.12,794.85,148.84,182.24,0.9107,-1,-1,-1
166,1362,1057.75,96.75,40.84,70.85,0.8502,-1,-1,-1
166,1395,94.80,737.56,159.77,245.99,0.8899,-1,-1,-1
166,1406,609.05,520.07,96.64,152.88,0.8591,-1,-1,-1
166,1374,383.98,602.48,107.71,157.82,0.8701,-1,-1,-1
166,1405,977.61,150.88,47.20,80.94,0.8732,-1,-1,-1
166,1412,626.00,892.53,74.95,74.24,0.2425,-1,-1,-1
166,1414,12.58,736.80,48.54,341.92,0.6948,-1,-1,-1
167,1345,453.08,413.50,81.31,134.17,0.9055,-1,-1,-1
167,1346,674.83,841.47,173.84,134.23,0.9531,-1,-1,-1
167,1348,909.70,224.89,52.97,94.72,0.8472,-1,-1,-1
167,1349,432.95,141.47,50.23,77.99,0.8724,-1,-1,-1
167,1352,515.91,364.27,71.80,116.55,0.8940,-1,-1,-1
167,1354,940.91,179.46,51.48,92.18,0.8652,-1,-1,-1
167,1355,864.88,233.41,51.25,94.34,0.8429,-1,-1,-1
167,1357,655.07,440.48,89.21,143.71,0.7610,-1,-1,-1
167,1359,1156.14,59.48,38.86,60.61,0.8349,-1,-1,-1
167,1360,664.23,357.77,92.39,147.10,0.7879,-1,-1,-1
167,1361,820.03,260.23,60.98,100.98,0.8816,-1,-1,-1
167,1364,1518.22,81.55,33.17,35.87,0.3678,-1,-1,-1
167,1366,630.18,817.34,137.85,148.76,0.7473,-1,-1,-1
167,1369,352.15,641.72,145.23,219.89,0.8930,-1,-1,-1
167,1373,1315.38,10.43,19.54,19.69,0.2997,-1,-1,-1
167,1351,775.82,454.21,78.94,140.64,0.8162,-1,-1,-1
167,1383,398.97,483.73,91.66,151.42,0.8881,-1,-1,-1
167,1387,559.54,510.98,72.88,142.08,0.8973,-1,-1,-1
167,1358,661.15,306.49,68.67,109.20,0.8317,-1,-1,-1
167,1400,238.00,543.49,110.09,168.40,0.9018,-1,-1,-1
167,1363,1098.57,89.42,40.57,70.91,0.8311,-1,-1,-1
167,1403,137.10,671.17,117.53,160.20,0.8941,-1,-1,-1
167,1398,241.17,792.93,148.60,182.11,0.9283,-1,-1,-1
167,1362,1058.67,97.61,40.42,69.78,0.8404,-1,-1,-1
167,1395,99.37,744.64,155.18,238.08,0.9016,-1,-1,-1
167,1406,610.35,517.19,98.70,154.99,0.8277,-1,-1,-1
167,1374,386.81,598.12,108.37,159.22,0.8512,-1,-1,-1
167,1405,979.89,150.39,46.45,79.69,0.8611,-1,-1,-1
167,1412,626.14,894.49,74.72,72.61,0.2420,-1,-1,-1
167,1414,14.20,744.83,50.25,333.87,0.7062,-1,-1,-1
168,1345,455.63,413.58,81.16,133.77,0.9024,-1,-1,-1
168,1346,675.77,842.99,172.48,132.85,0.9550,-1,-1,-1
168,1348,910.47,223.71,53.09,94.88,0.8468,-1,-1,-1
168,1349,434.81,140.64,50.31,78.49,0.8634,-1,-1,-1
168,1352,517.98,363.09,72.31,116.91,0.8931,-1,-1,-1
168,1354,941.06,178.66,52.23,93.28,0.8370,-1,-1,-1
168,1355,865.82,232.09,51.67,94.77,0.8593,-1,-1,-1
168,1357,657.63,446.31,85.82,137.77,0.7560,-1,-1,-1
168,1359,1157.33,58.98,38.64,60.40,0.8394,-1,-1,-1
168,1360,665.68,360.37,90.86,144.77,0.7649,-1,-1,-1
168,1361,820.17,259.73,61.10,101.32,0.8638,-1,-1,-1
168,1364,1519.04,81.65,32.49,35.08,0.3601,-1,-1,-1
168,1366,625.73,817.27,139.32,149.03,0.7315,-1,-1,-1
168,1369,360.05,661.03,132.46,199.37,0.9019,-1,-1,-1
168,1373,1315.71,10.38,19.35,19.12,0.2129,-1,-1,-1
168,1351,776.76,450.95,80.16,144.15,0.8413,-1,-1,-1
168,1383,400.84,483.66,91.32,151.56,0.8812,-1,-1,-1
168,1387,560.10,510.13,73.42,142.69,0.9046,-1,-1,-1
168,1358,661.92,306.53,68.82,109.67,0.8111,-1,-1,-1
168,1400,241.49,541.62,110.09,168.78,0.9091,-1,-1,-1
168,1363,1098.29,89.38,41.30,71.35,0.8103,-1,-1,-1
168,1403,138.15,669.60,118.65,161.14,0.8795,-1,-1,-1
168,1398,241.96,791.71,148.75,182.44,0.9348,-1,-1,-1
168,1362,1059.53,96.81,41.04,70.43,0.8333,-1,-1,-1
168,1395,103.49,750.58,151.23,230.64,0.9018,-1,-1,-1
168,1406,611.17,515.36,100.95,156.97,0.8462,-1,-1,-1
168,1374,388.70,594.51,109.59,161.58,0.8248,-1,-1,-1
168,1405,981.99,150.10,45.95,79.07,0.8513,-1,-1,-1
168,1412,625.96,896.86,74.29,70.88,0.1285,-1,-1,-1
168,1414,14.33,743.38,53.28,335.89,0.7787,-1,-1,-1
169,1345,459.10,412.63,80.49,132.60,0.9047,-1,-1,-1
169,1346,676.37,843.71,171.60,131.81,0.9581,-1,-1,-1
169,1348,912.48,224.10,52.60,93.41,0.8695,-1,-1,-1
169,1349,436.90,139.63,49.52,77.71,0.8391,-1,-1,-1
169,1352,521.47,362.58,71.30,114.89,0.8707,-1,-1,-1
169,1354,941.84,178.68,52.35,93.49,0.8262,-1,-1,-1
169,1355,867.44,231.49,51.76,94.45,0.8470,-1,-1,-1
169,1357,659.02,447.72,85.37,136.35,0.7760,-1,-1,-1
169,1359,1158.83,59.80,38.00,59.21,0.8433,-1,-1,-1
169,1360,667.65,363.63,87.30,139.47,0.7216,-1,-1,-1
169,1361,821.30,259.60,60.89,101.01,0.8478,-1,-1,-1
169,1364,1519.72,82.28,31.43,33.69,0.4032,-1,-1,-1
169,1366,615.61,816.27,138.53,150.08,0.7836,-1,-1,-1
169,1369,362.97,660.67,131.68,197.78,0.9010,-1,-1,-1
169,1373,1316.74,11.47,18.97,18.22,0.1132,-1,-1,-1
169,1351,779.27,447.56,78.65,142.38,0.8566,-1,-1,-1
169,1383,404.13,481.81,92.00,152.97,0.8726,-1,-1,-1
169,1387,561.91,509.19,73.66,143.43,0.8829,-1,-1,-1
169,1358,663.15,306.63,68.34,109.76,0.7581,-1,-1,-1
169,1400,245.99,538.68,110.11,169.24,0.8955,-1,-1,-1
169,1363,1097.96,89.04,42.19,71.91,0.8146,-1,-1,-1
169,1403,140.55,666.29,120.78,163.52,0.8974,-1,-1,-1
169,1398,244.45,791.39,147.32,180.42,0.9386,-1,-1,-1
169,1362,1060.11,96.21,41.12,70.16,0.8127,-1,-1,-1
169,1395,105.34,748.92,152.46,231.80,0.9149,-1,-1,-1
169,1406,611.39,515.93,100.71,155.92,0.8653,-1,-1,-1
169,1374,393.46,593.89,109.00,161.21,0.8184,-1,-1,-1
169,1405,983.77,150.11,45.72,78.76,0.8477,-1,-1,-1
169,1412,625.20,895.57,76.00,71.54,0.1966,-1,-1,-1
169,1414,14.62,743.10,56.14,335.90,0.8221,-1,-1,-1
170,1345,461.03,412.91,79.57,130.63,0.9012,-1,-1,-1
170,1346,675.55,842.11,173.43,133.14,0.9547,-1,-1,-1
170,1348,913.26,223.72,52.35,92.39,0.8746,-1,-1,-1
170,1349,438.07,138.94,49.92,78.39,0.8683,-1,-1,-1
170,1352,524.07,361.88,71.90,115.05,0.8732,-1,-1,-1
170,1354,942.31,177.79,52.02,92.73,0.8318,-1,-1,-1
170,1355,867.91,231.00,52.24,94.82,0.8672,-1,-1,-1
170,1357,659.77,448.94,84.71,134.89,0.7569,-1,-1,-1
170,1359,1159.42,60.29,37.63,58.45,0.8431,-1,-1,-1
170,1360,669.46,364.94,88.01,140.42,0.7840,-1,-1,-1
170,1361,822.18,258.89,60.93,101.42,0.8426,-1,-1,-1
170,1364,1519.39,82.39,31.29,33.45,0.3820,-1,-1,-1
170,1366,614.52,815.18,138.31,151.00,0.7746,-1,-1,-1
170,1369,366.29,665.07,128.61,191.91,0.9101,-1,-1,-1
170,1373,1316.60,11.96,19.09,17.98,0.1446,-1,-1,-1
170,1351,781.71,445.91,77.00,139.86,0.8406,-1,-1,-1
170,1383,406.65,481.77,89.99,149.81,0.8823,-1,-1,-1
170,1387,562.82,509.17,72.77,141.66,0.8815,-1,-1,-1
170,1358,664.46,305.52,68.32,110.41,0.7731,-1,-1,-1
170,1400,249.30,536.36,110.42,170.70,0.8994,-1,-1,-1
170,1363,1097.77,90.02,42.18,70.74,0.8120,-1,-1,-1
170,1403,142.04,664.40,122.45,164.95,0.8955,-1,-1,-1
170,1398,245.41,791.03,146.54,179.22,0.9370,-1,-1,-1
170,1362,1060.61,96.22,41.17,69.99,0.8142,-1,-1,-1
170,1395,108.47,756.24,148.45,223.94,0.9183,-1,-1,-1
170,1406,610.41,515.77,100.42,155.45,0.8761,-1,-1,-1
170,1374,397.12,596.24,107.09,158.33,0.8342,-1,-1,-1
170,1405,984.83,149.55,46.02,79.33,0.8419,-1,-1,-1
170,1412,620.65,885.28,86.28,81.70,0.2482,-1,-1,-1
170,1414,13.98,741.87,59.05,337.36,0.8604,-1,-1,-1
171,1345,463.59,411.04,79.81,131.10,0.9196,-1,-1,-1
171,1346,675.62,842.47,173.58,133.03,0.9590,-1,-1,-1
171,1348,915.66,222.82,51.79,90.84,0.8562,-1,-1,-1
171,1349,441.13,138.21,49.46,77.70,0.8368,-1,-1,-1
171,1352,527.60,360.56,72.75,115.82,0.9095,-1,-1,-1
171,1354,943.26,176.73,51.97,92.75,0.8400,-1,-1,-1
171,1355,869.28,230.12,52.70,95.05,0.8603,-1,-1,-1
171,1357,659.02,449.74,83.74,133.46,0.7967,-1,-1,-1
171,1359,1160.16,59.51,38.37,59.38,0.8453,-1,-1,-1
171,1360,674.93,372.47,85.54,134.96,0.7683,-1,-1,-1
171,1361,823.73,258.26,60.74,101.47,0.8423,-1,-1,-1
171,1364,1520.29,83.00,30.56,32.34,0.4312,-1,-1,-1
171,1366,611.39,814.77,136.50,151.05,0.8060,-1,-1,-1
171,1369,369.62,667.66,126.26,187.20,0.9140,-1,-1,-1
171,1351,783.11,441.38,77.97,142.80,0.8465,-1,-1,-1
171,1383,410.18,480.72,89.77,148.59,0.8789,-1,-1,-1
171,1387,563.50,507.76,71.67,139.80,0.8118,-1,-1,-1
171,1358,667.59,306.13,67.23,108.87,0.7162,-1,-1,-1
171,1400,253.57,534.82,109.37,169.83,0.8777,-1,-1,-1
171,1363,1096.43,88.92,42.90,70.71,0.8146,-1,-1,-1
171,1403,144.67,662.92,123.14,165.44,0.9045,-1,-1,-1
171,1398,247.39,790.89,146.04,178.43,0.9365,-1,-1,-1
171,1362,1060.96,93.93,42.42,72.01,0.8213,-1,-1,-1
171,1395,111.12,759.81,146.96,220.17,0.9173,-1,-1,-1
171,1406,611.33,516.35,99.74,153.99,0.8399,-1,-1,-1
171,1374,398.00,581.19,114.47,170.89,0.8546,-1,-1,-1
171,1405,986.37,148.85,46.53,80.39,0.8469,-1,-1,-1
171,1412,617.07,877.00,93.44,89.55,0.2085,-1,-1,-1
171,1414,14.32,734.96,63.12,344.23,0.9017,-1,-1,-1
172,1345,466.57,409.85,80.06,131.68,0.9165,-1,-1,-1
172,1346,674.61,840.72,174.95,134.03,0.9555,-1,-1,-1
172,1348,917.18,222.46,51.76,90.21,0.8686,-1,-1,-1
172,1349,443.08,137.35,49.58,78.08,0.8339,-1,-1,-1
172,1352,529.90,359.57,72.58,115.33,0.9019,-1,-1,-1
172,1354,943.20,176.31,52.41,93.71,0.8340,-1,-1,-1
172,1355,870.36,229.50,52.72,94.30,0.8478,-1,-1,-1
172,1357,659.07,449.91,83.18,132.86,0.7432,-1,-1,-1
172,1359,1161.49,59.31,38.43,59.27,0.8545,-1,-1,-1
172,1360,677.78,375.45,84.62,132.47,0.7578,-1,-1,-1
172,1361,824.40,257.77,60.79,102.04,0.8258,-1,-1,-1
172,1364,1520.54,83.07,30.88,32.55,0.4573,-1,-1,-1
172,1366,610.05,811.57,137.59,154.52,0.7476,-1,-1,-1
172,1369,370.67,666.77,126.51,186.61,0.9116,-1,-1,-1
172,1351,785.01,439.17,77.94,143.37,0.8673,-1,-1,-1
172,1383,412.63,480.95,90.18,148.45,0.8838,-1,-1,-1
172,1387,564.31,506.47,72.08,140.71,0.8511,-1,-1,-1
172,1358,670.08,305.88,67.05,108.65,0.6997,-1,-1,-1
172,1400,258.19,534.91,107.41,167.37,0.8959,-1,-1,-1
172,1363,1096.18,88.36,43.41,70.44,0.8079,-1,-1,-1
172,1403,146.52,660.33,124.99,167.81,0.8969,-1,-1,-1
172,1398,248.62,789.07,146.97,179.62,0.9314,-1,-1,-1
172,1362,1061.14,92.76,43.21,73.25,0.8164,-1,-1,-1
172,1395,110.70,753.91,150.31,224.74,0.8914,-1,-1,-1
172,1406,613.35,515.61,100.31,154.26,0.8421,-1,-1,-1
172,1374,400.90,578.73,115.18,173.18,0.8544,-1,-1,-1
172,1405,987.64,147.70,46.84,81.43,0.8493,-1,-1,-1
172,1412,618.76,880.15,89.96,86.38,0.2229,-1,-1,-1
172,1414,14.30,732.37,66.45,346.70,0.9114,-1,-1,-1
173,1345,468.73,408.44,79.69,131.69,0.8973,-1,-1,-1
173,1346,674.06,838.35,177.72,136.36,0.9549,-1,-1,-1
173,1348,918.67,220.99,52.15,90.82,0.8783,-1,-1,-1
173,1349,445.47,136.88,49.56,78.08,0.8375,-1,-1,-1
173,1352,531.11,358.00,73.77,117.39,0.8974,-1,-1,-1
173,1354,943.29,175.48,52.46,94.26,0.8423,-1,-1,-1
173,1355,872.15,229.13,53.65,95.05,0.8470,-1,-1,-1
173,1357,661.70,449.17,83.32,133.06,0.7650,-1,-1,-1
173,1359,1161.91,58.26,39.07,60.33,0.8770,-1,-1,-1
173,1360,681.81,380.73,82.39,127.51,0.7555,-1,-1,-1
173,1361,826.22,256.42,60.50,102.05,0.8233,-1,-1,-1
173,1364,1520.04,81.63,31.87,33.57,0.4489,-1,-1,-1
173,1366,611.77,808.36,138.98,157.52,0.7481,-1,-1,-1
173,1369,371.69,662.00,129.05,190.01,0.9062,-1,-1,-1
173,1351,787.90,436.01,78.27,144.72,0.8162,-1,-1,-1
173,1383,413.99,480.48,90.84,149.11,0.8887,-1,-1,-1
173,1387,563.83,505.36,73.15,143.41,0.7896,-1,-1,-1
173,1358,671.16,305.62,68.94,112.71,0.6613,-1,-1,-1
173,1400,262.65,532.98,106.77,167.16,0.9203,-1,-1,-1
173,1363,1095.47,87.75,43.80,70.10,0.8183,-1,-1,-1
173,1403,148.98,658.40,126.19,169.01,0.9098,-1,-1,-1
173,1398,250.29,787.23,148.18,180.92,0.9186,-1,-1,-1
173,1362,1061.45,91.83,43.63,73.93,0.8107,-1,-1,-1
173,1395,113.03,756.12,149.40,222.11,0.9070,-1,-1,-1
173,1406,615.40,516.15,99.51,152.62,0.8405,-1,-1,-1
173,1374,405.45,578.73,114.63,173.34,0.8368,-1,-1,-1
173,1405,988.89,147.61,46.72,81.25,0.8725,-1,-1,-1
173,1412,622.27,888.59,81.68,77.49,0.2229,-1,-1,-1
173,1414,14.64,740.73,67.72,337.29,0.9101,-1,-1,-1
174,1345,470.75,407.19,79.96,132.31,0.8813,-1,-1,-1
174,1346,673.77,836.98,178.38,137.04,0.9516,-1,-1,-1
174,1348,919.22,219.70,52.47,91.30,0.8666,-1,-1,-1
174,1349,446.70,136.35,49.55,77.82,0.8346,-1,-1,-1
174,1352,533.62,357.35,73.06,115.81,0.9076,-1,-1,-1
174,1354,943.81,174.79,52.13,94.01,0.8226,-1,-1,-1
174,1355,872.73,228.73,54.05,94.97,0.8426,-1,-1,-1
174,1357,662.56,448.61,83.54,133.56,0.8063,-1,-1,-1
174,1359,1162.10,57.41,39.43,60.97,0.8862,-1,-1,-1
174,1360,683.93,385.22,80.34,123.37,0.6971,-1,-1,-1
174,1361,826.71,256.97,59.88,101.36,0.8117,-1,-1,-1
174,1364,1519.00,80.46,32.80,34.70,0.4271,-1,-1,-1
174,1366,615.39,808.85,137.92,156.76,0.6773,-1,-1,-1
174,1369,372.57,661.15,129.68,190.36,0.9086,-1,-1,-1
174,1351,789.52,432.63,78.69,146.29,0.7317,-1,-1,-1
174,1383,414.81,478.49,91.68,150.07,0.8967,-1,-1,-1
174,1387,564.05,504.22,73.65,145.06,0.8167,-1,-1,-1
174,1358,670.30,305.38,67.62,112.18,0.7548,-1,-1,-1
174,1400,265.93,532.58,106.05,166.63,0.9166,-1,-1,-1
174,1363,1094.43,87.76,43.94,69.18,0.8178,-1,-1,-1
174,1403,152.27,656.72,127.01,169.89,0.9061,-1,-1,-1
174,1398,250.76,784.08,149.63,183.28,0.8818,-1,-1,-1
174,1362,1061.68,91.91,43.61,73.86,0.8047,-1,-1,-1
174,1395,114.39,756.26,149.27,220.92,0.9294,-1,-1,-1
174,1406,616.18,515.88,99.25,151.94,0.8334,-1,-1,-1
174,1374,410.00,586.37,110.16,166.66,0.8373,-1,-1,-1
174,1405,990.18,147.01,46.69,81.52,0.8632,-1,-1,-1
174,1412,623.11,889.89,80.67,75.93,0.3737,-1,-1,-1
174,1414,15.25,739.22,71.26,339.04,0.9237,-1,-1,-1
175,1345,475.00,403.84,81.54,134.70,0.8697,-1,-1,-1
175,1346,676.14,839.27,175.08,134.40,0.9512,-1,-1,-1
175,1348,920.11,218.46,52.60,91.91,0.8495,-1,-1,-1
175,1349,448.45,135.78,49.75,78.29,0.8423,-1,-1,-1
175,1352,537.21,356.33,72.95,115.53,0.8957,-1,-1,-1
175,1354,945.26,173.93,51.67,93.67,0.8772,-1,-1,-1
175,1355,873.55,227.28,54.38,95.53,0.8528,-1,-1,-1
175,1357,663.93,447.55,83.53,133.82,0.8103,-1,-1,-1
175,1359,1163.26,56.64,39.26,60.65,0.9006,-1,-1,-1
175,1360,688.03,390.12,78.43,118.87,0.6963,-1,-1,-1
175,1361,828.28,256.10,59.96,101.67,0.8391,-1,-1,-1
175,1364,1518.61,79.67,33.18,35.25,0.3830,-1,-1,-1
175,1366,615.39,807.90,137.32,157.26,0.6902,-1,-1,-1
175,1369,375.57,661.46,129.31,189.07,0.9040,-1,-1,-1
175,1351,792.26,430.59,76.22,142.22,0.8175,-1,-1,-1
175,1383,416.76,475.37,92.24,151.55,0.8851,-1,-1,-1
175,1387,569.85,503.39,65.81,128.74,0.7069,-1,-1,-1
175,1358,674.26,304.21,67.69,112.69,0.7244,-1,-1,-1
175,1400,269.25,529.51,106.80,168.34,0.9141,-1,-1,-1
175,1363,1092.79,87.74,44.37,68.76,0.8162,-1,-1,-1
175,1403,156.08,653.68,127.93,171.34,0.8924,-1,-1,-1
175,1398,251.52,780.67,150.84,185.67,0.7372,-1,-1,-1
175,1362,1062.16,91.83,43.53,73.69,0.7839,-1,-1,-1
175,1395,117.41,755.39,149.79,220.54,0.8195,-1,-1,-1
175,1406,618.45,516.61,98.68,150.04,0.8087,-1,-1,-1
175,1374,414.99,585.50,109.68,166.27,0.8592,-1,-1,-1
175,1405,992.19,147.90,46.01,80.15,0.8586,-1,-1,-1
175,1412,625.96,895.61,75.48,69.65,0.2845,-1,-1,-1
175,1414,12.85,715.93,78.57,363.06,0.8220,-1,-1,-1
175,1373,1317.70,9.85,19.42,17.93,0.4202,-1,-1,-1
176,1345,478.73,400.78,82.68,136.51,0.9078,-1,-1,-1
176,1346,678.47,841.52,173.02,132.59,0.9506,-1,-1,-1
176,1348,921.49,218.19,52.36,91.65,0.8346,-1,-1,-1
176,1349,449.45,135.69,49.47,77.88,0.8692,-1,-1,-1
176,1352,538.87,354.96,73.07,115.88,0.9008,-1,-1,-1
176,1354,945.96,173.44,51.77,94.23,0.8535,-1,-1,-1
176,1355,873.68,226.65,54.20,95.03,0.8442,-1,-1,-1
176,1357,664.69,445.86,83.94,134.87,0.8263,-1,-1,-1
176,1359,1164.26,56.13,38.72,59.68,0.8932,-1,-1,-1
176,1360,689.45,393.85,76.66,114.56,0.7079,-1,-1,-1
176,1361,829.06,255.87,59.80,101.50,0.8295,-1,-1,-1
176,1364,1519.29,79.20,32.99,35.00,0.4575,-1,-1,-1
176,1366,617.14,805.46,138.41,159.31,0.7357,-1,-1,-1
176,1369,378.28,663.47,127.74,185.95,0.9028,-1,-1,-1
176,1351,795.03,428.35,73.77,137.79,0.8399,-1,-1,-1
176,1383,418.23,473.56,92.34,152.30,0.8892,-1,-1,-1
176,1387,573.51,505.14,61.50,118.96,0.7294,-1,-1,-1
176,1358,675.77,304.70,66.95,112.19,0.7492,-1,-1,-1
176,1400,272.59,528.32,105.80,167.47,0.9236,-1,-1,-1
176,1363,1092.25,87.16,45.12,68.90,0.8141,-1,-1,-1
176,1403,157.89,650.48,130.62,175.28,0.7671,-1,-1,-1
176,1398,251.00,773.70,153.83,190.80,0.3769,-1,-1,-1
176,1362,1062.68,91.25,43.61,73.85,0.7833,-1,-1,-1
176,1395,119.07,755.55,149.76,219.45,0.6571,-1,-1,-1
176,1406,619.36,516.09,98.94,149.71,0.8231,-1,-1,-1
176,1374,416.28,583.78,110.87,168.64,0.8583,-1,-1,-1
176,1405,992.14,146.63,46.27,80.50,0.8460,-1,-1,-1
176,1412,620.73,883.67,87.61,81.66,0.2175,-1,-1,-1
176,1414,12.18,705.85,83.29,373.76,0.8482,-1,-1,-1
176,1373,1317.84,9.59,19.80,18.06,0.3974,-1,-1,-1
177,1345,481.80,399.09,82.48,135.97,0.9276,-1,-1,-1
177,1346,678.29,840.12,174.67,134.02,0.9480,-1,-1,-1
177,1348,923.12,216.57,52.73,92.60,0.8356,-1,-1,-1
177,1349,451.99,135.14,48.96,76.76,0.8624,-1,-1,-1
177,1352,542.07,353.63,72.79,115.43,0.8987,-1,-1,-1
177,1354,947.10,173.24,51.99,94.55,0.8270,-1,-1,-1
177,1355,873.86,225.84,54.07,94.83,0.8659,-1,-1,-1
177,1357,666.72,447.11,82.72,132.88,0.8046,-1,-1,-1
177,1359,1165.18,56.33,38.33,59.16,0.9097,-1,-1,-1
177,1360,689.09,388.42,81.29,120.57,0.7301,-1,-1,-1
177,1361,830.59,254.51,59.05,100.96,0.8079,-1,-1,-1
177,1364,1519.61,78.78,32.77,34.72,0.4404,-1,-1,-1
177,1366,615.49,803.99,138.43,160.74,0.7065,-1,-1,-1
177,1369,381.24,664.11,126.62,183.17,0.8946,-1,-1,-1
177,1351,798.25,425.56,73.11,136.62,0.8966,-1,-1,-1
177,1383,419.90,472.06,93.49,154.89,0.9039,-1,-1,-1
177,1387,570.89,503.93,70.06,136.14,0.8265,-1,-1,-1
177,1358,678.12,303.63,66.34,111.86,0.7502,-1,-1,-1
177,1400,276.56,526.05,104.93,166.60,0.9092,-1,-1,-1
177,1363,1091.53,86.08,45.71,69.06,0.8143,-1,-1,-1
177,1403,159.29,648.18,130.76,175.70,0.8222,-1,-1,-1
177,1398,251.92,769.14,155.18,193.96,0.6033,-1,-1,-1
177,1362,1062.95,89.85,43.83,74.15,0.7731,-1,-1,-1
177,1395,122.02,754.91,149.30,217.78,0.8232,-1,-1,-1
177,1406,620.51,514.20,100.51,151.28,0.8486,-1,-1,-1
177,1374,419.31,578.64,113.31,173.50,0.8421,-1,-1,-1
177,1405,993.65,144.81,46.71,81.44,0.8483,-1,-1,-1
177,1412,608.37,856.48,113.65,109.50,0.4210,-1,-1,-1
177,1414,14.25,720.68,83.20,358.26,0.8129,-1,-1,-1
177,1373,1317.73,9.18,20.33,18.47,0.5587,-1,-1,-1
178,1345,483.72,397.43,82.39,135.57,0.9270,-1,-1,-1
178,1346,679.91,841.31,172.38,132.23,0.9448,-1,-1,-1
178,1348,924.03,215.34,52.26,92.09,0.8536,-1,-1,-1
178,1349,453.31,135.18,49.72,77.95,0.8590,-1,-1,-1
178,1352,544.46,352.34,73.30,116.02,0.9209,-1,-1,-1
178,1354,948.50,172.89,51.47,93.86,0.8653,-1,-1,-1
178,1355,873.67,225.39,54.26,95.11,0.8463,-1,-1,-1
178,1357,668.44,447.83,82.23,131.55,0.8625,-1,-1,-1
178,1359,1165.30,56.43,38.16,59.21,0.9140,-1,-1,-1
178,1360,687.91,381.94,85.88,127.40,0.5925,-1,-1,-1
178,1361,831.82,253.15,58.84,101.10,0.8097,-1,-1,-1
178,1364,1519.96,78.66,32.53,34.27,0.4446,-1,-1,-1
178,1366,614.38,804.93,136.42,159.83,0.7193,-1,-1,-1
178,1369,382.96,664.13,126.57,181.61,0.9067,-1,-1,-1
178,1351,800.26,422.83,69.69,129.42,0.8588,-1,-1,-1
178,1383,423.66,471.44,92.61,153.51,0.8665,-1,-1,-1
178,1387,571.15,504.11,72.33,140.96,0.8105,-1,-1,-1
178,1358,681.24,303.11,65.75,110.91,0.7609,-1,-1,-1
178,1400,279.01,523.62,105.01,167.47,0.9137,-1,-1,-1
178,1363,1089.63,85.24,44.71,67.18,0.7690,-1,-1,-1
178,1403,161.02,646.67,130.19,175.03,0.8288,-1,-1,-1
178,1398,249.90,759.96,160.55,203.18,0.6800,-1,-1,-1
178,1362,1063.18,88.95,43.92,74.13,0.7432,-1,-1,-1
178,1395,124.26,755.05,148.56,215.75,0.8208,-1,-1,-1
178,1406,619.64,511.59,102.11,153.26,0.8244,-1,-1,-1
178,1374,423.65,582.15,110.35,168.64,0.8428,-1,-1,-1
178,1405,994.42,145.08,46.30,80.84,0.8556,-1,-1,-1
178,1414,16.22,735.03,83.68,344.43,0.8208,-1,-1,-1
178,1373,1317.65,8.74,20.58,18.69,0.5745,-1,-1,-1
179,1345,487.79,395.35,82.28,135.17,0.9094,-1,-1,-1
179,1346,679.92,840.49,173.18,132.88,0.9483,-1,-1,-1
179,1348,925.86,215.70,51.40,90.40,0.8654,-1,-1,-1
179,1349,455.63,134.60,50.66,79.53,0.8475,-1,-1,-1
179,1352,547.99,351.97,74.08,117.18,0.9034,-1,-1,-1
179,1354,949.44,171.85,51.23,93.53,0.8689,-1,-1,-1
179,1355,874.31,223.20,54.93,96.50,0.8356,-1,-1,-1
179,1357,668.74,445.17,83.30,132.89,0.8666,-1,-1,-1
179,1359,1167.25,54.23,39.14,60.93,0.8881,-1,-1,-1
179,1360,684.39,364.32,94.07,141.36,0.7232,-1,-1,-1
179,1361,832.55,251.67,59.03,101.60,0.8267,-1,-1,-1
179,1364,1520.71,77.92,32.05,33.47,0.5506,-1,-1,-1
179,1366,608.10,804.28,134.49,161.24,0.6928,-1,-1,-1
179,1369,385.42,663.69,126.96,181.08,0.9094,-1,-1,-1
179,1351,804.08,419.91,64.35,118.39,0.8567,-1,-1,-1
179,1383,426.31,470.88,92.29,153.00,0.8985,-1,-1,-1
179,1387,572.19,503.47,72.85,142.17,0.8355,-1,-1,-1
179,1358,685.47,301.79,65.38,109.47,0.8038,-1,-1,-1
179,1400,283.92,521.37,104.81,167.88,0.9149,-1,-1,-1
179,1363,1087.19,83.53,45.29,68.22,0.7442,-1,-1,-1
179,1403,165.11,644.18,130.59,175.75,0.8589,-1,-1,-1
179,1398,255.18,766.76,153.71,194.95,0.7259,-1,-1,-1
179,1362,1064.04,87.76,43.63,74.34,0.7147,-1,-1,-1
179,1395,153.48,753.42,155.85,213.63,0.6241,-1,-1,-1
179,1406,620.94,507.89,104.24,156.42,0.8508,-1,-1,-1
179,1374,428.23,582.95,107.73,164.15,0.8745,-1,-1,-1
179,1405,996.26,144.31,45.93,80.66,0.8480,-1,-1,-1
179,1414,18.42,744.04,85.63,335.64,0.8201,-1,-1,-1
179,1373,1317.62,8.47,20.73,18.77,0.4871,-1,-1,-1
180,1345,489.98,394.23,82.18,134.49,0.8912,-1,-1,-1
180,1346,679.31,839.45,174.51,134.02,0.9464,-1,-1,-1
180,1348,926.70,215.05,50.86,89.30,0.8481,-1,-1,-1
180,1349,456.83,133.66,51.27,80.70,0.8545,-1,-1,-1
180,1352,549.75,351.03,73.47,116.33,0.9136,-1,-1,-1
180,1354,950.01,171.09,51.14,93.30,0.8651,-1,-1,-1
180,1355,874.76,221.54,55.09,97.05,0.8335,-1,-1,-1
180,1357,668.99,445.39,82.85,131.63,0.8593,-1,-1,-1
180,1359,1168.22,53.48,39.42,61.41,0.8852,-1,-1,-1
180,1360,683.34,357.75,94.81,144.57,0.6886,-1,-1,-1
180,1361,832.93,251.72,58.61,100.68,0.8337,-1,-1,-1
180,1364,1520.44,77.47,32.41,33.58,0.5318,-1,-1,-1
180,1366,615.38,805.99,133.11,159.78,0.6263,-1,-1,-1
180,1369,387.28,663.85,127.06,180.27,0.9189,-1,-1,-1
180,1351,804.01,416.39,72.02,133.10,0.8720,-1,-1,-1
180,1383,426.81,469.87,92.51,153.94,0.8951,-1,-1,-1
180,1387,572.64,503.84,72.54,141.77,0.8288,-1,-1,-1
180,1358,687.95,300.62,65.68,109.33,0.7915,-1,-1,-1
180,1400,286.60,519.63,104.04,167.28,0.9049,-1,-1,-1
180,1363,1084.90,81.20,45.71,69.39,0.7584,-1,-1,-1
180,1403,166.74,641.70,131.14,176.80,0.8744,-1,-1,-1
180,1398,256.98,767.32,151.59,192.94,0.7880,-1,-1,-1
180,1362,1064.49,85.80,43.95,75.54,0.7352,-1,-1,-1
180,1395,138.59,754.80,154.06,211.05,0.8721,-1,-1,-1
180,1406,621.71,505.29,105.56,158.51,0.8425,-1,-1,-1
180,1374,429.69,583.58,107.28,163.32,0.8381,-1,-1,-1
180,1405,997.56,143.49,45.78,80.76,0.8436,-1,-1,-1
180,1414,18.69,747.75,88.49,331.69,0.8299,-1,-1,-1
180,1373,1317.58,8.28,20.53,18.53,0.4804,-1,-1,-1
181,1345,492.05,392.23,82.37,135.41,0.9092,-1,-1,-1
181,1346,681.73,841.38,172.27,132.11,0.9377,-1,-1,-1
181,1348,927.11,213.26,50.88,89.07,0.8774,-1,-1,-1
181,1349,457.96,132.36,51.02,80.58,0.8735,-1,-1,-1
181,1352,551.64,349.11,74.35,118.14,0.9111,-1,-1,-1
181,1354,951.63,169.99,51.00,93.09,0.8551,-1,-1,-1
181,1355,875.70,221.04,54.95,96.76,0.8362,-1,-1,-1
181,1357,667.66,437.26,86.61,138.37,0.8571,-1,-1,-1
181,1359,1168.67,53.53,39.24,60.91,0.8751,-1,-1,-1
181,1360,686.65,358.56,95.34,145.80,0.6164,-1,-1,-1
181,1361,833.93,250.71,58.40,100.26,0.8230,-1,-1,-1
181,1364,1520.29,76.88,32.58,33.65,0.4896,-1,-1,-1
181,1366,624.27,808.40,133.00,157.44,0.6129,-1,-1,-1
181,1369,389.18,663.59,126.56,178.71,0.9177,-1,-1,-1
181,1351,805.24,413.49,73.58,136.62,0.8790,-1,-1,-1
181,1383,429.67,467.86,91.62,152.72,0.8628,-1,-1,-1
181,1387,574.05,502.89,71.99,140.89,0.8474,-1,-1,-1
181,1358,690.68,299.63,65.37,108.45,0.8070,-1,-1,-1
181,1400,289.89,516.34,103.01,165.92,0.8944,-1,-1,-1
181,1363,1083.76,80.54,45.72,69.00,0.7368,-1,-1,-1
181,1403,170.31,639.05,131.35,177.53,0.8774,-1,-1,-1
181,1398,257.03,761.18,153.40,196.21,0.7630,-1,-1,-1
181,1362,1065.37,83.48,44.40,77.33,0.6609,-1,-1,-1
181,1395,135.02,754.49,152.42,208.67,0.8322,-1,-1,-1
181,1406,621.42,504.62,105.39,158.47,0.8248,-1,-1,-1
181,1374,432.57,584.56,106.51,161.17,0.8661,-1,-1,-1
181,1405,998.44,142.80,45.87,80.85,0.8859,-1,-1,-1
181,1414,18.45,746.07,92.41,332.44,0.7922,-1,-1,-1
181,1373,1317.73,7.61,20.60,18.54,0.4683,-1,-1,-1
182,1345,493.99,391.60,81.99,135.49,0.8930,-1,-1,-1
182,1346,682.85,842.31,171.65,131.58,0.9355,-1,-1,-1
182,1348,927.53,211.35,51.52,90.23,0.8775,-1,-1,-1
182,1349,459.54,131.60,50.77,80.35,0.8580,-1,-1,-1
182,1352,553.65,348.70,73.32,116.77,0.9087,-1,-1,-1
182,1354,952.33,169.40,51.00,93.23,0.8746,-1,-1,-1
182,1355,877.71,222.12,54.17,94.75,0.8655,-1,-1,-1
182,1357,666.22,428.50,91.07,147.26,0.8269,-1,-1,-1
182,1359,1169.18,54.14,38.55,59.67,0.8577,-1,-1,-1
182,1360,684.15,351.37,96.01,149.23,0.6316,-1,-1,-1
182,1361,833.89,250.08,58.62,100.62,0.8444,-1,-1,-1
182,1364,1520.07,76.43,32.99,34.02,0.4768,-1,-1,-1
182,1366,620.36,808.41,132.56,157.53,0.5755,-1,-1,-1
182,1369,390.45,662.33,126.96,178.66,0.9170,-1,-1,-1
182,1351,806.22,411.25,74.71,139.23,0.8464,-1,-1,-1
182,1383,432.02,468.10,90.45,150.58,0.8662,-1,-1,-1
182,1387,575.65,501.26,72.85,142.46,0.8767,-1,-1,-1
182,1358,693.06,298.80,64.76,107.01,0.8272,-1,-1,-1
182,1400,293.12,514.27,102.15,164.86,0.8956,-1,-1,-1
182,1363,1080.24,80.13,46.79,70.67,0.7150,-1,-1,-1
182,1403,173.16,637.58,131.55,178.30,0.8761,-1,-1,-1
182,1398,257.75,757.49,154.02,198.14,0.8752,-1,-1,-1
182,1362,1068.41,82.82,44.34,75.49,0.1142,-1,-1,-1
182,1395,132.60,753.11,152.02,208.63,0.9272,-1,-1,-1
182,1406,623.22,503.20,105.41,158.78,0.8199,-1,-1,-1
182,1374,434.70,586.26,106.48,160.00,0.8743,-1,-1,-1
182,1405,999.33,142.12,46.00,81.26,0.8673,-1,-1,-1
182,1414,18.94,752.39,94.34,325.17,0.8125,-1,-1,-1
182,1373,1318.32,7.38,20.51,18.44,0.4680,-1,-1,-1
182,1412,625.63,885.81,85.61,80.76,0.4754,-1,-1,-1
183,1345,495.95,389.33,82.42,137.15,0.9033,-1,-1,-1
183,1346,681.70,840.06,174.59,134.01,0.9343,-1,-1,-1
183,1348,929.10,210.83,50.59,88.62,0.8438,-1,-1,-1
183,1349,462.11,131.86,49.26,77.87,0.8609,-1,-1,-1
183,1352,557.27,348.28,72.80,115.42,0.9158,-1,-1,-1
183,1354,954.04,169.05,50.44,92.09,0.8631,-1,-1,-1
183,1355,879.42,221.00,54.08,94.40,0.8864,-1,-1,-1
183,1357,665.73,421.13,93.78,153.91,0.8130,-1,-1,-1
183,1359,1169.50,53.03,39.03,60.42,0.8736,-1,-1,-1
183,1360,686.56,349.23,95.41,150.19,0.6798,-1,-1,-1
183,1361,833.75,248.77,59.07,101.47,0.8788,-1,-1,-1
183,1364,1520.53,75.85,33.57,34.71,0.4880,-1,-1,-1
183,1366,619.79,808.89,131.41,156.29,0.6462,-1,-1,-1
183,1369,393.50,661.24,126.83,177.82,0.9149,-1,-1,-1
183,1351,808.17,408.64,68.82,128.73,0.7919,-1,-1,-1
183,1383,434.08,465.43,91.03,151.07,0.8978,-1,-1,-1
183,1387,576.55,501.03,72.49,142.18,0.8927,-1,-1,-1
183,1358,693.83,296.81,66.13,109.09,0.7502,-1,-1,-1
183,1400,298.83,512.54,101.13,163.44,0.9064,-1,-1,-1
183,1363,1077.64,79.45,47.29,71.56,0.7062,-1,-1,-1
183,1403,177.12,635.60,131.03,178.53,0.8829,-1,-1,-1
183,1398,263.08,766.55,147.26,188.62,0.8375,-1,-1,-1
183,1395,134.55,752.72,151.53,207.38,0.9012,-1,-1,-1
183,1406,624.15,501.48,106.16,160.34,0.8882,-1,-1,-1
183,1374,437.97,584.96,106.74,159.64,0.9026,-1,-1,-1
183,1405,1000.47,140.29,46.08,81.35,0.8333,-1,-1,-1
183,1414,18.44,746.81,99.69,330.88,0.8265,-1,-1,-1
183,1373,1319.64,7.13,20.35,18.43,0.4960,-1,-1,-1
183,1412,627.35,890.12,82.10,75.96,0.4827,-1,-1,-1
184,1345,499.81,388.64,81.20,135.71,0.9129,-1,-1,-1
184,1346,681.15,838.14,176.94,135.99,0.9317,-1,-1,-1
184,1348,929.59,209.03,50.99,89.27,0.8572,-1,-1,-1
184,1349,463.19,131.01,48.48,76.49,0.8498,-1,-1,-1
184,1352,559.52,346.33,73.61,116.49,0.9003,-1,-1,-1
184,1354,955.42,168.69,50.36,91.39,0.8434,-1,-1,-1
184,1355,880.60,222.27,52.99,92.14,0.8792,-1,-1,-1
184,1357,667.87,427.79,89.58,147.45,0.8066,-1,-1,-1
184,1359,1170.48,53.18,38.55,59.62,0.8690,-1,-1,-1
184,1360,688.42,347.59,94.54,150.63,0.7323,-1,-1,-1
184,1361,834.60,248.27,58.72,101.03,0.8680,-1,-1,-1
184,1364,1521.29,76.08,33.30,34.50,0.4729,-1,-1,-1
184,1366,633.34,809.00,134.44,154.70,0.5403,-1,-1,-1
184,1369,394.57,659.91,127.29,177.62,0.9120,-1,-1,-1
184,1351,810.12,407.18,69.74,130.56,0.7937,-1,-1,-1
184,1383,435.53,464.05,91.57,151.64,0.9035,-1,-1,-1
184,1387,577.71,500.13,71.96,141.64,0.8912,-1,-1,-1
184,1358,695.30,296.38,65.18,107.18,0.7573,-1,-1,-1
184,1400,302.91,510.85,100.66,162.97,0.9123,-1,-1,-1
184,1363,1074.54,77.91,49.99,75.79,0.7448,-1,-1,-1
184,1403,179.93,634.17,130.58,178.56,0.8836,-1,-1,-1
184,1398,263.22,762.87,149.18,191.25,0.8025,-1,-1,-1
184,1395,133.86,751.71,151.37,207.26,0.9110,-1,-1,-1
184,1406,625.08,499.62,106.30,161.01,0.8397,-1,-1,-1
184,1374,439.18,581.62,108.29,161.62,0.9045,-1,-1,-1
184,1405,1001.18,138.69,46.18,81.53,0.8315,-1,-1,-1
184,1414,17.42,740.98,104.90,336.81,0.8264,-1,-1,-1
184,1373,1320.75,7.08,19.84,18.19,0.5301,-1,-1,-1
184,1412,629.45,897.15,74.65,67.01,0.4493,-1,-1,-1
185,1345,503.54,386.77,80.77,135.42,0.9145,-1,-1,-1
185,1346,679.74,836.81,178.37,137.12,0.9476,-1,-1,-1
185,1348,929.61,208.06,50.60,88.50,0.8354,-1,-1,-1
185,1349,465.79,129.72,48.83,77.04,0.8566,-1,-1,-1
185,1352,562.41,344.79,73.55,116.19,0.8951,-1,-1,-1
185,1354,956.00,167.71,50.62,91.56,0.8399,-1,-1,-1
185,1355,881.79,222.50,52.46,90.61,0.8766,-1,-1,-1
185,1357,669.59,427.82,88.57,146.49,0.8041,-1,-1,-1
185,1359,1172.49,52.33,38.80,60.04,0.8507,-1,-1,-1
185,1360,693.89,354.91,89.55,143.10,0.8030,-1,-1,-1
185,1361,836.19,248.90,57.54,99.13,0.8527,-1,-1,-1
185,1364,1521.94,75.78,33.13,34.27,0.4791,-1,-1,-1
185,1366,631.03,809.09,135.14,153.40,0.5429,-1,-1,-1
185,1369,396.55,658.51,127.56,177.56,0.9166,-1,-1,-1
185,1351,811.33,403.48,68.40,127.68,0.8233,-1,-1,-1
185,1383,438.97,464.78,89.03,147.00,0.8953,-1,-1,-1
185,1387,579.40,496.86,72.82,143.68,0.8943,-1,-1,-1
185,1358,698.47,296.03,64.21,104.73,0.7561,-1,-1,-1
185,1400,308.71,509.77,99.79,160.99,0.9174,-1,-1,-1
185,1363,1073.64,76.47,51.98,79.13,0.7225,-1,-1,-1
185,1403,182.73,631.65,129.81,178.25,0.8028,-1,-1,-1
185,1398,260.11,752.36,155.23,200.54,0.5818,-1,-1,-1
185,1395,135.45,749.07,152.58,208.90,0.7474,-1,-1,-1
185,1406,625.41,495.55,107.49,163.86,0.8576,-1,-1,-1
185,1374,442.49,580.66,108.51,161.63,0.9187,-1,-1,-1
185,1405,1002.36,137.21,46.03,81.54,0.8023,-1,-1,-1
185,1414,16.00,732.67,110.27,344.14,0.8252,-1,-1,-1
185,1373,1321.41,7.60,19.06,17.53,0.5768,-1,-1,-1
185,1412,630.84,901.12,71.32,62.01,0.5215,-1,-1,-1
186,1345,506.84,385.79,80.44,135.13,0.9006,-1,-1,-1
186,1346,678.81,835.50,179.76,138.34,0.9416,-1,-1,-1
186,1348,929.74,206.87,50.90,88.83,0.8596,-1,-1,-1
186,1349,467.38,129.39,48.13,75.77,0.8635,-1,-1,-1
186,1352,564.31,343.67,73.08,115.54,0.8839,-1,-1,-1
186,1354,956.46,166.28,50.97,92.19,0.8227,-1,-1,-1
186,1355,881.91,221.75,52.95,91.30,0.8538,-1,-1,-1
186,1357,670.06,426.62,88.53,147.36,0.7915,-1,-1,-1
186,1359,1172.99,51.53,39.15,60.73,0.8614,-1,-1,-1
186,1360,696.41,355.95,88.82,142.35,0.7381,-1,-1,-1
186,1361,837.15,247.73,57.44,99.34,0.8547,-1,-1,-1
186,1364,1521.51,75.12,33.39,34.59,0.4880,-1,-1,-1
186,1366,635.56,811.15,135.93,150.26,0.5935,-1,-1,-1
186,1369,398.18,657.80,127.48,176.70,0.9293,-1,-1,-1
186,1351,811.85,400.12,64.17,119.65,0.8101,-1,-1,-1
186,1383,439.89,464.13,88.43,146.02,0.8965,-1,-1,-1
186,1387,579.54,495.35,72.59,144.19,0.8968,-1,-1,-1
186,1358,697.68,294.48,65.10,106.67,0.7448,-1,-1,-1
186,1400,311.66,507.12,100.49,161.67,0.9309,-1,-1,-1
186,1363,1072.74,75.27,53.05,81.00,0.7311,-1,-1,-1
186,1403,185.62,630.31,130.13,179.40,0.8213,-1,-1,-1
186,1398,259.14,747.45,157.31,204.86,0.6134,-1,-1,-1
186,1395,136.01,747.10,153.43,210.06,0.7310,-1,-1,-1
186,1406,624.17,489.17,109.23,168.27,0.8288,-1,-1,-1
186,1374,444.77,577.88,108.62,162.01,0.8912,-1,-1,-1
186,1405,1003.19,136.28,45.17,80.01,0.7931,-1,-1,-1
186,1414,14.18,722.11,116.18,354.32,0.7918,-1,-1,-1
186,1373,1321.73,8.01,18.48,16.95,0.5293,-1,-1,-1
186,1412,631.72,902.67,70.80,59.56,0.5429,-1,-1,-1
187,1345,509.30,385.42,80.06,134.63,0.8950,-1,-1,-1
187,1346,675.97,831.25,184.29,142.35,0.9460,-1,-1,-1
187,1348,929.55,205.84,50.79,88.41,0.8390,-1,-1,-1
187,1349,469.54,129.73,47.57,74.68,0.8665,-1,-1,-1
187,1352,568.09,343.49,73.22,115.58,0.8836,-1,-1,-1
187,1354,956.99,165.03,51.26,93.04,0.8227,-1,-1,-1
187,1355,882.74,220.71,53.78,92.64,0.8576,-1,-1,-1
187,1357,673.39,435.60,82.86,137.26,0.8205,-1,-1,-1
187,1359,1173.46,50.73,39.65,61.41,0.8416,-1,-1,-1
187,1360,701.90,361.67,85.50,135.97,0.8081,-1,-1,-1
187,1361,838.85,247.05,56.53,97.89,0.8428,-1,-1,-1
187,1364,1521.49,74.57,33.84,35.10,0.4777,-1,-1,-1
187,1366,626.68,808.12,137.68,152.61,0.5292,-1,-1,-1
187,1369,399.76,656.21,127.42,176.29,0.9343,-1,-1,-1
187,1351,812.90,397.91,69.07,128.87,0.8526,-1,-1,-1
187,1383,441.33,462.37,89.56,148.09,0.8714,-1,-1,-1
187,1387,580.46,494.39,71.87,143.75,0.8993,-1,-1,-1
187,1358,700.63,293.44,64.55,105.54,0.7384,-1,-1,-1
187,1400,315.04,505.63,101.04,161.82,0.9286,-1,-1,-1
187,1363,1072.34,74.59,53.74,82.38,0.7616,-1,-1,-1
187,1403,189.79,628.62,128.99,178.22,0.8444,-1,-1,-1
187,1398,261.29,749.45,154.50,201.99,0.7538,-1,-1,-1
187,1395,137.52,743.85,154.10,211.20,0.8360,-1,-1,-1
187,1406,626.49,493.39,104.53,161.69,0.8577,-1,-1,-1
187,1374,447.70,573.40,110.35,165.57,0.9093,-1,-1,-1
187,1405,1003.95,135.52,45.43,80.25,0.8482,-1,-1,-1
187,1414,12.01,702.03,124.30,372.46,0.7596,-1,-1,-1
187,1373,1321.18,7.55,19.09,17.46,0.5374,-1,-1,-1
187,1412,632.15,903.13,71.63,58.79,0.4544,-1,-1,-1
188,1345,510.75,384.26,79.98,135.04,0.8867,-1,-1,-1
188,1346,675.38,829.63,185.07,143.41,0.9429,-1,-1,-1
188,1348,930.04,203.77,51.01,88.46,0.8432,-1,-1,-1
188,1349,470.49,128.93,48.96,76.76,0.8512,-1,-1,-1
188,1352,570.44,343.96,72.69,114.84,0.9044,-1,-1,-1
188,1354,957.30,164.10,51.29,93.70,0.8241,-1,-1,-1
188,1355,883.37,220.43,53.45,92.08,0.8785,-1,-1,-1
188,1357,673.23,437.15,81.95,134.98,0.7928,-1,-1,-1
188,1359,1175.44,50.72,39.33,61.03,0.8065,-1,-1,-1
188,1360,700.82,354.56,89.00,142.00,0.7337,-1,-1,-1
188,1361,839.71,245.26,57.10,99.28,0.8713,-1,-1,-1
188,1364,1522.00,74.46,33.74,34.93,0.5446,-1,-1,-1
188,1366,627.65,804.43,141.23,155.52,0.5271,-1,-1,-1
188,1369,401.45,654.06,128.58,177.51,0.9396,-1,-1,-1
188,1351,813.08,395.04,71.00,133.04,0.8554,-1,-1,-1
188,1383,441.91,461.30,90.73,150.36,0.8841,-1,-1,-1
188,1387,580.78,492.98,72.13,144.98,0.8851,-1,-1,-1
188,1358,703.19,291.74,65.11,106.14,0.7920,-1,-1,-1
188,1400,317.61,504.27,101.29,161.09,0.9270,-1,-1,-1
188,1363,1072.80,74.04,53.64,82.72,0.7636,-1,-1,-1
188,1403,194.07,626.84,128.39,178.14,0.8588,-1,-1,-1
188,1398,265.27,757.45,148.34,193.28,0.6626,-1,-1,-1
188,1395,139.19,742.28,154.66,211.96,0.7327,-1,-1,-1
188,1406,628.74,496.85,101.31,156.99,0.8657,-1,-1,-1
188,1374,449.77,570.84,111.28,168.10,0.8763,-1,-1,-1
188,1405,1004.52,135.37,45.49,80.32,0.8357,-1,-1,-1
188,1414,11.02,693.07,128.96,379.92,0.7362,-1,-1,-1
188,1373,1321.33,7.31,19.44,17.85,0.5246,-1,-1,-1
188,1412,629.80,895.28,80.79,65.71,0.3927,-1,-1,-1
189,1345,513.61,384.27,78.30,132.84,0.9277,-1,-1,-1
189,1346,673.70,825.76,189.09,147.35,0.9481,-1,-1,-1
189,1348,930.16,202.04,50.28,86.55,0.8722,-1,-1,-1
189,1349,472.60,128.65,48.53,75.62,0.8315,-1,-1,-1
189,1352,573.81,341.68,73.61,116.64,0.9040,-1,-1,-1
189,1354,957.76,163.66,51.16,93.88,0.8084,-1,-1,-1
189,1355,883.59,219.58,54.13,93.21,0.8573,-1,-1,-1
189,1357,673.91,436.67,81.72,134.15,0.8158,-1,-1,-1
189,1359,1176.07,50.20,39.41,61.20,0.8231,-1,-1,-1
189,1360,704.00,357.83,86.29,136.98,0.8541,-1,-1,-1
189,1361,840.07,245.14,56.98,99.17,0.8646,-1,-1,-1
189,1364,1521.59,73.28,34.47,35.81,0.5343,-1,-1,-1
189,1366,633.74,805.05,143.01,154.25,0.5254,-1,-1,-1
189,1369,403.56,653.28,128.40,177.05,0.9435,-1,-1,-1
189,1351,814.80,392.76,68.32,127.56,0.7959,-1,-1,-1
189,1383,442.60,459.37,90.99,151.43,0.8838,-1,-1,-1
189,1387,580.93,490.63,72.11,145.76,0.8700,-1,-1,-1
189,1358,705.94,290.09,65.55,106.65,0.8089,-1,-1,-1
189,1400,321.85,503.52,101.35,160.54,0.9129,-1,-1,-1
189,1363,1073.85,73.85,53.21,82.11,0.7388,-1,-1,-1
189,1403,198.53,624.96,127.13,177.01,0.8741,-1,-1,-1
189,1398,266.47,756.68,147.92,192.55,0.8001,-1,-1,-1
189,1395,141.64,738.11,156.36,214.40,0.8173,-1,-1,-1
189,1406,630.59,496.41,100.82,156.20,0.8664,-1,-1,-1
189,1374,450.50,567.02,112.92,171.22,0.8635,-1,-1,-1
189,1405,1005.65,134.97,45.71,80.85,0.8457,-1,-1,-1
189,1414,12.28,696.56,129.62,373.68,0.7024,-1,-1,-1
189,1373,1321.01,6.91,19.90,18.40,0.5803,-1,-1,-1
189,1412,628.28,891.53,84.19,68.13,0.4345,-1,-1,-1
190,1345,515.65,383.15,78.39,133.40,0.8874,-1,-1,-1
190,1346,669.21,818.12,196.26,154.47,0.9504,-1,-1,-1
190,1348,929.67,200.95,50.60,86.57,0.8762,-1,-1,-1
190,1349,473.88,127.08,49.18,76.11,0.8662,-1,-1,-1
190,1352,576.44,341.37,72.93,115.65,0.9150,-1,-1,-1
190,1354,959.16,162.35,51.42,94.86,0.8075,-1,-1,-1
190,1355,884.89,218.79,54.15,93.05,0.8618,-1,-1,-1
190,1357,674.64,436.27,82.47,134.56,0.8110,-1,-1,-1
190,1359,1176.81,50.30,39.16,60.95,0.8232,-1,-1,-1
190,1360,705.04,355.62,87.12,137.96,0.8288,-1,-1,-1
190,1361,841.84,243.17,57.53,100.16,0.8660,-1,-1,-1
190,1364,1521.73,72.36,35.17,36.64,0.5910,-1,-1,-1
190,1366,613.19,804.04,138.21,154.23,0.4628,-1,-1,-1
190,1369,404.20,651.03,129.67,179.09,0.9428,-1,-1,-1
190,1351,815.99,389.85,70.42,131.82,0.8464,-1,-1,-1
190,1383,443.46,458.13,91.77,153.35,0.8600,-1,-1,-1
190,1387,581.58,489.09,72.09,146.04,0.8831,-1,-1,-1
190,1358,707.99,288.67,66.67,108.09,0.8505,-1,-1,-1
190,1400,324.44,502.42,101.49,160.29,0.9200,-1,-1,-1
190,1363,1076.11,73.17,52.40,80.63,0.7537,-1,-1,-1
190,1403,201.77,623.55,126.62,176.78,0.8939,-1,-1,-1
190,1398,266.12,755.55,148.88,193.62,0.8261,-1,-1,-1
190,1395,141.84,736.08,157.18,215.92,0.8601,-1,-1,-1
190,1406,631.84,495.84,100.50,155.88,0.8680,-1,-1,-1
190,1374,451.35,564.93,114.03,173.64,0.8550,-1,-1,-1
190,1405,1006.37,133.93,45.89,81.26,0.8696,-1,-1,-1
190,1414,22.38,769.24,111.45,300.76,0.7414,-1,-1,-1
190,1373,1320.89,6.48,20.27,18.80,0.5666,-1,-1,-1
190,1412,629.05,895.66,79.51,63.49,0.5414,-1,-1,-1
191,1345,519.05,381.43,78.19,133.13,0.8930,-1,-1,-1
191,1346,670.95,818.76,194.75,154.12,0.9558,-1,-1,-1
191,1348,929.07,200.13,50.80,86.31,0.9005,-1,-1,-1
191,1349,475.12,126.21,49.75,76.49,0.8605,-1,-1,-1
191,1352,578.80,341.34,71.33,113.32,0.8917,-1,-1,-1
191,1354,960.64,161.07,51.13,94.54,0.8695,-1,-1,-1
191,1355,886.09,217.69,54.37,93.40,0.8386,-1,-1,-1
191,1357,675.93,436.34,81.98,133.18,0.8313,-1,-1,-1
191,1359,1178.03,48.89,39.55,61.89,0.8487,-1,-1,-1
191,1360,702.35,342.15,93.78,149.66,0.7600,-1,-1,-1
191,1361,843.73,242.24,57.12,99.33,0.8757,-1,-1,-1
191,1364,1521.43,70.48,36.05,37.72,0.5536,-1,-1,-1
191,1366,622.20,806.93,137.06,151.68,0.4674,-1,-1,-1
191,1369,404.98,648.89,130.84,180.97,0.9455,-1,-1,-1
191,1351,816.80,387.18,71.95,134.45,0.8505,-1,-1,-1
191,1383,446.18,457.38,91.23,152.40,0.8798,-1,-1,-1
191,1387,584.02,489.61,69.84,141.01,0.8740,-1,-1,-1
191,1358,709.31,287.80,65.71,106.30,0.8507,-1,-1,-1
191,1400,326.28,500.15,101.54,160.12,0.9152,-1,-1,-1
191,1363,1078.07,71.82,53.33,82.47,0.7361,-1,-1,-1
191,1403,206.00,621.06,125.86,176.27,0.9083,-1,-1,-1
191,1398,265.01,748.10,152.96,199.59,0.8211,-1,-1,-1
191,1395,143.09,733.96,156.69,216.43,0.8029,-1,-1,-1
191,1406,629.02,480.62,107.65,169.44,0.8453,-1,-1,-1
191,1374,453.61,563.61,112.91,172.22,0.8568,-1,-1,-1
191,1405,1007.78,134.24,45.09,79.98,0.8435,-1,-1,-1
191,1414,33.31,837.15,95.10,231.80,0.8639,-1,-1,-1
191,1373,1321.34,6.57,20.10,18.65,0.6162,-1,-1,-1
191,1412,629.81,898.83,77.02,60.38,0.5438,-1,-1,-1
192,1345,521.38,379.82,78.56,133.38,0.8838,-1,-1,-1
192,1346,670.93,816.54,196.09,156.19,0.9520,-1,-1,-1
192,1348,928.37,199.21,51.20,86.50,0.9029,-1,-1,-1
192,1349,476.65,126.26,49.63,75.76,0.8713,-1,-1,-1
192,1352,581.07,339.74,70.42,111.88,0.8665,-1,-1,-1
192,1354,961.29,159.93,51.27,95.01,0.8665,-1,-1,-1
192,1355,887.13,217.10,54.31,93.41,0.8462,-1,-1,-1
192,1357,675.15,434.77,82.49,133.60,0.8598,-1,-1,-1
192,1359,1178.68,48.11,39.62,62.32,0.8566,-1,-1,-1
192,1360,700.68,335.19,96.78,155.81,0.8138,-1,-1,-1
192,1361,844.23,241.97,57.14,99.16,0.8838,-1,-1,-1
192,1364,1521.10,69.63,36.20,38.02,0.5093,-1,-1,-1
192,1366,628.49,808.20,138.22,150.90,0.4594,-1,-1,-1
192,1369,406.34,648.03,131.01,181.59,0.9375,-1,-1,-1
192,1351,818.26,384.80,71.97,134.10,0.7999,-1,-1,-1
192,1383,448.47,457.26,90.23,150.91,0.8623,-1,-1,-1
192,1387,584.45,489.77,69.45,139.94,0.8768,-1,-1,-1
192,1358,711.78,287.10,65.22,105.83,0.8453,-1,-1,-1
192,1400,327.12,498.34,101.97,160.91,0.9132,-1,-1,-1
192,1363,1078.40,71.19,53.43,83.15,0.7249,-1,-1,-1
192,1403,207.91,619.09,126.04,176.85,0.9214,-1,-1,-1
192,1398,264.49,743.61,155.01,202.85,0.8300,-1,-1,-1
192,1395,144.78,733.55,154.64,214.97,0.8041,-1,-1,-1
192,1406,628.90,475.43,108.94,173.49,0.8354,-1,-1,-1
192,1374,454.93,563.33,113.03,172.29,0.8682,-1,-1,-1
192,1405,1008.39,133.23,45.52,80.95,0.8557,-1,-1,-1
192,1414,35.86,861.00,93.13,208.15,0.9171,-1,-1,-1
192,1373,1321.85,6.61,19.85,18.43,0.6143,-1,-1,-1
192,1412,628.99,894.09,85.23,66.17,0.4340,-1,-1,-1
193,1345,523.70,378.00,79.12,133.68,0.8737,-1,-1,-1
193,1346,670.43,814.55,196.45,157.59,0.9536,-1,-1,-1
193,1348,927.75,198.09,51.37,86.09,0.8903,-1,-1,-1
193,1349,479.11,125.88,49.65,75.35,0.8699,-1,-1,-1
193,1352,585.08,338.84,70.63,111.62,0.8640,-1,-1,-1
193,1354,962.96,160.15,50.82,94.27,0.8619,-1,-1,-1
193,1355,887.89,215.73,54.33,93.69,0.8442,-1,-1,-1
193,1357,675.85,436.96,81.21,130.10,0.7979,-1,-1,-1
193,1359,1180.46,47.36,39.40,62.28,0.8258,-1,-1,-1
193,1360,701.48,335.35,95.45,154.53,0.8342,-1,-1,-1
193,1361,845.96,241.50,56.98,98.33,0.8699,-1,-1,-1
193,1364,1521.51,69.60,35.59,37.47,0.5058,-1,-1,-1
193,1366,612.34,803.87,138.94,156.03,0.5071,-1,-1,-1
193,1369,408.23,645.87,131.59,182.67,0.9373,-1,-1,-1
193,1351,819.04,382.89,71.54,132.57,0.8676,-1,-1,-1
193,1383,450.23,455.19,89.62,150.21,0.8432,-1,-1,-1
193,1387,584.45,489.24,69.78,140.35,0.8721,-1,-1,-1
193,1358,714.03,285.60,63.85,103.47,0.8802,-1,-1,-1
193,1400,329.32,494.64,103.18,163.00,0.9083,-1,-1,-1
193,1363,1078.36,71.66,52.98,83.27,0.6920,-1,-1,-1
193,1403,211.20,616.42,125.44,176.36,0.9159,-1,-1,-1
193,1398,264.63,739.54,155.62,204.65,0.7275,-1,-1,-1
193,1395,148.52,732.08,152.99,213.53,0.6598,-1,-1,-1
193,1406,626.23,462.23,115.18,186.68,0.8491,-1,-1,-1
193,1374,455.52,563.91,113.21,172.61,0.8671,-1,-1,-1
193,1405,1009.65,132.50,45.51,80.86,0.8467,-1,-1,-1
193,1414,35.43,865.44,97.35,201.76,0.9453,-1,-1,-1
193,1373,1322.47,6.71,19.57,18.23,0.6201,-1,-1,-1
193,1412,625.85,890.03,91.63,71.13,0.4804,-1,-1,-1
194,1345,526.60,376.11,79.44,134.11,0.8934,-1,-1,-1
194,1346,670.59,814.23,195.52,157.83,0.9568,-1,-1,-1
194,1348,927.48,196.83,51.50,85.80,0.8759,-1,-1,-1
194,1349,479.79,124.67,50.42,76.31,0.8610,-1,-1,-1
194,1352,586.81,337.49,71.77,113.05,0.8847,-1,-1,-1
194,1354,963.80,160.50,50.74,94.25,0.8422,-1,-1,-1
194,1355,888.54,214.75,54.11,93.30,0.8462,-1,-1,-1
194,1357,675.88,434.77,82.44,131.74,0.7808,-1,-1,-1
194,1359,1181.88,47.65,39.32,62.20,0.8420,-1,-1,-1
194,1360,703.06,334.27,95.82,155.88,0.8498,-1,-1,-1
194,1361,846.77,240.72,57.05,98.04,0.8725,-1,-1,-1
194,1364,1522.44,69.86,34.56,36.49,0.5092,-1,-1,-1
194,1366,606.96,802.29,137.52,158.64,0.5563,-1,-1,-1
194,1369,409.56,644.05,132.27,183.90,0.9398,-1,-1,-1
194,1351,817.83,379.97,72.17,133.75,0.8484,-1,-1,-1
194,1383,452.69,454.62,89.42,149.91,0.8754,-1,-1,-1
194,1387,585.62,488.80,69.76,139.95,0.8693,-1,-1,-1
194,1358,714.99,283.86,64.56,104.81,0.8718,-1,-1,-1
194,1400,331.85,493.55,102.58,162.36,0.9164,-1,-1,-1
194,1363,1080.37,71.75,52.91,83.19,0.6501,-1,-1,-1
194,1403,213.21,615.54,125.23,176.43,0.9193,-1,-1,-1
194,1398,263.78,735.93,157.13,207.74,0.5392,-1,-1,-1
194,1395,152.00,730.68,150.36,210.92,0.6131,-1,-1,-1
194,1406,627.67,461.30,114.21,187.46,0.8346,-1,-1,-1
194,1374,455.75,562.70,113.65,173.48,0.8788,-1,-1,-1
194,1405,1010.35,132.08,45.47,80.58,0.8400,-1,-1,-1
194,1414,33.90,865.90,103.39,200.60,0.9438,-1,-1,-1
194,1373,1323.08,6.64,19.62,18.29,0.6562,-1,-1,-1
194,1412,626.03,894.31,87.44,67.27,0.4968,-1,-1,-1
195,1345,529.90,374.10,79.82,134.31,0.9135,-1,-1,-1
195,1346,669.22,810.73,197.75,161.05,0.9553,-1,-1,-1
195,1348,926.95,194.71,53.50,89.01,0.8352,-1,-1,-1
195,1349,482.34,124.18,49.23,74.10,0.8638,-1,-1,-1
195,1352,590.01,336.68,71.41,112.24,0.8754,-1,-1,-1
195,1354,966.19,159.65,50.20,93.63,0.8023,-1,-1,-1
195,1355,890.25,212.08,54.84,94.41,0.8526,-1,-1,-1
195,1357,672.96,434.14,83.66,132.26,0.7467,-1,-1,-1
195,1359,1183.38,46.18,40.13,63.49,0.8574,-1,-1,-1
195,1360,704.56,334.31,95.03,155.00,0.8453,-1,-1,-1
195,1361,848.13,239.95,57.07,97.84,0.8578,-1,-1,-1
195,1364,1523.28,69.95,34.14,36.27,0.5631,-1,-1,-1
195,1366,604.21,801.81,134.46,159.69,0.5402,-1,-1,-1
195,1369,411.46,641.73,132.08,183.99,0.9398,-1,-1,-1
195,1351,819.07,377.98,71.34,132.55,0.8210,-1,-1,-1
195,1383,455.24,452.50,88.17,148.27,0.8749,-1,-1,-1
195,1387,588.16,487.11,70.75,141.25,0.8733,-1,-1,-1
195,1358,715.75,282.38,65.16,106.24,0.8921,-1,-1,-1
195,1400,334.00,491.43,102.28,162.59,0.9000,-1,-1,-1
195,1363,1092.76,67.51,46.28,73.39,0.5713,-1,-1,-1
195,1403,214.64,614.47,125.80,177.97,0.9188,-1,-1,-1
195,1398,261.99,730.59,159.51,211.99,0.4168,-1,-1,-1
195,1395,155.23,728.96,148.65,209.44,0.4323,-1,-1,-1
195,1406,629.06,459.88,113.47,188.51,0.8145,-1,-1,-1
195,1374,459.41,561.95,112.00,171.07,0.8731,-1,-1,-1
195,1405,1011.71,130.70,45.21,80.15,0.8322,-1,-1,-1
195,1414,32.51,864.16,110.48,202.21,0.9488,-1,-1,-1
195,1373,1323.43,6.54,19.67,18.32,0.6517,-1,-1,-1
195,1412,625.84,896.88,85.64,65.34,0.5229,-1,-1,-1
195,1362,1081.38,76.71,44.62,77.37,0.6123,-1,-1,-1
196,1345,531.77,373.41,79.87,134.10,0.9198,-1,-1,-1
196,1346,671.05,812.21,195.00,159.79,0.9492,-1,-1,-1
196,1348,927.57,192.92,53.37,88.78,0.8470,-1,-1,-1
196,1349,484.08,123.59,49.56,74.52,0.8645,-1,-1,-1
196,1352,592.49,335.89,71.40,111.97,0.8776,-1,-1,-1
196,1354,966.93,160.05,49.84,92.97,0.8285,-1,-1,-1
196,1355,891.77,211.32,54.98,94.64,0.8437,-1,-1,-1
196,1357,674.37,433.52,83.83,132.50,0.7986,-1,-1,-1
196,1359,1184.77,45.19,39.89,63.44,0.8621,-1,-1,-1
196,1360,715.01,353.97,83.74,135.14,0.8224,-1,-1,-1
196,1361,848.71,238.56,57.80,99.00,0.8480,-1,-1,-1
196,1364,1524.19,69.80,34.13,36.26,0.5362,-1,-1,-1
196,1366,629.11,805.83,135.34,155.09,0.5076,-1,-1,-1
196,1369,413.57,640.73,131.48,183.28,0.9464,-1,-1,-1
196,1351,820.60,375.90,71.07,131.75,0.8159,-1,-1,-1
196,1383,457.19,452.49,87.49,146.71,0.8905,-1,-1,-1
196,1387,588.70,485.52,71.51,142.71,0.8744,-1,-1,-1
196,1358,716.03,281.74,65.67,107.46,0.8604,-1,-1,-1
196,1400,335.50,488.84,102.40,163.57,0.9095,-1,-1,-1
196,1363,1101.13,67.58,41.02,65.79,0.6411,-1,-1,-1
196,1403,216.07,613.44,126.36,179.38,0.9087,-1,-1,-1
196,1398,220.07,714.12,178.28,227.06,0.5975,-1,-1,-1
196,1395,154.59,727.17,147.79,210.22,0.4437,-1,-1,-1
196,1406,633.79,472.63,106.01,175.86,0.8293,-1,-1,-1
196,1374,460.90,560.30,112.16,170.90,0.8869,-1,-1,-1
196,1405,1013.58,130.36,44.75,79.69,0.8424,-1,-1,-1
196,1414,30.09,862.41,116.40,202.56,0.9286,-1,-1,-1
196,1373,1323.29,6.01,20.01,18.68,0.6010,-1,-1,-1
196,1412,618.87,880.08,106.06,82.29,0.4641,-1,-1,-1
196,1362,1082.50,80.71,42.48,72.89,0.6870,-1,-1,-1
197,1345,534.85,372.98,79.29,132.75,0.8986,-1,-1,-1
197,1346,671.95,811.83,194.91,160.61,0.9564,-1,-1,-1
197,1348,927.82,190.81,53.61,89.33,0.8406,-1,-1,-1
197,1349,485.99,122.48,49.31,73.85,0.8331,-1,-1,-1
197,1352,592.14,333.04,71.57,112.60,0.8708,-1,-1,-1
197,1354,968.54,159.62,49.51,92.50,0.8296,-1,-1,-1
197,1355,892.93,211.99,54.24,93.24,0.8426,-1,-1,-1
197,1357,676.09,428.37,85.72,136.26,0.7363,-1,-1,-1
197,1359,1185.65,45.51,39.06,62.27,0.8565,-1,-1,-1
197,1360,713.38,345.26,89.30,143.89,0.7796,-1,-1,-1
197,1361,849.28,237.30,58.19,100.17,0.8591,-1,-1,-1
197,1364,1524.70,69.92,33.46,35.86,0.5719,-1,-1,-1
197,1366,632.97,806.92,136.14,153.05,0.4878,-1,-1,-1
197,1369,414.34,638.28,131.55,183.85,0.9400,-1,-1,-1
197,1351,822.55,374.12,63.71,117.71,0.7801,-1,-1,-1
197,1383,462.11,451.46,85.93,143.30,0.8665,-1,-1,-1
197,1387,589.48,483.49,72.20,144.27,0.8667,-1,-1,-1
197,1358,718.28,279.46,66.96,109.58,0.8787,-1,-1,-1
197,1400,337.80,487.81,101.62,162.83,0.9124,-1,-1,-1
197,1363,1104.12,65.96,40.02,64.78,0.7149,-1,-1,-1
197,1403,221.04,613.16,125.99,178.91,0.8899,-1,-1,-1
197,1398,204.46,714.45,185.91,226.96,0.8723,-1,-1,-1
197,1406,635.20,470.17,106.20,177.17,0.8229,-1,-1,-1
197,1374,462.84,557.82,112.20,170.68,0.8231,-1,-1,-1
197,1405,1014.02,128.16,45.28,80.95,0.8583,-1,-1,-1
197,1414,29.14,858.37,123.65,206.18,0.9370,-1,-1,-1
197,1373,1323.40,5.66,20.13,18.91,0.6077,-1,-1,-1
197,1412,621.19,881.82,102.19,79.58,0.5135,-1,-1,-1
197,1362,1082.64,82.37,41.18,70.34,0.6933,-1,-1,-1
198,1345,536.60,371.43,79.42,133.11,0.8831,-1,-1,-1
198,1346,673.52,812.70,193.53,160.05,0.9529,-1,-1,-1
198,1348,928.13,189.51,53.19,88.37,0.8174,-1,-1,-1
198,1349,488.47,123.23,48.64,72.24,0.8540,-1,-1,-1
198,1352,594.56,332.41,72.58,114.15,0.8812,-1,-1,-1
198,1354,970.92,159.89,48.98,91.37,0.8464,-1,-1,-1
198,1355,894.19,213.88,54.11,92.64,0.8426,-1,-1,-1
198,1357,676.42,428.33,85.13,135.91,0.7456,-1,-1,-1
198,1359,1188.43,45.49,38.46,61.14,0.8699,-1,-1,-1
198,1360,714.72,344.90,89.53,143.73,0.7714,-1,-1,-1
198,1361,850.61,237.42,57.54,99.26,0.8612,-1,-1,-1
198,1364,1525.31,69.31,33.66,36.30,0.5676,-1,-1,-1
198,1366,631.40,806.49,137.89,153.28,0.4518,-1,-1,-1
198,1369,415.09,637.74,130.34,183.00,0.9277,-1,-1,-1
198,1351,823.19,372.82,67.30,124.44,0.8489,-1,-1,-1
198,1383,463.11,448.95,88.39,147.62,0.8719,-1,-1,-1
198,1387,590.05,480.40,73.20,146.81,0.8894,-1,-1,-1
198,1358,718.81,278.44,66.69,109.73,0.8470,-1,-1,-1
198,1400,339.18,486.54,101.40,163.50,0.9194,-1,-1,-1
198,1363,1105.68,65.67,39.72,64.66,0.6967,-1,-1,-1
198,1403,224.86,613.09,125.28,178.54,0.8288,-1,-1,-1
198,1398,195.24,710.00,196.39,231.85,0.8883,-1,-1,-1
198,1406,638.36,476.14,102.20,170.43,0.8412,-1,-1,-1
198,1374,466.01,554.37,112.24,171.35,0.8331,-1,-1,-1
198,1405,1015.03,127.67,45.41,80.93,0.8408,-1,-1,-1
198,1414,30.25,855.97,128.75,206.77,0.9354,-1,-1,-1
198,1373,1323.09,5.33,20.30,19.11,0.5356,-1,-1,-1
198,1412,623.92,885.15,97.50,75.73,0.4711,-1,-1,-1
198,1362,1082.56,81.37,41.62,71.74,0.6973,-1,-1,-1
199,1345,539.00,370.99,79.68,133.74,0.8934,-1,-1,-1
199,1346,674.92,814.30,191.86,159.09,0.9548,-1,-1,-1
199,1348,927.94,186.52,53.58,89.15,0.8406,-1,-1,-1
199,1349,490.46,122.32,48.89,72.20,0.8587,-1,-1,-1
199,1352,596.97,332.62,72.56,114.28,0.9112,-1,-1,-1
199,1354,972.09,158.29,48.86,91.28,0.8145,-1,-1,-1
199,1355,894.48,213.94,54.32,92.94,0.8401,-1,-1,-1
199,1357,678.96,427.08,84.31,135.58,0.7434,-1,-1,-1
199,1359,1189.95,45.72,38.61,61.14,0.8787,-1,-1,-1
199,1360,719.34,351.90,85.04,134.92,0.7221,-1,-1,-1
199,1361,851.26,236.69,57.52,99.50,0.8497,-1,-1,-1
199,1364,1525.16,68.39,34.43,37.40,0.5690,-1,-1,-1
199,1366,633.13,805.89,140.44,153.52,0.5422,-1,-1,-1
199,1369,419.83,638.10,128.29,180.20,0.9277,-1,-1,-1
199,1351,824.06,369.50,68.17,126.31,0.8443,-1,-1,-1
199,1383,464.23,447.69,90.07,150.80,0.8689,-1,-1,-1
199,1387,591.37,475.39,73.73,149.52,0.8612,-1,-1,-1
199,1358,722.06,278.06,66.99,110.57,0.8378,-1,-1,-1
199,1400,341.75,484.66,101.64,164.71,0.8947,-1,-1,-1
199,1363,1107.76,64.97,39.73,65.31,0.7104,-1,-1,-1
199,1403,231.88,612.75,123.52,176.68,0.8714,-1,-1,-1
199,1398,190.91,706.84,202.49,232.57,0.8849,-1,-1,-1
199,1406,638.26,473.08,104.25,174.34,0.8655,-1,-1,-1
199,1374,470.06,550.59,112.08,171.89,0.8607,-1,-1,-1
199,1405,1016.87,128.47,44.93,79.46,0.8312,-1,-1,-1
199,1414,31.84,852.16,133.12,207.01,0.9515,-1,-1,-1
199,1373,1322.94,4.76,20.82,19.63,0.5198,-1,-1,-1
199,1412,615.71,871.85,110.76,88.13,0.4366,-1,-1,-1
199,1362,1083.41,83.72,40.21,68.94,0.6751,-1,-1,-1
200,1345,540.43,370.81,79.46,133.72,0.8813,-1,-1,-1
200,1346,675.73,815.31,190.53,158.33,0.9506,-1,-1,-1
200,1348,927.59,185.11,53.33,88.90,0.8284,-1,-1,-1
200,1349,491.32,121.88,49.22,72.34,0.8593,-1,-1,-1
200,1352,599.54,331.86,72.37,114.47,0.9086,-1,-1,-1
200,1354,973.09,157.30,48.87,91.02,0.7958,-1,-1,-1
200,1355,895.53,213.71,54.28,92.15,0.8337,-1,-1,-1
200,1357,680.20,426.25,83.65,135.41,0.7317,-1,-1,-1
200,1359,1191.05,45.68,38.71,61.08,0.8588,-1,-1,-1
200,1360,716.64,346.57,88.38,139.58,0.7136,-1,-1,-1
200,1361,852.16,235.83,57.88,100.16,0.8519,-1,-1,-1
200,1364,1525.46,68.22,34.25,37.38,0.5379,-1,-1,-1
200,1366,637.72,806.02,143.60,152.96,0.5169,-1,-1,-1
200,1369,421.61,638.26,127.60,178.99,0.9347,-1,-1,-1
200,1351,824.93,367.06,68.56,127.75,0.8269,-1,-1,-1
200,1383,464.47,446.14,91.11,153.08,0.8709,-1,-1,-1
200,1387,591.60,473.78,73.77,151.30,0.8679,-1,-1,-1
200,1358,723.65,276.74,68.29,113.41,0.8948,-1,-1,-1
200,1400,343.61,482.88,101.38,165.56,0.8855,-1,-1,-1
200,1363,1110.39,66.04,38.59,63.64,0.6839,-1,-1,-1
200,1403,236.59,613.04,122.18,175.43,0.8660,-1,-1,-1
200,1398,191.89,711.07,202.56,225.34,0.9065,-1,-1,-1
200,1406,638.91,471.88,105.06,176.30,0.8671,-1,-1,-1
200,1374,471.99,547.66,112.75,174.16,0.8583,-1,-1,-1
200,1405,1018.24,128.84,44.44,78.16,0.8083,-1,-1,-1
200,1414,31.59,850.90,137.84,208.11,0.9527,-1,-1,-1
200,1373,1322.99,4.31,21.21,20.09,0.4842,-1,-1,-1
200,1412,619.88,878.54,101.37,80.94,0.4217,-1,-1,-1
200,1362,1083.58,83.19,40.52,69.38,0.6726,-1,-1,-1
201,1345,542.46,370.00,79.87,134.55,0.8674,-1,-1,-1
201,1346,679.28,820.01,185.65,154.23,0.9430,-1,-1,-1
201,1348,927.97,183.58,53.78,89.83,0.8771,-1,-1,-1
201,1349,493.00,121.11,49.67,72.69,0.8693,-1,-1,-1
201,1352,601.89,330.66,73.16,116.16,0.8959,-1,-1,-1
201,1354,974.23,157.69,48.93,90.90,0.7407,-1,-1,-1
201,1355,895.97,211.38,54.41,92.60,0.8370,-1,-1,-1
201,1357,681.63,428.25,82.31,133.78,0.7468,-1,-1,-1
201,1359,1192.22,45.39,39.15,61.72,0.8457,-1,-1,-1
201,1360,727.33,359.59,79.85,125.98,0.8001,-1,-1,-1
201,1361,854.17,234.66,58.07,100.81,0.8645,-1,-1,-1
201,1364,1525.62,67.63,34.19,37.22,0.5181,-1,-1,-1
201,1366,637.52,803.54,148.44,154.93,0.6883,-1,-1,-1
201,1369,423.89,638.31,126.88,178.08,0.9354,-1,-1,-1
201,1351,827.07,366.64,67.58,125.70,0.8356,-1,-1,-1
201,1383,467.16,445.14,91.98,154.83,0.8924,-1,-1,-1
201,1387,592.83,474.55,72.90,150.51,0.8910,-1,-1,-1
201,1358,725.88,275.72,67.66,113.22,0.8748,-1,-1,-1
201,1400,345.28,480.34,100.96,166.50,0.8451,-1,-1,-1
201,1363,1113.61,65.11,38.62,63.76,0.7657,-1,-1,-1
201,1403,241.07,613.08,120.92,174.09,0.8949,-1,-1,-1
201,1398,190.00,706.04,207.43,225.55,0.8596,-1,-1,-1
201,1406,641.14,473.99,103.25,173.48,0.8461,-1,-1,-1
201,1374,474.94,546.36,112.74,174.88,0.8414,-1,-1,-1
201,1405,1018.94,127.80,44.53,78.12,0.7872,-1,-1,-1
201,1414,31.82,851.76,141.38,207.16,0.9582,-1,-1,-1
201,1373,1323.52,4.04,21.52,20.41,0.4490,-1,-1,-1
201,1412,621.09,878.30,100.40,80.59,0.3454,-1,-1,-1
201,1362,1084.21,82.44,40.89,70.23,0.6447,-1,-1,-1
202,1345,543.53,368.59,80.75,135.91,0.8743,-1,-1,-1
202,1346,682.25,823.76,182.40,151.13,0.9372,-1,-1,-1
202,1348,928.43,182.18,53.82,90.04,0.8797,-1,-1,-1
202,1349,493.75,120.22,50.19,73.24,0.8586,-1,-1,-1
202,1352,602.97,329.66,72.52,115.83,0.8574,-1,-1,-1
202,1354,975.21,157.41,49.19,91.28,0.7743,-1,-1,-1
202,1355,897.43,210.45,54.46,92.51,0.8489,-1,-1,-1
202,1357,682.56,430.82,80.77,131.44,0.7545,-1,-1,-1
202,1359,1192.50,44.83,39.51,62.22,0.8494,-1,-1,-1
202,1360,732.54,367.40,74.90,117.86,0.8195,-1,-1,-1
202,1361,855.86,234.50,58.01,100.82,0.8589,-1,-1,-1
202,1364,1525.71,67.70,33.89,36.82,0.4882,-1,-1,-1
202,1366,641.43,804.20,151.35,153.74,0.6446,-1,-1,-1
202,1369,426.35,638.12,127.12,178.08,0.9443,-1,-1,-1
202,1351,828.73,365.77,68.00,126.06,0.8385,-1,-1,-1
202,1383,469.52,443.98,91.68,154.19,0.8958,-1,-1,-1
202,1387,593.92,474.86,72.09,149.64,0.8948,-1,-1,-1
202,1358,727.15,274.73,67.37,113.53,0.8793,-1,-1,-1
202,1400,347.20,478.56,98.95,164.25,0.8487,-1,-1,-1
202,1363,1115.12,65.34,38.48,63.49,0.7703,-1,-1,-1
202,1403,243.54,613.47,120.09,172.79,0.8953,-1,-1,-1
202,1398,191.02,709.14,207.49,220.30,0.7867,-1,-1,-1
202,1406,640.23,470.20,105.26,177.68,0.8562,-1,-1,-1
202,1374,478.65,544.84,112.75,175.93,0.8552,-1,-1,-1
202,1405,1019.44,127.38,44.65,78.11,0.8271,-1,-1,-1
202,1414,35.04,851.89,142.69,203.25,0.9517,-1,-1,-1
202,1373,1323.59,4.01,21.60,20.47,0.4262,-1,-1,-1
202,1412,624.66,883.51,93.72,74.97,0.3292,-1,-1,-1
202,1362,1084.90,82.72,40.81,70.17,0.6473,-1,-1,-1
202,1421,711.50,332.47,45.23,115.68,0.7643,-1,-1,-1
203,1345,545.66,367.36,81.27,137.07,0.8794,-1,-1,-1
203,1346,680.02,819.64,188.03,156.27,0.9427,-1,-1,-1
203,1348,928.51,181.23,53.86,90.29,0.8425,-1,-1,-1
203,1349,496.35,118.10,50.95,73.96,0.8721,-1,-1,-1
203,1352,606.31,329.11,71.82,115.13,0.8617,-1,-1,-1
203,1354,976.15,156.86,49.04,90.92,0.8031,-1,-1,-1
203,1355,898.91,209.22,55.09,93.66,0.8702,-1,-1,-1
203,1357,683.00,432.76,79.85,130.39,0.7380,-1,-1,-1
203,1359,1194.02,44.45,39.68,62.46,0.8175,-1,-1,-1
203,1360,734.36,367.79,74.24,116.84,0.7517,-1,-1,-1
203,1361,857.16,233.98,58.31,101.40,0.8667,-1,-1,-1
203,1364,1525.58,67.65,33.74,36.48,0.5451,-1,-1,-1
203,1366,639.11,801.01,157.18,156.98,0.6088,-1,-1,-1
203,1369,427.89,637.59,127.50,178.40,0.9514,-1,-1,-1
203,1351,831.02,364.70,67.91,125.09,0.8901,-1,-1,-1
203,1383,471.29,443.18,92.33,155.27,0.9133,-1,-1,-1
203,1387,595.87,474.75,71.23,149.04,0.8713,-1,-1,-1
203,1358,730.73,274.14,66.21,112.55,0.8848,-1,-1,-1
203,1400,348.82,477.77,93.47,156.60,0.8064,-1,-1,-1
203,1363,1117.13,64.95,38.87,63.90,0.8093,-1,-1,-1
203,1403,248.58,613.65,119.09,171.91,0.8944,-1,-1,-1
203,1398,192.87,707.79,209.92,218.76,0.9058,-1,-1,-1
203,1406,641.97,474.48,103.34,174.40,0.8620,-1,-1,-1
203,1374,482.43,544.58,111.42,174.54,0.8686,-1,-1,-1
203,1405,1020.62,127.20,44.88,78.18,0.8111,-1,-1,-1
203,1414,38.31,852.48,144.06,200.26,0.9264,-1,-1,-1
203,1373,1323.98,4.43,21.21,20.07,0.4190,-1,-1,-1
203,1412,621.52,876.15,101.09,81.90,0.2838,-1,-1,-1
203,1362,1086.54,81.04,41.61,71.91,0.6354,-1,-1,-1
203,1421,714.87,330.51,45.04,114.99,0.7230,-1,-1,-1
204,1345,547.65,367.09,81.22,137.16,0.8830,-1,-1,-1
204,1346,688.13,832.24,175.35,144.17,0.9426,-1,-1,-1
204,1348,928.97,180.24,53.41,89.67,0.8586,-1,-1,-1
204,1349,497.48,116.84,51.62,74.74,0.8613,-1,-1,-1
204,1352,608.73,328.83,70.96,114.13,0.8794,-1,-1,-1
204,1354,976.35,155.62,49.38,91.42,0.8005,-1,-1,-1
204,1355,899.37,208.39,55.09,93.72,0.8847,-1,-1,-1
204,1357,683.38,433.35,79.71,130.40,0.7510,-1,-1,-1
204,1359,1194.94,45.14,39.45,61.77,0.8106,-1,-1,-1
204,1360,736.50,368.42,74.18,116.24,0.8145,-1,-1,-1
204,1361,859.13,233.91,58.32,101.39,0.8676,-1,-1,-1
204,1364,1525.85,67.49,33.62,36.30,0.5116,-1,-1,-1
204,1366,638.18,803.12,156.69,154.34,0.7583,-1,-1,-1
204,1369,430.53,637.66,127.93,178.48,0.9461,-1,-1,-1
204,1351,832.09,363.63,68.12,125.39,0.8755,-1,-1,-1
204,1383,474.38,443.16,92.28,154.58,0.9053,-1,-1,-1
204,1387,597.30,476.06,70.67,148.64,0.8786,-1,-1,-1
204,1358,732.95,274.38,64.97,109.84,0.8661,-1,-1,-1
204,1400,351.13,476.63,98.23,165.63,0.8788,-1,-1,-1
204,1363,1118.70,64.87,39.17,63.90,0.8055,-1,-1,-1
204,1403,252.04,614.16,117.68,170.55,0.8943,-1,-1,-1
204,1398,193.16,707.68,211.17,216.83,0.8514,-1,-1,-1
204,1406,644.44,476.26,102.42,172.41,0.8567,-1,-1,-1
204,1374,485.64,544.72,110.03,173.22,0.8750,-1,-1,-1
204,1405,1021.34,126.96,45.13,78.34,0.7895,-1,-1,-1
204,1414,42.21,854.28,145.51,197.99,0.9275,-1,-1,-1
204,1373,1324.28,4.82,20.87,19.73,0.4070,-1,-1,-1
204,1412,616.32,863.38,113.73,94.46,0.2808,-1,-1,-1
204,1362,1087.06,81.29,40.98,71.20,0.6022,-1,-1,-1
204,1421,716.58,329.02,44.79,114.09,0.7428,-1,-1,-1
205,1345,550.07,366.11,81.14,137.63,0.8899,-1,-1,-1
205,1346,691.44,836.72,171.11,139.36,0.9394,-1,-1,-1
205,1348,929.59,179.39,53.02,88.84,0.8986,-1,-1,-1
205,1349,499.22,116.66,51.77,74.83,0.8744,-1,-1,-1
205,1352,611.08,328.31,69.96,112.90,0.8584,-1,-1,-1
205,1354,977.86,154.79,49.64,91.88,0.7951,-1,-1,-1
205,1355,900.57,207.40,55.05,93.89,0.9016,-1,-1,-1
205,1357,684.42,434.14,78.90,129.37,0.7782,-1,-1,-1
205,1359,1196.32,45.79,39.13,61.04,0.7825,-1,-1,-1
205,1360,735.94,363.64,77.05,121.21,0.8431,-1,-1,-1
205,1361,861.94,234.20,58.03,100.93,0.8514,-1,-1,-1
205,1364,1526.68,67.40,32.97,35.48,0.5220,-1,-1,-1
205,1366,639.96,803.55,158.85,153.70,0.7934,-1,-1,-1
205,1369,433.48,636.72,128.67,179.19,0.9397,-1,-1,-1
205,1351,834.21,362.16,67.83,124.83,0.8888,-1,-1,-1
205,1383,479.36,443.22,88.08,146.75,0.8817,-1,-1,-1
205,1387,599.34,479.11,69.30,145.60,0.8491,-1,-1,-1
205,1358,735.68,273.49,64.95,110.82,0.8614,-1,-1,-1
205,1400,354.35,475.00,93.09,157.77,0.8318,-1,-1,-1
205,1363,1120.16,64.40,39.80,64.62,0.7759,-1,-1,-1
205,1403,255.11,613.96,116.97,170.31,0.9002,-1,-1,-1
205,1398,193.74,704.36,218.52,222.47,0.5290,-1,-1,-1
205,1406,645.47,478.39,101.16,170.51,0.8513,-1,-1,-1
205,1374,488.25,541.73,111.25,176.41,0.8638,-1,-1,-1
205,1405,1022.73,127.35,44.99,77.62,0.8132,-1,-1,-1
205,1414,48.95,856.72,145.98,195.10,0.9359,-1,-1,-1
205,1373,1325.32,5.26,20.51,19.30,0.3854,-1,-1,-1
205,1412,614.94,855.39,120.41,102.23,0.1514,-1,-1,-1
205,1362,1087.84,81.60,40.29,69.93,0.6566,-1,-1,-1
205,1421,718.01,329.33,43.75,110.72,0.6551,-1,-1,-1
205,1395,175.39,710.89,147.00,214.18,0.5266,-1,-1,-1
206,1345,552.73,365.76,80.78,137.46,0.8913,-1,-1,-1
206,1346,692.81,839.38,169.53,136.67,0.9437,-1,-1,-1
206,1348,930.38,179.34,52.20,87.09,0.8825,-1,-1,-1
206,1349,501.74,116.54,51.91,74.78,0.8761,-1,-1,-1
206,1352,613.11,328.45,69.58,112.44,0.8895,-1,-1,-1
206,1354,978.90,153.97,49.47,91.89,0.8047,-1,-1,-1
206,1355,902.09,206.76,54.87,93.84,0.8630,-1,-1,-1
206,1357,684.19,433.01,80.30,131.73,0.7962,-1,-1,-1
206,1359,1197.15,46.04,39.41,61.14,0.7881,-1,-1,-1
206,1360,738.37,367.24,75.27,118.29,0.8630,-1,-1,-1
206,1361,864.73,234.32,57.74,100.09,0.8578,-1,-1,-1
206,1364,1527.27,67.88,32.32,34.72,0.4807,-1,-1,-1
206,1366,634.18,804.21,159.57,153.48,0.7714,-1,-1,-1
206,1369,434.91,636.24,129.18,179.58,0.9389,-1,-1,-1
206,1351,834.80,360.44,68.29,125.46,0.8588,-1,-1,-1
206,1383,480.89,442.89,88.85,147.68,0.8809,-1,-1,-1
206,1387,600.25,480.68,68.70,144.51,0.8647,-1,-1,-1
206,1358,739.67,274.59,64.13,109.67,0.8592,-1,-1,-1
206,1400,356.15,472.92,89.02,151.83,0.8505,-1,-1,-1
206,1363,1121.43,64.72,40.03,64.79,0.8035,-1,-1,-1
206,1403,258.21,614.28,116.70,170.23,0.8958,-1,-1,-1
206,1398,195.28,706.96,219.45,220.69,0.6034,-1,-1,-1
206,1406,646.35,481.77,98.86,166.95,0.8519,-1,-1,-1
206,1374,491.95,543.07,110.34,174.84,0.8769,-1,-1,-1
206,1405,1023.63,126.56,45.20,78.11,0.8587,-1,-1,-1
206,1414,52.59,858.02,146.81,193.32,0.9347,-1,-1,-1
206,1373,1325.77,4.89,20.90,19.70,0.4066,-1,-1,-1
206,1412,618.33,859.52,115.01,98.59,0.2111,-1,-1,-1
206,1362,1088.66,82.27,40.40,69.35,0.6865,-1,-1,-1
206,1421,720.89,327.62,43.75,110.39,0.7557,-1,-1,-1
206,1423,270.50,683.83,164.23,253.77,0.4912,-1,-1,-1
206,1424,0.80,824.35,67.30,254.62,0.5145,-1,-1,-1
206,1425,373.40,579.42,79.16,64.63,0.5319,-1,-1,-1
206,1395,178.95,711.85,143.85,212.25,0.3554,-1,-1,-1
207,1345,555.75,365.89,80.06,136.44,0.8841,-1,-1,-1
207,1346,692.65,840.15,171.45,137.08,0.9420,-1,-1,-1
207,1348,930.59,177.13,53.23,88.81,0.8887,-1,-1,-1
207,1349,503.22,115.06,52.68,75.87,0.8842,-1,-1,-1
207,1352,616.91,328.27,70.18,112.92,0.8813,-1,-1,-1
207,1354,980.37,153.78,49.17,91.18,0.7975,-1,-1,-1
207,1355,903.16,206.52,54.83,94.52,0.8682,-1,-1,-1
207,1357,684.08,433.29,80.16,131.22,0.7817,-1,-1,-1
207,1359,1198.31,46.01,39.58,61.28,0.7534,-1,-1,-1
207,1360,740.50,366.02,76.50,120.48,0.8242,-1,-1,-1
207,1361,866.59,233.92,58.14,100.49,0.8609,-1,-1,-1
207,1364,1528.50,69.30,31.23,33.38,0.5236,-1,-1,-1
207,1366,636.79,805.15,161.95,153.59,0.7223,-1,-1,-1
207,1369,436.25,630.76,132.69,185.39,0.9365,-1,-1,-1
207,1351,836.98,359.02,67.99,125.19,0.8754,-1,-1,-1
207,1383,482.48,443.10,90.14,149.98,0.8750,-1,-1,-1
207,1387,605.05,477.87,71.17,147.59,0.7452,-1,-1,-1
207,1358,742.96,274.51,63.11,108.27,0.8531,-1,-1,-1
207,1400,358.47,473.72,87.41,150.33,0.8690,-1,-1,-1
207,1363,1122.30,63.81,40.91,65.97,0.7682,-1,-1,-1
207,1403,261.88,615.05,116.70,170.48,0.9191,-1,-1,-1
207,1398,193.49,706.02,218.51,219.14,0.5375,-1,-1,-1
207,1406,647.94,481.04,99.09,167.53,0.8457,-1,-1,-1
207,1374,497.34,544.51,108.60,172.58,0.8757,-1,-1,-1
207,1405,1024.78,126.39,45.13,77.98,0.8462,-1,-1,-1
207,1414,58.01,858.87,147.83,192.44,0.9326,-1,-1,-1
207,1373,1325.71,4.34,21.36,20.24,0.3850,-1,-1,-1
207,1362,1090.04,82.55,39.80,68.01,0.6611,-1,-1,-1
207,1421,724.28,326.59,43.54,109.68,0.7779,-1,-1,-1
207,1423,286.42,719.93,139.75,215.36,0.6023,-1,-1,-1
207,1424,0.69,809.65,71.19,269.29,0.6462,-1,-1,-1
207,1425,376.47,577.61,79.50,65.00,0.6000,-1,-1,-1
207,1395,182.76,712.02,140.45,210.67,0.4082,-1,-1,-1
208,1345,557.68,365.71,79.36,135.95,0.8949,-1,-1,-1
208,1346,690.95,838.92,174.82,138.97,0.9383,-1,-1,-1
208,1348,931.40,175.98,53.50,89.46,0.8574,-1,-1,-1
208,1349,504.85,113.65,53.10,76.55,0.8785,-1,-1,-1
208,1352,619.40,326.83,70.72,113.53,0.8998,-1,-1,-1
208,1354,982.14,153.21,49.40,91.25,0.8442,-1,-1,-1
208,1355,904.45,205.44,54.59,94.69,0.8011,-1,-1,-1
208,1357,684.00,433.12,80.84,132.31,0.8394,-1,-1,-1
208,1359,1199.75,46.23,40.04,61.97,0.7436,-1,-1,-1
208,1360,742.90,366.82,75.60,119.04,0.8434,-1,-1,-1
208,1361,868.92,233.33,58.16,100.22,0.8676,-1,-1,-1
208,1364,1529.67,69.08,31.90,33.90,0.5719,-1,-1,-1
208,1366,636.56,807.59,161.58,151.79,0.7745,-1,-1,-1
208,1369,438.24,629.96,132.69,186.25,0.9351,-1,-1,-1
208,1351,838.44,357.66,68.28,125.84,0.8424,-1,-1,-1
208,1383,485.14,442.01,90.09,149.84,0.9068,-1,-1,-1
208,1387,607.55,476.72,72.75,149.11,0.8378,-1,-1,-1
208,1358,746.01,273.07,64.31,110.22,0.8413,-1,-1,-1
208,1400,360.70,473.31,85.18,147.47,0.8995,-1,-1,-1
208,1363,1124.17,63.83,40.35,64.92,0.7398,-1,-1,-1
208,1403,264.36,615.35,117.24,171.39,0.8997,-1,-1,-1
208,1398,196.80,705.91,218.68,218.97,0.8477,-1,-1,-1
208,1406,649.77,482.85,97.81,165.35,0.8378,-1,-1,-1
208,1374,501.78,546.12,106.60,169.47,0.8628,-1,-1,-1
208,1405,1026.68,126.27,45.08,77.73,0.8504,-1,-1,-1
208,1414,61.71,859.19,149.07,191.77,0.9381,-1,-1,-1
208,1373,1326.88,4.54,21.37,20.06,0.3868,-1,-1,-1
208,1362,1090.79,82.05,39.77,67.40,0.7233,-1,-1,-1
208,1421,728.12,327.04,43.48,109.41,0.7495,-1,-1,-1
208,1423,295.34,739.99,126.96,194.63,0.4267,-1,-1,-1
208,1424,3.15,809.94,71.00,267.68,0.6597,-1,-1,-1
208,1425,380.39,576.59,79.02,64.84,0.6376,-1,-1,-1
208,1395,186.51,710.86,137.12,210.43,0.1661,-1,-1,-1
209,1345,559.76,364.30,79.46,136.75,0.9190,-1,-1,-1
209,1346,689.88,838.38,177.02,140.04,0.9485,-1,-1,-1
209,1348,932.46,175.02,53.04,88.74,0.8140,-1,-1,-1
209,1349,507.31,113.22,53.06,76.73,0.8800,-1,-1,-1
209,1352,623.26,326.38,70.83,113.57,0.9017,-1,-1,-1
209,1354,982.94,153.41,49.82,91.45,0.8415,-1,-1,-1
209,1355,905.38,203.27,55.33,97.08,0.8142,-1,-1,-1
209,1357,683.92,432.16,81.19,132.64,0.8673,-1,-1,-1
209,1359,1201.44,47.59,39.17,60.55,0.7230,-1,-1,-1
209,1360,744.30,364.20,76.68,120.95,0.8084,-1,-1,-1
209,1361,870.15,232.41,58.31,100.95,0.8541,-1,-1,-1
209,1364,1529.61,68.10,33.14,35.14,0.5884,-1,-1,-1
209,1366,631.86,810.02,160.37,150.80,0.7237,-1,-1,-1
209,1369,439.93,626.32,134.33,190.22,0.9247,-1,-1,-1
209,1351,840.13,355.49,68.52,126.40,0.8634,-1,-1,-1
209,1383,487.26,440.72,91.34,152.07,0.8991,-1,-1,-1
209,1387,616.71,479.19,74.93,146.35,0.7699,-1,-1,-1
209,1358,747.85,272.99,64.86,110.59,0.8372,-1,-1,-1
209,1400,363.33,472.31,87.52,152.71,0.9083,-1,-1,-1
209,1363,1127.70,62.87,39.79,63.91,0.8031,-1,-1,-1
209,1403,268.17,614.74,117.49,171.26,0.8987,-1,-1,-1
209,1398,205.78,706.78,217.91,217.04,0.9037,-1,-1,-1
209,1406,651.46,483.76,97.35,164.48,0.7140,-1,-1,-1
209,1374,505.69,544.30,107.15,170.07,0.8560,-1,-1,-1
209,1405,1028.30,125.31,45.22,78.27,0.8623,-1,-1,-1
209,1414,63.15,858.41,151.31,192.54,0.9471,-1,-1,-1
209,1373,1327.26,4.65,21.54,20.01,0.4155,-1,-1,-1
209,1362,1091.39,81.65,39.88,66.98,0.7862,-1,-1,-1
209,1421,732.75,326.50,43.31,108.70,0.6709,-1,-1,-1
209,1424,5.35,816.30,69.88,261.80,0.5500,-1,-1,-1
209,1425,365.19,546.05,111.62,93.10,0.3502,-1,-1,-1
210,1345,561.49,363.10,79.40,137.40,0.9123,-1,-1,-1
210,1346,690.05,838.75,177.19,139.52,0.9445,-1,-1,-1
210,1348,932.67,173.21,53.79,90.12,0.8340,-1,-1,-1
210,1349,508.66,112.01,53.43,77.97,0.8331,-1,-1,-1
210,1352,625.43,325.77,71.51,114.50,0.8975,-1,-1,-1
210,1354,983.75,152.45,50.24,92.07,0.8437,-1,-1,-1
210,1355,906.92,203.90,54.32,95.99,0.8096,-1,-1,-1
210,1357,684.04,431.71,80.96,132.01,0.8578,-1,-1,-1
210,1359,1202.43,46.83,39.49,61.36,0.7270,-1,-1,-1
210,1360,745.03,364.36,76.03,120.09,0.8243,-1,-1,-1
210,1361,871.65,232.67,57.98,100.50,0.8644,-1,-1,-1
210,1364,1529.40,66.85,34.60,36.66,0.6225,-1,-1,-1
210,1366,630.60,810.37,161.96,152.25,0.7640,-1,-1,-1
210,1369,441.44,625.70,133.99,191.01,0.9234,-1,-1,-1
210,1351,841.84,354.22,68.09,125.33,0.8658,-1,-1,-1
210,1383,488.63,440.15,92.13,153.48,0.8999,-1,-1,-1
210,1387,621.29,478.11,79.17,147.49,0.7693,-1,-1,-1
210,1358,748.14,274.28,63.44,107.65,0.7758,-1,-1,-1
210,1400,365.43,470.73,87.02,152.59,0.8988,-1,-1,-1
210,1363,1129.48,62.07,40.50,65.17,0.7601,-1,-1,-1
210,1403,271.11,615.02,117.50,170.73,0.8968,-1,-1,-1
210,1398,206.07,706.42,224.11,223.45,0.9210,-1,-1,-1
210,1406,652.20,483.53,97.39,164.50,0.6830,-1,-1,-1
210,1374,507.99,542.97,108.52,171.75,0.8804,-1,-1,-1
210,1405,1029.96,124.56,45.51,78.99,0.8510,-1,-1,-1
210,1414,63.36,857.31,154.11,194.19,0.9426,-1,-1,-1
210,1373,1327.18,4.70,21.64,19.97,0.4402,-1,-1,-1
210,1362,1091.20,81.32,40.11,66.52,0.7943,-1,-1,-1
210,1421,741.20,324.52,43.64,107.05,0.6035,-1,-1,-1
210,1424,6.74,821.97,68.88,255.64,0.6246,-1,-1,-1
211,1345,563.64,362.21,78.90,137.04,0.9000,-1,-1,-1
211,1346,686.43,835.53,182.64,143.58,0.9339,-1,-1,-1
211,1348,934.46,173.46,52.69,88.65,0.8117,-1,-1,-1
211,1349,510.19,111.34,53.24,78.29,0.8492,-1,-1,-1
211,1352,627.52,325.75,71.87,115.07,0.8890,-1,-1,-1
211,1354,985.17,152.44,50.42,91.97,0.8222,-1,-1,-1
211,1355,908.72,203.57,54.58,97.14,0.7968,-1,-1,-1
211,1357,681.60,430.52,82.04,132.69,0.8419,-1,-1,-1
211,1359,1203.28,45.66,39.98,62.25,0.7951,-1,-1,-1
211,1360,743.51,355.54,80.05,127.80,0.6520,-1,-1,-1
211,1361,872.93,231.52,58.09,100.90,0.8866,-1,-1,-1
211,1364,1529.30,65.99,34.77,36.83,0.6239,-1,-1,-1
211,1366,633.91,808.08,167.72,156.90,0.6076,-1,-1,-1
211,1369,442.98,624.75,134.03,192.55,0.9243,-1,-1,-1
211,1351,842.62,351.60,68.49,126.28,0.8356,-1,-1,-1
211,1383,490.20,439.00,91.66,153.03,0.9079,-1,-1,-1
211,1387,619.03,474.47,82.42,149.95,0.7997,-1,-1,-1
211,1358,752.80,276.36,62.13,105.38,0.7269,-1,-1,-1
211,1400,368.38,469.47,90.45,159.32,0.8912,-1,-1,-1
211,1363,1131.89,61.50,40.88,65.86,0.7696,-1,-1,-1
211,1403,275.08,614.64,117.80,170.99,0.8762,-1,-1,-1
211,1398,209.57,707.14,219.56,218.50,0.9066,-1,-1,-1
211,1406,653.62,482.51,98.41,165.49,0.7517,-1,-1,-1
211,1374,510.67,541.32,109.29,172.50,0.8830,-1,-1,-1
211,1405,1031.15,124.03,45.54,78.94,0.8287,-1,-1,-1
211,1414,65.65,856.46,155.62,194.34,0.9428,-1,-1,-1
211,1373,1327.58,5.39,21.12,19.27,0.4682,-1,-1,-1
211,1362,1091.89,80.36,40.90,67.34,0.8158,-1,-1,-1
211,1421,745.90,315.99,49.31,118.53,0.6046,-1,-1,-1
211,1424,5.39,806.96,73.75,272.09,0.4909,-1,-1,-1
212,1345,564.73,361.78,78.39,136.72,0.8864,-1,-1,-1
212,1346,686.23,834.70,184.31,144.79,0.9444,-1,-1,-1
212,1348,935.27,172.94,52.30,88.52,0.8135,-1,-1,-1
212,1349,512.77,111.46,52.08,76.81,0.8378,-1,-1,-1
212,1352,629.49,325.33,71.67,114.78,0.8895,-1,-1,-1
212,1354,987.15,152.35,50.55,91.69,0.8277,-1,-1,-1
212,1355,909.76,204.52,53.90,96.35,0.8092,-1,-1,-1
212,1357,682.42,430.04,82.40,133.05,0.8467,-1,-1,-1
212,1359,1204.43,45.39,39.61,61.93,0.7539,-1,-1,-1
212,1360,747.03,360.19,77.39,123.25,0.7369,-1,-1,-1
212,1361,874.37,231.70,57.56,99.99,0.8799,-1,-1,-1
212,1364,1529.70,66.14,34.38,36.40,0.6181,-1,-1,-1
212,1366,637.11,810.22,169.92,157.39,0.6414,-1,-1,-1
212,1369,444.33,625.75,132.83,192.30,0.9281,-1,-1,-1
212,1351,843.61,349.62,68.29,126.14,0.8484,-1,-1,-1
212,1383,492.08,440.27,90.10,150.66,0.8868,-1,-1,-1
212,1387,614.95,471.48,84.56,152.29,0.7704,-1,-1,-1
212,1358,758.26,276.08,61.14,104.09,0.7487,-1,-1,-1
212,1400,369.98,467.95,91.85,162.57,0.9061,-1,-1,-1
212,1363,1132.26,60.42,41.75,67.33,0.7724,-1,-1,-1
212,1403,277.77,615.07,117.25,170.45,0.8810,-1,-1,-1
212,1398,211.61,708.14,215.92,214.85,0.8976,-1,-1,-1
212,1406,652.59,481.44,99.35,166.95,0.8283,-1,-1,-1
212,1374,513.77,540.96,109.09,171.59,0.8442,-1,-1,-1
212,1405,1032.88,123.92,45.04,77.74,0.8351,-1,-1,-1
212,1414,68.28,855.64,157.32,195.08,0.9491,-1,-1,-1
212,1373,1327.49,5.65,21.04,19.02,0.4798,-1,-1,-1
212,1362,1092.30,79.18,41.81,68.53,0.8297,-1,-1,-1
212,1421,746.76,310.81,51.40,122.29,0.6386,-1,-1,-1
212,1424,9.66,830.99,68.87,248.56,0.5627,-1,-1,-1
213,1345,566.66,360.60,77.66,135.95,0.8864,-1,-1,-1
213,1346,687.38,837.91,182.08,142.59,0.9502,-1,-1,-1
213,1348,935.21,170.78,52.93,90.09,0.8346,-1,-1,-1
213,1349,514.21,110.77,51.78,76.72,0.8629,-1,-1,-1
213,1352,632.36,324.60,70.71,113.32,0.8905,-1,-1,-1
213,1354,988.90,151.23,51.02,92.50,0.8400,-1,-1,-1
213,1355,911.64,207.71,52.46,94.15,0.7901,-1,-1,-1
213,1357,683.55,428.12,82.67,133.65,0.7887,-1,-1,-1
213,1359,1205.47,44.04,39.77,62.74,0.7598,-1,-1,-1
213,1360,749.59,361.68,76.41,121.36,0.5772,-1,-1,-1
213,1361,875.88,231.93,57.27,99.55,0.8789,-1,-1,-1
213,1364,1529.61,65.77,34.80,36.98,0.6318,-1,-1,-1
213,1366,636.39,809.07,172.19,158.68,0.7526,-1,-1,-1
213,1369,445.35,625.22,132.92,193.79,0.9221,-1,-1,-1
213,1351,844.45,348.22,67.81,125.62,0.8468,-1,-1,-1
213,1383,492.46,439.25,90.51,152.33,0.8907,-1,-1,-1
213,1387,615.63,475.25,83.71,148.09,0.7595,-1,-1,-1
213,1358,761.44,276.18,61.80,104.56,0.7814,-1,-1,-1
213,1400,372.53,466.71,91.55,162.64,0.9122,-1,-1,-1
213,1363,1133.68,60.96,41.19,66.27,0.7516,-1,-1,-1
213,1403,280.78,614.46,117.76,171.12,0.8713,-1,-1,-1
213,1398,215.26,708.87,215.53,214.20,0.8895,-1,-1,-1
213,1406,651.57,477.24,101.58,171.17,0.8027,-1,-1,-1
213,1374,518.20,540.32,109.53,171.68,0.8725,-1,-1,-1
213,1405,1033.71,123.18,45.28,77.71,0.8447,-1,-1,-1
213,1414,71.13,852.34,159.91,197.33,0.9574,-1,-1,-1
213,1373,1327.35,5.08,21.71,19.59,0.4266,-1,-1,-1
213,1362,1092.08,78.70,42.62,69.73,0.8275,-1,-1,-1
213,1421,751.66,317.59,54.09,126.27,0.6802,-1,-1,-1
213,1424,7.35,809.93,75.31,269.13,0.7787,-1,-1,-1
214,1345,568.08,360.33,76.98,135.41,0.8782,-1,-1,-1
214,1346,684.03,832.98,187.78,147.46,0.9433,-1,-1,-1
214,1348,935.68,169.46,52.58,89.77,0.8436,-1,-1,-1
214,1349,515.57,110.41,51.14,76.15,0.8662,-1,-1,-1
214,1352,635.13,324.02,70.15,112.02,0.8902,-1,-1,-1
214,1354,990.80,151.17,51.13,92.43,0.8484,-1,-1,-1
214,1355,912.01,208.95,51.85,93.35,0.8122,-1,-1,-1
214,1357,684.58,426.99,82.74,134.15,0.7775,-1,-1,-1
214,1359,1206.34,43.60,39.48,62.73,0.7836,-1,-1,-1
214,1360,756.45,381.57,65.92,101.07,0.6617,-1,-1,-1
214,1361,877.57,231.99,57.08,99.11,0.8666,-1,-1,-1
214,1364,1529.67,65.85,34.81,37.16,0.6341,-1,-1,-1
214,1366,638.41,810.90,172.24,157.50,0.6585,-1,-1,-1
214,1369,446.01,624.98,132.79,195.28,0.9340,-1,-1,-1
214,1351,845.22,347.02,66.86,124.22,0.8198,-1,-1,-1
214,1383,492.65,439.33,89.87,152.57,0.8711,-1,-1,-1
214,1387,612.91,473.19,85.29,150.39,0.7523,-1,-1,-1
214,1358,763.39,276.95,61.98,104.78,0.7247,-1,-1,-1
214,1400,374.48,464.70,91.55,163.28,0.9117,-1,-1,-1
214,1363,1136.67,61.51,40.72,65.16,0.8058,-1,-1,-1
214,1403,283.04,614.05,117.15,169.97,0.8827,-1,-1,-1
214,1398,214.12,706.45,224.84,224.16,0.9262,-1,-1,-1
214,1406,652.00,476.78,101.42,171.32,0.8333,-1,-1,-1
214,1374,521.93,540.47,109.59,170.94,0.8745,-1,-1,-1
214,1405,1035.16,123.04,45.67,77.76,0.8474,-1,-1,-1
214,1414,73.21,850.74,161.65,198.76,0.9574,-1,-1,-1
214,1373,1326.97,4.05,22.83,20.67,0.4406,-1,-1,-1
214,1362,1091.96,78.24,43.03,70.40,0.8390,-1,-1,-1
214,1421,754.49,321.48,55.62,127.44,0.6849,-1,-1,-1
214,1424,7.39,799.78,79.17,279.19,0.7078,-1,-1,-1
215,1345,570.74,359.83,76.31,134.53,0.8734,-1,-1,-1
215,1346,686.88,837.03,183.62,143.91,0.9473,-1,-1,-1
215,1348,935.02,168.11,53.20,91.34,0.8081,-1,-1,-1
215,1349,517.02,110.26,50.92,76.12,0.8529,-1,-1,-1
215,1352,637.43,322.78,70.37,112.04,0.8862,-1,-1,-1
215,1354,992.28,150.95,51.66,92.60,0.8434,-1,-1,-1
215,1355,911.78,204.95,53.43,97.07,0.7832,-1,-1,-1
215,1357,684.37,426.33,82.26,133.59,0.7644,-1,-1,-1
215,1359,1206.88,43.81,39.21,62.70,0.7858,-1,-1,-1
215,1360,749.98,355.98,81.64,126.82,0.7667,-1,-1,-1
215,1361,879.49,232.42,56.65,98.22,0.8504,-1,-1,-1
215,1364,1530.02,66.19,34.46,36.92,0.6398,-1,-1,-1
215,1366,630.82,810.10,172.85,159.31,0.7383,-1,-1,-1
215,1369,447.42,624.06,132.70,196.75,0.9346,-1,-1,-1
215,1351,846.48,345.80,66.37,123.25,0.8504,-1,-1,-1
215,1383,496.65,439.90,88.63,150.46,0.8619,-1,-1,-1
215,1387,608.83,478.09,80.49,144.54,0.7633,-1,-1,-1
215,1358,764.24,276.86,62.14,104.95,0.7238,-1,-1,-1
215,1400,376.67,463.11,91.07,162.93,0.9173,-1,-1,-1
215,1363,1139.29,61.02,40.34,64.21,0.8083,-1,-1,-1
215,1403,286.20,612.06,116.85,169.21,0.9018,-1,-1,-1
215,1398,217.39,708.87,220.75,219.91,0.9184,-1,-1,-1
215,1406,651.96,476.61,101.46,171.89,0.8829,-1,-1,-1
215,1374,524.69,541.98,108.66,168.56,0.8629,-1,-1,-1
215,1405,1037.54,123.59,45.05,76.28,0.8224,-1,-1,-1
215,1414,75.40,849.93,163.83,200.65,0.9338,-1,-1,-1
215,1373,1327.08,3.84,23.07,20.90,0.3731,-1,-1,-1
215,1362,1093.37,77.62,43.44,70.91,0.8026,-1,-1,-1
215,1421,757.47,325.79,55.21,123.89,0.1162,-1,-1,-1
215,1424,8.92,803.79,79.47,274.95,0.6478,-1,-1,-1
216,1345,572.20,359.28,76.00,134.33,0.8693,-1,-1,-1
216,1346,685.19,835.12,187.10,147.09,0.9433,-1,-1,-1
216,1348,935.48,165.61,53.79,92.55,0.8022,-1,-1,-1
216,1349,518.55,109.95,50.88,76.31,0.8446,-1,-1,-1
216,1352,638.82,322.96,69.97,111.42,0.8905,-1,-1,-1
216,1354,993.97,150.21,51.70,92.14,0.8429,-1,-1,-1
216,1355,912.75,203.24,52.75,96.41,0.7895,-1,-1,-1
216,1357,684.54,426.83,81.12,132.36,0.7542,-1,-1,-1
216,1359,1207.54,44.10,38.70,62.13,0.7721,-1,-1,-1
216,1360,747.52,345.10,87.02,137.67,0.7236,-1,-1,-1
216,1361,881.48,232.80,56.48,97.59,0.8558,-1,-1,-1
216,1364,1530.00,66.25,34.21,36.58,0.6454,-1,-1,-1
216,1366,629.52,811.24,171.00,158.42,0.6262,-1,-1,-1
216,1369,448.28,623.46,132.30,197.86,0.9397,-1,-1,-1
216,1351,848.24,342.59,66.63,123.46,0.8325,-1,-1,-1
216,1383,498.45,439.79,87.79,149.31,0.8670,-1,-1,-1
216,1387,608.48,478.97,77.10,141.76,0.8130,-1,-1,-1
216,1358,768.33,276.55,61.10,103.17,0.7276,-1,-1,-1
216,1400,378.51,461.33,90.98,163.04,0.9219,-1,-1,-1
216,1363,1141.29,62.25,39.63,62.46,0.8259,-1,-1,-1
216,1403,288.58,610.66,116.45,168.36,0.8915,-1,-1,-1
216,1398,221.45,709.59,213.95,212.69,0.8781,-1,-1,-1
216,1406,652.77,478.06,100.56,170.52,0.8986,-1,-1,-1
216,1374,527.65,542.81,107.75,167.04,0.8743,-1,-1,-1
216,1405,1038.52,123.03,45.27,76.37,0.8172,-1,-1,-1
216,1414,79.14,849.56,164.76,201.40,0.9274,-1,-1,-1
216,1373,1327.47,3.93,23.04,20.86,0.3638,-1,-1,-1
216,1362,1094.07,76.95,43.91,71.40,0.7814,-1,-1,-1
216,1421,758.88,321.94,54.29,119.37,0.3535,-1,-1,-1
216,1424,10.08,803.17,81.45,275.72,0.7157,-1,-1,-1
217,1345,574.88,357.83,76.81,135.84,0.8983,-1,-1,-1
217,1346,683.62,834.59,189.19,149.14,0.9432,-1,-1,-1
217,1348,935.77,165.81,53.38,91.41,0.8377,-1,-1,-1
217,1349,520.92,109.15,50.84,76.49,0.8412,-1,-1,-1
217,1352,641.74,322.61,69.36,110.37,0.8938,-1,-1,-1
217,1354,996.48,150.68,51.32,90.65,0.8403,-1,-1,-1
217,1355,913.71,203.83,51.66,94.73,0.7269,-1,-1,-1
217,1357,686.02,426.64,80.39,130.99,0.7678,-1,-1,-1
217,1359,1208.74,43.23,38.99,62.91,0.8020,-1,-1,-1
217,1360,748.96,342.74,86.45,138.53,0.7681,-1,-1,-1
217,1361,883.38,233.06,56.75,97.43,0.8540,-1,-1,-1
217,1364,1529.74,65.86,34.51,36.79,0.6514,-1,-1,-1
217,1366,621.59,813.22,165.34,156.42,0.6294,-1,-1,-1
217,1369,449.82,622.66,131.49,198.31,0.9385,-1,-1,-1
217,1351,850.02,341.08,67.48,124.41,0.8598,-1,-1,-1
217,1383,501.52,439.64,87.26,148.37,0.8897,-1,-1,-1
217,1387,611.01,480.94,73.27,137.63,0.7562,-1,-1,-1
217,1358,771.39,277.29,61.03,102.89,0.6335,-1,-1,-1
217,1400,381.80,459.69,89.40,159.93,0.8878,-1,-1,-1
217,1363,1142.61,61.73,39.98,62.68,0.8259,-1,-1,-1
217,1403,290.35,609.18,117.23,169.45,0.9105,-1,-1,-1
217,1398,220.83,706.18,220.58,220.00,0.7743,-1,-1,-1
217,1406,653.63,478.27,100.18,170.28,0.8913,-1,-1,-1
217,1374,530.17,544.18,106.02,164.02,0.8696,-1,-1,-1
217,1405,1039.09,122.54,45.55,76.59,0.7900,-1,-1,-1
217,1414,84.23,848.76,164.81,201.69,0.9242,-1,-1,-1
217,1373,1327.48,3.59,23.44,21.20,0.2973,-1,-1,-1
217,1362,1094.50,77.81,43.94,70.93,0.7427,-1,-1,-1
217,1421,760.94,318.31,52.55,113.26,0.4642,-1,-1,-1
217,1424,11.65,805.99,82.65,272.43,0.6466,-1,-1,-1
218,1345,576.85,356.41,76.95,136.51,0.8826,-1,-1,-1
218,1346,686.98,840.37,182.96,143.71,0.9484,-1,-1,-1
218,1348,937.39,164.74,53.05,91.21,0.8761,-1,-1,-1
218,1349,522.52,109.83,49.85,75.16,0.8339,-1,-1,-1
218,1352,644.14,321.85,69.23,110.55,0.8923,-1,-1,-1
218,1354,997.62,149.74,51.70,90.80,0.8326,-1,-1,-1
218,1355,914.81,204.75,51.04,93.57,0.6769,-1,-1,-1
218,1357,686.62,425.35,81.27,132.03,0.7984,-1,-1,-1
218,1359,1210.15,43.94,38.64,62.40,0.8166,-1,-1,-1
218,1360,750.63,340.55,87.22,141.66,0.8058,-1,-1,-1
218,1361,884.69,232.79,56.67,96.73,0.8424,-1,-1,-1
218,1364,1529.71,64.87,35.21,37.36,0.6711,-1,-1,-1
218,1366,620.47,814.09,161.63,155.53,0.6843,-1,-1,-1
218,1369,451.63,621.06,131.13,199.28,0.9324,-1,-1,-1
218,1351,851.55,340.42,67.85,124.34,0.8779,-1,-1,-1
218,1383,502.14,439.64,86.29,147.33,0.8966,-1,-1,-1
218,1387,614.05,482.24,72.09,136.86,0.6959,-1,-1,-1
218,1358,773.35,277.33,59.97,101.54,0.6999,-1,-1,-1
218,1400,384.26,458.33,89.50,160.19,0.9265,-1,-1,-1
218,1363,1144.46,62.35,39.40,61.13,0.8288,-1,-1,-1
218,1403,292.62,607.19,118.14,170.57,0.9069,-1,-1,-1
218,1398,223.04,707.52,207.27,207.34,0.5243,-1,-1,-1
218,1406,654.07,478.52,99.73,169.67,0.8813,-1,-1,-1
218,1374,531.47,543.75,105.31,162.87,0.8568,-1,-1,-1
218,1405,1039.08,122.39,46.67,78.00,0.7894,-1,-1,-1
218,1414,87.41,848.62,164.58,201.36,0.9219,-1,-1,-1
218,1373,1328.19,3.62,23.39,21.12,0.2733,-1,-1,-1
218,1362,1094.97,77.82,44.32,71.09,0.7570,-1,-1,-1
218,1421,762.59,318.11,52.37,110.79,0.5924,-1,-1,-1
218,1424,12.41,813.42,82.67,264.85,0.6647,-1,-1,-1
218,1395,220.32,710.94,127.11,198.34,0.4191,-1,-1,-1
219,1345,578.89,354.96,77.55,137.72,0.8965,-1,-1,-1
219,1346,682.14,832.82,193.19,152.93,0.9407,-1,-1,-1
219,1348,937.41,162.80,52.73,91.29,0.8760,-1,-1,-1
219,1349,524.70,109.62,50.03,75.63,0.8479,-1,-1,-1
219,1352,646.52,320.97,69.40,111.47,0.8878,-1,-1,-1
219,1354,998.31,148.69,52.30,91.51,0.8636,-1,-1,-1
219,1355,915.54,205.52,50.09,91.59,0.7539,-1,-1,-1
219,1357,688.22,424.09,81.47,132.57,0.7896,-1,-1,-1
219,1359,1210.93,44.17,38.44,62.15,0.8129,-1,-1,-1
219,1360,751.30,334.74,89.55,148.02,0.7683,-1,-1,-1
219,1361,885.26,231.93,56.91,96.78,0.8542,-1,-1,-1
219,1364,1530.32,65.01,34.99,36.86,0.6707,-1,-1,-1
219,1366,620.18,812.56,159.97,156.56,0.5305,-1,-1,-1
219,1369,454.42,619.16,130.19,199.11,0.9297,-1,-1,-1
219,1351,853.31,338.18,67.89,124.06,0.8887,-1,-1,-1
219,1383,505.18,439.68,87.03,148.24,0.8869,-1,-1,-1
219,1387,615.21,485.10,66.93,128.99,0.7662,-1,-1,-1
219,1358,774.99,277.87,60.49,103.03,0.5748,-1,-1,-1
219,1400,386.77,455.91,89.17,159.60,0.9213,-1,-1,-1
219,1363,1144.67,61.21,40.60,62.64,0.8613,-1,-1,-1
219,1403,293.80,606.11,119.75,173.16,0.8944,-1,-1,-1
219,1398,226.51,707.33,200.73,201.22,0.6547,-1,-1,-1
219,1406,655.36,479.11,99.19,168.92,0.9011,-1,-1,-1
219,1374,534.51,544.03,104.32,161.42,0.8277,-1,-1,-1
219,1405,1040.77,121.82,46.94,78.63,0.8022,-1,-1,-1
219,1414,91.02,847.51,163.52,199.90,0.9312,-1,-1,-1
219,1373,1327.68,3.55,23.47,21.21,0.2693,-1,-1,-1
219,1362,1095.12,77.72,44.48,70.99,0.7678,-1,-1,-1
219,1421,764.57,314.58,53.15,110.57,0.5764,-1,-1,-1
219,1424,6.92,771.22,96.17,306.06,0.7469,-1,-1,-1
219,1395,221.25,711.13,120.92,194.11,0.1406,-1,-1,-1
220,1345,580.05,354.81,76.95,137.23,0.9097,-1,-1,-1
220,1346,678.93,826.42,199.84,159.68,0.9515,-1,-1,-1
220,1348,937.81,161.69,51.90,90.59,0.8657,-1,-1,-1
220,1349,526.15,108.85,50.48,76.41,0.8590,-1,-1,-1
220,1352,648.74,320.15,69.78,112.09,0.9180,-1,-1,-1
220,1354,1000.25,149.60,51.88,90.25,0.8398,-1,-1,-1
220,1355,916.42,206.98,49.29,89.67,0.7877,-1,-1,-1
220,1357,688.42,423.90,81.25,132.26,0.7995,-1,-1,-1
220,1359,1211.38,43.86,37.99,61.44,0.7929,-1,-1,-1
220,1360,753.35,339.04,86.16,143.56,0.7768,-1,-1,-1
220,1361,885.34,231.45,57.19,97.15,0.8536,-1,-1,-1
220,1364,1530.30,64.37,35.24,36.92,0.6835,-1,-1,-1
220,1366,620.05,810.22,159.74,158.84,0.5807,-1,-1,-1
220,1369,456.65,618.90,128.15,196.89,0.9347,-1,-1,-1
220,1351,854.41,336.21,67.85,123.36,0.8854,-1,-1,-1
220,1383,506.13,438.13,88.05,150.12,0.8866,-1,-1,-1
220,1387,613.04,483.85,68.62,134.62,0.7676,-1,-1,-1
220,1358,779.05,277.88,60.21,103.48,0.5999,-1,-1,-1
220,1400,389.36,454.91,89.03,159.33,0.9189,-1,-1,-1
220,1363,1145.93,61.84,40.50,61.94,0.8476,-1,-1,-1
220,1403,295.75,604.87,119.83,173.77,0.8859,-1,-1,-1
220,1398,226.95,706.80,198.06,199.24,0.8974,-1,-1,-1
220,1406,656.35,477.23,100.08,170.46,0.8988,-1,-1,-1
220,1374,537.34,543.51,104.19,160.93,0.8231,-1,-1,-1
220,1405,1042.20,120.78,47.38,79.80,0.7974,-1,-1,-1
220,1414,93.53,848.72,162.65,198.45,0.9278,-1,-1,-1
220,1373,1327.92,3.39,23.56,21.38,0.2155,-1,-1,-1
220,1362,1095.51,78.04,44.21,70.28,0.7666,-1,-1,-1
220,1421,766.26,311.29,56.01,114.99,0.5985,-1,-1,-1
220,1424,4.62,753.71,102.19,323.45,0.7873,-1,-1,-1
221,1345,581.69,353.83,77.50,138.31,0.9046,-1,-1,-1
221,1346,679.31,828.76,198.19,159.33,0.9462,-1,-1,-1
221,1348,937.31,160.55,51.19,89.82,0.8624,-1,-1,-1
221,1349,527.29,108.39,50.80,76.93,0.8605,-1,-1,-1
221,1352,651.22,319.48,70.38,113.16,0.9254,-1,-1,-1
221,1354,1000.99,148.27,52.89,91.59,0.8181,-1,-1,-1
221,1355,916.68,207.39,48.86,88.31,0.8198,-1,-1,-1
221,1357,689.15,427.51,79.28,129.20,0.8235,-1,-1,-1
221,1359,1211.38,43.67,37.96,61.59,0.8028,-1,-1,-1
221,1360,753.58,329.13,82.28,139.02,0.7924,-1,-1,-1
221,1361,886.32,231.95,56.64,95.87,0.8440,-1,-1,-1
221,1364,1530.19,63.71,35.47,37.06,0.6833,-1,-1,-1
221,1366,630.11,812.22,157.66,155.97,0.5751,-1,-1,-1
221,1369,458.40,616.56,128.09,197.98,0.9330,-1,-1,-1
221,1351,856.98,333.73,69.10,124.78,0.8810,-1,-1,-1
221,1383,508.11,436.79,88.21,150.47,0.8870,-1,-1,-1
221,1387,613.99,480.62,66.29,132.36,0.7922,-1,-1,-1
221,1358,778.76,278.58,60.55,104.01,0.5999,-1,-1,-1
221,1400,392.44,452.78,89.03,159.64,0.9028,-1,-1,-1
221,1363,1145.89,61.75,41.03,62.39,0.8402,-1,-1,-1
221,1403,298.26,603.04,119.39,173.98,0.8939,-1,-1,-1
221,1398,233.93,706.13,200.91,201.36,0.8686,-1,-1,-1
221,1406,656.39,475.77,101.06,172.18,0.8954,-1,-1,-1
221,1374,538.73,543.92,104.55,161.52,0.8375,-1,-1,-1
221,1405,1044.18,120.12,47.68,80.56,0.7866,-1,-1,-1
221,1414,95.95,847.76,162.32,198.00,0.9214,-1,-1,-1
221,1373,1327.71,3.31,23.59,21.45,0.1973,-1,-1,-1
221,1362,1095.67,78.65,44.18,69.73,0.7442,-1,-1,-1
221,1424,3.27,739.85,107.22,337.89,0.7697,-1,-1,-1
222,1345,583.72,353.78,76.34,135.94,0.9144,-1,-1,-1
222,1346,677.78,826.74,200.96,162.96,0.9453,-1,-1,-1
222,1348,936.92,159.84,51.72,90.81,0.8840,-1,-1,-1
222,1349,528.79,107.95,50.93,77.17,0.8706,-1,-1,-1
222,1352,653.06,319.26,70.08,112.72,0.9288,-1,-1,-1
222,1354,1002.51,147.81,53.32,92.08,0.8300,-1,-1,-1
222,1355,916.84,207.12,48.99,88.29,0.6906,-1,-1,-1
222,1357,690.07,430.79,77.34,126.06,0.8352,-1,-1,-1
222,1359,1212.23,43.71,37.97,61.83,0.8304,-1,-1,-1
222,1360,754.83,333.59,83.69,142.57,0.7885,-1,-1,-1
222,1361,887.35,230.28,57.46,97.15,0.8181,-1,-1,-1
222,1364,1530.01,63.42,35.71,37.27,0.6881,-1,-1,-1
222,1366,627.31,813.06,155.11,155.02,0.4890,-1,-1,-1
222,1369,461.70,615.38,126.28,196.24,0.9287,-1,-1,-1
222,1351,859.15,331.68,69.70,124.96,0.8520,-1,-1,-1
222,1383,506.15,435.47,87.79,151.93,0.8921,-1,-1,-1
222,1387,616.32,479.36,61.68,124.65,0.8117,-1,-1,-1
222,1358,777.94,277.90,60.91,103.64,0.5906,-1,-1,-1
222,1400,395.98,450.21,88.47,159.06,0.8927,-1,-1,-1
222,1363,1146.64,60.82,41.78,63.41,0.8380,-1,-1,-1
222,1403,301.04,602.53,118.45,173.21,0.9036,-1,-1,-1
222,1398,238.41,705.73,203.53,203.70,0.8646,-1,-1,-1
222,1406,656.76,474.81,100.94,171.82,0.8849,-1,-1,-1
222,1374,538.94,541.80,105.03,163.22,0.8286,-1,-1,-1
222,1405,1045.03,120.15,47.49,80.37,0.8085,-1,-1,-1
222,1414,98.91,847.82,161.72,197.01,0.9199,-1,-1,-1
222,1373,1328.21,3.33,23.41,21.42,0.2642,-1,-1,-1
222,1362,1096.30,79.60,43.95,68.80,0.7473,-1,-1,-1
222,1424,3.57,737.57,108.85,340.67,0.7261,-1,-1,-1
222,1421,769.87,304.09,57.09,115.33,0.4275,-1,-1,-1
223,1345,585.20,352.63,76.14,135.56,0.9018,-1,-1,-1
223,1346,676.81,825.36,201.68,164.82,0.9377,-1,-1,-1
223,1348,936.67,159.19,51.49,90.92,0.8550,-1,-1,-1
223,1349,530.71,108.08,49.79,75.31,0.8695,-1,-1,-1
223,1352,654.33,317.14,70.94,114.44,0.9124,-1,-1,-1
223,1354,1003.98,147.97,53.37,91.71,0.8041,-1,-1,-1
223,1355,918.00,206.40,49.57,88.84,0.8172,-1,-1,-1
223,1357,689.71,432.20,76.98,125.01,0.8398,-1,-1,-1
223,1359,1213.70,44.25,37.60,60.89,0.8353,-1,-1,-1
223,1360,757.79,341.61,79.75,135.95,0.7723,-1,-1,-1
223,1361,888.24,230.70,57.12,96.55,0.8410,-1,-1,-1
223,1364,1529.82,63.22,35.76,37.27,0.6899,-1,-1,-1
223,1366,634.28,816.28,153.84,152.53,0.4555,-1,-1,-1
223,1369,464.45,614.46,124.92,194.94,0.9198,-1,-1,-1
223,1351,859.92,329.87,70.45,125.99,0.8791,-1,-1,-1
223,1383,509.45,434.18,87.91,152.33,0.8837,-1,-1,-1
223,1387,615.34,478.60,61.25,125.99,0.8432,-1,-1,-1
223,1358,777.76,278.26,60.02,101.17,0.6355,-1,-1,-1
223,1400,399.86,447.78,88.11,158.17,0.9154,-1,-1,-1
223,1363,1147.76,60.29,41.97,63.71,0.8386,-1,-1,-1
223,1403,303.30,601.33,118.58,174.11,0.8981,-1,-1,-1
223,1398,238.19,700.50,213.36,215.17,0.5893,-1,-1,-1
223,1406,658.43,474.74,100.37,170.55,0.8697,-1,-1,-1
223,1374,543.93,542.52,105.70,163.33,0.8427,-1,-1,-1
223,1405,1046.67,120.03,47.18,79.83,0.8183,-1,-1,-1
223,1414,100.60,847.02,162.07,197.05,0.9204,-1,-1,-1
223,1373,1328.79,3.28,23.43,21.48,0.1906,-1,-1,-1
223,1362,1096.35,77.56,45.12,70.42,0.7515,-1,-1,-1
223,1424,5.32,748.13,106.95,330.53,0.7776,-1,-1,-1
223,1421,771.42,297.63,58.98,119.23,0.5844,-1,-1,-1
224,1345,586.41,352.24,75.76,135.23,0.9005,-1,-1,-1
224,1346,681.70,835.52,190.51,155.44,0.9405,-1,-1,-1
224,1348,937.19,158.55,51.35,91.28,0.8625,-1,-1,-1
224,1349,532.55,108.01,49.31,74.26,0.8807,-1,-1,-1
224,1352,655.27,316.49,70.36,113.91,0.9002,-1,-1,-1
224,1354,1005.19,148.04,53.50,91.43,0.8460,-1,-1,-1
224,1355,918.90,206.77,49.58,88.07,0.7912,-1,-1,-1
224,1357,689.32,432.53,77.27,125.15,0.8363,-1,-1,-1
224,1359,1213.99,43.23,38.26,61.82,0.8366,-1,-1,-1
224,1360,759.01,345.23,78.02,132.93,0.8355,-1,-1,-1
224,1361,889.33,229.82,57.61,97.52,0.8378,-1,-1,-1
224,1364,1529.58,63.31,35.56,36.96,0.6845,-1,-1,-1
224,1366,632.92,817.33,152.78,151.46,0.6709,-1,-1,-1
224,1369,466.58,613.29,124.77,195.21,0.9243,-1,-1,-1
224,1351,860.10,327.25,70.08,125.65,0.8860,-1,-1,-1
224,1383,508.52,433.09,86.31,151.69,0.8738,-1,-1,-1
224,1387,616.37,477.82,58.52,122.22,0.8140,-1,-1,-1
224,1358,779.43,278.49,60.89,101.65,0.6114,-1,-1,-1
224,1400,402.86,445.86,88.47,158.72,0.9114,-1,-1,-1
224,1363,1149.55,60.46,41.07,62.39,0.8237,-1,-1,-1
224,1403,304.92,599.52,119.57,176.20,0.8997,-1,-1,-1
224,1398,241.94,702.23,203.97,206.62,0.6825,-1,-1,-1
224,1406,658.90,474.50,100.40,170.41,0.8311,-1,-1,-1
224,1374,547.56,543.55,105.48,162.45,0.8733,-1,-1,-1
224,1405,1047.94,121.01,46.39,78.34,0.8425,-1,-1,-1
224,1414,102.08,845.82,163.06,197.86,0.9212,-1,-1,-1
224,1373,1328.61,3.07,23.54,21.69,0.1653,-1,-1,-1
224,1362,1097.82,79.45,43.97,68.00,0.7383,-1,-1,-1
224,1424,6.04,753.08,106.56,325.21,0.7379,-1,-1,-1
224,1421,773.81,294.79,59.48,120.17,0.5222,-1,-1,-1
225,1345,587.65,351.50,75.82,135.40,0.8836,-1,-1,-1
225,1346,679.55,832.17,194.54,159.62,0.9405,-1,-1,-1
225,1348,938.91,158.23,50.56,89.57,0.8383,-1,-1,-1
225,1349,534.12,106.79,50.26,75.41,0.8649,-1,-1,-1
225,1352,657.77,316.29,69.58,112.84,0.8863,-1,-1,-1
225,1354,1006.13,148.33,53.28,90.49,0.8460,-1,-1,-1
225,1355,919.59,206.19,49.65,88.12,0.8095,-1,-1,-1
225,1357,689.10,432.88,78.17,125.94,0.8328,-1,-1,-1
225,1359,1214.59,42.99,38.52,62.25,0.8315,-1,-1,-1
225,1360,759.85,344.80,78.30,133.38,0.8450,-1,-1,-1
225,1361,889.64,229.35,57.80,97.83,0.8591,-1,-1,-1
225,1364,1529.26,63.26,35.70,37.10,0.6881,-1,-1,-1
225,1366,639.13,817.11,157.54,154.06,0.5571,-1,-1,-1
225,1369,469.80,612.66,124.47,194.65,0.9330,-1,-1,-1
225,1351,861.06,323.29,69.91,126.23,0.8912,-1,-1,-1
225,1383,511.00,431.33,86.42,152.71,0.8476,-1,-1,-1
225,1387,615.68,477.18,58.75,125.00,0.7986,-1,-1,-1
225,1358,780.98,278.59,61.12,100.93,0.6763,-1,-1,-1
225,1400,406.64,443.66,87.75,157.24,0.9050,-1,-1,-1
225,1363,1151.24,60.21,40.96,62.47,0.8094,-1,-1,-1
225,1403,307.76,598.25,119.89,177.16,0.9115,-1,-1,-1
225,1398,246.89,702.89,204.21,207.24,0.8130,-1,-1,-1
225,1406,658.89,474.51,99.82,169.09,0.8443,-1,-1,-1
225,1374,552.14,544.99,105.35,161.63,0.8613,-1,-1,-1
225,1405,1048.70,120.88,45.87,77.51,0.8049,-1,-1,-1
225,1414,103.13,843.46,165.34,200.40,0.9280,-1,-1,-1
225,1373,1328.91,3.14,23.44,21.66,0.1873,-1,-1,-1
225,1362,1098.94,77.90,44.90,69.34,0.7326,-1,-1,-1
225,1424,5.09,745.39,110.27,333.72,0.8770,-1,-1,-1
225,1421,775.95,295.74,59.31,119.36,0.4594,-1,-1,-1
226,1345,588.91,351.26,75.43,134.99,0.9042,-1,-1,-1
226,1346,676.90,828.52,197.69,163.22,0.9388,-1,-1,-1
226,1348,939.12,157.92,50.39,88.74,0.8543,-1,-1,-1
226,1349,535.16,106.09,50.77,75.97,0.8678,-1,-1,-1
226,1352,659.87,315.08,69.86,113.19,0.8885,-1,-1,-1
226,1354,1007.15,147.93,53.57,90.50,0.8632,-1,-1,-1
226,1355,920.36,207.09,49.00,86.64,0.7757,-1,-1,-1
226,1357,688.95,432.62,79.65,128.14,0.8423,-1,-1,-1
226,1359,1215.09,42.85,38.48,62.19,0.8272,-1,-1,-1
226,1360,761.05,347.53,76.97,130.71,0.8515,-1,-1,-1
226,1361,890.39,228.44,57.94,97.74,0.8553,-1,-1,-1
226,1364,1529.09,63.40,35.48,36.78,0.6834,-1,-1,-1
226,1366,632.73,816.43,157.89,155.50,0.5150,-1,-1,-1
226,1369,471.93,611.70,124.65,195.26,0.9279,-1,-1,-1
226,1351,861.58,321.19,69.44,127.15,0.8619,-1,-1,-1
226,1383,515.32,430.70,87.27,153.24,0.8700,-1,-1,-1
226,1387,615.48,475.99,59.25,128.52,0.7215,-1,-1,-1
226,1358,781.86,278.03,63.99,105.81,0.7011,-1,-1,-1
226,1400,409.66,442.26,87.97,157.49,0.9082,-1,-1,-1
226,1363,1151.75,60.30,41.29,63.08,0.7875,-1,-1,-1
226,1403,309.76,597.63,119.28,176.88,0.9038,-1,-1,-1
226,1398,248.90,702.60,208.05,212.42,0.8482,-1,-1,-1
226,1406,658.74,474.53,99.58,168.62,0.8301,-1,-1,-1
226,1374,554.88,547.61,104.65,159.91,0.8478,-1,-1,-1
226,1405,1049.98,120.97,45.56,77.21,0.8178,-1,-1,-1
226,1414,103.78,840.85,167.27,203.05,0.9350,-1,-1,-1
226,1373,1328.80,3.39,23.16,21.37,0.2599,-1,-1,-1
226,1362,1099.79,78.43,44.56,68.56,0.7269,-1,-1,-1
226,1424,3.93,735.60,114.20,343.64,0.8967,-1,-1,-1
226,1421,779.11,299.22,58.90,118.00,0.2081,-1,-1,-1
227,1345,590.79,350.64,75.47,134.94,0.9040,-1,-1,-1
227,1346,678.92,832.32,192.91,159.32,0.9183,-1,-1,-1
227,1348,941.02,156.89,49.57,86.76,0.8486,-1,-1,-1
227,1349,536.34,105.13,50.55,75.19,0.8780,-1,-1,-1
227,1352,663.25,315.51,69.33,112.20,0.8915,-1,-1,-1
227,1354,1008.03,148.13,53.36,89.94,0.8771,-1,-1,-1
227,1355,922.24,207.69,48.22,85.17,0.7558,-1,-1,-1
227,1357,690.34,432.57,79.51,127.61,0.8500,-1,-1,-1
227,1359,1215.81,42.69,38.35,61.69,0.8200,-1,-1,-1
227,1360,761.31,346.92,77.22,130.98,0.8470,-1,-1,-1
227,1361,891.28,227.70,58.31,98.23,0.8601,-1,-1,-1
227,1364,1528.82,62.94,36.16,37.52,0.6881,-1,-1,-1
227,1366,628.79,816.94,156.68,155.69,0.5018,-1,-1,-1
227,1369,474.96,611.20,123.97,193.83,0.9121,-1,-1,-1
227,1351,864.59,319.20,69.17,126.55,0.8912,-1,-1,-1
227,1383,517.29,429.87,87.42,153.23,0.8697,-1,-1,-1
227,1387,615.20,476.55,59.53,131.35,0.7733,-1,-1,-1
227,1358,785.04,276.67,63.77,104.74,0.7155,-1,-1,-1
227,1400,412.17,441.47,86.45,155.83,0.9012,-1,-1,-1
227,1363,1154.12,59.68,41.39,63.39,0.7814,-1,-1,-1
227,1403,311.74,597.47,119.42,177.65,0.8956,-1,-1,-1
227,1398,252.37,702.32,207.66,212.99,0.8631,-1,-1,-1
227,1406,657.64,474.29,98.67,167.33,0.8349,-1,-1,-1
227,1374,558.41,547.50,105.18,159.76,0.8726,-1,-1,-1
227,1405,1051.82,120.94,45.27,77.14,0.8265,-1,-1,-1
227,1414,104.25,838.58,168.61,205.10,0.9373,-1,-1,-1
227,1373,1328.85,3.56,23.01,21.17,0.2461,-1,-1,-1
227,1362,1100.01,76.91,45.24,69.67,0.7406,-1,-1,-1
227,1424,3.11,728.86,117.07,350.63,0.8972,-1,-1,-1
227,1421,782.79,301.23,59.03,116.94,0.3990,-1,-1,-1
228,1345,592.13,349.99,75.41,135.09,0.8915,-1,-1,-1
228,1346,680.49,834.80,190.14,156.98,0.9056,-1,-1,-1
228,1348,941.43,155.97,49.58,86.47,0.8546,-1,-1,-1
228,1349,538.14,105.04,49.53,73.24,0.8687,-1,-1,-1
228,1352,665.78,316.26,69.43,111.93,0.8832,-1,-1,-1
228,1354,1008.97,147.08,54.09,90.78,0.8781,-1,-1,-1
228,1355,923.11,207.83,47.99,84.61,0.7862,-1,-1,-1
228,1357,688.67,432.21,80.53,129.45,0.8533,-1,-1,-1
228,1359,1216.21,42.66,38.30,61.33,0.8283,-1,-1,-1
228,1360,761.53,344.83,78.49,132.92,0.8570,-1,-1,-1
228,1361,891.87,228.05,57.63,97.03,0.8629,-1,-1,-1
228,1364,1528.70,62.66,36.15,37.48,0.6948,-1,-1,-1
228,1366,628.74,818.37,155.34,154.53,0.5447,-1,-1,-1
228,1369,477.60,611.19,124.27,193.45,0.9066,-1,-1,-1
228,1351,867.19,317.84,69.24,126.46,0.8890,-1,-1,-1
228,1383,519.38,429.87,87.31,152.59,0.8516,-1,-1,-1
228,1387,616.35,476.38,58.34,130.81,0.7062,-1,-1,-1
228,1358,784.80,275.79,65.21,107.14,0.6891,-1,-1,-1
228,1400,414.75,440.64,84.74,153.15,0.8739,-1,-1,-1
228,1363,1154.87,59.44,41.43,63.46,0.7787,-1,-1,-1
228,1403,315.49,597.92,118.29,175.82,0.9001,-1,-1,-1
228,1398,253.14,702.65,209.96,216.71,0.9334,-1,-1,-1
228,1406,655.39,473.72,98.72,167.41,0.7846,-1,-1,-1
228,1374,560.48,546.24,106.84,161.39,0.8813,-1,-1,-1
228,1405,1052.94,121.40,44.47,75.83,0.8148,-1,-1,-1
228,1414,104.51,836.22,170.25,207.73,0.9355,-1,-1,-1
228,1373,1329.02,3.63,23.02,21.08,0.2070,-1,-1,-1
228,1362,1101.29,76.18,45.27,70.12,0.7414,-1,-1,-1
228,1424,3.10,727.71,118.07,351.67,0.9016,-1,-1,-1
228,1421,784.39,304.07,59.66,115.40,0.1795,-1,-1,-1
229,1345,594.97,349.35,75.12,134.40,0.8953,-1,-1,-1
229,1346,682.75,838.47,186.81,154.11,0.9269,-1,-1,-1
229,1348,942.87,155.58,50.03,86.56,0.8555,-1,-1,-1
229,1349,540.05,104.70,49.37,72.57,0.8523,-1,-1,-1
229,1352,669.45,316.47,68.32,109.20,0.8759,-1,-1,-1
229,1354,1010.23,146.36,54.08,90.95,0.8794,-1,-1,-1
229,1355,923.98,208.02,47.93,84.64,0.7667,-1,-1,-1
229,1357,689.12,431.34,80.30,129.36,0.8634,-1,-1,-1
229,1359,1216.57,42.21,38.48,61.51,0.8177,-1,-1,-1
229,1360,763.64,345.67,77.88,132.25,0.8111,-1,-1,-1
229,1361,892.91,228.25,57.16,96.28,0.8352,-1,-1,-1
229,1364,1528.79,62.18,36.85,38.40,0.7312,-1,-1,-1
229,1366,640.27,821.86,156.62,151.93,0.5941,-1,-1,-1
229,1369,480.07,609.79,124.07,192.26,0.9208,-1,-1,-1
229,1351,868.55,315.37,69.13,126.67,0.9015,-1,-1,-1
229,1383,522.89,428.79,88.29,153.12,0.8707,-1,-1,-1
229,1387,617.70,478.11,58.42,132.96,0.7172,-1,-1,-1
229,1358,788.59,275.06,63.91,104.69,0.6654,-1,-1,-1
229,1400,419.56,438.75,82.80,149.67,0.8621,-1,-1,-1
229,1363,1156.69,59.08,41.88,64.04,0.7704,-1,-1,-1
229,1403,318.93,598.49,117.13,173.07,0.9069,-1,-1,-1
229,1398,254.04,699.27,212.78,221.15,0.9307,-1,-1,-1
229,1406,657.56,473.30,99.04,166.92,0.8246,-1,-1,-1
229,1374,564.70,549.07,105.81,158.99,0.8733,-1,-1,-1
229,1405,1054.37,120.70,44.65,76.52,0.8063,-1,-1,-1
229,1414,105.56,833.43,171.53,209.66,0.9212,-1,-1,-1
229,1373,1330.05,4.36,22.49,20.27,0.1875,-1,-1,-1
229,1362,1102.77,77.49,44.51,69.41,0.7680,-1,-1,-1
229,1424,3.61,729.11,118.50,350.48,0.8901,-1,-1,-1
229,1421,785.45,295.87,64.47,124.24,0.4639,-1,-1,-1
230,1345,596.94,349.06,75.04,134.05,0.8995,-1,-1,-1
230,1346,683.00,839.41,187.12,154.46,0.9446,-1,-1,-1
230,1348,943.74,155.25,50.17,86.08,0.8602,-1,-1,-1
230,1349,541.37,104.56,49.62,72.68,0.8705,-1,-1,-1
230,1352,671.83,317.17,68.52,108.83,0.8799,-1,-1,-1
230,1354,1012.70,146.00,54.15,90.83,0.8758,-1,-1,-1
230,1355,924.29,207.13,48.31,85.46,0.7311,-1,-1,-1
230,1357,690.87,430.64,79.63,128.32,0.8717,-1,-1,-1
230,1359,1217.09,41.07,38.82,62.28,0.8046,-1,-1,-1
230,1360,765.44,347.08,77.12,130.85,0.8224,-1,-1,-1
230,1361,893.59,227.06,57.88,97.77,0.8393,-1,-1,-1
230,1364,1529.30,62.27,36.54,38.14,0.7204,-1,-1,-1
230,1366,634.67,822.13,157.36,151.92,0.7413,-1,-1,-1
230,1369,482.48,609.35,123.37,190.23,0.9143,-1,-1,-1
230,1351,869.51,314.41,68.26,125.18,0.9006,-1,-1,-1
230,1383,524.69,428.03,89.12,153.87,0.8657,-1,-1,-1
230,1387,619.04,477.70,56.73,130.07,0.7287,-1,-1,-1
230,1358,789.87,274.81,64.09,104.50,0.6693,-1,-1,-1
230,1400,423.28,437.77,84.54,152.60,0.8770,-1,-1,-1
230,1363,1157.94,58.48,41.94,64.45,0.7612,-1,-1,-1
230,1403,323.18,597.80,116.17,171.45,0.8733,-1,-1,-1
230,1398,255.52,698.21,212.07,221.76,0.9436,-1,-1,-1
230,1406,658.96,473.00,99.61,167.17,0.8319,-1,-1,-1
230,1374,567.78,549.96,105.86,158.27,0.8501,-1,-1,-1
230,1405,1055.73,121.04,44.11,75.59,0.7682,-1,-1,-1
230,1414,106.58,830.03,173.69,212.77,0.8764,-1,-1,-1
230,1373,1330.75,4.51,22.50,20.11,0.1515,-1,-1,-1
230,1362,1103.44,77.90,43.97,68.84,0.7605,-1,-1,-1
230,1424,4.54,734.43,117.68,344.82,0.7930,-1,-1,-1
230,1421,787.08,293.76,65.70,125.85,0.5431,-1,-1,-1
231,1345,598.32,349.03,75.14,133.93,0.8995,-1,-1,-1
231,1346,681.01,836.55,190.75,157.90,0.9400,-1,-1,-1
231,1348,943.62,153.60,50.77,86.69,0.8464,-1,-1,-1
231,1349,543.01,103.65,50.24,73.51,0.8614,-1,-1,-1
231,1352,673.36,316.68,69.70,110.37,0.8964,-1,-1,-1
231,1354,1014.22,146.50,53.73,89.73,0.8701,-1,-1,-1
231,1355,923.63,205.77,49.52,87.63,0.5844,-1,-1,-1
231,1357,689.73,428.67,80.07,128.97,0.8636,-1,-1,-1
231,1359,1217.38,40.57,39.30,63.18,0.8101,-1,-1,-1
231,1360,766.91,347.41,76.18,129.03,0.8294,-1,-1,-1
231,1361,894.56,223.67,59.06,100.48,0.7644,-1,-1,-1
231,1364,1529.46,62.19,36.48,38.08,0.7271,-1,-1,-1
231,1366,637.41,822.38,160.03,151.93,0.6698,-1,-1,-1
231,1369,486.32,607.86,123.10,188.95,0.9254,-1,-1,-1
231,1351,870.01,312.41,67.13,123.81,0.8890,-1,-1,-1
231,1383,527.67,426.64,89.53,153.94,0.8622,-1,-1,-1
231,1387,619.36,480.28,56.81,130.79,0.6484,-1,-1,-1
231,1358,791.14,273.74,64.53,105.04,0.7417,-1,-1,-1
231,1400,428.68,436.05,85.69,154.06,0.8853,-1,-1,-1
231,1363,1158.72,59.80,41.70,63.97,0.7636,-1,-1,-1
231,1403,327.65,597.70,115.21,169.30,0.8821,-1,-1,-1
231,1398,258.23,698.07,210.17,220.76,0.9416,-1,-1,-1
231,1406,650.14,472.01,102.64,167.90,0.7619,-1,-1,-1
231,1374,569.74,547.91,107.99,160.69,0.8752,-1,-1,-1
231,1405,1055.98,120.75,44.19,75.84,0.7689,-1,-1,-1
231,1414,107.71,828.58,175.02,214.41,0.8891,-1,-1,-1
231,1373,1331.14,5.17,22.12,19.45,0.1635,-1,-1,-1
231,1362,1104.03,78.29,43.50,68.28,0.7537,-1,-1,-1
231,1424,4.91,731.93,119.57,347.23,0.8450,-1,-1,-1
231,1421,788.05,290.08,66.79,127.53,0.3954,-1,-1,-1
232,1345,599.94,348.03,75.08,133.63,0.9055,-1,-1,-1
232,1346,682.09,838.44,187.93,155.41,0.9303,-1,-1,-1
232,1348,944.57,152.63,50.99,87.01,0.8594,-1,-1,-1
232,1349,544.45,103.87,50.20,73.41,0.8405,-1,-1,-1
232,1352,675.08,315.96,70.15,110.93,0.8937,-1,-1,-1
232,1354,1015.60,146.73,53.58,89.09,0.8521,-1,-1,-1
232,1355,923.48,203.04,50.80,90.18,0.6501,-1,-1,-1
232,1357,688.49,425.85,81.08,130.68,0.8437,-1,-1,-1
232,1359,1218.24,39.96,39.69,64.06,0.8141,-1,-1,-1
232,1360,767.99,348.47,75.68,128.21,0.8265,-1,-1,-1
232,1361,895.31,223.16,59.11,100.92,0.7897,-1,-1,-1
232,1364,1529.62,62.19,36.57,38.22,0.7285,-1,-1,-1
232,1366,638.76,822.24,162.99,152.46,0.7453,-1,-1,-1
232,1369,489.82,606.79,122.78,187.94,0.9206,-1,-1,-1
232,1351,871.99,312.47,66.54,122.74,0.9009,-1,-1,-1
232,1383,529.43,426.54,89.21,152.67,0.8757,-1,-1,-1
232,1387,623.14,480.55,53.28,123.31,0.6346,-1,-1,-1
232,1358,791.51,273.04,65.62,106.85,0.7446,-1,-1,-1
232,1400,432.30,434.94,85.32,152.76,0.9102,-1,-1,-1
232,1363,1160.24,59.31,42.01,64.27,0.8016,-1,-1,-1
232,1403,330.39,596.79,115.50,169.15,0.9040,-1,-1,-1
232,1398,261.51,698.68,208.23,219.38,0.9386,-1,-1,-1
232,1406,654.29,470.78,103.05,168.33,0.7952,-1,-1,-1
232,1374,573.27,548.55,107.39,159.51,0.8857,-1,-1,-1
232,1405,1056.90,120.95,43.74,75.05,0.7768,-1,-1,-1
232,1414,109.96,826.49,175.77,215.55,0.9109,-1,-1,-1
232,1373,1331.01,5.24,22.25,19.44,0.1445,-1,-1,-1
232,1362,1104.22,78.52,43.22,67.85,0.7977,-1,-1,-1
232,1424,4.89,726.41,122.47,352.72,0.8340,-1,-1,-1
232,1421,789.49,292.80,65.43,124.21,0.4511,-1,-1,-1
233,1345,601.77,347.53,75.21,134.01,0.9114,-1,-1,-1
233,1346,680.70,837.12,190.20,157.69,0.9370,-1,-1,-1
233,1348,945.43,151.73,50.96,86.96,0.8793,-1,-1,-1
233,1349,546.69,104.20,49.97,72.86,0.8759,-1,-1,-1
233,1352,678.17,316.03,69.53,109.90,0.8906,-1,-1,-1
233,1354,1016.94,146.13,54.16,89.68,0.8419,-1,-1,-1
233,1355,924.94,201.47,50.14,89.58,0.8119,-1,-1,-1
233,1357,685.90,422.39,82.22,133.37,0.8180,-1,-1,-1
233,1359,1219.27,39.83,39.19,63.35,0.8091,-1,-1,-1
233,1360,769.06,347.46,76.22,129.48,0.8311,-1,-1,-1
233,1361,895.99,224.38,58.21,99.35,0.8196,-1,-1,-1
233,1364,1529.86,62.44,36.32,37.99,0.7238,-1,-1,-1
233,1366,638.10,821.44,166.39,153.75,0.7452,-1,-1,-1
233,1369,491.76,606.55,122.31,186.83,0.9116,-1,-1,-1
233,1351,873.74,311.68,65.08,120.39,0.8738,-1,-1,-1
233,1383,531.16,426.09,89.01,151.76,0.8919,-1,-1,-1
233,1387,626.73,483.84,50.49,116.87,0.7459,-1,-1,-1
233,1358,791.87,271.78,67.14,110.05,0.7014,-1,-1,-1
233,1400,436.33,433.98,85.33,152.38,0.9175,-1,-1,-1
233,1363,1160.86,58.57,42.51,64.86,0.7919,-1,-1,-1
233,1403,333.17,596.29,115.56,169.18,0.8860,-1,-1,-1
233,1398,264.22,698.01,206.79,218.61,0.9318,-1,-1,-1
233,1406,659.48,472.41,101.77,166.67,0.7973,-1,-1,-1
233,1374,575.72,547.42,108.40,160.79,0.8663,-1,-1,-1
233,1405,1057.81,120.26,44.05,75.13,0.7682,-1,-1,-1
233,1414,112.30,825.57,176.60,216.65,0.8929,-1,-1,-1
233,1373,1330.40,4.62,22.91,20.06,0.1396,-1,-1,-1
233,1362,1105.47,77.79,43.57,68.53,0.7956,-1,-1,-1
233,1424,5.03,725.76,123.60,352.94,0.8068,-1,-1,-1
233,1421,795.93,298.99,61.45,116.01,0.3644,-1,-1,-1
234,1345,604.07,348.40,74.55,132.87,0.9114,-1,-1,-1
234,1346,681.89,840.72,187.32,155.24,0.9429,-1,-1,-1
234,1348,946.44,150.40,51.43,88.11,0.8913,-1,-1,-1
234,1349,547.50,103.00,51.36,74.85,0.8805,-1,-1,-1
234,1352,680.74,316.36,69.18,109.04,0.8952,-1,-1,-1
234,1354,1017.50,146.57,54.16,89.16,0.8452,-1,-1,-1
234,1355,924.75,199.05,51.07,92.03,0.7827,-1,-1,-1
234,1357,684.50,420.10,82.96,135.10,0.8086,-1,-1,-1
234,1359,1219.86,39.32,39.26,63.76,0.7882,-1,-1,-1
234,1360,769.90,347.39,75.65,128.52,0.8368,-1,-1,-1
234,1361,896.95,225.90,57.19,97.54,0.8136,-1,-1,-1
234,1364,1530.15,62.48,36.04,37.74,0.7246,-1,-1,-1
234,1366,627.46,821.40,165.18,153.57,0.8171,-1,-1,-1
234,1369,493.78,606.92,121.36,185.13,0.9005,-1,-1,-1
234,1351,874.00,310.74,64.19,119.45,0.8823,-1,-1,-1
234,1383,532.59,425.82,88.87,151.66,0.8937,-1,-1,-1
234,1387,627.78,486.28,49.95,115.47,0.7867,-1,-1,-1
234,1358,793.87,271.03,67.05,110.22,0.7484,-1,-1,-1
234,1400,438.40,433.10,85.57,152.41,0.9143,-1,-1,-1
234,1363,1161.59,59.09,42.37,64.26,0.7967,-1,-1,-1
234,1403,335.25,595.26,116.53,170.45,0.8987,-1,-1,-1
234,1398,266.83,698.52,205.18,217.53,0.9376,-1,-1,-1
234,1406,662.95,473.75,100.05,163.55,0.8122,-1,-1,-1
234,1374,577.87,550.92,107.20,158.31,0.8715,-1,-1,-1
234,1405,1058.18,119.83,44.18,75.23,0.7667,-1,-1,-1
234,1414,114.34,825.13,176.08,216.44,0.9000,-1,-1,-1
234,1373,1330.14,4.07,23.41,20.65,0.1052,-1,-1,-1
234,1362,1106.51,77.50,43.81,69.01,0.8203,-1,-1,-1
234,1424,5.00,728.08,123.71,350.31,0.7898,-1,-1,-1
234,1421,796.74,303.00,59.46,111.78,0.5205,-1,-1,-1
235,1345,605.86,347.63,74.49,132.59,0.9086,-1,-1,-1
235,1346,682.16,843.80,184.60,152.65,0.9394,-1,-1,-1
235,1348,946.69,148.93,51.99,89.73,0.8956,-1,-1,-1
235,1349,549.44,102.14,51.22,74.25,0.8893,-1,-1,-1
235,1352,682.96,315.37,69.35,109.16,0.8969,-1,-1,-1
235,1354,1018.62,146.21,54.69,89.97,0.8612,-1,-1,-1
235,1355,926.09,199.48,50.86,92.27,0.8493,-1,-1,-1
235,1357,684.30,417.93,82.61,135.21,0.7991,-1,-1,-1
235,1359,1220.79,39.95,38.99,63.53,0.7697,-1,-1,-1
235,1360,772.00,349.45,74.78,126.73,0.8675,-1,-1,-1
235,1361,897.59,225.67,56.53,96.31,0.7928,-1,-1,-1
235,1364,1530.21,62.47,36.06,37.82,0.7088,-1,-1,-1
235,1366,630.39,822.19,166.13,153.30,0.7615,-1,-1,-1
235,1369,495.64,607.21,121.29,184.92,0.9046,-1,-1,-1
235,1351,875.02,308.34,64.77,120.93,0.8844,-1,-1,-1
235,1383,534.60,424.45,89.16,152.45,0.8869,-1,-1,-1
235,1387,627.04,487.77,52.90,122.85,0.8768,-1,-1,-1
235,1358,792.69,269.10,71.06,118.13,0.7820,-1,-1,-1
235,1400,441.81,431.93,85.51,151.83,0.8953,-1,-1,-1
235,1363,1162.83,58.46,43.11,65.15,0.7888,-1,-1,-1
235,1403,337.27,594.34,116.67,170.59,0.8897,-1,-1,-1
235,1398,267.90,695.23,206.56,220.16,0.8827,-1,-1,-1
235,1406,664.54,474.48,99.20,163.10,0.8101,-1,-1,-1
235,1374,578.85,550.76,108.90,160.25,0.8280,-1,-1,-1
235,1405,1059.38,119.52,44.43,75.63,0.7730,-1,-1,-1
235,1414,116.84,824.05,176.79,217.74,0.8969,-1,-1,-1
235,1362,1107.27,76.89,44.01,69.49,0.8104,-1,-1,-1
235,1424,3.23,722.15,126.30,356.37,0.8399,-1,-1,-1
235,1421,799.21,303.03,59.51,111.32,0.5137,-1,-1,-1
236,1345,607.07,347.35,74.43,132.27,0.9109,-1,-1,-1
236,1346,685.82,851.11,177.31,145.65,0.9411,-1,-1,-1
236,1348,947.15,147.64,52.49,90.99,0.8753,-1,-1,-1
236,1349,550.01,101.42,51.57,74.46,0.9042,-1,-1,-1
236,1352,683.75,314.26,69.74,109.79,0.9080,-1,-1,-1
236,1354,1019.39,145.30,55.26,91.01,0.8654,-1,-1,-1
236,1355,926.71,199.29,50.14,91.70,0.7910,-1,-1,-1
236,1357,684.25,415.13,83.44,137.18,0.8352,-1,-1,-1
236,1359,1221.65,39.78,38.87,63.75,0.7832,-1,-1,-1
236,1360,773.27,353.68,72.81,122.77,0.8782,-1,-1,-1
236,1361,897.82,226.15,56.52,96.23,0.8011,-1,-1,-1
236,1364,1530.07,62.51,35.80,37.54,0.7061,-1,-1,-1
236,1366,630.56,822.71,166.60,152.78,0.7871,-1,-1,-1
236,1369,496.30,607.92,121.19,184.59,0.8965,-1,-1,-1
236,1351,875.99,307.42,64.99,121.63,0.8787,-1,-1,-1
236,1383,536.90,424.17,89.04,151.92,0.8827,-1,-1,-1
236,1387,626.62,487.83,54.30,126.58,0.8893,-1,-1,-1
236,1358,792.65,268.44,70.51,118.36,0.7717,-1,-1,-1
236,1400,444.30,431.15,85.56,151.60,0.8894,-1,-1,-1
236,1363,1163.79,58.79,42.94,64.67,0.7996,-1,-1,-1
236,1403,338.38,594.47,117.51,171.84,0.8790,-1,-1,-1
236,1398,271.57,695.95,203.96,218.12,0.9155,-1,-1,-1
236,1406,666.00,474.19,98.51,162.95,0.8120,-1,-1,-1
236,1374,580.91,553.78,108.35,158.31,0.8347,-1,-1,-1
236,1405,1060.26,118.98,44.78,76.23,0.7824,-1,-1,-1
236,1414,119.15,823.64,176.29,217.18,0.8931,-1,-1,-1
236,1362,1107.24,76.40,44.13,69.89,0.8084,-1,-1,-1
236,1424,4.75,740.56,120.92,337.82,0.7799,-1,-1,-1
236,1421,799.35,300.24,60.78,113.86,0.6255,-1,-1,-1
237,1345,607.75,346.60,74.61,132.42,0.9159,-1,-1,-1
237,1346,688.23,855.48,174.43,142.48,0.9463,-1,-1,-1
237,1348,950.11,147.38,50.91,88.43,0.8755,-1,-1,-1
237,1349,552.12,100.09,52.18,75.75,0.8593,-1,-1,-1
237,1352,685.42,313.69,69.79,109.71,0.9037,-1,-1,-1
237,1354,1020.38,145.25,55.05,90.55,0.8569,-1,-1,-1
237,1355,927.22,199.02,49.96,91.96,0.8816,-1,-1,-1
237,1357,683.83,413.37,84.27,139.16,0.8149,-1,-1,-1
237,1359,1222.27,39.64,39.14,64.32,0.7774,-1,-1,-1
237,1360,774.35,353.82,72.32,121.16,0.8769,-1,-1,-1
237,1361,898.04,225.99,56.29,96.03,0.8403,-1,-1,-1
237,1364,1530.08,62.37,36.20,38.00,0.7274,-1,-1,-1
237,1366,622.26,821.76,166.70,154.46,0.7990,-1,-1,-1
237,1369,500.00,607.90,120.63,183.35,0.8952,-1,-1,-1
237,1351,876.91,305.05,66.04,123.99,0.8663,-1,-1,-1
237,1383,538.56,424.06,89.22,152.38,0.8765,-1,-1,-1
237,1387,627.03,486.56,54.97,128.27,0.8358,-1,-1,-1
237,1358,793.61,267.39,72.03,122.56,0.7907,-1,-1,-1
237,1400,447.42,429.13,85.91,152.13,0.9182,-1,-1,-1
237,1363,1165.11,58.07,42.52,64.02,0.8084,-1,-1,-1
237,1403,341.52,593.94,117.58,172.22,0.8542,-1,-1,-1
237,1398,273.54,693.24,205.28,220.62,0.9251,-1,-1,-1
237,1406,667.08,470.43,99.49,164.15,0.7736,-1,-1,-1
237,1374,581.92,553.58,108.42,157.67,0.8192,-1,-1,-1
237,1405,1061.12,117.97,45.15,76.64,0.7996,-1,-1,-1
237,1414,125.64,822.45,173.96,215.49,0.8913,-1,-1,-1
237,1362,1108.10,76.33,43.86,69.81,0.7747,-1,-1,-1
237,1424,6.03,743.81,121.11,334.40,0.8100,-1,-1,-1
237,1421,800.27,297.28,62.06,117.33,0.5195,-1,-1,-1
238,1345,608.75,345.90,74.46,132.56,0.9110,-1,-1,-1
238,1346,687.54,855.46,175.64,142.96,0.9387,-1,-1,-1
238,1348,951.18,146.68,50.57,88.08,0.8717,-1,-1,-1
238,1349,553.60,99.07,52.68,76.82,0.8915,-1,-1,-1
238,1352,686.52,313.01,70.22,110.11,0.9094,-1,-1,-1
238,1354,1021.33,144.98,54.99,90.52,0.8380,-1,-1,-1
238,1355,928.17,199.31,49.47,91.61,0.8859,-1,-1,-1
238,1357,684.19,412.88,84.07,139.53,0.8228,-1,-1,-1
238,1359,1222.88,39.68,38.87,64.27,0.7680,-1,-1,-1
238,1360,775.09,353.66,72.27,120.40,0.8509,-1,-1,-1
238,1361,898.37,225.59,56.44,96.20,0.8402,-1,-1,-1
238,1364,1531.06,62.27,36.06,38.05,0.7304,-1,-1,-1
238,1366,631.96,822.45,169.52,155.00,0.7786,-1,-1,-1
238,1369,503.35,609.53,119.65,180.89,0.9350,-1,-1,-1
238,1351,878.49,304.17,65.86,123.48,0.8785,-1,-1,-1
238,1383,540.68,423.61,89.29,152.34,0.8862,-1,-1,-1
238,1387,627.56,485.35,55.28,129.12,0.8202,-1,-1,-1
238,1358,795.87,266.99,71.88,123.62,0.8077,-1,-1,-1
238,1400,449.24,427.88,85.64,152.07,0.9114,-1,-1,-1
238,1363,1166.09,58.26,42.61,63.83,0.8245,-1,-1,-1
238,1403,344.19,593.97,117.52,172.58,0.8459,-1,-1,-1
238,1398,276.32,692.87,204.16,220.41,0.9146,-1,-1,-1
238,1406,663.53,468.36,100.60,163.96,0.7727,-1,-1,-1
238,1374,583.67,554.68,107.54,155.62,0.7925,-1,-1,-1
238,1405,1062.78,117.53,45.09,76.08,0.7807,-1,-1,-1
238,1414,129.38,821.67,172.52,214.93,0.9104,-1,-1,-1
238,1362,1108.07,76.11,43.98,70.55,0.7898,-1,-1,-1
238,1424,4.77,732.99,125.68,344.71,0.8374,-1,-1,-1
238,1421,802.17,298.97,61.02,116.18,0.5634,-1,-1,-1
239,1345,610.67,346.03,73.84,131.85,0.9072,-1,-1,-1
239,1346,689.80,858.36,173.22,140.52,0.9437,-1,-1,-1
239,1348,951.99,145.19,50.20,87.77,0.8684,-1,-1,-1
239,1349,556.46,98.77,52.06,76.28,0.8704,-1,-1,-1
239,1352,689.18,312.31,70.13,109.56,0.9168,-1,-1,-1
239,1354,1022.63,144.70,55.27,91.05,0.8404,-1,-1,-1
239,1355,929.13,198.25,48.76,91.22,0.8438,-1,-1,-1
239,1357,686.22,413.22,83.27,138.80,0.8231,-1,-1,-1
239,1359,1223.93,39.51,38.31,63.63,0.7685,-1,-1,-1
239,1360,776.83,356.88,70.75,116.77,0.8644,-1,-1,-1
239,1361,899.85,225.01,55.60,94.68,0.8085,-1,-1,-1
239,1364,1531.87,62.12,35.61,37.66,0.7430,-1,-1,-1
239,1366,628.29,824.36,168.62,154.54,0.8555,-1,-1,-1
239,1369,506.95,611.94,118.36,177.56,0.9334,-1,-1,-1
239,1351,881.29,303.95,64.14,120.39,0.8785,-1,-1,-1
239,1383,542.75,423.03,89.80,153.01,0.8863,-1,-1,-1
239,1387,628.49,483.10,55.64,129.96,0.8325,-1,-1,-1
239,1358,798.21,266.32,70.80,123.01,0.8097,-1,-1,-1
239,1400,453.71,426.00,85.73,151.70,0.9097,-1,-1,-1
239,1363,1167.18,59.00,42.35,62.74,0.8098,-1,-1,-1
239,1403,348.41,593.96,115.86,170.29,0.8983,-1,-1,-1
239,1398,278.47,689.39,205.94,223.48,0.9208,-1,-1,-1
239,1406,667.56,466.45,100.73,164.13,0.7472,-1,-1,-1
239,1374,586.22,548.68,111.53,161.58,0.8095,-1,-1,-1
239,1405,1063.73,116.27,45.78,77.09,0.8057,-1,-1,-1
239,1414,135.22,822.03,169.17,211.42,0.9214,-1,-1,-1
239,1362,1109.20,76.02,43.45,70.09,0.7930,-1,-1,-1
239,1424,5.29,727.92,128.44,349.07,0.8670,-1,-1,-1
239,1421,803.06,297.22,61.82,118.52,0.4833,-1,-1,-1
240,1345,612.38,344.75,74.60,133.03,0.8995,-1,-1,-1
240,1346,691.22,860.99,172.56,139.50,0.9402,-1,-1,-1
240,1348,953.30,145.07,49.42,86.69,0.8460,-1,-1,-1
240,1349,558.82,98.29,51.49,75.82,0.8469,-1,-1,-1
240,1352,691.37,312.06,69.99,109.15,0.9250,-1,-1,-1
240,1354,1024.57,145.19,55.06,90.85,0.8303,-1,-1,-1
240,1355,930.11,198.09,49.08,92.41,0.8230,-1,-1,-1
240,1357,687.33,412.58,82.98,139.11,0.8283,-1,-1,-1
240,1359,1224.31,39.22,38.20,63.79,0.7675,-1,-1,-1
240,1360,778.17,355.97,71.83,117.91,0.8569,-1,-1,-1
240,1361,900.79,224.24,55.18,94.10,0.7787,-1,-1,-1
240,1364,1532.63,62.22,35.05,37.11,0.7318,-1,-1,-1
240,1366,632.68,825.52,168.84,153.49,0.8628,-1,-1,-1
240,1369,510.19,613.12,117.62,175.11,0.9291,-1,-1,-1
240,1351,882.27,301.78,64.39,121.11,0.8638,-1,-1,-1
240,1383,545.67,422.75,89.49,152.84,0.8937,-1,-1,-1
240,1387,628.48,481.75,56.39,131.65,0.8422,-1,-1,-1
240,1358,801.82,265.94,67.47,117.16,0.8203,-1,-1,-1
240,1400,457.36,424.57,85.92,151.52,0.9100,-1,-1,-1
240,1363,1168.42,58.77,42.61,62.83,0.7983,-1,-1,-1
240,1403,351.49,593.52,114.79,168.96,0.8960,-1,-1,-1
240,1398,281.69,689.32,204.24,222.49,0.9306,-1,-1,-1
240,1406,672.14,463.97,100.49,164.66,0.7428,-1,-1,-1
240,1374,581.86,528.07,124.49,182.79,0.8341,-1,-1,-1
240,1405,1065.20,116.07,45.48,76.46,0.8012,-1,-1,-1
240,1414,139.28,821.11,168.23,211.23,0.9239,-1,-1,-1
240,1362,1110.31,75.46,43.45,70.43,0.8116,-1,-1,-1
240,1424,6.07,723.93,131.19,352.79,0.8310,-1,-1,-1
240,1421,805.01,298.36,60.77,117.32,0.6673,-1,-1,-1
241,1345,614.29,344.45,74.39,132.16,0.8927,-1,-1,-1
241,1346,688.63,858.78,176.84,143.16,0.9351,-1,-1,-1
241,1348,954.06,144.40,49.49,86.77,0.8257,-1,-1,-1
241,1349,560.32,96.56,51.63,76.69,0.8748,-1,-1,-1
241,1352,693.59,312.12,70.65,110.26,0.9186,-1,-1,-1
241,1354,1025.87,146.11,54.08,89.43,0.8031,-1,-1,-1
241,1355,931.70,200.15,48.15,90.70,0.7464,-1,-1,-1
241,1357,687.98,412.07,82.44,139.11,0.7796,-1,-1,-1
241,1359,1225.01,38.77,37.89,63.73,0.7923,-1,-1,-1
241,1360,779.02,354.11,73.01,119.17,0.8460,-1,-1,-1
241,1361,902.29,223.10,55.68,94.59,0.7621,-1,-1,-1
241,1364,1532.62,61.71,35.03,37.09,0.7390,-1,-1,-1
241,1366,624.95,825.26,166.00,152.90,0.8362,-1,-1,-1
241,1369,513.77,616.09,115.57,170.85,0.8998,-1,-1,-1
241,1351,883.29,301.56,63.43,119.61,0.8603,-1,-1,-1
241,1383,549.17,422.10,88.76,151.69,0.8814,-1,-1,-1
241,1387,630.61,479.44,56.90,132.62,0.8166,-1,-1,-1
241,1358,802.20,264.84,68.66,120.79,0.8141,-1,-1,-1
241,1400,460.50,423.02,86.02,151.60,0.9113,-1,-1,-1
241,1363,1169.48,59.36,42.65,62.55,0.7965,-1,-1,-1
241,1403,354.04,591.83,116.22,171.06,0.9000,-1,-1,-1
241,1398,285.84,689.10,202.09,221.07,0.9354,-1,-1,-1
241,1406,676.03,459.49,100.89,166.23,0.6223,-1,-1,-1
241,1374,577.27,503.30,138.07,207.52,0.8380,-1,-1,-1
241,1405,1066.09,115.14,45.57,76.58,0.8035,-1,-1,-1
241,1414,143.31,821.45,166.13,209.21,0.9254,-1,-1,-1
241,1362,1111.09,74.28,43.34,70.72,0.8256,-1,-1,-1
241,1424,5.94,723.66,132.87,354.16,0.7931,-1,-1,-1
241,1421,807.17,299.06,60.17,116.32,0.7056,-1,-1,-1
242,1345,615.99,344.41,74.63,132.08,0.8723,-1,-1,-1
242,1346,686.87,857.27,180.46,146.46,0.9346,-1,-1,-1
242,1348,955.45,143.48,49.35,86.54,0.8360,-1,-1,-1
242,1349,563.08,96.04,50.78,75.83,0.8904,-1,-1,-1
242,1352,694.54,310.31,71.68,112.08,0.9057,-1,-1,-1
242,1354,1027.32,145.57,54.40,89.74,0.7881,-1,-1,-1
242,1355,932.59,200.60,47.81,90.43,0.7652,-1,-1,-1
242,1357,686.36,413.19,81.81,137.90,0.8329,-1,-1,-1
242,1359,1225.22,38.37,37.21,63.09,0.7693,-1,-1,-1
242,1360,781.46,355.83,71.34,115.45,0.8434,-1,-1,-1
242,1361,903.43,222.51,55.91,94.54,0.7581,-1,-1,-1
242,1364,1533.28,61.61,34.45,36.45,0.7349,-1,-1,-1
242,1366,621.00,825.63,162.41,152.08,0.8262,-1,-1,-1
242,1369,516.73,617.88,114.64,167.89,0.9026,-1,-1,-1
242,1351,885.23,301.07,63.38,119.47,0.8680,-1,-1,-1
242,1383,551.08,421.84,88.60,151.12,0.8908,-1,-1,-1
242,1387,632.02,478.06,57.81,134.19,0.8094,-1,-1,-1
242,1358,803.75,263.84,68.48,121.69,0.8395,-1,-1,-1
242,1400,462.71,421.02,85.35,150.80,0.9191,-1,-1,-1
242,1363,1171.00,57.85,43.27,63.44,0.7575,-1,-1,-1
242,1403,357.17,591.16,116.42,171.22,0.8896,-1,-1,-1
242,1398,288.91,688.25,200.84,220.48,0.9254,-1,-1,-1
242,1406,679.34,457.42,100.10,165.82,0.6689,-1,-1,-1
242,1374,579.50,502.15,137.07,209.29,0.8426,-1,-1,-1
242,1405,1067.42,114.32,45.64,76.68,0.8402,-1,-1,-1
242,1414,145.63,821.02,164.68,207.25,0.9244,-1,-1,-1
242,1362,1112.87,75.19,42.41,69.46,0.7831,-1,-1,-1
242,1424,6.86,728.85,132.39,348.80,0.8048,-1,-1,-1
242,1421,810.77,302.97,57.96,111.77,0.6313,-1,-1,-1
243,1345,619.30,343.06,74.69,131.77,0.8864,-1,-1,-1
243,1346,682.36,848.26,190.93,156.64,0.9264,-1,-1,-1
243,1348,957.64,142.81,49.78,87.78,0.8242,-1,-1,-1
243,1349,564.92,95.49,50.24,75.51,0.8825,-1,-1,-1
243,1352,698.13,310.98,71.54,111.24,0.9078,-1,-1,-1
243,1354,1028.94,146.53,53.99,88.78,0.7560,-1,-1,-1
243,1355,933.46,199.55,47.60,90.43,0.7797,-1,-1,-1
243,1357,685.47,415.19,80.47,135.86,0.8343,-1,-1,-1
243,1359,1225.95,38.12,36.43,62.38,0.7810,-1,-1,-1
243,1360,781.43,353.86,73.74,118.44,0.8402,-1,-1,-1
243,1361,904.68,222.26,55.78,93.99,0.7716,-1,-1,-1
243,1364,1533.14,61.08,34.83,36.92,0.7338,-1,-1,-1
243,1366,628.66,827.29,160.93,150.35,0.7130,-1,-1,-1
243,1369,519.84,621.46,112.54,162.64,0.8925,-1,-1,-1
243,1351,887.32,298.57,62.78,118.21,0.8860,-1,-1,-1
243,1383,552.62,422.13,87.65,150.03,0.9236,-1,-1,-1
243,1387,633.80,476.82,57.77,133.14,0.8453,-1,-1,-1
243,1358,804.35,261.35,71.03,127.72,0.8129,-1,-1,-1
243,1400,465.67,419.27,85.32,150.97,0.9252,-1,-1,-1
243,1363,1172.01,56.41,44.32,65.07,0.7810,-1,-1,-1
243,1403,360.74,590.53,116.05,170.26,0.9028,-1,-1,-1
243,1398,291.14,685.41,201.44,221.92,0.9392,-1,-1,-1
243,1406,681.10,454.23,100.95,167.79,0.6810,-1,-1,-1
243,1374,587.46,517.85,126.41,193.94,0.8623,-1,-1,-1
243,1405,1066.81,111.73,46.86,78.92,0.8221,-1,-1,-1
243,1414,149.02,821.23,163.40,204.90,0.9246,-1,-1,-1
243,1362,1113.72,73.88,42.74,70.44,0.8062,-1,-1,-1
243,1424,6.47,723.04,135.63,354.04,0.7619,-1,-1,-1
243,1421,812.13,300.19,58.78,113.23,0.7019,-1,-1,-1
244,1345,621.55,342.20,74.30,130.73,0.8886,-1,-1,-1
244,1346,685.17,852.63,185.99,153.23,0.9297,-1,-1,-1
244,1348,958.55,142.66,49.90,88.34,0.8414,-1,-1,-1
244,1349,566.11,93.76,51.13,77.51,0.8541,-1,-1,-1
244,1352,699.44,311.60,71.11,110.54,0.9122,-1,-1,-1
244,1354,1030.20,146.58,53.76,88.13,0.7237,-1,-1,-1
244,1355,934.69,199.74,47.29,89.65,0.7816,-1,-1,-1
244,1357,685.58,414.90,80.28,134.73,0.7825,-1,-1,-1
244,1359,1227.82,38.09,35.68,61.33,0.7875,-1,-1,-1
244,1360,781.89,354.08,74.07,118.25,0.8515,-1,-1,-1
244,1361,905.92,221.47,56.57,94.33,0.7746,-1,-1,-1
244,1364,1533.26,61.05,34.42,36.45,0.7429,-1,-1,-1
244,1366,636.75,828.54,161.84,149.28,0.7288,-1,-1,-1
244,1369,521.91,622.99,112.24,160.38,0.8904,-1,-1,-1
244,1351,887.60,295.42,62.60,118.22,0.8670,-1,-1,-1
244,1383,554.63,421.98,87.00,149.67,0.9124,-1,-1,-1
244,1387,635.64,476.31,59.02,135.34,0.8148,-1,-1,-1
244,1358,802.78,260.04,76.95,141.47,0.8382,-1,-1,-1
244,1400,467.49,417.12,86.06,152.74,0.9210,-1,-1,-1
244,1363,1172.34,54.89,45.09,66.40,0.7820,-1,-1,-1
244,1403,363.75,589.71,115.73,169.35,0.9094,-1,-1,-1
244,1398,294.22,683.73,201.31,222.37,0.9206,-1,-1,-1
244,1406,678.88,438.13,108.54,182.81,0.6420,-1,-1,-1
244,1374,588.84,515.64,126.54,196.10,0.8532,-1,-1,-1
244,1405,1067.22,110.80,47.13,79.58,0.8427,-1,-1,-1
244,1414,152.33,820.97,163.09,204.06,0.9225,-1,-1,-1
244,1362,1114.85,73.01,43.12,71.05,0.7983,-1,-1,-1
244,1424,5.34,723.64,136.25,353.24,0.7855,-1,-1,-1
245,1345,623.46,341.15,73.92,130.01,0.8907,-1,-1,-1
245,1346,688.17,857.00,181.22,149.63,0.9382,-1,-1,-1
245,1348,959.46,141.84,49.88,88.07,0.8353,-1,-1,-1
245,1349,568.48,93.29,50.30,76.65,0.8322,-1,-1,-1
245,1352,701.49,312.31,70.75,109.88,0.9074,-1,-1,-1
245,1354,1031.81,145.31,54.57,89.14,0.7587,-1,-1,-1
245,1355,936.46,200.13,46.78,88.36,0.7329,-1,-1,-1
245,1357,687.09,419.19,78.71,130.41,0.7413,-1,-1,-1
245,1359,1228.58,37.86,35.49,61.06,0.7818,-1,-1,-1
245,1360,782.26,351.67,75.54,120.39,0.8673,-1,-1,-1
245,1361,906.35,220.06,58.10,96.59,0.8037,-1,-1,-1
245,1364,1533.20,61.23,34.10,36.00,0.7301,-1,-1,-1
245,1366,626.16,830.12,157.35,147.40,0.8766,-1,-1,-1
245,1369,524.85,623.42,113.17,159.80,0.8954,-1,-1,-1
245,1351,888.52,294.80,61.84,116.75,0.8675,-1,-1,-1
245,1383,557.68,422.68,85.48,148.12,0.8969,-1,-1,-1
245,1387,637.21,476.26,58.50,132.20,0.8623,-1,-1,-1
245,1358,804.08,258.30,78.57,147.14,0.8180,-1,-1,-1
245,1400,470.16,414.82,86.41,154.08,0.8939,-1,-1,-1
245,1363,1174.53,55.56,44.28,65.27,0.8047,-1,-1,-1
245,1403,366.36,587.96,116.17,169.86,0.8997,-1,-1,-1
245,1398,296.24,681.97,201.06,222.65,0.9227,-1,-1,-1
245,1406,679.17,435.22,109.32,184.78,0.7249,-1,-1,-1
245,1374,594.39,521.81,121.50,189.29,0.8709,-1,-1,-1
245,1405,1069.18,111.18,46.25,77.72,0.8375,-1,-1,-1
245,1414,157.06,823.02,160.04,199.44,0.9172,-1,-1,-1
245,1362,1116.81,73.51,42.46,69.64,0.8213,-1,-1,-1
245,1424,4.08,717.33,139.56,360.18,0.7804,-1,-1,-1
246,1345,624.61,340.47,74.39,130.96,0.9046,-1,-1,-1
246,1346,688.41,856.78,180.48,149.53,0.9293,-1,-1,-1
246,1348,961.25,141.55,49.45,87.59,0.8571,-1,-1,-1
246,1349,570.02,91.75,50.14,76.72,0.8579,-1,-1,-1
246,1352,702.92,312.02,71.14,110.30,0.9085,-1,-1,-1
246,1354,1032.88,145.36,54.58,88.56,0.7881,-1,-1,-1
246,1355,937.51,197.84,47.54,89.25,0.7744,-1,-1,-1
246,1357,688.08,422.12,79.86,130.11,0.6014,-1,-1,-1
246,1359,1229.13,36.58,36.07,62.03,0.7852,-1,-1,-1
246,1360,784.11,351.80,75.40,119.73,0.8677,-1,-1,-1
246,1361,905.95,218.87,59.68,98.95,0.7834,-1,-1,-1
246,1364,1533.24,61.13,34.16,35.93,0.7412,-1,-1,-1
246,1366,619.58,829.10,155.78,149.01,0.8599,-1,-1,-1
246,1369,525.99,623.30,114.53,160.49,0.8995,-1,-1,-1
246,1351,890.96,294.88,60.24,113.49,0.8523,-1,-1,-1
246,1383,559.89,423.95,83.75,146.09,0.8962,-1,-1,-1
246,1387,637.49,476.31,59.50,133.14,0.8523,-1,-1,-1
246,1358,805.12,257.51,78.91,150.53,0.7924,-1,-1,-1
246,1400,472.32,412.77,86.41,154.61,0.8850,-1,-1,-1
246,1363,1175.16,54.77,44.83,66.35,0.8077,-1,-1,-1
246,1403,368.79,587.03,115.93,169.84,0.8738,-1,-1,-1
246,1398,297.85,680.49,201.26,223.52,0.9321,-1,-1,-1
246,1406,680.76,429.24,111.76,190.21,0.7728,-1,-1,-1
246,1374,596.39,522.53,120.09,188.21,0.8586,-1,-1,-1
246,1405,1070.72,111.46,45.48,76.25,0.8404,-1,-1,-1
246,1414,162.86,826.15,156.73,194.74,0.9180,-1,-1,-1
246,1362,1117.46,73.69,42.39,69.31,0.8188,-1,-1,-1
246,1424,5.21,724.20,138.15,353.39,0.7957,-1,-1,-1
246,1373,1335.52,0.09,21.50,18.89,0.4242,-1,-1,-1
247,1345,626.09,339.88,74.19,130.94,0.8960,-1,-1,-1
247,1346,688.79,856.24,180.04,149.82,0.9247,-1,-1,-1
247,1348,962.76,140.46,48.87,86.85,0.8427,-1,-1,-1
247,1349,571.49,90.43,49.97,76.82,0.8590,-1,-1,-1
247,1352,704.61,312.13,70.89,109.88,0.9043,-1,-1,-1
247,1354,1033.56,144.73,55.44,89.48,0.8083,-1,-1,-1
247,1355,937.91,197.00,47.81,89.41,0.7765,-1,-1,-1
247,1357,688.00,421.85,82.39,132.44,0.5547,-1,-1,-1
247,1359,1228.91,35.80,36.00,61.93,0.7825,-1,-1,-1
247,1360,784.57,349.24,76.80,121.91,0.8640,-1,-1,-1
247,1361,906.44,218.77,59.32,98.62,0.7962,-1,-1,-1
247,1364,1532.91,60.95,33.99,35.54,0.7383,-1,-1,-1
247,1366,617.39,827.88,154.83,150.86,0.8537,-1,-1,-1
247,1369,528.45,624.78,114.66,159.31,0.8952,-1,-1,-1
247,1351,892.87,291.65,60.63,114.44,0.8401,-1,-1,-1
247,1383,561.80,423.98,82.56,145.30,0.8958,-1,-1,-1
247,1387,638.59,476.62,60.18,132.69,0.8261,-1,-1,-1
247,1358,807.05,255.74,78.47,152.31,0.7518,-1,-1,-1
247,1400,476.15,411.06,86.17,154.57,0.9006,-1,-1,-1
247,1363,1176.45,53.97,45.13,66.87,0.8308,-1,-1,-1
247,1403,372.53,585.78,115.62,169.65,0.8072,-1,-1,-1
247,1398,301.06,680.36,199.73,222.34,0.9378,-1,-1,-1
247,1406,680.41,426.83,111.30,190.43,0.7338,-1,-1,-1
247,1374,598.79,525.72,117.90,185.60,0.8310,-1,-1,-1
247,1405,1071.99,111.36,45.48,76.21,0.8171,-1,-1,-1
247,1414,167.36,828.22,155.12,192.27,0.9393,-1,-1,-1
247,1362,1117.79,73.14,42.15,68.69,0.7939,-1,-1,-1
247,1424,4.58,722.39,139.88,355.57,0.7376,-1,-1,-1
247,1373,1335.70,-0.05,21.20,18.48,0.4383,-1,-1,-1
248,1345,627.40,338.98,74.33,131.61,0.9072,-1,-1,-1
248,1346,688.94,857.12,179.55,149.92,0.9345,-1,-1,-1
248,1348,963.79,139.31,48.78,86.91,0.8619,-1,-1,-1
248,1349,572.96,89.48,49.70,76.97,0.8526,-1,-1,-1
248,1352,706.81,312.34,70.86,109.60,0.9069,-1,-1,-1
248,1354,1034.93,144.43,55.97,90.24,0.8049,-1,-1,-1
248,1355,938.23,197.76,47.85,89.17,0.7543,-1,-1,-1
248,1357,688.38,421.66,81.44,129.20,0.1728,-1,-1,-1
248,1359,1229.72,35.93,36.08,62.10,0.7656,-1,-1,-1
248,1360,785.13,348.88,76.92,122.23,0.8671,-1,-1,-1
248,1361,907.24,218.08,58.41,97.35,0.7819,-1,-1,-1
248,1364,1532.60,60.84,34.01,35.30,0.7320,-1,-1,-1
248,1366,621.53,828.72,153.16,150.36,0.8362,-1,-1,-1
248,1369,529.87,625.81,115.07,158.71,0.8929,-1,-1,-1
248,1351,895.30,290.38,60.02,113.47,0.8126,-1,-1,-1
248,1383,564.27,423.86,81.35,144.48,0.8961,-1,-1,-1
248,1387,638.50,475.78,61.49,133.25,0.8426,-1,-1,-1
248,1358,809.74,255.14,77.15,152.22,0.7180,-1,-1,-1
248,1400,479.26,409.96,85.71,153.79,0.9020,-1,-1,-1
248,1363,1177.91,53.86,45.15,66.87,0.8298,-1,-1,-1
248,1403,375.17,585.13,116.16,170.35,0.8593,-1,-1,-1
248,1398,303.93,679.62,199.39,222.20,0.9305,-1,-1,-1
248,1406,679.96,423.20,111.73,192.54,0.7725,-1,-1,-1
248,1374,601.10,528.50,115.76,182.92,0.8252,-1,-1,-1
248,1405,1072.27,110.43,46.24,77.41,0.7956,-1,-1,-1
248,1414,170.13,829.02,154.91,191.26,0.9347,-1,-1,-1
248,1362,1118.08,72.74,42.05,68.30,0.7896,-1,-1,-1
248,1424,4.69,720.74,141.23,356.54,0.7057,-1,-1,-1
248,1373,1336.04,-0.10,20.75,17.83,0.4668,-1,-1,-1
249,1345,628.63,338.08,74.49,132.42,0.9129,-1,-1,-1
249,1346,690.12,859.08,176.49,147.43,0.9279,-1,-1,-1
249,1348,964.83,137.86,49.08,87.66,0.8689,-1,-1,-1
249,1349,574.35,87.86,50.58,79.05,0.8647,-1,-1,-1
249,1352,707.93,311.60,71.09,109.72,0.9004,-1,-1,-1
249,1354,1035.39,143.83,56.35,90.81,0.8171,-1,-1,-1
249,1355,938.17,198.31,47.97,88.62,0.7197,-1,-1,-1
249,1359,1230.70,36.89,35.74,61.60,0.7818,-1,-1,-1
249,1360,787.17,349.61,75.21,119.43,0.8715,-1,-1,-1
249,1361,908.24,216.02,58.86,98.70,0.8215,-1,-1,-1
249,1364,1532.66,60.35,34.56,35.68,0.7456,-1,-1,-1
249,1366,625.80,827.71,155.07,152.08,0.7398,-1,-1,-1
249,1369,532.43,625.97,115.97,158.74,0.9038,-1,-1,-1
249,1351,897.55,289.63,58.49,110.04,0.7968,-1,-1,-1
249,1383,566.19,423.02,81.22,146.03,0.8941,-1,-1,-1
249,1387,639.76,475.66,61.30,129.72,0.8817,-1,-1,-1
249,1358,812.65,255.22,74.91,149.93,0.7074,-1,-1,-1
249,1400,482.79,408.82,84.64,151.56,0.9049,-1,-1,-1
249,1363,1179.06,53.55,45.12,66.95,0.8441,-1,-1,-1
249,1403,378.54,584.01,116.63,171.26,0.8803,-1,-1,-1
249,1398,308.13,680.55,196.89,219.85,0.9246,-1,-1,-1
249,1406,681.77,421.18,112.22,193.60,0.8483,-1,-1,-1
249,1374,599.12,516.89,121.62,194.33,0.8501,-1,-1,-1
249,1405,1073.05,109.55,47.10,78.85,0.7738,-1,-1,-1
249,1414,174.53,834.11,151.79,185.95,0.9413,-1,-1,-1
249,1362,1119.25,72.10,42.54,68.82,0.8138,-1,-1,-1
249,1424,10.74,755.02,130.87,322.21,0.7092,-1,-1,-1
249,1373,1336.08,-0.10,20.68,17.51,0.4966,-1,-1,-1
250,1345,630.57,337.62,73.68,131.33,0.9090,-1,-1,-1
250,1346,689.59,859.52,176.33,147.18,0.9223,-1,-1,-1
250,1348,965.88,138.40,48.58,86.88,0.8527,-1,-1,-1
250,1349,575.80,87.11,50.25,78.95,0.8545,-1,-1,-1
250,1352,708.98,310.14,71.86,110.68,0.9008,-1,-1,-1
250,1354,1036.71,142.34,56.70,91.59,0.7964,-1,-1,-1
250,1355,939.89,197.32,48.71,89.31,0.7767,-1,-1,-1
250,1359,1231.43,36.09,36.31,62.68,0.7941,-1,-1,-1
250,1360,788.55,349.60,75.18,119.28,0.8407,-1,-1,-1
250,1361,910.32,216.10,57.95,97.87,0.8319,-1,-1,-1
250,1364,1533.13,59.81,34.93,36.00,0.7468,-1,-1,-1
250,1366,631.87,828.17,156.93,152.19,0.7492,-1,-1,-1
250,1369,535.05,625.68,116.92,158.76,0.9067,-1,-1,-1
250,1351,899.90,287.63,59.83,111.91,0.8701,-1,-1,-1
250,1383,568.22,421.97,80.21,146.07,0.9021,-1,-1,-1
250,1387,639.60,475.84,62.68,129.55,0.8874,-1,-1,-1
250,1358,814.65,253.94,73.06,147.79,0.8411,-1,-1,-1
250,1400,486.43,407.82,84.42,151.16,0.9002,-1,-1,-1
250,1363,1180.58,53.45,44.75,66.54,0.8566,-1,-1,-1
250,1403,381.46,583.29,116.56,171.46,0.8753,-1,-1,-1
250,1398,311.60,676.86,198.33,222.56,0.8467,-1,-1,-1
250,1406,683.69,418.37,112.98,195.46,0.7633,-1,-1,-1
250,1374,602.99,522.40,116.93,187.54,0.8502,-1,-1,-1
250,1405,1074.78,109.53,47.03,78.52,0.7700,-1,-1,-1
250,1414,176.10,835.97,151.99,184.78,0.9438,-1,-1,-1
250,1362,1119.28,71.21,43.19,69.81,0.8243,-1,-1,-1
250,1424,5.85,727.31,142.27,348.83,0.7053,-1,-1,-1
250,1373,1336.47,-0.10,20.59,17.21,0.4741,-1,-1,-1
251,1345,632.63,336.08,73.60,131.63,0.9025,-1,-1,-1
251,1346,690.61,861.43,174.24,145.20,0.9324,-1,-1,-1
251,1348,967.50,136.73,48.45,86.58,0.8609,-1,-1,-1
251,1349,578.26,86.74,49.59,78.65,0.8679,-1,-1,-1
251,1352,710.19,310.03,71.35,109.70,0.9109,-1,-1,-1
251,1354,1038.16,143.04,55.79,90.02,0.8060,-1,-1,-1
251,1355,940.81,196.05,49.23,89.74,0.7720,-1,-1,-1
251,1359,1231.70,35.77,36.21,62.79,0.7985,-1,-1,-1
251,1360,788.83,348.28,75.45,119.73,0.8575,-1,-1,-1
251,1361,913.18,217.26,56.18,95.25,0.8133,-1,-1,-1
251,1364,1533.14,59.75,35.04,36.07,0.7449,-1,-1,-1
251,1366,622.72,829.59,153.11,150.71,0.8157,-1,-1,-1
251,1369,536.46,624.48,119.07,161.02,0.9172,-1,-1,-1
251,1351,901.30,283.69,61.14,114.32,0.8230,-1,-1,-1
251,1383,570.97,420.60,78.98,146.15,0.9112,-1,-1,-1
251,1387,639.38,476.02,63.86,129.36,0.8946,-1,-1,-1
251,1358,817.29,253.78,71.98,146.76,0.7894,-1,-1,-1
251,1400,489.26,406.31,84.39,151.78,0.9013,-1,-1,-1
251,1363,1181.63,53.87,43.93,65.40,0.8494,-1,-1,-1
251,1403,384.21,582.23,116.65,172.08,0.8830,-1,-1,-1
251,1398,322.17,672.81,198.56,226.46,0.8123,-1,-1,-1
251,1406,682.15,414.82,113.65,198.27,0.7891,-1,-1,-1
251,1374,604.11,518.88,117.69,190.44,0.8480,-1,-1,-1
251,1405,1076.07,108.95,47.29,78.87,0.7875,-1,-1,-1
251,1414,179.50,842.15,149.70,179.64,0.9605,-1,-1,-1
251,1362,1119.97,70.14,43.55,70.20,0.7970,-1,-1,-1
251,1424,8.55,742.46,138.34,333.72,0.7198,-1,-1,-1
251,1373,1336.63,-0.08,20.38,16.90,0.4153,-1,-1,-1
252,1345,634.11,335.71,72.75,130.50,0.9010,-1,-1,-1
252,1346,690.50,859.50,175.04,146.01,0.9308,-1,-1,-1
252,1348,969.50,136.29,48.07,85.90,0.8593,-1,-1,-1
252,1349,580.22,86.49,49.23,78.68,0.8591,-1,-1,-1
252,1352,711.32,308.00,72.15,110.94,0.9073,-1,-1,-1
252,1354,1038.70,143.34,55.57,89.59,0.8325,-1,-1,-1
252,1355,941.25,196.05,49.64,89.66,0.7201,-1,-1,-1
252,1359,1231.92,35.22,36.28,63.10,0.8034,-1,-1,-1
252,1360,790.24,347.78,75.02,118.93,0.8502,-1,-1,-1
252,1361,915.54,220.25,54.80,92.61,0.7362,-1,-1,-1
252,1364,1533.52,58.82,35.63,36.85,0.7526,-1,-1,-1
252,1366,622.58,829.70,151.94,150.95,0.7944,-1,-1,-1
252,1369,537.46,623.69,120.57,162.40,0.9142,-1,-1,-1
252,1351,902.90,281.49,60.70,113.76,0.8254,-1,-1,-1
252,1383,572.68,420.27,77.71,145.79,0.9139,-1,-1,-1
252,1387,639.11,475.37,65.19,129.74,0.8857,-1,-1,-1
252,1358,822.03,262.28,67.44,137.99,0.6998,-1,-1,-1
252,1400,491.46,404.50,83.82,151.25,0.9075,-1,-1,-1
252,1363,1182.71,53.58,43.76,65.40,0.8648,-1,-1,-1
252,1403,386.82,582.33,116.75,172.17,0.8971,-1,-1,-1
252,1398,321.45,675.53,195.33,223.28,0.9103,-1,-1,-1
252,1406,686.07,412.04,115.81,201.38,0.8746,-1,-1,-1
252,1374,605.22,515.78,118.02,193.15,0.8483,-1,-1,-1
252,1405,1077.27,108.52,47.62,79.29,0.8034,-1,-1,-1
252,1414,180.51,845.01,149.84,177.74,0.9523,-1,-1,-1
252,1362,1120.76,70.92,43.06,69.26,0.8032,-1,-1,-1
252,1424,12.26,763.83,132.51,312.08,0.7971,-1,-1,-1
252,1373,1336.78,-0.07,20.55,16.93,0.3724,-1,-1,-1
253,1345,635.62,335.58,71.99,129.33,0.9024,-1,-1,-1
253,1346,691.36,860.87,173.55,144.66,0.9419,-1,-1,-1
253,1348,971.74,135.81,47.19,84.04,0.8481,-1,-1,-1
253,1349,582.49,86.42,47.86,76.87,0.8348,-1,-1,-1
253,1352,713.31,307.28,71.23,109.51,0.9058,-1,-1,-1
253,1354,1039.66,142.80,55.49,89.59,0.8235,-1,-1,-1
253,1355,943.24,195.64,49.36,88.99,0.7489,-1,-1,-1
253,1359,1232.71,35.10,36.03,62.86,0.8174,-1,-1,-1
253,1360,790.39,345.40,75.86,120.30,0.8878,-1,-1,-1
253,1361,917.94,221.28,53.29,89.79,0.7396,-1,-1,-1
253,1364,1533.29,58.07,35.98,37.40,0.7764,-1,-1,-1
253,1366,625.42,828.17,153.05,152.16,0.7987,-1,-1,-1
253,1369,537.58,621.90,122.06,163.99,0.9123,-1,-1,-1
253,1351,905.11,282.12,59.90,112.02,0.8399,-1,-1,-1
253,1383,574.65,418.52,76.32,145.13,0.9140,-1,-1,-1
253,1387,639.50,474.61,65.29,127.79,0.8777,-1,-1,-1
253,1358,824.69,267.63,64.59,132.15,0.7793,-1,-1,-1
253,1400,493.02,402.58,83.04,150.91,0.9009,-1,-1,-1
253,1363,1184.47,53.21,43.79,65.36,0.8662,-1,-1,-1
253,1403,389.82,579.89,117.91,174.28,0.9273,-1,-1,-1
253,1398,323.93,675.25,193.04,221.54,0.8867,-1,-1,-1
253,1406,690.37,408.27,118.11,205.64,0.8112,-1,-1,-1
253,1374,607.05,511.20,118.12,195.63,0.8346,-1,-1,-1
253,1405,1079.09,108.36,47.28,78.59,0.8208,-1,-1,-1
253,1414,181.91,846.25,151.41,177.77,0.9608,-1,-1,-1
253,1362,1121.08,69.21,43.78,70.28,0.7941,-1,-1,-1
253,1424,23.57,821.22,114.77,253.86,0.9212,-1,-1,-1
253,1373,1337.37,-0.06,20.15,16.38,0.3958,-1,-1,-1
254,1345,636.22,335.37,71.70,129.32,0.9000,-1,-1,-1
254,1346,690.60,860.66,173.88,144.84,0.9330,-1,-1,-1
254,1348,972.12,134.00,47.78,85.01,0.8656,-1,-1,-1
254,1349,583.21,85.82,48.23,78.01,0.8311,-1,-1,-1
254,1352,714.15,305.73,72.02,110.99,0.9174,-1,-1,-1
254,1354,1039.75,142.55,55.56,89.91,0.8261,-1,-1,-1
254,1355,943.56,194.77,50.07,90.18,0.6702,-1,-1,-1
254,1359,1233.01,34.64,36.05,63.07,0.8218,-1,-1,-1
254,1360,790.84,342.66,77.25,122.69,0.8842,-1,-1,-1
254,1361,919.26,217.30,55.01,92.48,0.7302,-1,-1,-1
254,1364,1533.04,57.78,36.01,37.60,0.7785,-1,-1,-1
254,1366,633.97,827.81,155.64,152.31,0.7400,-1,-1,-1
254,1369,539.00,621.29,122.51,163.96,0.9090,-1,-1,-1
254,1351,906.68,283.33,58.43,108.97,0.8469,-1,-1,-1
254,1383,577.31,416.50,74.16,142.62,0.8992,-1,-1,-1
254,1387,638.68,474.07,65.92,127.14,0.8395,-1,-1,-1
254,1358,827.66,256.88,61.42,124.56,0.6468,-1,-1,-1
254,1400,494.64,401.20,82.93,151.36,0.8917,-1,-1,-1
254,1363,1185.09,53.12,43.83,65.26,0.8751,-1,-1,-1
254,1403,392.57,579.36,117.60,174.29,0.9241,-1,-1,-1
254,1398,328.48,673.35,191.84,221.96,0.8137,-1,-1,-1
254,1406,700.98,412.68,114.43,200.80,0.7217,-1,-1,-1
254,1374,607.19,502.48,120.31,202.44,0.8240,-1,-1,-1
254,1405,1080.35,108.00,47.31,78.52,0.8141,-1,-1,-1
254,1414,184.92,849.63,150.69,174.75,0.9581,-1,-1,-1
254,1362,1121.86,69.62,43.42,69.35,0.7679,-1,-1,-1
254,1424,29.53,848.93,108.02,225.11,0.9241,-1,-1,-1
254,1373,1337.49,-0.05,20.39,16.38,0.4510,-1,-1,-1
254,1421,828.77,285.54,60.68,114.82,0.7332,-1,-1,-1
255,1345,636.99,335.01,71.17,129.32,0.8995,-1,-1,-1
255,1346,690.03,861.01,174.28,145.06,0.9394,-1,-1,-1
255,1348,973.04,133.21,47.50,84.29,0.8654,-1,-1,-1
255,1349,585.38,85.77,47.18,76.41,0.8404,-1,-1,-1
255,1352,715.11,304.44,72.59,112.01,0.9037,-1,-1,-1
255,1354,1041.13,142.63,55.32,89.38,0.8252,-1,-1,-1
255,1355,943.70,195.08,50.21,90.01,0.6962,-1,-1,-1
255,1359,1233.40,34.49,36.04,63.13,0.8393,-1,-1,-1
255,1360,791.92,342.14,76.86,121.87,0.8841,-1,-1,-1
255,1361,920.37,217.09,54.35,91.45,0.6181,-1,-1,-1
255,1364,1532.94,57.76,35.98,37.72,0.7765,-1,-1,-1
255,1366,630.61,827.63,156.08,152.65,0.8238,-1,-1,-1
255,1369,539.56,618.75,124.08,165.98,0.9052,-1,-1,-1
255,1351,906.99,278.98,60.03,112.05,0.7914,-1,-1,-1
255,1383,578.73,413.69,73.91,144.18,0.8863,-1,-1,-1
255,1387,640.54,471.79,67.53,128.55,0.7877,-1,-1,-1
255,1358,826.33,252.83,67.92,138.38,0.8224,-1,-1,-1
255,1400,497.31,399.84,82.60,151.40,0.9014,-1,-1,-1
255,1363,1185.93,53.27,43.85,65.11,0.8859,-1,-1,-1
255,1403,394.22,578.83,118.16,175.92,0.9364,-1,-1,-1
255,1398,328.42,673.79,190.78,221.03,0.9191,-1,-1,-1
255,1406,701.43,409.18,115.33,202.37,0.8330,-1,-1,-1
255,1374,609.38,503.74,117.59,199.79,0.8185,-1,-1,-1
255,1405,1081.43,107.37,48.03,79.57,0.8060,-1,-1,-1
255,1414,187.82,852.25,150.74,172.86,0.9572,-1,-1,-1
255,1362,1123.83,68.54,44.07,70.56,0.7514,-1,-1,-1
255,1424,28.54,852.22,112.08,222.03,0.9232,-1,-1,-1
255,1373,1337.58,-0.05,20.46,16.27,0.4425,-1,-1,-1
256,1345,638.11,334.26,70.56,129.21,0.8987,-1,-1,-1
256,1346,687.31,857.62,179.10,149.56,0.9324,-1,-1,-1
256,1348,974.13,132.49,47.80,84.33,0.8342,-1,-1,-1
256,1349,586.37,85.72,46.91,76.15,0.8475,-1,-1,-1
256,1352,716.20,304.07,72.81,112.47,0.9123,-1,-1,-1
256,1354,1041.94,142.84,54.80,88.42,0.8346,-1,-1,-1
256,1355,944.04,195.53,50.20,89.54,0.6521,-1,-1,-1
256,1359,1233.83,34.38,36.07,63.30,0.8551,-1,-1,-1
256,1360,792.61,341.40,76.55,121.38,0.8879,-1,-1,-1
256,1361,921.72,214.30,55.34,93.55,0.5013,-1,-1,-1
256,1364,1533.18,57.82,35.44,37.23,0.7646,-1,-1,-1
256,1366,638.42,827.40,159.76,153.15,0.7772,-1,-1,-1
256,1369,540.68,616.83,124.53,166.55,0.8953,-1,-1,-1
256,1351,908.83,276.27,61.03,113.98,0.8117,-1,-1,-1
256,1383,580.72,413.17,71.89,141.49,0.8608,-1,-1,-1
256,1387,641.81,470.69,68.54,128.73,0.7571,-1,-1,-1
256,1358,827.25,252.33,69.42,142.03,0.8132,-1,-1,-1
256,1400,500.01,398.80,82.73,151.91,0.8782,-1,-1,-1
256,1363,1186.73,52.89,44.15,65.54,0.8890,-1,-1,-1
256,1403,395.92,577.36,118.18,176.82,0.9345,-1,-1,-1
256,1398,330.61,671.54,191.14,222.37,0.8625,-1,-1,-1
256,1406,706.61,409.68,113.90,201.28,0.7143,-1,-1,-1
256,1374,610.51,497.62,118.95,204.69,0.7832,-1,-1,-1
256,1405,1082.44,107.31,48.17,79.68,0.7970,-1,-1,-1
256,1414,189.76,853.09,151.03,171.56,0.9486,-1,-1,-1
256,1362,1125.74,70.85,42.48,67.81,0.7700,-1,-1,-1
256,1424,26.11,850.85,118.57,225.01,0.9371,-1,-1,-1
256,1373,1337.91,-0.04,20.27,15.88,0.4262,-1,-1,-1
257,1345,639.98,335.09,68.64,126.94,0.8899,-1,-1,-1
257,1346,687.79,860.64,177.54,148.30,0.9386,-1,-1,-1
257,1348,975.35,132.25,47.78,84.09,0.8341,-1,-1,-1
257,1349,588.14,86.34,45.23,73.13,0.8589,-1,-1,-1
257,1352,717.66,303.13,72.82,112.68,0.9020,-1,-1,-1
257,1354,1041.83,142.04,55.37,89.56,0.8465,-1,-1,-1
257,1355,945.89,195.47,49.32,87.89,0.6804,-1,-1,-1
257,1359,1234.12,33.87,36.04,63.27,0.8723,-1,-1,-1
257,1360,794.77,340.26,76.33,120.57,0.9060,-1,-1,-1
257,1361,922.72,216.02,53.80,90.98,0.6618,-1,-1,-1
257,1364,1533.33,57.48,35.06,36.88,0.7674,-1,-1,-1
257,1366,638.02,829.29,159.54,151.03,0.8621,-1,-1,-1
257,1369,543.14,616.51,124.81,166.42,0.9202,-1,-1,-1
257,1351,910.66,275.44,60.38,112.61,0.8363,-1,-1,-1
257,1383,581.87,411.99,72.12,144.29,0.8822,-1,-1,-1
257,1387,639.11,465.03,71.74,133.71,0.7299,-1,-1,-1
257,1358,828.62,250.72,70.64,145.28,0.8361,-1,-1,-1
257,1400,504.58,397.70,81.76,149.92,0.8966,-1,-1,-1
257,1363,1187.23,52.51,44.41,66.13,0.8838,-1,-1,-1
257,1403,398.65,576.39,117.97,177.15,0.9321,-1,-1,-1
257,1398,331.62,670.94,190.52,222.26,0.9000,-1,-1,-1
257,1406,713.02,412.95,110.47,197.16,0.7228,-1,-1,-1
257,1374,612.96,499.26,116.26,201.68,0.7742,-1,-1,-1
257,1405,1082.86,106.78,48.14,79.68,0.8147,-1,-1,-1
257,1414,191.28,854.85,151.71,170.90,0.9484,-1,-1,-1
257,1362,1126.09,69.71,43.22,69.34,0.7464,-1,-1,-1
257,1424,23.97,847.99,124.95,228.37,0.9307,-1,-1,-1
257,1373,1337.92,-0.04,20.59,15.90,0.3880,-1,-1,-1
257,1357,673.08,408.73,85.30,144.41,0.6701,-1,-1,-1
258,1345,640.90,334.67,68.06,127.16,0.8977,-1,-1,-1
258,1346,688.05,862.15,176.55,147.54,0.9364,-1,-1,-1
258,1348,976.45,130.51,48.23,84.85,0.8357,-1,-1,-1
258,1349,589.48,86.44,44.72,72.21,0.8418,-1,-1,-1
258,1352,718.47,302.69,72.83,112.95,0.9037,-1,-1,-1
258,1354,1042.74,141.93,55.53,89.95,0.8342,-1,-1,-1
258,1355,945.75,194.89,49.59,88.30,0.6740,-1,-1,-1
258,1359,1235.02,33.56,35.71,62.79,0.8790,-1,-1,-1
258,1360,793.84,334.85,79.50,125.94,0.8938,-1,-1,-1
258,1361,924.37,215.25,53.47,90.39,0.6756,-1,-1,-1
258,1364,1534.35,57.14,34.51,36.51,0.7686,-1,-1,-1
258,1366,639.65,829.78,161.71,150.59,0.8824,-1,-1,-1
258,1369,544.87,616.86,124.37,165.18,0.9238,-1,-1,-1
258,1351,911.83,275.46,59.95,111.67,0.8351,-1,-1,-1
258,1383,582.90,410.60,72.09,146.49,0.8842,-1,-1,-1
258,1387,636.55,459.72,74.15,137.79,0.7704,-1,-1,-1
258,1358,830.15,249.96,69.99,144.83,0.8281,-1,-1,-1
258,1400,507.62,395.92,81.37,149.04,0.8785,-1,-1,-1
258,1363,1188.09,52.47,44.32,65.99,0.8780,-1,-1,-1
258,1403,401.93,576.63,116.88,175.49,0.9304,-1,-1,-1
258,1398,333.17,670.30,190.24,222.73,0.9045,-1,-1,-1
258,1406,718.94,415.87,106.73,192.22,0.7066,-1,-1,-1
258,1374,615.08,497.37,115.68,202.85,0.7798,-1,-1,-1
258,1405,1084.47,106.80,47.30,78.49,0.8262,-1,-1,-1
258,1414,192.70,855.14,152.95,171.29,0.9461,-1,-1,-1
258,1362,1127.10,69.28,43.19,69.71,0.7463,-1,-1,-1
258,1424,22.94,845.26,127.78,225.09,0.9315,-1,-1,-1
258,1373,1338.02,-0.03,21.15,16.07,0.4269,-1,-1,-1
258,1357,675.10,408.73,80.80,143.95,0.7025,-1,-1,-1
259,1345,642.35,333.68,67.60,127.60,0.9077,-1,-1,-1
259,1346,688.35,864.63,175.03,146.18,0.9435,-1,-1,-1
259,1348,977.78,130.28,47.79,84.27,0.8366,-1,-1,-1
259,1349,589.74,85.99,45.10,72.46,0.8265,-1,-1,-1
259,1352,720.22,301.77,73.50,114.14,0.9057,-1,-1,-1
259,1354,1043.49,142.04,55.14,89.37,0.8250,-1,-1,-1
259,1355,947.43,195.00,48.27,86.23,0.7271,-1,-1,-1
259,1359,1235.04,32.49,36.12,63.71,0.8873,-1,-1,-1
259,1360,794.50,336.31,78.50,124.31,0.8967,-1,-1,-1
259,1361,925.34,215.46,53.27,90.01,0.7403,-1,-1,-1
259,1364,1533.75,56.67,34.82,36.86,0.7778,-1,-1,-1
259,1366,629.65,829.57,162.43,151.48,0.8568,-1,-1,-1
259,1369,546.65,617.17,124.67,164.86,0.9188,-1,-1,-1
259,1351,913.49,276.11,59.04,109.61,0.8612,-1,-1,-1
259,1383,584.22,410.68,70.47,145.53,0.8769,-1,-1,-1
259,1387,637.37,464.58,70.02,129.02,0.7744,-1,-1,-1
259,1358,832.55,251.22,69.61,144.81,0.8386,-1,-1,-1
259,1400,510.98,395.03,80.37,147.69,0.9150,-1,-1,-1
259,1363,1188.55,52.72,43.99,65.39,0.8737,-1,-1,-1
259,1403,403.97,576.36,116.65,175.35,0.9289,-1,-1,-1
259,1398,335.68,666.09,192.69,227.54,0.8366,-1,-1,-1
259,1406,727.09,430.27,97.76,175.97,0.8081,-1,-1,-1
259,1374,619.10,500.40,112.31,198.40,0.7861,-1,-1,-1
259,1405,1085.92,106.08,47.17,78.04,0.8112,-1,-1,-1
259,1414,192.33,854.57,154.96,172.65,0.9490,-1,-1,-1
259,1362,1128.39,70.53,42.11,68.24,0.7510,-1,-1,-1
259,1424,20.71,842.06,135.15,231.47,0.9060,-1,-1,-1
259,1373,1338.17,-0.03,21.47,16.09,0.4684,-1,-1,-1
259,1357,677.35,411.21,77.32,141.97,0.8241,-1,-1,-1
260,1345,644.17,333.46,66.72,127.14,0.9062,-1,-1,-1
260,1346,687.73,865.41,175.16,146.31,0.9464,-1,-1,-1
260,1348,979.24,130.22,46.99,83.21,0.8126,-1,-1,-1
260,1349,589.74,85.28,46.51,74.51,0.8069,-1,-1,-1
260,1352,721.74,301.57,73.20,113.86,0.9093,-1,-1,-1
260,1354,1043.47,141.06,55.47,90.08,0.8083,-1,-1,-1
260,1355,945.46,195.00,49.25,87.52,0.7017,-1,-1,-1
260,1359,1235.34,32.28,36.10,63.78,0.8855,-1,-1,-1
260,1360,795.11,336.21,78.59,124.49,0.8889,-1,-1,-1
260,1361,926.24,206.82,57.79,98.41,0.5518,-1,-1,-1
260,1364,1533.89,56.41,34.50,36.46,0.7744,-1,-1,-1
260,1366,620.47,829.21,162.01,152.93,0.8825,-1,-1,-1
260,1369,546.73,617.07,125.17,165.21,0.8968,-1,-1,-1
260,1351,913.76,272.81,60.14,111.80,0.8573,-1,-1,-1
260,1383,585.43,410.46,69.15,145.06,0.8544,-1,-1,-1
260,1387,639.32,462.53,71.37,130.59,0.7173,-1,-1,-1
260,1358,834.69,252.91,68.15,141.76,0.7746,-1,-1,-1
260,1400,512.77,394.06,79.45,146.77,0.9236,-1,-1,-1
260,1363,1188.78,51.22,44.69,66.73,0.8549,-1,-1,-1
260,1403,405.87,576.47,116.73,175.55,0.9273,-1,-1,-1
260,1398,337.91,665.47,192.30,228.76,0.8861,-1,-1,-1
260,1406,731.66,436.10,93.72,169.05,0.8367,-1,-1,-1
260,1374,621.97,503.81,109.83,194.57,0.7957,-1,-1,-1
260,1405,1087.49,107.22,46.19,76.40,0.8100,-1,-1,-1
260,1414,192.60,853.01,156.71,173.83,0.9343,-1,-1,-1
260,1362,1128.41,69.25,42.35,69.04,0.7361,-1,-1,-1
260,1424,23.42,839.54,139.88,235.72,0.9165,-1,-1,-1
260,1373,1338.21,-0.02,21.63,15.98,0.4443,-1,-1,-1
260,1357,679.30,412.62,74.88,141.25,0.8453,-1,-1,-1
261,1345,645.69,332.93,66.03,126.82,0.8995,-1,-1,-1
261,1346,686.78,864.95,175.34,146.62,0.9453,-1,-1,-1
261,1348,980.60,129.41,47.28,83.98,0.8402,-1,-1,-1
261,1349,591.10,84.82,45.91,73.45,0.8493,-1,-1,-1
261,1352,723.46,301.28,72.07,112.38,0.9099,-1,-1,-1
261,1354,1043.87,139.63,55.49,90.12,0.8069,-1,-1,-1
261,1355,945.89,194.38,49.61,88.28,0.6954,-1,-1,-1
261,1359,1235.93,33.22,35.29,62.18,0.8739,-1,-1,-1
261,1360,795.77,335.67,78.74,124.77,0.9001,-1,-1,-1
261,1361,926.12,205.69,57.66,99.02,0.5827,-1,-1,-1
261,1364,1533.73,56.16,33.83,35.64,0.7711,-1,-1,-1
261,1366,616.52,829.58,160.80,153.51,0.8358,-1,-1,-1
261,1369,548.45,618.02,124.72,164.28,0.8824,-1,-1,-1
261,1351,914.85,270.23,60.25,112.08,0.8670,-1,-1,-1
261,1383,588.24,410.72,66.75,142.15,0.8152,-1,-1,-1
261,1387,637.41,454.83,75.66,138.07,0.8016,-1,-1,-1
261,1358,836.03,250.92,67.89,141.70,0.7987,-1,-1,-1
261,1400,514.95,392.61,78.86,146.45,0.9074,-1,-1,-1
261,1363,1189.93,50.67,44.56,66.71,0.8610,-1,-1,-1
261,1403,407.47,575.72,116.76,175.62,0.9225,-1,-1,-1
261,1398,340.88,665.45,190.92,228.53,0.8972,-1,-1,-1
261,1406,735.02,438.50,91.64,165.42,0.7829,-1,-1,-1
261,1374,623.94,504.34,109.15,193.80,0.8063,-1,-1,-1
261,1405,1087.28,104.49,47.49,78.79,0.8390,-1,-1,-1
261,1414,192.56,851.51,158.05,174.63,0.9265,-1,-1,-1
261,1362,1129.40,67.79,42.99,69.93,0.7907,-1,-1,-1
261,1424,25.26,836.40,144.65,241.10,0.9144,-1,-1,-1
261,1373,1338.14,-0.02,21.90,15.98,0.4242,-1,-1,-1
261,1357,681.68,412.29,73.03,141.35,0.8659,-1,-1,-1
262,1345,647.02,331.77,65.29,126.52,0.9012,-1,-1,-1
262,1346,686.58,865.11,176.29,147.89,0.9446,-1,-1,-1
262,1348,981.31,128.64,47.82,85.05,0.8268,-1,-1,-1
262,1349,591.78,84.26,46.41,73.99,0.8471,-1,-1,-1
262,1352,725.96,301.37,71.29,111.01,0.8992,-1,-1,-1
262,1354,1043.64,139.07,55.73,90.80,0.8051,-1,-1,-1
262,1355,943.31,193.87,50.96,89.70,0.7152,-1,-1,-1
262,1359,1236.03,33.47,35.10,61.61,0.8700,-1,-1,-1
262,1360,796.44,335.52,78.86,125.22,0.8798,-1,-1,-1
262,1361,926.13,199.61,59.90,103.81,0.5357,-1,-1,-1
262,1364,1533.27,55.86,33.88,35.59,0.7635,-1,-1,-1
262,1366,621.19,831.38,159.27,151.94,0.8245,-1,-1,-1
262,1369,550.22,618.02,124.73,163.76,0.9267,-1,-1,-1
262,1351,915.32,269.22,59.94,111.48,0.8510,-1,-1,-1
262,1383,589.77,411.51,65.05,140.49,0.7421,-1,-1,-1
262,1387,632.13,427.96,89.14,165.00,0.7258,-1,-1,-1
262,1358,837.25,248.26,68.44,142.92,0.8440,-1,-1,-1
262,1400,517.13,391.59,78.94,147.38,0.8757,-1,-1,-1
262,1363,1190.35,51.75,44.07,66.04,0.8622,-1,-1,-1
262,1403,409.06,576.05,116.06,174.41,0.9027,-1,-1,-1
262,1398,342.85,665.48,189.38,228.05,0.9015,-1,-1,-1
262,1406,735.21,436.28,92.53,167.64,0.7715,-1,-1,-1
262,1374,624.61,500.45,110.38,197.14,0.7872,-1,-1,-1
262,1405,1087.51,104.35,47.32,78.59,0.8220,-1,-1,-1
262,1414,191.35,849.82,160.60,176.93,0.9351,-1,-1,-1
262,1362,1130.57,67.32,43.22,70.11,0.7930,-1,-1,-1
262,1424,22.82,834.77,147.99,242.23,0.9273,-1,-1,-1
262,1373,1338.20,-0.02,21.98,15.80,0.4136,-1,-1,-1
262,1357,683.83,411.23,72.09,142.55,0.8664,-1,-1,-1
263,1345,647.80,330.59,65.32,127.67,0.8865,-1,-1,-1
263,1346,682.51,860.95,182.80,154.46,0.9419,-1,-1,-1
263,1348,983.58,127.77,47.20,84.17,0.8400,-1,-1,-1
263,1349,592.92,83.27,46.63,73.93,0.8460,-1,-1,-1
263,1352,726.72,301.38,70.94,110.73,0.9053,-1,-1,-1
263,1354,1044.98,140.29,54.40,88.52,0.8277,-1,-1,-1
263,1355,945.92,193.44,48.90,85.75,0.6732,-1,-1,-1
263,1359,1236.22,33.08,35.44,62.26,0.8545,-1,-1,-1
263,1360,797.42,335.50,78.73,125.16,0.8882,-1,-1,-1
263,1361,927.19,201.70,59.02,102.24,0.5966,-1,-1,-1
263,1364,1533.68,55.67,34.02,35.65,0.7731,-1,-1,-1
263,1366,622.07,832.46,158.23,151.00,0.8123,-1,-1,-1
263,1369,550.89,617.27,125.60,164.93,0.9268,-1,-1,-1
263,1351,917.36,268.03,59.41,110.52,0.8252,-1,-1,-1
263,1383,592.32,412.30,62.97,137.87,0.7001,-1,-1,-1
263,1387,629.96,417.44,94.43,176.54,0.7051,-1,-1,-1
263,1358,841.82,246.48,61.05,125.25,0.5449,-1,-1,-1
263,1400,520.30,389.71,78.76,147.56,0.8784,-1,-1,-1
263,1363,1190.83,50.47,44.81,67.30,0.8183,-1,-1,-1
263,1403,410.08,575.73,116.54,174.80,0.8927,-1,-1,-1
263,1398,346.35,665.55,186.43,225.48,0.9005,-1,-1,-1
263,1406,737.07,431.96,93.82,171.08,0.7511,-1,-1,-1
263,1374,628.25,509.98,104.27,185.89,0.7826,-1,-1,-1
263,1405,1089.27,104.76,46.58,77.34,0.8479,-1,-1,-1
263,1414,190.82,847.11,163.21,179.45,0.9299,-1,-1,-1
263,1362,1132.18,67.55,42.69,69.32,0.8149,-1,-1,-1
263,1424,26.81,833.89,150.23,243.70,0.9278,-1,-1,-1
263,1373,1338.36,-0.02,22.07,15.64,0.4598,-1,-1,-1
263,1357,686.11,411.13,69.89,140.56,0.8547,-1,-1,-1
263,1430,-0.88,785.20,32.87,228.47,0.4955,-1,-1,-1
263,1421,843.34,271.05,63.62,120.78,0.7713,-1,-1,-1
264,1345,649.02,329.08,65.64,128.74,0.8808,-1,-1,-1
264,1346,680.64,859.21,184.98,157.39,0.9432,-1,-1,-1
264,1348,985.37,126.95,46.71,83.31,0.8421,-1,-1,-1
264,1349,593.91,83.50,46.34,73.28,0.8188,-1,-1,-1
264,1352,727.52,300.16,71.57,111.90,0.9090,-1,-1,-1
264,1354,1045.26,140.21,54.45,88.61,0.8105,-1,-1,-1
264,1355,948.11,192.71,47.66,83.66,0.7101,-1,-1,-1
264,1359,1236.73,33.05,35.64,62.71,0.8399,-1,-1,-1
264,1360,799.66,336.48,78.13,123.93,0.8717,-1,-1,-1
264,1361,928.91,208.41,55.09,94.84,0.6228,-1,-1,-1
264,1364,1533.70,55.36,34.31,35.90,0.7662,-1,-1,-1
264,1366,621.27,833.42,157.70,150.85,0.8373,-1,-1,-1
264,1369,551.70,615.75,126.60,166.37,0.9295,-1,-1,-1
264,1351,917.48,263.68,60.35,113.08,0.8135,-1,-1,-1
264,1383,593.28,412.20,62.91,139.56,0.7816,-1,-1,-1
264,1387,629.57,416.65,93.47,176.38,0.7081,-1,-1,-1
264,1400,523.89,389.24,77.62,145.84,0.8821,-1,-1,-1
264,1363,1191.57,50.51,44.51,66.87,0.7811,-1,-1,-1
264,1403,409.62,574.58,117.78,176.23,0.8792,-1,-1,-1
264,1398,348.61,666.23,185.32,224.84,0.9020,-1,-1,-1
264,1406,741.12,437.38,89.72,164.24,0.7940,-1,-1,-1
264,1374,629.01,510.32,104.23,185.72,0.7715,-1,-1,-1
264,1405,1089.75,104.87,46.44,77.06,0.8455,-1,-1,-1
264,1414,189.77,844.12,166.10,182.50,0.9259,-1,-1,-1
264,1362,1133.02,67.30,43.10,69.80,0.8194,-1,-1,-1
264,1424,32.40,834.28,149.28,240.42,0.9061,-1,-1,-1
264,1373,1338.36,-0.01,22.46,15.79,0.4342,-1,-1,-1
264,1357,687.09,411.46,68.93,140.69,0.8948,-1,-1,-1
264,1430,1.82,824.75,27.27,188.67,0.5283,-1,-1,-1
264,1421,840.72,256.31,68.79,133.54,0.8170,-1,-1,-1
265,1345,650.22,328.56,65.79,129.45,0.8756,-1,-1,-1
265,1346,683.53,863.93,179.68,153.25,0.9432,-1,-1,-1
265,1348,986.70,126.57,46.29,82.59,0.8374,-1,-1,-1
265,1349,594.46,82.54,47.32,74.73,0.8478,-1,-1,-1
265,1352,728.80,299.25,72.06,112.75,0.9031,-1,-1,-1
265,1354,1046.94,141.55,54.28,88.09,0.8141,-1,-1,-1
265,1355,950.68,192.65,47.17,83.45,0.8110,-1,-1,-1
265,1359,1237.15,33.08,35.56,62.57,0.8721,-1,-1,-1
265,1360,801.96,337.29,77.26,122.63,0.8678,-1,-1,-1
265,1361,929.35,210.82,54.47,93.84,0.7506,-1,-1,-1
265,1364,1533.94,55.40,34.06,35.64,0.7623,-1,-1,-1
265,1366,619.34,833.71,155.94,150.21,0.8365,-1,-1,-1
265,1369,552.99,615.24,126.65,166.74,0.9333,-1,-1,-1
265,1351,918.90,264.51,59.42,111.26,0.7742,-1,-1,-1
265,1383,594.15,411.23,63.18,142.12,0.7627,-1,-1,-1
265,1387,630.01,416.19,93.92,177.87,0.5520,-1,-1,-1
265,1400,527.97,388.68,76.73,144.64,0.8930,-1,-1,-1
265,1363,1192.26,50.26,44.50,66.81,0.7674,-1,-1,-1
265,1403,412.20,574.19,117.26,175.41,0.8476,-1,-1,-1
265,1398,352.06,667.33,179.79,218.34,0.7518,-1,-1,-1
265,1406,745.07,439.59,86.63,159.07,0.8902,-1,-1,-1
265,1374,631.22,511.13,103.43,184.11,0.7717,-1,-1,-1
265,1405,1091.29,104.35,46.31,76.82,0.8844,-1,-1,-1
265,1414,189.39,839.62,170.36,187.79,0.9187,-1,-1,-1
265,1362,1134.68,68.30,42.33,68.33,0.8381,-1,-1,-1
265,1424,33.36,832.12,151.13,242.31,0.9371,-1,-1,-1
265,1373,1338.67,-0.01,22.10,15.39,0.4477,-1,-1,-1
265,1357,687.34,409.84,70.03,144.84,0.8867,-1,-1,-1
265,1430,2.02,812.15,28.91,199.28,0.4886,-1,-1,-1
265,1421,840.79,250.74,69.70,138.00,0.7599,-1,-1,-1
266,1345,652.27,327.99,65.80,129.46,0.8643,-1,-1,-1
266,1346,681.69,860.37,183.98,158.34,0.9364,-1,-1,-1
266,1348,988.27,126.49,46.27,82.45,0.8554,-1,-1,-1
266,1349,595.67,82.87,46.55,73.28,0.8454,-1,-1,-1
266,1352,730.16,299.02,71.76,112.77,0.9046,-1,-1,-1
266,1354,1047.53,141.63,54.96,89.06,0.8333,-1,-1,-1
266,1355,950.25,192.37,47.91,85.06,0.7062,-1,-1,-1
266,1359,1237.57,33.10,35.76,62.80,0.9013,-1,-1,-1
266,1360,803.15,337.71,77.27,122.56,0.8542,-1,-1,-1
266,1361,930.65,214.98,52.70,90.19,0.5736,-1,-1,-1
266,1364,1533.72,53.78,35.43,37.40,0.7542,-1,-1,-1
266,1366,620.30,834.66,153.92,148.89,0.8427,-1,-1,-1
266,1369,554.33,615.26,126.14,166.35,0.9233,-1,-1,-1
266,1351,921.39,264.86,58.85,110.15,0.7763,-1,-1,-1
266,1383,595.74,409.76,62.42,141.60,0.6613,-1,-1,-1
266,1387,627.92,409.62,96.44,184.04,0.5937,-1,-1,-1
266,1400,529.94,388.56,76.33,144.45,0.9118,-1,-1,-1
266,1363,1193.04,50.08,44.39,66.48,0.7638,-1,-1,-1
266,1403,415.46,573.66,117.14,174.80,0.8455,-1,-1,-1
266,1398,353.42,669.45,181.76,221.23,0.9112,-1,-1,-1
266,1406,747.07,437.55,86.35,158.77,0.8802,-1,-1,-1
266,1374,630.42,502.19,107.85,193.55,0.7197,-1,-1,-1
266,1405,1091.82,103.96,46.72,77.59,0.8844,-1,-1,-1
266,1414,189.73,835.92,173.20,191.58,0.9252,-1,-1,-1
266,1362,1135.19,66.87,42.76,69.14,0.8304,-1,-1,-1
266,1424,33.30,829.51,154.14,246.57,0.9389,-1,-1,-1
266,1373,1339.24,-0.01,22.87,15.78,0.3486,-1,-1,-1
266,1357,688.09,408.82,70.64,147.63,0.8826,-1,-1,-1
266,1430,0.60,775.98,34.53,238.19,0.5840,-1,-1,-1
266,1421,842.75,248.47,70.08,140.51,0.7841,-1,-1,-1
267,1345,653.83,327.66,65.93,130.11,0.8685,-1,-1,-1
267,1346,678.19,854.18,189.71,165.38,0.9372,-1,-1,-1
267,1348,989.53,126.09,46.50,82.52,0.8618,-1,-1,-1
267,1349,596.47,83.02,47.94,75.29,0.8545,-1,-1,-1
267,1352,732.06,299.25,71.37,112.14,0.9081,-1,-1,-1
267,1354,1048.05,141.58,55.46,89.95,0.8524,-1,-1,-1
267,1355,950.56,192.57,47.66,84.63,0.7315,-1,-1,-1
267,1359,1237.96,32.08,36.12,63.20,0.8736,-1,-1,-1
267,1360,805.30,338.10,76.71,121.35,0.8707,-1,-1,-1
267,1361,932.32,213.51,53.16,90.51,0.6456,-1,-1,-1
267,1364,1533.93,53.03,35.48,37.71,0.7447,-1,-1,-1
267,1366,621.59,832.90,156.63,151.52,0.8197,-1,-1,-1
267,1369,556.12,614.31,126.70,167.50,0.9366,-1,-1,-1
267,1351,923.11,265.32,57.99,108.79,0.7976,-1,-1,-1
267,1383,597.00,408.45,63.22,145.41,0.5690,-1,-1,-1
267,1387,624.46,408.46,96.12,180.25,0.5926,-1,-1,-1
267,1400,532.67,386.35,76.78,146.02,0.9207,-1,-1,-1
267,1363,1194.54,49.96,44.26,66.14,0.7673,-1,-1,-1
267,1403,417.58,571.13,118.50,176.62,0.8596,-1,-1,-1
267,1398,356.45,673.75,178.97,217.61,0.9238,-1,-1,-1
267,1406,744.46,435.30,86.40,157.57,0.7587,-1,-1,-1
267,1374,631.47,501.57,107.64,194.37,0.7335,-1,-1,-1
267,1405,1093.14,104.00,46.41,76.61,0.8790,-1,-1,-1
267,1414,190.63,831.15,176.79,196.52,0.9371,-1,-1,-1
267,1362,1135.75,65.44,43.28,69.90,0.8227,-1,-1,-1
267,1424,30.50,813.69,162.29,259.89,0.7857,-1,-1,-1
267,1373,1339.49,-0.01,22.68,15.47,0.3137,-1,-1,-1
267,1357,689.15,407.04,70.86,149.27,0.8831,-1,-1,-1
267,1430,2.40,768.23,35.92,245.66,0.5890,-1,-1,-1
267,1421,847.18,251.80,67.53,135.79,0.7286,-1,-1,-1
268,1345,656.23,327.52,65.97,130.25,0.8808,-1,-1,-1
268,1346,680.77,858.13,184.48,161.87,0.9351,-1,-1,-1
268,1348,991.34,125.70,46.39,81.91,0.8481,-1,-1,-1
268,1349,598.41,83.30,47.97,74.81,0.8595,-1,-1,-1
268,1352,733.16,299.30,71.52,112.61,0.9142,-1,-1,-1
268,1354,1048.47,140.06,56.61,92.10,0.8458,-1,-1,-1
268,1355,949.33,192.84,48.62,86.37,0.6212,-1,-1,-1
268,1359,1238.39,31.96,36.07,62.73,0.8494,-1,-1,-1
268,1360,807.22,339.03,75.53,119.07,0.8790,-1,-1,-1
268,1361,933.05,210.77,53.15,89.87,0.4475,-1,-1,-1
268,1364,1534.88,53.15,35.02,37.29,0.7508,-1,-1,-1
268,1366,624.57,834.36,157.10,151.30,0.8071,-1,-1,-1
268,1369,557.84,614.09,126.40,167.44,0.9364,-1,-1,-1
268,1351,925.90,266.46,56.87,106.64,0.8367,-1,-1,-1
268,1383,598.99,408.46,63.18,146.61,0.6444,-1,-1,-1
268,1387,629.67,406.80,97.54,184.30,0.5450,-1,-1,-1
268,1400,535.84,385.49,76.19,146.26,0.9254,-1,-1,-1
268,1363,1196.04,50.36,43.99,65.61,0.7592,-1,-1,-1
268,1403,419.82,570.43,118.55,176.96,0.8613,-1,-1,-1
268,1398,357.91,673.95,179.74,218.56,0.9065,-1,-1,-1
268,1406,747.94,434.51,86.75,158.21,0.8130,-1,-1,-1
268,1374,632.77,502.71,106.44,193.02,0.7211,-1,-1,-1
268,1405,1094.26,102.55,47.39,78.15,0.8887,-1,-1,-1
268,1414,191.64,826.69,179.69,201.16,0.9476,-1,-1,-1
268,1362,1136.31,64.92,43.58,69.99,0.8291,-1,-1,-1
268,1424,27.80,797.53,168.13,269.44,0.7903,-1,-1,-1
268,1373,1339.42,-0.01,23.24,15.77,0.2637,-1,-1,-1
268,1357,690.01,408.96,70.23,148.11,0.8941,-1,-1,-1
268,1430,6.33,781.70,34.88,232.10,0.2873,-1,-1,-1
268,1421,850.67,257.24,64.87,129.90,0.7067,-1,-1,-1
268,1358,849.87,244.10,53.54,108.19,0.6474,-1,-1,-1
269,1345,657.12,327.13,65.49,129.98,0.8663,-1,-1,-1
269,1346,680.95,856.26,184.87,163.73,0.9455,-1,-1,-1
269,1348,991.83,125.38,46.17,81.37,0.8626,-1,-1,-1
269,1349,599.73,82.98,47.84,74.10,0.8774,-1,-1,-1
269,1352,734.39,299.25,71.54,112.62,0.9088,-1,-1,-1
269,1354,1048.99,140.73,56.12,91.45,0.8605,-1,-1,-1
269,1355,950.81,192.50,48.05,86.01,0.7212,-1,-1,-1
269,1359,1238.59,31.94,36.14,62.47,0.8455,-1,-1,-1
269,1360,809.14,340.02,75.08,117.91,0.8536,-1,-1,-1
269,1361,934.13,214.33,51.95,86.99,0.5736,-1,-1,-1
269,1364,1534.80,52.71,34.91,37.37,0.7410,-1,-1,-1
269,1366,627.05,835.46,158.32,151.49,0.8101,-1,-1,-1
269,1369,560.05,613.87,126.66,168.29,0.9327,-1,-1,-1
269,1351,927.79,267.34,56.05,105.04,0.8270,-1,-1,-1
269,1383,603.30,407.06,64.26,148.53,0.5395,-1,-1,-1
269,1387,617.37,403.96,101.41,188.78,0.6871,-1,-1,-1
269,1400,539.12,384.91,75.16,146.12,0.9089,-1,-1,-1
269,1363,1196.63,50.80,43.86,65.17,0.7659,-1,-1,-1
269,1403,424.33,569.98,118.08,175.87,0.8527,-1,-1,-1
269,1398,359.23,672.20,180.87,220.33,0.9178,-1,-1,-1
269,1406,751.27,433.69,86.94,158.85,0.8907,-1,-1,-1
269,1374,637.86,517.06,98.84,177.27,0.7280,-1,-1,-1
269,1405,1094.76,102.61,46.95,77.42,0.8855,-1,-1,-1
269,1414,192.59,823.46,181.60,205.02,0.9444,-1,-1,-1
269,1362,1136.94,64.86,43.61,69.94,0.8342,-1,-1,-1
269,1424,13.98,772.08,184.65,294.39,0.8212,-1,-1,-1
269,1373,1339.80,-0.01,22.96,15.40,0.1958,-1,-1,-1
269,1357,692.58,409.13,69.17,145.67,0.9045,-1,-1,-1
269,1421,853.28,260.85,63.19,126.36,0.7203,-1,-1,-1
269,1433,869.37,248.20,50.54,105.95,0.4346,-1,-1,-1
269,1358,851.10,243.10,52.12,105.02,0.6286,-1,-1,-1
270,1345,658.56,326.51,65.28,129.87,0.8330,-1,-1,-1
270,1346,677.49,850.05,190.63,171.19,0.9370,-1,-1,-1
270,1348,993.28,125.81,45.85,80.22,0.8565,-1,-1,-1
270,1349,602.01,83.64,46.79,71.22,0.8797,-1,-1,-1
270,1352,735.66,298.47,71.88,112.99,0.9006,-1,-1,-1
270,1354,1049.80,140.63,56.18,91.76,0.8427,-1,-1,-1
270,1355,948.17,192.44,49.98,89.25,0.6189,-1,-1,-1
270,1359,1238.61,31.37,36.44,62.96,0.8248,-1,-1,-1
270,1360,810.46,340.16,75.46,118.09,0.8573,-1,-1,-1
270,1361,935.40,210.62,53.85,89.74,0.4884,-1,-1,-1
270,1364,1535.87,53.46,34.17,36.59,0.7423,-1,-1,-1
270,1366,636.25,837.45,161.76,151.45,0.7626,-1,-1,-1
270,1369,561.76,613.79,126.68,168.73,0.9309,-1,-1,-1
270,1351,930.37,267.93,55.58,103.43,0.8341,-1,-1,-1
270,1383,608.84,405.88,66.48,150.72,0.4522,-1,-1,-1
270,1387,613.76,402.19,102.24,187.64,0.7508,-1,-1,-1
270,1400,541.97,383.97,74.35,146.15,0.8887,-1,-1,-1
270,1363,1197.93,50.75,43.56,64.76,0.7602,-1,-1,-1
270,1403,427.07,569.54,118.30,176.50,0.8633,-1,-1,-1
270,1398,361.93,676.11,178.20,216.78,0.9024,-1,-1,-1
270,1406,755.25,433.26,86.89,159.22,0.8641,-1,-1,-1
270,1374,636.96,512.51,101.42,181.91,0.7473,-1,-1,-1
270,1405,1095.82,102.61,47.00,77.17,0.8520,-1,-1,-1
270,1414,194.51,821.24,182.07,207.46,0.9454,-1,-1,-1
270,1362,1138.08,64.36,43.84,70.39,0.8392,-1,-1,-1
270,1424,13.77,777.82,183.70,288.15,0.8752,-1,-1,-1
270,1373,1339.56,-0.01,23.57,15.73,0.4411,-1,-1,-1
270,1357,693.60,409.68,68.74,144.38,0.8948,-1,-1,-1
270,1421,852.00,250.04,66.67,135.02,0.8102,-1,-1,-1
271,1345,663.17,326.09,66.26,130.05,0.8516,-1,-1,-1
271,1346,678.47,851.06,188.19,170.75,0.9381,-1,-1,-1
271,1348,993.91,124.67,46.40,80.98,0.8533,-1,-1,-1
271,1349,601.90,81.74,48.73,73.84,0.8842,-1,-1,-1
271,1352,736.36,297.51,72.96,114.75,0.9114,-1,-1,-1
271,1354,1050.26,141.27,55.75,91.24,0.8496,-1,-1,-1
271,1355,950.78,192.65,50.13,90.34,0.6763,-1,-1,-1
271,1359,1238.34,31.21,36.43,62.94,0.8317,-1,-1,-1
271,1360,812.67,342.03,74.78,115.86,0.8668,-1,-1,-1
271,1361,936.76,218.58,51.15,83.82,0.3245,-1,-1,-1
271,1364,1535.96,53.20,34.47,36.97,0.7408,-1,-1,-1
271,1366,636.68,838.78,164.21,151.47,0.7856,-1,-1,-1
271,1369,562.38,612.16,127.63,170.68,0.9296,-1,-1,-1
271,1351,929.93,257.89,59.34,111.04,0.8303,-1,-1,-1
271,1383,604.78,406.18,64.93,150.18,0.5226,-1,-1,-1
271,1387,625.71,402.51,100.94,187.98,0.6300,-1,-1,-1
271,1400,545.44,383.58,73.21,145.91,0.8952,-1,-1,-1
271,1363,1199.07,51.26,43.06,63.77,0.7946,-1,-1,-1
271,1403,431.73,568.90,118.01,176.23,0.8724,-1,-1,-1
271,1398,365.47,679.27,175.13,212.92,0.8716,-1,-1,-1
271,1406,758.55,432.74,85.13,157.08,0.8130,-1,-1,-1
271,1374,636.11,506.01,104.26,187.70,0.7674,-1,-1,-1
271,1405,1096.75,101.33,47.85,78.50,0.8426,-1,-1,-1
271,1414,196.03,817.90,183.79,211.98,0.9488,-1,-1,-1
271,1362,1139.52,63.45,44.02,70.71,0.8482,-1,-1,-1
271,1424,14.87,778.82,183.39,282.95,0.8666,-1,-1,-1
271,1373,1339.40,-0.01,23.85,15.83,0.4052,-1,-1,-1
271,1357,695.02,410.17,68.96,143.73,0.8926,-1,-1,-1
271,1421,853.29,248.47,66.96,136.73,0.8085,-1,-1,-1
272,1345,665.02,325.68,67.39,130.72,0.8292,-1,-1,-1
272,1346,682.48,857.11,180.71,164.91,0.9346,-1,-1,-1
272,1348,994.09,124.08,46.73,81.38,0.8569,-1,-1,-1
272,1349,602.70,82.23,48.77,73.55,0.8785,-1,-1,-1
272,1352,737.51,297.42,73.14,114.99,0.9062,-1,-1,-1
272,1354,1050.60,141.14,55.77,91.31,0.8337,-1,-1,-1
272,1355,951.62,193.17,49.57,89.71,0.7194,-1,-1,-1
272,1359,1238.94,30.86,36.36,63.04,0.8330,-1,-1,-1
272,1360,813.31,342.41,75.02,115.45,0.8690,-1,-1,-1
272,1361,937.92,222.15,50.44,81.45,0.2805,-1,-1,-1
272,1364,1536.29,53.34,34.57,37.06,0.7209,-1,-1,-1
272,1366,628.78,841.23,163.56,150.99,0.7923,-1,-1,-1
272,1369,563.72,612.10,127.19,170.44,0.9281,-1,-1,-1
272,1351,928.94,245.61,64.18,121.84,0.8332,-1,-1,-1
272,1383,605.74,405.54,64.94,150.90,0.4319,-1,-1,-1
272,1387,618.28,401.61,99.66,182.63,0.6906,-1,-1,-1
272,1400,548.68,383.37,71.72,144.77,0.8979,-1,-1,-1
272,1363,1199.61,50.64,43.29,64.08,0.7923,-1,-1,-1
272,1403,434.42,568.80,117.51,175.55,0.8971,-1,-1,-1
272,1398,370.87,683.12,171.40,208.22,0.8052,-1,-1,-1
272,1406,763.39,434.75,84.66,156.82,0.8747,-1,-1,-1
272,1374,637.67,510.30,101.92,183.46,0.8380,-1,-1,-1
272,1405,1097.12,100.52,48.10,79.14,0.8291,-1,-1,-1
272,1414,197.75,816.24,183.64,214.43,0.9507,-1,-1,-1
272,1362,1140.19,63.27,44.18,71.21,0.8472,-1,-1,-1
272,1424,16.90,776.77,184.78,281.77,0.9015,-1,-1,-1
272,1373,1339.69,-0.01,23.37,15.41,0.4257,-1,-1,-1
272,1357,696.06,410.95,69.60,143.57,0.8428,-1,-1,-1
272,1421,857.04,254.35,64.26,130.71,0.8089,-1,-1,-1
272,1433,864.38,242.63,51.99,108.41,0.6981,-1,-1,-1
273,1345,665.03,325.74,67.59,130.48,0.7750,-1,-1,-1
273,1346,680.87,854.36,182.76,168.30,0.9331,-1,-1,-1
273,1348,995.35,124.01,46.04,79.83,0.8636,-1,-1,-1
273,1349,603.13,81.30,49.31,73.97,0.8801,-1,-1,-1
273,1352,738.91,297.90,72.90,114.67,0.9022,-1,-1,-1
273,1354,1050.36,140.17,55.82,91.70,0.8314,-1,-1,-1
273,1355,951.54,193.17,50.29,91.69,0.6633,-1,-1,-1
273,1359,1239.08,30.53,36.28,63.01,0.8351,-1,-1,-1
273,1360,814.03,340.46,76.06,116.65,0.8547,-1,-1,-1
273,1361,937.81,224.35,52.35,83.81,0.1772,-1,-1,-1
273,1364,1536.49,53.68,33.88,36.39,0.7209,-1,-1,-1
273,1366,633.50,842.93,165.83,150.73,0.7275,-1,-1,-1
273,1369,565.67,611.64,127.47,170.90,0.9377,-1,-1,-1
273,1351,928.88,236.61,66.87,128.87,0.8474,-1,-1,-1
273,1383,611.30,404.33,66.70,152.19,0.2651,-1,-1,-1
273,1387,616.64,401.18,99.92,180.91,0.7964,-1,-1,-1
273,1400,551.93,382.11,71.09,145.50,0.8937,-1,-1,-1
273,1363,1200.40,50.27,43.44,64.41,0.7997,-1,-1,-1
273,1403,438.57,569.40,116.50,174.06,0.9094,-1,-1,-1
273,1398,378.69,688.44,167.19,203.47,0.8258,-1,-1,-1
273,1406,766.99,433.51,84.78,157.61,0.8448,-1,-1,-1
273,1374,637.38,505.05,105.06,190.21,0.8123,-1,-1,-1
273,1405,1098.52,101.46,47.21,77.89,0.8564,-1,-1,-1
273,1414,199.87,814.22,183.57,216.85,0.9523,-1,-1,-1
273,1362,1141.55,63.82,43.62,70.12,0.8444,-1,-1,-1
273,1424,27.57,776.95,180.83,273.38,0.8358,-1,-1,-1
273,1373,1339.67,-0.00,22.89,14.97,0.4371,-1,-1,-1
273,1357,697.22,410.56,70.59,144.03,0.8489,-1,-1,-1
273,1421,857.87,246.78,65.84,134.60,0.8007,-1,-1,-1
274,1345,666.30,324.98,67.87,130.31,0.7764,-1,-1,-1
274,1346,679.48,851.81,184.26,171.37,0.9389,-1,-1,-1
274,1348,996.75,123.74,46.11,79.45,0.8773,-1,-1,-1
274,1349,604.55,81.16,49.28,73.46,0.8797,-1,-1,-1
274,1352,739.60,297.83,72.62,114.57,0.9046,-1,-1,-1
274,1354,1050.85,139.87,55.26,91.17,0.8300,-1,-1,-1
274,1355,954.06,193.21,49.08,90.11,0.7029,-1,-1,-1
274,1359,1239.43,30.29,36.26,63.17,0.8500,-1,-1,-1
274,1360,814.94,337.70,77.39,118.52,0.8544,-1,-1,-1
274,1361,938.00,222.53,53.50,85.12,0.3441,-1,-1,-1
274,1364,1536.81,53.60,33.32,35.80,0.7054,-1,-1,-1
274,1366,634.49,842.82,169.62,151.94,0.7528,-1,-1,-1
274,1369,566.39,611.74,127.28,170.75,0.9367,-1,-1,-1
274,1351,929.33,229.84,68.36,134.03,0.8391,-1,-1,-1
274,1383,612.42,402.90,68.07,153.64,0.2259,-1,-1,-1
274,1387,616.95,399.89,100.69,180.02,0.8146,-1,-1,-1
274,1400,555.34,381.30,70.13,145.08,0.9014,-1,-1,-1
274,1363,1201.95,49.95,43.36,64.31,0.7909,-1,-1,-1
274,1403,440.94,568.97,115.78,173.47,0.9143,-1,-1,-1
274,1398,377.97,693.27,150.26,182.99,0.7270,-1,-1,-1
274,1406,768.80,431.45,84.89,158.02,0.8377,-1,-1,-1
274,1374,639.43,510.38,101.85,184.59,0.8321,-1,-1,-1
274,1405,1100.14,101.52,46.98,77.61,0.8668,-1,-1,-1
274,1414,201.53,813.52,182.13,217.42,0.9539,-1,-1,-1
274,1362,1142.18,63.41,44.00,70.65,0.8393,-1,-1,-1
274,1424,39.68,782.13,181.45,276.17,0.8385,-1,-1,-1
274,1373,1339.63,-0.00,23.05,14.93,0.4395,-1,-1,-1
274,1357,698.59,408.21,72.41,145.53,0.8215,-1,-1,-1
274,1421,861.65,258.34,60.93,123.43,0.7878,-1,-1,-1
274,1435,3.34,772.77,192.59,193.96,0.8251,-1,-1,-1
275,1345,669.81,324.55,67.79,128.30,0.8378,-1,-1,-1
275,1346,681.56,852.67,181.85,170.40,0.9281,-1,-1,-1
275,1348,997.43,123.32,46.64,80.00,0.8844,-1,-1,-1
275,1349,606.40,81.10,48.26,71.22,0.8755,-1,-1,-1
275,1352,742.43,298.04,71.35,112.58,0.9149,-1,-1,-1
275,1354,1051.03,138.76,54.96,91.38,0.8181,-1,-1,-1
275,1355,954.74,192.96,49.04,90.52,0.7006,-1,-1,-1
275,1359,1239.54,30.03,36.33,63.51,0.8419,-1,-1,-1
275,1360,816.58,337.95,77.47,118.53,0.8624,-1,-1,-1
275,1364,1536.37,53.47,33.23,35.66,0.7118,-1,-1,-1
275,1366,632.05,842.81,172.05,152.87,0.8370,-1,-1,-1
275,1369,567.84,611.56,126.78,170.24,0.9290,-1,-1,-1
275,1351,931.47,226.93,67.41,133.65,0.8622,-1,-1,-1
275,1383,613.95,401.65,68.57,154.03,0.1998,-1,-1,-1
275,1387,619.26,398.78,100.07,176.39,0.8080,-1,-1,-1
275,1400,559.52,380.47,67.95,141.88,0.9170,-1,-1,-1
275,1363,1203.49,50.76,42.97,63.58,0.7848,-1,-1,-1
275,1403,443.99,568.53,115.40,173.42,0.9171,-1,-1,-1
275,1398,388.78,694.89,156.71,192.27,0.6775,-1,-1,-1
275,1406,771.30,429.55,85.08,158.60,0.8549,-1,-1,-1
275,1374,640.29,510.70,101.29,183.95,0.8338,-1,-1,-1
275,1405,1100.79,100.75,47.15,78.23,0.8747,-1,-1,-1
275,1414,202.43,810.99,182.49,220.20,0.9491,-1,-1,-1
275,1362,1142.76,62.92,44.20,71.20,0.8458,-1,-1,-1
275,1424,44.86,778.67,175.30,266.35,0.7134,-1,-1,-1
275,1373,1339.94,-0.00,22.66,14.42,0.4081,-1,-1,-1
275,1357,699.35,407.88,72.69,144.58,0.8278,-1,-1,-1
275,1421,866.07,266.64,57.60,114.46,0.8092,-1,-1,-1
275,1435,27.33,768.63,162.29,163.55,0.7530,-1,-1,-1
275,1433,868.87,242.35,52.83,109.05,0.7469,-1,-1,-1
276,1345,671.29,324.81,68.77,128.85,0.7764,-1,-1,-1
276,1346,686.89,864.02,171.75,160.83,0.9335,-1,-1,-1
276,1348,997.59,123.03,46.99,80.03,0.8653,-1,-1,-1
276,1349,608.05,80.85,47.67,69.69,0.8668,-1,-1,-1
276,1352,744.40,298.06,70.73,111.59,0.9357,-1,-1,-1
276,1354,1051.37,137.56,54.87,91.96,0.8097,-1,-1,-1
276,1355,955.18,192.05,51.16,95.17,0.7074,-1,-1,-1
276,1359,1239.77,29.89,36.23,63.38,0.8305,-1,-1,-1
276,1360,818.05,339.64,77.15,117.51,0.8724,-1,-1,-1
276,1364,1536.88,53.42,33.05,35.48,0.6900,-1,-1,-1
276,1366,629.96,841.90,174.96,154.47,0.8238,-1,-1,-1
276,1369,568.49,611.55,126.64,170.24,0.9263,-1,-1,-1
276,1351,934.20,229.52,65.34,130.41,0.8704,-1,-1,-1
276,1383,614.90,401.89,68.38,153.13,0.2201,-1,-1,-1
276,1387,620.86,398.41,99.60,173.47,0.8319,-1,-1,-1
276,1400,561.99,379.89,67.01,141.33,0.9143,-1,-1,-1
276,1363,1204.42,50.78,43.03,63.52,0.7710,-1,-1,-1
276,1403,447.39,567.66,115.57,174.00,0.9284,-1,-1,-1
276,1398,387.35,694.03,160.49,196.94,0.8586,-1,-1,-1
276,1406,773.44,428.15,84.53,157.78,0.8722,-1,-1,-1
276,1374,639.80,505.66,103.91,189.95,0.8124,-1,-1,-1
276,1405,1102.12,99.86,47.18,78.67,0.8638,-1,-1,-1
276,1414,203.58,810.14,181.75,221.35,0.9516,-1,-1,-1
276,1362,1143.57,63.05,44.22,71.16,0.8388,-1,-1,-1
276,1424,49.45,781.48,170.11,258.25,0.7705,-1,-1,-1
276,1373,1340.25,-0.00,22.73,14.21,0.4160,-1,-1,-1
276,1357,700.93,408.26,73.76,144.57,0.8100,-1,-1,-1
276,1421,866.26,259.41,61.14,121.24,0.7814,-1,-1,-1
276,1435,26.71,763.62,173.59,175.91,0.8191,-1,-1,-1
276,1437,642.89,419.75,80.27,179.31,0.4374,-1,-1,-1
276,1438,63.20,987.26,74.36,92.19,0.4689,-1,-1,-1
277,1345,672.19,324.27,69.37,129.50,0.8176,-1,-1,-1
277,1346,689.12,864.98,170.47,160.23,0.9308,-1,-1,-1
277,1348,998.01,122.99,47.03,79.62,0.8702,-1,-1,-1
277,1349,609.95,80.57,47.66,69.13,0.8419,-1,-1,-1
277,1352,746.33,297.71,70.54,111.47,0.9209,-1,-1,-1
277,1354,1051.08,136.58,54.46,92.15,0.8330,-1,-1,-1
277,1355,956.41,191.66,50.34,94.43,0.7015,-1,-1,-1
277,1359,1240.54,30.48,35.86,62.47,0.8215,-1,-1,-1
277,1360,818.73,341.23,76.99,116.63,0.8693,-1,-1,-1
277,1364,1536.77,52.62,33.22,35.82,0.6977,-1,-1,-1
277,1366,629.69,843.95,174.13,152.68,0.8889,-1,-1,-1
277,1369,570.48,612.10,126.08,169.32,0.9220,-1,-1,-1
277,1351,936.69,230.14,64.12,128.74,0.8369,-1,-1,-1
277,1387,621.17,397.78,97.85,168.77,0.8193,-1,-1,-1
277,1400,564.12,379.23,65.67,140.09,0.9056,-1,-1,-1
277,1363,1204.77,50.34,42.91,63.44,0.7833,-1,-1,-1
277,1403,450.55,567.52,116.04,174.83,0.9246,-1,-1,-1
277,1398,390.10,693.24,162.70,200.89,0.8201,-1,-1,-1
277,1406,774.82,425.74,84.83,158.82,0.8964,-1,-1,-1
277,1374,640.26,502.85,104.68,192.17,0.8360,-1,-1,-1
277,1405,1103.55,99.57,46.84,78.16,0.8519,-1,-1,-1
277,1414,204.89,809.10,180.85,222.39,0.9580,-1,-1,-1
277,1362,1144.49,62.61,44.30,71.24,0.8359,-1,-1,-1
277,1424,49.80,764.75,175.85,268.94,0.9043,-1,-1,-1
277,1373,1340.55,-0.00,22.80,14.01,0.4073,-1,-1,-1
277,1357,701.32,408.40,74.46,144.41,0.8373,-1,-1,-1
277,1421,870.25,270.26,55.99,109.71,0.5569,-1,-1,-1
277,1435,47.91,760.04,152.45,154.60,0.8234,-1,-1,-1
277,1437,658.73,462.84,58.93,129.33,0.4761,-1,-1,-1
277,1438,63.53,983.24,77.52,96.16,0.5572,-1,-1,-1
277,1433,870.17,241.53,56.54,116.14,0.7979,-1,-1,-1
278,1345,672.02,323.54,69.54,130.31,0.8155,-1,-1,-1
278,1346,690.54,865.94,169.70,160.16,0.9339,-1,-1,-1
278,1348,998.41,121.96,47.26,79.85,0.8697,-1,-1,-1
278,1349,611.08,80.03,47.83,68.94,0.8410,-1,-1,-1
278,1352,747.36,297.25,70.98,112.47,0.9157,-1,-1,-1
278,1354,1051.21,136.53,53.95,92.12,0.8414,-1,-1,-1
278,1355,956.52,191.51,50.46,95.08,0.7109,-1,-1,-1
278,1359,1241.62,30.59,35.69,62.02,0.8083,-1,-1,-1
278,1360,820.37,343.35,76.26,115.10,0.8614,-1,-1,-1
278,1364,1536.91,51.82,33.95,36.65,0.7026,-1,-1,-1
278,1366,625.87,844.14,173.51,152.38,0.8602,-1,-1,-1
278,1369,571.86,612.44,126.16,169.27,0.9256,-1,-1,-1
278,1351,938.63,233.50,62.08,125.01,0.8292,-1,-1,-1
278,1387,621.38,397.23,99.05,169.59,0.7906,-1,-1,-1
278,1400,565.95,378.20,65.53,141.56,0.8857,-1,-1,-1
278,1363,1205.49,50.44,42.65,63.16,0.7749,-1,-1,-1
278,1403,453.11,567.24,116.35,175.47,0.9279,-1,-1,-1
278,1398,390.14,691.48,165.22,204.49,0.8676,-1,-1,-1
278,1406,776.06,423.81,84.54,158.93,0.8795,-1,-1,-1
278,1374,641.11,496.83,106.93,197.57,0.8373,-1,-1,-1
278,1405,1104.07,99.41,46.69,77.93,0.8484,-1,-1,-1
278,1414,205.79,808.14,180.44,223.76,0.9663,-1,-1,-1
278,1362,1144.87,62.05,44.59,71.72,0.8382,-1,-1,-1
278,1424,53.18,758.30,177.42,273.46,0.9043,-1,-1,-1
278,1373,1340.38,-0.00,23.52,14.25,0.3818,-1,-1,-1
278,1357,701.18,406.06,76.17,146.63,0.8105,-1,-1,-1
278,1421,870.85,262.89,59.99,117.22,0.7886,-1,-1,-1
278,1435,59.68,757.15,143.88,145.99,0.8611,-1,-1,-1
278,1438,62.97,980.96,79.21,98.39,0.4025,-1,-1,-1
279,1345,673.83,322.67,70.21,131.53,0.8001,-1,-1,-1
279,1346,687.13,862.23,174.24,165.45,0.9326,-1,-1,-1
279,1348,1000.05,121.56,46.83,78.83,0.8325,-1,-1,-1
279,1349,612.52,78.74,48.48,69.50,0.8580,-1,-1,-1
279,1352,749.24,296.97,70.52,111.95,0.9097,-1,-1,-1
279,1354,1052.29,135.85,53.40,91.97,0.8278,-1,-1,-1
279,1355,958.14,190.47,50.80,95.43,0.6593,-1,-1,-1
279,1359,1242.37,30.24,36.12,62.62,0.8117,-1,-1,-1
279,1360,821.60,342.98,76.73,115.84,0.8636,-1,-1,-1
279,1364,1537.08,51.49,34.25,37.04,0.7066,-1,-1,-1
279,1366,626.30,844.55,173.86,152.27,0.8249,-1,-1,-1
279,1369,573.10,612.78,126.54,169.71,0.9354,-1,-1,-1
279,1351,938.57,223.94,65.39,132.78,0.8467,-1,-1,-1
279,1387,619.58,396.47,102.18,175.88,0.6239,-1,-1,-1
279,1400,569.85,377.57,64.32,141.26,0.8779,-1,-1,-1
279,1363,1206.32,50.20,42.40,62.68,0.8053,-1,-1,-1
279,1403,455.92,566.39,117.41,177.17,0.9128,-1,-1,-1
279,1398,388.24,690.40,166.90,206.97,0.8909,-1,-1,-1
279,1406,777.85,422.20,83.96,158.51,0.8695,-1,-1,-1
279,1374,641.57,493.75,107.52,199.74,0.8249,-1,-1,-1
279,1405,1105.49,99.57,46.43,77.37,0.8406,-1,-1,-1
279,1414,206.58,806.93,180.70,225.77,0.9578,-1,-1,-1
279,1362,1145.61,62.43,44.26,71.35,0.8452,-1,-1,-1
279,1424,58.70,754.07,175.52,272.65,0.9289,-1,-1,-1
279,1373,1340.52,-0.00,23.71,14.18,0.3932,-1,-1,-1
279,1357,701.40,405.07,76.81,146.19,0.8002,-1,-1,-1
279,1435,67.56,753.78,142.51,144.93,0.7861,-1,-1,-1
279,1438,63.42,983.41,77.22,95.85,0.4368,-1,-1,-1
279,1439,644.90,449.10,80.86,148.85,0.4166,-1,-1,-1
279,1440,-0.76,814.30,139.79,265.47,0.4263,-1,-1,-1
279,1433,871.27,241.12,61.49,125.56,0.7561,-1,-1,-1
280,1345,673.44,321.97,70.25,132.61,0.7812,-1,-1,-1
280,1346,682.84,854.67,181.51,174.21,0.9361,-1,-1,-1
280,1348,1000.45,119.99,47.43,79.77,0.8322,-1,-1,-1
280,1349,613.60,78.50,48.64,69.63,0.8389,-1,-1,-1
280,1352,750.25,296.89,70.05,111.52,0.8901,-1,-1,-1
280,1354,1052.86,135.24,53.30,92.74,0.8273,-1,-1,-1
280,1355,958.38,189.94,51.30,96.12,0.6322,-1,-1,-1
280,1359,1242.94,30.16,36.25,62.85,0.8175,-1,-1,-1
280,1360,822.24,341.14,77.30,116.80,0.8523,-1,-1,-1
280,1364,1537.47,51.48,34.16,37.04,0.6929,-1,-1,-1
280,1366,626.80,844.18,175.68,153.48,0.7853,-1,-1,-1
280,1369,574.55,613.46,126.19,169.09,0.9288,-1,-1,-1
280,1351,940.31,222.11,65.34,133.51,0.7707,-1,-1,-1
280,1387,622.31,398.06,99.62,170.88,0.6498,-1,-1,-1
280,1400,572.47,376.98,63.20,141.03,0.8786,-1,-1,-1
280,1363,1206.31,49.87,42.54,62.85,0.8138,-1,-1,-1
280,1403,457.99,565.56,117.31,177.20,0.9148,-1,-1,-1
280,1398,388.99,690.15,167.34,207.90,0.8839,-1,-1,-1
280,1406,778.75,421.03,83.81,159.10,0.8569,-1,-1,-1
280,1374,641.47,488.79,108.39,202.97,0.8740,-1,-1,-1
280,1405,1106.14,99.26,46.90,78.29,0.8441,-1,-1,-1
280,1414,207.74,805.38,180.65,227.30,0.9647,-1,-1,-1
280,1362,1146.16,62.22,44.36,71.87,0.8493,-1,-1,-1
280,1424,68.16,751.43,159.97,248.20,0.8190,-1,-1,-1
280,1373,1340.38,-0.00,23.78,14.05,0.3257,-1,-1,-1
280,1357,700.30,401.84,79.34,149.82,0.7779,-1,-1,-1
280,1435,74.26,751.07,145.94,148.91,0.5979,-1,-1,-1
280,1438,62.58,981.85,78.52,97.61,0.4190,-1,-1,-1
280,1439,644.84,452.85,82.17,151.09,0.3178,-1,-1,-1
280,1440,-3.41,803.48,145.32,276.30,0.3594,-1,-1,-1
280,1433,873.16,241.50,63.68,129.61,0.8050,-1,-1,-1
281,1345,677.65,321.10,68.48,127.69,0.7031,-1,-1,-1
281,1346,684.69,856.87,178.50,172.48,0.9257,-1,-1,-1
281,1348,1000.71,118.03,49.09,83.02,0.8382,-1,-1,-1
281,1349,615.58,77.46,49.54,70.97,0.8570,-1,-1,-1
281,1352,751.49,296.58,69.58,111.02,0.8793,-1,-1,-1
281,1354,1053.25,134.88,53.09,93.20,0.8399,-1,-1,-1
281,1355,958.50,189.07,51.38,95.89,0.6219,-1,-1,-1
281,1359,1243.33,29.13,36.31,63.08,0.8310,-1,-1,-1
281,1360,823.69,340.70,77.04,116.17,0.8566,-1,-1,-1
281,1364,1537.57,51.77,33.66,36.52,0.6820,-1,-1,-1
281,1366,624.21,846.17,173.62,151.76,0.8557,-1,-1,-1
281,1369,575.23,612.50,126.57,169.68,0.9299,-1,-1,-1
281,1351,942.41,222.18,64.07,131.79,0.7368,-1,-1,-1
281,1387,625.35,400.18,110.57,191.25,0.1497,-1,-1,-1
281,1400,576.47,376.37,61.05,138.78,0.8513,-1,-1,-1
281,1363,1206.19,49.10,42.99,63.60,0.8292,-1,-1,-1
281,1403,460.28,565.32,117.05,176.97,0.8889,-1,-1,-1
281,1398,388.35,688.85,169.62,211.59,0.9136,-1,-1,-1
281,1406,780.47,419.98,83.54,158.89,0.8454,-1,-1,-1
281,1374,644.46,488.63,107.42,202.07,0.7852,-1,-1,-1
281,1405,1107.33,99.06,46.28,77.31,0.8639,-1,-1,-1
281,1414,209.98,803.87,180.29,228.47,0.9588,-1,-1,-1
281,1362,1147.40,62.13,44.09,71.95,0.8437,-1,-1,-1
281,1424,70.31,748.85,167.71,263.21,0.7991,-1,-1,-1
281,1373,1340.46,-0.00,23.60,13.87,0.3497,-1,-1,-1
281,1357,700.87,399.11,80.79,151.71,0.7907,-1,-1,-1
281,1435,81.57,748.24,146.25,149.90,0.7990,-1,-1,-1
281,1438,62.67,977.91,80.35,100.07,0.4001,-1,-1,-1
281,1439,647.70,460.12,80.74,147.95,0.3702,-1,-1,-1
281,1440,-4.76,795.93,149.00,283.85,0.2836,-1,-1,-1
281,1433,874.37,242.09,65.26,132.26,0.8296,-1,-1,-1
281,1361,940.60,201.02,63.70,101.78,0.4021,-1,-1,-1
281,1383,628.59,397.09,70.99,155.27,0.5901,-1,-1,-1
282,1345,679.61,320.81,68.74,126.78,0.7493,-1,-1,-1
282,1346,684.07,855.42,179.39,174.70,0.9300,-1,-1,-1
282,1348,1001.48,117.56,49.14,83.35,0.8401,-1,-1,-1
282,1349,617.75,76.74,49.28,70.66,0.8756,-1,-1,-1
282,1352,753.05,296.24,69.47,111.39,0.8844,-1,-1,-1
282,1354,1053.86,134.86,52.93,93.60,0.8352,-1,-1,-1
282,1355,962.71,188.86,49.87,93.35,0.6751,-1,-1,-1
282,1359,1243.73,29.05,36.09,62.71,0.8255,-1,-1,-1
282,1360,823.88,339.81,77.40,116.50,0.8486,-1,-1,-1
282,1364,1537.59,51.56,33.62,36.36,0.6699,-1,-1,-1
282,1366,622.92,847.47,172.75,151.39,0.7424,-1,-1,-1
282,1369,575.92,611.43,127.03,170.55,0.9330,-1,-1,-1
282,1351,942.43,215.76,66.41,137.27,0.8026,-1,-1,-1
282,1387,629.62,405.14,109.12,191.72,0.4052,-1,-1,-1
282,1400,578.74,376.49,59.81,138.51,0.8366,-1,-1,-1
282,1363,1206.79,48.48,42.91,63.61,0.8006,-1,-1,-1
282,1403,462.88,565.32,116.99,177.06,0.8750,-1,-1,-1
282,1398,389.52,687.48,170.11,213.49,0.8905,-1,-1,-1
282,1406,781.67,418.96,83.26,158.89,0.8458,-1,-1,-1
282,1374,643.80,477.80,111.27,211.45,0.8375,-1,-1,-1
282,1405,1109.97,99.74,45.06,74.97,0.8587,-1,-1,-1
282,1414,212.75,803.34,179.21,228.27,0.9561,-1,-1,-1
282,1362,1149.31,62.52,42.91,70.37,0.8311,-1,-1,-1
282,1424,75.37,748.13,169.27,269.36,0.8863,-1,-1,-1
282,1373,1341.08,-0.00,23.29,13.51,0.2668,-1,-1,-1
282,1357,700.85,396.53,81.74,152.43,0.7906,-1,-1,-1
282,1435,86.14,745.69,147.79,152.26,0.8239,-1,-1,-1
282,1438,65.20,981.35,78.96,97.91,0.3134,-1,-1,-1
282,1440,-5.09,787.61,152.67,291.60,0.1221,-1,-1,-1
282,1433,877.28,241.99,65.79,132.29,0.8432,-1,-1,-1
282,1361,941.21,203.87,60.56,96.41,0.2327,-1,-1,-1
282,1383,635.01,398.28,74.22,153.83,0.6115,-1,-1,-1
283,1345,681.71,320.20,68.27,124.33,0.6509,-1,-1,-1
283,1346,682.58,854.42,180.70,177.29,0.9309,-1,-1,-1
283,1348,1003.09,118.20,48.52,82.42,0.8301,-1,-1,-1
283,1349,619.66,75.75,50.18,72.14,0.8542,-1,-1,-1
283,1352,754.51,295.26,68.64,110.45,0.8905,-1,-1,-1
283,1354,1054.37,134.63,52.53,93.43,0.8411,-1,-1,-1
283,1355,965.16,188.92,47.52,88.41,0.6726,-1,-1,-1
283,1359,1244.15,28.23,36.17,63.08,0.8203,-1,-1,-1
283,1360,825.71,338.65,77.69,116.75,0.8393,-1,-1,-1
283,1364,1537.72,51.55,33.40,35.90,0.6546,-1,-1,-1
283,1366,620.06,847.54,171.49,151.32,0.7538,-1,-1,-1
283,1369,576.75,610.10,127.08,171.19,0.9246,-1,-1,-1
283,1351,943.82,215.20,65.70,136.13,0.8359,-1,-1,-1
283,1387,628.10,400.40,110.57,195.59,0.3342,-1,-1,-1
283,1400,582.46,376.86,57.92,137.00,0.8619,-1,-1,-1
283,1363,1207.49,47.83,43.17,64.29,0.8045,-1,-1,-1
283,1403,466.62,565.03,116.77,176.50,0.8571,-1,-1,-1
283,1398,391.56,687.62,169.02,213.28,0.8931,-1,-1,-1
283,1406,782.67,417.18,83.43,159.82,0.8428,-1,-1,-1
283,1374,646.04,475.09,110.75,212.67,0.8228,-1,-1,-1
283,1405,1110.90,98.21,45.74,76.17,0.8608,-1,-1,-1
283,1414,215.13,801.41,178.55,228.61,0.9616,-1,-1,-1
283,1362,1150.55,62.72,42.24,69.45,0.8108,-1,-1,-1
283,1424,84.79,752.21,164.63,266.62,0.8989,-1,-1,-1
283,1373,1341.79,-0.00,23.04,13.12,0.2689,-1,-1,-1
283,1357,693.55,364.78,95.80,181.12,0.7561,-1,-1,-1
283,1435,90.21,742.51,147.37,153.08,0.7652,-1,-1,-1
283,1438,66.01,977.24,81.92,101.50,0.6317,-1,-1,-1
283,1440,18.31,805.18,141.96,274.12,0.2475,-1,-1,-1
283,1433,879.00,241.86,65.66,130.69,0.8245,-1,-1,-1
283,1361,944.57,206.58,59.48,93.61,0.3786,-1,-1,-1
283,1383,633.44,397.08,74.81,151.79,0.5432,-1,-1,-1
283,1442,0.90,797.81,52.12,282.07,0.4682,-1,-1,-1
283,1439,648.65,457.90,83.23,151.91,0.4913,-1,-1,-1
284,1345,681.56,319.58,69.64,126.14,0.7174,-1,-1,-1
284,1346,681.53,852.84,181.61,179.47,0.9335,-1,-1,-1
284,1348,1005.02,117.57,48.27,82.04,0.8264,-1,-1,-1
284,1349,621.28,74.36,50.72,73.24,0.8469,-1,-1,-1
284,1352,756.73,295.19,68.16,109.88,0.8932,-1,-1,-1
284,1354,1054.97,134.86,51.91,92.90,0.8322,-1,-1,-1
284,1355,967.08,189.73,46.86,87.28,0.6749,-1,-1,-1
284,1359,1244.77,27.44,36.16,63.32,0.8191,-1,-1,-1
284,1360,826.81,339.35,76.96,115.43,0.8355,-1,-1,-1
284,1364,1537.73,51.31,33.28,35.62,0.6365,-1,-1,-1
284,1366,623.22,847.87,172.77,152.26,0.6650,-1,-1,-1
284,1369,577.85,609.43,126.90,171.31,0.9237,-1,-1,-1
284,1351,943.22,210.13,67.59,141.00,0.8179,-1,-1,-1
284,1387,628.77,394.16,103.44,182.94,0.6084,-1,-1,-1
284,1400,584.88,376.26,57.03,137.94,0.8377,-1,-1,-1
284,1363,1208.32,47.38,43.04,64.52,0.8042,-1,-1,-1
284,1403,469.58,564.95,116.52,176.01,0.8273,-1,-1,-1
284,1398,394.10,688.48,168.22,213.53,0.9016,-1,-1,-1
284,1406,784.51,417.51,82.00,157.44,0.8265,-1,-1,-1
284,1374,649.88,477.56,108.41,208.88,0.7775,-1,-1,-1
284,1405,1111.97,97.74,45.84,76.04,0.8578,-1,-1,-1
284,1414,217.37,798.96,178.28,229.96,0.9577,-1,-1,-1
284,1362,1151.77,63.35,41.94,69.16,0.8134,-1,-1,-1
284,1424,90.17,751.05,162.39,266.95,0.9186,-1,-1,-1
284,1373,1342.03,-0.00,24.04,13.48,0.2266,-1,-1,-1
284,1357,694.53,370.30,91.84,173.24,0.7361,-1,-1,-1
284,1435,98.26,739.09,144.61,151.01,0.8145,-1,-1,-1
284,1438,68.64,973.68,84.60,105.42,0.7893,-1,-1,-1
284,1433,881.75,241.57,64.60,127.68,0.8201,-1,-1,-1
284,1361,943.90,204.39,58.54,91.79,0.1870,-1,-1,-1
284,1383,627.84,392.55,73.28,149.92,0.2448,-1,-1,-1
284,1442,3.38,810.90,49.84,268.87,0.5695,-1,-1,-1
284,1439,650.88,459.78,81.89,147.99,0.6177,-1,-1,-1
285,1345,682.50,318.62,69.99,126.56,0.7694,-1,-1,-1
285,1346,687.86,866.14,169.31,166.82,0.9361,-1,-1,-1
285,1348,1006.60,116.80,48.06,82.02,0.8287,-1,-1,-1
285,1349,623.69,73.52,51.03,74.20,0.8620,-1,-1,-1
285,1352,758.05,293.49,68.52,110.73,0.8794,-1,-1,-1
285,1354,1055.07,133.72,52.32,94.29,0.8347,-1,-1,-1
285,1355,965.41,187.86,47.52,88.04,0.6269,-1,-1,-1
285,1359,1246.17,28.07,35.91,62.94,0.8135,-1,-1,-1
285,1360,828.90,340.98,75.92,113.79,0.8571,-1,-1,-1
285,1364,1537.79,51.34,33.21,35.38,0.6280,-1,-1,-1
285,1366,618.60,848.58,172.45,153.37,0.6059,-1,-1,-1
285,1369,579.02,607.54,127.33,172.64,0.8941,-1,-1,-1
285,1351,944.24,207.46,67.69,141.73,0.8108,-1,-1,-1
285,1400,588.32,376.07,55.34,136.94,0.7422,-1,-1,-1
285,1363,1209.34,46.49,43.28,65.48,0.8150,-1,-1,-1
285,1403,472.79,564.57,116.14,175.19,0.8005,-1,-1,-1
285,1398,395.67,687.86,167.54,214.01,0.9087,-1,-1,-1
285,1406,786.48,415.44,81.76,157.68,0.7909,-1,-1,-1
285,1374,650.09,473.03,109.85,212.08,0.7578,-1,-1,-1
285,1405,1112.94,96.75,46.52,77.12,0.8700,-1,-1,-1
285,1414,219.94,796.71,177.90,231.29,0.9490,-1,-1,-1
285,1362,1153.14,62.38,42.12,69.86,0.8105,-1,-1,-1
285,1424,94.15,740.79,165.46,277.06,0.9267,-1,-1,-1
285,1373,1342.30,-0.00,24.77,13.78,0.2865,-1,-1,-1
285,1357,702.32,383.74,83.87,157.70,0.8141,-1,-1,-1
285,1435,107.04,735.30,141.22,148.23,0.7286,-1,-1,-1
285,1438,72.33,970.63,86.55,108.57,0.6363,-1,-1,-1
285,1433,882.18,242.18,66.18,130.37,0.7852,-1,-1,-1
285,1361,942.86,200.47,62.96,99.96,0.1962,-1,-1,-1
285,1383,631.61,387.10,75.18,152.53,0.6368,-1,-1,-1
285,1442,4.28,805.35,51.10,274.33,0.3524,-1,-1,-1
285,1439,649.46,456.78,84.18,150.34,0.6165,-1,-1,-1
286,1345,684.20,317.79,70.35,126.81,0.7989,-1,-1,-1
286,1346,683.78,860.49,175.29,173.55,0.9443,-1,-1,-1
286,1348,1008.00,116.34,47.93,81.71,0.8197,-1,-1,-1
286,1349,625.02,71.48,51.46,75.44,0.8535,-1,-1,-1
286,1352,759.33,293.41,68.48,110.99,0.8722,-1,-1,-1
286,1354,1055.18,133.17,52.28,94.97,0.8191,-1,-1,-1
286,1355,965.83,188.95,47.27,86.84,0.6555,-1,-1,-1
286,1359,1246.84,28.27,35.66,62.64,0.7998,-1,-1,-1
286,1360,830.20,341.87,75.54,113.14,0.8355,-1,-1,-1
286,1364,1537.51,51.36,33.13,34.98,0.5696,-1,-1,-1
286,1366,605.12,845.86,172.44,157.97,0.6408,-1,-1,-1
286,1369,579.01,605.64,127.55,174.24,0.9116,-1,-1,-1
286,1351,945.52,206.93,67.43,141.28,0.8066,-1,-1,-1
286,1400,590.94,376.24,53.71,135.88,0.6683,-1,-1,-1
286,1363,1209.37,45.93,43.11,65.93,0.8065,-1,-1,-1
286,1403,474.97,564.22,115.82,174.68,0.8385,-1,-1,-1
286,1398,397.37,687.28,167.40,215.23,0.9105,-1,-1,-1
286,1406,788.50,415.29,80.19,155.16,0.8180,-1,-1,-1
286,1374,649.60,470.60,111.00,214.23,0.7273,-1,-1,-1
286,1405,1113.73,96.47,46.34,76.97,0.8640,-1,-1,-1
286,1414,221.43,794.22,178.12,233.59,0.9181,-1,-1,-1
286,1362,1153.86,62.71,41.81,69.31,0.7957,-1,-1,-1
286,1424,105.37,736.47,149.22,251.85,0.7668,-1,-1,-1
286,1373,1342.79,-0.00,24.77,13.60,0.3086,-1,-1,-1
286,1357,705.61,389.02,81.27,151.82,0.7990,-1,-1,-1
286,1435,117.15,731.77,140.23,149.14,0.5063,-1,-1,-1
286,1438,76.29,966.69,88.72,112.31,0.4966,-1,-1,-1
286,1433,889.07,241.84,58.00,112.91,0.6977,-1,-1,-1
286,1383,633.20,382.78,78.01,156.47,0.7008,-1,-1,-1
286,1442,4.66,810.79,50.40,268.72,0.3631,-1,-1,-1
286,1439,650.14,462.27,82.26,144.78,0.6696,-1,-1,-1
286,1421,884.09,258.83,60.44,116.19,0.7734,-1,-1,-1
287,1345,685.40,317.69,70.64,127.47,0.7919,-1,-1,-1
287,1346,686.67,866.27,170.37,168.68,0.9282,-1,-1,-1
287,1348,1009.86,115.98,47.74,81.56,0.8178,-1,-1,-1
287,1349,628.50,69.83,50.26,74.47,0.8234,-1,-1,-1
287,1352,761.23,292.90,68.61,110.97,0.8792,-1,-1,-1
287,1354,1056.21,133.54,51.90,94.64,0.8177,-1,-1,-1
287,1355,966.52,189.28,47.77,87.00,0.6602,-1,-1,-1
287,1359,1247.29,28.66,35.38,62.16,0.8105,-1,-1,-1
287,1360,828.55,339.80,77.23,115.26,0.8454,-1,-1,-1
287,1364,1537.65,51.27,33.46,35.10,0.5900,-1,-1,-1
287,1366,612.00,848.85,170.11,156.64,0.7616,-1,-1,-1
287,1369,579.18,603.98,127.86,176.16,0.8903,-1,-1,-1
287,1351,947.27,208.46,66.43,138.91,0.8252,-1,-1,-1
287,1363,1209.26,45.75,43.15,66.52,0.8221,-1,-1,-1
287,1403,479.11,564.32,115.77,175.00,0.8764,-1,-1,-1
287,1398,398.61,687.34,167.10,216.02,0.8892,-1,-1,-1
287,1406,789.58,412.91,78.83,153.34,0.7196,-1,-1,-1
287,1374,650.95,468.21,112.22,217.13,0.8106,-1,-1,-1
287,1405,1114.60,96.60,46.58,77.69,0.8682,-1,-1,-1
287,1414,224.60,792.47,176.75,233.66,0.9319,-1,-1,-1
287,1362,1154.72,62.73,41.57,69.00,0.7849,-1,-1,-1
287,1424,110.76,740.97,152.44,263.24,0.8454,-1,-1,-1
287,1373,1343.45,-0.00,24.28,13.18,0.2571,-1,-1,-1
287,1357,707.49,389.49,80.96,150.74,0.8202,-1,-1,-1
287,1435,116.60,728.56,144.38,156.08,0.8027,-1,-1,-1
287,1438,81.74,965.37,88.67,113.43,0.6025,-1,-1,-1
287,1433,893.47,240.72,55.26,106.86,0.6285,-1,-1,-1
287,1383,622.24,377.95,83.71,160.57,0.6824,-1,-1,-1
287,1442,7.57,832.08,47.15,247.14,0.5026,-1,-1,-1
287,1439,650.18,459.76,84.34,147.75,0.6884,-1,-1,-1
287,1421,883.58,255.18,62.71,119.98,0.7221,-1,-1,-1
288,1345,687.35,317.41,70.37,127.42,0.7518,-1,-1,-1
288,1346,685.59,865.59,173.04,172.10,0.9319,-1,-1,-1
288,1348,1010.83,115.87,47.58,81.72,0.8262,-1,-1,-1
288,1349,631.70,69.09,49.00,73.33,0.8483,-1,-1,-1
288,1352,763.02,292.20,69.33,111.98,0.8741,-1,-1,-1
288,1354,1057.30,133.94,51.79,94.43,0.8398,-1,-1,-1
288,1355,967.41,188.42,46.77,84.37,0.6373,-1,-1,-1
288,1359,1247.48,28.50,35.28,62.13,0.8017,-1,-1,-1
288,1360,830.84,341.33,75.67,112.89,0.8419,-1,-1,-1
288,1364,1536.70,50.26,34.58,36.22,0.6222,-1,-1,-1
288,1366,617.45,850.52,169.21,155.68,0.8330,-1,-1,-1
288,1369,581.04,603.85,126.54,175.29,0.9107,-1,-1,-1
288,1351,948.87,207.03,66.62,138.76,0.8824,-1,-1,-1
288,1363,1209.77,45.60,43.58,67.71,0.8439,-1,-1,-1
288,1403,482.18,564.17,116.15,175.94,0.8855,-1,-1,-1
288,1398,401.04,688.88,165.37,214.94,0.8900,-1,-1,-1
288,1406,792.28,409.91,73.41,142.82,0.7379,-1,-1,-1
288,1374,652.82,472.12,110.13,212.86,0.8340,-1,-1,-1
288,1405,1116.20,96.42,46.57,77.56,0.8741,-1,-1,-1
288,1414,228.49,791.80,174.97,232.74,0.9440,-1,-1,-1
288,1362,1155.64,62.28,41.93,69.77,0.7758,-1,-1,-1
288,1424,114.84,735.21,154.84,273.68,0.8811,-1,-1,-1
288,1373,1344.04,-0.00,24.81,13.26,0.2623,-1,-1,-1
288,1357,706.63,384.29,83.57,155.09,0.8180,-1,-1,-1
288,1435,122.17,724.60,141.77,155.55,0.8360,-1,-1,-1
288,1438,86.72,966.98,86.98,111.91,0.6444,-1,-1,-1
288,1383,609.36,376.34,84.37,162.40,0.6459,-1,-1,-1
288,1442,11.64,859.24,43.40,219.96,0.5009,-1,-1,-1
288,1439,651.48,456.91,86.14,150.26,0.6543,-1,-1,-1
288,1421,884.45,248.64,65.97,125.79,0.7700,-1,-1,-1
289,1345,687.06,317.89,69.43,126.96,0.7720,-1,-1,-1
289,1346,682.64,864.18,176.26,176.15,0.9435,-1,-1,-1
289,1348,1012.77,114.75,47.96,83.14,0.8433,-1,-1,-1
289,1349,634.21,68.06,48.60,73.74,0.8535,-1,-1,-1
289,1352,765.41,292.06,68.13,109.98,0.8967,-1,-1,-1
289,1354,1057.52,133.87,51.97,94.96,0.8397,-1,-1,-1
289,1355,966.23,188.39,46.85,83.30,0.7107,-1,-1,-1
289,1359,1247.82,27.87,35.56,62.72,0.7909,-1,-1,-1
289,1360,830.33,338.83,77.36,115.20,0.8423,-1,-1,-1
289,1364,1536.71,49.71,35.42,37.08,0.6565,-1,-1,-1
289,1366,616.37,849.93,170.07,157.69,0.6849,-1,-1,-1
289,1369,582.53,604.10,126.17,175.43,0.8974,-1,-1,-1
289,1351,951.10,206.80,66.60,137.92,0.8851,-1,-1,-1
289,1363,1210.89,45.07,43.42,67.82,0.8470,-1,-1,-1
289,1403,485.76,564.21,115.81,175.69,0.9004,-1,-1,-1
289,1398,402.17,687.04,165.45,216.03,0.9270,-1,-1,-1
289,1406,793.37,410.66,77.10,150.52,0.7967,-1,-1,-1
289,1374,653.62,467.99,112.04,217.13,0.6810,-1,-1,-1
289,1405,1117.07,94.47,47.71,79.41,0.8396,-1,-1,-1
289,1414,231.63,791.73,173.74,232.51,0.9292,-1,-1,-1
289,1362,1156.59,62.56,41.77,69.41,0.7632,-1,-1,-1
289,1424,125.92,738.45,148.46,269.58,0.8957,-1,-1,-1
289,1373,1344.36,-0.00,24.83,13.01,0.1338,-1,-1,-1
289,1357,707.43,384.05,83.46,154.80,0.8558,-1,-1,-1
289,1435,118.41,719.71,156.02,176.03,0.8199,-1,-1,-1
289,1438,91.34,966.62,86.47,112.09,0.5120,-1,-1,-1
289,1383,613.35,375.55,84.63,158.70,0.6548,-1,-1,-1
289,1442,13.55,874.17,42.12,204.92,0.5426,-1,-1,-1
289,1439,653.80,457.41,84.12,146.08,0.4480,-1,-1,-1
289,1421,886.55,251.38,64.59,121.87,0.7439,-1,-1,-1
289,1433,898.80,238.15,54.70,104.39,0.4537,-1,-1,-1
290,1345,689.07,317.78,69.16,127.22,0.6686,-1,-1,-1
290,1346,677.42,855.17,184.72,186.54,0.9463,-1,-1,-1
290,1348,1013.69,114.95,47.30,82.33,0.8563,-1,-1,-1
290,1349,635.41,66.45,48.77,75.19,0.8473,-1,-1,-1
290,1352,767.37,291.51,67.69,109.25,0.8871,-1,-1,-1
290,1354,1057.27,132.61,52.38,96.04,0.8475,-1,-1,-1
290,1355,966.58,188.34,46.68,82.09,0.6747,-1,-1,-1
290,1359,1248.27,27.91,35.39,62.33,0.7931,-1,-1,-1
290,1360,831.00,339.14,77.04,114.70,0.8293,-1,-1,-1
290,1364,1536.53,48.50,36.40,38.28,0.6446,-1,-1,-1
290,1366,616.32,848.20,171.55,160.11,0.6938,-1,-1,-1
290,1369,583.10,604.00,125.87,175.64,0.8999,-1,-1,-1
290,1351,952.89,206.05,66.90,137.12,0.8899,-1,-1,-1
290,1363,1211.46,44.89,42.65,66.86,0.8375,-1,-1,-1
290,1403,487.84,563.82,115.61,176.10,0.8998,-1,-1,-1
290,1398,402.53,685.59,165.05,216.55,0.9245,-1,-1,-1
290,1406,793.66,406.03,80.13,157.38,0.8625,-1,-1,-1
290,1374,656.24,468.48,111.21,216.10,0.6117,-1,-1,-1
290,1405,1117.87,95.07,47.36,78.66,0.8245,-1,-1,-1
290,1414,234.38,792.12,172.10,231.91,0.9273,-1,-1,-1
290,1362,1156.80,62.32,41.66,69.01,0.7705,-1,-1,-1
290,1424,134.17,743.60,141.09,262.81,0.8755,-1,-1,-1
290,1373,1344.31,-0.00,25.70,13.22,0.1666,-1,-1,-1
290,1357,703.71,376.45,88.68,163.27,0.7951,-1,-1,-1
290,1435,121.53,717.76,155.81,180.60,0.8267,-1,-1,-1
290,1438,94.07,967.65,85.84,111.89,0.4368,-1,-1,-1
290,1383,611.87,374.40,84.77,157.70,0.7201,-1,-1,-1
290,1442,14.03,870.16,44.69,208.82,0.4541,-1,-1,-1
290,1439,653.56,458.86,87.24,151.24,0.5257,-1,-1,-1
290,1421,887.21,249.82,65.45,123.07,0.7671,-1,-1,-1
290,1433,899.88,236.77,55.49,104.57,0.4342,-1,-1,-1
291,1345,691.90,317.21,69.15,127.11,0.8019,-1,-1,-1
291,1346,678.20,857.91,182.27,185.03,0.9380,-1,-1,-1
291,1348,1014.49,113.16,47.29,82.68,0.8613,-1,-1,-1
291,1349,637.45,66.08,47.55,74.00,0.8485,-1,-1,-1
291,1352,768.36,290.51,67.84,109.91,0.9088,-1,-1,-1
291,1354,1057.26,131.90,52.66,96.98,0.8501,-1,-1,-1
291,1355,970.22,189.09,46.08,80.97,0.8124,-1,-1,-1
291,1359,1248.57,27.46,35.46,62.52,0.7904,-1,-1,-1
291,1360,833.33,338.69,76.43,114.00,0.8466,-1,-1,-1
291,1364,1537.08,48.72,35.89,37.86,0.6089,-1,-1,-1
291,1366,623.50,849.59,172.16,159.37,0.5647,-1,-1,-1
291,1369,584.60,604.16,126.21,176.88,0.8818,-1,-1,-1
291,1351,954.51,206.18,67.26,136.08,0.8907,-1,-1,-1
291,1363,1212.28,44.20,42.66,67.00,0.8284,-1,-1,-1
291,1403,491.37,563.45,114.51,174.70,0.9047,-1,-1,-1
291,1398,404.64,685.00,164.56,216.36,0.9335,-1,-1,-1
291,1406,795.82,405.55,79.65,157.12,0.8087,-1,-1,-1
291,1374,660.91,463.53,111.67,219.87,0.5510,-1,-1,-1
291,1405,1119.75,95.80,47.17,78.06,0.8049,-1,-1,-1
291,1414,237.31,790.52,171.39,232.46,0.7831,-1,-1,-1
291,1362,1158.10,63.05,41.24,68.20,0.7612,-1,-1,-1
291,1424,139.54,746.84,135.10,257.08,0.7434,-1,-1,-1
291,1373,1344.53,-0.00,25.93,13.06,0.1460,-1,-1,-1
291,1357,709.65,387.04,82.71,151.56,0.8767,-1,-1,-1
291,1435,130.62,714.65,147.13,174.57,0.8310,-1,-1,-1
291,1438,97.13,968.62,84.98,111.24,0.4341,-1,-1,-1
291,1383,613.01,373.21,84.53,156.87,0.7456,-1,-1,-1
291,1442,15.77,884.62,43.92,194.08,0.5977,-1,-1,-1
291,1439,652.29,460.94,91.12,157.52,0.6318,-1,-1,-1
291,1421,889.51,252.20,64.59,120.39,0.7879,-1,-1,-1
291,1433,900.22,238.67,56.32,104.98,0.4815,-1,-1,-1
292,1345,694.22,317.39,69.42,127.84,0.7531,-1,-1,-1
292,1346,680.65,861.42,178.68,182.23,0.9336,-1,-1,-1
292,1348,1015.87,113.65,46.49,81.40,0.8696,-1,-1,-1
292,1349,639.05,65.56,47.32,74.41,0.8465,-1,-1,-1
292,1352,769.56,290.30,67.79,110.04,0.9167,-1,-1,-1
292,1354,1057.14,132.00,52.59,97.14,0.8525,-1,-1,-1
292,1355,972.21,189.34,45.61,80.37,0.8047,-1,-1,-1
292,1359,1248.46,26.53,35.89,63.40,0.7997,-1,-1,-1
292,1360,833.82,338.78,76.09,113.44,0.8624,-1,-1,-1
292,1364,1537.34,48.88,35.63,37.65,0.6050,-1,-1,-1
292,1366,631.87,851.85,172.75,156.94,0.7272,-1,-1,-1
292,1369,585.71,604.74,125.90,177.24,0.8900,-1,-1,-1
292,1351,955.03,204.42,68.42,137.25,0.8927,-1,-1,-1
292,1363,1212.77,44.38,42.35,66.56,0.8337,-1,-1,-1
292,1403,493.97,563.43,113.58,173.42,0.9042,-1,-1,-1
292,1398,405.15,683.21,165.76,218.83,0.9284,-1,-1,-1
292,1406,797.40,402.87,79.66,157.75,0.8188,-1,-1,-1
292,1374,666.27,468.23,107.75,214.33,0.6481,-1,-1,-1
292,1405,1120.35,94.98,47.45,78.44,0.7906,-1,-1,-1
292,1414,211.21,791.26,176.09,230.12,0.7389,-1,-1,-1
292,1362,1158.76,62.86,41.20,68.22,0.7887,-1,-1,-1
292,1424,151.34,743.19,118.76,227.48,0.3355,-1,-1,-1
292,1373,1344.42,-0.00,26.12,12.90,0.1444,-1,-1,-1
292,1357,713.49,391.71,79.72,145.38,0.8494,-1,-1,-1
292,1435,139.24,712.00,139.04,168.59,0.7495,-1,-1,-1
292,1438,99.07,970.02,83.22,109.37,0.6725,-1,-1,-1
292,1383,614.12,372.43,84.82,157.53,0.7105,-1,-1,-1
292,1442,17.75,907.92,41.50,170.43,0.5953,-1,-1,-1
292,1439,653.97,459.42,89.87,154.41,0.6924,-1,-1,-1
292,1421,891.29,258.28,61.88,113.72,0.7235,-1,-1,-1
292,1433,900.06,240.57,57.50,105.85,0.5598,-1,-1,-1
293,1345,694.28,318.43,68.83,128.33,0.8144,-1,-1,-1
293,1346,678.20,857.25,182.13,187.31,0.9252,-1,-1,-1
293,1348,1017.52,113.11,45.82,80.22,0.8671,-1,-1,-1
293,1349,640.17,64.01,47.45,75.83,0.8221,-1,-1,-1
293,1352,771.81,289.43,68.04,111.21,0.9028,-1,-1,-1
293,1354,1057.41,131.73,51.32,95.23,0.8288,-1,-1,-1
293,1355,974.14,188.90,45.31,80.44,0.8711,-1,-1,-1
293,1359,1248.57,25.68,36.27,64.27,0.7885,-1,-1,-1
293,1360,835.66,338.57,75.63,112.96,0.8594,-1,-1,-1
293,1364,1537.77,48.90,35.32,37.53,0.6255,-1,-1,-1
293,1366,631.71,851.76,176.44,158.63,0.6988,-1,-1,-1
293,1369,588.80,606.89,124.54,175.46,0.8860,-1,-1,-1
293,1351,957.02,207.31,66.03,130.18,0.7979,-1,-1,-1
293,1363,1212.72,45.03,41.88,65.77,0.8447,-1,-1,-1
293,1403,496.56,562.82,112.76,172.89,0.9088,-1,-1,-1
293,1398,406.18,682.24,164.96,218.78,0.8568,-1,-1,-1
293,1406,801.39,402.46,78.69,156.60,0.8590,-1,-1,-1
293,1374,668.44,465.31,106.94,214.89,0.7092,-1,-1,-1
293,1405,1122.33,94.45,47.13,78.33,0.7530,-1,-1,-1
293,1414,228.52,787.94,176.47,232.51,0.9212,-1,-1,-1
293,1362,1159.55,62.16,40.96,67.72,0.8017,-1,-1,-1
293,1424,145.29,722.54,135.30,266.91,0.8422,-1,-1,-1
293,1357,714.15,389.96,80.86,146.84,0.8394,-1,-1,-1
293,1435,146.00,708.94,137.08,169.95,0.6185,-1,-1,-1
293,1438,100.76,970.50,82.27,108.53,0.4726,-1,-1,-1
293,1383,614.81,370.70,84.95,159.08,0.6495,-1,-1,-1
293,1439,657.28,456.68,90.07,154.03,0.4769,-1,-1,-1
293,1421,892.05,257.21,62.63,114.14,0.7201,-1,-1,-1
293,1433,906.72,240.15,55.23,101.43,0.5581,-1,-1,-1
293,1361,940.84,204.36,66.43,110.86,0.5790,-1,-1,-1
294,1345,696.64,318.40,68.11,127.27,0.8727,-1,-1,-1
294,1346,678.38,859.11,180.78,186.95,0.9182,-1,-1,-1
294,1348,1018.48,112.03,45.90,80.44,0.8746,-1,-1,-1
294,1349,641.71,63.23,46.87,76.08,0.8232,-1,-1,-1
294,1352,772.84,289.17,67.95,111.73,0.9004,-1,-1,-1
294,1354,1057.54,131.64,51.48,95.65,0.8352,-1,-1,-1
294,1355,975.11,189.02,45.09,80.37,0.8326,-1,-1,-1
294,1359,1248.92,25.20,36.34,64.70,0.7907,-1,-1,-1
294,1360,836.73,337.81,75.91,113.75,0.8542,-1,-1,-1
294,1364,1537.97,48.50,35.21,37.56,0.6292,-1,-1,-1
294,1366,635.90,853.65,177.92,156.77,0.7101,-1,-1,-1
294,1369,588.96,606.46,124.92,176.78,0.8949,-1,-1,-1
294,1351,958.53,205.04,68.78,134.10,0.8022,-1,-1,-1
294,1363,1212.50,45.26,41.91,65.87,0.8356,-1,-1,-1
294,1403,497.85,562.02,112.29,172.99,0.8829,-1,-1,-1
294,1398,406.55,679.61,163.78,218.51,0.8596,-1,-1,-1
294,1406,803.89,401.18,76.04,151.56,0.8373,-1,-1,-1
294,1374,669.18,461.31,99.06,198.15,0.6049,-1,-1,-1
294,1405,1123.30,93.14,47.08,78.57,0.7192,-1,-1,-1
294,1414,234.95,782.16,178.83,237.63,0.9218,-1,-1,-1
294,1362,1160.35,61.64,41.19,67.90,0.8029,-1,-1,-1
294,1424,154.00,716.88,124.80,249.28,0.7007,-1,-1,-1
294,1357,716.65,394.09,79.05,142.94,0.8540,-1,-1,-1
294,1438,102.78,971.42,80.90,106.92,0.3570,-1,-1,-1
294,1383,618.04,369.03,84.10,157.64,0.6040,-1,-1,-1
294,1421,893.55,257.46,62.90,113.61,0.6919,-1,-1,-1
294,1433,907.92,242.63,54.52,98.79,0.4903,-1,-1,-1
294,1443,164.15,706.65,240.67,190.17,0.4365,-1,-1,-1
294,1361,942.68,204.17,59.72,104.22,0.4555,-1,-1,-1
295,1345,697.96,318.35,67.83,126.74,0.8967,-1,-1,-1
295,1346,684.67,868.71,171.54,177.65,0.9328,-1,-1,-1
295,1348,1019.66,111.51,45.24,79.53,0.8492,-1,-1,-1
295,1349,643.06,62.33,46.80,77.14,0.8244,-1,-1,-1
295,1352,774.38,288.99,68.49,113.30,0.8977,-1,-1,-1
295,1354,1057.02,131.18,51.26,95.43,0.8246,-1,-1,-1
295,1355,974.57,189.68,47.13,83.58,0.3565,-1,-1,-1
295,1359,1248.95,25.59,36.22,64.59,0.7730,-1,-1,-1
295,1360,837.66,337.22,76.59,114.63,0.8777,-1,-1,-1
295,1364,1538.32,48.11,35.17,37.63,0.6157,-1,-1,-1
295,1366,636.37,855.97,179.54,155.26,0.7591,-1,-1,-1
295,1369,589.92,606.93,124.36,176.93,0.9082,-1,-1,-1
295,1351,959.42,200.85,70.13,135.14,0.7614,-1,-1,-1
295,1363,1213.46,44.77,41.92,66.02,0.8211,-1,-1,-1
295,1403,500.17,561.10,111.24,172.76,0.8975,-1,-1,-1
295,1398,406.17,677.61,166.36,223.45,0.9164,-1,-1,-1
295,1406,805.67,398.99,76.74,154.28,0.8576,-1,-1,-1
295,1374,674.14,468.33,101.69,204.52,0.7193,-1,-1,-1
295,1405,1125.33,93.16,46.87,78.88,0.7069,-1,-1,-1
295,1414,240.73,786.84,174.24,231.89,0.9359,-1,-1,-1
295,1362,1161.26,61.21,41.55,68.55,0.7956,-1,-1,-1
295,1424,162.05,706.53,119.06,240.06,0.6636,-1,-1,-1
295,1357,720.74,399.13,76.12,136.87,0.8700,-1,-1,-1
295,1438,103.96,971.92,80.29,106.16,0.4062,-1,-1,-1
295,1383,622.22,367.46,81.98,153.13,0.6712,-1,-1,-1
295,1421,895.83,247.87,68.83,123.48,0.8781,-1,-1,-1
295,1443,135.74,701.80,294.25,233.85,0.2263,-1,-1,-1
295,1361,946.69,199.28,61.37,110.87,0.1396,-1,-1,-1
295,1439,660.26,458.09,88.66,150.11,0.5772,-1,-1,-1
296,1345,698.81,317.95,67.63,126.70,0.9012,-1,-1,-1
296,1346,686.89,871.94,168.64,174.86,0.9231,-1,-1,-1
296,1348,1021.40,111.96,44.75,78.60,0.8456,-1,-1,-1
296,1349,644.96,61.51,46.97,78.38,0.8283,-1,-1,-1
296,1352,778.06,288.98,67.54,111.85,0.8997,-1,-1,-1
296,1354,1057.43,131.42,51.01,95.25,0.8259,-1,-1,-1
296,1355,974.55,189.34,57.45,103.62,0.2679,-1,-1,-1
296,1359,1249.69,24.71,36.60,65.34,0.7668,-1,-1,-1
296,1360,838.30,336.79,76.78,115.12,0.8668,-1,-1,-1
296,1364,1538.79,48.12,34.63,37.09,0.5766,-1,-1,-1
296,1366,635.70,858.00,181.25,154.25,0.7374,-1,-1,-1
296,1369,592.37,608.14,123.21,175.63,0.9252,-1,-1,-1
296,1351,961.14,195.26,72.82,139.89,0.6736,-1,-1,-1
296,1363,1214.03,44.37,42.09,66.31,0.8163,-1,-1,-1
296,1403,501.42,559.15,111.27,174.43,0.8999,-1,-1,-1
296,1398,406.65,675.80,167.68,226.99,0.9187,-1,-1,-1
296,1406,807.39,398.30,76.05,153.93,0.8114,-1,-1,-1
296,1374,678.44,477.27,99.04,199.07,0.8020,-1,-1,-1
296,1405,1127.57,94.01,46.11,78.28,0.6905,-1,-1,-1
296,1414,245.13,789.06,171.06,227.70,0.9341,-1,-1,-1
296,1362,1161.76,60.95,41.73,68.97,0.8224,-1,-1,-1
296,1424,170.72,713.40,114.38,232.83,0.6533,-1,-1,-1
296,1357,722.59,401.83,75.24,134.11,0.8460,-1,-1,-1
296,1438,105.44,973.56,79.27,104.46,0.3576,-1,-1,-1
296,1383,623.94,365.78,80.51,150.40,0.6842,-1,-1,-1
296,1421,895.97,244.19,71.12,127.11,0.8039,-1,-1,-1
296,1443,132.25,698.36,301.16,241.37,0.2124,-1,-1,-1
296,1361,947.65,198.58,56.66,106.36,0.2988,-1,-1,-1
296,1439,662.18,457.70,88.26,147.98,0.6519,-1,-1,-1
296,1435,163.02,699.82,131.57,166.75,0.7844,-1,-1,-1
297,1345,701.36,317.62,67.67,126.87,0.8879,-1,-1,-1
297,1346,686.40,872.61,168.51,174.81,0.9136,-1,-1,-1
297,1348,1022.92,111.21,44.72,78.85,0.8226,-1,-1,-1
297,1349,645.82,60.20,47.50,80.42,0.8444,-1,-1,-1
297,1352,780.50,289.60,67.06,110.97,0.8855,-1,-1,-1
297,1354,1057.99,131.87,50.47,94.45,0.8147,-1,-1,-1
297,1359,1250.43,23.97,36.84,65.98,0.7604,-1,-1,-1
297,1360,841.13,336.24,76.59,115.26,0.7822,-1,-1,-1
297,1364,1538.58,47.46,34.75,37.36,0.5802,-1,-1,-1
297,1366,634.17,856.53,186.31,156.61,0.7215,-1,-1,-1
297,1369,593.41,608.40,123.01,175.48,0.9234,-1,-1,-1
297,1351,962.19,193.05,73.96,141.46,0.7711,-1,-1,-1
297,1363,1214.43,44.33,42.00,66.08,0.8183,-1,-1,-1
297,1403,503.35,558.08,110.62,175.27,0.8968,-1,-1,-1
297,1398,407.27,674.23,167.93,229.34,0.9202,-1,-1,-1
297,1406,807.70,394.77,76.94,157.07,0.8456,-1,-1,-1
297,1374,684.99,489.64,93.82,187.16,0.7818,-1,-1,-1
297,1405,1128.92,93.88,45.56,78.03,0.7298,-1,-1,-1
297,1414,247.48,789.32,168.96,224.63,0.9519,-1,-1,-1
297,1362,1162.21,60.31,41.75,69.25,0.8316,-1,-1,-1
297,1424,177.49,711.30,112.29,231.79,0.6855,-1,-1,-1
297,1357,726.37,405.52,73.74,131.14,0.8579,-1,-1,-1
297,1438,106.77,974.62,79.13,103.63,0.4636,-1,-1,-1
297,1383,624.35,364.12,81.62,154.09,0.8127,-1,-1,-1
297,1421,897.06,244.70,70.88,126.41,0.8243,-1,-1,-1
297,1361,951.94,194.04,58.42,111.61,0.1369,-1,-1,-1
297,1439,662.23,456.50,88.13,146.41,0.6630,-1,-1,-1
297,1435,170.26,695.13,129.49,167.32,0.8205,-1,-1,-1
298,1345,703.57,317.52,67.73,126.52,0.8689,-1,-1,-1
298,1346,686.11,872.34,168.88,175.29,0.9329,-1,-1,-1
298,1348,1023.92,111.32,44.32,77.90,0.8166,-1,-1,-1
298,1349,647.00,59.66,47.07,80.93,0.8429,-1,-1,-1
298,1352,784.51,290.42,66.70,109.75,0.8694,-1,-1,-1
298,1354,1058.40,133.81,49.95,93.10,0.8080,-1,-1,-1
298,1359,1251.80,23.58,37.01,66.36,0.7792,-1,-1,-1
298,1360,842.24,336.76,76.78,115.85,0.7954,-1,-1,-1
298,1364,1538.39,46.77,35.16,37.94,0.6031,-1,-1,-1
298,1366,632.43,856.12,190.71,158.62,0.6108,-1,-1,-1
298,1369,593.70,606.23,124.53,178.04,0.9178,-1,-1,-1
298,1351,962.65,190.81,75.12,142.95,0.7908,-1,-1,-1
298,1363,1214.94,44.41,42.04,65.93,0.8258,-1,-1,-1
298,1403,505.71,557.66,109.60,175.42,0.8949,-1,-1,-1
298,1398,408.60,672.82,167.20,230.11,0.9174,-1,-1,-1
298,1406,809.21,394.40,75.52,155.01,0.7844,-1,-1,-1
298,1374,689.73,502.07,89.22,175.68,0.8254,-1,-1,-1
298,1405,1129.34,92.17,45.83,79.18,0.6958,-1,-1,-1
298,1414,249.19,789.38,167.99,223.02,0.9477,-1,-1,-1
298,1362,1162.92,60.59,41.29,68.61,0.8094,-1,-1,-1
298,1424,183.14,721.50,115.27,243.51,0.7612,-1,-1,-1
298,1357,727.88,407.44,72.97,129.22,0.8441,-1,-1,-1
298,1383,627.84,362.53,83.42,157.55,0.8075,-1,-1,-1
298,1421,900.52,243.96,70.79,124.97,0.8131,-1,-1,-1
298,1361,952.35,192.11,55.96,109.90,0.1771,-1,-1,-1
298,1439,660.92,452.85,90.21,149.00,0.6883,-1,-1,-1
298,1435,175.01,691.57,131.02,172.54,0.8254,-1,-1,-1
298,1440,14.01,776.59,162.16,303.33,0.5050,-1,-1,-1
299,1345,707.22,317.45,68.02,126.16,0.8280,-1,-1,-1
299,1346,686.60,875.28,167.79,174.13,0.9220,-1,-1,-1
299,1348,1025.58,110.88,44.03,77.70,0.8171,-1,-1,-1
299,1349,650.77,59.79,44.84,77.67,0.8126,-1,-1,-1
299,1352,785.87,290.04,65.92,108.29,0.8745,-1,-1,-1
299,1354,1057.69,132.83,50.81,94.66,0.8058,-1,-1,-1
299,1359,1253.17,23.99,36.73,65.85,0.7712,-1,-1,-1
299,1360,846.13,337.60,73.14,110.64,0.8055,-1,-1,-1
299,1364,1538.49,46.46,34.97,37.83,0.6209,-1,-1,-1
299,1366,627.32,856.59,194.43,161.34,0.7635,-1,-1,-1
299,1369,594.22,605.47,124.70,178.64,0.9123,-1,-1,-1
299,1351,964.03,188.32,75.59,143.04,0.8546,-1,-1,-1
299,1363,1216.13,44.23,42.26,65.95,0.8192,-1,-1,-1
299,1403,509.41,557.03,107.83,174.55,0.8848,-1,-1,-1
299,1398,411.74,671.02,167.14,232.13,0.9078,-1,-1,-1
299,1406,810.51,391.48,76.15,157.54,0.7611,-1,-1,-1
299,1374,691.34,501.12,89.88,175.48,0.7944,-1,-1,-1
299,1405,1131.37,91.10,45.78,79.52,0.7439,-1,-1,-1
299,1414,239.35,755.09,190.04,255.55,0.9233,-1,-1,-1
299,1362,1164.66,59.82,41.55,69.05,0.8356,-1,-1,-1
299,1424,191.51,736.83,109.27,234.64,0.7511,-1,-1,-1
299,1357,730.30,405.58,73.15,129.35,0.8733,-1,-1,-1
299,1383,632.37,362.13,81.98,154.32,0.7699,-1,-1,-1
299,1421,901.05,243.60,70.81,125.40,0.8085,-1,-1,-1
299,1439,659.81,448.13,93.87,153.78,0.6555,-1,-1,-1
299,1435,182.70,688.21,136.84,182.88,0.6435,-1,-1,-1
299,1440,11.42,772.52,167.56,307.44,0.3704,-1,-1,-1
300,1345,705.85,316.40,68.02,126.96,0.8717,-1,-1,-1
300,1346,682.92,871.64,171.49,177.92,0.9283,-1,-1,-1
300,1348,1027.08,111.18,43.08,75.97,0.8058,-1,-1,-1
300,1349,652.27,60.13,43.69,75.94,0.8415,-1,-1,-1
300,1352,787.26,289.81,65.65,107.46,0.8972,-1,-1,-1
300,1354,1057.24,133.42,50.72,93.87,0.7936,-1,-1,-1
300,1359,1253.52,23.57,37.01,66.40,0.7736,-1,-1,-1
300,1360,846.80,337.66,73.15,110.86,0.8076,-1,-1,-1
300,1364,1538.84,46.82,34.29,37.01,0.6274,-1,-1,-1
300,1366,625.63,857.08,195.44,161.37,0.7591,-1,-1,-1
300,1369,593.46,602.83,126.11,181.48,0.9133,-1,-1,-1
300,1351,965.62,186.81,75.63,141.75,0.8232,-1,-1,-1
300,1363,1216.68,44.06,42.23,65.76,0.8137,-1,-1,-1
300,1403,512.36,557.01,106.51,173.99,0.8813,-1,-1,-1
300,1398,413.71,669.53,166.15,232.64,0.9085,-1,-1,-1
300,1406,811.86,389.41,74.92,155.67,0.7412,-1,-1,-1
300,1374,691.79,497.24,92.48,179.26,0.8534,-1,-1,-1
300,1405,1132.51,89.96,45.78,79.78,0.7504,-1,-1,-1
300,1414,231.63,746.12,195.20,262.33,0.9017,-1,-1,-1
300,1362,1165.06,59.69,41.60,68.91,0.8145,-1,-1,-1
300,1424,197.70,747.11,104.12,226.57,0.6462,-1,-1,-1
300,1357,732.09,406.31,73.26,128.78,0.8673,-1,-1,-1
300,1383,637.29,361.32,79.89,149.25,0.7773,-1,-1,-1
300,1421,904.58,240.80,71.38,126.19,0.8108,-1,-1,-1
300,1439,658.10,442.29,98.07,160.07,0.6180,-1,-1,-1
300,1435,186.34,686.47,135.07,183.86,0.7955,-1,-1,-1
300,1440,11.98,783.28,165.50,296.57,0.3227,-1,-1,-1
301,1345,708.24,316.95,67.40,125.46,0.8618,-1,-1,-1
301,1346,679.59,868.70,174.98,181.59,0.9133,-1,-1,-1
301,1348,1028.21,109.86,42.17,74.38,0.8303,-1,-1,-1
301,1349,654.25,59.14,43.22,75.65,0.8246,-1,-1,-1
301,1352,789.28,288.63,66.93,109.41,0.9047,-1,-1,-1
301,1354,1056.97,132.51,51.34,94.90,0.8323,-1,-1,-1
301,1359,1253.74,22.99,37.17,66.70,0.7876,-1,-1,-1
301,1360,849.26,338.48,71.45,108.07,0.8497,-1,-1,-1
301,1364,1538.78,46.84,34.25,36.94,0.6332,-1,-1,-1
301,1366,621.80,856.86,197.44,163.37,0.7367,-1,-1,-1
301,1369,593.77,601.55,125.98,181.71,0.9146,-1,-1,-1
301,1351,967.17,186.33,69.91,129.40,0.6235,-1,-1,-1
301,1363,1217.00,43.07,43.58,68.27,0.7880,-1,-1,-1
301,1403,514.66,556.61,105.37,173.65,0.8760,-1,-1,-1
301,1398,414.67,668.39,165.27,233.59,0.9112,-1,-1,-1
301,1406,812.12,387.34,74.10,154.16,0.8451,-1,-1,-1
301,1374,690.88,491.13,95.18,184.10,0.8480,-1,-1,-1
301,1405,1133.45,89.66,45.26,79.53,0.7448,-1,-1,-1
301,1414,223.25,724.65,208.40,282.15,0.8578,-1,-1,-1
301,1362,1165.60,58.81,42.31,70.09,0.7894,-1,-1,-1
301,1424,202.60,748.95,101.75,226.39,0.1698,-1,-1,-1
301,1357,733.40,403.81,75.17,131.79,0.8702,-1,-1,-1
301,1383,640.57,360.21,80.25,149.14,0.7934,-1,-1,-1
301,1421,905.71,239.80,71.23,125.88,0.8390,-1,-1,-1
301,1439,660.31,442.38,98.45,159.46,0.5958,-1,-1,-1
301,1435,200.17,683.67,130.00,176.78,0.8170,-1,-1,-1
301,1440,10.72,780.10,170.01,299.84,0.4729,-1,-1,-1
301,1355,978.17,205.92,67.70,121.79,0.5053,-1,-1,-1
302,1345,709.10,317.31,67.37,125.03,0.8154,-1,-1,-1
302,1346,679.35,871.37,174.00,180.15,0.9253,-1,-1,-1
302,1348,1029.72,108.82,41.83,73.88,0.8261,-1,-1,-1
302,1349,655.95,58.05,42.98,75.97,0.8449,-1,-1,-1
302,1352,790.29,288.31,66.34,108.63,0.9098,-1,-1,-1
302,1354,1057.33,131.99,51.59,95.19,0.8309,-1,-1,-1
302,1359,1254.30,24.24,36.67,65.61,0.7698,-1,-1,-1
302,1360,849.98,337.70,72.07,109.05,0.8705,-1,-1,-1
302,1364,1539.66,47.14,33.75,36.20,0.6293,-1,-1,-1
302,1366,625.43,862.41,193.11,158.53,0.7748,-1,-1,-1
302,1369,594.07,600.13,126.41,182.69,0.9205,-1,-1,-1
302,1351,968.80,185.51,72.20,132.41,0.2649,-1,-1,-1
302,1363,1216.89,42.27,44.14,69.18,0.7845,-1,-1,-1
302,1403,516.55,556.75,104.44,174.15,0.8949,-1,-1,-1
302,1398,416.78,668.34,163.64,232.83,0.9066,-1,-1,-1
302,1406,812.48,385.56,74.19,155.12,0.8239,-1,-1,-1
302,1374,692.63,496.26,92.81,177.93,0.8780,-1,-1,-1
302,1405,1134.41,89.85,44.98,79.62,0.7645,-1,-1,-1
302,1414,218.80,716.49,212.62,288.64,0.8837,-1,-1,-1
302,1362,1166.40,58.57,42.67,70.79,0.7822,-1,-1,-1
302,1357,735.58,404.96,74.96,131.43,0.8798,-1,-1,-1
302,1383,641.19,359.91,80.28,149.29,0.7760,-1,-1,-1
302,1421,905.42,238.58,71.95,127.27,0.7904,-1,-1,-1
302,1439,647.62,436.26,98.60,165.11,0.6680,-1,-1,-1
302,1435,209.20,680.96,124.05,167.54,0.8012,-1,-1,-1
302,1440,8.93,775.07,174.79,304.89,0.5895,-1,-1,-1
302,1355,988.73,216.16,61.65,112.37,0.6195,-1,-1,-1
302,1361,960.36,188.56,54.57,109.50,0.8101,-1,-1,-1
303,1345,709.75,318.29,66.26,123.16,0.8362,-1,-1,-1
303,1346,678.83,877.84,169.71,173.82,0.8871,-1,-1,-1
303,1348,1030.57,108.39,41.58,73.53,0.8237,-1,-1,-1
303,1349,658.05,57.15,43.28,77.11,0.8862,-1,-1,-1
303,1352,792.26,287.48,67.82,110.75,0.8719,-1,-1,-1
303,1354,1057.97,131.52,51.60,95.27,0.8543,-1,-1,-1
303,1359,1255.20,24.19,36.49,65.37,0.7758,-1,-1,-1
303,1360,849.64,337.70,73.23,110.01,0.8412,-1,-1,-1
303,1364,1539.81,47.14,33.68,36.06,0.6192,-1,-1,-1
303,1366,625.71,866.39,190.93,156.08,0.8100,-1,-1,-1
303,1369,594.44,600.12,126.25,182.69,0.9159,-1,-1,-1
303,1351,969.81,185.07,72.45,132.11,0.3586,-1,-1,-1
303,1363,1217.82,42.44,43.81,68.45,0.8058,-1,-1,-1
303,1403,519.87,556.93,102.82,173.31,0.8976,-1,-1,-1
303,1398,418.12,666.07,163.01,233.50,0.8930,-1,-1,-1
303,1406,810.83,379.91,76.27,159.65,0.8434,-1,-1,-1
303,1374,694.46,499.98,91.47,173.60,0.8917,-1,-1,-1
303,1405,1135.74,90.78,44.11,78.15,0.7847,-1,-1,-1
303,1414,225.40,701.75,217.91,301.48,0.7947,-1,-1,-1
303,1362,1167.67,59.66,42.13,69.74,0.8273,-1,-1,-1
303,1357,736.18,403.41,76.18,133.20,0.8466,-1,-1,-1
303,1383,643.15,359.87,80.79,149.69,0.8117,-1,-1,-1
303,1421,907.45,238.91,71.96,126.75,0.8168,-1,-1,-1
303,1439,648.78,444.30,90.57,156.29,0.6495,-1,-1,-1
303,1435,217.20,678.47,120.49,160.74,0.7746,-1,-1,-1
303,1440,19.01,816.82,158.30,263.16,0.6198,-1,-1,-1
303,1355,992.25,216.43,60.36,111.66,0.6679,-1,-1,-1
303,1361,962.68,187.84,54.20,110.92,0.8323,-1,-1,-1
304,1345,710.39,318.82,66.01,122.84,0.8224,-1,-1,-1
304,1346,678.52,877.95,171.10,174.23,0.9207,-1,-1,-1
304,1348,1031.29,107.79,41.83,74.12,0.8177,-1,-1,-1
304,1349,659.80,57.21,42.92,76.78,0.8916,-1,-1,-1
304,1352,793.36,287.20,67.81,110.80,0.8928,-1,-1,-1
304,1354,1058.77,130.96,51.41,94.98,0.8628,-1,-1,-1
304,1359,1255.30,23.33,36.63,65.99,0.7499,-1,-1,-1
304,1360,850.83,337.36,73.60,110.41,0.8969,-1,-1,-1
304,1364,1539.91,46.90,33.83,36.24,0.5572,-1,-1,-1
304,1366,625.35,865.73,193.25,157.34,0.8150,-1,-1,-1
304,1369,594.65,600.03,126.23,182.96,0.9169,-1,-1,-1
304,1363,1218.96,42.44,43.44,68.01,0.7994,-1,-1,-1
304,1403,521.56,555.42,102.51,174.96,0.9237,-1,-1,-1
304,1398,418.92,664.01,164.05,236.86,0.9088,-1,-1,-1
304,1406,813.68,380.18,75.69,159.71,0.8013,-1,-1,-1
304,1374,696.05,503.34,90.50,170.12,0.8604,-1,-1,-1
304,1405,1137.13,90.49,43.63,77.61,0.7498,-1,-1,-1
304,1414,226.65,711.29,209.85,289.74,0.8824,-1,-1,-1
304,1362,1168.33,59.31,42.52,70.50,0.8266,-1,-1,-1
304,1357,738.12,403.64,76.26,132.60,0.8475,-1,-1,-1
304,1383,646.98,358.54,78.83,144.58,0.7776,-1,-1,-1
304,1421,909.60,240.89,70.98,124.49,0.7965,-1,-1,-1
304,1439,650.51,448.30,85.72,151.98,0.7888,-1,-1,-1
304,1435,221.44,675.36,122.19,161.53,0.8738,-1,-1,-1
304,1440,35.00,889.90,127.69,190.06,0.7827,-1,-1,-1
304,1355,992.32,202.72,64.84,123.39,0.6996,-1,-1,-1
304,1361,963.63,187.55,52.89,110.46,0.8278,-1,-1,-1
305,1345,712.31,318.62,66.86,124.59,0.8414,-1,-1,-1
305,1346,675.77,876.07,174.64,176.90,0.8887,-1,-1,-1
305,1348,1032.76,107.83,41.70,74.24,0.7968,-1,-1,-1
305,1349,661.74,56.75,42.70,76.73,0.8854,-1,-1,-1
305,1352,795.01,286.99,68.14,111.77,0.8690,-1,-1,-1
305,1354,1060.19,130.51,50.67,93.88,0.8927,-1,-1,-1
305,1359,1256.09,22.50,36.72,66.20,0.7678,-1,-1,-1
305,1360,852.86,336.81,74.12,110.71,0.8866,-1,-1,-1
305,1364,1539.65,46.38,34.25,36.80,0.5509,-1,-1,-1
305,1366,626.24,867.09,193.59,156.75,0.7877,-1,-1,-1
305,1369,595.63,601.56,125.37,181.89,0.9208,-1,-1,-1
305,1363,1220.46,43.55,42.62,66.76,0.7640,-1,-1,-1
305,1403,524.10,554.32,101.55,175.67,0.9294,-1,-1,-1
305,1398,420.99,661.80,164.79,240.22,0.9047,-1,-1,-1
305,1406,814.98,377.64,75.58,159.86,0.7979,-1,-1,-1
305,1374,698.32,501.52,91.39,170.51,0.6687,-1,-1,-1
305,1405,1138.90,90.03,43.52,77.67,0.7992,-1,-1,-1
305,1414,229.82,705.85,211.47,294.19,0.7641,-1,-1,-1
305,1362,1169.36,59.95,42.11,69.84,0.8075,-1,-1,-1
305,1357,740.57,403.11,77.04,133.12,0.8482,-1,-1,-1
305,1383,649.72,357.98,77.03,140.37,0.6667,-1,-1,-1
305,1421,912.20,241.43,70.09,122.57,0.7564,-1,-1,-1
305,1439,651.15,443.45,85.68,156.62,0.7287,-1,-1,-1
305,1435,227.43,671.67,123.17,161.08,0.8848,-1,-1,-1
305,1440,33.28,890.49,134.99,189.49,0.6610,-1,-1,-1
305,1355,992.83,199.97,64.58,125.28,0.7321,-1,-1,-1
305,1361,964.15,187.19,52.51,112.10,0.6098,-1,-1,-1
306,1345,714.52,318.43,67.23,124.80,0.8500,-1,-1,-1
306,1346,665.51,876.08,178.73,177.82,0.9106,-1,-1,-1
306,1348,1032.52,107.16,42.67,76.56,0.7889,-1,-1,-1
306,1349,663.14,57.09,42.09,76.04,0.8766,-1,-1,-1
306,1352,796.04,286.64,67.51,111.18,0.8834,-1,-1,-1
306,1354,1061.39,130.22,50.07,93.15,0.8976,-1,-1,-1
306,1359,1256.45,22.11,36.65,66.16,0.7715,-1,-1,-1
306,1360,855.04,336.67,74.25,111.05,0.8881,-1,-1,-1
306,1364,1539.44,45.99,34.33,37.05,0.5208,-1,-1,-1
306,1366,621.66,868.93,191.30,155.19,0.5684,-1,-1,-1
306,1369,596.51,602.13,125.22,181.90,0.9223,-1,-1,-1
306,1363,1221.14,43.65,42.55,66.68,0.7398,-1,-1,-1
306,1403,526.63,553.67,100.34,175.98,0.9237,-1,-1,-1
306,1398,422.48,660.77,164.32,241.70,0.9039,-1,-1,-1
306,1406,815.48,374.72,76.52,163.19,0.7917,-1,-1,-1
306,1374,698.60,497.64,93.60,173.91,0.8453,-1,-1,-1
306,1405,1139.64,89.42,43.49,77.90,0.8195,-1,-1,-1
306,1414,233.78,703.70,211.51,296.99,0.7347,-1,-1,-1
306,1362,1170.12,60.45,41.67,68.89,0.8042,-1,-1,-1
306,1357,743.15,402.66,77.33,132.55,0.8430,-1,-1,-1
306,1383,654.33,359.76,77.68,141.86,0.5950,-1,-1,-1
306,1421,913.65,243.95,67.90,118.84,0.7017,-1,-1,-1
306,1439,650.65,434.65,88.16,166.64,0.6607,-1,-1,-1
306,1435,231.36,668.45,124.51,161.92,0.8778,-1,-1,-1
306,1440,28.99,880.29,148.24,199.70,0.7387,-1,-1,-1
306,1355,996.45,206.36,60.39,118.74,0.7645,-1,-1,-1
306,1361,964.75,186.60,51.50,111.62,0.7296,-1,-1,-1
306,1433,930.22,240.07,55.69,98.44,0.4737,-1,-1,-1
307,1345,714.99,318.02,67.27,124.85,0.8693,-1,-1,-1
307,1346,668.72,874.56,182.23,181.11,0.9012,-1,-1,-1
307,1348,1032.92,106.79,42.53,76.78,0.7926,-1,-1,-1
307,1349,664.42,56.17,41.27,74.99,0.8754,-1,-1,-1
307,1352,797.48,285.60,67.51,111.51,0.8504,-1,-1,-1
307,1354,1061.60,129.83,49.75,92.87,0.8970,-1,-1,-1
307,1359,1256.84,22.16,36.31,65.82,0.7226,-1,-1,-1
307,1360,856.07,335.70,75.04,111.94,0.8768,-1,-1,-1
307,1364,1539.48,45.99,34.10,36.92,0.5071,-1,-1,-1
307,1366,623.54,870.69,192.19,155.25,0.5462,-1,-1,-1
307,1369,597.41,602.93,124.65,181.19,0.9287,-1,-1,-1
307,1363,1221.79,43.50,42.51,66.80,0.7019,-1,-1,-1
307,1403,530.00,553.44,98.20,174.86,0.9027,-1,-1,-1
307,1398,423.12,658.29,165.20,245.52,0.9158,-1,-1,-1
307,1406,815.82,375.89,74.74,159.57,0.7862,-1,-1,-1
307,1374,698.62,491.49,96.87,179.76,0.8369,-1,-1,-1
307,1405,1139.56,89.29,43.42,77.73,0.8248,-1,-1,-1
307,1414,237.14,702.95,209.34,295.97,0.8475,-1,-1,-1
307,1362,1171.52,60.08,41.48,68.36,0.7571,-1,-1,-1
307,1357,744.27,403.42,77.76,132.34,0.7903,-1,-1,-1
307,1383,658.78,361.66,76.26,138.56,0.6598,-1,-1,-1
307,1421,915.56,245.54,67.00,116.51,0.7309,-1,-1,-1
307,1439,655.19,442.50,82.45,158.93,0.8192,-1,-1,-1
307,1435,238.64,666.24,123.25,158.83,0.8740,-1,-1,-1
307,1440,37.82,909.58,136.52,169.92,0.9041,-1,-1,-1
307,1355,1000.25,211.00,56.31,111.46,0.7821,-1,-1,-1
307,1361,965.60,186.37,50.21,110.08,0.7006,-1,-1,-1
307,1433,933.04,245.65,54.02,90.15,0.1921,-1,-1,-1
307,1400,651.41,370.65,61.64,157.22,0.4667,-1,-1,-1
308,1345,716.13,317.24,66.83,124.29,0.8560,-1,-1,-1
308,1346,673.86,877.04,179.66,178.37,0.9001,-1,-1,-1
308,1348,1034.28,106.52,41.47,75.15,0.7751,-1,-1,-1
308,1349,665.20,56.17,41.44,75.51,0.8690,-1,-1,-1
308,1352,798.78,285.31,67.22,111.61,0.8654,-1,-1,-1
308,1354,1062.57,129.93,49.25,91.85,0.8998,-1,-1,-1
308,1359,1257.57,22.09,36.23,65.79,0.7638,-1,-1,-1
308,1360,856.93,336.53,74.45,110.93,0.8856,-1,-1,-1
308,1364,1539.58,45.50,34.01,37.11,0.4643,-1,-1,-1
308,1366,625.08,873.21,191.23,153.57,0.6859,-1,-1,-1
308,1369,598.44,603.67,124.00,180.35,0.9275,-1,-1,-1
308,1363,1222.78,43.91,41.91,66.25,0.7221,-1,-1,-1
308,1403,533.11,551.94,97.50,176.18,0.8963,-1,-1,-1
308,1398,424.86,655.99,165.28,248.53,0.9163,-1,-1,-1
308,1406,816.26,377.01,73.64,157.00,0.7890,-1,-1,-1
308,1374,699.51,490.10,96.93,179.82,0.8468,-1,-1,-1
308,1405,1140.53,89.78,42.97,76.84,0.8228,-1,-1,-1
308,1414,243.41,712.50,202.57,287.44,0.8739,-1,-1,-1
308,1362,1172.70,58.75,41.98,69.22,0.7732,-1,-1,-1
308,1357,745.62,403.78,77.37,131.25,0.8110,-1,-1,-1
308,1383,663.34,359.77,70.21,125.15,0.6222,-1,-1,-1
308,1421,917.14,245.96,66.25,114.66,0.7897,-1,-1,-1
308,1439,656.88,442.45,80.35,158.77,0.8111,-1,-1,-1
308,1435,241.49,663.17,126.02,162.59,0.8399,-1,-1,-1
308,1440,40.27,921.08,136.33,158.38,0.9122,-1,-1,-1
308,1355,1001.07,210.38,56.07,111.72,0.7297,-1,-1,-1
308,1361,966.67,185.10,50.33,111.59,0.6952,-1,-1,-1
308,1400,657.15,368.90,61.89,150.79,0.5726,-1,-1,-1
309,1345,718.02,315.66,67.14,124.80,0.8655,-1,-1,-1
309,1346,673.84,879.81,177.84,175.44,0.8700,-1,-1,-1
309,1348,1034.98,105.75,41.76,76.16,0.8027,-1,-1,-1
309,1349,665.56,54.52,41.49,76.10,0.8386,-1,-1,-1
309,1352,800.55,284.82,66.33,110.90,0.9025,-1,-1,-1
309,1354,1064.19,130.10,48.69,90.72,0.9010,-1,-1,-1
309,1359,1258.05,22.04,36.00,65.19,0.7686,-1,-1,-1
309,1360,857.48,335.65,75.02,111.73,0.8862,-1,-1,-1
309,1364,1539.14,44.06,34.43,37.81,0.5480,-1,-1,-1
309,1366,627.30,873.92,191.50,152.53,0.7568,-1,-1,-1
309,1369,600.03,603.70,123.97,180.32,0.9296,-1,-1,-1
309,1363,1223.41,43.18,42.12,66.99,0.7281,-1,-1,-1
309,1403,536.44,551.25,95.64,175.69,0.8778,-1,-1,-1
309,1398,428.35,656.79,162.97,247.68,0.9111,-1,-1,-1
309,1406,815.86,375.92,72.65,154.45,0.7870,-1,-1,-1
309,1374,700.12,482.71,100.14,186.17,0.8177,-1,-1,-1
309,1405,1140.91,88.48,43.31,77.40,0.8154,-1,-1,-1
309,1414,247.08,709.85,203.88,291.22,0.8906,-1,-1,-1
309,1362,1173.53,57.90,41.95,69.47,0.7665,-1,-1,-1
309,1357,748.67,404.95,77.08,130.02,0.8260,-1,-1,-1
309,1383,659.01,359.25,77.81,138.71,0.7986,-1,-1,-1
309,1421,919.61,246.33,66.42,113.77,0.8079,-1,-1,-1
309,1439,661.01,446.04,77.87,155.88,0.7341,-1,-1,-1
309,1435,249.37,659.27,124.97,161.16,0.8446,-1,-1,-1
309,1440,40.57,923.04,143.16,156.64,0.9449,-1,-1,-1
309,1355,1003.02,211.91,54.88,110.22,0.7783,-1,-1,-1
309,1361,968.20,184.51,49.67,111.43,0.7293,-1,-1,-1
310,1345,718.44,314.23,67.95,126.50,0.8513,-1,-1,-1
310,1346,669.34,876.81,182.84,179.61,0.8969,-1,-1,-1
310,1348,1035.29,105.66,41.70,76.38,0.8052,-1,-1,-1
310,1349,666.48,53.89,41.03,75.43,0.8081,-1,-1,-1
310,1352,801.41,284.73,65.89,110.72,0.8927,-1,-1,-1
310,1354,1064.81,129.75,48.42,90.17,0.8974,-1,-1,-1
310,1359,1258.43,22.23,35.81,64.73,0.7641,-1,-1,-1
310,1360,858.22,335.33,74.32,110.51,0.8834,-1,-1,-1
310,1364,1539.19,43.44,34.41,37.99,0.5090,-1,-1,-1
310,1366,625.48,873.39,193.59,153.67,0.6317,-1,-1,-1
310,1369,600.74,604.25,123.82,180.11,0.9264,-1,-1,-1
310,1363,1223.90,43.15,41.96,67.05,0.7245,-1,-1,-1
310,1403,539.21,550.88,94.30,175.71,0.8879,-1,-1,-1
310,1398,430.09,657.21,161.29,247.65,0.8789,-1,-1,-1
310,1406,815.63,372.07,73.76,157.45,0.8090,-1,-1,-1
310,1374,700.53,476.42,102.62,191.66,0.8341,-1,-1,-1
310,1405,1141.21,88.22,43.40,77.39,0.8286,-1,-1,-1
310,1414,251.81,711.76,201.33,289.08,0.8496,-1,-1,-1
310,1362,1174.81,57.97,41.58,69.00,0.7668,-1,-1,-1
310,1357,750.50,404.92,76.97,129.72,0.8350,-1,-1,-1
310,1383,660.44,358.79,76.17,134.47,0.6899,-1,-1,-1
310,1421,919.70,246.13,66.84,114.03,0.7536,-1,-1,-1
310,1439,664.53,451.68,74.61,150.50,0.7535,-1,-1,-1
310,1435,256.40,656.28,124.01,159.61,0.8497,-1,-1,-1
310,1440,39.63,922.99,150.74,156.80,0.9412,-1,-1,-1
310,1355,1004.29,210.37,54.56,109.86,0.7220,-1,-1,-1
310,1361,970.21,184.14,48.32,108.97,0.6718,-1,-1,-1
311,1345,719.38,313.19,68.27,127.54,0.8428,-1,-1,-1
311,1346,654.77,874.25,189.49,182.55,0.9104,-1,-1,-1
311,1348,1036.75,104.81,41.57,76.61,0.8208,-1,-1,-1
311,1349,669.13,53.58,39.99,73.59,0.7948,-1,-1,-1
311,1352,802.51,284.98,64.92,109.78,0.8646,-1,-1,-1
311,1354,1066.06,129.09,47.93,89.32,0.8888,-1,-1,-1
311,1359,1258.74,21.64,35.92,64.79,0.7980,-1,-1,-1
311,1360,858.58,335.46,73.73,109.20,0.8802,-1,-1,-1
311,1364,1539.71,43.20,34.40,38.04,0.5077,-1,-1,-1
311,1366,612.40,872.60,193.38,156.14,0.2059,-1,-1,-1
311,1369,601.00,603.11,124.25,180.69,0.9350,-1,-1,-1
311,1363,1224.50,41.96,42.45,68.27,0.7623,-1,-1,-1
311,1403,543.64,550.17,92.88,174.63,0.8687,-1,-1,-1
311,1398,431.35,656.36,160.61,249.11,0.9110,-1,-1,-1
311,1406,816.06,372.86,72.72,154.49,0.8090,-1,-1,-1
311,1374,702.93,476.32,102.75,192.24,0.8381,-1,-1,-1
311,1405,1141.61,87.60,43.65,77.69,0.8190,-1,-1,-1
311,1414,257.56,718.59,195.41,280.76,0.8840,-1,-1,-1
311,1362,1175.89,57.74,41.22,68.62,0.7919,-1,-1,-1
311,1357,751.60,401.63,78.68,132.48,0.8150,-1,-1,-1
311,1383,657.89,357.05,73.77,131.62,0.5548,-1,-1,-1
311,1421,922.31,243.64,68.82,116.03,0.8012,-1,-1,-1
311,1439,667.46,453.27,72.66,147.64,0.6556,-1,-1,-1
311,1435,262.37,654.10,122.14,156.35,0.8841,-1,-1,-1
311,1440,42.48,921.30,158.01,158.33,0.9248,-1,-1,-1
311,1355,1007.72,213.18,52.66,106.45,0.7620,-1,-1,-1
311,1361,971.03,183.54,48.96,110.51,0.7777,-1,-1,-1
311,1400,679.24,365.12,62.66,145.93,0.7162,-1,-1,-1
312,1345,719.63,312.50,68.34,128.44,0.8372,-1,-1,-1
312,1346,661.24,878.69,185.65,177.52,0.8647,-1,-1,-1
312,1348,1037.72,104.14,41.72,77.40,0.8277,-1,-1,-1
312,1349,669.70,53.50,39.89,73.59,0.8168,-1,-1,-1
312,1352,804.00,284.94,63.45,107.81,0.8651,-1,-1,-1
312,1354,1067.04,128.27,48.10,89.50,0.8994,-1,-1,-1
312,1359,1258.73,20.85,36.25,65.40,0.7889,-1,-1,-1
312,1360,858.81,335.41,73.54,108.49,0.8830,-1,-1,-1
312,1364,1539.87,42.99,34.44,38.19,0.4800,-1,-1,-1
312,1366,620.76,874.06,194.02,155.43,0.6238,-1,-1,-1
312,1369,600.98,603.27,124.07,180.38,0.9350,-1,-1,-1
312,1363,1224.46,40.73,43.08,69.67,0.7159,-1,-1,-1
312,1403,545.59,548.84,91.92,174.96,0.8710,-1,-1,-1
312,1398,433.33,657.21,158.82,248.41,0.9069,-1,-1,-1
312,1406,815.05,371.15,72.57,153.08,0.7883,-1,-1,-1
312,1374,704.29,477.10,102.07,191.31,0.8588,-1,-1,-1
312,1405,1141.93,87.03,44.06,78.08,0.8165,-1,-1,-1
312,1414,264.57,730.30,187.42,268.21,0.9219,-1,-1,-1
312,1362,1176.60,56.74,41.32,69.05,0.7586,-1,-1,-1
312,1357,753.50,401.39,77.89,130.92,0.8259,-1,-1,-1
312,1383,658.33,355.15,72.88,131.04,0.5210,-1,-1,-1
312,1421,922.32,242.11,69.95,117.31,0.7727,-1,-1,-1
312,1439,668.61,438.42,75.93,156.47,0.5046,-1,-1,-1
312,1435,265.91,651.97,122.06,155.76,0.8734,-1,-1,-1
312,1440,42.44,919.17,164.97,160.25,0.9313,-1,-1,-1
312,1355,1007.68,210.72,52.99,107.55,0.7458,-1,-1,-1
312,1361,971.52,183.25,49.60,112.07,0.6805,-1,-1,-1
312,1400,683.69,362.87,63.01,142.43,0.7412,-1,-1,-1
313,1345,720.08,312.14,68.22,129.23,0.7877,-1,-1,-1
313,1346,678.21,894.04,171.52,163.01,0.8505,-1,-1,-1
313,1348,1038.50,103.19,41.31,77.08,0.8306,-1,-1,-1
313,1349,670.67,52.38,40.36,75.03,0.7934,-1,-1,-1
313,1352,806.55,284.96,62.11,105.86,0.8553,-1,-1,-1
313,1354,1067.17,127.26,48.83,90.58,0.8888,-1,-1,-1
313,1359,1258.51,19.86,36.44,66.03,0.7636,-1,-1,-1
313,1360,860.37,335.09,73.29,107.94,0.8709,-1,-1,-1
313,1364,1539.52,42.22,35.10,39.10,0.4698,-1,-1,-1
313,1366,619.47,875.31,192.04,153.80,0.8681,-1,-1,-1
313,1369,601.73,603.94,123.23,179.00,0.9355,-1,-1,-1
313,1363,1224.96,40.02,42.83,69.80,0.6263,-1,-1,-1
313,1403,547.58,548.01,90.71,174.46,0.8608,-1,-1,-1
313,1398,435.41,659.36,156.43,246.20,0.9064,-1,-1,-1
313,1406,813.37,368.14,74.05,154.76,0.8285,-1,-1,-1
313,1374,705.24,476.24,102.22,191.82,0.8145,-1,-1,-1
313,1405,1143.04,86.76,44.32,78.37,0.8261,-1,-1,-1
313,1414,266.55,725.32,191.30,273.91,0.9106,-1,-1,-1
313,1362,1177.51,55.34,41.58,69.43,0.7451,-1,-1,-1
313,1357,754.29,398.75,78.63,132.07,0.8021,-1,-1,-1
313,1421,924.51,240.85,70.93,118.22,0.8332,-1,-1,-1
313,1439,677.18,437.62,79.01,160.41,0.5034,-1,-1,-1
313,1435,271.93,650.68,122.21,155.10,0.8221,-1,-1,-1
313,1440,40.06,916.39,172.59,163.18,0.9494,-1,-1,-1
313,1355,1008.57,210.94,52.27,106.17,0.7281,-1,-1,-1
313,1361,972.50,183.16,49.20,110.89,0.7009,-1,-1,-1
313,1400,680.07,355.85,66.88,144.00,0.7395,-1,-1,-1
314,1345,721.83,312.35,66.93,127.74,0.8119,-1,-1,-1
314,1346,680.74,893.30,174.12,165.77,0.8786,-1,-1,-1
314,1348,1039.72,103.58,40.40,74.94,0.8375,-1,-1,-1
314,1349,671.33,51.97,40.47,75.80,0.7948,-1,-1,-1
314,1352,808.06,284.37,61.93,105.86,0.8741,-1,-1,-1
314,1354,1067.11,125.55,49.94,92.38,0.8745,-1,-1,-1
314,1359,1259.29,20.56,35.89,64.98,0.7701,-1,-1,-1
314,1360,861.67,333.74,73.17,107.99,0.8685,-1,-1,-1
314,1364,1539.53,41.90,35.17,39.33,0.4579,-1,-1,-1
314,1366,621.05,876.74,192.35,153.39,0.8063,-1,-1,-1
314,1369,602.23,604.24,122.95,178.59,0.9387,-1,-1,-1
314,1363,1225.69,40.46,42.08,69.13,0.5981,-1,-1,-1
314,1403,550.44,547.54,89.83,174.17,0.8653,-1,-1,-1
314,1398,436.17,661.42,154.42,244.25,0.9147,-1,-1,-1
314,1406,814.41,368.29,73.96,153.35,0.7996,-1,-1,-1
314,1374,708.04,480.23,100.08,187.58,0.8297,-1,-1,-1
314,1405,1143.56,86.51,44.23,78.15,0.8334,-1,-1,-1
314,1414,272.55,736.07,185.32,263.55,0.9098,-1,-1,-1
314,1362,1178.44,54.74,41.62,69.38,0.7602,-1,-1,-1
314,1357,754.59,398.02,78.39,131.59,0.8139,-1,-1,-1
314,1421,925.41,241.23,71.80,118.75,0.8232,-1,-1,-1
314,1439,671.70,433.72,79.37,164.03,0.4940,-1,-1,-1
314,1435,276.09,649.95,122.21,154.09,0.8295,-1,-1,-1
314,1440,41.32,914.61,178.12,165.17,0.9473,-1,-1,-1
314,1355,1008.43,203.65,54.98,113.17,0.5713,-1,-1,-1
314,1361,973.34,183.96,47.82,107.66,0.7284,-1,-1,-1
314,1400,678.51,353.47,71.39,147.53,0.7322,-1,-1,-1
314,1446,279.28,710.63,129.43,199.75,0.4669,-1,-1,-1
315,1345,724.03,310.60,66.88,128.45,0.8130,-1,-1,-1
315,1346,676.77,887.77,181.14,173.07,0.8693,-1,-1,-1
315,1348,1040.61,102.51,41.54,78.00,0.8405,-1,-1,-1
315,1349,672.33,50.62,40.42,75.92,0.8337,-1,-1,-1
315,1352,810.88,283.26,62.53,107.21,0.8699,-1,-1,-1
315,1354,1068.98,124.66,49.95,92.59,0.8769,-1,-1,-1
315,1359,1260.43,21.02,35.34,63.90,0.8152,-1,-1,-1
315,1360,862.71,331.54,75.77,112.08,0.8633,-1,-1,-1
315,1364,1539.71,41.35,35.37,39.67,0.4532,-1,-1,-1
315,1366,625.51,877.33,198.02,156.18,0.5827,-1,-1,-1
315,1369,602.67,602.58,123.46,179.34,0.9142,-1,-1,-1
315,1363,1226.12,39.52,42.03,69.49,0.6209,-1,-1,-1
315,1403,553.20,545.85,89.01,174.74,0.8866,-1,-1,-1
315,1398,438.64,663.53,152.02,241.27,0.9062,-1,-1,-1
315,1406,815.74,372.52,72.05,147.00,0.8196,-1,-1,-1
315,1374,708.37,479.55,99.75,187.08,0.8215,-1,-1,-1
315,1405,1144.60,86.61,43.73,76.69,0.8310,-1,-1,-1
315,1414,275.07,733.96,186.97,265.74,0.9283,-1,-1,-1
315,1362,1179.63,54.22,41.56,69.49,0.7459,-1,-1,-1
315,1357,753.34,396.31,79.60,133.61,0.7771,-1,-1,-1
315,1421,927.99,241.86,72.50,118.93,0.8814,-1,-1,-1
315,1439,676.66,417.35,87.87,180.32,0.6176,-1,-1,-1
315,1435,281.01,645.57,124.68,156.84,0.8607,-1,-1,-1
315,1440,42.18,912.52,183.34,167.41,0.9355,-1,-1,-1
315,1355,1003.64,194.93,57.96,119.28,0.6621,-1,-1,-1
315,1361,973.01,184.34,48.06,107.50,0.7051,-1,-1,-1
315,1400,678.35,351.26,72.70,144.28,0.7114,-1,-1,-1
315,1446,281.23,699.34,135.15,208.78,0.6137,-1,-1,-1
316,1345,722.95,309.72,66.26,128.45,0.8608,-1,-1,-1
316,1346,677.53,889.75,176.95,168.92,0.8681,-1,-1,-1
316,1348,1039.90,102.41,40.11,75.35,0.8229,-1,-1,-1
316,1349,672.00,49.62,39.30,73.85,0.8079,-1,-1,-1
316,1352,810.41,282.17,62.97,108.82,0.8747,-1,-1,-1
316,1354,1065.77,124.15,49.84,92.38,0.8940,-1,-1,-1
316,1359,1257.71,20.03,35.44,64.25,0.7717,-1,-1,-1
316,1360,861.62,331.16,73.92,109.57,0.8582,-1,-1,-1
316,1364,1537.07,42.14,33.47,37.26,0.5440,-1,-1,-1
316,1366,618.51,876.89,194.77,153.64,0.6154,-1,-1,-1
316,1369,601.87,598.85,124.18,180.37,0.9281,-1,-1,-1
316,1363,1225.72,40.61,40.69,67.55,0.7104,-1,-1,-1
316,1403,554.47,544.04,88.42,175.36,0.8546,-1,-1,-1
316,1398,440.76,664.49,148.76,236.28,0.8998,-1,-1,-1
316,1406,812.84,367.87,73.89,148.48,0.8421,-1,-1,-1
316,1374,710.25,485.64,96.41,179.79,0.8582,-1,-1,-1
316,1405,1143.17,85.78,43.04,75.06,0.7958,-1,-1,-1
316,1414,273.67,718.51,194.54,278.02,0.8955,-1,-1,-1
316,1362,1177.33,54.54,41.38,69.33,0.8019,-1,-1,-1
316,1357,754.21,396.44,79.82,133.28,0.7769,-1,-1,-1
316,1421,925.40,239.94,72.99,119.72,0.7655,-1,-1,-1
316,1439,673.67,430.34,79.80,164.92,0.6241,-1,-1,-1
316,1435,285.44,640.19,124.90,156.77,0.8972,-1,-1,-1
316,1440,41.81,907.02,189.43,171.58,0.8925,-1,-1,-1
316,1355,1005.62,199.98,54.58,112.55,0.7965,-1,-1,-1
316,1361,971.98,183.61,47.34,105.39,0.7608,-1,-1,-1
316,1400,674.76,349.16,77.46,150.90,0.8811,-1,-1,-1
316,1446,288.91,724.98,117.22,179.70,0.1721,-1,-1,-1